压缩类型,阶段,MAKE,MODEL,合并MODEL,CAB,BED_FT,BACKSIZE,候选YEAR,候选CONST,候选VERSION,合并CAB,合并BED_FT,合并YEAR,合并CONST,合并VERSION,结果,原因
非皮卡,高度压缩两两组合,Acura,CL/CL,CL,/,/,无可用尺码,1997-1999/2001-2003,Coupe/Coupe,/,,,1997-2003,Coupe,,success,
非皮卡,高度压缩两两组合,Acura,Integra/Integra,Integra,/,/,无可用尺码,1986-1993/1990-2001,Hatchback/Sedan,/,,,1986-2001,Hatchback/Sedan,,success,
非皮卡,高度压缩两两组合,Acura,Integra/Integra,Integra,/,/,无可用尺码,1986-2001/1994-2001,Hatchback/Sedan/Coupe,/,,,1986-2001,Coupe/Hatchback/Sedan,,success,
非皮卡,高度压缩两两组合,Acura,Integra/Integra,Integra,/,/,无可用尺码,1986-2001/2023-2026,Coupe/Hatchback/Sedan/Hatchback,/,,,1986-2026,Coupe/Hatchback/Sedan,,success,
非皮卡,高度压缩两两组合,Acura,Integra/Integra,Integra,/,/,无可用尺码,1986-2026/2024-2026,Coupe/Hatchback/Sedan/Hatchback,/Type S,,,1986-2026,Coupe/Hatchback/Sedan,Incl: Type S,success,
非皮卡,高度压缩两两组合,Acura,Legend/Legend,Legend,/,/,无可用尺码,1986-1990/1987-1995,Sedan/Coupe,/,,,1986-1995,Coupe/Sedan,,fallback,Acura Legend 1991 Sedan 原子事实对应多条候选记录
非皮卡,高度压缩两两组合,Acura,MDX/MDX,MDX,/,/,无可用尺码,2001-2020/2022-2024,SUV/SUV,/,,,2001-2024,SUV,,success,
非皮卡,高度压缩两两组合,Acura,MDX/MDX,MDX,/,/,无可用尺码,2001-2024/2025-2026,SUV/SUV,/Type S,,,2001-2026,SUV,Incl: Type S,success,
非皮卡,高度压缩两两组合,Acura,NSX/NSX,NSX,/,/,无可用尺码,1991-2005/2017-2021,Coupe/Coupe,/,,,1991-2021,Coupe,,success,
非皮卡,高度压缩两两组合,Acura,NSX/NSX,NSX,/,/,无可用尺码,1991-2021/2022,Coupe/Coupe,/Type S,,,1991-2022,Coupe,Incl: Type S,success,
非皮卡,高度压缩两两组合,Acura,RDX/RDX,RDX,/,/,无可用尺码,2007-2018/2020-2026,SUV/SUV,/,,,2007-2026,SUV,,success,
非皮卡,高度压缩两两组合,Acura,TL/TL,TL,/,/,无可用尺码,1996-1998/1999-2008,Sedan/Sedan,/Type-S,,,1996-2008,Sedan,Incl: Type-S,success,
非皮卡,高度压缩两两组合,Acura,TL/TL,TL,/,/,无可用尺码,1996-2008/2009-2014,Sedan/Sedan,Incl: Type-S/SH-AWD,,,1996-2014,Sedan,Incl: SH-AWD/Type-S,success,
非皮卡,高度压缩两两组合,Acura,TLX/TLX,TLX,/,/,无可用尺码,2015-2020/2021-2025,Sedan/Sedan,/Type S,,,2015-2025,Sedan,Incl: Type S,success,
非皮卡,高度压缩两两组合,Acura,TSX/TSX,TSX,/,/,无可用尺码,2004-2014/2011-2014,Sedan/Wagon,/,,,2004-2014,Sedan/Wagon,,success,
非皮卡,高度压缩两两组合,Acura,ZDX/ZDX,ZDX,/,/,无可用尺码,2010-2013/2024-2025,SUV/SUV,/,,,2010-2025,SUV,,success,
非皮卡,高度压缩两两组合,Alfa Romeo,4C/4C,4C,/,/,无可用尺码,2015/2016-2020,Coupe/Convertible,/,,,2015-2020,Convertible/Coupe,,success,
非皮卡,高度压缩两两组合,Alfa Romeo,GIULIA/GIULIA,GIULIA,/,/,无可用尺码,2017-2026/2020,Sedan/Sedan,/Quadrifoglio,,,2017-2026,Sedan,Incl: Quadrifoglio,success,
非皮卡,高度压缩两两组合,Audi,A3/S3/RS3/A3/S3/RS3,A3/S3/RS3,/,/,无可用尺码,2017-2020/2022-2026,Sedan/Sedan,/,,,2017-2026,Sedan,,success,
非皮卡,高度压缩两两组合,Audi,A4/A4,A4,/,/,无可用尺码,1996-1999/1999,Sedan/Wagon,/,,,1996-1999,Sedan/Wagon,,success,
非皮卡,高度压缩两两组合,Audi,A4/A4,A4,/,/,无可用尺码,1996-1999/2002-2003,Sedan/Wagon/Sedan,/,,,1996-2003,Sedan/Wagon,,fallback,Audi A4 2002 Wagon 原子事实对应多条候选记录
非皮卡,高度压缩两两组合,Audi,A4/A4,A4,/,/,无可用尺码,1996-1999/2002-2003,Sedan/Wagon/Wagon,/,,,1996-2003,Sedan/Wagon,,fallback,Audi A4 2002 Sedan 原子事实对应多条候选记录
非皮卡,高度压缩两两组合,Audi,A4/A4,A4,/,/,无可用尺码,1996-1999/2003,Sedan/Wagon/Convertible,/,,,1996-2003,Convertible/Sedan/Wagon,,fallback,Audi A4 2002 Sedan 原子事实对应多条候选记录
非皮卡,高度压缩两两组合,Audi,A4/A4,A4,/,/,无可用尺码,1996-1999/2009,Sedan/Wagon/Sedan,/,,,1996-2009,Sedan/Wagon,,fallback,Audi A4 2002 Sedan 原子事实对应多条候选记录
非皮卡,高度压缩两两组合,Audi,A4/A4,A4,/,/,无可用尺码,1996-1999/2009-2012,Sedan/Wagon/Wagon,/,,,1996-2012,Sedan/Wagon,,fallback,Audi A4 2002 Sedan 原子事实对应多条候选记录
非皮卡,高度压缩两两组合,Audi,A4/A4,A4,/,/,无可用尺码,2002-2003/2002-2003,Sedan/Wagon,/,,,2002-2003,Sedan/Wagon,,success,
非皮卡,高度压缩两两组合,Audi,A4/A4,A4,/,/,无可用尺码,1996-1999/2002-2003,Sedan/Wagon/Sedan/Wagon,/,,,1996-2003,Sedan/Wagon,,success,
非皮卡,高度压缩两两组合,Audi,A4/A4,A4,/,/,无可用尺码,1996-2003/2003,Sedan/Wagon/Convertible,/,,,1996-2003,Convertible/Sedan/Wagon,,success,
非皮卡,高度压缩两两组合,Audi,A4/A4,A4,/,/,无可用尺码,1996-2003/2009,Convertible/Sedan/Wagon/Sedan,/,,,1996-2009,Convertible/Sedan/Wagon,,fallback,Audi A4 2009 Wagon 原子事实对应多条候选记录
非皮卡,高度压缩两两组合,Audi,A4/A4,A4,/,/,无可用尺码,1996-2003/2009-2012,Convertible/Sedan/Wagon/Wagon,/,,,1996-2012,Convertible/Sedan/Wagon,,fallback,Audi A4 2009 Sedan 原子事实对应多条候选记录
非皮卡,高度压缩两两组合,Audi,A4/A4,A4,/,/,无可用尺码,2009/2009-2012,Sedan/Wagon,/,,,2009-2012,Sedan/Wagon,,success,
非皮卡,高度压缩两两组合,Audi,A4/A4,A4,/,/,无可用尺码,1996-2003/2009-2012,Convertible/Sedan/Wagon/Sedan/Wagon,/,,,1996-2012,Convertible/Sedan/Wagon,,success,
非皮卡,高度压缩两两组合,Audi,A4/S4/A4/S4,A4/S4,/,/,无可用尺码,2000-2001/2000-2001,Sedan/Wagon,/,,,2000-2001,Sedan/Wagon,,success,
非皮卡,高度压缩两两组合,Audi,A4/S4/A4/S4,A4/S4,/,/,无可用尺码,2000-2001/2004-2006,Sedan/Wagon/Sedan,/,,,2000-2006,Sedan/Wagon,,fallback,Audi A4/S4 2004 Wagon 原子事实对应多条候选记录
非皮卡,高度压缩两两组合,Audi,A4/S4/A4/S4,A4/S4,/,/,无可用尺码,2000-2001/2004-2008,Sedan/Wagon/Wagon,/,,,2000-2008,Sedan/Wagon,,fallback,Audi A4/S4 2004 Sedan 原子事实对应多条候选记录
非皮卡,高度压缩两两组合,Audi,A4/S4/A4/S4,A4/S4,/,/,无可用尺码,2000-2001/2004-2009,Sedan/Wagon/Convertible,/,,,2000-2009,Convertible/Sedan/Wagon,,fallback,Audi A4/S4 2004 Sedan 原子事实对应多条候选记录
非皮卡,高度压缩两两组合,Audi,A4/S4/A4/S4,A4/S4,/,/,无可用尺码,2000-2001/2010-2025,Sedan/Wagon/Sedan,/,,,2000-2025,Sedan/Wagon,,fallback,Audi A4/S4 2004 Sedan 原子事实对应多条候选记录
非皮卡,高度压缩两两组合,Audi,A4/S4/A4/S4,A4/S4,/,/,无可用尺码,2004-2006/2004-2008,Sedan/Wagon,/,,,2004-2008,Sedan/Wagon,,success,
非皮卡,高度压缩两两组合,Audi,A4/S4/A4/S4,A4/S4,/,/,无可用尺码,2000-2001/2004-2008,Sedan/Wagon/Sedan/Wagon,/,,,2000-2008,Sedan/Wagon,,success,
非皮卡,高度压缩两两组合,Audi,A4/S4/A4/S4,A4/S4,/,/,无可用尺码,2000-2008/2004-2009,Sedan/Wagon/Convertible,/,,,2000-2009,Convertible/Sedan/Wagon,,success,
非皮卡,高度压缩两两组合,Audi,A4/S4/A4/S4,A4/S4,/,/,无可用尺码,2000-2009/2010-2025,Convertible/Sedan/Wagon/Sedan,/,,,2000-2025,Convertible/Sedan/Wagon,,success,
非皮卡,高度压缩两两组合,Audi,A4/S4/RS4/A4/S4/RS4,A4/S4/RS4,/,/,无可用尺码,2007-2008/2008,Sedan/Convertible,/,,,2007-2008,Convertible/Sedan,,success,
非皮卡,高度压缩两两组合,Audi,A5/S5/A5/S5,A5/S5,/,/,无可用尺码,2008-2012/2010-2013,Coupe/Convertible,/,,,2008-2013,Convertible/Coupe,,success,
非皮卡,高度压缩两两组合,Audi,A5/S5/A5/S5,A5/S5,/,/,无可用尺码,2008-2013/2019-2024,Convertible/Coupe/Convertible,/,,,2008-2024,Convertible/Coupe,,success,
非皮卡,高度压缩两两组合,Audi,A5/S5/A5/S5,A5/S5,/,/,无可用尺码,2008-2024/2026,Convertible/Coupe/Liftback,/,,,2008-2026,Convertible/Coupe/Liftback,,success,
非皮卡,高度压缩两两组合,Audi,A5/S5/RS5/A5/S5/RS5,A5/S5/RS5,/,/,无可用尺码,2013-2024/2014-2017,Coupe/Convertible,/,,,2013-2024,Convertible/Coupe,,success,
非皮卡,高度压缩两两组合,Audi,A5/S5/RS5/A5/S5/RS5,A5/S5/RS5,/,/,无可用尺码,2013-2024/2018-2025,Convertible/Coupe/Liftback,/,,,2013-2025,Convertible/Coupe/Liftback,,success,
非皮卡,高度压缩两两组合,Audi,A6/A6,A6,/,/,无可用尺码,1998-2000/1998-2000,Sedan/Wagon,/,,,1998-2000,Sedan/Wagon,,success,
非皮卡,高度压缩两两组合,Audi,A6/A6,A6,/,/,无可用尺码,1998-2000/2006-2011,Sedan/Wagon/Wagon,/,,,1998-2011,Sedan/Wagon,,success,
非皮卡,高度压缩两两组合,Audi,A6/RS6,A6/RS6,/,/,无可用尺码,1998-2011/2021-2026,Sedan/Wagon/Wagon,/Avant,,,1998-2026,Sedan/Wagon,Incl: Avant,fallback,Audi A6 2026 Sedan 原子事实对应多条候选记录
非皮卡,高度压缩两两组合,Audi,A6 allroad quattro/A6 allroad quattro,A6 allroad quattro,/,/,无可用尺码,2001-2005/2020-2025,Wagon/Wagon,/,,,2001-2025,Wagon,,success,
非皮卡,高度压缩两两组合,Audi,A6/S6/A6/S6,A6/S6,/,/,无可用尺码,1995-1997/2001-2004,Sedan/Wagon,/,,,1995-2004,Sedan/Wagon,,success,
非皮卡,高度压缩两两组合,Audi,A6/S6/A6/S6,A6/S6,/,/,无可用尺码,1995-2004/2005-2018,Sedan/Wagon/Sedan,/,,,1995-2018,Sedan/Wagon,,success,
非皮卡,高度压缩两两组合,Audi,A8/S8/A8/S8,A8/S8,/,/,4XL,1997-2026/2000-2018,Sedan/Sedan,/LWB,,,1997-2026,Sedan,Incl: LWB,success,
非皮卡,高度压缩两两组合,Audi,Q4 e-tron/Q4 e-tron,Q4 e-tron,/,/,无可用尺码,2022-2026/2022-2026,SUV/SUV,/Sportback,,,2022-2026,SUV,Incl: Sportback,success,
非皮卡,高度压缩两两组合,Audi,Q5/SQ5/Q5/SQ5,Q5/SQ5,/,/,无可用尺码,2014-2026/2021-2024,SUV/SUV,/Sportback,,,2014-2026,SUV,Incl: Sportback,fallback,Audi Q5/SQ5 2026 SUV 原子事实对应多条候选记录
非皮卡,高度压缩两两组合,Audi,Q5/SQ5/Q5/SQ5,Q5/SQ5,/,/,无可用尺码,2014-2026/2026,SUV/SUV,/Sportback,,,2014-2026,SUV,Incl: Sportback,fallback,Audi Q5/SQ5 2021 SUV 原子事实对应多条候选记录
非皮卡,高度压缩两两组合,Audi,Q5/SQ5/Q5/SQ5,Q5/SQ5,/,/,无可用尺码,2021-2024/2026,SUV/SUV,Sportback/Sportback,,,2021-2026,SUV,Sportback,success,
非皮卡,高度压缩两两组合,Audi,Q5/SQ5/Q5/SQ5,Q5/SQ5,/,/,无可用尺码,2014-2026/2021-2026,SUV/SUV,/Sportback,,,2014-2026,SUV,Incl: Sportback,success,
非皮卡,高度压缩两两组合,Audi,Q6/SQ6 e-tron/Q6/SQ6 e-tron,Q6/SQ6 e-tron,/,/,无可用尺码,2025/2025,SUV/SUV,/Sportback,,,2025,SUV,Incl: Sportback,success,
非皮卡,高度压缩两两组合,Audi,Q7/Q7,Q7,/,/,无可用尺码,2007-2015/2017-2019,SUV/SUV,/,,,2007-2019,SUV,,success,
非皮卡,高度压缩两两组合,Audi,Q8 e-tron/SQ8 e-tron/Q8 e-tron/SQ8 e-tron,Q8 e-tron/SQ8 e-tron,/,/,无可用尺码,2024-2025/2024-2025,SUV/SUV,/Sportback,,,2024-2025,SUV,Incl: Sportback,success,
非皮卡,高度压缩两两组合,Audi,R8/R8 GT/R8/R8 GT,R8/R8 GT,/,/,无可用尺码,2008-2015/2011-2015,Coupe/Convertible,/Spyder,,,2008-2015,Convertible/Coupe,Incl: Spyder,success,
非皮卡,高度压缩两两组合,Audi,R8/R8 GT/R8/R8 GT,R8/R8 GT,/,/,无可用尺码,2008-2015/2017-2023,Convertible/Coupe/Convertible,Incl: Spyder/Spyder,,,2008-2023,Convertible/Coupe,Incl: Spyder,fallback,Audi R8/R8 GT 2017 Coupe 原子事实对应多条候选记录
非皮卡,高度压缩两两组合,Audi,R8/R8 GT/R8/R8 GT,R8/R8 GT,/,/,无可用尺码,2008-2015/2017-2023,Convertible/Coupe/Coupe,Incl: Spyder/,,,2008-2023,Convertible/Coupe,Incl: Spyder,fallback,Audi R8/R8 GT 2017 Convertible 原子事实对应多条候选记录
非皮卡,高度压缩两两组合,Audi,R8/R8 GT/R8/R8 GT,R8/R8 GT,/,/,无可用尺码,2017-2023/2017-2023,Convertible/Coupe,Spyder/,,,2017-2023,Convertible/Coupe,Incl: Spyder,success,
非皮卡,高度压缩两两组合,Audi,R8/R8 GT/R8/R8 GT,R8/R8 GT,/,/,无可用尺码,2008-2015/2017-2023,Convertible/Coupe/Convertible/Coupe,Incl: Spyder/Incl: Spyder,,,2008-2023,Convertible/Coupe,Incl: Spyder,success,
非皮卡,高度压缩两两组合,Audi,TT/TTS/TT RS/TT/TTS/TT RS,TT/TTS/TT RS,/,/,无可用尺码,2000-2006/2001-2006,Coupe/Convertible,/,,,2000-2006,Convertible/Coupe,,success,
非皮卡,高度压缩两两组合,Audi,TT/TTS/TT RS/TT/TTS/TT RS,TT/TTS/TT RS,/,/,无可用尺码,2000-2006/2008-2023,Convertible/Coupe/Convertible,/,,,2000-2023,Convertible/Coupe,,fallback,Audi TT/TTS/TT RS 2008 Coupe 原子事实对应多条候选记录
非皮卡,高度压缩两两组合,Audi,TT/TTS/TT RS/TT/TTS/TT RS,TT/TTS/TT RS,/,/,无可用尺码,2000-2006/2008-2023,Convertible/Coupe/Coupe,/,,,2000-2023,Convertible/Coupe,,fallback,Audi TT/TTS/TT RS 2008 Convertible 原子事实对应多条候选记录
非皮卡,高度压缩两两组合,Audi,TT/TTS/TT RS/TT/TTS/TT RS,TT/TTS/TT RS,/,/,无可用尺码,2008-2023/2008-2023,Convertible/Coupe,/,,,2008-2023,Convertible/Coupe,,success,
非皮卡,高度压缩两两组合,Audi,TT/TTS/TT RS/TT/TTS/TT RS,TT/TTS/TT RS,/,/,无可用尺码,2000-2006/2008-2023,Convertible/Coupe/Convertible/Coupe,/,,,2000-2023,Convertible/Coupe,,success,
非皮卡,高度压缩两两组合,Audi,e-tron/S e-tron/e-tron/S e-tron,e-tron/S e-tron,/,/,无可用尺码,2019-2023/2020-2023,SUV/SUV,SUV/Sportback,,,2019-2023,SUV,Sportback/SUV,success,
非皮卡,高度压缩两两组合,BMW,1 Series/1 Series,1 Series,/,/,无可用尺码,2008-2013/2008-2013,Convertible/Coupe,/,,,2008-2013,Convertible/Coupe,,success,
非皮卡,高度压缩两两组合,BMW,2 Series/2 Series,2 Series,/,/,无可用尺码,2014-2020/2015-2021,Coupe/Convertible,/,,,2014-2021,Convertible/Coupe,,success,
非皮卡,高度压缩两两组合,BMW,2 Series/2 Series,2 Series,/,/,无可用尺码,2014-2021/2020-2026,Convertible/Coupe/Sedan,/Gran Coupe,,,2014-2026,Convertible/Coupe/Sedan,Incl: Gran Coupe,success,
非皮卡,高度压缩两两组合,BMW,2 Series/2 Series,2 Series,/,/,无可用尺码,2014-2026/2022-2026,Convertible/Coupe/Sedan/Coupe,Incl: Gran Coupe/M2,,,2014-2026,Convertible/Coupe/Sedan,Incl: Gran Coupe/M2,success,
非皮卡,高度压缩两两组合,BMW,3 Series/3 Series,3 Series,/,/,无可用尺码,1977-1983/1984-2026,Coupe/Sedan,/,,,1977-2026,Coupe/Sedan,,fallback,BMW 3 Series 1992 Coupe 原子事实对应多条候选记录
非皮卡,高度压缩两两组合,BMW,3 Series/3 Series,3 Series,/,/,无可用尺码,1977-1983/1987-1991,Coupe/Convertible,/,,,1977-1991,Convertible/Coupe,,success,
非皮卡,高度压缩两两组合,BMW,3 Series/3 Series,3 Series,/,/,无可用尺码,1977-1991/1984-2026,Convertible/Coupe/Sedan,/,,,1977-2026,Convertible/Coupe/Sedan,,fallback,BMW 3 Series 1992 Coupe 原子事实对应多条候选记录
非皮卡,高度压缩两两组合,BMW,3 Series/3 Series,3 Series,/,/,无可用尺码,1977-1991/1992-2013,Convertible/Coupe/Coupe,/,,,1977-2013,Convertible/Coupe,,fallback,BMW 3 Series 1994 Convertible 原子事实对应多条候选记录
非皮卡,高度压缩两两组合,BMW,3 Series/3 Series,3 Series,/,/,无可用尺码,1977-1991/1994-2013,Convertible/Coupe/Convertible,/,,,1977-2013,Convertible/Coupe,,fallback,BMW 3 Series 1992 Coupe 原子事实对应多条候选记录
非皮卡,高度压缩两两组合,BMW,3 Series/3 Series,3 Series,/,/,无可用尺码,1977-1991/2000-2005,Convertible/Coupe/Wagon,/,,,1977-2005,Convertible/Coupe/Wagon,,fallback,BMW 3 Series 1992 Coupe 原子事实对应多条候选记录
非皮卡,高度压缩两两组合,BMW,3 Series/3 Series,3 Series,/,/,无可用尺码,1977-1991/2007-2012,Convertible/Coupe/Wagon,/,,,1977-2012,Convertible/Coupe/Wagon,,fallback,BMW 3 Series 1992 Coupe 原子事实对应多条候选记录
非皮卡,高度压缩两两组合,BMW,3 Series/3 Series,3 Series,/,/,无可用尺码,1977-1991/2014-2019,Convertible/Coupe/Hatchback,/GT,,,1977-2019,Convertible/Coupe/Hatchback,Incl: GT,fallback,BMW 3 Series 1992 Coupe 原子事实对应多条候选记录
非皮卡,高度压缩两两组合,BMW,3 Series/3 Series,3 Series,/,/,无可用尺码,1977-1991/2014-2019,Convertible/Coupe/Wagon,/,,,1977-2019,Convertible/Coupe/Wagon,,fallback,BMW 3 Series 1992 Coupe 原子事实对应多条候选记录
非皮卡,高度压缩两两组合,BMW,3 Series/3 Series,3 Series,/,/,无可用尺码,1984-2026/1992-2013,Sedan/Coupe,/,,,1984-2026,Coupe/Sedan,,success,
非皮卡,高度压缩两两组合,BMW,3 Series/3 Series,3 Series,/,/,无可用尺码,1977-1991/1984-2026,Convertible/Coupe/Coupe/Sedan,/,,,1977-2026,Convertible/Coupe/Sedan,,fallback,BMW 3 Series 1994 Convertible 原子事实对应多条候选记录
非皮卡,高度压缩两两组合,BMW,3 Series/3 Series,3 Series,/,/,无可用尺码,1977-1991/1994-2013,Convertible/Coupe/Convertible,/,,,1977-2013,Convertible/Coupe,,fallback,BMW 3 Series 1992 Coupe 原子事实对应多条候选记录
非皮卡,高度压缩两两组合,BMW,3 Series/3 Series,3 Series,/,/,无可用尺码,1977-1991/2000-2005,Convertible/Coupe/Wagon,/,,,1977-2005,Convertible/Coupe/Wagon,,fallback,BMW 3 Series 1992 Coupe 原子事实对应多条候选记录
非皮卡,高度压缩两两组合,BMW,3 Series/3 Series,3 Series,/,/,无可用尺码,1977-1991/2007-2012,Convertible/Coupe/Wagon,/,,,1977-2012,Convertible/Coupe/Wagon,,fallback,BMW 3 Series 1992 Coupe 原子事实对应多条候选记录
非皮卡,高度压缩两两组合,BMW,3 Series/3 Series,3 Series,/,/,无可用尺码,1977-1991/2014-2019,Convertible/Coupe/Hatchback,/GT,,,1977-2019,Convertible/Coupe/Hatchback,Incl: GT,fallback,BMW 3 Series 1992 Coupe 原子事实对应多条候选记录
非皮卡,高度压缩两两组合,BMW,3 Series/3 Series,3 Series,/,/,无可用尺码,1977-1991/2014-2019,Convertible/Coupe/Wagon,/,,,1977-2019,Convertible/Coupe/Wagon,,fallback,BMW 3 Series 1992 Coupe 原子事实对应多条候选记录
非皮卡,高度压缩两两组合,BMW,3 Series/3 Series,3 Series,/,/,无可用尺码,1984-2026/1994-2013,Coupe/Sedan/Convertible,/,,,1984-2026,Convertible/Coupe/Sedan,,fallback,BMW 3 Series 1987 Convertible 原子事实对应多条候选记录
非皮卡,高度压缩两两组合,BMW,3 Series/3 Series,3 Series,/,/,无可用尺码,1984-2026/2000-2005,Coupe/Sedan/Wagon,/,,,1984-2026,Coupe/Sedan/Wagon,,fallback,BMW 3 Series 2007 Wagon 原子事实对应多条候选记录
非皮卡,高度压缩两两组合,BMW,3 Series/3 Series,3 Series,/,/,无可用尺码,1984-2026/2007-2012,Coupe/Sedan/Wagon,/,,,1984-2026,Coupe/Sedan/Wagon,,fallback,BMW 3 Series 2000 Wagon 原子事实对应多条候选记录
非皮卡,高度压缩两两组合,BMW,3 Series/3 Series,3 Series,/,/,无可用尺码,1984-2026/2014-2019,Coupe/Sedan/Hatchback,/GT,,,1984-2026,Coupe/Hatchback/Sedan,Incl: GT,success,
非皮卡,高度压缩两两组合,BMW,3 Series/3 Series,3 Series,/,/,无可用尺码,1977-1991/1984-2026,Convertible/Coupe/Coupe/Hatchback/Sedan,/Incl: GT,,,1977-2026,Convertible/Coupe/Hatchback/Sedan,Incl: GT,fallback,BMW 3 Series 1994 Convertible 原子事实对应多条候选记录
非皮卡,高度压缩两两组合,BMW,3 Series/3 Series,3 Series,/,/,无可用尺码,1977-1991/1994-2013,Convertible/Coupe/Convertible,/,,,1977-2013,Convertible/Coupe,,fallback,BMW 3 Series 1992 Coupe 原子事实对应多条候选记录
非皮卡,高度压缩两两组合,BMW,3 Series/3 Series,3 Series,/,/,无可用尺码,1977-1991/2000-2005,Convertible/Coupe/Wagon,/,,,1977-2005,Convertible/Coupe/Wagon,,fallback,BMW 3 Series 1992 Coupe 原子事实对应多条候选记录
非皮卡,高度压缩两两组合,BMW,3 Series/3 Series,3 Series,/,/,无可用尺码,1977-1991/2007-2012,Convertible/Coupe/Wagon,/,,,1977-2012,Convertible/Coupe/Wagon,,fallback,BMW 3 Series 1992 Coupe 原子事实对应多条候选记录
非皮卡,高度压缩两两组合,BMW,3 Series/3 Series,3 Series,/,/,无可用尺码,1977-1991/2014-2019,Convertible/Coupe/Wagon,/,,,1977-2019,Convertible/Coupe/Wagon,,fallback,BMW 3 Series 1992 Coupe 原子事实对应多条候选记录
非皮卡,高度压缩两两组合,BMW,3 Series/3 Series,3 Series,/,/,无可用尺码,1984-2026/1994-2013,Coupe/Hatchback/Sedan/Convertible,Incl: GT/,,,1984-2026,Convertible/Coupe/Hatchback/Sedan,Incl: GT,fallback,BMW 3 Series 1987 Convertible 原子事实对应多条候选记录
非皮卡,高度压缩两两组合,BMW,3 Series/3 Series,3 Series,/,/,无可用尺码,1984-2026/2000-2005,Coupe/Hatchback/Sedan/Wagon,Incl: GT/,,,1984-2026,Coupe/Hatchback/Sedan/Wagon,Incl: GT,fallback,BMW 3 Series 2007 Wagon 原子事实对应多条候选记录
非皮卡,高度压缩两两组合,BMW,3 Series/3 Series,3 Series,/,/,无可用尺码,1984-2026/2007-2012,Coupe/Hatchback/Sedan/Wagon,Incl: GT/,,,1984-2026,Coupe/Hatchback/Sedan/Wagon,Incl: GT,fallback,BMW 3 Series 2000 Wagon 原子事实对应多条候选记录
非皮卡,高度压缩两两组合,BMW,3 Series/3 Series,3 Series,/,/,无可用尺码,1984-2026/2014-2019,Coupe/Hatchback/Sedan/Wagon,Incl: GT/,,,1984-2026,Coupe/Hatchback/Sedan/Wagon,Incl: GT,fallback,BMW 3 Series 2000 Wagon 原子事实对应多条候选记录
非皮卡,高度压缩两两组合,BMW,3 Series/3 Series,3 Series,/,/,无可用尺码,1994-2013/2000-2005,Convertible/Wagon,/,,,1994-2013,Convertible/Wagon,,fallback,BMW 3 Series 2007 Wagon 原子事实对应多条候选记录
非皮卡,高度压缩两两组合,BMW,3 Series/3 Series,3 Series,/,/,无可用尺码,1994-2013/2007-2012,Convertible/Wagon,/,,,1994-2013,Convertible/Wagon,,fallback,BMW 3 Series 2000 Wagon 原子事实对应多条候选记录
非皮卡,高度压缩两两组合,BMW,3 Series/3 Series,3 Series,/,/,无可用尺码,1994-2013/2014-2019,Convertible/Wagon,/,,,1994-2019,Convertible/Wagon,,fallback,BMW 3 Series 2000 Wagon 原子事实对应多条候选记录
非皮卡,高度压缩两两组合,BMW,3 Series/3 Series,3 Series,/,/,无可用尺码,2000-2005/2007-2012,Wagon/Wagon,/,,,2000-2012,Wagon,,success,
非皮卡,高度压缩两两组合,BMW,3 Series/3 Series,3 Series,/,/,无可用尺码,1977-1991/1984-2026,Convertible/Coupe/Coupe/Hatchback/Sedan,/Incl: GT,,,1977-2026,Convertible/Coupe/Hatchback/Sedan,Incl: GT,fallback,BMW 3 Series 1994 Convertible 原子事实对应多条候选记录
非皮卡,高度压缩两两组合,BMW,3 Series/3 Series,3 Series,/,/,无可用尺码,1977-1991/1994-2013,Convertible/Coupe/Convertible,/,,,1977-2013,Convertible/Coupe,,fallback,BMW 3 Series 1992 Coupe 原子事实对应多条候选记录
非皮卡,高度压缩两两组合,BMW,3 Series/3 Series,3 Series,/,/,无可用尺码,1977-1991/2000-2012,Convertible/Coupe/Wagon,/,,,1977-2012,Convertible/Coupe/Wagon,,fallback,BMW 3 Series 1992 Coupe 原子事实对应多条候选记录
非皮卡,高度压缩两两组合,BMW,3 Series/3 Series,3 Series,/,/,无可用尺码,1977-1991/2014-2019,Convertible/Coupe/Wagon,/,,,1977-2019,Convertible/Coupe/Wagon,,fallback,BMW 3 Series 1992 Coupe 原子事实对应多条候选记录
非皮卡,高度压缩两两组合,BMW,3 Series/3 Series,3 Series,/,/,无可用尺码,1984-2026/1994-2013,Coupe/Hatchback/Sedan/Convertible,Incl: GT/,,,1984-2026,Convertible/Coupe/Hatchback/Sedan,Incl: GT,fallback,BMW 3 Series 1987 Convertible 原子事实对应多条候选记录
非皮卡,高度压缩两两组合,BMW,3 Series/3 Series,3 Series,/,/,无可用尺码,1984-2026/2000-2012,Coupe/Hatchback/Sedan/Wagon,Incl: GT/,,,1984-2026,Coupe/Hatchback/Sedan/Wagon,Incl: GT,fallback,BMW 3 Series 2014 Wagon 原子事实对应多条候选记录
非皮卡,高度压缩两两组合,BMW,3 Series/3 Series,3 Series,/,/,无可用尺码,1984-2026/2014-2019,Coupe/Hatchback/Sedan/Wagon,Incl: GT/,,,1984-2026,Coupe/Hatchback/Sedan/Wagon,Incl: GT,fallback,BMW 3 Series 2000 Wagon 原子事实对应多条候选记录
非皮卡,高度压缩两两组合,BMW,3 Series/3 Series,3 Series,/,/,无可用尺码,1994-2013/2000-2012,Convertible/Wagon,/,,,1994-2013,Convertible/Wagon,,success,
非皮卡,高度压缩两两组合,BMW,3 Series/3 Series,3 Series,/,/,无可用尺码,1977-1991/1984-2026,Convertible/Coupe/Coupe/Hatchback/Sedan,/Incl: GT,,,1977-2026,Convertible/Coupe/Hatchback/Sedan,Incl: GT,fallback,BMW 3 Series 1994 Convertible 原子事实对应多条候选记录
非皮卡,高度压缩两两组合,BMW,3 Series/3 Series,3 Series,/,/,无可用尺码,1977-1991/1994-2013,Convertible/Coupe/Convertible/Wagon,/,,,1977-2013,Convertible/Coupe/Wagon,,fallback,BMW 3 Series 1992 Coupe 原子事实对应多条候选记录
非皮卡,高度压缩两两组合,BMW,3 Series/3 Series,3 Series,/,/,无可用尺码,1977-1991/2014-2019,Convertible/Coupe/Wagon,/,,,1977-2019,Convertible/Coupe/Wagon,,fallback,BMW 3 Series 1992 Coupe 原子事实对应多条候选记录
非皮卡,高度压缩两两组合,BMW,3 Series/3 Series,3 Series,/,/,无可用尺码,1984-2026/1994-2013,Coupe/Hatchback/Sedan/Convertible/Wagon,Incl: GT/,,,1984-2026,Convertible/Coupe/Hatchback/Sedan/Wagon,Incl: GT,fallback,BMW 3 Series 1987 Convertible 原子事实对应多条候选记录
非皮卡,高度压缩两两组合,BMW,3 Series/3 Series,3 Series,/,/,无可用尺码,1984-2026/2014-2019,Coupe/Hatchback/Sedan/Wagon,Incl: GT/,,,1984-2026,Coupe/Hatchback/Sedan/Wagon,Incl: GT,fallback,BMW 3 Series 2000 Wagon 原子事实对应多条候选记录
非皮卡,高度压缩两两组合,BMW,3 Series/3 Series,3 Series,/,/,无可用尺码,1994-2013/2014-2019,Convertible/Wagon/Wagon,/,,,1994-2019,Convertible/Wagon,,success,
非皮卡,高度压缩两两组合,BMW,3 Series/3 Series,3 Series,/,/,无可用尺码,1977-1991/1984-2026,Convertible/Coupe/Coupe/Hatchback/Sedan,/Incl: GT,,,1977-2026,Convertible/Coupe/Hatchback/Sedan,Incl: GT,fallback,BMW 3 Series 1994 Convertible 原子事实对应多条候选记录
非皮卡,高度压缩两两组合,BMW,3 Series/3 Series,3 Series,/,/,无可用尺码,1977-1991/1994-2019,Convertible/Coupe/Convertible/Wagon,/,,,1977-2019,Convertible/Coupe/Wagon,,fallback,BMW 3 Series 1992 Coupe 原子事实对应多条候选记录
非皮卡,高度压缩两两组合,BMW,3 Series/3 Series,3 Series,/,/,无可用尺码,1984-2026/1994-2019,Coupe/Hatchback/Sedan/Convertible/Wagon,Incl: GT/,,,1984-2026,Convertible/Coupe/Hatchback/Sedan/Wagon,Incl: GT,fallback,BMW 3 Series 1987 Convertible 原子事实对应多条候选记录
非皮卡,高度压缩两两组合,BMW,4 Series/4 Series,4 Series,/,/,无可用尺码,2014-2020/2014-2020,Convertible/Coupe,/,,,2014-2020,Convertible/Coupe,,success,
非皮卡,高度压缩两两组合,BMW,4 Series/4 Series,4 Series,/,/,无可用尺码,2014-2020/2015-2020,Convertible/Coupe/Sedan,/Gran Coupe,,,2014-2020,Convertible/Coupe/Sedan,Incl: Gran Coupe,success,
非皮卡,高度压缩两两组合,BMW,4 Series/4 Series,4 Series,/,/,无可用尺码,2014-2020/2021-2026,Convertible/Coupe/Sedan/Convertible,Incl: Gran Coupe/M4,,,2014-2026,Convertible/Coupe/Sedan,Incl: Gran Coupe/M4,fallback,BMW 4 Series 2021 Coupe 原子事实对应多条候选记录
非皮卡,高度压缩两两组合,BMW,4 Series/4 Series,4 Series,/,/,无可用尺码,2014-2020/2021-2026,Convertible/Coupe/Sedan/Coupe,Incl: Gran Coupe/M4,,,2014-2026,Convertible/Coupe/Sedan,Incl: Gran Coupe/M4,fallback,BMW 4 Series 2021 Convertible 原子事实对应多条候选记录
非皮卡,高度压缩两两组合,BMW,4 Series/4 Series,4 Series,/,/,无可用尺码,2014-2020/2022-2026,Convertible/Coupe/Sedan/Sedan,Incl: Gran Coupe/Gran Coupe,,,2014-2026,Convertible/Coupe/Sedan,Incl: Gran Coupe,success,
非皮卡,高度压缩两两组合,BMW,4 Series/4 Series,4 Series,/,/,无可用尺码,2014-2026/2021-2026,Convertible/Coupe/Sedan/Convertible,Incl: Gran Coupe/M4,,,2014-2026,Convertible/Coupe/Sedan,Incl: Gran Coupe/M4,fallback,BMW 4 Series 2021 Coupe 原子事实对应多条候选记录
非皮卡,高度压缩两两组合,BMW,4 Series/4 Series,4 Series,/,/,无可用尺码,2014-2026/2021-2026,Convertible/Coupe/Sedan/Coupe,Incl: Gran Coupe/M4,,,2014-2026,Convertible/Coupe/Sedan,Incl: Gran Coupe/M4,fallback,BMW 4 Series 2021 Convertible 原子事实对应多条候选记录
非皮卡,高度压缩两两组合,BMW,4 Series/4 Series,4 Series,/,/,无可用尺码,2021-2026/2021-2026,Convertible/Coupe,M4/M4,,,2021-2026,Convertible/Coupe,M4,success,
非皮卡,高度压缩两两组合,BMW,4 Series/4 Series,4 Series,/,/,无可用尺码,2014-2026/2021-2026,Convertible/Coupe/Sedan/Convertible/Coupe,Incl: Gran Coupe/M4,,,2014-2026,Convertible/Coupe/Sedan,Incl: Gran Coupe/M4,success,
非皮卡,高度压缩两两组合,BMW,5 Series/5 Series,5 Series,/,/,无可用尺码,1975-1995/1992-1995,Sedan/Wagon,/,,,1975-1995,Sedan/Wagon,,success,
非皮卡,高度压缩两两组合,BMW,5 Series/5 Series,5 Series,/,/,无可用尺码,1975-1995/1997-2016,Sedan/Wagon/Sedan,/,,,1975-2016,Sedan/Wagon,,fallback,BMW 5 Series 1999 Wagon 原子事实对应多条候选记录
非皮卡,高度压缩两两组合,BMW,5 Series/5 Series,5 Series,/,/,无可用尺码,1975-1995/1999-2003,Sedan/Wagon/Wagon,/,,,1975-2003,Sedan/Wagon,,fallback,BMW 5 Series 1997 Sedan 原子事实对应多条候选记录
非皮卡,高度压缩两两组合,BMW,5 Series/5 Series,5 Series,/,/,无可用尺码,1975-1995/2006-2010,Sedan/Wagon/Wagon,/,,,1975-2010,Sedan/Wagon,,fallback,BMW 5 Series 1997 Sedan 原子事实对应多条候选记录
非皮卡,高度压缩两两组合,BMW,5 Series/5 Series,5 Series,/,/,无可用尺码,1997-2016/1999-2003,Sedan/Wagon,/,,,1997-2016,Sedan/Wagon,,fallback,BMW 5 Series 2006 Wagon 原子事实对应多条候选记录
非皮卡,高度压缩两两组合,BMW,5 Series/5 Series,5 Series,/,/,无可用尺码,1997-2016/2006-2010,Sedan/Wagon,/,,,1997-2016,Sedan/Wagon,,fallback,BMW 5 Series 1999 Wagon 原子事实对应多条候选记录
非皮卡,高度压缩两两组合,BMW,5 Series/5 Series,5 Series,/,/,无可用尺码,1999-2003/2006-2010,Wagon/Wagon,/,,,1999-2010,Wagon,,success,
非皮卡,高度压缩两两组合,BMW,5 Series/5 Series,5 Series,/,/,无可用尺码,1975-1995/1997-2016,Sedan/Wagon/Sedan,/,,,1975-2016,Sedan/Wagon,,fallback,BMW 5 Series 1999 Wagon 原子事实对应多条候选记录
非皮卡,高度压缩两两组合,BMW,5 Series/5 Series,5 Series,/,/,无可用尺码,1975-1995/1999-2010,Sedan/Wagon/Wagon,/,,,1975-2010,Sedan/Wagon,,fallback,BMW 5 Series 1997 Sedan 原子事实对应多条候选记录
非皮卡,高度压缩两两组合,BMW,5 Series/5 Series,5 Series,/,/,无可用尺码,1997-2016/1999-2010,Sedan/Wagon,/,,,1997-2016,Sedan/Wagon,,success,
非皮卡,高度压缩两两组合,BMW,5 Series/5 Series,5 Series,/,/,无可用尺码,1975-1995/1997-2016,Sedan/Wagon/Sedan/Wagon,/,,,1975-2016,Sedan/Wagon,,success,
非皮卡,高度压缩两两组合,BMW,5 Series/5 Series,5 Series,/,/,4XL,2010-2016/2017-2026,Sedan/Sedan,GT/,,,2010-2026,Sedan,Incl: GT,fallback,BMW 5 Series 2010 Sedan 原子事实对应多条候选记录
非皮卡,高度压缩两两组合,BMW,5 Series/5 Series,5 Series,/,/,4XL,2010-2016/2026,Sedan/Sedan,GT/M5,,,2010-2026,Sedan,GT/M5,success,
非皮卡,高度压缩两两组合,BMW,5 Series/5 Series,5 Series,/,/,4XL,2010-2026/2017-2026,Sedan/Sedan,GT/M5/,,,2010-2026,Sedan,Incl: GT/M5,fallback,BMW 5 Series 2010 Sedan 原子事实对应多条候选记录
非皮卡,高度压缩两两组合,BMW,6 Series/6 Series,6 Series,/,/,无可用尺码,1977-1989/2004-2010,Coupe/Convertible,/,,,1977-2010,Convertible/Coupe,,fallback,BMW 6 Series 2004 Coupe 原子事实对应多条候选记录
非皮卡,高度压缩两两组合,BMW,6 Series/6 Series,6 Series,/,/,无可用尺码,1977-1989/2004-2010,Coupe/Coupe,/,,,1977-2010,Coupe,,success,
非皮卡,高度压缩两两组合,BMW,6 Series/6 Series,6 Series,/,/,无可用尺码,1977-2010/2004-2010,Coupe/Convertible,/,,,1977-2010,Convertible/Coupe,,success,
非皮卡,高度压缩两两组合,BMW,6 Series/6 Series,6 Series,/,/,无可用尺码,1977-2010/2012-2019,Convertible/Coupe/Convertible,/,,,1977-2019,Convertible/Coupe,,fallback,BMW 6 Series 2012 Coupe 原子事实对应多条候选记录
非皮卡,高度压缩两两组合,BMW,6 Series/6 Series,6 Series,/,/,无可用尺码,1977-2010/2012-2019,Convertible/Coupe/Coupe,/,,,1977-2019,Convertible/Coupe,,fallback,BMW 6 Series 2012 Convertible 原子事实对应多条候选记录
非皮卡,高度压缩两两组合,BMW,6 Series/6 Series,6 Series,/,/,无可用尺码,1977-2010/2018-2019,Convertible/Coupe/Hatchback,/,,,1977-2019,Convertible/Coupe/Hatchback,,fallback,BMW 6 Series 2012 Convertible 原子事实对应多条候选记录
非皮卡,高度压缩两两组合,BMW,6 Series/6 Series,6 Series,/,/,无可用尺码,1977-2010/2018-2019,Convertible/Coupe/Hatchback,/GT,,,1977-2019,Convertible/Coupe/Hatchback,Incl: GT,fallback,BMW 6 Series 2012 Convertible 原子事实对应多条候选记录
非皮卡,高度压缩两两组合,BMW,6 Series/6 Series,6 Series,/,/,无可用尺码,2012-2019/2012-2019,Convertible/Coupe,/,,,2012-2019,Convertible/Coupe,,success,
非皮卡,高度压缩两两组合,BMW,6 Series/6 Series,6 Series,/,/,无可用尺码,1977-2010/2012-2019,Convertible/Coupe/Convertible/Coupe,/,,,1977-2019,Convertible/Coupe,,success,
非皮卡,高度压缩两两组合,BMW,6 Series/6 Series,6 Series,/,/,无可用尺码,1977-2019/2018-2019,Convertible/Coupe/Hatchback,/,,,1977-2019,Convertible/Coupe/Hatchback,,success,
非皮卡,高度压缩两两组合,BMW,6 Series/6 Series,6 Series,/,/,无可用尺码,1977-2019/2018-2019,Convertible/Coupe/Hatchback/Hatchback,/GT,,,1977-2019,Convertible/Coupe/Hatchback,Incl: GT,success,
非皮卡,高度压缩两两组合,BMW,8 Series/8 Series,8 Series,/,/,无可用尺码,1991-1997/2019-2026,Coupe/Convertible,/,,,1991-2026,Convertible/Coupe,,fallback,BMW 8 Series 2019 Coupe 原子事实对应多条候选记录
非皮卡,高度压缩两两组合,BMW,8 Series/8 Series,8 Series,/,/,无可用尺码,1991-1997/2019-2026,Coupe/Coupe,/,,,1991-2026,Coupe,,success,
非皮卡,高度压缩两两组合,BMW,8 Series/8 Series,8 Series,/,/,无可用尺码,1991-2026/2019-2026,Coupe/Convertible,/,,,1991-2026,Convertible/Coupe,,success,
非皮卡,高度压缩两两组合,BMW,X1/X1,X1,/,/,无可用尺码,2013-2026/2024-2026,SUV/SUV,/M35i,,,2013-2026,SUV,Incl: M35i,success,
非皮卡,高度压缩两两组合,BMW,X2/X2,X2,/,/,无可用尺码,2018-2026/2024-2026,SUV/Crossover,/M35i,,,2018-2026,Crossover/SUV,Incl: M35i,success,
非皮卡,高度压缩两两组合,BMW,X7/X7,X7,/,/,无可用尺码,2019-2022/2023-2026,SUV/SUV,/M60i,,,2019-2026,SUV,Incl: M60i,success,
非皮卡,高度压缩两两组合,BMW,Z3/Z3,Z3,/,/,无可用尺码,1996-2002/1999-2002,Convertible/Coupe,/,,,1996-2002,Convertible/Coupe,,success,
非皮卡,高度压缩两两组合,BMW,Z4/Z4,Z4,/,/,无可用尺码,2003-2016/2019-2026,Convertible/Convertible,/,,,2003-2026,Convertible,,success,
非皮卡,高度压缩两两组合,BMW,i8/i8,i8,/,/,无可用尺码,2014-2020/2019-2020,Coupe/Convertible,/,,,2014-2020,Convertible/Coupe,,success,
非皮卡,高度压缩两两组合,Buick,Century/Century,Century,/,/,无可用尺码,1954-1956/1958,Wagon/Wagon,/,,,1954-1958,Wagon,,success,
非皮卡,高度压缩两两组合,Buick,Century/Century,Century,/,/,无可用尺码,1954-1958/1973-1996,Wagon/Wagon,/,,,1954-1996,Wagon,,success,
非皮卡,高度压缩两两组合,Buick,Century/Century,Century,/,/,无可用尺码,1954-1996/1998-2005,Wagon/Sedan,/,,,1954-2005,Sedan/Wagon,,success,
非皮卡,高度压缩两两组合,Buick,LeSabre/LeSabre,LeSabre,/,/,4XL,1959-1960/1959-1972,Sedan/Convertible,/,,,1959-1972,Convertible/Sedan,,fallback,Buick LeSabre 1963 Sedan 原子事实对应多条候选记录
非皮卡,高度压缩两两组合,Buick,LeSabre/LeSabre,LeSabre,/,/,4XL,1959-1960/1961,Sedan/Sedan,/2dr,,,1959-1961,Sedan,Incl: 2dr,success,
非皮卡,高度压缩两两组合,Buick,LeSabre/LeSabre,LeSabre,/,/,无可用尺码,1959-1960/1963-1964,Wagon/Wagon,/,,,1959-1964,Wagon,,success,
非皮卡,高度压缩两两组合,Buick,LeSabre/LeSabre,LeSabre,/,/,4XL,1959-1961/1959-1972,Sedan/Convertible,Incl: 2dr/,,,1959-1972,Convertible/Sedan,Incl: 2dr,fallback,Buick LeSabre 1963 Sedan 原子事实对应多条候选记录
非皮卡,高度压缩两两组合,Buick,LeSabre/LeSabre,LeSabre,/,/,4XL,1959-1961/1961,Sedan/Sedan,Incl: 2dr/4dr Hardtop,,,1959-1961,Sedan,Incl: 2dr/4dr Hardtop,success,
非皮卡,高度压缩两两组合,Buick,LeSabre/LeSabre,LeSabre,/,/,4XL,1959-1961/1959-1972,Sedan/Convertible,Incl: 2dr/4dr Hardtop/,,,1959-1972,Convertible/Sedan,Incl: 2dr/4dr Hardtop,fallback,Buick LeSabre 1963 Sedan 原子事实对应多条候选记录
非皮卡,高度压缩两两组合,Buick,LeSabre/LeSabre,LeSabre,/,/,4XL,1959-1961/1962,Sedan/Sedan,Incl: 2dr/4dr Hardtop/4dr,,,1959-1962,Sedan,Incl: 2dr/4dr/4dr Hardtop,success,
非皮卡,高度压缩两两组合,Buick,LeSabre/LeSabre,LeSabre,/,/,4XL,1959-1962/1959-1972,Sedan/Convertible,Incl: 2dr/4dr/4dr Hardtop/,,,1959-1972,Convertible/Sedan,Incl: 2dr/4dr/4dr Hardtop,fallback,Buick LeSabre 1963 Sedan 原子事实对应多条候选记录
非皮卡,高度压缩两两组合,Buick,LeSabre/LeSabre,LeSabre,/,/,4XL,1959-1962/1963-1973,Sedan/Coupe,Incl: 2dr/4dr/4dr Hardtop/,,,1959-1973,Coupe/Sedan,Incl: 2dr/4dr/4dr Hardtop,fallback,Buick LeSabre 1963 Sedan 原子事实对应多条候选记录
非皮卡,高度压缩两两组合,Buick,LeSabre/LeSabre,LeSabre,/,/,4XL,1959-1962/1963-1973,Sedan/Sedan,Incl: 2dr/4dr/4dr Hardtop/,,,1959-1973,Sedan,Incl: 2dr/4dr/4dr Hardtop,success,
非皮卡,高度压缩两两组合,Buick,LeSabre/LeSabre,LeSabre,/,/,无可用尺码,1959-1964/1970-1985,Wagon/Wagon,/,,,1959-1985,Wagon,,success,
非皮卡,高度压缩两两组合,Buick,LeSabre/LeSabre,LeSabre,/,/,4XL,1959-1972/1959-1973,Convertible/Sedan,/Incl: 2dr/4dr/4dr Hardtop,,,1959-1973,Convertible/Sedan,Incl: 2dr/4dr/4dr Hardtop,success,
非皮卡,高度压缩两两组合,Buick,LeSabre/LeSabre,LeSabre,/,/,4XL,1959-1973/1963-1973,Convertible/Sedan/Coupe,Incl: 2dr/4dr/4dr Hardtop/,,,1959-1973,Convertible/Coupe/Sedan,Incl: 2dr/4dr/4dr Hardtop,success,
非皮卡,高度压缩两两组合,Buick,LeSabre/LeSabre,LeSabre,/,/,4XL,1959-1973/1977-1985,Convertible/Coupe/Sedan/Coupe,Incl: 2dr/4dr/4dr Hardtop/,,,1959-1985,Convertible/Coupe/Sedan,Incl: 2dr/4dr/4dr Hardtop,fallback,Buick LeSabre 1974 Coupe 原子事实对应多条候选记录
非皮卡,高度压缩两两组合,Buick,LeSabre/LeSabre,LeSabre,/,/,4XL,1959-1973/1977-1985,Convertible/Coupe/Sedan/Sedan,Incl: 2dr/4dr/4dr Hardtop/,,,1959-1985,Convertible/Coupe/Sedan,Incl: 2dr/4dr/4dr Hardtop,fallback,Buick LeSabre 1974 Coupe 原子事实对应多条候选记录
非皮卡,高度压缩两两组合,Buick,LeSabre/LeSabre,LeSabre,/,/,无可用尺码,1959-1985/1974-1976,Wagon/Coupe,/,,,1959-1985,Coupe/Wagon,,fallback,Buick LeSabre 1963 Coupe 原子事实对应多条候选记录
非皮卡,高度压缩两两组合,Buick,LeSabre/LeSabre,LeSabre,/,/,无可用尺码,1959-1985/1974-1976,Wagon/Sedan,/,,,1959-1985,Sedan/Wagon,,fallback,Buick LeSabre 1959 Sedan 原子事实对应多条候选记录
非皮卡,高度压缩两两组合,Buick,LeSabre/LeSabre,LeSabre,/,/,无可用尺码,1959-1985/1975,Wagon/Convertible,/,,,1959-1985,Convertible/Wagon,,fallback,Buick LeSabre 1959 Convertible 原子事实对应多条候选记录
非皮卡,高度压缩两两组合,Buick,LeSabre/LeSabre,LeSabre,/,/,无可用尺码,1959-1985/1986-1991,Wagon/Coupe,/,,,1959-1991,Coupe/Wagon,,fallback,Buick LeSabre 1963 Coupe 原子事实对应多条候选记录
非皮卡,高度压缩两两组合,Buick,LeSabre/LeSabre,LeSabre,/,/,无可用尺码,1959-1985/1986-2005,Wagon/Sedan,/,,,1959-2005,Sedan/Wagon,,fallback,Buick LeSabre 1959 Sedan 原子事实对应多条候选记录
非皮卡,高度压缩两两组合,Buick,LeSabre/LeSabre,LeSabre,/,/,无可用尺码,1974-1976/1974-1976,Coupe/Sedan,/,,,1974-1976,Coupe/Sedan,,success,
非皮卡,高度压缩两两组合,Buick,LeSabre/LeSabre,LeSabre,/,/,4XL,1959-1973/1977-1985,Convertible/Coupe/Sedan/Coupe,Incl: 2dr/4dr/4dr Hardtop/,,,1959-1985,Convertible/Coupe/Sedan,Incl: 2dr/4dr/4dr Hardtop,fallback,Buick LeSabre 1974 Coupe 原子事实对应多条候选记录
非皮卡,高度压缩两两组合,Buick,LeSabre/LeSabre,LeSabre,/,/,4XL,1959-1973/1977-1985,Convertible/Coupe/Sedan/Sedan,Incl: 2dr/4dr/4dr Hardtop/,,,1959-1985,Convertible/Coupe/Sedan,Incl: 2dr/4dr/4dr Hardtop,fallback,Buick LeSabre 1974 Coupe 原子事实对应多条候选记录
非皮卡,高度压缩两两组合,Buick,LeSabre/LeSabre,LeSabre,/,/,无可用尺码,1959-1985/1974-1976,Wagon/Coupe/Sedan,/,,,1959-1985,Coupe/Sedan/Wagon,,fallback,Buick LeSabre 1959 Sedan 原子事实对应多条候选记录
非皮卡,高度压缩两两组合,Buick,LeSabre/LeSabre,LeSabre,/,/,无可用尺码,1959-1985/1975,Wagon/Convertible,/,,,1959-1985,Convertible/Wagon,,fallback,Buick LeSabre 1959 Convertible 原子事实对应多条候选记录
非皮卡,高度压缩两两组合,Buick,LeSabre/LeSabre,LeSabre,/,/,无可用尺码,1959-1985/1986-1991,Wagon/Coupe,/,,,1959-1991,Coupe/Wagon,,fallback,Buick LeSabre 1963 Coupe 原子事实对应多条候选记录
非皮卡,高度压缩两两组合,Buick,LeSabre/LeSabre,LeSabre,/,/,无可用尺码,1959-1985/1986-2005,Wagon/Sedan,/,,,1959-2005,Sedan/Wagon,,fallback,Buick LeSabre 1959 Sedan 原子事实对应多条候选记录
非皮卡,高度压缩两两组合,Buick,LeSabre/LeSabre,LeSabre,/,/,无可用尺码,1974-1976/1975,Coupe/Sedan/Convertible,/,,,1974-1976,Convertible/Coupe/Sedan,,success,
非皮卡,高度压缩两两组合,Buick,LeSabre/LeSabre,LeSabre,/,/,4XL,1959-1973/1977-1985,Convertible/Coupe/Sedan/Coupe,Incl: 2dr/4dr/4dr Hardtop/,,,1959-1985,Convertible/Coupe/Sedan,Incl: 2dr/4dr/4dr Hardtop,fallback,Buick LeSabre 1974 Coupe 原子事实对应多条候选记录
非皮卡,高度压缩两两组合,Buick,LeSabre/LeSabre,LeSabre,/,/,4XL,1959-1973/1977-1985,Convertible/Coupe/Sedan/Sedan,Incl: 2dr/4dr/4dr Hardtop/,,,1959-1985,Convertible/Coupe/Sedan,Incl: 2dr/4dr/4dr Hardtop,fallback,Buick LeSabre 1974 Coupe 原子事实对应多条候选记录
非皮卡,高度压缩两两组合,Buick,LeSabre/LeSabre,LeSabre,/,/,无可用尺码,1959-1985/1974-1976,Wagon/Convertible/Coupe/Sedan,/,,,1959-1985,Convertible/Coupe/Sedan/Wagon,,fallback,Buick LeSabre 1959 Convertible 原子事实对应多条候选记录
非皮卡,高度压缩两两组合,Buick,LeSabre/LeSabre,LeSabre,/,/,无可用尺码,1959-1985/1986-1991,Wagon/Coupe,/,,,1959-1991,Coupe/Wagon,,fallback,Buick LeSabre 1963 Coupe 原子事实对应多条候选记录
非皮卡,高度压缩两两组合,Buick,LeSabre/LeSabre,LeSabre,/,/,无可用尺码,1959-1985/1986-2005,Wagon/Sedan,/,,,1959-2005,Sedan/Wagon,,fallback,Buick LeSabre 1959 Sedan 原子事实对应多条候选记录
非皮卡,高度压缩两两组合,Buick,LeSabre/LeSabre,LeSabre,/,/,无可用尺码,1974-1976/1986-1991,Convertible/Coupe/Sedan/Coupe,/,,,1974-1991,Convertible/Coupe/Sedan,,fallback,Buick LeSabre 1977 Coupe 原子事实对应多条候选记录
非皮卡,高度压缩两两组合,Buick,LeSabre/LeSabre,LeSabre,/,/,无可用尺码,1974-1976/1986-2005,Convertible/Coupe/Sedan/Sedan,/,,,1974-2005,Convertible/Coupe/Sedan,,fallback,Buick LeSabre 1977 Coupe 原子事实对应多条候选记录
非皮卡,高度压缩两两组合,Buick,LeSabre/LeSabre,LeSabre,/,/,4XL,1977-1985/1977-1985,Coupe/Sedan,/,,,1977-1985,Coupe/Sedan,,success,
非皮卡,高度压缩两两组合,Buick,LeSabre/LeSabre,LeSabre,/,/,4XL,1959-1973/1977-1985,Convertible/Coupe/Sedan/Coupe/Sedan,Incl: 2dr/4dr/4dr Hardtop/,,,1959-1985,Convertible/Coupe/Sedan,Incl: 2dr/4dr/4dr Hardtop,fallback,Buick LeSabre 1974 Coupe 原子事实对应多条候选记录
非皮卡,高度压缩两两组合,Buick,LeSabre/LeSabre,LeSabre,/,/,无可用尺码,1959-1985/1974-1976,Wagon/Convertible/Coupe/Sedan,/,,,1959-1985,Convertible/Coupe/Sedan/Wagon,,fallback,Buick LeSabre 1959 Convertible 原子事实对应多条候选记录
非皮卡,高度压缩两两组合,Buick,LeSabre/LeSabre,LeSabre,/,/,无可用尺码,1959-1985/1986-1991,Wagon/Coupe,/,,,1959-1991,Coupe/Wagon,,fallback,Buick LeSabre 1963 Coupe 原子事实对应多条候选记录
非皮卡,高度压缩两两组合,Buick,LeSabre/LeSabre,LeSabre,/,/,无可用尺码,1959-1985/1986-2005,Wagon/Sedan,/,,,1959-2005,Sedan/Wagon,,fallback,Buick LeSabre 1959 Sedan 原子事实对应多条候选记录
非皮卡,高度压缩两两组合,Buick,LeSabre/LeSabre,LeSabre,/,/,无可用尺码,1974-1976/1986-1991,Convertible/Coupe/Sedan/Coupe,/,,,1974-1991,Convertible/Coupe/Sedan,,fallback,Buick LeSabre 1977 Coupe 原子事实对应多条候选记录
非皮卡,高度压缩两两组合,Buick,LeSabre/LeSabre,LeSabre,/,/,无可用尺码,1974-1976/1986-2005,Convertible/Coupe/Sedan/Sedan,/,,,1974-2005,Convertible/Coupe/Sedan,,fallback,Buick LeSabre 1977 Coupe 原子事实对应多条候选记录
非皮卡,高度压缩两两组合,Buick,LeSabre/LeSabre,LeSabre,/,/,无可用尺码,1986-1991/1986-2005,Coupe/Sedan,/,,,1986-2005,Coupe/Sedan,,success,
非皮卡,高度压缩两两组合,Buick,LeSabre/LeSabre,LeSabre,/,/,4XL,1959-1973/1977-1985,Convertible/Coupe/Sedan/Coupe/Sedan,Incl: 2dr/4dr/4dr Hardtop/,,,1959-1985,Convertible/Coupe/Sedan,Incl: 2dr/4dr/4dr Hardtop,fallback,Buick LeSabre 1974 Coupe 原子事实对应多条候选记录
非皮卡,高度压缩两两组合,Buick,LeSabre/LeSabre,LeSabre,/,/,无可用尺码,1959-1985/1974-1976,Wagon/Convertible/Coupe/Sedan,/,,,1959-1985,Convertible/Coupe/Sedan/Wagon,,fallback,Buick LeSabre 1959 Convertible 原子事实对应多条候选记录
非皮卡,高度压缩两两组合,Buick,LeSabre/LeSabre,LeSabre,/,/,无可用尺码,1959-1985/1986-2005,Wagon/Coupe/Sedan,/,,,1959-2005,Coupe/Sedan/Wagon,,fallback,Buick LeSabre 1959 Sedan 原子事实对应多条候选记录
非皮卡,高度压缩两两组合,Buick,LeSabre/LeSabre,LeSabre,/,/,无可用尺码,1974-1976/1986-2005,Convertible/Coupe/Sedan/Coupe/Sedan,/,,,1974-2005,Convertible/Coupe/Sedan,,fallback,Buick LeSabre 1977 Coupe 原子事实对应多条候选记录
非皮卡,高度压缩两两组合,Buick,Reatta/Reatta,Reatta,/,/,无可用尺码,1988-1991/1990-1991,Coupe/Convertible,/,,,1988-1991,Convertible/Coupe,,success,
非皮卡,高度压缩两两组合,Buick,Regal/Regal,Regal,/,/,无可用尺码,1978-1996/1991-2004,Coupe/Sedan,/,,,1978-2004,Coupe/Sedan,,success,
非皮卡,高度压缩两两组合,Buick,Regal/Regal,Regal,/,/,无可用尺码,1978-2004/2011-2017,Coupe/Sedan/Sedan,/,,,1978-2017,Coupe/Sedan,,success,
非皮卡,高度压缩两两组合,Buick,Regal/Regal,Regal,/,/,无可用尺码,1978-2017/2018-2020,Coupe/Sedan/Liftback,/,,,1978-2020,Coupe/Liftback/Sedan,,success,
非皮卡,高度压缩两两组合,Buick,Regal/Regal,Regal,/,/,无可用尺码,1978-2020/2018-2020,Coupe/Liftback/Sedan/Wagon,/,,,1978-2020,Coupe/Liftback/Sedan/Wagon,,success,
非皮卡,高度压缩两两组合,Buick,Riviera/Riviera,Riviera,/,/,4XL,1963-1973/1975-1985,Coupe/Coupe,/,,,1963-1985,Coupe,,fallback,Buick Riviera 1974 Coupe 原子事实对应多条候选记录
非皮卡,高度压缩两两组合,Buick,Riviera/Riviera,Riviera,/,/,4XL,1963-1973/1996-1999,Coupe/Coupe,/,,,1963-1999,Coupe,,fallback,Buick Riviera 1974 Coupe 原子事实对应多条候选记录
非皮卡,高度压缩两两组合,Buick,Riviera/Riviera,Riviera,/,/,无可用尺码,1974/1986-1993,Coupe/Coupe,/,,,1974-1993,Coupe,,fallback,Buick Riviera 1975 Coupe 原子事实对应多条候选记录
非皮卡,高度压缩两两组合,Buick,Riviera/Riviera,Riviera,/,/,4XL,1975-1985/1996-1999,Coupe/Coupe,/,,,1975-1999,Coupe,,fallback,Buick Riviera 1986 Coupe 原子事实对应多条候选记录
非皮卡,高度压缩两两组合,Buick,Roadmaster/Roadmaster,Roadmaster,/,/,4XL,1936-1942/1936-1942,Coupe/Sedan,/,,,1936-1942,Coupe/Sedan,,success,
非皮卡,高度压缩两两组合,Buick,Roadmaster/Roadmaster,Roadmaster,/,/,4XL,1936-1942/1940-1942,Coupe/Sedan/Convertible,/,,,1936-1942,Convertible/Coupe/Sedan,,success,
非皮卡,高度压缩两两组合,Buick,Roadmaster/Roadmaster,Roadmaster,/,/,4XL,1936-1942/1946-1948,Convertible/Coupe/Sedan/Convertible,/,,,1936-1948,Convertible/Coupe/Sedan,,fallback,Buick Roadmaster 1946 Coupe 原子事实对应多条候选记录
非皮卡,高度压缩两两组合,Buick,Roadmaster/Roadmaster,Roadmaster,/,/,4XL,1936-1942/1946-1958,Convertible/Coupe/Sedan/Coupe,/,,,1936-1958,Convertible/Coupe/Sedan,,fallback,Buick Roadmaster 1946 Convertible 原子事实对应多条候选记录
非皮卡,高度压缩两两组合,Buick,Roadmaster/Roadmaster,Roadmaster,/,/,4XL,1936-1942/1946-1958,Convertible/Coupe/Sedan/Sedan,/,,,1936-1958,Convertible/Coupe/Sedan,,fallback,Buick Roadmaster 1946 Convertible 原子事实对应多条候选记录
非皮卡,高度压缩两两组合,Buick,Roadmaster/Roadmaster,Roadmaster,/,/,4XL,1936-1942/1951-1958,Convertible/Coupe/Sedan/Convertible,/,,,1936-1958,Convertible/Coupe/Sedan,,fallback,Buick Roadmaster 1946 Convertible 原子事实对应多条候选记录
非皮卡,高度压缩两两组合,Buick,Roadmaster/Roadmaster,Roadmaster,/,/,4XL,1936-1942/1992-1996,Convertible/Coupe/Sedan/Sedan,/,,,1936-1996,Convertible/Coupe/Sedan,,fallback,Buick Roadmaster 1946 Convertible 原子事实对应多条候选记录
非皮卡,高度压缩两两组合,Buick,Roadmaster/Roadmaster,Roadmaster,/,/,4XL,1946-1948/1946-1958,Convertible/Coupe,/,,,1946-1958,Convertible/Coupe,,fallback,Buick Roadmaster 1951 Convertible 原子事实对应多条候选记录
非皮卡,高度压缩两两组合,Buick,Roadmaster/Roadmaster,Roadmaster,/,/,4XL,1946-1948/1946-1958,Convertible/Sedan,/,,,1946-1958,Convertible/Sedan,,fallback,Buick Roadmaster 1951 Convertible 原子事实对应多条候选记录
非皮卡,高度压缩两两组合,Buick,Roadmaster/Roadmaster,Roadmaster,/,/,4XL,1946-1948/1951-1958,Convertible/Convertible,/,,,1946-1958,Convertible,,success,
非皮卡,高度压缩两两组合,Buick,Roadmaster/Roadmaster,Roadmaster,/,/,4XL,1936-1942/1946-1958,Convertible/Coupe/Sedan/Convertible,/,,,1936-1958,Convertible/Coupe/Sedan,,fallback,Buick Roadmaster 1946 Coupe 原子事实对应多条候选记录
非皮卡,高度压缩两两组合,Buick,Roadmaster/Roadmaster,Roadmaster,/,/,4XL,1936-1942/1946-1958,Convertible/Coupe/Sedan/Coupe,/,,,1936-1958,Convertible/Coupe/Sedan,,fallback,Buick Roadmaster 1946 Convertible 原子事实对应多条候选记录
非皮卡,高度压缩两两组合,Buick,Roadmaster/Roadmaster,Roadmaster,/,/,4XL,1936-1942/1946-1958,Convertible/Coupe/Sedan/Sedan,/,,,1936-1958,Convertible/Coupe/Sedan,,fallback,Buick Roadmaster 1946 Convertible 原子事实对应多条候选记录
非皮卡,高度压缩两两组合,Buick,Roadmaster/Roadmaster,Roadmaster,/,/,4XL,1936-1942/1992-1996,Convertible/Coupe/Sedan/Sedan,/,,,1936-1996,Convertible/Coupe/Sedan,,fallback,Buick Roadmaster 1946 Convertible 原子事实对应多条候选记录
非皮卡,高度压缩两两组合,Buick,Roadmaster/Roadmaster,Roadmaster,/,/,4XL,1946-1958/1946-1958,Convertible/Coupe,/,,,1946-1958,Convertible/Coupe,,success,
非皮卡,高度压缩两两组合,Buick,Roadmaster/Roadmaster,Roadmaster,/,/,4XL,1936-1942/1946-1958,Convertible/Coupe/Sedan/Convertible/Coupe,/,,,1936-1958,Convertible/Coupe/Sedan,,fallback,Buick Roadmaster 1946 Sedan 原子事实对应多条候选记录
非皮卡,高度压缩两两组合,Buick,Roadmaster/Roadmaster,Roadmaster,/,/,4XL,1936-1942/1946-1958,Convertible/Coupe/Sedan/Sedan,/,,,1936-1958,Convertible/Coupe/Sedan,,fallback,Buick Roadmaster 1946 Convertible 原子事实对应多条候选记录
非皮卡,高度压缩两两组合,Buick,Roadmaster/Roadmaster,Roadmaster,/,/,4XL,1936-1942/1992-1996,Convertible/Coupe/Sedan/Sedan,/,,,1936-1996,Convertible/Coupe/Sedan,,fallback,Buick Roadmaster 1946 Convertible 原子事实对应多条候选记录
非皮卡,高度压缩两两组合,Buick,Roadmaster/Roadmaster,Roadmaster,/,/,4XL,1946-1958/1946-1958,Convertible/Coupe/Sedan,/,,,1946-1958,Convertible/Coupe/Sedan,,success,
非皮卡,高度压缩两两组合,Buick,Roadmaster/Roadmaster,Roadmaster,/,/,4XL,1936-1942/1946-1958,Convertible/Coupe/Sedan/Convertible/Coupe/Sedan,/,,,1936-1958,Convertible/Coupe/Sedan,,success,
非皮卡,高度压缩两两组合,Buick,Roadmaster/Roadmaster,Roadmaster,/,/,4XL,1936-1958/1992-1996,Convertible/Coupe/Sedan/Sedan,/,,,1936-1996,Convertible/Coupe/Sedan,,success,
非皮卡,高度压缩两两组合,Buick,Skylark/Skylark,Skylark,/,/,4XL,1953-1954/1965-1967,Convertible/Convertible,/,,,1953-1967,Convertible,,success,
非皮卡,高度压缩两两组合,Buick,Skylark/Skylark,Skylark,/,/,4XL,1953-1967/1965-1967,Convertible/Coupe,/,,,1953-1967,Convertible/Coupe,,success,
非皮卡,高度压缩两两组合,Buick,Skylark/Skylark,Skylark,/,/,4XL,1953-1967/1965-1972,Convertible/Coupe/Sedan,/,,,1953-1972,Convertible/Coupe/Sedan,,fallback,Buick Skylark 1970 Convertible 原子事实对应多条候选记录
非皮卡,高度压缩两两组合,Buick,Skylark/Skylark,Skylark,/,/,4XL,1953-1967/1970-1972,Convertible/Coupe/Convertible,/,,,1953-1972,Convertible/Coupe,,fallback,Buick Skylark 1970 Coupe 原子事实对应多条候选记录
非皮卡,高度压缩两两组合,Buick,Skylark/Skylark,Skylark,/,/,4XL,1953-1967/1970-1972,Convertible/Coupe/Coupe,/,,,1953-1972,Convertible/Coupe,,fallback,Buick Skylark 1970 Convertible 原子事实对应多条候选记录
非皮卡,高度压缩两两组合,Buick,Skylark/Skylark,Skylark,/,/,4XL,1953-1967/1994,Convertible/Coupe/Sedan,/,,,1953-1994,Convertible/Coupe/Sedan,,fallback,Buick Skylark 1965 Sedan 原子事实对应多条候选记录
非皮卡,高度压缩两两组合,Buick,Skylark/Skylark,Skylark,/,/,4XL,1965-1972/1970-1972,Sedan/Convertible,/,,,1965-1972,Convertible/Sedan,,fallback,Buick Skylark 1965 Convertible 原子事实对应多条候选记录
非皮卡,高度压缩两两组合,Buick,Skylark/Skylark,Skylark,/,/,4XL,1965-1972/1970-1972,Sedan/Coupe,/,,,1965-1972,Coupe/Sedan,,fallback,Buick Skylark 1965 Coupe 原子事实对应多条候选记录
非皮卡,高度压缩两两组合,Buick,Skylark/Skylark,Skylark,/,/,4XL,1965-1972/1994,Sedan/Sedan,/,,,1965-1994,Sedan,,fallback,Buick Skylark 1975 Sedan 原子事实对应多条候选记录
非皮卡,高度压缩两两组合,Buick,Skylark/Skylark,Skylark,/,/,无可用尺码,1969-1972/1975-1979,Hatchback/Hatchback,/,,,1969-1979,Hatchback,,success,
非皮卡,高度压缩两两组合,Buick,Skylark/Skylark,Skylark,/,/,4XL,1953-1967/1965-1972,Convertible/Coupe/Sedan,/,,,1953-1972,Convertible/Coupe/Sedan,,fallback,Buick Skylark 1970 Convertible 原子事实对应多条候选记录
非皮卡,高度压缩两两组合,Buick,Skylark/Skylark,Skylark,/,/,4XL,1953-1967/1970-1972,Convertible/Coupe/Convertible,/,,,1953-1972,Convertible/Coupe,,fallback,Buick Skylark 1970 Coupe 原子事实对应多条候选记录
非皮卡,高度压缩两两组合,Buick,Skylark/Skylark,Skylark,/,/,4XL,1953-1967/1970-1972,Convertible/Coupe/Coupe,/,,,1953-1972,Convertible/Coupe,,fallback,Buick Skylark 1970 Convertible 原子事实对应多条候选记录
非皮卡,高度压缩两两组合,Buick,Skylark/Skylark,Skylark,/,/,4XL,1953-1967/1994,Convertible/Coupe/Sedan,/,,,1953-1994,Convertible/Coupe/Sedan,,fallback,Buick Skylark 1965 Sedan 原子事实对应多条候选记录
非皮卡,高度压缩两两组合,Buick,Skylark/Skylark,Skylark,/,/,4XL,1965-1972/1970-1972,Sedan/Convertible,/,,,1965-1972,Convertible/Sedan,,fallback,Buick Skylark 1965 Convertible 原子事实对应多条候选记录
非皮卡,高度压缩两两组合,Buick,Skylark/Skylark,Skylark,/,/,4XL,1965-1972/1970-1972,Sedan/Coupe,/,,,1965-1972,Coupe/Sedan,,fallback,Buick Skylark 1965 Coupe 原子事实对应多条候选记录
非皮卡,高度压缩两两组合,Buick,Skylark/Skylark,Skylark,/,/,4XL,1965-1972/1994,Sedan/Sedan,/,,,1965-1994,Sedan,,fallback,Buick Skylark 1975 Sedan 原子事实对应多条候选记录
非皮卡,高度压缩两两组合,Buick,Skylark/Skylark,Skylark,/,/,无可用尺码,1969-1979/1975-1993,Hatchback/Sedan,/,,,1969-1993,Hatchback/Sedan,,fallback,Buick Skylark 1969 Sedan 原子事实对应多条候选记录
非皮卡,高度压缩两两组合,Buick,Skylark/Skylark,Skylark,/,/,无可用尺码,1969-1979/1975-1997,Hatchback/Coupe,/,,,1969-1997,Coupe/Hatchback,,fallback,Buick Skylark 1970 Coupe 原子事实对应多条候选记录
非皮卡,高度压缩两两组合,Buick,Skylark/Skylark,Skylark,/,/,无可用尺码,1969-1979/1995-1998,Hatchback/Sedan,/,,,1969-1998,Hatchback/Sedan,,fallback,Buick Skylark 1969 Sedan 原子事实对应多条候选记录
非皮卡,高度压缩两两组合,Buick,Skylark/Skylark,Skylark,/,/,4XL,1970-1972/1970-1972,Convertible/Coupe,/,,,1970-1972,Convertible/Coupe,,success,
非皮卡,高度压缩两两组合,Buick,Skylark/Skylark,Skylark,/,/,4XL,1953-1967/1965-1972,Convertible/Coupe/Sedan,/,,,1953-1972,Convertible/Coupe/Sedan,,fallback,Buick Skylark 1970 Convertible 原子事实对应多条候选记录
非皮卡,高度压缩两两组合,Buick,Skylark/Skylark,Skylark,/,/,4XL,1953-1967/1970-1972,Convertible/Coupe/Convertible/Coupe,/,,,1953-1972,Convertible/Coupe,,success,
非皮卡,高度压缩两两组合,Buick,Skylark/Skylark,Skylark,/,/,4XL,1953-1972/1965-1972,Convertible/Coupe/Sedan,/,,,1953-1972,Convertible/Coupe/Sedan,,success,
非皮卡,高度压缩两两组合,Buick,Skylark/Skylark,Skylark,/,/,4XL,1953-1972/1994,Convertible/Coupe/Sedan/Sedan,/,,,1953-1994,Convertible/Coupe/Sedan,,fallback,Buick Skylark 1975 Coupe 原子事实对应多条候选记录
非皮卡,高度压缩两两组合,Buick,Skylark/Skylark,Skylark,/,/,无可用尺码,1969-1979/1975-1993,Hatchback/Sedan,/,,,1969-1993,Hatchback/Sedan,,fallback,Buick Skylark 1969 Sedan 原子事实对应多条候选记录
非皮卡,高度压缩两两组合,Buick,Skylark/Skylark,Skylark,/,/,无可用尺码,1969-1979/1975-1997,Hatchback/Coupe,/,,,1969-1997,Coupe/Hatchback,,fallback,Buick Skylark 1970 Coupe 原子事实对应多条候选记录
非皮卡,高度压缩两两组合,Buick,Skylark/Skylark,Skylark,/,/,无可用尺码,1969-1979/1995-1998,Hatchback/Sedan,/,,,1969-1998,Hatchback/Sedan,,fallback,Buick Skylark 1969 Sedan 原子事实对应多条候选记录
非皮卡,高度压缩两两组合,Buick,Skylark/Skylark,Skylark,/,/,无可用尺码,1975-1993/1975-1997,Sedan/Coupe,/,,,1975-1997,Coupe/Sedan,,fallback,Buick Skylark 1994 Sedan 原子事实对应多条候选记录
非皮卡,高度压缩两两组合,Buick,Skylark/Skylark,Skylark,/,/,无可用尺码,1975-1993/1995-1998,Sedan/Sedan,/,,,1975-1998,Sedan,,fallback,Buick Skylark 1994 Sedan 原子事实对应多条候选记录
非皮卡,高度压缩两两组合,Buick,Skylark/Skylark,Skylark,/,/,无可用尺码,1975-1997/1995-1998,Coupe/Sedan,/,,,1975-1998,Coupe/Sedan,,fallback,Buick Skylark 1975 Sedan 原子事实对应多条候选记录
非皮卡,高度压缩两两组合,Cadillac,ATS/ATS,ATS,/,/,无可用尺码,2013-2019/2015-2019,Sedan/Coupe,/,,,2013-2019,Coupe/Sedan,,success,
非皮卡,高度压缩两两组合,Cadillac,CT6/CT6,CT6,/,/,4XL,2016-2020/2017-2018,Sedan/Sedan,/PHEV,,,2016-2020,Sedan,Incl: PHEV,success,
非皮卡,高度压缩两两组合,Cadillac,CT6/CT6,CT6,/,/,4XL,2016-2020/2019-2020,Sedan/Sedan,Incl: PHEV/Blackwing,,,2016-2020,Sedan,Incl: Blackwing/PHEV,success,
非皮卡,高度压缩两两组合,Cadillac,CTS/CTS,CTS,/,/,无可用尺码,2003-2013/2010-2014,Sedan/Wagon,/,,,2003-2014,Sedan/Wagon,,fallback,Cadillac CTS 2014 Sedan 原子事实对应多条候选记录
非皮卡,高度压缩两两组合,Cadillac,CTS/CTS,CTS,/,/,无可用尺码,2003-2013/2011-2013,Sedan/Sedan,/CTS-V,,,2003-2013,Sedan,Incl: CTS-V,success,
非皮卡,高度压缩两两组合,Cadillac,CTS/CTS,CTS,/,/,无可用尺码,2003-2013/2010-2014,Sedan/Wagon,Incl: CTS-V/,,,2003-2014,Sedan/Wagon,Incl: CTS-V,fallback,Cadillac CTS 2014 Sedan 原子事实对应多条候选记录
非皮卡,高度压缩两两组合,Cadillac,CTS/CTS,CTS,/,/,无可用尺码,2003-2013/2011-2015,Sedan/Coupe,Incl: CTS-V/,,,2003-2015,Coupe/Sedan,Incl: CTS-V,fallback,Cadillac CTS 2014 Sedan 原子事实对应多条候选记录
非皮卡,高度压缩两两组合,Cadillac,CTS/CTS,CTS,/,/,无可用尺码,2010-2014/2011-2015,Wagon/Coupe,/,,,2010-2015,Coupe/Wagon,,success,
非皮卡,高度压缩两两组合,Cadillac,CTS/CTS,CTS,/,/,无可用尺码,2003-2013/2010-2015,Sedan/Coupe/Wagon,Incl: CTS-V/,,,2003-2015,Coupe/Sedan/Wagon,Incl: CTS-V,fallback,Cadillac CTS 2014 Sedan 原子事实对应多条候选记录
非皮卡,高度压缩两两组合,Cadillac,DeVille/DeVille,DeVille,/,/,4XL,1949-1957/1956,Coupe/Sedan,/,,,1949-1957,Coupe/Sedan,,success,
非皮卡,高度压缩两两组合,Cadillac,DeVille/DeVille,DeVille,/,/,4XL,1949-1957/1961-1967,Coupe/Sedan/Coupe,/,,,1949-1967,Coupe/Sedan,,fallback,Cadillac DeVille 1958 Coupe 原子事实对应多条候选记录
非皮卡,高度压缩两两组合,Cadillac,DeVille/DeVille,DeVille,/,/,4XL,1949-1957/1962-1967,Coupe/Sedan/Sedan,/,,,1949-1967,Coupe/Sedan,,fallback,Cadillac DeVille 1958 Coupe 原子事实对应多条候选记录
非皮卡,高度压缩两两组合,Cadillac,DeVille/DeVille,DeVille,/,/,4XL,1949-1957/1967,Coupe/Sedan/Convertible,/,,,1949-1967,Convertible/Coupe/Sedan,,fallback,Cadillac DeVille 1958 Coupe 原子事实对应多条候选记录
非皮卡,高度压缩两两组合,Cadillac,DeVille/DeVille,DeVille,/,/,4XL,1949-1957/1977-1984,Coupe/Sedan/Coupe,/,,,1949-1984,Coupe/Sedan,,fallback,Cadillac DeVille 1958 Coupe 原子事实对应多条候选记录
非皮卡,高度压缩两两组合,Cadillac,DeVille/DeVille,DeVille,/,/,4XL,1949-1957/1977-1984,Coupe/Sedan/Sedan,/,,,1949-1984,Coupe/Sedan,,fallback,Cadillac DeVille 1958 Coupe 原子事实对应多条候选记录
非皮卡,高度压缩两两组合,Cadillac,DeVille/DeVille,DeVille,/,/,4XL,1949-1957/1989,Coupe/Sedan/Coupe,/,,,1949-1989,Coupe/Sedan,,fallback,Cadillac DeVille 1958 Coupe 原子事实对应多条候选记录
非皮卡,高度压缩两两组合,Cadillac,DeVille/DeVille,DeVille,/,/,4XL,1949-1957/1989-2005,Coupe/Sedan/Sedan,/,,,1949-2005,Coupe/Sedan,,fallback,Cadillac DeVille 1958 Coupe 原子事实对应多条候选记录
非皮卡,高度压缩两两组合,Cadillac,DeVille/DeVille,DeVille,/,/,无可用尺码,1958-1960/1958-1960,Coupe/Sedan,/,,,1958-1960,Coupe/Sedan,,success,
非皮卡,高度压缩两两组合,Cadillac,DeVille/DeVille,DeVille,/,/,4XL,1949-1957/1961-1967,Coupe/Sedan/Coupe,/,,,1949-1967,Coupe/Sedan,,fallback,Cadillac DeVille 1958 Coupe 原子事实对应多条候选记录
非皮卡,高度压缩两两组合,Cadillac,DeVille/DeVille,DeVille,/,/,4XL,1949-1957/1962-1967,Coupe/Sedan/Sedan,/,,,1949-1967,Coupe/Sedan,,fallback,Cadillac DeVille 1958 Coupe 原子事实对应多条候选记录
非皮卡,高度压缩两两组合,Cadillac,DeVille/DeVille,DeVille,/,/,4XL,1949-1957/1967,Coupe/Sedan/Convertible,/,,,1949-1967,Convertible/Coupe/Sedan,,fallback,Cadillac DeVille 1958 Coupe 原子事实对应多条候选记录
非皮卡,高度压缩两两组合,Cadillac,DeVille/DeVille,DeVille,/,/,4XL,1949-1957/1977-1984,Coupe/Sedan/Coupe,/,,,1949-1984,Coupe/Sedan,,fallback,Cadillac DeVille 1958 Coupe 原子事实对应多条候选记录
非皮卡,高度压缩两两组合,Cadillac,DeVille/DeVille,DeVille,/,/,4XL,1949-1957/1977-1984,Coupe/Sedan/Sedan,/,,,1949-1984,Coupe/Sedan,,fallback,Cadillac DeVille 1958 Coupe 原子事实对应多条候选记录
非皮卡,高度压缩两两组合,Cadillac,DeVille/DeVille,DeVille,/,/,4XL,1949-1957/1989,Coupe/Sedan/Coupe,/,,,1949-1989,Coupe/Sedan,,fallback,Cadillac DeVille 1958 Coupe 原子事实对应多条候选记录
非皮卡,高度压缩两两组合,Cadillac,DeVille/DeVille,DeVille,/,/,4XL,1949-1957/1989-2005,Coupe/Sedan/Sedan,/,,,1949-2005,Coupe/Sedan,,fallback,Cadillac DeVille 1958 Coupe 原子事实对应多条候选记录
非皮卡,高度压缩两两组合,Cadillac,DeVille/DeVille,DeVille,/,/,无可用尺码,1958-1960/1968-1976,Coupe/Sedan/Coupe,/,,,1958-1976,Coupe/Sedan,,fallback,Cadillac DeVille 1961 Coupe 原子事实对应多条候选记录
非皮卡,高度压缩两两组合,Cadillac,DeVille/DeVille,DeVille,/,/,无可用尺码,1958-1960/1968-1976,Coupe/Sedan/Sedan,/,,,1958-1976,Coupe/Sedan,,fallback,Cadillac DeVille 1961 Coupe 原子事实对应多条候选记录
非皮卡,高度压缩两两组合,Cadillac,DeVille/DeVille,DeVille,/,/,无可用尺码,1958-1960/1985-1988,Coupe/Sedan/Coupe,/,,,1958-1988,Coupe/Sedan,,fallback,Cadillac DeVille 1961 Coupe 原子事实对应多条候选记录
非皮卡,高度压缩两两组合,Cadillac,DeVille/DeVille,DeVille,/,/,无可用尺码,1958-1960/1985-1988,Coupe/Sedan/Sedan,/,,,1958-1988,Coupe/Sedan,,fallback,Cadillac DeVille 1961 Coupe 原子事实对应多条候选记录
非皮卡,高度压缩两两组合,Cadillac,DeVille/DeVille,DeVille,/,/,4XL,1961-1967/1962-1967,Coupe/Sedan,/,,,1961-1967,Coupe/Sedan,,success,
非皮卡,高度压缩两两组合,Cadillac,DeVille/DeVille,DeVille,/,/,4XL,1949-1957/1961-1967,Coupe/Sedan/Coupe/Sedan,/,,,1949-1967,Coupe/Sedan,,fallback,Cadillac DeVille 1958 Coupe 原子事实对应多条候选记录
非皮卡,高度压缩两两组合,Cadillac,DeVille/DeVille,DeVille,/,/,4XL,1949-1957/1967,Coupe/Sedan/Convertible,/,,,1949-1967,Convertible/Coupe/Sedan,,fallback,Cadillac DeVille 1958 Coupe 原子事实对应多条候选记录
非皮卡,高度压缩两两组合,Cadillac,DeVille/DeVille,DeVille,/,/,4XL,1949-1957/1977-1984,Coupe/Sedan/Coupe,/,,,1949-1984,Coupe/Sedan,,fallback,Cadillac DeVille 1958 Coupe 原子事实对应多条候选记录
非皮卡,高度压缩两两组合,Cadillac,DeVille/DeVille,DeVille,/,/,4XL,1949-1957/1977-1984,Coupe/Sedan/Sedan,/,,,1949-1984,Coupe/Sedan,,fallback,Cadillac DeVille 1958 Coupe 原子事实对应多条候选记录
非皮卡,高度压缩两两组合,Cadillac,DeVille/DeVille,DeVille,/,/,4XL,1949-1957/1989,Coupe/Sedan/Coupe,/,,,1949-1989,Coupe/Sedan,,fallback,Cadillac DeVille 1958 Coupe 原子事实对应多条候选记录
非皮卡,高度压缩两两组合,Cadillac,DeVille/DeVille,DeVille,/,/,4XL,1949-1957/1989-2005,Coupe/Sedan/Sedan,/,,,1949-2005,Coupe/Sedan,,fallback,Cadillac DeVille 1958 Coupe 原子事实对应多条候选记录
非皮卡,高度压缩两两组合,Cadillac,DeVille/DeVille,DeVille,/,/,无可用尺码,1958-1960/1968-1976,Coupe/Sedan/Coupe,/,,,1958-1976,Coupe/Sedan,,fallback,Cadillac DeVille 1961 Coupe 原子事实对应多条候选记录
非皮卡,高度压缩两两组合,Cadillac,DeVille/DeVille,DeVille,/,/,无可用尺码,1958-1960/1968-1976,Coupe/Sedan/Sedan,/,,,1958-1976,Coupe/Sedan,,fallback,Cadillac DeVille 1961 Coupe 原子事实对应多条候选记录
非皮卡,高度压缩两两组合,Cadillac,DeVille/DeVille,DeVille,/,/,无可用尺码,1958-1960/1985-1988,Coupe/Sedan/Coupe,/,,,1958-1988,Coupe/Sedan,,fallback,Cadillac DeVille 1961 Coupe 原子事实对应多条候选记录
非皮卡,高度压缩两两组合,Cadillac,DeVille/DeVille,DeVille,/,/,无可用尺码,1958-1960/1985-1988,Coupe/Sedan/Sedan,/,,,1958-1988,Coupe/Sedan,,fallback,Cadillac DeVille 1961 Coupe 原子事实对应多条候选记录
非皮卡,高度压缩两两组合,Cadillac,DeVille/DeVille,DeVille,/,/,4XL,1961-1967/1967,Coupe/Sedan/Convertible,/,,,1961-1967,Convertible/Coupe/Sedan,,success,
非皮卡,高度压缩两两组合,Cadillac,DeVille/DeVille,DeVille,/,/,4XL,1949-1957/1961-1967,Coupe/Sedan/Convertible/Coupe/Sedan,/,,,1949-1967,Convertible/Coupe/Sedan,,fallback,Cadillac DeVille 1958 Coupe 原子事实对应多条候选记录
非皮卡,高度压缩两两组合,Cadillac,DeVille/DeVille,DeVille,/,/,4XL,1949-1957/1977-1984,Coupe/Sedan/Coupe,/,,,1949-1984,Coupe/Sedan,,fallback,Cadillac DeVille 1958 Coupe 原子事实对应多条候选记录
非皮卡,高度压缩两两组合,Cadillac,DeVille/DeVille,DeVille,/,/,4XL,1949-1957/1977-1984,Coupe/Sedan/Sedan,/,,,1949-1984,Coupe/Sedan,,fallback,Cadillac DeVille 1958 Coupe 原子事实对应多条候选记录
非皮卡,高度压缩两两组合,Cadillac,DeVille/DeVille,DeVille,/,/,4XL,1949-1957/1989,Coupe/Sedan/Coupe,/,,,1949-1989,Coupe/Sedan,,fallback,Cadillac DeVille 1958 Coupe 原子事实对应多条候选记录
非皮卡,高度压缩两两组合,Cadillac,DeVille/DeVille,DeVille,/,/,4XL,1949-1957/1989-2005,Coupe/Sedan/Sedan,/,,,1949-2005,Coupe/Sedan,,fallback,Cadillac DeVille 1958 Coupe 原子事实对应多条候选记录
非皮卡,高度压缩两两组合,Cadillac,DeVille/DeVille,DeVille,/,/,无可用尺码,1958-1960/1968-1976,Coupe/Sedan/Coupe,/,,,1958-1976,Coupe/Sedan,,fallback,Cadillac DeVille 1961 Coupe 原子事实对应多条候选记录
非皮卡,高度压缩两两组合,Cadillac,DeVille/DeVille,DeVille,/,/,无可用尺码,1958-1960/1968-1976,Coupe/Sedan/Sedan,/,,,1958-1976,Coupe/Sedan,,fallback,Cadillac DeVille 1961 Coupe 原子事实对应多条候选记录
非皮卡,高度压缩两两组合,Cadillac,DeVille/DeVille,DeVille,/,/,无可用尺码,1958-1960/1985-1988,Coupe/Sedan/Coupe,/,,,1958-1988,Coupe/Sedan,,fallback,Cadillac DeVille 1961 Coupe 原子事实对应多条候选记录
非皮卡,高度压缩两两组合,Cadillac,DeVille/DeVille,DeVille,/,/,无可用尺码,1958-1960/1985-1988,Coupe/Sedan/Sedan,/,,,1958-1988,Coupe/Sedan,,fallback,Cadillac DeVille 1961 Coupe 原子事实对应多条候选记录
非皮卡,高度压缩两两组合,Cadillac,DeVille/DeVille,DeVille,/,/,4XL,1961-1967/1977-1984,Convertible/Coupe/Sedan/Coupe,/,,,1961-1984,Convertible/Coupe/Sedan,,fallback,Cadillac DeVille 1968 Coupe 原子事实对应多条候选记录
非皮卡,高度压缩两两组合,Cadillac,DeVille/DeVille,DeVille,/,/,4XL,1961-1967/1977-1984,Convertible/Coupe/Sedan/Sedan,/,,,1961-1984,Convertible/Coupe/Sedan,,fallback,Cadillac DeVille 1968 Coupe 原子事实对应多条候选记录
非皮卡,高度压缩两两组合,Cadillac,DeVille/DeVille,DeVille,/,/,4XL,1961-1967/1989,Convertible/Coupe/Sedan/Coupe,/,,,1961-1989,Convertible/Coupe/Sedan,,fallback,Cadillac DeVille 1968 Coupe 原子事实对应多条候选记录
非皮卡,高度压缩两两组合,Cadillac,DeVille/DeVille,DeVille,/,/,4XL,1961-1967/1989-2005,Convertible/Coupe/Sedan/Sedan,/,,,1961-2005,Convertible/Coupe/Sedan,,fallback,Cadillac DeVille 1968 Coupe 原子事实对应多条候选记录
非皮卡,高度压缩两两组合,Cadillac,DeVille/DeVille,DeVille,/,/,无可用尺码,1968-1976/1968-1976,Coupe/Sedan,/,,,1968-1976,Coupe/Sedan,,success,
非皮卡,高度压缩两两组合,Cadillac,DeVille/DeVille,DeVille,/,/,4XL,1949-1957/1961-1967,Coupe/Sedan/Convertible/Coupe/Sedan,/,,,1949-1967,Convertible/Coupe/Sedan,,fallback,Cadillac DeVille 1958 Coupe 原子事实对应多条候选记录
非皮卡,高度压缩两两组合,Cadillac,DeVille/DeVille,DeVille,/,/,4XL,1949-1957/1977-1984,Coupe/Sedan/Coupe,/,,,1949-1984,Coupe/Sedan,,fallback,Cadillac DeVille 1958 Coupe 原子事实对应多条候选记录
非皮卡,高度压缩两两组合,Cadillac,DeVille/DeVille,DeVille,/,/,4XL,1949-1957/1977-1984,Coupe/Sedan/Sedan,/,,,1949-1984,Coupe/Sedan,,fallback,Cadillac DeVille 1958 Coupe 原子事实对应多条候选记录
非皮卡,高度压缩两两组合,Cadillac,DeVille/DeVille,DeVille,/,/,4XL,1949-1957/1989,Coupe/Sedan/Coupe,/,,,1949-1989,Coupe/Sedan,,fallback,Cadillac DeVille 1958 Coupe 原子事实对应多条候选记录
非皮卡,高度压缩两两组合,Cadillac,DeVille/DeVille,DeVille,/,/,4XL,1949-1957/1989-2005,Coupe/Sedan/Sedan,/,,,1949-2005,Coupe/Sedan,,fallback,Cadillac DeVille 1958 Coupe 原子事实对应多条候选记录
非皮卡,高度压缩两两组合,Cadillac,DeVille/DeVille,DeVille,/,/,无可用尺码,1958-1960/1968-1976,Coupe/Sedan/Coupe/Sedan,/,,,1958-1976,Coupe/Sedan,,fallback,Cadillac DeVille 1961 Coupe 原子事实对应多条候选记录
非皮卡,高度压缩两两组合,Cadillac,DeVille/DeVille,DeVille,/,/,无可用尺码,1958-1960/1985-1988,Coupe/Sedan/Coupe,/,,,1958-1988,Coupe/Sedan,,fallback,Cadillac DeVille 1961 Coupe 原子事实对应多条候选记录
非皮卡,高度压缩两两组合,Cadillac,DeVille/DeVille,DeVille,/,/,无可用尺码,1958-1960/1985-1988,Coupe/Sedan/Sedan,/,,,1958-1988,Coupe/Sedan,,fallback,Cadillac DeVille 1961 Coupe 原子事实对应多条候选记录
非皮卡,高度压缩两两组合,Cadillac,DeVille/DeVille,DeVille,/,/,4XL,1961-1967/1977-1984,Convertible/Coupe/Sedan/Coupe,/,,,1961-1984,Convertible/Coupe/Sedan,,fallback,Cadillac DeVille 1968 Coupe 原子事实对应多条候选记录
非皮卡,高度压缩两两组合,Cadillac,DeVille/DeVille,DeVille,/,/,4XL,1961-1967/1977-1984,Convertible/Coupe/Sedan/Sedan,/,,,1961-1984,Convertible/Coupe/Sedan,,fallback,Cadillac DeVille 1968 Coupe 原子事实对应多条候选记录
非皮卡,高度压缩两两组合,Cadillac,DeVille/DeVille,DeVille,/,/,4XL,1961-1967/1989,Convertible/Coupe/Sedan/Coupe,/,,,1961-1989,Convertible/Coupe/Sedan,,fallback,Cadillac DeVille 1968 Coupe 原子事实对应多条候选记录
非皮卡,高度压缩两两组合,Cadillac,DeVille/DeVille,DeVille,/,/,4XL,1961-1967/1989-2005,Convertible/Coupe/Sedan/Sedan,/,,,1961-2005,Convertible/Coupe/Sedan,,fallback,Cadillac DeVille 1968 Coupe 原子事实对应多条候选记录
非皮卡,高度压缩两两组合,Cadillac,DeVille/DeVille,DeVille,/,/,无可用尺码,1968-1976/1985-1988,Coupe/Sedan/Coupe,/,,,1968-1988,Coupe/Sedan,,fallback,Cadillac DeVille 1977 Coupe 原子事实对应多条候选记录
非皮卡,高度压缩两两组合,Cadillac,DeVille/DeVille,DeVille,/,/,无可用尺码,1968-1976/1985-1988,Coupe/Sedan/Sedan,/,,,1968-1988,Coupe/Sedan,,fallback,Cadillac DeVille 1977 Coupe 原子事实对应多条候选记录
非皮卡,高度压缩两两组合,Cadillac,DeVille/DeVille,DeVille,/,/,4XL,1977-1984/1977-1984,Coupe/Sedan,/,,,1977-1984,Coupe/Sedan,,success,
非皮卡,高度压缩两两组合,Cadillac,DeVille/DeVille,DeVille,/,/,4XL,1949-1957/1961-1967,Coupe/Sedan/Convertible/Coupe/Sedan,/,,,1949-1967,Convertible/Coupe/Sedan,,fallback,Cadillac DeVille 1958 Coupe 原子事实对应多条候选记录
非皮卡,高度压缩两两组合,Cadillac,DeVille/DeVille,DeVille,/,/,4XL,1949-1957/1977-1984,Coupe/Sedan/Coupe/Sedan,/,,,1949-1984,Coupe/Sedan,,fallback,Cadillac DeVille 1958 Coupe 原子事实对应多条候选记录
非皮卡,高度压缩两两组合,Cadillac,DeVille/DeVille,DeVille,/,/,4XL,1949-1957/1989,Coupe/Sedan/Coupe,/,,,1949-1989,Coupe/Sedan,,fallback,Cadillac DeVille 1958 Coupe 原子事实对应多条候选记录
非皮卡,高度压缩两两组合,Cadillac,DeVille/DeVille,DeVille,/,/,4XL,1949-1957/1989-2005,Coupe/Sedan/Sedan,/,,,1949-2005,Coupe/Sedan,,fallback,Cadillac DeVille 1958 Coupe 原子事实对应多条候选记录
非皮卡,高度压缩两两组合,Cadillac,DeVille/DeVille,DeVille,/,/,无可用尺码,1958-1960/1968-1976,Coupe/Sedan/Coupe/Sedan,/,,,1958-1976,Coupe/Sedan,,fallback,Cadillac DeVille 1961 Coupe 原子事实对应多条候选记录
非皮卡,高度压缩两两组合,Cadillac,DeVille/DeVille,DeVille,/,/,无可用尺码,1958-1960/1985-1988,Coupe/Sedan/Coupe,/,,,1958-1988,Coupe/Sedan,,fallback,Cadillac DeVille 1961 Coupe 原子事实对应多条候选记录
非皮卡,高度压缩两两组合,Cadillac,DeVille/DeVille,DeVille,/,/,无可用尺码,1958-1960/1985-1988,Coupe/Sedan/Sedan,/,,,1958-1988,Coupe/Sedan,,fallback,Cadillac DeVille 1961 Coupe 原子事实对应多条候选记录
非皮卡,高度压缩两两组合,Cadillac,DeVille/DeVille,DeVille,/,/,4XL,1961-1967/1977-1984,Convertible/Coupe/Sedan/Coupe/Sedan,/,,,1961-1984,Convertible/Coupe/Sedan,,fallback,Cadillac DeVille 1968 Coupe 原子事实对应多条候选记录
非皮卡,高度压缩两两组合,Cadillac,DeVille/DeVille,DeVille,/,/,4XL,1961-1967/1989,Convertible/Coupe/Sedan/Coupe,/,,,1961-1989,Convertible/Coupe/Sedan,,fallback,Cadillac DeVille 1968 Coupe 原子事实对应多条候选记录
非皮卡,高度压缩两两组合,Cadillac,DeVille/DeVille,DeVille,/,/,4XL,1961-1967/1989-2005,Convertible/Coupe/Sedan/Sedan,/,,,1961-2005,Convertible/Coupe/Sedan,,fallback,Cadillac DeVille 1968 Coupe 原子事实对应多条候选记录
非皮卡,高度压缩两两组合,Cadillac,DeVille/DeVille,DeVille,/,/,无可用尺码,1968-1976/1985-1988,Coupe/Sedan/Coupe,/,,,1968-1988,Coupe/Sedan,,fallback,Cadillac DeVille 1977 Coupe 原子事实对应多条候选记录
非皮卡,高度压缩两两组合,Cadillac,DeVille/DeVille,DeVille,/,/,无可用尺码,1968-1976/1985-1988,Coupe/Sedan/Sedan,/,,,1968-1988,Coupe/Sedan,,fallback,Cadillac DeVille 1977 Coupe 原子事实对应多条候选记录
非皮卡,高度压缩两两组合,Cadillac,DeVille/DeVille,DeVille,/,/,4XL,1977-1984/1989,Coupe/Sedan/Coupe,/,,,1977-1989,Coupe/Sedan,,fallback,Cadillac DeVille 1985 Coupe 原子事实对应多条候选记录
非皮卡,高度压缩两两组合,Cadillac,DeVille/DeVille,DeVille,/,/,4XL,1977-1984/1989-2005,Coupe/Sedan/Sedan,/,,,1977-2005,Coupe/Sedan,,fallback,Cadillac DeVille 1985 Coupe 原子事实对应多条候选记录
非皮卡,高度压缩两两组合,Cadillac,DeVille/DeVille,DeVille,/,/,无可用尺码,1985-1988/1985-1988,Coupe/Sedan,/,,,1985-1988,Coupe/Sedan,,success,
非皮卡,高度压缩两两组合,Cadillac,DeVille/DeVille,DeVille,/,/,4XL,1949-1957/1961-1967,Coupe/Sedan/Convertible/Coupe/Sedan,/,,,1949-1967,Convertible/Coupe/Sedan,,fallback,Cadillac DeVille 1958 Coupe 原子事实对应多条候选记录
非皮卡,高度压缩两两组合,Cadillac,DeVille/DeVille,DeVille,/,/,4XL,1949-1957/1977-1984,Coupe/Sedan/Coupe/Sedan,/,,,1949-1984,Coupe/Sedan,,fallback,Cadillac DeVille 1958 Coupe 原子事实对应多条候选记录
非皮卡,高度压缩两两组合,Cadillac,DeVille/DeVille,DeVille,/,/,4XL,1949-1957/1989,Coupe/Sedan/Coupe,/,,,1949-1989,Coupe/Sedan,,fallback,Cadillac DeVille 1958 Coupe 原子事实对应多条候选记录
非皮卡,高度压缩两两组合,Cadillac,DeVille/DeVille,DeVille,/,/,4XL,1949-1957/1989-2005,Coupe/Sedan/Sedan,/,,,1949-2005,Coupe/Sedan,,fallback,Cadillac DeVille 1958 Coupe 原子事实对应多条候选记录
非皮卡,高度压缩两两组合,Cadillac,DeVille/DeVille,DeVille,/,/,无可用尺码,1958-1960/1968-1976,Coupe/Sedan/Coupe/Sedan,/,,,1958-1976,Coupe/Sedan,,fallback,Cadillac DeVille 1961 Coupe 原子事实对应多条候选记录
非皮卡,高度压缩两两组合,Cadillac,DeVille/DeVille,DeVille,/,/,无可用尺码,1958-1960/1985-1988,Coupe/Sedan/Coupe/Sedan,/,,,1958-1988,Coupe/Sedan,,fallback,Cadillac DeVille 1961 Coupe 原子事实对应多条候选记录
非皮卡,高度压缩两两组合,Cadillac,DeVille/DeVille,DeVille,/,/,4XL,1961-1967/1977-1984,Convertible/Coupe/Sedan/Coupe/Sedan,/,,,1961-1984,Convertible/Coupe/Sedan,,fallback,Cadillac DeVille 1968 Coupe 原子事实对应多条候选记录
非皮卡,高度压缩两两组合,Cadillac,DeVille/DeVille,DeVille,/,/,4XL,1961-1967/1989,Convertible/Coupe/Sedan/Coupe,/,,,1961-1989,Convertible/Coupe/Sedan,,fallback,Cadillac DeVille 1968 Coupe 原子事实对应多条候选记录
非皮卡,高度压缩两两组合,Cadillac,DeVille/DeVille,DeVille,/,/,4XL,1961-1967/1989-2005,Convertible/Coupe/Sedan/Sedan,/,,,1961-2005,Convertible/Coupe/Sedan,,fallback,Cadillac DeVille 1968 Coupe 原子事实对应多条候选记录
非皮卡,高度压缩两两组合,Cadillac,DeVille/DeVille,DeVille,/,/,无可用尺码,1968-1976/1985-1988,Coupe/Sedan/Coupe/Sedan,/,,,1968-1988,Coupe/Sedan,,fallback,Cadillac DeVille 1977 Coupe 原子事实对应多条候选记录
非皮卡,高度压缩两两组合,Cadillac,DeVille/DeVille,DeVille,/,/,4XL,1977-1984/1989,Coupe/Sedan/Coupe,/,,,1977-1989,Coupe/Sedan,,fallback,Cadillac DeVille 1985 Coupe 原子事实对应多条候选记录
非皮卡,高度压缩两两组合,Cadillac,DeVille/DeVille,DeVille,/,/,4XL,1977-1984/1989-2005,Coupe/Sedan/Sedan,/,,,1977-2005,Coupe/Sedan,,fallback,Cadillac DeVille 1985 Coupe 原子事实对应多条候选记录
非皮卡,高度压缩两两组合,Cadillac,DeVille/DeVille,DeVille,/,/,4XL,1989/1989-2005,Coupe/Sedan,/,,,1989-2005,Coupe/Sedan,,success,
非皮卡,高度压缩两两组合,Cadillac,DeVille/DeVille,DeVille,/,/,4XL,1949-1957/1961-1967,Coupe/Sedan/Convertible/Coupe/Sedan,/,,,1949-1967,Convertible/Coupe/Sedan,,fallback,Cadillac DeVille 1958 Coupe 原子事实对应多条候选记录
非皮卡,高度压缩两两组合,Cadillac,DeVille/DeVille,DeVille,/,/,4XL,1949-1957/1977-1984,Coupe/Sedan/Coupe/Sedan,/,,,1949-1984,Coupe/Sedan,,fallback,Cadillac DeVille 1958 Coupe 原子事实对应多条候选记录
非皮卡,高度压缩两两组合,Cadillac,DeVille/DeVille,DeVille,/,/,4XL,1949-1957/1989-2005,Coupe/Sedan/Coupe/Sedan,/,,,1949-2005,Coupe/Sedan,,fallback,Cadillac DeVille 1958 Coupe 原子事实对应多条候选记录
非皮卡,高度压缩两两组合,Cadillac,DeVille/DeVille,DeVille,/,/,无可用尺码,1958-1960/1968-1976,Coupe/Sedan/Coupe/Sedan,/,,,1958-1976,Coupe/Sedan,,fallback,Cadillac DeVille 1961 Coupe 原子事实对应多条候选记录
非皮卡,高度压缩两两组合,Cadillac,DeVille/DeVille,DeVille,/,/,无可用尺码,1958-1960/1985-1988,Coupe/Sedan/Coupe/Sedan,/,,,1958-1988,Coupe/Sedan,,fallback,Cadillac DeVille 1961 Coupe 原子事实对应多条候选记录
非皮卡,高度压缩两两组合,Cadillac,DeVille/DeVille,DeVille,/,/,4XL,1961-1967/1977-1984,Convertible/Coupe/Sedan/Coupe/Sedan,/,,,1961-1984,Convertible/Coupe/Sedan,,fallback,Cadillac DeVille 1968 Coupe 原子事实对应多条候选记录
非皮卡,高度压缩两两组合,Cadillac,DeVille/DeVille,DeVille,/,/,4XL,1961-1967/1989-2005,Convertible/Coupe/Sedan/Coupe/Sedan,/,,,1961-2005,Convertible/Coupe/Sedan,,fallback,Cadillac DeVille 1968 Coupe 原子事实对应多条候选记录
非皮卡,高度压缩两两组合,Cadillac,DeVille/DeVille,DeVille,/,/,无可用尺码,1968-1976/1985-1988,Coupe/Sedan/Coupe/Sedan,/,,,1968-1988,Coupe/Sedan,,fallback,Cadillac DeVille 1977 Coupe 原子事实对应多条候选记录
非皮卡,高度压缩两两组合,Cadillac,DeVille/DeVille,DeVille,/,/,4XL,1977-1984/1989-2005,Coupe/Sedan/Coupe/Sedan,/,,,1977-2005,Coupe/Sedan,,fallback,Cadillac DeVille 1985 Coupe 原子事实对应多条候选记录
非皮卡,高度压缩两两组合,Cadillac,Eldorado/Eldorado,Eldorado,/,/,4XL,1953-1958/1957-1958,Convertible/Coupe,/,,,1953-1958,Convertible/Coupe,,success,
非皮卡,高度压缩两两组合,Cadillac,Eldorado/Eldorado,Eldorado,/,/,4XL,1953-1958/1961-1964,Convertible/Coupe/Coupe,/,,,1953-1964,Convertible/Coupe,,fallback,Cadillac Eldorado 1959 Coupe 原子事实对应多条候选记录
非皮卡,高度压缩两两组合,Cadillac,Eldorado/Eldorado,Eldorado,/,/,4XL,1953-1958/1965-1966,Convertible/Coupe/Convertible,/,,,1953-1966,Convertible/Coupe,,fallback,Cadillac Eldorado 1959 Coupe 原子事实对应多条候选记录
非皮卡,高度压缩两两组合,Cadillac,Eldorado/Eldorado,Eldorado,/,/,4XL,1953-1958/1967-1985,Convertible/Coupe/Coupe,/,,,1953-1985,Convertible/Coupe,,fallback,Cadillac Eldorado 1959 Coupe 原子事实对应多条候选记录
非皮卡,高度压缩两两组合,Cadillac,Eldorado/Eldorado,Eldorado,/,/,4XL,1953-1958/1971-1978,Convertible/Coupe/Convertible,/,,,1953-1978,Convertible/Coupe,,fallback,Cadillac Eldorado 1959 Coupe 原子事实对应多条候选记录
非皮卡,高度压缩两两组合,Cadillac,Eldorado/Eldorado,Eldorado,/,/,4XL,1953-1958/1984-1985,Convertible/Coupe/Convertible,/,,,1953-1985,Convertible/Coupe,,fallback,Cadillac Eldorado 1959 Coupe 原子事实对应多条候选记录
非皮卡,高度压缩两两组合,Cadillac,Eldorado/Eldorado,Eldorado,/,/,无可用尺码,1959-1960/1986-1992,Coupe/Coupe,/,,,1959-1992,Coupe,,fallback,Cadillac Eldorado 1961 Coupe 原子事实对应多条候选记录
非皮卡,高度压缩两两组合,Cadillac,Eldorado/Eldorado,Eldorado,/,/,无可用尺码,1959-1960/1995,Coupe/Coupe,/,,,1959-1995,Coupe,,fallback,Cadillac Eldorado 1961 Coupe 原子事实对应多条候选记录
非皮卡,高度压缩两两组合,Cadillac,Eldorado/Eldorado,Eldorado,/,/,无可用尺码,1959-1960/1998-2002,Coupe/Coupe,/,,,1959-2002,Coupe,,fallback,Cadillac Eldorado 1961 Coupe 原子事实对应多条候选记录
非皮卡,高度压缩两两组合,Cadillac,Eldorado/Eldorado,Eldorado,/,/,4XL,1961-1964/1965-1966,Coupe/Convertible,/,,,1961-1966,Convertible/Coupe,,success,
非皮卡,高度压缩两两组合,Cadillac,Eldorado/Eldorado,Eldorado,/,/,4XL,1953-1958/1961-1966,Convertible/Coupe/Convertible/Coupe,/,,,1953-1966,Convertible/Coupe,,fallback,Cadillac Eldorado 1959 Coupe 原子事实对应多条候选记录
非皮卡,高度压缩两两组合,Cadillac,Eldorado/Eldorado,Eldorado,/,/,4XL,1953-1958/1967-1985,Convertible/Coupe/Coupe,/,,,1953-1985,Convertible/Coupe,,fallback,Cadillac Eldorado 1959 Coupe 原子事实对应多条候选记录
非皮卡,高度压缩两两组合,Cadillac,Eldorado/Eldorado,Eldorado,/,/,4XL,1953-1958/1971-1978,Convertible/Coupe/Convertible,/,,,1953-1978,Convertible/Coupe,,fallback,Cadillac Eldorado 1959 Coupe 原子事实对应多条候选记录
非皮卡,高度压缩两两组合,Cadillac,Eldorado/Eldorado,Eldorado,/,/,4XL,1953-1958/1984-1985,Convertible/Coupe/Convertible,/,,,1953-1985,Convertible/Coupe,,fallback,Cadillac Eldorado 1959 Coupe 原子事实对应多条候选记录
非皮卡,高度压缩两两组合,Cadillac,Eldorado/Eldorado,Eldorado,/,/,无可用尺码,1959-1960/1986-1992,Coupe/Coupe,/,,,1959-1992,Coupe,,fallback,Cadillac Eldorado 1961 Coupe 原子事实对应多条候选记录
非皮卡,高度压缩两两组合,Cadillac,Eldorado/Eldorado,Eldorado,/,/,无可用尺码,1959-1960/1995,Coupe/Coupe,/,,,1959-1995,Coupe,,fallback,Cadillac Eldorado 1961 Coupe 原子事实对应多条候选记录
非皮卡,高度压缩两两组合,Cadillac,Eldorado/Eldorado,Eldorado,/,/,无可用尺码,1959-1960/1998-2002,Coupe/Coupe,/,,,1959-2002,Coupe,,fallback,Cadillac Eldorado 1961 Coupe 原子事实对应多条候选记录
非皮卡,高度压缩两两组合,Cadillac,Eldorado/Eldorado,Eldorado,/,/,4XL,1961-1966/1967-1985,Convertible/Coupe/Coupe,/,,,1961-1985,Convertible/Coupe,,fallback,Cadillac Eldorado 1971 Convertible 原子事实对应多条候选记录
非皮卡,高度压缩两两组合,Cadillac,Eldorado/Eldorado,Eldorado,/,/,4XL,1961-1966/1971-1978,Convertible/Coupe/Convertible,/,,,1961-1978,Convertible/Coupe,,fallback,Cadillac Eldorado 1967 Coupe 原子事实对应多条候选记录
非皮卡,高度压缩两两组合,Cadillac,Eldorado/Eldorado,Eldorado,/,/,4XL,1961-1966/1984-1985,Convertible/Coupe/Convertible,/,,,1961-1985,Convertible/Coupe,,fallback,Cadillac Eldorado 1967 Coupe 原子事实对应多条候选记录
非皮卡,高度压缩两两组合,Cadillac,Eldorado/Eldorado,Eldorado,/,/,4XL,1967-1985/1971-1978,Coupe/Convertible,/,,,1967-1985,Convertible/Coupe,,fallback,Cadillac Eldorado 1984 Convertible 原子事实对应多条候选记录
非皮卡,高度压缩两两组合,Cadillac,Eldorado/Eldorado,Eldorado,/,/,4XL,1967-1985/1984-1985,Coupe/Convertible,/,,,1967-1985,Convertible/Coupe,,fallback,Cadillac Eldorado 1971 Convertible 原子事实对应多条候选记录
非皮卡,高度压缩两两组合,Cadillac,Eldorado/Eldorado,Eldorado,/,/,4XL,1971-1978/1984-1985,Convertible/Convertible,/,,,1971-1985,Convertible,,success,
非皮卡,高度压缩两两组合,Cadillac,Eldorado/Eldorado,Eldorado,/,/,4XL,1953-1958/1961-1966,Convertible/Coupe/Convertible/Coupe,/,,,1953-1966,Convertible/Coupe,,fallback,Cadillac Eldorado 1959 Coupe 原子事实对应多条候选记录
非皮卡,高度压缩两两组合,Cadillac,Eldorado/Eldorado,Eldorado,/,/,4XL,1953-1958/1967-1985,Convertible/Coupe/Coupe,/,,,1953-1985,Convertible/Coupe,,fallback,Cadillac Eldorado 1959 Coupe 原子事实对应多条候选记录
非皮卡,高度压缩两两组合,Cadillac,Eldorado/Eldorado,Eldorado,/,/,4XL,1953-1958/1971-1985,Convertible/Coupe/Convertible,/,,,1953-1985,Convertible/Coupe,,fallback,Cadillac Eldorado 1959 Coupe 原子事实对应多条候选记录
非皮卡,高度压缩两两组合,Cadillac,Eldorado/Eldorado,Eldorado,/,/,无可用尺码,1959-1960/1986-1992,Coupe/Coupe,/,,,1959-1992,Coupe,,fallback,Cadillac Eldorado 1961 Coupe 原子事实对应多条候选记录
非皮卡,高度压缩两两组合,Cadillac,Eldorado/Eldorado,Eldorado,/,/,无可用尺码,1959-1960/1995,Coupe/Coupe,/,,,1959-1995,Coupe,,fallback,Cadillac Eldorado 1961 Coupe 原子事实对应多条候选记录
非皮卡,高度压缩两两组合,Cadillac,Eldorado/Eldorado,Eldorado,/,/,无可用尺码,1959-1960/1998-2002,Coupe/Coupe,/,,,1959-2002,Coupe,,fallback,Cadillac Eldorado 1961 Coupe 原子事实对应多条候选记录
非皮卡,高度压缩两两组合,Cadillac,Eldorado/Eldorado,Eldorado,/,/,4XL,1961-1966/1967-1985,Convertible/Coupe/Coupe,/,,,1961-1985,Convertible/Coupe,,fallback,Cadillac Eldorado 1971 Convertible 原子事实对应多条候选记录
非皮卡,高度压缩两两组合,Cadillac,Eldorado/Eldorado,Eldorado,/,/,4XL,1961-1966/1971-1985,Convertible/Coupe/Convertible,/,,,1961-1985,Convertible/Coupe,,fallback,Cadillac Eldorado 1967 Coupe 原子事实对应多条候选记录
非皮卡,高度压缩两两组合,Cadillac,Eldorado/Eldorado,Eldorado,/,/,4XL,1967-1985/1971-1985,Coupe/Convertible,/,,,1967-1985,Convertible/Coupe,,success,
非皮卡,高度压缩两两组合,Cadillac,Eldorado/Eldorado,Eldorado,/,/,4XL,1953-1958/1961-1966,Convertible/Coupe/Convertible/Coupe,/,,,1953-1966,Convertible/Coupe,,fallback,Cadillac Eldorado 1959 Coupe 原子事实对应多条候选记录
非皮卡,高度压缩两两组合,Cadillac,Eldorado/Eldorado,Eldorado,/,/,4XL,1953-1958/1967-1985,Convertible/Coupe/Convertible/Coupe,/,,,1953-1985,Convertible/Coupe,,fallback,Cadillac Eldorado 1959 Coupe 原子事实对应多条候选记录
非皮卡,高度压缩两两组合,Cadillac,Eldorado/Eldorado,Eldorado,/,/,无可用尺码,1959-1960/1986-1992,Coupe/Coupe,/,,,1959-1992,Coupe,,fallback,Cadillac Eldorado 1961 Coupe 原子事实对应多条候选记录
非皮卡,高度压缩两两组合,Cadillac,Eldorado/Eldorado,Eldorado,/,/,无可用尺码,1959-1960/1995,Coupe/Coupe,/,,,1959-1995,Coupe,,fallback,Cadillac Eldorado 1961 Coupe 原子事实对应多条候选记录
非皮卡,高度压缩两两组合,Cadillac,Eldorado/Eldorado,Eldorado,/,/,无可用尺码,1959-1960/1998-2002,Coupe/Coupe,/,,,1959-2002,Coupe,,fallback,Cadillac Eldorado 1961 Coupe 原子事实对应多条候选记录
非皮卡,高度压缩两两组合,Cadillac,Eldorado/Eldorado,Eldorado,/,/,4XL,1961-1966/1967-1985,Convertible/Coupe/Convertible/Coupe,/,,,1961-1985,Convertible/Coupe,,success,
非皮卡,高度压缩两两组合,Cadillac,Eldorado/Eldorado,Eldorado,/,/,4XL,1953-1958/1961-1985,Convertible/Coupe/Convertible/Coupe,/,,,1953-1985,Convertible/Coupe,,fallback,Cadillac Eldorado 1959 Coupe 原子事实对应多条候选记录
非皮卡,高度压缩两两组合,Cadillac,Eldorado/Eldorado,Eldorado,/,/,无可用尺码,1959-1960/1986-1992,Coupe/Coupe,/,,,1959-1992,Coupe,,fallback,Cadillac Eldorado 1961 Coupe 原子事实对应多条候选记录
非皮卡,高度压缩两两组合,Cadillac,Eldorado/Eldorado,Eldorado,/,/,无可用尺码,1959-1960/1995,Coupe/Coupe,/,,,1959-1995,Coupe,,fallback,Cadillac Eldorado 1961 Coupe 原子事实对应多条候选记录
非皮卡,高度压缩两两组合,Cadillac,Eldorado/Eldorado,Eldorado,/,/,无可用尺码,1959-1960/1998-2002,Coupe/Coupe,/,,,1959-2002,Coupe,,fallback,Cadillac Eldorado 1961 Coupe 原子事实对应多条候选记录
非皮卡,高度压缩两两组合,Cadillac,Eldorado/Eldorado,Eldorado,/,/,无可用尺码,1986-1992/1995,Coupe/Coupe,/,,,1986-1995,Coupe,,success,
非皮卡,高度压缩两两组合,Cadillac,Eldorado/Eldorado,Eldorado,/,/,4XL,1953-1958/1961-1985,Convertible/Coupe/Convertible/Coupe,/,,,1953-1985,Convertible/Coupe,,fallback,Cadillac Eldorado 1959 Coupe 原子事实对应多条候选记录
非皮卡,高度压缩两两组合,Cadillac,Eldorado/Eldorado,Eldorado,/,/,无可用尺码,1959-1960/1986-1995,Coupe/Coupe,/,,,1959-1995,Coupe,,fallback,Cadillac Eldorado 1961 Coupe 原子事实对应多条候选记录
非皮卡,高度压缩两两组合,Cadillac,Eldorado/Eldorado,Eldorado,/,/,无可用尺码,1959-1960/1998-2002,Coupe/Coupe,/,,,1959-2002,Coupe,,fallback,Cadillac Eldorado 1961 Coupe 原子事实对应多条候选记录
非皮卡,高度压缩两两组合,Cadillac,Eldorado/Eldorado,Eldorado,/,/,无可用尺码,1986-1995/1998-2002,Coupe/Coupe,/,,,1986-2002,Coupe,,success,
非皮卡,高度压缩两两组合,Cadillac,Eldorado/Eldorado,Eldorado,/,/,4XL,1953-1958/1961-1985,Convertible/Coupe/Convertible/Coupe,/,,,1953-1985,Convertible/Coupe,,fallback,Cadillac Eldorado 1959 Coupe 原子事实对应多条候选记录
非皮卡,高度压缩两两组合,Cadillac,Eldorado/Eldorado,Eldorado,/,/,无可用尺码,1959-1960/1986-2002,Coupe/Coupe,/,,,1959-2002,Coupe,,fallback,Cadillac Eldorado 1961 Coupe 原子事实对应多条候选记录
非皮卡,高度压缩两两组合,Cadillac,Escalade/Escalade,Escalade,/,/,无可用尺码,1999-2000/2002-2026,SUV/SUV,/,,,1999-2026,SUV,,success,
非皮卡,高度压缩两两组合,Cadillac,Escalade/Escalade,Escalade,/,/,无可用尺码,1999-2026/2003-2026,SUV/SUV,/ESV,,,1999-2026,SUV,Incl: ESV,success,
非皮卡,高度压缩两两组合,Cadillac,Lyriq/Lyriq,Lyriq,/,/,无可用尺码,2023-2026/2026,SUV/SUV,/Lyriq-V,,,2023-2026,SUV,Incl: Lyriq-V,success,
非皮卡,高度压缩两两组合,Cadillac,SRX/SRX,SRX,/,/,无可用尺码,2004-2009/2010-2016,Wagon/SUV,/,,,2004-2016,SUV/Wagon,,success,
非皮卡,高度压缩两两组合,Cadillac,STS/STS,STS,/,/,4XL,2005-2011/2006-2009,Sedan/Sedan,/STS-V,,,2005-2011,Sedan,Incl: STS-V,success,
非皮卡,高度压缩两两组合,Cadillac,Seville/Seville,Seville,/,/,4XL,1976-1985/1992-1993,Sedan/Sedan,/,,,1976-1993,Sedan,,fallback,Cadillac Seville 1986 Sedan 原子事实对应多条候选记录
非皮卡,高度压缩两两组合,Cadillac,Seville/Seville,Seville,/,/,4XL,1976-1985/1994-1997,Sedan/Sedan,/STS/SLS,,,1976-1997,Sedan,Incl: SLS/STS,fallback,Cadillac Seville 1986 Sedan 原子事实对应多条候选记录
非皮卡,高度压缩两两组合,Cadillac,Seville/Seville,Seville,/,/,无可用尺码,1986-1987/1988-1990,Sedan/Sedan,/STS,,,1986-1990,Sedan,Incl: STS,success,
非皮卡,高度压缩两两组合,Cadillac,Seville/Seville,Seville,/,/,4XL,1976-1985/1992-1993,Sedan/Sedan,/,,,1976-1993,Sedan,,fallback,Cadillac Seville 1986 Sedan 原子事实对应多条候选记录
非皮卡,高度压缩两两组合,Cadillac,Seville/Seville,Seville,/,/,4XL,1976-1985/1994-1997,Sedan/Sedan,/STS/SLS,,,1976-1997,Sedan,Incl: SLS/STS,fallback,Cadillac Seville 1986 Sedan 原子事实对应多条候选记录
非皮卡,高度压缩两两组合,Cadillac,Seville/Seville,Seville,/,/,无可用尺码,1986-1990/1991,Sedan/Sedan,Incl: STS/,,,1986-1991,Sedan,Incl: STS,success,
非皮卡,高度压缩两两组合,Cadillac,Seville/Seville,Seville,/,/,4XL,1976-1985/1992-1993,Sedan/Sedan,/,,,1976-1993,Sedan,,fallback,Cadillac Seville 1986 Sedan 原子事实对应多条候选记录
非皮卡,高度压缩两两组合,Cadillac,Seville/Seville,Seville,/,/,4XL,1976-1985/1994-1997,Sedan/Sedan,/STS/SLS,,,1976-1997,Sedan,Incl: SLS/STS,fallback,Cadillac Seville 1986 Sedan 原子事实对应多条候选记录
非皮卡,高度压缩两两组合,Cadillac,Seville/Seville,Seville,/,/,无可用尺码,1986-1991/1998-2004,Sedan/Sedan,Incl: STS/STS/SLS,,,1986-2004,Sedan,Incl: SLS/STS,fallback,Cadillac Seville 1992 Sedan 原子事实对应多条候选记录
非皮卡,高度压缩两两组合,Cadillac,Seville/Seville,Seville,/,/,4XL,1992-1993/1994-1997,Sedan/Sedan,/STS/SLS,,,1992-1997,Sedan,Incl: SLS/STS,success,
非皮卡,高度压缩两两组合,Cadillac,Seville/Seville,Seville,/,/,4XL,1976-1985/1992-1997,Sedan/Sedan,/Incl: SLS/STS,,,1976-1997,Sedan,Incl: SLS/STS,fallback,Cadillac Seville 1986 Sedan 原子事实对应多条候选记录
非皮卡,高度压缩两两组合,Cadillac,Seville/Seville,Seville,/,/,无可用尺码,1986-1991/1998-2004,Sedan/Sedan,Incl: STS/STS/SLS,,,1986-2004,Sedan,Incl: SLS/STS,fallback,Cadillac Seville 1992 Sedan 原子事实对应多条候选记录
非皮卡,高度压缩两两组合,Cadillac,XLR/XLR,XLR,/,/,无可用尺码,2004-2009/2006-2009,Convertible/Convertible,/XLR-V,,,2004-2009,Convertible,Incl: XLR-V,success,
非皮卡,高度压缩两两组合,Chevrolet,Astro/Astro,Astro,/,/,无可用尺码,1985-1994/1990-2005,Wagon/Wagon,/LWB,,,1985-2005,Wagon,Incl: LWB,success,
非皮卡,高度压缩两两组合,Chevrolet,Aveo/Aveo,Aveo,/,/,无可用尺码,2004-2011/2004-2011,Hatchback/Sedan,/,,,2004-2011,Hatchback/Sedan,,success,
非皮卡,高度压缩两两组合,Chevrolet,Bel Air/Bel Air,Bel Air,/,/,无可用尺码,1953-1954/1953-1957,Coupe/Convertible,/,,,1953-1957,Convertible/Coupe,,fallback,Chevrolet Bel Air 1957 Coupe 原子事实对应多条候选记录
非皮卡,高度压缩两两组合,Chevrolet,Bel Air/Bel Air,Bel Air,/,/,无可用尺码,1953-1954/1953-1957,Coupe/Sedan,/,,,1953-1957,Coupe/Sedan,,fallback,Chevrolet Bel Air 1957 Coupe 原子事实对应多条候选记录
非皮卡,高度压缩两两组合,Chevrolet,Bel Air/Bel Air,Bel Air,/,/,无可用尺码,1953-1954/1954-1965,Coupe/Wagon,/,,,1953-1965,Coupe/Wagon,,fallback,Chevrolet Bel Air 1957 Coupe 原子事实对应多条候选记录
非皮卡,高度压缩两两组合,Chevrolet,Bel Air/Bel Air,Bel Air,/,/,无可用尺码,1953-1954/1957,Coupe/Coupe,/,,,1953-1957,Coupe,,success,
非皮卡,高度压缩两两组合,Chevrolet,Bel Air/Bel Air,Bel Air,/,/,无可用尺码,1953-1957/1953-1957,Convertible/Coupe,/,,,1953-1957,Convertible/Coupe,,success,
非皮卡,高度压缩两两组合,Chevrolet,Bel Air/Bel Air,Bel Air,/,/,无可用尺码,1953-1957/1953-1957,Convertible/Coupe/Sedan,/,,,1953-1957,Convertible/Coupe/Sedan,,success,
非皮卡,高度压缩两两组合,Chevrolet,Bel Air/Bel Air,Bel Air,/,/,无可用尺码,1953-1957/1954-1965,Convertible/Coupe/Sedan/Wagon,/,,,1953-1965,Convertible/Coupe/Sedan/Wagon,,fallback,Chevrolet Bel Air 1958 Convertible 原子事实对应多条候选记录
非皮卡,高度压缩两两组合,Chevrolet,Bel Air/Bel Air,Bel Air,/,/,无可用尺码,1953-1957/1959-1960,Convertible/Coupe/Sedan/Wagon,/Parkwood/Kingswood,,,1953-1960,Convertible/Coupe/Sedan/Wagon,Incl: Kingswood/Parkwood,fallback,Chevrolet Bel Air 1954 Wagon 原子事实对应多条候选记录
非皮卡,高度压缩两两组合,Chevrolet,Bel Air/Bel Air,Bel Air,/,/,无可用尺码,1953-1957/1967-1969,Convertible/Coupe/Sedan/Wagon,/,,,1953-1969,Convertible/Coupe/Sedan/Wagon,,fallback,Chevrolet Bel Air 1954 Wagon 原子事实对应多条候选记录
非皮卡,高度压缩两两组合,Chevrolet,Bel Air/Bel Air,Bel Air,/,/,无可用尺码,1954-1965/1959-1960,Wagon/Wagon,/Parkwood/Kingswood,,,1954-1965,Wagon,Incl: Kingswood/Parkwood,success,
非皮卡,高度压缩两两组合,Chevrolet,Bel Air/Bel Air,Bel Air,/,/,无可用尺码,1953-1957/1954-1965,Convertible/Coupe/Sedan/Wagon,/Incl: Kingswood/Parkwood,,,1953-1965,Convertible/Coupe/Sedan/Wagon,Incl: Kingswood/Parkwood,fallback,Chevrolet Bel Air 1958 Convertible 原子事实对应多条候选记录
非皮卡,高度压缩两两组合,Chevrolet,Bel Air/Bel Air,Bel Air,/,/,无可用尺码,1953-1957/1967-1969,Convertible/Coupe/Sedan/Wagon,/,,,1953-1969,Convertible/Coupe/Sedan/Wagon,,fallback,Chevrolet Bel Air 1954 Wagon 原子事实对应多条候选记录
非皮卡,高度压缩两两组合,Chevrolet,Bel Air/Bel Air,Bel Air,/,/,无可用尺码,1954-1965/1967-1969,Wagon/Wagon,Incl: Kingswood/Parkwood/,,,1954-1969,Wagon,Incl: Kingswood/Parkwood,success,
非皮卡,高度压缩两两组合,Chevrolet,Bel Air/Bel Air,Bel Air,/,/,无可用尺码,1953-1957/1954-1969,Convertible/Coupe/Sedan/Wagon,/Incl: Kingswood/Parkwood,,,1953-1969,Convertible/Coupe/Sedan/Wagon,Incl: Kingswood/Parkwood,fallback,Chevrolet Bel Air 1958 Convertible 原子事实对应多条候选记录
非皮卡,高度压缩两两组合,Chevrolet,Bel Air/Bel Air,Bel Air,/,/,4XL,1958/1958,Convertible/Coupe,/,,,1958,Convertible/Coupe,,success,
非皮卡,高度压缩两两组合,Chevrolet,Bel Air/Bel Air,Bel Air,/,/,无可用尺码,1953-1957/1954-1969,Convertible/Coupe/Sedan/Wagon,/Incl: Kingswood/Parkwood,,,1953-1969,Convertible/Coupe/Sedan/Wagon,Incl: Kingswood/Parkwood,fallback,Chevrolet Bel Air 1958 Convertible 原子事实对应多条候选记录
非皮卡,高度压缩两两组合,Chevrolet,Bel Air/Bel Air,Bel Air,/,/,4XL,1958/1958-1975,Convertible/Coupe/Sedan,/,,,1958-1975,Convertible/Coupe/Sedan,,fallback,Chevrolet Bel Air 1960 Coupe 原子事实对应多条候选记录
非皮卡,高度压缩两两组合,Chevrolet,Bel Air/Bel Air,Bel Air,/,/,4XL,1958/1959-1960,Convertible/Coupe/Coupe,/Hardtop,,,1958-1960,Convertible/Coupe,Incl: Hardtop,fallback,Chevrolet Bel Air 1960 Coupe 原子事实对应多条候选记录
非皮卡,高度压缩两两组合,Chevrolet,Bel Air/Bel Air,Bel Air,/,/,4XL,1958/1959-1960,Convertible/Coupe/Sedan,/2dr,,,1958-1960,Convertible/Coupe/Sedan,Incl: 2dr,fallback,Chevrolet Bel Air 1958 Sedan 原子事实对应多条候选记录
非皮卡,高度压缩两两组合,Chevrolet,Bel Air/Bel Air,Bel Air,/,/,4XL,1958/1959-1960,Convertible/Coupe/Sedan,/4dr,,,1958-1960,Convertible/Coupe/Sedan,Incl: 4dr,fallback,Chevrolet Bel Air 1958 Sedan 原子事实对应多条候选记录
非皮卡,高度压缩两两组合,Chevrolet,Bel Air/Bel Air,Bel Air,/,/,4XL,1958/1960-1962,Convertible/Coupe/Coupe,/,,,1958-1962,Convertible/Coupe,,success,
非皮卡,高度压缩两两组合,Chevrolet,Bel Air/Bel Air,Bel Air,/,/,无可用尺码,1953-1957/1954-1969,Convertible/Coupe/Sedan/Wagon,/Incl: Kingswood/Parkwood,,,1953-1969,Convertible/Coupe/Sedan/Wagon,Incl: Kingswood/Parkwood,fallback,Chevrolet Bel Air 1958 Convertible 原子事实对应多条候选记录
非皮卡,高度压缩两两组合,Chevrolet,Bel Air/Bel Air,Bel Air,/,/,4XL,1958-1962/1958-1975,Convertible/Coupe/Sedan,/,,,1958-1975,Convertible/Coupe/Sedan,,success,
非皮卡,高度压缩两两组合,Chevrolet,Bel Air/Bel Air,Bel Air,/,/,无可用尺码,1953-1957/1954-1969,Convertible/Coupe/Sedan/Wagon,/Incl: Kingswood/Parkwood,,,1953-1969,Convertible/Coupe/Sedan/Wagon,Incl: Kingswood/Parkwood,fallback,Chevrolet Bel Air 1958 Convertible 原子事实对应多条候选记录
非皮卡,高度压缩两两组合,Chevrolet,Bel Air/Bel Air,Bel Air,/,/,4XL,1958-1975/1959-1960,Convertible/Coupe/Sedan/Coupe,/Hardtop,,,1958-1975,Convertible/Coupe/Sedan,Incl: Hardtop,success,
非皮卡,高度压缩两两组合,Chevrolet,Bel Air/Bel Air,Bel Air,/,/,无可用尺码,1953-1957/1954-1969,Convertible/Coupe/Sedan/Wagon,/Incl: Kingswood/Parkwood,,,1953-1969,Convertible/Coupe/Sedan/Wagon,Incl: Kingswood/Parkwood,fallback,Chevrolet Bel Air 1958 Convertible 原子事实对应多条候选记录
非皮卡,高度压缩两两组合,Chevrolet,Bel Air/Bel Air,Bel Air,/,/,4XL,1958-1975/1959-1960,Convertible/Coupe/Sedan/Sedan,Incl: Hardtop/2dr,,,1958-1975,Convertible/Coupe/Sedan,Incl: 2dr/Hardtop,success,
非皮卡,高度压缩两两组合,Chevrolet,Bel Air/Bel Air,Bel Air,/,/,无可用尺码,1953-1957/1954-1969,Convertible/Coupe/Sedan/Wagon,/Incl: Kingswood/Parkwood,,,1953-1969,Convertible/Coupe/Sedan/Wagon,Incl: Kingswood/Parkwood,fallback,Chevrolet Bel Air 1958 Convertible 原子事实对应多条候选记录
非皮卡,高度压缩两两组合,Chevrolet,Bel Air/Bel Air,Bel Air,/,/,4XL,1958-1975/1959-1960,Convertible/Coupe/Sedan/Sedan,Incl: 2dr/Hardtop/4dr,,,1958-1975,Convertible/Coupe/Sedan,Incl: 2dr/4dr/Hardtop,success,
非皮卡,高度压缩两两组合,Chevrolet,Bel Air/Bel Air,Bel Air,/,/,无可用尺码,1953-1957/1954-1969,Convertible/Coupe/Sedan/Wagon,/Incl: Kingswood/Parkwood,,,1953-1969,Convertible/Coupe/Sedan/Wagon,Incl: Kingswood/Parkwood,fallback,Chevrolet Bel Air 1958 Convertible 原子事实对应多条候选记录
非皮卡,高度压缩两两组合,Chevrolet,Beretta/Beretta,Beretta,/,/,无可用尺码,1987-1991/1992-1994,Coupe/Coupe,/GT/GTZ,,,1987-1994,Coupe,Incl: GT/GTZ,success,
非皮卡,高度压缩两两组合,Chevrolet,Beretta/Beretta,Beretta,/,/,无可用尺码,1987-1994/1995-1996,Coupe/Coupe,Incl: GT/GTZ/,,,1987-1996,Coupe,Incl: GT/GTZ,success,
非皮卡,高度压缩两两组合,Chevrolet,Blazer/Blazer,Blazer,/,/,无可用尺码,1969-1994/1995,SUV/SUV,/2dr,,,1969-1995,SUV,Incl: 2dr,success,
非皮卡,高度压缩两两组合,Chevrolet,Blazer/Blazer,Blazer,/,/,无可用尺码,1969-1995/1996,SUV/SUV,Incl: 2dr/2dr Base 4WD,,,1969-1996,SUV,Incl: 2dr/2dr Base 4WD,success,
非皮卡,高度压缩两两组合,Chevrolet,Blazer/Blazer,Blazer,/,/,无可用尺码,1969-1996/1996,SUV/SUV,Incl: 2dr/2dr Base 4WD/4dr LS 4WD,,,1969-1996,SUV,Incl: 2dr/2dr Base 4WD/4dr LS 4WD,success,
非皮卡,高度压缩两两组合,Chevrolet,Blazer/Blazer,Blazer,/,/,无可用尺码,1969-1996/1997-2005,SUV/SUV,Incl: 2dr/2dr Base 4WD/4dr LS 4WD/4dr,,,1969-2005,SUV,Incl: 2dr/2dr Base 4WD/4dr/4dr LS 4WD,fallback,Chevrolet Blazer 1998 SUV 原子事实对应多条候选记录
非皮卡,高度压缩两两组合,Chevrolet,Blazer/Blazer,Blazer,/,/,无可用尺码,1969-1996/1998,SUV/SUV,Incl: 2dr/2dr Base 4WD/4dr LS 4WD/2dr,,,1969-1998,SUV,Incl: 2dr/2dr Base 4WD/4dr LS 4WD,success,
非皮卡,高度压缩两两组合,Chevrolet,Blazer/Blazer,Blazer,/,/,无可用尺码,1969-1998/1997-2005,SUV/SUV,Incl: 2dr/2dr Base 4WD/4dr LS 4WD/4dr,,,1969-2005,SUV,Incl: 2dr/2dr Base 4WD/4dr/4dr LS 4WD,fallback,Chevrolet Blazer 2003 SUV 原子事实对应多条候选记录
非皮卡,高度压缩两两组合,Chevrolet,Blazer/Blazer,Blazer,/,/,无可用尺码,1969-1998/2003-2004,SUV/SUV,Incl: 2dr/2dr Base 4WD/4dr LS 4WD/2dr,,,1969-2004,SUV,Incl: 2dr/2dr Base 4WD/4dr LS 4WD,success,
非皮卡,高度压缩两两组合,Chevrolet,Blazer/Blazer,Blazer,/,/,无可用尺码,1969-2004/1997-2005,SUV/SUV,Incl: 2dr/2dr Base 4WD/4dr LS 4WD/4dr,,,1969-2005,SUV,Incl: 2dr/2dr Base 4WD/4dr/4dr LS 4WD,success,
非皮卡,高度压缩两两组合,Chevrolet,Blazer/Blazer,Blazer,/,/,无可用尺码,1969-2005/2019-2026,SUV/SUV,Incl: 2dr/2dr Base 4WD/4dr/4dr LS 4WD/,,,1969-2026,SUV,Incl: 2dr/2dr Base 4WD/4dr/4dr LS 4WD,success,
非皮卡,高度压缩两两组合,Chevrolet,Blazer EV/Blazer EV,Blazer EV,/,/,无可用尺码,2024-2026/2025-2026,Crossover/Crossover,/SS,,,2024-2026,Crossover,Incl: SS,success,
非皮卡,高度压缩两两组合,Chevrolet,Bolt/Bolt,Bolt,/,/,无可用尺码,2017-2023/2027,Hatchback/Hatchback,/,,,2017-2027,Hatchback,,success,
非皮卡,高度压缩两两组合,Chevrolet,Camaro/Camaro,Camaro,/,/,无可用尺码,1967-1969/1967-1984,Convertible/Coupe,/,,,1967-1984,Convertible/Coupe,,success,
非皮卡,高度压缩两两组合,Chevrolet,Camaro/Camaro,Camaro,/,/,无可用尺码,1967-1984/1985-1990,Convertible/Coupe/Coupe,/IROC-Z/Z28,,,1967-1990,Convertible/Coupe,Incl: IROC-Z/Z28,fallback,Chevrolet Camaro 1987 Convertible 原子事实对应多条候选记录
非皮卡,高度压缩两两组合,Chevrolet,Camaro/Camaro,Camaro,/,/,无可用尺码,1967-1984/1987-1990,Convertible/Coupe/Convertible,/IROC-Z,,,1967-1990,Convertible/Coupe,Incl: IROC-Z,fallback,Chevrolet Camaro 1985 Coupe 原子事实对应多条候选记录
非皮卡,高度压缩两两组合,Chevrolet,Camaro/Camaro,Camaro,/,/,无可用尺码,1967-1984/1991,Convertible/Coupe/Coupe,/Z28,,,1967-1991,Convertible/Coupe,Incl: Z28,fallback,Chevrolet Camaro 1985 Coupe 原子事实对应多条候选记录
非皮卡,高度压缩两两组合,Chevrolet,Camaro/Camaro,Camaro,/,/,无可用尺码,1967-1984/1991-1992,Convertible/Coupe/Convertible,/,,,1967-1992,Convertible/Coupe,,fallback,Chevrolet Camaro 1992 Coupe 原子事实对应多条候选记录
非皮卡,高度压缩两两组合,Chevrolet,Camaro/Camaro,Camaro,/,/,无可用尺码,1967-1984/1992-2002,Convertible/Coupe/Coupe,/,,,1967-2002,Convertible/Coupe,,fallback,Chevrolet Camaro 1991 Convertible 原子事实对应多条候选记录
非皮卡,高度压缩两两组合,Chevrolet,Camaro/Camaro,Camaro,/,/,无可用尺码,1967-1984/1994-2002,Convertible/Coupe/Convertible,/,,,1967-2002,Convertible/Coupe,,fallback,Chevrolet Camaro 1991 Convertible 原子事实对应多条候选记录
非皮卡,高度压缩两两组合,Chevrolet,Camaro/Camaro,Camaro,/,/,无可用尺码,1967-1984/1995-1997,Convertible/Coupe/Coupe,/Z28,,,1967-1997,Convertible/Coupe,Incl: Z28,fallback,Chevrolet Camaro 1985 Coupe 原子事实对应多条候选记录
非皮卡,高度压缩两两组合,Chevrolet,Camaro/Camaro,Camaro,/,/,无可用尺码,1967-1984/2010-2024,Convertible/Coupe/Coupe,/,,,1967-2024,Convertible/Coupe,,fallback,Chevrolet Camaro 1991 Convertible 原子事实对应多条候选记录
非皮卡,高度压缩两两组合,Chevrolet,Camaro/Camaro,Camaro,/,/,无可用尺码,1967-1984/2011-2024,Convertible/Coupe/Convertible,/,,,1967-2024,Convertible/Coupe,,fallback,Chevrolet Camaro 1991 Convertible 原子事实对应多条候选记录
非皮卡,高度压缩两两组合,Chevrolet,Camaro/Camaro,Camaro,/,/,无可用尺码,1967-1984/2017-2024,Convertible/Coupe/Convertible,/ZL1,,,1967-2024,Convertible/Coupe,Incl: ZL1,fallback,Chevrolet Camaro 1991 Convertible 原子事实对应多条候选记录
非皮卡,高度压缩两两组合,Chevrolet,Camaro/Camaro,Camaro,/,/,无可用尺码,1967-1984/2017-2024,Convertible/Coupe/Coupe,/ZL1,,,1967-2024,Convertible/Coupe,Incl: ZL1,fallback,Chevrolet Camaro 1991 Convertible 原子事实对应多条候选记录
非皮卡,高度压缩两两组合,Chevrolet,Camaro/Camaro,Camaro,/,/,无可用尺码,1985-1990/1987-1990,Coupe/Convertible,IROC-Z/Z28/IROC-Z,,,1985-1990,Convertible/Coupe,IROC-Z/Z28,success,
非皮卡,高度压缩两两组合,Chevrolet,Camaro/Camaro,Camaro,/,/,无可用尺码,1967-1984/1985-1990,Convertible/Coupe/Convertible/Coupe,/IROC-Z/Z28,,,1967-1990,Convertible/Coupe,Incl: IROC-Z/Z28,success,
非皮卡,高度压缩两两组合,Chevrolet,Camaro/Camaro,Camaro,/,/,无可用尺码,1967-1990/1991,Convertible/Coupe/Coupe,Incl: IROC-Z/Z28/Z28,,,1967-1991,Convertible/Coupe,Incl: IROC-Z/Z28,fallback,Chevrolet Camaro 1991 Convertible 原子事实对应多条候选记录
非皮卡,高度压缩两两组合,Chevrolet,Camaro/Camaro,Camaro,/,/,无可用尺码,1967-1990/1991-1992,Convertible/Coupe/Convertible,Incl: IROC-Z/Z28/,,,1967-1992,Convertible/Coupe,Incl: IROC-Z/Z28,fallback,Chevrolet Camaro 1991 Coupe 原子事实对应多条候选记录
非皮卡,高度压缩两两组合,Chevrolet,Camaro/Camaro,Camaro,/,/,无可用尺码,1967-1990/1992-2002,Convertible/Coupe/Coupe,Incl: IROC-Z/Z28/,,,1967-2002,Convertible/Coupe,Incl: IROC-Z/Z28,fallback,Chevrolet Camaro 1991 Convertible 原子事实对应多条候选记录
非皮卡,高度压缩两两组合,Chevrolet,Camaro/Camaro,Camaro,/,/,无可用尺码,1967-1990/1994-2002,Convertible/Coupe/Convertible,Incl: IROC-Z/Z28/,,,1967-2002,Convertible/Coupe,Incl: IROC-Z/Z28,fallback,Chevrolet Camaro 1991 Convertible 原子事实对应多条候选记录
非皮卡,高度压缩两两组合,Chevrolet,Camaro/Camaro,Camaro,/,/,无可用尺码,1967-1990/1995-1997,Convertible/Coupe/Coupe,Incl: IROC-Z/Z28/Z28,,,1967-1997,Convertible/Coupe,Incl: IROC-Z/Z28,fallback,Chevrolet Camaro 1991 Convertible 原子事实对应多条候选记录
非皮卡,高度压缩两两组合,Chevrolet,Camaro/Camaro,Camaro,/,/,无可用尺码,1967-1990/2010-2024,Convertible/Coupe/Coupe,Incl: IROC-Z/Z28/,,,1967-2024,Convertible/Coupe,Incl: IROC-Z/Z28,fallback,Chevrolet Camaro 1991 Convertible 原子事实对应多条候选记录
非皮卡,高度压缩两两组合,Chevrolet,Camaro/Camaro,Camaro,/,/,无可用尺码,1967-1990/2011-2024,Convertible/Coupe/Convertible,Incl: IROC-Z/Z28/,,,1967-2024,Convertible/Coupe,Incl: IROC-Z/Z28,fallback,Chevrolet Camaro 1991 Convertible 原子事实对应多条候选记录
非皮卡,高度压缩两两组合,Chevrolet,Camaro/Camaro,Camaro,/,/,无可用尺码,1967-1990/2017-2024,Convertible/Coupe/Convertible,Incl: IROC-Z/Z28/ZL1,,,1967-2024,Convertible/Coupe,Incl: IROC-Z/Z28/ZL1,fallback,Chevrolet Camaro 1991 Convertible 原子事实对应多条候选记录
非皮卡,高度压缩两两组合,Chevrolet,Camaro/Camaro,Camaro,/,/,无可用尺码,1967-1990/2017-2024,Convertible/Coupe/Coupe,Incl: IROC-Z/Z28/ZL1,,,1967-2024,Convertible/Coupe,Incl: IROC-Z/Z28/ZL1,fallback,Chevrolet Camaro 1991 Convertible 原子事实对应多条候选记录
非皮卡,高度压缩两两组合,Chevrolet,Camaro/Camaro,Camaro,/,/,无可用尺码,1991/1991-1992,Coupe/Convertible,Z28/,,,1991-1992,Convertible/Coupe,Incl: Z28,fallback,Chevrolet Camaro 1992 Coupe 原子事实对应多条候选记录
非皮卡,高度压缩两两组合,Chevrolet,Camaro/Camaro,Camaro,/,/,无可用尺码,1991/1992-2002,Coupe/Coupe,Z28/,,,1991-2002,Coupe,Incl: Z28,fallback,Chevrolet Camaro 1995 Coupe 原子事实对应多条候选记录
非皮卡,高度压缩两两组合,Chevrolet,Camaro/Camaro,Camaro,/,/,无可用尺码,1991/1994-2002,Coupe/Convertible,Z28/,,,1991-2002,Convertible/Coupe,Incl: Z28,fallback,Chevrolet Camaro 1991 Convertible 原子事实对应多条候选记录
非皮卡,高度压缩两两组合,Chevrolet,Camaro/Camaro,Camaro,/,/,无可用尺码,1991/1995-1997,Coupe/Coupe,Z28/Z28,,,1991-1997,Coupe,Z28,success,
非皮卡,高度压缩两两组合,Chevrolet,Camaro/Camaro,Camaro,/,/,无可用尺码,1967-1990/1991-1992,Convertible/Coupe/Convertible,Incl: IROC-Z/Z28/,,,1967-1992,Convertible/Coupe,Incl: IROC-Z/Z28,fallback,Chevrolet Camaro 1991 Coupe 原子事实对应多条候选记录
非皮卡,高度压缩两两组合,Chevrolet,Camaro/Camaro,Camaro,/,/,无可用尺码,1967-1990/1991-1997,Convertible/Coupe/Coupe,Incl: IROC-Z/Z28/Z28,,,1967-1997,Convertible/Coupe,Incl: IROC-Z/Z28,fallback,Chevrolet Camaro 1991 Convertible 原子事实对应多条候选记录
非皮卡,高度压缩两两组合,Chevrolet,Camaro/Camaro,Camaro,/,/,无可用尺码,1967-1990/1992-2002,Convertible/Coupe/Coupe,Incl: IROC-Z/Z28/,,,1967-2002,Convertible/Coupe,Incl: IROC-Z/Z28,fallback,Chevrolet Camaro 1991 Convertible 原子事实对应多条候选记录
非皮卡,高度压缩两两组合,Chevrolet,Camaro/Camaro,Camaro,/,/,无可用尺码,1967-1990/1994-2002,Convertible/Coupe/Convertible,Incl: IROC-Z/Z28/,,,1967-2002,Convertible/Coupe,Incl: IROC-Z/Z28,fallback,Chevrolet Camaro 1991 Convertible 原子事实对应多条候选记录
非皮卡,高度压缩两两组合,Chevrolet,Camaro/Camaro,Camaro,/,/,无可用尺码,1967-1990/2010-2024,Convertible/Coupe/Coupe,Incl: IROC-Z/Z28/,,,1967-2024,Convertible/Coupe,Incl: IROC-Z/Z28,fallback,Chevrolet Camaro 1991 Convertible 原子事实对应多条候选记录
非皮卡,高度压缩两两组合,Chevrolet,Camaro/Camaro,Camaro,/,/,无可用尺码,1967-1990/2011-2024,Convertible/Coupe/Convertible,Incl: IROC-Z/Z28/,,,1967-2024,Convertible/Coupe,Incl: IROC-Z/Z28,fallback,Chevrolet Camaro 1991 Convertible 原子事实对应多条候选记录
非皮卡,高度压缩两两组合,Chevrolet,Camaro/Camaro,Camaro,/,/,无可用尺码,1967-1990/2017-2024,Convertible/Coupe/Convertible,Incl: IROC-Z/Z28/ZL1,,,1967-2024,Convertible/Coupe,Incl: IROC-Z/Z28/ZL1,fallback,Chevrolet Camaro 1991 Convertible 原子事实对应多条候选记录
非皮卡,高度压缩两两组合,Chevrolet,Camaro/Camaro,Camaro,/,/,无可用尺码,1967-1990/2017-2024,Convertible/Coupe/Coupe,Incl: IROC-Z/Z28/ZL1,,,1967-2024,Convertible/Coupe,Incl: IROC-Z/Z28/ZL1,fallback,Chevrolet Camaro 1991 Convertible 原子事实对应多条候选记录
非皮卡,高度压缩两两组合,Chevrolet,Camaro/Camaro,Camaro,/,/,无可用尺码,1991-1992/1991-1997,Convertible/Coupe,/Z28,,,1991-1997,Convertible/Coupe,Incl: Z28,fallback,Chevrolet Camaro 1992 Coupe 原子事实对应多条候选记录
非皮卡,高度压缩两两组合,Chevrolet,Camaro/Camaro,Camaro,/,/,无可用尺码,1991-1992/1992-2002,Convertible/Coupe,/,,,1991-2002,Convertible/Coupe,,fallback,Chevrolet Camaro 1994 Convertible 原子事实对应多条候选记录
非皮卡,高度压缩两两组合,Chevrolet,Camaro/Camaro,Camaro,/,/,无可用尺码,1991-1992/1994-2002,Convertible/Convertible,/,,,1991-2002,Convertible,,success,
非皮卡,高度压缩两两组合,Chevrolet,Camaro/Camaro,Camaro,/,/,无可用尺码,1967-1990/1991-1997,Convertible/Coupe/Coupe,Incl: IROC-Z/Z28/Z28,,,1967-1997,Convertible/Coupe,Incl: IROC-Z/Z28,fallback,Chevrolet Camaro 1991 Convertible 原子事实对应多条候选记录
非皮卡,高度压缩两两组合,Chevrolet,Camaro/Camaro,Camaro,/,/,无可用尺码,1967-1990/1991-2002,Convertible/Coupe/Convertible,Incl: IROC-Z/Z28/,,,1967-2002,Convertible/Coupe,Incl: IROC-Z/Z28,fallback,Chevrolet Camaro 1991 Coupe 原子事实对应多条候选记录
非皮卡,高度压缩两两组合,Chevrolet,Camaro/Camaro,Camaro,/,/,无可用尺码,1967-1990/1992-2002,Convertible/Coupe/Coupe,Incl: IROC-Z/Z28/,,,1967-2002,Convertible/Coupe,Incl: IROC-Z/Z28,fallback,Chevrolet Camaro 1991 Convertible 原子事实对应多条候选记录
非皮卡,高度压缩两两组合,Chevrolet,Camaro/Camaro,Camaro,/,/,无可用尺码,1967-1990/2010-2024,Convertible/Coupe/Coupe,Incl: IROC-Z/Z28/,,,1967-2024,Convertible/Coupe,Incl: IROC-Z/Z28,fallback,Chevrolet Camaro 1991 Convertible 原子事实对应多条候选记录
非皮卡,高度压缩两两组合,Chevrolet,Camaro/Camaro,Camaro,/,/,无可用尺码,1967-1990/2011-2024,Convertible/Coupe/Convertible,Incl: IROC-Z/Z28/,,,1967-2024,Convertible/Coupe,Incl: IROC-Z/Z28,fallback,Chevrolet Camaro 1991 Convertible 原子事实对应多条候选记录
非皮卡,高度压缩两两组合,Chevrolet,Camaro/Camaro,Camaro,/,/,无可用尺码,1967-1990/2017-2024,Convertible/Coupe/Convertible,Incl: IROC-Z/Z28/ZL1,,,1967-2024,Convertible/Coupe,Incl: IROC-Z/Z28/ZL1,fallback,Chevrolet Camaro 1991 Convertible 原子事实对应多条候选记录
非皮卡,高度压缩两两组合,Chevrolet,Camaro/Camaro,Camaro,/,/,无可用尺码,1967-1990/2017-2024,Convertible/Coupe/Coupe,Incl: IROC-Z/Z28/ZL1,,,1967-2024,Convertible/Coupe,Incl: IROC-Z/Z28/ZL1,fallback,Chevrolet Camaro 1991 Convertible 原子事实对应多条候选记录
非皮卡,高度压缩两两组合,Chevrolet,Camaro/Camaro,Camaro,/,/,无可用尺码,1991-1997/1991-2002,Coupe/Convertible,Z28/,,,1991-2002,Convertible/Coupe,Incl: Z28,fallback,Chevrolet Camaro 1992 Coupe 原子事实对应多条候选记录
非皮卡,高度压缩两两组合,Chevrolet,Camaro/Camaro,Camaro,/,/,无可用尺码,1991-1997/1992-2002,Coupe/Coupe,Z28/,,,1991-2002,Coupe,Incl: Z28,success,
非皮卡,高度压缩两两组合,Chevrolet,Camaro/Camaro,Camaro,/,/,无可用尺码,1967-1990/1991-2002,Convertible/Coupe/Convertible,Incl: IROC-Z/Z28/,,,1967-2002,Convertible/Coupe,Incl: IROC-Z/Z28,fallback,Chevrolet Camaro 1991 Coupe 原子事实对应多条候选记录
非皮卡,高度压缩两两组合,Chevrolet,Camaro/Camaro,Camaro,/,/,无可用尺码,1967-1990/1991-2002,Convertible/Coupe/Coupe,Incl: IROC-Z/Z28/Incl: Z28,,,1967-2002,Convertible/Coupe,Incl: IROC-Z/Z28,fallback,Chevrolet Camaro 1991 Convertible 原子事实对应多条候选记录
非皮卡,高度压缩两两组合,Chevrolet,Camaro/Camaro,Camaro,/,/,无可用尺码,1967-1990/2010-2024,Convertible/Coupe/Coupe,Incl: IROC-Z/Z28/,,,1967-2024,Convertible/Coupe,Incl: IROC-Z/Z28,fallback,Chevrolet Camaro 1991 Convertible 原子事实对应多条候选记录
非皮卡,高度压缩两两组合,Chevrolet,Camaro/Camaro,Camaro,/,/,无可用尺码,1967-1990/2011-2024,Convertible/Coupe/Convertible,Incl: IROC-Z/Z28/,,,1967-2024,Convertible/Coupe,Incl: IROC-Z/Z28,fallback,Chevrolet Camaro 1991 Convertible 原子事实对应多条候选记录
非皮卡,高度压缩两两组合,Chevrolet,Camaro/Camaro,Camaro,/,/,无可用尺码,1967-1990/2017-2024,Convertible/Coupe/Convertible,Incl: IROC-Z/Z28/ZL1,,,1967-2024,Convertible/Coupe,Incl: IROC-Z/Z28/ZL1,fallback,Chevrolet Camaro 1991 Convertible 原子事实对应多条候选记录
非皮卡,高度压缩两两组合,Chevrolet,Camaro/Camaro,Camaro,/,/,无可用尺码,1967-1990/2017-2024,Convertible/Coupe/Coupe,Incl: IROC-Z/Z28/ZL1,,,1967-2024,Convertible/Coupe,Incl: IROC-Z/Z28/ZL1,fallback,Chevrolet Camaro 1991 Convertible 原子事实对应多条候选记录
非皮卡,高度压缩两两组合,Chevrolet,Camaro/Camaro,Camaro,/,/,无可用尺码,1991-2002/1991-2002,Convertible/Coupe,/Incl: Z28,,,1991-2002,Convertible/Coupe,Incl: Z28,success,
非皮卡,高度压缩两两组合,Chevrolet,Camaro/Camaro,Camaro,/,/,无可用尺码,1967-1990/1991-2002,Convertible/Coupe/Convertible/Coupe,Incl: IROC-Z/Z28/Incl: Z28,,,1967-2002,Convertible/Coupe,Incl: IROC-Z/Z28,success,
非皮卡,高度压缩两两组合,Chevrolet,Camaro/Camaro,Camaro,/,/,无可用尺码,1967-2002/2010-2024,Convertible/Coupe/Coupe,Incl: IROC-Z/Z28/,,,1967-2024,Convertible/Coupe,Incl: IROC-Z/Z28,fallback,Chevrolet Camaro 2011 Convertible 原子事实对应多条候选记录
非皮卡,高度压缩两两组合,Chevrolet,Camaro/Camaro,Camaro,/,/,无可用尺码,1967-2002/2011-2024,Convertible/Coupe/Convertible,Incl: IROC-Z/Z28/,,,1967-2024,Convertible/Coupe,Incl: IROC-Z/Z28,fallback,Chevrolet Camaro 2010 Coupe 原子事实对应多条候选记录
非皮卡,高度压缩两两组合,Chevrolet,Camaro/Camaro,Camaro,/,/,无可用尺码,1967-2002/2017-2024,Convertible/Coupe/Convertible,Incl: IROC-Z/Z28/ZL1,,,1967-2024,Convertible/Coupe,Incl: IROC-Z/Z28/ZL1,fallback,Chevrolet Camaro 2010 Coupe 原子事实对应多条候选记录
非皮卡,高度压缩两两组合,Chevrolet,Camaro/Camaro,Camaro,/,/,无可用尺码,1967-2002/2017-2024,Convertible/Coupe/Coupe,Incl: IROC-Z/Z28/ZL1,,,1967-2024,Convertible/Coupe,Incl: IROC-Z/Z28/ZL1,fallback,Chevrolet Camaro 2010 Coupe 原子事实对应多条候选记录
非皮卡,高度压缩两两组合,Chevrolet,Camaro/Camaro,Camaro,/,/,无可用尺码,2010-2024/2011-2024,Coupe/Convertible,/,,,2010-2024,Convertible/Coupe,,success,
非皮卡,高度压缩两两组合,Chevrolet,Camaro/Camaro,Camaro,/,/,无可用尺码,1967-2002/2010-2024,Convertible/Coupe/Convertible/Coupe,Incl: IROC-Z/Z28/,,,1967-2024,Convertible/Coupe,Incl: IROC-Z/Z28,success,
非皮卡,高度压缩两两组合,Chevrolet,Camaro/Camaro,Camaro,/,/,无可用尺码,1967-2024/2017-2024,Convertible/Coupe/Convertible,Incl: IROC-Z/Z28/ZL1,,,1967-2024,Convertible/Coupe,Incl: IROC-Z/Z28/ZL1,fallback,Chevrolet Camaro 2017 Coupe 原子事实对应多条候选记录
非皮卡,高度压缩两两组合,Chevrolet,Camaro/Camaro,Camaro,/,/,无可用尺码,1967-2024/2017-2024,Convertible/Coupe/Coupe,Incl: IROC-Z/Z28/ZL1,,,1967-2024,Convertible/Coupe,Incl: IROC-Z/Z28/ZL1,fallback,Chevrolet Camaro 2017 Convertible 原子事实对应多条候选记录
非皮卡,高度压缩两两组合,Chevrolet,Camaro/Camaro,Camaro,/,/,无可用尺码,2017-2024/2017-2024,Convertible/Coupe,ZL1/ZL1,,,2017-2024,Convertible/Coupe,ZL1,success,
非皮卡,高度压缩两两组合,Chevrolet,Camaro/Camaro,Camaro,/,/,无可用尺码,1967-2024/2017-2024,Convertible/Coupe/Convertible/Coupe,Incl: IROC-Z/Z28/ZL1,,,1967-2024,Convertible/Coupe,Incl: IROC-Z/Z28/ZL1,success,
非皮卡,高度压缩两两组合,Chevrolet,Caprice/Caprice,Caprice,/,/,4XL,1966-1970/1966-1976,Sedan/Coupe,/,,,1966-1976,Coupe/Sedan,,success,
非皮卡,高度压缩两两组合,Chevrolet,Caprice/Caprice,Caprice,/,/,4XL,1966-1976/1972-1975,Coupe/Sedan/Convertible,/,,,1966-1976,Convertible/Coupe/Sedan,,success,
非皮卡,高度压缩两两组合,Chevrolet,Cavalier/Cavalier,Cavalier,/,/,无可用尺码,1982-1984/1983,Sedan/Coupe,/,,,1982-1984,Coupe/Sedan,,success,
非皮卡,高度压缩两两组合,Chevrolet,Cavalier/Cavalier,Cavalier,/,/,无可用尺码,1982-1984/1983-1988,Coupe/Sedan/Wagon,/,,,1982-1988,Coupe/Sedan/Wagon,,fallback,Chevrolet Cavalier 1985 Coupe 原子事实对应多条候选记录
非皮卡,高度压缩两两组合,Chevrolet,Cavalier/Cavalier,Cavalier,/,/,无可用尺码,1982-1984/1984-1988,Coupe/Sedan/Hatchback,/,,,1982-1988,Coupe/Hatchback/Sedan,,fallback,Chevrolet Cavalier 1985 Coupe 原子事实对应多条候选记录
非皮卡,高度压缩两两组合,Chevrolet,Cavalier/Cavalier,Cavalier,/,/,无可用尺码,1982-1984/1985,Coupe/Sedan/Coupe,/,,,1982-1985,Coupe/Sedan,,success,
非皮卡,高度压缩两两组合,Chevrolet,Cavalier/Cavalier,Cavalier,/,/,无可用尺码,1982-1985/1983-1988,Coupe/Sedan/Wagon,/,,,1982-1988,Coupe/Sedan/Wagon,,fallback,Chevrolet Cavalier 1986 Sedan 原子事实对应多条候选记录
非皮卡,高度压缩两两组合,Chevrolet,Cavalier/Cavalier,Cavalier,/,/,无可用尺码,1982-1985/1984-1988,Coupe/Sedan/Hatchback,/,,,1982-1988,Coupe/Hatchback/Sedan,,fallback,Chevrolet Cavalier 1986 Sedan 原子事实对应多条候选记录
非皮卡,高度压缩两两组合,Chevrolet,Cavalier/Cavalier,Cavalier,/,/,无可用尺码,1982-1985/1986,Coupe/Sedan/Sedan,/,,,1982-1986,Coupe/Sedan,,success,
非皮卡,高度压缩两两组合,Chevrolet,Cavalier/Cavalier,Cavalier,/,/,无可用尺码,1982-1986/1983-1988,Coupe/Sedan/Wagon,/,,,1982-1988,Coupe/Sedan/Wagon,,fallback,Chevrolet Cavalier 1987 Coupe 原子事实对应多条候选记录
非皮卡,高度压缩两两组合,Chevrolet,Cavalier/Cavalier,Cavalier,/,/,无可用尺码,1982-1986/1984-1988,Coupe/Sedan/Hatchback,/,,,1982-1988,Coupe/Hatchback/Sedan,,fallback,Chevrolet Cavalier 1987 Coupe 原子事实对应多条候选记录
非皮卡,高度压缩两两组合,Chevrolet,Cavalier/Cavalier,Cavalier,/,/,无可用尺码,1982-1986/1987,Coupe/Sedan/Coupe,/,,,1982-1987,Coupe/Sedan,,success,
非皮卡,高度压缩两两组合,Chevrolet,Cavalier/Cavalier,Cavalier,/,/,无可用尺码,1982-1987/1983-1988,Coupe/Sedan/Wagon,/,,,1982-1988,Coupe/Sedan/Wagon,,fallback,Chevrolet Cavalier 1988 Sedan 原子事实对应多条候选记录
非皮卡,高度压缩两两组合,Chevrolet,Cavalier/Cavalier,Cavalier,/,/,无可用尺码,1982-1987/1984-1988,Coupe/Sedan/Hatchback,/,,,1982-1988,Coupe/Hatchback/Sedan,,fallback,Chevrolet Cavalier 1988 Sedan 原子事实对应多条候选记录
非皮卡,高度压缩两两组合,Chevrolet,Cavalier/Cavalier,Cavalier,/,/,无可用尺码,1982-1987/1988,Coupe/Sedan/Sedan,/,,,1982-1988,Coupe/Sedan,,success,
非皮卡,高度压缩两两组合,Chevrolet,Cavalier/Cavalier,Cavalier,/,/,无可用尺码,1982-1988/1983-1988,Coupe/Sedan/Wagon,/,,,1982-1988,Coupe/Sedan/Wagon,,success,
非皮卡,高度压缩两两组合,Chevrolet,Cavalier/Cavalier,Cavalier,/,/,无可用尺码,1982-1988/1984-1988,Coupe/Sedan/Wagon/Hatchback,/,,,1982-1988,Coupe/Hatchback/Sedan/Wagon,,success,
非皮卡,高度压缩两两组合,Chevrolet,Cavalier/Cavalier,Cavalier,/,/,无可用尺码,1982-1988/1989-1994,Coupe/Hatchback/Sedan/Wagon/Coupe,/,,,1982-1994,Coupe/Hatchback/Sedan/Wagon,,fallback,Chevrolet Cavalier 1990 Sedan 原子事实对应多条候选记录
非皮卡,高度压缩两两组合,Chevrolet,Cavalier/Cavalier,Cavalier,/,/,无可用尺码,1982-1988/1990,Coupe/Hatchback/Sedan/Wagon/Sedan,/,,,1982-1990,Coupe/Hatchback/Sedan/Wagon,,fallback,Chevrolet Cavalier 1989 Coupe 原子事实对应多条候选记录
非皮卡,高度压缩两两组合,Chevrolet,Cavalier/Cavalier,Cavalier,/,/,无可用尺码,1982-1988/1991-2002,Coupe/Hatchback/Sedan/Wagon/Convertible,/,,,1982-2002,Convertible/Coupe/Hatchback/Sedan/Wagon,,fallback,Chevrolet Cavalier 1989 Coupe 原子事实对应多条候选记录
非皮卡,高度压缩两两组合,Chevrolet,Cavalier/Cavalier,Cavalier,/,/,无可用尺码,1982-1988/1992-1994,Coupe/Hatchback/Sedan/Wagon/Wagon,/,,,1982-1994,Coupe/Hatchback/Sedan/Wagon,,fallback,Chevrolet Cavalier 1989 Coupe 原子事实对应多条候选记录
非皮卡,高度压缩两两组合,Chevrolet,Cavalier/Cavalier,Cavalier,/,/,无可用尺码,1982-1988/1993-2004,Coupe/Hatchback/Sedan/Wagon/Sedan,/,,,1982-2004,Coupe/Hatchback/Sedan/Wagon,,fallback,Chevrolet Cavalier 1989 Coupe 原子事实对应多条候选记录
非皮卡,高度压缩两两组合,Chevrolet,Cavalier/Cavalier,Cavalier,/,/,无可用尺码,1982-1988/1996,Coupe/Hatchback/Sedan/Wagon/Coupe,/,,,1982-1996,Coupe/Hatchback/Sedan/Wagon,,fallback,Chevrolet Cavalier 1989 Coupe 原子事实对应多条候选记录
非皮卡,高度压缩两两组合,Chevrolet,Cavalier/Cavalier,Cavalier,/,/,无可用尺码,1982-1988/1999-2005,Coupe/Hatchback/Sedan/Wagon/Coupe,/,,,1982-2005,Coupe/Hatchback/Sedan/Wagon,,fallback,Chevrolet Cavalier 1989 Coupe 原子事实对应多条候选记录
非皮卡,高度压缩两两组合,Chevrolet,Cavalier/Cavalier,Cavalier,/,/,无可用尺码,1989-1994/1990,Coupe/Sedan,/,,,1989-1994,Coupe/Sedan,,fallback,Chevrolet Cavalier 1993 Sedan 原子事实对应多条候选记录
非皮卡,高度压缩两两组合,Chevrolet,Cavalier/Cavalier,Cavalier,/,/,无可用尺码,1989-1994/1991-2002,Coupe/Convertible,/,,,1989-2002,Convertible/Coupe,,fallback,Chevrolet Cavalier 1996 Coupe 原子事实对应多条候选记录
非皮卡,高度压缩两两组合,Chevrolet,Cavalier/Cavalier,Cavalier,/,/,无可用尺码,1989-1994/1992-1994,Coupe/Wagon,/,,,1989-1994,Coupe/Wagon,,success,
非皮卡,高度压缩两两组合,Chevrolet,Cavalier/Cavalier,Cavalier,/,/,无可用尺码,1982-1988/1989-1994,Coupe/Hatchback/Sedan/Wagon/Coupe/Wagon,/,,,1982-1994,Coupe/Hatchback/Sedan/Wagon,,fallback,Chevrolet Cavalier 1990 Sedan 原子事实对应多条候选记录
非皮卡,高度压缩两两组合,Chevrolet,Cavalier/Cavalier,Cavalier,/,/,无可用尺码,1982-1988/1990,Coupe/Hatchback/Sedan/Wagon/Sedan,/,,,1982-1990,Coupe/Hatchback/Sedan/Wagon,,fallback,Chevrolet Cavalier 1989 Coupe 原子事实对应多条候选记录
非皮卡,高度压缩两两组合,Chevrolet,Cavalier/Cavalier,Cavalier,/,/,无可用尺码,1982-1988/1991-2002,Coupe/Hatchback/Sedan/Wagon/Convertible,/,,,1982-2002,Convertible/Coupe/Hatchback/Sedan/Wagon,,fallback,Chevrolet Cavalier 1989 Coupe 原子事实对应多条候选记录
非皮卡,高度压缩两两组合,Chevrolet,Cavalier/Cavalier,Cavalier,/,/,无可用尺码,1982-1988/1993-2004,Coupe/Hatchback/Sedan/Wagon/Sedan,/,,,1982-2004,Coupe/Hatchback/Sedan/Wagon,,fallback,Chevrolet Cavalier 1989 Coupe 原子事实对应多条候选记录
非皮卡,高度压缩两两组合,Chevrolet,Cavalier/Cavalier,Cavalier,/,/,无可用尺码,1982-1988/1996,Coupe/Hatchback/Sedan/Wagon/Coupe,/,,,1982-1996,Coupe/Hatchback/Sedan/Wagon,,fallback,Chevrolet Cavalier 1989 Coupe 原子事实对应多条候选记录
非皮卡,高度压缩两两组合,Chevrolet,Cavalier/Cavalier,Cavalier,/,/,无可用尺码,1982-1988/1999-2005,Coupe/Hatchback/Sedan/Wagon/Coupe,/,,,1982-2005,Coupe/Hatchback/Sedan/Wagon,,fallback,Chevrolet Cavalier 1989 Coupe 原子事实对应多条候选记录
非皮卡,高度压缩两两组合,Chevrolet,Cavalier/Cavalier,Cavalier,/,/,无可用尺码,1989-1994/1990,Coupe/Wagon/Sedan,/,,,1989-1994,Coupe/Sedan/Wagon,,fallback,Chevrolet Cavalier 1993 Sedan 原子事实对应多条候选记录
非皮卡,高度压缩两两组合,Chevrolet,Cavalier/Cavalier,Cavalier,/,/,无可用尺码,1989-1994/1991-2002,Coupe/Wagon/Convertible,/,,,1989-2002,Convertible/Coupe/Wagon,,fallback,Chevrolet Cavalier 1996 Coupe 原子事实对应多条候选记录
非皮卡,高度压缩两两组合,Chevrolet,Cavalier/Cavalier,Cavalier,/,/,无可用尺码,1989-1994/1993-2004,Coupe/Wagon/Sedan,/,,,1989-2004,Coupe/Sedan/Wagon,,fallback,Chevrolet Cavalier 1990 Sedan 原子事实对应多条候选记录
非皮卡,高度压缩两两组合,Chevrolet,Cavalier/Cavalier,Cavalier,/,/,无可用尺码,1989-1994/1996,Coupe/Wagon/Coupe,/,,,1989-1996,Coupe/Wagon,,success,
非皮卡,高度压缩两两组合,Chevrolet,Cavalier/Cavalier,Cavalier,/,/,无可用尺码,1982-1988/1989-1996,Coupe/Hatchback/Sedan/Wagon/Coupe/Wagon,/,,,1982-1996,Coupe/Hatchback/Sedan/Wagon,,fallback,Chevrolet Cavalier 1990 Sedan 原子事实对应多条候选记录
非皮卡,高度压缩两两组合,Chevrolet,Cavalier/Cavalier,Cavalier,/,/,无可用尺码,1982-1988/1990,Coupe/Hatchback/Sedan/Wagon/Sedan,/,,,1982-1990,Coupe/Hatchback/Sedan/Wagon,,fallback,Chevrolet Cavalier 1989 Coupe 原子事实对应多条候选记录
非皮卡,高度压缩两两组合,Chevrolet,Cavalier/Cavalier,Cavalier,/,/,无可用尺码,1982-1988/1991-2002,Coupe/Hatchback/Sedan/Wagon/Convertible,/,,,1982-2002,Convertible/Coupe/Hatchback/Sedan/Wagon,,fallback,Chevrolet Cavalier 1989 Coupe 原子事实对应多条候选记录
非皮卡,高度压缩两两组合,Chevrolet,Cavalier/Cavalier,Cavalier,/,/,无可用尺码,1982-1988/1993-2004,Coupe/Hatchback/Sedan/Wagon/Sedan,/,,,1982-2004,Coupe/Hatchback/Sedan/Wagon,,fallback,Chevrolet Cavalier 1989 Coupe 原子事实对应多条候选记录
非皮卡,高度压缩两两组合,Chevrolet,Cavalier/Cavalier,Cavalier,/,/,无可用尺码,1982-1988/1999-2005,Coupe/Hatchback/Sedan/Wagon/Coupe,/,,,1982-2005,Coupe/Hatchback/Sedan/Wagon,,fallback,Chevrolet Cavalier 1989 Coupe 原子事实对应多条候选记录
非皮卡,高度压缩两两组合,Chevrolet,Cavalier/Cavalier,Cavalier,/,/,无可用尺码,1989-1996/1990,Coupe/Wagon/Sedan,/,,,1989-1996,Coupe/Sedan/Wagon,,fallback,Chevrolet Cavalier 1993 Sedan 原子事实对应多条候选记录
非皮卡,高度压缩两两组合,Chevrolet,Cavalier/Cavalier,Cavalier,/,/,无可用尺码,1989-1996/1991-2002,Coupe/Wagon/Convertible,/,,,1989-2002,Convertible/Coupe/Wagon,,fallback,Chevrolet Cavalier 1999 Coupe 原子事实对应多条候选记录
非皮卡,高度压缩两两组合,Chevrolet,Cavalier/Cavalier,Cavalier,/,/,无可用尺码,1989-1996/1993-2004,Coupe/Wagon/Sedan,/,,,1989-2004,Coupe/Sedan/Wagon,,fallback,Chevrolet Cavalier 1990 Sedan 原子事实对应多条候选记录
非皮卡,高度压缩两两组合,Chevrolet,Cavalier/Cavalier,Cavalier,/,/,无可用尺码,1989-1996/1999-2005,Coupe/Wagon/Coupe,/,,,1989-2005,Coupe/Wagon,,success,
非皮卡,高度压缩两两组合,Chevrolet,Cavalier/Cavalier,Cavalier,/,/,无可用尺码,1982-1988/1989-2005,Coupe/Hatchback/Sedan/Wagon/Coupe/Wagon,/,,,1982-2005,Coupe/Hatchback/Sedan/Wagon,,fallback,Chevrolet Cavalier 1990 Sedan 原子事实对应多条候选记录
非皮卡,高度压缩两两组合,Chevrolet,Cavalier/Cavalier,Cavalier,/,/,无可用尺码,1982-1988/1990,Coupe/Hatchback/Sedan/Wagon/Sedan,/,,,1982-1990,Coupe/Hatchback/Sedan/Wagon,,fallback,Chevrolet Cavalier 1989 Coupe 原子事实对应多条候选记录
非皮卡,高度压缩两两组合,Chevrolet,Cavalier/Cavalier,Cavalier,/,/,无可用尺码,1982-1988/1991-2002,Coupe/Hatchback/Sedan/Wagon/Convertible,/,,,1982-2002,Convertible/Coupe/Hatchback/Sedan/Wagon,,fallback,Chevrolet Cavalier 1989 Coupe 原子事实对应多条候选记录
非皮卡,高度压缩两两组合,Chevrolet,Cavalier/Cavalier,Cavalier,/,/,无可用尺码,1982-1988/1993-2004,Coupe/Hatchback/Sedan/Wagon/Sedan,/,,,1982-2004,Coupe/Hatchback/Sedan/Wagon,,fallback,Chevrolet Cavalier 1989 Coupe 原子事实对应多条候选记录
非皮卡,高度压缩两两组合,Chevrolet,Cavalier/Cavalier,Cavalier,/,/,无可用尺码,1989-2005/1990,Coupe/Wagon/Sedan,/,,,1989-2005,Coupe/Sedan/Wagon,,fallback,Chevrolet Cavalier 1993 Sedan 原子事实对应多条候选记录
非皮卡,高度压缩两两组合,Chevrolet,Cavalier/Cavalier,Cavalier,/,/,无可用尺码,1989-2005/1991-2002,Coupe/Wagon/Convertible,/,,,1989-2005,Convertible/Coupe/Wagon,,success,
非皮卡,高度压缩两两组合,Chevrolet,Cavalier/Cavalier,Cavalier,/,/,无可用尺码,1982-1988/1989-2005,Coupe/Hatchback/Sedan/Wagon/Convertible/Coupe/Wagon,/,,,1982-2005,Convertible/Coupe/Hatchback/Sedan/Wagon,,fallback,Chevrolet Cavalier 1990 Sedan 原子事实对应多条候选记录
非皮卡,高度压缩两两组合,Chevrolet,Cavalier/Cavalier,Cavalier,/,/,无可用尺码,1982-1988/1990,Coupe/Hatchback/Sedan/Wagon/Sedan,/,,,1982-1990,Coupe/Hatchback/Sedan/Wagon,,fallback,Chevrolet Cavalier 1989 Coupe 原子事实对应多条候选记录
非皮卡,高度压缩两两组合,Chevrolet,Cavalier/Cavalier,Cavalier,/,/,无可用尺码,1982-1988/1993-2004,Coupe/Hatchback/Sedan/Wagon/Sedan,/,,,1982-2004,Coupe/Hatchback/Sedan/Wagon,,fallback,Chevrolet Cavalier 1989 Coupe 原子事实对应多条候选记录
非皮卡,高度压缩两两组合,Chevrolet,Cavalier/Cavalier,Cavalier,/,/,无可用尺码,1989-2005/1990,Convertible/Coupe/Wagon/Sedan,/,,,1989-2005,Convertible/Coupe/Sedan/Wagon,,fallback,Chevrolet Cavalier 1993 Sedan 原子事实对应多条候选记录
非皮卡,高度压缩两两组合,Chevrolet,Cavalier/Cavalier,Cavalier,/,/,无可用尺码,1989-2005/1993-2004,Convertible/Coupe/Wagon/Sedan,/,,,1989-2005,Convertible/Coupe/Sedan/Wagon,,fallback,Chevrolet Cavalier 1990 Sedan 原子事实对应多条候选记录
非皮卡,高度压缩两两组合,Chevrolet,Cavalier/Cavalier,Cavalier,/,/,无可用尺码,1990/1993-2004,Sedan/Sedan,/,,,1990-2004,Sedan,,success,
非皮卡,高度压缩两两组合,Chevrolet,Cavalier/Cavalier,Cavalier,/,/,无可用尺码,1982-1988/1989-2005,Coupe/Hatchback/Sedan/Wagon/Convertible/Coupe/Wagon,/,,,1982-2005,Convertible/Coupe/Hatchback/Sedan/Wagon,,fallback,Chevrolet Cavalier 1990 Sedan 原子事实对应多条候选记录
非皮卡,高度压缩两两组合,Chevrolet,Cavalier/Cavalier,Cavalier,/,/,无可用尺码,1982-1988/1990-2004,Coupe/Hatchback/Sedan/Wagon/Sedan,/,,,1982-2004,Coupe/Hatchback/Sedan/Wagon,,fallback,Chevrolet Cavalier 1989 Coupe 原子事实对应多条候选记录
非皮卡,高度压缩两两组合,Chevrolet,Cavalier/Cavalier,Cavalier,/,/,无可用尺码,1989-2005/1990-2004,Convertible/Coupe/Wagon/Sedan,/,,,1989-2005,Convertible/Coupe/Sedan/Wagon,,success,
非皮卡,高度压缩两两组合,Chevrolet,Cavalier/Cavalier,Cavalier,/,/,无可用尺码,1982-1988/1989-2005,Coupe/Hatchback/Sedan/Wagon/Convertible/Coupe/Sedan/Wagon,/,,,1982-2005,Convertible/Coupe/Hatchback/Sedan/Wagon,,success,
非皮卡,高度压缩两两组合,Chevrolet,Chevelle/Chevelle,Chevelle,/,/,无可用尺码,1964/1964-1966,Wagon/Convertible,/,,,1964-1966,Convertible/Wagon,,success,
非皮卡,高度压缩两两组合,Chevrolet,Chevelle/Chevelle,Chevelle,/,/,无可用尺码,1964-1966/1964-1968,Convertible/Wagon/Coupe,/,,,1964-1968,Convertible/Coupe/Wagon,,fallback,Chevrolet Chevelle 1967 Wagon 原子事实对应多条候选记录
非皮卡,高度压缩两两组合,Chevrolet,Chevelle/Chevelle,Chevelle,/,/,无可用尺码,1964-1966/1964-1972,Convertible/Wagon/Sedan,/,,,1964-1972,Convertible/Sedan/Wagon,,fallback,Chevrolet Chevelle 1967 Wagon 原子事实对应多条候选记录
非皮卡,高度压缩两两组合,Chevrolet,Chevelle/Chevelle,Chevelle,/,/,无可用尺码,1964-1966/1967-1977,Convertible/Wagon/Wagon,/,,,1964-1977,Convertible/Wagon,,fallback,Chevrolet Chevelle 1968 Convertible 原子事实对应多条候选记录
非皮卡,高度压缩两两组合,Chevrolet,Chevelle/Chevelle,Chevelle,/,/,无可用尺码,1964-1966/1968-1972,Convertible/Wagon/Convertible,/,,,1964-1972,Convertible/Wagon,,fallback,Chevrolet Chevelle 1967 Wagon 原子事实对应多条候选记录
非皮卡,高度压缩两两组合,Chevrolet,Chevelle/Chevelle,Chevelle,/,/,无可用尺码,1964-1966/1971,Convertible/Wagon/Coupe,/,,,1964-1971,Convertible/Coupe/Wagon,,fallback,Chevrolet Chevelle 1964 Coupe 原子事实对应多条候选记录
非皮卡,高度压缩两两组合,Chevrolet,Chevelle/Chevelle,Chevelle,/,/,无可用尺码,1964-1968/1964-1972,Coupe/Sedan,/,,,1964-1972,Coupe/Sedan,,fallback,Chevrolet Chevelle 1971 Coupe 原子事实对应多条候选记录
非皮卡,高度压缩两两组合,Chevrolet,Chevelle/Chevelle,Chevelle,/,/,无可用尺码,1964-1968/1967-1977,Coupe/Wagon,/,,,1964-1977,Coupe/Wagon,,fallback,Chevrolet Chevelle 1964 Wagon 原子事实对应多条候选记录
非皮卡,高度压缩两两组合,Chevrolet,Chevelle/Chevelle,Chevelle,/,/,无可用尺码,1964-1968/1968-1972,Coupe/Convertible,/,,,1964-1972,Convertible/Coupe,,fallback,Chevrolet Chevelle 1964 Convertible 原子事实对应多条候选记录
非皮卡,高度压缩两两组合,Chevrolet,Chevelle/Chevelle,Chevelle,/,/,无可用尺码,1964-1968/1971,Coupe/Coupe,/,,,1964-1971,Coupe,,success,
非皮卡,高度压缩两两组合,Chevrolet,Chevelle/Chevelle,Chevelle,/,/,无可用尺码,1964-1966/1964-1971,Convertible/Wagon/Coupe,/,,,1964-1971,Convertible/Coupe/Wagon,,fallback,Chevrolet Chevelle 1967 Wagon 原子事实对应多条候选记录
非皮卡,高度压缩两两组合,Chevrolet,Chevelle/Chevelle,Chevelle,/,/,无可用尺码,1964-1966/1964-1972,Convertible/Wagon/Sedan,/,,,1964-1972,Convertible/Sedan/Wagon,,fallback,Chevrolet Chevelle 1967 Wagon 原子事实对应多条候选记录
非皮卡,高度压缩两两组合,Chevrolet,Chevelle/Chevelle,Chevelle,/,/,无可用尺码,1964-1966/1967-1977,Convertible/Wagon/Wagon,/,,,1964-1977,Convertible/Wagon,,fallback,Chevrolet Chevelle 1968 Convertible 原子事实对应多条候选记录
非皮卡,高度压缩两两组合,Chevrolet,Chevelle/Chevelle,Chevelle,/,/,无可用尺码,1964-1966/1968-1972,Convertible/Wagon/Convertible,/,,,1964-1972,Convertible/Wagon,,fallback,Chevrolet Chevelle 1967 Wagon 原子事实对应多条候选记录
非皮卡,高度压缩两两组合,Chevrolet,Chevelle/Chevelle,Chevelle,/,/,无可用尺码,1964-1971/1964-1972,Coupe/Sedan,/,,,1964-1972,Coupe/Sedan,,success,
非皮卡,高度压缩两两组合,Chevrolet,Chevelle/Chevelle,Chevelle,/,/,无可用尺码,1964-1966/1964-1972,Convertible/Wagon/Coupe/Sedan,/,,,1964-1972,Convertible/Coupe/Sedan/Wagon,,fallback,Chevrolet Chevelle 1967 Wagon 原子事实对应多条候选记录
非皮卡,高度压缩两两组合,Chevrolet,Chevelle/Chevelle,Chevelle,/,/,无可用尺码,1964-1966/1967-1977,Convertible/Wagon/Wagon,/,,,1964-1977,Convertible/Wagon,,fallback,Chevrolet Chevelle 1968 Convertible 原子事实对应多条候选记录
非皮卡,高度压缩两两组合,Chevrolet,Chevelle/Chevelle,Chevelle,/,/,无可用尺码,1964-1966/1968-1972,Convertible/Wagon/Convertible,/,,,1964-1972,Convertible/Wagon,,fallback,Chevrolet Chevelle 1967 Wagon 原子事实对应多条候选记录
非皮卡,高度压缩两两组合,Chevrolet,Chevelle/Chevelle,Chevelle,/,/,无可用尺码,1964-1972/1967-1977,Coupe/Sedan/Wagon,/,,,1964-1977,Coupe/Sedan/Wagon,,fallback,Chevrolet Chevelle 1964 Wagon 原子事实对应多条候选记录
非皮卡,高度压缩两两组合,Chevrolet,Chevelle/Chevelle,Chevelle,/,/,无可用尺码,1964-1972/1968-1972,Coupe/Sedan/Convertible,/,,,1964-1972,Convertible/Coupe/Sedan,,fallback,Chevrolet Chevelle 1964 Convertible 原子事实对应多条候选记录
非皮卡,高度压缩两两组合,Chevrolet,Chevelle/Chevelle,Chevelle,/,/,无可用尺码,1967-1977/1968-1972,Wagon/Convertible,/,,,1967-1977,Convertible/Wagon,,success,
非皮卡,高度压缩两两组合,Chevrolet,Chevelle/Chevelle,Chevelle,/,/,无可用尺码,1964-1966/1964-1972,Convertible/Wagon/Coupe/Sedan,/,,,1964-1972,Convertible/Coupe/Sedan/Wagon,,fallback,Chevrolet Chevelle 1967 Wagon 原子事实对应多条候选记录
非皮卡,高度压缩两两组合,Chevrolet,Chevelle/Chevelle,Chevelle,/,/,无可用尺码,1964-1966/1967-1977,Convertible/Wagon/Convertible/Wagon,/,,,1964-1977,Convertible/Wagon,,success,
非皮卡,高度压缩两两组合,Chevrolet,Chevelle/Chevelle,Chevelle,/,/,无可用尺码,1964-1972/1964-1977,Coupe/Sedan/Convertible/Wagon,/,,,1964-1977,Convertible/Coupe/Sedan/Wagon,,fallback,Chevrolet Chevelle 1973 Coupe 原子事实对应多条候选记录
非皮卡,高度压缩两两组合,Chevrolet,Chevelle/Chevelle,Chevelle,/,/,4XL,1973-1977/1973-1977,Coupe/Sedan,/,,,1973-1977,Coupe/Sedan,,success,
非皮卡,高度压缩两两组合,Chevrolet,Chevelle/Chevelle,Chevelle,/,/,无可用尺码,1964-1972/1964-1977,Coupe/Sedan/Convertible/Wagon,/,,,1964-1977,Convertible/Coupe/Sedan/Wagon,,fallback,Chevrolet Chevelle 1973 Coupe 原子事实对应多条候选记录
非皮卡,高度压缩两两组合,Chevrolet,Chevelle/Chevelle,Chevelle,/,/,4XL,1973-1977/1974,Coupe/Sedan/Coupe,/Laguna Type S-3,,,1973-1977,Coupe/Sedan,Incl: Laguna Type S-3,success,
非皮卡,高度压缩两两组合,Chevrolet,Chevelle/Chevelle,Chevelle,/,/,无可用尺码,1964-1972/1964-1977,Coupe/Sedan/Convertible/Wagon,/,,,1964-1977,Convertible/Coupe/Sedan/Wagon,,fallback,Chevrolet Chevelle 1973 Coupe 原子事实对应多条候选记录
非皮卡,高度压缩两两组合,Chevrolet,Chevy Van/Chevy Van,Chevy Van,/,/,无可用尺码,1964-1992/1967-1992,Wagon/Wagon,G10 Short/G10 Regular,,,1964-1992,Wagon,G10 Regular/G10 Short,success,
非皮卡,高度压缩两两组合,Chevrolet,Chevy Van/Chevy Van,Chevy Van,/,/,无可用尺码,1964-1992/1967-1992,Wagon/Wagon,G10 Regular/G10 Short/G20 Regular,,,1964-1992,Wagon,G10 Regular/G10 Short/G20 Regular,success,
非皮卡,高度压缩两两组合,Chevrolet,Chevy Van/Chevy Van,Chevy Van,/,/,无可用尺码,1964-1992/1971-1988,Wagon/Wagon,G10 Regular/G10 Short/G20 Regular/G20 Short,,,1964-1992,Wagon,G10 Regular/G10 Short/G20 Regular/G20 Short,fallback,Chevrolet Chevy Van 1990 Wagon 原子事实对应多条候选记录
非皮卡,高度压缩两两组合,Chevrolet,Chevy Van/Chevy Van,Chevy Van,/,/,无可用尺码,1964-1992/1971-1992,Wagon/Wagon,G10 Regular/G10 Short/G20 Regular/G30 Regular,,,1964-1992,Wagon,G10 Regular/G10 Short/G20 Regular/G30 Regular,success,
非皮卡,高度压缩两两组合,Chevrolet,Chevy Van/Chevy Van,Chevy Van,/,/,无可用尺码,1964-1992/1971-1988,Wagon/Wagon,G10 Regular/G10 Short/G20 Regular/G30 Regular/G20 Short,,,1964-1992,Wagon,G10 Regular/G10 Short/G20 Regular/G20 Short/G30 Regular,fallback,Chevrolet Chevy Van 1990 Wagon 原子事实对应多条候选记录
非皮卡,高度压缩两两组合,Chevrolet,Chevy Van/Chevy Van,Chevy Van,/,/,无可用尺码,1964-1992/1973-1976,Wagon/Wagon,G10 Regular/G10 Short/G20 Regular/G30 Regular/G30 Short,,,1964-1992,Wagon,G10 Regular/G10 Short/G20 Regular/G30 Regular/G30 Short,fallback,Chevrolet Chevy Van 1979 Wagon 原子事实对应多条候选记录
非皮卡,高度压缩两两组合,Chevrolet,Chevy Van/Chevy Van,Chevy Van,/,/,无可用尺码,1964-1992/1979,Wagon/Wagon,G10 Regular/G10 Short/G20 Regular/G30 Regular/G30 Short,,,1964-1992,Wagon,G10 Regular/G10 Short/G20 Regular/G30 Regular/G30 Short,fallback,Chevrolet Chevy Van 1973 Wagon 原子事实对应多条候选记录
非皮卡,高度压缩两两组合,Chevrolet,Chevy Van/Chevy Van,Chevy Van,/,/,无可用尺码,1964-1992/1990,Wagon/Wagon,G10 Regular/G10 Short/G20 Regular/G30 Regular/G20 Short,,,1964-1992,Wagon,G10 Regular/G10 Short/G20 Regular/G20 Short/G30 Regular,fallback,Chevrolet Chevy Van 1971 Wagon 原子事实对应多条候选记录
非皮卡,高度压缩两两组合,Chevrolet,Chevy Van/Chevy Van,Chevy Van,/,/,无可用尺码,1964-1992/1990-1992,Wagon/Wagon,G10 Regular/G10 Short/G20 Regular/G30 Regular/G30 Extended,,,1964-1992,Wagon,G10 Regular/G10 Short/G20 Regular/G30 Extended/G30 Regular,success,
非皮卡,高度压缩两两组合,Chevrolet,Chevy Van/Chevy Van,Chevy Van,/,/,无可用尺码,1964-1992/1971-1988,Wagon/Wagon,G10 Regular/G10 Short/G20 Regular/G30 Extended/G30 Regular/G20 Short,,,1964-1992,Wagon,G10 Regular/G10 Short/G20 Regular/G20 Short/G30 Extended/G30 Regular,fallback,Chevrolet Chevy Van 1990 Wagon 原子事实对应多条候选记录
非皮卡,高度压缩两两组合,Chevrolet,Chevy Van/Chevy Van,Chevy Van,/,/,无可用尺码,1964-1992/1973-1976,Wagon/Wagon,G10 Regular/G10 Short/G20 Regular/G30 Extended/G30 Regular/G30 Short,,,1964-1992,Wagon,G10 Regular/G10 Short/G20 Regular/G30 Extended/G30 Regular/G30 Short,fallback,Chevrolet Chevy Van 1979 Wagon 原子事实对应多条候选记录
非皮卡,高度压缩两两组合,Chevrolet,Chevy Van/Chevy Van,Chevy Van,/,/,无可用尺码,1964-1992/1979,Wagon/Wagon,G10 Regular/G10 Short/G20 Regular/G30 Extended/G30 Regular/G30 Short,,,1964-1992,Wagon,G10 Regular/G10 Short/G20 Regular/G30 Extended/G30 Regular/G30 Short,fallback,Chevrolet Chevy Van 1973 Wagon 原子事实对应多条候选记录
非皮卡,高度压缩两两组合,Chevrolet,Chevy Van/Chevy Van,Chevy Van,/,/,无可用尺码,1964-1992/1990,Wagon/Wagon,G10 Regular/G10 Short/G20 Regular/G30 Extended/G30 Regular/G20 Short,,,1964-1992,Wagon,G10 Regular/G10 Short/G20 Regular/G20 Short/G30 Extended/G30 Regular,fallback,Chevrolet Chevy Van 1971 Wagon 原子事实对应多条候选记录
非皮卡,高度压缩两两组合,Chevrolet,Chevy Van/Chevy Van,Chevy Van,/,/,无可用尺码,1964-1992/1993-1995,Wagon/Wagon,G10 Regular/G10 Short/G20 Regular/G30 Extended/G30 Regular/Extended,,,1964-1995,Wagon,Extended/G10 Regular/G10 Short/G20 Regular/G30 Extended/G30 Regular,success,
非皮卡,高度压缩两两组合,Chevrolet,Chevy Van/Chevy Van,Chevy Van,/,/,无可用尺码,1964-1995/1971-1988,Wagon/Wagon,Extended/G10 Regular/G10 Short/G20 Regular/G30 Extended/G30 Regular/G20 Short,,,1964-1995,Wagon,Extended/G10 Regular/G10 Short/G20 Regular/G20 Short/G30 Extended/G30 Regular,fallback,Chevrolet Chevy Van 1990 Wagon 原子事实对应多条候选记录
非皮卡,高度压缩两两组合,Chevrolet,Chevy Van/Chevy Van,Chevy Van,/,/,无可用尺码,1964-1995/1973-1976,Wagon/Wagon,Extended/G10 Regular/G10 Short/G20 Regular/G30 Extended/G30 Regular/G30 Short,,,1964-1995,Wagon,Extended/G10 Regular/G10 Short/G20 Regular/G30 Extended/G30 Regular/G30 Short,fallback,Chevrolet Chevy Van 1979 Wagon 原子事实对应多条候选记录
非皮卡,高度压缩两两组合,Chevrolet,Chevy Van/Chevy Van,Chevy Van,/,/,无可用尺码,1964-1995/1979,Wagon/Wagon,Extended/G10 Regular/G10 Short/G20 Regular/G30 Extended/G30 Regular/G30 Short,,,1964-1995,Wagon,Extended/G10 Regular/G10 Short/G20 Regular/G30 Extended/G30 Regular/G30 Short,fallback,Chevrolet Chevy Van 1973 Wagon 原子事实对应多条候选记录
非皮卡,高度压缩两两组合,Chevrolet,Chevy Van/Chevy Van,Chevy Van,/,/,无可用尺码,1964-1995/1990,Wagon/Wagon,Extended/G10 Regular/G10 Short/G20 Regular/G30 Extended/G30 Regular/G20 Short,,,1964-1995,Wagon,Extended/G10 Regular/G10 Short/G20 Regular/G20 Short/G30 Extended/G30 Regular,fallback,Chevrolet Chevy Van 1971 Wagon 原子事实对应多条候选记录
非皮卡,高度压缩两两组合,Chevrolet,Chevy Van/Chevy Van,Chevy Van,/,/,无可用尺码,1964-1995/1993-1995,Wagon/Wagon,Extended/G10 Regular/G10 Short/G20 Regular/G30 Extended/G30 Regular/Regular,,,1964-1995,Wagon,Extended/G10 Regular/G10 Short/G20 Regular/G30 Extended/G30 Regular/Regular,success,
非皮卡,高度压缩两两组合,Chevrolet,Chevy Van/Chevy Van,Chevy Van,/,/,无可用尺码,1964-1995/1971-1988,Wagon/Wagon,Extended/G10 Regular/G10 Short/G20 Regular/G30 Extended/G30 Regular/Regular/G20 Short,,,1964-1995,Wagon,Extended/G10 Regular/G10 Short/G20 Regular/G20 Short/G30 Extended/G30 Regular/Regular,fallback,Chevrolet Chevy Van 1990 Wagon 原子事实对应多条候选记录
非皮卡,高度压缩两两组合,Chevrolet,Chevy Van/Chevy Van,Chevy Van,/,/,无可用尺码,1964-1995/1973-1976,Wagon/Wagon,Extended/G10 Regular/G10 Short/G20 Regular/G30 Extended/G30 Regular/Regular/G30 Short,,,1964-1995,Wagon,Extended/G10 Regular/G10 Short/G20 Regular/G30 Extended/G30 Regular/G30 Short/Regular,fallback,Chevrolet Chevy Van 1979 Wagon 原子事实对应多条候选记录
非皮卡,高度压缩两两组合,Chevrolet,Chevy Van/Chevy Van,Chevy Van,/,/,无可用尺码,1964-1995/1979,Wagon/Wagon,Extended/G10 Regular/G10 Short/G20 Regular/G30 Extended/G30 Regular/Regular/G30 Short,,,1964-1995,Wagon,Extended/G10 Regular/G10 Short/G20 Regular/G30 Extended/G30 Regular/G30 Short/Regular,fallback,Chevrolet Chevy Van 1973 Wagon 原子事实对应多条候选记录
非皮卡,高度压缩两两组合,Chevrolet,Chevy Van/Chevy Van,Chevy Van,/,/,无可用尺码,1964-1995/1990,Wagon/Wagon,Extended/G10 Regular/G10 Short/G20 Regular/G30 Extended/G30 Regular/Regular/G20 Short,,,1964-1995,Wagon,Extended/G10 Regular/G10 Short/G20 Regular/G20 Short/G30 Extended/G30 Regular/Regular,fallback,Chevrolet Chevy Van 1971 Wagon 原子事实对应多条候选记录
非皮卡,高度压缩两两组合,Chevrolet,Chevy Van/Chevy Van,Chevy Van,/,/,无可用尺码,1964-1995/1993-1995,Wagon/Wagon,Extended/G10 Regular/G10 Short/G20 Regular/G30 Extended/G30 Regular/Regular/Short,,,1964-1995,Wagon,Extended/G10 Regular/G10 Short/G20 Regular/G30 Extended/G30 Regular/Regular/Short,success,
非皮卡,高度压缩两两组合,Chevrolet,Chevy Van/Chevy Van,Chevy Van,/,/,无可用尺码,1964-1995/1971-1988,Wagon/Wagon,Extended/G10 Regular/G10 Short/G20 Regular/G30 Extended/G30 Regular/Regular/Short/G20 Short,,,1964-1995,Wagon,Extended/G10 Regular/G10 Short/G20 Regular/G20 Short/G30 Extended/G30 Regular/Regular/Short,fallback,Chevrolet Chevy Van 1990 Wagon 原子事实对应多条候选记录
非皮卡,高度压缩两两组合,Chevrolet,Chevy Van/Chevy Van,Chevy Van,/,/,无可用尺码,1964-1995/1973-1976,Wagon/Wagon,Extended/G10 Regular/G10 Short/G20 Regular/G30 Extended/G30 Regular/Regular/Short/G30 Short,,,1964-1995,Wagon,Extended/G10 Regular/G10 Short/G20 Regular/G30 Extended/G30 Regular/G30 Short/Regular/Short,fallback,Chevrolet Chevy Van 1979 Wagon 原子事实对应多条候选记录
非皮卡,高度压缩两两组合,Chevrolet,Chevy Van/Chevy Van,Chevy Van,/,/,无可用尺码,1964-1995/1979,Wagon/Wagon,Extended/G10 Regular/G10 Short/G20 Regular/G30 Extended/G30 Regular/Regular/Short/G30 Short,,,1964-1995,Wagon,Extended/G10 Regular/G10 Short/G20 Regular/G30 Extended/G30 Regular/G30 Short/Regular/Short,fallback,Chevrolet Chevy Van 1973 Wagon 原子事实对应多条候选记录
非皮卡,高度压缩两两组合,Chevrolet,Chevy Van/Chevy Van,Chevy Van,/,/,无可用尺码,1964-1995/1990,Wagon/Wagon,Extended/G10 Regular/G10 Short/G20 Regular/G30 Extended/G30 Regular/Regular/Short/G20 Short,,,1964-1995,Wagon,Extended/G10 Regular/G10 Short/G20 Regular/G20 Short/G30 Extended/G30 Regular/Regular/Short,fallback,Chevrolet Chevy Van 1971 Wagon 原子事实对应多条候选记录
非皮卡,高度压缩两两组合,Chevrolet,Chevy Van/Chevy Van,Chevy Van,/,/,无可用尺码,1964-1995/1996,Wagon/Wagon,Extended/G10 Regular/G10 Short/G20 Regular/G30 Extended/G30 Regular/Regular/Short/G-Classic Extended,,,1964-1996,Wagon,Extended/G10 Regular/G10 Short/G20 Regular/G30 Extended/G30 Regular/G-Classic Extended/Regular/Short,success,
非皮卡,高度压缩两两组合,Chevrolet,Chevy Van/Chevy Van,Chevy Van,/,/,无可用尺码,1964-1996/1971-1988,Wagon/Wagon,Extended/G10 Regular/G10 Short/G20 Regular/G30 Extended/G30 Regular/G-Classic Extended/Regular/Short/G20 Short,,,1964-1996,Wagon,Extended/G10 Regular/G10 Short/G20 Regular/G20 Short/G30 Extended/G30 Regular/G-Classic Extended/Regular/Short,fallback,Chevrolet Chevy Van 1990 Wagon 原子事实对应多条候选记录
非皮卡,高度压缩两两组合,Chevrolet,Chevy Van/Chevy Van,Chevy Van,/,/,无可用尺码,1964-1996/1973-1976,Wagon/Wagon,Extended/G10 Regular/G10 Short/G20 Regular/G30 Extended/G30 Regular/G-Classic Extended/Regular/Short/G30 Short,,,1964-1996,Wagon,Extended/G10 Regular/G10 Short/G20 Regular/G30 Extended/G30 Regular/G30 Short/G-Classic Extended/Regular/Short,fallback,Chevrolet Chevy Van 1979 Wagon 原子事实对应多条候选记录
非皮卡,高度压缩两两组合,Chevrolet,Chevy Van/Chevy Van,Chevy Van,/,/,无可用尺码,1964-1996/1979,Wagon/Wagon,Extended/G10 Regular/G10 Short/G20 Regular/G30 Extended/G30 Regular/G-Classic Extended/Regular/Short/G30 Short,,,1964-1996,Wagon,Extended/G10 Regular/G10 Short/G20 Regular/G30 Extended/G30 Regular/G30 Short/G-Classic Extended/Regular/Short,fallback,Chevrolet Chevy Van 1973 Wagon 原子事实对应多条候选记录
非皮卡,高度压缩两两组合,Chevrolet,Chevy Van/Chevy Van,Chevy Van,/,/,无可用尺码,1964-1996/1990,Wagon/Wagon,Extended/G10 Regular/G10 Short/G20 Regular/G30 Extended/G30 Regular/G-Classic Extended/Regular/Short/G20 Short,,,1964-1996,Wagon,Extended/G10 Regular/G10 Short/G20 Regular/G20 Short/G30 Extended/G30 Regular/G-Classic Extended/Regular/Short,fallback,Chevrolet Chevy Van 1971 Wagon 原子事实对应多条候选记录
非皮卡,高度压缩两两组合,Chevrolet,Chevy Van/Chevy Van,Chevy Van,/,/,无可用尺码,1964-1996/1996,Wagon/Wagon,Extended/G10 Regular/G10 Short/G20 Regular/G30 Extended/G30 Regular/G-Classic Extended/Regular/Short/G-Classic Regular,,,1964-1996,Wagon,Extended/G10 Regular/G10 Short/G20 Regular/G30 Extended/G30 Regular/G-Classic Extended/G-Classic Regular/Regular/Short,success,
非皮卡,高度压缩两两组合,Chevrolet,Chevy Van/Chevy Van,Chevy Van,/,/,无可用尺码,1964-1996/1971-1988,Wagon/Wagon,Extended/G10 Regular/G10 Short/G20 Regular/G30 Extended/G30 Regular/G-Classic Extended/G-Classic Regular/Regular/Short/G20 Short,,,1964-1996,Wagon,Extended/G10 Regular/G10 Short/G20 Regular/G20 Short/G30 Extended/G30 Regular/G-Classic Extended/G-Classic Regular/Regular/Short,fallback,Chevrolet Chevy Van 1990 Wagon 原子事实对应多条候选记录
非皮卡,高度压缩两两组合,Chevrolet,Chevy Van/Chevy Van,Chevy Van,/,/,无可用尺码,1964-1996/1973-1976,Wagon/Wagon,Extended/G10 Regular/G10 Short/G20 Regular/G30 Extended/G30 Regular/G-Classic Extended/G-Classic Regular/Regular/Short/G30 Short,,,1964-1996,Wagon,Extended/G10 Regular/G10 Short/G20 Regular/G30 Extended/G30 Regular/G30 Short/G-Classic Extended/G-Classic Regular/Regular/Short,fallback,Chevrolet Chevy Van 1979 Wagon 原子事实对应多条候选记录
非皮卡,高度压缩两两组合,Chevrolet,Chevy Van/Chevy Van,Chevy Van,/,/,无可用尺码,1964-1996/1979,Wagon/Wagon,Extended/G10 Regular/G10 Short/G20 Regular/G30 Extended/G30 Regular/G-Classic Extended/G-Classic Regular/Regular/Short/G30 Short,,,1964-1996,Wagon,Extended/G10 Regular/G10 Short/G20 Regular/G30 Extended/G30 Regular/G30 Short/G-Classic Extended/G-Classic Regular/Regular/Short,fallback,Chevrolet Chevy Van 1973 Wagon 原子事实对应多条候选记录
非皮卡,高度压缩两两组合,Chevrolet,Chevy Van/Chevy Van,Chevy Van,/,/,无可用尺码,1964-1996/1990,Wagon/Wagon,Extended/G10 Regular/G10 Short/G20 Regular/G30 Extended/G30 Regular/G-Classic Extended/G-Classic Regular/Regular/Short/G20 Short,,,1964-1996,Wagon,Extended/G10 Regular/G10 Short/G20 Regular/G20 Short/G30 Extended/G30 Regular/G-Classic Extended/G-Classic Regular/Regular/Short,fallback,Chevrolet Chevy Van 1971 Wagon 原子事实对应多条候选记录
非皮卡,高度压缩两两组合,Chevrolet,Chevy Van/Chevy Van,Chevy Van,/,/,无可用尺码,1971-1988/1973-1976,Wagon/Wagon,G20 Short/G30 Short,,,1971-1988,Wagon,G20 Short/G30 Short,fallback,Chevrolet Chevy Van 1979 Wagon 原子事实对应多条候选记录
非皮卡,高度压缩两两组合,Chevrolet,Chevy Van/Chevy Van,Chevy Van,/,/,无可用尺码,1971-1988/1979,Wagon/Wagon,G20 Short/G30 Short,,,1971-1988,Wagon,G20 Short/G30 Short,fallback,Chevrolet Chevy Van 1973 Wagon 原子事实对应多条候选记录
非皮卡,高度压缩两两组合,Chevrolet,Chevy Van/Chevy Van,Chevy Van,/,/,无可用尺码,1971-1988/1990,Wagon/Wagon,G20 Short/G20 Short,,,1971-1990,Wagon,G20 Short,success,
非皮卡,高度压缩两两组合,Chevrolet,Chevy Van/Chevy Van,Chevy Van,/,/,无可用尺码,1964-1996/1971-1990,Wagon/Wagon,Extended/G10 Regular/G10 Short/G20 Regular/G30 Extended/G30 Regular/G-Classic Extended/G-Classic Regular/Regular/Short/G20 Short,,,1964-1996,Wagon,Extended/G10 Regular/G10 Short/G20 Regular/G20 Short/G30 Extended/G30 Regular/G-Classic Extended/G-Classic Regular/Regular/Short,success,
非皮卡,高度压缩两两组合,Chevrolet,Chevy Van/Chevy Van,Chevy Van,/,/,无可用尺码,1964-1996/1973-1976,Wagon/Wagon,Extended/G10 Regular/G10 Short/G20 Regular/G20 Short/G30 Extended/G30 Regular/G-Classic Extended/G-Classic Regular/Regular/Short/G30 Short,,,1964-1996,Wagon,Extended/G10 Regular/G10 Short/G20 Regular/G20 Short/G30 Extended/G30 Regular/G30 Short/G-Classic Extended/G-Classic Regular/Regular/Short,fallback,Chevrolet Chevy Van 1979 Wagon 原子事实对应多条候选记录
非皮卡,高度压缩两两组合,Chevrolet,Chevy Van/Chevy Van,Chevy Van,/,/,无可用尺码,1964-1996/1979,Wagon/Wagon,Extended/G10 Regular/G10 Short/G20 Regular/G20 Short/G30 Extended/G30 Regular/G-Classic Extended/G-Classic Regular/Regular/Short/G30 Short,,,1964-1996,Wagon,Extended/G10 Regular/G10 Short/G20 Regular/G20 Short/G30 Extended/G30 Regular/G30 Short/G-Classic Extended/G-Classic Regular/Regular/Short,fallback,Chevrolet Chevy Van 1973 Wagon 原子事实对应多条候选记录
非皮卡,高度压缩两两组合,Chevrolet,Chevy Van/Chevy Van,Chevy Van,/,/,无可用尺码,1973-1976/1979,Wagon/Wagon,G30 Short/G30 Short,,,1973-1979,Wagon,G30 Short,success,
非皮卡,高度压缩两两组合,Chevrolet,Chevy Van/Chevy Van,Chevy Van,/,/,无可用尺码,1964-1996/1973-1979,Wagon/Wagon,Extended/G10 Regular/G10 Short/G20 Regular/G20 Short/G30 Extended/G30 Regular/G-Classic Extended/G-Classic Regular/Regular/Short/G30 Short,,,1964-1996,Wagon,Extended/G10 Regular/G10 Short/G20 Regular/G20 Short/G30 Extended/G30 Regular/G30 Short/G-Classic Extended/G-Classic Regular/Regular/Short,success,
非皮卡,高度压缩两两组合,Chevrolet,Cobalt/Cobalt,Cobalt,/,/,无可用尺码,2005-2010/2005-2010,Coupe/Coupe,/SS,,,2005-2010,Coupe,Incl: SS,success,
非皮卡,高度压缩两两组合,Chevrolet,Cobalt/Cobalt,Cobalt,/,/,无可用尺码,2005-2010/2005-2010,Coupe/Sedan,Incl: SS/,,,2005-2010,Coupe/Sedan,Incl: SS,success,
非皮卡,高度压缩两两组合,Chevrolet,Corvette/Corvette,Corvette,/,/,无可用尺码,1953-1964/1963-1982,Convertible/Coupe,/,,,1953-1982,Convertible/Coupe,,fallback,Chevrolet Corvette 1968 Convertible 原子事实对应多条候选记录
非皮卡,高度压缩两两组合,Chevrolet,Corvette/Corvette,Corvette,/,/,无可用尺码,1953-1964/1968-1975,Convertible/Convertible,/,,,1953-1975,Convertible,,success,
非皮卡,高度压缩两两组合,Chevrolet,Corvette/Corvette,Corvette,/,/,无可用尺码,1953-1975/1963-1982,Convertible/Coupe,/,,,1953-1982,Convertible/Coupe,,success,
非皮卡,高度压缩两两组合,Chevrolet,Corvette/Corvette,Corvette,/,/,无可用尺码,1953-1982/1984-2005,Convertible/Coupe/Coupe,/,,,1953-2005,Convertible/Coupe,,fallback,Chevrolet Corvette 1986 Convertible 原子事实对应多条候选记录
非皮卡,高度压缩两两组合,Chevrolet,Corvette/Corvette,Corvette,/,/,无可用尺码,1953-1982/1986-1996,Convertible/Coupe/Convertible,/,,,1953-1996,Convertible/Coupe,,fallback,Chevrolet Corvette 1984 Coupe 原子事实对应多条候选记录
非皮卡,高度压缩两两组合,Chevrolet,Corvette/Corvette,Corvette,/,/,无可用尺码,1953-1982/1990-1995,Convertible/Coupe/Coupe,/ZR-1,,,1953-1995,Convertible/Coupe,Incl: ZR-1,fallback,Chevrolet Corvette 1984 Coupe 原子事实对应多条候选记录
非皮卡,高度压缩两两组合,Chevrolet,Corvette/Corvette,Corvette,/,/,无可用尺码,1953-1982/1998-2004,Convertible/Coupe/Convertible,/,,,1953-2004,Convertible/Coupe,,fallback,Chevrolet Corvette 1984 Coupe 原子事实对应多条候选记录
非皮卡,高度压缩两两组合,Chevrolet,Corvette/Corvette,Corvette,/,/,无可用尺码,1953-1982/2005-2013,Convertible/Coupe/Coupe,/Z06/ZR1,,,1953-2013,Convertible/Coupe,Incl: Z06/ZR1,fallback,Chevrolet Corvette 1984 Coupe 原子事实对应多条候选记录
非皮卡,高度压缩两两组合,Chevrolet,Corvette/Corvette,Corvette,/,/,无可用尺码,1953-1982/2006-2010,Convertible/Coupe/Coupe,/Z06,,,1953-2010,Convertible/Coupe,Incl: Z06,fallback,Chevrolet Corvette 1984 Coupe 原子事实对应多条候选记录
非皮卡,高度压缩两两组合,Chevrolet,Corvette/Corvette,Corvette,/,/,无可用尺码,1953-1982/2014,Convertible/Coupe/Coupe,/,,,1953-2014,Convertible/Coupe,,fallback,Chevrolet Corvette 1984 Coupe 原子事实对应多条候选记录
非皮卡,高度压缩两两组合,Chevrolet,Corvette/Corvette,Corvette,/,/,无可用尺码,1953-1982/2015-2019,Convertible/Coupe/Coupe,/Z06/ZR1,,,1953-2019,Convertible/Coupe,Incl: Z06/ZR1,fallback,Chevrolet Corvette 1984 Coupe 原子事实对应多条候选记录
非皮卡,高度压缩两两组合,Chevrolet,Corvette/Corvette,Corvette,/,/,无可用尺码,1953-1982/2020-2026,Convertible/Coupe/Coupe,/,,,1953-2026,Convertible/Coupe,,fallback,Chevrolet Corvette 1984 Coupe 原子事实对应多条候选记录
非皮卡,高度压缩两两组合,Chevrolet,Corvette/Corvette,Corvette,/,/,无可用尺码,1953-1982/2025-2026,Convertible/Coupe/Coupe,/ZR1,,,1953-2026,Convertible/Coupe,Incl: ZR1,fallback,Chevrolet Corvette 1984 Coupe 原子事实对应多条候选记录
非皮卡,高度压缩两两组合,Chevrolet,Corvette/Corvette,Corvette,/,/,无可用尺码,1984-2005/1986-1996,Coupe/Convertible,/,,,1984-2005,Convertible/Coupe,,fallback,Chevrolet Corvette 1998 Convertible 原子事实对应多条候选记录
非皮卡,高度压缩两两组合,Chevrolet,Corvette/Corvette,Corvette,/,/,无可用尺码,1984-2005/1990-1995,Coupe/Coupe,/ZR-1,,,1984-2005,Coupe,Incl: ZR-1,success,
非皮卡,高度压缩两两组合,Chevrolet,Corvette/Corvette,Corvette,/,/,无可用尺码,1953-1982/1984-2005,Convertible/Coupe/Coupe,/Incl: ZR-1,,,1953-2005,Convertible/Coupe,Incl: ZR-1,fallback,Chevrolet Corvette 1986 Convertible 原子事实对应多条候选记录
非皮卡,高度压缩两两组合,Chevrolet,Corvette/Corvette,Corvette,/,/,无可用尺码,1953-1982/1986-1996,Convertible/Coupe/Convertible,/,,,1953-1996,Convertible/Coupe,,fallback,Chevrolet Corvette 1984 Coupe 原子事实对应多条候选记录
非皮卡,高度压缩两两组合,Chevrolet,Corvette/Corvette,Corvette,/,/,无可用尺码,1953-1982/1998-2004,Convertible/Coupe/Convertible,/,,,1953-2004,Convertible/Coupe,,fallback,Chevrolet Corvette 1984 Coupe 原子事实对应多条候选记录
非皮卡,高度压缩两两组合,Chevrolet,Corvette/Corvette,Corvette,/,/,无可用尺码,1953-1982/2005-2013,Convertible/Coupe/Coupe,/Z06/ZR1,,,1953-2013,Convertible/Coupe,Incl: Z06/ZR1,fallback,Chevrolet Corvette 1984 Coupe 原子事实对应多条候选记录
非皮卡,高度压缩两两组合,Chevrolet,Corvette/Corvette,Corvette,/,/,无可用尺码,1953-1982/2006-2010,Convertible/Coupe/Coupe,/Z06,,,1953-2010,Convertible/Coupe,Incl: Z06,fallback,Chevrolet Corvette 1984 Coupe 原子事实对应多条候选记录
非皮卡,高度压缩两两组合,Chevrolet,Corvette/Corvette,Corvette,/,/,无可用尺码,1953-1982/2014,Convertible/Coupe/Coupe,/,,,1953-2014,Convertible/Coupe,,fallback,Chevrolet Corvette 1984 Coupe 原子事实对应多条候选记录
非皮卡,高度压缩两两组合,Chevrolet,Corvette/Corvette,Corvette,/,/,无可用尺码,1953-1982/2015-2019,Convertible/Coupe/Coupe,/Z06/ZR1,,,1953-2019,Convertible/Coupe,Incl: Z06/ZR1,fallback,Chevrolet Corvette 1984 Coupe 原子事实对应多条候选记录
非皮卡,高度压缩两两组合,Chevrolet,Corvette/Corvette,Corvette,/,/,无可用尺码,1953-1982/2020-2026,Convertible/Coupe/Coupe,/,,,1953-2026,Convertible/Coupe,,fallback,Chevrolet Corvette 1984 Coupe 原子事实对应多条候选记录
非皮卡,高度压缩两两组合,Chevrolet,Corvette/Corvette,Corvette,/,/,无可用尺码,1953-1982/2025-2026,Convertible/Coupe/Coupe,/ZR1,,,1953-2026,Convertible/Coupe,Incl: ZR1,fallback,Chevrolet Corvette 1984 Coupe 原子事实对应多条候选记录
非皮卡,高度压缩两两组合,Chevrolet,Corvette/Corvette,Corvette,/,/,无可用尺码,1984-2005/1986-1996,Coupe/Convertible,Incl: ZR-1/,,,1984-2005,Convertible/Coupe,Incl: ZR-1,fallback,Chevrolet Corvette 1998 Convertible 原子事实对应多条候选记录
非皮卡,高度压缩两两组合,Chevrolet,Corvette/Corvette,Corvette,/,/,无可用尺码,1984-2005/1998-2004,Coupe/Convertible,Incl: ZR-1/,,,1984-2005,Convertible/Coupe,Incl: ZR-1,fallback,Chevrolet Corvette 1986 Convertible 原子事实对应多条候选记录
非皮卡,高度压缩两两组合,Chevrolet,Corvette/Corvette,Corvette,/,/,无可用尺码,1984-2005/2005-2013,Coupe/Coupe,Incl: ZR-1/Z06/ZR1,,,1984-2013,Coupe,Incl: Z06/ZR1/ZR-1,fallback,Chevrolet Corvette 2006 Coupe 原子事实对应多条候选记录
非皮卡,高度压缩两两组合,Chevrolet,Corvette/Corvette,Corvette,/,/,无可用尺码,1984-2005/2006-2010,Coupe/Coupe,Incl: ZR-1/Z06,,,1984-2010,Coupe,Incl: Z06/ZR-1,fallback,Chevrolet Corvette 2005 Coupe 原子事实对应多条候选记录
非皮卡,高度压缩两两组合,Chevrolet,Corvette/Corvette,Corvette,/,/,无可用尺码,1984-2005/2014,Coupe/Coupe,Incl: ZR-1/,,,1984-2014,Coupe,Incl: ZR-1,success,
非皮卡,高度压缩两两组合,Chevrolet,Corvette/Corvette,Corvette,/,/,无可用尺码,1953-1982/1984-2014,Convertible/Coupe/Coupe,/Incl: ZR-1,,,1953-2014,Convertible/Coupe,Incl: ZR-1,fallback,Chevrolet Corvette 1986 Convertible 原子事实对应多条候选记录
非皮卡,高度压缩两两组合,Chevrolet,Corvette/Corvette,Corvette,/,/,无可用尺码,1953-1982/1986-1996,Convertible/Coupe/Convertible,/,,,1953-1996,Convertible/Coupe,,fallback,Chevrolet Corvette 1984 Coupe 原子事实对应多条候选记录
非皮卡,高度压缩两两组合,Chevrolet,Corvette/Corvette,Corvette,/,/,无可用尺码,1953-1982/1998-2004,Convertible/Coupe/Convertible,/,,,1953-2004,Convertible/Coupe,,fallback,Chevrolet Corvette 1984 Coupe 原子事实对应多条候选记录
非皮卡,高度压缩两两组合,Chevrolet,Corvette/Corvette,Corvette,/,/,无可用尺码,1953-1982/2005-2013,Convertible/Coupe/Coupe,/Z06/ZR1,,,1953-2013,Convertible/Coupe,Incl: Z06/ZR1,fallback,Chevrolet Corvette 1984 Coupe 原子事实对应多条候选记录
非皮卡,高度压缩两两组合,Chevrolet,Corvette/Corvette,Corvette,/,/,无可用尺码,1953-1982/2006-2010,Convertible/Coupe/Coupe,/Z06,,,1953-2010,Convertible/Coupe,Incl: Z06,fallback,Chevrolet Corvette 1984 Coupe 原子事实对应多条候选记录
非皮卡,高度压缩两两组合,Chevrolet,Corvette/Corvette,Corvette,/,/,无可用尺码,1953-1982/2015-2019,Convertible/Coupe/Coupe,/Z06/ZR1,,,1953-2019,Convertible/Coupe,Incl: Z06/ZR1,fallback,Chevrolet Corvette 1984 Coupe 原子事实对应多条候选记录
非皮卡,高度压缩两两组合,Chevrolet,Corvette/Corvette,Corvette,/,/,无可用尺码,1953-1982/2020-2026,Convertible/Coupe/Coupe,/,,,1953-2026,Convertible/Coupe,,fallback,Chevrolet Corvette 1984 Coupe 原子事实对应多条候选记录
非皮卡,高度压缩两两组合,Chevrolet,Corvette/Corvette,Corvette,/,/,无可用尺码,1953-1982/2025-2026,Convertible/Coupe/Coupe,/ZR1,,,1953-2026,Convertible/Coupe,Incl: ZR1,fallback,Chevrolet Corvette 1984 Coupe 原子事实对应多条候选记录
非皮卡,高度压缩两两组合,Chevrolet,Corvette/Corvette,Corvette,/,/,无可用尺码,1984-2014/1986-1996,Coupe/Convertible,Incl: ZR-1/,,,1984-2014,Convertible/Coupe,Incl: ZR-1,fallback,Chevrolet Corvette 1998 Convertible 原子事实对应多条候选记录
非皮卡,高度压缩两两组合,Chevrolet,Corvette/Corvette,Corvette,/,/,无可用尺码,1984-2014/1998-2004,Coupe/Convertible,Incl: ZR-1/,,,1984-2014,Convertible/Coupe,Incl: ZR-1,fallback,Chevrolet Corvette 1986 Convertible 原子事实对应多条候选记录
非皮卡,高度压缩两两组合,Chevrolet,Corvette/Corvette,Corvette,/,/,无可用尺码,1984-2014/2005-2013,Coupe/Coupe,Incl: ZR-1/Z06/ZR1,,,1984-2014,Coupe,Incl: Z06/ZR1/ZR-1,fallback,Chevrolet Corvette 2006 Coupe 原子事实对应多条候选记录
非皮卡,高度压缩两两组合,Chevrolet,Corvette/Corvette,Corvette,/,/,无可用尺码,1984-2014/2006-2010,Coupe/Coupe,Incl: ZR-1/Z06,,,1984-2014,Coupe,Incl: Z06/ZR-1,fallback,Chevrolet Corvette 2005 Coupe 原子事实对应多条候选记录
非皮卡,高度压缩两两组合,Chevrolet,Corvette/Corvette,Corvette,/,/,无可用尺码,1984-2014/2015-2019,Coupe/Coupe,Incl: ZR-1/Z06/ZR1,,,1984-2019,Coupe,Incl: Z06/ZR1/ZR-1,fallback,Chevrolet Corvette 2005 Coupe 原子事实对应多条候选记录
非皮卡,高度压缩两两组合,Chevrolet,Corvette/Corvette,Corvette,/,/,无可用尺码,1984-2014/2020-2026,Coupe/Coupe,Incl: ZR-1/,,,1984-2026,Coupe,Incl: ZR-1,success,
非皮卡,高度压缩两两组合,Chevrolet,Corvette/Corvette,Corvette,/,/,无可用尺码,1953-1982/1984-2026,Convertible/Coupe/Coupe,/Incl: ZR-1,,,1953-2026,Convertible/Coupe,Incl: ZR-1,fallback,Chevrolet Corvette 1986 Convertible 原子事实对应多条候选记录
非皮卡,高度压缩两两组合,Chevrolet,Corvette/Corvette,Corvette,/,/,无可用尺码,1953-1982/1986-1996,Convertible/Coupe/Convertible,/,,,1953-1996,Convertible/Coupe,,fallback,Chevrolet Corvette 1984 Coupe 原子事实对应多条候选记录
非皮卡,高度压缩两两组合,Chevrolet,Corvette/Corvette,Corvette,/,/,无可用尺码,1953-1982/1998-2004,Convertible/Coupe/Convertible,/,,,1953-2004,Convertible/Coupe,,fallback,Chevrolet Corvette 1984 Coupe 原子事实对应多条候选记录
非皮卡,高度压缩两两组合,Chevrolet,Corvette/Corvette,Corvette,/,/,无可用尺码,1953-1982/2005-2013,Convertible/Coupe/Coupe,/Z06/ZR1,,,1953-2013,Convertible/Coupe,Incl: Z06/ZR1,fallback,Chevrolet Corvette 1984 Coupe 原子事实对应多条候选记录
非皮卡,高度压缩两两组合,Chevrolet,Corvette/Corvette,Corvette,/,/,无可用尺码,1953-1982/2006-2010,Convertible/Coupe/Coupe,/Z06,,,1953-2010,Convertible/Coupe,Incl: Z06,fallback,Chevrolet Corvette 1984 Coupe 原子事实对应多条候选记录
非皮卡,高度压缩两两组合,Chevrolet,Corvette/Corvette,Corvette,/,/,无可用尺码,1953-1982/2015-2019,Convertible/Coupe/Coupe,/Z06/ZR1,,,1953-2019,Convertible/Coupe,Incl: Z06/ZR1,fallback,Chevrolet Corvette 1984 Coupe 原子事实对应多条候选记录
非皮卡,高度压缩两两组合,Chevrolet,Corvette/Corvette,Corvette,/,/,无可用尺码,1953-1982/2025-2026,Convertible/Coupe/Coupe,/ZR1,,,1953-2026,Convertible/Coupe,Incl: ZR1,fallback,Chevrolet Corvette 1984 Coupe 原子事实对应多条候选记录
非皮卡,高度压缩两两组合,Chevrolet,Corvette/Corvette,Corvette,/,/,无可用尺码,1984-2026/1986-1996,Coupe/Convertible,Incl: ZR-1/,,,1984-2026,Convertible/Coupe,Incl: ZR-1,fallback,Chevrolet Corvette 1998 Convertible 原子事实对应多条候选记录
非皮卡,高度压缩两两组合,Chevrolet,Corvette/Corvette,Corvette,/,/,无可用尺码,1984-2026/1998-2004,Coupe/Convertible,Incl: ZR-1/,,,1984-2026,Convertible/Coupe,Incl: ZR-1,fallback,Chevrolet Corvette 1986 Convertible 原子事实对应多条候选记录
非皮卡,高度压缩两两组合,Chevrolet,Corvette/Corvette,Corvette,/,/,无可用尺码,1984-2026/2005-2013,Coupe/Coupe,Incl: ZR-1/Z06/ZR1,,,1984-2026,Coupe,Incl: Z06/ZR1/ZR-1,fallback,Chevrolet Corvette 2006 Coupe 原子事实对应多条候选记录
非皮卡,高度压缩两两组合,Chevrolet,Corvette/Corvette,Corvette,/,/,无可用尺码,1984-2026/2006-2010,Coupe/Coupe,Incl: ZR-1/Z06,,,1984-2026,Coupe,Incl: Z06/ZR-1,fallback,Chevrolet Corvette 2005 Coupe 原子事实对应多条候选记录
非皮卡,高度压缩两两组合,Chevrolet,Corvette/Corvette,Corvette,/,/,无可用尺码,1984-2026/2015-2019,Coupe/Coupe,Incl: ZR-1/Z06/ZR1,,,1984-2026,Coupe,Incl: Z06/ZR1/ZR-1,fallback,Chevrolet Corvette 2005 Coupe 原子事实对应多条候选记录
非皮卡,高度压缩两两组合,Chevrolet,Corvette/Corvette,Corvette,/,/,无可用尺码,1984-2026/2025-2026,Coupe/Coupe,Incl: ZR-1/ZR1,,,1984-2026,Coupe,Incl: ZR1/ZR-1,fallback,Chevrolet Corvette 2005 Coupe 原子事实对应多条候选记录
非皮卡,高度压缩两两组合,Chevrolet,Corvette/Corvette,Corvette,/,/,无可用尺码,1986-1996/1998-2004,Convertible/Convertible,/,,,1986-2004,Convertible,,success,
非皮卡,高度压缩两两组合,Chevrolet,Corvette/Corvette,Corvette,/,/,无可用尺码,1953-1982/1984-2026,Convertible/Coupe/Coupe,/Incl: ZR-1,,,1953-2026,Convertible/Coupe,Incl: ZR-1,fallback,Chevrolet Corvette 1986 Convertible 原子事实对应多条候选记录
非皮卡,高度压缩两两组合,Chevrolet,Corvette/Corvette,Corvette,/,/,无可用尺码,1953-1982/1986-2004,Convertible/Coupe/Convertible,/,,,1953-2004,Convertible/Coupe,,fallback,Chevrolet Corvette 1984 Coupe 原子事实对应多条候选记录
非皮卡,高度压缩两两组合,Chevrolet,Corvette/Corvette,Corvette,/,/,无可用尺码,1953-1982/2005-2013,Convertible/Coupe/Coupe,/Z06/ZR1,,,1953-2013,Convertible/Coupe,Incl: Z06/ZR1,fallback,Chevrolet Corvette 1984 Coupe 原子事实对应多条候选记录
非皮卡,高度压缩两两组合,Chevrolet,Corvette/Corvette,Corvette,/,/,无可用尺码,1953-1982/2006-2010,Convertible/Coupe/Coupe,/Z06,,,1953-2010,Convertible/Coupe,Incl: Z06,fallback,Chevrolet Corvette 1984 Coupe 原子事实对应多条候选记录
非皮卡,高度压缩两两组合,Chevrolet,Corvette/Corvette,Corvette,/,/,无可用尺码,1953-1982/2015-2019,Convertible/Coupe/Coupe,/Z06/ZR1,,,1953-2019,Convertible/Coupe,Incl: Z06/ZR1,fallback,Chevrolet Corvette 1984 Coupe 原子事实对应多条候选记录
非皮卡,高度压缩两两组合,Chevrolet,Corvette/Corvette,Corvette,/,/,无可用尺码,1953-1982/2025-2026,Convertible/Coupe/Coupe,/ZR1,,,1953-2026,Convertible/Coupe,Incl: ZR1,fallback,Chevrolet Corvette 1984 Coupe 原子事实对应多条候选记录
非皮卡,高度压缩两两组合,Chevrolet,Corvette/Corvette,Corvette,/,/,无可用尺码,1984-2026/1986-2004,Coupe/Convertible,Incl: ZR-1/,,,1984-2026,Convertible/Coupe,Incl: ZR-1,success,
非皮卡,高度压缩两两组合,Chevrolet,Corvette/Corvette,Corvette,/,/,无可用尺码,1953-1982/1984-2026,Convertible/Coupe/Convertible/Coupe,/Incl: ZR-1,,,1953-2026,Convertible/Coupe,Incl: ZR-1,success,
非皮卡,高度压缩两两组合,Chevrolet,Corvette/Corvette,Corvette,/,/,无可用尺码,1953-2026/2005-2013,Convertible/Coupe/Coupe,Incl: ZR-1/Z06/ZR1,,,1953-2026,Convertible/Coupe,Incl: Z06/ZR1/ZR-1,fallback,Chevrolet Corvette 2006 Coupe 原子事实对应多条候选记录
非皮卡,高度压缩两两组合,Chevrolet,Corvette/Corvette,Corvette,/,/,无可用尺码,1953-2026/2006-2010,Convertible/Coupe/Coupe,Incl: ZR-1/Z06,,,1953-2026,Convertible/Coupe,Incl: Z06/ZR-1,fallback,Chevrolet Corvette 2005 Coupe 原子事实对应多条候选记录
非皮卡,高度压缩两两组合,Chevrolet,Corvette/Corvette,Corvette,/,/,无可用尺码,1953-2026/2015-2019,Convertible/Coupe/Coupe,Incl: ZR-1/Z06/ZR1,,,1953-2026,Convertible/Coupe,Incl: Z06/ZR1/ZR-1,fallback,Chevrolet Corvette 2005 Coupe 原子事实对应多条候选记录
非皮卡,高度压缩两两组合,Chevrolet,Corvette/Corvette,Corvette,/,/,无可用尺码,1953-2026/2025-2026,Convertible/Coupe/Coupe,Incl: ZR-1/ZR1,,,1953-2026,Convertible/Coupe,Incl: ZR1/ZR-1,fallback,Chevrolet Corvette 2005 Coupe 原子事实对应多条候选记录
非皮卡,高度压缩两两组合,Chevrolet,Corvette/Corvette,Corvette,/,/,无可用尺码,2005-2013/2006-2010,Coupe/Coupe,Z06/ZR1/Z06,,,2005-2013,Coupe,Z06/ZR1,success,
非皮卡,高度压缩两两组合,Chevrolet,Corvette/Corvette,Corvette,/,/,无可用尺码,1953-2026/2005-2013,Convertible/Coupe/Coupe,Incl: ZR-1/Z06/ZR1,,,1953-2026,Convertible/Coupe,Incl: Z06/ZR1/ZR-1,fallback,Chevrolet Corvette 2015 Coupe 原子事实对应多条候选记录
非皮卡,高度压缩两两组合,Chevrolet,Corvette/Corvette,Corvette,/,/,无可用尺码,1953-2026/2015-2019,Convertible/Coupe/Coupe,Incl: ZR-1/Z06/ZR1,,,1953-2026,Convertible/Coupe,Incl: Z06/ZR1/ZR-1,fallback,Chevrolet Corvette 2005 Coupe 原子事实对应多条候选记录
非皮卡,高度压缩两两组合,Chevrolet,Corvette/Corvette,Corvette,/,/,无可用尺码,1953-2026/2025-2026,Convertible/Coupe/Coupe,Incl: ZR-1/ZR1,,,1953-2026,Convertible/Coupe,Incl: ZR1/ZR-1,fallback,Chevrolet Corvette 2005 Coupe 原子事实对应多条候选记录
非皮卡,高度压缩两两组合,Chevrolet,Corvette/Corvette,Corvette,/,/,无可用尺码,2005-2013/2015-2019,Coupe/Coupe,Z06/ZR1/Z06/ZR1,,,2005-2019,Coupe,Z06/ZR1,success,
非皮卡,高度压缩两两组合,Chevrolet,Corvette/Corvette,Corvette,/,/,无可用尺码,1953-2026/2005-2019,Convertible/Coupe/Coupe,Incl: ZR-1/Z06/ZR1,,,1953-2026,Convertible/Coupe,Incl: Z06/ZR1/ZR-1,fallback,Chevrolet Corvette 2025 Coupe 原子事实对应多条候选记录
非皮卡,高度压缩两两组合,Chevrolet,Corvette/Corvette,Corvette,/,/,无可用尺码,1953-2026/2025-2026,Convertible/Coupe/Coupe,Incl: ZR-1/ZR1,,,1953-2026,Convertible/Coupe,Incl: ZR1/ZR-1,fallback,Chevrolet Corvette 2005 Coupe 原子事实对应多条候选记录
非皮卡,高度压缩两两组合,Chevrolet,Corvette/Corvette,Corvette,/,/,无可用尺码,2005-2019/2025-2026,Coupe/Coupe,Z06/ZR1/ZR1,,,2005-2026,Coupe,Z06/ZR1,success,
非皮卡,高度压缩两两组合,Chevrolet,Corvette/Corvette,Corvette,/,/,无可用尺码,1953-2026/2005-2026,Convertible/Coupe/Coupe,Incl: ZR-1/Z06/ZR1,,,1953-2026,Convertible/Coupe,Incl: Z06/ZR1/ZR-1,success,
非皮卡,高度压缩两两组合,Chevrolet,Cruze/Cruze,Cruze,/,/,无可用尺码,2011-2019/2017-2019,Sedan/Hatchback,/,,,2011-2019,Hatchback/Sedan,,success,
非皮卡,高度压缩两两组合,Chevrolet,Express/Express,Express,/,/,无可用尺码,2013/2016-2017,Van/Van,/Extended,,,2013-2017,Van,Incl: Extended,success,
非皮卡,高度压缩两两组合,Chevrolet,Express/Express,Express,/,/,无可用尺码,2013-2017/2021-2023,Van/Van,Incl: Extended/,,,2013-2023,Van,Incl: Extended,fallback,Chevrolet Express 2021 Van 原子事实对应多条候选记录
非皮卡,高度压缩两两组合,Chevrolet,Express/Express,Express,/,/,无可用尺码,2013-2017/2021-2023,Van/Van,Incl: Extended/Extended,,,2013-2023,Van,Incl: Extended,fallback,Chevrolet Express 2021 Van 原子事实对应多条候选记录
非皮卡,高度压缩两两组合,Chevrolet,Express/Express,Express,/,/,无可用尺码,2021-2023/2021-2023,Van/Van,/Extended,,,2021-2023,Van,Incl: Extended,success,
非皮卡,高度压缩两两组合,Chevrolet,Express/Express,Express,/,/,无可用尺码,2013-2017/2021-2023,Van/Van,Incl: Extended/Incl: Extended,,,2013-2023,Van,Incl: Extended,success,
非皮卡,高度压缩两两组合,Chevrolet,HHR/HHR,HHR,/,/,无可用尺码,2006-2011/2007-2011,Wagon/Wagon,/Panel,,,2006-2011,Wagon,Incl: Panel,success,
非皮卡,高度压缩两两组合,Chevrolet,HHR/HHR,HHR,/,/,无可用尺码,2006-2011/2008-2010,Wagon/Wagon,Incl: Panel/SS,,,2006-2011,Wagon,Incl: Panel/SS,success,
非皮卡,高度压缩两两组合,Chevrolet,HHR/HHR,HHR,/,/,无可用尺码,2006-2011/2009,Wagon/Wagon,Incl: Panel/SS/Panel SS,,,2006-2011,Wagon,Incl: Panel/Panel SS/SS,success,
非皮卡,高度压缩两两组合,Chevrolet,Impala/Impala,Impala,/,/,无可用尺码,1962-1963/1965-1968,Wagon/Wagon,/,,,1962-1968,Wagon,,success,
非皮卡,高度压缩两两组合,Chevrolet,Impala/Impala,Impala,/,/,4XL,1973-1974/1974,Coupe/Sedan,/,,,1973-1974,Coupe/Sedan,,success,
非皮卡,高度压缩两两组合,Chevrolet,Impala/Impala,Impala,/,/,4XL,1973-1974/1976,Coupe/Sedan/Convertible,/,,,1973-1976,Convertible/Coupe/Sedan,,success,
非皮卡,高度压缩两两组合,Chevrolet,Impala/Impala,Impala,/,/,4XL,1973-1976/1994-1996,Convertible/Coupe/Sedan/Sedan,/SS,,,1973-1996,Convertible/Coupe/Sedan,Incl: SS,success,
非皮卡,高度压缩两两组合,Chevrolet,Impala/Impala,Impala,/,/,4XL,1973-1996/2014-2020,Convertible/Coupe/Sedan/Sedan,Incl: SS/,,,1973-2020,Convertible/Coupe/Sedan,Incl: SS,success,
非皮卡,高度压缩两两组合,Chevrolet,Malibu/Malibu,Malibu,/,/,无可用尺码,1964-1972/1964-1974,Convertible/Coupe,/,,,1964-1974,Convertible/Coupe,,success,
非皮卡,高度压缩两两组合,Chevrolet,Malibu/Malibu,Malibu,/,/,无可用尺码,1964-1974/1964-1974,Convertible/Coupe/Sedan,/,,,1964-1974,Convertible/Coupe/Sedan,,success,
非皮卡,高度压缩两两组合,Chevrolet,Malibu/Malibu,Malibu,/,/,无可用尺码,1964-1974/1964-1983,Convertible/Coupe/Sedan/Wagon,/,,,1964-1983,Convertible/Coupe/Sedan/Wagon,,fallback,Chevrolet Malibu 1975 Coupe 原子事实对应多条候选记录
非皮卡,高度压缩两两组合,Chevrolet,Malibu/Malibu,Malibu,/,/,无可用尺码,1964-1974/1978-1981,Convertible/Coupe/Sedan/Coupe,/,,,1964-1981,Convertible/Coupe/Sedan,,fallback,Chevrolet Malibu 1975 Coupe 原子事实对应多条候选记录
非皮卡,高度压缩两两组合,Chevrolet,Malibu/Malibu,Malibu,/,/,无可用尺码,1964-1974/1978-1983,Convertible/Coupe/Sedan/Sedan,/,,,1964-1983,Convertible/Coupe/Sedan,,fallback,Chevrolet Malibu 1975 Coupe 原子事实对应多条候选记录
非皮卡,高度压缩两两组合,Chevrolet,Malibu/Malibu,Malibu,/,/,无可用尺码,1964-1974/1997-2025,Convertible/Coupe/Sedan/Sedan,/,,,1964-2025,Convertible/Coupe/Sedan,,fallback,Chevrolet Malibu 1975 Coupe 原子事实对应多条候选记录
非皮卡,高度压缩两两组合,Chevrolet,Malibu/Malibu,Malibu,/,/,无可用尺码,1964-1983/1978-1981,Wagon/Coupe,/,,,1964-1983,Coupe/Wagon,,fallback,Chevrolet Malibu 1964 Coupe 原子事实对应多条候选记录
非皮卡,高度压缩两两组合,Chevrolet,Malibu/Malibu,Malibu,/,/,无可用尺码,1964-1983/1978-1983,Wagon/Sedan,/,,,1964-1983,Sedan/Wagon,,fallback,Chevrolet Malibu 1964 Sedan 原子事实对应多条候选记录
非皮卡,高度压缩两两组合,Chevrolet,Malibu/Malibu,Malibu,/,/,无可用尺码,1964-1983/1997-2025,Wagon/Sedan,/,,,1964-2025,Sedan/Wagon,,fallback,Chevrolet Malibu 1964 Sedan 原子事实对应多条候选记录
非皮卡,高度压缩两两组合,Chevrolet,Malibu/Malibu,Malibu,/,/,4XL,1975-1977/1975-1977,Coupe/Sedan,/,,,1975-1977,Coupe/Sedan,,success,
非皮卡,高度压缩两两组合,Chevrolet,Malibu/Malibu,Malibu,/,/,无可用尺码,1964-1974/1964-1983,Convertible/Coupe/Sedan/Wagon,/,,,1964-1983,Convertible/Coupe/Sedan/Wagon,,fallback,Chevrolet Malibu 1975 Coupe 原子事实对应多条候选记录
非皮卡,高度压缩两两组合,Chevrolet,Malibu/Malibu,Malibu,/,/,无可用尺码,1964-1974/1978-1981,Convertible/Coupe/Sedan/Coupe,/,,,1964-1981,Convertible/Coupe/Sedan,,fallback,Chevrolet Malibu 1975 Coupe 原子事实对应多条候选记录
非皮卡,高度压缩两两组合,Chevrolet,Malibu/Malibu,Malibu,/,/,无可用尺码,1964-1974/1978-1983,Convertible/Coupe/Sedan/Sedan,/,,,1964-1983,Convertible/Coupe/Sedan,,fallback,Chevrolet Malibu 1975 Coupe 原子事实对应多条候选记录
非皮卡,高度压缩两两组合,Chevrolet,Malibu/Malibu,Malibu,/,/,无可用尺码,1964-1974/1997-2025,Convertible/Coupe/Sedan/Sedan,/,,,1964-2025,Convertible/Coupe/Sedan,,fallback,Chevrolet Malibu 1975 Coupe 原子事实对应多条候选记录
非皮卡,高度压缩两两组合,Chevrolet,Malibu/Malibu,Malibu,/,/,无可用尺码,1964-1983/1978-1981,Wagon/Coupe,/,,,1964-1983,Coupe/Wagon,,fallback,Chevrolet Malibu 1964 Coupe 原子事实对应多条候选记录
非皮卡,高度压缩两两组合,Chevrolet,Malibu/Malibu,Malibu,/,/,无可用尺码,1964-1983/1978-1983,Wagon/Sedan,/,,,1964-1983,Sedan/Wagon,,fallback,Chevrolet Malibu 1964 Sedan 原子事实对应多条候选记录
非皮卡,高度压缩两两组合,Chevrolet,Malibu/Malibu,Malibu,/,/,无可用尺码,1964-1983/1997-2025,Wagon/Sedan,/,,,1964-2025,Sedan/Wagon,,fallback,Chevrolet Malibu 1964 Sedan 原子事实对应多条候选记录
非皮卡,高度压缩两两组合,Chevrolet,Malibu/Malibu,Malibu,/,/,无可用尺码,1978-1981/1978-1983,Coupe/Sedan,/,,,1978-1983,Coupe/Sedan,,success,
非皮卡,高度压缩两两组合,Chevrolet,Malibu/Malibu,Malibu,/,/,无可用尺码,1964-1974/1964-1983,Convertible/Coupe/Sedan/Wagon,/,,,1964-1983,Convertible/Coupe/Sedan/Wagon,,fallback,Chevrolet Malibu 1975 Coupe 原子事实对应多条候选记录
非皮卡,高度压缩两两组合,Chevrolet,Malibu/Malibu,Malibu,/,/,无可用尺码,1964-1974/1978-1983,Convertible/Coupe/Sedan/Coupe/Sedan,/,,,1964-1983,Convertible/Coupe/Sedan,,fallback,Chevrolet Malibu 1975 Coupe 原子事实对应多条候选记录
非皮卡,高度压缩两两组合,Chevrolet,Malibu/Malibu,Malibu,/,/,无可用尺码,1964-1974/1997-2025,Convertible/Coupe/Sedan/Sedan,/,,,1964-2025,Convertible/Coupe/Sedan,,fallback,Chevrolet Malibu 1975 Coupe 原子事实对应多条候选记录
非皮卡,高度压缩两两组合,Chevrolet,Malibu/Malibu,Malibu,/,/,无可用尺码,1964-1983/1978-1983,Wagon/Coupe/Sedan,/,,,1964-1983,Coupe/Sedan/Wagon,,fallback,Chevrolet Malibu 1964 Coupe 原子事实对应多条候选记录
非皮卡,高度压缩两两组合,Chevrolet,Malibu/Malibu,Malibu,/,/,无可用尺码,1964-1983/1997-2025,Wagon/Sedan,/,,,1964-2025,Sedan/Wagon,,fallback,Chevrolet Malibu 1964 Sedan 原子事实对应多条候选记录
非皮卡,高度压缩两两组合,Chevrolet,Malibu/Malibu,Malibu,/,/,无可用尺码,1978-1983/1997-2025,Coupe/Sedan/Sedan,/,,,1978-2025,Coupe/Sedan,,success,
非皮卡,高度压缩两两组合,Chevrolet,Malibu/Malibu,Malibu,/,/,无可用尺码,1964-1974/1964-1983,Convertible/Coupe/Sedan/Wagon,/,,,1964-1983,Convertible/Coupe/Sedan/Wagon,,fallback,Chevrolet Malibu 1975 Coupe 原子事实对应多条候选记录
非皮卡,高度压缩两两组合,Chevrolet,Malibu/Malibu,Malibu,/,/,无可用尺码,1964-1974/1978-2025,Convertible/Coupe/Sedan/Coupe/Sedan,/,,,1964-2025,Convertible/Coupe/Sedan,,fallback,Chevrolet Malibu 1975 Coupe 原子事实对应多条候选记录
非皮卡,高度压缩两两组合,Chevrolet,Malibu/Malibu,Malibu,/,/,无可用尺码,1964-1983/1978-2025,Wagon/Coupe/Sedan,/,,,1964-2025,Coupe/Sedan/Wagon,,fallback,Chevrolet Malibu 1964 Coupe 原子事实对应多条候选记录
非皮卡,高度压缩两两组合,Chevrolet,Metro/Metro,Metro,/,/,无可用尺码,1998-2000/1998-2001,Hatchback/Sedan,/,,,1998-2001,Hatchback/Sedan,,success,
非皮卡,高度压缩两两组合,Chevrolet,Monte Carlo/Monte Carlo,Monte Carlo,/,/,无可用尺码,1978-1988/1983-1988,Coupe/Coupe,/SS,,,1978-1988,Coupe,Incl: SS,success,
非皮卡,高度压缩两两组合,Chevrolet,Monte Carlo/Monte Carlo,Monte Carlo,/,/,无可用尺码,1978-1988/1995-2007,Coupe/Coupe,Incl: SS/,,,1978-2007,Coupe,Incl: SS,success,
非皮卡,高度压缩两两组合,Chevrolet,Nova/Nova,Nova,/,/,无可用尺码,1962-1967/1962-1974,Wagon/Coupe,/,,,1962-1974,Coupe/Wagon,,success,
非皮卡,高度压缩两两组合,Chevrolet,Nova/Nova,Nova,/,/,无可用尺码,1962-1974/1962-1979,Coupe/Wagon/Sedan,/,,,1962-1979,Coupe/Sedan/Wagon,,fallback,Chevrolet Nova 1976 Coupe 原子事实对应多条候选记录
非皮卡,高度压缩两两组合,Chevrolet,Nova/Nova,Nova,/,/,无可用尺码,1962-1974/1968-1979,Coupe/Wagon/Hatchback,/,,,1962-1979,Coupe/Hatchback/Wagon,,fallback,Chevrolet Nova 1976 Coupe 原子事实对应多条候选记录
非皮卡,高度压缩两两组合,Chevrolet,Nova/Nova,Nova,/,/,无可用尺码,1962-1974/1976-1979,Coupe/Wagon/Coupe,/,,,1962-1979,Coupe/Wagon,,success,
非皮卡,高度压缩两两组合,Chevrolet,Nova/Nova,Nova,/,/,无可用尺码,1962-1979/1962-1979,Coupe/Wagon/Sedan,/,,,1962-1979,Coupe/Sedan/Wagon,,success,
非皮卡,高度压缩两两组合,Chevrolet,Nova/Nova,Nova,/,/,无可用尺码,1962-1979/1968-1979,Coupe/Sedan/Wagon/Hatchback,/,,,1962-1979,Coupe/Hatchback/Sedan/Wagon,,success,
非皮卡,高度压缩两两组合,Chevrolet,Nova/Nova,Nova,/,/,无可用尺码,1962-1979/1985-1988,Coupe/Hatchback/Sedan/Wagon/Sedan,/,,,1962-1988,Coupe/Hatchback/Sedan/Wagon,,fallback,Chevrolet Nova 1987 Hatchback 原子事实对应多条候选记录
非皮卡,高度压缩两两组合,Chevrolet,Nova/Nova,Nova,/,/,无可用尺码,1962-1979/1987-1988,Coupe/Hatchback/Sedan/Wagon/Hatchback,/,,,1962-1988,Coupe/Hatchback/Sedan/Wagon,,fallback,Chevrolet Nova 1985 Sedan 原子事实对应多条候选记录
非皮卡,高度压缩两两组合,Chevrolet,Nova/Nova,Nova,/,/,无可用尺码,1985-1988/1987-1988,Sedan/Hatchback,/,,,1985-1988,Hatchback/Sedan,,success,
非皮卡,高度压缩两两组合,Chevrolet,Nova/Nova,Nova,/,/,无可用尺码,1962-1979/1985-1988,Coupe/Hatchback/Sedan/Wagon/Hatchback/Sedan,/,,,1962-1988,Coupe/Hatchback/Sedan/Wagon,,success,
非皮卡,高度压缩两两组合,Chevrolet,S-10 Blazer/S-10 Blazer,S-10 Blazer,/,/,无可用尺码,1983-1990/1991-1994,SUV/SUV,/2dr 4WD,,,1983-1994,SUV,Incl: 2dr 4WD,success,
非皮卡,高度压缩两两组合,Chevrolet,S-10 Blazer/S-10 Blazer,S-10 Blazer,/,/,无可用尺码,1983-1994/1991-1994,SUV/SUV,Incl: 2dr 4WD/4dr 2WD,,,1983-1994,SUV,Incl: 2dr 4WD/4dr 2WD,success,
非皮卡,高度压缩两两组合,Chevrolet,S-10 Blazer/S-10 Blazer,S-10 Blazer,/,/,无可用尺码,1983-1994/1992-1993,SUV/SUV,Incl: 2dr 4WD/4dr 2WD/2dr 2WD,,,1983-1994,SUV,Incl: 2dr 2WD/2dr 4WD/4dr 2WD,success,
非皮卡,高度压缩两两组合,Chevrolet,S-10 Blazer/S-10 Blazer,S-10 Blazer,/,/,无可用尺码,1983-1994/1995-2004,SUV/SUV,Incl: 2dr 2WD/2dr 4WD/4dr 2WD/4dr,,,1983-2004,SUV,Incl: 2dr 2WD/2dr 4WD/4dr/4dr 2WD,success,
非皮卡,高度压缩两两组合,Chevrolet,S-10 Blazer/S-10 Blazer,S-10 Blazer,/,/,无可用尺码,1983-2004/1995-2005,SUV/SUV,Incl: 2dr 2WD/2dr 4WD/4dr/4dr 2WD/2dr,,,1983-2005,SUV,Incl: 2dr/2dr 2WD/2dr 4WD/4dr/4dr 2WD,success,
非皮卡,高度压缩两两组合,Chevrolet,Sonic/Sonic,Sonic,/,/,无可用尺码,2012-2020/2012-2020,Hatchback/Sedan,/,,,2012-2020,Hatchback/Sedan,,success,
非皮卡,高度压缩两两组合,Chevrolet,Suburban/Suburban,Suburban,/,/,无可用尺码,1935-1941/1946-2026,SUV/SUV,/,,,1935-2026,SUV,,success,
非皮卡,高度压缩两两组合,Chevrolet,Tahoe/Tahoe,Tahoe,/,/,无可用尺码,1995-1999/1995-1999,SUV/SUV,2dr 4WD/4dr 2WD,,,1995-1999,SUV,2dr 4WD/4dr 2WD,success,
非皮卡,高度压缩两两组合,Chevrolet,Tahoe/Tahoe,Tahoe,/,/,无可用尺码,1995-1999/2000-2026,SUV/SUV,2dr 4WD/4dr 2WD/,,,1995-2026,SUV,Incl: 2dr 4WD/4dr 2WD,success,
非皮卡,高度压缩两两组合,Chevrolet,Tracker/Tracker,Tracker,/,/,无可用尺码,1998-2004/1999-2004,SUV/SUV,2dr/4dr,,,1998-2004,SUV,2dr/4dr,success,
非皮卡,高度压缩两两组合,Chevrolet,Trailblazer/Trailblazer,Trailblazer,/,/,无可用尺码,2002-2005/2006-2009,SUV/SUV,/SS,,,2002-2009,SUV,Incl: SS,success,
非皮卡,高度压缩两两组合,Chevrolet,Trailblazer/Trailblazer,Trailblazer,/,/,无可用尺码,2002-2009/2021-2026,SUV/SUV,Incl: SS/,,,2002-2026,SUV,Incl: SS,success,
非皮卡,高度压缩两两组合,Chevrolet,Traverse/Traverse,Traverse,/,/,无可用尺码,2009-2026/2024,SUV/SUV,/Limited,,,2009-2026,SUV,Incl: Limited,success,
非皮卡,高度压缩两两组合,Chevrolet,Trax/Trax,Trax,/,/,无可用尺码,2015-2022/2024-2026,SUV/SUV,/,,,2015-2026,SUV,,success,
非皮卡,高度压缩两两组合,Chevrolet,Uplander/Uplander,Uplander,/,/,无可用尺码,2005-2008/2006-2008,Wagon/Wagon,LWB/,,,2005-2008,Wagon,Incl: LWB,success,
非皮卡,高度压缩两两组合,Chevrolet,Venture/Venture,Venture,/,/,无可用尺码,1997-2004/1997-2005,Wagon/Wagon,/LWB,,,1997-2005,Wagon,Incl: LWB,success,
非皮卡,高度压缩两两组合,Chrysler,200/200,200,/,/,无可用尺码,2011-2014/2011-2017,Convertible/Sedan,/,,,2011-2017,Convertible/Sedan,,success,
非皮卡,高度压缩两两组合,Chrysler,200 Series/200 Series,200 Series,/,/,无可用尺码,2011-2014/2011-2017,Convertible/Sedan,/,,,2011-2017,Convertible/Sedan,,success,
非皮卡,高度压缩两两组合,Chrysler,300 series/300 series,300 series,/,/,4XL,1999-2004/2005-2023,Sedan/Sedan,300M/,,,1999-2023,Sedan,Incl: 300M,success,
非皮卡,高度压缩两两组合,Chrysler,Crossfire/Crossfire,Crossfire,/,/,无可用尺码,2004-2008/2005-2008,Coupe/Convertible,/,,,2004-2008,Convertible/Coupe,,success,
非皮卡,高度压缩两两组合,Chrysler,LHS/LHS,LHS,/,/,4XL,1994-1997/1999-2001,Sedan/Sedan,/,,,1994-2001,Sedan,,success,
非皮卡,高度压缩两两组合,Chrysler,Pacifica/Pacifica,Pacifica,/,/,无可用尺码,2004-2008/2017-2026,Crossover/MPV,/,,,2004-2026,Crossover/MPV,,success,
非皮卡,高度压缩两两组合,Chrysler,Sebring/Sebring,Sebring,/,/,无可用尺码,1995-2005/1996-2006,Coupe/Convertible,/,,,1995-2006,Convertible/Coupe,,success,
非皮卡,高度压缩两两组合,Chrysler,Sebring/Sebring,Sebring,/,/,无可用尺码,1995-2006/2001-2010,Convertible/Coupe/Sedan,/,,,1995-2010,Convertible/Coupe/Sedan,,fallback,Chrysler Sebring 2008 Convertible 原子事实对应多条候选记录
非皮卡,高度压缩两两组合,Chrysler,Sebring/Sebring,Sebring,/,/,无可用尺码,1995-2006/2008-2010,Convertible/Coupe/Convertible,/,,,1995-2010,Convertible/Coupe,,success,
非皮卡,高度压缩两两组合,Chrysler,Sebring/Sebring,Sebring,/,/,无可用尺码,1995-2010/2001-2010,Convertible/Coupe/Sedan,/,,,1995-2010,Convertible/Coupe/Sedan,,success,
非皮卡,高度压缩两两组合,Chrysler,Voyager/Voyager,Voyager,/,/,无可用尺码,2000-2003/2020-2026,MPV/MPV,/,,,2000-2026,MPV,,success,
非皮卡,高度压缩两两组合,Dodge,Avenger/Avenger,Avenger,/,/,无可用尺码,1995-2000/2008-2014,Coupe/Sedan,/,,,1995-2014,Coupe/Sedan,,success,
非皮卡,高度压缩两两组合,Dodge,Caravan/Caravan,Caravan,/,/,无可用尺码,1984-2007/1987-1995,MPV/MPV,SWB/Grand Caravan,,,1984-2007,MPV,Grand Caravan/SWB,success,
非皮卡,高度压缩两两组合,Dodge,Caravan/Caravan,Caravan,/,/,无可用尺码,1984-2007/2008-2020,MPV/MPV,Grand Caravan/SWB/LWB,,,1984-2020,MPV,Grand Caravan/LWB/SWB,success,
非皮卡,高度压缩两两组合,Dodge,Challenger/Challenger,Challenger,/,/,无可用尺码,1970-1974/1978-1983,Coupe/Coupe,/,,,1970-1983,Coupe,,success,
非皮卡,高度压缩两两组合,Dodge,Challenger/Challenger,Challenger,/,/,无可用尺码,1970-1983/2008-2023,Coupe/Coupe,/,,,1970-2023,Coupe,,success,
非皮卡,高度压缩两两组合,Dodge,Challenger/Challenger,Challenger,/,/,无可用尺码,1970-2023/2015-2023,Coupe/Coupe,/Widebody,,,1970-2023,Coupe,Incl: Widebody,success,
非皮卡,高度压缩两两组合,Dodge,Charger/Charger,Charger,/,/,4XL,1966-1978/2006-2026,Coupe/Sedan,/,,,1966-2026,Coupe/Sedan,,fallback,Dodge Charger 2024 Coupe 原子事实对应多条候选记录
非皮卡,高度压缩两两组合,Dodge,Charger/Charger,Charger,/,/,4XL,1966-1978/2024-2026,Coupe/Coupe,/,,,1966-2026,Coupe,,success,
非皮卡,高度压缩两两组合,Dodge,Charger/Charger,Charger,/,/,4XL,1966-2026/2006-2026,Coupe/Sedan,/,,,1966-2026,Coupe/Sedan,,success,
非皮卡,高度压缩两两组合,Dodge,Durango/Durango,Durango,/,/,无可用尺码,1998-2009/2011-2026,SUV/SUV,/SRT/Hellcat,,,1998-2026,SUV,Incl: Hellcat/SRT,success,
非皮卡,高度压缩两两组合,Dodge,Journey/Journey,Journey,/,/,无可用尺码,2009-2020/2009-2020,Crossover/SUV,/,,,2009-2020,Crossover/SUV,,success,
非皮卡,高度压缩两两组合,Dodge,Ramcharger/Ramcharger,Ramcharger,/,/,无可用尺码,1974-1993/1988-1993,SUV/SUV,4WD/2WD,,,1974-1993,SUV,2WD/4WD,success,
非皮卡,高度压缩两两组合,Dodge,Viper/Viper,Viper,/,/,无可用尺码,1992-2002/2001,Coupe/Convertible,/,,,1992-2002,Convertible/Coupe,,success,
非皮卡,高度压缩两两组合,Dodge,Viper/Viper,Viper,/,/,无可用尺码,1992-2002/2003-2006,Convertible/Coupe/Convertible,/,,,1992-2006,Convertible/Coupe,,fallback,Dodge Viper 2006 Coupe 原子事实对应多条候选记录
非皮卡,高度压缩两两组合,Dodge,Viper/Viper,Viper,/,/,无可用尺码,1992-2002/2006,Convertible/Coupe/Coupe,/,,,1992-2006,Convertible/Coupe,,fallback,Dodge Viper 2003 Convertible 原子事实对应多条候选记录
非皮卡,高度压缩两两组合,Dodge,Viper/Viper,Viper,/,/,无可用尺码,1992-2002/2008-2010,Convertible/Coupe/Coupe,/,,,1992-2010,Convertible/Coupe,,fallback,Dodge Viper 2003 Convertible 原子事实对应多条候选记录
非皮卡,高度压缩两两组合,Dodge,Viper/Viper,Viper,/,/,无可用尺码,1992-2002/2008-2010,Convertible/Coupe/Roadster,/,,,1992-2010,Convertible/Coupe/Roadster,,fallback,Dodge Viper 2003 Convertible 原子事实对应多条候选记录
非皮卡,高度压缩两两组合,Dodge,Viper/Viper,Viper,/,/,无可用尺码,1992-2002/2013-2015,Convertible/Coupe/Coupe,/,,,1992-2015,Convertible/Coupe,,fallback,Dodge Viper 2003 Convertible 原子事实对应多条候选记录
非皮卡,高度压缩两两组合,Dodge,Viper/Viper,Viper,/,/,无可用尺码,1992-2002/2013-2015,Convertible/Coupe/Coupe,/GTS,,,1992-2015,Convertible/Coupe,Incl: GTS,fallback,Dodge Viper 2003 Convertible 原子事实对应多条候选记录
非皮卡,高度压缩两两组合,Dodge,Viper/Viper,Viper,/,/,无可用尺码,1992-2002/2013-2017,Convertible/Coupe/Coupe,/ACR,,,1992-2017,Convertible/Coupe,Incl: ACR,fallback,Dodge Viper 2003 Convertible 原子事实对应多条候选记录
非皮卡,高度压缩两两组合,Dodge,Viper/Viper,Viper,/,/,无可用尺码,2003-2006/2006,Convertible/Coupe,/,,,2003-2006,Convertible/Coupe,,success,
非皮卡,高度压缩两两组合,Dodge,Viper/Viper,Viper,/,/,无可用尺码,1992-2002/2003-2006,Convertible/Coupe/Convertible/Coupe,/,,,1992-2006,Convertible/Coupe,,success,
非皮卡,高度压缩两两组合,Dodge,Viper/Viper,Viper,/,/,无可用尺码,1992-2006/2008-2010,Convertible/Coupe/Coupe,/,,,1992-2010,Convertible/Coupe,,success,
非皮卡,高度压缩两两组合,Dodge,Viper/Viper,Viper,/,/,无可用尺码,1992-2010/2008-2010,Convertible/Coupe/Roadster,/,,,1992-2010,Convertible/Coupe/Roadster,,success,
非皮卡,高度压缩两两组合,Dodge,Viper/Viper,Viper,/,/,无可用尺码,1992-2010/2013-2015,Convertible/Coupe/Roadster/Coupe,/,,,1992-2015,Convertible/Coupe/Roadster,,success,
非皮卡,高度压缩两两组合,Dodge,Viper/Viper,Viper,/,/,无可用尺码,1992-2015/2013-2015,Convertible/Coupe/Roadster/Coupe,/GTS,,,1992-2015,Convertible/Coupe/Roadster,Incl: GTS,success,
非皮卡,高度压缩两两组合,Dodge,Viper/Viper,Viper,/,/,无可用尺码,1992-2015/2013-2017,Convertible/Coupe/Roadster/Coupe,Incl: GTS/ACR,,,1992-2017,Convertible/Coupe/Roadster,Incl: ACR/GTS,success,
非皮卡,高度压缩两两组合,Fiat,500/500,500,/,/,无可用尺码,2012-2019/2012-2019,Convertible/Convertible,/Abarth,,,2012-2019,Convertible,Incl: Abarth,success,
非皮卡,高度压缩两两组合,Fiat,500/500,500,/,/,无可用尺码,2012-2019/2012-2019,Convertible/Hatchback,Incl: Abarth/,,,2012-2019,Convertible/Hatchback,Incl: Abarth,success,
非皮卡,高度压缩两两组合,Ford,Bronco/Bronco,Bronco,/,/,无可用尺码,1966-1996/2021-2026,SUV/SUV,2dr/4dr,,,1966-2026,SUV,2dr/4dr,fallback,Ford Bronco 2022 SUV 原子事实对应多条候选记录
非皮卡,高度压缩两两组合,Ford,Bronco/Bronco,Bronco,/,/,无可用尺码,1966-1996/2022-2026,SUV/SUV,2dr/2dr,,,1966-2026,SUV,2dr,success,
非皮卡,高度压缩两两组合,Ford,Bronco/Bronco,Bronco,/,/,无可用尺码,1966-2026/2021-2026,SUV/SUV,2dr/4dr,,,1966-2026,SUV,2dr/4dr,success,
非皮卡,高度压缩两两组合,Ford,Bronco/Bronco,Bronco,/,/,无可用尺码,1966-2026/2022-2026,SUV/SUV,2dr/4dr/4dr Raptor,,,1966-2026,SUV,2dr/4dr/4dr Raptor,success,
非皮卡,高度压缩两两组合,Ford,Bronco Sport/Bronco Sport,Bronco Sport,/,/,无可用尺码,2021-2024/2021-2026,SUV/SUV,4dr Badlands/4dr,,,2021-2026,SUV,4dr/4dr Badlands,success,
非皮卡,高度压缩两两组合,Ford,C-MAX/C-MAX,C-MAX,/,/,无可用尺码,2013-2017/2013-2018,Hatchback/Hatchback,PHEV/,,,2013-2018,Hatchback,Incl: PHEV,success,
非皮卡,高度压缩两两组合,Ford,Crown Victoria/Crown Victoria,Crown Victoria,/,/,4XL,1983-1988/1992-2011,Sedan/Sedan,/,,,1983-2011,Sedan,,success,
非皮卡,高度压缩两两组合,Ford,Escort/Escort,Escort,/,/,无可用尺码,1981-1996/1981-1999,Hatchback/Wagon,/,,,1981-1999,Hatchback/Wagon,,success,
非皮卡,高度压缩两两组合,Ford,Escort/Escort,Escort,/,/,无可用尺码,1981-1999/1981-2002,Hatchback/Wagon/Sedan,/,,,1981-2002,Hatchback/Sedan/Wagon,,success,
非皮卡,高度压缩两两组合,Ford,Escort/Escort,Escort,/,/,无可用尺码,1981-2002/1998-2003,Hatchback/Sedan/Wagon/Coupe,/ZX2,,,1981-2003,Coupe/Hatchback/Sedan/Wagon,Incl: ZX2,success,
非皮卡,高度压缩两两组合,Ford,Expedition/Expedition,Expedition,/,/,无可用尺码,1997-2024/2007-2017,SUV/SUV,/EL,,,1997-2024,SUV,Incl: EL,success,
非皮卡,高度压缩两两组合,Ford,Expedition/Expedition,Expedition,/,/,无可用尺码,1997-2024/2018-2026,SUV/SUV,Incl: EL/MAX,,,1997-2026,SUV,Incl: EL/MAX,success,
非皮卡,高度压缩两两组合,Ford,Expedition/Expedition,Expedition,/,/,无可用尺码,1997-2026/2025-2026,SUV/SUV,Incl: EL/MAX/Tremor,,,1997-2026,SUV,Incl: EL/MAX/Tremor,success,
非皮卡,高度压缩两两组合,Ford,Explorer/Explorer,Explorer,/,/,无可用尺码,1991-2018/2020-2025,SUV/SUV,/,,,1991-2025,SUV,,success,
非皮卡,高度压缩两两组合,Ford,Explorer/Explorer,Explorer,/,/,无可用尺码,1991-2025/2023-2024,SUV/SUV,/Timberline,,,1991-2025,SUV,Incl: Timberline,success,
非皮卡,高度压缩两两组合,Ford,Fiesta/Fiesta,Fiesta,/,/,无可用尺码,2011-2013/2011-2019,Hatchback/Sedan,/,,,2011-2019,Hatchback/Sedan,,success,
非皮卡,高度压缩两两组合,Ford,Fiesta/Fiesta,Fiesta,/,/,无可用尺码,2011-2019/2014-2019,Hatchback/Sedan/Hatchback,/ST,,,2011-2019,Hatchback/Sedan,Incl: ST,success,
非皮卡,高度压缩两两组合,Ford,Focus/Focus,Focus,/,/,无可用尺码,2000-2007/2000-2007,Hatchback/Wagon,ZX3/ZX5/,,,2000-2007,Hatchback/Wagon,Incl: ZX3/ZX5,success,
非皮卡,高度压缩两两组合,Ford,Focus/Focus,Focus,/,/,无可用尺码,2000-2007/2000-2018,Hatchback/Wagon/Sedan,Incl: ZX3/ZX5/,,,2000-2018,Hatchback/Sedan/Wagon,Incl: ZX3/ZX5,fallback,Ford Focus 2012 Hatchback 原子事实对应多条候选记录
非皮卡,高度压缩两两组合,Ford,Focus/Focus,Focus,/,/,无可用尺码,2000-2007/2008-2011,Hatchback/Wagon/Coupe,Incl: ZX3/ZX5/,,,2000-2011,Coupe/Hatchback/Wagon,Incl: ZX3/ZX5,success,
非皮卡,高度压缩两两组合,Ford,Focus/Focus,Focus,/,/,无可用尺码,2000-2011/2000-2018,Coupe/Hatchback/Wagon/Sedan,Incl: ZX3/ZX5/,,,2000-2018,Coupe/Hatchback/Sedan/Wagon,Incl: ZX3/ZX5,fallback,Ford Focus 2012 Hatchback 原子事实对应多条候选记录
非皮卡,高度压缩两两组合,Ford,Focus/Focus,Focus,/,/,无可用尺码,2000-2011/2012-2018,Coupe/Hatchback/Wagon/Hatchback,Incl: ZX3/ZX5/,,,2000-2018,Coupe/Hatchback/Wagon,Incl: ZX3/ZX5,success,
非皮卡,高度压缩两两组合,Ford,Focus/Focus,Focus,/,/,无可用尺码,2000-2018/2000-2018,Coupe/Hatchback/Wagon/Sedan,Incl: ZX3/ZX5/,,,2000-2018,Coupe/Hatchback/Sedan/Wagon,Incl: ZX3/ZX5,success,
非皮卡,高度压缩两两组合,Ford,Focus/Focus,Focus,/,/,无可用尺码,2000-2018/2016-2018,Coupe/Hatchback/Sedan/Wagon/Hatchback,Incl: ZX3/ZX5/RS,,,2000-2018,Coupe/Hatchback/Sedan/Wagon,Incl: RS/ZX3/ZX5,success,
非皮卡,高度压缩两两组合,Ford,GT/GT,GT,/,/,无可用尺码,2005-2006/2017-2022,Coupe/Coupe,/,,,2005-2022,Coupe,,success,
非皮卡,高度压缩两两组合,Ford,Mustang/Mustang,Mustang,/,/,无可用尺码,1965-1968/1965-1973,Coupe/Convertible,/,,,1965-1973,Convertible/Coupe,,fallback,Ford Mustang 1971 Coupe 原子事实对应多条候选记录
非皮卡,高度压缩两两组合,Ford,Mustang/Mustang,Mustang,/,/,无可用尺码,1965-1968/1967-1973,Coupe/Fastback,/,,,1965-1973,Coupe/Fastback,,fallback,Ford Mustang 1971 Coupe 原子事实对应多条候选记录
非皮卡,高度压缩两两组合,Ford,Mustang/Mustang,Mustang,/,/,无可用尺码,1965-1968/1969,Coupe/Coupe,/Hardtop,,,1965-1969,Coupe,Incl: Hardtop,success,
非皮卡,高度压缩两两组合,Ford,Mustang/Mustang,Mustang,/,/,无可用尺码,1965-1969/1965-1973,Coupe/Convertible,Incl: Hardtop/,,,1965-1973,Convertible/Coupe,Incl: Hardtop,fallback,Ford Mustang 1971 Coupe 原子事实对应多条候选记录
非皮卡,高度压缩两两组合,Ford,Mustang/Mustang,Mustang,/,/,无可用尺码,1965-1969/1967-1973,Coupe/Fastback,Incl: Hardtop/,,,1965-1973,Coupe/Fastback,Incl: Hardtop,fallback,Ford Mustang 1971 Coupe 原子事实对应多条候选记录
非皮卡,高度压缩两两组合,Ford,Mustang/Mustang,Mustang,/,/,无可用尺码,1965-1969/1969,Coupe/Coupe,Incl: Hardtop/SportsRoof,,,1965-1969,Coupe,Incl: Hardtop/SportsRoof,success,
非皮卡,高度压缩两两组合,Ford,Mustang/Mustang,Mustang,/,/,无可用尺码,1965-1969/1965-1973,Coupe/Convertible,Incl: Hardtop/SportsRoof/,,,1965-1973,Convertible/Coupe,Incl: Hardtop/SportsRoof,fallback,Ford Mustang 1971 Coupe 原子事实对应多条候选记录
非皮卡,高度压缩两两组合,Ford,Mustang/Mustang,Mustang,/,/,无可用尺码,1965-1969/1967-1973,Coupe/Fastback,Incl: Hardtop/SportsRoof/,,,1965-1973,Coupe/Fastback,Incl: Hardtop/SportsRoof,fallback,Ford Mustang 1971 Coupe 原子事实对应多条候选记录
非皮卡,高度压缩两两组合,Ford,Mustang/Mustang,Mustang,/,/,无可用尺码,1965-1969/1971-1986,Coupe/Coupe,Incl: Hardtop/SportsRoof/,,,1965-1986,Coupe,Incl: Hardtop/SportsRoof,success,
非皮卡,高度压缩两两组合,Ford,Mustang/Mustang,Mustang,/,/,无可用尺码,1965-1973/1965-1986,Convertible/Coupe,/Incl: Hardtop/SportsRoof,,,1965-1986,Convertible/Coupe,Incl: Hardtop/SportsRoof,success,
非皮卡,高度压缩两两组合,Ford,Mustang/Mustang,Mustang,/,/,无可用尺码,1965-1986/1967-1973,Convertible/Coupe/Fastback,Incl: Hardtop/SportsRoof/,,,1965-1986,Convertible/Coupe/Fastback,Incl: Hardtop/SportsRoof,success,
非皮卡,高度压缩两两组合,Ford,Mustang/Mustang,Mustang,/,/,无可用尺码,1965-1986/1974-1993,Convertible/Coupe/Fastback/Hatchback,Incl: Hardtop/SportsRoof/,,,1965-1993,Convertible/Coupe/Fastback/Hatchback,Incl: Hardtop/SportsRoof,fallback,Ford Mustang 1987 Convertible 原子事实对应多条候选记录
非皮卡,高度压缩两两组合,Ford,Mustang/Mustang,Mustang,/,/,无可用尺码,1965-1986/1984-1986,Convertible/Coupe/Fastback/Coupe,Incl: Hardtop/SportsRoof/SVO,,,1965-1986,Convertible/Coupe/Fastback,Incl: Hardtop/SportsRoof/SVO,success,
非皮卡,高度压缩两两组合,Ford,Mustang/Mustang,Mustang,/,/,无可用尺码,1965-1986/1974-1993,Convertible/Coupe/Fastback/Hatchback,Incl: Hardtop/SportsRoof/SVO/,,,1965-1993,Convertible/Coupe/Fastback/Hatchback,Incl: Hardtop/SportsRoof/SVO,fallback,Ford Mustang 1987 Convertible 原子事实对应多条候选记录
非皮卡,高度压缩两两组合,Ford,Mustang/Mustang,Mustang,/,/,无可用尺码,1965-1986/1987-1993,Convertible/Coupe/Fastback/Coupe,Incl: Hardtop/SportsRoof/SVO/Notchback,,,1965-1993,Convertible/Coupe/Fastback,Incl: Hardtop/Notchback/SportsRoof/SVO,fallback,Ford Mustang 1987 Convertible 原子事实对应多条候选记录
非皮卡,高度压缩两两组合,Ford,Mustang/Mustang,Mustang,/,/,无可用尺码,1965-1986/1987-2026,Convertible/Coupe/Fastback/Convertible,Incl: Hardtop/SportsRoof/SVO/,,,1965-2026,Convertible/Coupe/Fastback,Incl: Hardtop/SportsRoof/SVO,fallback,Ford Mustang 1994 Coupe 原子事实对应多条候选记录
非皮卡,高度压缩两两组合,Ford,Mustang/Mustang,Mustang,/,/,无可用尺码,1965-1986/1994-2026,Convertible/Coupe/Fastback/Coupe,Incl: Hardtop/SportsRoof/SVO/,,,1965-2026,Convertible/Coupe/Fastback,Incl: Hardtop/SportsRoof/SVO,fallback,Ford Mustang 1987 Convertible 原子事实对应多条候选记录
非皮卡,高度压缩两两组合,Ford,Mustang/Mustang,Mustang,/,/,无可用尺码,1965-1986/2003-2004,Convertible/Coupe/Fastback/Coupe,Incl: Hardtop/SportsRoof/SVO/Mach 1,,,1965-2004,Convertible/Coupe/Fastback,Incl: Hardtop/Mach 1/SportsRoof/SVO,fallback,Ford Mustang 1987 Convertible 原子事实对应多条候选记录
非皮卡,高度压缩两两组合,Ford,Mustang/Mustang,Mustang,/,/,无可用尺码,1965-1986/2003-2004,Convertible/Coupe/Fastback/Coupe,Incl: Hardtop/SportsRoof/SVO/SVT Cobra,,,1965-2004,Convertible/Coupe/Fastback,Incl: Hardtop/SportsRoof/SVO/SVT Cobra,fallback,Ford Mustang 1987 Convertible 原子事实对应多条候选记录
非皮卡,高度压缩两两组合,Ford,Mustang/Mustang,Mustang,/,/,无可用尺码,1965-1986/2024-2026,Convertible/Coupe/Fastback/Coupe,Incl: Hardtop/SportsRoof/SVO/Dark Horse,,,1965-2026,Convertible/Coupe/Fastback,Incl: Dark Horse/Hardtop/SportsRoof/SVO,fallback,Ford Mustang 1987 Convertible 原子事实对应多条候选记录
非皮卡,高度压缩两两组合,Ford,Mustang/Mustang,Mustang,/,/,无可用尺码,1974-1993/1987-1993,Hatchback/Coupe,/Notchback,,,1974-1993,Coupe/Hatchback,Incl: Notchback,fallback,Ford Mustang 1974 Coupe 原子事实对应多条候选记录
非皮卡,高度压缩两两组合,Ford,Mustang/Mustang,Mustang,/,/,无可用尺码,1974-1993/1987-2026,Hatchback/Convertible,/,,,1974-2026,Convertible/Hatchback,,success,
非皮卡,高度压缩两两组合,Ford,Mustang/Mustang,Mustang,/,/,无可用尺码,1965-1986/1974-2026,Convertible/Coupe/Fastback/Convertible/Hatchback,Incl: Hardtop/SportsRoof/SVO/,,,1965-2026,Convertible/Coupe/Fastback/Hatchback,Incl: Hardtop/SportsRoof/SVO,fallback,Ford Mustang 1994 Coupe 原子事实对应多条候选记录
非皮卡,高度压缩两两组合,Ford,Mustang/Mustang,Mustang,/,/,无可用尺码,1965-1986/1987-1993,Convertible/Coupe/Fastback/Coupe,Incl: Hardtop/SportsRoof/SVO/Notchback,,,1965-1993,Convertible/Coupe/Fastback,Incl: Hardtop/Notchback/SportsRoof/SVO,fallback,Ford Mustang 1987 Convertible 原子事实对应多条候选记录
非皮卡,高度压缩两两组合,Ford,Mustang/Mustang,Mustang,/,/,无可用尺码,1965-1986/1994-2026,Convertible/Coupe/Fastback/Coupe,Incl: Hardtop/SportsRoof/SVO/,,,1965-2026,Convertible/Coupe/Fastback,Incl: Hardtop/SportsRoof/SVO,fallback,Ford Mustang 1987 Convertible 原子事实对应多条候选记录
非皮卡,高度压缩两两组合,Ford,Mustang/Mustang,Mustang,/,/,无可用尺码,1965-1986/2003-2004,Convertible/Coupe/Fastback/Coupe,Incl: Hardtop/SportsRoof/SVO/Mach 1,,,1965-2004,Convertible/Coupe/Fastback,Incl: Hardtop/Mach 1/SportsRoof/SVO,fallback,Ford Mustang 1987 Convertible 原子事实对应多条候选记录
非皮卡,高度压缩两两组合,Ford,Mustang/Mustang,Mustang,/,/,无可用尺码,1965-1986/2003-2004,Convertible/Coupe/Fastback/Coupe,Incl: Hardtop/SportsRoof/SVO/SVT Cobra,,,1965-2004,Convertible/Coupe/Fastback,Incl: Hardtop/SportsRoof/SVO/SVT Cobra,fallback,Ford Mustang 1987 Convertible 原子事实对应多条候选记录
非皮卡,高度压缩两两组合,Ford,Mustang/Mustang,Mustang,/,/,无可用尺码,1965-1986/2024-2026,Convertible/Coupe/Fastback/Coupe,Incl: Hardtop/SportsRoof/SVO/Dark Horse,,,1965-2026,Convertible/Coupe/Fastback,Incl: Dark Horse/Hardtop/SportsRoof/SVO,fallback,Ford Mustang 1987 Convertible 原子事实对应多条候选记录
非皮卡,高度压缩两两组合,Ford,Mustang/Mustang,Mustang,/,/,无可用尺码,1974-2026/1987-1993,Convertible/Hatchback/Coupe,/Notchback,,,1974-2026,Convertible/Coupe/Hatchback,Incl: Notchback,fallback,Ford Mustang 1974 Coupe 原子事实对应多条候选记录
非皮卡,高度压缩两两组合,Ford,Mustang/Mustang,Mustang,/,/,无可用尺码,1974-2026/1994-2026,Convertible/Hatchback/Coupe,/,,,1974-2026,Convertible/Coupe/Hatchback,,fallback,Ford Mustang 1974 Coupe 原子事实对应多条候选记录
非皮卡,高度压缩两两组合,Ford,Mustang/Mustang,Mustang,/,/,无可用尺码,1974-2026/2003-2004,Convertible/Hatchback/Coupe,/Mach 1,,,1974-2026,Convertible/Coupe/Hatchback,Incl: Mach 1,fallback,Ford Mustang 1974 Coupe 原子事实对应多条候选记录
非皮卡,高度压缩两两组合,Ford,Mustang/Mustang,Mustang,/,/,无可用尺码,1974-2026/2003-2004,Convertible/Hatchback/Coupe,/SVT Cobra,,,1974-2026,Convertible/Coupe/Hatchback,Incl: SVT Cobra,fallback,Ford Mustang 1974 Coupe 原子事实对应多条候选记录
非皮卡,高度压缩两两组合,Ford,Mustang/Mustang,Mustang,/,/,无可用尺码,1974-2026/2024-2026,Convertible/Hatchback/Coupe,/Dark Horse,,,1974-2026,Convertible/Coupe/Hatchback,Incl: Dark Horse,fallback,Ford Mustang 1974 Coupe 原子事实对应多条候选记录
非皮卡,高度压缩两两组合,Ford,Mustang/Mustang,Mustang,/,/,无可用尺码,1987-1993/1994-2026,Coupe/Coupe,Notchback/,,,1987-2026,Coupe,Incl: Notchback,success,
非皮卡,高度压缩两两组合,Ford,Mustang/Mustang,Mustang,/,/,无可用尺码,1965-1986/1974-2026,Convertible/Coupe/Fastback/Convertible/Hatchback,Incl: Hardtop/SportsRoof/SVO/,,,1965-2026,Convertible/Coupe/Fastback/Hatchback,Incl: Hardtop/SportsRoof/SVO,fallback,Ford Mustang 1994 Coupe 原子事实对应多条候选记录
非皮卡,高度压缩两两组合,Ford,Mustang/Mustang,Mustang,/,/,无可用尺码,1965-1986/1987-2026,Convertible/Coupe/Fastback/Coupe,Incl: Hardtop/SportsRoof/SVO/Incl: Notchback,,,1965-2026,Convertible/Coupe/Fastback,Incl: Hardtop/Notchback/SportsRoof/SVO,fallback,Ford Mustang 1987 Convertible 原子事实对应多条候选记录
非皮卡,高度压缩两两组合,Ford,Mustang/Mustang,Mustang,/,/,无可用尺码,1965-1986/2003-2004,Convertible/Coupe/Fastback/Coupe,Incl: Hardtop/SportsRoof/SVO/Mach 1,,,1965-2004,Convertible/Coupe/Fastback,Incl: Hardtop/Mach 1/SportsRoof/SVO,fallback,Ford Mustang 1987 Convertible 原子事实对应多条候选记录
非皮卡,高度压缩两两组合,Ford,Mustang/Mustang,Mustang,/,/,无可用尺码,1965-1986/2003-2004,Convertible/Coupe/Fastback/Coupe,Incl: Hardtop/SportsRoof/SVO/SVT Cobra,,,1965-2004,Convertible/Coupe/Fastback,Incl: Hardtop/SportsRoof/SVO/SVT Cobra,fallback,Ford Mustang 1987 Convertible 原子事实对应多条候选记录
非皮卡,高度压缩两两组合,Ford,Mustang/Mustang,Mustang,/,/,无可用尺码,1965-1986/2024-2026,Convertible/Coupe/Fastback/Coupe,Incl: Hardtop/SportsRoof/SVO/Dark Horse,,,1965-2026,Convertible/Coupe/Fastback,Incl: Dark Horse/Hardtop/SportsRoof/SVO,fallback,Ford Mustang 1987 Convertible 原子事实对应多条候选记录
非皮卡,高度压缩两两组合,Ford,Mustang/Mustang,Mustang,/,/,无可用尺码,1974-2026/1987-2026,Convertible/Hatchback/Coupe,/Incl: Notchback,,,1974-2026,Convertible/Coupe/Hatchback,Incl: Notchback,fallback,Ford Mustang 1974 Coupe 原子事实对应多条候选记录
非皮卡,高度压缩两两组合,Ford,Mustang/Mustang,Mustang,/,/,无可用尺码,1974-2026/2003-2004,Convertible/Hatchback/Coupe,/Mach 1,,,1974-2026,Convertible/Coupe/Hatchback,Incl: Mach 1,fallback,Ford Mustang 1974 Coupe 原子事实对应多条候选记录
非皮卡,高度压缩两两组合,Ford,Mustang/Mustang,Mustang,/,/,无可用尺码,1974-2026/2003-2004,Convertible/Hatchback/Coupe,/SVT Cobra,,,1974-2026,Convertible/Coupe/Hatchback,Incl: SVT Cobra,fallback,Ford Mustang 1974 Coupe 原子事实对应多条候选记录
非皮卡,高度压缩两两组合,Ford,Mustang/Mustang,Mustang,/,/,无可用尺码,1974-2026/2024-2026,Convertible/Hatchback/Coupe,/Dark Horse,,,1974-2026,Convertible/Coupe/Hatchback,Incl: Dark Horse,fallback,Ford Mustang 1974 Coupe 原子事实对应多条候选记录
非皮卡,高度压缩两两组合,Ford,Mustang/Mustang,Mustang,/,/,无可用尺码,1987-2026/2003-2004,Coupe/Coupe,Incl: Notchback/Mach 1,,,1987-2026,Coupe,Incl: Mach 1/Notchback,success,
非皮卡,高度压缩两两组合,Ford,Mustang/Mustang,Mustang,/,/,无可用尺码,1965-1986/1974-2026,Convertible/Coupe/Fastback/Convertible/Hatchback,Incl: Hardtop/SportsRoof/SVO/,,,1965-2026,Convertible/Coupe/Fastback/Hatchback,Incl: Hardtop/SportsRoof/SVO,fallback,Ford Mustang 1994 Coupe 原子事实对应多条候选记录
非皮卡,高度压缩两两组合,Ford,Mustang/Mustang,Mustang,/,/,无可用尺码,1965-1986/1987-2026,Convertible/Coupe/Fastback/Coupe,Incl: Hardtop/SportsRoof/SVO/Incl: Mach 1/Notchback,,,1965-2026,Convertible/Coupe/Fastback,Incl: Hardtop/Mach 1/Notchback/SportsRoof/SVO,fallback,Ford Mustang 1987 Convertible 原子事实对应多条候选记录
非皮卡,高度压缩两两组合,Ford,Mustang/Mustang,Mustang,/,/,无可用尺码,1965-1986/2003-2004,Convertible/Coupe/Fastback/Coupe,Incl: Hardtop/SportsRoof/SVO/SVT Cobra,,,1965-2004,Convertible/Coupe/Fastback,Incl: Hardtop/SportsRoof/SVO/SVT Cobra,fallback,Ford Mustang 1987 Convertible 原子事实对应多条候选记录
非皮卡,高度压缩两两组合,Ford,Mustang/Mustang,Mustang,/,/,无可用尺码,1965-1986/2024-2026,Convertible/Coupe/Fastback/Coupe,Incl: Hardtop/SportsRoof/SVO/Dark Horse,,,1965-2026,Convertible/Coupe/Fastback,Incl: Dark Horse/Hardtop/SportsRoof/SVO,fallback,Ford Mustang 1987 Convertible 原子事实对应多条候选记录
非皮卡,高度压缩两两组合,Ford,Mustang/Mustang,Mustang,/,/,无可用尺码,1974-2026/1987-2026,Convertible/Hatchback/Coupe,/Incl: Mach 1/Notchback,,,1974-2026,Convertible/Coupe/Hatchback,Incl: Mach 1/Notchback,fallback,Ford Mustang 1974 Coupe 原子事实对应多条候选记录
非皮卡,高度压缩两两组合,Ford,Mustang/Mustang,Mustang,/,/,无可用尺码,1974-2026/2003-2004,Convertible/Hatchback/Coupe,/SVT Cobra,,,1974-2026,Convertible/Coupe/Hatchback,Incl: SVT Cobra,fallback,Ford Mustang 1974 Coupe 原子事实对应多条候选记录
非皮卡,高度压缩两两组合,Ford,Mustang/Mustang,Mustang,/,/,无可用尺码,1974-2026/2024-2026,Convertible/Hatchback/Coupe,/Dark Horse,,,1974-2026,Convertible/Coupe/Hatchback,Incl: Dark Horse,fallback,Ford Mustang 1974 Coupe 原子事实对应多条候选记录
非皮卡,高度压缩两两组合,Ford,Mustang/Mustang,Mustang,/,/,无可用尺码,1987-2026/2003-2004,Coupe/Coupe,Incl: Mach 1/Notchback/SVT Cobra,,,1987-2026,Coupe,Incl: Mach 1/Notchback/SVT Cobra,success,
非皮卡,高度压缩两两组合,Ford,Mustang/Mustang,Mustang,/,/,无可用尺码,1965-1986/1974-2026,Convertible/Coupe/Fastback/Convertible/Hatchback,Incl: Hardtop/SportsRoof/SVO/,,,1965-2026,Convertible/Coupe/Fastback/Hatchback,Incl: Hardtop/SportsRoof/SVO,fallback,Ford Mustang 1994 Coupe 原子事实对应多条候选记录
非皮卡,高度压缩两两组合,Ford,Mustang/Mustang,Mustang,/,/,无可用尺码,1965-1986/1987-2026,Convertible/Coupe/Fastback/Coupe,Incl: Hardtop/SportsRoof/SVO/Incl: Mach 1/Notchback/SVT Cobra,,,1965-2026,Convertible/Coupe/Fastback,Incl: Hardtop/Mach 1/Notchback/SportsRoof/SVO/SVT Cobra,fallback,Ford Mustang 1987 Convertible 原子事实对应多条候选记录
非皮卡,高度压缩两两组合,Ford,Mustang/Mustang,Mustang,/,/,无可用尺码,1965-1986/2024-2026,Convertible/Coupe/Fastback/Coupe,Incl: Hardtop/SportsRoof/SVO/Dark Horse,,,1965-2026,Convertible/Coupe/Fastback,Incl: Dark Horse/Hardtop/SportsRoof/SVO,fallback,Ford Mustang 1987 Convertible 原子事实对应多条候选记录
非皮卡,高度压缩两两组合,Ford,Mustang/Mustang,Mustang,/,/,无可用尺码,1974-2026/1987-2026,Convertible/Hatchback/Coupe,/Incl: Mach 1/Notchback/SVT Cobra,,,1974-2026,Convertible/Coupe/Hatchback,Incl: Mach 1/Notchback/SVT Cobra,fallback,Ford Mustang 1974 Coupe 原子事实对应多条候选记录
非皮卡,高度压缩两两组合,Ford,Mustang/Mustang,Mustang,/,/,无可用尺码,1974-2026/2024-2026,Convertible/Hatchback/Coupe,/Dark Horse,,,1974-2026,Convertible/Coupe/Hatchback,Incl: Dark Horse,fallback,Ford Mustang 1974 Coupe 原子事实对应多条候选记录
非皮卡,高度压缩两两组合,Ford,Mustang/Mustang,Mustang,/,/,无可用尺码,1987-2026/2024-2026,Coupe/Coupe,Incl: Mach 1/Notchback/SVT Cobra/Dark Horse,,,1987-2026,Coupe,Incl: Dark Horse/Mach 1/Notchback/SVT Cobra,success,
非皮卡,高度压缩两两组合,Ford,Mustang/Mustang,Mustang,/,/,无可用尺码,1965-1986/1974-2026,Convertible/Coupe/Fastback/Convertible/Hatchback,Incl: Hardtop/SportsRoof/SVO/,,,1965-2026,Convertible/Coupe/Fastback/Hatchback,Incl: Hardtop/SportsRoof/SVO,fallback,Ford Mustang 1994 Coupe 原子事实对应多条候选记录
非皮卡,高度压缩两两组合,Ford,Mustang/Mustang,Mustang,/,/,无可用尺码,1965-1986/1987-2026,Convertible/Coupe/Fastback/Coupe,Incl: Hardtop/SportsRoof/SVO/Incl: Dark Horse/Mach 1/Notchback/SVT Cobra,,,1965-2026,Convertible/Coupe/Fastback,Incl: Dark Horse/Hardtop/Mach 1/Notchback/SportsRoof/SVO/SVT Cobra,fallback,Ford Mustang 1987 Convertible 原子事实对应多条候选记录
非皮卡,高度压缩两两组合,Ford,Mustang/Mustang,Mustang,/,/,无可用尺码,1974-2026/1987-2026,Convertible/Hatchback/Coupe,/Incl: Dark Horse/Mach 1/Notchback/SVT Cobra,,,1974-2026,Convertible/Coupe/Hatchback,Incl: Dark Horse/Mach 1/Notchback/SVT Cobra,fallback,Ford Mustang 1974 Coupe 原子事实对应多条候选记录
非皮卡,高度压缩两两组合,Ford,Mustang Mach-E/Mustang Mach-E,Mustang Mach-E,/,/,无可用尺码,2021-2026/2024-2026,SUV/Crossover,/Rally,,,2021-2026,Crossover/SUV,Incl: Rally,success,
非皮卡,高度压缩两两组合,Ford,Taurus/Taurus,Taurus,/,/,无可用尺码,1986-1995/1986-2005,Sedan/Wagon,/,,,1986-2005,Sedan/Wagon,,fallback,Ford Taurus 1996 Sedan 原子事实对应多条候选记录
非皮卡,高度压缩两两组合,Ford,Taurus/Taurus,Taurus,/,/,4XL,1996-2009/2010-2019,Sedan/Sedan,/SHO,,,1996-2019,Sedan,Incl: SHO,success,
非皮卡,高度压缩两两组合,Ford,Taurus/Taurus,Taurus,/,/,无可用尺码,1986-1995/1986-2005,Sedan/Wagon,/,,,1986-2005,Sedan/Wagon,,fallback,Ford Taurus 1996 Sedan 原子事实对应多条候选记录
非皮卡,高度压缩两两组合,Ford,Thunderbird/Thunderbird,Thunderbird,/,/,无可用尺码,1955-1957/1980-1986,Convertible/Coupe,/,,,1955-1986,Convertible/Coupe,,fallback,Ford Thunderbird 1958 Convertible 原子事实对应多条候选记录
非皮卡,高度压缩两两组合,Ford,Thunderbird/Thunderbird,Thunderbird,/,/,无可用尺码,1955-1957/1989-1993,Convertible/Coupe,/,,,1955-1993,Convertible/Coupe,,fallback,Ford Thunderbird 1958 Convertible 原子事实对应多条候选记录
非皮卡,高度压缩两两组合,Ford,Thunderbird/Thunderbird,Thunderbird,/,/,无可用尺码,1955-1957/1996-1997,Convertible/Coupe,/,,,1955-1997,Convertible/Coupe,,fallback,Ford Thunderbird 1958 Convertible 原子事实对应多条候选记录
非皮卡,高度压缩两两组合,Ford,Thunderbird/Thunderbird,Thunderbird,/,/,无可用尺码,1955-1957/2002-2005,Convertible/Coupe,/,,,1955-2005,Convertible/Coupe,,fallback,Ford Thunderbird 1958 Convertible 原子事实对应多条候选记录
非皮卡,高度压缩两两组合,Ford,Thunderbird/Thunderbird,Thunderbird,/,/,4XL,1958-1966/1958-1966,Convertible/Coupe,/,,,1958-1966,Convertible/Coupe,,success,
非皮卡,高度压缩两两组合,Ford,Thunderbird/Thunderbird,Thunderbird,/,/,无可用尺码,1955-1957/1980-1986,Convertible/Coupe,/,,,1955-1986,Convertible/Coupe,,fallback,Ford Thunderbird 1958 Convertible 原子事实对应多条候选记录
非皮卡,高度压缩两两组合,Ford,Thunderbird/Thunderbird,Thunderbird,/,/,无可用尺码,1955-1957/1989-1993,Convertible/Coupe,/,,,1955-1993,Convertible/Coupe,,fallback,Ford Thunderbird 1958 Convertible 原子事实对应多条候选记录
非皮卡,高度压缩两两组合,Ford,Thunderbird/Thunderbird,Thunderbird,/,/,无可用尺码,1955-1957/1996-1997,Convertible/Coupe,/,,,1955-1997,Convertible/Coupe,,fallback,Ford Thunderbird 1958 Convertible 原子事实对应多条候选记录
非皮卡,高度压缩两两组合,Ford,Thunderbird/Thunderbird,Thunderbird,/,/,无可用尺码,1955-1957/2002-2005,Convertible/Coupe,/,,,1955-2005,Convertible/Coupe,,fallback,Ford Thunderbird 1958 Convertible 原子事实对应多条候选记录
非皮卡,高度压缩两两组合,Ford,Thunderbird/Thunderbird,Thunderbird,/,/,4XL,1958-1966/1967-1971,Convertible/Coupe/Coupe,/2dr Hardtop/Landau,,,1958-1971,Convertible/Coupe,Incl: 2dr Hardtop/Landau,success,
非皮卡,高度压缩两两组合,Ford,Thunderbird/Thunderbird,Thunderbird,/,/,无可用尺码,1955-1957/1980-1986,Convertible/Coupe,/,,,1955-1986,Convertible/Coupe,,fallback,Ford Thunderbird 1958 Convertible 原子事实对应多条候选记录
非皮卡,高度压缩两两组合,Ford,Thunderbird/Thunderbird,Thunderbird,/,/,无可用尺码,1955-1957/1989-1993,Convertible/Coupe,/,,,1955-1993,Convertible/Coupe,,fallback,Ford Thunderbird 1958 Convertible 原子事实对应多条候选记录
非皮卡,高度压缩两两组合,Ford,Thunderbird/Thunderbird,Thunderbird,/,/,无可用尺码,1955-1957/1996-1997,Convertible/Coupe,/,,,1955-1997,Convertible/Coupe,,fallback,Ford Thunderbird 1958 Convertible 原子事实对应多条候选记录
非皮卡,高度压缩两两组合,Ford,Thunderbird/Thunderbird,Thunderbird,/,/,无可用尺码,1955-1957/2002-2005,Convertible/Coupe,/,,,1955-2005,Convertible/Coupe,,fallback,Ford Thunderbird 1958 Convertible 原子事实对应多条候选记录
非皮卡,高度压缩两两组合,Ford,Thunderbird/Thunderbird,Thunderbird,/,/,4XL,1958-1971/1967-1971,Convertible/Coupe/Sedan,Incl: 2dr Hardtop/Landau/4dr Landau,,,1958-1971,Convertible/Coupe/Sedan,Incl: 2dr Hardtop/4dr Landau/Landau,success,
非皮卡,高度压缩两两组合,Ford,Thunderbird/Thunderbird,Thunderbird,/,/,无可用尺码,1955-1957/1980-1986,Convertible/Coupe,/,,,1955-1986,Convertible/Coupe,,fallback,Ford Thunderbird 1958 Convertible 原子事实对应多条候选记录
非皮卡,高度压缩两两组合,Ford,Thunderbird/Thunderbird,Thunderbird,/,/,无可用尺码,1955-1957/1989-1993,Convertible/Coupe,/,,,1955-1993,Convertible/Coupe,,fallback,Ford Thunderbird 1958 Convertible 原子事实对应多条候选记录
非皮卡,高度压缩两两组合,Ford,Thunderbird/Thunderbird,Thunderbird,/,/,无可用尺码,1955-1957/1996-1997,Convertible/Coupe,/,,,1955-1997,Convertible/Coupe,,fallback,Ford Thunderbird 1958 Convertible 原子事实对应多条候选记录
非皮卡,高度压缩两两组合,Ford,Thunderbird/Thunderbird,Thunderbird,/,/,无可用尺码,1955-1957/2002-2005,Convertible/Coupe,/,,,1955-2005,Convertible/Coupe,,fallback,Ford Thunderbird 1958 Convertible 原子事实对应多条候选记录
非皮卡,高度压缩两两组合,Ford,Thunderbird/Thunderbird,Thunderbird,/,/,4XL,1958-1971/1972-1979,Convertible/Coupe/Sedan/Coupe,Incl: 2dr Hardtop/4dr Landau/Landau/,,,1958-1979,Convertible/Coupe/Sedan,Incl: 2dr Hardtop/4dr Landau/Landau,success,
非皮卡,高度压缩两两组合,Ford,Thunderbird/Thunderbird,Thunderbird,/,/,无可用尺码,1955-1957/1980-1986,Convertible/Coupe,/,,,1955-1986,Convertible/Coupe,,fallback,Ford Thunderbird 1958 Convertible 原子事实对应多条候选记录
非皮卡,高度压缩两两组合,Ford,Thunderbird/Thunderbird,Thunderbird,/,/,无可用尺码,1955-1957/1989-1993,Convertible/Coupe,/,,,1955-1993,Convertible/Coupe,,fallback,Ford Thunderbird 1958 Convertible 原子事实对应多条候选记录
非皮卡,高度压缩两两组合,Ford,Thunderbird/Thunderbird,Thunderbird,/,/,无可用尺码,1955-1957/1996-1997,Convertible/Coupe,/,,,1955-1997,Convertible/Coupe,,fallback,Ford Thunderbird 1958 Convertible 原子事实对应多条候选记录
非皮卡,高度压缩两两组合,Ford,Thunderbird/Thunderbird,Thunderbird,/,/,无可用尺码,1955-1957/2002-2005,Convertible/Coupe,/,,,1955-2005,Convertible/Coupe,,fallback,Ford Thunderbird 1958 Convertible 原子事实对应多条候选记录
非皮卡,高度压缩两两组合,Ford,Thunderbird/Thunderbird,Thunderbird,/,/,无可用尺码,1980-1986/1989-1993,Coupe/Coupe,/,,,1980-1993,Coupe,,success,
非皮卡,高度压缩两两组合,Ford,Thunderbird/Thunderbird,Thunderbird,/,/,无可用尺码,1955-1957/1980-1993,Convertible/Coupe,/,,,1955-1993,Convertible/Coupe,,fallback,Ford Thunderbird 1958 Convertible 原子事实对应多条候选记录
非皮卡,高度压缩两两组合,Ford,Thunderbird/Thunderbird,Thunderbird,/,/,无可用尺码,1955-1957/1996-1997,Convertible/Coupe,/,,,1955-1997,Convertible/Coupe,,fallback,Ford Thunderbird 1958 Convertible 原子事实对应多条候选记录
非皮卡,高度压缩两两组合,Ford,Thunderbird/Thunderbird,Thunderbird,/,/,无可用尺码,1955-1957/2002-2005,Convertible/Coupe,/,,,1955-2005,Convertible/Coupe,,fallback,Ford Thunderbird 1958 Convertible 原子事实对应多条候选记录
非皮卡,高度压缩两两组合,Ford,Thunderbird/Thunderbird,Thunderbird,/,/,无可用尺码,1980-1993/1996-1997,Coupe/Coupe,/,,,1980-1997,Coupe,,success,
非皮卡,高度压缩两两组合,Ford,Thunderbird/Thunderbird,Thunderbird,/,/,无可用尺码,1955-1957/1980-1997,Convertible/Coupe,/,,,1955-1997,Convertible/Coupe,,fallback,Ford Thunderbird 1958 Convertible 原子事实对应多条候选记录
非皮卡,高度压缩两两组合,Ford,Thunderbird/Thunderbird,Thunderbird,/,/,无可用尺码,1955-1957/2002-2005,Convertible/Coupe,/,,,1955-2005,Convertible/Coupe,,fallback,Ford Thunderbird 1958 Convertible 原子事实对应多条候选记录
非皮卡,高度压缩两两组合,Ford,Thunderbird/Thunderbird,Thunderbird,/,/,无可用尺码,1980-1997/2002-2005,Coupe/Coupe,/,,,1980-2005,Coupe,,success,
非皮卡,高度压缩两两组合,Ford,Thunderbird/Thunderbird,Thunderbird,/,/,无可用尺码,1955-1957/1980-2005,Convertible/Coupe,/,,,1955-2005,Convertible/Coupe,,fallback,Ford Thunderbird 1958 Convertible 原子事实对应多条候选记录
非皮卡,高度压缩两两组合,GMC,Acadia/Acadia,Acadia,/,/,无可用尺码,2007-2026/2017,SUV/SUV,/Limited,,,2007-2026,SUV,Incl: Limited,success,
非皮卡,高度压缩两两组合,GMC,Jimmy/Jimmy,Jimmy,/,/,无可用尺码,1983-2000/1991-2000,SUV/SUV,2dr/4dr,,,1983-2000,SUV,2dr/4dr,success,
非皮卡,高度压缩两两组合,GMC,Jimmy/Jimmy,Jimmy,/,/,无可用尺码,1983-2000/2001,SUV/SUV,2dr/4dr/,,,1983-2001,SUV,Incl: 2dr/4dr,success,
非皮卡,高度压缩两两组合,GMC,Yukon/Yukon,Yukon,/,/,无可用尺码,1992-1997/1995-1999,SUV/SUV,2dr/4dr,,,1992-1999,SUV,2dr/4dr,success,
非皮卡,高度压缩两两组合,GMC,Yukon/Yukon,Yukon,/,/,无可用尺码,1992-1999/2000-2026,SUV/SUV,2dr/4dr/,,,1992-2026,SUV,Incl: 2dr/4dr,success,
非皮卡,高度压缩两两组合,Genesis,G80/G80,G80,/,/,4XL,2017-2026/2018-2020,Sedan/Sedan,/Sport,,,2017-2026,Sedan,Incl: Sport,fallback,Genesis G80 2025 Sedan 原子事实对应多条候选记录
非皮卡,高度压缩两两组合,Genesis,G80/G80,G80,/,/,4XL,2017-2026/2025-2026,Sedan/Sedan,/Sport,,,2017-2026,Sedan,Incl: Sport,fallback,Genesis G80 2018 Sedan 原子事实对应多条候选记录
非皮卡,高度压缩两两组合,Genesis,G80/G80,G80,/,/,4XL,2018-2020/2025-2026,Sedan/Sedan,Sport/Sport,,,2018-2026,Sedan,Sport,success,
非皮卡,高度压缩两两组合,Genesis,G80/G80,G80,/,/,4XL,2017-2026/2018-2026,Sedan/Sedan,/Sport,,,2017-2026,Sedan,Incl: Sport,success,
非皮卡,高度压缩两两组合,Honda,Accord/Accord,Accord,/,/,无可用尺码,1976-1989/1979-2007,Hatchback/Sedan,/,,,1976-2007,Hatchback/Sedan,,success,
非皮卡,高度压缩两两组合,Honda,Accord/Accord,Accord,/,/,无可用尺码,1976-2007/1988-2017,Hatchback/Sedan/Coupe,/,,,1976-2017,Coupe/Hatchback/Sedan,,fallback,Honda Accord 2008 Sedan 原子事实对应多条候选记录
非皮卡,高度压缩两两组合,Honda,Accord/Accord,Accord,/,/,无可用尺码,1976-2007/1990-1997,Hatchback/Sedan/Wagon,/,,,1976-2007,Hatchback/Sedan/Wagon,,success,
非皮卡,高度压缩两两组合,Honda,Accord/Accord,Accord,/,/,无可用尺码,1976-2007/1988-2017,Hatchback/Sedan/Wagon/Coupe,/,,,1976-2017,Coupe/Hatchback/Sedan/Wagon,,fallback,Honda Accord 2008 Sedan 原子事实对应多条候选记录
非皮卡,高度压缩两两组合,Honda,Accord/Accord,Accord,/,/,无可用尺码,1976-2007/2013-2022,Hatchback/Sedan/Wagon/Sedan,/,,,1976-2022,Hatchback/Sedan/Wagon,,fallback,Honda Accord 2008 Sedan 原子事实对应多条候选记录
非皮卡,高度压缩两两组合,Honda,Accord/Accord,Accord,/,/,无可用尺码,1988-2017/2013-2022,Coupe/Sedan,/,,,1988-2022,Coupe/Sedan,,fallback,Honda Accord 1988 Sedan 原子事实对应多条候选记录
非皮卡,高度压缩两两组合,Honda,Accord/Accord,Accord,/,/,4XL,2008-2012/2023-2026,Sedan/Sedan,/,,,2008-2026,Sedan,,fallback,Honda Accord 2013 Sedan 原子事实对应多条候选记录
非皮卡,高度压缩两两组合,Honda,Civic/Civic,Civic,/,/,无可用尺码,1973-1991/1973-2026,Wagon/Sedan,/,,,1973-2026,Sedan/Wagon,,success,
非皮卡,高度压缩两两组合,Honda,Civic/Civic,Civic,/,/,无可用尺码,1973-2026/1980-2000,Sedan/Wagon/Hatchback,/,,,1973-2026,Hatchback/Sedan/Wagon,,fallback,Honda Civic 2017 Hatchback 原子事实对应多条候选记录
非皮卡,高度压缩两两组合,Honda,Civic/Civic,Civic,/,/,无可用尺码,1973-2026/1988-1991,Sedan/Wagon/Coupe,/CRX,,,1973-2026,Coupe/Sedan/Wagon,Incl: CRX,fallback,Honda Civic 1992 Coupe 原子事实对应多条候选记录
非皮卡,高度压缩两两组合,Honda,Civic/Civic,Civic,/,/,无可用尺码,1973-2026/1992-2020,Sedan/Wagon/Coupe,/,,,1973-2026,Coupe/Sedan/Wagon,,success,
非皮卡,高度压缩两两组合,Honda,Civic/Civic,Civic,/,/,无可用尺码,1973-2026/1980-2000,Coupe/Sedan/Wagon/Hatchback,/,,,1973-2026,Coupe/Hatchback/Sedan/Wagon,,fallback,Honda Civic 2017 Hatchback 原子事实对应多条候选记录
非皮卡,高度压缩两两组合,Honda,Civic/Civic,Civic,/,/,无可用尺码,1973-2026/1988-1991,Coupe/Sedan/Wagon/Coupe,/CRX,,,1973-2026,Coupe/Sedan/Wagon,Incl: CRX,success,
非皮卡,高度压缩两两组合,Honda,Civic/Civic,Civic,/,/,无可用尺码,1973-2026/1980-2000,Coupe/Sedan/Wagon/Hatchback,Incl: CRX/,,,1973-2026,Coupe/Hatchback/Sedan/Wagon,Incl: CRX,fallback,Honda Civic 2017 Hatchback 原子事实对应多条候选记录
非皮卡,高度压缩两两组合,Honda,Civic/Civic,Civic,/,/,无可用尺码,1973-2026/2017-2026,Coupe/Sedan/Wagon/Hatchback,Incl: CRX/,,,1973-2026,Coupe/Hatchback/Sedan/Wagon,Incl: CRX,fallback,Honda Civic 1980 Hatchback 原子事实对应多条候选记录
非皮卡,高度压缩两两组合,Honda,Civic/Civic,Civic,/,/,无可用尺码,1973-2026/2017-2026,Coupe/Sedan/Wagon/Hatchback,Incl: CRX/Type R,,,1973-2026,Coupe/Hatchback/Sedan/Wagon,Incl: CRX/Type R,fallback,Honda Civic 1980 Hatchback 原子事实对应多条候选记录
非皮卡,高度压缩两两组合,Honda,Civic/Civic,Civic,/,/,无可用尺码,1980-2000/2017-2026,Hatchback/Hatchback,/,,,1980-2026,Hatchback,,success,
非皮卡,高度压缩两两组合,Honda,Civic/Civic,Civic,/,/,无可用尺码,1973-2026/1980-2026,Coupe/Sedan/Wagon/Hatchback,Incl: CRX/,,,1973-2026,Coupe/Hatchback/Sedan/Wagon,Incl: CRX,success,
非皮卡,高度压缩两两组合,Honda,Civic/Civic,Civic,/,/,无可用尺码,1973-2026/2017-2026,Coupe/Hatchback/Sedan/Wagon/Hatchback,Incl: CRX/Type R,,,1973-2026,Coupe/Hatchback/Sedan/Wagon,Incl: CRX/Type R,success,
非皮卡,高度压缩两两组合,Honda,HR-V/HR-V,HR-V,/,/,无可用尺码,2016-2021/2023-2026,SUV/SUV,/,,,2016-2026,SUV,,success,
非皮卡,高度压缩两两组合,Honda,Insight/Insight,Insight,/,/,无可用尺码,2000-2006/2010-2014,Hatchback/Hatchback,/,,,2000-2014,Hatchback,,success,
非皮卡,高度压缩两两组合,Honda,Insight/Insight,Insight,/,/,无可用尺码,2000-2014/2019-2022,Hatchback/Sedan,/,,,2000-2022,Hatchback/Sedan,,success,
非皮卡,高度压缩两两组合,Honda,Passport/Passport,Passport,/,/,无可用尺码,1994-2002/2019-2026,SUV/SUV,/,,,1994-2026,SUV,,success,
非皮卡,高度压缩两两组合,Honda,Pilot/Pilot,Pilot,/,/,无可用尺码,2003-2026/2023-2026,SUV/SUV,/TrailSport,,,2003-2026,SUV,Incl: TrailSport,success,
非皮卡,高度压缩两两组合,Honda,Prelude/Prelude,Prelude,/,/,无可用尺码,1979-2001/2026,Coupe/Coupe,/,,,1979-2026,Coupe,,success,
非皮卡,高度压缩两两组合,Hyundai,Accent/Accent,Accent,/,/,无可用尺码,1995-2017/1995-2022,Hatchback/Sedan,/,,,1995-2022,Hatchback/Sedan,,success,
非皮卡,高度压缩两两组合,Hyundai,Elantra/Elantra,Elantra,/,/,无可用尺码,1992-2026/1996-2000,Sedan/Wagon,/,,,1992-2026,Sedan/Wagon,,fallback,Hyundai Elantra 2009 Wagon 原子事实对应多条候选记录
非皮卡,高度压缩两两组合,Hyundai,Elantra/Elantra,Elantra,/,/,无可用尺码,1992-2026/2009-2012,Sedan/Wagon,/,,,1992-2026,Sedan/Wagon,,fallback,Hyundai Elantra 1996 Wagon 原子事实对应多条候选记录
非皮卡,高度压缩两两组合,Hyundai,Elantra/Elantra,Elantra,/,/,无可用尺码,1992-2026/2013-2020,Sedan/Hatchback,/,,,1992-2026,Hatchback/Sedan,,success,
非皮卡,高度压缩两两组合,Hyundai,Elantra/Elantra,Elantra,/,/,无可用尺码,1992-2026/1996-2000,Hatchback/Sedan/Wagon,/,,,1992-2026,Hatchback/Sedan/Wagon,,fallback,Hyundai Elantra 2009 Wagon 原子事实对应多条候选记录
非皮卡,高度压缩两两组合,Hyundai,Elantra/Elantra,Elantra,/,/,无可用尺码,1992-2026/2009-2012,Hatchback/Sedan/Wagon,/,,,1992-2026,Hatchback/Sedan/Wagon,,fallback,Hyundai Elantra 1996 Wagon 原子事实对应多条候选记录
非皮卡,高度压缩两两组合,Hyundai,Elantra/Elantra,Elantra,/,/,无可用尺码,1996-2000/2009-2012,Wagon/Wagon,/,,,1996-2012,Wagon,,success,
非皮卡,高度压缩两两组合,Hyundai,Elantra/Elantra,Elantra,/,/,无可用尺码,1992-2026/1996-2012,Hatchback/Sedan/Wagon,/,,,1992-2026,Hatchback/Sedan/Wagon,,success,
非皮卡,高度压缩两两组合,Hyundai,Genesis/Genesis,Genesis,/,/,4XL,2009-2016/2012-2014,Sedan/Sedan,/5.0 R-Spec,,,2009-2016,Sedan,Incl: 5.0 R-Spec,success,
非皮卡,高度压缩两两组合,Hyundai,IONIQ 5/IONIQ 5,IONIQ 5,/,/,无可用尺码,2022-2026/2025,SUV/SUV,/N,,,2022-2026,SUV,Incl: N,success,
非皮卡,高度压缩两两组合,Hyundai,IONIQ 6/IONIQ 6,IONIQ 6,/,/,无可用尺码,2023-2026/2026,Sedan/Sedan,/N,,,2023-2026,Sedan,Incl: N,success,
非皮卡,高度压缩两两组合,Hyundai,Santa Fe/Santa Fe,Santa Fe,/,/,无可用尺码,2001-2012/2013-2018,SUV/SUV,/Sport,,,2001-2018,SUV,Incl: Sport,success,
非皮卡,高度压缩两两组合,Hyundai,Santa Fe/Santa Fe,Santa Fe,/,/,无可用尺码,2001-2018/2013-2019,SUV/SUV,Incl: Sport/XL,,,2001-2019,SUV,Incl: Sport/XL,fallback,Hyundai Santa Fe 2019 SUV 原子事实对应多条候选记录
非皮卡,高度压缩两两组合,Hyundai,Santa Fe/Santa Fe,Santa Fe,/,/,无可用尺码,2001-2018/2019-2026,SUV/SUV,Incl: Sport/,,,2001-2026,SUV,Incl: Sport,success,
非皮卡,高度压缩两两组合,Hyundai,Santa Fe/Santa Fe,Santa Fe,/,/,无可用尺码,2001-2026/2013-2019,SUV/SUV,Incl: Sport/XL,,,2001-2026,SUV,Incl: Sport/XL,success,
非皮卡,高度压缩两两组合,Hyundai,Tiburon/Tiburon,Tiburon,/,/,无可用尺码,1997-2001/2003-2008,Coupe/Coupe,/,,,1997-2008,Coupe,,success,
非皮卡,高度压缩两两组合,Hyundai,Veloster/Veloster,Veloster,/,/,无可用尺码,2012-2014/2015-2017,Hatchback/Hatchback,/Turbo,,,2012-2017,Hatchback,Incl: Turbo,success,
非皮卡,高度压缩两两组合,Hyundai,Veloster/Veloster,Veloster,/,/,无可用尺码,2012-2017/2019-2022,Hatchback/Hatchback,Incl: Turbo/N,,,2012-2022,Hatchback,Incl: N/Turbo,success,
非皮卡,高度压缩两两组合,Infiniti,G/G,G,/,/,无可用尺码,1991-1996/1999-2013,Sedan/Sedan,/,,,1991-2013,Sedan,,success,
非皮卡,高度压缩两两组合,Infiniti,G/G,G,/,/,无可用尺码,1991-2013/2003-2013,Sedan/Coupe,/,,,1991-2013,Coupe/Sedan,,success,
非皮卡,高度压缩两两组合,Infiniti,G/G,G,/,/,无可用尺码,1991-2013/2009-2013,Coupe/Sedan/Convertible,/,,,1991-2013,Convertible/Coupe/Sedan,,success,
非皮卡,高度压缩两两组合,Infiniti,M/M,M,/,/,无可用尺码,1990-1992/1991-1992,Coupe/Convertible,/,,,1990-1992,Convertible/Coupe,,success,
非皮卡,高度压缩两两组合,Infiniti,M/M,M,/,/,无可用尺码,1990-1992/2006-2013,Convertible/Coupe/Sedan,/,,,1990-2013,Convertible/Coupe/Sedan,,fallback,Infiniti M 2003 Sedan 原子事实对应多条候选记录
非皮卡,高度压缩两两组合,Infiniti,Q50/Q50,Q50,/,/,无可用尺码,2014-2020/2021-2024,Sedan/Sedan,/Red Sport,,,2014-2024,Sedan,Incl: Red Sport,success,
非皮卡,高度压缩两两组合,Infiniti,Q60/Q60,Q60,/,/,无可用尺码,2014-2016/2014-2016,Convertible/Coupe,/,,,2014-2016,Convertible/Coupe,,success,
非皮卡,高度压缩两两组合,Infiniti,Q60/Q60,Q60,/,/,无可用尺码,2014-2016/2017-2022,Convertible/Coupe/Coupe,/Red Sport,,,2014-2022,Convertible/Coupe,Incl: Red Sport,success,
非皮卡,高度压缩两两组合,Infiniti,QX50/QX50,QX50,/,/,无可用尺码,2014-2017/2019-2025,SUV/SUV,/,,,2014-2025,SUV,,success,
非皮卡,高度压缩两两组合,Infiniti,QX60/QX60,QX60,/,/,无可用尺码,2014-2020/2022-2026,SUV/SUV,/,,,2014-2026,SUV,,success,
非皮卡,高度压缩两两组合,Jaguar,F-Type/F-Type,F-Type,/,/,无可用尺码,2014/2015-2020,Convertible/Convertible,V6/V8 S/,,,2014-2020,Convertible,Incl: V6/V8 S,success,
非皮卡,高度压缩两两组合,Jaguar,F-Type/F-Type,F-Type,/,/,无可用尺码,2014-2020/2015-2020,Convertible/Coupe,Incl: V6/V8 S/,,,2014-2020,Convertible/Coupe,Incl: V6/V8 S,success,
非皮卡,高度压缩两两组合,Jaguar,F-Type/F-Type,F-Type,/,/,无可用尺码,2014-2020/2015-2020,Convertible/Coupe/Coupe,Incl: V6/V8 S/R,,,2014-2020,Convertible/Coupe,Incl: R/V6/V8 S,fallback,Jaguar F-Type 2016 Convertible 原子事实对应多条候选记录
非皮卡,高度压缩两两组合,Jaguar,F-Type/F-Type,F-Type,/,/,无可用尺码,2014-2020/2016-2020,Convertible/Coupe/Convertible,Incl: V6/V8 S/R,,,2014-2020,Convertible/Coupe,Incl: R/V6/V8 S,fallback,Jaguar F-Type 2015 Coupe 原子事实对应多条候选记录
非皮卡,高度压缩两两组合,Jaguar,F-Type/F-Type,F-Type,/,/,无可用尺码,2014-2020/2017-2020,Convertible/Coupe/Convertible,Incl: V6/V8 S/SVR,,,2014-2020,Convertible/Coupe,Incl: SVR/V6/V8 S,fallback,Jaguar F-Type 2017 Coupe 原子事实对应多条候选记录
非皮卡,高度压缩两两组合,Jaguar,F-Type/F-Type,F-Type,/,/,无可用尺码,2014-2020/2017-2020,Convertible/Coupe/Coupe,Incl: V6/V8 S/SVR,,,2014-2020,Convertible/Coupe,Incl: SVR/V6/V8 S,fallback,Jaguar F-Type 2017 Convertible 原子事实对应多条候选记录
非皮卡,高度压缩两两组合,Jaguar,F-Type/F-Type,F-Type,/,/,无可用尺码,2014-2020/2021-2023,Convertible/Coupe/Convertible,Incl: V6/V8 S/P575,,,2014-2023,Convertible/Coupe,Incl: P575/V6/V8 S,fallback,Jaguar F-Type 2021 Coupe 原子事实对应多条候选记录
非皮卡,高度压缩两两组合,Jaguar,F-Type/F-Type,F-Type,/,/,无可用尺码,2014-2020/2021-2023,Convertible/Coupe/Coupe,Incl: V6/V8 S/P575,,,2014-2023,Convertible/Coupe,Incl: P575/V6/V8 S,fallback,Jaguar F-Type 2021 Convertible 原子事实对应多条候选记录
非皮卡,高度压缩两两组合,Jaguar,F-Type/F-Type,F-Type,/,/,无可用尺码,2014-2020/2022-2024,Convertible/Coupe/Convertible,Incl: V6/V8 S/P450,,,2014-2024,Convertible/Coupe,Incl: P450/V6/V8 S,fallback,Jaguar F-Type 2022 Coupe 原子事实对应多条候选记录
非皮卡,高度压缩两两组合,Jaguar,F-Type/F-Type,F-Type,/,/,无可用尺码,2014-2020/2022-2024,Convertible/Coupe/Coupe,Incl: V6/V8 S/P450,,,2014-2024,Convertible/Coupe,Incl: P450/V6/V8 S,fallback,Jaguar F-Type 2022 Convertible 原子事实对应多条候选记录
非皮卡,高度压缩两两组合,Jaguar,F-Type/F-Type,F-Type,/,/,无可用尺码,2014-2020/2024,Convertible/Coupe/Convertible,Incl: V6/V8 S/R75,,,2014-2024,Convertible/Coupe,Incl: R75/V6/V8 S,fallback,Jaguar F-Type 2024 Coupe 原子事实对应多条候选记录
非皮卡,高度压缩两两组合,Jaguar,F-Type/F-Type,F-Type,/,/,无可用尺码,2014-2020/2024,Convertible/Coupe/Coupe,Incl: V6/V8 S/R75,,,2014-2024,Convertible/Coupe,Incl: R75/V6/V8 S,fallback,Jaguar F-Type 2024 Convertible 原子事实对应多条候选记录
非皮卡,高度压缩两两组合,Jaguar,F-Type/F-Type,F-Type,/,/,无可用尺码,2015-2020/2016-2020,Coupe/Convertible,R/R,,,2015-2020,Convertible/Coupe,R,success,
非皮卡,高度压缩两两组合,Jaguar,F-Type/F-Type,F-Type,/,/,无可用尺码,2014-2020/2015-2020,Convertible/Coupe/Convertible/Coupe,Incl: V6/V8 S/R,,,2014-2020,Convertible/Coupe,Incl: R/V6/V8 S,success,
非皮卡,高度压缩两两组合,Jaguar,F-Type/F-Type,F-Type,/,/,无可用尺码,2014-2020/2017-2020,Convertible/Coupe/Convertible,Incl: R/V6/V8 S/SVR,,,2014-2020,Convertible/Coupe,Incl: R/SVR/V6/V8 S,fallback,Jaguar F-Type 2017 Coupe 原子事实对应多条候选记录
非皮卡,高度压缩两两组合,Jaguar,F-Type/F-Type,F-Type,/,/,无可用尺码,2014-2020/2017-2020,Convertible/Coupe/Coupe,Incl: R/V6/V8 S/SVR,,,2014-2020,Convertible/Coupe,Incl: R/SVR/V6/V8 S,fallback,Jaguar F-Type 2017 Convertible 原子事实对应多条候选记录
非皮卡,高度压缩两两组合,Jaguar,F-Type/F-Type,F-Type,/,/,无可用尺码,2014-2020/2021-2023,Convertible/Coupe/Convertible,Incl: R/V6/V8 S/P575,,,2014-2023,Convertible/Coupe,Incl: P575/R/V6/V8 S,fallback,Jaguar F-Type 2021 Coupe 原子事实对应多条候选记录
非皮卡,高度压缩两两组合,Jaguar,F-Type/F-Type,F-Type,/,/,无可用尺码,2014-2020/2021-2023,Convertible/Coupe/Coupe,Incl: R/V6/V8 S/P575,,,2014-2023,Convertible/Coupe,Incl: P575/R/V6/V8 S,fallback,Jaguar F-Type 2021 Convertible 原子事实对应多条候选记录
非皮卡,高度压缩两两组合,Jaguar,F-Type/F-Type,F-Type,/,/,无可用尺码,2014-2020/2022-2024,Convertible/Coupe/Convertible,Incl: R/V6/V8 S/P450,,,2014-2024,Convertible/Coupe,Incl: P450/R/V6/V8 S,fallback,Jaguar F-Type 2022 Coupe 原子事实对应多条候选记录
非皮卡,高度压缩两两组合,Jaguar,F-Type/F-Type,F-Type,/,/,无可用尺码,2014-2020/2022-2024,Convertible/Coupe/Coupe,Incl: R/V6/V8 S/P450,,,2014-2024,Convertible/Coupe,Incl: P450/R/V6/V8 S,fallback,Jaguar F-Type 2022 Convertible 原子事实对应多条候选记录
非皮卡,高度压缩两两组合,Jaguar,F-Type/F-Type,F-Type,/,/,无可用尺码,2014-2020/2024,Convertible/Coupe/Convertible,Incl: R/V6/V8 S/R75,,,2014-2024,Convertible/Coupe,Incl: R/R75/V6/V8 S,fallback,Jaguar F-Type 2024 Coupe 原子事实对应多条候选记录
非皮卡,高度压缩两两组合,Jaguar,F-Type/F-Type,F-Type,/,/,无可用尺码,2014-2020/2024,Convertible/Coupe/Coupe,Incl: R/V6/V8 S/R75,,,2014-2024,Convertible/Coupe,Incl: R/R75/V6/V8 S,fallback,Jaguar F-Type 2024 Convertible 原子事实对应多条候选记录
非皮卡,高度压缩两两组合,Jaguar,F-Type/F-Type,F-Type,/,/,无可用尺码,2017-2020/2017-2020,Convertible/Coupe,SVR/SVR,,,2017-2020,Convertible/Coupe,SVR,success,
非皮卡,高度压缩两两组合,Jaguar,F-Type/F-Type,F-Type,/,/,无可用尺码,2014-2020/2017-2020,Convertible/Coupe/Convertible/Coupe,Incl: R/V6/V8 S/SVR,,,2014-2020,Convertible/Coupe,Incl: R/SVR/V6/V8 S,success,
非皮卡,高度压缩两两组合,Jaguar,F-Type/F-Type,F-Type,/,/,无可用尺码,2014-2020/2021-2023,Convertible/Coupe/Convertible,Incl: R/SVR/V6/V8 S/P575,,,2014-2023,Convertible/Coupe,Incl: P575/R/SVR/V6/V8 S,fallback,Jaguar F-Type 2021 Coupe 原子事实对应多条候选记录
非皮卡,高度压缩两两组合,Jaguar,F-Type/F-Type,F-Type,/,/,无可用尺码,2014-2020/2021-2023,Convertible/Coupe/Coupe,Incl: R/SVR/V6/V8 S/P575,,,2014-2023,Convertible/Coupe,Incl: P575/R/SVR/V6/V8 S,fallback,Jaguar F-Type 2021 Convertible 原子事实对应多条候选记录
非皮卡,高度压缩两两组合,Jaguar,F-Type/F-Type,F-Type,/,/,无可用尺码,2014-2020/2022-2024,Convertible/Coupe/Convertible,Incl: R/SVR/V6/V8 S/P450,,,2014-2024,Convertible/Coupe,Incl: P450/R/SVR/V6/V8 S,fallback,Jaguar F-Type 2022 Coupe 原子事实对应多条候选记录
非皮卡,高度压缩两两组合,Jaguar,F-Type/F-Type,F-Type,/,/,无可用尺码,2014-2020/2022-2024,Convertible/Coupe/Coupe,Incl: R/SVR/V6/V8 S/P450,,,2014-2024,Convertible/Coupe,Incl: P450/R/SVR/V6/V8 S,fallback,Jaguar F-Type 2022 Convertible 原子事实对应多条候选记录
非皮卡,高度压缩两两组合,Jaguar,F-Type/F-Type,F-Type,/,/,无可用尺码,2014-2020/2024,Convertible/Coupe/Convertible,Incl: R/SVR/V6/V8 S/R75,,,2014-2024,Convertible/Coupe,Incl: R/R75/SVR/V6/V8 S,fallback,Jaguar F-Type 2024 Coupe 原子事实对应多条候选记录
非皮卡,高度压缩两两组合,Jaguar,F-Type/F-Type,F-Type,/,/,无可用尺码,2014-2020/2024,Convertible/Coupe/Coupe,Incl: R/SVR/V6/V8 S/R75,,,2014-2024,Convertible/Coupe,Incl: R/R75/SVR/V6/V8 S,fallback,Jaguar F-Type 2024 Convertible 原子事实对应多条候选记录
非皮卡,高度压缩两两组合,Jaguar,F-Type/F-Type,F-Type,/,/,无可用尺码,2021-2023/2021-2023,Convertible/Coupe,P575/P575,,,2021-2023,Convertible/Coupe,P575,success,
非皮卡,高度压缩两两组合,Jaguar,F-Type/F-Type,F-Type,/,/,无可用尺码,2014-2020/2021-2023,Convertible/Coupe/Convertible/Coupe,Incl: R/SVR/V6/V8 S/P575,,,2014-2023,Convertible/Coupe,Incl: P575/R/SVR/V6/V8 S,success,
非皮卡,高度压缩两两组合,Jaguar,F-Type/F-Type,F-Type,/,/,无可用尺码,2014-2023/2022-2024,Convertible/Coupe/Convertible,Incl: P575/R/SVR/V6/V8 S/P450,,,2014-2024,Convertible/Coupe,Incl: P450/P575/R/SVR/V6/V8 S,fallback,Jaguar F-Type 2022 Coupe 原子事实对应多条候选记录
非皮卡,高度压缩两两组合,Jaguar,F-Type/F-Type,F-Type,/,/,无可用尺码,2014-2023/2022-2024,Convertible/Coupe/Coupe,Incl: P575/R/SVR/V6/V8 S/P450,,,2014-2024,Convertible/Coupe,Incl: P450/P575/R/SVR/V6/V8 S,fallback,Jaguar F-Type 2022 Convertible 原子事实对应多条候选记录
非皮卡,高度压缩两两组合,Jaguar,F-Type/F-Type,F-Type,/,/,无可用尺码,2014-2023/2024,Convertible/Coupe/Convertible,Incl: P575/R/SVR/V6/V8 S/R75,,,2014-2024,Convertible/Coupe,Incl: P575/R/R75/SVR/V6/V8 S,fallback,Jaguar F-Type 2024 Coupe 原子事实对应多条候选记录
非皮卡,高度压缩两两组合,Jaguar,F-Type/F-Type,F-Type,/,/,无可用尺码,2014-2023/2024,Convertible/Coupe/Coupe,Incl: P575/R/SVR/V6/V8 S/R75,,,2014-2024,Convertible/Coupe,Incl: P575/R/R75/SVR/V6/V8 S,fallback,Jaguar F-Type 2024 Convertible 原子事实对应多条候选记录
非皮卡,高度压缩两两组合,Jaguar,F-Type/F-Type,F-Type,/,/,无可用尺码,2022-2024/2022-2024,Convertible/Coupe,P450/P450,,,2022-2024,Convertible/Coupe,P450,success,
非皮卡,高度压缩两两组合,Jaguar,F-Type/F-Type,F-Type,/,/,无可用尺码,2014-2023/2022-2024,Convertible/Coupe/Convertible/Coupe,Incl: P575/R/SVR/V6/V8 S/P450,,,2014-2024,Convertible/Coupe,Incl: P450/P575/R/SVR/V6/V8 S,success,
非皮卡,高度压缩两两组合,Jaguar,F-Type/F-Type,F-Type,/,/,无可用尺码,2014-2024/2024,Convertible/Coupe/Convertible,Incl: P450/P575/R/SVR/V6/V8 S/R75,,,2014-2024,Convertible/Coupe,Incl: P450/P575/R/R75/SVR/V6/V8 S,fallback,Jaguar F-Type 2024 Coupe 原子事实对应多条候选记录
非皮卡,高度压缩两两组合,Jaguar,F-Type/F-Type,F-Type,/,/,无可用尺码,2014-2024/2024,Convertible/Coupe/Coupe,Incl: P450/P575/R/SVR/V6/V8 S/R75,,,2014-2024,Convertible/Coupe,Incl: P450/P575/R/R75/SVR/V6/V8 S,fallback,Jaguar F-Type 2024 Convertible 原子事实对应多条候选记录
非皮卡,高度压缩两两组合,Jaguar,F-Type/F-Type,F-Type,/,/,无可用尺码,2024/2024,Convertible/Coupe,R75/R75,,,2024,Convertible/Coupe,R75,success,
非皮卡,高度压缩两两组合,Jaguar,F-Type/F-Type,F-Type,/,/,无可用尺码,2014-2024/2024,Convertible/Coupe/Convertible/Coupe,Incl: P450/P575/R/SVR/V6/V8 S/R75,,,2014-2024,Convertible/Coupe,Incl: P450/P575/R/R75/SVR/V6/V8 S,success,
非皮卡,高度压缩两两组合,Jaguar,X-Type/X-Type,X-Type,/,/,无可用尺码,2002-2008/2005-2008,Sedan/Wagon,/,,,2002-2008,Sedan/Wagon,,success,
非皮卡,高度压缩两两组合,Jaguar,XJ/XJ,XJ,/,/,4XL,1979-1992/1995-2009,Sedan/Sedan,/LWB,,,1979-2009,Sedan,Incl: LWB,fallback,Jaguar XJ 1988 Sedan 原子事实对应多条候选记录
非皮卡,高度压缩两两组合,Jaguar,XJ/XJ,XJ,/,/,4XL,1979-1992/1995-2009,Sedan/Sedan,/SWB,,,1979-2009,Sedan,Incl: SWB,fallback,Jaguar XJ 1988 Sedan 原子事实对应多条候选记录
非皮卡,高度压缩两两组合,Jaguar,XJ/XJ,XJ,/,/,4XL,1979-1992/2011-2019,Sedan/Sedan,/LWB,,,1979-2019,Sedan,Incl: LWB,fallback,Jaguar XJ 1988 Sedan 原子事实对应多条候选记录
非皮卡,高度压缩两两组合,Jaguar,XJ/XJ,XJ,/,/,4XL,1979-1992/2011-2019,Sedan/Sedan,/SWB,,,1979-2019,Sedan,Incl: SWB,fallback,Jaguar XJ 1988 Sedan 原子事实对应多条候选记录
非皮卡,高度压缩两两组合,Jaguar,XJ/XJ,XJ,/,/,4XL,1995-2009/1995-2009,Sedan/Sedan,LWB/SWB,,,1995-2009,Sedan,LWB/SWB,success,
非皮卡,高度压缩两两组合,Jaguar,XJ/XJ,XJ,/,/,4XL,1979-1992/1995-2009,Sedan/Sedan,/LWB/SWB,,,1979-2009,Sedan,Incl: LWB/SWB,fallback,Jaguar XJ 1988 Sedan 原子事实对应多条候选记录
非皮卡,高度压缩两两组合,Jaguar,XJ/XJ,XJ,/,/,4XL,1979-1992/2011-2019,Sedan/Sedan,/LWB,,,1979-2019,Sedan,Incl: LWB,fallback,Jaguar XJ 1988 Sedan 原子事实对应多条候选记录
非皮卡,高度压缩两两组合,Jaguar,XJ/XJ,XJ,/,/,4XL,1979-1992/2011-2019,Sedan/Sedan,/SWB,,,1979-2019,Sedan,Incl: SWB,fallback,Jaguar XJ 1988 Sedan 原子事实对应多条候选记录
非皮卡,高度压缩两两组合,Jaguar,XJ/XJ,XJ,/,/,4XL,1995-2009/2011-2019,Sedan/Sedan,LWB/SWB/LWB,,,1995-2019,Sedan,LWB/SWB,fallback,Jaguar XJ 2011 Sedan 原子事实对应多条候选记录
非皮卡,高度压缩两两组合,Jaguar,XJ/XJ,XJ,/,/,4XL,1995-2009/2011-2019,Sedan/Sedan,LWB/SWB/SWB,,,1995-2019,Sedan,LWB/SWB,fallback,Jaguar XJ 2011 Sedan 原子事实对应多条候选记录
非皮卡,高度压缩两两组合,Jaguar,XJ/XJ,XJ,/,/,4XL,2011-2019/2011-2019,Sedan/Sedan,LWB/SWB,,,2011-2019,Sedan,LWB/SWB,success,
非皮卡,高度压缩两两组合,Jaguar,XJ/XJ,XJ,/,/,4XL,1979-1992/1995-2009,Sedan/Sedan,/LWB/SWB,,,1979-2009,Sedan,Incl: LWB/SWB,fallback,Jaguar XJ 1988 Sedan 原子事实对应多条候选记录
非皮卡,高度压缩两两组合,Jaguar,XJ/XJ,XJ,/,/,4XL,1979-1992/2011-2019,Sedan/Sedan,/LWB/SWB,,,1979-2019,Sedan,Incl: LWB/SWB,fallback,Jaguar XJ 1988 Sedan 原子事实对应多条候选记录
非皮卡,高度压缩两两组合,Jaguar,XJ/XJ,XJ,/,/,4XL,1995-2009/2011-2019,Sedan/Sedan,LWB/SWB/LWB/SWB,,,1995-2019,Sedan,LWB/SWB,success,
非皮卡,高度压缩两两组合,Jaguar,XJ/XJ,XJ,/,/,4XL,1979-1992/1995-2019,Sedan/Sedan,/LWB/SWB,,,1979-2019,Sedan,Incl: LWB/SWB,fallback,Jaguar XJ 1988 Sedan 原子事实对应多条候选记录
非皮卡,高度压缩两两组合,Jaguar,XJS/XJS,XJS,/,/,无可用尺码,1976-1983/1984-1996,Coupe/Convertible,/,,,1976-1996,Convertible/Coupe,,fallback,Jaguar XJS 1992 Coupe 原子事实对应多条候选记录
非皮卡,高度压缩两两组合,Jaguar,XJS/XJS,XJS,/,/,无可用尺码,1976-1983/1992-1996,Coupe/Coupe,/,,,1976-1996,Coupe,,success,
非皮卡,高度压缩两两组合,Jaguar,XJS/XJS,XJS,/,/,无可用尺码,1976-1996/1984-1996,Coupe/Convertible,/,,,1976-1996,Convertible/Coupe,,success,
非皮卡,高度压缩两两组合,Jaguar,XK/XK,XK,/,/,无可用尺码,1997-2004/1997-2004,Convertible/Coupe,/,,,1997-2004,Convertible/Coupe,,success,
非皮卡,高度压缩两两组合,Jaguar,XK/XK,XK,/,/,无可用尺码,1997-2004/2005-2015,Convertible/Coupe/Convertible,/XKR,,,1997-2015,Convertible/Coupe,Incl: XKR,fallback,Jaguar XK 2005 Coupe 原子事实对应多条候选记录
非皮卡,高度压缩两两组合,Jaguar,XK/XK,XK,/,/,无可用尺码,1997-2004/2005-2015,Convertible/Coupe/Coupe,/XKR,,,1997-2015,Convertible/Coupe,Incl: XKR,fallback,Jaguar XK 2005 Convertible 原子事实对应多条候选记录
非皮卡,高度压缩两两组合,Jaguar,XK/XK,XK,/,/,无可用尺码,1997-2004/2012-2014,Convertible/Coupe/Convertible,/XKR-S,,,1997-2014,Convertible/Coupe,Incl: XKR-S,fallback,Jaguar XK 2012 Coupe 原子事实对应多条候选记录
非皮卡,高度压缩两两组合,Jaguar,XK/XK,XK,/,/,无可用尺码,1997-2004/2012-2014,Convertible/Coupe/Coupe,/XKR-S,,,1997-2014,Convertible/Coupe,Incl: XKR-S,fallback,Jaguar XK 2012 Convertible 原子事实对应多条候选记录
非皮卡,高度压缩两两组合,Jaguar,XK/XK,XK,/,/,无可用尺码,2005-2015/2005-2015,Convertible/Coupe,XKR/XKR,,,2005-2015,Convertible/Coupe,XKR,success,
非皮卡,高度压缩两两组合,Jaguar,XK/XK,XK,/,/,无可用尺码,1997-2004/2005-2015,Convertible/Coupe/Convertible/Coupe,/XKR,,,1997-2015,Convertible/Coupe,Incl: XKR,success,
非皮卡,高度压缩两两组合,Jaguar,XK/XK,XK,/,/,无可用尺码,1997-2015/2012-2014,Convertible/Coupe/Convertible,Incl: XKR/XKR-S,,,1997-2015,Convertible/Coupe,Incl: XKR/XKR-S,fallback,Jaguar XK 2012 Coupe 原子事实对应多条候选记录
非皮卡,高度压缩两两组合,Jaguar,XK/XK,XK,/,/,无可用尺码,1997-2015/2012-2014,Convertible/Coupe/Coupe,Incl: XKR/XKR-S,,,1997-2015,Convertible/Coupe,Incl: XKR/XKR-S,fallback,Jaguar XK 2012 Convertible 原子事实对应多条候选记录
非皮卡,高度压缩两两组合,Jaguar,XK/XK,XK,/,/,无可用尺码,2012-2014/2012-2014,Convertible/Coupe,XKR-S/XKR-S,,,2012-2014,Convertible/Coupe,XKR-S,success,
非皮卡,高度压缩两两组合,Jaguar,XK/XK,XK,/,/,无可用尺码,1997-2015/2012-2014,Convertible/Coupe/Convertible/Coupe,Incl: XKR/XKR-S,,,1997-2015,Convertible/Coupe,Incl: XKR/XKR-S,success,
非皮卡,高度压缩两两组合,Jeep,Cherokee/Cherokee,Cherokee,/,/,无可用尺码,1974-2001/2014-2023,SUV/SUV,/,,,1974-2023,SUV,,success,
非皮卡,高度压缩两两组合,Jeep,Cherokee/Cherokee,Cherokee,/,/,无可用尺码,1974-2023/2026,SUV/SUV,/,,,1974-2026,SUV,,success,
非皮卡,高度压缩两两组合,Jeep,Grand Cherokee/Grand Cherokee,Grand Cherokee,/,/,无可用尺码,1993-2026/2014-2021,SUV/SUV,/SRT,,,1993-2026,SUV,Incl: SRT,success,
非皮卡,高度压缩两两组合,Jeep,Grand Cherokee/Grand Cherokee,Grand Cherokee,/,/,无可用尺码,1993-2026/2021-2026,SUV/SUV,Incl: SRT/L,,,1993-2026,SUV,Incl: L/SRT,success,
非皮卡,高度压缩两两组合,Jeep,Grand Wagoneer/Grand Wagoneer,Grand Wagoneer,/,/,无可用尺码,1984-1991/2022-2026,SUV/SUV,/,,,1984-2026,SUV,,success,
非皮卡,高度压缩两两组合,Jeep,Grand Wagoneer/Grand Wagoneer,Grand Wagoneer,/,/,无可用尺码,1984-2026/2023-2026,SUV/SUV,/L,,,1984-2026,SUV,Incl: L,success,
非皮卡,高度压缩两两组合,Jeep,Wagoneer/Wagoneer,Wagoneer,/,/,无可用尺码,1963-1991/2023-2025,SUV/SUV,/,,,1963-2025,SUV,,success,
非皮卡,高度压缩两两组合,Jeep,Wagoneer/Wagoneer,Wagoneer,/,/,无可用尺码,1963-2025/2023-2025,SUV/SUV,/L,,,1963-2025,SUV,Incl: L,success,
非皮卡,高度压缩两两组合,Jeep,Wrangler/Wrangler,Wrangler,/,/,无可用尺码,1987-1995/1997-2006,SUV/SUV,2dr YJ/2dr TJ,,,1987-2006,SUV,2dr TJ/2dr YJ,success,
非皮卡,高度压缩两两组合,Jeep,Wrangler/Wrangler,Wrangler,/,/,无可用尺码,1987-2006/2004-2006,SUV/SUV,2dr TJ/2dr YJ/2dr LJ Unlimited,,,1987-2006,SUV,2dr LJ Unlimited/2dr TJ/2dr YJ,success,
非皮卡,高度压缩两两组合,Jeep,Wrangler/Wrangler,Wrangler,/,/,无可用尺码,1987-2006/2004-2006,SUV/SUV,2dr LJ Unlimited/2dr TJ/2dr YJ/2dr TJ Rubicon,,,1987-2006,SUV,2dr LJ Unlimited/2dr TJ/2dr TJ Rubicon/2dr YJ,success,
非皮卡,高度压缩两两组合,Jeep,Wrangler/Wrangler,Wrangler,/,/,无可用尺码,1987-2006/2005-2006,SUV/SUV,2dr LJ Unlimited/2dr TJ/2dr TJ Rubicon/2dr YJ/2dr LJ Unlimited Rubicon,,,1987-2006,SUV,2dr LJ Unlimited/2dr LJ Unlimited Rubicon/2dr TJ/2dr TJ Rubicon/2dr YJ,success,
非皮卡,高度压缩两两组合,Jeep,Wrangler/Wrangler,Wrangler,/,/,无可用尺码,1987-2006/2007-2018,SUV/SUV,2dr LJ Unlimited/2dr LJ Unlimited Rubicon/2dr TJ/2dr TJ Rubicon/2dr YJ/2dr JK,,,1987-2018,SUV,2dr JK/2dr LJ Unlimited/2dr LJ Unlimited Rubicon/2dr TJ/2dr TJ Rubicon/2dr YJ,success,
非皮卡,高度压缩两两组合,Jeep,Wrangler/Wrangler,Wrangler,/,/,无可用尺码,1987-2018/2007-2018,SUV/SUV,2dr JK/2dr LJ Unlimited/2dr LJ Unlimited Rubicon/2dr TJ/2dr TJ Rubicon/2dr YJ/4dr JKU,,,1987-2018,SUV,2dr JK/2dr LJ Unlimited/2dr LJ Unlimited Rubicon/2dr TJ/2dr TJ Rubicon/2dr YJ/4dr JKU,success,
非皮卡,高度压缩两两组合,Jeep,Wrangler/Wrangler,Wrangler,/,/,无可用尺码,1987-2018/2018-2026,SUV/SUV,2dr JK/2dr LJ Unlimited/2dr LJ Unlimited Rubicon/2dr TJ/2dr TJ Rubicon/2dr YJ/4dr JKU/2dr JL,,,1987-2026,SUV,2dr JK/2dr JL/2dr LJ Unlimited/2dr LJ Unlimited Rubicon/2dr TJ/2dr TJ Rubicon/2dr YJ/4dr JKU,success,
非皮卡,高度压缩两两组合,Jeep,Wrangler/Wrangler,Wrangler,/,/,无可用尺码,1987-2026/2018-2026,SUV/SUV,2dr JK/2dr JL/2dr LJ Unlimited/2dr LJ Unlimited Rubicon/2dr TJ/2dr TJ Rubicon/2dr YJ/4dr JKU/4dr JLU,,,1987-2026,SUV,2dr JK/2dr JL/2dr LJ Unlimited/2dr LJ Unlimited Rubicon/2dr TJ/2dr TJ Rubicon/2dr YJ/4dr JKU/4dr JLU,success,
非皮卡,高度压缩两两组合,Jeep,Wrangler/Wrangler,Wrangler,/,/,无可用尺码,1987-2026/2021-2026,SUV/SUV,2dr JK/2dr JL/2dr LJ Unlimited/2dr LJ Unlimited Rubicon/2dr TJ/2dr TJ Rubicon/2dr YJ/4dr JKU/4dr JLU/4dr JLU Rubicon 392,,,1987-2026,SUV,2dr JK/2dr JL/2dr LJ Unlimited/2dr LJ Unlimited Rubicon/2dr TJ/2dr TJ Rubicon/2dr YJ/4dr JKU/4dr JLU/4dr JLU Rubicon 392,success,
非皮卡,高度压缩两两组合,Jeep,Wrangler/Wrangler,Wrangler,/,/,无可用尺码,1987-2026/2024-2026,SUV/SUV,2dr JK/2dr JL/2dr LJ Unlimited/2dr LJ Unlimited Rubicon/2dr TJ/2dr TJ Rubicon/2dr YJ/4dr JKU/4dr JLU/4dr JLU Rubicon 392/4dr JLU Xtreme,,,1987-2026,SUV,2dr JK/2dr JL/2dr LJ Unlimited/2dr LJ Unlimited Rubicon/2dr TJ/2dr TJ Rubicon/2dr YJ/4dr JKU/4dr JLU/4dr JLU Rubicon 392/4dr JLU Xtreme,success,
非皮卡,高度压缩两两组合,Jeep,Wrangler/Wrangler,Wrangler,/,/,无可用尺码,1987-2026/2026,SUV/SUV,2dr JK/2dr JL/2dr LJ Unlimited/2dr LJ Unlimited Rubicon/2dr TJ/2dr TJ Rubicon/2dr YJ/4dr JKU/4dr JLU/4dr JLU Rubicon 392/4dr JLU Xtreme/2dr JL Xtreme,,,1987-2026,SUV,2dr JK/2dr JL/2dr JL Xtreme/2dr LJ Unlimited/2dr LJ Unlimited Rubicon/2dr TJ/2dr TJ Rubicon/2dr YJ/4dr JKU/4dr JLU/4dr JLU Rubicon 392/4dr JLU Xtreme,success,
非皮卡,高度压缩两两组合,Karma Automotive,Revero/Revero,Revero,/,/,4XL,2017-2021/2025,Sedan/Sedan,GT/GTS/,,,2017-2025,Sedan,Incl: GT/GTS,success,
非皮卡,高度压缩两两组合,Kia,Carnival/Carnival,Carnival,/,/,无可用尺码,2002-2005/2007,MPV/MPV,Sedona SWB/Sedona SWB,,,2002-2007,MPV,Sedona SWB,success,
非皮卡,高度压缩两两组合,Kia,Carnival/Carnival,Carnival,/,/,无可用尺码,2002-2007/2007-2012,MPV/MPV,Sedona SWB/Sedona LWB,,,2002-2012,MPV,Sedona LWB/Sedona SWB,success,
非皮卡,高度压缩两两组合,Kia,Carnival/Carnival,Carnival,/,/,无可用尺码,2002-2012/2014,MPV/MPV,Sedona LWB/Sedona SWB/Sedona LWB,,,2002-2014,MPV,Sedona LWB/Sedona SWB,success,
非皮卡,高度压缩两两组合,Kia,Carnival/Carnival,Carnival,/,/,无可用尺码,2002-2014/2015-2021,MPV/MPV,Sedona LWB/Sedona SWB/Sedona,,,2002-2021,MPV,Sedona/Sedona LWB/Sedona SWB,success,
非皮卡,高度压缩两两组合,Kia,Carnival/Carnival,Carnival,/,/,无可用尺码,2002-2021/2022-2026,MPV/MPV,Sedona/Sedona LWB/Sedona SWB/,,,2002-2026,MPV,Incl: Sedona/Sedona LWB/Sedona SWB,success,
非皮卡,高度压缩两两组合,Kia,Forte/Forte,Forte,/,/,无可用尺码,2010-2013/2010-2024,Coupe/Sedan,/,,,2010-2024,Coupe/Sedan,,success,
非皮卡,高度压缩两两组合,Kia,Forte/Forte,Forte,/,/,无可用尺码,2010-2024/2014-2016,Coupe/Sedan/Coupe,/Koup,,,2010-2024,Coupe/Sedan,Incl: Koup,success,
非皮卡,高度压缩两两组合,Kia,Forte/Forte,Forte,/,/,无可用尺码,2010-2024/2014-2018,Coupe/Sedan/Hatchback,Incl: Koup/Forte5,,,2010-2024,Coupe/Hatchback/Sedan,Incl: Forte5/Koup,success,
非皮卡,高度压缩两两组合,Kia,K900/K900,K900,/,/,4XL,2015-2017/2019-2020,Sedan/Sedan,/,,,2015-2020,Sedan,,success,
非皮卡,高度压缩两两组合,Kia,NIRO/NIRO,NIRO,/,/,无可用尺码,2017-2026/2019-2026,Crossover/Crossover,/EV,,,2017-2026,Crossover,Incl: EV,success,
非皮卡,高度压缩两两组合,Kia,Optima/Optima,Optima,/,/,无可用尺码,2001-2020/2011-2020,Sedan/Sedan,/Hybrid,,,2001-2020,Sedan,Incl: Hybrid,success,
非皮卡,高度压缩两两组合,Kia,Optima/Optima,Optima,/,/,无可用尺码,2001-2020/2017-2020,Sedan/Sedan,Incl: Hybrid/PHEV,,,2001-2020,Sedan,Incl: Hybrid/PHEV,success,
非皮卡,高度压缩两两组合,Kia,Rio/Rio,Rio,/,/,无可用尺码,2001-2005/2001-2023,Wagon/Sedan,Rio5/,,,2001-2023,Sedan/Wagon,Incl: Rio5,success,
非皮卡,高度压缩两两组合,Kia,Rio/Rio,Rio,/,/,无可用尺码,2001-2023/2006-2023,Sedan/Wagon/Hatchback,Incl: Rio5/Rio5,,,2001-2023,Hatchback/Sedan/Wagon,Incl: Rio5,success,
非皮卡,高度压缩两两组合,Kia,Sorento/Sorento,Sorento,/,/,无可用尺码,2003-2009/2011-2026,SUV/SUV,/,,,2003-2026,SUV,,success,
非皮卡,高度压缩两两组合,Kia,Sorento/Sorento,Sorento,/,/,无可用尺码,2003-2026/2024,SUV/SUV,/PHEV,,,2003-2026,SUV,Incl: PHEV,success,
非皮卡,高度压缩两两组合,Kia,Soul/Soul,Soul,/,/,无可用尺码,2010-2025/2014-2019,Wagon/Hatchback,/EV,,,2010-2025,Hatchback/Wagon,Incl: EV,success,
非皮卡,高度压缩两两组合,Kia,Spectra/Spectra,Spectra,/,/,无可用尺码,2000-2001/2002-2004,Sedan/Hatchback,/,,,2000-2004,Hatchback/Sedan,,fallback,Kia Spectra 2004 Sedan 原子事实对应多条候选记录
非皮卡,高度压缩两两组合,Kia,Spectra/Spectra,Spectra,/,/,无可用尺码,2000-2001/2004-2009,Sedan/Sedan,/,,,2000-2009,Sedan,,success,
非皮卡,高度压缩两两组合,Kia,Spectra/Spectra,Spectra,/,/,无可用尺码,2000-2009/2002-2004,Sedan/Hatchback,/,,,2000-2009,Hatchback/Sedan,,fallback,Kia Spectra 2006 Hatchback 原子事实对应多条候选记录
非皮卡,高度压缩两两组合,Kia,Spectra/Spectra,Spectra,/,/,无可用尺码,2000-2009/2006-2009,Sedan/Hatchback,/,,,2000-2009,Hatchback/Sedan,,fallback,Kia Spectra 2002 Hatchback 原子事实对应多条候选记录
非皮卡,高度压缩两两组合,Kia,Spectra/Spectra,Spectra,/,/,无可用尺码,2002-2004/2006-2009,Hatchback/Hatchback,/,,,2002-2009,Hatchback,,success,
非皮卡,高度压缩两两组合,Kia,Spectra/Spectra,Spectra,/,/,无可用尺码,2000-2009/2002-2009,Sedan/Hatchback,/,,,2000-2009,Hatchback/Sedan,,success,
非皮卡,高度压缩两两组合,Kia,Sportage/Sportage,Sportage,/,/,无可用尺码,1995-1997/1995-2002,SUV/SUV,4dr/2dr,,,1995-2002,SUV,2dr/4dr,success,
非皮卡,高度压缩两两组合,Kia,Sportage/Sportage,Sportage,/,/,无可用尺码,1995-2002/2005-2026,SUV/SUV,2dr/4dr/,,,1995-2026,SUV,Incl: 2dr/4dr,success,
非皮卡,高度压缩两两组合,Kia,Sportage/Sportage,Sportage,/,/,无可用尺码,1995-2026/2023-2026,SUV/SUV,Incl: 2dr/4dr/PHEV,,,1995-2026,SUV,Incl: 2dr/4dr/PHEV,success,
非皮卡,高度压缩两两组合,Kia,Stinger/Stinger,Stinger,/,/,无可用尺码,2018-2021/2018-2021,Coupe/Liftback,/GT,,,2018-2021,Coupe/Liftback,Incl: GT,success,
非皮卡,高度压缩两两组合,Kia,Stinger/Stinger,Stinger,/,/,无可用尺码,2018-2021/2022-2023,Coupe/Liftback/Fastback,Incl: GT/,,,2018-2023,Coupe/Fastback/Liftback,Incl: GT,success,
非皮卡,高度压缩两两组合,Land Rover,Defender/Defender,Defender,/,/,无可用尺码,1993/1994-1995,SUV/SUV,110 NAS/90 NAS,,,1993-1995,SUV,90 NAS/110 NAS,success,
非皮卡,高度压缩两两组合,Land Rover,Defender/Defender,Defender,/,/,无可用尺码,1993-1995/1997,SUV/SUV,90 NAS/110 NAS/90 NAS,,,1993-1997,SUV,90 NAS/110 NAS,success,
非皮卡,高度压缩两两组合,Land Rover,Defender/Defender,Defender,/,/,无可用尺码,1993-1997/2020-2024,SUV/SUV,90 NAS/110 NAS/110,,,1993-2024,SUV,90 NAS/110/110 NAS,success,
非皮卡,高度压缩两两组合,Land Rover,Defender/Defender,Defender,/,/,无可用尺码,1993-2024/2020-2026,SUV/SUV,90 NAS/110/110 NAS/90,,,1993-2026,SUV,90/90 NAS/110/110 NAS,success,
非皮卡,高度压缩两两组合,Land Rover,Defender/Defender,Defender,/,/,无可用尺码,1993-2026/2023-2026,SUV/SUV,90/90 NAS/110/110 NAS/130,,,1993-2026,SUV,90/90 NAS/110/110 NAS/130,success,
非皮卡,高度压缩两两组合,Land Rover,Defender/Defender,Defender,/,/,无可用尺码,1993-2026/2025-2026,SUV/SUV,90/90 NAS/110/110 NAS/130/110 OCTA,,,1993-2026,SUV,90/90 NAS/110/110 NAS/110 OCTA/130,success,
非皮卡,高度压缩两两组合,Land Rover,Discovery/Discovery,Discovery,/,/,无可用尺码,1994-2004/2010-2024,SUV/SUV,/,,,1994-2024,SUV,,success,
非皮卡,高度压缩两两组合,Land Rover,Evoque/Evoque,Evoque,/,/,无可用尺码,2012-2018/2020-2026,Coupe/SUV,/,,,2012-2026,Coupe/SUV,,success,
非皮卡,高度压缩两两组合,Land Rover,Range Rover/Range Rover,Range Rover,/,/,无可用尺码,1987-1992/1993-1995,SUV/SUV,/LWB,,,1987-1995,SUV,Incl: LWB,fallback,Land Rover Range Rover 1995 SUV 原子事实对应多条候选记录
非皮卡,高度压缩两两组合,Land Rover,Range Rover/Range Rover,Range Rover,/,/,无可用尺码,1987-1992/1995-2026,SUV/SUV,/,,,1987-2026,SUV,,success,
非皮卡,高度压缩两两组合,Land Rover,Range Rover/Range Rover,Range Rover,/,/,无可用尺码,1987-2026/1993-1995,SUV/SUV,/LWB,,,1987-2026,SUV,Incl: LWB,fallback,Land Rover Range Rover 2014 SUV 原子事实对应多条候选记录
非皮卡,高度压缩两两组合,Land Rover,Range Rover/Range Rover,Range Rover,/,/,无可用尺码,1987-2026/2014-2026,SUV/SUV,/LWB,,,1987-2026,SUV,Incl: LWB,fallback,Land Rover Range Rover 1993 SUV 原子事实对应多条候选记录
非皮卡,高度压缩两两组合,Land Rover,Range Rover/Range Rover,Range Rover,/,/,无可用尺码,1993-1995/2014-2026,SUV/SUV,LWB/LWB,,,1993-2026,SUV,LWB,success,
非皮卡,高度压缩两两组合,Land Rover,Range Rover/Range Rover,Range Rover,/,/,无可用尺码,1987-2026/1993-2026,SUV/SUV,/LWB,,,1987-2026,SUV,Incl: LWB,success,
非皮卡,高度压缩两两组合,Land Rover,Range Rover Evoque/Range Rover Evoque,Range Rover Evoque,/,/,无可用尺码,2012-2016/2017-2019,Coupe/Convertible,/,,,2012-2019,Convertible/Coupe,,success,
非皮卡,高度压缩两两组合,Land Rover,Range Rover Evoque/Range Rover Evoque,Range Rover Evoque,/,/,无可用尺码,2012-2019/2020-2026,Convertible/Coupe/SUV,/,,,2012-2026,Convertible/Coupe/SUV,,success,
非皮卡,高度压缩两两组合,Lexus,GS/GS,GS,/,/,无可用尺码,1998-2011/2013-2020,Sedan/Sedan,/,,,1998-2020,Sedan,,success,
非皮卡,高度压缩两两组合,Lexus,GX/GX,GX,/,/,无可用尺码,2003-2023/2024-2026,SUV/SUV,/Overtrail,,,2003-2026,SUV,Incl: Overtrail,success,
非皮卡,高度压缩两两组合,Lexus,IS/IS,IS,/,/,无可用尺码,2001-2026/2010-2015,Sedan/Convertible,/,,,2001-2026,Convertible/Sedan,,success,
非皮卡,高度压缩两两组合,Lexus,LC/LC,LC,/,/,无可用尺码,2018-2026/2021-2026,Coupe/Convertible,/,,,2018-2026,Convertible/Coupe,,success,
非皮卡,高度压缩两两组合,Lexus,LS/LS,LS,/,/,4XL,1995-2026/2007-2017,Sedan/Sedan,/L,,,1995-2026,Sedan,Incl: L,success,
非皮卡,高度压缩两两组合,Lexus,RC/RC,RC,/,/,无可用尺码,2015-2025/2015-2025,Coupe/Coupe,/RC F,,,2015-2025,Coupe,Incl: RC F,success,
非皮卡,高度压缩两两组合,Lexus,RX/RX,RX,/,/,无可用尺码,1999-2026/2018-2022,SUV/SUV,/RX L,,,1999-2026,SUV,Incl: RX L,success,
非皮卡,高度压缩两两组合,Lexus,SC/SC,SC,/,/,无可用尺码,1992-2000/2002-2010,Coupe/Convertible,/,,,1992-2010,Convertible/Coupe,,success,
非皮卡,高度压缩两两组合,Lincoln,Aviator/Aviator,Aviator,/,/,无可用尺码,2003-2005/2020-2026,SUV/SUV,/,,,2003-2026,SUV,,success,
非皮卡,高度压缩两两组合,Lincoln,Continental/Continental,Continental,/,/,4XL,1940-1942/1940-1942,Convertible/Coupe,/,,,1940-1942,Convertible/Coupe,,success,
非皮卡,高度压缩两两组合,Lincoln,Continental/Continental,Continental,/,/,4XL,1940-1942/1946-1948,Convertible/Coupe/Convertible,/,,,1940-1948,Convertible/Coupe,,fallback,Lincoln Continental 1946 Coupe 原子事实对应多条候选记录
非皮卡,高度压缩两两组合,Lincoln,Continental/Continental,Continental,/,/,4XL,1940-1942/1946-1948,Convertible/Coupe/Coupe,/,,,1940-1948,Convertible/Coupe,,fallback,Lincoln Continental 1946 Convertible 原子事实对应多条候选记录
非皮卡,高度压缩两两组合,Lincoln,Continental/Continental,Continental,/,/,4XL,1940-1942/1956-1957,Convertible/Coupe/Coupe,/,,,1940-1957,Convertible/Coupe,,fallback,Lincoln Continental 1946 Convertible 原子事实对应多条候选记录
非皮卡,高度压缩两两组合,Lincoln,Continental/Continental,Continental,/,/,4XL,1940-1942/1961-1967,Convertible/Coupe/Convertible,/,,,1940-1967,Convertible/Coupe,,fallback,Lincoln Continental 1946 Convertible 原子事实对应多条候选记录
非皮卡,高度压缩两两组合,Lincoln,Continental/Continental,Continental,/,/,4XL,1940-1942/1961-1969,Convertible/Coupe/Sedan,/,,,1940-1969,Convertible/Coupe/Sedan,,fallback,Lincoln Continental 1946 Convertible 原子事实对应多条候选记录
非皮卡,高度压缩两两组合,Lincoln,Continental/Continental,Continental,/,/,4XL,1940-1942/1980,Convertible/Coupe/Coupe,/,,,1940-1980,Convertible/Coupe,,fallback,Lincoln Continental 1946 Convertible 原子事实对应多条候选记录
非皮卡,高度压缩两两组合,Lincoln,Continental/Continental,Continental,/,/,4XL,1940-1942/1980,Convertible/Coupe/Sedan,/,,,1940-1980,Convertible/Coupe/Sedan,,fallback,Lincoln Continental 1946 Convertible 原子事实对应多条候选记录
非皮卡,高度压缩两两组合,Lincoln,Continental/Continental,Continental,/,/,4XL,1940-1942/1988-2002,Convertible/Coupe/Sedan,/,,,1940-2002,Convertible/Coupe/Sedan,,fallback,Lincoln Continental 1946 Convertible 原子事实对应多条候选记录
非皮卡,高度压缩两两组合,Lincoln,Continental/Continental,Continental,/,/,4XL,1940-1942/2017-2020,Convertible/Coupe/Sedan,/,,,1940-2020,Convertible/Coupe/Sedan,,fallback,Lincoln Continental 1946 Convertible 原子事实对应多条候选记录
非皮卡,高度压缩两两组合,Lincoln,Continental/Continental,Continental,/,/,4XL,1946-1948/1946-1948,Convertible/Coupe,/,,,1946-1948,Convertible/Coupe,,success,
非皮卡,高度压缩两两组合,Lincoln,Continental/Continental,Continental,/,/,4XL,1940-1942/1946-1948,Convertible/Coupe/Convertible/Coupe,/,,,1940-1948,Convertible/Coupe,,success,
非皮卡,高度压缩两两组合,Lincoln,Continental/Continental,Continental,/,/,4XL,1940-1948/1956-1957,Convertible/Coupe/Coupe,/,,,1940-1957,Convertible/Coupe,,success,
非皮卡,高度压缩两两组合,Lincoln,Continental/Continental,Continental,/,/,4XL,1940-1957/1961-1967,Convertible/Coupe/Convertible,/,,,1940-1967,Convertible/Coupe,,fallback,Lincoln Continental 1958 Convertible 原子事实对应多条候选记录
非皮卡,高度压缩两两组合,Lincoln,Continental/Continental,Continental,/,/,4XL,1940-1957/1961-1969,Convertible/Coupe/Sedan,/,,,1940-1969,Convertible/Coupe/Sedan,,fallback,Lincoln Continental 1958 Convertible 原子事实对应多条候选记录
非皮卡,高度压缩两两组合,Lincoln,Continental/Continental,Continental,/,/,4XL,1940-1957/1980,Convertible/Coupe/Coupe,/,,,1940-1980,Convertible/Coupe,,fallback,Lincoln Continental 1958 Convertible 原子事实对应多条候选记录
非皮卡,高度压缩两两组合,Lincoln,Continental/Continental,Continental,/,/,4XL,1940-1957/1980,Convertible/Coupe/Sedan,/,,,1940-1980,Convertible/Coupe/Sedan,,fallback,Lincoln Continental 1958 Convertible 原子事实对应多条候选记录
非皮卡,高度压缩两两组合,Lincoln,Continental/Continental,Continental,/,/,4XL,1940-1957/1988-2002,Convertible/Coupe/Sedan,/,,,1940-2002,Convertible/Coupe/Sedan,,fallback,Lincoln Continental 1958 Convertible 原子事实对应多条候选记录
非皮卡,高度压缩两两组合,Lincoln,Continental/Continental,Continental,/,/,4XL,1940-1957/2017-2020,Convertible/Coupe/Sedan,/,,,1940-2020,Convertible/Coupe/Sedan,,fallback,Lincoln Continental 1958 Convertible 原子事实对应多条候选记录
非皮卡,高度压缩两两组合,Lincoln,Continental/Continental,Continental,/,/,无可用尺码,1958-1960/1958-1960,Convertible/Sedan,/,,,1958-1960,Convertible/Sedan,,success,
非皮卡,高度压缩两两组合,Lincoln,Continental/Continental,Continental,/,/,4XL,1940-1957/1961-1967,Convertible/Coupe/Convertible,/,,,1940-1967,Convertible/Coupe,,fallback,Lincoln Continental 1958 Convertible 原子事实对应多条候选记录
非皮卡,高度压缩两两组合,Lincoln,Continental/Continental,Continental,/,/,4XL,1940-1957/1961-1969,Convertible/Coupe/Sedan,/,,,1940-1969,Convertible/Coupe/Sedan,,fallback,Lincoln Continental 1958 Convertible 原子事实对应多条候选记录
非皮卡,高度压缩两两组合,Lincoln,Continental/Continental,Continental,/,/,4XL,1940-1957/1980,Convertible/Coupe/Coupe,/,,,1940-1980,Convertible/Coupe,,fallback,Lincoln Continental 1958 Convertible 原子事实对应多条候选记录
非皮卡,高度压缩两两组合,Lincoln,Continental/Continental,Continental,/,/,4XL,1940-1957/1980,Convertible/Coupe/Sedan,/,,,1940-1980,Convertible/Coupe/Sedan,,fallback,Lincoln Continental 1958 Convertible 原子事实对应多条候选记录
非皮卡,高度压缩两两组合,Lincoln,Continental/Continental,Continental,/,/,4XL,1940-1957/1988-2002,Convertible/Coupe/Sedan,/,,,1940-2002,Convertible/Coupe/Sedan,,fallback,Lincoln Continental 1958 Convertible 原子事实对应多条候选记录
非皮卡,高度压缩两两组合,Lincoln,Continental/Continental,Continental,/,/,4XL,1940-1957/2017-2020,Convertible/Coupe/Sedan,/,,,1940-2020,Convertible/Coupe/Sedan,,fallback,Lincoln Continental 1958 Convertible 原子事实对应多条候选记录
非皮卡,高度压缩两两组合,Lincoln,Continental/Continental,Continental,/,/,无可用尺码,1958-1960/1970-1979,Convertible/Sedan/Coupe,/,,,1958-1979,Convertible/Coupe/Sedan,,fallback,Lincoln Continental 1961 Convertible 原子事实对应多条候选记录
非皮卡,高度压缩两两组合,Lincoln,Continental/Continental,Continental,/,/,无可用尺码,1958-1960/1970-1979,Convertible/Sedan/Sedan,/,,,1958-1979,Convertible/Sedan,,fallback,Lincoln Continental 1961 Convertible 原子事实对应多条候选记录
非皮卡,高度压缩两两组合,Lincoln,Continental/Continental,Continental,/,/,无可用尺码,1958-1960/1982-1987,Convertible/Sedan/Sedan,/,,,1958-1987,Convertible/Sedan,,fallback,Lincoln Continental 1961 Convertible 原子事实对应多条候选记录
非皮卡,高度压缩两两组合,Lincoln,Continental/Continental,Continental,/,/,4XL,1961-1967/1961-1969,Convertible/Sedan,/,,,1961-1969,Convertible/Sedan,,success,
非皮卡,高度压缩两两组合,Lincoln,Continental/Continental,Continental,/,/,4XL,1940-1957/1961-1969,Convertible/Coupe/Convertible/Sedan,/,,,1940-1969,Convertible/Coupe/Sedan,,fallback,Lincoln Continental 1958 Convertible 原子事实对应多条候选记录
非皮卡,高度压缩两两组合,Lincoln,Continental/Continental,Continental,/,/,4XL,1940-1957/1980,Convertible/Coupe/Coupe,/,,,1940-1980,Convertible/Coupe,,fallback,Lincoln Continental 1958 Convertible 原子事实对应多条候选记录
非皮卡,高度压缩两两组合,Lincoln,Continental/Continental,Continental,/,/,4XL,1940-1957/1980,Convertible/Coupe/Sedan,/,,,1940-1980,Convertible/Coupe/Sedan,,fallback,Lincoln Continental 1958 Convertible 原子事实对应多条候选记录
非皮卡,高度压缩两两组合,Lincoln,Continental/Continental,Continental,/,/,4XL,1940-1957/1988-2002,Convertible/Coupe/Sedan,/,,,1940-2002,Convertible/Coupe/Sedan,,fallback,Lincoln Continental 1958 Convertible 原子事实对应多条候选记录
非皮卡,高度压缩两两组合,Lincoln,Continental/Continental,Continental,/,/,4XL,1940-1957/2017-2020,Convertible/Coupe/Sedan,/,,,1940-2020,Convertible/Coupe/Sedan,,fallback,Lincoln Continental 1958 Convertible 原子事实对应多条候选记录
非皮卡,高度压缩两两组合,Lincoln,Continental/Continental,Continental,/,/,无可用尺码,1958-1960/1970-1979,Convertible/Sedan/Coupe,/,,,1958-1979,Convertible/Coupe/Sedan,,fallback,Lincoln Continental 1961 Convertible 原子事实对应多条候选记录
非皮卡,高度压缩两两组合,Lincoln,Continental/Continental,Continental,/,/,无可用尺码,1958-1960/1970-1979,Convertible/Sedan/Sedan,/,,,1958-1979,Convertible/Sedan,,fallback,Lincoln Continental 1961 Convertible 原子事实对应多条候选记录
非皮卡,高度压缩两两组合,Lincoln,Continental/Continental,Continental,/,/,无可用尺码,1958-1960/1982-1987,Convertible/Sedan/Sedan,/,,,1958-1987,Convertible/Sedan,,fallback,Lincoln Continental 1961 Convertible 原子事实对应多条候选记录
非皮卡,高度压缩两两组合,Lincoln,Continental/Continental,Continental,/,/,4XL,1961-1969/1980,Convertible/Sedan/Coupe,/,,,1961-1980,Convertible/Coupe/Sedan,,fallback,Lincoln Continental 1970 Coupe 原子事实对应多条候选记录
非皮卡,高度压缩两两组合,Lincoln,Continental/Continental,Continental,/,/,4XL,1961-1969/1980,Convertible/Sedan/Sedan,/,,,1961-1980,Convertible/Sedan,,fallback,Lincoln Continental 1970 Sedan 原子事实对应多条候选记录
非皮卡,高度压缩两两组合,Lincoln,Continental/Continental,Continental,/,/,4XL,1961-1969/1988-2002,Convertible/Sedan/Sedan,/,,,1961-2002,Convertible/Sedan,,fallback,Lincoln Continental 1970 Sedan 原子事实对应多条候选记录
非皮卡,高度压缩两两组合,Lincoln,Continental/Continental,Continental,/,/,4XL,1961-1969/2017-2020,Convertible/Sedan/Sedan,/,,,1961-2020,Convertible/Sedan,,fallback,Lincoln Continental 1970 Sedan 原子事实对应多条候选记录
非皮卡,高度压缩两两组合,Lincoln,Continental/Continental,Continental,/,/,无可用尺码,1970-1979/1970-1979,Coupe/Sedan,/,,,1970-1979,Coupe/Sedan,,success,
非皮卡,高度压缩两两组合,Lincoln,Continental/Continental,Continental,/,/,4XL,1940-1957/1961-1969,Convertible/Coupe/Convertible/Sedan,/,,,1940-1969,Convertible/Coupe/Sedan,,fallback,Lincoln Continental 1958 Convertible 原子事实对应多条候选记录
非皮卡,高度压缩两两组合,Lincoln,Continental/Continental,Continental,/,/,4XL,1940-1957/1980,Convertible/Coupe/Coupe,/,,,1940-1980,Convertible/Coupe,,fallback,Lincoln Continental 1958 Convertible 原子事实对应多条候选记录
非皮卡,高度压缩两两组合,Lincoln,Continental/Continental,Continental,/,/,4XL,1940-1957/1980,Convertible/Coupe/Sedan,/,,,1940-1980,Convertible/Coupe/Sedan,,fallback,Lincoln Continental 1958 Convertible 原子事实对应多条候选记录
非皮卡,高度压缩两两组合,Lincoln,Continental/Continental,Continental,/,/,4XL,1940-1957/1988-2002,Convertible/Coupe/Sedan,/,,,1940-2002,Convertible/Coupe/Sedan,,fallback,Lincoln Continental 1958 Convertible 原子事实对应多条候选记录
非皮卡,高度压缩两两组合,Lincoln,Continental/Continental,Continental,/,/,4XL,1940-1957/2017-2020,Convertible/Coupe/Sedan,/,,,1940-2020,Convertible/Coupe/Sedan,,fallback,Lincoln Continental 1958 Convertible 原子事实对应多条候选记录
非皮卡,高度压缩两两组合,Lincoln,Continental/Continental,Continental,/,/,无可用尺码,1958-1960/1970-1979,Convertible/Sedan/Coupe/Sedan,/,,,1958-1979,Convertible/Coupe/Sedan,,fallback,Lincoln Continental 1961 Convertible 原子事实对应多条候选记录
非皮卡,高度压缩两两组合,Lincoln,Continental/Continental,Continental,/,/,无可用尺码,1958-1960/1982-1987,Convertible/Sedan/Sedan,/,,,1958-1987,Convertible/Sedan,,fallback,Lincoln Continental 1961 Convertible 原子事实对应多条候选记录
非皮卡,高度压缩两两组合,Lincoln,Continental/Continental,Continental,/,/,4XL,1961-1969/1980,Convertible/Sedan/Coupe,/,,,1961-1980,Convertible/Coupe/Sedan,,fallback,Lincoln Continental 1970 Coupe 原子事实对应多条候选记录
非皮卡,高度压缩两两组合,Lincoln,Continental/Continental,Continental,/,/,4XL,1961-1969/1980,Convertible/Sedan/Sedan,/,,,1961-1980,Convertible/Sedan,,fallback,Lincoln Continental 1970 Sedan 原子事实对应多条候选记录
非皮卡,高度压缩两两组合,Lincoln,Continental/Continental,Continental,/,/,4XL,1961-1969/1988-2002,Convertible/Sedan/Sedan,/,,,1961-2002,Convertible/Sedan,,fallback,Lincoln Continental 1970 Sedan 原子事实对应多条候选记录
非皮卡,高度压缩两两组合,Lincoln,Continental/Continental,Continental,/,/,4XL,1961-1969/2017-2020,Convertible/Sedan/Sedan,/,,,1961-2020,Convertible/Sedan,,fallback,Lincoln Continental 1970 Sedan 原子事实对应多条候选记录
非皮卡,高度压缩两两组合,Lincoln,Continental/Continental,Continental,/,/,无可用尺码,1970-1979/1982-1987,Coupe/Sedan/Sedan,/,,,1970-1987,Coupe/Sedan,,fallback,Lincoln Continental 1980 Coupe 原子事实对应多条候选记录
非皮卡,高度压缩两两组合,Lincoln,Continental/Continental,Continental,/,/,4XL,1980/1980,Coupe/Sedan,/,,,1980,Coupe/Sedan,,success,
非皮卡,高度压缩两两组合,Lincoln,Continental/Continental,Continental,/,/,4XL,1940-1957/1961-1969,Convertible/Coupe/Convertible/Sedan,/,,,1940-1969,Convertible/Coupe/Sedan,,fallback,Lincoln Continental 1958 Convertible 原子事实对应多条候选记录
非皮卡,高度压缩两两组合,Lincoln,Continental/Continental,Continental,/,/,4XL,1940-1957/1980,Convertible/Coupe/Coupe/Sedan,/,,,1940-1980,Convertible/Coupe/Sedan,,fallback,Lincoln Continental 1958 Convertible 原子事实对应多条候选记录
非皮卡,高度压缩两两组合,Lincoln,Continental/Continental,Continental,/,/,4XL,1940-1957/1988-2002,Convertible/Coupe/Sedan,/,,,1940-2002,Convertible/Coupe/Sedan,,fallback,Lincoln Continental 1958 Convertible 原子事实对应多条候选记录
非皮卡,高度压缩两两组合,Lincoln,Continental/Continental,Continental,/,/,4XL,1940-1957/2017-2020,Convertible/Coupe/Sedan,/,,,1940-2020,Convertible/Coupe/Sedan,,fallback,Lincoln Continental 1958 Convertible 原子事实对应多条候选记录
非皮卡,高度压缩两两组合,Lincoln,Continental/Continental,Continental,/,/,无可用尺码,1958-1960/1970-1979,Convertible/Sedan/Coupe/Sedan,/,,,1958-1979,Convertible/Coupe/Sedan,,fallback,Lincoln Continental 1961 Convertible 原子事实对应多条候选记录
非皮卡,高度压缩两两组合,Lincoln,Continental/Continental,Continental,/,/,无可用尺码,1958-1960/1982-1987,Convertible/Sedan/Sedan,/,,,1958-1987,Convertible/Sedan,,fallback,Lincoln Continental 1961 Convertible 原子事实对应多条候选记录
非皮卡,高度压缩两两组合,Lincoln,Continental/Continental,Continental,/,/,4XL,1961-1969/1980,Convertible/Sedan/Coupe/Sedan,/,,,1961-1980,Convertible/Coupe/Sedan,,fallback,Lincoln Continental 1970 Coupe 原子事实对应多条候选记录
非皮卡,高度压缩两两组合,Lincoln,Continental/Continental,Continental,/,/,4XL,1961-1969/1988-2002,Convertible/Sedan/Sedan,/,,,1961-2002,Convertible/Sedan,,fallback,Lincoln Continental 1970 Sedan 原子事实对应多条候选记录
非皮卡,高度压缩两两组合,Lincoln,Continental/Continental,Continental,/,/,4XL,1961-1969/2017-2020,Convertible/Sedan/Sedan,/,,,1961-2020,Convertible/Sedan,,fallback,Lincoln Continental 1970 Sedan 原子事实对应多条候选记录
非皮卡,高度压缩两两组合,Lincoln,Continental/Continental,Continental,/,/,无可用尺码,1970-1979/1982-1987,Coupe/Sedan/Sedan,/,,,1970-1987,Coupe/Sedan,,fallback,Lincoln Continental 1980 Coupe 原子事实对应多条候选记录
非皮卡,高度压缩两两组合,Lincoln,Continental/Continental,Continental,/,/,4XL,1980/1988-2002,Coupe/Sedan/Sedan,/,,,1980-2002,Coupe/Sedan,,fallback,Lincoln Continental 1982 Sedan 原子事实对应多条候选记录
非皮卡,高度压缩两两组合,Lincoln,Continental/Continental,Continental,/,/,4XL,1980/2017-2020,Coupe/Sedan/Sedan,/,,,1980-2020,Coupe/Sedan,,fallback,Lincoln Continental 1982 Sedan 原子事实对应多条候选记录
非皮卡,高度压缩两两组合,Lincoln,Continental/Continental,Continental,/,/,4XL,1988-2002/2017-2020,Sedan/Sedan,/,,,1988-2020,Sedan,,success,
非皮卡,高度压缩两两组合,Lincoln,Continental/Continental,Continental,/,/,4XL,1940-1957/1961-1969,Convertible/Coupe/Convertible/Sedan,/,,,1940-1969,Convertible/Coupe/Sedan,,fallback,Lincoln Continental 1958 Convertible 原子事实对应多条候选记录
非皮卡,高度压缩两两组合,Lincoln,Continental/Continental,Continental,/,/,4XL,1940-1957/1980,Convertible/Coupe/Coupe/Sedan,/,,,1940-1980,Convertible/Coupe/Sedan,,fallback,Lincoln Continental 1958 Convertible 原子事实对应多条候选记录
非皮卡,高度压缩两两组合,Lincoln,Continental/Continental,Continental,/,/,4XL,1940-1957/1988-2020,Convertible/Coupe/Sedan,/,,,1940-2020,Convertible/Coupe/Sedan,,fallback,Lincoln Continental 1958 Convertible 原子事实对应多条候选记录
非皮卡,高度压缩两两组合,Lincoln,Continental/Continental,Continental,/,/,无可用尺码,1958-1960/1970-1979,Convertible/Sedan/Coupe/Sedan,/,,,1958-1979,Convertible/Coupe/Sedan,,fallback,Lincoln Continental 1961 Convertible 原子事实对应多条候选记录
非皮卡,高度压缩两两组合,Lincoln,Continental/Continental,Continental,/,/,无可用尺码,1958-1960/1982-1987,Convertible/Sedan/Sedan,/,,,1958-1987,Convertible/Sedan,,fallback,Lincoln Continental 1961 Convertible 原子事实对应多条候选记录
非皮卡,高度压缩两两组合,Lincoln,Continental/Continental,Continental,/,/,4XL,1961-1969/1980,Convertible/Sedan/Coupe/Sedan,/,,,1961-1980,Convertible/Coupe/Sedan,,fallback,Lincoln Continental 1970 Coupe 原子事实对应多条候选记录
非皮卡,高度压缩两两组合,Lincoln,Continental/Continental,Continental,/,/,4XL,1961-1969/1988-2020,Convertible/Sedan/Sedan,/,,,1961-2020,Convertible/Sedan,,fallback,Lincoln Continental 1970 Sedan 原子事实对应多条候选记录
非皮卡,高度压缩两两组合,Lincoln,Continental/Continental,Continental,/,/,无可用尺码,1970-1979/1982-1987,Coupe/Sedan/Sedan,/,,,1970-1987,Coupe/Sedan,,fallback,Lincoln Continental 1980 Coupe 原子事实对应多条候选记录
非皮卡,高度压缩两两组合,Lincoln,Continental/Continental,Continental,/,/,4XL,1980/1988-2020,Coupe/Sedan/Sedan,/,,,1980-2020,Coupe/Sedan,,fallback,Lincoln Continental 1982 Sedan 原子事实对应多条候选记录
非皮卡,高度压缩两两组合,Lincoln,Corsair/Corsair,Corsair,/,/,无可用尺码,2020-2021/2020-2026,SUV/SUV,PHEV/,,,2020-2026,SUV,Incl: PHEV,success,
非皮卡,高度压缩两两组合,Lincoln,Navigator/Navigator,Navigator,/,/,无可用尺码,1998-2026/2007-2026,SUV/SUV,/L,,,1998-2026,SUV,Incl: L,success,
非皮卡,高度压缩两两组合,Lincoln,Town Car/Town Car,Town Car,/,/,4XL,1981-2011/2000-2011,Sedan/Sedan,/L,,,1981-2011,Sedan,Incl: L,success,
非皮卡,高度压缩两两组合,MG,MGA/MGA,MGA,/,/,无可用尺码,1956-1962/1957-1962,Roadster/Coupe,Standard/Standard,,,1956-1962,Coupe/Roadster,Standard,success,
非皮卡,高度压缩两两组合,MG,MGB/MGB,MGB,/,/,无可用尺码,1963-1973/1974,Roadster/Roadster,Chrome Bumper Standard/Europe Chrome Bumper,,,1963-1974,Roadster,Chrome Bumper Standard/Europe Chrome Bumper,success,
非皮卡,高度压缩两两组合,MG,MGB/MGB,MGB,/,/,无可用尺码,1963-1974/1974,Roadster/Roadster,Chrome Bumper Standard/Europe Chrome Bumper/Europe Rubber Bumper,,,1963-1974,Roadster,Chrome Bumper Standard/Europe Chrome Bumper/Europe Rubber Bumper,success,
非皮卡,高度压缩两两组合,MG,MGB/MGB,MGB,/,/,无可用尺码,1963-1974/1974,Roadster/Roadster,Chrome Bumper Standard/Europe Chrome Bumper/Europe Rubber Bumper/North America 1974½ Rubber Bumper,,,1963-1974,Roadster,Chrome Bumper Standard/Europe Chrome Bumper/Europe Rubber Bumper/North America 1974½ Rubber Bumper,success,
非皮卡,高度压缩两两组合,MG,MGB/MGB,MGB,/,/,无可用尺码,1963-1974/1974,Roadster/Roadster,Chrome Bumper Standard/Europe Chrome Bumper/Europe Rubber Bumper/North America 1974½ Rubber Bumper/North America Sabrina,,,1963-1974,Roadster,Chrome Bumper Standard/Europe Chrome Bumper/Europe Rubber Bumper/North America 1974½ Rubber Bumper/North America Sabrina,success,
非皮卡,高度压缩两两组合,MG,MGB/MGB,MGB,/,/,无可用尺码,1963-1974/1975-1980,Roadster/Roadster,Chrome Bumper Standard/Europe Chrome Bumper/Europe Rubber Bumper/North America 1974½ Rubber Bumper/North America Sabrina/Rubber Bumper,,,1963-1980,Roadster,Chrome Bumper Standard/Europe Chrome Bumper/Europe Rubber Bumper/North America 1974½ Rubber Bumper/North America Sabrina/Rubber Bumper,success,
非皮卡,高度压缩两两组合,MG,MGB GT/MGB GT,MGB GT,/,/,无可用尺码,1966-1973/1974,Coupe/Coupe,Chrome Bumper/Europe Chrome Bumper,,,1966-1974,Coupe,Chrome Bumper/Europe Chrome Bumper,success,
非皮卡,高度压缩两两组合,MG,MGB GT/MGB GT,MGB GT,/,/,无可用尺码,1966-1974/1974,Coupe/Coupe,Chrome Bumper/Europe Chrome Bumper/Europe Rubber Bumper,,,1966-1974,Coupe,Chrome Bumper/Europe Chrome Bumper/Europe Rubber Bumper,success,
非皮卡,高度压缩两两组合,MG,MGB GT/MGB GT,MGB GT,/,/,无可用尺码,1966-1974/1974,Coupe/Coupe,Chrome Bumper/Europe Chrome Bumper/Europe Rubber Bumper/North America 1974½ Rubber Bumper,,,1966-1974,Coupe,Chrome Bumper/Europe Chrome Bumper/Europe Rubber Bumper/North America 1974½ Rubber Bumper,success,
非皮卡,高度压缩两两组合,MG,MGB GT/MGB GT,MGB GT,/,/,无可用尺码,1966-1974/1974,Coupe/Coupe,Chrome Bumper/Europe Chrome Bumper/Europe Rubber Bumper/North America 1974½ Rubber Bumper/North America Sabrina,,,1966-1974,Coupe,Chrome Bumper/Europe Chrome Bumper/Europe Rubber Bumper/North America 1974½ Rubber Bumper/North America Sabrina,success,
非皮卡,高度压缩两两组合,MG,Magnette/Magnette,Magnette,/,/,无可用尺码,1955-1956/1956-1958,Sedan/Sedan,ZA/ZB,,,1955-1958,Sedan,ZA/ZB,success,
非皮卡,高度压缩两两组合,MG,Magnette/Magnette,Magnette,/,/,无可用尺码,1955-1958/1959-1964,Sedan/Sedan,ZA/ZB/Standard,,,1955-1964,Sedan,Standard/ZA/ZB,success,
非皮卡,高度压缩两两组合,MG,Midget/Midget,Midget,/,/,无可用尺码,1962-1964/1964-1966,Roadster/Roadster,Mk I/Mk II,,,1962-1966,Roadster,Mk I/Mk II,success,
非皮卡,高度压缩两两组合,MG,Midget/Midget,Midget,/,/,无可用尺码,1962-1966/1966-1973,Roadster/Roadster,Mk I/Mk II/Mk III Standard,,,1962-1973,Roadster,Mk I/Mk II/Mk III Standard,success,
非皮卡,高度压缩两两组合,MG,Midget/Midget,Midget,/,/,无可用尺码,1962-1973/1974,Roadster/Roadster,Mk I/Mk II/Mk III Standard/Mk III Europe,,,1962-1974,Roadster,Mk I/Mk II/Mk III Europe/Mk III Standard,success,
非皮卡,高度压缩两两组合,MG,Midget/Midget,Midget,/,/,无可用尺码,1962-1974/1974,Roadster/Roadster,Mk I/Mk II/Mk III Europe/Mk III Standard/Mk III North America,,,1962-1974,Roadster,Mk I/Mk II/Mk III Europe/Mk III North America/Mk III Standard,success,
非皮卡,高度压缩两两组合,MG,Midget/Midget,Midget,/,/,无可用尺码,1962-1974/1975-1979,Roadster/Roadster,Mk I/Mk II/Mk III Europe/Mk III North America/Mk III Standard/Rubber Bumper,,,1962-1979,Roadster,Mk I/Mk II/Mk III Europe/Mk III North America/Mk III Standard/Rubber Bumper,success,
非皮卡,高度压缩两两组合,MINI,Clubman/Clubman,Clubman,/,/,无可用尺码,2008-2014/2016-2024,Wagon/Wagon,/,,,2008-2024,Wagon,,success,
非皮卡,高度压缩两两组合,MINI,Convertible/Convertible,Convertible,/,/,无可用尺码,2005-2026/2011-2023,Convertible/Convertible,/JCW,,,2005-2026,Convertible,Incl: JCW,success,
非皮卡,高度压缩两两组合,MINI,Cooper/Cooper,Cooper,/,/,无可用尺码,2002-2013/2014-2023,Hatchback/Hatchback,/2dr,,,2002-2023,Hatchback,Incl: 2dr,success,
非皮卡,高度压缩两两组合,MINI,Cooper/Cooper,Cooper,/,/,无可用尺码,2002-2023/2015-2023,Hatchback/Hatchback,Incl: 2dr/4dr,,,2002-2023,Hatchback,Incl: 2dr/4dr,success,
非皮卡,高度压缩两两组合,MINI,Cooper/Cooper,Cooper,/,/,无可用尺码,2002-2023/2024,Hatchback/Hatchback,Incl: 2dr/4dr/2dr S,,,2002-2024,Hatchback,Incl: 2dr/2dr S/4dr,success,
非皮卡,高度压缩两两组合,MINI,Cooper/Cooper,Cooper,/,/,无可用尺码,2002-2024/2024,Hatchback/Hatchback,Incl: 2dr/2dr S/4dr/2dr SE,,,2002-2024,Hatchback,Incl: 2dr/2dr S/2dr SE/4dr,success,
非皮卡,高度压缩两两组合,MINI,Cooper/Cooper,Cooper,/,/,无可用尺码,2002-2024/2024,Hatchback/Hatchback,Incl: 2dr/2dr S/2dr SE/4dr/4dr S,,,2002-2024,Hatchback,Incl: 2dr/2dr S/2dr SE/4dr/4dr S,success,
非皮卡,高度压缩两两组合,MINI,Cooper/Cooper,Cooper,/,/,无可用尺码,2002-2024/2025-2026,Hatchback/Hatchback,Incl: 2dr/2dr S/2dr SE/4dr/4dr S/2dr,,,2002-2026,Hatchback,Incl: 2dr/2dr S/2dr SE/4dr/4dr S,success,
非皮卡,高度压缩两两组合,MINI,Countryman/Countryman,Countryman,/,/,无可用尺码,2011-2015/2016,SUV/SUV,/JCW,,,2011-2016,SUV,Incl: JCW,success,
非皮卡,高度压缩两两组合,MINI,Countryman/Countryman,Countryman,/,/,无可用尺码,2011-2016/2017-2026,SUV/SUV,Incl: JCW/,,,2011-2026,SUV,Incl: JCW,success,
非皮卡,高度压缩两两组合,MINI,Hardtop/Hardtop,Hardtop,/,/,无可用尺码,2002-2024/2015-2024,Hatchback/Hatchback,2dr/4dr,,,2002-2024,Hatchback,2dr/4dr,success,
非皮卡,高度压缩两两组合,MINI,Hatchback/Hatchback,Hatchback,/,/,无可用尺码,2002-2024/2015-2024,Hatchback/Hatchback,2dr/4dr,,,2002-2024,Hatchback,2dr/4dr,success,
非皮卡,高度压缩两两组合,MINI,Hatchback/Hatchback,Hatchback,/,/,无可用尺码,2002-2024/2020-2024,Hatchback/Hatchback,2dr/4dr/2dr Cooper SE,,,2002-2024,Hatchback,2dr/2dr Cooper SE/4dr,success,
非皮卡,高度压缩两两组合,MINI,Paceman/Paceman,Paceman,/,/,无可用尺码,2013-2015/2016,SUV/Crossover,/JCW ALL4,,,2013-2016,Crossover/SUV,Incl: JCW ALL4,success,
非皮卡,高度压缩两两组合,MINI,Roadster/Roadster,Roadster,/,/,无可用尺码,2012-2014/2015,Convertible/Convertible,/JCW,,,2012-2015,Convertible,Incl: JCW,success,
非皮卡,高度压缩两两组合,Maserati,GranTurismo/GranTurismo,GranTurismo,/,/,无可用尺码,2008-2018/2019,Coupe/Convertible,/,,,2008-2019,Convertible/Coupe,,success,
非皮卡,高度压缩两两组合,Maserati,GranTurismo/GranTurismo,GranTurismo,/,/,无可用尺码,2008-2019/2024-2026,Convertible/Coupe/Coupe,/,,,2008-2026,Convertible/Coupe,,success,
非皮卡,高度压缩两两组合,Maserati,MC20/MC20,MC20,/,/,无可用尺码,2022-2025/2023-2025,Coupe/Convertible,/Cielo,,,2022-2025,Convertible/Coupe,Incl: Cielo,success,
非皮卡,高度压缩两两组合,Mazda,3/3,3,/,/,无可用尺码,2004-2026/2004-2026,Hatchback/Sedan,/,,,2004-2026,Hatchback/Sedan,,success,
非皮卡,高度压缩两两组合,Mazda,6/6,6,/,/,无可用尺码,2003-2008/2004-2007,Hatchback/Wagon,/,,,2003-2008,Hatchback/Wagon,,success,
非皮卡,高度压缩两两组合,Mazda,6/6,6,/,/,无可用尺码,2003-2008/2009-2021,Hatchback/Wagon/Sedan,/,,,2003-2021,Hatchback/Sedan/Wagon,,success,
非皮卡,高度压缩两两组合,Mazda,MX-5/MX-5,MX-5,/,/,无可用尺码,1990-1997/1999-2026,Coupe/Coupe,/,,,1990-2026,Coupe,,success,
非皮卡,高度压缩两两组合,Mazda,MX-5/MX-5,MX-5,/,/,无可用尺码,1990-2026/2017-2026,Coupe/Convertible,/RF,,,1990-2026,Convertible/Coupe,Incl: RF,success,
非皮卡,高度压缩两两组合,Mazda,Miata/Miata,Miata,/,/,无可用尺码,1990-1997/1999-2015,Coupe/Coupe,/,,,1990-2015,Coupe,,success,
非皮卡,高度压缩两两组合,Mazda,Miata/Miata,Miata,/,/,无可用尺码,1990-2015/2016-2026,Coupe/Convertible,/soft top,,,1990-2026,Convertible/Coupe,Incl: soft top,success,
非皮卡,高度压缩两两组合,Mazda,Miata/Miata,Miata,/,/,无可用尺码,1990-2026/2017-2026,Convertible/Coupe/Convertible,Incl: soft top/RF,,,1990-2026,Convertible/Coupe,Incl: RF/soft top,success,
非皮卡,高度压缩两两组合,Mazda,Protege/Protege,Protege,/,/,无可用尺码,1990-2003/2002-2003,Sedan/Hatchback,/Protege5,,,1990-2003,Hatchback/Sedan,Incl: Protege5,success,
非皮卡,高度压缩两两组合,Mazda,RX-7/RX-7,RX-7,/,/,无可用尺码,1979-1985/1986-1991,Coupe/Convertible,/,,,1979-1991,Convertible/Coupe,,success,
非皮卡,高度压缩两两组合,Mazda,RX-7/RX-7,RX-7,/,/,无可用尺码,1979-1991/1993-1995,Convertible/Coupe/Coupe,/,,,1979-1995,Convertible/Coupe,,success,
非皮卡,高度压缩两两组合,Mazda,Tribute/Tribute,Tribute,/,/,无可用尺码,2001-2006/2008-2011,SUV/SUV,/,,,2001-2011,SUV,,success,
非皮卡,高度压缩两两组合,Mercedes-Benz,A-Class/A-Class,A-Class,/,/,无可用尺码,2019-2022/2020-2021,Sedan/Sedan,/AMG,,,2019-2022,Sedan,Incl: AMG,success,
非皮卡,高度压缩两两组合,Mercedes-Benz,C-Class/C-Class,C-Class,/,/,无可用尺码,1994-2026/1995-2000,Sedan/Sedan,/AMG,,,1994-2026,Sedan,Incl: AMG,fallback,Mercedes-Benz C-Class 2002 Sedan 原子事实对应多条候选记录
非皮卡,高度压缩两两组合,Mercedes-Benz,C-Class/C-Class,C-Class,/,/,无可用尺码,1994-2026/2002-2005,Sedan/Hatchback,/SportCoupe,,,1994-2026,Hatchback/Sedan,Incl: SportCoupe,success,
非皮卡,高度压缩两两组合,Mercedes-Benz,C-Class/C-Class,C-Class,/,/,无可用尺码,1994-2026/1995-2000,Hatchback/Sedan/Sedan,Incl: SportCoupe/AMG,,,1994-2026,Hatchback/Sedan,Incl: AMG/SportCoupe,fallback,Mercedes-Benz C-Class 2002 Sedan 原子事实对应多条候选记录
非皮卡,高度压缩两两组合,Mercedes-Benz,C-Class/C-Class,C-Class,/,/,无可用尺码,1994-2026/2002-2005,Hatchback/Sedan/Wagon,Incl: SportCoupe/,,,1994-2026,Hatchback/Sedan/Wagon,Incl: SportCoupe,success,
非皮卡,高度压缩两两组合,Mercedes-Benz,C-Class/C-Class,C-Class,/,/,无可用尺码,1994-2026/1995-2000,Hatchback/Sedan/Wagon/Sedan,Incl: SportCoupe/AMG,,,1994-2026,Hatchback/Sedan/Wagon,Incl: AMG/SportCoupe,fallback,Mercedes-Benz C-Class 2002 Sedan 原子事实对应多条候选记录
非皮卡,高度压缩两两组合,Mercedes-Benz,C-Class/C-Class,C-Class,/,/,无可用尺码,1994-2026/2002-2006,Hatchback/Sedan/Wagon/Sedan,Incl: SportCoupe/AMG,,,1994-2026,Hatchback/Sedan/Wagon,Incl: AMG/SportCoupe,fallback,Mercedes-Benz C-Class 1995 Sedan 原子事实对应多条候选记录
非皮卡,高度压缩两两组合,Mercedes-Benz,C-Class/C-Class,C-Class,/,/,无可用尺码,1994-2026/2008-2014,Hatchback/Sedan/Wagon/Sedan,Incl: SportCoupe/AMG,,,1994-2026,Hatchback/Sedan/Wagon,Incl: AMG/SportCoupe,fallback,Mercedes-Benz C-Class 1995 Sedan 原子事实对应多条候选记录
非皮卡,高度压缩两两组合,Mercedes-Benz,C-Class/C-Class,C-Class,/,/,无可用尺码,1994-2026/2012-2015,Hatchback/Sedan/Wagon/Coupe,Incl: SportCoupe/AMG,,,1994-2026,Coupe/Hatchback/Sedan/Wagon,Incl: AMG/SportCoupe,fallback,Mercedes-Benz C-Class 1995 Sedan 原子事实对应多条候选记录
非皮卡,高度压缩两两组合,Mercedes-Benz,C-Class/C-Class,C-Class,/,/,无可用尺码,1994-2026/2012-2023,Hatchback/Sedan/Wagon/Coupe,Incl: SportCoupe/,,,1994-2026,Coupe/Hatchback/Sedan/Wagon,Incl: SportCoupe,success,
非皮卡,高度压缩两两组合,Mercedes-Benz,C-Class/C-Class,C-Class,/,/,无可用尺码,1994-2026/1995-2000,Coupe/Hatchback/Sedan/Wagon/Sedan,Incl: SportCoupe/AMG,,,1994-2026,Coupe/Hatchback/Sedan/Wagon,Incl: AMG/SportCoupe,fallback,Mercedes-Benz C-Class 2002 Sedan 原子事实对应多条候选记录
非皮卡,高度压缩两两组合,Mercedes-Benz,C-Class/C-Class,C-Class,/,/,无可用尺码,1994-2026/2002-2006,Coupe/Hatchback/Sedan/Wagon/Sedan,Incl: SportCoupe/AMG,,,1994-2026,Coupe/Hatchback/Sedan/Wagon,Incl: AMG/SportCoupe,fallback,Mercedes-Benz C-Class 1995 Sedan 原子事实对应多条候选记录
非皮卡,高度压缩两两组合,Mercedes-Benz,C-Class/C-Class,C-Class,/,/,无可用尺码,1994-2026/2008-2014,Coupe/Hatchback/Sedan/Wagon/Sedan,Incl: SportCoupe/AMG,,,1994-2026,Coupe/Hatchback/Sedan/Wagon,Incl: AMG/SportCoupe,fallback,Mercedes-Benz C-Class 1995 Sedan 原子事实对应多条候选记录
非皮卡,高度压缩两两组合,Mercedes-Benz,C-Class/C-Class,C-Class,/,/,无可用尺码,1994-2026/2012-2015,Coupe/Hatchback/Sedan/Wagon/Coupe,Incl: SportCoupe/AMG,,,1994-2026,Coupe/Hatchback/Sedan/Wagon,Incl: AMG/SportCoupe,fallback,Mercedes-Benz C-Class 1995 Sedan 原子事实对应多条候选记录
非皮卡,高度压缩两两组合,Mercedes-Benz,C-Class/C-Class,C-Class,/,/,无可用尺码,1994-2026/2015,Coupe/Hatchback/Sedan/Wagon/Sedan,Incl: SportCoupe/PHEV,,,1994-2026,Coupe/Hatchback/Sedan/Wagon,Incl: PHEV/SportCoupe,success,
非皮卡,高度压缩两两组合,Mercedes-Benz,C-Class/C-Class,C-Class,/,/,无可用尺码,1994-2026/1995-2000,Coupe/Hatchback/Sedan/Wagon/Sedan,Incl: PHEV/SportCoupe/AMG,,,1994-2026,Coupe/Hatchback/Sedan/Wagon,Incl: AMG/PHEV/SportCoupe,fallback,Mercedes-Benz C-Class 2002 Sedan 原子事实对应多条候选记录
非皮卡,高度压缩两两组合,Mercedes-Benz,C-Class/C-Class,C-Class,/,/,无可用尺码,1994-2026/2002-2006,Coupe/Hatchback/Sedan/Wagon/Sedan,Incl: PHEV/SportCoupe/AMG,,,1994-2026,Coupe/Hatchback/Sedan/Wagon,Incl: AMG/PHEV/SportCoupe,fallback,Mercedes-Benz C-Class 1995 Sedan 原子事实对应多条候选记录
非皮卡,高度压缩两两组合,Mercedes-Benz,C-Class/C-Class,C-Class,/,/,无可用尺码,1994-2026/2008-2014,Coupe/Hatchback/Sedan/Wagon/Sedan,Incl: PHEV/SportCoupe/AMG,,,1994-2026,Coupe/Hatchback/Sedan/Wagon,Incl: AMG/PHEV/SportCoupe,fallback,Mercedes-Benz C-Class 1995 Sedan 原子事实对应多条候选记录
非皮卡,高度压缩两两组合,Mercedes-Benz,C-Class/C-Class,C-Class,/,/,无可用尺码,1994-2026/2012-2015,Coupe/Hatchback/Sedan/Wagon/Coupe,Incl: PHEV/SportCoupe/AMG,,,1994-2026,Coupe/Hatchback/Sedan/Wagon,Incl: AMG/PHEV/SportCoupe,fallback,Mercedes-Benz C-Class 1995 Sedan 原子事实对应多条候选记录
非皮卡,高度压缩两两组合,Mercedes-Benz,C-Class/C-Class,C-Class,/,/,无可用尺码,1994-2026/2016-2021,Coupe/Hatchback/Sedan/Wagon/Sedan,Incl: PHEV/SportCoupe/AMG,,,1994-2026,Coupe/Hatchback/Sedan/Wagon,Incl: AMG/PHEV/SportCoupe,fallback,Mercedes-Benz C-Class 1995 Sedan 原子事实对应多条候选记录
非皮卡,高度压缩两两组合,Mercedes-Benz,C-Class/C-Class,C-Class,/,/,无可用尺码,1994-2026/2017-2023,Coupe/Hatchback/Sedan/Wagon/Convertible,Incl: PHEV/SportCoupe/,,,1994-2026,Convertible/Coupe/Hatchback/Sedan/Wagon,Incl: PHEV/SportCoupe,success,
非皮卡,高度压缩两两组合,Mercedes-Benz,C-Class/C-Class,C-Class,/,/,无可用尺码,1994-2026/1995-2000,Convertible/Coupe/Hatchback/Sedan/Wagon/Sedan,Incl: PHEV/SportCoupe/AMG,,,1994-2026,Convertible/Coupe/Hatchback/Sedan/Wagon,Incl: AMG/PHEV/SportCoupe,fallback,Mercedes-Benz C-Class 2002 Sedan 原子事实对应多条候选记录
非皮卡,高度压缩两两组合,Mercedes-Benz,C-Class/C-Class,C-Class,/,/,无可用尺码,1994-2026/2002-2006,Convertible/Coupe/Hatchback/Sedan/Wagon/Sedan,Incl: PHEV/SportCoupe/AMG,,,1994-2026,Convertible/Coupe/Hatchback/Sedan/Wagon,Incl: AMG/PHEV/SportCoupe,fallback,Mercedes-Benz C-Class 1995 Sedan 原子事实对应多条候选记录
非皮卡,高度压缩两两组合,Mercedes-Benz,C-Class/C-Class,C-Class,/,/,无可用尺码,1994-2026/2008-2014,Convertible/Coupe/Hatchback/Sedan/Wagon/Sedan,Incl: PHEV/SportCoupe/AMG,,,1994-2026,Convertible/Coupe/Hatchback/Sedan/Wagon,Incl: AMG/PHEV/SportCoupe,fallback,Mercedes-Benz C-Class 1995 Sedan 原子事实对应多条候选记录
非皮卡,高度压缩两两组合,Mercedes-Benz,C-Class/C-Class,C-Class,/,/,无可用尺码,1994-2026/2012-2015,Convertible/Coupe/Hatchback/Sedan/Wagon/Coupe,Incl: PHEV/SportCoupe/AMG,,,1994-2026,Convertible/Coupe/Hatchback/Sedan/Wagon,Incl: AMG/PHEV/SportCoupe,fallback,Mercedes-Benz C-Class 1995 Sedan 原子事实对应多条候选记录
非皮卡,高度压缩两两组合,Mercedes-Benz,C-Class/C-Class,C-Class,/,/,无可用尺码,1994-2026/2016-2021,Convertible/Coupe/Hatchback/Sedan/Wagon/Sedan,Incl: PHEV/SportCoupe/AMG,,,1994-2026,Convertible/Coupe/Hatchback/Sedan/Wagon,Incl: AMG/PHEV/SportCoupe,fallback,Mercedes-Benz C-Class 1995 Sedan 原子事实对应多条候选记录
非皮卡,高度压缩两两组合,Mercedes-Benz,C-Class/C-Class,C-Class,/,/,无可用尺码,1994-2026/2023-2026,Convertible/Coupe/Hatchback/Sedan/Wagon/Sedan,Incl: PHEV/SportCoupe/AMG,,,1994-2026,Convertible/Coupe/Hatchback/Sedan/Wagon,Incl: AMG/PHEV/SportCoupe,fallback,Mercedes-Benz C-Class 1995 Sedan 原子事实对应多条候选记录
非皮卡,高度压缩两两组合,Mercedes-Benz,C-Class/C-Class,C-Class,/,/,无可用尺码,1995-2000/2002-2006,Sedan/Sedan,AMG/AMG,,,1995-2006,Sedan,AMG,success,
非皮卡,高度压缩两两组合,Mercedes-Benz,C-Class/C-Class,C-Class,/,/,无可用尺码,1994-2026/1995-2006,Convertible/Coupe/Hatchback/Sedan/Wagon/Sedan,Incl: PHEV/SportCoupe/AMG,,,1994-2026,Convertible/Coupe/Hatchback/Sedan/Wagon,Incl: AMG/PHEV/SportCoupe,fallback,Mercedes-Benz C-Class 2008 Sedan 原子事实对应多条候选记录
非皮卡,高度压缩两两组合,Mercedes-Benz,C-Class/C-Class,C-Class,/,/,无可用尺码,1994-2026/2008-2014,Convertible/Coupe/Hatchback/Sedan/Wagon/Sedan,Incl: PHEV/SportCoupe/AMG,,,1994-2026,Convertible/Coupe/Hatchback/Sedan/Wagon,Incl: AMG/PHEV/SportCoupe,fallback,Mercedes-Benz C-Class 1995 Sedan 原子事实对应多条候选记录
非皮卡,高度压缩两两组合,Mercedes-Benz,C-Class/C-Class,C-Class,/,/,无可用尺码,1994-2026/2012-2015,Convertible/Coupe/Hatchback/Sedan/Wagon/Coupe,Incl: PHEV/SportCoupe/AMG,,,1994-2026,Convertible/Coupe/Hatchback/Sedan/Wagon,Incl: AMG/PHEV/SportCoupe,fallback,Mercedes-Benz C-Class 1995 Sedan 原子事实对应多条候选记录
非皮卡,高度压缩两两组合,Mercedes-Benz,C-Class/C-Class,C-Class,/,/,无可用尺码,1994-2026/2016-2021,Convertible/Coupe/Hatchback/Sedan/Wagon/Sedan,Incl: PHEV/SportCoupe/AMG,,,1994-2026,Convertible/Coupe/Hatchback/Sedan/Wagon,Incl: AMG/PHEV/SportCoupe,fallback,Mercedes-Benz C-Class 1995 Sedan 原子事实对应多条候选记录
非皮卡,高度压缩两两组合,Mercedes-Benz,C-Class/C-Class,C-Class,/,/,无可用尺码,1994-2026/2023-2026,Convertible/Coupe/Hatchback/Sedan/Wagon/Sedan,Incl: PHEV/SportCoupe/AMG,,,1994-2026,Convertible/Coupe/Hatchback/Sedan/Wagon,Incl: AMG/PHEV/SportCoupe,fallback,Mercedes-Benz C-Class 1995 Sedan 原子事实对应多条候选记录
非皮卡,高度压缩两两组合,Mercedes-Benz,C-Class/C-Class,C-Class,/,/,无可用尺码,1995-2006/2008-2014,Sedan/Sedan,AMG/AMG,,,1995-2014,Sedan,AMG,success,
非皮卡,高度压缩两两组合,Mercedes-Benz,C-Class/C-Class,C-Class,/,/,无可用尺码,1994-2026/1995-2014,Convertible/Coupe/Hatchback/Sedan/Wagon/Sedan,Incl: PHEV/SportCoupe/AMG,,,1994-2026,Convertible/Coupe/Hatchback/Sedan/Wagon,Incl: AMG/PHEV/SportCoupe,fallback,Mercedes-Benz C-Class 2012 Coupe 原子事实对应多条候选记录
非皮卡,高度压缩两两组合,Mercedes-Benz,C-Class/C-Class,C-Class,/,/,无可用尺码,1994-2026/2012-2015,Convertible/Coupe/Hatchback/Sedan/Wagon/Coupe,Incl: PHEV/SportCoupe/AMG,,,1994-2026,Convertible/Coupe/Hatchback/Sedan/Wagon,Incl: AMG/PHEV/SportCoupe,fallback,Mercedes-Benz C-Class 1995 Sedan 原子事实对应多条候选记录
非皮卡,高度压缩两两组合,Mercedes-Benz,C-Class/C-Class,C-Class,/,/,无可用尺码,1994-2026/2016-2021,Convertible/Coupe/Hatchback/Sedan/Wagon/Sedan,Incl: PHEV/SportCoupe/AMG,,,1994-2026,Convertible/Coupe/Hatchback/Sedan/Wagon,Incl: AMG/PHEV/SportCoupe,fallback,Mercedes-Benz C-Class 1995 Sedan 原子事实对应多条候选记录
非皮卡,高度压缩两两组合,Mercedes-Benz,C-Class/C-Class,C-Class,/,/,无可用尺码,1994-2026/2023-2026,Convertible/Coupe/Hatchback/Sedan/Wagon/Sedan,Incl: PHEV/SportCoupe/AMG,,,1994-2026,Convertible/Coupe/Hatchback/Sedan/Wagon,Incl: AMG/PHEV/SportCoupe,fallback,Mercedes-Benz C-Class 1995 Sedan 原子事实对应多条候选记录
非皮卡,高度压缩两两组合,Mercedes-Benz,C-Class/C-Class,C-Class,/,/,无可用尺码,1995-2014/2012-2015,Sedan/Coupe,AMG/AMG,,,1995-2015,Coupe/Sedan,AMG,success,
非皮卡,高度压缩两两组合,Mercedes-Benz,C-Class/C-Class,C-Class,/,/,无可用尺码,1994-2026/1995-2015,Convertible/Coupe/Hatchback/Sedan/Wagon/Coupe/Sedan,Incl: PHEV/SportCoupe/AMG,,,1994-2026,Convertible/Coupe/Hatchback/Sedan/Wagon,Incl: AMG/PHEV/SportCoupe,fallback,Mercedes-Benz C-Class 2016 Sedan 原子事实对应多条候选记录
非皮卡,高度压缩两两组合,Mercedes-Benz,C-Class/C-Class,C-Class,/,/,无可用尺码,1994-2026/2016-2021,Convertible/Coupe/Hatchback/Sedan/Wagon/Sedan,Incl: PHEV/SportCoupe/AMG,,,1994-2026,Convertible/Coupe/Hatchback/Sedan/Wagon,Incl: AMG/PHEV/SportCoupe,fallback,Mercedes-Benz C-Class 1995 Sedan 原子事实对应多条候选记录
非皮卡,高度压缩两两组合,Mercedes-Benz,C-Class/C-Class,C-Class,/,/,无可用尺码,1994-2026/2023-2026,Convertible/Coupe/Hatchback/Sedan/Wagon/Sedan,Incl: PHEV/SportCoupe/AMG,,,1994-2026,Convertible/Coupe/Hatchback/Sedan/Wagon,Incl: AMG/PHEV/SportCoupe,fallback,Mercedes-Benz C-Class 1995 Sedan 原子事实对应多条候选记录
非皮卡,高度压缩两两组合,Mercedes-Benz,C-Class/C-Class,C-Class,/,/,无可用尺码,1995-2015/2016-2021,Coupe/Sedan/Sedan,AMG/AMG,,,1995-2021,Coupe/Sedan,AMG,success,
非皮卡,高度压缩两两组合,Mercedes-Benz,C-Class/C-Class,C-Class,/,/,无可用尺码,1994-2026/1995-2021,Convertible/Coupe/Hatchback/Sedan/Wagon/Coupe/Sedan,Incl: PHEV/SportCoupe/AMG,,,1994-2026,Convertible/Coupe/Hatchback/Sedan/Wagon,Incl: AMG/PHEV/SportCoupe,fallback,Mercedes-Benz C-Class 2023 Sedan 原子事实对应多条候选记录
非皮卡,高度压缩两两组合,Mercedes-Benz,C-Class/C-Class,C-Class,/,/,无可用尺码,1994-2026/2023-2026,Convertible/Coupe/Hatchback/Sedan/Wagon/Sedan,Incl: PHEV/SportCoupe/AMG,,,1994-2026,Convertible/Coupe/Hatchback/Sedan/Wagon,Incl: AMG/PHEV/SportCoupe,fallback,Mercedes-Benz C-Class 1995 Sedan 原子事实对应多条候选记录
非皮卡,高度压缩两两组合,Mercedes-Benz,C-Class/C-Class,C-Class,/,/,无可用尺码,1995-2021/2023-2026,Coupe/Sedan/Sedan,AMG/AMG,,,1995-2026,Coupe/Sedan,AMG,success,
非皮卡,高度压缩两两组合,Mercedes-Benz,C-Class/C-Class,C-Class,/,/,无可用尺码,1994-2026/1995-2026,Convertible/Coupe/Hatchback/Sedan/Wagon/Coupe/Sedan,Incl: PHEV/SportCoupe/AMG,,,1994-2026,Convertible/Coupe/Hatchback/Sedan/Wagon,Incl: AMG/PHEV/SportCoupe,success,
非皮卡,高度压缩两两组合,Mercedes-Benz,CL-Class/CL-Class,CL-Class,/,/,无可用尺码,1998-2014/2008-2009,Coupe/Coupe,/AMG,,,1998-2014,Coupe,Incl: AMG,fallback,Mercedes-Benz CL-Class 2012 Coupe 原子事实对应多条候选记录
非皮卡,高度压缩两两组合,Mercedes-Benz,CL-Class/CL-Class,CL-Class,/,/,无可用尺码,1998-2014/2012-2013,Coupe/Coupe,/AMG,,,1998-2014,Coupe,Incl: AMG,fallback,Mercedes-Benz CL-Class 2008 Coupe 原子事实对应多条候选记录
非皮卡,高度压缩两两组合,Mercedes-Benz,CL-Class/CL-Class,CL-Class,/,/,无可用尺码,2008-2009/2012-2013,Coupe/Coupe,AMG/AMG,,,2008-2013,Coupe,AMG,success,
非皮卡,高度压缩两两组合,Mercedes-Benz,CL-Class/CL-Class,CL-Class,/,/,无可用尺码,1998-2014/2008-2013,Coupe/Coupe,/AMG,,,1998-2014,Coupe,Incl: AMG,success,
非皮卡,高度压缩两两组合,Mercedes-Benz,CLA-Class/CLA-Class,CLA-Class,/,/,无可用尺码,2014-2026/2014-2027,Sedan/Sedan,AMG/,,,2014-2027,Sedan,Incl: AMG,success,
非皮卡,高度压缩两两组合,Mercedes-Benz,CLK-Class/CLK-Class,CLK-Class,/,/,无可用尺码,1998-2003/1999-2009,Coupe/Convertible,/,,,1998-2009,Convertible/Coupe,,fallback,Mercedes-Benz CLK-Class 2006 Coupe 原子事实对应多条候选记录
非皮卡,高度压缩两两组合,Mercedes-Benz,CLK-Class/CLK-Class,CLK-Class,/,/,无可用尺码,1998-2003/2006-2009,Coupe/Coupe,/,,,1998-2009,Coupe,,success,
非皮卡,高度压缩两两组合,Mercedes-Benz,CLK-Class/CLK-Class,CLK-Class,/,/,无可用尺码,1998-2009/1999-2009,Coupe/Convertible,/,,,1998-2009,Convertible/Coupe,,success,
非皮卡,高度压缩两两组合,Mercedes-Benz,CLS-Class/CLS-Class,CLS-Class,/,/,无可用尺码,2006-2011/2006-2018,Sedan/Sedan,AMG/4dr coupe,,,2006-2018,Sedan,4dr coupe/AMG,fallback,Mercedes-Benz CLS-Class 2012 Sedan 原子事实对应多条候选记录
非皮卡,高度压缩两两组合,Mercedes-Benz,CLS-Class/CLS-Class,CLS-Class,/,/,4XL,2012-2021/2019-2023,Sedan/Sedan,AMG/4dr coupe,,,2012-2023,Sedan,4dr coupe/AMG,fallback,Mercedes-Benz CLS-Class 2012 Sedan 原子事实对应多条候选记录
非皮卡,高度压缩两两组合,Mercedes-Benz,E-Class/E-Class,E-Class,/,/,无可用尺码,1994-1995/1994-1995,Convertible/Coupe,/,,,1994-1995,Convertible/Coupe,,success,
非皮卡,高度压缩两两组合,Mercedes-Benz,E-Class/E-Class,E-Class,/,/,无可用尺码,1994-1995/1994-1995,Convertible/Coupe/Wagon,/,,,1994-1995,Convertible/Coupe/Wagon,,success,
非皮卡,高度压缩两两组合,Mercedes-Benz,E-Class/E-Class,E-Class,/,/,无可用尺码,1994-1995/1994-2023,Convertible/Coupe/Wagon/Sedan,/,,,1994-2023,Convertible/Coupe/Sedan/Wagon,,fallback,Mercedes-Benz E-Class 1998 Wagon 原子事实对应多条候选记录
非皮卡,高度压缩两两组合,Mercedes-Benz,E-Class/E-Class,E-Class,/,/,无可用尺码,1994-1995/1998-2009,Convertible/Coupe/Wagon/Wagon,/,,,1994-2009,Convertible/Coupe/Wagon,,success,
非皮卡,高度压缩两两组合,Mercedes-Benz,E-Class/E-Class,E-Class,/,/,无可用尺码,1994-2009/1994-2023,Convertible/Coupe/Wagon/Sedan,/,,,1994-2023,Convertible/Coupe/Sedan/Wagon,,fallback,Mercedes-Benz E-Class 2010 Coupe 原子事实对应多条候选记录
非皮卡,高度压缩两两组合,Mercedes-Benz,E-Class/E-Class,E-Class,/,/,无可用尺码,1994-2009/1999-2018,Convertible/Coupe/Wagon/Sedan,/AMG,,,1994-2018,Convertible/Coupe/Sedan/Wagon,Incl: AMG,fallback,Mercedes-Benz E-Class 1994 Sedan 原子事实对应多条候选记录
非皮卡,高度压缩两两组合,Mercedes-Benz,E-Class/E-Class,E-Class,/,/,无可用尺码,1994-2009/2010-2023,Convertible/Coupe/Wagon/Coupe,/,,,1994-2023,Convertible/Coupe/Wagon,,fallback,Mercedes-Benz E-Class 2011 Convertible 原子事实对应多条候选记录
非皮卡,高度压缩两两组合,Mercedes-Benz,E-Class/E-Class,E-Class,/,/,无可用尺码,1994-2009/2011-2017,Convertible/Coupe/Wagon/Convertible,/Cabriolet,,,1994-2017,Convertible/Coupe/Wagon,Incl: Cabriolet,fallback,Mercedes-Benz E-Class 2010 Coupe 原子事实对应多条候选记录
非皮卡,高度压缩两两组合,Mercedes-Benz,E-Class/E-Class,E-Class,/,/,无可用尺码,1994-2009/2011-2020,Convertible/Coupe/Wagon/Wagon,/,,,1994-2020,Convertible/Coupe/Wagon,,fallback,Mercedes-Benz E-Class 2010 Coupe 原子事实对应多条候选记录
非皮卡,高度压缩两两组合,Mercedes-Benz,E-Class/E-Class,E-Class,/,/,无可用尺码,1994-2009/2011-2023,Convertible/Coupe/Wagon/Convertible,/,,,1994-2023,Convertible/Coupe/Wagon,,fallback,Mercedes-Benz E-Class 2010 Coupe 原子事实对应多条候选记录
非皮卡,高度压缩两两组合,Mercedes-Benz,E-Class/E-Class,E-Class,/,/,无可用尺码,1994-2009/2021-2026,Convertible/Coupe/Wagon/Wagon,/All-Terrain,,,1994-2026,Convertible/Coupe/Wagon,Incl: All-Terrain,fallback,Mercedes-Benz E-Class 2010 Coupe 原子事实对应多条候选记录
非皮卡,高度压缩两两组合,Mercedes-Benz,E-Class/E-Class,E-Class,/,/,无可用尺码,1994-2009/2026,Convertible/Coupe/Wagon/Wagon,/,,,1994-2026,Convertible/Coupe/Wagon,,fallback,Mercedes-Benz E-Class 2010 Coupe 原子事实对应多条候选记录
非皮卡,高度压缩两两组合,Mercedes-Benz,E-Class/E-Class,E-Class,/,/,无可用尺码,1994-2023/1999-2018,Sedan/Sedan,/AMG,,,1994-2023,Sedan,Incl: AMG,fallback,Mercedes-Benz E-Class 2019 Sedan 原子事实对应多条候选记录
非皮卡,高度压缩两两组合,Mercedes-Benz,E-Class/E-Class,E-Class,/,/,无可用尺码,1994-2023/2010-2023,Sedan/Coupe,/,,,1994-2023,Coupe/Sedan,,fallback,Mercedes-Benz E-Class 1994 Coupe 原子事实对应多条候选记录
非皮卡,高度压缩两两组合,Mercedes-Benz,E-Class/E-Class,E-Class,/,/,无可用尺码,1994-2023/2011-2017,Sedan/Convertible,/Cabriolet,,,1994-2023,Convertible/Sedan,Incl: Cabriolet,fallback,Mercedes-Benz E-Class 1994 Convertible 原子事实对应多条候选记录
非皮卡,高度压缩两两组合,Mercedes-Benz,E-Class/E-Class,E-Class,/,/,无可用尺码,1994-2023/2011-2020,Sedan/Wagon,/,,,1994-2023,Sedan/Wagon,,fallback,Mercedes-Benz E-Class 1994 Wagon 原子事实对应多条候选记录
非皮卡,高度压缩两两组合,Mercedes-Benz,E-Class/E-Class,E-Class,/,/,无可用尺码,1994-2023/2011-2023,Sedan/Convertible,/,,,1994-2023,Convertible/Sedan,,fallback,Mercedes-Benz E-Class 1994 Convertible 原子事实对应多条候选记录
非皮卡,高度压缩两两组合,Mercedes-Benz,E-Class/E-Class,E-Class,/,/,无可用尺码,1994-2023/2021-2026,Sedan/Wagon,/All-Terrain,,,1994-2026,Sedan/Wagon,Incl: All-Terrain,fallback,Mercedes-Benz E-Class 1994 Wagon 原子事实对应多条候选记录
非皮卡,高度压缩两两组合,Mercedes-Benz,E-Class/E-Class,E-Class,/,/,无可用尺码,1994-2023/2026,Sedan/Wagon,/,,,1994-2026,Sedan/Wagon,,fallback,Mercedes-Benz E-Class 1994 Wagon 原子事实对应多条候选记录
非皮卡,高度压缩两两组合,Mercedes-Benz,E-Class/E-Class,E-Class,/,/,无可用尺码,1999-2018/2010-2023,Sedan/Coupe,AMG/,,,1999-2023,Coupe/Sedan,Incl: AMG,fallback,Mercedes-Benz E-Class 1999 Sedan 原子事实对应多条候选记录
非皮卡,高度压缩两两组合,Mercedes-Benz,E-Class/E-Class,E-Class,/,/,无可用尺码,1999-2018/2011-2017,Sedan/Convertible,AMG/Cabriolet,,,1999-2018,Convertible/Sedan,AMG/Cabriolet,success,
非皮卡,高度压缩两两组合,Mercedes-Benz,E-Class/E-Class,E-Class,/,/,无可用尺码,1994-2009/1994-2023,Convertible/Coupe/Wagon/Sedan,/,,,1994-2023,Convertible/Coupe/Sedan/Wagon,,fallback,Mercedes-Benz E-Class 2010 Coupe 原子事实对应多条候选记录
非皮卡,高度压缩两两组合,Mercedes-Benz,E-Class/E-Class,E-Class,/,/,无可用尺码,1994-2009/1999-2018,Convertible/Coupe/Wagon/Convertible/Sedan,/AMG/Cabriolet,,,1994-2018,Convertible/Coupe/Sedan/Wagon,Incl: AMG/Cabriolet,fallback,Mercedes-Benz E-Class 1994 Sedan 原子事实对应多条候选记录
非皮卡,高度压缩两两组合,Mercedes-Benz,E-Class/E-Class,E-Class,/,/,无可用尺码,1994-2009/2010-2023,Convertible/Coupe/Wagon/Coupe,/,,,1994-2023,Convertible/Coupe/Wagon,,fallback,Mercedes-Benz E-Class 2011 Convertible 原子事实对应多条候选记录
非皮卡,高度压缩两两组合,Mercedes-Benz,E-Class/E-Class,E-Class,/,/,无可用尺码,1994-2009/2011-2020,Convertible/Coupe/Wagon/Wagon,/,,,1994-2020,Convertible/Coupe/Wagon,,fallback,Mercedes-Benz E-Class 2010 Coupe 原子事实对应多条候选记录
非皮卡,高度压缩两两组合,Mercedes-Benz,E-Class/E-Class,E-Class,/,/,无可用尺码,1994-2009/2011-2023,Convertible/Coupe/Wagon/Convertible,/,,,1994-2023,Convertible/Coupe/Wagon,,fallback,Mercedes-Benz E-Class 2010 Coupe 原子事实对应多条候选记录
非皮卡,高度压缩两两组合,Mercedes-Benz,E-Class/E-Class,E-Class,/,/,无可用尺码,1994-2009/2021-2026,Convertible/Coupe/Wagon/Wagon,/All-Terrain,,,1994-2026,Convertible/Coupe/Wagon,Incl: All-Terrain,fallback,Mercedes-Benz E-Class 2010 Coupe 原子事实对应多条候选记录
非皮卡,高度压缩两两组合,Mercedes-Benz,E-Class/E-Class,E-Class,/,/,无可用尺码,1994-2009/2026,Convertible/Coupe/Wagon/Wagon,/,,,1994-2026,Convertible/Coupe/Wagon,,fallback,Mercedes-Benz E-Class 2010 Coupe 原子事实对应多条候选记录
非皮卡,高度压缩两两组合,Mercedes-Benz,E-Class/E-Class,E-Class,/,/,无可用尺码,1994-2023/1999-2018,Sedan/Convertible/Sedan,/AMG/Cabriolet,,,1994-2023,Convertible/Sedan,Incl: AMG/Cabriolet,fallback,Mercedes-Benz E-Class 1994 Convertible 原子事实对应多条候选记录
非皮卡,高度压缩两两组合,Mercedes-Benz,E-Class/E-Class,E-Class,/,/,无可用尺码,1994-2023/2010-2023,Sedan/Coupe,/,,,1994-2023,Coupe/Sedan,,fallback,Mercedes-Benz E-Class 1994 Coupe 原子事实对应多条候选记录
非皮卡,高度压缩两两组合,Mercedes-Benz,E-Class/E-Class,E-Class,/,/,无可用尺码,1994-2023/2011-2020,Sedan/Wagon,/,,,1994-2023,Sedan/Wagon,,fallback,Mercedes-Benz E-Class 1994 Wagon 原子事实对应多条候选记录
非皮卡,高度压缩两两组合,Mercedes-Benz,E-Class/E-Class,E-Class,/,/,无可用尺码,1994-2023/2011-2023,Sedan/Convertible,/,,,1994-2023,Convertible/Sedan,,fallback,Mercedes-Benz E-Class 1994 Convertible 原子事实对应多条候选记录
非皮卡,高度压缩两两组合,Mercedes-Benz,E-Class/E-Class,E-Class,/,/,无可用尺码,1994-2023/2021-2026,Sedan/Wagon,/All-Terrain,,,1994-2026,Sedan/Wagon,Incl: All-Terrain,fallback,Mercedes-Benz E-Class 1994 Wagon 原子事实对应多条候选记录
非皮卡,高度压缩两两组合,Mercedes-Benz,E-Class/E-Class,E-Class,/,/,无可用尺码,1994-2023/2026,Sedan/Wagon,/,,,1994-2026,Sedan/Wagon,,fallback,Mercedes-Benz E-Class 1994 Wagon 原子事实对应多条候选记录
非皮卡,高度压缩两两组合,Mercedes-Benz,E-Class/E-Class,E-Class,/,/,无可用尺码,1999-2018/2010-2023,Convertible/Sedan/Coupe,AMG/Cabriolet/,,,1999-2023,Convertible/Coupe/Sedan,Incl: AMG/Cabriolet,fallback,Mercedes-Benz E-Class 1999 Sedan 原子事实对应多条候选记录
非皮卡,高度压缩两两组合,Mercedes-Benz,E-Class/E-Class,E-Class,/,/,无可用尺码,1999-2018/2011-2020,Convertible/Sedan/Wagon,AMG/Cabriolet/,,,1999-2020,Convertible/Sedan/Wagon,Incl: AMG/Cabriolet,fallback,Mercedes-Benz E-Class 1999 Sedan 原子事实对应多条候选记录
非皮卡,高度压缩两两组合,Mercedes-Benz,E-Class/E-Class,E-Class,/,/,无可用尺码,1999-2018/2011-2023,Convertible/Sedan/Convertible,AMG/Cabriolet/,,,1999-2023,Convertible/Sedan,Incl: AMG/Cabriolet,fallback,Mercedes-Benz E-Class 1999 Sedan 原子事实对应多条候选记录
非皮卡,高度压缩两两组合,Mercedes-Benz,E-Class/E-Class,E-Class,/,/,无可用尺码,1999-2018/2021-2026,Convertible/Sedan/Wagon,AMG/Cabriolet/All-Terrain,,,1999-2026,Convertible/Sedan/Wagon,All-Terrain/AMG/Cabriolet,fallback,Mercedes-Benz E-Class 2019 Sedan 原子事实对应多条候选记录
非皮卡,高度压缩两两组合,Mercedes-Benz,E-Class/E-Class,E-Class,/,/,无可用尺码,1999-2018/2026,Convertible/Sedan/Wagon,AMG/Cabriolet/,,,1999-2026,Convertible/Sedan/Wagon,Incl: AMG/Cabriolet,fallback,Mercedes-Benz E-Class 1999 Sedan 原子事实对应多条候选记录
非皮卡,高度压缩两两组合,Mercedes-Benz,E-Class/E-Class,E-Class,/,/,无可用尺码,2010-2023/2011-2020,Coupe/Wagon,/,,,2010-2023,Coupe/Wagon,,success,
非皮卡,高度压缩两两组合,Mercedes-Benz,E-Class/E-Class,E-Class,/,/,无可用尺码,1994-2009/1994-2023,Convertible/Coupe/Wagon/Sedan,/,,,1994-2023,Convertible/Coupe/Sedan/Wagon,,fallback,Mercedes-Benz E-Class 2010 Coupe 原子事实对应多条候选记录
非皮卡,高度压缩两两组合,Mercedes-Benz,E-Class/E-Class,E-Class,/,/,无可用尺码,1994-2009/1999-2018,Convertible/Coupe/Wagon/Convertible/Sedan,/AMG/Cabriolet,,,1994-2018,Convertible/Coupe/Sedan/Wagon,Incl: AMG/Cabriolet,fallback,Mercedes-Benz E-Class 1994 Sedan 原子事实对应多条候选记录
非皮卡,高度压缩两两组合,Mercedes-Benz,E-Class/E-Class,E-Class,/,/,无可用尺码,1994-2009/2010-2023,Convertible/Coupe/Wagon/Coupe/Wagon,/,,,1994-2023,Convertible/Coupe/Wagon,,fallback,Mercedes-Benz E-Class 2011 Convertible 原子事实对应多条候选记录
非皮卡,高度压缩两两组合,Mercedes-Benz,E-Class/E-Class,E-Class,/,/,无可用尺码,1994-2009/2011-2023,Convertible/Coupe/Wagon/Convertible,/,,,1994-2023,Convertible/Coupe/Wagon,,fallback,Mercedes-Benz E-Class 2010 Coupe 原子事实对应多条候选记录
非皮卡,高度压缩两两组合,Mercedes-Benz,E-Class/E-Class,E-Class,/,/,无可用尺码,1994-2009/2021-2026,Convertible/Coupe/Wagon/Wagon,/All-Terrain,,,1994-2026,Convertible/Coupe/Wagon,Incl: All-Terrain,fallback,Mercedes-Benz E-Class 2010 Coupe 原子事实对应多条候选记录
非皮卡,高度压缩两两组合,Mercedes-Benz,E-Class/E-Class,E-Class,/,/,无可用尺码,1994-2009/2026,Convertible/Coupe/Wagon/Wagon,/,,,1994-2026,Convertible/Coupe/Wagon,,fallback,Mercedes-Benz E-Class 2010 Coupe 原子事实对应多条候选记录
非皮卡,高度压缩两两组合,Mercedes-Benz,E-Class/E-Class,E-Class,/,/,无可用尺码,1994-2023/1999-2018,Sedan/Convertible/Sedan,/AMG/Cabriolet,,,1994-2023,Convertible/Sedan,Incl: AMG/Cabriolet,fallback,Mercedes-Benz E-Class 1994 Convertible 原子事实对应多条候选记录
非皮卡,高度压缩两两组合,Mercedes-Benz,E-Class/E-Class,E-Class,/,/,无可用尺码,1994-2023/2010-2023,Sedan/Coupe/Wagon,/,,,1994-2023,Coupe/Sedan/Wagon,,fallback,Mercedes-Benz E-Class 1994 Coupe 原子事实对应多条候选记录
非皮卡,高度压缩两两组合,Mercedes-Benz,E-Class/E-Class,E-Class,/,/,无可用尺码,1994-2023/2011-2023,Sedan/Convertible,/,,,1994-2023,Convertible/Sedan,,fallback,Mercedes-Benz E-Class 1994 Convertible 原子事实对应多条候选记录
非皮卡,高度压缩两两组合,Mercedes-Benz,E-Class/E-Class,E-Class,/,/,无可用尺码,1994-2023/2021-2026,Sedan/Wagon,/All-Terrain,,,1994-2026,Sedan/Wagon,Incl: All-Terrain,fallback,Mercedes-Benz E-Class 1994 Wagon 原子事实对应多条候选记录
非皮卡,高度压缩两两组合,Mercedes-Benz,E-Class/E-Class,E-Class,/,/,无可用尺码,1994-2023/2026,Sedan/Wagon,/,,,1994-2026,Sedan/Wagon,,fallback,Mercedes-Benz E-Class 1994 Wagon 原子事实对应多条候选记录
非皮卡,高度压缩两两组合,Mercedes-Benz,E-Class/E-Class,E-Class,/,/,无可用尺码,1999-2018/2010-2023,Convertible/Sedan/Coupe/Wagon,AMG/Cabriolet/,,,1999-2023,Convertible/Coupe/Sedan/Wagon,Incl: AMG/Cabriolet,fallback,Mercedes-Benz E-Class 1999 Sedan 原子事实对应多条候选记录
非皮卡,高度压缩两两组合,Mercedes-Benz,E-Class/E-Class,E-Class,/,/,无可用尺码,1999-2018/2011-2023,Convertible/Sedan/Convertible,AMG/Cabriolet/,,,1999-2023,Convertible/Sedan,Incl: AMG/Cabriolet,fallback,Mercedes-Benz E-Class 1999 Sedan 原子事实对应多条候选记录
非皮卡,高度压缩两两组合,Mercedes-Benz,E-Class/E-Class,E-Class,/,/,无可用尺码,1999-2018/2021-2026,Convertible/Sedan/Wagon,AMG/Cabriolet/All-Terrain,,,1999-2026,Convertible/Sedan/Wagon,All-Terrain/AMG/Cabriolet,fallback,Mercedes-Benz E-Class 2019 Sedan 原子事实对应多条候选记录
非皮卡,高度压缩两两组合,Mercedes-Benz,E-Class/E-Class,E-Class,/,/,无可用尺码,1999-2018/2026,Convertible/Sedan/Wagon,AMG/Cabriolet/,,,1999-2026,Convertible/Sedan/Wagon,Incl: AMG/Cabriolet,fallback,Mercedes-Benz E-Class 1999 Sedan 原子事实对应多条候选记录
非皮卡,高度压缩两两组合,Mercedes-Benz,E-Class/E-Class,E-Class,/,/,无可用尺码,2010-2023/2011-2023,Coupe/Wagon/Convertible,/,,,2010-2023,Convertible/Coupe/Wagon,,success,
非皮卡,高度压缩两两组合,Mercedes-Benz,E-Class/E-Class,E-Class,/,/,无可用尺码,1994-2009/1994-2023,Convertible/Coupe/Wagon/Sedan,/,,,1994-2023,Convertible/Coupe/Sedan/Wagon,,fallback,Mercedes-Benz E-Class 2010 Coupe 原子事实对应多条候选记录
非皮卡,高度压缩两两组合,Mercedes-Benz,E-Class/E-Class,E-Class,/,/,无可用尺码,1994-2009/1999-2018,Convertible/Coupe/Wagon/Convertible/Sedan,/AMG/Cabriolet,,,1994-2018,Convertible/Coupe/Sedan/Wagon,Incl: AMG/Cabriolet,fallback,Mercedes-Benz E-Class 1994 Sedan 原子事实对应多条候选记录
非皮卡,高度压缩两两组合,Mercedes-Benz,E-Class/E-Class,E-Class,/,/,无可用尺码,1994-2009/2010-2023,Convertible/Coupe/Wagon/Convertible/Coupe/Wagon,/,,,1994-2023,Convertible/Coupe/Wagon,,success,
非皮卡,高度压缩两两组合,Mercedes-Benz,E-Class/E-Class,E-Class,/,/,无可用尺码,1994-2023/1994-2023,Convertible/Coupe/Wagon/Sedan,/,,,1994-2023,Convertible/Coupe/Sedan/Wagon,,success,
非皮卡,高度压缩两两组合,Mercedes-Benz,E-Class/E-Class,E-Class,/,/,无可用尺码,1994-2023/1999-2018,Convertible/Coupe/Sedan/Wagon/Convertible/Sedan,/AMG/Cabriolet,,,1994-2023,Convertible/Coupe/Sedan/Wagon,Incl: AMG/Cabriolet,fallback,Mercedes-Benz E-Class 2019 Sedan 原子事实对应多条候选记录
非皮卡,高度压缩两两组合,Mercedes-Benz,E-Class/E-Class,E-Class,/,/,无可用尺码,1994-2023/2021-2026,Convertible/Coupe/Sedan/Wagon/Wagon,/All-Terrain,,,1994-2026,Convertible/Coupe/Sedan/Wagon,Incl: All-Terrain,fallback,Mercedes-Benz E-Class 2025 Sedan 原子事实对应多条候选记录
非皮卡,高度压缩两两组合,Mercedes-Benz,E-Class/E-Class,E-Class,/,/,无可用尺码,1994-2023/2026,Convertible/Coupe/Sedan/Wagon/Wagon,/,,,1994-2026,Convertible/Coupe/Sedan/Wagon,,fallback,Mercedes-Benz E-Class 2025 Sedan 原子事实对应多条候选记录
非皮卡,高度压缩两两组合,Mercedes-Benz,E-Class/E-Class,E-Class,/,/,无可用尺码,1999-2018/2021-2026,Convertible/Sedan/Wagon,AMG/Cabriolet/All-Terrain,,,1999-2026,Convertible/Sedan/Wagon,All-Terrain/AMG/Cabriolet,fallback,Mercedes-Benz E-Class 2019 Sedan 原子事实对应多条候选记录
非皮卡,高度压缩两两组合,Mercedes-Benz,E-Class/E-Class,E-Class,/,/,无可用尺码,1999-2018/2026,Convertible/Sedan/Wagon,AMG/Cabriolet/,,,1999-2026,Convertible/Sedan/Wagon,Incl: AMG/Cabriolet,fallback,Mercedes-Benz E-Class 1999 Sedan 原子事实对应多条候选记录
非皮卡,高度压缩两两组合,Mercedes-Benz,E-Class/E-Class,E-Class,/,/,4XL,2019-2023/2024-2026,Sedan/Sedan,AMG/PHEV,,,2019-2026,Sedan,AMG/PHEV,success,
非皮卡,高度压缩两两组合,Mercedes-Benz,E-Class/E-Class,E-Class,/,/,无可用尺码,1994-2023/1999-2018,Convertible/Coupe/Sedan/Wagon/Convertible/Sedan,/AMG/Cabriolet,,,1994-2023,Convertible/Coupe/Sedan/Wagon,Incl: AMG/Cabriolet,fallback,Mercedes-Benz E-Class 2019 Sedan 原子事实对应多条候选记录
非皮卡,高度压缩两两组合,Mercedes-Benz,E-Class/E-Class,E-Class,/,/,无可用尺码,1994-2023/2021-2026,Convertible/Coupe/Sedan/Wagon/Wagon,/All-Terrain,,,1994-2026,Convertible/Coupe/Sedan/Wagon,Incl: All-Terrain,fallback,Mercedes-Benz E-Class 2025 Sedan 原子事实对应多条候选记录
非皮卡,高度压缩两两组合,Mercedes-Benz,E-Class/E-Class,E-Class,/,/,无可用尺码,1994-2023/2026,Convertible/Coupe/Sedan/Wagon/Wagon,/,,,1994-2026,Convertible/Coupe/Sedan/Wagon,,fallback,Mercedes-Benz E-Class 2025 Sedan 原子事实对应多条候选记录
非皮卡,高度压缩两两组合,Mercedes-Benz,E-Class/E-Class,E-Class,/,/,无可用尺码,1999-2018/2021-2026,Convertible/Sedan/Wagon,AMG/Cabriolet/All-Terrain,,,1999-2026,Convertible/Sedan/Wagon,All-Terrain/AMG/Cabriolet,fallback,Mercedes-Benz E-Class 2019 Sedan 原子事实对应多条候选记录
非皮卡,高度压缩两两组合,Mercedes-Benz,E-Class/E-Class,E-Class,/,/,无可用尺码,1999-2018/2026,Convertible/Sedan/Wagon,AMG/Cabriolet/,,,1999-2026,Convertible/Sedan/Wagon,Incl: AMG/Cabriolet,fallback,Mercedes-Benz E-Class 1999 Sedan 原子事实对应多条候选记录
非皮卡,高度压缩两两组合,Mercedes-Benz,E-Class/E-Class,E-Class,/,/,4XL,2019-2026/2025-2026,Sedan/Sedan,AMG/PHEV/,,,2019-2026,Sedan,Incl: AMG/PHEV,fallback,Mercedes-Benz E-Class 2019 Sedan 原子事实对应多条候选记录
非皮卡,高度压缩两两组合,Mercedes-Benz,E-Class/E-Class,E-Class,/,/,无可用尺码,2021-2026/2026,Wagon/Wagon,All-Terrain/,,,2021-2026,Wagon,Incl: All-Terrain,success,
非皮卡,高度压缩两两组合,Mercedes-Benz,E-Class/E-Class,E-Class,/,/,无可用尺码,1994-2023/1999-2018,Convertible/Coupe/Sedan/Wagon/Convertible/Sedan,/AMG/Cabriolet,,,1994-2023,Convertible/Coupe/Sedan/Wagon,Incl: AMG/Cabriolet,fallback,Mercedes-Benz E-Class 2019 Sedan 原子事实对应多条候选记录
非皮卡,高度压缩两两组合,Mercedes-Benz,E-Class/E-Class,E-Class,/,/,无可用尺码,1994-2023/2021-2026,Convertible/Coupe/Sedan/Wagon/Wagon,/Incl: All-Terrain,,,1994-2026,Convertible/Coupe/Sedan/Wagon,Incl: All-Terrain,fallback,Mercedes-Benz E-Class 2025 Sedan 原子事实对应多条候选记录
非皮卡,高度压缩两两组合,Mercedes-Benz,E-Class/E-Class,E-Class,/,/,无可用尺码,1999-2018/2021-2026,Convertible/Sedan/Wagon,AMG/Cabriolet/Incl: All-Terrain,,,1999-2026,Convertible/Sedan/Wagon,Incl: All-Terrain/AMG/Cabriolet,fallback,Mercedes-Benz E-Class 1999 Sedan 原子事实对应多条候选记录
非皮卡,高度压缩两两组合,Mercedes-Benz,E-Class/E-Class,E-Class,/,/,4XL,2019-2026/2025-2026,Sedan/Sedan,AMG/PHEV/,,,2019-2026,Sedan,Incl: AMG/PHEV,fallback,Mercedes-Benz E-Class 2019 Sedan 原子事实对应多条候选记录
非皮卡,高度压缩两两组合,Mercedes-Benz,G-Class/G-Class,G-Class,/,/,无可用尺码,2003-2018/2019-2026,SUV/SUV,AMG/,,,2003-2026,SUV,Incl: AMG,success,
非皮卡,高度压缩两两组合,Mercedes-Benz,GL-Class/GL-Class,GL-Class,/,/,无可用尺码,2007-2012/2013-2016,SUV/SUV,/AMG,,,2007-2016,SUV,Incl: AMG,success,
非皮卡,高度压缩两两组合,Mercedes-Benz,GLA-Class/GLA-Class,GLA-Class,/,/,无可用尺码,2015-2019/2015-2026,SUV/SUV,AMG/,,,2015-2026,SUV,Incl: AMG,fallback,Mercedes-Benz GLA-Class 2021 SUV 原子事实对应多条候选记录
非皮卡,高度压缩两两组合,Mercedes-Benz,GLA-Class/GLA-Class,GLA-Class,/,/,无可用尺码,2015-2019/2021-2026,SUV/SUV,AMG/AMG,,,2015-2026,SUV,AMG,success,
非皮卡,高度压缩两两组合,Mercedes-Benz,GLA-Class/GLA-Class,GLA-Class,/,/,无可用尺码,2015-2026/2015-2026,SUV/SUV,/AMG,,,2015-2026,SUV,Incl: AMG,success,
非皮卡,高度压缩两两组合,Mercedes-Benz,GLC-Class/GLC-Class,GLC-Class,/,/,无可用尺码,2016-2026/2017-2026,SUV/Crossover,/AMG,,,2016-2026,Crossover/SUV,Incl: AMG,success,
非皮卡,高度压缩两两组合,Mercedes-Benz,GLE-Class/GLE-Class,GLE-Class,/,/,无可用尺码,2016-2019/2016-2026,Coupe/SUV,/,,,2016-2026,Coupe/SUV,,fallback,Mercedes-Benz GLE-Class 2021 Coupe 原子事实对应多条候选记录
非皮卡,高度压缩两两组合,Mercedes-Benz,GLE-Class/GLE-Class,GLE-Class,/,/,无可用尺码,2016-2019/2021-2026,Coupe/Coupe,/,,,2016-2026,Coupe,,success,
非皮卡,高度压缩两两组合,Mercedes-Benz,GLE-Class/GLE-Class,GLE-Class,/,/,无可用尺码,2016-2026/2016-2026,Coupe/SUV,/,,,2016-2026,Coupe/SUV,,success,
非皮卡,高度压缩两两组合,Mercedes-Benz,M-Class/M-Class,M-Class,/,/,无可用尺码,1998-2015/2008-2010,SUV/SUV,/Diesel,,,1998-2015,SUV,Incl: Diesel,success,
非皮卡,高度压缩两两组合,Mercedes-Benz,M-Class/M-Class,M-Class,/,/,无可用尺码,1998-2015/2010-2011,SUV/SUV,Incl: Diesel/AMG,,,1998-2015,SUV,Incl: AMG/Diesel,success,
非皮卡,高度压缩两两组合,Mercedes-Benz,S-Class/S-Class,S-Class,/,/,无可用尺码,1994-1995/2015,Coupe/Coupe,/PHEV,,,1994-2015,Coupe,Incl: PHEV,fallback,Mercedes-Benz S-Class 2015 Coupe 原子事实对应多条候选记录
非皮卡,高度压缩两两组合,Mercedes-Benz,S-Class/S-Class,S-Class,/,/,无可用尺码,1994-1995/2015-2020,Coupe/Coupe,/,,,1994-2020,Coupe,,success,
非皮卡,高度压缩两两组合,Mercedes-Benz,S-Class/S-Class,S-Class,/,/,无可用尺码,1994-2020/2015,Coupe/Coupe,/PHEV,,,1994-2020,Coupe,Incl: PHEV,success,
非皮卡,高度压缩两两组合,Mercedes-Benz,S-Class/S-Class,S-Class,/,/,无可用尺码,1994-2020/2018-2020,Coupe/Convertible,Incl: PHEV/,,,1994-2020,Convertible/Coupe,Incl: PHEV,success,
非皮卡,高度压缩两两组合,Mercedes-Benz,S-Class/S-Class,S-Class,/,/,4XL,1994-2026/2001-2020,Sedan/Sedan,/AMG,,,1994-2026,Sedan,Incl: AMG,fallback,Mercedes-Benz S-Class 2023 Sedan 原子事实对应多条候选记录
非皮卡,高度压缩两两组合,Mercedes-Benz,S-Class/S-Class,S-Class,/,/,4XL,1994-2026/2006,Sedan/Sedan,/LWB,,,1994-2026,Sedan,Incl: LWB,success,
非皮卡,高度压缩两两组合,Mercedes-Benz,S-Class/S-Class,S-Class,/,/,4XL,1994-2026/2001-2020,Sedan/Sedan,Incl: LWB/AMG,,,1994-2026,Sedan,Incl: AMG/LWB,fallback,Mercedes-Benz S-Class 2023 Sedan 原子事实对应多条候选记录
非皮卡,高度压缩两两组合,Mercedes-Benz,S-Class/S-Class,S-Class,/,/,4XL,1994-2026/2016-2026,Sedan/Sedan,Incl: LWB/Maybach,,,1994-2026,Sedan,Incl: LWB/Maybach,success,
非皮卡,高度压缩两两组合,Mercedes-Benz,S-Class/S-Class,S-Class,/,/,4XL,1994-2026/2001-2020,Sedan/Sedan,Incl: LWB/Maybach/AMG,,,1994-2026,Sedan,Incl: AMG/LWB/Maybach,fallback,Mercedes-Benz S-Class 2023 Sedan 原子事实对应多条候选记录
非皮卡,高度压缩两两组合,Mercedes-Benz,S-Class/S-Class,S-Class,/,/,4XL,1994-2026/2017,Sedan/Sedan,Incl: LWB/Maybach/S 550e PHEV,,,1994-2026,Sedan,Incl: LWB/Maybach/S 550e PHEV,success,
非皮卡,高度压缩两两组合,Mercedes-Benz,S-Class/S-Class,S-Class,/,/,4XL,1994-2026/2001-2020,Sedan/Sedan,Incl: LWB/Maybach/S 550e PHEV/AMG,,,1994-2026,Sedan,Incl: AMG/LWB/Maybach/S 550e PHEV,fallback,Mercedes-Benz S-Class 2023 Sedan 原子事实对应多条候选记录
非皮卡,高度压缩两两组合,Mercedes-Benz,S-Class/S-Class,S-Class,/,/,4XL,1994-2026/2019,Sedan/Sedan,Incl: LWB/Maybach/S 550e PHEV/S 560e PHEV,,,1994-2026,Sedan,Incl: LWB/Maybach/S 550e PHEV/S 560e PHEV,success,
非皮卡,高度压缩两两组合,Mercedes-Benz,S-Class/S-Class,S-Class,/,/,4XL,1994-2026/2001-2020,Sedan/Sedan,Incl: LWB/Maybach/S 550e PHEV/S 560e PHEV/AMG,,,1994-2026,Sedan,Incl: AMG/LWB/Maybach/S 550e PHEV/S 560e PHEV,fallback,Mercedes-Benz S-Class 2023 Sedan 原子事实对应多条候选记录
非皮卡,高度压缩两两组合,Mercedes-Benz,S-Class/S-Class,S-Class,/,/,4XL,1994-2026/2023-2026,Sedan/Sedan,Incl: LWB/Maybach/S 550e PHEV/S 560e PHEV/AMG,,,1994-2026,Sedan,Incl: AMG/LWB/Maybach/S 550e PHEV/S 560e PHEV,fallback,Mercedes-Benz S-Class 2001 Sedan 原子事实对应多条候选记录
非皮卡,高度压缩两两组合,Mercedes-Benz,S-Class/S-Class,S-Class,/,/,4XL,2001-2020/2023-2026,Sedan/Sedan,AMG/AMG,,,2001-2026,Sedan,AMG,success,
非皮卡,高度压缩两两组合,Mercedes-Benz,S-Class/S-Class,S-Class,/,/,4XL,1994-2026/2001-2026,Sedan/Sedan,Incl: LWB/Maybach/S 550e PHEV/S 560e PHEV/AMG,,,1994-2026,Sedan,Incl: AMG/LWB/Maybach/S 550e PHEV/S 560e PHEV,success,
非皮卡,高度压缩两两组合,Mercedes-Benz,SL-Class/SL-Class,SL-Class,/,/,无可用尺码,1954-1957/1955-1991,Coupe/Convertible,/,,,1954-1991,Convertible/Coupe,,success,
非皮卡,高度压缩两两组合,Mercedes-Benz,SL-Class/SL-Class,SL-Class,/,/,无可用尺码,1954-1991/1957-1963,Convertible/Coupe/Convertible,/300SL,,,1954-1991,Convertible/Coupe,Incl: 300SL,success,
非皮卡,高度压缩两两组合,Mercedes-Benz,SL-Class/SL-Class,SL-Class,/,/,无可用尺码,1954-1991/1986-1989,Convertible/Coupe/Convertible,Incl: 300SL/560SL,,,1954-1991,Convertible/Coupe,Incl: 300SL/560SL,success,
非皮卡,高度压缩两两组合,Mercedes-Benz,SL-Class/SL-Class,SL-Class,/,/,无可用尺码,1954-1991/1992-1993,Convertible/Coupe/Convertible,Incl: 300SL/560SL/300 SL,,,1954-1993,Convertible/Coupe,Incl: 300 SL/300SL/560SL,success,
非皮卡,高度压缩两两组合,Mercedes-Benz,SL-Class/SL-Class,SL-Class,/,/,无可用尺码,1954-1993/1992-1993,Convertible/Coupe/Convertible,Incl: 300 SL/300SL/560SL/500 SL,,,1954-1993,Convertible/Coupe,Incl: 300 SL/300SL/500 SL/560SL,success,
非皮卡,高度压缩两两组合,Mercedes-Benz,SL-Class/SL-Class,SL-Class,/,/,无可用尺码,1954-1993/1993,Convertible/Coupe/Convertible,Incl: 300 SL/300SL/500 SL/560SL/600 SL,,,1954-1993,Convertible/Coupe,Incl: 300 SL/300SL/500 SL/560SL/600 SL,success,
非皮卡,高度压缩两两组合,Mercedes-Benz,SL-Class/SL-Class,SL-Class,/,/,无可用尺码,1954-1993/1994-1996,Convertible/Coupe/Convertible,Incl: 300 SL/300SL/500 SL/560SL/600 SL/SL320,,,1954-1996,Convertible/Coupe,Incl: 300 SL/300SL/500 SL/560SL/600 SL/SL320,success,
非皮卡,高度压缩两两组合,Mercedes-Benz,SL-Class/SL-Class,SL-Class,/,/,无可用尺码,1954-1996/1994-1996,Convertible/Coupe/Convertible,Incl: 300 SL/300SL/500 SL/560SL/600 SL/SL320/SL500,,,1954-1996,Convertible/Coupe,Incl: 300 SL/300SL/500 SL/560SL/600 SL/SL320/SL500,success,
非皮卡,高度压缩两两组合,Mercedes-Benz,SL-Class/SL-Class,SL-Class,/,/,无可用尺码,1954-1996/1994-1996,Convertible/Coupe/Convertible,Incl: 300 SL/300SL/500 SL/560SL/600 SL/SL320/SL500/SL600,,,1954-1996,Convertible/Coupe,Incl: 300 SL/300SL/500 SL/560SL/600 SL/SL320/SL500/SL600,success,
非皮卡,高度压缩两两组合,Mercedes-Benz,SL-Class/SL-Class,SL-Class,/,/,无可用尺码,1954-1996/1997-2020,Convertible/Coupe/Convertible,Incl: 300 SL/300SL/500 SL/560SL/600 SL/SL320/SL500/SL600/,,,1954-2020,Convertible/Coupe,Incl: 300 SL/300SL/500 SL/560SL/600 SL/SL320/SL500/SL600,success,
非皮卡,高度压缩两两组合,Mercedes-Benz,SL-Class/SL-Class,SL-Class,/,/,无可用尺码,1954-2020/2003-2020,Convertible/Coupe/Convertible,Incl: 300 SL/300SL/500 SL/560SL/600 SL/SL320/SL500/SL600/AMG,,,1954-2020,Convertible/Coupe,Incl: 300 SL/300SL/500 SL/560SL/600 SL/AMG/SL320/SL500/SL600,success,
非皮卡,高度压缩两两组合,Mercedes-Benz,SL-Class/SL-Class,SL-Class,/,/,无可用尺码,1954-2020/2022-2026,Convertible/Coupe/Convertible,Incl: 300 SL/300SL/500 SL/560SL/600 SL/AMG/SL320/SL500/SL600/AMG,,,1954-2026,Convertible/Coupe,Incl: 300 SL/300SL/500 SL/560SL/600 SL/AMG/SL320/SL500/SL600,fallback,Mercedes-Benz SL-Class 2026 Convertible 原子事实对应多条候选记录
非皮卡,高度压缩两两组合,Mercedes-Benz,SL-Class/SL-Class,SL-Class,/,/,无可用尺码,1954-2020/2026,Convertible/Coupe/Convertible,Incl: 300 SL/300SL/500 SL/560SL/600 SL/AMG/SL320/SL500/SL600/,,,1954-2026,Convertible/Coupe,Incl: 300 SL/300SL/500 SL/560SL/600 SL/AMG/SL320/SL500/SL600,fallback,Mercedes-Benz SL-Class 2022 Convertible 原子事实对应多条候选记录
非皮卡,高度压缩两两组合,Mercedes-Benz,SL-Class/SL-Class,SL-Class,/,/,无可用尺码,2022-2026/2026,Convertible/Convertible,AMG/,,,2022-2026,Convertible,Incl: AMG,success,
非皮卡,高度压缩两两组合,Mercedes-Benz,SL-Class/SL-Class,SL-Class,/,/,无可用尺码,1954-2020/2022-2026,Convertible/Coupe/Convertible,Incl: 300 SL/300SL/500 SL/560SL/600 SL/AMG/SL320/SL500/SL600/Incl: AMG,,,1954-2026,Convertible/Coupe,Incl: 300 SL/300SL/500 SL/560SL/600 SL/AMG/SL320/SL500/SL600,success,
非皮卡,高度压缩两两组合,Mercedes-Benz,SLC-Class/SLC-Class,SLC-Class,/,/,无可用尺码,2017-2020/2017-2020,Convertible/Convertible,/AMG,,,2017-2020,Convertible,Incl: AMG,success,
非皮卡,高度压缩两两组合,Mercedes-Benz,SLK-Class/SLK-Class,SLK-Class,/,/,无可用尺码,1998-2016/2002-2011,Convertible/Convertible,/AMG,,,1998-2016,Convertible,Incl: AMG,success,
非皮卡,高度压缩两两组合,Mercury,Cougar/Cougar,Cougar,/,/,无可用尺码,1967-1973/1969-1973,Coupe/Convertible,/,,,1967-1973,Convertible/Coupe,,success,
非皮卡,高度压缩两两组合,Mercury,Cougar/Cougar,Cougar,/,/,无可用尺码,1967-1973/1977-1982,Convertible/Coupe/Wagon,/,,,1967-1982,Convertible/Coupe/Wagon,,fallback,Mercury Cougar 1977 Coupe 原子事实对应多条候选记录
非皮卡,高度压缩两两组合,Mercury,Cougar/Cougar,Cougar,/,/,无可用尺码,1967-1973/1980-1982,Convertible/Coupe/Sedan,/,,,1967-1982,Convertible/Coupe/Sedan,,fallback,Mercury Cougar 1977 Coupe 原子事实对应多条候选记录
非皮卡,高度压缩两两组合,Mercury,Cougar/Cougar,Cougar,/,/,无可用尺码,1967-1973/1980-1997,Convertible/Coupe/Coupe,/,,,1967-1997,Convertible/Coupe,,fallback,Mercury Cougar 1977 Coupe 原子事实对应多条候选记录
非皮卡,高度压缩两两组合,Mercury,Cougar/Cougar,Cougar,/,/,无可用尺码,1967-1973/1999-2002,Convertible/Coupe/Hatchback,/,,,1967-2002,Convertible/Coupe/Hatchback,,fallback,Mercury Cougar 1977 Coupe 原子事实对应多条候选记录
非皮卡,高度压缩两两组合,Mercury,Cougar/Cougar,Cougar,/,/,4XL,1974-1976/1977-1979,Coupe/Coupe,XR-7/,,,1974-1979,Coupe,Incl: XR-7,success,
非皮卡,高度压缩两两组合,Mercury,Cougar/Cougar,Cougar,/,/,无可用尺码,1967-1973/1977-1982,Convertible/Coupe/Wagon,/,,,1967-1982,Convertible/Coupe/Wagon,,fallback,Mercury Cougar 1977 Coupe 原子事实对应多条候选记录
非皮卡,高度压缩两两组合,Mercury,Cougar/Cougar,Cougar,/,/,无可用尺码,1967-1973/1980-1982,Convertible/Coupe/Sedan,/,,,1967-1982,Convertible/Coupe/Sedan,,fallback,Mercury Cougar 1977 Coupe 原子事实对应多条候选记录
非皮卡,高度压缩两两组合,Mercury,Cougar/Cougar,Cougar,/,/,无可用尺码,1967-1973/1980-1997,Convertible/Coupe/Coupe,/,,,1967-1997,Convertible/Coupe,,fallback,Mercury Cougar 1977 Coupe 原子事实对应多条候选记录
非皮卡,高度压缩两两组合,Mercury,Cougar/Cougar,Cougar,/,/,无可用尺码,1967-1973/1999-2002,Convertible/Coupe/Hatchback,/,,,1967-2002,Convertible/Coupe/Hatchback,,fallback,Mercury Cougar 1977 Coupe 原子事实对应多条候选记录
非皮卡,高度压缩两两组合,Mercury,Cougar/Cougar,Cougar,/,/,4XL,1974-1979/1977-1979,Coupe/Sedan,Incl: XR-7/,,,1974-1979,Coupe/Sedan,Incl: XR-7,success,
非皮卡,高度压缩两两组合,Mercury,Cougar/Cougar,Cougar,/,/,无可用尺码,1967-1973/1977-1982,Convertible/Coupe/Wagon,/,,,1967-1982,Convertible/Coupe/Wagon,,fallback,Mercury Cougar 1977 Coupe 原子事实对应多条候选记录
非皮卡,高度压缩两两组合,Mercury,Cougar/Cougar,Cougar,/,/,无可用尺码,1967-1973/1980-1982,Convertible/Coupe/Sedan,/,,,1967-1982,Convertible/Coupe/Sedan,,fallback,Mercury Cougar 1977 Coupe 原子事实对应多条候选记录
非皮卡,高度压缩两两组合,Mercury,Cougar/Cougar,Cougar,/,/,无可用尺码,1967-1973/1980-1997,Convertible/Coupe/Coupe,/,,,1967-1997,Convertible/Coupe,,fallback,Mercury Cougar 1977 Coupe 原子事实对应多条候选记录
非皮卡,高度压缩两两组合,Mercury,Cougar/Cougar,Cougar,/,/,无可用尺码,1967-1973/1999-2002,Convertible/Coupe/Hatchback,/,,,1967-2002,Convertible/Coupe/Hatchback,,fallback,Mercury Cougar 1977 Coupe 原子事实对应多条候选记录
非皮卡,高度压缩两两组合,Mercury,Cougar/Cougar,Cougar,/,/,无可用尺码,1977-1982/1980-1982,Wagon/Sedan,/,,,1977-1982,Sedan/Wagon,,fallback,Mercury Cougar 1977 Sedan 原子事实对应多条候选记录
非皮卡,高度压缩两两组合,Mercury,Cougar/Cougar,Cougar,/,/,无可用尺码,1977-1982/1980-1997,Wagon/Coupe,/,,,1977-1997,Coupe/Wagon,,fallback,Mercury Cougar 1977 Coupe 原子事实对应多条候选记录
非皮卡,高度压缩两两组合,Mercury,Cougar/Cougar,Cougar,/,/,无可用尺码,1977-1982/1999-2002,Wagon/Hatchback,/,,,1977-2002,Hatchback/Wagon,,success,
非皮卡,高度压缩两两组合,Mercury,Cougar/Cougar,Cougar,/,/,无可用尺码,1967-1973/1977-2002,Convertible/Coupe/Hatchback/Wagon,/,,,1967-2002,Convertible/Coupe/Hatchback/Wagon,,fallback,Mercury Cougar 1977 Coupe 原子事实对应多条候选记录
非皮卡,高度压缩两两组合,Mercury,Cougar/Cougar,Cougar,/,/,无可用尺码,1967-1973/1980-1982,Convertible/Coupe/Sedan,/,,,1967-1982,Convertible/Coupe/Sedan,,fallback,Mercury Cougar 1977 Coupe 原子事实对应多条候选记录
非皮卡,高度压缩两两组合,Mercury,Cougar/Cougar,Cougar,/,/,无可用尺码,1967-1973/1980-1997,Convertible/Coupe/Coupe,/,,,1967-1997,Convertible/Coupe,,fallback,Mercury Cougar 1977 Coupe 原子事实对应多条候选记录
非皮卡,高度压缩两两组合,Mercury,Cougar/Cougar,Cougar,/,/,无可用尺码,1977-2002/1980-1982,Hatchback/Wagon/Sedan,/,,,1977-2002,Hatchback/Sedan/Wagon,,fallback,Mercury Cougar 1977 Sedan 原子事实对应多条候选记录
非皮卡,高度压缩两两组合,Mercury,Cougar/Cougar,Cougar,/,/,无可用尺码,1977-2002/1980-1997,Hatchback/Wagon/Coupe,/,,,1977-2002,Coupe/Hatchback/Wagon,,fallback,Mercury Cougar 1977 Coupe 原子事实对应多条候选记录
非皮卡,高度压缩两两组合,Mercury,Cougar/Cougar,Cougar,/,/,无可用尺码,1980-1982/1980-1997,Sedan/Coupe,/,,,1980-1997,Coupe/Sedan,,success,
非皮卡,高度压缩两两组合,Mercury,Cougar/Cougar,Cougar,/,/,无可用尺码,1967-1973/1977-2002,Convertible/Coupe/Hatchback/Wagon,/,,,1967-2002,Convertible/Coupe/Hatchback/Wagon,,fallback,Mercury Cougar 1977 Coupe 原子事实对应多条候选记录
非皮卡,高度压缩两两组合,Mercury,Cougar/Cougar,Cougar,/,/,无可用尺码,1967-1973/1980-1997,Convertible/Coupe/Coupe/Sedan,/,,,1967-1997,Convertible/Coupe/Sedan,,fallback,Mercury Cougar 1977 Coupe 原子事实对应多条候选记录
非皮卡,高度压缩两两组合,Mercury,Cougar/Cougar,Cougar,/,/,无可用尺码,1977-2002/1980-1997,Hatchback/Wagon/Coupe/Sedan,/,,,1977-2002,Coupe/Hatchback/Sedan/Wagon,,fallback,Mercury Cougar 1977 Coupe 原子事实对应多条候选记录
非皮卡,高度压缩两两组合,Mercury,Marquis/Marquis,Marquis,/,/,4XL,1967-1970/1969-1970,Coupe/Sedan,/,,,1967-1970,Coupe/Sedan,,success,
非皮卡,高度压缩两两组合,Mercury,Marquis/Marquis,Marquis,/,/,4XL,1967-1970/1973,Coupe/Sedan/Coupe,/,,,1967-1973,Coupe/Sedan,,fallback,Mercury Marquis 1971 Coupe 原子事实对应多条候选记录
非皮卡,高度压缩两两组合,Mercury,Marquis/Marquis,Marquis,/,/,4XL,1967-1970/1973,Coupe/Sedan/Sedan,/,,,1967-1973,Coupe/Sedan,,fallback,Mercury Marquis 1971 Coupe 原子事实对应多条候选记录
非皮卡,高度压缩两两组合,Mercury,Marquis/Marquis,Marquis,/,/,4XL,1967-1970/1979-1982,Coupe/Sedan/Sedan,/,,,1967-1982,Coupe/Sedan,,fallback,Mercury Marquis 1971 Coupe 原子事实对应多条候选记录
非皮卡,高度压缩两两组合,Mercury,Marquis/Marquis,Marquis,/,/,4XL,1967-1970/1980-1982,Coupe/Sedan/Coupe,/,,,1967-1982,Coupe/Sedan,,fallback,Mercury Marquis 1971 Coupe 原子事实对应多条候选记录
非皮卡,高度压缩两两组合,Mercury,Marquis/Marquis,Marquis,/,/,无可用尺码,1971-1972/1971-1972,Coupe/Sedan,/,,,1971-1972,Coupe/Sedan,,success,
非皮卡,高度压缩两两组合,Mercury,Marquis/Marquis,Marquis,/,/,4XL,1967-1970/1973,Coupe/Sedan/Coupe,/,,,1967-1973,Coupe/Sedan,,fallback,Mercury Marquis 1971 Coupe 原子事实对应多条候选记录
非皮卡,高度压缩两两组合,Mercury,Marquis/Marquis,Marquis,/,/,4XL,1967-1970/1973,Coupe/Sedan/Sedan,/,,,1967-1973,Coupe/Sedan,,fallback,Mercury Marquis 1971 Coupe 原子事实对应多条候选记录
非皮卡,高度压缩两两组合,Mercury,Marquis/Marquis,Marquis,/,/,4XL,1967-1970/1979-1982,Coupe/Sedan/Sedan,/,,,1967-1982,Coupe/Sedan,,fallback,Mercury Marquis 1971 Coupe 原子事实对应多条候选记录
非皮卡,高度压缩两两组合,Mercury,Marquis/Marquis,Marquis,/,/,4XL,1967-1970/1980-1982,Coupe/Sedan/Coupe,/,,,1967-1982,Coupe/Sedan,,fallback,Mercury Marquis 1971 Coupe 原子事实对应多条候选记录
非皮卡,高度压缩两两组合,Mercury,Marquis/Marquis,Marquis,/,/,无可用尺码,1971-1972/1973-1986,Coupe/Sedan/Wagon,/,,,1971-1986,Coupe/Sedan/Wagon,,fallback,Mercury Marquis 1973 Coupe 原子事实对应多条候选记录
非皮卡,高度压缩两两组合,Mercury,Marquis/Marquis,Marquis,/,/,无可用尺码,1971-1972/1974-1978,Coupe/Sedan/Sedan,/,,,1971-1978,Coupe/Sedan,,fallback,Mercury Marquis 1973 Coupe 原子事实对应多条候选记录
非皮卡,高度压缩两两组合,Mercury,Marquis/Marquis,Marquis,/,/,无可用尺码,1971-1972/1975-1978,Coupe/Sedan/Coupe,/,,,1971-1978,Coupe/Sedan,,fallback,Mercury Marquis 1973 Coupe 原子事实对应多条候选记录
非皮卡,高度压缩两两组合,Mercury,Marquis/Marquis,Marquis,/,/,无可用尺码,1971-1972/1983-1986,Coupe/Sedan/Sedan,/,,,1971-1986,Coupe/Sedan,,fallback,Mercury Marquis 1973 Coupe 原子事实对应多条候选记录
非皮卡,高度压缩两两组合,Mercury,Marquis/Marquis,Marquis,/,/,4XL,1973/1973,Coupe/Sedan,/,,,1973,Coupe/Sedan,,success,
非皮卡,高度压缩两两组合,Mercury,Marquis/Marquis,Marquis,/,/,4XL,1967-1970/1973,Coupe/Sedan/Coupe/Sedan,/,,,1967-1973,Coupe/Sedan,,fallback,Mercury Marquis 1971 Coupe 原子事实对应多条候选记录
非皮卡,高度压缩两两组合,Mercury,Marquis/Marquis,Marquis,/,/,4XL,1967-1970/1979-1982,Coupe/Sedan/Sedan,/,,,1967-1982,Coupe/Sedan,,fallback,Mercury Marquis 1971 Coupe 原子事实对应多条候选记录
非皮卡,高度压缩两两组合,Mercury,Marquis/Marquis,Marquis,/,/,4XL,1967-1970/1980-1982,Coupe/Sedan/Coupe,/,,,1967-1982,Coupe/Sedan,,fallback,Mercury Marquis 1971 Coupe 原子事实对应多条候选记录
非皮卡,高度压缩两两组合,Mercury,Marquis/Marquis,Marquis,/,/,无可用尺码,1971-1972/1973-1986,Coupe/Sedan/Wagon,/,,,1971-1986,Coupe/Sedan/Wagon,,fallback,Mercury Marquis 1973 Coupe 原子事实对应多条候选记录
非皮卡,高度压缩两两组合,Mercury,Marquis/Marquis,Marquis,/,/,无可用尺码,1971-1972/1974-1978,Coupe/Sedan/Sedan,/,,,1971-1978,Coupe/Sedan,,fallback,Mercury Marquis 1973 Coupe 原子事实对应多条候选记录
非皮卡,高度压缩两两组合,Mercury,Marquis/Marquis,Marquis,/,/,无可用尺码,1971-1972/1975-1978,Coupe/Sedan/Coupe,/,,,1971-1978,Coupe/Sedan,,fallback,Mercury Marquis 1973 Coupe 原子事实对应多条候选记录
非皮卡,高度压缩两两组合,Mercury,Marquis/Marquis,Marquis,/,/,无可用尺码,1971-1972/1983-1986,Coupe/Sedan/Sedan,/,,,1971-1986,Coupe/Sedan,,fallback,Mercury Marquis 1973 Coupe 原子事实对应多条候选记录
非皮卡,高度压缩两两组合,Mercury,Marquis/Marquis,Marquis,/,/,4XL,1973/1979-1982,Coupe/Sedan/Sedan,/,,,1973-1982,Coupe/Sedan,,fallback,Mercury Marquis 1974 Sedan 原子事实对应多条候选记录
非皮卡,高度压缩两两组合,Mercury,Marquis/Marquis,Marquis,/,/,4XL,1973/1980-1982,Coupe/Sedan/Coupe,/,,,1973-1982,Coupe/Sedan,,fallback,Mercury Marquis 1974 Sedan 原子事实对应多条候选记录
非皮卡,高度压缩两两组合,Mercury,Marquis/Marquis,Marquis,/,/,无可用尺码,1973-1986/1974-1978,Wagon/Sedan,/,,,1973-1986,Sedan/Wagon,,fallback,Mercury Marquis 1973 Sedan 原子事实对应多条候选记录
非皮卡,高度压缩两两组合,Mercury,Marquis/Marquis,Marquis,/,/,无可用尺码,1973-1986/1975-1978,Wagon/Coupe,/,,,1973-1986,Coupe/Wagon,,fallback,Mercury Marquis 1973 Coupe 原子事实对应多条候选记录
非皮卡,高度压缩两两组合,Mercury,Marquis/Marquis,Marquis,/,/,无可用尺码,1973-1986/1983-1986,Wagon/Sedan,/,,,1973-1986,Sedan/Wagon,,fallback,Mercury Marquis 1973 Sedan 原子事实对应多条候选记录
非皮卡,高度压缩两两组合,Mercury,Marquis/Marquis,Marquis,/,/,无可用尺码,1974-1978/1975-1978,Sedan/Coupe,/,,,1974-1978,Coupe/Sedan,,success,
非皮卡,高度压缩两两组合,Mercury,Marquis/Marquis,Marquis,/,/,4XL,1967-1970/1973,Coupe/Sedan/Coupe/Sedan,/,,,1967-1973,Coupe/Sedan,,fallback,Mercury Marquis 1971 Coupe 原子事实对应多条候选记录
非皮卡,高度压缩两两组合,Mercury,Marquis/Marquis,Marquis,/,/,4XL,1967-1970/1979-1982,Coupe/Sedan/Sedan,/,,,1967-1982,Coupe/Sedan,,fallback,Mercury Marquis 1971 Coupe 原子事实对应多条候选记录
非皮卡,高度压缩两两组合,Mercury,Marquis/Marquis,Marquis,/,/,4XL,1967-1970/1980-1982,Coupe/Sedan/Coupe,/,,,1967-1982,Coupe/Sedan,,fallback,Mercury Marquis 1971 Coupe 原子事实对应多条候选记录
非皮卡,高度压缩两两组合,Mercury,Marquis/Marquis,Marquis,/,/,无可用尺码,1971-1972/1973-1986,Coupe/Sedan/Wagon,/,,,1971-1986,Coupe/Sedan/Wagon,,fallback,Mercury Marquis 1973 Coupe 原子事实对应多条候选记录
非皮卡,高度压缩两两组合,Mercury,Marquis/Marquis,Marquis,/,/,无可用尺码,1971-1972/1974-1978,Coupe/Sedan/Coupe/Sedan,/,,,1971-1978,Coupe/Sedan,,fallback,Mercury Marquis 1973 Coupe 原子事实对应多条候选记录
非皮卡,高度压缩两两组合,Mercury,Marquis/Marquis,Marquis,/,/,无可用尺码,1971-1972/1983-1986,Coupe/Sedan/Sedan,/,,,1971-1986,Coupe/Sedan,,fallback,Mercury Marquis 1973 Coupe 原子事实对应多条候选记录
非皮卡,高度压缩两两组合,Mercury,Marquis/Marquis,Marquis,/,/,4XL,1973/1979-1982,Coupe/Sedan/Sedan,/,,,1973-1982,Coupe/Sedan,,fallback,Mercury Marquis 1974 Sedan 原子事实对应多条候选记录
非皮卡,高度压缩两两组合,Mercury,Marquis/Marquis,Marquis,/,/,4XL,1973/1980-1982,Coupe/Sedan/Coupe,/,,,1973-1982,Coupe/Sedan,,fallback,Mercury Marquis 1974 Sedan 原子事实对应多条候选记录
非皮卡,高度压缩两两组合,Mercury,Marquis/Marquis,Marquis,/,/,无可用尺码,1973-1986/1974-1978,Wagon/Coupe/Sedan,/,,,1973-1986,Coupe/Sedan/Wagon,,fallback,Mercury Marquis 1973 Coupe 原子事实对应多条候选记录
非皮卡,高度压缩两两组合,Mercury,Marquis/Marquis,Marquis,/,/,无可用尺码,1973-1986/1983-1986,Wagon/Sedan,/,,,1973-1986,Sedan/Wagon,,fallback,Mercury Marquis 1973 Sedan 原子事实对应多条候选记录
非皮卡,高度压缩两两组合,Mercury,Marquis/Marquis,Marquis,/,/,无可用尺码,1974-1978/1983-1986,Coupe/Sedan/Sedan,/,,,1974-1986,Coupe/Sedan,,fallback,Mercury Marquis 1979 Sedan 原子事实对应多条候选记录
非皮卡,高度压缩两两组合,Mercury,Marquis/Marquis,Marquis,/,/,4XL,1979-1982/1980-1982,Sedan/Coupe,/,,,1979-1982,Coupe/Sedan,,success,
非皮卡,高度压缩两两组合,Mercury,Marquis/Marquis,Marquis,/,/,4XL,1967-1970/1973,Coupe/Sedan/Coupe/Sedan,/,,,1967-1973,Coupe/Sedan,,fallback,Mercury Marquis 1971 Coupe 原子事实对应多条候选记录
非皮卡,高度压缩两两组合,Mercury,Marquis/Marquis,Marquis,/,/,4XL,1967-1970/1979-1982,Coupe/Sedan/Coupe/Sedan,/,,,1967-1982,Coupe/Sedan,,fallback,Mercury Marquis 1971 Coupe 原子事实对应多条候选记录
非皮卡,高度压缩两两组合,Mercury,Marquis/Marquis,Marquis,/,/,无可用尺码,1971-1972/1973-1986,Coupe/Sedan/Wagon,/,,,1971-1986,Coupe/Sedan/Wagon,,fallback,Mercury Marquis 1973 Coupe 原子事实对应多条候选记录
非皮卡,高度压缩两两组合,Mercury,Marquis/Marquis,Marquis,/,/,无可用尺码,1971-1972/1974-1978,Coupe/Sedan/Coupe/Sedan,/,,,1971-1978,Coupe/Sedan,,fallback,Mercury Marquis 1973 Coupe 原子事实对应多条候选记录
非皮卡,高度压缩两两组合,Mercury,Marquis/Marquis,Marquis,/,/,无可用尺码,1971-1972/1983-1986,Coupe/Sedan/Sedan,/,,,1971-1986,Coupe/Sedan,,fallback,Mercury Marquis 1973 Coupe 原子事实对应多条候选记录
非皮卡,高度压缩两两组合,Mercury,Marquis/Marquis,Marquis,/,/,4XL,1973/1979-1982,Coupe/Sedan/Coupe/Sedan,/,,,1973-1982,Coupe/Sedan,,fallback,Mercury Marquis 1974 Sedan 原子事实对应多条候选记录
非皮卡,高度压缩两两组合,Mercury,Marquis/Marquis,Marquis,/,/,无可用尺码,1973-1986/1974-1978,Wagon/Coupe/Sedan,/,,,1973-1986,Coupe/Sedan/Wagon,,fallback,Mercury Marquis 1973 Coupe 原子事实对应多条候选记录
非皮卡,高度压缩两两组合,Mercury,Marquis/Marquis,Marquis,/,/,无可用尺码,1973-1986/1983-1986,Wagon/Sedan,/,,,1973-1986,Sedan/Wagon,,fallback,Mercury Marquis 1973 Sedan 原子事实对应多条候选记录
非皮卡,高度压缩两两组合,Mercury,Marquis/Marquis,Marquis,/,/,无可用尺码,1974-1978/1983-1986,Coupe/Sedan/Sedan,/,,,1974-1986,Coupe/Sedan,,fallback,Mercury Marquis 1979 Sedan 原子事实对应多条候选记录
非皮卡,高度压缩两两组合,Mercury,Monterey/Monterey,Monterey,/,/,无可用尺码,1952-1953/1952-1953,Convertible/Coupe,/,,,1952-1953,Convertible/Coupe,,success,
非皮卡,高度压缩两两组合,Mercury,Monterey/Monterey,Monterey,/,/,无可用尺码,1952-1953/1952-1953,Convertible/Coupe/Sedan,/,,,1952-1953,Convertible/Coupe/Sedan,,success,
非皮卡,高度压缩两两组合,Mercury,Monterey/Monterey,Monterey,/,/,无可用尺码,1952-1953/1952-1956,Convertible/Coupe/Sedan/Wagon,/,,,1952-1956,Convertible/Coupe/Sedan/Wagon,,fallback,Mercury Monterey 1954 Convertible 原子事实对应多条候选记录
非皮卡,高度压缩两两组合,Mercury,Monterey/Monterey,Monterey,/,/,无可用尺码,1952-1953/1955-1956,Convertible/Coupe/Sedan/Hatchback,/,,,1952-1956,Convertible/Coupe/Hatchback/Sedan,,fallback,Mercury Monterey 1954 Convertible 原子事实对应多条候选记录
非皮卡,高度压缩两两组合,Mercury,Monterey/Monterey,Monterey,/,/,无可用尺码,1952-1953/1959-1960,Convertible/Coupe/Sedan/Wagon,/,,,1952-1960,Convertible/Coupe/Sedan/Wagon,,fallback,Mercury Monterey 1952 Wagon 原子事实对应多条候选记录
非皮卡,高度压缩两两组合,Mercury,Monterey/Monterey,Monterey,/,/,无可用尺码,1952-1953/1969-1974,Convertible/Coupe/Sedan/Wagon,/,,,1952-1974,Convertible/Coupe/Sedan/Wagon,,fallback,Mercury Monterey 1952 Wagon 原子事实对应多条候选记录
非皮卡,高度压缩两两组合,Mercury,Monterey/Monterey,Monterey,/,/,无可用尺码,1952-1953/2004-2007,Convertible/Coupe/Sedan/MPV,/,,,1952-2007,Convertible/Coupe/MPV/Sedan,,fallback,Mercury Monterey 1954 Convertible 原子事实对应多条候选记录
非皮卡,高度压缩两两组合,Mercury,Monterey/Monterey,Monterey,/,/,无可用尺码,1952-1956/1955-1956,Wagon/Hatchback,/,,,1952-1956,Hatchback/Wagon,,success,
非皮卡,高度压缩两两组合,Mercury,Monterey/Monterey,Monterey,/,/,无可用尺码,1952-1953/1952-1956,Convertible/Coupe/Sedan/Hatchback/Wagon,/,,,1952-1956,Convertible/Coupe/Hatchback/Sedan/Wagon,,fallback,Mercury Monterey 1954 Convertible 原子事实对应多条候选记录
非皮卡,高度压缩两两组合,Mercury,Monterey/Monterey,Monterey,/,/,无可用尺码,1952-1953/1959-1960,Convertible/Coupe/Sedan/Wagon,/,,,1952-1960,Convertible/Coupe/Sedan/Wagon,,fallback,Mercury Monterey 1952 Wagon 原子事实对应多条候选记录
非皮卡,高度压缩两两组合,Mercury,Monterey/Monterey,Monterey,/,/,无可用尺码,1952-1953/1969-1974,Convertible/Coupe/Sedan/Wagon,/,,,1952-1974,Convertible/Coupe/Sedan/Wagon,,fallback,Mercury Monterey 1952 Wagon 原子事实对应多条候选记录
非皮卡,高度压缩两两组合,Mercury,Monterey/Monterey,Monterey,/,/,无可用尺码,1952-1953/2004-2007,Convertible/Coupe/Sedan/MPV,/,,,1952-2007,Convertible/Coupe/MPV/Sedan,,fallback,Mercury Monterey 1954 Convertible 原子事实对应多条候选记录
非皮卡,高度压缩两两组合,Mercury,Monterey/Monterey,Monterey,/,/,无可用尺码,1952-1956/1959-1960,Hatchback/Wagon/Wagon,/,,,1952-1960,Hatchback/Wagon,,success,
非皮卡,高度压缩两两组合,Mercury,Monterey/Monterey,Monterey,/,/,无可用尺码,1952-1953/1952-1960,Convertible/Coupe/Sedan/Hatchback/Wagon,/,,,1952-1960,Convertible/Coupe/Hatchback/Sedan/Wagon,,fallback,Mercury Monterey 1954 Convertible 原子事实对应多条候选记录
非皮卡,高度压缩两两组合,Mercury,Monterey/Monterey,Monterey,/,/,无可用尺码,1952-1953/1969-1974,Convertible/Coupe/Sedan/Wagon,/,,,1952-1974,Convertible/Coupe/Sedan/Wagon,,fallback,Mercury Monterey 1952 Wagon 原子事实对应多条候选记录
非皮卡,高度压缩两两组合,Mercury,Monterey/Monterey,Monterey,/,/,无可用尺码,1952-1953/2004-2007,Convertible/Coupe/Sedan/MPV,/,,,1952-2007,Convertible/Coupe/MPV/Sedan,,fallback,Mercury Monterey 1954 Convertible 原子事实对应多条候选记录
非皮卡,高度压缩两两组合,Mercury,Monterey/Monterey,Monterey,/,/,无可用尺码,1952-1960/1969-1974,Hatchback/Wagon/Wagon,/,,,1952-1974,Hatchback/Wagon,,success,
非皮卡,高度压缩两两组合,Mercury,Monterey/Monterey,Monterey,/,/,无可用尺码,1952-1953/1952-1974,Convertible/Coupe/Sedan/Hatchback/Wagon,/,,,1952-1974,Convertible/Coupe/Hatchback/Sedan/Wagon,,fallback,Mercury Monterey 1954 Convertible 原子事实对应多条候选记录
非皮卡,高度压缩两两组合,Mercury,Monterey/Monterey,Monterey,/,/,无可用尺码,1952-1953/2004-2007,Convertible/Coupe/Sedan/MPV,/,,,1952-2007,Convertible/Coupe/MPV/Sedan,,fallback,Mercury Monterey 1954 Convertible 原子事实对应多条候选记录
非皮卡,高度压缩两两组合,Mercury,Monterey/Monterey,Monterey,/,/,无可用尺码,1952-1974/2004-2007,Hatchback/Wagon/MPV,/,,,1952-2007,Hatchback/MPV/Wagon,,success,
非皮卡,高度压缩两两组合,Mercury,Monterey/Monterey,Monterey,/,/,无可用尺码,1952-1953/1952-2007,Convertible/Coupe/Sedan/Hatchback/MPV/Wagon,/,,,1952-2007,Convertible/Coupe/Hatchback/MPV/Sedan/Wagon,,fallback,Mercury Monterey 1954 Convertible 原子事实对应多条候选记录
非皮卡,高度压缩两两组合,Mercury,Monterey/Monterey,Monterey,/,/,4XL,1954/1954-1974,Convertible/Coupe,/,,,1954-1974,Convertible/Coupe,,fallback,Mercury Monterey 1961 Convertible 原子事实对应多条候选记录
非皮卡,高度压缩两两组合,Mercury,Monterey/Monterey,Monterey,/,/,4XL,1954/1954-1974,Convertible/Sedan,/,,,1954-1974,Convertible/Sedan,,fallback,Mercury Monterey 1961 Convertible 原子事实对应多条候选记录
非皮卡,高度压缩两两组合,Mercury,Monterey/Monterey,Monterey,/,/,4XL,1954/1961-1968,Convertible/Convertible,/,,,1954-1968,Convertible,,success,
非皮卡,高度压缩两两组合,Mercury,Monterey/Monterey,Monterey,/,/,无可用尺码,1952-1953/1952-2007,Convertible/Coupe/Sedan/Hatchback/MPV/Wagon,/,,,1952-2007,Convertible/Coupe/Hatchback/MPV/Sedan/Wagon,,fallback,Mercury Monterey 1954 Convertible 原子事实对应多条候选记录
非皮卡,高度压缩两两组合,Mercury,Monterey/Monterey,Monterey,/,/,4XL,1954-1968/1954-1974,Convertible/Coupe,/,,,1954-1974,Convertible/Coupe,,success,
非皮卡,高度压缩两两组合,Mercury,Monterey/Monterey,Monterey,/,/,无可用尺码,1952-1953/1952-2007,Convertible/Coupe/Sedan/Hatchback/MPV/Wagon,/,,,1952-2007,Convertible/Coupe/Hatchback/MPV/Sedan/Wagon,,fallback,Mercury Monterey 1954 Convertible 原子事实对应多条候选记录
非皮卡,高度压缩两两组合,Mercury,Monterey/Monterey,Monterey,/,/,4XL,1954-1974/1954-1974,Convertible/Coupe/Sedan,/,,,1954-1974,Convertible/Coupe/Sedan,,success,
非皮卡,高度压缩两两组合,Mercury,Monterey/Monterey,Monterey,/,/,无可用尺码,1952-1953/1952-2007,Convertible/Coupe/Sedan/Hatchback/MPV/Wagon,/,,,1952-2007,Convertible/Coupe/Hatchback/MPV/Sedan/Wagon,,fallback,Mercury Monterey 1954 Convertible 原子事实对应多条候选记录
非皮卡,高度压缩两两组合,Mercury,Sable/Sable,Sable,/,/,无可用尺码,1986-1995/1986-2005,Sedan/Wagon,/,,,1986-2005,Sedan/Wagon,,fallback,Mercury Sable 1996 Sedan 原子事实对应多条候选记录
非皮卡,高度压缩两两组合,Mercury,Sable/Sable,Sable,/,/,4XL,1996-2005/2008-2009,Sedan/Sedan,/,,,1996-2009,Sedan,,success,
非皮卡,高度压缩两两组合,Mercury,Sable/Sable,Sable,/,/,无可用尺码,1986-1995/1986-2005,Sedan/Wagon,/,,,1986-2005,Sedan/Wagon,,fallback,Mercury Sable 1996 Sedan 原子事实对应多条候选记录
非皮卡,高度压缩两两组合,Mercury,Tracer/Tracer,Tracer,/,/,无可用尺码,1988-1999/1991-1994,Sedan/Wagon,/,,,1988-1999,Sedan/Wagon,,fallback,Mercury Tracer 1997 Wagon 原子事实对应多条候选记录
非皮卡,高度压缩两两组合,Mercury,Tracer/Tracer,Tracer,/,/,无可用尺码,1988-1999/1997-1999,Sedan/Wagon,/,,,1988-1999,Sedan/Wagon,,fallback,Mercury Tracer 1991 Wagon 原子事实对应多条候选记录
非皮卡,高度压缩两两组合,Mercury,Tracer/Tracer,Tracer,/,/,无可用尺码,1991-1994/1997-1999,Wagon/Wagon,/,,,1991-1999,Wagon,,success,
非皮卡,高度压缩两两组合,Mercury,Tracer/Tracer,Tracer,/,/,无可用尺码,1988-1999/1991-1999,Sedan/Wagon,/,,,1988-1999,Sedan/Wagon,,success,
非皮卡,高度压缩两两组合,Mitsubishi,3000GT/3000GT,3000GT,/,/,无可用尺码,1991-1999/1995-1996,Coupe/Convertible,/,,,1991-1999,Convertible/Coupe,,success,
非皮卡,高度压缩两两组合,Mitsubishi,Eclipse/Eclipse,Eclipse,/,/,无可用尺码,1990-1998/1995-1999,Coupe/Hatchback,/,,,1990-1999,Coupe/Hatchback,,success,
非皮卡,高度压缩两两组合,Mitsubishi,Eclipse/Eclipse,Eclipse,/,/,无可用尺码,1990-1999/1996-1999,Coupe/Hatchback/Convertible,/,,,1990-1999,Convertible/Coupe/Hatchback,,success,
非皮卡,高度压缩两两组合,Mitsubishi,Eclipse/Eclipse,Eclipse,/,/,无可用尺码,1990-1999/2000-2012,Convertible/Coupe/Hatchback/Coupe,/,,,1990-2012,Convertible/Coupe/Hatchback,,fallback,Mitsubishi Eclipse 2007 Convertible 原子事实对应多条候选记录
非皮卡,高度压缩两两组合,Mitsubishi,Eclipse/Eclipse,Eclipse,/,/,无可用尺码,1990-1999/2001-2005,Convertible/Coupe/Hatchback/Convertible,/Spyder,,,1990-2005,Convertible/Coupe/Hatchback,Incl: Spyder,fallback,Mitsubishi Eclipse 2000 Coupe 原子事实对应多条候选记录
非皮卡,高度压缩两两组合,Mitsubishi,Eclipse/Eclipse,Eclipse,/,/,无可用尺码,1990-1999/2007-2012,Convertible/Coupe/Hatchback/Convertible,/,,,1990-2012,Convertible/Coupe/Hatchback,,fallback,Mitsubishi Eclipse 2000 Coupe 原子事实对应多条候选记录
非皮卡,高度压缩两两组合,Mitsubishi,Eclipse/Eclipse,Eclipse,/,/,无可用尺码,1990-1999/2007-2012,Convertible/Coupe/Hatchback/Convertible,/Spyder,,,1990-2012,Convertible/Coupe/Hatchback,Incl: Spyder,fallback,Mitsubishi Eclipse 2000 Coupe 原子事实对应多条候选记录
非皮卡,高度压缩两两组合,Mitsubishi,Eclipse/Eclipse,Eclipse,/,/,无可用尺码,2000-2012/2001-2005,Coupe/Convertible,/Spyder,,,2000-2012,Convertible/Coupe,Incl: Spyder,fallback,Mitsubishi Eclipse 2007 Convertible 原子事实对应多条候选记录
非皮卡,高度压缩两两组合,Mitsubishi,Eclipse/Eclipse,Eclipse,/,/,无可用尺码,2000-2012/2007-2012,Coupe/Convertible,/,,,2000-2012,Convertible/Coupe,,success,
非皮卡,高度压缩两两组合,Mitsubishi,Eclipse/Eclipse,Eclipse,/,/,无可用尺码,1990-1999/2000-2012,Convertible/Coupe/Hatchback/Convertible/Coupe,/,,,1990-2012,Convertible/Coupe/Hatchback,,success,
非皮卡,高度压缩两两组合,Mitsubishi,Eclipse/Eclipse,Eclipse,/,/,无可用尺码,1990-2012/2001-2005,Convertible/Coupe/Hatchback/Convertible,/Spyder,,,1990-2012,Convertible/Coupe/Hatchback,Incl: Spyder,fallback,Mitsubishi Eclipse 2007 Convertible 原子事实对应多条候选记录
非皮卡,高度压缩两两组合,Mitsubishi,Eclipse/Eclipse,Eclipse,/,/,无可用尺码,1990-2012/2007-2012,Convertible/Coupe/Hatchback/Convertible,/Spyder,,,1990-2012,Convertible/Coupe/Hatchback,Incl: Spyder,fallback,Mitsubishi Eclipse 2001 Convertible 原子事实对应多条候选记录
非皮卡,高度压缩两两组合,Mitsubishi,Eclipse/Eclipse,Eclipse,/,/,无可用尺码,2001-2005/2007-2012,Convertible/Convertible,Spyder/Spyder,,,2001-2012,Convertible,Spyder,success,
非皮卡,高度压缩两两组合,Mitsubishi,Eclipse/Eclipse,Eclipse,/,/,无可用尺码,1990-2012/2001-2012,Convertible/Coupe/Hatchback/Convertible,/Spyder,,,1990-2012,Convertible/Coupe/Hatchback,Incl: Spyder,success,
非皮卡,高度压缩两两组合,Mitsubishi,Eclipse Cross/Eclipse Cross,Eclipse Cross,/,/,无可用尺码,2018-2020/2022-2026,Crossover/Crossover,/,,,2018-2026,Crossover,,success,
非皮卡,高度压缩两两组合,Mitsubishi,Lancer/Lancer,Lancer,/,/,无可用尺码,2002-2010/2011-2015,Sedan/Hatchback,/,,,2002-2015,Hatchback/Sedan,,fallback,Mitsubishi Lancer 2015 Sedan 原子事实对应多条候选记录
非皮卡,高度压缩两两组合,Mitsubishi,Lancer/Lancer,Lancer,/,/,无可用尺码,2002-2010/2015-2017,Sedan/Sedan,/,,,2002-2017,Sedan,,success,
非皮卡,高度压缩两两组合,Mitsubishi,Lancer/Lancer,Lancer,/,/,无可用尺码,2002-2017/2011-2015,Sedan/Hatchback,/,,,2002-2017,Hatchback/Sedan,,success,
非皮卡,高度压缩两两组合,Mitsubishi,Mirage/Mirage,Mirage,/,/,无可用尺码,2014-2015/2017-2024,Hatchback/Hatchback,/,,,2014-2024,Hatchback,,success,
非皮卡,高度压缩两两组合,Mitsubishi,Mirage/Mirage,Mirage,/,/,无可用尺码,2014-2024/2017-2024,Hatchback/Sedan,/,,,2014-2024,Hatchback/Sedan,,success,
非皮卡,高度压缩两两组合,Mitsubishi,Montero/Montero,Montero,/,/,无可用尺码,1983-1990/1989,SUV/SUV,2dr SWB/4dr LWB,,,1983-1990,SUV,2dr SWB/4dr LWB,success,
非皮卡,高度压缩两两组合,Mitsubishi,Montero/Montero,Montero,/,/,无可用尺码,1983-1990/1990,SUV/SUV,2dr SWB/4dr LWB/4dr LS LWB,,,1983-1990,SUV,2dr SWB/4dr LS LWB/4dr LWB,success,
非皮卡,高度压缩两两组合,Mitsubishi,Montero/Montero,Montero,/,/,无可用尺码,1983-1990/1991,SUV/SUV,2dr SWB/4dr LS LWB/4dr LWB/4dr LWB,,,1983-1991,SUV,2dr SWB/4dr LS LWB/4dr LWB,success,
非皮卡,高度压缩两两组合,Mitsubishi,Montero/Montero,Montero,/,/,无可用尺码,1983-1991/1992-1997,SUV/SUV,2dr SWB/4dr LS LWB/4dr LWB/,,,1983-1997,SUV,Incl: 2dr SWB/4dr LS LWB/4dr LWB,success,
非皮卡,高度压缩两两组合,Mitsubishi,Montero/Montero,Montero,/,/,无可用尺码,1983-1997/1999-2006,SUV/SUV,Incl: 2dr SWB/4dr LS LWB/4dr LWB/,,,1983-2006,SUV,Incl: 2dr SWB/4dr LS LWB/4dr LWB,success,
非皮卡,高度压缩两两组合,Mitsubishi,i-MiEV/i-MiEV,i-MiEV,/,/,无可用尺码,2012/2014,Hatchback/Hatchback,/,,,2012-2014,Hatchback,,success,
非皮卡,高度压缩两两组合,Mitsubishi,i-MiEV/i-MiEV,i-MiEV,/,/,无可用尺码,2012-2014/2016-2017,Hatchback/Hatchback,/,,,2012-2017,Hatchback,,success,
非皮卡,高度压缩两两组合,Nissan,240SX/240SX,240SX,/,/,无可用尺码,1989-1992/1989-1993,Hatchback/Coupe,/,,,1989-1993,Coupe/Hatchback,,success,
非皮卡,高度压缩两两组合,Nissan,240SX/240SX,240SX,/,/,无可用尺码,1989-1993/1989-1993,Coupe/Hatchback/Hatchback,/Fastback,,,1989-1993,Coupe/Hatchback,Incl: Fastback,success,
非皮卡,高度压缩两两组合,Nissan,240SX/240SX,240SX,/,/,无可用尺码,1989-1993/1992-1994,Coupe/Hatchback/Convertible,Incl: Fastback/,,,1989-1994,Convertible/Coupe/Hatchback,Incl: Fastback,success,
非皮卡,高度压缩两两组合,Nissan,240SX/240SX,240SX,/,/,无可用尺码,1989-1994/1995-1998,Convertible/Coupe/Hatchback/Coupe,Incl: Fastback/,,,1989-1998,Convertible/Coupe/Hatchback,Incl: Fastback,success,
非皮卡,高度压缩两两组合,Nissan,300ZX/300ZX,300ZX,/,/,无可用尺码,1984-1992/1990-1996,Coupe/Convertible,/,,,1984-1996,Convertible/Coupe,,fallback,Nissan 300ZX 1995 Coupe 原子事实对应多条候选记录
非皮卡,高度压缩两两组合,Nissan,300ZX/300ZX,300ZX,/,/,无可用尺码,1984-1992/1990-1996,Coupe/Coupe,/2+2,,,1984-1996,Coupe,Incl: 2+2,fallback,Nissan 300ZX 1995 Coupe 原子事实对应多条候选记录
非皮卡,高度压缩两两组合,Nissan,300ZX/300ZX,300ZX,/,/,无可用尺码,1984-1992/1993-1994,Coupe/Coupe,/2+2 Coupe,,,1984-1994,Coupe,Incl: 2+2 Coupe,success,
非皮卡,高度压缩两两组合,Nissan,300ZX/300ZX,300ZX,/,/,无可用尺码,1984-1994/1990-1996,Coupe/Convertible,Incl: 2+2 Coupe/,,,1984-1996,Convertible/Coupe,Incl: 2+2 Coupe,fallback,Nissan 300ZX 1995 Coupe 原子事实对应多条候选记录
非皮卡,高度压缩两两组合,Nissan,300ZX/300ZX,300ZX,/,/,无可用尺码,1984-1994/1990-1996,Coupe/Coupe,Incl: 2+2 Coupe/2+2,,,1984-1996,Coupe,Incl: 2+2/2+2 Coupe,fallback,Nissan 300ZX 1995 Coupe 原子事实对应多条候选记录
非皮卡,高度压缩两两组合,Nissan,300ZX/300ZX,300ZX,/,/,无可用尺码,1984-1994/1993-1994,Coupe/Coupe,Incl: 2+2 Coupe/2-Seater,,,1984-1994,Coupe,Incl: 2+2 Coupe/2-Seater,success,
非皮卡,高度压缩两两组合,Nissan,300ZX/300ZX,300ZX,/,/,无可用尺码,1984-1994/1990-1996,Coupe/Convertible,Incl: 2+2 Coupe/2-Seater/,,,1984-1996,Convertible/Coupe,Incl: 2+2 Coupe/2-Seater,fallback,Nissan 300ZX 1995 Coupe 原子事实对应多条候选记录
非皮卡,高度压缩两两组合,Nissan,300ZX/300ZX,300ZX,/,/,无可用尺码,1984-1994/1990-1996,Coupe/Coupe,Incl: 2+2 Coupe/2-Seater/2+2,,,1984-1996,Coupe,Incl: 2+2/2+2 Coupe/2-Seater,fallback,Nissan 300ZX 1995 Coupe 原子事实对应多条候选记录
非皮卡,高度压缩两两组合,Nissan,300ZX/300ZX,300ZX,/,/,无可用尺码,1984-1994/1995-1996,Coupe/Coupe,Incl: 2+2 Coupe/2-Seater/,,,1984-1996,Coupe,Incl: 2+2 Coupe/2-Seater,success,
非皮卡,高度压缩两两组合,Nissan,300ZX/300ZX,300ZX,/,/,无可用尺码,1984-1996/1990-1996,Coupe/Convertible,Incl: 2+2 Coupe/2-Seater/,,,1984-1996,Convertible/Coupe,Incl: 2+2 Coupe/2-Seater,success,
非皮卡,高度压缩两两组合,Nissan,300ZX/300ZX,300ZX,/,/,无可用尺码,1984-1996/1990-1996,Convertible/Coupe/Coupe,Incl: 2+2 Coupe/2-Seater/2+2,,,1984-1996,Convertible/Coupe,Incl: 2+2/2+2 Coupe/2-Seater,success,
非皮卡,高度压缩两两组合,Nissan,350Z/350Z,350Z,/,/,无可用尺码,2003-2008/2004-2009,Coupe/Convertible,/,,,2003-2009,Convertible/Coupe,,success,
非皮卡,高度压缩两两组合,Nissan,370Z/370Z,370Z,/,/,无可用尺码,2009-2020/2010-2019,Coupe/Convertible,/,,,2009-2020,Convertible/Coupe,,success,
非皮卡,高度压缩两两组合,Nissan,370Z/370Z,370Z,/,/,无可用尺码,2009-2020/2015-2020,Convertible/Coupe/Coupe,/NISMO,,,2009-2020,Convertible/Coupe,Incl: NISMO,success,
非皮卡,高度压缩两两组合,Nissan,Altima/Altima,Altima,/,/,无可用尺码,1993-2026/2008-2013,Sedan/Coupe,/,,,1993-2026,Coupe/Sedan,,success,
非皮卡,高度压缩两两组合,Nissan,Armada/Armada,Armada,/,/,无可用尺码,2004-2015/2017-2024,SUV/SUV,/,,,2004-2024,SUV,,success,
非皮卡,高度压缩两两组合,Nissan,Armada/Armada,Armada,/,/,无可用尺码,2004-2024/2025,SUV/SUV,/PRO-4X,,,2004-2025,SUV,Incl: PRO-4X,success,
非皮卡,高度压缩两两组合,Nissan,Armada/Armada,Armada,/,/,无可用尺码,2004-2025/2026,SUV/SUV,Incl: PRO-4X/,,,2004-2026,SUV,Incl: PRO-4X,success,
非皮卡,高度压缩两两组合,Nissan,Armada/Armada,Armada,/,/,无可用尺码,2004-2026/2026,SUV/SUV,Incl: PRO-4X/NISMO,,,2004-2026,SUV,Incl: NISMO/PRO-4X,success,
非皮卡,高度压缩两两组合,Nissan,GT-R/GT-R,GT-R,/,/,无可用尺码,2009-2016/2017-2021,Coupe/Coupe,/NISMO,,,2009-2021,Coupe,Incl: NISMO,success,
非皮卡,高度压缩两两组合,Nissan,GT-R/GT-R,GT-R,/,/,无可用尺码,2009-2021/2023-2024,Coupe/Coupe,Incl: NISMO/NISMO,,,2009-2024,Coupe,Incl: NISMO,success,
非皮卡,高度压缩两两组合,Nissan,Leaf/Leaf,Leaf,/,/,无可用尺码,2011-2025/2026,Hatchback/Crossover,/,,,2011-2026,Crossover/Hatchback,,success,
非皮卡,高度压缩两两组合,Nissan,Maxima/Maxima,Maxima,/,/,无可用尺码,1981-1984/1981-2014,Wagon/Sedan,/,,,1981-2014,Sedan/Wagon,,success,
非皮卡,高度压缩两两组合,Nissan,Maxima/Maxima,Maxima,/,/,无可用尺码,1981-2014/2016-2023,Sedan/Wagon/Sedan,/,,,1981-2023,Sedan/Wagon,,success,
非皮卡,高度压缩两两组合,Nissan,Pathfinder/Pathfinder,Pathfinder,/,/,无可用尺码,1987/1988-1995,SUV/SUV,/Wide-body,,,1987-1995,SUV,Incl: Wide-body,success,
非皮卡,高度压缩两两组合,Nissan,Pathfinder/Pathfinder,Pathfinder,/,/,无可用尺码,1987-1995/1990-1995,SUV/SUV,Incl: Wide-body/Narrow-body,,,1987-1995,SUV,Incl: Narrow-body/Wide-body,success,
非皮卡,高度压缩两两组合,Nissan,Pathfinder/Pathfinder,Pathfinder,/,/,无可用尺码,1987-1995/1996-2020,SUV/SUV,Incl: Narrow-body/Wide-body/,,,1987-2020,SUV,Incl: Narrow-body/Wide-body,success,
非皮卡,高度压缩两两组合,Nissan,Pathfinder/Pathfinder,Pathfinder,/,/,无可用尺码,1987-2020/2022-2024,SUV/SUV,Incl: Narrow-body/Wide-body/,,,1987-2024,SUV,Incl: Narrow-body/Wide-body,success,
非皮卡,高度压缩两两组合,Nissan,Pathfinder/Pathfinder,Pathfinder,/,/,无可用尺码,1987-2024/2025-2026,SUV/SUV,Incl: Narrow-body/Wide-body/Rock Creek,,,1987-2026,SUV,Incl: Narrow-body/Rock Creek/Wide-body,success,
非皮卡,高度压缩两两组合,Nissan,Rogue/Rogue,Rogue,/,/,无可用尺码,2008-2020/2021-2026,SUV/SUV,/PHEV,,,2008-2026,SUV,Incl: PHEV,fallback,Nissan Rogue 2026 SUV 原子事实对应多条候选记录
非皮卡,高度压缩两两组合,Nissan,Rogue/Rogue,Rogue,/,/,无可用尺码,2008-2020/2026,SUV/SUV,/,,,2008-2026,SUV,,success,
非皮卡,高度压缩两两组合,Nissan,Rogue/Rogue,Rogue,/,/,无可用尺码,2008-2026/2021-2026,SUV/SUV,/PHEV,,,2008-2026,SUV,Incl: PHEV,success,
非皮卡,高度压缩两两组合,Nissan,Sentra/Sentra,Sentra,/,/,无可用尺码,1982-1983/1982-1986,Hatchback/Sedan,/2dr,,,1982-1986,Hatchback/Sedan,Incl: 2dr,success,
非皮卡,高度压缩两两组合,Nissan,Sentra/Sentra,Sentra,/,/,无可用尺码,1982-1986/1982-1986,Hatchback/Sedan/Sedan,Incl: 2dr/4dr,,,1982-1986,Hatchback/Sedan,Incl: 2dr/4dr,success,
非皮卡,高度压缩两两组合,Nissan,Sentra/Sentra,Sentra,/,/,无可用尺码,1982-1986/1982-1986,Hatchback/Sedan/Wagon,Incl: 2dr/4dr/,,,1982-1986,Hatchback/Sedan/Wagon,Incl: 2dr/4dr,success,
非皮卡,高度压缩两两组合,Nissan,Sentra/Sentra,Sentra,/,/,无可用尺码,1982-1986/1982-1990,Hatchback/Sedan/Wagon/Coupe,Incl: 2dr/4dr/,,,1982-1990,Coupe/Hatchback/Sedan/Wagon,Incl: 2dr/4dr,success,
非皮卡,高度压缩两两组合,Nissan,Sentra/Sentra,Sentra,/,/,无可用尺码,1982-1990/1991-2026,Coupe/Hatchback/Sedan/Wagon/Sedan,Incl: 2dr/4dr/,,,1982-2026,Coupe/Hatchback/Sedan/Wagon,Incl: 2dr/4dr,fallback,Nissan Sentra 1993 Coupe 原子事实对应多条候选记录
非皮卡,高度压缩两两组合,Nissan,Sentra/Sentra,Sentra,/,/,无可用尺码,1982-1990/1993-1994,Coupe/Hatchback/Sedan/Wagon/Coupe,Incl: 2dr/4dr/,,,1982-1994,Coupe/Hatchback/Sedan/Wagon,Incl: 2dr/4dr,fallback,Nissan Sentra 1991 Sedan 原子事实对应多条候选记录
非皮卡,高度压缩两两组合,Nissan,Sentra/Sentra,Sentra,/,/,无可用尺码,1991-2026/1993-1994,Sedan/Coupe,/,,,1991-2026,Coupe/Sedan,,success,
非皮卡,高度压缩两两组合,Nissan,Sentra/Sentra,Sentra,/,/,无可用尺码,1982-1990/1991-2026,Coupe/Hatchback/Sedan/Wagon/Coupe/Sedan,Incl: 2dr/4dr/,,,1982-2026,Coupe/Hatchback/Sedan/Wagon,Incl: 2dr/4dr,success,
非皮卡,高度压缩两两组合,Nissan,Versa/Versa,Versa,/,/,无可用尺码,2007-2012/2007-2026,Hatchback/Sedan,/,,,2007-2026,Hatchback/Sedan,,fallback,Nissan Versa 2014 Hatchback 原子事实对应多条候选记录
非皮卡,高度压缩两两组合,Nissan,Versa/Versa,Versa,/,/,无可用尺码,2007-2012/2014-2019,Hatchback/Hatchback,/,,,2007-2019,Hatchback,,success,
非皮卡,高度压缩两两组合,Nissan,Versa/Versa,Versa,/,/,无可用尺码,2007-2019/2007-2026,Hatchback/Sedan,/,,,2007-2026,Hatchback/Sedan,,success,
非皮卡,高度压缩两两组合,Nissan,Z/Z,Z,/,/,无可用尺码,2023-2026/2024-2026,Coupe/Coupe,/NISMO,,,2023-2026,Coupe,Incl: NISMO,success,
非皮卡,高度压缩两两组合,Oldsmobile,88/88,88,/,/,无可用尺码,1949-1950/1957-1970,Coupe/Hatchback,/,,,1949-1970,Coupe/Hatchback,,fallback,Oldsmobile 88 1951 Coupe 原子事实对应多条候选记录
非皮卡,高度压缩两两组合,Oldsmobile,88/88,88,/,/,无可用尺码,1949-1950/1961-1964,Coupe/Wagon,/,,,1949-1964,Coupe/Wagon,,fallback,Oldsmobile 88 1951 Coupe 原子事实对应多条候选记录
非皮卡,高度压缩两两组合,Oldsmobile,88/88,88,/,/,无可用尺码,1949-1950/1972,Coupe/Wagon,/,,,1949-1972,Coupe/Wagon,,fallback,Oldsmobile 88 1951 Coupe 原子事实对应多条候选记录
非皮卡,高度压缩两两组合,Oldsmobile,88/88,88,/,/,无可用尺码,1949-1950/1972-1976,Coupe/Coupe,/,,,1949-1976,Coupe,,fallback,Oldsmobile 88 1951 Coupe 原子事实对应多条候选记录
非皮卡,高度压缩两两组合,Oldsmobile,88/88,88,/,/,无可用尺码,1949-1950/1973-1976,Coupe/Sedan,/,,,1949-1976,Coupe/Sedan,,fallback,Oldsmobile 88 1951 Coupe 原子事实对应多条候选记录
非皮卡,高度压缩两两组合,Oldsmobile,88/88,88,/,/,无可用尺码,1949-1950/1974-1975,Coupe/Wagon,/,,,1949-1975,Coupe/Wagon,,fallback,Oldsmobile 88 1951 Coupe 原子事实对应多条候选记录
非皮卡,高度压缩两两组合,Oldsmobile,88/88,88,/,/,无可用尺码,1949-1950/1977-1985,Coupe/Wagon,/,,,1949-1985,Coupe/Wagon,,fallback,Oldsmobile 88 1951 Coupe 原子事实对应多条候选记录
非皮卡,高度压缩两两组合,Oldsmobile,88/88,88,/,/,无可用尺码,1949-1950/1986-1989,Coupe/Coupe,/,,,1949-1989,Coupe,,fallback,Oldsmobile 88 1951 Coupe 原子事实对应多条候选记录
非皮卡,高度压缩两两组合,Oldsmobile,88/88,88,/,/,无可用尺码,1949-1950/1986-1999,Coupe/Sedan,/,,,1949-1999,Coupe/Sedan,,fallback,Oldsmobile 88 1951 Coupe 原子事实对应多条候选记录
非皮卡,高度压缩两两组合,Oldsmobile,88/88,88,/,/,4XL,1951-1971/1951-1972,Coupe/Sedan,/,,,1951-1972,Coupe/Sedan,,fallback,Oldsmobile 88 1972 Coupe 原子事实对应多条候选记录
非皮卡,高度压缩两两组合,Oldsmobile,88/88,88,/,/,4XL,1951-1971/1977-1985,Coupe/Coupe,/,,,1951-1985,Coupe,,fallback,Oldsmobile 88 1972 Coupe 原子事实对应多条候选记录
非皮卡,高度压缩两两组合,Oldsmobile,88/88,88,/,/,4XL,1951-1971/1977-1985,Coupe/Sedan,/,,,1951-1985,Coupe/Sedan,,fallback,Oldsmobile 88 1951 Sedan 原子事实对应多条候选记录
非皮卡,高度压缩两两组合,Oldsmobile,88/88,88,/,/,4XL,1951-1972/1977-1985,Sedan/Coupe,/,,,1951-1985,Coupe/Sedan,,fallback,Oldsmobile 88 1951 Coupe 原子事实对应多条候选记录
非皮卡,高度压缩两两组合,Oldsmobile,88/88,88,/,/,4XL,1951-1972/1977-1985,Sedan/Sedan,/,,,1951-1985,Sedan,,fallback,Oldsmobile 88 1973 Sedan 原子事实对应多条候选记录
非皮卡,高度压缩两两组合,Oldsmobile,88/88,88,/,/,无可用尺码,1957-1970/1961-1964,Hatchback/Wagon,/,,,1957-1970,Hatchback/Wagon,,success,
非皮卡,高度压缩两两组合,Oldsmobile,88/88,88,/,/,无可用尺码,1949-1950/1957-1970,Coupe/Hatchback/Wagon,/,,,1949-1970,Coupe/Hatchback/Wagon,,fallback,Oldsmobile 88 1951 Coupe 原子事实对应多条候选记录
非皮卡,高度压缩两两组合,Oldsmobile,88/88,88,/,/,无可用尺码,1949-1950/1972,Coupe/Wagon,/,,,1949-1972,Coupe/Wagon,,fallback,Oldsmobile 88 1951 Coupe 原子事实对应多条候选记录
非皮卡,高度压缩两两组合,Oldsmobile,88/88,88,/,/,无可用尺码,1949-1950/1972-1976,Coupe/Coupe,/,,,1949-1976,Coupe,,fallback,Oldsmobile 88 1951 Coupe 原子事实对应多条候选记录
非皮卡,高度压缩两两组合,Oldsmobile,88/88,88,/,/,无可用尺码,1949-1950/1973-1976,Coupe/Sedan,/,,,1949-1976,Coupe/Sedan,,fallback,Oldsmobile 88 1951 Coupe 原子事实对应多条候选记录
非皮卡,高度压缩两两组合,Oldsmobile,88/88,88,/,/,无可用尺码,1949-1950/1974-1975,Coupe/Wagon,/,,,1949-1975,Coupe/Wagon,,fallback,Oldsmobile 88 1951 Coupe 原子事实对应多条候选记录
非皮卡,高度压缩两两组合,Oldsmobile,88/88,88,/,/,无可用尺码,1949-1950/1977-1985,Coupe/Wagon,/,,,1949-1985,Coupe/Wagon,,fallback,Oldsmobile 88 1951 Coupe 原子事实对应多条候选记录
非皮卡,高度压缩两两组合,Oldsmobile,88/88,88,/,/,无可用尺码,1949-1950/1986-1989,Coupe/Coupe,/,,,1949-1989,Coupe,,fallback,Oldsmobile 88 1951 Coupe 原子事实对应多条候选记录
非皮卡,高度压缩两两组合,Oldsmobile,88/88,88,/,/,无可用尺码,1949-1950/1986-1999,Coupe/Sedan,/,,,1949-1999,Coupe/Sedan,,fallback,Oldsmobile 88 1951 Coupe 原子事实对应多条候选记录
非皮卡,高度压缩两两组合,Oldsmobile,88/88,88,/,/,4XL,1951-1971/1951-1972,Coupe/Sedan,/,,,1951-1972,Coupe/Sedan,,fallback,Oldsmobile 88 1972 Coupe 原子事实对应多条候选记录
非皮卡,高度压缩两两组合,Oldsmobile,88/88,88,/,/,4XL,1951-1971/1977-1985,Coupe/Coupe,/,,,1951-1985,Coupe,,fallback,Oldsmobile 88 1972 Coupe 原子事实对应多条候选记录
非皮卡,高度压缩两两组合,Oldsmobile,88/88,88,/,/,4XL,1951-1971/1977-1985,Coupe/Sedan,/,,,1951-1985,Coupe/Sedan,,fallback,Oldsmobile 88 1951 Sedan 原子事实对应多条候选记录
非皮卡,高度压缩两两组合,Oldsmobile,88/88,88,/,/,4XL,1951-1972/1977-1985,Sedan/Coupe,/,,,1951-1985,Coupe/Sedan,,fallback,Oldsmobile 88 1951 Coupe 原子事实对应多条候选记录
非皮卡,高度压缩两两组合,Oldsmobile,88/88,88,/,/,4XL,1951-1972/1977-1985,Sedan/Sedan,/,,,1951-1985,Sedan,,fallback,Oldsmobile 88 1973 Sedan 原子事实对应多条候选记录
非皮卡,高度压缩两两组合,Oldsmobile,88/88,88,/,/,无可用尺码,1957-1970/1972,Hatchback/Wagon/Wagon,/,,,1957-1972,Hatchback/Wagon,,success,
非皮卡,高度压缩两两组合,Oldsmobile,88/88,88,/,/,无可用尺码,1949-1950/1957-1972,Coupe/Hatchback/Wagon,/,,,1949-1972,Coupe/Hatchback/Wagon,,fallback,Oldsmobile 88 1951 Coupe 原子事实对应多条候选记录
非皮卡,高度压缩两两组合,Oldsmobile,88/88,88,/,/,无可用尺码,1949-1950/1972-1976,Coupe/Coupe,/,,,1949-1976,Coupe,,fallback,Oldsmobile 88 1951 Coupe 原子事实对应多条候选记录
非皮卡,高度压缩两两组合,Oldsmobile,88/88,88,/,/,无可用尺码,1949-1950/1973-1976,Coupe/Sedan,/,,,1949-1976,Coupe/Sedan,,fallback,Oldsmobile 88 1951 Coupe 原子事实对应多条候选记录
非皮卡,高度压缩两两组合,Oldsmobile,88/88,88,/,/,无可用尺码,1949-1950/1974-1975,Coupe/Wagon,/,,,1949-1975,Coupe/Wagon,,fallback,Oldsmobile 88 1951 Coupe 原子事实对应多条候选记录
非皮卡,高度压缩两两组合,Oldsmobile,88/88,88,/,/,无可用尺码,1949-1950/1977-1985,Coupe/Wagon,/,,,1949-1985,Coupe/Wagon,,fallback,Oldsmobile 88 1951 Coupe 原子事实对应多条候选记录
非皮卡,高度压缩两两组合,Oldsmobile,88/88,88,/,/,无可用尺码,1949-1950/1986-1989,Coupe/Coupe,/,,,1949-1989,Coupe,,fallback,Oldsmobile 88 1951 Coupe 原子事实对应多条候选记录
非皮卡,高度压缩两两组合,Oldsmobile,88/88,88,/,/,无可用尺码,1949-1950/1986-1999,Coupe/Sedan,/,,,1949-1999,Coupe/Sedan,,fallback,Oldsmobile 88 1951 Coupe 原子事实对应多条候选记录
非皮卡,高度压缩两两组合,Oldsmobile,88/88,88,/,/,4XL,1951-1971/1951-1972,Coupe/Sedan,/,,,1951-1972,Coupe/Sedan,,fallback,Oldsmobile 88 1972 Coupe 原子事实对应多条候选记录
非皮卡,高度压缩两两组合,Oldsmobile,88/88,88,/,/,4XL,1951-1971/1977-1985,Coupe/Coupe,/,,,1951-1985,Coupe,,fallback,Oldsmobile 88 1972 Coupe 原子事实对应多条候选记录
非皮卡,高度压缩两两组合,Oldsmobile,88/88,88,/,/,4XL,1951-1971/1977-1985,Coupe/Sedan,/,,,1951-1985,Coupe/Sedan,,fallback,Oldsmobile 88 1951 Sedan 原子事实对应多条候选记录
非皮卡,高度压缩两两组合,Oldsmobile,88/88,88,/,/,4XL,1951-1972/1977-1985,Sedan/Coupe,/,,,1951-1985,Coupe/Sedan,,fallback,Oldsmobile 88 1951 Coupe 原子事实对应多条候选记录
非皮卡,高度压缩两两组合,Oldsmobile,88/88,88,/,/,4XL,1951-1972/1977-1985,Sedan/Sedan,/,,,1951-1985,Sedan,,fallback,Oldsmobile 88 1973 Sedan 原子事实对应多条候选记录
非皮卡,高度压缩两两组合,Oldsmobile,88/88,88,/,/,无可用尺码,1957-1972/1972-1976,Hatchback/Wagon/Coupe,/,,,1957-1976,Coupe/Hatchback/Wagon,,fallback,Oldsmobile 88 1957 Coupe 原子事实对应多条候选记录
非皮卡,高度压缩两两组合,Oldsmobile,88/88,88,/,/,无可用尺码,1957-1972/1973-1976,Hatchback/Wagon/Sedan,/,,,1957-1976,Hatchback/Sedan/Wagon,,fallback,Oldsmobile 88 1957 Sedan 原子事实对应多条候选记录
非皮卡,高度压缩两两组合,Oldsmobile,88/88,88,/,/,无可用尺码,1957-1972/1974-1975,Hatchback/Wagon/Wagon,/,,,1957-1975,Hatchback/Wagon,,success,
非皮卡,高度压缩两两组合,Oldsmobile,88/88,88,/,/,无可用尺码,1949-1950/1957-1975,Coupe/Hatchback/Wagon,/,,,1949-1975,Coupe/Hatchback/Wagon,,fallback,Oldsmobile 88 1951 Coupe 原子事实对应多条候选记录
非皮卡,高度压缩两两组合,Oldsmobile,88/88,88,/,/,无可用尺码,1949-1950/1972-1976,Coupe/Coupe,/,,,1949-1976,Coupe,,fallback,Oldsmobile 88 1951 Coupe 原子事实对应多条候选记录
非皮卡,高度压缩两两组合,Oldsmobile,88/88,88,/,/,无可用尺码,1949-1950/1973-1976,Coupe/Sedan,/,,,1949-1976,Coupe/Sedan,,fallback,Oldsmobile 88 1951 Coupe 原子事实对应多条候选记录
非皮卡,高度压缩两两组合,Oldsmobile,88/88,88,/,/,无可用尺码,1949-1950/1977-1985,Coupe/Wagon,/,,,1949-1985,Coupe/Wagon,,fallback,Oldsmobile 88 1951 Coupe 原子事实对应多条候选记录
非皮卡,高度压缩两两组合,Oldsmobile,88/88,88,/,/,无可用尺码,1949-1950/1986-1989,Coupe/Coupe,/,,,1949-1989,Coupe,,fallback,Oldsmobile 88 1951 Coupe 原子事实对应多条候选记录
非皮卡,高度压缩两两组合,Oldsmobile,88/88,88,/,/,无可用尺码,1949-1950/1986-1999,Coupe/Sedan,/,,,1949-1999,Coupe/Sedan,,fallback,Oldsmobile 88 1951 Coupe 原子事实对应多条候选记录
非皮卡,高度压缩两两组合,Oldsmobile,88/88,88,/,/,4XL,1951-1971/1951-1972,Coupe/Sedan,/,,,1951-1972,Coupe/Sedan,,fallback,Oldsmobile 88 1972 Coupe 原子事实对应多条候选记录
非皮卡,高度压缩两两组合,Oldsmobile,88/88,88,/,/,4XL,1951-1971/1977-1985,Coupe/Coupe,/,,,1951-1985,Coupe,,fallback,Oldsmobile 88 1972 Coupe 原子事实对应多条候选记录
非皮卡,高度压缩两两组合,Oldsmobile,88/88,88,/,/,4XL,1951-1971/1977-1985,Coupe/Sedan,/,,,1951-1985,Coupe/Sedan,,fallback,Oldsmobile 88 1951 Sedan 原子事实对应多条候选记录
非皮卡,高度压缩两两组合,Oldsmobile,88/88,88,/,/,4XL,1951-1972/1977-1985,Sedan/Coupe,/,,,1951-1985,Coupe/Sedan,,fallback,Oldsmobile 88 1951 Coupe 原子事实对应多条候选记录
非皮卡,高度压缩两两组合,Oldsmobile,88/88,88,/,/,4XL,1951-1972/1977-1985,Sedan/Sedan,/,,,1951-1985,Sedan,,fallback,Oldsmobile 88 1973 Sedan 原子事实对应多条候选记录
非皮卡,高度压缩两两组合,Oldsmobile,88/88,88,/,/,无可用尺码,1957-1975/1972-1976,Hatchback/Wagon/Coupe,/,,,1957-1976,Coupe/Hatchback/Wagon,,fallback,Oldsmobile 88 1957 Coupe 原子事实对应多条候选记录
非皮卡,高度压缩两两组合,Oldsmobile,88/88,88,/,/,无可用尺码,1957-1975/1973-1976,Hatchback/Wagon/Sedan,/,,,1957-1976,Hatchback/Sedan/Wagon,,fallback,Oldsmobile 88 1957 Sedan 原子事实对应多条候选记录
非皮卡,高度压缩两两组合,Oldsmobile,88/88,88,/,/,无可用尺码,1957-1975/1977-1985,Hatchback/Wagon/Wagon,/,,,1957-1985,Hatchback/Wagon,,success,
非皮卡,高度压缩两两组合,Oldsmobile,88/88,88,/,/,无可用尺码,1949-1950/1957-1985,Coupe/Hatchback/Wagon,/,,,1949-1985,Coupe/Hatchback/Wagon,,fallback,Oldsmobile 88 1951 Coupe 原子事实对应多条候选记录
非皮卡,高度压缩两两组合,Oldsmobile,88/88,88,/,/,无可用尺码,1949-1950/1972-1976,Coupe/Coupe,/,,,1949-1976,Coupe,,fallback,Oldsmobile 88 1951 Coupe 原子事实对应多条候选记录
非皮卡,高度压缩两两组合,Oldsmobile,88/88,88,/,/,无可用尺码,1949-1950/1973-1976,Coupe/Sedan,/,,,1949-1976,Coupe/Sedan,,fallback,Oldsmobile 88 1951 Coupe 原子事实对应多条候选记录
非皮卡,高度压缩两两组合,Oldsmobile,88/88,88,/,/,无可用尺码,1949-1950/1986-1989,Coupe/Coupe,/,,,1949-1989,Coupe,,fallback,Oldsmobile 88 1951 Coupe 原子事实对应多条候选记录
非皮卡,高度压缩两两组合,Oldsmobile,88/88,88,/,/,无可用尺码,1949-1950/1986-1999,Coupe/Sedan,/,,,1949-1999,Coupe/Sedan,,fallback,Oldsmobile 88 1951 Coupe 原子事实对应多条候选记录
非皮卡,高度压缩两两组合,Oldsmobile,88/88,88,/,/,4XL,1951-1971/1951-1972,Coupe/Sedan,/,,,1951-1972,Coupe/Sedan,,fallback,Oldsmobile 88 1972 Coupe 原子事实对应多条候选记录
非皮卡,高度压缩两两组合,Oldsmobile,88/88,88,/,/,4XL,1951-1971/1977-1985,Coupe/Coupe,/,,,1951-1985,Coupe,,fallback,Oldsmobile 88 1972 Coupe 原子事实对应多条候选记录
非皮卡,高度压缩两两组合,Oldsmobile,88/88,88,/,/,4XL,1951-1971/1977-1985,Coupe/Sedan,/,,,1951-1985,Coupe/Sedan,,fallback,Oldsmobile 88 1951 Sedan 原子事实对应多条候选记录
非皮卡,高度压缩两两组合,Oldsmobile,88/88,88,/,/,4XL,1951-1972/1977-1985,Sedan/Coupe,/,,,1951-1985,Coupe/Sedan,,fallback,Oldsmobile 88 1951 Coupe 原子事实对应多条候选记录
非皮卡,高度压缩两两组合,Oldsmobile,88/88,88,/,/,4XL,1951-1972/1977-1985,Sedan/Sedan,/,,,1951-1985,Sedan,,fallback,Oldsmobile 88 1973 Sedan 原子事实对应多条候选记录
非皮卡,高度压缩两两组合,Oldsmobile,88/88,88,/,/,无可用尺码,1957-1985/1972-1976,Hatchback/Wagon/Coupe,/,,,1957-1985,Coupe/Hatchback/Wagon,,fallback,Oldsmobile 88 1957 Coupe 原子事实对应多条候选记录
非皮卡,高度压缩两两组合,Oldsmobile,88/88,88,/,/,无可用尺码,1957-1985/1973-1976,Hatchback/Wagon/Sedan,/,,,1957-1985,Hatchback/Sedan/Wagon,,fallback,Oldsmobile 88 1957 Sedan 原子事实对应多条候选记录
非皮卡,高度压缩两两组合,Oldsmobile,88/88,88,/,/,无可用尺码,1957-1985/1986-1989,Hatchback/Wagon/Coupe,/,,,1957-1989,Coupe/Hatchback/Wagon,,fallback,Oldsmobile 88 1957 Coupe 原子事实对应多条候选记录
非皮卡,高度压缩两两组合,Oldsmobile,88/88,88,/,/,无可用尺码,1957-1985/1986-1999,Hatchback/Wagon/Sedan,/,,,1957-1999,Hatchback/Sedan/Wagon,,fallback,Oldsmobile 88 1957 Sedan 原子事实对应多条候选记录
非皮卡,高度压缩两两组合,Oldsmobile,88/88,88,/,/,无可用尺码,1972-1976/1973-1976,Coupe/Sedan,/,,,1972-1976,Coupe/Sedan,,fallback,Oldsmobile 88 1972 Sedan 原子事实对应多条候选记录
非皮卡,高度压缩两两组合,Oldsmobile,88/88,88,/,/,无可用尺码,1972-1976/1986-1989,Coupe/Coupe,/,,,1972-1989,Coupe,,fallback,Oldsmobile 88 1977 Coupe 原子事实对应多条候选记录
非皮卡,高度压缩两两组合,Oldsmobile,88/88,88,/,/,无可用尺码,1972-1976/1986-1999,Coupe/Sedan,/,,,1972-1999,Coupe/Sedan,,fallback,Oldsmobile 88 1972 Sedan 原子事实对应多条候选记录
非皮卡,高度压缩两两组合,Oldsmobile,88/88,88,/,/,无可用尺码,1973-1976/1986-1989,Sedan/Coupe,/,,,1973-1989,Coupe/Sedan,,fallback,Oldsmobile 88 1973 Coupe 原子事实对应多条候选记录
非皮卡,高度压缩两两组合,Oldsmobile,88/88,88,/,/,无可用尺码,1973-1976/1986-1999,Sedan/Sedan,/,,,1973-1999,Sedan,,fallback,Oldsmobile 88 1977 Sedan 原子事实对应多条候选记录
非皮卡,高度压缩两两组合,Oldsmobile,88/88,88,/,/,4XL,1977-1985/1977-1985,Coupe/Sedan,/,,,1977-1985,Coupe/Sedan,,success,
非皮卡,高度压缩两两组合,Oldsmobile,88/88,88,/,/,无可用尺码,1949-1950/1957-1985,Coupe/Hatchback/Wagon,/,,,1949-1985,Coupe/Hatchback/Wagon,,fallback,Oldsmobile 88 1951 Coupe 原子事实对应多条候选记录
非皮卡,高度压缩两两组合,Oldsmobile,88/88,88,/,/,无可用尺码,1949-1950/1972-1976,Coupe/Coupe,/,,,1949-1976,Coupe,,fallback,Oldsmobile 88 1951 Coupe 原子事实对应多条候选记录
非皮卡,高度压缩两两组合,Oldsmobile,88/88,88,/,/,无可用尺码,1949-1950/1973-1976,Coupe/Sedan,/,,,1949-1976,Coupe/Sedan,,fallback,Oldsmobile 88 1951 Coupe 原子事实对应多条候选记录
非皮卡,高度压缩两两组合,Oldsmobile,88/88,88,/,/,无可用尺码,1949-1950/1986-1989,Coupe/Coupe,/,,,1949-1989,Coupe,,fallback,Oldsmobile 88 1951 Coupe 原子事实对应多条候选记录
非皮卡,高度压缩两两组合,Oldsmobile,88/88,88,/,/,无可用尺码,1949-1950/1986-1999,Coupe/Sedan,/,,,1949-1999,Coupe/Sedan,,fallback,Oldsmobile 88 1951 Coupe 原子事实对应多条候选记录
非皮卡,高度压缩两两组合,Oldsmobile,88/88,88,/,/,4XL,1951-1971/1951-1972,Coupe/Sedan,/,,,1951-1972,Coupe/Sedan,,fallback,Oldsmobile 88 1972 Coupe 原子事实对应多条候选记录
非皮卡,高度压缩两两组合,Oldsmobile,88/88,88,/,/,4XL,1951-1971/1977-1985,Coupe/Coupe/Sedan,/,,,1951-1985,Coupe/Sedan,,fallback,Oldsmobile 88 1951 Sedan 原子事实对应多条候选记录
非皮卡,高度压缩两两组合,Oldsmobile,88/88,88,/,/,4XL,1951-1972/1977-1985,Sedan/Coupe/Sedan,/,,,1951-1985,Coupe/Sedan,,fallback,Oldsmobile 88 1951 Coupe 原子事实对应多条候选记录
非皮卡,高度压缩两两组合,Oldsmobile,88/88,88,/,/,无可用尺码,1957-1985/1972-1976,Hatchback/Wagon/Coupe,/,,,1957-1985,Coupe/Hatchback/Wagon,,fallback,Oldsmobile 88 1957 Coupe 原子事实对应多条候选记录
非皮卡,高度压缩两两组合,Oldsmobile,88/88,88,/,/,无可用尺码,1957-1985/1973-1976,Hatchback/Wagon/Sedan,/,,,1957-1985,Hatchback/Sedan/Wagon,,fallback,Oldsmobile 88 1957 Sedan 原子事实对应多条候选记录
非皮卡,高度压缩两两组合,Oldsmobile,88/88,88,/,/,无可用尺码,1957-1985/1986-1989,Hatchback/Wagon/Coupe,/,,,1957-1989,Coupe/Hatchback/Wagon,,fallback,Oldsmobile 88 1957 Coupe 原子事实对应多条候选记录
非皮卡,高度压缩两两组合,Oldsmobile,88/88,88,/,/,无可用尺码,1957-1985/1986-1999,Hatchback/Wagon/Sedan,/,,,1957-1999,Hatchback/Sedan/Wagon,,fallback,Oldsmobile 88 1957 Sedan 原子事实对应多条候选记录
非皮卡,高度压缩两两组合,Oldsmobile,88/88,88,/,/,无可用尺码,1972-1976/1973-1976,Coupe/Sedan,/,,,1972-1976,Coupe/Sedan,,fallback,Oldsmobile 88 1972 Sedan 原子事实对应多条候选记录
非皮卡,高度压缩两两组合,Oldsmobile,88/88,88,/,/,无可用尺码,1972-1976/1986-1989,Coupe/Coupe,/,,,1972-1989,Coupe,,fallback,Oldsmobile 88 1977 Coupe 原子事实对应多条候选记录
非皮卡,高度压缩两两组合,Oldsmobile,88/88,88,/,/,无可用尺码,1972-1976/1986-1999,Coupe/Sedan,/,,,1972-1999,Coupe/Sedan,,fallback,Oldsmobile 88 1972 Sedan 原子事实对应多条候选记录
非皮卡,高度压缩两两组合,Oldsmobile,88/88,88,/,/,无可用尺码,1973-1976/1986-1989,Sedan/Coupe,/,,,1973-1989,Coupe/Sedan,,fallback,Oldsmobile 88 1973 Coupe 原子事实对应多条候选记录
非皮卡,高度压缩两两组合,Oldsmobile,88/88,88,/,/,无可用尺码,1973-1976/1986-1999,Sedan/Sedan,/,,,1973-1999,Sedan,,fallback,Oldsmobile 88 1977 Sedan 原子事实对应多条候选记录
非皮卡,高度压缩两两组合,Oldsmobile,88/88,88,/,/,无可用尺码,1986-1989/1986-1999,Coupe/Sedan,/,,,1986-1999,Coupe/Sedan,,success,
非皮卡,高度压缩两两组合,Oldsmobile,88/88,88,/,/,无可用尺码,1949-1950/1957-1985,Coupe/Hatchback/Wagon,/,,,1949-1985,Coupe/Hatchback/Wagon,,fallback,Oldsmobile 88 1951 Coupe 原子事实对应多条候选记录
非皮卡,高度压缩两两组合,Oldsmobile,88/88,88,/,/,无可用尺码,1949-1950/1972-1976,Coupe/Coupe,/,,,1949-1976,Coupe,,fallback,Oldsmobile 88 1951 Coupe 原子事实对应多条候选记录
非皮卡,高度压缩两两组合,Oldsmobile,88/88,88,/,/,无可用尺码,1949-1950/1973-1976,Coupe/Sedan,/,,,1949-1976,Coupe/Sedan,,fallback,Oldsmobile 88 1951 Coupe 原子事实对应多条候选记录
非皮卡,高度压缩两两组合,Oldsmobile,88/88,88,/,/,无可用尺码,1949-1950/1986-1999,Coupe/Coupe/Sedan,/,,,1949-1999,Coupe/Sedan,,fallback,Oldsmobile 88 1951 Coupe 原子事实对应多条候选记录
非皮卡,高度压缩两两组合,Oldsmobile,88/88,88,/,/,4XL,1951-1971/1951-1972,Coupe/Sedan,/,,,1951-1972,Coupe/Sedan,,fallback,Oldsmobile 88 1972 Coupe 原子事实对应多条候选记录
非皮卡,高度压缩两两组合,Oldsmobile,88/88,88,/,/,4XL,1951-1971/1977-1985,Coupe/Coupe/Sedan,/,,,1951-1985,Coupe/Sedan,,fallback,Oldsmobile 88 1951 Sedan 原子事实对应多条候选记录
非皮卡,高度压缩两两组合,Oldsmobile,88/88,88,/,/,4XL,1951-1972/1977-1985,Sedan/Coupe/Sedan,/,,,1951-1985,Coupe/Sedan,,fallback,Oldsmobile 88 1951 Coupe 原子事实对应多条候选记录
非皮卡,高度压缩两两组合,Oldsmobile,88/88,88,/,/,无可用尺码,1957-1985/1972-1976,Hatchback/Wagon/Coupe,/,,,1957-1985,Coupe/Hatchback/Wagon,,fallback,Oldsmobile 88 1957 Coupe 原子事实对应多条候选记录
非皮卡,高度压缩两两组合,Oldsmobile,88/88,88,/,/,无可用尺码,1957-1985/1973-1976,Hatchback/Wagon/Sedan,/,,,1957-1985,Hatchback/Sedan/Wagon,,fallback,Oldsmobile 88 1957 Sedan 原子事实对应多条候选记录
非皮卡,高度压缩两两组合,Oldsmobile,88/88,88,/,/,无可用尺码,1957-1985/1986-1999,Hatchback/Wagon/Coupe/Sedan,/,,,1957-1999,Coupe/Hatchback/Sedan/Wagon,,fallback,Oldsmobile 88 1957 Coupe 原子事实对应多条候选记录
非皮卡,高度压缩两两组合,Oldsmobile,88/88,88,/,/,无可用尺码,1972-1976/1973-1976,Coupe/Sedan,/,,,1972-1976,Coupe/Sedan,,fallback,Oldsmobile 88 1972 Sedan 原子事实对应多条候选记录
非皮卡,高度压缩两两组合,Oldsmobile,88/88,88,/,/,无可用尺码,1972-1976/1986-1999,Coupe/Coupe/Sedan,/,,,1972-1999,Coupe/Sedan,,fallback,Oldsmobile 88 1972 Sedan 原子事实对应多条候选记录
非皮卡,高度压缩两两组合,Oldsmobile,88/88,88,/,/,无可用尺码,1973-1976/1986-1999,Sedan/Coupe/Sedan,/,,,1973-1999,Coupe/Sedan,,fallback,Oldsmobile 88 1973 Coupe 原子事实对应多条候选记录
非皮卡,高度压缩两两组合,Oldsmobile,Achieva/Achieva,Achieva,/,/,无可用尺码,1992-1998/1992-1998,Coupe/Sedan,/,,,1992-1998,Coupe/Sedan,,success,
非皮卡,高度压缩两两组合,Oldsmobile,Alero/Alero,Alero,/,/,无可用尺码,1999-2004/1999-2004,Coupe/Sedan,/,,,1999-2004,Coupe/Sedan,,success,
非皮卡,高度压缩两两组合,Oldsmobile,Aurora/Aurora,Aurora,/,/,4XL,1995-1999/2001-2003,Sedan/Sedan,/,,,1995-2003,Sedan,,success,
非皮卡,高度压缩两两组合,Oldsmobile,Bravada/Bravada,Bravada,/,/,无可用尺码,1991-1994/1996-2004,SUV/SUV,/,,,1991-2004,SUV,,success,
非皮卡,高度压缩两两组合,Oldsmobile,Cutlass/Cutlass,Cutlass,/,/,无可用尺码,1961-1963/1961-1963,Sedan/Wagon,F-85/Cutlass/F-85/Cutlass,,,1961-1963,Sedan/Wagon,Cutlass/F-85,success,
非皮卡,高度压缩两两组合,Oldsmobile,Cutlass/Cutlass,Cutlass,/,/,无可用尺码,1961-1963/1962,Sedan/Wagon/Convertible,Cutlass/F-85/F-85/Cutlass,,,1961-1963,Convertible/Sedan/Wagon,Cutlass/F-85,success,
非皮卡,高度压缩两两组合,Oldsmobile,Cutlass/Cutlass,Cutlass,/,/,无可用尺码,1961-1963/1962-1963,Convertible/Sedan/Wagon/Coupe,Cutlass/F-85/F-85/Cutlass,,,1961-1963,Convertible/Coupe/Sedan/Wagon,Cutlass/F-85,success,
非皮卡,高度压缩两两组合,Oldsmobile,Cutlass/Cutlass,Cutlass,/,/,无可用尺码,1961-1963/1968,Convertible/Coupe/Sedan/Wagon/Convertible,Cutlass/F-85/,,,1961-1968,Convertible/Coupe/Sedan/Wagon,Incl: Cutlass/F-85,fallback,Oldsmobile Cutlass 1965 Convertible 原子事实对应多条候选记录
非皮卡,高度压缩两两组合,Oldsmobile,Cutlass/Cutlass,Cutlass,/,/,无可用尺码,1961-1963/1968,Convertible/Coupe/Sedan/Wagon/Coupe,Cutlass/F-85/,,,1961-1968,Convertible/Coupe/Sedan/Wagon,Incl: Cutlass/F-85,fallback,Oldsmobile Cutlass 1965 Convertible 原子事实对应多条候选记录
非皮卡,高度压缩两两组合,Oldsmobile,Cutlass/Cutlass,Cutlass,/,/,无可用尺码,1961-1963/1968-1972,Convertible/Coupe/Sedan/Wagon/Wagon,Cutlass/F-85/,,,1961-1972,Convertible/Coupe/Sedan/Wagon,Incl: Cutlass/F-85,fallback,Oldsmobile Cutlass 1965 Convertible 原子事实对应多条候选记录
非皮卡,高度压缩两两组合,Oldsmobile,Cutlass/Cutlass,Cutlass,/,/,无可用尺码,1961-1963/1978,Convertible/Coupe/Sedan/Wagon/Sedan,Cutlass/F-85/RWD,,,1961-1978,Convertible/Coupe/Sedan/Wagon,Cutlass/F-85/RWD,success,
非皮卡,高度压缩两两组合,Oldsmobile,Cutlass/Cutlass,Cutlass,/,/,无可用尺码,1961-1978/1968,Convertible/Coupe/Sedan/Wagon/Convertible,Cutlass/F-85/RWD/,,,1961-1978,Convertible/Coupe/Sedan/Wagon,Incl: Cutlass/F-85/RWD,fallback,Oldsmobile Cutlass 1965 Convertible 原子事实对应多条候选记录
非皮卡,高度压缩两两组合,Oldsmobile,Cutlass/Cutlass,Cutlass,/,/,无可用尺码,1961-1978/1968,Convertible/Coupe/Sedan/Wagon/Coupe,Cutlass/F-85/RWD/,,,1961-1978,Convertible/Coupe/Sedan/Wagon,Incl: Cutlass/F-85/RWD,fallback,Oldsmobile Cutlass 1965 Convertible 原子事实对应多条候选记录
非皮卡,高度压缩两两组合,Oldsmobile,Cutlass/Cutlass,Cutlass,/,/,无可用尺码,1961-1978/1968-1972,Convertible/Coupe/Sedan/Wagon/Wagon,Cutlass/F-85/RWD/,,,1961-1978,Convertible/Coupe/Sedan/Wagon,Incl: Cutlass/F-85/RWD,fallback,Oldsmobile Cutlass 1965 Convertible 原子事实对应多条候选记录
非皮卡,高度压缩两两组合,Oldsmobile,Cutlass/Cutlass,Cutlass,/,/,无可用尺码,1961-1978/1979,Convertible/Coupe/Sedan/Wagon/Coupe,Cutlass/F-85/RWD/RWD,,,1961-1979,Convertible/Coupe/Sedan/Wagon,Cutlass/F-85/RWD,success,
非皮卡,高度压缩两两组合,Oldsmobile,Cutlass/Cutlass,Cutlass,/,/,无可用尺码,1961-1979/1968,Convertible/Coupe/Sedan/Wagon/Convertible,Cutlass/F-85/RWD/,,,1961-1979,Convertible/Coupe/Sedan/Wagon,Incl: Cutlass/F-85/RWD,fallback,Oldsmobile Cutlass 1965 Convertible 原子事实对应多条候选记录
非皮卡,高度压缩两两组合,Oldsmobile,Cutlass/Cutlass,Cutlass,/,/,无可用尺码,1961-1979/1968,Convertible/Coupe/Sedan/Wagon/Coupe,Cutlass/F-85/RWD/,,,1961-1979,Convertible/Coupe/Sedan/Wagon,Incl: Cutlass/F-85/RWD,fallback,Oldsmobile Cutlass 1965 Convertible 原子事实对应多条候选记录
非皮卡,高度压缩两两组合,Oldsmobile,Cutlass/Cutlass,Cutlass,/,/,无可用尺码,1961-1979/1968-1972,Convertible/Coupe/Sedan/Wagon/Wagon,Cutlass/F-85/RWD/,,,1961-1979,Convertible/Coupe/Sedan/Wagon,Incl: Cutlass/F-85/RWD,fallback,Oldsmobile Cutlass 1965 Convertible 原子事实对应多条候选记录
非皮卡,高度压缩两两组合,Oldsmobile,Cutlass/Cutlass,Cutlass,/,/,无可用尺码,1961-1979/1981,Convertible/Coupe/Sedan/Wagon/Sedan,Cutlass/F-85/RWD/RWD,,,1961-1981,Convertible/Coupe/Sedan/Wagon,Cutlass/F-85/RWD,success,
非皮卡,高度压缩两两组合,Oldsmobile,Cutlass/Cutlass,Cutlass,/,/,无可用尺码,1961-1981/1968,Convertible/Coupe/Sedan/Wagon/Convertible,Cutlass/F-85/RWD/,,,1961-1981,Convertible/Coupe/Sedan/Wagon,Incl: Cutlass/F-85/RWD,fallback,Oldsmobile Cutlass 1965 Convertible 原子事实对应多条候选记录
非皮卡,高度压缩两两组合,Oldsmobile,Cutlass/Cutlass,Cutlass,/,/,无可用尺码,1961-1981/1968,Convertible/Coupe/Sedan/Wagon/Coupe,Cutlass/F-85/RWD/,,,1961-1981,Convertible/Coupe/Sedan/Wagon,Incl: Cutlass/F-85/RWD,fallback,Oldsmobile Cutlass 1965 Convertible 原子事实对应多条候选记录
非皮卡,高度压缩两两组合,Oldsmobile,Cutlass/Cutlass,Cutlass,/,/,无可用尺码,1961-1981/1968-1972,Convertible/Coupe/Sedan/Wagon/Wagon,Cutlass/F-85/RWD/,,,1961-1981,Convertible/Coupe/Sedan/Wagon,Incl: Cutlass/F-85/RWD,fallback,Oldsmobile Cutlass 1965 Convertible 原子事实对应多条候选记录
非皮卡,高度压缩两两组合,Oldsmobile,Cutlass/Cutlass,Cutlass,/,/,无可用尺码,1961-1981/1983-1991,Convertible/Coupe/Sedan/Wagon/Coupe,Cutlass/F-85/RWD/Ciera,,,1961-1991,Convertible/Coupe/Sedan/Wagon,Ciera/Cutlass/F-85/RWD,fallback,Oldsmobile Cutlass 1983 Sedan 原子事实对应多条候选记录
非皮卡,高度压缩两两组合,Oldsmobile,Cutlass/Cutlass,Cutlass,/,/,无可用尺码,1961-1981/1983-1996,Convertible/Coupe/Sedan/Wagon/Sedan,Cutlass/F-85/RWD/Ciera,,,1961-1996,Convertible/Coupe/Sedan/Wagon,Ciera/Cutlass/F-85/RWD,fallback,Oldsmobile Cutlass 1983 Coupe 原子事实对应多条候选记录
非皮卡,高度压缩两两组合,Oldsmobile,Cutlass/Cutlass,Cutlass,/,/,无可用尺码,1961-1981/1984-1996,Convertible/Coupe/Sedan/Wagon/Wagon,Cutlass/F-85/RWD/Ciera,,,1961-1996,Convertible/Coupe/Sedan/Wagon,Ciera/Cutlass/F-85/RWD,fallback,Oldsmobile Cutlass 1983 Coupe 原子事实对应多条候选记录
非皮卡,高度压缩两两组合,Oldsmobile,Cutlass/Cutlass,Cutlass,/,/,无可用尺码,1961-1981/1989-1991,Convertible/Coupe/Sedan/Wagon/Coupe,Cutlass/F-85/RWD/,,,1961-1991,Convertible/Coupe/Sedan/Wagon,Incl: Cutlass/F-85/RWD,fallback,Oldsmobile Cutlass 1965 Convertible 原子事实对应多条候选记录
非皮卡,高度压缩两两组合,Oldsmobile,Cutlass/Cutlass,Cutlass,/,/,无可用尺码,1961-1981/1991-1997,Convertible/Coupe/Sedan/Wagon/Coupe,Cutlass/F-85/RWD/Supreme,,,1961-1997,Convertible/Coupe/Sedan/Wagon,Cutlass/F-85/RWD/Supreme,fallback,Oldsmobile Cutlass 1991 Sedan 原子事实对应多条候选记录
非皮卡,高度压缩两两组合,Oldsmobile,Cutlass/Cutlass,Cutlass,/,/,无可用尺码,1961-1981/1991-1997,Convertible/Coupe/Sedan/Wagon/Sedan,Cutlass/F-85/RWD/Supreme,,,1961-1997,Convertible/Coupe/Sedan/Wagon,Cutlass/F-85/RWD/Supreme,fallback,Oldsmobile Cutlass 1991 Coupe 原子事实对应多条候选记录
非皮卡,高度压缩两两组合,Oldsmobile,Cutlass/Cutlass,Cutlass,/,/,无可用尺码,1961-1981/1997-1999,Convertible/Coupe/Sedan/Wagon/Sedan,Cutlass/F-85/RWD/FWD,,,1961-1999,Convertible/Coupe/Sedan/Wagon,Cutlass/F-85/FWD/RWD,success,
非皮卡,高度压缩两两组合,Oldsmobile,Cutlass/Cutlass,Cutlass,/,/,无可用尺码,1961-1999/1968,Convertible/Coupe/Sedan/Wagon/Convertible,Cutlass/F-85/FWD/RWD/,,,1961-1999,Convertible/Coupe/Sedan/Wagon,Incl: Cutlass/F-85/FWD/RWD,fallback,Oldsmobile Cutlass 1965 Convertible 原子事实对应多条候选记录
非皮卡,高度压缩两两组合,Oldsmobile,Cutlass/Cutlass,Cutlass,/,/,无可用尺码,1961-1999/1968,Convertible/Coupe/Sedan/Wagon/Coupe,Cutlass/F-85/FWD/RWD/,,,1961-1999,Convertible/Coupe/Sedan/Wagon,Incl: Cutlass/F-85/FWD/RWD,fallback,Oldsmobile Cutlass 1965 Convertible 原子事实对应多条候选记录
非皮卡,高度压缩两两组合,Oldsmobile,Cutlass/Cutlass,Cutlass,/,/,无可用尺码,1961-1999/1968-1972,Convertible/Coupe/Sedan/Wagon/Wagon,Cutlass/F-85/FWD/RWD/,,,1961-1999,Convertible/Coupe/Sedan/Wagon,Incl: Cutlass/F-85/FWD/RWD,fallback,Oldsmobile Cutlass 1965 Convertible 原子事实对应多条候选记录
非皮卡,高度压缩两两组合,Oldsmobile,Cutlass/Cutlass,Cutlass,/,/,无可用尺码,1961-1999/1983-1991,Convertible/Coupe/Sedan/Wagon/Coupe,Cutlass/F-85/FWD/RWD/Ciera,,,1961-1999,Convertible/Coupe/Sedan/Wagon,Ciera/Cutlass/F-85/FWD/RWD,fallback,Oldsmobile Cutlass 1983 Sedan 原子事实对应多条候选记录
非皮卡,高度压缩两两组合,Oldsmobile,Cutlass/Cutlass,Cutlass,/,/,无可用尺码,1961-1999/1983-1996,Convertible/Coupe/Sedan/Wagon/Sedan,Cutlass/F-85/FWD/RWD/Ciera,,,1961-1999,Convertible/Coupe/Sedan/Wagon,Ciera/Cutlass/F-85/FWD/RWD,fallback,Oldsmobile Cutlass 1983 Coupe 原子事实对应多条候选记录
非皮卡,高度压缩两两组合,Oldsmobile,Cutlass/Cutlass,Cutlass,/,/,无可用尺码,1961-1999/1984-1996,Convertible/Coupe/Sedan/Wagon/Wagon,Cutlass/F-85/FWD/RWD/Ciera,,,1961-1999,Convertible/Coupe/Sedan/Wagon,Ciera/Cutlass/F-85/FWD/RWD,fallback,Oldsmobile Cutlass 1983 Coupe 原子事实对应多条候选记录
非皮卡,高度压缩两两组合,Oldsmobile,Cutlass/Cutlass,Cutlass,/,/,无可用尺码,1961-1999/1989-1991,Convertible/Coupe/Sedan/Wagon/Coupe,Cutlass/F-85/FWD/RWD/,,,1961-1999,Convertible/Coupe/Sedan/Wagon,Incl: Cutlass/F-85/FWD/RWD,fallback,Oldsmobile Cutlass 1965 Convertible 原子事实对应多条候选记录
非皮卡,高度压缩两两组合,Oldsmobile,Cutlass/Cutlass,Cutlass,/,/,无可用尺码,1961-1999/1991-1997,Convertible/Coupe/Sedan/Wagon/Coupe,Cutlass/F-85/FWD/RWD/Supreme,,,1961-1999,Convertible/Coupe/Sedan/Wagon,Cutlass/F-85/FWD/RWD/Supreme,fallback,Oldsmobile Cutlass 1991 Sedan 原子事实对应多条候选记录
非皮卡,高度压缩两两组合,Oldsmobile,Cutlass/Cutlass,Cutlass,/,/,无可用尺码,1961-1999/1991-1997,Convertible/Coupe/Sedan/Wagon/Sedan,Cutlass/F-85/FWD/RWD/Supreme,,,1961-1999,Convertible/Coupe/Sedan/Wagon,Cutlass/F-85/FWD/RWD/Supreme,fallback,Oldsmobile Cutlass 1991 Coupe 原子事实对应多条候选记录
非皮卡,高度压缩两两组合,Oldsmobile,Cutlass/Cutlass,Cutlass,/,/,4XL,1964/1965-1967,Convertible/Convertible,F-85 Cutlass/,,,1964-1967,Convertible,Incl: F-85 Cutlass,success,
非皮卡,高度压缩两两组合,Oldsmobile,Cutlass/Cutlass,Cutlass,/,/,无可用尺码,1961-1999/1968,Convertible/Coupe/Sedan/Wagon/Convertible,Cutlass/F-85/FWD/RWD/,,,1961-1999,Convertible/Coupe/Sedan/Wagon,Incl: Cutlass/F-85/FWD/RWD,fallback,Oldsmobile Cutlass 1965 Convertible 原子事实对应多条候选记录
非皮卡,高度压缩两两组合,Oldsmobile,Cutlass/Cutlass,Cutlass,/,/,无可用尺码,1961-1999/1968,Convertible/Coupe/Sedan/Wagon/Coupe,Cutlass/F-85/FWD/RWD/,,,1961-1999,Convertible/Coupe/Sedan/Wagon,Incl: Cutlass/F-85/FWD/RWD,fallback,Oldsmobile Cutlass 1965 Convertible 原子事实对应多条候选记录
非皮卡,高度压缩两两组合,Oldsmobile,Cutlass/Cutlass,Cutlass,/,/,无可用尺码,1961-1999/1968-1972,Convertible/Coupe/Sedan/Wagon/Wagon,Cutlass/F-85/FWD/RWD/,,,1961-1999,Convertible/Coupe/Sedan/Wagon,Incl: Cutlass/F-85/FWD/RWD,fallback,Oldsmobile Cutlass 1965 Convertible 原子事实对应多条候选记录
非皮卡,高度压缩两两组合,Oldsmobile,Cutlass/Cutlass,Cutlass,/,/,无可用尺码,1961-1999/1983-1991,Convertible/Coupe/Sedan/Wagon/Coupe,Cutlass/F-85/FWD/RWD/Ciera,,,1961-1999,Convertible/Coupe/Sedan/Wagon,Ciera/Cutlass/F-85/FWD/RWD,fallback,Oldsmobile Cutlass 1983 Sedan 原子事实对应多条候选记录
非皮卡,高度压缩两两组合,Oldsmobile,Cutlass/Cutlass,Cutlass,/,/,无可用尺码,1961-1999/1983-1996,Convertible/Coupe/Sedan/Wagon/Sedan,Cutlass/F-85/FWD/RWD/Ciera,,,1961-1999,Convertible/Coupe/Sedan/Wagon,Ciera/Cutlass/F-85/FWD/RWD,fallback,Oldsmobile Cutlass 1983 Coupe 原子事实对应多条候选记录
非皮卡,高度压缩两两组合,Oldsmobile,Cutlass/Cutlass,Cutlass,/,/,无可用尺码,1961-1999/1984-1996,Convertible/Coupe/Sedan/Wagon/Wagon,Cutlass/F-85/FWD/RWD/Ciera,,,1961-1999,Convertible/Coupe/Sedan/Wagon,Ciera/Cutlass/F-85/FWD/RWD,fallback,Oldsmobile Cutlass 1983 Coupe 原子事实对应多条候选记录
非皮卡,高度压缩两两组合,Oldsmobile,Cutlass/Cutlass,Cutlass,/,/,无可用尺码,1961-1999/1989-1991,Convertible/Coupe/Sedan/Wagon/Coupe,Cutlass/F-85/FWD/RWD/,,,1961-1999,Convertible/Coupe/Sedan/Wagon,Incl: Cutlass/F-85/FWD/RWD,fallback,Oldsmobile Cutlass 1965 Convertible 原子事实对应多条候选记录
非皮卡,高度压缩两两组合,Oldsmobile,Cutlass/Cutlass,Cutlass,/,/,无可用尺码,1961-1999/1991-1997,Convertible/Coupe/Sedan/Wagon/Coupe,Cutlass/F-85/FWD/RWD/Supreme,,,1961-1999,Convertible/Coupe/Sedan/Wagon,Cutlass/F-85/FWD/RWD/Supreme,fallback,Oldsmobile Cutlass 1991 Sedan 原子事实对应多条候选记录
非皮卡,高度压缩两两组合,Oldsmobile,Cutlass/Cutlass,Cutlass,/,/,无可用尺码,1961-1999/1991-1997,Convertible/Coupe/Sedan/Wagon/Sedan,Cutlass/F-85/FWD/RWD/Supreme,,,1961-1999,Convertible/Coupe/Sedan/Wagon,Cutlass/F-85/FWD/RWD/Supreme,fallback,Oldsmobile Cutlass 1991 Coupe 原子事实对应多条候选记录
非皮卡,高度压缩两两组合,Oldsmobile,Cutlass/Cutlass,Cutlass,/,/,4XL,1964-1967/1965-1967,Convertible/Coupe,Incl: F-85 Cutlass/,,,1964-1967,Convertible/Coupe,Incl: F-85 Cutlass,success,
非皮卡,高度压缩两两组合,Oldsmobile,Cutlass/Cutlass,Cutlass,/,/,无可用尺码,1961-1999/1968,Convertible/Coupe/Sedan/Wagon/Convertible,Cutlass/F-85/FWD/RWD/,,,1961-1999,Convertible/Coupe/Sedan/Wagon,Incl: Cutlass/F-85/FWD/RWD,fallback,Oldsmobile Cutlass 1965 Convertible 原子事实对应多条候选记录
非皮卡,高度压缩两两组合,Oldsmobile,Cutlass/Cutlass,Cutlass,/,/,无可用尺码,1961-1999/1968,Convertible/Coupe/Sedan/Wagon/Coupe,Cutlass/F-85/FWD/RWD/,,,1961-1999,Convertible/Coupe/Sedan/Wagon,Incl: Cutlass/F-85/FWD/RWD,fallback,Oldsmobile Cutlass 1965 Convertible 原子事实对应多条候选记录
非皮卡,高度压缩两两组合,Oldsmobile,Cutlass/Cutlass,Cutlass,/,/,无可用尺码,1961-1999/1968-1972,Convertible/Coupe/Sedan/Wagon/Wagon,Cutlass/F-85/FWD/RWD/,,,1961-1999,Convertible/Coupe/Sedan/Wagon,Incl: Cutlass/F-85/FWD/RWD,fallback,Oldsmobile Cutlass 1965 Convertible 原子事实对应多条候选记录
非皮卡,高度压缩两两组合,Oldsmobile,Cutlass/Cutlass,Cutlass,/,/,无可用尺码,1961-1999/1983-1991,Convertible/Coupe/Sedan/Wagon/Coupe,Cutlass/F-85/FWD/RWD/Ciera,,,1961-1999,Convertible/Coupe/Sedan/Wagon,Ciera/Cutlass/F-85/FWD/RWD,fallback,Oldsmobile Cutlass 1983 Sedan 原子事实对应多条候选记录
非皮卡,高度压缩两两组合,Oldsmobile,Cutlass/Cutlass,Cutlass,/,/,无可用尺码,1961-1999/1983-1996,Convertible/Coupe/Sedan/Wagon/Sedan,Cutlass/F-85/FWD/RWD/Ciera,,,1961-1999,Convertible/Coupe/Sedan/Wagon,Ciera/Cutlass/F-85/FWD/RWD,fallback,Oldsmobile Cutlass 1983 Coupe 原子事实对应多条候选记录
非皮卡,高度压缩两两组合,Oldsmobile,Cutlass/Cutlass,Cutlass,/,/,无可用尺码,1961-1999/1984-1996,Convertible/Coupe/Sedan/Wagon/Wagon,Cutlass/F-85/FWD/RWD/Ciera,,,1961-1999,Convertible/Coupe/Sedan/Wagon,Ciera/Cutlass/F-85/FWD/RWD,fallback,Oldsmobile Cutlass 1983 Coupe 原子事实对应多条候选记录
非皮卡,高度压缩两两组合,Oldsmobile,Cutlass/Cutlass,Cutlass,/,/,无可用尺码,1961-1999/1989-1991,Convertible/Coupe/Sedan/Wagon/Coupe,Cutlass/F-85/FWD/RWD/,,,1961-1999,Convertible/Coupe/Sedan/Wagon,Incl: Cutlass/F-85/FWD/RWD,fallback,Oldsmobile Cutlass 1965 Convertible 原子事实对应多条候选记录
非皮卡,高度压缩两两组合,Oldsmobile,Cutlass/Cutlass,Cutlass,/,/,无可用尺码,1961-1999/1991-1997,Convertible/Coupe/Sedan/Wagon/Coupe,Cutlass/F-85/FWD/RWD/Supreme,,,1961-1999,Convertible/Coupe/Sedan/Wagon,Cutlass/F-85/FWD/RWD/Supreme,fallback,Oldsmobile Cutlass 1991 Sedan 原子事实对应多条候选记录
非皮卡,高度压缩两两组合,Oldsmobile,Cutlass/Cutlass,Cutlass,/,/,无可用尺码,1961-1999/1991-1997,Convertible/Coupe/Sedan/Wagon/Sedan,Cutlass/F-85/FWD/RWD/Supreme,,,1961-1999,Convertible/Coupe/Sedan/Wagon,Cutlass/F-85/FWD/RWD/Supreme,fallback,Oldsmobile Cutlass 1991 Coupe 原子事实对应多条候选记录
非皮卡,高度压缩两两组合,Oldsmobile,Cutlass/Cutlass,Cutlass,/,/,4XL,1964-1967/1965-1977,Convertible/Coupe/Sedan,Incl: F-85 Cutlass/,,,1964-1977,Convertible/Coupe/Sedan,Incl: F-85 Cutlass,fallback,Oldsmobile Cutlass 1968 Convertible 原子事实对应多条候选记录
非皮卡,高度压缩两两组合,Oldsmobile,Cutlass/Cutlass,Cutlass,/,/,4XL,1964-1967/1969-1972,Convertible/Coupe/Convertible,Incl: F-85 Cutlass/,,,1964-1972,Convertible/Coupe,Incl: F-85 Cutlass,fallback,Oldsmobile Cutlass 1968 Convertible 原子事实对应多条候选记录
非皮卡,高度压缩两两组合,Oldsmobile,Cutlass/Cutlass,Cutlass,/,/,4XL,1964-1967/1969-1977,Convertible/Coupe/Coupe,Incl: F-85 Cutlass/,,,1964-1977,Convertible/Coupe,Incl: F-85 Cutlass,fallback,Oldsmobile Cutlass 1968 Convertible 原子事实对应多条候选记录
非皮卡,高度压缩两两组合,Oldsmobile,Cutlass/Cutlass,Cutlass,/,/,4XL,1965-1977/1969-1972,Sedan/Convertible,/,,,1965-1977,Convertible/Sedan,,fallback,Oldsmobile Cutlass 1965 Convertible 原子事实对应多条候选记录
非皮卡,高度压缩两两组合,Oldsmobile,Cutlass/Cutlass,Cutlass,/,/,4XL,1965-1977/1969-1977,Sedan/Coupe,/,,,1965-1977,Coupe/Sedan,,fallback,Oldsmobile Cutlass 1965 Coupe 原子事实对应多条候选记录
非皮卡,高度压缩两两组合,Oldsmobile,Cutlass/Cutlass,Cutlass,/,/,无可用尺码,1968/1968,Convertible/Coupe,/,,,1968,Convertible/Coupe,,success,
非皮卡,高度压缩两两组合,Oldsmobile,Cutlass/Cutlass,Cutlass,/,/,无可用尺码,1961-1999/1968,Convertible/Coupe/Sedan/Wagon/Convertible/Coupe,Cutlass/F-85/FWD/RWD/,,,1961-1999,Convertible/Coupe/Sedan/Wagon,Incl: Cutlass/F-85/FWD/RWD,fallback,Oldsmobile Cutlass 1965 Convertible 原子事实对应多条候选记录
非皮卡,高度压缩两两组合,Oldsmobile,Cutlass/Cutlass,Cutlass,/,/,无可用尺码,1961-1999/1968-1972,Convertible/Coupe/Sedan/Wagon/Wagon,Cutlass/F-85/FWD/RWD/,,,1961-1999,Convertible/Coupe/Sedan/Wagon,Incl: Cutlass/F-85/FWD/RWD,fallback,Oldsmobile Cutlass 1965 Convertible 原子事实对应多条候选记录
非皮卡,高度压缩两两组合,Oldsmobile,Cutlass/Cutlass,Cutlass,/,/,无可用尺码,1961-1999/1983-1991,Convertible/Coupe/Sedan/Wagon/Coupe,Cutlass/F-85/FWD/RWD/Ciera,,,1961-1999,Convertible/Coupe/Sedan/Wagon,Ciera/Cutlass/F-85/FWD/RWD,fallback,Oldsmobile Cutlass 1983 Sedan 原子事实对应多条候选记录
非皮卡,高度压缩两两组合,Oldsmobile,Cutlass/Cutlass,Cutlass,/,/,无可用尺码,1961-1999/1983-1996,Convertible/Coupe/Sedan/Wagon/Sedan,Cutlass/F-85/FWD/RWD/Ciera,,,1961-1999,Convertible/Coupe/Sedan/Wagon,Ciera/Cutlass/F-85/FWD/RWD,fallback,Oldsmobile Cutlass 1983 Coupe 原子事实对应多条候选记录
非皮卡,高度压缩两两组合,Oldsmobile,Cutlass/Cutlass,Cutlass,/,/,无可用尺码,1961-1999/1984-1996,Convertible/Coupe/Sedan/Wagon/Wagon,Cutlass/F-85/FWD/RWD/Ciera,,,1961-1999,Convertible/Coupe/Sedan/Wagon,Ciera/Cutlass/F-85/FWD/RWD,fallback,Oldsmobile Cutlass 1983 Coupe 原子事实对应多条候选记录
非皮卡,高度压缩两两组合,Oldsmobile,Cutlass/Cutlass,Cutlass,/,/,无可用尺码,1961-1999/1989-1991,Convertible/Coupe/Sedan/Wagon/Coupe,Cutlass/F-85/FWD/RWD/,,,1961-1999,Convertible/Coupe/Sedan/Wagon,Incl: Cutlass/F-85/FWD/RWD,fallback,Oldsmobile Cutlass 1965 Convertible 原子事实对应多条候选记录
非皮卡,高度压缩两两组合,Oldsmobile,Cutlass/Cutlass,Cutlass,/,/,无可用尺码,1961-1999/1991-1997,Convertible/Coupe/Sedan/Wagon/Coupe,Cutlass/F-85/FWD/RWD/Supreme,,,1961-1999,Convertible/Coupe/Sedan/Wagon,Cutlass/F-85/FWD/RWD/Supreme,fallback,Oldsmobile Cutlass 1991 Sedan 原子事实对应多条候选记录
非皮卡,高度压缩两两组合,Oldsmobile,Cutlass/Cutlass,Cutlass,/,/,无可用尺码,1961-1999/1991-1997,Convertible/Coupe/Sedan/Wagon/Sedan,Cutlass/F-85/FWD/RWD/Supreme,,,1961-1999,Convertible/Coupe/Sedan/Wagon,Cutlass/F-85/FWD/RWD/Supreme,fallback,Oldsmobile Cutlass 1991 Coupe 原子事实对应多条候选记录
非皮卡,高度压缩两两组合,Oldsmobile,Cutlass/Cutlass,Cutlass,/,/,4XL,1964-1967/1965-1977,Convertible/Coupe/Sedan,Incl: F-85 Cutlass/,,,1964-1977,Convertible/Coupe/Sedan,Incl: F-85 Cutlass,fallback,Oldsmobile Cutlass 1968 Convertible 原子事实对应多条候选记录
非皮卡,高度压缩两两组合,Oldsmobile,Cutlass/Cutlass,Cutlass,/,/,4XL,1964-1967/1969-1972,Convertible/Coupe/Convertible,Incl: F-85 Cutlass/,,,1964-1972,Convertible/Coupe,Incl: F-85 Cutlass,fallback,Oldsmobile Cutlass 1968 Convertible 原子事实对应多条候选记录
非皮卡,高度压缩两两组合,Oldsmobile,Cutlass/Cutlass,Cutlass,/,/,4XL,1964-1967/1969-1977,Convertible/Coupe/Coupe,Incl: F-85 Cutlass/,,,1964-1977,Convertible/Coupe,Incl: F-85 Cutlass,fallback,Oldsmobile Cutlass 1968 Convertible 原子事实对应多条候选记录
非皮卡,高度压缩两两组合,Oldsmobile,Cutlass/Cutlass,Cutlass,/,/,4XL,1965-1977/1969-1972,Sedan/Convertible,/,,,1965-1977,Convertible/Sedan,,fallback,Oldsmobile Cutlass 1965 Convertible 原子事实对应多条候选记录
非皮卡,高度压缩两两组合,Oldsmobile,Cutlass/Cutlass,Cutlass,/,/,4XL,1965-1977/1969-1977,Sedan/Coupe,/,,,1965-1977,Coupe/Sedan,,fallback,Oldsmobile Cutlass 1965 Coupe 原子事实对应多条候选记录
非皮卡,高度压缩两两组合,Oldsmobile,Cutlass/Cutlass,Cutlass,/,/,无可用尺码,1968/1968-1972,Convertible/Coupe/Wagon,/,,,1968-1972,Convertible/Coupe/Wagon,,fallback,Oldsmobile Cutlass 1969 Convertible 原子事实对应多条候选记录
非皮卡,高度压缩两两组合,Oldsmobile,Cutlass/Cutlass,Cutlass,/,/,无可用尺码,1968/1983-1991,Convertible/Coupe/Coupe,/Ciera,,,1968-1991,Convertible/Coupe,Incl: Ciera,fallback,Oldsmobile Cutlass 1969 Convertible 原子事实对应多条候选记录
非皮卡,高度压缩两两组合,Oldsmobile,Cutlass/Cutlass,Cutlass,/,/,无可用尺码,1968/1983-1996,Convertible/Coupe/Sedan,/Ciera,,,1968-1996,Convertible/Coupe/Sedan,Incl: Ciera,fallback,Oldsmobile Cutlass 1968 Sedan 原子事实对应多条候选记录
非皮卡,高度压缩两两组合,Oldsmobile,Cutlass/Cutlass,Cutlass,/,/,无可用尺码,1968/1984-1996,Convertible/Coupe/Wagon,/Ciera,,,1968-1996,Convertible/Coupe/Wagon,Incl: Ciera,fallback,Oldsmobile Cutlass 1968 Wagon 原子事实对应多条候选记录
非皮卡,高度压缩两两组合,Oldsmobile,Cutlass/Cutlass,Cutlass,/,/,无可用尺码,1968/1989-1991,Convertible/Coupe/Coupe,/,,,1968-1991,Convertible/Coupe,,fallback,Oldsmobile Cutlass 1969 Convertible 原子事实对应多条候选记录
非皮卡,高度压缩两两组合,Oldsmobile,Cutlass/Cutlass,Cutlass,/,/,无可用尺码,1968/1991-1997,Convertible/Coupe/Coupe,/Supreme,,,1968-1997,Convertible/Coupe,Incl: Supreme,fallback,Oldsmobile Cutlass 1969 Convertible 原子事实对应多条候选记录
非皮卡,高度压缩两两组合,Oldsmobile,Cutlass/Cutlass,Cutlass,/,/,无可用尺码,1968/1991-1997,Convertible/Coupe/Sedan,/Supreme,,,1968-1997,Convertible/Coupe/Sedan,Incl: Supreme,fallback,Oldsmobile Cutlass 1968 Sedan 原子事实对应多条候选记录
非皮卡,高度压缩两两组合,Oldsmobile,Cutlass/Cutlass,Cutlass,/,/,无可用尺码,1968-1972/1983-1991,Wagon/Coupe,/Ciera,,,1968-1991,Coupe/Wagon,Incl: Ciera,fallback,Oldsmobile Cutlass 1968 Coupe 原子事实对应多条候选记录
非皮卡,高度压缩两两组合,Oldsmobile,Cutlass/Cutlass,Cutlass,/,/,无可用尺码,1968-1972/1983-1996,Wagon/Sedan,/Ciera,,,1968-1996,Sedan/Wagon,Incl: Ciera,fallback,Oldsmobile Cutlass 1968 Sedan 原子事实对应多条候选记录
非皮卡,高度压缩两两组合,Oldsmobile,Cutlass/Cutlass,Cutlass,/,/,无可用尺码,1968-1972/1984-1996,Wagon/Wagon,/Ciera,,,1968-1996,Wagon,Incl: Ciera,success,
非皮卡,高度压缩两两组合,Oldsmobile,Cutlass/Cutlass,Cutlass,/,/,无可用尺码,1961-1999/1968,Convertible/Coupe/Sedan/Wagon/Convertible/Coupe,Cutlass/F-85/FWD/RWD/,,,1961-1999,Convertible/Coupe/Sedan/Wagon,Incl: Cutlass/F-85/FWD/RWD,fallback,Oldsmobile Cutlass 1965 Convertible 原子事实对应多条候选记录
非皮卡,高度压缩两两组合,Oldsmobile,Cutlass/Cutlass,Cutlass,/,/,无可用尺码,1961-1999/1968-1996,Convertible/Coupe/Sedan/Wagon/Wagon,Cutlass/F-85/FWD/RWD/Incl: Ciera,,,1961-1999,Convertible/Coupe/Sedan/Wagon,Incl: Ciera/Cutlass/F-85/FWD/RWD,fallback,Oldsmobile Cutlass 1965 Convertible 原子事实对应多条候选记录
非皮卡,高度压缩两两组合,Oldsmobile,Cutlass/Cutlass,Cutlass,/,/,无可用尺码,1961-1999/1983-1991,Convertible/Coupe/Sedan/Wagon/Coupe,Cutlass/F-85/FWD/RWD/Ciera,,,1961-1999,Convertible/Coupe/Sedan/Wagon,Ciera/Cutlass/F-85/FWD/RWD,fallback,Oldsmobile Cutlass 1983 Sedan 原子事实对应多条候选记录
非皮卡,高度压缩两两组合,Oldsmobile,Cutlass/Cutlass,Cutlass,/,/,无可用尺码,1961-1999/1983-1996,Convertible/Coupe/Sedan/Wagon/Sedan,Cutlass/F-85/FWD/RWD/Ciera,,,1961-1999,Convertible/Coupe/Sedan/Wagon,Ciera/Cutlass/F-85/FWD/RWD,fallback,Oldsmobile Cutlass 1983 Coupe 原子事实对应多条候选记录
非皮卡,高度压缩两两组合,Oldsmobile,Cutlass/Cutlass,Cutlass,/,/,无可用尺码,1961-1999/1989-1991,Convertible/Coupe/Sedan/Wagon/Coupe,Cutlass/F-85/FWD/RWD/,,,1961-1999,Convertible/Coupe/Sedan/Wagon,Incl: Cutlass/F-85/FWD/RWD,fallback,Oldsmobile Cutlass 1965 Convertible 原子事实对应多条候选记录
非皮卡,高度压缩两两组合,Oldsmobile,Cutlass/Cutlass,Cutlass,/,/,无可用尺码,1961-1999/1991-1997,Convertible/Coupe/Sedan/Wagon/Coupe,Cutlass/F-85/FWD/RWD/Supreme,,,1961-1999,Convertible/Coupe/Sedan/Wagon,Cutlass/F-85/FWD/RWD/Supreme,fallback,Oldsmobile Cutlass 1991 Sedan 原子事实对应多条候选记录
非皮卡,高度压缩两两组合,Oldsmobile,Cutlass/Cutlass,Cutlass,/,/,无可用尺码,1961-1999/1991-1997,Convertible/Coupe/Sedan/Wagon/Sedan,Cutlass/F-85/FWD/RWD/Supreme,,,1961-1999,Convertible/Coupe/Sedan/Wagon,Cutlass/F-85/FWD/RWD/Supreme,fallback,Oldsmobile Cutlass 1991 Coupe 原子事实对应多条候选记录
非皮卡,高度压缩两两组合,Oldsmobile,Cutlass/Cutlass,Cutlass,/,/,4XL,1964-1967/1965-1977,Convertible/Coupe/Sedan,Incl: F-85 Cutlass/,,,1964-1977,Convertible/Coupe/Sedan,Incl: F-85 Cutlass,fallback,Oldsmobile Cutlass 1968 Convertible 原子事实对应多条候选记录
非皮卡,高度压缩两两组合,Oldsmobile,Cutlass/Cutlass,Cutlass,/,/,4XL,1964-1967/1969-1972,Convertible/Coupe/Convertible,Incl: F-85 Cutlass/,,,1964-1972,Convertible/Coupe,Incl: F-85 Cutlass,fallback,Oldsmobile Cutlass 1968 Convertible 原子事实对应多条候选记录
非皮卡,高度压缩两两组合,Oldsmobile,Cutlass/Cutlass,Cutlass,/,/,4XL,1964-1967/1969-1977,Convertible/Coupe/Coupe,Incl: F-85 Cutlass/,,,1964-1977,Convertible/Coupe,Incl: F-85 Cutlass,fallback,Oldsmobile Cutlass 1968 Convertible 原子事实对应多条候选记录
非皮卡,高度压缩两两组合,Oldsmobile,Cutlass/Cutlass,Cutlass,/,/,4XL,1965-1977/1969-1972,Sedan/Convertible,/,,,1965-1977,Convertible/Sedan,,fallback,Oldsmobile Cutlass 1965 Convertible 原子事实对应多条候选记录
非皮卡,高度压缩两两组合,Oldsmobile,Cutlass/Cutlass,Cutlass,/,/,4XL,1965-1977/1969-1977,Sedan/Coupe,/,,,1965-1977,Coupe/Sedan,,fallback,Oldsmobile Cutlass 1965 Coupe 原子事实对应多条候选记录
非皮卡,高度压缩两两组合,Oldsmobile,Cutlass/Cutlass,Cutlass,/,/,无可用尺码,1968/1968-1996,Convertible/Coupe/Wagon,/Incl: Ciera,,,1968-1996,Convertible/Coupe/Wagon,Incl: Ciera,fallback,Oldsmobile Cutlass 1969 Convertible 原子事实对应多条候选记录
非皮卡,高度压缩两两组合,Oldsmobile,Cutlass/Cutlass,Cutlass,/,/,无可用尺码,1968/1983-1991,Convertible/Coupe/Coupe,/Ciera,,,1968-1991,Convertible/Coupe,Incl: Ciera,fallback,Oldsmobile Cutlass 1969 Convertible 原子事实对应多条候选记录
非皮卡,高度压缩两两组合,Oldsmobile,Cutlass/Cutlass,Cutlass,/,/,无可用尺码,1968/1983-1996,Convertible/Coupe/Sedan,/Ciera,,,1968-1996,Convertible/Coupe/Sedan,Incl: Ciera,fallback,Oldsmobile Cutlass 1968 Sedan 原子事实对应多条候选记录
非皮卡,高度压缩两两组合,Oldsmobile,Cutlass/Cutlass,Cutlass,/,/,无可用尺码,1968/1989-1991,Convertible/Coupe/Coupe,/,,,1968-1991,Convertible/Coupe,,fallback,Oldsmobile Cutlass 1969 Convertible 原子事实对应多条候选记录
非皮卡,高度压缩两两组合,Oldsmobile,Cutlass/Cutlass,Cutlass,/,/,无可用尺码,1968/1991-1997,Convertible/Coupe/Coupe,/Supreme,,,1968-1997,Convertible/Coupe,Incl: Supreme,fallback,Oldsmobile Cutlass 1969 Convertible 原子事实对应多条候选记录
非皮卡,高度压缩两两组合,Oldsmobile,Cutlass/Cutlass,Cutlass,/,/,无可用尺码,1968/1991-1997,Convertible/Coupe/Sedan,/Supreme,,,1968-1997,Convertible/Coupe/Sedan,Incl: Supreme,fallback,Oldsmobile Cutlass 1968 Sedan 原子事实对应多条候选记录
非皮卡,高度压缩两两组合,Oldsmobile,Cutlass/Cutlass,Cutlass,/,/,无可用尺码,1968-1996/1983-1991,Wagon/Coupe,Incl: Ciera/Ciera,,,1968-1996,Coupe/Wagon,Incl: Ciera,fallback,Oldsmobile Cutlass 1968 Coupe 原子事实对应多条候选记录
非皮卡,高度压缩两两组合,Oldsmobile,Cutlass/Cutlass,Cutlass,/,/,无可用尺码,1968-1996/1983-1996,Wagon/Sedan,Incl: Ciera/Ciera,,,1968-1996,Sedan/Wagon,Incl: Ciera,fallback,Oldsmobile Cutlass 1968 Sedan 原子事实对应多条候选记录
非皮卡,高度压缩两两组合,Oldsmobile,Cutlass/Cutlass,Cutlass,/,/,无可用尺码,1968-1996/1989-1991,Wagon/Coupe,Incl: Ciera/,,,1968-1996,Coupe/Wagon,Incl: Ciera,fallback,Oldsmobile Cutlass 1968 Coupe 原子事实对应多条候选记录
非皮卡,高度压缩两两组合,Oldsmobile,Cutlass/Cutlass,Cutlass,/,/,无可用尺码,1968-1996/1991-1997,Wagon/Coupe,Incl: Ciera/Supreme,,,1968-1997,Coupe/Wagon,Incl: Ciera/Supreme,fallback,Oldsmobile Cutlass 1968 Coupe 原子事实对应多条候选记录
非皮卡,高度压缩两两组合,Oldsmobile,Cutlass/Cutlass,Cutlass,/,/,无可用尺码,1968-1996/1991-1997,Wagon/Sedan,Incl: Ciera/Supreme,,,1968-1997,Sedan/Wagon,Incl: Ciera/Supreme,fallback,Oldsmobile Cutlass 1968 Sedan 原子事实对应多条候选记录
非皮卡,高度压缩两两组合,Oldsmobile,Cutlass/Cutlass,Cutlass,/,/,4XL,1969-1972/1969-1977,Convertible/Coupe,/,,,1969-1977,Convertible/Coupe,,success,
非皮卡,高度压缩两两组合,Oldsmobile,Cutlass/Cutlass,Cutlass,/,/,无可用尺码,1961-1999/1968,Convertible/Coupe/Sedan/Wagon/Convertible/Coupe,Cutlass/F-85/FWD/RWD/,,,1961-1999,Convertible/Coupe/Sedan/Wagon,Incl: Cutlass/F-85/FWD/RWD,fallback,Oldsmobile Cutlass 1965 Convertible 原子事实对应多条候选记录
非皮卡,高度压缩两两组合,Oldsmobile,Cutlass/Cutlass,Cutlass,/,/,无可用尺码,1961-1999/1968-1996,Convertible/Coupe/Sedan/Wagon/Wagon,Cutlass/F-85/FWD/RWD/Incl: Ciera,,,1961-1999,Convertible/Coupe/Sedan/Wagon,Incl: Ciera/Cutlass/F-85/FWD/RWD,fallback,Oldsmobile Cutlass 1965 Convertible 原子事实对应多条候选记录
非皮卡,高度压缩两两组合,Oldsmobile,Cutlass/Cutlass,Cutlass,/,/,无可用尺码,1961-1999/1983-1991,Convertible/Coupe/Sedan/Wagon/Coupe,Cutlass/F-85/FWD/RWD/Ciera,,,1961-1999,Convertible/Coupe/Sedan/Wagon,Ciera/Cutlass/F-85/FWD/RWD,fallback,Oldsmobile Cutlass 1983 Sedan 原子事实对应多条候选记录
非皮卡,高度压缩两两组合,Oldsmobile,Cutlass/Cutlass,Cutlass,/,/,无可用尺码,1961-1999/1983-1996,Convertible/Coupe/Sedan/Wagon/Sedan,Cutlass/F-85/FWD/RWD/Ciera,,,1961-1999,Convertible/Coupe/Sedan/Wagon,Ciera/Cutlass/F-85/FWD/RWD,fallback,Oldsmobile Cutlass 1983 Coupe 原子事实对应多条候选记录
非皮卡,高度压缩两两组合,Oldsmobile,Cutlass/Cutlass,Cutlass,/,/,无可用尺码,1961-1999/1989-1991,Convertible/Coupe/Sedan/Wagon/Coupe,Cutlass/F-85/FWD/RWD/,,,1961-1999,Convertible/Coupe/Sedan/Wagon,Incl: Cutlass/F-85/FWD/RWD,fallback,Oldsmobile Cutlass 1965 Convertible 原子事实对应多条候选记录
非皮卡,高度压缩两两组合,Oldsmobile,Cutlass/Cutlass,Cutlass,/,/,无可用尺码,1961-1999/1991-1997,Convertible/Coupe/Sedan/Wagon/Coupe,Cutlass/F-85/FWD/RWD/Supreme,,,1961-1999,Convertible/Coupe/Sedan/Wagon,Cutlass/F-85/FWD/RWD/Supreme,fallback,Oldsmobile Cutlass 1991 Sedan 原子事实对应多条候选记录
非皮卡,高度压缩两两组合,Oldsmobile,Cutlass/Cutlass,Cutlass,/,/,无可用尺码,1961-1999/1991-1997,Convertible/Coupe/Sedan/Wagon/Sedan,Cutlass/F-85/FWD/RWD/Supreme,,,1961-1999,Convertible/Coupe/Sedan/Wagon,Cutlass/F-85/FWD/RWD/Supreme,fallback,Oldsmobile Cutlass 1991 Coupe 原子事实对应多条候选记录
非皮卡,高度压缩两两组合,Oldsmobile,Cutlass/Cutlass,Cutlass,/,/,4XL,1964-1967/1965-1977,Convertible/Coupe/Sedan,Incl: F-85 Cutlass/,,,1964-1977,Convertible/Coupe/Sedan,Incl: F-85 Cutlass,fallback,Oldsmobile Cutlass 1968 Convertible 原子事实对应多条候选记录
非皮卡,高度压缩两两组合,Oldsmobile,Cutlass/Cutlass,Cutlass,/,/,4XL,1964-1967/1969-1977,Convertible/Coupe/Convertible/Coupe,Incl: F-85 Cutlass/,,,1964-1977,Convertible/Coupe,Incl: F-85 Cutlass,fallback,Oldsmobile Cutlass 1968 Convertible 原子事实对应多条候选记录
非皮卡,高度压缩两两组合,Oldsmobile,Cutlass/Cutlass,Cutlass,/,/,4XL,1965-1977/1969-1977,Sedan/Convertible/Coupe,/,,,1965-1977,Convertible/Coupe/Sedan,,fallback,Oldsmobile Cutlass 1965 Convertible 原子事实对应多条候选记录
非皮卡,高度压缩两两组合,Oldsmobile,Cutlass/Cutlass,Cutlass,/,/,无可用尺码,1968/1968-1996,Convertible/Coupe/Wagon,/Incl: Ciera,,,1968-1996,Convertible/Coupe/Wagon,Incl: Ciera,fallback,Oldsmobile Cutlass 1969 Convertible 原子事实对应多条候选记录
非皮卡,高度压缩两两组合,Oldsmobile,Cutlass/Cutlass,Cutlass,/,/,无可用尺码,1968/1983-1991,Convertible/Coupe/Coupe,/Ciera,,,1968-1991,Convertible/Coupe,Incl: Ciera,fallback,Oldsmobile Cutlass 1969 Convertible 原子事实对应多条候选记录
非皮卡,高度压缩两两组合,Oldsmobile,Cutlass/Cutlass,Cutlass,/,/,无可用尺码,1968/1983-1996,Convertible/Coupe/Sedan,/Ciera,,,1968-1996,Convertible/Coupe/Sedan,Incl: Ciera,fallback,Oldsmobile Cutlass 1968 Sedan 原子事实对应多条候选记录
非皮卡,高度压缩两两组合,Oldsmobile,Cutlass/Cutlass,Cutlass,/,/,无可用尺码,1968/1989-1991,Convertible/Coupe/Coupe,/,,,1968-1991,Convertible/Coupe,,fallback,Oldsmobile Cutlass 1969 Convertible 原子事实对应多条候选记录
非皮卡,高度压缩两两组合,Oldsmobile,Cutlass/Cutlass,Cutlass,/,/,无可用尺码,1968/1991-1997,Convertible/Coupe/Coupe,/Supreme,,,1968-1997,Convertible/Coupe,Incl: Supreme,fallback,Oldsmobile Cutlass 1969 Convertible 原子事实对应多条候选记录
非皮卡,高度压缩两两组合,Oldsmobile,Cutlass/Cutlass,Cutlass,/,/,无可用尺码,1968/1991-1997,Convertible/Coupe/Sedan,/Supreme,,,1968-1997,Convertible/Coupe/Sedan,Incl: Supreme,fallback,Oldsmobile Cutlass 1968 Sedan 原子事实对应多条候选记录
非皮卡,高度压缩两两组合,Oldsmobile,Cutlass/Cutlass,Cutlass,/,/,无可用尺码,1968-1996/1983-1991,Wagon/Coupe,Incl: Ciera/Ciera,,,1968-1996,Coupe/Wagon,Incl: Ciera,fallback,Oldsmobile Cutlass 1968 Coupe 原子事实对应多条候选记录
非皮卡,高度压缩两两组合,Oldsmobile,Cutlass/Cutlass,Cutlass,/,/,无可用尺码,1968-1996/1983-1996,Wagon/Sedan,Incl: Ciera/Ciera,,,1968-1996,Sedan/Wagon,Incl: Ciera,fallback,Oldsmobile Cutlass 1968 Sedan 原子事实对应多条候选记录
非皮卡,高度压缩两两组合,Oldsmobile,Cutlass/Cutlass,Cutlass,/,/,无可用尺码,1968-1996/1989-1991,Wagon/Coupe,Incl: Ciera/,,,1968-1996,Coupe/Wagon,Incl: Ciera,fallback,Oldsmobile Cutlass 1968 Coupe 原子事实对应多条候选记录
非皮卡,高度压缩两两组合,Oldsmobile,Cutlass/Cutlass,Cutlass,/,/,无可用尺码,1968-1996/1991-1997,Wagon/Coupe,Incl: Ciera/Supreme,,,1968-1997,Coupe/Wagon,Incl: Ciera/Supreme,fallback,Oldsmobile Cutlass 1968 Coupe 原子事实对应多条候选记录
非皮卡,高度压缩两两组合,Oldsmobile,Cutlass/Cutlass,Cutlass,/,/,无可用尺码,1968-1996/1991-1997,Wagon/Sedan,Incl: Ciera/Supreme,,,1968-1997,Sedan/Wagon,Incl: Ciera/Supreme,fallback,Oldsmobile Cutlass 1968 Sedan 原子事实对应多条候选记录
非皮卡,高度压缩两两组合,Oldsmobile,Cutlass/Cutlass,Cutlass,/,/,无可用尺码,1983-1991/1983-1996,Coupe/Sedan,Ciera/Ciera,,,1983-1996,Coupe/Sedan,Ciera,success,
非皮卡,高度压缩两两组合,Oldsmobile,Cutlass/Cutlass,Cutlass,/,/,无可用尺码,1961-1999/1968,Convertible/Coupe/Sedan/Wagon/Convertible/Coupe,Cutlass/F-85/FWD/RWD/,,,1961-1999,Convertible/Coupe/Sedan/Wagon,Incl: Cutlass/F-85/FWD/RWD,fallback,Oldsmobile Cutlass 1965 Convertible 原子事实对应多条候选记录
非皮卡,高度压缩两两组合,Oldsmobile,Cutlass/Cutlass,Cutlass,/,/,无可用尺码,1961-1999/1968-1996,Convertible/Coupe/Sedan/Wagon/Wagon,Cutlass/F-85/FWD/RWD/Incl: Ciera,,,1961-1999,Convertible/Coupe/Sedan/Wagon,Incl: Ciera/Cutlass/F-85/FWD/RWD,fallback,Oldsmobile Cutlass 1965 Convertible 原子事实对应多条候选记录
非皮卡,高度压缩两两组合,Oldsmobile,Cutlass/Cutlass,Cutlass,/,/,无可用尺码,1961-1999/1983-1996,Convertible/Coupe/Sedan/Wagon/Coupe/Sedan,Cutlass/F-85/FWD/RWD/Ciera,,,1961-1999,Convertible/Coupe/Sedan/Wagon,Ciera/Cutlass/F-85/FWD/RWD,fallback,Oldsmobile Cutlass 1984 Wagon 原子事实对应多条候选记录
非皮卡,高度压缩两两组合,Oldsmobile,Cutlass/Cutlass,Cutlass,/,/,无可用尺码,1961-1999/1989-1991,Convertible/Coupe/Sedan/Wagon/Coupe,Cutlass/F-85/FWD/RWD/,,,1961-1999,Convertible/Coupe/Sedan/Wagon,Incl: Cutlass/F-85/FWD/RWD,fallback,Oldsmobile Cutlass 1965 Convertible 原子事实对应多条候选记录
非皮卡,高度压缩两两组合,Oldsmobile,Cutlass/Cutlass,Cutlass,/,/,无可用尺码,1961-1999/1991-1997,Convertible/Coupe/Sedan/Wagon/Coupe,Cutlass/F-85/FWD/RWD/Supreme,,,1961-1999,Convertible/Coupe/Sedan/Wagon,Cutlass/F-85/FWD/RWD/Supreme,fallback,Oldsmobile Cutlass 1991 Sedan 原子事实对应多条候选记录
非皮卡,高度压缩两两组合,Oldsmobile,Cutlass/Cutlass,Cutlass,/,/,无可用尺码,1961-1999/1991-1997,Convertible/Coupe/Sedan/Wagon/Sedan,Cutlass/F-85/FWD/RWD/Supreme,,,1961-1999,Convertible/Coupe/Sedan/Wagon,Cutlass/F-85/FWD/RWD/Supreme,fallback,Oldsmobile Cutlass 1991 Coupe 原子事实对应多条候选记录
非皮卡,高度压缩两两组合,Oldsmobile,Cutlass/Cutlass,Cutlass,/,/,4XL,1964-1967/1965-1977,Convertible/Coupe/Sedan,Incl: F-85 Cutlass/,,,1964-1977,Convertible/Coupe/Sedan,Incl: F-85 Cutlass,fallback,Oldsmobile Cutlass 1968 Convertible 原子事实对应多条候选记录
非皮卡,高度压缩两两组合,Oldsmobile,Cutlass/Cutlass,Cutlass,/,/,4XL,1964-1967/1969-1977,Convertible/Coupe/Convertible/Coupe,Incl: F-85 Cutlass/,,,1964-1977,Convertible/Coupe,Incl: F-85 Cutlass,fallback,Oldsmobile Cutlass 1968 Convertible 原子事实对应多条候选记录
非皮卡,高度压缩两两组合,Oldsmobile,Cutlass/Cutlass,Cutlass,/,/,4XL,1965-1977/1969-1977,Sedan/Convertible/Coupe,/,,,1965-1977,Convertible/Coupe/Sedan,,fallback,Oldsmobile Cutlass 1965 Convertible 原子事实对应多条候选记录
非皮卡,高度压缩两两组合,Oldsmobile,Cutlass/Cutlass,Cutlass,/,/,无可用尺码,1968/1968-1996,Convertible/Coupe/Wagon,/Incl: Ciera,,,1968-1996,Convertible/Coupe/Wagon,Incl: Ciera,fallback,Oldsmobile Cutlass 1969 Convertible 原子事实对应多条候选记录
非皮卡,高度压缩两两组合,Oldsmobile,Cutlass/Cutlass,Cutlass,/,/,无可用尺码,1968/1983-1996,Convertible/Coupe/Coupe/Sedan,/Ciera,,,1968-1996,Convertible/Coupe/Sedan,Incl: Ciera,fallback,Oldsmobile Cutlass 1968 Sedan 原子事实对应多条候选记录
非皮卡,高度压缩两两组合,Oldsmobile,Cutlass/Cutlass,Cutlass,/,/,无可用尺码,1968/1989-1991,Convertible/Coupe/Coupe,/,,,1968-1991,Convertible/Coupe,,fallback,Oldsmobile Cutlass 1969 Convertible 原子事实对应多条候选记录
非皮卡,高度压缩两两组合,Oldsmobile,Cutlass/Cutlass,Cutlass,/,/,无可用尺码,1968/1991-1997,Convertible/Coupe/Coupe,/Supreme,,,1968-1997,Convertible/Coupe,Incl: Supreme,fallback,Oldsmobile Cutlass 1969 Convertible 原子事实对应多条候选记录
非皮卡,高度压缩两两组合,Oldsmobile,Cutlass/Cutlass,Cutlass,/,/,无可用尺码,1968/1991-1997,Convertible/Coupe/Sedan,/Supreme,,,1968-1997,Convertible/Coupe/Sedan,Incl: Supreme,fallback,Oldsmobile Cutlass 1968 Sedan 原子事实对应多条候选记录
非皮卡,高度压缩两两组合,Oldsmobile,Cutlass/Cutlass,Cutlass,/,/,无可用尺码,1968-1996/1983-1996,Wagon/Coupe/Sedan,Incl: Ciera/Ciera,,,1968-1996,Coupe/Sedan/Wagon,Incl: Ciera,fallback,Oldsmobile Cutlass 1968 Sedan 原子事实对应多条候选记录
非皮卡,高度压缩两两组合,Oldsmobile,Cutlass/Cutlass,Cutlass,/,/,无可用尺码,1968-1996/1989-1991,Wagon/Coupe,Incl: Ciera/,,,1968-1996,Coupe/Wagon,Incl: Ciera,fallback,Oldsmobile Cutlass 1968 Coupe 原子事实对应多条候选记录
非皮卡,高度压缩两两组合,Oldsmobile,Cutlass/Cutlass,Cutlass,/,/,无可用尺码,1968-1996/1991-1997,Wagon/Coupe,Incl: Ciera/Supreme,,,1968-1997,Coupe/Wagon,Incl: Ciera/Supreme,fallback,Oldsmobile Cutlass 1968 Coupe 原子事实对应多条候选记录
非皮卡,高度压缩两两组合,Oldsmobile,Cutlass/Cutlass,Cutlass,/,/,无可用尺码,1968-1996/1991-1997,Wagon/Sedan,Incl: Ciera/Supreme,,,1968-1997,Sedan/Wagon,Incl: Ciera/Supreme,fallback,Oldsmobile Cutlass 1968 Sedan 原子事实对应多条候选记录
非皮卡,高度压缩两两组合,Oldsmobile,Cutlass/Cutlass,Cutlass,/,/,无可用尺码,1983-1996/1989-1991,Coupe/Sedan/Coupe,Ciera/,,,1983-1996,Coupe/Sedan,Incl: Ciera,success,
非皮卡,高度压缩两两组合,Oldsmobile,Cutlass/Cutlass,Cutlass,/,/,无可用尺码,1961-1999/1968,Convertible/Coupe/Sedan/Wagon/Convertible/Coupe,Cutlass/F-85/FWD/RWD/,,,1961-1999,Convertible/Coupe/Sedan/Wagon,Incl: Cutlass/F-85/FWD/RWD,fallback,Oldsmobile Cutlass 1965 Convertible 原子事实对应多条候选记录
非皮卡,高度压缩两两组合,Oldsmobile,Cutlass/Cutlass,Cutlass,/,/,无可用尺码,1961-1999/1968-1996,Convertible/Coupe/Sedan/Wagon/Wagon,Cutlass/F-85/FWD/RWD/Incl: Ciera,,,1961-1999,Convertible/Coupe/Sedan/Wagon,Incl: Ciera/Cutlass/F-85/FWD/RWD,fallback,Oldsmobile Cutlass 1965 Convertible 原子事实对应多条候选记录
非皮卡,高度压缩两两组合,Oldsmobile,Cutlass/Cutlass,Cutlass,/,/,无可用尺码,1961-1999/1983-1996,Convertible/Coupe/Sedan/Wagon/Coupe/Sedan,Cutlass/F-85/FWD/RWD/Incl: Ciera,,,1961-1999,Convertible/Coupe/Sedan/Wagon,Incl: Ciera/Cutlass/F-85/FWD/RWD,fallback,Oldsmobile Cutlass 1965 Convertible 原子事实对应多条候选记录
非皮卡,高度压缩两两组合,Oldsmobile,Cutlass/Cutlass,Cutlass,/,/,无可用尺码,1961-1999/1991-1997,Convertible/Coupe/Sedan/Wagon/Coupe,Cutlass/F-85/FWD/RWD/Supreme,,,1961-1999,Convertible/Coupe/Sedan/Wagon,Cutlass/F-85/FWD/RWD/Supreme,fallback,Oldsmobile Cutlass 1991 Sedan 原子事实对应多条候选记录
非皮卡,高度压缩两两组合,Oldsmobile,Cutlass/Cutlass,Cutlass,/,/,无可用尺码,1961-1999/1991-1997,Convertible/Coupe/Sedan/Wagon/Sedan,Cutlass/F-85/FWD/RWD/Supreme,,,1961-1999,Convertible/Coupe/Sedan/Wagon,Cutlass/F-85/FWD/RWD/Supreme,fallback,Oldsmobile Cutlass 1991 Coupe 原子事实对应多条候选记录
非皮卡,高度压缩两两组合,Oldsmobile,Cutlass/Cutlass,Cutlass,/,/,4XL,1964-1967/1965-1977,Convertible/Coupe/Sedan,Incl: F-85 Cutlass/,,,1964-1977,Convertible/Coupe/Sedan,Incl: F-85 Cutlass,fallback,Oldsmobile Cutlass 1968 Convertible 原子事实对应多条候选记录
非皮卡,高度压缩两两组合,Oldsmobile,Cutlass/Cutlass,Cutlass,/,/,4XL,1964-1967/1969-1977,Convertible/Coupe/Convertible/Coupe,Incl: F-85 Cutlass/,,,1964-1977,Convertible/Coupe,Incl: F-85 Cutlass,fallback,Oldsmobile Cutlass 1968 Convertible 原子事实对应多条候选记录
非皮卡,高度压缩两两组合,Oldsmobile,Cutlass/Cutlass,Cutlass,/,/,4XL,1965-1977/1969-1977,Sedan/Convertible/Coupe,/,,,1965-1977,Convertible/Coupe/Sedan,,fallback,Oldsmobile Cutlass 1965 Convertible 原子事实对应多条候选记录
非皮卡,高度压缩两两组合,Oldsmobile,Cutlass/Cutlass,Cutlass,/,/,无可用尺码,1968/1968-1996,Convertible/Coupe/Wagon,/Incl: Ciera,,,1968-1996,Convertible/Coupe/Wagon,Incl: Ciera,fallback,Oldsmobile Cutlass 1969 Convertible 原子事实对应多条候选记录
非皮卡,高度压缩两两组合,Oldsmobile,Cutlass/Cutlass,Cutlass,/,/,无可用尺码,1968/1983-1996,Convertible/Coupe/Coupe/Sedan,/Incl: Ciera,,,1968-1996,Convertible/Coupe/Sedan,Incl: Ciera,fallback,Oldsmobile Cutlass 1968 Sedan 原子事实对应多条候选记录
非皮卡,高度压缩两两组合,Oldsmobile,Cutlass/Cutlass,Cutlass,/,/,无可用尺码,1968/1991-1997,Convertible/Coupe/Coupe,/Supreme,,,1968-1997,Convertible/Coupe,Incl: Supreme,fallback,Oldsmobile Cutlass 1969 Convertible 原子事实对应多条候选记录
非皮卡,高度压缩两两组合,Oldsmobile,Cutlass/Cutlass,Cutlass,/,/,无可用尺码,1968/1991-1997,Convertible/Coupe/Sedan,/Supreme,,,1968-1997,Convertible/Coupe/Sedan,Incl: Supreme,fallback,Oldsmobile Cutlass 1968 Sedan 原子事实对应多条候选记录
非皮卡,高度压缩两两组合,Oldsmobile,Cutlass/Cutlass,Cutlass,/,/,无可用尺码,1968-1996/1983-1996,Wagon/Coupe/Sedan,Incl: Ciera/Incl: Ciera,,,1968-1996,Coupe/Sedan/Wagon,Incl: Ciera,fallback,Oldsmobile Cutlass 1968 Sedan 原子事实对应多条候选记录
非皮卡,高度压缩两两组合,Oldsmobile,Cutlass/Cutlass,Cutlass,/,/,无可用尺码,1968-1996/1991-1997,Wagon/Coupe,Incl: Ciera/Supreme,,,1968-1997,Coupe/Wagon,Incl: Ciera/Supreme,fallback,Oldsmobile Cutlass 1968 Coupe 原子事实对应多条候选记录
非皮卡,高度压缩两两组合,Oldsmobile,Cutlass/Cutlass,Cutlass,/,/,无可用尺码,1968-1996/1991-1997,Wagon/Sedan,Incl: Ciera/Supreme,,,1968-1997,Sedan/Wagon,Incl: Ciera/Supreme,fallback,Oldsmobile Cutlass 1968 Sedan 原子事实对应多条候选记录
非皮卡,高度压缩两两组合,Oldsmobile,Cutlass/Cutlass,Cutlass,/,/,无可用尺码,1983-1996/1991-1997,Coupe/Sedan/Coupe,Incl: Ciera/Supreme,,,1983-1997,Coupe/Sedan,Incl: Ciera/Supreme,fallback,Oldsmobile Cutlass 1991 Sedan 原子事实对应多条候选记录
非皮卡,高度压缩两两组合,Oldsmobile,Cutlass/Cutlass,Cutlass,/,/,无可用尺码,1983-1996/1991-1997,Coupe/Sedan/Sedan,Incl: Ciera/Supreme,,,1983-1997,Coupe/Sedan,Incl: Ciera/Supreme,fallback,Oldsmobile Cutlass 1991 Coupe 原子事实对应多条候选记录
非皮卡,高度压缩两两组合,Oldsmobile,Cutlass/Cutlass,Cutlass,/,/,无可用尺码,1991-1997/1991-1997,Coupe/Sedan,Supreme/Supreme,,,1991-1997,Coupe/Sedan,Supreme,success,
非皮卡,高度压缩两两组合,Oldsmobile,Cutlass/Cutlass,Cutlass,/,/,无可用尺码,1961-1999/1968,Convertible/Coupe/Sedan/Wagon/Convertible/Coupe,Cutlass/F-85/FWD/RWD/,,,1961-1999,Convertible/Coupe/Sedan/Wagon,Incl: Cutlass/F-85/FWD/RWD,fallback,Oldsmobile Cutlass 1965 Convertible 原子事实对应多条候选记录
非皮卡,高度压缩两两组合,Oldsmobile,Cutlass/Cutlass,Cutlass,/,/,无可用尺码,1961-1999/1968-1996,Convertible/Coupe/Sedan/Wagon/Wagon,Cutlass/F-85/FWD/RWD/Incl: Ciera,,,1961-1999,Convertible/Coupe/Sedan/Wagon,Incl: Ciera/Cutlass/F-85/FWD/RWD,fallback,Oldsmobile Cutlass 1965 Convertible 原子事实对应多条候选记录
非皮卡,高度压缩两两组合,Oldsmobile,Cutlass/Cutlass,Cutlass,/,/,无可用尺码,1961-1999/1983-1996,Convertible/Coupe/Sedan/Wagon/Coupe/Sedan,Cutlass/F-85/FWD/RWD/Incl: Ciera,,,1961-1999,Convertible/Coupe/Sedan/Wagon,Incl: Ciera/Cutlass/F-85/FWD/RWD,fallback,Oldsmobile Cutlass 1965 Convertible 原子事实对应多条候选记录
非皮卡,高度压缩两两组合,Oldsmobile,Cutlass/Cutlass,Cutlass,/,/,无可用尺码,1961-1999/1991-1997,Convertible/Coupe/Sedan/Wagon/Coupe/Sedan,Cutlass/F-85/FWD/RWD/Supreme,,,1961-1999,Convertible/Coupe/Sedan/Wagon,Cutlass/F-85/FWD/RWD/Supreme,success,
非皮卡,高度压缩两两组合,Oldsmobile,Cutlass/Cutlass,Cutlass,/,/,无可用尺码,1961-1999/1968,Convertible/Coupe/Sedan/Wagon/Convertible/Coupe,Cutlass/F-85/FWD/RWD/Supreme/,,,1961-1999,Convertible/Coupe/Sedan/Wagon,Incl: Cutlass/F-85/FWD/RWD/Supreme,fallback,Oldsmobile Cutlass 1965 Convertible 原子事实对应多条候选记录
非皮卡,高度压缩两两组合,Oldsmobile,Cutlass/Cutlass,Cutlass,/,/,无可用尺码,1961-1999/1968-1996,Convertible/Coupe/Sedan/Wagon/Wagon,Cutlass/F-85/FWD/RWD/Supreme/Incl: Ciera,,,1961-1999,Convertible/Coupe/Sedan/Wagon,Incl: Ciera/Cutlass/F-85/FWD/RWD/Supreme,fallback,Oldsmobile Cutlass 1965 Convertible 原子事实对应多条候选记录
非皮卡,高度压缩两两组合,Oldsmobile,Cutlass/Cutlass,Cutlass,/,/,无可用尺码,1961-1999/1983-1996,Convertible/Coupe/Sedan/Wagon/Coupe/Sedan,Cutlass/F-85/FWD/RWD/Supreme/Incl: Ciera,,,1961-1999,Convertible/Coupe/Sedan/Wagon,Incl: Ciera/Cutlass/F-85/FWD/RWD/Supreme,fallback,Oldsmobile Cutlass 1965 Convertible 原子事实对应多条候选记录
非皮卡,高度压缩两两组合,Oldsmobile,Cutlass/Cutlass,Cutlass,/,/,4XL,1964-1967/1965-1977,Convertible/Coupe/Sedan,Incl: F-85 Cutlass/,,,1964-1977,Convertible/Coupe/Sedan,Incl: F-85 Cutlass,fallback,Oldsmobile Cutlass 1968 Convertible 原子事实对应多条候选记录
非皮卡,高度压缩两两组合,Oldsmobile,Cutlass/Cutlass,Cutlass,/,/,4XL,1964-1967/1969-1977,Convertible/Coupe/Convertible/Coupe,Incl: F-85 Cutlass/,,,1964-1977,Convertible/Coupe,Incl: F-85 Cutlass,fallback,Oldsmobile Cutlass 1968 Convertible 原子事实对应多条候选记录
非皮卡,高度压缩两两组合,Oldsmobile,Cutlass/Cutlass,Cutlass,/,/,4XL,1965-1977/1969-1977,Sedan/Convertible/Coupe,/,,,1965-1977,Convertible/Coupe/Sedan,,fallback,Oldsmobile Cutlass 1965 Convertible 原子事实对应多条候选记录
非皮卡,高度压缩两两组合,Oldsmobile,Cutlass/Cutlass,Cutlass,/,/,无可用尺码,1968/1968-1996,Convertible/Coupe/Wagon,/Incl: Ciera,,,1968-1996,Convertible/Coupe/Wagon,Incl: Ciera,fallback,Oldsmobile Cutlass 1969 Convertible 原子事实对应多条候选记录
非皮卡,高度压缩两两组合,Oldsmobile,Cutlass/Cutlass,Cutlass,/,/,无可用尺码,1968/1983-1996,Convertible/Coupe/Coupe/Sedan,/Incl: Ciera,,,1968-1996,Convertible/Coupe/Sedan,Incl: Ciera,fallback,Oldsmobile Cutlass 1968 Sedan 原子事实对应多条候选记录
非皮卡,高度压缩两两组合,Oldsmobile,Cutlass/Cutlass,Cutlass,/,/,无可用尺码,1968-1996/1983-1996,Wagon/Coupe/Sedan,Incl: Ciera/Incl: Ciera,,,1968-1996,Coupe/Sedan/Wagon,Incl: Ciera,fallback,Oldsmobile Cutlass 1968 Sedan 原子事实对应多条候选记录
非皮卡,高度压缩两两组合,Plymouth,Barracuda/Barracuda,Barracuda,/,/,无可用尺码,1964-1973/1967-1969,Coupe/Fastback,/,,,1964-1973,Coupe/Fastback,,success,
非皮卡,高度压缩两两组合,Plymouth,Barracuda/Barracuda,Barracuda,/,/,无可用尺码,1964-1973/1974,Coupe/Fastback/Coupe,/Barracuda 318 V8,,,1964-1974,Coupe/Fastback,Incl: Barracuda 318 V8,success,
非皮卡,高度压缩两两组合,Plymouth,Barracuda/Barracuda,Barracuda,/,/,无可用尺码,1964-1974/1974,Coupe/Fastback/Coupe,Incl: Barracuda 318 V8/Cuda 360,,,1964-1974,Coupe/Fastback,Incl: Barracuda 318 V8/Cuda 360,success,
非皮卡,高度压缩两两组合,Plymouth,Fury/Fury,Fury,/,/,4XL,1956/1957-1959,Hardtop/Coupe,Belvedere Fury/,,,1956-1959,Coupe/Hardtop,Incl: Belvedere Fury,success,
非皮卡,高度压缩两两组合,Plymouth,Fury/Fury,Fury,/,/,4XL,1956-1959/1959,Coupe/Hardtop/Convertible,Incl: Belvedere Fury/Sport Fury,,,1956-1959,Convertible/Coupe/Hardtop,Incl: Belvedere Fury/Sport Fury,success,
非皮卡,高度压缩两两组合,Plymouth,Fury/Fury,Fury,/,/,4XL,1956-1959/1959-1961,Convertible/Coupe/Hardtop/Sedan,Incl: Belvedere Fury/Sport Fury/,,,1956-1961,Convertible/Coupe/Hardtop/Sedan,Incl: Belvedere Fury/Sport Fury,fallback,Plymouth Fury 1961 Convertible 原子事实对应多条候选记录
非皮卡,高度压缩两两组合,Plymouth,Fury/Fury,Fury,/,/,4XL,1956-1959/1960,Convertible/Coupe/Hardtop/Coupe,Incl: Belvedere Fury/Sport Fury/2dr Hardtop V-800,,,1956-1960,Convertible/Coupe/Hardtop,Incl: 2dr Hardtop V-800/Belvedere Fury/Sport Fury,success,
非皮卡,高度压缩两两组合,Plymouth,Fury/Fury,Fury,/,/,4XL,1956-1960/1959-1961,Convertible/Coupe/Hardtop/Sedan,Incl: 2dr Hardtop V-800/Belvedere Fury/Sport Fury/,,,1956-1961,Convertible/Coupe/Hardtop/Sedan,Incl: 2dr Hardtop V-800/Belvedere Fury/Sport Fury,fallback,Plymouth Fury 1961 Convertible 原子事实对应多条候选记录
非皮卡,高度压缩两两组合,Plymouth,Fury/Fury,Fury,/,/,4XL,1956-1960/1960,Convertible/Coupe/Hardtop/Sedan,Incl: 2dr Hardtop V-800/Belvedere Fury/Sport Fury/4dr Hardtop V-800,,,1956-1960,Convertible/Coupe/Hardtop/Sedan,Incl: 2dr Hardtop V-800/4dr Hardtop V-800/Belvedere Fury/Sport Fury,fallback,Plymouth Fury 1959 Sedan 原子事实对应多条候选记录
非皮卡,高度压缩两两组合,Plymouth,Fury/Fury,Fury,/,/,4XL,1956-1960/1961,Convertible/Coupe/Hardtop/Convertible,Incl: 2dr Hardtop V-800/Belvedere Fury/Sport Fury/,,,1956-1961,Convertible/Coupe/Hardtop,Incl: 2dr Hardtop V-800/Belvedere Fury/Sport Fury,fallback,Plymouth Fury 1961 Coupe 原子事实对应多条候选记录
非皮卡,高度压缩两两组合,Plymouth,Fury/Fury,Fury,/,/,4XL,1956-1960/1961,Convertible/Coupe/Hardtop/Coupe,Incl: 2dr Hardtop V-800/Belvedere Fury/Sport Fury/,,,1956-1961,Convertible/Coupe/Hardtop,Incl: 2dr Hardtop V-800/Belvedere Fury/Sport Fury,fallback,Plymouth Fury 1961 Convertible 原子事实对应多条候选记录
非皮卡,高度压缩两两组合,Plymouth,Fury/Fury,Fury,/,/,4XL,1956-1960/1963,Convertible/Coupe/Hardtop/Convertible,Incl: 2dr Hardtop V-800/Belvedere Fury/Sport Fury/Sport Fury,,,1956-1963,Convertible/Coupe/Hardtop,Incl: 2dr Hardtop V-800/Belvedere Fury/Sport Fury,fallback,Plymouth Fury 1961 Convertible 原子事实对应多条候选记录
非皮卡,高度压缩两两组合,Plymouth,Fury/Fury,Fury,/,/,4XL,1956-1960/1963-1978,Convertible/Coupe/Hardtop/Coupe,Incl: 2dr Hardtop V-800/Belvedere Fury/Sport Fury/,,,1956-1978,Convertible/Coupe/Hardtop,Incl: 2dr Hardtop V-800/Belvedere Fury/Sport Fury,fallback,Plymouth Fury 1961 Convertible 原子事实对应多条候选记录
非皮卡,高度压缩两两组合,Plymouth,Fury/Fury,Fury,/,/,4XL,1956-1960/1963-1978,Convertible/Coupe/Hardtop/Sedan,Incl: 2dr Hardtop V-800/Belvedere Fury/Sport Fury/,,,1956-1978,Convertible/Coupe/Hardtop/Sedan,Incl: 2dr Hardtop V-800/Belvedere Fury/Sport Fury,fallback,Plymouth Fury 1959 Sedan 原子事实对应多条候选记录
非皮卡,高度压缩两两组合,Plymouth,Fury/Fury,Fury,/,/,4XL,1956-1960/1964-1966,Convertible/Coupe/Hardtop/Convertible,Incl: 2dr Hardtop V-800/Belvedere Fury/Sport Fury/,,,1956-1966,Convertible/Coupe/Hardtop,Incl: 2dr Hardtop V-800/Belvedere Fury/Sport Fury,fallback,Plymouth Fury 1961 Convertible 原子事实对应多条候选记录
非皮卡,高度压缩两两组合,Plymouth,Fury/Fury,Fury,/,/,4XL,1956-1960/1968,Convertible/Coupe/Hardtop/Convertible,Incl: 2dr Hardtop V-800/Belvedere Fury/Sport Fury/,,,1956-1968,Convertible/Coupe/Hardtop,Incl: 2dr Hardtop V-800/Belvedere Fury/Sport Fury,fallback,Plymouth Fury 1961 Convertible 原子事实对应多条候选记录
非皮卡,高度压缩两两组合,Plymouth,Fury/Fury,Fury,/,/,4XL,1956-1960/1968,Convertible/Coupe/Hardtop/Coupe,Incl: 2dr Hardtop V-800/Belvedere Fury/Sport Fury/Fast Top,,,1956-1968,Convertible/Coupe/Hardtop,Incl: 2dr Hardtop V-800/Belvedere Fury/Fast Top/Sport Fury,fallback,Plymouth Fury 1961 Convertible 原子事实对应多条候选记录
非皮卡,高度压缩两两组合,Plymouth,Fury/Fury,Fury,/,/,4XL,1956-1960/1968,Convertible/Coupe/Hardtop/Coupe,Incl: 2dr Hardtop V-800/Belvedere Fury/Sport Fury/Hardtop,,,1956-1968,Convertible/Coupe/Hardtop,Incl: 2dr Hardtop V-800/Belvedere Fury/Hardtop/Sport Fury,fallback,Plymouth Fury 1961 Convertible 原子事实对应多条候选记录
非皮卡,高度压缩两两组合,Plymouth,Fury/Fury,Fury,/,/,4XL,1959-1961/1960,Sedan/Sedan,/4dr Hardtop V-800,,,1959-1961,Sedan,Incl: 4dr Hardtop V-800,success,
非皮卡,高度压缩两两组合,Plymouth,Fury/Fury,Fury,/,/,4XL,1956-1960/1959-1961,Convertible/Coupe/Hardtop/Sedan,Incl: 2dr Hardtop V-800/Belvedere Fury/Sport Fury/Incl: 4dr Hardtop V-800,,,1956-1961,Convertible/Coupe/Hardtop/Sedan,Incl: 2dr Hardtop V-800/4dr Hardtop V-800/Belvedere Fury/Sport Fury,fallback,Plymouth Fury 1961 Convertible 原子事实对应多条候选记录
非皮卡,高度压缩两两组合,Plymouth,Fury/Fury,Fury,/,/,4XL,1956-1960/1961,Convertible/Coupe/Hardtop/Convertible,Incl: 2dr Hardtop V-800/Belvedere Fury/Sport Fury/,,,1956-1961,Convertible/Coupe/Hardtop,Incl: 2dr Hardtop V-800/Belvedere Fury/Sport Fury,fallback,Plymouth Fury 1961 Coupe 原子事实对应多条候选记录
非皮卡,高度压缩两两组合,Plymouth,Fury/Fury,Fury,/,/,4XL,1956-1960/1961,Convertible/Coupe/Hardtop/Coupe,Incl: 2dr Hardtop V-800/Belvedere Fury/Sport Fury/,,,1956-1961,Convertible/Coupe/Hardtop,Incl: 2dr Hardtop V-800/Belvedere Fury/Sport Fury,fallback,Plymouth Fury 1961 Convertible 原子事实对应多条候选记录
非皮卡,高度压缩两两组合,Plymouth,Fury/Fury,Fury,/,/,4XL,1956-1960/1963,Convertible/Coupe/Hardtop/Convertible,Incl: 2dr Hardtop V-800/Belvedere Fury/Sport Fury/Sport Fury,,,1956-1963,Convertible/Coupe/Hardtop,Incl: 2dr Hardtop V-800/Belvedere Fury/Sport Fury,fallback,Plymouth Fury 1961 Convertible 原子事实对应多条候选记录
非皮卡,高度压缩两两组合,Plymouth,Fury/Fury,Fury,/,/,4XL,1956-1960/1963-1978,Convertible/Coupe/Hardtop/Coupe,Incl: 2dr Hardtop V-800/Belvedere Fury/Sport Fury/,,,1956-1978,Convertible/Coupe/Hardtop,Incl: 2dr Hardtop V-800/Belvedere Fury/Sport Fury,fallback,Plymouth Fury 1961 Convertible 原子事实对应多条候选记录
非皮卡,高度压缩两两组合,Plymouth,Fury/Fury,Fury,/,/,4XL,1956-1960/1963-1978,Convertible/Coupe/Hardtop/Sedan,Incl: 2dr Hardtop V-800/Belvedere Fury/Sport Fury/,,,1956-1978,Convertible/Coupe/Hardtop/Sedan,Incl: 2dr Hardtop V-800/Belvedere Fury/Sport Fury,fallback,Plymouth Fury 1959 Sedan 原子事实对应多条候选记录
非皮卡,高度压缩两两组合,Plymouth,Fury/Fury,Fury,/,/,4XL,1956-1960/1964-1966,Convertible/Coupe/Hardtop/Convertible,Incl: 2dr Hardtop V-800/Belvedere Fury/Sport Fury/,,,1956-1966,Convertible/Coupe/Hardtop,Incl: 2dr Hardtop V-800/Belvedere Fury/Sport Fury,fallback,Plymouth Fury 1961 Convertible 原子事实对应多条候选记录
非皮卡,高度压缩两两组合,Plymouth,Fury/Fury,Fury,/,/,4XL,1956-1960/1968,Convertible/Coupe/Hardtop/Convertible,Incl: 2dr Hardtop V-800/Belvedere Fury/Sport Fury/,,,1956-1968,Convertible/Coupe/Hardtop,Incl: 2dr Hardtop V-800/Belvedere Fury/Sport Fury,fallback,Plymouth Fury 1961 Convertible 原子事实对应多条候选记录
非皮卡,高度压缩两两组合,Plymouth,Fury/Fury,Fury,/,/,4XL,1956-1960/1968,Convertible/Coupe/Hardtop/Coupe,Incl: 2dr Hardtop V-800/Belvedere Fury/Sport Fury/Fast Top,,,1956-1968,Convertible/Coupe/Hardtop,Incl: 2dr Hardtop V-800/Belvedere Fury/Fast Top/Sport Fury,fallback,Plymouth Fury 1961 Convertible 原子事实对应多条候选记录
非皮卡,高度压缩两两组合,Plymouth,Fury/Fury,Fury,/,/,4XL,1956-1960/1968,Convertible/Coupe/Hardtop/Coupe,Incl: 2dr Hardtop V-800/Belvedere Fury/Sport Fury/Hardtop,,,1956-1968,Convertible/Coupe/Hardtop,Incl: 2dr Hardtop V-800/Belvedere Fury/Hardtop/Sport Fury,fallback,Plymouth Fury 1961 Convertible 原子事实对应多条候选记录
非皮卡,高度压缩两两组合,Plymouth,Fury/Fury,Fury,/,/,4XL,1959-1961/1961,Sedan/Convertible,Incl: 4dr Hardtop V-800/,,,1959-1961,Convertible/Sedan,Incl: 4dr Hardtop V-800,success,
非皮卡,高度压缩两两组合,Plymouth,Fury/Fury,Fury,/,/,4XL,1956-1960/1959-1961,Convertible/Coupe/Hardtop/Convertible/Sedan,Incl: 2dr Hardtop V-800/Belvedere Fury/Sport Fury/Incl: 4dr Hardtop V-800,,,1956-1961,Convertible/Coupe/Hardtop/Sedan,Incl: 2dr Hardtop V-800/4dr Hardtop V-800/Belvedere Fury/Sport Fury,fallback,Plymouth Fury 1961 Coupe 原子事实对应多条候选记录
非皮卡,高度压缩两两组合,Plymouth,Fury/Fury,Fury,/,/,4XL,1956-1960/1961,Convertible/Coupe/Hardtop/Coupe,Incl: 2dr Hardtop V-800/Belvedere Fury/Sport Fury/,,,1956-1961,Convertible/Coupe/Hardtop,Incl: 2dr Hardtop V-800/Belvedere Fury/Sport Fury,fallback,Plymouth Fury 1961 Convertible 原子事实对应多条候选记录
非皮卡,高度压缩两两组合,Plymouth,Fury/Fury,Fury,/,/,4XL,1956-1960/1963,Convertible/Coupe/Hardtop/Convertible,Incl: 2dr Hardtop V-800/Belvedere Fury/Sport Fury/Sport Fury,,,1956-1963,Convertible/Coupe/Hardtop,Incl: 2dr Hardtop V-800/Belvedere Fury/Sport Fury,fallback,Plymouth Fury 1961 Convertible 原子事实对应多条候选记录
非皮卡,高度压缩两两组合,Plymouth,Fury/Fury,Fury,/,/,4XL,1956-1960/1963-1978,Convertible/Coupe/Hardtop/Coupe,Incl: 2dr Hardtop V-800/Belvedere Fury/Sport Fury/,,,1956-1978,Convertible/Coupe/Hardtop,Incl: 2dr Hardtop V-800/Belvedere Fury/Sport Fury,fallback,Plymouth Fury 1961 Convertible 原子事实对应多条候选记录
非皮卡,高度压缩两两组合,Plymouth,Fury/Fury,Fury,/,/,4XL,1956-1960/1963-1978,Convertible/Coupe/Hardtop/Sedan,Incl: 2dr Hardtop V-800/Belvedere Fury/Sport Fury/,,,1956-1978,Convertible/Coupe/Hardtop/Sedan,Incl: 2dr Hardtop V-800/Belvedere Fury/Sport Fury,fallback,Plymouth Fury 1959 Sedan 原子事实对应多条候选记录
非皮卡,高度压缩两两组合,Plymouth,Fury/Fury,Fury,/,/,4XL,1956-1960/1964-1966,Convertible/Coupe/Hardtop/Convertible,Incl: 2dr Hardtop V-800/Belvedere Fury/Sport Fury/,,,1956-1966,Convertible/Coupe/Hardtop,Incl: 2dr Hardtop V-800/Belvedere Fury/Sport Fury,fallback,Plymouth Fury 1961 Convertible 原子事实对应多条候选记录
非皮卡,高度压缩两两组合,Plymouth,Fury/Fury,Fury,/,/,4XL,1956-1960/1968,Convertible/Coupe/Hardtop/Convertible,Incl: 2dr Hardtop V-800/Belvedere Fury/Sport Fury/,,,1956-1968,Convertible/Coupe/Hardtop,Incl: 2dr Hardtop V-800/Belvedere Fury/Sport Fury,fallback,Plymouth Fury 1961 Convertible 原子事实对应多条候选记录
非皮卡,高度压缩两两组合,Plymouth,Fury/Fury,Fury,/,/,4XL,1956-1960/1968,Convertible/Coupe/Hardtop/Coupe,Incl: 2dr Hardtop V-800/Belvedere Fury/Sport Fury/Fast Top,,,1956-1968,Convertible/Coupe/Hardtop,Incl: 2dr Hardtop V-800/Belvedere Fury/Fast Top/Sport Fury,fallback,Plymouth Fury 1961 Convertible 原子事实对应多条候选记录
非皮卡,高度压缩两两组合,Plymouth,Fury/Fury,Fury,/,/,4XL,1956-1960/1968,Convertible/Coupe/Hardtop/Coupe,Incl: 2dr Hardtop V-800/Belvedere Fury/Sport Fury/Hardtop,,,1956-1968,Convertible/Coupe/Hardtop,Incl: 2dr Hardtop V-800/Belvedere Fury/Hardtop/Sport Fury,fallback,Plymouth Fury 1961 Convertible 原子事实对应多条候选记录
非皮卡,高度压缩两两组合,Plymouth,Fury/Fury,Fury,/,/,4XL,1959-1961/1961,Convertible/Sedan/Coupe,Incl: 4dr Hardtop V-800/,,,1959-1961,Convertible/Coupe/Sedan,Incl: 4dr Hardtop V-800,fallback,Plymouth Fury 1959 Coupe 原子事实对应多条候选记录
非皮卡,高度压缩两两组合,Plymouth,Fury/Fury,Fury,/,/,4XL,1959-1961/1963,Convertible/Sedan/Convertible,Incl: 4dr Hardtop V-800/Sport Fury,,,1959-1963,Convertible/Sedan,Incl: 4dr Hardtop V-800/Sport Fury,fallback,Plymouth Fury 1959 Convertible 原子事实对应多条候选记录
非皮卡,高度压缩两两组合,Plymouth,Fury/Fury,Fury,/,/,4XL,1959-1961/1963-1978,Convertible/Sedan/Coupe,Incl: 4dr Hardtop V-800/,,,1959-1978,Convertible/Coupe/Sedan,Incl: 4dr Hardtop V-800,fallback,Plymouth Fury 1959 Coupe 原子事实对应多条候选记录
非皮卡,高度压缩两两组合,Plymouth,Fury/Fury,Fury,/,/,4XL,1959-1961/1963-1978,Convertible/Sedan/Sedan,Incl: 4dr Hardtop V-800/,,,1959-1978,Convertible/Sedan,Incl: 4dr Hardtop V-800,fallback,Plymouth Fury 1962 Convertible 原子事实对应多条候选记录
非皮卡,高度压缩两两组合,Plymouth,Fury/Fury,Fury,/,/,4XL,1959-1961/1964-1966,Convertible/Sedan/Convertible,Incl: 4dr Hardtop V-800/,,,1959-1966,Convertible/Sedan,Incl: 4dr Hardtop V-800,fallback,Plymouth Fury 1962 Convertible 原子事实对应多条候选记录
非皮卡,高度压缩两两组合,Plymouth,Fury/Fury,Fury,/,/,4XL,1959-1961/1968,Convertible/Sedan/Convertible,Incl: 4dr Hardtop V-800/,,,1959-1968,Convertible/Sedan,Incl: 4dr Hardtop V-800,fallback,Plymouth Fury 1962 Convertible 原子事实对应多条候选记录
非皮卡,高度压缩两两组合,Plymouth,Fury/Fury,Fury,/,/,4XL,1959-1961/1968,Convertible/Sedan/Coupe,Incl: 4dr Hardtop V-800/Fast Top,,,1959-1968,Convertible/Coupe/Sedan,Incl: 4dr Hardtop V-800/Fast Top,fallback,Plymouth Fury 1959 Coupe 原子事实对应多条候选记录
非皮卡,高度压缩两两组合,Plymouth,Fury/Fury,Fury,/,/,4XL,1959-1961/1968,Convertible/Sedan/Coupe,Incl: 4dr Hardtop V-800/Hardtop,,,1959-1968,Convertible/Coupe/Sedan,Incl: 4dr Hardtop V-800/Hardtop,fallback,Plymouth Fury 1959 Coupe 原子事实对应多条候选记录
非皮卡,高度压缩两两组合,Plymouth,Fury/Fury,Fury,/,/,4XL,1961/1963,Coupe/Convertible,/Sport Fury,,,1961-1963,Convertible/Coupe,Incl: Sport Fury,fallback,Plymouth Fury 1961 Convertible 原子事实对应多条候选记录
非皮卡,高度压缩两两组合,Plymouth,Fury/Fury,Fury,/,/,4XL,1961/1963-1978,Coupe/Coupe,/,,,1961-1978,Coupe,,fallback,Plymouth Fury 1962 Coupe 原子事实对应多条候选记录
非皮卡,高度压缩两两组合,Plymouth,Fury/Fury,Fury,/,/,4XL,1961/1963-1978,Coupe/Sedan,/,,,1961-1978,Coupe/Sedan,,fallback,Plymouth Fury 1961 Sedan 原子事实对应多条候选记录
非皮卡,高度压缩两两组合,Plymouth,Fury/Fury,Fury,/,/,4XL,1961/1964-1966,Coupe/Convertible,/,,,1961-1966,Convertible/Coupe,,fallback,Plymouth Fury 1961 Convertible 原子事实对应多条候选记录
非皮卡,高度压缩两两组合,Plymouth,Fury/Fury,Fury,/,/,4XL,1961/1968,Coupe/Convertible,/,,,1961-1968,Convertible/Coupe,,fallback,Plymouth Fury 1961 Convertible 原子事实对应多条候选记录
非皮卡,高度压缩两两组合,Plymouth,Fury/Fury,Fury,/,/,4XL,1961/1968,Coupe/Coupe,/Fast Top,,,1961-1968,Coupe,Incl: Fast Top,fallback,Plymouth Fury 1962 Coupe 原子事实对应多条候选记录
非皮卡,高度压缩两两组合,Plymouth,Fury/Fury,Fury,/,/,4XL,1961/1968,Coupe/Coupe,/Hardtop,,,1961-1968,Coupe,Incl: Hardtop,fallback,Plymouth Fury 1962 Coupe 原子事实对应多条候选记录
非皮卡,高度压缩两两组合,Plymouth,Fury/Fury,Fury,/,/,无可用尺码,1962/1962,Convertible/Coupe,/,,,1962,Convertible/Coupe,,success,
非皮卡,高度压缩两两组合,Plymouth,Fury/Fury,Fury,/,/,4XL,1956-1960/1959-1961,Convertible/Coupe/Hardtop/Convertible/Sedan,Incl: 2dr Hardtop V-800/Belvedere Fury/Sport Fury/Incl: 4dr Hardtop V-800,,,1956-1961,Convertible/Coupe/Hardtop/Sedan,Incl: 2dr Hardtop V-800/4dr Hardtop V-800/Belvedere Fury/Sport Fury,fallback,Plymouth Fury 1961 Coupe 原子事实对应多条候选记录
非皮卡,高度压缩两两组合,Plymouth,Fury/Fury,Fury,/,/,4XL,1956-1960/1961,Convertible/Coupe/Hardtop/Coupe,Incl: 2dr Hardtop V-800/Belvedere Fury/Sport Fury/,,,1956-1961,Convertible/Coupe/Hardtop,Incl: 2dr Hardtop V-800/Belvedere Fury/Sport Fury,fallback,Plymouth Fury 1961 Convertible 原子事实对应多条候选记录
非皮卡,高度压缩两两组合,Plymouth,Fury/Fury,Fury,/,/,4XL,1956-1960/1963,Convertible/Coupe/Hardtop/Convertible,Incl: 2dr Hardtop V-800/Belvedere Fury/Sport Fury/Sport Fury,,,1956-1963,Convertible/Coupe/Hardtop,Incl: 2dr Hardtop V-800/Belvedere Fury/Sport Fury,fallback,Plymouth Fury 1961 Convertible 原子事实对应多条候选记录
非皮卡,高度压缩两两组合,Plymouth,Fury/Fury,Fury,/,/,4XL,1956-1960/1963-1978,Convertible/Coupe/Hardtop/Coupe,Incl: 2dr Hardtop V-800/Belvedere Fury/Sport Fury/,,,1956-1978,Convertible/Coupe/Hardtop,Incl: 2dr Hardtop V-800/Belvedere Fury/Sport Fury,fallback,Plymouth Fury 1961 Convertible 原子事实对应多条候选记录
非皮卡,高度压缩两两组合,Plymouth,Fury/Fury,Fury,/,/,4XL,1956-1960/1963-1978,Convertible/Coupe/Hardtop/Sedan,Incl: 2dr Hardtop V-800/Belvedere Fury/Sport Fury/,,,1956-1978,Convertible/Coupe/Hardtop/Sedan,Incl: 2dr Hardtop V-800/Belvedere Fury/Sport Fury,fallback,Plymouth Fury 1959 Sedan 原子事实对应多条候选记录
非皮卡,高度压缩两两组合,Plymouth,Fury/Fury,Fury,/,/,4XL,1956-1960/1964-1966,Convertible/Coupe/Hardtop/Convertible,Incl: 2dr Hardtop V-800/Belvedere Fury/Sport Fury/,,,1956-1966,Convertible/Coupe/Hardtop,Incl: 2dr Hardtop V-800/Belvedere Fury/Sport Fury,fallback,Plymouth Fury 1961 Convertible 原子事实对应多条候选记录
非皮卡,高度压缩两两组合,Plymouth,Fury/Fury,Fury,/,/,4XL,1956-1960/1968,Convertible/Coupe/Hardtop/Convertible,Incl: 2dr Hardtop V-800/Belvedere Fury/Sport Fury/,,,1956-1968,Convertible/Coupe/Hardtop,Incl: 2dr Hardtop V-800/Belvedere Fury/Sport Fury,fallback,Plymouth Fury 1961 Convertible 原子事实对应多条候选记录
非皮卡,高度压缩两两组合,Plymouth,Fury/Fury,Fury,/,/,4XL,1956-1960/1968,Convertible/Coupe/Hardtop/Coupe,Incl: 2dr Hardtop V-800/Belvedere Fury/Sport Fury/Fast Top,,,1956-1968,Convertible/Coupe/Hardtop,Incl: 2dr Hardtop V-800/Belvedere Fury/Fast Top/Sport Fury,fallback,Plymouth Fury 1961 Convertible 原子事实对应多条候选记录
非皮卡,高度压缩两两组合,Plymouth,Fury/Fury,Fury,/,/,4XL,1956-1960/1968,Convertible/Coupe/Hardtop/Coupe,Incl: 2dr Hardtop V-800/Belvedere Fury/Sport Fury/Hardtop,,,1956-1968,Convertible/Coupe/Hardtop,Incl: 2dr Hardtop V-800/Belvedere Fury/Hardtop/Sport Fury,fallback,Plymouth Fury 1961 Convertible 原子事实对应多条候选记录
非皮卡,高度压缩两两组合,Plymouth,Fury/Fury,Fury,/,/,4XL,1959-1961/1961,Convertible/Sedan/Coupe,Incl: 4dr Hardtop V-800/,,,1959-1961,Convertible/Coupe/Sedan,Incl: 4dr Hardtop V-800,fallback,Plymouth Fury 1959 Coupe 原子事实对应多条候选记录
非皮卡,高度压缩两两组合,Plymouth,Fury/Fury,Fury,/,/,4XL,1959-1961/1963,Convertible/Sedan/Convertible,Incl: 4dr Hardtop V-800/Sport Fury,,,1959-1963,Convertible/Sedan,Incl: 4dr Hardtop V-800/Sport Fury,fallback,Plymouth Fury 1959 Convertible 原子事实对应多条候选记录
非皮卡,高度压缩两两组合,Plymouth,Fury/Fury,Fury,/,/,4XL,1959-1961/1963-1978,Convertible/Sedan/Coupe,Incl: 4dr Hardtop V-800/,,,1959-1978,Convertible/Coupe/Sedan,Incl: 4dr Hardtop V-800,fallback,Plymouth Fury 1959 Coupe 原子事实对应多条候选记录
非皮卡,高度压缩两两组合,Plymouth,Fury/Fury,Fury,/,/,4XL,1959-1961/1963-1978,Convertible/Sedan/Sedan,Incl: 4dr Hardtop V-800/,,,1959-1978,Convertible/Sedan,Incl: 4dr Hardtop V-800,fallback,Plymouth Fury 1962 Convertible 原子事实对应多条候选记录
非皮卡,高度压缩两两组合,Plymouth,Fury/Fury,Fury,/,/,4XL,1959-1961/1964-1966,Convertible/Sedan/Convertible,Incl: 4dr Hardtop V-800/,,,1959-1966,Convertible/Sedan,Incl: 4dr Hardtop V-800,fallback,Plymouth Fury 1962 Convertible 原子事实对应多条候选记录
非皮卡,高度压缩两两组合,Plymouth,Fury/Fury,Fury,/,/,4XL,1959-1961/1968,Convertible/Sedan/Convertible,Incl: 4dr Hardtop V-800/,,,1959-1968,Convertible/Sedan,Incl: 4dr Hardtop V-800,fallback,Plymouth Fury 1962 Convertible 原子事实对应多条候选记录
非皮卡,高度压缩两两组合,Plymouth,Fury/Fury,Fury,/,/,4XL,1959-1961/1968,Convertible/Sedan/Coupe,Incl: 4dr Hardtop V-800/Fast Top,,,1959-1968,Convertible/Coupe/Sedan,Incl: 4dr Hardtop V-800/Fast Top,fallback,Plymouth Fury 1959 Coupe 原子事实对应多条候选记录
非皮卡,高度压缩两两组合,Plymouth,Fury/Fury,Fury,/,/,4XL,1959-1961/1968,Convertible/Sedan/Coupe,Incl: 4dr Hardtop V-800/Hardtop,,,1959-1968,Convertible/Coupe/Sedan,Incl: 4dr Hardtop V-800/Hardtop,fallback,Plymouth Fury 1959 Coupe 原子事实对应多条候选记录
非皮卡,高度压缩两两组合,Plymouth,Fury/Fury,Fury,/,/,4XL,1961/1963,Coupe/Convertible,/Sport Fury,,,1961-1963,Convertible/Coupe,Incl: Sport Fury,fallback,Plymouth Fury 1961 Convertible 原子事实对应多条候选记录
非皮卡,高度压缩两两组合,Plymouth,Fury/Fury,Fury,/,/,4XL,1961/1963-1978,Coupe/Coupe,/,,,1961-1978,Coupe,,fallback,Plymouth Fury 1962 Coupe 原子事实对应多条候选记录
非皮卡,高度压缩两两组合,Plymouth,Fury/Fury,Fury,/,/,4XL,1961/1963-1978,Coupe/Sedan,/,,,1961-1978,Coupe/Sedan,,fallback,Plymouth Fury 1961 Sedan 原子事实对应多条候选记录
非皮卡,高度压缩两两组合,Plymouth,Fury/Fury,Fury,/,/,4XL,1961/1964-1966,Coupe/Convertible,/,,,1961-1966,Convertible/Coupe,,fallback,Plymouth Fury 1961 Convertible 原子事实对应多条候选记录
非皮卡,高度压缩两两组合,Plymouth,Fury/Fury,Fury,/,/,4XL,1961/1968,Coupe/Convertible,/,,,1961-1968,Convertible/Coupe,,fallback,Plymouth Fury 1961 Convertible 原子事实对应多条候选记录
非皮卡,高度压缩两两组合,Plymouth,Fury/Fury,Fury,/,/,4XL,1961/1968,Coupe/Coupe,/Fast Top,,,1961-1968,Coupe,Incl: Fast Top,fallback,Plymouth Fury 1962 Coupe 原子事实对应多条候选记录
非皮卡,高度压缩两两组合,Plymouth,Fury/Fury,Fury,/,/,4XL,1961/1968,Coupe/Coupe,/Hardtop,,,1961-1968,Coupe,Incl: Hardtop,fallback,Plymouth Fury 1962 Coupe 原子事实对应多条候选记录
非皮卡,高度压缩两两组合,Plymouth,Fury/Fury,Fury,/,/,无可用尺码,1962/1962,Convertible/Coupe/Sedan,/,,,1962,Convertible/Coupe/Sedan,,success,
非皮卡,高度压缩两两组合,Plymouth,Fury/Fury,Fury,/,/,4XL,1956-1960/1959-1961,Convertible/Coupe/Hardtop/Convertible/Sedan,Incl: 2dr Hardtop V-800/Belvedere Fury/Sport Fury/Incl: 4dr Hardtop V-800,,,1956-1961,Convertible/Coupe/Hardtop/Sedan,Incl: 2dr Hardtop V-800/4dr Hardtop V-800/Belvedere Fury/Sport Fury,fallback,Plymouth Fury 1961 Coupe 原子事实对应多条候选记录
非皮卡,高度压缩两两组合,Plymouth,Fury/Fury,Fury,/,/,4XL,1956-1960/1961,Convertible/Coupe/Hardtop/Coupe,Incl: 2dr Hardtop V-800/Belvedere Fury/Sport Fury/,,,1956-1961,Convertible/Coupe/Hardtop,Incl: 2dr Hardtop V-800/Belvedere Fury/Sport Fury,fallback,Plymouth Fury 1961 Convertible 原子事实对应多条候选记录
非皮卡,高度压缩两两组合,Plymouth,Fury/Fury,Fury,/,/,4XL,1956-1960/1963,Convertible/Coupe/Hardtop/Convertible,Incl: 2dr Hardtop V-800/Belvedere Fury/Sport Fury/Sport Fury,,,1956-1963,Convertible/Coupe/Hardtop,Incl: 2dr Hardtop V-800/Belvedere Fury/Sport Fury,fallback,Plymouth Fury 1961 Convertible 原子事实对应多条候选记录
非皮卡,高度压缩两两组合,Plymouth,Fury/Fury,Fury,/,/,4XL,1956-1960/1963-1978,Convertible/Coupe/Hardtop/Coupe,Incl: 2dr Hardtop V-800/Belvedere Fury/Sport Fury/,,,1956-1978,Convertible/Coupe/Hardtop,Incl: 2dr Hardtop V-800/Belvedere Fury/Sport Fury,fallback,Plymouth Fury 1961 Convertible 原子事实对应多条候选记录
非皮卡,高度压缩两两组合,Plymouth,Fury/Fury,Fury,/,/,4XL,1956-1960/1963-1978,Convertible/Coupe/Hardtop/Sedan,Incl: 2dr Hardtop V-800/Belvedere Fury/Sport Fury/,,,1956-1978,Convertible/Coupe/Hardtop/Sedan,Incl: 2dr Hardtop V-800/Belvedere Fury/Sport Fury,fallback,Plymouth Fury 1959 Sedan 原子事实对应多条候选记录
非皮卡,高度压缩两两组合,Plymouth,Fury/Fury,Fury,/,/,4XL,1956-1960/1964-1966,Convertible/Coupe/Hardtop/Convertible,Incl: 2dr Hardtop V-800/Belvedere Fury/Sport Fury/,,,1956-1966,Convertible/Coupe/Hardtop,Incl: 2dr Hardtop V-800/Belvedere Fury/Sport Fury,fallback,Plymouth Fury 1961 Convertible 原子事实对应多条候选记录
非皮卡,高度压缩两两组合,Plymouth,Fury/Fury,Fury,/,/,4XL,1956-1960/1968,Convertible/Coupe/Hardtop/Convertible,Incl: 2dr Hardtop V-800/Belvedere Fury/Sport Fury/,,,1956-1968,Convertible/Coupe/Hardtop,Incl: 2dr Hardtop V-800/Belvedere Fury/Sport Fury,fallback,Plymouth Fury 1961 Convertible 原子事实对应多条候选记录
非皮卡,高度压缩两两组合,Plymouth,Fury/Fury,Fury,/,/,4XL,1956-1960/1968,Convertible/Coupe/Hardtop/Coupe,Incl: 2dr Hardtop V-800/Belvedere Fury/Sport Fury/Fast Top,,,1956-1968,Convertible/Coupe/Hardtop,Incl: 2dr Hardtop V-800/Belvedere Fury/Fast Top/Sport Fury,fallback,Plymouth Fury 1961 Convertible 原子事实对应多条候选记录
非皮卡,高度压缩两两组合,Plymouth,Fury/Fury,Fury,/,/,4XL,1956-1960/1968,Convertible/Coupe/Hardtop/Coupe,Incl: 2dr Hardtop V-800/Belvedere Fury/Sport Fury/Hardtop,,,1956-1968,Convertible/Coupe/Hardtop,Incl: 2dr Hardtop V-800/Belvedere Fury/Hardtop/Sport Fury,fallback,Plymouth Fury 1961 Convertible 原子事实对应多条候选记录
非皮卡,高度压缩两两组合,Plymouth,Fury/Fury,Fury,/,/,4XL,1959-1961/1961,Convertible/Sedan/Coupe,Incl: 4dr Hardtop V-800/,,,1959-1961,Convertible/Coupe/Sedan,Incl: 4dr Hardtop V-800,fallback,Plymouth Fury 1959 Coupe 原子事实对应多条候选记录
非皮卡,高度压缩两两组合,Plymouth,Fury/Fury,Fury,/,/,4XL,1959-1961/1963,Convertible/Sedan/Convertible,Incl: 4dr Hardtop V-800/Sport Fury,,,1959-1963,Convertible/Sedan,Incl: 4dr Hardtop V-800/Sport Fury,fallback,Plymouth Fury 1959 Convertible 原子事实对应多条候选记录
非皮卡,高度压缩两两组合,Plymouth,Fury/Fury,Fury,/,/,4XL,1959-1961/1963-1978,Convertible/Sedan/Coupe,Incl: 4dr Hardtop V-800/,,,1959-1978,Convertible/Coupe/Sedan,Incl: 4dr Hardtop V-800,fallback,Plymouth Fury 1959 Coupe 原子事实对应多条候选记录
非皮卡,高度压缩两两组合,Plymouth,Fury/Fury,Fury,/,/,4XL,1959-1961/1963-1978,Convertible/Sedan/Sedan,Incl: 4dr Hardtop V-800/,,,1959-1978,Convertible/Sedan,Incl: 4dr Hardtop V-800,fallback,Plymouth Fury 1962 Convertible 原子事实对应多条候选记录
非皮卡,高度压缩两两组合,Plymouth,Fury/Fury,Fury,/,/,4XL,1959-1961/1964-1966,Convertible/Sedan/Convertible,Incl: 4dr Hardtop V-800/,,,1959-1966,Convertible/Sedan,Incl: 4dr Hardtop V-800,fallback,Plymouth Fury 1962 Convertible 原子事实对应多条候选记录
非皮卡,高度压缩两两组合,Plymouth,Fury/Fury,Fury,/,/,4XL,1959-1961/1968,Convertible/Sedan/Convertible,Incl: 4dr Hardtop V-800/,,,1959-1968,Convertible/Sedan,Incl: 4dr Hardtop V-800,fallback,Plymouth Fury 1962 Convertible 原子事实对应多条候选记录
非皮卡,高度压缩两两组合,Plymouth,Fury/Fury,Fury,/,/,4XL,1959-1961/1968,Convertible/Sedan/Coupe,Incl: 4dr Hardtop V-800/Fast Top,,,1959-1968,Convertible/Coupe/Sedan,Incl: 4dr Hardtop V-800/Fast Top,fallback,Plymouth Fury 1959 Coupe 原子事实对应多条候选记录
非皮卡,高度压缩两两组合,Plymouth,Fury/Fury,Fury,/,/,4XL,1959-1961/1968,Convertible/Sedan/Coupe,Incl: 4dr Hardtop V-800/Hardtop,,,1959-1968,Convertible/Coupe/Sedan,Incl: 4dr Hardtop V-800/Hardtop,fallback,Plymouth Fury 1959 Coupe 原子事实对应多条候选记录
非皮卡,高度压缩两两组合,Plymouth,Fury/Fury,Fury,/,/,4XL,1961/1963,Coupe/Convertible,/Sport Fury,,,1961-1963,Convertible/Coupe,Incl: Sport Fury,fallback,Plymouth Fury 1961 Convertible 原子事实对应多条候选记录
非皮卡,高度压缩两两组合,Plymouth,Fury/Fury,Fury,/,/,4XL,1961/1963-1978,Coupe/Coupe,/,,,1961-1978,Coupe,,fallback,Plymouth Fury 1962 Coupe 原子事实对应多条候选记录
非皮卡,高度压缩两两组合,Plymouth,Fury/Fury,Fury,/,/,4XL,1961/1963-1978,Coupe/Sedan,/,,,1961-1978,Coupe/Sedan,,fallback,Plymouth Fury 1961 Sedan 原子事实对应多条候选记录
非皮卡,高度压缩两两组合,Plymouth,Fury/Fury,Fury,/,/,4XL,1961/1964-1966,Coupe/Convertible,/,,,1961-1966,Convertible/Coupe,,fallback,Plymouth Fury 1961 Convertible 原子事实对应多条候选记录
非皮卡,高度压缩两两组合,Plymouth,Fury/Fury,Fury,/,/,4XL,1961/1968,Coupe/Convertible,/,,,1961-1968,Convertible/Coupe,,fallback,Plymouth Fury 1961 Convertible 原子事实对应多条候选记录
非皮卡,高度压缩两两组合,Plymouth,Fury/Fury,Fury,/,/,4XL,1961/1968,Coupe/Coupe,/Fast Top,,,1961-1968,Coupe,Incl: Fast Top,fallback,Plymouth Fury 1962 Coupe 原子事实对应多条候选记录
非皮卡,高度压缩两两组合,Plymouth,Fury/Fury,Fury,/,/,4XL,1961/1968,Coupe/Coupe,/Hardtop,,,1961-1968,Coupe,Incl: Hardtop,fallback,Plymouth Fury 1962 Coupe 原子事实对应多条候选记录
非皮卡,高度压缩两两组合,Plymouth,Fury/Fury,Fury,/,/,无可用尺码,1962/1962-1964,Convertible/Coupe/Sedan/Wagon,/,,,1962-1964,Convertible/Coupe/Sedan/Wagon,,fallback,Plymouth Fury 1963 Coupe 原子事实对应多条候选记录
非皮卡,高度压缩两两组合,Plymouth,Fury/Fury,Fury,/,/,4XL,1963/1963-1978,Convertible/Coupe,Sport Fury/,,,1963-1978,Convertible/Coupe,Incl: Sport Fury,fallback,Plymouth Fury 1964 Convertible 原子事实对应多条候选记录
非皮卡,高度压缩两两组合,Plymouth,Fury/Fury,Fury,/,/,4XL,1963/1963-1978,Convertible/Sedan,Sport Fury/,,,1963-1978,Convertible/Sedan,Incl: Sport Fury,fallback,Plymouth Fury 1964 Convertible 原子事实对应多条候选记录
非皮卡,高度压缩两两组合,Plymouth,Fury/Fury,Fury,/,/,4XL,1963/1964-1966,Convertible/Convertible,Sport Fury/,,,1963-1966,Convertible,Incl: Sport Fury,success,
非皮卡,高度压缩两两组合,Plymouth,Fury/Fury,Fury,/,/,4XL,1956-1960/1959-1961,Convertible/Coupe/Hardtop/Convertible/Sedan,Incl: 2dr Hardtop V-800/Belvedere Fury/Sport Fury/Incl: 4dr Hardtop V-800,,,1956-1961,Convertible/Coupe/Hardtop/Sedan,Incl: 2dr Hardtop V-800/4dr Hardtop V-800/Belvedere Fury/Sport Fury,fallback,Plymouth Fury 1961 Coupe 原子事实对应多条候选记录
非皮卡,高度压缩两两组合,Plymouth,Fury/Fury,Fury,/,/,4XL,1956-1960/1961,Convertible/Coupe/Hardtop/Coupe,Incl: 2dr Hardtop V-800/Belvedere Fury/Sport Fury/,,,1956-1961,Convertible/Coupe/Hardtop,Incl: 2dr Hardtop V-800/Belvedere Fury/Sport Fury,fallback,Plymouth Fury 1961 Convertible 原子事实对应多条候选记录
非皮卡,高度压缩两两组合,Plymouth,Fury/Fury,Fury,/,/,4XL,1956-1960/1963-1966,Convertible/Coupe/Hardtop/Convertible,Incl: 2dr Hardtop V-800/Belvedere Fury/Sport Fury/Incl: Sport Fury,,,1956-1966,Convertible/Coupe/Hardtop,Incl: 2dr Hardtop V-800/Belvedere Fury/Sport Fury,fallback,Plymouth Fury 1961 Convertible 原子事实对应多条候选记录
非皮卡,高度压缩两两组合,Plymouth,Fury/Fury,Fury,/,/,4XL,1956-1960/1963-1978,Convertible/Coupe/Hardtop/Coupe,Incl: 2dr Hardtop V-800/Belvedere Fury/Sport Fury/,,,1956-1978,Convertible/Coupe/Hardtop,Incl: 2dr Hardtop V-800/Belvedere Fury/Sport Fury,fallback,Plymouth Fury 1961 Convertible 原子事实对应多条候选记录
非皮卡,高度压缩两两组合,Plymouth,Fury/Fury,Fury,/,/,4XL,1956-1960/1963-1978,Convertible/Coupe/Hardtop/Sedan,Incl: 2dr Hardtop V-800/Belvedere Fury/Sport Fury/,,,1956-1978,Convertible/Coupe/Hardtop/Sedan,Incl: 2dr Hardtop V-800/Belvedere Fury/Sport Fury,fallback,Plymouth Fury 1959 Sedan 原子事实对应多条候选记录
非皮卡,高度压缩两两组合,Plymouth,Fury/Fury,Fury,/,/,4XL,1956-1960/1968,Convertible/Coupe/Hardtop/Convertible,Incl: 2dr Hardtop V-800/Belvedere Fury/Sport Fury/,,,1956-1968,Convertible/Coupe/Hardtop,Incl: 2dr Hardtop V-800/Belvedere Fury/Sport Fury,fallback,Plymouth Fury 1961 Convertible 原子事实对应多条候选记录
非皮卡,高度压缩两两组合,Plymouth,Fury/Fury,Fury,/,/,4XL,1956-1960/1968,Convertible/Coupe/Hardtop/Coupe,Incl: 2dr Hardtop V-800/Belvedere Fury/Sport Fury/Fast Top,,,1956-1968,Convertible/Coupe/Hardtop,Incl: 2dr Hardtop V-800/Belvedere Fury/Fast Top/Sport Fury,fallback,Plymouth Fury 1961 Convertible 原子事实对应多条候选记录
非皮卡,高度压缩两两组合,Plymouth,Fury/Fury,Fury,/,/,4XL,1956-1960/1968,Convertible/Coupe/Hardtop/Coupe,Incl: 2dr Hardtop V-800/Belvedere Fury/Sport Fury/Hardtop,,,1956-1968,Convertible/Coupe/Hardtop,Incl: 2dr Hardtop V-800/Belvedere Fury/Hardtop/Sport Fury,fallback,Plymouth Fury 1961 Convertible 原子事实对应多条候选记录
非皮卡,高度压缩两两组合,Plymouth,Fury/Fury,Fury,/,/,4XL,1959-1961/1961,Convertible/Sedan/Coupe,Incl: 4dr Hardtop V-800/,,,1959-1961,Convertible/Coupe/Sedan,Incl: 4dr Hardtop V-800,fallback,Plymouth Fury 1959 Coupe 原子事实对应多条候选记录
非皮卡,高度压缩两两组合,Plymouth,Fury/Fury,Fury,/,/,4XL,1959-1961/1963-1966,Convertible/Sedan/Convertible,Incl: 4dr Hardtop V-800/Incl: Sport Fury,,,1959-1966,Convertible/Sedan,Incl: 4dr Hardtop V-800/Sport Fury,fallback,Plymouth Fury 1959 Convertible 原子事实对应多条候选记录
非皮卡,高度压缩两两组合,Plymouth,Fury/Fury,Fury,/,/,4XL,1959-1961/1963-1978,Convertible/Sedan/Coupe,Incl: 4dr Hardtop V-800/,,,1959-1978,Convertible/Coupe/Sedan,Incl: 4dr Hardtop V-800,fallback,Plymouth Fury 1959 Coupe 原子事实对应多条候选记录
非皮卡,高度压缩两两组合,Plymouth,Fury/Fury,Fury,/,/,4XL,1959-1961/1963-1978,Convertible/Sedan/Sedan,Incl: 4dr Hardtop V-800/,,,1959-1978,Convertible/Sedan,Incl: 4dr Hardtop V-800,fallback,Plymouth Fury 1962 Convertible 原子事实对应多条候选记录
非皮卡,高度压缩两两组合,Plymouth,Fury/Fury,Fury,/,/,4XL,1959-1961/1968,Convertible/Sedan/Convertible,Incl: 4dr Hardtop V-800/,,,1959-1968,Convertible/Sedan,Incl: 4dr Hardtop V-800,fallback,Plymouth Fury 1962 Convertible 原子事实对应多条候选记录
非皮卡,高度压缩两两组合,Plymouth,Fury/Fury,Fury,/,/,4XL,1959-1961/1968,Convertible/Sedan/Coupe,Incl: 4dr Hardtop V-800/Fast Top,,,1959-1968,Convertible/Coupe/Sedan,Incl: 4dr Hardtop V-800/Fast Top,fallback,Plymouth Fury 1959 Coupe 原子事实对应多条候选记录
非皮卡,高度压缩两两组合,Plymouth,Fury/Fury,Fury,/,/,4XL,1959-1961/1968,Convertible/Sedan/Coupe,Incl: 4dr Hardtop V-800/Hardtop,,,1959-1968,Convertible/Coupe/Sedan,Incl: 4dr Hardtop V-800/Hardtop,fallback,Plymouth Fury 1959 Coupe 原子事实对应多条候选记录
非皮卡,高度压缩两两组合,Plymouth,Fury/Fury,Fury,/,/,4XL,1961/1963-1966,Coupe/Convertible,/Incl: Sport Fury,,,1961-1966,Convertible/Coupe,Incl: Sport Fury,fallback,Plymouth Fury 1961 Convertible 原子事实对应多条候选记录
非皮卡,高度压缩两两组合,Plymouth,Fury/Fury,Fury,/,/,4XL,1961/1963-1978,Coupe/Coupe,/,,,1961-1978,Coupe,,fallback,Plymouth Fury 1962 Coupe 原子事实对应多条候选记录
非皮卡,高度压缩两两组合,Plymouth,Fury/Fury,Fury,/,/,4XL,1961/1963-1978,Coupe/Sedan,/,,,1961-1978,Coupe/Sedan,,fallback,Plymouth Fury 1961 Sedan 原子事实对应多条候选记录
非皮卡,高度压缩两两组合,Plymouth,Fury/Fury,Fury,/,/,4XL,1961/1968,Coupe/Convertible,/,,,1961-1968,Convertible/Coupe,,fallback,Plymouth Fury 1961 Convertible 原子事实对应多条候选记录
非皮卡,高度压缩两两组合,Plymouth,Fury/Fury,Fury,/,/,4XL,1961/1968,Coupe/Coupe,/Fast Top,,,1961-1968,Coupe,Incl: Fast Top,fallback,Plymouth Fury 1962 Coupe 原子事实对应多条候选记录
非皮卡,高度压缩两两组合,Plymouth,Fury/Fury,Fury,/,/,4XL,1961/1968,Coupe/Coupe,/Hardtop,,,1961-1968,Coupe,Incl: Hardtop,fallback,Plymouth Fury 1962 Coupe 原子事实对应多条候选记录
非皮卡,高度压缩两两组合,Plymouth,Fury/Fury,Fury,/,/,无可用尺码,1962/1962-1964,Convertible/Coupe/Sedan/Wagon,/,,,1962-1964,Convertible/Coupe/Sedan/Wagon,,fallback,Plymouth Fury 1963 Coupe 原子事实对应多条候选记录
非皮卡,高度压缩两两组合,Plymouth,Fury/Fury,Fury,/,/,4XL,1963-1966/1963-1978,Convertible/Coupe,Incl: Sport Fury/,,,1963-1978,Convertible/Coupe,Incl: Sport Fury,fallback,Plymouth Fury 1968 Convertible 原子事实对应多条候选记录
非皮卡,高度压缩两两组合,Plymouth,Fury/Fury,Fury,/,/,4XL,1963-1966/1963-1978,Convertible/Sedan,Incl: Sport Fury/,,,1963-1978,Convertible/Sedan,Incl: Sport Fury,fallback,Plymouth Fury 1968 Convertible 原子事实对应多条候选记录
非皮卡,高度压缩两两组合,Plymouth,Fury/Fury,Fury,/,/,4XL,1963-1966/1968,Convertible/Convertible,Incl: Sport Fury/,,,1963-1968,Convertible,Incl: Sport Fury,success,
非皮卡,高度压缩两两组合,Plymouth,Fury/Fury,Fury,/,/,4XL,1956-1960/1959-1961,Convertible/Coupe/Hardtop/Convertible/Sedan,Incl: 2dr Hardtop V-800/Belvedere Fury/Sport Fury/Incl: 4dr Hardtop V-800,,,1956-1961,Convertible/Coupe/Hardtop/Sedan,Incl: 2dr Hardtop V-800/4dr Hardtop V-800/Belvedere Fury/Sport Fury,fallback,Plymouth Fury 1961 Coupe 原子事实对应多条候选记录
非皮卡,高度压缩两两组合,Plymouth,Fury/Fury,Fury,/,/,4XL,1956-1960/1961,Convertible/Coupe/Hardtop/Coupe,Incl: 2dr Hardtop V-800/Belvedere Fury/Sport Fury/,,,1956-1961,Convertible/Coupe/Hardtop,Incl: 2dr Hardtop V-800/Belvedere Fury/Sport Fury,fallback,Plymouth Fury 1961 Convertible 原子事实对应多条候选记录
非皮卡,高度压缩两两组合,Plymouth,Fury/Fury,Fury,/,/,4XL,1956-1960/1963-1968,Convertible/Coupe/Hardtop/Convertible,Incl: 2dr Hardtop V-800/Belvedere Fury/Sport Fury/Incl: Sport Fury,,,1956-1968,Convertible/Coupe/Hardtop,Incl: 2dr Hardtop V-800/Belvedere Fury/Sport Fury,fallback,Plymouth Fury 1961 Convertible 原子事实对应多条候选记录
非皮卡,高度压缩两两组合,Plymouth,Fury/Fury,Fury,/,/,4XL,1956-1960/1963-1978,Convertible/Coupe/Hardtop/Coupe,Incl: 2dr Hardtop V-800/Belvedere Fury/Sport Fury/,,,1956-1978,Convertible/Coupe/Hardtop,Incl: 2dr Hardtop V-800/Belvedere Fury/Sport Fury,fallback,Plymouth Fury 1961 Convertible 原子事实对应多条候选记录
非皮卡,高度压缩两两组合,Plymouth,Fury/Fury,Fury,/,/,4XL,1956-1960/1963-1978,Convertible/Coupe/Hardtop/Sedan,Incl: 2dr Hardtop V-800/Belvedere Fury/Sport Fury/,,,1956-1978,Convertible/Coupe/Hardtop/Sedan,Incl: 2dr Hardtop V-800/Belvedere Fury/Sport Fury,fallback,Plymouth Fury 1959 Sedan 原子事实对应多条候选记录
非皮卡,高度压缩两两组合,Plymouth,Fury/Fury,Fury,/,/,4XL,1956-1960/1968,Convertible/Coupe/Hardtop/Coupe,Incl: 2dr Hardtop V-800/Belvedere Fury/Sport Fury/Fast Top,,,1956-1968,Convertible/Coupe/Hardtop,Incl: 2dr Hardtop V-800/Belvedere Fury/Fast Top/Sport Fury,fallback,Plymouth Fury 1961 Convertible 原子事实对应多条候选记录
非皮卡,高度压缩两两组合,Plymouth,Fury/Fury,Fury,/,/,4XL,1956-1960/1968,Convertible/Coupe/Hardtop/Coupe,Incl: 2dr Hardtop V-800/Belvedere Fury/Sport Fury/Hardtop,,,1956-1968,Convertible/Coupe/Hardtop,Incl: 2dr Hardtop V-800/Belvedere Fury/Hardtop/Sport Fury,fallback,Plymouth Fury 1961 Convertible 原子事实对应多条候选记录
非皮卡,高度压缩两两组合,Plymouth,Fury/Fury,Fury,/,/,4XL,1959-1961/1961,Convertible/Sedan/Coupe,Incl: 4dr Hardtop V-800/,,,1959-1961,Convertible/Coupe/Sedan,Incl: 4dr Hardtop V-800,fallback,Plymouth Fury 1959 Coupe 原子事实对应多条候选记录
非皮卡,高度压缩两两组合,Plymouth,Fury/Fury,Fury,/,/,4XL,1959-1961/1963-1968,Convertible/Sedan/Convertible,Incl: 4dr Hardtop V-800/Incl: Sport Fury,,,1959-1968,Convertible/Sedan,Incl: 4dr Hardtop V-800/Sport Fury,fallback,Plymouth Fury 1959 Convertible 原子事实对应多条候选记录
非皮卡,高度压缩两两组合,Plymouth,Fury/Fury,Fury,/,/,4XL,1959-1961/1963-1978,Convertible/Sedan/Coupe,Incl: 4dr Hardtop V-800/,,,1959-1978,Convertible/Coupe/Sedan,Incl: 4dr Hardtop V-800,fallback,Plymouth Fury 1959 Coupe 原子事实对应多条候选记录
非皮卡,高度压缩两两组合,Plymouth,Fury/Fury,Fury,/,/,4XL,1959-1961/1963-1978,Convertible/Sedan/Sedan,Incl: 4dr Hardtop V-800/,,,1959-1978,Convertible/Sedan,Incl: 4dr Hardtop V-800,fallback,Plymouth Fury 1962 Convertible 原子事实对应多条候选记录
非皮卡,高度压缩两两组合,Plymouth,Fury/Fury,Fury,/,/,4XL,1959-1961/1968,Convertible/Sedan/Coupe,Incl: 4dr Hardtop V-800/Fast Top,,,1959-1968,Convertible/Coupe/Sedan,Incl: 4dr Hardtop V-800/Fast Top,fallback,Plymouth Fury 1959 Coupe 原子事实对应多条候选记录
非皮卡,高度压缩两两组合,Plymouth,Fury/Fury,Fury,/,/,4XL,1959-1961/1968,Convertible/Sedan/Coupe,Incl: 4dr Hardtop V-800/Hardtop,,,1959-1968,Convertible/Coupe/Sedan,Incl: 4dr Hardtop V-800/Hardtop,fallback,Plymouth Fury 1959 Coupe 原子事实对应多条候选记录
非皮卡,高度压缩两两组合,Plymouth,Fury/Fury,Fury,/,/,4XL,1961/1963-1968,Coupe/Convertible,/Incl: Sport Fury,,,1961-1968,Convertible/Coupe,Incl: Sport Fury,fallback,Plymouth Fury 1961 Convertible 原子事实对应多条候选记录
非皮卡,高度压缩两两组合,Plymouth,Fury/Fury,Fury,/,/,4XL,1961/1963-1978,Coupe/Coupe,/,,,1961-1978,Coupe,,fallback,Plymouth Fury 1962 Coupe 原子事实对应多条候选记录
非皮卡,高度压缩两两组合,Plymouth,Fury/Fury,Fury,/,/,4XL,1961/1963-1978,Coupe/Sedan,/,,,1961-1978,Coupe/Sedan,,fallback,Plymouth Fury 1961 Sedan 原子事实对应多条候选记录
非皮卡,高度压缩两两组合,Plymouth,Fury/Fury,Fury,/,/,4XL,1961/1968,Coupe/Coupe,/Fast Top,,,1961-1968,Coupe,Incl: Fast Top,fallback,Plymouth Fury 1962 Coupe 原子事实对应多条候选记录
非皮卡,高度压缩两两组合,Plymouth,Fury/Fury,Fury,/,/,4XL,1961/1968,Coupe/Coupe,/Hardtop,,,1961-1968,Coupe,Incl: Hardtop,fallback,Plymouth Fury 1962 Coupe 原子事实对应多条候选记录
非皮卡,高度压缩两两组合,Plymouth,Fury/Fury,Fury,/,/,无可用尺码,1962/1962-1964,Convertible/Coupe/Sedan/Wagon,/,,,1962-1964,Convertible/Coupe/Sedan/Wagon,,fallback,Plymouth Fury 1963 Coupe 原子事实对应多条候选记录
非皮卡,高度压缩两两组合,Plymouth,Fury/Fury,Fury,/,/,4XL,1963-1968/1963-1978,Convertible/Coupe,Incl: Sport Fury/,,,1963-1978,Convertible/Coupe,Incl: Sport Fury,success,
非皮卡,高度压缩两两组合,Plymouth,Fury/Fury,Fury,/,/,4XL,1956-1960/1959-1961,Convertible/Coupe/Hardtop/Convertible/Sedan,Incl: 2dr Hardtop V-800/Belvedere Fury/Sport Fury/Incl: 4dr Hardtop V-800,,,1956-1961,Convertible/Coupe/Hardtop/Sedan,Incl: 2dr Hardtop V-800/4dr Hardtop V-800/Belvedere Fury/Sport Fury,fallback,Plymouth Fury 1961 Coupe 原子事实对应多条候选记录
非皮卡,高度压缩两两组合,Plymouth,Fury/Fury,Fury,/,/,4XL,1956-1960/1961,Convertible/Coupe/Hardtop/Coupe,Incl: 2dr Hardtop V-800/Belvedere Fury/Sport Fury/,,,1956-1961,Convertible/Coupe/Hardtop,Incl: 2dr Hardtop V-800/Belvedere Fury/Sport Fury,fallback,Plymouth Fury 1961 Convertible 原子事实对应多条候选记录
非皮卡,高度压缩两两组合,Plymouth,Fury/Fury,Fury,/,/,4XL,1956-1960/1963-1978,Convertible/Coupe/Hardtop/Convertible/Coupe,Incl: 2dr Hardtop V-800/Belvedere Fury/Sport Fury/Incl: Sport Fury,,,1956-1978,Convertible/Coupe/Hardtop,Incl: 2dr Hardtop V-800/Belvedere Fury/Sport Fury,fallback,Plymouth Fury 1961 Convertible 原子事实对应多条候选记录
非皮卡,高度压缩两两组合,Plymouth,Fury/Fury,Fury,/,/,4XL,1956-1960/1963-1978,Convertible/Coupe/Hardtop/Sedan,Incl: 2dr Hardtop V-800/Belvedere Fury/Sport Fury/,,,1956-1978,Convertible/Coupe/Hardtop/Sedan,Incl: 2dr Hardtop V-800/Belvedere Fury/Sport Fury,fallback,Plymouth Fury 1959 Sedan 原子事实对应多条候选记录
非皮卡,高度压缩两两组合,Plymouth,Fury/Fury,Fury,/,/,4XL,1956-1960/1968,Convertible/Coupe/Hardtop/Coupe,Incl: 2dr Hardtop V-800/Belvedere Fury/Sport Fury/Fast Top,,,1956-1968,Convertible/Coupe/Hardtop,Incl: 2dr Hardtop V-800/Belvedere Fury/Fast Top/Sport Fury,fallback,Plymouth Fury 1961 Convertible 原子事实对应多条候选记录
非皮卡,高度压缩两两组合,Plymouth,Fury/Fury,Fury,/,/,4XL,1956-1960/1968,Convertible/Coupe/Hardtop/Coupe,Incl: 2dr Hardtop V-800/Belvedere Fury/Sport Fury/Hardtop,,,1956-1968,Convertible/Coupe/Hardtop,Incl: 2dr Hardtop V-800/Belvedere Fury/Hardtop/Sport Fury,fallback,Plymouth Fury 1961 Convertible 原子事实对应多条候选记录
非皮卡,高度压缩两两组合,Plymouth,Fury/Fury,Fury,/,/,4XL,1959-1961/1961,Convertible/Sedan/Coupe,Incl: 4dr Hardtop V-800/,,,1959-1961,Convertible/Coupe/Sedan,Incl: 4dr Hardtop V-800,fallback,Plymouth Fury 1959 Coupe 原子事实对应多条候选记录
非皮卡,高度压缩两两组合,Plymouth,Fury/Fury,Fury,/,/,4XL,1959-1961/1963-1978,Convertible/Sedan/Convertible/Coupe,Incl: 4dr Hardtop V-800/Incl: Sport Fury,,,1959-1978,Convertible/Coupe/Sedan,Incl: 4dr Hardtop V-800/Sport Fury,fallback,Plymouth Fury 1959 Convertible 原子事实对应多条候选记录
非皮卡,高度压缩两两组合,Plymouth,Fury/Fury,Fury,/,/,4XL,1959-1961/1963-1978,Convertible/Sedan/Sedan,Incl: 4dr Hardtop V-800/,,,1959-1978,Convertible/Sedan,Incl: 4dr Hardtop V-800,fallback,Plymouth Fury 1962 Convertible 原子事实对应多条候选记录
非皮卡,高度压缩两两组合,Plymouth,Fury/Fury,Fury,/,/,4XL,1959-1961/1968,Convertible/Sedan/Coupe,Incl: 4dr Hardtop V-800/Fast Top,,,1959-1968,Convertible/Coupe/Sedan,Incl: 4dr Hardtop V-800/Fast Top,fallback,Plymouth Fury 1959 Coupe 原子事实对应多条候选记录
非皮卡,高度压缩两两组合,Plymouth,Fury/Fury,Fury,/,/,4XL,1959-1961/1968,Convertible/Sedan/Coupe,Incl: 4dr Hardtop V-800/Hardtop,,,1959-1968,Convertible/Coupe/Sedan,Incl: 4dr Hardtop V-800/Hardtop,fallback,Plymouth Fury 1959 Coupe 原子事实对应多条候选记录
非皮卡,高度压缩两两组合,Plymouth,Fury/Fury,Fury,/,/,4XL,1961/1963-1978,Coupe/Convertible/Coupe,/Incl: Sport Fury,,,1961-1978,Convertible/Coupe,Incl: Sport Fury,fallback,Plymouth Fury 1961 Convertible 原子事实对应多条候选记录
非皮卡,高度压缩两两组合,Plymouth,Fury/Fury,Fury,/,/,4XL,1961/1963-1978,Coupe/Sedan,/,,,1961-1978,Coupe/Sedan,,fallback,Plymouth Fury 1961 Sedan 原子事实对应多条候选记录
非皮卡,高度压缩两两组合,Plymouth,Fury/Fury,Fury,/,/,4XL,1961/1968,Coupe/Coupe,/Fast Top,,,1961-1968,Coupe,Incl: Fast Top,fallback,Plymouth Fury 1962 Coupe 原子事实对应多条候选记录
非皮卡,高度压缩两两组合,Plymouth,Fury/Fury,Fury,/,/,4XL,1961/1968,Coupe/Coupe,/Hardtop,,,1961-1968,Coupe,Incl: Hardtop,fallback,Plymouth Fury 1962 Coupe 原子事实对应多条候选记录
非皮卡,高度压缩两两组合,Plymouth,Fury/Fury,Fury,/,/,无可用尺码,1962/1962-1964,Convertible/Coupe/Sedan/Wagon,/,,,1962-1964,Convertible/Coupe/Sedan/Wagon,,fallback,Plymouth Fury 1963 Coupe 原子事实对应多条候选记录
非皮卡,高度压缩两两组合,Plymouth,Fury/Fury,Fury,/,/,4XL,1963-1978/1963-1978,Convertible/Coupe/Sedan,Incl: Sport Fury/,,,1963-1978,Convertible/Coupe/Sedan,Incl: Sport Fury,success,
非皮卡,高度压缩两两组合,Plymouth,Fury/Fury,Fury,/,/,4XL,1956-1960/1959-1961,Convertible/Coupe/Hardtop/Convertible/Sedan,Incl: 2dr Hardtop V-800/Belvedere Fury/Sport Fury/Incl: 4dr Hardtop V-800,,,1956-1961,Convertible/Coupe/Hardtop/Sedan,Incl: 2dr Hardtop V-800/4dr Hardtop V-800/Belvedere Fury/Sport Fury,fallback,Plymouth Fury 1961 Coupe 原子事实对应多条候选记录
非皮卡,高度压缩两两组合,Plymouth,Fury/Fury,Fury,/,/,4XL,1956-1960/1961,Convertible/Coupe/Hardtop/Coupe,Incl: 2dr Hardtop V-800/Belvedere Fury/Sport Fury/,,,1956-1961,Convertible/Coupe/Hardtop,Incl: 2dr Hardtop V-800/Belvedere Fury/Sport Fury,fallback,Plymouth Fury 1961 Convertible 原子事实对应多条候选记录
非皮卡,高度压缩两两组合,Plymouth,Fury/Fury,Fury,/,/,4XL,1956-1960/1963-1978,Convertible/Coupe/Hardtop/Convertible/Coupe/Sedan,Incl: 2dr Hardtop V-800/Belvedere Fury/Sport Fury/Incl: Sport Fury,,,1956-1978,Convertible/Coupe/Hardtop/Sedan,Incl: 2dr Hardtop V-800/Belvedere Fury/Sport Fury,fallback,Plymouth Fury 1959 Sedan 原子事实对应多条候选记录
非皮卡,高度压缩两两组合,Plymouth,Fury/Fury,Fury,/,/,4XL,1956-1960/1968,Convertible/Coupe/Hardtop/Coupe,Incl: 2dr Hardtop V-800/Belvedere Fury/Sport Fury/Fast Top,,,1956-1968,Convertible/Coupe/Hardtop,Incl: 2dr Hardtop V-800/Belvedere Fury/Fast Top/Sport Fury,fallback,Plymouth Fury 1961 Convertible 原子事实对应多条候选记录
非皮卡,高度压缩两两组合,Plymouth,Fury/Fury,Fury,/,/,4XL,1956-1960/1968,Convertible/Coupe/Hardtop/Coupe,Incl: 2dr Hardtop V-800/Belvedere Fury/Sport Fury/Hardtop,,,1956-1968,Convertible/Coupe/Hardtop,Incl: 2dr Hardtop V-800/Belvedere Fury/Hardtop/Sport Fury,fallback,Plymouth Fury 1961 Convertible 原子事实对应多条候选记录
非皮卡,高度压缩两两组合,Plymouth,Fury/Fury,Fury,/,/,4XL,1959-1961/1961,Convertible/Sedan/Coupe,Incl: 4dr Hardtop V-800/,,,1959-1961,Convertible/Coupe/Sedan,Incl: 4dr Hardtop V-800,fallback,Plymouth Fury 1959 Coupe 原子事实对应多条候选记录
非皮卡,高度压缩两两组合,Plymouth,Fury/Fury,Fury,/,/,4XL,1959-1961/1963-1978,Convertible/Sedan/Convertible/Coupe/Sedan,Incl: 4dr Hardtop V-800/Incl: Sport Fury,,,1959-1978,Convertible/Coupe/Sedan,Incl: 4dr Hardtop V-800/Sport Fury,fallback,Plymouth Fury 1959 Convertible 原子事实对应多条候选记录
非皮卡,高度压缩两两组合,Plymouth,Fury/Fury,Fury,/,/,4XL,1959-1961/1968,Convertible/Sedan/Coupe,Incl: 4dr Hardtop V-800/Fast Top,,,1959-1968,Convertible/Coupe/Sedan,Incl: 4dr Hardtop V-800/Fast Top,fallback,Plymouth Fury 1959 Coupe 原子事实对应多条候选记录
非皮卡,高度压缩两两组合,Plymouth,Fury/Fury,Fury,/,/,4XL,1959-1961/1968,Convertible/Sedan/Coupe,Incl: 4dr Hardtop V-800/Hardtop,,,1959-1968,Convertible/Coupe/Sedan,Incl: 4dr Hardtop V-800/Hardtop,fallback,Plymouth Fury 1959 Coupe 原子事实对应多条候选记录
非皮卡,高度压缩两两组合,Plymouth,Fury/Fury,Fury,/,/,4XL,1961/1963-1978,Coupe/Convertible/Coupe/Sedan,/Incl: Sport Fury,,,1961-1978,Convertible/Coupe/Sedan,Incl: Sport Fury,fallback,Plymouth Fury 1961 Convertible 原子事实对应多条候选记录
非皮卡,高度压缩两两组合,Plymouth,Fury/Fury,Fury,/,/,4XL,1961/1968,Coupe/Coupe,/Fast Top,,,1961-1968,Coupe,Incl: Fast Top,fallback,Plymouth Fury 1962 Coupe 原子事实对应多条候选记录
非皮卡,高度压缩两两组合,Plymouth,Fury/Fury,Fury,/,/,4XL,1961/1968,Coupe/Coupe,/Hardtop,,,1961-1968,Coupe,Incl: Hardtop,fallback,Plymouth Fury 1962 Coupe 原子事实对应多条候选记录
非皮卡,高度压缩两两组合,Plymouth,Fury/Fury,Fury,/,/,无可用尺码,1962/1962-1964,Convertible/Coupe/Sedan/Wagon,/,,,1962-1964,Convertible/Coupe/Sedan/Wagon,,fallback,Plymouth Fury 1963 Coupe 原子事实对应多条候选记录
非皮卡,高度压缩两两组合,Plymouth,Fury/Fury,Fury,/,/,4XL,1963-1978/1968,Convertible/Coupe/Sedan/Coupe,Incl: Sport Fury/Fast Top,,,1963-1978,Convertible/Coupe/Sedan,Incl: Fast Top/Sport Fury,success,
非皮卡,高度压缩两两组合,Plymouth,Fury/Fury,Fury,/,/,4XL,1956-1960/1959-1961,Convertible/Coupe/Hardtop/Convertible/Sedan,Incl: 2dr Hardtop V-800/Belvedere Fury/Sport Fury/Incl: 4dr Hardtop V-800,,,1956-1961,Convertible/Coupe/Hardtop/Sedan,Incl: 2dr Hardtop V-800/4dr Hardtop V-800/Belvedere Fury/Sport Fury,fallback,Plymouth Fury 1961 Coupe 原子事实对应多条候选记录
非皮卡,高度压缩两两组合,Plymouth,Fury/Fury,Fury,/,/,4XL,1956-1960/1961,Convertible/Coupe/Hardtop/Coupe,Incl: 2dr Hardtop V-800/Belvedere Fury/Sport Fury/,,,1956-1961,Convertible/Coupe/Hardtop,Incl: 2dr Hardtop V-800/Belvedere Fury/Sport Fury,fallback,Plymouth Fury 1961 Convertible 原子事实对应多条候选记录
非皮卡,高度压缩两两组合,Plymouth,Fury/Fury,Fury,/,/,4XL,1956-1960/1963-1978,Convertible/Coupe/Hardtop/Convertible/Coupe/Sedan,Incl: 2dr Hardtop V-800/Belvedere Fury/Sport Fury/Incl: Fast Top/Sport Fury,,,1956-1978,Convertible/Coupe/Hardtop/Sedan,Incl: 2dr Hardtop V-800/Belvedere Fury/Fast Top/Sport Fury,fallback,Plymouth Fury 1959 Sedan 原子事实对应多条候选记录
非皮卡,高度压缩两两组合,Plymouth,Fury/Fury,Fury,/,/,4XL,1956-1960/1968,Convertible/Coupe/Hardtop/Coupe,Incl: 2dr Hardtop V-800/Belvedere Fury/Sport Fury/Hardtop,,,1956-1968,Convertible/Coupe/Hardtop,Incl: 2dr Hardtop V-800/Belvedere Fury/Hardtop/Sport Fury,fallback,Plymouth Fury 1961 Convertible 原子事实对应多条候选记录
非皮卡,高度压缩两两组合,Plymouth,Fury/Fury,Fury,/,/,4XL,1959-1961/1961,Convertible/Sedan/Coupe,Incl: 4dr Hardtop V-800/,,,1959-1961,Convertible/Coupe/Sedan,Incl: 4dr Hardtop V-800,fallback,Plymouth Fury 1959 Coupe 原子事实对应多条候选记录
非皮卡,高度压缩两两组合,Plymouth,Fury/Fury,Fury,/,/,4XL,1959-1961/1963-1978,Convertible/Sedan/Convertible/Coupe/Sedan,Incl: 4dr Hardtop V-800/Incl: Fast Top/Sport Fury,,,1959-1978,Convertible/Coupe/Sedan,Incl: 4dr Hardtop V-800/Fast Top/Sport Fury,fallback,Plymouth Fury 1959 Convertible 原子事实对应多条候选记录
非皮卡,高度压缩两两组合,Plymouth,Fury/Fury,Fury,/,/,4XL,1959-1961/1968,Convertible/Sedan/Coupe,Incl: 4dr Hardtop V-800/Hardtop,,,1959-1968,Convertible/Coupe/Sedan,Incl: 4dr Hardtop V-800/Hardtop,fallback,Plymouth Fury 1959 Coupe 原子事实对应多条候选记录
非皮卡,高度压缩两两组合,Plymouth,Fury/Fury,Fury,/,/,4XL,1961/1963-1978,Coupe/Convertible/Coupe/Sedan,/Incl: Fast Top/Sport Fury,,,1961-1978,Convertible/Coupe/Sedan,Incl: Fast Top/Sport Fury,fallback,Plymouth Fury 1961 Convertible 原子事实对应多条候选记录
非皮卡,高度压缩两两组合,Plymouth,Fury/Fury,Fury,/,/,4XL,1961/1968,Coupe/Coupe,/Hardtop,,,1961-1968,Coupe,Incl: Hardtop,fallback,Plymouth Fury 1962 Coupe 原子事实对应多条候选记录
非皮卡,高度压缩两两组合,Plymouth,Fury/Fury,Fury,/,/,无可用尺码,1962/1962-1964,Convertible/Coupe/Sedan/Wagon,/,,,1962-1964,Convertible/Coupe/Sedan/Wagon,,fallback,Plymouth Fury 1963 Coupe 原子事实对应多条候选记录
非皮卡,高度压缩两两组合,Plymouth,Fury/Fury,Fury,/,/,4XL,1963-1978/1968,Convertible/Coupe/Sedan/Coupe,Incl: Fast Top/Sport Fury/Hardtop,,,1963-1978,Convertible/Coupe/Sedan,Incl: Fast Top/Hardtop/Sport Fury,success,
非皮卡,高度压缩两两组合,Plymouth,Fury/Fury,Fury,/,/,4XL,1956-1960/1959-1961,Convertible/Coupe/Hardtop/Convertible/Sedan,Incl: 2dr Hardtop V-800/Belvedere Fury/Sport Fury/Incl: 4dr Hardtop V-800,,,1956-1961,Convertible/Coupe/Hardtop/Sedan,Incl: 2dr Hardtop V-800/4dr Hardtop V-800/Belvedere Fury/Sport Fury,fallback,Plymouth Fury 1961 Coupe 原子事实对应多条候选记录
非皮卡,高度压缩两两组合,Plymouth,Fury/Fury,Fury,/,/,4XL,1956-1960/1961,Convertible/Coupe/Hardtop/Coupe,Incl: 2dr Hardtop V-800/Belvedere Fury/Sport Fury/,,,1956-1961,Convertible/Coupe/Hardtop,Incl: 2dr Hardtop V-800/Belvedere Fury/Sport Fury,fallback,Plymouth Fury 1961 Convertible 原子事实对应多条候选记录
非皮卡,高度压缩两两组合,Plymouth,Fury/Fury,Fury,/,/,4XL,1956-1960/1963-1978,Convertible/Coupe/Hardtop/Convertible/Coupe/Sedan,Incl: 2dr Hardtop V-800/Belvedere Fury/Sport Fury/Incl: Fast Top/Hardtop/Sport Fury,,,1956-1978,Convertible/Coupe/Hardtop/Sedan,Incl: 2dr Hardtop V-800/Belvedere Fury/Fast Top/Hardtop/Sport Fury,fallback,Plymouth Fury 1959 Sedan 原子事实对应多条候选记录
非皮卡,高度压缩两两组合,Plymouth,Fury/Fury,Fury,/,/,4XL,1959-1961/1961,Convertible/Sedan/Coupe,Incl: 4dr Hardtop V-800/,,,1959-1961,Convertible/Coupe/Sedan,Incl: 4dr Hardtop V-800,fallback,Plymouth Fury 1959 Coupe 原子事实对应多条候选记录
非皮卡,高度压缩两两组合,Plymouth,Fury/Fury,Fury,/,/,4XL,1959-1961/1963-1978,Convertible/Sedan/Convertible/Coupe/Sedan,Incl: 4dr Hardtop V-800/Incl: Fast Top/Hardtop/Sport Fury,,,1959-1978,Convertible/Coupe/Sedan,Incl: 4dr Hardtop V-800/Fast Top/Hardtop/Sport Fury,fallback,Plymouth Fury 1959 Convertible 原子事实对应多条候选记录
非皮卡,高度压缩两两组合,Plymouth,Fury/Fury,Fury,/,/,4XL,1961/1963-1978,Coupe/Convertible/Coupe/Sedan,/Incl: Fast Top/Hardtop/Sport Fury,,,1961-1978,Convertible/Coupe/Sedan,Incl: Fast Top/Hardtop/Sport Fury,fallback,Plymouth Fury 1961 Convertible 原子事实对应多条候选记录
非皮卡,高度压缩两两组合,Plymouth,Fury/Fury,Fury,/,/,无可用尺码,1962/1962-1964,Convertible/Coupe/Sedan/Wagon,/,,,1962-1964,Convertible/Coupe/Sedan/Wagon,,fallback,Plymouth Fury 1963 Coupe 原子事实对应多条候选记录
非皮卡,高度压缩两两组合,Plymouth,Neon/Neon,Neon,/,/,无可用尺码,1995-1999/1995-2001,Coupe/Sedan,/,,,1995-2001,Coupe/Sedan,,success,
非皮卡,高度压缩两两组合,Plymouth,Valiant/Valiant,Valiant,/,/,无可用尺码,1960-1966/1960-1966,Sedan/Wagon,/,,,1960-1966,Sedan/Wagon,,success,
非皮卡,高度压缩两两组合,Plymouth,Valiant/Valiant,Valiant,/,/,无可用尺码,1960-1966/1963-1966,Sedan/Wagon/Convertible,/,,,1960-1966,Convertible/Sedan/Wagon,,success,
非皮卡,高度压缩两两组合,Plymouth,Valiant/Valiant,Valiant,/,/,无可用尺码,1960-1966/1963-1972,Convertible/Sedan/Wagon/Coupe,/,,,1960-1972,Convertible/Coupe/Sedan/Wagon,,fallback,Plymouth Valiant 1972 Sedan 原子事实对应多条候选记录
非皮卡,高度压缩两两组合,Plymouth,Valiant/Valiant,Valiant,/,/,无可用尺码,1960-1966/1972-1976,Convertible/Sedan/Wagon/Sedan,/,,,1960-1976,Convertible/Sedan/Wagon,,success,
非皮卡,高度压缩两两组合,Plymouth,Valiant/Valiant,Valiant,/,/,无可用尺码,1960-1976/1963-1972,Convertible/Sedan/Wagon/Coupe,/,,,1960-1976,Convertible/Coupe/Sedan/Wagon,,success,
非皮卡,高度压缩两两组合,Plymouth,Valiant/Valiant,Valiant,/,/,无可用尺码,1960-1976/1973-1976,Convertible/Coupe/Sedan/Wagon/Coupe,/Duster,,,1960-1976,Convertible/Coupe/Sedan/Wagon,Incl: Duster,success,
非皮卡,高度压缩两两组合,Plymouth,Valiant/Valiant,Valiant,/,/,无可用尺码,1960-1976/1973-1976,Convertible/Coupe/Sedan/Wagon/Coupe,Incl: Duster/Scamp,,,1960-1976,Convertible/Coupe/Sedan/Wagon,Incl: Duster/Scamp,success,
非皮卡,高度压缩两两组合,Pontiac,Astre/Astre,Astre,/,/,无可用尺码,1975-1977/1975-1977,Hatchback/Sedan,/,,,1975-1977,Hatchback/Sedan,,success,
非皮卡,高度压缩两两组合,Pontiac,Astre/Astre,Astre,/,/,无可用尺码,1975-1977/1975-1977,Hatchback/Sedan/Wagon,/Safari,,,1975-1977,Hatchback/Sedan/Wagon,Incl: Safari,success,
非皮卡,高度压缩两两组合,Pontiac,Bonneville/Bonneville,Bonneville,/,/,4XL,1957-1969/1958-1969,Convertible/Coupe,/,,,1957-1969,Convertible/Coupe,,success,
非皮卡,高度压缩两两组合,Pontiac,Bonneville/Bonneville,Bonneville,/,/,4XL,1957-1969/1958-1969,Convertible/Coupe/Sedan,/,,,1957-1969,Convertible/Coupe/Sedan,,success,
非皮卡,高度压缩两两组合,Pontiac,Bonneville/Bonneville,Bonneville,/,/,4XL,1957-1969/1971,Convertible/Coupe/Sedan/Coupe,/,,,1957-1971,Convertible/Coupe/Sedan,,fallback,Pontiac Bonneville 1970 Convertible 原子事实对应多条候选记录
非皮卡,高度压缩两两组合,Pontiac,Bonneville/Bonneville,Bonneville,/,/,4XL,1957-1969/1971,Convertible/Coupe/Sedan/Sedan,/,,,1957-1971,Convertible/Coupe/Sedan,,fallback,Pontiac Bonneville 1970 Convertible 原子事实对应多条候选记录
非皮卡,高度压缩两两组合,Pontiac,Bonneville/Bonneville,Bonneville,/,/,4XL,1957-1969/1971-1976,Convertible/Coupe/Sedan/Convertible,/,,,1957-1976,Convertible/Coupe/Sedan,,fallback,Pontiac Bonneville 1970 Convertible 原子事实对应多条候选记录
非皮卡,高度压缩两两组合,Pontiac,Bonneville/Bonneville,Bonneville,/,/,4XL,1957-1969/1977-1981,Convertible/Coupe/Sedan/Coupe,/,,,1957-1981,Convertible/Coupe/Sedan,,fallback,Pontiac Bonneville 1970 Convertible 原子事实对应多条候选记录
非皮卡,高度压缩两两组合,Pontiac,Bonneville/Bonneville,Bonneville,/,/,4XL,1957-1969/1977-1981,Convertible/Coupe/Sedan/Sedan,/,,,1957-1981,Convertible/Coupe/Sedan,,fallback,Pontiac Bonneville 1970 Convertible 原子事实对应多条候选记录
非皮卡,高度压缩两两组合,Pontiac,Bonneville/Bonneville,Bonneville,/,/,无可用尺码,1958/1961-1970,Hatchback/Wagon,/Safari,,,1958-1970,Hatchback/Wagon,Incl: Safari,success,
非皮卡,高度压缩两两组合,Pontiac,Bonneville/Bonneville,Bonneville,/,/,4XL,1957-1969/1971,Convertible/Coupe/Sedan/Coupe,/,,,1957-1971,Convertible/Coupe/Sedan,,fallback,Pontiac Bonneville 1970 Convertible 原子事实对应多条候选记录
非皮卡,高度压缩两两组合,Pontiac,Bonneville/Bonneville,Bonneville,/,/,4XL,1957-1969/1971,Convertible/Coupe/Sedan/Sedan,/,,,1957-1971,Convertible/Coupe/Sedan,,fallback,Pontiac Bonneville 1970 Convertible 原子事实对应多条候选记录
非皮卡,高度压缩两两组合,Pontiac,Bonneville/Bonneville,Bonneville,/,/,4XL,1957-1969/1971-1976,Convertible/Coupe/Sedan/Convertible,/,,,1957-1976,Convertible/Coupe/Sedan,,fallback,Pontiac Bonneville 1970 Convertible 原子事实对应多条候选记录
非皮卡,高度压缩两两组合,Pontiac,Bonneville/Bonneville,Bonneville,/,/,4XL,1957-1969/1977-1981,Convertible/Coupe/Sedan/Coupe,/,,,1957-1981,Convertible/Coupe/Sedan,,fallback,Pontiac Bonneville 1970 Convertible 原子事实对应多条候选记录
非皮卡,高度压缩两两组合,Pontiac,Bonneville/Bonneville,Bonneville,/,/,4XL,1957-1969/1977-1981,Convertible/Coupe/Sedan/Sedan,/,,,1957-1981,Convertible/Coupe/Sedan,,fallback,Pontiac Bonneville 1970 Convertible 原子事实对应多条候选记录
非皮卡,高度压缩两两组合,Pontiac,Bonneville/Bonneville,Bonneville,/,/,无可用尺码,1958-1970/1970,Hatchback/Wagon/Convertible,Incl: Safari/,,,1958-1970,Convertible/Hatchback/Wagon,Incl: Safari,fallback,Pontiac Bonneville 1958 Convertible 原子事实对应多条候选记录
非皮卡,高度压缩两两组合,Pontiac,Bonneville/Bonneville,Bonneville,/,/,无可用尺码,1958-1970/1970,Hatchback/Wagon/Coupe,Incl: Safari/,,,1958-1970,Coupe/Hatchback/Wagon,Incl: Safari,fallback,Pontiac Bonneville 1958 Coupe 原子事实对应多条候选记录
非皮卡,高度压缩两两组合,Pontiac,Bonneville/Bonneville,Bonneville,/,/,无可用尺码,1958-1970/1970,Hatchback/Wagon/Sedan,Incl: Safari/,,,1958-1970,Hatchback/Sedan/Wagon,Incl: Safari,fallback,Pontiac Bonneville 1958 Sedan 原子事实对应多条候选记录
非皮卡,高度压缩两两组合,Pontiac,Bonneville/Bonneville,Bonneville,/,/,无可用尺码,1958-1970/1971-1978,Hatchback/Wagon/Wagon,Incl: Safari/Grand Safari,,,1958-1978,Hatchback/Wagon,Incl: Grand Safari/Safari,fallback,Pontiac Bonneville 1977 Wagon 原子事实对应多条候选记录
非皮卡,高度压缩两两组合,Pontiac,Bonneville/Bonneville,Bonneville,/,/,无可用尺码,1958-1970/1972-1976,Hatchback/Wagon/Coupe,Incl: Safari/,,,1958-1976,Coupe/Hatchback/Wagon,Incl: Safari,fallback,Pontiac Bonneville 1958 Coupe 原子事实对应多条候选记录
非皮卡,高度压缩两两组合,Pontiac,Bonneville/Bonneville,Bonneville,/,/,无可用尺码,1958-1970/1972-1976,Hatchback/Wagon/Sedan,Incl: Safari/,,,1958-1976,Hatchback/Sedan/Wagon,Incl: Safari,fallback,Pontiac Bonneville 1958 Sedan 原子事实对应多条候选记录
非皮卡,高度压缩两两组合,Pontiac,Bonneville/Bonneville,Bonneville,/,/,无可用尺码,1958-1970/1977-1981,Hatchback/Wagon/Wagon,Incl: Safari/Safari,,,1958-1981,Hatchback/Wagon,Incl: Safari,success,
非皮卡,高度压缩两两组合,Pontiac,Bonneville/Bonneville,Bonneville,/,/,4XL,1957-1969/1971,Convertible/Coupe/Sedan/Coupe,/,,,1957-1971,Convertible/Coupe/Sedan,,fallback,Pontiac Bonneville 1970 Convertible 原子事实对应多条候选记录
非皮卡,高度压缩两两组合,Pontiac,Bonneville/Bonneville,Bonneville,/,/,4XL,1957-1969/1971,Convertible/Coupe/Sedan/Sedan,/,,,1957-1971,Convertible/Coupe/Sedan,,fallback,Pontiac Bonneville 1970 Convertible 原子事实对应多条候选记录
非皮卡,高度压缩两两组合,Pontiac,Bonneville/Bonneville,Bonneville,/,/,4XL,1957-1969/1971-1976,Convertible/Coupe/Sedan/Convertible,/,,,1957-1976,Convertible/Coupe/Sedan,,fallback,Pontiac Bonneville 1970 Convertible 原子事实对应多条候选记录
非皮卡,高度压缩两两组合,Pontiac,Bonneville/Bonneville,Bonneville,/,/,4XL,1957-1969/1977-1981,Convertible/Coupe/Sedan/Coupe,/,,,1957-1981,Convertible/Coupe/Sedan,,fallback,Pontiac Bonneville 1970 Convertible 原子事实对应多条候选记录
非皮卡,高度压缩两两组合,Pontiac,Bonneville/Bonneville,Bonneville,/,/,4XL,1957-1969/1977-1981,Convertible/Coupe/Sedan/Sedan,/,,,1957-1981,Convertible/Coupe/Sedan,,fallback,Pontiac Bonneville 1970 Convertible 原子事实对应多条候选记录
非皮卡,高度压缩两两组合,Pontiac,Bonneville/Bonneville,Bonneville,/,/,无可用尺码,1958-1981/1970,Hatchback/Wagon/Convertible,Incl: Safari/,,,1958-1981,Convertible/Hatchback/Wagon,Incl: Safari,fallback,Pontiac Bonneville 1958 Convertible 原子事实对应多条候选记录
非皮卡,高度压缩两两组合,Pontiac,Bonneville/Bonneville,Bonneville,/,/,无可用尺码,1958-1981/1970,Hatchback/Wagon/Coupe,Incl: Safari/,,,1958-1981,Coupe/Hatchback/Wagon,Incl: Safari,fallback,Pontiac Bonneville 1958 Coupe 原子事实对应多条候选记录
非皮卡,高度压缩两两组合,Pontiac,Bonneville/Bonneville,Bonneville,/,/,无可用尺码,1958-1981/1970,Hatchback/Wagon/Sedan,Incl: Safari/,,,1958-1981,Hatchback/Sedan/Wagon,Incl: Safari,fallback,Pontiac Bonneville 1958 Sedan 原子事实对应多条候选记录
非皮卡,高度压缩两两组合,Pontiac,Bonneville/Bonneville,Bonneville,/,/,无可用尺码,1958-1981/1971-1978,Hatchback/Wagon/Wagon,Incl: Safari/Grand Safari,,,1958-1981,Hatchback/Wagon,Incl: Grand Safari/Safari,success,
非皮卡,高度压缩两两组合,Pontiac,Bonneville/Bonneville,Bonneville,/,/,4XL,1957-1969/1971,Convertible/Coupe/Sedan/Coupe,/,,,1957-1971,Convertible/Coupe/Sedan,,fallback,Pontiac Bonneville 1970 Convertible 原子事实对应多条候选记录
非皮卡,高度压缩两两组合,Pontiac,Bonneville/Bonneville,Bonneville,/,/,4XL,1957-1969/1971,Convertible/Coupe/Sedan/Sedan,/,,,1957-1971,Convertible/Coupe/Sedan,,fallback,Pontiac Bonneville 1970 Convertible 原子事实对应多条候选记录
非皮卡,高度压缩两两组合,Pontiac,Bonneville/Bonneville,Bonneville,/,/,4XL,1957-1969/1971-1976,Convertible/Coupe/Sedan/Convertible,/,,,1957-1976,Convertible/Coupe/Sedan,,fallback,Pontiac Bonneville 1970 Convertible 原子事实对应多条候选记录
非皮卡,高度压缩两两组合,Pontiac,Bonneville/Bonneville,Bonneville,/,/,4XL,1957-1969/1977-1981,Convertible/Coupe/Sedan/Coupe,/,,,1957-1981,Convertible/Coupe/Sedan,,fallback,Pontiac Bonneville 1970 Convertible 原子事实对应多条候选记录
非皮卡,高度压缩两两组合,Pontiac,Bonneville/Bonneville,Bonneville,/,/,4XL,1957-1969/1977-1981,Convertible/Coupe/Sedan/Sedan,/,,,1957-1981,Convertible/Coupe/Sedan,,fallback,Pontiac Bonneville 1970 Convertible 原子事实对应多条候选记录
非皮卡,高度压缩两两组合,Pontiac,Bonneville/Bonneville,Bonneville,/,/,无可用尺码,1958-1981/1970,Hatchback/Wagon/Convertible,Incl: Grand Safari/Safari/,,,1958-1981,Convertible/Hatchback/Wagon,Incl: Grand Safari/Safari,fallback,Pontiac Bonneville 1958 Convertible 原子事实对应多条候选记录
非皮卡,高度压缩两两组合,Pontiac,Bonneville/Bonneville,Bonneville,/,/,无可用尺码,1958-1981/1970,Hatchback/Wagon/Coupe,Incl: Grand Safari/Safari/,,,1958-1981,Coupe/Hatchback/Wagon,Incl: Grand Safari/Safari,fallback,Pontiac Bonneville 1958 Coupe 原子事实对应多条候选记录
非皮卡,高度压缩两两组合,Pontiac,Bonneville/Bonneville,Bonneville,/,/,无可用尺码,1958-1981/1970,Hatchback/Wagon/Sedan,Incl: Grand Safari/Safari/,,,1958-1981,Hatchback/Sedan/Wagon,Incl: Grand Safari/Safari,fallback,Pontiac Bonneville 1958 Sedan 原子事实对应多条候选记录
非皮卡,高度压缩两两组合,Pontiac,Bonneville/Bonneville,Bonneville,/,/,无可用尺码,1958-1981/1972-1976,Hatchback/Wagon/Coupe,Incl: Grand Safari/Safari/,,,1958-1981,Coupe/Hatchback/Wagon,Incl: Grand Safari/Safari,fallback,Pontiac Bonneville 1958 Coupe 原子事实对应多条候选记录
非皮卡,高度压缩两两组合,Pontiac,Bonneville/Bonneville,Bonneville,/,/,无可用尺码,1958-1981/1972-1976,Hatchback/Wagon/Sedan,Incl: Grand Safari/Safari/,,,1958-1981,Hatchback/Sedan/Wagon,Incl: Grand Safari/Safari,fallback,Pontiac Bonneville 1958 Sedan 原子事实对应多条候选记录
非皮卡,高度压缩两两组合,Pontiac,Bonneville/Bonneville,Bonneville,/,/,无可用尺码,1958-1981/1982-2005,Hatchback/Wagon/Sedan,Incl: Grand Safari/Safari/,,,1958-2005,Hatchback/Sedan/Wagon,Incl: Grand Safari/Safari,fallback,Pontiac Bonneville 1958 Sedan 原子事实对应多条候选记录
非皮卡,高度压缩两两组合,Pontiac,Bonneville/Bonneville,Bonneville,/,/,无可用尺码,1970/1970,Convertible/Coupe,/,,,1970,Convertible/Coupe,,success,
非皮卡,高度压缩两两组合,Pontiac,Bonneville/Bonneville,Bonneville,/,/,4XL,1957-1969/1971,Convertible/Coupe/Sedan/Coupe,/,,,1957-1971,Convertible/Coupe/Sedan,,fallback,Pontiac Bonneville 1970 Convertible 原子事实对应多条候选记录
非皮卡,高度压缩两两组合,Pontiac,Bonneville/Bonneville,Bonneville,/,/,4XL,1957-1969/1971,Convertible/Coupe/Sedan/Sedan,/,,,1957-1971,Convertible/Coupe/Sedan,,fallback,Pontiac Bonneville 1970 Convertible 原子事实对应多条候选记录
非皮卡,高度压缩两两组合,Pontiac,Bonneville/Bonneville,Bonneville,/,/,4XL,1957-1969/1971-1976,Convertible/Coupe/Sedan/Convertible,/,,,1957-1976,Convertible/Coupe/Sedan,,fallback,Pontiac Bonneville 1970 Convertible 原子事实对应多条候选记录
非皮卡,高度压缩两两组合,Pontiac,Bonneville/Bonneville,Bonneville,/,/,4XL,1957-1969/1977-1981,Convertible/Coupe/Sedan/Coupe,/,,,1957-1981,Convertible/Coupe/Sedan,,fallback,Pontiac Bonneville 1970 Convertible 原子事实对应多条候选记录
非皮卡,高度压缩两两组合,Pontiac,Bonneville/Bonneville,Bonneville,/,/,4XL,1957-1969/1977-1981,Convertible/Coupe/Sedan/Sedan,/,,,1957-1981,Convertible/Coupe/Sedan,,fallback,Pontiac Bonneville 1970 Convertible 原子事实对应多条候选记录
非皮卡,高度压缩两两组合,Pontiac,Bonneville/Bonneville,Bonneville,/,/,无可用尺码,1958-1981/1970,Hatchback/Wagon/Convertible/Coupe,Incl: Grand Safari/Safari/,,,1958-1981,Convertible/Coupe/Hatchback/Wagon,Incl: Grand Safari/Safari,fallback,Pontiac Bonneville 1958 Convertible 原子事实对应多条候选记录
非皮卡,高度压缩两两组合,Pontiac,Bonneville/Bonneville,Bonneville,/,/,无可用尺码,1958-1981/1970,Hatchback/Wagon/Sedan,Incl: Grand Safari/Safari/,,,1958-1981,Hatchback/Sedan/Wagon,Incl: Grand Safari/Safari,fallback,Pontiac Bonneville 1958 Sedan 原子事实对应多条候选记录
非皮卡,高度压缩两两组合,Pontiac,Bonneville/Bonneville,Bonneville,/,/,无可用尺码,1958-1981/1972-1976,Hatchback/Wagon/Coupe,Incl: Grand Safari/Safari/,,,1958-1981,Coupe/Hatchback/Wagon,Incl: Grand Safari/Safari,fallback,Pontiac Bonneville 1958 Coupe 原子事实对应多条候选记录
非皮卡,高度压缩两两组合,Pontiac,Bonneville/Bonneville,Bonneville,/,/,无可用尺码,1958-1981/1972-1976,Hatchback/Wagon/Sedan,Incl: Grand Safari/Safari/,,,1958-1981,Hatchback/Sedan/Wagon,Incl: Grand Safari/Safari,fallback,Pontiac Bonneville 1958 Sedan 原子事实对应多条候选记录
非皮卡,高度压缩两两组合,Pontiac,Bonneville/Bonneville,Bonneville,/,/,无可用尺码,1958-1981/1982-2005,Hatchback/Wagon/Sedan,Incl: Grand Safari/Safari/,,,1958-2005,Hatchback/Sedan/Wagon,Incl: Grand Safari/Safari,fallback,Pontiac Bonneville 1958 Sedan 原子事实对应多条候选记录
非皮卡,高度压缩两两组合,Pontiac,Bonneville/Bonneville,Bonneville,/,/,无可用尺码,1970/1970,Convertible/Coupe/Sedan,/,,,1970,Convertible/Coupe/Sedan,,success,
非皮卡,高度压缩两两组合,Pontiac,Bonneville/Bonneville,Bonneville,/,/,4XL,1957-1969/1971,Convertible/Coupe/Sedan/Coupe,/,,,1957-1971,Convertible/Coupe/Sedan,,fallback,Pontiac Bonneville 1970 Convertible 原子事实对应多条候选记录
非皮卡,高度压缩两两组合,Pontiac,Bonneville/Bonneville,Bonneville,/,/,4XL,1957-1969/1971,Convertible/Coupe/Sedan/Sedan,/,,,1957-1971,Convertible/Coupe/Sedan,,fallback,Pontiac Bonneville 1970 Convertible 原子事实对应多条候选记录
非皮卡,高度压缩两两组合,Pontiac,Bonneville/Bonneville,Bonneville,/,/,4XL,1957-1969/1971-1976,Convertible/Coupe/Sedan/Convertible,/,,,1957-1976,Convertible/Coupe/Sedan,,fallback,Pontiac Bonneville 1970 Convertible 原子事实对应多条候选记录
非皮卡,高度压缩两两组合,Pontiac,Bonneville/Bonneville,Bonneville,/,/,4XL,1957-1969/1977-1981,Convertible/Coupe/Sedan/Coupe,/,,,1957-1981,Convertible/Coupe/Sedan,,fallback,Pontiac Bonneville 1970 Convertible 原子事实对应多条候选记录
非皮卡,高度压缩两两组合,Pontiac,Bonneville/Bonneville,Bonneville,/,/,4XL,1957-1969/1977-1981,Convertible/Coupe/Sedan/Sedan,/,,,1957-1981,Convertible/Coupe/Sedan,,fallback,Pontiac Bonneville 1970 Convertible 原子事实对应多条候选记录
非皮卡,高度压缩两两组合,Pontiac,Bonneville/Bonneville,Bonneville,/,/,无可用尺码,1958-1981/1970,Hatchback/Wagon/Convertible/Coupe/Sedan,Incl: Grand Safari/Safari/,,,1958-1981,Convertible/Coupe/Hatchback/Sedan/Wagon,Incl: Grand Safari/Safari,fallback,Pontiac Bonneville 1958 Convertible 原子事实对应多条候选记录
非皮卡,高度压缩两两组合,Pontiac,Bonneville/Bonneville,Bonneville,/,/,无可用尺码,1958-1981/1972-1976,Hatchback/Wagon/Coupe,Incl: Grand Safari/Safari/,,,1958-1981,Coupe/Hatchback/Wagon,Incl: Grand Safari/Safari,fallback,Pontiac Bonneville 1958 Coupe 原子事实对应多条候选记录
非皮卡,高度压缩两两组合,Pontiac,Bonneville/Bonneville,Bonneville,/,/,无可用尺码,1958-1981/1972-1976,Hatchback/Wagon/Sedan,Incl: Grand Safari/Safari/,,,1958-1981,Hatchback/Sedan/Wagon,Incl: Grand Safari/Safari,fallback,Pontiac Bonneville 1958 Sedan 原子事实对应多条候选记录
非皮卡,高度压缩两两组合,Pontiac,Bonneville/Bonneville,Bonneville,/,/,无可用尺码,1958-1981/1982-2005,Hatchback/Wagon/Sedan,Incl: Grand Safari/Safari/,,,1958-2005,Hatchback/Sedan/Wagon,Incl: Grand Safari/Safari,fallback,Pontiac Bonneville 1958 Sedan 原子事实对应多条候选记录
非皮卡,高度压缩两两组合,Pontiac,Bonneville/Bonneville,Bonneville,/,/,无可用尺码,1970/1972-1976,Convertible/Coupe/Sedan/Coupe,/,,,1970-1976,Convertible/Coupe/Sedan,,fallback,Pontiac Bonneville 1971 Convertible 原子事实对应多条候选记录
非皮卡,高度压缩两两组合,Pontiac,Bonneville/Bonneville,Bonneville,/,/,无可用尺码,1970/1972-1976,Convertible/Coupe/Sedan/Sedan,/,,,1970-1976,Convertible/Coupe/Sedan,,fallback,Pontiac Bonneville 1971 Convertible 原子事实对应多条候选记录
非皮卡,高度压缩两两组合,Pontiac,Bonneville/Bonneville,Bonneville,/,/,无可用尺码,1970/1982-2005,Convertible/Coupe/Sedan/Sedan,/,,,1970-2005,Convertible/Coupe/Sedan,,fallback,Pontiac Bonneville 1971 Convertible 原子事实对应多条候选记录
非皮卡,高度压缩两两组合,Pontiac,Bonneville/Bonneville,Bonneville,/,/,4XL,1971/1971,Coupe/Sedan,/,,,1971,Coupe/Sedan,,success,
非皮卡,高度压缩两两组合,Pontiac,Bonneville/Bonneville,Bonneville,/,/,4XL,1957-1969/1971,Convertible/Coupe/Sedan/Coupe/Sedan,/,,,1957-1971,Convertible/Coupe/Sedan,,fallback,Pontiac Bonneville 1970 Convertible 原子事实对应多条候选记录
非皮卡,高度压缩两两组合,Pontiac,Bonneville/Bonneville,Bonneville,/,/,4XL,1957-1969/1971-1976,Convertible/Coupe/Sedan/Convertible,/,,,1957-1976,Convertible/Coupe/Sedan,,fallback,Pontiac Bonneville 1970 Convertible 原子事实对应多条候选记录
非皮卡,高度压缩两两组合,Pontiac,Bonneville/Bonneville,Bonneville,/,/,4XL,1957-1969/1977-1981,Convertible/Coupe/Sedan/Coupe,/,,,1957-1981,Convertible/Coupe/Sedan,,fallback,Pontiac Bonneville 1970 Convertible 原子事实对应多条候选记录
非皮卡,高度压缩两两组合,Pontiac,Bonneville/Bonneville,Bonneville,/,/,4XL,1957-1969/1977-1981,Convertible/Coupe/Sedan/Sedan,/,,,1957-1981,Convertible/Coupe/Sedan,,fallback,Pontiac Bonneville 1970 Convertible 原子事实对应多条候选记录
非皮卡,高度压缩两两组合,Pontiac,Bonneville/Bonneville,Bonneville,/,/,无可用尺码,1958-1981/1970,Hatchback/Wagon/Convertible/Coupe/Sedan,Incl: Grand Safari/Safari/,,,1958-1981,Convertible/Coupe/Hatchback/Sedan/Wagon,Incl: Grand Safari/Safari,fallback,Pontiac Bonneville 1958 Convertible 原子事实对应多条候选记录
非皮卡,高度压缩两两组合,Pontiac,Bonneville/Bonneville,Bonneville,/,/,无可用尺码,1958-1981/1972-1976,Hatchback/Wagon/Coupe,Incl: Grand Safari/Safari/,,,1958-1981,Coupe/Hatchback/Wagon,Incl: Grand Safari/Safari,fallback,Pontiac Bonneville 1958 Coupe 原子事实对应多条候选记录
非皮卡,高度压缩两两组合,Pontiac,Bonneville/Bonneville,Bonneville,/,/,无可用尺码,1958-1981/1972-1976,Hatchback/Wagon/Sedan,Incl: Grand Safari/Safari/,,,1958-1981,Hatchback/Sedan/Wagon,Incl: Grand Safari/Safari,fallback,Pontiac Bonneville 1958 Sedan 原子事实对应多条候选记录
非皮卡,高度压缩两两组合,Pontiac,Bonneville/Bonneville,Bonneville,/,/,无可用尺码,1958-1981/1982-2005,Hatchback/Wagon/Sedan,Incl: Grand Safari/Safari/,,,1958-2005,Hatchback/Sedan/Wagon,Incl: Grand Safari/Safari,fallback,Pontiac Bonneville 1958 Sedan 原子事实对应多条候选记录
非皮卡,高度压缩两两组合,Pontiac,Bonneville/Bonneville,Bonneville,/,/,无可用尺码,1970/1972-1976,Convertible/Coupe/Sedan/Coupe,/,,,1970-1976,Convertible/Coupe/Sedan,,fallback,Pontiac Bonneville 1971 Convertible 原子事实对应多条候选记录
非皮卡,高度压缩两两组合,Pontiac,Bonneville/Bonneville,Bonneville,/,/,无可用尺码,1970/1972-1976,Convertible/Coupe/Sedan/Sedan,/,,,1970-1976,Convertible/Coupe/Sedan,,fallback,Pontiac Bonneville 1971 Convertible 原子事实对应多条候选记录
非皮卡,高度压缩两两组合,Pontiac,Bonneville/Bonneville,Bonneville,/,/,无可用尺码,1970/1982-2005,Convertible/Coupe/Sedan/Sedan,/,,,1970-2005,Convertible/Coupe/Sedan,,fallback,Pontiac Bonneville 1971 Convertible 原子事实对应多条候选记录
非皮卡,高度压缩两两组合,Pontiac,Bonneville/Bonneville,Bonneville,/,/,4XL,1971/1971-1976,Coupe/Sedan/Convertible,/,,,1971-1976,Convertible/Coupe/Sedan,,fallback,Pontiac Bonneville 1972 Coupe 原子事实对应多条候选记录
非皮卡,高度压缩两两组合,Pontiac,Bonneville/Bonneville,Bonneville,/,/,4XL,1971/1977-1981,Coupe/Sedan/Coupe,/,,,1971-1981,Coupe/Sedan,,fallback,Pontiac Bonneville 1972 Coupe 原子事实对应多条候选记录
非皮卡,高度压缩两两组合,Pontiac,Bonneville/Bonneville,Bonneville,/,/,4XL,1971/1977-1981,Coupe/Sedan/Sedan,/,,,1971-1981,Coupe/Sedan,,fallback,Pontiac Bonneville 1972 Coupe 原子事实对应多条候选记录
非皮卡,高度压缩两两组合,Pontiac,Bonneville/Bonneville,Bonneville,/,/,4XL,1971-1976/1977-1981,Convertible/Coupe,/,,,1971-1981,Convertible/Coupe,,fallback,Pontiac Bonneville 1971 Coupe 原子事实对应多条候选记录
非皮卡,高度压缩两两组合,Pontiac,Bonneville/Bonneville,Bonneville,/,/,4XL,1971-1976/1977-1981,Convertible/Sedan,/,,,1971-1981,Convertible/Sedan,,fallback,Pontiac Bonneville 1971 Sedan 原子事实对应多条候选记录
非皮卡,高度压缩两两组合,Pontiac,Bonneville/Bonneville,Bonneville,/,/,无可用尺码,1972-1976/1972-1976,Coupe/Sedan,/,,,1972-1976,Coupe/Sedan,,success,
非皮卡,高度压缩两两组合,Pontiac,Bonneville/Bonneville,Bonneville,/,/,4XL,1957-1969/1971,Convertible/Coupe/Sedan/Coupe/Sedan,/,,,1957-1971,Convertible/Coupe/Sedan,,fallback,Pontiac Bonneville 1970 Convertible 原子事实对应多条候选记录
非皮卡,高度压缩两两组合,Pontiac,Bonneville/Bonneville,Bonneville,/,/,4XL,1957-1969/1971-1976,Convertible/Coupe/Sedan/Convertible,/,,,1957-1976,Convertible/Coupe/Sedan,,fallback,Pontiac Bonneville 1970 Convertible 原子事实对应多条候选记录
非皮卡,高度压缩两两组合,Pontiac,Bonneville/Bonneville,Bonneville,/,/,4XL,1957-1969/1977-1981,Convertible/Coupe/Sedan/Coupe,/,,,1957-1981,Convertible/Coupe/Sedan,,fallback,Pontiac Bonneville 1970 Convertible 原子事实对应多条候选记录
非皮卡,高度压缩两两组合,Pontiac,Bonneville/Bonneville,Bonneville,/,/,4XL,1957-1969/1977-1981,Convertible/Coupe/Sedan/Sedan,/,,,1957-1981,Convertible/Coupe/Sedan,,fallback,Pontiac Bonneville 1970 Convertible 原子事实对应多条候选记录
非皮卡,高度压缩两两组合,Pontiac,Bonneville/Bonneville,Bonneville,/,/,无可用尺码,1958-1981/1970,Hatchback/Wagon/Convertible/Coupe/Sedan,Incl: Grand Safari/Safari/,,,1958-1981,Convertible/Coupe/Hatchback/Sedan/Wagon,Incl: Grand Safari/Safari,fallback,Pontiac Bonneville 1958 Convertible 原子事实对应多条候选记录
非皮卡,高度压缩两两组合,Pontiac,Bonneville/Bonneville,Bonneville,/,/,无可用尺码,1958-1981/1972-1976,Hatchback/Wagon/Coupe/Sedan,Incl: Grand Safari/Safari/,,,1958-1981,Coupe/Hatchback/Sedan/Wagon,Incl: Grand Safari/Safari,fallback,Pontiac Bonneville 1958 Coupe 原子事实对应多条候选记录
非皮卡,高度压缩两两组合,Pontiac,Bonneville/Bonneville,Bonneville,/,/,无可用尺码,1958-1981/1982-2005,Hatchback/Wagon/Sedan,Incl: Grand Safari/Safari/,,,1958-2005,Hatchback/Sedan/Wagon,Incl: Grand Safari/Safari,fallback,Pontiac Bonneville 1958 Sedan 原子事实对应多条候选记录
非皮卡,高度压缩两两组合,Pontiac,Bonneville/Bonneville,Bonneville,/,/,无可用尺码,1970/1972-1976,Convertible/Coupe/Sedan/Coupe/Sedan,/,,,1970-1976,Convertible/Coupe/Sedan,,fallback,Pontiac Bonneville 1971 Convertible 原子事实对应多条候选记录
非皮卡,高度压缩两两组合,Pontiac,Bonneville/Bonneville,Bonneville,/,/,无可用尺码,1970/1982-2005,Convertible/Coupe/Sedan/Sedan,/,,,1970-2005,Convertible/Coupe/Sedan,,fallback,Pontiac Bonneville 1971 Convertible 原子事实对应多条候选记录
非皮卡,高度压缩两两组合,Pontiac,Bonneville/Bonneville,Bonneville,/,/,4XL,1971/1971-1976,Coupe/Sedan/Convertible,/,,,1971-1976,Convertible/Coupe/Sedan,,fallback,Pontiac Bonneville 1972 Coupe 原子事实对应多条候选记录
非皮卡,高度压缩两两组合,Pontiac,Bonneville/Bonneville,Bonneville,/,/,4XL,1971/1977-1981,Coupe/Sedan/Coupe,/,,,1971-1981,Coupe/Sedan,,fallback,Pontiac Bonneville 1972 Coupe 原子事实对应多条候选记录
非皮卡,高度压缩两两组合,Pontiac,Bonneville/Bonneville,Bonneville,/,/,4XL,1971/1977-1981,Coupe/Sedan/Sedan,/,,,1971-1981,Coupe/Sedan,,fallback,Pontiac Bonneville 1972 Coupe 原子事实对应多条候选记录
非皮卡,高度压缩两两组合,Pontiac,Bonneville/Bonneville,Bonneville,/,/,4XL,1971-1976/1977-1981,Convertible/Coupe,/,,,1971-1981,Convertible/Coupe,,fallback,Pontiac Bonneville 1971 Coupe 原子事实对应多条候选记录
非皮卡,高度压缩两两组合,Pontiac,Bonneville/Bonneville,Bonneville,/,/,4XL,1971-1976/1977-1981,Convertible/Sedan,/,,,1971-1981,Convertible/Sedan,,fallback,Pontiac Bonneville 1971 Sedan 原子事实对应多条候选记录
非皮卡,高度压缩两两组合,Pontiac,Bonneville/Bonneville,Bonneville,/,/,无可用尺码,1972-1976/1982-2005,Coupe/Sedan/Sedan,/,,,1972-2005,Coupe/Sedan,,fallback,Pontiac Bonneville 1977 Coupe 原子事实对应多条候选记录
非皮卡,高度压缩两两组合,Pontiac,Bonneville/Bonneville,Bonneville,/,/,4XL,1977-1981/1977-1981,Coupe/Sedan,/,,,1977-1981,Coupe/Sedan,,success,
非皮卡,高度压缩两两组合,Pontiac,Bonneville/Bonneville,Bonneville,/,/,4XL,1957-1969/1971,Convertible/Coupe/Sedan/Coupe/Sedan,/,,,1957-1971,Convertible/Coupe/Sedan,,fallback,Pontiac Bonneville 1970 Convertible 原子事实对应多条候选记录
非皮卡,高度压缩两两组合,Pontiac,Bonneville/Bonneville,Bonneville,/,/,4XL,1957-1969/1971-1976,Convertible/Coupe/Sedan/Convertible,/,,,1957-1976,Convertible/Coupe/Sedan,,fallback,Pontiac Bonneville 1970 Convertible 原子事实对应多条候选记录
非皮卡,高度压缩两两组合,Pontiac,Bonneville/Bonneville,Bonneville,/,/,4XL,1957-1969/1977-1981,Convertible/Coupe/Sedan/Coupe/Sedan,/,,,1957-1981,Convertible/Coupe/Sedan,,fallback,Pontiac Bonneville 1970 Convertible 原子事实对应多条候选记录
非皮卡,高度压缩两两组合,Pontiac,Bonneville/Bonneville,Bonneville,/,/,无可用尺码,1958-1981/1970,Hatchback/Wagon/Convertible/Coupe/Sedan,Incl: Grand Safari/Safari/,,,1958-1981,Convertible/Coupe/Hatchback/Sedan/Wagon,Incl: Grand Safari/Safari,fallback,Pontiac Bonneville 1958 Convertible 原子事实对应多条候选记录
非皮卡,高度压缩两两组合,Pontiac,Bonneville/Bonneville,Bonneville,/,/,无可用尺码,1958-1981/1972-1976,Hatchback/Wagon/Coupe/Sedan,Incl: Grand Safari/Safari/,,,1958-1981,Coupe/Hatchback/Sedan/Wagon,Incl: Grand Safari/Safari,fallback,Pontiac Bonneville 1958 Coupe 原子事实对应多条候选记录
非皮卡,高度压缩两两组合,Pontiac,Bonneville/Bonneville,Bonneville,/,/,无可用尺码,1958-1981/1982-2005,Hatchback/Wagon/Sedan,Incl: Grand Safari/Safari/,,,1958-2005,Hatchback/Sedan/Wagon,Incl: Grand Safari/Safari,fallback,Pontiac Bonneville 1958 Sedan 原子事实对应多条候选记录
非皮卡,高度压缩两两组合,Pontiac,Bonneville/Bonneville,Bonneville,/,/,无可用尺码,1970/1972-1976,Convertible/Coupe/Sedan/Coupe/Sedan,/,,,1970-1976,Convertible/Coupe/Sedan,,fallback,Pontiac Bonneville 1971 Convertible 原子事实对应多条候选记录
非皮卡,高度压缩两两组合,Pontiac,Bonneville/Bonneville,Bonneville,/,/,无可用尺码,1970/1982-2005,Convertible/Coupe/Sedan/Sedan,/,,,1970-2005,Convertible/Coupe/Sedan,,fallback,Pontiac Bonneville 1971 Convertible 原子事实对应多条候选记录
非皮卡,高度压缩两两组合,Pontiac,Bonneville/Bonneville,Bonneville,/,/,4XL,1971/1971-1976,Coupe/Sedan/Convertible,/,,,1971-1976,Convertible/Coupe/Sedan,,fallback,Pontiac Bonneville 1972 Coupe 原子事实对应多条候选记录
非皮卡,高度压缩两两组合,Pontiac,Bonneville/Bonneville,Bonneville,/,/,4XL,1971/1977-1981,Coupe/Sedan/Coupe/Sedan,/,,,1971-1981,Coupe/Sedan,,fallback,Pontiac Bonneville 1972 Coupe 原子事实对应多条候选记录
非皮卡,高度压缩两两组合,Pontiac,Bonneville/Bonneville,Bonneville,/,/,4XL,1971-1976/1977-1981,Convertible/Coupe/Sedan,/,,,1971-1981,Convertible/Coupe/Sedan,,fallback,Pontiac Bonneville 1971 Coupe 原子事实对应多条候选记录
非皮卡,高度压缩两两组合,Pontiac,Bonneville/Bonneville,Bonneville,/,/,无可用尺码,1972-1976/1982-2005,Coupe/Sedan/Sedan,/,,,1972-2005,Coupe/Sedan,,fallback,Pontiac Bonneville 1977 Coupe 原子事实对应多条候选记录
非皮卡,高度压缩两两组合,Pontiac,Firebird/Firebird,Firebird,/,/,无可用尺码,1967-1969/1968-1969,Coupe/Convertible,/,,,1967-1969,Convertible/Coupe,,success,
非皮卡,高度压缩两两组合,Pontiac,Firebird/Firebird,Firebird,/,/,无可用尺码,1967-1969/1970-2002,Convertible/Coupe/Coupe,/Trans Am,,,1967-2002,Convertible/Coupe,Incl: Trans Am,fallback,Pontiac Firebird 1994 Convertible 原子事实对应多条候选记录
非皮卡,高度压缩两两组合,Pontiac,Firebird/Firebird,Firebird,/,/,无可用尺码,1967-1969/1994-2002,Convertible/Coupe/Convertible,/Trans Am,,,1967-2002,Convertible/Coupe,Incl: Trans Am,fallback,Pontiac Firebird 1970 Coupe 原子事实对应多条候选记录
非皮卡,高度压缩两两组合,Pontiac,Firebird/Firebird,Firebird,/,/,无可用尺码,1970-2002/1994-2002,Coupe/Convertible,Trans Am/Trans Am,,,1970-2002,Convertible/Coupe,Trans Am,success,
非皮卡,高度压缩两两组合,Pontiac,Firebird/Firebird,Firebird,/,/,无可用尺码,1967-1969/1970-2002,Convertible/Coupe/Convertible/Coupe,/Trans Am,,,1967-2002,Convertible/Coupe,Incl: Trans Am,success,
非皮卡,高度压缩两两组合,Pontiac,G6/G6,G6,/,/,无可用尺码,2005-2010/2006-2009,Sedan/Convertible,/,,,2005-2010,Convertible/Sedan,,success,
非皮卡,高度压缩两两组合,Pontiac,GTO/GTO,GTO,/,/,4XL,1964-1967/1964-1967,Convertible/Coupe,/,,,1964-1967,Convertible/Coupe,,success,
非皮卡,高度压缩两两组合,Pontiac,GTO/GTO,GTO,/,/,4XL,1964-1967/1970-1972,Convertible/Coupe/Coupe,/,,,1964-1972,Convertible/Coupe,,fallback,Pontiac GTO 1968 Coupe 原子事实对应多条候选记录
非皮卡,高度压缩两两组合,Pontiac,GTO/GTO,GTO,/,/,无可用尺码,1968-1969/1974,Coupe/Coupe,/,,,1968-1974,Coupe,,fallback,Pontiac GTO 1970 Coupe 原子事实对应多条候选记录
非皮卡,高度压缩两两组合,Pontiac,GTO/GTO,GTO,/,/,无可用尺码,1968-1969/2004-2006,Coupe/Coupe,/,,,1968-2006,Coupe,,fallback,Pontiac GTO 1970 Coupe 原子事实对应多条候选记录
非皮卡,高度压缩两两组合,Pontiac,GTO/GTO,GTO,/,/,无可用尺码,1974/2004-2006,Coupe/Coupe,/,,,1974-2006,Coupe,,success,
非皮卡,高度压缩两两组合,Pontiac,GTO/GTO,GTO,/,/,4XL,1964-1967/1970-1972,Convertible/Coupe/Coupe,/,,,1964-1972,Convertible/Coupe,,fallback,Pontiac GTO 1968 Coupe 原子事实对应多条候选记录
非皮卡,高度压缩两两组合,Pontiac,GTO/GTO,GTO,/,/,无可用尺码,1968-1969/1974-2006,Coupe/Coupe,/,,,1968-2006,Coupe,,fallback,Pontiac GTO 1970 Coupe 原子事实对应多条候选记录
非皮卡,高度压缩两两组合,Pontiac,Grand Am/Grand Am,Grand Am,/,/,无可用尺码,1992-2005/1992-2005,Coupe/Sedan,/,,,1992-2005,Coupe/Sedan,,success,
非皮卡,高度压缩两两组合,Pontiac,Grand Prix/Grand Prix,Grand Prix,/,/,4XL,1963-1972/1974-1977,Coupe/Coupe,/,,,1963-1977,Coupe,,success,
非皮卡,高度压缩两两组合,Pontiac,Grand Prix/Grand Prix,Grand Prix,/,/,4XL,1963-1977/1997-2008,Coupe/Sedan,/,,,1963-2008,Coupe/Sedan,,fallback,Pontiac Grand Prix 1978 Coupe 原子事实对应多条候选记录
非皮卡,高度压缩两两组合,Pontiac,LeMans/LeMans,LeMans,/,/,无可用尺码,1961-1962/1962,Coupe/Convertible,Tempest LeMans/Tempest LeMans,,,1961-1962,Convertible/Coupe,Tempest LeMans,success,
非皮卡,高度压缩两两组合,Pontiac,LeMans/LeMans,LeMans,/,/,无可用尺码,1961-1962/1962,Convertible/Coupe/Coupe,Tempest LeMans/Tempest/LeMans,,,1961-1962,Convertible/Coupe,LeMans/Tempest/Tempest LeMans,success,
非皮卡,高度压缩两两组合,Pontiac,LeMans/LeMans,LeMans,/,/,无可用尺码,1961-1962/1963,Convertible/Coupe/Convertible,LeMans/Tempest/Tempest LeMans/,,,1961-1963,Convertible/Coupe,Incl: LeMans/Tempest/Tempest LeMans,fallback,Pontiac LeMans 1963 Convertible 原子事实对应多条候选记录
非皮卡,高度压缩两两组合,Pontiac,LeMans/LeMans,LeMans,/,/,无可用尺码,1961-1962/1963,Convertible/Coupe/Convertible,LeMans/Tempest/Tempest LeMans/Tempest/LeMans,,,1961-1963,Convertible/Coupe,LeMans/Tempest/Tempest LeMans,success,
非皮卡,高度压缩两两组合,Pontiac,LeMans/LeMans,LeMans,/,/,无可用尺码,1961-1963/1963,Convertible/Coupe/Convertible,LeMans/Tempest/Tempest LeMans/,,,1961-1963,Convertible/Coupe,Incl: LeMans/Tempest/Tempest LeMans,fallback,Pontiac LeMans 1963 Coupe 原子事实对应多条候选记录
非皮卡,高度压缩两两组合,Pontiac,LeMans/LeMans,LeMans,/,/,无可用尺码,1961-1963/1963,Convertible/Coupe/Coupe,LeMans/Tempest/Tempest LeMans/,,,1961-1963,Convertible/Coupe,Incl: LeMans/Tempest/Tempest LeMans,fallback,Pontiac LeMans 1963 Convertible 原子事实对应多条候选记录
非皮卡,高度压缩两两组合,Pontiac,LeMans/LeMans,LeMans,/,/,无可用尺码,1961-1963/1963,Convertible/Coupe/Wagon,LeMans/Tempest/Tempest LeMans/Tempest/LeMans,,,1961-1963,Convertible/Coupe/Wagon,LeMans/Tempest/Tempest LeMans,fallback,Pontiac LeMans 1963 Wagon 原子事实对应多条候选记录
非皮卡,高度压缩两两组合,Pontiac,LeMans/LeMans,LeMans,/,/,无可用尺码,1961-1963/1963,Convertible/Coupe/Wagon,LeMans/Tempest/Tempest LeMans/Tempest/Safari,,,1961-1963,Convertible/Coupe/Wagon,LeMans/Safari/Tempest/Tempest LeMans,fallback,Pontiac LeMans 1963 Wagon 原子事实对应多条候选记录
非皮卡,高度压缩两两组合,Pontiac,LeMans/LeMans,LeMans,/,/,无可用尺码,1961-1963/1964-1965,Convertible/Coupe/Wagon,LeMans/Tempest/Tempest LeMans/,,,1961-1965,Convertible/Coupe/Wagon,Incl: LeMans/Tempest/Tempest LeMans,fallback,Pontiac LeMans 1963 Convertible 原子事实对应多条候选记录
非皮卡,高度压缩两两组合,Pontiac,LeMans/LeMans,LeMans,/,/,无可用尺码,1961-1963/1966,Convertible/Coupe/Hatchback,LeMans/Tempest/Tempest LeMans/,,,1961-1966,Convertible/Coupe/Hatchback,Incl: LeMans/Tempest/Tempest LeMans,fallback,Pontiac LeMans 1963 Convertible 原子事实对应多条候选记录
非皮卡,高度压缩两两组合,Pontiac,LeMans/LeMans,LeMans,/,/,无可用尺码,1961-1963/1967-1970,Convertible/Coupe/Wagon,LeMans/Tempest/Tempest LeMans/,,,1961-1970,Convertible/Coupe/Wagon,Incl: LeMans/Tempest/Tempest LeMans,fallback,Pontiac LeMans 1963 Convertible 原子事实对应多条候选记录
非皮卡,高度压缩两两组合,Pontiac,LeMans/LeMans,LeMans,/,/,无可用尺码,1961-1963/1968,Convertible/Coupe/Coupe,LeMans/Tempest/Tempest LeMans/,,,1961-1968,Convertible/Coupe,Incl: LeMans/Tempest/Tempest LeMans,fallback,Pontiac LeMans 1963 Convertible 原子事实对应多条候选记录
非皮卡,高度压缩两两组合,Pontiac,LeMans/LeMans,LeMans,/,/,无可用尺码,1961-1963/1968-1969,Convertible/Coupe/Convertible,LeMans/Tempest/Tempest LeMans/,,,1961-1969,Convertible/Coupe,Incl: LeMans/Tempest/Tempest LeMans,fallback,Pontiac LeMans 1963 Convertible 原子事实对应多条候选记录
非皮卡,高度压缩两两组合,Pontiac,LeMans/LeMans,LeMans,/,/,无可用尺码,1961-1963/1968-1969,Convertible/Coupe/Hatchback,LeMans/Tempest/Tempest LeMans/,,,1961-1969,Convertible/Coupe/Hatchback,Incl: LeMans/Tempest/Tempest LeMans,fallback,Pontiac LeMans 1963 Convertible 原子事实对应多条候选记录
非皮卡,高度压缩两两组合,Pontiac,LeMans/LeMans,LeMans,/,/,无可用尺码,1961-1963/1970,Convertible/Coupe/Coupe,LeMans/Tempest/Tempest LeMans/,,,1961-1970,Convertible/Coupe,Incl: LeMans/Tempest/Tempest LeMans,fallback,Pontiac LeMans 1963 Convertible 原子事实对应多条候选记录
非皮卡,高度压缩两两组合,Pontiac,LeMans/LeMans,LeMans,/,/,无可用尺码,1961-1963/1973-1976,Convertible/Coupe/Wagon,LeMans/Tempest/Tempest LeMans/,,,1961-1976,Convertible/Coupe/Wagon,Incl: LeMans/Tempest/Tempest LeMans,fallback,Pontiac LeMans 1963 Convertible 原子事实对应多条候选记录
非皮卡,高度压缩两两组合,Pontiac,LeMans/LeMans,LeMans,/,/,无可用尺码,1961-1963/1977-1980,Convertible/Coupe/Hatchback,LeMans/Tempest/Tempest LeMans/,,,1961-1980,Convertible/Coupe/Hatchback,Incl: LeMans/Tempest/Tempest LeMans,fallback,Pontiac LeMans 1963 Convertible 原子事实对应多条候选记录
非皮卡,高度压缩两两组合,Pontiac,LeMans/LeMans,LeMans,/,/,无可用尺码,1961-1963/1978-1979,Convertible/Coupe/Coupe,LeMans/Tempest/Tempest LeMans/,,,1961-1979,Convertible/Coupe,Incl: LeMans/Tempest/Tempest LeMans,fallback,Pontiac LeMans 1963 Convertible 原子事实对应多条候选记录
非皮卡,高度压缩两两组合,Pontiac,LeMans/LeMans,LeMans,/,/,无可用尺码,1961-1963/1978-1980,Convertible/Coupe/Sedan,LeMans/Tempest/Tempest LeMans/,,,1961-1980,Convertible/Coupe/Sedan,Incl: LeMans/Tempest/Tempest LeMans,fallback,Pontiac LeMans 1963 Convertible 原子事实对应多条候选记录
非皮卡,高度压缩两两组合,Pontiac,LeMans/LeMans,LeMans,/,/,无可用尺码,1961-1963/1979-1980,Convertible/Coupe/Wagon,LeMans/Tempest/Tempest LeMans/,,,1961-1980,Convertible/Coupe/Wagon,Incl: LeMans/Tempest/Tempest LeMans,fallback,Pontiac LeMans 1963 Convertible 原子事实对应多条候选记录
非皮卡,高度压缩两两组合,Pontiac,LeMans/LeMans,LeMans,/,/,无可用尺码,1961-1963/1981,Convertible/Coupe/Coupe,LeMans/Tempest/Tempest LeMans/,,,1961-1981,Convertible/Coupe,Incl: LeMans/Tempest/Tempest LeMans,fallback,Pontiac LeMans 1963 Convertible 原子事实对应多条候选记录
非皮卡,高度压缩两两组合,Pontiac,LeMans/LeMans,LeMans,/,/,无可用尺码,1961-1963/1988-1993,Convertible/Coupe/Hatchback,LeMans/Tempest/Tempest LeMans/,,,1961-1993,Convertible/Coupe/Hatchback,Incl: LeMans/Tempest/Tempest LeMans,fallback,Pontiac LeMans 1963 Convertible 原子事实对应多条候选记录
非皮卡,高度压缩两两组合,Pontiac,LeMans/LeMans,LeMans,/,/,无可用尺码,1961-1963/1988-1993,Convertible/Coupe/Sedan,LeMans/Tempest/Tempest LeMans/,,,1961-1993,Convertible/Coupe/Sedan,Incl: LeMans/Tempest/Tempest LeMans,fallback,Pontiac LeMans 1963 Convertible 原子事实对应多条候选记录
非皮卡,高度压缩两两组合,Pontiac,LeMans/LeMans,LeMans,/,/,无可用尺码,1961-1963/1993,Convertible/Coupe/Coupe,LeMans/Tempest/Tempest LeMans/,,,1961-1993,Convertible/Coupe,Incl: LeMans/Tempest/Tempest LeMans,fallback,Pontiac LeMans 1963 Convertible 原子事实对应多条候选记录
非皮卡,高度压缩两两组合,Pontiac,LeMans/LeMans,LeMans,/,/,无可用尺码,1963/1963,Convertible/Coupe,/,,,1963,Convertible/Coupe,,success,
非皮卡,高度压缩两两组合,Pontiac,LeMans/LeMans,LeMans,/,/,无可用尺码,1961-1963/1963,Convertible/Coupe/Convertible/Coupe,LeMans/Tempest/Tempest LeMans/,,,1961-1963,Convertible/Coupe,Incl: LeMans/Tempest/Tempest LeMans,success,
非皮卡,高度压缩两两组合,Pontiac,LeMans/LeMans,LeMans,/,/,无可用尺码,1961-1963/1963,Convertible/Coupe/Wagon,Incl: LeMans/Tempest/Tempest LeMans/Tempest/LeMans,,,1961-1963,Convertible/Coupe/Wagon,Incl: LeMans/Tempest/Tempest LeMans,fallback,Pontiac LeMans 1963 Wagon 原子事实对应多条候选记录
非皮卡,高度压缩两两组合,Pontiac,LeMans/LeMans,LeMans,/,/,无可用尺码,1961-1963/1963,Convertible/Coupe/Wagon,Incl: LeMans/Tempest/Tempest LeMans/Tempest/Safari,,,1961-1963,Convertible/Coupe/Wagon,Incl: LeMans/Safari/Tempest/Tempest LeMans,fallback,Pontiac LeMans 1963 Wagon 原子事实对应多条候选记录
非皮卡,高度压缩两两组合,Pontiac,LeMans/LeMans,LeMans,/,/,无可用尺码,1961-1963/1964-1965,Convertible/Coupe/Wagon,Incl: LeMans/Tempest/Tempest LeMans/,,,1961-1965,Convertible/Coupe/Wagon,Incl: LeMans/Tempest/Tempest LeMans,fallback,Pontiac LeMans 1963 Wagon 原子事实对应多条候选记录
非皮卡,高度压缩两两组合,Pontiac,LeMans/LeMans,LeMans,/,/,无可用尺码,1961-1963/1966,Convertible/Coupe/Hatchback,Incl: LeMans/Tempest/Tempest LeMans/,,,1961-1966,Convertible/Coupe/Hatchback,Incl: LeMans/Tempest/Tempest LeMans,fallback,Pontiac LeMans 1964 Convertible 原子事实对应多条候选记录
非皮卡,高度压缩两两组合,Pontiac,LeMans/LeMans,LeMans,/,/,无可用尺码,1961-1963/1967-1970,Convertible/Coupe/Wagon,Incl: LeMans/Tempest/Tempest LeMans/,,,1961-1970,Convertible/Coupe/Wagon,Incl: LeMans/Tempest/Tempest LeMans,fallback,Pontiac LeMans 1963 Wagon 原子事实对应多条候选记录
非皮卡,高度压缩两两组合,Pontiac,LeMans/LeMans,LeMans,/,/,无可用尺码,1961-1963/1968,Convertible/Coupe/Coupe,Incl: LeMans/Tempest/Tempest LeMans/,,,1961-1968,Convertible/Coupe,Incl: LeMans/Tempest/Tempest LeMans,fallback,Pontiac LeMans 1964 Convertible 原子事实对应多条候选记录
非皮卡,高度压缩两两组合,Pontiac,LeMans/LeMans,LeMans,/,/,无可用尺码,1961-1963/1968-1969,Convertible/Coupe/Convertible,Incl: LeMans/Tempest/Tempest LeMans/,,,1961-1969,Convertible/Coupe,Incl: LeMans/Tempest/Tempest LeMans,fallback,Pontiac LeMans 1964 Convertible 原子事实对应多条候选记录
非皮卡,高度压缩两两组合,Pontiac,LeMans/LeMans,LeMans,/,/,无可用尺码,1961-1963/1968-1969,Convertible/Coupe/Hatchback,Incl: LeMans/Tempest/Tempest LeMans/,,,1961-1969,Convertible/Coupe/Hatchback,Incl: LeMans/Tempest/Tempest LeMans,fallback,Pontiac LeMans 1964 Convertible 原子事实对应多条候选记录
非皮卡,高度压缩两两组合,Pontiac,LeMans/LeMans,LeMans,/,/,无可用尺码,1961-1963/1970,Convertible/Coupe/Coupe,Incl: LeMans/Tempest/Tempest LeMans/,,,1961-1970,Convertible/Coupe,Incl: LeMans/Tempest/Tempest LeMans,fallback,Pontiac LeMans 1964 Convertible 原子事实对应多条候选记录
非皮卡,高度压缩两两组合,Pontiac,LeMans/LeMans,LeMans,/,/,无可用尺码,1961-1963/1973-1976,Convertible/Coupe/Wagon,Incl: LeMans/Tempest/Tempest LeMans/,,,1961-1976,Convertible/Coupe/Wagon,Incl: LeMans/Tempest/Tempest LeMans,fallback,Pontiac LeMans 1963 Wagon 原子事实对应多条候选记录
非皮卡,高度压缩两两组合,Pontiac,LeMans/LeMans,LeMans,/,/,无可用尺码,1961-1963/1977-1980,Convertible/Coupe/Hatchback,Incl: LeMans/Tempest/Tempest LeMans/,,,1961-1980,Convertible/Coupe/Hatchback,Incl: LeMans/Tempest/Tempest LeMans,fallback,Pontiac LeMans 1964 Convertible 原子事实对应多条候选记录
非皮卡,高度压缩两两组合,Pontiac,LeMans/LeMans,LeMans,/,/,无可用尺码,1961-1963/1978-1979,Convertible/Coupe/Coupe,Incl: LeMans/Tempest/Tempest LeMans/,,,1961-1979,Convertible/Coupe,Incl: LeMans/Tempest/Tempest LeMans,fallback,Pontiac LeMans 1964 Convertible 原子事实对应多条候选记录
非皮卡,高度压缩两两组合,Pontiac,LeMans/LeMans,LeMans,/,/,无可用尺码,1961-1963/1978-1980,Convertible/Coupe/Sedan,Incl: LeMans/Tempest/Tempest LeMans/,,,1961-1980,Convertible/Coupe/Sedan,Incl: LeMans/Tempest/Tempest LeMans,fallback,Pontiac LeMans 1964 Convertible 原子事实对应多条候选记录
非皮卡,高度压缩两两组合,Pontiac,LeMans/LeMans,LeMans,/,/,无可用尺码,1961-1963/1979-1980,Convertible/Coupe/Wagon,Incl: LeMans/Tempest/Tempest LeMans/,,,1961-1980,Convertible/Coupe/Wagon,Incl: LeMans/Tempest/Tempest LeMans,fallback,Pontiac LeMans 1963 Wagon 原子事实对应多条候选记录
非皮卡,高度压缩两两组合,Pontiac,LeMans/LeMans,LeMans,/,/,无可用尺码,1961-1963/1981,Convertible/Coupe/Coupe,Incl: LeMans/Tempest/Tempest LeMans/,,,1961-1981,Convertible/Coupe,Incl: LeMans/Tempest/Tempest LeMans,fallback,Pontiac LeMans 1964 Convertible 原子事实对应多条候选记录
非皮卡,高度压缩两两组合,Pontiac,LeMans/LeMans,LeMans,/,/,无可用尺码,1961-1963/1988-1993,Convertible/Coupe/Hatchback,Incl: LeMans/Tempest/Tempest LeMans/,,,1961-1993,Convertible/Coupe/Hatchback,Incl: LeMans/Tempest/Tempest LeMans,fallback,Pontiac LeMans 1964 Convertible 原子事实对应多条候选记录
非皮卡,高度压缩两两组合,Pontiac,LeMans/LeMans,LeMans,/,/,无可用尺码,1961-1963/1988-1993,Convertible/Coupe/Sedan,Incl: LeMans/Tempest/Tempest LeMans/,,,1961-1993,Convertible/Coupe/Sedan,Incl: LeMans/Tempest/Tempest LeMans,fallback,Pontiac LeMans 1964 Convertible 原子事实对应多条候选记录
非皮卡,高度压缩两两组合,Pontiac,LeMans/LeMans,LeMans,/,/,无可用尺码,1961-1963/1993,Convertible/Coupe/Coupe,Incl: LeMans/Tempest/Tempest LeMans/,,,1961-1993,Convertible/Coupe,Incl: LeMans/Tempest/Tempest LeMans,fallback,Pontiac LeMans 1964 Convertible 原子事实对应多条候选记录
非皮卡,高度压缩两两组合,Pontiac,LeMans/LeMans,LeMans,/,/,无可用尺码,1963/1963,Wagon/Wagon,Tempest/LeMans/Tempest/Safari,,,1963,Wagon,LeMans/Safari/Tempest,success,
非皮卡,高度压缩两两组合,Pontiac,LeMans/LeMans,LeMans,/,/,无可用尺码,1961-1963/1963,Convertible/Coupe/Wagon,Incl: LeMans/Tempest/Tempest LeMans/LeMans/Safari/Tempest,,,1961-1963,Convertible/Coupe/Wagon,Incl: LeMans/Safari/Tempest/Tempest LeMans,success,
非皮卡,高度压缩两两组合,Pontiac,LeMans/LeMans,LeMans,/,/,无可用尺码,1961-1963/1964-1965,Convertible/Coupe/Wagon/Wagon,Incl: LeMans/Safari/Tempest/Tempest LeMans/,,,1961-1965,Convertible/Coupe/Wagon,Incl: LeMans/Safari/Tempest/Tempest LeMans,fallback,Pontiac LeMans 1964 Convertible 原子事实对应多条候选记录
非皮卡,高度压缩两两组合,Pontiac,LeMans/LeMans,LeMans,/,/,无可用尺码,1961-1963/1966,Convertible/Coupe/Wagon/Hatchback,Incl: LeMans/Safari/Tempest/Tempest LeMans/,,,1961-1966,Convertible/Coupe/Hatchback/Wagon,Incl: LeMans/Safari/Tempest/Tempest LeMans,fallback,Pontiac LeMans 1964 Convertible 原子事实对应多条候选记录
非皮卡,高度压缩两两组合,Pontiac,LeMans/LeMans,LeMans,/,/,无可用尺码,1961-1963/1967-1970,Convertible/Coupe/Wagon/Wagon,Incl: LeMans/Safari/Tempest/Tempest LeMans/,,,1961-1970,Convertible/Coupe/Wagon,Incl: LeMans/Safari/Tempest/Tempest LeMans,fallback,Pontiac LeMans 1964 Convertible 原子事实对应多条候选记录
非皮卡,高度压缩两两组合,Pontiac,LeMans/LeMans,LeMans,/,/,无可用尺码,1961-1963/1968,Convertible/Coupe/Wagon/Coupe,Incl: LeMans/Safari/Tempest/Tempest LeMans/,,,1961-1968,Convertible/Coupe/Wagon,Incl: LeMans/Safari/Tempest/Tempest LeMans,fallback,Pontiac LeMans 1964 Convertible 原子事实对应多条候选记录
非皮卡,高度压缩两两组合,Pontiac,LeMans/LeMans,LeMans,/,/,无可用尺码,1961-1963/1968-1969,Convertible/Coupe/Wagon/Convertible,Incl: LeMans/Safari/Tempest/Tempest LeMans/,,,1961-1969,Convertible/Coupe/Wagon,Incl: LeMans/Safari/Tempest/Tempest LeMans,fallback,Pontiac LeMans 1964 Convertible 原子事实对应多条候选记录
非皮卡,高度压缩两两组合,Pontiac,LeMans/LeMans,LeMans,/,/,无可用尺码,1961-1963/1968-1969,Convertible/Coupe/Wagon/Hatchback,Incl: LeMans/Safari/Tempest/Tempest LeMans/,,,1961-1969,Convertible/Coupe/Hatchback/Wagon,Incl: LeMans/Safari/Tempest/Tempest LeMans,fallback,Pontiac LeMans 1964 Convertible 原子事实对应多条候选记录
非皮卡,高度压缩两两组合,Pontiac,LeMans/LeMans,LeMans,/,/,无可用尺码,1961-1963/1970,Convertible/Coupe/Wagon/Coupe,Incl: LeMans/Safari/Tempest/Tempest LeMans/,,,1961-1970,Convertible/Coupe/Wagon,Incl: LeMans/Safari/Tempest/Tempest LeMans,fallback,Pontiac LeMans 1964 Convertible 原子事实对应多条候选记录
非皮卡,高度压缩两两组合,Pontiac,LeMans/LeMans,LeMans,/,/,无可用尺码,1961-1963/1973-1976,Convertible/Coupe/Wagon/Wagon,Incl: LeMans/Safari/Tempest/Tempest LeMans/,,,1961-1976,Convertible/Coupe/Wagon,Incl: LeMans/Safari/Tempest/Tempest LeMans,fallback,Pontiac LeMans 1964 Convertible 原子事实对应多条候选记录
非皮卡,高度压缩两两组合,Pontiac,LeMans/LeMans,LeMans,/,/,无可用尺码,1961-1963/1977-1980,Convertible/Coupe/Wagon/Hatchback,Incl: LeMans/Safari/Tempest/Tempest LeMans/,,,1961-1980,Convertible/Coupe/Hatchback/Wagon,Incl: LeMans/Safari/Tempest/Tempest LeMans,fallback,Pontiac LeMans 1964 Convertible 原子事实对应多条候选记录
非皮卡,高度压缩两两组合,Pontiac,LeMans/LeMans,LeMans,/,/,无可用尺码,1961-1963/1978-1979,Convertible/Coupe/Wagon/Coupe,Incl: LeMans/Safari/Tempest/Tempest LeMans/,,,1961-1979,Convertible/Coupe/Wagon,Incl: LeMans/Safari/Tempest/Tempest LeMans,fallback,Pontiac LeMans 1964 Convertible 原子事实对应多条候选记录
非皮卡,高度压缩两两组合,Pontiac,LeMans/LeMans,LeMans,/,/,无可用尺码,1961-1963/1978-1980,Convertible/Coupe/Wagon/Sedan,Incl: LeMans/Safari/Tempest/Tempest LeMans/,,,1961-1980,Convertible/Coupe/Sedan/Wagon,Incl: LeMans/Safari/Tempest/Tempest LeMans,fallback,Pontiac LeMans 1964 Convertible 原子事实对应多条候选记录
非皮卡,高度压缩两两组合,Pontiac,LeMans/LeMans,LeMans,/,/,无可用尺码,1961-1963/1979-1980,Convertible/Coupe/Wagon/Wagon,Incl: LeMans/Safari/Tempest/Tempest LeMans/,,,1961-1980,Convertible/Coupe/Wagon,Incl: LeMans/Safari/Tempest/Tempest LeMans,fallback,Pontiac LeMans 1964 Convertible 原子事实对应多条候选记录
非皮卡,高度压缩两两组合,Pontiac,LeMans/LeMans,LeMans,/,/,无可用尺码,1961-1963/1981,Convertible/Coupe/Wagon/Coupe,Incl: LeMans/Safari/Tempest/Tempest LeMans/,,,1961-1981,Convertible/Coupe/Wagon,Incl: LeMans/Safari/Tempest/Tempest LeMans,fallback,Pontiac LeMans 1964 Convertible 原子事实对应多条候选记录
非皮卡,高度压缩两两组合,Pontiac,LeMans/LeMans,LeMans,/,/,无可用尺码,1961-1963/1988-1993,Convertible/Coupe/Wagon/Hatchback,Incl: LeMans/Safari/Tempest/Tempest LeMans/,,,1961-1993,Convertible/Coupe/Hatchback/Wagon,Incl: LeMans/Safari/Tempest/Tempest LeMans,fallback,Pontiac LeMans 1964 Convertible 原子事实对应多条候选记录
非皮卡,高度压缩两两组合,Pontiac,LeMans/LeMans,LeMans,/,/,无可用尺码,1961-1963/1988-1993,Convertible/Coupe/Wagon/Sedan,Incl: LeMans/Safari/Tempest/Tempest LeMans/,,,1961-1993,Convertible/Coupe/Sedan/Wagon,Incl: LeMans/Safari/Tempest/Tempest LeMans,fallback,Pontiac LeMans 1964 Convertible 原子事实对应多条候选记录
非皮卡,高度压缩两两组合,Pontiac,LeMans/LeMans,LeMans,/,/,无可用尺码,1961-1963/1993,Convertible/Coupe/Wagon/Coupe,Incl: LeMans/Safari/Tempest/Tempest LeMans/,,,1961-1993,Convertible/Coupe/Wagon,Incl: LeMans/Safari/Tempest/Tempest LeMans,fallback,Pontiac LeMans 1964 Convertible 原子事实对应多条候选记录
非皮卡,高度压缩两两组合,Pontiac,LeMans/LeMans,LeMans,/,/,无可用尺码,1964-1965/1966,Wagon/Hatchback,/,,,1964-1966,Hatchback/Wagon,,success,
非皮卡,高度压缩两两组合,Pontiac,LeMans/LeMans,LeMans,/,/,无可用尺码,1961-1963/1964-1966,Convertible/Coupe/Wagon/Hatchback/Wagon,Incl: LeMans/Safari/Tempest/Tempest LeMans/,,,1961-1966,Convertible/Coupe/Hatchback/Wagon,Incl: LeMans/Safari/Tempest/Tempest LeMans,fallback,Pontiac LeMans 1964 Convertible 原子事实对应多条候选记录
非皮卡,高度压缩两两组合,Pontiac,LeMans/LeMans,LeMans,/,/,无可用尺码,1961-1963/1967-1970,Convertible/Coupe/Wagon/Wagon,Incl: LeMans/Safari/Tempest/Tempest LeMans/,,,1961-1970,Convertible/Coupe/Wagon,Incl: LeMans/Safari/Tempest/Tempest LeMans,fallback,Pontiac LeMans 1964 Convertible 原子事实对应多条候选记录
非皮卡,高度压缩两两组合,Pontiac,LeMans/LeMans,LeMans,/,/,无可用尺码,1961-1963/1968,Convertible/Coupe/Wagon/Coupe,Incl: LeMans/Safari/Tempest/Tempest LeMans/,,,1961-1968,Convertible/Coupe/Wagon,Incl: LeMans/Safari/Tempest/Tempest LeMans,fallback,Pontiac LeMans 1964 Convertible 原子事实对应多条候选记录
非皮卡,高度压缩两两组合,Pontiac,LeMans/LeMans,LeMans,/,/,无可用尺码,1961-1963/1968-1969,Convertible/Coupe/Wagon/Convertible,Incl: LeMans/Safari/Tempest/Tempest LeMans/,,,1961-1969,Convertible/Coupe/Wagon,Incl: LeMans/Safari/Tempest/Tempest LeMans,fallback,Pontiac LeMans 1964 Convertible 原子事实对应多条候选记录
非皮卡,高度压缩两两组合,Pontiac,LeMans/LeMans,LeMans,/,/,无可用尺码,1961-1963/1968-1969,Convertible/Coupe/Wagon/Hatchback,Incl: LeMans/Safari/Tempest/Tempest LeMans/,,,1961-1969,Convertible/Coupe/Hatchback/Wagon,Incl: LeMans/Safari/Tempest/Tempest LeMans,fallback,Pontiac LeMans 1964 Convertible 原子事实对应多条候选记录
非皮卡,高度压缩两两组合,Pontiac,LeMans/LeMans,LeMans,/,/,无可用尺码,1961-1963/1970,Convertible/Coupe/Wagon/Coupe,Incl: LeMans/Safari/Tempest/Tempest LeMans/,,,1961-1970,Convertible/Coupe/Wagon,Incl: LeMans/Safari/Tempest/Tempest LeMans,fallback,Pontiac LeMans 1964 Convertible 原子事实对应多条候选记录
非皮卡,高度压缩两两组合,Pontiac,LeMans/LeMans,LeMans,/,/,无可用尺码,1961-1963/1973-1976,Convertible/Coupe/Wagon/Wagon,Incl: LeMans/Safari/Tempest/Tempest LeMans/,,,1961-1976,Convertible/Coupe/Wagon,Incl: LeMans/Safari/Tempest/Tempest LeMans,fallback,Pontiac LeMans 1964 Convertible 原子事实对应多条候选记录
非皮卡,高度压缩两两组合,Pontiac,LeMans/LeMans,LeMans,/,/,无可用尺码,1961-1963/1977-1980,Convertible/Coupe/Wagon/Hatchback,Incl: LeMans/Safari/Tempest/Tempest LeMans/,,,1961-1980,Convertible/Coupe/Hatchback/Wagon,Incl: LeMans/Safari/Tempest/Tempest LeMans,fallback,Pontiac LeMans 1964 Convertible 原子事实对应多条候选记录
非皮卡,高度压缩两两组合,Pontiac,LeMans/LeMans,LeMans,/,/,无可用尺码,1961-1963/1978-1979,Convertible/Coupe/Wagon/Coupe,Incl: LeMans/Safari/Tempest/Tempest LeMans/,,,1961-1979,Convertible/Coupe/Wagon,Incl: LeMans/Safari/Tempest/Tempest LeMans,fallback,Pontiac LeMans 1964 Convertible 原子事实对应多条候选记录
非皮卡,高度压缩两两组合,Pontiac,LeMans/LeMans,LeMans,/,/,无可用尺码,1961-1963/1978-1980,Convertible/Coupe/Wagon/Sedan,Incl: LeMans/Safari/Tempest/Tempest LeMans/,,,1961-1980,Convertible/Coupe/Sedan/Wagon,Incl: LeMans/Safari/Tempest/Tempest LeMans,fallback,Pontiac LeMans 1964 Convertible 原子事实对应多条候选记录
非皮卡,高度压缩两两组合,Pontiac,LeMans/LeMans,LeMans,/,/,无可用尺码,1961-1963/1979-1980,Convertible/Coupe/Wagon/Wagon,Incl: LeMans/Safari/Tempest/Tempest LeMans/,,,1961-1980,Convertible/Coupe/Wagon,Incl: LeMans/Safari/Tempest/Tempest LeMans,fallback,Pontiac LeMans 1964 Convertible 原子事实对应多条候选记录
非皮卡,高度压缩两两组合,Pontiac,LeMans/LeMans,LeMans,/,/,无可用尺码,1961-1963/1981,Convertible/Coupe/Wagon/Coupe,Incl: LeMans/Safari/Tempest/Tempest LeMans/,,,1961-1981,Convertible/Coupe/Wagon,Incl: LeMans/Safari/Tempest/Tempest LeMans,fallback,Pontiac LeMans 1964 Convertible 原子事实对应多条候选记录
非皮卡,高度压缩两两组合,Pontiac,LeMans/LeMans,LeMans,/,/,无可用尺码,1961-1963/1988-1993,Convertible/Coupe/Wagon/Hatchback,Incl: LeMans/Safari/Tempest/Tempest LeMans/,,,1961-1993,Convertible/Coupe/Hatchback/Wagon,Incl: LeMans/Safari/Tempest/Tempest LeMans,fallback,Pontiac LeMans 1964 Convertible 原子事实对应多条候选记录
非皮卡,高度压缩两两组合,Pontiac,LeMans/LeMans,LeMans,/,/,无可用尺码,1961-1963/1988-1993,Convertible/Coupe/Wagon/Sedan,Incl: LeMans/Safari/Tempest/Tempest LeMans/,,,1961-1993,Convertible/Coupe/Sedan/Wagon,Incl: LeMans/Safari/Tempest/Tempest LeMans,fallback,Pontiac LeMans 1964 Convertible 原子事实对应多条候选记录
非皮卡,高度压缩两两组合,Pontiac,LeMans/LeMans,LeMans,/,/,无可用尺码,1961-1963/1993,Convertible/Coupe/Wagon/Coupe,Incl: LeMans/Safari/Tempest/Tempest LeMans/,,,1961-1993,Convertible/Coupe/Wagon,Incl: LeMans/Safari/Tempest/Tempest LeMans,fallback,Pontiac LeMans 1964 Convertible 原子事实对应多条候选记录
非皮卡,高度压缩两两组合,Pontiac,LeMans/LeMans,LeMans,/,/,无可用尺码,1964-1966/1967-1970,Hatchback/Wagon/Wagon,/,,,1964-1970,Hatchback/Wagon,,fallback,Pontiac LeMans 1968 Hatchback 原子事实对应多条候选记录
非皮卡,高度压缩两两组合,Pontiac,LeMans/LeMans,LeMans,/,/,无可用尺码,1964-1966/1968,Hatchback/Wagon/Coupe,/,,,1964-1968,Coupe/Hatchback/Wagon,,fallback,Pontiac LeMans 1964 Coupe 原子事实对应多条候选记录
非皮卡,高度压缩两两组合,Pontiac,LeMans/LeMans,LeMans,/,/,无可用尺码,1964-1966/1968-1969,Hatchback/Wagon/Convertible,/,,,1964-1969,Convertible/Hatchback/Wagon,,fallback,Pontiac LeMans 1964 Convertible 原子事实对应多条候选记录
非皮卡,高度压缩两两组合,Pontiac,LeMans/LeMans,LeMans,/,/,无可用尺码,1964-1966/1968-1969,Hatchback/Wagon/Hatchback,/,,,1964-1969,Hatchback/Wagon,,fallback,Pontiac LeMans 1967 Wagon 原子事实对应多条候选记录
非皮卡,高度压缩两两组合,Pontiac,LeMans/LeMans,LeMans,/,/,无可用尺码,1964-1966/1970,Hatchback/Wagon/Coupe,/,,,1964-1970,Coupe/Hatchback/Wagon,,fallback,Pontiac LeMans 1964 Coupe 原子事实对应多条候选记录
非皮卡,高度压缩两两组合,Pontiac,LeMans/LeMans,LeMans,/,/,无可用尺码,1964-1966/1973-1976,Hatchback/Wagon/Wagon,/,,,1964-1976,Hatchback/Wagon,,fallback,Pontiac LeMans 1967 Wagon 原子事实对应多条候选记录
非皮卡,高度压缩两两组合,Pontiac,LeMans/LeMans,LeMans,/,/,无可用尺码,1964-1966/1977-1980,Hatchback/Wagon/Hatchback,/,,,1964-1980,Hatchback/Wagon,,fallback,Pontiac LeMans 1967 Wagon 原子事实对应多条候选记录
非皮卡,高度压缩两两组合,Pontiac,LeMans/LeMans,LeMans,/,/,无可用尺码,1964-1966/1978-1979,Hatchback/Wagon/Coupe,/,,,1964-1979,Coupe/Hatchback/Wagon,,fallback,Pontiac LeMans 1964 Coupe 原子事实对应多条候选记录
非皮卡,高度压缩两两组合,Pontiac,LeMans/LeMans,LeMans,/,/,无可用尺码,1964-1966/1978-1980,Hatchback/Wagon/Sedan,/,,,1964-1980,Hatchback/Sedan/Wagon,,fallback,Pontiac LeMans 1964 Sedan 原子事实对应多条候选记录
非皮卡,高度压缩两两组合,Pontiac,LeMans/LeMans,LeMans,/,/,无可用尺码,1964-1966/1979-1980,Hatchback/Wagon/Wagon,/,,,1964-1980,Hatchback/Wagon,,fallback,Pontiac LeMans 1967 Wagon 原子事实对应多条候选记录
非皮卡,高度压缩两两组合,Pontiac,LeMans/LeMans,LeMans,/,/,无可用尺码,1964-1966/1981,Hatchback/Wagon/Coupe,/,,,1964-1981,Coupe/Hatchback/Wagon,,fallback,Pontiac LeMans 1964 Coupe 原子事实对应多条候选记录
非皮卡,高度压缩两两组合,Pontiac,LeMans/LeMans,LeMans,/,/,无可用尺码,1964-1966/1988-1993,Hatchback/Wagon/Hatchback,/,,,1964-1993,Hatchback/Wagon,,fallback,Pontiac LeMans 1967 Wagon 原子事实对应多条候选记录
非皮卡,高度压缩两两组合,Pontiac,LeMans/LeMans,LeMans,/,/,无可用尺码,1964-1966/1988-1993,Hatchback/Wagon/Sedan,/,,,1964-1993,Hatchback/Sedan/Wagon,,fallback,Pontiac LeMans 1964 Sedan 原子事实对应多条候选记录
非皮卡,高度压缩两两组合,Pontiac,LeMans/LeMans,LeMans,/,/,无可用尺码,1964-1966/1993,Hatchback/Wagon/Coupe,/,,,1964-1993,Coupe/Hatchback/Wagon,,fallback,Pontiac LeMans 1964 Coupe 原子事实对应多条候选记录
非皮卡,高度压缩两两组合,Pontiac,LeMans/LeMans,LeMans,/,/,4XL,1964-1967/1964-1967,Convertible/Coupe,/,,,1964-1967,Convertible/Coupe,,success,
非皮卡,高度压缩两两组合,Pontiac,LeMans/LeMans,LeMans,/,/,无可用尺码,1961-1963/1964-1966,Convertible/Coupe/Wagon/Hatchback/Wagon,Incl: LeMans/Safari/Tempest/Tempest LeMans/,,,1961-1966,Convertible/Coupe/Hatchback/Wagon,Incl: LeMans/Safari/Tempest/Tempest LeMans,fallback,Pontiac LeMans 1964 Convertible 原子事实对应多条候选记录
非皮卡,高度压缩两两组合,Pontiac,LeMans/LeMans,LeMans,/,/,无可用尺码,1961-1963/1967-1970,Convertible/Coupe/Wagon/Wagon,Incl: LeMans/Safari/Tempest/Tempest LeMans/,,,1961-1970,Convertible/Coupe/Wagon,Incl: LeMans/Safari/Tempest/Tempest LeMans,fallback,Pontiac LeMans 1964 Convertible 原子事实对应多条候选记录
非皮卡,高度压缩两两组合,Pontiac,LeMans/LeMans,LeMans,/,/,无可用尺码,1961-1963/1968,Convertible/Coupe/Wagon/Coupe,Incl: LeMans/Safari/Tempest/Tempest LeMans/,,,1961-1968,Convertible/Coupe/Wagon,Incl: LeMans/Safari/Tempest/Tempest LeMans,fallback,Pontiac LeMans 1964 Convertible 原子事实对应多条候选记录
非皮卡,高度压缩两两组合,Pontiac,LeMans/LeMans,LeMans,/,/,无可用尺码,1961-1963/1968-1969,Convertible/Coupe/Wagon/Convertible,Incl: LeMans/Safari/Tempest/Tempest LeMans/,,,1961-1969,Convertible/Coupe/Wagon,Incl: LeMans/Safari/Tempest/Tempest LeMans,fallback,Pontiac LeMans 1964 Convertible 原子事实对应多条候选记录
非皮卡,高度压缩两两组合,Pontiac,LeMans/LeMans,LeMans,/,/,无可用尺码,1961-1963/1968-1969,Convertible/Coupe/Wagon/Hatchback,Incl: LeMans/Safari/Tempest/Tempest LeMans/,,,1961-1969,Convertible/Coupe/Hatchback/Wagon,Incl: LeMans/Safari/Tempest/Tempest LeMans,fallback,Pontiac LeMans 1964 Convertible 原子事实对应多条候选记录
非皮卡,高度压缩两两组合,Pontiac,LeMans/LeMans,LeMans,/,/,无可用尺码,1961-1963/1970,Convertible/Coupe/Wagon/Coupe,Incl: LeMans/Safari/Tempest/Tempest LeMans/,,,1961-1970,Convertible/Coupe/Wagon,Incl: LeMans/Safari/Tempest/Tempest LeMans,fallback,Pontiac LeMans 1964 Convertible 原子事实对应多条候选记录
非皮卡,高度压缩两两组合,Pontiac,LeMans/LeMans,LeMans,/,/,无可用尺码,1961-1963/1973-1976,Convertible/Coupe/Wagon/Wagon,Incl: LeMans/Safari/Tempest/Tempest LeMans/,,,1961-1976,Convertible/Coupe/Wagon,Incl: LeMans/Safari/Tempest/Tempest LeMans,fallback,Pontiac LeMans 1964 Convertible 原子事实对应多条候选记录
非皮卡,高度压缩两两组合,Pontiac,LeMans/LeMans,LeMans,/,/,无可用尺码,1961-1963/1977-1980,Convertible/Coupe/Wagon/Hatchback,Incl: LeMans/Safari/Tempest/Tempest LeMans/,,,1961-1980,Convertible/Coupe/Hatchback/Wagon,Incl: LeMans/Safari/Tempest/Tempest LeMans,fallback,Pontiac LeMans 1964 Convertible 原子事实对应多条候选记录
非皮卡,高度压缩两两组合,Pontiac,LeMans/LeMans,LeMans,/,/,无可用尺码,1961-1963/1978-1979,Convertible/Coupe/Wagon/Coupe,Incl: LeMans/Safari/Tempest/Tempest LeMans/,,,1961-1979,Convertible/Coupe/Wagon,Incl: LeMans/Safari/Tempest/Tempest LeMans,fallback,Pontiac LeMans 1964 Convertible 原子事实对应多条候选记录
非皮卡,高度压缩两两组合,Pontiac,LeMans/LeMans,LeMans,/,/,无可用尺码,1961-1963/1978-1980,Convertible/Coupe/Wagon/Sedan,Incl: LeMans/Safari/Tempest/Tempest LeMans/,,,1961-1980,Convertible/Coupe/Sedan/Wagon,Incl: LeMans/Safari/Tempest/Tempest LeMans,fallback,Pontiac LeMans 1964 Convertible 原子事实对应多条候选记录
非皮卡,高度压缩两两组合,Pontiac,LeMans/LeMans,LeMans,/,/,无可用尺码,1961-1963/1979-1980,Convertible/Coupe/Wagon/Wagon,Incl: LeMans/Safari/Tempest/Tempest LeMans/,,,1961-1980,Convertible/Coupe/Wagon,Incl: LeMans/Safari/Tempest/Tempest LeMans,fallback,Pontiac LeMans 1964 Convertible 原子事实对应多条候选记录
非皮卡,高度压缩两两组合,Pontiac,LeMans/LeMans,LeMans,/,/,无可用尺码,1961-1963/1981,Convertible/Coupe/Wagon/Coupe,Incl: LeMans/Safari/Tempest/Tempest LeMans/,,,1961-1981,Convertible/Coupe/Wagon,Incl: LeMans/Safari/Tempest/Tempest LeMans,fallback,Pontiac LeMans 1964 Convertible 原子事实对应多条候选记录
非皮卡,高度压缩两两组合,Pontiac,LeMans/LeMans,LeMans,/,/,无可用尺码,1961-1963/1988-1993,Convertible/Coupe/Wagon/Hatchback,Incl: LeMans/Safari/Tempest/Tempest LeMans/,,,1961-1993,Convertible/Coupe/Hatchback/Wagon,Incl: LeMans/Safari/Tempest/Tempest LeMans,fallback,Pontiac LeMans 1964 Convertible 原子事实对应多条候选记录
非皮卡,高度压缩两两组合,Pontiac,LeMans/LeMans,LeMans,/,/,无可用尺码,1961-1963/1988-1993,Convertible/Coupe/Wagon/Sedan,Incl: LeMans/Safari/Tempest/Tempest LeMans/,,,1961-1993,Convertible/Coupe/Sedan/Wagon,Incl: LeMans/Safari/Tempest/Tempest LeMans,fallback,Pontiac LeMans 1964 Convertible 原子事实对应多条候选记录
非皮卡,高度压缩两两组合,Pontiac,LeMans/LeMans,LeMans,/,/,无可用尺码,1961-1963/1993,Convertible/Coupe/Wagon/Coupe,Incl: LeMans/Safari/Tempest/Tempest LeMans/,,,1961-1993,Convertible/Coupe/Wagon,Incl: LeMans/Safari/Tempest/Tempest LeMans,fallback,Pontiac LeMans 1964 Convertible 原子事实对应多条候选记录
非皮卡,高度压缩两两组合,Pontiac,LeMans/LeMans,LeMans,/,/,无可用尺码,1964-1966/1967-1970,Hatchback/Wagon/Wagon,/,,,1964-1970,Hatchback/Wagon,,fallback,Pontiac LeMans 1968 Hatchback 原子事实对应多条候选记录
非皮卡,高度压缩两两组合,Pontiac,LeMans/LeMans,LeMans,/,/,无可用尺码,1964-1966/1968,Hatchback/Wagon/Coupe,/,,,1964-1968,Coupe/Hatchback/Wagon,,fallback,Pontiac LeMans 1964 Coupe 原子事实对应多条候选记录
非皮卡,高度压缩两两组合,Pontiac,LeMans/LeMans,LeMans,/,/,无可用尺码,1964-1966/1968-1969,Hatchback/Wagon/Convertible,/,,,1964-1969,Convertible/Hatchback/Wagon,,fallback,Pontiac LeMans 1964 Convertible 原子事实对应多条候选记录
非皮卡,高度压缩两两组合,Pontiac,LeMans/LeMans,LeMans,/,/,无可用尺码,1964-1966/1968-1969,Hatchback/Wagon/Hatchback,/,,,1964-1969,Hatchback/Wagon,,fallback,Pontiac LeMans 1967 Wagon 原子事实对应多条候选记录
非皮卡,高度压缩两两组合,Pontiac,LeMans/LeMans,LeMans,/,/,无可用尺码,1964-1966/1970,Hatchback/Wagon/Coupe,/,,,1964-1970,Coupe/Hatchback/Wagon,,fallback,Pontiac LeMans 1964 Coupe 原子事实对应多条候选记录
非皮卡,高度压缩两两组合,Pontiac,LeMans/LeMans,LeMans,/,/,无可用尺码,1964-1966/1973-1976,Hatchback/Wagon/Wagon,/,,,1964-1976,Hatchback/Wagon,,fallback,Pontiac LeMans 1967 Wagon 原子事实对应多条候选记录
非皮卡,高度压缩两两组合,Pontiac,LeMans/LeMans,LeMans,/,/,无可用尺码,1964-1966/1977-1980,Hatchback/Wagon/Hatchback,/,,,1964-1980,Hatchback/Wagon,,fallback,Pontiac LeMans 1967 Wagon 原子事实对应多条候选记录
非皮卡,高度压缩两两组合,Pontiac,LeMans/LeMans,LeMans,/,/,无可用尺码,1964-1966/1978-1979,Hatchback/Wagon/Coupe,/,,,1964-1979,Coupe/Hatchback/Wagon,,fallback,Pontiac LeMans 1964 Coupe 原子事实对应多条候选记录
非皮卡,高度压缩两两组合,Pontiac,LeMans/LeMans,LeMans,/,/,无可用尺码,1964-1966/1978-1980,Hatchback/Wagon/Sedan,/,,,1964-1980,Hatchback/Sedan/Wagon,,fallback,Pontiac LeMans 1964 Sedan 原子事实对应多条候选记录
非皮卡,高度压缩两两组合,Pontiac,LeMans/LeMans,LeMans,/,/,无可用尺码,1964-1966/1979-1980,Hatchback/Wagon/Wagon,/,,,1964-1980,Hatchback/Wagon,,fallback,Pontiac LeMans 1967 Wagon 原子事实对应多条候选记录
非皮卡,高度压缩两两组合,Pontiac,LeMans/LeMans,LeMans,/,/,无可用尺码,1964-1966/1981,Hatchback/Wagon/Coupe,/,,,1964-1981,Coupe/Hatchback/Wagon,,fallback,Pontiac LeMans 1964 Coupe 原子事实对应多条候选记录
非皮卡,高度压缩两两组合,Pontiac,LeMans/LeMans,LeMans,/,/,无可用尺码,1964-1966/1988-1993,Hatchback/Wagon/Hatchback,/,,,1964-1993,Hatchback/Wagon,,fallback,Pontiac LeMans 1967 Wagon 原子事实对应多条候选记录
非皮卡,高度压缩两两组合,Pontiac,LeMans/LeMans,LeMans,/,/,无可用尺码,1964-1966/1988-1993,Hatchback/Wagon/Sedan,/,,,1964-1993,Hatchback/Sedan/Wagon,,fallback,Pontiac LeMans 1964 Sedan 原子事实对应多条候选记录
非皮卡,高度压缩两两组合,Pontiac,LeMans/LeMans,LeMans,/,/,无可用尺码,1964-1966/1993,Hatchback/Wagon/Coupe,/,,,1964-1993,Coupe/Hatchback/Wagon,,fallback,Pontiac LeMans 1964 Coupe 原子事实对应多条候选记录
非皮卡,高度压缩两两组合,Pontiac,LeMans/LeMans,LeMans,/,/,4XL,1964-1967/1964-1977,Convertible/Coupe/Sedan,/,,,1964-1977,Convertible/Coupe/Sedan,,fallback,Pontiac LeMans 1968 Convertible 原子事实对应多条候选记录
非皮卡,高度压缩两两组合,Pontiac,LeMans/LeMans,LeMans,/,/,4XL,1964-1967/1970-1972,Convertible/Coupe/Convertible,/,,,1964-1972,Convertible/Coupe,,fallback,Pontiac LeMans 1968 Convertible 原子事实对应多条候选记录
非皮卡,高度压缩两两组合,Pontiac,LeMans/LeMans,LeMans,/,/,4XL,1964-1967/1971-1977,Convertible/Coupe/Coupe,/,,,1964-1977,Convertible/Coupe,,fallback,Pontiac LeMans 1968 Convertible 原子事实对应多条候选记录
非皮卡,高度压缩两两组合,Pontiac,LeMans/LeMans,LeMans,/,/,4XL,1964-1967/1977,Convertible/Coupe/Coupe,/Can Am,,,1964-1977,Convertible/Coupe,Incl: Can Am,fallback,Pontiac LeMans 1968 Convertible 原子事实对应多条候选记录
非皮卡,高度压缩两两组合,Pontiac,LeMans/LeMans,LeMans,/,/,4XL,1964-1977/1970-1972,Sedan/Convertible,/,,,1964-1977,Convertible/Sedan,,fallback,Pontiac LeMans 1964 Convertible 原子事实对应多条候选记录
非皮卡,高度压缩两两组合,Pontiac,LeMans/LeMans,LeMans,/,/,4XL,1964-1977/1971-1977,Sedan/Coupe,/,,,1964-1977,Coupe/Sedan,,fallback,Pontiac LeMans 1964 Coupe 原子事实对应多条候选记录
非皮卡,高度压缩两两组合,Pontiac,LeMans/LeMans,LeMans,/,/,4XL,1964-1977/1977,Sedan/Coupe,/Can Am,,,1964-1977,Coupe/Sedan,Incl: Can Am,fallback,Pontiac LeMans 1964 Coupe 原子事实对应多条候选记录
非皮卡,高度压缩两两组合,Pontiac,LeMans/LeMans,LeMans,/,/,无可用尺码,1967-1970/1968,Wagon/Coupe,/,,,1967-1970,Coupe/Wagon,,fallback,Pontiac LeMans 1967 Coupe 原子事实对应多条候选记录
非皮卡,高度压缩两两组合,Pontiac,LeMans/LeMans,LeMans,/,/,无可用尺码,1967-1970/1968-1969,Wagon/Convertible,/,,,1967-1970,Convertible/Wagon,,fallback,Pontiac LeMans 1967 Convertible 原子事实对应多条候选记录
非皮卡,高度压缩两两组合,Pontiac,LeMans/LeMans,LeMans,/,/,无可用尺码,1967-1970/1968-1969,Wagon/Hatchback,/,,,1967-1970,Hatchback/Wagon,,success,
非皮卡,高度压缩两两组合,Pontiac,LeMans/LeMans,LeMans,/,/,无可用尺码,1961-1963/1964-1966,Convertible/Coupe/Wagon/Hatchback/Wagon,Incl: LeMans/Safari/Tempest/Tempest LeMans/,,,1961-1966,Convertible/Coupe/Hatchback/Wagon,Incl: LeMans/Safari/Tempest/Tempest LeMans,fallback,Pontiac LeMans 1964 Convertible 原子事实对应多条候选记录
非皮卡,高度压缩两两组合,Pontiac,LeMans/LeMans,LeMans,/,/,无可用尺码,1961-1963/1967-1970,Convertible/Coupe/Wagon/Hatchback/Wagon,Incl: LeMans/Safari/Tempest/Tempest LeMans/,,,1961-1970,Convertible/Coupe/Hatchback/Wagon,Incl: LeMans/Safari/Tempest/Tempest LeMans,fallback,Pontiac LeMans 1964 Convertible 原子事实对应多条候选记录
非皮卡,高度压缩两两组合,Pontiac,LeMans/LeMans,LeMans,/,/,无可用尺码,1961-1963/1968,Convertible/Coupe/Wagon/Coupe,Incl: LeMans/Safari/Tempest/Tempest LeMans/,,,1961-1968,Convertible/Coupe/Wagon,Incl: LeMans/Safari/Tempest/Tempest LeMans,fallback,Pontiac LeMans 1964 Convertible 原子事实对应多条候选记录
非皮卡,高度压缩两两组合,Pontiac,LeMans/LeMans,LeMans,/,/,无可用尺码,1961-1963/1968-1969,Convertible/Coupe/Wagon/Convertible,Incl: LeMans/Safari/Tempest/Tempest LeMans/,,,1961-1969,Convertible/Coupe/Wagon,Incl: LeMans/Safari/Tempest/Tempest LeMans,fallback,Pontiac LeMans 1964 Convertible 原子事实对应多条候选记录
非皮卡,高度压缩两两组合,Pontiac,LeMans/LeMans,LeMans,/,/,无可用尺码,1961-1963/1970,Convertible/Coupe/Wagon/Coupe,Incl: LeMans/Safari/Tempest/Tempest LeMans/,,,1961-1970,Convertible/Coupe/Wagon,Incl: LeMans/Safari/Tempest/Tempest LeMans,fallback,Pontiac LeMans 1964 Convertible 原子事实对应多条候选记录
非皮卡,高度压缩两两组合,Pontiac,LeMans/LeMans,LeMans,/,/,无可用尺码,1961-1963/1973-1976,Convertible/Coupe/Wagon/Wagon,Incl: LeMans/Safari/Tempest/Tempest LeMans/,,,1961-1976,Convertible/Coupe/Wagon,Incl: LeMans/Safari/Tempest/Tempest LeMans,fallback,Pontiac LeMans 1964 Convertible 原子事实对应多条候选记录
非皮卡,高度压缩两两组合,Pontiac,LeMans/LeMans,LeMans,/,/,无可用尺码,1961-1963/1977-1980,Convertible/Coupe/Wagon/Hatchback,Incl: LeMans/Safari/Tempest/Tempest LeMans/,,,1961-1980,Convertible/Coupe/Hatchback/Wagon,Incl: LeMans/Safari/Tempest/Tempest LeMans,fallback,Pontiac LeMans 1964 Convertible 原子事实对应多条候选记录
非皮卡,高度压缩两两组合,Pontiac,LeMans/LeMans,LeMans,/,/,无可用尺码,1961-1963/1978-1979,Convertible/Coupe/Wagon/Coupe,Incl: LeMans/Safari/Tempest/Tempest LeMans/,,,1961-1979,Convertible/Coupe/Wagon,Incl: LeMans/Safari/Tempest/Tempest LeMans,fallback,Pontiac LeMans 1964 Convertible 原子事实对应多条候选记录
非皮卡,高度压缩两两组合,Pontiac,LeMans/LeMans,LeMans,/,/,无可用尺码,1961-1963/1978-1980,Convertible/Coupe/Wagon/Sedan,Incl: LeMans/Safari/Tempest/Tempest LeMans/,,,1961-1980,Convertible/Coupe/Sedan/Wagon,Incl: LeMans/Safari/Tempest/Tempest LeMans,fallback,Pontiac LeMans 1964 Convertible 原子事实对应多条候选记录
非皮卡,高度压缩两两组合,Pontiac,LeMans/LeMans,LeMans,/,/,无可用尺码,1961-1963/1979-1980,Convertible/Coupe/Wagon/Wagon,Incl: LeMans/Safari/Tempest/Tempest LeMans/,,,1961-1980,Convertible/Coupe/Wagon,Incl: LeMans/Safari/Tempest/Tempest LeMans,fallback,Pontiac LeMans 1964 Convertible 原子事实对应多条候选记录
非皮卡,高度压缩两两组合,Pontiac,LeMans/LeMans,LeMans,/,/,无可用尺码,1961-1963/1981,Convertible/Coupe/Wagon/Coupe,Incl: LeMans/Safari/Tempest/Tempest LeMans/,,,1961-1981,Convertible/Coupe/Wagon,Incl: LeMans/Safari/Tempest/Tempest LeMans,fallback,Pontiac LeMans 1964 Convertible 原子事实对应多条候选记录
非皮卡,高度压缩两两组合,Pontiac,LeMans/LeMans,LeMans,/,/,无可用尺码,1961-1963/1988-1993,Convertible/Coupe/Wagon/Hatchback,Incl: LeMans/Safari/Tempest/Tempest LeMans/,,,1961-1993,Convertible/Coupe/Hatchback/Wagon,Incl: LeMans/Safari/Tempest/Tempest LeMans,fallback,Pontiac LeMans 1964 Convertible 原子事实对应多条候选记录
非皮卡,高度压缩两两组合,Pontiac,LeMans/LeMans,LeMans,/,/,无可用尺码,1961-1963/1988-1993,Convertible/Coupe/Wagon/Sedan,Incl: LeMans/Safari/Tempest/Tempest LeMans/,,,1961-1993,Convertible/Coupe/Sedan/Wagon,Incl: LeMans/Safari/Tempest/Tempest LeMans,fallback,Pontiac LeMans 1964 Convertible 原子事实对应多条候选记录
非皮卡,高度压缩两两组合,Pontiac,LeMans/LeMans,LeMans,/,/,无可用尺码,1961-1963/1993,Convertible/Coupe/Wagon/Coupe,Incl: LeMans/Safari/Tempest/Tempest LeMans/,,,1961-1993,Convertible/Coupe/Wagon,Incl: LeMans/Safari/Tempest/Tempest LeMans,fallback,Pontiac LeMans 1964 Convertible 原子事实对应多条候选记录
非皮卡,高度压缩两两组合,Pontiac,LeMans/LeMans,LeMans,/,/,无可用尺码,1964-1966/1967-1970,Hatchback/Wagon/Hatchback/Wagon,/,,,1964-1970,Hatchback/Wagon,,success,
非皮卡,高度压缩两两组合,Pontiac,LeMans/LeMans,LeMans,/,/,无可用尺码,1961-1963/1964-1970,Convertible/Coupe/Wagon/Hatchback/Wagon,Incl: LeMans/Safari/Tempest/Tempest LeMans/,,,1961-1970,Convertible/Coupe/Hatchback/Wagon,Incl: LeMans/Safari/Tempest/Tempest LeMans,fallback,Pontiac LeMans 1964 Convertible 原子事实对应多条候选记录
非皮卡,高度压缩两两组合,Pontiac,LeMans/LeMans,LeMans,/,/,无可用尺码,1961-1963/1968,Convertible/Coupe/Wagon/Coupe,Incl: LeMans/Safari/Tempest/Tempest LeMans/,,,1961-1968,Convertible/Coupe/Wagon,Incl: LeMans/Safari/Tempest/Tempest LeMans,fallback,Pontiac LeMans 1964 Convertible 原子事实对应多条候选记录
非皮卡,高度压缩两两组合,Pontiac,LeMans/LeMans,LeMans,/,/,无可用尺码,1961-1963/1968-1969,Convertible/Coupe/Wagon/Convertible,Incl: LeMans/Safari/Tempest/Tempest LeMans/,,,1961-1969,Convertible/Coupe/Wagon,Incl: LeMans/Safari/Tempest/Tempest LeMans,fallback,Pontiac LeMans 1964 Convertible 原子事实对应多条候选记录
非皮卡,高度压缩两两组合,Pontiac,LeMans/LeMans,LeMans,/,/,无可用尺码,1961-1963/1970,Convertible/Coupe/Wagon/Coupe,Incl: LeMans/Safari/Tempest/Tempest LeMans/,,,1961-1970,Convertible/Coupe/Wagon,Incl: LeMans/Safari/Tempest/Tempest LeMans,fallback,Pontiac LeMans 1964 Convertible 原子事实对应多条候选记录
非皮卡,高度压缩两两组合,Pontiac,LeMans/LeMans,LeMans,/,/,无可用尺码,1961-1963/1973-1976,Convertible/Coupe/Wagon/Wagon,Incl: LeMans/Safari/Tempest/Tempest LeMans/,,,1961-1976,Convertible/Coupe/Wagon,Incl: LeMans/Safari/Tempest/Tempest LeMans,fallback,Pontiac LeMans 1964 Convertible 原子事实对应多条候选记录
非皮卡,高度压缩两两组合,Pontiac,LeMans/LeMans,LeMans,/,/,无可用尺码,1961-1963/1977-1980,Convertible/Coupe/Wagon/Hatchback,Incl: LeMans/Safari/Tempest/Tempest LeMans/,,,1961-1980,Convertible/Coupe/Hatchback/Wagon,Incl: LeMans/Safari/Tempest/Tempest LeMans,fallback,Pontiac LeMans 1964 Convertible 原子事实对应多条候选记录
非皮卡,高度压缩两两组合,Pontiac,LeMans/LeMans,LeMans,/,/,无可用尺码,1961-1963/1978-1979,Convertible/Coupe/Wagon/Coupe,Incl: LeMans/Safari/Tempest/Tempest LeMans/,,,1961-1979,Convertible/Coupe/Wagon,Incl: LeMans/Safari/Tempest/Tempest LeMans,fallback,Pontiac LeMans 1964 Convertible 原子事实对应多条候选记录
非皮卡,高度压缩两两组合,Pontiac,LeMans/LeMans,LeMans,/,/,无可用尺码,1961-1963/1978-1980,Convertible/Coupe/Wagon/Sedan,Incl: LeMans/Safari/Tempest/Tempest LeMans/,,,1961-1980,Convertible/Coupe/Sedan/Wagon,Incl: LeMans/Safari/Tempest/Tempest LeMans,fallback,Pontiac LeMans 1964 Convertible 原子事实对应多条候选记录
非皮卡,高度压缩两两组合,Pontiac,LeMans/LeMans,LeMans,/,/,无可用尺码,1961-1963/1979-1980,Convertible/Coupe/Wagon/Wagon,Incl: LeMans/Safari/Tempest/Tempest LeMans/,,,1961-1980,Convertible/Coupe/Wagon,Incl: LeMans/Safari/Tempest/Tempest LeMans,fallback,Pontiac LeMans 1964 Convertible 原子事实对应多条候选记录
非皮卡,高度压缩两两组合,Pontiac,LeMans/LeMans,LeMans,/,/,无可用尺码,1961-1963/1981,Convertible/Coupe/Wagon/Coupe,Incl: LeMans/Safari/Tempest/Tempest LeMans/,,,1961-1981,Convertible/Coupe/Wagon,Incl: LeMans/Safari/Tempest/Tempest LeMans,fallback,Pontiac LeMans 1964 Convertible 原子事实对应多条候选记录
非皮卡,高度压缩两两组合,Pontiac,LeMans/LeMans,LeMans,/,/,无可用尺码,1961-1963/1988-1993,Convertible/Coupe/Wagon/Hatchback,Incl: LeMans/Safari/Tempest/Tempest LeMans/,,,1961-1993,Convertible/Coupe/Hatchback/Wagon,Incl: LeMans/Safari/Tempest/Tempest LeMans,fallback,Pontiac LeMans 1964 Convertible 原子事实对应多条候选记录
非皮卡,高度压缩两两组合,Pontiac,LeMans/LeMans,LeMans,/,/,无可用尺码,1961-1963/1988-1993,Convertible/Coupe/Wagon/Sedan,Incl: LeMans/Safari/Tempest/Tempest LeMans/,,,1961-1993,Convertible/Coupe/Sedan/Wagon,Incl: LeMans/Safari/Tempest/Tempest LeMans,fallback,Pontiac LeMans 1964 Convertible 原子事实对应多条候选记录
非皮卡,高度压缩两两组合,Pontiac,LeMans/LeMans,LeMans,/,/,无可用尺码,1961-1963/1993,Convertible/Coupe/Wagon/Coupe,Incl: LeMans/Safari/Tempest/Tempest LeMans/,,,1961-1993,Convertible/Coupe/Wagon,Incl: LeMans/Safari/Tempest/Tempest LeMans,fallback,Pontiac LeMans 1964 Convertible 原子事实对应多条候选记录
非皮卡,高度压缩两两组合,Pontiac,LeMans/LeMans,LeMans,/,/,4XL,1964-1967/1964-1977,Convertible/Coupe/Sedan,/,,,1964-1977,Convertible/Coupe/Sedan,,fallback,Pontiac LeMans 1968 Convertible 原子事实对应多条候选记录
非皮卡,高度压缩两两组合,Pontiac,LeMans/LeMans,LeMans,/,/,4XL,1964-1967/1970-1972,Convertible/Coupe/Convertible,/,,,1964-1972,Convertible/Coupe,,fallback,Pontiac LeMans 1968 Convertible 原子事实对应多条候选记录
非皮卡,高度压缩两两组合,Pontiac,LeMans/LeMans,LeMans,/,/,4XL,1964-1967/1971-1977,Convertible/Coupe/Coupe,/,,,1964-1977,Convertible/Coupe,,fallback,Pontiac LeMans 1968 Convertible 原子事实对应多条候选记录
非皮卡,高度压缩两两组合,Pontiac,LeMans/LeMans,LeMans,/,/,4XL,1964-1967/1977,Convertible/Coupe/Coupe,/Can Am,,,1964-1977,Convertible/Coupe,Incl: Can Am,fallback,Pontiac LeMans 1968 Convertible 原子事实对应多条候选记录
非皮卡,高度压缩两两组合,Pontiac,LeMans/LeMans,LeMans,/,/,无可用尺码,1964-1970/1968,Hatchback/Wagon/Coupe,/,,,1964-1970,Coupe/Hatchback/Wagon,,fallback,Pontiac LeMans 1964 Coupe 原子事实对应多条候选记录
非皮卡,高度压缩两两组合,Pontiac,LeMans/LeMans,LeMans,/,/,无可用尺码,1964-1970/1968-1969,Hatchback/Wagon/Convertible,/,,,1964-1970,Convertible/Hatchback/Wagon,,fallback,Pontiac LeMans 1964 Convertible 原子事实对应多条候选记录
非皮卡,高度压缩两两组合,Pontiac,LeMans/LeMans,LeMans,/,/,无可用尺码,1964-1970/1970,Hatchback/Wagon/Coupe,/,,,1964-1970,Coupe/Hatchback/Wagon,,fallback,Pontiac LeMans 1964 Coupe 原子事实对应多条候选记录
非皮卡,高度压缩两两组合,Pontiac,LeMans/LeMans,LeMans,/,/,无可用尺码,1964-1970/1973-1976,Hatchback/Wagon/Wagon,/,,,1964-1976,Hatchback/Wagon,,success,
非皮卡,高度压缩两两组合,Pontiac,LeMans/LeMans,LeMans,/,/,无可用尺码,1961-1963/1964-1976,Convertible/Coupe/Wagon/Hatchback/Wagon,Incl: LeMans/Safari/Tempest/Tempest LeMans/,,,1961-1976,Convertible/Coupe/Hatchback/Wagon,Incl: LeMans/Safari/Tempest/Tempest LeMans,fallback,Pontiac LeMans 1964 Convertible 原子事实对应多条候选记录
非皮卡,高度压缩两两组合,Pontiac,LeMans/LeMans,LeMans,/,/,无可用尺码,1961-1963/1968,Convertible/Coupe/Wagon/Coupe,Incl: LeMans/Safari/Tempest/Tempest LeMans/,,,1961-1968,Convertible/Coupe/Wagon,Incl: LeMans/Safari/Tempest/Tempest LeMans,fallback,Pontiac LeMans 1964 Convertible 原子事实对应多条候选记录
非皮卡,高度压缩两两组合,Pontiac,LeMans/LeMans,LeMans,/,/,无可用尺码,1961-1963/1968-1969,Convertible/Coupe/Wagon/Convertible,Incl: LeMans/Safari/Tempest/Tempest LeMans/,,,1961-1969,Convertible/Coupe/Wagon,Incl: LeMans/Safari/Tempest/Tempest LeMans,fallback,Pontiac LeMans 1964 Convertible 原子事实对应多条候选记录
非皮卡,高度压缩两两组合,Pontiac,LeMans/LeMans,LeMans,/,/,无可用尺码,1961-1963/1970,Convertible/Coupe/Wagon/Coupe,Incl: LeMans/Safari/Tempest/Tempest LeMans/,,,1961-1970,Convertible/Coupe/Wagon,Incl: LeMans/Safari/Tempest/Tempest LeMans,fallback,Pontiac LeMans 1964 Convertible 原子事实对应多条候选记录
非皮卡,高度压缩两两组合,Pontiac,LeMans/LeMans,LeMans,/,/,无可用尺码,1961-1963/1977-1980,Convertible/Coupe/Wagon/Hatchback,Incl: LeMans/Safari/Tempest/Tempest LeMans/,,,1961-1980,Convertible/Coupe/Hatchback/Wagon,Incl: LeMans/Safari/Tempest/Tempest LeMans,fallback,Pontiac LeMans 1964 Convertible 原子事实对应多条候选记录
非皮卡,高度压缩两两组合,Pontiac,LeMans/LeMans,LeMans,/,/,无可用尺码,1961-1963/1978-1979,Convertible/Coupe/Wagon/Coupe,Incl: LeMans/Safari/Tempest/Tempest LeMans/,,,1961-1979,Convertible/Coupe/Wagon,Incl: LeMans/Safari/Tempest/Tempest LeMans,fallback,Pontiac LeMans 1964 Convertible 原子事实对应多条候选记录
非皮卡,高度压缩两两组合,Pontiac,LeMans/LeMans,LeMans,/,/,无可用尺码,1961-1963/1978-1980,Convertible/Coupe/Wagon/Sedan,Incl: LeMans/Safari/Tempest/Tempest LeMans/,,,1961-1980,Convertible/Coupe/Sedan/Wagon,Incl: LeMans/Safari/Tempest/Tempest LeMans,fallback,Pontiac LeMans 1964 Convertible 原子事实对应多条候选记录
非皮卡,高度压缩两两组合,Pontiac,LeMans/LeMans,LeMans,/,/,无可用尺码,1961-1963/1979-1980,Convertible/Coupe/Wagon/Wagon,Incl: LeMans/Safari/Tempest/Tempest LeMans/,,,1961-1980,Convertible/Coupe/Wagon,Incl: LeMans/Safari/Tempest/Tempest LeMans,fallback,Pontiac LeMans 1964 Convertible 原子事实对应多条候选记录
非皮卡,高度压缩两两组合,Pontiac,LeMans/LeMans,LeMans,/,/,无可用尺码,1961-1963/1981,Convertible/Coupe/Wagon/Coupe,Incl: LeMans/Safari/Tempest/Tempest LeMans/,,,1961-1981,Convertible/Coupe/Wagon,Incl: LeMans/Safari/Tempest/Tempest LeMans,fallback,Pontiac LeMans 1964 Convertible 原子事实对应多条候选记录
非皮卡,高度压缩两两组合,Pontiac,LeMans/LeMans,LeMans,/,/,无可用尺码,1961-1963/1988-1993,Convertible/Coupe/Wagon/Hatchback,Incl: LeMans/Safari/Tempest/Tempest LeMans/,,,1961-1993,Convertible/Coupe/Hatchback/Wagon,Incl: LeMans/Safari/Tempest/Tempest LeMans,fallback,Pontiac LeMans 1964 Convertible 原子事实对应多条候选记录
非皮卡,高度压缩两两组合,Pontiac,LeMans/LeMans,LeMans,/,/,无可用尺码,1961-1963/1988-1993,Convertible/Coupe/Wagon/Sedan,Incl: LeMans/Safari/Tempest/Tempest LeMans/,,,1961-1993,Convertible/Coupe/Sedan/Wagon,Incl: LeMans/Safari/Tempest/Tempest LeMans,fallback,Pontiac LeMans 1964 Convertible 原子事实对应多条候选记录
非皮卡,高度压缩两两组合,Pontiac,LeMans/LeMans,LeMans,/,/,无可用尺码,1961-1963/1993,Convertible/Coupe/Wagon/Coupe,Incl: LeMans/Safari/Tempest/Tempest LeMans/,,,1961-1993,Convertible/Coupe/Wagon,Incl: LeMans/Safari/Tempest/Tempest LeMans,fallback,Pontiac LeMans 1964 Convertible 原子事实对应多条候选记录
非皮卡,高度压缩两两组合,Pontiac,LeMans/LeMans,LeMans,/,/,4XL,1964-1967/1964-1977,Convertible/Coupe/Sedan,/,,,1964-1977,Convertible/Coupe/Sedan,,fallback,Pontiac LeMans 1968 Convertible 原子事实对应多条候选记录
非皮卡,高度压缩两两组合,Pontiac,LeMans/LeMans,LeMans,/,/,4XL,1964-1967/1970-1972,Convertible/Coupe/Convertible,/,,,1964-1972,Convertible/Coupe,,fallback,Pontiac LeMans 1968 Convertible 原子事实对应多条候选记录
非皮卡,高度压缩两两组合,Pontiac,LeMans/LeMans,LeMans,/,/,4XL,1964-1967/1971-1977,Convertible/Coupe/Coupe,/,,,1964-1977,Convertible/Coupe,,fallback,Pontiac LeMans 1968 Convertible 原子事实对应多条候选记录
非皮卡,高度压缩两两组合,Pontiac,LeMans/LeMans,LeMans,/,/,4XL,1964-1967/1977,Convertible/Coupe/Coupe,/Can Am,,,1964-1977,Convertible/Coupe,Incl: Can Am,fallback,Pontiac LeMans 1968 Convertible 原子事实对应多条候选记录
非皮卡,高度压缩两两组合,Pontiac,LeMans/LeMans,LeMans,/,/,无可用尺码,1964-1976/1968,Hatchback/Wagon/Coupe,/,,,1964-1976,Coupe/Hatchback/Wagon,,fallback,Pontiac LeMans 1964 Coupe 原子事实对应多条候选记录
非皮卡,高度压缩两两组合,Pontiac,LeMans/LeMans,LeMans,/,/,无可用尺码,1964-1976/1968-1969,Hatchback/Wagon/Convertible,/,,,1964-1976,Convertible/Hatchback/Wagon,,fallback,Pontiac LeMans 1964 Convertible 原子事实对应多条候选记录
非皮卡,高度压缩两两组合,Pontiac,LeMans/LeMans,LeMans,/,/,无可用尺码,1964-1976/1970,Hatchback/Wagon/Coupe,/,,,1964-1976,Coupe/Hatchback/Wagon,,fallback,Pontiac LeMans 1964 Coupe 原子事实对应多条候选记录
非皮卡,高度压缩两两组合,Pontiac,LeMans/LeMans,LeMans,/,/,无可用尺码,1964-1976/1977-1980,Hatchback/Wagon/Hatchback,/,,,1964-1980,Hatchback/Wagon,,fallback,Pontiac LeMans 1979 Wagon 原子事实对应多条候选记录
非皮卡,高度压缩两两组合,Pontiac,LeMans/LeMans,LeMans,/,/,无可用尺码,1964-1976/1978-1979,Hatchback/Wagon/Coupe,/,,,1964-1979,Coupe/Hatchback/Wagon,,fallback,Pontiac LeMans 1964 Coupe 原子事实对应多条候选记录
非皮卡,高度压缩两两组合,Pontiac,LeMans/LeMans,LeMans,/,/,无可用尺码,1964-1976/1978-1980,Hatchback/Wagon/Sedan,/,,,1964-1980,Hatchback/Sedan/Wagon,,fallback,Pontiac LeMans 1964 Sedan 原子事实对应多条候选记录
非皮卡,高度压缩两两组合,Pontiac,LeMans/LeMans,LeMans,/,/,无可用尺码,1964-1976/1979-1980,Hatchback/Wagon/Wagon,/,,,1964-1980,Hatchback/Wagon,,fallback,Pontiac LeMans 1977 Hatchback 原子事实对应多条候选记录
非皮卡,高度压缩两两组合,Pontiac,LeMans/LeMans,LeMans,/,/,无可用尺码,1964-1976/1981,Hatchback/Wagon/Coupe,/,,,1964-1981,Coupe/Hatchback/Wagon,,fallback,Pontiac LeMans 1964 Coupe 原子事实对应多条候选记录
非皮卡,高度压缩两两组合,Pontiac,LeMans/LeMans,LeMans,/,/,无可用尺码,1964-1976/1988-1993,Hatchback/Wagon/Hatchback,/,,,1964-1993,Hatchback/Wagon,,fallback,Pontiac LeMans 1977 Hatchback 原子事实对应多条候选记录
非皮卡,高度压缩两两组合,Pontiac,LeMans/LeMans,LeMans,/,/,无可用尺码,1964-1976/1988-1993,Hatchback/Wagon/Sedan,/,,,1964-1993,Hatchback/Sedan/Wagon,,fallback,Pontiac LeMans 1964 Sedan 原子事实对应多条候选记录
非皮卡,高度压缩两两组合,Pontiac,LeMans/LeMans,LeMans,/,/,无可用尺码,1964-1976/1993,Hatchback/Wagon/Coupe,/,,,1964-1993,Coupe/Hatchback/Wagon,,fallback,Pontiac LeMans 1964 Coupe 原子事实对应多条候选记录
非皮卡,高度压缩两两组合,Pontiac,LeMans/LeMans,LeMans,/,/,4XL,1964-1977/1970-1972,Sedan/Convertible,/,,,1964-1977,Convertible/Sedan,,fallback,Pontiac LeMans 1964 Convertible 原子事实对应多条候选记录
非皮卡,高度压缩两两组合,Pontiac,LeMans/LeMans,LeMans,/,/,4XL,1964-1977/1971-1977,Sedan/Coupe,/,,,1964-1977,Coupe/Sedan,,fallback,Pontiac LeMans 1964 Coupe 原子事实对应多条候选记录
非皮卡,高度压缩两两组合,Pontiac,LeMans/LeMans,LeMans,/,/,4XL,1964-1977/1977,Sedan/Coupe,/Can Am,,,1964-1977,Coupe/Sedan,Incl: Can Am,fallback,Pontiac LeMans 1964 Coupe 原子事实对应多条候选记录
非皮卡,高度压缩两两组合,Pontiac,LeMans/LeMans,LeMans,/,/,无可用尺码,1968/1968-1969,Coupe/Convertible,/,,,1968-1969,Convertible/Coupe,,success,
非皮卡,高度压缩两两组合,Pontiac,LeMans/LeMans,LeMans,/,/,无可用尺码,1961-1963/1964-1976,Convertible/Coupe/Wagon/Hatchback/Wagon,Incl: LeMans/Safari/Tempest/Tempest LeMans/,,,1961-1976,Convertible/Coupe/Hatchback/Wagon,Incl: LeMans/Safari/Tempest/Tempest LeMans,fallback,Pontiac LeMans 1964 Convertible 原子事实对应多条候选记录
非皮卡,高度压缩两两组合,Pontiac,LeMans/LeMans,LeMans,/,/,无可用尺码,1961-1963/1968-1969,Convertible/Coupe/Wagon/Convertible/Coupe,Incl: LeMans/Safari/Tempest/Tempest LeMans/,,,1961-1969,Convertible/Coupe/Wagon,Incl: LeMans/Safari/Tempest/Tempest LeMans,fallback,Pontiac LeMans 1964 Convertible 原子事实对应多条候选记录
非皮卡,高度压缩两两组合,Pontiac,LeMans/LeMans,LeMans,/,/,无可用尺码,1961-1963/1970,Convertible/Coupe/Wagon/Coupe,Incl: LeMans/Safari/Tempest/Tempest LeMans/,,,1961-1970,Convertible/Coupe/Wagon,Incl: LeMans/Safari/Tempest/Tempest LeMans,fallback,Pontiac LeMans 1964 Convertible 原子事实对应多条候选记录
非皮卡,高度压缩两两组合,Pontiac,LeMans/LeMans,LeMans,/,/,无可用尺码,1961-1963/1977-1980,Convertible/Coupe/Wagon/Hatchback,Incl: LeMans/Safari/Tempest/Tempest LeMans/,,,1961-1980,Convertible/Coupe/Hatchback/Wagon,Incl: LeMans/Safari/Tempest/Tempest LeMans,fallback,Pontiac LeMans 1964 Convertible 原子事实对应多条候选记录
非皮卡,高度压缩两两组合,Pontiac,LeMans/LeMans,LeMans,/,/,无可用尺码,1961-1963/1978-1979,Convertible/Coupe/Wagon/Coupe,Incl: LeMans/Safari/Tempest/Tempest LeMans/,,,1961-1979,Convertible/Coupe/Wagon,Incl: LeMans/Safari/Tempest/Tempest LeMans,fallback,Pontiac LeMans 1964 Convertible 原子事实对应多条候选记录
非皮卡,高度压缩两两组合,Pontiac,LeMans/LeMans,LeMans,/,/,无可用尺码,1961-1963/1978-1980,Convertible/Coupe/Wagon/Sedan,Incl: LeMans/Safari/Tempest/Tempest LeMans/,,,1961-1980,Convertible/Coupe/Sedan/Wagon,Incl: LeMans/Safari/Tempest/Tempest LeMans,fallback,Pontiac LeMans 1964 Convertible 原子事实对应多条候选记录
非皮卡,高度压缩两两组合,Pontiac,LeMans/LeMans,LeMans,/,/,无可用尺码,1961-1963/1979-1980,Convertible/Coupe/Wagon/Wagon,Incl: LeMans/Safari/Tempest/Tempest LeMans/,,,1961-1980,Convertible/Coupe/Wagon,Incl: LeMans/Safari/Tempest/Tempest LeMans,fallback,Pontiac LeMans 1964 Convertible 原子事实对应多条候选记录
非皮卡,高度压缩两两组合,Pontiac,LeMans/LeMans,LeMans,/,/,无可用尺码,1961-1963/1981,Convertible/Coupe/Wagon/Coupe,Incl: LeMans/Safari/Tempest/Tempest LeMans/,,,1961-1981,Convertible/Coupe/Wagon,Incl: LeMans/Safari/Tempest/Tempest LeMans,fallback,Pontiac LeMans 1964 Convertible 原子事实对应多条候选记录
非皮卡,高度压缩两两组合,Pontiac,LeMans/LeMans,LeMans,/,/,无可用尺码,1961-1963/1988-1993,Convertible/Coupe/Wagon/Hatchback,Incl: LeMans/Safari/Tempest/Tempest LeMans/,,,1961-1993,Convertible/Coupe/Hatchback/Wagon,Incl: LeMans/Safari/Tempest/Tempest LeMans,fallback,Pontiac LeMans 1964 Convertible 原子事实对应多条候选记录
非皮卡,高度压缩两两组合,Pontiac,LeMans/LeMans,LeMans,/,/,无可用尺码,1961-1963/1988-1993,Convertible/Coupe/Wagon/Sedan,Incl: LeMans/Safari/Tempest/Tempest LeMans/,,,1961-1993,Convertible/Coupe/Sedan/Wagon,Incl: LeMans/Safari/Tempest/Tempest LeMans,fallback,Pontiac LeMans 1964 Convertible 原子事实对应多条候选记录
非皮卡,高度压缩两两组合,Pontiac,LeMans/LeMans,LeMans,/,/,无可用尺码,1961-1963/1993,Convertible/Coupe/Wagon/Coupe,Incl: LeMans/Safari/Tempest/Tempest LeMans/,,,1961-1993,Convertible/Coupe/Wagon,Incl: LeMans/Safari/Tempest/Tempest LeMans,fallback,Pontiac LeMans 1964 Convertible 原子事实对应多条候选记录
非皮卡,高度压缩两两组合,Pontiac,LeMans/LeMans,LeMans,/,/,4XL,1964-1967/1964-1977,Convertible/Coupe/Sedan,/,,,1964-1977,Convertible/Coupe/Sedan,,fallback,Pontiac LeMans 1968 Convertible 原子事实对应多条候选记录
非皮卡,高度压缩两两组合,Pontiac,LeMans/LeMans,LeMans,/,/,4XL,1964-1967/1970-1972,Convertible/Coupe/Convertible,/,,,1964-1972,Convertible/Coupe,,fallback,Pontiac LeMans 1968 Convertible 原子事实对应多条候选记录
非皮卡,高度压缩两两组合,Pontiac,LeMans/LeMans,LeMans,/,/,4XL,1964-1967/1971-1977,Convertible/Coupe/Coupe,/,,,1964-1977,Convertible/Coupe,,fallback,Pontiac LeMans 1968 Convertible 原子事实对应多条候选记录
非皮卡,高度压缩两两组合,Pontiac,LeMans/LeMans,LeMans,/,/,4XL,1964-1967/1977,Convertible/Coupe/Coupe,/Can Am,,,1964-1977,Convertible/Coupe,Incl: Can Am,fallback,Pontiac LeMans 1968 Convertible 原子事实对应多条候选记录
非皮卡,高度压缩两两组合,Pontiac,LeMans/LeMans,LeMans,/,/,无可用尺码,1964-1976/1968-1969,Hatchback/Wagon/Convertible/Coupe,/,,,1964-1976,Convertible/Coupe/Hatchback/Wagon,,fallback,Pontiac LeMans 1964 Convertible 原子事实对应多条候选记录
非皮卡,高度压缩两两组合,Pontiac,LeMans/LeMans,LeMans,/,/,无可用尺码,1964-1976/1970,Hatchback/Wagon/Coupe,/,,,1964-1976,Coupe/Hatchback/Wagon,,fallback,Pontiac LeMans 1964 Coupe 原子事实对应多条候选记录
非皮卡,高度压缩两两组合,Pontiac,LeMans/LeMans,LeMans,/,/,无可用尺码,1964-1976/1977-1980,Hatchback/Wagon/Hatchback,/,,,1964-1980,Hatchback/Wagon,,fallback,Pontiac LeMans 1979 Wagon 原子事实对应多条候选记录
非皮卡,高度压缩两两组合,Pontiac,LeMans/LeMans,LeMans,/,/,无可用尺码,1964-1976/1978-1979,Hatchback/Wagon/Coupe,/,,,1964-1979,Coupe/Hatchback/Wagon,,fallback,Pontiac LeMans 1964 Coupe 原子事实对应多条候选记录
非皮卡,高度压缩两两组合,Pontiac,LeMans/LeMans,LeMans,/,/,无可用尺码,1964-1976/1978-1980,Hatchback/Wagon/Sedan,/,,,1964-1980,Hatchback/Sedan/Wagon,,fallback,Pontiac LeMans 1964 Sedan 原子事实对应多条候选记录
非皮卡,高度压缩两两组合,Pontiac,LeMans/LeMans,LeMans,/,/,无可用尺码,1964-1976/1979-1980,Hatchback/Wagon/Wagon,/,,,1964-1980,Hatchback/Wagon,,fallback,Pontiac LeMans 1977 Hatchback 原子事实对应多条候选记录
非皮卡,高度压缩两两组合,Pontiac,LeMans/LeMans,LeMans,/,/,无可用尺码,1964-1976/1981,Hatchback/Wagon/Coupe,/,,,1964-1981,Coupe/Hatchback/Wagon,,fallback,Pontiac LeMans 1964 Coupe 原子事实对应多条候选记录
非皮卡,高度压缩两两组合,Pontiac,LeMans/LeMans,LeMans,/,/,无可用尺码,1964-1976/1988-1993,Hatchback/Wagon/Hatchback,/,,,1964-1993,Hatchback/Wagon,,fallback,Pontiac LeMans 1977 Hatchback 原子事实对应多条候选记录
非皮卡,高度压缩两两组合,Pontiac,LeMans/LeMans,LeMans,/,/,无可用尺码,1964-1976/1988-1993,Hatchback/Wagon/Sedan,/,,,1964-1993,Hatchback/Sedan/Wagon,,fallback,Pontiac LeMans 1964 Sedan 原子事实对应多条候选记录
非皮卡,高度压缩两两组合,Pontiac,LeMans/LeMans,LeMans,/,/,无可用尺码,1964-1976/1993,Hatchback/Wagon/Coupe,/,,,1964-1993,Coupe/Hatchback/Wagon,,fallback,Pontiac LeMans 1964 Coupe 原子事实对应多条候选记录
非皮卡,高度压缩两两组合,Pontiac,LeMans/LeMans,LeMans,/,/,4XL,1964-1977/1970-1972,Sedan/Convertible,/,,,1964-1977,Convertible/Sedan,,fallback,Pontiac LeMans 1964 Convertible 原子事实对应多条候选记录
非皮卡,高度压缩两两组合,Pontiac,LeMans/LeMans,LeMans,/,/,4XL,1964-1977/1971-1977,Sedan/Coupe,/,,,1964-1977,Coupe/Sedan,,fallback,Pontiac LeMans 1964 Coupe 原子事实对应多条候选记录
非皮卡,高度压缩两两组合,Pontiac,LeMans/LeMans,LeMans,/,/,4XL,1964-1977/1977,Sedan/Coupe,/Can Am,,,1964-1977,Coupe/Sedan,Incl: Can Am,fallback,Pontiac LeMans 1964 Coupe 原子事实对应多条候选记录
非皮卡,高度压缩两两组合,Pontiac,LeMans/LeMans,LeMans,/,/,无可用尺码,1968-1969/1970,Convertible/Coupe/Coupe,/,,,1968-1970,Convertible/Coupe,,fallback,Pontiac LeMans 1970 Convertible 原子事实对应多条候选记录
非皮卡,高度压缩两两组合,Pontiac,LeMans/LeMans,LeMans,/,/,无可用尺码,1968-1969/1977-1980,Convertible/Coupe/Hatchback,/,,,1968-1980,Convertible/Coupe/Hatchback,,fallback,Pontiac LeMans 1968 Hatchback 原子事实对应多条候选记录
非皮卡,高度压缩两两组合,Pontiac,LeMans/LeMans,LeMans,/,/,无可用尺码,1968-1969/1978-1979,Convertible/Coupe/Coupe,/,,,1968-1979,Convertible/Coupe,,fallback,Pontiac LeMans 1970 Convertible 原子事实对应多条候选记录
非皮卡,高度压缩两两组合,Pontiac,LeMans/LeMans,LeMans,/,/,无可用尺码,1968-1969/1978-1980,Convertible/Coupe/Sedan,/,,,1968-1980,Convertible/Coupe/Sedan,,fallback,Pontiac LeMans 1968 Sedan 原子事实对应多条候选记录
非皮卡,高度压缩两两组合,Pontiac,LeMans/LeMans,LeMans,/,/,无可用尺码,1968-1969/1979-1980,Convertible/Coupe/Wagon,/,,,1968-1980,Convertible/Coupe/Wagon,,fallback,Pontiac LeMans 1968 Wagon 原子事实对应多条候选记录
非皮卡,高度压缩两两组合,Pontiac,LeMans/LeMans,LeMans,/,/,无可用尺码,1968-1969/1981,Convertible/Coupe/Coupe,/,,,1968-1981,Convertible/Coupe,,fallback,Pontiac LeMans 1970 Convertible 原子事实对应多条候选记录
非皮卡,高度压缩两两组合,Pontiac,LeMans/LeMans,LeMans,/,/,无可用尺码,1968-1969/1988-1993,Convertible/Coupe/Hatchback,/,,,1968-1993,Convertible/Coupe/Hatchback,,fallback,Pontiac LeMans 1968 Hatchback 原子事实对应多条候选记录
非皮卡,高度压缩两两组合,Pontiac,LeMans/LeMans,LeMans,/,/,无可用尺码,1968-1969/1988-1993,Convertible/Coupe/Sedan,/,,,1968-1993,Convertible/Coupe/Sedan,,fallback,Pontiac LeMans 1968 Sedan 原子事实对应多条候选记录
非皮卡,高度压缩两两组合,Pontiac,LeMans/LeMans,LeMans,/,/,无可用尺码,1968-1969/1993,Convertible/Coupe/Coupe,/,,,1968-1993,Convertible/Coupe,,fallback,Pontiac LeMans 1970 Convertible 原子事实对应多条候选记录
非皮卡,高度压缩两两组合,Pontiac,LeMans/LeMans,LeMans,/,/,无可用尺码,1970/1977-1980,Coupe/Hatchback,/,,,1970-1980,Coupe/Hatchback,,fallback,Pontiac LeMans 1971 Coupe 原子事实对应多条候选记录
非皮卡,高度压缩两两组合,Pontiac,LeMans/LeMans,LeMans,/,/,无可用尺码,1970/1978-1979,Coupe/Coupe,/,,,1970-1979,Coupe,,fallback,Pontiac LeMans 1971 Coupe 原子事实对应多条候选记录
非皮卡,高度压缩两两组合,Pontiac,LeMans/LeMans,LeMans,/,/,无可用尺码,1970/1978-1980,Coupe/Sedan,/,,,1970-1980,Coupe/Sedan,,fallback,Pontiac LeMans 1970 Sedan 原子事实对应多条候选记录
非皮卡,高度压缩两两组合,Pontiac,LeMans/LeMans,LeMans,/,/,无可用尺码,1970/1979-1980,Coupe/Wagon,/,,,1970-1980,Coupe/Wagon,,fallback,Pontiac LeMans 1970 Wagon 原子事实对应多条候选记录
非皮卡,高度压缩两两组合,Pontiac,LeMans/LeMans,LeMans,/,/,无可用尺码,1970/1981,Coupe/Coupe,/,,,1970-1981,Coupe,,fallback,Pontiac LeMans 1971 Coupe 原子事实对应多条候选记录
非皮卡,高度压缩两两组合,Pontiac,LeMans/LeMans,LeMans,/,/,无可用尺码,1970/1988-1993,Coupe/Hatchback,/,,,1970-1993,Coupe/Hatchback,,fallback,Pontiac LeMans 1971 Coupe 原子事实对应多条候选记录
非皮卡,高度压缩两两组合,Pontiac,LeMans/LeMans,LeMans,/,/,无可用尺码,1970/1988-1993,Coupe/Sedan,/,,,1970-1993,Coupe/Sedan,,fallback,Pontiac LeMans 1970 Sedan 原子事实对应多条候选记录
非皮卡,高度压缩两两组合,Pontiac,LeMans/LeMans,LeMans,/,/,无可用尺码,1970/1993,Coupe/Coupe,/,,,1970-1993,Coupe,,fallback,Pontiac LeMans 1971 Coupe 原子事实对应多条候选记录
非皮卡,高度压缩两两组合,Pontiac,LeMans/LeMans,LeMans,/,/,4XL,1970-1972/1971-1977,Convertible/Coupe,/,,,1970-1977,Convertible/Coupe,,fallback,Pontiac LeMans 1970 Coupe 原子事实对应多条候选记录
非皮卡,高度压缩两两组合,Pontiac,LeMans/LeMans,LeMans,/,/,4XL,1970-1972/1977,Convertible/Coupe,/Can Am,,,1970-1977,Convertible/Coupe,Incl: Can Am,fallback,Pontiac LeMans 1970 Coupe 原子事实对应多条候选记录
非皮卡,高度压缩两两组合,Pontiac,LeMans/LeMans,LeMans,/,/,4XL,1971-1977/1977,Coupe/Coupe,/Can Am,,,1971-1977,Coupe,Incl: Can Am,success,
非皮卡,高度压缩两两组合,Pontiac,LeMans/LeMans,LeMans,/,/,无可用尺码,1961-1963/1964-1976,Convertible/Coupe/Wagon/Hatchback/Wagon,Incl: LeMans/Safari/Tempest/Tempest LeMans/,,,1961-1976,Convertible/Coupe/Hatchback/Wagon,Incl: LeMans/Safari/Tempest/Tempest LeMans,fallback,Pontiac LeMans 1964 Convertible 原子事实对应多条候选记录
非皮卡,高度压缩两两组合,Pontiac,LeMans/LeMans,LeMans,/,/,无可用尺码,1961-1963/1968-1969,Convertible/Coupe/Wagon/Convertible/Coupe,Incl: LeMans/Safari/Tempest/Tempest LeMans/,,,1961-1969,Convertible/Coupe/Wagon,Incl: LeMans/Safari/Tempest/Tempest LeMans,fallback,Pontiac LeMans 1964 Convertible 原子事实对应多条候选记录
非皮卡,高度压缩两两组合,Pontiac,LeMans/LeMans,LeMans,/,/,无可用尺码,1961-1963/1970,Convertible/Coupe/Wagon/Coupe,Incl: LeMans/Safari/Tempest/Tempest LeMans/,,,1961-1970,Convertible/Coupe/Wagon,Incl: LeMans/Safari/Tempest/Tempest LeMans,fallback,Pontiac LeMans 1964 Convertible 原子事实对应多条候选记录
非皮卡,高度压缩两两组合,Pontiac,LeMans/LeMans,LeMans,/,/,无可用尺码,1961-1963/1977-1980,Convertible/Coupe/Wagon/Hatchback,Incl: LeMans/Safari/Tempest/Tempest LeMans/,,,1961-1980,Convertible/Coupe/Hatchback/Wagon,Incl: LeMans/Safari/Tempest/Tempest LeMans,fallback,Pontiac LeMans 1964 Convertible 原子事实对应多条候选记录
非皮卡,高度压缩两两组合,Pontiac,LeMans/LeMans,LeMans,/,/,无可用尺码,1961-1963/1978-1979,Convertible/Coupe/Wagon/Coupe,Incl: LeMans/Safari/Tempest/Tempest LeMans/,,,1961-1979,Convertible/Coupe/Wagon,Incl: LeMans/Safari/Tempest/Tempest LeMans,fallback,Pontiac LeMans 1964 Convertible 原子事实对应多条候选记录
非皮卡,高度压缩两两组合,Pontiac,LeMans/LeMans,LeMans,/,/,无可用尺码,1961-1963/1978-1980,Convertible/Coupe/Wagon/Sedan,Incl: LeMans/Safari/Tempest/Tempest LeMans/,,,1961-1980,Convertible/Coupe/Sedan/Wagon,Incl: LeMans/Safari/Tempest/Tempest LeMans,fallback,Pontiac LeMans 1964 Convertible 原子事实对应多条候选记录
非皮卡,高度压缩两两组合,Pontiac,LeMans/LeMans,LeMans,/,/,无可用尺码,1961-1963/1979-1980,Convertible/Coupe/Wagon/Wagon,Incl: LeMans/Safari/Tempest/Tempest LeMans/,,,1961-1980,Convertible/Coupe/Wagon,Incl: LeMans/Safari/Tempest/Tempest LeMans,fallback,Pontiac LeMans 1964 Convertible 原子事实对应多条候选记录
非皮卡,高度压缩两两组合,Pontiac,LeMans/LeMans,LeMans,/,/,无可用尺码,1961-1963/1981,Convertible/Coupe/Wagon/Coupe,Incl: LeMans/Safari/Tempest/Tempest LeMans/,,,1961-1981,Convertible/Coupe/Wagon,Incl: LeMans/Safari/Tempest/Tempest LeMans,fallback,Pontiac LeMans 1964 Convertible 原子事实对应多条候选记录
非皮卡,高度压缩两两组合,Pontiac,LeMans/LeMans,LeMans,/,/,无可用尺码,1961-1963/1988-1993,Convertible/Coupe/Wagon/Hatchback,Incl: LeMans/Safari/Tempest/Tempest LeMans/,,,1961-1993,Convertible/Coupe/Hatchback/Wagon,Incl: LeMans/Safari/Tempest/Tempest LeMans,fallback,Pontiac LeMans 1964 Convertible 原子事实对应多条候选记录
非皮卡,高度压缩两两组合,Pontiac,LeMans/LeMans,LeMans,/,/,无可用尺码,1961-1963/1988-1993,Convertible/Coupe/Wagon/Sedan,Incl: LeMans/Safari/Tempest/Tempest LeMans/,,,1961-1993,Convertible/Coupe/Sedan/Wagon,Incl: LeMans/Safari/Tempest/Tempest LeMans,fallback,Pontiac LeMans 1964 Convertible 原子事实对应多条候选记录
非皮卡,高度压缩两两组合,Pontiac,LeMans/LeMans,LeMans,/,/,无可用尺码,1961-1963/1993,Convertible/Coupe/Wagon/Coupe,Incl: LeMans/Safari/Tempest/Tempest LeMans/,,,1961-1993,Convertible/Coupe/Wagon,Incl: LeMans/Safari/Tempest/Tempest LeMans,fallback,Pontiac LeMans 1964 Convertible 原子事实对应多条候选记录
非皮卡,高度压缩两两组合,Pontiac,LeMans/LeMans,LeMans,/,/,4XL,1964-1967/1964-1977,Convertible/Coupe/Sedan,/,,,1964-1977,Convertible/Coupe/Sedan,,fallback,Pontiac LeMans 1968 Convertible 原子事实对应多条候选记录
非皮卡,高度压缩两两组合,Pontiac,LeMans/LeMans,LeMans,/,/,4XL,1964-1967/1970-1972,Convertible/Coupe/Convertible,/,,,1964-1972,Convertible/Coupe,,fallback,Pontiac LeMans 1968 Convertible 原子事实对应多条候选记录
非皮卡,高度压缩两两组合,Pontiac,LeMans/LeMans,LeMans,/,/,4XL,1964-1967/1971-1977,Convertible/Coupe/Coupe,/Incl: Can Am,,,1964-1977,Convertible/Coupe,Incl: Can Am,fallback,Pontiac LeMans 1968 Convertible 原子事实对应多条候选记录
非皮卡,高度压缩两两组合,Pontiac,LeMans/LeMans,LeMans,/,/,无可用尺码,1964-1976/1968-1969,Hatchback/Wagon/Convertible/Coupe,/,,,1964-1976,Convertible/Coupe/Hatchback/Wagon,,fallback,Pontiac LeMans 1964 Convertible 原子事实对应多条候选记录
非皮卡,高度压缩两两组合,Pontiac,LeMans/LeMans,LeMans,/,/,无可用尺码,1964-1976/1970,Hatchback/Wagon/Coupe,/,,,1964-1976,Coupe/Hatchback/Wagon,,fallback,Pontiac LeMans 1964 Coupe 原子事实对应多条候选记录
非皮卡,高度压缩两两组合,Pontiac,LeMans/LeMans,LeMans,/,/,无可用尺码,1964-1976/1977-1980,Hatchback/Wagon/Hatchback,/,,,1964-1980,Hatchback/Wagon,,fallback,Pontiac LeMans 1979 Wagon 原子事实对应多条候选记录
非皮卡,高度压缩两两组合,Pontiac,LeMans/LeMans,LeMans,/,/,无可用尺码,1964-1976/1978-1979,Hatchback/Wagon/Coupe,/,,,1964-1979,Coupe/Hatchback/Wagon,,fallback,Pontiac LeMans 1964 Coupe 原子事实对应多条候选记录
非皮卡,高度压缩两两组合,Pontiac,LeMans/LeMans,LeMans,/,/,无可用尺码,1964-1976/1978-1980,Hatchback/Wagon/Sedan,/,,,1964-1980,Hatchback/Sedan/Wagon,,fallback,Pontiac LeMans 1964 Sedan 原子事实对应多条候选记录
非皮卡,高度压缩两两组合,Pontiac,LeMans/LeMans,LeMans,/,/,无可用尺码,1964-1976/1979-1980,Hatchback/Wagon/Wagon,/,,,1964-1980,Hatchback/Wagon,,fallback,Pontiac LeMans 1977 Hatchback 原子事实对应多条候选记录
非皮卡,高度压缩两两组合,Pontiac,LeMans/LeMans,LeMans,/,/,无可用尺码,1964-1976/1981,Hatchback/Wagon/Coupe,/,,,1964-1981,Coupe/Hatchback/Wagon,,fallback,Pontiac LeMans 1964 Coupe 原子事实对应多条候选记录
非皮卡,高度压缩两两组合,Pontiac,LeMans/LeMans,LeMans,/,/,无可用尺码,1964-1976/1988-1993,Hatchback/Wagon/Hatchback,/,,,1964-1993,Hatchback/Wagon,,fallback,Pontiac LeMans 1977 Hatchback 原子事实对应多条候选记录
非皮卡,高度压缩两两组合,Pontiac,LeMans/LeMans,LeMans,/,/,无可用尺码,1964-1976/1988-1993,Hatchback/Wagon/Sedan,/,,,1964-1993,Hatchback/Sedan/Wagon,,fallback,Pontiac LeMans 1964 Sedan 原子事实对应多条候选记录
非皮卡,高度压缩两两组合,Pontiac,LeMans/LeMans,LeMans,/,/,无可用尺码,1964-1976/1993,Hatchback/Wagon/Coupe,/,,,1964-1993,Coupe/Hatchback/Wagon,,fallback,Pontiac LeMans 1964 Coupe 原子事实对应多条候选记录
非皮卡,高度压缩两两组合,Pontiac,LeMans/LeMans,LeMans,/,/,4XL,1964-1977/1970-1972,Sedan/Convertible,/,,,1964-1977,Convertible/Sedan,,fallback,Pontiac LeMans 1964 Convertible 原子事实对应多条候选记录
非皮卡,高度压缩两两组合,Pontiac,LeMans/LeMans,LeMans,/,/,4XL,1964-1977/1971-1977,Sedan/Coupe,/Incl: Can Am,,,1964-1977,Coupe/Sedan,Incl: Can Am,fallback,Pontiac LeMans 1964 Coupe 原子事实对应多条候选记录
非皮卡,高度压缩两两组合,Pontiac,LeMans/LeMans,LeMans,/,/,无可用尺码,1968-1969/1970,Convertible/Coupe/Coupe,/,,,1968-1970,Convertible/Coupe,,fallback,Pontiac LeMans 1970 Convertible 原子事实对应多条候选记录
非皮卡,高度压缩两两组合,Pontiac,LeMans/LeMans,LeMans,/,/,无可用尺码,1968-1969/1977-1980,Convertible/Coupe/Hatchback,/,,,1968-1980,Convertible/Coupe/Hatchback,,fallback,Pontiac LeMans 1968 Hatchback 原子事实对应多条候选记录
非皮卡,高度压缩两两组合,Pontiac,LeMans/LeMans,LeMans,/,/,无可用尺码,1968-1969/1978-1979,Convertible/Coupe/Coupe,/,,,1968-1979,Convertible/Coupe,,fallback,Pontiac LeMans 1970 Convertible 原子事实对应多条候选记录
非皮卡,高度压缩两两组合,Pontiac,LeMans/LeMans,LeMans,/,/,无可用尺码,1968-1969/1978-1980,Convertible/Coupe/Sedan,/,,,1968-1980,Convertible/Coupe/Sedan,,fallback,Pontiac LeMans 1968 Sedan 原子事实对应多条候选记录
非皮卡,高度压缩两两组合,Pontiac,LeMans/LeMans,LeMans,/,/,无可用尺码,1968-1969/1979-1980,Convertible/Coupe/Wagon,/,,,1968-1980,Convertible/Coupe/Wagon,,fallback,Pontiac LeMans 1968 Wagon 原子事实对应多条候选记录
非皮卡,高度压缩两两组合,Pontiac,LeMans/LeMans,LeMans,/,/,无可用尺码,1968-1969/1981,Convertible/Coupe/Coupe,/,,,1968-1981,Convertible/Coupe,,fallback,Pontiac LeMans 1970 Convertible 原子事实对应多条候选记录
非皮卡,高度压缩两两组合,Pontiac,LeMans/LeMans,LeMans,/,/,无可用尺码,1968-1969/1988-1993,Convertible/Coupe/Hatchback,/,,,1968-1993,Convertible/Coupe/Hatchback,,fallback,Pontiac LeMans 1968 Hatchback 原子事实对应多条候选记录
非皮卡,高度压缩两两组合,Pontiac,LeMans/LeMans,LeMans,/,/,无可用尺码,1968-1969/1988-1993,Convertible/Coupe/Sedan,/,,,1968-1993,Convertible/Coupe/Sedan,,fallback,Pontiac LeMans 1968 Sedan 原子事实对应多条候选记录
非皮卡,高度压缩两两组合,Pontiac,LeMans/LeMans,LeMans,/,/,无可用尺码,1968-1969/1993,Convertible/Coupe/Coupe,/,,,1968-1993,Convertible/Coupe,,fallback,Pontiac LeMans 1970 Convertible 原子事实对应多条候选记录
非皮卡,高度压缩两两组合,Pontiac,LeMans/LeMans,LeMans,/,/,无可用尺码,1970/1977-1980,Coupe/Hatchback,/,,,1970-1980,Coupe/Hatchback,,fallback,Pontiac LeMans 1971 Coupe 原子事实对应多条候选记录
非皮卡,高度压缩两两组合,Pontiac,LeMans/LeMans,LeMans,/,/,无可用尺码,1970/1978-1979,Coupe/Coupe,/,,,1970-1979,Coupe,,fallback,Pontiac LeMans 1971 Coupe 原子事实对应多条候选记录
非皮卡,高度压缩两两组合,Pontiac,LeMans/LeMans,LeMans,/,/,无可用尺码,1970/1978-1980,Coupe/Sedan,/,,,1970-1980,Coupe/Sedan,,fallback,Pontiac LeMans 1970 Sedan 原子事实对应多条候选记录
非皮卡,高度压缩两两组合,Pontiac,LeMans/LeMans,LeMans,/,/,无可用尺码,1970/1979-1980,Coupe/Wagon,/,,,1970-1980,Coupe/Wagon,,fallback,Pontiac LeMans 1970 Wagon 原子事实对应多条候选记录
非皮卡,高度压缩两两组合,Pontiac,LeMans/LeMans,LeMans,/,/,无可用尺码,1970/1981,Coupe/Coupe,/,,,1970-1981,Coupe,,fallback,Pontiac LeMans 1971 Coupe 原子事实对应多条候选记录
非皮卡,高度压缩两两组合,Pontiac,LeMans/LeMans,LeMans,/,/,无可用尺码,1970/1988-1993,Coupe/Hatchback,/,,,1970-1993,Coupe/Hatchback,,fallback,Pontiac LeMans 1971 Coupe 原子事实对应多条候选记录
非皮卡,高度压缩两两组合,Pontiac,LeMans/LeMans,LeMans,/,/,无可用尺码,1970/1988-1993,Coupe/Sedan,/,,,1970-1993,Coupe/Sedan,,fallback,Pontiac LeMans 1970 Sedan 原子事实对应多条候选记录
非皮卡,高度压缩两两组合,Pontiac,LeMans/LeMans,LeMans,/,/,无可用尺码,1970/1993,Coupe/Coupe,/,,,1970-1993,Coupe,,fallback,Pontiac LeMans 1971 Coupe 原子事实对应多条候选记录
非皮卡,高度压缩两两组合,Pontiac,LeMans/LeMans,LeMans,/,/,4XL,1970-1972/1971-1977,Convertible/Coupe,/Incl: Can Am,,,1970-1977,Convertible/Coupe,Incl: Can Am,fallback,Pontiac LeMans 1970 Coupe 原子事实对应多条候选记录
非皮卡,高度压缩两两组合,Pontiac,LeMans/LeMans,LeMans,/,/,无可用尺码,1977-1980/1978-1979,Hatchback/Coupe,/,,,1977-1980,Coupe/Hatchback,,fallback,Pontiac LeMans 1977 Coupe 原子事实对应多条候选记录
非皮卡,高度压缩两两组合,Pontiac,LeMans/LeMans,LeMans,/,/,无可用尺码,1977-1980/1978-1980,Hatchback/Sedan,/,,,1977-1980,Hatchback/Sedan,,fallback,Pontiac LeMans 1977 Sedan 原子事实对应多条候选记录
非皮卡,高度压缩两两组合,Pontiac,LeMans/LeMans,LeMans,/,/,无可用尺码,1977-1980/1979-1980,Hatchback/Wagon,/,,,1977-1980,Hatchback/Wagon,,success,
非皮卡,高度压缩两两组合,Pontiac,LeMans/LeMans,LeMans,/,/,无可用尺码,1961-1963/1964-1976,Convertible/Coupe/Wagon/Hatchback/Wagon,Incl: LeMans/Safari/Tempest/Tempest LeMans/,,,1961-1976,Convertible/Coupe/Hatchback/Wagon,Incl: LeMans/Safari/Tempest/Tempest LeMans,fallback,Pontiac LeMans 1964 Convertible 原子事实对应多条候选记录
非皮卡,高度压缩两两组合,Pontiac,LeMans/LeMans,LeMans,/,/,无可用尺码,1961-1963/1968-1969,Convertible/Coupe/Wagon/Convertible/Coupe,Incl: LeMans/Safari/Tempest/Tempest LeMans/,,,1961-1969,Convertible/Coupe/Wagon,Incl: LeMans/Safari/Tempest/Tempest LeMans,fallback,Pontiac LeMans 1964 Convertible 原子事实对应多条候选记录
非皮卡,高度压缩两两组合,Pontiac,LeMans/LeMans,LeMans,/,/,无可用尺码,1961-1963/1970,Convertible/Coupe/Wagon/Coupe,Incl: LeMans/Safari/Tempest/Tempest LeMans/,,,1961-1970,Convertible/Coupe/Wagon,Incl: LeMans/Safari/Tempest/Tempest LeMans,fallback,Pontiac LeMans 1964 Convertible 原子事实对应多条候选记录
非皮卡,高度压缩两两组合,Pontiac,LeMans/LeMans,LeMans,/,/,无可用尺码,1961-1963/1977-1980,Convertible/Coupe/Wagon/Hatchback/Wagon,Incl: LeMans/Safari/Tempest/Tempest LeMans/,,,1961-1980,Convertible/Coupe/Hatchback/Wagon,Incl: LeMans/Safari/Tempest/Tempest LeMans,fallback,Pontiac LeMans 1964 Convertible 原子事实对应多条候选记录
非皮卡,高度压缩两两组合,Pontiac,LeMans/LeMans,LeMans,/,/,无可用尺码,1961-1963/1978-1979,Convertible/Coupe/Wagon/Coupe,Incl: LeMans/Safari/Tempest/Tempest LeMans/,,,1961-1979,Convertible/Coupe/Wagon,Incl: LeMans/Safari/Tempest/Tempest LeMans,fallback,Pontiac LeMans 1964 Convertible 原子事实对应多条候选记录
非皮卡,高度压缩两两组合,Pontiac,LeMans/LeMans,LeMans,/,/,无可用尺码,1961-1963/1978-1980,Convertible/Coupe/Wagon/Sedan,Incl: LeMans/Safari/Tempest/Tempest LeMans/,,,1961-1980,Convertible/Coupe/Sedan/Wagon,Incl: LeMans/Safari/Tempest/Tempest LeMans,fallback,Pontiac LeMans 1964 Convertible 原子事实对应多条候选记录
非皮卡,高度压缩两两组合,Pontiac,LeMans/LeMans,LeMans,/,/,无可用尺码,1961-1963/1981,Convertible/Coupe/Wagon/Coupe,Incl: LeMans/Safari/Tempest/Tempest LeMans/,,,1961-1981,Convertible/Coupe/Wagon,Incl: LeMans/Safari/Tempest/Tempest LeMans,fallback,Pontiac LeMans 1964 Convertible 原子事实对应多条候选记录
非皮卡,高度压缩两两组合,Pontiac,LeMans/LeMans,LeMans,/,/,无可用尺码,1961-1963/1988-1993,Convertible/Coupe/Wagon/Hatchback,Incl: LeMans/Safari/Tempest/Tempest LeMans/,,,1961-1993,Convertible/Coupe/Hatchback/Wagon,Incl: LeMans/Safari/Tempest/Tempest LeMans,fallback,Pontiac LeMans 1964 Convertible 原子事实对应多条候选记录
非皮卡,高度压缩两两组合,Pontiac,LeMans/LeMans,LeMans,/,/,无可用尺码,1961-1963/1988-1993,Convertible/Coupe/Wagon/Sedan,Incl: LeMans/Safari/Tempest/Tempest LeMans/,,,1961-1993,Convertible/Coupe/Sedan/Wagon,Incl: LeMans/Safari/Tempest/Tempest LeMans,fallback,Pontiac LeMans 1964 Convertible 原子事实对应多条候选记录
非皮卡,高度压缩两两组合,Pontiac,LeMans/LeMans,LeMans,/,/,无可用尺码,1961-1963/1993,Convertible/Coupe/Wagon/Coupe,Incl: LeMans/Safari/Tempest/Tempest LeMans/,,,1961-1993,Convertible/Coupe/Wagon,Incl: LeMans/Safari/Tempest/Tempest LeMans,fallback,Pontiac LeMans 1964 Convertible 原子事实对应多条候选记录
非皮卡,高度压缩两两组合,Pontiac,LeMans/LeMans,LeMans,/,/,4XL,1964-1967/1964-1977,Convertible/Coupe/Sedan,/,,,1964-1977,Convertible/Coupe/Sedan,,fallback,Pontiac LeMans 1968 Convertible 原子事实对应多条候选记录
非皮卡,高度压缩两两组合,Pontiac,LeMans/LeMans,LeMans,/,/,4XL,1964-1967/1970-1972,Convertible/Coupe/Convertible,/,,,1964-1972,Convertible/Coupe,,fallback,Pontiac LeMans 1968 Convertible 原子事实对应多条候选记录
非皮卡,高度压缩两两组合,Pontiac,LeMans/LeMans,LeMans,/,/,4XL,1964-1967/1971-1977,Convertible/Coupe/Coupe,/Incl: Can Am,,,1964-1977,Convertible/Coupe,Incl: Can Am,fallback,Pontiac LeMans 1968 Convertible 原子事实对应多条候选记录
非皮卡,高度压缩两两组合,Pontiac,LeMans/LeMans,LeMans,/,/,无可用尺码,1964-1976/1968-1969,Hatchback/Wagon/Convertible/Coupe,/,,,1964-1976,Convertible/Coupe/Hatchback/Wagon,,fallback,Pontiac LeMans 1964 Convertible 原子事实对应多条候选记录
非皮卡,高度压缩两两组合,Pontiac,LeMans/LeMans,LeMans,/,/,无可用尺码,1964-1976/1970,Hatchback/Wagon/Coupe,/,,,1964-1976,Coupe/Hatchback/Wagon,,fallback,Pontiac LeMans 1964 Coupe 原子事实对应多条候选记录
非皮卡,高度压缩两两组合,Pontiac,LeMans/LeMans,LeMans,/,/,无可用尺码,1964-1976/1977-1980,Hatchback/Wagon/Hatchback/Wagon,/,,,1964-1980,Hatchback/Wagon,,success,
非皮卡,高度压缩两两组合,Pontiac,LeMans/LeMans,LeMans,/,/,无可用尺码,1961-1963/1964-1980,Convertible/Coupe/Wagon/Hatchback/Wagon,Incl: LeMans/Safari/Tempest/Tempest LeMans/,,,1961-1980,Convertible/Coupe/Hatchback/Wagon,Incl: LeMans/Safari/Tempest/Tempest LeMans,fallback,Pontiac LeMans 1964 Convertible 原子事实对应多条候选记录
非皮卡,高度压缩两两组合,Pontiac,LeMans/LeMans,LeMans,/,/,无可用尺码,1961-1963/1968-1969,Convertible/Coupe/Wagon/Convertible/Coupe,Incl: LeMans/Safari/Tempest/Tempest LeMans/,,,1961-1969,Convertible/Coupe/Wagon,Incl: LeMans/Safari/Tempest/Tempest LeMans,fallback,Pontiac LeMans 1964 Convertible 原子事实对应多条候选记录
非皮卡,高度压缩两两组合,Pontiac,LeMans/LeMans,LeMans,/,/,无可用尺码,1961-1963/1970,Convertible/Coupe/Wagon/Coupe,Incl: LeMans/Safari/Tempest/Tempest LeMans/,,,1961-1970,Convertible/Coupe/Wagon,Incl: LeMans/Safari/Tempest/Tempest LeMans,fallback,Pontiac LeMans 1964 Convertible 原子事实对应多条候选记录
非皮卡,高度压缩两两组合,Pontiac,LeMans/LeMans,LeMans,/,/,无可用尺码,1961-1963/1978-1979,Convertible/Coupe/Wagon/Coupe,Incl: LeMans/Safari/Tempest/Tempest LeMans/,,,1961-1979,Convertible/Coupe/Wagon,Incl: LeMans/Safari/Tempest/Tempest LeMans,fallback,Pontiac LeMans 1964 Convertible 原子事实对应多条候选记录
非皮卡,高度压缩两两组合,Pontiac,LeMans/LeMans,LeMans,/,/,无可用尺码,1961-1963/1978-1980,Convertible/Coupe/Wagon/Sedan,Incl: LeMans/Safari/Tempest/Tempest LeMans/,,,1961-1980,Convertible/Coupe/Sedan/Wagon,Incl: LeMans/Safari/Tempest/Tempest LeMans,fallback,Pontiac LeMans 1964 Convertible 原子事实对应多条候选记录
非皮卡,高度压缩两两组合,Pontiac,LeMans/LeMans,LeMans,/,/,无可用尺码,1961-1963/1981,Convertible/Coupe/Wagon/Coupe,Incl: LeMans/Safari/Tempest/Tempest LeMans/,,,1961-1981,Convertible/Coupe/Wagon,Incl: LeMans/Safari/Tempest/Tempest LeMans,fallback,Pontiac LeMans 1964 Convertible 原子事实对应多条候选记录
非皮卡,高度压缩两两组合,Pontiac,LeMans/LeMans,LeMans,/,/,无可用尺码,1961-1963/1988-1993,Convertible/Coupe/Wagon/Hatchback,Incl: LeMans/Safari/Tempest/Tempest LeMans/,,,1961-1993,Convertible/Coupe/Hatchback/Wagon,Incl: LeMans/Safari/Tempest/Tempest LeMans,fallback,Pontiac LeMans 1964 Convertible 原子事实对应多条候选记录
非皮卡,高度压缩两两组合,Pontiac,LeMans/LeMans,LeMans,/,/,无可用尺码,1961-1963/1988-1993,Convertible/Coupe/Wagon/Sedan,Incl: LeMans/Safari/Tempest/Tempest LeMans/,,,1961-1993,Convertible/Coupe/Sedan/Wagon,Incl: LeMans/Safari/Tempest/Tempest LeMans,fallback,Pontiac LeMans 1964 Convertible 原子事实对应多条候选记录
非皮卡,高度压缩两两组合,Pontiac,LeMans/LeMans,LeMans,/,/,无可用尺码,1961-1963/1993,Convertible/Coupe/Wagon/Coupe,Incl: LeMans/Safari/Tempest/Tempest LeMans/,,,1961-1993,Convertible/Coupe/Wagon,Incl: LeMans/Safari/Tempest/Tempest LeMans,fallback,Pontiac LeMans 1964 Convertible 原子事实对应多条候选记录
非皮卡,高度压缩两两组合,Pontiac,LeMans/LeMans,LeMans,/,/,4XL,1964-1967/1964-1977,Convertible/Coupe/Sedan,/,,,1964-1977,Convertible/Coupe/Sedan,,fallback,Pontiac LeMans 1968 Convertible 原子事实对应多条候选记录
非皮卡,高度压缩两两组合,Pontiac,LeMans/LeMans,LeMans,/,/,4XL,1964-1967/1970-1972,Convertible/Coupe/Convertible,/,,,1964-1972,Convertible/Coupe,,fallback,Pontiac LeMans 1968 Convertible 原子事实对应多条候选记录
非皮卡,高度压缩两两组合,Pontiac,LeMans/LeMans,LeMans,/,/,4XL,1964-1967/1971-1977,Convertible/Coupe/Coupe,/Incl: Can Am,,,1964-1977,Convertible/Coupe,Incl: Can Am,fallback,Pontiac LeMans 1968 Convertible 原子事实对应多条候选记录
非皮卡,高度压缩两两组合,Pontiac,LeMans/LeMans,LeMans,/,/,4XL,1964-1977/1970-1972,Sedan/Convertible,/,,,1964-1977,Convertible/Sedan,,fallback,Pontiac LeMans 1964 Convertible 原子事实对应多条候选记录
非皮卡,高度压缩两两组合,Pontiac,LeMans/LeMans,LeMans,/,/,4XL,1964-1977/1971-1977,Sedan/Coupe,/Incl: Can Am,,,1964-1977,Coupe/Sedan,Incl: Can Am,fallback,Pontiac LeMans 1964 Coupe 原子事实对应多条候选记录
非皮卡,高度压缩两两组合,Pontiac,LeMans/LeMans,LeMans,/,/,无可用尺码,1964-1980/1968-1969,Hatchback/Wagon/Convertible/Coupe,/,,,1964-1980,Convertible/Coupe/Hatchback/Wagon,,fallback,Pontiac LeMans 1964 Convertible 原子事实对应多条候选记录
非皮卡,高度压缩两两组合,Pontiac,LeMans/LeMans,LeMans,/,/,无可用尺码,1964-1980/1970,Hatchback/Wagon/Coupe,/,,,1964-1980,Coupe/Hatchback/Wagon,,fallback,Pontiac LeMans 1964 Coupe 原子事实对应多条候选记录
非皮卡,高度压缩两两组合,Pontiac,LeMans/LeMans,LeMans,/,/,无可用尺码,1964-1980/1978-1979,Hatchback/Wagon/Coupe,/,,,1964-1980,Coupe/Hatchback/Wagon,,fallback,Pontiac LeMans 1964 Coupe 原子事实对应多条候选记录
非皮卡,高度压缩两两组合,Pontiac,LeMans/LeMans,LeMans,/,/,无可用尺码,1964-1980/1978-1980,Hatchback/Wagon/Sedan,/,,,1964-1980,Hatchback/Sedan/Wagon,,fallback,Pontiac LeMans 1964 Sedan 原子事实对应多条候选记录
非皮卡,高度压缩两两组合,Pontiac,LeMans/LeMans,LeMans,/,/,无可用尺码,1964-1980/1981,Hatchback/Wagon/Coupe,/,,,1964-1981,Coupe/Hatchback/Wagon,,fallback,Pontiac LeMans 1964 Coupe 原子事实对应多条候选记录
非皮卡,高度压缩两两组合,Pontiac,LeMans/LeMans,LeMans,/,/,无可用尺码,1964-1980/1988-1993,Hatchback/Wagon/Hatchback,/,,,1964-1993,Hatchback/Wagon,,success,
非皮卡,高度压缩两两组合,Pontiac,LeMans/LeMans,LeMans,/,/,无可用尺码,1961-1963/1964-1993,Convertible/Coupe/Wagon/Hatchback/Wagon,Incl: LeMans/Safari/Tempest/Tempest LeMans/,,,1961-1993,Convertible/Coupe/Hatchback/Wagon,Incl: LeMans/Safari/Tempest/Tempest LeMans,fallback,Pontiac LeMans 1964 Convertible 原子事实对应多条候选记录
非皮卡,高度压缩两两组合,Pontiac,LeMans/LeMans,LeMans,/,/,无可用尺码,1961-1963/1968-1969,Convertible/Coupe/Wagon/Convertible/Coupe,Incl: LeMans/Safari/Tempest/Tempest LeMans/,,,1961-1969,Convertible/Coupe/Wagon,Incl: LeMans/Safari/Tempest/Tempest LeMans,fallback,Pontiac LeMans 1964 Convertible 原子事实对应多条候选记录
非皮卡,高度压缩两两组合,Pontiac,LeMans/LeMans,LeMans,/,/,无可用尺码,1961-1963/1970,Convertible/Coupe/Wagon/Coupe,Incl: LeMans/Safari/Tempest/Tempest LeMans/,,,1961-1970,Convertible/Coupe/Wagon,Incl: LeMans/Safari/Tempest/Tempest LeMans,fallback,Pontiac LeMans 1964 Convertible 原子事实对应多条候选记录
非皮卡,高度压缩两两组合,Pontiac,LeMans/LeMans,LeMans,/,/,无可用尺码,1961-1963/1978-1979,Convertible/Coupe/Wagon/Coupe,Incl: LeMans/Safari/Tempest/Tempest LeMans/,,,1961-1979,Convertible/Coupe/Wagon,Incl: LeMans/Safari/Tempest/Tempest LeMans,fallback,Pontiac LeMans 1964 Convertible 原子事实对应多条候选记录
非皮卡,高度压缩两两组合,Pontiac,LeMans/LeMans,LeMans,/,/,无可用尺码,1961-1963/1978-1980,Convertible/Coupe/Wagon/Sedan,Incl: LeMans/Safari/Tempest/Tempest LeMans/,,,1961-1980,Convertible/Coupe/Sedan/Wagon,Incl: LeMans/Safari/Tempest/Tempest LeMans,fallback,Pontiac LeMans 1964 Convertible 原子事实对应多条候选记录
非皮卡,高度压缩两两组合,Pontiac,LeMans/LeMans,LeMans,/,/,无可用尺码,1961-1963/1981,Convertible/Coupe/Wagon/Coupe,Incl: LeMans/Safari/Tempest/Tempest LeMans/,,,1961-1981,Convertible/Coupe/Wagon,Incl: LeMans/Safari/Tempest/Tempest LeMans,fallback,Pontiac LeMans 1964 Convertible 原子事实对应多条候选记录
非皮卡,高度压缩两两组合,Pontiac,LeMans/LeMans,LeMans,/,/,无可用尺码,1961-1963/1988-1993,Convertible/Coupe/Wagon/Sedan,Incl: LeMans/Safari/Tempest/Tempest LeMans/,,,1961-1993,Convertible/Coupe/Sedan/Wagon,Incl: LeMans/Safari/Tempest/Tempest LeMans,fallback,Pontiac LeMans 1964 Convertible 原子事实对应多条候选记录
非皮卡,高度压缩两两组合,Pontiac,LeMans/LeMans,LeMans,/,/,无可用尺码,1961-1963/1993,Convertible/Coupe/Wagon/Coupe,Incl: LeMans/Safari/Tempest/Tempest LeMans/,,,1961-1993,Convertible/Coupe/Wagon,Incl: LeMans/Safari/Tempest/Tempest LeMans,fallback,Pontiac LeMans 1964 Convertible 原子事实对应多条候选记录
非皮卡,高度压缩两两组合,Pontiac,LeMans/LeMans,LeMans,/,/,4XL,1964-1967/1964-1977,Convertible/Coupe/Sedan,/,,,1964-1977,Convertible/Coupe/Sedan,,fallback,Pontiac LeMans 1968 Convertible 原子事实对应多条候选记录
非皮卡,高度压缩两两组合,Pontiac,LeMans/LeMans,LeMans,/,/,4XL,1964-1967/1970-1972,Convertible/Coupe/Convertible,/,,,1964-1972,Convertible/Coupe,,fallback,Pontiac LeMans 1968 Convertible 原子事实对应多条候选记录
非皮卡,高度压缩两两组合,Pontiac,LeMans/LeMans,LeMans,/,/,4XL,1964-1967/1971-1977,Convertible/Coupe/Coupe,/Incl: Can Am,,,1964-1977,Convertible/Coupe,Incl: Can Am,fallback,Pontiac LeMans 1968 Convertible 原子事实对应多条候选记录
非皮卡,高度压缩两两组合,Pontiac,LeMans/LeMans,LeMans,/,/,4XL,1964-1977/1970-1972,Sedan/Convertible,/,,,1964-1977,Convertible/Sedan,,fallback,Pontiac LeMans 1964 Convertible 原子事实对应多条候选记录
非皮卡,高度压缩两两组合,Pontiac,LeMans/LeMans,LeMans,/,/,4XL,1964-1977/1971-1977,Sedan/Coupe,/Incl: Can Am,,,1964-1977,Coupe/Sedan,Incl: Can Am,fallback,Pontiac LeMans 1964 Coupe 原子事实对应多条候选记录
非皮卡,高度压缩两两组合,Pontiac,LeMans/LeMans,LeMans,/,/,无可用尺码,1964-1993/1968-1969,Hatchback/Wagon/Convertible/Coupe,/,,,1964-1993,Convertible/Coupe/Hatchback/Wagon,,fallback,Pontiac LeMans 1964 Convertible 原子事实对应多条候选记录
非皮卡,高度压缩两两组合,Pontiac,LeMans/LeMans,LeMans,/,/,无可用尺码,1964-1993/1970,Hatchback/Wagon/Coupe,/,,,1964-1993,Coupe/Hatchback/Wagon,,fallback,Pontiac LeMans 1964 Coupe 原子事实对应多条候选记录
非皮卡,高度压缩两两组合,Pontiac,LeMans/LeMans,LeMans,/,/,无可用尺码,1964-1993/1978-1979,Hatchback/Wagon/Coupe,/,,,1964-1993,Coupe/Hatchback/Wagon,,fallback,Pontiac LeMans 1964 Coupe 原子事实对应多条候选记录
非皮卡,高度压缩两两组合,Pontiac,LeMans/LeMans,LeMans,/,/,无可用尺码,1964-1993/1978-1980,Hatchback/Wagon/Sedan,/,,,1964-1993,Hatchback/Sedan/Wagon,,fallback,Pontiac LeMans 1964 Sedan 原子事实对应多条候选记录
非皮卡,高度压缩两两组合,Pontiac,LeMans/LeMans,LeMans,/,/,无可用尺码,1964-1993/1981,Hatchback/Wagon/Coupe,/,,,1964-1993,Coupe/Hatchback/Wagon,,fallback,Pontiac LeMans 1964 Coupe 原子事实对应多条候选记录
非皮卡,高度压缩两两组合,Pontiac,LeMans/LeMans,LeMans,/,/,无可用尺码,1964-1993/1988-1993,Hatchback/Wagon/Sedan,/,,,1964-1993,Hatchback/Sedan/Wagon,,fallback,Pontiac LeMans 1964 Sedan 原子事实对应多条候选记录
非皮卡,高度压缩两两组合,Pontiac,LeMans/LeMans,LeMans,/,/,无可用尺码,1964-1993/1993,Hatchback/Wagon/Coupe,/,,,1964-1993,Coupe/Hatchback/Wagon,,fallback,Pontiac LeMans 1964 Coupe 原子事实对应多条候选记录
非皮卡,高度压缩两两组合,Pontiac,LeMans/LeMans,LeMans,/,/,无可用尺码,1968-1969/1970,Convertible/Coupe/Coupe,/,,,1968-1970,Convertible/Coupe,,fallback,Pontiac LeMans 1970 Convertible 原子事实对应多条候选记录
非皮卡,高度压缩两两组合,Pontiac,LeMans/LeMans,LeMans,/,/,无可用尺码,1968-1969/1978-1979,Convertible/Coupe/Coupe,/,,,1968-1979,Convertible/Coupe,,fallback,Pontiac LeMans 1970 Convertible 原子事实对应多条候选记录
非皮卡,高度压缩两两组合,Pontiac,LeMans/LeMans,LeMans,/,/,无可用尺码,1968-1969/1978-1980,Convertible/Coupe/Sedan,/,,,1968-1980,Convertible/Coupe/Sedan,,fallback,Pontiac LeMans 1968 Sedan 原子事实对应多条候选记录
非皮卡,高度压缩两两组合,Pontiac,LeMans/LeMans,LeMans,/,/,无可用尺码,1968-1969/1981,Convertible/Coupe/Coupe,/,,,1968-1981,Convertible/Coupe,,fallback,Pontiac LeMans 1970 Convertible 原子事实对应多条候选记录
非皮卡,高度压缩两两组合,Pontiac,LeMans/LeMans,LeMans,/,/,无可用尺码,1968-1969/1988-1993,Convertible/Coupe/Sedan,/,,,1968-1993,Convertible/Coupe/Sedan,,fallback,Pontiac LeMans 1968 Sedan 原子事实对应多条候选记录
非皮卡,高度压缩两两组合,Pontiac,LeMans/LeMans,LeMans,/,/,无可用尺码,1968-1969/1993,Convertible/Coupe/Coupe,/,,,1968-1993,Convertible/Coupe,,fallback,Pontiac LeMans 1970 Convertible 原子事实对应多条候选记录
非皮卡,高度压缩两两组合,Pontiac,LeMans/LeMans,LeMans,/,/,无可用尺码,1970/1978-1979,Coupe/Coupe,/,,,1970-1979,Coupe,,fallback,Pontiac LeMans 1971 Coupe 原子事实对应多条候选记录
非皮卡,高度压缩两两组合,Pontiac,LeMans/LeMans,LeMans,/,/,无可用尺码,1970/1978-1980,Coupe/Sedan,/,,,1970-1980,Coupe/Sedan,,fallback,Pontiac LeMans 1970 Sedan 原子事实对应多条候选记录
非皮卡,高度压缩两两组合,Pontiac,LeMans/LeMans,LeMans,/,/,无可用尺码,1970/1981,Coupe/Coupe,/,,,1970-1981,Coupe,,fallback,Pontiac LeMans 1971 Coupe 原子事实对应多条候选记录
非皮卡,高度压缩两两组合,Pontiac,LeMans/LeMans,LeMans,/,/,无可用尺码,1970/1988-1993,Coupe/Sedan,/,,,1970-1993,Coupe/Sedan,,fallback,Pontiac LeMans 1970 Sedan 原子事实对应多条候选记录
非皮卡,高度压缩两两组合,Pontiac,LeMans/LeMans,LeMans,/,/,无可用尺码,1970/1993,Coupe/Coupe,/,,,1970-1993,Coupe,,fallback,Pontiac LeMans 1971 Coupe 原子事实对应多条候选记录
非皮卡,高度压缩两两组合,Pontiac,LeMans/LeMans,LeMans,/,/,4XL,1970-1972/1971-1977,Convertible/Coupe,/Incl: Can Am,,,1970-1977,Convertible/Coupe,Incl: Can Am,fallback,Pontiac LeMans 1970 Coupe 原子事实对应多条候选记录
非皮卡,高度压缩两两组合,Pontiac,LeMans/LeMans,LeMans,/,/,无可用尺码,1978-1979/1978-1980,Coupe/Sedan,/,,,1978-1980,Coupe/Sedan,,success,
非皮卡,高度压缩两两组合,Pontiac,LeMans/LeMans,LeMans,/,/,无可用尺码,1961-1963/1964-1993,Convertible/Coupe/Wagon/Hatchback/Wagon,Incl: LeMans/Safari/Tempest/Tempest LeMans/,,,1961-1993,Convertible/Coupe/Hatchback/Wagon,Incl: LeMans/Safari/Tempest/Tempest LeMans,fallback,Pontiac LeMans 1964 Convertible 原子事实对应多条候选记录
非皮卡,高度压缩两两组合,Pontiac,LeMans/LeMans,LeMans,/,/,无可用尺码,1961-1963/1968-1969,Convertible/Coupe/Wagon/Convertible/Coupe,Incl: LeMans/Safari/Tempest/Tempest LeMans/,,,1961-1969,Convertible/Coupe/Wagon,Incl: LeMans/Safari/Tempest/Tempest LeMans,fallback,Pontiac LeMans 1964 Convertible 原子事实对应多条候选记录
非皮卡,高度压缩两两组合,Pontiac,LeMans/LeMans,LeMans,/,/,无可用尺码,1961-1963/1970,Convertible/Coupe/Wagon/Coupe,Incl: LeMans/Safari/Tempest/Tempest LeMans/,,,1961-1970,Convertible/Coupe/Wagon,Incl: LeMans/Safari/Tempest/Tempest LeMans,fallback,Pontiac LeMans 1964 Convertible 原子事实对应多条候选记录
非皮卡,高度压缩两两组合,Pontiac,LeMans/LeMans,LeMans,/,/,无可用尺码,1961-1963/1978-1980,Convertible/Coupe/Wagon/Coupe/Sedan,Incl: LeMans/Safari/Tempest/Tempest LeMans/,,,1961-1980,Convertible/Coupe/Sedan/Wagon,Incl: LeMans/Safari/Tempest/Tempest LeMans,fallback,Pontiac LeMans 1964 Convertible 原子事实对应多条候选记录
非皮卡,高度压缩两两组合,Pontiac,LeMans/LeMans,LeMans,/,/,无可用尺码,1961-1963/1981,Convertible/Coupe/Wagon/Coupe,Incl: LeMans/Safari/Tempest/Tempest LeMans/,,,1961-1981,Convertible/Coupe/Wagon,Incl: LeMans/Safari/Tempest/Tempest LeMans,fallback,Pontiac LeMans 1964 Convertible 原子事实对应多条候选记录
非皮卡,高度压缩两两组合,Pontiac,LeMans/LeMans,LeMans,/,/,无可用尺码,1961-1963/1988-1993,Convertible/Coupe/Wagon/Sedan,Incl: LeMans/Safari/Tempest/Tempest LeMans/,,,1961-1993,Convertible/Coupe/Sedan/Wagon,Incl: LeMans/Safari/Tempest/Tempest LeMans,fallback,Pontiac LeMans 1964 Convertible 原子事实对应多条候选记录
非皮卡,高度压缩两两组合,Pontiac,LeMans/LeMans,LeMans,/,/,无可用尺码,1961-1963/1993,Convertible/Coupe/Wagon/Coupe,Incl: LeMans/Safari/Tempest/Tempest LeMans/,,,1961-1993,Convertible/Coupe/Wagon,Incl: LeMans/Safari/Tempest/Tempest LeMans,fallback,Pontiac LeMans 1964 Convertible 原子事实对应多条候选记录
非皮卡,高度压缩两两组合,Pontiac,LeMans/LeMans,LeMans,/,/,4XL,1964-1967/1964-1977,Convertible/Coupe/Sedan,/,,,1964-1977,Convertible/Coupe/Sedan,,fallback,Pontiac LeMans 1968 Convertible 原子事实对应多条候选记录
非皮卡,高度压缩两两组合,Pontiac,LeMans/LeMans,LeMans,/,/,4XL,1964-1967/1970-1972,Convertible/Coupe/Convertible,/,,,1964-1972,Convertible/Coupe,,fallback,Pontiac LeMans 1968 Convertible 原子事实对应多条候选记录
非皮卡,高度压缩两两组合,Pontiac,LeMans/LeMans,LeMans,/,/,4XL,1964-1967/1971-1977,Convertible/Coupe/Coupe,/Incl: Can Am,,,1964-1977,Convertible/Coupe,Incl: Can Am,fallback,Pontiac LeMans 1968 Convertible 原子事实对应多条候选记录
非皮卡,高度压缩两两组合,Pontiac,LeMans/LeMans,LeMans,/,/,4XL,1964-1977/1970-1972,Sedan/Convertible,/,,,1964-1977,Convertible/Sedan,,fallback,Pontiac LeMans 1964 Convertible 原子事实对应多条候选记录
非皮卡,高度压缩两两组合,Pontiac,LeMans/LeMans,LeMans,/,/,4XL,1964-1977/1971-1977,Sedan/Coupe,/Incl: Can Am,,,1964-1977,Coupe/Sedan,Incl: Can Am,fallback,Pontiac LeMans 1964 Coupe 原子事实对应多条候选记录
非皮卡,高度压缩两两组合,Pontiac,LeMans/LeMans,LeMans,/,/,无可用尺码,1964-1993/1968-1969,Hatchback/Wagon/Convertible/Coupe,/,,,1964-1993,Convertible/Coupe/Hatchback/Wagon,,fallback,Pontiac LeMans 1964 Convertible 原子事实对应多条候选记录
非皮卡,高度压缩两两组合,Pontiac,LeMans/LeMans,LeMans,/,/,无可用尺码,1964-1993/1970,Hatchback/Wagon/Coupe,/,,,1964-1993,Coupe/Hatchback/Wagon,,fallback,Pontiac LeMans 1964 Coupe 原子事实对应多条候选记录
非皮卡,高度压缩两两组合,Pontiac,LeMans/LeMans,LeMans,/,/,无可用尺码,1964-1993/1978-1980,Hatchback/Wagon/Coupe/Sedan,/,,,1964-1993,Coupe/Hatchback/Sedan/Wagon,,fallback,Pontiac LeMans 1964 Coupe 原子事实对应多条候选记录
非皮卡,高度压缩两两组合,Pontiac,LeMans/LeMans,LeMans,/,/,无可用尺码,1964-1993/1981,Hatchback/Wagon/Coupe,/,,,1964-1993,Coupe/Hatchback/Wagon,,fallback,Pontiac LeMans 1964 Coupe 原子事实对应多条候选记录
非皮卡,高度压缩两两组合,Pontiac,LeMans/LeMans,LeMans,/,/,无可用尺码,1964-1993/1988-1993,Hatchback/Wagon/Sedan,/,,,1964-1993,Hatchback/Sedan/Wagon,,fallback,Pontiac LeMans 1964 Sedan 原子事实对应多条候选记录
非皮卡,高度压缩两两组合,Pontiac,LeMans/LeMans,LeMans,/,/,无可用尺码,1964-1993/1993,Hatchback/Wagon/Coupe,/,,,1964-1993,Coupe/Hatchback/Wagon,,fallback,Pontiac LeMans 1964 Coupe 原子事实对应多条候选记录
非皮卡,高度压缩两两组合,Pontiac,LeMans/LeMans,LeMans,/,/,无可用尺码,1968-1969/1970,Convertible/Coupe/Coupe,/,,,1968-1970,Convertible/Coupe,,fallback,Pontiac LeMans 1970 Convertible 原子事实对应多条候选记录
非皮卡,高度压缩两两组合,Pontiac,LeMans/LeMans,LeMans,/,/,无可用尺码,1968-1969/1978-1980,Convertible/Coupe/Coupe/Sedan,/,,,1968-1980,Convertible/Coupe/Sedan,,fallback,Pontiac LeMans 1968 Sedan 原子事实对应多条候选记录
非皮卡,高度压缩两两组合,Pontiac,LeMans/LeMans,LeMans,/,/,无可用尺码,1968-1969/1981,Convertible/Coupe/Coupe,/,,,1968-1981,Convertible/Coupe,,fallback,Pontiac LeMans 1970 Convertible 原子事实对应多条候选记录
非皮卡,高度压缩两两组合,Pontiac,LeMans/LeMans,LeMans,/,/,无可用尺码,1968-1969/1988-1993,Convertible/Coupe/Sedan,/,,,1968-1993,Convertible/Coupe/Sedan,,fallback,Pontiac LeMans 1968 Sedan 原子事实对应多条候选记录
非皮卡,高度压缩两两组合,Pontiac,LeMans/LeMans,LeMans,/,/,无可用尺码,1968-1969/1993,Convertible/Coupe/Coupe,/,,,1968-1993,Convertible/Coupe,,fallback,Pontiac LeMans 1970 Convertible 原子事实对应多条候选记录
非皮卡,高度压缩两两组合,Pontiac,LeMans/LeMans,LeMans,/,/,无可用尺码,1970/1978-1980,Coupe/Coupe/Sedan,/,,,1970-1980,Coupe/Sedan,,fallback,Pontiac LeMans 1970 Sedan 原子事实对应多条候选记录
非皮卡,高度压缩两两组合,Pontiac,LeMans/LeMans,LeMans,/,/,无可用尺码,1970/1981,Coupe/Coupe,/,,,1970-1981,Coupe,,fallback,Pontiac LeMans 1971 Coupe 原子事实对应多条候选记录
非皮卡,高度压缩两两组合,Pontiac,LeMans/LeMans,LeMans,/,/,无可用尺码,1970/1988-1993,Coupe/Sedan,/,,,1970-1993,Coupe/Sedan,,fallback,Pontiac LeMans 1970 Sedan 原子事实对应多条候选记录
非皮卡,高度压缩两两组合,Pontiac,LeMans/LeMans,LeMans,/,/,无可用尺码,1970/1993,Coupe/Coupe,/,,,1970-1993,Coupe,,fallback,Pontiac LeMans 1971 Coupe 原子事实对应多条候选记录
非皮卡,高度压缩两两组合,Pontiac,LeMans/LeMans,LeMans,/,/,4XL,1970-1972/1971-1977,Convertible/Coupe,/Incl: Can Am,,,1970-1977,Convertible/Coupe,Incl: Can Am,fallback,Pontiac LeMans 1970 Coupe 原子事实对应多条候选记录
非皮卡,高度压缩两两组合,Pontiac,LeMans/LeMans,LeMans,/,/,无可用尺码,1978-1980/1981,Coupe/Sedan/Coupe,/,,,1978-1981,Coupe/Sedan,,success,
非皮卡,高度压缩两两组合,Pontiac,LeMans/LeMans,LeMans,/,/,无可用尺码,1961-1963/1964-1993,Convertible/Coupe/Wagon/Hatchback/Wagon,Incl: LeMans/Safari/Tempest/Tempest LeMans/,,,1961-1993,Convertible/Coupe/Hatchback/Wagon,Incl: LeMans/Safari/Tempest/Tempest LeMans,fallback,Pontiac LeMans 1964 Convertible 原子事实对应多条候选记录
非皮卡,高度压缩两两组合,Pontiac,LeMans/LeMans,LeMans,/,/,无可用尺码,1961-1963/1968-1969,Convertible/Coupe/Wagon/Convertible/Coupe,Incl: LeMans/Safari/Tempest/Tempest LeMans/,,,1961-1969,Convertible/Coupe/Wagon,Incl: LeMans/Safari/Tempest/Tempest LeMans,fallback,Pontiac LeMans 1964 Convertible 原子事实对应多条候选记录
非皮卡,高度压缩两两组合,Pontiac,LeMans/LeMans,LeMans,/,/,无可用尺码,1961-1963/1970,Convertible/Coupe/Wagon/Coupe,Incl: LeMans/Safari/Tempest/Tempest LeMans/,,,1961-1970,Convertible/Coupe/Wagon,Incl: LeMans/Safari/Tempest/Tempest LeMans,fallback,Pontiac LeMans 1964 Convertible 原子事实对应多条候选记录
非皮卡,高度压缩两两组合,Pontiac,LeMans/LeMans,LeMans,/,/,无可用尺码,1961-1963/1978-1981,Convertible/Coupe/Wagon/Coupe/Sedan,Incl: LeMans/Safari/Tempest/Tempest LeMans/,,,1961-1981,Convertible/Coupe/Sedan/Wagon,Incl: LeMans/Safari/Tempest/Tempest LeMans,fallback,Pontiac LeMans 1964 Convertible 原子事实对应多条候选记录
非皮卡,高度压缩两两组合,Pontiac,LeMans/LeMans,LeMans,/,/,无可用尺码,1961-1963/1988-1993,Convertible/Coupe/Wagon/Sedan,Incl: LeMans/Safari/Tempest/Tempest LeMans/,,,1961-1993,Convertible/Coupe/Sedan/Wagon,Incl: LeMans/Safari/Tempest/Tempest LeMans,fallback,Pontiac LeMans 1964 Convertible 原子事实对应多条候选记录
非皮卡,高度压缩两两组合,Pontiac,LeMans/LeMans,LeMans,/,/,无可用尺码,1961-1963/1993,Convertible/Coupe/Wagon/Coupe,Incl: LeMans/Safari/Tempest/Tempest LeMans/,,,1961-1993,Convertible/Coupe/Wagon,Incl: LeMans/Safari/Tempest/Tempest LeMans,fallback,Pontiac LeMans 1964 Convertible 原子事实对应多条候选记录
非皮卡,高度压缩两两组合,Pontiac,LeMans/LeMans,LeMans,/,/,4XL,1964-1967/1964-1977,Convertible/Coupe/Sedan,/,,,1964-1977,Convertible/Coupe/Sedan,,fallback,Pontiac LeMans 1968 Convertible 原子事实对应多条候选记录
非皮卡,高度压缩两两组合,Pontiac,LeMans/LeMans,LeMans,/,/,4XL,1964-1967/1970-1972,Convertible/Coupe/Convertible,/,,,1964-1972,Convertible/Coupe,,fallback,Pontiac LeMans 1968 Convertible 原子事实对应多条候选记录
非皮卡,高度压缩两两组合,Pontiac,LeMans/LeMans,LeMans,/,/,4XL,1964-1967/1971-1977,Convertible/Coupe/Coupe,/Incl: Can Am,,,1964-1977,Convertible/Coupe,Incl: Can Am,fallback,Pontiac LeMans 1968 Convertible 原子事实对应多条候选记录
非皮卡,高度压缩两两组合,Pontiac,LeMans/LeMans,LeMans,/,/,4XL,1964-1977/1970-1972,Sedan/Convertible,/,,,1964-1977,Convertible/Sedan,,fallback,Pontiac LeMans 1964 Convertible 原子事实对应多条候选记录
非皮卡,高度压缩两两组合,Pontiac,LeMans/LeMans,LeMans,/,/,4XL,1964-1977/1971-1977,Sedan/Coupe,/Incl: Can Am,,,1964-1977,Coupe/Sedan,Incl: Can Am,fallback,Pontiac LeMans 1964 Coupe 原子事实对应多条候选记录
非皮卡,高度压缩两两组合,Pontiac,LeMans/LeMans,LeMans,/,/,无可用尺码,1964-1993/1968-1969,Hatchback/Wagon/Convertible/Coupe,/,,,1964-1993,Convertible/Coupe/Hatchback/Wagon,,fallback,Pontiac LeMans 1964 Convertible 原子事实对应多条候选记录
非皮卡,高度压缩两两组合,Pontiac,LeMans/LeMans,LeMans,/,/,无可用尺码,1964-1993/1970,Hatchback/Wagon/Coupe,/,,,1964-1993,Coupe/Hatchback/Wagon,,fallback,Pontiac LeMans 1964 Coupe 原子事实对应多条候选记录
非皮卡,高度压缩两两组合,Pontiac,LeMans/LeMans,LeMans,/,/,无可用尺码,1964-1993/1978-1981,Hatchback/Wagon/Coupe/Sedan,/,,,1964-1993,Coupe/Hatchback/Sedan/Wagon,,fallback,Pontiac LeMans 1964 Coupe 原子事实对应多条候选记录
非皮卡,高度压缩两两组合,Pontiac,LeMans/LeMans,LeMans,/,/,无可用尺码,1964-1993/1988-1993,Hatchback/Wagon/Sedan,/,,,1964-1993,Hatchback/Sedan/Wagon,,fallback,Pontiac LeMans 1964 Sedan 原子事实对应多条候选记录
非皮卡,高度压缩两两组合,Pontiac,LeMans/LeMans,LeMans,/,/,无可用尺码,1964-1993/1993,Hatchback/Wagon/Coupe,/,,,1964-1993,Coupe/Hatchback/Wagon,,fallback,Pontiac LeMans 1964 Coupe 原子事实对应多条候选记录
非皮卡,高度压缩两两组合,Pontiac,LeMans/LeMans,LeMans,/,/,无可用尺码,1968-1969/1970,Convertible/Coupe/Coupe,/,,,1968-1970,Convertible/Coupe,,fallback,Pontiac LeMans 1970 Convertible 原子事实对应多条候选记录
非皮卡,高度压缩两两组合,Pontiac,LeMans/LeMans,LeMans,/,/,无可用尺码,1968-1969/1978-1981,Convertible/Coupe/Coupe/Sedan,/,,,1968-1981,Convertible/Coupe/Sedan,,fallback,Pontiac LeMans 1968 Sedan 原子事实对应多条候选记录
非皮卡,高度压缩两两组合,Pontiac,LeMans/LeMans,LeMans,/,/,无可用尺码,1968-1969/1988-1993,Convertible/Coupe/Sedan,/,,,1968-1993,Convertible/Coupe/Sedan,,fallback,Pontiac LeMans 1968 Sedan 原子事实对应多条候选记录
非皮卡,高度压缩两两组合,Pontiac,LeMans/LeMans,LeMans,/,/,无可用尺码,1968-1969/1993,Convertible/Coupe/Coupe,/,,,1968-1993,Convertible/Coupe,,fallback,Pontiac LeMans 1970 Convertible 原子事实对应多条候选记录
非皮卡,高度压缩两两组合,Pontiac,LeMans/LeMans,LeMans,/,/,无可用尺码,1970/1978-1981,Coupe/Coupe/Sedan,/,,,1970-1981,Coupe/Sedan,,fallback,Pontiac LeMans 1970 Sedan 原子事实对应多条候选记录
非皮卡,高度压缩两两组合,Pontiac,LeMans/LeMans,LeMans,/,/,无可用尺码,1970/1988-1993,Coupe/Sedan,/,,,1970-1993,Coupe/Sedan,,fallback,Pontiac LeMans 1970 Sedan 原子事实对应多条候选记录
非皮卡,高度压缩两两组合,Pontiac,LeMans/LeMans,LeMans,/,/,无可用尺码,1970/1993,Coupe/Coupe,/,,,1970-1993,Coupe,,fallback,Pontiac LeMans 1971 Coupe 原子事实对应多条候选记录
非皮卡,高度压缩两两组合,Pontiac,LeMans/LeMans,LeMans,/,/,4XL,1970-1972/1971-1977,Convertible/Coupe,/Incl: Can Am,,,1970-1977,Convertible/Coupe,Incl: Can Am,fallback,Pontiac LeMans 1970 Coupe 原子事实对应多条候选记录
非皮卡,高度压缩两两组合,Pontiac,LeMans/LeMans,LeMans,/,/,无可用尺码,1978-1981/1988-1993,Coupe/Sedan/Sedan,/,,,1978-1993,Coupe/Sedan,,fallback,Pontiac LeMans 1993 Coupe 原子事实对应多条候选记录
非皮卡,高度压缩两两组合,Pontiac,LeMans/LeMans,LeMans,/,/,无可用尺码,1978-1981/1993,Coupe/Sedan/Coupe,/,,,1978-1993,Coupe/Sedan,,fallback,Pontiac LeMans 1988 Sedan 原子事实对应多条候选记录
非皮卡,高度压缩两两组合,Pontiac,LeMans/LeMans,LeMans,/,/,无可用尺码,1988-1993/1993,Sedan/Coupe,/,,,1988-1993,Coupe/Sedan,,success,
非皮卡,高度压缩两两组合,Pontiac,LeMans/LeMans,LeMans,/,/,无可用尺码,1961-1963/1964-1993,Convertible/Coupe/Wagon/Hatchback/Wagon,Incl: LeMans/Safari/Tempest/Tempest LeMans/,,,1961-1993,Convertible/Coupe/Hatchback/Wagon,Incl: LeMans/Safari/Tempest/Tempest LeMans,fallback,Pontiac LeMans 1964 Convertible 原子事实对应多条候选记录
非皮卡,高度压缩两两组合,Pontiac,LeMans/LeMans,LeMans,/,/,无可用尺码,1961-1963/1968-1969,Convertible/Coupe/Wagon/Convertible/Coupe,Incl: LeMans/Safari/Tempest/Tempest LeMans/,,,1961-1969,Convertible/Coupe/Wagon,Incl: LeMans/Safari/Tempest/Tempest LeMans,fallback,Pontiac LeMans 1964 Convertible 原子事实对应多条候选记录
非皮卡,高度压缩两两组合,Pontiac,LeMans/LeMans,LeMans,/,/,无可用尺码,1961-1963/1970,Convertible/Coupe/Wagon/Coupe,Incl: LeMans/Safari/Tempest/Tempest LeMans/,,,1961-1970,Convertible/Coupe/Wagon,Incl: LeMans/Safari/Tempest/Tempest LeMans,fallback,Pontiac LeMans 1964 Convertible 原子事实对应多条候选记录
非皮卡,高度压缩两两组合,Pontiac,LeMans/LeMans,LeMans,/,/,无可用尺码,1961-1963/1978-1981,Convertible/Coupe/Wagon/Coupe/Sedan,Incl: LeMans/Safari/Tempest/Tempest LeMans/,,,1961-1981,Convertible/Coupe/Sedan/Wagon,Incl: LeMans/Safari/Tempest/Tempest LeMans,fallback,Pontiac LeMans 1964 Convertible 原子事实对应多条候选记录
非皮卡,高度压缩两两组合,Pontiac,LeMans/LeMans,LeMans,/,/,无可用尺码,1961-1963/1988-1993,Convertible/Coupe/Wagon/Coupe/Sedan,Incl: LeMans/Safari/Tempest/Tempest LeMans/,,,1961-1993,Convertible/Coupe/Sedan/Wagon,Incl: LeMans/Safari/Tempest/Tempest LeMans,fallback,Pontiac LeMans 1964 Convertible 原子事实对应多条候选记录
非皮卡,高度压缩两两组合,Pontiac,LeMans/LeMans,LeMans,/,/,4XL,1964-1967/1964-1977,Convertible/Coupe/Sedan,/,,,1964-1977,Convertible/Coupe/Sedan,,fallback,Pontiac LeMans 1968 Convertible 原子事实对应多条候选记录
非皮卡,高度压缩两两组合,Pontiac,LeMans/LeMans,LeMans,/,/,4XL,1964-1967/1970-1972,Convertible/Coupe/Convertible,/,,,1964-1972,Convertible/Coupe,,fallback,Pontiac LeMans 1968 Convertible 原子事实对应多条候选记录
非皮卡,高度压缩两两组合,Pontiac,LeMans/LeMans,LeMans,/,/,4XL,1964-1967/1971-1977,Convertible/Coupe/Coupe,/Incl: Can Am,,,1964-1977,Convertible/Coupe,Incl: Can Am,fallback,Pontiac LeMans 1968 Convertible 原子事实对应多条候选记录
非皮卡,高度压缩两两组合,Pontiac,LeMans/LeMans,LeMans,/,/,4XL,1964-1977/1970-1972,Sedan/Convertible,/,,,1964-1977,Convertible/Sedan,,fallback,Pontiac LeMans 1964 Convertible 原子事实对应多条候选记录
非皮卡,高度压缩两两组合,Pontiac,LeMans/LeMans,LeMans,/,/,4XL,1964-1977/1971-1977,Sedan/Coupe,/Incl: Can Am,,,1964-1977,Coupe/Sedan,Incl: Can Am,fallback,Pontiac LeMans 1964 Coupe 原子事实对应多条候选记录
非皮卡,高度压缩两两组合,Pontiac,LeMans/LeMans,LeMans,/,/,无可用尺码,1964-1993/1968-1969,Hatchback/Wagon/Convertible/Coupe,/,,,1964-1993,Convertible/Coupe/Hatchback/Wagon,,fallback,Pontiac LeMans 1964 Convertible 原子事实对应多条候选记录
非皮卡,高度压缩两两组合,Pontiac,LeMans/LeMans,LeMans,/,/,无可用尺码,1964-1993/1970,Hatchback/Wagon/Coupe,/,,,1964-1993,Coupe/Hatchback/Wagon,,fallback,Pontiac LeMans 1964 Coupe 原子事实对应多条候选记录
非皮卡,高度压缩两两组合,Pontiac,LeMans/LeMans,LeMans,/,/,无可用尺码,1964-1993/1978-1981,Hatchback/Wagon/Coupe/Sedan,/,,,1964-1993,Coupe/Hatchback/Sedan/Wagon,,fallback,Pontiac LeMans 1964 Coupe 原子事实对应多条候选记录
非皮卡,高度压缩两两组合,Pontiac,LeMans/LeMans,LeMans,/,/,无可用尺码,1964-1993/1988-1993,Hatchback/Wagon/Coupe/Sedan,/,,,1964-1993,Coupe/Hatchback/Sedan/Wagon,,fallback,Pontiac LeMans 1964 Coupe 原子事实对应多条候选记录
非皮卡,高度压缩两两组合,Pontiac,LeMans/LeMans,LeMans,/,/,无可用尺码,1968-1969/1970,Convertible/Coupe/Coupe,/,,,1968-1970,Convertible/Coupe,,fallback,Pontiac LeMans 1970 Convertible 原子事实对应多条候选记录
非皮卡,高度压缩两两组合,Pontiac,LeMans/LeMans,LeMans,/,/,无可用尺码,1968-1969/1978-1981,Convertible/Coupe/Coupe/Sedan,/,,,1968-1981,Convertible/Coupe/Sedan,,fallback,Pontiac LeMans 1968 Sedan 原子事实对应多条候选记录
非皮卡,高度压缩两两组合,Pontiac,LeMans/LeMans,LeMans,/,/,无可用尺码,1968-1969/1988-1993,Convertible/Coupe/Coupe/Sedan,/,,,1968-1993,Convertible/Coupe/Sedan,,fallback,Pontiac LeMans 1968 Sedan 原子事实对应多条候选记录
非皮卡,高度压缩两两组合,Pontiac,LeMans/LeMans,LeMans,/,/,无可用尺码,1970/1978-1981,Coupe/Coupe/Sedan,/,,,1970-1981,Coupe/Sedan,,fallback,Pontiac LeMans 1970 Sedan 原子事实对应多条候选记录
非皮卡,高度压缩两两组合,Pontiac,LeMans/LeMans,LeMans,/,/,无可用尺码,1970/1988-1993,Coupe/Coupe/Sedan,/,,,1970-1993,Coupe/Sedan,,fallback,Pontiac LeMans 1970 Sedan 原子事实对应多条候选记录
非皮卡,高度压缩两两组合,Pontiac,LeMans/LeMans,LeMans,/,/,4XL,1970-1972/1971-1977,Convertible/Coupe,/Incl: Can Am,,,1970-1977,Convertible/Coupe,Incl: Can Am,fallback,Pontiac LeMans 1970 Coupe 原子事实对应多条候选记录
非皮卡,高度压缩两两组合,Pontiac,LeMans/LeMans,LeMans,/,/,无可用尺码,1978-1981/1988-1993,Coupe/Sedan/Coupe/Sedan,/,,,1978-1993,Coupe/Sedan,,success,
非皮卡,高度压缩两两组合,Pontiac,LeMans/LeMans,LeMans,/,/,无可用尺码,1961-1963/1964-1993,Convertible/Coupe/Wagon/Hatchback/Wagon,Incl: LeMans/Safari/Tempest/Tempest LeMans/,,,1961-1993,Convertible/Coupe/Hatchback/Wagon,Incl: LeMans/Safari/Tempest/Tempest LeMans,fallback,Pontiac LeMans 1964 Convertible 原子事实对应多条候选记录
非皮卡,高度压缩两两组合,Pontiac,LeMans/LeMans,LeMans,/,/,无可用尺码,1961-1963/1968-1969,Convertible/Coupe/Wagon/Convertible/Coupe,Incl: LeMans/Safari/Tempest/Tempest LeMans/,,,1961-1969,Convertible/Coupe/Wagon,Incl: LeMans/Safari/Tempest/Tempest LeMans,fallback,Pontiac LeMans 1964 Convertible 原子事实对应多条候选记录
非皮卡,高度压缩两两组合,Pontiac,LeMans/LeMans,LeMans,/,/,无可用尺码,1961-1963/1970,Convertible/Coupe/Wagon/Coupe,Incl: LeMans/Safari/Tempest/Tempest LeMans/,,,1961-1970,Convertible/Coupe/Wagon,Incl: LeMans/Safari/Tempest/Tempest LeMans,fallback,Pontiac LeMans 1964 Convertible 原子事实对应多条候选记录
非皮卡,高度压缩两两组合,Pontiac,LeMans/LeMans,LeMans,/,/,无可用尺码,1961-1963/1978-1993,Convertible/Coupe/Wagon/Coupe/Sedan,Incl: LeMans/Safari/Tempest/Tempest LeMans/,,,1961-1993,Convertible/Coupe/Sedan/Wagon,Incl: LeMans/Safari/Tempest/Tempest LeMans,fallback,Pontiac LeMans 1964 Convertible 原子事实对应多条候选记录
非皮卡,高度压缩两两组合,Pontiac,LeMans/LeMans,LeMans,/,/,4XL,1964-1967/1964-1977,Convertible/Coupe/Sedan,/,,,1964-1977,Convertible/Coupe/Sedan,,fallback,Pontiac LeMans 1968 Convertible 原子事实对应多条候选记录
非皮卡,高度压缩两两组合,Pontiac,LeMans/LeMans,LeMans,/,/,4XL,1964-1967/1970-1972,Convertible/Coupe/Convertible,/,,,1964-1972,Convertible/Coupe,,fallback,Pontiac LeMans 1968 Convertible 原子事实对应多条候选记录
非皮卡,高度压缩两两组合,Pontiac,LeMans/LeMans,LeMans,/,/,4XL,1964-1967/1971-1977,Convertible/Coupe/Coupe,/Incl: Can Am,,,1964-1977,Convertible/Coupe,Incl: Can Am,fallback,Pontiac LeMans 1968 Convertible 原子事实对应多条候选记录
非皮卡,高度压缩两两组合,Pontiac,LeMans/LeMans,LeMans,/,/,4XL,1964-1977/1970-1972,Sedan/Convertible,/,,,1964-1977,Convertible/Sedan,,fallback,Pontiac LeMans 1964 Convertible 原子事实对应多条候选记录
非皮卡,高度压缩两两组合,Pontiac,LeMans/LeMans,LeMans,/,/,4XL,1964-1977/1971-1977,Sedan/Coupe,/Incl: Can Am,,,1964-1977,Coupe/Sedan,Incl: Can Am,fallback,Pontiac LeMans 1964 Coupe 原子事实对应多条候选记录
非皮卡,高度压缩两两组合,Pontiac,LeMans/LeMans,LeMans,/,/,无可用尺码,1964-1993/1968-1969,Hatchback/Wagon/Convertible/Coupe,/,,,1964-1993,Convertible/Coupe/Hatchback/Wagon,,fallback,Pontiac LeMans 1964 Convertible 原子事实对应多条候选记录
非皮卡,高度压缩两两组合,Pontiac,LeMans/LeMans,LeMans,/,/,无可用尺码,1964-1993/1970,Hatchback/Wagon/Coupe,/,,,1964-1993,Coupe/Hatchback/Wagon,,fallback,Pontiac LeMans 1964 Coupe 原子事实对应多条候选记录
非皮卡,高度压缩两两组合,Pontiac,LeMans/LeMans,LeMans,/,/,无可用尺码,1964-1993/1978-1993,Hatchback/Wagon/Coupe/Sedan,/,,,1964-1993,Coupe/Hatchback/Sedan/Wagon,,fallback,Pontiac LeMans 1964 Coupe 原子事实对应多条候选记录
非皮卡,高度压缩两两组合,Pontiac,LeMans/LeMans,LeMans,/,/,无可用尺码,1968-1969/1970,Convertible/Coupe/Coupe,/,,,1968-1970,Convertible/Coupe,,fallback,Pontiac LeMans 1970 Convertible 原子事实对应多条候选记录
非皮卡,高度压缩两两组合,Pontiac,LeMans/LeMans,LeMans,/,/,无可用尺码,1968-1969/1978-1993,Convertible/Coupe/Coupe/Sedan,/,,,1968-1993,Convertible/Coupe/Sedan,,fallback,Pontiac LeMans 1968 Sedan 原子事实对应多条候选记录
非皮卡,高度压缩两两组合,Pontiac,LeMans/LeMans,LeMans,/,/,无可用尺码,1970/1978-1993,Coupe/Coupe/Sedan,/,,,1970-1993,Coupe/Sedan,,fallback,Pontiac LeMans 1970 Sedan 原子事实对应多条候选记录
非皮卡,高度压缩两两组合,Pontiac,LeMans/LeMans,LeMans,/,/,4XL,1970-1972/1971-1977,Convertible/Coupe,/Incl: Can Am,,,1970-1977,Convertible/Coupe,Incl: Can Am,fallback,Pontiac LeMans 1970 Coupe 原子事实对应多条候选记录
非皮卡,高度压缩两两组合,Pontiac,Solstice/Solstice,Solstice,/,/,无可用尺码,2006-2009/2009,Convertible/Coupe,/,,,2006-2009,Convertible/Coupe,,success,
非皮卡,高度压缩两两组合,Pontiac,Sunfire/Sunfire,Sunfire,/,/,无可用尺码,1995-2005/1995-2005,Convertible/Coupe,/,,,1995-2005,Convertible/Coupe,,success,
非皮卡,高度压缩两两组合,Pontiac,Sunfire/Sunfire,Sunfire,/,/,无可用尺码,1995-2005/1995-2005,Convertible/Coupe/Sedan,/,,,1995-2005,Convertible/Coupe/Sedan,,success,
非皮卡,高度压缩两两组合,Porsche,911/911,911,/,/,无可用尺码,1965-2026/1976-1980,Coupe/Coupe,/Turbo,,,1965-2026,Coupe,Incl: Turbo,fallback,Porsche 911 1986 Coupe 原子事实对应多条候选记录
非皮卡,高度压缩两两组合,Porsche,911/911,911,/,/,无可用尺码,1965-2026/1983-1993,Coupe/Targa,/,,,1965-2026,Coupe/Targa,,fallback,Porsche 911 1996 Targa 原子事实对应多条候选记录
非皮卡,高度压缩两两组合,Porsche,911/911,911,/,/,无可用尺码,1965-2026/1983-2024,Coupe/Convertible,/,,,1965-2026,Convertible/Coupe,,success,
非皮卡,高度压缩两两组合,Porsche,911/911,911,/,/,无可用尺码,1965-2026/1976-1980,Convertible/Coupe/Coupe,/Turbo,,,1965-2026,Convertible/Coupe,Incl: Turbo,fallback,Porsche 911 1986 Coupe 原子事实对应多条候选记录
非皮卡,高度压缩两两组合,Porsche,911/911,911,/,/,无可用尺码,1965-2026/1983-1993,Convertible/Coupe/Targa,/,,,1965-2026,Convertible/Coupe/Targa,,fallback,Porsche 911 1996 Targa 原子事实对应多条候选记录
非皮卡,高度压缩两两组合,Porsche,911/911,911,/,/,无可用尺码,1965-2026/1986-1989,Convertible/Coupe/Coupe,/Turbo,,,1965-2026,Convertible/Coupe,Incl: Turbo,fallback,Porsche 911 1976 Coupe 原子事实对应多条候选记录
非皮卡,高度压缩两两组合,Porsche,911/911,911,/,/,无可用尺码,1965-2026/1991-1994,Convertible/Coupe/Coupe,/Turbo,,,1965-2026,Convertible/Coupe,Incl: Turbo,fallback,Porsche 911 1976 Coupe 原子事实对应多条候选记录
非皮卡,高度压缩两两组合,Porsche,911/911,911,/,/,无可用尺码,1965-2026/1996-1998,Convertible/Coupe/Coupe,/Turbo,,,1965-2026,Convertible/Coupe,Incl: Turbo,fallback,Porsche 911 1976 Coupe 原子事实对应多条候选记录
非皮卡,高度压缩两两组合,Porsche,911/911,911,/,/,无可用尺码,1965-2026/1996-1998,Convertible/Coupe/Targa,/,,,1965-2026,Convertible/Coupe/Targa,,fallback,Porsche 911 1983 Targa 原子事实对应多条候选记录
非皮卡,高度压缩两两组合,Porsche,911/911,911,/,/,无可用尺码,1965-2026/2001-2005,Convertible/Coupe/Coupe,/Turbo,,,1965-2026,Convertible/Coupe,Incl: Turbo,fallback,Porsche 911 1976 Coupe 原子事实对应多条候选记录
非皮卡,高度压缩两两组合,Porsche,911/911,911,/,/,无可用尺码,1965-2026/2002-2004,Convertible/Coupe/Targa,/,,,1965-2026,Convertible/Coupe/Targa,,fallback,Porsche 911 1983 Targa 原子事实对应多条候选记录
非皮卡,高度压缩两两组合,Porsche,911/911,911,/,/,无可用尺码,1965-2026/2002-2005,Convertible/Coupe/Coupe,/GT2,,,1965-2026,Convertible/Coupe,Incl: GT2,fallback,Porsche 911 2008 Coupe 原子事实对应多条候选记录
非皮卡,高度压缩两两组合,Porsche,911/911,911,/,/,无可用尺码,1965-2026/2004,Convertible/Coupe/Coupe,/GT3 RS,,,1965-2026,Convertible/Coupe,Incl: GT3 RS,fallback,Porsche 911 2007 Coupe 原子事实对应多条候选记录
非皮卡,高度压缩两两组合,Porsche,911/911,911,/,/,无可用尺码,1965-2026/2004-2005,Convertible/Coupe/Coupe,/GT3,,,1965-2026,Convertible/Coupe,Incl: GT3,fallback,Porsche 911 2007 Coupe 原子事实对应多条候选记录
非皮卡,高度压缩两两组合,Porsche,911/911,911,/,/,无可用尺码,1965-2026/2006-2011,Convertible/Coupe/Targa,/,,,1965-2026,Convertible/Coupe/Targa,,fallback,Porsche 911 1983 Targa 原子事实对应多条候选记录
非皮卡,高度压缩两两组合,Porsche,911/911,911,/,/,无可用尺码,1965-2026/2007-2008,Convertible/Coupe/Coupe,/GT3,,,1965-2026,Convertible/Coupe,Incl: GT3,fallback,Porsche 911 2004 Coupe 原子事实对应多条候选记录
非皮卡,高度压缩两两组合,Porsche,911/911,911,/,/,无可用尺码,1965-2026/2007-2008,Convertible/Coupe/Coupe,/GT3 RS,,,1965-2026,Convertible/Coupe,Incl: GT3 RS,fallback,Porsche 911 2004 Coupe 原子事实对应多条候选记录
非皮卡,高度压缩两两组合,Porsche,911/911,911,/,/,无可用尺码,1965-2026/2007-2012,Convertible/Coupe/Coupe,/Turbo,,,1965-2026,Convertible/Coupe,Incl: Turbo,fallback,Porsche 911 1976 Coupe 原子事实对应多条候选记录
非皮卡,高度压缩两两组合,Porsche,911/911,911,/,/,无可用尺码,1965-2026/2008-2009,Convertible/Coupe/Coupe,/GT2,,,1965-2026,Convertible/Coupe,Incl: GT2,fallback,Porsche 911 2002 Coupe 原子事实对应多条候选记录
非皮卡,高度压缩两两组合,Porsche,911/911,911,/,/,无可用尺码,1965-2026/2010-2011,Convertible/Coupe/Coupe,/GT3,,,1965-2026,Convertible/Coupe,Incl: GT3,fallback,Porsche 911 2004 Coupe 原子事实对应多条候选记录
非皮卡,高度压缩两两组合,Porsche,911/911,911,/,/,无可用尺码,1965-2026/2010-2011,Convertible/Coupe/Coupe,/GT3 RS,,,1965-2026,Convertible/Coupe,Incl: GT3 RS,fallback,Porsche 911 2004 Coupe 原子事实对应多条候选记录
非皮卡,高度压缩两两组合,Porsche,911/911,911,/,/,无可用尺码,1965-2026/2011,Convertible/Coupe/Coupe,/GT2 RS,,,1965-2026,Convertible/Coupe,Incl: GT2 RS,fallback,Porsche 911 2018 Coupe 原子事实对应多条候选记录
非皮卡,高度压缩两两组合,Porsche,911/911,911,/,/,无可用尺码,1965-2026/2014-2016,Convertible/Coupe/Coupe,/GT3,,,1965-2026,Convertible/Coupe,Incl: GT3,fallback,Porsche 911 2004 Coupe 原子事实对应多条候选记录
非皮卡,高度压缩两两组合,Porsche,911/911,911,/,/,无可用尺码,1965-2026/2014-2016,Convertible/Coupe/Targa,/,,,1965-2026,Convertible/Coupe/Targa,,fallback,Porsche 911 1983 Targa 原子事实对应多条候选记录
非皮卡,高度压缩两两组合,Porsche,911/911,911,/,/,无可用尺码,1965-2026/2014-2019,Convertible/Coupe/Coupe,/Turbo,,,1965-2026,Convertible/Coupe,Incl: Turbo,fallback,Porsche 911 1976 Coupe 原子事实对应多条候选记录
非皮卡,高度压缩两两组合,Porsche,911/911,911,/,/,无可用尺码,1965-2026/2016,Convertible/Coupe/Coupe,/GT3 RS,,,1965-2026,Convertible/Coupe,Incl: GT3 RS,fallback,Porsche 911 2004 Coupe 原子事实对应多条候选记录
非皮卡,高度压缩两两组合,Porsche,911/911,911,/,/,无可用尺码,1965-2026/2018,Convertible/Coupe/Coupe,/GT2 RS,,,1965-2026,Convertible/Coupe,Incl: GT2 RS,fallback,Porsche 911 2011 Coupe 原子事实对应多条候选记录
非皮卡,高度压缩两两组合,Porsche,911/911,911,/,/,无可用尺码,1965-2026/2018-2019,Convertible/Coupe/Coupe,/GT3,,,1965-2026,Convertible/Coupe,Incl: GT3,fallback,Porsche 911 2004 Coupe 原子事实对应多条候选记录
非皮卡,高度压缩两两组合,Porsche,911/911,911,/,/,无可用尺码,1965-2026/2019,Convertible/Coupe/Convertible,/Speedster,,,1965-2026,Convertible/Coupe,Incl: Speedster,success,
非皮卡,高度压缩两两组合,Porsche,911/911,911,/,/,无可用尺码,1965-2026/1976-1980,Convertible/Coupe/Coupe,Incl: Speedster/Turbo,,,1965-2026,Convertible/Coupe,Incl: Speedster/Turbo,fallback,Porsche 911 1986 Coupe 原子事实对应多条候选记录
非皮卡,高度压缩两两组合,Porsche,911/911,911,/,/,无可用尺码,1965-2026/1983-1993,Convertible/Coupe/Targa,Incl: Speedster/,,,1965-2026,Convertible/Coupe/Targa,Incl: Speedster,fallback,Porsche 911 1996 Targa 原子事实对应多条候选记录
非皮卡,高度压缩两两组合,Porsche,911/911,911,/,/,无可用尺码,1965-2026/1986-1989,Convertible/Coupe/Coupe,Incl: Speedster/Turbo,,,1965-2026,Convertible/Coupe,Incl: Speedster/Turbo,fallback,Porsche 911 1976 Coupe 原子事实对应多条候选记录
非皮卡,高度压缩两两组合,Porsche,911/911,911,/,/,无可用尺码,1965-2026/1991-1994,Convertible/Coupe/Coupe,Incl: Speedster/Turbo,,,1965-2026,Convertible/Coupe,Incl: Speedster/Turbo,fallback,Porsche 911 1976 Coupe 原子事实对应多条候选记录
非皮卡,高度压缩两两组合,Porsche,911/911,911,/,/,无可用尺码,1965-2026/1996-1998,Convertible/Coupe/Coupe,Incl: Speedster/Turbo,,,1965-2026,Convertible/Coupe,Incl: Speedster/Turbo,fallback,Porsche 911 1976 Coupe 原子事实对应多条候选记录
非皮卡,高度压缩两两组合,Porsche,911/911,911,/,/,无可用尺码,1965-2026/1996-1998,Convertible/Coupe/Targa,Incl: Speedster/,,,1965-2026,Convertible/Coupe/Targa,Incl: Speedster,fallback,Porsche 911 1983 Targa 原子事实对应多条候选记录
非皮卡,高度压缩两两组合,Porsche,911/911,911,/,/,无可用尺码,1965-2026/2001-2005,Convertible/Coupe/Coupe,Incl: Speedster/Turbo,,,1965-2026,Convertible/Coupe,Incl: Speedster/Turbo,fallback,Porsche 911 1976 Coupe 原子事实对应多条候选记录
非皮卡,高度压缩两两组合,Porsche,911/911,911,/,/,无可用尺码,1965-2026/2002-2004,Convertible/Coupe/Targa,Incl: Speedster/,,,1965-2026,Convertible/Coupe/Targa,Incl: Speedster,fallback,Porsche 911 1983 Targa 原子事实对应多条候选记录
非皮卡,高度压缩两两组合,Porsche,911/911,911,/,/,无可用尺码,1965-2026/2002-2005,Convertible/Coupe/Coupe,Incl: Speedster/GT2,,,1965-2026,Convertible/Coupe,Incl: GT2/Speedster,fallback,Porsche 911 2008 Coupe 原子事实对应多条候选记录
非皮卡,高度压缩两两组合,Porsche,911/911,911,/,/,无可用尺码,1965-2026/2004,Convertible/Coupe/Coupe,Incl: Speedster/GT3 RS,,,1965-2026,Convertible/Coupe,Incl: GT3 RS/Speedster,fallback,Porsche 911 2007 Coupe 原子事实对应多条候选记录
非皮卡,高度压缩两两组合,Porsche,911/911,911,/,/,无可用尺码,1965-2026/2004-2005,Convertible/Coupe/Coupe,Incl: Speedster/GT3,,,1965-2026,Convertible/Coupe,Incl: GT3/Speedster,fallback,Porsche 911 2007 Coupe 原子事实对应多条候选记录
非皮卡,高度压缩两两组合,Porsche,911/911,911,/,/,无可用尺码,1965-2026/2006-2011,Convertible/Coupe/Targa,Incl: Speedster/,,,1965-2026,Convertible/Coupe/Targa,Incl: Speedster,fallback,Porsche 911 1983 Targa 原子事实对应多条候选记录
非皮卡,高度压缩两两组合,Porsche,911/911,911,/,/,无可用尺码,1965-2026/2007-2008,Convertible/Coupe/Coupe,Incl: Speedster/GT3,,,1965-2026,Convertible/Coupe,Incl: GT3/Speedster,fallback,Porsche 911 2004 Coupe 原子事实对应多条候选记录
非皮卡,高度压缩两两组合,Porsche,911/911,911,/,/,无可用尺码,1965-2026/2007-2008,Convertible/Coupe/Coupe,Incl: Speedster/GT3 RS,,,1965-2026,Convertible/Coupe,Incl: GT3 RS/Speedster,fallback,Porsche 911 2004 Coupe 原子事实对应多条候选记录
非皮卡,高度压缩两两组合,Porsche,911/911,911,/,/,无可用尺码,1965-2026/2007-2012,Convertible/Coupe/Coupe,Incl: Speedster/Turbo,,,1965-2026,Convertible/Coupe,Incl: Speedster/Turbo,fallback,Porsche 911 1976 Coupe 原子事实对应多条候选记录
非皮卡,高度压缩两两组合,Porsche,911/911,911,/,/,无可用尺码,1965-2026/2008-2009,Convertible/Coupe/Coupe,Incl: Speedster/GT2,,,1965-2026,Convertible/Coupe,Incl: GT2/Speedster,fallback,Porsche 911 2002 Coupe 原子事实对应多条候选记录
非皮卡,高度压缩两两组合,Porsche,911/911,911,/,/,无可用尺码,1965-2026/2010-2011,Convertible/Coupe/Coupe,Incl: Speedster/GT3,,,1965-2026,Convertible/Coupe,Incl: GT3/Speedster,fallback,Porsche 911 2004 Coupe 原子事实对应多条候选记录
非皮卡,高度压缩两两组合,Porsche,911/911,911,/,/,无可用尺码,1965-2026/2010-2011,Convertible/Coupe/Coupe,Incl: Speedster/GT3 RS,,,1965-2026,Convertible/Coupe,Incl: GT3 RS/Speedster,fallback,Porsche 911 2004 Coupe 原子事实对应多条候选记录
非皮卡,高度压缩两两组合,Porsche,911/911,911,/,/,无可用尺码,1965-2026/2011,Convertible/Coupe/Coupe,Incl: Speedster/GT2 RS,,,1965-2026,Convertible/Coupe,Incl: GT2 RS/Speedster,fallback,Porsche 911 2018 Coupe 原子事实对应多条候选记录
非皮卡,高度压缩两两组合,Porsche,911/911,911,/,/,无可用尺码,1965-2026/2014-2016,Convertible/Coupe/Coupe,Incl: Speedster/GT3,,,1965-2026,Convertible/Coupe,Incl: GT3/Speedster,fallback,Porsche 911 2004 Coupe 原子事实对应多条候选记录
非皮卡,高度压缩两两组合,Porsche,911/911,911,/,/,无可用尺码,1965-2026/2014-2016,Convertible/Coupe/Targa,Incl: Speedster/,,,1965-2026,Convertible/Coupe/Targa,Incl: Speedster,fallback,Porsche 911 1983 Targa 原子事实对应多条候选记录
非皮卡,高度压缩两两组合,Porsche,911/911,911,/,/,无可用尺码,1965-2026/2014-2019,Convertible/Coupe/Coupe,Incl: Speedster/Turbo,,,1965-2026,Convertible/Coupe,Incl: Speedster/Turbo,fallback,Porsche 911 1976 Coupe 原子事实对应多条候选记录
非皮卡,高度压缩两两组合,Porsche,911/911,911,/,/,无可用尺码,1965-2026/2016,Convertible/Coupe/Coupe,Incl: Speedster/GT3 RS,,,1965-2026,Convertible/Coupe,Incl: GT3 RS/Speedster,fallback,Porsche 911 2004 Coupe 原子事实对应多条候选记录
非皮卡,高度压缩两两组合,Porsche,911/911,911,/,/,无可用尺码,1965-2026/2018,Convertible/Coupe/Coupe,Incl: Speedster/GT2 RS,,,1965-2026,Convertible/Coupe,Incl: GT2 RS/Speedster,fallback,Porsche 911 2011 Coupe 原子事实对应多条候选记录
非皮卡,高度压缩两两组合,Porsche,911/911,911,/,/,无可用尺码,1965-2026/2018-2019,Convertible/Coupe/Coupe,Incl: Speedster/GT3,,,1965-2026,Convertible/Coupe,Incl: GT3/Speedster,fallback,Porsche 911 2004 Coupe 原子事实对应多条候选记录
非皮卡,高度压缩两两组合,Porsche,911/911,911,/,/,无可用尺码,1965-2026/2019,Convertible/Coupe/Coupe,Incl: Speedster/GT3 RS,,,1965-2026,Convertible/Coupe,Incl: GT3 RS/Speedster,fallback,Porsche 911 2004 Coupe 原子事实对应多条候选记录
非皮卡,高度压缩两两组合,Porsche,911/911,911,/,/,无可用尺码,1965-2026/2021-2024,Convertible/Coupe/Targa,Incl: Speedster/,,,1965-2026,Convertible/Coupe/Targa,Incl: Speedster,fallback,Porsche 911 1983 Targa 原子事实对应多条候选记录
非皮卡,高度压缩两两组合,Porsche,911/911,911,/,/,无可用尺码,1965-2026/2021-2026,Convertible/Coupe/Coupe,Incl: Speedster/Turbo,,,1965-2026,Convertible/Coupe,Incl: Speedster/Turbo,fallback,Porsche 911 1976 Coupe 原子事实对应多条候选记录
非皮卡,高度压缩两两组合,Porsche,911/911,911,/,/,无可用尺码,1965-2026/2022-2024,Convertible/Coupe/Coupe,Incl: Speedster/GT3/GT3 RS,,,1965-2026,Convertible/Coupe,Incl: GT3/GT3 RS/Speedster,fallback,Porsche 911 2004 Coupe 原子事实对应多条候选记录
非皮卡,高度压缩两两组合,Porsche,911/911,911,/,/,无可用尺码,1965-2026/2023-2024,Convertible/Coupe/Coupe,Incl: Speedster/Dakar,,,1965-2026,Convertible/Coupe,Incl: Dakar/Speedster,success,
非皮卡,高度压缩两两组合,Porsche,911/911,911,/,/,无可用尺码,1965-2026/1976-1980,Convertible/Coupe/Coupe,Incl: Dakar/Speedster/Turbo,,,1965-2026,Convertible/Coupe,Incl: Dakar/Speedster/Turbo,fallback,Porsche 911 1986 Coupe 原子事实对应多条候选记录
非皮卡,高度压缩两两组合,Porsche,911/911,911,/,/,无可用尺码,1965-2026/1983-1993,Convertible/Coupe/Targa,Incl: Dakar/Speedster/,,,1965-2026,Convertible/Coupe/Targa,Incl: Dakar/Speedster,fallback,Porsche 911 1996 Targa 原子事实对应多条候选记录
非皮卡,高度压缩两两组合,Porsche,911/911,911,/,/,无可用尺码,1965-2026/1986-1989,Convertible/Coupe/Coupe,Incl: Dakar/Speedster/Turbo,,,1965-2026,Convertible/Coupe,Incl: Dakar/Speedster/Turbo,fallback,Porsche 911 1976 Coupe 原子事实对应多条候选记录
非皮卡,高度压缩两两组合,Porsche,911/911,911,/,/,无可用尺码,1965-2026/1991-1994,Convertible/Coupe/Coupe,Incl: Dakar/Speedster/Turbo,,,1965-2026,Convertible/Coupe,Incl: Dakar/Speedster/Turbo,fallback,Porsche 911 1976 Coupe 原子事实对应多条候选记录
非皮卡,高度压缩两两组合,Porsche,911/911,911,/,/,无可用尺码,1965-2026/1996-1998,Convertible/Coupe/Coupe,Incl: Dakar/Speedster/Turbo,,,1965-2026,Convertible/Coupe,Incl: Dakar/Speedster/Turbo,fallback,Porsche 911 1976 Coupe 原子事实对应多条候选记录
非皮卡,高度压缩两两组合,Porsche,911/911,911,/,/,无可用尺码,1965-2026/1996-1998,Convertible/Coupe/Targa,Incl: Dakar/Speedster/,,,1965-2026,Convertible/Coupe/Targa,Incl: Dakar/Speedster,fallback,Porsche 911 1983 Targa 原子事实对应多条候选记录
非皮卡,高度压缩两两组合,Porsche,911/911,911,/,/,无可用尺码,1965-2026/2001-2005,Convertible/Coupe/Coupe,Incl: Dakar/Speedster/Turbo,,,1965-2026,Convertible/Coupe,Incl: Dakar/Speedster/Turbo,fallback,Porsche 911 1976 Coupe 原子事实对应多条候选记录
非皮卡,高度压缩两两组合,Porsche,911/911,911,/,/,无可用尺码,1965-2026/2002-2004,Convertible/Coupe/Targa,Incl: Dakar/Speedster/,,,1965-2026,Convertible/Coupe/Targa,Incl: Dakar/Speedster,fallback,Porsche 911 1983 Targa 原子事实对应多条候选记录
非皮卡,高度压缩两两组合,Porsche,911/911,911,/,/,无可用尺码,1965-2026/2002-2005,Convertible/Coupe/Coupe,Incl: Dakar/Speedster/GT2,,,1965-2026,Convertible/Coupe,Incl: Dakar/GT2/Speedster,fallback,Porsche 911 2008 Coupe 原子事实对应多条候选记录
非皮卡,高度压缩两两组合,Porsche,911/911,911,/,/,无可用尺码,1965-2026/2004,Convertible/Coupe/Coupe,Incl: Dakar/Speedster/GT3 RS,,,1965-2026,Convertible/Coupe,Incl: Dakar/GT3 RS/Speedster,fallback,Porsche 911 2007 Coupe 原子事实对应多条候选记录
非皮卡,高度压缩两两组合,Porsche,911/911,911,/,/,无可用尺码,1965-2026/2004-2005,Convertible/Coupe/Coupe,Incl: Dakar/Speedster/GT3,,,1965-2026,Convertible/Coupe,Incl: Dakar/GT3/Speedster,fallback,Porsche 911 2007 Coupe 原子事实对应多条候选记录
非皮卡,高度压缩两两组合,Porsche,911/911,911,/,/,无可用尺码,1965-2026/2006-2011,Convertible/Coupe/Targa,Incl: Dakar/Speedster/,,,1965-2026,Convertible/Coupe/Targa,Incl: Dakar/Speedster,fallback,Porsche 911 1983 Targa 原子事实对应多条候选记录
非皮卡,高度压缩两两组合,Porsche,911/911,911,/,/,无可用尺码,1965-2026/2007-2008,Convertible/Coupe/Coupe,Incl: Dakar/Speedster/GT3,,,1965-2026,Convertible/Coupe,Incl: Dakar/GT3/Speedster,fallback,Porsche 911 2004 Coupe 原子事实对应多条候选记录
非皮卡,高度压缩两两组合,Porsche,911/911,911,/,/,无可用尺码,1965-2026/2007-2008,Convertible/Coupe/Coupe,Incl: Dakar/Speedster/GT3 RS,,,1965-2026,Convertible/Coupe,Incl: Dakar/GT3 RS/Speedster,fallback,Porsche 911 2004 Coupe 原子事实对应多条候选记录
非皮卡,高度压缩两两组合,Porsche,911/911,911,/,/,无可用尺码,1965-2026/2007-2012,Convertible/Coupe/Coupe,Incl: Dakar/Speedster/Turbo,,,1965-2026,Convertible/Coupe,Incl: Dakar/Speedster/Turbo,fallback,Porsche 911 1976 Coupe 原子事实对应多条候选记录
非皮卡,高度压缩两两组合,Porsche,911/911,911,/,/,无可用尺码,1965-2026/2008-2009,Convertible/Coupe/Coupe,Incl: Dakar/Speedster/GT2,,,1965-2026,Convertible/Coupe,Incl: Dakar/GT2/Speedster,fallback,Porsche 911 2002 Coupe 原子事实对应多条候选记录
非皮卡,高度压缩两两组合,Porsche,911/911,911,/,/,无可用尺码,1965-2026/2010-2011,Convertible/Coupe/Coupe,Incl: Dakar/Speedster/GT3,,,1965-2026,Convertible/Coupe,Incl: Dakar/GT3/Speedster,fallback,Porsche 911 2004 Coupe 原子事实对应多条候选记录
非皮卡,高度压缩两两组合,Porsche,911/911,911,/,/,无可用尺码,1965-2026/2010-2011,Convertible/Coupe/Coupe,Incl: Dakar/Speedster/GT3 RS,,,1965-2026,Convertible/Coupe,Incl: Dakar/GT3 RS/Speedster,fallback,Porsche 911 2004 Coupe 原子事实对应多条候选记录
非皮卡,高度压缩两两组合,Porsche,911/911,911,/,/,无可用尺码,1965-2026/2011,Convertible/Coupe/Coupe,Incl: Dakar/Speedster/GT2 RS,,,1965-2026,Convertible/Coupe,Incl: Dakar/GT2 RS/Speedster,fallback,Porsche 911 2018 Coupe 原子事实对应多条候选记录
非皮卡,高度压缩两两组合,Porsche,911/911,911,/,/,无可用尺码,1965-2026/2014-2016,Convertible/Coupe/Coupe,Incl: Dakar/Speedster/GT3,,,1965-2026,Convertible/Coupe,Incl: Dakar/GT3/Speedster,fallback,Porsche 911 2004 Coupe 原子事实对应多条候选记录
非皮卡,高度压缩两两组合,Porsche,911/911,911,/,/,无可用尺码,1965-2026/2014-2016,Convertible/Coupe/Targa,Incl: Dakar/Speedster/,,,1965-2026,Convertible/Coupe/Targa,Incl: Dakar/Speedster,fallback,Porsche 911 1983 Targa 原子事实对应多条候选记录
非皮卡,高度压缩两两组合,Porsche,911/911,911,/,/,无可用尺码,1965-2026/2014-2019,Convertible/Coupe/Coupe,Incl: Dakar/Speedster/Turbo,,,1965-2026,Convertible/Coupe,Incl: Dakar/Speedster/Turbo,fallback,Porsche 911 1976 Coupe 原子事实对应多条候选记录
非皮卡,高度压缩两两组合,Porsche,911/911,911,/,/,无可用尺码,1965-2026/2016,Convertible/Coupe/Coupe,Incl: Dakar/Speedster/GT3 RS,,,1965-2026,Convertible/Coupe,Incl: Dakar/GT3 RS/Speedster,fallback,Porsche 911 2004 Coupe 原子事实对应多条候选记录
非皮卡,高度压缩两两组合,Porsche,911/911,911,/,/,无可用尺码,1965-2026/2018,Convertible/Coupe/Coupe,Incl: Dakar/Speedster/GT2 RS,,,1965-2026,Convertible/Coupe,Incl: Dakar/GT2 RS/Speedster,fallback,Porsche 911 2011 Coupe 原子事实对应多条候选记录
非皮卡,高度压缩两两组合,Porsche,911/911,911,/,/,无可用尺码,1965-2026/2018-2019,Convertible/Coupe/Coupe,Incl: Dakar/Speedster/GT3,,,1965-2026,Convertible/Coupe,Incl: Dakar/GT3/Speedster,fallback,Porsche 911 2004 Coupe 原子事实对应多条候选记录
非皮卡,高度压缩两两组合,Porsche,911/911,911,/,/,无可用尺码,1965-2026/2019,Convertible/Coupe/Coupe,Incl: Dakar/Speedster/GT3 RS,,,1965-2026,Convertible/Coupe,Incl: Dakar/GT3 RS/Speedster,fallback,Porsche 911 2004 Coupe 原子事实对应多条候选记录
非皮卡,高度压缩两两组合,Porsche,911/911,911,/,/,无可用尺码,1965-2026/2021-2024,Convertible/Coupe/Targa,Incl: Dakar/Speedster/,,,1965-2026,Convertible/Coupe/Targa,Incl: Dakar/Speedster,fallback,Porsche 911 1983 Targa 原子事实对应多条候选记录
非皮卡,高度压缩两两组合,Porsche,911/911,911,/,/,无可用尺码,1965-2026/2021-2026,Convertible/Coupe/Coupe,Incl: Dakar/Speedster/Turbo,,,1965-2026,Convertible/Coupe,Incl: Dakar/Speedster/Turbo,fallback,Porsche 911 1976 Coupe 原子事实对应多条候选记录
非皮卡,高度压缩两两组合,Porsche,911/911,911,/,/,无可用尺码,1965-2026/2022-2024,Convertible/Coupe/Coupe,Incl: Dakar/Speedster/GT3/GT3 RS,,,1965-2026,Convertible/Coupe,Incl: Dakar/GT3/GT3 RS/Speedster,fallback,Porsche 911 2004 Coupe 原子事实对应多条候选记录
非皮卡,高度压缩两两组合,Porsche,911/911,911,/,/,无可用尺码,1965-2026/2025,Convertible/Coupe/Coupe,Incl: Dakar/Speedster/GT3 RS,,,1965-2026,Convertible/Coupe,Incl: Dakar/GT3 RS/Speedster,fallback,Porsche 911 2004 Coupe 原子事实对应多条候选记录
非皮卡,高度压缩两两组合,Porsche,911/911,911,/,/,无可用尺码,1976-1980/1983-1993,Coupe/Targa,Turbo/,,,1976-1993,Coupe/Targa,Incl: Turbo,fallback,Porsche 911 1976 Coupe 原子事实对应多条候选记录
非皮卡,高度压缩两两组合,Porsche,911/911,911,/,/,无可用尺码,1976-1980/1986-1989,Coupe/Coupe,Turbo/Turbo,,,1976-1989,Coupe,Turbo,success,
非皮卡,高度压缩两两组合,Porsche,911/911,911,/,/,无可用尺码,1965-2026/1976-1989,Convertible/Coupe/Coupe,Incl: Dakar/Speedster/Turbo,,,1965-2026,Convertible/Coupe,Incl: Dakar/Speedster/Turbo,fallback,Porsche 911 1991 Coupe 原子事实对应多条候选记录
非皮卡,高度压缩两两组合,Porsche,911/911,911,/,/,无可用尺码,1965-2026/1983-1993,Convertible/Coupe/Targa,Incl: Dakar/Speedster/,,,1965-2026,Convertible/Coupe/Targa,Incl: Dakar/Speedster,fallback,Porsche 911 1996 Targa 原子事实对应多条候选记录
非皮卡,高度压缩两两组合,Porsche,911/911,911,/,/,无可用尺码,1965-2026/1991-1994,Convertible/Coupe/Coupe,Incl: Dakar/Speedster/Turbo,,,1965-2026,Convertible/Coupe,Incl: Dakar/Speedster/Turbo,fallback,Porsche 911 1976 Coupe 原子事实对应多条候选记录
非皮卡,高度压缩两两组合,Porsche,911/911,911,/,/,无可用尺码,1965-2026/1996-1998,Convertible/Coupe/Coupe,Incl: Dakar/Speedster/Turbo,,,1965-2026,Convertible/Coupe,Incl: Dakar/Speedster/Turbo,fallback,Porsche 911 1976 Coupe 原子事实对应多条候选记录
非皮卡,高度压缩两两组合,Porsche,911/911,911,/,/,无可用尺码,1965-2026/1996-1998,Convertible/Coupe/Targa,Incl: Dakar/Speedster/,,,1965-2026,Convertible/Coupe/Targa,Incl: Dakar/Speedster,fallback,Porsche 911 1983 Targa 原子事实对应多条候选记录
非皮卡,高度压缩两两组合,Porsche,911/911,911,/,/,无可用尺码,1965-2026/2001-2005,Convertible/Coupe/Coupe,Incl: Dakar/Speedster/Turbo,,,1965-2026,Convertible/Coupe,Incl: Dakar/Speedster/Turbo,fallback,Porsche 911 1976 Coupe 原子事实对应多条候选记录
非皮卡,高度压缩两两组合,Porsche,911/911,911,/,/,无可用尺码,1965-2026/2002-2004,Convertible/Coupe/Targa,Incl: Dakar/Speedster/,,,1965-2026,Convertible/Coupe/Targa,Incl: Dakar/Speedster,fallback,Porsche 911 1983 Targa 原子事实对应多条候选记录
非皮卡,高度压缩两两组合,Porsche,911/911,911,/,/,无可用尺码,1965-2026/2002-2005,Convertible/Coupe/Coupe,Incl: Dakar/Speedster/GT2,,,1965-2026,Convertible/Coupe,Incl: Dakar/GT2/Speedster,fallback,Porsche 911 2008 Coupe 原子事实对应多条候选记录
非皮卡,高度压缩两两组合,Porsche,911/911,911,/,/,无可用尺码,1965-2026/2004,Convertible/Coupe/Coupe,Incl: Dakar/Speedster/GT3 RS,,,1965-2026,Convertible/Coupe,Incl: Dakar/GT3 RS/Speedster,fallback,Porsche 911 2007 Coupe 原子事实对应多条候选记录
非皮卡,高度压缩两两组合,Porsche,911/911,911,/,/,无可用尺码,1965-2026/2004-2005,Convertible/Coupe/Coupe,Incl: Dakar/Speedster/GT3,,,1965-2026,Convertible/Coupe,Incl: Dakar/GT3/Speedster,fallback,Porsche 911 2007 Coupe 原子事实对应多条候选记录
非皮卡,高度压缩两两组合,Porsche,911/911,911,/,/,无可用尺码,1965-2026/2006-2011,Convertible/Coupe/Targa,Incl: Dakar/Speedster/,,,1965-2026,Convertible/Coupe/Targa,Incl: Dakar/Speedster,fallback,Porsche 911 1983 Targa 原子事实对应多条候选记录
非皮卡,高度压缩两两组合,Porsche,911/911,911,/,/,无可用尺码,1965-2026/2007-2008,Convertible/Coupe/Coupe,Incl: Dakar/Speedster/GT3,,,1965-2026,Convertible/Coupe,Incl: Dakar/GT3/Speedster,fallback,Porsche 911 2004 Coupe 原子事实对应多条候选记录
非皮卡,高度压缩两两组合,Porsche,911/911,911,/,/,无可用尺码,1965-2026/2007-2008,Convertible/Coupe/Coupe,Incl: Dakar/Speedster/GT3 RS,,,1965-2026,Convertible/Coupe,Incl: Dakar/GT3 RS/Speedster,fallback,Porsche 911 2004 Coupe 原子事实对应多条候选记录
非皮卡,高度压缩两两组合,Porsche,911/911,911,/,/,无可用尺码,1965-2026/2007-2012,Convertible/Coupe/Coupe,Incl: Dakar/Speedster/Turbo,,,1965-2026,Convertible/Coupe,Incl: Dakar/Speedster/Turbo,fallback,Porsche 911 1976 Coupe 原子事实对应多条候选记录
非皮卡,高度压缩两两组合,Porsche,911/911,911,/,/,无可用尺码,1965-2026/2008-2009,Convertible/Coupe/Coupe,Incl: Dakar/Speedster/GT2,,,1965-2026,Convertible/Coupe,Incl: Dakar/GT2/Speedster,fallback,Porsche 911 2002 Coupe 原子事实对应多条候选记录
非皮卡,高度压缩两两组合,Porsche,911/911,911,/,/,无可用尺码,1965-2026/2010-2011,Convertible/Coupe/Coupe,Incl: Dakar/Speedster/GT3,,,1965-2026,Convertible/Coupe,Incl: Dakar/GT3/Speedster,fallback,Porsche 911 2004 Coupe 原子事实对应多条候选记录
非皮卡,高度压缩两两组合,Porsche,911/911,911,/,/,无可用尺码,1965-2026/2010-2011,Convertible/Coupe/Coupe,Incl: Dakar/Speedster/GT3 RS,,,1965-2026,Convertible/Coupe,Incl: Dakar/GT3 RS/Speedster,fallback,Porsche 911 2004 Coupe 原子事实对应多条候选记录
非皮卡,高度压缩两两组合,Porsche,911/911,911,/,/,无可用尺码,1965-2026/2011,Convertible/Coupe/Coupe,Incl: Dakar/Speedster/GT2 RS,,,1965-2026,Convertible/Coupe,Incl: Dakar/GT2 RS/Speedster,fallback,Porsche 911 2018 Coupe 原子事实对应多条候选记录
非皮卡,高度压缩两两组合,Porsche,911/911,911,/,/,无可用尺码,1965-2026/2014-2016,Convertible/Coupe/Coupe,Incl: Dakar/Speedster/GT3,,,1965-2026,Convertible/Coupe,Incl: Dakar/GT3/Speedster,fallback,Porsche 911 2004 Coupe 原子事实对应多条候选记录
非皮卡,高度压缩两两组合,Porsche,911/911,911,/,/,无可用尺码,1965-2026/2014-2016,Convertible/Coupe/Targa,Incl: Dakar/Speedster/,,,1965-2026,Convertible/Coupe/Targa,Incl: Dakar/Speedster,fallback,Porsche 911 1983 Targa 原子事实对应多条候选记录
非皮卡,高度压缩两两组合,Porsche,911/911,911,/,/,无可用尺码,1965-2026/2014-2019,Convertible/Coupe/Coupe,Incl: Dakar/Speedster/Turbo,,,1965-2026,Convertible/Coupe,Incl: Dakar/Speedster/Turbo,fallback,Porsche 911 1976 Coupe 原子事实对应多条候选记录
非皮卡,高度压缩两两组合,Porsche,911/911,911,/,/,无可用尺码,1965-2026/2016,Convertible/Coupe/Coupe,Incl: Dakar/Speedster/GT3 RS,,,1965-2026,Convertible/Coupe,Incl: Dakar/GT3 RS/Speedster,fallback,Porsche 911 2004 Coupe 原子事实对应多条候选记录
非皮卡,高度压缩两两组合,Porsche,911/911,911,/,/,无可用尺码,1965-2026/2018,Convertible/Coupe/Coupe,Incl: Dakar/Speedster/GT2 RS,,,1965-2026,Convertible/Coupe,Incl: Dakar/GT2 RS/Speedster,fallback,Porsche 911 2011 Coupe 原子事实对应多条候选记录
非皮卡,高度压缩两两组合,Porsche,911/911,911,/,/,无可用尺码,1965-2026/2018-2019,Convertible/Coupe/Coupe,Incl: Dakar/Speedster/GT3,,,1965-2026,Convertible/Coupe,Incl: Dakar/GT3/Speedster,fallback,Porsche 911 2004 Coupe 原子事实对应多条候选记录
非皮卡,高度压缩两两组合,Porsche,911/911,911,/,/,无可用尺码,1965-2026/2019,Convertible/Coupe/Coupe,Incl: Dakar/Speedster/GT3 RS,,,1965-2026,Convertible/Coupe,Incl: Dakar/GT3 RS/Speedster,fallback,Porsche 911 2004 Coupe 原子事实对应多条候选记录
非皮卡,高度压缩两两组合,Porsche,911/911,911,/,/,无可用尺码,1965-2026/2021-2024,Convertible/Coupe/Targa,Incl: Dakar/Speedster/,,,1965-2026,Convertible/Coupe/Targa,Incl: Dakar/Speedster,fallback,Porsche 911 1983 Targa 原子事实对应多条候选记录
非皮卡,高度压缩两两组合,Porsche,911/911,911,/,/,无可用尺码,1965-2026/2021-2026,Convertible/Coupe/Coupe,Incl: Dakar/Speedster/Turbo,,,1965-2026,Convertible/Coupe,Incl: Dakar/Speedster/Turbo,fallback,Porsche 911 1976 Coupe 原子事实对应多条候选记录
非皮卡,高度压缩两两组合,Porsche,911/911,911,/,/,无可用尺码,1965-2026/2022-2024,Convertible/Coupe/Coupe,Incl: Dakar/Speedster/GT3/GT3 RS,,,1965-2026,Convertible/Coupe,Incl: Dakar/GT3/GT3 RS/Speedster,fallback,Porsche 911 2004 Coupe 原子事实对应多条候选记录
非皮卡,高度压缩两两组合,Porsche,911/911,911,/,/,无可用尺码,1965-2026/2025,Convertible/Coupe/Coupe,Incl: Dakar/Speedster/GT3 RS,,,1965-2026,Convertible/Coupe,Incl: Dakar/GT3 RS/Speedster,fallback,Porsche 911 2004 Coupe 原子事实对应多条候选记录
非皮卡,高度压缩两两组合,Porsche,911/911,911,/,/,无可用尺码,1976-1989/1983-1993,Coupe/Targa,Turbo/,,,1976-1993,Coupe/Targa,Incl: Turbo,fallback,Porsche 911 1976 Coupe 原子事实对应多条候选记录
非皮卡,高度压缩两两组合,Porsche,911/911,911,/,/,无可用尺码,1976-1989/1991-1994,Coupe/Coupe,Turbo/Turbo,,,1976-1994,Coupe,Turbo,success,
非皮卡,高度压缩两两组合,Porsche,911/911,911,/,/,无可用尺码,1965-2026/1976-1994,Convertible/Coupe/Coupe,Incl: Dakar/Speedster/Turbo,,,1965-2026,Convertible/Coupe,Incl: Dakar/Speedster/Turbo,fallback,Porsche 911 1996 Coupe 原子事实对应多条候选记录
非皮卡,高度压缩两两组合,Porsche,911/911,911,/,/,无可用尺码,1965-2026/1983-1993,Convertible/Coupe/Targa,Incl: Dakar/Speedster/,,,1965-2026,Convertible/Coupe/Targa,Incl: Dakar/Speedster,fallback,Porsche 911 1996 Targa 原子事实对应多条候选记录
非皮卡,高度压缩两两组合,Porsche,911/911,911,/,/,无可用尺码,1965-2026/1996-1998,Convertible/Coupe/Coupe,Incl: Dakar/Speedster/Turbo,,,1965-2026,Convertible/Coupe,Incl: Dakar/Speedster/Turbo,fallback,Porsche 911 1976 Coupe 原子事实对应多条候选记录
非皮卡,高度压缩两两组合,Porsche,911/911,911,/,/,无可用尺码,1965-2026/1996-1998,Convertible/Coupe/Targa,Incl: Dakar/Speedster/,,,1965-2026,Convertible/Coupe/Targa,Incl: Dakar/Speedster,fallback,Porsche 911 1983 Targa 原子事实对应多条候选记录
非皮卡,高度压缩两两组合,Porsche,911/911,911,/,/,无可用尺码,1965-2026/2001-2005,Convertible/Coupe/Coupe,Incl: Dakar/Speedster/Turbo,,,1965-2026,Convertible/Coupe,Incl: Dakar/Speedster/Turbo,fallback,Porsche 911 1976 Coupe 原子事实对应多条候选记录
非皮卡,高度压缩两两组合,Porsche,911/911,911,/,/,无可用尺码,1965-2026/2002-2004,Convertible/Coupe/Targa,Incl: Dakar/Speedster/,,,1965-2026,Convertible/Coupe/Targa,Incl: Dakar/Speedster,fallback,Porsche 911 1983 Targa 原子事实对应多条候选记录
非皮卡,高度压缩两两组合,Porsche,911/911,911,/,/,无可用尺码,1965-2026/2002-2005,Convertible/Coupe/Coupe,Incl: Dakar/Speedster/GT2,,,1965-2026,Convertible/Coupe,Incl: Dakar/GT2/Speedster,fallback,Porsche 911 2008 Coupe 原子事实对应多条候选记录
非皮卡,高度压缩两两组合,Porsche,911/911,911,/,/,无可用尺码,1965-2026/2004,Convertible/Coupe/Coupe,Incl: Dakar/Speedster/GT3 RS,,,1965-2026,Convertible/Coupe,Incl: Dakar/GT3 RS/Speedster,fallback,Porsche 911 2007 Coupe 原子事实对应多条候选记录
非皮卡,高度压缩两两组合,Porsche,911/911,911,/,/,无可用尺码,1965-2026/2004-2005,Convertible/Coupe/Coupe,Incl: Dakar/Speedster/GT3,,,1965-2026,Convertible/Coupe,Incl: Dakar/GT3/Speedster,fallback,Porsche 911 2007 Coupe 原子事实对应多条候选记录
非皮卡,高度压缩两两组合,Porsche,911/911,911,/,/,无可用尺码,1965-2026/2006-2011,Convertible/Coupe/Targa,Incl: Dakar/Speedster/,,,1965-2026,Convertible/Coupe/Targa,Incl: Dakar/Speedster,fallback,Porsche 911 1983 Targa 原子事实对应多条候选记录
非皮卡,高度压缩两两组合,Porsche,911/911,911,/,/,无可用尺码,1965-2026/2007-2008,Convertible/Coupe/Coupe,Incl: Dakar/Speedster/GT3,,,1965-2026,Convertible/Coupe,Incl: Dakar/GT3/Speedster,fallback,Porsche 911 2004 Coupe 原子事实对应多条候选记录
非皮卡,高度压缩两两组合,Porsche,911/911,911,/,/,无可用尺码,1965-2026/2007-2008,Convertible/Coupe/Coupe,Incl: Dakar/Speedster/GT3 RS,,,1965-2026,Convertible/Coupe,Incl: Dakar/GT3 RS/Speedster,fallback,Porsche 911 2004 Coupe 原子事实对应多条候选记录
非皮卡,高度压缩两两组合,Porsche,911/911,911,/,/,无可用尺码,1965-2026/2007-2012,Convertible/Coupe/Coupe,Incl: Dakar/Speedster/Turbo,,,1965-2026,Convertible/Coupe,Incl: Dakar/Speedster/Turbo,fallback,Porsche 911 1976 Coupe 原子事实对应多条候选记录
非皮卡,高度压缩两两组合,Porsche,911/911,911,/,/,无可用尺码,1965-2026/2008-2009,Convertible/Coupe/Coupe,Incl: Dakar/Speedster/GT2,,,1965-2026,Convertible/Coupe,Incl: Dakar/GT2/Speedster,fallback,Porsche 911 2002 Coupe 原子事实对应多条候选记录
非皮卡,高度压缩两两组合,Porsche,911/911,911,/,/,无可用尺码,1965-2026/2010-2011,Convertible/Coupe/Coupe,Incl: Dakar/Speedster/GT3,,,1965-2026,Convertible/Coupe,Incl: Dakar/GT3/Speedster,fallback,Porsche 911 2004 Coupe 原子事实对应多条候选记录
非皮卡,高度压缩两两组合,Porsche,911/911,911,/,/,无可用尺码,1965-2026/2010-2011,Convertible/Coupe/Coupe,Incl: Dakar/Speedster/GT3 RS,,,1965-2026,Convertible/Coupe,Incl: Dakar/GT3 RS/Speedster,fallback,Porsche 911 2004 Coupe 原子事实对应多条候选记录
非皮卡,高度压缩两两组合,Porsche,911/911,911,/,/,无可用尺码,1965-2026/2011,Convertible/Coupe/Coupe,Incl: Dakar/Speedster/GT2 RS,,,1965-2026,Convertible/Coupe,Incl: Dakar/GT2 RS/Speedster,fallback,Porsche 911 2018 Coupe 原子事实对应多条候选记录
非皮卡,高度压缩两两组合,Porsche,911/911,911,/,/,无可用尺码,1965-2026/2014-2016,Convertible/Coupe/Coupe,Incl: Dakar/Speedster/GT3,,,1965-2026,Convertible/Coupe,Incl: Dakar/GT3/Speedster,fallback,Porsche 911 2004 Coupe 原子事实对应多条候选记录
非皮卡,高度压缩两两组合,Porsche,911/911,911,/,/,无可用尺码,1965-2026/2014-2016,Convertible/Coupe/Targa,Incl: Dakar/Speedster/,,,1965-2026,Convertible/Coupe/Targa,Incl: Dakar/Speedster,fallback,Porsche 911 1983 Targa 原子事实对应多条候选记录
非皮卡,高度压缩两两组合,Porsche,911/911,911,/,/,无可用尺码,1965-2026/2014-2019,Convertible/Coupe/Coupe,Incl: Dakar/Speedster/Turbo,,,1965-2026,Convertible/Coupe,Incl: Dakar/Speedster/Turbo,fallback,Porsche 911 1976 Coupe 原子事实对应多条候选记录
非皮卡,高度压缩两两组合,Porsche,911/911,911,/,/,无可用尺码,1965-2026/2016,Convertible/Coupe/Coupe,Incl: Dakar/Speedster/GT3 RS,,,1965-2026,Convertible/Coupe,Incl: Dakar/GT3 RS/Speedster,fallback,Porsche 911 2004 Coupe 原子事实对应多条候选记录
非皮卡,高度压缩两两组合,Porsche,911/911,911,/,/,无可用尺码,1965-2026/2018,Convertible/Coupe/Coupe,Incl: Dakar/Speedster/GT2 RS,,,1965-2026,Convertible/Coupe,Incl: Dakar/GT2 RS/Speedster,fallback,Porsche 911 2011 Coupe 原子事实对应多条候选记录
非皮卡,高度压缩两两组合,Porsche,911/911,911,/,/,无可用尺码,1965-2026/2018-2019,Convertible/Coupe/Coupe,Incl: Dakar/Speedster/GT3,,,1965-2026,Convertible/Coupe,Incl: Dakar/GT3/Speedster,fallback,Porsche 911 2004 Coupe 原子事实对应多条候选记录
非皮卡,高度压缩两两组合,Porsche,911/911,911,/,/,无可用尺码,1965-2026/2019,Convertible/Coupe/Coupe,Incl: Dakar/Speedster/GT3 RS,,,1965-2026,Convertible/Coupe,Incl: Dakar/GT3 RS/Speedster,fallback,Porsche 911 2004 Coupe 原子事实对应多条候选记录
非皮卡,高度压缩两两组合,Porsche,911/911,911,/,/,无可用尺码,1965-2026/2021-2024,Convertible/Coupe/Targa,Incl: Dakar/Speedster/,,,1965-2026,Convertible/Coupe/Targa,Incl: Dakar/Speedster,fallback,Porsche 911 1983 Targa 原子事实对应多条候选记录
非皮卡,高度压缩两两组合,Porsche,911/911,911,/,/,无可用尺码,1965-2026/2021-2026,Convertible/Coupe/Coupe,Incl: Dakar/Speedster/Turbo,,,1965-2026,Convertible/Coupe,Incl: Dakar/Speedster/Turbo,fallback,Porsche 911 1976 Coupe 原子事实对应多条候选记录
非皮卡,高度压缩两两组合,Porsche,911/911,911,/,/,无可用尺码,1965-2026/2022-2024,Convertible/Coupe/Coupe,Incl: Dakar/Speedster/GT3/GT3 RS,,,1965-2026,Convertible/Coupe,Incl: Dakar/GT3/GT3 RS/Speedster,fallback,Porsche 911 2004 Coupe 原子事实对应多条候选记录
非皮卡,高度压缩两两组合,Porsche,911/911,911,/,/,无可用尺码,1965-2026/2025,Convertible/Coupe/Coupe,Incl: Dakar/Speedster/GT3 RS,,,1965-2026,Convertible/Coupe,Incl: Dakar/GT3 RS/Speedster,fallback,Porsche 911 2004 Coupe 原子事实对应多条候选记录
非皮卡,高度压缩两两组合,Porsche,911/911,911,/,/,无可用尺码,1976-1994/1983-1993,Coupe/Targa,Turbo/,,,1976-1994,Coupe/Targa,Incl: Turbo,fallback,Porsche 911 1976 Coupe 原子事实对应多条候选记录
非皮卡,高度压缩两两组合,Porsche,911/911,911,/,/,无可用尺码,1976-1994/1996-1998,Coupe/Coupe,Turbo/Turbo,,,1976-1998,Coupe,Turbo,success,
非皮卡,高度压缩两两组合,Porsche,911/911,911,/,/,无可用尺码,1965-2026/1976-1998,Convertible/Coupe/Coupe,Incl: Dakar/Speedster/Turbo,,,1965-2026,Convertible/Coupe,Incl: Dakar/Speedster/Turbo,fallback,Porsche 911 2001 Coupe 原子事实对应多条候选记录
非皮卡,高度压缩两两组合,Porsche,911/911,911,/,/,无可用尺码,1965-2026/1983-1993,Convertible/Coupe/Targa,Incl: Dakar/Speedster/,,,1965-2026,Convertible/Coupe/Targa,Incl: Dakar/Speedster,fallback,Porsche 911 1996 Targa 原子事实对应多条候选记录
非皮卡,高度压缩两两组合,Porsche,911/911,911,/,/,无可用尺码,1965-2026/1996-1998,Convertible/Coupe/Targa,Incl: Dakar/Speedster/,,,1965-2026,Convertible/Coupe/Targa,Incl: Dakar/Speedster,fallback,Porsche 911 1983 Targa 原子事实对应多条候选记录
非皮卡,高度压缩两两组合,Porsche,911/911,911,/,/,无可用尺码,1965-2026/2001-2005,Convertible/Coupe/Coupe,Incl: Dakar/Speedster/Turbo,,,1965-2026,Convertible/Coupe,Incl: Dakar/Speedster/Turbo,fallback,Porsche 911 1976 Coupe 原子事实对应多条候选记录
非皮卡,高度压缩两两组合,Porsche,911/911,911,/,/,无可用尺码,1965-2026/2002-2004,Convertible/Coupe/Targa,Incl: Dakar/Speedster/,,,1965-2026,Convertible/Coupe/Targa,Incl: Dakar/Speedster,fallback,Porsche 911 1983 Targa 原子事实对应多条候选记录
非皮卡,高度压缩两两组合,Porsche,911/911,911,/,/,无可用尺码,1965-2026/2002-2005,Convertible/Coupe/Coupe,Incl: Dakar/Speedster/GT2,,,1965-2026,Convertible/Coupe,Incl: Dakar/GT2/Speedster,fallback,Porsche 911 2008 Coupe 原子事实对应多条候选记录
非皮卡,高度压缩两两组合,Porsche,911/911,911,/,/,无可用尺码,1965-2026/2004,Convertible/Coupe/Coupe,Incl: Dakar/Speedster/GT3 RS,,,1965-2026,Convertible/Coupe,Incl: Dakar/GT3 RS/Speedster,fallback,Porsche 911 2007 Coupe 原子事实对应多条候选记录
非皮卡,高度压缩两两组合,Porsche,911/911,911,/,/,无可用尺码,1965-2026/2004-2005,Convertible/Coupe/Coupe,Incl: Dakar/Speedster/GT3,,,1965-2026,Convertible/Coupe,Incl: Dakar/GT3/Speedster,fallback,Porsche 911 2007 Coupe 原子事实对应多条候选记录
非皮卡,高度压缩两两组合,Porsche,911/911,911,/,/,无可用尺码,1965-2026/2006-2011,Convertible/Coupe/Targa,Incl: Dakar/Speedster/,,,1965-2026,Convertible/Coupe/Targa,Incl: Dakar/Speedster,fallback,Porsche 911 1983 Targa 原子事实对应多条候选记录
非皮卡,高度压缩两两组合,Porsche,911/911,911,/,/,无可用尺码,1965-2026/2007-2008,Convertible/Coupe/Coupe,Incl: Dakar/Speedster/GT3,,,1965-2026,Convertible/Coupe,Incl: Dakar/GT3/Speedster,fallback,Porsche 911 2004 Coupe 原子事实对应多条候选记录
非皮卡,高度压缩两两组合,Porsche,911/911,911,/,/,无可用尺码,1965-2026/2007-2008,Convertible/Coupe/Coupe,Incl: Dakar/Speedster/GT3 RS,,,1965-2026,Convertible/Coupe,Incl: Dakar/GT3 RS/Speedster,fallback,Porsche 911 2004 Coupe 原子事实对应多条候选记录
非皮卡,高度压缩两两组合,Porsche,911/911,911,/,/,无可用尺码,1965-2026/2007-2012,Convertible/Coupe/Coupe,Incl: Dakar/Speedster/Turbo,,,1965-2026,Convertible/Coupe,Incl: Dakar/Speedster/Turbo,fallback,Porsche 911 1976 Coupe 原子事实对应多条候选记录
非皮卡,高度压缩两两组合,Porsche,911/911,911,/,/,无可用尺码,1965-2026/2008-2009,Convertible/Coupe/Coupe,Incl: Dakar/Speedster/GT2,,,1965-2026,Convertible/Coupe,Incl: Dakar/GT2/Speedster,fallback,Porsche 911 2002 Coupe 原子事实对应多条候选记录
非皮卡,高度压缩两两组合,Porsche,911/911,911,/,/,无可用尺码,1965-2026/2010-2011,Convertible/Coupe/Coupe,Incl: Dakar/Speedster/GT3,,,1965-2026,Convertible/Coupe,Incl: Dakar/GT3/Speedster,fallback,Porsche 911 2004 Coupe 原子事实对应多条候选记录
非皮卡,高度压缩两两组合,Porsche,911/911,911,/,/,无可用尺码,1965-2026/2010-2011,Convertible/Coupe/Coupe,Incl: Dakar/Speedster/GT3 RS,,,1965-2026,Convertible/Coupe,Incl: Dakar/GT3 RS/Speedster,fallback,Porsche 911 2004 Coupe 原子事实对应多条候选记录
非皮卡,高度压缩两两组合,Porsche,911/911,911,/,/,无可用尺码,1965-2026/2011,Convertible/Coupe/Coupe,Incl: Dakar/Speedster/GT2 RS,,,1965-2026,Convertible/Coupe,Incl: Dakar/GT2 RS/Speedster,fallback,Porsche 911 2018 Coupe 原子事实对应多条候选记录
非皮卡,高度压缩两两组合,Porsche,911/911,911,/,/,无可用尺码,1965-2026/2014-2016,Convertible/Coupe/Coupe,Incl: Dakar/Speedster/GT3,,,1965-2026,Convertible/Coupe,Incl: Dakar/GT3/Speedster,fallback,Porsche 911 2004 Coupe 原子事实对应多条候选记录
非皮卡,高度压缩两两组合,Porsche,911/911,911,/,/,无可用尺码,1965-2026/2014-2016,Convertible/Coupe/Targa,Incl: Dakar/Speedster/,,,1965-2026,Convertible/Coupe/Targa,Incl: Dakar/Speedster,fallback,Porsche 911 1983 Targa 原子事实对应多条候选记录
非皮卡,高度压缩两两组合,Porsche,911/911,911,/,/,无可用尺码,1965-2026/2014-2019,Convertible/Coupe/Coupe,Incl: Dakar/Speedster/Turbo,,,1965-2026,Convertible/Coupe,Incl: Dakar/Speedster/Turbo,fallback,Porsche 911 1976 Coupe 原子事实对应多条候选记录
非皮卡,高度压缩两两组合,Porsche,911/911,911,/,/,无可用尺码,1965-2026/2016,Convertible/Coupe/Coupe,Incl: Dakar/Speedster/GT3 RS,,,1965-2026,Convertible/Coupe,Incl: Dakar/GT3 RS/Speedster,fallback,Porsche 911 2004 Coupe 原子事实对应多条候选记录
非皮卡,高度压缩两两组合,Porsche,911/911,911,/,/,无可用尺码,1965-2026/2018,Convertible/Coupe/Coupe,Incl: Dakar/Speedster/GT2 RS,,,1965-2026,Convertible/Coupe,Incl: Dakar/GT2 RS/Speedster,fallback,Porsche 911 2011 Coupe 原子事实对应多条候选记录
非皮卡,高度压缩两两组合,Porsche,911/911,911,/,/,无可用尺码,1965-2026/2018-2019,Convertible/Coupe/Coupe,Incl: Dakar/Speedster/GT3,,,1965-2026,Convertible/Coupe,Incl: Dakar/GT3/Speedster,fallback,Porsche 911 2004 Coupe 原子事实对应多条候选记录
非皮卡,高度压缩两两组合,Porsche,911/911,911,/,/,无可用尺码,1965-2026/2019,Convertible/Coupe/Coupe,Incl: Dakar/Speedster/GT3 RS,,,1965-2026,Convertible/Coupe,Incl: Dakar/GT3 RS/Speedster,fallback,Porsche 911 2004 Coupe 原子事实对应多条候选记录
非皮卡,高度压缩两两组合,Porsche,911/911,911,/,/,无可用尺码,1965-2026/2021-2024,Convertible/Coupe/Targa,Incl: Dakar/Speedster/,,,1965-2026,Convertible/Coupe/Targa,Incl: Dakar/Speedster,fallback,Porsche 911 1983 Targa 原子事实对应多条候选记录
非皮卡,高度压缩两两组合,Porsche,911/911,911,/,/,无可用尺码,1965-2026/2021-2026,Convertible/Coupe/Coupe,Incl: Dakar/Speedster/Turbo,,,1965-2026,Convertible/Coupe,Incl: Dakar/Speedster/Turbo,fallback,Porsche 911 1976 Coupe 原子事实对应多条候选记录
非皮卡,高度压缩两两组合,Porsche,911/911,911,/,/,无可用尺码,1965-2026/2022-2024,Convertible/Coupe/Coupe,Incl: Dakar/Speedster/GT3/GT3 RS,,,1965-2026,Convertible/Coupe,Incl: Dakar/GT3/GT3 RS/Speedster,fallback,Porsche 911 2004 Coupe 原子事实对应多条候选记录
非皮卡,高度压缩两两组合,Porsche,911/911,911,/,/,无可用尺码,1965-2026/2025,Convertible/Coupe/Coupe,Incl: Dakar/Speedster/GT3 RS,,,1965-2026,Convertible/Coupe,Incl: Dakar/GT3 RS/Speedster,fallback,Porsche 911 2004 Coupe 原子事实对应多条候选记录
非皮卡,高度压缩两两组合,Porsche,911/911,911,/,/,无可用尺码,1976-1998/1983-1993,Coupe/Targa,Turbo/,,,1976-1998,Coupe/Targa,Incl: Turbo,fallback,Porsche 911 1976 Coupe 原子事实对应多条候选记录
非皮卡,高度压缩两两组合,Porsche,911/911,911,/,/,无可用尺码,1976-1998/1996-1998,Coupe/Targa,Turbo/,,,1976-1998,Coupe/Targa,Incl: Turbo,fallback,Porsche 911 1976 Coupe 原子事实对应多条候选记录
非皮卡,高度压缩两两组合,Porsche,911/911,911,/,/,无可用尺码,1976-1998/2001-2005,Coupe/Coupe,Turbo/Turbo,,,1976-2005,Coupe,Turbo,success,
非皮卡,高度压缩两两组合,Porsche,911/911,911,/,/,无可用尺码,1965-2026/1976-2005,Convertible/Coupe/Coupe,Incl: Dakar/Speedster/Turbo,,,1965-2026,Convertible/Coupe,Incl: Dakar/Speedster/Turbo,fallback,Porsche 911 2007 Coupe 原子事实对应多条候选记录
非皮卡,高度压缩两两组合,Porsche,911/911,911,/,/,无可用尺码,1965-2026/1983-1993,Convertible/Coupe/Targa,Incl: Dakar/Speedster/,,,1965-2026,Convertible/Coupe/Targa,Incl: Dakar/Speedster,fallback,Porsche 911 1996 Targa 原子事实对应多条候选记录
非皮卡,高度压缩两两组合,Porsche,911/911,911,/,/,无可用尺码,1965-2026/1996-1998,Convertible/Coupe/Targa,Incl: Dakar/Speedster/,,,1965-2026,Convertible/Coupe/Targa,Incl: Dakar/Speedster,fallback,Porsche 911 1983 Targa 原子事实对应多条候选记录
非皮卡,高度压缩两两组合,Porsche,911/911,911,/,/,无可用尺码,1965-2026/2002-2004,Convertible/Coupe/Targa,Incl: Dakar/Speedster/,,,1965-2026,Convertible/Coupe/Targa,Incl: Dakar/Speedster,fallback,Porsche 911 1983 Targa 原子事实对应多条候选记录
非皮卡,高度压缩两两组合,Porsche,911/911,911,/,/,无可用尺码,1965-2026/2002-2005,Convertible/Coupe/Coupe,Incl: Dakar/Speedster/GT2,,,1965-2026,Convertible/Coupe,Incl: Dakar/GT2/Speedster,fallback,Porsche 911 2008 Coupe 原子事实对应多条候选记录
非皮卡,高度压缩两两组合,Porsche,911/911,911,/,/,无可用尺码,1965-2026/2004,Convertible/Coupe/Coupe,Incl: Dakar/Speedster/GT3 RS,,,1965-2026,Convertible/Coupe,Incl: Dakar/GT3 RS/Speedster,fallback,Porsche 911 2007 Coupe 原子事实对应多条候选记录
非皮卡,高度压缩两两组合,Porsche,911/911,911,/,/,无可用尺码,1965-2026/2004-2005,Convertible/Coupe/Coupe,Incl: Dakar/Speedster/GT3,,,1965-2026,Convertible/Coupe,Incl: Dakar/GT3/Speedster,fallback,Porsche 911 2007 Coupe 原子事实对应多条候选记录
非皮卡,高度压缩两两组合,Porsche,911/911,911,/,/,无可用尺码,1965-2026/2006-2011,Convertible/Coupe/Targa,Incl: Dakar/Speedster/,,,1965-2026,Convertible/Coupe/Targa,Incl: Dakar/Speedster,fallback,Porsche 911 1983 Targa 原子事实对应多条候选记录
非皮卡,高度压缩两两组合,Porsche,911/911,911,/,/,无可用尺码,1965-2026/2007-2008,Convertible/Coupe/Coupe,Incl: Dakar/Speedster/GT3,,,1965-2026,Convertible/Coupe,Incl: Dakar/GT3/Speedster,fallback,Porsche 911 2004 Coupe 原子事实对应多条候选记录
非皮卡,高度压缩两两组合,Porsche,911/911,911,/,/,无可用尺码,1965-2026/2007-2008,Convertible/Coupe/Coupe,Incl: Dakar/Speedster/GT3 RS,,,1965-2026,Convertible/Coupe,Incl: Dakar/GT3 RS/Speedster,fallback,Porsche 911 2004 Coupe 原子事实对应多条候选记录
非皮卡,高度压缩两两组合,Porsche,911/911,911,/,/,无可用尺码,1965-2026/2007-2012,Convertible/Coupe/Coupe,Incl: Dakar/Speedster/Turbo,,,1965-2026,Convertible/Coupe,Incl: Dakar/Speedster/Turbo,fallback,Porsche 911 1976 Coupe 原子事实对应多条候选记录
非皮卡,高度压缩两两组合,Porsche,911/911,911,/,/,无可用尺码,1965-2026/2008-2009,Convertible/Coupe/Coupe,Incl: Dakar/Speedster/GT2,,,1965-2026,Convertible/Coupe,Incl: Dakar/GT2/Speedster,fallback,Porsche 911 2002 Coupe 原子事实对应多条候选记录
非皮卡,高度压缩两两组合,Porsche,911/911,911,/,/,无可用尺码,1965-2026/2010-2011,Convertible/Coupe/Coupe,Incl: Dakar/Speedster/GT3,,,1965-2026,Convertible/Coupe,Incl: Dakar/GT3/Speedster,fallback,Porsche 911 2004 Coupe 原子事实对应多条候选记录
非皮卡,高度压缩两两组合,Porsche,911/911,911,/,/,无可用尺码,1965-2026/2010-2011,Convertible/Coupe/Coupe,Incl: Dakar/Speedster/GT3 RS,,,1965-2026,Convertible/Coupe,Incl: Dakar/GT3 RS/Speedster,fallback,Porsche 911 2004 Coupe 原子事实对应多条候选记录
非皮卡,高度压缩两两组合,Porsche,911/911,911,/,/,无可用尺码,1965-2026/2011,Convertible/Coupe/Coupe,Incl: Dakar/Speedster/GT2 RS,,,1965-2026,Convertible/Coupe,Incl: Dakar/GT2 RS/Speedster,fallback,Porsche 911 2018 Coupe 原子事实对应多条候选记录
非皮卡,高度压缩两两组合,Porsche,911/911,911,/,/,无可用尺码,1965-2026/2014-2016,Convertible/Coupe/Coupe,Incl: Dakar/Speedster/GT3,,,1965-2026,Convertible/Coupe,Incl: Dakar/GT3/Speedster,fallback,Porsche 911 2004 Coupe 原子事实对应多条候选记录
非皮卡,高度压缩两两组合,Porsche,911/911,911,/,/,无可用尺码,1965-2026/2014-2016,Convertible/Coupe/Targa,Incl: Dakar/Speedster/,,,1965-2026,Convertible/Coupe/Targa,Incl: Dakar/Speedster,fallback,Porsche 911 1983 Targa 原子事实对应多条候选记录
非皮卡,高度压缩两两组合,Porsche,911/911,911,/,/,无可用尺码,1965-2026/2014-2019,Convertible/Coupe/Coupe,Incl: Dakar/Speedster/Turbo,,,1965-2026,Convertible/Coupe,Incl: Dakar/Speedster/Turbo,fallback,Porsche 911 1976 Coupe 原子事实对应多条候选记录
非皮卡,高度压缩两两组合,Porsche,911/911,911,/,/,无可用尺码,1965-2026/2016,Convertible/Coupe/Coupe,Incl: Dakar/Speedster/GT3 RS,,,1965-2026,Convertible/Coupe,Incl: Dakar/GT3 RS/Speedster,fallback,Porsche 911 2004 Coupe 原子事实对应多条候选记录
非皮卡,高度压缩两两组合,Porsche,911/911,911,/,/,无可用尺码,1965-2026/2018,Convertible/Coupe/Coupe,Incl: Dakar/Speedster/GT2 RS,,,1965-2026,Convertible/Coupe,Incl: Dakar/GT2 RS/Speedster,fallback,Porsche 911 2011 Coupe 原子事实对应多条候选记录
非皮卡,高度压缩两两组合,Porsche,911/911,911,/,/,无可用尺码,1965-2026/2018-2019,Convertible/Coupe/Coupe,Incl: Dakar/Speedster/GT3,,,1965-2026,Convertible/Coupe,Incl: Dakar/GT3/Speedster,fallback,Porsche 911 2004 Coupe 原子事实对应多条候选记录
非皮卡,高度压缩两两组合,Porsche,911/911,911,/,/,无可用尺码,1965-2026/2019,Convertible/Coupe/Coupe,Incl: Dakar/Speedster/GT3 RS,,,1965-2026,Convertible/Coupe,Incl: Dakar/GT3 RS/Speedster,fallback,Porsche 911 2004 Coupe 原子事实对应多条候选记录
非皮卡,高度压缩两两组合,Porsche,911/911,911,/,/,无可用尺码,1965-2026/2021-2024,Convertible/Coupe/Targa,Incl: Dakar/Speedster/,,,1965-2026,Convertible/Coupe/Targa,Incl: Dakar/Speedster,fallback,Porsche 911 1983 Targa 原子事实对应多条候选记录
非皮卡,高度压缩两两组合,Porsche,911/911,911,/,/,无可用尺码,1965-2026/2021-2026,Convertible/Coupe/Coupe,Incl: Dakar/Speedster/Turbo,,,1965-2026,Convertible/Coupe,Incl: Dakar/Speedster/Turbo,fallback,Porsche 911 1976 Coupe 原子事实对应多条候选记录
非皮卡,高度压缩两两组合,Porsche,911/911,911,/,/,无可用尺码,1965-2026/2022-2024,Convertible/Coupe/Coupe,Incl: Dakar/Speedster/GT3/GT3 RS,,,1965-2026,Convertible/Coupe,Incl: Dakar/GT3/GT3 RS/Speedster,fallback,Porsche 911 2004 Coupe 原子事实对应多条候选记录
非皮卡,高度压缩两两组合,Porsche,911/911,911,/,/,无可用尺码,1965-2026/2025,Convertible/Coupe/Coupe,Incl: Dakar/Speedster/GT3 RS,,,1965-2026,Convertible/Coupe,Incl: Dakar/GT3 RS/Speedster,fallback,Porsche 911 2004 Coupe 原子事实对应多条候选记录
非皮卡,高度压缩两两组合,Porsche,911/911,911,/,/,无可用尺码,1976-2005/1983-1993,Coupe/Targa,Turbo/,,,1976-2005,Coupe/Targa,Incl: Turbo,fallback,Porsche 911 1976 Coupe 原子事实对应多条候选记录
非皮卡,高度压缩两两组合,Porsche,911/911,911,/,/,无可用尺码,1976-2005/1996-1998,Coupe/Targa,Turbo/,,,1976-2005,Coupe/Targa,Incl: Turbo,fallback,Porsche 911 1976 Coupe 原子事实对应多条候选记录
非皮卡,高度压缩两两组合,Porsche,911/911,911,/,/,无可用尺码,1976-2005/2002-2004,Coupe/Targa,Turbo/,,,1976-2005,Coupe/Targa,Incl: Turbo,fallback,Porsche 911 1976 Coupe 原子事实对应多条候选记录
非皮卡,高度压缩两两组合,Porsche,911/911,911,/,/,无可用尺码,1976-2005/2002-2005,Coupe/Coupe,Turbo/GT2,,,1976-2005,Coupe,GT2/Turbo,success,
非皮卡,高度压缩两两组合,Porsche,911/911,911,/,/,无可用尺码,1965-2026/1976-2005,Convertible/Coupe/Coupe,Incl: Dakar/Speedster/GT2/Turbo,,,1965-2026,Convertible/Coupe,Incl: Dakar/GT2/Speedster/Turbo,fallback,Porsche 911 2007 Coupe 原子事实对应多条候选记录
非皮卡,高度压缩两两组合,Porsche,911/911,911,/,/,无可用尺码,1965-2026/1983-1993,Convertible/Coupe/Targa,Incl: Dakar/Speedster/,,,1965-2026,Convertible/Coupe/Targa,Incl: Dakar/Speedster,fallback,Porsche 911 1996 Targa 原子事实对应多条候选记录
非皮卡,高度压缩两两组合,Porsche,911/911,911,/,/,无可用尺码,1965-2026/1996-1998,Convertible/Coupe/Targa,Incl: Dakar/Speedster/,,,1965-2026,Convertible/Coupe/Targa,Incl: Dakar/Speedster,fallback,Porsche 911 1983 Targa 原子事实对应多条候选记录
非皮卡,高度压缩两两组合,Porsche,911/911,911,/,/,无可用尺码,1965-2026/2002-2004,Convertible/Coupe/Targa,Incl: Dakar/Speedster/,,,1965-2026,Convertible/Coupe/Targa,Incl: Dakar/Speedster,fallback,Porsche 911 1983 Targa 原子事实对应多条候选记录
非皮卡,高度压缩两两组合,Porsche,911/911,911,/,/,无可用尺码,1965-2026/2004,Convertible/Coupe/Coupe,Incl: Dakar/Speedster/GT3 RS,,,1965-2026,Convertible/Coupe,Incl: Dakar/GT3 RS/Speedster,fallback,Porsche 911 2007 Coupe 原子事实对应多条候选记录
非皮卡,高度压缩两两组合,Porsche,911/911,911,/,/,无可用尺码,1965-2026/2004-2005,Convertible/Coupe/Coupe,Incl: Dakar/Speedster/GT3,,,1965-2026,Convertible/Coupe,Incl: Dakar/GT3/Speedster,fallback,Porsche 911 2007 Coupe 原子事实对应多条候选记录
非皮卡,高度压缩两两组合,Porsche,911/911,911,/,/,无可用尺码,1965-2026/2006-2011,Convertible/Coupe/Targa,Incl: Dakar/Speedster/,,,1965-2026,Convertible/Coupe/Targa,Incl: Dakar/Speedster,fallback,Porsche 911 1983 Targa 原子事实对应多条候选记录
非皮卡,高度压缩两两组合,Porsche,911/911,911,/,/,无可用尺码,1965-2026/2007-2008,Convertible/Coupe/Coupe,Incl: Dakar/Speedster/GT3,,,1965-2026,Convertible/Coupe,Incl: Dakar/GT3/Speedster,fallback,Porsche 911 2004 Coupe 原子事实对应多条候选记录
非皮卡,高度压缩两两组合,Porsche,911/911,911,/,/,无可用尺码,1965-2026/2007-2008,Convertible/Coupe/Coupe,Incl: Dakar/Speedster/GT3 RS,,,1965-2026,Convertible/Coupe,Incl: Dakar/GT3 RS/Speedster,fallback,Porsche 911 2004 Coupe 原子事实对应多条候选记录
非皮卡,高度压缩两两组合,Porsche,911/911,911,/,/,无可用尺码,1965-2026/2007-2012,Convertible/Coupe/Coupe,Incl: Dakar/Speedster/Turbo,,,1965-2026,Convertible/Coupe,Incl: Dakar/Speedster/Turbo,fallback,Porsche 911 1976 Coupe 原子事实对应多条候选记录
非皮卡,高度压缩两两组合,Porsche,911/911,911,/,/,无可用尺码,1965-2026/2008-2009,Convertible/Coupe/Coupe,Incl: Dakar/Speedster/GT2,,,1965-2026,Convertible/Coupe,Incl: Dakar/GT2/Speedster,fallback,Porsche 911 2002 Coupe 原子事实对应多条候选记录
非皮卡,高度压缩两两组合,Porsche,911/911,911,/,/,无可用尺码,1965-2026/2010-2011,Convertible/Coupe/Coupe,Incl: Dakar/Speedster/GT3,,,1965-2026,Convertible/Coupe,Incl: Dakar/GT3/Speedster,fallback,Porsche 911 2004 Coupe 原子事实对应多条候选记录
非皮卡,高度压缩两两组合,Porsche,911/911,911,/,/,无可用尺码,1965-2026/2010-2011,Convertible/Coupe/Coupe,Incl: Dakar/Speedster/GT3 RS,,,1965-2026,Convertible/Coupe,Incl: Dakar/GT3 RS/Speedster,fallback,Porsche 911 2004 Coupe 原子事实对应多条候选记录
非皮卡,高度压缩两两组合,Porsche,911/911,911,/,/,无可用尺码,1965-2026/2011,Convertible/Coupe/Coupe,Incl: Dakar/Speedster/GT2 RS,,,1965-2026,Convertible/Coupe,Incl: Dakar/GT2 RS/Speedster,fallback,Porsche 911 2018 Coupe 原子事实对应多条候选记录
非皮卡,高度压缩两两组合,Porsche,911/911,911,/,/,无可用尺码,1965-2026/2014-2016,Convertible/Coupe/Coupe,Incl: Dakar/Speedster/GT3,,,1965-2026,Convertible/Coupe,Incl: Dakar/GT3/Speedster,fallback,Porsche 911 2004 Coupe 原子事实对应多条候选记录
非皮卡,高度压缩两两组合,Porsche,911/911,911,/,/,无可用尺码,1965-2026/2014-2016,Convertible/Coupe/Targa,Incl: Dakar/Speedster/,,,1965-2026,Convertible/Coupe/Targa,Incl: Dakar/Speedster,fallback,Porsche 911 1983 Targa 原子事实对应多条候选记录
非皮卡,高度压缩两两组合,Porsche,911/911,911,/,/,无可用尺码,1965-2026/2014-2019,Convertible/Coupe/Coupe,Incl: Dakar/Speedster/Turbo,,,1965-2026,Convertible/Coupe,Incl: Dakar/Speedster/Turbo,fallback,Porsche 911 1976 Coupe 原子事实对应多条候选记录
非皮卡,高度压缩两两组合,Porsche,911/911,911,/,/,无可用尺码,1965-2026/2016,Convertible/Coupe/Coupe,Incl: Dakar/Speedster/GT3 RS,,,1965-2026,Convertible/Coupe,Incl: Dakar/GT3 RS/Speedster,fallback,Porsche 911 2004 Coupe 原子事实对应多条候选记录
非皮卡,高度压缩两两组合,Porsche,911/911,911,/,/,无可用尺码,1965-2026/2018,Convertible/Coupe/Coupe,Incl: Dakar/Speedster/GT2 RS,,,1965-2026,Convertible/Coupe,Incl: Dakar/GT2 RS/Speedster,fallback,Porsche 911 2011 Coupe 原子事实对应多条候选记录
非皮卡,高度压缩两两组合,Porsche,911/911,911,/,/,无可用尺码,1965-2026/2018-2019,Convertible/Coupe/Coupe,Incl: Dakar/Speedster/GT3,,,1965-2026,Convertible/Coupe,Incl: Dakar/GT3/Speedster,fallback,Porsche 911 2004 Coupe 原子事实对应多条候选记录
非皮卡,高度压缩两两组合,Porsche,911/911,911,/,/,无可用尺码,1965-2026/2019,Convertible/Coupe/Coupe,Incl: Dakar/Speedster/GT3 RS,,,1965-2026,Convertible/Coupe,Incl: Dakar/GT3 RS/Speedster,fallback,Porsche 911 2004 Coupe 原子事实对应多条候选记录
非皮卡,高度压缩两两组合,Porsche,911/911,911,/,/,无可用尺码,1965-2026/2021-2024,Convertible/Coupe/Targa,Incl: Dakar/Speedster/,,,1965-2026,Convertible/Coupe/Targa,Incl: Dakar/Speedster,fallback,Porsche 911 1983 Targa 原子事实对应多条候选记录
非皮卡,高度压缩两两组合,Porsche,911/911,911,/,/,无可用尺码,1965-2026/2021-2026,Convertible/Coupe/Coupe,Incl: Dakar/Speedster/Turbo,,,1965-2026,Convertible/Coupe,Incl: Dakar/Speedster/Turbo,fallback,Porsche 911 1976 Coupe 原子事实对应多条候选记录
非皮卡,高度压缩两两组合,Porsche,911/911,911,/,/,无可用尺码,1965-2026/2022-2024,Convertible/Coupe/Coupe,Incl: Dakar/Speedster/GT3/GT3 RS,,,1965-2026,Convertible/Coupe,Incl: Dakar/GT3/GT3 RS/Speedster,fallback,Porsche 911 2004 Coupe 原子事实对应多条候选记录
非皮卡,高度压缩两两组合,Porsche,911/911,911,/,/,无可用尺码,1965-2026/2025,Convertible/Coupe/Coupe,Incl: Dakar/Speedster/GT3 RS,,,1965-2026,Convertible/Coupe,Incl: Dakar/GT3 RS/Speedster,fallback,Porsche 911 2004 Coupe 原子事实对应多条候选记录
非皮卡,高度压缩两两组合,Porsche,911/911,911,/,/,无可用尺码,1976-2005/1983-1993,Coupe/Targa,GT2/Turbo/,,,1976-2005,Coupe/Targa,Incl: GT2/Turbo,fallback,Porsche 911 1976 Coupe 原子事实对应多条候选记录
非皮卡,高度压缩两两组合,Porsche,911/911,911,/,/,无可用尺码,1976-2005/1996-1998,Coupe/Targa,GT2/Turbo/,,,1976-2005,Coupe/Targa,Incl: GT2/Turbo,fallback,Porsche 911 1976 Coupe 原子事实对应多条候选记录
非皮卡,高度压缩两两组合,Porsche,911/911,911,/,/,无可用尺码,1976-2005/2002-2004,Coupe/Targa,GT2/Turbo/,,,1976-2005,Coupe/Targa,Incl: GT2/Turbo,fallback,Porsche 911 1976 Coupe 原子事实对应多条候选记录
非皮卡,高度压缩两两组合,Porsche,911/911,911,/,/,无可用尺码,1976-2005/2004,Coupe/Coupe,GT2/Turbo/GT3 RS,,,1976-2005,Coupe,GT2/GT3 RS/Turbo,success,
非皮卡,高度压缩两两组合,Porsche,911/911,911,/,/,无可用尺码,1965-2026/1976-2005,Convertible/Coupe/Coupe,Incl: Dakar/Speedster/GT2/GT3 RS/Turbo,,,1965-2026,Convertible/Coupe,Incl: Dakar/GT2/GT3 RS/Speedster/Turbo,fallback,Porsche 911 2007 Coupe 原子事实对应多条候选记录
非皮卡,高度压缩两两组合,Porsche,911/911,911,/,/,无可用尺码,1965-2026/1983-1993,Convertible/Coupe/Targa,Incl: Dakar/Speedster/,,,1965-2026,Convertible/Coupe/Targa,Incl: Dakar/Speedster,fallback,Porsche 911 1996 Targa 原子事实对应多条候选记录
非皮卡,高度压缩两两组合,Porsche,911/911,911,/,/,无可用尺码,1965-2026/1996-1998,Convertible/Coupe/Targa,Incl: Dakar/Speedster/,,,1965-2026,Convertible/Coupe/Targa,Incl: Dakar/Speedster,fallback,Porsche 911 1983 Targa 原子事实对应多条候选记录
非皮卡,高度压缩两两组合,Porsche,911/911,911,/,/,无可用尺码,1965-2026/2002-2004,Convertible/Coupe/Targa,Incl: Dakar/Speedster/,,,1965-2026,Convertible/Coupe/Targa,Incl: Dakar/Speedster,fallback,Porsche 911 1983 Targa 原子事实对应多条候选记录
非皮卡,高度压缩两两组合,Porsche,911/911,911,/,/,无可用尺码,1965-2026/2004-2005,Convertible/Coupe/Coupe,Incl: Dakar/Speedster/GT3,,,1965-2026,Convertible/Coupe,Incl: Dakar/GT3/Speedster,fallback,Porsche 911 2007 Coupe 原子事实对应多条候选记录
非皮卡,高度压缩两两组合,Porsche,911/911,911,/,/,无可用尺码,1965-2026/2006-2011,Convertible/Coupe/Targa,Incl: Dakar/Speedster/,,,1965-2026,Convertible/Coupe/Targa,Incl: Dakar/Speedster,fallback,Porsche 911 1983 Targa 原子事实对应多条候选记录
非皮卡,高度压缩两两组合,Porsche,911/911,911,/,/,无可用尺码,1965-2026/2007-2008,Convertible/Coupe/Coupe,Incl: Dakar/Speedster/GT3,,,1965-2026,Convertible/Coupe,Incl: Dakar/GT3/Speedster,fallback,Porsche 911 2004 Coupe 原子事实对应多条候选记录
非皮卡,高度压缩两两组合,Porsche,911/911,911,/,/,无可用尺码,1965-2026/2007-2008,Convertible/Coupe/Coupe,Incl: Dakar/Speedster/GT3 RS,,,1965-2026,Convertible/Coupe,Incl: Dakar/GT3 RS/Speedster,fallback,Porsche 911 2004 Coupe 原子事实对应多条候选记录
非皮卡,高度压缩两两组合,Porsche,911/911,911,/,/,无可用尺码,1965-2026/2007-2012,Convertible/Coupe/Coupe,Incl: Dakar/Speedster/Turbo,,,1965-2026,Convertible/Coupe,Incl: Dakar/Speedster/Turbo,fallback,Porsche 911 1976 Coupe 原子事实对应多条候选记录
非皮卡,高度压缩两两组合,Porsche,911/911,911,/,/,无可用尺码,1965-2026/2008-2009,Convertible/Coupe/Coupe,Incl: Dakar/Speedster/GT2,,,1965-2026,Convertible/Coupe,Incl: Dakar/GT2/Speedster,fallback,Porsche 911 2002 Coupe 原子事实对应多条候选记录
非皮卡,高度压缩两两组合,Porsche,911/911,911,/,/,无可用尺码,1965-2026/2010-2011,Convertible/Coupe/Coupe,Incl: Dakar/Speedster/GT3,,,1965-2026,Convertible/Coupe,Incl: Dakar/GT3/Speedster,fallback,Porsche 911 2004 Coupe 原子事实对应多条候选记录
非皮卡,高度压缩两两组合,Porsche,911/911,911,/,/,无可用尺码,1965-2026/2010-2011,Convertible/Coupe/Coupe,Incl: Dakar/Speedster/GT3 RS,,,1965-2026,Convertible/Coupe,Incl: Dakar/GT3 RS/Speedster,fallback,Porsche 911 2004 Coupe 原子事实对应多条候选记录
非皮卡,高度压缩两两组合,Porsche,911/911,911,/,/,无可用尺码,1965-2026/2011,Convertible/Coupe/Coupe,Incl: Dakar/Speedster/GT2 RS,,,1965-2026,Convertible/Coupe,Incl: Dakar/GT2 RS/Speedster,fallback,Porsche 911 2018 Coupe 原子事实对应多条候选记录
非皮卡,高度压缩两两组合,Porsche,911/911,911,/,/,无可用尺码,1965-2026/2014-2016,Convertible/Coupe/Coupe,Incl: Dakar/Speedster/GT3,,,1965-2026,Convertible/Coupe,Incl: Dakar/GT3/Speedster,fallback,Porsche 911 2004 Coupe 原子事实对应多条候选记录
非皮卡,高度压缩两两组合,Porsche,911/911,911,/,/,无可用尺码,1965-2026/2014-2016,Convertible/Coupe/Targa,Incl: Dakar/Speedster/,,,1965-2026,Convertible/Coupe/Targa,Incl: Dakar/Speedster,fallback,Porsche 911 1983 Targa 原子事实对应多条候选记录
非皮卡,高度压缩两两组合,Porsche,911/911,911,/,/,无可用尺码,1965-2026/2014-2019,Convertible/Coupe/Coupe,Incl: Dakar/Speedster/Turbo,,,1965-2026,Convertible/Coupe,Incl: Dakar/Speedster/Turbo,fallback,Porsche 911 1976 Coupe 原子事实对应多条候选记录
非皮卡,高度压缩两两组合,Porsche,911/911,911,/,/,无可用尺码,1965-2026/2016,Convertible/Coupe/Coupe,Incl: Dakar/Speedster/GT3 RS,,,1965-2026,Convertible/Coupe,Incl: Dakar/GT3 RS/Speedster,fallback,Porsche 911 2004 Coupe 原子事实对应多条候选记录
非皮卡,高度压缩两两组合,Porsche,911/911,911,/,/,无可用尺码,1965-2026/2018,Convertible/Coupe/Coupe,Incl: Dakar/Speedster/GT2 RS,,,1965-2026,Convertible/Coupe,Incl: Dakar/GT2 RS/Speedster,fallback,Porsche 911 2011 Coupe 原子事实对应多条候选记录
非皮卡,高度压缩两两组合,Porsche,911/911,911,/,/,无可用尺码,1965-2026/2018-2019,Convertible/Coupe/Coupe,Incl: Dakar/Speedster/GT3,,,1965-2026,Convertible/Coupe,Incl: Dakar/GT3/Speedster,fallback,Porsche 911 2004 Coupe 原子事实对应多条候选记录
非皮卡,高度压缩两两组合,Porsche,911/911,911,/,/,无可用尺码,1965-2026/2019,Convertible/Coupe/Coupe,Incl: Dakar/Speedster/GT3 RS,,,1965-2026,Convertible/Coupe,Incl: Dakar/GT3 RS/Speedster,fallback,Porsche 911 2004 Coupe 原子事实对应多条候选记录
非皮卡,高度压缩两两组合,Porsche,911/911,911,/,/,无可用尺码,1965-2026/2021-2024,Convertible/Coupe/Targa,Incl: Dakar/Speedster/,,,1965-2026,Convertible/Coupe/Targa,Incl: Dakar/Speedster,fallback,Porsche 911 1983 Targa 原子事实对应多条候选记录
非皮卡,高度压缩两两组合,Porsche,911/911,911,/,/,无可用尺码,1965-2026/2021-2026,Convertible/Coupe/Coupe,Incl: Dakar/Speedster/Turbo,,,1965-2026,Convertible/Coupe,Incl: Dakar/Speedster/Turbo,fallback,Porsche 911 1976 Coupe 原子事实对应多条候选记录
非皮卡,高度压缩两两组合,Porsche,911/911,911,/,/,无可用尺码,1965-2026/2022-2024,Convertible/Coupe/Coupe,Incl: Dakar/Speedster/GT3/GT3 RS,,,1965-2026,Convertible/Coupe,Incl: Dakar/GT3/GT3 RS/Speedster,fallback,Porsche 911 2004 Coupe 原子事实对应多条候选记录
非皮卡,高度压缩两两组合,Porsche,911/911,911,/,/,无可用尺码,1965-2026/2025,Convertible/Coupe/Coupe,Incl: Dakar/Speedster/GT3 RS,,,1965-2026,Convertible/Coupe,Incl: Dakar/GT3 RS/Speedster,fallback,Porsche 911 2004 Coupe 原子事实对应多条候选记录
非皮卡,高度压缩两两组合,Porsche,911/911,911,/,/,无可用尺码,1976-2005/1983-1993,Coupe/Targa,GT2/GT3 RS/Turbo/,,,1976-2005,Coupe/Targa,Incl: GT2/GT3 RS/Turbo,fallback,Porsche 911 1976 Coupe 原子事实对应多条候选记录
非皮卡,高度压缩两两组合,Porsche,911/911,911,/,/,无可用尺码,1976-2005/1996-1998,Coupe/Targa,GT2/GT3 RS/Turbo/,,,1976-2005,Coupe/Targa,Incl: GT2/GT3 RS/Turbo,fallback,Porsche 911 1976 Coupe 原子事实对应多条候选记录
非皮卡,高度压缩两两组合,Porsche,911/911,911,/,/,无可用尺码,1976-2005/2002-2004,Coupe/Targa,GT2/GT3 RS/Turbo/,,,1976-2005,Coupe/Targa,Incl: GT2/GT3 RS/Turbo,fallback,Porsche 911 1976 Coupe 原子事实对应多条候选记录
非皮卡,高度压缩两两组合,Porsche,911/911,911,/,/,无可用尺码,1976-2005/2004-2005,Coupe/Coupe,GT2/GT3 RS/Turbo/GT3,,,1976-2005,Coupe,GT2/GT3/GT3 RS/Turbo,success,
非皮卡,高度压缩两两组合,Porsche,911/911,911,/,/,无可用尺码,1965-2026/1976-2005,Convertible/Coupe/Coupe,Incl: Dakar/Speedster/GT2/GT3/GT3 RS/Turbo,,,1965-2026,Convertible/Coupe,Incl: Dakar/GT2/GT3/GT3 RS/Speedster/Turbo,fallback,Porsche 911 2007 Coupe 原子事实对应多条候选记录
非皮卡,高度压缩两两组合,Porsche,911/911,911,/,/,无可用尺码,1965-2026/1983-1993,Convertible/Coupe/Targa,Incl: Dakar/Speedster/,,,1965-2026,Convertible/Coupe/Targa,Incl: Dakar/Speedster,fallback,Porsche 911 1996 Targa 原子事实对应多条候选记录
非皮卡,高度压缩两两组合,Porsche,911/911,911,/,/,无可用尺码,1965-2026/1996-1998,Convertible/Coupe/Targa,Incl: Dakar/Speedster/,,,1965-2026,Convertible/Coupe/Targa,Incl: Dakar/Speedster,fallback,Porsche 911 1983 Targa 原子事实对应多条候选记录
非皮卡,高度压缩两两组合,Porsche,911/911,911,/,/,无可用尺码,1965-2026/2002-2004,Convertible/Coupe/Targa,Incl: Dakar/Speedster/,,,1965-2026,Convertible/Coupe/Targa,Incl: Dakar/Speedster,fallback,Porsche 911 1983 Targa 原子事实对应多条候选记录
非皮卡,高度压缩两两组合,Porsche,911/911,911,/,/,无可用尺码,1965-2026/2006-2011,Convertible/Coupe/Targa,Incl: Dakar/Speedster/,,,1965-2026,Convertible/Coupe/Targa,Incl: Dakar/Speedster,fallback,Porsche 911 1983 Targa 原子事实对应多条候选记录
非皮卡,高度压缩两两组合,Porsche,911/911,911,/,/,无可用尺码,1965-2026/2007-2008,Convertible/Coupe/Coupe,Incl: Dakar/Speedster/GT3,,,1965-2026,Convertible/Coupe,Incl: Dakar/GT3/Speedster,fallback,Porsche 911 2004 Coupe 原子事实对应多条候选记录
非皮卡,高度压缩两两组合,Porsche,911/911,911,/,/,无可用尺码,1965-2026/2007-2008,Convertible/Coupe/Coupe,Incl: Dakar/Speedster/GT3 RS,,,1965-2026,Convertible/Coupe,Incl: Dakar/GT3 RS/Speedster,fallback,Porsche 911 2004 Coupe 原子事实对应多条候选记录
非皮卡,高度压缩两两组合,Porsche,911/911,911,/,/,无可用尺码,1965-2026/2007-2012,Convertible/Coupe/Coupe,Incl: Dakar/Speedster/Turbo,,,1965-2026,Convertible/Coupe,Incl: Dakar/Speedster/Turbo,fallback,Porsche 911 1976 Coupe 原子事实对应多条候选记录
非皮卡,高度压缩两两组合,Porsche,911/911,911,/,/,无可用尺码,1965-2026/2008-2009,Convertible/Coupe/Coupe,Incl: Dakar/Speedster/GT2,,,1965-2026,Convertible/Coupe,Incl: Dakar/GT2/Speedster,fallback,Porsche 911 2002 Coupe 原子事实对应多条候选记录
非皮卡,高度压缩两两组合,Porsche,911/911,911,/,/,无可用尺码,1965-2026/2010-2011,Convertible/Coupe/Coupe,Incl: Dakar/Speedster/GT3,,,1965-2026,Convertible/Coupe,Incl: Dakar/GT3/Speedster,fallback,Porsche 911 2004 Coupe 原子事实对应多条候选记录
非皮卡,高度压缩两两组合,Porsche,911/911,911,/,/,无可用尺码,1965-2026/2010-2011,Convertible/Coupe/Coupe,Incl: Dakar/Speedster/GT3 RS,,,1965-2026,Convertible/Coupe,Incl: Dakar/GT3 RS/Speedster,fallback,Porsche 911 2004 Coupe 原子事实对应多条候选记录
非皮卡,高度压缩两两组合,Porsche,911/911,911,/,/,无可用尺码,1965-2026/2011,Convertible/Coupe/Coupe,Incl: Dakar/Speedster/GT2 RS,,,1965-2026,Convertible/Coupe,Incl: Dakar/GT2 RS/Speedster,fallback,Porsche 911 2018 Coupe 原子事实对应多条候选记录
非皮卡,高度压缩两两组合,Porsche,911/911,911,/,/,无可用尺码,1965-2026/2014-2016,Convertible/Coupe/Coupe,Incl: Dakar/Speedster/GT3,,,1965-2026,Convertible/Coupe,Incl: Dakar/GT3/Speedster,fallback,Porsche 911 2004 Coupe 原子事实对应多条候选记录
非皮卡,高度压缩两两组合,Porsche,911/911,911,/,/,无可用尺码,1965-2026/2014-2016,Convertible/Coupe/Targa,Incl: Dakar/Speedster/,,,1965-2026,Convertible/Coupe/Targa,Incl: Dakar/Speedster,fallback,Porsche 911 1983 Targa 原子事实对应多条候选记录
非皮卡,高度压缩两两组合,Porsche,911/911,911,/,/,无可用尺码,1965-2026/2014-2019,Convertible/Coupe/Coupe,Incl: Dakar/Speedster/Turbo,,,1965-2026,Convertible/Coupe,Incl: Dakar/Speedster/Turbo,fallback,Porsche 911 1976 Coupe 原子事实对应多条候选记录
非皮卡,高度压缩两两组合,Porsche,911/911,911,/,/,无可用尺码,1965-2026/2016,Convertible/Coupe/Coupe,Incl: Dakar/Speedster/GT3 RS,,,1965-2026,Convertible/Coupe,Incl: Dakar/GT3 RS/Speedster,fallback,Porsche 911 2004 Coupe 原子事实对应多条候选记录
非皮卡,高度压缩两两组合,Porsche,911/911,911,/,/,无可用尺码,1965-2026/2018,Convertible/Coupe/Coupe,Incl: Dakar/Speedster/GT2 RS,,,1965-2026,Convertible/Coupe,Incl: Dakar/GT2 RS/Speedster,fallback,Porsche 911 2011 Coupe 原子事实对应多条候选记录
非皮卡,高度压缩两两组合,Porsche,911/911,911,/,/,无可用尺码,1965-2026/2018-2019,Convertible/Coupe/Coupe,Incl: Dakar/Speedster/GT3,,,1965-2026,Convertible/Coupe,Incl: Dakar/GT3/Speedster,fallback,Porsche 911 2004 Coupe 原子事实对应多条候选记录
非皮卡,高度压缩两两组合,Porsche,911/911,911,/,/,无可用尺码,1965-2026/2019,Convertible/Coupe/Coupe,Incl: Dakar/Speedster/GT3 RS,,,1965-2026,Convertible/Coupe,Incl: Dakar/GT3 RS/Speedster,fallback,Porsche 911 2004 Coupe 原子事实对应多条候选记录
非皮卡,高度压缩两两组合,Porsche,911/911,911,/,/,无可用尺码,1965-2026/2021-2024,Convertible/Coupe/Targa,Incl: Dakar/Speedster/,,,1965-2026,Convertible/Coupe/Targa,Incl: Dakar/Speedster,fallback,Porsche 911 1983 Targa 原子事实对应多条候选记录
非皮卡,高度压缩两两组合,Porsche,911/911,911,/,/,无可用尺码,1965-2026/2021-2026,Convertible/Coupe/Coupe,Incl: Dakar/Speedster/Turbo,,,1965-2026,Convertible/Coupe,Incl: Dakar/Speedster/Turbo,fallback,Porsche 911 1976 Coupe 原子事实对应多条候选记录
非皮卡,高度压缩两两组合,Porsche,911/911,911,/,/,无可用尺码,1965-2026/2022-2024,Convertible/Coupe/Coupe,Incl: Dakar/Speedster/GT3/GT3 RS,,,1965-2026,Convertible/Coupe,Incl: Dakar/GT3/GT3 RS/Speedster,fallback,Porsche 911 2004 Coupe 原子事实对应多条候选记录
非皮卡,高度压缩两两组合,Porsche,911/911,911,/,/,无可用尺码,1965-2026/2025,Convertible/Coupe/Coupe,Incl: Dakar/Speedster/GT3 RS,,,1965-2026,Convertible/Coupe,Incl: Dakar/GT3 RS/Speedster,fallback,Porsche 911 2004 Coupe 原子事实对应多条候选记录
非皮卡,高度压缩两两组合,Porsche,911/911,911,/,/,无可用尺码,1976-2005/1983-1993,Coupe/Targa,GT2/GT3/GT3 RS/Turbo/,,,1976-2005,Coupe/Targa,Incl: GT2/GT3/GT3 RS/Turbo,fallback,Porsche 911 1976 Coupe 原子事实对应多条候选记录
非皮卡,高度压缩两两组合,Porsche,911/911,911,/,/,无可用尺码,1976-2005/1996-1998,Coupe/Targa,GT2/GT3/GT3 RS/Turbo/,,,1976-2005,Coupe/Targa,Incl: GT2/GT3/GT3 RS/Turbo,fallback,Porsche 911 1976 Coupe 原子事实对应多条候选记录
非皮卡,高度压缩两两组合,Porsche,911/911,911,/,/,无可用尺码,1976-2005/2002-2004,Coupe/Targa,GT2/GT3/GT3 RS/Turbo/,,,1976-2005,Coupe/Targa,Incl: GT2/GT3/GT3 RS/Turbo,fallback,Porsche 911 1976 Coupe 原子事实对应多条候选记录
非皮卡,高度压缩两两组合,Porsche,911/911,911,/,/,无可用尺码,1976-2005/2006-2011,Coupe/Targa,GT2/GT3/GT3 RS/Turbo/,,,1976-2011,Coupe/Targa,Incl: GT2/GT3/GT3 RS/Turbo,fallback,Porsche 911 1976 Coupe 原子事实对应多条候选记录
非皮卡,高度压缩两两组合,Porsche,911/911,911,/,/,无可用尺码,1976-2005/2007-2008,Coupe/Coupe,GT2/GT3/GT3 RS/Turbo/GT3,,,1976-2008,Coupe,GT2/GT3/GT3 RS/Turbo,fallback,Porsche 911 2007 Coupe 原子事实对应多条候选记录
非皮卡,高度压缩两两组合,Porsche,911/911,911,/,/,无可用尺码,1976-2005/2007-2008,Coupe/Coupe,GT2/GT3/GT3 RS/Turbo/GT3 RS,,,1976-2008,Coupe,GT2/GT3/GT3 RS/Turbo,fallback,Porsche 911 2007 Coupe 原子事实对应多条候选记录
非皮卡,高度压缩两两组合,Porsche,911/911,911,/,/,无可用尺码,1976-2005/2007-2012,Coupe/Coupe,GT2/GT3/GT3 RS/Turbo/Turbo,,,1976-2012,Coupe,GT2/GT3/GT3 RS/Turbo,fallback,Porsche 911 2007 Coupe 原子事实对应多条候选记录
非皮卡,高度压缩两两组合,Porsche,911/911,911,/,/,无可用尺码,1976-2005/2008-2009,Coupe/Coupe,GT2/GT3/GT3 RS/Turbo/GT2,,,1976-2009,Coupe,GT2/GT3/GT3 RS/Turbo,fallback,Porsche 911 2007 Coupe 原子事实对应多条候选记录
非皮卡,高度压缩两两组合,Porsche,911/911,911,/,/,无可用尺码,1976-2005/2010-2011,Coupe/Coupe,GT2/GT3/GT3 RS/Turbo/GT3,,,1976-2011,Coupe,GT2/GT3/GT3 RS/Turbo,fallback,Porsche 911 2007 Coupe 原子事实对应多条候选记录
非皮卡,高度压缩两两组合,Porsche,911/911,911,/,/,无可用尺码,1976-2005/2010-2011,Coupe/Coupe,GT2/GT3/GT3 RS/Turbo/GT3 RS,,,1976-2011,Coupe,GT2/GT3/GT3 RS/Turbo,fallback,Porsche 911 2007 Coupe 原子事实对应多条候选记录
非皮卡,高度压缩两两组合,Porsche,911/911,911,/,/,无可用尺码,1976-2005/2011,Coupe/Coupe,GT2/GT3/GT3 RS/Turbo/GT2 RS,,,1976-2011,Coupe,GT2/GT2 RS/GT3/GT3 RS/Turbo,fallback,Porsche 911 2007 Coupe 原子事实对应多条候选记录
非皮卡,高度压缩两两组合,Porsche,911/911,911,/,/,无可用尺码,1976-2005/2014-2016,Coupe/Coupe,GT2/GT3/GT3 RS/Turbo/GT3,,,1976-2016,Coupe,GT2/GT3/GT3 RS/Turbo,fallback,Porsche 911 2007 Coupe 原子事实对应多条候选记录
非皮卡,高度压缩两两组合,Porsche,911/911,911,/,/,无可用尺码,1976-2005/2014-2016,Coupe/Targa,GT2/GT3/GT3 RS/Turbo/,,,1976-2016,Coupe/Targa,Incl: GT2/GT3/GT3 RS/Turbo,fallback,Porsche 911 1976 Coupe 原子事实对应多条候选记录
非皮卡,高度压缩两两组合,Porsche,911/911,911,/,/,无可用尺码,1976-2005/2014-2019,Coupe/Coupe,GT2/GT3/GT3 RS/Turbo/Turbo,,,1976-2019,Coupe,GT2/GT3/GT3 RS/Turbo,fallback,Porsche 911 2007 Coupe 原子事实对应多条候选记录
非皮卡,高度压缩两两组合,Porsche,911/911,911,/,/,无可用尺码,1976-2005/2016,Coupe/Coupe,GT2/GT3/GT3 RS/Turbo/GT3 RS,,,1976-2016,Coupe,GT2/GT3/GT3 RS/Turbo,fallback,Porsche 911 2007 Coupe 原子事实对应多条候选记录
非皮卡,高度压缩两两组合,Porsche,911/911,911,/,/,无可用尺码,1976-2005/2018,Coupe/Coupe,GT2/GT3/GT3 RS/Turbo/GT2 RS,,,1976-2018,Coupe,GT2/GT2 RS/GT3/GT3 RS/Turbo,fallback,Porsche 911 2007 Coupe 原子事实对应多条候选记录
非皮卡,高度压缩两两组合,Porsche,911/911,911,/,/,无可用尺码,1976-2005/2018-2019,Coupe/Coupe,GT2/GT3/GT3 RS/Turbo/GT3,,,1976-2019,Coupe,GT2/GT3/GT3 RS/Turbo,fallback,Porsche 911 2007 Coupe 原子事实对应多条候选记录
非皮卡,高度压缩两两组合,Porsche,911/911,911,/,/,无可用尺码,1976-2005/2019,Coupe/Coupe,GT2/GT3/GT3 RS/Turbo/GT3 RS,,,1976-2019,Coupe,GT2/GT3/GT3 RS/Turbo,fallback,Porsche 911 2007 Coupe 原子事实对应多条候选记录
非皮卡,高度压缩两两组合,Porsche,911/911,911,/,/,无可用尺码,1976-2005/2021-2024,Coupe/Targa,GT2/GT3/GT3 RS/Turbo/,,,1976-2024,Coupe/Targa,Incl: GT2/GT3/GT3 RS/Turbo,fallback,Porsche 911 1976 Coupe 原子事实对应多条候选记录
非皮卡,高度压缩两两组合,Porsche,911/911,911,/,/,无可用尺码,1976-2005/2021-2026,Coupe/Coupe,GT2/GT3/GT3 RS/Turbo/Turbo,,,1976-2026,Coupe,GT2/GT3/GT3 RS/Turbo,fallback,Porsche 911 2007 Coupe 原子事实对应多条候选记录
非皮卡,高度压缩两两组合,Porsche,911/911,911,/,/,无可用尺码,1976-2005/2022-2024,Coupe/Coupe,GT2/GT3/GT3 RS/Turbo/GT3/GT3 RS,,,1976-2024,Coupe,GT2/GT3/GT3 RS/Turbo,fallback,Porsche 911 2007 Coupe 原子事实对应多条候选记录
非皮卡,高度压缩两两组合,Porsche,911/911,911,/,/,无可用尺码,1976-2005/2025,Coupe/Coupe,GT2/GT3/GT3 RS/Turbo/GT3 RS,,,1976-2025,Coupe,GT2/GT3/GT3 RS/Turbo,fallback,Porsche 911 2007 Coupe 原子事实对应多条候选记录
非皮卡,高度压缩两两组合,Porsche,911/911,911,/,/,无可用尺码,1983-1993/1996-1998,Targa/Targa,/,,,1983-1998,Targa,,success,
非皮卡,高度压缩两两组合,Porsche,911/911,911,/,/,无可用尺码,1965-2026/1976-2005,Convertible/Coupe/Coupe,Incl: Dakar/Speedster/GT2/GT3/GT3 RS/Turbo,,,1965-2026,Convertible/Coupe,Incl: Dakar/GT2/GT3/GT3 RS/Speedster/Turbo,fallback,Porsche 911 2007 Coupe 原子事实对应多条候选记录
非皮卡,高度压缩两两组合,Porsche,911/911,911,/,/,无可用尺码,1965-2026/1983-1998,Convertible/Coupe/Targa,Incl: Dakar/Speedster/,,,1965-2026,Convertible/Coupe/Targa,Incl: Dakar/Speedster,fallback,Porsche 911 2002 Targa 原子事实对应多条候选记录
非皮卡,高度压缩两两组合,Porsche,911/911,911,/,/,无可用尺码,1965-2026/2002-2004,Convertible/Coupe/Targa,Incl: Dakar/Speedster/,,,1965-2026,Convertible/Coupe/Targa,Incl: Dakar/Speedster,fallback,Porsche 911 1983 Targa 原子事实对应多条候选记录
非皮卡,高度压缩两两组合,Porsche,911/911,911,/,/,无可用尺码,1965-2026/2006-2011,Convertible/Coupe/Targa,Incl: Dakar/Speedster/,,,1965-2026,Convertible/Coupe/Targa,Incl: Dakar/Speedster,fallback,Porsche 911 1983 Targa 原子事实对应多条候选记录
非皮卡,高度压缩两两组合,Porsche,911/911,911,/,/,无可用尺码,1965-2026/2007-2008,Convertible/Coupe/Coupe,Incl: Dakar/Speedster/GT3,,,1965-2026,Convertible/Coupe,Incl: Dakar/GT3/Speedster,fallback,Porsche 911 2004 Coupe 原子事实对应多条候选记录
非皮卡,高度压缩两两组合,Porsche,911/911,911,/,/,无可用尺码,1965-2026/2007-2008,Convertible/Coupe/Coupe,Incl: Dakar/Speedster/GT3 RS,,,1965-2026,Convertible/Coupe,Incl: Dakar/GT3 RS/Speedster,fallback,Porsche 911 2004 Coupe 原子事实对应多条候选记录
非皮卡,高度压缩两两组合,Porsche,911/911,911,/,/,无可用尺码,1965-2026/2007-2012,Convertible/Coupe/Coupe,Incl: Dakar/Speedster/Turbo,,,1965-2026,Convertible/Coupe,Incl: Dakar/Speedster/Turbo,fallback,Porsche 911 1976 Coupe 原子事实对应多条候选记录
非皮卡,高度压缩两两组合,Porsche,911/911,911,/,/,无可用尺码,1965-2026/2008-2009,Convertible/Coupe/Coupe,Incl: Dakar/Speedster/GT2,,,1965-2026,Convertible/Coupe,Incl: Dakar/GT2/Speedster,fallback,Porsche 911 2002 Coupe 原子事实对应多条候选记录
非皮卡,高度压缩两两组合,Porsche,911/911,911,/,/,无可用尺码,1965-2026/2010-2011,Convertible/Coupe/Coupe,Incl: Dakar/Speedster/GT3,,,1965-2026,Convertible/Coupe,Incl: Dakar/GT3/Speedster,fallback,Porsche 911 2004 Coupe 原子事实对应多条候选记录
非皮卡,高度压缩两两组合,Porsche,911/911,911,/,/,无可用尺码,1965-2026/2010-2011,Convertible/Coupe/Coupe,Incl: Dakar/Speedster/GT3 RS,,,1965-2026,Convertible/Coupe,Incl: Dakar/GT3 RS/Speedster,fallback,Porsche 911 2004 Coupe 原子事实对应多条候选记录
非皮卡,高度压缩两两组合,Porsche,911/911,911,/,/,无可用尺码,1965-2026/2011,Convertible/Coupe/Coupe,Incl: Dakar/Speedster/GT2 RS,,,1965-2026,Convertible/Coupe,Incl: Dakar/GT2 RS/Speedster,fallback,Porsche 911 2018 Coupe 原子事实对应多条候选记录
非皮卡,高度压缩两两组合,Porsche,911/911,911,/,/,无可用尺码,1965-2026/2014-2016,Convertible/Coupe/Coupe,Incl: Dakar/Speedster/GT3,,,1965-2026,Convertible/Coupe,Incl: Dakar/GT3/Speedster,fallback,Porsche 911 2004 Coupe 原子事实对应多条候选记录
非皮卡,高度压缩两两组合,Porsche,911/911,911,/,/,无可用尺码,1965-2026/2014-2016,Convertible/Coupe/Targa,Incl: Dakar/Speedster/,,,1965-2026,Convertible/Coupe/Targa,Incl: Dakar/Speedster,fallback,Porsche 911 1983 Targa 原子事实对应多条候选记录
非皮卡,高度压缩两两组合,Porsche,911/911,911,/,/,无可用尺码,1965-2026/2014-2019,Convertible/Coupe/Coupe,Incl: Dakar/Speedster/Turbo,,,1965-2026,Convertible/Coupe,Incl: Dakar/Speedster/Turbo,fallback,Porsche 911 1976 Coupe 原子事实对应多条候选记录
非皮卡,高度压缩两两组合,Porsche,911/911,911,/,/,无可用尺码,1965-2026/2016,Convertible/Coupe/Coupe,Incl: Dakar/Speedster/GT3 RS,,,1965-2026,Convertible/Coupe,Incl: Dakar/GT3 RS/Speedster,fallback,Porsche 911 2004 Coupe 原子事实对应多条候选记录
非皮卡,高度压缩两两组合,Porsche,911/911,911,/,/,无可用尺码,1965-2026/2018,Convertible/Coupe/Coupe,Incl: Dakar/Speedster/GT2 RS,,,1965-2026,Convertible/Coupe,Incl: Dakar/GT2 RS/Speedster,fallback,Porsche 911 2011 Coupe 原子事实对应多条候选记录
非皮卡,高度压缩两两组合,Porsche,911/911,911,/,/,无可用尺码,1965-2026/2018-2019,Convertible/Coupe/Coupe,Incl: Dakar/Speedster/GT3,,,1965-2026,Convertible/Coupe,Incl: Dakar/GT3/Speedster,fallback,Porsche 911 2004 Coupe 原子事实对应多条候选记录
非皮卡,高度压缩两两组合,Porsche,911/911,911,/,/,无可用尺码,1965-2026/2019,Convertible/Coupe/Coupe,Incl: Dakar/Speedster/GT3 RS,,,1965-2026,Convertible/Coupe,Incl: Dakar/GT3 RS/Speedster,fallback,Porsche 911 2004 Coupe 原子事实对应多条候选记录
非皮卡,高度压缩两两组合,Porsche,911/911,911,/,/,无可用尺码,1965-2026/2021-2024,Convertible/Coupe/Targa,Incl: Dakar/Speedster/,,,1965-2026,Convertible/Coupe/Targa,Incl: Dakar/Speedster,fallback,Porsche 911 1983 Targa 原子事实对应多条候选记录
非皮卡,高度压缩两两组合,Porsche,911/911,911,/,/,无可用尺码,1965-2026/2021-2026,Convertible/Coupe/Coupe,Incl: Dakar/Speedster/Turbo,,,1965-2026,Convertible/Coupe,Incl: Dakar/Speedster/Turbo,fallback,Porsche 911 1976 Coupe 原子事实对应多条候选记录
非皮卡,高度压缩两两组合,Porsche,911/911,911,/,/,无可用尺码,1965-2026/2022-2024,Convertible/Coupe/Coupe,Incl: Dakar/Speedster/GT3/GT3 RS,,,1965-2026,Convertible/Coupe,Incl: Dakar/GT3/GT3 RS/Speedster,fallback,Porsche 911 2004 Coupe 原子事实对应多条候选记录
非皮卡,高度压缩两两组合,Porsche,911/911,911,/,/,无可用尺码,1965-2026/2025,Convertible/Coupe/Coupe,Incl: Dakar/Speedster/GT3 RS,,,1965-2026,Convertible/Coupe,Incl: Dakar/GT3 RS/Speedster,fallback,Porsche 911 2004 Coupe 原子事实对应多条候选记录
非皮卡,高度压缩两两组合,Porsche,911/911,911,/,/,无可用尺码,1976-2005/1983-1998,Coupe/Targa,GT2/GT3/GT3 RS/Turbo/,,,1976-2005,Coupe/Targa,Incl: GT2/GT3/GT3 RS/Turbo,fallback,Porsche 911 1976 Coupe 原子事实对应多条候选记录
非皮卡,高度压缩两两组合,Porsche,911/911,911,/,/,无可用尺码,1976-2005/2002-2004,Coupe/Targa,GT2/GT3/GT3 RS/Turbo/,,,1976-2005,Coupe/Targa,Incl: GT2/GT3/GT3 RS/Turbo,fallback,Porsche 911 1976 Coupe 原子事实对应多条候选记录
非皮卡,高度压缩两两组合,Porsche,911/911,911,/,/,无可用尺码,1976-2005/2006-2011,Coupe/Targa,GT2/GT3/GT3 RS/Turbo/,,,1976-2011,Coupe/Targa,Incl: GT2/GT3/GT3 RS/Turbo,fallback,Porsche 911 1976 Coupe 原子事实对应多条候选记录
非皮卡,高度压缩两两组合,Porsche,911/911,911,/,/,无可用尺码,1976-2005/2007-2008,Coupe/Coupe,GT2/GT3/GT3 RS/Turbo/GT3,,,1976-2008,Coupe,GT2/GT3/GT3 RS/Turbo,fallback,Porsche 911 2007 Coupe 原子事实对应多条候选记录
非皮卡,高度压缩两两组合,Porsche,911/911,911,/,/,无可用尺码,1976-2005/2007-2008,Coupe/Coupe,GT2/GT3/GT3 RS/Turbo/GT3 RS,,,1976-2008,Coupe,GT2/GT3/GT3 RS/Turbo,fallback,Porsche 911 2007 Coupe 原子事实对应多条候选记录
非皮卡,高度压缩两两组合,Porsche,911/911,911,/,/,无可用尺码,1976-2005/2007-2012,Coupe/Coupe,GT2/GT3/GT3 RS/Turbo/Turbo,,,1976-2012,Coupe,GT2/GT3/GT3 RS/Turbo,fallback,Porsche 911 2007 Coupe 原子事实对应多条候选记录
非皮卡,高度压缩两两组合,Porsche,911/911,911,/,/,无可用尺码,1976-2005/2008-2009,Coupe/Coupe,GT2/GT3/GT3 RS/Turbo/GT2,,,1976-2009,Coupe,GT2/GT3/GT3 RS/Turbo,fallback,Porsche 911 2007 Coupe 原子事实对应多条候选记录
非皮卡,高度压缩两两组合,Porsche,911/911,911,/,/,无可用尺码,1976-2005/2010-2011,Coupe/Coupe,GT2/GT3/GT3 RS/Turbo/GT3,,,1976-2011,Coupe,GT2/GT3/GT3 RS/Turbo,fallback,Porsche 911 2007 Coupe 原子事实对应多条候选记录
非皮卡,高度压缩两两组合,Porsche,911/911,911,/,/,无可用尺码,1976-2005/2010-2011,Coupe/Coupe,GT2/GT3/GT3 RS/Turbo/GT3 RS,,,1976-2011,Coupe,GT2/GT3/GT3 RS/Turbo,fallback,Porsche 911 2007 Coupe 原子事实对应多条候选记录
非皮卡,高度压缩两两组合,Porsche,911/911,911,/,/,无可用尺码,1976-2005/2011,Coupe/Coupe,GT2/GT3/GT3 RS/Turbo/GT2 RS,,,1976-2011,Coupe,GT2/GT2 RS/GT3/GT3 RS/Turbo,fallback,Porsche 911 2007 Coupe 原子事实对应多条候选记录
非皮卡,高度压缩两两组合,Porsche,911/911,911,/,/,无可用尺码,1976-2005/2014-2016,Coupe/Coupe,GT2/GT3/GT3 RS/Turbo/GT3,,,1976-2016,Coupe,GT2/GT3/GT3 RS/Turbo,fallback,Porsche 911 2007 Coupe 原子事实对应多条候选记录
非皮卡,高度压缩两两组合,Porsche,911/911,911,/,/,无可用尺码,1976-2005/2014-2016,Coupe/Targa,GT2/GT3/GT3 RS/Turbo/,,,1976-2016,Coupe/Targa,Incl: GT2/GT3/GT3 RS/Turbo,fallback,Porsche 911 1976 Coupe 原子事实对应多条候选记录
非皮卡,高度压缩两两组合,Porsche,911/911,911,/,/,无可用尺码,1976-2005/2014-2019,Coupe/Coupe,GT2/GT3/GT3 RS/Turbo/Turbo,,,1976-2019,Coupe,GT2/GT3/GT3 RS/Turbo,fallback,Porsche 911 2007 Coupe 原子事实对应多条候选记录
非皮卡,高度压缩两两组合,Porsche,911/911,911,/,/,无可用尺码,1976-2005/2016,Coupe/Coupe,GT2/GT3/GT3 RS/Turbo/GT3 RS,,,1976-2016,Coupe,GT2/GT3/GT3 RS/Turbo,fallback,Porsche 911 2007 Coupe 原子事实对应多条候选记录
非皮卡,高度压缩两两组合,Porsche,911/911,911,/,/,无可用尺码,1976-2005/2018,Coupe/Coupe,GT2/GT3/GT3 RS/Turbo/GT2 RS,,,1976-2018,Coupe,GT2/GT2 RS/GT3/GT3 RS/Turbo,fallback,Porsche 911 2007 Coupe 原子事实对应多条候选记录
非皮卡,高度压缩两两组合,Porsche,911/911,911,/,/,无可用尺码,1976-2005/2018-2019,Coupe/Coupe,GT2/GT3/GT3 RS/Turbo/GT3,,,1976-2019,Coupe,GT2/GT3/GT3 RS/Turbo,fallback,Porsche 911 2007 Coupe 原子事实对应多条候选记录
非皮卡,高度压缩两两组合,Porsche,911/911,911,/,/,无可用尺码,1976-2005/2019,Coupe/Coupe,GT2/GT3/GT3 RS/Turbo/GT3 RS,,,1976-2019,Coupe,GT2/GT3/GT3 RS/Turbo,fallback,Porsche 911 2007 Coupe 原子事实对应多条候选记录
非皮卡,高度压缩两两组合,Porsche,911/911,911,/,/,无可用尺码,1976-2005/2021-2024,Coupe/Targa,GT2/GT3/GT3 RS/Turbo/,,,1976-2024,Coupe/Targa,Incl: GT2/GT3/GT3 RS/Turbo,fallback,Porsche 911 1976 Coupe 原子事实对应多条候选记录
非皮卡,高度压缩两两组合,Porsche,911/911,911,/,/,无可用尺码,1976-2005/2021-2026,Coupe/Coupe,GT2/GT3/GT3 RS/Turbo/Turbo,,,1976-2026,Coupe,GT2/GT3/GT3 RS/Turbo,fallback,Porsche 911 2007 Coupe 原子事实对应多条候选记录
非皮卡,高度压缩两两组合,Porsche,911/911,911,/,/,无可用尺码,1976-2005/2022-2024,Coupe/Coupe,GT2/GT3/GT3 RS/Turbo/GT3/GT3 RS,,,1976-2024,Coupe,GT2/GT3/GT3 RS/Turbo,fallback,Porsche 911 2007 Coupe 原子事实对应多条候选记录
非皮卡,高度压缩两两组合,Porsche,911/911,911,/,/,无可用尺码,1976-2005/2025,Coupe/Coupe,GT2/GT3/GT3 RS/Turbo/GT3 RS,,,1976-2025,Coupe,GT2/GT3/GT3 RS/Turbo,fallback,Porsche 911 2007 Coupe 原子事实对应多条候选记录
非皮卡,高度压缩两两组合,Porsche,911/911,911,/,/,无可用尺码,1983-1998/2002-2004,Targa/Targa,/,,,1983-2004,Targa,,success,
非皮卡,高度压缩两两组合,Porsche,911/911,911,/,/,无可用尺码,1965-2026/1976-2005,Convertible/Coupe/Coupe,Incl: Dakar/Speedster/GT2/GT3/GT3 RS/Turbo,,,1965-2026,Convertible/Coupe,Incl: Dakar/GT2/GT3/GT3 RS/Speedster/Turbo,fallback,Porsche 911 2007 Coupe 原子事实对应多条候选记录
非皮卡,高度压缩两两组合,Porsche,911/911,911,/,/,无可用尺码,1965-2026/1983-2004,Convertible/Coupe/Targa,Incl: Dakar/Speedster/,,,1965-2026,Convertible/Coupe/Targa,Incl: Dakar/Speedster,fallback,Porsche 911 2006 Targa 原子事实对应多条候选记录
非皮卡,高度压缩两两组合,Porsche,911/911,911,/,/,无可用尺码,1965-2026/2006-2011,Convertible/Coupe/Targa,Incl: Dakar/Speedster/,,,1965-2026,Convertible/Coupe/Targa,Incl: Dakar/Speedster,fallback,Porsche 911 1983 Targa 原子事实对应多条候选记录
非皮卡,高度压缩两两组合,Porsche,911/911,911,/,/,无可用尺码,1965-2026/2007-2008,Convertible/Coupe/Coupe,Incl: Dakar/Speedster/GT3,,,1965-2026,Convertible/Coupe,Incl: Dakar/GT3/Speedster,fallback,Porsche 911 2004 Coupe 原子事实对应多条候选记录
非皮卡,高度压缩两两组合,Porsche,911/911,911,/,/,无可用尺码,1965-2026/2007-2008,Convertible/Coupe/Coupe,Incl: Dakar/Speedster/GT3 RS,,,1965-2026,Convertible/Coupe,Incl: Dakar/GT3 RS/Speedster,fallback,Porsche 911 2004 Coupe 原子事实对应多条候选记录
非皮卡,高度压缩两两组合,Porsche,911/911,911,/,/,无可用尺码,1965-2026/2007-2012,Convertible/Coupe/Coupe,Incl: Dakar/Speedster/Turbo,,,1965-2026,Convertible/Coupe,Incl: Dakar/Speedster/Turbo,fallback,Porsche 911 1976 Coupe 原子事实对应多条候选记录
非皮卡,高度压缩两两组合,Porsche,911/911,911,/,/,无可用尺码,1965-2026/2008-2009,Convertible/Coupe/Coupe,Incl: Dakar/Speedster/GT2,,,1965-2026,Convertible/Coupe,Incl: Dakar/GT2/Speedster,fallback,Porsche 911 2002 Coupe 原子事实对应多条候选记录
非皮卡,高度压缩两两组合,Porsche,911/911,911,/,/,无可用尺码,1965-2026/2010-2011,Convertible/Coupe/Coupe,Incl: Dakar/Speedster/GT3,,,1965-2026,Convertible/Coupe,Incl: Dakar/GT3/Speedster,fallback,Porsche 911 2004 Coupe 原子事实对应多条候选记录
非皮卡,高度压缩两两组合,Porsche,911/911,911,/,/,无可用尺码,1965-2026/2010-2011,Convertible/Coupe/Coupe,Incl: Dakar/Speedster/GT3 RS,,,1965-2026,Convertible/Coupe,Incl: Dakar/GT3 RS/Speedster,fallback,Porsche 911 2004 Coupe 原子事实对应多条候选记录
非皮卡,高度压缩两两组合,Porsche,911/911,911,/,/,无可用尺码,1965-2026/2011,Convertible/Coupe/Coupe,Incl: Dakar/Speedster/GT2 RS,,,1965-2026,Convertible/Coupe,Incl: Dakar/GT2 RS/Speedster,fallback,Porsche 911 2018 Coupe 原子事实对应多条候选记录
非皮卡,高度压缩两两组合,Porsche,911/911,911,/,/,无可用尺码,1965-2026/2014-2016,Convertible/Coupe/Coupe,Incl: Dakar/Speedster/GT3,,,1965-2026,Convertible/Coupe,Incl: Dakar/GT3/Speedster,fallback,Porsche 911 2004 Coupe 原子事实对应多条候选记录
非皮卡,高度压缩两两组合,Porsche,911/911,911,/,/,无可用尺码,1965-2026/2014-2016,Convertible/Coupe/Targa,Incl: Dakar/Speedster/,,,1965-2026,Convertible/Coupe/Targa,Incl: Dakar/Speedster,fallback,Porsche 911 1983 Targa 原子事实对应多条候选记录
非皮卡,高度压缩两两组合,Porsche,911/911,911,/,/,无可用尺码,1965-2026/2014-2019,Convertible/Coupe/Coupe,Incl: Dakar/Speedster/Turbo,,,1965-2026,Convertible/Coupe,Incl: Dakar/Speedster/Turbo,fallback,Porsche 911 1976 Coupe 原子事实对应多条候选记录
非皮卡,高度压缩两两组合,Porsche,911/911,911,/,/,无可用尺码,1965-2026/2016,Convertible/Coupe/Coupe,Incl: Dakar/Speedster/GT3 RS,,,1965-2026,Convertible/Coupe,Incl: Dakar/GT3 RS/Speedster,fallback,Porsche 911 2004 Coupe 原子事实对应多条候选记录
非皮卡,高度压缩两两组合,Porsche,911/911,911,/,/,无可用尺码,1965-2026/2018,Convertible/Coupe/Coupe,Incl: Dakar/Speedster/GT2 RS,,,1965-2026,Convertible/Coupe,Incl: Dakar/GT2 RS/Speedster,fallback,Porsche 911 2011 Coupe 原子事实对应多条候选记录
非皮卡,高度压缩两两组合,Porsche,911/911,911,/,/,无可用尺码,1965-2026/2018-2019,Convertible/Coupe/Coupe,Incl: Dakar/Speedster/GT3,,,1965-2026,Convertible/Coupe,Incl: Dakar/GT3/Speedster,fallback,Porsche 911 2004 Coupe 原子事实对应多条候选记录
非皮卡,高度压缩两两组合,Porsche,911/911,911,/,/,无可用尺码,1965-2026/2019,Convertible/Coupe/Coupe,Incl: Dakar/Speedster/GT3 RS,,,1965-2026,Convertible/Coupe,Incl: Dakar/GT3 RS/Speedster,fallback,Porsche 911 2004 Coupe 原子事实对应多条候选记录
非皮卡,高度压缩两两组合,Porsche,911/911,911,/,/,无可用尺码,1965-2026/2021-2024,Convertible/Coupe/Targa,Incl: Dakar/Speedster/,,,1965-2026,Convertible/Coupe/Targa,Incl: Dakar/Speedster,fallback,Porsche 911 1983 Targa 原子事实对应多条候选记录
非皮卡,高度压缩两两组合,Porsche,911/911,911,/,/,无可用尺码,1965-2026/2021-2026,Convertible/Coupe/Coupe,Incl: Dakar/Speedster/Turbo,,,1965-2026,Convertible/Coupe,Incl: Dakar/Speedster/Turbo,fallback,Porsche 911 1976 Coupe 原子事实对应多条候选记录
非皮卡,高度压缩两两组合,Porsche,911/911,911,/,/,无可用尺码,1965-2026/2022-2024,Convertible/Coupe/Coupe,Incl: Dakar/Speedster/GT3/GT3 RS,,,1965-2026,Convertible/Coupe,Incl: Dakar/GT3/GT3 RS/Speedster,fallback,Porsche 911 2004 Coupe 原子事实对应多条候选记录
非皮卡,高度压缩两两组合,Porsche,911/911,911,/,/,无可用尺码,1965-2026/2025,Convertible/Coupe/Coupe,Incl: Dakar/Speedster/GT3 RS,,,1965-2026,Convertible/Coupe,Incl: Dakar/GT3 RS/Speedster,fallback,Porsche 911 2004 Coupe 原子事实对应多条候选记录
非皮卡,高度压缩两两组合,Porsche,911/911,911,/,/,无可用尺码,1976-2005/1983-2004,Coupe/Targa,GT2/GT3/GT3 RS/Turbo/,,,1976-2005,Coupe/Targa,Incl: GT2/GT3/GT3 RS/Turbo,fallback,Porsche 911 1976 Coupe 原子事实对应多条候选记录
非皮卡,高度压缩两两组合,Porsche,911/911,911,/,/,无可用尺码,1976-2005/2006-2011,Coupe/Targa,GT2/GT3/GT3 RS/Turbo/,,,1976-2011,Coupe/Targa,Incl: GT2/GT3/GT3 RS/Turbo,fallback,Porsche 911 1976 Coupe 原子事实对应多条候选记录
非皮卡,高度压缩两两组合,Porsche,911/911,911,/,/,无可用尺码,1976-2005/2007-2008,Coupe/Coupe,GT2/GT3/GT3 RS/Turbo/GT3,,,1976-2008,Coupe,GT2/GT3/GT3 RS/Turbo,fallback,Porsche 911 2007 Coupe 原子事实对应多条候选记录
非皮卡,高度压缩两两组合,Porsche,911/911,911,/,/,无可用尺码,1976-2005/2007-2008,Coupe/Coupe,GT2/GT3/GT3 RS/Turbo/GT3 RS,,,1976-2008,Coupe,GT2/GT3/GT3 RS/Turbo,fallback,Porsche 911 2007 Coupe 原子事实对应多条候选记录
非皮卡,高度压缩两两组合,Porsche,911/911,911,/,/,无可用尺码,1976-2005/2007-2012,Coupe/Coupe,GT2/GT3/GT3 RS/Turbo/Turbo,,,1976-2012,Coupe,GT2/GT3/GT3 RS/Turbo,fallback,Porsche 911 2007 Coupe 原子事实对应多条候选记录
非皮卡,高度压缩两两组合,Porsche,911/911,911,/,/,无可用尺码,1976-2005/2008-2009,Coupe/Coupe,GT2/GT3/GT3 RS/Turbo/GT2,,,1976-2009,Coupe,GT2/GT3/GT3 RS/Turbo,fallback,Porsche 911 2007 Coupe 原子事实对应多条候选记录
非皮卡,高度压缩两两组合,Porsche,911/911,911,/,/,无可用尺码,1976-2005/2010-2011,Coupe/Coupe,GT2/GT3/GT3 RS/Turbo/GT3,,,1976-2011,Coupe,GT2/GT3/GT3 RS/Turbo,fallback,Porsche 911 2007 Coupe 原子事实对应多条候选记录
非皮卡,高度压缩两两组合,Porsche,911/911,911,/,/,无可用尺码,1976-2005/2010-2011,Coupe/Coupe,GT2/GT3/GT3 RS/Turbo/GT3 RS,,,1976-2011,Coupe,GT2/GT3/GT3 RS/Turbo,fallback,Porsche 911 2007 Coupe 原子事实对应多条候选记录
非皮卡,高度压缩两两组合,Porsche,911/911,911,/,/,无可用尺码,1976-2005/2011,Coupe/Coupe,GT2/GT3/GT3 RS/Turbo/GT2 RS,,,1976-2011,Coupe,GT2/GT2 RS/GT3/GT3 RS/Turbo,fallback,Porsche 911 2007 Coupe 原子事实对应多条候选记录
非皮卡,高度压缩两两组合,Porsche,911/911,911,/,/,无可用尺码,1976-2005/2014-2016,Coupe/Coupe,GT2/GT3/GT3 RS/Turbo/GT3,,,1976-2016,Coupe,GT2/GT3/GT3 RS/Turbo,fallback,Porsche 911 2007 Coupe 原子事实对应多条候选记录
非皮卡,高度压缩两两组合,Porsche,911/911,911,/,/,无可用尺码,1976-2005/2014-2016,Coupe/Targa,GT2/GT3/GT3 RS/Turbo/,,,1976-2016,Coupe/Targa,Incl: GT2/GT3/GT3 RS/Turbo,fallback,Porsche 911 1976 Coupe 原子事实对应多条候选记录
非皮卡,高度压缩两两组合,Porsche,911/911,911,/,/,无可用尺码,1976-2005/2014-2019,Coupe/Coupe,GT2/GT3/GT3 RS/Turbo/Turbo,,,1976-2019,Coupe,GT2/GT3/GT3 RS/Turbo,fallback,Porsche 911 2007 Coupe 原子事实对应多条候选记录
非皮卡,高度压缩两两组合,Porsche,911/911,911,/,/,无可用尺码,1976-2005/2016,Coupe/Coupe,GT2/GT3/GT3 RS/Turbo/GT3 RS,,,1976-2016,Coupe,GT2/GT3/GT3 RS/Turbo,fallback,Porsche 911 2007 Coupe 原子事实对应多条候选记录
非皮卡,高度压缩两两组合,Porsche,911/911,911,/,/,无可用尺码,1976-2005/2018,Coupe/Coupe,GT2/GT3/GT3 RS/Turbo/GT2 RS,,,1976-2018,Coupe,GT2/GT2 RS/GT3/GT3 RS/Turbo,fallback,Porsche 911 2007 Coupe 原子事实对应多条候选记录
非皮卡,高度压缩两两组合,Porsche,911/911,911,/,/,无可用尺码,1976-2005/2018-2019,Coupe/Coupe,GT2/GT3/GT3 RS/Turbo/GT3,,,1976-2019,Coupe,GT2/GT3/GT3 RS/Turbo,fallback,Porsche 911 2007 Coupe 原子事实对应多条候选记录
非皮卡,高度压缩两两组合,Porsche,911/911,911,/,/,无可用尺码,1976-2005/2019,Coupe/Coupe,GT2/GT3/GT3 RS/Turbo/GT3 RS,,,1976-2019,Coupe,GT2/GT3/GT3 RS/Turbo,fallback,Porsche 911 2007 Coupe 原子事实对应多条候选记录
非皮卡,高度压缩两两组合,Porsche,911/911,911,/,/,无可用尺码,1976-2005/2021-2024,Coupe/Targa,GT2/GT3/GT3 RS/Turbo/,,,1976-2024,Coupe/Targa,Incl: GT2/GT3/GT3 RS/Turbo,fallback,Porsche 911 1976 Coupe 原子事实对应多条候选记录
非皮卡,高度压缩两两组合,Porsche,911/911,911,/,/,无可用尺码,1976-2005/2021-2026,Coupe/Coupe,GT2/GT3/GT3 RS/Turbo/Turbo,,,1976-2026,Coupe,GT2/GT3/GT3 RS/Turbo,fallback,Porsche 911 2007 Coupe 原子事实对应多条候选记录
非皮卡,高度压缩两两组合,Porsche,911/911,911,/,/,无可用尺码,1976-2005/2022-2024,Coupe/Coupe,GT2/GT3/GT3 RS/Turbo/GT3/GT3 RS,,,1976-2024,Coupe,GT2/GT3/GT3 RS/Turbo,fallback,Porsche 911 2007 Coupe 原子事实对应多条候选记录
非皮卡,高度压缩两两组合,Porsche,911/911,911,/,/,无可用尺码,1976-2005/2025,Coupe/Coupe,GT2/GT3/GT3 RS/Turbo/GT3 RS,,,1976-2025,Coupe,GT2/GT3/GT3 RS/Turbo,fallback,Porsche 911 2007 Coupe 原子事实对应多条候选记录
非皮卡,高度压缩两两组合,Porsche,911/911,911,/,/,无可用尺码,1983-2004/2006-2011,Targa/Targa,/,,,1983-2011,Targa,,success,
非皮卡,高度压缩两两组合,Porsche,911/911,911,/,/,无可用尺码,1965-2026/1976-2005,Convertible/Coupe/Coupe,Incl: Dakar/Speedster/GT2/GT3/GT3 RS/Turbo,,,1965-2026,Convertible/Coupe,Incl: Dakar/GT2/GT3/GT3 RS/Speedster/Turbo,fallback,Porsche 911 2007 Coupe 原子事实对应多条候选记录
非皮卡,高度压缩两两组合,Porsche,911/911,911,/,/,无可用尺码,1965-2026/1983-2011,Convertible/Coupe/Targa,Incl: Dakar/Speedster/,,,1965-2026,Convertible/Coupe/Targa,Incl: Dakar/Speedster,fallback,Porsche 911 2014 Targa 原子事实对应多条候选记录
非皮卡,高度压缩两两组合,Porsche,911/911,911,/,/,无可用尺码,1965-2026/2007-2008,Convertible/Coupe/Coupe,Incl: Dakar/Speedster/GT3,,,1965-2026,Convertible/Coupe,Incl: Dakar/GT3/Speedster,fallback,Porsche 911 2004 Coupe 原子事实对应多条候选记录
非皮卡,高度压缩两两组合,Porsche,911/911,911,/,/,无可用尺码,1965-2026/2007-2008,Convertible/Coupe/Coupe,Incl: Dakar/Speedster/GT3 RS,,,1965-2026,Convertible/Coupe,Incl: Dakar/GT3 RS/Speedster,fallback,Porsche 911 2004 Coupe 原子事实对应多条候选记录
非皮卡,高度压缩两两组合,Porsche,911/911,911,/,/,无可用尺码,1965-2026/2007-2012,Convertible/Coupe/Coupe,Incl: Dakar/Speedster/Turbo,,,1965-2026,Convertible/Coupe,Incl: Dakar/Speedster/Turbo,fallback,Porsche 911 1976 Coupe 原子事实对应多条候选记录
非皮卡,高度压缩两两组合,Porsche,911/911,911,/,/,无可用尺码,1965-2026/2008-2009,Convertible/Coupe/Coupe,Incl: Dakar/Speedster/GT2,,,1965-2026,Convertible/Coupe,Incl: Dakar/GT2/Speedster,fallback,Porsche 911 2002 Coupe 原子事实对应多条候选记录
非皮卡,高度压缩两两组合,Porsche,911/911,911,/,/,无可用尺码,1965-2026/2010-2011,Convertible/Coupe/Coupe,Incl: Dakar/Speedster/GT3,,,1965-2026,Convertible/Coupe,Incl: Dakar/GT3/Speedster,fallback,Porsche 911 2004 Coupe 原子事实对应多条候选记录
非皮卡,高度压缩两两组合,Porsche,911/911,911,/,/,无可用尺码,1965-2026/2010-2011,Convertible/Coupe/Coupe,Incl: Dakar/Speedster/GT3 RS,,,1965-2026,Convertible/Coupe,Incl: Dakar/GT3 RS/Speedster,fallback,Porsche 911 2004 Coupe 原子事实对应多条候选记录
非皮卡,高度压缩两两组合,Porsche,911/911,911,/,/,无可用尺码,1965-2026/2011,Convertible/Coupe/Coupe,Incl: Dakar/Speedster/GT2 RS,,,1965-2026,Convertible/Coupe,Incl: Dakar/GT2 RS/Speedster,fallback,Porsche 911 2018 Coupe 原子事实对应多条候选记录
非皮卡,高度压缩两两组合,Porsche,911/911,911,/,/,无可用尺码,1965-2026/2014-2016,Convertible/Coupe/Coupe,Incl: Dakar/Speedster/GT3,,,1965-2026,Convertible/Coupe,Incl: Dakar/GT3/Speedster,fallback,Porsche 911 2004 Coupe 原子事实对应多条候选记录
非皮卡,高度压缩两两组合,Porsche,911/911,911,/,/,无可用尺码,1965-2026/2014-2016,Convertible/Coupe/Targa,Incl: Dakar/Speedster/,,,1965-2026,Convertible/Coupe/Targa,Incl: Dakar/Speedster,fallback,Porsche 911 1983 Targa 原子事实对应多条候选记录
非皮卡,高度压缩两两组合,Porsche,911/911,911,/,/,无可用尺码,1965-2026/2014-2019,Convertible/Coupe/Coupe,Incl: Dakar/Speedster/Turbo,,,1965-2026,Convertible/Coupe,Incl: Dakar/Speedster/Turbo,fallback,Porsche 911 1976 Coupe 原子事实对应多条候选记录
非皮卡,高度压缩两两组合,Porsche,911/911,911,/,/,无可用尺码,1965-2026/2016,Convertible/Coupe/Coupe,Incl: Dakar/Speedster/GT3 RS,,,1965-2026,Convertible/Coupe,Incl: Dakar/GT3 RS/Speedster,fallback,Porsche 911 2004 Coupe 原子事实对应多条候选记录
非皮卡,高度压缩两两组合,Porsche,911/911,911,/,/,无可用尺码,1965-2026/2018,Convertible/Coupe/Coupe,Incl: Dakar/Speedster/GT2 RS,,,1965-2026,Convertible/Coupe,Incl: Dakar/GT2 RS/Speedster,fallback,Porsche 911 2011 Coupe 原子事实对应多条候选记录
非皮卡,高度压缩两两组合,Porsche,911/911,911,/,/,无可用尺码,1965-2026/2018-2019,Convertible/Coupe/Coupe,Incl: Dakar/Speedster/GT3,,,1965-2026,Convertible/Coupe,Incl: Dakar/GT3/Speedster,fallback,Porsche 911 2004 Coupe 原子事实对应多条候选记录
非皮卡,高度压缩两两组合,Porsche,911/911,911,/,/,无可用尺码,1965-2026/2019,Convertible/Coupe/Coupe,Incl: Dakar/Speedster/GT3 RS,,,1965-2026,Convertible/Coupe,Incl: Dakar/GT3 RS/Speedster,fallback,Porsche 911 2004 Coupe 原子事实对应多条候选记录
非皮卡,高度压缩两两组合,Porsche,911/911,911,/,/,无可用尺码,1965-2026/2021-2024,Convertible/Coupe/Targa,Incl: Dakar/Speedster/,,,1965-2026,Convertible/Coupe/Targa,Incl: Dakar/Speedster,fallback,Porsche 911 1983 Targa 原子事实对应多条候选记录
非皮卡,高度压缩两两组合,Porsche,911/911,911,/,/,无可用尺码,1965-2026/2021-2026,Convertible/Coupe/Coupe,Incl: Dakar/Speedster/Turbo,,,1965-2026,Convertible/Coupe,Incl: Dakar/Speedster/Turbo,fallback,Porsche 911 1976 Coupe 原子事实对应多条候选记录
非皮卡,高度压缩两两组合,Porsche,911/911,911,/,/,无可用尺码,1965-2026/2022-2024,Convertible/Coupe/Coupe,Incl: Dakar/Speedster/GT3/GT3 RS,,,1965-2026,Convertible/Coupe,Incl: Dakar/GT3/GT3 RS/Speedster,fallback,Porsche 911 2004 Coupe 原子事实对应多条候选记录
非皮卡,高度压缩两两组合,Porsche,911/911,911,/,/,无可用尺码,1965-2026/2025,Convertible/Coupe/Coupe,Incl: Dakar/Speedster/GT3 RS,,,1965-2026,Convertible/Coupe,Incl: Dakar/GT3 RS/Speedster,fallback,Porsche 911 2004 Coupe 原子事实对应多条候选记录
非皮卡,高度压缩两两组合,Porsche,911/911,911,/,/,无可用尺码,1976-2005/1983-2011,Coupe/Targa,GT2/GT3/GT3 RS/Turbo/,,,1976-2011,Coupe/Targa,Incl: GT2/GT3/GT3 RS/Turbo,fallback,Porsche 911 1976 Coupe 原子事实对应多条候选记录
非皮卡,高度压缩两两组合,Porsche,911/911,911,/,/,无可用尺码,1976-2005/2007-2008,Coupe/Coupe,GT2/GT3/GT3 RS/Turbo/GT3,,,1976-2008,Coupe,GT2/GT3/GT3 RS/Turbo,fallback,Porsche 911 2007 Coupe 原子事实对应多条候选记录
非皮卡,高度压缩两两组合,Porsche,911/911,911,/,/,无可用尺码,1976-2005/2007-2008,Coupe/Coupe,GT2/GT3/GT3 RS/Turbo/GT3 RS,,,1976-2008,Coupe,GT2/GT3/GT3 RS/Turbo,fallback,Porsche 911 2007 Coupe 原子事实对应多条候选记录
非皮卡,高度压缩两两组合,Porsche,911/911,911,/,/,无可用尺码,1976-2005/2007-2012,Coupe/Coupe,GT2/GT3/GT3 RS/Turbo/Turbo,,,1976-2012,Coupe,GT2/GT3/GT3 RS/Turbo,fallback,Porsche 911 2007 Coupe 原子事实对应多条候选记录
非皮卡,高度压缩两两组合,Porsche,911/911,911,/,/,无可用尺码,1976-2005/2008-2009,Coupe/Coupe,GT2/GT3/GT3 RS/Turbo/GT2,,,1976-2009,Coupe,GT2/GT3/GT3 RS/Turbo,fallback,Porsche 911 2007 Coupe 原子事实对应多条候选记录
非皮卡,高度压缩两两组合,Porsche,911/911,911,/,/,无可用尺码,1976-2005/2010-2011,Coupe/Coupe,GT2/GT3/GT3 RS/Turbo/GT3,,,1976-2011,Coupe,GT2/GT3/GT3 RS/Turbo,fallback,Porsche 911 2007 Coupe 原子事实对应多条候选记录
非皮卡,高度压缩两两组合,Porsche,911/911,911,/,/,无可用尺码,1976-2005/2010-2011,Coupe/Coupe,GT2/GT3/GT3 RS/Turbo/GT3 RS,,,1976-2011,Coupe,GT2/GT3/GT3 RS/Turbo,fallback,Porsche 911 2007 Coupe 原子事实对应多条候选记录
非皮卡,高度压缩两两组合,Porsche,911/911,911,/,/,无可用尺码,1976-2005/2011,Coupe/Coupe,GT2/GT3/GT3 RS/Turbo/GT2 RS,,,1976-2011,Coupe,GT2/GT2 RS/GT3/GT3 RS/Turbo,fallback,Porsche 911 2007 Coupe 原子事实对应多条候选记录
非皮卡,高度压缩两两组合,Porsche,911/911,911,/,/,无可用尺码,1976-2005/2014-2016,Coupe/Coupe,GT2/GT3/GT3 RS/Turbo/GT3,,,1976-2016,Coupe,GT2/GT3/GT3 RS/Turbo,fallback,Porsche 911 2007 Coupe 原子事实对应多条候选记录
非皮卡,高度压缩两两组合,Porsche,911/911,911,/,/,无可用尺码,1976-2005/2014-2016,Coupe/Targa,GT2/GT3/GT3 RS/Turbo/,,,1976-2016,Coupe/Targa,Incl: GT2/GT3/GT3 RS/Turbo,fallback,Porsche 911 1976 Coupe 原子事实对应多条候选记录
非皮卡,高度压缩两两组合,Porsche,911/911,911,/,/,无可用尺码,1976-2005/2014-2019,Coupe/Coupe,GT2/GT3/GT3 RS/Turbo/Turbo,,,1976-2019,Coupe,GT2/GT3/GT3 RS/Turbo,fallback,Porsche 911 2007 Coupe 原子事实对应多条候选记录
非皮卡,高度压缩两两组合,Porsche,911/911,911,/,/,无可用尺码,1976-2005/2016,Coupe/Coupe,GT2/GT3/GT3 RS/Turbo/GT3 RS,,,1976-2016,Coupe,GT2/GT3/GT3 RS/Turbo,fallback,Porsche 911 2007 Coupe 原子事实对应多条候选记录
非皮卡,高度压缩两两组合,Porsche,911/911,911,/,/,无可用尺码,1976-2005/2018,Coupe/Coupe,GT2/GT3/GT3 RS/Turbo/GT2 RS,,,1976-2018,Coupe,GT2/GT2 RS/GT3/GT3 RS/Turbo,fallback,Porsche 911 2007 Coupe 原子事实对应多条候选记录
非皮卡,高度压缩两两组合,Porsche,911/911,911,/,/,无可用尺码,1976-2005/2018-2019,Coupe/Coupe,GT2/GT3/GT3 RS/Turbo/GT3,,,1976-2019,Coupe,GT2/GT3/GT3 RS/Turbo,fallback,Porsche 911 2007 Coupe 原子事实对应多条候选记录
非皮卡,高度压缩两两组合,Porsche,911/911,911,/,/,无可用尺码,1976-2005/2019,Coupe/Coupe,GT2/GT3/GT3 RS/Turbo/GT3 RS,,,1976-2019,Coupe,GT2/GT3/GT3 RS/Turbo,fallback,Porsche 911 2007 Coupe 原子事实对应多条候选记录
非皮卡,高度压缩两两组合,Porsche,911/911,911,/,/,无可用尺码,1976-2005/2021-2024,Coupe/Targa,GT2/GT3/GT3 RS/Turbo/,,,1976-2024,Coupe/Targa,Incl: GT2/GT3/GT3 RS/Turbo,fallback,Porsche 911 1976 Coupe 原子事实对应多条候选记录
非皮卡,高度压缩两两组合,Porsche,911/911,911,/,/,无可用尺码,1976-2005/2021-2026,Coupe/Coupe,GT2/GT3/GT3 RS/Turbo/Turbo,,,1976-2026,Coupe,GT2/GT3/GT3 RS/Turbo,fallback,Porsche 911 2007 Coupe 原子事实对应多条候选记录
非皮卡,高度压缩两两组合,Porsche,911/911,911,/,/,无可用尺码,1976-2005/2022-2024,Coupe/Coupe,GT2/GT3/GT3 RS/Turbo/GT3/GT3 RS,,,1976-2024,Coupe,GT2/GT3/GT3 RS/Turbo,fallback,Porsche 911 2007 Coupe 原子事实对应多条候选记录
非皮卡,高度压缩两两组合,Porsche,911/911,911,/,/,无可用尺码,1976-2005/2025,Coupe/Coupe,GT2/GT3/GT3 RS/Turbo/GT3 RS,,,1976-2025,Coupe,GT2/GT3/GT3 RS/Turbo,fallback,Porsche 911 2007 Coupe 原子事实对应多条候选记录
非皮卡,高度压缩两两组合,Porsche,911/911,911,/,/,无可用尺码,1983-2011/2007-2008,Targa/Coupe,/GT3,,,1983-2011,Coupe/Targa,Incl: GT3,fallback,Porsche 911 1983 Coupe 原子事实对应多条候选记录
非皮卡,高度压缩两两组合,Porsche,911/911,911,/,/,无可用尺码,1983-2011/2007-2008,Targa/Coupe,/GT3 RS,,,1983-2011,Coupe/Targa,Incl: GT3 RS,fallback,Porsche 911 1983 Coupe 原子事实对应多条候选记录
非皮卡,高度压缩两两组合,Porsche,911/911,911,/,/,无可用尺码,1983-2011/2007-2012,Targa/Coupe,/Turbo,,,1983-2012,Coupe/Targa,Incl: Turbo,fallback,Porsche 911 1983 Coupe 原子事实对应多条候选记录
非皮卡,高度压缩两两组合,Porsche,911/911,911,/,/,无可用尺码,1983-2011/2008-2009,Targa/Coupe,/GT2,,,1983-2011,Coupe/Targa,Incl: GT2,fallback,Porsche 911 1983 Coupe 原子事实对应多条候选记录
非皮卡,高度压缩两两组合,Porsche,911/911,911,/,/,无可用尺码,1983-2011/2010-2011,Targa/Coupe,/GT3,,,1983-2011,Coupe/Targa,Incl: GT3,fallback,Porsche 911 1983 Coupe 原子事实对应多条候选记录
非皮卡,高度压缩两两组合,Porsche,911/911,911,/,/,无可用尺码,1983-2011/2010-2011,Targa/Coupe,/GT3 RS,,,1983-2011,Coupe/Targa,Incl: GT3 RS,fallback,Porsche 911 1983 Coupe 原子事实对应多条候选记录
非皮卡,高度压缩两两组合,Porsche,911/911,911,/,/,无可用尺码,1983-2011/2011,Targa/Coupe,/GT2 RS,,,1983-2011,Coupe/Targa,Incl: GT2 RS,fallback,Porsche 911 1983 Coupe 原子事实对应多条候选记录
非皮卡,高度压缩两两组合,Porsche,911/911,911,/,/,无可用尺码,1983-2011/2014-2016,Targa/Coupe,/GT3,,,1983-2016,Coupe/Targa,Incl: GT3,fallback,Porsche 911 1983 Coupe 原子事实对应多条候选记录
非皮卡,高度压缩两两组合,Porsche,911/911,911,/,/,无可用尺码,1983-2011/2014-2016,Targa/Targa,/,,,1983-2016,Targa,,success,
非皮卡,高度压缩两两组合,Porsche,911/911,911,/,/,无可用尺码,1965-2026/1976-2005,Convertible/Coupe/Coupe,Incl: Dakar/Speedster/GT2/GT3/GT3 RS/Turbo,,,1965-2026,Convertible/Coupe,Incl: Dakar/GT2/GT3/GT3 RS/Speedster/Turbo,fallback,Porsche 911 2007 Coupe 原子事实对应多条候选记录
非皮卡,高度压缩两两组合,Porsche,911/911,911,/,/,无可用尺码,1965-2026/1983-2016,Convertible/Coupe/Targa,Incl: Dakar/Speedster/,,,1965-2026,Convertible/Coupe/Targa,Incl: Dakar/Speedster,fallback,Porsche 911 2021 Targa 原子事实对应多条候选记录
非皮卡,高度压缩两两组合,Porsche,911/911,911,/,/,无可用尺码,1965-2026/2007-2008,Convertible/Coupe/Coupe,Incl: Dakar/Speedster/GT3,,,1965-2026,Convertible/Coupe,Incl: Dakar/GT3/Speedster,fallback,Porsche 911 2004 Coupe 原子事实对应多条候选记录
非皮卡,高度压缩两两组合,Porsche,911/911,911,/,/,无可用尺码,1965-2026/2007-2008,Convertible/Coupe/Coupe,Incl: Dakar/Speedster/GT3 RS,,,1965-2026,Convertible/Coupe,Incl: Dakar/GT3 RS/Speedster,fallback,Porsche 911 2004 Coupe 原子事实对应多条候选记录
非皮卡,高度压缩两两组合,Porsche,911/911,911,/,/,无可用尺码,1965-2026/2007-2012,Convertible/Coupe/Coupe,Incl: Dakar/Speedster/Turbo,,,1965-2026,Convertible/Coupe,Incl: Dakar/Speedster/Turbo,fallback,Porsche 911 1976 Coupe 原子事实对应多条候选记录
非皮卡,高度压缩两两组合,Porsche,911/911,911,/,/,无可用尺码,1965-2026/2008-2009,Convertible/Coupe/Coupe,Incl: Dakar/Speedster/GT2,,,1965-2026,Convertible/Coupe,Incl: Dakar/GT2/Speedster,fallback,Porsche 911 2002 Coupe 原子事实对应多条候选记录
非皮卡,高度压缩两两组合,Porsche,911/911,911,/,/,无可用尺码,1965-2026/2010-2011,Convertible/Coupe/Coupe,Incl: Dakar/Speedster/GT3,,,1965-2026,Convertible/Coupe,Incl: Dakar/GT3/Speedster,fallback,Porsche 911 2004 Coupe 原子事实对应多条候选记录
非皮卡,高度压缩两两组合,Porsche,911/911,911,/,/,无可用尺码,1965-2026/2010-2011,Convertible/Coupe/Coupe,Incl: Dakar/Speedster/GT3 RS,,,1965-2026,Convertible/Coupe,Incl: Dakar/GT3 RS/Speedster,fallback,Porsche 911 2004 Coupe 原子事实对应多条候选记录
非皮卡,高度压缩两两组合,Porsche,911/911,911,/,/,无可用尺码,1965-2026/2011,Convertible/Coupe/Coupe,Incl: Dakar/Speedster/GT2 RS,,,1965-2026,Convertible/Coupe,Incl: Dakar/GT2 RS/Speedster,fallback,Porsche 911 2018 Coupe 原子事实对应多条候选记录
非皮卡,高度压缩两两组合,Porsche,911/911,911,/,/,无可用尺码,1965-2026/2014-2016,Convertible/Coupe/Coupe,Incl: Dakar/Speedster/GT3,,,1965-2026,Convertible/Coupe,Incl: Dakar/GT3/Speedster,fallback,Porsche 911 2004 Coupe 原子事实对应多条候选记录
非皮卡,高度压缩两两组合,Porsche,911/911,911,/,/,无可用尺码,1965-2026/2014-2019,Convertible/Coupe/Coupe,Incl: Dakar/Speedster/Turbo,,,1965-2026,Convertible/Coupe,Incl: Dakar/Speedster/Turbo,fallback,Porsche 911 1976 Coupe 原子事实对应多条候选记录
非皮卡,高度压缩两两组合,Porsche,911/911,911,/,/,无可用尺码,1965-2026/2016,Convertible/Coupe/Coupe,Incl: Dakar/Speedster/GT3 RS,,,1965-2026,Convertible/Coupe,Incl: Dakar/GT3 RS/Speedster,fallback,Porsche 911 2004 Coupe 原子事实对应多条候选记录
非皮卡,高度压缩两两组合,Porsche,911/911,911,/,/,无可用尺码,1965-2026/2018,Convertible/Coupe/Coupe,Incl: Dakar/Speedster/GT2 RS,,,1965-2026,Convertible/Coupe,Incl: Dakar/GT2 RS/Speedster,fallback,Porsche 911 2011 Coupe 原子事实对应多条候选记录
非皮卡,高度压缩两两组合,Porsche,911/911,911,/,/,无可用尺码,1965-2026/2018-2019,Convertible/Coupe/Coupe,Incl: Dakar/Speedster/GT3,,,1965-2026,Convertible/Coupe,Incl: Dakar/GT3/Speedster,fallback,Porsche 911 2004 Coupe 原子事实对应多条候选记录
非皮卡,高度压缩两两组合,Porsche,911/911,911,/,/,无可用尺码,1965-2026/2019,Convertible/Coupe/Coupe,Incl: Dakar/Speedster/GT3 RS,,,1965-2026,Convertible/Coupe,Incl: Dakar/GT3 RS/Speedster,fallback,Porsche 911 2004 Coupe 原子事实对应多条候选记录
非皮卡,高度压缩两两组合,Porsche,911/911,911,/,/,无可用尺码,1965-2026/2021-2024,Convertible/Coupe/Targa,Incl: Dakar/Speedster/,,,1965-2026,Convertible/Coupe/Targa,Incl: Dakar/Speedster,fallback,Porsche 911 1983 Targa 原子事实对应多条候选记录
非皮卡,高度压缩两两组合,Porsche,911/911,911,/,/,无可用尺码,1965-2026/2021-2026,Convertible/Coupe/Coupe,Incl: Dakar/Speedster/Turbo,,,1965-2026,Convertible/Coupe,Incl: Dakar/Speedster/Turbo,fallback,Porsche 911 1976 Coupe 原子事实对应多条候选记录
非皮卡,高度压缩两两组合,Porsche,911/911,911,/,/,无可用尺码,1965-2026/2022-2024,Convertible/Coupe/Coupe,Incl: Dakar/Speedster/GT3/GT3 RS,,,1965-2026,Convertible/Coupe,Incl: Dakar/GT3/GT3 RS/Speedster,fallback,Porsche 911 2004 Coupe 原子事实对应多条候选记录
非皮卡,高度压缩两两组合,Porsche,911/911,911,/,/,无可用尺码,1965-2026/2025,Convertible/Coupe/Coupe,Incl: Dakar/Speedster/GT3 RS,,,1965-2026,Convertible/Coupe,Incl: Dakar/GT3 RS/Speedster,fallback,Porsche 911 2004 Coupe 原子事实对应多条候选记录
非皮卡,高度压缩两两组合,Porsche,911/911,911,/,/,无可用尺码,1976-2005/1983-2016,Coupe/Targa,GT2/GT3/GT3 RS/Turbo/,,,1976-2016,Coupe/Targa,Incl: GT2/GT3/GT3 RS/Turbo,fallback,Porsche 911 1976 Coupe 原子事实对应多条候选记录
非皮卡,高度压缩两两组合,Porsche,911/911,911,/,/,无可用尺码,1976-2005/2007-2008,Coupe/Coupe,GT2/GT3/GT3 RS/Turbo/GT3,,,1976-2008,Coupe,GT2/GT3/GT3 RS/Turbo,fallback,Porsche 911 2007 Coupe 原子事实对应多条候选记录
非皮卡,高度压缩两两组合,Porsche,911/911,911,/,/,无可用尺码,1976-2005/2007-2008,Coupe/Coupe,GT2/GT3/GT3 RS/Turbo/GT3 RS,,,1976-2008,Coupe,GT2/GT3/GT3 RS/Turbo,fallback,Porsche 911 2007 Coupe 原子事实对应多条候选记录
非皮卡,高度压缩两两组合,Porsche,911/911,911,/,/,无可用尺码,1976-2005/2007-2012,Coupe/Coupe,GT2/GT3/GT3 RS/Turbo/Turbo,,,1976-2012,Coupe,GT2/GT3/GT3 RS/Turbo,fallback,Porsche 911 2007 Coupe 原子事实对应多条候选记录
非皮卡,高度压缩两两组合,Porsche,911/911,911,/,/,无可用尺码,1976-2005/2008-2009,Coupe/Coupe,GT2/GT3/GT3 RS/Turbo/GT2,,,1976-2009,Coupe,GT2/GT3/GT3 RS/Turbo,fallback,Porsche 911 2007 Coupe 原子事实对应多条候选记录
非皮卡,高度压缩两两组合,Porsche,911/911,911,/,/,无可用尺码,1976-2005/2010-2011,Coupe/Coupe,GT2/GT3/GT3 RS/Turbo/GT3,,,1976-2011,Coupe,GT2/GT3/GT3 RS/Turbo,fallback,Porsche 911 2007 Coupe 原子事实对应多条候选记录
非皮卡,高度压缩两两组合,Porsche,911/911,911,/,/,无可用尺码,1976-2005/2010-2011,Coupe/Coupe,GT2/GT3/GT3 RS/Turbo/GT3 RS,,,1976-2011,Coupe,GT2/GT3/GT3 RS/Turbo,fallback,Porsche 911 2007 Coupe 原子事实对应多条候选记录
非皮卡,高度压缩两两组合,Porsche,911/911,911,/,/,无可用尺码,1976-2005/2011,Coupe/Coupe,GT2/GT3/GT3 RS/Turbo/GT2 RS,,,1976-2011,Coupe,GT2/GT2 RS/GT3/GT3 RS/Turbo,fallback,Porsche 911 2007 Coupe 原子事实对应多条候选记录
非皮卡,高度压缩两两组合,Porsche,911/911,911,/,/,无可用尺码,1976-2005/2014-2016,Coupe/Coupe,GT2/GT3/GT3 RS/Turbo/GT3,,,1976-2016,Coupe,GT2/GT3/GT3 RS/Turbo,fallback,Porsche 911 2007 Coupe 原子事实对应多条候选记录
非皮卡,高度压缩两两组合,Porsche,911/911,911,/,/,无可用尺码,1976-2005/2014-2019,Coupe/Coupe,GT2/GT3/GT3 RS/Turbo/Turbo,,,1976-2019,Coupe,GT2/GT3/GT3 RS/Turbo,fallback,Porsche 911 2007 Coupe 原子事实对应多条候选记录
非皮卡,高度压缩两两组合,Porsche,911/911,911,/,/,无可用尺码,1976-2005/2016,Coupe/Coupe,GT2/GT3/GT3 RS/Turbo/GT3 RS,,,1976-2016,Coupe,GT2/GT3/GT3 RS/Turbo,fallback,Porsche 911 2007 Coupe 原子事实对应多条候选记录
非皮卡,高度压缩两两组合,Porsche,911/911,911,/,/,无可用尺码,1976-2005/2018,Coupe/Coupe,GT2/GT3/GT3 RS/Turbo/GT2 RS,,,1976-2018,Coupe,GT2/GT2 RS/GT3/GT3 RS/Turbo,fallback,Porsche 911 2007 Coupe 原子事实对应多条候选记录
非皮卡,高度压缩两两组合,Porsche,911/911,911,/,/,无可用尺码,1976-2005/2018-2019,Coupe/Coupe,GT2/GT3/GT3 RS/Turbo/GT3,,,1976-2019,Coupe,GT2/GT3/GT3 RS/Turbo,fallback,Porsche 911 2007 Coupe 原子事实对应多条候选记录
非皮卡,高度压缩两两组合,Porsche,911/911,911,/,/,无可用尺码,1976-2005/2019,Coupe/Coupe,GT2/GT3/GT3 RS/Turbo/GT3 RS,,,1976-2019,Coupe,GT2/GT3/GT3 RS/Turbo,fallback,Porsche 911 2007 Coupe 原子事实对应多条候选记录
非皮卡,高度压缩两两组合,Porsche,911/911,911,/,/,无可用尺码,1976-2005/2021-2024,Coupe/Targa,GT2/GT3/GT3 RS/Turbo/,,,1976-2024,Coupe/Targa,Incl: GT2/GT3/GT3 RS/Turbo,fallback,Porsche 911 1976 Coupe 原子事实对应多条候选记录
非皮卡,高度压缩两两组合,Porsche,911/911,911,/,/,无可用尺码,1976-2005/2021-2026,Coupe/Coupe,GT2/GT3/GT3 RS/Turbo/Turbo,,,1976-2026,Coupe,GT2/GT3/GT3 RS/Turbo,fallback,Porsche 911 2007 Coupe 原子事实对应多条候选记录
非皮卡,高度压缩两两组合,Porsche,911/911,911,/,/,无可用尺码,1976-2005/2022-2024,Coupe/Coupe,GT2/GT3/GT3 RS/Turbo/GT3/GT3 RS,,,1976-2024,Coupe,GT2/GT3/GT3 RS/Turbo,fallback,Porsche 911 2007 Coupe 原子事实对应多条候选记录
非皮卡,高度压缩两两组合,Porsche,911/911,911,/,/,无可用尺码,1976-2005/2025,Coupe/Coupe,GT2/GT3/GT3 RS/Turbo/GT3 RS,,,1976-2025,Coupe,GT2/GT3/GT3 RS/Turbo,fallback,Porsche 911 2007 Coupe 原子事实对应多条候选记录
非皮卡,高度压缩两两组合,Porsche,911/911,911,/,/,无可用尺码,1983-2016/2007-2008,Targa/Coupe,/GT3,,,1983-2016,Coupe/Targa,Incl: GT3,fallback,Porsche 911 1983 Coupe 原子事实对应多条候选记录
非皮卡,高度压缩两两组合,Porsche,911/911,911,/,/,无可用尺码,1983-2016/2007-2008,Targa/Coupe,/GT3 RS,,,1983-2016,Coupe/Targa,Incl: GT3 RS,fallback,Porsche 911 1983 Coupe 原子事实对应多条候选记录
非皮卡,高度压缩两两组合,Porsche,911/911,911,/,/,无可用尺码,1983-2016/2007-2012,Targa/Coupe,/Turbo,,,1983-2016,Coupe/Targa,Incl: Turbo,fallback,Porsche 911 1983 Coupe 原子事实对应多条候选记录
非皮卡,高度压缩两两组合,Porsche,911/911,911,/,/,无可用尺码,1983-2016/2008-2009,Targa/Coupe,/GT2,,,1983-2016,Coupe/Targa,Incl: GT2,fallback,Porsche 911 1983 Coupe 原子事实对应多条候选记录
非皮卡,高度压缩两两组合,Porsche,911/911,911,/,/,无可用尺码,1983-2016/2010-2011,Targa/Coupe,/GT3,,,1983-2016,Coupe/Targa,Incl: GT3,fallback,Porsche 911 1983 Coupe 原子事实对应多条候选记录
非皮卡,高度压缩两两组合,Porsche,911/911,911,/,/,无可用尺码,1983-2016/2010-2011,Targa/Coupe,/GT3 RS,,,1983-2016,Coupe/Targa,Incl: GT3 RS,fallback,Porsche 911 1983 Coupe 原子事实对应多条候选记录
非皮卡,高度压缩两两组合,Porsche,911/911,911,/,/,无可用尺码,1983-2016/2011,Targa/Coupe,/GT2 RS,,,1983-2016,Coupe/Targa,Incl: GT2 RS,fallback,Porsche 911 1983 Coupe 原子事实对应多条候选记录
非皮卡,高度压缩两两组合,Porsche,911/911,911,/,/,无可用尺码,1983-2016/2014-2016,Targa/Coupe,/GT3,,,1983-2016,Coupe/Targa,Incl: GT3,fallback,Porsche 911 1983 Coupe 原子事实对应多条候选记录
非皮卡,高度压缩两两组合,Porsche,911/911,911,/,/,无可用尺码,1983-2016/2014-2019,Targa/Coupe,/Turbo,,,1983-2019,Coupe/Targa,Incl: Turbo,fallback,Porsche 911 1983 Coupe 原子事实对应多条候选记录
非皮卡,高度压缩两两组合,Porsche,911/911,911,/,/,无可用尺码,1983-2016/2016,Targa/Coupe,/GT3 RS,,,1983-2016,Coupe/Targa,Incl: GT3 RS,fallback,Porsche 911 1983 Coupe 原子事实对应多条候选记录
非皮卡,高度压缩两两组合,Porsche,911/911,911,/,/,无可用尺码,1983-2016/2018,Targa/Coupe,/GT2 RS,,,1983-2018,Coupe/Targa,Incl: GT2 RS,fallback,Porsche 911 1983 Coupe 原子事实对应多条候选记录
非皮卡,高度压缩两两组合,Porsche,911/911,911,/,/,无可用尺码,1983-2016/2018-2019,Targa/Coupe,/GT3,,,1983-2019,Coupe/Targa,Incl: GT3,fallback,Porsche 911 1983 Coupe 原子事实对应多条候选记录
非皮卡,高度压缩两两组合,Porsche,911/911,911,/,/,无可用尺码,1983-2016/2019,Targa/Coupe,/GT3 RS,,,1983-2019,Coupe/Targa,Incl: GT3 RS,fallback,Porsche 911 1983 Coupe 原子事实对应多条候选记录
非皮卡,高度压缩两两组合,Porsche,911/911,911,/,/,无可用尺码,1983-2016/2021-2024,Targa/Targa,/,,,1983-2024,Targa,,success,
非皮卡,高度压缩两两组合,Porsche,911/911,911,/,/,无可用尺码,1965-2026/1976-2005,Convertible/Coupe/Coupe,Incl: Dakar/Speedster/GT2/GT3/GT3 RS/Turbo,,,1965-2026,Convertible/Coupe,Incl: Dakar/GT2/GT3/GT3 RS/Speedster/Turbo,fallback,Porsche 911 2007 Coupe 原子事实对应多条候选记录
非皮卡,高度压缩两两组合,Porsche,911/911,911,/,/,无可用尺码,1965-2026/1983-2024,Convertible/Coupe/Targa,Incl: Dakar/Speedster/,,,1965-2026,Convertible/Coupe/Targa,Incl: Dakar/Speedster,success,
非皮卡,高度压缩两两组合,Porsche,911/911,911,/,/,无可用尺码,1965-2026/1976-2005,Convertible/Coupe/Targa/Coupe,Incl: Dakar/Speedster/GT2/GT3/GT3 RS/Turbo,,,1965-2026,Convertible/Coupe/Targa,Incl: Dakar/GT2/GT3/GT3 RS/Speedster/Turbo,fallback,Porsche 911 2007 Coupe 原子事实对应多条候选记录
非皮卡,高度压缩两两组合,Porsche,911/911,911,/,/,无可用尺码,1965-2026/2007-2008,Convertible/Coupe/Targa/Coupe,Incl: Dakar/Speedster/GT3,,,1965-2026,Convertible/Coupe/Targa,Incl: Dakar/GT3/Speedster,fallback,Porsche 911 2004 Coupe 原子事实对应多条候选记录
非皮卡,高度压缩两两组合,Porsche,911/911,911,/,/,无可用尺码,1965-2026/2007-2008,Convertible/Coupe/Targa/Coupe,Incl: Dakar/Speedster/GT3 RS,,,1965-2026,Convertible/Coupe/Targa,Incl: Dakar/GT3 RS/Speedster,fallback,Porsche 911 2004 Coupe 原子事实对应多条候选记录
非皮卡,高度压缩两两组合,Porsche,911/911,911,/,/,无可用尺码,1965-2026/2007-2012,Convertible/Coupe/Targa/Coupe,Incl: Dakar/Speedster/Turbo,,,1965-2026,Convertible/Coupe/Targa,Incl: Dakar/Speedster/Turbo,fallback,Porsche 911 1976 Coupe 原子事实对应多条候选记录
非皮卡,高度压缩两两组合,Porsche,911/911,911,/,/,无可用尺码,1965-2026/2008-2009,Convertible/Coupe/Targa/Coupe,Incl: Dakar/Speedster/GT2,,,1965-2026,Convertible/Coupe/Targa,Incl: Dakar/GT2/Speedster,fallback,Porsche 911 2002 Coupe 原子事实对应多条候选记录
非皮卡,高度压缩两两组合,Porsche,911/911,911,/,/,无可用尺码,1965-2026/2010-2011,Convertible/Coupe/Targa/Coupe,Incl: Dakar/Speedster/GT3,,,1965-2026,Convertible/Coupe/Targa,Incl: Dakar/GT3/Speedster,fallback,Porsche 911 2004 Coupe 原子事实对应多条候选记录
非皮卡,高度压缩两两组合,Porsche,911/911,911,/,/,无可用尺码,1965-2026/2010-2011,Convertible/Coupe/Targa/Coupe,Incl: Dakar/Speedster/GT3 RS,,,1965-2026,Convertible/Coupe/Targa,Incl: Dakar/GT3 RS/Speedster,fallback,Porsche 911 2004 Coupe 原子事实对应多条候选记录
非皮卡,高度压缩两两组合,Porsche,911/911,911,/,/,无可用尺码,1965-2026/2011,Convertible/Coupe/Targa/Coupe,Incl: Dakar/Speedster/GT2 RS,,,1965-2026,Convertible/Coupe/Targa,Incl: Dakar/GT2 RS/Speedster,fallback,Porsche 911 2018 Coupe 原子事实对应多条候选记录
非皮卡,高度压缩两两组合,Porsche,911/911,911,/,/,无可用尺码,1965-2026/2014-2016,Convertible/Coupe/Targa/Coupe,Incl: Dakar/Speedster/GT3,,,1965-2026,Convertible/Coupe/Targa,Incl: Dakar/GT3/Speedster,fallback,Porsche 911 2004 Coupe 原子事实对应多条候选记录
非皮卡,高度压缩两两组合,Porsche,911/911,911,/,/,无可用尺码,1965-2026/2014-2019,Convertible/Coupe/Targa/Coupe,Incl: Dakar/Speedster/Turbo,,,1965-2026,Convertible/Coupe/Targa,Incl: Dakar/Speedster/Turbo,fallback,Porsche 911 1976 Coupe 原子事实对应多条候选记录
非皮卡,高度压缩两两组合,Porsche,911/911,911,/,/,无可用尺码,1965-2026/2016,Convertible/Coupe/Targa/Coupe,Incl: Dakar/Speedster/GT3 RS,,,1965-2026,Convertible/Coupe/Targa,Incl: Dakar/GT3 RS/Speedster,fallback,Porsche 911 2004 Coupe 原子事实对应多条候选记录
非皮卡,高度压缩两两组合,Porsche,911/911,911,/,/,无可用尺码,1965-2026/2018,Convertible/Coupe/Targa/Coupe,Incl: Dakar/Speedster/GT2 RS,,,1965-2026,Convertible/Coupe/Targa,Incl: Dakar/GT2 RS/Speedster,fallback,Porsche 911 2011 Coupe 原子事实对应多条候选记录
非皮卡,高度压缩两两组合,Porsche,911/911,911,/,/,无可用尺码,1965-2026/2018-2019,Convertible/Coupe/Targa/Coupe,Incl: Dakar/Speedster/GT3,,,1965-2026,Convertible/Coupe/Targa,Incl: Dakar/GT3/Speedster,fallback,Porsche 911 2004 Coupe 原子事实对应多条候选记录
非皮卡,高度压缩两两组合,Porsche,911/911,911,/,/,无可用尺码,1965-2026/2019,Convertible/Coupe/Targa/Coupe,Incl: Dakar/Speedster/GT3 RS,,,1965-2026,Convertible/Coupe/Targa,Incl: Dakar/GT3 RS/Speedster,fallback,Porsche 911 2004 Coupe 原子事实对应多条候选记录
非皮卡,高度压缩两两组合,Porsche,911/911,911,/,/,无可用尺码,1965-2026/2021-2026,Convertible/Coupe/Targa/Coupe,Incl: Dakar/Speedster/Turbo,,,1965-2026,Convertible/Coupe/Targa,Incl: Dakar/Speedster/Turbo,fallback,Porsche 911 1976 Coupe 原子事实对应多条候选记录
非皮卡,高度压缩两两组合,Porsche,911/911,911,/,/,无可用尺码,1965-2026/2022-2024,Convertible/Coupe/Targa/Coupe,Incl: Dakar/Speedster/GT3/GT3 RS,,,1965-2026,Convertible/Coupe/Targa,Incl: Dakar/GT3/GT3 RS/Speedster,fallback,Porsche 911 2004 Coupe 原子事实对应多条候选记录
非皮卡,高度压缩两两组合,Porsche,911/911,911,/,/,无可用尺码,1965-2026/2025,Convertible/Coupe/Targa/Coupe,Incl: Dakar/Speedster/GT3 RS,,,1965-2026,Convertible/Coupe/Targa,Incl: Dakar/GT3 RS/Speedster,fallback,Porsche 911 2004 Coupe 原子事实对应多条候选记录
非皮卡,高度压缩两两组合,Porsche,911/911,911,/,/,无可用尺码,1976-2005/2007-2008,Coupe/Coupe,GT2/GT3/GT3 RS/Turbo/GT3,,,1976-2008,Coupe,GT2/GT3/GT3 RS/Turbo,fallback,Porsche 911 2007 Coupe 原子事实对应多条候选记录
非皮卡,高度压缩两两组合,Porsche,911/911,911,/,/,无可用尺码,1976-2005/2007-2008,Coupe/Coupe,GT2/GT3/GT3 RS/Turbo/GT3 RS,,,1976-2008,Coupe,GT2/GT3/GT3 RS/Turbo,fallback,Porsche 911 2007 Coupe 原子事实对应多条候选记录
非皮卡,高度压缩两两组合,Porsche,911/911,911,/,/,无可用尺码,1976-2005/2007-2012,Coupe/Coupe,GT2/GT3/GT3 RS/Turbo/Turbo,,,1976-2012,Coupe,GT2/GT3/GT3 RS/Turbo,fallback,Porsche 911 2007 Coupe 原子事实对应多条候选记录
非皮卡,高度压缩两两组合,Porsche,911/911,911,/,/,无可用尺码,1976-2005/2008-2009,Coupe/Coupe,GT2/GT3/GT3 RS/Turbo/GT2,,,1976-2009,Coupe,GT2/GT3/GT3 RS/Turbo,fallback,Porsche 911 2007 Coupe 原子事实对应多条候选记录
非皮卡,高度压缩两两组合,Porsche,911/911,911,/,/,无可用尺码,1976-2005/2010-2011,Coupe/Coupe,GT2/GT3/GT3 RS/Turbo/GT3,,,1976-2011,Coupe,GT2/GT3/GT3 RS/Turbo,fallback,Porsche 911 2007 Coupe 原子事实对应多条候选记录
非皮卡,高度压缩两两组合,Porsche,911/911,911,/,/,无可用尺码,1976-2005/2010-2011,Coupe/Coupe,GT2/GT3/GT3 RS/Turbo/GT3 RS,,,1976-2011,Coupe,GT2/GT3/GT3 RS/Turbo,fallback,Porsche 911 2007 Coupe 原子事实对应多条候选记录
非皮卡,高度压缩两两组合,Porsche,911/911,911,/,/,无可用尺码,1976-2005/2011,Coupe/Coupe,GT2/GT3/GT3 RS/Turbo/GT2 RS,,,1976-2011,Coupe,GT2/GT2 RS/GT3/GT3 RS/Turbo,fallback,Porsche 911 2007 Coupe 原子事实对应多条候选记录
非皮卡,高度压缩两两组合,Porsche,911/911,911,/,/,无可用尺码,1976-2005/2014-2016,Coupe/Coupe,GT2/GT3/GT3 RS/Turbo/GT3,,,1976-2016,Coupe,GT2/GT3/GT3 RS/Turbo,fallback,Porsche 911 2007 Coupe 原子事实对应多条候选记录
非皮卡,高度压缩两两组合,Porsche,911/911,911,/,/,无可用尺码,1976-2005/2014-2019,Coupe/Coupe,GT2/GT3/GT3 RS/Turbo/Turbo,,,1976-2019,Coupe,GT2/GT3/GT3 RS/Turbo,fallback,Porsche 911 2007 Coupe 原子事实对应多条候选记录
非皮卡,高度压缩两两组合,Porsche,911/911,911,/,/,无可用尺码,1976-2005/2016,Coupe/Coupe,GT2/GT3/GT3 RS/Turbo/GT3 RS,,,1976-2016,Coupe,GT2/GT3/GT3 RS/Turbo,fallback,Porsche 911 2007 Coupe 原子事实对应多条候选记录
非皮卡,高度压缩两两组合,Porsche,911/911,911,/,/,无可用尺码,1976-2005/2018,Coupe/Coupe,GT2/GT3/GT3 RS/Turbo/GT2 RS,,,1976-2018,Coupe,GT2/GT2 RS/GT3/GT3 RS/Turbo,fallback,Porsche 911 2007 Coupe 原子事实对应多条候选记录
非皮卡,高度压缩两两组合,Porsche,911/911,911,/,/,无可用尺码,1976-2005/2018-2019,Coupe/Coupe,GT2/GT3/GT3 RS/Turbo/GT3,,,1976-2019,Coupe,GT2/GT3/GT3 RS/Turbo,fallback,Porsche 911 2007 Coupe 原子事实对应多条候选记录
非皮卡,高度压缩两两组合,Porsche,911/911,911,/,/,无可用尺码,1976-2005/2019,Coupe/Coupe,GT2/GT3/GT3 RS/Turbo/GT3 RS,,,1976-2019,Coupe,GT2/GT3/GT3 RS/Turbo,fallback,Porsche 911 2007 Coupe 原子事实对应多条候选记录
非皮卡,高度压缩两两组合,Porsche,911/911,911,/,/,无可用尺码,1976-2005/2021-2026,Coupe/Coupe,GT2/GT3/GT3 RS/Turbo/Turbo,,,1976-2026,Coupe,GT2/GT3/GT3 RS/Turbo,fallback,Porsche 911 2007 Coupe 原子事实对应多条候选记录
非皮卡,高度压缩两两组合,Porsche,911/911,911,/,/,无可用尺码,1976-2005/2022-2024,Coupe/Coupe,GT2/GT3/GT3 RS/Turbo/GT3/GT3 RS,,,1976-2024,Coupe,GT2/GT3/GT3 RS/Turbo,fallback,Porsche 911 2007 Coupe 原子事实对应多条候选记录
非皮卡,高度压缩两两组合,Porsche,911/911,911,/,/,无可用尺码,1976-2005/2025,Coupe/Coupe,GT2/GT3/GT3 RS/Turbo/GT3 RS,,,1976-2025,Coupe,GT2/GT3/GT3 RS/Turbo,fallback,Porsche 911 2007 Coupe 原子事实对应多条候选记录
非皮卡,高度压缩两两组合,Porsche,911/911,911,/,/,无可用尺码,2007-2008/2007-2008,Coupe/Coupe,GT3/GT3 RS,,,2007-2008,Coupe,GT3/GT3 RS,success,
非皮卡,高度压缩两两组合,Porsche,911/911,911,/,/,无可用尺码,1965-2026/1976-2005,Convertible/Coupe/Targa/Coupe,Incl: Dakar/Speedster/GT2/GT3/GT3 RS/Turbo,,,1965-2026,Convertible/Coupe/Targa,Incl: Dakar/GT2/GT3/GT3 RS/Speedster/Turbo,fallback,Porsche 911 2007 Coupe 原子事实对应多条候选记录
非皮卡,高度压缩两两组合,Porsche,911/911,911,/,/,无可用尺码,1965-2026/2007-2008,Convertible/Coupe/Targa/Coupe,Incl: Dakar/Speedster/GT3/GT3 RS,,,1965-2026,Convertible/Coupe/Targa,Incl: Dakar/GT3/GT3 RS/Speedster,fallback,Porsche 911 2004 Coupe 原子事实对应多条候选记录
非皮卡,高度压缩两两组合,Porsche,911/911,911,/,/,无可用尺码,1965-2026/2007-2012,Convertible/Coupe/Targa/Coupe,Incl: Dakar/Speedster/Turbo,,,1965-2026,Convertible/Coupe/Targa,Incl: Dakar/Speedster/Turbo,fallback,Porsche 911 1976 Coupe 原子事实对应多条候选记录
非皮卡,高度压缩两两组合,Porsche,911/911,911,/,/,无可用尺码,1965-2026/2008-2009,Convertible/Coupe/Targa/Coupe,Incl: Dakar/Speedster/GT2,,,1965-2026,Convertible/Coupe/Targa,Incl: Dakar/GT2/Speedster,fallback,Porsche 911 2002 Coupe 原子事实对应多条候选记录
非皮卡,高度压缩两两组合,Porsche,911/911,911,/,/,无可用尺码,1965-2026/2010-2011,Convertible/Coupe/Targa/Coupe,Incl: Dakar/Speedster/GT3,,,1965-2026,Convertible/Coupe/Targa,Incl: Dakar/GT3/Speedster,fallback,Porsche 911 2004 Coupe 原子事实对应多条候选记录
非皮卡,高度压缩两两组合,Porsche,911/911,911,/,/,无可用尺码,1965-2026/2010-2011,Convertible/Coupe/Targa/Coupe,Incl: Dakar/Speedster/GT3 RS,,,1965-2026,Convertible/Coupe/Targa,Incl: Dakar/GT3 RS/Speedster,fallback,Porsche 911 2004 Coupe 原子事实对应多条候选记录
非皮卡,高度压缩两两组合,Porsche,911/911,911,/,/,无可用尺码,1965-2026/2011,Convertible/Coupe/Targa/Coupe,Incl: Dakar/Speedster/GT2 RS,,,1965-2026,Convertible/Coupe/Targa,Incl: Dakar/GT2 RS/Speedster,fallback,Porsche 911 2018 Coupe 原子事实对应多条候选记录
非皮卡,高度压缩两两组合,Porsche,911/911,911,/,/,无可用尺码,1965-2026/2014-2016,Convertible/Coupe/Targa/Coupe,Incl: Dakar/Speedster/GT3,,,1965-2026,Convertible/Coupe/Targa,Incl: Dakar/GT3/Speedster,fallback,Porsche 911 2004 Coupe 原子事实对应多条候选记录
非皮卡,高度压缩两两组合,Porsche,911/911,911,/,/,无可用尺码,1965-2026/2014-2019,Convertible/Coupe/Targa/Coupe,Incl: Dakar/Speedster/Turbo,,,1965-2026,Convertible/Coupe/Targa,Incl: Dakar/Speedster/Turbo,fallback,Porsche 911 1976 Coupe 原子事实对应多条候选记录
非皮卡,高度压缩两两组合,Porsche,911/911,911,/,/,无可用尺码,1965-2026/2016,Convertible/Coupe/Targa/Coupe,Incl: Dakar/Speedster/GT3 RS,,,1965-2026,Convertible/Coupe/Targa,Incl: Dakar/GT3 RS/Speedster,fallback,Porsche 911 2004 Coupe 原子事实对应多条候选记录
非皮卡,高度压缩两两组合,Porsche,911/911,911,/,/,无可用尺码,1965-2026/2018,Convertible/Coupe/Targa/Coupe,Incl: Dakar/Speedster/GT2 RS,,,1965-2026,Convertible/Coupe/Targa,Incl: Dakar/GT2 RS/Speedster,fallback,Porsche 911 2011 Coupe 原子事实对应多条候选记录
非皮卡,高度压缩两两组合,Porsche,911/911,911,/,/,无可用尺码,1965-2026/2018-2019,Convertible/Coupe/Targa/Coupe,Incl: Dakar/Speedster/GT3,,,1965-2026,Convertible/Coupe/Targa,Incl: Dakar/GT3/Speedster,fallback,Porsche 911 2004 Coupe 原子事实对应多条候选记录
非皮卡,高度压缩两两组合,Porsche,911/911,911,/,/,无可用尺码,1965-2026/2019,Convertible/Coupe/Targa/Coupe,Incl: Dakar/Speedster/GT3 RS,,,1965-2026,Convertible/Coupe/Targa,Incl: Dakar/GT3 RS/Speedster,fallback,Porsche 911 2004 Coupe 原子事实对应多条候选记录
非皮卡,高度压缩两两组合,Porsche,911/911,911,/,/,无可用尺码,1965-2026/2021-2026,Convertible/Coupe/Targa/Coupe,Incl: Dakar/Speedster/Turbo,,,1965-2026,Convertible/Coupe/Targa,Incl: Dakar/Speedster/Turbo,fallback,Porsche 911 1976 Coupe 原子事实对应多条候选记录
非皮卡,高度压缩两两组合,Porsche,911/911,911,/,/,无可用尺码,1965-2026/2022-2024,Convertible/Coupe/Targa/Coupe,Incl: Dakar/Speedster/GT3/GT3 RS,,,1965-2026,Convertible/Coupe/Targa,Incl: Dakar/GT3/GT3 RS/Speedster,fallback,Porsche 911 2004 Coupe 原子事实对应多条候选记录
非皮卡,高度压缩两两组合,Porsche,911/911,911,/,/,无可用尺码,1965-2026/2025,Convertible/Coupe/Targa/Coupe,Incl: Dakar/Speedster/GT3 RS,,,1965-2026,Convertible/Coupe/Targa,Incl: Dakar/GT3 RS/Speedster,fallback,Porsche 911 2004 Coupe 原子事实对应多条候选记录
非皮卡,高度压缩两两组合,Porsche,911/911,911,/,/,无可用尺码,1976-2005/2007-2008,Coupe/Coupe,GT2/GT3/GT3 RS/Turbo/GT3/GT3 RS,,,1976-2008,Coupe,GT2/GT3/GT3 RS/Turbo,fallback,Porsche 911 2007 Coupe 原子事实对应多条候选记录
非皮卡,高度压缩两两组合,Porsche,911/911,911,/,/,无可用尺码,1976-2005/2007-2012,Coupe/Coupe,GT2/GT3/GT3 RS/Turbo/Turbo,,,1976-2012,Coupe,GT2/GT3/GT3 RS/Turbo,fallback,Porsche 911 2007 Coupe 原子事实对应多条候选记录
非皮卡,高度压缩两两组合,Porsche,911/911,911,/,/,无可用尺码,1976-2005/2008-2009,Coupe/Coupe,GT2/GT3/GT3 RS/Turbo/GT2,,,1976-2009,Coupe,GT2/GT3/GT3 RS/Turbo,fallback,Porsche 911 2007 Coupe 原子事实对应多条候选记录
非皮卡,高度压缩两两组合,Porsche,911/911,911,/,/,无可用尺码,1976-2005/2010-2011,Coupe/Coupe,GT2/GT3/GT3 RS/Turbo/GT3,,,1976-2011,Coupe,GT2/GT3/GT3 RS/Turbo,fallback,Porsche 911 2007 Coupe 原子事实对应多条候选记录
非皮卡,高度压缩两两组合,Porsche,911/911,911,/,/,无可用尺码,1976-2005/2010-2011,Coupe/Coupe,GT2/GT3/GT3 RS/Turbo/GT3 RS,,,1976-2011,Coupe,GT2/GT3/GT3 RS/Turbo,fallback,Porsche 911 2007 Coupe 原子事实对应多条候选记录
非皮卡,高度压缩两两组合,Porsche,911/911,911,/,/,无可用尺码,1976-2005/2011,Coupe/Coupe,GT2/GT3/GT3 RS/Turbo/GT2 RS,,,1976-2011,Coupe,GT2/GT2 RS/GT3/GT3 RS/Turbo,fallback,Porsche 911 2007 Coupe 原子事实对应多条候选记录
非皮卡,高度压缩两两组合,Porsche,911/911,911,/,/,无可用尺码,1976-2005/2014-2016,Coupe/Coupe,GT2/GT3/GT3 RS/Turbo/GT3,,,1976-2016,Coupe,GT2/GT3/GT3 RS/Turbo,fallback,Porsche 911 2007 Coupe 原子事实对应多条候选记录
非皮卡,高度压缩两两组合,Porsche,911/911,911,/,/,无可用尺码,1976-2005/2014-2019,Coupe/Coupe,GT2/GT3/GT3 RS/Turbo/Turbo,,,1976-2019,Coupe,GT2/GT3/GT3 RS/Turbo,fallback,Porsche 911 2007 Coupe 原子事实对应多条候选记录
非皮卡,高度压缩两两组合,Porsche,911/911,911,/,/,无可用尺码,1976-2005/2016,Coupe/Coupe,GT2/GT3/GT3 RS/Turbo/GT3 RS,,,1976-2016,Coupe,GT2/GT3/GT3 RS/Turbo,fallback,Porsche 911 2007 Coupe 原子事实对应多条候选记录
非皮卡,高度压缩两两组合,Porsche,911/911,911,/,/,无可用尺码,1976-2005/2018,Coupe/Coupe,GT2/GT3/GT3 RS/Turbo/GT2 RS,,,1976-2018,Coupe,GT2/GT2 RS/GT3/GT3 RS/Turbo,fallback,Porsche 911 2007 Coupe 原子事实对应多条候选记录
非皮卡,高度压缩两两组合,Porsche,911/911,911,/,/,无可用尺码,1976-2005/2018-2019,Coupe/Coupe,GT2/GT3/GT3 RS/Turbo/GT3,,,1976-2019,Coupe,GT2/GT3/GT3 RS/Turbo,fallback,Porsche 911 2007 Coupe 原子事实对应多条候选记录
非皮卡,高度压缩两两组合,Porsche,911/911,911,/,/,无可用尺码,1976-2005/2019,Coupe/Coupe,GT2/GT3/GT3 RS/Turbo/GT3 RS,,,1976-2019,Coupe,GT2/GT3/GT3 RS/Turbo,fallback,Porsche 911 2007 Coupe 原子事实对应多条候选记录
非皮卡,高度压缩两两组合,Porsche,911/911,911,/,/,无可用尺码,1976-2005/2021-2026,Coupe/Coupe,GT2/GT3/GT3 RS/Turbo/Turbo,,,1976-2026,Coupe,GT2/GT3/GT3 RS/Turbo,fallback,Porsche 911 2007 Coupe 原子事实对应多条候选记录
非皮卡,高度压缩两两组合,Porsche,911/911,911,/,/,无可用尺码,1976-2005/2022-2024,Coupe/Coupe,GT2/GT3/GT3 RS/Turbo/GT3/GT3 RS,,,1976-2024,Coupe,GT2/GT3/GT3 RS/Turbo,fallback,Porsche 911 2007 Coupe 原子事实对应多条候选记录
非皮卡,高度压缩两两组合,Porsche,911/911,911,/,/,无可用尺码,1976-2005/2025,Coupe/Coupe,GT2/GT3/GT3 RS/Turbo/GT3 RS,,,1976-2025,Coupe,GT2/GT3/GT3 RS/Turbo,fallback,Porsche 911 2007 Coupe 原子事实对应多条候选记录
非皮卡,高度压缩两两组合,Porsche,911/911,911,/,/,无可用尺码,2007-2008/2007-2012,Coupe/Coupe,GT3/GT3 RS/Turbo,,,2007-2012,Coupe,GT3/GT3 RS/Turbo,fallback,Porsche 911 2010 Coupe 原子事实对应多条候选记录
非皮卡,高度压缩两两组合,Porsche,911/911,911,/,/,无可用尺码,2007-2008/2008-2009,Coupe/Coupe,GT3/GT3 RS/GT2,,,2007-2009,Coupe,GT2/GT3/GT3 RS,success,
非皮卡,高度压缩两两组合,Porsche,911/911,911,/,/,无可用尺码,1965-2026/1976-2005,Convertible/Coupe/Targa/Coupe,Incl: Dakar/Speedster/GT2/GT3/GT3 RS/Turbo,,,1965-2026,Convertible/Coupe/Targa,Incl: Dakar/GT2/GT3/GT3 RS/Speedster/Turbo,fallback,Porsche 911 2007 Coupe 原子事实对应多条候选记录
非皮卡,高度压缩两两组合,Porsche,911/911,911,/,/,无可用尺码,1965-2026/2007-2009,Convertible/Coupe/Targa/Coupe,Incl: Dakar/Speedster/GT2/GT3/GT3 RS,,,1965-2026,Convertible/Coupe/Targa,Incl: Dakar/GT2/GT3/GT3 RS/Speedster,fallback,Porsche 911 2002 Coupe 原子事实对应多条候选记录
非皮卡,高度压缩两两组合,Porsche,911/911,911,/,/,无可用尺码,1965-2026/2007-2012,Convertible/Coupe/Targa/Coupe,Incl: Dakar/Speedster/Turbo,,,1965-2026,Convertible/Coupe/Targa,Incl: Dakar/Speedster/Turbo,fallback,Porsche 911 1976 Coupe 原子事实对应多条候选记录
非皮卡,高度压缩两两组合,Porsche,911/911,911,/,/,无可用尺码,1965-2026/2010-2011,Convertible/Coupe/Targa/Coupe,Incl: Dakar/Speedster/GT3,,,1965-2026,Convertible/Coupe/Targa,Incl: Dakar/GT3/Speedster,fallback,Porsche 911 2004 Coupe 原子事实对应多条候选记录
非皮卡,高度压缩两两组合,Porsche,911/911,911,/,/,无可用尺码,1965-2026/2010-2011,Convertible/Coupe/Targa/Coupe,Incl: Dakar/Speedster/GT3 RS,,,1965-2026,Convertible/Coupe/Targa,Incl: Dakar/GT3 RS/Speedster,fallback,Porsche 911 2004 Coupe 原子事实对应多条候选记录
非皮卡,高度压缩两两组合,Porsche,911/911,911,/,/,无可用尺码,1965-2026/2011,Convertible/Coupe/Targa/Coupe,Incl: Dakar/Speedster/GT2 RS,,,1965-2026,Convertible/Coupe/Targa,Incl: Dakar/GT2 RS/Speedster,fallback,Porsche 911 2018 Coupe 原子事实对应多条候选记录
非皮卡,高度压缩两两组合,Porsche,911/911,911,/,/,无可用尺码,1965-2026/2014-2016,Convertible/Coupe/Targa/Coupe,Incl: Dakar/Speedster/GT3,,,1965-2026,Convertible/Coupe/Targa,Incl: Dakar/GT3/Speedster,fallback,Porsche 911 2004 Coupe 原子事实对应多条候选记录
非皮卡,高度压缩两两组合,Porsche,911/911,911,/,/,无可用尺码,1965-2026/2014-2019,Convertible/Coupe/Targa/Coupe,Incl: Dakar/Speedster/Turbo,,,1965-2026,Convertible/Coupe/Targa,Incl: Dakar/Speedster/Turbo,fallback,Porsche 911 1976 Coupe 原子事实对应多条候选记录
非皮卡,高度压缩两两组合,Porsche,911/911,911,/,/,无可用尺码,1965-2026/2016,Convertible/Coupe/Targa/Coupe,Incl: Dakar/Speedster/GT3 RS,,,1965-2026,Convertible/Coupe/Targa,Incl: Dakar/GT3 RS/Speedster,fallback,Porsche 911 2004 Coupe 原子事实对应多条候选记录
非皮卡,高度压缩两两组合,Porsche,911/911,911,/,/,无可用尺码,1965-2026/2018,Convertible/Coupe/Targa/Coupe,Incl: Dakar/Speedster/GT2 RS,,,1965-2026,Convertible/Coupe/Targa,Incl: Dakar/GT2 RS/Speedster,fallback,Porsche 911 2011 Coupe 原子事实对应多条候选记录
非皮卡,高度压缩两两组合,Porsche,911/911,911,/,/,无可用尺码,1965-2026/2018-2019,Convertible/Coupe/Targa/Coupe,Incl: Dakar/Speedster/GT3,,,1965-2026,Convertible/Coupe/Targa,Incl: Dakar/GT3/Speedster,fallback,Porsche 911 2004 Coupe 原子事实对应多条候选记录
非皮卡,高度压缩两两组合,Porsche,911/911,911,/,/,无可用尺码,1965-2026/2019,Convertible/Coupe/Targa/Coupe,Incl: Dakar/Speedster/GT3 RS,,,1965-2026,Convertible/Coupe/Targa,Incl: Dakar/GT3 RS/Speedster,fallback,Porsche 911 2004 Coupe 原子事实对应多条候选记录
非皮卡,高度压缩两两组合,Porsche,911/911,911,/,/,无可用尺码,1965-2026/2021-2026,Convertible/Coupe/Targa/Coupe,Incl: Dakar/Speedster/Turbo,,,1965-2026,Convertible/Coupe/Targa,Incl: Dakar/Speedster/Turbo,fallback,Porsche 911 1976 Coupe 原子事实对应多条候选记录
非皮卡,高度压缩两两组合,Porsche,911/911,911,/,/,无可用尺码,1965-2026/2022-2024,Convertible/Coupe/Targa/Coupe,Incl: Dakar/Speedster/GT3/GT3 RS,,,1965-2026,Convertible/Coupe/Targa,Incl: Dakar/GT3/GT3 RS/Speedster,fallback,Porsche 911 2004 Coupe 原子事实对应多条候选记录
非皮卡,高度压缩两两组合,Porsche,911/911,911,/,/,无可用尺码,1965-2026/2025,Convertible/Coupe/Targa/Coupe,Incl: Dakar/Speedster/GT3 RS,,,1965-2026,Convertible/Coupe/Targa,Incl: Dakar/GT3 RS/Speedster,fallback,Porsche 911 2004 Coupe 原子事实对应多条候选记录
非皮卡,高度压缩两两组合,Porsche,911/911,911,/,/,无可用尺码,1976-2005/2007-2009,Coupe/Coupe,GT2/GT3/GT3 RS/Turbo/GT2/GT3/GT3 RS,,,1976-2009,Coupe,GT2/GT3/GT3 RS/Turbo,fallback,Porsche 911 2007 Coupe 原子事实对应多条候选记录
非皮卡,高度压缩两两组合,Porsche,911/911,911,/,/,无可用尺码,1976-2005/2007-2012,Coupe/Coupe,GT2/GT3/GT3 RS/Turbo/Turbo,,,1976-2012,Coupe,GT2/GT3/GT3 RS/Turbo,fallback,Porsche 911 2007 Coupe 原子事实对应多条候选记录
非皮卡,高度压缩两两组合,Porsche,911/911,911,/,/,无可用尺码,1976-2005/2010-2011,Coupe/Coupe,GT2/GT3/GT3 RS/Turbo/GT3,,,1976-2011,Coupe,GT2/GT3/GT3 RS/Turbo,fallback,Porsche 911 2007 Coupe 原子事实对应多条候选记录
非皮卡,高度压缩两两组合,Porsche,911/911,911,/,/,无可用尺码,1976-2005/2010-2011,Coupe/Coupe,GT2/GT3/GT3 RS/Turbo/GT3 RS,,,1976-2011,Coupe,GT2/GT3/GT3 RS/Turbo,fallback,Porsche 911 2007 Coupe 原子事实对应多条候选记录
非皮卡,高度压缩两两组合,Porsche,911/911,911,/,/,无可用尺码,1976-2005/2011,Coupe/Coupe,GT2/GT3/GT3 RS/Turbo/GT2 RS,,,1976-2011,Coupe,GT2/GT2 RS/GT3/GT3 RS/Turbo,fallback,Porsche 911 2007 Coupe 原子事实对应多条候选记录
非皮卡,高度压缩两两组合,Porsche,911/911,911,/,/,无可用尺码,1976-2005/2014-2016,Coupe/Coupe,GT2/GT3/GT3 RS/Turbo/GT3,,,1976-2016,Coupe,GT2/GT3/GT3 RS/Turbo,fallback,Porsche 911 2007 Coupe 原子事实对应多条候选记录
非皮卡,高度压缩两两组合,Porsche,911/911,911,/,/,无可用尺码,1976-2005/2014-2019,Coupe/Coupe,GT2/GT3/GT3 RS/Turbo/Turbo,,,1976-2019,Coupe,GT2/GT3/GT3 RS/Turbo,fallback,Porsche 911 2007 Coupe 原子事实对应多条候选记录
非皮卡,高度压缩两两组合,Porsche,911/911,911,/,/,无可用尺码,1976-2005/2016,Coupe/Coupe,GT2/GT3/GT3 RS/Turbo/GT3 RS,,,1976-2016,Coupe,GT2/GT3/GT3 RS/Turbo,fallback,Porsche 911 2007 Coupe 原子事实对应多条候选记录
非皮卡,高度压缩两两组合,Porsche,911/911,911,/,/,无可用尺码,1976-2005/2018,Coupe/Coupe,GT2/GT3/GT3 RS/Turbo/GT2 RS,,,1976-2018,Coupe,GT2/GT2 RS/GT3/GT3 RS/Turbo,fallback,Porsche 911 2007 Coupe 原子事实对应多条候选记录
非皮卡,高度压缩两两组合,Porsche,911/911,911,/,/,无可用尺码,1976-2005/2018-2019,Coupe/Coupe,GT2/GT3/GT3 RS/Turbo/GT3,,,1976-2019,Coupe,GT2/GT3/GT3 RS/Turbo,fallback,Porsche 911 2007 Coupe 原子事实对应多条候选记录
非皮卡,高度压缩两两组合,Porsche,911/911,911,/,/,无可用尺码,1976-2005/2019,Coupe/Coupe,GT2/GT3/GT3 RS/Turbo/GT3 RS,,,1976-2019,Coupe,GT2/GT3/GT3 RS/Turbo,fallback,Porsche 911 2007 Coupe 原子事实对应多条候选记录
非皮卡,高度压缩两两组合,Porsche,911/911,911,/,/,无可用尺码,1976-2005/2021-2026,Coupe/Coupe,GT2/GT3/GT3 RS/Turbo/Turbo,,,1976-2026,Coupe,GT2/GT3/GT3 RS/Turbo,fallback,Porsche 911 2007 Coupe 原子事实对应多条候选记录
非皮卡,高度压缩两两组合,Porsche,911/911,911,/,/,无可用尺码,1976-2005/2022-2024,Coupe/Coupe,GT2/GT3/GT3 RS/Turbo/GT3/GT3 RS,,,1976-2024,Coupe,GT2/GT3/GT3 RS/Turbo,fallback,Porsche 911 2007 Coupe 原子事实对应多条候选记录
非皮卡,高度压缩两两组合,Porsche,911/911,911,/,/,无可用尺码,1976-2005/2025,Coupe/Coupe,GT2/GT3/GT3 RS/Turbo/GT3 RS,,,1976-2025,Coupe,GT2/GT3/GT3 RS/Turbo,fallback,Porsche 911 2007 Coupe 原子事实对应多条候选记录
非皮卡,高度压缩两两组合,Porsche,911/911,911,/,/,无可用尺码,2007-2009/2007-2012,Coupe/Coupe,GT2/GT3/GT3 RS/Turbo,,,2007-2012,Coupe,GT2/GT3/GT3 RS/Turbo,fallback,Porsche 911 2010 Coupe 原子事实对应多条候选记录
非皮卡,高度压缩两两组合,Porsche,911/911,911,/,/,无可用尺码,2007-2009/2010-2011,Coupe/Coupe,GT2/GT3/GT3 RS/GT3,,,2007-2011,Coupe,GT2/GT3/GT3 RS,fallback,Porsche 911 2010 Coupe 原子事实对应多条候选记录
非皮卡,高度压缩两两组合,Porsche,911/911,911,/,/,无可用尺码,2007-2009/2010-2011,Coupe/Coupe,GT2/GT3/GT3 RS/GT3 RS,,,2007-2011,Coupe,GT2/GT3/GT3 RS,fallback,Porsche 911 2010 Coupe 原子事实对应多条候选记录
非皮卡,高度压缩两两组合,Porsche,911/911,911,/,/,无可用尺码,2007-2009/2011,Coupe/Coupe,GT2/GT3/GT3 RS/GT2 RS,,,2007-2011,Coupe,GT2/GT2 RS/GT3/GT3 RS,fallback,Porsche 911 2010 Coupe 原子事实对应多条候选记录
非皮卡,高度压缩两两组合,Porsche,911/911,911,/,/,无可用尺码,2007-2009/2014-2016,Coupe/Coupe,GT2/GT3/GT3 RS/GT3,,,2007-2016,Coupe,GT2/GT3/GT3 RS,fallback,Porsche 911 2010 Coupe 原子事实对应多条候选记录
非皮卡,高度压缩两两组合,Porsche,911/911,911,/,/,无可用尺码,2007-2009/2014-2019,Coupe/Coupe,GT2/GT3/GT3 RS/Turbo,,,2007-2019,Coupe,GT2/GT3/GT3 RS/Turbo,fallback,Porsche 911 2007 Coupe 原子事实对应多条候选记录
非皮卡,高度压缩两两组合,Porsche,911/911,911,/,/,无可用尺码,2007-2009/2016,Coupe/Coupe,GT2/GT3/GT3 RS/GT3 RS,,,2007-2016,Coupe,GT2/GT3/GT3 RS,fallback,Porsche 911 2010 Coupe 原子事实对应多条候选记录
非皮卡,高度压缩两两组合,Porsche,911/911,911,/,/,无可用尺码,2007-2009/2018,Coupe/Coupe,GT2/GT3/GT3 RS/GT2 RS,,,2007-2018,Coupe,GT2/GT2 RS/GT3/GT3 RS,fallback,Porsche 911 2010 Coupe 原子事实对应多条候选记录
非皮卡,高度压缩两两组合,Porsche,911/911,911,/,/,无可用尺码,2007-2009/2018-2019,Coupe/Coupe,GT2/GT3/GT3 RS/GT3,,,2007-2019,Coupe,GT2/GT3/GT3 RS,fallback,Porsche 911 2010 Coupe 原子事实对应多条候选记录
非皮卡,高度压缩两两组合,Porsche,911/911,911,/,/,无可用尺码,2007-2009/2019,Coupe/Coupe,GT2/GT3/GT3 RS/GT3 RS,,,2007-2019,Coupe,GT2/GT3/GT3 RS,fallback,Porsche 911 2010 Coupe 原子事实对应多条候选记录
非皮卡,高度压缩两两组合,Porsche,911/911,911,/,/,无可用尺码,2007-2009/2021-2026,Coupe/Coupe,GT2/GT3/GT3 RS/Turbo,,,2007-2026,Coupe,GT2/GT3/GT3 RS/Turbo,fallback,Porsche 911 2007 Coupe 原子事实对应多条候选记录
非皮卡,高度压缩两两组合,Porsche,911/911,911,/,/,无可用尺码,2007-2009/2022-2024,Coupe/Coupe,GT2/GT3/GT3 RS/GT3/GT3 RS,,,2007-2024,Coupe,GT2/GT3/GT3 RS,fallback,Porsche 911 2010 Coupe 原子事实对应多条候选记录
非皮卡,高度压缩两两组合,Porsche,911/911,911,/,/,无可用尺码,2007-2009/2025,Coupe/Coupe,GT2/GT3/GT3 RS/GT3 RS,,,2007-2025,Coupe,GT2/GT3/GT3 RS,fallback,Porsche 911 2010 Coupe 原子事实对应多条候选记录
非皮卡,高度压缩两两组合,Porsche,911/911,911,/,/,无可用尺码,2007-2012/2010-2011,Coupe/Coupe,Turbo/GT3,,,2007-2012,Coupe,GT3/Turbo,fallback,Porsche 911 2007 Coupe 原子事实对应多条候选记录
非皮卡,高度压缩两两组合,Porsche,911/911,911,/,/,无可用尺码,2007-2012/2010-2011,Coupe/Coupe,Turbo/GT3 RS,,,2007-2012,Coupe,GT3 RS/Turbo,fallback,Porsche 911 2007 Coupe 原子事实对应多条候选记录
非皮卡,高度压缩两两组合,Porsche,911/911,911,/,/,无可用尺码,2007-2012/2011,Coupe/Coupe,Turbo/GT2 RS,,,2007-2012,Coupe,GT2 RS/Turbo,success,
非皮卡,高度压缩两两组合,Porsche,911/911,911,/,/,无可用尺码,1965-2026/1976-2005,Convertible/Coupe/Targa/Coupe,Incl: Dakar/Speedster/GT2/GT3/GT3 RS/Turbo,,,1965-2026,Convertible/Coupe/Targa,Incl: Dakar/GT2/GT3/GT3 RS/Speedster/Turbo,fallback,Porsche 911 2007 Coupe 原子事实对应多条候选记录
非皮卡,高度压缩两两组合,Porsche,911/911,911,/,/,无可用尺码,1965-2026/2007-2009,Convertible/Coupe/Targa/Coupe,Incl: Dakar/Speedster/GT2/GT3/GT3 RS,,,1965-2026,Convertible/Coupe/Targa,Incl: Dakar/GT2/GT3/GT3 RS/Speedster,fallback,Porsche 911 2002 Coupe 原子事实对应多条候选记录
非皮卡,高度压缩两两组合,Porsche,911/911,911,/,/,无可用尺码,1965-2026/2007-2012,Convertible/Coupe/Targa/Coupe,Incl: Dakar/Speedster/GT2 RS/Turbo,,,1965-2026,Convertible/Coupe/Targa,Incl: Dakar/GT2 RS/Speedster/Turbo,fallback,Porsche 911 1976 Coupe 原子事实对应多条候选记录
非皮卡,高度压缩两两组合,Porsche,911/911,911,/,/,无可用尺码,1965-2026/2010-2011,Convertible/Coupe/Targa/Coupe,Incl: Dakar/Speedster/GT3,,,1965-2026,Convertible/Coupe/Targa,Incl: Dakar/GT3/Speedster,fallback,Porsche 911 2004 Coupe 原子事实对应多条候选记录
非皮卡,高度压缩两两组合,Porsche,911/911,911,/,/,无可用尺码,1965-2026/2010-2011,Convertible/Coupe/Targa/Coupe,Incl: Dakar/Speedster/GT3 RS,,,1965-2026,Convertible/Coupe/Targa,Incl: Dakar/GT3 RS/Speedster,fallback,Porsche 911 2004 Coupe 原子事实对应多条候选记录
非皮卡,高度压缩两两组合,Porsche,911/911,911,/,/,无可用尺码,1965-2026/2014-2016,Convertible/Coupe/Targa/Coupe,Incl: Dakar/Speedster/GT3,,,1965-2026,Convertible/Coupe/Targa,Incl: Dakar/GT3/Speedster,fallback,Porsche 911 2004 Coupe 原子事实对应多条候选记录
非皮卡,高度压缩两两组合,Porsche,911/911,911,/,/,无可用尺码,1965-2026/2014-2019,Convertible/Coupe/Targa/Coupe,Incl: Dakar/Speedster/Turbo,,,1965-2026,Convertible/Coupe/Targa,Incl: Dakar/Speedster/Turbo,fallback,Porsche 911 1976 Coupe 原子事实对应多条候选记录
非皮卡,高度压缩两两组合,Porsche,911/911,911,/,/,无可用尺码,1965-2026/2016,Convertible/Coupe/Targa/Coupe,Incl: Dakar/Speedster/GT3 RS,,,1965-2026,Convertible/Coupe/Targa,Incl: Dakar/GT3 RS/Speedster,fallback,Porsche 911 2004 Coupe 原子事实对应多条候选记录
非皮卡,高度压缩两两组合,Porsche,911/911,911,/,/,无可用尺码,1965-2026/2018,Convertible/Coupe/Targa/Coupe,Incl: Dakar/Speedster/GT2 RS,,,1965-2026,Convertible/Coupe/Targa,Incl: Dakar/GT2 RS/Speedster,fallback,Porsche 911 2011 Coupe 原子事实对应多条候选记录
非皮卡,高度压缩两两组合,Porsche,911/911,911,/,/,无可用尺码,1965-2026/2018-2019,Convertible/Coupe/Targa/Coupe,Incl: Dakar/Speedster/GT3,,,1965-2026,Convertible/Coupe/Targa,Incl: Dakar/GT3/Speedster,fallback,Porsche 911 2004 Coupe 原子事实对应多条候选记录
非皮卡,高度压缩两两组合,Porsche,911/911,911,/,/,无可用尺码,1965-2026/2019,Convertible/Coupe/Targa/Coupe,Incl: Dakar/Speedster/GT3 RS,,,1965-2026,Convertible/Coupe/Targa,Incl: Dakar/GT3 RS/Speedster,fallback,Porsche 911 2004 Coupe 原子事实对应多条候选记录
非皮卡,高度压缩两两组合,Porsche,911/911,911,/,/,无可用尺码,1965-2026/2021-2026,Convertible/Coupe/Targa/Coupe,Incl: Dakar/Speedster/Turbo,,,1965-2026,Convertible/Coupe/Targa,Incl: Dakar/Speedster/Turbo,fallback,Porsche 911 1976 Coupe 原子事实对应多条候选记录
非皮卡,高度压缩两两组合,Porsche,911/911,911,/,/,无可用尺码,1965-2026/2022-2024,Convertible/Coupe/Targa/Coupe,Incl: Dakar/Speedster/GT3/GT3 RS,,,1965-2026,Convertible/Coupe/Targa,Incl: Dakar/GT3/GT3 RS/Speedster,fallback,Porsche 911 2004 Coupe 原子事实对应多条候选记录
非皮卡,高度压缩两两组合,Porsche,911/911,911,/,/,无可用尺码,1965-2026/2025,Convertible/Coupe/Targa/Coupe,Incl: Dakar/Speedster/GT3 RS,,,1965-2026,Convertible/Coupe/Targa,Incl: Dakar/GT3 RS/Speedster,fallback,Porsche 911 2004 Coupe 原子事实对应多条候选记录
非皮卡,高度压缩两两组合,Porsche,911/911,911,/,/,无可用尺码,1976-2005/2007-2009,Coupe/Coupe,GT2/GT3/GT3 RS/Turbo/GT2/GT3/GT3 RS,,,1976-2009,Coupe,GT2/GT3/GT3 RS/Turbo,fallback,Porsche 911 2007 Coupe 原子事实对应多条候选记录
非皮卡,高度压缩两两组合,Porsche,911/911,911,/,/,无可用尺码,1976-2005/2007-2012,Coupe/Coupe,GT2/GT3/GT3 RS/Turbo/GT2 RS/Turbo,,,1976-2012,Coupe,GT2/GT2 RS/GT3/GT3 RS/Turbo,fallback,Porsche 911 2007 Coupe 原子事实对应多条候选记录
非皮卡,高度压缩两两组合,Porsche,911/911,911,/,/,无可用尺码,1976-2005/2010-2011,Coupe/Coupe,GT2/GT3/GT3 RS/Turbo/GT3,,,1976-2011,Coupe,GT2/GT3/GT3 RS/Turbo,fallback,Porsche 911 2007 Coupe 原子事实对应多条候选记录
非皮卡,高度压缩两两组合,Porsche,911/911,911,/,/,无可用尺码,1976-2005/2010-2011,Coupe/Coupe,GT2/GT3/GT3 RS/Turbo/GT3 RS,,,1976-2011,Coupe,GT2/GT3/GT3 RS/Turbo,fallback,Porsche 911 2007 Coupe 原子事实对应多条候选记录
非皮卡,高度压缩两两组合,Porsche,911/911,911,/,/,无可用尺码,1976-2005/2014-2016,Coupe/Coupe,GT2/GT3/GT3 RS/Turbo/GT3,,,1976-2016,Coupe,GT2/GT3/GT3 RS/Turbo,fallback,Porsche 911 2007 Coupe 原子事实对应多条候选记录
非皮卡,高度压缩两两组合,Porsche,911/911,911,/,/,无可用尺码,1976-2005/2014-2019,Coupe/Coupe,GT2/GT3/GT3 RS/Turbo/Turbo,,,1976-2019,Coupe,GT2/GT3/GT3 RS/Turbo,fallback,Porsche 911 2007 Coupe 原子事实对应多条候选记录
非皮卡,高度压缩两两组合,Porsche,911/911,911,/,/,无可用尺码,1976-2005/2016,Coupe/Coupe,GT2/GT3/GT3 RS/Turbo/GT3 RS,,,1976-2016,Coupe,GT2/GT3/GT3 RS/Turbo,fallback,Porsche 911 2007 Coupe 原子事实对应多条候选记录
非皮卡,高度压缩两两组合,Porsche,911/911,911,/,/,无可用尺码,1976-2005/2018,Coupe/Coupe,GT2/GT3/GT3 RS/Turbo/GT2 RS,,,1976-2018,Coupe,GT2/GT2 RS/GT3/GT3 RS/Turbo,fallback,Porsche 911 2007 Coupe 原子事实对应多条候选记录
非皮卡,高度压缩两两组合,Porsche,911/911,911,/,/,无可用尺码,1976-2005/2018-2019,Coupe/Coupe,GT2/GT3/GT3 RS/Turbo/GT3,,,1976-2019,Coupe,GT2/GT3/GT3 RS/Turbo,fallback,Porsche 911 2007 Coupe 原子事实对应多条候选记录
非皮卡,高度压缩两两组合,Porsche,911/911,911,/,/,无可用尺码,1976-2005/2019,Coupe/Coupe,GT2/GT3/GT3 RS/Turbo/GT3 RS,,,1976-2019,Coupe,GT2/GT3/GT3 RS/Turbo,fallback,Porsche 911 2007 Coupe 原子事实对应多条候选记录
非皮卡,高度压缩两两组合,Porsche,911/911,911,/,/,无可用尺码,1976-2005/2021-2026,Coupe/Coupe,GT2/GT3/GT3 RS/Turbo/Turbo,,,1976-2026,Coupe,GT2/GT3/GT3 RS/Turbo,fallback,Porsche 911 2007 Coupe 原子事实对应多条候选记录
非皮卡,高度压缩两两组合,Porsche,911/911,911,/,/,无可用尺码,1976-2005/2022-2024,Coupe/Coupe,GT2/GT3/GT3 RS/Turbo/GT3/GT3 RS,,,1976-2024,Coupe,GT2/GT3/GT3 RS/Turbo,fallback,Porsche 911 2007 Coupe 原子事实对应多条候选记录
非皮卡,高度压缩两两组合,Porsche,911/911,911,/,/,无可用尺码,1976-2005/2025,Coupe/Coupe,GT2/GT3/GT3 RS/Turbo/GT3 RS,,,1976-2025,Coupe,GT2/GT3/GT3 RS/Turbo,fallback,Porsche 911 2007 Coupe 原子事实对应多条候选记录
非皮卡,高度压缩两两组合,Porsche,911/911,911,/,/,无可用尺码,2007-2009/2007-2012,Coupe/Coupe,GT2/GT3/GT3 RS/GT2 RS/Turbo,,,2007-2012,Coupe,GT2/GT2 RS/GT3/GT3 RS/Turbo,fallback,Porsche 911 2010 Coupe 原子事实对应多条候选记录
非皮卡,高度压缩两两组合,Porsche,911/911,911,/,/,无可用尺码,2007-2009/2010-2011,Coupe/Coupe,GT2/GT3/GT3 RS/GT3,,,2007-2011,Coupe,GT2/GT3/GT3 RS,fallback,Porsche 911 2010 Coupe 原子事实对应多条候选记录
非皮卡,高度压缩两两组合,Porsche,911/911,911,/,/,无可用尺码,2007-2009/2010-2011,Coupe/Coupe,GT2/GT3/GT3 RS/GT3 RS,,,2007-2011,Coupe,GT2/GT3/GT3 RS,fallback,Porsche 911 2010 Coupe 原子事实对应多条候选记录
非皮卡,高度压缩两两组合,Porsche,911/911,911,/,/,无可用尺码,2007-2009/2014-2016,Coupe/Coupe,GT2/GT3/GT3 RS/GT3,,,2007-2016,Coupe,GT2/GT3/GT3 RS,fallback,Porsche 911 2010 Coupe 原子事实对应多条候选记录
非皮卡,高度压缩两两组合,Porsche,911/911,911,/,/,无可用尺码,2007-2009/2014-2019,Coupe/Coupe,GT2/GT3/GT3 RS/Turbo,,,2007-2019,Coupe,GT2/GT3/GT3 RS/Turbo,fallback,Porsche 911 2007 Coupe 原子事实对应多条候选记录
非皮卡,高度压缩两两组合,Porsche,911/911,911,/,/,无可用尺码,2007-2009/2016,Coupe/Coupe,GT2/GT3/GT3 RS/GT3 RS,,,2007-2016,Coupe,GT2/GT3/GT3 RS,fallback,Porsche 911 2010 Coupe 原子事实对应多条候选记录
非皮卡,高度压缩两两组合,Porsche,911/911,911,/,/,无可用尺码,2007-2009/2018,Coupe/Coupe,GT2/GT3/GT3 RS/GT2 RS,,,2007-2018,Coupe,GT2/GT2 RS/GT3/GT3 RS,fallback,Porsche 911 2010 Coupe 原子事实对应多条候选记录
非皮卡,高度压缩两两组合,Porsche,911/911,911,/,/,无可用尺码,2007-2009/2018-2019,Coupe/Coupe,GT2/GT3/GT3 RS/GT3,,,2007-2019,Coupe,GT2/GT3/GT3 RS,fallback,Porsche 911 2010 Coupe 原子事实对应多条候选记录
非皮卡,高度压缩两两组合,Porsche,911/911,911,/,/,无可用尺码,2007-2009/2019,Coupe/Coupe,GT2/GT3/GT3 RS/GT3 RS,,,2007-2019,Coupe,GT2/GT3/GT3 RS,fallback,Porsche 911 2010 Coupe 原子事实对应多条候选记录
非皮卡,高度压缩两两组合,Porsche,911/911,911,/,/,无可用尺码,2007-2009/2021-2026,Coupe/Coupe,GT2/GT3/GT3 RS/Turbo,,,2007-2026,Coupe,GT2/GT3/GT3 RS/Turbo,fallback,Porsche 911 2007 Coupe 原子事实对应多条候选记录
非皮卡,高度压缩两两组合,Porsche,911/911,911,/,/,无可用尺码,2007-2009/2022-2024,Coupe/Coupe,GT2/GT3/GT3 RS/GT3/GT3 RS,,,2007-2024,Coupe,GT2/GT3/GT3 RS,fallback,Porsche 911 2010 Coupe 原子事实对应多条候选记录
非皮卡,高度压缩两两组合,Porsche,911/911,911,/,/,无可用尺码,2007-2009/2025,Coupe/Coupe,GT2/GT3/GT3 RS/GT3 RS,,,2007-2025,Coupe,GT2/GT3/GT3 RS,fallback,Porsche 911 2010 Coupe 原子事实对应多条候选记录
非皮卡,高度压缩两两组合,Porsche,911/911,911,/,/,无可用尺码,2007-2012/2010-2011,Coupe/Coupe,GT2 RS/Turbo/GT3,,,2007-2012,Coupe,GT2 RS/GT3/Turbo,fallback,Porsche 911 2007 Coupe 原子事实对应多条候选记录
非皮卡,高度压缩两两组合,Porsche,911/911,911,/,/,无可用尺码,2007-2012/2010-2011,Coupe/Coupe,GT2 RS/Turbo/GT3 RS,,,2007-2012,Coupe,GT2 RS/GT3 RS/Turbo,fallback,Porsche 911 2007 Coupe 原子事实对应多条候选记录
非皮卡,高度压缩两两组合,Porsche,911/911,911,/,/,无可用尺码,2007-2012/2014-2016,Coupe/Coupe,GT2 RS/Turbo/GT3,,,2007-2016,Coupe,GT2 RS/GT3/Turbo,fallback,Porsche 911 2007 Coupe 原子事实对应多条候选记录
非皮卡,高度压缩两两组合,Porsche,911/911,911,/,/,无可用尺码,2007-2012/2014-2019,Coupe/Coupe,GT2 RS/Turbo/Turbo,,,2007-2019,Coupe,GT2 RS/Turbo,fallback,Porsche 911 2018 Coupe 原子事实对应多条候选记录
非皮卡,高度压缩两两组合,Porsche,911/911,911,/,/,无可用尺码,2007-2012/2016,Coupe/Coupe,GT2 RS/Turbo/GT3 RS,,,2007-2016,Coupe,GT2 RS/GT3 RS/Turbo,fallback,Porsche 911 2007 Coupe 原子事实对应多条候选记录
非皮卡,高度压缩两两组合,Porsche,911/911,911,/,/,无可用尺码,2007-2012/2018,Coupe/Coupe,GT2 RS/Turbo/GT2 RS,,,2007-2018,Coupe,GT2 RS/Turbo,fallback,Porsche 911 2014 Coupe 原子事实对应多条候选记录
非皮卡,高度压缩两两组合,Porsche,911/911,911,/,/,无可用尺码,2007-2012/2018-2019,Coupe/Coupe,GT2 RS/Turbo/GT3,,,2007-2019,Coupe,GT2 RS/GT3/Turbo,fallback,Porsche 911 2007 Coupe 原子事实对应多条候选记录
非皮卡,高度压缩两两组合,Porsche,911/911,911,/,/,无可用尺码,2007-2012/2019,Coupe/Coupe,GT2 RS/Turbo/GT3 RS,,,2007-2019,Coupe,GT2 RS/GT3 RS/Turbo,fallback,Porsche 911 2007 Coupe 原子事实对应多条候选记录
非皮卡,高度压缩两两组合,Porsche,911/911,911,/,/,无可用尺码,2007-2012/2021-2026,Coupe/Coupe,GT2 RS/Turbo/Turbo,,,2007-2026,Coupe,GT2 RS/Turbo,fallback,Porsche 911 2014 Coupe 原子事实对应多条候选记录
非皮卡,高度压缩两两组合,Porsche,911/911,911,/,/,无可用尺码,2007-2012/2022-2024,Coupe/Coupe,GT2 RS/Turbo/GT3/GT3 RS,,,2007-2024,Coupe,GT2 RS/GT3/GT3 RS/Turbo,fallback,Porsche 911 2007 Coupe 原子事实对应多条候选记录
非皮卡,高度压缩两两组合,Porsche,911/911,911,/,/,无可用尺码,2007-2012/2025,Coupe/Coupe,GT2 RS/Turbo/GT3 RS,,,2007-2025,Coupe,GT2 RS/GT3 RS/Turbo,fallback,Porsche 911 2007 Coupe 原子事实对应多条候选记录
非皮卡,高度压缩两两组合,Porsche,911/911,911,/,/,无可用尺码,2010-2011/2010-2011,Coupe/Coupe,GT3/GT3 RS,,,2010-2011,Coupe,GT3/GT3 RS,success,
非皮卡,高度压缩两两组合,Porsche,911/911,911,/,/,无可用尺码,1965-2026/1976-2005,Convertible/Coupe/Targa/Coupe,Incl: Dakar/Speedster/GT2/GT3/GT3 RS/Turbo,,,1965-2026,Convertible/Coupe/Targa,Incl: Dakar/GT2/GT3/GT3 RS/Speedster/Turbo,fallback,Porsche 911 2007 Coupe 原子事实对应多条候选记录
非皮卡,高度压缩两两组合,Porsche,911/911,911,/,/,无可用尺码,1965-2026/2007-2009,Convertible/Coupe/Targa/Coupe,Incl: Dakar/Speedster/GT2/GT3/GT3 RS,,,1965-2026,Convertible/Coupe/Targa,Incl: Dakar/GT2/GT3/GT3 RS/Speedster,fallback,Porsche 911 2002 Coupe 原子事实对应多条候选记录
非皮卡,高度压缩两两组合,Porsche,911/911,911,/,/,无可用尺码,1965-2026/2007-2012,Convertible/Coupe/Targa/Coupe,Incl: Dakar/Speedster/GT2 RS/Turbo,,,1965-2026,Convertible/Coupe/Targa,Incl: Dakar/GT2 RS/Speedster/Turbo,fallback,Porsche 911 1976 Coupe 原子事实对应多条候选记录
非皮卡,高度压缩两两组合,Porsche,911/911,911,/,/,无可用尺码,1965-2026/2010-2011,Convertible/Coupe/Targa/Coupe,Incl: Dakar/Speedster/GT3/GT3 RS,,,1965-2026,Convertible/Coupe/Targa,Incl: Dakar/GT3/GT3 RS/Speedster,fallback,Porsche 911 2004 Coupe 原子事实对应多条候选记录
非皮卡,高度压缩两两组合,Porsche,911/911,911,/,/,无可用尺码,1965-2026/2014-2016,Convertible/Coupe/Targa/Coupe,Incl: Dakar/Speedster/GT3,,,1965-2026,Convertible/Coupe/Targa,Incl: Dakar/GT3/Speedster,fallback,Porsche 911 2004 Coupe 原子事实对应多条候选记录
非皮卡,高度压缩两两组合,Porsche,911/911,911,/,/,无可用尺码,1965-2026/2014-2019,Convertible/Coupe/Targa/Coupe,Incl: Dakar/Speedster/Turbo,,,1965-2026,Convertible/Coupe/Targa,Incl: Dakar/Speedster/Turbo,fallback,Porsche 911 1976 Coupe 原子事实对应多条候选记录
非皮卡,高度压缩两两组合,Porsche,911/911,911,/,/,无可用尺码,1965-2026/2016,Convertible/Coupe/Targa/Coupe,Incl: Dakar/Speedster/GT3 RS,,,1965-2026,Convertible/Coupe/Targa,Incl: Dakar/GT3 RS/Speedster,fallback,Porsche 911 2004 Coupe 原子事实对应多条候选记录
非皮卡,高度压缩两两组合,Porsche,911/911,911,/,/,无可用尺码,1965-2026/2018,Convertible/Coupe/Targa/Coupe,Incl: Dakar/Speedster/GT2 RS,,,1965-2026,Convertible/Coupe/Targa,Incl: Dakar/GT2 RS/Speedster,fallback,Porsche 911 2011 Coupe 原子事实对应多条候选记录
非皮卡,高度压缩两两组合,Porsche,911/911,911,/,/,无可用尺码,1965-2026/2018-2019,Convertible/Coupe/Targa/Coupe,Incl: Dakar/Speedster/GT3,,,1965-2026,Convertible/Coupe/Targa,Incl: Dakar/GT3/Speedster,fallback,Porsche 911 2004 Coupe 原子事实对应多条候选记录
非皮卡,高度压缩两两组合,Porsche,911/911,911,/,/,无可用尺码,1965-2026/2019,Convertible/Coupe/Targa/Coupe,Incl: Dakar/Speedster/GT3 RS,,,1965-2026,Convertible/Coupe/Targa,Incl: Dakar/GT3 RS/Speedster,fallback,Porsche 911 2004 Coupe 原子事实对应多条候选记录
非皮卡,高度压缩两两组合,Porsche,911/911,911,/,/,无可用尺码,1965-2026/2021-2026,Convertible/Coupe/Targa/Coupe,Incl: Dakar/Speedster/Turbo,,,1965-2026,Convertible/Coupe/Targa,Incl: Dakar/Speedster/Turbo,fallback,Porsche 911 1976 Coupe 原子事实对应多条候选记录
非皮卡,高度压缩两两组合,Porsche,911/911,911,/,/,无可用尺码,1965-2026/2022-2024,Convertible/Coupe/Targa/Coupe,Incl: Dakar/Speedster/GT3/GT3 RS,,,1965-2026,Convertible/Coupe/Targa,Incl: Dakar/GT3/GT3 RS/Speedster,fallback,Porsche 911 2004 Coupe 原子事实对应多条候选记录
非皮卡,高度压缩两两组合,Porsche,911/911,911,/,/,无可用尺码,1965-2026/2025,Convertible/Coupe/Targa/Coupe,Incl: Dakar/Speedster/GT3 RS,,,1965-2026,Convertible/Coupe/Targa,Incl: Dakar/GT3 RS/Speedster,fallback,Porsche 911 2004 Coupe 原子事实对应多条候选记录
非皮卡,高度压缩两两组合,Porsche,911/911,911,/,/,无可用尺码,1976-2005/2007-2009,Coupe/Coupe,GT2/GT3/GT3 RS/Turbo/GT2/GT3/GT3 RS,,,1976-2009,Coupe,GT2/GT3/GT3 RS/Turbo,fallback,Porsche 911 2007 Coupe 原子事实对应多条候选记录
非皮卡,高度压缩两两组合,Porsche,911/911,911,/,/,无可用尺码,1976-2005/2007-2012,Coupe/Coupe,GT2/GT3/GT3 RS/Turbo/GT2 RS/Turbo,,,1976-2012,Coupe,GT2/GT2 RS/GT3/GT3 RS/Turbo,fallback,Porsche 911 2007 Coupe 原子事实对应多条候选记录
非皮卡,高度压缩两两组合,Porsche,911/911,911,/,/,无可用尺码,1976-2005/2010-2011,Coupe/Coupe,GT2/GT3/GT3 RS/Turbo/GT3/GT3 RS,,,1976-2011,Coupe,GT2/GT3/GT3 RS/Turbo,fallback,Porsche 911 2007 Coupe 原子事实对应多条候选记录
非皮卡,高度压缩两两组合,Porsche,911/911,911,/,/,无可用尺码,1976-2005/2014-2016,Coupe/Coupe,GT2/GT3/GT3 RS/Turbo/GT3,,,1976-2016,Coupe,GT2/GT3/GT3 RS/Turbo,fallback,Porsche 911 2007 Coupe 原子事实对应多条候选记录
非皮卡,高度压缩两两组合,Porsche,911/911,911,/,/,无可用尺码,1976-2005/2014-2019,Coupe/Coupe,GT2/GT3/GT3 RS/Turbo/Turbo,,,1976-2019,Coupe,GT2/GT3/GT3 RS/Turbo,fallback,Porsche 911 2007 Coupe 原子事实对应多条候选记录
非皮卡,高度压缩两两组合,Porsche,911/911,911,/,/,无可用尺码,1976-2005/2016,Coupe/Coupe,GT2/GT3/GT3 RS/Turbo/GT3 RS,,,1976-2016,Coupe,GT2/GT3/GT3 RS/Turbo,fallback,Porsche 911 2007 Coupe 原子事实对应多条候选记录
非皮卡,高度压缩两两组合,Porsche,911/911,911,/,/,无可用尺码,1976-2005/2018,Coupe/Coupe,GT2/GT3/GT3 RS/Turbo/GT2 RS,,,1976-2018,Coupe,GT2/GT2 RS/GT3/GT3 RS/Turbo,fallback,Porsche 911 2007 Coupe 原子事实对应多条候选记录
非皮卡,高度压缩两两组合,Porsche,911/911,911,/,/,无可用尺码,1976-2005/2018-2019,Coupe/Coupe,GT2/GT3/GT3 RS/Turbo/GT3,,,1976-2019,Coupe,GT2/GT3/GT3 RS/Turbo,fallback,Porsche 911 2007 Coupe 原子事实对应多条候选记录
非皮卡,高度压缩两两组合,Porsche,911/911,911,/,/,无可用尺码,1976-2005/2019,Coupe/Coupe,GT2/GT3/GT3 RS/Turbo/GT3 RS,,,1976-2019,Coupe,GT2/GT3/GT3 RS/Turbo,fallback,Porsche 911 2007 Coupe 原子事实对应多条候选记录
非皮卡,高度压缩两两组合,Porsche,911/911,911,/,/,无可用尺码,1976-2005/2021-2026,Coupe/Coupe,GT2/GT3/GT3 RS/Turbo/Turbo,,,1976-2026,Coupe,GT2/GT3/GT3 RS/Turbo,fallback,Porsche 911 2007 Coupe 原子事实对应多条候选记录
非皮卡,高度压缩两两组合,Porsche,911/911,911,/,/,无可用尺码,1976-2005/2022-2024,Coupe/Coupe,GT2/GT3/GT3 RS/Turbo/GT3/GT3 RS,,,1976-2024,Coupe,GT2/GT3/GT3 RS/Turbo,fallback,Porsche 911 2007 Coupe 原子事实对应多条候选记录
非皮卡,高度压缩两两组合,Porsche,911/911,911,/,/,无可用尺码,1976-2005/2025,Coupe/Coupe,GT2/GT3/GT3 RS/Turbo/GT3 RS,,,1976-2025,Coupe,GT2/GT3/GT3 RS/Turbo,fallback,Porsche 911 2007 Coupe 原子事实对应多条候选记录
非皮卡,高度压缩两两组合,Porsche,911/911,911,/,/,无可用尺码,2007-2009/2007-2012,Coupe/Coupe,GT2/GT3/GT3 RS/GT2 RS/Turbo,,,2007-2012,Coupe,GT2/GT2 RS/GT3/GT3 RS/Turbo,fallback,Porsche 911 2010 Coupe 原子事实对应多条候选记录
非皮卡,高度压缩两两组合,Porsche,911/911,911,/,/,无可用尺码,2007-2009/2010-2011,Coupe/Coupe,GT2/GT3/GT3 RS/GT3/GT3 RS,,,2007-2011,Coupe,GT2/GT3/GT3 RS,success,
非皮卡,高度压缩两两组合,Porsche,911/911,911,/,/,无可用尺码,1965-2026/1976-2005,Convertible/Coupe/Targa/Coupe,Incl: Dakar/Speedster/GT2/GT3/GT3 RS/Turbo,,,1965-2026,Convertible/Coupe/Targa,Incl: Dakar/GT2/GT3/GT3 RS/Speedster/Turbo,fallback,Porsche 911 2007 Coupe 原子事实对应多条候选记录
非皮卡,高度压缩两两组合,Porsche,911/911,911,/,/,无可用尺码,1965-2026/2007-2011,Convertible/Coupe/Targa/Coupe,Incl: Dakar/Speedster/GT2/GT3/GT3 RS,,,1965-2026,Convertible/Coupe/Targa,Incl: Dakar/GT2/GT3/GT3 RS/Speedster,fallback,Porsche 911 2002 Coupe 原子事实对应多条候选记录
非皮卡,高度压缩两两组合,Porsche,911/911,911,/,/,无可用尺码,1965-2026/2007-2012,Convertible/Coupe/Targa/Coupe,Incl: Dakar/Speedster/GT2 RS/Turbo,,,1965-2026,Convertible/Coupe/Targa,Incl: Dakar/GT2 RS/Speedster/Turbo,fallback,Porsche 911 1976 Coupe 原子事实对应多条候选记录
非皮卡,高度压缩两两组合,Porsche,911/911,911,/,/,无可用尺码,1965-2026/2014-2016,Convertible/Coupe/Targa/Coupe,Incl: Dakar/Speedster/GT3,,,1965-2026,Convertible/Coupe/Targa,Incl: Dakar/GT3/Speedster,fallback,Porsche 911 2004 Coupe 原子事实对应多条候选记录
非皮卡,高度压缩两两组合,Porsche,911/911,911,/,/,无可用尺码,1965-2026/2014-2019,Convertible/Coupe/Targa/Coupe,Incl: Dakar/Speedster/Turbo,,,1965-2026,Convertible/Coupe/Targa,Incl: Dakar/Speedster/Turbo,fallback,Porsche 911 1976 Coupe 原子事实对应多条候选记录
非皮卡,高度压缩两两组合,Porsche,911/911,911,/,/,无可用尺码,1965-2026/2016,Convertible/Coupe/Targa/Coupe,Incl: Dakar/Speedster/GT3 RS,,,1965-2026,Convertible/Coupe/Targa,Incl: Dakar/GT3 RS/Speedster,fallback,Porsche 911 2004 Coupe 原子事实对应多条候选记录
非皮卡,高度压缩两两组合,Porsche,911/911,911,/,/,无可用尺码,1965-2026/2018,Convertible/Coupe/Targa/Coupe,Incl: Dakar/Speedster/GT2 RS,,,1965-2026,Convertible/Coupe/Targa,Incl: Dakar/GT2 RS/Speedster,fallback,Porsche 911 2011 Coupe 原子事实对应多条候选记录
非皮卡,高度压缩两两组合,Porsche,911/911,911,/,/,无可用尺码,1965-2026/2018-2019,Convertible/Coupe/Targa/Coupe,Incl: Dakar/Speedster/GT3,,,1965-2026,Convertible/Coupe/Targa,Incl: Dakar/GT3/Speedster,fallback,Porsche 911 2004 Coupe 原子事实对应多条候选记录
非皮卡,高度压缩两两组合,Porsche,911/911,911,/,/,无可用尺码,1965-2026/2019,Convertible/Coupe/Targa/Coupe,Incl: Dakar/Speedster/GT3 RS,,,1965-2026,Convertible/Coupe/Targa,Incl: Dakar/GT3 RS/Speedster,fallback,Porsche 911 2004 Coupe 原子事实对应多条候选记录
非皮卡,高度压缩两两组合,Porsche,911/911,911,/,/,无可用尺码,1965-2026/2021-2026,Convertible/Coupe/Targa/Coupe,Incl: Dakar/Speedster/Turbo,,,1965-2026,Convertible/Coupe/Targa,Incl: Dakar/Speedster/Turbo,fallback,Porsche 911 1976 Coupe 原子事实对应多条候选记录
非皮卡,高度压缩两两组合,Porsche,911/911,911,/,/,无可用尺码,1965-2026/2022-2024,Convertible/Coupe/Targa/Coupe,Incl: Dakar/Speedster/GT3/GT3 RS,,,1965-2026,Convertible/Coupe/Targa,Incl: Dakar/GT3/GT3 RS/Speedster,fallback,Porsche 911 2004 Coupe 原子事实对应多条候选记录
非皮卡,高度压缩两两组合,Porsche,911/911,911,/,/,无可用尺码,1965-2026/2025,Convertible/Coupe/Targa/Coupe,Incl: Dakar/Speedster/GT3 RS,,,1965-2026,Convertible/Coupe/Targa,Incl: Dakar/GT3 RS/Speedster,fallback,Porsche 911 2004 Coupe 原子事实对应多条候选记录
非皮卡,高度压缩两两组合,Porsche,911/911,911,/,/,无可用尺码,1976-2005/2007-2011,Coupe/Coupe,GT2/GT3/GT3 RS/Turbo/GT2/GT3/GT3 RS,,,1976-2011,Coupe,GT2/GT3/GT3 RS/Turbo,fallback,Porsche 911 2007 Coupe 原子事实对应多条候选记录
非皮卡,高度压缩两两组合,Porsche,911/911,911,/,/,无可用尺码,1976-2005/2007-2012,Coupe/Coupe,GT2/GT3/GT3 RS/Turbo/GT2 RS/Turbo,,,1976-2012,Coupe,GT2/GT2 RS/GT3/GT3 RS/Turbo,fallback,Porsche 911 2007 Coupe 原子事实对应多条候选记录
非皮卡,高度压缩两两组合,Porsche,911/911,911,/,/,无可用尺码,1976-2005/2014-2016,Coupe/Coupe,GT2/GT3/GT3 RS/Turbo/GT3,,,1976-2016,Coupe,GT2/GT3/GT3 RS/Turbo,fallback,Porsche 911 2007 Coupe 原子事实对应多条候选记录
非皮卡,高度压缩两两组合,Porsche,911/911,911,/,/,无可用尺码,1976-2005/2014-2019,Coupe/Coupe,GT2/GT3/GT3 RS/Turbo/Turbo,,,1976-2019,Coupe,GT2/GT3/GT3 RS/Turbo,fallback,Porsche 911 2007 Coupe 原子事实对应多条候选记录
非皮卡,高度压缩两两组合,Porsche,911/911,911,/,/,无可用尺码,1976-2005/2016,Coupe/Coupe,GT2/GT3/GT3 RS/Turbo/GT3 RS,,,1976-2016,Coupe,GT2/GT3/GT3 RS/Turbo,fallback,Porsche 911 2007 Coupe 原子事实对应多条候选记录
非皮卡,高度压缩两两组合,Porsche,911/911,911,/,/,无可用尺码,1976-2005/2018,Coupe/Coupe,GT2/GT3/GT3 RS/Turbo/GT2 RS,,,1976-2018,Coupe,GT2/GT2 RS/GT3/GT3 RS/Turbo,fallback,Porsche 911 2007 Coupe 原子事实对应多条候选记录
非皮卡,高度压缩两两组合,Porsche,911/911,911,/,/,无可用尺码,1976-2005/2018-2019,Coupe/Coupe,GT2/GT3/GT3 RS/Turbo/GT3,,,1976-2019,Coupe,GT2/GT3/GT3 RS/Turbo,fallback,Porsche 911 2007 Coupe 原子事实对应多条候选记录
非皮卡,高度压缩两两组合,Porsche,911/911,911,/,/,无可用尺码,1976-2005/2019,Coupe/Coupe,GT2/GT3/GT3 RS/Turbo/GT3 RS,,,1976-2019,Coupe,GT2/GT3/GT3 RS/Turbo,fallback,Porsche 911 2007 Coupe 原子事实对应多条候选记录
非皮卡,高度压缩两两组合,Porsche,911/911,911,/,/,无可用尺码,1976-2005/2021-2026,Coupe/Coupe,GT2/GT3/GT3 RS/Turbo/Turbo,,,1976-2026,Coupe,GT2/GT3/GT3 RS/Turbo,fallback,Porsche 911 2007 Coupe 原子事实对应多条候选记录
非皮卡,高度压缩两两组合,Porsche,911/911,911,/,/,无可用尺码,1976-2005/2022-2024,Coupe/Coupe,GT2/GT3/GT3 RS/Turbo/GT3/GT3 RS,,,1976-2024,Coupe,GT2/GT3/GT3 RS/Turbo,fallback,Porsche 911 2007 Coupe 原子事实对应多条候选记录
非皮卡,高度压缩两两组合,Porsche,911/911,911,/,/,无可用尺码,1976-2005/2025,Coupe/Coupe,GT2/GT3/GT3 RS/Turbo/GT3 RS,,,1976-2025,Coupe,GT2/GT3/GT3 RS/Turbo,fallback,Porsche 911 2007 Coupe 原子事实对应多条候选记录
非皮卡,高度压缩两两组合,Porsche,911/911,911,/,/,无可用尺码,2007-2011/2007-2012,Coupe/Coupe,GT2/GT3/GT3 RS/GT2 RS/Turbo,,,2007-2012,Coupe,GT2/GT2 RS/GT3/GT3 RS/Turbo,success,
非皮卡,高度压缩两两组合,Porsche,911/911,911,/,/,无可用尺码,1965-2026/1976-2005,Convertible/Coupe/Targa/Coupe,Incl: Dakar/Speedster/GT2/GT3/GT3 RS/Turbo,,,1965-2026,Convertible/Coupe/Targa,Incl: Dakar/GT2/GT3/GT3 RS/Speedster/Turbo,fallback,Porsche 911 2007 Coupe 原子事实对应多条候选记录
非皮卡,高度压缩两两组合,Porsche,911/911,911,/,/,无可用尺码,1965-2026/2007-2012,Convertible/Coupe/Targa/Coupe,Incl: Dakar/Speedster/GT2/GT2 RS/GT3/GT3 RS/Turbo,,,1965-2026,Convertible/Coupe/Targa,Incl: Dakar/GT2/GT2 RS/GT3/GT3 RS/Speedster/Turbo,fallback,Porsche 911 1976 Coupe 原子事实对应多条候选记录
非皮卡,高度压缩两两组合,Porsche,911/911,911,/,/,无可用尺码,1965-2026/2014-2016,Convertible/Coupe/Targa/Coupe,Incl: Dakar/Speedster/GT3,,,1965-2026,Convertible/Coupe/Targa,Incl: Dakar/GT3/Speedster,fallback,Porsche 911 2004 Coupe 原子事实对应多条候选记录
非皮卡,高度压缩两两组合,Porsche,911/911,911,/,/,无可用尺码,1965-2026/2014-2019,Convertible/Coupe/Targa/Coupe,Incl: Dakar/Speedster/Turbo,,,1965-2026,Convertible/Coupe/Targa,Incl: Dakar/Speedster/Turbo,fallback,Porsche 911 1976 Coupe 原子事实对应多条候选记录
非皮卡,高度压缩两两组合,Porsche,911/911,911,/,/,无可用尺码,1965-2026/2016,Convertible/Coupe/Targa/Coupe,Incl: Dakar/Speedster/GT3 RS,,,1965-2026,Convertible/Coupe/Targa,Incl: Dakar/GT3 RS/Speedster,fallback,Porsche 911 2004 Coupe 原子事实对应多条候选记录
非皮卡,高度压缩两两组合,Porsche,911/911,911,/,/,无可用尺码,1965-2026/2018,Convertible/Coupe/Targa/Coupe,Incl: Dakar/Speedster/GT2 RS,,,1965-2026,Convertible/Coupe/Targa,Incl: Dakar/GT2 RS/Speedster,fallback,Porsche 911 2011 Coupe 原子事实对应多条候选记录
非皮卡,高度压缩两两组合,Porsche,911/911,911,/,/,无可用尺码,1965-2026/2018-2019,Convertible/Coupe/Targa/Coupe,Incl: Dakar/Speedster/GT3,,,1965-2026,Convertible/Coupe/Targa,Incl: Dakar/GT3/Speedster,fallback,Porsche 911 2004 Coupe 原子事实对应多条候选记录
非皮卡,高度压缩两两组合,Porsche,911/911,911,/,/,无可用尺码,1965-2026/2019,Convertible/Coupe/Targa/Coupe,Incl: Dakar/Speedster/GT3 RS,,,1965-2026,Convertible/Coupe/Targa,Incl: Dakar/GT3 RS/Speedster,fallback,Porsche 911 2004 Coupe 原子事实对应多条候选记录
非皮卡,高度压缩两两组合,Porsche,911/911,911,/,/,无可用尺码,1965-2026/2021-2026,Convertible/Coupe/Targa/Coupe,Incl: Dakar/Speedster/Turbo,,,1965-2026,Convertible/Coupe/Targa,Incl: Dakar/Speedster/Turbo,fallback,Porsche 911 1976 Coupe 原子事实对应多条候选记录
非皮卡,高度压缩两两组合,Porsche,911/911,911,/,/,无可用尺码,1965-2026/2022-2024,Convertible/Coupe/Targa/Coupe,Incl: Dakar/Speedster/GT3/GT3 RS,,,1965-2026,Convertible/Coupe/Targa,Incl: Dakar/GT3/GT3 RS/Speedster,fallback,Porsche 911 2004 Coupe 原子事实对应多条候选记录
非皮卡,高度压缩两两组合,Porsche,911/911,911,/,/,无可用尺码,1965-2026/2025,Convertible/Coupe/Targa/Coupe,Incl: Dakar/Speedster/GT3 RS,,,1965-2026,Convertible/Coupe/Targa,Incl: Dakar/GT3 RS/Speedster,fallback,Porsche 911 2004 Coupe 原子事实对应多条候选记录
非皮卡,高度压缩两两组合,Porsche,911/911,911,/,/,无可用尺码,1976-2005/2007-2012,Coupe/Coupe,GT2/GT3/GT3 RS/Turbo/GT2/GT2 RS/GT3/GT3 RS/Turbo,,,1976-2012,Coupe,GT2/GT2 RS/GT3/GT3 RS/Turbo,success,
非皮卡,高度压缩两两组合,Porsche,911/911,911,/,/,无可用尺码,1965-2026/1976-2012,Convertible/Coupe/Targa/Coupe,Incl: Dakar/Speedster/GT2/GT2 RS/GT3/GT3 RS/Turbo,,,1965-2026,Convertible/Coupe/Targa,Incl: Dakar/GT2/GT2 RS/GT3/GT3 RS/Speedster/Turbo,fallback,Porsche 911 2014 Coupe 原子事实对应多条候选记录
非皮卡,高度压缩两两组合,Porsche,911/911,911,/,/,无可用尺码,1965-2026/2014-2016,Convertible/Coupe/Targa/Coupe,Incl: Dakar/Speedster/GT3,,,1965-2026,Convertible/Coupe/Targa,Incl: Dakar/GT3/Speedster,fallback,Porsche 911 2004 Coupe 原子事实对应多条候选记录
非皮卡,高度压缩两两组合,Porsche,911/911,911,/,/,无可用尺码,1965-2026/2014-2019,Convertible/Coupe/Targa/Coupe,Incl: Dakar/Speedster/Turbo,,,1965-2026,Convertible/Coupe/Targa,Incl: Dakar/Speedster/Turbo,fallback,Porsche 911 1976 Coupe 原子事实对应多条候选记录
非皮卡,高度压缩两两组合,Porsche,911/911,911,/,/,无可用尺码,1965-2026/2016,Convertible/Coupe/Targa/Coupe,Incl: Dakar/Speedster/GT3 RS,,,1965-2026,Convertible/Coupe/Targa,Incl: Dakar/GT3 RS/Speedster,fallback,Porsche 911 2004 Coupe 原子事实对应多条候选记录
非皮卡,高度压缩两两组合,Porsche,911/911,911,/,/,无可用尺码,1965-2026/2018,Convertible/Coupe/Targa/Coupe,Incl: Dakar/Speedster/GT2 RS,,,1965-2026,Convertible/Coupe/Targa,Incl: Dakar/GT2 RS/Speedster,fallback,Porsche 911 2011 Coupe 原子事实对应多条候选记录
非皮卡,高度压缩两两组合,Porsche,911/911,911,/,/,无可用尺码,1965-2026/2018-2019,Convertible/Coupe/Targa/Coupe,Incl: Dakar/Speedster/GT3,,,1965-2026,Convertible/Coupe/Targa,Incl: Dakar/GT3/Speedster,fallback,Porsche 911 2004 Coupe 原子事实对应多条候选记录
非皮卡,高度压缩两两组合,Porsche,911/911,911,/,/,无可用尺码,1965-2026/2019,Convertible/Coupe/Targa/Coupe,Incl: Dakar/Speedster/GT3 RS,,,1965-2026,Convertible/Coupe/Targa,Incl: Dakar/GT3 RS/Speedster,fallback,Porsche 911 2004 Coupe 原子事实对应多条候选记录
非皮卡,高度压缩两两组合,Porsche,911/911,911,/,/,无可用尺码,1965-2026/2021-2026,Convertible/Coupe/Targa/Coupe,Incl: Dakar/Speedster/Turbo,,,1965-2026,Convertible/Coupe/Targa,Incl: Dakar/Speedster/Turbo,fallback,Porsche 911 1976 Coupe 原子事实对应多条候选记录
非皮卡,高度压缩两两组合,Porsche,911/911,911,/,/,无可用尺码,1965-2026/2022-2024,Convertible/Coupe/Targa/Coupe,Incl: Dakar/Speedster/GT3/GT3 RS,,,1965-2026,Convertible/Coupe/Targa,Incl: Dakar/GT3/GT3 RS/Speedster,fallback,Porsche 911 2004 Coupe 原子事实对应多条候选记录
非皮卡,高度压缩两两组合,Porsche,911/911,911,/,/,无可用尺码,1965-2026/2025,Convertible/Coupe/Targa/Coupe,Incl: Dakar/Speedster/GT3 RS,,,1965-2026,Convertible/Coupe/Targa,Incl: Dakar/GT3 RS/Speedster,fallback,Porsche 911 2004 Coupe 原子事实对应多条候选记录
非皮卡,高度压缩两两组合,Porsche,911/911,911,/,/,无可用尺码,1976-2012/2014-2016,Coupe/Coupe,GT2/GT2 RS/GT3/GT3 RS/Turbo/GT3,,,1976-2016,Coupe,GT2/GT2 RS/GT3/GT3 RS/Turbo,fallback,Porsche 911 2014 Coupe 原子事实对应多条候选记录
非皮卡,高度压缩两两组合,Porsche,911/911,911,/,/,无可用尺码,1976-2012/2014-2019,Coupe/Coupe,GT2/GT2 RS/GT3/GT3 RS/Turbo/Turbo,,,1976-2019,Coupe,GT2/GT2 RS/GT3/GT3 RS/Turbo,fallback,Porsche 911 2014 Coupe 原子事实对应多条候选记录
非皮卡,高度压缩两两组合,Porsche,911/911,911,/,/,无可用尺码,1976-2012/2016,Coupe/Coupe,GT2/GT2 RS/GT3/GT3 RS/Turbo/GT3 RS,,,1976-2016,Coupe,GT2/GT2 RS/GT3/GT3 RS/Turbo,fallback,Porsche 911 2014 Coupe 原子事实对应多条候选记录
非皮卡,高度压缩两两组合,Porsche,911/911,911,/,/,无可用尺码,1976-2012/2018,Coupe/Coupe,GT2/GT2 RS/GT3/GT3 RS/Turbo/GT2 RS,,,1976-2018,Coupe,GT2/GT2 RS/GT3/GT3 RS/Turbo,fallback,Porsche 911 2014 Coupe 原子事实对应多条候选记录
非皮卡,高度压缩两两组合,Porsche,911/911,911,/,/,无可用尺码,1976-2012/2018-2019,Coupe/Coupe,GT2/GT2 RS/GT3/GT3 RS/Turbo/GT3,,,1976-2019,Coupe,GT2/GT2 RS/GT3/GT3 RS/Turbo,fallback,Porsche 911 2014 Coupe 原子事实对应多条候选记录
非皮卡,高度压缩两两组合,Porsche,911/911,911,/,/,无可用尺码,1976-2012/2019,Coupe/Coupe,GT2/GT2 RS/GT3/GT3 RS/Turbo/GT3 RS,,,1976-2019,Coupe,GT2/GT2 RS/GT3/GT3 RS/Turbo,fallback,Porsche 911 2014 Coupe 原子事实对应多条候选记录
非皮卡,高度压缩两两组合,Porsche,911/911,911,/,/,无可用尺码,1976-2012/2021-2026,Coupe/Coupe,GT2/GT2 RS/GT3/GT3 RS/Turbo/Turbo,,,1976-2026,Coupe,GT2/GT2 RS/GT3/GT3 RS/Turbo,fallback,Porsche 911 2014 Coupe 原子事实对应多条候选记录
非皮卡,高度压缩两两组合,Porsche,911/911,911,/,/,无可用尺码,1976-2012/2022-2024,Coupe/Coupe,GT2/GT2 RS/GT3/GT3 RS/Turbo/GT3/GT3 RS,,,1976-2024,Coupe,GT2/GT2 RS/GT3/GT3 RS/Turbo,fallback,Porsche 911 2014 Coupe 原子事实对应多条候选记录
非皮卡,高度压缩两两组合,Porsche,911/911,911,/,/,无可用尺码,1976-2012/2025,Coupe/Coupe,GT2/GT2 RS/GT3/GT3 RS/Turbo/GT3 RS,,,1976-2025,Coupe,GT2/GT2 RS/GT3/GT3 RS/Turbo,fallback,Porsche 911 2014 Coupe 原子事实对应多条候选记录
非皮卡,高度压缩两两组合,Porsche,911/911,911,/,/,无可用尺码,2014-2016/2014-2019,Coupe/Coupe,GT3/Turbo,,,2014-2019,Coupe,GT3/Turbo,fallback,Porsche 911 2018 Coupe 原子事实对应多条候选记录
非皮卡,高度压缩两两组合,Porsche,911/911,911,/,/,无可用尺码,2014-2016/2016,Coupe/Coupe,GT3/GT3 RS,,,2014-2016,Coupe,GT3/GT3 RS,success,
非皮卡,高度压缩两两组合,Porsche,911/911,911,/,/,无可用尺码,1965-2026/1976-2012,Convertible/Coupe/Targa/Coupe,Incl: Dakar/Speedster/GT2/GT2 RS/GT3/GT3 RS/Turbo,,,1965-2026,Convertible/Coupe/Targa,Incl: Dakar/GT2/GT2 RS/GT3/GT3 RS/Speedster/Turbo,fallback,Porsche 911 2014 Coupe 原子事实对应多条候选记录
非皮卡,高度压缩两两组合,Porsche,911/911,911,/,/,无可用尺码,1965-2026/2014-2016,Convertible/Coupe/Targa/Coupe,Incl: Dakar/Speedster/GT3/GT3 RS,,,1965-2026,Convertible/Coupe/Targa,Incl: Dakar/GT3/GT3 RS/Speedster,fallback,Porsche 911 2004 Coupe 原子事实对应多条候选记录
非皮卡,高度压缩两两组合,Porsche,911/911,911,/,/,无可用尺码,1965-2026/2014-2019,Convertible/Coupe/Targa/Coupe,Incl: Dakar/Speedster/Turbo,,,1965-2026,Convertible/Coupe/Targa,Incl: Dakar/Speedster/Turbo,fallback,Porsche 911 1976 Coupe 原子事实对应多条候选记录
非皮卡,高度压缩两两组合,Porsche,911/911,911,/,/,无可用尺码,1965-2026/2018,Convertible/Coupe/Targa/Coupe,Incl: Dakar/Speedster/GT2 RS,,,1965-2026,Convertible/Coupe/Targa,Incl: Dakar/GT2 RS/Speedster,fallback,Porsche 911 2011 Coupe 原子事实对应多条候选记录
非皮卡,高度压缩两两组合,Porsche,911/911,911,/,/,无可用尺码,1965-2026/2018-2019,Convertible/Coupe/Targa/Coupe,Incl: Dakar/Speedster/GT3,,,1965-2026,Convertible/Coupe/Targa,Incl: Dakar/GT3/Speedster,fallback,Porsche 911 2004 Coupe 原子事实对应多条候选记录
非皮卡,高度压缩两两组合,Porsche,911/911,911,/,/,无可用尺码,1965-2026/2019,Convertible/Coupe/Targa/Coupe,Incl: Dakar/Speedster/GT3 RS,,,1965-2026,Convertible/Coupe/Targa,Incl: Dakar/GT3 RS/Speedster,fallback,Porsche 911 2004 Coupe 原子事实对应多条候选记录
非皮卡,高度压缩两两组合,Porsche,911/911,911,/,/,无可用尺码,1965-2026/2021-2026,Convertible/Coupe/Targa/Coupe,Incl: Dakar/Speedster/Turbo,,,1965-2026,Convertible/Coupe/Targa,Incl: Dakar/Speedster/Turbo,fallback,Porsche 911 1976 Coupe 原子事实对应多条候选记录
非皮卡,高度压缩两两组合,Porsche,911/911,911,/,/,无可用尺码,1965-2026/2022-2024,Convertible/Coupe/Targa/Coupe,Incl: Dakar/Speedster/GT3/GT3 RS,,,1965-2026,Convertible/Coupe/Targa,Incl: Dakar/GT3/GT3 RS/Speedster,fallback,Porsche 911 2004 Coupe 原子事实对应多条候选记录
非皮卡,高度压缩两两组合,Porsche,911/911,911,/,/,无可用尺码,1965-2026/2025,Convertible/Coupe/Targa/Coupe,Incl: Dakar/Speedster/GT3 RS,,,1965-2026,Convertible/Coupe/Targa,Incl: Dakar/GT3 RS/Speedster,fallback,Porsche 911 2004 Coupe 原子事实对应多条候选记录
非皮卡,高度压缩两两组合,Porsche,911/911,911,/,/,无可用尺码,1976-2012/2014-2016,Coupe/Coupe,GT2/GT2 RS/GT3/GT3 RS/Turbo/GT3/GT3 RS,,,1976-2016,Coupe,GT2/GT2 RS/GT3/GT3 RS/Turbo,fallback,Porsche 911 2014 Coupe 原子事实对应多条候选记录
非皮卡,高度压缩两两组合,Porsche,911/911,911,/,/,无可用尺码,1976-2012/2014-2019,Coupe/Coupe,GT2/GT2 RS/GT3/GT3 RS/Turbo/Turbo,,,1976-2019,Coupe,GT2/GT2 RS/GT3/GT3 RS/Turbo,fallback,Porsche 911 2014 Coupe 原子事实对应多条候选记录
非皮卡,高度压缩两两组合,Porsche,911/911,911,/,/,无可用尺码,1976-2012/2018,Coupe/Coupe,GT2/GT2 RS/GT3/GT3 RS/Turbo/GT2 RS,,,1976-2018,Coupe,GT2/GT2 RS/GT3/GT3 RS/Turbo,fallback,Porsche 911 2014 Coupe 原子事实对应多条候选记录
非皮卡,高度压缩两两组合,Porsche,911/911,911,/,/,无可用尺码,1976-2012/2018-2019,Coupe/Coupe,GT2/GT2 RS/GT3/GT3 RS/Turbo/GT3,,,1976-2019,Coupe,GT2/GT2 RS/GT3/GT3 RS/Turbo,fallback,Porsche 911 2014 Coupe 原子事实对应多条候选记录
非皮卡,高度压缩两两组合,Porsche,911/911,911,/,/,无可用尺码,1976-2012/2019,Coupe/Coupe,GT2/GT2 RS/GT3/GT3 RS/Turbo/GT3 RS,,,1976-2019,Coupe,GT2/GT2 RS/GT3/GT3 RS/Turbo,fallback,Porsche 911 2014 Coupe 原子事实对应多条候选记录
非皮卡,高度压缩两两组合,Porsche,911/911,911,/,/,无可用尺码,1976-2012/2021-2026,Coupe/Coupe,GT2/GT2 RS/GT3/GT3 RS/Turbo/Turbo,,,1976-2026,Coupe,GT2/GT2 RS/GT3/GT3 RS/Turbo,fallback,Porsche 911 2014 Coupe 原子事实对应多条候选记录
非皮卡,高度压缩两两组合,Porsche,911/911,911,/,/,无可用尺码,1976-2012/2022-2024,Coupe/Coupe,GT2/GT2 RS/GT3/GT3 RS/Turbo/GT3/GT3 RS,,,1976-2024,Coupe,GT2/GT2 RS/GT3/GT3 RS/Turbo,fallback,Porsche 911 2014 Coupe 原子事实对应多条候选记录
非皮卡,高度压缩两两组合,Porsche,911/911,911,/,/,无可用尺码,1976-2012/2025,Coupe/Coupe,GT2/GT2 RS/GT3/GT3 RS/Turbo/GT3 RS,,,1976-2025,Coupe,GT2/GT2 RS/GT3/GT3 RS/Turbo,fallback,Porsche 911 2014 Coupe 原子事实对应多条候选记录
非皮卡,高度压缩两两组合,Porsche,911/911,911,/,/,无可用尺码,2014-2016/2014-2019,Coupe/Coupe,GT3/GT3 RS/Turbo,,,2014-2019,Coupe,GT3/GT3 RS/Turbo,fallback,Porsche 911 2018 Coupe 原子事实对应多条候选记录
非皮卡,高度压缩两两组合,Porsche,911/911,911,/,/,无可用尺码,2014-2016/2018,Coupe/Coupe,GT3/GT3 RS/GT2 RS,,,2014-2018,Coupe,GT2 RS/GT3/GT3 RS,fallback,Porsche 911 2018 Coupe 原子事实对应多条候选记录
非皮卡,高度压缩两两组合,Porsche,911/911,911,/,/,无可用尺码,2014-2016/2018-2019,Coupe/Coupe,GT3/GT3 RS/GT3,,,2014-2019,Coupe,GT3/GT3 RS,fallback,Porsche 911 2019 Coupe 原子事实对应多条候选记录
非皮卡,高度压缩两两组合,Porsche,911/911,911,/,/,无可用尺码,2014-2016/2019,Coupe/Coupe,GT3/GT3 RS/GT3 RS,,,2014-2019,Coupe,GT3/GT3 RS,fallback,Porsche 911 2018 Coupe 原子事实对应多条候选记录
非皮卡,高度压缩两两组合,Porsche,911/911,911,/,/,无可用尺码,2014-2016/2021-2026,Coupe/Coupe,GT3/GT3 RS/Turbo,,,2014-2026,Coupe,GT3/GT3 RS/Turbo,fallback,Porsche 911 2014 Coupe 原子事实对应多条候选记录
非皮卡,高度压缩两两组合,Porsche,911/911,911,/,/,无可用尺码,2014-2016/2022-2024,Coupe/Coupe,GT3/GT3 RS/GT3/GT3 RS,,,2014-2024,Coupe,GT3/GT3 RS,fallback,Porsche 911 2018 Coupe 原子事实对应多条候选记录
非皮卡,高度压缩两两组合,Porsche,911/911,911,/,/,无可用尺码,2014-2016/2025,Coupe/Coupe,GT3/GT3 RS/GT3 RS,,,2014-2025,Coupe,GT3/GT3 RS,fallback,Porsche 911 2018 Coupe 原子事实对应多条候选记录
非皮卡,高度压缩两两组合,Porsche,911/911,911,/,/,无可用尺码,2014-2019/2018,Coupe/Coupe,Turbo/GT2 RS,,,2014-2019,Coupe,GT2 RS/Turbo,success,
非皮卡,高度压缩两两组合,Porsche,911/911,911,/,/,无可用尺码,1965-2026/1976-2012,Convertible/Coupe/Targa/Coupe,Incl: Dakar/Speedster/GT2/GT2 RS/GT3/GT3 RS/Turbo,,,1965-2026,Convertible/Coupe/Targa,Incl: Dakar/GT2/GT2 RS/GT3/GT3 RS/Speedster/Turbo,fallback,Porsche 911 2014 Coupe 原子事实对应多条候选记录
非皮卡,高度压缩两两组合,Porsche,911/911,911,/,/,无可用尺码,1965-2026/2014-2016,Convertible/Coupe/Targa/Coupe,Incl: Dakar/Speedster/GT3/GT3 RS,,,1965-2026,Convertible/Coupe/Targa,Incl: Dakar/GT3/GT3 RS/Speedster,fallback,Porsche 911 2004 Coupe 原子事实对应多条候选记录
非皮卡,高度压缩两两组合,Porsche,911/911,911,/,/,无可用尺码,1965-2026/2014-2019,Convertible/Coupe/Targa/Coupe,Incl: Dakar/Speedster/GT2 RS/Turbo,,,1965-2026,Convertible/Coupe/Targa,Incl: Dakar/GT2 RS/Speedster/Turbo,fallback,Porsche 911 1976 Coupe 原子事实对应多条候选记录
非皮卡,高度压缩两两组合,Porsche,911/911,911,/,/,无可用尺码,1965-2026/2018-2019,Convertible/Coupe/Targa/Coupe,Incl: Dakar/Speedster/GT3,,,1965-2026,Convertible/Coupe/Targa,Incl: Dakar/GT3/Speedster,fallback,Porsche 911 2004 Coupe 原子事实对应多条候选记录
非皮卡,高度压缩两两组合,Porsche,911/911,911,/,/,无可用尺码,1965-2026/2019,Convertible/Coupe/Targa/Coupe,Incl: Dakar/Speedster/GT3 RS,,,1965-2026,Convertible/Coupe/Targa,Incl: Dakar/GT3 RS/Speedster,fallback,Porsche 911 2004 Coupe 原子事实对应多条候选记录
非皮卡,高度压缩两两组合,Porsche,911/911,911,/,/,无可用尺码,1965-2026/2021-2026,Convertible/Coupe/Targa/Coupe,Incl: Dakar/Speedster/Turbo,,,1965-2026,Convertible/Coupe/Targa,Incl: Dakar/Speedster/Turbo,fallback,Porsche 911 1976 Coupe 原子事实对应多条候选记录
非皮卡,高度压缩两两组合,Porsche,911/911,911,/,/,无可用尺码,1965-2026/2022-2024,Convertible/Coupe/Targa/Coupe,Incl: Dakar/Speedster/GT3/GT3 RS,,,1965-2026,Convertible/Coupe/Targa,Incl: Dakar/GT3/GT3 RS/Speedster,fallback,Porsche 911 2004 Coupe 原子事实对应多条候选记录
非皮卡,高度压缩两两组合,Porsche,911/911,911,/,/,无可用尺码,1965-2026/2025,Convertible/Coupe/Targa/Coupe,Incl: Dakar/Speedster/GT3 RS,,,1965-2026,Convertible/Coupe/Targa,Incl: Dakar/GT3 RS/Speedster,fallback,Porsche 911 2004 Coupe 原子事实对应多条候选记录
非皮卡,高度压缩两两组合,Porsche,911/911,911,/,/,无可用尺码,1976-2012/2014-2016,Coupe/Coupe,GT2/GT2 RS/GT3/GT3 RS/Turbo/GT3/GT3 RS,,,1976-2016,Coupe,GT2/GT2 RS/GT3/GT3 RS/Turbo,fallback,Porsche 911 2014 Coupe 原子事实对应多条候选记录
非皮卡,高度压缩两两组合,Porsche,911/911,911,/,/,无可用尺码,1976-2012/2014-2019,Coupe/Coupe,GT2/GT2 RS/GT3/GT3 RS/Turbo/GT2 RS/Turbo,,,1976-2019,Coupe,GT2/GT2 RS/GT3/GT3 RS/Turbo,fallback,Porsche 911 2014 Coupe 原子事实对应多条候选记录
非皮卡,高度压缩两两组合,Porsche,911/911,911,/,/,无可用尺码,1976-2012/2018-2019,Coupe/Coupe,GT2/GT2 RS/GT3/GT3 RS/Turbo/GT3,,,1976-2019,Coupe,GT2/GT2 RS/GT3/GT3 RS/Turbo,fallback,Porsche 911 2014 Coupe 原子事实对应多条候选记录
非皮卡,高度压缩两两组合,Porsche,911/911,911,/,/,无可用尺码,1976-2012/2019,Coupe/Coupe,GT2/GT2 RS/GT3/GT3 RS/Turbo/GT3 RS,,,1976-2019,Coupe,GT2/GT2 RS/GT3/GT3 RS/Turbo,fallback,Porsche 911 2014 Coupe 原子事实对应多条候选记录
非皮卡,高度压缩两两组合,Porsche,911/911,911,/,/,无可用尺码,1976-2012/2021-2026,Coupe/Coupe,GT2/GT2 RS/GT3/GT3 RS/Turbo/Turbo,,,1976-2026,Coupe,GT2/GT2 RS/GT3/GT3 RS/Turbo,fallback,Porsche 911 2014 Coupe 原子事实对应多条候选记录
非皮卡,高度压缩两两组合,Porsche,911/911,911,/,/,无可用尺码,1976-2012/2022-2024,Coupe/Coupe,GT2/GT2 RS/GT3/GT3 RS/Turbo/GT3/GT3 RS,,,1976-2024,Coupe,GT2/GT2 RS/GT3/GT3 RS/Turbo,fallback,Porsche 911 2014 Coupe 原子事实对应多条候选记录
非皮卡,高度压缩两两组合,Porsche,911/911,911,/,/,无可用尺码,1976-2012/2025,Coupe/Coupe,GT2/GT2 RS/GT3/GT3 RS/Turbo/GT3 RS,,,1976-2025,Coupe,GT2/GT2 RS/GT3/GT3 RS/Turbo,fallback,Porsche 911 2014 Coupe 原子事实对应多条候选记录
非皮卡,高度压缩两两组合,Porsche,911/911,911,/,/,无可用尺码,2014-2016/2014-2019,Coupe/Coupe,GT3/GT3 RS/GT2 RS/Turbo,,,2014-2019,Coupe,GT2 RS/GT3/GT3 RS/Turbo,fallback,Porsche 911 2018 Coupe 原子事实对应多条候选记录
非皮卡,高度压缩两两组合,Porsche,911/911,911,/,/,无可用尺码,2014-2016/2018-2019,Coupe/Coupe,GT3/GT3 RS/GT3,,,2014-2019,Coupe,GT3/GT3 RS,fallback,Porsche 911 2019 Coupe 原子事实对应多条候选记录
非皮卡,高度压缩两两组合,Porsche,911/911,911,/,/,无可用尺码,2014-2016/2019,Coupe/Coupe,GT3/GT3 RS/GT3 RS,,,2014-2019,Coupe,GT3/GT3 RS,fallback,Porsche 911 2018 Coupe 原子事实对应多条候选记录
非皮卡,高度压缩两两组合,Porsche,911/911,911,/,/,无可用尺码,2014-2016/2021-2026,Coupe/Coupe,GT3/GT3 RS/Turbo,,,2014-2026,Coupe,GT3/GT3 RS/Turbo,fallback,Porsche 911 2014 Coupe 原子事实对应多条候选记录
非皮卡,高度压缩两两组合,Porsche,911/911,911,/,/,无可用尺码,2014-2016/2022-2024,Coupe/Coupe,GT3/GT3 RS/GT3/GT3 RS,,,2014-2024,Coupe,GT3/GT3 RS,fallback,Porsche 911 2018 Coupe 原子事实对应多条候选记录
非皮卡,高度压缩两两组合,Porsche,911/911,911,/,/,无可用尺码,2014-2016/2025,Coupe/Coupe,GT3/GT3 RS/GT3 RS,,,2014-2025,Coupe,GT3/GT3 RS,fallback,Porsche 911 2018 Coupe 原子事实对应多条候选记录
非皮卡,高度压缩两两组合,Porsche,911/911,911,/,/,无可用尺码,2014-2019/2018-2019,Coupe/Coupe,GT2 RS/Turbo/GT3,,,2014-2019,Coupe,GT2 RS/GT3/Turbo,fallback,Porsche 911 2014 Coupe 原子事实对应多条候选记录
非皮卡,高度压缩两两组合,Porsche,911/911,911,/,/,无可用尺码,2014-2019/2019,Coupe/Coupe,GT2 RS/Turbo/GT3 RS,,,2014-2019,Coupe,GT2 RS/GT3 RS/Turbo,fallback,Porsche 911 2016 Coupe 原子事实对应多条候选记录
非皮卡,高度压缩两两组合,Porsche,911/911,911,/,/,无可用尺码,2014-2019/2021-2026,Coupe/Coupe,GT2 RS/Turbo/Turbo,,,2014-2026,Coupe,GT2 RS/Turbo,success,
非皮卡,高度压缩两两组合,Porsche,911/911,911,/,/,无可用尺码,1965-2026/1976-2012,Convertible/Coupe/Targa/Coupe,Incl: Dakar/Speedster/GT2/GT2 RS/GT3/GT3 RS/Turbo,,,1965-2026,Convertible/Coupe/Targa,Incl: Dakar/GT2/GT2 RS/GT3/GT3 RS/Speedster/Turbo,fallback,Porsche 911 2014 Coupe 原子事实对应多条候选记录
非皮卡,高度压缩两两组合,Porsche,911/911,911,/,/,无可用尺码,1965-2026/2014-2016,Convertible/Coupe/Targa/Coupe,Incl: Dakar/Speedster/GT3/GT3 RS,,,1965-2026,Convertible/Coupe/Targa,Incl: Dakar/GT3/GT3 RS/Speedster,fallback,Porsche 911 2004 Coupe 原子事实对应多条候选记录
非皮卡,高度压缩两两组合,Porsche,911/911,911,/,/,无可用尺码,1965-2026/2014-2026,Convertible/Coupe/Targa/Coupe,Incl: Dakar/Speedster/GT2 RS/Turbo,,,1965-2026,Convertible/Coupe/Targa,Incl: Dakar/GT2 RS/Speedster/Turbo,fallback,Porsche 911 1976 Coupe 原子事实对应多条候选记录
非皮卡,高度压缩两两组合,Porsche,911/911,911,/,/,无可用尺码,1965-2026/2018-2019,Convertible/Coupe/Targa/Coupe,Incl: Dakar/Speedster/GT3,,,1965-2026,Convertible/Coupe/Targa,Incl: Dakar/GT3/Speedster,fallback,Porsche 911 2004 Coupe 原子事实对应多条候选记录
非皮卡,高度压缩两两组合,Porsche,911/911,911,/,/,无可用尺码,1965-2026/2019,Convertible/Coupe/Targa/Coupe,Incl: Dakar/Speedster/GT3 RS,,,1965-2026,Convertible/Coupe/Targa,Incl: Dakar/GT3 RS/Speedster,fallback,Porsche 911 2004 Coupe 原子事实对应多条候选记录
非皮卡,高度压缩两两组合,Porsche,911/911,911,/,/,无可用尺码,1965-2026/2022-2024,Convertible/Coupe/Targa/Coupe,Incl: Dakar/Speedster/GT3/GT3 RS,,,1965-2026,Convertible/Coupe/Targa,Incl: Dakar/GT3/GT3 RS/Speedster,fallback,Porsche 911 2004 Coupe 原子事实对应多条候选记录
非皮卡,高度压缩两两组合,Porsche,911/911,911,/,/,无可用尺码,1965-2026/2025,Convertible/Coupe/Targa/Coupe,Incl: Dakar/Speedster/GT3 RS,,,1965-2026,Convertible/Coupe/Targa,Incl: Dakar/GT3 RS/Speedster,fallback,Porsche 911 2004 Coupe 原子事实对应多条候选记录
非皮卡,高度压缩两两组合,Porsche,911/911,911,/,/,无可用尺码,1976-2012/2014-2016,Coupe/Coupe,GT2/GT2 RS/GT3/GT3 RS/Turbo/GT3/GT3 RS,,,1976-2016,Coupe,GT2/GT2 RS/GT3/GT3 RS/Turbo,fallback,Porsche 911 2014 Coupe 原子事实对应多条候选记录
非皮卡,高度压缩两两组合,Porsche,911/911,911,/,/,无可用尺码,1976-2012/2014-2026,Coupe/Coupe,GT2/GT2 RS/GT3/GT3 RS/Turbo/GT2 RS/Turbo,,,1976-2026,Coupe,GT2/GT2 RS/GT3/GT3 RS/Turbo,fallback,Porsche 911 2014 Coupe 原子事实对应多条候选记录
非皮卡,高度压缩两两组合,Porsche,911/911,911,/,/,无可用尺码,1976-2012/2018-2019,Coupe/Coupe,GT2/GT2 RS/GT3/GT3 RS/Turbo/GT3,,,1976-2019,Coupe,GT2/GT2 RS/GT3/GT3 RS/Turbo,fallback,Porsche 911 2014 Coupe 原子事实对应多条候选记录
非皮卡,高度压缩两两组合,Porsche,911/911,911,/,/,无可用尺码,1976-2012/2019,Coupe/Coupe,GT2/GT2 RS/GT3/GT3 RS/Turbo/GT3 RS,,,1976-2019,Coupe,GT2/GT2 RS/GT3/GT3 RS/Turbo,fallback,Porsche 911 2014 Coupe 原子事实对应多条候选记录
非皮卡,高度压缩两两组合,Porsche,911/911,911,/,/,无可用尺码,1976-2012/2022-2024,Coupe/Coupe,GT2/GT2 RS/GT3/GT3 RS/Turbo/GT3/GT3 RS,,,1976-2024,Coupe,GT2/GT2 RS/GT3/GT3 RS/Turbo,fallback,Porsche 911 2014 Coupe 原子事实对应多条候选记录
非皮卡,高度压缩两两组合,Porsche,911/911,911,/,/,无可用尺码,1976-2012/2025,Coupe/Coupe,GT2/GT2 RS/GT3/GT3 RS/Turbo/GT3 RS,,,1976-2025,Coupe,GT2/GT2 RS/GT3/GT3 RS/Turbo,fallback,Porsche 911 2014 Coupe 原子事实对应多条候选记录
非皮卡,高度压缩两两组合,Porsche,911/911,911,/,/,无可用尺码,2014-2016/2014-2026,Coupe/Coupe,GT3/GT3 RS/GT2 RS/Turbo,,,2014-2026,Coupe,GT2 RS/GT3/GT3 RS/Turbo,fallback,Porsche 911 2018 Coupe 原子事实对应多条候选记录
非皮卡,高度压缩两两组合,Porsche,911/911,911,/,/,无可用尺码,2014-2016/2018-2019,Coupe/Coupe,GT3/GT3 RS/GT3,,,2014-2019,Coupe,GT3/GT3 RS,fallback,Porsche 911 2019 Coupe 原子事实对应多条候选记录
非皮卡,高度压缩两两组合,Porsche,911/911,911,/,/,无可用尺码,2014-2016/2019,Coupe/Coupe,GT3/GT3 RS/GT3 RS,,,2014-2019,Coupe,GT3/GT3 RS,fallback,Porsche 911 2018 Coupe 原子事实对应多条候选记录
非皮卡,高度压缩两两组合,Porsche,911/911,911,/,/,无可用尺码,2014-2016/2022-2024,Coupe/Coupe,GT3/GT3 RS/GT3/GT3 RS,,,2014-2024,Coupe,GT3/GT3 RS,fallback,Porsche 911 2018 Coupe 原子事实对应多条候选记录
非皮卡,高度压缩两两组合,Porsche,911/911,911,/,/,无可用尺码,2014-2016/2025,Coupe/Coupe,GT3/GT3 RS/GT3 RS,,,2014-2025,Coupe,GT3/GT3 RS,fallback,Porsche 911 2018 Coupe 原子事实对应多条候选记录
非皮卡,高度压缩两两组合,Porsche,911/911,911,/,/,无可用尺码,2014-2026/2018-2019,Coupe/Coupe,GT2 RS/Turbo/GT3,,,2014-2026,Coupe,GT2 RS/GT3/Turbo,fallback,Porsche 911 2014 Coupe 原子事实对应多条候选记录
非皮卡,高度压缩两两组合,Porsche,911/911,911,/,/,无可用尺码,2014-2026/2019,Coupe/Coupe,GT2 RS/Turbo/GT3 RS,,,2014-2026,Coupe,GT2 RS/GT3 RS/Turbo,fallback,Porsche 911 2016 Coupe 原子事实对应多条候选记录
非皮卡,高度压缩两两组合,Porsche,911/911,911,/,/,无可用尺码,2014-2026/2022-2024,Coupe/Coupe,GT2 RS/Turbo/GT3/GT3 RS,,,2014-2026,Coupe,GT2 RS/GT3/GT3 RS/Turbo,fallback,Porsche 911 2014 Coupe 原子事实对应多条候选记录
非皮卡,高度压缩两两组合,Porsche,911/911,911,/,/,无可用尺码,2014-2026/2025,Coupe/Coupe,GT2 RS/Turbo/GT3 RS,,,2014-2026,Coupe,GT2 RS/GT3 RS/Turbo,fallback,Porsche 911 2016 Coupe 原子事实对应多条候选记录
非皮卡,高度压缩两两组合,Porsche,911/911,911,/,/,无可用尺码,2018-2019/2019,Coupe/Coupe,GT3/GT3 RS,,,2018-2019,Coupe,GT3/GT3 RS,success,
非皮卡,高度压缩两两组合,Porsche,911/911,911,/,/,无可用尺码,1965-2026/1976-2012,Convertible/Coupe/Targa/Coupe,Incl: Dakar/Speedster/GT2/GT2 RS/GT3/GT3 RS/Turbo,,,1965-2026,Convertible/Coupe/Targa,Incl: Dakar/GT2/GT2 RS/GT3/GT3 RS/Speedster/Turbo,fallback,Porsche 911 2014 Coupe 原子事实对应多条候选记录
非皮卡,高度压缩两两组合,Porsche,911/911,911,/,/,无可用尺码,1965-2026/2014-2016,Convertible/Coupe/Targa/Coupe,Incl: Dakar/Speedster/GT3/GT3 RS,,,1965-2026,Convertible/Coupe/Targa,Incl: Dakar/GT3/GT3 RS/Speedster,fallback,Porsche 911 2004 Coupe 原子事实对应多条候选记录
非皮卡,高度压缩两两组合,Porsche,911/911,911,/,/,无可用尺码,1965-2026/2014-2026,Convertible/Coupe/Targa/Coupe,Incl: Dakar/Speedster/GT2 RS/Turbo,,,1965-2026,Convertible/Coupe/Targa,Incl: Dakar/GT2 RS/Speedster/Turbo,fallback,Porsche 911 1976 Coupe 原子事实对应多条候选记录
非皮卡,高度压缩两两组合,Porsche,911/911,911,/,/,无可用尺码,1965-2026/2018-2019,Convertible/Coupe/Targa/Coupe,Incl: Dakar/Speedster/GT3/GT3 RS,,,1965-2026,Convertible/Coupe/Targa,Incl: Dakar/GT3/GT3 RS/Speedster,fallback,Porsche 911 2004 Coupe 原子事实对应多条候选记录
非皮卡,高度压缩两两组合,Porsche,911/911,911,/,/,无可用尺码,1965-2026/2022-2024,Convertible/Coupe/Targa/Coupe,Incl: Dakar/Speedster/GT3/GT3 RS,,,1965-2026,Convertible/Coupe/Targa,Incl: Dakar/GT3/GT3 RS/Speedster,fallback,Porsche 911 2004 Coupe 原子事实对应多条候选记录
非皮卡,高度压缩两两组合,Porsche,911/911,911,/,/,无可用尺码,1965-2026/2025,Convertible/Coupe/Targa/Coupe,Incl: Dakar/Speedster/GT3 RS,,,1965-2026,Convertible/Coupe/Targa,Incl: Dakar/GT3 RS/Speedster,fallback,Porsche 911 2004 Coupe 原子事实对应多条候选记录
非皮卡,高度压缩两两组合,Porsche,911/911,911,/,/,无可用尺码,1976-2012/2014-2016,Coupe/Coupe,GT2/GT2 RS/GT3/GT3 RS/Turbo/GT3/GT3 RS,,,1976-2016,Coupe,GT2/GT2 RS/GT3/GT3 RS/Turbo,fallback,Porsche 911 2014 Coupe 原子事实对应多条候选记录
非皮卡,高度压缩两两组合,Porsche,911/911,911,/,/,无可用尺码,1976-2012/2014-2026,Coupe/Coupe,GT2/GT2 RS/GT3/GT3 RS/Turbo/GT2 RS/Turbo,,,1976-2026,Coupe,GT2/GT2 RS/GT3/GT3 RS/Turbo,fallback,Porsche 911 2014 Coupe 原子事实对应多条候选记录
非皮卡,高度压缩两两组合,Porsche,911/911,911,/,/,无可用尺码,1976-2012/2018-2019,Coupe/Coupe,GT2/GT2 RS/GT3/GT3 RS/Turbo/GT3/GT3 RS,,,1976-2019,Coupe,GT2/GT2 RS/GT3/GT3 RS/Turbo,fallback,Porsche 911 2014 Coupe 原子事实对应多条候选记录
非皮卡,高度压缩两两组合,Porsche,911/911,911,/,/,无可用尺码,1976-2012/2022-2024,Coupe/Coupe,GT2/GT2 RS/GT3/GT3 RS/Turbo/GT3/GT3 RS,,,1976-2024,Coupe,GT2/GT2 RS/GT3/GT3 RS/Turbo,fallback,Porsche 911 2014 Coupe 原子事实对应多条候选记录
非皮卡,高度压缩两两组合,Porsche,911/911,911,/,/,无可用尺码,1976-2012/2025,Coupe/Coupe,GT2/GT2 RS/GT3/GT3 RS/Turbo/GT3 RS,,,1976-2025,Coupe,GT2/GT2 RS/GT3/GT3 RS/Turbo,fallback,Porsche 911 2014 Coupe 原子事实对应多条候选记录
非皮卡,高度压缩两两组合,Porsche,911/911,911,/,/,无可用尺码,2014-2016/2014-2026,Coupe/Coupe,GT3/GT3 RS/GT2 RS/Turbo,,,2014-2026,Coupe,GT2 RS/GT3/GT3 RS/Turbo,fallback,Porsche 911 2018 Coupe 原子事实对应多条候选记录
非皮卡,高度压缩两两组合,Porsche,911/911,911,/,/,无可用尺码,2014-2016/2018-2019,Coupe/Coupe,GT3/GT3 RS/GT3/GT3 RS,,,2014-2019,Coupe,GT3/GT3 RS,success,
非皮卡,高度压缩两两组合,Porsche,911/911,911,/,/,无可用尺码,1965-2026/1976-2012,Convertible/Coupe/Targa/Coupe,Incl: Dakar/Speedster/GT2/GT2 RS/GT3/GT3 RS/Turbo,,,1965-2026,Convertible/Coupe/Targa,Incl: Dakar/GT2/GT2 RS/GT3/GT3 RS/Speedster/Turbo,fallback,Porsche 911 2014 Coupe 原子事实对应多条候选记录
非皮卡,高度压缩两两组合,Porsche,911/911,911,/,/,无可用尺码,1965-2026/2014-2019,Convertible/Coupe/Targa/Coupe,Incl: Dakar/Speedster/GT3/GT3 RS,,,1965-2026,Convertible/Coupe/Targa,Incl: Dakar/GT3/GT3 RS/Speedster,fallback,Porsche 911 2004 Coupe 原子事实对应多条候选记录
非皮卡,高度压缩两两组合,Porsche,911/911,911,/,/,无可用尺码,1965-2026/2014-2026,Convertible/Coupe/Targa/Coupe,Incl: Dakar/Speedster/GT2 RS/Turbo,,,1965-2026,Convertible/Coupe/Targa,Incl: Dakar/GT2 RS/Speedster/Turbo,fallback,Porsche 911 1976 Coupe 原子事实对应多条候选记录
非皮卡,高度压缩两两组合,Porsche,911/911,911,/,/,无可用尺码,1965-2026/2022-2024,Convertible/Coupe/Targa/Coupe,Incl: Dakar/Speedster/GT3/GT3 RS,,,1965-2026,Convertible/Coupe/Targa,Incl: Dakar/GT3/GT3 RS/Speedster,fallback,Porsche 911 2004 Coupe 原子事实对应多条候选记录
非皮卡,高度压缩两两组合,Porsche,911/911,911,/,/,无可用尺码,1965-2026/2025,Convertible/Coupe/Targa/Coupe,Incl: Dakar/Speedster/GT3 RS,,,1965-2026,Convertible/Coupe/Targa,Incl: Dakar/GT3 RS/Speedster,fallback,Porsche 911 2004 Coupe 原子事实对应多条候选记录
非皮卡,高度压缩两两组合,Porsche,911/911,911,/,/,无可用尺码,1976-2012/2014-2019,Coupe/Coupe,GT2/GT2 RS/GT3/GT3 RS/Turbo/GT3/GT3 RS,,,1976-2019,Coupe,GT2/GT2 RS/GT3/GT3 RS/Turbo,fallback,Porsche 911 2014 Coupe 原子事实对应多条候选记录
非皮卡,高度压缩两两组合,Porsche,911/911,911,/,/,无可用尺码,1976-2012/2014-2026,Coupe/Coupe,GT2/GT2 RS/GT3/GT3 RS/Turbo/GT2 RS/Turbo,,,1976-2026,Coupe,GT2/GT2 RS/GT3/GT3 RS/Turbo,fallback,Porsche 911 2014 Coupe 原子事实对应多条候选记录
非皮卡,高度压缩两两组合,Porsche,911/911,911,/,/,无可用尺码,1976-2012/2022-2024,Coupe/Coupe,GT2/GT2 RS/GT3/GT3 RS/Turbo/GT3/GT3 RS,,,1976-2024,Coupe,GT2/GT2 RS/GT3/GT3 RS/Turbo,fallback,Porsche 911 2014 Coupe 原子事实对应多条候选记录
非皮卡,高度压缩两两组合,Porsche,911/911,911,/,/,无可用尺码,1976-2012/2025,Coupe/Coupe,GT2/GT2 RS/GT3/GT3 RS/Turbo/GT3 RS,,,1976-2025,Coupe,GT2/GT2 RS/GT3/GT3 RS/Turbo,fallback,Porsche 911 2014 Coupe 原子事实对应多条候选记录
非皮卡,高度压缩两两组合,Porsche,911/911,911,/,/,无可用尺码,2014-2019/2014-2026,Coupe/Coupe,GT3/GT3 RS/GT2 RS/Turbo,,,2014-2026,Coupe,GT2 RS/GT3/GT3 RS/Turbo,fallback,Porsche 911 2022 Coupe 原子事实对应多条候选记录
非皮卡,高度压缩两两组合,Porsche,911/911,911,/,/,无可用尺码,2014-2019/2022-2024,Coupe/Coupe,GT3/GT3 RS/GT3/GT3 RS,,,2014-2024,Coupe,GT3/GT3 RS,success,
非皮卡,高度压缩两两组合,Porsche,911/911,911,/,/,无可用尺码,1965-2026/1976-2012,Convertible/Coupe/Targa/Coupe,Incl: Dakar/Speedster/GT2/GT2 RS/GT3/GT3 RS/Turbo,,,1965-2026,Convertible/Coupe/Targa,Incl: Dakar/GT2/GT2 RS/GT3/GT3 RS/Speedster/Turbo,fallback,Porsche 911 2014 Coupe 原子事实对应多条候选记录
非皮卡,高度压缩两两组合,Porsche,911/911,911,/,/,无可用尺码,1965-2026/2014-2024,Convertible/Coupe/Targa/Coupe,Incl: Dakar/Speedster/GT3/GT3 RS,,,1965-2026,Convertible/Coupe/Targa,Incl: Dakar/GT3/GT3 RS/Speedster,fallback,Porsche 911 2004 Coupe 原子事实对应多条候选记录
非皮卡,高度压缩两两组合,Porsche,911/911,911,/,/,无可用尺码,1965-2026/2014-2026,Convertible/Coupe/Targa/Coupe,Incl: Dakar/Speedster/GT2 RS/Turbo,,,1965-2026,Convertible/Coupe/Targa,Incl: Dakar/GT2 RS/Speedster/Turbo,fallback,Porsche 911 1976 Coupe 原子事实对应多条候选记录
非皮卡,高度压缩两两组合,Porsche,911/911,911,/,/,无可用尺码,1965-2026/2025,Convertible/Coupe/Targa/Coupe,Incl: Dakar/Speedster/GT3 RS,,,1965-2026,Convertible/Coupe/Targa,Incl: Dakar/GT3 RS/Speedster,fallback,Porsche 911 2004 Coupe 原子事实对应多条候选记录
非皮卡,高度压缩两两组合,Porsche,911/911,911,/,/,无可用尺码,1976-2012/2014-2024,Coupe/Coupe,GT2/GT2 RS/GT3/GT3 RS/Turbo/GT3/GT3 RS,,,1976-2024,Coupe,GT2/GT2 RS/GT3/GT3 RS/Turbo,fallback,Porsche 911 2014 Coupe 原子事实对应多条候选记录
非皮卡,高度压缩两两组合,Porsche,911/911,911,/,/,无可用尺码,1976-2012/2014-2026,Coupe/Coupe,GT2/GT2 RS/GT3/GT3 RS/Turbo/GT2 RS/Turbo,,,1976-2026,Coupe,GT2/GT2 RS/GT3/GT3 RS/Turbo,fallback,Porsche 911 2014 Coupe 原子事实对应多条候选记录
非皮卡,高度压缩两两组合,Porsche,911/911,911,/,/,无可用尺码,1976-2012/2025,Coupe/Coupe,GT2/GT2 RS/GT3/GT3 RS/Turbo/GT3 RS,,,1976-2025,Coupe,GT2/GT2 RS/GT3/GT3 RS/Turbo,fallback,Porsche 911 2014 Coupe 原子事实对应多条候选记录
非皮卡,高度压缩两两组合,Porsche,911/911,911,/,/,无可用尺码,2014-2024/2014-2026,Coupe/Coupe,GT3/GT3 RS/GT2 RS/Turbo,,,2014-2026,Coupe,GT2 RS/GT3/GT3 RS/Turbo,fallback,Porsche 911 2025 Coupe 原子事实对应多条候选记录
非皮卡,高度压缩两两组合,Porsche,911/911,911,/,/,无可用尺码,2014-2024/2025,Coupe/Coupe,GT3/GT3 RS/GT3 RS,,,2014-2025,Coupe,GT3/GT3 RS,success,
非皮卡,高度压缩两两组合,Porsche,911/911,911,/,/,无可用尺码,1965-2026/1976-2012,Convertible/Coupe/Targa/Coupe,Incl: Dakar/Speedster/GT2/GT2 RS/GT3/GT3 RS/Turbo,,,1965-2026,Convertible/Coupe/Targa,Incl: Dakar/GT2/GT2 RS/GT3/GT3 RS/Speedster/Turbo,fallback,Porsche 911 2014 Coupe 原子事实对应多条候选记录
非皮卡,高度压缩两两组合,Porsche,911/911,911,/,/,无可用尺码,1965-2026/2014-2025,Convertible/Coupe/Targa/Coupe,Incl: Dakar/Speedster/GT3/GT3 RS,,,1965-2026,Convertible/Coupe/Targa,Incl: Dakar/GT3/GT3 RS/Speedster,fallback,Porsche 911 2004 Coupe 原子事实对应多条候选记录
非皮卡,高度压缩两两组合,Porsche,911/911,911,/,/,无可用尺码,1965-2026/2014-2026,Convertible/Coupe/Targa/Coupe,Incl: Dakar/Speedster/GT2 RS/Turbo,,,1965-2026,Convertible/Coupe/Targa,Incl: Dakar/GT2 RS/Speedster/Turbo,fallback,Porsche 911 1976 Coupe 原子事实对应多条候选记录
非皮卡,高度压缩两两组合,Porsche,911/911,911,/,/,无可用尺码,1976-2012/2014-2025,Coupe/Coupe,GT2/GT2 RS/GT3/GT3 RS/Turbo/GT3/GT3 RS,,,1976-2025,Coupe,GT2/GT2 RS/GT3/GT3 RS/Turbo,fallback,Porsche 911 2014 Coupe 原子事实对应多条候选记录
非皮卡,高度压缩两两组合,Porsche,911/911,911,/,/,无可用尺码,1976-2012/2014-2026,Coupe/Coupe,GT2/GT2 RS/GT3/GT3 RS/Turbo/GT2 RS/Turbo,,,1976-2026,Coupe,GT2/GT2 RS/GT3/GT3 RS/Turbo,fallback,Porsche 911 2014 Coupe 原子事实对应多条候选记录
非皮卡,高度压缩两两组合,Porsche,911/911,911,/,/,无可用尺码,2014-2025/2014-2026,Coupe/Coupe,GT3/GT3 RS/GT2 RS/Turbo,,,2014-2026,Coupe,GT2 RS/GT3/GT3 RS/Turbo,success,
非皮卡,高度压缩两两组合,Porsche,911/911,911,/,/,无可用尺码,1965-2026/1976-2012,Convertible/Coupe/Targa/Coupe,Incl: Dakar/Speedster/GT2/GT2 RS/GT3/GT3 RS/Turbo,,,1965-2026,Convertible/Coupe/Targa,Incl: Dakar/GT2/GT2 RS/GT3/GT3 RS/Speedster/Turbo,fallback,Porsche 911 2014 Coupe 原子事实对应多条候选记录
非皮卡,高度压缩两两组合,Porsche,911/911,911,/,/,无可用尺码,1965-2026/2014-2026,Convertible/Coupe/Targa/Coupe,Incl: Dakar/Speedster/GT2 RS/GT3/GT3 RS/Turbo,,,1965-2026,Convertible/Coupe/Targa,Incl: Dakar/GT2 RS/GT3/GT3 RS/Speedster/Turbo,fallback,Porsche 911 1976 Coupe 原子事实对应多条候选记录
非皮卡,高度压缩两两组合,Porsche,911/911,911,/,/,无可用尺码,1976-2012/2014-2026,Coupe/Coupe,GT2/GT2 RS/GT3/GT3 RS/Turbo/GT2 RS/GT3/GT3 RS/Turbo,,,1976-2026,Coupe,GT2/GT2 RS/GT3/GT3 RS/Turbo,success,
非皮卡,高度压缩两两组合,Porsche,911/911,911,/,/,无可用尺码,1965-2026/1976-2026,Convertible/Coupe/Targa/Coupe,Incl: Dakar/Speedster/GT2/GT2 RS/GT3/GT3 RS/Turbo,,,1965-2026,Convertible/Coupe/Targa,Incl: Dakar/GT2/GT2 RS/GT3/GT3 RS/Speedster/Turbo,success,
非皮卡,高度压缩两两组合,Porsche,912/912,912,/,/,无可用尺码,1965-1969/1976,Coupe/Coupe,/912E,,,1965-1976,Coupe,Incl: 912E,success,
非皮卡,高度压缩两两组合,Porsche,Boxster/Boxster,Boxster,/,/,无可用尺码,1997-2015/2013-2016,Coupe/Convertible,/,,,1997-2016,Convertible/Coupe,,success,
非皮卡,高度压缩两两组合,Porsche,Boxster/Boxster,Boxster,/,/,无可用尺码,1997-2016/2017-2025,Convertible/Coupe/Coupe,/,,,1997-2025,Convertible/Coupe,,fallback,Porsche Boxster 2020 Convertible 原子事实对应多条候选记录
非皮卡,高度压缩两两组合,Porsche,Boxster/Boxster,Boxster,/,/,无可用尺码,1997-2016/2020-2025,Convertible/Coupe/Convertible,/,,,1997-2025,Convertible/Coupe,,fallback,Porsche Boxster 2017 Coupe 原子事实对应多条候选记录
非皮卡,高度压缩两两组合,Porsche,Boxster/Boxster,Boxster,/,/,无可用尺码,2017-2025/2020-2025,Coupe/Convertible,/,,,2017-2025,Convertible/Coupe,,success,
非皮卡,高度压缩两两组合,Porsche,Boxster/Boxster,Boxster,/,/,无可用尺码,1997-2016/2017-2025,Convertible/Coupe/Convertible/Coupe,/,,,1997-2025,Convertible/Coupe,,success,
非皮卡,高度压缩两两组合,Porsche,Cayenne/Cayenne,Cayenne,/,/,无可用尺码,2003-2006/2008-2019,SUV/SUV,/,,,2003-2019,SUV,,success,
非皮卡,高度压缩两两组合,Porsche,Cayenne/Cayenne,Cayenne,/,/,无可用尺码,2003-2019/2019-2026,SUV/Coupe,/,,,2003-2026,Coupe/SUV,,fallback,Porsche Cayenne 2025 SUV 原子事实对应多条候选记录
非皮卡,高度压缩两两组合,Porsche,Cayenne/Cayenne,Cayenne,/,/,无可用尺码,2003-2019/2025-2026,SUV/SUV,/,,,2003-2026,SUV,,success,
非皮卡,高度压缩两两组合,Porsche,Cayenne/Cayenne,Cayenne,/,/,无可用尺码,2003-2026/2019-2026,SUV/Coupe,/,,,2003-2026,Coupe/SUV,,success,
非皮卡,高度压缩两两组合,Porsche,Cayman/Cayman,Cayman,/,/,无可用尺码,2009-2012/2014-2025,Coupe/Coupe,/,,,2009-2025,Coupe,,success,
非皮卡,高度压缩两两组合,Porsche,Panamera/Panamera,Panamera,/,/,无可用尺码,2010-2016/2014-2016,Hatchback/Liftback,/Executive LWB,,,2010-2016,Hatchback/Liftback,Incl: Executive LWB,success,
非皮卡,高度压缩两两组合,Porsche,Panamera/Panamera,Panamera,/,/,无可用尺码,2010-2016/2018-2023,Hatchback/Liftback/Wagon,Incl: Executive LWB/Sport Turismo,,,2010-2023,Hatchback/Liftback/Wagon,Incl: Executive LWB/Sport Turismo,fallback,Porsche Panamera 2017 Liftback 原子事实对应多条候选记录
非皮卡,高度压缩两两组合,Porsche,Panamera/Panamera,Panamera,/,/,4XL,2017-2023/2017-2026,Liftback/Liftback,Executive LWB/,,,2017-2026,Liftback,Incl: Executive LWB,success,
非皮卡,高度压缩两两组合,Porsche,Panamera/Panamera,Panamera,/,/,无可用尺码,2010-2016/2018-2023,Hatchback/Liftback/Wagon,Incl: Executive LWB/Sport Turismo,,,2010-2023,Hatchback/Liftback/Wagon,Incl: Executive LWB/Sport Turismo,fallback,Porsche Panamera 2017 Liftback 原子事实对应多条候选记录
非皮卡,高度压缩两两组合,Porsche,Taycan/Taycan,Taycan,/,/,4XL,2020-2026/2025-2026,Sedan/Sedan,/Turbo GT,,,2020-2026,Sedan,Incl: Turbo GT,success,
非皮卡,高度压缩两两组合,Porsche,Taycan/Taycan,Taycan,/,/,无可用尺码,2021-2024/2022-2024,Wagon/Wagon,Cross Turismo/Sport Turismo,,,2021-2024,Wagon,Cross Turismo/Sport Turismo,success,
非皮卡,高度压缩两两组合,Porsche,Taycan/Taycan,Taycan,/,/,无可用尺码,2021-2024/2025-2026,Wagon/Wagon,Cross Turismo/Sport Turismo/,,,2021-2026,Wagon,Incl: Cross Turismo/Sport Turismo,success,
非皮卡,高度压缩两两组合,Saab,9-3/9-3,9-3,/,/,无可用尺码,1999-2011/1999-2011,Convertible/Sedan,/,,,1999-2011,Convertible/Sedan,,success,
非皮卡,高度压缩两两组合,Saab,9-3/9-3,9-3,/,/,无可用尺码,1999-2011/2006-2011,Convertible/Sedan/Wagon,/,,,1999-2011,Convertible/Sedan/Wagon,,success,
非皮卡,高度压缩两两组合,Saab,9-5/9-5,9-5,/,/,无可用尺码,1999-2009/1999-2009,Sedan/Wagon,/,,,1999-2009,Sedan/Wagon,,success,
非皮卡,高度压缩两两组合,Saab,900/900,900,/,/,无可用尺码,1979-1998/1986-1998,Hatchback/Convertible,/,,,1979-1998,Convertible/Hatchback,,success,
非皮卡,高度压缩两两组合,Saturn,Ion/Ion,Ion,/,/,无可用尺码,2003-2007/2003-2007,Coupe/Sedan,/,,,2003-2007,Coupe/Sedan,,success,
非皮卡,高度压缩两两组合,Saturn,L-Series/L-Series,L-Series,/,/,无可用尺码,2000-2004/2000-2005,Wagon/Sedan,/,,,2000-2005,Sedan/Wagon,,success,
非皮卡,高度压缩两两组合,Saturn,S-Series/S-Series,S-Series,/,/,无可用尺码,1991-1993/1991-1993,Coupe/Sedan,/,,,1991-1993,Coupe/Sedan,,success,
非皮卡,高度压缩两两组合,Saturn,S-Series/S-Series,S-Series,/,/,无可用尺码,1991-1993/1993-2001,Coupe/Sedan/Wagon,/,,,1991-2001,Coupe/Sedan/Wagon,,fallback,Saturn S-Series 1995 Coupe 原子事实对应多条候选记录
非皮卡,高度压缩两两组合,Saturn,S-Series/S-Series,S-Series,/,/,无可用尺码,1991-1993/1995-2002,Coupe/Sedan/Coupe,/,,,1991-2002,Coupe/Sedan,,fallback,Saturn S-Series 1996 Sedan 原子事实对应多条候选记录
非皮卡,高度压缩两两组合,Saturn,S-Series/S-Series,S-Series,/,/,无可用尺码,1991-1993/1996-2002,Coupe/Sedan/Sedan,/,,,1991-2002,Coupe/Sedan,,fallback,Saturn S-Series 1995 Coupe 原子事实对应多条候选记录
非皮卡,高度压缩两两组合,Saturn,S-Series/S-Series,S-Series,/,/,无可用尺码,1993-2001/1995-2002,Wagon/Coupe,/,,,1993-2002,Coupe/Wagon,,fallback,Saturn S-Series 1993 Coupe 原子事实对应多条候选记录
非皮卡,高度压缩两两组合,Saturn,S-Series/S-Series,S-Series,/,/,无可用尺码,1993-2001/1996-2002,Wagon/Sedan,/,,,1993-2002,Sedan/Wagon,,fallback,Saturn S-Series 1993 Sedan 原子事实对应多条候选记录
非皮卡,高度压缩两两组合,Saturn,S-Series/S-Series,S-Series,/,/,无可用尺码,1995-2002/1996-2002,Coupe/Sedan,/,,,1995-2002,Coupe/Sedan,,success,
非皮卡,高度压缩两两组合,Saturn,S-Series/S-Series,S-Series,/,/,无可用尺码,1991-1993/1993-2001,Coupe/Sedan/Wagon,/,,,1991-2001,Coupe/Sedan/Wagon,,fallback,Saturn S-Series 1995 Coupe 原子事实对应多条候选记录
非皮卡,高度压缩两两组合,Saturn,S-Series/S-Series,S-Series,/,/,无可用尺码,1991-1993/1995-2002,Coupe/Sedan/Coupe/Sedan,/,,,1991-2002,Coupe/Sedan,,success,
非皮卡,高度压缩两两组合,Saturn,S-Series/S-Series,S-Series,/,/,无可用尺码,1991-2002/1993-2001,Coupe/Sedan/Wagon,/,,,1991-2002,Coupe/Sedan/Wagon,,success,
非皮卡,高度压缩两两组合,Scion,xB/xB,xB,/,/,无可用尺码,2004-2006/2008-2010,Hatchback/Wagon,/,,,2004-2010,Hatchback/Wagon,,success,
非皮卡,高度压缩两两组合,Scion,xB/xB,xB,/,/,无可用尺码,2004-2010/2011-2015,Hatchback/Wagon/Hatchback,/,,,2004-2015,Hatchback/Wagon,,success,
非皮卡,高度压缩两两组合,Subaru,Crosstrek/Crosstrek,Crosstrek,/,/,无可用尺码,2013-2023/2024-2026,Crossover/Crossover,/Wilderness,,,2013-2026,Crossover,Incl: Wilderness,success,
非皮卡,高度压缩两两组合,Subaru,Forester/Forester,Forester,/,/,无可用尺码,1998-2021/2022-2024,SUV/SUV,/Wilderness,,,1998-2024,SUV,Incl: Wilderness,success,
非皮卡,高度压缩两两组合,Subaru,Forester/Forester,Forester,/,/,无可用尺码,1998-2024/2025,SUV/SUV,Incl: Wilderness/,,,1998-2025,SUV,Incl: Wilderness,success,
非皮卡,高度压缩两两组合,Subaru,Forester/Forester,Forester,/,/,无可用尺码,1998-2025/2026,SUV/SUV,Incl: Wilderness/Wilderness,,,1998-2026,SUV,Incl: Wilderness,success,
非皮卡,高度压缩两两组合,Subaru,Impreza/Impreza,Impreza,/,/,无可用尺码,1993-1996/1993-2023,Wagon/Sedan,/,,,1993-2023,Sedan/Wagon,,fallback,Subaru Impreza 2002 Wagon 原子事实对应多条候选记录
非皮卡,高度压缩两两组合,Subaru,Impreza/Impreza,Impreza,/,/,无可用尺码,1993-1996/1995-2001,Wagon/Coupe,/,,,1993-2001,Coupe/Wagon,,success,
非皮卡,高度压缩两两组合,Subaru,Impreza/Impreza,Impreza,/,/,无可用尺码,1993-2001/1993-2023,Coupe/Wagon/Sedan,/,,,1993-2023,Coupe/Sedan/Wagon,,fallback,Subaru Impreza 2002 Wagon 原子事实对应多条候选记录
非皮卡,高度压缩两两组合,Subaru,Impreza/Impreza,Impreza,/,/,无可用尺码,1993-2001/1997-2001,Coupe/Wagon/Wagon,/Outback Sport,,,1993-2001,Coupe/Wagon,Incl: Outback Sport,success,
非皮卡,高度压缩两两组合,Subaru,Impreza/Impreza,Impreza,/,/,无可用尺码,1993-2001/1993-2023,Coupe/Wagon/Sedan,Incl: Outback Sport/,,,1993-2023,Coupe/Sedan/Wagon,Incl: Outback Sport,fallback,Subaru Impreza 2002 Wagon 原子事实对应多条候选记录
非皮卡,高度压缩两两组合,Subaru,Impreza/Impreza,Impreza,/,/,无可用尺码,1993-2001/2002-2007,Coupe/Wagon/Wagon,Incl: Outback Sport/,,,1993-2007,Coupe/Wagon,Incl: Outback Sport,success,
非皮卡,高度压缩两两组合,Subaru,Impreza/Impreza,Impreza,/,/,无可用尺码,1993-2007/1993-2023,Coupe/Wagon/Sedan,Incl: Outback Sport/,,,1993-2023,Coupe/Sedan/Wagon,Incl: Outback Sport,success,
非皮卡,高度压缩两两组合,Subaru,Impreza/Impreza,Impreza,/,/,无可用尺码,1993-2023/2008-2026,Coupe/Sedan/Wagon/Hatchback,Incl: Outback Sport/,,,1993-2026,Coupe/Hatchback/Sedan/Wagon,Incl: Outback Sport,success,
非皮卡,高度压缩两两组合,Subaru,Legacy/Legacy,Legacy,/,/,无可用尺码,1990-1994/1990-2007,Sedan/Wagon,/,,,1990-2007,Sedan/Wagon,,fallback,Subaru Legacy 1997 Sedan 原子事实对应多条候选记录
非皮卡,高度压缩两两组合,Subaru,Legacy/Legacy,Legacy,/,/,无可用尺码,1990-1994/1997-2025,Sedan/Sedan,/,,,1990-2025,Sedan,,success,
非皮卡,高度压缩两两组合,Subaru,Legacy/Legacy,Legacy,/,/,无可用尺码,1990-2007/1990-2025,Wagon/Sedan,/,,,1990-2025,Sedan/Wagon,,success,
非皮卡,高度压缩两两组合,Subaru,Outback/Outback,Outback,/,/,无可用尺码,1995-2009/2010-2019,Wagon/Hatchback,/,,,1995-2019,Hatchback/Wagon,,success,
非皮卡,高度压缩两两组合,Subaru,Outback/Outback,Outback,/,/,无可用尺码,1995-2019/2020-2025,Hatchback/Wagon/Wagon,/Wilderness,,,1995-2025,Hatchback/Wagon,Incl: Wilderness,success,
非皮卡,高度压缩两两组合,Subaru,Outback/Outback,Outback,/,/,无可用尺码,1995-2025/2026,Hatchback/Wagon/Hatchback,Incl: Wilderness/,,,1995-2026,Hatchback/Wagon,Incl: Wilderness,success,
非皮卡,高度压缩两两组合,Subaru,Outback Sport/Outback Sport,Outback Sport,/,/,无可用尺码,1995-2001/2001-2007,Wagon/Wagon,/Outback Sport,,,1995-2007,Wagon,Incl: Outback Sport,success,
非皮卡,高度压缩两两组合,Subaru,Outback Sport/Outback Sport,Outback Sport,/,/,无可用尺码,1995-2007/2008-2011,Wagon/Hatchback,Incl: Outback Sport/Outback Sport,,,1995-2011,Hatchback/Wagon,Incl: Outback Sport,success,
非皮卡,高度压缩两两组合,Subaru,WRX/WRX,WRX,/,/,无可用尺码,2002/2002-2003,Sedan/Wagon,WRX/WRX,,,2002-2003,Sedan/Wagon,WRX,fallback,Subaru WRX 2002 Sedan 原子事实对应多条候选记录
非皮卡,高度压缩两两组合,Subaru,WRX/WRX,WRX,/,/,无可用尺码,2002/2002-2021,Sedan/Sedan,WRX/WRX/STI,,,2002-2021,Sedan,STI/WRX,success,
非皮卡,高度压缩两两组合,Subaru,WRX/WRX,WRX,/,/,无可用尺码,2002-2003/2002-2021,Wagon/Sedan,WRX/STI/WRX,,,2002-2021,Sedan/Wagon,STI/WRX,success,
非皮卡,高度压缩两两组合,Subaru,WRX/WRX,WRX,/,/,无可用尺码,2002-2021/2008-2014,Sedan/Wagon/Hatchback,STI/WRX/WRX/STI,,,2002-2021,Hatchback/Sedan/Wagon,STI/WRX,success,
非皮卡,高度压缩两两组合,Subaru,WRX/WRX,WRX,/,/,无可用尺码,2002-2021/2022-2026,Hatchback/Sedan/Wagon/Sedan,STI/WRX/WRX,,,2002-2026,Hatchback/Sedan/Wagon,STI/WRX,success,
非皮卡,高度压缩两两组合,Suzuki,Aerio/Aerio,Aerio,/,/,无可用尺码,2002-2005/2002-2007,Wagon/Sedan,/,,,2002-2007,Sedan/Wagon,,success,
非皮卡,高度压缩两两组合,Suzuki,Forenza/Forenza,Forenza,/,/,无可用尺码,2004-2008/2004-2008,Sedan/Wagon,/,,,2004-2008,Sedan/Wagon,,success,
非皮卡,高度压缩两两组合,Suzuki,SX4/SX4,SX4,/,/,无可用尺码,2007-2013/2008-2013,Hatchback/Sedan,/,,,2007-2013,Hatchback/Sedan,,success,
非皮卡,高度压缩两两组合,Suzuki,Sidekick/Sidekick,Sidekick,/,/,无可用尺码,1989-1995/1996-1998,SUV/SUV,/Sport,,,1989-1998,SUV,Incl: Sport,success,
非皮卡,高度压缩两两组合,Suzuki,XL7/XL7,XL7,/,/,无可用尺码,2002-2006/2007-2009,SUV/SUV,/XL7,,,2002-2009,SUV,Incl: XL7,success,
非皮卡,高度压缩两两组合,Tesla,Model Y/Model Y,Model Y,/,/,无可用尺码,2020-2024/2025-2026,Crossover/SUV,/Performance,,,2020-2026,Crossover/SUV,Incl: Performance,success,
非皮卡,高度压缩两两组合,Toyota,86/86,86,/,/,无可用尺码,2017-2020/2022-2026,Coupe/Coupe,/,,,2017-2026,Coupe,,success,
非皮卡,高度压缩两两组合,Toyota,Camry/Camry,Camry,/,/,无可用尺码,1983-1986/1983-2026,Hatchback/Sedan,/,,,1983-2026,Hatchback/Sedan,,success,
非皮卡,高度压缩两两组合,Toyota,Camry/Camry,Camry,/,/,无可用尺码,1983-2026/1987-1996,Hatchback/Sedan/Wagon,/,,,1983-2026,Hatchback/Sedan/Wagon,,success,
非皮卡,高度压缩两两组合,Toyota,Celica/Celica,Celica,/,/,无可用尺码,1971-1985/1986-1993,Coupe/Coupe,/All-Trac,,,1971-1993,Coupe,Incl: All-Trac,success,
非皮卡,高度压缩两两组合,Toyota,Celica/Celica,Celica,/,/,无可用尺码,1971-1993/1994-1999,Coupe/Convertible,Incl: All-Trac/,,,1971-1999,Convertible/Coupe,Incl: All-Trac,success,
非皮卡,高度压缩两两组合,Toyota,Celica/Celica,Celica,/,/,无可用尺码,1971-1999/2000-2005,Convertible/Coupe/Hatchback,Incl: All-Trac/,,,1971-2005,Convertible/Coupe/Hatchback,Incl: All-Trac,success,
非皮卡,高度压缩两两组合,Toyota,Corolla/Corolla,Corolla,/,/,无可用尺码,1968-1974/1968-1983,Coupe/Wagon,/,,,1968-1983,Coupe/Wagon,,fallback,Toyota Corolla 1980 Coupe 原子事实对应多条候选记录
非皮卡,高度压缩两两组合,Toyota,Corolla/Corolla,Corolla,/,/,无可用尺码,1968-1974/1968-2026,Coupe/Sedan,/,,,1968-2026,Coupe/Sedan,,fallback,Toyota Corolla 1980 Coupe 原子事实对应多条候选记录
非皮卡,高度压缩两两组合,Toyota,Corolla/Corolla,Corolla,/,/,无可用尺码,1968-1974/1980-1987,Coupe/Hatchback,/,,,1968-1987,Coupe/Hatchback,,fallback,Toyota Corolla 1980 Coupe 原子事实对应多条候选记录
非皮卡,高度压缩两两组合,Toyota,Corolla/Corolla,Corolla,/,/,无可用尺码,1968-1974/1980-1991,Coupe/Coupe,/,,,1968-1991,Coupe,,success,
非皮卡,高度压缩两两组合,Toyota,Corolla/Corolla,Corolla,/,/,无可用尺码,1968-1983/1968-1991,Wagon/Coupe,/,,,1968-1991,Coupe/Wagon,,fallback,Toyota Corolla 1988 Wagon 原子事实对应多条候选记录
非皮卡,高度压缩两两组合,Toyota,Corolla/Corolla,Corolla,/,/,无可用尺码,1968-1983/1968-2026,Wagon/Sedan,/,,,1968-2026,Sedan/Wagon,,fallback,Toyota Corolla 1988 Wagon 原子事实对应多条候选记录
非皮卡,高度压缩两两组合,Toyota,Corolla/Corolla,Corolla,/,/,无可用尺码,1968-1983/1980-1987,Wagon/Hatchback,/,,,1968-1987,Hatchback/Wagon,,success,
非皮卡,高度压缩两两组合,Toyota,Corolla/Corolla,Corolla,/,/,无可用尺码,1968-1987/1968-1991,Hatchback/Wagon/Coupe,/,,,1968-1991,Coupe/Hatchback/Wagon,,fallback,Toyota Corolla 1988 Wagon 原子事实对应多条候选记录
非皮卡,高度压缩两两组合,Toyota,Corolla/Corolla,Corolla,/,/,无可用尺码,1968-1987/1968-2026,Hatchback/Wagon/Sedan,/,,,1968-2026,Hatchback/Sedan/Wagon,,fallback,Toyota Corolla 1988 Wagon 原子事实对应多条候选记录
非皮卡,高度压缩两两组合,Toyota,Corolla/Corolla,Corolla,/,/,无可用尺码,1968-1987/1988-1997,Hatchback/Wagon/Wagon,/,,,1968-1997,Hatchback/Wagon,,success,
非皮卡,高度压缩两两组合,Toyota,Corolla/Corolla,Corolla,/,/,无可用尺码,1968-1991/1968-1997,Coupe/Hatchback/Wagon,/,,,1968-1997,Coupe/Hatchback/Wagon,,success,
非皮卡,高度压缩两两组合,Toyota,Corolla/Corolla,Corolla,/,/,无可用尺码,1968-1997/1968-2026,Coupe/Hatchback/Wagon/Sedan,/,,,1968-2026,Coupe/Hatchback/Sedan/Wagon,,fallback,Toyota Corolla 2019 Hatchback 原子事实对应多条候选记录
非皮卡,高度压缩两两组合,Toyota,Corolla/Corolla,Corolla,/,/,无可用尺码,1968-1997/2019-2026,Coupe/Hatchback/Wagon/Hatchback,/,,,1968-2026,Coupe/Hatchback/Wagon,,success,
非皮卡,高度压缩两两组合,Toyota,Corolla/Corolla,Corolla,/,/,无可用尺码,1968-2026/1968-2026,Coupe/Hatchback/Wagon/Sedan,/,,,1968-2026,Coupe/Hatchback/Sedan/Wagon,,success,
非皮卡,高度压缩两两组合,Toyota,Corolla/Corolla,Corolla,/,/,无可用尺码,1968-2026/2023-2026,Coupe/Hatchback/Sedan/Wagon/Hatchback,/GR Corolla,,,1968-2026,Coupe/Hatchback/Sedan/Wagon,Incl: GR Corolla,success,
非皮卡,高度压缩两两组合,Toyota,Land Cruiser/Land Cruiser,Land Cruiser,/,/,无可用尺码,1967-1980/1981-2021,Wagon/SUV,50 Series / early 60 Series Station Wagon/,,,1967-2021,SUV/Wagon,Incl: 50 Series/early 60 Series Station Wagon,success,
非皮卡,高度压缩两两组合,Toyota,Land Cruiser/Land Cruiser,Land Cruiser,/,/,无可用尺码,1967-2021/2024-2026,SUV/Wagon/SUV,Incl: 50 Series/early 60 Series Station Wagon/,,,1967-2026,SUV/Wagon,Incl: 50 Series/early 60 Series Station Wagon,success,
非皮卡,高度压缩两两组合,Toyota,MR2/MR2,MR2,/,/,无可用尺码,1985-1989/1991-1995,Coupe/Coupe,/,,,1985-1995,Coupe,,success,
非皮卡,高度压缩两两组合,Toyota,MR2/MR2,MR2,/,/,无可用尺码,1985-1995/2000-2005,Coupe/Convertible,/,,,1985-2005,Convertible/Coupe,,success,
非皮卡,高度压缩两两组合,Toyota,Prius/Prius,Prius,/,/,无可用尺码,2001-2003/2004-2026,Sedan/Hatchback,/,,,2001-2026,Hatchback/Sedan,,success,
非皮卡,高度压缩两两组合,Toyota,RAV4/RAV4,RAV4,/,/,无可用尺码,1996-2026/2013-2014,SUV/SUV,/EV,,,1996-2026,SUV,Incl: EV,success,
非皮卡,高度压缩两两组合,Toyota,Sienna/Sienna,Sienna,/,/,无可用尺码,1998-2021/2022-2026,MPV/MPV,/Woodland,,,1998-2026,MPV,Incl: Woodland,success,
非皮卡,高度压缩两两组合,Toyota,Solara/Solara,Solara,/,/,无可用尺码,1999-2008/2000-2008,Coupe/Convertible,/,,,1999-2008,Convertible/Coupe,,success,
非皮卡,高度压缩两两组合,Toyota,Supra/Supra,Supra,/,/,无可用尺码,1979-1998/2020-2026,Coupe/Coupe,/,,,1979-2026,Coupe,,success,
非皮卡,高度压缩两两组合,Toyota,Tercel/Tercel,Tercel,/,/,无可用尺码,1980-1982/1980-1982,Hatchback/Sedan,/2dr Deluxe,,,1980-1982,Hatchback/Sedan,Incl: 2dr Deluxe,success,
非皮卡,高度压缩两两组合,Toyota,Tercel/Tercel,Tercel,/,/,无可用尺码,1980-1982/1981,Hatchback/Sedan/Sedan,Incl: 2dr Deluxe/4dr,,,1980-1982,Hatchback/Sedan,Incl: 2dr Deluxe/4dr,success,
非皮卡,高度压缩两两组合,Toyota,Tercel/Tercel,Tercel,/,/,无可用尺码,1980-1982/1982,Hatchback/Sedan/Sedan,Incl: 2dr Deluxe/4dr/4dr Deluxe,,,1980-1982,Hatchback/Sedan,Incl: 2dr Deluxe/4dr/4dr Deluxe,success,
非皮卡,高度压缩两两组合,Toyota,Tercel/Tercel,Tercel,/,/,无可用尺码,1980-1982/1983-1988,Hatchback/Sedan/Wagon,Incl: 2dr Deluxe/4dr/4dr Deluxe/4WD,,,1980-1988,Hatchback/Sedan/Wagon,Incl: 2dr Deluxe/4dr/4dr Deluxe/4WD,success,
非皮卡,高度压缩两两组合,Toyota,Tercel/Tercel,Tercel,/,/,无可用尺码,1980-1988/1989-1990,Hatchback/Sedan/Wagon/Coupe,Incl: 2dr Deluxe/4dr/4dr Deluxe/4WD/,,,1980-1990,Coupe/Hatchback/Sedan/Wagon,Incl: 2dr Deluxe/4dr/4dr Deluxe/4WD,success,
非皮卡,高度压缩两两组合,Toyota,Tercel/Tercel,Tercel,/,/,无可用尺码,1980-1990/1991-1998,Coupe/Hatchback/Sedan/Wagon/Sedan,Incl: 2dr Deluxe/4dr/4dr Deluxe/4WD/,,,1980-1998,Coupe/Hatchback/Sedan/Wagon,Incl: 2dr Deluxe/4dr/4dr Deluxe/4WD,success,
非皮卡,高度压缩两两组合,Toyota,Venza/Venza,Venza,/,/,无可用尺码,2009-2015/2021-2024,Wagon/SUV,/,,,2009-2024,SUV/Wagon,,success,
非皮卡,高度压缩两两组合,Toyota,Yaris/Yaris,Yaris,/,/,无可用尺码,2007-2011/2007-2018,Sedan/Hatchback,/,,,2007-2018,Hatchback/Sedan,,fallback,Toyota Yaris 2017 Sedan 原子事实对应多条候选记录
非皮卡,高度压缩两两组合,Toyota,Yaris/Yaris,Yaris,/,/,无可用尺码,2007-2011/2017-2020,Sedan/Sedan,/,,,2007-2020,Sedan,,success,
非皮卡,高度压缩两两组合,Toyota,Yaris/Yaris,Yaris,/,/,无可用尺码,2007-2018/2007-2020,Hatchback/Sedan,/,,,2007-2020,Hatchback/Sedan,,fallback,Toyota Yaris 2020 Hatchback 原子事实对应多条候选记录
非皮卡,高度压缩两两组合,Toyota,Yaris/Yaris,Yaris,/,/,无可用尺码,2007-2018/2020,Hatchback/Hatchback,/,,,2007-2020,Hatchback,,success,
非皮卡,高度压缩两两组合,Toyota,Yaris/Yaris,Yaris,/,/,无可用尺码,2007-2020/2007-2020,Hatchback/Sedan,/,,,2007-2020,Hatchback/Sedan,,success,
非皮卡,高度压缩两两组合,Toyota,bZ/bZ,bZ,/,/,无可用尺码,2026/2026,SUV/SUV,/Woodland,,,2026,SUV,Incl: Woodland,success,
非皮卡,高度压缩两两组合,VinFast,VF8/VF8,VF8,/,/,无可用尺码,2023-2025/2023-2025,SUV/SUV,Eco/Plus,,,2023-2025,SUV,Eco/Plus,success,
非皮卡,高度压缩两两组合,Volkswagen,Arteon/Arteon,Arteon,/,/,无可用尺码,2019-2021/2022-2024,Hatchback/Hatchback,SEL Premium 4MOTION/SE R-Line,,,2019-2024,Hatchback,SE R-Line/SEL Premium 4MOTION,success,
非皮卡,高度压缩两两组合,Volkswagen,Atlas/Atlas,Atlas,/,/,无可用尺码,2018-2020/2020-2026,SUV/SUV,V6 SE w/Technology/Cross Sport,,,2018-2026,SUV,Cross Sport/Technology/V6 SE w,success,
非皮卡,高度压缩两两组合,Volkswagen,Atlas/Atlas,Atlas,/,/,无可用尺码,2018-2026/2021-2023,SUV/SUV,Cross Sport/Technology/V6 SE w/SEL R-Line,,,2018-2026,SUV,Cross Sport/SEL R-Line/Technology/V6 SE w,success,
非皮卡,高度压缩两两组合,Volkswagen,Atlas/Atlas,Atlas,/,/,无可用尺码,2018-2026/2024-2026,SUV/SUV,Cross Sport/SEL R-Line/Technology/V6 SE w/SE,,,2018-2026,SUV,Cross Sport/SE/SEL R-Line/Technology/V6 SE w,success,
非皮卡,高度压缩两两组合,Volkswagen,Beetle/Beetle,Beetle,/,/,无可用尺码,1998-2010/1998-2010,Convertible/Hatchback,/,,,1998-2010,Convertible/Hatchback,,success,
非皮卡,高度压缩两两组合,Volkswagen,Beetle/Beetle,Beetle,/,/,无可用尺码,1998-2010/2012-2019,Convertible/Hatchback/Convertible,/,,,1998-2019,Convertible/Hatchback,,fallback,Volkswagen Beetle 2012 Hatchback 原子事实对应多条候选记录
非皮卡,高度压缩两两组合,Volkswagen,Beetle/Beetle,Beetle,/,/,无可用尺码,1998-2010/2012-2019,Convertible/Hatchback/Hatchback,/,,,1998-2019,Convertible/Hatchback,,fallback,Volkswagen Beetle 2012 Convertible 原子事实对应多条候选记录
非皮卡,高度压缩两两组合,Volkswagen,Beetle/Beetle,Beetle,/,/,无可用尺码,1998-2010/2018,Convertible/Hatchback/Convertible,/Dune,,,1998-2018,Convertible/Hatchback,Incl: Dune,fallback,Volkswagen Beetle 2012 Convertible 原子事实对应多条候选记录
非皮卡,高度压缩两两组合,Volkswagen,Beetle/Beetle,Beetle,/,/,无可用尺码,1998-2010/2018,Convertible/Hatchback/Hatchback,/Dune,,,1998-2018,Convertible/Hatchback,Incl: Dune,fallback,Volkswagen Beetle 2012 Convertible 原子事实对应多条候选记录
非皮卡,高度压缩两两组合,Volkswagen,Beetle/Beetle,Beetle,/,/,无可用尺码,2012-2019/2012-2019,Convertible/Hatchback,/,,,2012-2019,Convertible/Hatchback,,success,
非皮卡,高度压缩两两组合,Volkswagen,Beetle/Beetle,Beetle,/,/,无可用尺码,1998-2010/2012-2019,Convertible/Hatchback/Convertible/Hatchback,/,,,1998-2019,Convertible/Hatchback,,success,
非皮卡,高度压缩两两组合,Volkswagen,Beetle/Beetle,Beetle,/,/,无可用尺码,1998-2019/2018,Convertible/Hatchback/Convertible,/Dune,,,1998-2019,Convertible/Hatchback,Incl: Dune,fallback,Volkswagen Beetle 2018 Hatchback 原子事实对应多条候选记录
非皮卡,高度压缩两两组合,Volkswagen,Beetle/Beetle,Beetle,/,/,无可用尺码,1998-2019/2018,Convertible/Hatchback/Hatchback,/Dune,,,1998-2019,Convertible/Hatchback,Incl: Dune,fallback,Volkswagen Beetle 2018 Convertible 原子事实对应多条候选记录
非皮卡,高度压缩两两组合,Volkswagen,Beetle/Beetle,Beetle,/,/,无可用尺码,2018/2018,Convertible/Hatchback,Dune/Dune,,,2018,Convertible/Hatchback,Dune,success,
非皮卡,高度压缩两两组合,Volkswagen,Beetle/Beetle,Beetle,/,/,无可用尺码,1998-2019/2018,Convertible/Hatchback/Convertible/Hatchback,/Dune,,,1998-2019,Convertible/Hatchback,Incl: Dune,success,
非皮卡,高度压缩两两组合,Volkswagen,Dasher/Dasher,Dasher,/,/,无可用尺码,1978/1978,Hatchback/Wagon,2dr/4dr Station,,,1978,Hatchback/Wagon,2dr/4dr Station,success,
非皮卡,高度压缩两两组合,Volkswagen,Golf/Golf,Golf,/,/,无可用尺码,1999-2014/2012,Hatchback/Hatchback,/R,,,1999-2014,Hatchback,Incl: R,success,
非皮卡,高度压缩两两组合,Volkswagen,Golf/Golf,Golf,/,/,无可用尺码,1999-2014/2015,Hatchback/Hatchback,Incl: R/Diesel,,,1999-2015,Hatchback,Incl: Diesel/R,success,
非皮卡,高度压缩两两组合,Volkswagen,Golf/Golf,Golf,/,/,无可用尺码,1999-2015/2015-2016,Hatchback/Wagon,Incl: Diesel/R/,,,1999-2016,Hatchback/Wagon,Incl: Diesel/R,fallback,Volkswagen Golf 2016 Hatchback 原子事实对应多条候选记录
非皮卡,高度压缩两两组合,Volkswagen,Golf/Golf,Golf,/,/,无可用尺码,1999-2015/2015-2026,Hatchback/Hatchback,Incl: Diesel/R/GTI,,,1999-2026,Hatchback,Incl: Diesel/GTI/R,fallback,Volkswagen Golf 2016 Hatchback 原子事实对应多条候选记录
非皮卡,高度压缩两两组合,Volkswagen,Golf/Golf,Golf,/,/,无可用尺码,1999-2015/2016-2021,Hatchback/Hatchback,Incl: Diesel/R/,,,1999-2021,Hatchback,Incl: Diesel/R,fallback,Volkswagen Golf 2018 Hatchback 原子事实对应多条候选记录
非皮卡,高度压缩两两组合,Volkswagen,Golf/Golf,Golf,/,/,无可用尺码,1999-2015/2018-2019,Hatchback/Hatchback,Incl: Diesel/R/R,,,1999-2019,Hatchback,Incl: Diesel/R,fallback,Volkswagen Golf 2016 Hatchback 原子事实对应多条候选记录
非皮卡,高度压缩两两组合,Volkswagen,Golf/Golf,Golf,/,/,无可用尺码,1999-2015/2018-2019,Hatchback/Wagon,Incl: Diesel/R/,,,1999-2019,Hatchback/Wagon,Incl: Diesel/R,fallback,Volkswagen Golf 2015 Wagon 原子事实对应多条候选记录
非皮卡,高度压缩两两组合,Volkswagen,Golf/Golf,Golf,/,/,无可用尺码,1999-2015/2022-2026,Hatchback/Hatchback,Incl: Diesel/R/GTI/R,,,1999-2026,Hatchback,Incl: Diesel/GTI/R,fallback,Volkswagen Golf 2015 Hatchback 原子事实对应多条候选记录
非皮卡,高度压缩两两组合,Volkswagen,Golf/Golf,Golf,/,/,无可用尺码,1999-2015/2022-2026,Hatchback/Hatchback,Incl: Diesel/R/R,,,1999-2026,Hatchback,Incl: Diesel/R,fallback,Volkswagen Golf 2016 Hatchback 原子事实对应多条候选记录
非皮卡,高度压缩两两组合,Volkswagen,Golf/Golf,Golf,/,/,无可用尺码,2015-2016/2015-2026,Wagon/Hatchback,/GTI,,,2015-2026,Hatchback/Wagon,Incl: GTI,fallback,Volkswagen Golf 2016 Hatchback 原子事实对应多条候选记录
非皮卡,高度压缩两两组合,Volkswagen,Golf/Golf,Golf,/,/,无可用尺码,2015-2016/2016-2021,Wagon/Hatchback,/,,,2015-2021,Hatchback/Wagon,,fallback,Volkswagen Golf 2018 Wagon 原子事实对应多条候选记录
非皮卡,高度压缩两两组合,Volkswagen,Golf/Golf,Golf,/,/,无可用尺码,2015-2016/2018-2019,Wagon/Hatchback,/R,,,2015-2019,Hatchback/Wagon,Incl: R,fallback,Volkswagen Golf 2016 Hatchback 原子事实对应多条候选记录
非皮卡,高度压缩两两组合,Volkswagen,Golf/Golf,Golf,/,/,无可用尺码,2015-2016/2018-2019,Wagon/Wagon,/,,,2015-2019,Wagon,,success,
非皮卡,高度压缩两两组合,Volkswagen,Golf/Golf,Golf,/,/,无可用尺码,1999-2015/2015-2019,Hatchback/Wagon,Incl: Diesel/R/,,,1999-2019,Hatchback/Wagon,Incl: Diesel/R,fallback,Volkswagen Golf 2016 Hatchback 原子事实对应多条候选记录
非皮卡,高度压缩两两组合,Volkswagen,Golf/Golf,Golf,/,/,无可用尺码,1999-2015/2015-2026,Hatchback/Hatchback,Incl: Diesel/R/GTI,,,1999-2026,Hatchback,Incl: Diesel/GTI/R,fallback,Volkswagen Golf 2016 Hatchback 原子事实对应多条候选记录
非皮卡,高度压缩两两组合,Volkswagen,Golf/Golf,Golf,/,/,无可用尺码,1999-2015/2016-2021,Hatchback/Hatchback,Incl: Diesel/R/,,,1999-2021,Hatchback,Incl: Diesel/R,fallback,Volkswagen Golf 2018 Hatchback 原子事实对应多条候选记录
非皮卡,高度压缩两两组合,Volkswagen,Golf/Golf,Golf,/,/,无可用尺码,1999-2015/2018-2019,Hatchback/Hatchback,Incl: Diesel/R/R,,,1999-2019,Hatchback,Incl: Diesel/R,fallback,Volkswagen Golf 2016 Hatchback 原子事实对应多条候选记录
非皮卡,高度压缩两两组合,Volkswagen,Golf/Golf,Golf,/,/,无可用尺码,1999-2015/2022-2026,Hatchback/Hatchback,Incl: Diesel/R/GTI/R,,,1999-2026,Hatchback,Incl: Diesel/GTI/R,fallback,Volkswagen Golf 2015 Hatchback 原子事实对应多条候选记录
非皮卡,高度压缩两两组合,Volkswagen,Golf/Golf,Golf,/,/,无可用尺码,1999-2015/2022-2026,Hatchback/Hatchback,Incl: Diesel/R/R,,,1999-2026,Hatchback,Incl: Diesel/R,fallback,Volkswagen Golf 2016 Hatchback 原子事实对应多条候选记录
非皮卡,高度压缩两两组合,Volkswagen,Golf/Golf,Golf,/,/,无可用尺码,2015-2019/2015-2026,Wagon/Hatchback,/GTI,,,2015-2026,Hatchback/Wagon,Incl: GTI,fallback,Volkswagen Golf 2016 Hatchback 原子事实对应多条候选记录
非皮卡,高度压缩两两组合,Volkswagen,Golf/Golf,Golf,/,/,无可用尺码,2015-2019/2016-2021,Wagon/Hatchback,/,,,2015-2021,Hatchback/Wagon,,success,
非皮卡,高度压缩两两组合,Volkswagen,Golf/Golf,Golf,/,/,无可用尺码,1999-2015/2015-2021,Hatchback/Hatchback/Wagon,Incl: Diesel/R/,,,1999-2021,Hatchback/Wagon,Incl: Diesel/R,fallback,Volkswagen Golf 2018 Hatchback 原子事实对应多条候选记录
非皮卡,高度压缩两两组合,Volkswagen,Golf/Golf,Golf,/,/,无可用尺码,1999-2015/2015-2026,Hatchback/Hatchback,Incl: Diesel/R/GTI,,,1999-2026,Hatchback,Incl: Diesel/GTI/R,fallback,Volkswagen Golf 2016 Hatchback 原子事实对应多条候选记录
非皮卡,高度压缩两两组合,Volkswagen,Golf/Golf,Golf,/,/,无可用尺码,1999-2015/2018-2019,Hatchback/Hatchback,Incl: Diesel/R/R,,,1999-2019,Hatchback,Incl: Diesel/R,fallback,Volkswagen Golf 2016 Hatchback 原子事实对应多条候选记录
非皮卡,高度压缩两两组合,Volkswagen,Golf/Golf,Golf,/,/,无可用尺码,1999-2015/2022-2026,Hatchback/Hatchback,Incl: Diesel/R/GTI/R,,,1999-2026,Hatchback,Incl: Diesel/GTI/R,fallback,Volkswagen Golf 2015 Hatchback 原子事实对应多条候选记录
非皮卡,高度压缩两两组合,Volkswagen,Golf/Golf,Golf,/,/,无可用尺码,1999-2015/2022-2026,Hatchback/Hatchback,Incl: Diesel/R/R,,,1999-2026,Hatchback,Incl: Diesel/R,fallback,Volkswagen Golf 2016 Hatchback 原子事实对应多条候选记录
非皮卡,高度压缩两两组合,Volkswagen,Golf/Golf,Golf,/,/,无可用尺码,2015-2021/2015-2026,Hatchback/Wagon/Hatchback,/GTI,,,2015-2026,Hatchback/Wagon,Incl: GTI,fallback,Volkswagen Golf 2022 Hatchback 原子事实对应多条候选记录
非皮卡,高度压缩两两组合,Volkswagen,Golf/Golf,Golf,/,/,无可用尺码,2015-2021/2018-2019,Hatchback/Wagon/Hatchback,/R,,,2015-2021,Hatchback/Wagon,Incl: R,success,
非皮卡,高度压缩两两组合,Volkswagen,Golf/Golf,Golf,/,/,无可用尺码,1999-2015/2015-2021,Hatchback/Hatchback/Wagon,Incl: Diesel/R/Incl: R,,,1999-2021,Hatchback/Wagon,Incl: Diesel/R,success,
非皮卡,高度压缩两两组合,Volkswagen,Golf/Golf,Golf,/,/,无可用尺码,1999-2021/2015-2026,Hatchback/Wagon/Hatchback,Incl: Diesel/R/GTI,,,1999-2026,Hatchback/Wagon,Incl: Diesel/GTI/R,fallback,Volkswagen Golf 2022 Hatchback 原子事实对应多条候选记录
非皮卡,高度压缩两两组合,Volkswagen,Golf/Golf,Golf,/,/,无可用尺码,1999-2021/2022-2026,Hatchback/Wagon/Hatchback,Incl: Diesel/R/GTI/R,,,1999-2026,Hatchback/Wagon,Incl: Diesel/GTI/R,fallback,Volkswagen Golf 2015 Hatchback 原子事实对应多条候选记录
非皮卡,高度压缩两两组合,Volkswagen,Golf/Golf,Golf,/,/,无可用尺码,1999-2021/2022-2026,Hatchback/Wagon/Hatchback,Incl: Diesel/R/R,,,1999-2026,Hatchback/Wagon,Incl: Diesel/R,fallback,Volkswagen Golf 2022 Hatchback 原子事实对应多条候选记录
非皮卡,高度压缩两两组合,Volkswagen,Golf/Golf,Golf,/,/,无可用尺码,2015-2026/2022-2026,Hatchback/Hatchback,GTI/GTI/R,,,2015-2026,Hatchback,GTI/R,fallback,Volkswagen Golf 2018 Hatchback 原子事实对应多条候选记录
非皮卡,高度压缩两两组合,Volkswagen,Golf/Golf,Golf,/,/,无可用尺码,2015-2026/2022-2026,Hatchback/Hatchback,GTI/R,,,2015-2026,Hatchback,GTI/R,fallback,Volkswagen Golf 2018 Hatchback 原子事实对应多条候选记录
非皮卡,高度压缩两两组合,Volkswagen,Golf/Golf,Golf,/,/,无可用尺码,2022-2026/2022-2026,Hatchback/Hatchback,GTI/R/R,,,2022-2026,Hatchback,GTI/R,fallback,Volkswagen Golf 2022 Hatchback 原子事实对应多条候选记录
非皮卡,高度压缩两两组合,Volkswagen,Jetta/Jetta,Jetta,/,/,无可用尺码,1980-1999/2000-2005,Sedan/Sedan,/Diesel,,,1980-2005,Sedan,Incl: Diesel,success,
非皮卡,高度压缩两两组合,Volkswagen,Jetta/Jetta,Jetta,/,/,无可用尺码,1980-2005/2006-2018,Sedan/Sedan,Incl: Diesel/,,,1980-2018,Sedan,Incl: Diesel,success,
非皮卡,高度压缩两两组合,Volkswagen,Jetta/Jetta,Jetta,/,/,无可用尺码,1980-2018/2009-2014,Sedan/Wagon,Incl: Diesel/,,,1980-2018,Sedan/Wagon,Incl: Diesel,success,
非皮卡,高度压缩两两组合,Volkswagen,Jetta/Jetta,Jetta,/,/,无可用尺码,1980-2018/2019-2026,Sedan/Wagon/Sedan,Incl: Diesel/GLI,,,1980-2026,Sedan/Wagon,Incl: Diesel/GLI,success,
非皮卡,高度压缩两两组合,Volkswagen,Passat/Passat,Passat,/,/,无可用尺码,1974-1981/1974-1988,Hatchback/Wagon,/,,,1974-1988,Hatchback/Wagon,,success,
非皮卡,高度压缩两两组合,Volkswagen,Passat/Passat,Passat,/,/,无可用尺码,1974-1988/1982-1988,Hatchback/Wagon/Sedan,/,,,1974-1988,Hatchback/Sedan/Wagon,,success,
非皮卡,高度压缩两两组合,Volkswagen,Passat/Passat,Passat,/,/,无可用尺码,1974-1988/1990-2005,Hatchback/Sedan/Wagon/Wagon,/,,,1974-2005,Hatchback/Sedan/Wagon,,fallback,Volkswagen Passat 1990 Sedan 原子事实对应多条候选记录
非皮卡,高度压缩两两组合,Volkswagen,Passat/Passat,Passat,/,/,无可用尺码,1974-1988/1990-2010,Hatchback/Sedan/Wagon/Sedan,/,,,1974-2010,Hatchback/Sedan/Wagon,,fallback,Volkswagen Passat 1990 Wagon 原子事实对应多条候选记录
非皮卡,高度压缩两两组合,Volkswagen,Passat/Passat,Passat,/,/,无可用尺码,1974-1988/2007-2010,Hatchback/Sedan/Wagon/Wagon,/,,,1974-2010,Hatchback/Sedan/Wagon,,fallback,Volkswagen Passat 1990 Sedan 原子事实对应多条候选记录
非皮卡,高度压缩两两组合,Volkswagen,Passat/Passat,Passat,/,/,无可用尺码,1974-1988/2012-2022,Hatchback/Sedan/Wagon/Sedan,/,,,1974-2022,Hatchback/Sedan/Wagon,,fallback,Volkswagen Passat 1990 Sedan 原子事实对应多条候选记录
非皮卡,高度压缩两两组合,Volkswagen,Passat/Passat,Passat,/,/,无可用尺码,1990-2005/1990-2010,Wagon/Sedan,/,,,1990-2010,Sedan/Wagon,,fallback,Volkswagen Passat 2007 Wagon 原子事实对应多条候选记录
非皮卡,高度压缩两两组合,Volkswagen,Passat/Passat,Passat,/,/,无可用尺码,1990-2005/2007-2010,Wagon/Wagon,/,,,1990-2010,Wagon,,success,
非皮卡,高度压缩两两组合,Volkswagen,Passat/Passat,Passat,/,/,无可用尺码,1974-1988/1990-2010,Hatchback/Sedan/Wagon/Sedan,/,,,1974-2010,Hatchback/Sedan/Wagon,,fallback,Volkswagen Passat 1990 Wagon 原子事实对应多条候选记录
非皮卡,高度压缩两两组合,Volkswagen,Passat/Passat,Passat,/,/,无可用尺码,1974-1988/1990-2010,Hatchback/Sedan/Wagon/Wagon,/,,,1974-2010,Hatchback/Sedan/Wagon,,fallback,Volkswagen Passat 1990 Sedan 原子事实对应多条候选记录
非皮卡,高度压缩两两组合,Volkswagen,Passat/Passat,Passat,/,/,无可用尺码,1974-1988/2012-2022,Hatchback/Sedan/Wagon/Sedan,/,,,1974-2022,Hatchback/Sedan/Wagon,,fallback,Volkswagen Passat 1990 Sedan 原子事实对应多条候选记录
非皮卡,高度压缩两两组合,Volkswagen,Passat/Passat,Passat,/,/,无可用尺码,1990-2010/1990-2010,Sedan/Wagon,/,,,1990-2010,Sedan/Wagon,,success,
非皮卡,高度压缩两两组合,Volkswagen,Passat/Passat,Passat,/,/,无可用尺码,1974-1988/1990-2010,Hatchback/Sedan/Wagon/Sedan/Wagon,/,,,1974-2010,Hatchback/Sedan/Wagon,,success,
非皮卡,高度压缩两两组合,Volkswagen,Passat/Passat,Passat,/,/,无可用尺码,1974-2010/2012-2022,Hatchback/Sedan/Wagon/Sedan,/,,,1974-2022,Hatchback/Sedan/Wagon,,success,
非皮卡,高度压缩两两组合,Volkswagen,Rabbit/Rabbit,Rabbit,/,/,无可用尺码,1975-1984/1980,Hatchback/Convertible,/,,,1975-1984,Convertible/Hatchback,,success,
非皮卡,高度压缩两两组合,Volkswagen,Rabbit/Rabbit,Rabbit,/,/,无可用尺码,1975-1984/1984,Convertible/Hatchback/Hatchback,/GTI,,,1975-1984,Convertible/Hatchback,Incl: GTI,success,
非皮卡,高度压缩两两组合,Volkswagen,Rabbit/Rabbit,Rabbit,/,/,无可用尺码,1975-1984/2006-2009,Convertible/Hatchback/Hatchback,Incl: GTI/,,,1975-2009,Convertible/Hatchback,Incl: GTI,success,
非皮卡,高度压缩两两组合,Volvo,C70/C70,C70,/,/,无可用尺码,1998-2004/2006-2013,Convertible/Convertible,/,,,1998-2013,Convertible,,success,
非皮卡,高度压缩两两组合,Volvo,S60/S60,S60,/,/,无可用尺码,2001-2009/2011-2025,Sedan/Sedan,/,,,2001-2025,Sedan,,success,
非皮卡,高度压缩两两组合,Volvo,S90/S90,S90,/,/,4XL,2017/2021-2025,Sedan/Sedan,/,,,2017-2025,Sedan,,success,
非皮卡,高度压缩两两组合,Volvo,V60/V60,V60,/,/,无可用尺码,2015-2018/2019-2026,Wagon/Wagon,Cross Country/,,,2015-2026,Wagon,Incl: Cross Country,success,
非皮卡,高度压缩两两组合,Volvo,V70/V70,V70,/,/,无可用尺码,1998-2000/1998-2000,Wagon/Wagon,/XC,,,1998-2000,Wagon,Incl: XC,success,
非皮卡,高度压缩两两组合,Volvo,V70/V70,V70,/,/,无可用尺码,1998-2000/2001-2010,Wagon/Hatchback,Incl: XC/,,,1998-2010,Hatchback/Wagon,Incl: XC,success,
非皮卡,高度压缩两两组合,Volvo,V90/V90,V90,/,/,无可用尺码,1997-1998/2017-2026,Wagon/Wagon,/Cross Country,,,1997-2026,Wagon,Incl: Cross Country,success,
非皮卡,高度压缩两两组合,Volvo,XC90/XC90,XC90,/,/,无可用尺码,2003-2014/2016-2026,SUV/SUV,/,,,2003-2026,SUV,,success,
皮卡,高度压缩两两组合,Chevrolet,Avalanche/Avalanche,Avalanche,Crew/Crew,5.3/5.3,无可用尺码,2002-2006/2002-2013,,2500/1500,Crew,5.3,2002-2013,,1500/2500,success,
皮卡,高度压缩两两组合,Chevrolet,C/K/C/K,C/K,Regular/Regular,9/6.5,无可用尺码,1960-1972/1960-1986,,/,Regular,6.5-9,1960-1986,,,fallback,原子事实对应多条候选记录
皮卡,高度压缩两两组合,Chevrolet,C/K/C/K,C/K,Regular/Regular,9/8,无可用尺码,1960-1972/1960-1986,,/,Regular,8-9,1960-1986,,,success,
皮卡,高度压缩两两组合,Chevrolet,C/K/C/K,C/K,Regular/Regular,6.5/8-9,无可用尺码,1960-1986/1960-1986,,/,Regular,6.5-9,1960-1986,,,success,
皮卡,高度压缩两两组合,Chevrolet,C/K/C/K,C/K,Regular/Regular,6.5-9/8.5,无可用尺码,1960-1986/1968-1972,,/Longhorn,Regular,6.5-9,1960-1986,,Incl: Longhorn,success,
皮卡,高度压缩两两组合,Chevrolet,C/K/C/K,C/K,Regular/Crew,6.5-9/8,无可用尺码,1960-1986/1973-1986,,Incl: Longhorn/,Regular/Crew,6.5-9,1960-1986,,Incl: Longhorn,success,
皮卡,高度压缩两两组合,Chevrolet,C/K/C/K,C/K,Regular/Crew/Crew,6.5-9/8,无可用尺码,1960-1986/1973-1986,,Incl: Longhorn/DRW,Regular/Crew,6.5-9,1960-1986,,Incl: DRW/Longhorn,fallback,原子事实对应多条候选记录
皮卡,高度压缩两两组合,Chevrolet,C/K/C/K,C/K,Regular/Crew/Regular,6.5-9/8,无可用尺码,1960-1986/1973-1986,,Incl: Longhorn/DRW,Regular/Crew,6.5-9,1960-1986,,Incl: DRW/Longhorn,fallback,原子事实对应多条候选记录
皮卡,高度压缩两两组合,Chevrolet,C/K/C/K,C/K,Regular/Crew/Regular,6.5-9/6.5,无可用尺码,1960-1986/1987-1988,,Incl: Longhorn/R/V,Regular/Crew,6.5-9,1960-1988,,Incl: Longhorn/R/V,fallback,原子事实对应多条候选记录
皮卡,高度压缩两两组合,Chevrolet,C/K/C/K,C/K,Regular/Crew/Regular,6.5-9/8,无可用尺码,1960-1986/1987-1988,,Incl: Longhorn/R/V,Regular/Crew,6.5-9,1960-1988,,Incl: Longhorn/R/V,fallback,原子事实对应多条候选记录
皮卡,高度压缩两两组合,Chevrolet,C/K/C/K,C/K,Regular/Crew/Regular,6.5-9/8,无可用尺码,1960-1986/1987-1988,,Incl: Longhorn/R/V DRW,Regular/Crew,6.5-9,1960-1988,,Incl: Longhorn/R/V DRW,fallback,原子事实对应多条候选记录
皮卡,高度压缩两两组合,Chevrolet,C/K/C/K,C/K,Regular/Crew/Crew,6.5-9/8,无可用尺码,1960-1986/1987-1991,,Incl: Longhorn/R/V,Regular/Crew,6.5-9,1960-1991,,Incl: Longhorn/R/V,fallback,原子事实对应多条候选记录
皮卡,高度压缩两两组合,Chevrolet,C/K/C/K,C/K,Regular/Crew/Crew,6.5-9/8,无可用尺码,1960-1986/1987-1991,,Incl: Longhorn/R/V DRW,Regular/Crew,6.5-9,1960-1991,,Incl: Longhorn/R/V DRW,fallback,原子事实对应多条候选记录
皮卡,高度压缩两两组合,Chevrolet,C/K/C/K,C/K,Regular/Crew/Extended,6.5-9/8,无可用尺码,1960-1986/1988-1998,,Incl: Longhorn/,Regular/Crew/Extended,6.5-9,1960-1998,,Incl: Longhorn,fallback,原子事实对应多条候选记录
皮卡,高度压缩两两组合,Chevrolet,C/K/C/K,C/K,Regular/Crew/Regular,6.5-9/6.5,无可用尺码,1960-1986/1988-1998,,Incl: Longhorn/,Regular/Crew,6.5-9,1960-1998,,Incl: Longhorn,fallback,原子事实对应多条候选记录
皮卡,高度压缩两两组合,Chevrolet,C/K/C/K,C/K,Regular/Crew/Regular,6.5-9/8,无可用尺码,1960-1986/1988-1998,,Incl: Longhorn/,Regular/Crew,6.5-9,1960-1998,,Incl: Longhorn,fallback,原子事实对应多条候选记录
皮卡,高度压缩两两组合,Chevrolet,C/K/C/K,C/K,Regular/Crew/Extended,6.5-9/8,无可用尺码,1960-1986/1988-1998,,Incl: Longhorn/DRW,Regular/Crew/Extended,6.5-9,1960-1998,,Incl: DRW/Longhorn,fallback,原子事实对应多条候选记录
皮卡,高度压缩两两组合,Chevrolet,C/K/C/K,C/K,Regular/Crew/Regular,6.5-9/8,无可用尺码,1960-1986/1988-1998,,Incl: Longhorn/DRW,Regular/Crew,6.5-9,1960-1998,,Incl: DRW/Longhorn,fallback,原子事实对应多条候选记录
皮卡,高度压缩两两组合,Chevrolet,C/K/C/K,C/K,Regular/Crew/Extended,6.5-9/6.5,无可用尺码,1960-1986/1989-1998,,Incl: Longhorn/,Regular/Crew/Extended,6.5-9,1960-1998,,Incl: Longhorn,fallback,原子事实对应多条候选记录
皮卡,高度压缩两两组合,Chevrolet,C/K/C/K,C/K,Regular/Crew/Crew,6.5-9/8,无可用尺码,1960-1986/1992-1998,,Incl: Longhorn/,Regular/Crew,6.5-9,1960-1998,,Incl: Longhorn,fallback,原子事实对应多条候选记录
皮卡,高度压缩两两组合,Chevrolet,C/K/C/K,C/K,Regular/Crew/Crew,6.5-9/8,无可用尺码,1960-1986/1992-2000,,Incl: Longhorn/DRW,Regular/Crew,6.5-9,1960-2000,,Incl: DRW/Longhorn,fallback,原子事实对应多条候选记录
皮卡,高度压缩两两组合,Chevrolet,C/K/C/K,C/K,Regular/Crew/Extended,6.5-9/6.5,无可用尺码,1960-1986/1999,,Incl: Longhorn/Classic,Regular/Crew/Extended,6.5-9,1960-1999,,Incl: Classic/Longhorn,fallback,原子事实对应多条候选记录
皮卡,高度压缩两两组合,Chevrolet,C/K/C/K,C/K,Regular/Crew/Crew,6.5-9/6.5,无可用尺码,1960-1986/1999-2000,,Incl: Longhorn/Classic,Regular/Crew,6.5-9,1960-2000,,Incl: Classic/Longhorn,fallback,原子事实对应多条候选记录
皮卡,高度压缩两两组合,Chevrolet,C/K/C/K,C/K,Regular/Crew/Crew,6.5-9/8,无可用尺码,1960-1986/1999-2000,,Incl: Longhorn/Classic,Regular/Crew,6.5-9,1960-2000,,Incl: Classic/Longhorn,fallback,原子事实对应多条候选记录
皮卡,高度压缩两两组合,Chevrolet,C/K/C/K,C/K,Regular/Crew/Extended,6.5-9/8,无可用尺码,1960-1986/1999-2000,,Incl: Longhorn/Classic,Regular/Crew/Extended,6.5-9,1960-2000,,Incl: Classic/Longhorn,fallback,原子事实对应多条候选记录
皮卡,高度压缩两两组合,Chevrolet,C/K/C/K,C/K,Regular/Crew/Regular,6.5-9/8,无可用尺码,1960-1986/1999-2000,,Incl: Longhorn/Classic,Regular/Crew,6.5-9,1960-2000,,Incl: Classic/Longhorn,fallback,原子事实对应多条候选记录
皮卡,高度压缩两两组合,Chevrolet,C/K/C/K,C/K,Regular/Crew/Crew,6.5-9/6.5,无可用尺码,1960-1986/1999-2000,,Incl: Longhorn/Classic DRW,Regular/Crew,6.5-9,1960-2000,,Incl: Classic DRW/Longhorn,fallback,原子事实对应多条候选记录
皮卡,高度压缩两两组合,Chevrolet,C/K/C/K,C/K,Regular/Crew/Crew,6.5-9/8,无可用尺码,1960-1986/1999-2000,,Incl: Longhorn/Classic DRW,Regular/Crew,6.5-9,1960-2000,,Incl: Classic DRW/Longhorn,fallback,原子事实对应多条候选记录
皮卡,高度压缩两两组合,Chevrolet,C/K/C/K,C/K,Regular/Crew/Extended,6.5-9/8,无可用尺码,1960-1986/1999-2000,,Incl: Longhorn/Classic DRW,Regular/Crew/Extended,6.5-9,1960-2000,,Incl: Classic DRW/Longhorn,fallback,原子事实对应多条候选记录
皮卡,高度压缩两两组合,Chevrolet,C/K/C/K,C/K,Regular/Crew/Regular,6.5-9/8,无可用尺码,1960-1986/1999-2000,,Incl: Longhorn/Classic DRW,Regular/Crew,6.5-9,1960-2000,,Incl: Classic DRW/Longhorn,fallback,原子事实对应多条候选记录
皮卡,高度压缩两两组合,Chevrolet,C/K/C/K,C/K,Crew/Regular,8/8,无可用尺码,1973-1986/1973-1986,,DRW/DRW,Crew/Regular,8,1973-1986,,DRW,success,
皮卡,高度压缩两两组合,Chevrolet,C/K/C/K,C/K,Regular/Crew/Crew/Regular,6.5-9/8,无可用尺码,1960-1986/1973-1986,,Incl: Longhorn/DRW,Regular/Crew,6.5-9,1960-1986,,Incl: DRW/Longhorn,success,
皮卡,高度压缩两两组合,Chevrolet,C/K/C/K,C/K,Regular/Crew/Regular,6.5-9/6.5,无可用尺码,1960-1986/1987-1988,,Incl: DRW/Longhorn/R/V,Regular/Crew,6.5-9,1960-1988,,Incl: DRW/Longhorn/R/V,fallback,原子事实对应多条候选记录
皮卡,高度压缩两两组合,Chevrolet,C/K/C/K,C/K,Regular/Crew/Regular,6.5-9/8,无可用尺码,1960-1986/1987-1988,,Incl: DRW/Longhorn/R/V,Regular/Crew,6.5-9,1960-1988,,Incl: DRW/Longhorn/R/V,fallback,原子事实对应多条候选记录
皮卡,高度压缩两两组合,Chevrolet,C/K/C/K,C/K,Regular/Crew/Regular,6.5-9/8,无可用尺码,1960-1986/1987-1988,,Incl: DRW/Longhorn/R/V DRW,Regular/Crew,6.5-9,1960-1988,,Incl: DRW/Longhorn/R/V DRW,fallback,原子事实对应多条候选记录
皮卡,高度压缩两两组合,Chevrolet,C/K/C/K,C/K,Regular/Crew/Crew,6.5-9/8,无可用尺码,1960-1986/1987-1991,,Incl: DRW/Longhorn/R/V,Regular/Crew,6.5-9,1960-1991,,Incl: DRW/Longhorn/R/V,fallback,原子事实对应多条候选记录
皮卡,高度压缩两两组合,Chevrolet,C/K/C/K,C/K,Regular/Crew/Crew,6.5-9/8,无可用尺码,1960-1986/1987-1991,,Incl: DRW/Longhorn/R/V DRW,Regular/Crew,6.5-9,1960-1991,,Incl: DRW/Longhorn/R/V DRW,fallback,原子事实对应多条候选记录
皮卡,高度压缩两两组合,Chevrolet,C/K/C/K,C/K,Regular/Crew/Extended,6.5-9/8,无可用尺码,1960-1986/1988-1998,,Incl: DRW/Longhorn/,Regular/Crew/Extended,6.5-9,1960-1998,,Incl: DRW/Longhorn,fallback,原子事实对应多条候选记录
皮卡,高度压缩两两组合,Chevrolet,C/K/C/K,C/K,Regular/Crew/Regular,6.5-9/6.5,无可用尺码,1960-1986/1988-1998,,Incl: DRW/Longhorn/,Regular/Crew,6.5-9,1960-1998,,Incl: DRW/Longhorn,fallback,原子事实对应多条候选记录
皮卡,高度压缩两两组合,Chevrolet,C/K/C/K,C/K,Regular/Crew/Regular,6.5-9/8,无可用尺码,1960-1986/1988-1998,,Incl: DRW/Longhorn/,Regular/Crew,6.5-9,1960-1998,,Incl: DRW/Longhorn,fallback,原子事实对应多条候选记录
皮卡,高度压缩两两组合,Chevrolet,C/K/C/K,C/K,Regular/Crew/Extended,6.5-9/8,无可用尺码,1960-1986/1988-1998,,Incl: DRW/Longhorn/DRW,Regular/Crew/Extended,6.5-9,1960-1998,,Incl: DRW/Longhorn,fallback,原子事实对应多条候选记录
皮卡,高度压缩两两组合,Chevrolet,C/K/C/K,C/K,Regular/Crew/Regular,6.5-9/8,无可用尺码,1960-1986/1988-1998,,Incl: DRW/Longhorn/DRW,Regular/Crew,6.5-9,1960-1998,,Incl: DRW/Longhorn,fallback,原子事实对应多条候选记录
皮卡,高度压缩两两组合,Chevrolet,C/K/C/K,C/K,Regular/Crew/Extended,6.5-9/6.5,无可用尺码,1960-1986/1989-1998,,Incl: DRW/Longhorn/,Regular/Crew/Extended,6.5-9,1960-1998,,Incl: DRW/Longhorn,fallback,原子事实对应多条候选记录
皮卡,高度压缩两两组合,Chevrolet,C/K/C/K,C/K,Regular/Crew/Crew,6.5-9/8,无可用尺码,1960-1986/1992-1998,,Incl: DRW/Longhorn/,Regular/Crew,6.5-9,1960-1998,,Incl: DRW/Longhorn,fallback,原子事实对应多条候选记录
皮卡,高度压缩两两组合,Chevrolet,C/K/C/K,C/K,Regular/Crew/Crew,6.5-9/8,无可用尺码,1960-1986/1992-2000,,Incl: DRW/Longhorn/DRW,Regular/Crew,6.5-9,1960-2000,,Incl: DRW/Longhorn,fallback,原子事实对应多条候选记录
皮卡,高度压缩两两组合,Chevrolet,C/K/C/K,C/K,Regular/Crew/Extended,6.5-9/6.5,无可用尺码,1960-1986/1999,,Incl: DRW/Longhorn/Classic,Regular/Crew/Extended,6.5-9,1960-1999,,Incl: Classic/DRW/Longhorn,fallback,原子事实对应多条候选记录
皮卡,高度压缩两两组合,Chevrolet,C/K/C/K,C/K,Regular/Crew/Crew,6.5-9/6.5,无可用尺码,1960-1986/1999-2000,,Incl: DRW/Longhorn/Classic,Regular/Crew,6.5-9,1960-2000,,Incl: Classic/DRW/Longhorn,fallback,原子事实对应多条候选记录
皮卡,高度压缩两两组合,Chevrolet,C/K/C/K,C/K,Regular/Crew/Crew,6.5-9/8,无可用尺码,1960-1986/1999-2000,,Incl: DRW/Longhorn/Classic,Regular/Crew,6.5-9,1960-2000,,Incl: Classic/DRW/Longhorn,fallback,原子事实对应多条候选记录
皮卡,高度压缩两两组合,Chevrolet,C/K/C/K,C/K,Regular/Crew/Extended,6.5-9/8,无可用尺码,1960-1986/1999-2000,,Incl: DRW/Longhorn/Classic,Regular/Crew/Extended,6.5-9,1960-2000,,Incl: Classic/DRW/Longhorn,fallback,原子事实对应多条候选记录
皮卡,高度压缩两两组合,Chevrolet,C/K/C/K,C/K,Regular/Crew/Regular,6.5-9/8,无可用尺码,1960-1986/1999-2000,,Incl: DRW/Longhorn/Classic,Regular/Crew,6.5-9,1960-2000,,Incl: Classic/DRW/Longhorn,fallback,原子事实对应多条候选记录
皮卡,高度压缩两两组合,Chevrolet,C/K/C/K,C/K,Regular/Crew/Crew,6.5-9/6.5,无可用尺码,1960-1986/1999-2000,,Incl: DRW/Longhorn/Classic DRW,Regular/Crew,6.5-9,1960-2000,,Incl: Classic DRW/DRW/Longhorn,fallback,原子事实对应多条候选记录
皮卡,高度压缩两两组合,Chevrolet,C/K/C/K,C/K,Regular/Crew/Crew,6.5-9/8,无可用尺码,1960-1986/1999-2000,,Incl: DRW/Longhorn/Classic DRW,Regular/Crew,6.5-9,1960-2000,,Incl: Classic DRW/DRW/Longhorn,fallback,原子事实对应多条候选记录
皮卡,高度压缩两两组合,Chevrolet,C/K/C/K,C/K,Regular/Crew/Extended,6.5-9/8,无可用尺码,1960-1986/1999-2000,,Incl: DRW/Longhorn/Classic DRW,Regular/Crew/Extended,6.5-9,1960-2000,,Incl: Classic DRW/DRW/Longhorn,fallback,原子事实对应多条候选记录
皮卡,高度压缩两两组合,Chevrolet,C/K/C/K,C/K,Regular/Crew/Regular,6.5-9/8,无可用尺码,1960-1986/1999-2000,,Incl: DRW/Longhorn/Classic DRW,Regular/Crew,6.5-9,1960-2000,,Incl: Classic DRW/DRW/Longhorn,fallback,原子事实对应多条候选记录
皮卡,高度压缩两两组合,Chevrolet,C/K/C/K,C/K,Regular/Regular,6.5/8,无可用尺码,1987-1988/1987-1988,,R/V/R/V,Regular,6.5-8,1987-1988,,R/V,success,
皮卡,高度压缩两两组合,Chevrolet,C/K/C/K,C/K,Regular/Crew/Regular,6.5-9/6.5-8,无可用尺码,1960-1986/1987-1988,,Incl: DRW/Longhorn/R/V,Regular/Crew,6.5-9,1960-1988,,Incl: DRW/Longhorn/R/V,fallback,原子事实对应多条候选记录
皮卡,高度压缩两两组合,Chevrolet,C/K/C/K,C/K,Regular/Crew/Regular,6.5-9/8,无可用尺码,1960-1986/1987-1988,,Incl: DRW/Longhorn/R/V DRW,Regular/Crew,6.5-9,1960-1988,,Incl: DRW/Longhorn/R/V DRW,fallback,原子事实对应多条候选记录
皮卡,高度压缩两两组合,Chevrolet,C/K/C/K,C/K,Regular/Crew/Crew,6.5-9/8,无可用尺码,1960-1986/1987-1991,,Incl: DRW/Longhorn/R/V,Regular/Crew,6.5-9,1960-1991,,Incl: DRW/Longhorn/R/V,fallback,原子事实对应多条候选记录
皮卡,高度压缩两两组合,Chevrolet,C/K/C/K,C/K,Regular/Crew/Crew,6.5-9/8,无可用尺码,1960-1986/1987-1991,,Incl: DRW/Longhorn/R/V DRW,Regular/Crew,6.5-9,1960-1991,,Incl: DRW/Longhorn/R/V DRW,fallback,原子事实对应多条候选记录
皮卡,高度压缩两两组合,Chevrolet,C/K/C/K,C/K,Regular/Crew/Extended,6.5-9/8,无可用尺码,1960-1986/1988-1998,,Incl: DRW/Longhorn/,Regular/Crew/Extended,6.5-9,1960-1998,,Incl: DRW/Longhorn,fallback,原子事实对应多条候选记录
皮卡,高度压缩两两组合,Chevrolet,C/K/C/K,C/K,Regular/Crew/Regular,6.5-9/6.5,无可用尺码,1960-1986/1988-1998,,Incl: DRW/Longhorn/,Regular/Crew,6.5-9,1960-1998,,Incl: DRW/Longhorn,fallback,原子事实对应多条候选记录
皮卡,高度压缩两两组合,Chevrolet,C/K/C/K,C/K,Regular/Crew/Regular,6.5-9/8,无可用尺码,1960-1986/1988-1998,,Incl: DRW/Longhorn/,Regular/Crew,6.5-9,1960-1998,,Incl: DRW/Longhorn,fallback,原子事实对应多条候选记录
皮卡,高度压缩两两组合,Chevrolet,C/K/C/K,C/K,Regular/Crew/Extended,6.5-9/8,无可用尺码,1960-1986/1988-1998,,Incl: DRW/Longhorn/DRW,Regular/Crew/Extended,6.5-9,1960-1998,,Incl: DRW/Longhorn,fallback,原子事实对应多条候选记录
皮卡,高度压缩两两组合,Chevrolet,C/K/C/K,C/K,Regular/Crew/Regular,6.5-9/8,无可用尺码,1960-1986/1988-1998,,Incl: DRW/Longhorn/DRW,Regular/Crew,6.5-9,1960-1998,,Incl: DRW/Longhorn,fallback,原子事实对应多条候选记录
皮卡,高度压缩两两组合,Chevrolet,C/K/C/K,C/K,Regular/Crew/Extended,6.5-9/6.5,无可用尺码,1960-1986/1989-1998,,Incl: DRW/Longhorn/,Regular/Crew/Extended,6.5-9,1960-1998,,Incl: DRW/Longhorn,fallback,原子事实对应多条候选记录
皮卡,高度压缩两两组合,Chevrolet,C/K/C/K,C/K,Regular/Crew/Crew,6.5-9/8,无可用尺码,1960-1986/1992-1998,,Incl: DRW/Longhorn/,Regular/Crew,6.5-9,1960-1998,,Incl: DRW/Longhorn,fallback,原子事实对应多条候选记录
皮卡,高度压缩两两组合,Chevrolet,C/K/C/K,C/K,Regular/Crew/Crew,6.5-9/8,无可用尺码,1960-1986/1992-2000,,Incl: DRW/Longhorn/DRW,Regular/Crew,6.5-9,1960-2000,,Incl: DRW/Longhorn,fallback,原子事实对应多条候选记录
皮卡,高度压缩两两组合,Chevrolet,C/K/C/K,C/K,Regular/Crew/Extended,6.5-9/6.5,无可用尺码,1960-1986/1999,,Incl: DRW/Longhorn/Classic,Regular/Crew/Extended,6.5-9,1960-1999,,Incl: Classic/DRW/Longhorn,fallback,原子事实对应多条候选记录
皮卡,高度压缩两两组合,Chevrolet,C/K/C/K,C/K,Regular/Crew/Crew,6.5-9/6.5,无可用尺码,1960-1986/1999-2000,,Incl: DRW/Longhorn/Classic,Regular/Crew,6.5-9,1960-2000,,Incl: Classic/DRW/Longhorn,fallback,原子事实对应多条候选记录
皮卡,高度压缩两两组合,Chevrolet,C/K/C/K,C/K,Regular/Crew/Crew,6.5-9/8,无可用尺码,1960-1986/1999-2000,,Incl: DRW/Longhorn/Classic,Regular/Crew,6.5-9,1960-2000,,Incl: Classic/DRW/Longhorn,fallback,原子事实对应多条候选记录
皮卡,高度压缩两两组合,Chevrolet,C/K/C/K,C/K,Regular/Crew/Extended,6.5-9/8,无可用尺码,1960-1986/1999-2000,,Incl: DRW/Longhorn/Classic,Regular/Crew/Extended,6.5-9,1960-2000,,Incl: Classic/DRW/Longhorn,fallback,原子事实对应多条候选记录
皮卡,高度压缩两两组合,Chevrolet,C/K/C/K,C/K,Regular/Crew/Regular,6.5-9/8,无可用尺码,1960-1986/1999-2000,,Incl: DRW/Longhorn/Classic,Regular/Crew,6.5-9,1960-2000,,Incl: Classic/DRW/Longhorn,fallback,原子事实对应多条候选记录
皮卡,高度压缩两两组合,Chevrolet,C/K/C/K,C/K,Regular/Crew/Crew,6.5-9/6.5,无可用尺码,1960-1986/1999-2000,,Incl: DRW/Longhorn/Classic DRW,Regular/Crew,6.5-9,1960-2000,,Incl: Classic DRW/DRW/Longhorn,fallback,原子事实对应多条候选记录
皮卡,高度压缩两两组合,Chevrolet,C/K/C/K,C/K,Regular/Crew/Crew,6.5-9/8,无可用尺码,1960-1986/1999-2000,,Incl: DRW/Longhorn/Classic DRW,Regular/Crew,6.5-9,1960-2000,,Incl: Classic DRW/DRW/Longhorn,fallback,原子事实对应多条候选记录
皮卡,高度压缩两两组合,Chevrolet,C/K/C/K,C/K,Regular/Crew/Extended,6.5-9/8,无可用尺码,1960-1986/1999-2000,,Incl: DRW/Longhorn/Classic DRW,Regular/Crew/Extended,6.5-9,1960-2000,,Incl: Classic DRW/DRW/Longhorn,fallback,原子事实对应多条候选记录
皮卡,高度压缩两两组合,Chevrolet,C/K/C/K,C/K,Regular/Crew/Regular,6.5-9/8,无可用尺码,1960-1986/1999-2000,,Incl: DRW/Longhorn/Classic DRW,Regular/Crew,6.5-9,1960-2000,,Incl: Classic DRW/DRW/Longhorn,fallback,原子事实对应多条候选记录
皮卡,高度压缩两两组合,Chevrolet,C/K/C/K,C/K,Regular/Regular,6.5-8/8,无可用尺码,1987-1988/1987-1988,,R/V/R/V DRW,Regular,6.5-8,1987-1988,,R/V/R/V DRW,success,
皮卡,高度压缩两两组合,Chevrolet,C/K/C/K,C/K,Regular/Crew/Regular,6.5-9/6.5-8,无可用尺码,1960-1986/1987-1988,,Incl: DRW/Longhorn/R/V/R/V DRW,Regular/Crew,6.5-9,1960-1988,,Incl: DRW/Longhorn/R/V/R/V DRW,fallback,原子事实对应多条候选记录
皮卡,高度压缩两两组合,Chevrolet,C/K/C/K,C/K,Regular/Crew/Crew,6.5-9/8,无可用尺码,1960-1986/1987-1991,,Incl: DRW/Longhorn/R/V,Regular/Crew,6.5-9,1960-1991,,Incl: DRW/Longhorn/R/V,fallback,原子事实对应多条候选记录
皮卡,高度压缩两两组合,Chevrolet,C/K/C/K,C/K,Regular/Crew/Crew,6.5-9/8,无可用尺码,1960-1986/1987-1991,,Incl: DRW/Longhorn/R/V DRW,Regular/Crew,6.5-9,1960-1991,,Incl: DRW/Longhorn/R/V DRW,fallback,原子事实对应多条候选记录
皮卡,高度压缩两两组合,Chevrolet,C/K/C/K,C/K,Regular/Crew/Extended,6.5-9/8,无可用尺码,1960-1986/1988-1998,,Incl: DRW/Longhorn/,Regular/Crew/Extended,6.5-9,1960-1998,,Incl: DRW/Longhorn,fallback,原子事实对应多条候选记录
皮卡,高度压缩两两组合,Chevrolet,C/K/C/K,C/K,Regular/Crew/Regular,6.5-9/6.5,无可用尺码,1960-1986/1988-1998,,Incl: DRW/Longhorn/,Regular/Crew,6.5-9,1960-1998,,Incl: DRW/Longhorn,fallback,原子事实对应多条候选记录
皮卡,高度压缩两两组合,Chevrolet,C/K/C/K,C/K,Regular/Crew/Regular,6.5-9/8,无可用尺码,1960-1986/1988-1998,,Incl: DRW/Longhorn/,Regular/Crew,6.5-9,1960-1998,,Incl: DRW/Longhorn,fallback,原子事实对应多条候选记录
皮卡,高度压缩两两组合,Chevrolet,C/K/C/K,C/K,Regular/Crew/Extended,6.5-9/8,无可用尺码,1960-1986/1988-1998,,Incl: DRW/Longhorn/DRW,Regular/Crew/Extended,6.5-9,1960-1998,,Incl: DRW/Longhorn,fallback,原子事实对应多条候选记录
皮卡,高度压缩两两组合,Chevrolet,C/K/C/K,C/K,Regular/Crew/Regular,6.5-9/8,无可用尺码,1960-1986/1988-1998,,Incl: DRW/Longhorn/DRW,Regular/Crew,6.5-9,1960-1998,,Incl: DRW/Longhorn,fallback,原子事实对应多条候选记录
皮卡,高度压缩两两组合,Chevrolet,C/K/C/K,C/K,Regular/Crew/Extended,6.5-9/6.5,无可用尺码,1960-1986/1989-1998,,Incl: DRW/Longhorn/,Regular/Crew/Extended,6.5-9,1960-1998,,Incl: DRW/Longhorn,fallback,原子事实对应多条候选记录
皮卡,高度压缩两两组合,Chevrolet,C/K/C/K,C/K,Regular/Crew/Crew,6.5-9/8,无可用尺码,1960-1986/1992-1998,,Incl: DRW/Longhorn/,Regular/Crew,6.5-9,1960-1998,,Incl: DRW/Longhorn,fallback,原子事实对应多条候选记录
皮卡,高度压缩两两组合,Chevrolet,C/K/C/K,C/K,Regular/Crew/Crew,6.5-9/8,无可用尺码,1960-1986/1992-2000,,Incl: DRW/Longhorn/DRW,Regular/Crew,6.5-9,1960-2000,,Incl: DRW/Longhorn,fallback,原子事实对应多条候选记录
皮卡,高度压缩两两组合,Chevrolet,C/K/C/K,C/K,Regular/Crew/Extended,6.5-9/6.5,无可用尺码,1960-1986/1999,,Incl: DRW/Longhorn/Classic,Regular/Crew/Extended,6.5-9,1960-1999,,Incl: Classic/DRW/Longhorn,fallback,原子事实对应多条候选记录
皮卡,高度压缩两两组合,Chevrolet,C/K/C/K,C/K,Regular/Crew/Crew,6.5-9/6.5,无可用尺码,1960-1986/1999-2000,,Incl: DRW/Longhorn/Classic,Regular/Crew,6.5-9,1960-2000,,Incl: Classic/DRW/Longhorn,fallback,原子事实对应多条候选记录
皮卡,高度压缩两两组合,Chevrolet,C/K/C/K,C/K,Regular/Crew/Crew,6.5-9/8,无可用尺码,1960-1986/1999-2000,,Incl: DRW/Longhorn/Classic,Regular/Crew,6.5-9,1960-2000,,Incl: Classic/DRW/Longhorn,fallback,原子事实对应多条候选记录
皮卡,高度压缩两两组合,Chevrolet,C/K/C/K,C/K,Regular/Crew/Extended,6.5-9/8,无可用尺码,1960-1986/1999-2000,,Incl: DRW/Longhorn/Classic,Regular/Crew/Extended,6.5-9,1960-2000,,Incl: Classic/DRW/Longhorn,fallback,原子事实对应多条候选记录
皮卡,高度压缩两两组合,Chevrolet,C/K/C/K,C/K,Regular/Crew/Regular,6.5-9/8,无可用尺码,1960-1986/1999-2000,,Incl: DRW/Longhorn/Classic,Regular/Crew,6.5-9,1960-2000,,Incl: Classic/DRW/Longhorn,fallback,原子事实对应多条候选记录
皮卡,高度压缩两两组合,Chevrolet,C/K/C/K,C/K,Regular/Crew/Crew,6.5-9/6.5,无可用尺码,1960-1986/1999-2000,,Incl: DRW/Longhorn/Classic DRW,Regular/Crew,6.5-9,1960-2000,,Incl: Classic DRW/DRW/Longhorn,fallback,原子事实对应多条候选记录
皮卡,高度压缩两两组合,Chevrolet,C/K/C/K,C/K,Regular/Crew/Crew,6.5-9/8,无可用尺码,1960-1986/1999-2000,,Incl: DRW/Longhorn/Classic DRW,Regular/Crew,6.5-9,1960-2000,,Incl: Classic DRW/DRW/Longhorn,fallback,原子事实对应多条候选记录
皮卡,高度压缩两两组合,Chevrolet,C/K/C/K,C/K,Regular/Crew/Extended,6.5-9/8,无可用尺码,1960-1986/1999-2000,,Incl: DRW/Longhorn/Classic DRW,Regular/Crew/Extended,6.5-9,1960-2000,,Incl: Classic DRW/DRW/Longhorn,fallback,原子事实对应多条候选记录
皮卡,高度压缩两两组合,Chevrolet,C/K/C/K,C/K,Regular/Crew/Regular,6.5-9/8,无可用尺码,1960-1986/1999-2000,,Incl: DRW/Longhorn/Classic DRW,Regular/Crew,6.5-9,1960-2000,,Incl: Classic DRW/DRW/Longhorn,fallback,原子事实对应多条候选记录
皮卡,高度压缩两两组合,Chevrolet,C/K/C/K,C/K,Regular/Crew,6.5-8/8,无可用尺码,1987-1988/1987-1991,,R/V/R/V DRW/R/V,Regular/Crew,6.5-8,1987-1991,,R/V/R/V DRW,fallback,原子事实对应多条候选记录
皮卡,高度压缩两两组合,Chevrolet,C/K/C/K,C/K,Regular/Crew,6.5-8/8,无可用尺码,1987-1988/1987-1991,,R/V/R/V DRW/R/V DRW,Regular/Crew,6.5-8,1987-1991,,R/V/R/V DRW,fallback,原子事实对应多条候选记录
皮卡,高度压缩两两组合,Chevrolet,C/K/C/K,C/K,Regular/Extended,6.5-8/8,无可用尺码,1987-1988/1988-1998,,R/V/R/V DRW/,Regular/Extended,6.5-8,1987-1998,,Incl: R/V/R/V DRW,fallback,原子事实对应多条候选记录
皮卡,高度压缩两两组合,Chevrolet,C/K/C/K,C/K,Regular/Regular,6.5-8/6.5,无可用尺码,1987-1988/1988-1998,,R/V/R/V DRW/,Regular,6.5-8,1987-1998,,Incl: R/V/R/V DRW,fallback,原子事实对应多条候选记录
皮卡,高度压缩两两组合,Chevrolet,C/K/C/K,C/K,Regular/Regular,6.5-8/8,无可用尺码,1987-1988/1988-1998,,R/V/R/V DRW/,Regular,6.5-8,1987-1998,,Incl: R/V/R/V DRW,fallback,原子事实对应多条候选记录
皮卡,高度压缩两两组合,Chevrolet,C/K/C/K,C/K,Regular/Extended,6.5-8/8,无可用尺码,1987-1988/1988-1998,,R/V/R/V DRW/DRW,Regular/Extended,6.5-8,1987-1998,,DRW/R/V/R/V DRW,fallback,原子事实对应多条候选记录
皮卡,高度压缩两两组合,Chevrolet,C/K/C/K,C/K,Regular/Regular,6.5-8/8,无可用尺码,1987-1988/1988-1998,,R/V/R/V DRW/DRW,Regular,6.5-8,1987-1998,,DRW/R/V/R/V DRW,success,
皮卡,高度压缩两两组合,Chevrolet,C/K/C/K,C/K,Regular/Crew/Crew,6.5-9/8,无可用尺码,1960-1986/1987-1991,,Incl: DRW/Longhorn/R/V,Regular/Crew,6.5-9,1960-1991,,Incl: DRW/Longhorn/R/V,fallback,原子事实对应多条候选记录
皮卡,高度压缩两两组合,Chevrolet,C/K/C/K,C/K,Regular/Crew/Crew,6.5-9/8,无可用尺码,1960-1986/1987-1991,,Incl: DRW/Longhorn/R/V DRW,Regular/Crew,6.5-9,1960-1991,,Incl: DRW/Longhorn/R/V DRW,fallback,原子事实对应多条候选记录
皮卡,高度压缩两两组合,Chevrolet,C/K/C/K,C/K,Regular/Crew/Regular,6.5-9/6.5-8,无可用尺码,1960-1986/1987-1998,,Incl: DRW/Longhorn/DRW/R/V/R/V DRW,Regular/Crew,6.5-9,1960-1998,,Incl: DRW/Longhorn/R/V/R/V DRW,fallback,原子事实对应多条候选记录
皮卡,高度压缩两两组合,Chevrolet,C/K/C/K,C/K,Regular/Crew/Extended,6.5-9/8,无可用尺码,1960-1986/1988-1998,,Incl: DRW/Longhorn/,Regular/Crew/Extended,6.5-9,1960-1998,,Incl: DRW/Longhorn,fallback,原子事实对应多条候选记录
皮卡,高度压缩两两组合,Chevrolet,C/K/C/K,C/K,Regular/Crew/Regular,6.5-9/6.5,无可用尺码,1960-1986/1988-1998,,Incl: DRW/Longhorn/,Regular/Crew,6.5-9,1960-1998,,Incl: DRW/Longhorn,fallback,原子事实对应多条候选记录
皮卡,高度压缩两两组合,Chevrolet,C/K/C/K,C/K,Regular/Crew/Regular,6.5-9/8,无可用尺码,1960-1986/1988-1998,,Incl: DRW/Longhorn/,Regular/Crew,6.5-9,1960-1998,,Incl: DRW/Longhorn,fallback,原子事实对应多条候选记录
皮卡,高度压缩两两组合,Chevrolet,C/K/C/K,C/K,Regular/Crew/Extended,6.5-9/8,无可用尺码,1960-1986/1988-1998,,Incl: DRW/Longhorn/DRW,Regular/Crew/Extended,6.5-9,1960-1998,,Incl: DRW/Longhorn,fallback,原子事实对应多条候选记录
皮卡,高度压缩两两组合,Chevrolet,C/K/C/K,C/K,Regular/Crew/Extended,6.5-9/6.5,无可用尺码,1960-1986/1989-1998,,Incl: DRW/Longhorn/,Regular/Crew/Extended,6.5-9,1960-1998,,Incl: DRW/Longhorn,fallback,原子事实对应多条候选记录
皮卡,高度压缩两两组合,Chevrolet,C/K/C/K,C/K,Regular/Crew/Crew,6.5-9/8,无可用尺码,1960-1986/1992-1998,,Incl: DRW/Longhorn/,Regular/Crew,6.5-9,1960-1998,,Incl: DRW/Longhorn,fallback,原子事实对应多条候选记录
皮卡,高度压缩两两组合,Chevrolet,C/K/C/K,C/K,Regular/Crew/Crew,6.5-9/8,无可用尺码,1960-1986/1992-2000,,Incl: DRW/Longhorn/DRW,Regular/Crew,6.5-9,1960-2000,,Incl: DRW/Longhorn,fallback,原子事实对应多条候选记录
皮卡,高度压缩两两组合,Chevrolet,C/K/C/K,C/K,Regular/Crew/Extended,6.5-9/6.5,无可用尺码,1960-1986/1999,,Incl: DRW/Longhorn/Classic,Regular/Crew/Extended,6.5-9,1960-1999,,Incl: Classic/DRW/Longhorn,fallback,原子事实对应多条候选记录
皮卡,高度压缩两两组合,Chevrolet,C/K/C/K,C/K,Regular/Crew/Crew,6.5-9/6.5,无可用尺码,1960-1986/1999-2000,,Incl: DRW/Longhorn/Classic,Regular/Crew,6.5-9,1960-2000,,Incl: Classic/DRW/Longhorn,fallback,原子事实对应多条候选记录
皮卡,高度压缩两两组合,Chevrolet,C/K/C/K,C/K,Regular/Crew/Crew,6.5-9/8,无可用尺码,1960-1986/1999-2000,,Incl: DRW/Longhorn/Classic,Regular/Crew,6.5-9,1960-2000,,Incl: Classic/DRW/Longhorn,fallback,原子事实对应多条候选记录
皮卡,高度压缩两两组合,Chevrolet,C/K/C/K,C/K,Regular/Crew/Extended,6.5-9/8,无可用尺码,1960-1986/1999-2000,,Incl: DRW/Longhorn/Classic,Regular/Crew/Extended,6.5-9,1960-2000,,Incl: Classic/DRW/Longhorn,fallback,原子事实对应多条候选记录
皮卡,高度压缩两两组合,Chevrolet,C/K/C/K,C/K,Regular/Crew/Regular,6.5-9/8,无可用尺码,1960-1986/1999-2000,,Incl: DRW/Longhorn/Classic,Regular/Crew,6.5-9,1960-2000,,Incl: Classic/DRW/Longhorn,fallback,原子事实对应多条候选记录
皮卡,高度压缩两两组合,Chevrolet,C/K/C/K,C/K,Regular/Crew/Crew,6.5-9/6.5,无可用尺码,1960-1986/1999-2000,,Incl: DRW/Longhorn/Classic DRW,Regular/Crew,6.5-9,1960-2000,,Incl: Classic DRW/DRW/Longhorn,fallback,原子事实对应多条候选记录
皮卡,高度压缩两两组合,Chevrolet,C/K/C/K,C/K,Regular/Crew/Crew,6.5-9/8,无可用尺码,1960-1986/1999-2000,,Incl: DRW/Longhorn/Classic DRW,Regular/Crew,6.5-9,1960-2000,,Incl: Classic DRW/DRW/Longhorn,fallback,原子事实对应多条候选记录
皮卡,高度压缩两两组合,Chevrolet,C/K/C/K,C/K,Regular/Crew/Extended,6.5-9/8,无可用尺码,1960-1986/1999-2000,,Incl: DRW/Longhorn/Classic DRW,Regular/Crew/Extended,6.5-9,1960-2000,,Incl: Classic DRW/DRW/Longhorn,fallback,原子事实对应多条候选记录
皮卡,高度压缩两两组合,Chevrolet,C/K/C/K,C/K,Regular/Crew/Regular,6.5-9/8,无可用尺码,1960-1986/1999-2000,,Incl: DRW/Longhorn/Classic DRW,Regular/Crew,6.5-9,1960-2000,,Incl: Classic DRW/DRW/Longhorn,fallback,原子事实对应多条候选记录
皮卡,高度压缩两两组合,Chevrolet,C/K/C/K,C/K,Crew/Crew,8/8,无可用尺码,1987-1991/1987-1991,,R/V/R/V DRW,Crew,8,1987-1991,,R/V/R/V DRW,success,
皮卡,高度压缩两两组合,Chevrolet,C/K/C/K,C/K,Regular/Crew/Crew,6.5-9/8,无可用尺码,1960-1986/1987-1991,,Incl: DRW/Longhorn/R/V/R/V DRW,Regular/Crew,6.5-9,1960-1991,,Incl: DRW/Longhorn/R/V/R/V DRW,fallback,原子事实对应多条候选记录
皮卡,高度压缩两两组合,Chevrolet,C/K/C/K,C/K,Regular/Crew/Regular,6.5-9/6.5-8,无可用尺码,1960-1986/1987-1998,,Incl: DRW/Longhorn/DRW/R/V/R/V DRW,Regular/Crew,6.5-9,1960-1998,,Incl: DRW/Longhorn/R/V/R/V DRW,fallback,原子事实对应多条候选记录
皮卡,高度压缩两两组合,Chevrolet,C/K/C/K,C/K,Regular/Crew/Extended,6.5-9/8,无可用尺码,1960-1986/1988-1998,,Incl: DRW/Longhorn/,Regular/Crew/Extended,6.5-9,1960-1998,,Incl: DRW/Longhorn,fallback,原子事实对应多条候选记录
皮卡,高度压缩两两组合,Chevrolet,C/K/C/K,C/K,Regular/Crew/Regular,6.5-9/6.5,无可用尺码,1960-1986/1988-1998,,Incl: DRW/Longhorn/,Regular/Crew,6.5-9,1960-1998,,Incl: DRW/Longhorn,fallback,原子事实对应多条候选记录
皮卡,高度压缩两两组合,Chevrolet,C/K/C/K,C/K,Regular/Crew/Regular,6.5-9/8,无可用尺码,1960-1986/1988-1998,,Incl: DRW/Longhorn/,Regular/Crew,6.5-9,1960-1998,,Incl: DRW/Longhorn,fallback,原子事实对应多条候选记录
皮卡,高度压缩两两组合,Chevrolet,C/K/C/K,C/K,Regular/Crew/Extended,6.5-9/8,无可用尺码,1960-1986/1988-1998,,Incl: DRW/Longhorn/DRW,Regular/Crew/Extended,6.5-9,1960-1998,,Incl: DRW/Longhorn,fallback,原子事实对应多条候选记录
皮卡,高度压缩两两组合,Chevrolet,C/K/C/K,C/K,Regular/Crew/Extended,6.5-9/6.5,无可用尺码,1960-1986/1989-1998,,Incl: DRW/Longhorn/,Regular/Crew/Extended,6.5-9,1960-1998,,Incl: DRW/Longhorn,fallback,原子事实对应多条候选记录
皮卡,高度压缩两两组合,Chevrolet,C/K/C/K,C/K,Regular/Crew/Crew,6.5-9/8,无可用尺码,1960-1986/1992-1998,,Incl: DRW/Longhorn/,Regular/Crew,6.5-9,1960-1998,,Incl: DRW/Longhorn,fallback,原子事实对应多条候选记录
皮卡,高度压缩两两组合,Chevrolet,C/K/C/K,C/K,Regular/Crew/Crew,6.5-9/8,无可用尺码,1960-1986/1992-2000,,Incl: DRW/Longhorn/DRW,Regular/Crew,6.5-9,1960-2000,,Incl: DRW/Longhorn,fallback,原子事实对应多条候选记录
皮卡,高度压缩两两组合,Chevrolet,C/K/C/K,C/K,Regular/Crew/Extended,6.5-9/6.5,无可用尺码,1960-1986/1999,,Incl: DRW/Longhorn/Classic,Regular/Crew/Extended,6.5-9,1960-1999,,Incl: Classic/DRW/Longhorn,fallback,原子事实对应多条候选记录
皮卡,高度压缩两两组合,Chevrolet,C/K/C/K,C/K,Regular/Crew/Crew,6.5-9/6.5,无可用尺码,1960-1986/1999-2000,,Incl: DRW/Longhorn/Classic,Regular/Crew,6.5-9,1960-2000,,Incl: Classic/DRW/Longhorn,fallback,原子事实对应多条候选记录
皮卡,高度压缩两两组合,Chevrolet,C/K/C/K,C/K,Regular/Crew/Crew,6.5-9/8,无可用尺码,1960-1986/1999-2000,,Incl: DRW/Longhorn/Classic,Regular/Crew,6.5-9,1960-2000,,Incl: Classic/DRW/Longhorn,fallback,原子事实对应多条候选记录
皮卡,高度压缩两两组合,Chevrolet,C/K/C/K,C/K,Regular/Crew/Extended,6.5-9/8,无可用尺码,1960-1986/1999-2000,,Incl: DRW/Longhorn/Classic,Regular/Crew/Extended,6.5-9,1960-2000,,Incl: Classic/DRW/Longhorn,fallback,原子事实对应多条候选记录
皮卡,高度压缩两两组合,Chevrolet,C/K/C/K,C/K,Regular/Crew/Regular,6.5-9/8,无可用尺码,1960-1986/1999-2000,,Incl: DRW/Longhorn/Classic,Regular/Crew,6.5-9,1960-2000,,Incl: Classic/DRW/Longhorn,fallback,原子事实对应多条候选记录
皮卡,高度压缩两两组合,Chevrolet,C/K/C/K,C/K,Regular/Crew/Crew,6.5-9/6.5,无可用尺码,1960-1986/1999-2000,,Incl: DRW/Longhorn/Classic DRW,Regular/Crew,6.5-9,1960-2000,,Incl: Classic DRW/DRW/Longhorn,fallback,原子事实对应多条候选记录
皮卡,高度压缩两两组合,Chevrolet,C/K/C/K,C/K,Regular/Crew/Crew,6.5-9/8,无可用尺码,1960-1986/1999-2000,,Incl: DRW/Longhorn/Classic DRW,Regular/Crew,6.5-9,1960-2000,,Incl: Classic DRW/DRW/Longhorn,fallback,原子事实对应多条候选记录
皮卡,高度压缩两两组合,Chevrolet,C/K/C/K,C/K,Regular/Crew/Extended,6.5-9/8,无可用尺码,1960-1986/1999-2000,,Incl: DRW/Longhorn/Classic DRW,Regular/Crew/Extended,6.5-9,1960-2000,,Incl: Classic DRW/DRW/Longhorn,fallback,原子事实对应多条候选记录
皮卡,高度压缩两两组合,Chevrolet,C/K/C/K,C/K,Regular/Crew/Regular,6.5-9/8,无可用尺码,1960-1986/1999-2000,,Incl: DRW/Longhorn/Classic DRW,Regular/Crew,6.5-9,1960-2000,,Incl: Classic DRW/DRW/Longhorn,fallback,原子事实对应多条候选记录
皮卡,高度压缩两两组合,Chevrolet,C/K/C/K,C/K,Crew/Regular,8/6.5-8,无可用尺码,1987-1991/1987-1998,,R/V/R/V DRW/DRW/R/V/R/V DRW,Crew/Regular,6.5-8,1987-1998,,DRW/R/V/R/V DRW,fallback,原子事实对应多条候选记录
皮卡,高度压缩两两组合,Chevrolet,C/K/C/K,C/K,Crew/Extended,8/8,无可用尺码,1987-1991/1988-1998,,R/V/R/V DRW/,Crew/Extended,8,1987-1998,,Incl: R/V/R/V DRW,fallback,原子事实对应多条候选记录
皮卡,高度压缩两两组合,Chevrolet,C/K/C/K,C/K,Crew/Regular,8/6.5,无可用尺码,1987-1991/1988-1998,,R/V/R/V DRW/,Crew/Regular,6.5-8,1987-1998,,Incl: R/V/R/V DRW,fallback,原子事实对应多条候选记录
皮卡,高度压缩两两组合,Chevrolet,C/K/C/K,C/K,Crew/Regular,8/8,无可用尺码,1987-1991/1988-1998,,R/V/R/V DRW/,Crew/Regular,8,1987-1998,,Incl: R/V/R/V DRW,fallback,原子事实对应多条候选记录
皮卡,高度压缩两两组合,Chevrolet,C/K/C/K,C/K,Crew/Extended,8/8,无可用尺码,1987-1991/1988-1998,,R/V/R/V DRW/DRW,Crew/Extended,8,1987-1998,,DRW/R/V/R/V DRW,fallback,原子事实对应多条候选记录
皮卡,高度压缩两两组合,Chevrolet,C/K/C/K,C/K,Crew/Extended,8/6.5,无可用尺码,1987-1991/1989-1998,,R/V/R/V DRW/,Crew/Extended,6.5-8,1987-1998,,Incl: R/V/R/V DRW,fallback,原子事实对应多条候选记录
皮卡,高度压缩两两组合,Chevrolet,C/K/C/K,C/K,Crew/Crew,8/8,无可用尺码,1987-1991/1992-1998,,R/V/R/V DRW/,Crew,8,1987-1998,,Incl: R/V/R/V DRW,success,
皮卡,高度压缩两两组合,Chevrolet,C/K/C/K,C/K,Regular/Crew/Regular,6.5-9/6.5-8,无可用尺码,1960-1986/1987-1998,,Incl: DRW/Longhorn/DRW/R/V/R/V DRW,Regular/Crew,6.5-9,1960-1998,,Incl: DRW/Longhorn/R/V/R/V DRW,fallback,原子事实对应多条候选记录
皮卡,高度压缩两两组合,Chevrolet,C/K/C/K,C/K,Regular/Crew/Crew,6.5-9/8,无可用尺码,1960-1986/1987-1998,,Incl: DRW/Longhorn/Incl: R/V/R/V DRW,Regular/Crew,6.5-9,1960-1998,,Incl: DRW/Longhorn/R/V/R/V DRW,fallback,原子事实对应多条候选记录
皮卡,高度压缩两两组合,Chevrolet,C/K/C/K,C/K,Regular/Crew/Extended,6.5-9/8,无可用尺码,1960-1986/1988-1998,,Incl: DRW/Longhorn/,Regular/Crew/Extended,6.5-9,1960-1998,,Incl: DRW/Longhorn,fallback,原子事实对应多条候选记录
皮卡,高度压缩两两组合,Chevrolet,C/K/C/K,C/K,Regular/Crew/Regular,6.5-9/6.5,无可用尺码,1960-1986/1988-1998,,Incl: DRW/Longhorn/,Regular/Crew,6.5-9,1960-1998,,Incl: DRW/Longhorn,fallback,原子事实对应多条候选记录
皮卡,高度压缩两两组合,Chevrolet,C/K/C/K,C/K,Regular/Crew/Regular,6.5-9/8,无可用尺码,1960-1986/1988-1998,,Incl: DRW/Longhorn/,Regular/Crew,6.5-9,1960-1998,,Incl: DRW/Longhorn,fallback,原子事实对应多条候选记录
皮卡,高度压缩两两组合,Chevrolet,C/K/C/K,C/K,Regular/Crew/Extended,6.5-9/8,无可用尺码,1960-1986/1988-1998,,Incl: DRW/Longhorn/DRW,Regular/Crew/Extended,6.5-9,1960-1998,,Incl: DRW/Longhorn,fallback,原子事实对应多条候选记录
皮卡,高度压缩两两组合,Chevrolet,C/K/C/K,C/K,Regular/Crew/Extended,6.5-9/6.5,无可用尺码,1960-1986/1989-1998,,Incl: DRW/Longhorn/,Regular/Crew/Extended,6.5-9,1960-1998,,Incl: DRW/Longhorn,fallback,原子事实对应多条候选记录
皮卡,高度压缩两两组合,Chevrolet,C/K/C/K,C/K,Regular/Crew/Crew,6.5-9/8,无可用尺码,1960-1986/1992-2000,,Incl: DRW/Longhorn/DRW,Regular/Crew,6.5-9,1960-2000,,Incl: DRW/Longhorn,fallback,原子事实对应多条候选记录
皮卡,高度压缩两两组合,Chevrolet,C/K/C/K,C/K,Regular/Crew/Extended,6.5-9/6.5,无可用尺码,1960-1986/1999,,Incl: DRW/Longhorn/Classic,Regular/Crew/Extended,6.5-9,1960-1999,,Incl: Classic/DRW/Longhorn,fallback,原子事实对应多条候选记录
皮卡,高度压缩两两组合,Chevrolet,C/K/C/K,C/K,Regular/Crew/Crew,6.5-9/6.5,无可用尺码,1960-1986/1999-2000,,Incl: DRW/Longhorn/Classic,Regular/Crew,6.5-9,1960-2000,,Incl: Classic/DRW/Longhorn,fallback,原子事实对应多条候选记录
皮卡,高度压缩两两组合,Chevrolet,C/K/C/K,C/K,Regular/Crew/Crew,6.5-9/8,无可用尺码,1960-1986/1999-2000,,Incl: DRW/Longhorn/Classic,Regular/Crew,6.5-9,1960-2000,,Incl: Classic/DRW/Longhorn,fallback,原子事实对应多条候选记录
皮卡,高度压缩两两组合,Chevrolet,C/K/C/K,C/K,Regular/Crew/Extended,6.5-9/8,无可用尺码,1960-1986/1999-2000,,Incl: DRW/Longhorn/Classic,Regular/Crew/Extended,6.5-9,1960-2000,,Incl: Classic/DRW/Longhorn,fallback,原子事实对应多条候选记录
皮卡,高度压缩两两组合,Chevrolet,C/K/C/K,C/K,Regular/Crew/Regular,6.5-9/8,无可用尺码,1960-1986/1999-2000,,Incl: DRW/Longhorn/Classic,Regular/Crew,6.5-9,1960-2000,,Incl: Classic/DRW/Longhorn,fallback,原子事实对应多条候选记录
皮卡,高度压缩两两组合,Chevrolet,C/K/C/K,C/K,Regular/Crew/Crew,6.5-9/6.5,无可用尺码,1960-1986/1999-2000,,Incl: DRW/Longhorn/Classic DRW,Regular/Crew,6.5-9,1960-2000,,Incl: Classic DRW/DRW/Longhorn,fallback,原子事实对应多条候选记录
皮卡,高度压缩两两组合,Chevrolet,C/K/C/K,C/K,Regular/Crew/Crew,6.5-9/8,无可用尺码,1960-1986/1999-2000,,Incl: DRW/Longhorn/Classic DRW,Regular/Crew,6.5-9,1960-2000,,Incl: Classic DRW/DRW/Longhorn,fallback,原子事实对应多条候选记录
皮卡,高度压缩两两组合,Chevrolet,C/K/C/K,C/K,Regular/Crew/Extended,6.5-9/8,无可用尺码,1960-1986/1999-2000,,Incl: DRW/Longhorn/Classic DRW,Regular/Crew/Extended,6.5-9,1960-2000,,Incl: Classic DRW/DRW/Longhorn,fallback,原子事实对应多条候选记录
皮卡,高度压缩两两组合,Chevrolet,C/K/C/K,C/K,Regular/Crew/Regular,6.5-9/8,无可用尺码,1960-1986/1999-2000,,Incl: DRW/Longhorn/Classic DRW,Regular/Crew,6.5-9,1960-2000,,Incl: Classic DRW/DRW/Longhorn,fallback,原子事实对应多条候选记录
皮卡,高度压缩两两组合,Chevrolet,C/K/C/K,C/K,Regular/Crew,6.5-8/8,无可用尺码,1987-1998/1987-1998,,DRW/R/V/R/V DRW/Incl: R/V/R/V DRW,Regular/Crew,6.5-8,1987-1998,,Incl: DRW/R/V/R/V DRW,fallback,原子事实对应多条候选记录
皮卡,高度压缩两两组合,Chevrolet,C/K/C/K,C/K,Regular/Extended,6.5-8/8,无可用尺码,1987-1998/1988-1998,,DRW/R/V/R/V DRW/,Regular/Extended,6.5-8,1987-1998,,Incl: DRW/R/V/R/V DRW,fallback,原子事实对应多条候选记录
皮卡,高度压缩两两组合,Chevrolet,C/K/C/K,C/K,Regular/Regular,6.5-8/6.5,无可用尺码,1987-1998/1988-1998,,DRW/R/V/R/V DRW/,Regular,6.5-8,1987-1998,,Incl: DRW/R/V/R/V DRW,fallback,原子事实对应多条候选记录
皮卡,高度压缩两两组合,Chevrolet,C/K/C/K,C/K,Regular/Regular,6.5-8/8,无可用尺码,1987-1998/1988-1998,,DRW/R/V/R/V DRW/,Regular,6.5-8,1987-1998,,Incl: DRW/R/V/R/V DRW,fallback,原子事实对应多条候选记录
皮卡,高度压缩两两组合,Chevrolet,C/K/C/K,C/K,Regular/Extended,6.5-8/8,无可用尺码,1987-1998/1988-1998,,DRW/R/V/R/V DRW/DRW,Regular/Extended,6.5-8,1987-1998,,DRW/R/V/R/V DRW,success,
皮卡,高度压缩两两组合,Chevrolet,C/K/C/K,C/K,Regular/Crew/Regular/Extended,6.5-9/6.5-8,无可用尺码,1960-1986/1987-1998,,Incl: DRW/Longhorn/DRW/R/V/R/V DRW,Regular/Crew/Extended,6.5-9,1960-1998,,Incl: DRW/Longhorn/R/V/R/V DRW,fallback,原子事实对应多条候选记录
皮卡,高度压缩两两组合,Chevrolet,C/K/C/K,C/K,Regular/Crew/Crew,6.5-9/8,无可用尺码,1960-1986/1987-1998,,Incl: DRW/Longhorn/Incl: R/V/R/V DRW,Regular/Crew,6.5-9,1960-1998,,Incl: DRW/Longhorn/R/V/R/V DRW,fallback,原子事实对应多条候选记录
皮卡,高度压缩两两组合,Chevrolet,C/K/C/K,C/K,Regular/Crew/Extended,6.5-9/8,无可用尺码,1960-1986/1988-1998,,Incl: DRW/Longhorn/,Regular/Crew/Extended,6.5-9,1960-1998,,Incl: DRW/Longhorn,fallback,原子事实对应多条候选记录
皮卡,高度压缩两两组合,Chevrolet,C/K/C/K,C/K,Regular/Crew/Regular,6.5-9/6.5,无可用尺码,1960-1986/1988-1998,,Incl: DRW/Longhorn/,Regular/Crew,6.5-9,1960-1998,,Incl: DRW/Longhorn,fallback,原子事实对应多条候选记录
皮卡,高度压缩两两组合,Chevrolet,C/K/C/K,C/K,Regular/Crew/Regular,6.5-9/8,无可用尺码,1960-1986/1988-1998,,Incl: DRW/Longhorn/,Regular/Crew,6.5-9,1960-1998,,Incl: DRW/Longhorn,fallback,原子事实对应多条候选记录
皮卡,高度压缩两两组合,Chevrolet,C/K/C/K,C/K,Regular/Crew/Extended,6.5-9/6.5,无可用尺码,1960-1986/1989-1998,,Incl: DRW/Longhorn/,Regular/Crew/Extended,6.5-9,1960-1998,,Incl: DRW/Longhorn,fallback,原子事实对应多条候选记录
皮卡,高度压缩两两组合,Chevrolet,C/K/C/K,C/K,Regular/Crew/Crew,6.5-9/8,无可用尺码,1960-1986/1992-2000,,Incl: DRW/Longhorn/DRW,Regular/Crew,6.5-9,1960-2000,,Incl: DRW/Longhorn,fallback,原子事实对应多条候选记录
皮卡,高度压缩两两组合,Chevrolet,C/K/C/K,C/K,Regular/Crew/Extended,6.5-9/6.5,无可用尺码,1960-1986/1999,,Incl: DRW/Longhorn/Classic,Regular/Crew/Extended,6.5-9,1960-1999,,Incl: Classic/DRW/Longhorn,fallback,原子事实对应多条候选记录
皮卡,高度压缩两两组合,Chevrolet,C/K/C/K,C/K,Regular/Crew/Crew,6.5-9/6.5,无可用尺码,1960-1986/1999-2000,,Incl: DRW/Longhorn/Classic,Regular/Crew,6.5-9,1960-2000,,Incl: Classic/DRW/Longhorn,fallback,原子事实对应多条候选记录
皮卡,高度压缩两两组合,Chevrolet,C/K/C/K,C/K,Regular/Crew/Crew,6.5-9/8,无可用尺码,1960-1986/1999-2000,,Incl: DRW/Longhorn/Classic,Regular/Crew,6.5-9,1960-2000,,Incl: Classic/DRW/Longhorn,fallback,原子事实对应多条候选记录
皮卡,高度压缩两两组合,Chevrolet,C/K/C/K,C/K,Regular/Crew/Extended,6.5-9/8,无可用尺码,1960-1986/1999-2000,,Incl: DRW/Longhorn/Classic,Regular/Crew/Extended,6.5-9,1960-2000,,Incl: Classic/DRW/Longhorn,fallback,原子事实对应多条候选记录
皮卡,高度压缩两两组合,Chevrolet,C/K/C/K,C/K,Regular/Crew/Regular,6.5-9/8,无可用尺码,1960-1986/1999-2000,,Incl: DRW/Longhorn/Classic,Regular/Crew,6.5-9,1960-2000,,Incl: Classic/DRW/Longhorn,fallback,原子事实对应多条候选记录
皮卡,高度压缩两两组合,Chevrolet,C/K/C/K,C/K,Regular/Crew/Crew,6.5-9/6.5,无可用尺码,1960-1986/1999-2000,,Incl: DRW/Longhorn/Classic DRW,Regular/Crew,6.5-9,1960-2000,,Incl: Classic DRW/DRW/Longhorn,fallback,原子事实对应多条候选记录
皮卡,高度压缩两两组合,Chevrolet,C/K/C/K,C/K,Regular/Crew/Crew,6.5-9/8,无可用尺码,1960-1986/1999-2000,,Incl: DRW/Longhorn/Classic DRW,Regular/Crew,6.5-9,1960-2000,,Incl: Classic DRW/DRW/Longhorn,fallback,原子事实对应多条候选记录
皮卡,高度压缩两两组合,Chevrolet,C/K/C/K,C/K,Regular/Crew/Extended,6.5-9/8,无可用尺码,1960-1986/1999-2000,,Incl: DRW/Longhorn/Classic DRW,Regular/Crew/Extended,6.5-9,1960-2000,,Incl: Classic DRW/DRW/Longhorn,fallback,原子事实对应多条候选记录
皮卡,高度压缩两两组合,Chevrolet,C/K/C/K,C/K,Regular/Crew/Regular,6.5-9/8,无可用尺码,1960-1986/1999-2000,,Incl: DRW/Longhorn/Classic DRW,Regular/Crew,6.5-9,1960-2000,,Incl: Classic DRW/DRW/Longhorn,fallback,原子事实对应多条候选记录
皮卡,高度压缩两两组合,Chevrolet,C/K/C/K,C/K,Regular/Extended/Crew,6.5-8/8,无可用尺码,1987-1998/1987-1998,,DRW/R/V/R/V DRW/Incl: R/V/R/V DRW,Regular/Extended/Crew,6.5-8,1987-1998,,Incl: DRW/R/V/R/V DRW,fallback,原子事实对应多条候选记录
皮卡,高度压缩两两组合,Chevrolet,C/K/C/K,C/K,Regular/Extended/Extended,6.5-8/8,无可用尺码,1987-1998/1988-1998,,DRW/R/V/R/V DRW/,Regular/Extended,6.5-8,1987-1998,,Incl: DRW/R/V/R/V DRW,fallback,原子事实对应多条候选记录
皮卡,高度压缩两两组合,Chevrolet,C/K/C/K,C/K,Regular/Extended/Regular,6.5-8/6.5,无可用尺码,1987-1998/1988-1998,,DRW/R/V/R/V DRW/,Regular/Extended,6.5-8,1987-1998,,Incl: DRW/R/V/R/V DRW,fallback,原子事实对应多条候选记录
皮卡,高度压缩两两组合,Chevrolet,C/K/C/K,C/K,Regular/Extended/Regular,6.5-8/8,无可用尺码,1987-1998/1988-1998,,DRW/R/V/R/V DRW/,Regular/Extended,6.5-8,1987-1998,,Incl: DRW/R/V/R/V DRW,fallback,原子事实对应多条候选记录
皮卡,高度压缩两两组合,Chevrolet,C/K/C/K,C/K,Regular/Extended/Extended,6.5-8/6.5,无可用尺码,1987-1998/1989-1998,,DRW/R/V/R/V DRW/,Regular/Extended,6.5-8,1987-1998,,Incl: DRW/R/V/R/V DRW,fallback,原子事实对应多条候选记录
皮卡,高度压缩两两组合,Chevrolet,C/K/C/K,C/K,Regular/Extended/Crew,6.5-8/8,无可用尺码,1987-1998/1992-2000,,DRW/R/V/R/V DRW/DRW,Regular/Extended/Crew,6.5-8,1987-2000,,DRW/R/V/R/V DRW,fallback,原子事实对应多条候选记录
皮卡,高度压缩两两组合,Chevrolet,C/K/C/K,C/K,Regular/Extended/Extended,6.5-8/6.5,无可用尺码,1987-1998/1999,,DRW/R/V/R/V DRW/Classic,Regular/Extended,6.5-8,1987-1999,,Classic/DRW/R/V/R/V DRW,fallback,原子事实对应多条候选记录
皮卡,高度压缩两两组合,Chevrolet,C/K/C/K,C/K,Regular/Extended/Crew,6.5-8/6.5,无可用尺码,1987-1998/1999-2000,,DRW/R/V/R/V DRW/Classic,Regular/Extended/Crew,6.5-8,1987-2000,,Classic/DRW/R/V/R/V DRW,fallback,原子事实对应多条候选记录
皮卡,高度压缩两两组合,Chevrolet,C/K/C/K,C/K,Regular/Extended/Crew,6.5-8/8,无可用尺码,1987-1998/1999-2000,,DRW/R/V/R/V DRW/Classic,Regular/Extended/Crew,6.5-8,1987-2000,,Classic/DRW/R/V/R/V DRW,fallback,原子事实对应多条候选记录
皮卡,高度压缩两两组合,Chevrolet,C/K/C/K,C/K,Regular/Extended/Extended,6.5-8/8,无可用尺码,1987-1998/1999-2000,,DRW/R/V/R/V DRW/Classic,Regular/Extended,6.5-8,1987-2000,,Classic/DRW/R/V/R/V DRW,fallback,原子事实对应多条候选记录
皮卡,高度压缩两两组合,Chevrolet,C/K/C/K,C/K,Regular/Extended/Regular,6.5-8/8,无可用尺码,1987-1998/1999-2000,,DRW/R/V/R/V DRW/Classic,Regular/Extended,6.5-8,1987-2000,,Classic/DRW/R/V/R/V DRW,fallback,原子事实对应多条候选记录
皮卡,高度压缩两两组合,Chevrolet,C/K/C/K,C/K,Regular/Extended/Crew,6.5-8/6.5,无可用尺码,1987-1998/1999-2000,,DRW/R/V/R/V DRW/Classic DRW,Regular/Extended/Crew,6.5-8,1987-2000,,Classic DRW/DRW/R/V/R/V DRW,fallback,原子事实对应多条候选记录
皮卡,高度压缩两两组合,Chevrolet,C/K/C/K,C/K,Regular/Extended/Crew,6.5-8/8,无可用尺码,1987-1998/1999-2000,,DRW/R/V/R/V DRW/Classic DRW,Regular/Extended/Crew,6.5-8,1987-2000,,Classic DRW/DRW/R/V/R/V DRW,fallback,原子事实对应多条候选记录
皮卡,高度压缩两两组合,Chevrolet,C/K/C/K,C/K,Regular/Extended/Extended,6.5-8/8,无可用尺码,1987-1998/1999-2000,,DRW/R/V/R/V DRW/Classic DRW,Regular/Extended,6.5-8,1987-2000,,Classic DRW/DRW/R/V/R/V DRW,fallback,原子事实对应多条候选记录
皮卡,高度压缩两两组合,Chevrolet,C/K/C/K,C/K,Regular/Extended/Regular,6.5-8/8,无可用尺码,1987-1998/1999-2000,,DRW/R/V/R/V DRW/Classic DRW,Regular/Extended,6.5-8,1987-2000,,Classic DRW/DRW/R/V/R/V DRW,fallback,原子事实对应多条候选记录
皮卡,高度压缩两两组合,Chevrolet,C/K/C/K,C/K,Crew/Extended,8/8,无可用尺码,1987-1998/1988-1998,,Incl: R/V/R/V DRW/,Crew/Extended,8,1987-1998,,Incl: R/V/R/V DRW,success,
皮卡,高度压缩两两组合,Chevrolet,C/K/C/K,C/K,Regular/Crew/Regular/Extended,6.5-9/6.5-8,无可用尺码,1960-1986/1987-1998,,Incl: DRW/Longhorn/DRW/R/V/R/V DRW,Regular/Crew/Extended,6.5-9,1960-1998,,Incl: DRW/Longhorn/R/V/R/V DRW,fallback,原子事实对应多条候选记录
皮卡,高度压缩两两组合,Chevrolet,C/K/C/K,C/K,Regular/Crew/Crew/Extended,6.5-9/8,无可用尺码,1960-1986/1987-1998,,Incl: DRW/Longhorn/Incl: R/V/R/V DRW,Regular/Crew/Extended,6.5-9,1960-1998,,Incl: DRW/Longhorn/R/V/R/V DRW,fallback,原子事实对应多条候选记录
皮卡,高度压缩两两组合,Chevrolet,C/K/C/K,C/K,Regular/Crew/Regular,6.5-9/6.5,无可用尺码,1960-1986/1988-1998,,Incl: DRW/Longhorn/,Regular/Crew,6.5-9,1960-1998,,Incl: DRW/Longhorn,fallback,原子事实对应多条候选记录
皮卡,高度压缩两两组合,Chevrolet,C/K/C/K,C/K,Regular/Crew/Regular,6.5-9/8,无可用尺码,1960-1986/1988-1998,,Incl: DRW/Longhorn/,Regular/Crew,6.5-9,1960-1998,,Incl: DRW/Longhorn,fallback,原子事实对应多条候选记录
皮卡,高度压缩两两组合,Chevrolet,C/K/C/K,C/K,Regular/Crew/Extended,6.5-9/6.5,无可用尺码,1960-1986/1989-1998,,Incl: DRW/Longhorn/,Regular/Crew/Extended,6.5-9,1960-1998,,Incl: DRW/Longhorn,fallback,原子事实对应多条候选记录
皮卡,高度压缩两两组合,Chevrolet,C/K/C/K,C/K,Regular/Crew/Crew,6.5-9/8,无可用尺码,1960-1986/1992-2000,,Incl: DRW/Longhorn/DRW,Regular/Crew,6.5-9,1960-2000,,Incl: DRW/Longhorn,fallback,原子事实对应多条候选记录
皮卡,高度压缩两两组合,Chevrolet,C/K/C/K,C/K,Regular/Crew/Extended,6.5-9/6.5,无可用尺码,1960-1986/1999,,Incl: DRW/Longhorn/Classic,Regular/Crew/Extended,6.5-9,1960-1999,,Incl: Classic/DRW/Longhorn,fallback,原子事实对应多条候选记录
皮卡,高度压缩两两组合,Chevrolet,C/K/C/K,C/K,Regular/Crew/Crew,6.5-9/6.5,无可用尺码,1960-1986/1999-2000,,Incl: DRW/Longhorn/Classic,Regular/Crew,6.5-9,1960-2000,,Incl: Classic/DRW/Longhorn,fallback,原子事实对应多条候选记录
皮卡,高度压缩两两组合,Chevrolet,C/K/C/K,C/K,Regular/Crew/Crew,6.5-9/8,无可用尺码,1960-1986/1999-2000,,Incl: DRW/Longhorn/Classic,Regular/Crew,6.5-9,1960-2000,,Incl: Classic/DRW/Longhorn,fallback,原子事实对应多条候选记录
皮卡,高度压缩两两组合,Chevrolet,C/K/C/K,C/K,Regular/Crew/Extended,6.5-9/8,无可用尺码,1960-1986/1999-2000,,Incl: DRW/Longhorn/Classic,Regular/Crew/Extended,6.5-9,1960-2000,,Incl: Classic/DRW/Longhorn,fallback,原子事实对应多条候选记录
皮卡,高度压缩两两组合,Chevrolet,C/K/C/K,C/K,Regular/Crew/Regular,6.5-9/8,无可用尺码,1960-1986/1999-2000,,Incl: DRW/Longhorn/Classic,Regular/Crew,6.5-9,1960-2000,,Incl: Classic/DRW/Longhorn,fallback,原子事实对应多条候选记录
皮卡,高度压缩两两组合,Chevrolet,C/K/C/K,C/K,Regular/Crew/Crew,6.5-9/6.5,无可用尺码,1960-1986/1999-2000,,Incl: DRW/Longhorn/Classic DRW,Regular/Crew,6.5-9,1960-2000,,Incl: Classic DRW/DRW/Longhorn,fallback,原子事实对应多条候选记录
皮卡,高度压缩两两组合,Chevrolet,C/K/C/K,C/K,Regular/Crew/Crew,6.5-9/8,无可用尺码,1960-1986/1999-2000,,Incl: DRW/Longhorn/Classic DRW,Regular/Crew,6.5-9,1960-2000,,Incl: Classic DRW/DRW/Longhorn,fallback,原子事实对应多条候选记录
皮卡,高度压缩两两组合,Chevrolet,C/K/C/K,C/K,Regular/Crew/Extended,6.5-9/8,无可用尺码,1960-1986/1999-2000,,Incl: DRW/Longhorn/Classic DRW,Regular/Crew/Extended,6.5-9,1960-2000,,Incl: Classic DRW/DRW/Longhorn,fallback,原子事实对应多条候选记录
皮卡,高度压缩两两组合,Chevrolet,C/K/C/K,C/K,Regular/Crew/Regular,6.5-9/8,无可用尺码,1960-1986/1999-2000,,Incl: DRW/Longhorn/Classic DRW,Regular/Crew,6.5-9,1960-2000,,Incl: Classic DRW/DRW/Longhorn,fallback,原子事实对应多条候选记录
皮卡,高度压缩两两组合,Chevrolet,C/K/C/K,C/K,Regular/Extended/Crew/Extended,6.5-8/8,无可用尺码,1987-1998/1987-1998,,DRW/R/V/R/V DRW/Incl: R/V/R/V DRW,Regular/Extended/Crew,6.5-8,1987-1998,,Incl: DRW/R/V/R/V DRW,fallback,原子事实对应多条候选记录
皮卡,高度压缩两两组合,Chevrolet,C/K/C/K,C/K,Regular/Extended/Regular,6.5-8/6.5,无可用尺码,1987-1998/1988-1998,,DRW/R/V/R/V DRW/,Regular/Extended,6.5-8,1987-1998,,Incl: DRW/R/V/R/V DRW,fallback,原子事实对应多条候选记录
皮卡,高度压缩两两组合,Chevrolet,C/K/C/K,C/K,Regular/Extended/Regular,6.5-8/8,无可用尺码,1987-1998/1988-1998,,DRW/R/V/R/V DRW/,Regular/Extended,6.5-8,1987-1998,,Incl: DRW/R/V/R/V DRW,fallback,原子事实对应多条候选记录
皮卡,高度压缩两两组合,Chevrolet,C/K/C/K,C/K,Regular/Extended/Extended,6.5-8/6.5,无可用尺码,1987-1998/1989-1998,,DRW/R/V/R/V DRW/,Regular/Extended,6.5-8,1987-1998,,Incl: DRW/R/V/R/V DRW,fallback,原子事实对应多条候选记录
皮卡,高度压缩两两组合,Chevrolet,C/K/C/K,C/K,Regular/Extended/Crew,6.5-8/8,无可用尺码,1987-1998/1992-2000,,DRW/R/V/R/V DRW/DRW,Regular/Extended/Crew,6.5-8,1987-2000,,DRW/R/V/R/V DRW,fallback,原子事实对应多条候选记录
皮卡,高度压缩两两组合,Chevrolet,C/K/C/K,C/K,Regular/Extended/Extended,6.5-8/6.5,无可用尺码,1987-1998/1999,,DRW/R/V/R/V DRW/Classic,Regular/Extended,6.5-8,1987-1999,,Classic/DRW/R/V/R/V DRW,fallback,原子事实对应多条候选记录
皮卡,高度压缩两两组合,Chevrolet,C/K/C/K,C/K,Regular/Extended/Crew,6.5-8/6.5,无可用尺码,1987-1998/1999-2000,,DRW/R/V/R/V DRW/Classic,Regular/Extended/Crew,6.5-8,1987-2000,,Classic/DRW/R/V/R/V DRW,fallback,原子事实对应多条候选记录
皮卡,高度压缩两两组合,Chevrolet,C/K/C/K,C/K,Regular/Extended/Crew,6.5-8/8,无可用尺码,1987-1998/1999-2000,,DRW/R/V/R/V DRW/Classic,Regular/Extended/Crew,6.5-8,1987-2000,,Classic/DRW/R/V/R/V DRW,fallback,原子事实对应多条候选记录
皮卡,高度压缩两两组合,Chevrolet,C/K/C/K,C/K,Regular/Extended/Extended,6.5-8/8,无可用尺码,1987-1998/1999-2000,,DRW/R/V/R/V DRW/Classic,Regular/Extended,6.5-8,1987-2000,,Classic/DRW/R/V/R/V DRW,fallback,原子事实对应多条候选记录
皮卡,高度压缩两两组合,Chevrolet,C/K/C/K,C/K,Regular/Extended/Regular,6.5-8/8,无可用尺码,1987-1998/1999-2000,,DRW/R/V/R/V DRW/Classic,Regular/Extended,6.5-8,1987-2000,,Classic/DRW/R/V/R/V DRW,fallback,原子事实对应多条候选记录
皮卡,高度压缩两两组合,Chevrolet,C/K/C/K,C/K,Regular/Extended/Crew,6.5-8/6.5,无可用尺码,1987-1998/1999-2000,,DRW/R/V/R/V DRW/Classic DRW,Regular/Extended/Crew,6.5-8,1987-2000,,Classic DRW/DRW/R/V/R/V DRW,fallback,原子事实对应多条候选记录
皮卡,高度压缩两两组合,Chevrolet,C/K/C/K,C/K,Regular/Extended/Crew,6.5-8/8,无可用尺码,1987-1998/1999-2000,,DRW/R/V/R/V DRW/Classic DRW,Regular/Extended/Crew,6.5-8,1987-2000,,Classic DRW/DRW/R/V/R/V DRW,fallback,原子事实对应多条候选记录
皮卡,高度压缩两两组合,Chevrolet,C/K/C/K,C/K,Regular/Extended/Extended,6.5-8/8,无可用尺码,1987-1998/1999-2000,,DRW/R/V/R/V DRW/Classic DRW,Regular/Extended,6.5-8,1987-2000,,Classic DRW/DRW/R/V/R/V DRW,fallback,原子事实对应多条候选记录
皮卡,高度压缩两两组合,Chevrolet,C/K/C/K,C/K,Regular/Extended/Regular,6.5-8/8,无可用尺码,1987-1998/1999-2000,,DRW/R/V/R/V DRW/Classic DRW,Regular/Extended,6.5-8,1987-2000,,Classic DRW/DRW/R/V/R/V DRW,fallback,原子事实对应多条候选记录
皮卡,高度压缩两两组合,Chevrolet,C/K/C/K,C/K,Crew/Extended/Regular,8/6.5,无可用尺码,1987-1998/1988-1998,,Incl: R/V/R/V DRW/,Crew/Extended/Regular,6.5-8,1987-1998,,Incl: R/V/R/V DRW,fallback,原子事实对应多条候选记录
皮卡,高度压缩两两组合,Chevrolet,C/K/C/K,C/K,Crew/Extended/Regular,8/8,无可用尺码,1987-1998/1988-1998,,Incl: R/V/R/V DRW/,Crew/Extended/Regular,8,1987-1998,,Incl: R/V/R/V DRW,fallback,原子事实对应多条候选记录
皮卡,高度压缩两两组合,Chevrolet,C/K/C/K,C/K,Crew/Extended/Extended,8/6.5,无可用尺码,1987-1998/1989-1998,,Incl: R/V/R/V DRW/,Crew/Extended,6.5-8,1987-1998,,Incl: R/V/R/V DRW,success,
皮卡,高度压缩两两组合,Chevrolet,C/K/C/K,C/K,Regular/Crew/Regular/Extended,6.5-9/6.5-8,无可用尺码,1960-1986/1987-1998,,Incl: DRW/Longhorn/DRW/R/V/R/V DRW,Regular/Crew/Extended,6.5-9,1960-1998,,Incl: DRW/Longhorn/R/V/R/V DRW,fallback,原子事实对应多条候选记录
皮卡,高度压缩两两组合,Chevrolet,C/K/C/K,C/K,Regular/Crew/Crew/Extended,6.5-9/6.5-8,无可用尺码,1960-1986/1987-1998,,Incl: DRW/Longhorn/Incl: R/V/R/V DRW,Regular/Crew/Extended,6.5-9,1960-1998,,Incl: DRW/Longhorn/R/V/R/V DRW,fallback,原子事实对应多条候选记录
皮卡,高度压缩两两组合,Chevrolet,C/K/C/K,C/K,Regular/Crew/Regular,6.5-9/6.5,无可用尺码,1960-1986/1988-1998,,Incl: DRW/Longhorn/,Regular/Crew,6.5-9,1960-1998,,Incl: DRW/Longhorn,fallback,原子事实对应多条候选记录
皮卡,高度压缩两两组合,Chevrolet,C/K/C/K,C/K,Regular/Crew/Regular,6.5-9/8,无可用尺码,1960-1986/1988-1998,,Incl: DRW/Longhorn/,Regular/Crew,6.5-9,1960-1998,,Incl: DRW/Longhorn,fallback,原子事实对应多条候选记录
皮卡,高度压缩两两组合,Chevrolet,C/K/C/K,C/K,Regular/Crew/Crew,6.5-9/8,无可用尺码,1960-1986/1992-2000,,Incl: DRW/Longhorn/DRW,Regular/Crew,6.5-9,1960-2000,,Incl: DRW/Longhorn,fallback,原子事实对应多条候选记录
皮卡,高度压缩两两组合,Chevrolet,C/K/C/K,C/K,Regular/Crew/Extended,6.5-9/6.5,无可用尺码,1960-1986/1999,,Incl: DRW/Longhorn/Classic,Regular/Crew/Extended,6.5-9,1960-1999,,Incl: Classic/DRW/Longhorn,fallback,原子事实对应多条候选记录
皮卡,高度压缩两两组合,Chevrolet,C/K/C/K,C/K,Regular/Crew/Crew,6.5-9/6.5,无可用尺码,1960-1986/1999-2000,,Incl: DRW/Longhorn/Classic,Regular/Crew,6.5-9,1960-2000,,Incl: Classic/DRW/Longhorn,fallback,原子事实对应多条候选记录
皮卡,高度压缩两两组合,Chevrolet,C/K/C/K,C/K,Regular/Crew/Crew,6.5-9/8,无可用尺码,1960-1986/1999-2000,,Incl: DRW/Longhorn/Classic,Regular/Crew,6.5-9,1960-2000,,Incl: Classic/DRW/Longhorn,fallback,原子事实对应多条候选记录
皮卡,高度压缩两两组合,Chevrolet,C/K/C/K,C/K,Regular/Crew/Extended,6.5-9/8,无可用尺码,1960-1986/1999-2000,,Incl: DRW/Longhorn/Classic,Regular/Crew/Extended,6.5-9,1960-2000,,Incl: Classic/DRW/Longhorn,fallback,原子事实对应多条候选记录
皮卡,高度压缩两两组合,Chevrolet,C/K/C/K,C/K,Regular/Crew/Regular,6.5-9/8,无可用尺码,1960-1986/1999-2000,,Incl: DRW/Longhorn/Classic,Regular/Crew,6.5-9,1960-2000,,Incl: Classic/DRW/Longhorn,fallback,原子事实对应多条候选记录
皮卡,高度压缩两两组合,Chevrolet,C/K/C/K,C/K,Regular/Crew/Crew,6.5-9/6.5,无可用尺码,1960-1986/1999-2000,,Incl: DRW/Longhorn/Classic DRW,Regular/Crew,6.5-9,1960-2000,,Incl: Classic DRW/DRW/Longhorn,fallback,原子事实对应多条候选记录
皮卡,高度压缩两两组合,Chevrolet,C/K/C/K,C/K,Regular/Crew/Crew,6.5-9/8,无可用尺码,1960-1986/1999-2000,,Incl: DRW/Longhorn/Classic DRW,Regular/Crew,6.5-9,1960-2000,,Incl: Classic DRW/DRW/Longhorn,fallback,原子事实对应多条候选记录
皮卡,高度压缩两两组合,Chevrolet,C/K/C/K,C/K,Regular/Crew/Extended,6.5-9/8,无可用尺码,1960-1986/1999-2000,,Incl: DRW/Longhorn/Classic DRW,Regular/Crew/Extended,6.5-9,1960-2000,,Incl: Classic DRW/DRW/Longhorn,fallback,原子事实对应多条候选记录
皮卡,高度压缩两两组合,Chevrolet,C/K/C/K,C/K,Regular/Crew/Regular,6.5-9/8,无可用尺码,1960-1986/1999-2000,,Incl: DRW/Longhorn/Classic DRW,Regular/Crew,6.5-9,1960-2000,,Incl: Classic DRW/DRW/Longhorn,fallback,原子事实对应多条候选记录
皮卡,高度压缩两两组合,Chevrolet,C/K/C/K,C/K,Regular/Extended/Crew/Extended,6.5-8/6.5-8,无可用尺码,1987-1998/1987-1998,,DRW/R/V/R/V DRW/Incl: R/V/R/V DRW,Regular/Extended/Crew,6.5-8,1987-1998,,Incl: DRW/R/V/R/V DRW,fallback,原子事实对应多条候选记录
皮卡,高度压缩两两组合,Chevrolet,C/K/C/K,C/K,Regular/Extended/Regular,6.5-8/6.5,无可用尺码,1987-1998/1988-1998,,DRW/R/V/R/V DRW/,Regular/Extended,6.5-8,1987-1998,,Incl: DRW/R/V/R/V DRW,fallback,原子事实对应多条候选记录
皮卡,高度压缩两两组合,Chevrolet,C/K/C/K,C/K,Regular/Extended/Regular,6.5-8/8,无可用尺码,1987-1998/1988-1998,,DRW/R/V/R/V DRW/,Regular/Extended,6.5-8,1987-1998,,Incl: DRW/R/V/R/V DRW,fallback,原子事实对应多条候选记录
皮卡,高度压缩两两组合,Chevrolet,C/K/C/K,C/K,Regular/Extended/Crew,6.5-8/8,无可用尺码,1987-1998/1992-2000,,DRW/R/V/R/V DRW/DRW,Regular/Extended/Crew,6.5-8,1987-2000,,DRW/R/V/R/V DRW,fallback,原子事实对应多条候选记录
皮卡,高度压缩两两组合,Chevrolet,C/K/C/K,C/K,Regular/Extended/Extended,6.5-8/6.5,无可用尺码,1987-1998/1999,,DRW/R/V/R/V DRW/Classic,Regular/Extended,6.5-8,1987-1999,,Classic/DRW/R/V/R/V DRW,fallback,原子事实对应多条候选记录
皮卡,高度压缩两两组合,Chevrolet,C/K/C/K,C/K,Regular/Extended/Crew,6.5-8/6.5,无可用尺码,1987-1998/1999-2000,,DRW/R/V/R/V DRW/Classic,Regular/Extended/Crew,6.5-8,1987-2000,,Classic/DRW/R/V/R/V DRW,fallback,原子事实对应多条候选记录
皮卡,高度压缩两两组合,Chevrolet,C/K/C/K,C/K,Regular/Extended/Crew,6.5-8/8,无可用尺码,1987-1998/1999-2000,,DRW/R/V/R/V DRW/Classic,Regular/Extended/Crew,6.5-8,1987-2000,,Classic/DRW/R/V/R/V DRW,fallback,原子事实对应多条候选记录
皮卡,高度压缩两两组合,Chevrolet,C/K/C/K,C/K,Regular/Extended/Extended,6.5-8/8,无可用尺码,1987-1998/1999-2000,,DRW/R/V/R/V DRW/Classic,Regular/Extended,6.5-8,1987-2000,,Classic/DRW/R/V/R/V DRW,fallback,原子事实对应多条候选记录
皮卡,高度压缩两两组合,Chevrolet,C/K/C/K,C/K,Regular/Extended/Regular,6.5-8/8,无可用尺码,1987-1998/1999-2000,,DRW/R/V/R/V DRW/Classic,Regular/Extended,6.5-8,1987-2000,,Classic/DRW/R/V/R/V DRW,fallback,原子事实对应多条候选记录
皮卡,高度压缩两两组合,Chevrolet,C/K/C/K,C/K,Regular/Extended/Crew,6.5-8/6.5,无可用尺码,1987-1998/1999-2000,,DRW/R/V/R/V DRW/Classic DRW,Regular/Extended/Crew,6.5-8,1987-2000,,Classic DRW/DRW/R/V/R/V DRW,fallback,原子事实对应多条候选记录
皮卡,高度压缩两两组合,Chevrolet,C/K/C/K,C/K,Regular/Extended/Crew,6.5-8/8,无可用尺码,1987-1998/1999-2000,,DRW/R/V/R/V DRW/Classic DRW,Regular/Extended/Crew,6.5-8,1987-2000,,Classic DRW/DRW/R/V/R/V DRW,fallback,原子事实对应多条候选记录
皮卡,高度压缩两两组合,Chevrolet,C/K/C/K,C/K,Regular/Extended/Extended,6.5-8/8,无可用尺码,1987-1998/1999-2000,,DRW/R/V/R/V DRW/Classic DRW,Regular/Extended,6.5-8,1987-2000,,Classic DRW/DRW/R/V/R/V DRW,fallback,原子事实对应多条候选记录
皮卡,高度压缩两两组合,Chevrolet,C/K/C/K,C/K,Regular/Extended/Regular,6.5-8/8,无可用尺码,1987-1998/1999-2000,,DRW/R/V/R/V DRW/Classic DRW,Regular/Extended,6.5-8,1987-2000,,Classic DRW/DRW/R/V/R/V DRW,fallback,原子事实对应多条候选记录
皮卡,高度压缩两两组合,Chevrolet,C/K/C/K,C/K,Crew/Extended/Regular,6.5-8/6.5,无可用尺码,1987-1998/1988-1998,,Incl: R/V/R/V DRW/,Crew/Extended/Regular,6.5-8,1987-1998,,Incl: R/V/R/V DRW,fallback,原子事实对应多条候选记录
皮卡,高度压缩两两组合,Chevrolet,C/K/C/K,C/K,Crew/Extended/Regular,6.5-8/8,无可用尺码,1987-1998/1988-1998,,Incl: R/V/R/V DRW/,Crew/Extended/Regular,6.5-8,1987-1998,,Incl: R/V/R/V DRW,fallback,原子事实对应多条候选记录
皮卡,高度压缩两两组合,Chevrolet,C/K/C/K,C/K,Crew/Extended/Crew,6.5-8/8,无可用尺码,1987-1998/1992-2000,,Incl: R/V/R/V DRW/DRW,Crew/Extended,6.5-8,1987-2000,,Incl: DRW/R/V/R/V DRW,fallback,原子事实对应多条候选记录
皮卡,高度压缩两两组合,Chevrolet,C/K/C/K,C/K,Crew/Extended/Extended,6.5-8/6.5,无可用尺码,1987-1998/1999,,Incl: R/V/R/V DRW/Classic,Crew/Extended,6.5-8,1987-1999,,Incl: Classic/R/V/R/V DRW,fallback,原子事实对应多条候选记录
皮卡,高度压缩两两组合,Chevrolet,C/K/C/K,C/K,Crew/Extended/Crew,6.5-8/6.5,无可用尺码,1987-1998/1999-2000,,Incl: R/V/R/V DRW/Classic,Crew/Extended,6.5-8,1987-2000,,Incl: Classic/R/V/R/V DRW,fallback,原子事实对应多条候选记录
皮卡,高度压缩两两组合,Chevrolet,C/K/C/K,C/K,Crew/Extended/Crew,6.5-8/8,无可用尺码,1987-1998/1999-2000,,Incl: R/V/R/V DRW/Classic,Crew/Extended,6.5-8,1987-2000,,Incl: Classic/R/V/R/V DRW,fallback,原子事实对应多条候选记录
皮卡,高度压缩两两组合,Chevrolet,C/K/C/K,C/K,Crew/Extended/Extended,6.5-8/8,无可用尺码,1987-1998/1999-2000,,Incl: R/V/R/V DRW/Classic,Crew/Extended,6.5-8,1987-2000,,Incl: Classic/R/V/R/V DRW,fallback,原子事实对应多条候选记录
皮卡,高度压缩两两组合,Chevrolet,C/K/C/K,C/K,Crew/Extended/Regular,6.5-8/8,无可用尺码,1987-1998/1999-2000,,Incl: R/V/R/V DRW/Classic,Crew/Extended/Regular,6.5-8,1987-2000,,Incl: Classic/R/V/R/V DRW,fallback,原子事实对应多条候选记录
皮卡,高度压缩两两组合,Chevrolet,C/K/C/K,C/K,Crew/Extended/Crew,6.5-8/6.5,无可用尺码,1987-1998/1999-2000,,Incl: R/V/R/V DRW/Classic DRW,Crew/Extended,6.5-8,1987-2000,,Incl: Classic DRW/R/V/R/V DRW,fallback,原子事实对应多条候选记录
皮卡,高度压缩两两组合,Chevrolet,C/K/C/K,C/K,Crew/Extended/Crew,6.5-8/8,无可用尺码,1987-1998/1999-2000,,Incl: R/V/R/V DRW/Classic DRW,Crew/Extended,6.5-8,1987-2000,,Incl: Classic DRW/R/V/R/V DRW,fallback,原子事实对应多条候选记录
皮卡,高度压缩两两组合,Chevrolet,C/K/C/K,C/K,Crew/Extended/Extended,6.5-8/8,无可用尺码,1987-1998/1999-2000,,Incl: R/V/R/V DRW/Classic DRW,Crew/Extended,6.5-8,1987-2000,,Incl: Classic DRW/R/V/R/V DRW,fallback,原子事实对应多条候选记录
皮卡,高度压缩两两组合,Chevrolet,C/K/C/K,C/K,Crew/Extended/Regular,6.5-8/8,无可用尺码,1987-1998/1999-2000,,Incl: R/V/R/V DRW/Classic DRW,Crew/Extended/Regular,6.5-8,1987-2000,,Incl: Classic DRW/R/V/R/V DRW,fallback,原子事实对应多条候选记录
皮卡,高度压缩两两组合,Chevrolet,C/K/C/K,C/K,Regular/Regular,6.5/8,无可用尺码,1988-1998/1988-1998,,/,Regular,6.5-8,1988-1998,,,success,
皮卡,高度压缩两两组合,Chevrolet,C/K/C/K,C/K,Regular/Crew/Regular/Extended,6.5-9/6.5-8,无可用尺码,1960-1986/1987-1998,,Incl: DRW/Longhorn/DRW/R/V/R/V DRW,Regular/Crew/Extended,6.5-9,1960-1998,,Incl: DRW/Longhorn/R/V/R/V DRW,fallback,原子事实对应多条候选记录
皮卡,高度压缩两两组合,Chevrolet,C/K/C/K,C/K,Regular/Crew/Crew/Extended,6.5-9/6.5-8,无可用尺码,1960-1986/1987-1998,,Incl: DRW/Longhorn/Incl: R/V/R/V DRW,Regular/Crew/Extended,6.5-9,1960-1998,,Incl: DRW/Longhorn/R/V/R/V DRW,fallback,原子事实对应多条候选记录
皮卡,高度压缩两两组合,Chevrolet,C/K/C/K,C/K,Regular/Crew/Regular,6.5-9/6.5-8,无可用尺码,1960-1986/1988-1998,,Incl: DRW/Longhorn/,Regular/Crew,6.5-9,1960-1998,,Incl: DRW/Longhorn,fallback,原子事实对应多条候选记录
皮卡,高度压缩两两组合,Chevrolet,C/K/C/K,C/K,Regular/Crew/Crew,6.5-9/8,无可用尺码,1960-1986/1992-2000,,Incl: DRW/Longhorn/DRW,Regular/Crew,6.5-9,1960-2000,,Incl: DRW/Longhorn,fallback,原子事实对应多条候选记录
皮卡,高度压缩两两组合,Chevrolet,C/K/C/K,C/K,Regular/Crew/Extended,6.5-9/6.5,无可用尺码,1960-1986/1999,,Incl: DRW/Longhorn/Classic,Regular/Crew/Extended,6.5-9,1960-1999,,Incl: Classic/DRW/Longhorn,fallback,原子事实对应多条候选记录
皮卡,高度压缩两两组合,Chevrolet,C/K/C/K,C/K,Regular/Crew/Crew,6.5-9/6.5,无可用尺码,1960-1986/1999-2000,,Incl: DRW/Longhorn/Classic,Regular/Crew,6.5-9,1960-2000,,Incl: Classic/DRW/Longhorn,fallback,原子事实对应多条候选记录
皮卡,高度压缩两两组合,Chevrolet,C/K/C/K,C/K,Regular/Crew/Crew,6.5-9/8,无可用尺码,1960-1986/1999-2000,,Incl: DRW/Longhorn/Classic,Regular/Crew,6.5-9,1960-2000,,Incl: Classic/DRW/Longhorn,fallback,原子事实对应多条候选记录
皮卡,高度压缩两两组合,Chevrolet,C/K/C/K,C/K,Regular/Crew/Extended,6.5-9/8,无可用尺码,1960-1986/1999-2000,,Incl: DRW/Longhorn/Classic,Regular/Crew/Extended,6.5-9,1960-2000,,Incl: Classic/DRW/Longhorn,fallback,原子事实对应多条候选记录
皮卡,高度压缩两两组合,Chevrolet,C/K/C/K,C/K,Regular/Crew/Regular,6.5-9/8,无可用尺码,1960-1986/1999-2000,,Incl: DRW/Longhorn/Classic,Regular/Crew,6.5-9,1960-2000,,Incl: Classic/DRW/Longhorn,fallback,原子事实对应多条候选记录
皮卡,高度压缩两两组合,Chevrolet,C/K/C/K,C/K,Regular/Crew/Crew,6.5-9/6.5,无可用尺码,1960-1986/1999-2000,,Incl: DRW/Longhorn/Classic DRW,Regular/Crew,6.5-9,1960-2000,,Incl: Classic DRW/DRW/Longhorn,fallback,原子事实对应多条候选记录
皮卡,高度压缩两两组合,Chevrolet,C/K/C/K,C/K,Regular/Crew/Crew,6.5-9/8,无可用尺码,1960-1986/1999-2000,,Incl: DRW/Longhorn/Classic DRW,Regular/Crew,6.5-9,1960-2000,,Incl: Classic DRW/DRW/Longhorn,fallback,原子事实对应多条候选记录
皮卡,高度压缩两两组合,Chevrolet,C/K/C/K,C/K,Regular/Crew/Extended,6.5-9/8,无可用尺码,1960-1986/1999-2000,,Incl: DRW/Longhorn/Classic DRW,Regular/Crew/Extended,6.5-9,1960-2000,,Incl: Classic DRW/DRW/Longhorn,fallback,原子事实对应多条候选记录
皮卡,高度压缩两两组合,Chevrolet,C/K/C/K,C/K,Regular/Crew/Regular,6.5-9/8,无可用尺码,1960-1986/1999-2000,,Incl: DRW/Longhorn/Classic DRW,Regular/Crew,6.5-9,1960-2000,,Incl: Classic DRW/DRW/Longhorn,fallback,原子事实对应多条候选记录
皮卡,高度压缩两两组合,Chevrolet,C/K/C/K,C/K,Regular/Extended/Crew/Extended,6.5-8/6.5-8,无可用尺码,1987-1998/1987-1998,,DRW/R/V/R/V DRW/Incl: R/V/R/V DRW,Regular/Extended/Crew,6.5-8,1987-1998,,Incl: DRW/R/V/R/V DRW,fallback,原子事实对应多条候选记录
皮卡,高度压缩两两组合,Chevrolet,C/K/C/K,C/K,Regular/Extended/Regular,6.5-8/6.5-8,无可用尺码,1987-1998/1988-1998,,DRW/R/V/R/V DRW/,Regular/Extended,6.5-8,1987-1998,,Incl: DRW/R/V/R/V DRW,fallback,原子事实对应多条候选记录
皮卡,高度压缩两两组合,Chevrolet,C/K/C/K,C/K,Regular/Extended/Crew,6.5-8/8,无可用尺码,1987-1998/1992-2000,,DRW/R/V/R/V DRW/DRW,Regular/Extended/Crew,6.5-8,1987-2000,,DRW/R/V/R/V DRW,fallback,原子事实对应多条候选记录
皮卡,高度压缩两两组合,Chevrolet,C/K/C/K,C/K,Regular/Extended/Extended,6.5-8/6.5,无可用尺码,1987-1998/1999,,DRW/R/V/R/V DRW/Classic,Regular/Extended,6.5-8,1987-1999,,Classic/DRW/R/V/R/V DRW,fallback,原子事实对应多条候选记录
皮卡,高度压缩两两组合,Chevrolet,C/K/C/K,C/K,Regular/Extended/Crew,6.5-8/6.5,无可用尺码,1987-1998/1999-2000,,DRW/R/V/R/V DRW/Classic,Regular/Extended/Crew,6.5-8,1987-2000,,Classic/DRW/R/V/R/V DRW,fallback,原子事实对应多条候选记录
皮卡,高度压缩两两组合,Chevrolet,C/K/C/K,C/K,Regular/Extended/Crew,6.5-8/8,无可用尺码,1987-1998/1999-2000,,DRW/R/V/R/V DRW/Classic,Regular/Extended/Crew,6.5-8,1987-2000,,Classic/DRW/R/V/R/V DRW,fallback,原子事实对应多条候选记录
皮卡,高度压缩两两组合,Chevrolet,C/K/C/K,C/K,Regular/Extended/Extended,6.5-8/8,无可用尺码,1987-1998/1999-2000,,DRW/R/V/R/V DRW/Classic,Regular/Extended,6.5-8,1987-2000,,Classic/DRW/R/V/R/V DRW,fallback,原子事实对应多条候选记录
皮卡,高度压缩两两组合,Chevrolet,C/K/C/K,C/K,Regular/Extended/Regular,6.5-8/8,无可用尺码,1987-1998/1999-2000,,DRW/R/V/R/V DRW/Classic,Regular/Extended,6.5-8,1987-2000,,Classic/DRW/R/V/R/V DRW,fallback,原子事实对应多条候选记录
皮卡,高度压缩两两组合,Chevrolet,C/K/C/K,C/K,Regular/Extended/Crew,6.5-8/6.5,无可用尺码,1987-1998/1999-2000,,DRW/R/V/R/V DRW/Classic DRW,Regular/Extended/Crew,6.5-8,1987-2000,,Classic DRW/DRW/R/V/R/V DRW,fallback,原子事实对应多条候选记录
皮卡,高度压缩两两组合,Chevrolet,C/K/C/K,C/K,Regular/Extended/Crew,6.5-8/8,无可用尺码,1987-1998/1999-2000,,DRW/R/V/R/V DRW/Classic DRW,Regular/Extended/Crew,6.5-8,1987-2000,,Classic DRW/DRW/R/V/R/V DRW,fallback,原子事实对应多条候选记录
皮卡,高度压缩两两组合,Chevrolet,C/K/C/K,C/K,Regular/Extended/Extended,6.5-8/8,无可用尺码,1987-1998/1999-2000,,DRW/R/V/R/V DRW/Classic DRW,Regular/Extended,6.5-8,1987-2000,,Classic DRW/DRW/R/V/R/V DRW,fallback,原子事实对应多条候选记录
皮卡,高度压缩两两组合,Chevrolet,C/K/C/K,C/K,Regular/Extended/Regular,6.5-8/8,无可用尺码,1987-1998/1999-2000,,DRW/R/V/R/V DRW/Classic DRW,Regular/Extended,6.5-8,1987-2000,,Classic DRW/DRW/R/V/R/V DRW,fallback,原子事实对应多条候选记录
皮卡,高度压缩两两组合,Chevrolet,C/K/C/K,C/K,Crew/Extended/Regular,6.5-8/6.5-8,无可用尺码,1987-1998/1988-1998,,Incl: R/V/R/V DRW/,Crew/Extended/Regular,6.5-8,1987-1998,,Incl: R/V/R/V DRW,fallback,原子事实对应多条候选记录
皮卡,高度压缩两两组合,Chevrolet,C/K/C/K,C/K,Crew/Extended/Crew,6.5-8/8,无可用尺码,1987-1998/1992-2000,,Incl: R/V/R/V DRW/DRW,Crew/Extended,6.5-8,1987-2000,,Incl: DRW/R/V/R/V DRW,fallback,原子事实对应多条候选记录
皮卡,高度压缩两两组合,Chevrolet,C/K/C/K,C/K,Crew/Extended/Extended,6.5-8/6.5,无可用尺码,1987-1998/1999,,Incl: R/V/R/V DRW/Classic,Crew/Extended,6.5-8,1987-1999,,Incl: Classic/R/V/R/V DRW,fallback,原子事实对应多条候选记录
皮卡,高度压缩两两组合,Chevrolet,C/K/C/K,C/K,Crew/Extended/Crew,6.5-8/6.5,无可用尺码,1987-1998/1999-2000,,Incl: R/V/R/V DRW/Classic,Crew/Extended,6.5-8,1987-2000,,Incl: Classic/R/V/R/V DRW,fallback,原子事实对应多条候选记录
皮卡,高度压缩两两组合,Chevrolet,C/K/C/K,C/K,Crew/Extended/Crew,6.5-8/8,无可用尺码,1987-1998/1999-2000,,Incl: R/V/R/V DRW/Classic,Crew/Extended,6.5-8,1987-2000,,Incl: Classic/R/V/R/V DRW,fallback,原子事实对应多条候选记录
皮卡,高度压缩两两组合,Chevrolet,C/K/C/K,C/K,Crew/Extended/Extended,6.5-8/8,无可用尺码,1987-1998/1999-2000,,Incl: R/V/R/V DRW/Classic,Crew/Extended,6.5-8,1987-2000,,Incl: Classic/R/V/R/V DRW,fallback,原子事实对应多条候选记录
皮卡,高度压缩两两组合,Chevrolet,C/K/C/K,C/K,Crew/Extended/Regular,6.5-8/8,无可用尺码,1987-1998/1999-2000,,Incl: R/V/R/V DRW/Classic,Crew/Extended/Regular,6.5-8,1987-2000,,Incl: Classic/R/V/R/V DRW,fallback,原子事实对应多条候选记录
皮卡,高度压缩两两组合,Chevrolet,C/K/C/K,C/K,Crew/Extended/Crew,6.5-8/6.5,无可用尺码,1987-1998/1999-2000,,Incl: R/V/R/V DRW/Classic DRW,Crew/Extended,6.5-8,1987-2000,,Incl: Classic DRW/R/V/R/V DRW,fallback,原子事实对应多条候选记录
皮卡,高度压缩两两组合,Chevrolet,C/K/C/K,C/K,Crew/Extended/Crew,6.5-8/8,无可用尺码,1987-1998/1999-2000,,Incl: R/V/R/V DRW/Classic DRW,Crew/Extended,6.5-8,1987-2000,,Incl: Classic DRW/R/V/R/V DRW,fallback,原子事实对应多条候选记录
皮卡,高度压缩两两组合,Chevrolet,C/K/C/K,C/K,Crew/Extended/Extended,6.5-8/8,无可用尺码,1987-1998/1999-2000,,Incl: R/V/R/V DRW/Classic DRW,Crew/Extended,6.5-8,1987-2000,,Incl: Classic DRW/R/V/R/V DRW,fallback,原子事实对应多条候选记录
皮卡,高度压缩两两组合,Chevrolet,C/K/C/K,C/K,Crew/Extended/Regular,6.5-8/8,无可用尺码,1987-1998/1999-2000,,Incl: R/V/R/V DRW/Classic DRW,Crew/Extended/Regular,6.5-8,1987-2000,,Incl: Classic DRW/R/V/R/V DRW,fallback,原子事实对应多条候选记录
皮卡,高度压缩两两组合,Chevrolet,C/K/C/K,C/K,Regular/Crew,6.5-8/8,无可用尺码,1988-1998/1992-2000,,/DRW,Regular/Crew,6.5-8,1988-2000,,Incl: DRW,fallback,原子事实对应多条候选记录
皮卡,高度压缩两两组合,Chevrolet,C/K/C/K,C/K,Regular/Extended,6.5-8/6.5,无可用尺码,1988-1998/1999,,/Classic,Regular/Extended,6.5-8,1988-1999,,Incl: Classic,fallback,原子事实对应多条候选记录
皮卡,高度压缩两两组合,Chevrolet,C/K/C/K,C/K,Regular/Crew,6.5-8/6.5,无可用尺码,1988-1998/1999-2000,,/Classic,Regular/Crew,6.5-8,1988-2000,,Incl: Classic,fallback,原子事实对应多条候选记录
皮卡,高度压缩两两组合,Chevrolet,C/K/C/K,C/K,Regular/Crew,6.5-8/8,无可用尺码,1988-1998/1999-2000,,/Classic,Regular/Crew,6.5-8,1988-2000,,Incl: Classic,fallback,原子事实对应多条候选记录
皮卡,高度压缩两两组合,Chevrolet,C/K/C/K,C/K,Regular/Extended,6.5-8/8,无可用尺码,1988-1998/1999-2000,,/Classic,Regular/Extended,6.5-8,1988-2000,,Incl: Classic,fallback,原子事实对应多条候选记录
皮卡,高度压缩两两组合,Chevrolet,C/K/C/K,C/K,Regular/Regular,6.5-8/8,无可用尺码,1988-1998/1999-2000,,/Classic,Regular,6.5-8,1988-2000,,Incl: Classic,success,
皮卡,高度压缩两两组合,Chevrolet,C/K/C/K,C/K,Regular/Crew/Regular/Extended,6.5-9/6.5-8,无可用尺码,1960-1986/1987-1998,,Incl: DRW/Longhorn/DRW/R/V/R/V DRW,Regular/Crew/Extended,6.5-9,1960-1998,,Incl: DRW/Longhorn/R/V/R/V DRW,fallback,原子事实对应多条候选记录
皮卡,高度压缩两两组合,Chevrolet,C/K/C/K,C/K,Regular/Crew/Crew/Extended,6.5-9/6.5-8,无可用尺码,1960-1986/1987-1998,,Incl: DRW/Longhorn/Incl: R/V/R/V DRW,Regular/Crew/Extended,6.5-9,1960-1998,,Incl: DRW/Longhorn/R/V/R/V DRW,fallback,原子事实对应多条候选记录
皮卡,高度压缩两两组合,Chevrolet,C/K/C/K,C/K,Regular/Crew/Regular,6.5-9/6.5-8,无可用尺码,1960-1986/1988-2000,,Incl: DRW/Longhorn/Incl: Classic,Regular/Crew,6.5-9,1960-2000,,Incl: Classic/DRW/Longhorn,fallback,原子事实对应多条候选记录
皮卡,高度压缩两两组合,Chevrolet,C/K/C/K,C/K,Regular/Crew/Crew,6.5-9/8,无可用尺码,1960-1986/1992-2000,,Incl: DRW/Longhorn/DRW,Regular/Crew,6.5-9,1960-2000,,Incl: DRW/Longhorn,fallback,原子事实对应多条候选记录
皮卡,高度压缩两两组合,Chevrolet,C/K/C/K,C/K,Regular/Crew/Extended,6.5-9/6.5,无可用尺码,1960-1986/1999,,Incl: DRW/Longhorn/Classic,Regular/Crew/Extended,6.5-9,1960-1999,,Incl: Classic/DRW/Longhorn,fallback,原子事实对应多条候选记录
皮卡,高度压缩两两组合,Chevrolet,C/K/C/K,C/K,Regular/Crew/Crew,6.5-9/6.5,无可用尺码,1960-1986/1999-2000,,Incl: DRW/Longhorn/Classic,Regular/Crew,6.5-9,1960-2000,,Incl: Classic/DRW/Longhorn,fallback,原子事实对应多条候选记录
皮卡,高度压缩两两组合,Chevrolet,C/K/C/K,C/K,Regular/Crew/Crew,6.5-9/8,无可用尺码,1960-1986/1999-2000,,Incl: DRW/Longhorn/Classic,Regular/Crew,6.5-9,1960-2000,,Incl: Classic/DRW/Longhorn,fallback,原子事实对应多条候选记录
皮卡,高度压缩两两组合,Chevrolet,C/K/C/K,C/K,Regular/Crew/Extended,6.5-9/8,无可用尺码,1960-1986/1999-2000,,Incl: DRW/Longhorn/Classic,Regular/Crew/Extended,6.5-9,1960-2000,,Incl: Classic/DRW/Longhorn,fallback,原子事实对应多条候选记录
皮卡,高度压缩两两组合,Chevrolet,C/K/C/K,C/K,Regular/Crew/Crew,6.5-9/6.5,无可用尺码,1960-1986/1999-2000,,Incl: DRW/Longhorn/Classic DRW,Regular/Crew,6.5-9,1960-2000,,Incl: Classic DRW/DRW/Longhorn,fallback,原子事实对应多条候选记录
皮卡,高度压缩两两组合,Chevrolet,C/K/C/K,C/K,Regular/Crew/Crew,6.5-9/8,无可用尺码,1960-1986/1999-2000,,Incl: DRW/Longhorn/Classic DRW,Regular/Crew,6.5-9,1960-2000,,Incl: Classic DRW/DRW/Longhorn,fallback,原子事实对应多条候选记录
皮卡,高度压缩两两组合,Chevrolet,C/K/C/K,C/K,Regular/Crew/Extended,6.5-9/8,无可用尺码,1960-1986/1999-2000,,Incl: DRW/Longhorn/Classic DRW,Regular/Crew/Extended,6.5-9,1960-2000,,Incl: Classic DRW/DRW/Longhorn,fallback,原子事实对应多条候选记录
皮卡,高度压缩两两组合,Chevrolet,C/K/C/K,C/K,Regular/Crew/Regular,6.5-9/8,无可用尺码,1960-1986/1999-2000,,Incl: DRW/Longhorn/Classic DRW,Regular/Crew,6.5-9,1960-2000,,Incl: Classic DRW/DRW/Longhorn,fallback,原子事实对应多条候选记录
皮卡,高度压缩两两组合,Chevrolet,C/K/C/K,C/K,Regular/Extended/Crew/Extended,6.5-8/6.5-8,无可用尺码,1987-1998/1987-1998,,DRW/R/V/R/V DRW/Incl: R/V/R/V DRW,Regular/Extended/Crew,6.5-8,1987-1998,,Incl: DRW/R/V/R/V DRW,fallback,原子事实对应多条候选记录
皮卡,高度压缩两两组合,Chevrolet,C/K/C/K,C/K,Regular/Extended/Regular,6.5-8/6.5-8,无可用尺码,1987-1998/1988-2000,,DRW/R/V/R/V DRW/Incl: Classic,Regular/Extended,6.5-8,1987-2000,,Incl: Classic/DRW/R/V/R/V DRW,fallback,原子事实对应多条候选记录
皮卡,高度压缩两两组合,Chevrolet,C/K/C/K,C/K,Regular/Extended/Crew,6.5-8/8,无可用尺码,1987-1998/1992-2000,,DRW/R/V/R/V DRW/DRW,Regular/Extended/Crew,6.5-8,1987-2000,,DRW/R/V/R/V DRW,fallback,原子事实对应多条候选记录
皮卡,高度压缩两两组合,Chevrolet,C/K/C/K,C/K,Regular/Extended/Extended,6.5-8/6.5,无可用尺码,1987-1998/1999,,DRW/R/V/R/V DRW/Classic,Regular/Extended,6.5-8,1987-1999,,Classic/DRW/R/V/R/V DRW,fallback,原子事实对应多条候选记录
皮卡,高度压缩两两组合,Chevrolet,C/K/C/K,C/K,Regular/Extended/Crew,6.5-8/6.5,无可用尺码,1987-1998/1999-2000,,DRW/R/V/R/V DRW/Classic,Regular/Extended/Crew,6.5-8,1987-2000,,Classic/DRW/R/V/R/V DRW,fallback,原子事实对应多条候选记录
皮卡,高度压缩两两组合,Chevrolet,C/K/C/K,C/K,Regular/Extended/Crew,6.5-8/8,无可用尺码,1987-1998/1999-2000,,DRW/R/V/R/V DRW/Classic,Regular/Extended/Crew,6.5-8,1987-2000,,Classic/DRW/R/V/R/V DRW,fallback,原子事实对应多条候选记录
皮卡,高度压缩两两组合,Chevrolet,C/K/C/K,C/K,Regular/Extended/Extended,6.5-8/8,无可用尺码,1987-1998/1999-2000,,DRW/R/V/R/V DRW/Classic,Regular/Extended,6.5-8,1987-2000,,Classic/DRW/R/V/R/V DRW,fallback,原子事实对应多条候选记录
皮卡,高度压缩两两组合,Chevrolet,C/K/C/K,C/K,Regular/Extended/Crew,6.5-8/6.5,无可用尺码,1987-1998/1999-2000,,DRW/R/V/R/V DRW/Classic DRW,Regular/Extended/Crew,6.5-8,1987-2000,,Classic DRW/DRW/R/V/R/V DRW,fallback,原子事实对应多条候选记录
皮卡,高度压缩两两组合,Chevrolet,C/K/C/K,C/K,Regular/Extended/Crew,6.5-8/8,无可用尺码,1987-1998/1999-2000,,DRW/R/V/R/V DRW/Classic DRW,Regular/Extended/Crew,6.5-8,1987-2000,,Classic DRW/DRW/R/V/R/V DRW,fallback,原子事实对应多条候选记录
皮卡,高度压缩两两组合,Chevrolet,C/K/C/K,C/K,Regular/Extended/Extended,6.5-8/8,无可用尺码,1987-1998/1999-2000,,DRW/R/V/R/V DRW/Classic DRW,Regular/Extended,6.5-8,1987-2000,,Classic DRW/DRW/R/V/R/V DRW,fallback,原子事实对应多条候选记录
皮卡,高度压缩两两组合,Chevrolet,C/K/C/K,C/K,Regular/Extended/Regular,6.5-8/8,无可用尺码,1987-1998/1999-2000,,DRW/R/V/R/V DRW/Classic DRW,Regular/Extended,6.5-8,1987-2000,,Classic DRW/DRW/R/V/R/V DRW,fallback,原子事实对应多条候选记录
皮卡,高度压缩两两组合,Chevrolet,C/K/C/K,C/K,Crew/Extended/Regular,6.5-8/6.5-8,无可用尺码,1987-1998/1988-2000,,Incl: R/V/R/V DRW/Incl: Classic,Crew/Extended/Regular,6.5-8,1987-2000,,Incl: Classic/R/V/R/V DRW,fallback,原子事实对应多条候选记录
皮卡,高度压缩两两组合,Chevrolet,C/K/C/K,C/K,Crew/Extended/Crew,6.5-8/8,无可用尺码,1987-1998/1992-2000,,Incl: R/V/R/V DRW/DRW,Crew/Extended,6.5-8,1987-2000,,Incl: DRW/R/V/R/V DRW,fallback,原子事实对应多条候选记录
皮卡,高度压缩两两组合,Chevrolet,C/K/C/K,C/K,Crew/Extended/Extended,6.5-8/6.5,无可用尺码,1987-1998/1999,,Incl: R/V/R/V DRW/Classic,Crew/Extended,6.5-8,1987-1999,,Incl: Classic/R/V/R/V DRW,fallback,原子事实对应多条候选记录
皮卡,高度压缩两两组合,Chevrolet,C/K/C/K,C/K,Crew/Extended/Crew,6.5-8/6.5,无可用尺码,1987-1998/1999-2000,,Incl: R/V/R/V DRW/Classic,Crew/Extended,6.5-8,1987-2000,,Incl: Classic/R/V/R/V DRW,fallback,原子事实对应多条候选记录
皮卡,高度压缩两两组合,Chevrolet,C/K/C/K,C/K,Crew/Extended/Crew,6.5-8/8,无可用尺码,1987-1998/1999-2000,,Incl: R/V/R/V DRW/Classic,Crew/Extended,6.5-8,1987-2000,,Incl: Classic/R/V/R/V DRW,fallback,原子事实对应多条候选记录
皮卡,高度压缩两两组合,Chevrolet,C/K/C/K,C/K,Crew/Extended/Extended,6.5-8/8,无可用尺码,1987-1998/1999-2000,,Incl: R/V/R/V DRW/Classic,Crew/Extended,6.5-8,1987-2000,,Incl: Classic/R/V/R/V DRW,fallback,原子事实对应多条候选记录
皮卡,高度压缩两两组合,Chevrolet,C/K/C/K,C/K,Crew/Extended/Crew,6.5-8/6.5,无可用尺码,1987-1998/1999-2000,,Incl: R/V/R/V DRW/Classic DRW,Crew/Extended,6.5-8,1987-2000,,Incl: Classic DRW/R/V/R/V DRW,fallback,原子事实对应多条候选记录
皮卡,高度压缩两两组合,Chevrolet,C/K/C/K,C/K,Crew/Extended/Crew,6.5-8/8,无可用尺码,1987-1998/1999-2000,,Incl: R/V/R/V DRW/Classic DRW,Crew/Extended,6.5-8,1987-2000,,Incl: Classic DRW/R/V/R/V DRW,fallback,原子事实对应多条候选记录
皮卡,高度压缩两两组合,Chevrolet,C/K/C/K,C/K,Crew/Extended/Extended,6.5-8/8,无可用尺码,1987-1998/1999-2000,,Incl: R/V/R/V DRW/Classic DRW,Crew/Extended,6.5-8,1987-2000,,Incl: Classic DRW/R/V/R/V DRW,fallback,原子事实对应多条候选记录
皮卡,高度压缩两两组合,Chevrolet,C/K/C/K,C/K,Crew/Extended/Regular,6.5-8/8,无可用尺码,1987-1998/1999-2000,,Incl: R/V/R/V DRW/Classic DRW,Crew/Extended/Regular,6.5-8,1987-2000,,Incl: Classic DRW/R/V/R/V DRW,fallback,原子事实对应多条候选记录
皮卡,高度压缩两两组合,Chevrolet,C/K/C/K,C/K,Regular/Crew,6.5-8/8,无可用尺码,1988-2000/1992-2000,,Incl: Classic/DRW,Regular/Crew,6.5-8,1988-2000,,Incl: Classic/DRW,fallback,原子事实对应多条候选记录
皮卡,高度压缩两两组合,Chevrolet,C/K/C/K,C/K,Regular/Extended,6.5-8/6.5,无可用尺码,1988-2000/1999,,Incl: Classic/Classic,Regular/Extended,6.5-8,1988-2000,,Incl: Classic,fallback,原子事实对应多条候选记录
皮卡,高度压缩两两组合,Chevrolet,C/K/C/K,C/K,Regular/Crew,6.5-8/6.5,无可用尺码,1988-2000/1999-2000,,Incl: Classic/Classic,Regular/Crew,6.5-8,1988-2000,,Incl: Classic,fallback,原子事实对应多条候选记录
皮卡,高度压缩两两组合,Chevrolet,C/K/C/K,C/K,Regular/Crew,6.5-8/8,无可用尺码,1988-2000/1999-2000,,Incl: Classic/Classic,Regular/Crew,6.5-8,1988-2000,,Incl: Classic,fallback,原子事实对应多条候选记录
皮卡,高度压缩两两组合,Chevrolet,C/K/C/K,C/K,Regular/Extended,6.5-8/8,无可用尺码,1988-2000/1999-2000,,Incl: Classic/Classic,Regular/Extended,6.5-8,1988-2000,,Incl: Classic,fallback,原子事实对应多条候选记录
皮卡,高度压缩两两组合,Chevrolet,C/K/C/K,C/K,Regular/Crew,6.5-8/6.5,无可用尺码,1988-2000/1999-2000,,Incl: Classic/Classic DRW,Regular/Crew,6.5-8,1988-2000,,Incl: Classic/Classic DRW,fallback,原子事实对应多条候选记录
皮卡,高度压缩两两组合,Chevrolet,C/K/C/K,C/K,Regular/Crew,6.5-8/8,无可用尺码,1988-2000/1999-2000,,Incl: Classic/Classic DRW,Regular/Crew,6.5-8,1988-2000,,Incl: Classic/Classic DRW,fallback,原子事实对应多条候选记录
皮卡,高度压缩两两组合,Chevrolet,C/K/C/K,C/K,Regular/Extended,6.5-8/8,无可用尺码,1988-2000/1999-2000,,Incl: Classic/Classic DRW,Regular/Extended,6.5-8,1988-2000,,Incl: Classic/Classic DRW,fallback,原子事实对应多条候选记录
皮卡,高度压缩两两组合,Chevrolet,C/K/C/K,C/K,Regular/Regular,6.5-8/8,无可用尺码,1988-2000/1999-2000,,Incl: Classic/Classic DRW,Regular,6.5-8,1988-2000,,Incl: Classic/Classic DRW,success,
皮卡,高度压缩两两组合,Chevrolet,C/K/C/K,C/K,Regular/Crew/Regular/Extended,6.5-9/6.5-8,无可用尺码,1960-1986/1987-1998,,Incl: DRW/Longhorn/DRW/R/V/R/V DRW,Regular/Crew/Extended,6.5-9,1960-1998,,Incl: DRW/Longhorn/R/V/R/V DRW,fallback,原子事实对应多条候选记录
皮卡,高度压缩两两组合,Chevrolet,C/K/C/K,C/K,Regular/Crew/Crew/Extended,6.5-9/6.5-8,无可用尺码,1960-1986/1987-1998,,Incl: DRW/Longhorn/Incl: R/V/R/V DRW,Regular/Crew/Extended,6.5-9,1960-1998,,Incl: DRW/Longhorn/R/V/R/V DRW,fallback,原子事实对应多条候选记录
皮卡,高度压缩两两组合,Chevrolet,C/K/C/K,C/K,Regular/Crew/Regular,6.5-9/6.5-8,无可用尺码,1960-1986/1988-2000,,Incl: DRW/Longhorn/Incl: Classic/Classic DRW,Regular/Crew,6.5-9,1960-2000,,Incl: Classic/Classic DRW/DRW/Longhorn,fallback,原子事实对应多条候选记录
皮卡,高度压缩两两组合,Chevrolet,C/K/C/K,C/K,Regular/Crew/Crew,6.5-9/8,无可用尺码,1960-1986/1992-2000,,Incl: DRW/Longhorn/DRW,Regular/Crew,6.5-9,1960-2000,,Incl: DRW/Longhorn,fallback,原子事实对应多条候选记录
皮卡,高度压缩两两组合,Chevrolet,C/K/C/K,C/K,Regular/Crew/Extended,6.5-9/6.5,无可用尺码,1960-1986/1999,,Incl: DRW/Longhorn/Classic,Regular/Crew/Extended,6.5-9,1960-1999,,Incl: Classic/DRW/Longhorn,fallback,原子事实对应多条候选记录
皮卡,高度压缩两两组合,Chevrolet,C/K/C/K,C/K,Regular/Crew/Crew,6.5-9/6.5,无可用尺码,1960-1986/1999-2000,,Incl: DRW/Longhorn/Classic,Regular/Crew,6.5-9,1960-2000,,Incl: Classic/DRW/Longhorn,fallback,原子事实对应多条候选记录
皮卡,高度压缩两两组合,Chevrolet,C/K/C/K,C/K,Regular/Crew/Crew,6.5-9/8,无可用尺码,1960-1986/1999-2000,,Incl: DRW/Longhorn/Classic,Regular/Crew,6.5-9,1960-2000,,Incl: Classic/DRW/Longhorn,fallback,原子事实对应多条候选记录
皮卡,高度压缩两两组合,Chevrolet,C/K/C/K,C/K,Regular/Crew/Extended,6.5-9/8,无可用尺码,1960-1986/1999-2000,,Incl: DRW/Longhorn/Classic,Regular/Crew/Extended,6.5-9,1960-2000,,Incl: Classic/DRW/Longhorn,fallback,原子事实对应多条候选记录
皮卡,高度压缩两两组合,Chevrolet,C/K/C/K,C/K,Regular/Crew/Crew,6.5-9/6.5,无可用尺码,1960-1986/1999-2000,,Incl: DRW/Longhorn/Classic DRW,Regular/Crew,6.5-9,1960-2000,,Incl: Classic DRW/DRW/Longhorn,fallback,原子事实对应多条候选记录
皮卡,高度压缩两两组合,Chevrolet,C/K/C/K,C/K,Regular/Crew/Crew,6.5-9/8,无可用尺码,1960-1986/1999-2000,,Incl: DRW/Longhorn/Classic DRW,Regular/Crew,6.5-9,1960-2000,,Incl: Classic DRW/DRW/Longhorn,fallback,原子事实对应多条候选记录
皮卡,高度压缩两两组合,Chevrolet,C/K/C/K,C/K,Regular/Crew/Extended,6.5-9/8,无可用尺码,1960-1986/1999-2000,,Incl: DRW/Longhorn/Classic DRW,Regular/Crew/Extended,6.5-9,1960-2000,,Incl: Classic DRW/DRW/Longhorn,fallback,原子事实对应多条候选记录
皮卡,高度压缩两两组合,Chevrolet,C/K/C/K,C/K,Regular/Extended/Crew/Extended,6.5-8/6.5-8,无可用尺码,1987-1998/1987-1998,,DRW/R/V/R/V DRW/Incl: R/V/R/V DRW,Regular/Extended/Crew,6.5-8,1987-1998,,Incl: DRW/R/V/R/V DRW,fallback,原子事实对应多条候选记录
皮卡,高度压缩两两组合,Chevrolet,C/K/C/K,C/K,Regular/Extended/Regular,6.5-8/6.5-8,无可用尺码,1987-1998/1988-2000,,DRW/R/V/R/V DRW/Incl: Classic/Classic DRW,Regular/Extended,6.5-8,1987-2000,,Incl: Classic/Classic DRW/DRW/R/V/R/V DRW,fallback,原子事实对应多条候选记录
皮卡,高度压缩两两组合,Chevrolet,C/K/C/K,C/K,Regular/Extended/Crew,6.5-8/8,无可用尺码,1987-1998/1992-2000,,DRW/R/V/R/V DRW/DRW,Regular/Extended/Crew,6.5-8,1987-2000,,DRW/R/V/R/V DRW,fallback,原子事实对应多条候选记录
皮卡,高度压缩两两组合,Chevrolet,C/K/C/K,C/K,Regular/Extended/Extended,6.5-8/6.5,无可用尺码,1987-1998/1999,,DRW/R/V/R/V DRW/Classic,Regular/Extended,6.5-8,1987-1999,,Classic/DRW/R/V/R/V DRW,fallback,原子事实对应多条候选记录
皮卡,高度压缩两两组合,Chevrolet,C/K/C/K,C/K,Regular/Extended/Crew,6.5-8/6.5,无可用尺码,1987-1998/1999-2000,,DRW/R/V/R/V DRW/Classic,Regular/Extended/Crew,6.5-8,1987-2000,,Classic/DRW/R/V/R/V DRW,fallback,原子事实对应多条候选记录
皮卡,高度压缩两两组合,Chevrolet,C/K/C/K,C/K,Regular/Extended/Crew,6.5-8/8,无可用尺码,1987-1998/1999-2000,,DRW/R/V/R/V DRW/Classic,Regular/Extended/Crew,6.5-8,1987-2000,,Classic/DRW/R/V/R/V DRW,fallback,原子事实对应多条候选记录
皮卡,高度压缩两两组合,Chevrolet,C/K/C/K,C/K,Regular/Extended/Extended,6.5-8/8,无可用尺码,1987-1998/1999-2000,,DRW/R/V/R/V DRW/Classic,Regular/Extended,6.5-8,1987-2000,,Classic/DRW/R/V/R/V DRW,fallback,原子事实对应多条候选记录
皮卡,高度压缩两两组合,Chevrolet,C/K/C/K,C/K,Regular/Extended/Crew,6.5-8/6.5,无可用尺码,1987-1998/1999-2000,,DRW/R/V/R/V DRW/Classic DRW,Regular/Extended/Crew,6.5-8,1987-2000,,Classic DRW/DRW/R/V/R/V DRW,fallback,原子事实对应多条候选记录
皮卡,高度压缩两两组合,Chevrolet,C/K/C/K,C/K,Regular/Extended/Crew,6.5-8/8,无可用尺码,1987-1998/1999-2000,,DRW/R/V/R/V DRW/Classic DRW,Regular/Extended/Crew,6.5-8,1987-2000,,Classic DRW/DRW/R/V/R/V DRW,fallback,原子事实对应多条候选记录
皮卡,高度压缩两两组合,Chevrolet,C/K/C/K,C/K,Regular/Extended/Extended,6.5-8/8,无可用尺码,1987-1998/1999-2000,,DRW/R/V/R/V DRW/Classic DRW,Regular/Extended,6.5-8,1987-2000,,Classic DRW/DRW/R/V/R/V DRW,fallback,原子事实对应多条候选记录
皮卡,高度压缩两两组合,Chevrolet,C/K/C/K,C/K,Crew/Extended/Regular,6.5-8/6.5-8,无可用尺码,1987-1998/1988-2000,,Incl: R/V/R/V DRW/Incl: Classic/Classic DRW,Crew/Extended/Regular,6.5-8,1987-2000,,Incl: Classic/Classic DRW/R/V/R/V DRW,fallback,原子事实对应多条候选记录
皮卡,高度压缩两两组合,Chevrolet,C/K/C/K,C/K,Crew/Extended/Crew,6.5-8/8,无可用尺码,1987-1998/1992-2000,,Incl: R/V/R/V DRW/DRW,Crew/Extended,6.5-8,1987-2000,,Incl: DRW/R/V/R/V DRW,fallback,原子事实对应多条候选记录
皮卡,高度压缩两两组合,Chevrolet,C/K/C/K,C/K,Crew/Extended/Extended,6.5-8/6.5,无可用尺码,1987-1998/1999,,Incl: R/V/R/V DRW/Classic,Crew/Extended,6.5-8,1987-1999,,Incl: Classic/R/V/R/V DRW,fallback,原子事实对应多条候选记录
皮卡,高度压缩两两组合,Chevrolet,C/K/C/K,C/K,Crew/Extended/Crew,6.5-8/6.5,无可用尺码,1987-1998/1999-2000,,Incl: R/V/R/V DRW/Classic,Crew/Extended,6.5-8,1987-2000,,Incl: Classic/R/V/R/V DRW,fallback,原子事实对应多条候选记录
皮卡,高度压缩两两组合,Chevrolet,C/K/C/K,C/K,Crew/Extended/Crew,6.5-8/8,无可用尺码,1987-1998/1999-2000,,Incl: R/V/R/V DRW/Classic,Crew/Extended,6.5-8,1987-2000,,Incl: Classic/R/V/R/V DRW,fallback,原子事实对应多条候选记录
皮卡,高度压缩两两组合,Chevrolet,C/K/C/K,C/K,Crew/Extended/Extended,6.5-8/8,无可用尺码,1987-1998/1999-2000,,Incl: R/V/R/V DRW/Classic,Crew/Extended,6.5-8,1987-2000,,Incl: Classic/R/V/R/V DRW,fallback,原子事实对应多条候选记录
皮卡,高度压缩两两组合,Chevrolet,C/K/C/K,C/K,Crew/Extended/Crew,6.5-8/6.5,无可用尺码,1987-1998/1999-2000,,Incl: R/V/R/V DRW/Classic DRW,Crew/Extended,6.5-8,1987-2000,,Incl: Classic DRW/R/V/R/V DRW,fallback,原子事实对应多条候选记录
皮卡,高度压缩两两组合,Chevrolet,C/K/C/K,C/K,Crew/Extended/Crew,6.5-8/8,无可用尺码,1987-1998/1999-2000,,Incl: R/V/R/V DRW/Classic DRW,Crew/Extended,6.5-8,1987-2000,,Incl: Classic DRW/R/V/R/V DRW,fallback,原子事实对应多条候选记录
皮卡,高度压缩两两组合,Chevrolet,C/K/C/K,C/K,Crew/Extended/Extended,6.5-8/8,无可用尺码,1987-1998/1999-2000,,Incl: R/V/R/V DRW/Classic DRW,Crew/Extended,6.5-8,1987-2000,,Incl: Classic DRW/R/V/R/V DRW,fallback,原子事实对应多条候选记录
皮卡,高度压缩两两组合,Chevrolet,C/K/C/K,C/K,Regular/Crew,6.5-8/8,无可用尺码,1988-2000/1992-2000,,Incl: Classic/Classic DRW/DRW,Regular/Crew,6.5-8,1988-2000,,Incl: Classic/Classic DRW/DRW,fallback,原子事实对应多条候选记录
皮卡,高度压缩两两组合,Chevrolet,C/K/C/K,C/K,Regular/Extended,6.5-8/6.5,无可用尺码,1988-2000/1999,,Incl: Classic/Classic DRW/Classic,Regular/Extended,6.5-8,1988-2000,,Incl: Classic/Classic DRW,fallback,原子事实对应多条候选记录
皮卡,高度压缩两两组合,Chevrolet,C/K/C/K,C/K,Regular/Crew,6.5-8/6.5,无可用尺码,1988-2000/1999-2000,,Incl: Classic/Classic DRW/Classic,Regular/Crew,6.5-8,1988-2000,,Incl: Classic/Classic DRW,fallback,原子事实对应多条候选记录
皮卡,高度压缩两两组合,Chevrolet,C/K/C/K,C/K,Regular/Crew,6.5-8/8,无可用尺码,1988-2000/1999-2000,,Incl: Classic/Classic DRW/Classic,Regular/Crew,6.5-8,1988-2000,,Incl: Classic/Classic DRW,fallback,原子事实对应多条候选记录
皮卡,高度压缩两两组合,Chevrolet,C/K/C/K,C/K,Regular/Extended,6.5-8/8,无可用尺码,1988-2000/1999-2000,,Incl: Classic/Classic DRW/Classic,Regular/Extended,6.5-8,1988-2000,,Incl: Classic/Classic DRW,fallback,原子事实对应多条候选记录
皮卡,高度压缩两两组合,Chevrolet,C/K/C/K,C/K,Regular/Crew,6.5-8/6.5,无可用尺码,1988-2000/1999-2000,,Incl: Classic/Classic DRW/Classic DRW,Regular/Crew,6.5-8,1988-2000,,Incl: Classic/Classic DRW,fallback,原子事实对应多条候选记录
皮卡,高度压缩两两组合,Chevrolet,C/K/C/K,C/K,Regular/Crew,6.5-8/8,无可用尺码,1988-2000/1999-2000,,Incl: Classic/Classic DRW/Classic DRW,Regular/Crew,6.5-8,1988-2000,,Incl: Classic/Classic DRW,fallback,原子事实对应多条候选记录
皮卡,高度压缩两两组合,Chevrolet,C/K/C/K,C/K,Regular/Extended,6.5-8/8,无可用尺码,1988-2000/1999-2000,,Incl: Classic/Classic DRW/Classic DRW,Regular/Extended,6.5-8,1988-2000,,Incl: Classic/Classic DRW,fallback,原子事实对应多条候选记录
皮卡,高度压缩两两组合,Chevrolet,C/K/C/K,C/K,Crew/Extended,8/6.5,无可用尺码,1992-2000/1999,,DRW/Classic,Crew/Extended,6.5-8,1992-2000,,Classic/DRW,fallback,原子事实对应多条候选记录
皮卡,高度压缩两两组合,Chevrolet,C/K/C/K,C/K,Crew/Crew,8/6.5,无可用尺码,1992-2000/1999-2000,,DRW/Classic,Crew,6.5-8,1992-2000,,Classic/DRW,fallback,原子事实对应多条候选记录
皮卡,高度压缩两两组合,Chevrolet,C/K/C/K,C/K,Crew/Crew,8/8,无可用尺码,1992-2000/1999-2000,,DRW/Classic,Crew,8,1992-2000,,Classic/DRW,success,
皮卡,高度压缩两两组合,Chevrolet,C/K/C/K,C/K,Regular/Crew/Regular/Extended,6.5-9/6.5-8,无可用尺码,1960-1986/1987-1998,,Incl: DRW/Longhorn/DRW/R/V/R/V DRW,Regular/Crew/Extended,6.5-9,1960-1998,,Incl: DRW/Longhorn/R/V/R/V DRW,fallback,原子事实对应多条候选记录
皮卡,高度压缩两两组合,Chevrolet,C/K/C/K,C/K,Regular/Crew/Crew/Extended,6.5-9/6.5-8,无可用尺码,1960-1986/1987-1998,,Incl: DRW/Longhorn/Incl: R/V/R/V DRW,Regular/Crew/Extended,6.5-9,1960-1998,,Incl: DRW/Longhorn/R/V/R/V DRW,fallback,原子事实对应多条候选记录
皮卡,高度压缩两两组合,Chevrolet,C/K/C/K,C/K,Regular/Crew/Regular,6.5-9/6.5-8,无可用尺码,1960-1986/1988-2000,,Incl: DRW/Longhorn/Incl: Classic/Classic DRW,Regular/Crew,6.5-9,1960-2000,,Incl: Classic/Classic DRW/DRW/Longhorn,fallback,原子事实对应多条候选记录
皮卡,高度压缩两两组合,Chevrolet,C/K/C/K,C/K,Regular/Crew/Crew,6.5-9/8,无可用尺码,1960-1986/1992-2000,,Incl: DRW/Longhorn/Classic/DRW,Regular/Crew,6.5-9,1960-2000,,Incl: Classic/DRW/Longhorn,fallback,原子事实对应多条候选记录
皮卡,高度压缩两两组合,Chevrolet,C/K/C/K,C/K,Regular/Crew/Extended,6.5-9/6.5,无可用尺码,1960-1986/1999,,Incl: DRW/Longhorn/Classic,Regular/Crew/Extended,6.5-9,1960-1999,,Incl: Classic/DRW/Longhorn,fallback,原子事实对应多条候选记录
皮卡,高度压缩两两组合,Chevrolet,C/K/C/K,C/K,Regular/Crew/Crew,6.5-9/6.5,无可用尺码,1960-1986/1999-2000,,Incl: DRW/Longhorn/Classic,Regular/Crew,6.5-9,1960-2000,,Incl: Classic/DRW/Longhorn,fallback,原子事实对应多条候选记录
皮卡,高度压缩两两组合,Chevrolet,C/K/C/K,C/K,Regular/Crew/Extended,6.5-9/8,无可用尺码,1960-1986/1999-2000,,Incl: DRW/Longhorn/Classic,Regular/Crew/Extended,6.5-9,1960-2000,,Incl: Classic/DRW/Longhorn,fallback,原子事实对应多条候选记录
皮卡,高度压缩两两组合,Chevrolet,C/K/C/K,C/K,Regular/Crew/Crew,6.5-9/6.5,无可用尺码,1960-1986/1999-2000,,Incl: DRW/Longhorn/Classic DRW,Regular/Crew,6.5-9,1960-2000,,Incl: Classic DRW/DRW/Longhorn,fallback,原子事实对应多条候选记录
皮卡,高度压缩两两组合,Chevrolet,C/K/C/K,C/K,Regular/Crew/Crew,6.5-9/8,无可用尺码,1960-1986/1999-2000,,Incl: DRW/Longhorn/Classic DRW,Regular/Crew,6.5-9,1960-2000,,Incl: Classic DRW/DRW/Longhorn,fallback,原子事实对应多条候选记录
皮卡,高度压缩两两组合,Chevrolet,C/K/C/K,C/K,Regular/Crew/Extended,6.5-9/8,无可用尺码,1960-1986/1999-2000,,Incl: DRW/Longhorn/Classic DRW,Regular/Crew/Extended,6.5-9,1960-2000,,Incl: Classic DRW/DRW/Longhorn,fallback,原子事实对应多条候选记录
皮卡,高度压缩两两组合,Chevrolet,C/K/C/K,C/K,Regular/Extended/Crew/Extended,6.5-8/6.5-8,无可用尺码,1987-1998/1987-1998,,DRW/R/V/R/V DRW/Incl: R/V/R/V DRW,Regular/Extended/Crew,6.5-8,1987-1998,,Incl: DRW/R/V/R/V DRW,fallback,原子事实对应多条候选记录
皮卡,高度压缩两两组合,Chevrolet,C/K/C/K,C/K,Regular/Extended/Regular,6.5-8/6.5-8,无可用尺码,1987-1998/1988-2000,,DRW/R/V/R/V DRW/Incl: Classic/Classic DRW,Regular/Extended,6.5-8,1987-2000,,Incl: Classic/Classic DRW/DRW/R/V/R/V DRW,fallback,原子事实对应多条候选记录
皮卡,高度压缩两两组合,Chevrolet,C/K/C/K,C/K,Regular/Extended/Crew,6.5-8/8,无可用尺码,1987-1998/1992-2000,,DRW/R/V/R/V DRW/Classic/DRW,Regular/Extended/Crew,6.5-8,1987-2000,,Classic/DRW/R/V/R/V DRW,fallback,原子事实对应多条候选记录
皮卡,高度压缩两两组合,Chevrolet,C/K/C/K,C/K,Regular/Extended/Extended,6.5-8/6.5,无可用尺码,1987-1998/1999,,DRW/R/V/R/V DRW/Classic,Regular/Extended,6.5-8,1987-1999,,Classic/DRW/R/V/R/V DRW,fallback,原子事实对应多条候选记录
皮卡,高度压缩两两组合,Chevrolet,C/K/C/K,C/K,Regular/Extended/Crew,6.5-8/6.5,无可用尺码,1987-1998/1999-2000,,DRW/R/V/R/V DRW/Classic,Regular/Extended/Crew,6.5-8,1987-2000,,Classic/DRW/R/V/R/V DRW,fallback,原子事实对应多条候选记录
皮卡,高度压缩两两组合,Chevrolet,C/K/C/K,C/K,Regular/Extended/Extended,6.5-8/8,无可用尺码,1987-1998/1999-2000,,DRW/R/V/R/V DRW/Classic,Regular/Extended,6.5-8,1987-2000,,Classic/DRW/R/V/R/V DRW,fallback,原子事实对应多条候选记录
皮卡,高度压缩两两组合,Chevrolet,C/K/C/K,C/K,Regular/Extended/Crew,6.5-8/6.5,无可用尺码,1987-1998/1999-2000,,DRW/R/V/R/V DRW/Classic DRW,Regular/Extended/Crew,6.5-8,1987-2000,,Classic DRW/DRW/R/V/R/V DRW,fallback,原子事实对应多条候选记录
皮卡,高度压缩两两组合,Chevrolet,C/K/C/K,C/K,Regular/Extended/Crew,6.5-8/8,无可用尺码,1987-1998/1999-2000,,DRW/R/V/R/V DRW/Classic DRW,Regular/Extended/Crew,6.5-8,1987-2000,,Classic DRW/DRW/R/V/R/V DRW,fallback,原子事实对应多条候选记录
皮卡,高度压缩两两组合,Chevrolet,C/K/C/K,C/K,Regular/Extended/Extended,6.5-8/8,无可用尺码,1987-1998/1999-2000,,DRW/R/V/R/V DRW/Classic DRW,Regular/Extended,6.5-8,1987-2000,,Classic DRW/DRW/R/V/R/V DRW,fallback,原子事实对应多条候选记录
皮卡,高度压缩两两组合,Chevrolet,C/K/C/K,C/K,Crew/Extended/Regular,6.5-8/6.5-8,无可用尺码,1987-1998/1988-2000,,Incl: R/V/R/V DRW/Incl: Classic/Classic DRW,Crew/Extended/Regular,6.5-8,1987-2000,,Incl: Classic/Classic DRW/R/V/R/V DRW,fallback,原子事实对应多条候选记录
皮卡,高度压缩两两组合,Chevrolet,C/K/C/K,C/K,Crew/Extended/Crew,6.5-8/8,无可用尺码,1987-1998/1992-2000,,Incl: R/V/R/V DRW/Classic/DRW,Crew/Extended,6.5-8,1987-2000,,Incl: Classic/DRW/R/V/R/V DRW,fallback,原子事实对应多条候选记录
皮卡,高度压缩两两组合,Chevrolet,C/K/C/K,C/K,Crew/Extended/Extended,6.5-8/6.5,无可用尺码,1987-1998/1999,,Incl: R/V/R/V DRW/Classic,Crew/Extended,6.5-8,1987-1999,,Incl: Classic/R/V/R/V DRW,fallback,原子事实对应多条候选记录
皮卡,高度压缩两两组合,Chevrolet,C/K/C/K,C/K,Crew/Extended/Crew,6.5-8/6.5,无可用尺码,1987-1998/1999-2000,,Incl: R/V/R/V DRW/Classic,Crew/Extended,6.5-8,1987-2000,,Incl: Classic/R/V/R/V DRW,fallback,原子事实对应多条候选记录
皮卡,高度压缩两两组合,Chevrolet,C/K/C/K,C/K,Crew/Extended/Extended,6.5-8/8,无可用尺码,1987-1998/1999-2000,,Incl: R/V/R/V DRW/Classic,Crew/Extended,6.5-8,1987-2000,,Incl: Classic/R/V/R/V DRW,fallback,原子事实对应多条候选记录
皮卡,高度压缩两两组合,Chevrolet,C/K/C/K,C/K,Crew/Extended/Crew,6.5-8/6.5,无可用尺码,1987-1998/1999-2000,,Incl: R/V/R/V DRW/Classic DRW,Crew/Extended,6.5-8,1987-2000,,Incl: Classic DRW/R/V/R/V DRW,fallback,原子事实对应多条候选记录
皮卡,高度压缩两两组合,Chevrolet,C/K/C/K,C/K,Crew/Extended/Crew,6.5-8/8,无可用尺码,1987-1998/1999-2000,,Incl: R/V/R/V DRW/Classic DRW,Crew/Extended,6.5-8,1987-2000,,Incl: Classic DRW/R/V/R/V DRW,fallback,原子事实对应多条候选记录
皮卡,高度压缩两两组合,Chevrolet,C/K/C/K,C/K,Crew/Extended/Extended,6.5-8/8,无可用尺码,1987-1998/1999-2000,,Incl: R/V/R/V DRW/Classic DRW,Crew/Extended,6.5-8,1987-2000,,Incl: Classic DRW/R/V/R/V DRW,fallback,原子事实对应多条候选记录
皮卡,高度压缩两两组合,Chevrolet,C/K/C/K,C/K,Regular/Crew,6.5-8/8,无可用尺码,1988-2000/1992-2000,,Incl: Classic/Classic DRW/Classic/DRW,Regular/Crew,6.5-8,1988-2000,,Incl: Classic/Classic DRW/DRW,fallback,原子事实对应多条候选记录
皮卡,高度压缩两两组合,Chevrolet,C/K/C/K,C/K,Regular/Extended,6.5-8/6.5,无可用尺码,1988-2000/1999,,Incl: Classic/Classic DRW/Classic,Regular/Extended,6.5-8,1988-2000,,Incl: Classic/Classic DRW,fallback,原子事实对应多条候选记录
皮卡,高度压缩两两组合,Chevrolet,C/K/C/K,C/K,Regular/Crew,6.5-8/6.5,无可用尺码,1988-2000/1999-2000,,Incl: Classic/Classic DRW/Classic,Regular/Crew,6.5-8,1988-2000,,Incl: Classic/Classic DRW,fallback,原子事实对应多条候选记录
皮卡,高度压缩两两组合,Chevrolet,C/K/C/K,C/K,Regular/Extended,6.5-8/8,无可用尺码,1988-2000/1999-2000,,Incl: Classic/Classic DRW/Classic,Regular/Extended,6.5-8,1988-2000,,Incl: Classic/Classic DRW,fallback,原子事实对应多条候选记录
皮卡,高度压缩两两组合,Chevrolet,C/K/C/K,C/K,Regular/Crew,6.5-8/6.5,无可用尺码,1988-2000/1999-2000,,Incl: Classic/Classic DRW/Classic DRW,Regular/Crew,6.5-8,1988-2000,,Incl: Classic/Classic DRW,fallback,原子事实对应多条候选记录
皮卡,高度压缩两两组合,Chevrolet,C/K/C/K,C/K,Regular/Crew,6.5-8/8,无可用尺码,1988-2000/1999-2000,,Incl: Classic/Classic DRW/Classic DRW,Regular/Crew,6.5-8,1988-2000,,Incl: Classic/Classic DRW,fallback,原子事实对应多条候选记录
皮卡,高度压缩两两组合,Chevrolet,C/K/C/K,C/K,Regular/Extended,6.5-8/8,无可用尺码,1988-2000/1999-2000,,Incl: Classic/Classic DRW/Classic DRW,Regular/Extended,6.5-8,1988-2000,,Incl: Classic/Classic DRW,fallback,原子事实对应多条候选记录
皮卡,高度压缩两两组合,Chevrolet,C/K/C/K,C/K,Crew/Extended,8/6.5,无可用尺码,1992-2000/1999,,Classic/DRW/Classic,Crew/Extended,6.5-8,1992-2000,,Classic/DRW,fallback,原子事实对应多条候选记录
皮卡,高度压缩两两组合,Chevrolet,C/K/C/K,C/K,Crew/Crew,8/6.5,无可用尺码,1992-2000/1999-2000,,Classic/DRW/Classic,Crew,6.5-8,1992-2000,,Classic/DRW,success,
皮卡,高度压缩两两组合,Chevrolet,C/K/C/K,C/K,Regular/Crew/Regular/Extended,6.5-9/6.5-8,无可用尺码,1960-1986/1987-1998,,Incl: DRW/Longhorn/DRW/R/V/R/V DRW,Regular/Crew/Extended,6.5-9,1960-1998,,Incl: DRW/Longhorn/R/V/R/V DRW,fallback,原子事实对应多条候选记录
皮卡,高度压缩两两组合,Chevrolet,C/K/C/K,C/K,Regular/Crew/Crew/Extended,6.5-9/6.5-8,无可用尺码,1960-1986/1987-1998,,Incl: DRW/Longhorn/Incl: R/V/R/V DRW,Regular/Crew/Extended,6.5-9,1960-1998,,Incl: DRW/Longhorn/R/V/R/V DRW,fallback,原子事实对应多条候选记录
皮卡,高度压缩两两组合,Chevrolet,C/K/C/K,C/K,Regular/Crew/Regular,6.5-9/6.5-8,无可用尺码,1960-1986/1988-2000,,Incl: DRW/Longhorn/Incl: Classic/Classic DRW,Regular/Crew,6.5-9,1960-2000,,Incl: Classic/Classic DRW/DRW/Longhorn,fallback,原子事实对应多条候选记录
皮卡,高度压缩两两组合,Chevrolet,C/K/C/K,C/K,Regular/Crew/Crew,6.5-9/6.5-8,无可用尺码,1960-1986/1992-2000,,Incl: DRW/Longhorn/Classic/DRW,Regular/Crew,6.5-9,1960-2000,,Incl: Classic/DRW/Longhorn,fallback,原子事实对应多条候选记录
皮卡,高度压缩两两组合,Chevrolet,C/K/C/K,C/K,Regular/Crew/Extended,6.5-9/6.5,无可用尺码,1960-1986/1999,,Incl: DRW/Longhorn/Classic,Regular/Crew/Extended,6.5-9,1960-1999,,Incl: Classic/DRW/Longhorn,fallback,原子事实对应多条候选记录
皮卡,高度压缩两两组合,Chevrolet,C/K/C/K,C/K,Regular/Crew/Extended,6.5-9/8,无可用尺码,1960-1986/1999-2000,,Incl: DRW/Longhorn/Classic,Regular/Crew/Extended,6.5-9,1960-2000,,Incl: Classic/DRW/Longhorn,fallback,原子事实对应多条候选记录
皮卡,高度压缩两两组合,Chevrolet,C/K/C/K,C/K,Regular/Crew/Crew,6.5-9/6.5,无可用尺码,1960-1986/1999-2000,,Incl: DRW/Longhorn/Classic DRW,Regular/Crew,6.5-9,1960-2000,,Incl: Classic DRW/DRW/Longhorn,fallback,原子事实对应多条候选记录
皮卡,高度压缩两两组合,Chevrolet,C/K/C/K,C/K,Regular/Crew/Crew,6.5-9/8,无可用尺码,1960-1986/1999-2000,,Incl: DRW/Longhorn/Classic DRW,Regular/Crew,6.5-9,1960-2000,,Incl: Classic DRW/DRW/Longhorn,fallback,原子事实对应多条候选记录
皮卡,高度压缩两两组合,Chevrolet,C/K/C/K,C/K,Regular/Crew/Extended,6.5-9/8,无可用尺码,1960-1986/1999-2000,,Incl: DRW/Longhorn/Classic DRW,Regular/Crew/Extended,6.5-9,1960-2000,,Incl: Classic DRW/DRW/Longhorn,fallback,原子事实对应多条候选记录
皮卡,高度压缩两两组合,Chevrolet,C/K/C/K,C/K,Regular/Extended/Crew/Extended,6.5-8/6.5-8,无可用尺码,1987-1998/1987-1998,,DRW/R/V/R/V DRW/Incl: R/V/R/V DRW,Regular/Extended/Crew,6.5-8,1987-1998,,Incl: DRW/R/V/R/V DRW,fallback,原子事实对应多条候选记录
皮卡,高度压缩两两组合,Chevrolet,C/K/C/K,C/K,Regular/Extended/Regular,6.5-8/6.5-8,无可用尺码,1987-1998/1988-2000,,DRW/R/V/R/V DRW/Incl: Classic/Classic DRW,Regular/Extended,6.5-8,1987-2000,,Incl: Classic/Classic DRW/DRW/R/V/R/V DRW,fallback,原子事实对应多条候选记录
皮卡,高度压缩两两组合,Chevrolet,C/K/C/K,C/K,Regular/Extended/Crew,6.5-8/6.5-8,无可用尺码,1987-1998/1992-2000,,DRW/R/V/R/V DRW/Classic/DRW,Regular/Extended/Crew,6.5-8,1987-2000,,Classic/DRW/R/V/R/V DRW,fallback,原子事实对应多条候选记录
皮卡,高度压缩两两组合,Chevrolet,C/K/C/K,C/K,Regular/Extended/Extended,6.5-8/6.5,无可用尺码,1987-1998/1999,,DRW/R/V/R/V DRW/Classic,Regular/Extended,6.5-8,1987-1999,,Classic/DRW/R/V/R/V DRW,fallback,原子事实对应多条候选记录
皮卡,高度压缩两两组合,Chevrolet,C/K/C/K,C/K,Regular/Extended/Extended,6.5-8/8,无可用尺码,1987-1998/1999-2000,,DRW/R/V/R/V DRW/Classic,Regular/Extended,6.5-8,1987-2000,,Classic/DRW/R/V/R/V DRW,fallback,原子事实对应多条候选记录
皮卡,高度压缩两两组合,Chevrolet,C/K/C/K,C/K,Regular/Extended/Crew,6.5-8/6.5,无可用尺码,1987-1998/1999-2000,,DRW/R/V/R/V DRW/Classic DRW,Regular/Extended/Crew,6.5-8,1987-2000,,Classic DRW/DRW/R/V/R/V DRW,fallback,原子事实对应多条候选记录
皮卡,高度压缩两两组合,Chevrolet,C/K/C/K,C/K,Regular/Extended/Crew,6.5-8/8,无可用尺码,1987-1998/1999-2000,,DRW/R/V/R/V DRW/Classic DRW,Regular/Extended/Crew,6.5-8,1987-2000,,Classic DRW/DRW/R/V/R/V DRW,fallback,原子事实对应多条候选记录
皮卡,高度压缩两两组合,Chevrolet,C/K/C/K,C/K,Regular/Extended/Extended,6.5-8/8,无可用尺码,1987-1998/1999-2000,,DRW/R/V/R/V DRW/Classic DRW,Regular/Extended,6.5-8,1987-2000,,Classic DRW/DRW/R/V/R/V DRW,fallback,原子事实对应多条候选记录
皮卡,高度压缩两两组合,Chevrolet,C/K/C/K,C/K,Crew/Extended/Regular,6.5-8/6.5-8,无可用尺码,1987-1998/1988-2000,,Incl: R/V/R/V DRW/Incl: Classic/Classic DRW,Crew/Extended/Regular,6.5-8,1987-2000,,Incl: Classic/Classic DRW/R/V/R/V DRW,fallback,原子事实对应多条候选记录
皮卡,高度压缩两两组合,Chevrolet,C/K/C/K,C/K,Crew/Extended/Crew,6.5-8/6.5-8,无可用尺码,1987-1998/1992-2000,,Incl: R/V/R/V DRW/Classic/DRW,Crew/Extended,6.5-8,1987-2000,,Incl: Classic/DRW/R/V/R/V DRW,fallback,原子事实对应多条候选记录
皮卡,高度压缩两两组合,Chevrolet,C/K/C/K,C/K,Crew/Extended/Extended,6.5-8/6.5,无可用尺码,1987-1998/1999,,Incl: R/V/R/V DRW/Classic,Crew/Extended,6.5-8,1987-1999,,Incl: Classic/R/V/R/V DRW,fallback,原子事实对应多条候选记录
皮卡,高度压缩两两组合,Chevrolet,C/K/C/K,C/K,Crew/Extended/Extended,6.5-8/8,无可用尺码,1987-1998/1999-2000,,Incl: R/V/R/V DRW/Classic,Crew/Extended,6.5-8,1987-2000,,Incl: Classic/R/V/R/V DRW,fallback,原子事实对应多条候选记录
皮卡,高度压缩两两组合,Chevrolet,C/K/C/K,C/K,Crew/Extended/Crew,6.5-8/6.5,无可用尺码,1987-1998/1999-2000,,Incl: R/V/R/V DRW/Classic DRW,Crew/Extended,6.5-8,1987-2000,,Incl: Classic DRW/R/V/R/V DRW,fallback,原子事实对应多条候选记录
皮卡,高度压缩两两组合,Chevrolet,C/K/C/K,C/K,Crew/Extended/Crew,6.5-8/8,无可用尺码,1987-1998/1999-2000,,Incl: R/V/R/V DRW/Classic DRW,Crew/Extended,6.5-8,1987-2000,,Incl: Classic DRW/R/V/R/V DRW,fallback,原子事实对应多条候选记录
皮卡,高度压缩两两组合,Chevrolet,C/K/C/K,C/K,Crew/Extended/Extended,6.5-8/8,无可用尺码,1987-1998/1999-2000,,Incl: R/V/R/V DRW/Classic DRW,Crew/Extended,6.5-8,1987-2000,,Incl: Classic DRW/R/V/R/V DRW,fallback,原子事实对应多条候选记录
皮卡,高度压缩两两组合,Chevrolet,C/K/C/K,C/K,Regular/Crew,6.5-8/6.5-8,无可用尺码,1988-2000/1992-2000,,Incl: Classic/Classic DRW/Classic/DRW,Regular/Crew,6.5-8,1988-2000,,Incl: Classic/Classic DRW/DRW,fallback,原子事实对应多条候选记录
皮卡,高度压缩两两组合,Chevrolet,C/K/C/K,C/K,Regular/Extended,6.5-8/6.5,无可用尺码,1988-2000/1999,,Incl: Classic/Classic DRW/Classic,Regular/Extended,6.5-8,1988-2000,,Incl: Classic/Classic DRW,fallback,原子事实对应多条候选记录
皮卡,高度压缩两两组合,Chevrolet,C/K/C/K,C/K,Regular/Extended,6.5-8/8,无可用尺码,1988-2000/1999-2000,,Incl: Classic/Classic DRW/Classic,Regular/Extended,6.5-8,1988-2000,,Incl: Classic/Classic DRW,fallback,原子事实对应多条候选记录
皮卡,高度压缩两两组合,Chevrolet,C/K/C/K,C/K,Regular/Crew,6.5-8/6.5,无可用尺码,1988-2000/1999-2000,,Incl: Classic/Classic DRW/Classic DRW,Regular/Crew,6.5-8,1988-2000,,Incl: Classic/Classic DRW,fallback,原子事实对应多条候选记录
皮卡,高度压缩两两组合,Chevrolet,C/K/C/K,C/K,Regular/Crew,6.5-8/8,无可用尺码,1988-2000/1999-2000,,Incl: Classic/Classic DRW/Classic DRW,Regular/Crew,6.5-8,1988-2000,,Incl: Classic/Classic DRW,fallback,原子事实对应多条候选记录
皮卡,高度压缩两两组合,Chevrolet,C/K/C/K,C/K,Regular/Extended,6.5-8/8,无可用尺码,1988-2000/1999-2000,,Incl: Classic/Classic DRW/Classic DRW,Regular/Extended,6.5-8,1988-2000,,Incl: Classic/Classic DRW,fallback,原子事实对应多条候选记录
皮卡,高度压缩两两组合,Chevrolet,C/K/C/K,C/K,Crew/Extended,6.5-8/6.5,无可用尺码,1992-2000/1999,,Classic/DRW/Classic,Crew/Extended,6.5-8,1992-2000,,Classic/DRW,fallback,原子事实对应多条候选记录
皮卡,高度压缩两两组合,Chevrolet,C/K/C/K,C/K,Crew/Extended,6.5-8/8,无可用尺码,1992-2000/1999-2000,,Classic/DRW/Classic,Crew/Extended,6.5-8,1992-2000,,Classic/DRW,fallback,原子事实对应多条候选记录
皮卡,高度压缩两两组合,Chevrolet,C/K/C/K,C/K,Crew/Crew,6.5-8/6.5,无可用尺码,1992-2000/1999-2000,,Classic/DRW/Classic DRW,Crew,6.5-8,1992-2000,,Classic/Classic DRW/DRW,fallback,原子事实对应多条候选记录
皮卡,高度压缩两两组合,Chevrolet,C/K/C/K,C/K,Crew/Crew,6.5-8/8,无可用尺码,1992-2000/1999-2000,,Classic/DRW/Classic DRW,Crew,6.5-8,1992-2000,,Classic/Classic DRW/DRW,fallback,原子事实对应多条候选记录
皮卡,高度压缩两两组合,Chevrolet,C/K/C/K,C/K,Crew/Extended,6.5-8/8,无可用尺码,1992-2000/1999-2000,,Classic/DRW/Classic DRW,Crew/Extended,6.5-8,1992-2000,,Classic/Classic DRW/DRW,fallback,原子事实对应多条候选记录
皮卡,高度压缩两两组合,Chevrolet,C/K/C/K,C/K,Extended/Extended,6.5/8,无可用尺码,1999/1999-2000,,Classic/Classic,Extended,6.5-8,1999-2000,,Classic,success,
皮卡,高度压缩两两组合,Chevrolet,C/K/C/K,C/K,Regular/Crew/Regular/Extended,6.5-9/6.5-8,无可用尺码,1960-1986/1987-1998,,Incl: DRW/Longhorn/DRW/R/V/R/V DRW,Regular/Crew/Extended,6.5-9,1960-1998,,Incl: DRW/Longhorn/R/V/R/V DRW,fallback,原子事实对应多条候选记录
皮卡,高度压缩两两组合,Chevrolet,C/K/C/K,C/K,Regular/Crew/Crew/Extended,6.5-9/6.5-8,无可用尺码,1960-1986/1987-1998,,Incl: DRW/Longhorn/Incl: R/V/R/V DRW,Regular/Crew/Extended,6.5-9,1960-1998,,Incl: DRW/Longhorn/R/V/R/V DRW,fallback,原子事实对应多条候选记录
皮卡,高度压缩两两组合,Chevrolet,C/K/C/K,C/K,Regular/Crew/Regular,6.5-9/6.5-8,无可用尺码,1960-1986/1988-2000,,Incl: DRW/Longhorn/Incl: Classic/Classic DRW,Regular/Crew,6.5-9,1960-2000,,Incl: Classic/Classic DRW/DRW/Longhorn,fallback,原子事实对应多条候选记录
皮卡,高度压缩两两组合,Chevrolet,C/K/C/K,C/K,Regular/Crew/Crew,6.5-9/6.5-8,无可用尺码,1960-1986/1992-2000,,Incl: DRW/Longhorn/Classic/DRW,Regular/Crew,6.5-9,1960-2000,,Incl: Classic/DRW/Longhorn,fallback,原子事实对应多条候选记录
皮卡,高度压缩两两组合,Chevrolet,C/K/C/K,C/K,Regular/Crew/Extended,6.5-9/6.5-8,无可用尺码,1960-1986/1999-2000,,Incl: DRW/Longhorn/Classic,Regular/Crew/Extended,6.5-9,1960-2000,,Incl: Classic/DRW/Longhorn,fallback,原子事实对应多条候选记录
皮卡,高度压缩两两组合,Chevrolet,C/K/C/K,C/K,Regular/Crew/Crew,6.5-9/6.5,无可用尺码,1960-1986/1999-2000,,Incl: DRW/Longhorn/Classic DRW,Regular/Crew,6.5-9,1960-2000,,Incl: Classic DRW/DRW/Longhorn,fallback,原子事实对应多条候选记录
皮卡,高度压缩两两组合,Chevrolet,C/K/C/K,C/K,Regular/Crew/Crew,6.5-9/8,无可用尺码,1960-1986/1999-2000,,Incl: DRW/Longhorn/Classic DRW,Regular/Crew,6.5-9,1960-2000,,Incl: Classic DRW/DRW/Longhorn,fallback,原子事实对应多条候选记录
皮卡,高度压缩两两组合,Chevrolet,C/K/C/K,C/K,Regular/Crew/Extended,6.5-9/8,无可用尺码,1960-1986/1999-2000,,Incl: DRW/Longhorn/Classic DRW,Regular/Crew/Extended,6.5-9,1960-2000,,Incl: Classic DRW/DRW/Longhorn,fallback,原子事实对应多条候选记录
皮卡,高度压缩两两组合,Chevrolet,C/K/C/K,C/K,Regular/Extended/Crew/Extended,6.5-8/6.5-8,无可用尺码,1987-1998/1987-1998,,DRW/R/V/R/V DRW/Incl: R/V/R/V DRW,Regular/Extended/Crew,6.5-8,1987-1998,,Incl: DRW/R/V/R/V DRW,fallback,原子事实对应多条候选记录
皮卡,高度压缩两两组合,Chevrolet,C/K/C/K,C/K,Regular/Extended/Regular,6.5-8/6.5-8,无可用尺码,1987-1998/1988-2000,,DRW/R/V/R/V DRW/Incl: Classic/Classic DRW,Regular/Extended,6.5-8,1987-2000,,Incl: Classic/Classic DRW/DRW/R/V/R/V DRW,fallback,原子事实对应多条候选记录
皮卡,高度压缩两两组合,Chevrolet,C/K/C/K,C/K,Regular/Extended/Crew,6.5-8/6.5-8,无可用尺码,1987-1998/1992-2000,,DRW/R/V/R/V DRW/Classic/DRW,Regular/Extended/Crew,6.5-8,1987-2000,,Classic/DRW/R/V/R/V DRW,fallback,原子事实对应多条候选记录
皮卡,高度压缩两两组合,Chevrolet,C/K/C/K,C/K,Regular/Extended/Extended,6.5-8/6.5-8,无可用尺码,1987-1998/1999-2000,,DRW/R/V/R/V DRW/Classic,Regular/Extended,6.5-8,1987-2000,,Classic/DRW/R/V/R/V DRW,fallback,原子事实对应多条候选记录
皮卡,高度压缩两两组合,Chevrolet,C/K/C/K,C/K,Regular/Extended/Crew,6.5-8/6.5,无可用尺码,1987-1998/1999-2000,,DRW/R/V/R/V DRW/Classic DRW,Regular/Extended/Crew,6.5-8,1987-2000,,Classic DRW/DRW/R/V/R/V DRW,fallback,原子事实对应多条候选记录
皮卡,高度压缩两两组合,Chevrolet,C/K/C/K,C/K,Regular/Extended/Crew,6.5-8/8,无可用尺码,1987-1998/1999-2000,,DRW/R/V/R/V DRW/Classic DRW,Regular/Extended/Crew,6.5-8,1987-2000,,Classic DRW/DRW/R/V/R/V DRW,fallback,原子事实对应多条候选记录
皮卡,高度压缩两两组合,Chevrolet,C/K/C/K,C/K,Regular/Extended/Extended,6.5-8/8,无可用尺码,1987-1998/1999-2000,,DRW/R/V/R/V DRW/Classic DRW,Regular/Extended,6.5-8,1987-2000,,Classic DRW/DRW/R/V/R/V DRW,fallback,原子事实对应多条候选记录
皮卡,高度压缩两两组合,Chevrolet,C/K/C/K,C/K,Crew/Extended/Regular,6.5-8/6.5-8,无可用尺码,1987-1998/1988-2000,,Incl: R/V/R/V DRW/Incl: Classic/Classic DRW,Crew/Extended/Regular,6.5-8,1987-2000,,Incl: Classic/Classic DRW/R/V/R/V DRW,fallback,原子事实对应多条候选记录
皮卡,高度压缩两两组合,Chevrolet,C/K/C/K,C/K,Crew/Extended/Crew,6.5-8/6.5-8,无可用尺码,1987-1998/1992-2000,,Incl: R/V/R/V DRW/Classic/DRW,Crew/Extended,6.5-8,1987-2000,,Incl: Classic/DRW/R/V/R/V DRW,fallback,原子事实对应多条候选记录
皮卡,高度压缩两两组合,Chevrolet,C/K/C/K,C/K,Crew/Extended/Extended,6.5-8/6.5-8,无可用尺码,1987-1998/1999-2000,,Incl: R/V/R/V DRW/Classic,Crew/Extended,6.5-8,1987-2000,,Incl: Classic/R/V/R/V DRW,fallback,原子事实对应多条候选记录
皮卡,高度压缩两两组合,Chevrolet,C/K/C/K,C/K,Crew/Extended/Crew,6.5-8/6.5,无可用尺码,1987-1998/1999-2000,,Incl: R/V/R/V DRW/Classic DRW,Crew/Extended,6.5-8,1987-2000,,Incl: Classic DRW/R/V/R/V DRW,fallback,原子事实对应多条候选记录
皮卡,高度压缩两两组合,Chevrolet,C/K/C/K,C/K,Crew/Extended/Crew,6.5-8/8,无可用尺码,1987-1998/1999-2000,,Incl: R/V/R/V DRW/Classic DRW,Crew/Extended,6.5-8,1987-2000,,Incl: Classic DRW/R/V/R/V DRW,fallback,原子事实对应多条候选记录
皮卡,高度压缩两两组合,Chevrolet,C/K/C/K,C/K,Crew/Extended/Extended,6.5-8/8,无可用尺码,1987-1998/1999-2000,,Incl: R/V/R/V DRW/Classic DRW,Crew/Extended,6.5-8,1987-2000,,Incl: Classic DRW/R/V/R/V DRW,fallback,原子事实对应多条候选记录
皮卡,高度压缩两两组合,Chevrolet,C/K/C/K,C/K,Regular/Crew,6.5-8/6.5-8,无可用尺码,1988-2000/1992-2000,,Incl: Classic/Classic DRW/Classic/DRW,Regular/Crew,6.5-8,1988-2000,,Incl: Classic/Classic DRW/DRW,fallback,原子事实对应多条候选记录
皮卡,高度压缩两两组合,Chevrolet,C/K/C/K,C/K,Regular/Extended,6.5-8/6.5-8,无可用尺码,1988-2000/1999-2000,,Incl: Classic/Classic DRW/Classic,Regular/Extended,6.5-8,1988-2000,,Incl: Classic/Classic DRW,fallback,原子事实对应多条候选记录
皮卡,高度压缩两两组合,Chevrolet,C/K/C/K,C/K,Regular/Crew,6.5-8/6.5,无可用尺码,1988-2000/1999-2000,,Incl: Classic/Classic DRW/Classic DRW,Regular/Crew,6.5-8,1988-2000,,Incl: Classic/Classic DRW,fallback,原子事实对应多条候选记录
皮卡,高度压缩两两组合,Chevrolet,C/K/C/K,C/K,Regular/Crew,6.5-8/8,无可用尺码,1988-2000/1999-2000,,Incl: Classic/Classic DRW/Classic DRW,Regular/Crew,6.5-8,1988-2000,,Incl: Classic/Classic DRW,fallback,原子事实对应多条候选记录
皮卡,高度压缩两两组合,Chevrolet,C/K/C/K,C/K,Regular/Extended,6.5-8/8,无可用尺码,1988-2000/1999-2000,,Incl: Classic/Classic DRW/Classic DRW,Regular/Extended,6.5-8,1988-2000,,Incl: Classic/Classic DRW,fallback,原子事实对应多条候选记录
皮卡,高度压缩两两组合,Chevrolet,C/K/C/K,C/K,Crew/Extended,6.5-8/6.5-8,无可用尺码,1992-2000/1999-2000,,Classic/DRW/Classic,Crew/Extended,6.5-8,1992-2000,,Classic/DRW,fallback,原子事实对应多条候选记录
皮卡,高度压缩两两组合,Chevrolet,C/K/C/K,C/K,Crew/Crew,6.5-8/6.5,无可用尺码,1992-2000/1999-2000,,Classic/DRW/Classic DRW,Crew,6.5-8,1992-2000,,Classic/Classic DRW/DRW,fallback,原子事实对应多条候选记录
皮卡,高度压缩两两组合,Chevrolet,C/K/C/K,C/K,Crew/Crew,6.5-8/8,无可用尺码,1992-2000/1999-2000,,Classic/DRW/Classic DRW,Crew,6.5-8,1992-2000,,Classic/Classic DRW/DRW,fallback,原子事实对应多条候选记录
皮卡,高度压缩两两组合,Chevrolet,C/K/C/K,C/K,Crew/Extended,6.5-8/8,无可用尺码,1992-2000/1999-2000,,Classic/DRW/Classic DRW,Crew/Extended,6.5-8,1992-2000,,Classic/Classic DRW/DRW,fallback,原子事实对应多条候选记录
皮卡,高度压缩两两组合,Chevrolet,C/K/C/K,C/K,Extended/Crew,6.5-8/6.5,无可用尺码,1999-2000/1999-2000,,Classic/Classic DRW,Extended/Crew,6.5-8,1999-2000,,Classic/Classic DRW,fallback,原子事实对应多条候选记录
皮卡,高度压缩两两组合,Chevrolet,C/K/C/K,C/K,Extended/Crew,6.5-8/8,无可用尺码,1999-2000/1999-2000,,Classic/Classic DRW,Extended/Crew,6.5-8,1999-2000,,Classic/Classic DRW,fallback,原子事实对应多条候选记录
皮卡,高度压缩两两组合,Chevrolet,C/K/C/K,C/K,Extended/Extended,6.5-8/8,无可用尺码,1999-2000/1999-2000,,Classic/Classic DRW,Extended,6.5-8,1999-2000,,Classic/Classic DRW,success,
皮卡,高度压缩两两组合,Chevrolet,C/K/C/K,C/K,Regular/Crew/Regular/Extended,6.5-9/6.5-8,无可用尺码,1960-1986/1987-1998,,Incl: DRW/Longhorn/DRW/R/V/R/V DRW,Regular/Crew/Extended,6.5-9,1960-1998,,Incl: DRW/Longhorn/R/V/R/V DRW,fallback,原子事实对应多条候选记录
皮卡,高度压缩两两组合,Chevrolet,C/K/C/K,C/K,Regular/Crew/Crew/Extended,6.5-9/6.5-8,无可用尺码,1960-1986/1987-1998,,Incl: DRW/Longhorn/Incl: R/V/R/V DRW,Regular/Crew/Extended,6.5-9,1960-1998,,Incl: DRW/Longhorn/R/V/R/V DRW,fallback,原子事实对应多条候选记录
皮卡,高度压缩两两组合,Chevrolet,C/K/C/K,C/K,Regular/Crew/Regular,6.5-9/6.5-8,无可用尺码,1960-1986/1988-2000,,Incl: DRW/Longhorn/Incl: Classic/Classic DRW,Regular/Crew,6.5-9,1960-2000,,Incl: Classic/Classic DRW/DRW/Longhorn,fallback,原子事实对应多条候选记录
皮卡,高度压缩两两组合,Chevrolet,C/K/C/K,C/K,Regular/Crew/Crew,6.5-9/6.5-8,无可用尺码,1960-1986/1992-2000,,Incl: DRW/Longhorn/Classic/DRW,Regular/Crew,6.5-9,1960-2000,,Incl: Classic/DRW/Longhorn,fallback,原子事实对应多条候选记录
皮卡,高度压缩两两组合,Chevrolet,C/K/C/K,C/K,Regular/Crew/Crew,6.5-9/6.5,无可用尺码,1960-1986/1999-2000,,Incl: DRW/Longhorn/Classic DRW,Regular/Crew,6.5-9,1960-2000,,Incl: Classic DRW/DRW/Longhorn,fallback,原子事实对应多条候选记录
皮卡,高度压缩两两组合,Chevrolet,C/K/C/K,C/K,Regular/Crew/Crew,6.5-9/8,无可用尺码,1960-1986/1999-2000,,Incl: DRW/Longhorn/Classic DRW,Regular/Crew,6.5-9,1960-2000,,Incl: Classic DRW/DRW/Longhorn,fallback,原子事实对应多条候选记录
皮卡,高度压缩两两组合,Chevrolet,C/K/C/K,C/K,Regular/Crew/Extended,6.5-9/6.5-8,无可用尺码,1960-1986/1999-2000,,Incl: DRW/Longhorn/Classic/Classic DRW,Regular/Crew/Extended,6.5-9,1960-2000,,Incl: Classic/Classic DRW/DRW/Longhorn,fallback,原子事实对应多条候选记录
皮卡,高度压缩两两组合,Chevrolet,C/K/C/K,C/K,Regular/Extended/Crew/Extended,6.5-8/6.5-8,无可用尺码,1987-1998/1987-1998,,DRW/R/V/R/V DRW/Incl: R/V/R/V DRW,Regular/Extended/Crew,6.5-8,1987-1998,,Incl: DRW/R/V/R/V DRW,fallback,原子事实对应多条候选记录
皮卡,高度压缩两两组合,Chevrolet,C/K/C/K,C/K,Regular/Extended/Regular,6.5-8/6.5-8,无可用尺码,1987-1998/1988-2000,,DRW/R/V/R/V DRW/Incl: Classic/Classic DRW,Regular/Extended,6.5-8,1987-2000,,Incl: Classic/Classic DRW/DRW/R/V/R/V DRW,fallback,原子事实对应多条候选记录
皮卡,高度压缩两两组合,Chevrolet,C/K/C/K,C/K,Regular/Extended/Crew,6.5-8/6.5-8,无可用尺码,1987-1998/1992-2000,,DRW/R/V/R/V DRW/Classic/DRW,Regular/Extended/Crew,6.5-8,1987-2000,,Classic/DRW/R/V/R/V DRW,fallback,原子事实对应多条候选记录
皮卡,高度压缩两两组合,Chevrolet,C/K/C/K,C/K,Regular/Extended/Crew,6.5-8/6.5,无可用尺码,1987-1998/1999-2000,,DRW/R/V/R/V DRW/Classic DRW,Regular/Extended/Crew,6.5-8,1987-2000,,Classic DRW/DRW/R/V/R/V DRW,fallback,原子事实对应多条候选记录
皮卡,高度压缩两两组合,Chevrolet,C/K/C/K,C/K,Regular/Extended/Crew,6.5-8/8,无可用尺码,1987-1998/1999-2000,,DRW/R/V/R/V DRW/Classic DRW,Regular/Extended/Crew,6.5-8,1987-2000,,Classic DRW/DRW/R/V/R/V DRW,fallback,原子事实对应多条候选记录
皮卡,高度压缩两两组合,Chevrolet,C/K/C/K,C/K,Regular/Extended/Extended,6.5-8/6.5-8,无可用尺码,1987-1998/1999-2000,,DRW/R/V/R/V DRW/Classic/Classic DRW,Regular/Extended,6.5-8,1987-2000,,Classic/Classic DRW/DRW/R/V/R/V DRW,fallback,原子事实对应多条候选记录
皮卡,高度压缩两两组合,Chevrolet,C/K/C/K,C/K,Crew/Extended/Regular,6.5-8/6.5-8,无可用尺码,1987-1998/1988-2000,,Incl: R/V/R/V DRW/Incl: Classic/Classic DRW,Crew/Extended/Regular,6.5-8,1987-2000,,Incl: Classic/Classic DRW/R/V/R/V DRW,fallback,原子事实对应多条候选记录
皮卡,高度压缩两两组合,Chevrolet,C/K/C/K,C/K,Crew/Extended/Crew,6.5-8/6.5-8,无可用尺码,1987-1998/1992-2000,,Incl: R/V/R/V DRW/Classic/DRW,Crew/Extended,6.5-8,1987-2000,,Incl: Classic/DRW/R/V/R/V DRW,fallback,原子事实对应多条候选记录
皮卡,高度压缩两两组合,Chevrolet,C/K/C/K,C/K,Crew/Extended/Crew,6.5-8/6.5,无可用尺码,1987-1998/1999-2000,,Incl: R/V/R/V DRW/Classic DRW,Crew/Extended,6.5-8,1987-2000,,Incl: Classic DRW/R/V/R/V DRW,fallback,原子事实对应多条候选记录
皮卡,高度压缩两两组合,Chevrolet,C/K/C/K,C/K,Crew/Extended/Crew,6.5-8/8,无可用尺码,1987-1998/1999-2000,,Incl: R/V/R/V DRW/Classic DRW,Crew/Extended,6.5-8,1987-2000,,Incl: Classic DRW/R/V/R/V DRW,fallback,原子事实对应多条候选记录
皮卡,高度压缩两两组合,Chevrolet,C/K/C/K,C/K,Crew/Extended/Extended,6.5-8/6.5-8,无可用尺码,1987-1998/1999-2000,,Incl: R/V/R/V DRW/Classic/Classic DRW,Crew/Extended,6.5-8,1987-2000,,Incl: Classic/Classic DRW/R/V/R/V DRW,fallback,原子事实对应多条候选记录
皮卡,高度压缩两两组合,Chevrolet,C/K/C/K,C/K,Regular/Crew,6.5-8/6.5-8,无可用尺码,1988-2000/1992-2000,,Incl: Classic/Classic DRW/Classic/DRW,Regular/Crew,6.5-8,1988-2000,,Incl: Classic/Classic DRW/DRW,fallback,原子事实对应多条候选记录
皮卡,高度压缩两两组合,Chevrolet,C/K/C/K,C/K,Regular/Crew,6.5-8/6.5,无可用尺码,1988-2000/1999-2000,,Incl: Classic/Classic DRW/Classic DRW,Regular/Crew,6.5-8,1988-2000,,Incl: Classic/Classic DRW,fallback,原子事实对应多条候选记录
皮卡,高度压缩两两组合,Chevrolet,C/K/C/K,C/K,Regular/Crew,6.5-8/8,无可用尺码,1988-2000/1999-2000,,Incl: Classic/Classic DRW/Classic DRW,Regular/Crew,6.5-8,1988-2000,,Incl: Classic/Classic DRW,fallback,原子事实对应多条候选记录
皮卡,高度压缩两两组合,Chevrolet,C/K/C/K,C/K,Regular/Extended,6.5-8/6.5-8,无可用尺码,1988-2000/1999-2000,,Incl: Classic/Classic DRW/Classic/Classic DRW,Regular/Extended,6.5-8,1988-2000,,Incl: Classic/Classic DRW,fallback,原子事实对应多条候选记录
皮卡,高度压缩两两组合,Chevrolet,C/K/C/K,C/K,Crew/Crew,6.5-8/6.5,无可用尺码,1992-2000/1999-2000,,Classic/DRW/Classic DRW,Crew,6.5-8,1992-2000,,Classic/Classic DRW/DRW,fallback,原子事实对应多条候选记录
皮卡,高度压缩两两组合,Chevrolet,C/K/C/K,C/K,Crew/Crew,6.5-8/8,无可用尺码,1992-2000/1999-2000,,Classic/DRW/Classic DRW,Crew,6.5-8,1992-2000,,Classic/Classic DRW/DRW,fallback,原子事实对应多条候选记录
皮卡,高度压缩两两组合,Chevrolet,C/K/C/K,C/K,Crew/Extended,6.5-8/6.5-8,无可用尺码,1992-2000/1999-2000,,Classic/DRW/Classic/Classic DRW,Crew/Extended,6.5-8,1992-2000,,Classic/Classic DRW/DRW,fallback,原子事实对应多条候选记录
皮卡,高度压缩两两组合,Chevrolet,C/K/C/K,C/K,Crew/Crew,6.5/8,无可用尺码,1999-2000/1999-2000,,Classic DRW/Classic DRW,Crew,6.5-8,1999-2000,,Classic DRW,success,
皮卡,高度压缩两两组合,Chevrolet,C/K/C/K,C/K,Regular/Crew/Regular/Extended,6.5-9/6.5-8,无可用尺码,1960-1986/1987-1998,,Incl: DRW/Longhorn/DRW/R/V/R/V DRW,Regular/Crew/Extended,6.5-9,1960-1998,,Incl: DRW/Longhorn/R/V/R/V DRW,fallback,原子事实对应多条候选记录
皮卡,高度压缩两两组合,Chevrolet,C/K/C/K,C/K,Regular/Crew/Crew/Extended,6.5-9/6.5-8,无可用尺码,1960-1986/1987-1998,,Incl: DRW/Longhorn/Incl: R/V/R/V DRW,Regular/Crew/Extended,6.5-9,1960-1998,,Incl: DRW/Longhorn/R/V/R/V DRW,fallback,原子事实对应多条候选记录
皮卡,高度压缩两两组合,Chevrolet,C/K/C/K,C/K,Regular/Crew/Regular,6.5-9/6.5-8,无可用尺码,1960-1986/1988-2000,,Incl: DRW/Longhorn/Incl: Classic/Classic DRW,Regular/Crew,6.5-9,1960-2000,,Incl: Classic/Classic DRW/DRW/Longhorn,fallback,原子事实对应多条候选记录
皮卡,高度压缩两两组合,Chevrolet,C/K/C/K,C/K,Regular/Crew/Crew,6.5-9/6.5-8,无可用尺码,1960-1986/1992-2000,,Incl: DRW/Longhorn/Classic/DRW,Regular/Crew,6.5-9,1960-2000,,Incl: Classic/DRW/Longhorn,fallback,原子事实对应多条候选记录
皮卡,高度压缩两两组合,Chevrolet,C/K/C/K,C/K,Regular/Crew/Crew,6.5-9/6.5-8,无可用尺码,1960-1986/1999-2000,,Incl: DRW/Longhorn/Classic DRW,Regular/Crew,6.5-9,1960-2000,,Incl: Classic DRW/DRW/Longhorn,fallback,原子事实对应多条候选记录
皮卡,高度压缩两两组合,Chevrolet,C/K/C/K,C/K,Regular/Crew/Extended,6.5-9/6.5-8,无可用尺码,1960-1986/1999-2000,,Incl: DRW/Longhorn/Classic/Classic DRW,Regular/Crew/Extended,6.5-9,1960-2000,,Incl: Classic/Classic DRW/DRW/Longhorn,fallback,原子事实对应多条候选记录
皮卡,高度压缩两两组合,Chevrolet,C/K/C/K,C/K,Regular/Extended/Crew/Extended,6.5-8/6.5-8,无可用尺码,1987-1998/1987-1998,,DRW/R/V/R/V DRW/Incl: R/V/R/V DRW,Regular/Extended/Crew,6.5-8,1987-1998,,Incl: DRW/R/V/R/V DRW,fallback,原子事实对应多条候选记录
皮卡,高度压缩两两组合,Chevrolet,C/K/C/K,C/K,Regular/Extended/Regular,6.5-8/6.5-8,无可用尺码,1987-1998/1988-2000,,DRW/R/V/R/V DRW/Incl: Classic/Classic DRW,Regular/Extended,6.5-8,1987-2000,,Incl: Classic/Classic DRW/DRW/R/V/R/V DRW,fallback,原子事实对应多条候选记录
皮卡,高度压缩两两组合,Chevrolet,C/K/C/K,C/K,Regular/Extended/Crew,6.5-8/6.5-8,无可用尺码,1987-1998/1992-2000,,DRW/R/V/R/V DRW/Classic/DRW,Regular/Extended/Crew,6.5-8,1987-2000,,Classic/DRW/R/V/R/V DRW,fallback,原子事实对应多条候选记录
皮卡,高度压缩两两组合,Chevrolet,C/K/C/K,C/K,Regular/Extended/Crew,6.5-8/6.5-8,无可用尺码,1987-1998/1999-2000,,DRW/R/V/R/V DRW/Classic DRW,Regular/Extended/Crew,6.5-8,1987-2000,,Classic DRW/DRW/R/V/R/V DRW,fallback,原子事实对应多条候选记录
皮卡,高度压缩两两组合,Chevrolet,C/K/C/K,C/K,Regular/Extended/Extended,6.5-8/6.5-8,无可用尺码,1987-1998/1999-2000,,DRW/R/V/R/V DRW/Classic/Classic DRW,Regular/Extended,6.5-8,1987-2000,,Classic/Classic DRW/DRW/R/V/R/V DRW,fallback,原子事实对应多条候选记录
皮卡,高度压缩两两组合,Chevrolet,C/K/C/K,C/K,Crew/Extended/Regular,6.5-8/6.5-8,无可用尺码,1987-1998/1988-2000,,Incl: R/V/R/V DRW/Incl: Classic/Classic DRW,Crew/Extended/Regular,6.5-8,1987-2000,,Incl: Classic/Classic DRW/R/V/R/V DRW,fallback,原子事实对应多条候选记录
皮卡,高度压缩两两组合,Chevrolet,C/K/C/K,C/K,Crew/Extended/Crew,6.5-8/6.5-8,无可用尺码,1987-1998/1992-2000,,Incl: R/V/R/V DRW/Classic/DRW,Crew/Extended,6.5-8,1987-2000,,Incl: Classic/DRW/R/V/R/V DRW,fallback,原子事实对应多条候选记录
皮卡,高度压缩两两组合,Chevrolet,C/K/C/K,C/K,Crew/Extended/Crew,6.5-8/6.5-8,无可用尺码,1987-1998/1999-2000,,Incl: R/V/R/V DRW/Classic DRW,Crew/Extended,6.5-8,1987-2000,,Incl: Classic DRW/R/V/R/V DRW,fallback,原子事实对应多条候选记录
皮卡,高度压缩两两组合,Chevrolet,C/K/C/K,C/K,Crew/Extended/Extended,6.5-8/6.5-8,无可用尺码,1987-1998/1999-2000,,Incl: R/V/R/V DRW/Classic/Classic DRW,Crew/Extended,6.5-8,1987-2000,,Incl: Classic/Classic DRW/R/V/R/V DRW,fallback,原子事实对应多条候选记录
皮卡,高度压缩两两组合,Chevrolet,C/K/C/K,C/K,Regular/Crew,6.5-8/6.5-8,无可用尺码,1988-2000/1992-2000,,Incl: Classic/Classic DRW/Classic/DRW,Regular/Crew,6.5-8,1988-2000,,Incl: Classic/Classic DRW/DRW,fallback,原子事实对应多条候选记录
皮卡,高度压缩两两组合,Chevrolet,C/K/C/K,C/K,Regular/Crew,6.5-8/6.5-8,无可用尺码,1988-2000/1999-2000,,Incl: Classic/Classic DRW/Classic DRW,Regular/Crew,6.5-8,1988-2000,,Incl: Classic/Classic DRW,fallback,原子事实对应多条候选记录
皮卡,高度压缩两两组合,Chevrolet,C/K/C/K,C/K,Regular/Extended,6.5-8/6.5-8,无可用尺码,1988-2000/1999-2000,,Incl: Classic/Classic DRW/Classic/Classic DRW,Regular/Extended,6.5-8,1988-2000,,Incl: Classic/Classic DRW,fallback,原子事实对应多条候选记录
皮卡,高度压缩两两组合,Chevrolet,C/K/C/K,C/K,Crew/Crew,6.5-8/6.5-8,无可用尺码,1992-2000/1999-2000,,Classic/DRW/Classic DRW,Crew,6.5-8,1992-2000,,Classic/Classic DRW/DRW,success,
皮卡,高度压缩两两组合,Chevrolet,C/K/C/K,C/K,Regular/Crew/Regular/Extended,6.5-9/6.5-8,无可用尺码,1960-1986/1987-1998,,Incl: DRW/Longhorn/DRW/R/V/R/V DRW,Regular/Crew/Extended,6.5-9,1960-1998,,Incl: DRW/Longhorn/R/V/R/V DRW,fallback,原子事实对应多条候选记录
皮卡,高度压缩两两组合,Chevrolet,C/K/C/K,C/K,Regular/Crew/Crew/Extended,6.5-9/6.5-8,无可用尺码,1960-1986/1987-1998,,Incl: DRW/Longhorn/Incl: R/V/R/V DRW,Regular/Crew/Extended,6.5-9,1960-1998,,Incl: DRW/Longhorn/R/V/R/V DRW,fallback,原子事实对应多条候选记录
皮卡,高度压缩两两组合,Chevrolet,C/K/C/K,C/K,Regular/Crew/Regular,6.5-9/6.5-8,无可用尺码,1960-1986/1988-2000,,Incl: DRW/Longhorn/Incl: Classic/Classic DRW,Regular/Crew,6.5-9,1960-2000,,Incl: Classic/Classic DRW/DRW/Longhorn,fallback,原子事实对应多条候选记录
皮卡,高度压缩两两组合,Chevrolet,C/K/C/K,C/K,Regular/Crew/Crew,6.5-9/6.5-8,无可用尺码,1960-1986/1992-2000,,Incl: DRW/Longhorn/Classic/Classic DRW/DRW,Regular/Crew,6.5-9,1960-2000,,Incl: Classic/Classic DRW/DRW/Longhorn,fallback,原子事实对应多条候选记录
皮卡,高度压缩两两组合,Chevrolet,C/K/C/K,C/K,Regular/Crew/Extended,6.5-9/6.5-8,无可用尺码,1960-1986/1999-2000,,Incl: DRW/Longhorn/Classic/Classic DRW,Regular/Crew/Extended,6.5-9,1960-2000,,Incl: Classic/Classic DRW/DRW/Longhorn,fallback,原子事实对应多条候选记录
皮卡,高度压缩两两组合,Chevrolet,C/K/C/K,C/K,Regular/Extended/Crew/Extended,6.5-8/6.5-8,无可用尺码,1987-1998/1987-1998,,DRW/R/V/R/V DRW/Incl: R/V/R/V DRW,Regular/Extended/Crew,6.5-8,1987-1998,,Incl: DRW/R/V/R/V DRW,fallback,原子事实对应多条候选记录
皮卡,高度压缩两两组合,Chevrolet,C/K/C/K,C/K,Regular/Extended/Regular,6.5-8/6.5-8,无可用尺码,1987-1998/1988-2000,,DRW/R/V/R/V DRW/Incl: Classic/Classic DRW,Regular/Extended,6.5-8,1987-2000,,Incl: Classic/Classic DRW/DRW/R/V/R/V DRW,fallback,原子事实对应多条候选记录
皮卡,高度压缩两两组合,Chevrolet,C/K/C/K,C/K,Regular/Extended/Crew,6.5-8/6.5-8,无可用尺码,1987-1998/1992-2000,,DRW/R/V/R/V DRW/Classic/Classic DRW/DRW,Regular/Extended/Crew,6.5-8,1987-2000,,Classic/Classic DRW/DRW/R/V/R/V DRW,fallback,原子事实对应多条候选记录
皮卡,高度压缩两两组合,Chevrolet,C/K/C/K,C/K,Regular/Extended/Extended,6.5-8/6.5-8,无可用尺码,1987-1998/1999-2000,,DRW/R/V/R/V DRW/Classic/Classic DRW,Regular/Extended,6.5-8,1987-2000,,Classic/Classic DRW/DRW/R/V/R/V DRW,fallback,原子事实对应多条候选记录
皮卡,高度压缩两两组合,Chevrolet,C/K/C/K,C/K,Crew/Extended/Regular,6.5-8/6.5-8,无可用尺码,1987-1998/1988-2000,,Incl: R/V/R/V DRW/Incl: Classic/Classic DRW,Crew/Extended/Regular,6.5-8,1987-2000,,Incl: Classic/Classic DRW/R/V/R/V DRW,fallback,原子事实对应多条候选记录
皮卡,高度压缩两两组合,Chevrolet,C/K/C/K,C/K,Crew/Extended/Crew,6.5-8/6.5-8,无可用尺码,1987-1998/1992-2000,,Incl: R/V/R/V DRW/Classic/Classic DRW/DRW,Crew/Extended,6.5-8,1987-2000,,Incl: Classic/Classic DRW/DRW/R/V/R/V DRW,fallback,原子事实对应多条候选记录
皮卡,高度压缩两两组合,Chevrolet,C/K/C/K,C/K,Crew/Extended/Extended,6.5-8/6.5-8,无可用尺码,1987-1998/1999-2000,,Incl: R/V/R/V DRW/Classic/Classic DRW,Crew/Extended,6.5-8,1987-2000,,Incl: Classic/Classic DRW/R/V/R/V DRW,fallback,原子事实对应多条候选记录
皮卡,高度压缩两两组合,Chevrolet,C/K/C/K,C/K,Regular/Crew,6.5-8/6.5-8,无可用尺码,1988-2000/1992-2000,,Incl: Classic/Classic DRW/Classic/Classic DRW/DRW,Regular/Crew,6.5-8,1988-2000,,Incl: Classic/Classic DRW/DRW,fallback,原子事实对应多条候选记录
皮卡,高度压缩两两组合,Chevrolet,C/K/C/K,C/K,Regular/Extended,6.5-8/6.5-8,无可用尺码,1988-2000/1999-2000,,Incl: Classic/Classic DRW/Classic/Classic DRW,Regular/Extended,6.5-8,1988-2000,,Incl: Classic/Classic DRW,fallback,原子事实对应多条候选记录
皮卡,高度压缩两两组合,Chevrolet,C/K/C/K,C/K,Crew/Extended,6.5-8/6.5-8,无可用尺码,1992-2000/1999-2000,,Classic/Classic DRW/DRW/Classic/Classic DRW,Crew/Extended,6.5-8,1992-2000,,Classic/Classic DRW/DRW,fallback,原子事实对应多条候选记录
皮卡,高度压缩两两组合,Chevrolet,Colorado/Colorado,Colorado,Crew/Extended,5/6,无可用尺码,2004-2005/2004-2012,,/,Crew/Extended,5-6,2004-2012,,,fallback,原子事实对应多条候选记录
皮卡,高度压缩两两组合,Chevrolet,Colorado/Colorado,Colorado,Crew/Regular,5/6,无可用尺码,2004-2005/2004-2012,,/,Crew/Regular,5-6,2004-2012,,,fallback,原子事实对应多条候选记录
皮卡,高度压缩两两组合,Chevrolet,Colorado/Colorado,Colorado,Crew/Crew,5/5,无可用尺码,2004-2005/2008,,/,Crew,5,2004-2008,,,success,
皮卡,高度压缩两两组合,Chevrolet,Colorado/Colorado,Colorado,Crew/Extended,5/6,无可用尺码,2004-2008/2004-2012,,/,Crew/Extended,5-6,2004-2012,,,fallback,原子事实对应多条候选记录
皮卡,高度压缩两两组合,Chevrolet,Colorado/Colorado,Colorado,Crew/Regular,5/6,无可用尺码,2004-2008/2004-2012,,/,Crew/Regular,5-6,2004-2012,,,fallback,原子事实对应多条候选记录
皮卡,高度压缩两两组合,Chevrolet,Colorado/Colorado,Colorado,Crew/Crew,5/5,无可用尺码,2004-2008/2012,,/,Crew,5,2004-2012,,,success,
皮卡,高度压缩两两组合,Chevrolet,Colorado/Colorado,Colorado,Crew/Extended,5/6,无可用尺码,2004-2012/2004-2012,,/,Crew/Extended,5-6,2004-2012,,,success,
皮卡,高度压缩两两组合,Chevrolet,Colorado/Colorado,Colorado,Crew/Extended/Regular,5-6/6,无可用尺码,2004-2012/2004-2012,,/,Crew/Extended/Regular,5-6,2004-2012,,,success,
皮卡,高度压缩两两组合,Chevrolet,Colorado/Colorado,Colorado,Crew/Extended/Regular/Extended,5-6/6,无可用尺码,2004-2012/2015-2020,,/,Crew/Extended/Regular,5-6,2004-2020,,,fallback,原子事实对应多条候选记录
皮卡,高度压缩两两组合,Chevrolet,Colorado/Colorado,Colorado,Crew/Extended/Regular/Crew,5-6/6,无可用尺码,2004-2012/2015-2022,,/,Crew/Extended/Regular,5-6,2004-2022,,,fallback,原子事实对应多条候选记录
皮卡,高度压缩两两组合,Chevrolet,Colorado/Colorado,Colorado,Crew/Extended/Regular/Crew,5-6/5,无可用尺码,2004-2012/2015-2026,,/,Crew/Extended/Regular,5-6,2004-2026,,,fallback,原子事实对应多条候选记录
皮卡,高度压缩两两组合,Chevrolet,Colorado/Colorado,Colorado,Crew/Extended/Regular/Crew,5-6/5,无可用尺码,2004-2012/2017-2026,,/ZR2,Crew/Extended/Regular,5-6,2004-2026,,Incl: ZR2,fallback,原子事实对应多条候选记录
皮卡,高度压缩两两组合,Chevrolet,Colorado/Colorado,Colorado,Extended/Crew,6/6,无可用尺码,2015-2020/2015-2022,,/,Extended/Crew,6,2015-2022,,,success,
皮卡,高度压缩两两组合,Chevrolet,Colorado/Colorado,Colorado,Crew/Extended/Regular/Extended/Crew,5-6/6,无可用尺码,2004-2012/2015-2022,,/,Crew/Extended/Regular,5-6,2004-2022,,,fallback,原子事实对应多条候选记录
皮卡,高度压缩两两组合,Chevrolet,Colorado/Colorado,Colorado,Crew/Extended/Regular/Crew,5-6/5,无可用尺码,2004-2012/2015-2026,,/,Crew/Extended/Regular,5-6,2004-2026,,,fallback,原子事实对应多条候选记录
皮卡,高度压缩两两组合,Chevrolet,Colorado/Colorado,Colorado,Crew/Extended/Regular/Crew,5-6/5,无可用尺码,2004-2012/2017-2026,,/ZR2,Crew/Extended/Regular,5-6,2004-2026,,Incl: ZR2,fallback,原子事实对应多条候选记录
皮卡,高度压缩两两组合,Chevrolet,Colorado/Colorado,Colorado,Extended/Crew/Crew,6/5,无可用尺码,2015-2022/2015-2026,,/,Extended/Crew,5-6,2015-2026,,,success,
皮卡,高度压缩两两组合,Chevrolet,Colorado/Colorado,Colorado,Crew/Extended/Regular/Extended/Crew,5-6/5-6,无可用尺码,2004-2012/2015-2026,,/,Crew/Extended/Regular,5-6,2004-2026,,,success,
皮卡,高度压缩两两组合,Chevrolet,Colorado/Colorado,Colorado,Crew/Extended/Regular/Crew,5-6/5,无可用尺码,2004-2026/2017-2026,,/ZR2,Crew/Extended/Regular,5-6,2004-2026,,Incl: ZR2,success,
皮卡,高度压缩两两组合,Chevrolet,El Camino/El Camino,El Camino,Regular/Regular,6.5/6.5,无可用尺码,1959-1960/1964-1987,,/,Regular,6.5,1959-1987,,,success,
皮卡,高度压缩两两组合,Chevrolet,S10/S10,S10,Regular/Regular,6/7.5,无可用尺码,1982-2003/1982-2003,,/,Regular,6-7.5,1982-2003,,,success,
皮卡,高度压缩两两组合,Chevrolet,S10/S10,S10,Regular/Regular,6-7.5/7.5,无可用尺码,1982-2003/1983-1999,,/4WD,Regular,6-7.5,1982-2003,,Incl: 4WD,fallback,原子事实对应多条候选记录
皮卡,高度压缩两两组合,Chevrolet,S10/S10,S10,Regular/Regular,6-7.5/6,无可用尺码,1982-2003/1983-2000,,/4WD,Regular,6-7.5,1982-2003,,Incl: 4WD,fallback,原子事实对应多条候选记录
皮卡,高度压缩两两组合,Chevrolet,S10/S10,S10,Regular/Extended,6-7.5/6,无可用尺码,1982-2003/1983-2003,,/,Regular/Extended,6-7.5,1982-2003,,,success,
皮卡,高度压缩两两组合,Chevrolet,S10/S10,S10,Regular/Extended/Regular,6-7.5/7.5,无可用尺码,1982-2003/1983-1999,,/4WD,Regular/Extended,6-7.5,1982-2003,,Incl: 4WD,fallback,原子事实对应多条候选记录
皮卡,高度压缩两两组合,Chevrolet,S10/S10,S10,Regular/Extended/Regular,6-7.5/6,无可用尺码,1982-2003/1983-2000,,/4WD,Regular/Extended,6-7.5,1982-2003,,Incl: 4WD,fallback,原子事实对应多条候选记录
皮卡,高度压缩两两组合,Chevrolet,S10/S10,S10,Regular/Extended/Extended,6-7.5/6,无可用尺码,1982-2003/1983-2003,,/4WD,Regular/Extended,6-7.5,1982-2003,,Incl: 4WD,fallback,原子事实对应多条候选记录
皮卡,高度压缩两两组合,Chevrolet,S10/S10,S10,Regular/Extended/Regular,6-7.5/6,无可用尺码,1982-2003/1994-1999,,/ZR2,Regular/Extended,6-7.5,1982-2003,,Incl: ZR2,fallback,原子事实对应多条候选记录
皮卡,高度压缩两两组合,Chevrolet,S10/S10,S10,Regular/Extended/Extended,6-7.5/6,无可用尺码,1982-2003/1995-2003,,/ZR2,Regular/Extended,6-7.5,1982-2003,,Incl: ZR2,fallback,原子事实对应多条候选记录
皮卡,高度压缩两两组合,Chevrolet,S10/S10,S10,Regular/Extended/Regular,6-7.5/6,无可用尺码,1982-2003/1997-1998,,/EV,Regular/Extended,6-7.5,1982-2003,,Incl: EV,success,
皮卡,高度压缩两两组合,Chevrolet,S10/S10,S10,Regular/Extended/Regular,6-7.5/7.5,无可用尺码,1982-2003/1983-1999,,Incl: EV/4WD,Regular/Extended,6-7.5,1982-2003,,Incl: 4WD/EV,fallback,原子事实对应多条候选记录
皮卡,高度压缩两两组合,Chevrolet,S10/S10,S10,Regular/Extended/Regular,6-7.5/6,无可用尺码,1982-2003/1983-2000,,Incl: EV/4WD,Regular/Extended,6-7.5,1982-2003,,Incl: 4WD/EV,fallback,原子事实对应多条候选记录
皮卡,高度压缩两两组合,Chevrolet,S10/S10,S10,Regular/Extended/Extended,6-7.5/6,无可用尺码,1982-2003/1983-2003,,Incl: EV/4WD,Regular/Extended,6-7.5,1982-2003,,Incl: 4WD/EV,fallback,原子事实对应多条候选记录
皮卡,高度压缩两两组合,Chevrolet,S10/S10,S10,Regular/Extended/Regular,6-7.5/6,无可用尺码,1982-2003/1994-1999,,Incl: EV/ZR2,Regular/Extended,6-7.5,1982-2003,,Incl: EV/ZR2,fallback,原子事实对应多条候选记录
皮卡,高度压缩两两组合,Chevrolet,S10/S10,S10,Regular/Extended/Extended,6-7.5/6,无可用尺码,1982-2003/1995-2003,,Incl: EV/ZR2,Regular/Extended,6-7.5,1982-2003,,Incl: EV/ZR2,fallback,原子事实对应多条候选记录
皮卡,高度压缩两两组合,Chevrolet,S10/S10,S10,Regular/Extended/Extended,6-7.5/6,无可用尺码,1982-2003/1999-2003,,Incl: EV/Xtreme,Regular/Extended,6-7.5,1982-2003,,Incl: EV/Xtreme,fallback,原子事实对应多条候选记录
皮卡,高度压缩两两组合,Chevrolet,S10/S10,S10,Regular/Extended/Regular,6-7.5/6,无可用尺码,1982-2003/1999-2003,,Incl: EV/Xtreme,Regular/Extended,6-7.5,1982-2003,,Incl: EV/Xtreme,fallback,原子事实对应多条候选记录
皮卡,高度压缩两两组合,Chevrolet,S10/S10,S10,Regular/Extended/Crew,6-7.5/4.5,无可用尺码,1982-2003/2001-2004,,Incl: EV/4WD,Regular/Extended/Crew,4.5-7.5,1982-2004,,Incl: 4WD/EV,fallback,原子事实对应多条候选记录
皮卡,高度压缩两两组合,Chevrolet,S10/S10,S10,Regular/Regular,7.5/6,无可用尺码,1983-1999/1983-2000,,4WD/4WD,Regular,6-7.5,1983-2000,,4WD,success,
皮卡,高度压缩两两组合,Chevrolet,S10/S10,S10,Regular/Extended/Regular,6-7.5/6-7.5,无可用尺码,1982-2003/1983-2000,,Incl: EV/4WD,Regular/Extended,6-7.5,1982-2003,,Incl: 4WD/EV,fallback,原子事实对应多条候选记录
皮卡,高度压缩两两组合,Chevrolet,S10/S10,S10,Regular/Extended/Extended,6-7.5/6,无可用尺码,1982-2003/1983-2003,,Incl: EV/4WD,Regular/Extended,6-7.5,1982-2003,,Incl: 4WD/EV,fallback,原子事实对应多条候选记录
皮卡,高度压缩两两组合,Chevrolet,S10/S10,S10,Regular/Extended/Regular,6-7.5/6,无可用尺码,1982-2003/1994-1999,,Incl: EV/ZR2,Regular/Extended,6-7.5,1982-2003,,Incl: EV/ZR2,fallback,原子事实对应多条候选记录
皮卡,高度压缩两两组合,Chevrolet,S10/S10,S10,Regular/Extended/Extended,6-7.5/6,无可用尺码,1982-2003/1995-2003,,Incl: EV/ZR2,Regular/Extended,6-7.5,1982-2003,,Incl: EV/ZR2,fallback,原子事实对应多条候选记录
皮卡,高度压缩两两组合,Chevrolet,S10/S10,S10,Regular/Extended/Extended,6-7.5/6,无可用尺码,1982-2003/1999-2003,,Incl: EV/Xtreme,Regular/Extended,6-7.5,1982-2003,,Incl: EV/Xtreme,fallback,原子事实对应多条候选记录
皮卡,高度压缩两两组合,Chevrolet,S10/S10,S10,Regular/Extended/Regular,6-7.5/6,无可用尺码,1982-2003/1999-2003,,Incl: EV/Xtreme,Regular/Extended,6-7.5,1982-2003,,Incl: EV/Xtreme,fallback,原子事实对应多条候选记录
皮卡,高度压缩两两组合,Chevrolet,S10/S10,S10,Regular/Extended/Crew,6-7.5/4.5,无可用尺码,1982-2003/2001-2004,,Incl: EV/4WD,Regular/Extended/Crew,4.5-7.5,1982-2004,,Incl: 4WD/EV,fallback,原子事实对应多条候选记录
皮卡,高度压缩两两组合,Chevrolet,S10/S10,S10,Regular/Extended,6-7.5/6,无可用尺码,1983-2000/1983-2003,,4WD/4WD,Regular/Extended,6-7.5,1983-2003,,4WD,success,
皮卡,高度压缩两两组合,Chevrolet,S10/S10,S10,Regular/Extended/Regular/Extended,6-7.5/6-7.5,无可用尺码,1982-2003/1983-2003,,Incl: EV/4WD,Regular/Extended,6-7.5,1982-2003,,Incl: 4WD/EV,success,
皮卡,高度压缩两两组合,Chevrolet,S10/S10,S10,Regular/Extended/Regular,6-7.5/6,无可用尺码,1982-2003/1994-1999,,Incl: 4WD/EV/ZR2,Regular/Extended,6-7.5,1982-2003,,Incl: 4WD/EV/ZR2,fallback,原子事实对应多条候选记录
皮卡,高度压缩两两组合,Chevrolet,S10/S10,S10,Regular/Extended/Extended,6-7.5/6,无可用尺码,1982-2003/1995-2003,,Incl: 4WD/EV/ZR2,Regular/Extended,6-7.5,1982-2003,,Incl: 4WD/EV/ZR2,fallback,原子事实对应多条候选记录
皮卡,高度压缩两两组合,Chevrolet,S10/S10,S10,Regular/Extended/Extended,6-7.5/6,无可用尺码,1982-2003/1999-2003,,Incl: 4WD/EV/Xtreme,Regular/Extended,6-7.5,1982-2003,,Incl: 4WD/EV/Xtreme,fallback,原子事实对应多条候选记录
皮卡,高度压缩两两组合,Chevrolet,S10/S10,S10,Regular/Extended/Regular,6-7.5/6,无可用尺码,1982-2003/1999-2003,,Incl: 4WD/EV/Xtreme,Regular/Extended,6-7.5,1982-2003,,Incl: 4WD/EV/Xtreme,fallback,原子事实对应多条候选记录
皮卡,高度压缩两两组合,Chevrolet,S10/S10,S10,Regular/Extended/Crew,6-7.5/4.5,无可用尺码,1982-2003/2001-2004,,Incl: 4WD/EV/4WD,Regular/Extended/Crew,4.5-7.5,1982-2004,,Incl: 4WD/EV,success,
皮卡,高度压缩两两组合,Chevrolet,S10/S10,S10,Regular/Extended/Crew/Regular,4.5-7.5/6,无可用尺码,1982-2004/1994-1999,,Incl: 4WD/EV/ZR2,Regular/Extended/Crew,4.5-7.5,1982-2004,,Incl: 4WD/EV/ZR2,fallback,原子事实对应多条候选记录
皮卡,高度压缩两两组合,Chevrolet,S10/S10,S10,Regular/Extended/Crew/Extended,4.5-7.5/6,无可用尺码,1982-2004/1995-2003,,Incl: 4WD/EV/ZR2,Regular/Extended/Crew,4.5-7.5,1982-2004,,Incl: 4WD/EV/ZR2,fallback,原子事实对应多条候选记录
皮卡,高度压缩两两组合,Chevrolet,S10/S10,S10,Regular/Extended/Crew/Extended,4.5-7.5/6,无可用尺码,1982-2004/1999-2003,,Incl: 4WD/EV/Xtreme,Regular/Extended/Crew,4.5-7.5,1982-2004,,Incl: 4WD/EV/Xtreme,fallback,原子事实对应多条候选记录
皮卡,高度压缩两两组合,Chevrolet,S10/S10,S10,Regular/Extended/Crew/Regular,4.5-7.5/6,无可用尺码,1982-2004/1999-2003,,Incl: 4WD/EV/Xtreme,Regular/Extended/Crew,4.5-7.5,1982-2004,,Incl: 4WD/EV/Xtreme,fallback,原子事实对应多条候选记录
皮卡,高度压缩两两组合,Chevrolet,S10/S10,S10,Regular/Extended,6/6,无可用尺码,1994-1999/1995-2003,,ZR2/ZR2,Regular/Extended,6,1994-2003,,ZR2,success,
皮卡,高度压缩两两组合,Chevrolet,S10/S10,S10,Regular/Extended/Crew/Regular/Extended,4.5-7.5/6,无可用尺码,1982-2004/1994-2003,,Incl: 4WD/EV/ZR2,Regular/Extended/Crew,4.5-7.5,1982-2004,,Incl: 4WD/EV/ZR2,success,
皮卡,高度压缩两两组合,Chevrolet,S10/S10,S10,Regular/Extended/Crew/Extended,4.5-7.5/6,无可用尺码,1982-2004/1999-2003,,Incl: 4WD/EV/ZR2/Xtreme,Regular/Extended/Crew,4.5-7.5,1982-2004,,Incl: 4WD/EV/Xtreme/ZR2,fallback,原子事实对应多条候选记录
皮卡,高度压缩两两组合,Chevrolet,S10/S10,S10,Regular/Extended/Crew/Regular,4.5-7.5/6,无可用尺码,1982-2004/1999-2003,,Incl: 4WD/EV/ZR2/Xtreme,Regular/Extended/Crew,4.5-7.5,1982-2004,,Incl: 4WD/EV/Xtreme/ZR2,fallback,原子事实对应多条候选记录
皮卡,高度压缩两两组合,Chevrolet,S10/S10,S10,Extended/Regular,6/6,无可用尺码,1999-2003/1999-2003,,Xtreme/Xtreme,Extended/Regular,6,1999-2003,,Xtreme,success,
皮卡,高度压缩两两组合,Chevrolet,S10/S10,S10,Regular/Extended/Crew/Extended/Regular,4.5-7.5/6,无可用尺码,1982-2004/1999-2003,,Incl: 4WD/EV/ZR2/Xtreme,Regular/Extended/Crew,4.5-7.5,1982-2004,,Incl: 4WD/EV/Xtreme/ZR2,success,
皮卡,高度压缩两两组合,Chevrolet,Silverado 1500/Silverado 1500,Silverado 1500,Extended/Extended,6.5/8,无可用尺码,1999-2013/1999-2013,,/,Extended,6.5-8,1999-2013,,,success,
皮卡,高度压缩两两组合,Chevrolet,Silverado 1500/Silverado 1500,Silverado 1500,Extended/Regular,6.5-8/8,无可用尺码,1999-2013/1999-2026,,/,Extended/Regular,6.5-8,1999-2026,,,fallback,原子事实对应多条候选记录
皮卡,高度压缩两两组合,Chevrolet,Silverado 1500/Silverado 1500,Silverado 1500,Extended/Crew,6.5-8/5.8,无可用尺码,1999-2013/2004-2026,,/,Extended/Crew,5.8-8,1999-2026,,,success,
皮卡,高度压缩两两组合,Chevrolet,Silverado 1500/Silverado 1500,Silverado 1500,Extended/Crew/Regular,5.8-8/8,无可用尺码,1999-2026/1999-2026,,/,Extended/Crew/Regular,5.8-8,1999-2026,,,fallback,原子事实对应多条候选记录
皮卡,高度压缩两两组合,Chevrolet,Silverado 1500/Silverado 1500,Silverado 1500,Extended/Crew/Regular,5.8-8/6.6,无可用尺码,1999-2026/2007-2018,,/,Extended/Crew/Regular,5.8-8,1999-2026,,,fallback,原子事实对应多条候选记录
皮卡,高度压缩两两组合,Chevrolet,Silverado 1500/Silverado 1500,Silverado 1500,Extended/Crew/Double,5.8-8/6.6,无可用尺码,1999-2026/2014-2026,,/,Extended/Crew/Double,5.8-8,1999-2026,,,success,
皮卡,高度压缩两两组合,Chevrolet,Silverado 1500/Silverado 1500,Silverado 1500,Extended/Crew/Double/Regular,5.8-8/8,无可用尺码,1999-2026/1999-2026,,/,Extended/Crew/Double/Regular,5.8-8,1999-2026,,,fallback,原子事实对应多条候选记录
皮卡,高度压缩两两组合,Chevrolet,Silverado 1500/Silverado 1500,Silverado 1500,Extended/Crew/Double/Regular,5.8-8/6.6,无可用尺码,1999-2026/2007-2018,,/,Extended/Crew/Double/Regular,5.8-8,1999-2026,,,fallback,原子事实对应多条候选记录
皮卡,高度压缩两两组合,Chevrolet,Silverado 1500/Silverado 1500,Silverado 1500,Extended/Crew/Double/Crew,5.8-8/5.8,无可用尺码,1999-2026/2021-2026,,/Trail Boss,Extended/Crew/Double,5.8-8,1999-2026,,Incl: Trail Boss,success,
皮卡,高度压缩两两组合,Chevrolet,Silverado 1500/Silverado 1500,Silverado 1500,Regular/Extended/Crew/Double,8/5.8-8,无可用尺码,1999-2026/1999-2026,,/Incl: Trail Boss,Regular/Extended/Crew/Double,5.8-8,1999-2026,,Incl: Trail Boss,fallback,原子事实对应多条候选记录
皮卡,高度压缩两两组合,Chevrolet,Silverado 1500/Silverado 1500,Silverado 1500,Regular/Regular,8/6.6,无可用尺码,1999-2026/2007-2018,,/,Regular,6.6-8,1999-2026,,,fallback,原子事实对应多条候选记录
皮卡,高度压缩两两组合,Chevrolet,Silverado 1500/Silverado 1500,Silverado 1500,Regular/Regular,8/6.6,无可用尺码,1999-2026/2022-2026,,/,Regular,6.6-8,1999-2026,,,fallback,原子事实对应多条候选记录
皮卡,高度压缩两两组合,Chevrolet,Silverado 1500/Silverado 1500,Silverado 1500,Extended/Crew/Double/Regular,5.8-8/6.6,无可用尺码,1999-2026/2007-2018,,Incl: Trail Boss/,Extended/Crew/Double/Regular,5.8-8,1999-2026,,Incl: Trail Boss,fallback,原子事实对应多条候选记录
皮卡,高度压缩两两组合,Chevrolet,Silverado 1500/Silverado 1500,Silverado 1500,Extended/Crew/Double/Regular,5.8-8/6.6,无可用尺码,1999-2026/2022-2026,,Incl: Trail Boss/,Extended/Crew/Double/Regular,5.8-8,1999-2026,,Incl: Trail Boss,fallback,原子事实对应多条候选记录
皮卡,高度压缩两两组合,Chevrolet,Silverado 1500/Silverado 1500,Silverado 1500,Regular/Regular,6.6/6.6,无可用尺码,2007-2018/2022-2026,,/,Regular,6.6,2007-2026,,,success,
皮卡,高度压缩两两组合,Chevrolet,Silverado 1500/Silverado 1500,Silverado 1500,Regular/Extended/Crew/Double,8/5.8-8,无可用尺码,1999-2026/1999-2026,,/Incl: Trail Boss,Regular/Extended/Crew/Double,5.8-8,1999-2026,,Incl: Trail Boss,fallback,原子事实对应多条候选记录
皮卡,高度压缩两两组合,Chevrolet,Silverado 1500/Silverado 1500,Silverado 1500,Regular/Regular,8/6.6,无可用尺码,1999-2026/2007-2026,,/,Regular,6.6-8,1999-2026,,,success,
皮卡,高度压缩两两组合,Chevrolet,Silverado 1500/Silverado 1500,Silverado 1500,Regular/Extended/Crew/Double,6.6-8/5.8-8,无可用尺码,1999-2026/1999-2026,,/Incl: Trail Boss,Regular/Extended/Crew/Double,5.8-8,1999-2026,,Incl: Trail Boss,success,
皮卡,高度压缩两两组合,Chevrolet,Silverado 1500HD/Silverado 1500HD,Silverado 1500HD,Crew/Crew,6.6/6.6,无可用尺码,2001-2003/2005-2006,,/,Crew,6.6,2001-2006,,,success,
皮卡,高度压缩两两组合,Chevrolet,Silverado 1500HD/Silverado 1500HD,Silverado 1500HD,Crew/Crew,6.6/6.6,无可用尺码,2001-2006/2007,,/Classic,Crew,6.6,2001-2007,,Incl: Classic,success,
皮卡,高度压缩两两组合,Chevrolet,Silverado 2500HD/3500HD/Silverado 2500HD/3500HD,Silverado 2500HD/3500HD,Crew/Regular,8/8,无可用尺码,2001-2014/2001-2026,,/,Crew/Regular,8,2001-2026,,,success,
皮卡,高度压缩两两组合,Chevrolet,Silverado 2500HD/3500HD/Silverado 2500HD/3500HD,Silverado 2500HD/3500HD,Crew/Regular/Crew,8/6.5,无可用尺码,2001-2026/2008-2019,,/,Crew/Regular,6.5-8,2001-2026,,,fallback,原子事实对应多条候选记录
皮卡,高度压缩两两组合,Chevrolet,Silverado 2500HD/3500HD/Silverado 2500HD/3500HD,Silverado 2500HD/3500HD,Crew/Regular/Double,8/6.8,无可用尺码,2001-2026/2015-2017,,/,Crew/Regular/Double,6.8-8,2001-2026,,,fallback,原子事实对应多条候选记录
皮卡,高度压缩两两组合,Chevrolet,Silverado 2500HD/3500HD/Silverado 2500HD/3500HD,Silverado 2500HD/3500HD,Crew/Regular/Double,8/8,无可用尺码,2001-2026/2015-2026,,/,Crew/Regular/Double,8,2001-2026,,,success,
皮卡,高度压缩两两组合,Chevrolet,Silverado 2500HD/3500HD/Silverado 2500HD/3500HD,Silverado 2500HD/3500HD,Crew/Regular/Double/Crew,8/6.5,无可用尺码,2001-2026/2008-2019,,/,Crew/Regular/Double,6.5-8,2001-2026,,,fallback,原子事实对应多条候选记录
皮卡,高度压缩两两组合,Chevrolet,Silverado 2500HD/3500HD/Silverado 2500HD/3500HD,Silverado 2500HD/3500HD,Crew/Regular/Double/Double,8/6.8,无可用尺码,2001-2026/2015-2017,,/,Crew/Regular/Double,6.8-8,2001-2026,,,fallback,原子事实对应多条候选记录
皮卡,高度压缩两两组合,Chevrolet,Silverado 2500HD/3500HD/Silverado 2500HD/3500HD,Silverado 2500HD/3500HD,Crew/Regular/Double/Crew,8/8,无可用尺码,2001-2026/2015-2026,,/DRW,Crew/Regular/Double,8,2001-2026,,Incl: DRW,success,
皮卡,高度压缩两两组合,Chevrolet,Silverado 2500HD/3500HD/Silverado 2500HD/3500HD,Silverado 2500HD/3500HD,Crew/Regular/Double/Crew,8/6.5,无可用尺码,2001-2026/2008-2019,,Incl: DRW/,Crew/Regular/Double,6.5-8,2001-2026,,Incl: DRW,fallback,原子事实对应多条候选记录
皮卡,高度压缩两两组合,Chevrolet,Silverado 2500HD/3500HD/Silverado 2500HD/3500HD,Silverado 2500HD/3500HD,Crew/Regular/Double/Double,8/6.8,无可用尺码,2001-2026/2015-2017,,Incl: DRW/,Crew/Regular/Double,6.8-8,2001-2026,,Incl: DRW,fallback,原子事实对应多条候选记录
皮卡,高度压缩两两组合,Chevrolet,Silverado 2500HD/3500HD/Silverado 2500HD/3500HD,Silverado 2500HD/3500HD,Crew/Regular/Double/Double,8/6.8,无可用尺码,2001-2026/2020-2024,,Incl: DRW/,Crew/Regular/Double,6.8-8,2001-2026,,Incl: DRW,fallback,原子事实对应多条候选记录
皮卡,高度压缩两两组合,Chevrolet,Silverado 2500HD/3500HD/Silverado 2500HD/3500HD,Silverado 2500HD/3500HD,Crew/Regular/Double/Crew,8/6.8,无可用尺码,2001-2026/2020-2026,,Incl: DRW/,Crew/Regular/Double,6.8-8,2001-2026,,Incl: DRW,fallback,原子事实对应多条候选记录
皮卡,高度压缩两两组合,Chevrolet,Silverado 2500HD/3500HD/Silverado 2500HD/3500HD,Silverado 2500HD/3500HD,Crew/Double,6.5/6.8,无可用尺码,2008-2019/2015-2017,,/,Crew/Double,6.5-6.8,2008-2019,,,success,
皮卡,高度压缩两两组合,Chevrolet,Silverado 2500HD/3500HD/Silverado 2500HD/3500HD,Silverado 2500HD/3500HD,Crew/Regular/Double/Crew/Double,8/6.5-6.8,无可用尺码,2001-2026/2008-2019,,Incl: DRW/,Crew/Regular/Double,6.5-8,2001-2026,,Incl: DRW,fallback,原子事实对应多条候选记录
皮卡,高度压缩两两组合,Chevrolet,Silverado 2500HD/3500HD/Silverado 2500HD/3500HD,Silverado 2500HD/3500HD,Crew/Regular/Double/Double,8/6.8,无可用尺码,2001-2026/2020-2024,,Incl: DRW/,Crew/Regular/Double,6.8-8,2001-2026,,Incl: DRW,fallback,原子事实对应多条候选记录
皮卡,高度压缩两两组合,Chevrolet,Silverado 2500HD/3500HD/Silverado 2500HD/3500HD,Silverado 2500HD/3500HD,Crew/Regular/Double/Crew,8/6.8,无可用尺码,2001-2026/2020-2026,,Incl: DRW/,Crew/Regular/Double,6.8-8,2001-2026,,Incl: DRW,fallback,原子事实对应多条候选记录
皮卡,高度压缩两两组合,Chevrolet,Silverado 2500HD/3500HD/Silverado 2500HD/3500HD,Silverado 2500HD/3500HD,Crew/Double/Double,6.5-6.8/6.8,无可用尺码,2008-2019/2020-2024,,/,Crew/Double,6.5-6.8,2008-2024,,,fallback,原子事实对应多条候选记录
皮卡,高度压缩两两组合,Chevrolet,Silverado 2500HD/3500HD/Silverado 2500HD/3500HD,Silverado 2500HD/3500HD,Crew/Double/Crew,6.5-6.8/6.8,无可用尺码,2008-2019/2020-2026,,/,Crew/Double,6.5-6.8,2008-2026,,,fallback,原子事实对应多条候选记录
皮卡,高度压缩两两组合,Chevrolet,Silverado 2500HD/3500HD/Silverado 2500HD/3500HD,Silverado 2500HD/3500HD,Double/Crew,6.8/6.8,无可用尺码,2020-2024/2020-2026,,/,Double/Crew,6.8,2020-2026,,,success,
皮卡,高度压缩两两组合,Chevrolet,Silverado 2500HD/3500HD/Silverado 2500HD/3500HD,Silverado 2500HD/3500HD,Crew/Regular/Double/Crew/Double,8/6.5-6.8,无可用尺码,2001-2026/2008-2019,,Incl: DRW/,Crew/Regular/Double,6.5-8,2001-2026,,Incl: DRW,fallback,原子事实对应多条候选记录
皮卡,高度压缩两两组合,Chevrolet,Silverado 2500HD/3500HD/Silverado 2500HD/3500HD,Silverado 2500HD/3500HD,Crew/Regular/Double/Double/Crew,8/6.8,无可用尺码,2001-2026/2020-2026,,Incl: DRW/,Crew/Regular/Double,6.8-8,2001-2026,,Incl: DRW,fallback,原子事实对应多条候选记录
皮卡,高度压缩两两组合,Chevrolet,Silverado 2500HD/3500HD/Silverado 2500HD/3500HD,Silverado 2500HD/3500HD,Crew/Double/Double/Crew,6.5-6.8/6.8,无可用尺码,2008-2019/2020-2026,,/,Crew/Double,6.5-6.8,2008-2026,,,success,
皮卡,高度压缩两两组合,Chevrolet,Silverado 2500HD/3500HD/Silverado 2500HD/3500HD,Silverado 2500HD/3500HD,Crew/Regular/Double/Crew/Double,8/6.5-6.8,无可用尺码,2001-2026/2008-2026,,Incl: DRW/,Crew/Regular/Double,6.5-8,2001-2026,,Incl: DRW,success,
皮卡,高度压缩两两组合,Dodge,Dakota/Dakota,Dakota,Regular/Regular,8/6.5,无可用尺码,1987-1999/1987-2004,,/,Regular,6.5-8,1987-2004,,,success,
皮卡,高度压缩两两组合,Dodge,Dakota/Dakota,Dakota,Regular/Club,6.5-8/6.5,无可用尺码,1987-2004/1990-2011,,/,Regular/Club,6.5-8,1987-2011,,,success,
皮卡,高度压缩两两组合,Dodge,Dakota/Dakota,Dakota,Regular/Club/Quad,6.5-8/5.25,无可用尺码,1987-2011/2000-2011,,/,Regular/Club/Quad,5.25-8,1987-2011,,,success,
皮卡,高度压缩两两组合,Ford,F-100/F-100,F-100,Regular/Regular,6.5/8,无可用尺码,1953-1972/1956-1983,,/,Regular,6.5-8,1953-1983,,,fallback,原子事实对应多条候选记录
皮卡,高度压缩两两组合,Ford,F-100/F-100,F-100,Regular/Regular,6.5/6.8,无可用尺码,1953-1972/1973-1983,,/,Regular,6.5-6.8,1953-1983,,,success,
皮卡,高度压缩两两组合,Ford,F-100/F-100,F-100,Regular/Regular,6.5-6.8/8,无可用尺码,1953-1983/1956-1983,,/,Regular,6.5-8,1953-1983,,,success,
皮卡,高度压缩两两组合,Ford,F-100/F-100,F-100,Regular/SuperCab,6.5-8/6.8,无可用尺码,1953-1983/1974-1979,,/,Regular/SuperCab,6.5-8,1953-1983,,,fallback,原子事实对应多条候选记录
皮卡,高度压缩两两组合,Ford,F-100/F-100,F-100,Regular/SuperCab,6.5-8/8,无可用尺码,1953-1983/1974-1979,,/,Regular/SuperCab,6.5-8,1953-1983,,,fallback,原子事实对应多条候选记录
皮卡,高度压缩两两组合,Ford,F-100/F-100,F-100,SuperCab/SuperCab,6.8/8,无可用尺码,1974-1979/1974-1979,,/,SuperCab,6.8-8,1974-1979,,,success,
皮卡,高度压缩两两组合,Ford,F-100/F-100,F-100,Regular/SuperCab,6.5-8/6.8-8,无可用尺码,1953-1983/1974-1979,,/,Regular/SuperCab,6.5-8,1953-1983,,,success,
皮卡,高度压缩两两组合,Ford,F-150/F-150,F-150,SuperCab/Regular,8/6.5,无可用尺码,1992-1998/1992-2026,,/,SuperCab/Regular,6.5-8,1992-2026,,,fallback,原子事实对应多条候选记录
皮卡,高度压缩两两组合,Ford,F-150/F-150,F-150,SuperCab/Regular,8/8,无可用尺码,1992-1998/1992-2026,,/,SuperCab/Regular,8,1992-2026,,,fallback,原子事实对应多条候选记录
皮卡,高度压缩两两组合,Ford,F-150/F-150,F-150,SuperCab/SuperCab,8/6.5,无可用尺码,1992-1998/1994-1995,,/,SuperCab,6.5-8,1992-1998,,,fallback,原子事实对应多条候选记录
皮卡,高度压缩两两组合,Ford,F-150/F-150,F-150,SuperCab/SuperCab,8/6.5,无可用尺码,1992-1998/1997-2026,,/,SuperCab,6.5-8,1992-2026,,,fallback,原子事实对应多条候选记录
皮卡,高度压缩两两组合,Ford,F-150/F-150,F-150,SuperCab/SuperCrew,8/5.5,无可用尺码,1992-1998/2001-2002,,/,SuperCab/SuperCrew,5.5-8,1992-2002,,,fallback,原子事实对应多条候选记录
皮卡,高度压缩两两组合,Ford,F-150/F-150,F-150,SuperCab/SuperCrew,8/5.5,无可用尺码,1992-1998/2004-2013,,/,SuperCab/SuperCrew,5.5-8,1992-2013,,,fallback,原子事实对应多条候选记录
皮卡,高度压缩两两组合,Ford,F-150/F-150,F-150,SuperCab/SuperCab,8/8,无可用尺码,1992-1998/2009-2023,,/,SuperCab,8,1992-2023,,,success,
皮卡,高度压缩两两组合,Ford,F-150/F-150,F-150,SuperCab/Regular,8/6.5,无可用尺码,1992-2023/1992-2026,,/,SuperCab/Regular,6.5-8,1992-2026,,,fallback,原子事实对应多条候选记录
皮卡,高度压缩两两组合,Ford,F-150/F-150,F-150,SuperCab/Regular,8/8,无可用尺码,1992-2023/1992-2026,,/,SuperCab/Regular,8,1992-2026,,,success,
皮卡,高度压缩两两组合,Ford,F-150/F-150,F-150,Regular/SuperCab/Regular,6.5/8,无可用尺码,1992-2026/1992-2026,,/,Regular/SuperCab,6.5-8,1992-2026,,,fallback,原子事实对应多条候选记录
皮卡,高度压缩两两组合,Ford,F-150/F-150,F-150,Regular/SuperCab,6.5/6.5,无可用尺码,1992-2026/1994-1995,,/,Regular/SuperCab,6.5,1992-2026,,,fallback,原子事实对应多条候选记录
皮卡,高度压缩两两组合,Ford,F-150/F-150,F-150,Regular/SuperCab,6.5/6.5,无可用尺码,1992-2026/1997-2026,,/,Regular/SuperCab,6.5,1992-2026,,,fallback,原子事实对应多条候选记录
皮卡,高度压缩两两组合,Ford,F-150/F-150,F-150,Regular/SuperCrew,6.5/5.5,无可用尺码,1992-2026/2001-2002,,/,Regular/SuperCrew,5.5-6.5,1992-2026,,,fallback,原子事实对应多条候选记录
皮卡,高度压缩两两组合,Ford,F-150/F-150,F-150,Regular/SuperCrew,6.5/5.5,无可用尺码,1992-2026/2004-2013,,/,Regular/SuperCrew,5.5-6.5,1992-2026,,,fallback,原子事实对应多条候选记录
皮卡,高度压缩两两组合,Ford,F-150/F-150,F-150,Regular/SuperCrew,6.5/6.5,无可用尺码,1992-2026/2009-2026,,/,Regular/SuperCrew,6.5,1992-2026,,,success,
皮卡,高度压缩两两组合,Ford,F-150/F-150,F-150,Regular/SuperCrew/SuperCab/Regular,6.5/8,无可用尺码,1992-2026/1992-2026,,/,Regular/SuperCrew/SuperCab,6.5-8,1992-2026,,,fallback,原子事实对应多条候选记录
皮卡,高度压缩两两组合,Ford,F-150/F-150,F-150,Regular/SuperCrew/SuperCab,6.5/6.5,无可用尺码,1992-2026/1994-1995,,/,Regular/SuperCrew/SuperCab,6.5,1992-2026,,,fallback,原子事实对应多条候选记录
皮卡,高度压缩两两组合,Ford,F-150/F-150,F-150,Regular/SuperCrew/SuperCab,6.5/6.5,无可用尺码,1992-2026/1997-2026,,/,Regular/SuperCrew/SuperCab,6.5,1992-2026,,,fallback,原子事实对应多条候选记录
皮卡,高度压缩两两组合,Ford,F-150/F-150,F-150,Regular/SuperCrew/SuperCrew,6.5/5.5,无可用尺码,1992-2026/2001-2002,,/,Regular/SuperCrew,5.5-6.5,1992-2026,,,fallback,原子事实对应多条候选记录
皮卡,高度压缩两两组合,Ford,F-150/F-150,F-150,Regular/SuperCrew/SuperCrew,6.5/5.5,无可用尺码,1992-2026/2004-2013,,/,Regular/SuperCrew,5.5-6.5,1992-2026,,,fallback,原子事实对应多条候选记录
皮卡,高度压缩两两组合,Ford,F-150/F-150,F-150,Regular/SuperCrew/SuperCab,6.5/5.5,无可用尺码,1992-2026/2010-2014,,/Raptor,Regular/SuperCrew/SuperCab,5.5-6.5,1992-2026,,Incl: Raptor,fallback,原子事实对应多条候选记录
皮卡,高度压缩两两组合,Ford,F-150/F-150,F-150,Regular/SuperCrew/SuperCrew,6.5/5.5,无可用尺码,1992-2026/2011-2014,,/Raptor,Regular/SuperCrew,5.5-6.5,1992-2026,,Incl: Raptor,fallback,原子事实对应多条候选记录
皮卡,高度压缩两两组合,Ford,F-150/F-150,F-150,Regular/SuperCrew/SuperCrew,6.5/5.5,无可用尺码,1992-2026/2015-2018,,/,Regular/SuperCrew,5.5-6.5,1992-2026,,,fallback,原子事实对应多条候选记录
皮卡,高度压缩两两组合,Ford,F-150/F-150,F-150,Regular/SuperCrew/SuperCab,6.5/5.5,无可用尺码,1992-2026/2017-2020,,/Raptor,Regular/SuperCrew/SuperCab,5.5-6.5,1992-2026,,Incl: Raptor,fallback,原子事实对应多条候选记录
皮卡,高度压缩两两组合,Ford,F-150/F-150,F-150,Regular/SuperCrew/SuperCrew,6.5/5.5,无可用尺码,1992-2026/2017-2026,,/Raptor,Regular/SuperCrew,5.5-6.5,1992-2026,,Incl: Raptor,fallback,原子事实对应多条候选记录
皮卡,高度压缩两两组合,Ford,F-150/F-150,F-150,Regular/SuperCrew/SuperCrew,6.5/5.5,无可用尺码,1992-2026/2021-2026,,/,Regular/SuperCrew,5.5-6.5,1992-2026,,,fallback,原子事实对应多条候选记录
皮卡,高度压缩两两组合,Ford,F-150/F-150,F-150,Regular/SuperCrew/SuperCrew,6.5/5.5,无可用尺码,1992-2026/2021-2026,,/Tremor,Regular/SuperCrew,5.5-6.5,1992-2026,,Incl: Tremor,fallback,原子事实对应多条候选记录
皮卡,高度压缩两两组合,Ford,F-150/F-150,F-150,Regular/SuperCrew/SuperCrew,6.5/5.5,无可用尺码,1992-2026/2022-2025,,/Lightning,Regular/SuperCrew,5.5-6.5,1992-2026,,Incl: Lightning,fallback,原子事实对应多条候选记录
皮卡,高度压缩两两组合,Ford,F-150/F-150,F-150,Regular/SuperCrew/SuperCrew,6.5/5.5,无可用尺码,1992-2026/2023-2026,,/Raptor R,Regular/SuperCrew,5.5-6.5,1992-2026,,Incl: Raptor R,fallback,原子事实对应多条候选记录
皮卡,高度压缩两两组合,Ford,F-150/F-150,F-150,SuperCab/Regular/SuperCab,8/6.5,无可用尺码,1992-2026/1994-1995,,/,SuperCab/Regular,6.5-8,1992-2026,,,fallback,原子事实对应多条候选记录
皮卡,高度压缩两两组合,Ford,F-150/F-150,F-150,SuperCab/Regular/SuperCab,8/6.5,无可用尺码,1992-2026/1997-2026,,/,SuperCab/Regular,6.5-8,1992-2026,,,fallback,原子事实对应多条候选记录
皮卡,高度压缩两两组合,Ford,F-150/F-150,F-150,SuperCab/Regular/SuperCrew,8/5.5,无可用尺码,1992-2026/2001-2002,,/,SuperCab/Regular/SuperCrew,5.5-8,1992-2026,,,fallback,原子事实对应多条候选记录
皮卡,高度压缩两两组合,Ford,F-150/F-150,F-150,SuperCab/Regular/SuperCrew,8/5.5,无可用尺码,1992-2026/2004-2013,,/,SuperCab/Regular/SuperCrew,5.5-8,1992-2026,,,fallback,原子事实对应多条候选记录
皮卡,高度压缩两两组合,Ford,F-150/F-150,F-150,SuperCab/Regular/SuperCab,8/5.5,无可用尺码,1992-2026/2010-2014,,/Raptor,SuperCab/Regular,5.5-8,1992-2026,,Incl: Raptor,fallback,原子事实对应多条候选记录
皮卡,高度压缩两两组合,Ford,F-150/F-150,F-150,SuperCab/Regular/SuperCrew,8/5.5,无可用尺码,1992-2026/2011-2014,,/Raptor,SuperCab/Regular/SuperCrew,5.5-8,1992-2026,,Incl: Raptor,fallback,原子事实对应多条候选记录
皮卡,高度压缩两两组合,Ford,F-150/F-150,F-150,SuperCab/Regular/SuperCrew,8/5.5,无可用尺码,1992-2026/2015-2018,,/,SuperCab/Regular/SuperCrew,5.5-8,1992-2026,,,fallback,原子事实对应多条候选记录
皮卡,高度压缩两两组合,Ford,F-150/F-150,F-150,SuperCab/Regular/SuperCab,8/5.5,无可用尺码,1992-2026/2017-2020,,/Raptor,SuperCab/Regular,5.5-8,1992-2026,,Incl: Raptor,fallback,原子事实对应多条候选记录
皮卡,高度压缩两两组合,Ford,F-150/F-150,F-150,SuperCab/Regular/SuperCrew,8/5.5,无可用尺码,1992-2026/2017-2026,,/Raptor,SuperCab/Regular/SuperCrew,5.5-8,1992-2026,,Incl: Raptor,fallback,原子事实对应多条候选记录
皮卡,高度压缩两两组合,Ford,F-150/F-150,F-150,SuperCab/Regular/SuperCrew,8/5.5,无可用尺码,1992-2026/2021-2026,,/,SuperCab/Regular/SuperCrew,5.5-8,1992-2026,,,fallback,原子事实对应多条候选记录
皮卡,高度压缩两两组合,Ford,F-150/F-150,F-150,SuperCab/Regular/SuperCrew,8/5.5,无可用尺码,1992-2026/2021-2026,,/Tremor,SuperCab/Regular/SuperCrew,5.5-8,1992-2026,,Incl: Tremor,fallback,原子事实对应多条候选记录
皮卡,高度压缩两两组合,Ford,F-150/F-150,F-150,SuperCab/Regular/SuperCrew,8/5.5,无可用尺码,1992-2026/2022-2025,,/Lightning,SuperCab/Regular/SuperCrew,5.5-8,1992-2026,,Incl: Lightning,fallback,原子事实对应多条候选记录
皮卡,高度压缩两两组合,Ford,F-150/F-150,F-150,SuperCab/Regular/SuperCrew,8/5.5,无可用尺码,1992-2026/2023-2026,,/Raptor R,SuperCab/Regular/SuperCrew,5.5-8,1992-2026,,Incl: Raptor R,fallback,原子事实对应多条候选记录
皮卡,高度压缩两两组合,Ford,F-150/F-150,F-150,SuperCab/SuperCab,6.5/6.5,无可用尺码,1994-1995/1997-2026,,/,SuperCab,6.5,1994-2026,,,success,
皮卡,高度压缩两两组合,Ford,F-150/F-150,F-150,Regular/SuperCrew/SuperCab/Regular,6.5/8,无可用尺码,1992-2026/1992-2026,,/,Regular/SuperCrew/SuperCab,6.5-8,1992-2026,,,fallback,原子事实对应多条候选记录
皮卡,高度压缩两两组合,Ford,F-150/F-150,F-150,Regular/SuperCrew/SuperCab,6.5/6.5,无可用尺码,1992-2026/1994-2026,,/,Regular/SuperCrew/SuperCab,6.5,1992-2026,,,success,
皮卡,高度压缩两两组合,Ford,F-150/F-150,F-150,Regular/SuperCrew/SuperCab/SuperCab/Regular,6.5/8,无可用尺码,1992-2026/1992-2026,,/,Regular/SuperCrew/SuperCab,6.5-8,1992-2026,,,success,
皮卡,高度压缩两两组合,Ford,F-150/F-150,F-150,Regular/SuperCrew/SuperCab/SuperCrew,6.5-8/5.5,无可用尺码,1992-2026/2001-2002,,/,Regular/SuperCrew/SuperCab,5.5-8,1992-2026,,,fallback,原子事实对应多条候选记录
皮卡,高度压缩两两组合,Ford,F-150/F-150,F-150,Regular/SuperCrew/SuperCab/SuperCrew,6.5-8/5.5,无可用尺码,1992-2026/2004-2013,,/,Regular/SuperCrew/SuperCab,5.5-8,1992-2026,,,fallback,原子事实对应多条候选记录
皮卡,高度压缩两两组合,Ford,F-150/F-150,F-150,Regular/SuperCrew/SuperCab/SuperCab,6.5-8/5.5,无可用尺码,1992-2026/2010-2014,,/Raptor,Regular/SuperCrew/SuperCab,5.5-8,1992-2026,,Incl: Raptor,fallback,原子事实对应多条候选记录
皮卡,高度压缩两两组合,Ford,F-150/F-150,F-150,Regular/SuperCrew/SuperCab/SuperCrew,6.5-8/5.5,无可用尺码,1992-2026/2011-2014,,/Raptor,Regular/SuperCrew/SuperCab,5.5-8,1992-2026,,Incl: Raptor,fallback,原子事实对应多条候选记录
皮卡,高度压缩两两组合,Ford,F-150/F-150,F-150,Regular/SuperCrew/SuperCab/SuperCrew,6.5-8/5.5,无可用尺码,1992-2026/2015-2018,,/,Regular/SuperCrew/SuperCab,5.5-8,1992-2026,,,fallback,原子事实对应多条候选记录
皮卡,高度压缩两两组合,Ford,F-150/F-150,F-150,Regular/SuperCrew/SuperCab/SuperCab,6.5-8/5.5,无可用尺码,1992-2026/2017-2020,,/Raptor,Regular/SuperCrew/SuperCab,5.5-8,1992-2026,,Incl: Raptor,fallback,原子事实对应多条候选记录
皮卡,高度压缩两两组合,Ford,F-150/F-150,F-150,Regular/SuperCrew/SuperCab/SuperCrew,6.5-8/5.5,无可用尺码,1992-2026/2017-2026,,/Raptor,Regular/SuperCrew/SuperCab,5.5-8,1992-2026,,Incl: Raptor,fallback,原子事实对应多条候选记录
皮卡,高度压缩两两组合,Ford,F-150/F-150,F-150,Regular/SuperCrew/SuperCab/SuperCrew,6.5-8/5.5,无可用尺码,1992-2026/2021-2026,,/,Regular/SuperCrew/SuperCab,5.5-8,1992-2026,,,fallback,原子事实对应多条候选记录
皮卡,高度压缩两两组合,Ford,F-150/F-150,F-150,Regular/SuperCrew/SuperCab/SuperCrew,6.5-8/5.5,无可用尺码,1992-2026/2021-2026,,/Tremor,Regular/SuperCrew/SuperCab,5.5-8,1992-2026,,Incl: Tremor,fallback,原子事实对应多条候选记录
皮卡,高度压缩两两组合,Ford,F-150/F-150,F-150,Regular/SuperCrew/SuperCab/SuperCrew,6.5-8/5.5,无可用尺码,1992-2026/2022-2025,,/Lightning,Regular/SuperCrew/SuperCab,5.5-8,1992-2026,,Incl: Lightning,fallback,原子事实对应多条候选记录
皮卡,高度压缩两两组合,Ford,F-150/F-150,F-150,Regular/SuperCrew/SuperCab/SuperCrew,6.5-8/5.5,无可用尺码,1992-2026/2023-2026,,/Raptor R,Regular/SuperCrew/SuperCab,5.5-8,1992-2026,,Incl: Raptor R,fallback,原子事实对应多条候选记录
皮卡,高度压缩两两组合,Ford,F-150/F-150,F-150,SuperCrew/SuperCrew,5.5/5.5,无可用尺码,2001-2002/2004-2013,,/,SuperCrew,5.5,2001-2013,,,success,
皮卡,高度压缩两两组合,Ford,F-150/F-150,F-150,Regular/SuperCrew/SuperCab/SuperCrew,6.5-8/5.5,无可用尺码,1992-2026/2001-2013,,/,Regular/SuperCrew/SuperCab,5.5-8,1992-2026,,,fallback,原子事实对应多条候选记录
皮卡,高度压缩两两组合,Ford,F-150/F-150,F-150,Regular/SuperCrew/SuperCab/SuperCab,6.5-8/5.5,无可用尺码,1992-2026/2010-2014,,/Raptor,Regular/SuperCrew/SuperCab,5.5-8,1992-2026,,Incl: Raptor,fallback,原子事实对应多条候选记录
皮卡,高度压缩两两组合,Ford,F-150/F-150,F-150,Regular/SuperCrew/SuperCab/SuperCrew,6.5-8/5.5,无可用尺码,1992-2026/2011-2014,,/Raptor,Regular/SuperCrew/SuperCab,5.5-8,1992-2026,,Incl: Raptor,fallback,原子事实对应多条候选记录
皮卡,高度压缩两两组合,Ford,F-150/F-150,F-150,Regular/SuperCrew/SuperCab/SuperCrew,6.5-8/5.5,无可用尺码,1992-2026/2015-2018,,/,Regular/SuperCrew/SuperCab,5.5-8,1992-2026,,,fallback,原子事实对应多条候选记录
皮卡,高度压缩两两组合,Ford,F-150/F-150,F-150,Regular/SuperCrew/SuperCab/SuperCab,6.5-8/5.5,无可用尺码,1992-2026/2017-2020,,/Raptor,Regular/SuperCrew/SuperCab,5.5-8,1992-2026,,Incl: Raptor,fallback,原子事实对应多条候选记录
皮卡,高度压缩两两组合,Ford,F-150/F-150,F-150,Regular/SuperCrew/SuperCab/SuperCrew,6.5-8/5.5,无可用尺码,1992-2026/2017-2026,,/Raptor,Regular/SuperCrew/SuperCab,5.5-8,1992-2026,,Incl: Raptor,fallback,原子事实对应多条候选记录
皮卡,高度压缩两两组合,Ford,F-150/F-150,F-150,Regular/SuperCrew/SuperCab/SuperCrew,6.5-8/5.5,无可用尺码,1992-2026/2021-2026,,/,Regular/SuperCrew/SuperCab,5.5-8,1992-2026,,,fallback,原子事实对应多条候选记录
皮卡,高度压缩两两组合,Ford,F-150/F-150,F-150,Regular/SuperCrew/SuperCab/SuperCrew,6.5-8/5.5,无可用尺码,1992-2026/2021-2026,,/Tremor,Regular/SuperCrew/SuperCab,5.5-8,1992-2026,,Incl: Tremor,fallback,原子事实对应多条候选记录
皮卡,高度压缩两两组合,Ford,F-150/F-150,F-150,Regular/SuperCrew/SuperCab/SuperCrew,6.5-8/5.5,无可用尺码,1992-2026/2022-2025,,/Lightning,Regular/SuperCrew/SuperCab,5.5-8,1992-2026,,Incl: Lightning,fallback,原子事实对应多条候选记录
皮卡,高度压缩两两组合,Ford,F-150/F-150,F-150,Regular/SuperCrew/SuperCab/SuperCrew,6.5-8/5.5,无可用尺码,1992-2026/2023-2026,,/Raptor R,Regular/SuperCrew/SuperCab,5.5-8,1992-2026,,Incl: Raptor R,fallback,原子事实对应多条候选记录
皮卡,高度压缩两两组合,Ford,F-150/F-150,F-150,SuperCrew/SuperCab,5.5/5.5,无可用尺码,2001-2013/2010-2014,,/Raptor,SuperCrew/SuperCab,5.5,2001-2014,,Incl: Raptor,fallback,原子事实对应多条候选记录
皮卡,高度压缩两两组合,Ford,F-150/F-150,F-150,SuperCrew/SuperCrew,5.5/5.5,无可用尺码,2001-2013/2011-2014,,/Raptor,SuperCrew,5.5,2001-2014,,Incl: Raptor,success,
皮卡,高度压缩两两组合,Ford,F-150/F-150,F-150,Regular/SuperCrew/SuperCab/SuperCrew,6.5-8/5.5,无可用尺码,1992-2026/2001-2014,,/Incl: Raptor,Regular/SuperCrew/SuperCab,5.5-8,1992-2026,,Incl: Raptor,fallback,原子事实对应多条候选记录
皮卡,高度压缩两两组合,Ford,F-150/F-150,F-150,Regular/SuperCrew/SuperCab/SuperCab,6.5-8/5.5,无可用尺码,1992-2026/2010-2014,,/Raptor,Regular/SuperCrew/SuperCab,5.5-8,1992-2026,,Incl: Raptor,fallback,原子事实对应多条候选记录
皮卡,高度压缩两两组合,Ford,F-150/F-150,F-150,Regular/SuperCrew/SuperCab/SuperCrew,6.5-8/5.5,无可用尺码,1992-2026/2015-2018,,/,Regular/SuperCrew/SuperCab,5.5-8,1992-2026,,,fallback,原子事实对应多条候选记录
皮卡,高度压缩两两组合,Ford,F-150/F-150,F-150,Regular/SuperCrew/SuperCab/SuperCab,6.5-8/5.5,无可用尺码,1992-2026/2017-2020,,/Raptor,Regular/SuperCrew/SuperCab,5.5-8,1992-2026,,Incl: Raptor,fallback,原子事实对应多条候选记录
皮卡,高度压缩两两组合,Ford,F-150/F-150,F-150,Regular/SuperCrew/SuperCab/SuperCrew,6.5-8/5.5,无可用尺码,1992-2026/2017-2026,,/Raptor,Regular/SuperCrew/SuperCab,5.5-8,1992-2026,,Incl: Raptor,fallback,原子事实对应多条候选记录
皮卡,高度压缩两两组合,Ford,F-150/F-150,F-150,Regular/SuperCrew/SuperCab/SuperCrew,6.5-8/5.5,无可用尺码,1992-2026/2021-2026,,/,Regular/SuperCrew/SuperCab,5.5-8,1992-2026,,,fallback,原子事实对应多条候选记录
皮卡,高度压缩两两组合,Ford,F-150/F-150,F-150,Regular/SuperCrew/SuperCab/SuperCrew,6.5-8/5.5,无可用尺码,1992-2026/2021-2026,,/Tremor,Regular/SuperCrew/SuperCab,5.5-8,1992-2026,,Incl: Tremor,fallback,原子事实对应多条候选记录
皮卡,高度压缩两两组合,Ford,F-150/F-150,F-150,Regular/SuperCrew/SuperCab/SuperCrew,6.5-8/5.5,无可用尺码,1992-2026/2022-2025,,/Lightning,Regular/SuperCrew/SuperCab,5.5-8,1992-2026,,Incl: Lightning,fallback,原子事实对应多条候选记录
皮卡,高度压缩两两组合,Ford,F-150/F-150,F-150,Regular/SuperCrew/SuperCab/SuperCrew,6.5-8/5.5,无可用尺码,1992-2026/2023-2026,,/Raptor R,Regular/SuperCrew/SuperCab,5.5-8,1992-2026,,Incl: Raptor R,fallback,原子事实对应多条候选记录
皮卡,高度压缩两两组合,Ford,F-150/F-150,F-150,SuperCrew/SuperCab,5.5/5.5,无可用尺码,2001-2014/2010-2014,,Incl: Raptor/Raptor,SuperCrew/SuperCab,5.5,2001-2014,,Incl: Raptor,success,
皮卡,高度压缩两两组合,Ford,F-150/F-150,F-150,Regular/SuperCrew/SuperCab/SuperCrew/SuperCab,6.5-8/5.5,无可用尺码,1992-2026/2001-2014,,/Incl: Raptor,Regular/SuperCrew/SuperCab,5.5-8,1992-2026,,Incl: Raptor,fallback,原子事实对应多条候选记录
皮卡,高度压缩两两组合,Ford,F-150/F-150,F-150,Regular/SuperCrew/SuperCab/SuperCrew,6.5-8/5.5,无可用尺码,1992-2026/2015-2018,,/,Regular/SuperCrew/SuperCab,5.5-8,1992-2026,,,fallback,原子事实对应多条候选记录
皮卡,高度压缩两两组合,Ford,F-150/F-150,F-150,Regular/SuperCrew/SuperCab/SuperCab,6.5-8/5.5,无可用尺码,1992-2026/2017-2020,,/Raptor,Regular/SuperCrew/SuperCab,5.5-8,1992-2026,,Incl: Raptor,fallback,原子事实对应多条候选记录
皮卡,高度压缩两两组合,Ford,F-150/F-150,F-150,Regular/SuperCrew/SuperCab/SuperCrew,6.5-8/5.5,无可用尺码,1992-2026/2017-2026,,/Raptor,Regular/SuperCrew/SuperCab,5.5-8,1992-2026,,Incl: Raptor,fallback,原子事实对应多条候选记录
皮卡,高度压缩两两组合,Ford,F-150/F-150,F-150,Regular/SuperCrew/SuperCab/SuperCrew,6.5-8/5.5,无可用尺码,1992-2026/2021-2026,,/,Regular/SuperCrew/SuperCab,5.5-8,1992-2026,,,fallback,原子事实对应多条候选记录
皮卡,高度压缩两两组合,Ford,F-150/F-150,F-150,Regular/SuperCrew/SuperCab/SuperCrew,6.5-8/5.5,无可用尺码,1992-2026/2021-2026,,/Tremor,Regular/SuperCrew/SuperCab,5.5-8,1992-2026,,Incl: Tremor,fallback,原子事实对应多条候选记录
皮卡,高度压缩两两组合,Ford,F-150/F-150,F-150,Regular/SuperCrew/SuperCab/SuperCrew,6.5-8/5.5,无可用尺码,1992-2026/2022-2025,,/Lightning,Regular/SuperCrew/SuperCab,5.5-8,1992-2026,,Incl: Lightning,fallback,原子事实对应多条候选记录
皮卡,高度压缩两两组合,Ford,F-150/F-150,F-150,Regular/SuperCrew/SuperCab/SuperCrew,6.5-8/5.5,无可用尺码,1992-2026/2023-2026,,/Raptor R,Regular/SuperCrew/SuperCab,5.5-8,1992-2026,,Incl: Raptor R,fallback,原子事实对应多条候选记录
皮卡,高度压缩两两组合,Ford,F-150/F-150,F-150,SuperCrew/SuperCab/SuperCrew,5.5/5.5,无可用尺码,2001-2014/2015-2018,,Incl: Raptor/,SuperCrew/SuperCab,5.5,2001-2018,,Incl: Raptor,fallback,原子事实对应多条候选记录
皮卡,高度压缩两两组合,Ford,F-150/F-150,F-150,SuperCrew/SuperCab/SuperCab,5.5/5.5,无可用尺码,2001-2014/2017-2020,,Incl: Raptor/Raptor,SuperCrew/SuperCab,5.5,2001-2020,,Incl: Raptor,fallback,原子事实对应多条候选记录
皮卡,高度压缩两两组合,Ford,F-150/F-150,F-150,SuperCrew/SuperCab/SuperCrew,5.5/5.5,无可用尺码,2001-2014/2017-2026,,Incl: Raptor/Raptor,SuperCrew/SuperCab,5.5,2001-2026,,Incl: Raptor,fallback,原子事实对应多条候选记录
皮卡,高度压缩两两组合,Ford,F-150/F-150,F-150,SuperCrew/SuperCab/SuperCrew,5.5/5.5,无可用尺码,2001-2014/2021-2026,,Incl: Raptor/,SuperCrew/SuperCab,5.5,2001-2026,,Incl: Raptor,fallback,原子事实对应多条候选记录
皮卡,高度压缩两两组合,Ford,F-150/F-150,F-150,SuperCrew/SuperCab/SuperCrew,5.5/5.5,无可用尺码,2001-2014/2021-2026,,Incl: Raptor/Tremor,SuperCrew/SuperCab,5.5,2001-2026,,Incl: Raptor/Tremor,fallback,原子事实对应多条候选记录
皮卡,高度压缩两两组合,Ford,F-150/F-150,F-150,SuperCrew/SuperCab/SuperCrew,5.5/5.5,无可用尺码,2001-2014/2022-2025,,Incl: Raptor/Lightning,SuperCrew/SuperCab,5.5,2001-2025,,Incl: Lightning/Raptor,fallback,原子事实对应多条候选记录
皮卡,高度压缩两两组合,Ford,F-150/F-150,F-150,SuperCrew/SuperCab/SuperCrew,5.5/5.5,无可用尺码,2001-2014/2023-2026,,Incl: Raptor/Raptor R,SuperCrew/SuperCab,5.5,2001-2026,,Incl: Raptor/Raptor R,fallback,原子事实对应多条候选记录
皮卡,高度压缩两两组合,Ford,F-150/F-150,F-150,SuperCrew/SuperCab,5.5/5.5,无可用尺码,2015-2018/2017-2020,,/Raptor,SuperCrew/SuperCab,5.5,2015-2020,,Incl: Raptor,fallback,原子事实对应多条候选记录
皮卡,高度压缩两两组合,Ford,F-150/F-150,F-150,SuperCrew/SuperCrew,5.5/5.5,无可用尺码,2015-2018/2017-2026,,/Raptor,SuperCrew,5.5,2015-2026,,Incl: Raptor,fallback,原子事实对应多条候选记录
皮卡,高度压缩两两组合,Ford,F-150/F-150,F-150,SuperCrew/SuperCrew,5.5/5.5,无可用尺码,2015-2018/2021-2026,,/,SuperCrew,5.5,2015-2026,,,success,
皮卡,高度压缩两两组合,Ford,F-150/F-150,F-150,Regular/SuperCrew/SuperCab/SuperCrew/SuperCab,6.5-8/5.5,无可用尺码,1992-2026/2001-2014,,/Incl: Raptor,Regular/SuperCrew/SuperCab,5.5-8,1992-2026,,Incl: Raptor,fallback,原子事实对应多条候选记录
皮卡,高度压缩两两组合,Ford,F-150/F-150,F-150,Regular/SuperCrew/SuperCab/SuperCrew,6.5-8/5.5,无可用尺码,1992-2026/2015-2026,,/,Regular/SuperCrew/SuperCab,5.5-8,1992-2026,,,fallback,原子事实对应多条候选记录
皮卡,高度压缩两两组合,Ford,F-150/F-150,F-150,Regular/SuperCrew/SuperCab/SuperCab,6.5-8/5.5,无可用尺码,1992-2026/2017-2020,,/Raptor,Regular/SuperCrew/SuperCab,5.5-8,1992-2026,,Incl: Raptor,fallback,原子事实对应多条候选记录
皮卡,高度压缩两两组合,Ford,F-150/F-150,F-150,Regular/SuperCrew/SuperCab/SuperCrew,6.5-8/5.5,无可用尺码,1992-2026/2017-2026,,/Raptor,Regular/SuperCrew/SuperCab,5.5-8,1992-2026,,Incl: Raptor,fallback,原子事实对应多条候选记录
皮卡,高度压缩两两组合,Ford,F-150/F-150,F-150,Regular/SuperCrew/SuperCab/SuperCrew,6.5-8/5.5,无可用尺码,1992-2026/2021-2026,,/Tremor,Regular/SuperCrew/SuperCab,5.5-8,1992-2026,,Incl: Tremor,fallback,原子事实对应多条候选记录
皮卡,高度压缩两两组合,Ford,F-150/F-150,F-150,Regular/SuperCrew/SuperCab/SuperCrew,6.5-8/5.5,无可用尺码,1992-2026/2022-2025,,/Lightning,Regular/SuperCrew/SuperCab,5.5-8,1992-2026,,Incl: Lightning,fallback,原子事实对应多条候选记录
皮卡,高度压缩两两组合,Ford,F-150/F-150,F-150,Regular/SuperCrew/SuperCab/SuperCrew,6.5-8/5.5,无可用尺码,1992-2026/2023-2026,,/Raptor R,Regular/SuperCrew/SuperCab,5.5-8,1992-2026,,Incl: Raptor R,fallback,原子事实对应多条候选记录
皮卡,高度压缩两两组合,Ford,F-150/F-150,F-150,SuperCrew/SuperCab/SuperCrew,5.5/5.5,无可用尺码,2001-2014/2015-2026,,Incl: Raptor/,SuperCrew/SuperCab,5.5,2001-2026,,Incl: Raptor,fallback,原子事实对应多条候选记录
皮卡,高度压缩两两组合,Ford,F-150/F-150,F-150,SuperCrew/SuperCab/SuperCab,5.5/5.5,无可用尺码,2001-2014/2017-2020,,Incl: Raptor/Raptor,SuperCrew/SuperCab,5.5,2001-2020,,Incl: Raptor,fallback,原子事实对应多条候选记录
皮卡,高度压缩两两组合,Ford,F-150/F-150,F-150,SuperCrew/SuperCab/SuperCrew,5.5/5.5,无可用尺码,2001-2014/2017-2026,,Incl: Raptor/Raptor,SuperCrew/SuperCab,5.5,2001-2026,,Incl: Raptor,fallback,原子事实对应多条候选记录
皮卡,高度压缩两两组合,Ford,F-150/F-150,F-150,SuperCrew/SuperCab/SuperCrew,5.5/5.5,无可用尺码,2001-2014/2021-2026,,Incl: Raptor/Tremor,SuperCrew/SuperCab,5.5,2001-2026,,Incl: Raptor/Tremor,fallback,原子事实对应多条候选记录
皮卡,高度压缩两两组合,Ford,F-150/F-150,F-150,SuperCrew/SuperCab/SuperCrew,5.5/5.5,无可用尺码,2001-2014/2022-2025,,Incl: Raptor/Lightning,SuperCrew/SuperCab,5.5,2001-2025,,Incl: Lightning/Raptor,fallback,原子事实对应多条候选记录
皮卡,高度压缩两两组合,Ford,F-150/F-150,F-150,SuperCrew/SuperCab/SuperCrew,5.5/5.5,无可用尺码,2001-2014/2023-2026,,Incl: Raptor/Raptor R,SuperCrew/SuperCab,5.5,2001-2026,,Incl: Raptor/Raptor R,fallback,原子事实对应多条候选记录
皮卡,高度压缩两两组合,Ford,F-150/F-150,F-150,SuperCrew/SuperCab,5.5/5.5,无可用尺码,2015-2026/2017-2020,,/Raptor,SuperCrew/SuperCab,5.5,2015-2026,,Incl: Raptor,fallback,原子事实对应多条候选记录
皮卡,高度压缩两两组合,Ford,F-150/F-150,F-150,SuperCrew/SuperCrew,5.5/5.5,无可用尺码,2015-2026/2017-2026,,/Raptor,SuperCrew,5.5,2015-2026,,Incl: Raptor,success,
皮卡,高度压缩两两组合,Ford,F-150/F-150,F-150,Regular/SuperCrew/SuperCab/SuperCrew/SuperCab,6.5-8/5.5,无可用尺码,1992-2026/2001-2014,,/Incl: Raptor,Regular/SuperCrew/SuperCab,5.5-8,1992-2026,,Incl: Raptor,fallback,原子事实对应多条候选记录
皮卡,高度压缩两两组合,Ford,F-150/F-150,F-150,Regular/SuperCrew/SuperCab/SuperCrew,6.5-8/5.5,无可用尺码,1992-2026/2015-2026,,/Incl: Raptor,Regular/SuperCrew/SuperCab,5.5-8,1992-2026,,Incl: Raptor,fallback,原子事实对应多条候选记录
皮卡,高度压缩两两组合,Ford,F-150/F-150,F-150,Regular/SuperCrew/SuperCab/SuperCab,6.5-8/5.5,无可用尺码,1992-2026/2017-2020,,/Raptor,Regular/SuperCrew/SuperCab,5.5-8,1992-2026,,Incl: Raptor,fallback,原子事实对应多条候选记录
皮卡,高度压缩两两组合,Ford,F-150/F-150,F-150,Regular/SuperCrew/SuperCab/SuperCrew,6.5-8/5.5,无可用尺码,1992-2026/2021-2026,,/Tremor,Regular/SuperCrew/SuperCab,5.5-8,1992-2026,,Incl: Tremor,fallback,原子事实对应多条候选记录
皮卡,高度压缩两两组合,Ford,F-150/F-150,F-150,Regular/SuperCrew/SuperCab/SuperCrew,6.5-8/5.5,无可用尺码,1992-2026/2022-2025,,/Lightning,Regular/SuperCrew/SuperCab,5.5-8,1992-2026,,Incl: Lightning,fallback,原子事实对应多条候选记录
皮卡,高度压缩两两组合,Ford,F-150/F-150,F-150,Regular/SuperCrew/SuperCab/SuperCrew,6.5-8/5.5,无可用尺码,1992-2026/2023-2026,,/Raptor R,Regular/SuperCrew/SuperCab,5.5-8,1992-2026,,Incl: Raptor R,fallback,原子事实对应多条候选记录
皮卡,高度压缩两两组合,Ford,F-150/F-150,F-150,SuperCrew/SuperCab/SuperCrew,5.5/5.5,无可用尺码,2001-2014/2015-2026,,Incl: Raptor/Incl: Raptor,SuperCrew/SuperCab,5.5,2001-2026,,Incl: Raptor,fallback,原子事实对应多条候选记录
皮卡,高度压缩两两组合,Ford,F-150/F-150,F-150,SuperCrew/SuperCab/SuperCab,5.5/5.5,无可用尺码,2001-2014/2017-2020,,Incl: Raptor/Raptor,SuperCrew/SuperCab,5.5,2001-2020,,Incl: Raptor,fallback,原子事实对应多条候选记录
皮卡,高度压缩两两组合,Ford,F-150/F-150,F-150,SuperCrew/SuperCab/SuperCrew,5.5/5.5,无可用尺码,2001-2014/2021-2026,,Incl: Raptor/Tremor,SuperCrew/SuperCab,5.5,2001-2026,,Incl: Raptor/Tremor,fallback,原子事实对应多条候选记录
皮卡,高度压缩两两组合,Ford,F-150/F-150,F-150,SuperCrew/SuperCab/SuperCrew,5.5/5.5,无可用尺码,2001-2014/2022-2025,,Incl: Raptor/Lightning,SuperCrew/SuperCab,5.5,2001-2025,,Incl: Lightning/Raptor,fallback,原子事实对应多条候选记录
皮卡,高度压缩两两组合,Ford,F-150/F-150,F-150,SuperCrew/SuperCab/SuperCrew,5.5/5.5,无可用尺码,2001-2014/2023-2026,,Incl: Raptor/Raptor R,SuperCrew/SuperCab,5.5,2001-2026,,Incl: Raptor/Raptor R,fallback,原子事实对应多条候选记录
皮卡,高度压缩两两组合,Ford,F-150/F-150,F-150,SuperCrew/SuperCab,5.5/5.5,无可用尺码,2015-2026/2017-2020,,Incl: Raptor/Raptor,SuperCrew/SuperCab,5.5,2015-2026,,Incl: Raptor,success,
皮卡,高度压缩两两组合,Ford,F-150/F-150,F-150,Regular/SuperCrew/SuperCab/SuperCrew/SuperCab,6.5-8/5.5,无可用尺码,1992-2026/2001-2014,,/Incl: Raptor,Regular/SuperCrew/SuperCab,5.5-8,1992-2026,,Incl: Raptor,fallback,原子事实对应多条候选记录
皮卡,高度压缩两两组合,Ford,F-150/F-150,F-150,Regular/SuperCrew/SuperCab/SuperCrew/SuperCab,6.5-8/5.5,无可用尺码,1992-2026/2015-2026,,/Incl: Raptor,Regular/SuperCrew/SuperCab,5.5-8,1992-2026,,Incl: Raptor,fallback,原子事实对应多条候选记录
皮卡,高度压缩两两组合,Ford,F-150/F-150,F-150,Regular/SuperCrew/SuperCab/SuperCrew,6.5-8/5.5,无可用尺码,1992-2026/2021-2026,,/Tremor,Regular/SuperCrew/SuperCab,5.5-8,1992-2026,,Incl: Tremor,fallback,原子事实对应多条候选记录
皮卡,高度压缩两两组合,Ford,F-150/F-150,F-150,Regular/SuperCrew/SuperCab/SuperCrew,6.5-8/5.5,无可用尺码,1992-2026/2022-2025,,/Lightning,Regular/SuperCrew/SuperCab,5.5-8,1992-2026,,Incl: Lightning,fallback,原子事实对应多条候选记录
皮卡,高度压缩两两组合,Ford,F-150/F-150,F-150,Regular/SuperCrew/SuperCab/SuperCrew,6.5-8/5.5,无可用尺码,1992-2026/2023-2026,,/Raptor R,Regular/SuperCrew/SuperCab,5.5-8,1992-2026,,Incl: Raptor R,fallback,原子事实对应多条候选记录
皮卡,高度压缩两两组合,Ford,F-150/F-150,F-150,SuperCrew/SuperCab/SuperCrew/SuperCab,5.5/5.5,无可用尺码,2001-2014/2015-2026,,Incl: Raptor/Incl: Raptor,SuperCrew/SuperCab,5.5,2001-2026,,Incl: Raptor,success,
皮卡,高度压缩两两组合,Ford,F-150/F-150,F-150,Regular/SuperCrew/SuperCab/SuperCrew/SuperCab,6.5-8/5.5,无可用尺码,1992-2026/2001-2026,,/Incl: Raptor,Regular/SuperCrew/SuperCab,5.5-8,1992-2026,,Incl: Raptor,success,
皮卡,高度压缩两两组合,Ford,F-150/F-150,F-150,Regular/SuperCrew/SuperCab/SuperCrew,5.5-8/5.5,无可用尺码,1992-2026/2021-2026,,Incl: Raptor/Tremor,Regular/SuperCrew/SuperCab,5.5-8,1992-2026,,Incl: Raptor/Tremor,success,
皮卡,高度压缩两两组合,Ford,F-150/F-150,F-150,Regular/SuperCrew/SuperCab/SuperCrew,5.5-8/5.5,无可用尺码,1992-2026/2022-2025,,Incl: Raptor/Tremor/Lightning,Regular/SuperCrew/SuperCab,5.5-8,1992-2026,,Incl: Lightning/Raptor/Tremor,success,
皮卡,高度压缩两两组合,Ford,F-150/F-150,F-150,Regular/SuperCrew/SuperCab/SuperCrew,5.5-8/5.5,无可用尺码,1992-2026/2023-2026,,Incl: Lightning/Raptor/Tremor/Raptor R,Regular/SuperCrew/SuperCab,5.5-8,1992-2026,,Incl: Lightning/Raptor/Raptor R/Tremor,success,
皮卡,高度压缩两两组合,Ford,F-250/F-350 Super Duty/F-250/F-350 Super Duty,F-250/F-350 Super Duty,Crew/Crew,6.8/8,无可用尺码,1999-2026/1999-2026,,/,Crew,6.8-8,1999-2026,,,success,
皮卡,高度压缩两两组合,Ford,F-250/F-350 Super Duty/F-250/F-350 Super Duty,F-250/F-350 Super Duty,Crew/Regular,6.8-8/8,无可用尺码,1999-2026/1999-2026,,/,Crew/Regular,6.8-8,1999-2026,,,success,
皮卡,高度压缩两两组合,Ford,F-250/F-350 Super Duty/F-250/F-350 Super Duty,F-250/F-350 Super Duty,Crew/Regular/SuperCab,6.8-8/6.8,无可用尺码,1999-2026/1999-2026,,/,Crew/Regular/SuperCab,6.8-8,1999-2026,,,fallback,原子事实对应多条候选记录
皮卡,高度压缩两两组合,Ford,F-250/F-350 Super Duty/F-250/F-350 Super Duty,F-250/F-350 Super Duty,Crew/Regular/SuperCab,6.8-8/8,无可用尺码,1999-2026/1999-2026,,/,Crew/Regular/SuperCab,6.8-8,1999-2026,,,fallback,原子事实对应多条候选记录
皮卡,高度压缩两两组合,Ford,F-250/F-350 Super Duty/F-250/F-350 Super Duty,F-250/F-350 Super Duty,SuperCab/SuperCab,6.8/8,无可用尺码,1999-2026/1999-2026,,/,SuperCab,6.8-8,1999-2026,,,success,
皮卡,高度压缩两两组合,Ford,F-250/F-350 Super Duty/F-250/F-350 Super Duty,F-250/F-350 Super Duty,Crew/Regular/SuperCab,6.8-8/6.8-8,无可用尺码,1999-2026/1999-2026,,/,Crew/Regular/SuperCab,6.8-8,1999-2026,,,success,
皮卡,高度压缩两两组合,Ford,F-350 Super Duty/F-350 Super Duty,F-350 Super Duty,Crew/Regular,8/8,无可用尺码,1999-2026/1999-2026,,DRW/DRW,Crew/Regular,8,1999-2026,,DRW,success,
皮卡,高度压缩两两组合,Ford,Maverick/Maverick,Maverick,SuperCrew/SuperCrew,4.5/4.5,无可用尺码,2022-2026/2023-2026,,/Tremor,SuperCrew,4.5,2022-2026,,Incl: Tremor,success,
皮卡,高度压缩两两组合,Ford,Maverick/Maverick,Maverick,SuperCrew/SuperCrew,4.5/4.5,无可用尺码,2022-2026/2025-2026,,Incl: Tremor/Lobo,SuperCrew,4.5,2022-2026,,Incl: Lobo/Tremor,success,
皮卡,高度压缩两两组合,Ford,Ranger/Ranger,Ranger,Regular/SuperCab,6/6,无可用尺码,1993-2011/1993-2011,,/,Regular/SuperCab,6,1993-2011,,,success,
皮卡,高度压缩两两组合,Ford,Ranger/Ranger,Ranger,Regular/SuperCab/SuperCab,6/7,无可用尺码,1993-2011/1998-2011,,/,Regular/SuperCab,6-7,1993-2011,,,success,
皮卡,高度压缩两两组合,Ford,Ranger/Ranger,Ranger,Regular/SuperCab/SuperCrew,6-7/5,无可用尺码,1993-2011/2019-2026,,/,Regular/SuperCab/SuperCrew,5-7,1993-2026,,,success,
皮卡,高度压缩两两组合,Ford,Ranger/Ranger,Ranger,Regular/SuperCab/SuperCrew/SuperCrew,5-7/5,无可用尺码,1993-2026/2024-2026,,/Raptor,Regular/SuperCab/SuperCrew,5-7,1993-2026,,Incl: Raptor,success,
皮卡,高度压缩两两组合,GMC,Canyon/Canyon,Canyon,Crew/Extended,5/6,无可用尺码,2004-2005/2004-2010,,/,Crew/Extended,5-6,2004-2010,,,fallback,原子事实对应多条候选记录
皮卡,高度压缩两两组合,GMC,Canyon/Canyon,Canyon,Crew/Regular,5/6,无可用尺码,2004-2005/2004-2012,,/,Crew/Regular,5-6,2004-2012,,,fallback,原子事实对应多条候选记录
皮卡,高度压缩两两组合,GMC,Canyon/Canyon,Canyon,Crew/Crew,5/5,无可用尺码,2004-2005/2008,,/,Crew,5,2004-2008,,,success,
皮卡,高度压缩两两组合,GMC,Canyon/Canyon,Canyon,Crew/Extended,5/6,无可用尺码,2004-2008/2004-2010,,/,Crew/Extended,5-6,2004-2010,,,success,
皮卡,高度压缩两两组合,GMC,Canyon/Canyon,Canyon,Crew/Extended/Regular,5-6/6,无可用尺码,2004-2010/2004-2012,,/,Crew/Extended/Regular,5-6,2004-2012,,,fallback,原子事实对应多条候选记录
皮卡,高度压缩两两组合,GMC,Canyon/Canyon,Canyon,Crew/Extended/Crew,5-6/5,无可用尺码,2004-2010/2012,,/,Crew/Extended,5-6,2004-2012,,,success,
皮卡,高度压缩两两组合,GMC,Canyon/Canyon,Canyon,Crew/Extended/Regular,5-6/6,无可用尺码,2004-2012/2004-2012,,/,Crew/Extended/Regular,5-6,2004-2012,,,success,
皮卡,高度压缩两两组合,GMC,Canyon/Canyon,Canyon,Crew/Extended/Regular/Extended,5-6/6,无可用尺码,2004-2012/2015-2020,,/,Crew/Extended/Regular,5-6,2004-2020,,,fallback,原子事实对应多条候选记录
皮卡,高度压缩两两组合,GMC,Canyon/Canyon,Canyon,Crew/Extended/Regular/Crew,5-6/6,无可用尺码,2004-2012/2015-2022,,/,Crew/Extended/Regular,5-6,2004-2022,,,fallback,原子事实对应多条候选记录
皮卡,高度压缩两两组合,GMC,Canyon/Canyon,Canyon,Crew/Extended/Regular/Crew,5-6/5,无可用尺码,2004-2012/2015-2026,,/,Crew/Extended/Regular,5-6,2004-2026,,,fallback,原子事实对应多条候选记录
皮卡,高度压缩两两组合,GMC,Canyon/Canyon,Canyon,Crew/Extended/Regular/Crew,5-6/5,无可用尺码,2004-2012/2023-2026,,/AT4X,Crew/Extended/Regular,5-6,2004-2026,,Incl: AT4X,fallback,原子事实对应多条候选记录
皮卡,高度压缩两两组合,GMC,Canyon/Canyon,Canyon,Extended/Crew,6/6,无可用尺码,2015-2020/2015-2022,,/,Extended/Crew,6,2015-2022,,,success,
皮卡,高度压缩两两组合,GMC,Canyon/Canyon,Canyon,Crew/Extended/Regular/Extended/Crew,5-6/6,无可用尺码,2004-2012/2015-2022,,/,Crew/Extended/Regular,5-6,2004-2022,,,fallback,原子事实对应多条候选记录
皮卡,高度压缩两两组合,GMC,Canyon/Canyon,Canyon,Crew/Extended/Regular/Crew,5-6/5,无可用尺码,2004-2012/2015-2026,,/,Crew/Extended/Regular,5-6,2004-2026,,,fallback,原子事实对应多条候选记录
皮卡,高度压缩两两组合,GMC,Canyon/Canyon,Canyon,Crew/Extended/Regular/Crew,5-6/5,无可用尺码,2004-2012/2023-2026,,/AT4X,Crew/Extended/Regular,5-6,2004-2026,,Incl: AT4X,fallback,原子事实对应多条候选记录
皮卡,高度压缩两两组合,GMC,Canyon/Canyon,Canyon,Extended/Crew/Crew,6/5,无可用尺码,2015-2022/2015-2026,,/,Extended/Crew,5-6,2015-2026,,,success,
皮卡,高度压缩两两组合,GMC,Canyon/Canyon,Canyon,Crew/Extended/Regular/Extended/Crew,5-6/5-6,无可用尺码,2004-2012/2015-2026,,/,Crew/Extended/Regular,5-6,2004-2026,,,success,
皮卡,高度压缩两两组合,GMC,Canyon/Canyon,Canyon,Crew/Extended/Regular/Crew,5-6/5,无可用尺码,2004-2026/2023-2026,,/AT4X,Crew/Extended/Regular,5-6,2004-2026,,Incl: AT4X,success,
皮卡,高度压缩两两组合,GMC,Sierra 1500/Sierra 1500,Sierra 1500,Extended/Extended,6.6/8,无可用尺码,1999-2013/1999-2013,,/,Extended,6.6-8,1999-2013,,,success,
皮卡,高度压缩两两组合,GMC,Sierra 1500/Sierra 1500,Sierra 1500,Extended/Regular,6.6-8/8,无可用尺码,1999-2013/1999-2026,,/,Extended/Regular,6.6-8,1999-2026,,,fallback,原子事实对应多条候选记录
皮卡,高度压缩两两组合,GMC,Sierra 1500/Sierra 1500,Sierra 1500,Extended/Crew,6.6-8/5.8,无可用尺码,1999-2013/2004-2026,,/,Extended/Crew,5.8-8,1999-2026,,,success,
皮卡,高度压缩两两组合,GMC,Sierra 1500/Sierra 1500,Sierra 1500,Extended/Crew/Regular,5.8-8/8,无可用尺码,1999-2026/1999-2026,,/,Extended/Crew/Regular,5.8-8,1999-2026,,,fallback,原子事实对应多条候选记录
皮卡,高度压缩两两组合,GMC,Sierra 1500/Sierra 1500,Sierra 1500,Extended/Crew/Regular,5.8-8/6.6,无可用尺码,1999-2026/2007-2026,,/,Extended/Crew/Regular,5.8-8,1999-2026,,,fallback,原子事实对应多条候选记录
皮卡,高度压缩两两组合,GMC,Sierra 1500/Sierra 1500,Sierra 1500,Extended/Crew/Double,5.8-8/6.6,无可用尺码,1999-2026/2014-2026,,/,Extended/Crew/Double,5.8-8,1999-2026,,,success,
皮卡,高度压缩两两组合,GMC,Sierra 1500/Sierra 1500,Sierra 1500,Extended/Crew/Double/Regular,5.8-8/8,无可用尺码,1999-2026/1999-2026,,/,Extended/Crew/Double/Regular,5.8-8,1999-2026,,,fallback,原子事实对应多条候选记录
皮卡,高度压缩两两组合,GMC,Sierra 1500/Sierra 1500,Sierra 1500,Extended/Crew/Double/Regular,5.8-8/6.6,无可用尺码,1999-2026/2007-2026,,/,Extended/Crew/Double/Regular,5.8-8,1999-2026,,,fallback,原子事实对应多条候选记录
皮卡,高度压缩两两组合,GMC,Sierra 1500/Sierra 1500,Sierra 1500,Regular/Regular,8/6.6,无可用尺码,1999-2026/2007-2026,,/,Regular,6.6-8,1999-2026,,,success,
皮卡,高度压缩两两组合,GMC,Sierra 1500/Sierra 1500,Sierra 1500,Extended/Crew/Double/Regular,5.8-8/6.6-8,无可用尺码,1999-2026/1999-2026,,/,Extended/Crew/Double/Regular,5.8-8,1999-2026,,,success,
皮卡,高度压缩两两组合,GMC,Sierra 2500HD/3500HD/Sierra 2500HD/3500HD,Sierra 2500HD/3500HD,Crew/Crew,6.8/8,无可用尺码,2001-2026/2001-2026,,/,Crew,6.8-8,2001-2026,,,success,
皮卡,高度压缩两两组合,GMC,Sierra 2500HD/3500HD/Sierra 2500HD/3500HD,Sierra 2500HD/3500HD,Crew/Regular,6.8-8/8,无可用尺码,2001-2026/2001-2026,,/,Crew/Regular,6.8-8,2001-2026,,,success,
皮卡,高度压缩两两组合,GMC,Sierra 2500HD/3500HD/Sierra 2500HD/3500HD,Sierra 2500HD/3500HD,Crew/Regular/Crew,6.8-8/8,无可用尺码,2001-2026/2001-2026,,/DRW,Crew/Regular,6.8-8,2001-2026,,Incl: DRW,success,
皮卡,高度压缩两两组合,GMC,Sierra 2500HD/3500HD/Sierra 2500HD/3500HD,Sierra 2500HD/3500HD,Crew/Regular/Double,6.8-8/6.8,无可用尺码,2001-2026/2015-2026,,Incl: DRW/,Crew/Regular/Double,6.8-8,2001-2026,,Incl: DRW,fallback,原子事实对应多条候选记录
皮卡,高度压缩两两组合,GMC,Sierra 2500HD/3500HD/Sierra 2500HD/3500HD,Sierra 2500HD/3500HD,Crew/Regular/Double,6.8-8/8,无可用尺码,2001-2026/2015-2026,,Incl: DRW/,Crew/Regular/Double,6.8-8,2001-2026,,Incl: DRW,fallback,原子事实对应多条候选记录
皮卡,高度压缩两两组合,GMC,Sierra 2500HD/3500HD/Sierra 2500HD/3500HD,Sierra 2500HD/3500HD,Double/Double,6.8/8,无可用尺码,2015-2026/2015-2026,,/,Double,6.8-8,2015-2026,,,success,
皮卡,高度压缩两两组合,GMC,Sierra 2500HD/3500HD/Sierra 2500HD/3500HD,Sierra 2500HD/3500HD,Crew/Regular/Double,6.8-8/6.8-8,无可用尺码,2001-2026/2015-2026,,Incl: DRW/,Crew/Regular/Double,6.8-8,2001-2026,,Incl: DRW,success,
皮卡,高度压缩两两组合,Honda,Ridgeline/Ridgeline,Ridgeline,Crew/Crew,5/5.3,无可用尺码,2006-2014/2017-2026,,/,Crew,5-5.3,2006-2026,,,success,
皮卡,高度压缩两两组合,Hyundai,Santa Cruz/Santa Cruz,Santa Cruz,Crew/Crew,4.3/4.3,无可用尺码,2022-2026/2024-2026,,/XRT,Crew,4.3,2022-2026,,Incl: XRT,success,
皮卡,高度压缩两两组合,Jeep,Gladiator/Gladiator,Gladiator,Crew/Crew,5/5,无可用尺码,2020/2020-2026,,4dr JT Rubicon/4dr JT,Crew,5,2020-2026,,4dr JT/4dr JT Rubicon,fallback,原子事实对应多条候选记录
皮卡,高度压缩两两组合,Jeep,Gladiator/Gladiator,Gladiator,Crew/Crew,5/5,无可用尺码,2020/2021-2024,,4dr JT Rubicon/4dr JT Rubicon/Mojave,Crew,5,2020-2024,,4dr JT Rubicon/Mojave,success,
皮卡,高度压缩两两组合,Jeep,Gladiator/Gladiator,Gladiator,Crew/Crew,5/5,无可用尺码,2020-2024/2020-2026,,4dr JT Rubicon/Mojave/4dr JT,Crew,5,2020-2026,,4dr JT/4dr JT Rubicon/Mojave,fallback,原子事实对应多条候选记录
皮卡,高度压缩两两组合,Jeep,Gladiator/Gladiator,Gladiator,Crew/Crew,5/5,无可用尺码,2020-2024/2025-2026,,4dr JT Rubicon/Mojave/4dr JT Mojave,Crew,5,2020-2026,,4dr JT Mojave/4dr JT Rubicon/Mojave,fallback,原子事实对应多条候选记录
皮卡,高度压缩两两组合,Jeep,Gladiator/Gladiator,Gladiator,Crew/Crew,5/5,无可用尺码,2020-2024/2025-2026,,4dr JT Rubicon/Mojave/4dr JT Rubicon,Crew,5,2020-2026,,4dr JT Rubicon/Mojave,success,
皮卡,高度压缩两两组合,Jeep,Gladiator/Gladiator,Gladiator,Crew/Crew,5/5,无可用尺码,2020-2026/2020-2026,,4dr JT/4dr JT Rubicon/Mojave,Crew,5,2020-2026,,4dr JT/4dr JT Rubicon/Mojave,success,
皮卡,高度压缩两两组合,Jeep,Gladiator/Gladiator,Gladiator,Crew/Crew,5/5,无可用尺码,2020-2026/2025-2026,,4dr JT/4dr JT Rubicon/Mojave/4dr JT Mojave,Crew,5,2020-2026,,4dr JT/4dr JT Mojave/4dr JT Rubicon/Mojave,success,
皮卡,高度压缩两两组合,Nissan,Frontier/Frontier,Frontier,King/Regular,6/6,无可用尺码,1998-2000/1998-2001,,/,King/Regular,6,1998-2001,,,success,
皮卡,高度压缩两两组合,Nissan,Frontier/Frontier,Frontier,King/Regular/Crew,6/4.5,无可用尺码,1998-2001/2000-2001,,/,King/Regular/Crew,4.5-6,1998-2001,,,success,
皮卡,高度压缩两两组合,Nissan,Frontier/Frontier,Frontier,King/Regular/Crew/King,4.5-6/6,无可用尺码,1998-2001/2001,,/SC-V6,King/Regular/Crew,4.5-6,1998-2001,,Incl: SC-V6,success,
皮卡,高度压缩两两组合,Nissan,Frontier/Frontier,Frontier,King/Regular/Crew/Crew,4.5-6/6,无可用尺码,1998-2001/2002,,Incl: SC-V6/SC-V6,King/Regular/Crew,4.5-6,1998-2002,,Incl: SC-V6,fallback,原子事实对应多条候选记录
皮卡,高度压缩两两组合,Nissan,Frontier/Frontier,Frontier,King/Regular/Crew/Crew,4.5-6/4.5,无可用尺码,1998-2001/2002-2003,,Incl: SC-V6/SC-V6,King/Regular/Crew,4.5-6,1998-2003,,Incl: SC-V6,fallback,原子事实对应多条候选记录
皮卡,高度压缩两两组合,Nissan,Frontier/Frontier,Frontier,King/Regular/Crew/King,4.5-6/6,无可用尺码,1998-2001/2002-2026,,Incl: SC-V6/,King/Regular/Crew,4.5-6,1998-2026,,Incl: SC-V6,fallback,原子事实对应多条候选记录
皮卡,高度压缩两两组合,Nissan,Frontier/Frontier,Frontier,King/Regular/Crew/Crew,4.5-6/6,无可用尺码,1998-2001/2003-2026,,Incl: SC-V6/,King/Regular/Crew,4.5-6,1998-2026,,Incl: SC-V6,fallback,原子事实对应多条候选记录
皮卡,高度压缩两两组合,Nissan,Frontier/Frontier,Frontier,King/Regular/Crew/Crew,4.5-6/4.5,无可用尺码,1998-2001/2004,,Incl: SC-V6/,King/Regular/Crew,4.5-6,1998-2004,,Incl: SC-V6,fallback,原子事实对应多条候选记录
皮卡,高度压缩两两组合,Nissan,Frontier/Frontier,Frontier,King/Regular/Crew/Crew,4.5-6/5,无可用尺码,1998-2001/2005-2026,,Incl: SC-V6/,King/Regular/Crew,4.5-6,1998-2026,,Incl: SC-V6,fallback,原子事实对应多条候选记录
皮卡,高度压缩两两组合,Nissan,Frontier/Frontier,Frontier,Crew/Crew,6/4.5,无可用尺码,2002/2002-2003,,SC-V6/SC-V6,Crew,4.5-6,2002-2003,,SC-V6,success,
皮卡,高度压缩两两组合,Nissan,Frontier/Frontier,Frontier,King/Regular/Crew/Crew,4.5-6/4.5-6,无可用尺码,1998-2001/2002-2003,,Incl: SC-V6/SC-V6,King/Regular/Crew,4.5-6,1998-2003,,Incl: SC-V6,fallback,原子事实对应多条候选记录
皮卡,高度压缩两两组合,Nissan,Frontier/Frontier,Frontier,King/Regular/Crew/King,4.5-6/6,无可用尺码,1998-2001/2002-2026,,Incl: SC-V6/,King/Regular/Crew,4.5-6,1998-2026,,Incl: SC-V6,fallback,原子事实对应多条候选记录
皮卡,高度压缩两两组合,Nissan,Frontier/Frontier,Frontier,King/Regular/Crew/Crew,4.5-6/6,无可用尺码,1998-2001/2003-2026,,Incl: SC-V6/,King/Regular/Crew,4.5-6,1998-2026,,Incl: SC-V6,fallback,原子事实对应多条候选记录
皮卡,高度压缩两两组合,Nissan,Frontier/Frontier,Frontier,King/Regular/Crew/Crew,4.5-6/4.5,无可用尺码,1998-2001/2004,,Incl: SC-V6/,King/Regular/Crew,4.5-6,1998-2004,,Incl: SC-V6,fallback,原子事实对应多条候选记录
皮卡,高度压缩两两组合,Nissan,Frontier/Frontier,Frontier,King/Regular/Crew/Crew,4.5-6/5,无可用尺码,1998-2001/2005-2026,,Incl: SC-V6/,King/Regular/Crew,4.5-6,1998-2026,,Incl: SC-V6,fallback,原子事实对应多条候选记录
皮卡,高度压缩两两组合,Nissan,Frontier/Frontier,Frontier,Crew/King,4.5-6/6,无可用尺码,2002-2003/2002-2026,,SC-V6/,Crew/King,4.5-6,2002-2026,,Incl: SC-V6,fallback,原子事实对应多条候选记录
皮卡,高度压缩两两组合,Nissan,Frontier/Frontier,Frontier,Crew/Crew,4.5-6/6,无可用尺码,2002-2003/2003-2026,,SC-V6/,Crew,4.5-6,2002-2026,,Incl: SC-V6,fallback,原子事实对应多条候选记录
皮卡,高度压缩两两组合,Nissan,Frontier/Frontier,Frontier,Crew/Crew,4.5-6/4.5,无可用尺码,2002-2003/2004,,SC-V6/,Crew,4.5-6,2002-2004,,Incl: SC-V6,fallback,原子事实对应多条候选记录
皮卡,高度压缩两两组合,Nissan,Frontier/Frontier,Frontier,Crew/Crew,4.5-6/5,无可用尺码,2002-2003/2005-2026,,SC-V6/,Crew,4.5-6,2002-2026,,Incl: SC-V6,fallback,原子事实对应多条候选记录
皮卡,高度压缩两两组合,Nissan,Frontier/Frontier,Frontier,King/Crew,6/6,无可用尺码,2002-2026/2003-2026,,/,King/Crew,6,2002-2026,,,success,
皮卡,高度压缩两两组合,Nissan,Frontier/Frontier,Frontier,King/Regular/Crew/Crew,4.5-6/4.5-6,无可用尺码,1998-2001/2002-2003,,Incl: SC-V6/SC-V6,King/Regular/Crew,4.5-6,1998-2003,,Incl: SC-V6,fallback,原子事实对应多条候选记录
皮卡,高度压缩两两组合,Nissan,Frontier/Frontier,Frontier,King/Regular/Crew/King/Crew,4.5-6/6,无可用尺码,1998-2001/2002-2026,,Incl: SC-V6/,King/Regular/Crew,4.5-6,1998-2026,,Incl: SC-V6,fallback,原子事实对应多条候选记录
皮卡,高度压缩两两组合,Nissan,Frontier/Frontier,Frontier,King/Regular/Crew/Crew,4.5-6/4.5,无可用尺码,1998-2001/2004,,Incl: SC-V6/,King/Regular/Crew,4.5-6,1998-2004,,Incl: SC-V6,fallback,原子事实对应多条候选记录
皮卡,高度压缩两两组合,Nissan,Frontier/Frontier,Frontier,King/Regular/Crew/Crew,4.5-6/5,无可用尺码,1998-2001/2005-2026,,Incl: SC-V6/,King/Regular/Crew,4.5-6,1998-2026,,Incl: SC-V6,fallback,原子事实对应多条候选记录
皮卡,高度压缩两两组合,Nissan,Frontier/Frontier,Frontier,Crew/King/Crew,4.5-6/6,无可用尺码,2002-2003/2002-2026,,SC-V6/,Crew/King,4.5-6,2002-2026,,Incl: SC-V6,fallback,原子事实对应多条候选记录
皮卡,高度压缩两两组合,Nissan,Frontier/Frontier,Frontier,Crew/Crew,4.5-6/4.5,无可用尺码,2002-2003/2004,,SC-V6/,Crew,4.5-6,2002-2004,,Incl: SC-V6,fallback,原子事实对应多条候选记录
皮卡,高度压缩两两组合,Nissan,Frontier/Frontier,Frontier,Crew/Crew,4.5-6/5,无可用尺码,2002-2003/2005-2026,,SC-V6/,Crew,4.5-6,2002-2026,,Incl: SC-V6,fallback,原子事实对应多条候选记录
皮卡,高度压缩两两组合,Nissan,Frontier/Frontier,Frontier,King/Crew/Crew,6/4.5,无可用尺码,2002-2026/2004,,/,King/Crew,4.5-6,2002-2026,,,fallback,原子事实对应多条候选记录
皮卡,高度压缩两两组合,Nissan,Frontier/Frontier,Frontier,King/Crew/Crew,6/5,无可用尺码,2002-2026/2005-2026,,/,King/Crew,5-6,2002-2026,,,success,
皮卡,高度压缩两两组合,Nissan,Frontier/Frontier,Frontier,King/Regular/Crew/Crew,4.5-6/4.5-6,无可用尺码,1998-2001/2002-2003,,Incl: SC-V6/SC-V6,King/Regular/Crew,4.5-6,1998-2003,,Incl: SC-V6,fallback,原子事实对应多条候选记录
皮卡,高度压缩两两组合,Nissan,Frontier/Frontier,Frontier,King/Regular/Crew/King/Crew,4.5-6/5-6,无可用尺码,1998-2001/2002-2026,,Incl: SC-V6/,King/Regular/Crew,4.5-6,1998-2026,,Incl: SC-V6,fallback,原子事实对应多条候选记录
皮卡,高度压缩两两组合,Nissan,Frontier/Frontier,Frontier,King/Regular/Crew/Crew,4.5-6/4.5,无可用尺码,1998-2001/2004,,Incl: SC-V6/,King/Regular/Crew,4.5-6,1998-2004,,Incl: SC-V6,fallback,原子事实对应多条候选记录
皮卡,高度压缩两两组合,Nissan,Frontier/Frontier,Frontier,Crew/King/Crew,4.5-6/5-6,无可用尺码,2002-2003/2002-2026,,SC-V6/,Crew/King,4.5-6,2002-2026,,Incl: SC-V6,fallback,原子事实对应多条候选记录
皮卡,高度压缩两两组合,Nissan,Frontier/Frontier,Frontier,Crew/Crew,4.5-6/4.5,无可用尺码,2002-2003/2004,,SC-V6/,Crew,4.5-6,2002-2004,,Incl: SC-V6,fallback,原子事实对应多条候选记录
皮卡,高度压缩两两组合,Nissan,Frontier/Frontier,Frontier,King/Crew/Crew,5-6/4.5,无可用尺码,2002-2026/2004,,/,King/Crew,4.5-6,2002-2026,,,success,
皮卡,高度压缩两两组合,Nissan,Frontier/Frontier,Frontier,King/Regular/Crew/Crew,4.5-6/4.5-6,无可用尺码,1998-2001/2002-2003,,Incl: SC-V6/SC-V6,King/Regular/Crew,4.5-6,1998-2003,,Incl: SC-V6,fallback,原子事实对应多条候选记录
皮卡,高度压缩两两组合,Nissan,Frontier/Frontier,Frontier,King/Regular/Crew/King/Crew,4.5-6/4.5-6,无可用尺码,1998-2001/2002-2026,,Incl: SC-V6/,King/Regular/Crew,4.5-6,1998-2026,,Incl: SC-V6,fallback,原子事实对应多条候选记录
皮卡,高度压缩两两组合,Nissan,Frontier/Frontier,Frontier,Crew/King/Crew,4.5-6/4.5-6,无可用尺码,2002-2003/2002-2026,,SC-V6/,Crew/King,4.5-6,2002-2026,,Incl: SC-V6,success,
皮卡,高度压缩两两组合,Nissan,Frontier/Frontier,Frontier,King/Regular/Crew/Crew/King,4.5-6/4.5-6,无可用尺码,1998-2001/2002-2026,,Incl: SC-V6/Incl: SC-V6,King/Regular/Crew,4.5-6,1998-2026,,Incl: SC-V6,success,
皮卡,高度压缩两两组合,Ram,1500/1500,1500,Club/Quad,6.4/6.4,无可用尺码,1994-1998/1994-1998,,/,Club/Quad,6.4,1994-1998,,,success,
皮卡,高度压缩两两组合,Ram,1500/1500,1500,Club/Quad/Regular,6.4/6.4,无可用尺码,1994-1998/1994-2018,,/,Club/Quad/Regular,6.4,1994-2018,,,fallback,原子事实对应多条候选记录
皮卡,高度压缩两两组合,Ram,1500/1500,1500,Club/Quad/Regular,6.4/8,无可用尺码,1994-1998/1997-2001,,/,Club/Quad/Regular,6.4-8,1994-2001,,,fallback,原子事实对应多条候选记录
皮卡,高度压缩两两组合,Ram,1500/1500,1500,Club/Quad/Quad,6.4/6.4,无可用尺码,1994-1998/2002-2026,,/,Club/Quad,6.4,1994-2026,,,success,
皮卡,高度压缩两两组合,Ram,1500/1500,1500,Regular/Club/Quad,6.4/6.4,无可用尺码,1994-2018/1994-2026,,/,Regular/Club/Quad,6.4,1994-2026,,,success,
皮卡,高度压缩两两组合,Ram,1500/1500,1500,Regular/Club/Quad/Regular,6.4/8,无可用尺码,1994-2026/1997-2001,,/,Regular/Club/Quad,6.4-8,1994-2026,,,fallback,原子事实对应多条候选记录
皮卡,高度压缩两两组合,Ram,1500/1500,1500,Regular/Club/Quad/Regular,6.4/8,无可用尺码,1994-2026/2005-2007,,/,Regular/Club/Quad,6.4-8,1994-2026,,,fallback,原子事实对应多条候选记录
皮卡,高度压缩两两组合,Ram,1500/1500,1500,Regular/Club/Quad/Regular,6.4/8,无可用尺码,1994-2026/2009-2018,,/,Regular/Club/Quad,6.4-8,1994-2026,,,fallback,原子事实对应多条候选记录
皮卡,高度压缩两两组合,Ram,1500/1500,1500,Regular/Club/Quad/Crew,6.4/6.4,无可用尺码,1994-2026/2009-2026,,/,Regular/Club/Quad/Crew,6.4,1994-2026,,,success,
皮卡,高度压缩两两组合,Ram,1500/1500,1500,Regular/Club/Quad/Crew/Regular,6.4/8,无可用尺码,1994-2026/1997-2001,,/,Regular/Club/Quad/Crew,6.4-8,1994-2026,,,fallback,原子事实对应多条候选记录
皮卡,高度压缩两两组合,Ram,1500/1500,1500,Regular/Club/Quad/Crew/Regular,6.4/8,无可用尺码,1994-2026/2005-2007,,/,Regular/Club/Quad/Crew,6.4-8,1994-2026,,,fallback,原子事实对应多条候选记录
皮卡,高度压缩两两组合,Ram,1500/1500,1500,Regular/Club/Quad/Crew/Regular,6.4/8,无可用尺码,1994-2026/2009-2018,,/,Regular/Club/Quad/Crew,6.4-8,1994-2026,,,fallback,原子事实对应多条候选记录
皮卡,高度压缩两两组合,Ram,1500/1500,1500,Regular/Club/Quad/Crew/Crew,6.4/5.6,无可用尺码,1994-2026/2011-2012,,/,Regular/Club/Quad/Crew,5.6-6.4,1994-2026,,,fallback,原子事实对应多条候选记录
皮卡,高度压缩两两组合,Ram,1500/1500,1500,Regular/Club/Quad/Crew/Crew,6.4/5.6,无可用尺码,1994-2026/2014-2026,,/,Regular/Club/Quad/Crew,5.6-6.4,1994-2026,,,fallback,原子事实对应多条候选记录
皮卡,高度压缩两两组合,Ram,1500/1500,1500,Regular/Club/Quad/Crew/Crew,6.4/5.6,无可用尺码,1994-2026/2021-2024,,/TRX,Regular/Club/Quad/Crew,5.6-6.4,1994-2026,,Incl: TRX,fallback,原子事实对应多条候选记录
皮卡,高度压缩两两组合,Ram,1500/1500,1500,Regular/Club/Quad/Crew/Crew,6.4/5.6,无可用尺码,1994-2026/2025-2026,,/RHO,Regular/Club/Quad/Crew,5.6-6.4,1994-2026,,Incl: RHO,fallback,原子事实对应多条候选记录
皮卡,高度压缩两两组合,Ram,1500/1500,1500,Regular/Regular,8/8,无可用尺码,1997-2001/2005-2007,,/,Regular,8,1997-2007,,,success,
皮卡,高度压缩两两组合,Ram,1500/1500,1500,Regular/Club/Quad/Crew/Regular,6.4/8,无可用尺码,1994-2026/1997-2007,,/,Regular/Club/Quad/Crew,6.4-8,1994-2026,,,fallback,原子事实对应多条候选记录
皮卡,高度压缩两两组合,Ram,1500/1500,1500,Regular/Club/Quad/Crew/Regular,6.4/8,无可用尺码,1994-2026/2009-2018,,/,Regular/Club/Quad/Crew,6.4-8,1994-2026,,,fallback,原子事实对应多条候选记录
皮卡,高度压缩两两组合,Ram,1500/1500,1500,Regular/Club/Quad/Crew/Crew,6.4/5.6,无可用尺码,1994-2026/2011-2012,,/,Regular/Club/Quad/Crew,5.6-6.4,1994-2026,,,fallback,原子事实对应多条候选记录
皮卡,高度压缩两两组合,Ram,1500/1500,1500,Regular/Club/Quad/Crew/Crew,6.4/5.6,无可用尺码,1994-2026/2014-2026,,/,Regular/Club/Quad/Crew,5.6-6.4,1994-2026,,,fallback,原子事实对应多条候选记录
皮卡,高度压缩两两组合,Ram,1500/1500,1500,Regular/Club/Quad/Crew/Crew,6.4/5.6,无可用尺码,1994-2026/2021-2024,,/TRX,Regular/Club/Quad/Crew,5.6-6.4,1994-2026,,Incl: TRX,fallback,原子事实对应多条候选记录
皮卡,高度压缩两两组合,Ram,1500/1500,1500,Regular/Club/Quad/Crew/Crew,6.4/5.6,无可用尺码,1994-2026/2025-2026,,/RHO,Regular/Club/Quad/Crew,5.6-6.4,1994-2026,,Incl: RHO,fallback,原子事实对应多条候选记录
皮卡,高度压缩两两组合,Ram,1500/1500,1500,Regular/Regular,8/8,无可用尺码,1997-2007/2009-2018,,/,Regular,8,1997-2018,,,success,
皮卡,高度压缩两两组合,Ram,1500/1500,1500,Regular/Club/Quad/Crew/Regular,6.4/8,无可用尺码,1994-2026/1997-2018,,/,Regular/Club/Quad/Crew,6.4-8,1994-2026,,,success,
皮卡,高度压缩两两组合,Ram,1500/1500,1500,Regular/Club/Quad/Crew/Crew,6.4-8/5.6,无可用尺码,1994-2026/2011-2012,,/,Regular/Club/Quad/Crew,5.6-8,1994-2026,,,fallback,原子事实对应多条候选记录
皮卡,高度压缩两两组合,Ram,1500/1500,1500,Regular/Club/Quad/Crew/Crew,6.4-8/5.6,无可用尺码,1994-2026/2014-2026,,/,Regular/Club/Quad/Crew,5.6-8,1994-2026,,,fallback,原子事实对应多条候选记录
皮卡,高度压缩两两组合,Ram,1500/1500,1500,Regular/Club/Quad/Crew/Crew,6.4-8/5.6,无可用尺码,1994-2026/2021-2024,,/TRX,Regular/Club/Quad/Crew,5.6-8,1994-2026,,Incl: TRX,fallback,原子事实对应多条候选记录
皮卡,高度压缩两两组合,Ram,1500/1500,1500,Regular/Club/Quad/Crew/Crew,6.4-8/5.6,无可用尺码,1994-2026/2025-2026,,/RHO,Regular/Club/Quad/Crew,5.6-8,1994-2026,,Incl: RHO,fallback,原子事实对应多条候选记录
皮卡,高度压缩两两组合,Ram,1500/1500,1500,Crew/Crew,5.6/5.6,无可用尺码,2011-2012/2014-2026,,/,Crew,5.6,2011-2026,,,success,
皮卡,高度压缩两两组合,Ram,1500/1500,1500,Regular/Club/Quad/Crew/Crew,6.4-8/5.6,无可用尺码,1994-2026/2011-2026,,/,Regular/Club/Quad/Crew,5.6-8,1994-2026,,,success,
皮卡,高度压缩两两组合,Ram,1500/1500,1500,Regular/Club/Quad/Crew/Crew,5.6-8/5.6,无可用尺码,1994-2026/2021-2024,,/TRX,Regular/Club/Quad/Crew,5.6-8,1994-2026,,Incl: TRX,success,
皮卡,高度压缩两两组合,Ram,1500/1500,1500,Regular/Club/Quad/Crew/Crew,5.6-8/5.6,无可用尺码,1994-2026/2025-2026,,Incl: TRX/RHO,Regular/Club/Quad/Crew,5.6-8,1994-2026,,Incl: RHO/TRX,success,
皮卡,高度压缩两两组合,Ram,2500/3500/2500/3500,2500/3500,Quad/Crew,8/6.4,无可用尺码,1994-2009/1994-2026,,/,Quad/Crew,6.4-8,1994-2026,,,fallback,原子事实对应多条候选记录
皮卡,高度压缩两两组合,Ram,2500/3500/2500/3500,2500/3500,Quad/Regular,8/8,无可用尺码,1994-2009/1994-2026,,/,Quad/Regular,8,1994-2026,,,success,
皮卡,高度压缩两两组合,Ram,2500/3500/2500/3500,2500/3500,Crew/Quad/Regular,6.4/8,无可用尺码,1994-2026/1994-2026,,/,Crew/Quad/Regular,6.4-8,1994-2026,,,fallback,原子事实对应多条候选记录
皮卡,高度压缩两两组合,Ram,2500/3500/2500/3500,2500/3500,Crew/Mega,6.4/6.4,无可用尺码,1994-2026/2006-2026,,/,Crew/Mega,6.4,1994-2026,,,success,
皮卡,高度压缩两两组合,Ram,2500/3500/2500/3500,2500/3500,Crew/Mega/Quad/Regular,6.4/8,无可用尺码,1994-2026/1994-2026,,/,Crew/Mega/Quad/Regular,6.4-8,1994-2026,,,fallback,原子事实对应多条候选记录
皮卡,高度压缩两两组合,Ram,2500/3500/2500/3500,2500/3500,Crew/Mega/Crew,6.4/8,无可用尺码,1994-2026/2010-2026,,/,Crew/Mega,6.4-8,1994-2026,,,success,
皮卡,高度压缩两两组合,Ram,2500/3500/2500/3500,2500/3500,Crew/Mega/Quad/Regular,6.4-8/8,无可用尺码,1994-2026/1994-2026,,/,Crew/Mega/Quad/Regular,6.4-8,1994-2026,,,success,
皮卡,高度压缩两两组合,Rivian,R1T/R1T,R1T,Crew/Crew,4.5/4.5,无可用尺码,2022-2024/2025-2026,,Dual/Quad/Adventure/,Crew,4.5,2022-2026,,Incl: Adventure/Dual/Quad,success,
皮卡,高度压缩两两组合,Toyota,Tacoma/Tacoma,Tacoma,Regular/XtraCab,6/6,无可用尺码,1995-2004/1995-2004,,/,Regular/XtraCab,6,1995-2004,,,success,
皮卡,高度压缩两两组合,Toyota,Tacoma/Tacoma,Tacoma,Regular/XtraCab/Double,6/5,无可用尺码,1995-2004/2003-2006,,/,Regular/XtraCab/Double,5-6,1995-2006,,,fallback,原子事实对应多条候选记录
皮卡,高度压缩两两组合,Toyota,Tacoma/Tacoma,Tacoma,Regular/XtraCab/Access,6/6,无可用尺码,1995-2004/2005-2013,,/,Regular/XtraCab/Access,6,1995-2013,,,success,
皮卡,高度压缩两两组合,Toyota,Tacoma/Tacoma,Tacoma,Regular/XtraCab/Access/Double,6/5,无可用尺码,1995-2013/2003-2006,,/,Regular/XtraCab/Access/Double,5-6,1995-2013,,,fallback,原子事实对应多条候选记录
皮卡,高度压缩两两组合,Toyota,Tacoma/Tacoma,Tacoma,Regular/XtraCab/Access/Double,6/6,无可用尺码,1995-2013/2005-2026,,/,Regular/XtraCab/Access/Double,6,1995-2026,,,fallback,原子事实对应多条候选记录
皮卡,高度压缩两两组合,Toyota,Tacoma/Tacoma,Tacoma,Regular/XtraCab/Access/Double,6/5,无可用尺码,1995-2013/2014-2026,,/,Regular/XtraCab/Access/Double,5-6,1995-2026,,,fallback,原子事实对应多条候选记录
皮卡,高度压缩两两组合,Toyota,Tacoma/Tacoma,Tacoma,Regular/XtraCab/Access/Access,6/6,无可用尺码,1995-2013/2016-2023,,/,Regular/XtraCab/Access,6,1995-2023,,,success,
皮卡,高度压缩两两组合,Toyota,Tacoma/Tacoma,Tacoma,Regular/XtraCab/Access/Double,6/5,无可用尺码,1995-2023/2003-2006,,/,Regular/XtraCab/Access/Double,5-6,1995-2023,,,fallback,原子事实对应多条候选记录
皮卡,高度压缩两两组合,Toyota,Tacoma/Tacoma,Tacoma,Regular/XtraCab/Access/Double,6/6,无可用尺码,1995-2023/2005-2026,,/,Regular/XtraCab/Access/Double,6,1995-2026,,,fallback,原子事实对应多条候选记录
皮卡,高度压缩两两组合,Toyota,Tacoma/Tacoma,Tacoma,Regular/XtraCab/Access/Double,6/5,无可用尺码,1995-2023/2014-2026,,/,Regular/XtraCab/Access/Double,5-6,1995-2026,,,fallback,原子事实对应多条候选记录
皮卡,高度压缩两两组合,Toyota,Tacoma/Tacoma,Tacoma,Regular/XtraCab/Access/Double,6/5,无可用尺码,1995-2023/2017-2023,,/TRD Pro,Regular/XtraCab/Access/Double,5-6,1995-2023,,Incl: TRD Pro,fallback,原子事实对应多条候选记录
皮卡,高度压缩两两组合,Toyota,Tacoma/Tacoma,Tacoma,Regular/XtraCab/Access/XtraCab,6/6,无可用尺码,1995-2023/2024-2026,,/,Regular/XtraCab/Access,6,1995-2026,,,success,
皮卡,高度压缩两两组合,Toyota,Tacoma/Tacoma,Tacoma,Regular/XtraCab/Access/Double,6/5,无可用尺码,1995-2026/2003-2006,,/,Regular/XtraCab/Access/Double,5-6,1995-2026,,,fallback,原子事实对应多条候选记录
皮卡,高度压缩两两组合,Toyota,Tacoma/Tacoma,Tacoma,Regular/XtraCab/Access/Double,6/6,无可用尺码,1995-2026/2005-2026,,/,Regular/XtraCab/Access/Double,6,1995-2026,,,success,
皮卡,高度压缩两两组合,Toyota,Tacoma/Tacoma,Tacoma,Regular/XtraCab/Access/Double/Double,6/5,无可用尺码,1995-2026/2003-2006,,/,Regular/XtraCab/Access/Double,5-6,1995-2026,,,fallback,原子事实对应多条候选记录
皮卡,高度压缩两两组合,Toyota,Tacoma/Tacoma,Tacoma,Regular/XtraCab/Access/Double/Double,6/5,无可用尺码,1995-2026/2014-2026,,/,Regular/XtraCab/Access/Double,5-6,1995-2026,,,fallback,原子事实对应多条候选记录
皮卡,高度压缩两两组合,Toyota,Tacoma/Tacoma,Tacoma,Regular/XtraCab/Access/Double/Double,6/5,无可用尺码,1995-2026/2017-2023,,/TRD Pro,Regular/XtraCab/Access/Double,5-6,1995-2026,,Incl: TRD Pro,fallback,原子事实对应多条候选记录
皮卡,高度压缩两两组合,Toyota,Tacoma/Tacoma,Tacoma,Regular/XtraCab/Access/Double/Double,6/5,无可用尺码,1995-2026/2024-2026,,/TRD Pro/Trailhunter,Regular/XtraCab/Access/Double,5-6,1995-2026,,Incl: Trailhunter/TRD Pro,fallback,原子事实对应多条候选记录
皮卡,高度压缩两两组合,Toyota,Tacoma/Tacoma,Tacoma,Double/Double,5/5,无可用尺码,2003-2006/2014-2026,,/,Double,5,2003-2026,,,success,
皮卡,高度压缩两两组合,Toyota,Tacoma/Tacoma,Tacoma,Regular/XtraCab/Access/Double/Double,6/5,无可用尺码,1995-2026/2003-2026,,/,Regular/XtraCab/Access/Double,5-6,1995-2026,,,success,
皮卡,高度压缩两两组合,Toyota,Tacoma/Tacoma,Tacoma,Regular/XtraCab/Access/Double/Double,5-6/5,无可用尺码,1995-2026/2017-2023,,/TRD Pro,Regular/XtraCab/Access/Double,5-6,1995-2026,,Incl: TRD Pro,fallback,原子事实对应多条候选记录
皮卡,高度压缩两两组合,Toyota,Tacoma/Tacoma,Tacoma,Regular/XtraCab/Access/Double/Double,5-6/5,无可用尺码,1995-2026/2024-2026,,/TRD Pro/Trailhunter,Regular/XtraCab/Access/Double,5-6,1995-2026,,Incl: Trailhunter/TRD Pro,fallback,原子事实对应多条候选记录
皮卡,高度压缩两两组合,Toyota,Tacoma/Tacoma,Tacoma,Double/Double,5/5,无可用尺码,2017-2023/2024-2026,,TRD Pro/TRD Pro/Trailhunter,Double,5,2017-2026,,Trailhunter/TRD Pro,success,
皮卡,高度压缩两两组合,Toyota,Tacoma/Tacoma,Tacoma,Regular/XtraCab/Access/Double/Double,5-6/5,无可用尺码,1995-2026/2017-2026,,/Trailhunter/TRD Pro,Regular/XtraCab/Access/Double,5-6,1995-2026,,Incl: Trailhunter/TRD Pro,success,
皮卡,高度压缩两两组合,Toyota,Tundra/Tundra,Tundra,Access/Regular,6.5/8,无可用尺码,2000-2005/2000-2006,,/,Access/Regular,6.5-8,2000-2006,,,fallback,原子事实对应多条候选记录
皮卡,高度压缩两两组合,Toyota,Tundra/Tundra,Tundra,Access/Regular,6.5/6.5,无可用尺码,2000-2005/2000-2017,,/,Access/Regular,6.5,2000-2017,,,success,
皮卡,高度压缩两两组合,Toyota,Tundra/Tundra,Tundra,Regular/Access/Regular,8/6.5,无可用尺码,2000-2006/2000-2017,,/,Regular/Access,6.5-8,2000-2017,,,success,
皮卡,高度压缩两两组合,Toyota,Tundra/Tundra,Tundra,Regular/Access/Double,6.5-8/6.5,无可用尺码,2000-2017/2004-2006,,/,Regular/Access/Double,6.5-8,2000-2017,,,fallback,原子事实对应多条候选记录
皮卡,高度压缩两两组合,Toyota,Tundra/Tundra,Tundra,Regular/Access/Regular,6.5-8/8.1,无可用尺码,2000-2017/2007-2017,,/,Regular/Access,6.5-8.1,2000-2017,,,success,
皮卡,高度压缩两两组合,Toyota,Tundra/Tundra,Tundra,Regular/Access/Double,6.5-8.1/6.5,无可用尺码,2000-2017/2004-2006,,/,Regular/Access/Double,6.5-8.1,2000-2017,,,fallback,原子事实对应多条候选记录
皮卡,高度压缩两两组合,Toyota,Tundra/Tundra,Tundra,Regular/Access/CrewMax,6.5-8.1/5.5,无可用尺码,2000-2017/2007-2026,,/,Regular/Access/CrewMax,5.5-8.1,2000-2026,,,success,
皮卡,高度压缩两两组合,Toyota,Tundra/Tundra,Tundra,Regular/Access/CrewMax/Double,5.5-8.1/6.5,无可用尺码,2000-2026/2004-2006,,/,Regular/Access/CrewMax/Double,5.5-8.1,2000-2026,,,fallback,原子事实对应多条候选记录
皮卡,高度压缩两两组合,Toyota,Tundra/Tundra,Tundra,Regular/Access/CrewMax/Double,5.5-8.1/8.1,无可用尺码,2000-2026/2007-2026,,/,Regular/Access/CrewMax/Double,5.5-8.1,2000-2026,,,fallback,原子事实对应多条候选记录
皮卡,高度压缩两两组合,Toyota,Tundra/Tundra,Tundra,Regular/Access/CrewMax/Double,5.5-8.1/6.5,无可用尺码,2000-2026/2008-2020,,/,Regular/Access/CrewMax/Double,5.5-8.1,2000-2026,,,fallback,原子事实对应多条候选记录
皮卡,高度压缩两两组合,Toyota,Tundra/Tundra,Tundra,Regular/Access/CrewMax/Double,5.5-8.1/6.5,无可用尺码,2000-2026/2022-2026,,/,Regular/Access/CrewMax/Double,5.5-8.1,2000-2026,,,fallback,原子事实对应多条候选记录
皮卡,高度压缩两两组合,Toyota,Tundra/Tundra,Tundra,Double/Double,6.5/8.1,无可用尺码,2004-2006/2007-2026,,/,Double,6.5-8.1,2004-2026,,,fallback,原子事实对应多条候选记录
皮卡,高度压缩两两组合,Toyota,Tundra/Tundra,Tundra,Double/Double,6.5/6.5,无可用尺码,2004-2006/2008-2020,,/,Double,6.5,2004-2020,,,success,
皮卡,高度压缩两两组合,Toyota,Tundra/Tundra,Tundra,Regular/Access/CrewMax/Double,5.5-8.1/6.5,无可用尺码,2000-2026/2004-2020,,/,Regular/Access/CrewMax/Double,5.5-8.1,2000-2026,,,fallback,原子事实对应多条候选记录
皮卡,高度压缩两两组合,Toyota,Tundra/Tundra,Tundra,Regular/Access/CrewMax/Double,5.5-8.1/8.1,无可用尺码,2000-2026/2007-2026,,/,Regular/Access/CrewMax/Double,5.5-8.1,2000-2026,,,fallback,原子事实对应多条候选记录
皮卡,高度压缩两两组合,Toyota,Tundra/Tundra,Tundra,Regular/Access/CrewMax/Double,5.5-8.1/6.5,无可用尺码,2000-2026/2022-2026,,/,Regular/Access/CrewMax/Double,5.5-8.1,2000-2026,,,fallback,原子事实对应多条候选记录
皮卡,高度压缩两两组合,Toyota,Tundra/Tundra,Tundra,Double/Double,6.5/8.1,无可用尺码,2004-2020/2007-2026,,/,Double,6.5-8.1,2004-2026,,,fallback,原子事实对应多条候选记录
皮卡,高度压缩两两组合,Toyota,Tundra/Tundra,Tundra,Double/Double,6.5/6.5,无可用尺码,2004-2020/2022-2026,,/,Double,6.5,2004-2026,,,success,
皮卡,高度压缩两两组合,Toyota,Tundra/Tundra,Tundra,Regular/Access/CrewMax/Double,5.5-8.1/6.5,无可用尺码,2000-2026/2004-2026,,/,Regular/Access/CrewMax/Double,5.5-8.1,2000-2026,,,fallback,原子事实对应多条候选记录
皮卡,高度压缩两两组合,Toyota,Tundra/Tundra,Tundra,Regular/Access/CrewMax/Double,5.5-8.1/8.1,无可用尺码,2000-2026/2007-2026,,/,Regular/Access/CrewMax/Double,5.5-8.1,2000-2026,,,fallback,原子事实对应多条候选记录
皮卡,高度压缩两两组合,Toyota,Tundra/Tundra,Tundra,Double/Double,6.5/8.1,无可用尺码,2004-2026/2007-2026,,/,Double,6.5-8.1,2004-2026,,,success,
皮卡,高度压缩两两组合,Toyota,Tundra/Tundra,Tundra,Regular/Access/CrewMax/Double,5.5-8.1/6.5-8.1,无可用尺码,2000-2026/2004-2026,,/,Regular/Access/CrewMax/Double,5.5-8.1,2000-2026,,,success,
