原子行号	压缩命中数	检查结果	压缩行号	命中尺码	压缩类型	MAKE	MODEL	YEAR	VERSION	CONST	CAB	BED_FT	BACKSIZE	命中压缩行
2	1	OK	2	3XXXL-0	非皮卡	Acura	Legend	1991		Sedan			3XXXL-0	2: Acura Legend 1991-1995  Sedan   3XXXL-0
3	1	OK	2	3XXXL-0	非皮卡	Acura	Legend	1992		Sedan			3XXXL-0	2: Acura Legend 1991-1995  Sedan   3XXXL-0
4	1	OK	2	3XXXL-0	非皮卡	Acura	Legend	1993		Sedan			3XXXL-0	2: Acura Legend 1991-1995  Sedan   3XXXL-0
5	1	OK	2	3XXXL-0	非皮卡	Acura	Legend	1994		Sedan			3XXXL-0	2: Acura Legend 1991-1995  Sedan   3XXXL-0
6	1	OK	2	3XXXL-0	非皮卡	Acura	Legend	1995		Sedan			3XXXL-0	2: Acura Legend 1991-1995  Sedan   3XXXL-0
7	1	OK	3	3XXXL-0	非皮卡	Acura	RL	1996		Sedan			3XXXL-0	3: Acura RL 1996-2004  Sedan   3XXXL-0
8	1	OK	3	3XXXL-0	非皮卡	Acura	RL	1997		Sedan			3XXXL-0	3: Acura RL 1996-2004  Sedan   3XXXL-0
9	1	OK	3	3XXXL-0	非皮卡	Acura	RL	1998		Sedan			3XXXL-0	3: Acura RL 1996-2004  Sedan   3XXXL-0
10	1	OK	3	3XXXL-0	非皮卡	Acura	RL	1999		Sedan			3XXXL-0	3: Acura RL 1996-2004  Sedan   3XXXL-0
11	1	OK	3	3XXXL-0	非皮卡	Acura	RL	2000		Sedan			3XXXL-0	3: Acura RL 1996-2004  Sedan   3XXXL-0
12	1	OK	3	3XXXL-0	非皮卡	Acura	RL	2001		Sedan			3XXXL-0	3: Acura RL 1996-2004  Sedan   3XXXL-0
13	1	OK	3	3XXXL-0	非皮卡	Acura	RL	2002		Sedan			3XXXL-0	3: Acura RL 1996-2004  Sedan   3XXXL-0
14	1	OK	3	3XXXL-0	非皮卡	Acura	RL	2003		Sedan			3XXXL-0	3: Acura RL 1996-2004  Sedan   3XXXL-0
15	1	OK	3	3XXXL-0	非皮卡	Acura	RL	2004		Sedan			3XXXL-0	3: Acura RL 1996-2004  Sedan   3XXXL-0
16	1	OK	4	3XXXL-0	非皮卡	Acura	RLX	2014		Sedan			3XXXL-0	4: Acura RLX 2014-2020  Sedan   3XXXL-0
17	1	OK	4	3XXXL-0	非皮卡	Acura	RLX	2015		Sedan			3XXXL-0	4: Acura RLX 2014-2020  Sedan   3XXXL-0
18	1	OK	4	3XXXL-0	非皮卡	Acura	RLX	2016		Sedan			3XXXL-0	4: Acura RLX 2014-2020  Sedan   3XXXL-0
19	1	OK	4	3XXXL-0	非皮卡	Acura	RLX	2017		Sedan			3XXXL-0	4: Acura RLX 2014-2020  Sedan   3XXXL-0
20	1	OK	4	3XXXL-0	非皮卡	Acura	RLX	2018		Sedan			3XXXL-0	4: Acura RLX 2014-2020  Sedan   3XXXL-0
21	1	OK	4	3XXXL-0	非皮卡	Acura	RLX	2019		Sedan			3XXXL-0	4: Acura RLX 2014-2020  Sedan   3XXXL-0
22	1	OK	4	3XXXL-0	非皮卡	Acura	RLX	2020		Sedan			3XXXL-0	4: Acura RLX 2014-2020  Sedan   3XXXL-0
23	1	OK	5	3XXXL-0	非皮卡	Acura	TL	1999	Type-S	Sedan			3XXXL-0	5: Acura TL 1999-2014 SH-AWD/Type-S Sedan   3XXXL-0
24	1	OK	5	3XXXL-0	非皮卡	Acura	TL	2000	Type-S	Sedan			3XXXL-0	5: Acura TL 1999-2014 SH-AWD/Type-S Sedan   3XXXL-0
25	1	OK	5	3XXXL-0	非皮卡	Acura	TL	2001	Type-S	Sedan			3XXXL-0	5: Acura TL 1999-2014 SH-AWD/Type-S Sedan   3XXXL-0
26	1	OK	5	3XXXL-0	非皮卡	Acura	TL	2002	Type-S	Sedan			3XXXL-0	5: Acura TL 1999-2014 SH-AWD/Type-S Sedan   3XXXL-0
27	1	OK	5	3XXXL-0	非皮卡	Acura	TL	2003	Type-S	Sedan			3XXXL-0	5: Acura TL 1999-2014 SH-AWD/Type-S Sedan   3XXXL-0
28	1	OK	5	3XXXL-0	非皮卡	Acura	TL	2009	SH-AWD	Sedan			3XXXL-0	5: Acura TL 1999-2014 SH-AWD/Type-S Sedan   3XXXL-0
29	1	OK	5	3XXXL-0	非皮卡	Acura	TL	2010	SH-AWD	Sedan			3XXXL-0	5: Acura TL 1999-2014 SH-AWD/Type-S Sedan   3XXXL-0
30	1	OK	5	3XXXL-0	非皮卡	Acura	TL	2011	SH-AWD	Sedan			3XXXL-0	5: Acura TL 1999-2014 SH-AWD/Type-S Sedan   3XXXL-0
31	1	OK	5	3XXXL-0	非皮卡	Acura	TL	2012	SH-AWD	Sedan			3XXXL-0	5: Acura TL 1999-2014 SH-AWD/Type-S Sedan   3XXXL-0
32	1	OK	5	3XXXL-0	非皮卡	Acura	TL	2013	SH-AWD	Sedan			3XXXL-0	5: Acura TL 1999-2014 SH-AWD/Type-S Sedan   3XXXL-0
33	1	OK	5	3XXXL-0	非皮卡	Acura	TL	2014	SH-AWD	Sedan			3XXXL-0	5: Acura TL 1999-2014 SH-AWD/Type-S Sedan   3XXXL-0
34	1	OK	6	3XXXL-0	非皮卡	Acura	TLX	2021	Type S	Sedan			3XXXL-0	6: Acura TLX 2021-2025 Type S Sedan   3XXXL-0
35	1	OK	6	3XXXL-0	非皮卡	Acura	TLX	2022	Type S	Sedan			3XXXL-0	6: Acura TLX 2021-2025 Type S Sedan   3XXXL-0
36	1	OK	6	3XXXL-0	非皮卡	Acura	TLX	2023	Type S	Sedan			3XXXL-0	6: Acura TLX 2021-2025 Type S Sedan   3XXXL-0
37	1	OK	6	3XXXL-0	非皮卡	Acura	TLX	2024	Type S	Sedan			3XXXL-0	6: Acura TLX 2021-2025 Type S Sedan   3XXXL-0
38	1	OK	6	3XXXL-0	非皮卡	Acura	TLX	2025	Type S	Sedan			3XXXL-0	6: Acura TLX 2021-2025 Type S Sedan   3XXXL-0
39	2	MULTI	7/9	3XXXL-0	非皮卡	Audi	A6	1998		Sedan			3XXXL-0	7: Audi A6 1998-2026  Sedan   3XXXL-0 || 9: Audi A6/S6 1995-2025  Sedan   3XXXL-0
40	2	MULTI	7/9	3XXXL-0	非皮卡	Audi	A6	1999		Sedan			3XXXL-0	7: Audi A6 1998-2026  Sedan   3XXXL-0 || 9: Audi A6/S6 1995-2025  Sedan   3XXXL-0
41	2	MULTI	7/9	3XXXL-0	非皮卡	Audi	A6	2000		Sedan			3XXXL-0	7: Audi A6 1998-2026  Sedan   3XXXL-0 || 9: Audi A6/S6 1995-2025  Sedan   3XXXL-0
42	1	OK	7	3XXXL-0	非皮卡	Audi	A6	2026		Sedan			3XXXL-0	7: Audi A6 1998-2026  Sedan   3XXXL-0
43	0	MISS			非皮卡	Audi	A6 e-tron/S6 e-tron	2025		Liftback			3XXXL-0	
44	0	MISS			非皮卡	Audi	A6/S6	1995		Sedan			3XXXL-0	
45	0	MISS			非皮卡	Audi	A6/S6	1996		Sedan			3XXXL-0	
46	0	MISS			非皮卡	Audi	A6/S6	1997		Sedan			3XXXL-0	
47	0	MISS			非皮卡	Audi	A6/S6	2005		Sedan			3XXXL-0	
48	0	MISS			非皮卡	Audi	A6/S6	2006		Sedan			3XXXL-0	
49	0	MISS			非皮卡	Audi	A6/S6	2007		Sedan			3XXXL-0	
50	0	MISS			非皮卡	Audi	A6/S6	2008		Sedan			3XXXL-0	
51	0	MISS			非皮卡	Audi	A6/S6	2009		Sedan			3XXXL-0	
52	0	MISS			非皮卡	Audi	A6/S6	2010		Sedan			3XXXL-0	
53	0	MISS			非皮卡	Audi	A6/S6	2011		Sedan			3XXXL-0	
54	0	MISS			非皮卡	Audi	A6/S6	2012		Sedan			3XXXL-0	
55	0	MISS			非皮卡	Audi	A6/S6	2013		Sedan			3XXXL-0	
56	0	MISS			非皮卡	Audi	A6/S6	2014		Sedan			3XXXL-0	
57	0	MISS			非皮卡	Audi	A6/S6	2015		Sedan			3XXXL-0	
58	0	MISS			非皮卡	Audi	A6/S6	2016		Sedan			3XXXL-0	
59	0	MISS			非皮卡	Audi	A6/S6	2017		Sedan			3XXXL-0	
60	0	MISS			非皮卡	Audi	A6/S6	2018		Sedan			3XXXL-0	
61	0	MISS			非皮卡	Audi	A6/S6	2019		Sedan			3XXXL-0	
62	0	MISS			非皮卡	Audi	A6/S6	2020		Sedan			3XXXL-0	
63	0	MISS			非皮卡	Audi	A6/S6	2021		Sedan			3XXXL-0	
64	0	MISS			非皮卡	Audi	A6/S6	2022		Sedan			3XXXL-0	
65	0	MISS			非皮卡	Audi	A6/S6	2023		Sedan			3XXXL-0	
66	0	MISS			非皮卡	Audi	A6/S6	2024		Sedan			3XXXL-0	
67	0	MISS			非皮卡	Audi	A6/S6	2025		Sedan			3XXXL-0	
68	0	MISS			非皮卡	Audi	A6/S6/RS6	2001		Sedan			3XXXL-0	
69	0	MISS			非皮卡	Audi	A6/S6/RS6	2002		Sedan			3XXXL-0	
70	0	MISS			非皮卡	Audi	A6/S6/RS6	2003		Sedan			3XXXL-0	
71	0	MISS			非皮卡	Audi	A6/S6/RS6	2004		Sedan			3XXXL-0	
72	0	MISS			非皮卡	Audi	A7/S7/RS7	2012		Liftback			3XXXL-0	
73	0	MISS			非皮卡	Audi	A7/S7/RS7	2013		Liftback			3XXXL-0	
74	0	MISS			非皮卡	Audi	A7/S7/RS7	2014		Liftback			3XXXL-0	
75	0	MISS			非皮卡	Audi	A7/S7/RS7	2015		Liftback			3XXXL-0	
76	0	MISS			非皮卡	Audi	A7/S7/RS7	2016		Liftback			3XXXL-0	
77	0	MISS			非皮卡	Audi	A7/S7/RS7	2017		Liftback			3XXXL-0	
78	0	MISS			非皮卡	Audi	A7/S7/RS7	2018		Liftback			3XXXL-0	
79	0	MISS			非皮卡	Audi	A7/S7/RS7	2019		Liftback			3XXXL-0	
80	0	MISS			非皮卡	Audi	A7/S7/RS7	2020		Liftback			3XXXL-0	
81	0	MISS			非皮卡	Audi	A7/S7/RS7	2021		Liftback			3XXXL-0	
82	0	MISS			非皮卡	Audi	A7/S7/RS7	2022		Liftback			3XXXL-0	
83	0	MISS			非皮卡	Audi	A7/S7/RS7	2023		Liftback			3XXXL-0	
84	0	MISS			非皮卡	Audi	A7/S7/RS7	2024		Liftback			3XXXL-0	
85	0	MISS			非皮卡	Audi	A7/S7/RS7	2025		Liftback			3XXXL-0	
86	0	MISS			非皮卡	Audi	A8/S8	1997		Sedan			3XXXL-0	
87	0	MISS			非皮卡	Audi	A8/S8	1998		Sedan			3XXXL-0	
88	0	MISS			非皮卡	Audi	A8/S8	1999		Sedan			3XXXL-0	
89	0	MISS			非皮卡	Audi	A8/S8	2000		Sedan			3XXXL-0	
90	0	MISS			非皮卡	Audi	A8/S8	2000	LWB	Sedan			3XXXL-0	
91	0	MISS			非皮卡	Audi	A8/S8	2001		Sedan			3XXXL-0	
92	0	MISS			非皮卡	Audi	A8/S8	2001	LWB	Sedan			3XXXL-0	
93	0	MISS			非皮卡	Audi	A8/S8	2002		Sedan			3XXXL-0	
94	0	MISS			非皮卡	Audi	A8/S8	2002	LWB	Sedan			3XXXL-0	
95	0	MISS			非皮卡	Audi	A8/S8	2003		Sedan			3XXXL-0	
96	0	MISS			非皮卡	Audi	A8/S8	2003	LWB	Sedan			3XXXL-0	
97	0	MISS			非皮卡	Audi	A8/S8	2004		Sedan			3XXXL-0	
98	0	MISS			非皮卡	Audi	A8/S8	2004	LWB	Sedan			3XXXL-0	
99	0	MISS			非皮卡	Audi	A8/S8	2005		Sedan			3XXXL-0	
100	0	MISS			非皮卡	Audi	A8/S8	2005	LWB	Sedan			3XXXL-0	
101	0	MISS			非皮卡	Audi	A8/S8	2006		Sedan			3XXXL-0	
102	0	MISS			非皮卡	Audi	A8/S8	2006	LWB	Sedan			3XXXL-0	
103	0	MISS			非皮卡	Audi	A8/S8	2007		Sedan			3XXXL-0	
104	0	MISS			非皮卡	Audi	A8/S8	2007	LWB	Sedan			3XXXL-0	
105	0	MISS			非皮卡	Audi	A8/S8	2008		Sedan			3XXXL-0	
106	0	MISS			非皮卡	Audi	A8/S8	2008	LWB	Sedan			3XXXL-0	
107	0	MISS			非皮卡	Audi	A8/S8	2009		Sedan			3XXXL-0	
108	0	MISS			非皮卡	Audi	A8/S8	2009	LWB	Sedan			3XXXL-0	
109	0	MISS			非皮卡	Audi	A8/S8	2010		Sedan			3XXXL-0	
110	0	MISS			非皮卡	Audi	A8/S8	2010	LWB	Sedan			3XXXL-0	
111	0	MISS			非皮卡	Audi	A8/S8	2011		Sedan			3XXXL-0	
112	0	MISS			非皮卡	Audi	A8/S8	2011	LWB	Sedan			3XXXL-0	
113	0	MISS			非皮卡	Audi	A8/S8	2012		Sedan			3XXXL-0	
114	0	MISS			非皮卡	Audi	A8/S8	2012	LWB	Sedan			3XXXL-0	
115	0	MISS			非皮卡	Audi	A8/S8	2013		Sedan			3XXXL-0	
116	0	MISS			非皮卡	Audi	A8/S8	2013	LWB	Sedan			3XXXL-0	
117	0	MISS			非皮卡	Audi	A8/S8	2014		Sedan			3XXXL-0	
118	0	MISS			非皮卡	Audi	A8/S8	2014	LWB	Sedan			3XXXL-0	
119	0	MISS			非皮卡	Audi	A8/S8	2015		Sedan			3XXXL-0	
120	0	MISS			非皮卡	Audi	A8/S8	2015	LWB	Sedan			3XXXL-0	
121	0	MISS			非皮卡	Audi	A8/S8	2016		Sedan			3XXXL-0	
122	0	MISS			非皮卡	Audi	A8/S8	2016	LWB	Sedan			3XXXL-0	
123	0	MISS			非皮卡	Audi	A8/S8	2017		Sedan			3XXXL-0	
124	0	MISS			非皮卡	Audi	A8/S8	2017	LWB	Sedan			3XXXL-0	
125	0	MISS			非皮卡	Audi	A8/S8	2018		Sedan			3XXXL-0	
126	0	MISS			非皮卡	Audi	A8/S8	2018	LWB	Sedan			3XXXL-0	
127	0	MISS			非皮卡	Audi	A8/S8	2019		Sedan			3XXXL-0	
128	0	MISS			非皮卡	Audi	A8/S8	2019	LWB	Sedan			3XXXL-0	
129	0	MISS			非皮卡	Audi	A8/S8	2020		Sedan			3XXXL-0	
130	0	MISS			非皮卡	Audi	A8/S8	2020	LWB	Sedan			3XXXL-0	
131	0	MISS			非皮卡	Audi	A8/S8	2021		Sedan			3XXXL-0	
132	0	MISS			非皮卡	Audi	A8/S8	2021	LWB	Sedan			3XXXL-0	
133	0	MISS			非皮卡	Audi	A8/S8	2022		Sedan			3XXXL-0	
134	0	MISS			非皮卡	Audi	A8/S8	2022	LWB	Sedan			3XXXL-0	
135	0	MISS			非皮卡	Audi	A8/S8	2023		Sedan			3XXXL-0	
136	0	MISS			非皮卡	Audi	A8/S8	2023	LWB	Sedan			3XXXL-0	
137	0	MISS			非皮卡	Audi	A8/S8	2024		Sedan			3XXXL-0	
138	0	MISS			非皮卡	Audi	A8/S8	2024	LWB	Sedan			3XXXL-0	
139	0	MISS			非皮卡	Audi	A8/S8	2025		Sedan			3XXXL-0	
140	0	MISS			非皮卡	Audi	A8/S8	2025	LWB	Sedan			3XXXL-0	
141	0	MISS			非皮卡	Audi	A8/S8	2026		Sedan			3XXXL-0	
142	0	MISS			非皮卡	Audi	A8/S8	2026	LWB	Sedan			3XXXL-0	
143	1	OK	13	3XXXL-0	非皮卡	Audi	RS7	2026		Liftback			3XXXL-0	13: Audi RS7 2026  Liftback   3XXXL-0
144	0	MISS			非皮卡	Audi	e-tron GT/RS e-tron GT	2022		Sedan			3XXXL-0	
145	0	MISS			非皮卡	Audi	e-tron GT/RS e-tron GT	2023		Sedan			3XXXL-0	
146	0	MISS			非皮卡	Audi	e-tron GT/RS e-tron GT	2024		Sedan			3XXXL-0	
147	0	MISS			非皮卡	Audi	e-tron GT/S e-tron GT/RS e-tron GT	2025		Sedan			3XXXL-0	
148	0	MISS			非皮卡	Audi	e-tron GT/S e-tron GT/RS e-tron GT	2026		Sedan			3XXXL-0	
149	1	OK	16	3XXXL-0	非皮卡	BMW	5 Series	2010	GT	Sedan			3XXXL-0	16: BMW 5 Series 2010-2026 Incl: GT/M5 Sedan   3XXXL-0
150	1	OK	16	3XXXL-0	非皮卡	BMW	5 Series	2011		Sedan			3XXXL-0	16: BMW 5 Series 2010-2026 Incl: GT/M5 Sedan   3XXXL-0
151	1	OK	16	3XXXL-0	非皮卡	BMW	5 Series	2011	GT	Sedan			3XXXL-0	16: BMW 5 Series 2010-2026 Incl: GT/M5 Sedan   3XXXL-0
152	1	OK	16	3XXXL-0	非皮卡	BMW	5 Series	2012		Sedan			3XXXL-0	16: BMW 5 Series 2010-2026 Incl: GT/M5 Sedan   3XXXL-0
153	1	OK	16	3XXXL-0	非皮卡	BMW	5 Series	2012	GT	Sedan			3XXXL-0	16: BMW 5 Series 2010-2026 Incl: GT/M5 Sedan   3XXXL-0
154	1	OK	16	3XXXL-0	非皮卡	BMW	5 Series	2013		Sedan			3XXXL-0	16: BMW 5 Series 2010-2026 Incl: GT/M5 Sedan   3XXXL-0
155	1	OK	16	3XXXL-0	非皮卡	BMW	5 Series	2013	GT	Sedan			3XXXL-0	16: BMW 5 Series 2010-2026 Incl: GT/M5 Sedan   3XXXL-0
156	1	OK	16	3XXXL-0	非皮卡	BMW	5 Series	2014		Sedan			3XXXL-0	16: BMW 5 Series 2010-2026 Incl: GT/M5 Sedan   3XXXL-0
157	1	OK	16	3XXXL-0	非皮卡	BMW	5 Series	2014	GT	Sedan			3XXXL-0	16: BMW 5 Series 2010-2026 Incl: GT/M5 Sedan   3XXXL-0
158	1	OK	16	3XXXL-0	非皮卡	BMW	5 Series	2015		Sedan			3XXXL-0	16: BMW 5 Series 2010-2026 Incl: GT/M5 Sedan   3XXXL-0
159	1	OK	16	3XXXL-0	非皮卡	BMW	5 Series	2015	GT	Sedan			3XXXL-0	16: BMW 5 Series 2010-2026 Incl: GT/M5 Sedan   3XXXL-0
160	1	OK	16	3XXXL-0	非皮卡	BMW	5 Series	2016		Sedan			3XXXL-0	16: BMW 5 Series 2010-2026 Incl: GT/M5 Sedan   3XXXL-0
161	1	OK	16	3XXXL-0	非皮卡	BMW	5 Series	2016	GT	Sedan			3XXXL-0	16: BMW 5 Series 2010-2026 Incl: GT/M5 Sedan   3XXXL-0
162	1	OK	16	3XXXL-0	非皮卡	BMW	5 Series	2017		Sedan			3XXXL-0	16: BMW 5 Series 2010-2026 Incl: GT/M5 Sedan   3XXXL-0
163	1	OK	16	3XXXL-0	非皮卡	BMW	5 Series	2018		Sedan			3XXXL-0	16: BMW 5 Series 2010-2026 Incl: GT/M5 Sedan   3XXXL-0
164	1	OK	16	3XXXL-0	非皮卡	BMW	5 Series	2019		Sedan			3XXXL-0	16: BMW 5 Series 2010-2026 Incl: GT/M5 Sedan   3XXXL-0
165	1	OK	16	3XXXL-0	非皮卡	BMW	5 Series	2020		Sedan			3XXXL-0	16: BMW 5 Series 2010-2026 Incl: GT/M5 Sedan   3XXXL-0
166	1	OK	16	3XXXL-0	非皮卡	BMW	5 Series	2021		Sedan			3XXXL-0	16: BMW 5 Series 2010-2026 Incl: GT/M5 Sedan   3XXXL-0
167	1	OK	16	3XXXL-0	非皮卡	BMW	5 Series	2022		Sedan			3XXXL-0	16: BMW 5 Series 2010-2026 Incl: GT/M5 Sedan   3XXXL-0
168	1	OK	16	3XXXL-0	非皮卡	BMW	5 Series	2023		Sedan			3XXXL-0	16: BMW 5 Series 2010-2026 Incl: GT/M5 Sedan   3XXXL-0
169	1	OK	16	3XXXL-0	非皮卡	BMW	5 Series	2024		Sedan			3XXXL-0	16: BMW 5 Series 2010-2026 Incl: GT/M5 Sedan   3XXXL-0
170	1	OK	16	3XXXL-0	非皮卡	BMW	5 Series	2025		Sedan			3XXXL-0	16: BMW 5 Series 2010-2026 Incl: GT/M5 Sedan   3XXXL-0
171	1	OK	16	3XXXL-0	非皮卡	BMW	5 Series	2026		Sedan			3XXXL-0	16: BMW 5 Series 2010-2026 Incl: GT/M5 Sedan   3XXXL-0
172	1	OK	16	3XXXL-0	非皮卡	BMW	5 Series	2026	M5	Sedan			3XXXL-0	16: BMW 5 Series 2010-2026 Incl: GT/M5 Sedan   3XXXL-0
173	1	OK	17	3XXXL-0	非皮卡	BMW	6 Series	2013	Gran Coupe	Sedan			3XXXL-0	17: BMW 6 Series 2013-2019 Gran Coupe Sedan   3XXXL-0
174	1	OK	17	3XXXL-0	非皮卡	BMW	6 Series	2014	Gran Coupe	Sedan			3XXXL-0	17: BMW 6 Series 2013-2019 Gran Coupe Sedan   3XXXL-0
175	1	OK	17	3XXXL-0	非皮卡	BMW	6 Series	2015	Gran Coupe	Sedan			3XXXL-0	17: BMW 6 Series 2013-2019 Gran Coupe Sedan   3XXXL-0
176	1	OK	17	3XXXL-0	非皮卡	BMW	6 Series	2016	Gran Coupe	Sedan			3XXXL-0	17: BMW 6 Series 2013-2019 Gran Coupe Sedan   3XXXL-0
177	1	OK	17	3XXXL-0	非皮卡	BMW	6 Series	2017	Gran Coupe	Sedan			3XXXL-0	17: BMW 6 Series 2013-2019 Gran Coupe Sedan   3XXXL-0
178	1	OK	17	3XXXL-0	非皮卡	BMW	6 Series	2018	Gran Coupe	Sedan			3XXXL-0	17: BMW 6 Series 2013-2019 Gran Coupe Sedan   3XXXL-0
179	1	OK	17	3XXXL-0	非皮卡	BMW	6 Series	2019	Gran Coupe	Sedan			3XXXL-0	17: BMW 6 Series 2013-2019 Gran Coupe Sedan   3XXXL-0
180	1	OK	18	3XXXL-0	非皮卡	BMW	7 Series	1987		Sedan			3XXXL-0	18: BMW 7 Series 1987-2026  Sedan   3XXXL-0
181	1	OK	18	3XXXL-0	非皮卡	BMW	7 Series	1988		Sedan			3XXXL-0	18: BMW 7 Series 1987-2026  Sedan   3XXXL-0
182	1	OK	18	3XXXL-0	非皮卡	BMW	7 Series	1989		Sedan			3XXXL-0	18: BMW 7 Series 1987-2026  Sedan   3XXXL-0
183	1	OK	18	3XXXL-0	非皮卡	BMW	7 Series	1990		Sedan			3XXXL-0	18: BMW 7 Series 1987-2026  Sedan   3XXXL-0
184	1	OK	18	3XXXL-0	非皮卡	BMW	7 Series	1991		Sedan			3XXXL-0	18: BMW 7 Series 1987-2026  Sedan   3XXXL-0
185	1	OK	18	3XXXL-0	非皮卡	BMW	7 Series	1992		Sedan			3XXXL-0	18: BMW 7 Series 1987-2026  Sedan   3XXXL-0
186	1	OK	18	3XXXL-0	非皮卡	BMW	7 Series	1993		Sedan			3XXXL-0	18: BMW 7 Series 1987-2026  Sedan   3XXXL-0
187	1	OK	18	3XXXL-0	非皮卡	BMW	7 Series	1994		Sedan			3XXXL-0	18: BMW 7 Series 1987-2026  Sedan   3XXXL-0
188	1	OK	18	3XXXL-0	非皮卡	BMW	7 Series	1995		Sedan			3XXXL-0	18: BMW 7 Series 1987-2026  Sedan   3XXXL-0
189	1	OK	18	3XXXL-0	非皮卡	BMW	7 Series	1996		Sedan			3XXXL-0	18: BMW 7 Series 1987-2026  Sedan   3XXXL-0
190	1	OK	18	3XXXL-0	非皮卡	BMW	7 Series	1997		Sedan			3XXXL-0	18: BMW 7 Series 1987-2026  Sedan   3XXXL-0
191	1	OK	18	3XXXL-0	非皮卡	BMW	7 Series	1998		Sedan			3XXXL-0	18: BMW 7 Series 1987-2026  Sedan   3XXXL-0
192	1	OK	18	3XXXL-0	非皮卡	BMW	7 Series	1999		Sedan			3XXXL-0	18: BMW 7 Series 1987-2026  Sedan   3XXXL-0
193	1	OK	18	3XXXL-0	非皮卡	BMW	7 Series	2000		Sedan			3XXXL-0	18: BMW 7 Series 1987-2026  Sedan   3XXXL-0
194	1	OK	18	3XXXL-0	非皮卡	BMW	7 Series	2001		Sedan			3XXXL-0	18: BMW 7 Series 1987-2026  Sedan   3XXXL-0
195	1	OK	18	3XXXL-0	非皮卡	BMW	7 Series	2002		Sedan			3XXXL-0	18: BMW 7 Series 1987-2026  Sedan   3XXXL-0
196	1	OK	18	3XXXL-0	非皮卡	BMW	7 Series	2003		Sedan			3XXXL-0	18: BMW 7 Series 1987-2026  Sedan   3XXXL-0
197	1	OK	18	3XXXL-0	非皮卡	BMW	7 Series	2004		Sedan			3XXXL-0	18: BMW 7 Series 1987-2026  Sedan   3XXXL-0
198	1	OK	18	3XXXL-0	非皮卡	BMW	7 Series	2005		Sedan			3XXXL-0	18: BMW 7 Series 1987-2026  Sedan   3XXXL-0
199	1	OK	18	3XXXL-0	非皮卡	BMW	7 Series	2006		Sedan			3XXXL-0	18: BMW 7 Series 1987-2026  Sedan   3XXXL-0
200	1	OK	18	3XXXL-0	非皮卡	BMW	7 Series	2007		Sedan			3XXXL-0	18: BMW 7 Series 1987-2026  Sedan   3XXXL-0
201	1	OK	18	3XXXL-0	非皮卡	BMW	7 Series	2008		Sedan			3XXXL-0	18: BMW 7 Series 1987-2026  Sedan   3XXXL-0
202	1	OK	18	3XXXL-0	非皮卡	BMW	7 Series	2009		Sedan			3XXXL-0	18: BMW 7 Series 1987-2026  Sedan   3XXXL-0
203	1	OK	18	3XXXL-0	非皮卡	BMW	7 Series	2010		Sedan			3XXXL-0	18: BMW 7 Series 1987-2026  Sedan   3XXXL-0
204	1	OK	18	3XXXL-0	非皮卡	BMW	7 Series	2011		Sedan			3XXXL-0	18: BMW 7 Series 1987-2026  Sedan   3XXXL-0
205	1	OK	18	3XXXL-0	非皮卡	BMW	7 Series	2012		Sedan			3XXXL-0	18: BMW 7 Series 1987-2026  Sedan   3XXXL-0
206	1	OK	18	3XXXL-0	非皮卡	BMW	7 Series	2013		Sedan			3XXXL-0	18: BMW 7 Series 1987-2026  Sedan   3XXXL-0
207	1	OK	18	3XXXL-0	非皮卡	BMW	7 Series	2014		Sedan			3XXXL-0	18: BMW 7 Series 1987-2026  Sedan   3XXXL-0
208	1	OK	18	3XXXL-0	非皮卡	BMW	7 Series	2015		Sedan			3XXXL-0	18: BMW 7 Series 1987-2026  Sedan   3XXXL-0
209	1	OK	18	3XXXL-0	非皮卡	BMW	7 Series	2016		Sedan			3XXXL-0	18: BMW 7 Series 1987-2026  Sedan   3XXXL-0
210	1	OK	18	3XXXL-0	非皮卡	BMW	7 Series	2017		Sedan			3XXXL-0	18: BMW 7 Series 1987-2026  Sedan   3XXXL-0
211	1	OK	18	3XXXL-0	非皮卡	BMW	7 Series	2018		Sedan			3XXXL-0	18: BMW 7 Series 1987-2026  Sedan   3XXXL-0
212	1	OK	18	3XXXL-0	非皮卡	BMW	7 Series	2019		Sedan			3XXXL-0	18: BMW 7 Series 1987-2026  Sedan   3XXXL-0
213	1	OK	18	3XXXL-0	非皮卡	BMW	7 Series	2020		Sedan			3XXXL-0	18: BMW 7 Series 1987-2026  Sedan   3XXXL-0
214	1	OK	18	3XXXL-0	非皮卡	BMW	7 Series	2021		Sedan			3XXXL-0	18: BMW 7 Series 1987-2026  Sedan   3XXXL-0
215	1	OK	18	3XXXL-0	非皮卡	BMW	7 Series	2022		Sedan			3XXXL-0	18: BMW 7 Series 1987-2026  Sedan   3XXXL-0
216	1	OK	18	3XXXL-0	非皮卡	BMW	7 Series	2023		Sedan			3XXXL-0	18: BMW 7 Series 1987-2026  Sedan   3XXXL-0
217	1	OK	18	3XXXL-0	非皮卡	BMW	7 Series	2024		Sedan			3XXXL-0	18: BMW 7 Series 1987-2026  Sedan   3XXXL-0
218	1	OK	18	3XXXL-0	非皮卡	BMW	7 Series	2025		Sedan			3XXXL-0	18: BMW 7 Series 1987-2026  Sedan   3XXXL-0
219	1	OK	18	3XXXL-0	非皮卡	BMW	7 Series	2026		Sedan			3XXXL-0	18: BMW 7 Series 1987-2026  Sedan   3XXXL-0
220	1	OK	19	3XXXL-0	非皮卡	BMW	8 Series	2020	Gran Coupe	Sedan			3XXXL-0	19: BMW 8 Series 2020-2026 Gran Coupe Sedan   3XXXL-0
221	1	OK	19	3XXXL-0	非皮卡	BMW	8 Series	2021	Gran Coupe	Sedan			3XXXL-0	19: BMW 8 Series 2020-2026 Gran Coupe Sedan   3XXXL-0
222	1	OK	19	3XXXL-0	非皮卡	BMW	8 Series	2022	Gran Coupe	Sedan			3XXXL-0	19: BMW 8 Series 2020-2026 Gran Coupe Sedan   3XXXL-0
223	1	OK	19	3XXXL-0	非皮卡	BMW	8 Series	2023	Gran Coupe	Sedan			3XXXL-0	19: BMW 8 Series 2020-2026 Gran Coupe Sedan   3XXXL-0
224	1	OK	19	3XXXL-0	非皮卡	BMW	8 Series	2024	Gran Coupe	Sedan			3XXXL-0	19: BMW 8 Series 2020-2026 Gran Coupe Sedan   3XXXL-0
225	1	OK	19	3XXXL-0	非皮卡	BMW	8 Series	2025	Gran Coupe	Sedan			3XXXL-0	19: BMW 8 Series 2020-2026 Gran Coupe Sedan   3XXXL-0
226	1	OK	19	3XXXL-0	非皮卡	BMW	8 Series	2026	Gran Coupe	Sedan			3XXXL-0	19: BMW 8 Series 2020-2026 Gran Coupe Sedan   3XXXL-0
227	1	OK	20	3XXXL-0	非皮卡	BMW	i5	2024		Sedan			3XXXL-0	20: BMW i5 2024-2026  Sedan   3XXXL-0
228	1	OK	20	3XXXL-0	非皮卡	BMW	i5	2025		Sedan			3XXXL-0	20: BMW i5 2024-2026  Sedan   3XXXL-0
229	1	OK	20	3XXXL-0	非皮卡	BMW	i5	2026		Sedan			3XXXL-0	20: BMW i5 2024-2026  Sedan   3XXXL-0
230	1	OK	21	3XXXL-0	非皮卡	BMW	i7	2023		Sedan			3XXXL-0	21: BMW i7 2023-2026  Sedan   3XXXL-0
231	1	OK	21	3XXXL-0	非皮卡	BMW	i7	2024		Sedan			3XXXL-0	21: BMW i7 2023-2026  Sedan   3XXXL-0
232	1	OK	21	3XXXL-0	非皮卡	BMW	i7	2025		Sedan			3XXXL-0	21: BMW i7 2023-2026  Sedan   3XXXL-0
233	1	OK	21	3XXXL-0	非皮卡	BMW	i7	2026		Sedan			3XXXL-0	21: BMW i7 2023-2026  Sedan   3XXXL-0
234	1	OK	22	3XXXL-0	非皮卡	Buick	Century	1998		Sedan			3XXXL-0	22: Buick Century 1998-2005  Sedan   3XXXL-0
235	1	OK	22	3XXXL-0	非皮卡	Buick	Century	1999		Sedan			3XXXL-0	22: Buick Century 1998-2005  Sedan   3XXXL-0
236	1	OK	22	3XXXL-0	非皮卡	Buick	Century	2000		Sedan			3XXXL-0	22: Buick Century 1998-2005  Sedan   3XXXL-0
237	1	OK	22	3XXXL-0	非皮卡	Buick	Century	2001		Sedan			3XXXL-0	22: Buick Century 1998-2005  Sedan   3XXXL-0
238	1	OK	22	3XXXL-0	非皮卡	Buick	Century	2002		Sedan			3XXXL-0	22: Buick Century 1998-2005  Sedan   3XXXL-0
239	1	OK	22	3XXXL-0	非皮卡	Buick	Century	2003		Sedan			3XXXL-0	22: Buick Century 1998-2005  Sedan   3XXXL-0
240	1	OK	22	3XXXL-0	非皮卡	Buick	Century	2004		Sedan			3XXXL-0	22: Buick Century 1998-2005  Sedan   3XXXL-0
241	1	OK	22	3XXXL-0	非皮卡	Buick	Century	2005		Sedan			3XXXL-0	22: Buick Century 1998-2005  Sedan   3XXXL-0
242	1	OK	23	3XXXL-0	非皮卡	Buick	LaCrosse	2005		Sedan			3XXXL-0	23: Buick LaCrosse 2005-2019  Sedan   3XXXL-0
243	1	OK	23	3XXXL-0	非皮卡	Buick	LaCrosse	2006		Sedan			3XXXL-0	23: Buick LaCrosse 2005-2019  Sedan   3XXXL-0
244	1	OK	23	3XXXL-0	非皮卡	Buick	LaCrosse	2007		Sedan			3XXXL-0	23: Buick LaCrosse 2005-2019  Sedan   3XXXL-0
245	1	OK	23	3XXXL-0	非皮卡	Buick	LaCrosse	2008		Sedan			3XXXL-0	23: Buick LaCrosse 2005-2019  Sedan   3XXXL-0
246	1	OK	23	3XXXL-0	非皮卡	Buick	LaCrosse	2009		Sedan			3XXXL-0	23: Buick LaCrosse 2005-2019  Sedan   3XXXL-0
247	1	OK	23	3XXXL-0	非皮卡	Buick	LaCrosse	2010		Sedan			3XXXL-0	23: Buick LaCrosse 2005-2019  Sedan   3XXXL-0
248	1	OK	23	3XXXL-0	非皮卡	Buick	LaCrosse	2011		Sedan			3XXXL-0	23: Buick LaCrosse 2005-2019  Sedan   3XXXL-0
249	1	OK	23	3XXXL-0	非皮卡	Buick	LaCrosse	2012		Sedan			3XXXL-0	23: Buick LaCrosse 2005-2019  Sedan   3XXXL-0
250	1	OK	23	3XXXL-0	非皮卡	Buick	LaCrosse	2013		Sedan			3XXXL-0	23: Buick LaCrosse 2005-2019  Sedan   3XXXL-0
251	1	OK	23	3XXXL-0	非皮卡	Buick	LaCrosse	2014		Sedan			3XXXL-0	23: Buick LaCrosse 2005-2019  Sedan   3XXXL-0
252	1	OK	23	3XXXL-0	非皮卡	Buick	LaCrosse	2015		Sedan			3XXXL-0	23: Buick LaCrosse 2005-2019  Sedan   3XXXL-0
253	1	OK	23	3XXXL-0	非皮卡	Buick	LaCrosse	2016		Sedan			3XXXL-0	23: Buick LaCrosse 2005-2019  Sedan   3XXXL-0
254	1	OK	23	3XXXL-0	非皮卡	Buick	LaCrosse	2017		Sedan			3XXXL-0	23: Buick LaCrosse 2005-2019  Sedan   3XXXL-0
255	1	OK	23	3XXXL-0	非皮卡	Buick	LaCrosse	2018		Sedan			3XXXL-0	23: Buick LaCrosse 2005-2019  Sedan   3XXXL-0
256	1	OK	23	3XXXL-0	非皮卡	Buick	LaCrosse	2019		Sedan			3XXXL-0	23: Buick LaCrosse 2005-2019  Sedan   3XXXL-0
257	1	OK	24	3XXXL-0	非皮卡	Buick	LeSabre	1959		Sedan			3XXXL-0	24: Buick LeSabre 1959-2005  Sedan   3XXXL-0
258	1	OK	24	3XXXL-0	非皮卡	Buick	LeSabre	1960		Sedan			3XXXL-0	24: Buick LeSabre 1959-2005  Sedan   3XXXL-0
259	1	OK	24	3XXXL-0	非皮卡	Buick	LeSabre	1961		Sedan			3XXXL-0	24: Buick LeSabre 1959-2005  Sedan   3XXXL-0
260	1	OK	24	3XXXL-0	非皮卡	Buick	LeSabre	1962		Sedan			3XXXL-0	24: Buick LeSabre 1959-2005  Sedan   3XXXL-0
261	1	OK	24	3XXXL-0	非皮卡	Buick	LeSabre	1962		Sedan			3XXXL-0	24: Buick LeSabre 1959-2005  Sedan   3XXXL-0
262	1	OK	24	3XXXL-0	非皮卡	Buick	LeSabre	1963		Sedan			3XXXL-0	24: Buick LeSabre 1959-2005  Sedan   3XXXL-0
263	1	OK	24	3XXXL-0	非皮卡	Buick	LeSabre	1965		Sedan			3XXXL-0	24: Buick LeSabre 1959-2005  Sedan   3XXXL-0
264	1	OK	24	3XXXL-0	非皮卡	Buick	LeSabre	1966		Sedan			3XXXL-0	24: Buick LeSabre 1959-2005  Sedan   3XXXL-0
265	1	OK	24	3XXXL-0	非皮卡	Buick	LeSabre	1967		Sedan			3XXXL-0	24: Buick LeSabre 1959-2005  Sedan   3XXXL-0
266	1	OK	24	3XXXL-0	非皮卡	Buick	LeSabre	1968		Sedan			3XXXL-0	24: Buick LeSabre 1959-2005  Sedan   3XXXL-0
267	1	OK	24	3XXXL-0	非皮卡	Buick	LeSabre	1980		Sedan			3XXXL-0	24: Buick LeSabre 1959-2005  Sedan   3XXXL-0
268	1	OK	24	3XXXL-0	非皮卡	Buick	LeSabre	1982		Sedan			3XXXL-0	24: Buick LeSabre 1959-2005  Sedan   3XXXL-0
269	1	OK	24	3XXXL-0	非皮卡	Buick	LeSabre	1983		Sedan			3XXXL-0	24: Buick LeSabre 1959-2005  Sedan   3XXXL-0
270	1	OK	24	3XXXL-0	非皮卡	Buick	LeSabre	1984		Sedan			3XXXL-0	24: Buick LeSabre 1959-2005  Sedan   3XXXL-0
271	1	OK	24	3XXXL-0	非皮卡	Buick	LeSabre	1985		Sedan			3XXXL-0	24: Buick LeSabre 1959-2005  Sedan   3XXXL-0
272	1	OK	24	3XXXL-0	非皮卡	Buick	LeSabre	1986		Sedan			3XXXL-0	24: Buick LeSabre 1959-2005  Sedan   3XXXL-0
273	1	OK	24	3XXXL-0	非皮卡	Buick	LeSabre	1987		Sedan			3XXXL-0	24: Buick LeSabre 1959-2005  Sedan   3XXXL-0
274	1	OK	24	3XXXL-0	非皮卡	Buick	LeSabre	1988		Sedan			3XXXL-0	24: Buick LeSabre 1959-2005  Sedan   3XXXL-0
275	1	OK	24	3XXXL-0	非皮卡	Buick	LeSabre	1989		Sedan			3XXXL-0	24: Buick LeSabre 1959-2005  Sedan   3XXXL-0
276	1	OK	24	3XXXL-0	非皮卡	Buick	LeSabre	1990		Sedan			3XXXL-0	24: Buick LeSabre 1959-2005  Sedan   3XXXL-0
277	1	OK	24	3XXXL-0	非皮卡	Buick	LeSabre	1991		Sedan			3XXXL-0	24: Buick LeSabre 1959-2005  Sedan   3XXXL-0
278	1	OK	24	3XXXL-0	非皮卡	Buick	LeSabre	1992		Sedan			3XXXL-0	24: Buick LeSabre 1959-2005  Sedan   3XXXL-0
279	1	OK	24	3XXXL-0	非皮卡	Buick	LeSabre	1993		Sedan			3XXXL-0	24: Buick LeSabre 1959-2005  Sedan   3XXXL-0
280	1	OK	24	3XXXL-0	非皮卡	Buick	LeSabre	1994		Sedan			3XXXL-0	24: Buick LeSabre 1959-2005  Sedan   3XXXL-0
281	1	OK	24	3XXXL-0	非皮卡	Buick	LeSabre	1995		Sedan			3XXXL-0	24: Buick LeSabre 1959-2005  Sedan   3XXXL-0
282	1	OK	24	3XXXL-0	非皮卡	Buick	LeSabre	1996		Sedan			3XXXL-0	24: Buick LeSabre 1959-2005  Sedan   3XXXL-0
283	1	OK	24	3XXXL-0	非皮卡	Buick	LeSabre	1997		Sedan			3XXXL-0	24: Buick LeSabre 1959-2005  Sedan   3XXXL-0
284	1	OK	24	3XXXL-0	非皮卡	Buick	LeSabre	1998		Sedan			3XXXL-0	24: Buick LeSabre 1959-2005  Sedan   3XXXL-0
285	1	OK	24	3XXXL-0	非皮卡	Buick	LeSabre	1999		Sedan			3XXXL-0	24: Buick LeSabre 1959-2005  Sedan   3XXXL-0
286	1	OK	24	3XXXL-0	非皮卡	Buick	LeSabre	2000		Sedan			3XXXL-0	24: Buick LeSabre 1959-2005  Sedan   3XXXL-0
287	1	OK	24	3XXXL-0	非皮卡	Buick	LeSabre	2001		Sedan			3XXXL-0	24: Buick LeSabre 1959-2005  Sedan   3XXXL-0
288	1	OK	24	3XXXL-0	非皮卡	Buick	LeSabre	2002		Sedan			3XXXL-0	24: Buick LeSabre 1959-2005  Sedan   3XXXL-0
289	1	OK	24	3XXXL-0	非皮卡	Buick	LeSabre	2003		Sedan			3XXXL-0	24: Buick LeSabre 1959-2005  Sedan   3XXXL-0
290	1	OK	24	3XXXL-0	非皮卡	Buick	LeSabre	2004		Sedan			3XXXL-0	24: Buick LeSabre 1959-2005  Sedan   3XXXL-0
291	1	OK	24	3XXXL-0	非皮卡	Buick	LeSabre	2005		Sedan			3XXXL-0	24: Buick LeSabre 1959-2005  Sedan   3XXXL-0
292	1	OK	25	3XXXL-0	非皮卡	Buick	Lucerne	2006		Sedan			3XXXL-0	25: Buick Lucerne 2006-2011  Sedan   3XXXL-0
293	1	OK	25	3XXXL-0	非皮卡	Buick	Lucerne	2007		Sedan			3XXXL-0	25: Buick Lucerne 2006-2011  Sedan   3XXXL-0
294	1	OK	25	3XXXL-0	非皮卡	Buick	Lucerne	2008		Sedan			3XXXL-0	25: Buick Lucerne 2006-2011  Sedan   3XXXL-0
295	1	OK	25	3XXXL-0	非皮卡	Buick	Lucerne	2009		Sedan			3XXXL-0	25: Buick Lucerne 2006-2011  Sedan   3XXXL-0
296	1	OK	25	3XXXL-0	非皮卡	Buick	Lucerne	2010		Sedan			3XXXL-0	25: Buick Lucerne 2006-2011  Sedan   3XXXL-0
297	1	OK	25	3XXXL-0	非皮卡	Buick	Lucerne	2011		Sedan			3XXXL-0	25: Buick Lucerne 2006-2011  Sedan   3XXXL-0
298	1	OK	26	3XXXL-0	非皮卡	Buick	Park Avenue	1991		Sedan			3XXXL-0	26: Buick Park Avenue 1991-2005  Sedan   3XXXL-0
299	1	OK	26	3XXXL-0	非皮卡	Buick	Park Avenue	1992		Sedan			3XXXL-0	26: Buick Park Avenue 1991-2005  Sedan   3XXXL-0
300	1	OK	26	3XXXL-0	非皮卡	Buick	Park Avenue	1993		Sedan			3XXXL-0	26: Buick Park Avenue 1991-2005  Sedan   3XXXL-0
301	1	OK	26	3XXXL-0	非皮卡	Buick	Park Avenue	1994		Sedan			3XXXL-0	26: Buick Park Avenue 1991-2005  Sedan   3XXXL-0
302	1	OK	26	3XXXL-0	非皮卡	Buick	Park Avenue	1995		Sedan			3XXXL-0	26: Buick Park Avenue 1991-2005  Sedan   3XXXL-0
303	1	OK	26	3XXXL-0	非皮卡	Buick	Park Avenue	1996		Sedan			3XXXL-0	26: Buick Park Avenue 1991-2005  Sedan   3XXXL-0
304	1	OK	26	3XXXL-0	非皮卡	Buick	Park Avenue	1997		Sedan			3XXXL-0	26: Buick Park Avenue 1991-2005  Sedan   3XXXL-0
305	1	OK	26	3XXXL-0	非皮卡	Buick	Park Avenue	1998		Sedan			3XXXL-0	26: Buick Park Avenue 1991-2005  Sedan   3XXXL-0
306	1	OK	26	3XXXL-0	非皮卡	Buick	Park Avenue	1999		Sedan			3XXXL-0	26: Buick Park Avenue 1991-2005  Sedan   3XXXL-0
307	1	OK	26	3XXXL-0	非皮卡	Buick	Park Avenue	2000		Sedan			3XXXL-0	26: Buick Park Avenue 1991-2005  Sedan   3XXXL-0
308	1	OK	26	3XXXL-0	非皮卡	Buick	Park Avenue	2001		Sedan			3XXXL-0	26: Buick Park Avenue 1991-2005  Sedan   3XXXL-0
309	1	OK	26	3XXXL-0	非皮卡	Buick	Park Avenue	2002		Sedan			3XXXL-0	26: Buick Park Avenue 1991-2005  Sedan   3XXXL-0
310	1	OK	26	3XXXL-0	非皮卡	Buick	Park Avenue	2003		Sedan			3XXXL-0	26: Buick Park Avenue 1991-2005  Sedan   3XXXL-0
311	1	OK	26	3XXXL-0	非皮卡	Buick	Park Avenue	2004		Sedan			3XXXL-0	26: Buick Park Avenue 1991-2005  Sedan   3XXXL-0
312	1	OK	26	3XXXL-0	非皮卡	Buick	Park Avenue	2005		Sedan			3XXXL-0	26: Buick Park Avenue 1991-2005  Sedan   3XXXL-0
313	1	OK	27	3XXXL-0	非皮卡	Buick	Regal	1991		Sedan			3XXXL-0	27: Buick Regal 1991-2020  Liftback/Sedan   3XXXL-0
314	1	OK	27	3XXXL-0	非皮卡	Buick	Regal	1992		Sedan			3XXXL-0	27: Buick Regal 1991-2020  Liftback/Sedan   3XXXL-0
315	1	OK	27	3XXXL-0	非皮卡	Buick	Regal	1993		Sedan			3XXXL-0	27: Buick Regal 1991-2020  Liftback/Sedan   3XXXL-0
316	1	OK	27	3XXXL-0	非皮卡	Buick	Regal	1994		Sedan			3XXXL-0	27: Buick Regal 1991-2020  Liftback/Sedan   3XXXL-0
317	1	OK	27	3XXXL-0	非皮卡	Buick	Regal	1995		Sedan			3XXXL-0	27: Buick Regal 1991-2020  Liftback/Sedan   3XXXL-0
318	1	OK	27	3XXXL-0	非皮卡	Buick	Regal	1996		Sedan			3XXXL-0	27: Buick Regal 1991-2020  Liftback/Sedan   3XXXL-0
319	1	OK	27	3XXXL-0	非皮卡	Buick	Regal	1997		Sedan			3XXXL-0	27: Buick Regal 1991-2020  Liftback/Sedan   3XXXL-0
320	1	OK	27	3XXXL-0	非皮卡	Buick	Regal	1998		Sedan			3XXXL-0	27: Buick Regal 1991-2020  Liftback/Sedan   3XXXL-0
321	1	OK	27	3XXXL-0	非皮卡	Buick	Regal	1999		Sedan			3XXXL-0	27: Buick Regal 1991-2020  Liftback/Sedan   3XXXL-0
322	1	OK	27	3XXXL-0	非皮卡	Buick	Regal	2000		Sedan			3XXXL-0	27: Buick Regal 1991-2020  Liftback/Sedan   3XXXL-0
323	1	OK	27	3XXXL-0	非皮卡	Buick	Regal	2001		Sedan			3XXXL-0	27: Buick Regal 1991-2020  Liftback/Sedan   3XXXL-0
324	1	OK	27	3XXXL-0	非皮卡	Buick	Regal	2002		Sedan			3XXXL-0	27: Buick Regal 1991-2020  Liftback/Sedan   3XXXL-0
325	1	OK	27	3XXXL-0	非皮卡	Buick	Regal	2003		Sedan			3XXXL-0	27: Buick Regal 1991-2020  Liftback/Sedan   3XXXL-0
326	1	OK	27	3XXXL-0	非皮卡	Buick	Regal	2004		Sedan			3XXXL-0	27: Buick Regal 1991-2020  Liftback/Sedan   3XXXL-0
327	1	OK	27	3XXXL-0	非皮卡	Buick	Regal	2018		Liftback			3XXXL-0	27: Buick Regal 1991-2020  Liftback/Sedan   3XXXL-0
328	1	OK	27	3XXXL-0	非皮卡	Buick	Regal	2019		Liftback			3XXXL-0	27: Buick Regal 1991-2020  Liftback/Sedan   3XXXL-0
329	1	OK	27	3XXXL-0	非皮卡	Buick	Regal	2020		Liftback			3XXXL-0	27: Buick Regal 1991-2020  Liftback/Sedan   3XXXL-0
330	1	OK	28	3XXXL-0	非皮卡	Buick	Roadmaster	1936		Sedan			3XXXL-0	28: Buick Roadmaster 1936-1996  Sedan   3XXXL-0
331	1	OK	28	3XXXL-0	非皮卡	Buick	Roadmaster	1937		Sedan			3XXXL-0	28: Buick Roadmaster 1936-1996  Sedan   3XXXL-0
332	1	OK	28	3XXXL-0	非皮卡	Buick	Roadmaster	1938		Sedan			3XXXL-0	28: Buick Roadmaster 1936-1996  Sedan   3XXXL-0
333	1	OK	28	3XXXL-0	非皮卡	Buick	Roadmaster	1939		Sedan			3XXXL-0	28: Buick Roadmaster 1936-1996  Sedan   3XXXL-0
334	1	OK	28	3XXXL-0	非皮卡	Buick	Roadmaster	1940		Sedan			3XXXL-0	28: Buick Roadmaster 1936-1996  Sedan   3XXXL-0
335	1	OK	28	3XXXL-0	非皮卡	Buick	Roadmaster	1941		Sedan			3XXXL-0	28: Buick Roadmaster 1936-1996  Sedan   3XXXL-0
336	1	OK	28	3XXXL-0	非皮卡	Buick	Roadmaster	1942		Sedan			3XXXL-0	28: Buick Roadmaster 1936-1996  Sedan   3XXXL-0
337	1	OK	28	3XXXL-0	非皮卡	Buick	Roadmaster	1946		Sedan			3XXXL-0	28: Buick Roadmaster 1936-1996  Sedan   3XXXL-0
338	1	OK	28	3XXXL-0	非皮卡	Buick	Roadmaster	1947		Sedan			3XXXL-0	28: Buick Roadmaster 1936-1996  Sedan   3XXXL-0
339	1	OK	28	3XXXL-0	非皮卡	Buick	Roadmaster	1948		Sedan			3XXXL-0	28: Buick Roadmaster 1936-1996  Sedan   3XXXL-0
340	1	OK	28	3XXXL-0	非皮卡	Buick	Roadmaster	1949		Sedan			3XXXL-0	28: Buick Roadmaster 1936-1996  Sedan   3XXXL-0
341	1	OK	28	3XXXL-0	非皮卡	Buick	Roadmaster	1950		Sedan			3XXXL-0	28: Buick Roadmaster 1936-1996  Sedan   3XXXL-0
342	1	OK	28	3XXXL-0	非皮卡	Buick	Roadmaster	1951		Sedan			3XXXL-0	28: Buick Roadmaster 1936-1996  Sedan   3XXXL-0
343	1	OK	28	3XXXL-0	非皮卡	Buick	Roadmaster	1952		Sedan			3XXXL-0	28: Buick Roadmaster 1936-1996  Sedan   3XXXL-0
344	1	OK	28	3XXXL-0	非皮卡	Buick	Roadmaster	1953		Sedan			3XXXL-0	28: Buick Roadmaster 1936-1996  Sedan   3XXXL-0
345	1	OK	28	3XXXL-0	非皮卡	Buick	Roadmaster	1954		Sedan			3XXXL-0	28: Buick Roadmaster 1936-1996  Sedan   3XXXL-0
346	1	OK	28	3XXXL-0	非皮卡	Buick	Roadmaster	1955		Sedan			3XXXL-0	28: Buick Roadmaster 1936-1996  Sedan   3XXXL-0
347	1	OK	28	3XXXL-0	非皮卡	Buick	Roadmaster	1956		Sedan			3XXXL-0	28: Buick Roadmaster 1936-1996  Sedan   3XXXL-0
348	1	OK	28	3XXXL-0	非皮卡	Buick	Roadmaster	1957		Sedan			3XXXL-0	28: Buick Roadmaster 1936-1996  Sedan   3XXXL-0
349	1	OK	28	3XXXL-0	非皮卡	Buick	Roadmaster	1992		Sedan			3XXXL-0	28: Buick Roadmaster 1936-1996  Sedan   3XXXL-0
350	1	OK	28	3XXXL-0	非皮卡	Buick	Roadmaster	1993		Sedan			3XXXL-0	28: Buick Roadmaster 1936-1996  Sedan   3XXXL-0
351	1	OK	28	3XXXL-0	非皮卡	Buick	Roadmaster	1994		Sedan			3XXXL-0	28: Buick Roadmaster 1936-1996  Sedan   3XXXL-0
352	1	OK	28	3XXXL-0	非皮卡	Buick	Roadmaster	1995		Sedan			3XXXL-0	28: Buick Roadmaster 1936-1996  Sedan   3XXXL-0
353	1	OK	28	3XXXL-0	非皮卡	Buick	Roadmaster	1996		Sedan			3XXXL-0	28: Buick Roadmaster 1936-1996  Sedan   3XXXL-0
354	1	OK	29	3XXXL-0	非皮卡	Buick	Skylark	1965		Sedan			3XXXL-0	29: Buick Skylark 1965-1994  Sedan   3XXXL-0
355	1	OK	29	3XXXL-0	非皮卡	Buick	Skylark	1966		Sedan			3XXXL-0	29: Buick Skylark 1965-1994  Sedan   3XXXL-0
356	1	OK	29	3XXXL-0	非皮卡	Buick	Skylark	1967		Sedan			3XXXL-0	29: Buick Skylark 1965-1994  Sedan   3XXXL-0
357	1	OK	29	3XXXL-0	非皮卡	Buick	Skylark	1968		Sedan			3XXXL-0	29: Buick Skylark 1965-1994  Sedan   3XXXL-0
358	1	OK	29	3XXXL-0	非皮卡	Buick	Skylark	1969		Sedan			3XXXL-0	29: Buick Skylark 1965-1994  Sedan   3XXXL-0
359	1	OK	29	3XXXL-0	非皮卡	Buick	Skylark	1970		Sedan			3XXXL-0	29: Buick Skylark 1965-1994  Sedan   3XXXL-0
360	1	OK	29	3XXXL-0	非皮卡	Buick	Skylark	1971		Sedan			3XXXL-0	29: Buick Skylark 1965-1994  Sedan   3XXXL-0
361	1	OK	29	3XXXL-0	非皮卡	Buick	Skylark	1972		Sedan			3XXXL-0	29: Buick Skylark 1965-1994  Sedan   3XXXL-0
362	1	OK	29	3XXXL-0	非皮卡	Buick	Skylark	1975		Sedan			3XXXL-0	29: Buick Skylark 1965-1994  Sedan   3XXXL-0
363	1	OK	29	3XXXL-0	非皮卡	Buick	Skylark	1976		Sedan			3XXXL-0	29: Buick Skylark 1965-1994  Sedan   3XXXL-0
364	1	OK	29	3XXXL-0	非皮卡	Buick	Skylark	1977		Sedan			3XXXL-0	29: Buick Skylark 1965-1994  Sedan   3XXXL-0
365	1	OK	29	3XXXL-0	非皮卡	Buick	Skylark	1978		Sedan			3XXXL-0	29: Buick Skylark 1965-1994  Sedan   3XXXL-0
366	1	OK	29	3XXXL-0	非皮卡	Buick	Skylark	1979		Sedan			3XXXL-0	29: Buick Skylark 1965-1994  Sedan   3XXXL-0
367	1	OK	29	3XXXL-0	非皮卡	Buick	Skylark	1994		Sedan			3XXXL-0	29: Buick Skylark 1965-1994  Sedan   3XXXL-0
368	1	OK	30	3XXXL-0	非皮卡	Cadillac	CT5	2020		Sedan			3XXXL-0	30: Cadillac CT5 2020-2026 Incl: Blackwing Sedan   3XXXL-0
369	1	OK	30	3XXXL-0	非皮卡	Cadillac	CT5	2021		Sedan			3XXXL-0	30: Cadillac CT5 2020-2026 Incl: Blackwing Sedan   3XXXL-0
370	1	OK	30	3XXXL-0	非皮卡	Cadillac	CT5	2022		Sedan			3XXXL-0	30: Cadillac CT5 2020-2026 Incl: Blackwing Sedan   3XXXL-0
371	1	OK	30	3XXXL-0	非皮卡	Cadillac	CT5	2023		Sedan			3XXXL-0	30: Cadillac CT5 2020-2026 Incl: Blackwing Sedan   3XXXL-0
372	1	OK	30	3XXXL-0	非皮卡	Cadillac	CT5	2024		Sedan			3XXXL-0	30: Cadillac CT5 2020-2026 Incl: Blackwing Sedan   3XXXL-0
373	1	OK	30	3XXXL-0	非皮卡	Cadillac	CT5	2025		Sedan			3XXXL-0	30: Cadillac CT5 2020-2026 Incl: Blackwing Sedan   3XXXL-0
374	1	OK	30	3XXXL-0	非皮卡	Cadillac	CT5	2025	Blackwing	Sedan			3XXXL-0	30: Cadillac CT5 2020-2026 Incl: Blackwing Sedan   3XXXL-0
375	1	OK	30	3XXXL-0	非皮卡	Cadillac	CT5	2026		Sedan			3XXXL-0	30: Cadillac CT5 2020-2026 Incl: Blackwing Sedan   3XXXL-0
376	1	OK	30	3XXXL-0	非皮卡	Cadillac	CT5	2026	Blackwing	Sedan			3XXXL-0	30: Cadillac CT5 2020-2026 Incl: Blackwing Sedan   3XXXL-0
377	1	OK	31	3XXXL-0	非皮卡	Cadillac	CT6	2016		Sedan			3XXXL-0	31: Cadillac CT6 2016-2020 Incl: Blackwing/PHEV Sedan   3XXXL-0
378	1	OK	31	3XXXL-0	非皮卡	Cadillac	CT6	2017		Sedan			3XXXL-0	31: Cadillac CT6 2016-2020 Incl: Blackwing/PHEV Sedan   3XXXL-0
379	1	OK	31	3XXXL-0	非皮卡	Cadillac	CT6	2017	PHEV	Sedan			3XXXL-0	31: Cadillac CT6 2016-2020 Incl: Blackwing/PHEV Sedan   3XXXL-0
380	1	OK	31	3XXXL-0	非皮卡	Cadillac	CT6	2018		Sedan			3XXXL-0	31: Cadillac CT6 2016-2020 Incl: Blackwing/PHEV Sedan   3XXXL-0
381	1	OK	31	3XXXL-0	非皮卡	Cadillac	CT6	2018	PHEV	Sedan			3XXXL-0	31: Cadillac CT6 2016-2020 Incl: Blackwing/PHEV Sedan   3XXXL-0
382	1	OK	31	3XXXL-0	非皮卡	Cadillac	CT6	2019		Sedan			3XXXL-0	31: Cadillac CT6 2016-2020 Incl: Blackwing/PHEV Sedan   3XXXL-0
383	1	OK	31	3XXXL-0	非皮卡	Cadillac	CT6	2019	Blackwing	Sedan			3XXXL-0	31: Cadillac CT6 2016-2020 Incl: Blackwing/PHEV Sedan   3XXXL-0
384	1	OK	31	3XXXL-0	非皮卡	Cadillac	CT6	2020		Sedan			3XXXL-0	31: Cadillac CT6 2016-2020 Incl: Blackwing/PHEV Sedan   3XXXL-0
385	1	OK	31	3XXXL-0	非皮卡	Cadillac	CT6	2020	Blackwing	Sedan			3XXXL-0	31: Cadillac CT6 2016-2020 Incl: Blackwing/PHEV Sedan   3XXXL-0
386	1	OK	32	3XXXL-0	非皮卡	Cadillac	CTS	2014		Sedan			3XXXL-0	32: Cadillac CTS 2014-2019  Sedan   3XXXL-0
387	1	OK	32	3XXXL-0	非皮卡	Cadillac	CTS	2015		Sedan			3XXXL-0	32: Cadillac CTS 2014-2019  Sedan   3XXXL-0
388	1	OK	32	3XXXL-0	非皮卡	Cadillac	CTS	2016		Sedan			3XXXL-0	32: Cadillac CTS 2014-2019  Sedan   3XXXL-0
389	1	OK	32	3XXXL-0	非皮卡	Cadillac	CTS	2017		Sedan			3XXXL-0	32: Cadillac CTS 2014-2019  Sedan   3XXXL-0
390	1	OK	32	3XXXL-0	非皮卡	Cadillac	CTS	2018		Sedan			3XXXL-0	32: Cadillac CTS 2014-2019  Sedan   3XXXL-0
391	1	OK	32	3XXXL-0	非皮卡	Cadillac	CTS	2019		Sedan			3XXXL-0	32: Cadillac CTS 2014-2019  Sedan   3XXXL-0
392	1	OK	33	3XXXL-0	非皮卡	Cadillac	Catera	1997		Sedan			3XXXL-0	33: Cadillac Catera 1997-2001  Sedan   3XXXL-0
393	1	OK	33	3XXXL-0	非皮卡	Cadillac	Catera	1998		Sedan			3XXXL-0	33: Cadillac Catera 1997-2001  Sedan   3XXXL-0
394	1	OK	33	3XXXL-0	非皮卡	Cadillac	Catera	1999		Sedan			3XXXL-0	33: Cadillac Catera 1997-2001  Sedan   3XXXL-0
395	1	OK	33	3XXXL-0	非皮卡	Cadillac	Catera	2000		Sedan			3XXXL-0	33: Cadillac Catera 1997-2001  Sedan   3XXXL-0
396	1	OK	33	3XXXL-0	非皮卡	Cadillac	Catera	2001		Sedan			3XXXL-0	33: Cadillac Catera 1997-2001  Sedan   3XXXL-0
397	1	OK	34	3XXXL-0	非皮卡	Cadillac	DTS	2006		Sedan			3XXXL-0	34: Cadillac DTS 2006-2011  Sedan   3XXXL-0
398	1	OK	34	3XXXL-0	非皮卡	Cadillac	DTS	2007		Sedan			3XXXL-0	34: Cadillac DTS 2006-2011  Sedan   3XXXL-0
399	1	OK	34	3XXXL-0	非皮卡	Cadillac	DTS	2008		Sedan			3XXXL-0	34: Cadillac DTS 2006-2011  Sedan   3XXXL-0
400	1	OK	34	3XXXL-0	非皮卡	Cadillac	DTS	2009		Sedan			3XXXL-0	34: Cadillac DTS 2006-2011  Sedan   3XXXL-0
401	1	OK	34	3XXXL-0	非皮卡	Cadillac	DTS	2010		Sedan			3XXXL-0	34: Cadillac DTS 2006-2011  Sedan   3XXXL-0
402	1	OK	34	3XXXL-0	非皮卡	Cadillac	DTS	2011		Sedan			3XXXL-0	34: Cadillac DTS 2006-2011  Sedan   3XXXL-0
403	1	OK	35	3XXXL-0	非皮卡	Cadillac	DTS-L	2007		Sedan			3XXXL-0	35: Cadillac DTS-L 2007-2011  Sedan   3XXXL-0
404	1	OK	35	3XXXL-0	非皮卡	Cadillac	DTS-L	2008		Sedan			3XXXL-0	35: Cadillac DTS-L 2007-2011  Sedan   3XXXL-0
405	1	OK	35	3XXXL-0	非皮卡	Cadillac	DTS-L	2009		Sedan			3XXXL-0	35: Cadillac DTS-L 2007-2011  Sedan   3XXXL-0
406	1	OK	35	3XXXL-0	非皮卡	Cadillac	DTS-L	2010		Sedan			3XXXL-0	35: Cadillac DTS-L 2007-2011  Sedan   3XXXL-0
407	1	OK	35	3XXXL-0	非皮卡	Cadillac	DTS-L	2011		Sedan			3XXXL-0	35: Cadillac DTS-L 2007-2011  Sedan   3XXXL-0
408	1	OK	36	3XXXL-0	非皮卡	Cadillac	DeVille	1985		Sedan			3XXXL-0	36: Cadillac DeVille 1985-2005  Sedan   3XXXL-0
409	1	OK	36	3XXXL-0	非皮卡	Cadillac	DeVille	1986		Sedan			3XXXL-0	36: Cadillac DeVille 1985-2005  Sedan   3XXXL-0
410	1	OK	36	3XXXL-0	非皮卡	Cadillac	DeVille	1987		Sedan			3XXXL-0	36: Cadillac DeVille 1985-2005  Sedan   3XXXL-0
411	1	OK	36	3XXXL-0	非皮卡	Cadillac	DeVille	1988		Sedan			3XXXL-0	36: Cadillac DeVille 1985-2005  Sedan   3XXXL-0
412	1	OK	36	3XXXL-0	非皮卡	Cadillac	DeVille	1989		Sedan			3XXXL-0	36: Cadillac DeVille 1985-2005  Sedan   3XXXL-0
413	1	OK	36	3XXXL-0	非皮卡	Cadillac	DeVille	1990		Sedan			3XXXL-0	36: Cadillac DeVille 1985-2005  Sedan   3XXXL-0
414	1	OK	36	3XXXL-0	非皮卡	Cadillac	DeVille	1991		Sedan			3XXXL-0	36: Cadillac DeVille 1985-2005  Sedan   3XXXL-0
415	1	OK	36	3XXXL-0	非皮卡	Cadillac	DeVille	1992		Sedan			3XXXL-0	36: Cadillac DeVille 1985-2005  Sedan   3XXXL-0
416	1	OK	36	3XXXL-0	非皮卡	Cadillac	DeVille	1993		Sedan			3XXXL-0	36: Cadillac DeVille 1985-2005  Sedan   3XXXL-0
417	1	OK	36	3XXXL-0	非皮卡	Cadillac	DeVille	1994		Sedan			3XXXL-0	36: Cadillac DeVille 1985-2005  Sedan   3XXXL-0
418	1	OK	36	3XXXL-0	非皮卡	Cadillac	DeVille	1995		Sedan			3XXXL-0	36: Cadillac DeVille 1985-2005  Sedan   3XXXL-0
419	1	OK	36	3XXXL-0	非皮卡	Cadillac	DeVille	1996		Sedan			3XXXL-0	36: Cadillac DeVille 1985-2005  Sedan   3XXXL-0
420	1	OK	36	3XXXL-0	非皮卡	Cadillac	DeVille	1997		Sedan			3XXXL-0	36: Cadillac DeVille 1985-2005  Sedan   3XXXL-0
421	1	OK	36	3XXXL-0	非皮卡	Cadillac	DeVille	1998		Sedan			3XXXL-0	36: Cadillac DeVille 1985-2005  Sedan   3XXXL-0
422	1	OK	36	3XXXL-0	非皮卡	Cadillac	DeVille	1999		Sedan			3XXXL-0	36: Cadillac DeVille 1985-2005  Sedan   3XXXL-0
423	1	OK	36	3XXXL-0	非皮卡	Cadillac	DeVille	2000		Sedan			3XXXL-0	36: Cadillac DeVille 1985-2005  Sedan   3XXXL-0
424	1	OK	36	3XXXL-0	非皮卡	Cadillac	DeVille	2001		Sedan			3XXXL-0	36: Cadillac DeVille 1985-2005  Sedan   3XXXL-0
425	1	OK	36	3XXXL-0	非皮卡	Cadillac	DeVille	2002		Sedan			3XXXL-0	36: Cadillac DeVille 1985-2005  Sedan   3XXXL-0
426	1	OK	36	3XXXL-0	非皮卡	Cadillac	DeVille	2003		Sedan			3XXXL-0	36: Cadillac DeVille 1985-2005  Sedan   3XXXL-0
427	1	OK	36	3XXXL-0	非皮卡	Cadillac	DeVille	2004		Sedan			3XXXL-0	36: Cadillac DeVille 1985-2005  Sedan   3XXXL-0
428	1	OK	36	3XXXL-0	非皮卡	Cadillac	DeVille	2005		Sedan			3XXXL-0	36: Cadillac DeVille 1985-2005  Sedan   3XXXL-0
429	1	OK	37	3XXXL-0	非皮卡	Cadillac	STS	2005		Sedan			3XXXL-0	37: Cadillac STS 2005-2011 Incl: STS-V Sedan   3XXXL-0
430	1	OK	37	3XXXL-0	非皮卡	Cadillac	STS	2006		Sedan			3XXXL-0	37: Cadillac STS 2005-2011 Incl: STS-V Sedan   3XXXL-0
431	1	OK	37	3XXXL-0	非皮卡	Cadillac	STS	2006	STS-V	Sedan			3XXXL-0	37: Cadillac STS 2005-2011 Incl: STS-V Sedan   3XXXL-0
432	1	OK	37	3XXXL-0	非皮卡	Cadillac	STS	2007		Sedan			3XXXL-0	37: Cadillac STS 2005-2011 Incl: STS-V Sedan   3XXXL-0
433	1	OK	37	3XXXL-0	非皮卡	Cadillac	STS	2007	STS-V	Sedan			3XXXL-0	37: Cadillac STS 2005-2011 Incl: STS-V Sedan   3XXXL-0
434	1	OK	37	3XXXL-0	非皮卡	Cadillac	STS	2008		Sedan			3XXXL-0	37: Cadillac STS 2005-2011 Incl: STS-V Sedan   3XXXL-0
435	1	OK	37	3XXXL-0	非皮卡	Cadillac	STS	2008	STS-V	Sedan			3XXXL-0	37: Cadillac STS 2005-2011 Incl: STS-V Sedan   3XXXL-0
436	1	OK	37	3XXXL-0	非皮卡	Cadillac	STS	2009		Sedan			3XXXL-0	37: Cadillac STS 2005-2011 Incl: STS-V Sedan   3XXXL-0
437	1	OK	37	3XXXL-0	非皮卡	Cadillac	STS	2009	STS-V	Sedan			3XXXL-0	37: Cadillac STS 2005-2011 Incl: STS-V Sedan   3XXXL-0
438	1	OK	37	3XXXL-0	非皮卡	Cadillac	STS	2010		Sedan			3XXXL-0	37: Cadillac STS 2005-2011 Incl: STS-V Sedan   3XXXL-0
439	1	OK	37	3XXXL-0	非皮卡	Cadillac	STS	2011		Sedan			3XXXL-0	37: Cadillac STS 2005-2011 Incl: STS-V Sedan   3XXXL-0
440	1	OK	38	3XXXL-0	非皮卡	Cadillac	Seville	1976		Sedan			3XXXL-0	38: Cadillac Seville 1976-2004 Incl: SLS/STS Sedan   3XXXL-0
441	1	OK	38	3XXXL-0	非皮卡	Cadillac	Seville	1977		Sedan			3XXXL-0	38: Cadillac Seville 1976-2004 Incl: SLS/STS Sedan   3XXXL-0
442	1	OK	38	3XXXL-0	非皮卡	Cadillac	Seville	1978		Sedan			3XXXL-0	38: Cadillac Seville 1976-2004 Incl: SLS/STS Sedan   3XXXL-0
443	1	OK	38	3XXXL-0	非皮卡	Cadillac	Seville	1979		Sedan			3XXXL-0	38: Cadillac Seville 1976-2004 Incl: SLS/STS Sedan   3XXXL-0
444	1	OK	38	3XXXL-0	非皮卡	Cadillac	Seville	1980		Sedan			3XXXL-0	38: Cadillac Seville 1976-2004 Incl: SLS/STS Sedan   3XXXL-0
445	1	OK	38	3XXXL-0	非皮卡	Cadillac	Seville	1981		Sedan			3XXXL-0	38: Cadillac Seville 1976-2004 Incl: SLS/STS Sedan   3XXXL-0
446	1	OK	38	3XXXL-0	非皮卡	Cadillac	Seville	1982		Sedan			3XXXL-0	38: Cadillac Seville 1976-2004 Incl: SLS/STS Sedan   3XXXL-0
447	1	OK	38	3XXXL-0	非皮卡	Cadillac	Seville	1983		Sedan			3XXXL-0	38: Cadillac Seville 1976-2004 Incl: SLS/STS Sedan   3XXXL-0
448	1	OK	38	3XXXL-0	非皮卡	Cadillac	Seville	1984		Sedan			3XXXL-0	38: Cadillac Seville 1976-2004 Incl: SLS/STS Sedan   3XXXL-0
449	1	OK	38	3XXXL-0	非皮卡	Cadillac	Seville	1985		Sedan			3XXXL-0	38: Cadillac Seville 1976-2004 Incl: SLS/STS Sedan   3XXXL-0
450	1	OK	38	3XXXL-0	非皮卡	Cadillac	Seville	1992		Sedan			3XXXL-0	38: Cadillac Seville 1976-2004 Incl: SLS/STS Sedan   3XXXL-0
451	1	OK	38	3XXXL-0	非皮卡	Cadillac	Seville	1993		Sedan			3XXXL-0	38: Cadillac Seville 1976-2004 Incl: SLS/STS Sedan   3XXXL-0
452	1	OK	38	3XXXL-0	非皮卡	Cadillac	Seville	1994	STS/SLS	Sedan			3XXXL-0	38: Cadillac Seville 1976-2004 Incl: SLS/STS Sedan   3XXXL-0
453	1	OK	38	3XXXL-0	非皮卡	Cadillac	Seville	1995	STS/SLS	Sedan			3XXXL-0	38: Cadillac Seville 1976-2004 Incl: SLS/STS Sedan   3XXXL-0
454	1	OK	38	3XXXL-0	非皮卡	Cadillac	Seville	1996	STS/SLS	Sedan			3XXXL-0	38: Cadillac Seville 1976-2004 Incl: SLS/STS Sedan   3XXXL-0
455	1	OK	38	3XXXL-0	非皮卡	Cadillac	Seville	1997	STS/SLS	Sedan			3XXXL-0	38: Cadillac Seville 1976-2004 Incl: SLS/STS Sedan   3XXXL-0
456	1	OK	38	3XXXL-0	非皮卡	Cadillac	Seville	1998	STS/SLS	Sedan			3XXXL-0	38: Cadillac Seville 1976-2004 Incl: SLS/STS Sedan   3XXXL-0
457	1	OK	38	3XXXL-0	非皮卡	Cadillac	Seville	1999	STS/SLS	Sedan			3XXXL-0	38: Cadillac Seville 1976-2004 Incl: SLS/STS Sedan   3XXXL-0
458	1	OK	38	3XXXL-0	非皮卡	Cadillac	Seville	2000	STS/SLS	Sedan			3XXXL-0	38: Cadillac Seville 1976-2004 Incl: SLS/STS Sedan   3XXXL-0
459	1	OK	38	3XXXL-0	非皮卡	Cadillac	Seville	2001	STS/SLS	Sedan			3XXXL-0	38: Cadillac Seville 1976-2004 Incl: SLS/STS Sedan   3XXXL-0
460	1	OK	38	3XXXL-0	非皮卡	Cadillac	Seville	2002	STS/SLS	Sedan			3XXXL-0	38: Cadillac Seville 1976-2004 Incl: SLS/STS Sedan   3XXXL-0
461	1	OK	38	3XXXL-0	非皮卡	Cadillac	Seville	2003	STS/SLS	Sedan			3XXXL-0	38: Cadillac Seville 1976-2004 Incl: SLS/STS Sedan   3XXXL-0
462	1	OK	38	3XXXL-0	非皮卡	Cadillac	Seville	2004	STS/SLS	Sedan			3XXXL-0	38: Cadillac Seville 1976-2004 Incl: SLS/STS Sedan   3XXXL-0
463	1	OK	39	3XXXL-0	非皮卡	Cadillac	XTS	2015		Sedan			3XXXL-0	39: Cadillac XTS 2015-2019  Sedan   3XXXL-0
464	1	OK	39	3XXXL-0	非皮卡	Cadillac	XTS	2016		Sedan			3XXXL-0	39: Cadillac XTS 2015-2019  Sedan   3XXXL-0
465	1	OK	39	3XXXL-0	非皮卡	Cadillac	XTS	2017		Sedan			3XXXL-0	39: Cadillac XTS 2015-2019  Sedan   3XXXL-0
466	1	OK	39	3XXXL-0	非皮卡	Cadillac	XTS	2018		Sedan			3XXXL-0	39: Cadillac XTS 2015-2019  Sedan   3XXXL-0
467	1	OK	39	3XXXL-0	非皮卡	Cadillac	XTS	2019		Sedan			3XXXL-0	39: Cadillac XTS 2015-2019  Sedan   3XXXL-0
468	1	OK	40	3XXXL-0	非皮卡	Chevrolet	Bel Air	1953		Sedan			3XXXL-0	40: Chevrolet Bel Air 1953-1971 Incl: 2dr/4dr Sedan   3XXXL-0
469	1	OK	40	3XXXL-0	非皮卡	Chevrolet	Bel Air	1954		Sedan			3XXXL-0	40: Chevrolet Bel Air 1953-1971 Incl: 2dr/4dr Sedan   3XXXL-0
470	1	OK	40	3XXXL-0	非皮卡	Chevrolet	Bel Air	1955		Sedan			3XXXL-0	40: Chevrolet Bel Air 1953-1971 Incl: 2dr/4dr Sedan   3XXXL-0
471	1	OK	40	3XXXL-0	非皮卡	Chevrolet	Bel Air	1956		Sedan			3XXXL-0	40: Chevrolet Bel Air 1953-1971 Incl: 2dr/4dr Sedan   3XXXL-0
472	1	OK	40	3XXXL-0	非皮卡	Chevrolet	Bel Air	1957		Sedan			3XXXL-0	40: Chevrolet Bel Air 1953-1971 Incl: 2dr/4dr Sedan   3XXXL-0
473	1	OK	40	3XXXL-0	非皮卡	Chevrolet	Bel Air	1958		Sedan			3XXXL-0	40: Chevrolet Bel Air 1953-1971 Incl: 2dr/4dr Sedan   3XXXL-0
474	1	OK	40	3XXXL-0	非皮卡	Chevrolet	Bel Air	1959		Sedan			3XXXL-0	40: Chevrolet Bel Air 1953-1971 Incl: 2dr/4dr Sedan   3XXXL-0
475	1	OK	40	3XXXL-0	非皮卡	Chevrolet	Bel Air	1959	2dr	Sedan			3XXXL-0	40: Chevrolet Bel Air 1953-1971 Incl: 2dr/4dr Sedan   3XXXL-0
476	1	OK	40	3XXXL-0	非皮卡	Chevrolet	Bel Air	1959	4dr	Sedan			3XXXL-0	40: Chevrolet Bel Air 1953-1971 Incl: 2dr/4dr Sedan   3XXXL-0
477	1	OK	40	3XXXL-0	非皮卡	Chevrolet	Bel Air	1960		Sedan			3XXXL-0	40: Chevrolet Bel Air 1953-1971 Incl: 2dr/4dr Sedan   3XXXL-0
478	1	OK	40	3XXXL-0	非皮卡	Chevrolet	Bel Air	1960	2dr	Sedan			3XXXL-0	40: Chevrolet Bel Air 1953-1971 Incl: 2dr/4dr Sedan   3XXXL-0
479	1	OK	40	3XXXL-0	非皮卡	Chevrolet	Bel Air	1960	4dr	Sedan			3XXXL-0	40: Chevrolet Bel Air 1953-1971 Incl: 2dr/4dr Sedan   3XXXL-0
480	1	OK	40	3XXXL-0	非皮卡	Chevrolet	Bel Air	1961		Sedan			3XXXL-0	40: Chevrolet Bel Air 1953-1971 Incl: 2dr/4dr Sedan   3XXXL-0
481	1	OK	40	3XXXL-0	非皮卡	Chevrolet	Bel Air	1962		Sedan			3XXXL-0	40: Chevrolet Bel Air 1953-1971 Incl: 2dr/4dr Sedan   3XXXL-0
482	1	OK	40	3XXXL-0	非皮卡	Chevrolet	Bel Air	1963		Sedan			3XXXL-0	40: Chevrolet Bel Air 1953-1971 Incl: 2dr/4dr Sedan   3XXXL-0
483	1	OK	40	3XXXL-0	非皮卡	Chevrolet	Bel Air	1964		Sedan			3XXXL-0	40: Chevrolet Bel Air 1953-1971 Incl: 2dr/4dr Sedan   3XXXL-0
484	1	OK	40	3XXXL-0	非皮卡	Chevrolet	Bel Air	1965		Sedan			3XXXL-0	40: Chevrolet Bel Air 1953-1971 Incl: 2dr/4dr Sedan   3XXXL-0
485	1	OK	40	3XXXL-0	非皮卡	Chevrolet	Bel Air	1966		Sedan			3XXXL-0	40: Chevrolet Bel Air 1953-1971 Incl: 2dr/4dr Sedan   3XXXL-0
486	1	OK	40	3XXXL-0	非皮卡	Chevrolet	Bel Air	1970		Sedan			3XXXL-0	40: Chevrolet Bel Air 1953-1971 Incl: 2dr/4dr Sedan   3XXXL-0
487	1	OK	40	3XXXL-0	非皮卡	Chevrolet	Bel Air	1971		Sedan			3XXXL-0	40: Chevrolet Bel Air 1953-1971 Incl: 2dr/4dr Sedan   3XXXL-0
488	1	OK	41	3XXXL-0	非皮卡	Chevrolet	Caprice	1966		Sedan			3XXXL-0	41: Chevrolet Caprice 1966-1970  Sedan   3XXXL-0
489	1	OK	41	3XXXL-0	非皮卡	Chevrolet	Caprice	1967		Sedan			3XXXL-0	41: Chevrolet Caprice 1966-1970  Sedan   3XXXL-0
490	1	OK	41	3XXXL-0	非皮卡	Chevrolet	Caprice	1968		Sedan			3XXXL-0	41: Chevrolet Caprice 1966-1970  Sedan   3XXXL-0
491	1	OK	41	3XXXL-0	非皮卡	Chevrolet	Caprice	1969		Sedan			3XXXL-0	41: Chevrolet Caprice 1966-1970  Sedan   3XXXL-0
492	1	OK	41	3XXXL-0	非皮卡	Chevrolet	Caprice	1970		Sedan			3XXXL-0	41: Chevrolet Caprice 1966-1970  Sedan   3XXXL-0
493	1	OK	42	3XXXL-0	非皮卡	Chevrolet	Chevelle	1964		Sedan			3XXXL-0	42: Chevrolet Chevelle 1964-1977  Sedan   3XXXL-0
494	1	OK	42	3XXXL-0	非皮卡	Chevrolet	Chevelle	1965		Sedan			3XXXL-0	42: Chevrolet Chevelle 1964-1977  Sedan   3XXXL-0
495	1	OK	42	3XXXL-0	非皮卡	Chevrolet	Chevelle	1966		Sedan			3XXXL-0	42: Chevrolet Chevelle 1964-1977  Sedan   3XXXL-0
496	1	OK	42	3XXXL-0	非皮卡	Chevrolet	Chevelle	1967		Sedan			3XXXL-0	42: Chevrolet Chevelle 1964-1977  Sedan   3XXXL-0
497	1	OK	42	3XXXL-0	非皮卡	Chevrolet	Chevelle	1968		Sedan			3XXXL-0	42: Chevrolet Chevelle 1964-1977  Sedan   3XXXL-0
498	1	OK	42	3XXXL-0	非皮卡	Chevrolet	Chevelle	1969		Sedan			3XXXL-0	42: Chevrolet Chevelle 1964-1977  Sedan   3XXXL-0
499	1	OK	42	3XXXL-0	非皮卡	Chevrolet	Chevelle	1970		Sedan			3XXXL-0	42: Chevrolet Chevelle 1964-1977  Sedan   3XXXL-0
500	1	OK	42	3XXXL-0	非皮卡	Chevrolet	Chevelle	1971		Sedan			3XXXL-0	42: Chevrolet Chevelle 1964-1977  Sedan   3XXXL-0
501	1	OK	42	3XXXL-0	非皮卡	Chevrolet	Chevelle	1972		Sedan			3XXXL-0	42: Chevrolet Chevelle 1964-1977  Sedan   3XXXL-0
502	1	OK	42	3XXXL-0	非皮卡	Chevrolet	Chevelle	1973		Sedan			3XXXL-0	42: Chevrolet Chevelle 1964-1977  Sedan   3XXXL-0
503	1	OK	42	3XXXL-0	非皮卡	Chevrolet	Chevelle	1974		Sedan			3XXXL-0	42: Chevrolet Chevelle 1964-1977  Sedan   3XXXL-0
504	1	OK	42	3XXXL-0	非皮卡	Chevrolet	Chevelle	1975		Sedan			3XXXL-0	42: Chevrolet Chevelle 1964-1977  Sedan   3XXXL-0
505	1	OK	42	3XXXL-0	非皮卡	Chevrolet	Chevelle	1976		Sedan			3XXXL-0	42: Chevrolet Chevelle 1964-1977  Sedan   3XXXL-0
506	1	OK	42	3XXXL-0	非皮卡	Chevrolet	Chevelle	1977		Sedan			3XXXL-0	42: Chevrolet Chevelle 1964-1977  Sedan   3XXXL-0
507	1	OK	43	3XXXL-0	非皮卡	Chevrolet	Impala	1973	Impala SS	Sedan			3XXXL-0	43: Chevrolet Impala 1973-2020 Incl: Impala SS/SS Sedan   3XXXL-0
508	1	OK	43	3XXXL-0	非皮卡	Chevrolet	Impala	1974		Sedan			3XXXL-0	43: Chevrolet Impala 1973-2020 Incl: Impala SS/SS Sedan   3XXXL-0
509	1	OK	43	3XXXL-0	非皮卡	Chevrolet	Impala	1974	Impala SS	Sedan			3XXXL-0	43: Chevrolet Impala 1973-2020 Incl: Impala SS/SS Sedan   3XXXL-0
510	1	OK	43	3XXXL-0	非皮卡	Chevrolet	Impala	1975	Impala SS	Sedan			3XXXL-0	43: Chevrolet Impala 1973-2020 Incl: Impala SS/SS Sedan   3XXXL-0
511	1	OK	43	3XXXL-0	非皮卡	Chevrolet	Impala	1976	Impala SS	Sedan			3XXXL-0	43: Chevrolet Impala 1973-2020 Incl: Impala SS/SS Sedan   3XXXL-0
512	1	OK	43	3XXXL-0	非皮卡	Chevrolet	Impala	1994	SS	Sedan			3XXXL-0	43: Chevrolet Impala 1973-2020 Incl: Impala SS/SS Sedan   3XXXL-0
513	1	OK	43	3XXXL-0	非皮卡	Chevrolet	Impala	1995	SS	Sedan			3XXXL-0	43: Chevrolet Impala 1973-2020 Incl: Impala SS/SS Sedan   3XXXL-0
514	1	OK	43	3XXXL-0	非皮卡	Chevrolet	Impala	1996	SS	Sedan			3XXXL-0	43: Chevrolet Impala 1973-2020 Incl: Impala SS/SS Sedan   3XXXL-0
515	1	OK	43	3XXXL-0	非皮卡	Chevrolet	Impala	2014		Sedan			3XXXL-0	43: Chevrolet Impala 1973-2020 Incl: Impala SS/SS Sedan   3XXXL-0
516	1	OK	43	3XXXL-0	非皮卡	Chevrolet	Impala	2015		Sedan			3XXXL-0	43: Chevrolet Impala 1973-2020 Incl: Impala SS/SS Sedan   3XXXL-0
517	1	OK	43	3XXXL-0	非皮卡	Chevrolet	Impala	2015		Sedan			3XXXL-0	43: Chevrolet Impala 1973-2020 Incl: Impala SS/SS Sedan   3XXXL-0
518	1	OK	43	3XXXL-0	非皮卡	Chevrolet	Impala	2016		Sedan			3XXXL-0	43: Chevrolet Impala 1973-2020 Incl: Impala SS/SS Sedan   3XXXL-0
519	1	OK	43	3XXXL-0	非皮卡	Chevrolet	Impala	2016		Sedan			3XXXL-0	43: Chevrolet Impala 1973-2020 Incl: Impala SS/SS Sedan   3XXXL-0
520	1	OK	43	3XXXL-0	非皮卡	Chevrolet	Impala	2017		Sedan			3XXXL-0	43: Chevrolet Impala 1973-2020 Incl: Impala SS/SS Sedan   3XXXL-0
521	1	OK	43	3XXXL-0	非皮卡	Chevrolet	Impala	2018		Sedan			3XXXL-0	43: Chevrolet Impala 1973-2020 Incl: Impala SS/SS Sedan   3XXXL-0
522	1	OK	43	3XXXL-0	非皮卡	Chevrolet	Impala	2018		Sedan			3XXXL-0	43: Chevrolet Impala 1973-2020 Incl: Impala SS/SS Sedan   3XXXL-0
523	1	OK	43	3XXXL-0	非皮卡	Chevrolet	Impala	2019		Sedan			3XXXL-0	43: Chevrolet Impala 1973-2020 Incl: Impala SS/SS Sedan   3XXXL-0
524	1	OK	43	3XXXL-0	非皮卡	Chevrolet	Impala	2019		Sedan			3XXXL-0	43: Chevrolet Impala 1973-2020 Incl: Impala SS/SS Sedan   3XXXL-0
525	1	OK	43	3XXXL-0	非皮卡	Chevrolet	Impala	2019		Sedan			3XXXL-0	43: Chevrolet Impala 1973-2020 Incl: Impala SS/SS Sedan   3XXXL-0
526	1	OK	43	3XXXL-0	非皮卡	Chevrolet	Impala	2020		Sedan			3XXXL-0	43: Chevrolet Impala 1973-2020 Incl: Impala SS/SS Sedan   3XXXL-0
527	1	OK	43	3XXXL-0	非皮卡	Chevrolet	Impala	2020		Sedan			3XXXL-0	43: Chevrolet Impala 1973-2020 Incl: Impala SS/SS Sedan   3XXXL-0
528	1	OK	44	3XXXL-0	非皮卡	Chevrolet	Lumina	1990		Sedan			3XXXL-0	44: Chevrolet Lumina 1990-2001  Sedan   3XXXL-0
529	1	OK	44	3XXXL-0	非皮卡	Chevrolet	Lumina	1991		Sedan			3XXXL-0	44: Chevrolet Lumina 1990-2001  Sedan   3XXXL-0
530	1	OK	44	3XXXL-0	非皮卡	Chevrolet	Lumina	1992		Sedan			3XXXL-0	44: Chevrolet Lumina 1990-2001  Sedan   3XXXL-0
531	1	OK	44	3XXXL-0	非皮卡	Chevrolet	Lumina	1993		Sedan			3XXXL-0	44: Chevrolet Lumina 1990-2001  Sedan   3XXXL-0
532	1	OK	44	3XXXL-0	非皮卡	Chevrolet	Lumina	1994		Sedan			3XXXL-0	44: Chevrolet Lumina 1990-2001  Sedan   3XXXL-0
533	1	OK	44	3XXXL-0	非皮卡	Chevrolet	Lumina	1995		Sedan			3XXXL-0	44: Chevrolet Lumina 1990-2001  Sedan   3XXXL-0
534	1	OK	44	3XXXL-0	非皮卡	Chevrolet	Lumina	1996		Sedan			3XXXL-0	44: Chevrolet Lumina 1990-2001  Sedan   3XXXL-0
535	1	OK	44	3XXXL-0	非皮卡	Chevrolet	Lumina	1997		Sedan			3XXXL-0	44: Chevrolet Lumina 1990-2001  Sedan   3XXXL-0
536	1	OK	44	3XXXL-0	非皮卡	Chevrolet	Lumina	1998		Sedan			3XXXL-0	44: Chevrolet Lumina 1990-2001  Sedan   3XXXL-0
537	1	OK	44	3XXXL-0	非皮卡	Chevrolet	Lumina	1999		Sedan			3XXXL-0	44: Chevrolet Lumina 1990-2001  Sedan   3XXXL-0
538	1	OK	44	3XXXL-0	非皮卡	Chevrolet	Lumina	2000		Sedan			3XXXL-0	44: Chevrolet Lumina 1990-2001  Sedan   3XXXL-0
539	1	OK	44	3XXXL-0	非皮卡	Chevrolet	Lumina	2001		Sedan			3XXXL-0	44: Chevrolet Lumina 1990-2001  Sedan   3XXXL-0
540	1	OK	45	3XXXL-0	非皮卡	Chevrolet	Malibu	1964		Sedan			3XXXL-0	45: Chevrolet Malibu 1964-2025  Sedan   3XXXL-0
541	1	OK	45	3XXXL-0	非皮卡	Chevrolet	Malibu	1965		Sedan			3XXXL-0	45: Chevrolet Malibu 1964-2025  Sedan   3XXXL-0
542	1	OK	45	3XXXL-0	非皮卡	Chevrolet	Malibu	1966		Sedan			3XXXL-0	45: Chevrolet Malibu 1964-2025  Sedan   3XXXL-0
543	1	OK	45	3XXXL-0	非皮卡	Chevrolet	Malibu	1967		Sedan			3XXXL-0	45: Chevrolet Malibu 1964-2025  Sedan   3XXXL-0
544	1	OK	45	3XXXL-0	非皮卡	Chevrolet	Malibu	1968		Sedan			3XXXL-0	45: Chevrolet Malibu 1964-2025  Sedan   3XXXL-0
545	1	OK	45	3XXXL-0	非皮卡	Chevrolet	Malibu	1969		Sedan			3XXXL-0	45: Chevrolet Malibu 1964-2025  Sedan   3XXXL-0
546	1	OK	45	3XXXL-0	非皮卡	Chevrolet	Malibu	1970		Sedan			3XXXL-0	45: Chevrolet Malibu 1964-2025  Sedan   3XXXL-0
547	1	OK	45	3XXXL-0	非皮卡	Chevrolet	Malibu	1971		Sedan			3XXXL-0	45: Chevrolet Malibu 1964-2025  Sedan   3XXXL-0
548	1	OK	45	3XXXL-0	非皮卡	Chevrolet	Malibu	1972		Sedan			3XXXL-0	45: Chevrolet Malibu 1964-2025  Sedan   3XXXL-0
549	1	OK	45	3XXXL-0	非皮卡	Chevrolet	Malibu	1973		Sedan			3XXXL-0	45: Chevrolet Malibu 1964-2025  Sedan   3XXXL-0
550	1	OK	45	3XXXL-0	非皮卡	Chevrolet	Malibu	1974		Sedan			3XXXL-0	45: Chevrolet Malibu 1964-2025  Sedan   3XXXL-0
551	1	OK	45	3XXXL-0	非皮卡	Chevrolet	Malibu	1975		Sedan			3XXXL-0	45: Chevrolet Malibu 1964-2025  Sedan   3XXXL-0
552	1	OK	45	3XXXL-0	非皮卡	Chevrolet	Malibu	1976		Sedan			3XXXL-0	45: Chevrolet Malibu 1964-2025  Sedan   3XXXL-0
553	1	OK	45	3XXXL-0	非皮卡	Chevrolet	Malibu	1977		Sedan			3XXXL-0	45: Chevrolet Malibu 1964-2025  Sedan   3XXXL-0
554	1	OK	45	3XXXL-0	非皮卡	Chevrolet	Malibu	1978		Sedan			3XXXL-0	45: Chevrolet Malibu 1964-2025  Sedan   3XXXL-0
555	1	OK	45	3XXXL-0	非皮卡	Chevrolet	Malibu	1979		Sedan			3XXXL-0	45: Chevrolet Malibu 1964-2025  Sedan   3XXXL-0
556	1	OK	45	3XXXL-0	非皮卡	Chevrolet	Malibu	1980		Sedan			3XXXL-0	45: Chevrolet Malibu 1964-2025  Sedan   3XXXL-0
557	1	OK	45	3XXXL-0	非皮卡	Chevrolet	Malibu	1981		Sedan			3XXXL-0	45: Chevrolet Malibu 1964-2025  Sedan   3XXXL-0
558	1	OK	45	3XXXL-0	非皮卡	Chevrolet	Malibu	1982		Sedan			3XXXL-0	45: Chevrolet Malibu 1964-2025  Sedan   3XXXL-0
559	1	OK	45	3XXXL-0	非皮卡	Chevrolet	Malibu	1983		Sedan			3XXXL-0	45: Chevrolet Malibu 1964-2025  Sedan   3XXXL-0
560	1	OK	45	3XXXL-0	非皮卡	Chevrolet	Malibu	2016		Sedan			3XXXL-0	45: Chevrolet Malibu 1964-2025  Sedan   3XXXL-0
561	1	OK	45	3XXXL-0	非皮卡	Chevrolet	Malibu	2017		Sedan			3XXXL-0	45: Chevrolet Malibu 1964-2025  Sedan   3XXXL-0
562	1	OK	45	3XXXL-0	非皮卡	Chevrolet	Malibu	2018		Sedan			3XXXL-0	45: Chevrolet Malibu 1964-2025  Sedan   3XXXL-0
563	1	OK	45	3XXXL-0	非皮卡	Chevrolet	Malibu	2019		Sedan			3XXXL-0	45: Chevrolet Malibu 1964-2025  Sedan   3XXXL-0
564	1	OK	45	3XXXL-0	非皮卡	Chevrolet	Malibu	2020		Sedan			3XXXL-0	45: Chevrolet Malibu 1964-2025  Sedan   3XXXL-0
565	1	OK	45	3XXXL-0	非皮卡	Chevrolet	Malibu	2021		Sedan			3XXXL-0	45: Chevrolet Malibu 1964-2025  Sedan   3XXXL-0
566	1	OK	45	3XXXL-0	非皮卡	Chevrolet	Malibu	2022		Sedan			3XXXL-0	45: Chevrolet Malibu 1964-2025  Sedan   3XXXL-0
567	1	OK	45	3XXXL-0	非皮卡	Chevrolet	Malibu	2023		Sedan			3XXXL-0	45: Chevrolet Malibu 1964-2025  Sedan   3XXXL-0
568	1	OK	45	3XXXL-0	非皮卡	Chevrolet	Malibu	2024		Sedan			3XXXL-0	45: Chevrolet Malibu 1964-2025  Sedan   3XXXL-0
569	1	OK	45	3XXXL-0	非皮卡	Chevrolet	Malibu	2025		Sedan			3XXXL-0	45: Chevrolet Malibu 1964-2025  Sedan   3XXXL-0
570	1	OK	46	3XXXL-0	非皮卡	Chevrolet	Nova	1973		Sedan			3XXXL-0	46: Chevrolet Nova 1973-1979  Sedan   3XXXL-0
571	1	OK	46	3XXXL-0	非皮卡	Chevrolet	Nova	1974		Sedan			3XXXL-0	46: Chevrolet Nova 1973-1979  Sedan   3XXXL-0
572	1	OK	46	3XXXL-0	非皮卡	Chevrolet	Nova	1975		Sedan			3XXXL-0	46: Chevrolet Nova 1973-1979  Sedan   3XXXL-0
573	1	OK	46	3XXXL-0	非皮卡	Chevrolet	Nova	1976		Sedan			3XXXL-0	46: Chevrolet Nova 1973-1979  Sedan   3XXXL-0
574	1	OK	46	3XXXL-0	非皮卡	Chevrolet	Nova	1977		Sedan			3XXXL-0	46: Chevrolet Nova 1973-1979  Sedan   3XXXL-0
575	1	OK	46	3XXXL-0	非皮卡	Chevrolet	Nova	1978		Sedan			3XXXL-0	46: Chevrolet Nova 1973-1979  Sedan   3XXXL-0
576	1	OK	46	3XXXL-0	非皮卡	Chevrolet	Nova	1979		Sedan			3XXXL-0	46: Chevrolet Nova 1973-1979  Sedan   3XXXL-0
577	1	OK	47	3XXXL-0	非皮卡	Chevrolet	SS	2014		Sedan			3XXXL-0	47: Chevrolet SS 2014-2017  Sedan   3XXXL-0
578	1	OK	47	3XXXL-0	非皮卡	Chevrolet	SS	2015		Sedan			3XXXL-0	47: Chevrolet SS 2014-2017  Sedan   3XXXL-0
579	1	OK	47	3XXXL-0	非皮卡	Chevrolet	SS	2016		Sedan			3XXXL-0	47: Chevrolet SS 2014-2017  Sedan   3XXXL-0
580	1	OK	47	3XXXL-0	非皮卡	Chevrolet	SS	2017		Sedan			3XXXL-0	47: Chevrolet SS 2014-2017  Sedan   3XXXL-0
581	1	OK	48	3XXXL-0	非皮卡	Chrysler	200	2015		Sedan			3XXXL-0	48: Chrysler 200 2015-2017  Sedan   3XXXL-0
582	1	OK	48	3XXXL-0	非皮卡	Chrysler	200	2016		Sedan			3XXXL-0	48: Chrysler 200 2015-2017  Sedan   3XXXL-0
583	1	OK	48	3XXXL-0	非皮卡	Chrysler	200	2017		Sedan			3XXXL-0	48: Chrysler 200 2015-2017  Sedan   3XXXL-0
584	1	OK	49	3XXXL-0	非皮卡	Chrysler	200 Series	2015		Sedan			3XXXL-0	49: Chrysler 200 Series 2015-2017  Sedan   3XXXL-0
585	1	OK	49	3XXXL-0	非皮卡	Chrysler	200 Series	2016		Sedan			3XXXL-0	49: Chrysler 200 Series 2015-2017  Sedan   3XXXL-0
586	1	OK	49	3XXXL-0	非皮卡	Chrysler	200 Series	2017		Sedan			3XXXL-0	49: Chrysler 200 Series 2015-2017  Sedan   3XXXL-0
587	1	OK	50	3XXXL-0	非皮卡	Chrysler	300	2005		Sedan			3XXXL-0	50: Chrysler 300 2005-2023  Sedan   3XXXL-0
588	1	OK	50	3XXXL-0	非皮卡	Chrysler	300	2006		Sedan			3XXXL-0	50: Chrysler 300 2005-2023  Sedan   3XXXL-0
589	1	OK	50	3XXXL-0	非皮卡	Chrysler	300	2007		Sedan			3XXXL-0	50: Chrysler 300 2005-2023  Sedan   3XXXL-0
590	1	OK	50	3XXXL-0	非皮卡	Chrysler	300	2008		Sedan			3XXXL-0	50: Chrysler 300 2005-2023  Sedan   3XXXL-0
591	1	OK	50	3XXXL-0	非皮卡	Chrysler	300	2009		Sedan			3XXXL-0	50: Chrysler 300 2005-2023  Sedan   3XXXL-0
592	1	OK	50	3XXXL-0	非皮卡	Chrysler	300	2010		Sedan			3XXXL-0	50: Chrysler 300 2005-2023  Sedan   3XXXL-0
593	1	OK	50	3XXXL-0	非皮卡	Chrysler	300	2011		Sedan			3XXXL-0	50: Chrysler 300 2005-2023  Sedan   3XXXL-0
594	1	OK	50	3XXXL-0	非皮卡	Chrysler	300	2012		Sedan			3XXXL-0	50: Chrysler 300 2005-2023  Sedan   3XXXL-0
595	1	OK	50	3XXXL-0	非皮卡	Chrysler	300	2013		Sedan			3XXXL-0	50: Chrysler 300 2005-2023  Sedan   3XXXL-0
596	1	OK	50	3XXXL-0	非皮卡	Chrysler	300	2014		Sedan			3XXXL-0	50: Chrysler 300 2005-2023  Sedan   3XXXL-0
597	1	OK	50	3XXXL-0	非皮卡	Chrysler	300	2015		Sedan			3XXXL-0	50: Chrysler 300 2005-2023  Sedan   3XXXL-0
598	1	OK	50	3XXXL-0	非皮卡	Chrysler	300	2016		Sedan			3XXXL-0	50: Chrysler 300 2005-2023  Sedan   3XXXL-0
599	1	OK	50	3XXXL-0	非皮卡	Chrysler	300	2017		Sedan			3XXXL-0	50: Chrysler 300 2005-2023  Sedan   3XXXL-0
600	1	OK	50	3XXXL-0	非皮卡	Chrysler	300	2018		Sedan			3XXXL-0	50: Chrysler 300 2005-2023  Sedan   3XXXL-0
601	1	OK	50	3XXXL-0	非皮卡	Chrysler	300	2019		Sedan			3XXXL-0	50: Chrysler 300 2005-2023  Sedan   3XXXL-0
602	1	OK	50	3XXXL-0	非皮卡	Chrysler	300	2020		Sedan			3XXXL-0	50: Chrysler 300 2005-2023  Sedan   3XXXL-0
603	1	OK	50	3XXXL-0	非皮卡	Chrysler	300	2021		Sedan			3XXXL-0	50: Chrysler 300 2005-2023  Sedan   3XXXL-0
604	1	OK	50	3XXXL-0	非皮卡	Chrysler	300	2022		Sedan			3XXXL-0	50: Chrysler 300 2005-2023  Sedan   3XXXL-0
605	1	OK	50	3XXXL-0	非皮卡	Chrysler	300	2023		Sedan			3XXXL-0	50: Chrysler 300 2005-2023  Sedan   3XXXL-0
606	1	OK	51	3XXXL-0	非皮卡	Chrysler	300 series	1999	300M	Sedan			3XXXL-0	51: Chrysler 300 series 1999-2023 Incl: 300M Sedan   3XXXL-0
607	1	OK	51	3XXXL-0	非皮卡	Chrysler	300 series	2000	300M	Sedan			3XXXL-0	51: Chrysler 300 series 1999-2023 Incl: 300M Sedan   3XXXL-0
608	1	OK	51	3XXXL-0	非皮卡	Chrysler	300 series	2001	300M	Sedan			3XXXL-0	51: Chrysler 300 series 1999-2023 Incl: 300M Sedan   3XXXL-0
609	1	OK	51	3XXXL-0	非皮卡	Chrysler	300 series	2002	300M	Sedan			3XXXL-0	51: Chrysler 300 series 1999-2023 Incl: 300M Sedan   3XXXL-0
610	1	OK	51	3XXXL-0	非皮卡	Chrysler	300 series	2003	300M	Sedan			3XXXL-0	51: Chrysler 300 series 1999-2023 Incl: 300M Sedan   3XXXL-0
611	1	OK	51	3XXXL-0	非皮卡	Chrysler	300 series	2004	300M	Sedan			3XXXL-0	51: Chrysler 300 series 1999-2023 Incl: 300M Sedan   3XXXL-0
612	1	OK	51	3XXXL-0	非皮卡	Chrysler	300 series	2005		Sedan			3XXXL-0	51: Chrysler 300 series 1999-2023 Incl: 300M Sedan   3XXXL-0
613	1	OK	51	3XXXL-0	非皮卡	Chrysler	300 series	2006		Sedan			3XXXL-0	51: Chrysler 300 series 1999-2023 Incl: 300M Sedan   3XXXL-0
614	1	OK	51	3XXXL-0	非皮卡	Chrysler	300 series	2007		Sedan			3XXXL-0	51: Chrysler 300 series 1999-2023 Incl: 300M Sedan   3XXXL-0
615	1	OK	51	3XXXL-0	非皮卡	Chrysler	300 series	2008		Sedan			3XXXL-0	51: Chrysler 300 series 1999-2023 Incl: 300M Sedan   3XXXL-0
616	1	OK	51	3XXXL-0	非皮卡	Chrysler	300 series	2009		Sedan			3XXXL-0	51: Chrysler 300 series 1999-2023 Incl: 300M Sedan   3XXXL-0
617	1	OK	51	3XXXL-0	非皮卡	Chrysler	300 series	2010		Sedan			3XXXL-0	51: Chrysler 300 series 1999-2023 Incl: 300M Sedan   3XXXL-0
618	1	OK	51	3XXXL-0	非皮卡	Chrysler	300 series	2011		Sedan			3XXXL-0	51: Chrysler 300 series 1999-2023 Incl: 300M Sedan   3XXXL-0
619	1	OK	51	3XXXL-0	非皮卡	Chrysler	300 series	2012		Sedan			3XXXL-0	51: Chrysler 300 series 1999-2023 Incl: 300M Sedan   3XXXL-0
620	1	OK	51	3XXXL-0	非皮卡	Chrysler	300 series	2013		Sedan			3XXXL-0	51: Chrysler 300 series 1999-2023 Incl: 300M Sedan   3XXXL-0
621	1	OK	51	3XXXL-0	非皮卡	Chrysler	300 series	2014		Sedan			3XXXL-0	51: Chrysler 300 series 1999-2023 Incl: 300M Sedan   3XXXL-0
622	1	OK	51	3XXXL-0	非皮卡	Chrysler	300 series	2015		Sedan			3XXXL-0	51: Chrysler 300 series 1999-2023 Incl: 300M Sedan   3XXXL-0
623	1	OK	51	3XXXL-0	非皮卡	Chrysler	300 series	2016		Sedan			3XXXL-0	51: Chrysler 300 series 1999-2023 Incl: 300M Sedan   3XXXL-0
624	1	OK	51	3XXXL-0	非皮卡	Chrysler	300 series	2017		Sedan			3XXXL-0	51: Chrysler 300 series 1999-2023 Incl: 300M Sedan   3XXXL-0
625	1	OK	51	3XXXL-0	非皮卡	Chrysler	300 series	2018		Sedan			3XXXL-0	51: Chrysler 300 series 1999-2023 Incl: 300M Sedan   3XXXL-0
626	1	OK	51	3XXXL-0	非皮卡	Chrysler	300 series	2019		Sedan			3XXXL-0	51: Chrysler 300 series 1999-2023 Incl: 300M Sedan   3XXXL-0
627	1	OK	51	3XXXL-0	非皮卡	Chrysler	300 series	2020		Sedan			3XXXL-0	51: Chrysler 300 series 1999-2023 Incl: 300M Sedan   3XXXL-0
628	1	OK	51	3XXXL-0	非皮卡	Chrysler	300 series	2021		Sedan			3XXXL-0	51: Chrysler 300 series 1999-2023 Incl: 300M Sedan   3XXXL-0
629	1	OK	51	3XXXL-0	非皮卡	Chrysler	300 series	2022		Sedan			3XXXL-0	51: Chrysler 300 series 1999-2023 Incl: 300M Sedan   3XXXL-0
630	1	OK	51	3XXXL-0	非皮卡	Chrysler	300 series	2023		Sedan			3XXXL-0	51: Chrysler 300 series 1999-2023 Incl: 300M Sedan   3XXXL-0
631	1	OK	52	3XXXL-0	非皮卡	Chrysler	300M	1999		Sedan			3XXXL-0	52: Chrysler 300M 1999-2004  Sedan   3XXXL-0
632	1	OK	52	3XXXL-0	非皮卡	Chrysler	300M	2000		Sedan			3XXXL-0	52: Chrysler 300M 1999-2004  Sedan   3XXXL-0
633	1	OK	52	3XXXL-0	非皮卡	Chrysler	300M	2001		Sedan			3XXXL-0	52: Chrysler 300M 1999-2004  Sedan   3XXXL-0
634	1	OK	52	3XXXL-0	非皮卡	Chrysler	300M	2002		Sedan			3XXXL-0	52: Chrysler 300M 1999-2004  Sedan   3XXXL-0
635	1	OK	52	3XXXL-0	非皮卡	Chrysler	300M	2003		Sedan			3XXXL-0	52: Chrysler 300M 1999-2004  Sedan   3XXXL-0
636	1	OK	52	3XXXL-0	非皮卡	Chrysler	300M	2004		Sedan			3XXXL-0	52: Chrysler 300M 1999-2004  Sedan   3XXXL-0
637	1	OK	53	3XXXL-0	非皮卡	Chrysler	Concorde	1993		Sedan			3XXXL-0	53: Chrysler Concorde 1993-2004  Sedan   3XXXL-0
638	1	OK	53	3XXXL-0	非皮卡	Chrysler	Concorde	1994		Sedan			3XXXL-0	53: Chrysler Concorde 1993-2004  Sedan   3XXXL-0
639	1	OK	53	3XXXL-0	非皮卡	Chrysler	Concorde	1995		Sedan			3XXXL-0	53: Chrysler Concorde 1993-2004  Sedan   3XXXL-0
640	1	OK	53	3XXXL-0	非皮卡	Chrysler	Concorde	1996		Sedan			3XXXL-0	53: Chrysler Concorde 1993-2004  Sedan   3XXXL-0
641	1	OK	53	3XXXL-0	非皮卡	Chrysler	Concorde	1997		Sedan			3XXXL-0	53: Chrysler Concorde 1993-2004  Sedan   3XXXL-0
642	1	OK	53	3XXXL-0	非皮卡	Chrysler	Concorde	1998		Sedan			3XXXL-0	53: Chrysler Concorde 1993-2004  Sedan   3XXXL-0
643	1	OK	53	3XXXL-0	非皮卡	Chrysler	Concorde	1999		Sedan			3XXXL-0	53: Chrysler Concorde 1993-2004  Sedan   3XXXL-0
644	1	OK	53	3XXXL-0	非皮卡	Chrysler	Concorde	2000		Sedan			3XXXL-0	53: Chrysler Concorde 1993-2004  Sedan   3XXXL-0
645	1	OK	53	3XXXL-0	非皮卡	Chrysler	Concorde	2001		Sedan			3XXXL-0	53: Chrysler Concorde 1993-2004  Sedan   3XXXL-0
646	1	OK	53	3XXXL-0	非皮卡	Chrysler	Concorde	2002		Sedan			3XXXL-0	53: Chrysler Concorde 1993-2004  Sedan   3XXXL-0
647	1	OK	53	3XXXL-0	非皮卡	Chrysler	Concorde	2003		Sedan			3XXXL-0	53: Chrysler Concorde 1993-2004  Sedan   3XXXL-0
648	1	OK	53	3XXXL-0	非皮卡	Chrysler	Concorde	2004		Sedan			3XXXL-0	53: Chrysler Concorde 1993-2004  Sedan   3XXXL-0
649	1	OK	54	3XXXL-0	非皮卡	Chrysler	LHS	1994		Sedan			3XXXL-0	54: Chrysler LHS 1994-2001  Sedan   3XXXL-0
650	1	OK	54	3XXXL-0	非皮卡	Chrysler	LHS	1995		Sedan			3XXXL-0	54: Chrysler LHS 1994-2001  Sedan   3XXXL-0
651	1	OK	54	3XXXL-0	非皮卡	Chrysler	LHS	1996		Sedan			3XXXL-0	54: Chrysler LHS 1994-2001  Sedan   3XXXL-0
652	1	OK	54	3XXXL-0	非皮卡	Chrysler	LHS	1997		Sedan			3XXXL-0	54: Chrysler LHS 1994-2001  Sedan   3XXXL-0
653	1	OK	54	3XXXL-0	非皮卡	Chrysler	LHS	1999		Sedan			3XXXL-0	54: Chrysler LHS 1994-2001  Sedan   3XXXL-0
654	1	OK	54	3XXXL-0	非皮卡	Chrysler	LHS	2000		Sedan			3XXXL-0	54: Chrysler LHS 1994-2001  Sedan   3XXXL-0
655	1	OK	54	3XXXL-0	非皮卡	Chrysler	LHS	2001		Sedan			3XXXL-0	54: Chrysler LHS 1994-2001  Sedan   3XXXL-0
656	1	OK	55	3XXXL-0	非皮卡	Dodge	Avenger	2008		Sedan			3XXXL-0	55: Dodge Avenger 2008-2014  Sedan   3XXXL-0
657	1	OK	55	3XXXL-0	非皮卡	Dodge	Avenger	2009		Sedan			3XXXL-0	55: Dodge Avenger 2008-2014  Sedan   3XXXL-0
658	1	OK	55	3XXXL-0	非皮卡	Dodge	Avenger	2010		Sedan			3XXXL-0	55: Dodge Avenger 2008-2014  Sedan   3XXXL-0
659	1	OK	55	3XXXL-0	非皮卡	Dodge	Avenger	2011		Sedan			3XXXL-0	55: Dodge Avenger 2008-2014  Sedan   3XXXL-0
660	1	OK	55	3XXXL-0	非皮卡	Dodge	Avenger	2012		Sedan			3XXXL-0	55: Dodge Avenger 2008-2014  Sedan   3XXXL-0
661	1	OK	55	3XXXL-0	非皮卡	Dodge	Avenger	2013		Sedan			3XXXL-0	55: Dodge Avenger 2008-2014  Sedan   3XXXL-0
662	1	OK	55	3XXXL-0	非皮卡	Dodge	Avenger	2014		Sedan			3XXXL-0	55: Dodge Avenger 2008-2014  Sedan   3XXXL-0
663	1	OK	56	3XXXL-0	非皮卡	Dodge	Charger	2006		Sedan			3XXXL-0	56: Dodge Charger 2006-2026  Sedan   3XXXL-0
664	1	OK	56	3XXXL-0	非皮卡	Dodge	Charger	2007		Sedan			3XXXL-0	56: Dodge Charger 2006-2026  Sedan   3XXXL-0
665	1	OK	56	3XXXL-0	非皮卡	Dodge	Charger	2008		Sedan			3XXXL-0	56: Dodge Charger 2006-2026  Sedan   3XXXL-0
666	1	OK	56	3XXXL-0	非皮卡	Dodge	Charger	2009		Sedan			3XXXL-0	56: Dodge Charger 2006-2026  Sedan   3XXXL-0
667	1	OK	56	3XXXL-0	非皮卡	Dodge	Charger	2010		Sedan			3XXXL-0	56: Dodge Charger 2006-2026  Sedan   3XXXL-0
668	1	OK	56	3XXXL-0	非皮卡	Dodge	Charger	2011		Sedan			3XXXL-0	56: Dodge Charger 2006-2026  Sedan   3XXXL-0
669	1	OK	56	3XXXL-0	非皮卡	Dodge	Charger	2012		Sedan			3XXXL-0	56: Dodge Charger 2006-2026  Sedan   3XXXL-0
670	1	OK	56	3XXXL-0	非皮卡	Dodge	Charger	2013		Sedan			3XXXL-0	56: Dodge Charger 2006-2026  Sedan   3XXXL-0
671	1	OK	56	3XXXL-0	非皮卡	Dodge	Charger	2014		Sedan			3XXXL-0	56: Dodge Charger 2006-2026  Sedan   3XXXL-0
672	1	OK	56	3XXXL-0	非皮卡	Dodge	Charger	2015		Sedan			3XXXL-0	56: Dodge Charger 2006-2026  Sedan   3XXXL-0
673	1	OK	56	3XXXL-0	非皮卡	Dodge	Charger	2016		Sedan			3XXXL-0	56: Dodge Charger 2006-2026  Sedan   3XXXL-0
674	1	OK	56	3XXXL-0	非皮卡	Dodge	Charger	2017		Sedan			3XXXL-0	56: Dodge Charger 2006-2026  Sedan   3XXXL-0
675	1	OK	56	3XXXL-0	非皮卡	Dodge	Charger	2018		Sedan			3XXXL-0	56: Dodge Charger 2006-2026  Sedan   3XXXL-0
676	1	OK	56	3XXXL-0	非皮卡	Dodge	Charger	2019		Sedan			3XXXL-0	56: Dodge Charger 2006-2026  Sedan   3XXXL-0
677	1	OK	56	3XXXL-0	非皮卡	Dodge	Charger	2020		Sedan			3XXXL-0	56: Dodge Charger 2006-2026  Sedan   3XXXL-0
678	1	OK	56	3XXXL-0	非皮卡	Dodge	Charger	2021		Sedan			3XXXL-0	56: Dodge Charger 2006-2026  Sedan   3XXXL-0
679	1	OK	56	3XXXL-0	非皮卡	Dodge	Charger	2022		Sedan			3XXXL-0	56: Dodge Charger 2006-2026  Sedan   3XXXL-0
680	1	OK	56	3XXXL-0	非皮卡	Dodge	Charger	2023		Sedan			3XXXL-0	56: Dodge Charger 2006-2026  Sedan   3XXXL-0
681	1	OK	56	3XXXL-0	非皮卡	Dodge	Charger	2024		Sedan			3XXXL-0	56: Dodge Charger 2006-2026  Sedan   3XXXL-0
682	1	OK	56	3XXXL-0	非皮卡	Dodge	Charger	2025		Sedan			3XXXL-0	56: Dodge Charger 2006-2026  Sedan   3XXXL-0
683	1	OK	56	3XXXL-0	非皮卡	Dodge	Charger	2026		Sedan			3XXXL-0	56: Dodge Charger 2006-2026  Sedan   3XXXL-0
684	1	OK	57	3XXXL-0	非皮卡	Dodge	Intrepid	1993		Sedan			3XXXL-0	57: Dodge Intrepid 1993-2004  Sedan   3XXXL-0
685	1	OK	57	3XXXL-0	非皮卡	Dodge	Intrepid	1994		Sedan			3XXXL-0	57: Dodge Intrepid 1993-2004  Sedan   3XXXL-0
686	1	OK	57	3XXXL-0	非皮卡	Dodge	Intrepid	1995		Sedan			3XXXL-0	57: Dodge Intrepid 1993-2004  Sedan   3XXXL-0
687	1	OK	57	3XXXL-0	非皮卡	Dodge	Intrepid	1996		Sedan			3XXXL-0	57: Dodge Intrepid 1993-2004  Sedan   3XXXL-0
688	1	OK	57	3XXXL-0	非皮卡	Dodge	Intrepid	1997		Sedan			3XXXL-0	57: Dodge Intrepid 1993-2004  Sedan   3XXXL-0
689	1	OK	57	3XXXL-0	非皮卡	Dodge	Intrepid	1998		Sedan			3XXXL-0	57: Dodge Intrepid 1993-2004  Sedan   3XXXL-0
690	1	OK	57	3XXXL-0	非皮卡	Dodge	Intrepid	1999		Sedan			3XXXL-0	57: Dodge Intrepid 1993-2004  Sedan   3XXXL-0
691	1	OK	57	3XXXL-0	非皮卡	Dodge	Intrepid	2000		Sedan			3XXXL-0	57: Dodge Intrepid 1993-2004  Sedan   3XXXL-0
692	1	OK	57	3XXXL-0	非皮卡	Dodge	Intrepid	2001		Sedan			3XXXL-0	57: Dodge Intrepid 1993-2004  Sedan   3XXXL-0
693	1	OK	57	3XXXL-0	非皮卡	Dodge	Intrepid	2002		Sedan			3XXXL-0	57: Dodge Intrepid 1993-2004  Sedan   3XXXL-0
694	1	OK	57	3XXXL-0	非皮卡	Dodge	Intrepid	2003		Sedan			3XXXL-0	57: Dodge Intrepid 1993-2004  Sedan   3XXXL-0
695	1	OK	57	3XXXL-0	非皮卡	Dodge	Intrepid	2004		Sedan			3XXXL-0	57: Dodge Intrepid 1993-2004  Sedan   3XXXL-0
696	1	OK	58	3XXXL-0	非皮卡	Ford	Crown Victoria	1983		Sedan			3XXXL-0	58: Ford Crown Victoria 1983-2011  Sedan   3XXXL-0
697	1	OK	58	3XXXL-0	非皮卡	Ford	Crown Victoria	1984		Sedan			3XXXL-0	58: Ford Crown Victoria 1983-2011  Sedan   3XXXL-0
698	1	OK	58	3XXXL-0	非皮卡	Ford	Crown Victoria	1985		Sedan			3XXXL-0	58: Ford Crown Victoria 1983-2011  Sedan   3XXXL-0
699	1	OK	58	3XXXL-0	非皮卡	Ford	Crown Victoria	1986		Sedan			3XXXL-0	58: Ford Crown Victoria 1983-2011  Sedan   3XXXL-0
700	1	OK	58	3XXXL-0	非皮卡	Ford	Crown Victoria	1987		Sedan			3XXXL-0	58: Ford Crown Victoria 1983-2011  Sedan   3XXXL-0
701	1	OK	58	3XXXL-0	非皮卡	Ford	Crown Victoria	1988		Sedan			3XXXL-0	58: Ford Crown Victoria 1983-2011  Sedan   3XXXL-0
702	1	OK	58	3XXXL-0	非皮卡	Ford	Crown Victoria	1992		Sedan			3XXXL-0	58: Ford Crown Victoria 1983-2011  Sedan   3XXXL-0
703	1	OK	58	3XXXL-0	非皮卡	Ford	Crown Victoria	1993		Sedan			3XXXL-0	58: Ford Crown Victoria 1983-2011  Sedan   3XXXL-0
704	1	OK	58	3XXXL-0	非皮卡	Ford	Crown Victoria	1994		Sedan			3XXXL-0	58: Ford Crown Victoria 1983-2011  Sedan   3XXXL-0
705	1	OK	58	3XXXL-0	非皮卡	Ford	Crown Victoria	1995		Sedan			3XXXL-0	58: Ford Crown Victoria 1983-2011  Sedan   3XXXL-0
706	1	OK	58	3XXXL-0	非皮卡	Ford	Crown Victoria	1996		Sedan			3XXXL-0	58: Ford Crown Victoria 1983-2011  Sedan   3XXXL-0
707	1	OK	58	3XXXL-0	非皮卡	Ford	Crown Victoria	1997		Sedan			3XXXL-0	58: Ford Crown Victoria 1983-2011  Sedan   3XXXL-0
708	1	OK	58	3XXXL-0	非皮卡	Ford	Crown Victoria	1998		Sedan			3XXXL-0	58: Ford Crown Victoria 1983-2011  Sedan   3XXXL-0
709	1	OK	58	3XXXL-0	非皮卡	Ford	Crown Victoria	1999		Sedan			3XXXL-0	58: Ford Crown Victoria 1983-2011  Sedan   3XXXL-0
710	1	OK	58	3XXXL-0	非皮卡	Ford	Crown Victoria	2000		Sedan			3XXXL-0	58: Ford Crown Victoria 1983-2011  Sedan   3XXXL-0
711	1	OK	58	3XXXL-0	非皮卡	Ford	Crown Victoria	2001		Sedan			3XXXL-0	58: Ford Crown Victoria 1983-2011  Sedan   3XXXL-0
712	1	OK	58	3XXXL-0	非皮卡	Ford	Crown Victoria	2002		Sedan			3XXXL-0	58: Ford Crown Victoria 1983-2011  Sedan   3XXXL-0
713	1	OK	58	3XXXL-0	非皮卡	Ford	Crown Victoria	2003		Sedan			3XXXL-0	58: Ford Crown Victoria 1983-2011  Sedan   3XXXL-0
714	1	OK	58	3XXXL-0	非皮卡	Ford	Crown Victoria	2004		Sedan			3XXXL-0	58: Ford Crown Victoria 1983-2011  Sedan   3XXXL-0
715	1	OK	58	3XXXL-0	非皮卡	Ford	Crown Victoria	2005		Sedan			3XXXL-0	58: Ford Crown Victoria 1983-2011  Sedan   3XXXL-0
716	1	OK	58	3XXXL-0	非皮卡	Ford	Crown Victoria	2006		Sedan			3XXXL-0	58: Ford Crown Victoria 1983-2011  Sedan   3XXXL-0
717	1	OK	58	3XXXL-0	非皮卡	Ford	Crown Victoria	2007		Sedan			3XXXL-0	58: Ford Crown Victoria 1983-2011  Sedan   3XXXL-0
718	1	OK	58	3XXXL-0	非皮卡	Ford	Crown Victoria	2008		Sedan			3XXXL-0	58: Ford Crown Victoria 1983-2011  Sedan   3XXXL-0
719	1	OK	58	3XXXL-0	非皮卡	Ford	Crown Victoria	2009		Sedan			3XXXL-0	58: Ford Crown Victoria 1983-2011  Sedan   3XXXL-0
720	1	OK	58	3XXXL-0	非皮卡	Ford	Crown Victoria	2010		Sedan			3XXXL-0	58: Ford Crown Victoria 1983-2011  Sedan   3XXXL-0
721	1	OK	58	3XXXL-0	非皮卡	Ford	Crown Victoria	2011		Sedan			3XXXL-0	58: Ford Crown Victoria 1983-2011  Sedan   3XXXL-0
722	1	OK	59	3XXXL-0	非皮卡	Ford	Five Hundred	2005		Sedan			3XXXL-0	59: Ford Five Hundred 2005-2007  Sedan   3XXXL-0
723	1	OK	59	3XXXL-0	非皮卡	Ford	Five Hundred	2006		Sedan			3XXXL-0	59: Ford Five Hundred 2005-2007  Sedan   3XXXL-0
724	1	OK	59	3XXXL-0	非皮卡	Ford	Five Hundred	2007		Sedan			3XXXL-0	59: Ford Five Hundred 2005-2007  Sedan   3XXXL-0
725	1	OK	60	3XXXL-0	非皮卡	Ford	Taurus	1992		Sedan			3XXXL-0	60: Ford Taurus 1992-2019 Incl: SHO Sedan   3XXXL-0
726	1	OK	60	3XXXL-0	非皮卡	Ford	Taurus	1993		Sedan			3XXXL-0	60: Ford Taurus 1992-2019 Incl: SHO Sedan   3XXXL-0
727	1	OK	60	3XXXL-0	非皮卡	Ford	Taurus	1994		Sedan			3XXXL-0	60: Ford Taurus 1992-2019 Incl: SHO Sedan   3XXXL-0
728	1	OK	60	3XXXL-0	非皮卡	Ford	Taurus	1995		Sedan			3XXXL-0	60: Ford Taurus 1992-2019 Incl: SHO Sedan   3XXXL-0
729	1	OK	60	3XXXL-0	非皮卡	Ford	Taurus	1996		Sedan			3XXXL-0	60: Ford Taurus 1992-2019 Incl: SHO Sedan   3XXXL-0
730	1	OK	60	3XXXL-0	非皮卡	Ford	Taurus	1997		Sedan			3XXXL-0	60: Ford Taurus 1992-2019 Incl: SHO Sedan   3XXXL-0
731	1	OK	60	3XXXL-0	非皮卡	Ford	Taurus	1998		Sedan			3XXXL-0	60: Ford Taurus 1992-2019 Incl: SHO Sedan   3XXXL-0
732	1	OK	60	3XXXL-0	非皮卡	Ford	Taurus	1999		Sedan			3XXXL-0	60: Ford Taurus 1992-2019 Incl: SHO Sedan   3XXXL-0
733	1	OK	60	3XXXL-0	非皮卡	Ford	Taurus	2000		Sedan			3XXXL-0	60: Ford Taurus 1992-2019 Incl: SHO Sedan   3XXXL-0
734	1	OK	60	3XXXL-0	非皮卡	Ford	Taurus	2001		Sedan			3XXXL-0	60: Ford Taurus 1992-2019 Incl: SHO Sedan   3XXXL-0
735	1	OK	60	3XXXL-0	非皮卡	Ford	Taurus	2002		Sedan			3XXXL-0	60: Ford Taurus 1992-2019 Incl: SHO Sedan   3XXXL-0
736	1	OK	60	3XXXL-0	非皮卡	Ford	Taurus	2003		Sedan			3XXXL-0	60: Ford Taurus 1992-2019 Incl: SHO Sedan   3XXXL-0
737	1	OK	60	3XXXL-0	非皮卡	Ford	Taurus	2004		Sedan			3XXXL-0	60: Ford Taurus 1992-2019 Incl: SHO Sedan   3XXXL-0
738	1	OK	60	3XXXL-0	非皮卡	Ford	Taurus	2005		Sedan			3XXXL-0	60: Ford Taurus 1992-2019 Incl: SHO Sedan   3XXXL-0
739	1	OK	60	3XXXL-0	非皮卡	Ford	Taurus	2006		Sedan			3XXXL-0	60: Ford Taurus 1992-2019 Incl: SHO Sedan   3XXXL-0
740	1	OK	60	3XXXL-0	非皮卡	Ford	Taurus	2007		Sedan			3XXXL-0	60: Ford Taurus 1992-2019 Incl: SHO Sedan   3XXXL-0
741	1	OK	60	3XXXL-0	非皮卡	Ford	Taurus	2008		Sedan			3XXXL-0	60: Ford Taurus 1992-2019 Incl: SHO Sedan   3XXXL-0
742	1	OK	60	3XXXL-0	非皮卡	Ford	Taurus	2009		Sedan			3XXXL-0	60: Ford Taurus 1992-2019 Incl: SHO Sedan   3XXXL-0
743	1	OK	60	3XXXL-0	非皮卡	Ford	Taurus	2010	SHO	Sedan			3XXXL-0	60: Ford Taurus 1992-2019 Incl: SHO Sedan   3XXXL-0
744	1	OK	60	3XXXL-0	非皮卡	Ford	Taurus	2011	SHO	Sedan			3XXXL-0	60: Ford Taurus 1992-2019 Incl: SHO Sedan   3XXXL-0
745	1	OK	60	3XXXL-0	非皮卡	Ford	Taurus	2012	SHO	Sedan			3XXXL-0	60: Ford Taurus 1992-2019 Incl: SHO Sedan   3XXXL-0
746	1	OK	60	3XXXL-0	非皮卡	Ford	Taurus	2013	SHO	Sedan			3XXXL-0	60: Ford Taurus 1992-2019 Incl: SHO Sedan   3XXXL-0
747	1	OK	60	3XXXL-0	非皮卡	Ford	Taurus	2014	SHO	Sedan			3XXXL-0	60: Ford Taurus 1992-2019 Incl: SHO Sedan   3XXXL-0
748	1	OK	60	3XXXL-0	非皮卡	Ford	Taurus	2015	SHO	Sedan			3XXXL-0	60: Ford Taurus 1992-2019 Incl: SHO Sedan   3XXXL-0
749	1	OK	60	3XXXL-0	非皮卡	Ford	Taurus	2016	SHO	Sedan			3XXXL-0	60: Ford Taurus 1992-2019 Incl: SHO Sedan   3XXXL-0
750	1	OK	60	3XXXL-0	非皮卡	Ford	Taurus	2017	SHO	Sedan			3XXXL-0	60: Ford Taurus 1992-2019 Incl: SHO Sedan   3XXXL-0
751	1	OK	60	3XXXL-0	非皮卡	Ford	Taurus	2018	SHO	Sedan			3XXXL-0	60: Ford Taurus 1992-2019 Incl: SHO Sedan   3XXXL-0
752	1	OK	60	3XXXL-0	非皮卡	Ford	Taurus	2019	SHO	Sedan			3XXXL-0	60: Ford Taurus 1992-2019 Incl: SHO Sedan   3XXXL-0
753	1	OK	61	3XXXL-0	非皮卡	Ford	Thunderbird	1967	4dr Landau	Sedan			3XXXL-0	61: Ford Thunderbird 1967-1971 4dr Landau Sedan   3XXXL-0
754	1	OK	61	3XXXL-0	非皮卡	Ford	Thunderbird	1968	4dr Landau	Sedan			3XXXL-0	61: Ford Thunderbird 1967-1971 4dr Landau Sedan   3XXXL-0
755	1	OK	61	3XXXL-0	非皮卡	Ford	Thunderbird	1969	4dr Landau	Sedan			3XXXL-0	61: Ford Thunderbird 1967-1971 4dr Landau Sedan   3XXXL-0
756	1	OK	61	3XXXL-0	非皮卡	Ford	Thunderbird	1970	4dr Landau	Sedan			3XXXL-0	61: Ford Thunderbird 1967-1971 4dr Landau Sedan   3XXXL-0
757	1	OK	61	3XXXL-0	非皮卡	Ford	Thunderbird	1971	4dr Landau	Sedan			3XXXL-0	61: Ford Thunderbird 1967-1971 4dr Landau Sedan   3XXXL-0
758	1	OK	62	3XXXL-0	非皮卡	Genesis	EQ900	2017	G90	Sedan			3XXXL-0	62: Genesis EQ900 2017-2026 G90 Sedan   3XXXL-0
759	1	OK	62	3XXXL-0	非皮卡	Genesis	EQ900	2018	G90	Sedan			3XXXL-0	62: Genesis EQ900 2017-2026 G90 Sedan   3XXXL-0
760	1	OK	62	3XXXL-0	非皮卡	Genesis	EQ900	2019	G90	Sedan			3XXXL-0	62: Genesis EQ900 2017-2026 G90 Sedan   3XXXL-0
761	1	OK	62	3XXXL-0	非皮卡	Genesis	EQ900	2020	G90	Sedan			3XXXL-0	62: Genesis EQ900 2017-2026 G90 Sedan   3XXXL-0
762	1	OK	62	3XXXL-0	非皮卡	Genesis	EQ900	2021	G90	Sedan			3XXXL-0	62: Genesis EQ900 2017-2026 G90 Sedan   3XXXL-0
763	1	OK	62	3XXXL-0	非皮卡	Genesis	EQ900	2022	G90	Sedan			3XXXL-0	62: Genesis EQ900 2017-2026 G90 Sedan   3XXXL-0
764	1	OK	62	3XXXL-0	非皮卡	Genesis	EQ900	2023	G90	Sedan			3XXXL-0	62: Genesis EQ900 2017-2026 G90 Sedan   3XXXL-0
765	1	OK	62	3XXXL-0	非皮卡	Genesis	EQ900	2024	G90	Sedan			3XXXL-0	62: Genesis EQ900 2017-2026 G90 Sedan   3XXXL-0
766	1	OK	62	3XXXL-0	非皮卡	Genesis	EQ900	2025	G90	Sedan			3XXXL-0	62: Genesis EQ900 2017-2026 G90 Sedan   3XXXL-0
767	1	OK	62	3XXXL-0	非皮卡	Genesis	EQ900	2026	G90	Sedan			3XXXL-0	62: Genesis EQ900 2017-2026 G90 Sedan   3XXXL-0
768	1	OK	63	3XXXL-0	非皮卡	Genesis	G80	2017		Sedan			3XXXL-0	63: Genesis G80 2017-2026 Incl: Sport Sedan   3XXXL-0
769	1	OK	63	3XXXL-0	非皮卡	Genesis	G80	2018		Sedan			3XXXL-0	63: Genesis G80 2017-2026 Incl: Sport Sedan   3XXXL-0
770	1	OK	63	3XXXL-0	非皮卡	Genesis	G80	2018	Sport	Sedan			3XXXL-0	63: Genesis G80 2017-2026 Incl: Sport Sedan   3XXXL-0
771	1	OK	63	3XXXL-0	非皮卡	Genesis	G80	2019		Sedan			3XXXL-0	63: Genesis G80 2017-2026 Incl: Sport Sedan   3XXXL-0
772	1	OK	63	3XXXL-0	非皮卡	Genesis	G80	2019	Sport	Sedan			3XXXL-0	63: Genesis G80 2017-2026 Incl: Sport Sedan   3XXXL-0
773	1	OK	63	3XXXL-0	非皮卡	Genesis	G80	2020		Sedan			3XXXL-0	63: Genesis G80 2017-2026 Incl: Sport Sedan   3XXXL-0
774	1	OK	63	3XXXL-0	非皮卡	Genesis	G80	2020	Sport	Sedan			3XXXL-0	63: Genesis G80 2017-2026 Incl: Sport Sedan   3XXXL-0
775	1	OK	63	3XXXL-0	非皮卡	Genesis	G80	2021		Sedan			3XXXL-0	63: Genesis G80 2017-2026 Incl: Sport Sedan   3XXXL-0
776	1	OK	63	3XXXL-0	非皮卡	Genesis	G80	2022		Sedan			3XXXL-0	63: Genesis G80 2017-2026 Incl: Sport Sedan   3XXXL-0
777	1	OK	63	3XXXL-0	非皮卡	Genesis	G80	2023		Sedan			3XXXL-0	63: Genesis G80 2017-2026 Incl: Sport Sedan   3XXXL-0
778	1	OK	63	3XXXL-0	非皮卡	Genesis	G80	2024		Sedan			3XXXL-0	63: Genesis G80 2017-2026 Incl: Sport Sedan   3XXXL-0
779	1	OK	63	3XXXL-0	非皮卡	Genesis	G80	2025		Sedan			3XXXL-0	63: Genesis G80 2017-2026 Incl: Sport Sedan   3XXXL-0
780	1	OK	63	3XXXL-0	非皮卡	Genesis	G80	2025	Sport	Sedan			3XXXL-0	63: Genesis G80 2017-2026 Incl: Sport Sedan   3XXXL-0
781	1	OK	63	3XXXL-0	非皮卡	Genesis	G80	2026		Sedan			3XXXL-0	63: Genesis G80 2017-2026 Incl: Sport Sedan   3XXXL-0
782	1	OK	63	3XXXL-0	非皮卡	Genesis	G80	2026	Sport	Sedan			3XXXL-0	63: Genesis G80 2017-2026 Incl: Sport Sedan   3XXXL-0
783	1	OK	64	3XXXL-0	非皮卡	Genesis	G90	2017		Sedan			3XXXL-0	64: Genesis G90 2017-2026  Sedan   3XXXL-0
784	1	OK	64	3XXXL-0	非皮卡	Genesis	G90	2018		Sedan			3XXXL-0	64: Genesis G90 2017-2026  Sedan   3XXXL-0
785	1	OK	64	3XXXL-0	非皮卡	Genesis	G90	2019		Sedan			3XXXL-0	64: Genesis G90 2017-2026  Sedan   3XXXL-0
786	1	OK	64	3XXXL-0	非皮卡	Genesis	G90	2020		Sedan			3XXXL-0	64: Genesis G90 2017-2026  Sedan   3XXXL-0
787	1	OK	64	3XXXL-0	非皮卡	Genesis	G90	2021		Sedan			3XXXL-0	64: Genesis G90 2017-2026  Sedan   3XXXL-0
788	1	OK	64	3XXXL-0	非皮卡	Genesis	G90	2022		Sedan			3XXXL-0	64: Genesis G90 2017-2026  Sedan   3XXXL-0
789	1	OK	64	3XXXL-0	非皮卡	Genesis	G90	2023		Sedan			3XXXL-0	64: Genesis G90 2017-2026  Sedan   3XXXL-0
790	1	OK	64	3XXXL-0	非皮卡	Genesis	G90	2024		Sedan			3XXXL-0	64: Genesis G90 2017-2026  Sedan   3XXXL-0
791	1	OK	64	3XXXL-0	非皮卡	Genesis	G90	2025		Sedan			3XXXL-0	64: Genesis G90 2017-2026  Sedan   3XXXL-0
792	1	OK	64	3XXXL-0	非皮卡	Genesis	G90	2026		Sedan			3XXXL-0	64: Genesis G90 2017-2026  Sedan   3XXXL-0
793	1	OK	65	3XXXL-0	非皮卡	Honda	Accord	2008		Sedan			3XXXL-0	65: Honda Accord 2008-2026  Sedan   3XXXL-0
794	1	OK	65	3XXXL-0	非皮卡	Honda	Accord	2009		Sedan			3XXXL-0	65: Honda Accord 2008-2026  Sedan   3XXXL-0
795	1	OK	65	3XXXL-0	非皮卡	Honda	Accord	2010		Sedan			3XXXL-0	65: Honda Accord 2008-2026  Sedan   3XXXL-0
796	1	OK	65	3XXXL-0	非皮卡	Honda	Accord	2011		Sedan			3XXXL-0	65: Honda Accord 2008-2026  Sedan   3XXXL-0
797	1	OK	65	3XXXL-0	非皮卡	Honda	Accord	2012		Sedan			3XXXL-0	65: Honda Accord 2008-2026  Sedan   3XXXL-0
798	1	OK	65	3XXXL-0	非皮卡	Honda	Accord	2013		Sedan			3XXXL-0	65: Honda Accord 2008-2026  Sedan   3XXXL-0
799	1	OK	65	3XXXL-0	非皮卡	Honda	Accord	2014		Sedan			3XXXL-0	65: Honda Accord 2008-2026  Sedan   3XXXL-0
800	1	OK	65	3XXXL-0	非皮卡	Honda	Accord	2015		Sedan			3XXXL-0	65: Honda Accord 2008-2026  Sedan   3XXXL-0
801	1	OK	65	3XXXL-0	非皮卡	Honda	Accord	2016		Sedan			3XXXL-0	65: Honda Accord 2008-2026  Sedan   3XXXL-0
802	1	OK	65	3XXXL-0	非皮卡	Honda	Accord	2017		Sedan			3XXXL-0	65: Honda Accord 2008-2026  Sedan   3XXXL-0
803	1	OK	65	3XXXL-0	非皮卡	Honda	Accord	2018		Sedan			3XXXL-0	65: Honda Accord 2008-2026  Sedan   3XXXL-0
804	1	OK	65	3XXXL-0	非皮卡	Honda	Accord	2019		Sedan			3XXXL-0	65: Honda Accord 2008-2026  Sedan   3XXXL-0
805	1	OK	65	3XXXL-0	非皮卡	Honda	Accord	2020		Sedan			3XXXL-0	65: Honda Accord 2008-2026  Sedan   3XXXL-0
806	1	OK	65	3XXXL-0	非皮卡	Honda	Accord	2021		Sedan			3XXXL-0	65: Honda Accord 2008-2026  Sedan   3XXXL-0
807	1	OK	65	3XXXL-0	非皮卡	Honda	Accord	2022		Sedan			3XXXL-0	65: Honda Accord 2008-2026  Sedan   3XXXL-0
808	1	OK	65	3XXXL-0	非皮卡	Honda	Accord	2023		Sedan			3XXXL-0	65: Honda Accord 2008-2026  Sedan   3XXXL-0
809	1	OK	65	3XXXL-0	非皮卡	Honda	Accord	2024		Sedan			3XXXL-0	65: Honda Accord 2008-2026  Sedan   3XXXL-0
810	1	OK	65	3XXXL-0	非皮卡	Honda	Accord	2025		Sedan			3XXXL-0	65: Honda Accord 2008-2026  Sedan   3XXXL-0
811	1	OK	65	3XXXL-0	非皮卡	Honda	Accord	2026		Sedan			3XXXL-0	65: Honda Accord 2008-2026  Sedan   3XXXL-0
812	1	OK	66	3XXXL-0	非皮卡	Honda	Clarity	2017		Sedan			3XXXL-0	66: Honda Clarity 2017-2021  Sedan   3XXXL-0
813	1	OK	66	3XXXL-0	非皮卡	Honda	Clarity	2018		Sedan			3XXXL-0	66: Honda Clarity 2017-2021  Sedan   3XXXL-0
814	1	OK	66	3XXXL-0	非皮卡	Honda	Clarity	2019		Sedan			3XXXL-0	66: Honda Clarity 2017-2021  Sedan   3XXXL-0
815	1	OK	66	3XXXL-0	非皮卡	Honda	Clarity	2020		Sedan			3XXXL-0	66: Honda Clarity 2017-2021  Sedan   3XXXL-0
816	1	OK	66	3XXXL-0	非皮卡	Honda	Clarity	2021		Sedan			3XXXL-0	66: Honda Clarity 2017-2021  Sedan   3XXXL-0
817	1	OK	67	3XXXL-0	非皮卡	Honda	Clarity Plug In	2018		Sedan			3XXXL-0	67: Honda Clarity Plug In 2018-2021  Sedan   3XXXL-0
818	1	OK	67	3XXXL-0	非皮卡	Honda	Clarity Plug In	2019		Sedan			3XXXL-0	67: Honda Clarity Plug In 2018-2021  Sedan   3XXXL-0
819	1	OK	67	3XXXL-0	非皮卡	Honda	Clarity Plug In	2020		Sedan			3XXXL-0	67: Honda Clarity Plug In 2018-2021  Sedan   3XXXL-0
820	1	OK	67	3XXXL-0	非皮卡	Honda	Clarity Plug In	2021		Sedan			3XXXL-0	67: Honda Clarity Plug In 2018-2021  Sedan   3XXXL-0
821	1	OK	68	3XXXL-0	非皮卡	Hyundai	Azera	2006		Sedan			3XXXL-0	68: Hyundai Azera 2006-2017  Sedan   3XXXL-0
822	1	OK	68	3XXXL-0	非皮卡	Hyundai	Azera	2007		Sedan			3XXXL-0	68: Hyundai Azera 2006-2017  Sedan   3XXXL-0
823	1	OK	68	3XXXL-0	非皮卡	Hyundai	Azera	2008		Sedan			3XXXL-0	68: Hyundai Azera 2006-2017  Sedan   3XXXL-0
824	1	OK	68	3XXXL-0	非皮卡	Hyundai	Azera	2009		Sedan			3XXXL-0	68: Hyundai Azera 2006-2017  Sedan   3XXXL-0
825	1	OK	68	3XXXL-0	非皮卡	Hyundai	Azera	2010		Sedan			3XXXL-0	68: Hyundai Azera 2006-2017  Sedan   3XXXL-0
826	1	OK	68	3XXXL-0	非皮卡	Hyundai	Azera	2011		Sedan			3XXXL-0	68: Hyundai Azera 2006-2017  Sedan   3XXXL-0
827	1	OK	68	3XXXL-0	非皮卡	Hyundai	Azera	2012		Sedan			3XXXL-0	68: Hyundai Azera 2006-2017  Sedan   3XXXL-0
828	1	OK	68	3XXXL-0	非皮卡	Hyundai	Azera	2013		Sedan			3XXXL-0	68: Hyundai Azera 2006-2017  Sedan   3XXXL-0
829	1	OK	68	3XXXL-0	非皮卡	Hyundai	Azera	2014		Sedan			3XXXL-0	68: Hyundai Azera 2006-2017  Sedan   3XXXL-0
830	1	OK	68	3XXXL-0	非皮卡	Hyundai	Azera	2015		Sedan			3XXXL-0	68: Hyundai Azera 2006-2017  Sedan   3XXXL-0
831	1	OK	68	3XXXL-0	非皮卡	Hyundai	Azera	2016		Sedan			3XXXL-0	68: Hyundai Azera 2006-2017  Sedan   3XXXL-0
832	1	OK	68	3XXXL-0	非皮卡	Hyundai	Azera	2017		Sedan			3XXXL-0	68: Hyundai Azera 2006-2017  Sedan   3XXXL-0
833	1	OK	69	3XXXL-0	非皮卡	Hyundai	Equus	2011		Sedan			3XXXL-0	69: Hyundai Equus 2011-2016  Sedan   3XXXL-0
834	1	OK	69	3XXXL-0	非皮卡	Hyundai	Equus	2012		Sedan			3XXXL-0	69: Hyundai Equus 2011-2016  Sedan   3XXXL-0
835	1	OK	69	3XXXL-0	非皮卡	Hyundai	Equus	2013		Sedan			3XXXL-0	69: Hyundai Equus 2011-2016  Sedan   3XXXL-0
836	1	OK	69	3XXXL-0	非皮卡	Hyundai	Equus	2014		Sedan			3XXXL-0	69: Hyundai Equus 2011-2016  Sedan   3XXXL-0
837	1	OK	69	3XXXL-0	非皮卡	Hyundai	Equus	2015		Sedan			3XXXL-0	69: Hyundai Equus 2011-2016  Sedan   3XXXL-0
838	1	OK	69	3XXXL-0	非皮卡	Hyundai	Equus	2016		Sedan			3XXXL-0	69: Hyundai Equus 2011-2016  Sedan   3XXXL-0
839	1	OK	70	3XXXL-0	非皮卡	Hyundai	Genesis	2009		Sedan			3XXXL-0	70: Hyundai Genesis 2009-2016 Incl: 5.0 R-Spec Sedan   3XXXL-0
840	1	OK	70	3XXXL-0	非皮卡	Hyundai	Genesis	2010		Sedan			3XXXL-0	70: Hyundai Genesis 2009-2016 Incl: 5.0 R-Spec Sedan   3XXXL-0
841	1	OK	70	3XXXL-0	非皮卡	Hyundai	Genesis	2011		Sedan			3XXXL-0	70: Hyundai Genesis 2009-2016 Incl: 5.0 R-Spec Sedan   3XXXL-0
842	1	OK	70	3XXXL-0	非皮卡	Hyundai	Genesis	2012		Sedan			3XXXL-0	70: Hyundai Genesis 2009-2016 Incl: 5.0 R-Spec Sedan   3XXXL-0
843	1	OK	70	3XXXL-0	非皮卡	Hyundai	Genesis	2012	5.0 R-Spec	Sedan			3XXXL-0	70: Hyundai Genesis 2009-2016 Incl: 5.0 R-Spec Sedan   3XXXL-0
844	1	OK	70	3XXXL-0	非皮卡	Hyundai	Genesis	2013		Sedan			3XXXL-0	70: Hyundai Genesis 2009-2016 Incl: 5.0 R-Spec Sedan   3XXXL-0
845	1	OK	70	3XXXL-0	非皮卡	Hyundai	Genesis	2013	5.0 R-Spec	Sedan			3XXXL-0	70: Hyundai Genesis 2009-2016 Incl: 5.0 R-Spec Sedan   3XXXL-0
846	1	OK	70	3XXXL-0	非皮卡	Hyundai	Genesis	2014		Sedan			3XXXL-0	70: Hyundai Genesis 2009-2016 Incl: 5.0 R-Spec Sedan   3XXXL-0
847	1	OK	70	3XXXL-0	非皮卡	Hyundai	Genesis	2014	5.0 R-Spec	Sedan			3XXXL-0	70: Hyundai Genesis 2009-2016 Incl: 5.0 R-Spec Sedan   3XXXL-0
848	1	OK	70	3XXXL-0	非皮卡	Hyundai	Genesis	2015		Sedan			3XXXL-0	70: Hyundai Genesis 2009-2016 Incl: 5.0 R-Spec Sedan   3XXXL-0
849	1	OK	70	3XXXL-0	非皮卡	Hyundai	Genesis	2016		Sedan			3XXXL-0	70: Hyundai Genesis 2009-2016 Incl: 5.0 R-Spec Sedan   3XXXL-0
850	1	OK	71	3XXXL-0	非皮卡	Hyundai	IONIQ 6	2026	N	Sedan			3XXXL-0	71: Hyundai IONIQ 6 2026 N Sedan   3XXXL-0
851	1	OK	72	3XXXL-0	非皮卡	Hyundai	Sonata	2020		Sedan			3XXXL-0	72: Hyundai Sonata 2020-2026  Sedan   3XXXL-0
852	1	OK	72	3XXXL-0	非皮卡	Hyundai	Sonata	2021		Sedan			3XXXL-0	72: Hyundai Sonata 2020-2026  Sedan   3XXXL-0
853	1	OK	72	3XXXL-0	非皮卡	Hyundai	Sonata	2022		Sedan			3XXXL-0	72: Hyundai Sonata 2020-2026  Sedan   3XXXL-0
854	1	OK	72	3XXXL-0	非皮卡	Hyundai	Sonata	2023		Sedan			3XXXL-0	72: Hyundai Sonata 2020-2026  Sedan   3XXXL-0
855	1	OK	72	3XXXL-0	非皮卡	Hyundai	Sonata	2024		Sedan			3XXXL-0	72: Hyundai Sonata 2020-2026  Sedan   3XXXL-0
856	1	OK	72	3XXXL-0	非皮卡	Hyundai	Sonata	2025		Sedan			3XXXL-0	72: Hyundai Sonata 2020-2026  Sedan   3XXXL-0
857	1	OK	72	3XXXL-0	非皮卡	Hyundai	Sonata	2026		Sedan			3XXXL-0	72: Hyundai Sonata 2020-2026  Sedan   3XXXL-0
858	1	OK	73	3XXXL-0	非皮卡	Infiniti	I	2000		Sedan			3XXXL-0	73: Infiniti I 2000-2004  Sedan   3XXXL-0
859	1	OK	73	3XXXL-0	非皮卡	Infiniti	I	2001		Sedan			3XXXL-0	73: Infiniti I 2000-2004  Sedan   3XXXL-0
860	1	OK	73	3XXXL-0	非皮卡	Infiniti	I	2002		Sedan			3XXXL-0	73: Infiniti I 2000-2004  Sedan   3XXXL-0
861	1	OK	73	3XXXL-0	非皮卡	Infiniti	I	2003		Sedan			3XXXL-0	73: Infiniti I 2000-2004  Sedan   3XXXL-0
862	1	OK	73	3XXXL-0	非皮卡	Infiniti	I	2004		Sedan			3XXXL-0	73: Infiniti I 2000-2004  Sedan   3XXXL-0
863	1	OK	74	3XXXL-0	非皮卡	Infiniti	M	2003		Sedan			3XXXL-0	74: Infiniti M 2003-2013  Sedan   3XXXL-0
864	1	OK	74	3XXXL-0	非皮卡	Infiniti	M	2004		Sedan			3XXXL-0	74: Infiniti M 2003-2013  Sedan   3XXXL-0
865	1	OK	74	3XXXL-0	非皮卡	Infiniti	M	2006		Sedan			3XXXL-0	74: Infiniti M 2003-2013  Sedan   3XXXL-0
866	1	OK	74	3XXXL-0	非皮卡	Infiniti	M	2007		Sedan			3XXXL-0	74: Infiniti M 2003-2013  Sedan   3XXXL-0
867	1	OK	74	3XXXL-0	非皮卡	Infiniti	M	2008		Sedan			3XXXL-0	74: Infiniti M 2003-2013  Sedan   3XXXL-0
868	1	OK	74	3XXXL-0	非皮卡	Infiniti	M	2009		Sedan			3XXXL-0	74: Infiniti M 2003-2013  Sedan   3XXXL-0
869	1	OK	74	3XXXL-0	非皮卡	Infiniti	M	2010		Sedan			3XXXL-0	74: Infiniti M 2003-2013  Sedan   3XXXL-0
870	1	OK	74	3XXXL-0	非皮卡	Infiniti	M	2011		Sedan			3XXXL-0	74: Infiniti M 2003-2013  Sedan   3XXXL-0
871	1	OK	74	3XXXL-0	非皮卡	Infiniti	M	2012		Sedan			3XXXL-0	74: Infiniti M 2003-2013  Sedan   3XXXL-0
872	1	OK	74	3XXXL-0	非皮卡	Infiniti	M	2013		Sedan			3XXXL-0	74: Infiniti M 2003-2013  Sedan   3XXXL-0
873	1	OK	75	3XXXL-0	非皮卡	Infiniti	Q45	1990		Sedan			3XXXL-0	75: Infiniti Q45 1990-2006  Sedan   3XXXL-0
874	1	OK	75	3XXXL-0	非皮卡	Infiniti	Q45	1991		Sedan			3XXXL-0	75: Infiniti Q45 1990-2006  Sedan   3XXXL-0
875	1	OK	75	3XXXL-0	非皮卡	Infiniti	Q45	1992		Sedan			3XXXL-0	75: Infiniti Q45 1990-2006  Sedan   3XXXL-0
876	1	OK	75	3XXXL-0	非皮卡	Infiniti	Q45	1993		Sedan			3XXXL-0	75: Infiniti Q45 1990-2006  Sedan   3XXXL-0
877	1	OK	75	3XXXL-0	非皮卡	Infiniti	Q45	1994		Sedan			3XXXL-0	75: Infiniti Q45 1990-2006  Sedan   3XXXL-0
878	1	OK	75	3XXXL-0	非皮卡	Infiniti	Q45	1995		Sedan			3XXXL-0	75: Infiniti Q45 1990-2006  Sedan   3XXXL-0
879	1	OK	75	3XXXL-0	非皮卡	Infiniti	Q45	1996		Sedan			3XXXL-0	75: Infiniti Q45 1990-2006  Sedan   3XXXL-0
880	1	OK	75	3XXXL-0	非皮卡	Infiniti	Q45	1997		Sedan			3XXXL-0	75: Infiniti Q45 1990-2006  Sedan   3XXXL-0
881	1	OK	75	3XXXL-0	非皮卡	Infiniti	Q45	1998		Sedan			3XXXL-0	75: Infiniti Q45 1990-2006  Sedan   3XXXL-0
882	1	OK	75	3XXXL-0	非皮卡	Infiniti	Q45	1999		Sedan			3XXXL-0	75: Infiniti Q45 1990-2006  Sedan   3XXXL-0
883	1	OK	75	3XXXL-0	非皮卡	Infiniti	Q45	2000		Sedan			3XXXL-0	75: Infiniti Q45 1990-2006  Sedan   3XXXL-0
884	1	OK	75	3XXXL-0	非皮卡	Infiniti	Q45	2001		Sedan			3XXXL-0	75: Infiniti Q45 1990-2006  Sedan   3XXXL-0
885	1	OK	75	3XXXL-0	非皮卡	Infiniti	Q45	2002		Sedan			3XXXL-0	75: Infiniti Q45 1990-2006  Sedan   3XXXL-0
886	1	OK	75	3XXXL-0	非皮卡	Infiniti	Q45	2003		Sedan			3XXXL-0	75: Infiniti Q45 1990-2006  Sedan   3XXXL-0
887	1	OK	75	3XXXL-0	非皮卡	Infiniti	Q45	2004		Sedan			3XXXL-0	75: Infiniti Q45 1990-2006  Sedan   3XXXL-0
888	1	OK	75	3XXXL-0	非皮卡	Infiniti	Q45	2005		Sedan			3XXXL-0	75: Infiniti Q45 1990-2006  Sedan   3XXXL-0
889	1	OK	75	3XXXL-0	非皮卡	Infiniti	Q45	2006		Sedan			3XXXL-0	75: Infiniti Q45 1990-2006  Sedan   3XXXL-0
890	1	OK	76	3XXXL-0	非皮卡	Infiniti	Q70	2014		Sedan			3XXXL-0	76: Infiniti Q70 2014-2019  Sedan   3XXXL-0
891	1	OK	76	3XXXL-0	非皮卡	Infiniti	Q70	2015		Sedan			3XXXL-0	76: Infiniti Q70 2014-2019  Sedan   3XXXL-0
892	1	OK	76	3XXXL-0	非皮卡	Infiniti	Q70	2016		Sedan			3XXXL-0	76: Infiniti Q70 2014-2019  Sedan   3XXXL-0
893	1	OK	76	3XXXL-0	非皮卡	Infiniti	Q70	2017		Sedan			3XXXL-0	76: Infiniti Q70 2014-2019  Sedan   3XXXL-0
894	1	OK	76	3XXXL-0	非皮卡	Infiniti	Q70	2018		Sedan			3XXXL-0	76: Infiniti Q70 2014-2019  Sedan   3XXXL-0
895	1	OK	76	3XXXL-0	非皮卡	Infiniti	Q70	2019		Sedan			3XXXL-0	76: Infiniti Q70 2014-2019  Sedan   3XXXL-0
896	1	OK	77	3XXXL-0	非皮卡	Infiniti	Q70L	2015		Sedan			3XXXL-0	77: Infiniti Q70L 2015-2019  Sedan   3XXXL-0
897	1	OK	77	3XXXL-0	非皮卡	Infiniti	Q70L	2016		Sedan			3XXXL-0	77: Infiniti Q70L 2015-2019  Sedan   3XXXL-0
898	1	OK	77	3XXXL-0	非皮卡	Infiniti	Q70L	2017		Sedan			3XXXL-0	77: Infiniti Q70L 2015-2019  Sedan   3XXXL-0
899	1	OK	77	3XXXL-0	非皮卡	Infiniti	Q70L	2018		Sedan			3XXXL-0	77: Infiniti Q70L 2015-2019  Sedan   3XXXL-0
900	1	OK	77	3XXXL-0	非皮卡	Infiniti	Q70L	2019		Sedan			3XXXL-0	77: Infiniti Q70L 2015-2019  Sedan   3XXXL-0
901	1	OK	78	3XXXL-0	非皮卡	Jaguar	S-Type	2000		Sedan			3XXXL-0	78: Jaguar S-Type 2000-2008  Sedan   3XXXL-0
902	1	OK	78	3XXXL-0	非皮卡	Jaguar	S-Type	2001		Sedan			3XXXL-0	78: Jaguar S-Type 2000-2008  Sedan   3XXXL-0
903	1	OK	78	3XXXL-0	非皮卡	Jaguar	S-Type	2002		Sedan			3XXXL-0	78: Jaguar S-Type 2000-2008  Sedan   3XXXL-0
904	1	OK	78	3XXXL-0	非皮卡	Jaguar	S-Type	2003		Sedan			3XXXL-0	78: Jaguar S-Type 2000-2008  Sedan   3XXXL-0
905	1	OK	78	3XXXL-0	非皮卡	Jaguar	S-Type	2004		Sedan			3XXXL-0	78: Jaguar S-Type 2000-2008  Sedan   3XXXL-0
906	1	OK	78	3XXXL-0	非皮卡	Jaguar	S-Type	2005		Sedan			3XXXL-0	78: Jaguar S-Type 2000-2008  Sedan   3XXXL-0
907	1	OK	78	3XXXL-0	非皮卡	Jaguar	S-Type	2006		Sedan			3XXXL-0	78: Jaguar S-Type 2000-2008  Sedan   3XXXL-0
908	1	OK	78	3XXXL-0	非皮卡	Jaguar	S-Type	2007		Sedan			3XXXL-0	78: Jaguar S-Type 2000-2008  Sedan   3XXXL-0
909	1	OK	78	3XXXL-0	非皮卡	Jaguar	S-Type	2008		Sedan			3XXXL-0	78: Jaguar S-Type 2000-2008  Sedan   3XXXL-0
910	1	OK	79	3XXXL-0	非皮卡	Jaguar	XF	2009		Sedan			3XXXL-0	79: Jaguar XF 2009-2024  Sedan   3XXXL-0
911	1	OK	79	3XXXL-0	非皮卡	Jaguar	XF	2010		Sedan			3XXXL-0	79: Jaguar XF 2009-2024  Sedan   3XXXL-0
912	1	OK	79	3XXXL-0	非皮卡	Jaguar	XF	2011		Sedan			3XXXL-0	79: Jaguar XF 2009-2024  Sedan   3XXXL-0
913	1	OK	79	3XXXL-0	非皮卡	Jaguar	XF	2012		Sedan			3XXXL-0	79: Jaguar XF 2009-2024  Sedan   3XXXL-0
914	1	OK	79	3XXXL-0	非皮卡	Jaguar	XF	2013		Sedan			3XXXL-0	79: Jaguar XF 2009-2024  Sedan   3XXXL-0
915	1	OK	79	3XXXL-0	非皮卡	Jaguar	XF	2014		Sedan			3XXXL-0	79: Jaguar XF 2009-2024  Sedan   3XXXL-0
916	1	OK	79	3XXXL-0	非皮卡	Jaguar	XF	2015		Sedan			3XXXL-0	79: Jaguar XF 2009-2024  Sedan   3XXXL-0
917	1	OK	79	3XXXL-0	非皮卡	Jaguar	XF	2016		Sedan			3XXXL-0	79: Jaguar XF 2009-2024  Sedan   3XXXL-0
918	1	OK	79	3XXXL-0	非皮卡	Jaguar	XF	2017		Sedan			3XXXL-0	79: Jaguar XF 2009-2024  Sedan   3XXXL-0
919	1	OK	79	3XXXL-0	非皮卡	Jaguar	XF	2018		Sedan			3XXXL-0	79: Jaguar XF 2009-2024  Sedan   3XXXL-0
920	1	OK	79	3XXXL-0	非皮卡	Jaguar	XF	2019		Sedan			3XXXL-0	79: Jaguar XF 2009-2024  Sedan   3XXXL-0
921	1	OK	79	3XXXL-0	非皮卡	Jaguar	XF	2020		Sedan			3XXXL-0	79: Jaguar XF 2009-2024  Sedan   3XXXL-0
922	1	OK	79	3XXXL-0	非皮卡	Jaguar	XF	2021		Sedan			3XXXL-0	79: Jaguar XF 2009-2024  Sedan   3XXXL-0
923	1	OK	79	3XXXL-0	非皮卡	Jaguar	XF	2022		Sedan			3XXXL-0	79: Jaguar XF 2009-2024  Sedan   3XXXL-0
924	1	OK	79	3XXXL-0	非皮卡	Jaguar	XF	2023		Sedan			3XXXL-0	79: Jaguar XF 2009-2024  Sedan   3XXXL-0
925	1	OK	79	3XXXL-0	非皮卡	Jaguar	XF	2024		Sedan			3XXXL-0	79: Jaguar XF 2009-2024  Sedan   3XXXL-0
926	1	OK	80	3XXXL-0	非皮卡	Jaguar	XJ	1979		Sedan			3XXXL-0	80: Jaguar XJ 1979-2019 Incl: LWB/SWB Sedan   3XXXL-0
927	1	OK	80	3XXXL-0	非皮卡	Jaguar	XJ	1980		Sedan			3XXXL-0	80: Jaguar XJ 1979-2019 Incl: LWB/SWB Sedan   3XXXL-0
928	1	OK	80	3XXXL-0	非皮卡	Jaguar	XJ	1981		Sedan			3XXXL-0	80: Jaguar XJ 1979-2019 Incl: LWB/SWB Sedan   3XXXL-0
929	1	OK	80	3XXXL-0	非皮卡	Jaguar	XJ	1982		Sedan			3XXXL-0	80: Jaguar XJ 1979-2019 Incl: LWB/SWB Sedan   3XXXL-0
930	1	OK	80	3XXXL-0	非皮卡	Jaguar	XJ	1983		Sedan			3XXXL-0	80: Jaguar XJ 1979-2019 Incl: LWB/SWB Sedan   3XXXL-0
931	1	OK	80	3XXXL-0	非皮卡	Jaguar	XJ	1984		Sedan			3XXXL-0	80: Jaguar XJ 1979-2019 Incl: LWB/SWB Sedan   3XXXL-0
932	1	OK	80	3XXXL-0	非皮卡	Jaguar	XJ	1985		Sedan			3XXXL-0	80: Jaguar XJ 1979-2019 Incl: LWB/SWB Sedan   3XXXL-0
933	1	OK	80	3XXXL-0	非皮卡	Jaguar	XJ	1986		Sedan			3XXXL-0	80: Jaguar XJ 1979-2019 Incl: LWB/SWB Sedan   3XXXL-0
934	1	OK	80	3XXXL-0	非皮卡	Jaguar	XJ	1987		Sedan			3XXXL-0	80: Jaguar XJ 1979-2019 Incl: LWB/SWB Sedan   3XXXL-0
935	1	OK	80	3XXXL-0	非皮卡	Jaguar	XJ	1988		Sedan			3XXXL-0	80: Jaguar XJ 1979-2019 Incl: LWB/SWB Sedan   3XXXL-0
936	1	OK	80	3XXXL-0	非皮卡	Jaguar	XJ	1988		Sedan			3XXXL-0	80: Jaguar XJ 1979-2019 Incl: LWB/SWB Sedan   3XXXL-0
937	1	OK	80	3XXXL-0	非皮卡	Jaguar	XJ	1989		Sedan			3XXXL-0	80: Jaguar XJ 1979-2019 Incl: LWB/SWB Sedan   3XXXL-0
938	1	OK	80	3XXXL-0	非皮卡	Jaguar	XJ	1989		Sedan			3XXXL-0	80: Jaguar XJ 1979-2019 Incl: LWB/SWB Sedan   3XXXL-0
939	1	OK	80	3XXXL-0	非皮卡	Jaguar	XJ	1990		Sedan			3XXXL-0	80: Jaguar XJ 1979-2019 Incl: LWB/SWB Sedan   3XXXL-0
940	1	OK	80	3XXXL-0	非皮卡	Jaguar	XJ	1990		Sedan			3XXXL-0	80: Jaguar XJ 1979-2019 Incl: LWB/SWB Sedan   3XXXL-0
941	1	OK	80	3XXXL-0	非皮卡	Jaguar	XJ	1991		Sedan			3XXXL-0	80: Jaguar XJ 1979-2019 Incl: LWB/SWB Sedan   3XXXL-0
942	1	OK	80	3XXXL-0	非皮卡	Jaguar	XJ	1991		Sedan			3XXXL-0	80: Jaguar XJ 1979-2019 Incl: LWB/SWB Sedan   3XXXL-0
943	1	OK	80	3XXXL-0	非皮卡	Jaguar	XJ	1992		Sedan			3XXXL-0	80: Jaguar XJ 1979-2019 Incl: LWB/SWB Sedan   3XXXL-0
944	1	OK	80	3XXXL-0	非皮卡	Jaguar	XJ	1992		Sedan			3XXXL-0	80: Jaguar XJ 1979-2019 Incl: LWB/SWB Sedan   3XXXL-0
945	1	OK	80	3XXXL-0	非皮卡	Jaguar	XJ	1993		Sedan			3XXXL-0	80: Jaguar XJ 1979-2019 Incl: LWB/SWB Sedan   3XXXL-0
946	1	OK	80	3XXXL-0	非皮卡	Jaguar	XJ	1994		Sedan			3XXXL-0	80: Jaguar XJ 1979-2019 Incl: LWB/SWB Sedan   3XXXL-0
947	1	OK	80	3XXXL-0	非皮卡	Jaguar	XJ	1995	LWB	Sedan			3XXXL-0	80: Jaguar XJ 1979-2019 Incl: LWB/SWB Sedan   3XXXL-0
948	1	OK	80	3XXXL-0	非皮卡	Jaguar	XJ	1995	SWB	Sedan			3XXXL-0	80: Jaguar XJ 1979-2019 Incl: LWB/SWB Sedan   3XXXL-0
949	1	OK	80	3XXXL-0	非皮卡	Jaguar	XJ	1996	LWB	Sedan			3XXXL-0	80: Jaguar XJ 1979-2019 Incl: LWB/SWB Sedan   3XXXL-0
950	1	OK	80	3XXXL-0	非皮卡	Jaguar	XJ	1996	SWB	Sedan			3XXXL-0	80: Jaguar XJ 1979-2019 Incl: LWB/SWB Sedan   3XXXL-0
951	1	OK	80	3XXXL-0	非皮卡	Jaguar	XJ	1997	LWB	Sedan			3XXXL-0	80: Jaguar XJ 1979-2019 Incl: LWB/SWB Sedan   3XXXL-0
952	1	OK	80	3XXXL-0	非皮卡	Jaguar	XJ	1997	SWB	Sedan			3XXXL-0	80: Jaguar XJ 1979-2019 Incl: LWB/SWB Sedan   3XXXL-0
953	1	OK	80	3XXXL-0	非皮卡	Jaguar	XJ	1998	LWB	Sedan			3XXXL-0	80: Jaguar XJ 1979-2019 Incl: LWB/SWB Sedan   3XXXL-0
954	1	OK	80	3XXXL-0	非皮卡	Jaguar	XJ	1998	SWB	Sedan			3XXXL-0	80: Jaguar XJ 1979-2019 Incl: LWB/SWB Sedan   3XXXL-0
955	1	OK	80	3XXXL-0	非皮卡	Jaguar	XJ	1999	LWB	Sedan			3XXXL-0	80: Jaguar XJ 1979-2019 Incl: LWB/SWB Sedan   3XXXL-0
956	1	OK	80	3XXXL-0	非皮卡	Jaguar	XJ	1999	SWB	Sedan			3XXXL-0	80: Jaguar XJ 1979-2019 Incl: LWB/SWB Sedan   3XXXL-0
957	1	OK	80	3XXXL-0	非皮卡	Jaguar	XJ	2000	LWB	Sedan			3XXXL-0	80: Jaguar XJ 1979-2019 Incl: LWB/SWB Sedan   3XXXL-0
958	1	OK	80	3XXXL-0	非皮卡	Jaguar	XJ	2000	SWB	Sedan			3XXXL-0	80: Jaguar XJ 1979-2019 Incl: LWB/SWB Sedan   3XXXL-0
959	1	OK	80	3XXXL-0	非皮卡	Jaguar	XJ	2001	LWB	Sedan			3XXXL-0	80: Jaguar XJ 1979-2019 Incl: LWB/SWB Sedan   3XXXL-0
960	1	OK	80	3XXXL-0	非皮卡	Jaguar	XJ	2001	SWB	Sedan			3XXXL-0	80: Jaguar XJ 1979-2019 Incl: LWB/SWB Sedan   3XXXL-0
961	1	OK	80	3XXXL-0	非皮卡	Jaguar	XJ	2002	LWB	Sedan			3XXXL-0	80: Jaguar XJ 1979-2019 Incl: LWB/SWB Sedan   3XXXL-0
962	1	OK	80	3XXXL-0	非皮卡	Jaguar	XJ	2002	SWB	Sedan			3XXXL-0	80: Jaguar XJ 1979-2019 Incl: LWB/SWB Sedan   3XXXL-0
963	1	OK	80	3XXXL-0	非皮卡	Jaguar	XJ	2003	LWB	Sedan			3XXXL-0	80: Jaguar XJ 1979-2019 Incl: LWB/SWB Sedan   3XXXL-0
964	1	OK	80	3XXXL-0	非皮卡	Jaguar	XJ	2003	SWB	Sedan			3XXXL-0	80: Jaguar XJ 1979-2019 Incl: LWB/SWB Sedan   3XXXL-0
965	1	OK	80	3XXXL-0	非皮卡	Jaguar	XJ	2004	LWB	Sedan			3XXXL-0	80: Jaguar XJ 1979-2019 Incl: LWB/SWB Sedan   3XXXL-0
966	1	OK	80	3XXXL-0	非皮卡	Jaguar	XJ	2004	SWB	Sedan			3XXXL-0	80: Jaguar XJ 1979-2019 Incl: LWB/SWB Sedan   3XXXL-0
967	1	OK	80	3XXXL-0	非皮卡	Jaguar	XJ	2005	LWB	Sedan			3XXXL-0	80: Jaguar XJ 1979-2019 Incl: LWB/SWB Sedan   3XXXL-0
968	1	OK	80	3XXXL-0	非皮卡	Jaguar	XJ	2005	SWB	Sedan			3XXXL-0	80: Jaguar XJ 1979-2019 Incl: LWB/SWB Sedan   3XXXL-0
969	1	OK	80	3XXXL-0	非皮卡	Jaguar	XJ	2006	LWB	Sedan			3XXXL-0	80: Jaguar XJ 1979-2019 Incl: LWB/SWB Sedan   3XXXL-0
970	1	OK	80	3XXXL-0	非皮卡	Jaguar	XJ	2006	SWB	Sedan			3XXXL-0	80: Jaguar XJ 1979-2019 Incl: LWB/SWB Sedan   3XXXL-0
971	1	OK	80	3XXXL-0	非皮卡	Jaguar	XJ	2007	LWB	Sedan			3XXXL-0	80: Jaguar XJ 1979-2019 Incl: LWB/SWB Sedan   3XXXL-0
972	1	OK	80	3XXXL-0	非皮卡	Jaguar	XJ	2007	SWB	Sedan			3XXXL-0	80: Jaguar XJ 1979-2019 Incl: LWB/SWB Sedan   3XXXL-0
973	1	OK	80	3XXXL-0	非皮卡	Jaguar	XJ	2008	LWB	Sedan			3XXXL-0	80: Jaguar XJ 1979-2019 Incl: LWB/SWB Sedan   3XXXL-0
974	1	OK	80	3XXXL-0	非皮卡	Jaguar	XJ	2008	SWB	Sedan			3XXXL-0	80: Jaguar XJ 1979-2019 Incl: LWB/SWB Sedan   3XXXL-0
975	1	OK	80	3XXXL-0	非皮卡	Jaguar	XJ	2009	LWB	Sedan			3XXXL-0	80: Jaguar XJ 1979-2019 Incl: LWB/SWB Sedan   3XXXL-0
976	1	OK	80	3XXXL-0	非皮卡	Jaguar	XJ	2009	SWB	Sedan			3XXXL-0	80: Jaguar XJ 1979-2019 Incl: LWB/SWB Sedan   3XXXL-0
977	1	OK	80	3XXXL-0	非皮卡	Jaguar	XJ	2011	LWB	Sedan			3XXXL-0	80: Jaguar XJ 1979-2019 Incl: LWB/SWB Sedan   3XXXL-0
978	1	OK	80	3XXXL-0	非皮卡	Jaguar	XJ	2011	SWB	Sedan			3XXXL-0	80: Jaguar XJ 1979-2019 Incl: LWB/SWB Sedan   3XXXL-0
979	1	OK	80	3XXXL-0	非皮卡	Jaguar	XJ	2012	LWB	Sedan			3XXXL-0	80: Jaguar XJ 1979-2019 Incl: LWB/SWB Sedan   3XXXL-0
980	1	OK	80	3XXXL-0	非皮卡	Jaguar	XJ	2012	SWB	Sedan			3XXXL-0	80: Jaguar XJ 1979-2019 Incl: LWB/SWB Sedan   3XXXL-0
981	1	OK	80	3XXXL-0	非皮卡	Jaguar	XJ	2013	LWB	Sedan			3XXXL-0	80: Jaguar XJ 1979-2019 Incl: LWB/SWB Sedan   3XXXL-0
982	1	OK	80	3XXXL-0	非皮卡	Jaguar	XJ	2013	SWB	Sedan			3XXXL-0	80: Jaguar XJ 1979-2019 Incl: LWB/SWB Sedan   3XXXL-0
983	1	OK	80	3XXXL-0	非皮卡	Jaguar	XJ	2014	LWB	Sedan			3XXXL-0	80: Jaguar XJ 1979-2019 Incl: LWB/SWB Sedan   3XXXL-0
984	1	OK	80	3XXXL-0	非皮卡	Jaguar	XJ	2014	SWB	Sedan			3XXXL-0	80: Jaguar XJ 1979-2019 Incl: LWB/SWB Sedan   3XXXL-0
985	1	OK	80	3XXXL-0	非皮卡	Jaguar	XJ	2015	LWB	Sedan			3XXXL-0	80: Jaguar XJ 1979-2019 Incl: LWB/SWB Sedan   3XXXL-0
986	1	OK	80	3XXXL-0	非皮卡	Jaguar	XJ	2015	SWB	Sedan			3XXXL-0	80: Jaguar XJ 1979-2019 Incl: LWB/SWB Sedan   3XXXL-0
987	1	OK	80	3XXXL-0	非皮卡	Jaguar	XJ	2016	LWB	Sedan			3XXXL-0	80: Jaguar XJ 1979-2019 Incl: LWB/SWB Sedan   3XXXL-0
988	1	OK	80	3XXXL-0	非皮卡	Jaguar	XJ	2016	SWB	Sedan			3XXXL-0	80: Jaguar XJ 1979-2019 Incl: LWB/SWB Sedan   3XXXL-0
989	1	OK	80	3XXXL-0	非皮卡	Jaguar	XJ	2017	LWB	Sedan			3XXXL-0	80: Jaguar XJ 1979-2019 Incl: LWB/SWB Sedan   3XXXL-0
990	1	OK	80	3XXXL-0	非皮卡	Jaguar	XJ	2017	SWB	Sedan			3XXXL-0	80: Jaguar XJ 1979-2019 Incl: LWB/SWB Sedan   3XXXL-0
991	1	OK	80	3XXXL-0	非皮卡	Jaguar	XJ	2018	LWB	Sedan			3XXXL-0	80: Jaguar XJ 1979-2019 Incl: LWB/SWB Sedan   3XXXL-0
992	1	OK	80	3XXXL-0	非皮卡	Jaguar	XJ	2018	SWB	Sedan			3XXXL-0	80: Jaguar XJ 1979-2019 Incl: LWB/SWB Sedan   3XXXL-0
993	1	OK	80	3XXXL-0	非皮卡	Jaguar	XJ	2019	LWB	Sedan			3XXXL-0	80: Jaguar XJ 1979-2019 Incl: LWB/SWB Sedan   3XXXL-0
994	1	OK	80	3XXXL-0	非皮卡	Jaguar	XJ	2019	SWB	Sedan			3XXXL-0	80: Jaguar XJ 1979-2019 Incl: LWB/SWB Sedan   3XXXL-0
995	1	OK	81	3XXXL-0	非皮卡	Karma Automotive	GS-6	2021		Sedan			3XXXL-0	81: Karma Automotive GS-6 2021-2022  Sedan   3XXXL-0
996	1	OK	81	3XXXL-0	非皮卡	Karma Automotive	GS-6	2022		Sedan			3XXXL-0	81: Karma Automotive GS-6 2021-2022  Sedan   3XXXL-0
997	1	OK	82	3XXXL-0	非皮卡	Karma Automotive	Revero	2017	GT/GTS	Sedan			3XXXL-0	82: Karma Automotive Revero 2017-2025 Incl: GT/GTS Sedan   3XXXL-0
998	1	OK	82	3XXXL-0	非皮卡	Karma Automotive	Revero	2018	GT/GTS	Sedan			3XXXL-0	82: Karma Automotive Revero 2017-2025 Incl: GT/GTS Sedan   3XXXL-0
999	1	OK	82	3XXXL-0	非皮卡	Karma Automotive	Revero	2019	GT/GTS	Sedan			3XXXL-0	82: Karma Automotive Revero 2017-2025 Incl: GT/GTS Sedan   3XXXL-0
1000	1	OK	82	3XXXL-0	非皮卡	Karma Automotive	Revero	2020	GT/GTS	Sedan			3XXXL-0	82: Karma Automotive Revero 2017-2025 Incl: GT/GTS Sedan   3XXXL-0
1001	1	OK	82	3XXXL-0	非皮卡	Karma Automotive	Revero	2021	GT/GTS	Sedan			3XXXL-0	82: Karma Automotive Revero 2017-2025 Incl: GT/GTS Sedan   3XXXL-0
1002	1	OK	82	3XXXL-0	非皮卡	Karma Automotive	Revero	2025		Sedan			3XXXL-0	82: Karma Automotive Revero 2017-2025 Incl: GT/GTS Sedan   3XXXL-0
1003	1	OK	83	3XXXL-0	非皮卡	Kia	Amanti	2004		Sedan			3XXXL-0	83: Kia Amanti 2004-2009  Sedan   3XXXL-0
1004	1	OK	83	3XXXL-0	非皮卡	Kia	Amanti	2005		Sedan			3XXXL-0	83: Kia Amanti 2004-2009  Sedan   3XXXL-0
1005	1	OK	83	3XXXL-0	非皮卡	Kia	Amanti	2006		Sedan			3XXXL-0	83: Kia Amanti 2004-2009  Sedan   3XXXL-0
1006	1	OK	83	3XXXL-0	非皮卡	Kia	Amanti	2007		Sedan			3XXXL-0	83: Kia Amanti 2004-2009  Sedan   3XXXL-0
1007	1	OK	83	3XXXL-0	非皮卡	Kia	Amanti	2008		Sedan			3XXXL-0	83: Kia Amanti 2004-2009  Sedan   3XXXL-0
1008	1	OK	83	3XXXL-0	非皮卡	Kia	Amanti	2009		Sedan			3XXXL-0	83: Kia Amanti 2004-2009  Sedan   3XXXL-0
1009	1	OK	84	3XXXL-0	非皮卡	Kia	Cadenza	2014		Sedan			3XXXL-0	84: Kia Cadenza 2014-2020  Sedan   3XXXL-0
1010	1	OK	84	3XXXL-0	非皮卡	Kia	Cadenza	2015		Sedan			3XXXL-0	84: Kia Cadenza 2014-2020  Sedan   3XXXL-0
1011	1	OK	84	3XXXL-0	非皮卡	Kia	Cadenza	2016		Sedan			3XXXL-0	84: Kia Cadenza 2014-2020  Sedan   3XXXL-0
1012	1	OK	84	3XXXL-0	非皮卡	Kia	Cadenza	2017		Sedan			3XXXL-0	84: Kia Cadenza 2014-2020  Sedan   3XXXL-0
1013	1	OK	84	3XXXL-0	非皮卡	Kia	Cadenza	2018		Sedan			3XXXL-0	84: Kia Cadenza 2014-2020  Sedan   3XXXL-0
1014	1	OK	84	3XXXL-0	非皮卡	Kia	Cadenza	2019		Sedan			3XXXL-0	84: Kia Cadenza 2014-2020  Sedan   3XXXL-0
1015	1	OK	84	3XXXL-0	非皮卡	Kia	Cadenza	2020		Sedan			3XXXL-0	84: Kia Cadenza 2014-2020  Sedan   3XXXL-0
1016	1	OK	85	3XXXL-0	非皮卡	Kia	K5	2021		Sedan			3XXXL-0	85: Kia K5 2021-2026  Sedan   3XXXL-0
1017	1	OK	85	3XXXL-0	非皮卡	Kia	K5	2022		Sedan			3XXXL-0	85: Kia K5 2021-2026  Sedan   3XXXL-0
1018	1	OK	85	3XXXL-0	非皮卡	Kia	K5	2023		Sedan			3XXXL-0	85: Kia K5 2021-2026  Sedan   3XXXL-0
1019	1	OK	85	3XXXL-0	非皮卡	Kia	K5	2024		Sedan			3XXXL-0	85: Kia K5 2021-2026  Sedan   3XXXL-0
1020	1	OK	85	3XXXL-0	非皮卡	Kia	K5	2025		Sedan			3XXXL-0	85: Kia K5 2021-2026  Sedan   3XXXL-0
1021	1	OK	85	3XXXL-0	非皮卡	Kia	K5	2026		Sedan			3XXXL-0	85: Kia K5 2021-2026  Sedan   3XXXL-0
1022	1	OK	86	3XXXL-0	非皮卡	Kia	K900	2015		Sedan			3XXXL-0	86: Kia K900 2015-2020  Sedan   3XXXL-0
1023	1	OK	86	3XXXL-0	非皮卡	Kia	K900	2016		Sedan			3XXXL-0	86: Kia K900 2015-2020  Sedan   3XXXL-0
1024	1	OK	86	3XXXL-0	非皮卡	Kia	K900	2017		Sedan			3XXXL-0	86: Kia K900 2015-2020  Sedan   3XXXL-0
1025	1	OK	86	3XXXL-0	非皮卡	Kia	K900	2019		Sedan			3XXXL-0	86: Kia K900 2015-2020  Sedan   3XXXL-0
1026	1	OK	86	3XXXL-0	非皮卡	Kia	K900	2020		Sedan			3XXXL-0	86: Kia K900 2015-2020  Sedan   3XXXL-0
1027	1	OK	87	3XXXL-0	非皮卡	Lexus	ES	2013		Sedan			3XXXL-0	87: Lexus ES 2013-2026  Sedan   3XXXL-0
1028	1	OK	87	3XXXL-0	非皮卡	Lexus	ES	2014		Sedan			3XXXL-0	87: Lexus ES 2013-2026  Sedan   3XXXL-0
1029	1	OK	87	3XXXL-0	非皮卡	Lexus	ES	2015		Sedan			3XXXL-0	87: Lexus ES 2013-2026  Sedan   3XXXL-0
1030	1	OK	87	3XXXL-0	非皮卡	Lexus	ES	2016		Sedan			3XXXL-0	87: Lexus ES 2013-2026  Sedan   3XXXL-0
1031	1	OK	87	3XXXL-0	非皮卡	Lexus	ES	2017		Sedan			3XXXL-0	87: Lexus ES 2013-2026  Sedan   3XXXL-0
1032	1	OK	87	3XXXL-0	非皮卡	Lexus	ES	2018		Sedan			3XXXL-0	87: Lexus ES 2013-2026  Sedan   3XXXL-0
1033	1	OK	87	3XXXL-0	非皮卡	Lexus	ES	2019		Sedan			3XXXL-0	87: Lexus ES 2013-2026  Sedan   3XXXL-0
1034	1	OK	87	3XXXL-0	非皮卡	Lexus	ES	2020		Sedan			3XXXL-0	87: Lexus ES 2013-2026  Sedan   3XXXL-0
1035	1	OK	87	3XXXL-0	非皮卡	Lexus	ES	2021		Sedan			3XXXL-0	87: Lexus ES 2013-2026  Sedan   3XXXL-0
1036	1	OK	87	3XXXL-0	非皮卡	Lexus	ES	2022		Sedan			3XXXL-0	87: Lexus ES 2013-2026  Sedan   3XXXL-0
1037	1	OK	87	3XXXL-0	非皮卡	Lexus	ES	2023		Sedan			3XXXL-0	87: Lexus ES 2013-2026  Sedan   3XXXL-0
1038	1	OK	87	3XXXL-0	非皮卡	Lexus	ES	2024		Sedan			3XXXL-0	87: Lexus ES 2013-2026  Sedan   3XXXL-0
1039	1	OK	87	3XXXL-0	非皮卡	Lexus	ES	2025		Sedan			3XXXL-0	87: Lexus ES 2013-2026  Sedan   3XXXL-0
1040	1	OK	87	3XXXL-0	非皮卡	Lexus	ES	2026		Sedan			3XXXL-0	87: Lexus ES 2013-2026  Sedan   3XXXL-0
1041	1	OK	88	3XXXL-0	非皮卡	Lexus	GS	1993		Sedan			3XXXL-0	88: Lexus GS 1993-1997  Sedan   3XXXL-0
1042	1	OK	88	3XXXL-0	非皮卡	Lexus	GS	1994		Sedan			3XXXL-0	88: Lexus GS 1993-1997  Sedan   3XXXL-0
1043	1	OK	88	3XXXL-0	非皮卡	Lexus	GS	1995		Sedan			3XXXL-0	88: Lexus GS 1993-1997  Sedan   3XXXL-0
1044	1	OK	88	3XXXL-0	非皮卡	Lexus	GS	1996		Sedan			3XXXL-0	88: Lexus GS 1993-1997  Sedan   3XXXL-0
1045	1	OK	88	3XXXL-0	非皮卡	Lexus	GS	1997		Sedan			3XXXL-0	88: Lexus GS 1993-1997  Sedan   3XXXL-0
1046	1	OK	89	3XXXL-0	非皮卡	Lexus	LS	1990		Sedan			3XXXL-0	89: Lexus LS 1990-2026 Incl: L Sedan   3XXXL-0
1047	1	OK	89	3XXXL-0	非皮卡	Lexus	LS	1991		Sedan			3XXXL-0	89: Lexus LS 1990-2026 Incl: L Sedan   3XXXL-0
1048	1	OK	89	3XXXL-0	非皮卡	Lexus	LS	1992		Sedan			3XXXL-0	89: Lexus LS 1990-2026 Incl: L Sedan   3XXXL-0
1049	1	OK	89	3XXXL-0	非皮卡	Lexus	LS	1993		Sedan			3XXXL-0	89: Lexus LS 1990-2026 Incl: L Sedan   3XXXL-0
1050	1	OK	89	3XXXL-0	非皮卡	Lexus	LS	1994		Sedan			3XXXL-0	89: Lexus LS 1990-2026 Incl: L Sedan   3XXXL-0
1051	1	OK	89	3XXXL-0	非皮卡	Lexus	LS	1995		Sedan			3XXXL-0	89: Lexus LS 1990-2026 Incl: L Sedan   3XXXL-0
1052	1	OK	89	3XXXL-0	非皮卡	Lexus	LS	1996		Sedan			3XXXL-0	89: Lexus LS 1990-2026 Incl: L Sedan   3XXXL-0
1053	1	OK	89	3XXXL-0	非皮卡	Lexus	LS	1997		Sedan			3XXXL-0	89: Lexus LS 1990-2026 Incl: L Sedan   3XXXL-0
1054	1	OK	89	3XXXL-0	非皮卡	Lexus	LS	1998		Sedan			3XXXL-0	89: Lexus LS 1990-2026 Incl: L Sedan   3XXXL-0
1055	1	OK	89	3XXXL-0	非皮卡	Lexus	LS	1999		Sedan			3XXXL-0	89: Lexus LS 1990-2026 Incl: L Sedan   3XXXL-0
1056	1	OK	89	3XXXL-0	非皮卡	Lexus	LS	2000		Sedan			3XXXL-0	89: Lexus LS 1990-2026 Incl: L Sedan   3XXXL-0
1057	1	OK	89	3XXXL-0	非皮卡	Lexus	LS	2001		Sedan			3XXXL-0	89: Lexus LS 1990-2026 Incl: L Sedan   3XXXL-0
1058	1	OK	89	3XXXL-0	非皮卡	Lexus	LS	2002		Sedan			3XXXL-0	89: Lexus LS 1990-2026 Incl: L Sedan   3XXXL-0
1059	1	OK	89	3XXXL-0	非皮卡	Lexus	LS	2003		Sedan			3XXXL-0	89: Lexus LS 1990-2026 Incl: L Sedan   3XXXL-0
1060	1	OK	89	3XXXL-0	非皮卡	Lexus	LS	2004		Sedan			3XXXL-0	89: Lexus LS 1990-2026 Incl: L Sedan   3XXXL-0
1061	1	OK	89	3XXXL-0	非皮卡	Lexus	LS	2005		Sedan			3XXXL-0	89: Lexus LS 1990-2026 Incl: L Sedan   3XXXL-0
1062	1	OK	89	3XXXL-0	非皮卡	Lexus	LS	2006		Sedan			3XXXL-0	89: Lexus LS 1990-2026 Incl: L Sedan   3XXXL-0
1063	1	OK	89	3XXXL-0	非皮卡	Lexus	LS	2007		Sedan			3XXXL-0	89: Lexus LS 1990-2026 Incl: L Sedan   3XXXL-0
1064	1	OK	89	3XXXL-0	非皮卡	Lexus	LS	2007	L	Sedan			3XXXL-0	89: Lexus LS 1990-2026 Incl: L Sedan   3XXXL-0
1065	1	OK	89	3XXXL-0	非皮卡	Lexus	LS	2008		Sedan			3XXXL-0	89: Lexus LS 1990-2026 Incl: L Sedan   3XXXL-0
1066	1	OK	89	3XXXL-0	非皮卡	Lexus	LS	2008	L	Sedan			3XXXL-0	89: Lexus LS 1990-2026 Incl: L Sedan   3XXXL-0
1067	1	OK	89	3XXXL-0	非皮卡	Lexus	LS	2009		Sedan			3XXXL-0	89: Lexus LS 1990-2026 Incl: L Sedan   3XXXL-0
1068	1	OK	89	3XXXL-0	非皮卡	Lexus	LS	2009	L	Sedan			3XXXL-0	89: Lexus LS 1990-2026 Incl: L Sedan   3XXXL-0
1069	1	OK	89	3XXXL-0	非皮卡	Lexus	LS	2010		Sedan			3XXXL-0	89: Lexus LS 1990-2026 Incl: L Sedan   3XXXL-0
1070	1	OK	89	3XXXL-0	非皮卡	Lexus	LS	2010	L	Sedan			3XXXL-0	89: Lexus LS 1990-2026 Incl: L Sedan   3XXXL-0
1071	1	OK	89	3XXXL-0	非皮卡	Lexus	LS	2011		Sedan			3XXXL-0	89: Lexus LS 1990-2026 Incl: L Sedan   3XXXL-0
1072	1	OK	89	3XXXL-0	非皮卡	Lexus	LS	2011	L	Sedan			3XXXL-0	89: Lexus LS 1990-2026 Incl: L Sedan   3XXXL-0
1073	1	OK	89	3XXXL-0	非皮卡	Lexus	LS	2012		Sedan			3XXXL-0	89: Lexus LS 1990-2026 Incl: L Sedan   3XXXL-0
1074	1	OK	89	3XXXL-0	非皮卡	Lexus	LS	2012	L	Sedan			3XXXL-0	89: Lexus LS 1990-2026 Incl: L Sedan   3XXXL-0
1075	1	OK	89	3XXXL-0	非皮卡	Lexus	LS	2013		Sedan			3XXXL-0	89: Lexus LS 1990-2026 Incl: L Sedan   3XXXL-0
1076	1	OK	89	3XXXL-0	非皮卡	Lexus	LS	2013	L	Sedan			3XXXL-0	89: Lexus LS 1990-2026 Incl: L Sedan   3XXXL-0
1077	1	OK	89	3XXXL-0	非皮卡	Lexus	LS	2014		Sedan			3XXXL-0	89: Lexus LS 1990-2026 Incl: L Sedan   3XXXL-0
1078	1	OK	89	3XXXL-0	非皮卡	Lexus	LS	2014	L	Sedan			3XXXL-0	89: Lexus LS 1990-2026 Incl: L Sedan   3XXXL-0
1079	1	OK	89	3XXXL-0	非皮卡	Lexus	LS	2015		Sedan			3XXXL-0	89: Lexus LS 1990-2026 Incl: L Sedan   3XXXL-0
1080	1	OK	89	3XXXL-0	非皮卡	Lexus	LS	2015	L	Sedan			3XXXL-0	89: Lexus LS 1990-2026 Incl: L Sedan   3XXXL-0
1081	1	OK	89	3XXXL-0	非皮卡	Lexus	LS	2016		Sedan			3XXXL-0	89: Lexus LS 1990-2026 Incl: L Sedan   3XXXL-0
1082	1	OK	89	3XXXL-0	非皮卡	Lexus	LS	2016	L	Sedan			3XXXL-0	89: Lexus LS 1990-2026 Incl: L Sedan   3XXXL-0
1083	1	OK	89	3XXXL-0	非皮卡	Lexus	LS	2017		Sedan			3XXXL-0	89: Lexus LS 1990-2026 Incl: L Sedan   3XXXL-0
1084	1	OK	89	3XXXL-0	非皮卡	Lexus	LS	2017	L	Sedan			3XXXL-0	89: Lexus LS 1990-2026 Incl: L Sedan   3XXXL-0
1085	1	OK	89	3XXXL-0	非皮卡	Lexus	LS	2018		Sedan			3XXXL-0	89: Lexus LS 1990-2026 Incl: L Sedan   3XXXL-0
1086	1	OK	89	3XXXL-0	非皮卡	Lexus	LS	2019		Sedan			3XXXL-0	89: Lexus LS 1990-2026 Incl: L Sedan   3XXXL-0
1087	1	OK	89	3XXXL-0	非皮卡	Lexus	LS	2020		Sedan			3XXXL-0	89: Lexus LS 1990-2026 Incl: L Sedan   3XXXL-0
1088	1	OK	89	3XXXL-0	非皮卡	Lexus	LS	2021		Sedan			3XXXL-0	89: Lexus LS 1990-2026 Incl: L Sedan   3XXXL-0
1089	1	OK	89	3XXXL-0	非皮卡	Lexus	LS	2022		Sedan			3XXXL-0	89: Lexus LS 1990-2026 Incl: L Sedan   3XXXL-0
1090	1	OK	89	3XXXL-0	非皮卡	Lexus	LS	2023		Sedan			3XXXL-0	89: Lexus LS 1990-2026 Incl: L Sedan   3XXXL-0
1091	1	OK	89	3XXXL-0	非皮卡	Lexus	LS	2024		Sedan			3XXXL-0	89: Lexus LS 1990-2026 Incl: L Sedan   3XXXL-0
1092	1	OK	89	3XXXL-0	非皮卡	Lexus	LS	2025		Sedan			3XXXL-0	89: Lexus LS 1990-2026 Incl: L Sedan   3XXXL-0
1093	1	OK	89	3XXXL-0	非皮卡	Lexus	LS	2026		Sedan			3XXXL-0	89: Lexus LS 1990-2026 Incl: L Sedan   3XXXL-0
1094	1	OK	90	3XXXL-0	非皮卡	Lincoln	Continental	1961		Sedan			3XXXL-0	90: Lincoln Continental 1961-2020  Sedan   3XXXL-0
1095	1	OK	90	3XXXL-0	非皮卡	Lincoln	Continental	1962		Sedan			3XXXL-0	90: Lincoln Continental 1961-2020  Sedan   3XXXL-0
1096	1	OK	90	3XXXL-0	非皮卡	Lincoln	Continental	1963		Sedan			3XXXL-0	90: Lincoln Continental 1961-2020  Sedan   3XXXL-0
1097	1	OK	90	3XXXL-0	非皮卡	Lincoln	Continental	1964		Sedan			3XXXL-0	90: Lincoln Continental 1961-2020  Sedan   3XXXL-0
1098	1	OK	90	3XXXL-0	非皮卡	Lincoln	Continental	1965		Sedan			3XXXL-0	90: Lincoln Continental 1961-2020  Sedan   3XXXL-0
1099	1	OK	90	3XXXL-0	非皮卡	Lincoln	Continental	1982		Sedan			3XXXL-0	90: Lincoln Continental 1961-2020  Sedan   3XXXL-0
1100	1	OK	90	3XXXL-0	非皮卡	Lincoln	Continental	1983		Sedan			3XXXL-0	90: Lincoln Continental 1961-2020  Sedan   3XXXL-0
1101	1	OK	90	3XXXL-0	非皮卡	Lincoln	Continental	1984		Sedan			3XXXL-0	90: Lincoln Continental 1961-2020  Sedan   3XXXL-0
1102	1	OK	90	3XXXL-0	非皮卡	Lincoln	Continental	1985		Sedan			3XXXL-0	90: Lincoln Continental 1961-2020  Sedan   3XXXL-0
1103	1	OK	90	3XXXL-0	非皮卡	Lincoln	Continental	1986		Sedan			3XXXL-0	90: Lincoln Continental 1961-2020  Sedan   3XXXL-0
1104	1	OK	90	3XXXL-0	非皮卡	Lincoln	Continental	1987		Sedan			3XXXL-0	90: Lincoln Continental 1961-2020  Sedan   3XXXL-0
1105	1	OK	90	3XXXL-0	非皮卡	Lincoln	Continental	1988		Sedan			3XXXL-0	90: Lincoln Continental 1961-2020  Sedan   3XXXL-0
1106	1	OK	90	3XXXL-0	非皮卡	Lincoln	Continental	1989		Sedan			3XXXL-0	90: Lincoln Continental 1961-2020  Sedan   3XXXL-0
1107	1	OK	90	3XXXL-0	非皮卡	Lincoln	Continental	1990		Sedan			3XXXL-0	90: Lincoln Continental 1961-2020  Sedan   3XXXL-0
1108	1	OK	90	3XXXL-0	非皮卡	Lincoln	Continental	1991		Sedan			3XXXL-0	90: Lincoln Continental 1961-2020  Sedan   3XXXL-0
1109	1	OK	90	3XXXL-0	非皮卡	Lincoln	Continental	1992		Sedan			3XXXL-0	90: Lincoln Continental 1961-2020  Sedan   3XXXL-0
1110	1	OK	90	3XXXL-0	非皮卡	Lincoln	Continental	1993		Sedan			3XXXL-0	90: Lincoln Continental 1961-2020  Sedan   3XXXL-0
1111	1	OK	90	3XXXL-0	非皮卡	Lincoln	Continental	1994		Sedan			3XXXL-0	90: Lincoln Continental 1961-2020  Sedan   3XXXL-0
1112	1	OK	90	3XXXL-0	非皮卡	Lincoln	Continental	1995		Sedan			3XXXL-0	90: Lincoln Continental 1961-2020  Sedan   3XXXL-0
1113	1	OK	90	3XXXL-0	非皮卡	Lincoln	Continental	1996		Sedan			3XXXL-0	90: Lincoln Continental 1961-2020  Sedan   3XXXL-0
1114	1	OK	90	3XXXL-0	非皮卡	Lincoln	Continental	1997		Sedan			3XXXL-0	90: Lincoln Continental 1961-2020  Sedan   3XXXL-0
1115	1	OK	90	3XXXL-0	非皮卡	Lincoln	Continental	1998		Sedan			3XXXL-0	90: Lincoln Continental 1961-2020  Sedan   3XXXL-0
1116	1	OK	90	3XXXL-0	非皮卡	Lincoln	Continental	1999		Sedan			3XXXL-0	90: Lincoln Continental 1961-2020  Sedan   3XXXL-0
1117	1	OK	90	3XXXL-0	非皮卡	Lincoln	Continental	2000		Sedan			3XXXL-0	90: Lincoln Continental 1961-2020  Sedan   3XXXL-0
1118	1	OK	90	3XXXL-0	非皮卡	Lincoln	Continental	2001		Sedan			3XXXL-0	90: Lincoln Continental 1961-2020  Sedan   3XXXL-0
1119	1	OK	90	3XXXL-0	非皮卡	Lincoln	Continental	2002		Sedan			3XXXL-0	90: Lincoln Continental 1961-2020  Sedan   3XXXL-0
1120	1	OK	90	3XXXL-0	非皮卡	Lincoln	Continental	2017		Sedan			3XXXL-0	90: Lincoln Continental 1961-2020  Sedan   3XXXL-0
1121	1	OK	90	3XXXL-0	非皮卡	Lincoln	Continental	2018		Sedan			3XXXL-0	90: Lincoln Continental 1961-2020  Sedan   3XXXL-0
1122	1	OK	90	3XXXL-0	非皮卡	Lincoln	Continental	2019		Sedan			3XXXL-0	90: Lincoln Continental 1961-2020  Sedan   3XXXL-0
1123	1	OK	90	3XXXL-0	非皮卡	Lincoln	Continental	2020		Sedan			3XXXL-0	90: Lincoln Continental 1961-2020  Sedan   3XXXL-0
1124	1	OK	91	3XXXL-0	非皮卡	Lincoln	LS	2000		Sedan			3XXXL-0	91: Lincoln LS 2000-2006  Sedan   3XXXL-0
1125	1	OK	91	3XXXL-0	非皮卡	Lincoln	LS	2001		Sedan			3XXXL-0	91: Lincoln LS 2000-2006  Sedan   3XXXL-0
1126	1	OK	91	3XXXL-0	非皮卡	Lincoln	LS	2002		Sedan			3XXXL-0	91: Lincoln LS 2000-2006  Sedan   3XXXL-0
1127	1	OK	91	3XXXL-0	非皮卡	Lincoln	LS	2003		Sedan			3XXXL-0	91: Lincoln LS 2000-2006  Sedan   3XXXL-0
1128	1	OK	91	3XXXL-0	非皮卡	Lincoln	LS	2004		Sedan			3XXXL-0	91: Lincoln LS 2000-2006  Sedan   3XXXL-0
1129	1	OK	91	3XXXL-0	非皮卡	Lincoln	LS	2005		Sedan			3XXXL-0	91: Lincoln LS 2000-2006  Sedan   3XXXL-0
1130	1	OK	91	3XXXL-0	非皮卡	Lincoln	LS	2006		Sedan			3XXXL-0	91: Lincoln LS 2000-2006  Sedan   3XXXL-0
1131	1	OK	92	3XXXL-0	非皮卡	Lincoln	MKS	2009		Sedan			3XXXL-0	92: Lincoln MKS 2009-2016  Sedan   3XXXL-0
1132	1	OK	92	3XXXL-0	非皮卡	Lincoln	MKS	2010		Sedan			3XXXL-0	92: Lincoln MKS 2009-2016  Sedan   3XXXL-0
1133	1	OK	92	3XXXL-0	非皮卡	Lincoln	MKS	2011		Sedan			3XXXL-0	92: Lincoln MKS 2009-2016  Sedan   3XXXL-0
1134	1	OK	92	3XXXL-0	非皮卡	Lincoln	MKS	2012		Sedan			3XXXL-0	92: Lincoln MKS 2009-2016  Sedan   3XXXL-0
1135	1	OK	92	3XXXL-0	非皮卡	Lincoln	MKS	2013		Sedan			3XXXL-0	92: Lincoln MKS 2009-2016  Sedan   3XXXL-0
1136	1	OK	92	3XXXL-0	非皮卡	Lincoln	MKS	2014		Sedan			3XXXL-0	92: Lincoln MKS 2009-2016  Sedan   3XXXL-0
1137	1	OK	92	3XXXL-0	非皮卡	Lincoln	MKS	2015		Sedan			3XXXL-0	92: Lincoln MKS 2009-2016  Sedan   3XXXL-0
1138	1	OK	92	3XXXL-0	非皮卡	Lincoln	MKS	2016		Sedan			3XXXL-0	92: Lincoln MKS 2009-2016  Sedan   3XXXL-0
1139	1	OK	93	3XXXL-0	非皮卡	Lincoln	MKZ	2013		Sedan			3XXXL-0	93: Lincoln MKZ 2013-2020  Sedan   3XXXL-0
1140	1	OK	93	3XXXL-0	非皮卡	Lincoln	MKZ	2014		Sedan			3XXXL-0	93: Lincoln MKZ 2013-2020  Sedan   3XXXL-0
1141	1	OK	93	3XXXL-0	非皮卡	Lincoln	MKZ	2015		Sedan			3XXXL-0	93: Lincoln MKZ 2013-2020  Sedan   3XXXL-0
1142	1	OK	93	3XXXL-0	非皮卡	Lincoln	MKZ	2016		Sedan			3XXXL-0	93: Lincoln MKZ 2013-2020  Sedan   3XXXL-0
1143	1	OK	93	3XXXL-0	非皮卡	Lincoln	MKZ	2017		Sedan			3XXXL-0	93: Lincoln MKZ 2013-2020  Sedan   3XXXL-0
1144	1	OK	93	3XXXL-0	非皮卡	Lincoln	MKZ	2018		Sedan			3XXXL-0	93: Lincoln MKZ 2013-2020  Sedan   3XXXL-0
1145	1	OK	93	3XXXL-0	非皮卡	Lincoln	MKZ	2019		Sedan			3XXXL-0	93: Lincoln MKZ 2013-2020  Sedan   3XXXL-0
1146	1	OK	93	3XXXL-0	非皮卡	Lincoln	MKZ	2020		Sedan			3XXXL-0	93: Lincoln MKZ 2013-2020  Sedan   3XXXL-0
1147	1	OK	94	3XXXL-0	非皮卡	Lincoln	Town Car	1998		Sedan			3XXXL-0	94: Lincoln Town Car 1998-2011  Sedan   3XXXL-0
1148	1	OK	94	3XXXL-0	非皮卡	Lincoln	Town Car	1999		Sedan			3XXXL-0	94: Lincoln Town Car 1998-2011  Sedan   3XXXL-0
1149	1	OK	94	3XXXL-0	非皮卡	Lincoln	Town Car	2000		Sedan			3XXXL-0	94: Lincoln Town Car 1998-2011  Sedan   3XXXL-0
1150	1	OK	94	3XXXL-0	非皮卡	Lincoln	Town Car	2001		Sedan			3XXXL-0	94: Lincoln Town Car 1998-2011  Sedan   3XXXL-0
1151	1	OK	94	3XXXL-0	非皮卡	Lincoln	Town Car	2002		Sedan			3XXXL-0	94: Lincoln Town Car 1998-2011  Sedan   3XXXL-0
1152	1	OK	94	3XXXL-0	非皮卡	Lincoln	Town Car	2003		Sedan			3XXXL-0	94: Lincoln Town Car 1998-2011  Sedan   3XXXL-0
1153	1	OK	94	3XXXL-0	非皮卡	Lincoln	Town Car	2004		Sedan			3XXXL-0	94: Lincoln Town Car 1998-2011  Sedan   3XXXL-0
1154	1	OK	94	3XXXL-0	非皮卡	Lincoln	Town Car	2005		Sedan			3XXXL-0	94: Lincoln Town Car 1998-2011  Sedan   3XXXL-0
1155	1	OK	94	3XXXL-0	非皮卡	Lincoln	Town Car	2006		Sedan			3XXXL-0	94: Lincoln Town Car 1998-2011  Sedan   3XXXL-0
1156	1	OK	94	3XXXL-0	非皮卡	Lincoln	Town Car	2007		Sedan			3XXXL-0	94: Lincoln Town Car 1998-2011  Sedan   3XXXL-0
1157	1	OK	94	3XXXL-0	非皮卡	Lincoln	Town Car	2008		Sedan			3XXXL-0	94: Lincoln Town Car 1998-2011  Sedan   3XXXL-0
1158	1	OK	94	3XXXL-0	非皮卡	Lincoln	Town Car	2009		Sedan			3XXXL-0	94: Lincoln Town Car 1998-2011  Sedan   3XXXL-0
1159	1	OK	94	3XXXL-0	非皮卡	Lincoln	Town Car	2010		Sedan			3XXXL-0	94: Lincoln Town Car 1998-2011  Sedan   3XXXL-0
1160	1	OK	94	3XXXL-0	非皮卡	Lincoln	Town Car	2011		Sedan			3XXXL-0	94: Lincoln Town Car 1998-2011  Sedan   3XXXL-0
1161	1	OK	95	3XXXL-0	非皮卡	Lucid Motors	Air	2022		Sedan			3XXXL-0	95: Lucid Motors Air 2022-2026  Sedan   3XXXL-0
1162	1	OK	95	3XXXL-0	非皮卡	Lucid Motors	Air	2023		Sedan			3XXXL-0	95: Lucid Motors Air 2022-2026  Sedan   3XXXL-0
1163	1	OK	95	3XXXL-0	非皮卡	Lucid Motors	Air	2024		Sedan			3XXXL-0	95: Lucid Motors Air 2022-2026  Sedan   3XXXL-0
1164	1	OK	95	3XXXL-0	非皮卡	Lucid Motors	Air	2025		Sedan			3XXXL-0	95: Lucid Motors Air 2022-2026  Sedan   3XXXL-0
1165	1	OK	95	3XXXL-0	非皮卡	Lucid Motors	Air	2026		Sedan			3XXXL-0	95: Lucid Motors Air 2022-2026  Sedan   3XXXL-0
1166	1	OK	96	3XXXL-0	非皮卡	Maserati	Ghibli	2014		Sedan			3XXXL-0	96: Maserati Ghibli 2014-2024  Sedan   3XXXL-0
1167	1	OK	96	3XXXL-0	非皮卡	Maserati	Ghibli	2015		Sedan			3XXXL-0	96: Maserati Ghibli 2014-2024  Sedan   3XXXL-0
1168	1	OK	96	3XXXL-0	非皮卡	Maserati	Ghibli	2016		Sedan			3XXXL-0	96: Maserati Ghibli 2014-2024  Sedan   3XXXL-0
1169	1	OK	96	3XXXL-0	非皮卡	Maserati	Ghibli	2017		Sedan			3XXXL-0	96: Maserati Ghibli 2014-2024  Sedan   3XXXL-0
1170	1	OK	96	3XXXL-0	非皮卡	Maserati	Ghibli	2018		Sedan			3XXXL-0	96: Maserati Ghibli 2014-2024  Sedan   3XXXL-0
1171	1	OK	96	3XXXL-0	非皮卡	Maserati	Ghibli	2019		Sedan			3XXXL-0	96: Maserati Ghibli 2014-2024  Sedan   3XXXL-0
1172	1	OK	96	3XXXL-0	非皮卡	Maserati	Ghibli	2020		Sedan			3XXXL-0	96: Maserati Ghibli 2014-2024  Sedan   3XXXL-0
1173	1	OK	96	3XXXL-0	非皮卡	Maserati	Ghibli	2021		Sedan			3XXXL-0	96: Maserati Ghibli 2014-2024  Sedan   3XXXL-0
1174	1	OK	96	3XXXL-0	非皮卡	Maserati	Ghibli	2022		Sedan			3XXXL-0	96: Maserati Ghibli 2014-2024  Sedan   3XXXL-0
1175	1	OK	96	3XXXL-0	非皮卡	Maserati	Ghibli	2023		Sedan			3XXXL-0	96: Maserati Ghibli 2014-2024  Sedan   3XXXL-0
1176	1	OK	96	3XXXL-0	非皮卡	Maserati	Ghibli	2024		Sedan			3XXXL-0	96: Maserati Ghibli 2014-2024  Sedan   3XXXL-0
1177	1	OK	97	3XXXL-0	非皮卡	Maserati	Quattroporte	2005		Sedan			3XXXL-0	97: Maserati Quattroporte 2005-2024  Sedan   3XXXL-0
1178	1	OK	97	3XXXL-0	非皮卡	Maserati	Quattroporte	2006		Sedan			3XXXL-0	97: Maserati Quattroporte 2005-2024  Sedan   3XXXL-0
1179	1	OK	97	3XXXL-0	非皮卡	Maserati	Quattroporte	2007		Sedan			3XXXL-0	97: Maserati Quattroporte 2005-2024  Sedan   3XXXL-0
1180	1	OK	97	3XXXL-0	非皮卡	Maserati	Quattroporte	2008		Sedan			3XXXL-0	97: Maserati Quattroporte 2005-2024  Sedan   3XXXL-0
1181	1	OK	97	3XXXL-0	非皮卡	Maserati	Quattroporte	2009		Sedan			3XXXL-0	97: Maserati Quattroporte 2005-2024  Sedan   3XXXL-0
1182	1	OK	97	3XXXL-0	非皮卡	Maserati	Quattroporte	2010		Sedan			3XXXL-0	97: Maserati Quattroporte 2005-2024  Sedan   3XXXL-0
1183	1	OK	97	3XXXL-0	非皮卡	Maserati	Quattroporte	2011		Sedan			3XXXL-0	97: Maserati Quattroporte 2005-2024  Sedan   3XXXL-0
1184	1	OK	97	3XXXL-0	非皮卡	Maserati	Quattroporte	2012		Sedan			3XXXL-0	97: Maserati Quattroporte 2005-2024  Sedan   3XXXL-0
1185	1	OK	97	3XXXL-0	非皮卡	Maserati	Quattroporte	2013		Sedan			3XXXL-0	97: Maserati Quattroporte 2005-2024  Sedan   3XXXL-0
1186	1	OK	97	3XXXL-0	非皮卡	Maserati	Quattroporte	2014		Sedan			3XXXL-0	97: Maserati Quattroporte 2005-2024  Sedan   3XXXL-0
1187	1	OK	97	3XXXL-0	非皮卡	Maserati	Quattroporte	2015		Sedan			3XXXL-0	97: Maserati Quattroporte 2005-2024  Sedan   3XXXL-0
1188	1	OK	97	3XXXL-0	非皮卡	Maserati	Quattroporte	2016		Sedan			3XXXL-0	97: Maserati Quattroporte 2005-2024  Sedan   3XXXL-0
1189	1	OK	97	3XXXL-0	非皮卡	Maserati	Quattroporte	2017		Sedan			3XXXL-0	97: Maserati Quattroporte 2005-2024  Sedan   3XXXL-0
1190	1	OK	97	3XXXL-0	非皮卡	Maserati	Quattroporte	2018		Sedan			3XXXL-0	97: Maserati Quattroporte 2005-2024  Sedan   3XXXL-0
1191	1	OK	97	3XXXL-0	非皮卡	Maserati	Quattroporte	2019		Sedan			3XXXL-0	97: Maserati Quattroporte 2005-2024  Sedan   3XXXL-0
1192	1	OK	97	3XXXL-0	非皮卡	Maserati	Quattroporte	2020		Sedan			3XXXL-0	97: Maserati Quattroporte 2005-2024  Sedan   3XXXL-0
1193	1	OK	97	3XXXL-0	非皮卡	Maserati	Quattroporte	2021		Sedan			3XXXL-0	97: Maserati Quattroporte 2005-2024  Sedan   3XXXL-0
1194	1	OK	97	3XXXL-0	非皮卡	Maserati	Quattroporte	2022		Sedan			3XXXL-0	97: Maserati Quattroporte 2005-2024  Sedan   3XXXL-0
1195	1	OK	97	3XXXL-0	非皮卡	Maserati	Quattroporte	2023		Sedan			3XXXL-0	97: Maserati Quattroporte 2005-2024  Sedan   3XXXL-0
1196	1	OK	97	3XXXL-0	非皮卡	Maserati	Quattroporte	2024		Sedan			3XXXL-0	97: Maserati Quattroporte 2005-2024  Sedan   3XXXL-0
1197	1	OK	98	3XXXL-0	非皮卡	Mazda	6	2009		Sedan			3XXXL-0	98: Mazda 6 2009-2021  Sedan   3XXXL-0
1198	1	OK	98	3XXXL-0	非皮卡	Mazda	6	2010		Sedan			3XXXL-0	98: Mazda 6 2009-2021  Sedan   3XXXL-0
1199	1	OK	98	3XXXL-0	非皮卡	Mazda	6	2011		Sedan			3XXXL-0	98: Mazda 6 2009-2021  Sedan   3XXXL-0
1200	1	OK	98	3XXXL-0	非皮卡	Mazda	6	2012		Sedan			3XXXL-0	98: Mazda 6 2009-2021  Sedan   3XXXL-0
1201	1	OK	98	3XXXL-0	非皮卡	Mazda	6	2013		Sedan			3XXXL-0	98: Mazda 6 2009-2021  Sedan   3XXXL-0
1202	1	OK	98	3XXXL-0	非皮卡	Mazda	6	2018		Sedan			3XXXL-0	98: Mazda 6 2009-2021  Sedan   3XXXL-0
1203	1	OK	98	3XXXL-0	非皮卡	Mazda	6	2019		Sedan			3XXXL-0	98: Mazda 6 2009-2021  Sedan   3XXXL-0
1204	1	OK	98	3XXXL-0	非皮卡	Mazda	6	2020		Sedan			3XXXL-0	98: Mazda 6 2009-2021  Sedan   3XXXL-0
1205	1	OK	98	3XXXL-0	非皮卡	Mazda	6	2021		Sedan			3XXXL-0	98: Mazda 6 2009-2021  Sedan   3XXXL-0
1206	1	OK	99	3XXXL-0	非皮卡	Mercedes-Benz	CLS-Class	2006	4dr coupe	Sedan			3XXXL-0	99: Mercedes-Benz CLS-Class 2006-2023 4dr coupe/AMG Sedan   3XXXL-0
1207	1	OK	99	3XXXL-0	非皮卡	Mercedes-Benz	CLS-Class	2006	AMG	Sedan			3XXXL-0	99: Mercedes-Benz CLS-Class 2006-2023 4dr coupe/AMG Sedan   3XXXL-0
1208	1	OK	99	3XXXL-0	非皮卡	Mercedes-Benz	CLS-Class	2007	4dr coupe	Sedan			3XXXL-0	99: Mercedes-Benz CLS-Class 2006-2023 4dr coupe/AMG Sedan   3XXXL-0
1209	1	OK	99	3XXXL-0	非皮卡	Mercedes-Benz	CLS-Class	2007	AMG	Sedan			3XXXL-0	99: Mercedes-Benz CLS-Class 2006-2023 4dr coupe/AMG Sedan   3XXXL-0
1210	1	OK	99	3XXXL-0	非皮卡	Mercedes-Benz	CLS-Class	2008	4dr coupe	Sedan			3XXXL-0	99: Mercedes-Benz CLS-Class 2006-2023 4dr coupe/AMG Sedan   3XXXL-0
1211	1	OK	99	3XXXL-0	非皮卡	Mercedes-Benz	CLS-Class	2008	AMG	Sedan			3XXXL-0	99: Mercedes-Benz CLS-Class 2006-2023 4dr coupe/AMG Sedan   3XXXL-0
1212	1	OK	99	3XXXL-0	非皮卡	Mercedes-Benz	CLS-Class	2009	4dr coupe	Sedan			3XXXL-0	99: Mercedes-Benz CLS-Class 2006-2023 4dr coupe/AMG Sedan   3XXXL-0
1213	1	OK	99	3XXXL-0	非皮卡	Mercedes-Benz	CLS-Class	2009	AMG	Sedan			3XXXL-0	99: Mercedes-Benz CLS-Class 2006-2023 4dr coupe/AMG Sedan   3XXXL-0
1214	1	OK	99	3XXXL-0	非皮卡	Mercedes-Benz	CLS-Class	2010	4dr coupe	Sedan			3XXXL-0	99: Mercedes-Benz CLS-Class 2006-2023 4dr coupe/AMG Sedan   3XXXL-0
1215	1	OK	99	3XXXL-0	非皮卡	Mercedes-Benz	CLS-Class	2010	AMG	Sedan			3XXXL-0	99: Mercedes-Benz CLS-Class 2006-2023 4dr coupe/AMG Sedan   3XXXL-0
1216	1	OK	99	3XXXL-0	非皮卡	Mercedes-Benz	CLS-Class	2011	4dr coupe	Sedan			3XXXL-0	99: Mercedes-Benz CLS-Class 2006-2023 4dr coupe/AMG Sedan   3XXXL-0
1217	1	OK	99	3XXXL-0	非皮卡	Mercedes-Benz	CLS-Class	2011	AMG	Sedan			3XXXL-0	99: Mercedes-Benz CLS-Class 2006-2023 4dr coupe/AMG Sedan   3XXXL-0
1218	1	OK	99	3XXXL-0	非皮卡	Mercedes-Benz	CLS-Class	2012	4dr coupe	Sedan			3XXXL-0	99: Mercedes-Benz CLS-Class 2006-2023 4dr coupe/AMG Sedan   3XXXL-0
1219	1	OK	99	3XXXL-0	非皮卡	Mercedes-Benz	CLS-Class	2012	AMG	Sedan			3XXXL-0	99: Mercedes-Benz CLS-Class 2006-2023 4dr coupe/AMG Sedan   3XXXL-0
1220	1	OK	99	3XXXL-0	非皮卡	Mercedes-Benz	CLS-Class	2013	4dr coupe	Sedan			3XXXL-0	99: Mercedes-Benz CLS-Class 2006-2023 4dr coupe/AMG Sedan   3XXXL-0
1221	1	OK	99	3XXXL-0	非皮卡	Mercedes-Benz	CLS-Class	2013	AMG	Sedan			3XXXL-0	99: Mercedes-Benz CLS-Class 2006-2023 4dr coupe/AMG Sedan   3XXXL-0
1222	1	OK	99	3XXXL-0	非皮卡	Mercedes-Benz	CLS-Class	2014	4dr coupe	Sedan			3XXXL-0	99: Mercedes-Benz CLS-Class 2006-2023 4dr coupe/AMG Sedan   3XXXL-0
1223	1	OK	99	3XXXL-0	非皮卡	Mercedes-Benz	CLS-Class	2014	AMG	Sedan			3XXXL-0	99: Mercedes-Benz CLS-Class 2006-2023 4dr coupe/AMG Sedan   3XXXL-0
1224	1	OK	99	3XXXL-0	非皮卡	Mercedes-Benz	CLS-Class	2015	4dr coupe	Sedan			3XXXL-0	99: Mercedes-Benz CLS-Class 2006-2023 4dr coupe/AMG Sedan   3XXXL-0
1225	1	OK	99	3XXXL-0	非皮卡	Mercedes-Benz	CLS-Class	2015	AMG	Sedan			3XXXL-0	99: Mercedes-Benz CLS-Class 2006-2023 4dr coupe/AMG Sedan   3XXXL-0
1226	1	OK	99	3XXXL-0	非皮卡	Mercedes-Benz	CLS-Class	2016	4dr coupe	Sedan			3XXXL-0	99: Mercedes-Benz CLS-Class 2006-2023 4dr coupe/AMG Sedan   3XXXL-0
1227	1	OK	99	3XXXL-0	非皮卡	Mercedes-Benz	CLS-Class	2016	AMG	Sedan			3XXXL-0	99: Mercedes-Benz CLS-Class 2006-2023 4dr coupe/AMG Sedan   3XXXL-0
1228	1	OK	99	3XXXL-0	非皮卡	Mercedes-Benz	CLS-Class	2017	4dr coupe	Sedan			3XXXL-0	99: Mercedes-Benz CLS-Class 2006-2023 4dr coupe/AMG Sedan   3XXXL-0
1229	1	OK	99	3XXXL-0	非皮卡	Mercedes-Benz	CLS-Class	2017	AMG	Sedan			3XXXL-0	99: Mercedes-Benz CLS-Class 2006-2023 4dr coupe/AMG Sedan   3XXXL-0
1230	1	OK	99	3XXXL-0	非皮卡	Mercedes-Benz	CLS-Class	2018	4dr coupe	Sedan			3XXXL-0	99: Mercedes-Benz CLS-Class 2006-2023 4dr coupe/AMG Sedan   3XXXL-0
1231	1	OK	99	3XXXL-0	非皮卡	Mercedes-Benz	CLS-Class	2018	AMG	Sedan			3XXXL-0	99: Mercedes-Benz CLS-Class 2006-2023 4dr coupe/AMG Sedan   3XXXL-0
1232	1	OK	99	3XXXL-0	非皮卡	Mercedes-Benz	CLS-Class	2019	4dr coupe	Sedan			3XXXL-0	99: Mercedes-Benz CLS-Class 2006-2023 4dr coupe/AMG Sedan   3XXXL-0
1233	1	OK	99	3XXXL-0	非皮卡	Mercedes-Benz	CLS-Class	2019	AMG	Sedan			3XXXL-0	99: Mercedes-Benz CLS-Class 2006-2023 4dr coupe/AMG Sedan   3XXXL-0
1234	1	OK	99	3XXXL-0	非皮卡	Mercedes-Benz	CLS-Class	2020	4dr coupe	Sedan			3XXXL-0	99: Mercedes-Benz CLS-Class 2006-2023 4dr coupe/AMG Sedan   3XXXL-0
1235	1	OK	99	3XXXL-0	非皮卡	Mercedes-Benz	CLS-Class	2020	AMG	Sedan			3XXXL-0	99: Mercedes-Benz CLS-Class 2006-2023 4dr coupe/AMG Sedan   3XXXL-0
1236	1	OK	99	3XXXL-0	非皮卡	Mercedes-Benz	CLS-Class	2021	4dr coupe	Sedan			3XXXL-0	99: Mercedes-Benz CLS-Class 2006-2023 4dr coupe/AMG Sedan   3XXXL-0
1237	1	OK	99	3XXXL-0	非皮卡	Mercedes-Benz	CLS-Class	2021	AMG	Sedan			3XXXL-0	99: Mercedes-Benz CLS-Class 2006-2023 4dr coupe/AMG Sedan   3XXXL-0
1238	1	OK	99	3XXXL-0	非皮卡	Mercedes-Benz	CLS-Class	2022	4dr coupe	Sedan			3XXXL-0	99: Mercedes-Benz CLS-Class 2006-2023 4dr coupe/AMG Sedan   3XXXL-0
1239	1	OK	99	3XXXL-0	非皮卡	Mercedes-Benz	CLS-Class	2023	4dr coupe	Sedan			3XXXL-0	99: Mercedes-Benz CLS-Class 2006-2023 4dr coupe/AMG Sedan   3XXXL-0
1240	1	OK	100	3XXXL-0	非皮卡	Mercedes-Benz	E-Class	2010		Sedan			3XXXL-0	100: Mercedes-Benz E-Class 2010-2026 Incl: AMG/PHEV Sedan   3XXXL-0
1241	1	OK	100	3XXXL-0	非皮卡	Mercedes-Benz	E-Class	2010	AMG	Sedan			3XXXL-0	100: Mercedes-Benz E-Class 2010-2026 Incl: AMG/PHEV Sedan   3XXXL-0
1242	1	OK	100	3XXXL-0	非皮卡	Mercedes-Benz	E-Class	2011		Sedan			3XXXL-0	100: Mercedes-Benz E-Class 2010-2026 Incl: AMG/PHEV Sedan   3XXXL-0
1243	1	OK	100	3XXXL-0	非皮卡	Mercedes-Benz	E-Class	2011	AMG	Sedan			3XXXL-0	100: Mercedes-Benz E-Class 2010-2026 Incl: AMG/PHEV Sedan   3XXXL-0
1244	1	OK	100	3XXXL-0	非皮卡	Mercedes-Benz	E-Class	2012		Sedan			3XXXL-0	100: Mercedes-Benz E-Class 2010-2026 Incl: AMG/PHEV Sedan   3XXXL-0
1245	1	OK	100	3XXXL-0	非皮卡	Mercedes-Benz	E-Class	2012	AMG	Sedan			3XXXL-0	100: Mercedes-Benz E-Class 2010-2026 Incl: AMG/PHEV Sedan   3XXXL-0
1246	1	OK	100	3XXXL-0	非皮卡	Mercedes-Benz	E-Class	2013		Sedan			3XXXL-0	100: Mercedes-Benz E-Class 2010-2026 Incl: AMG/PHEV Sedan   3XXXL-0
1247	1	OK	100	3XXXL-0	非皮卡	Mercedes-Benz	E-Class	2013	AMG	Sedan			3XXXL-0	100: Mercedes-Benz E-Class 2010-2026 Incl: AMG/PHEV Sedan   3XXXL-0
1248	1	OK	100	3XXXL-0	非皮卡	Mercedes-Benz	E-Class	2014		Sedan			3XXXL-0	100: Mercedes-Benz E-Class 2010-2026 Incl: AMG/PHEV Sedan   3XXXL-0
1249	1	OK	100	3XXXL-0	非皮卡	Mercedes-Benz	E-Class	2014	AMG	Sedan			3XXXL-0	100: Mercedes-Benz E-Class 2010-2026 Incl: AMG/PHEV Sedan   3XXXL-0
1250	1	OK	100	3XXXL-0	非皮卡	Mercedes-Benz	E-Class	2015		Sedan			3XXXL-0	100: Mercedes-Benz E-Class 2010-2026 Incl: AMG/PHEV Sedan   3XXXL-0
1251	1	OK	100	3XXXL-0	非皮卡	Mercedes-Benz	E-Class	2015	AMG	Sedan			3XXXL-0	100: Mercedes-Benz E-Class 2010-2026 Incl: AMG/PHEV Sedan   3XXXL-0
1252	1	OK	100	3XXXL-0	非皮卡	Mercedes-Benz	E-Class	2016		Sedan			3XXXL-0	100: Mercedes-Benz E-Class 2010-2026 Incl: AMG/PHEV Sedan   3XXXL-0
1253	1	OK	100	3XXXL-0	非皮卡	Mercedes-Benz	E-Class	2016	AMG	Sedan			3XXXL-0	100: Mercedes-Benz E-Class 2010-2026 Incl: AMG/PHEV Sedan   3XXXL-0
1254	1	OK	100	3XXXL-0	非皮卡	Mercedes-Benz	E-Class	2017		Sedan			3XXXL-0	100: Mercedes-Benz E-Class 2010-2026 Incl: AMG/PHEV Sedan   3XXXL-0
1255	1	OK	100	3XXXL-0	非皮卡	Mercedes-Benz	E-Class	2017	AMG	Sedan			3XXXL-0	100: Mercedes-Benz E-Class 2010-2026 Incl: AMG/PHEV Sedan   3XXXL-0
1256	1	OK	100	3XXXL-0	非皮卡	Mercedes-Benz	E-Class	2018		Sedan			3XXXL-0	100: Mercedes-Benz E-Class 2010-2026 Incl: AMG/PHEV Sedan   3XXXL-0
1257	1	OK	100	3XXXL-0	非皮卡	Mercedes-Benz	E-Class	2018	AMG	Sedan			3XXXL-0	100: Mercedes-Benz E-Class 2010-2026 Incl: AMG/PHEV Sedan   3XXXL-0
1258	1	OK	100	3XXXL-0	非皮卡	Mercedes-Benz	E-Class	2019		Sedan			3XXXL-0	100: Mercedes-Benz E-Class 2010-2026 Incl: AMG/PHEV Sedan   3XXXL-0
1259	1	OK	100	3XXXL-0	非皮卡	Mercedes-Benz	E-Class	2019	AMG	Sedan			3XXXL-0	100: Mercedes-Benz E-Class 2010-2026 Incl: AMG/PHEV Sedan   3XXXL-0
1260	1	OK	100	3XXXL-0	非皮卡	Mercedes-Benz	E-Class	2020		Sedan			3XXXL-0	100: Mercedes-Benz E-Class 2010-2026 Incl: AMG/PHEV Sedan   3XXXL-0
1261	1	OK	100	3XXXL-0	非皮卡	Mercedes-Benz	E-Class	2020	AMG	Sedan			3XXXL-0	100: Mercedes-Benz E-Class 2010-2026 Incl: AMG/PHEV Sedan   3XXXL-0
1262	1	OK	100	3XXXL-0	非皮卡	Mercedes-Benz	E-Class	2021		Sedan			3XXXL-0	100: Mercedes-Benz E-Class 2010-2026 Incl: AMG/PHEV Sedan   3XXXL-0
1263	1	OK	100	3XXXL-0	非皮卡	Mercedes-Benz	E-Class	2021	AMG	Sedan			3XXXL-0	100: Mercedes-Benz E-Class 2010-2026 Incl: AMG/PHEV Sedan   3XXXL-0
1264	1	OK	100	3XXXL-0	非皮卡	Mercedes-Benz	E-Class	2022		Sedan			3XXXL-0	100: Mercedes-Benz E-Class 2010-2026 Incl: AMG/PHEV Sedan   3XXXL-0
1265	1	OK	100	3XXXL-0	非皮卡	Mercedes-Benz	E-Class	2022	AMG	Sedan			3XXXL-0	100: Mercedes-Benz E-Class 2010-2026 Incl: AMG/PHEV Sedan   3XXXL-0
1266	1	OK	100	3XXXL-0	非皮卡	Mercedes-Benz	E-Class	2023		Sedan			3XXXL-0	100: Mercedes-Benz E-Class 2010-2026 Incl: AMG/PHEV Sedan   3XXXL-0
1267	1	OK	100	3XXXL-0	非皮卡	Mercedes-Benz	E-Class	2023	AMG	Sedan			3XXXL-0	100: Mercedes-Benz E-Class 2010-2026 Incl: AMG/PHEV Sedan   3XXXL-0
1268	1	OK	100	3XXXL-0	非皮卡	Mercedes-Benz	E-Class	2024	PHEV	Sedan			3XXXL-0	100: Mercedes-Benz E-Class 2010-2026 Incl: AMG/PHEV Sedan   3XXXL-0
1269	1	OK	100	3XXXL-0	非皮卡	Mercedes-Benz	E-Class	2025		Sedan			3XXXL-0	100: Mercedes-Benz E-Class 2010-2026 Incl: AMG/PHEV Sedan   3XXXL-0
1270	1	OK	100	3XXXL-0	非皮卡	Mercedes-Benz	E-Class	2025	PHEV	Sedan			3XXXL-0	100: Mercedes-Benz E-Class 2010-2026 Incl: AMG/PHEV Sedan   3XXXL-0
1271	1	OK	100	3XXXL-0	非皮卡	Mercedes-Benz	E-Class	2026		Sedan			3XXXL-0	100: Mercedes-Benz E-Class 2010-2026 Incl: AMG/PHEV Sedan   3XXXL-0
1272	1	OK	100	3XXXL-0	非皮卡	Mercedes-Benz	E-Class	2026	PHEV	Sedan			3XXXL-0	100: Mercedes-Benz E-Class 2010-2026 Incl: AMG/PHEV Sedan   3XXXL-0
1273	1	OK	101	3XXXL-0	非皮卡	Mercedes-Benz	S-Class	1994		Sedan			3XXXL-0	101: Mercedes-Benz S-Class 1994-2026 Incl: AMG/LWB/Maybach/S 550e PHEV/S 560e PHEV Sedan   3XXXL-0
1274	1	OK	101	3XXXL-0	非皮卡	Mercedes-Benz	S-Class	1995		Sedan			3XXXL-0	101: Mercedes-Benz S-Class 1994-2026 Incl: AMG/LWB/Maybach/S 550e PHEV/S 560e PHEV Sedan   3XXXL-0
1275	1	OK	101	3XXXL-0	非皮卡	Mercedes-Benz	S-Class	1996		Sedan			3XXXL-0	101: Mercedes-Benz S-Class 1994-2026 Incl: AMG/LWB/Maybach/S 550e PHEV/S 560e PHEV Sedan   3XXXL-0
1276	1	OK	101	3XXXL-0	非皮卡	Mercedes-Benz	S-Class	1997		Sedan			3XXXL-0	101: Mercedes-Benz S-Class 1994-2026 Incl: AMG/LWB/Maybach/S 550e PHEV/S 560e PHEV Sedan   3XXXL-0
1277	1	OK	101	3XXXL-0	非皮卡	Mercedes-Benz	S-Class	1998		Sedan			3XXXL-0	101: Mercedes-Benz S-Class 1994-2026 Incl: AMG/LWB/Maybach/S 550e PHEV/S 560e PHEV Sedan   3XXXL-0
1278	1	OK	101	3XXXL-0	非皮卡	Mercedes-Benz	S-Class	1999		Sedan			3XXXL-0	101: Mercedes-Benz S-Class 1994-2026 Incl: AMG/LWB/Maybach/S 550e PHEV/S 560e PHEV Sedan   3XXXL-0
1279	1	OK	101	3XXXL-0	非皮卡	Mercedes-Benz	S-Class	2000		Sedan			3XXXL-0	101: Mercedes-Benz S-Class 1994-2026 Incl: AMG/LWB/Maybach/S 550e PHEV/S 560e PHEV Sedan   3XXXL-0
1280	1	OK	101	3XXXL-0	非皮卡	Mercedes-Benz	S-Class	2001		Sedan			3XXXL-0	101: Mercedes-Benz S-Class 1994-2026 Incl: AMG/LWB/Maybach/S 550e PHEV/S 560e PHEV Sedan   3XXXL-0
1281	1	OK	101	3XXXL-0	非皮卡	Mercedes-Benz	S-Class	2001	AMG	Sedan			3XXXL-0	101: Mercedes-Benz S-Class 1994-2026 Incl: AMG/LWB/Maybach/S 550e PHEV/S 560e PHEV Sedan   3XXXL-0
1282	1	OK	101	3XXXL-0	非皮卡	Mercedes-Benz	S-Class	2002		Sedan			3XXXL-0	101: Mercedes-Benz S-Class 1994-2026 Incl: AMG/LWB/Maybach/S 550e PHEV/S 560e PHEV Sedan   3XXXL-0
1283	1	OK	101	3XXXL-0	非皮卡	Mercedes-Benz	S-Class	2002	AMG	Sedan			3XXXL-0	101: Mercedes-Benz S-Class 1994-2026 Incl: AMG/LWB/Maybach/S 550e PHEV/S 560e PHEV Sedan   3XXXL-0
1284	1	OK	101	3XXXL-0	非皮卡	Mercedes-Benz	S-Class	2003		Sedan			3XXXL-0	101: Mercedes-Benz S-Class 1994-2026 Incl: AMG/LWB/Maybach/S 550e PHEV/S 560e PHEV Sedan   3XXXL-0
1285	1	OK	101	3XXXL-0	非皮卡	Mercedes-Benz	S-Class	2003	AMG	Sedan			3XXXL-0	101: Mercedes-Benz S-Class 1994-2026 Incl: AMG/LWB/Maybach/S 550e PHEV/S 560e PHEV Sedan   3XXXL-0
1286	1	OK	101	3XXXL-0	非皮卡	Mercedes-Benz	S-Class	2004		Sedan			3XXXL-0	101: Mercedes-Benz S-Class 1994-2026 Incl: AMG/LWB/Maybach/S 550e PHEV/S 560e PHEV Sedan   3XXXL-0
1287	1	OK	101	3XXXL-0	非皮卡	Mercedes-Benz	S-Class	2004	AMG	Sedan			3XXXL-0	101: Mercedes-Benz S-Class 1994-2026 Incl: AMG/LWB/Maybach/S 550e PHEV/S 560e PHEV Sedan   3XXXL-0
1288	1	OK	101	3XXXL-0	非皮卡	Mercedes-Benz	S-Class	2005		Sedan			3XXXL-0	101: Mercedes-Benz S-Class 1994-2026 Incl: AMG/LWB/Maybach/S 550e PHEV/S 560e PHEV Sedan   3XXXL-0
1289	1	OK	101	3XXXL-0	非皮卡	Mercedes-Benz	S-Class	2005	AMG	Sedan			3XXXL-0	101: Mercedes-Benz S-Class 1994-2026 Incl: AMG/LWB/Maybach/S 550e PHEV/S 560e PHEV Sedan   3XXXL-0
1290	1	OK	101	3XXXL-0	非皮卡	Mercedes-Benz	S-Class	2006		Sedan			3XXXL-0	101: Mercedes-Benz S-Class 1994-2026 Incl: AMG/LWB/Maybach/S 550e PHEV/S 560e PHEV Sedan   3XXXL-0
1291	1	OK	101	3XXXL-0	非皮卡	Mercedes-Benz	S-Class	2006	AMG	Sedan			3XXXL-0	101: Mercedes-Benz S-Class 1994-2026 Incl: AMG/LWB/Maybach/S 550e PHEV/S 560e PHEV Sedan   3XXXL-0
1292	1	OK	101	3XXXL-0	非皮卡	Mercedes-Benz	S-Class	2006	LWB	Sedan			3XXXL-0	101: Mercedes-Benz S-Class 1994-2026 Incl: AMG/LWB/Maybach/S 550e PHEV/S 560e PHEV Sedan   3XXXL-0
1293	1	OK	101	3XXXL-0	非皮卡	Mercedes-Benz	S-Class	2007		Sedan			3XXXL-0	101: Mercedes-Benz S-Class 1994-2026 Incl: AMG/LWB/Maybach/S 550e PHEV/S 560e PHEV Sedan   3XXXL-0
1294	1	OK	101	3XXXL-0	非皮卡	Mercedes-Benz	S-Class	2007	AMG	Sedan			3XXXL-0	101: Mercedes-Benz S-Class 1994-2026 Incl: AMG/LWB/Maybach/S 550e PHEV/S 560e PHEV Sedan   3XXXL-0
1295	1	OK	101	3XXXL-0	非皮卡	Mercedes-Benz	S-Class	2008		Sedan			3XXXL-0	101: Mercedes-Benz S-Class 1994-2026 Incl: AMG/LWB/Maybach/S 550e PHEV/S 560e PHEV Sedan   3XXXL-0
1296	1	OK	101	3XXXL-0	非皮卡	Mercedes-Benz	S-Class	2008	AMG	Sedan			3XXXL-0	101: Mercedes-Benz S-Class 1994-2026 Incl: AMG/LWB/Maybach/S 550e PHEV/S 560e PHEV Sedan   3XXXL-0
1297	1	OK	101	3XXXL-0	非皮卡	Mercedes-Benz	S-Class	2009		Sedan			3XXXL-0	101: Mercedes-Benz S-Class 1994-2026 Incl: AMG/LWB/Maybach/S 550e PHEV/S 560e PHEV Sedan   3XXXL-0
1298	1	OK	101	3XXXL-0	非皮卡	Mercedes-Benz	S-Class	2009	AMG	Sedan			3XXXL-0	101: Mercedes-Benz S-Class 1994-2026 Incl: AMG/LWB/Maybach/S 550e PHEV/S 560e PHEV Sedan   3XXXL-0
1299	1	OK	101	3XXXL-0	非皮卡	Mercedes-Benz	S-Class	2010		Sedan			3XXXL-0	101: Mercedes-Benz S-Class 1994-2026 Incl: AMG/LWB/Maybach/S 550e PHEV/S 560e PHEV Sedan   3XXXL-0
1300	1	OK	101	3XXXL-0	非皮卡	Mercedes-Benz	S-Class	2010	AMG	Sedan			3XXXL-0	101: Mercedes-Benz S-Class 1994-2026 Incl: AMG/LWB/Maybach/S 550e PHEV/S 560e PHEV Sedan   3XXXL-0
1301	1	OK	101	3XXXL-0	非皮卡	Mercedes-Benz	S-Class	2011		Sedan			3XXXL-0	101: Mercedes-Benz S-Class 1994-2026 Incl: AMG/LWB/Maybach/S 550e PHEV/S 560e PHEV Sedan   3XXXL-0
1302	1	OK	101	3XXXL-0	非皮卡	Mercedes-Benz	S-Class	2011	AMG	Sedan			3XXXL-0	101: Mercedes-Benz S-Class 1994-2026 Incl: AMG/LWB/Maybach/S 550e PHEV/S 560e PHEV Sedan   3XXXL-0
1303	1	OK	101	3XXXL-0	非皮卡	Mercedes-Benz	S-Class	2012		Sedan			3XXXL-0	101: Mercedes-Benz S-Class 1994-2026 Incl: AMG/LWB/Maybach/S 550e PHEV/S 560e PHEV Sedan   3XXXL-0
1304	1	OK	101	3XXXL-0	非皮卡	Mercedes-Benz	S-Class	2012	AMG	Sedan			3XXXL-0	101: Mercedes-Benz S-Class 1994-2026 Incl: AMG/LWB/Maybach/S 550e PHEV/S 560e PHEV Sedan   3XXXL-0
1305	1	OK	101	3XXXL-0	非皮卡	Mercedes-Benz	S-Class	2013		Sedan			3XXXL-0	101: Mercedes-Benz S-Class 1994-2026 Incl: AMG/LWB/Maybach/S 550e PHEV/S 560e PHEV Sedan   3XXXL-0
1306	1	OK	101	3XXXL-0	非皮卡	Mercedes-Benz	S-Class	2013	AMG	Sedan			3XXXL-0	101: Mercedes-Benz S-Class 1994-2026 Incl: AMG/LWB/Maybach/S 550e PHEV/S 560e PHEV Sedan   3XXXL-0
1307	1	OK	101	3XXXL-0	非皮卡	Mercedes-Benz	S-Class	2014		Sedan			3XXXL-0	101: Mercedes-Benz S-Class 1994-2026 Incl: AMG/LWB/Maybach/S 550e PHEV/S 560e PHEV Sedan   3XXXL-0
1308	1	OK	101	3XXXL-0	非皮卡	Mercedes-Benz	S-Class	2014	AMG	Sedan			3XXXL-0	101: Mercedes-Benz S-Class 1994-2026 Incl: AMG/LWB/Maybach/S 550e PHEV/S 560e PHEV Sedan   3XXXL-0
1309	1	OK	101	3XXXL-0	非皮卡	Mercedes-Benz	S-Class	2015		Sedan			3XXXL-0	101: Mercedes-Benz S-Class 1994-2026 Incl: AMG/LWB/Maybach/S 550e PHEV/S 560e PHEV Sedan   3XXXL-0
1310	1	OK	101	3XXXL-0	非皮卡	Mercedes-Benz	S-Class	2015	AMG	Sedan			3XXXL-0	101: Mercedes-Benz S-Class 1994-2026 Incl: AMG/LWB/Maybach/S 550e PHEV/S 560e PHEV Sedan   3XXXL-0
1311	1	OK	101	3XXXL-0	非皮卡	Mercedes-Benz	S-Class	2016		Sedan			3XXXL-0	101: Mercedes-Benz S-Class 1994-2026 Incl: AMG/LWB/Maybach/S 550e PHEV/S 560e PHEV Sedan   3XXXL-0
1312	1	OK	101	3XXXL-0	非皮卡	Mercedes-Benz	S-Class	2016	AMG	Sedan			3XXXL-0	101: Mercedes-Benz S-Class 1994-2026 Incl: AMG/LWB/Maybach/S 550e PHEV/S 560e PHEV Sedan   3XXXL-0
1313	1	OK	101	3XXXL-0	非皮卡	Mercedes-Benz	S-Class	2016	Maybach	Sedan			3XXXL-0	101: Mercedes-Benz S-Class 1994-2026 Incl: AMG/LWB/Maybach/S 550e PHEV/S 560e PHEV Sedan   3XXXL-0
1314	1	OK	101	3XXXL-0	非皮卡	Mercedes-Benz	S-Class	2017		Sedan			3XXXL-0	101: Mercedes-Benz S-Class 1994-2026 Incl: AMG/LWB/Maybach/S 550e PHEV/S 560e PHEV Sedan   3XXXL-0
1315	1	OK	101	3XXXL-0	非皮卡	Mercedes-Benz	S-Class	2017	AMG	Sedan			3XXXL-0	101: Mercedes-Benz S-Class 1994-2026 Incl: AMG/LWB/Maybach/S 550e PHEV/S 560e PHEV Sedan   3XXXL-0
1316	1	OK	101	3XXXL-0	非皮卡	Mercedes-Benz	S-Class	2017	Maybach	Sedan			3XXXL-0	101: Mercedes-Benz S-Class 1994-2026 Incl: AMG/LWB/Maybach/S 550e PHEV/S 560e PHEV Sedan   3XXXL-0
1317	1	OK	101	3XXXL-0	非皮卡	Mercedes-Benz	S-Class	2017	S 550e PHEV	Sedan			3XXXL-0	101: Mercedes-Benz S-Class 1994-2026 Incl: AMG/LWB/Maybach/S 550e PHEV/S 560e PHEV Sedan   3XXXL-0
1318	1	OK	101	3XXXL-0	非皮卡	Mercedes-Benz	S-Class	2018		Sedan			3XXXL-0	101: Mercedes-Benz S-Class 1994-2026 Incl: AMG/LWB/Maybach/S 550e PHEV/S 560e PHEV Sedan   3XXXL-0
1319	1	OK	101	3XXXL-0	非皮卡	Mercedes-Benz	S-Class	2018	AMG	Sedan			3XXXL-0	101: Mercedes-Benz S-Class 1994-2026 Incl: AMG/LWB/Maybach/S 550e PHEV/S 560e PHEV Sedan   3XXXL-0
1320	1	OK	101	3XXXL-0	非皮卡	Mercedes-Benz	S-Class	2018	Maybach	Sedan			3XXXL-0	101: Mercedes-Benz S-Class 1994-2026 Incl: AMG/LWB/Maybach/S 550e PHEV/S 560e PHEV Sedan   3XXXL-0
1321	1	OK	101	3XXXL-0	非皮卡	Mercedes-Benz	S-Class	2019		Sedan			3XXXL-0	101: Mercedes-Benz S-Class 1994-2026 Incl: AMG/LWB/Maybach/S 550e PHEV/S 560e PHEV Sedan   3XXXL-0
1322	1	OK	101	3XXXL-0	非皮卡	Mercedes-Benz	S-Class	2019		Sedan			3XXXL-0	101: Mercedes-Benz S-Class 1994-2026 Incl: AMG/LWB/Maybach/S 550e PHEV/S 560e PHEV Sedan   3XXXL-0
1323	1	OK	101	3XXXL-0	非皮卡	Mercedes-Benz	S-Class	2019	AMG	Sedan			3XXXL-0	101: Mercedes-Benz S-Class 1994-2026 Incl: AMG/LWB/Maybach/S 550e PHEV/S 560e PHEV Sedan   3XXXL-0
1324	1	OK	101	3XXXL-0	非皮卡	Mercedes-Benz	S-Class	2019	Maybach	Sedan			3XXXL-0	101: Mercedes-Benz S-Class 1994-2026 Incl: AMG/LWB/Maybach/S 550e PHEV/S 560e PHEV Sedan   3XXXL-0
1325	1	OK	101	3XXXL-0	非皮卡	Mercedes-Benz	S-Class	2019	S 560e PHEV	Sedan			3XXXL-0	101: Mercedes-Benz S-Class 1994-2026 Incl: AMG/LWB/Maybach/S 550e PHEV/S 560e PHEV Sedan   3XXXL-0
1326	1	OK	101	3XXXL-0	非皮卡	Mercedes-Benz	S-Class	2020		Sedan			3XXXL-0	101: Mercedes-Benz S-Class 1994-2026 Incl: AMG/LWB/Maybach/S 550e PHEV/S 560e PHEV Sedan   3XXXL-0
1327	1	OK	101	3XXXL-0	非皮卡	Mercedes-Benz	S-Class	2020		Sedan			3XXXL-0	101: Mercedes-Benz S-Class 1994-2026 Incl: AMG/LWB/Maybach/S 550e PHEV/S 560e PHEV Sedan   3XXXL-0
1328	1	OK	101	3XXXL-0	非皮卡	Mercedes-Benz	S-Class	2020	AMG	Sedan			3XXXL-0	101: Mercedes-Benz S-Class 1994-2026 Incl: AMG/LWB/Maybach/S 550e PHEV/S 560e PHEV Sedan   3XXXL-0
1329	1	OK	101	3XXXL-0	非皮卡	Mercedes-Benz	S-Class	2020	Maybach	Sedan			3XXXL-0	101: Mercedes-Benz S-Class 1994-2026 Incl: AMG/LWB/Maybach/S 550e PHEV/S 560e PHEV Sedan   3XXXL-0
1330	1	OK	101	3XXXL-0	非皮卡	Mercedes-Benz	S-Class	2021		Sedan			3XXXL-0	101: Mercedes-Benz S-Class 1994-2026 Incl: AMG/LWB/Maybach/S 550e PHEV/S 560e PHEV Sedan   3XXXL-0
1331	1	OK	101	3XXXL-0	非皮卡	Mercedes-Benz	S-Class	2021	Maybach	Sedan			3XXXL-0	101: Mercedes-Benz S-Class 1994-2026 Incl: AMG/LWB/Maybach/S 550e PHEV/S 560e PHEV Sedan   3XXXL-0
1332	1	OK	101	3XXXL-0	非皮卡	Mercedes-Benz	S-Class	2022		Sedan			3XXXL-0	101: Mercedes-Benz S-Class 1994-2026 Incl: AMG/LWB/Maybach/S 550e PHEV/S 560e PHEV Sedan   3XXXL-0
1333	1	OK	101	3XXXL-0	非皮卡	Mercedes-Benz	S-Class	2022	Maybach	Sedan			3XXXL-0	101: Mercedes-Benz S-Class 1994-2026 Incl: AMG/LWB/Maybach/S 550e PHEV/S 560e PHEV Sedan   3XXXL-0
1334	1	OK	101	3XXXL-0	非皮卡	Mercedes-Benz	S-Class	2023		Sedan			3XXXL-0	101: Mercedes-Benz S-Class 1994-2026 Incl: AMG/LWB/Maybach/S 550e PHEV/S 560e PHEV Sedan   3XXXL-0
1335	1	OK	101	3XXXL-0	非皮卡	Mercedes-Benz	S-Class	2023	AMG	Sedan			3XXXL-0	101: Mercedes-Benz S-Class 1994-2026 Incl: AMG/LWB/Maybach/S 550e PHEV/S 560e PHEV Sedan   3XXXL-0
1336	1	OK	101	3XXXL-0	非皮卡	Mercedes-Benz	S-Class	2023	Maybach	Sedan			3XXXL-0	101: Mercedes-Benz S-Class 1994-2026 Incl: AMG/LWB/Maybach/S 550e PHEV/S 560e PHEV Sedan   3XXXL-0
1337	1	OK	101	3XXXL-0	非皮卡	Mercedes-Benz	S-Class	2024		Sedan			3XXXL-0	101: Mercedes-Benz S-Class 1994-2026 Incl: AMG/LWB/Maybach/S 550e PHEV/S 560e PHEV Sedan   3XXXL-0
1338	1	OK	101	3XXXL-0	非皮卡	Mercedes-Benz	S-Class	2024	AMG	Sedan			3XXXL-0	101: Mercedes-Benz S-Class 1994-2026 Incl: AMG/LWB/Maybach/S 550e PHEV/S 560e PHEV Sedan   3XXXL-0
1339	1	OK	101	3XXXL-0	非皮卡	Mercedes-Benz	S-Class	2024	Maybach	Sedan			3XXXL-0	101: Mercedes-Benz S-Class 1994-2026 Incl: AMG/LWB/Maybach/S 550e PHEV/S 560e PHEV Sedan   3XXXL-0
1340	1	OK	101	3XXXL-0	非皮卡	Mercedes-Benz	S-Class	2025		Sedan			3XXXL-0	101: Mercedes-Benz S-Class 1994-2026 Incl: AMG/LWB/Maybach/S 550e PHEV/S 560e PHEV Sedan   3XXXL-0
1341	1	OK	101	3XXXL-0	非皮卡	Mercedes-Benz	S-Class	2025	AMG	Sedan			3XXXL-0	101: Mercedes-Benz S-Class 1994-2026 Incl: AMG/LWB/Maybach/S 550e PHEV/S 560e PHEV Sedan   3XXXL-0
1342	1	OK	101	3XXXL-0	非皮卡	Mercedes-Benz	S-Class	2025	Maybach	Sedan			3XXXL-0	101: Mercedes-Benz S-Class 1994-2026 Incl: AMG/LWB/Maybach/S 550e PHEV/S 560e PHEV Sedan   3XXXL-0
1343	1	OK	101	3XXXL-0	非皮卡	Mercedes-Benz	S-Class	2026		Sedan			3XXXL-0	101: Mercedes-Benz S-Class 1994-2026 Incl: AMG/LWB/Maybach/S 550e PHEV/S 560e PHEV Sedan   3XXXL-0
1344	1	OK	101	3XXXL-0	非皮卡	Mercedes-Benz	S-Class	2026	AMG	Sedan			3XXXL-0	101: Mercedes-Benz S-Class 1994-2026 Incl: AMG/LWB/Maybach/S 550e PHEV/S 560e PHEV Sedan   3XXXL-0
1345	1	OK	101	3XXXL-0	非皮卡	Mercedes-Benz	S-Class	2026	Maybach	Sedan			3XXXL-0	101: Mercedes-Benz S-Class 1994-2026 Incl: AMG/LWB/Maybach/S 550e PHEV/S 560e PHEV Sedan   3XXXL-0
1346	1	OK	102	3XXXL-0	非皮卡	Mercury	Cougar	1980		Sedan			3XXXL-0	102: Mercury Cougar 1980-1982  Sedan   3XXXL-0
1347	1	OK	102	3XXXL-0	非皮卡	Mercury	Cougar	1981		Sedan			3XXXL-0	102: Mercury Cougar 1980-1982  Sedan   3XXXL-0
1348	1	OK	102	3XXXL-0	非皮卡	Mercury	Cougar	1982		Sedan			3XXXL-0	102: Mercury Cougar 1980-1982  Sedan   3XXXL-0
1349	1	OK	103	3XXXL-0	非皮卡	Mercury	Grand Marquis	1979		Sedan			3XXXL-0	103: Mercury Grand Marquis 1979-2011  Sedan   3XXXL-0
1350	1	OK	103	3XXXL-0	非皮卡	Mercury	Grand Marquis	1980		Sedan			3XXXL-0	103: Mercury Grand Marquis 1979-2011  Sedan   3XXXL-0
1351	1	OK	103	3XXXL-0	非皮卡	Mercury	Grand Marquis	1981		Sedan			3XXXL-0	103: Mercury Grand Marquis 1979-2011  Sedan   3XXXL-0
1352	1	OK	103	3XXXL-0	非皮卡	Mercury	Grand Marquis	1982		Sedan			3XXXL-0	103: Mercury Grand Marquis 1979-2011  Sedan   3XXXL-0
1353	1	OK	103	3XXXL-0	非皮卡	Mercury	Grand Marquis	1983		Sedan			3XXXL-0	103: Mercury Grand Marquis 1979-2011  Sedan   3XXXL-0
1354	1	OK	103	3XXXL-0	非皮卡	Mercury	Grand Marquis	1984		Sedan			3XXXL-0	103: Mercury Grand Marquis 1979-2011  Sedan   3XXXL-0
1355	1	OK	103	3XXXL-0	非皮卡	Mercury	Grand Marquis	1985		Sedan			3XXXL-0	103: Mercury Grand Marquis 1979-2011  Sedan   3XXXL-0
1356	1	OK	103	3XXXL-0	非皮卡	Mercury	Grand Marquis	1986		Sedan			3XXXL-0	103: Mercury Grand Marquis 1979-2011  Sedan   3XXXL-0
1357	1	OK	103	3XXXL-0	非皮卡	Mercury	Grand Marquis	1987		Sedan			3XXXL-0	103: Mercury Grand Marquis 1979-2011  Sedan   3XXXL-0
1358	1	OK	103	3XXXL-0	非皮卡	Mercury	Grand Marquis	1988		Sedan			3XXXL-0	103: Mercury Grand Marquis 1979-2011  Sedan   3XXXL-0
1359	1	OK	103	3XXXL-0	非皮卡	Mercury	Grand Marquis	1989		Sedan			3XXXL-0	103: Mercury Grand Marquis 1979-2011  Sedan   3XXXL-0
1360	1	OK	103	3XXXL-0	非皮卡	Mercury	Grand Marquis	1990		Sedan			3XXXL-0	103: Mercury Grand Marquis 1979-2011  Sedan   3XXXL-0
1361	1	OK	103	3XXXL-0	非皮卡	Mercury	Grand Marquis	1991		Sedan			3XXXL-0	103: Mercury Grand Marquis 1979-2011  Sedan   3XXXL-0
1362	1	OK	103	3XXXL-0	非皮卡	Mercury	Grand Marquis	1992		Sedan			3XXXL-0	103: Mercury Grand Marquis 1979-2011  Sedan   3XXXL-0
1363	1	OK	103	3XXXL-0	非皮卡	Mercury	Grand Marquis	1993		Sedan			3XXXL-0	103: Mercury Grand Marquis 1979-2011  Sedan   3XXXL-0
1364	1	OK	103	3XXXL-0	非皮卡	Mercury	Grand Marquis	1994		Sedan			3XXXL-0	103: Mercury Grand Marquis 1979-2011  Sedan   3XXXL-0
1365	1	OK	103	3XXXL-0	非皮卡	Mercury	Grand Marquis	1995		Sedan			3XXXL-0	103: Mercury Grand Marquis 1979-2011  Sedan   3XXXL-0
1366	1	OK	103	3XXXL-0	非皮卡	Mercury	Grand Marquis	1996		Sedan			3XXXL-0	103: Mercury Grand Marquis 1979-2011  Sedan   3XXXL-0
1367	1	OK	103	3XXXL-0	非皮卡	Mercury	Grand Marquis	1997		Sedan			3XXXL-0	103: Mercury Grand Marquis 1979-2011  Sedan   3XXXL-0
1368	1	OK	103	3XXXL-0	非皮卡	Mercury	Grand Marquis	1998		Sedan			3XXXL-0	103: Mercury Grand Marquis 1979-2011  Sedan   3XXXL-0
1369	1	OK	103	3XXXL-0	非皮卡	Mercury	Grand Marquis	1999		Sedan			3XXXL-0	103: Mercury Grand Marquis 1979-2011  Sedan   3XXXL-0
1370	1	OK	103	3XXXL-0	非皮卡	Mercury	Grand Marquis	2000		Sedan			3XXXL-0	103: Mercury Grand Marquis 1979-2011  Sedan   3XXXL-0
1371	1	OK	103	3XXXL-0	非皮卡	Mercury	Grand Marquis	2001		Sedan			3XXXL-0	103: Mercury Grand Marquis 1979-2011  Sedan   3XXXL-0
1372	1	OK	103	3XXXL-0	非皮卡	Mercury	Grand Marquis	2002		Sedan			3XXXL-0	103: Mercury Grand Marquis 1979-2011  Sedan   3XXXL-0
1373	1	OK	103	3XXXL-0	非皮卡	Mercury	Grand Marquis	2003		Sedan			3XXXL-0	103: Mercury Grand Marquis 1979-2011  Sedan   3XXXL-0
1374	1	OK	103	3XXXL-0	非皮卡	Mercury	Grand Marquis	2004		Sedan			3XXXL-0	103: Mercury Grand Marquis 1979-2011  Sedan   3XXXL-0
1375	1	OK	103	3XXXL-0	非皮卡	Mercury	Grand Marquis	2005		Sedan			3XXXL-0	103: Mercury Grand Marquis 1979-2011  Sedan   3XXXL-0
1376	1	OK	103	3XXXL-0	非皮卡	Mercury	Grand Marquis	2006		Sedan			3XXXL-0	103: Mercury Grand Marquis 1979-2011  Sedan   3XXXL-0
1377	1	OK	103	3XXXL-0	非皮卡	Mercury	Grand Marquis	2007		Sedan			3XXXL-0	103: Mercury Grand Marquis 1979-2011  Sedan   3XXXL-0
1378	1	OK	103	3XXXL-0	非皮卡	Mercury	Grand Marquis	2008		Sedan			3XXXL-0	103: Mercury Grand Marquis 1979-2011  Sedan   3XXXL-0
1379	1	OK	103	3XXXL-0	非皮卡	Mercury	Grand Marquis	2009		Sedan			3XXXL-0	103: Mercury Grand Marquis 1979-2011  Sedan   3XXXL-0
1380	1	OK	103	3XXXL-0	非皮卡	Mercury	Grand Marquis	2010		Sedan			3XXXL-0	103: Mercury Grand Marquis 1979-2011  Sedan   3XXXL-0
1381	1	OK	103	3XXXL-0	非皮卡	Mercury	Grand Marquis	2011		Sedan			3XXXL-0	103: Mercury Grand Marquis 1979-2011  Sedan   3XXXL-0
1382	1	OK	104	3XXXL-0	非皮卡	Mercury	Marauder	2003		Sedan			3XXXL-0	104: Mercury Marauder 2003-2004  Sedan   3XXXL-0
1383	1	OK	104	3XXXL-0	非皮卡	Mercury	Marauder	2004		Sedan			3XXXL-0	104: Mercury Marauder 2003-2004  Sedan   3XXXL-0
1384	1	OK	105	3XXXL-0	非皮卡	Mercury	Marquis	1979		Sedan			3XXXL-0	105: Mercury Marquis 1979-1986  Sedan   3XXXL-0
1385	1	OK	105	3XXXL-0	非皮卡	Mercury	Marquis	1981		Sedan			3XXXL-0	105: Mercury Marquis 1979-1986  Sedan   3XXXL-0
1386	1	OK	105	3XXXL-0	非皮卡	Mercury	Marquis	1982		Sedan			3XXXL-0	105: Mercury Marquis 1979-1986  Sedan   3XXXL-0
1387	1	OK	105	3XXXL-0	非皮卡	Mercury	Marquis	1983		Sedan			3XXXL-0	105: Mercury Marquis 1979-1986  Sedan   3XXXL-0
1388	1	OK	105	3XXXL-0	非皮卡	Mercury	Marquis	1984		Sedan			3XXXL-0	105: Mercury Marquis 1979-1986  Sedan   3XXXL-0
1389	1	OK	105	3XXXL-0	非皮卡	Mercury	Marquis	1985		Sedan			3XXXL-0	105: Mercury Marquis 1979-1986  Sedan   3XXXL-0
1390	1	OK	105	3XXXL-0	非皮卡	Mercury	Marquis	1986		Sedan			3XXXL-0	105: Mercury Marquis 1979-1986  Sedan   3XXXL-0
1391	1	OK	106	3XXXL-0	非皮卡	Mercury	Monterey	1952		Sedan			3XXXL-0	106: Mercury Monterey 1952-1964  Sedan   3XXXL-0
1392	1	OK	106	3XXXL-0	非皮卡	Mercury	Monterey	1953		Sedan			3XXXL-0	106: Mercury Monterey 1952-1964  Sedan   3XXXL-0
1393	1	OK	106	3XXXL-0	非皮卡	Mercury	Monterey	1954		Sedan			3XXXL-0	106: Mercury Monterey 1952-1964  Sedan   3XXXL-0
1394	1	OK	106	3XXXL-0	非皮卡	Mercury	Monterey	1955		Sedan			3XXXL-0	106: Mercury Monterey 1952-1964  Sedan   3XXXL-0
1395	1	OK	106	3XXXL-0	非皮卡	Mercury	Monterey	1956		Sedan			3XXXL-0	106: Mercury Monterey 1952-1964  Sedan   3XXXL-0
1396	1	OK	106	3XXXL-0	非皮卡	Mercury	Monterey	1957		Sedan			3XXXL-0	106: Mercury Monterey 1952-1964  Sedan   3XXXL-0
1397	1	OK	106	3XXXL-0	非皮卡	Mercury	Monterey	1958		Sedan			3XXXL-0	106: Mercury Monterey 1952-1964  Sedan   3XXXL-0
1398	1	OK	106	3XXXL-0	非皮卡	Mercury	Monterey	1961		Sedan			3XXXL-0	106: Mercury Monterey 1952-1964  Sedan   3XXXL-0
1399	1	OK	106	3XXXL-0	非皮卡	Mercury	Monterey	1962		Sedan			3XXXL-0	106: Mercury Monterey 1952-1964  Sedan   3XXXL-0
1400	1	OK	106	3XXXL-0	非皮卡	Mercury	Monterey	1963		Sedan			3XXXL-0	106: Mercury Monterey 1952-1964  Sedan   3XXXL-0
1401	1	OK	106	3XXXL-0	非皮卡	Mercury	Monterey	1964		Sedan			3XXXL-0	106: Mercury Monterey 1952-1964  Sedan   3XXXL-0
1402	1	OK	107	3XXXL-0	非皮卡	Mercury	Sable	1986		Sedan			3XXXL-0	107: Mercury Sable 1986-2009  Sedan   3XXXL-0
1403	1	OK	107	3XXXL-0	非皮卡	Mercury	Sable	1987		Sedan			3XXXL-0	107: Mercury Sable 1986-2009  Sedan   3XXXL-0
1404	1	OK	107	3XXXL-0	非皮卡	Mercury	Sable	1988		Sedan			3XXXL-0	107: Mercury Sable 1986-2009  Sedan   3XXXL-0
1405	1	OK	107	3XXXL-0	非皮卡	Mercury	Sable	1989		Sedan			3XXXL-0	107: Mercury Sable 1986-2009  Sedan   3XXXL-0
1406	1	OK	107	3XXXL-0	非皮卡	Mercury	Sable	1990		Sedan			3XXXL-0	107: Mercury Sable 1986-2009  Sedan   3XXXL-0
1407	1	OK	107	3XXXL-0	非皮卡	Mercury	Sable	1991		Sedan			3XXXL-0	107: Mercury Sable 1986-2009  Sedan   3XXXL-0
1408	1	OK	107	3XXXL-0	非皮卡	Mercury	Sable	1992		Sedan			3XXXL-0	107: Mercury Sable 1986-2009  Sedan   3XXXL-0
1409	1	OK	107	3XXXL-0	非皮卡	Mercury	Sable	1993		Sedan			3XXXL-0	107: Mercury Sable 1986-2009  Sedan   3XXXL-0
1410	1	OK	107	3XXXL-0	非皮卡	Mercury	Sable	1994		Sedan			3XXXL-0	107: Mercury Sable 1986-2009  Sedan   3XXXL-0
1411	1	OK	107	3XXXL-0	非皮卡	Mercury	Sable	1995		Sedan			3XXXL-0	107: Mercury Sable 1986-2009  Sedan   3XXXL-0
1412	1	OK	107	3XXXL-0	非皮卡	Mercury	Sable	1996		Sedan			3XXXL-0	107: Mercury Sable 1986-2009  Sedan   3XXXL-0
1413	1	OK	107	3XXXL-0	非皮卡	Mercury	Sable	1997		Sedan			3XXXL-0	107: Mercury Sable 1986-2009  Sedan   3XXXL-0
1414	1	OK	107	3XXXL-0	非皮卡	Mercury	Sable	1998		Sedan			3XXXL-0	107: Mercury Sable 1986-2009  Sedan   3XXXL-0
1415	1	OK	107	3XXXL-0	非皮卡	Mercury	Sable	1999		Sedan			3XXXL-0	107: Mercury Sable 1986-2009  Sedan   3XXXL-0
1416	1	OK	107	3XXXL-0	非皮卡	Mercury	Sable	2000		Sedan			3XXXL-0	107: Mercury Sable 1986-2009  Sedan   3XXXL-0
1417	1	OK	107	3XXXL-0	非皮卡	Mercury	Sable	2001		Sedan			3XXXL-0	107: Mercury Sable 1986-2009  Sedan   3XXXL-0
1418	1	OK	107	3XXXL-0	非皮卡	Mercury	Sable	2002		Sedan			3XXXL-0	107: Mercury Sable 1986-2009  Sedan   3XXXL-0
1419	1	OK	107	3XXXL-0	非皮卡	Mercury	Sable	2003		Sedan			3XXXL-0	107: Mercury Sable 1986-2009  Sedan   3XXXL-0
1420	1	OK	107	3XXXL-0	非皮卡	Mercury	Sable	2004		Sedan			3XXXL-0	107: Mercury Sable 1986-2009  Sedan   3XXXL-0
1421	1	OK	107	3XXXL-0	非皮卡	Mercury	Sable	2005		Sedan			3XXXL-0	107: Mercury Sable 1986-2009  Sedan   3XXXL-0
1422	1	OK	107	3XXXL-0	非皮卡	Mercury	Sable	2008		Sedan			3XXXL-0	107: Mercury Sable 1986-2009  Sedan   3XXXL-0
1423	1	OK	107	3XXXL-0	非皮卡	Mercury	Sable	2009		Sedan			3XXXL-0	107: Mercury Sable 1986-2009  Sedan   3XXXL-0
1424	1	OK	108	3XXXL-0	非皮卡	Mitsubishi	Diamante	1994		Sedan			3XXXL-0	108: Mitsubishi Diamante 1994-2004  Sedan   3XXXL-0
1425	1	OK	108	3XXXL-0	非皮卡	Mitsubishi	Diamante	1995		Sedan			3XXXL-0	108: Mitsubishi Diamante 1994-2004  Sedan   3XXXL-0
1426	1	OK	108	3XXXL-0	非皮卡	Mitsubishi	Diamante	1996		Sedan			3XXXL-0	108: Mitsubishi Diamante 1994-2004  Sedan   3XXXL-0
1427	1	OK	108	3XXXL-0	非皮卡	Mitsubishi	Diamante	1997		Sedan			3XXXL-0	108: Mitsubishi Diamante 1994-2004  Sedan   3XXXL-0
1428	1	OK	108	3XXXL-0	非皮卡	Mitsubishi	Diamante	1998		Sedan			3XXXL-0	108: Mitsubishi Diamante 1994-2004  Sedan   3XXXL-0
1429	1	OK	108	3XXXL-0	非皮卡	Mitsubishi	Diamante	1999		Sedan			3XXXL-0	108: Mitsubishi Diamante 1994-2004  Sedan   3XXXL-0
1430	1	OK	108	3XXXL-0	非皮卡	Mitsubishi	Diamante	2000		Sedan			3XXXL-0	108: Mitsubishi Diamante 1994-2004  Sedan   3XXXL-0
1431	1	OK	108	3XXXL-0	非皮卡	Mitsubishi	Diamante	2001		Sedan			3XXXL-0	108: Mitsubishi Diamante 1994-2004  Sedan   3XXXL-0
1432	1	OK	108	3XXXL-0	非皮卡	Mitsubishi	Diamante	2002		Sedan			3XXXL-0	108: Mitsubishi Diamante 1994-2004  Sedan   3XXXL-0
1433	1	OK	108	3XXXL-0	非皮卡	Mitsubishi	Diamante	2003		Sedan			3XXXL-0	108: Mitsubishi Diamante 1994-2004  Sedan   3XXXL-0
1434	1	OK	108	3XXXL-0	非皮卡	Mitsubishi	Diamante	2004		Sedan			3XXXL-0	108: Mitsubishi Diamante 1994-2004  Sedan   3XXXL-0
1435	1	OK	109	3XXXL-0	非皮卡	Nissan	Altima	2019		Sedan			3XXXL-0	109: Nissan Altima 2019-2026  Sedan   3XXXL-0
1436	1	OK	109	3XXXL-0	非皮卡	Nissan	Altima	2020		Sedan			3XXXL-0	109: Nissan Altima 2019-2026  Sedan   3XXXL-0
1437	1	OK	109	3XXXL-0	非皮卡	Nissan	Altima	2021		Sedan			3XXXL-0	109: Nissan Altima 2019-2026  Sedan   3XXXL-0
1438	1	OK	109	3XXXL-0	非皮卡	Nissan	Altima	2022		Sedan			3XXXL-0	109: Nissan Altima 2019-2026  Sedan   3XXXL-0
1439	1	OK	109	3XXXL-0	非皮卡	Nissan	Altima	2023		Sedan			3XXXL-0	109: Nissan Altima 2019-2026  Sedan   3XXXL-0
1440	1	OK	109	3XXXL-0	非皮卡	Nissan	Altima	2024		Sedan			3XXXL-0	109: Nissan Altima 2019-2026  Sedan   3XXXL-0
1441	1	OK	109	3XXXL-0	非皮卡	Nissan	Altima	2025		Sedan			3XXXL-0	109: Nissan Altima 2019-2026  Sedan   3XXXL-0
1442	1	OK	109	3XXXL-0	非皮卡	Nissan	Altima	2026		Sedan			3XXXL-0	109: Nissan Altima 2019-2026  Sedan   3XXXL-0
1443	1	OK	110	3XXXL-0	非皮卡	Nissan	Maxima	2004		Sedan			3XXXL-0	110: Nissan Maxima 2004-2023  Sedan   3XXXL-0
1444	1	OK	110	3XXXL-0	非皮卡	Nissan	Maxima	2005		Sedan			3XXXL-0	110: Nissan Maxima 2004-2023  Sedan   3XXXL-0
1445	1	OK	110	3XXXL-0	非皮卡	Nissan	Maxima	2006		Sedan			3XXXL-0	110: Nissan Maxima 2004-2023  Sedan   3XXXL-0
1446	1	OK	110	3XXXL-0	非皮卡	Nissan	Maxima	2007		Sedan			3XXXL-0	110: Nissan Maxima 2004-2023  Sedan   3XXXL-0
1447	1	OK	110	3XXXL-0	非皮卡	Nissan	Maxima	2008		Sedan			3XXXL-0	110: Nissan Maxima 2004-2023  Sedan   3XXXL-0
1448	1	OK	110	3XXXL-0	非皮卡	Nissan	Maxima	2016		Sedan			3XXXL-0	110: Nissan Maxima 2004-2023  Sedan   3XXXL-0
1449	1	OK	110	3XXXL-0	非皮卡	Nissan	Maxima	2017		Sedan			3XXXL-0	110: Nissan Maxima 2004-2023  Sedan   3XXXL-0
1450	1	OK	110	3XXXL-0	非皮卡	Nissan	Maxima	2018		Sedan			3XXXL-0	110: Nissan Maxima 2004-2023  Sedan   3XXXL-0
1451	1	OK	110	3XXXL-0	非皮卡	Nissan	Maxima	2019		Sedan			3XXXL-0	110: Nissan Maxima 2004-2023  Sedan   3XXXL-0
1452	1	OK	110	3XXXL-0	非皮卡	Nissan	Maxima	2020		Sedan			3XXXL-0	110: Nissan Maxima 2004-2023  Sedan   3XXXL-0
1453	1	OK	110	3XXXL-0	非皮卡	Nissan	Maxima	2021		Sedan			3XXXL-0	110: Nissan Maxima 2004-2023  Sedan   3XXXL-0
1454	1	OK	110	3XXXL-0	非皮卡	Nissan	Maxima	2022		Sedan			3XXXL-0	110: Nissan Maxima 2004-2023  Sedan   3XXXL-0
1455	1	OK	110	3XXXL-0	非皮卡	Nissan	Maxima	2023		Sedan			3XXXL-0	110: Nissan Maxima 2004-2023  Sedan   3XXXL-0
1456	1	OK	111	3XXXL-0	非皮卡	Oldsmobile	88	1951		Sedan			3XXXL-0	111: Oldsmobile 88 1951-1999  Sedan   3XXXL-0
1457	1	OK	111	3XXXL-0	非皮卡	Oldsmobile	88	1952		Sedan			3XXXL-0	111: Oldsmobile 88 1951-1999  Sedan   3XXXL-0
1458	1	OK	111	3XXXL-0	非皮卡	Oldsmobile	88	1953		Sedan			3XXXL-0	111: Oldsmobile 88 1951-1999  Sedan   3XXXL-0
1459	1	OK	111	3XXXL-0	非皮卡	Oldsmobile	88	1954		Sedan			3XXXL-0	111: Oldsmobile 88 1951-1999  Sedan   3XXXL-0
1460	1	OK	111	3XXXL-0	非皮卡	Oldsmobile	88	1955		Sedan			3XXXL-0	111: Oldsmobile 88 1951-1999  Sedan   3XXXL-0
1461	1	OK	111	3XXXL-0	非皮卡	Oldsmobile	88	1956		Sedan			3XXXL-0	111: Oldsmobile 88 1951-1999  Sedan   3XXXL-0
1462	1	OK	111	3XXXL-0	非皮卡	Oldsmobile	88	1957		Sedan			3XXXL-0	111: Oldsmobile 88 1951-1999  Sedan   3XXXL-0
1463	1	OK	111	3XXXL-0	非皮卡	Oldsmobile	88	1958		Sedan			3XXXL-0	111: Oldsmobile 88 1951-1999  Sedan   3XXXL-0
1464	1	OK	111	3XXXL-0	非皮卡	Oldsmobile	88	1961		Sedan			3XXXL-0	111: Oldsmobile 88 1951-1999  Sedan   3XXXL-0
1465	1	OK	111	3XXXL-0	非皮卡	Oldsmobile	88	1962		Sedan			3XXXL-0	111: Oldsmobile 88 1951-1999  Sedan   3XXXL-0
1466	1	OK	111	3XXXL-0	非皮卡	Oldsmobile	88	1963		Sedan			3XXXL-0	111: Oldsmobile 88 1951-1999  Sedan   3XXXL-0
1467	1	OK	111	3XXXL-0	非皮卡	Oldsmobile	88	1964		Sedan			3XXXL-0	111: Oldsmobile 88 1951-1999  Sedan   3XXXL-0
1468	1	OK	111	3XXXL-0	非皮卡	Oldsmobile	88	1965		Sedan			3XXXL-0	111: Oldsmobile 88 1951-1999  Sedan   3XXXL-0
1469	1	OK	111	3XXXL-0	非皮卡	Oldsmobile	88	1968		Sedan			3XXXL-0	111: Oldsmobile 88 1951-1999  Sedan   3XXXL-0
1470	1	OK	111	3XXXL-0	非皮卡	Oldsmobile	88	1977		Sedan			3XXXL-0	111: Oldsmobile 88 1951-1999  Sedan   3XXXL-0
1471	1	OK	111	3XXXL-0	非皮卡	Oldsmobile	88	1978		Sedan			3XXXL-0	111: Oldsmobile 88 1951-1999  Sedan   3XXXL-0
1472	1	OK	111	3XXXL-0	非皮卡	Oldsmobile	88	1979		Sedan			3XXXL-0	111: Oldsmobile 88 1951-1999  Sedan   3XXXL-0
1473	1	OK	111	3XXXL-0	非皮卡	Oldsmobile	88	1986		Sedan			3XXXL-0	111: Oldsmobile 88 1951-1999  Sedan   3XXXL-0
1474	1	OK	111	3XXXL-0	非皮卡	Oldsmobile	88	1987		Sedan			3XXXL-0	111: Oldsmobile 88 1951-1999  Sedan   3XXXL-0
1475	1	OK	111	3XXXL-0	非皮卡	Oldsmobile	88	1988		Sedan			3XXXL-0	111: Oldsmobile 88 1951-1999  Sedan   3XXXL-0
1476	1	OK	111	3XXXL-0	非皮卡	Oldsmobile	88	1989		Sedan			3XXXL-0	111: Oldsmobile 88 1951-1999  Sedan   3XXXL-0
1477	1	OK	111	3XXXL-0	非皮卡	Oldsmobile	88	1990		Sedan			3XXXL-0	111: Oldsmobile 88 1951-1999  Sedan   3XXXL-0
1478	1	OK	111	3XXXL-0	非皮卡	Oldsmobile	88	1991		Sedan			3XXXL-0	111: Oldsmobile 88 1951-1999  Sedan   3XXXL-0
1479	1	OK	111	3XXXL-0	非皮卡	Oldsmobile	88	1992		Sedan			3XXXL-0	111: Oldsmobile 88 1951-1999  Sedan   3XXXL-0
1480	1	OK	111	3XXXL-0	非皮卡	Oldsmobile	88	1993		Sedan			3XXXL-0	111: Oldsmobile 88 1951-1999  Sedan   3XXXL-0
1481	1	OK	111	3XXXL-0	非皮卡	Oldsmobile	88	1994		Sedan			3XXXL-0	111: Oldsmobile 88 1951-1999  Sedan   3XXXL-0
1482	1	OK	111	3XXXL-0	非皮卡	Oldsmobile	88	1995		Sedan			3XXXL-0	111: Oldsmobile 88 1951-1999  Sedan   3XXXL-0
1483	1	OK	111	3XXXL-0	非皮卡	Oldsmobile	88	1996		Sedan			3XXXL-0	111: Oldsmobile 88 1951-1999  Sedan   3XXXL-0
1484	1	OK	111	3XXXL-0	非皮卡	Oldsmobile	88	1997		Sedan			3XXXL-0	111: Oldsmobile 88 1951-1999  Sedan   3XXXL-0
1485	1	OK	111	3XXXL-0	非皮卡	Oldsmobile	88	1998		Sedan			3XXXL-0	111: Oldsmobile 88 1951-1999  Sedan   3XXXL-0
1486	1	OK	111	3XXXL-0	非皮卡	Oldsmobile	88	1999		Sedan			3XXXL-0	111: Oldsmobile 88 1951-1999  Sedan   3XXXL-0
1487	1	OK	112	3XXXL-0	非皮卡	Oldsmobile	Aurora	1995		Sedan			3XXXL-0	112: Oldsmobile Aurora 1995-2003  Sedan   3XXXL-0
1488	1	OK	112	3XXXL-0	非皮卡	Oldsmobile	Aurora	1996		Sedan			3XXXL-0	112: Oldsmobile Aurora 1995-2003  Sedan   3XXXL-0
1489	1	OK	112	3XXXL-0	非皮卡	Oldsmobile	Aurora	1997		Sedan			3XXXL-0	112: Oldsmobile Aurora 1995-2003  Sedan   3XXXL-0
1490	1	OK	112	3XXXL-0	非皮卡	Oldsmobile	Aurora	1998		Sedan			3XXXL-0	112: Oldsmobile Aurora 1995-2003  Sedan   3XXXL-0
1491	1	OK	112	3XXXL-0	非皮卡	Oldsmobile	Aurora	1999		Sedan			3XXXL-0	112: Oldsmobile Aurora 1995-2003  Sedan   3XXXL-0
1492	1	OK	112	3XXXL-0	非皮卡	Oldsmobile	Aurora	2001		Sedan			3XXXL-0	112: Oldsmobile Aurora 1995-2003  Sedan   3XXXL-0
1493	1	OK	112	3XXXL-0	非皮卡	Oldsmobile	Aurora	2002		Sedan			3XXXL-0	112: Oldsmobile Aurora 1995-2003  Sedan   3XXXL-0
1494	1	OK	112	3XXXL-0	非皮卡	Oldsmobile	Aurora	2003		Sedan			3XXXL-0	112: Oldsmobile Aurora 1995-2003  Sedan   3XXXL-0
1495	1	OK	113	3XXXL-0	非皮卡	Oldsmobile	Cutlass	1962	F-85/Cutlass	Sedan			3XXXL-0	113: Oldsmobile Cutlass 1962-1999 Incl: Ciera/Cutlass/F-85/FWD/RWD/Supreme Sedan   3XXXL-0
1496	1	OK	113	3XXXL-0	非皮卡	Oldsmobile	Cutlass	1963	F-85/Cutlass	Sedan			3XXXL-0	113: Oldsmobile Cutlass 1962-1999 Incl: Ciera/Cutlass/F-85/FWD/RWD/Supreme Sedan   3XXXL-0
1497	1	OK	113	3XXXL-0	非皮卡	Oldsmobile	Cutlass	1965		Sedan			3XXXL-0	113: Oldsmobile Cutlass 1962-1999 Incl: Ciera/Cutlass/F-85/FWD/RWD/Supreme Sedan   3XXXL-0
1498	1	OK	113	3XXXL-0	非皮卡	Oldsmobile	Cutlass	1966		Sedan			3XXXL-0	113: Oldsmobile Cutlass 1962-1999 Incl: Ciera/Cutlass/F-85/FWD/RWD/Supreme Sedan   3XXXL-0
1499	1	OK	113	3XXXL-0	非皮卡	Oldsmobile	Cutlass	1967		Sedan			3XXXL-0	113: Oldsmobile Cutlass 1962-1999 Incl: Ciera/Cutlass/F-85/FWD/RWD/Supreme Sedan   3XXXL-0
1500	1	OK	113	3XXXL-0	非皮卡	Oldsmobile	Cutlass	1968		Sedan			3XXXL-0	113: Oldsmobile Cutlass 1962-1999 Incl: Ciera/Cutlass/F-85/FWD/RWD/Supreme Sedan   3XXXL-0
1501	1	OK	113	3XXXL-0	非皮卡	Oldsmobile	Cutlass	1969		Sedan			3XXXL-0	113: Oldsmobile Cutlass 1962-1999 Incl: Ciera/Cutlass/F-85/FWD/RWD/Supreme Sedan   3XXXL-0
1502	1	OK	113	3XXXL-0	非皮卡	Oldsmobile	Cutlass	1970		Sedan			3XXXL-0	113: Oldsmobile Cutlass 1962-1999 Incl: Ciera/Cutlass/F-85/FWD/RWD/Supreme Sedan   3XXXL-0
1503	1	OK	113	3XXXL-0	非皮卡	Oldsmobile	Cutlass	1971		Sedan			3XXXL-0	113: Oldsmobile Cutlass 1962-1999 Incl: Ciera/Cutlass/F-85/FWD/RWD/Supreme Sedan   3XXXL-0
1504	1	OK	113	3XXXL-0	非皮卡	Oldsmobile	Cutlass	1972		Sedan			3XXXL-0	113: Oldsmobile Cutlass 1962-1999 Incl: Ciera/Cutlass/F-85/FWD/RWD/Supreme Sedan   3XXXL-0
1505	1	OK	113	3XXXL-0	非皮卡	Oldsmobile	Cutlass	1973		Sedan			3XXXL-0	113: Oldsmobile Cutlass 1962-1999 Incl: Ciera/Cutlass/F-85/FWD/RWD/Supreme Sedan   3XXXL-0
1506	1	OK	113	3XXXL-0	非皮卡	Oldsmobile	Cutlass	1974		Sedan			3XXXL-0	113: Oldsmobile Cutlass 1962-1999 Incl: Ciera/Cutlass/F-85/FWD/RWD/Supreme Sedan   3XXXL-0
1507	1	OK	113	3XXXL-0	非皮卡	Oldsmobile	Cutlass	1975		Sedan			3XXXL-0	113: Oldsmobile Cutlass 1962-1999 Incl: Ciera/Cutlass/F-85/FWD/RWD/Supreme Sedan   3XXXL-0
1508	1	OK	113	3XXXL-0	非皮卡	Oldsmobile	Cutlass	1976		Sedan			3XXXL-0	113: Oldsmobile Cutlass 1962-1999 Incl: Ciera/Cutlass/F-85/FWD/RWD/Supreme Sedan   3XXXL-0
1509	1	OK	113	3XXXL-0	非皮卡	Oldsmobile	Cutlass	1977		Sedan			3XXXL-0	113: Oldsmobile Cutlass 1962-1999 Incl: Ciera/Cutlass/F-85/FWD/RWD/Supreme Sedan   3XXXL-0
1510	1	OK	113	3XXXL-0	非皮卡	Oldsmobile	Cutlass	1978	RWD	Sedan			3XXXL-0	113: Oldsmobile Cutlass 1962-1999 Incl: Ciera/Cutlass/F-85/FWD/RWD/Supreme Sedan   3XXXL-0
1511	1	OK	113	3XXXL-0	非皮卡	Oldsmobile	Cutlass	1981	RWD	Sedan			3XXXL-0	113: Oldsmobile Cutlass 1962-1999 Incl: Ciera/Cutlass/F-85/FWD/RWD/Supreme Sedan   3XXXL-0
1512	1	OK	113	3XXXL-0	非皮卡	Oldsmobile	Cutlass	1990	Ciera	Sedan			3XXXL-0	113: Oldsmobile Cutlass 1962-1999 Incl: Ciera/Cutlass/F-85/FWD/RWD/Supreme Sedan   3XXXL-0
1513	1	OK	113	3XXXL-0	非皮卡	Oldsmobile	Cutlass	1991	Supreme	Sedan			3XXXL-0	113: Oldsmobile Cutlass 1962-1999 Incl: Ciera/Cutlass/F-85/FWD/RWD/Supreme Sedan   3XXXL-0
1514	1	OK	113	3XXXL-0	非皮卡	Oldsmobile	Cutlass	1992	Supreme	Sedan			3XXXL-0	113: Oldsmobile Cutlass 1962-1999 Incl: Ciera/Cutlass/F-85/FWD/RWD/Supreme Sedan   3XXXL-0
1515	1	OK	113	3XXXL-0	非皮卡	Oldsmobile	Cutlass	1993	Supreme	Sedan			3XXXL-0	113: Oldsmobile Cutlass 1962-1999 Incl: Ciera/Cutlass/F-85/FWD/RWD/Supreme Sedan   3XXXL-0
1516	1	OK	113	3XXXL-0	非皮卡	Oldsmobile	Cutlass	1994	Supreme	Sedan			3XXXL-0	113: Oldsmobile Cutlass 1962-1999 Incl: Ciera/Cutlass/F-85/FWD/RWD/Supreme Sedan   3XXXL-0
1517	1	OK	113	3XXXL-0	非皮卡	Oldsmobile	Cutlass	1995	Supreme	Sedan			3XXXL-0	113: Oldsmobile Cutlass 1962-1999 Incl: Ciera/Cutlass/F-85/FWD/RWD/Supreme Sedan   3XXXL-0
1518	1	OK	113	3XXXL-0	非皮卡	Oldsmobile	Cutlass	1996	Supreme	Sedan			3XXXL-0	113: Oldsmobile Cutlass 1962-1999 Incl: Ciera/Cutlass/F-85/FWD/RWD/Supreme Sedan   3XXXL-0
1519	1	OK	113	3XXXL-0	非皮卡	Oldsmobile	Cutlass	1997	FWD	Sedan			3XXXL-0	113: Oldsmobile Cutlass 1962-1999 Incl: Ciera/Cutlass/F-85/FWD/RWD/Supreme Sedan   3XXXL-0
1520	1	OK	113	3XXXL-0	非皮卡	Oldsmobile	Cutlass	1997	Supreme	Sedan			3XXXL-0	113: Oldsmobile Cutlass 1962-1999 Incl: Ciera/Cutlass/F-85/FWD/RWD/Supreme Sedan   3XXXL-0
1521	1	OK	113	3XXXL-0	非皮卡	Oldsmobile	Cutlass	1998	FWD	Sedan			3XXXL-0	113: Oldsmobile Cutlass 1962-1999 Incl: Ciera/Cutlass/F-85/FWD/RWD/Supreme Sedan   3XXXL-0
1522	1	OK	113	3XXXL-0	非皮卡	Oldsmobile	Cutlass	1999	FWD	Sedan			3XXXL-0	113: Oldsmobile Cutlass 1962-1999 Incl: Ciera/Cutlass/F-85/FWD/RWD/Supreme Sedan   3XXXL-0
1523	1	OK	114	3XXXL-0	非皮卡	Oldsmobile	Intrigue	1998		Sedan			3XXXL-0	114: Oldsmobile Intrigue 1998-2002  Sedan   3XXXL-0
1524	1	OK	114	3XXXL-0	非皮卡	Oldsmobile	Intrigue	1999		Sedan			3XXXL-0	114: Oldsmobile Intrigue 1998-2002  Sedan   3XXXL-0
1525	1	OK	114	3XXXL-0	非皮卡	Oldsmobile	Intrigue	2000		Sedan			3XXXL-0	114: Oldsmobile Intrigue 1998-2002  Sedan   3XXXL-0
1526	1	OK	114	3XXXL-0	非皮卡	Oldsmobile	Intrigue	2001		Sedan			3XXXL-0	114: Oldsmobile Intrigue 1998-2002  Sedan   3XXXL-0
1527	1	OK	114	3XXXL-0	非皮卡	Oldsmobile	Intrigue	2002		Sedan			3XXXL-0	114: Oldsmobile Intrigue 1998-2002  Sedan   3XXXL-0
1528	1	OK	115	3XXXL-0	非皮卡	Plymouth	Fury	1959		Sedan			3XXXL-0	115: Plymouth Fury 1959-1978 Incl: 4dr Hardtop V-800 Sedan   3XXXL-0
1529	1	OK	115	3XXXL-0	非皮卡	Plymouth	Fury	1960		Sedan			3XXXL-0	115: Plymouth Fury 1959-1978 Incl: 4dr Hardtop V-800 Sedan   3XXXL-0
1530	1	OK	115	3XXXL-0	非皮卡	Plymouth	Fury	1960	4dr Hardtop V-800	Sedan			3XXXL-0	115: Plymouth Fury 1959-1978 Incl: 4dr Hardtop V-800 Sedan   3XXXL-0
1531	1	OK	115	3XXXL-0	非皮卡	Plymouth	Fury	1961		Sedan			3XXXL-0	115: Plymouth Fury 1959-1978 Incl: 4dr Hardtop V-800 Sedan   3XXXL-0
1532	1	OK	115	3XXXL-0	非皮卡	Plymouth	Fury	1962		Sedan			3XXXL-0	115: Plymouth Fury 1959-1978 Incl: 4dr Hardtop V-800 Sedan   3XXXL-0
1533	1	OK	115	3XXXL-0	非皮卡	Plymouth	Fury	1963		Sedan			3XXXL-0	115: Plymouth Fury 1959-1978 Incl: 4dr Hardtop V-800 Sedan   3XXXL-0
1534	1	OK	115	3XXXL-0	非皮卡	Plymouth	Fury	1964		Sedan			3XXXL-0	115: Plymouth Fury 1959-1978 Incl: 4dr Hardtop V-800 Sedan   3XXXL-0
1535	1	OK	115	3XXXL-0	非皮卡	Plymouth	Fury	1965		Sedan			3XXXL-0	115: Plymouth Fury 1959-1978 Incl: 4dr Hardtop V-800 Sedan   3XXXL-0
1536	1	OK	115	3XXXL-0	非皮卡	Plymouth	Fury	1966		Sedan			3XXXL-0	115: Plymouth Fury 1959-1978 Incl: 4dr Hardtop V-800 Sedan   3XXXL-0
1537	1	OK	115	3XXXL-0	非皮卡	Plymouth	Fury	1967		Sedan			3XXXL-0	115: Plymouth Fury 1959-1978 Incl: 4dr Hardtop V-800 Sedan   3XXXL-0
1538	1	OK	115	3XXXL-0	非皮卡	Plymouth	Fury	1968		Sedan			3XXXL-0	115: Plymouth Fury 1959-1978 Incl: 4dr Hardtop V-800 Sedan   3XXXL-0
1539	1	OK	115	3XXXL-0	非皮卡	Plymouth	Fury	1969		Sedan			3XXXL-0	115: Plymouth Fury 1959-1978 Incl: 4dr Hardtop V-800 Sedan   3XXXL-0
1540	1	OK	115	3XXXL-0	非皮卡	Plymouth	Fury	1970		Sedan			3XXXL-0	115: Plymouth Fury 1959-1978 Incl: 4dr Hardtop V-800 Sedan   3XXXL-0
1541	1	OK	115	3XXXL-0	非皮卡	Plymouth	Fury	1971		Sedan			3XXXL-0	115: Plymouth Fury 1959-1978 Incl: 4dr Hardtop V-800 Sedan   3XXXL-0
1542	1	OK	115	3XXXL-0	非皮卡	Plymouth	Fury	1972		Sedan			3XXXL-0	115: Plymouth Fury 1959-1978 Incl: 4dr Hardtop V-800 Sedan   3XXXL-0
1543	1	OK	115	3XXXL-0	非皮卡	Plymouth	Fury	1975		Sedan			3XXXL-0	115: Plymouth Fury 1959-1978 Incl: 4dr Hardtop V-800 Sedan   3XXXL-0
1544	1	OK	115	3XXXL-0	非皮卡	Plymouth	Fury	1976		Sedan			3XXXL-0	115: Plymouth Fury 1959-1978 Incl: 4dr Hardtop V-800 Sedan   3XXXL-0
1545	1	OK	115	3XXXL-0	非皮卡	Plymouth	Fury	1977		Sedan			3XXXL-0	115: Plymouth Fury 1959-1978 Incl: 4dr Hardtop V-800 Sedan   3XXXL-0
1546	1	OK	115	3XXXL-0	非皮卡	Plymouth	Fury	1978		Sedan			3XXXL-0	115: Plymouth Fury 1959-1978 Incl: 4dr Hardtop V-800 Sedan   3XXXL-0
1547	1	OK	116	3XXXL-0	非皮卡	Plymouth	Valiant	1973		Sedan			3XXXL-0	116: Plymouth Valiant 1973-1976  Sedan   3XXXL-0
1548	1	OK	116	3XXXL-0	非皮卡	Plymouth	Valiant	1974		Sedan			3XXXL-0	116: Plymouth Valiant 1973-1976  Sedan   3XXXL-0
1549	1	OK	116	3XXXL-0	非皮卡	Plymouth	Valiant	1975		Sedan			3XXXL-0	116: Plymouth Valiant 1973-1976  Sedan   3XXXL-0
1550	1	OK	116	3XXXL-0	非皮卡	Plymouth	Valiant	1976		Sedan			3XXXL-0	116: Plymouth Valiant 1973-1976  Sedan   3XXXL-0
1551	1	OK	117	3XXXL-0	非皮卡	Pontiac	Bonneville	1958		Sedan			3XXXL-0	117: Pontiac Bonneville 1958-2005  Sedan   3XXXL-0
1552	1	OK	117	3XXXL-0	非皮卡	Pontiac	Bonneville	1961		Sedan			3XXXL-0	117: Pontiac Bonneville 1958-2005  Sedan   3XXXL-0
1553	1	OK	117	3XXXL-0	非皮卡	Pontiac	Bonneville	1962		Sedan			3XXXL-0	117: Pontiac Bonneville 1958-2005  Sedan   3XXXL-0
1554	1	OK	117	3XXXL-0	非皮卡	Pontiac	Bonneville	1963		Sedan			3XXXL-0	117: Pontiac Bonneville 1958-2005  Sedan   3XXXL-0
1555	1	OK	117	3XXXL-0	非皮卡	Pontiac	Bonneville	1964		Sedan			3XXXL-0	117: Pontiac Bonneville 1958-2005  Sedan   3XXXL-0
1556	1	OK	117	3XXXL-0	非皮卡	Pontiac	Bonneville	1977		Sedan			3XXXL-0	117: Pontiac Bonneville 1958-2005  Sedan   3XXXL-0
1557	1	OK	117	3XXXL-0	非皮卡	Pontiac	Bonneville	1978		Sedan			3XXXL-0	117: Pontiac Bonneville 1958-2005  Sedan   3XXXL-0
1558	1	OK	117	3XXXL-0	非皮卡	Pontiac	Bonneville	1979		Sedan			3XXXL-0	117: Pontiac Bonneville 1958-2005  Sedan   3XXXL-0
1559	1	OK	117	3XXXL-0	非皮卡	Pontiac	Bonneville	1980		Sedan			3XXXL-0	117: Pontiac Bonneville 1958-2005  Sedan   3XXXL-0
1560	1	OK	117	3XXXL-0	非皮卡	Pontiac	Bonneville	1981		Sedan			3XXXL-0	117: Pontiac Bonneville 1958-2005  Sedan   3XXXL-0
1561	1	OK	117	3XXXL-0	非皮卡	Pontiac	Bonneville	1982		Sedan			3XXXL-0	117: Pontiac Bonneville 1958-2005  Sedan   3XXXL-0
1562	1	OK	117	3XXXL-0	非皮卡	Pontiac	Bonneville	1983		Sedan			3XXXL-0	117: Pontiac Bonneville 1958-2005  Sedan   3XXXL-0
1563	1	OK	117	3XXXL-0	非皮卡	Pontiac	Bonneville	1984		Sedan			3XXXL-0	117: Pontiac Bonneville 1958-2005  Sedan   3XXXL-0
1564	1	OK	117	3XXXL-0	非皮卡	Pontiac	Bonneville	1985		Sedan			3XXXL-0	117: Pontiac Bonneville 1958-2005  Sedan   3XXXL-0
1565	1	OK	117	3XXXL-0	非皮卡	Pontiac	Bonneville	1986		Sedan			3XXXL-0	117: Pontiac Bonneville 1958-2005  Sedan   3XXXL-0
1566	1	OK	117	3XXXL-0	非皮卡	Pontiac	Bonneville	1987		Sedan			3XXXL-0	117: Pontiac Bonneville 1958-2005  Sedan   3XXXL-0
1567	1	OK	117	3XXXL-0	非皮卡	Pontiac	Bonneville	1988		Sedan			3XXXL-0	117: Pontiac Bonneville 1958-2005  Sedan   3XXXL-0
1568	1	OK	117	3XXXL-0	非皮卡	Pontiac	Bonneville	1989		Sedan			3XXXL-0	117: Pontiac Bonneville 1958-2005  Sedan   3XXXL-0
1569	1	OK	117	3XXXL-0	非皮卡	Pontiac	Bonneville	1990		Sedan			3XXXL-0	117: Pontiac Bonneville 1958-2005  Sedan   3XXXL-0
1570	1	OK	117	3XXXL-0	非皮卡	Pontiac	Bonneville	1991		Sedan			3XXXL-0	117: Pontiac Bonneville 1958-2005  Sedan   3XXXL-0
1571	1	OK	117	3XXXL-0	非皮卡	Pontiac	Bonneville	1992		Sedan			3XXXL-0	117: Pontiac Bonneville 1958-2005  Sedan   3XXXL-0
1572	1	OK	117	3XXXL-0	非皮卡	Pontiac	Bonneville	1993		Sedan			3XXXL-0	117: Pontiac Bonneville 1958-2005  Sedan   3XXXL-0
1573	1	OK	117	3XXXL-0	非皮卡	Pontiac	Bonneville	1994		Sedan			3XXXL-0	117: Pontiac Bonneville 1958-2005  Sedan   3XXXL-0
1574	1	OK	117	3XXXL-0	非皮卡	Pontiac	Bonneville	1995		Sedan			3XXXL-0	117: Pontiac Bonneville 1958-2005  Sedan   3XXXL-0
1575	1	OK	117	3XXXL-0	非皮卡	Pontiac	Bonneville	1996		Sedan			3XXXL-0	117: Pontiac Bonneville 1958-2005  Sedan   3XXXL-0
1576	1	OK	117	3XXXL-0	非皮卡	Pontiac	Bonneville	1997		Sedan			3XXXL-0	117: Pontiac Bonneville 1958-2005  Sedan   3XXXL-0
1577	1	OK	117	3XXXL-0	非皮卡	Pontiac	Bonneville	1998		Sedan			3XXXL-0	117: Pontiac Bonneville 1958-2005  Sedan   3XXXL-0
1578	1	OK	117	3XXXL-0	非皮卡	Pontiac	Bonneville	1999		Sedan			3XXXL-0	117: Pontiac Bonneville 1958-2005  Sedan   3XXXL-0
1579	1	OK	117	3XXXL-0	非皮卡	Pontiac	Bonneville	2000		Sedan			3XXXL-0	117: Pontiac Bonneville 1958-2005  Sedan   3XXXL-0
1580	1	OK	117	3XXXL-0	非皮卡	Pontiac	Bonneville	2001		Sedan			3XXXL-0	117: Pontiac Bonneville 1958-2005  Sedan   3XXXL-0
1581	1	OK	117	3XXXL-0	非皮卡	Pontiac	Bonneville	2002		Sedan			3XXXL-0	117: Pontiac Bonneville 1958-2005  Sedan   3XXXL-0
1582	1	OK	117	3XXXL-0	非皮卡	Pontiac	Bonneville	2003		Sedan			3XXXL-0	117: Pontiac Bonneville 1958-2005  Sedan   3XXXL-0
1583	1	OK	117	3XXXL-0	非皮卡	Pontiac	Bonneville	2004		Sedan			3XXXL-0	117: Pontiac Bonneville 1958-2005  Sedan   3XXXL-0
1584	1	OK	117	3XXXL-0	非皮卡	Pontiac	Bonneville	2005		Sedan			3XXXL-0	117: Pontiac Bonneville 1958-2005  Sedan   3XXXL-0
1585	1	OK	118	3XXXL-0	非皮卡	Pontiac	G8	2008		Fastback			3XXXL-0	118: Pontiac G8 2008-2009  Fastback   3XXXL-0
1586	1	OK	118	3XXXL-0	非皮卡	Pontiac	G8	2009		Fastback			3XXXL-0	118: Pontiac G8 2008-2009  Fastback   3XXXL-0
1587	1	OK	119	3XXXL-0	非皮卡	Pontiac	Grand Prix	1997		Sedan			3XXXL-0	119: Pontiac Grand Prix 1997-2008  Sedan   3XXXL-0
1588	1	OK	119	3XXXL-0	非皮卡	Pontiac	Grand Prix	1998		Sedan			3XXXL-0	119: Pontiac Grand Prix 1997-2008  Sedan   3XXXL-0
1589	1	OK	119	3XXXL-0	非皮卡	Pontiac	Grand Prix	1999		Sedan			3XXXL-0	119: Pontiac Grand Prix 1997-2008  Sedan   3XXXL-0
1590	1	OK	119	3XXXL-0	非皮卡	Pontiac	Grand Prix	2000		Sedan			3XXXL-0	119: Pontiac Grand Prix 1997-2008  Sedan   3XXXL-0
1591	1	OK	119	3XXXL-0	非皮卡	Pontiac	Grand Prix	2001		Sedan			3XXXL-0	119: Pontiac Grand Prix 1997-2008  Sedan   3XXXL-0
1592	1	OK	119	3XXXL-0	非皮卡	Pontiac	Grand Prix	2002		Sedan			3XXXL-0	119: Pontiac Grand Prix 1997-2008  Sedan   3XXXL-0
1593	1	OK	119	3XXXL-0	非皮卡	Pontiac	Grand Prix	2003		Sedan			3XXXL-0	119: Pontiac Grand Prix 1997-2008  Sedan   3XXXL-0
1594	1	OK	119	3XXXL-0	非皮卡	Pontiac	Grand Prix	2004		Sedan			3XXXL-0	119: Pontiac Grand Prix 1997-2008  Sedan   3XXXL-0
1595	1	OK	119	3XXXL-0	非皮卡	Pontiac	Grand Prix	2005		Sedan			3XXXL-0	119: Pontiac Grand Prix 1997-2008  Sedan   3XXXL-0
1596	1	OK	119	3XXXL-0	非皮卡	Pontiac	Grand Prix	2006		Sedan			3XXXL-0	119: Pontiac Grand Prix 1997-2008  Sedan   3XXXL-0
1597	1	OK	119	3XXXL-0	非皮卡	Pontiac	Grand Prix	2007		Sedan			3XXXL-0	119: Pontiac Grand Prix 1997-2008  Sedan   3XXXL-0
1598	1	OK	119	3XXXL-0	非皮卡	Pontiac	Grand Prix	2008		Sedan			3XXXL-0	119: Pontiac Grand Prix 1997-2008  Sedan   3XXXL-0
1599	1	OK	120	3XXXL-0	非皮卡	Pontiac	LeMans	1964		Sedan			3XXXL-0	120: Pontiac LeMans 1964-1980  Sedan   3XXXL-0
1600	1	OK	120	3XXXL-0	非皮卡	Pontiac	LeMans	1965		Sedan			3XXXL-0	120: Pontiac LeMans 1964-1980  Sedan   3XXXL-0
1601	1	OK	120	3XXXL-0	非皮卡	Pontiac	LeMans	1966		Sedan			3XXXL-0	120: Pontiac LeMans 1964-1980  Sedan   3XXXL-0
1602	1	OK	120	3XXXL-0	非皮卡	Pontiac	LeMans	1967		Sedan			3XXXL-0	120: Pontiac LeMans 1964-1980  Sedan   3XXXL-0
1603	1	OK	120	3XXXL-0	非皮卡	Pontiac	LeMans	1968		Sedan			3XXXL-0	120: Pontiac LeMans 1964-1980  Sedan   3XXXL-0
1604	1	OK	120	3XXXL-0	非皮卡	Pontiac	LeMans	1969		Sedan			3XXXL-0	120: Pontiac LeMans 1964-1980  Sedan   3XXXL-0
1605	1	OK	120	3XXXL-0	非皮卡	Pontiac	LeMans	1970		Sedan			3XXXL-0	120: Pontiac LeMans 1964-1980  Sedan   3XXXL-0
1606	1	OK	120	3XXXL-0	非皮卡	Pontiac	LeMans	1971		Sedan			3XXXL-0	120: Pontiac LeMans 1964-1980  Sedan   3XXXL-0
1607	1	OK	120	3XXXL-0	非皮卡	Pontiac	LeMans	1972		Sedan			3XXXL-0	120: Pontiac LeMans 1964-1980  Sedan   3XXXL-0
1608	1	OK	120	3XXXL-0	非皮卡	Pontiac	LeMans	1973		Sedan			3XXXL-0	120: Pontiac LeMans 1964-1980  Sedan   3XXXL-0
1609	1	OK	120	3XXXL-0	非皮卡	Pontiac	LeMans	1974		Sedan			3XXXL-0	120: Pontiac LeMans 1964-1980  Sedan   3XXXL-0
1610	1	OK	120	3XXXL-0	非皮卡	Pontiac	LeMans	1975		Sedan			3XXXL-0	120: Pontiac LeMans 1964-1980  Sedan   3XXXL-0
1611	1	OK	120	3XXXL-0	非皮卡	Pontiac	LeMans	1976		Sedan			3XXXL-0	120: Pontiac LeMans 1964-1980  Sedan   3XXXL-0
1612	1	OK	120	3XXXL-0	非皮卡	Pontiac	LeMans	1977		Sedan			3XXXL-0	120: Pontiac LeMans 1964-1980  Sedan   3XXXL-0
1613	1	OK	120	3XXXL-0	非皮卡	Pontiac	LeMans	1978		Sedan			3XXXL-0	120: Pontiac LeMans 1964-1980  Sedan   3XXXL-0
1614	1	OK	120	3XXXL-0	非皮卡	Pontiac	LeMans	1979		Sedan			3XXXL-0	120: Pontiac LeMans 1964-1980  Sedan   3XXXL-0
1615	1	OK	120	3XXXL-0	非皮卡	Pontiac	LeMans	1980		Sedan			3XXXL-0	120: Pontiac LeMans 1964-1980  Sedan   3XXXL-0
1616	1	OK	121	3XXXL-0	非皮卡	Porsche	Panamera	2017		Liftback			3XXXL-0	121: Porsche Panamera 2017-2026 Incl: Executive LWB Liftback   3XXXL-0
1617	1	OK	121	3XXXL-0	非皮卡	Porsche	Panamera	2017	Executive LWB	Liftback			3XXXL-0	121: Porsche Panamera 2017-2026 Incl: Executive LWB Liftback   3XXXL-0
1618	1	OK	121	3XXXL-0	非皮卡	Porsche	Panamera	2018		Liftback			3XXXL-0	121: Porsche Panamera 2017-2026 Incl: Executive LWB Liftback   3XXXL-0
1619	1	OK	121	3XXXL-0	非皮卡	Porsche	Panamera	2018	Executive LWB	Liftback			3XXXL-0	121: Porsche Panamera 2017-2026 Incl: Executive LWB Liftback   3XXXL-0
1620	1	OK	121	3XXXL-0	非皮卡	Porsche	Panamera	2019		Liftback			3XXXL-0	121: Porsche Panamera 2017-2026 Incl: Executive LWB Liftback   3XXXL-0
1621	1	OK	121	3XXXL-0	非皮卡	Porsche	Panamera	2019	Executive LWB	Liftback			3XXXL-0	121: Porsche Panamera 2017-2026 Incl: Executive LWB Liftback   3XXXL-0
1622	1	OK	121	3XXXL-0	非皮卡	Porsche	Panamera	2020		Liftback			3XXXL-0	121: Porsche Panamera 2017-2026 Incl: Executive LWB Liftback   3XXXL-0
1623	1	OK	121	3XXXL-0	非皮卡	Porsche	Panamera	2020	Executive LWB	Liftback			3XXXL-0	121: Porsche Panamera 2017-2026 Incl: Executive LWB Liftback   3XXXL-0
1624	1	OK	121	3XXXL-0	非皮卡	Porsche	Panamera	2021		Liftback			3XXXL-0	121: Porsche Panamera 2017-2026 Incl: Executive LWB Liftback   3XXXL-0
1625	1	OK	121	3XXXL-0	非皮卡	Porsche	Panamera	2021	Executive LWB	Liftback			3XXXL-0	121: Porsche Panamera 2017-2026 Incl: Executive LWB Liftback   3XXXL-0
1626	1	OK	121	3XXXL-0	非皮卡	Porsche	Panamera	2022		Liftback			3XXXL-0	121: Porsche Panamera 2017-2026 Incl: Executive LWB Liftback   3XXXL-0
1627	1	OK	121	3XXXL-0	非皮卡	Porsche	Panamera	2022	Executive LWB	Liftback			3XXXL-0	121: Porsche Panamera 2017-2026 Incl: Executive LWB Liftback   3XXXL-0
1628	1	OK	121	3XXXL-0	非皮卡	Porsche	Panamera	2023		Liftback			3XXXL-0	121: Porsche Panamera 2017-2026 Incl: Executive LWB Liftback   3XXXL-0
1629	1	OK	121	3XXXL-0	非皮卡	Porsche	Panamera	2023	Executive LWB	Liftback			3XXXL-0	121: Porsche Panamera 2017-2026 Incl: Executive LWB Liftback   3XXXL-0
1630	1	OK	121	3XXXL-0	非皮卡	Porsche	Panamera	2024		Liftback			3XXXL-0	121: Porsche Panamera 2017-2026 Incl: Executive LWB Liftback   3XXXL-0
1631	1	OK	121	3XXXL-0	非皮卡	Porsche	Panamera	2025		Liftback			3XXXL-0	121: Porsche Panamera 2017-2026 Incl: Executive LWB Liftback   3XXXL-0
1632	1	OK	121	3XXXL-0	非皮卡	Porsche	Panamera	2026		Liftback			3XXXL-0	121: Porsche Panamera 2017-2026 Incl: Executive LWB Liftback   3XXXL-0
1633	1	OK	122	3XXXL-0	非皮卡	Porsche	Taycan	2020		Sedan			3XXXL-0	122: Porsche Taycan 2020-2026 Incl: Turbo GT Sedan   3XXXL-0
1634	1	OK	122	3XXXL-0	非皮卡	Porsche	Taycan	2021		Sedan			3XXXL-0	122: Porsche Taycan 2020-2026 Incl: Turbo GT Sedan   3XXXL-0
1635	1	OK	122	3XXXL-0	非皮卡	Porsche	Taycan	2022		Sedan			3XXXL-0	122: Porsche Taycan 2020-2026 Incl: Turbo GT Sedan   3XXXL-0
1636	1	OK	122	3XXXL-0	非皮卡	Porsche	Taycan	2023		Sedan			3XXXL-0	122: Porsche Taycan 2020-2026 Incl: Turbo GT Sedan   3XXXL-0
1637	1	OK	122	3XXXL-0	非皮卡	Porsche	Taycan	2024		Sedan			3XXXL-0	122: Porsche Taycan 2020-2026 Incl: Turbo GT Sedan   3XXXL-0
1638	1	OK	122	3XXXL-0	非皮卡	Porsche	Taycan	2025		Sedan			3XXXL-0	122: Porsche Taycan 2020-2026 Incl: Turbo GT Sedan   3XXXL-0
1639	1	OK	122	3XXXL-0	非皮卡	Porsche	Taycan	2025	Turbo GT	Sedan			3XXXL-0	122: Porsche Taycan 2020-2026 Incl: Turbo GT Sedan   3XXXL-0
1640	1	OK	122	3XXXL-0	非皮卡	Porsche	Taycan	2026		Sedan			3XXXL-0	122: Porsche Taycan 2020-2026 Incl: Turbo GT Sedan   3XXXL-0
1641	1	OK	122	3XXXL-0	非皮卡	Porsche	Taycan	2026	Turbo GT	Sedan			3XXXL-0	122: Porsche Taycan 2020-2026 Incl: Turbo GT Sedan   3XXXL-0
1642	1	OK	123	3XXXL-0	非皮卡	Saab	9-5	2010		Sedan			3XXXL-0	123: Saab 9-5 2010-2011  Sedan   3XXXL-0
1643	1	OK	123	3XXXL-0	非皮卡	Saab	9-5	2011		Sedan			3XXXL-0	123: Saab 9-5 2010-2011  Sedan   3XXXL-0
1644	1	OK	124	3XXXL-0	非皮卡	Toyota	Avalon	2005		Sedan			3XXXL-0	124: Toyota Avalon 2005-2022  Sedan   3XXXL-0
1645	1	OK	124	3XXXL-0	非皮卡	Toyota	Avalon	2006		Sedan			3XXXL-0	124: Toyota Avalon 2005-2022  Sedan   3XXXL-0
1646	1	OK	124	3XXXL-0	非皮卡	Toyota	Avalon	2007		Sedan			3XXXL-0	124: Toyota Avalon 2005-2022  Sedan   3XXXL-0
1647	1	OK	124	3XXXL-0	非皮卡	Toyota	Avalon	2008		Sedan			3XXXL-0	124: Toyota Avalon 2005-2022  Sedan   3XXXL-0
1648	1	OK	124	3XXXL-0	非皮卡	Toyota	Avalon	2009		Sedan			3XXXL-0	124: Toyota Avalon 2005-2022  Sedan   3XXXL-0
1649	1	OK	124	3XXXL-0	非皮卡	Toyota	Avalon	2010		Sedan			3XXXL-0	124: Toyota Avalon 2005-2022  Sedan   3XXXL-0
1650	1	OK	124	3XXXL-0	非皮卡	Toyota	Avalon	2011		Sedan			3XXXL-0	124: Toyota Avalon 2005-2022  Sedan   3XXXL-0
1651	1	OK	124	3XXXL-0	非皮卡	Toyota	Avalon	2012		Sedan			3XXXL-0	124: Toyota Avalon 2005-2022  Sedan   3XXXL-0
1652	1	OK	124	3XXXL-0	非皮卡	Toyota	Avalon	2013		Sedan			3XXXL-0	124: Toyota Avalon 2005-2022  Sedan   3XXXL-0
1653	1	OK	124	3XXXL-0	非皮卡	Toyota	Avalon	2014		Sedan			3XXXL-0	124: Toyota Avalon 2005-2022  Sedan   3XXXL-0
1654	1	OK	124	3XXXL-0	非皮卡	Toyota	Avalon	2015		Sedan			3XXXL-0	124: Toyota Avalon 2005-2022  Sedan   3XXXL-0
1655	1	OK	124	3XXXL-0	非皮卡	Toyota	Avalon	2016		Sedan			3XXXL-0	124: Toyota Avalon 2005-2022  Sedan   3XXXL-0
1656	1	OK	124	3XXXL-0	非皮卡	Toyota	Avalon	2017		Sedan			3XXXL-0	124: Toyota Avalon 2005-2022  Sedan   3XXXL-0
1657	1	OK	124	3XXXL-0	非皮卡	Toyota	Avalon	2018		Sedan			3XXXL-0	124: Toyota Avalon 2005-2022  Sedan   3XXXL-0
1658	1	OK	124	3XXXL-0	非皮卡	Toyota	Avalon	2019		Sedan			3XXXL-0	124: Toyota Avalon 2005-2022  Sedan   3XXXL-0
1659	1	OK	124	3XXXL-0	非皮卡	Toyota	Avalon	2020		Sedan			3XXXL-0	124: Toyota Avalon 2005-2022  Sedan   3XXXL-0
1660	1	OK	124	3XXXL-0	非皮卡	Toyota	Avalon	2021		Sedan			3XXXL-0	124: Toyota Avalon 2005-2022  Sedan   3XXXL-0
1661	1	OK	124	3XXXL-0	非皮卡	Toyota	Avalon	2022		Sedan			3XXXL-0	124: Toyota Avalon 2005-2022  Sedan   3XXXL-0
1662	1	OK	125	3XXXL-0	非皮卡	Toyota	Camry	2018		Sedan			3XXXL-0	125: Toyota Camry 2018-2026  Sedan   3XXXL-0
1663	1	OK	125	3XXXL-0	非皮卡	Toyota	Camry	2019		Sedan			3XXXL-0	125: Toyota Camry 2018-2026  Sedan   3XXXL-0
1664	1	OK	125	3XXXL-0	非皮卡	Toyota	Camry	2020		Sedan			3XXXL-0	125: Toyota Camry 2018-2026  Sedan   3XXXL-0
1665	1	OK	125	3XXXL-0	非皮卡	Toyota	Camry	2021		Sedan			3XXXL-0	125: Toyota Camry 2018-2026  Sedan   3XXXL-0
1666	1	OK	125	3XXXL-0	非皮卡	Toyota	Camry	2022		Sedan			3XXXL-0	125: Toyota Camry 2018-2026  Sedan   3XXXL-0
1667	1	OK	125	3XXXL-0	非皮卡	Toyota	Camry	2023		Sedan			3XXXL-0	125: Toyota Camry 2018-2026  Sedan   3XXXL-0
1668	1	OK	125	3XXXL-0	非皮卡	Toyota	Camry	2024		Sedan			3XXXL-0	125: Toyota Camry 2018-2026  Sedan   3XXXL-0
1669	1	OK	125	3XXXL-0	非皮卡	Toyota	Camry	2025		Sedan			3XXXL-0	125: Toyota Camry 2018-2026  Sedan   3XXXL-0
1670	1	OK	125	3XXXL-0	非皮卡	Toyota	Camry	2026		Sedan			3XXXL-0	125: Toyota Camry 2018-2026  Sedan   3XXXL-0
1671	1	OK	126	3XXXL-0	非皮卡	Toyota	Crown	2023		Sedan			3XXXL-0	126: Toyota Crown 2023-2026  Sedan   3XXXL-0
1672	1	OK	126	3XXXL-0	非皮卡	Toyota	Crown	2024		Sedan			3XXXL-0	126: Toyota Crown 2023-2026  Sedan   3XXXL-0
1673	1	OK	126	3XXXL-0	非皮卡	Toyota	Crown	2025		Sedan			3XXXL-0	126: Toyota Crown 2023-2026  Sedan   3XXXL-0
1674	1	OK	126	3XXXL-0	非皮卡	Toyota	Crown	2026		Sedan			3XXXL-0	126: Toyota Crown 2023-2026  Sedan   3XXXL-0
1675	1	OK	127	3XXXL-0	非皮卡	Toyota	MIRAI	2016		Sedan			3XXXL-0	127: Toyota MIRAI 2016-2024  Sedan   3XXXL-0
1676	1	OK	127	3XXXL-0	非皮卡	Toyota	MIRAI	2017		Sedan			3XXXL-0	127: Toyota MIRAI 2016-2024  Sedan   3XXXL-0
1677	1	OK	127	3XXXL-0	非皮卡	Toyota	MIRAI	2018		Sedan			3XXXL-0	127: Toyota MIRAI 2016-2024  Sedan   3XXXL-0
1678	1	OK	127	3XXXL-0	非皮卡	Toyota	MIRAI	2019		Sedan			3XXXL-0	127: Toyota MIRAI 2016-2024  Sedan   3XXXL-0
1679	1	OK	127	3XXXL-0	非皮卡	Toyota	MIRAI	2020		Sedan			3XXXL-0	127: Toyota MIRAI 2016-2024  Sedan   3XXXL-0
1680	1	OK	127	3XXXL-0	非皮卡	Toyota	MIRAI	2021		Sedan			3XXXL-0	127: Toyota MIRAI 2016-2024  Sedan   3XXXL-0
1681	1	OK	127	3XXXL-0	非皮卡	Toyota	MIRAI	2022		Sedan			3XXXL-0	127: Toyota MIRAI 2016-2024  Sedan   3XXXL-0
1682	1	OK	127	3XXXL-0	非皮卡	Toyota	MIRAI	2023		Sedan			3XXXL-0	127: Toyota MIRAI 2016-2024  Sedan   3XXXL-0
1683	1	OK	127	3XXXL-0	非皮卡	Toyota	MIRAI	2024		Sedan			3XXXL-0	127: Toyota MIRAI 2016-2024  Sedan   3XXXL-0
1684	1	OK	128	3XXXL-0	非皮卡	Volkswagen	Passat	2020		Sedan			3XXXL-0	128: Volkswagen Passat 2020-2022  Sedan   3XXXL-0
1685	1	OK	128	3XXXL-0	非皮卡	Volkswagen	Passat	2021		Sedan			3XXXL-0	128: Volkswagen Passat 2020-2022  Sedan   3XXXL-0
1686	1	OK	128	3XXXL-0	非皮卡	Volkswagen	Passat	2022		Sedan			3XXXL-0	128: Volkswagen Passat 2020-2022  Sedan   3XXXL-0
1687	1	OK	129	3XXXL-0	非皮卡	Volkswagen	Phaeton	2004		Sedan			3XXXL-0	129: Volkswagen Phaeton 2004-2006  Sedan   3XXXL-0
1688	1	OK	129	3XXXL-0	非皮卡	Volkswagen	Phaeton	2005		Sedan			3XXXL-0	129: Volkswagen Phaeton 2004-2006  Sedan   3XXXL-0
1689	1	OK	129	3XXXL-0	非皮卡	Volkswagen	Phaeton	2006		Sedan			3XXXL-0	129: Volkswagen Phaeton 2004-2006  Sedan   3XXXL-0
1690	1	OK	130	3XXXL-0	非皮卡	Volvo	S90	2017		Sedan			3XXXL-0	130: Volvo S90 2017-2025  Sedan   3XXXL-0
1691	1	OK	130	3XXXL-0	非皮卡	Volvo	S90	2021		Sedan			3XXXL-0	130: Volvo S90 2017-2025  Sedan   3XXXL-0
1692	1	OK	130	3XXXL-0	非皮卡	Volvo	S90	2022		Sedan			3XXXL-0	130: Volvo S90 2017-2025  Sedan   3XXXL-0
1693	1	OK	130	3XXXL-0	非皮卡	Volvo	S90	2023		Sedan			3XXXL-0	130: Volvo S90 2017-2025  Sedan   3XXXL-0
1694	1	OK	130	3XXXL-0	非皮卡	Volvo	S90	2024		Sedan			3XXXL-0	130: Volvo S90 2017-2025  Sedan   3XXXL-0
1695	1	OK	130	3XXXL-0	非皮卡	Volvo	S90	2025		Sedan			3XXXL-0	130: Volvo S90 2017-2025  Sedan   3XXXL-0
