压缩类型	阶段	MAKE	MODEL	合并MODEL	CAB	BED_FT	BACKSIZE	候选YEAR	候选CONST	候选VERSION	合并CAB	合并BED_FT	合并YEAR	合并CONST	合并VERSION	结果	原因
非皮卡	高度压缩两两组合	Acura	Integra/Integra	Integra	/	/	2XL	2023-2026/2024-2026	Hatchback/Hatchback	/Type S			2023-2026	Hatchback	Incl: Type S	success	
非皮卡	高度压缩两两组合	Acura	MDX/MDX	MDX	/	/	YXL	2007-2020/2022-2024	SUV/SUV	/			2007-2024	SUV		success	
非皮卡	高度压缩两两组合	Acura	MDX/MDX	MDX	/	/	YXL	2007-2024/2025-2026	SUV/SUV	/Type S			2007-2026	SUV	Incl: Type S	success	
非皮卡	高度压缩两两组合	Acura	NSX/NSX	NSX	/	/	3M-0	1991-2005/2017-2021	Coupe/Coupe	/			1991-2021	Coupe		success	
非皮卡	高度压缩两两组合	Acura	RDX/RDX	RDX	/	/	YL	2010-2018/2020-2026	SUV/SUV	/			2010-2026	SUV		success	
非皮卡	高度压缩两两组合	Acura	SLX/SLX	SLX	/	/	YL	1996/1998-1999	SUV/SUV	/			1996-1999	SUV		fallback	Acura SLX 1997 SUV 原子事实对应多条候选记录
非皮卡	高度压缩两两组合	Acura	TL/TL	TL	/	/	3XL	1996-1998/2004-2008	Sedan/Sedan	/Type-S			1996-2008	Sedan	Incl: Type-S	fallback	Acura TL 1999 Sedan 原子事实对应多条候选记录
非皮卡	高度压缩两两组合	Acura	TL/TL	TL	/	/	3XL+	1999-2003/2009-2014	Sedan/Sedan	Type-S/SH-AWD			1999-2014	Sedan	SH-AWD/Type-S	fallback	Acura TL 2004 Sedan 原子事实对应多条候选记录
非皮卡	高度压缩两两组合	Acura	ZDX/ZDX	ZDX	/	/	YXL	2010-2013/2024-2025	SUV/SUV	/			2010-2025	SUV		success	
非皮卡	高度压缩两两组合	Alfa Romeo	4C/4C	4C	/	/	3S-0	2015/2016-2020	Coupe/Convertible	/			2015-2020	Convertible/Coupe		success	
非皮卡	高度压缩两两组合	Alfa Romeo	GIULIA/GIULIA	GIULIA	/	/	3L	2017-2026/2020	Sedan/Sedan	/Quadrifoglio			2017-2026	Sedan	Incl: Quadrifoglio	success	
非皮卡	高度压缩两两组合	Audi	A4/A4	A4	/	/	2XL	2002-2003/2009-2012	Wagon/Wagon	/			2002-2012	Wagon		success	
非皮卡	高度压缩两两组合	Audi	A5/S5/A5/S5	A5/S5	/	/	3L-0	2008-2012/2010-2013	Coupe/Convertible	/			2008-2013	Convertible/Coupe		success	
非皮卡	高度压缩两两组合	Audi	A5/S5/A5/S5	A5/S5	/	/	3L-0	2008-2013/2019-2024	Convertible/Coupe/Convertible	/			2008-2024	Convertible/Coupe		success	
非皮卡	高度压缩两两组合	Audi	A5/S5/RS5/A5/S5/RS5	A5/S5/RS5	/	/	3L-0	2013-2017/2014-2017	Coupe/Convertible	/			2013-2017	Convertible/Coupe		success	
非皮卡	高度压缩两两组合	Audi	A6/A6	A6	/	/	2XL+	1998-2000/2006-2011	Wagon/Wagon	/			1998-2011	Wagon		success	
非皮卡	高度压缩两两组合	Audi	A6/A6	A6	/	/	3XL+	1998-2000/2026	Sedan/Sedan	/			1998-2026	Sedan		success	
非皮卡	高度压缩两两组合	Audi	A6/RS6	A6/RS6	/	/	2XL+	1998-2011/2021-2026	Wagon/Wagon	/Avant			1998-2026	Wagon	Incl: Avant	success	
非皮卡	高度压缩两两组合	Audi	A6/S6/A6/S6	A6/S6	/	/	3XL+	1995-1997/2005-2025	Sedan/Sedan	/			1995-2025	Sedan		success	
非皮卡	高度压缩两两组合	Audi	Q4 e-tron/Q4 e-tron	Q4 e-tron	/	/	YM+	2022-2026/2022-2026	SUV/SUV	/Sportback			2022-2026	SUV	Incl: Sportback	success	
非皮卡	高度压缩两两组合	Audi	Q5/SQ5/Q5/SQ5	Q5/SQ5	/	/	YL	2014-2026/2021-2024	SUV/SUV	/Sportback			2014-2026	SUV	Incl: Sportback	fallback	Audi Q5/SQ5 2026 SUV 原子事实对应多条候选记录
非皮卡	高度压缩两两组合	Audi	Q5/SQ5/Q5/SQ5	Q5/SQ5	/	/	YL	2014-2026/2026	SUV/SUV	/Sportback			2014-2026	SUV	Incl: Sportback	fallback	Audi Q5/SQ5 2021 SUV 原子事实对应多条候选记录
非皮卡	高度压缩两两组合	Audi	Q5/SQ5/Q5/SQ5	Q5/SQ5	/	/	YL	2021-2024/2026	SUV/SUV	Sportback/Sportback			2021-2026	SUV	Sportback	success	
非皮卡	高度压缩两两组合	Audi	Q5/SQ5/Q5/SQ5	Q5/SQ5	/	/	YL	2014-2026/2021-2026	SUV/SUV	/Sportback			2014-2026	SUV	Incl: Sportback	success	
非皮卡	高度压缩两两组合	Audi	Q6/SQ6 e-tron/Q6/SQ6 e-tron	Q6/SQ6 e-tron	/	/	YL	2025/2025	SUV/SUV	/Sportback			2025	SUV	Incl: Sportback	success	
非皮卡	高度压缩两两组合	Audi	Q7/Q7	Q7	/	/	YXL	2007-2015/2017-2019	SUV/SUV	/			2007-2019	SUV		success	
非皮卡	高度压缩两两组合	Audi	Q8 e-tron/SQ8 e-tron/Q8 e-tron/SQ8 e-tron	Q8 e-tron/SQ8 e-tron	/	/	YXL	2024-2025/2024-2025	SUV/SUV	/Sportback			2024-2025	SUV	Incl: Sportback	success	
非皮卡	高度压缩两两组合	Audi	R8/R8 GT/R8/R8 GT	R8/R8 GT	/	/	3M-0	2008-2015/2011-2015	Coupe/Convertible	/Spyder			2008-2015	Convertible/Coupe	Incl: Spyder	success	
非皮卡	高度压缩两两组合	Audi	R8/R8 GT/R8/R8 GT	R8/R8 GT	/	/	3M-0	2008-2015/2017-2023	Convertible/Coupe/Convertible	Incl: Spyder/Spyder			2008-2023	Convertible/Coupe	Incl: Spyder	fallback	Audi R8/R8 GT 2017 Coupe 原子事实对应多条候选记录
非皮卡	高度压缩两两组合	Audi	R8/R8 GT/R8/R8 GT	R8/R8 GT	/	/	3M-0	2008-2015/2017-2023	Convertible/Coupe/Coupe	Incl: Spyder/			2008-2023	Convertible/Coupe	Incl: Spyder	fallback	Audi R8/R8 GT 2017 Convertible 原子事实对应多条候选记录
非皮卡	高度压缩两两组合	Audi	R8/R8 GT/R8/R8 GT	R8/R8 GT	/	/	3M-0	2017-2023/2017-2023	Convertible/Coupe	Spyder/			2017-2023	Convertible/Coupe	Incl: Spyder	success	
非皮卡	高度压缩两两组合	Audi	R8/R8 GT/R8/R8 GT	R8/R8 GT	/	/	3M-0	2008-2015/2017-2023	Convertible/Coupe/Convertible/Coupe	Incl: Spyder/Incl: Spyder			2008-2023	Convertible/Coupe	Incl: Spyder	success	
非皮卡	高度压缩两两组合	Audi	TT/TTS/TT RS/TT/TTS/TT RS	TT/TTS/TT RS	/	/	3S-0	2000-2006/2001-2006	Coupe/Convertible	/			2000-2006	Convertible/Coupe		success	
非皮卡	高度压缩两两组合	Audi	TT/TTS/TT RS/TT/TTS/TT RS	TT/TTS/TT RS	/	/	3M-0	2008-2023/2008-2023	Convertible/Coupe	/			2008-2023	Convertible/Coupe		success	
非皮卡	高度压缩两两组合	Audi	e-tron/S e-tron/e-tron/S e-tron	e-tron/S e-tron	/	/	YXL	2019-2023/2020-2023	SUV/SUV	SUV/Sportback			2019-2023	SUV	Sportback/SUV	success	
非皮卡	高度压缩两两组合	BMW	1 Series/1 Series	1 Series	/	/	3M-0	2008-2013/2008-2013	Convertible/Coupe	/			2008-2013	Convertible/Coupe		success	
非皮卡	高度压缩两两组合	BMW	2 Series/2 Series	2 Series	/	/	3M-0	2014-2020/2015-2021	Coupe/Convertible	/			2014-2021	Convertible/Coupe		success	
非皮卡	高度压缩两两组合	BMW	3 Series/3 Series	3 Series	/	/	3M-0	1977-1983/1987-1991	Coupe/Convertible	/			1977-1991	Convertible/Coupe		success	
非皮卡	高度压缩两两组合	BMW	3 Series/3 Series	3 Series	/	/	3M-0	1977-1991/1992-2006	Convertible/Coupe/Coupe	/			1977-2006	Convertible/Coupe		fallback	BMW 3 Series 1994 Convertible 原子事实对应多条候选记录
非皮卡	高度压缩两两组合	BMW	3 Series/3 Series	3 Series	/	/	3M-0	1977-1991/1994-2006	Convertible/Coupe/Convertible	/			1977-2006	Convertible/Coupe		fallback	BMW 3 Series 1992 Coupe 原子事实对应多条候选记录
非皮卡	高度压缩两两组合	BMW	3 Series/3 Series	3 Series	/	/	3M-0	1992-2006/1994-2006	Coupe/Convertible	/			1992-2006	Convertible/Coupe		success	
非皮卡	高度压缩两两组合	BMW	3 Series/3 Series	3 Series	/	/	3M-0	1977-1991/1992-2006	Convertible/Coupe/Convertible/Coupe	/			1977-2006	Convertible/Coupe		success	
非皮卡	高度压缩两两组合	BMW	3 Series/3 Series	3 Series	/	/	2XL	2007-2012/2014-2019	Wagon/Hatchback	/GT			2007-2019	Hatchback/Wagon	Incl: GT	fallback	BMW 3 Series 2014 Wagon 原子事实对应多条候选记录
非皮卡	高度压缩两两组合	BMW	3 Series/3 Series	3 Series	/	/	2XL	2007-2012/2014-2019	Wagon/Wagon	/			2007-2019	Wagon		success	
非皮卡	高度压缩两两组合	BMW	3 Series/3 Series	3 Series	/	/	3L-0	2007-2013/2007-2013	Convertible/Coupe	/			2007-2013	Convertible/Coupe		success	
非皮卡	高度压缩两两组合	BMW	3 Series/3 Series	3 Series	/	/	2XL	2007-2019/2014-2019	Wagon/Hatchback	/GT			2007-2019	Hatchback/Wagon	Incl: GT	success	
非皮卡	高度压缩两两组合	BMW	4 Series/4 Series	4 Series	/	/	3L-0	2014-2020/2014-2020	Convertible/Coupe	/			2014-2020	Convertible/Coupe		success	
非皮卡	高度压缩两两组合	BMW	4 Series/4 Series	4 Series	/	/	3XL-0	2021-2026/2021-2026	Convertible/Coupe	M4/M4			2021-2026	Convertible/Coupe	M4	success	
非皮卡	高度压缩两两组合	BMW	5 Series/5 Series	5 Series	/	/	3XL	1989-1995/1997-2010	Sedan/Sedan	/			1989-2010	Sedan		success	
非皮卡	高度压缩两两组合	BMW	5 Series/5 Series	5 Series	/	/	2XL	1992-1995/1999-2003	Wagon/Wagon	/			1992-2003	Wagon		success	
非皮卡	高度压缩两两组合	BMW	5 Series/5 Series	5 Series	/	/	3XL+	2010-2016/2011-2026	Sedan/Sedan	GT/			2010-2026	Sedan	Incl: GT	fallback	BMW 5 Series 2010 Sedan 原子事实对应多条候选记录
非皮卡	高度压缩两两组合	BMW	5 Series/5 Series	5 Series	/	/	3XL+	2010-2016/2026	Sedan/Sedan	GT/M5			2010-2026	Sedan	GT/M5	success	
非皮卡	高度压缩两两组合	BMW	5 Series/5 Series	5 Series	/	/	3XL+	2010-2026/2011-2026	Sedan/Sedan	GT/M5/			2010-2026	Sedan	Incl: GT/M5	fallback	BMW 5 Series 2010 Sedan 原子事实对应多条候选记录
非皮卡	高度压缩两两组合	BMW	6 Series/6 Series	6 Series	/	/	3XL-0	1977-1989/2004-2010	Coupe/Convertible	/			1977-2010	Convertible/Coupe		fallback	BMW 6 Series 2004 Coupe 原子事实对应多条候选记录
非皮卡	高度压缩两两组合	BMW	6 Series/6 Series	6 Series	/	/	3XL-0	1977-1989/2004-2010	Coupe/Coupe	/			1977-2010	Coupe		success	
非皮卡	高度压缩两两组合	BMW	6 Series/6 Series	6 Series	/	/	3XL-0	1977-2010/2004-2010	Coupe/Convertible	/			1977-2010	Convertible/Coupe		success	
非皮卡	高度压缩两两组合	BMW	6 Series/6 Series	6 Series	/	/	3XL+0	2012-2019/2012-2019	Convertible/Coupe	/			2012-2019	Convertible/Coupe		success	
非皮卡	高度压缩两两组合	BMW	6 Series/6 Series	6 Series	/	/	2XXL-525	2018-2019/2018-2019	Hatchback/Hatchback	/GT			2018-2019	Hatchback	Incl: GT	success	
非皮卡	高度压缩两两组合	BMW	8 Series/8 Series	8 Series	/	/	3XL-0	1991-1997/2019-2026	Coupe/Convertible	/			1991-2026	Convertible/Coupe		fallback	BMW 8 Series 2019 Coupe 原子事实对应多条候选记录
非皮卡	高度压缩两两组合	BMW	8 Series/8 Series	8 Series	/	/	3XL-0	1991-1997/2019-2026	Coupe/Coupe	/			1991-2026	Coupe		success	
非皮卡	高度压缩两两组合	BMW	8 Series/8 Series	8 Series	/	/	3XL-0	1991-2026/2019-2026	Coupe/Convertible	/			1991-2026	Convertible/Coupe		success	
非皮卡	高度压缩两两组合	BMW	X1/X1	X1	/	/	YM+	2013-2026/2024-2026	SUV/SUV	/M35i			2013-2026	SUV	Incl: M35i	success	
非皮卡	高度压缩两两组合	BMW	X2/X2	X2	/	/	YM+	2018-2026/2024-2026	SUV/Crossover	/M35i			2018-2026	Crossover/SUV	Incl: M35i	success	
非皮卡	高度压缩两两组合	BMW	X7/X7	X7	/	/	YXXL	2019-2022/2023-2026	SUV/SUV	/M60i			2019-2026	SUV	Incl: M60i	success	
非皮卡	高度压缩两两组合	BMW	Z3/Z3	Z3	/	/	3S-0	1996-2002/1999-2002	Convertible/Coupe	/			1996-2002	Convertible/Coupe		success	
非皮卡	高度压缩两两组合	BMW	Z4/Z4	Z4	/	/	3M-0	2009-2016/2019-2026	Convertible/Convertible	/			2009-2026	Convertible		success	
非皮卡	高度压缩两两组合	BMW	i8/i8	i8	/	/	3L-0	2014-2020/2019-2020	Coupe/Convertible	/			2014-2020	Convertible/Coupe		success	
非皮卡	高度压缩两两组合	Buick	Century/Century	Century	/	/	无可用尺码	1954-1955/1958	Wagon/Wagon	/			1954-1958	Wagon		fallback	Buick Century 1956 Wagon 原子事实对应多条候选记录
非皮卡	高度压缩两两组合	Buick	Century/Century	Century	/	/	无可用尺码	1954-1955/1973-1977	Wagon/Wagon	/			1954-1977	Wagon		fallback	Buick Century 1956 Wagon 原子事实对应多条候选记录
非皮卡	高度压缩两两组合	Buick	Century/Century	Century	/	/	无可用尺码	1958/1973-1977	Wagon/Wagon	/			1958-1977	Wagon		success	
非皮卡	高度压缩两两组合	Buick	Century/Century	Century	/	/	无可用尺码	1954-1955/1958-1977	Wagon/Wagon	/			1954-1977	Wagon		fallback	Buick Century 1956 Wagon 原子事实对应多条候选记录
非皮卡	高度压缩两两组合	Buick	LeSabre/LeSabre	LeSabre	/	/	3XXXL	1959-1960/1961	Sedan/Sedan	/2dr			1959-1961	Sedan	Incl: 2dr	success	
非皮卡	高度压缩两两组合	Buick	LeSabre/LeSabre	LeSabre	/	/	无可用尺码	1959-1960/1963-1964	Wagon/Wagon	/			1959-1964	Wagon		success	
非皮卡	高度压缩两两组合	Buick	LeSabre/LeSabre	LeSabre	/	/	3XXXL	1959-1961/1961	Sedan/Sedan	Incl: 2dr/4dr Hardtop			1959-1961	Sedan	Incl: 2dr/4dr Hardtop	success	
非皮卡	高度压缩两两组合	Buick	LeSabre/LeSabre	LeSabre	/	/	3XXXL	1959-1961/1962	Sedan/Sedan	Incl: 2dr/4dr Hardtop/4dr			1959-1962	Sedan	Incl: 2dr/4dr/4dr Hardtop	success	
非皮卡	高度压缩两两组合	Buick	LeSabre/LeSabre	LeSabre	/	/	3XXXL	1959-1962/1963	Sedan/Sedan	Incl: 2dr/4dr/4dr Hardtop/			1959-1963	Sedan	Incl: 2dr/4dr/4dr Hardtop	success	
非皮卡	高度压缩两两组合	Buick	LeSabre/LeSabre	LeSabre	/	/	3XXXL	1959-1963/1965-1968	Sedan/Sedan	Incl: 2dr/4dr/4dr Hardtop/			1959-1968	Sedan	Incl: 2dr/4dr/4dr Hardtop	fallback	Buick LeSabre 1964 Sedan 原子事实对应多条候选记录
非皮卡	高度压缩两两组合	Buick	LeSabre/LeSabre	LeSabre	/	/	3XXXL	1959-1963/1980	Sedan/Sedan	Incl: 2dr/4dr/4dr Hardtop/			1959-1980	Sedan	Incl: 2dr/4dr/4dr Hardtop	fallback	Buick LeSabre 1964 Sedan 原子事实对应多条候选记录
非皮卡	高度压缩两两组合	Buick	LeSabre/LeSabre	LeSabre	/	/	3XXXL	1959-1963/1982-1985	Sedan/Sedan	Incl: 2dr/4dr/4dr Hardtop/			1959-1985	Sedan	Incl: 2dr/4dr/4dr Hardtop	fallback	Buick LeSabre 1964 Sedan 原子事实对应多条候选记录
非皮卡	高度压缩两两组合	Buick	LeSabre/LeSabre	LeSabre	/	/	3XXXL-0	1959-1963/1963	Convertible/Coupe	/			1959-1963	Convertible/Coupe		success	
非皮卡	高度压缩两两组合	Buick	LeSabre/LeSabre	LeSabre	/	/	3XXXL	1959-1963/1965-1968	Sedan/Sedan	Incl: 2dr/4dr/4dr Hardtop/			1959-1968	Sedan	Incl: 2dr/4dr/4dr Hardtop	fallback	Buick LeSabre 1964 Sedan 原子事实对应多条候选记录
非皮卡	高度压缩两两组合	Buick	LeSabre/LeSabre	LeSabre	/	/	3XXXL	1959-1963/1980	Sedan/Sedan	Incl: 2dr/4dr/4dr Hardtop/			1959-1980	Sedan	Incl: 2dr/4dr/4dr Hardtop	fallback	Buick LeSabre 1964 Sedan 原子事实对应多条候选记录
非皮卡	高度压缩两两组合	Buick	LeSabre/LeSabre	LeSabre	/	/	3XXXL	1959-1963/1982-1985	Sedan/Sedan	Incl: 2dr/4dr/4dr Hardtop/			1959-1985	Sedan	Incl: 2dr/4dr/4dr Hardtop	fallback	Buick LeSabre 1964 Sedan 原子事实对应多条候选记录
非皮卡	高度压缩两两组合	Buick	LeSabre/LeSabre	LeSabre	/	/	3XXXL-0	1959-1963/1965-1968	Convertible/Coupe/Convertible	/			1959-1968	Convertible/Coupe		fallback	Buick LeSabre 1964 Convertible 原子事实对应多条候选记录
非皮卡	高度压缩两两组合	Buick	LeSabre/LeSabre	LeSabre	/	/	3XXXL-0	1959-1963/1965-1968	Convertible/Coupe/Coupe	/			1959-1968	Convertible/Coupe		fallback	Buick LeSabre 1964 Convertible 原子事实对应多条候选记录
非皮卡	高度压缩两两组合	Buick	LeSabre/LeSabre	LeSabre	/	/	3XXXL-0	1959-1963/1980	Convertible/Coupe/Coupe	/			1959-1980	Convertible/Coupe		fallback	Buick LeSabre 1964 Convertible 原子事实对应多条候选记录
非皮卡	高度压缩两两组合	Buick	LeSabre/LeSabre	LeSabre	/	/	无可用尺码	1959-1964/1970-1985	Wagon/Wagon	/			1959-1985	Wagon		success	
非皮卡	高度压缩两两组合	Buick	LeSabre/LeSabre	LeSabre	/	/	3XXXL	1959-1963/1965-1968	Sedan/Sedan	Incl: 2dr/4dr/4dr Hardtop/			1959-1968	Sedan	Incl: 2dr/4dr/4dr Hardtop	fallback	Buick LeSabre 1964 Sedan 原子事实对应多条候选记录
非皮卡	高度压缩两两组合	Buick	LeSabre/LeSabre	LeSabre	/	/	3XXXL	1959-1963/1980	Sedan/Sedan	Incl: 2dr/4dr/4dr Hardtop/			1959-1980	Sedan	Incl: 2dr/4dr/4dr Hardtop	fallback	Buick LeSabre 1964 Sedan 原子事实对应多条候选记录
非皮卡	高度压缩两两组合	Buick	LeSabre/LeSabre	LeSabre	/	/	3XXXL	1959-1963/1982-1985	Sedan/Sedan	Incl: 2dr/4dr/4dr Hardtop/			1959-1985	Sedan	Incl: 2dr/4dr/4dr Hardtop	fallback	Buick LeSabre 1964 Sedan 原子事实对应多条候选记录
非皮卡	高度压缩两两组合	Buick	LeSabre/LeSabre	LeSabre	/	/	3XXXL-0	1959-1963/1965-1968	Convertible/Coupe/Convertible	/			1959-1968	Convertible/Coupe		fallback	Buick LeSabre 1964 Convertible 原子事实对应多条候选记录
非皮卡	高度压缩两两组合	Buick	LeSabre/LeSabre	LeSabre	/	/	3XXXL-0	1959-1963/1965-1968	Convertible/Coupe/Coupe	/			1959-1968	Convertible/Coupe		fallback	Buick LeSabre 1964 Convertible 原子事实对应多条候选记录
非皮卡	高度压缩两两组合	Buick	LeSabre/LeSabre	LeSabre	/	/	3XXXL-0	1959-1963/1980	Convertible/Coupe/Coupe	/			1959-1980	Convertible/Coupe		fallback	Buick LeSabre 1964 Convertible 原子事实对应多条候选记录
非皮卡	高度压缩两两组合	Buick	LeSabre/LeSabre	LeSabre	/	/	3XXXXL-0	1964/1964	Convertible/Coupe	/			1964	Convertible/Coupe		success	
非皮卡	高度压缩两两组合	Buick	LeSabre/LeSabre	LeSabre	/	/	3XXXL	1959-1963/1965-1968	Sedan/Sedan	Incl: 2dr/4dr/4dr Hardtop/			1959-1968	Sedan	Incl: 2dr/4dr/4dr Hardtop	fallback	Buick LeSabre 1964 Sedan 原子事实对应多条候选记录
非皮卡	高度压缩两两组合	Buick	LeSabre/LeSabre	LeSabre	/	/	3XXXL	1959-1963/1980	Sedan/Sedan	Incl: 2dr/4dr/4dr Hardtop/			1959-1980	Sedan	Incl: 2dr/4dr/4dr Hardtop	fallback	Buick LeSabre 1964 Sedan 原子事实对应多条候选记录
非皮卡	高度压缩两两组合	Buick	LeSabre/LeSabre	LeSabre	/	/	3XXXL	1959-1963/1982-1985	Sedan/Sedan	Incl: 2dr/4dr/4dr Hardtop/			1959-1985	Sedan	Incl: 2dr/4dr/4dr Hardtop	fallback	Buick LeSabre 1964 Sedan 原子事实对应多条候选记录
非皮卡	高度压缩两两组合	Buick	LeSabre/LeSabre	LeSabre	/	/	3XXXL-0	1959-1963/1965-1968	Convertible/Coupe/Convertible	/			1959-1968	Convertible/Coupe		fallback	Buick LeSabre 1964 Convertible 原子事实对应多条候选记录
非皮卡	高度压缩两两组合	Buick	LeSabre/LeSabre	LeSabre	/	/	3XXXL-0	1959-1963/1965-1968	Convertible/Coupe/Coupe	/			1959-1968	Convertible/Coupe		fallback	Buick LeSabre 1964 Convertible 原子事实对应多条候选记录
非皮卡	高度压缩两两组合	Buick	LeSabre/LeSabre	LeSabre	/	/	3XXXL-0	1959-1963/1980	Convertible/Coupe/Coupe	/			1959-1980	Convertible/Coupe		fallback	Buick LeSabre 1964 Convertible 原子事实对应多条候选记录
非皮卡	高度压缩两两组合	Buick	LeSabre/LeSabre	LeSabre	/	/	3XXXXL-0	1964/1964	Convertible/Coupe/Sedan	/			1964	Convertible/Coupe/Sedan		success	
非皮卡	高度压缩两两组合	Buick	LeSabre/LeSabre	LeSabre	/	/	3XXXL	1959-1963/1965-1968	Sedan/Sedan	Incl: 2dr/4dr/4dr Hardtop/			1959-1968	Sedan	Incl: 2dr/4dr/4dr Hardtop	fallback	Buick LeSabre 1964 Sedan 原子事实对应多条候选记录
非皮卡	高度压缩两两组合	Buick	LeSabre/LeSabre	LeSabre	/	/	3XXXL	1959-1963/1980	Sedan/Sedan	Incl: 2dr/4dr/4dr Hardtop/			1959-1980	Sedan	Incl: 2dr/4dr/4dr Hardtop	fallback	Buick LeSabre 1964 Sedan 原子事实对应多条候选记录
非皮卡	高度压缩两两组合	Buick	LeSabre/LeSabre	LeSabre	/	/	3XXXL	1959-1963/1982-1985	Sedan/Sedan	Incl: 2dr/4dr/4dr Hardtop/			1959-1985	Sedan	Incl: 2dr/4dr/4dr Hardtop	fallback	Buick LeSabre 1964 Sedan 原子事实对应多条候选记录
非皮卡	高度压缩两两组合	Buick	LeSabre/LeSabre	LeSabre	/	/	3XXXL-0	1959-1963/1965-1968	Convertible/Coupe/Convertible	/			1959-1968	Convertible/Coupe		fallback	Buick LeSabre 1964 Convertible 原子事实对应多条候选记录
非皮卡	高度压缩两两组合	Buick	LeSabre/LeSabre	LeSabre	/	/	3XXXL-0	1959-1963/1965-1968	Convertible/Coupe/Coupe	/			1959-1968	Convertible/Coupe		fallback	Buick LeSabre 1964 Convertible 原子事实对应多条候选记录
非皮卡	高度压缩两两组合	Buick	LeSabre/LeSabre	LeSabre	/	/	3XXXL-0	1959-1963/1980	Convertible/Coupe/Coupe	/			1959-1980	Convertible/Coupe		fallback	Buick LeSabre 1964 Convertible 原子事实对应多条候选记录
非皮卡	高度压缩两两组合	Buick	LeSabre/LeSabre	LeSabre	/	/	3XXXXL-0	1964/1969-1972	Convertible/Coupe/Sedan/Convertible	/			1964-1972	Convertible/Coupe/Sedan		fallback	Buick LeSabre 1965 Sedan 原子事实对应多条候选记录
非皮卡	高度压缩两两组合	Buick	LeSabre/LeSabre	LeSabre	/	/	3XXXXL-0	1964/1969-1979	Convertible/Coupe/Sedan/Coupe	/			1964-1979	Convertible/Coupe/Sedan		fallback	Buick LeSabre 1965 Sedan 原子事实对应多条候选记录
非皮卡	高度压缩两两组合	Buick	LeSabre/LeSabre	LeSabre	/	/	3XXXXL-0	1964/1969-1979	Convertible/Coupe/Sedan/Sedan	/			1964-1979	Convertible/Coupe/Sedan		fallback	Buick LeSabre 1965 Sedan 原子事实对应多条候选记录
非皮卡	高度压缩两两组合	Buick	LeSabre/LeSabre	LeSabre	/	/	3XXXXL-0	1964/1975	Convertible/Coupe/Sedan/Convertible	/			1964-1975	Convertible/Coupe/Sedan		fallback	Buick LeSabre 1965 Sedan 原子事实对应多条候选记录
非皮卡	高度压缩两两组合	Buick	LeSabre/LeSabre	LeSabre	/	/	3XXXXL-0	1964/1981	Convertible/Coupe/Sedan/Sedan	/			1964-1981	Convertible/Coupe/Sedan		fallback	Buick LeSabre 1965 Sedan 原子事实对应多条候选记录
非皮卡	高度压缩两两组合	Buick	LeSabre/LeSabre	LeSabre	/	/	3XXXXL-0	1964/1981-1985	Convertible/Coupe/Sedan/Coupe	/			1964-1985	Convertible/Coupe/Sedan		fallback	Buick LeSabre 1965 Sedan 原子事实对应多条候选记录
非皮卡	高度压缩两两组合	Buick	LeSabre/LeSabre	LeSabre	/	/	3XXXL	1965-1968/1980	Sedan/Sedan	/			1965-1980	Sedan		fallback	Buick LeSabre 1969 Sedan 原子事实对应多条候选记录
非皮卡	高度压缩两两组合	Buick	LeSabre/LeSabre	LeSabre	/	/	3XXXL	1965-1968/1982-1985	Sedan/Sedan	/			1965-1985	Sedan		fallback	Buick LeSabre 1969 Sedan 原子事实对应多条候选记录
非皮卡	高度压缩两两组合	Buick	LeSabre/LeSabre	LeSabre	/	/	3XXXL-0	1965-1968/1965-1968	Convertible/Coupe	/			1965-1968	Convertible/Coupe		success	
非皮卡	高度压缩两两组合	Buick	LeSabre/LeSabre	LeSabre	/	/	3XXXL	1959-1963/1965-1968	Sedan/Sedan	Incl: 2dr/4dr/4dr Hardtop/			1959-1968	Sedan	Incl: 2dr/4dr/4dr Hardtop	fallback	Buick LeSabre 1964 Sedan 原子事实对应多条候选记录
非皮卡	高度压缩两两组合	Buick	LeSabre/LeSabre	LeSabre	/	/	3XXXL	1959-1963/1980	Sedan/Sedan	Incl: 2dr/4dr/4dr Hardtop/			1959-1980	Sedan	Incl: 2dr/4dr/4dr Hardtop	fallback	Buick LeSabre 1964 Sedan 原子事实对应多条候选记录
非皮卡	高度压缩两两组合	Buick	LeSabre/LeSabre	LeSabre	/	/	3XXXL	1959-1963/1982-1985	Sedan/Sedan	Incl: 2dr/4dr/4dr Hardtop/			1959-1985	Sedan	Incl: 2dr/4dr/4dr Hardtop	fallback	Buick LeSabre 1964 Sedan 原子事实对应多条候选记录
非皮卡	高度压缩两两组合	Buick	LeSabre/LeSabre	LeSabre	/	/	3XXXL-0	1959-1963/1965-1968	Convertible/Coupe/Convertible/Coupe	/			1959-1968	Convertible/Coupe		fallback	Buick LeSabre 1964 Convertible 原子事实对应多条候选记录
非皮卡	高度压缩两两组合	Buick	LeSabre/LeSabre	LeSabre	/	/	3XXXL-0	1959-1963/1980	Convertible/Coupe/Coupe	/			1959-1980	Convertible/Coupe		fallback	Buick LeSabre 1964 Convertible 原子事实对应多条候选记录
非皮卡	高度压缩两两组合	Buick	LeSabre/LeSabre	LeSabre	/	/	3XXXXL-0	1964/1969-1972	Convertible/Coupe/Sedan/Convertible	/			1964-1972	Convertible/Coupe/Sedan		fallback	Buick LeSabre 1965 Sedan 原子事实对应多条候选记录
非皮卡	高度压缩两两组合	Buick	LeSabre/LeSabre	LeSabre	/	/	3XXXXL-0	1964/1969-1979	Convertible/Coupe/Sedan/Coupe	/			1964-1979	Convertible/Coupe/Sedan		fallback	Buick LeSabre 1965 Sedan 原子事实对应多条候选记录
非皮卡	高度压缩两两组合	Buick	LeSabre/LeSabre	LeSabre	/	/	3XXXXL-0	1964/1969-1979	Convertible/Coupe/Sedan/Sedan	/			1964-1979	Convertible/Coupe/Sedan		fallback	Buick LeSabre 1965 Sedan 原子事实对应多条候选记录
非皮卡	高度压缩两两组合	Buick	LeSabre/LeSabre	LeSabre	/	/	3XXXXL-0	1964/1975	Convertible/Coupe/Sedan/Convertible	/			1964-1975	Convertible/Coupe/Sedan		fallback	Buick LeSabre 1965 Sedan 原子事实对应多条候选记录
非皮卡	高度压缩两两组合	Buick	LeSabre/LeSabre	LeSabre	/	/	3XXXXL-0	1964/1981	Convertible/Coupe/Sedan/Sedan	/			1964-1981	Convertible/Coupe/Sedan		fallback	Buick LeSabre 1965 Sedan 原子事实对应多条候选记录
非皮卡	高度压缩两两组合	Buick	LeSabre/LeSabre	LeSabre	/	/	3XXXXL-0	1964/1981-1985	Convertible/Coupe/Sedan/Coupe	/			1964-1985	Convertible/Coupe/Sedan		fallback	Buick LeSabre 1965 Sedan 原子事实对应多条候选记录
非皮卡	高度压缩两两组合	Buick	LeSabre/LeSabre	LeSabre	/	/	3XXXL	1965-1968/1980	Sedan/Sedan	/			1965-1980	Sedan		fallback	Buick LeSabre 1969 Sedan 原子事实对应多条候选记录
非皮卡	高度压缩两两组合	Buick	LeSabre/LeSabre	LeSabre	/	/	3XXXL	1965-1968/1982-1985	Sedan/Sedan	/			1965-1985	Sedan		fallback	Buick LeSabre 1969 Sedan 原子事实对应多条候选记录
非皮卡	高度压缩两两组合	Buick	LeSabre/LeSabre	LeSabre	/	/	3XXXL-0	1965-1968/1980	Convertible/Coupe/Coupe	/			1965-1980	Convertible/Coupe		fallback	Buick LeSabre 1969 Convertible 原子事实对应多条候选记录
非皮卡	高度压缩两两组合	Buick	LeSabre/LeSabre	LeSabre	/	/	3XXXXL-0	1969-1972/1969-1979	Convertible/Coupe	/			1969-1979	Convertible/Coupe		fallback	Buick LeSabre 1975 Convertible 原子事实对应多条候选记录
非皮卡	高度压缩两两组合	Buick	LeSabre/LeSabre	LeSabre	/	/	3XXXXL-0	1969-1972/1969-1979	Convertible/Sedan	/			1969-1979	Convertible/Sedan		fallback	Buick LeSabre 1975 Convertible 原子事实对应多条候选记录
非皮卡	高度压缩两两组合	Buick	LeSabre/LeSabre	LeSabre	/	/	3XXXXL-0	1969-1972/1975	Convertible/Convertible	/			1969-1975	Convertible		success	
非皮卡	高度压缩两两组合	Buick	LeSabre/LeSabre	LeSabre	/	/	3XXXL	1959-1963/1965-1968	Sedan/Sedan	Incl: 2dr/4dr/4dr Hardtop/			1959-1968	Sedan	Incl: 2dr/4dr/4dr Hardtop	fallback	Buick LeSabre 1964 Sedan 原子事实对应多条候选记录
非皮卡	高度压缩两两组合	Buick	LeSabre/LeSabre	LeSabre	/	/	3XXXL	1959-1963/1980	Sedan/Sedan	Incl: 2dr/4dr/4dr Hardtop/			1959-1980	Sedan	Incl: 2dr/4dr/4dr Hardtop	fallback	Buick LeSabre 1964 Sedan 原子事实对应多条候选记录
非皮卡	高度压缩两两组合	Buick	LeSabre/LeSabre	LeSabre	/	/	3XXXL	1959-1963/1982-1985	Sedan/Sedan	Incl: 2dr/4dr/4dr Hardtop/			1959-1985	Sedan	Incl: 2dr/4dr/4dr Hardtop	fallback	Buick LeSabre 1964 Sedan 原子事实对应多条候选记录
非皮卡	高度压缩两两组合	Buick	LeSabre/LeSabre	LeSabre	/	/	3XXXL-0	1959-1963/1965-1968	Convertible/Coupe/Convertible/Coupe	/			1959-1968	Convertible/Coupe		fallback	Buick LeSabre 1964 Convertible 原子事实对应多条候选记录
非皮卡	高度压缩两两组合	Buick	LeSabre/LeSabre	LeSabre	/	/	3XXXL-0	1959-1963/1980	Convertible/Coupe/Coupe	/			1959-1980	Convertible/Coupe		fallback	Buick LeSabre 1964 Convertible 原子事实对应多条候选记录
非皮卡	高度压缩两两组合	Buick	LeSabre/LeSabre	LeSabre	/	/	3XXXXL-0	1964/1969-1975	Convertible/Coupe/Sedan/Convertible	/			1964-1975	Convertible/Coupe/Sedan		fallback	Buick LeSabre 1965 Sedan 原子事实对应多条候选记录
非皮卡	高度压缩两两组合	Buick	LeSabre/LeSabre	LeSabre	/	/	3XXXXL-0	1964/1969-1979	Convertible/Coupe/Sedan/Coupe	/			1964-1979	Convertible/Coupe/Sedan		fallback	Buick LeSabre 1965 Sedan 原子事实对应多条候选记录
非皮卡	高度压缩两两组合	Buick	LeSabre/LeSabre	LeSabre	/	/	3XXXXL-0	1964/1969-1979	Convertible/Coupe/Sedan/Sedan	/			1964-1979	Convertible/Coupe/Sedan		fallback	Buick LeSabre 1965 Sedan 原子事实对应多条候选记录
非皮卡	高度压缩两两组合	Buick	LeSabre/LeSabre	LeSabre	/	/	3XXXXL-0	1964/1981	Convertible/Coupe/Sedan/Sedan	/			1964-1981	Convertible/Coupe/Sedan		fallback	Buick LeSabre 1965 Sedan 原子事实对应多条候选记录
非皮卡	高度压缩两两组合	Buick	LeSabre/LeSabre	LeSabre	/	/	3XXXXL-0	1964/1981-1985	Convertible/Coupe/Sedan/Coupe	/			1964-1985	Convertible/Coupe/Sedan		fallback	Buick LeSabre 1965 Sedan 原子事实对应多条候选记录
非皮卡	高度压缩两两组合	Buick	LeSabre/LeSabre	LeSabre	/	/	3XXXL	1965-1968/1980	Sedan/Sedan	/			1965-1980	Sedan		fallback	Buick LeSabre 1969 Sedan 原子事实对应多条候选记录
非皮卡	高度压缩两两组合	Buick	LeSabre/LeSabre	LeSabre	/	/	3XXXL	1965-1968/1982-1985	Sedan/Sedan	/			1965-1985	Sedan		fallback	Buick LeSabre 1969 Sedan 原子事实对应多条候选记录
非皮卡	高度压缩两两组合	Buick	LeSabre/LeSabre	LeSabre	/	/	3XXXL-0	1965-1968/1980	Convertible/Coupe/Coupe	/			1965-1980	Convertible/Coupe		fallback	Buick LeSabre 1969 Convertible 原子事实对应多条候选记录
非皮卡	高度压缩两两组合	Buick	LeSabre/LeSabre	LeSabre	/	/	3XXXXL-0	1969-1975/1969-1979	Convertible/Coupe	/			1969-1979	Convertible/Coupe		success	
非皮卡	高度压缩两两组合	Buick	LeSabre/LeSabre	LeSabre	/	/	3XXXL	1959-1963/1965-1968	Sedan/Sedan	Incl: 2dr/4dr/4dr Hardtop/			1959-1968	Sedan	Incl: 2dr/4dr/4dr Hardtop	fallback	Buick LeSabre 1964 Sedan 原子事实对应多条候选记录
非皮卡	高度压缩两两组合	Buick	LeSabre/LeSabre	LeSabre	/	/	3XXXL	1959-1963/1980	Sedan/Sedan	Incl: 2dr/4dr/4dr Hardtop/			1959-1980	Sedan	Incl: 2dr/4dr/4dr Hardtop	fallback	Buick LeSabre 1964 Sedan 原子事实对应多条候选记录
非皮卡	高度压缩两两组合	Buick	LeSabre/LeSabre	LeSabre	/	/	3XXXL	1959-1963/1982-1985	Sedan/Sedan	Incl: 2dr/4dr/4dr Hardtop/			1959-1985	Sedan	Incl: 2dr/4dr/4dr Hardtop	fallback	Buick LeSabre 1964 Sedan 原子事实对应多条候选记录
非皮卡	高度压缩两两组合	Buick	LeSabre/LeSabre	LeSabre	/	/	3XXXL-0	1959-1963/1965-1968	Convertible/Coupe/Convertible/Coupe	/			1959-1968	Convertible/Coupe		fallback	Buick LeSabre 1964 Convertible 原子事实对应多条候选记录
非皮卡	高度压缩两两组合	Buick	LeSabre/LeSabre	LeSabre	/	/	3XXXL-0	1959-1963/1980	Convertible/Coupe/Coupe	/			1959-1980	Convertible/Coupe		fallback	Buick LeSabre 1964 Convertible 原子事实对应多条候选记录
非皮卡	高度压缩两两组合	Buick	LeSabre/LeSabre	LeSabre	/	/	3XXXXL-0	1964/1969-1979	Convertible/Coupe/Sedan/Convertible/Coupe	/			1964-1979	Convertible/Coupe/Sedan		fallback	Buick LeSabre 1965 Sedan 原子事实对应多条候选记录
非皮卡	高度压缩两两组合	Buick	LeSabre/LeSabre	LeSabre	/	/	3XXXXL-0	1964/1969-1979	Convertible/Coupe/Sedan/Sedan	/			1964-1979	Convertible/Coupe/Sedan		fallback	Buick LeSabre 1965 Sedan 原子事实对应多条候选记录
非皮卡	高度压缩两两组合	Buick	LeSabre/LeSabre	LeSabre	/	/	3XXXXL-0	1964/1981	Convertible/Coupe/Sedan/Sedan	/			1964-1981	Convertible/Coupe/Sedan		fallback	Buick LeSabre 1965 Sedan 原子事实对应多条候选记录
非皮卡	高度压缩两两组合	Buick	LeSabre/LeSabre	LeSabre	/	/	3XXXXL-0	1964/1981-1985	Convertible/Coupe/Sedan/Coupe	/			1964-1985	Convertible/Coupe/Sedan		fallback	Buick LeSabre 1965 Sedan 原子事实对应多条候选记录
非皮卡	高度压缩两两组合	Buick	LeSabre/LeSabre	LeSabre	/	/	3XXXL	1965-1968/1980	Sedan/Sedan	/			1965-1980	Sedan		fallback	Buick LeSabre 1969 Sedan 原子事实对应多条候选记录
非皮卡	高度压缩两两组合	Buick	LeSabre/LeSabre	LeSabre	/	/	3XXXL	1965-1968/1982-1985	Sedan/Sedan	/			1965-1985	Sedan		fallback	Buick LeSabre 1969 Sedan 原子事实对应多条候选记录
非皮卡	高度压缩两两组合	Buick	LeSabre/LeSabre	LeSabre	/	/	3XXXL-0	1965-1968/1980	Convertible/Coupe/Coupe	/			1965-1980	Convertible/Coupe		fallback	Buick LeSabre 1969 Convertible 原子事实对应多条候选记录
非皮卡	高度压缩两两组合	Buick	LeSabre/LeSabre	LeSabre	/	/	3XXXXL-0	1969-1979/1969-1979	Convertible/Coupe/Sedan	/			1969-1979	Convertible/Coupe/Sedan		success	
非皮卡	高度压缩两两组合	Buick	LeSabre/LeSabre	LeSabre	/	/	3XXXL	1959-1963/1965-1968	Sedan/Sedan	Incl: 2dr/4dr/4dr Hardtop/			1959-1968	Sedan	Incl: 2dr/4dr/4dr Hardtop	fallback	Buick LeSabre 1964 Sedan 原子事实对应多条候选记录
非皮卡	高度压缩两两组合	Buick	LeSabre/LeSabre	LeSabre	/	/	3XXXL	1959-1963/1980	Sedan/Sedan	Incl: 2dr/4dr/4dr Hardtop/			1959-1980	Sedan	Incl: 2dr/4dr/4dr Hardtop	fallback	Buick LeSabre 1964 Sedan 原子事实对应多条候选记录
非皮卡	高度压缩两两组合	Buick	LeSabre/LeSabre	LeSabre	/	/	3XXXL	1959-1963/1982-1985	Sedan/Sedan	Incl: 2dr/4dr/4dr Hardtop/			1959-1985	Sedan	Incl: 2dr/4dr/4dr Hardtop	fallback	Buick LeSabre 1964 Sedan 原子事实对应多条候选记录
非皮卡	高度压缩两两组合	Buick	LeSabre/LeSabre	LeSabre	/	/	3XXXL-0	1959-1963/1965-1968	Convertible/Coupe/Convertible/Coupe	/			1959-1968	Convertible/Coupe		fallback	Buick LeSabre 1964 Convertible 原子事实对应多条候选记录
非皮卡	高度压缩两两组合	Buick	LeSabre/LeSabre	LeSabre	/	/	3XXXL-0	1959-1963/1980	Convertible/Coupe/Coupe	/			1959-1980	Convertible/Coupe		fallback	Buick LeSabre 1964 Convertible 原子事实对应多条候选记录
非皮卡	高度压缩两两组合	Buick	LeSabre/LeSabre	LeSabre	/	/	3XXXXL-0	1964/1969-1979	Convertible/Coupe/Sedan/Convertible/Coupe/Sedan	/			1964-1979	Convertible/Coupe/Sedan		fallback	Buick LeSabre 1965 Sedan 原子事实对应多条候选记录
非皮卡	高度压缩两两组合	Buick	LeSabre/LeSabre	LeSabre	/	/	3XXXXL-0	1964/1981	Convertible/Coupe/Sedan/Sedan	/			1964-1981	Convertible/Coupe/Sedan		fallback	Buick LeSabre 1965 Sedan 原子事实对应多条候选记录
非皮卡	高度压缩两两组合	Buick	LeSabre/LeSabre	LeSabre	/	/	3XXXXL-0	1964/1981-1985	Convertible/Coupe/Sedan/Coupe	/			1964-1985	Convertible/Coupe/Sedan		fallback	Buick LeSabre 1965 Sedan 原子事实对应多条候选记录
非皮卡	高度压缩两两组合	Buick	LeSabre/LeSabre	LeSabre	/	/	3XXXL	1965-1968/1980	Sedan/Sedan	/			1965-1980	Sedan		fallback	Buick LeSabre 1969 Sedan 原子事实对应多条候选记录
非皮卡	高度压缩两两组合	Buick	LeSabre/LeSabre	LeSabre	/	/	3XXXL	1965-1968/1982-1985	Sedan/Sedan	/			1965-1985	Sedan		fallback	Buick LeSabre 1969 Sedan 原子事实对应多条候选记录
非皮卡	高度压缩两两组合	Buick	LeSabre/LeSabre	LeSabre	/	/	3XXXL-0	1965-1968/1980	Convertible/Coupe/Coupe	/			1965-1980	Convertible/Coupe		fallback	Buick LeSabre 1969 Convertible 原子事实对应多条候选记录
非皮卡	高度压缩两两组合	Buick	LeSabre/LeSabre	LeSabre	/	/	3XXXXL-0	1969-1979/1981	Convertible/Coupe/Sedan/Sedan	/			1969-1981	Convertible/Coupe/Sedan		fallback	Buick LeSabre 1980 Sedan 原子事实对应多条候选记录
非皮卡	高度压缩两两组合	Buick	LeSabre/LeSabre	LeSabre	/	/	3XXXXL-0	1969-1979/1981-1985	Convertible/Coupe/Sedan/Coupe	/			1969-1985	Convertible/Coupe/Sedan		fallback	Buick LeSabre 1980 Sedan 原子事实对应多条候选记录
非皮卡	高度压缩两两组合	Buick	LeSabre/LeSabre	LeSabre	/	/	3XXXL	1980/1982-1985	Sedan/Sedan	/			1980-1985	Sedan		fallback	Buick LeSabre 1981 Sedan 原子事实对应多条候选记录
非皮卡	高度压缩两两组合	Buick	LeSabre/LeSabre	LeSabre	/	/	3XXXXL-0	1981/1981-1985	Sedan/Coupe	/			1981-1985	Coupe/Sedan		fallback	Buick LeSabre 1982 Sedan 原子事实对应多条候选记录
非皮卡	高度压缩两两组合	Buick	Reatta/Reatta	Reatta	/	/	3L-0	1988-1991/1990-1991	Coupe/Convertible	/			1988-1991	Convertible/Coupe		success	
非皮卡	高度压缩两两组合	Buick	Regal/Regal	Regal	/	/	3XL+	1991-2004/2018-2020	Sedan/Liftback	/			1991-2020	Liftback/Sedan		fallback	Buick Regal 2011 Sedan 原子事实对应多条候选记录
非皮卡	高度压缩两两组合	Buick	Riviera/Riviera	Riviera	/	/	3XXL-0	1963-1965/1979-1985	Coupe/Coupe	/			1963-1985	Coupe		fallback	Buick Riviera 1966 Coupe 原子事实对应多条候选记录
非皮卡	高度压缩两两组合	Buick	Riviera/Riviera	Riviera	/	/	3XXL-0	1963-1965/1996-1999	Coupe/Coupe	/			1963-1999	Coupe		fallback	Buick Riviera 1966 Coupe 原子事实对应多条候选记录
非皮卡	高度压缩两两组合	Buick	Riviera/Riviera	Riviera	/	/	3XXL-0	1979-1985/1996-1999	Coupe/Coupe	/			1979-1999	Coupe		fallback	Buick Riviera 1986 Coupe 原子事实对应多条候选记录
非皮卡	高度压缩两两组合	Buick	Roadmaster/Roadmaster	Roadmaster	/	/	3XXXL	1936-1942/1946-1952	Sedan/Sedan	/			1936-1952	Sedan		success	
非皮卡	高度压缩两两组合	Buick	Roadmaster/Roadmaster	Roadmaster	/	/	3XXXL-0	1936-1942/1940-1942	Coupe/Convertible	/			1936-1942	Convertible/Coupe		success	
非皮卡	高度压缩两两组合	Buick	Roadmaster/Roadmaster	Roadmaster	/	/	3XXXL-0	1936-1942/1946-1948	Convertible/Coupe/Convertible	/			1936-1948	Convertible/Coupe		fallback	Buick Roadmaster 1946 Coupe 原子事实对应多条候选记录
非皮卡	高度压缩两两组合	Buick	Roadmaster/Roadmaster	Roadmaster	/	/	3XXXL-0	1936-1942/1946-1952	Convertible/Coupe/Coupe	/			1936-1952	Convertible/Coupe		fallback	Buick Roadmaster 1946 Convertible 原子事实对应多条候选记录
非皮卡	高度压缩两两组合	Buick	Roadmaster/Roadmaster	Roadmaster	/	/	3XXXL-0	1936-1942/1951-1952	Convertible/Coupe/Convertible	/			1936-1952	Convertible/Coupe		fallback	Buick Roadmaster 1946 Convertible 原子事实对应多条候选记录
非皮卡	高度压缩两两组合	Buick	Roadmaster/Roadmaster	Roadmaster	/	/	3XXXL-0	1936-1942/1954-1957	Convertible/Coupe/Convertible	/			1936-1957	Convertible/Coupe		fallback	Buick Roadmaster 1946 Convertible 原子事实对应多条候选记录
非皮卡	高度压缩两两组合	Buick	Roadmaster/Roadmaster	Roadmaster	/	/	3XXXL-0	1936-1942/1954-1957	Convertible/Coupe/Coupe	/			1936-1957	Convertible/Coupe		fallback	Buick Roadmaster 1946 Convertible 原子事实对应多条候选记录
非皮卡	高度压缩两两组合	Buick	Roadmaster/Roadmaster	Roadmaster	/	/	3XXXL	1936-1952/1954-1957	Sedan/Sedan	/			1936-1957	Sedan		fallback	Buick Roadmaster 1953 Sedan 原子事实对应多条候选记录
非皮卡	高度压缩两两组合	Buick	Roadmaster/Roadmaster	Roadmaster	/	/	3XXXL	1936-1952/1992-1996	Sedan/Sedan	/			1936-1996	Sedan		fallback	Buick Roadmaster 1953 Sedan 原子事实对应多条候选记录
非皮卡	高度压缩两两组合	Buick	Roadmaster/Roadmaster	Roadmaster	/	/	3XXXL-0	1946-1948/1946-1952	Convertible/Coupe	/			1946-1952	Convertible/Coupe		fallback	Buick Roadmaster 1951 Convertible 原子事实对应多条候选记录
非皮卡	高度压缩两两组合	Buick	Roadmaster/Roadmaster	Roadmaster	/	/	3XXXL-0	1946-1948/1951-1952	Convertible/Convertible	/			1946-1952	Convertible		success	
非皮卡	高度压缩两两组合	Buick	Roadmaster/Roadmaster	Roadmaster	/	/	3XXXL-0	1936-1942/1946-1952	Convertible/Coupe/Convertible	/			1936-1952	Convertible/Coupe		fallback	Buick Roadmaster 1946 Coupe 原子事实对应多条候选记录
非皮卡	高度压缩两两组合	Buick	Roadmaster/Roadmaster	Roadmaster	/	/	3XXXL-0	1936-1942/1946-1952	Convertible/Coupe/Coupe	/			1936-1952	Convertible/Coupe		fallback	Buick Roadmaster 1946 Convertible 原子事实对应多条候选记录
非皮卡	高度压缩两两组合	Buick	Roadmaster/Roadmaster	Roadmaster	/	/	3XXXL-0	1936-1942/1954-1957	Convertible/Coupe/Convertible	/			1936-1957	Convertible/Coupe		fallback	Buick Roadmaster 1946 Convertible 原子事实对应多条候选记录
非皮卡	高度压缩两两组合	Buick	Roadmaster/Roadmaster	Roadmaster	/	/	3XXXL-0	1936-1942/1954-1957	Convertible/Coupe/Coupe	/			1936-1957	Convertible/Coupe		fallback	Buick Roadmaster 1946 Convertible 原子事实对应多条候选记录
非皮卡	高度压缩两两组合	Buick	Roadmaster/Roadmaster	Roadmaster	/	/	3XXXL	1936-1952/1954-1957	Sedan/Sedan	/			1936-1957	Sedan		fallback	Buick Roadmaster 1953 Sedan 原子事实对应多条候选记录
非皮卡	高度压缩两两组合	Buick	Roadmaster/Roadmaster	Roadmaster	/	/	3XXXL	1936-1952/1992-1996	Sedan/Sedan	/			1936-1996	Sedan		fallback	Buick Roadmaster 1953 Sedan 原子事实对应多条候选记录
非皮卡	高度压缩两两组合	Buick	Roadmaster/Roadmaster	Roadmaster	/	/	3XXXL-0	1946-1952/1946-1952	Convertible/Coupe	/			1946-1952	Convertible/Coupe		success	
非皮卡	高度压缩两两组合	Buick	Roadmaster/Roadmaster	Roadmaster	/	/	3XXXL-0	1936-1942/1946-1952	Convertible/Coupe/Convertible/Coupe	/			1936-1952	Convertible/Coupe		success	
非皮卡	高度压缩两两组合	Buick	Roadmaster/Roadmaster	Roadmaster	/	/	3XXXL	1936-1952/1954-1957	Sedan/Sedan	/			1936-1957	Sedan		fallback	Buick Roadmaster 1953 Sedan 原子事实对应多条候选记录
非皮卡	高度压缩两两组合	Buick	Roadmaster/Roadmaster	Roadmaster	/	/	3XXXL	1936-1952/1992-1996	Sedan/Sedan	/			1936-1996	Sedan		fallback	Buick Roadmaster 1953 Sedan 原子事实对应多条候选记录
非皮卡	高度压缩两两组合	Buick	Roadmaster/Roadmaster	Roadmaster	/	/	3XXXL-0	1936-1952/1954-1957	Convertible/Coupe/Convertible	/			1936-1957	Convertible/Coupe		fallback	Buick Roadmaster 1953 Convertible 原子事实对应多条候选记录
非皮卡	高度压缩两两组合	Buick	Roadmaster/Roadmaster	Roadmaster	/	/	3XXXL-0	1936-1952/1954-1957	Convertible/Coupe/Coupe	/			1936-1957	Convertible/Coupe		fallback	Buick Roadmaster 1953 Convertible 原子事实对应多条候选记录
非皮卡	高度压缩两两组合	Buick	Roadmaster/Roadmaster	Roadmaster	/	/	3XXL-0	1953/1953	Convertible/Coupe	/			1953	Convertible/Coupe		success	
非皮卡	高度压缩两两组合	Buick	Roadmaster/Roadmaster	Roadmaster	/	/	3XXXL	1936-1952/1954-1957	Sedan/Sedan	/			1936-1957	Sedan		fallback	Buick Roadmaster 1953 Sedan 原子事实对应多条候选记录
非皮卡	高度压缩两两组合	Buick	Roadmaster/Roadmaster	Roadmaster	/	/	3XXXL	1936-1952/1992-1996	Sedan/Sedan	/			1936-1996	Sedan		fallback	Buick Roadmaster 1953 Sedan 原子事实对应多条候选记录
非皮卡	高度压缩两两组合	Buick	Roadmaster/Roadmaster	Roadmaster	/	/	3XXXL-0	1936-1952/1954-1957	Convertible/Coupe/Convertible	/			1936-1957	Convertible/Coupe		fallback	Buick Roadmaster 1953 Convertible 原子事实对应多条候选记录
非皮卡	高度压缩两两组合	Buick	Roadmaster/Roadmaster	Roadmaster	/	/	3XXXL-0	1936-1952/1954-1957	Convertible/Coupe/Coupe	/			1936-1957	Convertible/Coupe		fallback	Buick Roadmaster 1953 Convertible 原子事实对应多条候选记录
非皮卡	高度压缩两两组合	Buick	Roadmaster/Roadmaster	Roadmaster	/	/	3XXXL	1954-1957/1992-1996	Sedan/Sedan	/			1954-1996	Sedan		fallback	Buick Roadmaster 1958 Sedan 原子事实对应多条候选记录
非皮卡	高度压缩两两组合	Buick	Roadmaster/Roadmaster	Roadmaster	/	/	3XXXL-0	1954-1957/1954-1957	Convertible/Coupe	/			1954-1957	Convertible/Coupe		success	
非皮卡	高度压缩两两组合	Buick	Roadmaster/Roadmaster	Roadmaster	/	/	3XXXL	1936-1952/1954-1957	Sedan/Sedan	/			1936-1957	Sedan		fallback	Buick Roadmaster 1953 Sedan 原子事实对应多条候选记录
非皮卡	高度压缩两两组合	Buick	Roadmaster/Roadmaster	Roadmaster	/	/	3XXXL	1936-1952/1992-1996	Sedan/Sedan	/			1936-1996	Sedan		fallback	Buick Roadmaster 1953 Sedan 原子事实对应多条候选记录
非皮卡	高度压缩两两组合	Buick	Roadmaster/Roadmaster	Roadmaster	/	/	3XXXL-0	1936-1952/1954-1957	Convertible/Coupe/Convertible/Coupe	/			1936-1957	Convertible/Coupe		fallback	Buick Roadmaster 1953 Convertible 原子事实对应多条候选记录
非皮卡	高度压缩两两组合	Buick	Roadmaster/Roadmaster	Roadmaster	/	/	3XXXL	1954-1957/1992-1996	Sedan/Sedan	/			1954-1996	Sedan		fallback	Buick Roadmaster 1958 Sedan 原子事实对应多条候选记录
非皮卡	高度压缩两两组合	Buick	Roadmaster/Roadmaster	Roadmaster	/	/	3XXXXL-0	1958/1958	Convertible/Coupe	/			1958	Convertible/Coupe		success	
非皮卡	高度压缩两两组合	Buick	Roadmaster/Roadmaster	Roadmaster	/	/	3XXXL	1936-1952/1954-1957	Sedan/Sedan	/			1936-1957	Sedan		fallback	Buick Roadmaster 1953 Sedan 原子事实对应多条候选记录
非皮卡	高度压缩两两组合	Buick	Roadmaster/Roadmaster	Roadmaster	/	/	3XXXL	1936-1952/1992-1996	Sedan/Sedan	/			1936-1996	Sedan		fallback	Buick Roadmaster 1953 Sedan 原子事实对应多条候选记录
非皮卡	高度压缩两两组合	Buick	Roadmaster/Roadmaster	Roadmaster	/	/	3XXXL-0	1936-1952/1954-1957	Convertible/Coupe/Convertible/Coupe	/			1936-1957	Convertible/Coupe		fallback	Buick Roadmaster 1953 Convertible 原子事实对应多条候选记录
非皮卡	高度压缩两两组合	Buick	Roadmaster/Roadmaster	Roadmaster	/	/	3XXXL	1954-1957/1992-1996	Sedan/Sedan	/			1954-1996	Sedan		fallback	Buick Roadmaster 1958 Sedan 原子事实对应多条候选记录
非皮卡	高度压缩两两组合	Buick	Roadmaster/Roadmaster	Roadmaster	/	/	3XXXXL-0	1958/1958	Convertible/Coupe/Sedan	/			1958	Convertible/Coupe/Sedan		success	
非皮卡	高度压缩两两组合	Buick	Roadmaster/Roadmaster	Roadmaster	/	/	3XXXL	1936-1952/1954-1957	Sedan/Sedan	/			1936-1957	Sedan		fallback	Buick Roadmaster 1953 Sedan 原子事实对应多条候选记录
非皮卡	高度压缩两两组合	Buick	Roadmaster/Roadmaster	Roadmaster	/	/	3XXXL	1936-1952/1992-1996	Sedan/Sedan	/			1936-1996	Sedan		fallback	Buick Roadmaster 1953 Sedan 原子事实对应多条候选记录
非皮卡	高度压缩两两组合	Buick	Roadmaster/Roadmaster	Roadmaster	/	/	3XXXL-0	1936-1952/1954-1957	Convertible/Coupe/Convertible/Coupe	/			1936-1957	Convertible/Coupe		fallback	Buick Roadmaster 1953 Convertible 原子事实对应多条候选记录
非皮卡	高度压缩两两组合	Buick	Roadmaster/Roadmaster	Roadmaster	/	/	3XXXL	1954-1957/1992-1996	Sedan/Sedan	/			1954-1996	Sedan		fallback	Buick Roadmaster 1958 Sedan 原子事实对应多条候选记录
非皮卡	高度压缩两两组合	Buick	Skylark/Skylark	Skylark	/	/	3XXL-0	1953-1954/1965-1967	Convertible/Convertible	/			1953-1967	Convertible		success	
非皮卡	高度压缩两两组合	Buick	Skylark/Skylark	Skylark	/	/	3XXL-0	1953-1967/1965-1967	Convertible/Coupe	/			1953-1967	Convertible/Coupe		success	
非皮卡	高度压缩两两组合	Buick	Skylark/Skylark	Skylark	/	/	3XXL-0	1953-1967/1970-1972	Convertible/Coupe/Convertible	/			1953-1972	Convertible/Coupe		fallback	Buick Skylark 1970 Coupe 原子事实对应多条候选记录
非皮卡	高度压缩两两组合	Buick	Skylark/Skylark	Skylark	/	/	3XXL-0	1953-1967/1970-1972	Convertible/Coupe/Coupe	/			1953-1972	Convertible/Coupe		fallback	Buick Skylark 1970 Convertible 原子事实对应多条候选记录
非皮卡	高度压缩两两组合	Buick	Skylark/Skylark	Skylark	/	/	3XXL-0	1970-1972/1970-1972	Convertible/Coupe	/			1970-1972	Convertible/Coupe		success	
非皮卡	高度压缩两两组合	Buick	Skylark/Skylark	Skylark	/	/	3XXL-0	1953-1967/1970-1972	Convertible/Coupe/Convertible/Coupe	/			1953-1972	Convertible/Coupe		success	
非皮卡	高度压缩两两组合	Buick	Skylark/Skylark	Skylark	/	/	3XL+	1975-1979/1994	Sedan/Sedan	/			1975-1994	Sedan		fallback	Buick Skylark 1980 Sedan 原子事实对应多条候选记录
非皮卡	高度压缩两两组合	Buick	Skylark/Skylark	Skylark	/	/	3XL+0	1975-1979/1994	Coupe/Coupe	/			1975-1994	Coupe		fallback	Buick Skylark 1980 Coupe 原子事实对应多条候选记录
非皮卡	高度压缩两两组合	Buick	Skylark/Skylark	Skylark	/	/	3XL	1992-1993/1995-1998	Sedan/Sedan	/			1992-1998	Sedan		fallback	Buick Skylark 1994 Sedan 原子事实对应多条候选记录
非皮卡	高度压缩两两组合	Buick	Skylark/Skylark	Skylark	/	/	3XL-0	1992-1993/1995-1997	Coupe/Coupe	/			1992-1997	Coupe		fallback	Buick Skylark 1994 Coupe 原子事实对应多条候选记录
非皮卡	高度压缩两两组合	Cadillac	CT5/CT5	CT5	/	/	3XL+	2020-2026/2025-2026	Sedan/Sedan	/Blackwing			2020-2026	Sedan	Incl: Blackwing	success	
非皮卡	高度压缩两两组合	Cadillac	CT6/CT6	CT6	/	/	3XXL	2016-2020/2017-2018	Sedan/Sedan	/PHEV			2016-2020	Sedan	Incl: PHEV	success	
非皮卡	高度压缩两两组合	Cadillac	CT6/CT6	CT6	/	/	3XXL	2016-2020/2019-2020	Sedan/Sedan	Incl: PHEV/Blackwing			2016-2020	Sedan	Incl: Blackwing/PHEV	success	
非皮卡	高度压缩两两组合	Cadillac	CTS/CTS	CTS	/	/	3XL	2003-2013/2011-2013	Sedan/Sedan	/CTS-V			2003-2013	Sedan	Incl: CTS-V	success	
非皮卡	高度压缩两两组合	Cadillac	DeVille/DeVille	DeVille	/	/	3XXXL-0	1949-1950/1957	Coupe/Coupe	/			1949-1957	Coupe		fallback	Cadillac DeVille 1951 Coupe 原子事实对应多条候选记录
非皮卡	高度压缩两两组合	Cadillac	DeVille/DeVille	DeVille	/	/	3XXXXL-0	1951-1956/1956	Coupe/Sedan	/			1951-1956	Coupe/Sedan		success	
非皮卡	高度压缩两两组合	Cadillac	DeVille/DeVille	DeVille	/	/	3XXXL-0	1949-1950/1957	Coupe/Coupe	/			1949-1957	Coupe		fallback	Cadillac DeVille 1951 Coupe 原子事实对应多条候选记录
非皮卡	高度压缩两两组合	Cadillac	DeVille/DeVille	DeVille	/	/	3XXXXL-0	1951-1956/1958-1960	Coupe/Sedan/Sedan	/			1951-1960	Coupe/Sedan		fallback	Cadillac DeVille 1957 Coupe 原子事实对应多条候选记录
非皮卡	高度压缩两两组合	Cadillac	DeVille/DeVille	DeVille	/	/	3XXXXL-0	1951-1956/1958-1984	Coupe/Sedan/Coupe	/			1951-1984	Coupe/Sedan		fallback	Cadillac DeVille 1957 Coupe 原子事实对应多条候选记录
非皮卡	高度压缩两两组合	Cadillac	DeVille/DeVille	DeVille	/	/	3XXXXL-0	1951-1956/1962-1984	Coupe/Sedan/Sedan	/			1951-1984	Coupe/Sedan		fallback	Cadillac DeVille 1957 Coupe 原子事实对应多条候选记录
非皮卡	高度压缩两两组合	Cadillac	DeVille/DeVille	DeVille	/	/	3XXXXL-0	1951-1956/1967	Coupe/Sedan/Convertible	/			1951-1967	Convertible/Coupe/Sedan		fallback	Cadillac DeVille 1957 Coupe 原子事实对应多条候选记录
非皮卡	高度压缩两两组合	Cadillac	DeVille/DeVille	DeVille	/	/	3XXXXL-0	1958-1960/1958-1984	Sedan/Coupe	/			1958-1984	Coupe/Sedan		fallback	Cadillac DeVille 1962 Sedan 原子事实对应多条候选记录
非皮卡	高度压缩两两组合	Cadillac	DeVille/DeVille	DeVille	/	/	3XXXXL-0	1958-1960/1962-1984	Sedan/Sedan	/			1958-1984	Sedan		success	
非皮卡	高度压缩两两组合	Cadillac	DeVille/DeVille	DeVille	/	/	3XXXL-0	1949-1950/1957	Coupe/Coupe	/			1949-1957	Coupe		fallback	Cadillac DeVille 1951 Coupe 原子事实对应多条候选记录
非皮卡	高度压缩两两组合	Cadillac	DeVille/DeVille	DeVille	/	/	3XXXXL-0	1951-1956/1958-1984	Coupe/Sedan/Coupe	/			1951-1984	Coupe/Sedan		fallback	Cadillac DeVille 1957 Coupe 原子事实对应多条候选记录
非皮卡	高度压缩两两组合	Cadillac	DeVille/DeVille	DeVille	/	/	3XXXXL-0	1951-1956/1958-1984	Coupe/Sedan/Sedan	/			1951-1984	Coupe/Sedan		fallback	Cadillac DeVille 1957 Coupe 原子事实对应多条候选记录
非皮卡	高度压缩两两组合	Cadillac	DeVille/DeVille	DeVille	/	/	3XXXXL-0	1951-1956/1967	Coupe/Sedan/Convertible	/			1951-1967	Convertible/Coupe/Sedan		fallback	Cadillac DeVille 1957 Coupe 原子事实对应多条候选记录
非皮卡	高度压缩两两组合	Cadillac	DeVille/DeVille	DeVille	/	/	3XXXXL-0	1958-1984/1958-1984	Coupe/Sedan	/			1958-1984	Coupe/Sedan		success	
非皮卡	高度压缩两两组合	Cadillac	DeVille/DeVille	DeVille	/	/	3XXXL-0	1949-1950/1957	Coupe/Coupe	/			1949-1957	Coupe		fallback	Cadillac DeVille 1951 Coupe 原子事实对应多条候选记录
非皮卡	高度压缩两两组合	Cadillac	DeVille/DeVille	DeVille	/	/	3XXXXL-0	1951-1956/1958-1984	Coupe/Sedan/Coupe/Sedan	/			1951-1984	Coupe/Sedan		fallback	Cadillac DeVille 1957 Coupe 原子事实对应多条候选记录
非皮卡	高度压缩两两组合	Cadillac	DeVille/DeVille	DeVille	/	/	3XXXXL-0	1951-1956/1967	Coupe/Sedan/Convertible	/			1951-1967	Convertible/Coupe/Sedan		fallback	Cadillac DeVille 1957 Coupe 原子事实对应多条候选记录
非皮卡	高度压缩两两组合	Cadillac	DeVille/DeVille	DeVille	/	/	3XXXXL-0	1958-1984/1967	Coupe/Sedan/Convertible	/			1958-1984	Convertible/Coupe/Sedan		success	
非皮卡	高度压缩两两组合	Cadillac	DeVille/DeVille	DeVille	/	/	3XXXL-0	1949-1950/1957	Coupe/Coupe	/			1949-1957	Coupe		fallback	Cadillac DeVille 1951 Coupe 原子事实对应多条候选记录
非皮卡	高度压缩两两组合	Cadillac	DeVille/DeVille	DeVille	/	/	3XXXXL-0	1951-1956/1958-1984	Coupe/Sedan/Convertible/Coupe/Sedan	/			1951-1984	Convertible/Coupe/Sedan		fallback	Cadillac DeVille 1957 Coupe 原子事实对应多条候选记录
非皮卡	高度压缩两两组合	Cadillac	DeVille/DeVille	DeVille	/	/	3XXL	1989-1993/2000-2005	Sedan/Sedan	/			1989-2005	Sedan		fallback	Cadillac DeVille 1994 Sedan 原子事实对应多条候选记录
非皮卡	高度压缩两两组合	Cadillac	Eldorado/Eldorado	Eldorado	/	/	3XXXXL-0	1953-1954/1956-1958	Convertible/Convertible	/			1953-1958	Convertible		fallback	Cadillac Eldorado 1955 Convertible 原子事实对应多条候选记录
非皮卡	高度压缩两两组合	Cadillac	Eldorado/Eldorado	Eldorado	/	/	3XXXXL-0	1953-1954/1957-1964	Convertible/Coupe	/			1953-1964	Convertible/Coupe		fallback	Cadillac Eldorado 1955 Convertible 原子事实对应多条候选记录
非皮卡	高度压缩两两组合	Cadillac	Eldorado/Eldorado	Eldorado	/	/	3XXXXL-0	1953-1954/1965-1966	Convertible/Convertible	/			1953-1966	Convertible		fallback	Cadillac Eldorado 1955 Convertible 原子事实对应多条候选记录
非皮卡	高度压缩两两组合	Cadillac	Eldorado/Eldorado	Eldorado	/	/	3XXXXL-0	1953-1954/1967-1978	Convertible/Coupe	/			1953-1978	Convertible/Coupe		fallback	Cadillac Eldorado 1955 Convertible 原子事实对应多条候选记录
非皮卡	高度压缩两两组合	Cadillac	Eldorado/Eldorado	Eldorado	/	/	3XXXXL-0	1953-1954/1971-1978	Convertible/Convertible	/			1953-1978	Convertible		fallback	Cadillac Eldorado 1955 Convertible 原子事实对应多条候选记录
非皮卡	高度压缩两两组合	Cadillac	Eldorado/Eldorado	Eldorado	/	/	3XXXXL-0	1956-1958/1957-1964	Convertible/Coupe	/			1956-1964	Convertible/Coupe		success	
非皮卡	高度压缩两两组合	Cadillac	Eldorado/Eldorado	Eldorado	/	/	3XXXXL-0	1953-1954/1956-1964	Convertible/Convertible/Coupe	/			1953-1964	Convertible/Coupe		fallback	Cadillac Eldorado 1955 Convertible 原子事实对应多条候选记录
非皮卡	高度压缩两两组合	Cadillac	Eldorado/Eldorado	Eldorado	/	/	3XXXXL-0	1953-1954/1965-1966	Convertible/Convertible	/			1953-1966	Convertible		fallback	Cadillac Eldorado 1955 Convertible 原子事实对应多条候选记录
非皮卡	高度压缩两两组合	Cadillac	Eldorado/Eldorado	Eldorado	/	/	3XXXXL-0	1953-1954/1967-1978	Convertible/Coupe	/			1953-1978	Convertible/Coupe		fallback	Cadillac Eldorado 1955 Convertible 原子事实对应多条候选记录
非皮卡	高度压缩两两组合	Cadillac	Eldorado/Eldorado	Eldorado	/	/	3XXXXL-0	1953-1954/1971-1978	Convertible/Convertible	/			1953-1978	Convertible		fallback	Cadillac Eldorado 1955 Convertible 原子事实对应多条候选记录
非皮卡	高度压缩两两组合	Cadillac	Eldorado/Eldorado	Eldorado	/	/	3XXXXL-0	1956-1964/1965-1966	Convertible/Coupe/Convertible	/			1956-1966	Convertible/Coupe		success	
非皮卡	高度压缩两两组合	Cadillac	Eldorado/Eldorado	Eldorado	/	/	3XXXXL-0	1953-1954/1956-1966	Convertible/Convertible/Coupe	/			1953-1966	Convertible/Coupe		fallback	Cadillac Eldorado 1955 Convertible 原子事实对应多条候选记录
非皮卡	高度压缩两两组合	Cadillac	Eldorado/Eldorado	Eldorado	/	/	3XXXXL-0	1953-1954/1967-1978	Convertible/Coupe	/			1953-1978	Convertible/Coupe		fallback	Cadillac Eldorado 1955 Convertible 原子事实对应多条候选记录
非皮卡	高度压缩两两组合	Cadillac	Eldorado/Eldorado	Eldorado	/	/	3XXXXL-0	1953-1954/1971-1978	Convertible/Convertible	/			1953-1978	Convertible		fallback	Cadillac Eldorado 1955 Convertible 原子事实对应多条候选记录
非皮卡	高度压缩两两组合	Cadillac	Eldorado/Eldorado	Eldorado	/	/	3XXXXL-0	1956-1966/1967-1978	Convertible/Coupe/Coupe	/			1956-1978	Convertible/Coupe		fallback	Cadillac Eldorado 1971 Convertible 原子事实对应多条候选记录
非皮卡	高度压缩两两组合	Cadillac	Eldorado/Eldorado	Eldorado	/	/	3XXXXL-0	1956-1966/1971-1978	Convertible/Coupe/Convertible	/			1956-1978	Convertible/Coupe		fallback	Cadillac Eldorado 1967 Coupe 原子事实对应多条候选记录
非皮卡	高度压缩两两组合	Cadillac	Eldorado/Eldorado	Eldorado	/	/	3XXXXL-0	1967-1978/1971-1978	Coupe/Convertible	/			1967-1978	Convertible/Coupe		success	
非皮卡	高度压缩两两组合	Cadillac	Eldorado/Eldorado	Eldorado	/	/	3XXXXL-0	1953-1954/1956-1966	Convertible/Convertible/Coupe	/			1953-1966	Convertible/Coupe		fallback	Cadillac Eldorado 1955 Convertible 原子事实对应多条候选记录
非皮卡	高度压缩两两组合	Cadillac	Eldorado/Eldorado	Eldorado	/	/	3XXXXL-0	1953-1954/1967-1978	Convertible/Convertible/Coupe	/			1953-1978	Convertible/Coupe		fallback	Cadillac Eldorado 1955 Convertible 原子事实对应多条候选记录
非皮卡	高度压缩两两组合	Cadillac	Eldorado/Eldorado	Eldorado	/	/	3XXXXL-0	1956-1966/1967-1978	Convertible/Coupe/Convertible/Coupe	/			1956-1978	Convertible/Coupe		success	
非皮卡	高度压缩两两组合	Cadillac	Eldorado/Eldorado	Eldorado	/	/	3XXXXL-0	1953-1954/1956-1978	Convertible/Convertible/Coupe	/			1953-1978	Convertible/Coupe		fallback	Cadillac Eldorado 1955 Convertible 原子事实对应多条候选记录
非皮卡	高度压缩两两组合	Cadillac	Eldorado/Eldorado	Eldorado	/	/	3XXL-0	1979-1985/1984-1985	Coupe/Convertible	/			1979-1985	Convertible/Coupe		success	
非皮卡	高度压缩两两组合	Cadillac	Eldorado/Eldorado	Eldorado	/	/	3XXXXL-0	1953-1954/1956-1978	Convertible/Convertible/Coupe	/			1953-1978	Convertible/Coupe		fallback	Cadillac Eldorado 1955 Convertible 原子事实对应多条候选记录
非皮卡	高度压缩两两组合	Cadillac	Eldorado/Eldorado	Eldorado	/	/	3XL+0	1992/1995	Coupe/Coupe	/			1992-1995	Coupe		success	
非皮卡	高度压缩两两组合	Cadillac	Eldorado/Eldorado	Eldorado	/	/	3XXXXL-0	1953-1954/1956-1978	Convertible/Convertible/Coupe	/			1953-1978	Convertible/Coupe		fallback	Cadillac Eldorado 1955 Convertible 原子事实对应多条候选记录
非皮卡	高度压缩两两组合	Cadillac	Eldorado/Eldorado	Eldorado	/	/	3XL+0	1992-1995/1998-2002	Coupe/Coupe	/			1992-2002	Coupe		success	
非皮卡	高度压缩两两组合	Cadillac	Eldorado/Eldorado	Eldorado	/	/	3XXXXL-0	1953-1954/1956-1978	Convertible/Convertible/Coupe	/			1953-1978	Convertible/Coupe		fallback	Cadillac Eldorado 1955 Convertible 原子事实对应多条候选记录
非皮卡	高度压缩两两组合	Cadillac	Escalade/Escalade	Escalade	/	/	YXXL	1999-2000/2007-2020	SUV/SUV	/			1999-2020	SUV		fallback	Cadillac Escalade 2002 SUV 原子事实对应多条候选记录
非皮卡	高度压缩两两组合	Cadillac	Lyriq/Lyriq	Lyriq	/	/	YXL	2023-2026/2026	SUV/SUV	/Lyriq-V			2023-2026	SUV	Incl: Lyriq-V	success	
非皮卡	高度压缩两两组合	Cadillac	STS/STS	STS	/	/	3XL+	2005-2011/2006-2009	Sedan/Sedan	/STS-V			2005-2011	Sedan	Incl: STS-V	success	
非皮卡	高度压缩两两组合	Cadillac	Seville/Seville	Seville	/	/	3XXL	1976-1985/1992-1993	Sedan/Sedan	/			1976-1993	Sedan		fallback	Cadillac Seville 1986 Sedan 原子事实对应多条候选记录
非皮卡	高度压缩两两组合	Cadillac	Seville/Seville	Seville	/	/	3XXL	1976-1985/1994-1997	Sedan/Sedan	/STS/SLS			1976-1997	Sedan	Incl: SLS/STS	fallback	Cadillac Seville 1986 Sedan 原子事实对应多条候选记录
非皮卡	高度压缩两两组合	Cadillac	Seville/Seville	Seville	/	/	3XL	1986-1987/1988-1990	Sedan/Sedan	/STS			1986-1990	Sedan	Incl: STS	success	
非皮卡	高度压缩两两组合	Cadillac	Seville/Seville	Seville	/	/	3XXL	1976-1985/1992-1993	Sedan/Sedan	/			1976-1993	Sedan		fallback	Cadillac Seville 1986 Sedan 原子事实对应多条候选记录
非皮卡	高度压缩两两组合	Cadillac	Seville/Seville	Seville	/	/	3XXL	1976-1985/1994-1997	Sedan/Sedan	/STS/SLS			1976-1997	Sedan	Incl: SLS/STS	fallback	Cadillac Seville 1986 Sedan 原子事实对应多条候选记录
非皮卡	高度压缩两两组合	Cadillac	Seville/Seville	Seville	/	/	3XL	1986-1990/1991	Sedan/Sedan	Incl: STS/			1986-1991	Sedan	Incl: STS	success	
非皮卡	高度压缩两两组合	Cadillac	Seville/Seville	Seville	/	/	3XXL	1976-1985/1992-1993	Sedan/Sedan	/			1976-1993	Sedan		fallback	Cadillac Seville 1986 Sedan 原子事实对应多条候选记录
非皮卡	高度压缩两两组合	Cadillac	Seville/Seville	Seville	/	/	3XXL	1976-1985/1994-1997	Sedan/Sedan	/STS/SLS			1976-1997	Sedan	Incl: SLS/STS	fallback	Cadillac Seville 1986 Sedan 原子事实对应多条候选记录
非皮卡	高度压缩两两组合	Cadillac	Seville/Seville	Seville	/	/	3XXL	1992-1993/1994-1997	Sedan/Sedan	/STS/SLS			1992-1997	Sedan	Incl: SLS/STS	success	
非皮卡	高度压缩两两组合	Cadillac	Seville/Seville	Seville	/	/	3XXL	1976-1985/1992-1997	Sedan/Sedan	/Incl: SLS/STS			1976-1997	Sedan	Incl: SLS/STS	fallback	Cadillac Seville 1986 Sedan 原子事实对应多条候选记录
非皮卡	高度压缩两两组合	Cadillac	XLR/XLR	XLR	/	/	3M-0	2004-2009/2006-2009	Convertible/Convertible	/XLR-V			2004-2009	Convertible	Incl: XLR-V	success	
非皮卡	高度压缩两两组合	Chevrolet	Aveo/Aveo	Aveo	/	/	2M	2004-2005/2007-2011	Hatchback/Hatchback	/			2004-2011	Hatchback		fallback	Chevrolet Aveo 2006 Hatchback 原子事实对应多条候选记录
非皮卡	高度压缩两两组合	Chevrolet	Bel Air/Bel Air	Bel Air	/	/	3XL+0	1953-1954/1953-1957	Coupe/Convertible	/			1953-1957	Convertible/Coupe		fallback	Chevrolet Bel Air 1957 Coupe 原子事实对应多条候选记录
非皮卡	高度压缩两两组合	Chevrolet	Bel Air/Bel Air	Bel Air	/	/	3XL+0	1953-1954/1957	Coupe/Coupe	/			1953-1957	Coupe		success	
非皮卡	高度压缩两两组合	Chevrolet	Bel Air/Bel Air	Bel Air	/	/	3XL+0	1953-1957/1953-1957	Convertible/Coupe	/			1953-1957	Convertible/Coupe		success	
非皮卡	高度压缩两两组合	Chevrolet	Bel Air/Bel Air	Bel Air	/	/	2XL+	1954-1955/1957	Wagon/Wagon	/			1954-1957	Wagon		fallback	Chevrolet Bel Air 1956 Wagon 原子事实对应多条候选记录
非皮卡	高度压缩两两组合	Chevrolet	Bel Air/Bel Air	Bel Air	/	/	3XXXL-0	1958/1958	Convertible/Coupe	/			1958	Convertible/Coupe		success	
非皮卡	高度压缩两两组合	Chevrolet	Bel Air/Bel Air	Bel Air	/	/	2XL+	1954-1955/1957	Wagon/Wagon	/			1954-1957	Wagon		fallback	Chevrolet Bel Air 1956 Wagon 原子事实对应多条候选记录
非皮卡	高度压缩两两组合	Chevrolet	Bel Air/Bel Air	Bel Air	/	/	3XXXL-0	1958/1959-1960	Convertible/Coupe/Coupe	/Hardtop			1958-1960	Convertible/Coupe	Incl: Hardtop	fallback	Chevrolet Bel Air 1960 Coupe 原子事实对应多条候选记录
非皮卡	高度压缩两两组合	Chevrolet	Bel Air/Bel Air	Bel Air	/	/	3XXXL-0	1958/1960-1962	Convertible/Coupe/Coupe	/			1958-1962	Convertible/Coupe		success	
非皮卡	高度压缩两两组合	Chevrolet	Bel Air/Bel Air	Bel Air	/	/	2XL+	1954-1955/1957	Wagon/Wagon	/			1954-1957	Wagon		fallback	Chevrolet Bel Air 1956 Wagon 原子事实对应多条候选记录
非皮卡	高度压缩两两组合	Chevrolet	Bel Air/Bel Air	Bel Air	/	/	3XXXL-0	1958-1962/1959-1960	Convertible/Coupe/Coupe	/Hardtop			1958-1962	Convertible/Coupe	Incl: Hardtop	success	
非皮卡	高度压缩两两组合	Chevrolet	Bel Air/Bel Air	Bel Air	/	/	2XL+	1954-1955/1957	Wagon/Wagon	/			1954-1957	Wagon		fallback	Chevrolet Bel Air 1956 Wagon 原子事实对应多条候选记录
非皮卡	高度压缩两两组合	Chevrolet	Bel Air/Bel Air	Bel Air	/	/	无可用尺码	1958-1965/1959-1960	Wagon/Wagon	/Parkwood/Kingswood			1958-1965	Wagon	Incl: Kingswood/Parkwood	success	
非皮卡	高度压缩两两组合	Chevrolet	Bel Air/Bel Air	Bel Air	/	/	2XL+	1954-1955/1957	Wagon/Wagon	/			1954-1957	Wagon		fallback	Chevrolet Bel Air 1956 Wagon 原子事实对应多条候选记录
非皮卡	高度压缩两两组合	Chevrolet	Bel Air/Bel Air	Bel Air	/	/	无可用尺码	1958-1965/1967-1969	Wagon/Wagon	Incl: Kingswood/Parkwood/			1958-1969	Wagon	Incl: Kingswood/Parkwood	success	
非皮卡	高度压缩两两组合	Chevrolet	Bel Air/Bel Air	Bel Air	/	/	2XL+	1954-1955/1957	Wagon/Wagon	/			1954-1957	Wagon		fallback	Chevrolet Bel Air 1956 Wagon 原子事实对应多条候选记录
非皮卡	高度压缩两两组合	Chevrolet	Bel Air/Bel Air	Bel Air	/	/	3XXXL	1958-1966/1959-1960	Sedan/Sedan	/2dr			1958-1966	Sedan	Incl: 2dr	success	
非皮卡	高度压缩两两组合	Chevrolet	Bel Air/Bel Air	Bel Air	/	/	2XL+	1954-1955/1957	Wagon/Wagon	/			1954-1957	Wagon		fallback	Chevrolet Bel Air 1956 Wagon 原子事实对应多条候选记录
非皮卡	高度压缩两两组合	Chevrolet	Bel Air/Bel Air	Bel Air	/	/	3XXXL	1958-1966/1959-1960	Sedan/Sedan	Incl: 2dr/4dr			1958-1966	Sedan	Incl: 2dr/4dr	success	
非皮卡	高度压缩两两组合	Chevrolet	Bel Air/Bel Air	Bel Air	/	/	2XL+	1954-1955/1957	Wagon/Wagon	/			1954-1957	Wagon		fallback	Chevrolet Bel Air 1956 Wagon 原子事实对应多条候选记录
非皮卡	高度压缩两两组合	Chevrolet	Bel Air/Bel Air	Bel Air	/	/	3XXXL	1958-1966/1970-1971	Sedan/Sedan	Incl: 2dr/4dr/			1958-1971	Sedan	Incl: 2dr/4dr	fallback	Chevrolet Bel Air 1967 Sedan 原子事实对应多条候选记录
非皮卡	高度压缩两两组合	Chevrolet	Bel Air/Bel Air	Bel Air	/	/	3XXXXL-0	1967-1969/1972-1975	Sedan/Sedan	/			1967-1975	Sedan		fallback	Chevrolet Bel Air 1970 Sedan 原子事实对应多条候选记录
非皮卡	高度压缩两两组合	Chevrolet	Beretta/Beretta	Beretta	/	/	3XL-0	1987-1991/1995-1996	Coupe/Coupe	/			1987-1996	Coupe		success	
非皮卡	高度压缩两两组合	Chevrolet	Blazer/Blazer	Blazer	/	/	YM+	1969-1972/1995	SUV/SUV	/2dr			1969-1995	SUV	Incl: 2dr	fallback	Chevrolet Blazer 1973 SUV 原子事实对应多条候选记录
非皮卡	高度压缩两两组合	Chevrolet	Blazer/Blazer	Blazer	/	/	YM+	1969-1972/1996	SUV/SUV	/2dr Base 4WD			1969-1996	SUV	Incl: 2dr Base 4WD	fallback	Chevrolet Blazer 1973 SUV 原子事实对应多条候选记录
非皮卡	高度压缩两两组合	Chevrolet	Blazer/Blazer	Blazer	/	/	YM+	1969-1972/1998	SUV/SUV	/2dr			1969-1998	SUV	Incl: 2dr	fallback	Chevrolet Blazer 1973 SUV 原子事实对应多条候选记录
非皮卡	高度压缩两两组合	Chevrolet	Blazer/Blazer	Blazer	/	/	YM+	1969-1972/2003-2004	SUV/SUV	/2dr			1969-2004	SUV	Incl: 2dr	fallback	Chevrolet Blazer 1973 SUV 原子事实对应多条候选记录
非皮卡	高度压缩两两组合	Chevrolet	Blazer/Blazer	Blazer	/	/	YL	1973-1994/1996	SUV/SUV	/4dr LS 4WD			1973-1996	SUV	Incl: 4dr LS 4WD	success	
非皮卡	高度压缩两两组合	Chevrolet	Blazer/Blazer	Blazer	/	/	YM+	1969-1972/1995	SUV/SUV	/2dr			1969-1995	SUV	Incl: 2dr	fallback	Chevrolet Blazer 1973 SUV 原子事实对应多条候选记录
非皮卡	高度压缩两两组合	Chevrolet	Blazer/Blazer	Blazer	/	/	YM+	1969-1972/1996	SUV/SUV	/2dr Base 4WD			1969-1996	SUV	Incl: 2dr Base 4WD	fallback	Chevrolet Blazer 1973 SUV 原子事实对应多条候选记录
非皮卡	高度压缩两两组合	Chevrolet	Blazer/Blazer	Blazer	/	/	YM+	1969-1972/1998	SUV/SUV	/2dr			1969-1998	SUV	Incl: 2dr	fallback	Chevrolet Blazer 1973 SUV 原子事实对应多条候选记录
非皮卡	高度压缩两两组合	Chevrolet	Blazer/Blazer	Blazer	/	/	YM+	1969-1972/2003-2004	SUV/SUV	/2dr			1969-2004	SUV	Incl: 2dr	fallback	Chevrolet Blazer 1973 SUV 原子事实对应多条候选记录
非皮卡	高度压缩两两组合	Chevrolet	Blazer/Blazer	Blazer	/	/	YL	1973-1996/1997-2005	SUV/SUV	Incl: 4dr LS 4WD/4dr			1973-2005	SUV	Incl: 4dr/4dr LS 4WD	success	
非皮卡	高度压缩两两组合	Chevrolet	Blazer/Blazer	Blazer	/	/	YM+	1969-1972/1995	SUV/SUV	/2dr			1969-1995	SUV	Incl: 2dr	fallback	Chevrolet Blazer 1973 SUV 原子事实对应多条候选记录
非皮卡	高度压缩两两组合	Chevrolet	Blazer/Blazer	Blazer	/	/	YM+	1969-1972/1996	SUV/SUV	/2dr Base 4WD			1969-1996	SUV	Incl: 2dr Base 4WD	fallback	Chevrolet Blazer 1973 SUV 原子事实对应多条候选记录
非皮卡	高度压缩两两组合	Chevrolet	Blazer/Blazer	Blazer	/	/	YM+	1969-1972/1998	SUV/SUV	/2dr			1969-1998	SUV	Incl: 2dr	fallback	Chevrolet Blazer 1973 SUV 原子事实对应多条候选记录
非皮卡	高度压缩两两组合	Chevrolet	Blazer/Blazer	Blazer	/	/	YM+	1969-1972/2003-2004	SUV/SUV	/2dr			1969-2004	SUV	Incl: 2dr	fallback	Chevrolet Blazer 1973 SUV 原子事实对应多条候选记录
非皮卡	高度压缩两两组合	Chevrolet	Blazer/Blazer	Blazer	/	/	YM+	1995/1996	SUV/SUV	2dr/2dr Base 4WD			1995-1996	SUV	2dr/2dr Base 4WD	success	
非皮卡	高度压缩两两组合	Chevrolet	Blazer/Blazer	Blazer	/	/	YM+	1969-1972/1995-1996	SUV/SUV	/2dr/2dr Base 4WD			1969-1996	SUV	Incl: 2dr/2dr Base 4WD	fallback	Chevrolet Blazer 1973 SUV 原子事实对应多条候选记录
非皮卡	高度压缩两两组合	Chevrolet	Blazer/Blazer	Blazer	/	/	YM+	1969-1972/1998	SUV/SUV	/2dr			1969-1998	SUV	Incl: 2dr	fallback	Chevrolet Blazer 1973 SUV 原子事实对应多条候选记录
非皮卡	高度压缩两两组合	Chevrolet	Blazer/Blazer	Blazer	/	/	YM+	1969-1972/2003-2004	SUV/SUV	/2dr			1969-2004	SUV	Incl: 2dr	fallback	Chevrolet Blazer 1973 SUV 原子事实对应多条候选记录
非皮卡	高度压缩两两组合	Chevrolet	Blazer/Blazer	Blazer	/	/	YM+	1995-1996/1998	SUV/SUV	2dr/2dr Base 4WD/2dr			1995-1998	SUV	2dr/2dr Base 4WD	success	
非皮卡	高度压缩两两组合	Chevrolet	Blazer/Blazer	Blazer	/	/	YM+	1969-1972/1995-1998	SUV/SUV	/2dr/2dr Base 4WD			1969-1998	SUV	Incl: 2dr/2dr Base 4WD	fallback	Chevrolet Blazer 1973 SUV 原子事实对应多条候选记录
非皮卡	高度压缩两两组合	Chevrolet	Blazer/Blazer	Blazer	/	/	YM+	1969-1972/2003-2004	SUV/SUV	/2dr			1969-2004	SUV	Incl: 2dr	fallback	Chevrolet Blazer 1973 SUV 原子事实对应多条候选记录
非皮卡	高度压缩两两组合	Chevrolet	Blazer/Blazer	Blazer	/	/	YM+	1995-1998/2003-2004	SUV/SUV	2dr/2dr Base 4WD/2dr			1995-2004	SUV	2dr/2dr Base 4WD	success	
非皮卡	高度压缩两两组合	Chevrolet	Blazer/Blazer	Blazer	/	/	YM+	1969-1972/1995-2004	SUV/SUV	/2dr/2dr Base 4WD			1969-2004	SUV	Incl: 2dr/2dr Base 4WD	fallback	Chevrolet Blazer 1973 SUV 原子事实对应多条候选记录
非皮卡	高度压缩两两组合	Chevrolet	Blazer EV/Blazer EV	Blazer EV	/	/	YXL	2024-2026/2025-2026	Crossover/Crossover	/SS			2024-2026	Crossover	Incl: SS	success	
非皮卡	高度压缩两两组合	Chevrolet	Bolt/Bolt	Bolt	/	/	2L+	2017-2023/2027	Hatchback/Hatchback	/			2017-2027	Hatchback		success	
非皮卡	高度压缩两两组合	Chevrolet	Camaro/Camaro	Camaro	/	/	3XL-0	1967-1969/1967-1969	Convertible/Coupe	/			1967-1969	Convertible/Coupe		success	
非皮卡	高度压缩两两组合	Chevrolet	Camaro/Camaro	Camaro	/	/	3XL-0	1967-1969/1982-1984	Convertible/Coupe/Coupe	/			1967-1984	Convertible/Coupe		fallback	Chevrolet Camaro 1970 Coupe 原子事实对应多条候选记录
非皮卡	高度压缩两两组合	Chevrolet	Camaro/Camaro	Camaro	/	/	3XL-0	1967-1969/1987	Convertible/Coupe/Convertible	/IROC-Z			1967-1987	Convertible/Coupe	Incl: IROC-Z	fallback	Chevrolet Camaro 1970 Coupe 原子事实对应多条候选记录
非皮卡	高度压缩两两组合	Chevrolet	Camaro/Camaro	Camaro	/	/	3XL-0	1967-1969/2010-2024	Convertible/Coupe/Coupe	/			1967-2024	Convertible/Coupe		fallback	Chevrolet Camaro 1970 Coupe 原子事实对应多条候选记录
非皮卡	高度压缩两两组合	Chevrolet	Camaro/Camaro	Camaro	/	/	3XL-0	1967-1969/2011-2024	Convertible/Coupe/Convertible	/			1967-2024	Convertible/Coupe		fallback	Chevrolet Camaro 1970 Coupe 原子事实对应多条候选记录
非皮卡	高度压缩两两组合	Chevrolet	Camaro/Camaro	Camaro	/	/	3XL-0	1967-1969/2017-2024	Convertible/Coupe/Convertible	/ZL1			1967-2024	Convertible/Coupe	Incl: ZL1	fallback	Chevrolet Camaro 1970 Coupe 原子事实对应多条候选记录
非皮卡	高度压缩两两组合	Chevrolet	Camaro/Camaro	Camaro	/	/	3XL-0	1967-1969/2017-2024	Convertible/Coupe/Coupe	/ZL1			1967-2024	Convertible/Coupe	Incl: ZL1	fallback	Chevrolet Camaro 1970 Coupe 原子事实对应多条候选记录
非皮卡	高度压缩两两组合	Chevrolet	Camaro/Camaro	Camaro	/	/	3XL+0	1970-1981/1985-1990	Coupe/Coupe	/IROC-Z/Z28			1970-1990	Coupe	Incl: IROC-Z/Z28	fallback	Chevrolet Camaro 1982 Coupe 原子事实对应多条候选记录
非皮卡	高度压缩两两组合	Chevrolet	Camaro/Camaro	Camaro	/	/	3XL+0	1970-1981/1988-1990	Coupe/Convertible	/IROC-Z			1970-1990	Convertible/Coupe	Incl: IROC-Z	fallback	Chevrolet Camaro 1982 Coupe 原子事实对应多条候选记录
非皮卡	高度压缩两两组合	Chevrolet	Camaro/Camaro	Camaro	/	/	3XL+0	1970-1981/1991	Coupe/Coupe	/Z28			1970-1991	Coupe	Incl: Z28	fallback	Chevrolet Camaro 1982 Coupe 原子事实对应多条候选记录
非皮卡	高度压缩两两组合	Chevrolet	Camaro/Camaro	Camaro	/	/	3XL+0	1970-1981/1991-1992	Coupe/Convertible	/			1970-1992	Convertible/Coupe		fallback	Chevrolet Camaro 1982 Coupe 原子事实对应多条候选记录
非皮卡	高度压缩两两组合	Chevrolet	Camaro/Camaro	Camaro	/	/	3XL+0	1970-1981/1992-2002	Coupe/Coupe	/			1970-2002	Coupe		fallback	Chevrolet Camaro 1982 Coupe 原子事实对应多条候选记录
非皮卡	高度压缩两两组合	Chevrolet	Camaro/Camaro	Camaro	/	/	3XL+0	1970-1981/1994-2002	Coupe/Convertible	/			1970-2002	Convertible/Coupe		fallback	Chevrolet Camaro 1982 Coupe 原子事实对应多条候选记录
非皮卡	高度压缩两两组合	Chevrolet	Camaro/Camaro	Camaro	/	/	3XL+0	1970-1981/1995-1997	Coupe/Coupe	/Z28			1970-1997	Coupe	Incl: Z28	fallback	Chevrolet Camaro 1982 Coupe 原子事实对应多条候选记录
非皮卡	高度压缩两两组合	Chevrolet	Camaro/Camaro	Camaro	/	/	3XL-0	1982-1984/1987	Coupe/Convertible	/IROC-Z			1982-1987	Convertible/Coupe	Incl: IROC-Z	fallback	Chevrolet Camaro 1985 Coupe 原子事实对应多条候选记录
非皮卡	高度压缩两两组合	Chevrolet	Camaro/Camaro	Camaro	/	/	3XL-0	1982-1984/2010-2024	Coupe/Coupe	/			1982-2024	Coupe		fallback	Chevrolet Camaro 1992 Coupe 原子事实对应多条候选记录
非皮卡	高度压缩两两组合	Chevrolet	Camaro/Camaro	Camaro	/	/	3XL-0	1982-1984/2011-2024	Coupe/Convertible	/			1982-2024	Convertible/Coupe		fallback	Chevrolet Camaro 1991 Convertible 原子事实对应多条候选记录
非皮卡	高度压缩两两组合	Chevrolet	Camaro/Camaro	Camaro	/	/	3XL-0	1982-1984/2017-2024	Coupe/Convertible	/ZL1			1982-2024	Convertible/Coupe	Incl: ZL1	fallback	Chevrolet Camaro 1991 Convertible 原子事实对应多条候选记录
非皮卡	高度压缩两两组合	Chevrolet	Camaro/Camaro	Camaro	/	/	3XL-0	1982-1984/2017-2024	Coupe/Coupe	/ZL1			1982-2024	Coupe	Incl: ZL1	fallback	Chevrolet Camaro 1992 Coupe 原子事实对应多条候选记录
非皮卡	高度压缩两两组合	Chevrolet	Camaro/Camaro	Camaro	/	/	3XL+0	1985-1990/1988-1990	Coupe/Convertible	IROC-Z/Z28/IROC-Z			1985-1990	Convertible/Coupe	IROC-Z/Z28	fallback	Chevrolet Camaro 1987 Convertible 原子事实对应多条候选记录
非皮卡	高度压缩两两组合	Chevrolet	Camaro/Camaro	Camaro	/	/	3XL+0	1985-1990/1991	Coupe/Coupe	IROC-Z/Z28/Z28			1985-1991	Coupe	IROC-Z/Z28	success	
非皮卡	高度压缩两两组合	Chevrolet	Camaro/Camaro	Camaro	/	/	3XL-0	1967-1969/1982-1984	Convertible/Coupe/Coupe	/			1967-1984	Convertible/Coupe		fallback	Chevrolet Camaro 1970 Coupe 原子事实对应多条候选记录
非皮卡	高度压缩两两组合	Chevrolet	Camaro/Camaro	Camaro	/	/	3XL-0	1967-1969/1987	Convertible/Coupe/Convertible	/IROC-Z			1967-1987	Convertible/Coupe	Incl: IROC-Z	fallback	Chevrolet Camaro 1970 Coupe 原子事实对应多条候选记录
非皮卡	高度压缩两两组合	Chevrolet	Camaro/Camaro	Camaro	/	/	3XL-0	1967-1969/2010-2024	Convertible/Coupe/Coupe	/			1967-2024	Convertible/Coupe		fallback	Chevrolet Camaro 1970 Coupe 原子事实对应多条候选记录
非皮卡	高度压缩两两组合	Chevrolet	Camaro/Camaro	Camaro	/	/	3XL-0	1967-1969/2011-2024	Convertible/Coupe/Convertible	/			1967-2024	Convertible/Coupe		fallback	Chevrolet Camaro 1970 Coupe 原子事实对应多条候选记录
非皮卡	高度压缩两两组合	Chevrolet	Camaro/Camaro	Camaro	/	/	3XL-0	1967-1969/2017-2024	Convertible/Coupe/Convertible	/ZL1			1967-2024	Convertible/Coupe	Incl: ZL1	fallback	Chevrolet Camaro 1970 Coupe 原子事实对应多条候选记录
非皮卡	高度压缩两两组合	Chevrolet	Camaro/Camaro	Camaro	/	/	3XL-0	1967-1969/2017-2024	Convertible/Coupe/Coupe	/ZL1			1967-2024	Convertible/Coupe	Incl: ZL1	fallback	Chevrolet Camaro 1970 Coupe 原子事实对应多条候选记录
非皮卡	高度压缩两两组合	Chevrolet	Camaro/Camaro	Camaro	/	/	3XL+0	1970-1981/1985-1991	Coupe/Coupe	/IROC-Z/Z28			1970-1991	Coupe	Incl: IROC-Z/Z28	fallback	Chevrolet Camaro 1982 Coupe 原子事实对应多条候选记录
非皮卡	高度压缩两两组合	Chevrolet	Camaro/Camaro	Camaro	/	/	3XL+0	1970-1981/1988-1990	Coupe/Convertible	/IROC-Z			1970-1990	Convertible/Coupe	Incl: IROC-Z	fallback	Chevrolet Camaro 1982 Coupe 原子事实对应多条候选记录
非皮卡	高度压缩两两组合	Chevrolet	Camaro/Camaro	Camaro	/	/	3XL+0	1970-1981/1991-1992	Coupe/Convertible	/			1970-1992	Convertible/Coupe		fallback	Chevrolet Camaro 1982 Coupe 原子事实对应多条候选记录
非皮卡	高度压缩两两组合	Chevrolet	Camaro/Camaro	Camaro	/	/	3XL+0	1970-1981/1992-2002	Coupe/Coupe	/			1970-2002	Coupe		fallback	Chevrolet Camaro 1982 Coupe 原子事实对应多条候选记录
非皮卡	高度压缩两两组合	Chevrolet	Camaro/Camaro	Camaro	/	/	3XL+0	1970-1981/1994-2002	Coupe/Convertible	/			1970-2002	Convertible/Coupe		fallback	Chevrolet Camaro 1982 Coupe 原子事实对应多条候选记录
非皮卡	高度压缩两两组合	Chevrolet	Camaro/Camaro	Camaro	/	/	3XL+0	1970-1981/1995-1997	Coupe/Coupe	/Z28			1970-1997	Coupe	Incl: Z28	fallback	Chevrolet Camaro 1982 Coupe 原子事实对应多条候选记录
非皮卡	高度压缩两两组合	Chevrolet	Camaro/Camaro	Camaro	/	/	3XL-0	1982-1984/1987	Coupe/Convertible	/IROC-Z			1982-1987	Convertible/Coupe	Incl: IROC-Z	fallback	Chevrolet Camaro 1985 Coupe 原子事实对应多条候选记录
非皮卡	高度压缩两两组合	Chevrolet	Camaro/Camaro	Camaro	/	/	3XL-0	1982-1984/2010-2024	Coupe/Coupe	/			1982-2024	Coupe		fallback	Chevrolet Camaro 1992 Coupe 原子事实对应多条候选记录
非皮卡	高度压缩两两组合	Chevrolet	Camaro/Camaro	Camaro	/	/	3XL-0	1982-1984/2011-2024	Coupe/Convertible	/			1982-2024	Convertible/Coupe		fallback	Chevrolet Camaro 1991 Convertible 原子事实对应多条候选记录
非皮卡	高度压缩两两组合	Chevrolet	Camaro/Camaro	Camaro	/	/	3XL-0	1982-1984/2017-2024	Coupe/Convertible	/ZL1			1982-2024	Convertible/Coupe	Incl: ZL1	fallback	Chevrolet Camaro 1991 Convertible 原子事实对应多条候选记录
非皮卡	高度压缩两两组合	Chevrolet	Camaro/Camaro	Camaro	/	/	3XL-0	1982-1984/2017-2024	Coupe/Coupe	/ZL1			1982-2024	Coupe	Incl: ZL1	fallback	Chevrolet Camaro 1992 Coupe 原子事实对应多条候选记录
非皮卡	高度压缩两两组合	Chevrolet	Camaro/Camaro	Camaro	/	/	3XL+0	1985-1991/1988-1990	Coupe/Convertible	IROC-Z/Z28/IROC-Z			1985-1991	Convertible/Coupe	IROC-Z/Z28	fallback	Chevrolet Camaro 1987 Convertible 原子事实对应多条候选记录
非皮卡	高度压缩两两组合	Chevrolet	Camaro/Camaro	Camaro	/	/	3XL+0	1985-1991/1991-1992	Coupe/Convertible	IROC-Z/Z28/			1985-1992	Convertible/Coupe	Incl: IROC-Z/Z28	fallback	Chevrolet Camaro 1987 Convertible 原子事实对应多条候选记录
非皮卡	高度压缩两两组合	Chevrolet	Camaro/Camaro	Camaro	/	/	3XL+0	1985-1991/1992-2002	Coupe/Coupe	IROC-Z/Z28/			1985-2002	Coupe	Incl: IROC-Z/Z28	fallback	Chevrolet Camaro 1995 Coupe 原子事实对应多条候选记录
非皮卡	高度压缩两两组合	Chevrolet	Camaro/Camaro	Camaro	/	/	3XL+0	1985-1991/1994-2002	Coupe/Convertible	IROC-Z/Z28/			1985-2002	Convertible/Coupe	Incl: IROC-Z/Z28	fallback	Chevrolet Camaro 1987 Convertible 原子事实对应多条候选记录
非皮卡	高度压缩两两组合	Chevrolet	Camaro/Camaro	Camaro	/	/	3XL+0	1985-1991/1995-1997	Coupe/Coupe	IROC-Z/Z28/Z28			1985-1997	Coupe	IROC-Z/Z28	success	
非皮卡	高度压缩两两组合	Chevrolet	Camaro/Camaro	Camaro	/	/	3XL-0	1967-1969/1982-1984	Convertible/Coupe/Coupe	/			1967-1984	Convertible/Coupe		fallback	Chevrolet Camaro 1970 Coupe 原子事实对应多条候选记录
非皮卡	高度压缩两两组合	Chevrolet	Camaro/Camaro	Camaro	/	/	3XL-0	1967-1969/1987	Convertible/Coupe/Convertible	/IROC-Z			1967-1987	Convertible/Coupe	Incl: IROC-Z	fallback	Chevrolet Camaro 1970 Coupe 原子事实对应多条候选记录
非皮卡	高度压缩两两组合	Chevrolet	Camaro/Camaro	Camaro	/	/	3XL-0	1967-1969/2010-2024	Convertible/Coupe/Coupe	/			1967-2024	Convertible/Coupe		fallback	Chevrolet Camaro 1970 Coupe 原子事实对应多条候选记录
非皮卡	高度压缩两两组合	Chevrolet	Camaro/Camaro	Camaro	/	/	3XL-0	1967-1969/2011-2024	Convertible/Coupe/Convertible	/			1967-2024	Convertible/Coupe		fallback	Chevrolet Camaro 1970 Coupe 原子事实对应多条候选记录
非皮卡	高度压缩两两组合	Chevrolet	Camaro/Camaro	Camaro	/	/	3XL-0	1967-1969/2017-2024	Convertible/Coupe/Convertible	/ZL1			1967-2024	Convertible/Coupe	Incl: ZL1	fallback	Chevrolet Camaro 1970 Coupe 原子事实对应多条候选记录
非皮卡	高度压缩两两组合	Chevrolet	Camaro/Camaro	Camaro	/	/	3XL-0	1967-1969/2017-2024	Convertible/Coupe/Coupe	/ZL1			1967-2024	Convertible/Coupe	Incl: ZL1	fallback	Chevrolet Camaro 1970 Coupe 原子事实对应多条候选记录
非皮卡	高度压缩两两组合	Chevrolet	Camaro/Camaro	Camaro	/	/	3XL+0	1970-1981/1985-1997	Coupe/Coupe	/IROC-Z/Z28			1970-1997	Coupe	Incl: IROC-Z/Z28	fallback	Chevrolet Camaro 1982 Coupe 原子事实对应多条候选记录
非皮卡	高度压缩两两组合	Chevrolet	Camaro/Camaro	Camaro	/	/	3XL+0	1970-1981/1988-1990	Coupe/Convertible	/IROC-Z			1970-1990	Convertible/Coupe	Incl: IROC-Z	fallback	Chevrolet Camaro 1982 Coupe 原子事实对应多条候选记录
非皮卡	高度压缩两两组合	Chevrolet	Camaro/Camaro	Camaro	/	/	3XL+0	1970-1981/1991-1992	Coupe/Convertible	/			1970-1992	Convertible/Coupe		fallback	Chevrolet Camaro 1982 Coupe 原子事实对应多条候选记录
非皮卡	高度压缩两两组合	Chevrolet	Camaro/Camaro	Camaro	/	/	3XL+0	1970-1981/1992-2002	Coupe/Coupe	/			1970-2002	Coupe		fallback	Chevrolet Camaro 1982 Coupe 原子事实对应多条候选记录
非皮卡	高度压缩两两组合	Chevrolet	Camaro/Camaro	Camaro	/	/	3XL+0	1970-1981/1994-2002	Coupe/Convertible	/			1970-2002	Convertible/Coupe		fallback	Chevrolet Camaro 1982 Coupe 原子事实对应多条候选记录
非皮卡	高度压缩两两组合	Chevrolet	Camaro/Camaro	Camaro	/	/	3XL-0	1982-1984/1987	Coupe/Convertible	/IROC-Z			1982-1987	Convertible/Coupe	Incl: IROC-Z	fallback	Chevrolet Camaro 1985 Coupe 原子事实对应多条候选记录
非皮卡	高度压缩两两组合	Chevrolet	Camaro/Camaro	Camaro	/	/	3XL-0	1982-1984/2010-2024	Coupe/Coupe	/			1982-2024	Coupe		fallback	Chevrolet Camaro 1992 Coupe 原子事实对应多条候选记录
非皮卡	高度压缩两两组合	Chevrolet	Camaro/Camaro	Camaro	/	/	3XL-0	1982-1984/2011-2024	Coupe/Convertible	/			1982-2024	Convertible/Coupe		fallback	Chevrolet Camaro 1991 Convertible 原子事实对应多条候选记录
非皮卡	高度压缩两两组合	Chevrolet	Camaro/Camaro	Camaro	/	/	3XL-0	1982-1984/2017-2024	Coupe/Convertible	/ZL1			1982-2024	Convertible/Coupe	Incl: ZL1	fallback	Chevrolet Camaro 1991 Convertible 原子事实对应多条候选记录
非皮卡	高度压缩两两组合	Chevrolet	Camaro/Camaro	Camaro	/	/	3XL-0	1982-1984/2017-2024	Coupe/Coupe	/ZL1			1982-2024	Coupe	Incl: ZL1	fallback	Chevrolet Camaro 1992 Coupe 原子事实对应多条候选记录
非皮卡	高度压缩两两组合	Chevrolet	Camaro/Camaro	Camaro	/	/	3XL+0	1985-1997/1988-1990	Coupe/Convertible	IROC-Z/Z28/IROC-Z			1985-1997	Convertible/Coupe	IROC-Z/Z28	fallback	Chevrolet Camaro 1987 Convertible 原子事实对应多条候选记录
非皮卡	高度压缩两两组合	Chevrolet	Camaro/Camaro	Camaro	/	/	3XL+0	1985-1997/1991-1992	Coupe/Convertible	IROC-Z/Z28/			1985-1997	Convertible/Coupe	Incl: IROC-Z/Z28	fallback	Chevrolet Camaro 1987 Convertible 原子事实对应多条候选记录
非皮卡	高度压缩两两组合	Chevrolet	Camaro/Camaro	Camaro	/	/	3XL+0	1985-1997/1992-2002	Coupe/Coupe	IROC-Z/Z28/			1985-2002	Coupe	Incl: IROC-Z/Z28	success	
非皮卡	高度压缩两两组合	Chevrolet	Camaro/Camaro	Camaro	/	/	3XL-0	1967-1969/1982-1984	Convertible/Coupe/Coupe	/			1967-1984	Convertible/Coupe		fallback	Chevrolet Camaro 1970 Coupe 原子事实对应多条候选记录
非皮卡	高度压缩两两组合	Chevrolet	Camaro/Camaro	Camaro	/	/	3XL-0	1967-1969/1987	Convertible/Coupe/Convertible	/IROC-Z			1967-1987	Convertible/Coupe	Incl: IROC-Z	fallback	Chevrolet Camaro 1970 Coupe 原子事实对应多条候选记录
非皮卡	高度压缩两两组合	Chevrolet	Camaro/Camaro	Camaro	/	/	3XL-0	1967-1969/2010-2024	Convertible/Coupe/Coupe	/			1967-2024	Convertible/Coupe		fallback	Chevrolet Camaro 1970 Coupe 原子事实对应多条候选记录
非皮卡	高度压缩两两组合	Chevrolet	Camaro/Camaro	Camaro	/	/	3XL-0	1967-1969/2011-2024	Convertible/Coupe/Convertible	/			1967-2024	Convertible/Coupe		fallback	Chevrolet Camaro 1970 Coupe 原子事实对应多条候选记录
非皮卡	高度压缩两两组合	Chevrolet	Camaro/Camaro	Camaro	/	/	3XL-0	1967-1969/2017-2024	Convertible/Coupe/Convertible	/ZL1			1967-2024	Convertible/Coupe	Incl: ZL1	fallback	Chevrolet Camaro 1970 Coupe 原子事实对应多条候选记录
非皮卡	高度压缩两两组合	Chevrolet	Camaro/Camaro	Camaro	/	/	3XL-0	1967-1969/2017-2024	Convertible/Coupe/Coupe	/ZL1			1967-2024	Convertible/Coupe	Incl: ZL1	fallback	Chevrolet Camaro 1970 Coupe 原子事实对应多条候选记录
非皮卡	高度压缩两两组合	Chevrolet	Camaro/Camaro	Camaro	/	/	3XL+0	1970-1981/1985-2002	Coupe/Coupe	/Incl: IROC-Z/Z28			1970-2002	Coupe	Incl: IROC-Z/Z28	fallback	Chevrolet Camaro 1982 Coupe 原子事实对应多条候选记录
非皮卡	高度压缩两两组合	Chevrolet	Camaro/Camaro	Camaro	/	/	3XL+0	1970-1981/1988-1990	Coupe/Convertible	/IROC-Z			1970-1990	Convertible/Coupe	Incl: IROC-Z	fallback	Chevrolet Camaro 1982 Coupe 原子事实对应多条候选记录
非皮卡	高度压缩两两组合	Chevrolet	Camaro/Camaro	Camaro	/	/	3XL+0	1970-1981/1991-1992	Coupe/Convertible	/			1970-1992	Convertible/Coupe		fallback	Chevrolet Camaro 1982 Coupe 原子事实对应多条候选记录
非皮卡	高度压缩两两组合	Chevrolet	Camaro/Camaro	Camaro	/	/	3XL+0	1970-1981/1994-2002	Coupe/Convertible	/			1970-2002	Convertible/Coupe		fallback	Chevrolet Camaro 1982 Coupe 原子事实对应多条候选记录
非皮卡	高度压缩两两组合	Chevrolet	Camaro/Camaro	Camaro	/	/	3XL-0	1982-1984/1987	Coupe/Convertible	/IROC-Z			1982-1987	Convertible/Coupe	Incl: IROC-Z	fallback	Chevrolet Camaro 1985 Coupe 原子事实对应多条候选记录
非皮卡	高度压缩两两组合	Chevrolet	Camaro/Camaro	Camaro	/	/	3XL-0	1982-1984/2010-2024	Coupe/Coupe	/			1982-2024	Coupe		fallback	Chevrolet Camaro 1992 Coupe 原子事实对应多条候选记录
非皮卡	高度压缩两两组合	Chevrolet	Camaro/Camaro	Camaro	/	/	3XL-0	1982-1984/2011-2024	Coupe/Convertible	/			1982-2024	Convertible/Coupe		fallback	Chevrolet Camaro 1991 Convertible 原子事实对应多条候选记录
非皮卡	高度压缩两两组合	Chevrolet	Camaro/Camaro	Camaro	/	/	3XL-0	1982-1984/2017-2024	Coupe/Convertible	/ZL1			1982-2024	Convertible/Coupe	Incl: ZL1	fallback	Chevrolet Camaro 1991 Convertible 原子事实对应多条候选记录
非皮卡	高度压缩两两组合	Chevrolet	Camaro/Camaro	Camaro	/	/	3XL-0	1982-1984/2017-2024	Coupe/Coupe	/ZL1			1982-2024	Coupe	Incl: ZL1	fallback	Chevrolet Camaro 1992 Coupe 原子事实对应多条候选记录
非皮卡	高度压缩两两组合	Chevrolet	Camaro/Camaro	Camaro	/	/	3XL+0	1985-2002/1988-1990	Coupe/Convertible	Incl: IROC-Z/Z28/IROC-Z			1985-2002	Convertible/Coupe	Incl: IROC-Z/Z28	fallback	Chevrolet Camaro 1987 Convertible 原子事实对应多条候选记录
非皮卡	高度压缩两两组合	Chevrolet	Camaro/Camaro	Camaro	/	/	3XL+0	1985-2002/1991-1992	Coupe/Convertible	Incl: IROC-Z/Z28/			1985-2002	Convertible/Coupe	Incl: IROC-Z/Z28	fallback	Chevrolet Camaro 1987 Convertible 原子事实对应多条候选记录
非皮卡	高度压缩两两组合	Chevrolet	Camaro/Camaro	Camaro	/	/	3XL+0	1985-2002/1994-2002	Coupe/Convertible	Incl: IROC-Z/Z28/			1985-2002	Convertible/Coupe	Incl: IROC-Z/Z28	fallback	Chevrolet Camaro 1987 Convertible 原子事实对应多条候选记录
非皮卡	高度压缩两两组合	Chevrolet	Camaro/Camaro	Camaro	/	/	3XL-0	1987/2010-2024	Convertible/Coupe	IROC-Z/			1987-2024	Convertible/Coupe	Incl: IROC-Z	fallback	Chevrolet Camaro 1987 Coupe 原子事实对应多条候选记录
非皮卡	高度压缩两两组合	Chevrolet	Camaro/Camaro	Camaro	/	/	3XL-0	1987/2011-2024	Convertible/Convertible	IROC-Z/			1987-2024	Convertible	Incl: IROC-Z	fallback	Chevrolet Camaro 1988 Convertible 原子事实对应多条候选记录
非皮卡	高度压缩两两组合	Chevrolet	Camaro/Camaro	Camaro	/	/	3XL-0	1987/2017-2024	Convertible/Convertible	IROC-Z/ZL1			1987-2024	Convertible	IROC-Z/ZL1	fallback	Chevrolet Camaro 1988 Convertible 原子事实对应多条候选记录
非皮卡	高度压缩两两组合	Chevrolet	Camaro/Camaro	Camaro	/	/	3XL-0	1987/2017-2024	Convertible/Coupe	IROC-Z/ZL1			1987-2024	Convertible/Coupe	IROC-Z/ZL1	fallback	Chevrolet Camaro 1987 Coupe 原子事实对应多条候选记录
非皮卡	高度压缩两两组合	Chevrolet	Camaro/Camaro	Camaro	/	/	3XL+0	1988-1990/1991-1992	Convertible/Convertible	IROC-Z/			1988-1992	Convertible	Incl: IROC-Z	success	
非皮卡	高度压缩两两组合	Chevrolet	Camaro/Camaro	Camaro	/	/	3XL-0	1967-1969/1982-1984	Convertible/Coupe/Coupe	/			1967-1984	Convertible/Coupe		fallback	Chevrolet Camaro 1970 Coupe 原子事实对应多条候选记录
非皮卡	高度压缩两两组合	Chevrolet	Camaro/Camaro	Camaro	/	/	3XL-0	1967-1969/1987	Convertible/Coupe/Convertible	/IROC-Z			1967-1987	Convertible/Coupe	Incl: IROC-Z	fallback	Chevrolet Camaro 1970 Coupe 原子事实对应多条候选记录
非皮卡	高度压缩两两组合	Chevrolet	Camaro/Camaro	Camaro	/	/	3XL-0	1967-1969/2010-2024	Convertible/Coupe/Coupe	/			1967-2024	Convertible/Coupe		fallback	Chevrolet Camaro 1970 Coupe 原子事实对应多条候选记录
非皮卡	高度压缩两两组合	Chevrolet	Camaro/Camaro	Camaro	/	/	3XL-0	1967-1969/2011-2024	Convertible/Coupe/Convertible	/			1967-2024	Convertible/Coupe		fallback	Chevrolet Camaro 1970 Coupe 原子事实对应多条候选记录
非皮卡	高度压缩两两组合	Chevrolet	Camaro/Camaro	Camaro	/	/	3XL-0	1967-1969/2017-2024	Convertible/Coupe/Convertible	/ZL1			1967-2024	Convertible/Coupe	Incl: ZL1	fallback	Chevrolet Camaro 1970 Coupe 原子事实对应多条候选记录
非皮卡	高度压缩两两组合	Chevrolet	Camaro/Camaro	Camaro	/	/	3XL-0	1967-1969/2017-2024	Convertible/Coupe/Coupe	/ZL1			1967-2024	Convertible/Coupe	Incl: ZL1	fallback	Chevrolet Camaro 1970 Coupe 原子事实对应多条候选记录
非皮卡	高度压缩两两组合	Chevrolet	Camaro/Camaro	Camaro	/	/	3XL+0	1970-1981/1985-2002	Coupe/Coupe	/Incl: IROC-Z/Z28			1970-2002	Coupe	Incl: IROC-Z/Z28	fallback	Chevrolet Camaro 1982 Coupe 原子事实对应多条候选记录
非皮卡	高度压缩两两组合	Chevrolet	Camaro/Camaro	Camaro	/	/	3XL+0	1970-1981/1988-1992	Coupe/Convertible	/Incl: IROC-Z			1970-1992	Convertible/Coupe	Incl: IROC-Z	fallback	Chevrolet Camaro 1982 Coupe 原子事实对应多条候选记录
非皮卡	高度压缩两两组合	Chevrolet	Camaro/Camaro	Camaro	/	/	3XL+0	1970-1981/1994-2002	Coupe/Convertible	/			1970-2002	Convertible/Coupe		fallback	Chevrolet Camaro 1982 Coupe 原子事实对应多条候选记录
非皮卡	高度压缩两两组合	Chevrolet	Camaro/Camaro	Camaro	/	/	3XL-0	1982-1984/1987	Coupe/Convertible	/IROC-Z			1982-1987	Convertible/Coupe	Incl: IROC-Z	fallback	Chevrolet Camaro 1985 Coupe 原子事实对应多条候选记录
非皮卡	高度压缩两两组合	Chevrolet	Camaro/Camaro	Camaro	/	/	3XL-0	1982-1984/2010-2024	Coupe/Coupe	/			1982-2024	Coupe		fallback	Chevrolet Camaro 1992 Coupe 原子事实对应多条候选记录
非皮卡	高度压缩两两组合	Chevrolet	Camaro/Camaro	Camaro	/	/	3XL-0	1982-1984/2011-2024	Coupe/Convertible	/			1982-2024	Convertible/Coupe		fallback	Chevrolet Camaro 1991 Convertible 原子事实对应多条候选记录
非皮卡	高度压缩两两组合	Chevrolet	Camaro/Camaro	Camaro	/	/	3XL-0	1982-1984/2017-2024	Coupe/Convertible	/ZL1			1982-2024	Convertible/Coupe	Incl: ZL1	fallback	Chevrolet Camaro 1991 Convertible 原子事实对应多条候选记录
非皮卡	高度压缩两两组合	Chevrolet	Camaro/Camaro	Camaro	/	/	3XL-0	1982-1984/2017-2024	Coupe/Coupe	/ZL1			1982-2024	Coupe	Incl: ZL1	fallback	Chevrolet Camaro 1992 Coupe 原子事实对应多条候选记录
非皮卡	高度压缩两两组合	Chevrolet	Camaro/Camaro	Camaro	/	/	3XL+0	1985-2002/1988-1992	Coupe/Convertible	Incl: IROC-Z/Z28/Incl: IROC-Z			1985-2002	Convertible/Coupe	Incl: IROC-Z/Z28	fallback	Chevrolet Camaro 1987 Convertible 原子事实对应多条候选记录
非皮卡	高度压缩两两组合	Chevrolet	Camaro/Camaro	Camaro	/	/	3XL+0	1985-2002/1994-2002	Coupe/Convertible	Incl: IROC-Z/Z28/			1985-2002	Convertible/Coupe	Incl: IROC-Z/Z28	fallback	Chevrolet Camaro 1987 Convertible 原子事实对应多条候选记录
非皮卡	高度压缩两两组合	Chevrolet	Camaro/Camaro	Camaro	/	/	3XL-0	1987/2010-2024	Convertible/Coupe	IROC-Z/			1987-2024	Convertible/Coupe	Incl: IROC-Z	fallback	Chevrolet Camaro 1987 Coupe 原子事实对应多条候选记录
非皮卡	高度压缩两两组合	Chevrolet	Camaro/Camaro	Camaro	/	/	3XL-0	1987/2011-2024	Convertible/Convertible	IROC-Z/			1987-2024	Convertible	Incl: IROC-Z	fallback	Chevrolet Camaro 1988 Convertible 原子事实对应多条候选记录
非皮卡	高度压缩两两组合	Chevrolet	Camaro/Camaro	Camaro	/	/	3XL-0	1987/2017-2024	Convertible/Convertible	IROC-Z/ZL1			1987-2024	Convertible	IROC-Z/ZL1	fallback	Chevrolet Camaro 1988 Convertible 原子事实对应多条候选记录
非皮卡	高度压缩两两组合	Chevrolet	Camaro/Camaro	Camaro	/	/	3XL-0	1987/2017-2024	Convertible/Coupe	IROC-Z/ZL1			1987-2024	Convertible/Coupe	IROC-Z/ZL1	fallback	Chevrolet Camaro 1987 Coupe 原子事实对应多条候选记录
非皮卡	高度压缩两两组合	Chevrolet	Camaro/Camaro	Camaro	/	/	3XL+0	1988-1992/1994-2002	Convertible/Convertible	Incl: IROC-Z/			1988-2002	Convertible	Incl: IROC-Z	success	
非皮卡	高度压缩两两组合	Chevrolet	Camaro/Camaro	Camaro	/	/	3XL-0	1967-1969/1982-1984	Convertible/Coupe/Coupe	/			1967-1984	Convertible/Coupe		fallback	Chevrolet Camaro 1970 Coupe 原子事实对应多条候选记录
非皮卡	高度压缩两两组合	Chevrolet	Camaro/Camaro	Camaro	/	/	3XL-0	1967-1969/1987	Convertible/Coupe/Convertible	/IROC-Z			1967-1987	Convertible/Coupe	Incl: IROC-Z	fallback	Chevrolet Camaro 1970 Coupe 原子事实对应多条候选记录
非皮卡	高度压缩两两组合	Chevrolet	Camaro/Camaro	Camaro	/	/	3XL-0	1967-1969/2010-2024	Convertible/Coupe/Coupe	/			1967-2024	Convertible/Coupe		fallback	Chevrolet Camaro 1970 Coupe 原子事实对应多条候选记录
非皮卡	高度压缩两两组合	Chevrolet	Camaro/Camaro	Camaro	/	/	3XL-0	1967-1969/2011-2024	Convertible/Coupe/Convertible	/			1967-2024	Convertible/Coupe		fallback	Chevrolet Camaro 1970 Coupe 原子事实对应多条候选记录
非皮卡	高度压缩两两组合	Chevrolet	Camaro/Camaro	Camaro	/	/	3XL-0	1967-1969/2017-2024	Convertible/Coupe/Convertible	/ZL1			1967-2024	Convertible/Coupe	Incl: ZL1	fallback	Chevrolet Camaro 1970 Coupe 原子事实对应多条候选记录
非皮卡	高度压缩两两组合	Chevrolet	Camaro/Camaro	Camaro	/	/	3XL-0	1967-1969/2017-2024	Convertible/Coupe/Coupe	/ZL1			1967-2024	Convertible/Coupe	Incl: ZL1	fallback	Chevrolet Camaro 1970 Coupe 原子事实对应多条候选记录
非皮卡	高度压缩两两组合	Chevrolet	Camaro/Camaro	Camaro	/	/	3XL+0	1970-1981/1985-2002	Coupe/Coupe	/Incl: IROC-Z/Z28			1970-2002	Coupe	Incl: IROC-Z/Z28	fallback	Chevrolet Camaro 1982 Coupe 原子事实对应多条候选记录
非皮卡	高度压缩两两组合	Chevrolet	Camaro/Camaro	Camaro	/	/	3XL+0	1970-1981/1988-2002	Coupe/Convertible	/Incl: IROC-Z			1970-2002	Convertible/Coupe	Incl: IROC-Z	fallback	Chevrolet Camaro 1982 Coupe 原子事实对应多条候选记录
非皮卡	高度压缩两两组合	Chevrolet	Camaro/Camaro	Camaro	/	/	3XL-0	1982-1984/1987	Coupe/Convertible	/IROC-Z			1982-1987	Convertible/Coupe	Incl: IROC-Z	fallback	Chevrolet Camaro 1985 Coupe 原子事实对应多条候选记录
非皮卡	高度压缩两两组合	Chevrolet	Camaro/Camaro	Camaro	/	/	3XL-0	1982-1984/2010-2024	Coupe/Coupe	/			1982-2024	Coupe		fallback	Chevrolet Camaro 1992 Coupe 原子事实对应多条候选记录
非皮卡	高度压缩两两组合	Chevrolet	Camaro/Camaro	Camaro	/	/	3XL-0	1982-1984/2011-2024	Coupe/Convertible	/			1982-2024	Convertible/Coupe		fallback	Chevrolet Camaro 1991 Convertible 原子事实对应多条候选记录
非皮卡	高度压缩两两组合	Chevrolet	Camaro/Camaro	Camaro	/	/	3XL-0	1982-1984/2017-2024	Coupe/Convertible	/ZL1			1982-2024	Convertible/Coupe	Incl: ZL1	fallback	Chevrolet Camaro 1991 Convertible 原子事实对应多条候选记录
非皮卡	高度压缩两两组合	Chevrolet	Camaro/Camaro	Camaro	/	/	3XL-0	1982-1984/2017-2024	Coupe/Coupe	/ZL1			1982-2024	Coupe	Incl: ZL1	fallback	Chevrolet Camaro 1992 Coupe 原子事实对应多条候选记录
非皮卡	高度压缩两两组合	Chevrolet	Camaro/Camaro	Camaro	/	/	3XL+0	1985-2002/1988-2002	Coupe/Convertible	Incl: IROC-Z/Z28/Incl: IROC-Z			1985-2002	Convertible/Coupe	Incl: IROC-Z/Z28	fallback	Chevrolet Camaro 1987 Convertible 原子事实对应多条候选记录
非皮卡	高度压缩两两组合	Chevrolet	Camaro/Camaro	Camaro	/	/	3XL-0	1987/2010-2024	Convertible/Coupe	IROC-Z/			1987-2024	Convertible/Coupe	Incl: IROC-Z	fallback	Chevrolet Camaro 1987 Coupe 原子事实对应多条候选记录
非皮卡	高度压缩两两组合	Chevrolet	Camaro/Camaro	Camaro	/	/	3XL-0	1987/2011-2024	Convertible/Convertible	IROC-Z/			1987-2024	Convertible	Incl: IROC-Z	fallback	Chevrolet Camaro 1988 Convertible 原子事实对应多条候选记录
非皮卡	高度压缩两两组合	Chevrolet	Camaro/Camaro	Camaro	/	/	3XL-0	1987/2017-2024	Convertible/Convertible	IROC-Z/ZL1			1987-2024	Convertible	IROC-Z/ZL1	fallback	Chevrolet Camaro 1988 Convertible 原子事实对应多条候选记录
非皮卡	高度压缩两两组合	Chevrolet	Camaro/Camaro	Camaro	/	/	3XL-0	1987/2017-2024	Convertible/Coupe	IROC-Z/ZL1			1987-2024	Convertible/Coupe	IROC-Z/ZL1	fallback	Chevrolet Camaro 1987 Coupe 原子事实对应多条候选记录
非皮卡	高度压缩两两组合	Chevrolet	Camaro/Camaro	Camaro	/	/	3XL-0	2010-2024/2011-2024	Coupe/Convertible	/			2010-2024	Convertible/Coupe		success	
非皮卡	高度压缩两两组合	Chevrolet	Camaro/Camaro	Camaro	/	/	3XL-0	1967-1969/1982-1984	Convertible/Coupe/Coupe	/			1967-1984	Convertible/Coupe		fallback	Chevrolet Camaro 1970 Coupe 原子事实对应多条候选记录
非皮卡	高度压缩两两组合	Chevrolet	Camaro/Camaro	Camaro	/	/	3XL-0	1967-1969/1987	Convertible/Coupe/Convertible	/IROC-Z			1967-1987	Convertible/Coupe	Incl: IROC-Z	fallback	Chevrolet Camaro 1970 Coupe 原子事实对应多条候选记录
非皮卡	高度压缩两两组合	Chevrolet	Camaro/Camaro	Camaro	/	/	3XL-0	1967-1969/2010-2024	Convertible/Coupe/Convertible/Coupe	/			1967-2024	Convertible/Coupe		fallback	Chevrolet Camaro 1970 Coupe 原子事实对应多条候选记录
非皮卡	高度压缩两两组合	Chevrolet	Camaro/Camaro	Camaro	/	/	3XL-0	1967-1969/2017-2024	Convertible/Coupe/Convertible	/ZL1			1967-2024	Convertible/Coupe	Incl: ZL1	fallback	Chevrolet Camaro 1970 Coupe 原子事实对应多条候选记录
非皮卡	高度压缩两两组合	Chevrolet	Camaro/Camaro	Camaro	/	/	3XL-0	1967-1969/2017-2024	Convertible/Coupe/Coupe	/ZL1			1967-2024	Convertible/Coupe	Incl: ZL1	fallback	Chevrolet Camaro 1970 Coupe 原子事实对应多条候选记录
非皮卡	高度压缩两两组合	Chevrolet	Camaro/Camaro	Camaro	/	/	3XL+0	1970-1981/1985-2002	Coupe/Coupe	/Incl: IROC-Z/Z28			1970-2002	Coupe	Incl: IROC-Z/Z28	fallback	Chevrolet Camaro 1982 Coupe 原子事实对应多条候选记录
非皮卡	高度压缩两两组合	Chevrolet	Camaro/Camaro	Camaro	/	/	3XL+0	1970-1981/1988-2002	Coupe/Convertible	/Incl: IROC-Z			1970-2002	Convertible/Coupe	Incl: IROC-Z	fallback	Chevrolet Camaro 1982 Coupe 原子事实对应多条候选记录
非皮卡	高度压缩两两组合	Chevrolet	Camaro/Camaro	Camaro	/	/	3XL-0	1982-1984/1987	Coupe/Convertible	/IROC-Z			1982-1987	Convertible/Coupe	Incl: IROC-Z	fallback	Chevrolet Camaro 1985 Coupe 原子事实对应多条候选记录
非皮卡	高度压缩两两组合	Chevrolet	Camaro/Camaro	Camaro	/	/	3XL-0	1982-1984/2010-2024	Coupe/Convertible/Coupe	/			1982-2024	Convertible/Coupe		fallback	Chevrolet Camaro 1991 Convertible 原子事实对应多条候选记录
非皮卡	高度压缩两两组合	Chevrolet	Camaro/Camaro	Camaro	/	/	3XL-0	1982-1984/2017-2024	Coupe/Convertible	/ZL1			1982-2024	Convertible/Coupe	Incl: ZL1	fallback	Chevrolet Camaro 1991 Convertible 原子事实对应多条候选记录
非皮卡	高度压缩两两组合	Chevrolet	Camaro/Camaro	Camaro	/	/	3XL-0	1982-1984/2017-2024	Coupe/Coupe	/ZL1			1982-2024	Coupe	Incl: ZL1	fallback	Chevrolet Camaro 1992 Coupe 原子事实对应多条候选记录
非皮卡	高度压缩两两组合	Chevrolet	Camaro/Camaro	Camaro	/	/	3XL+0	1985-2002/1988-2002	Coupe/Convertible	Incl: IROC-Z/Z28/Incl: IROC-Z			1985-2002	Convertible/Coupe	Incl: IROC-Z/Z28	fallback	Chevrolet Camaro 1987 Convertible 原子事实对应多条候选记录
非皮卡	高度压缩两两组合	Chevrolet	Camaro/Camaro	Camaro	/	/	3XL-0	1987/2010-2024	Convertible/Convertible/Coupe	IROC-Z/			1987-2024	Convertible/Coupe	Incl: IROC-Z	fallback	Chevrolet Camaro 1987 Coupe 原子事实对应多条候选记录
非皮卡	高度压缩两两组合	Chevrolet	Camaro/Camaro	Camaro	/	/	3XL-0	1987/2017-2024	Convertible/Convertible	IROC-Z/ZL1			1987-2024	Convertible	IROC-Z/ZL1	fallback	Chevrolet Camaro 1988 Convertible 原子事实对应多条候选记录
非皮卡	高度压缩两两组合	Chevrolet	Camaro/Camaro	Camaro	/	/	3XL-0	1987/2017-2024	Convertible/Coupe	IROC-Z/ZL1			1987-2024	Convertible/Coupe	IROC-Z/ZL1	fallback	Chevrolet Camaro 1987 Coupe 原子事实对应多条候选记录
非皮卡	高度压缩两两组合	Chevrolet	Camaro/Camaro	Camaro	/	/	3XL-0	2010-2024/2017-2024	Convertible/Coupe/Convertible	/ZL1			2010-2024	Convertible/Coupe	Incl: ZL1	fallback	Chevrolet Camaro 2017 Coupe 原子事实对应多条候选记录
非皮卡	高度压缩两两组合	Chevrolet	Camaro/Camaro	Camaro	/	/	3XL-0	2010-2024/2017-2024	Convertible/Coupe/Coupe	/ZL1			2010-2024	Convertible/Coupe	Incl: ZL1	fallback	Chevrolet Camaro 2017 Convertible 原子事实对应多条候选记录
非皮卡	高度压缩两两组合	Chevrolet	Camaro/Camaro	Camaro	/	/	3XL-0	2017-2024/2017-2024	Convertible/Coupe	ZL1/ZL1			2017-2024	Convertible/Coupe	ZL1	success	
非皮卡	高度压缩两两组合	Chevrolet	Camaro/Camaro	Camaro	/	/	3XL-0	1967-1969/1982-1984	Convertible/Coupe/Coupe	/			1967-1984	Convertible/Coupe		fallback	Chevrolet Camaro 1970 Coupe 原子事实对应多条候选记录
非皮卡	高度压缩两两组合	Chevrolet	Camaro/Camaro	Camaro	/	/	3XL-0	1967-1969/1987	Convertible/Coupe/Convertible	/IROC-Z			1967-1987	Convertible/Coupe	Incl: IROC-Z	fallback	Chevrolet Camaro 1970 Coupe 原子事实对应多条候选记录
非皮卡	高度压缩两两组合	Chevrolet	Camaro/Camaro	Camaro	/	/	3XL-0	1967-1969/2010-2024	Convertible/Coupe/Convertible/Coupe	/			1967-2024	Convertible/Coupe		fallback	Chevrolet Camaro 1970 Coupe 原子事实对应多条候选记录
非皮卡	高度压缩两两组合	Chevrolet	Camaro/Camaro	Camaro	/	/	3XL-0	1967-1969/2017-2024	Convertible/Coupe/Convertible/Coupe	/ZL1			1967-2024	Convertible/Coupe	Incl: ZL1	fallback	Chevrolet Camaro 1970 Coupe 原子事实对应多条候选记录
非皮卡	高度压缩两两组合	Chevrolet	Camaro/Camaro	Camaro	/	/	3XL+0	1970-1981/1985-2002	Coupe/Coupe	/Incl: IROC-Z/Z28			1970-2002	Coupe	Incl: IROC-Z/Z28	fallback	Chevrolet Camaro 1982 Coupe 原子事实对应多条候选记录
非皮卡	高度压缩两两组合	Chevrolet	Camaro/Camaro	Camaro	/	/	3XL+0	1970-1981/1988-2002	Coupe/Convertible	/Incl: IROC-Z			1970-2002	Convertible/Coupe	Incl: IROC-Z	fallback	Chevrolet Camaro 1982 Coupe 原子事实对应多条候选记录
非皮卡	高度压缩两两组合	Chevrolet	Camaro/Camaro	Camaro	/	/	3XL-0	1982-1984/1987	Coupe/Convertible	/IROC-Z			1982-1987	Convertible/Coupe	Incl: IROC-Z	fallback	Chevrolet Camaro 1985 Coupe 原子事实对应多条候选记录
非皮卡	高度压缩两两组合	Chevrolet	Camaro/Camaro	Camaro	/	/	3XL-0	1982-1984/2010-2024	Coupe/Convertible/Coupe	/			1982-2024	Convertible/Coupe		fallback	Chevrolet Camaro 1991 Convertible 原子事实对应多条候选记录
非皮卡	高度压缩两两组合	Chevrolet	Camaro/Camaro	Camaro	/	/	3XL-0	1982-1984/2017-2024	Coupe/Convertible/Coupe	/ZL1			1982-2024	Convertible/Coupe	Incl: ZL1	fallback	Chevrolet Camaro 1991 Convertible 原子事实对应多条候选记录
非皮卡	高度压缩两两组合	Chevrolet	Camaro/Camaro	Camaro	/	/	3XL+0	1985-2002/1988-2002	Coupe/Convertible	Incl: IROC-Z/Z28/Incl: IROC-Z			1985-2002	Convertible/Coupe	Incl: IROC-Z/Z28	fallback	Chevrolet Camaro 1987 Convertible 原子事实对应多条候选记录
非皮卡	高度压缩两两组合	Chevrolet	Camaro/Camaro	Camaro	/	/	3XL-0	1987/2010-2024	Convertible/Convertible/Coupe	IROC-Z/			1987-2024	Convertible/Coupe	Incl: IROC-Z	fallback	Chevrolet Camaro 1987 Coupe 原子事实对应多条候选记录
非皮卡	高度压缩两两组合	Chevrolet	Camaro/Camaro	Camaro	/	/	3XL-0	1987/2017-2024	Convertible/Convertible/Coupe	IROC-Z/ZL1			1987-2024	Convertible/Coupe	IROC-Z/ZL1	fallback	Chevrolet Camaro 1987 Coupe 原子事实对应多条候选记录
非皮卡	高度压缩两两组合	Chevrolet	Camaro/Camaro	Camaro	/	/	3XL-0	2010-2024/2017-2024	Convertible/Coupe/Convertible/Coupe	/ZL1			2010-2024	Convertible/Coupe	Incl: ZL1	success	
非皮卡	高度压缩两两组合	Chevrolet	Camaro/Camaro	Camaro	/	/	3XL-0	1967-1969/1982-1984	Convertible/Coupe/Coupe	/			1967-1984	Convertible/Coupe		fallback	Chevrolet Camaro 1970 Coupe 原子事实对应多条候选记录
非皮卡	高度压缩两两组合	Chevrolet	Camaro/Camaro	Camaro	/	/	3XL-0	1967-1969/1987	Convertible/Coupe/Convertible	/IROC-Z			1967-1987	Convertible/Coupe	Incl: IROC-Z	fallback	Chevrolet Camaro 1970 Coupe 原子事实对应多条候选记录
非皮卡	高度压缩两两组合	Chevrolet	Camaro/Camaro	Camaro	/	/	3XL-0	1967-1969/2010-2024	Convertible/Coupe/Convertible/Coupe	/Incl: ZL1			1967-2024	Convertible/Coupe	Incl: ZL1	fallback	Chevrolet Camaro 1970 Coupe 原子事实对应多条候选记录
非皮卡	高度压缩两两组合	Chevrolet	Camaro/Camaro	Camaro	/	/	3XL+0	1970-1981/1985-2002	Coupe/Coupe	/Incl: IROC-Z/Z28			1970-2002	Coupe	Incl: IROC-Z/Z28	fallback	Chevrolet Camaro 1982 Coupe 原子事实对应多条候选记录
非皮卡	高度压缩两两组合	Chevrolet	Camaro/Camaro	Camaro	/	/	3XL+0	1970-1981/1988-2002	Coupe/Convertible	/Incl: IROC-Z			1970-2002	Convertible/Coupe	Incl: IROC-Z	fallback	Chevrolet Camaro 1982 Coupe 原子事实对应多条候选记录
非皮卡	高度压缩两两组合	Chevrolet	Camaro/Camaro	Camaro	/	/	3XL-0	1982-1984/1987	Coupe/Convertible	/IROC-Z			1982-1987	Convertible/Coupe	Incl: IROC-Z	fallback	Chevrolet Camaro 1985 Coupe 原子事实对应多条候选记录
非皮卡	高度压缩两两组合	Chevrolet	Camaro/Camaro	Camaro	/	/	3XL-0	1982-1984/2010-2024	Coupe/Convertible/Coupe	/Incl: ZL1			1982-2024	Convertible/Coupe	Incl: ZL1	fallback	Chevrolet Camaro 1991 Convertible 原子事实对应多条候选记录
非皮卡	高度压缩两两组合	Chevrolet	Camaro/Camaro	Camaro	/	/	3XL+0	1985-2002/1988-2002	Coupe/Convertible	Incl: IROC-Z/Z28/Incl: IROC-Z			1985-2002	Convertible/Coupe	Incl: IROC-Z/Z28	fallback	Chevrolet Camaro 1987 Convertible 原子事实对应多条候选记录
非皮卡	高度压缩两两组合	Chevrolet	Camaro/Camaro	Camaro	/	/	3XL-0	1987/2010-2024	Convertible/Convertible/Coupe	IROC-Z/Incl: ZL1			1987-2024	Convertible/Coupe	Incl: IROC-Z/ZL1	fallback	Chevrolet Camaro 1987 Coupe 原子事实对应多条候选记录
非皮卡	高度压缩两两组合	Chevrolet	Caprice/Caprice	Caprice	/	/	3XXXXL-0	1972-1975/1972-1976	Convertible/Coupe	/			1972-1976	Convertible/Coupe		success	
非皮卡	高度压缩两两组合	Chevrolet	Cavalier/Cavalier	Cavalier	/	/	3M	1982-1984/1986	Sedan/Sedan	/			1982-1986	Sedan		success	
非皮卡	高度压缩两两组合	Chevrolet	Cavalier/Cavalier	Cavalier	/	/	3M	1982-1986/1988	Sedan/Sedan	/			1982-1988	Sedan		success	
非皮卡	高度压缩两两组合	Chevrolet	Cavalier/Cavalier	Cavalier	/	/	3M-0	1983/1985	Coupe/Coupe	/			1983-1985	Coupe		success	
非皮卡	高度压缩两两组合	Chevrolet	Cavalier/Cavalier	Cavalier	/	/	3M-0	1983-1985/1987	Coupe/Coupe	/			1983-1987	Coupe		success	
非皮卡	高度压缩两两组合	Chevrolet	Cavalier/Cavalier	Cavalier	/	/	2L+	1983-1988/1984-1988	Wagon/Hatchback	/			1983-1988	Hatchback/Wagon		success	
非皮卡	高度压缩两两组合	Chevrolet	Cavalier/Cavalier	Cavalier	/	/	3L-0	1989-1994/1991-2002	Coupe/Convertible	/			1989-2002	Convertible/Coupe		fallback	Chevrolet Cavalier 1996 Coupe 原子事实对应多条候选记录
非皮卡	高度压缩两两组合	Chevrolet	Cavalier/Cavalier	Cavalier	/	/	3L-0	1989-1994/1996	Coupe/Coupe	/			1989-1996	Coupe		success	
非皮卡	高度压缩两两组合	Chevrolet	Cavalier/Cavalier	Cavalier	/	/	3L-0	1989-1996/1991-2002	Coupe/Convertible	/			1989-2002	Convertible/Coupe		fallback	Chevrolet Cavalier 1999 Coupe 原子事实对应多条候选记录
非皮卡	高度压缩两两组合	Chevrolet	Cavalier/Cavalier	Cavalier	/	/	3L-0	1989-1996/1999-2005	Coupe/Coupe	/			1989-2005	Coupe		success	
非皮卡	高度压缩两两组合	Chevrolet	Cavalier/Cavalier	Cavalier	/	/	3L-0	1989-2005/1991-2002	Coupe/Convertible	/			1989-2005	Convertible/Coupe		success	
非皮卡	高度压缩两两组合	Chevrolet	Cavalier/Cavalier	Cavalier	/	/	3L	1990/1993-2004	Sedan/Sedan	/			1990-2004	Sedan		success	
非皮卡	高度压缩两两组合	Chevrolet	Chevelle/Chevelle	Chevelle	/	/	2XL+	1964/1967	Wagon/Wagon	/			1964-1967	Wagon		success	
非皮卡	高度压缩两两组合	Chevrolet	Chevelle/Chevelle	Chevelle	/	/	3XL+0	1964-1966/1964-1968	Convertible/Coupe	/			1964-1968	Convertible/Coupe		fallback	Chevrolet Chevelle 1968 Convertible 原子事实对应多条候选记录
非皮卡	高度压缩两两组合	Chevrolet	Chevelle/Chevelle	Chevelle	/	/	3XL+0	1964-1966/1968-1972	Convertible/Convertible	/			1964-1972	Convertible		success	
非皮卡	高度压缩两两组合	Chevrolet	Chevelle/Chevelle	Chevelle	/	/	3XL+0	1964-1968/1964-1972	Coupe/Convertible	/			1964-1972	Convertible/Coupe		fallback	Chevrolet Chevelle 1971 Coupe 原子事实对应多条候选记录
非皮卡	高度压缩两两组合	Chevrolet	Chevelle/Chevelle	Chevelle	/	/	3XL+0	1964-1968/1971	Coupe/Coupe	/			1964-1971	Coupe		success	
非皮卡	高度压缩两两组合	Chevrolet	Chevelle/Chevelle	Chevelle	/	/	3XL+0	1964-1971/1964-1972	Coupe/Convertible	/			1964-1972	Convertible/Coupe		success	
非皮卡	高度压缩两两组合	Chevrolet	Chevy Van/Chevy Van	Chevy Van	/	/	无可用尺码	1964-1992/1971-1988	Wagon/Wagon	G10 Short/G20 Short			1964-1992	Wagon	G10 Short/G20 Short	fallback	Chevrolet Chevy Van 1990 Wagon 原子事实对应多条候选记录
非皮卡	高度压缩两两组合	Chevrolet	Chevy Van/Chevy Van	Chevy Van	/	/	无可用尺码	1964-1992/1973	Wagon/Wagon	G10 Short/G30 Regular			1964-1992	Wagon	G10 Short/G30 Regular	fallback	Chevrolet Chevy Van 1971 Wagon 原子事实对应多条候选记录
非皮卡	高度压缩两两组合	Chevrolet	Chevy Van/Chevy Van	Chevy Van	/	/	无可用尺码	1964-1992/1973-1976	Wagon/Wagon	G10 Short/G30 Short			1964-1992	Wagon	G10 Short/G30 Short	fallback	Chevrolet Chevy Van 1979 Wagon 原子事实对应多条候选记录
非皮卡	高度压缩两两组合	Chevrolet	Chevy Van/Chevy Van	Chevy Van	/	/	无可用尺码	1964-1992/1976	Wagon/Wagon	G10 Short/G30 Regular			1964-1992	Wagon	G10 Short/G30 Regular	fallback	Chevrolet Chevy Van 1971 Wagon 原子事实对应多条候选记录
非皮卡	高度压缩两两组合	Chevrolet	Chevy Van/Chevy Van	Chevy Van	/	/	无可用尺码	1964-1992/1979	Wagon/Wagon	G10 Short/G30 Regular			1964-1992	Wagon	G10 Short/G30 Regular	fallback	Chevrolet Chevy Van 1971 Wagon 原子事实对应多条候选记录
非皮卡	高度压缩两两组合	Chevrolet	Chevy Van/Chevy Van	Chevy Van	/	/	无可用尺码	1964-1992/1979	Wagon/Wagon	G10 Short/G30 Short			1964-1992	Wagon	G10 Short/G30 Short	fallback	Chevrolet Chevy Van 1973 Wagon 原子事实对应多条候选记录
非皮卡	高度压缩两两组合	Chevrolet	Chevy Van/Chevy Van	Chevy Van	/	/	无可用尺码	1964-1992/1981-1992	Wagon/Wagon	G10 Short/G30 Regular			1964-1992	Wagon	G10 Short/G30 Regular	fallback	Chevrolet Chevy Van 1971 Wagon 原子事实对应多条候选记录
非皮卡	高度压缩两两组合	Chevrolet	Chevy Van/Chevy Van	Chevy Van	/	/	无可用尺码	1964-1992/1990	Wagon/Wagon	G10 Short/G20 Short			1964-1992	Wagon	G10 Short/G20 Short	fallback	Chevrolet Chevy Van 1971 Wagon 原子事实对应多条候选记录
非皮卡	高度压缩两两组合	Chevrolet	Chevy Van/Chevy Van	Chevy Van	/	/	无可用尺码	1964-1992/1990-1992	Wagon/Wagon	G10 Short/G30 Extended			1964-1992	Wagon	G10 Short/G30 Extended	success	
非皮卡	高度压缩两两组合	Chevrolet	Chevy Van/Chevy Van	Chevy Van	/	/	无可用尺码	1964-1992/1971-1988	Wagon/Wagon	G10 Short/G30 Extended/G20 Short			1964-1992	Wagon	G10 Short/G20 Short/G30 Extended	fallback	Chevrolet Chevy Van 1990 Wagon 原子事实对应多条候选记录
非皮卡	高度压缩两两组合	Chevrolet	Chevy Van/Chevy Van	Chevy Van	/	/	无可用尺码	1964-1992/1973	Wagon/Wagon	G10 Short/G30 Extended/G30 Regular			1964-1992	Wagon	G10 Short/G30 Extended/G30 Regular	fallback	Chevrolet Chevy Van 1971 Wagon 原子事实对应多条候选记录
非皮卡	高度压缩两两组合	Chevrolet	Chevy Van/Chevy Van	Chevy Van	/	/	无可用尺码	1964-1992/1973-1976	Wagon/Wagon	G10 Short/G30 Extended/G30 Short			1964-1992	Wagon	G10 Short/G30 Extended/G30 Short	fallback	Chevrolet Chevy Van 1979 Wagon 原子事实对应多条候选记录
非皮卡	高度压缩两两组合	Chevrolet	Chevy Van/Chevy Van	Chevy Van	/	/	无可用尺码	1964-1992/1976	Wagon/Wagon	G10 Short/G30 Extended/G30 Regular			1964-1992	Wagon	G10 Short/G30 Extended/G30 Regular	fallback	Chevrolet Chevy Van 1971 Wagon 原子事实对应多条候选记录
非皮卡	高度压缩两两组合	Chevrolet	Chevy Van/Chevy Van	Chevy Van	/	/	无可用尺码	1964-1992/1979	Wagon/Wagon	G10 Short/G30 Extended/G30 Regular			1964-1992	Wagon	G10 Short/G30 Extended/G30 Regular	fallback	Chevrolet Chevy Van 1971 Wagon 原子事实对应多条候选记录
非皮卡	高度压缩两两组合	Chevrolet	Chevy Van/Chevy Van	Chevy Van	/	/	无可用尺码	1964-1992/1979	Wagon/Wagon	G10 Short/G30 Extended/G30 Short			1964-1992	Wagon	G10 Short/G30 Extended/G30 Short	fallback	Chevrolet Chevy Van 1973 Wagon 原子事实对应多条候选记录
非皮卡	高度压缩两两组合	Chevrolet	Chevy Van/Chevy Van	Chevy Van	/	/	无可用尺码	1964-1992/1981-1992	Wagon/Wagon	G10 Short/G30 Extended/G30 Regular			1964-1992	Wagon	G10 Short/G30 Extended/G30 Regular	fallback	Chevrolet Chevy Van 1971 Wagon 原子事实对应多条候选记录
非皮卡	高度压缩两两组合	Chevrolet	Chevy Van/Chevy Van	Chevy Van	/	/	无可用尺码	1964-1992/1990	Wagon/Wagon	G10 Short/G30 Extended/G20 Short			1964-1992	Wagon	G10 Short/G20 Short/G30 Extended	fallback	Chevrolet Chevy Van 1971 Wagon 原子事实对应多条候选记录
非皮卡	高度压缩两两组合	Chevrolet	Chevy Van/Chevy Van	Chevy Van	/	/	无可用尺码	1964-1992/1993-1995	Wagon/Wagon	G10 Short/G30 Extended/Extended			1964-1995	Wagon	Extended/G10 Short/G30 Extended	success	
非皮卡	高度压缩两两组合	Chevrolet	Chevy Van/Chevy Van	Chevy Van	/	/	无可用尺码	1964-1995/1971-1988	Wagon/Wagon	Extended/G10 Short/G30 Extended/G20 Short			1964-1995	Wagon	Extended/G10 Short/G20 Short/G30 Extended	fallback	Chevrolet Chevy Van 1990 Wagon 原子事实对应多条候选记录
非皮卡	高度压缩两两组合	Chevrolet	Chevy Van/Chevy Van	Chevy Van	/	/	无可用尺码	1964-1995/1973	Wagon/Wagon	Extended/G10 Short/G30 Extended/G30 Regular			1964-1995	Wagon	Extended/G10 Short/G30 Extended/G30 Regular	fallback	Chevrolet Chevy Van 1971 Wagon 原子事实对应多条候选记录
非皮卡	高度压缩两两组合	Chevrolet	Chevy Van/Chevy Van	Chevy Van	/	/	无可用尺码	1964-1995/1973-1976	Wagon/Wagon	Extended/G10 Short/G30 Extended/G30 Short			1964-1995	Wagon	Extended/G10 Short/G30 Extended/G30 Short	fallback	Chevrolet Chevy Van 1979 Wagon 原子事实对应多条候选记录
非皮卡	高度压缩两两组合	Chevrolet	Chevy Van/Chevy Van	Chevy Van	/	/	无可用尺码	1964-1995/1976	Wagon/Wagon	Extended/G10 Short/G30 Extended/G30 Regular			1964-1995	Wagon	Extended/G10 Short/G30 Extended/G30 Regular	fallback	Chevrolet Chevy Van 1971 Wagon 原子事实对应多条候选记录
非皮卡	高度压缩两两组合	Chevrolet	Chevy Van/Chevy Van	Chevy Van	/	/	无可用尺码	1964-1995/1979	Wagon/Wagon	Extended/G10 Short/G30 Extended/G30 Regular			1964-1995	Wagon	Extended/G10 Short/G30 Extended/G30 Regular	fallback	Chevrolet Chevy Van 1971 Wagon 原子事实对应多条候选记录
非皮卡	高度压缩两两组合	Chevrolet	Chevy Van/Chevy Van	Chevy Van	/	/	无可用尺码	1964-1995/1979	Wagon/Wagon	Extended/G10 Short/G30 Extended/G30 Short			1964-1995	Wagon	Extended/G10 Short/G30 Extended/G30 Short	fallback	Chevrolet Chevy Van 1973 Wagon 原子事实对应多条候选记录
非皮卡	高度压缩两两组合	Chevrolet	Chevy Van/Chevy Van	Chevy Van	/	/	无可用尺码	1964-1995/1981-1992	Wagon/Wagon	Extended/G10 Short/G30 Extended/G30 Regular			1964-1995	Wagon	Extended/G10 Short/G30 Extended/G30 Regular	fallback	Chevrolet Chevy Van 1971 Wagon 原子事实对应多条候选记录
非皮卡	高度压缩两两组合	Chevrolet	Chevy Van/Chevy Van	Chevy Van	/	/	无可用尺码	1964-1995/1990	Wagon/Wagon	Extended/G10 Short/G30 Extended/G20 Short			1964-1995	Wagon	Extended/G10 Short/G20 Short/G30 Extended	fallback	Chevrolet Chevy Van 1971 Wagon 原子事实对应多条候选记录
非皮卡	高度压缩两两组合	Chevrolet	Chevy Van/Chevy Van	Chevy Van	/	/	无可用尺码	1964-1995/1993-1995	Wagon/Wagon	Extended/G10 Short/G30 Extended/Short			1964-1995	Wagon	Extended/G10 Short/G30 Extended/Short	success	
非皮卡	高度压缩两两组合	Chevrolet	Chevy Van/Chevy Van	Chevy Van	/	/	无可用尺码	1964-1995/1971-1988	Wagon/Wagon	Extended/G10 Short/G30 Extended/Short/G20 Short			1964-1995	Wagon	Extended/G10 Short/G20 Short/G30 Extended/Short	fallback	Chevrolet Chevy Van 1990 Wagon 原子事实对应多条候选记录
非皮卡	高度压缩两两组合	Chevrolet	Chevy Van/Chevy Van	Chevy Van	/	/	无可用尺码	1964-1995/1973	Wagon/Wagon	Extended/G10 Short/G30 Extended/Short/G30 Regular			1964-1995	Wagon	Extended/G10 Short/G30 Extended/G30 Regular/Short	fallback	Chevrolet Chevy Van 1971 Wagon 原子事实对应多条候选记录
非皮卡	高度压缩两两组合	Chevrolet	Chevy Van/Chevy Van	Chevy Van	/	/	无可用尺码	1964-1995/1973-1976	Wagon/Wagon	Extended/G10 Short/G30 Extended/Short/G30 Short			1964-1995	Wagon	Extended/G10 Short/G30 Extended/G30 Short/Short	fallback	Chevrolet Chevy Van 1979 Wagon 原子事实对应多条候选记录
非皮卡	高度压缩两两组合	Chevrolet	Chevy Van/Chevy Van	Chevy Van	/	/	无可用尺码	1964-1995/1976	Wagon/Wagon	Extended/G10 Short/G30 Extended/Short/G30 Regular			1964-1995	Wagon	Extended/G10 Short/G30 Extended/G30 Regular/Short	fallback	Chevrolet Chevy Van 1971 Wagon 原子事实对应多条候选记录
非皮卡	高度压缩两两组合	Chevrolet	Chevy Van/Chevy Van	Chevy Van	/	/	无可用尺码	1964-1995/1979	Wagon/Wagon	Extended/G10 Short/G30 Extended/Short/G30 Regular			1964-1995	Wagon	Extended/G10 Short/G30 Extended/G30 Regular/Short	fallback	Chevrolet Chevy Van 1971 Wagon 原子事实对应多条候选记录
非皮卡	高度压缩两两组合	Chevrolet	Chevy Van/Chevy Van	Chevy Van	/	/	无可用尺码	1964-1995/1979	Wagon/Wagon	Extended/G10 Short/G30 Extended/Short/G30 Short			1964-1995	Wagon	Extended/G10 Short/G30 Extended/G30 Short/Short	fallback	Chevrolet Chevy Van 1973 Wagon 原子事实对应多条候选记录
非皮卡	高度压缩两两组合	Chevrolet	Chevy Van/Chevy Van	Chevy Van	/	/	无可用尺码	1964-1995/1981-1992	Wagon/Wagon	Extended/G10 Short/G30 Extended/Short/G30 Regular			1964-1995	Wagon	Extended/G10 Short/G30 Extended/G30 Regular/Short	fallback	Chevrolet Chevy Van 1971 Wagon 原子事实对应多条候选记录
非皮卡	高度压缩两两组合	Chevrolet	Chevy Van/Chevy Van	Chevy Van	/	/	无可用尺码	1964-1995/1990	Wagon/Wagon	Extended/G10 Short/G30 Extended/Short/G20 Short			1964-1995	Wagon	Extended/G10 Short/G20 Short/G30 Extended/Short	fallback	Chevrolet Chevy Van 1971 Wagon 原子事实对应多条候选记录
非皮卡	高度压缩两两组合	Chevrolet	Chevy Van/Chevy Van	Chevy Van	/	/	无可用尺码	1964-1995/1996	Wagon/Wagon	Extended/G10 Short/G30 Extended/Short/G-Classic Extended			1964-1996	Wagon	Extended/G10 Short/G30 Extended/G-Classic Extended/Short	success	
非皮卡	高度压缩两两组合	Chevrolet	Chevy Van/Chevy Van	Chevy Van	/	/	无可用尺码	1964-1996/1971-1988	Wagon/Wagon	Extended/G10 Short/G30 Extended/G-Classic Extended/Short/G20 Short			1964-1996	Wagon	Extended/G10 Short/G20 Short/G30 Extended/G-Classic Extended/Short	fallback	Chevrolet Chevy Van 1990 Wagon 原子事实对应多条候选记录
非皮卡	高度压缩两两组合	Chevrolet	Chevy Van/Chevy Van	Chevy Van	/	/	无可用尺码	1964-1996/1973	Wagon/Wagon	Extended/G10 Short/G30 Extended/G-Classic Extended/Short/G30 Regular			1964-1996	Wagon	Extended/G10 Short/G30 Extended/G30 Regular/G-Classic Extended/Short	fallback	Chevrolet Chevy Van 1971 Wagon 原子事实对应多条候选记录
非皮卡	高度压缩两两组合	Chevrolet	Chevy Van/Chevy Van	Chevy Van	/	/	无可用尺码	1964-1996/1973-1976	Wagon/Wagon	Extended/G10 Short/G30 Extended/G-Classic Extended/Short/G30 Short			1964-1996	Wagon	Extended/G10 Short/G30 Extended/G30 Short/G-Classic Extended/Short	fallback	Chevrolet Chevy Van 1979 Wagon 原子事实对应多条候选记录
非皮卡	高度压缩两两组合	Chevrolet	Chevy Van/Chevy Van	Chevy Van	/	/	无可用尺码	1964-1996/1976	Wagon/Wagon	Extended/G10 Short/G30 Extended/G-Classic Extended/Short/G30 Regular			1964-1996	Wagon	Extended/G10 Short/G30 Extended/G30 Regular/G-Classic Extended/Short	fallback	Chevrolet Chevy Van 1971 Wagon 原子事实对应多条候选记录
非皮卡	高度压缩两两组合	Chevrolet	Chevy Van/Chevy Van	Chevy Van	/	/	无可用尺码	1964-1996/1979	Wagon/Wagon	Extended/G10 Short/G30 Extended/G-Classic Extended/Short/G30 Regular			1964-1996	Wagon	Extended/G10 Short/G30 Extended/G30 Regular/G-Classic Extended/Short	fallback	Chevrolet Chevy Van 1971 Wagon 原子事实对应多条候选记录
非皮卡	高度压缩两两组合	Chevrolet	Chevy Van/Chevy Van	Chevy Van	/	/	无可用尺码	1964-1996/1979	Wagon/Wagon	Extended/G10 Short/G30 Extended/G-Classic Extended/Short/G30 Short			1964-1996	Wagon	Extended/G10 Short/G30 Extended/G30 Short/G-Classic Extended/Short	fallback	Chevrolet Chevy Van 1973 Wagon 原子事实对应多条候选记录
非皮卡	高度压缩两两组合	Chevrolet	Chevy Van/Chevy Van	Chevy Van	/	/	无可用尺码	1964-1996/1981-1992	Wagon/Wagon	Extended/G10 Short/G30 Extended/G-Classic Extended/Short/G30 Regular			1964-1996	Wagon	Extended/G10 Short/G30 Extended/G30 Regular/G-Classic Extended/Short	fallback	Chevrolet Chevy Van 1971 Wagon 原子事实对应多条候选记录
非皮卡	高度压缩两两组合	Chevrolet	Chevy Van/Chevy Van	Chevy Van	/	/	无可用尺码	1964-1996/1990	Wagon/Wagon	Extended/G10 Short/G30 Extended/G-Classic Extended/Short/G20 Short			1964-1996	Wagon	Extended/G10 Short/G20 Short/G30 Extended/G-Classic Extended/Short	fallback	Chevrolet Chevy Van 1971 Wagon 原子事实对应多条候选记录
非皮卡	高度压缩两两组合	Chevrolet	Chevy Van/Chevy Van	Chevy Van	/	/	2XXL-525	1967-1992/1967-1992	Wagon/Wagon	G10 Regular/G20 Regular			1967-1992	Wagon	G10 Regular/G20 Regular	success	
非皮卡	高度压缩两两组合	Chevrolet	Chevy Van/Chevy Van	Chevy Van	/	/	无可用尺码	1964-1996/1971-1988	Wagon/Wagon	Extended/G10 Short/G30 Extended/G-Classic Extended/Short/G20 Short			1964-1996	Wagon	Extended/G10 Short/G20 Short/G30 Extended/G-Classic Extended/Short	fallback	Chevrolet Chevy Van 1990 Wagon 原子事实对应多条候选记录
非皮卡	高度压缩两两组合	Chevrolet	Chevy Van/Chevy Van	Chevy Van	/	/	无可用尺码	1964-1996/1973	Wagon/Wagon	Extended/G10 Short/G30 Extended/G-Classic Extended/Short/G30 Regular			1964-1996	Wagon	Extended/G10 Short/G30 Extended/G30 Regular/G-Classic Extended/Short	fallback	Chevrolet Chevy Van 1971 Wagon 原子事实对应多条候选记录
非皮卡	高度压缩两两组合	Chevrolet	Chevy Van/Chevy Van	Chevy Van	/	/	无可用尺码	1964-1996/1973-1976	Wagon/Wagon	Extended/G10 Short/G30 Extended/G-Classic Extended/Short/G30 Short			1964-1996	Wagon	Extended/G10 Short/G30 Extended/G30 Short/G-Classic Extended/Short	fallback	Chevrolet Chevy Van 1979 Wagon 原子事实对应多条候选记录
非皮卡	高度压缩两两组合	Chevrolet	Chevy Van/Chevy Van	Chevy Van	/	/	无可用尺码	1964-1996/1976	Wagon/Wagon	Extended/G10 Short/G30 Extended/G-Classic Extended/Short/G30 Regular			1964-1996	Wagon	Extended/G10 Short/G30 Extended/G30 Regular/G-Classic Extended/Short	fallback	Chevrolet Chevy Van 1971 Wagon 原子事实对应多条候选记录
非皮卡	高度压缩两两组合	Chevrolet	Chevy Van/Chevy Van	Chevy Van	/	/	无可用尺码	1964-1996/1979	Wagon/Wagon	Extended/G10 Short/G30 Extended/G-Classic Extended/Short/G30 Regular			1964-1996	Wagon	Extended/G10 Short/G30 Extended/G30 Regular/G-Classic Extended/Short	fallback	Chevrolet Chevy Van 1971 Wagon 原子事实对应多条候选记录
非皮卡	高度压缩两两组合	Chevrolet	Chevy Van/Chevy Van	Chevy Van	/	/	无可用尺码	1964-1996/1979	Wagon/Wagon	Extended/G10 Short/G30 Extended/G-Classic Extended/Short/G30 Short			1964-1996	Wagon	Extended/G10 Short/G30 Extended/G30 Short/G-Classic Extended/Short	fallback	Chevrolet Chevy Van 1973 Wagon 原子事实对应多条候选记录
非皮卡	高度压缩两两组合	Chevrolet	Chevy Van/Chevy Van	Chevy Van	/	/	无可用尺码	1964-1996/1981-1992	Wagon/Wagon	Extended/G10 Short/G30 Extended/G-Classic Extended/Short/G30 Regular			1964-1996	Wagon	Extended/G10 Short/G30 Extended/G30 Regular/G-Classic Extended/Short	fallback	Chevrolet Chevy Van 1971 Wagon 原子事实对应多条候选记录
非皮卡	高度压缩两两组合	Chevrolet	Chevy Van/Chevy Van	Chevy Van	/	/	无可用尺码	1964-1996/1990	Wagon/Wagon	Extended/G10 Short/G30 Extended/G-Classic Extended/Short/G20 Short			1964-1996	Wagon	Extended/G10 Short/G20 Short/G30 Extended/G-Classic Extended/Short	fallback	Chevrolet Chevy Van 1971 Wagon 原子事实对应多条候选记录
非皮卡	高度压缩两两组合	Chevrolet	Chevy Van/Chevy Van	Chevy Van	/	/	2XXL-525	1967-1992/1971-1972	Wagon/Wagon	G10 Regular/G20 Regular/G30 Regular			1967-1992	Wagon	G10 Regular/G20 Regular/G30 Regular	fallback	Chevrolet Chevy Van 1973 Wagon 原子事实对应多条候选记录
非皮卡	高度压缩两两组合	Chevrolet	Chevy Van/Chevy Van	Chevy Van	/	/	2XXL-525	1967-1992/1974-1975	Wagon/Wagon	G10 Regular/G20 Regular/G30 Regular			1967-1992	Wagon	G10 Regular/G20 Regular/G30 Regular	fallback	Chevrolet Chevy Van 1971 Wagon 原子事实对应多条候选记录
非皮卡	高度压缩两两组合	Chevrolet	Chevy Van/Chevy Van	Chevy Van	/	/	2XXL-525	1967-1992/1977-1978	Wagon/Wagon	G10 Regular/G20 Regular/G30 Regular			1967-1992	Wagon	G10 Regular/G20 Regular/G30 Regular	fallback	Chevrolet Chevy Van 1971 Wagon 原子事实对应多条候选记录
非皮卡	高度压缩两两组合	Chevrolet	Chevy Van/Chevy Van	Chevy Van	/	/	2XXL-525	1967-1992/1980	Wagon/Wagon	G10 Regular/G20 Regular/G30 Regular			1967-1992	Wagon	G10 Regular/G20 Regular/G30 Regular	fallback	Chevrolet Chevy Van 1971 Wagon 原子事实对应多条候选记录
非皮卡	高度压缩两两组合	Chevrolet	Chevy Van/Chevy Van	Chevy Van	/	/	2XXL-525	1967-1992/1993-1995	Wagon/Wagon	G10 Regular/G20 Regular/Regular			1967-1995	Wagon	G10 Regular/G20 Regular/Regular	success	
非皮卡	高度压缩两两组合	Chevrolet	Chevy Van/Chevy Van	Chevy Van	/	/	无可用尺码	1964-1996/1971-1988	Wagon/Wagon	Extended/G10 Short/G30 Extended/G-Classic Extended/Short/G20 Short			1964-1996	Wagon	Extended/G10 Short/G20 Short/G30 Extended/G-Classic Extended/Short	fallback	Chevrolet Chevy Van 1990 Wagon 原子事实对应多条候选记录
非皮卡	高度压缩两两组合	Chevrolet	Chevy Van/Chevy Van	Chevy Van	/	/	无可用尺码	1964-1996/1973	Wagon/Wagon	Extended/G10 Short/G30 Extended/G-Classic Extended/Short/G30 Regular			1964-1996	Wagon	Extended/G10 Short/G30 Extended/G30 Regular/G-Classic Extended/Short	fallback	Chevrolet Chevy Van 1971 Wagon 原子事实对应多条候选记录
非皮卡	高度压缩两两组合	Chevrolet	Chevy Van/Chevy Van	Chevy Van	/	/	无可用尺码	1964-1996/1973-1976	Wagon/Wagon	Extended/G10 Short/G30 Extended/G-Classic Extended/Short/G30 Short			1964-1996	Wagon	Extended/G10 Short/G30 Extended/G30 Short/G-Classic Extended/Short	fallback	Chevrolet Chevy Van 1979 Wagon 原子事实对应多条候选记录
非皮卡	高度压缩两两组合	Chevrolet	Chevy Van/Chevy Van	Chevy Van	/	/	无可用尺码	1964-1996/1976	Wagon/Wagon	Extended/G10 Short/G30 Extended/G-Classic Extended/Short/G30 Regular			1964-1996	Wagon	Extended/G10 Short/G30 Extended/G30 Regular/G-Classic Extended/Short	fallback	Chevrolet Chevy Van 1971 Wagon 原子事实对应多条候选记录
非皮卡	高度压缩两两组合	Chevrolet	Chevy Van/Chevy Van	Chevy Van	/	/	无可用尺码	1964-1996/1979	Wagon/Wagon	Extended/G10 Short/G30 Extended/G-Classic Extended/Short/G30 Regular			1964-1996	Wagon	Extended/G10 Short/G30 Extended/G30 Regular/G-Classic Extended/Short	fallback	Chevrolet Chevy Van 1971 Wagon 原子事实对应多条候选记录
非皮卡	高度压缩两两组合	Chevrolet	Chevy Van/Chevy Van	Chevy Van	/	/	无可用尺码	1964-1996/1979	Wagon/Wagon	Extended/G10 Short/G30 Extended/G-Classic Extended/Short/G30 Short			1964-1996	Wagon	Extended/G10 Short/G30 Extended/G30 Short/G-Classic Extended/Short	fallback	Chevrolet Chevy Van 1973 Wagon 原子事实对应多条候选记录
非皮卡	高度压缩两两组合	Chevrolet	Chevy Van/Chevy Van	Chevy Van	/	/	无可用尺码	1964-1996/1981-1992	Wagon/Wagon	Extended/G10 Short/G30 Extended/G-Classic Extended/Short/G30 Regular			1964-1996	Wagon	Extended/G10 Short/G30 Extended/G30 Regular/G-Classic Extended/Short	fallback	Chevrolet Chevy Van 1971 Wagon 原子事实对应多条候选记录
非皮卡	高度压缩两两组合	Chevrolet	Chevy Van/Chevy Van	Chevy Van	/	/	无可用尺码	1964-1996/1990	Wagon/Wagon	Extended/G10 Short/G30 Extended/G-Classic Extended/Short/G20 Short			1964-1996	Wagon	Extended/G10 Short/G20 Short/G30 Extended/G-Classic Extended/Short	fallback	Chevrolet Chevy Van 1971 Wagon 原子事实对应多条候选记录
非皮卡	高度压缩两两组合	Chevrolet	Chevy Van/Chevy Van	Chevy Van	/	/	2XXL-525	1967-1995/1971-1972	Wagon/Wagon	G10 Regular/G20 Regular/Regular/G30 Regular			1967-1995	Wagon	G10 Regular/G20 Regular/G30 Regular/Regular	fallback	Chevrolet Chevy Van 1973 Wagon 原子事实对应多条候选记录
非皮卡	高度压缩两两组合	Chevrolet	Chevy Van/Chevy Van	Chevy Van	/	/	2XXL-525	1967-1995/1974-1975	Wagon/Wagon	G10 Regular/G20 Regular/Regular/G30 Regular			1967-1995	Wagon	G10 Regular/G20 Regular/G30 Regular/Regular	fallback	Chevrolet Chevy Van 1971 Wagon 原子事实对应多条候选记录
非皮卡	高度压缩两两组合	Chevrolet	Chevy Van/Chevy Van	Chevy Van	/	/	2XXL-525	1967-1995/1977-1978	Wagon/Wagon	G10 Regular/G20 Regular/Regular/G30 Regular			1967-1995	Wagon	G10 Regular/G20 Regular/G30 Regular/Regular	fallback	Chevrolet Chevy Van 1971 Wagon 原子事实对应多条候选记录
非皮卡	高度压缩两两组合	Chevrolet	Chevy Van/Chevy Van	Chevy Van	/	/	2XXL-525	1967-1995/1980	Wagon/Wagon	G10 Regular/G20 Regular/Regular/G30 Regular			1967-1995	Wagon	G10 Regular/G20 Regular/G30 Regular/Regular	fallback	Chevrolet Chevy Van 1971 Wagon 原子事实对应多条候选记录
非皮卡	高度压缩两两组合	Chevrolet	Chevy Van/Chevy Van	Chevy Van	/	/	2XXL-525	1967-1995/1996	Wagon/Wagon	G10 Regular/G20 Regular/Regular/G-Classic Regular			1967-1996	Wagon	G10 Regular/G20 Regular/G-Classic Regular/Regular	success	
非皮卡	高度压缩两两组合	Chevrolet	Chevy Van/Chevy Van	Chevy Van	/	/	无可用尺码	1964-1996/1971-1988	Wagon/Wagon	Extended/G10 Short/G30 Extended/G-Classic Extended/Short/G20 Short			1964-1996	Wagon	Extended/G10 Short/G20 Short/G30 Extended/G-Classic Extended/Short	fallback	Chevrolet Chevy Van 1990 Wagon 原子事实对应多条候选记录
非皮卡	高度压缩两两组合	Chevrolet	Chevy Van/Chevy Van	Chevy Van	/	/	无可用尺码	1964-1996/1973	Wagon/Wagon	Extended/G10 Short/G30 Extended/G-Classic Extended/Short/G30 Regular			1964-1996	Wagon	Extended/G10 Short/G30 Extended/G30 Regular/G-Classic Extended/Short	fallback	Chevrolet Chevy Van 1971 Wagon 原子事实对应多条候选记录
非皮卡	高度压缩两两组合	Chevrolet	Chevy Van/Chevy Van	Chevy Van	/	/	无可用尺码	1964-1996/1973-1976	Wagon/Wagon	Extended/G10 Short/G30 Extended/G-Classic Extended/Short/G30 Short			1964-1996	Wagon	Extended/G10 Short/G30 Extended/G30 Short/G-Classic Extended/Short	fallback	Chevrolet Chevy Van 1979 Wagon 原子事实对应多条候选记录
非皮卡	高度压缩两两组合	Chevrolet	Chevy Van/Chevy Van	Chevy Van	/	/	无可用尺码	1964-1996/1976	Wagon/Wagon	Extended/G10 Short/G30 Extended/G-Classic Extended/Short/G30 Regular			1964-1996	Wagon	Extended/G10 Short/G30 Extended/G30 Regular/G-Classic Extended/Short	fallback	Chevrolet Chevy Van 1971 Wagon 原子事实对应多条候选记录
非皮卡	高度压缩两两组合	Chevrolet	Chevy Van/Chevy Van	Chevy Van	/	/	无可用尺码	1964-1996/1979	Wagon/Wagon	Extended/G10 Short/G30 Extended/G-Classic Extended/Short/G30 Regular			1964-1996	Wagon	Extended/G10 Short/G30 Extended/G30 Regular/G-Classic Extended/Short	fallback	Chevrolet Chevy Van 1971 Wagon 原子事实对应多条候选记录
非皮卡	高度压缩两两组合	Chevrolet	Chevy Van/Chevy Van	Chevy Van	/	/	无可用尺码	1964-1996/1979	Wagon/Wagon	Extended/G10 Short/G30 Extended/G-Classic Extended/Short/G30 Short			1964-1996	Wagon	Extended/G10 Short/G30 Extended/G30 Short/G-Classic Extended/Short	fallback	Chevrolet Chevy Van 1973 Wagon 原子事实对应多条候选记录
非皮卡	高度压缩两两组合	Chevrolet	Chevy Van/Chevy Van	Chevy Van	/	/	无可用尺码	1964-1996/1981-1992	Wagon/Wagon	Extended/G10 Short/G30 Extended/G-Classic Extended/Short/G30 Regular			1964-1996	Wagon	Extended/G10 Short/G30 Extended/G30 Regular/G-Classic Extended/Short	fallback	Chevrolet Chevy Van 1971 Wagon 原子事实对应多条候选记录
非皮卡	高度压缩两两组合	Chevrolet	Chevy Van/Chevy Van	Chevy Van	/	/	无可用尺码	1964-1996/1990	Wagon/Wagon	Extended/G10 Short/G30 Extended/G-Classic Extended/Short/G20 Short			1964-1996	Wagon	Extended/G10 Short/G20 Short/G30 Extended/G-Classic Extended/Short	fallback	Chevrolet Chevy Van 1971 Wagon 原子事实对应多条候选记录
非皮卡	高度压缩两两组合	Chevrolet	Chevy Van/Chevy Van	Chevy Van	/	/	2XXL-525	1967-1996/1971-1972	Wagon/Wagon	G10 Regular/G20 Regular/G-Classic Regular/Regular/G30 Regular			1967-1996	Wagon	G10 Regular/G20 Regular/G30 Regular/G-Classic Regular/Regular	fallback	Chevrolet Chevy Van 1973 Wagon 原子事实对应多条候选记录
非皮卡	高度压缩两两组合	Chevrolet	Chevy Van/Chevy Van	Chevy Van	/	/	2XXL-525	1967-1996/1974-1975	Wagon/Wagon	G10 Regular/G20 Regular/G-Classic Regular/Regular/G30 Regular			1967-1996	Wagon	G10 Regular/G20 Regular/G30 Regular/G-Classic Regular/Regular	fallback	Chevrolet Chevy Van 1971 Wagon 原子事实对应多条候选记录
非皮卡	高度压缩两两组合	Chevrolet	Chevy Van/Chevy Van	Chevy Van	/	/	2XXL-525	1967-1996/1977-1978	Wagon/Wagon	G10 Regular/G20 Regular/G-Classic Regular/Regular/G30 Regular			1967-1996	Wagon	G10 Regular/G20 Regular/G30 Regular/G-Classic Regular/Regular	fallback	Chevrolet Chevy Van 1971 Wagon 原子事实对应多条候选记录
非皮卡	高度压缩两两组合	Chevrolet	Chevy Van/Chevy Van	Chevy Van	/	/	2XXL-525	1967-1996/1980	Wagon/Wagon	G10 Regular/G20 Regular/G-Classic Regular/Regular/G30 Regular			1967-1996	Wagon	G10 Regular/G20 Regular/G30 Regular/G-Classic Regular/Regular	fallback	Chevrolet Chevy Van 1971 Wagon 原子事实对应多条候选记录
非皮卡	高度压缩两两组合	Chevrolet	Chevy Van/Chevy Van	Chevy Van	/	/	2XXL-525	1971-1972/1974-1975	Wagon/Wagon	G30 Regular/G30 Regular			1971-1975	Wagon	G30 Regular	fallback	Chevrolet Chevy Van 1973 Wagon 原子事实对应多条候选记录
非皮卡	高度压缩两两组合	Chevrolet	Chevy Van/Chevy Van	Chevy Van	/	/	2XXL-525	1971-1972/1977-1978	Wagon/Wagon	G30 Regular/G30 Regular			1971-1978	Wagon	G30 Regular	fallback	Chevrolet Chevy Van 1973 Wagon 原子事实对应多条候选记录
非皮卡	高度压缩两两组合	Chevrolet	Chevy Van/Chevy Van	Chevy Van	/	/	2XXL-525	1971-1972/1980	Wagon/Wagon	G30 Regular/G30 Regular			1971-1980	Wagon	G30 Regular	fallback	Chevrolet Chevy Van 1973 Wagon 原子事实对应多条候选记录
非皮卡	高度压缩两两组合	Chevrolet	Chevy Van/Chevy Van	Chevy Van	/	/	无可用尺码	1971-1988/1973	Wagon/Wagon	G20 Short/G30 Regular			1971-1988	Wagon	G20 Short/G30 Regular	fallback	Chevrolet Chevy Van 1971 Wagon 原子事实对应多条候选记录
非皮卡	高度压缩两两组合	Chevrolet	Chevy Van/Chevy Van	Chevy Van	/	/	无可用尺码	1971-1988/1973-1976	Wagon/Wagon	G20 Short/G30 Short			1971-1988	Wagon	G20 Short/G30 Short	fallback	Chevrolet Chevy Van 1979 Wagon 原子事实对应多条候选记录
非皮卡	高度压缩两两组合	Chevrolet	Chevy Van/Chevy Van	Chevy Van	/	/	无可用尺码	1971-1988/1976	Wagon/Wagon	G20 Short/G30 Regular			1971-1988	Wagon	G20 Short/G30 Regular	fallback	Chevrolet Chevy Van 1971 Wagon 原子事实对应多条候选记录
非皮卡	高度压缩两两组合	Chevrolet	Chevy Van/Chevy Van	Chevy Van	/	/	无可用尺码	1971-1988/1979	Wagon/Wagon	G20 Short/G30 Regular			1971-1988	Wagon	G20 Short/G30 Regular	fallback	Chevrolet Chevy Van 1971 Wagon 原子事实对应多条候选记录
非皮卡	高度压缩两两组合	Chevrolet	Chevy Van/Chevy Van	Chevy Van	/	/	无可用尺码	1971-1988/1979	Wagon/Wagon	G20 Short/G30 Short			1971-1988	Wagon	G20 Short/G30 Short	fallback	Chevrolet Chevy Van 1973 Wagon 原子事实对应多条候选记录
非皮卡	高度压缩两两组合	Chevrolet	Chevy Van/Chevy Van	Chevy Van	/	/	无可用尺码	1971-1988/1981-1992	Wagon/Wagon	G20 Short/G30 Regular			1971-1992	Wagon	G20 Short/G30 Regular	fallback	Chevrolet Chevy Van 1971 Wagon 原子事实对应多条候选记录
非皮卡	高度压缩两两组合	Chevrolet	Chevy Van/Chevy Van	Chevy Van	/	/	无可用尺码	1971-1988/1990	Wagon/Wagon	G20 Short/G20 Short			1971-1990	Wagon	G20 Short	success	
非皮卡	高度压缩两两组合	Chevrolet	Chevy Van/Chevy Van	Chevy Van	/	/	无可用尺码	1964-1996/1971-1990	Wagon/Wagon	Extended/G10 Short/G30 Extended/G-Classic Extended/Short/G20 Short			1964-1996	Wagon	Extended/G10 Short/G20 Short/G30 Extended/G-Classic Extended/Short	success	
非皮卡	高度压缩两两组合	Chevrolet	Chevy Van/Chevy Van	Chevy Van	/	/	无可用尺码	1964-1996/1973	Wagon/Wagon	Extended/G10 Short/G20 Short/G30 Extended/G-Classic Extended/Short/G30 Regular			1964-1996	Wagon	Extended/G10 Short/G20 Short/G30 Extended/G30 Regular/G-Classic Extended/Short	fallback	Chevrolet Chevy Van 1971 Wagon 原子事实对应多条候选记录
非皮卡	高度压缩两两组合	Chevrolet	Chevy Van/Chevy Van	Chevy Van	/	/	无可用尺码	1964-1996/1973-1976	Wagon/Wagon	Extended/G10 Short/G20 Short/G30 Extended/G-Classic Extended/Short/G30 Short			1964-1996	Wagon	Extended/G10 Short/G20 Short/G30 Extended/G30 Short/G-Classic Extended/Short	fallback	Chevrolet Chevy Van 1979 Wagon 原子事实对应多条候选记录
非皮卡	高度压缩两两组合	Chevrolet	Chevy Van/Chevy Van	Chevy Van	/	/	无可用尺码	1964-1996/1976	Wagon/Wagon	Extended/G10 Short/G20 Short/G30 Extended/G-Classic Extended/Short/G30 Regular			1964-1996	Wagon	Extended/G10 Short/G20 Short/G30 Extended/G30 Regular/G-Classic Extended/Short	fallback	Chevrolet Chevy Van 1971 Wagon 原子事实对应多条候选记录
非皮卡	高度压缩两两组合	Chevrolet	Chevy Van/Chevy Van	Chevy Van	/	/	无可用尺码	1964-1996/1979	Wagon/Wagon	Extended/G10 Short/G20 Short/G30 Extended/G-Classic Extended/Short/G30 Regular			1964-1996	Wagon	Extended/G10 Short/G20 Short/G30 Extended/G30 Regular/G-Classic Extended/Short	fallback	Chevrolet Chevy Van 1971 Wagon 原子事实对应多条候选记录
非皮卡	高度压缩两两组合	Chevrolet	Chevy Van/Chevy Van	Chevy Van	/	/	无可用尺码	1964-1996/1979	Wagon/Wagon	Extended/G10 Short/G20 Short/G30 Extended/G-Classic Extended/Short/G30 Short			1964-1996	Wagon	Extended/G10 Short/G20 Short/G30 Extended/G30 Short/G-Classic Extended/Short	fallback	Chevrolet Chevy Van 1973 Wagon 原子事实对应多条候选记录
非皮卡	高度压缩两两组合	Chevrolet	Chevy Van/Chevy Van	Chevy Van	/	/	无可用尺码	1964-1996/1981-1992	Wagon/Wagon	Extended/G10 Short/G20 Short/G30 Extended/G-Classic Extended/Short/G30 Regular			1964-1996	Wagon	Extended/G10 Short/G20 Short/G30 Extended/G30 Regular/G-Classic Extended/Short	fallback	Chevrolet Chevy Van 1971 Wagon 原子事实对应多条候选记录
非皮卡	高度压缩两两组合	Chevrolet	Chevy Van/Chevy Van	Chevy Van	/	/	2XXL-525	1967-1996/1971-1972	Wagon/Wagon	G10 Regular/G20 Regular/G-Classic Regular/Regular/G30 Regular			1967-1996	Wagon	G10 Regular/G20 Regular/G30 Regular/G-Classic Regular/Regular	fallback	Chevrolet Chevy Van 1973 Wagon 原子事实对应多条候选记录
非皮卡	高度压缩两两组合	Chevrolet	Chevy Van/Chevy Van	Chevy Van	/	/	2XXL-525	1967-1996/1974-1975	Wagon/Wagon	G10 Regular/G20 Regular/G-Classic Regular/Regular/G30 Regular			1967-1996	Wagon	G10 Regular/G20 Regular/G30 Regular/G-Classic Regular/Regular	fallback	Chevrolet Chevy Van 1971 Wagon 原子事实对应多条候选记录
非皮卡	高度压缩两两组合	Chevrolet	Chevy Van/Chevy Van	Chevy Van	/	/	2XXL-525	1967-1996/1977-1978	Wagon/Wagon	G10 Regular/G20 Regular/G-Classic Regular/Regular/G30 Regular			1967-1996	Wagon	G10 Regular/G20 Regular/G30 Regular/G-Classic Regular/Regular	fallback	Chevrolet Chevy Van 1971 Wagon 原子事实对应多条候选记录
非皮卡	高度压缩两两组合	Chevrolet	Chevy Van/Chevy Van	Chevy Van	/	/	2XXL-525	1967-1996/1980	Wagon/Wagon	G10 Regular/G20 Regular/G-Classic Regular/Regular/G30 Regular			1967-1996	Wagon	G10 Regular/G20 Regular/G30 Regular/G-Classic Regular/Regular	fallback	Chevrolet Chevy Van 1971 Wagon 原子事实对应多条候选记录
非皮卡	高度压缩两两组合	Chevrolet	Chevy Van/Chevy Van	Chevy Van	/	/	2XXL-525	1971-1972/1974-1975	Wagon/Wagon	G30 Regular/G30 Regular			1971-1975	Wagon	G30 Regular	fallback	Chevrolet Chevy Van 1973 Wagon 原子事实对应多条候选记录
非皮卡	高度压缩两两组合	Chevrolet	Chevy Van/Chevy Van	Chevy Van	/	/	2XXL-525	1971-1972/1977-1978	Wagon/Wagon	G30 Regular/G30 Regular			1971-1978	Wagon	G30 Regular	fallback	Chevrolet Chevy Van 1973 Wagon 原子事实对应多条候选记录
非皮卡	高度压缩两两组合	Chevrolet	Chevy Van/Chevy Van	Chevy Van	/	/	2XXL-525	1971-1972/1980	Wagon/Wagon	G30 Regular/G30 Regular			1971-1980	Wagon	G30 Regular	fallback	Chevrolet Chevy Van 1973 Wagon 原子事实对应多条候选记录
非皮卡	高度压缩两两组合	Chevrolet	Chevy Van/Chevy Van	Chevy Van	/	/	无可用尺码	1973/1973-1976	Wagon/Wagon	G30 Regular/G30 Short			1973-1976	Wagon	G30 Regular/G30 Short	fallback	Chevrolet Chevy Van 1974 Wagon 原子事实对应多条候选记录
非皮卡	高度压缩两两组合	Chevrolet	Chevy Van/Chevy Van	Chevy Van	/	/	无可用尺码	1973/1976	Wagon/Wagon	G30 Regular/G30 Regular			1973-1976	Wagon	G30 Regular	fallback	Chevrolet Chevy Van 1974 Wagon 原子事实对应多条候选记录
非皮卡	高度压缩两两组合	Chevrolet	Chevy Van/Chevy Van	Chevy Van	/	/	无可用尺码	1973/1979	Wagon/Wagon	G30 Regular/G30 Regular			1973-1979	Wagon	G30 Regular	fallback	Chevrolet Chevy Van 1974 Wagon 原子事实对应多条候选记录
非皮卡	高度压缩两两组合	Chevrolet	Chevy Van/Chevy Van	Chevy Van	/	/	无可用尺码	1973/1979	Wagon/Wagon	G30 Regular/G30 Short			1973-1979	Wagon	G30 Regular/G30 Short	fallback	Chevrolet Chevy Van 1973 Wagon 原子事实对应多条候选记录
非皮卡	高度压缩两两组合	Chevrolet	Chevy Van/Chevy Van	Chevy Van	/	/	无可用尺码	1973/1981-1992	Wagon/Wagon	G30 Regular/G30 Regular			1973-1992	Wagon	G30 Regular	fallback	Chevrolet Chevy Van 1974 Wagon 原子事实对应多条候选记录
非皮卡	高度压缩两两组合	Chevrolet	Chevy Van/Chevy Van	Chevy Van	/	/	无可用尺码	1973-1976/1976	Wagon/Wagon	G30 Short/G30 Regular			1973-1976	Wagon	G30 Regular/G30 Short	fallback	Chevrolet Chevy Van 1973 Wagon 原子事实对应多条候选记录
非皮卡	高度压缩两两组合	Chevrolet	Chevy Van/Chevy Van	Chevy Van	/	/	无可用尺码	1973-1976/1979	Wagon/Wagon	G30 Short/G30 Regular			1973-1979	Wagon	G30 Regular/G30 Short	fallback	Chevrolet Chevy Van 1973 Wagon 原子事实对应多条候选记录
非皮卡	高度压缩两两组合	Chevrolet	Chevy Van/Chevy Van	Chevy Van	/	/	无可用尺码	1973-1976/1979	Wagon/Wagon	G30 Short/G30 Short			1973-1979	Wagon	G30 Short	success	
非皮卡	高度压缩两两组合	Chevrolet	Chevy Van/Chevy Van	Chevy Van	/	/	无可用尺码	1964-1996/1973	Wagon/Wagon	Extended/G10 Short/G20 Short/G30 Extended/G-Classic Extended/Short/G30 Regular			1964-1996	Wagon	Extended/G10 Short/G20 Short/G30 Extended/G30 Regular/G-Classic Extended/Short	fallback	Chevrolet Chevy Van 1971 Wagon 原子事实对应多条候选记录
非皮卡	高度压缩两两组合	Chevrolet	Chevy Van/Chevy Van	Chevy Van	/	/	无可用尺码	1964-1996/1973-1979	Wagon/Wagon	Extended/G10 Short/G20 Short/G30 Extended/G-Classic Extended/Short/G30 Short			1964-1996	Wagon	Extended/G10 Short/G20 Short/G30 Extended/G30 Short/G-Classic Extended/Short	success	
非皮卡	高度压缩两两组合	Chevrolet	Chevy Van/Chevy Van	Chevy Van	/	/	无可用尺码	1964-1996/1973	Wagon/Wagon	Extended/G10 Short/G20 Short/G30 Extended/G30 Short/G-Classic Extended/Short/G30 Regular			1964-1996	Wagon	Extended/G10 Short/G20 Short/G30 Extended/G30 Regular/G30 Short/G-Classic Extended/Short	fallback	Chevrolet Chevy Van 1971 Wagon 原子事实对应多条候选记录
非皮卡	高度压缩两两组合	Chevrolet	Chevy Van/Chevy Van	Chevy Van	/	/	无可用尺码	1964-1996/1976	Wagon/Wagon	Extended/G10 Short/G20 Short/G30 Extended/G30 Short/G-Classic Extended/Short/G30 Regular			1964-1996	Wagon	Extended/G10 Short/G20 Short/G30 Extended/G30 Regular/G30 Short/G-Classic Extended/Short	fallback	Chevrolet Chevy Van 1971 Wagon 原子事实对应多条候选记录
非皮卡	高度压缩两两组合	Chevrolet	Chevy Van/Chevy Van	Chevy Van	/	/	无可用尺码	1964-1996/1979	Wagon/Wagon	Extended/G10 Short/G20 Short/G30 Extended/G30 Short/G-Classic Extended/Short/G30 Regular			1964-1996	Wagon	Extended/G10 Short/G20 Short/G30 Extended/G30 Regular/G30 Short/G-Classic Extended/Short	fallback	Chevrolet Chevy Van 1971 Wagon 原子事实对应多条候选记录
非皮卡	高度压缩两两组合	Chevrolet	Chevy Van/Chevy Van	Chevy Van	/	/	无可用尺码	1964-1996/1981-1992	Wagon/Wagon	Extended/G10 Short/G20 Short/G30 Extended/G30 Short/G-Classic Extended/Short/G30 Regular			1964-1996	Wagon	Extended/G10 Short/G20 Short/G30 Extended/G30 Regular/G30 Short/G-Classic Extended/Short	fallback	Chevrolet Chevy Van 1971 Wagon 原子事实对应多条候选记录
非皮卡	高度压缩两两组合	Chevrolet	Chevy Van/Chevy Van	Chevy Van	/	/	2XXL-525	1967-1996/1971-1972	Wagon/Wagon	G10 Regular/G20 Regular/G-Classic Regular/Regular/G30 Regular			1967-1996	Wagon	G10 Regular/G20 Regular/G30 Regular/G-Classic Regular/Regular	fallback	Chevrolet Chevy Van 1973 Wagon 原子事实对应多条候选记录
非皮卡	高度压缩两两组合	Chevrolet	Chevy Van/Chevy Van	Chevy Van	/	/	2XXL-525	1967-1996/1974-1975	Wagon/Wagon	G10 Regular/G20 Regular/G-Classic Regular/Regular/G30 Regular			1967-1996	Wagon	G10 Regular/G20 Regular/G30 Regular/G-Classic Regular/Regular	fallback	Chevrolet Chevy Van 1971 Wagon 原子事实对应多条候选记录
非皮卡	高度压缩两两组合	Chevrolet	Chevy Van/Chevy Van	Chevy Van	/	/	2XXL-525	1967-1996/1977-1978	Wagon/Wagon	G10 Regular/G20 Regular/G-Classic Regular/Regular/G30 Regular			1967-1996	Wagon	G10 Regular/G20 Regular/G30 Regular/G-Classic Regular/Regular	fallback	Chevrolet Chevy Van 1971 Wagon 原子事实对应多条候选记录
非皮卡	高度压缩两两组合	Chevrolet	Chevy Van/Chevy Van	Chevy Van	/	/	2XXL-525	1967-1996/1980	Wagon/Wagon	G10 Regular/G20 Regular/G-Classic Regular/Regular/G30 Regular			1967-1996	Wagon	G10 Regular/G20 Regular/G30 Regular/G-Classic Regular/Regular	fallback	Chevrolet Chevy Van 1971 Wagon 原子事实对应多条候选记录
非皮卡	高度压缩两两组合	Chevrolet	Chevy Van/Chevy Van	Chevy Van	/	/	2XXL-525	1971-1972/1974-1975	Wagon/Wagon	G30 Regular/G30 Regular			1971-1975	Wagon	G30 Regular	fallback	Chevrolet Chevy Van 1973 Wagon 原子事实对应多条候选记录
非皮卡	高度压缩两两组合	Chevrolet	Chevy Van/Chevy Van	Chevy Van	/	/	2XXL-525	1971-1972/1977-1978	Wagon/Wagon	G30 Regular/G30 Regular			1971-1978	Wagon	G30 Regular	fallback	Chevrolet Chevy Van 1973 Wagon 原子事实对应多条候选记录
非皮卡	高度压缩两两组合	Chevrolet	Chevy Van/Chevy Van	Chevy Van	/	/	2XXL-525	1971-1972/1980	Wagon/Wagon	G30 Regular/G30 Regular			1971-1980	Wagon	G30 Regular	fallback	Chevrolet Chevy Van 1973 Wagon 原子事实对应多条候选记录
非皮卡	高度压缩两两组合	Chevrolet	Chevy Van/Chevy Van	Chevy Van	/	/	无可用尺码	1973/1976	Wagon/Wagon	G30 Regular/G30 Regular			1973-1976	Wagon	G30 Regular	fallback	Chevrolet Chevy Van 1974 Wagon 原子事实对应多条候选记录
非皮卡	高度压缩两两组合	Chevrolet	Chevy Van/Chevy Van	Chevy Van	/	/	无可用尺码	1973/1979	Wagon/Wagon	G30 Regular/G30 Regular			1973-1979	Wagon	G30 Regular	fallback	Chevrolet Chevy Van 1974 Wagon 原子事实对应多条候选记录
非皮卡	高度压缩两两组合	Chevrolet	Chevy Van/Chevy Van	Chevy Van	/	/	无可用尺码	1973/1981-1992	Wagon/Wagon	G30 Regular/G30 Regular			1973-1992	Wagon	G30 Regular	fallback	Chevrolet Chevy Van 1974 Wagon 原子事实对应多条候选记录
非皮卡	高度压缩两两组合	Chevrolet	Chevy Van/Chevy Van	Chevy Van	/	/	2XXL-525	1974-1975/1977-1978	Wagon/Wagon	G30 Regular/G30 Regular			1974-1978	Wagon	G30 Regular	fallback	Chevrolet Chevy Van 1976 Wagon 原子事实对应多条候选记录
非皮卡	高度压缩两两组合	Chevrolet	Chevy Van/Chevy Van	Chevy Van	/	/	2XXL-525	1974-1975/1980	Wagon/Wagon	G30 Regular/G30 Regular			1974-1980	Wagon	G30 Regular	fallback	Chevrolet Chevy Van 1976 Wagon 原子事实对应多条候选记录
非皮卡	高度压缩两两组合	Chevrolet	Chevy Van/Chevy Van	Chevy Van	/	/	无可用尺码	1976/1979	Wagon/Wagon	G30 Regular/G30 Regular			1976-1979	Wagon	G30 Regular	fallback	Chevrolet Chevy Van 1977 Wagon 原子事实对应多条候选记录
非皮卡	高度压缩两两组合	Chevrolet	Chevy Van/Chevy Van	Chevy Van	/	/	无可用尺码	1976/1981-1992	Wagon/Wagon	G30 Regular/G30 Regular			1976-1992	Wagon	G30 Regular	fallback	Chevrolet Chevy Van 1977 Wagon 原子事实对应多条候选记录
非皮卡	高度压缩两两组合	Chevrolet	Chevy Van/Chevy Van	Chevy Van	/	/	2XXL-525	1977-1978/1980	Wagon/Wagon	G30 Regular/G30 Regular			1977-1980	Wagon	G30 Regular	fallback	Chevrolet Chevy Van 1979 Wagon 原子事实对应多条候选记录
非皮卡	高度压缩两两组合	Chevrolet	Chevy Van/Chevy Van	Chevy Van	/	/	无可用尺码	1979/1981-1992	Wagon/Wagon	G30 Regular/G30 Regular			1979-1992	Wagon	G30 Regular	fallback	Chevrolet Chevy Van 1980 Wagon 原子事实对应多条候选记录
非皮卡	高度压缩两两组合	Chevrolet	Cobalt/Cobalt	Cobalt	/	/	3L-0	2005-2010/2005-2010	Coupe/Coupe	/SS			2005-2010	Coupe	Incl: SS	success	
非皮卡	高度压缩两两组合	Chevrolet	Corvette/Corvette	Corvette	/	/	3M-0	1953-1964/1963-1967	Convertible/Coupe	/			1953-1967	Convertible/Coupe		success	
非皮卡	高度压缩两两组合	Chevrolet	Corvette/Corvette	Corvette	/	/	3M-0	1953-1967/2005	Convertible/Coupe/Coupe	/			1953-2005	Convertible/Coupe		fallback	Chevrolet Corvette 1968 Convertible 原子事实对应多条候选记录
非皮卡	高度压缩两两组合	Chevrolet	Corvette/Corvette	Corvette	/	/	3M-0	1953-1967/2005-2013	Convertible/Coupe/Coupe	/Z06/ZR1			1953-2013	Convertible/Coupe	Incl: Z06/ZR1	fallback	Chevrolet Corvette 1968 Convertible 原子事实对应多条候选记录
非皮卡	高度压缩两两组合	Chevrolet	Corvette/Corvette	Corvette	/	/	3M-0	1953-1967/2006-2010	Convertible/Coupe/Coupe	/Z06			1953-2010	Convertible/Coupe	Incl: Z06	fallback	Chevrolet Corvette 1968 Convertible 原子事实对应多条候选记录
非皮卡	高度压缩两两组合	Chevrolet	Corvette/Corvette	Corvette	/	/	3M-0	1953-1967/2014	Convertible/Coupe/Coupe	/			1953-2014	Convertible/Coupe		fallback	Chevrolet Corvette 1968 Convertible 原子事实对应多条候选记录
非皮卡	高度压缩两两组合	Chevrolet	Corvette/Corvette	Corvette	/	/	3M-0	1953-1967/2015-2019	Convertible/Coupe/Coupe	/Z06/ZR1			1953-2019	Convertible/Coupe	Incl: Z06/ZR1	fallback	Chevrolet Corvette 1968 Convertible 原子事实对应多条候选记录
非皮卡	高度压缩两两组合	Chevrolet	Corvette/Corvette	Corvette	/	/	3XL-0	1968-1975/1968-1982	Convertible/Coupe	/			1968-1982	Convertible/Coupe		success	
非皮卡	高度压缩两两组合	Chevrolet	Corvette/Corvette	Corvette	/	/	3M-0	1953-1967/2005	Convertible/Coupe/Coupe	/			1953-2005	Convertible/Coupe		fallback	Chevrolet Corvette 1968 Convertible 原子事实对应多条候选记录
非皮卡	高度压缩两两组合	Chevrolet	Corvette/Corvette	Corvette	/	/	3M-0	1953-1967/2005-2013	Convertible/Coupe/Coupe	/Z06/ZR1			1953-2013	Convertible/Coupe	Incl: Z06/ZR1	fallback	Chevrolet Corvette 1968 Convertible 原子事实对应多条候选记录
非皮卡	高度压缩两两组合	Chevrolet	Corvette/Corvette	Corvette	/	/	3M-0	1953-1967/2006-2010	Convertible/Coupe/Coupe	/Z06			1953-2010	Convertible/Coupe	Incl: Z06	fallback	Chevrolet Corvette 1968 Convertible 原子事实对应多条候选记录
非皮卡	高度压缩两两组合	Chevrolet	Corvette/Corvette	Corvette	/	/	3M-0	1953-1967/2014	Convertible/Coupe/Coupe	/			1953-2014	Convertible/Coupe		fallback	Chevrolet Corvette 1968 Convertible 原子事实对应多条候选记录
非皮卡	高度压缩两两组合	Chevrolet	Corvette/Corvette	Corvette	/	/	3M-0	1953-1967/2015-2019	Convertible/Coupe/Coupe	/Z06/ZR1			1953-2019	Convertible/Coupe	Incl: Z06/ZR1	fallback	Chevrolet Corvette 1968 Convertible 原子事实对应多条候选记录
非皮卡	高度压缩两两组合	Chevrolet	Corvette/Corvette	Corvette	/	/	3XL-0	1968-1982/2020-2026	Convertible/Coupe/Coupe	/			1968-2026	Convertible/Coupe		fallback	Chevrolet Corvette 1984 Coupe 原子事实对应多条候选记录
非皮卡	高度压缩两两组合	Chevrolet	Corvette/Corvette	Corvette	/	/	3XL-0	1968-1982/2025-2026	Convertible/Coupe/Coupe	/ZR1			1968-2026	Convertible/Coupe	Incl: ZR1	fallback	Chevrolet Corvette 1984 Coupe 原子事实对应多条候选记录
非皮卡	高度压缩两两组合	Chevrolet	Corvette/Corvette	Corvette	/	/	3L-0	1984-2004/1986-1996	Coupe/Convertible	/			1984-2004	Convertible/Coupe		fallback	Chevrolet Corvette 1998 Convertible 原子事实对应多条候选记录
非皮卡	高度压缩两两组合	Chevrolet	Corvette/Corvette	Corvette	/	/	3L-0	1984-2004/1990-1995	Coupe/Coupe	/ZR-1			1984-2004	Coupe	Incl: ZR-1	success	
非皮卡	高度压缩两两组合	Chevrolet	Corvette/Corvette	Corvette	/	/	3M-0	1953-1967/2005	Convertible/Coupe/Coupe	/			1953-2005	Convertible/Coupe		fallback	Chevrolet Corvette 1968 Convertible 原子事实对应多条候选记录
非皮卡	高度压缩两两组合	Chevrolet	Corvette/Corvette	Corvette	/	/	3M-0	1953-1967/2005-2013	Convertible/Coupe/Coupe	/Z06/ZR1			1953-2013	Convertible/Coupe	Incl: Z06/ZR1	fallback	Chevrolet Corvette 1968 Convertible 原子事实对应多条候选记录
非皮卡	高度压缩两两组合	Chevrolet	Corvette/Corvette	Corvette	/	/	3M-0	1953-1967/2006-2010	Convertible/Coupe/Coupe	/Z06			1953-2010	Convertible/Coupe	Incl: Z06	fallback	Chevrolet Corvette 1968 Convertible 原子事实对应多条候选记录
非皮卡	高度压缩两两组合	Chevrolet	Corvette/Corvette	Corvette	/	/	3M-0	1953-1967/2014	Convertible/Coupe/Coupe	/			1953-2014	Convertible/Coupe		fallback	Chevrolet Corvette 1968 Convertible 原子事实对应多条候选记录
非皮卡	高度压缩两两组合	Chevrolet	Corvette/Corvette	Corvette	/	/	3M-0	1953-1967/2015-2019	Convertible/Coupe/Coupe	/Z06/ZR1			1953-2019	Convertible/Coupe	Incl: Z06/ZR1	fallback	Chevrolet Corvette 1968 Convertible 原子事实对应多条候选记录
非皮卡	高度压缩两两组合	Chevrolet	Corvette/Corvette	Corvette	/	/	3XL-0	1968-1982/2020-2026	Convertible/Coupe/Coupe	/			1968-2026	Convertible/Coupe		fallback	Chevrolet Corvette 1984 Coupe 原子事实对应多条候选记录
非皮卡	高度压缩两两组合	Chevrolet	Corvette/Corvette	Corvette	/	/	3XL-0	1968-1982/2025-2026	Convertible/Coupe/Coupe	/ZR1			1968-2026	Convertible/Coupe	Incl: ZR1	fallback	Chevrolet Corvette 1984 Coupe 原子事实对应多条候选记录
非皮卡	高度压缩两两组合	Chevrolet	Corvette/Corvette	Corvette	/	/	3L-0	1984-2004/1986-1996	Coupe/Convertible	Incl: ZR-1/			1984-2004	Convertible/Coupe	Incl: ZR-1	fallback	Chevrolet Corvette 1998 Convertible 原子事实对应多条候选记录
非皮卡	高度压缩两两组合	Chevrolet	Corvette/Corvette	Corvette	/	/	3L-0	1984-2004/1998-2004	Coupe/Convertible	Incl: ZR-1/			1984-2004	Convertible/Coupe	Incl: ZR-1	fallback	Chevrolet Corvette 1986 Convertible 原子事实对应多条候选记录
非皮卡	高度压缩两两组合	Chevrolet	Corvette/Corvette	Corvette	/	/	3L-0	1986-1996/1998-2004	Convertible/Convertible	/			1986-2004	Convertible		success	
非皮卡	高度压缩两两组合	Chevrolet	Corvette/Corvette	Corvette	/	/	3M-0	1953-1967/2005	Convertible/Coupe/Coupe	/			1953-2005	Convertible/Coupe		fallback	Chevrolet Corvette 1968 Convertible 原子事实对应多条候选记录
非皮卡	高度压缩两两组合	Chevrolet	Corvette/Corvette	Corvette	/	/	3M-0	1953-1967/2005-2013	Convertible/Coupe/Coupe	/Z06/ZR1			1953-2013	Convertible/Coupe	Incl: Z06/ZR1	fallback	Chevrolet Corvette 1968 Convertible 原子事实对应多条候选记录
非皮卡	高度压缩两两组合	Chevrolet	Corvette/Corvette	Corvette	/	/	3M-0	1953-1967/2006-2010	Convertible/Coupe/Coupe	/Z06			1953-2010	Convertible/Coupe	Incl: Z06	fallback	Chevrolet Corvette 1968 Convertible 原子事实对应多条候选记录
非皮卡	高度压缩两两组合	Chevrolet	Corvette/Corvette	Corvette	/	/	3M-0	1953-1967/2014	Convertible/Coupe/Coupe	/			1953-2014	Convertible/Coupe		fallback	Chevrolet Corvette 1968 Convertible 原子事实对应多条候选记录
非皮卡	高度压缩两两组合	Chevrolet	Corvette/Corvette	Corvette	/	/	3M-0	1953-1967/2015-2019	Convertible/Coupe/Coupe	/Z06/ZR1			1953-2019	Convertible/Coupe	Incl: Z06/ZR1	fallback	Chevrolet Corvette 1968 Convertible 原子事实对应多条候选记录
非皮卡	高度压缩两两组合	Chevrolet	Corvette/Corvette	Corvette	/	/	3XL-0	1968-1982/2020-2026	Convertible/Coupe/Coupe	/			1968-2026	Convertible/Coupe		fallback	Chevrolet Corvette 1984 Coupe 原子事实对应多条候选记录
非皮卡	高度压缩两两组合	Chevrolet	Corvette/Corvette	Corvette	/	/	3XL-0	1968-1982/2025-2026	Convertible/Coupe/Coupe	/ZR1			1968-2026	Convertible/Coupe	Incl: ZR1	fallback	Chevrolet Corvette 1984 Coupe 原子事实对应多条候选记录
非皮卡	高度压缩两两组合	Chevrolet	Corvette/Corvette	Corvette	/	/	3L-0	1984-2004/1986-2004	Coupe/Convertible	Incl: ZR-1/			1984-2004	Convertible/Coupe	Incl: ZR-1	success	
非皮卡	高度压缩两两组合	Chevrolet	Corvette/Corvette	Corvette	/	/	3M-0	1953-1967/2005	Convertible/Coupe/Coupe	/			1953-2005	Convertible/Coupe		fallback	Chevrolet Corvette 1968 Convertible 原子事实对应多条候选记录
非皮卡	高度压缩两两组合	Chevrolet	Corvette/Corvette	Corvette	/	/	3M-0	1953-1967/2005-2013	Convertible/Coupe/Coupe	/Z06/ZR1			1953-2013	Convertible/Coupe	Incl: Z06/ZR1	fallback	Chevrolet Corvette 1968 Convertible 原子事实对应多条候选记录
非皮卡	高度压缩两两组合	Chevrolet	Corvette/Corvette	Corvette	/	/	3M-0	1953-1967/2006-2010	Convertible/Coupe/Coupe	/Z06			1953-2010	Convertible/Coupe	Incl: Z06	fallback	Chevrolet Corvette 1968 Convertible 原子事实对应多条候选记录
非皮卡	高度压缩两两组合	Chevrolet	Corvette/Corvette	Corvette	/	/	3M-0	1953-1967/2014	Convertible/Coupe/Coupe	/			1953-2014	Convertible/Coupe		fallback	Chevrolet Corvette 1968 Convertible 原子事实对应多条候选记录
非皮卡	高度压缩两两组合	Chevrolet	Corvette/Corvette	Corvette	/	/	3M-0	1953-1967/2015-2019	Convertible/Coupe/Coupe	/Z06/ZR1			1953-2019	Convertible/Coupe	Incl: Z06/ZR1	fallback	Chevrolet Corvette 1968 Convertible 原子事实对应多条候选记录
非皮卡	高度压缩两两组合	Chevrolet	Corvette/Corvette	Corvette	/	/	3XL-0	1968-1982/2020-2026	Convertible/Coupe/Coupe	/			1968-2026	Convertible/Coupe		fallback	Chevrolet Corvette 1984 Coupe 原子事实对应多条候选记录
非皮卡	高度压缩两两组合	Chevrolet	Corvette/Corvette	Corvette	/	/	3XL-0	1968-1982/2025-2026	Convertible/Coupe/Coupe	/ZR1			1968-2026	Convertible/Coupe	Incl: ZR1	fallback	Chevrolet Corvette 1984 Coupe 原子事实对应多条候选记录
非皮卡	高度压缩两两组合	Chevrolet	Corvette/Corvette	Corvette	/	/	3M-0	2005/2005-2013	Coupe/Coupe	/Z06/ZR1			2005-2013	Coupe	Incl: Z06/ZR1	fallback	Chevrolet Corvette 2006 Coupe 原子事实对应多条候选记录
非皮卡	高度压缩两两组合	Chevrolet	Corvette/Corvette	Corvette	/	/	3M-0	2005/2006-2010	Coupe/Coupe	/Z06			2005-2010	Coupe	Incl: Z06	fallback	Chevrolet Corvette 2005 Coupe 原子事实对应多条候选记录
非皮卡	高度压缩两两组合	Chevrolet	Corvette/Corvette	Corvette	/	/	3M-0	2005/2014	Coupe/Coupe	/			2005-2014	Coupe		success	
非皮卡	高度压缩两两组合	Chevrolet	Corvette/Corvette	Corvette	/	/	3M-0	1953-1967/2005-2013	Convertible/Coupe/Coupe	/Z06/ZR1			1953-2013	Convertible/Coupe	Incl: Z06/ZR1	fallback	Chevrolet Corvette 1968 Convertible 原子事实对应多条候选记录
非皮卡	高度压缩两两组合	Chevrolet	Corvette/Corvette	Corvette	/	/	3M-0	1953-1967/2005-2014	Convertible/Coupe/Coupe	/			1953-2014	Convertible/Coupe		fallback	Chevrolet Corvette 1968 Convertible 原子事实对应多条候选记录
非皮卡	高度压缩两两组合	Chevrolet	Corvette/Corvette	Corvette	/	/	3M-0	1953-1967/2006-2010	Convertible/Coupe/Coupe	/Z06			1953-2010	Convertible/Coupe	Incl: Z06	fallback	Chevrolet Corvette 1968 Convertible 原子事实对应多条候选记录
非皮卡	高度压缩两两组合	Chevrolet	Corvette/Corvette	Corvette	/	/	3M-0	1953-1967/2015-2019	Convertible/Coupe/Coupe	/Z06/ZR1			1953-2019	Convertible/Coupe	Incl: Z06/ZR1	fallback	Chevrolet Corvette 1968 Convertible 原子事实对应多条候选记录
非皮卡	高度压缩两两组合	Chevrolet	Corvette/Corvette	Corvette	/	/	3XL-0	1968-1982/2020-2026	Convertible/Coupe/Coupe	/			1968-2026	Convertible/Coupe		fallback	Chevrolet Corvette 1984 Coupe 原子事实对应多条候选记录
非皮卡	高度压缩两两组合	Chevrolet	Corvette/Corvette	Corvette	/	/	3XL-0	1968-1982/2025-2026	Convertible/Coupe/Coupe	/ZR1			1968-2026	Convertible/Coupe	Incl: ZR1	fallback	Chevrolet Corvette 1984 Coupe 原子事实对应多条候选记录
非皮卡	高度压缩两两组合	Chevrolet	Corvette/Corvette	Corvette	/	/	3M-0	2005-2013/2005-2014	Coupe/Coupe	Z06/ZR1/			2005-2014	Coupe	Incl: Z06/ZR1	fallback	Chevrolet Corvette 2006 Coupe 原子事实对应多条候选记录
非皮卡	高度压缩两两组合	Chevrolet	Corvette/Corvette	Corvette	/	/	3M-0	2005-2013/2006-2010	Coupe/Coupe	Z06/ZR1/Z06			2005-2013	Coupe	Z06/ZR1	success	
非皮卡	高度压缩两两组合	Chevrolet	Corvette/Corvette	Corvette	/	/	3M-0	1953-1967/2005-2013	Convertible/Coupe/Coupe	/Z06/ZR1			1953-2013	Convertible/Coupe	Incl: Z06/ZR1	fallback	Chevrolet Corvette 1968 Convertible 原子事实对应多条候选记录
非皮卡	高度压缩两两组合	Chevrolet	Corvette/Corvette	Corvette	/	/	3M-0	1953-1967/2005-2014	Convertible/Coupe/Coupe	/			1953-2014	Convertible/Coupe		fallback	Chevrolet Corvette 1968 Convertible 原子事实对应多条候选记录
非皮卡	高度压缩两两组合	Chevrolet	Corvette/Corvette	Corvette	/	/	3M-0	1953-1967/2015-2019	Convertible/Coupe/Coupe	/Z06/ZR1			1953-2019	Convertible/Coupe	Incl: Z06/ZR1	fallback	Chevrolet Corvette 1968 Convertible 原子事实对应多条候选记录
非皮卡	高度压缩两两组合	Chevrolet	Corvette/Corvette	Corvette	/	/	3XL-0	1968-1982/2020-2026	Convertible/Coupe/Coupe	/			1968-2026	Convertible/Coupe		fallback	Chevrolet Corvette 1984 Coupe 原子事实对应多条候选记录
非皮卡	高度压缩两两组合	Chevrolet	Corvette/Corvette	Corvette	/	/	3XL-0	1968-1982/2025-2026	Convertible/Coupe/Coupe	/ZR1			1968-2026	Convertible/Coupe	Incl: ZR1	fallback	Chevrolet Corvette 1984 Coupe 原子事实对应多条候选记录
非皮卡	高度压缩两两组合	Chevrolet	Corvette/Corvette	Corvette	/	/	3M-0	2005-2013/2005-2014	Coupe/Coupe	Z06/ZR1/			2005-2014	Coupe	Incl: Z06/ZR1	success	
非皮卡	高度压缩两两组合	Chevrolet	Corvette/Corvette	Corvette	/	/	3M-0	1953-1967/2005-2014	Convertible/Coupe/Coupe	/Incl: Z06/ZR1			1953-2014	Convertible/Coupe	Incl: Z06/ZR1	fallback	Chevrolet Corvette 1968 Convertible 原子事实对应多条候选记录
非皮卡	高度压缩两两组合	Chevrolet	Corvette/Corvette	Corvette	/	/	3M-0	1953-1967/2015-2019	Convertible/Coupe/Coupe	/Z06/ZR1			1953-2019	Convertible/Coupe	Incl: Z06/ZR1	fallback	Chevrolet Corvette 1968 Convertible 原子事实对应多条候选记录
非皮卡	高度压缩两两组合	Chevrolet	Corvette/Corvette	Corvette	/	/	3XL-0	1968-1982/2020-2026	Convertible/Coupe/Coupe	/			1968-2026	Convertible/Coupe		fallback	Chevrolet Corvette 1984 Coupe 原子事实对应多条候选记录
非皮卡	高度压缩两两组合	Chevrolet	Corvette/Corvette	Corvette	/	/	3XL-0	1968-1982/2025-2026	Convertible/Coupe/Coupe	/ZR1			1968-2026	Convertible/Coupe	Incl: ZR1	fallback	Chevrolet Corvette 1984 Coupe 原子事实对应多条候选记录
非皮卡	高度压缩两两组合	Chevrolet	Corvette/Corvette	Corvette	/	/	3M-0	2005-2014/2015-2019	Coupe/Coupe	Incl: Z06/ZR1/Z06/ZR1			2005-2019	Coupe	Incl: Z06/ZR1	success	
非皮卡	高度压缩两两组合	Chevrolet	Corvette/Corvette	Corvette	/	/	3M-0	1953-1967/2005-2019	Convertible/Coupe/Coupe	/Incl: Z06/ZR1			1953-2019	Convertible/Coupe	Incl: Z06/ZR1	fallback	Chevrolet Corvette 1968 Convertible 原子事实对应多条候选记录
非皮卡	高度压缩两两组合	Chevrolet	Corvette/Corvette	Corvette	/	/	3XL-0	1968-1982/2020-2026	Convertible/Coupe/Coupe	/			1968-2026	Convertible/Coupe		fallback	Chevrolet Corvette 1984 Coupe 原子事实对应多条候选记录
非皮卡	高度压缩两两组合	Chevrolet	Corvette/Corvette	Corvette	/	/	3XL-0	1968-1982/2025-2026	Convertible/Coupe/Coupe	/ZR1			1968-2026	Convertible/Coupe	Incl: ZR1	fallback	Chevrolet Corvette 1984 Coupe 原子事实对应多条候选记录
非皮卡	高度压缩两两组合	Chevrolet	Corvette/Corvette	Corvette	/	/	3XL-0	2020-2026/2025-2026	Coupe/Coupe	/ZR1			2020-2026	Coupe	Incl: ZR1	success	
非皮卡	高度压缩两两组合	Chevrolet	Corvette/Corvette	Corvette	/	/	3M-0	1953-1967/2005-2019	Convertible/Coupe/Coupe	/Incl: Z06/ZR1			1953-2019	Convertible/Coupe	Incl: Z06/ZR1	fallback	Chevrolet Corvette 1968 Convertible 原子事实对应多条候选记录
非皮卡	高度压缩两两组合	Chevrolet	Corvette/Corvette	Corvette	/	/	3XL-0	1968-1982/2020-2026	Convertible/Coupe/Coupe	/Incl: ZR1			1968-2026	Convertible/Coupe	Incl: ZR1	fallback	Chevrolet Corvette 1984 Coupe 原子事实对应多条候选记录
非皮卡	高度压缩两两组合	Chevrolet	Express/Express	Express	/	/	无可用尺码	2013/2016-2017	Van/Van	/Extended			2013-2017	Van	Incl: Extended	success	
非皮卡	高度压缩两两组合	Chevrolet	Express/Express	Express	/	/	无可用尺码	2013-2017/2021-2023	Van/Van	Incl: Extended/			2013-2023	Van	Incl: Extended	fallback	Chevrolet Express 2021 Van 原子事实对应多条候选记录
非皮卡	高度压缩两两组合	Chevrolet	Express/Express	Express	/	/	无可用尺码	2013-2017/2021-2023	Van/Van	Incl: Extended/Extended			2013-2023	Van	Incl: Extended	fallback	Chevrolet Express 2021 Van 原子事实对应多条候选记录
非皮卡	高度压缩两两组合	Chevrolet	Express/Express	Express	/	/	无可用尺码	2021-2023/2021-2023	Van/Van	/Extended			2021-2023	Van	Incl: Extended	success	
非皮卡	高度压缩两两组合	Chevrolet	Express/Express	Express	/	/	无可用尺码	2013-2017/2021-2023	Van/Van	Incl: Extended/Incl: Extended			2013-2023	Van	Incl: Extended	success	
非皮卡	高度压缩两两组合	Chevrolet	HHR/HHR	HHR	/	/	2L+	2006-2011/2007-2011	Wagon/Wagon	/Panel			2006-2011	Wagon	Incl: Panel	success	
非皮卡	高度压缩两两组合	Chevrolet	HHR/HHR	HHR	/	/	2L+	2006-2011/2008-2010	Wagon/Wagon	Incl: Panel/SS			2006-2011	Wagon	Incl: Panel/SS	success	
非皮卡	高度压缩两两组合	Chevrolet	HHR/HHR	HHR	/	/	2L+	2006-2011/2009	Wagon/Wagon	Incl: Panel/SS/Panel SS			2006-2011	Wagon	Incl: Panel/Panel SS/SS	success	
非皮卡	高度压缩两两组合	Chevrolet	Impala/Impala	Impala	/	/	无可用尺码	1962-1963/1965-1968	Wagon/Wagon	/			1962-1968	Wagon		success	
非皮卡	高度压缩两两组合	Chevrolet	Impala/Impala	Impala	/	/	3XXXL	1974/1994-1996	Sedan/Sedan	/SS			1974-1996	Sedan	Incl: SS	success	
非皮卡	高度压缩两两组合	Chevrolet	Impala/Impala	Impala	/	/	3XXXXL-0	1974/1976	Coupe/Convertible	/			1974-1976	Convertible/Coupe		success	
非皮卡	高度压缩两两组合	Chevrolet	Malibu/Malibu	Malibu	/	/	3XL+0	1964-1972/1964-1974	Convertible/Coupe	/			1964-1974	Convertible/Coupe		success	
非皮卡	高度压缩两两组合	Chevrolet	Malibu/Malibu	Malibu	/	/	2XL+	1964-1974/1978-1983	Wagon/Wagon	/			1964-1983	Wagon		fallback	Chevrolet Malibu 1975 Wagon 原子事实对应多条候选记录
非皮卡	高度压缩两两组合	Chevrolet	Malibu/Malibu	Malibu	/	/	3XL+	1964-1974/1978-1983	Sedan/Sedan	/			1964-1983	Sedan		fallback	Chevrolet Malibu 1975 Sedan 原子事实对应多条候选记录
非皮卡	高度压缩两两组合	Chevrolet	Malibu/Malibu	Malibu	/	/	3XL+	1964-1974/2016-2025	Sedan/Sedan	/			1964-2025	Sedan		fallback	Chevrolet Malibu 1975 Sedan 原子事实对应多条候选记录
非皮卡	高度压缩两两组合	Chevrolet	Malibu/Malibu	Malibu	/	/	3XL+0	1964-1974/1978-1981	Convertible/Coupe/Coupe	/			1964-1981	Convertible/Coupe		fallback	Chevrolet Malibu 1975 Coupe 原子事实对应多条候选记录
非皮卡	高度压缩两两组合	Chevrolet	Malibu/Malibu	Malibu	/	/	3XL+	1978-1983/2016-2025	Sedan/Sedan	/			1978-2025	Sedan		fallback	Chevrolet Malibu 1997 Sedan 原子事实对应多条候选记录
非皮卡	高度压缩两两组合	Chevrolet	Monte Carlo/Monte Carlo	Monte Carlo	/	/	3XL+0	1978-1988/1983-1988	Coupe/Coupe	/SS			1978-1988	Coupe	Incl: SS	success	
非皮卡	高度压缩两两组合	Chevrolet	Monte Carlo/Monte Carlo	Monte Carlo	/	/	3XL+0	1978-1988/1995-2007	Coupe/Coupe	Incl: SS/			1978-2007	Coupe	Incl: SS	success	
非皮卡	高度压缩两两组合	Chevrolet	Nova/Nova	Nova	/	/	2XL	1962-1963/1966-1967	Wagon/Wagon	/			1962-1967	Wagon		fallback	Chevrolet Nova 1964 Wagon 原子事实对应多条候选记录
非皮卡	高度压缩两两组合	Chevrolet	Nova/Nova	Nova	/	/	2XL	1962-1963/1968-1972	Wagon/Hatchback	/			1962-1972	Hatchback/Wagon		fallback	Chevrolet Nova 1964 Wagon 原子事实对应多条候选记录
非皮卡	高度压缩两两组合	Chevrolet	Nova/Nova	Nova	/	/	2XL+	1964-1965/1973-1979	Wagon/Hatchback	/			1964-1979	Hatchback/Wagon		fallback	Chevrolet Nova 1966 Wagon 原子事实对应多条候选记录
非皮卡	高度压缩两两组合	Chevrolet	Nova/Nova	Nova	/	/	2XL	1966-1967/1968-1972	Wagon/Hatchback	/			1966-1972	Hatchback/Wagon		success	
非皮卡	高度压缩两两组合	Chevrolet	Nova/Nova	Nova	/	/	2XL	1962-1963/1966-1972	Wagon/Hatchback/Wagon	/			1962-1972	Hatchback/Wagon		fallback	Chevrolet Nova 1964 Wagon 原子事实对应多条候选记录
非皮卡	高度压缩两两组合	Chevrolet	Nova/Nova	Nova	/	/	2XL+	1964-1965/1973-1979	Wagon/Hatchback	/			1964-1979	Hatchback/Wagon		fallback	Chevrolet Nova 1966 Wagon 原子事实对应多条候选记录
非皮卡	高度压缩两两组合	Chevrolet	Nova/Nova	Nova	/	/	3XL+0	1973-1974/1976-1979	Coupe/Coupe	/			1973-1979	Coupe		success	
非皮卡	高度压缩两两组合	Chevrolet	Nova/Nova	Nova	/	/	2XL	1962-1963/1966-1972	Wagon/Hatchback/Wagon	/			1962-1972	Hatchback/Wagon		fallback	Chevrolet Nova 1964 Wagon 原子事实对应多条候选记录
非皮卡	高度压缩两两组合	Chevrolet	Nova/Nova	Nova	/	/	2XL+	1964-1965/1973-1979	Wagon/Hatchback	/			1964-1979	Hatchback/Wagon		fallback	Chevrolet Nova 1966 Wagon 原子事实对应多条候选记录
非皮卡	高度压缩两两组合	Chevrolet	S-10 Blazer/S-10 Blazer	S-10 Blazer	/	/	YM+	1983-1990/1991-1994	SUV/SUV	/2dr 4WD			1983-1994	SUV	Incl: 2dr 4WD	success	
非皮卡	高度压缩两两组合	Chevrolet	S-10 Blazer/S-10 Blazer	S-10 Blazer	/	/	YM+	1983-1994/1991-1994	SUV/SUV	Incl: 2dr 4WD/4dr 2WD			1983-1994	SUV	Incl: 2dr 4WD/4dr 2WD	success	
非皮卡	高度压缩两两组合	Chevrolet	S-10 Blazer/S-10 Blazer	S-10 Blazer	/	/	YM+	1983-1994/1992-1993	SUV/SUV	Incl: 2dr 4WD/4dr 2WD/2dr 2WD			1983-1994	SUV	Incl: 2dr 2WD/2dr 4WD/4dr 2WD	success	
非皮卡	高度压缩两两组合	Chevrolet	S-10 Blazer/S-10 Blazer	S-10 Blazer	/	/	YM+	1983-1994/1995-2005	SUV/SUV	Incl: 2dr 2WD/2dr 4WD/4dr 2WD/2dr			1983-2005	SUV	Incl: 2dr/2dr 2WD/2dr 4WD/4dr 2WD	success	
非皮卡	高度压缩两两组合	Chevrolet	Suburban/Suburban	Suburban	/	/	YXL	1941/1946	SUV/SUV	/			1941-1946	SUV		success	
非皮卡	高度压缩两两组合	Chevrolet	Suburban/Suburban	Suburban	/	/	YXL	1941-1946/1955-1966	SUV/SUV	/			1941-1966	SUV		fallback	Chevrolet Suburban 1947 SUV 原子事实对应多条候选记录
非皮卡	高度压缩两两组合	Chevrolet	Tahoe/Tahoe	Tahoe	/	/	YXL	1995-1999/2000-2006	SUV/SUV	4dr 2WD/			1995-2006	SUV	Incl: 4dr 2WD	success	
非皮卡	高度压缩两两组合	Chevrolet	Trailblazer/Trailblazer	Trailblazer	/	/	YXL	2002-2005/2006-2009	SUV/SUV	/SS			2002-2009	SUV	Incl: SS	success	
非皮卡	高度压缩两两组合	Chevrolet	Traverse/Traverse	Traverse	/	/	YXXL	2009-2026/2024	SUV/SUV	/Limited			2009-2026	SUV	Incl: Limited	success	
非皮卡	高度压缩两两组合	Chevrolet	Trax/Trax	Trax	/	/	YM+	2015-2022/2024-2026	SUV/SUV	/			2015-2026	SUV		success	
非皮卡	高度压缩两两组合	Chrysler	300 series/300 series	300 series	/	/	3XL+	1999-2004/2005-2023	Sedan/Sedan	300M/			1999-2023	Sedan	Incl: 300M	success	
非皮卡	高度压缩两两组合	Chrysler	Crossfire/Crossfire	Crossfire	/	/	3S-0	2004-2008/2005-2008	Coupe/Convertible	/			2004-2008	Convertible/Coupe		success	
非皮卡	高度压缩两两组合	Chrysler	LHS/LHS	LHS	/	/	3XXL	1994-1997/1999-2001	Sedan/Sedan	/			1994-2001	Sedan		success	
非皮卡	高度压缩两两组合	Chrysler	Sebring/Sebring	Sebring	/	/	3XL+0	1996-2006/2008-2010	Convertible/Convertible	/			1996-2010	Convertible		success	
非皮卡	高度压缩两两组合	Dodge	Challenger/Challenger	Challenger	/	/	3XL+0	1973-1974/2008-2023	Coupe/Coupe	/			1973-2023	Coupe		fallback	Dodge Challenger 1978 Coupe 原子事实对应多条候选记录
非皮卡	高度压缩两两组合	Dodge	Challenger/Challenger	Challenger	/	/	3XL+0	1973-1974/2015-2023	Coupe/Coupe	/Widebody			1973-2023	Coupe	Incl: Widebody	fallback	Dodge Challenger 1978 Coupe 原子事实对应多条候选记录
非皮卡	高度压缩两两组合	Dodge	Challenger/Challenger	Challenger	/	/	3XL+0	2008-2023/2015-2023	Coupe/Coupe	/Widebody			2008-2023	Coupe	Incl: Widebody	success	
非皮卡	高度压缩两两组合	Dodge	Challenger/Challenger	Challenger	/	/	3XL+0	1973-1974/2008-2023	Coupe/Coupe	/Incl: Widebody			1973-2023	Coupe	Incl: Widebody	fallback	Dodge Challenger 1978 Coupe 原子事实对应多条候选记录
非皮卡	高度压缩两两组合	Dodge	Charger/Charger	Charger	/	/	3XXL-0	1966-1972/2024-2026	Coupe/Coupe	/			1966-2026	Coupe		fallback	Dodge Charger 1973 Coupe 原子事实对应多条候选记录
非皮卡	高度压缩两两组合	Dodge	Durango/Durango	Durango	/	/	YXL	1998-2009/2011-2026	SUV/SUV	/SRT/Hellcat			1998-2026	SUV	Incl: Hellcat/SRT	success	
非皮卡	高度压缩两两组合	Dodge	Journey/Journey	Journey	/	/	YXL	2009-2020/2009-2020	Crossover/SUV	/			2009-2020	Crossover/SUV		success	
非皮卡	高度压缩两两组合	Dodge	Ramcharger/Ramcharger	Ramcharger	/	/	YL	1974-1993/1988-1993	SUV/SUV	4WD/2WD			1974-1993	SUV	2WD/4WD	success	
非皮卡	高度压缩两两组合	Dodge	Viper/Viper	Viper	/	/	3M-0	1992-2002/2001	Coupe/Convertible	/			1992-2002	Convertible/Coupe		success	
非皮卡	高度压缩两两组合	Dodge	Viper/Viper	Viper	/	/	3M-0	1992-2002/2003-2006	Convertible/Coupe/Convertible	/			1992-2006	Convertible/Coupe		fallback	Dodge Viper 2006 Coupe 原子事实对应多条候选记录
非皮卡	高度压缩两两组合	Dodge	Viper/Viper	Viper	/	/	3M-0	1992-2002/2006	Convertible/Coupe/Coupe	/			1992-2006	Convertible/Coupe		fallback	Dodge Viper 2003 Convertible 原子事实对应多条候选记录
非皮卡	高度压缩两两组合	Dodge	Viper/Viper	Viper	/	/	3M-0	1992-2002/2008-2010	Convertible/Coupe/Coupe	/			1992-2010	Convertible/Coupe		fallback	Dodge Viper 2003 Convertible 原子事实对应多条候选记录
非皮卡	高度压缩两两组合	Dodge	Viper/Viper	Viper	/	/	3M-0	1992-2002/2008-2010	Convertible/Coupe/Roadster	/			1992-2010	Convertible/Coupe/Roadster		fallback	Dodge Viper 2003 Convertible 原子事实对应多条候选记录
非皮卡	高度压缩两两组合	Dodge	Viper/Viper	Viper	/	/	3M-0	1992-2002/2013-2015	Convertible/Coupe/Coupe	/			1992-2015	Convertible/Coupe		fallback	Dodge Viper 2003 Convertible 原子事实对应多条候选记录
非皮卡	高度压缩两两组合	Dodge	Viper/Viper	Viper	/	/	3M-0	1992-2002/2013-2015	Convertible/Coupe/Coupe	/GTS			1992-2015	Convertible/Coupe	Incl: GTS	fallback	Dodge Viper 2003 Convertible 原子事实对应多条候选记录
非皮卡	高度压缩两两组合	Dodge	Viper/Viper	Viper	/	/	3M-0	1992-2002/2013-2017	Convertible/Coupe/Coupe	/ACR			1992-2017	Convertible/Coupe	Incl: ACR	fallback	Dodge Viper 2003 Convertible 原子事实对应多条候选记录
非皮卡	高度压缩两两组合	Dodge	Viper/Viper	Viper	/	/	3M-0	2003-2006/2006	Convertible/Coupe	/			2003-2006	Convertible/Coupe		success	
非皮卡	高度压缩两两组合	Dodge	Viper/Viper	Viper	/	/	3M-0	1992-2002/2003-2006	Convertible/Coupe/Convertible/Coupe	/			1992-2006	Convertible/Coupe		success	
非皮卡	高度压缩两两组合	Dodge	Viper/Viper	Viper	/	/	3M-0	1992-2006/2008-2010	Convertible/Coupe/Coupe	/			1992-2010	Convertible/Coupe		success	
非皮卡	高度压缩两两组合	Dodge	Viper/Viper	Viper	/	/	3M-0	1992-2010/2008-2010	Convertible/Coupe/Roadster	/			1992-2010	Convertible/Coupe/Roadster		success	
非皮卡	高度压缩两两组合	Dodge	Viper/Viper	Viper	/	/	3M-0	1992-2010/2013-2015	Convertible/Coupe/Roadster/Coupe	/			1992-2015	Convertible/Coupe/Roadster		success	
非皮卡	高度压缩两两组合	Dodge	Viper/Viper	Viper	/	/	3M-0	1992-2015/2013-2015	Convertible/Coupe/Roadster/Coupe	/GTS			1992-2015	Convertible/Coupe/Roadster	Incl: GTS	success	
非皮卡	高度压缩两两组合	Dodge	Viper/Viper	Viper	/	/	3M-0	1992-2015/2013-2017	Convertible/Coupe/Roadster/Coupe	Incl: GTS/ACR			1992-2017	Convertible/Coupe/Roadster	Incl: ACR/GTS	success	
非皮卡	高度压缩两两组合	Fiat	500/500	500	/	/	3S-0	2012-2019/2012-2019	Convertible/Convertible	/Abarth			2012-2019	Convertible	Incl: Abarth	success	
非皮卡	高度压缩两两组合	Ford	Bronco/Bronco	Bronco	/	/	YM+	1978-1991/2022-2026	SUV/SUV	2dr/2dr			1978-2026	SUV	2dr	fallback	Ford Bronco 1992 SUV 原子事实对应多条候选记录
非皮卡	高度压缩两两组合	Ford	Bronco/Bronco	Bronco	/	/	YL	1992-1996/2021-2026	SUV/SUV	2dr/4dr			1992-2026	SUV	2dr/4dr	fallback	Ford Bronco 2022 SUV 原子事实对应多条候选记录
非皮卡	高度压缩两两组合	Ford	Bronco Sport/Bronco Sport	Bronco Sport	/	/	YM+	2021-2024/2021-2026	SUV/SUV	4dr Badlands/4dr			2021-2026	SUV	4dr/4dr Badlands	success	
非皮卡	高度压缩两两组合	Ford	C-MAX/C-MAX	C-MAX	/	/	2L+	2013-2017/2013-2018	Hatchback/Hatchback	PHEV/			2013-2018	Hatchback	Incl: PHEV	success	
非皮卡	高度压缩两两组合	Ford	Crown Victoria/Crown Victoria	Crown Victoria	/	/	3XXXL	1983-1988/1992-2011	Sedan/Sedan	/			1983-2011	Sedan		success	
非皮卡	高度压缩两两组合	Ford	Escape/Escape	Escape	/	/	YM+	2001-2019/2023-2026	SUV/SUV	/			2001-2026	SUV		fallback	Ford Escape 2020 SUV 原子事实对应多条候选记录
非皮卡	高度压缩两两组合	Ford	Escort/Escort	Escort	/	/	2L+	1981-1996/1981-1999	Hatchback/Wagon	/			1981-1999	Hatchback/Wagon		success	
非皮卡	高度压缩两两组合	Ford	Expedition/Expedition	Expedition	/	/	YXXL-585	2007-2017/2018-2026	SUV/SUV	EL/MAX			2007-2026	SUV	EL/MAX	success	
非皮卡	高度压缩两两组合	Ford	Expedition/Expedition	Expedition	/	/	YXXL-545	2018-2024/2025-2026	SUV/SUV	/Tremor			2018-2026	SUV	Incl: Tremor	success	
非皮卡	高度压缩两两组合	Ford	Explorer/Explorer	Explorer	/	/	YXL	2002/2006-2018	SUV/SUV	/			2002-2018	SUV		fallback	Ford Explorer 2003 SUV 原子事实对应多条候选记录
非皮卡	高度压缩两两组合	Ford	Explorer/Explorer	Explorer	/	/	YXL	2002/2020-2025	SUV/SUV	/			2002-2025	SUV		fallback	Ford Explorer 2003 SUV 原子事实对应多条候选记录
非皮卡	高度压缩两两组合	Ford	Explorer/Explorer	Explorer	/	/	YXL	2002/2023-2024	SUV/SUV	/Timberline			2002-2024	SUV	Incl: Timberline	fallback	Ford Explorer 2003 SUV 原子事实对应多条候选记录
非皮卡	高度压缩两两组合	Ford	Explorer/Explorer	Explorer	/	/	YXL	2006-2018/2020-2025	SUV/SUV	/			2006-2025	SUV		success	
非皮卡	高度压缩两两组合	Ford	Explorer/Explorer	Explorer	/	/	YXL	2002/2006-2025	SUV/SUV	/			2002-2025	SUV		fallback	Ford Explorer 2003 SUV 原子事实对应多条候选记录
非皮卡	高度压缩两两组合	Ford	Explorer/Explorer	Explorer	/	/	YXL	2002/2023-2024	SUV/SUV	/Timberline			2002-2024	SUV	Incl: Timberline	fallback	Ford Explorer 2003 SUV 原子事实对应多条候选记录
非皮卡	高度压缩两两组合	Ford	Explorer/Explorer	Explorer	/	/	YXL	2006-2025/2023-2024	SUV/SUV	/Timberline			2006-2025	SUV	Incl: Timberline	success	
非皮卡	高度压缩两两组合	Ford	Explorer/Explorer	Explorer	/	/	YXL	2002/2006-2025	SUV/SUV	/Incl: Timberline			2002-2025	SUV	Incl: Timberline	fallback	Ford Explorer 2003 SUV 原子事实对应多条候选记录
非皮卡	高度压缩两两组合	Ford	Fiesta/Fiesta	Fiesta	/	/	2M	2011-2013/2014-2019	Hatchback/Hatchback	/ST			2011-2019	Hatchback	Incl: ST	success	
非皮卡	高度压缩两两组合	Ford	Focus/Focus	Focus	/	/	2L+	2000-2007/2012-2018	Hatchback/Hatchback	ZX3/ZX5/			2000-2018	Hatchback	Incl: ZX3/ZX5	success	
非皮卡	高度压缩两两组合	Ford	Focus/Focus	Focus	/	/	2L+	2000-2018/2016-2018	Hatchback/Hatchback	Incl: ZX3/ZX5/RS			2000-2018	Hatchback	Incl: RS/ZX3/ZX5	success	
非皮卡	高度压缩两两组合	Ford	Mustang/Mustang	Mustang	/	/	3L-0	1965-1968/1965-1968	Convertible/Coupe	/			1965-1968	Convertible/Coupe		success	
非皮卡	高度压缩两两组合	Ford	Mustang/Mustang	Mustang	/	/	3L-0	1965-1968/1967-1968	Convertible/Coupe/Fastback	/			1965-1968	Convertible/Coupe/Fastback		success	
非皮卡	高度压缩两两组合	Ford	Mustang/Mustang	Mustang	/	/	3L-0	1965-1968/1979-1986	Convertible/Coupe/Fastback/Coupe	/			1965-1986	Convertible/Coupe/Fastback		fallback	Ford Mustang 1969 Convertible 原子事实对应多条候选记录
非皮卡	高度压缩两两组合	Ford	Mustang/Mustang	Mustang	/	/	3L-0	1965-1968/1984-1986	Convertible/Coupe/Fastback/Coupe	/SVO			1965-1986	Convertible/Coupe/Fastback	Incl: SVO	fallback	Ford Mustang 1969 Convertible 原子事实对应多条候选记录
非皮卡	高度压缩两两组合	Ford	Mustang/Mustang	Mustang	/	/	3L-0	1965-1968/1987-1993	Convertible/Coupe/Fastback/Coupe	/Notchback			1965-1993	Convertible/Coupe/Fastback	Incl: Notchback	fallback	Ford Mustang 1969 Convertible 原子事实对应多条候选记录
非皮卡	高度压缩两两组合	Ford	Mustang/Mustang	Mustang	/	/	3L-0	1965-1968/1987-2004	Convertible/Coupe/Fastback/Convertible	/			1965-2004	Convertible/Coupe/Fastback		fallback	Ford Mustang 1969 Convertible 原子事实对应多条候选记录
非皮卡	高度压缩两两组合	Ford	Mustang/Mustang	Mustang	/	/	3L-0	1965-1968/1994-2004	Convertible/Coupe/Fastback/Coupe	/			1965-2004	Convertible/Coupe/Fastback		fallback	Ford Mustang 1969 Convertible 原子事实对应多条候选记录
非皮卡	高度压缩两两组合	Ford	Mustang/Mustang	Mustang	/	/	3L-0	1965-1968/2003-2004	Convertible/Coupe/Fastback/Coupe	/Mach 1			1965-2004	Convertible/Coupe/Fastback	Incl: Mach 1	fallback	Ford Mustang 1969 Convertible 原子事实对应多条候选记录
非皮卡	高度压缩两两组合	Ford	Mustang/Mustang	Mustang	/	/	3L-0	1965-1968/2003-2004	Convertible/Coupe/Fastback/Coupe	/SVT Cobra			1965-2004	Convertible/Coupe/Fastback	Incl: SVT Cobra	fallback	Ford Mustang 1969 Convertible 原子事实对应多条候选记录
非皮卡	高度压缩两两组合	Ford	Mustang/Mustang	Mustang	/	/	3XL-0	1969/1969	Coupe/Coupe	Hardtop/SportsRoof			1969	Coupe	Hardtop/SportsRoof	success	
非皮卡	高度压缩两两组合	Ford	Mustang/Mustang	Mustang	/	/	3L-0	1965-1968/1979-1986	Convertible/Coupe/Fastback/Coupe	/			1965-1986	Convertible/Coupe/Fastback		fallback	Ford Mustang 1969 Convertible 原子事实对应多条候选记录
非皮卡	高度压缩两两组合	Ford	Mustang/Mustang	Mustang	/	/	3L-0	1965-1968/1984-1986	Convertible/Coupe/Fastback/Coupe	/SVO			1965-1986	Convertible/Coupe/Fastback	Incl: SVO	fallback	Ford Mustang 1969 Convertible 原子事实对应多条候选记录
非皮卡	高度压缩两两组合	Ford	Mustang/Mustang	Mustang	/	/	3L-0	1965-1968/1987-1993	Convertible/Coupe/Fastback/Coupe	/Notchback			1965-1993	Convertible/Coupe/Fastback	Incl: Notchback	fallback	Ford Mustang 1969 Convertible 原子事实对应多条候选记录
非皮卡	高度压缩两两组合	Ford	Mustang/Mustang	Mustang	/	/	3L-0	1965-1968/1987-2004	Convertible/Coupe/Fastback/Convertible	/			1965-2004	Convertible/Coupe/Fastback		fallback	Ford Mustang 1969 Convertible 原子事实对应多条候选记录
非皮卡	高度压缩两两组合	Ford	Mustang/Mustang	Mustang	/	/	3L-0	1965-1968/1994-2004	Convertible/Coupe/Fastback/Coupe	/			1965-2004	Convertible/Coupe/Fastback		fallback	Ford Mustang 1969 Convertible 原子事实对应多条候选记录
非皮卡	高度压缩两两组合	Ford	Mustang/Mustang	Mustang	/	/	3L-0	1965-1968/2003-2004	Convertible/Coupe/Fastback/Coupe	/Mach 1			1965-2004	Convertible/Coupe/Fastback	Incl: Mach 1	fallback	Ford Mustang 1969 Convertible 原子事实对应多条候选记录
非皮卡	高度压缩两两组合	Ford	Mustang/Mustang	Mustang	/	/	3L-0	1965-1968/2003-2004	Convertible/Coupe/Fastback/Coupe	/SVT Cobra			1965-2004	Convertible/Coupe/Fastback	Incl: SVT Cobra	fallback	Ford Mustang 1969 Convertible 原子事实对应多条候选记录
非皮卡	高度压缩两两组合	Ford	Mustang/Mustang	Mustang	/	/	3XL-0	1969/1969-1972	Coupe/Convertible	Hardtop/SportsRoof/			1969-1972	Convertible/Coupe	Incl: Hardtop/SportsRoof	fallback	Ford Mustang 1971 Coupe 原子事实对应多条候选记录
非皮卡	高度压缩两两组合	Ford	Mustang/Mustang	Mustang	/	/	3XL-0	1969/1969-1972	Coupe/Fastback	Hardtop/SportsRoof/			1969-1972	Coupe/Fastback	Incl: Hardtop/SportsRoof	fallback	Ford Mustang 1971 Coupe 原子事实对应多条候选记录
非皮卡	高度压缩两两组合	Ford	Mustang/Mustang	Mustang	/	/	3XL-0	1969/1971-1972	Coupe/Coupe	Hardtop/SportsRoof/			1969-1972	Coupe	Incl: Hardtop/SportsRoof	success	
非皮卡	高度压缩两两组合	Ford	Mustang/Mustang	Mustang	/	/	3L-0	1965-1968/1979-1986	Convertible/Coupe/Fastback/Coupe	/			1965-1986	Convertible/Coupe/Fastback		fallback	Ford Mustang 1969 Convertible 原子事实对应多条候选记录
非皮卡	高度压缩两两组合	Ford	Mustang/Mustang	Mustang	/	/	3L-0	1965-1968/1984-1986	Convertible/Coupe/Fastback/Coupe	/SVO			1965-1986	Convertible/Coupe/Fastback	Incl: SVO	fallback	Ford Mustang 1969 Convertible 原子事实对应多条候选记录
非皮卡	高度压缩两两组合	Ford	Mustang/Mustang	Mustang	/	/	3L-0	1965-1968/1987-1993	Convertible/Coupe/Fastback/Coupe	/Notchback			1965-1993	Convertible/Coupe/Fastback	Incl: Notchback	fallback	Ford Mustang 1969 Convertible 原子事实对应多条候选记录
非皮卡	高度压缩两两组合	Ford	Mustang/Mustang	Mustang	/	/	3L-0	1965-1968/1987-2004	Convertible/Coupe/Fastback/Convertible	/			1965-2004	Convertible/Coupe/Fastback		fallback	Ford Mustang 1969 Convertible 原子事实对应多条候选记录
非皮卡	高度压缩两两组合	Ford	Mustang/Mustang	Mustang	/	/	3L-0	1965-1968/1994-2004	Convertible/Coupe/Fastback/Coupe	/			1965-2004	Convertible/Coupe/Fastback		fallback	Ford Mustang 1969 Convertible 原子事实对应多条候选记录
非皮卡	高度压缩两两组合	Ford	Mustang/Mustang	Mustang	/	/	3L-0	1965-1968/2003-2004	Convertible/Coupe/Fastback/Coupe	/Mach 1			1965-2004	Convertible/Coupe/Fastback	Incl: Mach 1	fallback	Ford Mustang 1969 Convertible 原子事实对应多条候选记录
非皮卡	高度压缩两两组合	Ford	Mustang/Mustang	Mustang	/	/	3L-0	1965-1968/2003-2004	Convertible/Coupe/Fastback/Coupe	/SVT Cobra			1965-2004	Convertible/Coupe/Fastback	Incl: SVT Cobra	fallback	Ford Mustang 1969 Convertible 原子事实对应多条候选记录
非皮卡	高度压缩两两组合	Ford	Mustang/Mustang	Mustang	/	/	3XL-0	1969-1972/1969-1972	Convertible/Coupe	/Incl: Hardtop/SportsRoof			1969-1972	Convertible/Coupe	Incl: Hardtop/SportsRoof	success	
非皮卡	高度压缩两两组合	Ford	Mustang/Mustang	Mustang	/	/	3L-0	1965-1968/1979-1986	Convertible/Coupe/Fastback/Coupe	/			1965-1986	Convertible/Coupe/Fastback		fallback	Ford Mustang 1969 Convertible 原子事实对应多条候选记录
非皮卡	高度压缩两两组合	Ford	Mustang/Mustang	Mustang	/	/	3L-0	1965-1968/1984-1986	Convertible/Coupe/Fastback/Coupe	/SVO			1965-1986	Convertible/Coupe/Fastback	Incl: SVO	fallback	Ford Mustang 1969 Convertible 原子事实对应多条候选记录
非皮卡	高度压缩两两组合	Ford	Mustang/Mustang	Mustang	/	/	3L-0	1965-1968/1987-1993	Convertible/Coupe/Fastback/Coupe	/Notchback			1965-1993	Convertible/Coupe/Fastback	Incl: Notchback	fallback	Ford Mustang 1969 Convertible 原子事实对应多条候选记录
非皮卡	高度压缩两两组合	Ford	Mustang/Mustang	Mustang	/	/	3L-0	1965-1968/1987-2004	Convertible/Coupe/Fastback/Convertible	/			1965-2004	Convertible/Coupe/Fastback		fallback	Ford Mustang 1969 Convertible 原子事实对应多条候选记录
非皮卡	高度压缩两两组合	Ford	Mustang/Mustang	Mustang	/	/	3L-0	1965-1968/1994-2004	Convertible/Coupe/Fastback/Coupe	/			1965-2004	Convertible/Coupe/Fastback		fallback	Ford Mustang 1969 Convertible 原子事实对应多条候选记录
非皮卡	高度压缩两两组合	Ford	Mustang/Mustang	Mustang	/	/	3L-0	1965-1968/2003-2004	Convertible/Coupe/Fastback/Coupe	/Mach 1			1965-2004	Convertible/Coupe/Fastback	Incl: Mach 1	fallback	Ford Mustang 1969 Convertible 原子事实对应多条候选记录
非皮卡	高度压缩两两组合	Ford	Mustang/Mustang	Mustang	/	/	3L-0	1965-1968/2003-2004	Convertible/Coupe/Fastback/Coupe	/SVT Cobra			1965-2004	Convertible/Coupe/Fastback	Incl: SVT Cobra	fallback	Ford Mustang 1969 Convertible 原子事实对应多条候选记录
非皮卡	高度压缩两两组合	Ford	Mustang/Mustang	Mustang	/	/	3XL-0	1969-1972/1969-1972	Convertible/Coupe/Fastback	Incl: Hardtop/SportsRoof/			1969-1972	Convertible/Coupe/Fastback	Incl: Hardtop/SportsRoof	success	
非皮卡	高度压缩两两组合	Ford	Mustang/Mustang	Mustang	/	/	3L-0	1965-1968/1979-1986	Convertible/Coupe/Fastback/Coupe	/			1965-1986	Convertible/Coupe/Fastback		fallback	Ford Mustang 1969 Convertible 原子事实对应多条候选记录
非皮卡	高度压缩两两组合	Ford	Mustang/Mustang	Mustang	/	/	3L-0	1965-1968/1984-1986	Convertible/Coupe/Fastback/Coupe	/SVO			1965-1986	Convertible/Coupe/Fastback	Incl: SVO	fallback	Ford Mustang 1969 Convertible 原子事实对应多条候选记录
非皮卡	高度压缩两两组合	Ford	Mustang/Mustang	Mustang	/	/	3L-0	1965-1968/1987-1993	Convertible/Coupe/Fastback/Coupe	/Notchback			1965-1993	Convertible/Coupe/Fastback	Incl: Notchback	fallback	Ford Mustang 1969 Convertible 原子事实对应多条候选记录
非皮卡	高度压缩两两组合	Ford	Mustang/Mustang	Mustang	/	/	3L-0	1965-1968/1987-2004	Convertible/Coupe/Fastback/Convertible	/			1965-2004	Convertible/Coupe/Fastback		fallback	Ford Mustang 1969 Convertible 原子事实对应多条候选记录
非皮卡	高度压缩两两组合	Ford	Mustang/Mustang	Mustang	/	/	3L-0	1965-1968/1994-2004	Convertible/Coupe/Fastback/Coupe	/			1965-2004	Convertible/Coupe/Fastback		fallback	Ford Mustang 1969 Convertible 原子事实对应多条候选记录
非皮卡	高度压缩两两组合	Ford	Mustang/Mustang	Mustang	/	/	3L-0	1965-1968/2003-2004	Convertible/Coupe/Fastback/Coupe	/Mach 1			1965-2004	Convertible/Coupe/Fastback	Incl: Mach 1	fallback	Ford Mustang 1969 Convertible 原子事实对应多条候选记录
非皮卡	高度压缩两两组合	Ford	Mustang/Mustang	Mustang	/	/	3L-0	1965-1968/2003-2004	Convertible/Coupe/Fastback/Coupe	/SVT Cobra			1965-2004	Convertible/Coupe/Fastback	Incl: SVT Cobra	fallback	Ford Mustang 1969 Convertible 原子事实对应多条候选记录
非皮卡	高度压缩两两组合	Ford	Mustang/Mustang	Mustang	/	/	3XL-0	1969-1972/2005-2026	Convertible/Coupe/Fastback/Convertible	Incl: Hardtop/SportsRoof/			1969-2026	Convertible/Coupe/Fastback	Incl: Hardtop/SportsRoof	fallback	Ford Mustang 1973 Convertible 原子事实对应多条候选记录
非皮卡	高度压缩两两组合	Ford	Mustang/Mustang	Mustang	/	/	3XL-0	1969-1972/2005-2026	Convertible/Coupe/Fastback/Coupe	Incl: Hardtop/SportsRoof/			1969-2026	Convertible/Coupe/Fastback	Incl: Hardtop/SportsRoof	fallback	Ford Mustang 1973 Convertible 原子事实对应多条候选记录
非皮卡	高度压缩两两组合	Ford	Mustang/Mustang	Mustang	/	/	3XL-0	1969-1972/2024-2026	Convertible/Coupe/Fastback/Coupe	Incl: Hardtop/SportsRoof/Dark Horse			1969-2026	Convertible/Coupe/Fastback	Incl: Dark Horse/Hardtop/SportsRoof	fallback	Ford Mustang 1973 Convertible 原子事实对应多条候选记录
非皮卡	高度压缩两两组合	Ford	Mustang/Mustang	Mustang	/	/	3XL+0	1973/1973	Convertible/Coupe	/			1973	Convertible/Coupe		success	
非皮卡	高度压缩两两组合	Ford	Mustang/Mustang	Mustang	/	/	3L-0	1965-1968/1979-1986	Convertible/Coupe/Fastback/Coupe	/			1965-1986	Convertible/Coupe/Fastback		fallback	Ford Mustang 1969 Convertible 原子事实对应多条候选记录
非皮卡	高度压缩两两组合	Ford	Mustang/Mustang	Mustang	/	/	3L-0	1965-1968/1984-1986	Convertible/Coupe/Fastback/Coupe	/SVO			1965-1986	Convertible/Coupe/Fastback	Incl: SVO	fallback	Ford Mustang 1969 Convertible 原子事实对应多条候选记录
非皮卡	高度压缩两两组合	Ford	Mustang/Mustang	Mustang	/	/	3L-0	1965-1968/1987-1993	Convertible/Coupe/Fastback/Coupe	/Notchback			1965-1993	Convertible/Coupe/Fastback	Incl: Notchback	fallback	Ford Mustang 1969 Convertible 原子事实对应多条候选记录
非皮卡	高度压缩两两组合	Ford	Mustang/Mustang	Mustang	/	/	3L-0	1965-1968/1987-2004	Convertible/Coupe/Fastback/Convertible	/			1965-2004	Convertible/Coupe/Fastback		fallback	Ford Mustang 1969 Convertible 原子事实对应多条候选记录
非皮卡	高度压缩两两组合	Ford	Mustang/Mustang	Mustang	/	/	3L-0	1965-1968/1994-2004	Convertible/Coupe/Fastback/Coupe	/			1965-2004	Convertible/Coupe/Fastback		fallback	Ford Mustang 1969 Convertible 原子事实对应多条候选记录
非皮卡	高度压缩两两组合	Ford	Mustang/Mustang	Mustang	/	/	3L-0	1965-1968/2003-2004	Convertible/Coupe/Fastback/Coupe	/Mach 1			1965-2004	Convertible/Coupe/Fastback	Incl: Mach 1	fallback	Ford Mustang 1969 Convertible 原子事实对应多条候选记录
非皮卡	高度压缩两两组合	Ford	Mustang/Mustang	Mustang	/	/	3L-0	1965-1968/2003-2004	Convertible/Coupe/Fastback/Coupe	/SVT Cobra			1965-2004	Convertible/Coupe/Fastback	Incl: SVT Cobra	fallback	Ford Mustang 1969 Convertible 原子事实对应多条候选记录
非皮卡	高度压缩两两组合	Ford	Mustang/Mustang	Mustang	/	/	3XL-0	1969-1972/2005-2026	Convertible/Coupe/Fastback/Convertible	Incl: Hardtop/SportsRoof/			1969-2026	Convertible/Coupe/Fastback	Incl: Hardtop/SportsRoof	fallback	Ford Mustang 1973 Convertible 原子事实对应多条候选记录
非皮卡	高度压缩两两组合	Ford	Mustang/Mustang	Mustang	/	/	3XL-0	1969-1972/2005-2026	Convertible/Coupe/Fastback/Coupe	Incl: Hardtop/SportsRoof/			1969-2026	Convertible/Coupe/Fastback	Incl: Hardtop/SportsRoof	fallback	Ford Mustang 1973 Convertible 原子事实对应多条候选记录
非皮卡	高度压缩两两组合	Ford	Mustang/Mustang	Mustang	/	/	3XL-0	1969-1972/2024-2026	Convertible/Coupe/Fastback/Coupe	Incl: Hardtop/SportsRoof/Dark Horse			1969-2026	Convertible/Coupe/Fastback	Incl: Dark Horse/Hardtop/SportsRoof	fallback	Ford Mustang 1973 Convertible 原子事实对应多条候选记录
非皮卡	高度压缩两两组合	Ford	Mustang/Mustang	Mustang	/	/	3XL+0	1973/1973	Convertible/Coupe/Fastback	/			1973	Convertible/Coupe/Fastback		success	
非皮卡	高度压缩两两组合	Ford	Mustang/Mustang	Mustang	/	/	3L-0	1965-1968/1979-1986	Convertible/Coupe/Fastback/Coupe	/			1965-1986	Convertible/Coupe/Fastback		fallback	Ford Mustang 1969 Convertible 原子事实对应多条候选记录
非皮卡	高度压缩两两组合	Ford	Mustang/Mustang	Mustang	/	/	3L-0	1965-1968/1984-1986	Convertible/Coupe/Fastback/Coupe	/SVO			1965-1986	Convertible/Coupe/Fastback	Incl: SVO	fallback	Ford Mustang 1969 Convertible 原子事实对应多条候选记录
非皮卡	高度压缩两两组合	Ford	Mustang/Mustang	Mustang	/	/	3L-0	1965-1968/1987-1993	Convertible/Coupe/Fastback/Coupe	/Notchback			1965-1993	Convertible/Coupe/Fastback	Incl: Notchback	fallback	Ford Mustang 1969 Convertible 原子事实对应多条候选记录
非皮卡	高度压缩两两组合	Ford	Mustang/Mustang	Mustang	/	/	3L-0	1965-1968/1987-2004	Convertible/Coupe/Fastback/Convertible	/			1965-2004	Convertible/Coupe/Fastback		fallback	Ford Mustang 1969 Convertible 原子事实对应多条候选记录
非皮卡	高度压缩两两组合	Ford	Mustang/Mustang	Mustang	/	/	3L-0	1965-1968/1994-2004	Convertible/Coupe/Fastback/Coupe	/			1965-2004	Convertible/Coupe/Fastback		fallback	Ford Mustang 1969 Convertible 原子事实对应多条候选记录
非皮卡	高度压缩两两组合	Ford	Mustang/Mustang	Mustang	/	/	3L-0	1965-1968/2003-2004	Convertible/Coupe/Fastback/Coupe	/Mach 1			1965-2004	Convertible/Coupe/Fastback	Incl: Mach 1	fallback	Ford Mustang 1969 Convertible 原子事实对应多条候选记录
非皮卡	高度压缩两两组合	Ford	Mustang/Mustang	Mustang	/	/	3L-0	1965-1968/2003-2004	Convertible/Coupe/Fastback/Coupe	/SVT Cobra			1965-2004	Convertible/Coupe/Fastback	Incl: SVT Cobra	fallback	Ford Mustang 1969 Convertible 原子事实对应多条候选记录
非皮卡	高度压缩两两组合	Ford	Mustang/Mustang	Mustang	/	/	3XL-0	1969-1972/2005-2026	Convertible/Coupe/Fastback/Convertible	Incl: Hardtop/SportsRoof/			1969-2026	Convertible/Coupe/Fastback	Incl: Hardtop/SportsRoof	fallback	Ford Mustang 1973 Convertible 原子事实对应多条候选记录
非皮卡	高度压缩两两组合	Ford	Mustang/Mustang	Mustang	/	/	3XL-0	1969-1972/2005-2026	Convertible/Coupe/Fastback/Coupe	Incl: Hardtop/SportsRoof/			1969-2026	Convertible/Coupe/Fastback	Incl: Hardtop/SportsRoof	fallback	Ford Mustang 1973 Convertible 原子事实对应多条候选记录
非皮卡	高度压缩两两组合	Ford	Mustang/Mustang	Mustang	/	/	3XL-0	1969-1972/2024-2026	Convertible/Coupe/Fastback/Coupe	Incl: Hardtop/SportsRoof/Dark Horse			1969-2026	Convertible/Coupe/Fastback	Incl: Dark Horse/Hardtop/SportsRoof	fallback	Ford Mustang 1973 Convertible 原子事实对应多条候选记录
非皮卡	高度压缩两两组合	Ford	Mustang/Mustang	Mustang	/	/	3L-0	1979-1986/1984-1986	Coupe/Coupe	/SVO			1979-1986	Coupe	Incl: SVO	success	
非皮卡	高度压缩两两组合	Ford	Mustang/Mustang	Mustang	/	/	3L-0	1965-1968/1979-1986	Convertible/Coupe/Fastback/Coupe	/Incl: SVO			1965-1986	Convertible/Coupe/Fastback	Incl: SVO	fallback	Ford Mustang 1969 Convertible 原子事实对应多条候选记录
非皮卡	高度压缩两两组合	Ford	Mustang/Mustang	Mustang	/	/	3L-0	1965-1968/1987-1993	Convertible/Coupe/Fastback/Coupe	/Notchback			1965-1993	Convertible/Coupe/Fastback	Incl: Notchback	fallback	Ford Mustang 1969 Convertible 原子事实对应多条候选记录
非皮卡	高度压缩两两组合	Ford	Mustang/Mustang	Mustang	/	/	3L-0	1965-1968/1987-2004	Convertible/Coupe/Fastback/Convertible	/			1965-2004	Convertible/Coupe/Fastback		fallback	Ford Mustang 1969 Convertible 原子事实对应多条候选记录
非皮卡	高度压缩两两组合	Ford	Mustang/Mustang	Mustang	/	/	3L-0	1965-1968/1994-2004	Convertible/Coupe/Fastback/Coupe	/			1965-2004	Convertible/Coupe/Fastback		fallback	Ford Mustang 1969 Convertible 原子事实对应多条候选记录
非皮卡	高度压缩两两组合	Ford	Mustang/Mustang	Mustang	/	/	3L-0	1965-1968/2003-2004	Convertible/Coupe/Fastback/Coupe	/Mach 1			1965-2004	Convertible/Coupe/Fastback	Incl: Mach 1	fallback	Ford Mustang 1969 Convertible 原子事实对应多条候选记录
非皮卡	高度压缩两两组合	Ford	Mustang/Mustang	Mustang	/	/	3L-0	1965-1968/2003-2004	Convertible/Coupe/Fastback/Coupe	/SVT Cobra			1965-2004	Convertible/Coupe/Fastback	Incl: SVT Cobra	fallback	Ford Mustang 1969 Convertible 原子事实对应多条候选记录
非皮卡	高度压缩两两组合	Ford	Mustang/Mustang	Mustang	/	/	3XL-0	1969-1972/2005-2026	Convertible/Coupe/Fastback/Convertible	Incl: Hardtop/SportsRoof/			1969-2026	Convertible/Coupe/Fastback	Incl: Hardtop/SportsRoof	fallback	Ford Mustang 1973 Convertible 原子事实对应多条候选记录
非皮卡	高度压缩两两组合	Ford	Mustang/Mustang	Mustang	/	/	3XL-0	1969-1972/2005-2026	Convertible/Coupe/Fastback/Coupe	Incl: Hardtop/SportsRoof/			1969-2026	Convertible/Coupe/Fastback	Incl: Hardtop/SportsRoof	fallback	Ford Mustang 1973 Convertible 原子事实对应多条候选记录
非皮卡	高度压缩两两组合	Ford	Mustang/Mustang	Mustang	/	/	3XL-0	1969-1972/2024-2026	Convertible/Coupe/Fastback/Coupe	Incl: Hardtop/SportsRoof/Dark Horse			1969-2026	Convertible/Coupe/Fastback	Incl: Dark Horse/Hardtop/SportsRoof	fallback	Ford Mustang 1973 Convertible 原子事实对应多条候选记录
非皮卡	高度压缩两两组合	Ford	Mustang/Mustang	Mustang	/	/	3L-0	1979-1986/1987-1993	Coupe/Coupe	Incl: SVO/Notchback			1979-1993	Coupe	Incl: Notchback/SVO	success	
非皮卡	高度压缩两两组合	Ford	Mustang/Mustang	Mustang	/	/	3L-0	1965-1968/1979-1993	Convertible/Coupe/Fastback/Coupe	/Incl: Notchback/SVO			1965-1993	Convertible/Coupe/Fastback	Incl: Notchback/SVO	fallback	Ford Mustang 1969 Convertible 原子事实对应多条候选记录
非皮卡	高度压缩两两组合	Ford	Mustang/Mustang	Mustang	/	/	3L-0	1965-1968/1987-2004	Convertible/Coupe/Fastback/Convertible	/			1965-2004	Convertible/Coupe/Fastback		fallback	Ford Mustang 1969 Convertible 原子事实对应多条候选记录
非皮卡	高度压缩两两组合	Ford	Mustang/Mustang	Mustang	/	/	3L-0	1965-1968/1994-2004	Convertible/Coupe/Fastback/Coupe	/			1965-2004	Convertible/Coupe/Fastback		fallback	Ford Mustang 1969 Convertible 原子事实对应多条候选记录
非皮卡	高度压缩两两组合	Ford	Mustang/Mustang	Mustang	/	/	3L-0	1965-1968/2003-2004	Convertible/Coupe/Fastback/Coupe	/Mach 1			1965-2004	Convertible/Coupe/Fastback	Incl: Mach 1	fallback	Ford Mustang 1969 Convertible 原子事实对应多条候选记录
非皮卡	高度压缩两两组合	Ford	Mustang/Mustang	Mustang	/	/	3L-0	1965-1968/2003-2004	Convertible/Coupe/Fastback/Coupe	/SVT Cobra			1965-2004	Convertible/Coupe/Fastback	Incl: SVT Cobra	fallback	Ford Mustang 1969 Convertible 原子事实对应多条候选记录
非皮卡	高度压缩两两组合	Ford	Mustang/Mustang	Mustang	/	/	3XL-0	1969-1972/2005-2026	Convertible/Coupe/Fastback/Convertible	Incl: Hardtop/SportsRoof/			1969-2026	Convertible/Coupe/Fastback	Incl: Hardtop/SportsRoof	fallback	Ford Mustang 1973 Convertible 原子事实对应多条候选记录
非皮卡	高度压缩两两组合	Ford	Mustang/Mustang	Mustang	/	/	3XL-0	1969-1972/2005-2026	Convertible/Coupe/Fastback/Coupe	Incl: Hardtop/SportsRoof/			1969-2026	Convertible/Coupe/Fastback	Incl: Hardtop/SportsRoof	fallback	Ford Mustang 1973 Convertible 原子事实对应多条候选记录
非皮卡	高度压缩两两组合	Ford	Mustang/Mustang	Mustang	/	/	3XL-0	1969-1972/2024-2026	Convertible/Coupe/Fastback/Coupe	Incl: Hardtop/SportsRoof/Dark Horse			1969-2026	Convertible/Coupe/Fastback	Incl: Dark Horse/Hardtop/SportsRoof	fallback	Ford Mustang 1973 Convertible 原子事实对应多条候选记录
非皮卡	高度压缩两两组合	Ford	Mustang/Mustang	Mustang	/	/	3L-0	1979-1993/1987-2004	Coupe/Convertible	Incl: Notchback/SVO/			1979-2004	Convertible/Coupe	Incl: Notchback/SVO	fallback	Ford Mustang 1994 Coupe 原子事实对应多条候选记录
非皮卡	高度压缩两两组合	Ford	Mustang/Mustang	Mustang	/	/	3L-0	1979-1993/1994-2004	Coupe/Coupe	Incl: Notchback/SVO/			1979-2004	Coupe	Incl: Notchback/SVO	success	
非皮卡	高度压缩两两组合	Ford	Mustang/Mustang	Mustang	/	/	3L-0	1965-1968/1979-2004	Convertible/Coupe/Fastback/Coupe	/Incl: Notchback/SVO			1965-2004	Convertible/Coupe/Fastback	Incl: Notchback/SVO	fallback	Ford Mustang 1969 Convertible 原子事实对应多条候选记录
非皮卡	高度压缩两两组合	Ford	Mustang/Mustang	Mustang	/	/	3L-0	1965-1968/1987-2004	Convertible/Coupe/Fastback/Convertible	/			1965-2004	Convertible/Coupe/Fastback		fallback	Ford Mustang 1969 Convertible 原子事实对应多条候选记录
非皮卡	高度压缩两两组合	Ford	Mustang/Mustang	Mustang	/	/	3L-0	1965-1968/2003-2004	Convertible/Coupe/Fastback/Coupe	/Mach 1			1965-2004	Convertible/Coupe/Fastback	Incl: Mach 1	fallback	Ford Mustang 1969 Convertible 原子事实对应多条候选记录
非皮卡	高度压缩两两组合	Ford	Mustang/Mustang	Mustang	/	/	3L-0	1965-1968/2003-2004	Convertible/Coupe/Fastback/Coupe	/SVT Cobra			1965-2004	Convertible/Coupe/Fastback	Incl: SVT Cobra	fallback	Ford Mustang 1969 Convertible 原子事实对应多条候选记录
非皮卡	高度压缩两两组合	Ford	Mustang/Mustang	Mustang	/	/	3XL-0	1969-1972/2005-2026	Convertible/Coupe/Fastback/Convertible	Incl: Hardtop/SportsRoof/			1969-2026	Convertible/Coupe/Fastback	Incl: Hardtop/SportsRoof	fallback	Ford Mustang 1973 Convertible 原子事实对应多条候选记录
非皮卡	高度压缩两两组合	Ford	Mustang/Mustang	Mustang	/	/	3XL-0	1969-1972/2005-2026	Convertible/Coupe/Fastback/Coupe	Incl: Hardtop/SportsRoof/			1969-2026	Convertible/Coupe/Fastback	Incl: Hardtop/SportsRoof	fallback	Ford Mustang 1973 Convertible 原子事实对应多条候选记录
非皮卡	高度压缩两两组合	Ford	Mustang/Mustang	Mustang	/	/	3XL-0	1969-1972/2024-2026	Convertible/Coupe/Fastback/Coupe	Incl: Hardtop/SportsRoof/Dark Horse			1969-2026	Convertible/Coupe/Fastback	Incl: Dark Horse/Hardtop/SportsRoof	fallback	Ford Mustang 1973 Convertible 原子事实对应多条候选记录
非皮卡	高度压缩两两组合	Ford	Mustang/Mustang	Mustang	/	/	3L-0	1979-2004/1987-2004	Coupe/Convertible	Incl: Notchback/SVO/			1979-2004	Convertible/Coupe	Incl: Notchback/SVO	success	
非皮卡	高度压缩两两组合	Ford	Mustang/Mustang	Mustang	/	/	3L-0	1965-1968/1979-2004	Convertible/Coupe/Fastback/Convertible/Coupe	/Incl: Notchback/SVO			1965-2004	Convertible/Coupe/Fastback	Incl: Notchback/SVO	fallback	Ford Mustang 1969 Convertible 原子事实对应多条候选记录
非皮卡	高度压缩两两组合	Ford	Mustang/Mustang	Mustang	/	/	3L-0	1965-1968/2003-2004	Convertible/Coupe/Fastback/Coupe	/Mach 1			1965-2004	Convertible/Coupe/Fastback	Incl: Mach 1	fallback	Ford Mustang 1969 Convertible 原子事实对应多条候选记录
非皮卡	高度压缩两两组合	Ford	Mustang/Mustang	Mustang	/	/	3L-0	1965-1968/2003-2004	Convertible/Coupe/Fastback/Coupe	/SVT Cobra			1965-2004	Convertible/Coupe/Fastback	Incl: SVT Cobra	fallback	Ford Mustang 1969 Convertible 原子事实对应多条候选记录
非皮卡	高度压缩两两组合	Ford	Mustang/Mustang	Mustang	/	/	3XL-0	1969-1972/2005-2026	Convertible/Coupe/Fastback/Convertible	Incl: Hardtop/SportsRoof/			1969-2026	Convertible/Coupe/Fastback	Incl: Hardtop/SportsRoof	fallback	Ford Mustang 1973 Convertible 原子事实对应多条候选记录
非皮卡	高度压缩两两组合	Ford	Mustang/Mustang	Mustang	/	/	3XL-0	1969-1972/2005-2026	Convertible/Coupe/Fastback/Coupe	Incl: Hardtop/SportsRoof/			1969-2026	Convertible/Coupe/Fastback	Incl: Hardtop/SportsRoof	fallback	Ford Mustang 1973 Convertible 原子事实对应多条候选记录
非皮卡	高度压缩两两组合	Ford	Mustang/Mustang	Mustang	/	/	3XL-0	1969-1972/2024-2026	Convertible/Coupe/Fastback/Coupe	Incl: Hardtop/SportsRoof/Dark Horse			1969-2026	Convertible/Coupe/Fastback	Incl: Dark Horse/Hardtop/SportsRoof	fallback	Ford Mustang 1973 Convertible 原子事实对应多条候选记录
非皮卡	高度压缩两两组合	Ford	Mustang/Mustang	Mustang	/	/	3L-0	1979-2004/2003-2004	Convertible/Coupe/Coupe	Incl: Notchback/SVO/Mach 1			1979-2004	Convertible/Coupe	Incl: Mach 1/Notchback/SVO	success	
非皮卡	高度压缩两两组合	Ford	Mustang/Mustang	Mustang	/	/	3L-0	1965-1968/1979-2004	Convertible/Coupe/Fastback/Convertible/Coupe	/Incl: Mach 1/Notchback/SVO			1965-2004	Convertible/Coupe/Fastback	Incl: Mach 1/Notchback/SVO	fallback	Ford Mustang 1969 Convertible 原子事实对应多条候选记录
非皮卡	高度压缩两两组合	Ford	Mustang/Mustang	Mustang	/	/	3L-0	1965-1968/2003-2004	Convertible/Coupe/Fastback/Coupe	/SVT Cobra			1965-2004	Convertible/Coupe/Fastback	Incl: SVT Cobra	fallback	Ford Mustang 1969 Convertible 原子事实对应多条候选记录
非皮卡	高度压缩两两组合	Ford	Mustang/Mustang	Mustang	/	/	3XL-0	1969-1972/2005-2026	Convertible/Coupe/Fastback/Convertible	Incl: Hardtop/SportsRoof/			1969-2026	Convertible/Coupe/Fastback	Incl: Hardtop/SportsRoof	fallback	Ford Mustang 1973 Convertible 原子事实对应多条候选记录
非皮卡	高度压缩两两组合	Ford	Mustang/Mustang	Mustang	/	/	3XL-0	1969-1972/2005-2026	Convertible/Coupe/Fastback/Coupe	Incl: Hardtop/SportsRoof/			1969-2026	Convertible/Coupe/Fastback	Incl: Hardtop/SportsRoof	fallback	Ford Mustang 1973 Convertible 原子事实对应多条候选记录
非皮卡	高度压缩两两组合	Ford	Mustang/Mustang	Mustang	/	/	3XL-0	1969-1972/2024-2026	Convertible/Coupe/Fastback/Coupe	Incl: Hardtop/SportsRoof/Dark Horse			1969-2026	Convertible/Coupe/Fastback	Incl: Dark Horse/Hardtop/SportsRoof	fallback	Ford Mustang 1973 Convertible 原子事实对应多条候选记录
非皮卡	高度压缩两两组合	Ford	Mustang/Mustang	Mustang	/	/	3L-0	1979-2004/2003-2004	Convertible/Coupe/Coupe	Incl: Mach 1/Notchback/SVO/SVT Cobra			1979-2004	Convertible/Coupe	Incl: Mach 1/Notchback/SVO/SVT Cobra	success	
非皮卡	高度压缩两两组合	Ford	Mustang/Mustang	Mustang	/	/	3L-0	1965-1968/1979-2004	Convertible/Coupe/Fastback/Convertible/Coupe	/Incl: Mach 1/Notchback/SVO/SVT Cobra			1965-2004	Convertible/Coupe/Fastback	Incl: Mach 1/Notchback/SVO/SVT Cobra	fallback	Ford Mustang 1969 Convertible 原子事实对应多条候选记录
非皮卡	高度压缩两两组合	Ford	Mustang/Mustang	Mustang	/	/	3XL-0	1969-1972/2005-2026	Convertible/Coupe/Fastback/Convertible	Incl: Hardtop/SportsRoof/			1969-2026	Convertible/Coupe/Fastback	Incl: Hardtop/SportsRoof	fallback	Ford Mustang 1973 Convertible 原子事实对应多条候选记录
非皮卡	高度压缩两两组合	Ford	Mustang/Mustang	Mustang	/	/	3XL-0	1969-1972/2005-2026	Convertible/Coupe/Fastback/Coupe	Incl: Hardtop/SportsRoof/			1969-2026	Convertible/Coupe/Fastback	Incl: Hardtop/SportsRoof	fallback	Ford Mustang 1973 Convertible 原子事实对应多条候选记录
非皮卡	高度压缩两两组合	Ford	Mustang/Mustang	Mustang	/	/	3XL-0	1969-1972/2024-2026	Convertible/Coupe/Fastback/Coupe	Incl: Hardtop/SportsRoof/Dark Horse			1969-2026	Convertible/Coupe/Fastback	Incl: Dark Horse/Hardtop/SportsRoof	fallback	Ford Mustang 1973 Convertible 原子事实对应多条候选记录
非皮卡	高度压缩两两组合	Ford	Mustang/Mustang	Mustang	/	/	3XL-0	2005-2026/2005-2026	Convertible/Coupe	/			2005-2026	Convertible/Coupe		success	
非皮卡	高度压缩两两组合	Ford	Mustang/Mustang	Mustang	/	/	3L-0	1965-1968/1979-2004	Convertible/Coupe/Fastback/Convertible/Coupe	/Incl: Mach 1/Notchback/SVO/SVT Cobra			1965-2004	Convertible/Coupe/Fastback	Incl: Mach 1/Notchback/SVO/SVT Cobra	fallback	Ford Mustang 1969 Convertible 原子事实对应多条候选记录
非皮卡	高度压缩两两组合	Ford	Mustang/Mustang	Mustang	/	/	3XL-0	1969-1972/2005-2026	Convertible/Coupe/Fastback/Convertible/Coupe	Incl: Hardtop/SportsRoof/			1969-2026	Convertible/Coupe/Fastback	Incl: Hardtop/SportsRoof	fallback	Ford Mustang 1973 Convertible 原子事实对应多条候选记录
非皮卡	高度压缩两两组合	Ford	Mustang/Mustang	Mustang	/	/	3XL-0	1969-1972/2024-2026	Convertible/Coupe/Fastback/Coupe	Incl: Hardtop/SportsRoof/Dark Horse			1969-2026	Convertible/Coupe/Fastback	Incl: Dark Horse/Hardtop/SportsRoof	fallback	Ford Mustang 1973 Convertible 原子事实对应多条候选记录
非皮卡	高度压缩两两组合	Ford	Mustang/Mustang	Mustang	/	/	3XL-0	2005-2026/2024-2026	Convertible/Coupe/Coupe	/Dark Horse			2005-2026	Convertible/Coupe	Incl: Dark Horse	success	
非皮卡	高度压缩两两组合	Ford	Mustang/Mustang	Mustang	/	/	3L-0	1965-1968/1979-2004	Convertible/Coupe/Fastback/Convertible/Coupe	/Incl: Mach 1/Notchback/SVO/SVT Cobra			1965-2004	Convertible/Coupe/Fastback	Incl: Mach 1/Notchback/SVO/SVT Cobra	fallback	Ford Mustang 1969 Convertible 原子事实对应多条候选记录
非皮卡	高度压缩两两组合	Ford	Mustang/Mustang	Mustang	/	/	3XL-0	1969-1972/2005-2026	Convertible/Coupe/Fastback/Convertible/Coupe	Incl: Hardtop/SportsRoof/Incl: Dark Horse			1969-2026	Convertible/Coupe/Fastback	Incl: Dark Horse/Hardtop/SportsRoof	fallback	Ford Mustang 1973 Convertible 原子事实对应多条候选记录
非皮卡	高度压缩两两组合	Ford	Mustang Mach-E/Mustang Mach-E	Mustang Mach-E	/	/	YL	2021-2026/2024-2026	SUV/Crossover	/Rally			2021-2026	Crossover/SUV	Incl: Rally	success	
非皮卡	高度压缩两两组合	Ford	Taurus/Taurus	Taurus	/	/	3XL+	1992-2009/2010-2019	Sedan/Sedan	/SHO			1992-2019	Sedan	Incl: SHO	success	
非皮卡	高度压缩两两组合	Ford	Thunderbird/Thunderbird	Thunderbird	/	/	3XL-0	1956/2002-2005	Convertible/Coupe	/			1956-2005	Convertible/Coupe		fallback	Ford Thunderbird 1957 Convertible 原子事实对应多条候选记录
非皮卡	高度压缩两两组合	Ford	Thunderbird/Thunderbird	Thunderbird	/	/	3XXL-0	1958-1966/1958-1966	Convertible/Coupe	/			1958-1966	Convertible/Coupe		success	
非皮卡	高度压缩两两组合	Ford	Thunderbird/Thunderbird	Thunderbird	/	/	3XL-0	1956/2002-2005	Convertible/Coupe	/			1956-2005	Convertible/Coupe		fallback	Ford Thunderbird 1957 Convertible 原子事实对应多条候选记录
非皮卡	高度压缩两两组合	Ford	Thunderbird/Thunderbird	Thunderbird	/	/	3XXL-0	1958-1966/1967-1969	Convertible/Coupe/Coupe	/2dr Hardtop/Landau			1958-1969	Convertible/Coupe	Incl: 2dr Hardtop/Landau	success	
非皮卡	高度压缩两两组合	Ford	Thunderbird/Thunderbird	Thunderbird	/	/	3XL-0	1956/2002-2005	Convertible/Coupe	/			1956-2005	Convertible/Coupe		fallback	Ford Thunderbird 1957 Convertible 原子事实对应多条候选记录
非皮卡	高度压缩两两组合	Ford	Thunderbird/Thunderbird	Thunderbird	/	/	3XXXL-0	1970-1971/1972-1979	Coupe/Coupe	2dr Hardtop/Landau/			1970-1979	Coupe	Incl: 2dr Hardtop/Landau	success	
非皮卡	高度压缩两两组合	Ford	Thunderbird/Thunderbird	Thunderbird	/	/	3XL-0	1956/2002-2005	Convertible/Coupe	/			1956-2005	Convertible/Coupe		fallback	Ford Thunderbird 1957 Convertible 原子事实对应多条候选记录
非皮卡	高度压缩两两组合	Ford	Thunderbird/Thunderbird	Thunderbird	/	/	3XL+0	1980-1986/1989-1993	Coupe/Coupe	/			1980-1993	Coupe		success	
非皮卡	高度压缩两两组合	Ford	Thunderbird/Thunderbird	Thunderbird	/	/	3XL-0	1956/2002-2005	Convertible/Coupe	/			1956-2005	Convertible/Coupe		fallback	Ford Thunderbird 1957 Convertible 原子事实对应多条候选记录
非皮卡	高度压缩两两组合	Ford	Thunderbird/Thunderbird	Thunderbird	/	/	3XL+0	1980-1993/1996-1997	Coupe/Coupe	/			1980-1997	Coupe		success	
非皮卡	高度压缩两两组合	Ford	Thunderbird/Thunderbird	Thunderbird	/	/	3XL-0	1956/2002-2005	Convertible/Coupe	/			1956-2005	Convertible/Coupe		fallback	Ford Thunderbird 1957 Convertible 原子事实对应多条候选记录
非皮卡	高度压缩两两组合	GMC	Acadia/Acadia	Acadia	/	/	YXL	2007-2023/2017	SUV/SUV	/Limited			2007-2023	SUV	Incl: Limited	success	
非皮卡	高度压缩两两组合	GMC	Jimmy/Jimmy	Jimmy	/	/	YM+	1983-2000/1991-1994	SUV/SUV	2dr/4dr			1983-2000	SUV	2dr/4dr	fallback	GMC Jimmy 1995 SUV 原子事实对应多条候选记录
非皮卡	高度压缩两两组合	GMC	Jimmy/Jimmy	Jimmy	/	/	YM+	1983-2000/2001	SUV/SUV	2dr/			1983-2001	SUV	Incl: 2dr	success	
非皮卡	高度压缩两两组合	GMC	Jimmy/Jimmy	Jimmy	/	/	YM+	1983-2001/1991-1994	SUV/SUV	Incl: 2dr/4dr			1983-2001	SUV	Incl: 2dr/4dr	fallback	GMC Jimmy 1995 SUV 原子事实对应多条候选记录
非皮卡	高度压缩两两组合	Genesis	G80/G80	G80	/	/	3XL+	2017-2026/2018-2020	Sedan/Sedan	/Sport			2017-2026	Sedan	Incl: Sport	fallback	Genesis G80 2025 Sedan 原子事实对应多条候选记录
非皮卡	高度压缩两两组合	Genesis	G80/G80	G80	/	/	3XL+	2017-2026/2025-2026	Sedan/Sedan	/Sport			2017-2026	Sedan	Incl: Sport	fallback	Genesis G80 2018 Sedan 原子事实对应多条候选记录
非皮卡	高度压缩两两组合	Genesis	G80/G80	G80	/	/	3XL+	2018-2020/2025-2026	Sedan/Sedan	Sport/Sport			2018-2026	Sedan	Sport	success	
非皮卡	高度压缩两两组合	Genesis	G80/G80	G80	/	/	3XL+	2017-2026/2018-2026	Sedan/Sedan	/Sport			2017-2026	Sedan	Incl: Sport	success	
非皮卡	高度压缩两两组合	Honda	Civic/Civic	Civic	/	/	2M	1973-1983/1980-1995	Wagon/Hatchback	/			1973-1995	Hatchback/Wagon		fallback	Honda Civic 1984 Wagon 原子事实对应多条候选记录
非皮卡	高度压缩两两组合	Honda	Civic/Civic	Civic	/	/	2M	1973-1983/1988-1991	Wagon/Wagon	/			1973-1991	Wagon		fallback	Honda Civic 1984 Wagon 原子事实对应多条候选记录
非皮卡	高度压缩两两组合	Honda	Civic/Civic	Civic	/	/	2M	1980-1995/1988-1991	Hatchback/Wagon	/			1980-1995	Hatchback/Wagon		fallback	Honda Civic 1980 Wagon 原子事实对应多条候选记录
非皮卡	高度压缩两两组合	Honda	Civic/Civic	Civic	/	/	2L+	1984-1987/1996-2000	Wagon/Hatchback	/			1984-2000	Hatchback/Wagon		fallback	Honda Civic 1984 Hatchback 原子事实对应多条候选记录
非皮卡	高度压缩两两组合	Honda	Civic/Civic	Civic	/	/	2L+	1984-1987/2017-2021	Wagon/Hatchback	/			1984-2021	Hatchback/Wagon		fallback	Honda Civic 1984 Hatchback 原子事实对应多条候选记录
非皮卡	高度压缩两两组合	Honda	Civic/Civic	Civic	/	/	2L+	1996-2000/2017-2021	Hatchback/Hatchback	/			1996-2021	Hatchback		success	
非皮卡	高度压缩两两组合	Honda	Civic/Civic	Civic	/	/	2M	1973-1983/1980-1995	Wagon/Hatchback	/			1973-1995	Hatchback/Wagon		fallback	Honda Civic 1984 Wagon 原子事实对应多条候选记录
非皮卡	高度压缩两两组合	Honda	Civic/Civic	Civic	/	/	2M	1973-1983/1988-1991	Wagon/Wagon	/			1973-1991	Wagon		fallback	Honda Civic 1984 Wagon 原子事实对应多条候选记录
非皮卡	高度压缩两两组合	Honda	Civic/Civic	Civic	/	/	2M	1980-1995/1988-1991	Hatchback/Wagon	/			1980-1995	Hatchback/Wagon		fallback	Honda Civic 1980 Wagon 原子事实对应多条候选记录
非皮卡	高度压缩两两组合	Honda	Civic/Civic	Civic	/	/	2L+	1984-1987/1996-2021	Wagon/Hatchback	/			1984-2021	Hatchback/Wagon		fallback	Honda Civic 1984 Hatchback 原子事实对应多条候选记录
非皮卡	高度压缩两两组合	Honda	Civic/Civic	Civic	/	/	2XL	2017-2026/2022-2026	Hatchback/Hatchback	Type R/			2017-2026	Hatchback	Incl: Type R	fallback	Honda Civic 2017 Hatchback 原子事实对应多条候选记录
非皮卡	高度压缩两两组合	Honda	HR-V/HR-V	HR-V	/	/	YM+	2016-2021/2023-2026	SUV/SUV	/			2016-2026	SUV		success	
非皮卡	高度压缩两两组合	Honda	Pilot/Pilot	Pilot	/	/	YXL	2009-2026/2023-2026	SUV/SUV	/TrailSport			2009-2026	SUV	Incl: TrailSport	success	
非皮卡	高度压缩两两组合	Hyundai	Accent/Accent	Accent	/	/	2M	1995-1999/2006-2017	Hatchback/Hatchback	/			1995-2017	Hatchback		fallback	Hyundai Accent 2000 Hatchback 原子事实对应多条候选记录
非皮卡	高度压缩两两组合	Hyundai	Elantra/Elantra	Elantra	/	/	2L+	1996-2000/2009-2012	Wagon/Wagon	/			1996-2012	Wagon		success	
非皮卡	高度压缩两两组合	Hyundai	Elantra/Elantra	Elantra	/	/	2L+	1996-2012/2013-2020	Wagon/Hatchback	/			1996-2020	Hatchback/Wagon		success	
非皮卡	高度压缩两两组合	Hyundai	Genesis/Genesis	Genesis	/	/	3XL+	2009-2016/2012-2014	Sedan/Sedan	/5.0 R-Spec			2009-2016	Sedan	Incl: 5.0 R-Spec	success	
非皮卡	高度压缩两两组合	Hyundai	IONIQ 5/IONIQ 5	IONIQ 5	/	/	YL	2022-2026/2025	SUV/SUV	/N			2022-2026	SUV	Incl: N	success	
非皮卡	高度压缩两两组合	Hyundai	Santa Fe/Santa Fe	Santa Fe	/	/	YL	2007-2012/2013-2018	SUV/SUV	/Sport			2007-2018	SUV	Incl: Sport	success	
非皮卡	高度压缩两两组合	Hyundai	Santa Fe/Santa Fe	Santa Fe	/	/	YL	2007-2018/2019-2023	SUV/SUV	Incl: Sport/			2007-2023	SUV	Incl: Sport	success	
非皮卡	高度压缩两两组合	Hyundai	Santa Fe/Santa Fe	Santa Fe	/	/	YXL	2013-2019/2024-2026	SUV/SUV	XL/			2013-2026	SUV	Incl: XL	fallback	Hyundai Santa Fe 2019 SUV 原子事实对应多条候选记录
非皮卡	高度压缩两两组合	Hyundai	Tiburon/Tiburon	Tiburon	/	/	3M-0	1997-2001/2003-2008	Coupe/Coupe	/			1997-2008	Coupe		success	
非皮卡	高度压缩两两组合	Hyundai	Veloster/Veloster	Veloster	/	/	2L+	2012-2014/2015-2017	Hatchback/Hatchback	/Turbo			2012-2017	Hatchback	Incl: Turbo	success	
非皮卡	高度压缩两两组合	Hyundai	Veloster/Veloster	Veloster	/	/	2L+	2012-2017/2019-2022	Hatchback/Hatchback	Incl: Turbo/N			2012-2022	Hatchback	Incl: N/Turbo	success	
非皮卡	高度压缩两两组合	Infiniti	G/G	G	/	/	3M	1991-1996/1999-2002	Sedan/Sedan	/			1991-2002	Sedan		success	
非皮卡	高度压缩两两组合	Infiniti	M/M	M	/	/	3XL-0	1990-1992/1991-1992	Coupe/Convertible	/			1990-1992	Convertible/Coupe		success	
非皮卡	高度压缩两两组合	Infiniti	M/M	M	/	/	3XL+	2003-2004/2006-2013	Sedan/Sedan	/			2003-2013	Sedan		success	
非皮卡	高度压缩两两组合	Infiniti	Q50/Q50	Q50	/	/	3XL	2014-2020/2021-2024	Sedan/Sedan	/Red Sport			2014-2024	Sedan	Incl: Red Sport	success	
非皮卡	高度压缩两两组合	Infiniti	Q60/Q60	Q60	/	/	3L-0	2014-2016/2014-2016	Convertible/Coupe	/			2014-2016	Convertible/Coupe		success	
非皮卡	高度压缩两两组合	Infiniti	Q60/Q60	Q60	/	/	3L-0	2014-2016/2017-2022	Convertible/Coupe/Coupe	/Red Sport			2014-2022	Convertible/Coupe	Incl: Red Sport	success	
非皮卡	高度压缩两两组合	Infiniti	QX50/QX50	QX50	/	/	YL	2014-2017/2019-2025	SUV/SUV	/			2014-2025	SUV		success	
非皮卡	高度压缩两两组合	Infiniti	QX60/QX60	QX60	/	/	YXL	2014-2020/2022-2026	SUV/SUV	/			2014-2026	SUV		success	
非皮卡	高度压缩两两组合	Jaguar	F-Type/F-Type	F-Type	/	/	3M-0	2014/2015-2020	Convertible/Convertible	V6/V8 S/			2014-2020	Convertible	Incl: V6/V8 S	success	
非皮卡	高度压缩两两组合	Jaguar	F-Type/F-Type	F-Type	/	/	3M-0	2014-2020/2015-2020	Convertible/Coupe	Incl: V6/V8 S/			2014-2020	Convertible/Coupe	Incl: V6/V8 S	success	
非皮卡	高度压缩两两组合	Jaguar	F-Type/F-Type	F-Type	/	/	3M-0	2014-2020/2015-2020	Convertible/Coupe/Coupe	Incl: V6/V8 S/R			2014-2020	Convertible/Coupe	Incl: R/V6/V8 S	fallback	Jaguar F-Type 2016 Convertible 原子事实对应多条候选记录
非皮卡	高度压缩两两组合	Jaguar	F-Type/F-Type	F-Type	/	/	3M-0	2014-2020/2016-2020	Convertible/Coupe/Convertible	Incl: V6/V8 S/R			2014-2020	Convertible/Coupe	Incl: R/V6/V8 S	fallback	Jaguar F-Type 2015 Coupe 原子事实对应多条候选记录
非皮卡	高度压缩两两组合	Jaguar	F-Type/F-Type	F-Type	/	/	3M-0	2014-2020/2017-2020	Convertible/Coupe/Convertible	Incl: V6/V8 S/SVR			2014-2020	Convertible/Coupe	Incl: SVR/V6/V8 S	fallback	Jaguar F-Type 2017 Coupe 原子事实对应多条候选记录
非皮卡	高度压缩两两组合	Jaguar	F-Type/F-Type	F-Type	/	/	3M-0	2014-2020/2017-2020	Convertible/Coupe/Coupe	Incl: V6/V8 S/SVR			2014-2020	Convertible/Coupe	Incl: SVR/V6/V8 S	fallback	Jaguar F-Type 2017 Convertible 原子事实对应多条候选记录
非皮卡	高度压缩两两组合	Jaguar	F-Type/F-Type	F-Type	/	/	3M-0	2014-2020/2021-2023	Convertible/Coupe/Convertible	Incl: V6/V8 S/P575			2014-2023	Convertible/Coupe	Incl: P575/V6/V8 S	fallback	Jaguar F-Type 2021 Coupe 原子事实对应多条候选记录
非皮卡	高度压缩两两组合	Jaguar	F-Type/F-Type	F-Type	/	/	3M-0	2014-2020/2021-2023	Convertible/Coupe/Coupe	Incl: V6/V8 S/P575			2014-2023	Convertible/Coupe	Incl: P575/V6/V8 S	fallback	Jaguar F-Type 2021 Convertible 原子事实对应多条候选记录
非皮卡	高度压缩两两组合	Jaguar	F-Type/F-Type	F-Type	/	/	3M-0	2014-2020/2022-2024	Convertible/Coupe/Convertible	Incl: V6/V8 S/P450			2014-2024	Convertible/Coupe	Incl: P450/V6/V8 S	fallback	Jaguar F-Type 2022 Coupe 原子事实对应多条候选记录
非皮卡	高度压缩两两组合	Jaguar	F-Type/F-Type	F-Type	/	/	3M-0	2014-2020/2022-2024	Convertible/Coupe/Coupe	Incl: V6/V8 S/P450			2014-2024	Convertible/Coupe	Incl: P450/V6/V8 S	fallback	Jaguar F-Type 2022 Convertible 原子事实对应多条候选记录
非皮卡	高度压缩两两组合	Jaguar	F-Type/F-Type	F-Type	/	/	3M-0	2014-2020/2024	Convertible/Coupe/Convertible	Incl: V6/V8 S/R75			2014-2024	Convertible/Coupe	Incl: R75/V6/V8 S	fallback	Jaguar F-Type 2024 Coupe 原子事实对应多条候选记录
非皮卡	高度压缩两两组合	Jaguar	F-Type/F-Type	F-Type	/	/	3M-0	2014-2020/2024	Convertible/Coupe/Coupe	Incl: V6/V8 S/R75			2014-2024	Convertible/Coupe	Incl: R75/V6/V8 S	fallback	Jaguar F-Type 2024 Convertible 原子事实对应多条候选记录
非皮卡	高度压缩两两组合	Jaguar	F-Type/F-Type	F-Type	/	/	3M-0	2015-2020/2016-2020	Coupe/Convertible	R/R			2015-2020	Convertible/Coupe	R	success	
非皮卡	高度压缩两两组合	Jaguar	F-Type/F-Type	F-Type	/	/	3M-0	2014-2020/2015-2020	Convertible/Coupe/Convertible/Coupe	Incl: V6/V8 S/R			2014-2020	Convertible/Coupe	Incl: R/V6/V8 S	success	
非皮卡	高度压缩两两组合	Jaguar	F-Type/F-Type	F-Type	/	/	3M-0	2014-2020/2017-2020	Convertible/Coupe/Convertible	Incl: R/V6/V8 S/SVR			2014-2020	Convertible/Coupe	Incl: R/SVR/V6/V8 S	fallback	Jaguar F-Type 2017 Coupe 原子事实对应多条候选记录
非皮卡	高度压缩两两组合	Jaguar	F-Type/F-Type	F-Type	/	/	3M-0	2014-2020/2017-2020	Convertible/Coupe/Coupe	Incl: R/V6/V8 S/SVR			2014-2020	Convertible/Coupe	Incl: R/SVR/V6/V8 S	fallback	Jaguar F-Type 2017 Convertible 原子事实对应多条候选记录
非皮卡	高度压缩两两组合	Jaguar	F-Type/F-Type	F-Type	/	/	3M-0	2014-2020/2021-2023	Convertible/Coupe/Convertible	Incl: R/V6/V8 S/P575			2014-2023	Convertible/Coupe	Incl: P575/R/V6/V8 S	fallback	Jaguar F-Type 2021 Coupe 原子事实对应多条候选记录
非皮卡	高度压缩两两组合	Jaguar	F-Type/F-Type	F-Type	/	/	3M-0	2014-2020/2021-2023	Convertible/Coupe/Coupe	Incl: R/V6/V8 S/P575			2014-2023	Convertible/Coupe	Incl: P575/R/V6/V8 S	fallback	Jaguar F-Type 2021 Convertible 原子事实对应多条候选记录
非皮卡	高度压缩两两组合	Jaguar	F-Type/F-Type	F-Type	/	/	3M-0	2014-2020/2022-2024	Convertible/Coupe/Convertible	Incl: R/V6/V8 S/P450			2014-2024	Convertible/Coupe	Incl: P450/R/V6/V8 S	fallback	Jaguar F-Type 2022 Coupe 原子事实对应多条候选记录
非皮卡	高度压缩两两组合	Jaguar	F-Type/F-Type	F-Type	/	/	3M-0	2014-2020/2022-2024	Convertible/Coupe/Coupe	Incl: R/V6/V8 S/P450			2014-2024	Convertible/Coupe	Incl: P450/R/V6/V8 S	fallback	Jaguar F-Type 2022 Convertible 原子事实对应多条候选记录
非皮卡	高度压缩两两组合	Jaguar	F-Type/F-Type	F-Type	/	/	3M-0	2014-2020/2024	Convertible/Coupe/Convertible	Incl: R/V6/V8 S/R75			2014-2024	Convertible/Coupe	Incl: R/R75/V6/V8 S	fallback	Jaguar F-Type 2024 Coupe 原子事实对应多条候选记录
非皮卡	高度压缩两两组合	Jaguar	F-Type/F-Type	F-Type	/	/	3M-0	2014-2020/2024	Convertible/Coupe/Coupe	Incl: R/V6/V8 S/R75			2014-2024	Convertible/Coupe	Incl: R/R75/V6/V8 S	fallback	Jaguar F-Type 2024 Convertible 原子事实对应多条候选记录
非皮卡	高度压缩两两组合	Jaguar	F-Type/F-Type	F-Type	/	/	3M-0	2017-2020/2017-2020	Convertible/Coupe	SVR/SVR			2017-2020	Convertible/Coupe	SVR	success	
非皮卡	高度压缩两两组合	Jaguar	F-Type/F-Type	F-Type	/	/	3M-0	2014-2020/2017-2020	Convertible/Coupe/Convertible/Coupe	Incl: R/V6/V8 S/SVR			2014-2020	Convertible/Coupe	Incl: R/SVR/V6/V8 S	success	
非皮卡	高度压缩两两组合	Jaguar	F-Type/F-Type	F-Type	/	/	3M-0	2014-2020/2021-2023	Convertible/Coupe/Convertible	Incl: R/SVR/V6/V8 S/P575			2014-2023	Convertible/Coupe	Incl: P575/R/SVR/V6/V8 S	fallback	Jaguar F-Type 2021 Coupe 原子事实对应多条候选记录
非皮卡	高度压缩两两组合	Jaguar	F-Type/F-Type	F-Type	/	/	3M-0	2014-2020/2021-2023	Convertible/Coupe/Coupe	Incl: R/SVR/V6/V8 S/P575			2014-2023	Convertible/Coupe	Incl: P575/R/SVR/V6/V8 S	fallback	Jaguar F-Type 2021 Convertible 原子事实对应多条候选记录
非皮卡	高度压缩两两组合	Jaguar	F-Type/F-Type	F-Type	/	/	3M-0	2014-2020/2022-2024	Convertible/Coupe/Convertible	Incl: R/SVR/V6/V8 S/P450			2014-2024	Convertible/Coupe	Incl: P450/R/SVR/V6/V8 S	fallback	Jaguar F-Type 2022 Coupe 原子事实对应多条候选记录
非皮卡	高度压缩两两组合	Jaguar	F-Type/F-Type	F-Type	/	/	3M-0	2014-2020/2022-2024	Convertible/Coupe/Coupe	Incl: R/SVR/V6/V8 S/P450			2014-2024	Convertible/Coupe	Incl: P450/R/SVR/V6/V8 S	fallback	Jaguar F-Type 2022 Convertible 原子事实对应多条候选记录
非皮卡	高度压缩两两组合	Jaguar	F-Type/F-Type	F-Type	/	/	3M-0	2014-2020/2024	Convertible/Coupe/Convertible	Incl: R/SVR/V6/V8 S/R75			2014-2024	Convertible/Coupe	Incl: R/R75/SVR/V6/V8 S	fallback	Jaguar F-Type 2024 Coupe 原子事实对应多条候选记录
非皮卡	高度压缩两两组合	Jaguar	F-Type/F-Type	F-Type	/	/	3M-0	2014-2020/2024	Convertible/Coupe/Coupe	Incl: R/SVR/V6/V8 S/R75			2014-2024	Convertible/Coupe	Incl: R/R75/SVR/V6/V8 S	fallback	Jaguar F-Type 2024 Convertible 原子事实对应多条候选记录
非皮卡	高度压缩两两组合	Jaguar	F-Type/F-Type	F-Type	/	/	3M-0	2021-2023/2021-2023	Convertible/Coupe	P575/P575			2021-2023	Convertible/Coupe	P575	success	
非皮卡	高度压缩两两组合	Jaguar	F-Type/F-Type	F-Type	/	/	3M-0	2014-2020/2021-2023	Convertible/Coupe/Convertible/Coupe	Incl: R/SVR/V6/V8 S/P575			2014-2023	Convertible/Coupe	Incl: P575/R/SVR/V6/V8 S	success	
非皮卡	高度压缩两两组合	Jaguar	F-Type/F-Type	F-Type	/	/	3M-0	2014-2023/2022-2024	Convertible/Coupe/Convertible	Incl: P575/R/SVR/V6/V8 S/P450			2014-2024	Convertible/Coupe	Incl: P450/P575/R/SVR/V6/V8 S	fallback	Jaguar F-Type 2022 Coupe 原子事实对应多条候选记录
非皮卡	高度压缩两两组合	Jaguar	F-Type/F-Type	F-Type	/	/	3M-0	2014-2023/2022-2024	Convertible/Coupe/Coupe	Incl: P575/R/SVR/V6/V8 S/P450			2014-2024	Convertible/Coupe	Incl: P450/P575/R/SVR/V6/V8 S	fallback	Jaguar F-Type 2022 Convertible 原子事实对应多条候选记录
非皮卡	高度压缩两两组合	Jaguar	F-Type/F-Type	F-Type	/	/	3M-0	2014-2023/2024	Convertible/Coupe/Convertible	Incl: P575/R/SVR/V6/V8 S/R75			2014-2024	Convertible/Coupe	Incl: P575/R/R75/SVR/V6/V8 S	fallback	Jaguar F-Type 2024 Coupe 原子事实对应多条候选记录
非皮卡	高度压缩两两组合	Jaguar	F-Type/F-Type	F-Type	/	/	3M-0	2014-2023/2024	Convertible/Coupe/Coupe	Incl: P575/R/SVR/V6/V8 S/R75			2014-2024	Convertible/Coupe	Incl: P575/R/R75/SVR/V6/V8 S	fallback	Jaguar F-Type 2024 Convertible 原子事实对应多条候选记录
非皮卡	高度压缩两两组合	Jaguar	F-Type/F-Type	F-Type	/	/	3M-0	2022-2024/2022-2024	Convertible/Coupe	P450/P450			2022-2024	Convertible/Coupe	P450	success	
非皮卡	高度压缩两两组合	Jaguar	F-Type/F-Type	F-Type	/	/	3M-0	2014-2023/2022-2024	Convertible/Coupe/Convertible/Coupe	Incl: P575/R/SVR/V6/V8 S/P450			2014-2024	Convertible/Coupe	Incl: P450/P575/R/SVR/V6/V8 S	success	
非皮卡	高度压缩两两组合	Jaguar	F-Type/F-Type	F-Type	/	/	3M-0	2014-2024/2024	Convertible/Coupe/Convertible	Incl: P450/P575/R/SVR/V6/V8 S/R75			2014-2024	Convertible/Coupe	Incl: P450/P575/R/R75/SVR/V6/V8 S	fallback	Jaguar F-Type 2024 Coupe 原子事实对应多条候选记录
非皮卡	高度压缩两两组合	Jaguar	F-Type/F-Type	F-Type	/	/	3M-0	2014-2024/2024	Convertible/Coupe/Coupe	Incl: P450/P575/R/SVR/V6/V8 S/R75			2014-2024	Convertible/Coupe	Incl: P450/P575/R/R75/SVR/V6/V8 S	fallback	Jaguar F-Type 2024 Convertible 原子事实对应多条候选记录
非皮卡	高度压缩两两组合	Jaguar	F-Type/F-Type	F-Type	/	/	3M-0	2024/2024	Convertible/Coupe	R75/R75			2024	Convertible/Coupe	R75	success	
非皮卡	高度压缩两两组合	Jaguar	F-Type/F-Type	F-Type	/	/	3M-0	2014-2024/2024	Convertible/Coupe/Convertible/Coupe	Incl: P450/P575/R/SVR/V6/V8 S/R75			2014-2024	Convertible/Coupe	Incl: P450/P575/R/R75/SVR/V6/V8 S	success	
非皮卡	高度压缩两两组合	Jaguar	XJ/XJ	XJ	/	/	3XL+	1979-1994/1995-2003	Sedan/Sedan	/LWB			1979-2003	Sedan	Incl: LWB	success	
非皮卡	高度压缩两两组合	Jaguar	XJ/XJ	XJ	/	/	3XL+	1979-2003/1995-2009	Sedan/Sedan	Incl: LWB/SWB			1979-2009	Sedan	Incl: LWB/SWB	fallback	Jaguar XJ 2004 Sedan 原子事实对应多条候选记录
非皮卡	高度压缩两两组合	Jaguar	XJ/XJ	XJ	/	/	3XL+	1979-2003/2011-2019	Sedan/Sedan	Incl: LWB/SWB			1979-2019	Sedan	Incl: LWB/SWB	fallback	Jaguar XJ 1995 Sedan 原子事实对应多条候选记录
非皮卡	高度压缩两两组合	Jaguar	XJ/XJ	XJ	/	/	3XL+	1995-2009/2011-2019	Sedan/Sedan	SWB/SWB			1995-2019	Sedan	SWB	success	
非皮卡	高度压缩两两组合	Jaguar	XJ/XJ	XJ	/	/	3XL+	1979-2003/1995-2019	Sedan/Sedan	Incl: LWB/SWB			1979-2019	Sedan	Incl: LWB/SWB	fallback	Jaguar XJ 2004 Sedan 原子事实对应多条候选记录
非皮卡	高度压缩两两组合	Jaguar	XJ/XJ	XJ	/	/	3XXL	2004-2009/2011-2019	Sedan/Sedan	LWB/LWB			2004-2019	Sedan	LWB	success	
非皮卡	高度压缩两两组合	Jaguar	XJ/XJ	XJ	/	/	3XL+	1979-2003/1995-2019	Sedan/Sedan	Incl: LWB/SWB			1979-2019	Sedan	Incl: LWB/SWB	fallback	Jaguar XJ 2004 Sedan 原子事实对应多条候选记录
非皮卡	高度压缩两两组合	Jaguar	XJS/XJS	XJS	/	/	3XL-0	1976-1983/1984-1996	Coupe/Convertible	/			1976-1996	Convertible/Coupe		fallback	Jaguar XJS 1992 Coupe 原子事实对应多条候选记录
非皮卡	高度压缩两两组合	Jaguar	XJS/XJS	XJS	/	/	3XL-0	1976-1983/1992-1996	Coupe/Coupe	/			1976-1996	Coupe		success	
非皮卡	高度压缩两两组合	Jaguar	XJS/XJS	XJS	/	/	3XL-0	1976-1996/1984-1996	Coupe/Convertible	/			1976-1996	Convertible/Coupe		success	
非皮卡	高度压缩两两组合	Jaguar	XK/XK	XK	/	/	3XL-0	1997-2004/1997-2004	Convertible/Coupe	/			1997-2004	Convertible/Coupe		success	
非皮卡	高度压缩两两组合	Jaguar	XK/XK	XK	/	/	3XL-0	1997-2004/2005-2015	Convertible/Coupe/Convertible	/XKR			1997-2015	Convertible/Coupe	Incl: XKR	fallback	Jaguar XK 2005 Coupe 原子事实对应多条候选记录
非皮卡	高度压缩两两组合	Jaguar	XK/XK	XK	/	/	3XL-0	1997-2004/2005-2015	Convertible/Coupe/Coupe	/XKR			1997-2015	Convertible/Coupe	Incl: XKR	fallback	Jaguar XK 2005 Convertible 原子事实对应多条候选记录
非皮卡	高度压缩两两组合	Jaguar	XK/XK	XK	/	/	3XL-0	1997-2004/2012-2014	Convertible/Coupe/Convertible	/XKR-S			1997-2014	Convertible/Coupe	Incl: XKR-S	fallback	Jaguar XK 2012 Coupe 原子事实对应多条候选记录
非皮卡	高度压缩两两组合	Jaguar	XK/XK	XK	/	/	3XL-0	1997-2004/2012-2014	Convertible/Coupe/Coupe	/XKR-S			1997-2014	Convertible/Coupe	Incl: XKR-S	fallback	Jaguar XK 2012 Convertible 原子事实对应多条候选记录
非皮卡	高度压缩两两组合	Jaguar	XK/XK	XK	/	/	3XL-0	2005-2015/2005-2015	Convertible/Coupe	XKR/XKR			2005-2015	Convertible/Coupe	XKR	success	
非皮卡	高度压缩两两组合	Jaguar	XK/XK	XK	/	/	3XL-0	1997-2004/2005-2015	Convertible/Coupe/Convertible/Coupe	/XKR			1997-2015	Convertible/Coupe	Incl: XKR	success	
非皮卡	高度压缩两两组合	Jaguar	XK/XK	XK	/	/	3XL-0	1997-2015/2012-2014	Convertible/Coupe/Convertible	Incl: XKR/XKR-S			1997-2015	Convertible/Coupe	Incl: XKR/XKR-S	fallback	Jaguar XK 2012 Coupe 原子事实对应多条候选记录
非皮卡	高度压缩两两组合	Jaguar	XK/XK	XK	/	/	3XL-0	1997-2015/2012-2014	Convertible/Coupe/Coupe	Incl: XKR/XKR-S			1997-2015	Convertible/Coupe	Incl: XKR/XKR-S	fallback	Jaguar XK 2012 Convertible 原子事实对应多条候选记录
非皮卡	高度压缩两两组合	Jaguar	XK/XK	XK	/	/	3XL-0	2012-2014/2012-2014	Convertible/Coupe	XKR-S/XKR-S			2012-2014	Convertible/Coupe	XKR-S	success	
非皮卡	高度压缩两两组合	Jaguar	XK/XK	XK	/	/	3XL-0	1997-2015/2012-2014	Convertible/Coupe/Convertible/Coupe	Incl: XKR/XKR-S			1997-2015	Convertible/Coupe	Incl: XKR/XKR-S	success	
非皮卡	高度压缩两两组合	Jeep	Cherokee/Cherokee	Cherokee	/	/	YL	1974-1983/2014-2023	SUV/SUV	/			1974-2023	SUV		fallback	Jeep Cherokee 1984 SUV 原子事实对应多条候选记录
非皮卡	高度压缩两两组合	Jeep	Cherokee/Cherokee	Cherokee	/	/	YL	1974-1983/2026	SUV/SUV	/			1974-2026	SUV		fallback	Jeep Cherokee 1984 SUV 原子事实对应多条候选记录
非皮卡	高度压缩两两组合	Jeep	Cherokee/Cherokee	Cherokee	/	/	YL	2014-2023/2026	SUV/SUV	/			2014-2026	SUV		success	
非皮卡	高度压缩两两组合	Jeep	Cherokee/Cherokee	Cherokee	/	/	YL	1974-1983/2014-2026	SUV/SUV	/			1974-2026	SUV		fallback	Jeep Cherokee 1984 SUV 原子事实对应多条候选记录
非皮卡	高度压缩两两组合	Jeep	Grand Cherokee/Grand Cherokee	Grand Cherokee	/	/	YXL	2014-2021/2022-2026	SUV/SUV	SRT/			2014-2026	SUV	Incl: SRT	fallback	Jeep Grand Cherokee 2014 SUV 原子事实对应多条候选记录
非皮卡	高度压缩两两组合	Jeep	Grand Wagoneer/Grand Wagoneer	Grand Wagoneer	/	/	YXXL-585	2022-2026/2023-2026	SUV/SUV	/L			2022-2026	SUV	Incl: L	success	
非皮卡	高度压缩两两组合	Jeep	Wagoneer/Wagoneer	Wagoneer	/	/	YXXL-585	2023-2025/2023-2025	SUV/SUV	/L			2023-2025	SUV	Incl: L	success	
非皮卡	高度压缩两两组合	Jeep	Wrangler/Wrangler	Wrangler	/	/	无可用尺码	1987-1995/1997-2012	SUV/SUV	2dr/2dr			1987-2012	SUV	2dr	success	
非皮卡	高度压缩两两组合	Jeep	Wrangler/Wrangler	Wrangler	/	/	YM+	2004-2006/2004-2006	SUV/SUV	2dr Rubicon/2dr Unlimited			2004-2006	SUV	2dr Rubicon/2dr Unlimited	success	
非皮卡	高度压缩两两组合	Jeep	Wrangler/Wrangler	Wrangler	/	/	YM+	2004-2006/2005-2006	SUV/SUV	2dr Rubicon/2dr Unlimited/2dr Unlimited Rubicon			2004-2006	SUV	2dr Rubicon/2dr Unlimited/2dr Unlimited Rubicon	success	
非皮卡	高度压缩两两组合	Jeep	Wrangler/Wrangler	Wrangler	/	/	YM+	2004-2006/2007-2012	SUV/SUV	2dr Rubicon/2dr Unlimited/2dr Unlimited Rubicon/4dr Unlimited			2004-2012	SUV	2dr Rubicon/2dr Unlimited/2dr Unlimited Rubicon/4dr Unlimited	success	
非皮卡	高度压缩两两组合	Jeep	Wrangler/Wrangler	Wrangler	/	/	YM+	2004-2012/2013-2026	SUV/SUV	2dr Rubicon/2dr Unlimited/2dr Unlimited Rubicon/4dr Unlimited/2dr			2004-2026	SUV	2dr/2dr Rubicon/2dr Unlimited/2dr Unlimited Rubicon/4dr Unlimited	fallback	Jeep Wrangler 2004 SUV 原子事实对应多条候选记录
非皮卡	高度压缩两两组合	Jeep	Wrangler/Wrangler	Wrangler	/	/	YM+	2004-2012/2024-2026	SUV/SUV	2dr Rubicon/2dr Unlimited/2dr Unlimited Rubicon/4dr Unlimited/2dr Xtreme			2004-2026	SUV	2dr Rubicon/2dr Unlimited/2dr Unlimited Rubicon/2dr Xtreme/4dr Unlimited	fallback	Jeep Wrangler 2013 SUV 原子事实对应多条候选记录
非皮卡	高度压缩两两组合	Jeep	Wrangler/Wrangler	Wrangler	/	/	YL	2013-2026/2021-2026	SUV/SUV	4dr Unlimited/4dr Rubicon			2013-2026	SUV	4dr Rubicon/4dr Unlimited	success	
非皮卡	高度压缩两两组合	Jeep	Wrangler/Wrangler	Wrangler	/	/	YM+	2004-2012/2013-2026	SUV/SUV	2dr Rubicon/2dr Unlimited/2dr Unlimited Rubicon/4dr Unlimited/2dr			2004-2026	SUV	2dr/2dr Rubicon/2dr Unlimited/2dr Unlimited Rubicon/4dr Unlimited	fallback	Jeep Wrangler 2004 SUV 原子事实对应多条候选记录
非皮卡	高度压缩两两组合	Jeep	Wrangler/Wrangler	Wrangler	/	/	YM+	2004-2012/2024-2026	SUV/SUV	2dr Rubicon/2dr Unlimited/2dr Unlimited Rubicon/4dr Unlimited/2dr Xtreme			2004-2026	SUV	2dr Rubicon/2dr Unlimited/2dr Unlimited Rubicon/2dr Xtreme/4dr Unlimited	fallback	Jeep Wrangler 2013 SUV 原子事实对应多条候选记录
非皮卡	高度压缩两两组合	Jeep	Wrangler/Wrangler	Wrangler	/	/	YM+	2013-2026/2024-2026	SUV/SUV	2dr/2dr Xtreme			2013-2026	SUV	2dr/2dr Xtreme	success	
非皮卡	高度压缩两两组合	Jeep	Wrangler/Wrangler	Wrangler	/	/	YM+	2004-2012/2013-2026	SUV/SUV	2dr Rubicon/2dr Unlimited/2dr Unlimited Rubicon/4dr Unlimited/2dr/2dr Xtreme			2004-2026	SUV	2dr/2dr Rubicon/2dr Unlimited/2dr Unlimited Rubicon/2dr Xtreme/4dr Unlimited	fallback	Jeep Wrangler 2004 SUV 原子事实对应多条候选记录
非皮卡	高度压缩两两组合	Karma Automotive	Revero/Revero	Revero	/	/	3XL+	2017-2021/2025	Sedan/Sedan	GT/GTS/			2017-2025	Sedan	Incl: GT/GTS	success	
非皮卡	高度压缩两两组合	Kia	Carnival/Carnival	Carnival	/	/	2XXL-525	2007-2012/2014	MPV/MPV	Sedona LWB/Sedona LWB			2007-2014	MPV	Sedona LWB	success	
非皮卡	高度压缩两两组合	Kia	Carnival/Carnival	Carnival	/	/	2XXL-525	2007-2014/2015-2021	MPV/MPV	Sedona LWB/Sedona			2007-2021	MPV	Sedona/Sedona LWB	success	
非皮卡	高度压缩两两组合	Kia	Carnival/Carnival	Carnival	/	/	2XXL-525	2007-2021/2022-2026	MPV/MPV	Sedona/Sedona LWB/			2007-2026	MPV	Incl: Sedona/Sedona LWB	success	
非皮卡	高度压缩两两组合	Kia	K900/K900	K900	/	/	3XL+	2015-2017/2019-2020	Sedan/Sedan	/			2015-2020	Sedan		success	
非皮卡	高度压缩两两组合	Kia	NIRO/NIRO	NIRO	/	/	YM+	2017-2026/2019-2026	Crossover/Crossover	/EV			2017-2026	Crossover	Incl: EV	success	
非皮卡	高度压缩两两组合	Kia	Optima/Optima	Optima	/	/	3XL	2001-2020/2011-2020	Sedan/Sedan	/Hybrid			2001-2020	Sedan	Incl: Hybrid	success	
非皮卡	高度压缩两两组合	Kia	Optima/Optima	Optima	/	/	3XL	2001-2020/2017-2020	Sedan/Sedan	Incl: Hybrid/PHEV			2001-2020	Sedan	Incl: Hybrid/PHEV	success	
非皮卡	高度压缩两两组合	Kia	Sorento/Sorento	Sorento	/	/	YL	2011-2026/2024	SUV/SUV	/PHEV			2011-2026	SUV	Incl: PHEV	success	
非皮卡	高度压缩两两组合	Kia	Soul/Soul	Soul	/	/	2M	2010-2019/2014-2019	Wagon/Hatchback	/EV			2010-2019	Hatchback/Wagon	Incl: EV	success	
非皮卡	高度压缩两两组合	Kia	Spectra/Spectra	Spectra	/	/	3M	2000-2001/2004-2009	Sedan/Sedan	/			2000-2009	Sedan		success	
非皮卡	高度压缩两两组合	Kia	Sportage/Sportage	Sportage	/	/	YM+	1995-1997/1995-2002	SUV/SUV	4dr/2dr			1995-2002	SUV	2dr/4dr	success	
非皮卡	高度压缩两两组合	Kia	Sportage/Sportage	Sportage	/	/	YM+	1995-2002/2005-2022	SUV/SUV	2dr/4dr/			1995-2022	SUV	Incl: 2dr/4dr	success	
非皮卡	高度压缩两两组合	Kia	Sportage/Sportage	Sportage	/	/	YL	2023-2026/2023-2026	SUV/SUV	/PHEV			2023-2026	SUV	Incl: PHEV	success	
非皮卡	高度压缩两两组合	Kia	Stinger/Stinger	Stinger	/	/	3XL-0	2018-2021/2018-2021	Coupe/Liftback	/GT			2018-2021	Coupe/Liftback	Incl: GT	success	
非皮卡	高度压缩两两组合	Kia	Stinger/Stinger	Stinger	/	/	3XL-0	2018-2021/2022-2023	Coupe/Liftback/Fastback	Incl: GT/			2018-2023	Coupe/Fastback/Liftback	Incl: GT	success	
非皮卡	高度压缩两两组合	Land Rover	Defender/Defender	Defender	/	/	无可用尺码	1993/1994-1995	SUV/SUV	110 NAS/90 NAS			1993-1995	SUV	90 NAS/110 NAS	success	
非皮卡	高度压缩两两组合	Land Rover	Defender/Defender	Defender	/	/	无可用尺码	1993-1995/1997	SUV/SUV	90 NAS/110 NAS/90 NAS			1993-1997	SUV	90 NAS/110 NAS	success	
非皮卡	高度压缩两两组合	Land Rover	Defender/Defender	Defender	/	/	YXL	2020-2024/2025-2026	SUV/SUV	110/110 OCTA			2020-2026	SUV	110/110 OCTA	success	
非皮卡	高度压缩两两组合	Land Rover	Range Rover/Range Rover	Range Rover	/	/	YL	1993-1995/1995-2002	SUV/SUV	LWB/			1993-2002	SUV	Incl: LWB	success	
非皮卡	高度压缩两两组合	Lexus	GS/GS	GS	/	/	3XL	1998-2011/2013-2020	Sedan/Sedan	/			1998-2020	Sedan		success	
非皮卡	高度压缩两两组合	Lexus	GX/GX	GX	/	/	YXL	2014-2023/2024-2026	SUV/SUV	/Overtrail			2014-2026	SUV	Incl: Overtrail	success	
非皮卡	高度压缩两两组合	Lexus	LC/LC	LC	/	/	3XL-0	2018-2026/2021-2026	Coupe/Convertible	/			2018-2026	Convertible/Coupe		success	
非皮卡	高度压缩两两组合	Lexus	LS/LS	LS	/	/	3XL+	1990-2017/2007-2009	Sedan/Sedan	/L			1990-2017	Sedan	Incl: L	fallback	Lexus LS 2010 Sedan 原子事实对应多条候选记录
非皮卡	高度压缩两两组合	Lexus	LS/LS	LS	/	/	3XXL	2010-2017/2018-2026	Sedan/Sedan	L/			2010-2026	Sedan	Incl: L	fallback	Lexus LS 2010 Sedan 原子事实对应多条候选记录
非皮卡	高度压缩两两组合	Lexus	RC/RC	RC	/	/	3L-0	2015-2018/2025	Coupe/Coupe	/			2015-2025	Coupe		fallback	Lexus RC 2019 Coupe 原子事实对应多条候选记录
非皮卡	高度压缩两两组合	Lexus	RC/RC	RC	/	/	3XL-0	2015-2025/2019-2024	Coupe/Coupe	RC F/			2015-2025	Coupe	Incl: RC F	fallback	Lexus RC 2015 Coupe 原子事实对应多条候选记录
非皮卡	高度压缩两两组合	Lexus	RX/RX	RX	/	/	YXL	2016-2026/2018-2022	SUV/SUV	/RX L			2016-2026	SUV	Incl: RX L	success	
非皮卡	高度压缩两两组合	Lincoln	Aviator/Aviator	Aviator	/	/	YXL	2003-2005/2020-2026	SUV/SUV	/			2003-2026	SUV		success	
非皮卡	高度压缩两两组合	Lincoln	Continental/Continental	Continental	/	/	3XXXL-0	1940-1942/1946-1948	Convertible/Convertible	/			1940-1948	Convertible		success	
非皮卡	高度压缩两两组合	Lincoln	Continental/Continental	Continental	/	/	3XXXXL-0	1940-1942/1946-1948	Coupe/Coupe	/			1940-1948	Coupe		success	
非皮卡	高度压缩两两组合	Lincoln	Continental/Continental	Continental	/	/	3XXXL-0	1940-1948/1961-1965	Convertible/Convertible	/			1940-1965	Convertible		fallback	Lincoln Continental 1958 Convertible 原子事实对应多条候选记录
非皮卡	高度压缩两两组合	Lincoln	Continental/Continental	Continental	/	/	3XXXL-0	1940-1948/1980	Convertible/Coupe	/			1940-1980	Convertible/Coupe		fallback	Lincoln Continental 1940 Coupe 原子事实对应多条候选记录
非皮卡	高度压缩两两组合	Lincoln	Continental/Continental	Continental	/	/	3XXXXL-0	1940-1948/1956-1957	Coupe/Coupe	/			1940-1957	Coupe		success	
非皮卡	高度压缩两两组合	Lincoln	Continental/Continental	Continental	/	/	3XXXL-0	1940-1948/1961-1965	Convertible/Convertible	/			1940-1965	Convertible		fallback	Lincoln Continental 1958 Convertible 原子事实对应多条候选记录
非皮卡	高度压缩两两组合	Lincoln	Continental/Continental	Continental	/	/	3XXXL-0	1940-1948/1980	Convertible/Coupe	/			1940-1980	Convertible/Coupe		fallback	Lincoln Continental 1940 Coupe 原子事实对应多条候选记录
非皮卡	高度压缩两两组合	Lincoln	Continental/Continental	Continental	/	/	3XXXXL-0	1940-1957/1958-1960	Coupe/Convertible	/			1940-1960	Convertible/Coupe		fallback	Lincoln Continental 1940 Convertible 原子事实对应多条候选记录
非皮卡	高度压缩两两组合	Lincoln	Continental/Continental	Continental	/	/	3XXXXL-0	1940-1957/1958-1960	Coupe/Sedan	/			1940-1960	Coupe/Sedan		success	
非皮卡	高度压缩两两组合	Lincoln	Continental/Continental	Continental	/	/	3XXXL-0	1940-1948/1961-1965	Convertible/Convertible	/			1940-1965	Convertible		fallback	Lincoln Continental 1958 Convertible 原子事实对应多条候选记录
非皮卡	高度压缩两两组合	Lincoln	Continental/Continental	Continental	/	/	3XXXL-0	1940-1948/1980	Convertible/Coupe	/			1940-1980	Convertible/Coupe		fallback	Lincoln Continental 1940 Coupe 原子事实对应多条候选记录
非皮卡	高度压缩两两组合	Lincoln	Continental/Continental	Continental	/	/	3XXXXL-0	1940-1960/1958-1960	Coupe/Sedan/Convertible	/			1940-1960	Convertible/Coupe/Sedan		fallback	Lincoln Continental 1940 Convertible 原子事实对应多条候选记录
非皮卡	高度压缩两两组合	Lincoln	Continental/Continental	Continental	/	/	3XXXXL-0	1940-1960/1966-1967	Coupe/Sedan/Convertible	/			1940-1967	Convertible/Coupe/Sedan		fallback	Lincoln Continental 1940 Convertible 原子事实对应多条候选记录
非皮卡	高度压缩两两组合	Lincoln	Continental/Continental	Continental	/	/	3XXXXL-0	1940-1960/1966-1973	Coupe/Sedan/Sedan	/			1940-1973	Coupe/Sedan		fallback	Lincoln Continental 1961 Sedan 原子事实对应多条候选记录
非皮卡	高度压缩两两组合	Lincoln	Continental/Continental	Continental	/	/	3XXXXL-0	1940-1960/1970-1973	Coupe/Sedan/Coupe	/			1940-1973	Coupe/Sedan		fallback	Lincoln Continental 1961 Sedan 原子事实对应多条候选记录
非皮卡	高度压缩两两组合	Lincoln	Continental/Continental	Continental	/	/	3XXXXL-0	1940-1960/1980	Coupe/Sedan/Sedan	/			1940-1980	Coupe/Sedan		fallback	Lincoln Continental 1961 Sedan 原子事实对应多条候选记录
非皮卡	高度压缩两两组合	Lincoln	Continental/Continental	Continental	/	/	3XXXXL-0	1958-1960/1966-1967	Convertible/Convertible	/			1958-1967	Convertible		fallback	Lincoln Continental 1961 Convertible 原子事实对应多条候选记录
非皮卡	高度压缩两两组合	Lincoln	Continental/Continental	Continental	/	/	3XXXXL-0	1958-1960/1966-1973	Convertible/Sedan	/			1958-1973	Convertible/Sedan		fallback	Lincoln Continental 1958 Sedan 原子事实对应多条候选记录
非皮卡	高度压缩两两组合	Lincoln	Continental/Continental	Continental	/	/	3XXXXL-0	1958-1960/1970-1973	Convertible/Coupe	/			1958-1973	Convertible/Coupe		fallback	Lincoln Continental 1961 Convertible 原子事实对应多条候选记录
非皮卡	高度压缩两两组合	Lincoln	Continental/Continental	Continental	/	/	3XXXXL-0	1958-1960/1980	Convertible/Sedan	/			1958-1980	Convertible/Sedan		fallback	Lincoln Continental 1958 Sedan 原子事实对应多条候选记录
非皮卡	高度压缩两两组合	Lincoln	Continental/Continental	Continental	/	/	3XXXL	1961-1965/1999-2001	Sedan/Sedan	/			1961-2001	Sedan		fallback	Lincoln Continental 1966 Sedan 原子事实对应多条候选记录
非皮卡	高度压缩两两组合	Lincoln	Continental/Continental	Continental	/	/	3XXXL-0	1961-1965/1980	Convertible/Coupe	/			1961-1980	Convertible/Coupe		fallback	Lincoln Continental 1966 Convertible 原子事实对应多条候选记录
非皮卡	高度压缩两两组合	Lincoln	Continental/Continental	Continental	/	/	3XXXXL-0	1966-1967/1966-1973	Convertible/Sedan	/			1966-1973	Convertible/Sedan		success	
非皮卡	高度压缩两两组合	Lincoln	Continental/Continental	Continental	/	/	3XXXL-0	1940-1948/1961-1965	Convertible/Convertible	/			1940-1965	Convertible		fallback	Lincoln Continental 1958 Convertible 原子事实对应多条候选记录
非皮卡	高度压缩两两组合	Lincoln	Continental/Continental	Continental	/	/	3XXXL-0	1940-1948/1980	Convertible/Coupe	/			1940-1980	Convertible/Coupe		fallback	Lincoln Continental 1940 Coupe 原子事实对应多条候选记录
非皮卡	高度压缩两两组合	Lincoln	Continental/Continental	Continental	/	/	3XXXXL-0	1940-1960/1958-1960	Coupe/Sedan/Convertible	/			1940-1960	Convertible/Coupe/Sedan		fallback	Lincoln Continental 1940 Convertible 原子事实对应多条候选记录
非皮卡	高度压缩两两组合	Lincoln	Continental/Continental	Continental	/	/	3XXXXL-0	1940-1960/1966-1973	Coupe/Sedan/Convertible/Sedan	/			1940-1973	Convertible/Coupe/Sedan		fallback	Lincoln Continental 1940 Convertible 原子事实对应多条候选记录
非皮卡	高度压缩两两组合	Lincoln	Continental/Continental	Continental	/	/	3XXXXL-0	1940-1960/1970-1973	Coupe/Sedan/Coupe	/			1940-1973	Coupe/Sedan		fallback	Lincoln Continental 1961 Sedan 原子事实对应多条候选记录
非皮卡	高度压缩两两组合	Lincoln	Continental/Continental	Continental	/	/	3XXXXL-0	1940-1960/1980	Coupe/Sedan/Sedan	/			1940-1980	Coupe/Sedan		fallback	Lincoln Continental 1961 Sedan 原子事实对应多条候选记录
非皮卡	高度压缩两两组合	Lincoln	Continental/Continental	Continental	/	/	3XXXXL-0	1958-1960/1966-1973	Convertible/Convertible/Sedan	/			1958-1973	Convertible/Sedan		fallback	Lincoln Continental 1958 Sedan 原子事实对应多条候选记录
非皮卡	高度压缩两两组合	Lincoln	Continental/Continental	Continental	/	/	3XXXXL-0	1958-1960/1970-1973	Convertible/Coupe	/			1958-1973	Convertible/Coupe		fallback	Lincoln Continental 1961 Convertible 原子事实对应多条候选记录
非皮卡	高度压缩两两组合	Lincoln	Continental/Continental	Continental	/	/	3XXXXL-0	1958-1960/1980	Convertible/Sedan	/			1958-1980	Convertible/Sedan		fallback	Lincoln Continental 1958 Sedan 原子事实对应多条候选记录
非皮卡	高度压缩两两组合	Lincoln	Continental/Continental	Continental	/	/	3XXXL	1961-1965/1999-2001	Sedan/Sedan	/			1961-2001	Sedan		fallback	Lincoln Continental 1966 Sedan 原子事实对应多条候选记录
非皮卡	高度压缩两两组合	Lincoln	Continental/Continental	Continental	/	/	3XXXL-0	1961-1965/1980	Convertible/Coupe	/			1961-1980	Convertible/Coupe		fallback	Lincoln Continental 1966 Convertible 原子事实对应多条候选记录
非皮卡	高度压缩两两组合	Lincoln	Continental/Continental	Continental	/	/	3XXXXL-0	1966-1973/1970-1973	Convertible/Sedan/Coupe	/			1966-1973	Convertible/Coupe/Sedan		success	
非皮卡	高度压缩两两组合	Lincoln	Continental/Continental	Continental	/	/	3XXXL-0	1940-1948/1961-1965	Convertible/Convertible	/			1940-1965	Convertible		fallback	Lincoln Continental 1958 Convertible 原子事实对应多条候选记录
非皮卡	高度压缩两两组合	Lincoln	Continental/Continental	Continental	/	/	3XXXL-0	1940-1948/1980	Convertible/Coupe	/			1940-1980	Convertible/Coupe		fallback	Lincoln Continental 1940 Coupe 原子事实对应多条候选记录
非皮卡	高度压缩两两组合	Lincoln	Continental/Continental	Continental	/	/	3XXXXL-0	1940-1960/1958-1960	Coupe/Sedan/Convertible	/			1940-1960	Convertible/Coupe/Sedan		fallback	Lincoln Continental 1940 Convertible 原子事实对应多条候选记录
非皮卡	高度压缩两两组合	Lincoln	Continental/Continental	Continental	/	/	3XXXXL-0	1940-1960/1966-1973	Coupe/Sedan/Convertible/Coupe/Sedan	/			1940-1973	Convertible/Coupe/Sedan		fallback	Lincoln Continental 1940 Convertible 原子事实对应多条候选记录
非皮卡	高度压缩两两组合	Lincoln	Continental/Continental	Continental	/	/	3XXXXL-0	1940-1960/1980	Coupe/Sedan/Sedan	/			1940-1980	Coupe/Sedan		fallback	Lincoln Continental 1961 Sedan 原子事实对应多条候选记录
非皮卡	高度压缩两两组合	Lincoln	Continental/Continental	Continental	/	/	3XXXXL-0	1958-1960/1966-1973	Convertible/Convertible/Coupe/Sedan	/			1958-1973	Convertible/Coupe/Sedan		fallback	Lincoln Continental 1958 Sedan 原子事实对应多条候选记录
非皮卡	高度压缩两两组合	Lincoln	Continental/Continental	Continental	/	/	3XXXXL-0	1958-1960/1980	Convertible/Sedan	/			1958-1980	Convertible/Sedan		fallback	Lincoln Continental 1958 Sedan 原子事实对应多条候选记录
非皮卡	高度压缩两两组合	Lincoln	Continental/Continental	Continental	/	/	3XXXL	1961-1965/1999-2001	Sedan/Sedan	/			1961-2001	Sedan		fallback	Lincoln Continental 1966 Sedan 原子事实对应多条候选记录
非皮卡	高度压缩两两组合	Lincoln	Continental/Continental	Continental	/	/	3XXXL-0	1961-1965/1980	Convertible/Coupe	/			1961-1980	Convertible/Coupe		fallback	Lincoln Continental 1966 Convertible 原子事实对应多条候选记录
非皮卡	高度压缩两两组合	Lincoln	Continental/Continental	Continental	/	/	3XXXXL-0	1966-1973/1980	Convertible/Coupe/Sedan/Sedan	/			1966-1980	Convertible/Coupe/Sedan		fallback	Lincoln Continental 1974 Coupe 原子事实对应多条候选记录
非皮卡	高度压缩两两组合	Lincoln	Continental/Continental	Continental	/	/	无可用尺码	1974-1979/1974-1979	Coupe/Sedan	/			1974-1979	Coupe/Sedan		success	
非皮卡	高度压缩两两组合	Lincoln	Continental/Continental	Continental	/	/	3XXXL-0	1940-1948/1961-1965	Convertible/Convertible	/			1940-1965	Convertible		fallback	Lincoln Continental 1958 Convertible 原子事实对应多条候选记录
非皮卡	高度压缩两两组合	Lincoln	Continental/Continental	Continental	/	/	3XXXL-0	1940-1948/1980	Convertible/Coupe	/			1940-1980	Convertible/Coupe		fallback	Lincoln Continental 1940 Coupe 原子事实对应多条候选记录
非皮卡	高度压缩两两组合	Lincoln	Continental/Continental	Continental	/	/	3XXXXL-0	1940-1960/1958-1960	Coupe/Sedan/Convertible	/			1940-1960	Convertible/Coupe/Sedan		fallback	Lincoln Continental 1940 Convertible 原子事实对应多条候选记录
非皮卡	高度压缩两两组合	Lincoln	Continental/Continental	Continental	/	/	3XXXXL-0	1940-1960/1966-1973	Coupe/Sedan/Convertible/Coupe/Sedan	/			1940-1973	Convertible/Coupe/Sedan		fallback	Lincoln Continental 1940 Convertible 原子事实对应多条候选记录
非皮卡	高度压缩两两组合	Lincoln	Continental/Continental	Continental	/	/	3XXXXL-0	1940-1960/1980	Coupe/Sedan/Sedan	/			1940-1980	Coupe/Sedan		fallback	Lincoln Continental 1961 Sedan 原子事实对应多条候选记录
非皮卡	高度压缩两两组合	Lincoln	Continental/Continental	Continental	/	/	3XXXXL-0	1958-1960/1966-1973	Convertible/Convertible/Coupe/Sedan	/			1958-1973	Convertible/Coupe/Sedan		fallback	Lincoln Continental 1958 Sedan 原子事实对应多条候选记录
非皮卡	高度压缩两两组合	Lincoln	Continental/Continental	Continental	/	/	3XXXXL-0	1958-1960/1980	Convertible/Sedan	/			1958-1980	Convertible/Sedan		fallback	Lincoln Continental 1958 Sedan 原子事实对应多条候选记录
非皮卡	高度压缩两两组合	Lincoln	Continental/Continental	Continental	/	/	3XXXL	1961-1965/1999-2001	Sedan/Sedan	/			1961-2001	Sedan		fallback	Lincoln Continental 1966 Sedan 原子事实对应多条候选记录
非皮卡	高度压缩两两组合	Lincoln	Continental/Continental	Continental	/	/	3XXXL-0	1961-1965/1980	Convertible/Coupe	/			1961-1980	Convertible/Coupe		fallback	Lincoln Continental 1966 Convertible 原子事实对应多条候选记录
非皮卡	高度压缩两两组合	Lincoln	Continental/Continental	Continental	/	/	3XXXXL-0	1966-1973/1980	Convertible/Coupe/Sedan/Sedan	/			1966-1980	Convertible/Coupe/Sedan		fallback	Lincoln Continental 1974 Coupe 原子事实对应多条候选记录
非皮卡	高度压缩两两组合	Lincoln	Continental/Continental	Continental	/	/	3XL+	1982-1987/2017-2020	Sedan/Sedan	/			1982-2020	Sedan		fallback	Lincoln Continental 1988 Sedan 原子事实对应多条候选记录
非皮卡	高度压缩两两组合	Lincoln	Continental/Continental	Continental	/	/	3XXL	1988-1998/2002	Sedan/Sedan	/			1988-2002	Sedan		fallback	Lincoln Continental 1999 Sedan 原子事实对应多条候选记录
非皮卡	高度压缩两两组合	Lincoln	Town Car/Town Car	Town Car	/	/	3XXXXL-0	1981-1997/2000-2011	Sedan/Sedan	/L			1981-2011	Sedan	Incl: L	fallback	Lincoln Town Car 1998 Sedan 原子事实对应多条候选记录
非皮卡	高度压缩两两组合	MINI	Convertible/Convertible	Convertible	/	/	3S-0	2005-2026/2011-2023	Convertible/Convertible	/JCW			2005-2026	Convertible	Incl: JCW	success	
非皮卡	高度压缩两两组合	MINI	Cooper/Cooper	Cooper	/	/	2M	2002-2013/2014-2023	Hatchback/Hatchback	/2dr			2002-2023	Hatchback	Incl: 2dr	success	
非皮卡	高度压缩两两组合	MINI	Cooper/Cooper	Cooper	/	/	2M	2002-2023/2015-2023	Hatchback/Hatchback	Incl: 2dr/4dr			2002-2023	Hatchback	Incl: 2dr/4dr	success	
非皮卡	高度压缩两两组合	MINI	Cooper/Cooper	Cooper	/	/	2M	2002-2023/2024	Hatchback/Hatchback	Incl: 2dr/4dr/2dr S			2002-2024	Hatchback	Incl: 2dr/2dr S/4dr	success	
非皮卡	高度压缩两两组合	MINI	Cooper/Cooper	Cooper	/	/	2M	2002-2024/2024	Hatchback/Hatchback	Incl: 2dr/2dr S/4dr/2dr SE			2002-2024	Hatchback	Incl: 2dr/2dr S/2dr SE/4dr	success	
非皮卡	高度压缩两两组合	MINI	Cooper/Cooper	Cooper	/	/	2M	2002-2024/2024	Hatchback/Hatchback	Incl: 2dr/2dr S/2dr SE/4dr/4dr S			2002-2024	Hatchback	Incl: 2dr/2dr S/2dr SE/4dr/4dr S	success	
非皮卡	高度压缩两两组合	MINI	Cooper/Cooper	Cooper	/	/	2M	2002-2024/2025-2026	Hatchback/Hatchback	Incl: 2dr/2dr S/2dr SE/4dr/4dr S/2dr			2002-2026	Hatchback	Incl: 2dr/2dr S/2dr SE/4dr/4dr S	success	
非皮卡	高度压缩两两组合	MINI	Countryman/Countryman	Countryman	/	/	YM+	2011-2015/2016	SUV/SUV	/JCW			2011-2016	SUV	Incl: JCW	success	
非皮卡	高度压缩两两组合	MINI	Countryman/Countryman	Countryman	/	/	YM+	2011-2016/2017-2026	SUV/SUV	Incl: JCW/			2011-2026	SUV	Incl: JCW	success	
非皮卡	高度压缩两两组合	MINI	Hardtop/Hardtop	Hardtop	/	/	2M	2002-2024/2015-2024	Hatchback/Hatchback	2dr/4dr			2002-2024	Hatchback	2dr/4dr	success	
非皮卡	高度压缩两两组合	MINI	Hatchback/Hatchback	Hatchback	/	/	2M	2002-2024/2015-2024	Hatchback/Hatchback	2dr/4dr			2002-2024	Hatchback	2dr/4dr	success	
非皮卡	高度压缩两两组合	MINI	Hatchback/Hatchback	Hatchback	/	/	2M	2002-2024/2020-2024	Hatchback/Hatchback	2dr/4dr/2dr Cooper SE			2002-2024	Hatchback	2dr/2dr Cooper SE/4dr	success	
非皮卡	高度压缩两两组合	MINI	Paceman/Paceman	Paceman	/	/	YM+	2013-2015/2016	SUV/Crossover	/JCW ALL4			2013-2016	Crossover/SUV	Incl: JCW ALL4	success	
非皮卡	高度压缩两两组合	MINI	Roadster/Roadster	Roadster	/	/	3S-0	2012-2014/2015	Convertible/Convertible	/JCW			2012-2015	Convertible	Incl: JCW	success	
非皮卡	高度压缩两两组合	Maserati	GranTurismo/GranTurismo	GranTurismo	/	/	3XL+0	2008-2018/2019	Coupe/Convertible	/			2008-2019	Convertible/Coupe		success	
非皮卡	高度压缩两两组合	Maserati	GranTurismo/GranTurismo	GranTurismo	/	/	3XL+0	2008-2019/2024-2026	Convertible/Coupe/Coupe	/			2008-2026	Convertible/Coupe		success	
非皮卡	高度压缩两两组合	Maserati	MC20/MC20	MC20	/	/	3L-0	2022-2025/2023-2025	Coupe/Convertible	/Cielo			2022-2025	Convertible/Coupe	Incl: Cielo	success	
非皮卡	高度压缩两两组合	Mazda	3/3	3	/	/	2L+	2004-2006/2010-2026	Hatchback/Hatchback	/			2004-2026	Hatchback		fallback	Mazda 3 2007 Hatchback 原子事实对应多条候选记录
非皮卡	高度压缩两两组合	Mazda	6/6	6	/	/	2XL	2003-2008/2004-2007	Hatchback/Wagon	/			2003-2008	Hatchback/Wagon		success	
非皮卡	高度压缩两两组合	Mazda	6/6	6	/	/	3XL+	2009-2013/2018-2021	Sedan/Sedan	/			2009-2021	Sedan		fallback	Mazda 6 2014 Sedan 原子事实对应多条候选记录
非皮卡	高度压缩两两组合	Mazda	MX-5/MX-5	MX-5	/	/	3S-0	1990-1997/1999-2026	Coupe/Coupe	/			1990-2026	Coupe		success	
非皮卡	高度压缩两两组合	Mazda	MX-5/MX-5	MX-5	/	/	3S-0	1990-2026/2017-2026	Coupe/Convertible	/RF			1990-2026	Convertible/Coupe	Incl: RF	success	
非皮卡	高度压缩两两组合	Mazda	Miata/Miata	Miata	/	/	3S-0	1990-1997/1999-2015	Coupe/Coupe	/			1990-2015	Coupe		success	
非皮卡	高度压缩两两组合	Mazda	Miata/Miata	Miata	/	/	3S-0	1990-2015/2016-2026	Coupe/Convertible	/soft top			1990-2026	Convertible/Coupe	Incl: soft top	success	
非皮卡	高度压缩两两组合	Mazda	Miata/Miata	Miata	/	/	3S-0	1990-2026/2017-2026	Convertible/Coupe/Convertible	Incl: soft top/RF			1990-2026	Convertible/Coupe	Incl: RF/soft top	success	
非皮卡	高度压缩两两组合	Mazda	RX-7/RX-7	RX-7	/	/	3M-0	1979-1985/1986-1991	Coupe/Convertible	/			1979-1991	Convertible/Coupe		success	
非皮卡	高度压缩两两组合	Mazda	RX-7/RX-7	RX-7	/	/	3M-0	1979-1991/1993-1995	Convertible/Coupe/Coupe	/			1979-1995	Convertible/Coupe		success	
非皮卡	高度压缩两两组合	Mazda	Tribute/Tribute	Tribute	/	/	YM+	2001-2006/2008-2011	SUV/SUV	/			2001-2011	SUV		success	
非皮卡	高度压缩两两组合	Mercedes-Benz	A-Class/A-Class	A-Class	/	/	3L	2019-2022/2020-2021	Sedan/Sedan	/AMG			2019-2022	Sedan	Incl: AMG	success	
非皮卡	高度压缩两两组合	Mercedes-Benz	C-Class/C-Class	C-Class	/	/	3M	1994-2000/1995-2000	Sedan/Sedan	/AMG			1994-2000	Sedan	Incl: AMG	success	
非皮卡	高度压缩两两组合	Mercedes-Benz	C-Class/C-Class	C-Class	/	/	3L	2001-2021/2002-2006	Sedan/Sedan	/AMG			2001-2021	Sedan	Incl: AMG	fallback	Mercedes-Benz C-Class 2008 Sedan 原子事实对应多条候选记录
非皮卡	高度压缩两两组合	Mercedes-Benz	C-Class/C-Class	C-Class	/	/	3L	2001-2021/2015	Sedan/Sedan	/PHEV			2001-2021	Sedan	Incl: PHEV	success	
非皮卡	高度压缩两两组合	Mercedes-Benz	C-Class/C-Class	C-Class	/	/	3L	2001-2021/2002-2006	Sedan/Sedan	Incl: PHEV/AMG			2001-2021	Sedan	Incl: AMG/PHEV	fallback	Mercedes-Benz C-Class 2008 Sedan 原子事实对应多条候选记录
非皮卡	高度压缩两两组合	Mercedes-Benz	C-Class/C-Class	C-Class	/	/	3XL	2008-2014/2016-2021	Sedan/Sedan	AMG/AMG			2008-2021	Sedan	AMG	success	
非皮卡	高度压缩两两组合	Mercedes-Benz	C-Class/C-Class	C-Class	/	/	3L	2001-2021/2002-2006	Sedan/Sedan	Incl: PHEV/AMG			2001-2021	Sedan	Incl: AMG/PHEV	fallback	Mercedes-Benz C-Class 2008 Sedan 原子事实对应多条候选记录
非皮卡	高度压缩两两组合	Mercedes-Benz	C-Class/C-Class	C-Class	/	/	3XL	2008-2021/2022-2026	Sedan/Sedan	AMG/			2008-2026	Sedan	Incl: AMG	fallback	Mercedes-Benz C-Class 2008 Sedan 原子事实对应多条候选记录
非皮卡	高度压缩两两组合	Mercedes-Benz	C-Class/C-Class	C-Class	/	/	3XL	2008-2021/2023-2026	Sedan/Sedan	AMG/AMG			2008-2026	Sedan	AMG	success	
非皮卡	高度压缩两两组合	Mercedes-Benz	C-Class/C-Class	C-Class	/	/	3L	2001-2021/2002-2006	Sedan/Sedan	Incl: PHEV/AMG			2001-2021	Sedan	Incl: AMG/PHEV	fallback	Mercedes-Benz C-Class 2008 Sedan 原子事实对应多条候选记录
非皮卡	高度压缩两两组合	Mercedes-Benz	C-Class/C-Class	C-Class	/	/	3XL	2008-2026/2022-2026	Sedan/Sedan	AMG/			2008-2026	Sedan	Incl: AMG	fallback	Mercedes-Benz C-Class 2008 Sedan 原子事实对应多条候选记录
非皮卡	高度压缩两两组合	Mercedes-Benz	C-Class/C-Class	C-Class	/	/	3L-0	2012-2023/2017-2023	Coupe/Convertible	/			2012-2023	Convertible/Coupe		success	
非皮卡	高度压缩两两组合	Mercedes-Benz	C-Class/C-Class	C-Class	/	/	3L	2001-2021/2002-2006	Sedan/Sedan	Incl: PHEV/AMG			2001-2021	Sedan	Incl: AMG/PHEV	fallback	Mercedes-Benz C-Class 2008 Sedan 原子事实对应多条候选记录
非皮卡	高度压缩两两组合	Mercedes-Benz	C-Class/C-Class	C-Class	/	/	3XL	2008-2026/2022-2026	Sedan/Sedan	AMG/			2008-2026	Sedan	Incl: AMG	fallback	Mercedes-Benz C-Class 2008 Sedan 原子事实对应多条候选记录
非皮卡	高度压缩两两组合	Mercedes-Benz	CL-Class/CL-Class	CL-Class	/	/	3XL+0	1998-2014/2008-2009	Coupe/Coupe	/AMG			1998-2014	Coupe	Incl: AMG	fallback	Mercedes-Benz CL-Class 2012 Coupe 原子事实对应多条候选记录
非皮卡	高度压缩两两组合	Mercedes-Benz	CL-Class/CL-Class	CL-Class	/	/	3XL+0	1998-2014/2012-2013	Coupe/Coupe	/AMG			1998-2014	Coupe	Incl: AMG	fallback	Mercedes-Benz CL-Class 2008 Coupe 原子事实对应多条候选记录
非皮卡	高度压缩两两组合	Mercedes-Benz	CL-Class/CL-Class	CL-Class	/	/	3XL+0	2008-2009/2012-2013	Coupe/Coupe	AMG/AMG			2008-2013	Coupe	AMG	success	
非皮卡	高度压缩两两组合	Mercedes-Benz	CL-Class/CL-Class	CL-Class	/	/	3XL+0	1998-2014/2008-2013	Coupe/Coupe	/AMG			1998-2014	Coupe	Incl: AMG	success	
非皮卡	高度压缩两两组合	Mercedes-Benz	CLA-Class/CLA-Class	CLA-Class	/	/	3L	2014-2025/2014-2026	Sedan/Sedan	/AMG			2014-2026	Sedan	Incl: AMG	fallback	Mercedes-Benz CLA-Class 2026 Sedan 原子事实对应多条候选记录
非皮卡	高度压缩两两组合	Mercedes-Benz	CLK-Class/CLK-Class	CLK-Class	/	/	3L-0	1998-2003/1999-2009	Coupe/Convertible	/			1998-2009	Convertible/Coupe		fallback	Mercedes-Benz CLK-Class 2006 Coupe 原子事实对应多条候选记录
非皮卡	高度压缩两两组合	Mercedes-Benz	CLK-Class/CLK-Class	CLK-Class	/	/	3L-0	1998-2003/2006-2009	Coupe/Coupe	/			1998-2009	Coupe		success	
非皮卡	高度压缩两两组合	Mercedes-Benz	CLK-Class/CLK-Class	CLK-Class	/	/	3L-0	1998-2009/1999-2009	Coupe/Convertible	/			1998-2009	Convertible/Coupe		success	
非皮卡	高度压缩两两组合	Mercedes-Benz	CLS-Class/CLS-Class	CLS-Class	/	/	3XL+	2006-2021/2006-2023	Sedan/Sedan	AMG/4dr coupe			2006-2023	Sedan	4dr coupe/AMG	success	
非皮卡	高度压缩两两组合	Mercedes-Benz	E-Class/E-Class	E-Class	/	/	3L-0	1994-1995/1994-1995	Convertible/Coupe	/			1994-1995	Convertible/Coupe		success	
非皮卡	高度压缩两两组合	Mercedes-Benz	E-Class/E-Class	E-Class	/	/	3L-0	1994-1995/2010-2017	Convertible/Coupe/Coupe	/			1994-2017	Convertible/Coupe		fallback	Mercedes-Benz E-Class 2011 Convertible 原子事实对应多条候选记录
非皮卡	高度压缩两两组合	Mercedes-Benz	E-Class/E-Class	E-Class	/	/	3L-0	1994-1995/2011-2017	Convertible/Coupe/Convertible	/			1994-2017	Convertible/Coupe		fallback	Mercedes-Benz E-Class 2010 Coupe 原子事实对应多条候选记录
非皮卡	高度压缩两两组合	Mercedes-Benz	E-Class/E-Class	E-Class	/	/	3L-0	1994-1995/2011-2017	Convertible/Coupe/Convertible	/Cabriolet			1994-2017	Convertible/Coupe	Incl: Cabriolet	fallback	Mercedes-Benz E-Class 2010 Coupe 原子事实对应多条候选记录
非皮卡	高度压缩两两组合	Mercedes-Benz	E-Class/E-Class	E-Class	/	/	3XL	1994-2009/1999-2009	Sedan/Sedan	/AMG			1994-2009	Sedan	Incl: AMG	success	
非皮卡	高度压缩两两组合	Mercedes-Benz	E-Class/E-Class	E-Class	/	/	3L-0	1994-1995/2010-2017	Convertible/Coupe/Coupe	/			1994-2017	Convertible/Coupe		fallback	Mercedes-Benz E-Class 2011 Convertible 原子事实对应多条候选记录
非皮卡	高度压缩两两组合	Mercedes-Benz	E-Class/E-Class	E-Class	/	/	3L-0	1994-1995/2011-2017	Convertible/Coupe/Convertible	/			1994-2017	Convertible/Coupe		fallback	Mercedes-Benz E-Class 2010 Coupe 原子事实对应多条候选记录
非皮卡	高度压缩两两组合	Mercedes-Benz	E-Class/E-Class	E-Class	/	/	3L-0	1994-1995/2011-2017	Convertible/Coupe/Convertible	/Cabriolet			1994-2017	Convertible/Coupe	Incl: Cabriolet	fallback	Mercedes-Benz E-Class 2010 Coupe 原子事实对应多条候选记录
非皮卡	高度压缩两两组合	Mercedes-Benz	E-Class/E-Class	E-Class	/	/	2XL+	1998-2009/2011-2020	Wagon/Wagon	/			1998-2020	Wagon		success	
非皮卡	高度压缩两两组合	Mercedes-Benz	E-Class/E-Class	E-Class	/	/	3L-0	1994-1995/2010-2017	Convertible/Coupe/Coupe	/			1994-2017	Convertible/Coupe		fallback	Mercedes-Benz E-Class 2011 Convertible 原子事实对应多条候选记录
非皮卡	高度压缩两两组合	Mercedes-Benz	E-Class/E-Class	E-Class	/	/	3L-0	1994-1995/2011-2017	Convertible/Coupe/Convertible	/			1994-2017	Convertible/Coupe		fallback	Mercedes-Benz E-Class 2010 Coupe 原子事实对应多条候选记录
非皮卡	高度压缩两两组合	Mercedes-Benz	E-Class/E-Class	E-Class	/	/	3L-0	1994-1995/2011-2017	Convertible/Coupe/Convertible	/Cabriolet			1994-2017	Convertible/Coupe	Incl: Cabriolet	fallback	Mercedes-Benz E-Class 2010 Coupe 原子事实对应多条候选记录
非皮卡	高度压缩两两组合	Mercedes-Benz	E-Class/E-Class	E-Class	/	/	2XL+	1998-2020/2021-2026	Wagon/Wagon	/All-Terrain			1998-2026	Wagon	Incl: All-Terrain	fallback	Mercedes-Benz E-Class 2026 Wagon 原子事实对应多条候选记录
非皮卡	高度压缩两两组合	Mercedes-Benz	E-Class/E-Class	E-Class	/	/	2XL+	1998-2020/2026	Wagon/Wagon	/			1998-2026	Wagon		success	
非皮卡	高度压缩两两组合	Mercedes-Benz	E-Class/E-Class	E-Class	/	/	3L-0	1994-1995/2010-2017	Convertible/Coupe/Coupe	/			1994-2017	Convertible/Coupe		fallback	Mercedes-Benz E-Class 2011 Convertible 原子事实对应多条候选记录
非皮卡	高度压缩两两组合	Mercedes-Benz	E-Class/E-Class	E-Class	/	/	3L-0	1994-1995/2011-2017	Convertible/Coupe/Convertible	/			1994-2017	Convertible/Coupe		fallback	Mercedes-Benz E-Class 2010 Coupe 原子事实对应多条候选记录
非皮卡	高度压缩两两组合	Mercedes-Benz	E-Class/E-Class	E-Class	/	/	3L-0	1994-1995/2011-2017	Convertible/Coupe/Convertible	/Cabriolet			1994-2017	Convertible/Coupe	Incl: Cabriolet	fallback	Mercedes-Benz E-Class 2010 Coupe 原子事实对应多条候选记录
非皮卡	高度压缩两两组合	Mercedes-Benz	E-Class/E-Class	E-Class	/	/	2XL+	1998-2026/2021-2026	Wagon/Wagon	/All-Terrain			1998-2026	Wagon	Incl: All-Terrain	success	
非皮卡	高度压缩两两组合	Mercedes-Benz	E-Class/E-Class	E-Class	/	/	3L-0	1994-1995/2010-2017	Convertible/Coupe/Coupe	/			1994-2017	Convertible/Coupe		fallback	Mercedes-Benz E-Class 2011 Convertible 原子事实对应多条候选记录
非皮卡	高度压缩两两组合	Mercedes-Benz	E-Class/E-Class	E-Class	/	/	3L-0	1994-1995/2011-2017	Convertible/Coupe/Convertible	/			1994-2017	Convertible/Coupe		fallback	Mercedes-Benz E-Class 2010 Coupe 原子事实对应多条候选记录
非皮卡	高度压缩两两组合	Mercedes-Benz	E-Class/E-Class	E-Class	/	/	3L-0	1994-1995/2011-2017	Convertible/Coupe/Convertible	/Cabriolet			1994-2017	Convertible/Coupe	Incl: Cabriolet	fallback	Mercedes-Benz E-Class 2010 Coupe 原子事实对应多条候选记录
非皮卡	高度压缩两两组合	Mercedes-Benz	E-Class/E-Class	E-Class	/	/	3L-0	2010-2017/2011-2017	Coupe/Convertible	/			2010-2017	Convertible/Coupe		success	
非皮卡	高度压缩两两组合	Mercedes-Benz	E-Class/E-Class	E-Class	/	/	3L-0	1994-1995/2010-2017	Convertible/Coupe/Convertible/Coupe	/			1994-2017	Convertible/Coupe		success	
非皮卡	高度压缩两两组合	Mercedes-Benz	E-Class/E-Class	E-Class	/	/	3L-0	1994-2017/2011-2017	Convertible/Coupe/Convertible	/Cabriolet			1994-2017	Convertible/Coupe	Incl: Cabriolet	success	
非皮卡	高度压缩两两组合	Mercedes-Benz	E-Class/E-Class	E-Class	/	/	3XL+	2010-2023/2010-2023	Sedan/Sedan	/AMG			2010-2023	Sedan	Incl: AMG	success	
非皮卡	高度压缩两两组合	Mercedes-Benz	E-Class/E-Class	E-Class	/	/	3XL+	2010-2023/2024-2026	Sedan/Sedan	Incl: AMG/PHEV			2010-2026	Sedan	Incl: AMG/PHEV	fallback	Mercedes-Benz E-Class 2025 Sedan 原子事实对应多条候选记录
非皮卡	高度压缩两两组合	Mercedes-Benz	E-Class/E-Class	E-Class	/	/	3XL+	2010-2023/2025-2026	Sedan/Sedan	Incl: AMG/			2010-2026	Sedan	Incl: AMG	success	
非皮卡	高度压缩两两组合	Mercedes-Benz	E-Class/E-Class	E-Class	/	/	3XL+	2010-2026/2024-2026	Sedan/Sedan	Incl: AMG/PHEV			2010-2026	Sedan	Incl: AMG/PHEV	success	
非皮卡	高度压缩两两组合	Mercedes-Benz	E-Class/E-Class	E-Class	/	/	3XL-0	2018-2023/2018-2023	Convertible/Coupe	/			2018-2023	Convertible/Coupe		success	
非皮卡	高度压缩两两组合	Mercedes-Benz	GLA-Class/GLA-Class	GLA-Class	/	/	YM+	2015-2019/2015-2026	SUV/SUV	AMG/			2015-2026	SUV	Incl: AMG	fallback	Mercedes-Benz GLA-Class 2021 SUV 原子事实对应多条候选记录
非皮卡	高度压缩两两组合	Mercedes-Benz	GLA-Class/GLA-Class	GLA-Class	/	/	YM+	2015-2019/2021-2026	SUV/SUV	AMG/AMG			2015-2026	SUV	AMG	success	
非皮卡	高度压缩两两组合	Mercedes-Benz	GLA-Class/GLA-Class	GLA-Class	/	/	YM+	2015-2026/2015-2026	SUV/SUV	/AMG			2015-2026	SUV	Incl: AMG	success	
非皮卡	高度压缩两两组合	Mercedes-Benz	GLC-Class/GLC-Class	GLC-Class	/	/	YL	2016-2026/2017-2026	SUV/Crossover	/AMG			2016-2026	Crossover/SUV	Incl: AMG	success	
非皮卡	高度压缩两两组合	Mercedes-Benz	GLE-Class/GLE-Class	GLE-Class	/	/	3XL+0	2016-2019/2021-2026	Coupe/Coupe	/			2016-2026	Coupe		success	
非皮卡	高度压缩两两组合	Mercedes-Benz	M-Class/M-Class	M-Class	/	/	YL	2002-2015/2008-2010	SUV/SUV	/Diesel			2002-2015	SUV	Incl: Diesel	success	
非皮卡	高度压缩两两组合	Mercedes-Benz	M-Class/M-Class	M-Class	/	/	YL	2002-2015/2010-2011	SUV/SUV	Incl: Diesel/AMG			2002-2015	SUV	Incl: AMG/Diesel	success	
非皮卡	高度压缩两两组合	Mercedes-Benz	S-Class/S-Class	S-Class	/	/	3XL+0	1994-1995/2015	Coupe/Coupe	/PHEV			1994-2015	Coupe	Incl: PHEV	fallback	Mercedes-Benz S-Class 2015 Coupe 原子事实对应多条候选记录
非皮卡	高度压缩两两组合	Mercedes-Benz	S-Class/S-Class	S-Class	/	/	3XL+0	1994-1995/2015-2020	Coupe/Coupe	/			1994-2020	Coupe		success	
非皮卡	高度压缩两两组合	Mercedes-Benz	S-Class/S-Class	S-Class	/	/	3XL+0	1994-2020/2015	Coupe/Coupe	/PHEV			1994-2020	Coupe	Incl: PHEV	success	
非皮卡	高度压缩两两组合	Mercedes-Benz	S-Class/S-Class	S-Class	/	/	3XL+0	1994-2020/2018-2020	Coupe/Convertible	Incl: PHEV/			1994-2020	Convertible/Coupe	Incl: PHEV	success	
非皮卡	高度压缩两两组合	Mercedes-Benz	S-Class/S-Class	S-Class	/	/	3XXL	1994-2020/2001-2013	Sedan/Sedan	/AMG			1994-2020	Sedan	Incl: AMG	fallback	Mercedes-Benz S-Class 2014 Sedan 原子事实对应多条候选记录
非皮卡	高度压缩两两组合	Mercedes-Benz	S-Class/S-Class	S-Class	/	/	3XXL	1994-2020/2006	Sedan/Sedan	/LWB			1994-2020	Sedan	Incl: LWB	success	
非皮卡	高度压缩两两组合	Mercedes-Benz	S-Class/S-Class	S-Class	/	/	3XXL	1994-2020/2001-2013	Sedan/Sedan	Incl: LWB/AMG			1994-2020	Sedan	Incl: AMG/LWB	fallback	Mercedes-Benz S-Class 2014 Sedan 原子事实对应多条候选记录
非皮卡	高度压缩两两组合	Mercedes-Benz	S-Class/S-Class	S-Class	/	/	3XXL	1994-2020/2015-2016	Sedan/Sedan	Incl: LWB/AMG			1994-2020	Sedan	Incl: AMG/LWB	fallback	Mercedes-Benz S-Class 2001 Sedan 原子事实对应多条候选记录
非皮卡	高度压缩两两组合	Mercedes-Benz	S-Class/S-Class	S-Class	/	/	3XXL	1994-2020/2017	Sedan/Sedan	Incl: LWB/S 550e PHEV			1994-2020	Sedan	Incl: LWB/S 550e PHEV	success	
非皮卡	高度压缩两两组合	Mercedes-Benz	S-Class/S-Class	S-Class	/	/	3XXL	1994-2020/2001-2013	Sedan/Sedan	Incl: LWB/S 550e PHEV/AMG			1994-2020	Sedan	Incl: AMG/LWB/S 550e PHEV	fallback	Mercedes-Benz S-Class 2014 Sedan 原子事实对应多条候选记录
非皮卡	高度压缩两两组合	Mercedes-Benz	S-Class/S-Class	S-Class	/	/	3XXL	1994-2020/2015-2016	Sedan/Sedan	Incl: LWB/S 550e PHEV/AMG			1994-2020	Sedan	Incl: AMG/LWB/S 550e PHEV	fallback	Mercedes-Benz S-Class 2001 Sedan 原子事实对应多条候选记录
非皮卡	高度压缩两两组合	Mercedes-Benz	S-Class/S-Class	S-Class	/	/	3XXL	1994-2020/2019	Sedan/Sedan	Incl: LWB/S 550e PHEV/S 560e PHEV			1994-2020	Sedan	Incl: LWB/S 550e PHEV/S 560e PHEV	success	
非皮卡	高度压缩两两组合	Mercedes-Benz	S-Class/S-Class	S-Class	/	/	3XXL	1994-2020/2001-2013	Sedan/Sedan	Incl: LWB/S 550e PHEV/S 560e PHEV/AMG			1994-2020	Sedan	Incl: AMG/LWB/S 550e PHEV/S 560e PHEV	fallback	Mercedes-Benz S-Class 2014 Sedan 原子事实对应多条候选记录
非皮卡	高度压缩两两组合	Mercedes-Benz	S-Class/S-Class	S-Class	/	/	3XXL	1994-2020/2015-2016	Sedan/Sedan	Incl: LWB/S 550e PHEV/S 560e PHEV/AMG			1994-2020	Sedan	Incl: AMG/LWB/S 550e PHEV/S 560e PHEV	fallback	Mercedes-Benz S-Class 2001 Sedan 原子事实对应多条候选记录
非皮卡	高度压缩两两组合	Mercedes-Benz	S-Class/S-Class	S-Class	/	/	3XXL	2001-2013/2015-2016	Sedan/Sedan	AMG/AMG			2001-2016	Sedan	AMG	fallback	Mercedes-Benz S-Class 2014 Sedan 原子事实对应多条候选记录
非皮卡	高度压缩两两组合	Mercedes-Benz	S-Class/S-Class	S-Class	/	/	3XXXL	2014/2016-2026	Sedan/Sedan	AMG/Maybach			2014-2026	Sedan	AMG/Maybach	fallback	Mercedes-Benz S-Class 2015 Sedan 原子事实对应多条候选记录
非皮卡	高度压缩两两组合	Mercedes-Benz	S-Class/S-Class	S-Class	/	/	3XXXL	2014/2017-2020	Sedan/Sedan	AMG/AMG			2014-2020	Sedan	AMG	fallback	Mercedes-Benz S-Class 2015 Sedan 原子事实对应多条候选记录
非皮卡	高度压缩两两组合	Mercedes-Benz	S-Class/S-Class	S-Class	/	/	3XXXL	2014/2021-2026	Sedan/Sedan	AMG/			2014-2026	Sedan	Incl: AMG	fallback	Mercedes-Benz S-Class 2014 Sedan 原子事实对应多条候选记录
非皮卡	高度压缩两两组合	Mercedes-Benz	S-Class/S-Class	S-Class	/	/	3XXXL	2014/2023-2026	Sedan/Sedan	AMG/AMG			2014-2026	Sedan	AMG	fallback	Mercedes-Benz S-Class 2015 Sedan 原子事实对应多条候选记录
非皮卡	高度压缩两两组合	Mercedes-Benz	S-Class/S-Class	S-Class	/	/	3XXXL	2016-2026/2017-2020	Sedan/Sedan	Maybach/AMG			2016-2026	Sedan	AMG/Maybach	fallback	Mercedes-Benz S-Class 2016 Sedan 原子事实对应多条候选记录
非皮卡	高度压缩两两组合	Mercedes-Benz	S-Class/S-Class	S-Class	/	/	3XXXL	2016-2026/2021-2026	Sedan/Sedan	Maybach/			2016-2026	Sedan	Incl: Maybach	fallback	Mercedes-Benz S-Class 2016 Sedan 原子事实对应多条候选记录
非皮卡	高度压缩两两组合	Mercedes-Benz	S-Class/S-Class	S-Class	/	/	3XXXL	2016-2026/2023-2026	Sedan/Sedan	Maybach/AMG			2016-2026	Sedan	AMG/Maybach	fallback	Mercedes-Benz S-Class 2016 Sedan 原子事实对应多条候选记录
非皮卡	高度压缩两两组合	Mercedes-Benz	S-Class/S-Class	S-Class	/	/	3XXXL	2017-2020/2021-2026	Sedan/Sedan	AMG/			2017-2026	Sedan	Incl: AMG	fallback	Mercedes-Benz S-Class 2017 Sedan 原子事实对应多条候选记录
非皮卡	高度压缩两两组合	Mercedes-Benz	S-Class/S-Class	S-Class	/	/	3XXXL	2017-2020/2023-2026	Sedan/Sedan	AMG/AMG			2017-2026	Sedan	AMG	success	
非皮卡	高度压缩两两组合	Mercedes-Benz	S-Class/S-Class	S-Class	/	/	3XXL	1994-2020/2001-2013	Sedan/Sedan	Incl: LWB/S 550e PHEV/S 560e PHEV/AMG			1994-2020	Sedan	Incl: AMG/LWB/S 550e PHEV/S 560e PHEV	fallback	Mercedes-Benz S-Class 2014 Sedan 原子事实对应多条候选记录
非皮卡	高度压缩两两组合	Mercedes-Benz	S-Class/S-Class	S-Class	/	/	3XXL	1994-2020/2015-2016	Sedan/Sedan	Incl: LWB/S 550e PHEV/S 560e PHEV/AMG			1994-2020	Sedan	Incl: AMG/LWB/S 550e PHEV/S 560e PHEV	fallback	Mercedes-Benz S-Class 2001 Sedan 原子事实对应多条候选记录
非皮卡	高度压缩两两组合	Mercedes-Benz	S-Class/S-Class	S-Class	/	/	3XXL	2001-2013/2015-2016	Sedan/Sedan	AMG/AMG			2001-2016	Sedan	AMG	fallback	Mercedes-Benz S-Class 2014 Sedan 原子事实对应多条候选记录
非皮卡	高度压缩两两组合	Mercedes-Benz	S-Class/S-Class	S-Class	/	/	3XXXL	2014/2016-2026	Sedan/Sedan	AMG/Maybach			2014-2026	Sedan	AMG/Maybach	fallback	Mercedes-Benz S-Class 2015 Sedan 原子事实对应多条候选记录
非皮卡	高度压缩两两组合	Mercedes-Benz	S-Class/S-Class	S-Class	/	/	3XXXL	2014/2017-2026	Sedan/Sedan	AMG/AMG			2014-2026	Sedan	AMG	fallback	Mercedes-Benz S-Class 2015 Sedan 原子事实对应多条候选记录
非皮卡	高度压缩两两组合	Mercedes-Benz	S-Class/S-Class	S-Class	/	/	3XXXL	2014/2021-2026	Sedan/Sedan	AMG/			2014-2026	Sedan	Incl: AMG	fallback	Mercedes-Benz S-Class 2014 Sedan 原子事实对应多条候选记录
非皮卡	高度压缩两两组合	Mercedes-Benz	S-Class/S-Class	S-Class	/	/	3XXXL	2016-2026/2017-2026	Sedan/Sedan	Maybach/AMG			2016-2026	Sedan	AMG/Maybach	fallback	Mercedes-Benz S-Class 2016 Sedan 原子事实对应多条候选记录
非皮卡	高度压缩两两组合	Mercedes-Benz	S-Class/S-Class	S-Class	/	/	3XXXL	2016-2026/2021-2026	Sedan/Sedan	Maybach/			2016-2026	Sedan	Incl: Maybach	fallback	Mercedes-Benz S-Class 2016 Sedan 原子事实对应多条候选记录
非皮卡	高度压缩两两组合	Mercedes-Benz	S-Class/S-Class	S-Class	/	/	3XXXL	2017-2026/2021-2026	Sedan/Sedan	AMG/			2017-2026	Sedan	Incl: AMG	fallback	Mercedes-Benz S-Class 2017 Sedan 原子事实对应多条候选记录
非皮卡	高度压缩两两组合	Mercedes-Benz	SL-Class/SL-Class	SL-Class	/	/	3M-0	1954-1957/1955-1971	Coupe/Convertible	/			1954-1971	Convertible/Coupe		success	
非皮卡	高度压缩两两组合	Mercedes-Benz	SL-Class/SL-Class	SL-Class	/	/	3M-0	1954-1971/1990-1991	Convertible/Coupe/Convertible	/			1954-1991	Convertible/Coupe		fallback	Mercedes-Benz SL-Class 1972 Convertible 原子事实对应多条候选记录
非皮卡	高度压缩两两组合	Mercedes-Benz	SL-Class/SL-Class	SL-Class	/	/	3M-0	1954-1971/1992-1993	Convertible/Coupe/Convertible	/300 SL			1954-1993	Convertible/Coupe	Incl: 300 SL	fallback	Mercedes-Benz SL-Class 1972 Convertible 原子事实对应多条候选记录
非皮卡	高度压缩两两组合	Mercedes-Benz	SL-Class/SL-Class	SL-Class	/	/	3M-0	1954-1971/1992-1993	Convertible/Coupe/Convertible	/500 SL			1954-1993	Convertible/Coupe	Incl: 500 SL	fallback	Mercedes-Benz SL-Class 1972 Convertible 原子事实对应多条候选记录
非皮卡	高度压缩两两组合	Mercedes-Benz	SL-Class/SL-Class	SL-Class	/	/	3M-0	1954-1971/1993	Convertible/Coupe/Convertible	/600 SL			1954-1993	Convertible/Coupe	Incl: 600 SL	fallback	Mercedes-Benz SL-Class 1972 Convertible 原子事实对应多条候选记录
非皮卡	高度压缩两两组合	Mercedes-Benz	SL-Class/SL-Class	SL-Class	/	/	3M-0	1954-1971/1994-1996	Convertible/Coupe/Convertible	/SL320			1954-1996	Convertible/Coupe	Incl: SL320	fallback	Mercedes-Benz SL-Class 1972 Convertible 原子事实对应多条候选记录
非皮卡	高度压缩两两组合	Mercedes-Benz	SL-Class/SL-Class	SL-Class	/	/	3M-0	1954-1971/1994-1996	Convertible/Coupe/Convertible	/SL500			1954-1996	Convertible/Coupe	Incl: SL500	fallback	Mercedes-Benz SL-Class 1972 Convertible 原子事实对应多条候选记录
非皮卡	高度压缩两两组合	Mercedes-Benz	SL-Class/SL-Class	SL-Class	/	/	3M-0	1954-1971/1994-1996	Convertible/Coupe/Convertible	/SL600			1954-1996	Convertible/Coupe	Incl: SL600	fallback	Mercedes-Benz SL-Class 1972 Convertible 原子事实对应多条候选记录
非皮卡	高度压缩两两组合	Mercedes-Benz	SL-Class/SL-Class	SL-Class	/	/	3M-0	1954-1971/1997-2002	Convertible/Coupe/Convertible	/			1954-2002	Convertible/Coupe		fallback	Mercedes-Benz SL-Class 1972 Convertible 原子事实对应多条候选记录
非皮卡	高度压缩两两组合	Mercedes-Benz	SL-Class/SL-Class	SL-Class	/	/	3L-0	1957-1963/1972-1989	Convertible/Convertible	300SL/			1957-1989	Convertible	Incl: 300SL	fallback	Mercedes-Benz SL-Class 1957 Convertible 原子事实对应多条候选记录
非皮卡	高度压缩两两组合	Mercedes-Benz	SL-Class/SL-Class	SL-Class	/	/	3L-0	1957-1963/1986-1989	Convertible/Convertible	300SL/560SL			1957-1989	Convertible	300SL/560SL	success	
非皮卡	高度压缩两两组合	Mercedes-Benz	SL-Class/SL-Class	SL-Class	/	/	3M-0	1954-1971/1990-1991	Convertible/Coupe/Convertible	/			1954-1991	Convertible/Coupe		fallback	Mercedes-Benz SL-Class 1972 Convertible 原子事实对应多条候选记录
非皮卡	高度压缩两两组合	Mercedes-Benz	SL-Class/SL-Class	SL-Class	/	/	3M-0	1954-1971/1992-1993	Convertible/Coupe/Convertible	/300 SL			1954-1993	Convertible/Coupe	Incl: 300 SL	fallback	Mercedes-Benz SL-Class 1972 Convertible 原子事实对应多条候选记录
非皮卡	高度压缩两两组合	Mercedes-Benz	SL-Class/SL-Class	SL-Class	/	/	3M-0	1954-1971/1992-1993	Convertible/Coupe/Convertible	/500 SL			1954-1993	Convertible/Coupe	Incl: 500 SL	fallback	Mercedes-Benz SL-Class 1972 Convertible 原子事实对应多条候选记录
非皮卡	高度压缩两两组合	Mercedes-Benz	SL-Class/SL-Class	SL-Class	/	/	3M-0	1954-1971/1993	Convertible/Coupe/Convertible	/600 SL			1954-1993	Convertible/Coupe	Incl: 600 SL	fallback	Mercedes-Benz SL-Class 1972 Convertible 原子事实对应多条候选记录
非皮卡	高度压缩两两组合	Mercedes-Benz	SL-Class/SL-Class	SL-Class	/	/	3M-0	1954-1971/1994-1996	Convertible/Coupe/Convertible	/SL320			1954-1996	Convertible/Coupe	Incl: SL320	fallback	Mercedes-Benz SL-Class 1972 Convertible 原子事实对应多条候选记录
非皮卡	高度压缩两两组合	Mercedes-Benz	SL-Class/SL-Class	SL-Class	/	/	3M-0	1954-1971/1994-1996	Convertible/Coupe/Convertible	/SL500			1954-1996	Convertible/Coupe	Incl: SL500	fallback	Mercedes-Benz SL-Class 1972 Convertible 原子事实对应多条候选记录
非皮卡	高度压缩两两组合	Mercedes-Benz	SL-Class/SL-Class	SL-Class	/	/	3M-0	1954-1971/1994-1996	Convertible/Coupe/Convertible	/SL600			1954-1996	Convertible/Coupe	Incl: SL600	fallback	Mercedes-Benz SL-Class 1972 Convertible 原子事实对应多条候选记录
非皮卡	高度压缩两两组合	Mercedes-Benz	SL-Class/SL-Class	SL-Class	/	/	3M-0	1954-1971/1997-2002	Convertible/Coupe/Convertible	/			1954-2002	Convertible/Coupe		fallback	Mercedes-Benz SL-Class 1972 Convertible 原子事实对应多条候选记录
非皮卡	高度压缩两两组合	Mercedes-Benz	SL-Class/SL-Class	SL-Class	/	/	3L-0	1957-1989/1972-1989	Convertible/Convertible	300SL/560SL/			1957-1989	Convertible	Incl: 300SL/560SL	fallback	Mercedes-Benz SL-Class 1957 Convertible 原子事实对应多条候选记录
非皮卡	高度压缩两两组合	Mercedes-Benz	SL-Class/SL-Class	SL-Class	/	/	3L-0	1957-1989/2003-2020	Convertible/Convertible	300SL/560SL/			1957-2020	Convertible	Incl: 300SL/560SL	fallback	Mercedes-Benz SL-Class 1957 Convertible 原子事实对应多条候选记录
非皮卡	高度压缩两两组合	Mercedes-Benz	SL-Class/SL-Class	SL-Class	/	/	3L-0	1957-1989/2003-2020	Convertible/Convertible	300SL/560SL/AMG			1957-2020	Convertible	300SL/560SL/AMG	success	
非皮卡	高度压缩两两组合	Mercedes-Benz	SL-Class/SL-Class	SL-Class	/	/	3M-0	1954-1971/1990-1991	Convertible/Coupe/Convertible	/			1954-1991	Convertible/Coupe		fallback	Mercedes-Benz SL-Class 1972 Convertible 原子事实对应多条候选记录
非皮卡	高度压缩两两组合	Mercedes-Benz	SL-Class/SL-Class	SL-Class	/	/	3M-0	1954-1971/1992-1993	Convertible/Coupe/Convertible	/300 SL			1954-1993	Convertible/Coupe	Incl: 300 SL	fallback	Mercedes-Benz SL-Class 1972 Convertible 原子事实对应多条候选记录
非皮卡	高度压缩两两组合	Mercedes-Benz	SL-Class/SL-Class	SL-Class	/	/	3M-0	1954-1971/1992-1993	Convertible/Coupe/Convertible	/500 SL			1954-1993	Convertible/Coupe	Incl: 500 SL	fallback	Mercedes-Benz SL-Class 1972 Convertible 原子事实对应多条候选记录
非皮卡	高度压缩两两组合	Mercedes-Benz	SL-Class/SL-Class	SL-Class	/	/	3M-0	1954-1971/1993	Convertible/Coupe/Convertible	/600 SL			1954-1993	Convertible/Coupe	Incl: 600 SL	fallback	Mercedes-Benz SL-Class 1972 Convertible 原子事实对应多条候选记录
非皮卡	高度压缩两两组合	Mercedes-Benz	SL-Class/SL-Class	SL-Class	/	/	3M-0	1954-1971/1994-1996	Convertible/Coupe/Convertible	/SL320			1954-1996	Convertible/Coupe	Incl: SL320	fallback	Mercedes-Benz SL-Class 1972 Convertible 原子事实对应多条候选记录
非皮卡	高度压缩两两组合	Mercedes-Benz	SL-Class/SL-Class	SL-Class	/	/	3M-0	1954-1971/1994-1996	Convertible/Coupe/Convertible	/SL500			1954-1996	Convertible/Coupe	Incl: SL500	fallback	Mercedes-Benz SL-Class 1972 Convertible 原子事实对应多条候选记录
非皮卡	高度压缩两两组合	Mercedes-Benz	SL-Class/SL-Class	SL-Class	/	/	3M-0	1954-1971/1994-1996	Convertible/Coupe/Convertible	/SL600			1954-1996	Convertible/Coupe	Incl: SL600	fallback	Mercedes-Benz SL-Class 1972 Convertible 原子事实对应多条候选记录
非皮卡	高度压缩两两组合	Mercedes-Benz	SL-Class/SL-Class	SL-Class	/	/	3M-0	1954-1971/1997-2002	Convertible/Coupe/Convertible	/			1954-2002	Convertible/Coupe		fallback	Mercedes-Benz SL-Class 1972 Convertible 原子事实对应多条候选记录
非皮卡	高度压缩两两组合	Mercedes-Benz	SL-Class/SL-Class	SL-Class	/	/	3L-0	1957-2020/1972-1989	Convertible/Convertible	300SL/560SL/AMG/			1957-2020	Convertible	Incl: 300SL/560SL/AMG	fallback	Mercedes-Benz SL-Class 1957 Convertible 原子事实对应多条候选记录
非皮卡	高度压缩两两组合	Mercedes-Benz	SL-Class/SL-Class	SL-Class	/	/	3L-0	1957-2020/2003-2020	Convertible/Convertible	300SL/560SL/AMG/			1957-2020	Convertible	Incl: 300SL/560SL/AMG	fallback	Mercedes-Benz SL-Class 1957 Convertible 原子事实对应多条候选记录
非皮卡	高度压缩两两组合	Mercedes-Benz	SL-Class/SL-Class	SL-Class	/	/	3L-0	1972-1989/2003-2020	Convertible/Convertible	/			1972-2020	Convertible		fallback	Mercedes-Benz SL-Class 1990 Convertible 原子事实对应多条候选记录
非皮卡	高度压缩两两组合	Mercedes-Benz	SL-Class/SL-Class	SL-Class	/	/	3M-0	1990-1991/1992-1993	Convertible/Convertible	/300 SL			1990-1993	Convertible	Incl: 300 SL	success	
非皮卡	高度压缩两两组合	Mercedes-Benz	SL-Class/SL-Class	SL-Class	/	/	3M-0	1954-1971/1990-1993	Convertible/Coupe/Convertible	/Incl: 300 SL			1954-1993	Convertible/Coupe	Incl: 300 SL	fallback	Mercedes-Benz SL-Class 1972 Convertible 原子事实对应多条候选记录
非皮卡	高度压缩两两组合	Mercedes-Benz	SL-Class/SL-Class	SL-Class	/	/	3M-0	1954-1971/1992-1993	Convertible/Coupe/Convertible	/500 SL			1954-1993	Convertible/Coupe	Incl: 500 SL	fallback	Mercedes-Benz SL-Class 1972 Convertible 原子事实对应多条候选记录
非皮卡	高度压缩两两组合	Mercedes-Benz	SL-Class/SL-Class	SL-Class	/	/	3M-0	1954-1971/1993	Convertible/Coupe/Convertible	/600 SL			1954-1993	Convertible/Coupe	Incl: 600 SL	fallback	Mercedes-Benz SL-Class 1972 Convertible 原子事实对应多条候选记录
非皮卡	高度压缩两两组合	Mercedes-Benz	SL-Class/SL-Class	SL-Class	/	/	3M-0	1954-1971/1994-1996	Convertible/Coupe/Convertible	/SL320			1954-1996	Convertible/Coupe	Incl: SL320	fallback	Mercedes-Benz SL-Class 1972 Convertible 原子事实对应多条候选记录
非皮卡	高度压缩两两组合	Mercedes-Benz	SL-Class/SL-Class	SL-Class	/	/	3M-0	1954-1971/1994-1996	Convertible/Coupe/Convertible	/SL500			1954-1996	Convertible/Coupe	Incl: SL500	fallback	Mercedes-Benz SL-Class 1972 Convertible 原子事实对应多条候选记录
非皮卡	高度压缩两两组合	Mercedes-Benz	SL-Class/SL-Class	SL-Class	/	/	3M-0	1954-1971/1994-1996	Convertible/Coupe/Convertible	/SL600			1954-1996	Convertible/Coupe	Incl: SL600	fallback	Mercedes-Benz SL-Class 1972 Convertible 原子事实对应多条候选记录
非皮卡	高度压缩两两组合	Mercedes-Benz	SL-Class/SL-Class	SL-Class	/	/	3M-0	1954-1971/1997-2002	Convertible/Coupe/Convertible	/			1954-2002	Convertible/Coupe		fallback	Mercedes-Benz SL-Class 1972 Convertible 原子事实对应多条候选记录
非皮卡	高度压缩两两组合	Mercedes-Benz	SL-Class/SL-Class	SL-Class	/	/	3L-0	1957-2020/1972-1989	Convertible/Convertible	300SL/560SL/AMG/			1957-2020	Convertible	Incl: 300SL/560SL/AMG	fallback	Mercedes-Benz SL-Class 1957 Convertible 原子事实对应多条候选记录
非皮卡	高度压缩两两组合	Mercedes-Benz	SL-Class/SL-Class	SL-Class	/	/	3L-0	1957-2020/2003-2020	Convertible/Convertible	300SL/560SL/AMG/			1957-2020	Convertible	Incl: 300SL/560SL/AMG	fallback	Mercedes-Benz SL-Class 1957 Convertible 原子事实对应多条候选记录
非皮卡	高度压缩两两组合	Mercedes-Benz	SL-Class/SL-Class	SL-Class	/	/	3L-0	1972-1989/2003-2020	Convertible/Convertible	/			1972-2020	Convertible		fallback	Mercedes-Benz SL-Class 1990 Convertible 原子事实对应多条候选记录
非皮卡	高度压缩两两组合	Mercedes-Benz	SL-Class/SL-Class	SL-Class	/	/	3M-0	1990-1993/1992-1993	Convertible/Convertible	Incl: 300 SL/500 SL			1990-1993	Convertible	Incl: 300 SL/500 SL	success	
非皮卡	高度压缩两两组合	Mercedes-Benz	SL-Class/SL-Class	SL-Class	/	/	3M-0	1954-1971/1990-1993	Convertible/Coupe/Convertible	/Incl: 300 SL/500 SL			1954-1993	Convertible/Coupe	Incl: 300 SL/500 SL	fallback	Mercedes-Benz SL-Class 1972 Convertible 原子事实对应多条候选记录
非皮卡	高度压缩两两组合	Mercedes-Benz	SL-Class/SL-Class	SL-Class	/	/	3M-0	1954-1971/1993	Convertible/Coupe/Convertible	/600 SL			1954-1993	Convertible/Coupe	Incl: 600 SL	fallback	Mercedes-Benz SL-Class 1972 Convertible 原子事实对应多条候选记录
非皮卡	高度压缩两两组合	Mercedes-Benz	SL-Class/SL-Class	SL-Class	/	/	3M-0	1954-1971/1994-1996	Convertible/Coupe/Convertible	/SL320			1954-1996	Convertible/Coupe	Incl: SL320	fallback	Mercedes-Benz SL-Class 1972 Convertible 原子事实对应多条候选记录
非皮卡	高度压缩两两组合	Mercedes-Benz	SL-Class/SL-Class	SL-Class	/	/	3M-0	1954-1971/1994-1996	Convertible/Coupe/Convertible	/SL500			1954-1996	Convertible/Coupe	Incl: SL500	fallback	Mercedes-Benz SL-Class 1972 Convertible 原子事实对应多条候选记录
非皮卡	高度压缩两两组合	Mercedes-Benz	SL-Class/SL-Class	SL-Class	/	/	3M-0	1954-1971/1994-1996	Convertible/Coupe/Convertible	/SL600			1954-1996	Convertible/Coupe	Incl: SL600	fallback	Mercedes-Benz SL-Class 1972 Convertible 原子事实对应多条候选记录
非皮卡	高度压缩两两组合	Mercedes-Benz	SL-Class/SL-Class	SL-Class	/	/	3M-0	1954-1971/1997-2002	Convertible/Coupe/Convertible	/			1954-2002	Convertible/Coupe		fallback	Mercedes-Benz SL-Class 1972 Convertible 原子事实对应多条候选记录
非皮卡	高度压缩两两组合	Mercedes-Benz	SL-Class/SL-Class	SL-Class	/	/	3L-0	1957-2020/1972-1989	Convertible/Convertible	300SL/560SL/AMG/			1957-2020	Convertible	Incl: 300SL/560SL/AMG	fallback	Mercedes-Benz SL-Class 1957 Convertible 原子事实对应多条候选记录
非皮卡	高度压缩两两组合	Mercedes-Benz	SL-Class/SL-Class	SL-Class	/	/	3L-0	1957-2020/2003-2020	Convertible/Convertible	300SL/560SL/AMG/			1957-2020	Convertible	Incl: 300SL/560SL/AMG	fallback	Mercedes-Benz SL-Class 1957 Convertible 原子事实对应多条候选记录
非皮卡	高度压缩两两组合	Mercedes-Benz	SL-Class/SL-Class	SL-Class	/	/	3L-0	1972-1989/2003-2020	Convertible/Convertible	/			1972-2020	Convertible		fallback	Mercedes-Benz SL-Class 1990 Convertible 原子事实对应多条候选记录
非皮卡	高度压缩两两组合	Mercedes-Benz	SL-Class/SL-Class	SL-Class	/	/	3M-0	1990-1993/1993	Convertible/Convertible	Incl: 300 SL/500 SL/600 SL			1990-1993	Convertible	Incl: 300 SL/500 SL/600 SL	success	
非皮卡	高度压缩两两组合	Mercedes-Benz	SL-Class/SL-Class	SL-Class	/	/	3M-0	1954-1971/1990-1993	Convertible/Coupe/Convertible	/Incl: 300 SL/500 SL/600 SL			1954-1993	Convertible/Coupe	Incl: 300 SL/500 SL/600 SL	fallback	Mercedes-Benz SL-Class 1972 Convertible 原子事实对应多条候选记录
非皮卡	高度压缩两两组合	Mercedes-Benz	SL-Class/SL-Class	SL-Class	/	/	3M-0	1954-1971/1994-1996	Convertible/Coupe/Convertible	/SL320			1954-1996	Convertible/Coupe	Incl: SL320	fallback	Mercedes-Benz SL-Class 1972 Convertible 原子事实对应多条候选记录
非皮卡	高度压缩两两组合	Mercedes-Benz	SL-Class/SL-Class	SL-Class	/	/	3M-0	1954-1971/1994-1996	Convertible/Coupe/Convertible	/SL500			1954-1996	Convertible/Coupe	Incl: SL500	fallback	Mercedes-Benz SL-Class 1972 Convertible 原子事实对应多条候选记录
非皮卡	高度压缩两两组合	Mercedes-Benz	SL-Class/SL-Class	SL-Class	/	/	3M-0	1954-1971/1994-1996	Convertible/Coupe/Convertible	/SL600			1954-1996	Convertible/Coupe	Incl: SL600	fallback	Mercedes-Benz SL-Class 1972 Convertible 原子事实对应多条候选记录
非皮卡	高度压缩两两组合	Mercedes-Benz	SL-Class/SL-Class	SL-Class	/	/	3M-0	1954-1971/1997-2002	Convertible/Coupe/Convertible	/			1954-2002	Convertible/Coupe		fallback	Mercedes-Benz SL-Class 1972 Convertible 原子事实对应多条候选记录
非皮卡	高度压缩两两组合	Mercedes-Benz	SL-Class/SL-Class	SL-Class	/	/	3L-0	1957-2020/1972-1989	Convertible/Convertible	300SL/560SL/AMG/			1957-2020	Convertible	Incl: 300SL/560SL/AMG	fallback	Mercedes-Benz SL-Class 1957 Convertible 原子事实对应多条候选记录
非皮卡	高度压缩两两组合	Mercedes-Benz	SL-Class/SL-Class	SL-Class	/	/	3L-0	1957-2020/2003-2020	Convertible/Convertible	300SL/560SL/AMG/			1957-2020	Convertible	Incl: 300SL/560SL/AMG	fallback	Mercedes-Benz SL-Class 1957 Convertible 原子事实对应多条候选记录
非皮卡	高度压缩两两组合	Mercedes-Benz	SL-Class/SL-Class	SL-Class	/	/	3L-0	1972-1989/2003-2020	Convertible/Convertible	/			1972-2020	Convertible		fallback	Mercedes-Benz SL-Class 1990 Convertible 原子事实对应多条候选记录
非皮卡	高度压缩两两组合	Mercedes-Benz	SL-Class/SL-Class	SL-Class	/	/	3M-0	1990-1993/1994-1996	Convertible/Convertible	Incl: 300 SL/500 SL/600 SL/SL320			1990-1996	Convertible	Incl: 300 SL/500 SL/600 SL/SL320	success	
非皮卡	高度压缩两两组合	Mercedes-Benz	SL-Class/SL-Class	SL-Class	/	/	3M-0	1954-1971/1990-1996	Convertible/Coupe/Convertible	/Incl: 300 SL/500 SL/600 SL/SL320			1954-1996	Convertible/Coupe	Incl: 300 SL/500 SL/600 SL/SL320	fallback	Mercedes-Benz SL-Class 1972 Convertible 原子事实对应多条候选记录
非皮卡	高度压缩两两组合	Mercedes-Benz	SL-Class/SL-Class	SL-Class	/	/	3M-0	1954-1971/1994-1996	Convertible/Coupe/Convertible	/SL500			1954-1996	Convertible/Coupe	Incl: SL500	fallback	Mercedes-Benz SL-Class 1972 Convertible 原子事实对应多条候选记录
非皮卡	高度压缩两两组合	Mercedes-Benz	SL-Class/SL-Class	SL-Class	/	/	3M-0	1954-1971/1994-1996	Convertible/Coupe/Convertible	/SL600			1954-1996	Convertible/Coupe	Incl: SL600	fallback	Mercedes-Benz SL-Class 1972 Convertible 原子事实对应多条候选记录
非皮卡	高度压缩两两组合	Mercedes-Benz	SL-Class/SL-Class	SL-Class	/	/	3M-0	1954-1971/1997-2002	Convertible/Coupe/Convertible	/			1954-2002	Convertible/Coupe		fallback	Mercedes-Benz SL-Class 1972 Convertible 原子事实对应多条候选记录
非皮卡	高度压缩两两组合	Mercedes-Benz	SL-Class/SL-Class	SL-Class	/	/	3L-0	1957-2020/1972-1989	Convertible/Convertible	300SL/560SL/AMG/			1957-2020	Convertible	Incl: 300SL/560SL/AMG	fallback	Mercedes-Benz SL-Class 1957 Convertible 原子事实对应多条候选记录
非皮卡	高度压缩两两组合	Mercedes-Benz	SL-Class/SL-Class	SL-Class	/	/	3L-0	1957-2020/2003-2020	Convertible/Convertible	300SL/560SL/AMG/			1957-2020	Convertible	Incl: 300SL/560SL/AMG	fallback	Mercedes-Benz SL-Class 1957 Convertible 原子事实对应多条候选记录
非皮卡	高度压缩两两组合	Mercedes-Benz	SL-Class/SL-Class	SL-Class	/	/	3L-0	1972-1989/2003-2020	Convertible/Convertible	/			1972-2020	Convertible		fallback	Mercedes-Benz SL-Class 1990 Convertible 原子事实对应多条候选记录
非皮卡	高度压缩两两组合	Mercedes-Benz	SL-Class/SL-Class	SL-Class	/	/	3M-0	1990-1996/1994-1996	Convertible/Convertible	Incl: 300 SL/500 SL/600 SL/SL320/SL500			1990-1996	Convertible	Incl: 300 SL/500 SL/600 SL/SL320/SL500	success	
非皮卡	高度压缩两两组合	Mercedes-Benz	SL-Class/SL-Class	SL-Class	/	/	3M-0	1954-1971/1990-1996	Convertible/Coupe/Convertible	/Incl: 300 SL/500 SL/600 SL/SL320/SL500			1954-1996	Convertible/Coupe	Incl: 300 SL/500 SL/600 SL/SL320/SL500	fallback	Mercedes-Benz SL-Class 1972 Convertible 原子事实对应多条候选记录
非皮卡	高度压缩两两组合	Mercedes-Benz	SL-Class/SL-Class	SL-Class	/	/	3M-0	1954-1971/1994-1996	Convertible/Coupe/Convertible	/SL600			1954-1996	Convertible/Coupe	Incl: SL600	fallback	Mercedes-Benz SL-Class 1972 Convertible 原子事实对应多条候选记录
非皮卡	高度压缩两两组合	Mercedes-Benz	SL-Class/SL-Class	SL-Class	/	/	3M-0	1954-1971/1997-2002	Convertible/Coupe/Convertible	/			1954-2002	Convertible/Coupe		fallback	Mercedes-Benz SL-Class 1972 Convertible 原子事实对应多条候选记录
非皮卡	高度压缩两两组合	Mercedes-Benz	SL-Class/SL-Class	SL-Class	/	/	3L-0	1957-2020/1972-1989	Convertible/Convertible	300SL/560SL/AMG/			1957-2020	Convertible	Incl: 300SL/560SL/AMG	fallback	Mercedes-Benz SL-Class 1957 Convertible 原子事实对应多条候选记录
非皮卡	高度压缩两两组合	Mercedes-Benz	SL-Class/SL-Class	SL-Class	/	/	3L-0	1957-2020/2003-2020	Convertible/Convertible	300SL/560SL/AMG/			1957-2020	Convertible	Incl: 300SL/560SL/AMG	fallback	Mercedes-Benz SL-Class 1957 Convertible 原子事实对应多条候选记录
非皮卡	高度压缩两两组合	Mercedes-Benz	SL-Class/SL-Class	SL-Class	/	/	3L-0	1972-1989/2003-2020	Convertible/Convertible	/			1972-2020	Convertible		fallback	Mercedes-Benz SL-Class 1990 Convertible 原子事实对应多条候选记录
非皮卡	高度压缩两两组合	Mercedes-Benz	SL-Class/SL-Class	SL-Class	/	/	3M-0	1990-1996/1994-1996	Convertible/Convertible	Incl: 300 SL/500 SL/600 SL/SL320/SL500/SL600			1990-1996	Convertible	Incl: 300 SL/500 SL/600 SL/SL320/SL500/SL600	success	
非皮卡	高度压缩两两组合	Mercedes-Benz	SL-Class/SL-Class	SL-Class	/	/	3M-0	1954-1971/1990-1996	Convertible/Coupe/Convertible	/Incl: 300 SL/500 SL/600 SL/SL320/SL500/SL600			1954-1996	Convertible/Coupe	Incl: 300 SL/500 SL/600 SL/SL320/SL500/SL600	fallback	Mercedes-Benz SL-Class 1972 Convertible 原子事实对应多条候选记录
非皮卡	高度压缩两两组合	Mercedes-Benz	SL-Class/SL-Class	SL-Class	/	/	3M-0	1954-1971/1997-2002	Convertible/Coupe/Convertible	/			1954-2002	Convertible/Coupe		fallback	Mercedes-Benz SL-Class 1972 Convertible 原子事实对应多条候选记录
非皮卡	高度压缩两两组合	Mercedes-Benz	SL-Class/SL-Class	SL-Class	/	/	3L-0	1957-2020/1972-1989	Convertible/Convertible	300SL/560SL/AMG/			1957-2020	Convertible	Incl: 300SL/560SL/AMG	fallback	Mercedes-Benz SL-Class 1957 Convertible 原子事实对应多条候选记录
非皮卡	高度压缩两两组合	Mercedes-Benz	SL-Class/SL-Class	SL-Class	/	/	3L-0	1957-2020/2003-2020	Convertible/Convertible	300SL/560SL/AMG/			1957-2020	Convertible	Incl: 300SL/560SL/AMG	fallback	Mercedes-Benz SL-Class 1957 Convertible 原子事实对应多条候选记录
非皮卡	高度压缩两两组合	Mercedes-Benz	SL-Class/SL-Class	SL-Class	/	/	3L-0	1972-1989/2003-2020	Convertible/Convertible	/			1972-2020	Convertible		fallback	Mercedes-Benz SL-Class 1990 Convertible 原子事实对应多条候选记录
非皮卡	高度压缩两两组合	Mercedes-Benz	SL-Class/SL-Class	SL-Class	/	/	3M-0	1990-1996/1997-2002	Convertible/Convertible	Incl: 300 SL/500 SL/600 SL/SL320/SL500/SL600/			1990-2002	Convertible	Incl: 300 SL/500 SL/600 SL/SL320/SL500/SL600	success	
非皮卡	高度压缩两两组合	Mercedes-Benz	SL-Class/SL-Class	SL-Class	/	/	3M-0	1954-1971/1990-2002	Convertible/Coupe/Convertible	/Incl: 300 SL/500 SL/600 SL/SL320/SL500/SL600			1954-2002	Convertible/Coupe	Incl: 300 SL/500 SL/600 SL/SL320/SL500/SL600	fallback	Mercedes-Benz SL-Class 1972 Convertible 原子事实对应多条候选记录
非皮卡	高度压缩两两组合	Mercedes-Benz	SL-Class/SL-Class	SL-Class	/	/	3L-0	1957-2020/1972-1989	Convertible/Convertible	300SL/560SL/AMG/			1957-2020	Convertible	Incl: 300SL/560SL/AMG	fallback	Mercedes-Benz SL-Class 1957 Convertible 原子事实对应多条候选记录
非皮卡	高度压缩两两组合	Mercedes-Benz	SL-Class/SL-Class	SL-Class	/	/	3L-0	1957-2020/2003-2020	Convertible/Convertible	300SL/560SL/AMG/			1957-2020	Convertible	Incl: 300SL/560SL/AMG	fallback	Mercedes-Benz SL-Class 1957 Convertible 原子事实对应多条候选记录
非皮卡	高度压缩两两组合	Mercedes-Benz	SL-Class/SL-Class	SL-Class	/	/	3L-0	1972-1989/2003-2020	Convertible/Convertible	/			1972-2020	Convertible		fallback	Mercedes-Benz SL-Class 1990 Convertible 原子事实对应多条候选记录
非皮卡	高度压缩两两组合	Mercedes-Benz	SL-Class/SL-Class	SL-Class	/	/	3XL-0	2022-2026/2026	Convertible/Convertible	AMG/			2022-2026	Convertible	Incl: AMG	success	
非皮卡	高度压缩两两组合	Mercedes-Benz	SL-Class/SL-Class	SL-Class	/	/	3M-0	1954-1971/1990-2002	Convertible/Coupe/Convertible	/Incl: 300 SL/500 SL/600 SL/SL320/SL500/SL600			1954-2002	Convertible/Coupe	Incl: 300 SL/500 SL/600 SL/SL320/SL500/SL600	fallback	Mercedes-Benz SL-Class 1972 Convertible 原子事实对应多条候选记录
非皮卡	高度压缩两两组合	Mercedes-Benz	SL-Class/SL-Class	SL-Class	/	/	3L-0	1957-2020/1972-1989	Convertible/Convertible	300SL/560SL/AMG/			1957-2020	Convertible	Incl: 300SL/560SL/AMG	fallback	Mercedes-Benz SL-Class 1957 Convertible 原子事实对应多条候选记录
非皮卡	高度压缩两两组合	Mercedes-Benz	SL-Class/SL-Class	SL-Class	/	/	3L-0	1957-2020/2003-2020	Convertible/Convertible	300SL/560SL/AMG/			1957-2020	Convertible	Incl: 300SL/560SL/AMG	fallback	Mercedes-Benz SL-Class 1957 Convertible 原子事实对应多条候选记录
非皮卡	高度压缩两两组合	Mercedes-Benz	SL-Class/SL-Class	SL-Class	/	/	3L-0	1972-1989/2003-2020	Convertible/Convertible	/			1972-2020	Convertible		fallback	Mercedes-Benz SL-Class 1990 Convertible 原子事实对应多条候选记录
非皮卡	高度压缩两两组合	Mercedes-Benz	SLC-Class/SLC-Class	SLC-Class	/	/	3S-0	2017-2020/2017-2020	Convertible/Convertible	/AMG			2017-2020	Convertible	Incl: AMG	success	
非皮卡	高度压缩两两组合	Mercedes-Benz	SLK-Class/SLK-Class	SLK-Class	/	/	3S-0	1998-2016/2002-2011	Convertible/Convertible	/AMG			1998-2016	Convertible	Incl: AMG	success	
非皮卡	高度压缩两两组合	Mercury	Cougar/Cougar	Cougar	/	/	3XL-0	1967-1970/1969-1970	Coupe/Convertible	/			1967-1970	Convertible/Coupe		success	
非皮卡	高度压缩两两组合	Mercury	Cougar/Cougar	Cougar	/	/	3XL+0	1971-1973/1971-1973	Convertible/Coupe	/			1971-1973	Convertible/Coupe		success	
非皮卡	高度压缩两两组合	Mercury	Cougar/Cougar	Cougar	/	/	3XL+0	1971-1973/1980-1997	Convertible/Coupe/Coupe	/			1971-1997	Convertible/Coupe		fallback	Mercury Cougar 1977 Coupe 原子事实对应多条候选记录
非皮卡	高度压缩两两组合	Mercury	Cougar/Cougar	Cougar	/	/	3XXXL-0	1974-1976/1977-1979	Coupe/Coupe	XR-7/			1974-1979	Coupe	Incl: XR-7	success	
非皮卡	高度压缩两两组合	Mercury	Cougar/Cougar	Cougar	/	/	3XL+0	1971-1973/1980-1997	Convertible/Coupe/Coupe	/			1971-1997	Convertible/Coupe		fallback	Mercury Cougar 1977 Coupe 原子事实对应多条候选记录
非皮卡	高度压缩两两组合	Mercury	Marquis/Marquis	Marquis	/	/	3XXXXL-0	1967-1973/1969-1978	Coupe/Sedan	/			1967-1978	Coupe/Sedan		fallback	Mercury Marquis 1975 Coupe 原子事实对应多条候选记录
非皮卡	高度压缩两两组合	Mercury	Marquis/Marquis	Marquis	/	/	3XXXXL-0	1967-1973/1975-1978	Coupe/Coupe	/			1967-1978	Coupe		success	
非皮卡	高度压缩两两组合	Mercury	Marquis/Marquis	Marquis	/	/	3XXXXL-0	1967-1978/1969-1978	Coupe/Sedan	/			1967-1978	Coupe/Sedan		success	
非皮卡	高度压缩两两组合	Mercury	Monterey/Monterey	Monterey	/	/	3XL+0	1952-1953/1952-1953	Convertible/Coupe	/			1952-1953	Convertible/Coupe		success	
非皮卡	高度压缩两两组合	Mercury	Monterey/Monterey	Monterey	/	/	2XXL-525	1952-1954/2004-2007	Wagon/MPV	/			1952-2007	MPV/Wagon		fallback	Mercury Monterey 1955 Wagon 原子事实对应多条候选记录
非皮卡	高度压缩两两组合	Mercury	Monterey/Monterey	Monterey	/	/	3XXL-0	1954/1954-1956	Convertible/Coupe	/			1954-1956	Convertible/Coupe		success	
非皮卡	高度压缩两两组合	Mercury	Monterey/Monterey	Monterey	/	/	2XXL-525	1952-1954/2004-2007	Wagon/MPV	/			1952-2007	MPV/Wagon		fallback	Mercury Monterey 1955 Wagon 原子事实对应多条候选记录
非皮卡	高度压缩两两组合	Mercury	Monterey/Monterey	Monterey	/	/	无可用尺码	1955-1956/1955-1956	Hatchback/Wagon	/			1955-1956	Hatchback/Wagon		success	
非皮卡	高度压缩两两组合	Mercury	Monterey/Monterey	Monterey	/	/	2XXL-525	1952-1954/2004-2007	Wagon/MPV	/			1952-2007	MPV/Wagon		fallback	Mercury Monterey 1955 Wagon 原子事实对应多条候选记录
非皮卡	高度压缩两两组合	Mercury	Monterey/Monterey	Monterey	/	/	无可用尺码	1955-1956/1959-1960	Hatchback/Wagon/Wagon	/			1955-1960	Hatchback/Wagon		success	
非皮卡	高度压缩两两组合	Mercury	Monterey/Monterey	Monterey	/	/	2XXL-525	1952-1954/2004-2007	Wagon/MPV	/			1952-2007	MPV/Wagon		fallback	Mercury Monterey 1955 Wagon 原子事实对应多条候选记录
非皮卡	高度压缩两两组合	Mercury	Monterey/Monterey	Monterey	/	/	无可用尺码	1955-1960/1969-1974	Hatchback/Wagon/Wagon	/			1955-1974	Hatchback/Wagon		success	
非皮卡	高度压缩两两组合	Mercury	Monterey/Monterey	Monterey	/	/	2XXL-525	1952-1954/2004-2007	Wagon/MPV	/			1952-2007	MPV/Wagon		fallback	Mercury Monterey 1955 Wagon 原子事实对应多条候选记录
非皮卡	高度压缩两两组合	Mercury	Monterey/Monterey	Monterey	/	/	3XXXL	1957-1958/1961-1964	Sedan/Sedan	/			1957-1964	Sedan		fallback	Mercury Monterey 1959 Sedan 原子事实对应多条候选记录
非皮卡	高度压缩两两组合	Mercury	Monterey/Monterey	Monterey	/	/	3XXXL-0	1957-1958/1961-1964	Coupe/Convertible	/			1957-1964	Convertible/Coupe		fallback	Mercury Monterey 1959 Coupe 原子事实对应多条候选记录
非皮卡	高度压缩两两组合	Mercury	Monterey/Monterey	Monterey	/	/	3XXXL-0	1957-1958/1961-1964	Coupe/Coupe	/			1957-1964	Coupe		fallback	Mercury Monterey 1959 Coupe 原子事实对应多条候选记录
非皮卡	高度压缩两两组合	Mercury	Monterey/Monterey	Monterey	/	/	3XXXXL-0	1959-1960/1959-1960	Coupe/Sedan	/			1959-1960	Coupe/Sedan		success	
非皮卡	高度压缩两两组合	Mercury	Monterey/Monterey	Monterey	/	/	2XXL-525	1952-1954/2004-2007	Wagon/MPV	/			1952-2007	MPV/Wagon		fallback	Mercury Monterey 1955 Wagon 原子事实对应多条候选记录
非皮卡	高度压缩两两组合	Mercury	Monterey/Monterey	Monterey	/	/	3XXXL	1957-1958/1961-1964	Sedan/Sedan	/			1957-1964	Sedan		fallback	Mercury Monterey 1959 Sedan 原子事实对应多条候选记录
非皮卡	高度压缩两两组合	Mercury	Monterey/Monterey	Monterey	/	/	3XXXL-0	1957-1958/1961-1964	Coupe/Convertible	/			1957-1964	Convertible/Coupe		fallback	Mercury Monterey 1959 Coupe 原子事实对应多条候选记录
非皮卡	高度压缩两两组合	Mercury	Monterey/Monterey	Monterey	/	/	3XXXL-0	1957-1958/1961-1964	Coupe/Coupe	/			1957-1964	Coupe		fallback	Mercury Monterey 1959 Coupe 原子事实对应多条候选记录
非皮卡	高度压缩两两组合	Mercury	Monterey/Monterey	Monterey	/	/	3XXXXL-0	1959-1960/1965-1968	Coupe/Sedan/Convertible	/			1959-1968	Convertible/Coupe/Sedan		fallback	Mercury Monterey 1961 Sedan 原子事实对应多条候选记录
非皮卡	高度压缩两两组合	Mercury	Monterey/Monterey	Monterey	/	/	3XXXXL-0	1959-1960/1965-1974	Coupe/Sedan/Coupe	/			1959-1974	Coupe/Sedan		fallback	Mercury Monterey 1961 Sedan 原子事实对应多条候选记录
非皮卡	高度压缩两两组合	Mercury	Monterey/Monterey	Monterey	/	/	3XXXXL-0	1959-1960/1965-1974	Coupe/Sedan/Sedan	/			1959-1974	Coupe/Sedan		fallback	Mercury Monterey 1961 Sedan 原子事实对应多条候选记录
非皮卡	高度压缩两两组合	Mercury	Monterey/Monterey	Monterey	/	/	3XXXL-0	1961-1964/1961-1964	Convertible/Coupe	/			1961-1964	Convertible/Coupe		success	
非皮卡	高度压缩两两组合	Mercury	Monterey/Monterey	Monterey	/	/	2XXL-525	1952-1954/2004-2007	Wagon/MPV	/			1952-2007	MPV/Wagon		fallback	Mercury Monterey 1955 Wagon 原子事实对应多条候选记录
非皮卡	高度压缩两两组合	Mercury	Monterey/Monterey	Monterey	/	/	3XXXL	1957-1958/1961-1964	Sedan/Sedan	/			1957-1964	Sedan		fallback	Mercury Monterey 1959 Sedan 原子事实对应多条候选记录
非皮卡	高度压缩两两组合	Mercury	Monterey/Monterey	Monterey	/	/	3XXXL-0	1957-1958/1961-1964	Coupe/Convertible/Coupe	/			1957-1964	Convertible/Coupe		fallback	Mercury Monterey 1959 Coupe 原子事实对应多条候选记录
非皮卡	高度压缩两两组合	Mercury	Monterey/Monterey	Monterey	/	/	3XXXXL-0	1959-1960/1965-1968	Coupe/Sedan/Convertible	/			1959-1968	Convertible/Coupe/Sedan		fallback	Mercury Monterey 1961 Sedan 原子事实对应多条候选记录
非皮卡	高度压缩两两组合	Mercury	Monterey/Monterey	Monterey	/	/	3XXXXL-0	1959-1960/1965-1974	Coupe/Sedan/Coupe	/			1959-1974	Coupe/Sedan		fallback	Mercury Monterey 1961 Sedan 原子事实对应多条候选记录
非皮卡	高度压缩两两组合	Mercury	Monterey/Monterey	Monterey	/	/	3XXXXL-0	1959-1960/1965-1974	Coupe/Sedan/Sedan	/			1959-1974	Coupe/Sedan		fallback	Mercury Monterey 1961 Sedan 原子事实对应多条候选记录
非皮卡	高度压缩两两组合	Mercury	Monterey/Monterey	Monterey	/	/	3XXXXL-0	1965-1968/1965-1974	Convertible/Coupe	/			1965-1974	Convertible/Coupe		success	
非皮卡	高度压缩两两组合	Mercury	Monterey/Monterey	Monterey	/	/	2XXL-525	1952-1954/2004-2007	Wagon/MPV	/			1952-2007	MPV/Wagon		fallback	Mercury Monterey 1955 Wagon 原子事实对应多条候选记录
非皮卡	高度压缩两两组合	Mercury	Monterey/Monterey	Monterey	/	/	3XXXL	1957-1958/1961-1964	Sedan/Sedan	/			1957-1964	Sedan		fallback	Mercury Monterey 1959 Sedan 原子事实对应多条候选记录
非皮卡	高度压缩两两组合	Mercury	Monterey/Monterey	Monterey	/	/	3XXXL-0	1957-1958/1961-1964	Coupe/Convertible/Coupe	/			1957-1964	Convertible/Coupe		fallback	Mercury Monterey 1959 Coupe 原子事实对应多条候选记录
非皮卡	高度压缩两两组合	Mercury	Monterey/Monterey	Monterey	/	/	3XXXXL-0	1959-1960/1965-1974	Coupe/Sedan/Convertible/Coupe	/			1959-1974	Convertible/Coupe/Sedan		fallback	Mercury Monterey 1961 Sedan 原子事实对应多条候选记录
非皮卡	高度压缩两两组合	Mercury	Monterey/Monterey	Monterey	/	/	3XXXXL-0	1959-1960/1965-1974	Coupe/Sedan/Sedan	/			1959-1974	Coupe/Sedan		fallback	Mercury Monterey 1961 Sedan 原子事实对应多条候选记录
非皮卡	高度压缩两两组合	Mercury	Monterey/Monterey	Monterey	/	/	3XXXXL-0	1965-1974/1965-1974	Convertible/Coupe/Sedan	/			1965-1974	Convertible/Coupe/Sedan		success	
非皮卡	高度压缩两两组合	Mercury	Monterey/Monterey	Monterey	/	/	2XXL-525	1952-1954/2004-2007	Wagon/MPV	/			1952-2007	MPV/Wagon		fallback	Mercury Monterey 1955 Wagon 原子事实对应多条候选记录
非皮卡	高度压缩两两组合	Mercury	Monterey/Monterey	Monterey	/	/	3XXXL	1957-1958/1961-1964	Sedan/Sedan	/			1957-1964	Sedan		fallback	Mercury Monterey 1959 Sedan 原子事实对应多条候选记录
非皮卡	高度压缩两两组合	Mercury	Monterey/Monterey	Monterey	/	/	3XXXL-0	1957-1958/1961-1964	Coupe/Convertible/Coupe	/			1957-1964	Convertible/Coupe		fallback	Mercury Monterey 1959 Coupe 原子事实对应多条候选记录
非皮卡	高度压缩两两组合	Mercury	Monterey/Monterey	Monterey	/	/	3XXXXL-0	1959-1960/1965-1974	Coupe/Sedan/Convertible/Coupe/Sedan	/			1959-1974	Convertible/Coupe/Sedan		fallback	Mercury Monterey 1961 Sedan 原子事实对应多条候选记录
非皮卡	高度压缩两两组合	Mercury	Sable/Sable	Sable	/	/	3XL+	1986-2005/2008-2009	Sedan/Sedan	/			1986-2009	Sedan		success	
非皮卡	高度压缩两两组合	Mercury	Tracer/Tracer	Tracer	/	/	2L+	1991-1994/1997-1999	Wagon/Wagon	/			1991-1999	Wagon		success	
非皮卡	高度压缩两两组合	Mitsubishi	3000GT/3000GT	3000GT	/	/	3L-0	1991-1999/1995-1996	Coupe/Convertible	/			1991-1999	Convertible/Coupe		success	
非皮卡	高度压缩两两组合	Mitsubishi	Eclipse/Eclipse	Eclipse	/	/	3M-0	1990-1998/1996-1999	Coupe/Convertible	/			1990-1999	Convertible/Coupe		success	
非皮卡	高度压缩两两组合	Mitsubishi	Eclipse/Eclipse	Eclipse	/	/	3M-0	1990-1999/2000-2005	Convertible/Coupe/Coupe	/			1990-2005	Convertible/Coupe		success	
非皮卡	高度压缩两两组合	Mitsubishi	Eclipse/Eclipse	Eclipse	/	/	3M-0	1990-2005/2001-2005	Convertible/Coupe/Convertible	/Spyder			1990-2005	Convertible/Coupe	Incl: Spyder	success	
非皮卡	高度压缩两两组合	Mitsubishi	Eclipse/Eclipse	Eclipse	/	/	3L-0	2006-2012/2007-2012	Coupe/Convertible	/			2006-2012	Convertible/Coupe		success	
非皮卡	高度压缩两两组合	Mitsubishi	Eclipse/Eclipse	Eclipse	/	/	3L-0	2006-2012/2007-2012	Convertible/Coupe/Convertible	/Spyder			2006-2012	Convertible/Coupe	Incl: Spyder	success	
非皮卡	高度压缩两两组合	Mitsubishi	Eclipse Cross/Eclipse Cross	Eclipse Cross	/	/	YM+	2018-2020/2022-2026	Crossover/Crossover	/			2018-2026	Crossover		success	
非皮卡	高度压缩两两组合	Mitsubishi	Lancer/Lancer	Lancer	/	/	3L	2004-2010/2015-2017	Sedan/Sedan	/			2004-2017	Sedan		success	
非皮卡	高度压缩两两组合	Mitsubishi	Mirage/Mirage	Mirage	/	/	2M	2014-2015/2017-2024	Hatchback/Hatchback	/			2014-2024	Hatchback		success	
非皮卡	高度压缩两两组合	Mitsubishi	Montero/Montero	Montero	/	/	YL	1989/1990	SUV/SUV	4dr LWB/4dr LS LWB			1989-1990	SUV	4dr LS LWB/4dr LWB	success	
非皮卡	高度压缩两两组合	Mitsubishi	Montero/Montero	Montero	/	/	YL	1989-1990/1991	SUV/SUV	4dr LS LWB/4dr LWB/4dr LWB			1989-1991	SUV	4dr LS LWB/4dr LWB	success	
非皮卡	高度压缩两两组合	Mitsubishi	Montero/Montero	Montero	/	/	YL	1989-1991/1992-1997	SUV/SUV	4dr LS LWB/4dr LWB/			1989-1997	SUV	Incl: 4dr LS LWB/4dr LWB	success	
非皮卡	高度压缩两两组合	Mitsubishi	Montero/Montero	Montero	/	/	YL	1989-1997/1999-2000	SUV/SUV	Incl: 4dr LS LWB/4dr LWB/			1989-2000	SUV	Incl: 4dr LS LWB/4dr LWB	success	
非皮卡	高度压缩两两组合	Mitsubishi	i-MiEV/i-MiEV	i-MiEV	/	/	2M	2012/2014	Hatchback/Hatchback	/			2012-2014	Hatchback		success	
非皮卡	高度压缩两两组合	Mitsubishi	i-MiEV/i-MiEV	i-MiEV	/	/	2M	2012-2014/2016-2017	Hatchback/Hatchback	/			2012-2017	Hatchback		success	
非皮卡	高度压缩两两组合	Nissan	240SX/240SX	240SX	/	/	2L+	1989-1992/1989-1993	Hatchback/Hatchback	/Fastback			1989-1993	Hatchback	Incl: Fastback	success	
非皮卡	高度压缩两两组合	Nissan	240SX/240SX	240SX	/	/	3M-0	1989-1993/1992-1994	Coupe/Convertible	/			1989-1994	Convertible/Coupe		success	
非皮卡	高度压缩两两组合	Nissan	240SX/240SX	240SX	/	/	3M-0	1989-1994/1995-1998	Convertible/Coupe/Coupe	/			1989-1998	Convertible/Coupe		success	
非皮卡	高度压缩两两组合	Nissan	300ZX/300ZX	300ZX	/	/	3M-0	1984-1985/1990-1992	Coupe/Coupe	/			1984-1992	Coupe		fallback	Nissan 300ZX 1986 Coupe 原子事实对应多条候选记录
非皮卡	高度压缩两两组合	Nissan	300ZX/300ZX	300ZX	/	/	3M-0	1984-1985/1990-1996	Coupe/Convertible	/			1984-1996	Convertible/Coupe		fallback	Nissan 300ZX 1986 Coupe 原子事实对应多条候选记录
非皮卡	高度压缩两两组合	Nissan	300ZX/300ZX	300ZX	/	/	3M-0	1984-1985/1990-1996	Coupe/Coupe	/2+2			1984-1996	Coupe	Incl: 2+2	fallback	Nissan 300ZX 1986 Coupe 原子事实对应多条候选记录
非皮卡	高度压缩两两组合	Nissan	300ZX/300ZX	300ZX	/	/	3M-0	1984-1985/1993-1994	Coupe/Coupe	/2+2 Coupe			1984-1994	Coupe	Incl: 2+2 Coupe	fallback	Nissan 300ZX 1986 Coupe 原子事实对应多条候选记录
非皮卡	高度压缩两两组合	Nissan	300ZX/300ZX	300ZX	/	/	3M-0	1984-1985/1993-1994	Coupe/Coupe	/2-Seater			1984-1994	Coupe	Incl: 2-Seater	fallback	Nissan 300ZX 1986 Coupe 原子事实对应多条候选记录
非皮卡	高度压缩两两组合	Nissan	300ZX/300ZX	300ZX	/	/	3M-0	1984-1985/1995-1996	Coupe/Coupe	/			1984-1996	Coupe		fallback	Nissan 300ZX 1986 Coupe 原子事实对应多条候选记录
非皮卡	高度压缩两两组合	Nissan	300ZX/300ZX	300ZX	/	/	3M-0	1990-1992/1990-1996	Coupe/Convertible	/			1990-1996	Convertible/Coupe		fallback	Nissan 300ZX 1995 Coupe 原子事实对应多条候选记录
非皮卡	高度压缩两两组合	Nissan	300ZX/300ZX	300ZX	/	/	3M-0	1990-1992/1990-1996	Coupe/Coupe	/2+2			1990-1996	Coupe	Incl: 2+2	fallback	Nissan 300ZX 1995 Coupe 原子事实对应多条候选记录
非皮卡	高度压缩两两组合	Nissan	300ZX/300ZX	300ZX	/	/	3M-0	1990-1992/1993-1994	Coupe/Coupe	/2+2 Coupe			1990-1994	Coupe	Incl: 2+2 Coupe	success	
非皮卡	高度压缩两两组合	Nissan	300ZX/300ZX	300ZX	/	/	3M-0	1984-1985/1990-1994	Coupe/Coupe	/Incl: 2+2 Coupe			1984-1994	Coupe	Incl: 2+2 Coupe	fallback	Nissan 300ZX 1986 Coupe 原子事实对应多条候选记录
非皮卡	高度压缩两两组合	Nissan	300ZX/300ZX	300ZX	/	/	3M-0	1984-1985/1990-1996	Coupe/Convertible	/			1984-1996	Convertible/Coupe		fallback	Nissan 300ZX 1986 Coupe 原子事实对应多条候选记录
非皮卡	高度压缩两两组合	Nissan	300ZX/300ZX	300ZX	/	/	3M-0	1984-1985/1990-1996	Coupe/Coupe	/2+2			1984-1996	Coupe	Incl: 2+2	fallback	Nissan 300ZX 1986 Coupe 原子事实对应多条候选记录
非皮卡	高度压缩两两组合	Nissan	300ZX/300ZX	300ZX	/	/	3M-0	1984-1985/1993-1994	Coupe/Coupe	/2-Seater			1984-1994	Coupe	Incl: 2-Seater	fallback	Nissan 300ZX 1986 Coupe 原子事实对应多条候选记录
非皮卡	高度压缩两两组合	Nissan	300ZX/300ZX	300ZX	/	/	3M-0	1984-1985/1995-1996	Coupe/Coupe	/			1984-1996	Coupe		fallback	Nissan 300ZX 1986 Coupe 原子事实对应多条候选记录
非皮卡	高度压缩两两组合	Nissan	300ZX/300ZX	300ZX	/	/	3M-0	1990-1994/1990-1996	Coupe/Convertible	Incl: 2+2 Coupe/			1990-1996	Convertible/Coupe	Incl: 2+2 Coupe	fallback	Nissan 300ZX 1995 Coupe 原子事实对应多条候选记录
非皮卡	高度压缩两两组合	Nissan	300ZX/300ZX	300ZX	/	/	3M-0	1990-1994/1990-1996	Coupe/Coupe	Incl: 2+2 Coupe/2+2			1990-1996	Coupe	Incl: 2+2/2+2 Coupe	fallback	Nissan 300ZX 1995 Coupe 原子事实对应多条候选记录
非皮卡	高度压缩两两组合	Nissan	300ZX/300ZX	300ZX	/	/	3M-0	1990-1994/1993-1994	Coupe/Coupe	Incl: 2+2 Coupe/2-Seater			1990-1994	Coupe	Incl: 2+2 Coupe/2-Seater	success	
非皮卡	高度压缩两两组合	Nissan	300ZX/300ZX	300ZX	/	/	3M-0	1984-1985/1990-1994	Coupe/Coupe	/Incl: 2+2 Coupe/2-Seater			1984-1994	Coupe	Incl: 2+2 Coupe/2-Seater	fallback	Nissan 300ZX 1986 Coupe 原子事实对应多条候选记录
非皮卡	高度压缩两两组合	Nissan	300ZX/300ZX	300ZX	/	/	3M-0	1984-1985/1990-1996	Coupe/Convertible	/			1984-1996	Convertible/Coupe		fallback	Nissan 300ZX 1986 Coupe 原子事实对应多条候选记录
非皮卡	高度压缩两两组合	Nissan	300ZX/300ZX	300ZX	/	/	3M-0	1984-1985/1990-1996	Coupe/Coupe	/2+2			1984-1996	Coupe	Incl: 2+2	fallback	Nissan 300ZX 1986 Coupe 原子事实对应多条候选记录
非皮卡	高度压缩两两组合	Nissan	300ZX/300ZX	300ZX	/	/	3M-0	1984-1985/1995-1996	Coupe/Coupe	/			1984-1996	Coupe		fallback	Nissan 300ZX 1986 Coupe 原子事实对应多条候选记录
非皮卡	高度压缩两两组合	Nissan	300ZX/300ZX	300ZX	/	/	3M-0	1990-1994/1990-1996	Coupe/Convertible	Incl: 2+2 Coupe/2-Seater/			1990-1996	Convertible/Coupe	Incl: 2+2 Coupe/2-Seater	fallback	Nissan 300ZX 1995 Coupe 原子事实对应多条候选记录
非皮卡	高度压缩两两组合	Nissan	300ZX/300ZX	300ZX	/	/	3M-0	1990-1994/1990-1996	Coupe/Coupe	Incl: 2+2 Coupe/2-Seater/2+2			1990-1996	Coupe	Incl: 2+2/2+2 Coupe/2-Seater	fallback	Nissan 300ZX 1995 Coupe 原子事实对应多条候选记录
非皮卡	高度压缩两两组合	Nissan	300ZX/300ZX	300ZX	/	/	3M-0	1990-1994/1995-1996	Coupe/Coupe	Incl: 2+2 Coupe/2-Seater/			1990-1996	Coupe	Incl: 2+2 Coupe/2-Seater	success	
非皮卡	高度压缩两两组合	Nissan	300ZX/300ZX	300ZX	/	/	3M-0	1984-1985/1990-1996	Coupe/Convertible	/			1984-1996	Convertible/Coupe		fallback	Nissan 300ZX 1986 Coupe 原子事实对应多条候选记录
非皮卡	高度压缩两两组合	Nissan	300ZX/300ZX	300ZX	/	/	3M-0	1984-1985/1990-1996	Coupe/Coupe	/2+2			1984-1996	Coupe	Incl: 2+2	fallback	Nissan 300ZX 1986 Coupe 原子事实对应多条候选记录
非皮卡	高度压缩两两组合	Nissan	300ZX/300ZX	300ZX	/	/	3M-0	1984-1985/1990-1996	Coupe/Coupe	/Incl: 2+2 Coupe/2-Seater			1984-1996	Coupe	Incl: 2+2 Coupe/2-Seater	fallback	Nissan 300ZX 1986 Coupe 原子事实对应多条候选记录
非皮卡	高度压缩两两组合	Nissan	300ZX/300ZX	300ZX	/	/	3M-0	1990-1996/1990-1996	Convertible/Coupe	/2+2			1990-1996	Convertible/Coupe	Incl: 2+2	fallback	Nissan 300ZX 1990 Coupe 原子事实对应多条候选记录
非皮卡	高度压缩两两组合	Nissan	300ZX/300ZX	300ZX	/	/	3M-0	1990-1996/1990-1996	Convertible/Coupe	/Incl: 2+2 Coupe/2-Seater			1990-1996	Convertible/Coupe	Incl: 2+2 Coupe/2-Seater	success	
非皮卡	高度压缩两两组合	Nissan	300ZX/300ZX	300ZX	/	/	3M-0	1984-1985/1990-1996	Coupe/Convertible/Coupe	/Incl: 2+2 Coupe/2-Seater			1984-1996	Convertible/Coupe	Incl: 2+2 Coupe/2-Seater	fallback	Nissan 300ZX 1986 Coupe 原子事实对应多条候选记录
非皮卡	高度压缩两两组合	Nissan	300ZX/300ZX	300ZX	/	/	3M-0	1984-1985/1990-1996	Coupe/Coupe	/2+2			1984-1996	Coupe	Incl: 2+2	fallback	Nissan 300ZX 1986 Coupe 原子事实对应多条候选记录
非皮卡	高度压缩两两组合	Nissan	300ZX/300ZX	300ZX	/	/	3M-0	1990-1996/1990-1996	Convertible/Coupe/Coupe	Incl: 2+2 Coupe/2-Seater/2+2			1990-1996	Convertible/Coupe	Incl: 2+2/2+2 Coupe/2-Seater	success	
非皮卡	高度压缩两两组合	Nissan	300ZX/300ZX	300ZX	/	/	3M-0	1984-1985/1990-1996	Coupe/Convertible/Coupe	/Incl: 2+2/2+2 Coupe/2-Seater			1984-1996	Convertible/Coupe	Incl: 2+2/2+2 Coupe/2-Seater	fallback	Nissan 300ZX 1986 Coupe 原子事实对应多条候选记录
非皮卡	高度压缩两两组合	Nissan	350Z/350Z	350Z	/	/	3M-0	2003-2008/2004-2009	Coupe/Convertible	/			2003-2009	Convertible/Coupe		success	
非皮卡	高度压缩两两组合	Nissan	370Z/370Z	370Z	/	/	3M-0	2009-2020/2010-2019	Coupe/Convertible	/			2009-2020	Convertible/Coupe		success	
非皮卡	高度压缩两两组合	Nissan	370Z/370Z	370Z	/	/	3M-0	2009-2020/2015-2020	Convertible/Coupe/Coupe	/NISMO			2009-2020	Convertible/Coupe	Incl: NISMO	success	
非皮卡	高度压缩两两组合	Nissan	Armada/Armada	Armada	/	/	YXXL-545	2008-2015/2017-2024	SUV/SUV	/			2008-2024	SUV		success	
非皮卡	高度压缩两两组合	Nissan	Armada/Armada	Armada	/	/	YXXL-545	2008-2024/2025	SUV/SUV	/PRO-4X			2008-2025	SUV	Incl: PRO-4X	success	
非皮卡	高度压缩两两组合	Nissan	Armada/Armada	Armada	/	/	YXXL-545	2008-2025/2026	SUV/SUV	Incl: PRO-4X/			2008-2026	SUV	Incl: PRO-4X	success	
非皮卡	高度压缩两两组合	Nissan	Armada/Armada	Armada	/	/	YXXL-545	2008-2026/2026	SUV/SUV	Incl: PRO-4X/NISMO			2008-2026	SUV	Incl: NISMO/PRO-4X	success	
非皮卡	高度压缩两两组合	Nissan	GT-R/GT-R	GT-R	/	/	3XL-0	2017-2021/2023-2024	Coupe/Coupe	NISMO/NISMO			2017-2024	Coupe	NISMO	success	
非皮卡	高度压缩两两组合	Nissan	Maxima/Maxima	Maxima	/	/	3XL	1981-1984/1989-2003	Sedan/Sedan	/			1981-2003	Sedan		fallback	Nissan Maxima 1985 Sedan 原子事实对应多条候选记录
非皮卡	高度压缩两两组合	Nissan	Maxima/Maxima	Maxima	/	/	3XL	1981-1984/2009-2014	Sedan/Sedan	/			1981-2014	Sedan		fallback	Nissan Maxima 1985 Sedan 原子事实对应多条候选记录
非皮卡	高度压缩两两组合	Nissan	Maxima/Maxima	Maxima	/	/	3XL	1989-2003/2009-2014	Sedan/Sedan	/			1989-2014	Sedan		fallback	Nissan Maxima 2004 Sedan 原子事实对应多条候选记录
非皮卡	高度压缩两两组合	Nissan	Maxima/Maxima	Maxima	/	/	3XL+	2004-2008/2016-2023	Sedan/Sedan	/			2004-2023	Sedan		fallback	Nissan Maxima 2009 Sedan 原子事实对应多条候选记录
非皮卡	高度压缩两两组合	Nissan	Pathfinder/Pathfinder	Pathfinder	/	/	YM+	1987/1990-1995	SUV/SUV	/Narrow-body			1987-1995	SUV	Incl: Narrow-body	success	
非皮卡	高度压缩两两组合	Nissan	Pathfinder/Pathfinder	Pathfinder	/	/	YM+	1987-1995/1996-2004	SUV/SUV	Incl: Narrow-body/			1987-2004	SUV	Incl: Narrow-body	success	
非皮卡	高度压缩两两组合	Nissan	Pathfinder/Pathfinder	Pathfinder	/	/	YL	1988-1995/2005-2011	SUV/SUV	Wide-body/			1988-2011	SUV	Incl: Wide-body	fallback	Nissan Pathfinder 1996 SUV 原子事实对应多条候选记录
非皮卡	高度压缩两两组合	Nissan	Pathfinder/Pathfinder	Pathfinder	/	/	YXL	2012-2020/2022-2024	SUV/SUV	/			2012-2024	SUV		success	
非皮卡	高度压缩两两组合	Nissan	Pathfinder/Pathfinder	Pathfinder	/	/	YL	1988-1995/2005-2011	SUV/SUV	Wide-body/			1988-2011	SUV	Incl: Wide-body	fallback	Nissan Pathfinder 1996 SUV 原子事实对应多条候选记录
非皮卡	高度压缩两两组合	Nissan	Pathfinder/Pathfinder	Pathfinder	/	/	YXL	2012-2024/2025-2026	SUV/SUV	/Rock Creek			2012-2026	SUV	Incl: Rock Creek	success	
非皮卡	高度压缩两两组合	Nissan	Pathfinder/Pathfinder	Pathfinder	/	/	YL	1988-1995/2005-2011	SUV/SUV	Wide-body/			1988-2011	SUV	Incl: Wide-body	fallback	Nissan Pathfinder 1996 SUV 原子事实对应多条候选记录
非皮卡	高度压缩两两组合	Nissan	Rogue/Rogue	Rogue	/	/	YL	2008-2020/2021-2026	SUV/SUV	/PHEV			2008-2026	SUV	Incl: PHEV	fallback	Nissan Rogue 2026 SUV 原子事实对应多条候选记录
非皮卡	高度压缩两两组合	Nissan	Rogue/Rogue	Rogue	/	/	YL	2008-2020/2026	SUV/SUV	/			2008-2026	SUV		success	
非皮卡	高度压缩两两组合	Nissan	Rogue/Rogue	Rogue	/	/	YL	2008-2026/2021-2026	SUV/SUV	/PHEV			2008-2026	SUV	Incl: PHEV	success	
非皮卡	高度压缩两两组合	Nissan	Sentra/Sentra	Sentra	/	/	2L+	1982-1983/1982-1986	Hatchback/Wagon	/			1982-1986	Hatchback/Wagon		success	
非皮卡	高度压缩两两组合	Nissan	Sentra/Sentra	Sentra	/	/	3M	1982-1986/1982-1986	Sedan/Sedan	2dr/4dr			1982-1986	Sedan	2dr/4dr	success	
非皮卡	高度压缩两两组合	Nissan	Sentra/Sentra	Sentra	/	/	3M	1982-1986/1991-2006	Sedan/Sedan	2dr/4dr/			1982-2006	Sedan	Incl: 2dr/4dr	success	
非皮卡	高度压缩两两组合	Nissan	Sentra/Sentra	Sentra	/	/	3M-0	1982-1990/1993-1994	Coupe/Coupe	/			1982-1994	Coupe		success	
非皮卡	高度压缩两两组合	Nissan	Versa/Versa	Versa	/	/	2L+	2007-2012/2014-2019	Hatchback/Hatchback	/			2007-2019	Hatchback		success	
非皮卡	高度压缩两两组合	Nissan	Z/Z	Z	/	/	3M-0	2023-2026/2024-2026	Coupe/Coupe	/NISMO			2023-2026	Coupe	Incl: NISMO	success	
非皮卡	高度压缩两两组合	Oldsmobile	88/88	88	/	/	3XL+0	1949-1950/1986-1989	Coupe/Coupe	/			1949-1989	Coupe		fallback	Oldsmobile 88 1951 Coupe 原子事实对应多条候选记录
非皮卡	高度压缩两两组合	Oldsmobile	88/88	88	/	/	无可用尺码	1957-1970/1961-1964	Hatchback/Wagon	/			1957-1970	Hatchback/Wagon		success	
非皮卡	高度压缩两两组合	Oldsmobile	88/88	88	/	/	3XL+0	1949-1950/1986-1989	Coupe/Coupe	/			1949-1989	Coupe		fallback	Oldsmobile 88 1951 Coupe 原子事实对应多条候选记录
非皮卡	高度压缩两两组合	Oldsmobile	88/88	88	/	/	无可用尺码	1957-1970/1972	Hatchback/Wagon/Wagon	/			1957-1972	Hatchback/Wagon		success	
非皮卡	高度压缩两两组合	Oldsmobile	88/88	88	/	/	3XL+0	1949-1950/1986-1989	Coupe/Coupe	/			1949-1989	Coupe		fallback	Oldsmobile 88 1951 Coupe 原子事实对应多条候选记录
非皮卡	高度压缩两两组合	Oldsmobile	88/88	88	/	/	无可用尺码	1957-1972/1974-1975	Hatchback/Wagon/Wagon	/			1957-1975	Hatchback/Wagon		success	
非皮卡	高度压缩两两组合	Oldsmobile	88/88	88	/	/	3XL+0	1949-1950/1986-1989	Coupe/Coupe	/			1949-1989	Coupe		fallback	Oldsmobile 88 1951 Coupe 原子事实对应多条候选记录
非皮卡	高度压缩两两组合	Oldsmobile	88/88	88	/	/	无可用尺码	1957-1975/1977-1985	Hatchback/Wagon/Wagon	/			1957-1985	Hatchback/Wagon		success	
非皮卡	高度压缩两两组合	Oldsmobile	88/88	88	/	/	3XL+0	1949-1950/1986-1989	Coupe/Coupe	/			1949-1989	Coupe		fallback	Oldsmobile 88 1951 Coupe 原子事实对应多条候选记录
非皮卡	高度压缩两两组合	Oldsmobile	88/88	88	/	/	3XXXXL-0	1959-1960/1959-1960	Coupe/Sedan	/			1959-1960	Coupe/Sedan		success	
非皮卡	高度压缩两两组合	Oldsmobile	88/88	88	/	/	3XL+0	1949-1950/1986-1989	Coupe/Coupe	/			1949-1989	Coupe		fallback	Oldsmobile 88 1951 Coupe 原子事实对应多条候选记录
非皮卡	高度压缩两两组合	Oldsmobile	88/88	88	/	/	3XXXXL-0	1959-1960/1966	Coupe/Sedan/Coupe	/			1959-1966	Coupe/Sedan		fallback	Oldsmobile 88 1961 Sedan 原子事实对应多条候选记录
非皮卡	高度压缩两两组合	Oldsmobile	88/88	88	/	/	3XXXXL-0	1959-1960/1966-1967	Coupe/Sedan/Sedan	/			1959-1967	Coupe/Sedan		fallback	Oldsmobile 88 1961 Sedan 原子事实对应多条候选记录
非皮卡	高度压缩两两组合	Oldsmobile	88/88	88	/	/	3XXXXL-0	1959-1960/1968-1976	Coupe/Sedan/Coupe	/			1959-1976	Coupe/Sedan		fallback	Oldsmobile 88 1961 Sedan 原子事实对应多条候选记录
非皮卡	高度压缩两两组合	Oldsmobile	88/88	88	/	/	3XXXXL-0	1959-1960/1969-1976	Coupe/Sedan/Sedan	/			1959-1976	Coupe/Sedan		fallback	Oldsmobile 88 1961 Sedan 原子事实对应多条候选记录
非皮卡	高度压缩两两组合	Oldsmobile	88/88	88	/	/	3XXXXL-0	1959-1960/1980-1985	Coupe/Sedan/Coupe	/			1959-1985	Coupe/Sedan		fallback	Oldsmobile 88 1961 Sedan 原子事实对应多条候选记录
非皮卡	高度压缩两两组合	Oldsmobile	88/88	88	/	/	3XXXXL-0	1959-1960/1980-1985	Coupe/Sedan/Sedan	/			1959-1985	Coupe/Sedan		fallback	Oldsmobile 88 1961 Sedan 原子事实对应多条候选记录
非皮卡	高度压缩两两组合	Oldsmobile	88/88	88	/	/	3XXXL	1961-1965/1968	Sedan/Sedan	/			1961-1968	Sedan		fallback	Oldsmobile 88 1966 Sedan 原子事实对应多条候选记录
非皮卡	高度压缩两两组合	Oldsmobile	88/88	88	/	/	3XXXL	1961-1965/1977-1979	Sedan/Sedan	/			1961-1979	Sedan		fallback	Oldsmobile 88 1966 Sedan 原子事实对应多条候选记录
非皮卡	高度压缩两两组合	Oldsmobile	88/88	88	/	/	3XXXL-0	1961-1965/1967	Coupe/Coupe	/			1961-1967	Coupe		fallback	Oldsmobile 88 1966 Coupe 原子事实对应多条候选记录
非皮卡	高度压缩两两组合	Oldsmobile	88/88	88	/	/	3XXXL-0	1961-1965/1977-1979	Coupe/Coupe	/			1961-1979	Coupe		fallback	Oldsmobile 88 1966 Coupe 原子事实对应多条候选记录
非皮卡	高度压缩两两组合	Oldsmobile	88/88	88	/	/	3XXXXL-0	1966/1966-1967	Coupe/Sedan	/			1966-1967	Coupe/Sedan		fallback	Oldsmobile 88 1967 Coupe 原子事实对应多条候选记录
非皮卡	高度压缩两两组合	Oldsmobile	88/88	88	/	/	3XXXXL-0	1966/1968-1976	Coupe/Coupe	/			1966-1976	Coupe		fallback	Oldsmobile 88 1967 Coupe 原子事实对应多条候选记录
非皮卡	高度压缩两两组合	Oldsmobile	88/88	88	/	/	3XXXXL-0	1966/1969-1976	Coupe/Sedan	/			1966-1976	Coupe/Sedan		fallback	Oldsmobile 88 1966 Sedan 原子事实对应多条候选记录
非皮卡	高度压缩两两组合	Oldsmobile	88/88	88	/	/	3XXXXL-0	1966/1980-1985	Coupe/Coupe	/			1966-1985	Coupe		fallback	Oldsmobile 88 1967 Coupe 原子事实对应多条候选记录
非皮卡	高度压缩两两组合	Oldsmobile	88/88	88	/	/	3XXXXL-0	1966/1980-1985	Coupe/Sedan	/			1966-1985	Coupe/Sedan		fallback	Oldsmobile 88 1966 Sedan 原子事实对应多条候选记录
非皮卡	高度压缩两两组合	Oldsmobile	88/88	88	/	/	3XXXXL-0	1966-1967/1968-1976	Sedan/Coupe	/			1966-1976	Coupe/Sedan		fallback	Oldsmobile 88 1966 Coupe 原子事实对应多条候选记录
非皮卡	高度压缩两两组合	Oldsmobile	88/88	88	/	/	3XXXXL-0	1966-1967/1969-1976	Sedan/Sedan	/			1966-1976	Sedan		fallback	Oldsmobile 88 1968 Sedan 原子事实对应多条候选记录
非皮卡	高度压缩两两组合	Oldsmobile	88/88	88	/	/	3XXXXL-0	1966-1967/1980-1985	Sedan/Coupe	/			1966-1985	Coupe/Sedan		fallback	Oldsmobile 88 1966 Coupe 原子事实对应多条候选记录
非皮卡	高度压缩两两组合	Oldsmobile	88/88	88	/	/	3XXXXL-0	1966-1967/1980-1985	Sedan/Sedan	/			1966-1985	Sedan		fallback	Oldsmobile 88 1968 Sedan 原子事实对应多条候选记录
非皮卡	高度压缩两两组合	Oldsmobile	88/88	88	/	/	3XXXL-0	1967/1977-1979	Coupe/Coupe	/			1967-1979	Coupe		fallback	Oldsmobile 88 1968 Coupe 原子事实对应多条候选记录
非皮卡	高度压缩两两组合	Oldsmobile	88/88	88	/	/	3XXXL	1968/1977-1979	Sedan/Sedan	/			1968-1979	Sedan		fallback	Oldsmobile 88 1969 Sedan 原子事实对应多条候选记录
非皮卡	高度压缩两两组合	Oldsmobile	88/88	88	/	/	3XXXXL-0	1968-1976/1969-1976	Coupe/Sedan	/			1968-1976	Coupe/Sedan		fallback	Oldsmobile 88 1968 Sedan 原子事实对应多条候选记录
非皮卡	高度压缩两两组合	Oldsmobile	88/88	88	/	/	3XXXXL-0	1968-1976/1980-1985	Coupe/Coupe	/			1968-1985	Coupe		fallback	Oldsmobile 88 1977 Coupe 原子事实对应多条候选记录
非皮卡	高度压缩两两组合	Oldsmobile	88/88	88	/	/	3XXXXL-0	1968-1976/1980-1985	Coupe/Sedan	/			1968-1985	Coupe/Sedan		fallback	Oldsmobile 88 1968 Sedan 原子事实对应多条候选记录
非皮卡	高度压缩两两组合	Oldsmobile	88/88	88	/	/	3XXXXL-0	1969-1976/1980-1985	Sedan/Coupe	/			1969-1985	Coupe/Sedan		fallback	Oldsmobile 88 1969 Coupe 原子事实对应多条候选记录
非皮卡	高度压缩两两组合	Oldsmobile	88/88	88	/	/	3XXXXL-0	1969-1976/1980-1985	Sedan/Sedan	/			1969-1985	Sedan		fallback	Oldsmobile 88 1977 Sedan 原子事实对应多条候选记录
非皮卡	高度压缩两两组合	Oldsmobile	88/88	88	/	/	3XXXXL-0	1980-1985/1980-1985	Coupe/Sedan	/			1980-1985	Coupe/Sedan		success	
非皮卡	高度压缩两两组合	Oldsmobile	88/88	88	/	/	3XL+0	1949-1950/1986-1989	Coupe/Coupe	/			1949-1989	Coupe		fallback	Oldsmobile 88 1951 Coupe 原子事实对应多条候选记录
非皮卡	高度压缩两两组合	Oldsmobile	88/88	88	/	/	3XXXXL-0	1959-1960/1966	Coupe/Sedan/Coupe	/			1959-1966	Coupe/Sedan		fallback	Oldsmobile 88 1961 Sedan 原子事实对应多条候选记录
非皮卡	高度压缩两两组合	Oldsmobile	88/88	88	/	/	3XXXXL-0	1959-1960/1966-1967	Coupe/Sedan/Sedan	/			1959-1967	Coupe/Sedan		fallback	Oldsmobile 88 1961 Sedan 原子事实对应多条候选记录
非皮卡	高度压缩两两组合	Oldsmobile	88/88	88	/	/	3XXXXL-0	1959-1960/1968-1976	Coupe/Sedan/Coupe	/			1959-1976	Coupe/Sedan		fallback	Oldsmobile 88 1961 Sedan 原子事实对应多条候选记录
非皮卡	高度压缩两两组合	Oldsmobile	88/88	88	/	/	3XXXXL-0	1959-1960/1969-1976	Coupe/Sedan/Sedan	/			1959-1976	Coupe/Sedan		fallback	Oldsmobile 88 1961 Sedan 原子事实对应多条候选记录
非皮卡	高度压缩两两组合	Oldsmobile	88/88	88	/	/	3XXXXL-0	1959-1960/1980-1985	Coupe/Sedan/Coupe/Sedan	/			1959-1985	Coupe/Sedan		fallback	Oldsmobile 88 1961 Sedan 原子事实对应多条候选记录
非皮卡	高度压缩两两组合	Oldsmobile	88/88	88	/	/	3XXXL	1961-1965/1968	Sedan/Sedan	/			1961-1968	Sedan		fallback	Oldsmobile 88 1966 Sedan 原子事实对应多条候选记录
非皮卡	高度压缩两两组合	Oldsmobile	88/88	88	/	/	3XXXL	1961-1965/1977-1979	Sedan/Sedan	/			1961-1979	Sedan		fallback	Oldsmobile 88 1966 Sedan 原子事实对应多条候选记录
非皮卡	高度压缩两两组合	Oldsmobile	88/88	88	/	/	3XXXL-0	1961-1965/1967	Coupe/Coupe	/			1961-1967	Coupe		fallback	Oldsmobile 88 1966 Coupe 原子事实对应多条候选记录
非皮卡	高度压缩两两组合	Oldsmobile	88/88	88	/	/	3XXXL-0	1961-1965/1977-1979	Coupe/Coupe	/			1961-1979	Coupe		fallback	Oldsmobile 88 1966 Coupe 原子事实对应多条候选记录
非皮卡	高度压缩两两组合	Oldsmobile	88/88	88	/	/	3XXXXL-0	1966/1966-1967	Coupe/Sedan	/			1966-1967	Coupe/Sedan		fallback	Oldsmobile 88 1967 Coupe 原子事实对应多条候选记录
非皮卡	高度压缩两两组合	Oldsmobile	88/88	88	/	/	3XXXXL-0	1966/1968-1976	Coupe/Coupe	/			1966-1976	Coupe		fallback	Oldsmobile 88 1967 Coupe 原子事实对应多条候选记录
非皮卡	高度压缩两两组合	Oldsmobile	88/88	88	/	/	3XXXXL-0	1966/1969-1976	Coupe/Sedan	/			1966-1976	Coupe/Sedan		fallback	Oldsmobile 88 1966 Sedan 原子事实对应多条候选记录
非皮卡	高度压缩两两组合	Oldsmobile	88/88	88	/	/	3XXXXL-0	1966/1980-1985	Coupe/Coupe/Sedan	/			1966-1985	Coupe/Sedan		fallback	Oldsmobile 88 1966 Sedan 原子事实对应多条候选记录
非皮卡	高度压缩两两组合	Oldsmobile	88/88	88	/	/	3XXXXL-0	1966-1967/1968-1976	Sedan/Coupe	/			1966-1976	Coupe/Sedan		fallback	Oldsmobile 88 1966 Coupe 原子事实对应多条候选记录
非皮卡	高度压缩两两组合	Oldsmobile	88/88	88	/	/	3XXXXL-0	1966-1967/1969-1976	Sedan/Sedan	/			1966-1976	Sedan		fallback	Oldsmobile 88 1968 Sedan 原子事实对应多条候选记录
非皮卡	高度压缩两两组合	Oldsmobile	88/88	88	/	/	3XXXXL-0	1966-1967/1980-1985	Sedan/Coupe/Sedan	/			1966-1985	Coupe/Sedan		fallback	Oldsmobile 88 1966 Coupe 原子事实对应多条候选记录
非皮卡	高度压缩两两组合	Oldsmobile	88/88	88	/	/	3XXXL-0	1967/1977-1979	Coupe/Coupe	/			1967-1979	Coupe		fallback	Oldsmobile 88 1968 Coupe 原子事实对应多条候选记录
非皮卡	高度压缩两两组合	Oldsmobile	88/88	88	/	/	3XXXL	1968/1977-1979	Sedan/Sedan	/			1968-1979	Sedan		fallback	Oldsmobile 88 1969 Sedan 原子事实对应多条候选记录
非皮卡	高度压缩两两组合	Oldsmobile	88/88	88	/	/	3XXXXL-0	1968-1976/1969-1976	Coupe/Sedan	/			1968-1976	Coupe/Sedan		fallback	Oldsmobile 88 1968 Sedan 原子事实对应多条候选记录
非皮卡	高度压缩两两组合	Oldsmobile	88/88	88	/	/	3XXXXL-0	1968-1976/1980-1985	Coupe/Coupe/Sedan	/			1968-1985	Coupe/Sedan		fallback	Oldsmobile 88 1968 Sedan 原子事实对应多条候选记录
非皮卡	高度压缩两两组合	Oldsmobile	88/88	88	/	/	3XXXXL-0	1969-1976/1980-1985	Sedan/Coupe/Sedan	/			1969-1985	Coupe/Sedan		fallback	Oldsmobile 88 1969 Coupe 原子事实对应多条候选记录
非皮卡	高度压缩两两组合	Oldsmobile	Cutlass/Cutlass	Cutlass	/	/	3XL	1961/1983-1989	Sedan/Sedan	F-85/Cutlass/Ciera			1961-1989	Sedan	Ciera/Cutlass/F-85	fallback	Oldsmobile Cutlass 1962 Sedan 原子事实对应多条候选记录
非皮卡	高度压缩两两组合	Oldsmobile	Cutlass/Cutlass	Cutlass	/	/	3XL	1961/1991-1996	Sedan/Sedan	F-85/Cutlass/Ciera			1961-1996	Sedan	Ciera/Cutlass/F-85	fallback	Oldsmobile Cutlass 1962 Sedan 原子事实对应多条候选记录
非皮卡	高度压缩两两组合	Oldsmobile	Cutlass/Cutlass	Cutlass	/	/	3XL-0	1962/1962-1963	Convertible/Coupe	F-85/Cutlass/F-85/Cutlass			1962-1963	Convertible/Coupe	Cutlass/F-85	success	
非皮卡	高度压缩两两组合	Oldsmobile	Cutlass/Cutlass	Cutlass	/	/	3XL	1961/1983-1989	Sedan/Sedan	F-85/Cutlass/Ciera			1961-1989	Sedan	Ciera/Cutlass/F-85	fallback	Oldsmobile Cutlass 1962 Sedan 原子事实对应多条候选记录
非皮卡	高度压缩两两组合	Oldsmobile	Cutlass/Cutlass	Cutlass	/	/	3XL	1961/1991-1996	Sedan/Sedan	F-85/Cutlass/Ciera			1961-1996	Sedan	Ciera/Cutlass/F-85	fallback	Oldsmobile Cutlass 1962 Sedan 原子事实对应多条候选记录
非皮卡	高度压缩两两组合	Oldsmobile	Cutlass/Cutlass	Cutlass	/	/	2XL+	1962-1963/1984-1996	Wagon/Wagon	F-85/Cutlass/Ciera			1962-1996	Wagon	Ciera/Cutlass/F-85	success	
非皮卡	高度压缩两两组合	Oldsmobile	Cutlass/Cutlass	Cutlass	/	/	3XL	1961/1983-1989	Sedan/Sedan	F-85/Cutlass/Ciera			1961-1989	Sedan	Ciera/Cutlass/F-85	fallback	Oldsmobile Cutlass 1962 Sedan 原子事实对应多条候选记录
非皮卡	高度压缩两两组合	Oldsmobile	Cutlass/Cutlass	Cutlass	/	/	3XL	1961/1991-1996	Sedan/Sedan	F-85/Cutlass/Ciera			1961-1996	Sedan	Ciera/Cutlass/F-85	fallback	Oldsmobile Cutlass 1962 Sedan 原子事实对应多条候选记录
非皮卡	高度压缩两两组合	Oldsmobile	Cutlass/Cutlass	Cutlass	/	/	3XL+	1962-1963/1978	Sedan/Sedan	F-85/Cutlass/RWD			1962-1978	Sedan	Cutlass/F-85/RWD	success	
非皮卡	高度压缩两两组合	Oldsmobile	Cutlass/Cutlass	Cutlass	/	/	3XL	1961/1983-1989	Sedan/Sedan	F-85/Cutlass/Ciera			1961-1989	Sedan	Ciera/Cutlass/F-85	fallback	Oldsmobile Cutlass 1962 Sedan 原子事实对应多条候选记录
非皮卡	高度压缩两两组合	Oldsmobile	Cutlass/Cutlass	Cutlass	/	/	3XL	1961/1991-1996	Sedan/Sedan	F-85/Cutlass/Ciera			1961-1996	Sedan	Ciera/Cutlass/F-85	fallback	Oldsmobile Cutlass 1962 Sedan 原子事实对应多条候选记录
非皮卡	高度压缩两两组合	Oldsmobile	Cutlass/Cutlass	Cutlass	/	/	3XL-0	1962-1963/1983-1991	Convertible/Coupe/Coupe	Cutlass/F-85/Ciera			1962-1991	Convertible/Coupe	Ciera/Cutlass/F-85	success	
非皮卡	高度压缩两两组合	Oldsmobile	Cutlass/Cutlass	Cutlass	/	/	3XL	1961/1983-1989	Sedan/Sedan	F-85/Cutlass/Ciera			1961-1989	Sedan	Ciera/Cutlass/F-85	fallback	Oldsmobile Cutlass 1962 Sedan 原子事实对应多条候选记录
非皮卡	高度压缩两两组合	Oldsmobile	Cutlass/Cutlass	Cutlass	/	/	3XL	1961/1991-1996	Sedan/Sedan	F-85/Cutlass/Ciera			1961-1996	Sedan	Ciera/Cutlass/F-85	fallback	Oldsmobile Cutlass 1962 Sedan 原子事实对应多条候选记录
非皮卡	高度压缩两两组合	Oldsmobile	Cutlass/Cutlass	Cutlass	/	/	3XL+	1962-1978/1981	Sedan/Sedan	Cutlass/F-85/RWD/RWD			1962-1981	Sedan	Cutlass/F-85/RWD	success	
非皮卡	高度压缩两两组合	Oldsmobile	Cutlass/Cutlass	Cutlass	/	/	3XL	1961/1983-1989	Sedan/Sedan	F-85/Cutlass/Ciera			1961-1989	Sedan	Ciera/Cutlass/F-85	fallback	Oldsmobile Cutlass 1962 Sedan 原子事实对应多条候选记录
非皮卡	高度压缩两两组合	Oldsmobile	Cutlass/Cutlass	Cutlass	/	/	3XL	1961/1991-1996	Sedan/Sedan	F-85/Cutlass/Ciera			1961-1996	Sedan	Ciera/Cutlass/F-85	fallback	Oldsmobile Cutlass 1962 Sedan 原子事实对应多条候选记录
非皮卡	高度压缩两两组合	Oldsmobile	Cutlass/Cutlass	Cutlass	/	/	3XL+	1962-1981/1990	Sedan/Sedan	Cutlass/F-85/RWD/Ciera			1962-1990	Sedan	Ciera/Cutlass/F-85/RWD	fallback	Oldsmobile Cutlass 1983 Sedan 原子事实对应多条候选记录
非皮卡	高度压缩两两组合	Oldsmobile	Cutlass/Cutlass	Cutlass	/	/	3XL+	1962-1981/1991-1997	Sedan/Sedan	Cutlass/F-85/RWD/Supreme			1962-1997	Sedan	Cutlass/F-85/RWD/Supreme	success	
非皮卡	高度压缩两两组合	Oldsmobile	Cutlass/Cutlass	Cutlass	/	/	3XL	1961/1983-1989	Sedan/Sedan	F-85/Cutlass/Ciera			1961-1989	Sedan	Ciera/Cutlass/F-85	fallback	Oldsmobile Cutlass 1962 Sedan 原子事实对应多条候选记录
非皮卡	高度压缩两两组合	Oldsmobile	Cutlass/Cutlass	Cutlass	/	/	3XL	1961/1991-1996	Sedan/Sedan	F-85/Cutlass/Ciera			1961-1996	Sedan	Ciera/Cutlass/F-85	fallback	Oldsmobile Cutlass 1962 Sedan 原子事实对应多条候选记录
非皮卡	高度压缩两两组合	Oldsmobile	Cutlass/Cutlass	Cutlass	/	/	3XL+	1962-1997/1990	Sedan/Sedan	Cutlass/F-85/RWD/Supreme/Ciera			1962-1997	Sedan	Ciera/Cutlass/F-85/RWD/Supreme	fallback	Oldsmobile Cutlass 1983 Sedan 原子事实对应多条候选记录
非皮卡	高度压缩两两组合	Oldsmobile	Cutlass/Cutlass	Cutlass	/	/	3XL+	1962-1997/1997-1999	Sedan/Sedan	Cutlass/F-85/RWD/Supreme/FWD			1962-1999	Sedan	Cutlass/F-85/FWD/RWD/Supreme	success	
非皮卡	高度压缩两两组合	Oldsmobile	Cutlass/Cutlass	Cutlass	/	/	3XL	1961/1983-1989	Sedan/Sedan	F-85/Cutlass/Ciera			1961-1989	Sedan	Ciera/Cutlass/F-85	fallback	Oldsmobile Cutlass 1962 Sedan 原子事实对应多条候选记录
非皮卡	高度压缩两两组合	Oldsmobile	Cutlass/Cutlass	Cutlass	/	/	3XL	1961/1991-1996	Sedan/Sedan	F-85/Cutlass/Ciera			1961-1996	Sedan	Ciera/Cutlass/F-85	fallback	Oldsmobile Cutlass 1962 Sedan 原子事实对应多条候选记录
非皮卡	高度压缩两两组合	Oldsmobile	Cutlass/Cutlass	Cutlass	/	/	3XL+	1962-1999/1990	Sedan/Sedan	Cutlass/F-85/FWD/RWD/Supreme/Ciera			1962-1999	Sedan	Ciera/Cutlass/F-85/FWD/RWD/Supreme	fallback	Oldsmobile Cutlass 1983 Sedan 原子事实对应多条候选记录
非皮卡	高度压缩两两组合	Oldsmobile	Cutlass/Cutlass	Cutlass	/	/	3XL+0	1964/1968	Convertible/Convertible	F-85 Cutlass/			1964-1968	Convertible	Incl: F-85 Cutlass	fallback	Oldsmobile Cutlass 1965 Convertible 原子事实对应多条候选记录
非皮卡	高度压缩两两组合	Oldsmobile	Cutlass/Cutlass	Cutlass	/	/	3XL+0	1964/1968	Convertible/Coupe	F-85 Cutlass/			1964-1968	Convertible/Coupe	Incl: F-85 Cutlass	fallback	Oldsmobile Cutlass 1965 Convertible 原子事实对应多条候选记录
非皮卡	高度压缩两两组合	Oldsmobile	Cutlass/Cutlass	Cutlass	/	/	3XL+0	1964/1979	Convertible/Coupe	F-85 Cutlass/RWD			1964-1979	Convertible/Coupe	F-85 Cutlass/RWD	success	
非皮卡	高度压缩两两组合	Oldsmobile	Cutlass/Cutlass	Cutlass	/	/	3XL	1961/1983-1989	Sedan/Sedan	F-85/Cutlass/Ciera			1961-1989	Sedan	Ciera/Cutlass/F-85	fallback	Oldsmobile Cutlass 1962 Sedan 原子事实对应多条候选记录
非皮卡	高度压缩两两组合	Oldsmobile	Cutlass/Cutlass	Cutlass	/	/	3XL	1961/1991-1996	Sedan/Sedan	F-85/Cutlass/Ciera			1961-1996	Sedan	Ciera/Cutlass/F-85	fallback	Oldsmobile Cutlass 1962 Sedan 原子事实对应多条候选记录
非皮卡	高度压缩两两组合	Oldsmobile	Cutlass/Cutlass	Cutlass	/	/	3XL+	1962-1999/1990	Sedan/Sedan	Cutlass/F-85/FWD/RWD/Supreme/Ciera			1962-1999	Sedan	Ciera/Cutlass/F-85/FWD/RWD/Supreme	fallback	Oldsmobile Cutlass 1983 Sedan 原子事实对应多条候选记录
非皮卡	高度压缩两两组合	Oldsmobile	Cutlass/Cutlass	Cutlass	/	/	3XL+0	1964-1979/1968	Convertible/Coupe/Convertible	F-85 Cutlass/RWD/			1964-1979	Convertible/Coupe	Incl: F-85 Cutlass/RWD	fallback	Oldsmobile Cutlass 1965 Convertible 原子事实对应多条候选记录
非皮卡	高度压缩两两组合	Oldsmobile	Cutlass/Cutlass	Cutlass	/	/	3XL+0	1964-1979/1968	Convertible/Coupe/Coupe	F-85 Cutlass/RWD/			1964-1979	Convertible/Coupe	Incl: F-85 Cutlass/RWD	fallback	Oldsmobile Cutlass 1965 Convertible 原子事实对应多条候选记录
非皮卡	高度压缩两两组合	Oldsmobile	Cutlass/Cutlass	Cutlass	/	/	3XL+0	1964-1979/1989-1991	Convertible/Coupe/Coupe	F-85 Cutlass/RWD/			1964-1991	Convertible/Coupe	Incl: F-85 Cutlass/RWD	fallback	Oldsmobile Cutlass 1965 Convertible 原子事实对应多条候选记录
非皮卡	高度压缩两两组合	Oldsmobile	Cutlass/Cutlass	Cutlass	/	/	3XL+0	1964-1979/1991-1997	Convertible/Coupe/Coupe	F-85 Cutlass/RWD/Supreme			1964-1997	Convertible/Coupe	F-85 Cutlass/RWD/Supreme	success	
非皮卡	高度压缩两两组合	Oldsmobile	Cutlass/Cutlass	Cutlass	/	/	3XL	1961/1983-1989	Sedan/Sedan	F-85/Cutlass/Ciera			1961-1989	Sedan	Ciera/Cutlass/F-85	fallback	Oldsmobile Cutlass 1962 Sedan 原子事实对应多条候选记录
非皮卡	高度压缩两两组合	Oldsmobile	Cutlass/Cutlass	Cutlass	/	/	3XL	1961/1991-1996	Sedan/Sedan	F-85/Cutlass/Ciera			1961-1996	Sedan	Ciera/Cutlass/F-85	fallback	Oldsmobile Cutlass 1962 Sedan 原子事实对应多条候选记录
非皮卡	高度压缩两两组合	Oldsmobile	Cutlass/Cutlass	Cutlass	/	/	3XL+	1962-1999/1990	Sedan/Sedan	Cutlass/F-85/FWD/RWD/Supreme/Ciera			1962-1999	Sedan	Ciera/Cutlass/F-85/FWD/RWD/Supreme	fallback	Oldsmobile Cutlass 1983 Sedan 原子事实对应多条候选记录
非皮卡	高度压缩两两组合	Oldsmobile	Cutlass/Cutlass	Cutlass	/	/	3XL+0	1964-1997/1968	Convertible/Coupe/Convertible	F-85 Cutlass/RWD/Supreme/			1964-1997	Convertible/Coupe	Incl: F-85 Cutlass/RWD/Supreme	fallback	Oldsmobile Cutlass 1965 Convertible 原子事实对应多条候选记录
非皮卡	高度压缩两两组合	Oldsmobile	Cutlass/Cutlass	Cutlass	/	/	3XL+0	1964-1997/1968	Convertible/Coupe/Coupe	F-85 Cutlass/RWD/Supreme/			1964-1997	Convertible/Coupe	Incl: F-85 Cutlass/RWD/Supreme	fallback	Oldsmobile Cutlass 1965 Convertible 原子事实对应多条候选记录
非皮卡	高度压缩两两组合	Oldsmobile	Cutlass/Cutlass	Cutlass	/	/	3XL+0	1964-1997/1989-1991	Convertible/Coupe/Coupe	F-85 Cutlass/RWD/Supreme/			1964-1997	Convertible/Coupe	Incl: F-85 Cutlass/RWD/Supreme	fallback	Oldsmobile Cutlass 1965 Convertible 原子事实对应多条候选记录
非皮卡	高度压缩两两组合	Oldsmobile	Cutlass/Cutlass	Cutlass	/	/	3XXL-0	1965-1967/1965-1967	Convertible/Coupe	/			1965-1967	Convertible/Coupe		success	
非皮卡	高度压缩两两组合	Oldsmobile	Cutlass/Cutlass	Cutlass	/	/	3XL	1961/1983-1989	Sedan/Sedan	F-85/Cutlass/Ciera			1961-1989	Sedan	Ciera/Cutlass/F-85	fallback	Oldsmobile Cutlass 1962 Sedan 原子事实对应多条候选记录
非皮卡	高度压缩两两组合	Oldsmobile	Cutlass/Cutlass	Cutlass	/	/	3XL	1961/1991-1996	Sedan/Sedan	F-85/Cutlass/Ciera			1961-1996	Sedan	Ciera/Cutlass/F-85	fallback	Oldsmobile Cutlass 1962 Sedan 原子事实对应多条候选记录
非皮卡	高度压缩两两组合	Oldsmobile	Cutlass/Cutlass	Cutlass	/	/	3XL+	1962-1999/1990	Sedan/Sedan	Cutlass/F-85/FWD/RWD/Supreme/Ciera			1962-1999	Sedan	Ciera/Cutlass/F-85/FWD/RWD/Supreme	fallback	Oldsmobile Cutlass 1983 Sedan 原子事实对应多条候选记录
非皮卡	高度压缩两两组合	Oldsmobile	Cutlass/Cutlass	Cutlass	/	/	3XL+0	1964-1997/1968	Convertible/Coupe/Convertible	F-85 Cutlass/RWD/Supreme/			1964-1997	Convertible/Coupe	Incl: F-85 Cutlass/RWD/Supreme	fallback	Oldsmobile Cutlass 1965 Convertible 原子事实对应多条候选记录
非皮卡	高度压缩两两组合	Oldsmobile	Cutlass/Cutlass	Cutlass	/	/	3XL+0	1964-1997/1968	Convertible/Coupe/Coupe	F-85 Cutlass/RWD/Supreme/			1964-1997	Convertible/Coupe	Incl: F-85 Cutlass/RWD/Supreme	fallback	Oldsmobile Cutlass 1965 Convertible 原子事实对应多条候选记录
非皮卡	高度压缩两两组合	Oldsmobile	Cutlass/Cutlass	Cutlass	/	/	3XL+0	1964-1997/1989-1991	Convertible/Coupe/Coupe	F-85 Cutlass/RWD/Supreme/			1964-1997	Convertible/Coupe	Incl: F-85 Cutlass/RWD/Supreme	fallback	Oldsmobile Cutlass 1965 Convertible 原子事实对应多条候选记录
非皮卡	高度压缩两两组合	Oldsmobile	Cutlass/Cutlass	Cutlass	/	/	3XXL-0	1965-1967/1969-1972	Convertible/Coupe/Convertible	/			1965-1972	Convertible/Coupe		fallback	Oldsmobile Cutlass 1968 Convertible 原子事实对应多条候选记录
非皮卡	高度压缩两两组合	Oldsmobile	Cutlass/Cutlass	Cutlass	/	/	3XXL-0	1965-1967/1969-1972	Convertible/Coupe/Coupe	/			1965-1972	Convertible/Coupe		fallback	Oldsmobile Cutlass 1968 Convertible 原子事实对应多条候选记录
非皮卡	高度压缩两两组合	Oldsmobile	Cutlass/Cutlass	Cutlass	/	/	3XL+0	1968/1968	Convertible/Coupe	/			1968	Convertible/Coupe		success	
非皮卡	高度压缩两两组合	Oldsmobile	Cutlass/Cutlass	Cutlass	/	/	3XL	1961/1983-1989	Sedan/Sedan	F-85/Cutlass/Ciera			1961-1989	Sedan	Ciera/Cutlass/F-85	fallback	Oldsmobile Cutlass 1962 Sedan 原子事实对应多条候选记录
非皮卡	高度压缩两两组合	Oldsmobile	Cutlass/Cutlass	Cutlass	/	/	3XL	1961/1991-1996	Sedan/Sedan	F-85/Cutlass/Ciera			1961-1996	Sedan	Ciera/Cutlass/F-85	fallback	Oldsmobile Cutlass 1962 Sedan 原子事实对应多条候选记录
非皮卡	高度压缩两两组合	Oldsmobile	Cutlass/Cutlass	Cutlass	/	/	3XL+	1962-1999/1990	Sedan/Sedan	Cutlass/F-85/FWD/RWD/Supreme/Ciera			1962-1999	Sedan	Ciera/Cutlass/F-85/FWD/RWD/Supreme	fallback	Oldsmobile Cutlass 1983 Sedan 原子事实对应多条候选记录
非皮卡	高度压缩两两组合	Oldsmobile	Cutlass/Cutlass	Cutlass	/	/	3XL+0	1964-1997/1968	Convertible/Coupe/Convertible/Coupe	F-85 Cutlass/RWD/Supreme/			1964-1997	Convertible/Coupe	Incl: F-85 Cutlass/RWD/Supreme	fallback	Oldsmobile Cutlass 1965 Convertible 原子事实对应多条候选记录
非皮卡	高度压缩两两组合	Oldsmobile	Cutlass/Cutlass	Cutlass	/	/	3XL+0	1964-1997/1989-1991	Convertible/Coupe/Coupe	F-85 Cutlass/RWD/Supreme/			1964-1997	Convertible/Coupe	Incl: F-85 Cutlass/RWD/Supreme	fallback	Oldsmobile Cutlass 1965 Convertible 原子事实对应多条候选记录
非皮卡	高度压缩两两组合	Oldsmobile	Cutlass/Cutlass	Cutlass	/	/	3XXL-0	1965-1967/1969-1972	Convertible/Coupe/Convertible	/			1965-1972	Convertible/Coupe		fallback	Oldsmobile Cutlass 1968 Convertible 原子事实对应多条候选记录
非皮卡	高度压缩两两组合	Oldsmobile	Cutlass/Cutlass	Cutlass	/	/	3XXL-0	1965-1967/1969-1972	Convertible/Coupe/Coupe	/			1965-1972	Convertible/Coupe		fallback	Oldsmobile Cutlass 1968 Convertible 原子事实对应多条候选记录
非皮卡	高度压缩两两组合	Oldsmobile	Cutlass/Cutlass	Cutlass	/	/	3XL+0	1968/1989-1991	Convertible/Coupe/Coupe	/			1968-1991	Convertible/Coupe		fallback	Oldsmobile Cutlass 1969 Convertible 原子事实对应多条候选记录
非皮卡	高度压缩两两组合	Oldsmobile	Cutlass/Cutlass	Cutlass	/	/	3XXL-0	1969-1972/1969-1972	Convertible/Coupe	/			1969-1972	Convertible/Coupe		success	
非皮卡	高度压缩两两组合	Oldsmobile	Cutlass/Cutlass	Cutlass	/	/	3XL	1961/1983-1989	Sedan/Sedan	F-85/Cutlass/Ciera			1961-1989	Sedan	Ciera/Cutlass/F-85	fallback	Oldsmobile Cutlass 1962 Sedan 原子事实对应多条候选记录
非皮卡	高度压缩两两组合	Oldsmobile	Cutlass/Cutlass	Cutlass	/	/	3XL	1961/1991-1996	Sedan/Sedan	F-85/Cutlass/Ciera			1961-1996	Sedan	Ciera/Cutlass/F-85	fallback	Oldsmobile Cutlass 1962 Sedan 原子事实对应多条候选记录
非皮卡	高度压缩两两组合	Oldsmobile	Cutlass/Cutlass	Cutlass	/	/	3XL+	1962-1999/1990	Sedan/Sedan	Cutlass/F-85/FWD/RWD/Supreme/Ciera			1962-1999	Sedan	Ciera/Cutlass/F-85/FWD/RWD/Supreme	fallback	Oldsmobile Cutlass 1983 Sedan 原子事实对应多条候选记录
非皮卡	高度压缩两两组合	Oldsmobile	Cutlass/Cutlass	Cutlass	/	/	3XL+0	1964-1997/1968	Convertible/Coupe/Convertible/Coupe	F-85 Cutlass/RWD/Supreme/			1964-1997	Convertible/Coupe	Incl: F-85 Cutlass/RWD/Supreme	fallback	Oldsmobile Cutlass 1965 Convertible 原子事实对应多条候选记录
非皮卡	高度压缩两两组合	Oldsmobile	Cutlass/Cutlass	Cutlass	/	/	3XL+0	1964-1997/1989-1991	Convertible/Coupe/Coupe	F-85 Cutlass/RWD/Supreme/			1964-1997	Convertible/Coupe	Incl: F-85 Cutlass/RWD/Supreme	fallback	Oldsmobile Cutlass 1965 Convertible 原子事实对应多条候选记录
非皮卡	高度压缩两两组合	Oldsmobile	Cutlass/Cutlass	Cutlass	/	/	3XXL-0	1965-1967/1969-1972	Convertible/Coupe/Convertible/Coupe	/			1965-1972	Convertible/Coupe		fallback	Oldsmobile Cutlass 1968 Convertible 原子事实对应多条候选记录
非皮卡	高度压缩两两组合	Oldsmobile	Cutlass/Cutlass	Cutlass	/	/	3XL+0	1968/1989-1991	Convertible/Coupe/Coupe	/			1968-1991	Convertible/Coupe		fallback	Oldsmobile Cutlass 1969 Convertible 原子事实对应多条候选记录
非皮卡	高度压缩两两组合	Oldsmobile	Cutlass/Cutlass	Cutlass	/	/	3XL	1983-1989/1991-1996	Sedan/Sedan	Ciera/Ciera			1983-1996	Sedan	Ciera	fallback	Oldsmobile Cutlass 1990 Sedan 原子事实对应多条候选记录
非皮卡	高度压缩两两组合	Plymouth	Barracuda/Barracuda	Barracuda	/	/	3XL-0	1964-1966/1970-1973	Coupe/Coupe	/			1964-1973	Coupe		fallback	Plymouth Barracuda 1967 Coupe 原子事实对应多条候选记录
非皮卡	高度压缩两两组合	Plymouth	Barracuda/Barracuda	Barracuda	/	/	3XL+0	1967-1969/1967-1969	Coupe/Fastback	/			1967-1969	Coupe/Fastback		success	
非皮卡	高度压缩两两组合	Plymouth	Barracuda/Barracuda	Barracuda	/	/	3XL-0	1964-1966/1970-1973	Coupe/Coupe	/			1964-1973	Coupe		fallback	Plymouth Barracuda 1967 Coupe 原子事实对应多条候选记录
非皮卡	高度压缩两两组合	Plymouth	Barracuda/Barracuda	Barracuda	/	/	3XL+0	1967-1969/1974	Coupe/Fastback/Coupe	/Barracuda 318 V8			1967-1974	Coupe/Fastback	Incl: Barracuda 318 V8	fallback	Plymouth Barracuda 1970 Coupe 原子事实对应多条候选记录
非皮卡	高度压缩两两组合	Plymouth	Barracuda/Barracuda	Barracuda	/	/	3XL+0	1967-1969/1974	Coupe/Fastback/Coupe	/Cuda 360			1967-1974	Coupe/Fastback	Incl: Cuda 360	fallback	Plymouth Barracuda 1970 Coupe 原子事实对应多条候选记录
非皮卡	高度压缩两两组合	Plymouth	Barracuda/Barracuda	Barracuda	/	/	3XL+0	1974/1974	Coupe/Coupe	Barracuda 318 V8/Cuda 360			1974	Coupe	Barracuda 318 V8/Cuda 360	success	
非皮卡	高度压缩两两组合	Plymouth	Barracuda/Barracuda	Barracuda	/	/	3XL-0	1964-1966/1970-1973	Coupe/Coupe	/			1964-1973	Coupe		fallback	Plymouth Barracuda 1967 Coupe 原子事实对应多条候选记录
非皮卡	高度压缩两两组合	Plymouth	Barracuda/Barracuda	Barracuda	/	/	3XL+0	1967-1969/1974	Coupe/Fastback/Coupe	/Barracuda 318 V8/Cuda 360			1967-1974	Coupe/Fastback	Incl: Barracuda 318 V8/Cuda 360	fallback	Plymouth Barracuda 1970 Coupe 原子事实对应多条候选记录
非皮卡	高度压缩两两组合	Plymouth	Fury/Fury	Fury	/	/	3XXL-0	1956/1957-1958	Hardtop/Coupe	Belvedere Fury/			1956-1958	Coupe/Hardtop	Incl: Belvedere Fury	success	
非皮卡	高度压缩两两组合	Plymouth	Fury/Fury	Fury	/	/	3XXL-0	1956-1958/1963	Coupe/Hardtop/Convertible	Incl: Belvedere Fury/Sport Fury			1956-1963	Convertible/Coupe/Hardtop	Incl: Belvedere Fury/Sport Fury	fallback	Plymouth Fury 1959 Convertible 原子事实对应多条候选记录
非皮卡	高度压缩两两组合	Plymouth	Fury/Fury	Fury	/	/	3XXL-0	1956-1958/1963-1964	Coupe/Hardtop/Coupe	Incl: Belvedere Fury/			1956-1964	Coupe/Hardtop	Incl: Belvedere Fury	fallback	Plymouth Fury 1959 Coupe 原子事实对应多条候选记录
非皮卡	高度压缩两两组合	Plymouth	Fury/Fury	Fury	/	/	3XXL-0	1956-1958/1964	Coupe/Hardtop/Convertible	Incl: Belvedere Fury/			1956-1964	Convertible/Coupe/Hardtop	Incl: Belvedere Fury	fallback	Plymouth Fury 1959 Coupe 原子事实对应多条候选记录
非皮卡	高度压缩两两组合	Plymouth	Fury/Fury	Fury	/	/	3XXXL-0	1959/1959	Convertible/Coupe	Sport Fury/			1959	Convertible/Coupe	Incl: Sport Fury	success	
非皮卡	高度压缩两两组合	Plymouth	Fury/Fury	Fury	/	/	3XXL-0	1956-1958/1963	Coupe/Hardtop/Convertible	Incl: Belvedere Fury/Sport Fury			1956-1963	Convertible/Coupe/Hardtop	Incl: Belvedere Fury/Sport Fury	fallback	Plymouth Fury 1959 Convertible 原子事实对应多条候选记录
非皮卡	高度压缩两两组合	Plymouth	Fury/Fury	Fury	/	/	3XXL-0	1956-1958/1963-1964	Coupe/Hardtop/Coupe	Incl: Belvedere Fury/			1956-1964	Coupe/Hardtop	Incl: Belvedere Fury	fallback	Plymouth Fury 1959 Coupe 原子事实对应多条候选记录
非皮卡	高度压缩两两组合	Plymouth	Fury/Fury	Fury	/	/	3XXL-0	1956-1958/1964	Coupe/Hardtop/Convertible	Incl: Belvedere Fury/			1956-1964	Convertible/Coupe/Hardtop	Incl: Belvedere Fury	fallback	Plymouth Fury 1959 Coupe 原子事实对应多条候选记录
非皮卡	高度压缩两两组合	Plymouth	Fury/Fury	Fury	/	/	3XXXL-0	1959/1960	Convertible/Coupe/Coupe	Incl: Sport Fury/2dr Hardtop V-800			1959-1960	Convertible/Coupe	Incl: 2dr Hardtop V-800/Sport Fury	success	
非皮卡	高度压缩两两组合	Plymouth	Fury/Fury	Fury	/	/	3XXL-0	1956-1958/1963	Coupe/Hardtop/Convertible	Incl: Belvedere Fury/Sport Fury			1956-1963	Convertible/Coupe/Hardtop	Incl: Belvedere Fury/Sport Fury	fallback	Plymouth Fury 1959 Convertible 原子事实对应多条候选记录
非皮卡	高度压缩两两组合	Plymouth	Fury/Fury	Fury	/	/	3XXL-0	1956-1958/1963-1964	Coupe/Hardtop/Coupe	Incl: Belvedere Fury/			1956-1964	Coupe/Hardtop	Incl: Belvedere Fury	fallback	Plymouth Fury 1959 Coupe 原子事实对应多条候选记录
非皮卡	高度压缩两两组合	Plymouth	Fury/Fury	Fury	/	/	3XXL-0	1956-1958/1964	Coupe/Hardtop/Convertible	Incl: Belvedere Fury/			1956-1964	Convertible/Coupe/Hardtop	Incl: Belvedere Fury	fallback	Plymouth Fury 1959 Coupe 原子事实对应多条候选记录
非皮卡	高度压缩两两组合	Plymouth	Fury/Fury	Fury	/	/	3XXXL-0	1959-1960/1961	Convertible/Coupe/Convertible	Incl: 2dr Hardtop V-800/Sport Fury/			1959-1961	Convertible/Coupe	Incl: 2dr Hardtop V-800/Sport Fury	fallback	Plymouth Fury 1961 Coupe 原子事实对应多条候选记录
非皮卡	高度压缩两两组合	Plymouth	Fury/Fury	Fury	/	/	3XXXL-0	1959-1960/1961	Convertible/Coupe/Coupe	Incl: 2dr Hardtop V-800/Sport Fury/			1959-1961	Convertible/Coupe	Incl: 2dr Hardtop V-800/Sport Fury	fallback	Plymouth Fury 1961 Convertible 原子事实对应多条候选记录
非皮卡	高度压缩两两组合	Plymouth	Fury/Fury	Fury	/	/	3XXXL-0	1959-1960/1965-1966	Convertible/Coupe/Convertible	Incl: 2dr Hardtop V-800/Sport Fury/			1959-1966	Convertible/Coupe	Incl: 2dr Hardtop V-800/Sport Fury	fallback	Plymouth Fury 1961 Convertible 原子事实对应多条候选记录
非皮卡	高度压缩两两组合	Plymouth	Fury/Fury	Fury	/	/	3XXXL-0	1959-1960/1965-1972	Convertible/Coupe/Coupe	Incl: 2dr Hardtop V-800/Sport Fury/			1959-1972	Convertible/Coupe	Incl: 2dr Hardtop V-800/Sport Fury	fallback	Plymouth Fury 1961 Convertible 原子事实对应多条候选记录
非皮卡	高度压缩两两组合	Plymouth	Fury/Fury	Fury	/	/	3XXXL-0	1959-1960/1968	Convertible/Coupe/Convertible	Incl: 2dr Hardtop V-800/Sport Fury/			1959-1968	Convertible/Coupe	Incl: 2dr Hardtop V-800/Sport Fury	fallback	Plymouth Fury 1961 Convertible 原子事实对应多条候选记录
非皮卡	高度压缩两两组合	Plymouth	Fury/Fury	Fury	/	/	3XXXL-0	1959-1960/1968	Convertible/Coupe/Coupe	Incl: 2dr Hardtop V-800/Sport Fury/Fast Top			1959-1968	Convertible/Coupe	Incl: 2dr Hardtop V-800/Fast Top/Sport Fury	fallback	Plymouth Fury 1961 Convertible 原子事实对应多条候选记录
非皮卡	高度压缩两两组合	Plymouth	Fury/Fury	Fury	/	/	3XXXL-0	1959-1960/1968	Convertible/Coupe/Coupe	Incl: 2dr Hardtop V-800/Sport Fury/Hardtop			1959-1968	Convertible/Coupe	Incl: 2dr Hardtop V-800/Hardtop/Sport Fury	fallback	Plymouth Fury 1961 Convertible 原子事实对应多条候选记录
非皮卡	高度压缩两两组合	Plymouth	Fury/Fury	Fury	/	/	3XXXL-0	1959-1960/1975-1978	Convertible/Coupe/Coupe	Incl: 2dr Hardtop V-800/Sport Fury/			1959-1978	Convertible/Coupe	Incl: 2dr Hardtop V-800/Sport Fury	fallback	Plymouth Fury 1961 Convertible 原子事实对应多条候选记录
非皮卡	高度压缩两两组合	Plymouth	Fury/Fury	Fury	/	/	3XXXL	1959-1961/1960	Sedan/Sedan	/4dr Hardtop V-800			1959-1961	Sedan	Incl: 4dr Hardtop V-800	success	
非皮卡	高度压缩两两组合	Plymouth	Fury/Fury	Fury	/	/	3XXL-0	1956-1958/1963	Coupe/Hardtop/Convertible	Incl: Belvedere Fury/Sport Fury			1956-1963	Convertible/Coupe/Hardtop	Incl: Belvedere Fury/Sport Fury	fallback	Plymouth Fury 1959 Convertible 原子事实对应多条候选记录
非皮卡	高度压缩两两组合	Plymouth	Fury/Fury	Fury	/	/	3XXL-0	1956-1958/1963-1964	Coupe/Hardtop/Coupe	Incl: Belvedere Fury/			1956-1964	Coupe/Hardtop	Incl: Belvedere Fury	fallback	Plymouth Fury 1959 Coupe 原子事实对应多条候选记录
非皮卡	高度压缩两两组合	Plymouth	Fury/Fury	Fury	/	/	3XXL-0	1956-1958/1964	Coupe/Hardtop/Convertible	Incl: Belvedere Fury/			1956-1964	Convertible/Coupe/Hardtop	Incl: Belvedere Fury	fallback	Plymouth Fury 1959 Coupe 原子事实对应多条候选记录
非皮卡	高度压缩两两组合	Plymouth	Fury/Fury	Fury	/	/	3XXXL-0	1959-1960/1961	Convertible/Coupe/Convertible	Incl: 2dr Hardtop V-800/Sport Fury/			1959-1961	Convertible/Coupe	Incl: 2dr Hardtop V-800/Sport Fury	fallback	Plymouth Fury 1961 Coupe 原子事实对应多条候选记录
非皮卡	高度压缩两两组合	Plymouth	Fury/Fury	Fury	/	/	3XXXL-0	1959-1960/1961	Convertible/Coupe/Coupe	Incl: 2dr Hardtop V-800/Sport Fury/			1959-1961	Convertible/Coupe	Incl: 2dr Hardtop V-800/Sport Fury	fallback	Plymouth Fury 1961 Convertible 原子事实对应多条候选记录
非皮卡	高度压缩两两组合	Plymouth	Fury/Fury	Fury	/	/	3XXXL-0	1959-1960/1965-1966	Convertible/Coupe/Convertible	Incl: 2dr Hardtop V-800/Sport Fury/			1959-1966	Convertible/Coupe	Incl: 2dr Hardtop V-800/Sport Fury	fallback	Plymouth Fury 1961 Convertible 原子事实对应多条候选记录
非皮卡	高度压缩两两组合	Plymouth	Fury/Fury	Fury	/	/	3XXXL-0	1959-1960/1965-1972	Convertible/Coupe/Coupe	Incl: 2dr Hardtop V-800/Sport Fury/			1959-1972	Convertible/Coupe	Incl: 2dr Hardtop V-800/Sport Fury	fallback	Plymouth Fury 1961 Convertible 原子事实对应多条候选记录
非皮卡	高度压缩两两组合	Plymouth	Fury/Fury	Fury	/	/	3XXXL-0	1959-1960/1968	Convertible/Coupe/Convertible	Incl: 2dr Hardtop V-800/Sport Fury/			1959-1968	Convertible/Coupe	Incl: 2dr Hardtop V-800/Sport Fury	fallback	Plymouth Fury 1961 Convertible 原子事实对应多条候选记录
非皮卡	高度压缩两两组合	Plymouth	Fury/Fury	Fury	/	/	3XXXL-0	1959-1960/1968	Convertible/Coupe/Coupe	Incl: 2dr Hardtop V-800/Sport Fury/Fast Top			1959-1968	Convertible/Coupe	Incl: 2dr Hardtop V-800/Fast Top/Sport Fury	fallback	Plymouth Fury 1961 Convertible 原子事实对应多条候选记录
非皮卡	高度压缩两两组合	Plymouth	Fury/Fury	Fury	/	/	3XXXL-0	1959-1960/1968	Convertible/Coupe/Coupe	Incl: 2dr Hardtop V-800/Sport Fury/Hardtop			1959-1968	Convertible/Coupe	Incl: 2dr Hardtop V-800/Hardtop/Sport Fury	fallback	Plymouth Fury 1961 Convertible 原子事实对应多条候选记录
非皮卡	高度压缩两两组合	Plymouth	Fury/Fury	Fury	/	/	3XXXL-0	1959-1960/1975-1978	Convertible/Coupe/Coupe	Incl: 2dr Hardtop V-800/Sport Fury/			1959-1978	Convertible/Coupe	Incl: 2dr Hardtop V-800/Sport Fury	fallback	Plymouth Fury 1961 Convertible 原子事实对应多条候选记录
非皮卡	高度压缩两两组合	Plymouth	Fury/Fury	Fury	/	/	3XXXL	1959-1961/1965-1972	Sedan/Sedan	Incl: 4dr Hardtop V-800/			1959-1972	Sedan	Incl: 4dr Hardtop V-800	fallback	Plymouth Fury 1962 Sedan 原子事实对应多条候选记录
非皮卡	高度压缩两两组合	Plymouth	Fury/Fury	Fury	/	/	3XXXL	1959-1961/1975-1978	Sedan/Sedan	Incl: 4dr Hardtop V-800/			1959-1978	Sedan	Incl: 4dr Hardtop V-800	fallback	Plymouth Fury 1962 Sedan 原子事实对应多条候选记录
非皮卡	高度压缩两两组合	Plymouth	Fury/Fury	Fury	/	/	3XXXL-0	1961/1961	Convertible/Coupe	/			1961	Convertible/Coupe		success	
非皮卡	高度压缩两两组合	Plymouth	Fury/Fury	Fury	/	/	3XXL-0	1956-1958/1963	Coupe/Hardtop/Convertible	Incl: Belvedere Fury/Sport Fury			1956-1963	Convertible/Coupe/Hardtop	Incl: Belvedere Fury/Sport Fury	fallback	Plymouth Fury 1959 Convertible 原子事实对应多条候选记录
非皮卡	高度压缩两两组合	Plymouth	Fury/Fury	Fury	/	/	3XXL-0	1956-1958/1963-1964	Coupe/Hardtop/Coupe	Incl: Belvedere Fury/			1956-1964	Coupe/Hardtop	Incl: Belvedere Fury	fallback	Plymouth Fury 1959 Coupe 原子事实对应多条候选记录
非皮卡	高度压缩两两组合	Plymouth	Fury/Fury	Fury	/	/	3XXL-0	1956-1958/1964	Coupe/Hardtop/Convertible	Incl: Belvedere Fury/			1956-1964	Convertible/Coupe/Hardtop	Incl: Belvedere Fury	fallback	Plymouth Fury 1959 Coupe 原子事实对应多条候选记录
非皮卡	高度压缩两两组合	Plymouth	Fury/Fury	Fury	/	/	3XXXL-0	1959-1960/1961	Convertible/Coupe/Convertible/Coupe	Incl: 2dr Hardtop V-800/Sport Fury/			1959-1961	Convertible/Coupe	Incl: 2dr Hardtop V-800/Sport Fury	success	
非皮卡	高度压缩两两组合	Plymouth	Fury/Fury	Fury	/	/	3XXL-0	1956-1958/1963	Coupe/Hardtop/Convertible	Incl: Belvedere Fury/Sport Fury			1956-1963	Convertible/Coupe/Hardtop	Incl: Belvedere Fury/Sport Fury	fallback	Plymouth Fury 1959 Convertible 原子事实对应多条候选记录
非皮卡	高度压缩两两组合	Plymouth	Fury/Fury	Fury	/	/	3XXL-0	1956-1958/1963-1964	Coupe/Hardtop/Coupe	Incl: Belvedere Fury/			1956-1964	Coupe/Hardtop	Incl: Belvedere Fury	fallback	Plymouth Fury 1959 Coupe 原子事实对应多条候选记录
非皮卡	高度压缩两两组合	Plymouth	Fury/Fury	Fury	/	/	3XXL-0	1956-1958/1964	Coupe/Hardtop/Convertible	Incl: Belvedere Fury/			1956-1964	Convertible/Coupe/Hardtop	Incl: Belvedere Fury	fallback	Plymouth Fury 1959 Coupe 原子事实对应多条候选记录
非皮卡	高度压缩两两组合	Plymouth	Fury/Fury	Fury	/	/	3XXXL	1959-1961/1965-1972	Sedan/Sedan	Incl: 4dr Hardtop V-800/			1959-1972	Sedan	Incl: 4dr Hardtop V-800	fallback	Plymouth Fury 1962 Sedan 原子事实对应多条候选记录
非皮卡	高度压缩两两组合	Plymouth	Fury/Fury	Fury	/	/	3XXXL	1959-1961/1975-1978	Sedan/Sedan	Incl: 4dr Hardtop V-800/			1959-1978	Sedan	Incl: 4dr Hardtop V-800	fallback	Plymouth Fury 1962 Sedan 原子事实对应多条候选记录
非皮卡	高度压缩两两组合	Plymouth	Fury/Fury	Fury	/	/	3XXXL-0	1959-1961/1965-1966	Convertible/Coupe/Convertible	Incl: 2dr Hardtop V-800/Sport Fury/			1959-1966	Convertible/Coupe	Incl: 2dr Hardtop V-800/Sport Fury	fallback	Plymouth Fury 1962 Convertible 原子事实对应多条候选记录
非皮卡	高度压缩两两组合	Plymouth	Fury/Fury	Fury	/	/	3XXXL-0	1959-1961/1965-1972	Convertible/Coupe/Coupe	Incl: 2dr Hardtop V-800/Sport Fury/			1959-1972	Convertible/Coupe	Incl: 2dr Hardtop V-800/Sport Fury	fallback	Plymouth Fury 1962 Convertible 原子事实对应多条候选记录
非皮卡	高度压缩两两组合	Plymouth	Fury/Fury	Fury	/	/	3XXXL-0	1959-1961/1968	Convertible/Coupe/Convertible	Incl: 2dr Hardtop V-800/Sport Fury/			1959-1968	Convertible/Coupe	Incl: 2dr Hardtop V-800/Sport Fury	fallback	Plymouth Fury 1962 Convertible 原子事实对应多条候选记录
非皮卡	高度压缩两两组合	Plymouth	Fury/Fury	Fury	/	/	3XXXL-0	1959-1961/1968	Convertible/Coupe/Coupe	Incl: 2dr Hardtop V-800/Sport Fury/Fast Top			1959-1968	Convertible/Coupe	Incl: 2dr Hardtop V-800/Fast Top/Sport Fury	fallback	Plymouth Fury 1962 Convertible 原子事实对应多条候选记录
非皮卡	高度压缩两两组合	Plymouth	Fury/Fury	Fury	/	/	3XXXL-0	1959-1961/1968	Convertible/Coupe/Coupe	Incl: 2dr Hardtop V-800/Sport Fury/Hardtop			1959-1968	Convertible/Coupe	Incl: 2dr Hardtop V-800/Hardtop/Sport Fury	fallback	Plymouth Fury 1962 Convertible 原子事实对应多条候选记录
非皮卡	高度压缩两两组合	Plymouth	Fury/Fury	Fury	/	/	3XXXL-0	1959-1961/1975-1978	Convertible/Coupe/Coupe	Incl: 2dr Hardtop V-800/Sport Fury/			1959-1978	Convertible/Coupe	Incl: 2dr Hardtop V-800/Sport Fury	fallback	Plymouth Fury 1962 Convertible 原子事实对应多条候选记录
非皮卡	高度压缩两两组合	Plymouth	Fury/Fury	Fury	/	/	3XL+0	1962/1962	Convertible/Coupe	/			1962	Convertible/Coupe		success	
非皮卡	高度压缩两两组合	Plymouth	Fury/Fury	Fury	/	/	3XXL-0	1956-1958/1963	Coupe/Hardtop/Convertible	Incl: Belvedere Fury/Sport Fury			1956-1963	Convertible/Coupe/Hardtop	Incl: Belvedere Fury/Sport Fury	fallback	Plymouth Fury 1959 Convertible 原子事实对应多条候选记录
非皮卡	高度压缩两两组合	Plymouth	Fury/Fury	Fury	/	/	3XXL-0	1956-1958/1963-1964	Coupe/Hardtop/Coupe	Incl: Belvedere Fury/			1956-1964	Coupe/Hardtop	Incl: Belvedere Fury	fallback	Plymouth Fury 1959 Coupe 原子事实对应多条候选记录
非皮卡	高度压缩两两组合	Plymouth	Fury/Fury	Fury	/	/	3XXL-0	1956-1958/1964	Coupe/Hardtop/Convertible	Incl: Belvedere Fury/			1956-1964	Convertible/Coupe/Hardtop	Incl: Belvedere Fury	fallback	Plymouth Fury 1959 Coupe 原子事实对应多条候选记录
非皮卡	高度压缩两两组合	Plymouth	Fury/Fury	Fury	/	/	3XXXL	1959-1961/1965-1972	Sedan/Sedan	Incl: 4dr Hardtop V-800/			1959-1972	Sedan	Incl: 4dr Hardtop V-800	fallback	Plymouth Fury 1962 Sedan 原子事实对应多条候选记录
非皮卡	高度压缩两两组合	Plymouth	Fury/Fury	Fury	/	/	3XXXL	1959-1961/1975-1978	Sedan/Sedan	Incl: 4dr Hardtop V-800/			1959-1978	Sedan	Incl: 4dr Hardtop V-800	fallback	Plymouth Fury 1962 Sedan 原子事实对应多条候选记录
非皮卡	高度压缩两两组合	Plymouth	Fury/Fury	Fury	/	/	3XXXL-0	1959-1961/1965-1966	Convertible/Coupe/Convertible	Incl: 2dr Hardtop V-800/Sport Fury/			1959-1966	Convertible/Coupe	Incl: 2dr Hardtop V-800/Sport Fury	fallback	Plymouth Fury 1962 Convertible 原子事实对应多条候选记录
非皮卡	高度压缩两两组合	Plymouth	Fury/Fury	Fury	/	/	3XXXL-0	1959-1961/1965-1972	Convertible/Coupe/Coupe	Incl: 2dr Hardtop V-800/Sport Fury/			1959-1972	Convertible/Coupe	Incl: 2dr Hardtop V-800/Sport Fury	fallback	Plymouth Fury 1962 Convertible 原子事实对应多条候选记录
非皮卡	高度压缩两两组合	Plymouth	Fury/Fury	Fury	/	/	3XXXL-0	1959-1961/1968	Convertible/Coupe/Convertible	Incl: 2dr Hardtop V-800/Sport Fury/			1959-1968	Convertible/Coupe	Incl: 2dr Hardtop V-800/Sport Fury	fallback	Plymouth Fury 1962 Convertible 原子事实对应多条候选记录
非皮卡	高度压缩两两组合	Plymouth	Fury/Fury	Fury	/	/	3XXXL-0	1959-1961/1968	Convertible/Coupe/Coupe	Incl: 2dr Hardtop V-800/Sport Fury/Fast Top			1959-1968	Convertible/Coupe	Incl: 2dr Hardtop V-800/Fast Top/Sport Fury	fallback	Plymouth Fury 1962 Convertible 原子事实对应多条候选记录
非皮卡	高度压缩两两组合	Plymouth	Fury/Fury	Fury	/	/	3XXXL-0	1959-1961/1968	Convertible/Coupe/Coupe	Incl: 2dr Hardtop V-800/Sport Fury/Hardtop			1959-1968	Convertible/Coupe	Incl: 2dr Hardtop V-800/Hardtop/Sport Fury	fallback	Plymouth Fury 1962 Convertible 原子事实对应多条候选记录
非皮卡	高度压缩两两组合	Plymouth	Fury/Fury	Fury	/	/	3XXXL-0	1959-1961/1975-1978	Convertible/Coupe/Coupe	Incl: 2dr Hardtop V-800/Sport Fury/			1959-1978	Convertible/Coupe	Incl: 2dr Hardtop V-800/Sport Fury	fallback	Plymouth Fury 1962 Convertible 原子事实对应多条候选记录
非皮卡	高度压缩两两组合	Plymouth	Fury/Fury	Fury	/	/	3XXL-0	1963/1963-1964	Convertible/Coupe	Sport Fury/			1963-1964	Convertible/Coupe	Incl: Sport Fury	fallback	Plymouth Fury 1964 Convertible 原子事实对应多条候选记录
非皮卡	高度压缩两两组合	Plymouth	Fury/Fury	Fury	/	/	3XXL-0	1963/1964	Convertible/Convertible	Sport Fury/			1963-1964	Convertible	Incl: Sport Fury	success	
非皮卡	高度压缩两两组合	Plymouth	Fury/Fury	Fury	/	/	3XXL-0	1956-1958/1963-1964	Coupe/Hardtop/Convertible	Incl: Belvedere Fury/Incl: Sport Fury			1956-1964	Convertible/Coupe/Hardtop	Incl: Belvedere Fury/Sport Fury	fallback	Plymouth Fury 1959 Convertible 原子事实对应多条候选记录
非皮卡	高度压缩两两组合	Plymouth	Fury/Fury	Fury	/	/	3XXL-0	1956-1958/1963-1964	Coupe/Hardtop/Coupe	Incl: Belvedere Fury/			1956-1964	Coupe/Hardtop	Incl: Belvedere Fury	fallback	Plymouth Fury 1959 Coupe 原子事实对应多条候选记录
非皮卡	高度压缩两两组合	Plymouth	Fury/Fury	Fury	/	/	3XXXL	1959-1961/1965-1972	Sedan/Sedan	Incl: 4dr Hardtop V-800/			1959-1972	Sedan	Incl: 4dr Hardtop V-800	fallback	Plymouth Fury 1962 Sedan 原子事实对应多条候选记录
非皮卡	高度压缩两两组合	Plymouth	Fury/Fury	Fury	/	/	3XXXL	1959-1961/1975-1978	Sedan/Sedan	Incl: 4dr Hardtop V-800/			1959-1978	Sedan	Incl: 4dr Hardtop V-800	fallback	Plymouth Fury 1962 Sedan 原子事实对应多条候选记录
非皮卡	高度压缩两两组合	Plymouth	Fury/Fury	Fury	/	/	3XXXL-0	1959-1961/1965-1966	Convertible/Coupe/Convertible	Incl: 2dr Hardtop V-800/Sport Fury/			1959-1966	Convertible/Coupe	Incl: 2dr Hardtop V-800/Sport Fury	fallback	Plymouth Fury 1962 Convertible 原子事实对应多条候选记录
非皮卡	高度压缩两两组合	Plymouth	Fury/Fury	Fury	/	/	3XXXL-0	1959-1961/1965-1972	Convertible/Coupe/Coupe	Incl: 2dr Hardtop V-800/Sport Fury/			1959-1972	Convertible/Coupe	Incl: 2dr Hardtop V-800/Sport Fury	fallback	Plymouth Fury 1962 Convertible 原子事实对应多条候选记录
非皮卡	高度压缩两两组合	Plymouth	Fury/Fury	Fury	/	/	3XXXL-0	1959-1961/1968	Convertible/Coupe/Convertible	Incl: 2dr Hardtop V-800/Sport Fury/			1959-1968	Convertible/Coupe	Incl: 2dr Hardtop V-800/Sport Fury	fallback	Plymouth Fury 1962 Convertible 原子事实对应多条候选记录
非皮卡	高度压缩两两组合	Plymouth	Fury/Fury	Fury	/	/	3XXXL-0	1959-1961/1968	Convertible/Coupe/Coupe	Incl: 2dr Hardtop V-800/Sport Fury/Fast Top			1959-1968	Convertible/Coupe	Incl: 2dr Hardtop V-800/Fast Top/Sport Fury	fallback	Plymouth Fury 1962 Convertible 原子事实对应多条候选记录
非皮卡	高度压缩两两组合	Plymouth	Fury/Fury	Fury	/	/	3XXXL-0	1959-1961/1968	Convertible/Coupe/Coupe	Incl: 2dr Hardtop V-800/Sport Fury/Hardtop			1959-1968	Convertible/Coupe	Incl: 2dr Hardtop V-800/Hardtop/Sport Fury	fallback	Plymouth Fury 1962 Convertible 原子事实对应多条候选记录
非皮卡	高度压缩两两组合	Plymouth	Fury/Fury	Fury	/	/	3XXXL-0	1959-1961/1975-1978	Convertible/Coupe/Coupe	Incl: 2dr Hardtop V-800/Sport Fury/			1959-1978	Convertible/Coupe	Incl: 2dr Hardtop V-800/Sport Fury	fallback	Plymouth Fury 1962 Convertible 原子事实对应多条候选记录
非皮卡	高度压缩两两组合	Plymouth	Fury/Fury	Fury	/	/	3XXL-0	1963-1964/1963-1964	Convertible/Coupe	Incl: Sport Fury/			1963-1964	Convertible/Coupe	Incl: Sport Fury	success	
非皮卡	高度压缩两两组合	Plymouth	Fury/Fury	Fury	/	/	3XXL-0	1956-1958/1963-1964	Coupe/Hardtop/Convertible/Coupe	Incl: Belvedere Fury/Incl: Sport Fury			1956-1964	Convertible/Coupe/Hardtop	Incl: Belvedere Fury/Sport Fury	fallback	Plymouth Fury 1959 Convertible 原子事实对应多条候选记录
非皮卡	高度压缩两两组合	Plymouth	Fury/Fury	Fury	/	/	3XXXL	1959-1961/1965-1972	Sedan/Sedan	Incl: 4dr Hardtop V-800/			1959-1972	Sedan	Incl: 4dr Hardtop V-800	fallback	Plymouth Fury 1962 Sedan 原子事实对应多条候选记录
非皮卡	高度压缩两两组合	Plymouth	Fury/Fury	Fury	/	/	3XXXL	1959-1961/1975-1978	Sedan/Sedan	Incl: 4dr Hardtop V-800/			1959-1978	Sedan	Incl: 4dr Hardtop V-800	fallback	Plymouth Fury 1962 Sedan 原子事实对应多条候选记录
非皮卡	高度压缩两两组合	Plymouth	Fury/Fury	Fury	/	/	3XXXL-0	1959-1961/1965-1966	Convertible/Coupe/Convertible	Incl: 2dr Hardtop V-800/Sport Fury/			1959-1966	Convertible/Coupe	Incl: 2dr Hardtop V-800/Sport Fury	fallback	Plymouth Fury 1962 Convertible 原子事实对应多条候选记录
非皮卡	高度压缩两两组合	Plymouth	Fury/Fury	Fury	/	/	3XXXL-0	1959-1961/1965-1972	Convertible/Coupe/Coupe	Incl: 2dr Hardtop V-800/Sport Fury/			1959-1972	Convertible/Coupe	Incl: 2dr Hardtop V-800/Sport Fury	fallback	Plymouth Fury 1962 Convertible 原子事实对应多条候选记录
非皮卡	高度压缩两两组合	Plymouth	Fury/Fury	Fury	/	/	3XXXL-0	1959-1961/1968	Convertible/Coupe/Convertible	Incl: 2dr Hardtop V-800/Sport Fury/			1959-1968	Convertible/Coupe	Incl: 2dr Hardtop V-800/Sport Fury	fallback	Plymouth Fury 1962 Convertible 原子事实对应多条候选记录
非皮卡	高度压缩两两组合	Plymouth	Fury/Fury	Fury	/	/	3XXXL-0	1959-1961/1968	Convertible/Coupe/Coupe	Incl: 2dr Hardtop V-800/Sport Fury/Fast Top			1959-1968	Convertible/Coupe	Incl: 2dr Hardtop V-800/Fast Top/Sport Fury	fallback	Plymouth Fury 1962 Convertible 原子事实对应多条候选记录
非皮卡	高度压缩两两组合	Plymouth	Fury/Fury	Fury	/	/	3XXXL-0	1959-1961/1968	Convertible/Coupe/Coupe	Incl: 2dr Hardtop V-800/Sport Fury/Hardtop			1959-1968	Convertible/Coupe	Incl: 2dr Hardtop V-800/Hardtop/Sport Fury	fallback	Plymouth Fury 1962 Convertible 原子事实对应多条候选记录
非皮卡	高度压缩两两组合	Plymouth	Fury/Fury	Fury	/	/	3XXXL-0	1959-1961/1975-1978	Convertible/Coupe/Coupe	Incl: 2dr Hardtop V-800/Sport Fury/			1959-1978	Convertible/Coupe	Incl: 2dr Hardtop V-800/Sport Fury	fallback	Plymouth Fury 1962 Convertible 原子事实对应多条候选记录
非皮卡	高度压缩两两组合	Plymouth	Fury/Fury	Fury	/	/	3XXXL-0	1965-1966/1965-1972	Convertible/Coupe	/			1965-1972	Convertible/Coupe		fallback	Plymouth Fury 1968 Convertible 原子事实对应多条候选记录
非皮卡	高度压缩两两组合	Plymouth	Fury/Fury	Fury	/	/	3XXXL-0	1965-1966/1968	Convertible/Convertible	/			1965-1968	Convertible		success	
非皮卡	高度压缩两两组合	Plymouth	Fury/Fury	Fury	/	/	3XXL-0	1956-1958/1963-1964	Coupe/Hardtop/Convertible/Coupe	Incl: Belvedere Fury/Incl: Sport Fury			1956-1964	Convertible/Coupe/Hardtop	Incl: Belvedere Fury/Sport Fury	fallback	Plymouth Fury 1959 Convertible 原子事实对应多条候选记录
非皮卡	高度压缩两两组合	Plymouth	Fury/Fury	Fury	/	/	3XXXL	1959-1961/1965-1972	Sedan/Sedan	Incl: 4dr Hardtop V-800/			1959-1972	Sedan	Incl: 4dr Hardtop V-800	fallback	Plymouth Fury 1962 Sedan 原子事实对应多条候选记录
非皮卡	高度压缩两两组合	Plymouth	Fury/Fury	Fury	/	/	3XXXL	1959-1961/1975-1978	Sedan/Sedan	Incl: 4dr Hardtop V-800/			1959-1978	Sedan	Incl: 4dr Hardtop V-800	fallback	Plymouth Fury 1962 Sedan 原子事实对应多条候选记录
非皮卡	高度压缩两两组合	Plymouth	Fury/Fury	Fury	/	/	3XXXL-0	1959-1961/1965-1968	Convertible/Coupe/Convertible	Incl: 2dr Hardtop V-800/Sport Fury/			1959-1968	Convertible/Coupe	Incl: 2dr Hardtop V-800/Sport Fury	fallback	Plymouth Fury 1962 Convertible 原子事实对应多条候选记录
非皮卡	高度压缩两两组合	Plymouth	Fury/Fury	Fury	/	/	3XXXL-0	1959-1961/1965-1972	Convertible/Coupe/Coupe	Incl: 2dr Hardtop V-800/Sport Fury/			1959-1972	Convertible/Coupe	Incl: 2dr Hardtop V-800/Sport Fury	fallback	Plymouth Fury 1962 Convertible 原子事实对应多条候选记录
非皮卡	高度压缩两两组合	Plymouth	Fury/Fury	Fury	/	/	3XXXL-0	1959-1961/1968	Convertible/Coupe/Coupe	Incl: 2dr Hardtop V-800/Sport Fury/Fast Top			1959-1968	Convertible/Coupe	Incl: 2dr Hardtop V-800/Fast Top/Sport Fury	fallback	Plymouth Fury 1962 Convertible 原子事实对应多条候选记录
非皮卡	高度压缩两两组合	Plymouth	Fury/Fury	Fury	/	/	3XXXL-0	1959-1961/1968	Convertible/Coupe/Coupe	Incl: 2dr Hardtop V-800/Sport Fury/Hardtop			1959-1968	Convertible/Coupe	Incl: 2dr Hardtop V-800/Hardtop/Sport Fury	fallback	Plymouth Fury 1962 Convertible 原子事实对应多条候选记录
非皮卡	高度压缩两两组合	Plymouth	Fury/Fury	Fury	/	/	3XXXL-0	1959-1961/1975-1978	Convertible/Coupe/Coupe	Incl: 2dr Hardtop V-800/Sport Fury/			1959-1978	Convertible/Coupe	Incl: 2dr Hardtop V-800/Sport Fury	fallback	Plymouth Fury 1962 Convertible 原子事实对应多条候选记录
非皮卡	高度压缩两两组合	Plymouth	Fury/Fury	Fury	/	/	3XXXL-0	1965-1968/1965-1972	Convertible/Coupe	/			1965-1972	Convertible/Coupe		success	
非皮卡	高度压缩两两组合	Plymouth	Fury/Fury	Fury	/	/	3XXL-0	1956-1958/1963-1964	Coupe/Hardtop/Convertible/Coupe	Incl: Belvedere Fury/Incl: Sport Fury			1956-1964	Convertible/Coupe/Hardtop	Incl: Belvedere Fury/Sport Fury	fallback	Plymouth Fury 1959 Convertible 原子事实对应多条候选记录
非皮卡	高度压缩两两组合	Plymouth	Fury/Fury	Fury	/	/	3XXXL	1959-1961/1965-1972	Sedan/Sedan	Incl: 4dr Hardtop V-800/			1959-1972	Sedan	Incl: 4dr Hardtop V-800	fallback	Plymouth Fury 1962 Sedan 原子事实对应多条候选记录
非皮卡	高度压缩两两组合	Plymouth	Fury/Fury	Fury	/	/	3XXXL	1959-1961/1975-1978	Sedan/Sedan	Incl: 4dr Hardtop V-800/			1959-1978	Sedan	Incl: 4dr Hardtop V-800	fallback	Plymouth Fury 1962 Sedan 原子事实对应多条候选记录
非皮卡	高度压缩两两组合	Plymouth	Fury/Fury	Fury	/	/	3XXXL-0	1959-1961/1965-1972	Convertible/Coupe/Convertible/Coupe	Incl: 2dr Hardtop V-800/Sport Fury/			1959-1972	Convertible/Coupe	Incl: 2dr Hardtop V-800/Sport Fury	fallback	Plymouth Fury 1962 Convertible 原子事实对应多条候选记录
非皮卡	高度压缩两两组合	Plymouth	Fury/Fury	Fury	/	/	3XXXL-0	1959-1961/1968	Convertible/Coupe/Coupe	Incl: 2dr Hardtop V-800/Sport Fury/Fast Top			1959-1968	Convertible/Coupe	Incl: 2dr Hardtop V-800/Fast Top/Sport Fury	fallback	Plymouth Fury 1962 Convertible 原子事实对应多条候选记录
非皮卡	高度压缩两两组合	Plymouth	Fury/Fury	Fury	/	/	3XXXL-0	1959-1961/1968	Convertible/Coupe/Coupe	Incl: 2dr Hardtop V-800/Sport Fury/Hardtop			1959-1968	Convertible/Coupe	Incl: 2dr Hardtop V-800/Hardtop/Sport Fury	fallback	Plymouth Fury 1962 Convertible 原子事实对应多条候选记录
非皮卡	高度压缩两两组合	Plymouth	Fury/Fury	Fury	/	/	3XXXL-0	1959-1961/1975-1978	Convertible/Coupe/Coupe	Incl: 2dr Hardtop V-800/Sport Fury/			1959-1978	Convertible/Coupe	Incl: 2dr Hardtop V-800/Sport Fury	fallback	Plymouth Fury 1962 Convertible 原子事实对应多条候选记录
非皮卡	高度压缩两两组合	Plymouth	Fury/Fury	Fury	/	/	3XXXL	1965-1972/1975-1978	Sedan/Sedan	/			1965-1978	Sedan		fallback	Plymouth Fury 1973 Sedan 原子事实对应多条候选记录
非皮卡	高度压缩两两组合	Plymouth	Fury/Fury	Fury	/	/	3XXXL-0	1965-1972/1968	Convertible/Coupe/Coupe	/Fast Top			1965-1972	Convertible/Coupe	Incl: Fast Top	success	
非皮卡	高度压缩两两组合	Plymouth	Fury/Fury	Fury	/	/	3XXL-0	1956-1958/1963-1964	Coupe/Hardtop/Convertible/Coupe	Incl: Belvedere Fury/Incl: Sport Fury			1956-1964	Convertible/Coupe/Hardtop	Incl: Belvedere Fury/Sport Fury	fallback	Plymouth Fury 1959 Convertible 原子事实对应多条候选记录
非皮卡	高度压缩两两组合	Plymouth	Fury/Fury	Fury	/	/	3XXXL	1959-1961/1965-1972	Sedan/Sedan	Incl: 4dr Hardtop V-800/			1959-1972	Sedan	Incl: 4dr Hardtop V-800	fallback	Plymouth Fury 1962 Sedan 原子事实对应多条候选记录
非皮卡	高度压缩两两组合	Plymouth	Fury/Fury	Fury	/	/	3XXXL	1959-1961/1975-1978	Sedan/Sedan	Incl: 4dr Hardtop V-800/			1959-1978	Sedan	Incl: 4dr Hardtop V-800	fallback	Plymouth Fury 1962 Sedan 原子事实对应多条候选记录
非皮卡	高度压缩两两组合	Plymouth	Fury/Fury	Fury	/	/	3XXXL-0	1959-1961/1965-1972	Convertible/Coupe/Convertible/Coupe	Incl: 2dr Hardtop V-800/Sport Fury/Incl: Fast Top			1959-1972	Convertible/Coupe	Incl: 2dr Hardtop V-800/Fast Top/Sport Fury	fallback	Plymouth Fury 1962 Convertible 原子事实对应多条候选记录
非皮卡	高度压缩两两组合	Plymouth	Fury/Fury	Fury	/	/	3XXXL-0	1959-1961/1968	Convertible/Coupe/Coupe	Incl: 2dr Hardtop V-800/Sport Fury/Hardtop			1959-1968	Convertible/Coupe	Incl: 2dr Hardtop V-800/Hardtop/Sport Fury	fallback	Plymouth Fury 1962 Convertible 原子事实对应多条候选记录
非皮卡	高度压缩两两组合	Plymouth	Fury/Fury	Fury	/	/	3XXXL-0	1959-1961/1975-1978	Convertible/Coupe/Coupe	Incl: 2dr Hardtop V-800/Sport Fury/			1959-1978	Convertible/Coupe	Incl: 2dr Hardtop V-800/Sport Fury	fallback	Plymouth Fury 1962 Convertible 原子事实对应多条候选记录
非皮卡	高度压缩两两组合	Plymouth	Fury/Fury	Fury	/	/	3XXXL	1965-1972/1975-1978	Sedan/Sedan	/			1965-1978	Sedan		fallback	Plymouth Fury 1973 Sedan 原子事实对应多条候选记录
非皮卡	高度压缩两两组合	Plymouth	Fury/Fury	Fury	/	/	3XXXL-0	1965-1972/1968	Convertible/Coupe/Coupe	Incl: Fast Top/Hardtop			1965-1972	Convertible/Coupe	Incl: Fast Top/Hardtop	success	
非皮卡	高度压缩两两组合	Plymouth	Fury/Fury	Fury	/	/	3XXL-0	1956-1958/1963-1964	Coupe/Hardtop/Convertible/Coupe	Incl: Belvedere Fury/Incl: Sport Fury			1956-1964	Convertible/Coupe/Hardtop	Incl: Belvedere Fury/Sport Fury	fallback	Plymouth Fury 1959 Convertible 原子事实对应多条候选记录
非皮卡	高度压缩两两组合	Plymouth	Fury/Fury	Fury	/	/	3XXXL	1959-1961/1965-1972	Sedan/Sedan	Incl: 4dr Hardtop V-800/			1959-1972	Sedan	Incl: 4dr Hardtop V-800	fallback	Plymouth Fury 1962 Sedan 原子事实对应多条候选记录
非皮卡	高度压缩两两组合	Plymouth	Fury/Fury	Fury	/	/	3XXXL	1959-1961/1975-1978	Sedan/Sedan	Incl: 4dr Hardtop V-800/			1959-1978	Sedan	Incl: 4dr Hardtop V-800	fallback	Plymouth Fury 1962 Sedan 原子事实对应多条候选记录
非皮卡	高度压缩两两组合	Plymouth	Fury/Fury	Fury	/	/	3XXXL-0	1959-1961/1965-1972	Convertible/Coupe/Convertible/Coupe	Incl: 2dr Hardtop V-800/Sport Fury/Incl: Fast Top/Hardtop			1959-1972	Convertible/Coupe	Incl: 2dr Hardtop V-800/Fast Top/Hardtop/Sport Fury	fallback	Plymouth Fury 1962 Convertible 原子事实对应多条候选记录
非皮卡	高度压缩两两组合	Plymouth	Fury/Fury	Fury	/	/	3XXXL-0	1959-1961/1975-1978	Convertible/Coupe/Coupe	Incl: 2dr Hardtop V-800/Sport Fury/			1959-1978	Convertible/Coupe	Incl: 2dr Hardtop V-800/Sport Fury	fallback	Plymouth Fury 1962 Convertible 原子事实对应多条候选记录
非皮卡	高度压缩两两组合	Plymouth	Fury/Fury	Fury	/	/	3XXXL	1965-1972/1975-1978	Sedan/Sedan	/			1965-1978	Sedan		fallback	Plymouth Fury 1973 Sedan 原子事实对应多条候选记录
非皮卡	高度压缩两两组合	Plymouth	Fury/Fury	Fury	/	/	3XXXL-0	1965-1972/1975-1978	Convertible/Coupe/Coupe	Incl: Fast Top/Hardtop/			1965-1978	Convertible/Coupe	Incl: Fast Top/Hardtop	fallback	Plymouth Fury 1973 Coupe 原子事实对应多条候选记录
非皮卡	高度压缩两两组合	Plymouth	Fury/Fury	Fury	/	/	3XXXXL-0	1973-1974/1973-1974	Coupe/Sedan	/			1973-1974	Coupe/Sedan		success	
非皮卡	高度压缩两两组合	Plymouth	Fury/Fury	Fury	/	/	3XXL-0	1956-1958/1963-1964	Coupe/Hardtop/Convertible/Coupe	Incl: Belvedere Fury/Incl: Sport Fury			1956-1964	Convertible/Coupe/Hardtop	Incl: Belvedere Fury/Sport Fury	fallback	Plymouth Fury 1959 Convertible 原子事实对应多条候选记录
非皮卡	高度压缩两两组合	Plymouth	Fury/Fury	Fury	/	/	3XXXL	1959-1961/1965-1972	Sedan/Sedan	Incl: 4dr Hardtop V-800/			1959-1972	Sedan	Incl: 4dr Hardtop V-800	fallback	Plymouth Fury 1962 Sedan 原子事实对应多条候选记录
非皮卡	高度压缩两两组合	Plymouth	Fury/Fury	Fury	/	/	3XXXL	1959-1961/1975-1978	Sedan/Sedan	Incl: 4dr Hardtop V-800/			1959-1978	Sedan	Incl: 4dr Hardtop V-800	fallback	Plymouth Fury 1962 Sedan 原子事实对应多条候选记录
非皮卡	高度压缩两两组合	Plymouth	Fury/Fury	Fury	/	/	3XXXL-0	1959-1961/1965-1972	Convertible/Coupe/Convertible/Coupe	Incl: 2dr Hardtop V-800/Sport Fury/Incl: Fast Top/Hardtop			1959-1972	Convertible/Coupe	Incl: 2dr Hardtop V-800/Fast Top/Hardtop/Sport Fury	fallback	Plymouth Fury 1962 Convertible 原子事实对应多条候选记录
非皮卡	高度压缩两两组合	Plymouth	Fury/Fury	Fury	/	/	3XXXL-0	1959-1961/1975-1978	Convertible/Coupe/Coupe	Incl: 2dr Hardtop V-800/Sport Fury/			1959-1978	Convertible/Coupe	Incl: 2dr Hardtop V-800/Sport Fury	fallback	Plymouth Fury 1962 Convertible 原子事实对应多条候选记录
非皮卡	高度压缩两两组合	Plymouth	Fury/Fury	Fury	/	/	3XXXL	1965-1972/1975-1978	Sedan/Sedan	/			1965-1978	Sedan		fallback	Plymouth Fury 1973 Sedan 原子事实对应多条候选记录
非皮卡	高度压缩两两组合	Plymouth	Fury/Fury	Fury	/	/	3XXXL-0	1965-1972/1975-1978	Convertible/Coupe/Coupe	Incl: Fast Top/Hardtop/			1965-1978	Convertible/Coupe	Incl: Fast Top/Hardtop	fallback	Plymouth Fury 1973 Coupe 原子事实对应多条候选记录
非皮卡	高度压缩两两组合	Plymouth	Road Runner/Road Runner	Road Runner	/	/	3XL+0	1968-1970/1972	Coupe/Coupe	/			1968-1972	Coupe		fallback	Plymouth Road Runner 1971 Coupe 原子事实对应多条候选记录
非皮卡	高度压缩两两组合	Plymouth	Valiant/Valiant	Valiant	/	/	3XL	1963-1966/1972	Sedan/Sedan	/			1963-1972	Sedan		success	
非皮卡	高度压缩两两组合	Plymouth	Valiant/Valiant	Valiant	/	/	3XL-0	1963-1966/1963-1972	Convertible/Coupe	/			1963-1972	Convertible/Coupe		success	
非皮卡	高度压缩两两组合	Plymouth	Valiant/Valiant	Valiant	/	/	3XL+0	1973-1976/1973-1976	Coupe/Coupe	Duster/Scamp			1973-1976	Coupe	Duster/Scamp	success	
非皮卡	高度压缩两两组合	Pontiac	Astre/Astre	Astre	/	/	2L+	1975-1977/1975-1977	Hatchback/Wagon	/Safari			1975-1977	Hatchback/Wagon	Incl: Safari	success	
非皮卡	高度压缩两两组合	Pontiac	Bonneville/Bonneville	Bonneville	/	/	3XXXL-0	1957-1958/1958	Convertible/Coupe	/			1957-1958	Convertible/Coupe		success	
非皮卡	高度压缩两两组合	Pontiac	Bonneville/Bonneville	Bonneville	/	/	3XXXL-0	1957-1958/1961	Convertible/Coupe/Convertible	/			1957-1961	Convertible/Coupe		fallback	Pontiac Bonneville 1959 Convertible 原子事实对应多条候选记录
非皮卡	高度压缩两两组合	Pontiac	Bonneville/Bonneville	Bonneville	/	/	3XXXL-0	1957-1958/1961-1964	Convertible/Coupe/Coupe	/			1957-1964	Convertible/Coupe		fallback	Pontiac Bonneville 1959 Convertible 原子事实对应多条候选记录
非皮卡	高度压缩两两组合	Pontiac	Bonneville/Bonneville	Bonneville	/	/	3XXXL-0	1957-1958/1977-1981	Convertible/Coupe/Coupe	/			1957-1981	Convertible/Coupe		fallback	Pontiac Bonneville 1959 Convertible 原子事实对应多条候选记录
非皮卡	高度压缩两两组合	Pontiac	Bonneville/Bonneville	Bonneville	/	/	3XXXL	1958/1961-1964	Sedan/Sedan	/			1958-1964	Sedan		fallback	Pontiac Bonneville 1959 Sedan 原子事实对应多条候选记录
非皮卡	高度压缩两两组合	Pontiac	Bonneville/Bonneville	Bonneville	/	/	3XXXL	1958/1977-1981	Sedan/Sedan	/			1958-1981	Sedan		fallback	Pontiac Bonneville 1959 Sedan 原子事实对应多条候选记录
非皮卡	高度压缩两两组合	Pontiac	Bonneville/Bonneville	Bonneville	/	/	无可用尺码	1958/1961-1970	Hatchback/Wagon	/Safari			1958-1970	Hatchback/Wagon	Incl: Safari	success	
非皮卡	高度压缩两两组合	Pontiac	Bonneville/Bonneville	Bonneville	/	/	3XXXL-0	1957-1958/1961	Convertible/Coupe/Convertible	/			1957-1961	Convertible/Coupe		fallback	Pontiac Bonneville 1959 Convertible 原子事实对应多条候选记录
非皮卡	高度压缩两两组合	Pontiac	Bonneville/Bonneville	Bonneville	/	/	3XXXL-0	1957-1958/1961-1964	Convertible/Coupe/Coupe	/			1957-1964	Convertible/Coupe		fallback	Pontiac Bonneville 1959 Convertible 原子事实对应多条候选记录
非皮卡	高度压缩两两组合	Pontiac	Bonneville/Bonneville	Bonneville	/	/	3XXXL-0	1957-1958/1977-1981	Convertible/Coupe/Coupe	/			1957-1981	Convertible/Coupe		fallback	Pontiac Bonneville 1959 Convertible 原子事实对应多条候选记录
非皮卡	高度压缩两两组合	Pontiac	Bonneville/Bonneville	Bonneville	/	/	3XXXL	1958/1961-1964	Sedan/Sedan	/			1958-1964	Sedan		fallback	Pontiac Bonneville 1959 Sedan 原子事实对应多条候选记录
非皮卡	高度压缩两两组合	Pontiac	Bonneville/Bonneville	Bonneville	/	/	3XXXL	1958/1977-1981	Sedan/Sedan	/			1958-1981	Sedan		fallback	Pontiac Bonneville 1959 Sedan 原子事实对应多条候选记录
非皮卡	高度压缩两两组合	Pontiac	Bonneville/Bonneville	Bonneville	/	/	无可用尺码	1958-1970/1971-1978	Hatchback/Wagon/Wagon	Incl: Safari/Grand Safari			1958-1978	Hatchback/Wagon	Incl: Grand Safari/Safari	fallback	Pontiac Bonneville 1977 Wagon 原子事实对应多条候选记录
非皮卡	高度压缩两两组合	Pontiac	Bonneville/Bonneville	Bonneville	/	/	无可用尺码	1958-1970/1977-1981	Hatchback/Wagon/Wagon	Incl: Safari/Safari			1958-1981	Hatchback/Wagon	Incl: Safari	success	
非皮卡	高度压缩两两组合	Pontiac	Bonneville/Bonneville	Bonneville	/	/	3XXXL-0	1957-1958/1961	Convertible/Coupe/Convertible	/			1957-1961	Convertible/Coupe		fallback	Pontiac Bonneville 1959 Convertible 原子事实对应多条候选记录
非皮卡	高度压缩两两组合	Pontiac	Bonneville/Bonneville	Bonneville	/	/	3XXXL-0	1957-1958/1961-1964	Convertible/Coupe/Coupe	/			1957-1964	Convertible/Coupe		fallback	Pontiac Bonneville 1959 Convertible 原子事实对应多条候选记录
非皮卡	高度压缩两两组合	Pontiac	Bonneville/Bonneville	Bonneville	/	/	3XXXL-0	1957-1958/1977-1981	Convertible/Coupe/Coupe	/			1957-1981	Convertible/Coupe		fallback	Pontiac Bonneville 1959 Convertible 原子事实对应多条候选记录
非皮卡	高度压缩两两组合	Pontiac	Bonneville/Bonneville	Bonneville	/	/	3XXXL	1958/1961-1964	Sedan/Sedan	/			1958-1964	Sedan		fallback	Pontiac Bonneville 1959 Sedan 原子事实对应多条候选记录
非皮卡	高度压缩两两组合	Pontiac	Bonneville/Bonneville	Bonneville	/	/	3XXXL	1958/1977-1981	Sedan/Sedan	/			1958-1981	Sedan		fallback	Pontiac Bonneville 1959 Sedan 原子事实对应多条候选记录
非皮卡	高度压缩两两组合	Pontiac	Bonneville/Bonneville	Bonneville	/	/	无可用尺码	1958-1981/1971-1978	Hatchback/Wagon/Wagon	Incl: Safari/Grand Safari			1958-1981	Hatchback/Wagon	Incl: Grand Safari/Safari	success	
非皮卡	高度压缩两两组合	Pontiac	Bonneville/Bonneville	Bonneville	/	/	3XXXL-0	1957-1958/1961	Convertible/Coupe/Convertible	/			1957-1961	Convertible/Coupe		fallback	Pontiac Bonneville 1959 Convertible 原子事实对应多条候选记录
非皮卡	高度压缩两两组合	Pontiac	Bonneville/Bonneville	Bonneville	/	/	3XXXL-0	1957-1958/1961-1964	Convertible/Coupe/Coupe	/			1957-1964	Convertible/Coupe		fallback	Pontiac Bonneville 1959 Convertible 原子事实对应多条候选记录
非皮卡	高度压缩两两组合	Pontiac	Bonneville/Bonneville	Bonneville	/	/	3XXXL-0	1957-1958/1977-1981	Convertible/Coupe/Coupe	/			1957-1981	Convertible/Coupe		fallback	Pontiac Bonneville 1959 Convertible 原子事实对应多条候选记录
非皮卡	高度压缩两两组合	Pontiac	Bonneville/Bonneville	Bonneville	/	/	3XXXL	1958/1961-1964	Sedan/Sedan	/			1958-1964	Sedan		fallback	Pontiac Bonneville 1959 Sedan 原子事实对应多条候选记录
非皮卡	高度压缩两两组合	Pontiac	Bonneville/Bonneville	Bonneville	/	/	3XXXL	1958/1977-1981	Sedan/Sedan	/			1958-1981	Sedan		fallback	Pontiac Bonneville 1959 Sedan 原子事实对应多条候选记录
非皮卡	高度压缩两两组合	Pontiac	Bonneville/Bonneville	Bonneville	/	/	3XXXXL-0	1959-1960/1959-1960	Convertible/Coupe	/			1959-1960	Convertible/Coupe		success	
非皮卡	高度压缩两两组合	Pontiac	Bonneville/Bonneville	Bonneville	/	/	3XXXL-0	1957-1958/1961	Convertible/Coupe/Convertible	/			1957-1961	Convertible/Coupe		fallback	Pontiac Bonneville 1959 Convertible 原子事实对应多条候选记录
非皮卡	高度压缩两两组合	Pontiac	Bonneville/Bonneville	Bonneville	/	/	3XXXL-0	1957-1958/1961-1964	Convertible/Coupe/Coupe	/			1957-1964	Convertible/Coupe		fallback	Pontiac Bonneville 1959 Convertible 原子事实对应多条候选记录
非皮卡	高度压缩两两组合	Pontiac	Bonneville/Bonneville	Bonneville	/	/	3XXXL-0	1957-1958/1977-1981	Convertible/Coupe/Coupe	/			1957-1981	Convertible/Coupe		fallback	Pontiac Bonneville 1959 Convertible 原子事实对应多条候选记录
非皮卡	高度压缩两两组合	Pontiac	Bonneville/Bonneville	Bonneville	/	/	3XXXL	1958/1961-1964	Sedan/Sedan	/			1958-1964	Sedan		fallback	Pontiac Bonneville 1959 Sedan 原子事实对应多条候选记录
非皮卡	高度压缩两两组合	Pontiac	Bonneville/Bonneville	Bonneville	/	/	3XXXL	1958/1977-1981	Sedan/Sedan	/			1958-1981	Sedan		fallback	Pontiac Bonneville 1959 Sedan 原子事实对应多条候选记录
非皮卡	高度压缩两两组合	Pontiac	Bonneville/Bonneville	Bonneville	/	/	3XXXXL-0	1959-1960/1959-1960	Convertible/Coupe/Sedan	/			1959-1960	Convertible/Coupe/Sedan		success	
非皮卡	高度压缩两两组合	Pontiac	Bonneville/Bonneville	Bonneville	/	/	3XXXL-0	1957-1958/1961	Convertible/Coupe/Convertible	/			1957-1961	Convertible/Coupe		fallback	Pontiac Bonneville 1959 Convertible 原子事实对应多条候选记录
非皮卡	高度压缩两两组合	Pontiac	Bonneville/Bonneville	Bonneville	/	/	3XXXL-0	1957-1958/1961-1964	Convertible/Coupe/Coupe	/			1957-1964	Convertible/Coupe		fallback	Pontiac Bonneville 1959 Convertible 原子事实对应多条候选记录
非皮卡	高度压缩两两组合	Pontiac	Bonneville/Bonneville	Bonneville	/	/	3XXXL-0	1957-1958/1977-1981	Convertible/Coupe/Coupe	/			1957-1981	Convertible/Coupe		fallback	Pontiac Bonneville 1959 Convertible 原子事实对应多条候选记录
非皮卡	高度压缩两两组合	Pontiac	Bonneville/Bonneville	Bonneville	/	/	3XXXL	1958/1961-1964	Sedan/Sedan	/			1958-1964	Sedan		fallback	Pontiac Bonneville 1959 Sedan 原子事实对应多条候选记录
非皮卡	高度压缩两两组合	Pontiac	Bonneville/Bonneville	Bonneville	/	/	3XXXL	1958/1977-1981	Sedan/Sedan	/			1958-1981	Sedan		fallback	Pontiac Bonneville 1959 Sedan 原子事实对应多条候选记录
非皮卡	高度压缩两两组合	Pontiac	Bonneville/Bonneville	Bonneville	/	/	3XXXXL-0	1959-1960/1962-1976	Convertible/Coupe/Sedan/Convertible	/			1959-1976	Convertible/Coupe/Sedan		fallback	Pontiac Bonneville 1961 Sedan 原子事实对应多条候选记录
非皮卡	高度压缩两两组合	Pontiac	Bonneville/Bonneville	Bonneville	/	/	3XXXXL-0	1959-1960/1965-1976	Convertible/Coupe/Sedan/Coupe	/			1959-1976	Convertible/Coupe/Sedan		fallback	Pontiac Bonneville 1961 Sedan 原子事实对应多条候选记录
非皮卡	高度压缩两两组合	Pontiac	Bonneville/Bonneville	Bonneville	/	/	3XXXXL-0	1959-1960/1965-1976	Convertible/Coupe/Sedan/Sedan	/			1959-1976	Convertible/Coupe/Sedan		fallback	Pontiac Bonneville 1961 Sedan 原子事实对应多条候选记录
非皮卡	高度压缩两两组合	Pontiac	Bonneville/Bonneville	Bonneville	/	/	3XXXL-0	1961/1961-1964	Convertible/Coupe	/			1961-1964	Convertible/Coupe		fallback	Pontiac Bonneville 1962 Convertible 原子事实对应多条候选记录
非皮卡	高度压缩两两组合	Pontiac	Bonneville/Bonneville	Bonneville	/	/	3XXXL-0	1961/1977-1981	Convertible/Coupe	/			1961-1981	Convertible/Coupe		fallback	Pontiac Bonneville 1961 Coupe 原子事实对应多条候选记录
非皮卡	高度压缩两两组合	Pontiac	Bonneville/Bonneville	Bonneville	/	/	3XXXL	1961-1964/1977-1981	Sedan/Sedan	/			1961-1981	Sedan		fallback	Pontiac Bonneville 1965 Sedan 原子事实对应多条候选记录
非皮卡	高度压缩两两组合	Pontiac	Bonneville/Bonneville	Bonneville	/	/	3XXXL-0	1961-1964/1977-1981	Coupe/Coupe	/			1961-1981	Coupe		fallback	Pontiac Bonneville 1965 Coupe 原子事实对应多条候选记录
非皮卡	高度压缩两两组合	Pontiac	Bonneville/Bonneville	Bonneville	/	/	3XXXXL-0	1962-1976/1965-1976	Convertible/Coupe	/			1962-1976	Convertible/Coupe		fallback	Pontiac Bonneville 1962 Coupe 原子事实对应多条候选记录
非皮卡	高度压缩两两组合	Pontiac	Bonneville/Bonneville	Bonneville	/	/	3XXXXL-0	1962-1976/1965-1976	Convertible/Sedan	/			1962-1976	Convertible/Sedan		fallback	Pontiac Bonneville 1962 Sedan 原子事实对应多条候选记录
非皮卡	高度压缩两两组合	Pontiac	Bonneville/Bonneville	Bonneville	/	/	3XXXXL-0	1965-1976/1965-1976	Coupe/Sedan	/			1965-1976	Coupe/Sedan		success	
非皮卡	高度压缩两两组合	Pontiac	Bonneville/Bonneville	Bonneville	/	/	3XXXL-0	1957-1958/1961	Convertible/Coupe/Convertible	/			1957-1961	Convertible/Coupe		fallback	Pontiac Bonneville 1959 Convertible 原子事实对应多条候选记录
非皮卡	高度压缩两两组合	Pontiac	Bonneville/Bonneville	Bonneville	/	/	3XXXL-0	1957-1958/1961-1964	Convertible/Coupe/Coupe	/			1957-1964	Convertible/Coupe		fallback	Pontiac Bonneville 1959 Convertible 原子事实对应多条候选记录
非皮卡	高度压缩两两组合	Pontiac	Bonneville/Bonneville	Bonneville	/	/	3XXXL-0	1957-1958/1977-1981	Convertible/Coupe/Coupe	/			1957-1981	Convertible/Coupe		fallback	Pontiac Bonneville 1959 Convertible 原子事实对应多条候选记录
非皮卡	高度压缩两两组合	Pontiac	Bonneville/Bonneville	Bonneville	/	/	3XXXL	1958/1961-1964	Sedan/Sedan	/			1958-1964	Sedan		fallback	Pontiac Bonneville 1959 Sedan 原子事实对应多条候选记录
非皮卡	高度压缩两两组合	Pontiac	Bonneville/Bonneville	Bonneville	/	/	3XXXL	1958/1977-1981	Sedan/Sedan	/			1958-1981	Sedan		fallback	Pontiac Bonneville 1959 Sedan 原子事实对应多条候选记录
非皮卡	高度压缩两两组合	Pontiac	Bonneville/Bonneville	Bonneville	/	/	3XXXXL-0	1959-1960/1962-1976	Convertible/Coupe/Sedan/Convertible	/			1959-1976	Convertible/Coupe/Sedan		fallback	Pontiac Bonneville 1961 Sedan 原子事实对应多条候选记录
非皮卡	高度压缩两两组合	Pontiac	Bonneville/Bonneville	Bonneville	/	/	3XXXXL-0	1959-1960/1965-1976	Convertible/Coupe/Sedan/Coupe/Sedan	/			1959-1976	Convertible/Coupe/Sedan		fallback	Pontiac Bonneville 1961 Sedan 原子事实对应多条候选记录
非皮卡	高度压缩两两组合	Pontiac	Bonneville/Bonneville	Bonneville	/	/	3XXXL-0	1961/1961-1964	Convertible/Coupe	/			1961-1964	Convertible/Coupe		fallback	Pontiac Bonneville 1962 Convertible 原子事实对应多条候选记录
非皮卡	高度压缩两两组合	Pontiac	Bonneville/Bonneville	Bonneville	/	/	3XXXL-0	1961/1977-1981	Convertible/Coupe	/			1961-1981	Convertible/Coupe		fallback	Pontiac Bonneville 1961 Coupe 原子事实对应多条候选记录
非皮卡	高度压缩两两组合	Pontiac	Bonneville/Bonneville	Bonneville	/	/	3XXXL	1961-1964/1977-1981	Sedan/Sedan	/			1961-1981	Sedan		fallback	Pontiac Bonneville 1965 Sedan 原子事实对应多条候选记录
非皮卡	高度压缩两两组合	Pontiac	Bonneville/Bonneville	Bonneville	/	/	3XXXL-0	1961-1964/1977-1981	Coupe/Coupe	/			1961-1981	Coupe		fallback	Pontiac Bonneville 1965 Coupe 原子事实对应多条候选记录
非皮卡	高度压缩两两组合	Pontiac	Bonneville/Bonneville	Bonneville	/	/	3XXXXL-0	1962-1976/1965-1976	Convertible/Coupe/Sedan	/			1962-1976	Convertible/Coupe/Sedan		fallback	Pontiac Bonneville 1962 Sedan 原子事实对应多条候选记录
非皮卡	高度压缩两两组合	Pontiac	Firebird/Firebird	Firebird	/	/	3XL-0	1967-1969/1968-1969	Coupe/Convertible	/			1967-1969	Convertible/Coupe		success	
非皮卡	高度压缩两两组合	Pontiac	Firebird/Firebird	Firebird	/	/	3XL-0	1967-1969/1970-1972	Convertible/Coupe/Coupe	/Trans Am			1967-1972	Convertible/Coupe	Incl: Trans Am	success	
非皮卡	高度压缩两两组合	Pontiac	Firebird/Firebird	Firebird	/	/	3XL-0	1967-1972/1982-1990	Convertible/Coupe/Coupe	Incl: Trans Am/Trans Am			1967-1990	Convertible/Coupe	Incl: Trans Am	fallback	Pontiac Firebird 1973 Coupe 原子事实对应多条候选记录
非皮卡	高度压缩两两组合	Pontiac	Firebird/Firebird	Firebird	/	/	3XL+0	1973-1981/1991-2002	Coupe/Coupe	Trans Am/Trans Am			1973-2002	Coupe	Trans Am	fallback	Pontiac Firebird 1982 Coupe 原子事实对应多条候选记录
非皮卡	高度压缩两两组合	Pontiac	Firebird/Firebird	Firebird	/	/	3XL+0	1973-1981/1994-2002	Coupe/Convertible	Trans Am/Trans Am			1973-2002	Convertible/Coupe	Trans Am	fallback	Pontiac Firebird 1982 Coupe 原子事实对应多条候选记录
非皮卡	高度压缩两两组合	Pontiac	Firebird/Firebird	Firebird	/	/	3XL+0	1991-2002/1994-2002	Coupe/Convertible	Trans Am/Trans Am			1991-2002	Convertible/Coupe	Trans Am	success	
非皮卡	高度压缩两两组合	Pontiac	Firebird/Firebird	Firebird	/	/	3XL-0	1967-1972/1982-1990	Convertible/Coupe/Coupe	Incl: Trans Am/Trans Am			1967-1990	Convertible/Coupe	Incl: Trans Am	fallback	Pontiac Firebird 1973 Coupe 原子事实对应多条候选记录
非皮卡	高度压缩两两组合	Pontiac	Firebird/Firebird	Firebird	/	/	3XL+0	1973-1981/1991-2002	Coupe/Convertible/Coupe	Trans Am/Trans Am			1973-2002	Convertible/Coupe	Trans Am	fallback	Pontiac Firebird 1982 Coupe 原子事实对应多条候选记录
非皮卡	高度压缩两两组合	Pontiac	GTO/GTO	GTO	/	/	3XL+0	1964/1964	Convertible/Coupe	/			1964	Convertible/Coupe		success	
非皮卡	高度压缩两两组合	Pontiac	GTO/GTO	GTO	/	/	3XL+0	1964/1968-1970	Convertible/Coupe/Coupe	/			1964-1970	Convertible/Coupe		fallback	Pontiac GTO 1965 Convertible 原子事实对应多条候选记录
非皮卡	高度压缩两两组合	Pontiac	GTO/GTO	GTO	/	/	3XL+0	1964/1974	Convertible/Coupe/Coupe	/			1964-1974	Convertible/Coupe		fallback	Pontiac GTO 1965 Convertible 原子事实对应多条候选记录
非皮卡	高度压缩两两组合	Pontiac	GTO/GTO	GTO	/	/	3XXL-0	1965-1967/1965-1967	Convertible/Coupe	/			1965-1967	Convertible/Coupe		success	
非皮卡	高度压缩两两组合	Pontiac	GTO/GTO	GTO	/	/	3XL+0	1964/1968-1970	Convertible/Coupe/Coupe	/			1964-1970	Convertible/Coupe		fallback	Pontiac GTO 1965 Convertible 原子事实对应多条候选记录
非皮卡	高度压缩两两组合	Pontiac	GTO/GTO	GTO	/	/	3XL+0	1964/1974	Convertible/Coupe/Coupe	/			1964-1974	Convertible/Coupe		fallback	Pontiac GTO 1965 Convertible 原子事实对应多条候选记录
非皮卡	高度压缩两两组合	Pontiac	GTO/GTO	GTO	/	/	3XXL-0	1965-1967/1971-1972	Convertible/Coupe/Coupe	/			1965-1972	Convertible/Coupe		fallback	Pontiac GTO 1968 Coupe 原子事实对应多条候选记录
非皮卡	高度压缩两两组合	Pontiac	GTO/GTO	GTO	/	/	3XL+0	1968-1970/1974	Coupe/Coupe	/			1968-1974	Coupe		fallback	Pontiac GTO 1971 Coupe 原子事实对应多条候选记录
非皮卡	高度压缩两两组合	Pontiac	Grand Prix/Grand Prix	Grand Prix	/	/	3XXXL-0	1963-1972/1974-1977	Coupe/Coupe	/			1963-1977	Coupe		success	
非皮卡	高度压缩两两组合	Pontiac	LeMans/LeMans	LeMans	/	/	3XL-0	1961-1962/1962	Coupe/Convertible	Tempest LeMans/Tempest LeMans			1961-1962	Convertible/Coupe	Tempest LeMans	success	
非皮卡	高度压缩两两组合	Pontiac	LeMans/LeMans	LeMans	/	/	3XL-0	1961-1962/1962	Convertible/Coupe/Coupe	Tempest LeMans/Tempest/LeMans			1961-1962	Convertible/Coupe	LeMans/Tempest/Tempest LeMans	success	
非皮卡	高度压缩两两组合	Pontiac	LeMans/LeMans	LeMans	/	/	2XL+	1963/1963	Wagon/Wagon	Tempest/LeMans/Tempest/Safari			1963	Wagon	LeMans/Safari/Tempest	success	
非皮卡	高度压缩两两组合	Pontiac	LeMans/LeMans	LeMans	/	/	2XL+	1963/1978-1980	Wagon/Hatchback	LeMans/Safari/Tempest/			1963-1980	Hatchback/Wagon	Incl: LeMans/Safari/Tempest	fallback	Pontiac LeMans 1964 Wagon 原子事实对应多条候选记录
非皮卡	高度压缩两两组合	Pontiac	LeMans/LeMans	LeMans	/	/	2XL+	1963/1979-1980	Wagon/Wagon	LeMans/Safari/Tempest/			1963-1980	Wagon	Incl: LeMans/Safari/Tempest	fallback	Pontiac LeMans 1964 Wagon 原子事实对应多条候选记录
非皮卡	高度压缩两两组合	Pontiac	LeMans/LeMans	LeMans	/	/	3XL+0	1963/1963-1964	Convertible/Coupe	Tempest/LeMans/			1963-1964	Convertible/Coupe	Incl: LeMans/Tempest	fallback	Pontiac LeMans 1963 Convertible 原子事实对应多条候选记录
非皮卡	高度压缩两两组合	Pontiac	LeMans/LeMans	LeMans	/	/	3XL+0	1963/1963-1966	Convertible/Convertible	Tempest/LeMans/			1963-1966	Convertible	Incl: LeMans/Tempest	success	
非皮卡	高度压缩两两组合	Pontiac	LeMans/LeMans	LeMans	/	/	2XL+	1963/1978-1980	Wagon/Hatchback	LeMans/Safari/Tempest/			1963-1980	Hatchback/Wagon	Incl: LeMans/Safari/Tempest	fallback	Pontiac LeMans 1964 Wagon 原子事实对应多条候选记录
非皮卡	高度压缩两两组合	Pontiac	LeMans/LeMans	LeMans	/	/	2XL+	1963/1979-1980	Wagon/Wagon	LeMans/Safari/Tempest/			1963-1980	Wagon	Incl: LeMans/Safari/Tempest	fallback	Pontiac LeMans 1964 Wagon 原子事实对应多条候选记录
非皮卡	高度压缩两两组合	Pontiac	LeMans/LeMans	LeMans	/	/	3XL+0	1963-1964/1963-1966	Coupe/Convertible	/Incl: LeMans/Tempest			1963-1966	Convertible/Coupe	Incl: LeMans/Tempest	fallback	Pontiac LeMans 1965 Coupe 原子事实对应多条候选记录
非皮卡	高度压缩两两组合	Pontiac	LeMans/LeMans	LeMans	/	/	3XL+0	1963-1964/1968	Coupe/Coupe	/			1963-1968	Coupe		fallback	Pontiac LeMans 1965 Coupe 原子事实对应多条候选记录
非皮卡	高度压缩两两组合	Pontiac	LeMans/LeMans	LeMans	/	/	3XL+0	1963-1964/1968-1969	Coupe/Convertible	/			1963-1969	Convertible/Coupe		fallback	Pontiac LeMans 1963 Convertible 原子事实对应多条候选记录
非皮卡	高度压缩两两组合	Pontiac	LeMans/LeMans	LeMans	/	/	3XL+0	1963-1964/1970-1971	Coupe/Coupe	/			1963-1971	Coupe		fallback	Pontiac LeMans 1965 Coupe 原子事实对应多条候选记录
非皮卡	高度压缩两两组合	Pontiac	LeMans/LeMans	LeMans	/	/	3XL+0	1963-1964/1978-1979	Coupe/Coupe	/			1963-1979	Coupe		fallback	Pontiac LeMans 1965 Coupe 原子事实对应多条候选记录
非皮卡	高度压缩两两组合	Pontiac	LeMans/LeMans	LeMans	/	/	3XL+0	1963-1964/1981	Coupe/Coupe	/			1963-1981	Coupe		fallback	Pontiac LeMans 1965 Coupe 原子事实对应多条候选记录
非皮卡	高度压缩两两组合	Pontiac	LeMans/LeMans	LeMans	/	/	3XL+0	1963-1966/1968	Convertible/Coupe	Incl: LeMans/Tempest/			1963-1968	Convertible/Coupe	Incl: LeMans/Tempest	fallback	Pontiac LeMans 1963 Coupe 原子事实对应多条候选记录
非皮卡	高度压缩两两组合	Pontiac	LeMans/LeMans	LeMans	/	/	3XL+0	1963-1966/1968-1969	Convertible/Convertible	Incl: LeMans/Tempest/			1963-1969	Convertible	Incl: LeMans/Tempest	fallback	Pontiac LeMans 1967 Convertible 原子事实对应多条候选记录
非皮卡	高度压缩两两组合	Pontiac	LeMans/LeMans	LeMans	/	/	3XL+0	1963-1966/1970-1971	Convertible/Coupe	Incl: LeMans/Tempest/			1963-1971	Convertible/Coupe	Incl: LeMans/Tempest	fallback	Pontiac LeMans 1963 Coupe 原子事实对应多条候选记录
非皮卡	高度压缩两两组合	Pontiac	LeMans/LeMans	LeMans	/	/	3XL+0	1963-1966/1978-1979	Convertible/Coupe	Incl: LeMans/Tempest/			1963-1979	Convertible/Coupe	Incl: LeMans/Tempest	fallback	Pontiac LeMans 1963 Coupe 原子事实对应多条候选记录
非皮卡	高度压缩两两组合	Pontiac	LeMans/LeMans	LeMans	/	/	3XL+0	1963-1966/1981	Convertible/Coupe	Incl: LeMans/Tempest/			1963-1981	Convertible/Coupe	Incl: LeMans/Tempest	fallback	Pontiac LeMans 1963 Coupe 原子事实对应多条候选记录
非皮卡	高度压缩两两组合	Pontiac	LeMans/LeMans	LeMans	/	/	3XL+	1964/1978-1980	Sedan/Sedan	/			1964-1980	Sedan		fallback	Pontiac LeMans 1965 Sedan 原子事实对应多条候选记录
非皮卡	高度压缩两两组合	Pontiac	LeMans/LeMans	LeMans	/	/	2XXL-525	1964-1965/1966	Wagon/Hatchback	/			1964-1966	Hatchback/Wagon		success	
非皮卡	高度压缩两两组合	Pontiac	LeMans/LeMans	LeMans	/	/	2XL+	1963/1978-1980	Wagon/Hatchback	LeMans/Safari/Tempest/			1963-1980	Hatchback/Wagon	Incl: LeMans/Safari/Tempest	fallback	Pontiac LeMans 1964 Wagon 原子事实对应多条候选记录
非皮卡	高度压缩两两组合	Pontiac	LeMans/LeMans	LeMans	/	/	2XL+	1963/1979-1980	Wagon/Wagon	LeMans/Safari/Tempest/			1963-1980	Wagon	Incl: LeMans/Safari/Tempest	fallback	Pontiac LeMans 1964 Wagon 原子事实对应多条候选记录
非皮卡	高度压缩两两组合	Pontiac	LeMans/LeMans	LeMans	/	/	3XL+0	1963-1964/1963-1966	Coupe/Convertible	/Incl: LeMans/Tempest			1963-1966	Convertible/Coupe	Incl: LeMans/Tempest	fallback	Pontiac LeMans 1965 Coupe 原子事实对应多条候选记录
非皮卡	高度压缩两两组合	Pontiac	LeMans/LeMans	LeMans	/	/	3XL+0	1963-1964/1968	Coupe/Coupe	/			1963-1968	Coupe		fallback	Pontiac LeMans 1965 Coupe 原子事实对应多条候选记录
非皮卡	高度压缩两两组合	Pontiac	LeMans/LeMans	LeMans	/	/	3XL+0	1963-1964/1968-1969	Coupe/Convertible	/			1963-1969	Convertible/Coupe		fallback	Pontiac LeMans 1963 Convertible 原子事实对应多条候选记录
非皮卡	高度压缩两两组合	Pontiac	LeMans/LeMans	LeMans	/	/	3XL+0	1963-1964/1970-1971	Coupe/Coupe	/			1963-1971	Coupe		fallback	Pontiac LeMans 1965 Coupe 原子事实对应多条候选记录
非皮卡	高度压缩两两组合	Pontiac	LeMans/LeMans	LeMans	/	/	3XL+0	1963-1964/1978-1979	Coupe/Coupe	/			1963-1979	Coupe		fallback	Pontiac LeMans 1965 Coupe 原子事实对应多条候选记录
非皮卡	高度压缩两两组合	Pontiac	LeMans/LeMans	LeMans	/	/	3XL+0	1963-1964/1981	Coupe/Coupe	/			1963-1981	Coupe		fallback	Pontiac LeMans 1965 Coupe 原子事实对应多条候选记录
非皮卡	高度压缩两两组合	Pontiac	LeMans/LeMans	LeMans	/	/	3XL+0	1963-1966/1968	Convertible/Coupe	Incl: LeMans/Tempest/			1963-1968	Convertible/Coupe	Incl: LeMans/Tempest	fallback	Pontiac LeMans 1963 Coupe 原子事实对应多条候选记录
非皮卡	高度压缩两两组合	Pontiac	LeMans/LeMans	LeMans	/	/	3XL+0	1963-1966/1968-1969	Convertible/Convertible	Incl: LeMans/Tempest/			1963-1969	Convertible	Incl: LeMans/Tempest	fallback	Pontiac LeMans 1967 Convertible 原子事实对应多条候选记录
非皮卡	高度压缩两两组合	Pontiac	LeMans/LeMans	LeMans	/	/	3XL+0	1963-1966/1970-1971	Convertible/Coupe	Incl: LeMans/Tempest/			1963-1971	Convertible/Coupe	Incl: LeMans/Tempest	fallback	Pontiac LeMans 1963 Coupe 原子事实对应多条候选记录
非皮卡	高度压缩两两组合	Pontiac	LeMans/LeMans	LeMans	/	/	3XL+0	1963-1966/1978-1979	Convertible/Coupe	Incl: LeMans/Tempest/			1963-1979	Convertible/Coupe	Incl: LeMans/Tempest	fallback	Pontiac LeMans 1963 Coupe 原子事实对应多条候选记录
非皮卡	高度压缩两两组合	Pontiac	LeMans/LeMans	LeMans	/	/	3XL+0	1963-1966/1981	Convertible/Coupe	Incl: LeMans/Tempest/			1963-1981	Convertible/Coupe	Incl: LeMans/Tempest	fallback	Pontiac LeMans 1963 Coupe 原子事实对应多条候选记录
非皮卡	高度压缩两两组合	Pontiac	LeMans/LeMans	LeMans	/	/	3XL+	1964/1978-1980	Sedan/Sedan	/			1964-1980	Sedan		fallback	Pontiac LeMans 1965 Sedan 原子事实对应多条候选记录
非皮卡	高度压缩两两组合	Pontiac	LeMans/LeMans	LeMans	/	/	2XXL-525	1964-1966/1967	Hatchback/Wagon/Wagon	/			1964-1967	Hatchback/Wagon		success	
非皮卡	高度压缩两两组合	Pontiac	LeMans/LeMans	LeMans	/	/	2XL+	1963/1978-1980	Wagon/Hatchback	LeMans/Safari/Tempest/			1963-1980	Hatchback/Wagon	Incl: LeMans/Safari/Tempest	fallback	Pontiac LeMans 1964 Wagon 原子事实对应多条候选记录
非皮卡	高度压缩两两组合	Pontiac	LeMans/LeMans	LeMans	/	/	2XL+	1963/1979-1980	Wagon/Wagon	LeMans/Safari/Tempest/			1963-1980	Wagon	Incl: LeMans/Safari/Tempest	fallback	Pontiac LeMans 1964 Wagon 原子事实对应多条候选记录
非皮卡	高度压缩两两组合	Pontiac	LeMans/LeMans	LeMans	/	/	3XL+0	1963-1964/1963-1966	Coupe/Convertible	/Incl: LeMans/Tempest			1963-1966	Convertible/Coupe	Incl: LeMans/Tempest	fallback	Pontiac LeMans 1965 Coupe 原子事实对应多条候选记录
非皮卡	高度压缩两两组合	Pontiac	LeMans/LeMans	LeMans	/	/	3XL+0	1963-1964/1968	Coupe/Coupe	/			1963-1968	Coupe		fallback	Pontiac LeMans 1965 Coupe 原子事实对应多条候选记录
非皮卡	高度压缩两两组合	Pontiac	LeMans/LeMans	LeMans	/	/	3XL+0	1963-1964/1968-1969	Coupe/Convertible	/			1963-1969	Convertible/Coupe		fallback	Pontiac LeMans 1963 Convertible 原子事实对应多条候选记录
非皮卡	高度压缩两两组合	Pontiac	LeMans/LeMans	LeMans	/	/	3XL+0	1963-1964/1970-1971	Coupe/Coupe	/			1963-1971	Coupe		fallback	Pontiac LeMans 1965 Coupe 原子事实对应多条候选记录
非皮卡	高度压缩两两组合	Pontiac	LeMans/LeMans	LeMans	/	/	3XL+0	1963-1964/1978-1979	Coupe/Coupe	/			1963-1979	Coupe		fallback	Pontiac LeMans 1965 Coupe 原子事实对应多条候选记录
非皮卡	高度压缩两两组合	Pontiac	LeMans/LeMans	LeMans	/	/	3XL+0	1963-1964/1981	Coupe/Coupe	/			1963-1981	Coupe		fallback	Pontiac LeMans 1965 Coupe 原子事实对应多条候选记录
非皮卡	高度压缩两两组合	Pontiac	LeMans/LeMans	LeMans	/	/	3XL+0	1963-1966/1968	Convertible/Coupe	Incl: LeMans/Tempest/			1963-1968	Convertible/Coupe	Incl: LeMans/Tempest	fallback	Pontiac LeMans 1963 Coupe 原子事实对应多条候选记录
非皮卡	高度压缩两两组合	Pontiac	LeMans/LeMans	LeMans	/	/	3XL+0	1963-1966/1968-1969	Convertible/Convertible	Incl: LeMans/Tempest/			1963-1969	Convertible	Incl: LeMans/Tempest	fallback	Pontiac LeMans 1967 Convertible 原子事实对应多条候选记录
非皮卡	高度压缩两两组合	Pontiac	LeMans/LeMans	LeMans	/	/	3XL+0	1963-1966/1970-1971	Convertible/Coupe	Incl: LeMans/Tempest/			1963-1971	Convertible/Coupe	Incl: LeMans/Tempest	fallback	Pontiac LeMans 1963 Coupe 原子事实对应多条候选记录
非皮卡	高度压缩两两组合	Pontiac	LeMans/LeMans	LeMans	/	/	3XL+0	1963-1966/1978-1979	Convertible/Coupe	Incl: LeMans/Tempest/			1963-1979	Convertible/Coupe	Incl: LeMans/Tempest	fallback	Pontiac LeMans 1963 Coupe 原子事实对应多条候选记录
非皮卡	高度压缩两两组合	Pontiac	LeMans/LeMans	LeMans	/	/	3XL+0	1963-1966/1981	Convertible/Coupe	Incl: LeMans/Tempest/			1963-1981	Convertible/Coupe	Incl: LeMans/Tempest	fallback	Pontiac LeMans 1963 Coupe 原子事实对应多条候选记录
非皮卡	高度压缩两两组合	Pontiac	LeMans/LeMans	LeMans	/	/	3XL+	1964/1978-1980	Sedan/Sedan	/			1964-1980	Sedan		fallback	Pontiac LeMans 1965 Sedan 原子事实对应多条候选记录
非皮卡	高度压缩两两组合	Pontiac	LeMans/LeMans	LeMans	/	/	3XXL-0	1965-1967/1967	Coupe/Convertible	/			1965-1967	Convertible/Coupe		fallback	Pontiac LeMans 1965 Convertible 原子事实对应多条候选记录
非皮卡	高度压缩两两组合	Pontiac	LeMans/LeMans	LeMans	/	/	3XXL-0	1965-1967/1970-1972	Coupe/Convertible	/			1965-1972	Convertible/Coupe		fallback	Pontiac LeMans 1965 Convertible 原子事实对应多条候选记录
非皮卡	高度压缩两两组合	Pontiac	LeMans/LeMans	LeMans	/	/	3XXL-0	1965-1967/1972-1977	Coupe/Coupe	/			1965-1977	Coupe		fallback	Pontiac LeMans 1968 Coupe 原子事实对应多条候选记录
非皮卡	高度压缩两两组合	Pontiac	LeMans/LeMans	LeMans	/	/	3XXL-0	1965-1967/1977	Coupe/Coupe	/Can Am			1965-1977	Coupe	Incl: Can Am	fallback	Pontiac LeMans 1968 Coupe 原子事实对应多条候选记录
非皮卡	高度压缩两两组合	Pontiac	LeMans/LeMans	LeMans	/	/	3XXL	1965-1972/1977	Sedan/Sedan	/			1965-1977	Sedan		fallback	Pontiac LeMans 1973 Sedan 原子事实对应多条候选记录
非皮卡	高度压缩两两组合	Pontiac	LeMans/LeMans	LeMans	/	/	3XXL-0	1967/1970-1972	Convertible/Convertible	/			1967-1972	Convertible		fallback	Pontiac LeMans 1968 Convertible 原子事实对应多条候选记录
非皮卡	高度压缩两两组合	Pontiac	LeMans/LeMans	LeMans	/	/	3XXL-0	1967/1972-1977	Convertible/Coupe	/			1967-1977	Convertible/Coupe		fallback	Pontiac LeMans 1967 Coupe 原子事实对应多条候选记录
非皮卡	高度压缩两两组合	Pontiac	LeMans/LeMans	LeMans	/	/	3XXL-0	1967/1977	Convertible/Coupe	/Can Am			1967-1977	Convertible/Coupe	Incl: Can Am	fallback	Pontiac LeMans 1967 Coupe 原子事实对应多条候选记录
非皮卡	高度压缩两两组合	Pontiac	LeMans/LeMans	LeMans	/	/	3XL+0	1968/1968-1969	Coupe/Convertible	/			1968-1969	Convertible/Coupe		success	
非皮卡	高度压缩两两组合	Pontiac	LeMans/LeMans	LeMans	/	/	2XL+	1963/1978-1980	Wagon/Hatchback	LeMans/Safari/Tempest/			1963-1980	Hatchback/Wagon	Incl: LeMans/Safari/Tempest	fallback	Pontiac LeMans 1964 Wagon 原子事实对应多条候选记录
非皮卡	高度压缩两两组合	Pontiac	LeMans/LeMans	LeMans	/	/	2XL+	1963/1979-1980	Wagon/Wagon	LeMans/Safari/Tempest/			1963-1980	Wagon	Incl: LeMans/Safari/Tempest	fallback	Pontiac LeMans 1964 Wagon 原子事实对应多条候选记录
非皮卡	高度压缩两两组合	Pontiac	LeMans/LeMans	LeMans	/	/	3XL+0	1963-1964/1963-1966	Coupe/Convertible	/Incl: LeMans/Tempest			1963-1966	Convertible/Coupe	Incl: LeMans/Tempest	fallback	Pontiac LeMans 1965 Coupe 原子事实对应多条候选记录
非皮卡	高度压缩两两组合	Pontiac	LeMans/LeMans	LeMans	/	/	3XL+0	1963-1964/1968-1969	Coupe/Convertible/Coupe	/			1963-1969	Convertible/Coupe		fallback	Pontiac LeMans 1963 Convertible 原子事实对应多条候选记录
非皮卡	高度压缩两两组合	Pontiac	LeMans/LeMans	LeMans	/	/	3XL+0	1963-1964/1970-1971	Coupe/Coupe	/			1963-1971	Coupe		fallback	Pontiac LeMans 1965 Coupe 原子事实对应多条候选记录
非皮卡	高度压缩两两组合	Pontiac	LeMans/LeMans	LeMans	/	/	3XL+0	1963-1964/1978-1979	Coupe/Coupe	/			1963-1979	Coupe		fallback	Pontiac LeMans 1965 Coupe 原子事实对应多条候选记录
非皮卡	高度压缩两两组合	Pontiac	LeMans/LeMans	LeMans	/	/	3XL+0	1963-1964/1981	Coupe/Coupe	/			1963-1981	Coupe		fallback	Pontiac LeMans 1965 Coupe 原子事实对应多条候选记录
非皮卡	高度压缩两两组合	Pontiac	LeMans/LeMans	LeMans	/	/	3XL+0	1963-1966/1968-1969	Convertible/Convertible/Coupe	Incl: LeMans/Tempest/			1963-1969	Convertible/Coupe	Incl: LeMans/Tempest	fallback	Pontiac LeMans 1963 Coupe 原子事实对应多条候选记录
非皮卡	高度压缩两两组合	Pontiac	LeMans/LeMans	LeMans	/	/	3XL+0	1963-1966/1970-1971	Convertible/Coupe	Incl: LeMans/Tempest/			1963-1971	Convertible/Coupe	Incl: LeMans/Tempest	fallback	Pontiac LeMans 1963 Coupe 原子事实对应多条候选记录
非皮卡	高度压缩两两组合	Pontiac	LeMans/LeMans	LeMans	/	/	3XL+0	1963-1966/1978-1979	Convertible/Coupe	Incl: LeMans/Tempest/			1963-1979	Convertible/Coupe	Incl: LeMans/Tempest	fallback	Pontiac LeMans 1963 Coupe 原子事实对应多条候选记录
非皮卡	高度压缩两两组合	Pontiac	LeMans/LeMans	LeMans	/	/	3XL+0	1963-1966/1981	Convertible/Coupe	Incl: LeMans/Tempest/			1963-1981	Convertible/Coupe	Incl: LeMans/Tempest	fallback	Pontiac LeMans 1963 Coupe 原子事实对应多条候选记录
非皮卡	高度压缩两两组合	Pontiac	LeMans/LeMans	LeMans	/	/	3XL+	1964/1978-1980	Sedan/Sedan	/			1964-1980	Sedan		fallback	Pontiac LeMans 1965 Sedan 原子事实对应多条候选记录
非皮卡	高度压缩两两组合	Pontiac	LeMans/LeMans	LeMans	/	/	3XXL-0	1965-1967/1967	Coupe/Convertible	/			1965-1967	Convertible/Coupe		fallback	Pontiac LeMans 1965 Convertible 原子事实对应多条候选记录
非皮卡	高度压缩两两组合	Pontiac	LeMans/LeMans	LeMans	/	/	3XXL-0	1965-1967/1970-1972	Coupe/Convertible	/			1965-1972	Convertible/Coupe		fallback	Pontiac LeMans 1965 Convertible 原子事实对应多条候选记录
非皮卡	高度压缩两两组合	Pontiac	LeMans/LeMans	LeMans	/	/	3XXL-0	1965-1967/1972-1977	Coupe/Coupe	/			1965-1977	Coupe		fallback	Pontiac LeMans 1968 Coupe 原子事实对应多条候选记录
非皮卡	高度压缩两两组合	Pontiac	LeMans/LeMans	LeMans	/	/	3XXL-0	1965-1967/1977	Coupe/Coupe	/Can Am			1965-1977	Coupe	Incl: Can Am	fallback	Pontiac LeMans 1968 Coupe 原子事实对应多条候选记录
非皮卡	高度压缩两两组合	Pontiac	LeMans/LeMans	LeMans	/	/	3XXL	1965-1972/1977	Sedan/Sedan	/			1965-1977	Sedan		fallback	Pontiac LeMans 1973 Sedan 原子事实对应多条候选记录
非皮卡	高度压缩两两组合	Pontiac	LeMans/LeMans	LeMans	/	/	3XXL-0	1967/1970-1972	Convertible/Convertible	/			1967-1972	Convertible		fallback	Pontiac LeMans 1968 Convertible 原子事实对应多条候选记录
非皮卡	高度压缩两两组合	Pontiac	LeMans/LeMans	LeMans	/	/	3XXL-0	1967/1972-1977	Convertible/Coupe	/			1967-1977	Convertible/Coupe		fallback	Pontiac LeMans 1967 Coupe 原子事实对应多条候选记录
非皮卡	高度压缩两两组合	Pontiac	LeMans/LeMans	LeMans	/	/	3XXL-0	1967/1977	Convertible/Coupe	/Can Am			1967-1977	Convertible/Coupe	Incl: Can Am	fallback	Pontiac LeMans 1967 Coupe 原子事实对应多条候选记录
非皮卡	高度压缩两两组合	Pontiac	LeMans/LeMans	LeMans	/	/	3XL+0	1968-1969/1970-1971	Convertible/Coupe/Coupe	/			1968-1971	Convertible/Coupe		fallback	Pontiac LeMans 1970 Convertible 原子事实对应多条候选记录
非皮卡	高度压缩两两组合	Pontiac	LeMans/LeMans	LeMans	/	/	3XL+0	1968-1969/1978-1979	Convertible/Coupe/Coupe	/			1968-1979	Convertible/Coupe		fallback	Pontiac LeMans 1970 Coupe 原子事实对应多条候选记录
非皮卡	高度压缩两两组合	Pontiac	LeMans/LeMans	LeMans	/	/	3XL+0	1968-1969/1981	Convertible/Coupe/Coupe	/			1968-1981	Convertible/Coupe		fallback	Pontiac LeMans 1970 Coupe 原子事实对应多条候选记录
非皮卡	高度压缩两两组合	Pontiac	LeMans/LeMans	LeMans	/	/	无可用尺码	1968-1969/1968-1970	Hatchback/Wagon	/			1968-1970	Hatchback/Wagon		success	
非皮卡	高度压缩两两组合	Pontiac	LeMans/LeMans	LeMans	/	/	2XL+	1963/1978-1980	Wagon/Hatchback	LeMans/Safari/Tempest/			1963-1980	Hatchback/Wagon	Incl: LeMans/Safari/Tempest	fallback	Pontiac LeMans 1964 Wagon 原子事实对应多条候选记录
非皮卡	高度压缩两两组合	Pontiac	LeMans/LeMans	LeMans	/	/	2XL+	1963/1979-1980	Wagon/Wagon	LeMans/Safari/Tempest/			1963-1980	Wagon	Incl: LeMans/Safari/Tempest	fallback	Pontiac LeMans 1964 Wagon 原子事实对应多条候选记录
非皮卡	高度压缩两两组合	Pontiac	LeMans/LeMans	LeMans	/	/	3XL+0	1963-1964/1963-1966	Coupe/Convertible	/Incl: LeMans/Tempest			1963-1966	Convertible/Coupe	Incl: LeMans/Tempest	fallback	Pontiac LeMans 1965 Coupe 原子事实对应多条候选记录
非皮卡	高度压缩两两组合	Pontiac	LeMans/LeMans	LeMans	/	/	3XL+0	1963-1964/1968-1969	Coupe/Convertible/Coupe	/			1963-1969	Convertible/Coupe		fallback	Pontiac LeMans 1963 Convertible 原子事实对应多条候选记录
非皮卡	高度压缩两两组合	Pontiac	LeMans/LeMans	LeMans	/	/	3XL+0	1963-1964/1970-1971	Coupe/Coupe	/			1963-1971	Coupe		fallback	Pontiac LeMans 1965 Coupe 原子事实对应多条候选记录
非皮卡	高度压缩两两组合	Pontiac	LeMans/LeMans	LeMans	/	/	3XL+0	1963-1964/1978-1979	Coupe/Coupe	/			1963-1979	Coupe		fallback	Pontiac LeMans 1965 Coupe 原子事实对应多条候选记录
非皮卡	高度压缩两两组合	Pontiac	LeMans/LeMans	LeMans	/	/	3XL+0	1963-1964/1981	Coupe/Coupe	/			1963-1981	Coupe		fallback	Pontiac LeMans 1965 Coupe 原子事实对应多条候选记录
非皮卡	高度压缩两两组合	Pontiac	LeMans/LeMans	LeMans	/	/	3XL+0	1963-1966/1968-1969	Convertible/Convertible/Coupe	Incl: LeMans/Tempest/			1963-1969	Convertible/Coupe	Incl: LeMans/Tempest	fallback	Pontiac LeMans 1963 Coupe 原子事实对应多条候选记录
非皮卡	高度压缩两两组合	Pontiac	LeMans/LeMans	LeMans	/	/	3XL+0	1963-1966/1970-1971	Convertible/Coupe	Incl: LeMans/Tempest/			1963-1971	Convertible/Coupe	Incl: LeMans/Tempest	fallback	Pontiac LeMans 1963 Coupe 原子事实对应多条候选记录
非皮卡	高度压缩两两组合	Pontiac	LeMans/LeMans	LeMans	/	/	3XL+0	1963-1966/1978-1979	Convertible/Coupe	Incl: LeMans/Tempest/			1963-1979	Convertible/Coupe	Incl: LeMans/Tempest	fallback	Pontiac LeMans 1963 Coupe 原子事实对应多条候选记录
非皮卡	高度压缩两两组合	Pontiac	LeMans/LeMans	LeMans	/	/	3XL+0	1963-1966/1981	Convertible/Coupe	Incl: LeMans/Tempest/			1963-1981	Convertible/Coupe	Incl: LeMans/Tempest	fallback	Pontiac LeMans 1963 Coupe 原子事实对应多条候选记录
非皮卡	高度压缩两两组合	Pontiac	LeMans/LeMans	LeMans	/	/	3XL+	1964/1978-1980	Sedan/Sedan	/			1964-1980	Sedan		fallback	Pontiac LeMans 1965 Sedan 原子事实对应多条候选记录
非皮卡	高度压缩两两组合	Pontiac	LeMans/LeMans	LeMans	/	/	3XXL-0	1965-1967/1967	Coupe/Convertible	/			1965-1967	Convertible/Coupe		fallback	Pontiac LeMans 1965 Convertible 原子事实对应多条候选记录
非皮卡	高度压缩两两组合	Pontiac	LeMans/LeMans	LeMans	/	/	3XXL-0	1965-1967/1970-1972	Coupe/Convertible	/			1965-1972	Convertible/Coupe		fallback	Pontiac LeMans 1965 Convertible 原子事实对应多条候选记录
非皮卡	高度压缩两两组合	Pontiac	LeMans/LeMans	LeMans	/	/	3XXL-0	1965-1967/1972-1977	Coupe/Coupe	/			1965-1977	Coupe		fallback	Pontiac LeMans 1968 Coupe 原子事实对应多条候选记录
非皮卡	高度压缩两两组合	Pontiac	LeMans/LeMans	LeMans	/	/	3XXL-0	1965-1967/1977	Coupe/Coupe	/Can Am			1965-1977	Coupe	Incl: Can Am	fallback	Pontiac LeMans 1968 Coupe 原子事实对应多条候选记录
非皮卡	高度压缩两两组合	Pontiac	LeMans/LeMans	LeMans	/	/	3XXL	1965-1972/1977	Sedan/Sedan	/			1965-1977	Sedan		fallback	Pontiac LeMans 1973 Sedan 原子事实对应多条候选记录
非皮卡	高度压缩两两组合	Pontiac	LeMans/LeMans	LeMans	/	/	3XXL-0	1967/1970-1972	Convertible/Convertible	/			1967-1972	Convertible		fallback	Pontiac LeMans 1968 Convertible 原子事实对应多条候选记录
非皮卡	高度压缩两两组合	Pontiac	LeMans/LeMans	LeMans	/	/	3XXL-0	1967/1972-1977	Convertible/Coupe	/			1967-1977	Convertible/Coupe		fallback	Pontiac LeMans 1967 Coupe 原子事实对应多条候选记录
非皮卡	高度压缩两两组合	Pontiac	LeMans/LeMans	LeMans	/	/	3XXL-0	1967/1977	Convertible/Coupe	/Can Am			1967-1977	Convertible/Coupe	Incl: Can Am	fallback	Pontiac LeMans 1967 Coupe 原子事实对应多条候选记录
非皮卡	高度压缩两两组合	Pontiac	LeMans/LeMans	LeMans	/	/	3XL+0	1968-1969/1970-1971	Convertible/Coupe/Coupe	/			1968-1971	Convertible/Coupe		fallback	Pontiac LeMans 1970 Convertible 原子事实对应多条候选记录
非皮卡	高度压缩两两组合	Pontiac	LeMans/LeMans	LeMans	/	/	3XL+0	1968-1969/1978-1979	Convertible/Coupe/Coupe	/			1968-1979	Convertible/Coupe		fallback	Pontiac LeMans 1970 Coupe 原子事实对应多条候选记录
非皮卡	高度压缩两两组合	Pontiac	LeMans/LeMans	LeMans	/	/	3XL+0	1968-1969/1981	Convertible/Coupe/Coupe	/			1968-1981	Convertible/Coupe		fallback	Pontiac LeMans 1970 Coupe 原子事实对应多条候选记录
非皮卡	高度压缩两两组合	Pontiac	LeMans/LeMans	LeMans	/	/	无可用尺码	1968-1970/1973-1976	Hatchback/Wagon/Wagon	/			1968-1976	Hatchback/Wagon		success	
非皮卡	高度压缩两两组合	Pontiac	LeMans/LeMans	LeMans	/	/	2XL+	1963/1978-1980	Wagon/Hatchback	LeMans/Safari/Tempest/			1963-1980	Hatchback/Wagon	Incl: LeMans/Safari/Tempest	fallback	Pontiac LeMans 1964 Wagon 原子事实对应多条候选记录
非皮卡	高度压缩两两组合	Pontiac	LeMans/LeMans	LeMans	/	/	2XL+	1963/1979-1980	Wagon/Wagon	LeMans/Safari/Tempest/			1963-1980	Wagon	Incl: LeMans/Safari/Tempest	fallback	Pontiac LeMans 1964 Wagon 原子事实对应多条候选记录
非皮卡	高度压缩两两组合	Pontiac	LeMans/LeMans	LeMans	/	/	3XL+0	1963-1964/1963-1966	Coupe/Convertible	/Incl: LeMans/Tempest			1963-1966	Convertible/Coupe	Incl: LeMans/Tempest	fallback	Pontiac LeMans 1965 Coupe 原子事实对应多条候选记录
非皮卡	高度压缩两两组合	Pontiac	LeMans/LeMans	LeMans	/	/	3XL+0	1963-1964/1968-1969	Coupe/Convertible/Coupe	/			1963-1969	Convertible/Coupe		fallback	Pontiac LeMans 1963 Convertible 原子事实对应多条候选记录
非皮卡	高度压缩两两组合	Pontiac	LeMans/LeMans	LeMans	/	/	3XL+0	1963-1964/1970-1971	Coupe/Coupe	/			1963-1971	Coupe		fallback	Pontiac LeMans 1965 Coupe 原子事实对应多条候选记录
非皮卡	高度压缩两两组合	Pontiac	LeMans/LeMans	LeMans	/	/	3XL+0	1963-1964/1978-1979	Coupe/Coupe	/			1963-1979	Coupe		fallback	Pontiac LeMans 1965 Coupe 原子事实对应多条候选记录
非皮卡	高度压缩两两组合	Pontiac	LeMans/LeMans	LeMans	/	/	3XL+0	1963-1964/1981	Coupe/Coupe	/			1963-1981	Coupe		fallback	Pontiac LeMans 1965 Coupe 原子事实对应多条候选记录
非皮卡	高度压缩两两组合	Pontiac	LeMans/LeMans	LeMans	/	/	3XL+0	1963-1966/1968-1969	Convertible/Convertible/Coupe	Incl: LeMans/Tempest/			1963-1969	Convertible/Coupe	Incl: LeMans/Tempest	fallback	Pontiac LeMans 1963 Coupe 原子事实对应多条候选记录
非皮卡	高度压缩两两组合	Pontiac	LeMans/LeMans	LeMans	/	/	3XL+0	1963-1966/1970-1971	Convertible/Coupe	Incl: LeMans/Tempest/			1963-1971	Convertible/Coupe	Incl: LeMans/Tempest	fallback	Pontiac LeMans 1963 Coupe 原子事实对应多条候选记录
非皮卡	高度压缩两两组合	Pontiac	LeMans/LeMans	LeMans	/	/	3XL+0	1963-1966/1978-1979	Convertible/Coupe	Incl: LeMans/Tempest/			1963-1979	Convertible/Coupe	Incl: LeMans/Tempest	fallback	Pontiac LeMans 1963 Coupe 原子事实对应多条候选记录
非皮卡	高度压缩两两组合	Pontiac	LeMans/LeMans	LeMans	/	/	3XL+0	1963-1966/1981	Convertible/Coupe	Incl: LeMans/Tempest/			1963-1981	Convertible/Coupe	Incl: LeMans/Tempest	fallback	Pontiac LeMans 1963 Coupe 原子事实对应多条候选记录
非皮卡	高度压缩两两组合	Pontiac	LeMans/LeMans	LeMans	/	/	3XL+	1964/1978-1980	Sedan/Sedan	/			1964-1980	Sedan		fallback	Pontiac LeMans 1965 Sedan 原子事实对应多条候选记录
非皮卡	高度压缩两两组合	Pontiac	LeMans/LeMans	LeMans	/	/	3XXL-0	1965-1967/1967	Coupe/Convertible	/			1965-1967	Convertible/Coupe		fallback	Pontiac LeMans 1965 Convertible 原子事实对应多条候选记录
非皮卡	高度压缩两两组合	Pontiac	LeMans/LeMans	LeMans	/	/	3XXL-0	1965-1967/1970-1972	Coupe/Convertible	/			1965-1972	Convertible/Coupe		fallback	Pontiac LeMans 1965 Convertible 原子事实对应多条候选记录
非皮卡	高度压缩两两组合	Pontiac	LeMans/LeMans	LeMans	/	/	3XXL-0	1965-1967/1972-1977	Coupe/Coupe	/			1965-1977	Coupe		fallback	Pontiac LeMans 1968 Coupe 原子事实对应多条候选记录
非皮卡	高度压缩两两组合	Pontiac	LeMans/LeMans	LeMans	/	/	3XXL-0	1965-1967/1977	Coupe/Coupe	/Can Am			1965-1977	Coupe	Incl: Can Am	fallback	Pontiac LeMans 1968 Coupe 原子事实对应多条候选记录
非皮卡	高度压缩两两组合	Pontiac	LeMans/LeMans	LeMans	/	/	3XXL	1965-1972/1977	Sedan/Sedan	/			1965-1977	Sedan		fallback	Pontiac LeMans 1973 Sedan 原子事实对应多条候选记录
非皮卡	高度压缩两两组合	Pontiac	LeMans/LeMans	LeMans	/	/	3XXL-0	1967/1970-1972	Convertible/Convertible	/			1967-1972	Convertible		fallback	Pontiac LeMans 1968 Convertible 原子事实对应多条候选记录
非皮卡	高度压缩两两组合	Pontiac	LeMans/LeMans	LeMans	/	/	3XXL-0	1967/1972-1977	Convertible/Coupe	/			1967-1977	Convertible/Coupe		fallback	Pontiac LeMans 1967 Coupe 原子事实对应多条候选记录
非皮卡	高度压缩两两组合	Pontiac	LeMans/LeMans	LeMans	/	/	3XXL-0	1967/1977	Convertible/Coupe	/Can Am			1967-1977	Convertible/Coupe	Incl: Can Am	fallback	Pontiac LeMans 1967 Coupe 原子事实对应多条候选记录
非皮卡	高度压缩两两组合	Pontiac	LeMans/LeMans	LeMans	/	/	3XL+0	1968-1969/1970-1971	Convertible/Coupe/Coupe	/			1968-1971	Convertible/Coupe		fallback	Pontiac LeMans 1970 Convertible 原子事实对应多条候选记录
非皮卡	高度压缩两两组合	Pontiac	LeMans/LeMans	LeMans	/	/	3XL+0	1968-1969/1978-1979	Convertible/Coupe/Coupe	/			1968-1979	Convertible/Coupe		fallback	Pontiac LeMans 1970 Coupe 原子事实对应多条候选记录
非皮卡	高度压缩两两组合	Pontiac	LeMans/LeMans	LeMans	/	/	3XL+0	1968-1969/1981	Convertible/Coupe/Coupe	/			1968-1981	Convertible/Coupe		fallback	Pontiac LeMans 1970 Coupe 原子事实对应多条候选记录
非皮卡	高度压缩两两组合	Pontiac	LeMans/LeMans	LeMans	/	/	无可用尺码	1968-1976/1977	Hatchback/Wagon/Hatchback	/			1968-1977	Hatchback/Wagon		success	
非皮卡	高度压缩两两组合	Pontiac	LeMans/LeMans	LeMans	/	/	2XL+	1963/1978-1980	Wagon/Hatchback	LeMans/Safari/Tempest/			1963-1980	Hatchback/Wagon	Incl: LeMans/Safari/Tempest	fallback	Pontiac LeMans 1964 Wagon 原子事实对应多条候选记录
非皮卡	高度压缩两两组合	Pontiac	LeMans/LeMans	LeMans	/	/	2XL+	1963/1979-1980	Wagon/Wagon	LeMans/Safari/Tempest/			1963-1980	Wagon	Incl: LeMans/Safari/Tempest	fallback	Pontiac LeMans 1964 Wagon 原子事实对应多条候选记录
非皮卡	高度压缩两两组合	Pontiac	LeMans/LeMans	LeMans	/	/	3XL+0	1963-1964/1963-1966	Coupe/Convertible	/Incl: LeMans/Tempest			1963-1966	Convertible/Coupe	Incl: LeMans/Tempest	fallback	Pontiac LeMans 1965 Coupe 原子事实对应多条候选记录
非皮卡	高度压缩两两组合	Pontiac	LeMans/LeMans	LeMans	/	/	3XL+0	1963-1964/1968-1969	Coupe/Convertible/Coupe	/			1963-1969	Convertible/Coupe		fallback	Pontiac LeMans 1963 Convertible 原子事实对应多条候选记录
非皮卡	高度压缩两两组合	Pontiac	LeMans/LeMans	LeMans	/	/	3XL+0	1963-1964/1970-1971	Coupe/Coupe	/			1963-1971	Coupe		fallback	Pontiac LeMans 1965 Coupe 原子事实对应多条候选记录
非皮卡	高度压缩两两组合	Pontiac	LeMans/LeMans	LeMans	/	/	3XL+0	1963-1964/1978-1979	Coupe/Coupe	/			1963-1979	Coupe		fallback	Pontiac LeMans 1965 Coupe 原子事实对应多条候选记录
非皮卡	高度压缩两两组合	Pontiac	LeMans/LeMans	LeMans	/	/	3XL+0	1963-1964/1981	Coupe/Coupe	/			1963-1981	Coupe		fallback	Pontiac LeMans 1965 Coupe 原子事实对应多条候选记录
非皮卡	高度压缩两两组合	Pontiac	LeMans/LeMans	LeMans	/	/	3XL+0	1963-1966/1968-1969	Convertible/Convertible/Coupe	Incl: LeMans/Tempest/			1963-1969	Convertible/Coupe	Incl: LeMans/Tempest	fallback	Pontiac LeMans 1963 Coupe 原子事实对应多条候选记录
非皮卡	高度压缩两两组合	Pontiac	LeMans/LeMans	LeMans	/	/	3XL+0	1963-1966/1970-1971	Convertible/Coupe	Incl: LeMans/Tempest/			1963-1971	Convertible/Coupe	Incl: LeMans/Tempest	fallback	Pontiac LeMans 1963 Coupe 原子事实对应多条候选记录
非皮卡	高度压缩两两组合	Pontiac	LeMans/LeMans	LeMans	/	/	3XL+0	1963-1966/1978-1979	Convertible/Coupe	Incl: LeMans/Tempest/			1963-1979	Convertible/Coupe	Incl: LeMans/Tempest	fallback	Pontiac LeMans 1963 Coupe 原子事实对应多条候选记录
非皮卡	高度压缩两两组合	Pontiac	LeMans/LeMans	LeMans	/	/	3XL+0	1963-1966/1981	Convertible/Coupe	Incl: LeMans/Tempest/			1963-1981	Convertible/Coupe	Incl: LeMans/Tempest	fallback	Pontiac LeMans 1963 Coupe 原子事实对应多条候选记录
非皮卡	高度压缩两两组合	Pontiac	LeMans/LeMans	LeMans	/	/	3XL+	1964/1978-1980	Sedan/Sedan	/			1964-1980	Sedan		fallback	Pontiac LeMans 1965 Sedan 原子事实对应多条候选记录
非皮卡	高度压缩两两组合	Pontiac	LeMans/LeMans	LeMans	/	/	3XXL-0	1965-1967/1967	Coupe/Convertible	/			1965-1967	Convertible/Coupe		fallback	Pontiac LeMans 1965 Convertible 原子事实对应多条候选记录
非皮卡	高度压缩两两组合	Pontiac	LeMans/LeMans	LeMans	/	/	3XXL-0	1965-1967/1970-1972	Coupe/Convertible	/			1965-1972	Convertible/Coupe		fallback	Pontiac LeMans 1965 Convertible 原子事实对应多条候选记录
非皮卡	高度压缩两两组合	Pontiac	LeMans/LeMans	LeMans	/	/	3XXL-0	1965-1967/1972-1977	Coupe/Coupe	/			1965-1977	Coupe		fallback	Pontiac LeMans 1968 Coupe 原子事实对应多条候选记录
非皮卡	高度压缩两两组合	Pontiac	LeMans/LeMans	LeMans	/	/	3XXL-0	1965-1967/1977	Coupe/Coupe	/Can Am			1965-1977	Coupe	Incl: Can Am	fallback	Pontiac LeMans 1968 Coupe 原子事实对应多条候选记录
非皮卡	高度压缩两两组合	Pontiac	LeMans/LeMans	LeMans	/	/	3XXL	1965-1972/1977	Sedan/Sedan	/			1965-1977	Sedan		fallback	Pontiac LeMans 1973 Sedan 原子事实对应多条候选记录
非皮卡	高度压缩两两组合	Pontiac	LeMans/LeMans	LeMans	/	/	3XXL-0	1967/1970-1972	Convertible/Convertible	/			1967-1972	Convertible		fallback	Pontiac LeMans 1968 Convertible 原子事实对应多条候选记录
非皮卡	高度压缩两两组合	Pontiac	LeMans/LeMans	LeMans	/	/	3XXL-0	1967/1972-1977	Convertible/Coupe	/			1967-1977	Convertible/Coupe		fallback	Pontiac LeMans 1967 Coupe 原子事实对应多条候选记录
非皮卡	高度压缩两两组合	Pontiac	LeMans/LeMans	LeMans	/	/	3XXL-0	1967/1977	Convertible/Coupe	/Can Am			1967-1977	Convertible/Coupe	Incl: Can Am	fallback	Pontiac LeMans 1967 Coupe 原子事实对应多条候选记录
非皮卡	高度压缩两两组合	Pontiac	LeMans/LeMans	LeMans	/	/	3XL+0	1968-1969/1970-1971	Convertible/Coupe/Coupe	/			1968-1971	Convertible/Coupe		fallback	Pontiac LeMans 1970 Convertible 原子事实对应多条候选记录
非皮卡	高度压缩两两组合	Pontiac	LeMans/LeMans	LeMans	/	/	3XL+0	1968-1969/1978-1979	Convertible/Coupe/Coupe	/			1968-1979	Convertible/Coupe		fallback	Pontiac LeMans 1970 Coupe 原子事实对应多条候选记录
非皮卡	高度压缩两两组合	Pontiac	LeMans/LeMans	LeMans	/	/	3XL+0	1968-1969/1981	Convertible/Coupe/Coupe	/			1968-1981	Convertible/Coupe		fallback	Pontiac LeMans 1970 Coupe 原子事实对应多条候选记录
非皮卡	高度压缩两两组合	Pontiac	LeMans/LeMans	LeMans	/	/	3XL+0	1970-1971/1978-1979	Coupe/Coupe	/			1970-1979	Coupe		fallback	Pontiac LeMans 1972 Coupe 原子事实对应多条候选记录
非皮卡	高度压缩两两组合	Pontiac	LeMans/LeMans	LeMans	/	/	3XL+0	1970-1971/1981	Coupe/Coupe	/			1970-1981	Coupe		fallback	Pontiac LeMans 1972 Coupe 原子事实对应多条候选记录
非皮卡	高度压缩两两组合	Pontiac	LeMans/LeMans	LeMans	/	/	3XXL-0	1970-1972/1972-1977	Convertible/Coupe	/			1970-1977	Convertible/Coupe		fallback	Pontiac LeMans 1970 Coupe 原子事实对应多条候选记录
非皮卡	高度压缩两两组合	Pontiac	LeMans/LeMans	LeMans	/	/	3XXL-0	1970-1972/1977	Convertible/Coupe	/Can Am			1970-1977	Convertible/Coupe	Incl: Can Am	fallback	Pontiac LeMans 1970 Coupe 原子事实对应多条候选记录
非皮卡	高度压缩两两组合	Pontiac	LeMans/LeMans	LeMans	/	/	3XXL-0	1972-1977/1977	Coupe/Coupe	/Can Am			1972-1977	Coupe	Incl: Can Am	success	
非皮卡	高度压缩两两组合	Pontiac	LeMans/LeMans	LeMans	/	/	2XL+	1963/1978-1980	Wagon/Hatchback	LeMans/Safari/Tempest/			1963-1980	Hatchback/Wagon	Incl: LeMans/Safari/Tempest	fallback	Pontiac LeMans 1964 Wagon 原子事实对应多条候选记录
非皮卡	高度压缩两两组合	Pontiac	LeMans/LeMans	LeMans	/	/	2XL+	1963/1979-1980	Wagon/Wagon	LeMans/Safari/Tempest/			1963-1980	Wagon	Incl: LeMans/Safari/Tempest	fallback	Pontiac LeMans 1964 Wagon 原子事实对应多条候选记录
非皮卡	高度压缩两两组合	Pontiac	LeMans/LeMans	LeMans	/	/	3XL+0	1963-1964/1963-1966	Coupe/Convertible	/Incl: LeMans/Tempest			1963-1966	Convertible/Coupe	Incl: LeMans/Tempest	fallback	Pontiac LeMans 1965 Coupe 原子事实对应多条候选记录
非皮卡	高度压缩两两组合	Pontiac	LeMans/LeMans	LeMans	/	/	3XL+0	1963-1964/1968-1969	Coupe/Convertible/Coupe	/			1963-1969	Convertible/Coupe		fallback	Pontiac LeMans 1963 Convertible 原子事实对应多条候选记录
非皮卡	高度压缩两两组合	Pontiac	LeMans/LeMans	LeMans	/	/	3XL+0	1963-1964/1970-1971	Coupe/Coupe	/			1963-1971	Coupe		fallback	Pontiac LeMans 1965 Coupe 原子事实对应多条候选记录
非皮卡	高度压缩两两组合	Pontiac	LeMans/LeMans	LeMans	/	/	3XL+0	1963-1964/1978-1979	Coupe/Coupe	/			1963-1979	Coupe		fallback	Pontiac LeMans 1965 Coupe 原子事实对应多条候选记录
非皮卡	高度压缩两两组合	Pontiac	LeMans/LeMans	LeMans	/	/	3XL+0	1963-1964/1981	Coupe/Coupe	/			1963-1981	Coupe		fallback	Pontiac LeMans 1965 Coupe 原子事实对应多条候选记录
非皮卡	高度压缩两两组合	Pontiac	LeMans/LeMans	LeMans	/	/	3XL+0	1963-1966/1968-1969	Convertible/Convertible/Coupe	Incl: LeMans/Tempest/			1963-1969	Convertible/Coupe	Incl: LeMans/Tempest	fallback	Pontiac LeMans 1963 Coupe 原子事实对应多条候选记录
非皮卡	高度压缩两两组合	Pontiac	LeMans/LeMans	LeMans	/	/	3XL+0	1963-1966/1970-1971	Convertible/Coupe	Incl: LeMans/Tempest/			1963-1971	Convertible/Coupe	Incl: LeMans/Tempest	fallback	Pontiac LeMans 1963 Coupe 原子事实对应多条候选记录
非皮卡	高度压缩两两组合	Pontiac	LeMans/LeMans	LeMans	/	/	3XL+0	1963-1966/1978-1979	Convertible/Coupe	Incl: LeMans/Tempest/			1963-1979	Convertible/Coupe	Incl: LeMans/Tempest	fallback	Pontiac LeMans 1963 Coupe 原子事实对应多条候选记录
非皮卡	高度压缩两两组合	Pontiac	LeMans/LeMans	LeMans	/	/	3XL+0	1963-1966/1981	Convertible/Coupe	Incl: LeMans/Tempest/			1963-1981	Convertible/Coupe	Incl: LeMans/Tempest	fallback	Pontiac LeMans 1963 Coupe 原子事实对应多条候选记录
非皮卡	高度压缩两两组合	Pontiac	LeMans/LeMans	LeMans	/	/	3XL+	1964/1978-1980	Sedan/Sedan	/			1964-1980	Sedan		fallback	Pontiac LeMans 1965 Sedan 原子事实对应多条候选记录
非皮卡	高度压缩两两组合	Pontiac	LeMans/LeMans	LeMans	/	/	3XXL-0	1965-1967/1967	Coupe/Convertible	/			1965-1967	Convertible/Coupe		fallback	Pontiac LeMans 1965 Convertible 原子事实对应多条候选记录
非皮卡	高度压缩两两组合	Pontiac	LeMans/LeMans	LeMans	/	/	3XXL-0	1965-1967/1970-1972	Coupe/Convertible	/			1965-1972	Convertible/Coupe		fallback	Pontiac LeMans 1965 Convertible 原子事实对应多条候选记录
非皮卡	高度压缩两两组合	Pontiac	LeMans/LeMans	LeMans	/	/	3XXL-0	1965-1967/1972-1977	Coupe/Coupe	/Incl: Can Am			1965-1977	Coupe	Incl: Can Am	fallback	Pontiac LeMans 1968 Coupe 原子事实对应多条候选记录
非皮卡	高度压缩两两组合	Pontiac	LeMans/LeMans	LeMans	/	/	3XXL	1965-1972/1977	Sedan/Sedan	/			1965-1977	Sedan		fallback	Pontiac LeMans 1973 Sedan 原子事实对应多条候选记录
非皮卡	高度压缩两两组合	Pontiac	LeMans/LeMans	LeMans	/	/	3XXL-0	1967/1970-1972	Convertible/Convertible	/			1967-1972	Convertible		fallback	Pontiac LeMans 1968 Convertible 原子事实对应多条候选记录
非皮卡	高度压缩两两组合	Pontiac	LeMans/LeMans	LeMans	/	/	3XXL-0	1967/1972-1977	Convertible/Coupe	/Incl: Can Am			1967-1977	Convertible/Coupe	Incl: Can Am	fallback	Pontiac LeMans 1967 Coupe 原子事实对应多条候选记录
非皮卡	高度压缩两两组合	Pontiac	LeMans/LeMans	LeMans	/	/	3XL+0	1968-1969/1970-1971	Convertible/Coupe/Coupe	/			1968-1971	Convertible/Coupe		fallback	Pontiac LeMans 1970 Convertible 原子事实对应多条候选记录
非皮卡	高度压缩两两组合	Pontiac	LeMans/LeMans	LeMans	/	/	3XL+0	1968-1969/1978-1979	Convertible/Coupe/Coupe	/			1968-1979	Convertible/Coupe		fallback	Pontiac LeMans 1970 Coupe 原子事实对应多条候选记录
非皮卡	高度压缩两两组合	Pontiac	LeMans/LeMans	LeMans	/	/	3XL+0	1968-1969/1981	Convertible/Coupe/Coupe	/			1968-1981	Convertible/Coupe		fallback	Pontiac LeMans 1970 Coupe 原子事实对应多条候选记录
非皮卡	高度压缩两两组合	Pontiac	LeMans/LeMans	LeMans	/	/	3XL+0	1970-1971/1978-1979	Coupe/Coupe	/			1970-1979	Coupe		fallback	Pontiac LeMans 1972 Coupe 原子事实对应多条候选记录
非皮卡	高度压缩两两组合	Pontiac	LeMans/LeMans	LeMans	/	/	3XL+0	1970-1971/1981	Coupe/Coupe	/			1970-1981	Coupe		fallback	Pontiac LeMans 1972 Coupe 原子事实对应多条候选记录
非皮卡	高度压缩两两组合	Pontiac	LeMans/LeMans	LeMans	/	/	3XXL-0	1970-1972/1972-1977	Convertible/Coupe	/Incl: Can Am			1970-1977	Convertible/Coupe	Incl: Can Am	fallback	Pontiac LeMans 1970 Coupe 原子事实对应多条候选记录
非皮卡	高度压缩两两组合	Pontiac	LeMans/LeMans	LeMans	/	/	3XL+0	1978-1979/1981	Coupe/Coupe	/			1978-1981	Coupe		success	
非皮卡	高度压缩两两组合	Pontiac	LeMans/LeMans	LeMans	/	/	2XL+	1963/1978-1980	Wagon/Hatchback	LeMans/Safari/Tempest/			1963-1980	Hatchback/Wagon	Incl: LeMans/Safari/Tempest	fallback	Pontiac LeMans 1964 Wagon 原子事实对应多条候选记录
非皮卡	高度压缩两两组合	Pontiac	LeMans/LeMans	LeMans	/	/	2XL+	1963/1979-1980	Wagon/Wagon	LeMans/Safari/Tempest/			1963-1980	Wagon	Incl: LeMans/Safari/Tempest	fallback	Pontiac LeMans 1964 Wagon 原子事实对应多条候选记录
非皮卡	高度压缩两两组合	Pontiac	LeMans/LeMans	LeMans	/	/	3XL+0	1963-1964/1963-1966	Coupe/Convertible	/Incl: LeMans/Tempest			1963-1966	Convertible/Coupe	Incl: LeMans/Tempest	fallback	Pontiac LeMans 1965 Coupe 原子事实对应多条候选记录
非皮卡	高度压缩两两组合	Pontiac	LeMans/LeMans	LeMans	/	/	3XL+0	1963-1964/1968-1969	Coupe/Convertible/Coupe	/			1963-1969	Convertible/Coupe		fallback	Pontiac LeMans 1963 Convertible 原子事实对应多条候选记录
非皮卡	高度压缩两两组合	Pontiac	LeMans/LeMans	LeMans	/	/	3XL+0	1963-1964/1970-1971	Coupe/Coupe	/			1963-1971	Coupe		fallback	Pontiac LeMans 1965 Coupe 原子事实对应多条候选记录
非皮卡	高度压缩两两组合	Pontiac	LeMans/LeMans	LeMans	/	/	3XL+0	1963-1964/1978-1981	Coupe/Coupe	/			1963-1981	Coupe		fallback	Pontiac LeMans 1965 Coupe 原子事实对应多条候选记录
非皮卡	高度压缩两两组合	Pontiac	LeMans/LeMans	LeMans	/	/	3XL+0	1963-1966/1968-1969	Convertible/Convertible/Coupe	Incl: LeMans/Tempest/			1963-1969	Convertible/Coupe	Incl: LeMans/Tempest	fallback	Pontiac LeMans 1963 Coupe 原子事实对应多条候选记录
非皮卡	高度压缩两两组合	Pontiac	LeMans/LeMans	LeMans	/	/	3XL+0	1963-1966/1970-1971	Convertible/Coupe	Incl: LeMans/Tempest/			1963-1971	Convertible/Coupe	Incl: LeMans/Tempest	fallback	Pontiac LeMans 1963 Coupe 原子事实对应多条候选记录
非皮卡	高度压缩两两组合	Pontiac	LeMans/LeMans	LeMans	/	/	3XL+0	1963-1966/1978-1981	Convertible/Coupe	Incl: LeMans/Tempest/			1963-1981	Convertible/Coupe	Incl: LeMans/Tempest	fallback	Pontiac LeMans 1963 Coupe 原子事实对应多条候选记录
非皮卡	高度压缩两两组合	Pontiac	LeMans/LeMans	LeMans	/	/	3XL+	1964/1978-1980	Sedan/Sedan	/			1964-1980	Sedan		fallback	Pontiac LeMans 1965 Sedan 原子事实对应多条候选记录
非皮卡	高度压缩两两组合	Pontiac	LeMans/LeMans	LeMans	/	/	3XXL-0	1965-1967/1967	Coupe/Convertible	/			1965-1967	Convertible/Coupe		fallback	Pontiac LeMans 1965 Convertible 原子事实对应多条候选记录
非皮卡	高度压缩两两组合	Pontiac	LeMans/LeMans	LeMans	/	/	3XXL-0	1965-1967/1970-1972	Coupe/Convertible	/			1965-1972	Convertible/Coupe		fallback	Pontiac LeMans 1965 Convertible 原子事实对应多条候选记录
非皮卡	高度压缩两两组合	Pontiac	LeMans/LeMans	LeMans	/	/	3XXL-0	1965-1967/1972-1977	Coupe/Coupe	/Incl: Can Am			1965-1977	Coupe	Incl: Can Am	fallback	Pontiac LeMans 1968 Coupe 原子事实对应多条候选记录
非皮卡	高度压缩两两组合	Pontiac	LeMans/LeMans	LeMans	/	/	3XXL	1965-1972/1977	Sedan/Sedan	/			1965-1977	Sedan		fallback	Pontiac LeMans 1973 Sedan 原子事实对应多条候选记录
非皮卡	高度压缩两两组合	Pontiac	LeMans/LeMans	LeMans	/	/	3XXL-0	1967/1970-1972	Convertible/Convertible	/			1967-1972	Convertible		fallback	Pontiac LeMans 1968 Convertible 原子事实对应多条候选记录
非皮卡	高度压缩两两组合	Pontiac	LeMans/LeMans	LeMans	/	/	3XXL-0	1967/1972-1977	Convertible/Coupe	/Incl: Can Am			1967-1977	Convertible/Coupe	Incl: Can Am	fallback	Pontiac LeMans 1967 Coupe 原子事实对应多条候选记录
非皮卡	高度压缩两两组合	Pontiac	LeMans/LeMans	LeMans	/	/	3XL+0	1968-1969/1970-1971	Convertible/Coupe/Coupe	/			1968-1971	Convertible/Coupe		fallback	Pontiac LeMans 1970 Convertible 原子事实对应多条候选记录
非皮卡	高度压缩两两组合	Pontiac	LeMans/LeMans	LeMans	/	/	3XL+0	1968-1969/1978-1981	Convertible/Coupe/Coupe	/			1968-1981	Convertible/Coupe		fallback	Pontiac LeMans 1970 Coupe 原子事实对应多条候选记录
非皮卡	高度压缩两两组合	Pontiac	LeMans/LeMans	LeMans	/	/	3XL+0	1970-1971/1978-1981	Coupe/Coupe	/			1970-1981	Coupe		fallback	Pontiac LeMans 1972 Coupe 原子事实对应多条候选记录
非皮卡	高度压缩两两组合	Pontiac	LeMans/LeMans	LeMans	/	/	3XXL-0	1970-1972/1972-1977	Convertible/Coupe	/Incl: Can Am			1970-1977	Convertible/Coupe	Incl: Can Am	fallback	Pontiac LeMans 1970 Coupe 原子事实对应多条候选记录
非皮卡	高度压缩两两组合	Pontiac	LeMans/LeMans	LeMans	/	/	2XL+	1978-1980/1979-1980	Hatchback/Wagon	/			1978-1980	Hatchback/Wagon		success	
非皮卡	高度压缩两两组合	Pontiac	LeMans/LeMans	LeMans	/	/	2XL+	1963/1978-1980	Wagon/Hatchback/Wagon	LeMans/Safari/Tempest/			1963-1980	Hatchback/Wagon	Incl: LeMans/Safari/Tempest	fallback	Pontiac LeMans 1964 Wagon 原子事实对应多条候选记录
非皮卡	高度压缩两两组合	Pontiac	LeMans/LeMans	LeMans	/	/	3XL+0	1963-1964/1963-1966	Coupe/Convertible	/Incl: LeMans/Tempest			1963-1966	Convertible/Coupe	Incl: LeMans/Tempest	fallback	Pontiac LeMans 1965 Coupe 原子事实对应多条候选记录
非皮卡	高度压缩两两组合	Pontiac	LeMans/LeMans	LeMans	/	/	3XL+0	1963-1964/1968-1969	Coupe/Convertible/Coupe	/			1963-1969	Convertible/Coupe		fallback	Pontiac LeMans 1963 Convertible 原子事实对应多条候选记录
非皮卡	高度压缩两两组合	Pontiac	LeMans/LeMans	LeMans	/	/	3XL+0	1963-1964/1970-1971	Coupe/Coupe	/			1963-1971	Coupe		fallback	Pontiac LeMans 1965 Coupe 原子事实对应多条候选记录
非皮卡	高度压缩两两组合	Pontiac	LeMans/LeMans	LeMans	/	/	3XL+0	1963-1964/1978-1981	Coupe/Coupe	/			1963-1981	Coupe		fallback	Pontiac LeMans 1965 Coupe 原子事实对应多条候选记录
非皮卡	高度压缩两两组合	Pontiac	LeMans/LeMans	LeMans	/	/	3XL+0	1963-1966/1968-1969	Convertible/Convertible/Coupe	Incl: LeMans/Tempest/			1963-1969	Convertible/Coupe	Incl: LeMans/Tempest	fallback	Pontiac LeMans 1963 Coupe 原子事实对应多条候选记录
非皮卡	高度压缩两两组合	Pontiac	LeMans/LeMans	LeMans	/	/	3XL+0	1963-1966/1970-1971	Convertible/Coupe	Incl: LeMans/Tempest/			1963-1971	Convertible/Coupe	Incl: LeMans/Tempest	fallback	Pontiac LeMans 1963 Coupe 原子事实对应多条候选记录
非皮卡	高度压缩两两组合	Pontiac	LeMans/LeMans	LeMans	/	/	3XL+0	1963-1966/1978-1981	Convertible/Coupe	Incl: LeMans/Tempest/			1963-1981	Convertible/Coupe	Incl: LeMans/Tempest	fallback	Pontiac LeMans 1963 Coupe 原子事实对应多条候选记录
非皮卡	高度压缩两两组合	Pontiac	LeMans/LeMans	LeMans	/	/	3XL+	1964/1978-1980	Sedan/Sedan	/			1964-1980	Sedan		fallback	Pontiac LeMans 1965 Sedan 原子事实对应多条候选记录
非皮卡	高度压缩两两组合	Pontiac	LeMans/LeMans	LeMans	/	/	3XXL-0	1965-1967/1967	Coupe/Convertible	/			1965-1967	Convertible/Coupe		fallback	Pontiac LeMans 1965 Convertible 原子事实对应多条候选记录
非皮卡	高度压缩两两组合	Pontiac	LeMans/LeMans	LeMans	/	/	3XXL-0	1965-1967/1970-1972	Coupe/Convertible	/			1965-1972	Convertible/Coupe		fallback	Pontiac LeMans 1965 Convertible 原子事实对应多条候选记录
非皮卡	高度压缩两两组合	Pontiac	LeMans/LeMans	LeMans	/	/	3XXL-0	1965-1967/1972-1977	Coupe/Coupe	/Incl: Can Am			1965-1977	Coupe	Incl: Can Am	fallback	Pontiac LeMans 1968 Coupe 原子事实对应多条候选记录
非皮卡	高度压缩两两组合	Pontiac	LeMans/LeMans	LeMans	/	/	3XXL	1965-1972/1977	Sedan/Sedan	/			1965-1977	Sedan		fallback	Pontiac LeMans 1973 Sedan 原子事实对应多条候选记录
非皮卡	高度压缩两两组合	Pontiac	LeMans/LeMans	LeMans	/	/	3XXL-0	1967/1970-1972	Convertible/Convertible	/			1967-1972	Convertible		fallback	Pontiac LeMans 1968 Convertible 原子事实对应多条候选记录
非皮卡	高度压缩两两组合	Pontiac	LeMans/LeMans	LeMans	/	/	3XXL-0	1967/1972-1977	Convertible/Coupe	/Incl: Can Am			1967-1977	Convertible/Coupe	Incl: Can Am	fallback	Pontiac LeMans 1967 Coupe 原子事实对应多条候选记录
非皮卡	高度压缩两两组合	Pontiac	LeMans/LeMans	LeMans	/	/	3XL+0	1968-1969/1970-1971	Convertible/Coupe/Coupe	/			1968-1971	Convertible/Coupe		fallback	Pontiac LeMans 1970 Convertible 原子事实对应多条候选记录
非皮卡	高度压缩两两组合	Pontiac	LeMans/LeMans	LeMans	/	/	3XL+0	1968-1969/1978-1981	Convertible/Coupe/Coupe	/			1968-1981	Convertible/Coupe		fallback	Pontiac LeMans 1970 Coupe 原子事实对应多条候选记录
非皮卡	高度压缩两两组合	Pontiac	LeMans/LeMans	LeMans	/	/	3XL+0	1970-1971/1978-1981	Coupe/Coupe	/			1970-1981	Coupe		fallback	Pontiac LeMans 1972 Coupe 原子事实对应多条候选记录
非皮卡	高度压缩两两组合	Pontiac	LeMans/LeMans	LeMans	/	/	3XXL-0	1970-1972/1972-1977	Convertible/Coupe	/Incl: Can Am			1970-1977	Convertible/Coupe	Incl: Can Am	fallback	Pontiac LeMans 1970 Coupe 原子事实对应多条候选记录
非皮卡	高度压缩两两组合	Pontiac	Solstice/Solstice	Solstice	/	/	3S-0	2006-2009/2009	Convertible/Coupe	/			2006-2009	Convertible/Coupe		success	
非皮卡	高度压缩两两组合	Pontiac	Sunfire/Sunfire	Sunfire	/	/	3L-0	1995-2005/1995-2005	Convertible/Coupe	/			1995-2005	Convertible/Coupe		success	
非皮卡	高度压缩两两组合	Porsche	911/911	911	/	/	3M-0	1965-2016/1976-1980	Coupe/Coupe	/Turbo			1965-2016	Coupe	Incl: Turbo	fallback	Porsche 911 1986 Coupe 原子事实对应多条候选记录
非皮卡	高度压缩两两组合	Porsche	911/911	911	/	/	3M-0	1965-2016/1983-1993	Coupe/Targa	/			1965-2016	Coupe/Targa		fallback	Porsche 911 1996 Targa 原子事实对应多条候选记录
非皮卡	高度压缩两两组合	Porsche	911/911	911	/	/	3M-0	1965-2016/1983-2016	Coupe/Convertible	/			1965-2016	Convertible/Coupe		success	
非皮卡	高度压缩两两组合	Porsche	911/911	911	/	/	3M-0	1965-2016/1976-1980	Convertible/Coupe/Coupe	/Turbo			1965-2016	Convertible/Coupe	Incl: Turbo	fallback	Porsche 911 1986 Coupe 原子事实对应多条候选记录
非皮卡	高度压缩两两组合	Porsche	911/911	911	/	/	3M-0	1965-2016/1983-1993	Convertible/Coupe/Targa	/			1965-2016	Convertible/Coupe/Targa		fallback	Porsche 911 1996 Targa 原子事实对应多条候选记录
非皮卡	高度压缩两两组合	Porsche	911/911	911	/	/	3M-0	1965-2016/1986-1989	Convertible/Coupe/Coupe	/Turbo			1965-2016	Convertible/Coupe	Incl: Turbo	fallback	Porsche 911 1976 Coupe 原子事实对应多条候选记录
非皮卡	高度压缩两两组合	Porsche	911/911	911	/	/	3M-0	1965-2016/1991-1994	Convertible/Coupe/Coupe	/Turbo			1965-2016	Convertible/Coupe	Incl: Turbo	fallback	Porsche 911 1976 Coupe 原子事实对应多条候选记录
非皮卡	高度压缩两两组合	Porsche	911/911	911	/	/	3M-0	1965-2016/1996-1998	Convertible/Coupe/Coupe	/Turbo			1965-2016	Convertible/Coupe	Incl: Turbo	fallback	Porsche 911 1976 Coupe 原子事实对应多条候选记录
非皮卡	高度压缩两两组合	Porsche	911/911	911	/	/	3M-0	1965-2016/1996-1998	Convertible/Coupe/Targa	/			1965-2016	Convertible/Coupe/Targa		fallback	Porsche 911 1983 Targa 原子事实对应多条候选记录
非皮卡	高度压缩两两组合	Porsche	911/911	911	/	/	3M-0	1965-2016/2001-2005	Convertible/Coupe/Coupe	/Turbo			1965-2016	Convertible/Coupe	Incl: Turbo	fallback	Porsche 911 1976 Coupe 原子事实对应多条候选记录
非皮卡	高度压缩两两组合	Porsche	911/911	911	/	/	3M-0	1965-2016/2002-2004	Convertible/Coupe/Targa	/			1965-2016	Convertible/Coupe/Targa		fallback	Porsche 911 1983 Targa 原子事实对应多条候选记录
非皮卡	高度压缩两两组合	Porsche	911/911	911	/	/	3M-0	1965-2016/2002-2005	Convertible/Coupe/Coupe	/GT2			1965-2016	Convertible/Coupe	Incl: GT2	fallback	Porsche 911 2008 Coupe 原子事实对应多条候选记录
非皮卡	高度压缩两两组合	Porsche	911/911	911	/	/	3M-0	1965-2016/2004	Convertible/Coupe/Coupe	/GT3 RS			1965-2016	Convertible/Coupe	Incl: GT3 RS	fallback	Porsche 911 2007 Coupe 原子事实对应多条候选记录
非皮卡	高度压缩两两组合	Porsche	911/911	911	/	/	3M-0	1965-2016/2004-2005	Convertible/Coupe/Coupe	/GT3			1965-2016	Convertible/Coupe	Incl: GT3	fallback	Porsche 911 2007 Coupe 原子事实对应多条候选记录
非皮卡	高度压缩两两组合	Porsche	911/911	911	/	/	3M-0	1965-2016/2006-2011	Convertible/Coupe/Targa	/			1965-2016	Convertible/Coupe/Targa		fallback	Porsche 911 1983 Targa 原子事实对应多条候选记录
非皮卡	高度压缩两两组合	Porsche	911/911	911	/	/	3M-0	1965-2016/2007-2008	Convertible/Coupe/Coupe	/GT3			1965-2016	Convertible/Coupe	Incl: GT3	fallback	Porsche 911 2004 Coupe 原子事实对应多条候选记录
非皮卡	高度压缩两两组合	Porsche	911/911	911	/	/	3M-0	1965-2016/2007-2008	Convertible/Coupe/Coupe	/GT3 RS			1965-2016	Convertible/Coupe	Incl: GT3 RS	fallback	Porsche 911 2004 Coupe 原子事实对应多条候选记录
非皮卡	高度压缩两两组合	Porsche	911/911	911	/	/	3M-0	1965-2016/2007-2012	Convertible/Coupe/Coupe	/Turbo			1965-2016	Convertible/Coupe	Incl: Turbo	fallback	Porsche 911 1976 Coupe 原子事实对应多条候选记录
非皮卡	高度压缩两两组合	Porsche	911/911	911	/	/	3M-0	1965-2016/2008-2009	Convertible/Coupe/Coupe	/GT2			1965-2016	Convertible/Coupe	Incl: GT2	fallback	Porsche 911 2002 Coupe 原子事实对应多条候选记录
非皮卡	高度压缩两两组合	Porsche	911/911	911	/	/	3M-0	1965-2016/2010-2011	Convertible/Coupe/Coupe	/GT3			1965-2016	Convertible/Coupe	Incl: GT3	fallback	Porsche 911 2004 Coupe 原子事实对应多条候选记录
非皮卡	高度压缩两两组合	Porsche	911/911	911	/	/	3M-0	1965-2016/2010-2011	Convertible/Coupe/Coupe	/GT3 RS			1965-2016	Convertible/Coupe	Incl: GT3 RS	fallback	Porsche 911 2004 Coupe 原子事实对应多条候选记录
非皮卡	高度压缩两两组合	Porsche	911/911	911	/	/	3M-0	1965-2016/2011	Convertible/Coupe/Coupe	/GT2 RS			1965-2016	Convertible/Coupe	Incl: GT2 RS	success	
非皮卡	高度压缩两两组合	Porsche	911/911	911	/	/	3M-0	1965-2016/1976-1980	Convertible/Coupe/Coupe	Incl: GT2 RS/Turbo			1965-2016	Convertible/Coupe	Incl: GT2 RS/Turbo	fallback	Porsche 911 1986 Coupe 原子事实对应多条候选记录
非皮卡	高度压缩两两组合	Porsche	911/911	911	/	/	3M-0	1965-2016/1983-1993	Convertible/Coupe/Targa	Incl: GT2 RS/			1965-2016	Convertible/Coupe/Targa	Incl: GT2 RS	fallback	Porsche 911 1996 Targa 原子事实对应多条候选记录
非皮卡	高度压缩两两组合	Porsche	911/911	911	/	/	3M-0	1965-2016/1986-1989	Convertible/Coupe/Coupe	Incl: GT2 RS/Turbo			1965-2016	Convertible/Coupe	Incl: GT2 RS/Turbo	fallback	Porsche 911 1976 Coupe 原子事实对应多条候选记录
非皮卡	高度压缩两两组合	Porsche	911/911	911	/	/	3M-0	1965-2016/1991-1994	Convertible/Coupe/Coupe	Incl: GT2 RS/Turbo			1965-2016	Convertible/Coupe	Incl: GT2 RS/Turbo	fallback	Porsche 911 1976 Coupe 原子事实对应多条候选记录
非皮卡	高度压缩两两组合	Porsche	911/911	911	/	/	3M-0	1965-2016/1996-1998	Convertible/Coupe/Coupe	Incl: GT2 RS/Turbo			1965-2016	Convertible/Coupe	Incl: GT2 RS/Turbo	fallback	Porsche 911 1976 Coupe 原子事实对应多条候选记录
非皮卡	高度压缩两两组合	Porsche	911/911	911	/	/	3M-0	1965-2016/1996-1998	Convertible/Coupe/Targa	Incl: GT2 RS/			1965-2016	Convertible/Coupe/Targa	Incl: GT2 RS	fallback	Porsche 911 1983 Targa 原子事实对应多条候选记录
非皮卡	高度压缩两两组合	Porsche	911/911	911	/	/	3M-0	1965-2016/2001-2005	Convertible/Coupe/Coupe	Incl: GT2 RS/Turbo			1965-2016	Convertible/Coupe	Incl: GT2 RS/Turbo	fallback	Porsche 911 1976 Coupe 原子事实对应多条候选记录
非皮卡	高度压缩两两组合	Porsche	911/911	911	/	/	3M-0	1965-2016/2002-2004	Convertible/Coupe/Targa	Incl: GT2 RS/			1965-2016	Convertible/Coupe/Targa	Incl: GT2 RS	fallback	Porsche 911 1983 Targa 原子事实对应多条候选记录
非皮卡	高度压缩两两组合	Porsche	911/911	911	/	/	3M-0	1965-2016/2002-2005	Convertible/Coupe/Coupe	Incl: GT2 RS/GT2			1965-2016	Convertible/Coupe	Incl: GT2/GT2 RS	fallback	Porsche 911 2008 Coupe 原子事实对应多条候选记录
非皮卡	高度压缩两两组合	Porsche	911/911	911	/	/	3M-0	1965-2016/2004	Convertible/Coupe/Coupe	Incl: GT2 RS/GT3 RS			1965-2016	Convertible/Coupe	Incl: GT2 RS/GT3 RS	fallback	Porsche 911 2007 Coupe 原子事实对应多条候选记录
非皮卡	高度压缩两两组合	Porsche	911/911	911	/	/	3M-0	1965-2016/2004-2005	Convertible/Coupe/Coupe	Incl: GT2 RS/GT3			1965-2016	Convertible/Coupe	Incl: GT2 RS/GT3	fallback	Porsche 911 2007 Coupe 原子事实对应多条候选记录
非皮卡	高度压缩两两组合	Porsche	911/911	911	/	/	3M-0	1965-2016/2006-2011	Convertible/Coupe/Targa	Incl: GT2 RS/			1965-2016	Convertible/Coupe/Targa	Incl: GT2 RS	fallback	Porsche 911 1983 Targa 原子事实对应多条候选记录
非皮卡	高度压缩两两组合	Porsche	911/911	911	/	/	3M-0	1965-2016/2007-2008	Convertible/Coupe/Coupe	Incl: GT2 RS/GT3			1965-2016	Convertible/Coupe	Incl: GT2 RS/GT3	fallback	Porsche 911 2004 Coupe 原子事实对应多条候选记录
非皮卡	高度压缩两两组合	Porsche	911/911	911	/	/	3M-0	1965-2016/2007-2008	Convertible/Coupe/Coupe	Incl: GT2 RS/GT3 RS			1965-2016	Convertible/Coupe	Incl: GT2 RS/GT3 RS	fallback	Porsche 911 2004 Coupe 原子事实对应多条候选记录
非皮卡	高度压缩两两组合	Porsche	911/911	911	/	/	3M-0	1965-2016/2007-2012	Convertible/Coupe/Coupe	Incl: GT2 RS/Turbo			1965-2016	Convertible/Coupe	Incl: GT2 RS/Turbo	fallback	Porsche 911 1976 Coupe 原子事实对应多条候选记录
非皮卡	高度压缩两两组合	Porsche	911/911	911	/	/	3M-0	1965-2016/2008-2009	Convertible/Coupe/Coupe	Incl: GT2 RS/GT2			1965-2016	Convertible/Coupe	Incl: GT2/GT2 RS	fallback	Porsche 911 2002 Coupe 原子事实对应多条候选记录
非皮卡	高度压缩两两组合	Porsche	911/911	911	/	/	3M-0	1965-2016/2010-2011	Convertible/Coupe/Coupe	Incl: GT2 RS/GT3			1965-2016	Convertible/Coupe	Incl: GT2 RS/GT3	fallback	Porsche 911 2004 Coupe 原子事实对应多条候选记录
非皮卡	高度压缩两两组合	Porsche	911/911	911	/	/	3M-0	1965-2016/2010-2011	Convertible/Coupe/Coupe	Incl: GT2 RS/GT3 RS			1965-2016	Convertible/Coupe	Incl: GT2 RS/GT3 RS	fallback	Porsche 911 2004 Coupe 原子事实对应多条候选记录
非皮卡	高度压缩两两组合	Porsche	911/911	911	/	/	3M-0	1965-2016/2014-2016	Convertible/Coupe/Coupe	Incl: GT2 RS/GT3			1965-2016	Convertible/Coupe	Incl: GT2 RS/GT3	fallback	Porsche 911 2004 Coupe 原子事实对应多条候选记录
非皮卡	高度压缩两两组合	Porsche	911/911	911	/	/	3M-0	1965-2016/2014-2016	Convertible/Coupe/Targa	Incl: GT2 RS/			1965-2016	Convertible/Coupe/Targa	Incl: GT2 RS	fallback	Porsche 911 1983 Targa 原子事实对应多条候选记录
非皮卡	高度压缩两两组合	Porsche	911/911	911	/	/	3M-0	1965-2016/2014-2019	Convertible/Coupe/Coupe	Incl: GT2 RS/Turbo			1965-2019	Convertible/Coupe	Incl: GT2 RS/Turbo	fallback	Porsche 911 1976 Coupe 原子事实对应多条候选记录
非皮卡	高度压缩两两组合	Porsche	911/911	911	/	/	3M-0	1965-2016/2020-2024	Convertible/Coupe/Convertible	Incl: GT2 RS/			1965-2024	Convertible/Coupe	Incl: GT2 RS	fallback	Porsche 911 2017 Convertible 原子事实对应多条候选记录
非皮卡	高度压缩两两组合	Porsche	911/911	911	/	/	3M-0	1965-2016/2020-2024	Convertible/Coupe/Coupe	Incl: GT2 RS/			1965-2024	Convertible/Coupe	Incl: GT2 RS	fallback	Porsche 911 2017 Convertible 原子事实对应多条候选记录
非皮卡	高度压缩两两组合	Porsche	911/911	911	/	/	3M-0	1965-2016/2021-2024	Convertible/Coupe/Targa	Incl: GT2 RS/			1965-2024	Convertible/Coupe/Targa	Incl: GT2 RS	fallback	Porsche 911 1983 Targa 原子事实对应多条候选记录
非皮卡	高度压缩两两组合	Porsche	911/911	911	/	/	3M-0	1976-1980/1983-1993	Coupe/Targa	Turbo/			1976-1993	Coupe/Targa	Incl: Turbo	fallback	Porsche 911 1976 Coupe 原子事实对应多条候选记录
非皮卡	高度压缩两两组合	Porsche	911/911	911	/	/	3M-0	1976-1980/1986-1989	Coupe/Coupe	Turbo/Turbo			1976-1989	Coupe	Turbo	success	
非皮卡	高度压缩两两组合	Porsche	911/911	911	/	/	3M-0	1965-2016/1976-1989	Convertible/Coupe/Coupe	Incl: GT2 RS/Turbo			1965-2016	Convertible/Coupe	Incl: GT2 RS/Turbo	fallback	Porsche 911 1991 Coupe 原子事实对应多条候选记录
非皮卡	高度压缩两两组合	Porsche	911/911	911	/	/	3M-0	1965-2016/1983-1993	Convertible/Coupe/Targa	Incl: GT2 RS/			1965-2016	Convertible/Coupe/Targa	Incl: GT2 RS	fallback	Porsche 911 1996 Targa 原子事实对应多条候选记录
非皮卡	高度压缩两两组合	Porsche	911/911	911	/	/	3M-0	1965-2016/1991-1994	Convertible/Coupe/Coupe	Incl: GT2 RS/Turbo			1965-2016	Convertible/Coupe	Incl: GT2 RS/Turbo	fallback	Porsche 911 1976 Coupe 原子事实对应多条候选记录
非皮卡	高度压缩两两组合	Porsche	911/911	911	/	/	3M-0	1965-2016/1996-1998	Convertible/Coupe/Coupe	Incl: GT2 RS/Turbo			1965-2016	Convertible/Coupe	Incl: GT2 RS/Turbo	fallback	Porsche 911 1976 Coupe 原子事实对应多条候选记录
非皮卡	高度压缩两两组合	Porsche	911/911	911	/	/	3M-0	1965-2016/1996-1998	Convertible/Coupe/Targa	Incl: GT2 RS/			1965-2016	Convertible/Coupe/Targa	Incl: GT2 RS	fallback	Porsche 911 1983 Targa 原子事实对应多条候选记录
非皮卡	高度压缩两两组合	Porsche	911/911	911	/	/	3M-0	1965-2016/2001-2005	Convertible/Coupe/Coupe	Incl: GT2 RS/Turbo			1965-2016	Convertible/Coupe	Incl: GT2 RS/Turbo	fallback	Porsche 911 1976 Coupe 原子事实对应多条候选记录
非皮卡	高度压缩两两组合	Porsche	911/911	911	/	/	3M-0	1965-2016/2002-2004	Convertible/Coupe/Targa	Incl: GT2 RS/			1965-2016	Convertible/Coupe/Targa	Incl: GT2 RS	fallback	Porsche 911 1983 Targa 原子事实对应多条候选记录
非皮卡	高度压缩两两组合	Porsche	911/911	911	/	/	3M-0	1965-2016/2002-2005	Convertible/Coupe/Coupe	Incl: GT2 RS/GT2			1965-2016	Convertible/Coupe	Incl: GT2/GT2 RS	fallback	Porsche 911 2008 Coupe 原子事实对应多条候选记录
非皮卡	高度压缩两两组合	Porsche	911/911	911	/	/	3M-0	1965-2016/2004	Convertible/Coupe/Coupe	Incl: GT2 RS/GT3 RS			1965-2016	Convertible/Coupe	Incl: GT2 RS/GT3 RS	fallback	Porsche 911 2007 Coupe 原子事实对应多条候选记录
非皮卡	高度压缩两两组合	Porsche	911/911	911	/	/	3M-0	1965-2016/2004-2005	Convertible/Coupe/Coupe	Incl: GT2 RS/GT3			1965-2016	Convertible/Coupe	Incl: GT2 RS/GT3	fallback	Porsche 911 2007 Coupe 原子事实对应多条候选记录
非皮卡	高度压缩两两组合	Porsche	911/911	911	/	/	3M-0	1965-2016/2006-2011	Convertible/Coupe/Targa	Incl: GT2 RS/			1965-2016	Convertible/Coupe/Targa	Incl: GT2 RS	fallback	Porsche 911 1983 Targa 原子事实对应多条候选记录
非皮卡	高度压缩两两组合	Porsche	911/911	911	/	/	3M-0	1965-2016/2007-2008	Convertible/Coupe/Coupe	Incl: GT2 RS/GT3			1965-2016	Convertible/Coupe	Incl: GT2 RS/GT3	fallback	Porsche 911 2004 Coupe 原子事实对应多条候选记录
非皮卡	高度压缩两两组合	Porsche	911/911	911	/	/	3M-0	1965-2016/2007-2008	Convertible/Coupe/Coupe	Incl: GT2 RS/GT3 RS			1965-2016	Convertible/Coupe	Incl: GT2 RS/GT3 RS	fallback	Porsche 911 2004 Coupe 原子事实对应多条候选记录
非皮卡	高度压缩两两组合	Porsche	911/911	911	/	/	3M-0	1965-2016/2007-2012	Convertible/Coupe/Coupe	Incl: GT2 RS/Turbo			1965-2016	Convertible/Coupe	Incl: GT2 RS/Turbo	fallback	Porsche 911 1976 Coupe 原子事实对应多条候选记录
非皮卡	高度压缩两两组合	Porsche	911/911	911	/	/	3M-0	1965-2016/2008-2009	Convertible/Coupe/Coupe	Incl: GT2 RS/GT2			1965-2016	Convertible/Coupe	Incl: GT2/GT2 RS	fallback	Porsche 911 2002 Coupe 原子事实对应多条候选记录
非皮卡	高度压缩两两组合	Porsche	911/911	911	/	/	3M-0	1965-2016/2010-2011	Convertible/Coupe/Coupe	Incl: GT2 RS/GT3			1965-2016	Convertible/Coupe	Incl: GT2 RS/GT3	fallback	Porsche 911 2004 Coupe 原子事实对应多条候选记录
非皮卡	高度压缩两两组合	Porsche	911/911	911	/	/	3M-0	1965-2016/2010-2011	Convertible/Coupe/Coupe	Incl: GT2 RS/GT3 RS			1965-2016	Convertible/Coupe	Incl: GT2 RS/GT3 RS	fallback	Porsche 911 2004 Coupe 原子事实对应多条候选记录
非皮卡	高度压缩两两组合	Porsche	911/911	911	/	/	3M-0	1965-2016/2014-2016	Convertible/Coupe/Coupe	Incl: GT2 RS/GT3			1965-2016	Convertible/Coupe	Incl: GT2 RS/GT3	fallback	Porsche 911 2004 Coupe 原子事实对应多条候选记录
非皮卡	高度压缩两两组合	Porsche	911/911	911	/	/	3M-0	1965-2016/2014-2016	Convertible/Coupe/Targa	Incl: GT2 RS/			1965-2016	Convertible/Coupe/Targa	Incl: GT2 RS	fallback	Porsche 911 1983 Targa 原子事实对应多条候选记录
非皮卡	高度压缩两两组合	Porsche	911/911	911	/	/	3M-0	1965-2016/2014-2019	Convertible/Coupe/Coupe	Incl: GT2 RS/Turbo			1965-2019	Convertible/Coupe	Incl: GT2 RS/Turbo	fallback	Porsche 911 1976 Coupe 原子事实对应多条候选记录
非皮卡	高度压缩两两组合	Porsche	911/911	911	/	/	3M-0	1965-2016/2020-2024	Convertible/Coupe/Convertible	Incl: GT2 RS/			1965-2024	Convertible/Coupe	Incl: GT2 RS	fallback	Porsche 911 2017 Convertible 原子事实对应多条候选记录
非皮卡	高度压缩两两组合	Porsche	911/911	911	/	/	3M-0	1965-2016/2020-2024	Convertible/Coupe/Coupe	Incl: GT2 RS/			1965-2024	Convertible/Coupe	Incl: GT2 RS	fallback	Porsche 911 2017 Convertible 原子事实对应多条候选记录
非皮卡	高度压缩两两组合	Porsche	911/911	911	/	/	3M-0	1965-2016/2021-2024	Convertible/Coupe/Targa	Incl: GT2 RS/			1965-2024	Convertible/Coupe/Targa	Incl: GT2 RS	fallback	Porsche 911 1983 Targa 原子事实对应多条候选记录
非皮卡	高度压缩两两组合	Porsche	911/911	911	/	/	3M-0	1976-1989/1983-1993	Coupe/Targa	Turbo/			1976-1993	Coupe/Targa	Incl: Turbo	fallback	Porsche 911 1976 Coupe 原子事实对应多条候选记录
非皮卡	高度压缩两两组合	Porsche	911/911	911	/	/	3M-0	1976-1989/1991-1994	Coupe/Coupe	Turbo/Turbo			1976-1994	Coupe	Turbo	success	
非皮卡	高度压缩两两组合	Porsche	911/911	911	/	/	3M-0	1965-2016/1976-1994	Convertible/Coupe/Coupe	Incl: GT2 RS/Turbo			1965-2016	Convertible/Coupe	Incl: GT2 RS/Turbo	fallback	Porsche 911 1996 Coupe 原子事实对应多条候选记录
非皮卡	高度压缩两两组合	Porsche	911/911	911	/	/	3M-0	1965-2016/1983-1993	Convertible/Coupe/Targa	Incl: GT2 RS/			1965-2016	Convertible/Coupe/Targa	Incl: GT2 RS	fallback	Porsche 911 1996 Targa 原子事实对应多条候选记录
非皮卡	高度压缩两两组合	Porsche	911/911	911	/	/	3M-0	1965-2016/1996-1998	Convertible/Coupe/Coupe	Incl: GT2 RS/Turbo			1965-2016	Convertible/Coupe	Incl: GT2 RS/Turbo	fallback	Porsche 911 1976 Coupe 原子事实对应多条候选记录
非皮卡	高度压缩两两组合	Porsche	911/911	911	/	/	3M-0	1965-2016/1996-1998	Convertible/Coupe/Targa	Incl: GT2 RS/			1965-2016	Convertible/Coupe/Targa	Incl: GT2 RS	fallback	Porsche 911 1983 Targa 原子事实对应多条候选记录
非皮卡	高度压缩两两组合	Porsche	911/911	911	/	/	3M-0	1965-2016/2001-2005	Convertible/Coupe/Coupe	Incl: GT2 RS/Turbo			1965-2016	Convertible/Coupe	Incl: GT2 RS/Turbo	fallback	Porsche 911 1976 Coupe 原子事实对应多条候选记录
非皮卡	高度压缩两两组合	Porsche	911/911	911	/	/	3M-0	1965-2016/2002-2004	Convertible/Coupe/Targa	Incl: GT2 RS/			1965-2016	Convertible/Coupe/Targa	Incl: GT2 RS	fallback	Porsche 911 1983 Targa 原子事实对应多条候选记录
非皮卡	高度压缩两两组合	Porsche	911/911	911	/	/	3M-0	1965-2016/2002-2005	Convertible/Coupe/Coupe	Incl: GT2 RS/GT2			1965-2016	Convertible/Coupe	Incl: GT2/GT2 RS	fallback	Porsche 911 2008 Coupe 原子事实对应多条候选记录
非皮卡	高度压缩两两组合	Porsche	911/911	911	/	/	3M-0	1965-2016/2004	Convertible/Coupe/Coupe	Incl: GT2 RS/GT3 RS			1965-2016	Convertible/Coupe	Incl: GT2 RS/GT3 RS	fallback	Porsche 911 2007 Coupe 原子事实对应多条候选记录
非皮卡	高度压缩两两组合	Porsche	911/911	911	/	/	3M-0	1965-2016/2004-2005	Convertible/Coupe/Coupe	Incl: GT2 RS/GT3			1965-2016	Convertible/Coupe	Incl: GT2 RS/GT3	fallback	Porsche 911 2007 Coupe 原子事实对应多条候选记录
非皮卡	高度压缩两两组合	Porsche	911/911	911	/	/	3M-0	1965-2016/2006-2011	Convertible/Coupe/Targa	Incl: GT2 RS/			1965-2016	Convertible/Coupe/Targa	Incl: GT2 RS	fallback	Porsche 911 1983 Targa 原子事实对应多条候选记录
非皮卡	高度压缩两两组合	Porsche	911/911	911	/	/	3M-0	1965-2016/2007-2008	Convertible/Coupe/Coupe	Incl: GT2 RS/GT3			1965-2016	Convertible/Coupe	Incl: GT2 RS/GT3	fallback	Porsche 911 2004 Coupe 原子事实对应多条候选记录
非皮卡	高度压缩两两组合	Porsche	911/911	911	/	/	3M-0	1965-2016/2007-2008	Convertible/Coupe/Coupe	Incl: GT2 RS/GT3 RS			1965-2016	Convertible/Coupe	Incl: GT2 RS/GT3 RS	fallback	Porsche 911 2004 Coupe 原子事实对应多条候选记录
非皮卡	高度压缩两两组合	Porsche	911/911	911	/	/	3M-0	1965-2016/2007-2012	Convertible/Coupe/Coupe	Incl: GT2 RS/Turbo			1965-2016	Convertible/Coupe	Incl: GT2 RS/Turbo	fallback	Porsche 911 1976 Coupe 原子事实对应多条候选记录
非皮卡	高度压缩两两组合	Porsche	911/911	911	/	/	3M-0	1965-2016/2008-2009	Convertible/Coupe/Coupe	Incl: GT2 RS/GT2			1965-2016	Convertible/Coupe	Incl: GT2/GT2 RS	fallback	Porsche 911 2002 Coupe 原子事实对应多条候选记录
非皮卡	高度压缩两两组合	Porsche	911/911	911	/	/	3M-0	1965-2016/2010-2011	Convertible/Coupe/Coupe	Incl: GT2 RS/GT3			1965-2016	Convertible/Coupe	Incl: GT2 RS/GT3	fallback	Porsche 911 2004 Coupe 原子事实对应多条候选记录
非皮卡	高度压缩两两组合	Porsche	911/911	911	/	/	3M-0	1965-2016/2010-2011	Convertible/Coupe/Coupe	Incl: GT2 RS/GT3 RS			1965-2016	Convertible/Coupe	Incl: GT2 RS/GT3 RS	fallback	Porsche 911 2004 Coupe 原子事实对应多条候选记录
非皮卡	高度压缩两两组合	Porsche	911/911	911	/	/	3M-0	1965-2016/2014-2016	Convertible/Coupe/Coupe	Incl: GT2 RS/GT3			1965-2016	Convertible/Coupe	Incl: GT2 RS/GT3	fallback	Porsche 911 2004 Coupe 原子事实对应多条候选记录
非皮卡	高度压缩两两组合	Porsche	911/911	911	/	/	3M-0	1965-2016/2014-2016	Convertible/Coupe/Targa	Incl: GT2 RS/			1965-2016	Convertible/Coupe/Targa	Incl: GT2 RS	fallback	Porsche 911 1983 Targa 原子事实对应多条候选记录
非皮卡	高度压缩两两组合	Porsche	911/911	911	/	/	3M-0	1965-2016/2014-2019	Convertible/Coupe/Coupe	Incl: GT2 RS/Turbo			1965-2019	Convertible/Coupe	Incl: GT2 RS/Turbo	fallback	Porsche 911 1976 Coupe 原子事实对应多条候选记录
非皮卡	高度压缩两两组合	Porsche	911/911	911	/	/	3M-0	1965-2016/2020-2024	Convertible/Coupe/Convertible	Incl: GT2 RS/			1965-2024	Convertible/Coupe	Incl: GT2 RS	fallback	Porsche 911 2017 Convertible 原子事实对应多条候选记录
非皮卡	高度压缩两两组合	Porsche	911/911	911	/	/	3M-0	1965-2016/2020-2024	Convertible/Coupe/Coupe	Incl: GT2 RS/			1965-2024	Convertible/Coupe	Incl: GT2 RS	fallback	Porsche 911 2017 Convertible 原子事实对应多条候选记录
非皮卡	高度压缩两两组合	Porsche	911/911	911	/	/	3M-0	1965-2016/2021-2024	Convertible/Coupe/Targa	Incl: GT2 RS/			1965-2024	Convertible/Coupe/Targa	Incl: GT2 RS	fallback	Porsche 911 1983 Targa 原子事实对应多条候选记录
非皮卡	高度压缩两两组合	Porsche	911/911	911	/	/	3M-0	1976-1994/1983-1993	Coupe/Targa	Turbo/			1976-1994	Coupe/Targa	Incl: Turbo	fallback	Porsche 911 1976 Coupe 原子事实对应多条候选记录
非皮卡	高度压缩两两组合	Porsche	911/911	911	/	/	3M-0	1976-1994/1996-1998	Coupe/Coupe	Turbo/Turbo			1976-1998	Coupe	Turbo	success	
非皮卡	高度压缩两两组合	Porsche	911/911	911	/	/	3M-0	1965-2016/1976-1998	Convertible/Coupe/Coupe	Incl: GT2 RS/Turbo			1965-2016	Convertible/Coupe	Incl: GT2 RS/Turbo	fallback	Porsche 911 2001 Coupe 原子事实对应多条候选记录
非皮卡	高度压缩两两组合	Porsche	911/911	911	/	/	3M-0	1965-2016/1983-1993	Convertible/Coupe/Targa	Incl: GT2 RS/			1965-2016	Convertible/Coupe/Targa	Incl: GT2 RS	fallback	Porsche 911 1996 Targa 原子事实对应多条候选记录
非皮卡	高度压缩两两组合	Porsche	911/911	911	/	/	3M-0	1965-2016/1996-1998	Convertible/Coupe/Targa	Incl: GT2 RS/			1965-2016	Convertible/Coupe/Targa	Incl: GT2 RS	fallback	Porsche 911 1983 Targa 原子事实对应多条候选记录
非皮卡	高度压缩两两组合	Porsche	911/911	911	/	/	3M-0	1965-2016/2001-2005	Convertible/Coupe/Coupe	Incl: GT2 RS/Turbo			1965-2016	Convertible/Coupe	Incl: GT2 RS/Turbo	fallback	Porsche 911 1976 Coupe 原子事实对应多条候选记录
非皮卡	高度压缩两两组合	Porsche	911/911	911	/	/	3M-0	1965-2016/2002-2004	Convertible/Coupe/Targa	Incl: GT2 RS/			1965-2016	Convertible/Coupe/Targa	Incl: GT2 RS	fallback	Porsche 911 1983 Targa 原子事实对应多条候选记录
非皮卡	高度压缩两两组合	Porsche	911/911	911	/	/	3M-0	1965-2016/2002-2005	Convertible/Coupe/Coupe	Incl: GT2 RS/GT2			1965-2016	Convertible/Coupe	Incl: GT2/GT2 RS	fallback	Porsche 911 2008 Coupe 原子事实对应多条候选记录
非皮卡	高度压缩两两组合	Porsche	911/911	911	/	/	3M-0	1965-2016/2004	Convertible/Coupe/Coupe	Incl: GT2 RS/GT3 RS			1965-2016	Convertible/Coupe	Incl: GT2 RS/GT3 RS	fallback	Porsche 911 2007 Coupe 原子事实对应多条候选记录
非皮卡	高度压缩两两组合	Porsche	911/911	911	/	/	3M-0	1965-2016/2004-2005	Convertible/Coupe/Coupe	Incl: GT2 RS/GT3			1965-2016	Convertible/Coupe	Incl: GT2 RS/GT3	fallback	Porsche 911 2007 Coupe 原子事实对应多条候选记录
非皮卡	高度压缩两两组合	Porsche	911/911	911	/	/	3M-0	1965-2016/2006-2011	Convertible/Coupe/Targa	Incl: GT2 RS/			1965-2016	Convertible/Coupe/Targa	Incl: GT2 RS	fallback	Porsche 911 1983 Targa 原子事实对应多条候选记录
非皮卡	高度压缩两两组合	Porsche	911/911	911	/	/	3M-0	1965-2016/2007-2008	Convertible/Coupe/Coupe	Incl: GT2 RS/GT3			1965-2016	Convertible/Coupe	Incl: GT2 RS/GT3	fallback	Porsche 911 2004 Coupe 原子事实对应多条候选记录
非皮卡	高度压缩两两组合	Porsche	911/911	911	/	/	3M-0	1965-2016/2007-2008	Convertible/Coupe/Coupe	Incl: GT2 RS/GT3 RS			1965-2016	Convertible/Coupe	Incl: GT2 RS/GT3 RS	fallback	Porsche 911 2004 Coupe 原子事实对应多条候选记录
非皮卡	高度压缩两两组合	Porsche	911/911	911	/	/	3M-0	1965-2016/2007-2012	Convertible/Coupe/Coupe	Incl: GT2 RS/Turbo			1965-2016	Convertible/Coupe	Incl: GT2 RS/Turbo	fallback	Porsche 911 1976 Coupe 原子事实对应多条候选记录
非皮卡	高度压缩两两组合	Porsche	911/911	911	/	/	3M-0	1965-2016/2008-2009	Convertible/Coupe/Coupe	Incl: GT2 RS/GT2			1965-2016	Convertible/Coupe	Incl: GT2/GT2 RS	fallback	Porsche 911 2002 Coupe 原子事实对应多条候选记录
非皮卡	高度压缩两两组合	Porsche	911/911	911	/	/	3M-0	1965-2016/2010-2011	Convertible/Coupe/Coupe	Incl: GT2 RS/GT3			1965-2016	Convertible/Coupe	Incl: GT2 RS/GT3	fallback	Porsche 911 2004 Coupe 原子事实对应多条候选记录
非皮卡	高度压缩两两组合	Porsche	911/911	911	/	/	3M-0	1965-2016/2010-2011	Convertible/Coupe/Coupe	Incl: GT2 RS/GT3 RS			1965-2016	Convertible/Coupe	Incl: GT2 RS/GT3 RS	fallback	Porsche 911 2004 Coupe 原子事实对应多条候选记录
非皮卡	高度压缩两两组合	Porsche	911/911	911	/	/	3M-0	1965-2016/2014-2016	Convertible/Coupe/Coupe	Incl: GT2 RS/GT3			1965-2016	Convertible/Coupe	Incl: GT2 RS/GT3	fallback	Porsche 911 2004 Coupe 原子事实对应多条候选记录
非皮卡	高度压缩两两组合	Porsche	911/911	911	/	/	3M-0	1965-2016/2014-2016	Convertible/Coupe/Targa	Incl: GT2 RS/			1965-2016	Convertible/Coupe/Targa	Incl: GT2 RS	fallback	Porsche 911 1983 Targa 原子事实对应多条候选记录
非皮卡	高度压缩两两组合	Porsche	911/911	911	/	/	3M-0	1965-2016/2014-2019	Convertible/Coupe/Coupe	Incl: GT2 RS/Turbo			1965-2019	Convertible/Coupe	Incl: GT2 RS/Turbo	fallback	Porsche 911 1976 Coupe 原子事实对应多条候选记录
非皮卡	高度压缩两两组合	Porsche	911/911	911	/	/	3M-0	1965-2016/2020-2024	Convertible/Coupe/Convertible	Incl: GT2 RS/			1965-2024	Convertible/Coupe	Incl: GT2 RS	fallback	Porsche 911 2017 Convertible 原子事实对应多条候选记录
非皮卡	高度压缩两两组合	Porsche	911/911	911	/	/	3M-0	1965-2016/2020-2024	Convertible/Coupe/Coupe	Incl: GT2 RS/			1965-2024	Convertible/Coupe	Incl: GT2 RS	fallback	Porsche 911 2017 Convertible 原子事实对应多条候选记录
非皮卡	高度压缩两两组合	Porsche	911/911	911	/	/	3M-0	1965-2016/2021-2024	Convertible/Coupe/Targa	Incl: GT2 RS/			1965-2024	Convertible/Coupe/Targa	Incl: GT2 RS	fallback	Porsche 911 1983 Targa 原子事实对应多条候选记录
非皮卡	高度压缩两两组合	Porsche	911/911	911	/	/	3M-0	1976-1998/1983-1993	Coupe/Targa	Turbo/			1976-1998	Coupe/Targa	Incl: Turbo	fallback	Porsche 911 1976 Coupe 原子事实对应多条候选记录
非皮卡	高度压缩两两组合	Porsche	911/911	911	/	/	3M-0	1976-1998/1996-1998	Coupe/Targa	Turbo/			1976-1998	Coupe/Targa	Incl: Turbo	fallback	Porsche 911 1976 Coupe 原子事实对应多条候选记录
非皮卡	高度压缩两两组合	Porsche	911/911	911	/	/	3M-0	1976-1998/2001-2005	Coupe/Coupe	Turbo/Turbo			1976-2005	Coupe	Turbo	success	
非皮卡	高度压缩两两组合	Porsche	911/911	911	/	/	3M-0	1965-2016/1976-2005	Convertible/Coupe/Coupe	Incl: GT2 RS/Turbo			1965-2016	Convertible/Coupe	Incl: GT2 RS/Turbo	fallback	Porsche 911 2007 Coupe 原子事实对应多条候选记录
非皮卡	高度压缩两两组合	Porsche	911/911	911	/	/	3M-0	1965-2016/1983-1993	Convertible/Coupe/Targa	Incl: GT2 RS/			1965-2016	Convertible/Coupe/Targa	Incl: GT2 RS	fallback	Porsche 911 1996 Targa 原子事实对应多条候选记录
非皮卡	高度压缩两两组合	Porsche	911/911	911	/	/	3M-0	1965-2016/1996-1998	Convertible/Coupe/Targa	Incl: GT2 RS/			1965-2016	Convertible/Coupe/Targa	Incl: GT2 RS	fallback	Porsche 911 1983 Targa 原子事实对应多条候选记录
非皮卡	高度压缩两两组合	Porsche	911/911	911	/	/	3M-0	1965-2016/2002-2004	Convertible/Coupe/Targa	Incl: GT2 RS/			1965-2016	Convertible/Coupe/Targa	Incl: GT2 RS	fallback	Porsche 911 1983 Targa 原子事实对应多条候选记录
非皮卡	高度压缩两两组合	Porsche	911/911	911	/	/	3M-0	1965-2016/2002-2005	Convertible/Coupe/Coupe	Incl: GT2 RS/GT2			1965-2016	Convertible/Coupe	Incl: GT2/GT2 RS	fallback	Porsche 911 2008 Coupe 原子事实对应多条候选记录
非皮卡	高度压缩两两组合	Porsche	911/911	911	/	/	3M-0	1965-2016/2004	Convertible/Coupe/Coupe	Incl: GT2 RS/GT3 RS			1965-2016	Convertible/Coupe	Incl: GT2 RS/GT3 RS	fallback	Porsche 911 2007 Coupe 原子事实对应多条候选记录
非皮卡	高度压缩两两组合	Porsche	911/911	911	/	/	3M-0	1965-2016/2004-2005	Convertible/Coupe/Coupe	Incl: GT2 RS/GT3			1965-2016	Convertible/Coupe	Incl: GT2 RS/GT3	fallback	Porsche 911 2007 Coupe 原子事实对应多条候选记录
非皮卡	高度压缩两两组合	Porsche	911/911	911	/	/	3M-0	1965-2016/2006-2011	Convertible/Coupe/Targa	Incl: GT2 RS/			1965-2016	Convertible/Coupe/Targa	Incl: GT2 RS	fallback	Porsche 911 1983 Targa 原子事实对应多条候选记录
非皮卡	高度压缩两两组合	Porsche	911/911	911	/	/	3M-0	1965-2016/2007-2008	Convertible/Coupe/Coupe	Incl: GT2 RS/GT3			1965-2016	Convertible/Coupe	Incl: GT2 RS/GT3	fallback	Porsche 911 2004 Coupe 原子事实对应多条候选记录
非皮卡	高度压缩两两组合	Porsche	911/911	911	/	/	3M-0	1965-2016/2007-2008	Convertible/Coupe/Coupe	Incl: GT2 RS/GT3 RS			1965-2016	Convertible/Coupe	Incl: GT2 RS/GT3 RS	fallback	Porsche 911 2004 Coupe 原子事实对应多条候选记录
非皮卡	高度压缩两两组合	Porsche	911/911	911	/	/	3M-0	1965-2016/2007-2012	Convertible/Coupe/Coupe	Incl: GT2 RS/Turbo			1965-2016	Convertible/Coupe	Incl: GT2 RS/Turbo	fallback	Porsche 911 1976 Coupe 原子事实对应多条候选记录
非皮卡	高度压缩两两组合	Porsche	911/911	911	/	/	3M-0	1965-2016/2008-2009	Convertible/Coupe/Coupe	Incl: GT2 RS/GT2			1965-2016	Convertible/Coupe	Incl: GT2/GT2 RS	fallback	Porsche 911 2002 Coupe 原子事实对应多条候选记录
非皮卡	高度压缩两两组合	Porsche	911/911	911	/	/	3M-0	1965-2016/2010-2011	Convertible/Coupe/Coupe	Incl: GT2 RS/GT3			1965-2016	Convertible/Coupe	Incl: GT2 RS/GT3	fallback	Porsche 911 2004 Coupe 原子事实对应多条候选记录
非皮卡	高度压缩两两组合	Porsche	911/911	911	/	/	3M-0	1965-2016/2010-2011	Convertible/Coupe/Coupe	Incl: GT2 RS/GT3 RS			1965-2016	Convertible/Coupe	Incl: GT2 RS/GT3 RS	fallback	Porsche 911 2004 Coupe 原子事实对应多条候选记录
非皮卡	高度压缩两两组合	Porsche	911/911	911	/	/	3M-0	1965-2016/2014-2016	Convertible/Coupe/Coupe	Incl: GT2 RS/GT3			1965-2016	Convertible/Coupe	Incl: GT2 RS/GT3	fallback	Porsche 911 2004 Coupe 原子事实对应多条候选记录
非皮卡	高度压缩两两组合	Porsche	911/911	911	/	/	3M-0	1965-2016/2014-2016	Convertible/Coupe/Targa	Incl: GT2 RS/			1965-2016	Convertible/Coupe/Targa	Incl: GT2 RS	fallback	Porsche 911 1983 Targa 原子事实对应多条候选记录
非皮卡	高度压缩两两组合	Porsche	911/911	911	/	/	3M-0	1965-2016/2014-2019	Convertible/Coupe/Coupe	Incl: GT2 RS/Turbo			1965-2019	Convertible/Coupe	Incl: GT2 RS/Turbo	fallback	Porsche 911 1976 Coupe 原子事实对应多条候选记录
非皮卡	高度压缩两两组合	Porsche	911/911	911	/	/	3M-0	1965-2016/2020-2024	Convertible/Coupe/Convertible	Incl: GT2 RS/			1965-2024	Convertible/Coupe	Incl: GT2 RS	fallback	Porsche 911 2017 Convertible 原子事实对应多条候选记录
非皮卡	高度压缩两两组合	Porsche	911/911	911	/	/	3M-0	1965-2016/2020-2024	Convertible/Coupe/Coupe	Incl: GT2 RS/			1965-2024	Convertible/Coupe	Incl: GT2 RS	fallback	Porsche 911 2017 Convertible 原子事实对应多条候选记录
非皮卡	高度压缩两两组合	Porsche	911/911	911	/	/	3M-0	1965-2016/2021-2024	Convertible/Coupe/Targa	Incl: GT2 RS/			1965-2024	Convertible/Coupe/Targa	Incl: GT2 RS	fallback	Porsche 911 1983 Targa 原子事实对应多条候选记录
非皮卡	高度压缩两两组合	Porsche	911/911	911	/	/	3M-0	1976-2005/1983-1993	Coupe/Targa	Turbo/			1976-2005	Coupe/Targa	Incl: Turbo	fallback	Porsche 911 1976 Coupe 原子事实对应多条候选记录
非皮卡	高度压缩两两组合	Porsche	911/911	911	/	/	3M-0	1976-2005/1996-1998	Coupe/Targa	Turbo/			1976-2005	Coupe/Targa	Incl: Turbo	fallback	Porsche 911 1976 Coupe 原子事实对应多条候选记录
非皮卡	高度压缩两两组合	Porsche	911/911	911	/	/	3M-0	1976-2005/2002-2004	Coupe/Targa	Turbo/			1976-2005	Coupe/Targa	Incl: Turbo	fallback	Porsche 911 1976 Coupe 原子事实对应多条候选记录
非皮卡	高度压缩两两组合	Porsche	911/911	911	/	/	3M-0	1976-2005/2002-2005	Coupe/Coupe	Turbo/GT2			1976-2005	Coupe	GT2/Turbo	success	
非皮卡	高度压缩两两组合	Porsche	911/911	911	/	/	3M-0	1965-2016/1976-2005	Convertible/Coupe/Coupe	Incl: GT2 RS/GT2/Turbo			1965-2016	Convertible/Coupe	Incl: GT2/GT2 RS/Turbo	fallback	Porsche 911 2007 Coupe 原子事实对应多条候选记录
非皮卡	高度压缩两两组合	Porsche	911/911	911	/	/	3M-0	1965-2016/1983-1993	Convertible/Coupe/Targa	Incl: GT2 RS/			1965-2016	Convertible/Coupe/Targa	Incl: GT2 RS	fallback	Porsche 911 1996 Targa 原子事实对应多条候选记录
非皮卡	高度压缩两两组合	Porsche	911/911	911	/	/	3M-0	1965-2016/1996-1998	Convertible/Coupe/Targa	Incl: GT2 RS/			1965-2016	Convertible/Coupe/Targa	Incl: GT2 RS	fallback	Porsche 911 1983 Targa 原子事实对应多条候选记录
非皮卡	高度压缩两两组合	Porsche	911/911	911	/	/	3M-0	1965-2016/2002-2004	Convertible/Coupe/Targa	Incl: GT2 RS/			1965-2016	Convertible/Coupe/Targa	Incl: GT2 RS	fallback	Porsche 911 1983 Targa 原子事实对应多条候选记录
非皮卡	高度压缩两两组合	Porsche	911/911	911	/	/	3M-0	1965-2016/2004	Convertible/Coupe/Coupe	Incl: GT2 RS/GT3 RS			1965-2016	Convertible/Coupe	Incl: GT2 RS/GT3 RS	fallback	Porsche 911 2007 Coupe 原子事实对应多条候选记录
非皮卡	高度压缩两两组合	Porsche	911/911	911	/	/	3M-0	1965-2016/2004-2005	Convertible/Coupe/Coupe	Incl: GT2 RS/GT3			1965-2016	Convertible/Coupe	Incl: GT2 RS/GT3	fallback	Porsche 911 2007 Coupe 原子事实对应多条候选记录
非皮卡	高度压缩两两组合	Porsche	911/911	911	/	/	3M-0	1965-2016/2006-2011	Convertible/Coupe/Targa	Incl: GT2 RS/			1965-2016	Convertible/Coupe/Targa	Incl: GT2 RS	fallback	Porsche 911 1983 Targa 原子事实对应多条候选记录
非皮卡	高度压缩两两组合	Porsche	911/911	911	/	/	3M-0	1965-2016/2007-2008	Convertible/Coupe/Coupe	Incl: GT2 RS/GT3			1965-2016	Convertible/Coupe	Incl: GT2 RS/GT3	fallback	Porsche 911 2004 Coupe 原子事实对应多条候选记录
非皮卡	高度压缩两两组合	Porsche	911/911	911	/	/	3M-0	1965-2016/2007-2008	Convertible/Coupe/Coupe	Incl: GT2 RS/GT3 RS			1965-2016	Convertible/Coupe	Incl: GT2 RS/GT3 RS	fallback	Porsche 911 2004 Coupe 原子事实对应多条候选记录
非皮卡	高度压缩两两组合	Porsche	911/911	911	/	/	3M-0	1965-2016/2007-2012	Convertible/Coupe/Coupe	Incl: GT2 RS/Turbo			1965-2016	Convertible/Coupe	Incl: GT2 RS/Turbo	fallback	Porsche 911 1976 Coupe 原子事实对应多条候选记录
非皮卡	高度压缩两两组合	Porsche	911/911	911	/	/	3M-0	1965-2016/2008-2009	Convertible/Coupe/Coupe	Incl: GT2 RS/GT2			1965-2016	Convertible/Coupe	Incl: GT2/GT2 RS	fallback	Porsche 911 2002 Coupe 原子事实对应多条候选记录
非皮卡	高度压缩两两组合	Porsche	911/911	911	/	/	3M-0	1965-2016/2010-2011	Convertible/Coupe/Coupe	Incl: GT2 RS/GT3			1965-2016	Convertible/Coupe	Incl: GT2 RS/GT3	fallback	Porsche 911 2004 Coupe 原子事实对应多条候选记录
非皮卡	高度压缩两两组合	Porsche	911/911	911	/	/	3M-0	1965-2016/2010-2011	Convertible/Coupe/Coupe	Incl: GT2 RS/GT3 RS			1965-2016	Convertible/Coupe	Incl: GT2 RS/GT3 RS	fallback	Porsche 911 2004 Coupe 原子事实对应多条候选记录
非皮卡	高度压缩两两组合	Porsche	911/911	911	/	/	3M-0	1965-2016/2014-2016	Convertible/Coupe/Coupe	Incl: GT2 RS/GT3			1965-2016	Convertible/Coupe	Incl: GT2 RS/GT3	fallback	Porsche 911 2004 Coupe 原子事实对应多条候选记录
非皮卡	高度压缩两两组合	Porsche	911/911	911	/	/	3M-0	1965-2016/2014-2016	Convertible/Coupe/Targa	Incl: GT2 RS/			1965-2016	Convertible/Coupe/Targa	Incl: GT2 RS	fallback	Porsche 911 1983 Targa 原子事实对应多条候选记录
非皮卡	高度压缩两两组合	Porsche	911/911	911	/	/	3M-0	1965-2016/2014-2019	Convertible/Coupe/Coupe	Incl: GT2 RS/Turbo			1965-2019	Convertible/Coupe	Incl: GT2 RS/Turbo	fallback	Porsche 911 1976 Coupe 原子事实对应多条候选记录
非皮卡	高度压缩两两组合	Porsche	911/911	911	/	/	3M-0	1965-2016/2020-2024	Convertible/Coupe/Convertible	Incl: GT2 RS/			1965-2024	Convertible/Coupe	Incl: GT2 RS	fallback	Porsche 911 2017 Convertible 原子事实对应多条候选记录
非皮卡	高度压缩两两组合	Porsche	911/911	911	/	/	3M-0	1965-2016/2020-2024	Convertible/Coupe/Coupe	Incl: GT2 RS/			1965-2024	Convertible/Coupe	Incl: GT2 RS	fallback	Porsche 911 2017 Convertible 原子事实对应多条候选记录
非皮卡	高度压缩两两组合	Porsche	911/911	911	/	/	3M-0	1965-2016/2021-2024	Convertible/Coupe/Targa	Incl: GT2 RS/			1965-2024	Convertible/Coupe/Targa	Incl: GT2 RS	fallback	Porsche 911 1983 Targa 原子事实对应多条候选记录
非皮卡	高度压缩两两组合	Porsche	911/911	911	/	/	3M-0	1976-2005/1983-1993	Coupe/Targa	GT2/Turbo/			1976-2005	Coupe/Targa	Incl: GT2/Turbo	fallback	Porsche 911 1976 Coupe 原子事实对应多条候选记录
非皮卡	高度压缩两两组合	Porsche	911/911	911	/	/	3M-0	1976-2005/1996-1998	Coupe/Targa	GT2/Turbo/			1976-2005	Coupe/Targa	Incl: GT2/Turbo	fallback	Porsche 911 1976 Coupe 原子事实对应多条候选记录
非皮卡	高度压缩两两组合	Porsche	911/911	911	/	/	3M-0	1976-2005/2002-2004	Coupe/Targa	GT2/Turbo/			1976-2005	Coupe/Targa	Incl: GT2/Turbo	fallback	Porsche 911 1976 Coupe 原子事实对应多条候选记录
非皮卡	高度压缩两两组合	Porsche	911/911	911	/	/	3M-0	1976-2005/2004	Coupe/Coupe	GT2/Turbo/GT3 RS			1976-2005	Coupe	GT2/GT3 RS/Turbo	success	
非皮卡	高度压缩两两组合	Porsche	911/911	911	/	/	3M-0	1965-2016/1976-2005	Convertible/Coupe/Coupe	Incl: GT2 RS/GT2/GT3 RS/Turbo			1965-2016	Convertible/Coupe	Incl: GT2/GT2 RS/GT3 RS/Turbo	fallback	Porsche 911 2007 Coupe 原子事实对应多条候选记录
非皮卡	高度压缩两两组合	Porsche	911/911	911	/	/	3M-0	1965-2016/1983-1993	Convertible/Coupe/Targa	Incl: GT2 RS/			1965-2016	Convertible/Coupe/Targa	Incl: GT2 RS	fallback	Porsche 911 1996 Targa 原子事实对应多条候选记录
非皮卡	高度压缩两两组合	Porsche	911/911	911	/	/	3M-0	1965-2016/1996-1998	Convertible/Coupe/Targa	Incl: GT2 RS/			1965-2016	Convertible/Coupe/Targa	Incl: GT2 RS	fallback	Porsche 911 1983 Targa 原子事实对应多条候选记录
非皮卡	高度压缩两两组合	Porsche	911/911	911	/	/	3M-0	1965-2016/2002-2004	Convertible/Coupe/Targa	Incl: GT2 RS/			1965-2016	Convertible/Coupe/Targa	Incl: GT2 RS	fallback	Porsche 911 1983 Targa 原子事实对应多条候选记录
非皮卡	高度压缩两两组合	Porsche	911/911	911	/	/	3M-0	1965-2016/2004-2005	Convertible/Coupe/Coupe	Incl: GT2 RS/GT3			1965-2016	Convertible/Coupe	Incl: GT2 RS/GT3	fallback	Porsche 911 2007 Coupe 原子事实对应多条候选记录
非皮卡	高度压缩两两组合	Porsche	911/911	911	/	/	3M-0	1965-2016/2006-2011	Convertible/Coupe/Targa	Incl: GT2 RS/			1965-2016	Convertible/Coupe/Targa	Incl: GT2 RS	fallback	Porsche 911 1983 Targa 原子事实对应多条候选记录
非皮卡	高度压缩两两组合	Porsche	911/911	911	/	/	3M-0	1965-2016/2007-2008	Convertible/Coupe/Coupe	Incl: GT2 RS/GT3			1965-2016	Convertible/Coupe	Incl: GT2 RS/GT3	fallback	Porsche 911 2004 Coupe 原子事实对应多条候选记录
非皮卡	高度压缩两两组合	Porsche	911/911	911	/	/	3M-0	1965-2016/2007-2008	Convertible/Coupe/Coupe	Incl: GT2 RS/GT3 RS			1965-2016	Convertible/Coupe	Incl: GT2 RS/GT3 RS	fallback	Porsche 911 2004 Coupe 原子事实对应多条候选记录
非皮卡	高度压缩两两组合	Porsche	911/911	911	/	/	3M-0	1965-2016/2007-2012	Convertible/Coupe/Coupe	Incl: GT2 RS/Turbo			1965-2016	Convertible/Coupe	Incl: GT2 RS/Turbo	fallback	Porsche 911 1976 Coupe 原子事实对应多条候选记录
非皮卡	高度压缩两两组合	Porsche	911/911	911	/	/	3M-0	1965-2016/2008-2009	Convertible/Coupe/Coupe	Incl: GT2 RS/GT2			1965-2016	Convertible/Coupe	Incl: GT2/GT2 RS	fallback	Porsche 911 2002 Coupe 原子事实对应多条候选记录
非皮卡	高度压缩两两组合	Porsche	911/911	911	/	/	3M-0	1965-2016/2010-2011	Convertible/Coupe/Coupe	Incl: GT2 RS/GT3			1965-2016	Convertible/Coupe	Incl: GT2 RS/GT3	fallback	Porsche 911 2004 Coupe 原子事实对应多条候选记录
非皮卡	高度压缩两两组合	Porsche	911/911	911	/	/	3M-0	1965-2016/2010-2011	Convertible/Coupe/Coupe	Incl: GT2 RS/GT3 RS			1965-2016	Convertible/Coupe	Incl: GT2 RS/GT3 RS	fallback	Porsche 911 2004 Coupe 原子事实对应多条候选记录
非皮卡	高度压缩两两组合	Porsche	911/911	911	/	/	3M-0	1965-2016/2014-2016	Convertible/Coupe/Coupe	Incl: GT2 RS/GT3			1965-2016	Convertible/Coupe	Incl: GT2 RS/GT3	fallback	Porsche 911 2004 Coupe 原子事实对应多条候选记录
非皮卡	高度压缩两两组合	Porsche	911/911	911	/	/	3M-0	1965-2016/2014-2016	Convertible/Coupe/Targa	Incl: GT2 RS/			1965-2016	Convertible/Coupe/Targa	Incl: GT2 RS	fallback	Porsche 911 1983 Targa 原子事实对应多条候选记录
非皮卡	高度压缩两两组合	Porsche	911/911	911	/	/	3M-0	1965-2016/2014-2019	Convertible/Coupe/Coupe	Incl: GT2 RS/Turbo			1965-2019	Convertible/Coupe	Incl: GT2 RS/Turbo	fallback	Porsche 911 1976 Coupe 原子事实对应多条候选记录
非皮卡	高度压缩两两组合	Porsche	911/911	911	/	/	3M-0	1965-2016/2020-2024	Convertible/Coupe/Convertible	Incl: GT2 RS/			1965-2024	Convertible/Coupe	Incl: GT2 RS	fallback	Porsche 911 2017 Convertible 原子事实对应多条候选记录
非皮卡	高度压缩两两组合	Porsche	911/911	911	/	/	3M-0	1965-2016/2020-2024	Convertible/Coupe/Coupe	Incl: GT2 RS/			1965-2024	Convertible/Coupe	Incl: GT2 RS	fallback	Porsche 911 2017 Convertible 原子事实对应多条候选记录
非皮卡	高度压缩两两组合	Porsche	911/911	911	/	/	3M-0	1965-2016/2021-2024	Convertible/Coupe/Targa	Incl: GT2 RS/			1965-2024	Convertible/Coupe/Targa	Incl: GT2 RS	fallback	Porsche 911 1983 Targa 原子事实对应多条候选记录
非皮卡	高度压缩两两组合	Porsche	911/911	911	/	/	3M-0	1976-2005/1983-1993	Coupe/Targa	GT2/GT3 RS/Turbo/			1976-2005	Coupe/Targa	Incl: GT2/GT3 RS/Turbo	fallback	Porsche 911 1976 Coupe 原子事实对应多条候选记录
非皮卡	高度压缩两两组合	Porsche	911/911	911	/	/	3M-0	1976-2005/1996-1998	Coupe/Targa	GT2/GT3 RS/Turbo/			1976-2005	Coupe/Targa	Incl: GT2/GT3 RS/Turbo	fallback	Porsche 911 1976 Coupe 原子事实对应多条候选记录
非皮卡	高度压缩两两组合	Porsche	911/911	911	/	/	3M-0	1976-2005/2002-2004	Coupe/Targa	GT2/GT3 RS/Turbo/			1976-2005	Coupe/Targa	Incl: GT2/GT3 RS/Turbo	fallback	Porsche 911 1976 Coupe 原子事实对应多条候选记录
非皮卡	高度压缩两两组合	Porsche	911/911	911	/	/	3M-0	1976-2005/2004-2005	Coupe/Coupe	GT2/GT3 RS/Turbo/GT3			1976-2005	Coupe	GT2/GT3/GT3 RS/Turbo	success	
非皮卡	高度压缩两两组合	Porsche	911/911	911	/	/	3M-0	1965-2016/1976-2005	Convertible/Coupe/Coupe	Incl: GT2 RS/GT2/GT3/GT3 RS/Turbo			1965-2016	Convertible/Coupe	Incl: GT2/GT2 RS/GT3/GT3 RS/Turbo	fallback	Porsche 911 2007 Coupe 原子事实对应多条候选记录
非皮卡	高度压缩两两组合	Porsche	911/911	911	/	/	3M-0	1965-2016/1983-1993	Convertible/Coupe/Targa	Incl: GT2 RS/			1965-2016	Convertible/Coupe/Targa	Incl: GT2 RS	fallback	Porsche 911 1996 Targa 原子事实对应多条候选记录
非皮卡	高度压缩两两组合	Porsche	911/911	911	/	/	3M-0	1965-2016/1996-1998	Convertible/Coupe/Targa	Incl: GT2 RS/			1965-2016	Convertible/Coupe/Targa	Incl: GT2 RS	fallback	Porsche 911 1983 Targa 原子事实对应多条候选记录
非皮卡	高度压缩两两组合	Porsche	911/911	911	/	/	3M-0	1965-2016/2002-2004	Convertible/Coupe/Targa	Incl: GT2 RS/			1965-2016	Convertible/Coupe/Targa	Incl: GT2 RS	fallback	Porsche 911 1983 Targa 原子事实对应多条候选记录
非皮卡	高度压缩两两组合	Porsche	911/911	911	/	/	3M-0	1965-2016/2006-2011	Convertible/Coupe/Targa	Incl: GT2 RS/			1965-2016	Convertible/Coupe/Targa	Incl: GT2 RS	fallback	Porsche 911 1983 Targa 原子事实对应多条候选记录
非皮卡	高度压缩两两组合	Porsche	911/911	911	/	/	3M-0	1965-2016/2007-2008	Convertible/Coupe/Coupe	Incl: GT2 RS/GT3			1965-2016	Convertible/Coupe	Incl: GT2 RS/GT3	fallback	Porsche 911 2004 Coupe 原子事实对应多条候选记录
非皮卡	高度压缩两两组合	Porsche	911/911	911	/	/	3M-0	1965-2016/2007-2008	Convertible/Coupe/Coupe	Incl: GT2 RS/GT3 RS			1965-2016	Convertible/Coupe	Incl: GT2 RS/GT3 RS	fallback	Porsche 911 2004 Coupe 原子事实对应多条候选记录
非皮卡	高度压缩两两组合	Porsche	911/911	911	/	/	3M-0	1965-2016/2007-2012	Convertible/Coupe/Coupe	Incl: GT2 RS/Turbo			1965-2016	Convertible/Coupe	Incl: GT2 RS/Turbo	fallback	Porsche 911 1976 Coupe 原子事实对应多条候选记录
非皮卡	高度压缩两两组合	Porsche	911/911	911	/	/	3M-0	1965-2016/2008-2009	Convertible/Coupe/Coupe	Incl: GT2 RS/GT2			1965-2016	Convertible/Coupe	Incl: GT2/GT2 RS	fallback	Porsche 911 2002 Coupe 原子事实对应多条候选记录
非皮卡	高度压缩两两组合	Porsche	911/911	911	/	/	3M-0	1965-2016/2010-2011	Convertible/Coupe/Coupe	Incl: GT2 RS/GT3			1965-2016	Convertible/Coupe	Incl: GT2 RS/GT3	fallback	Porsche 911 2004 Coupe 原子事实对应多条候选记录
非皮卡	高度压缩两两组合	Porsche	911/911	911	/	/	3M-0	1965-2016/2010-2011	Convertible/Coupe/Coupe	Incl: GT2 RS/GT3 RS			1965-2016	Convertible/Coupe	Incl: GT2 RS/GT3 RS	fallback	Porsche 911 2004 Coupe 原子事实对应多条候选记录
非皮卡	高度压缩两两组合	Porsche	911/911	911	/	/	3M-0	1965-2016/2014-2016	Convertible/Coupe/Coupe	Incl: GT2 RS/GT3			1965-2016	Convertible/Coupe	Incl: GT2 RS/GT3	fallback	Porsche 911 2004 Coupe 原子事实对应多条候选记录
非皮卡	高度压缩两两组合	Porsche	911/911	911	/	/	3M-0	1965-2016/2014-2016	Convertible/Coupe/Targa	Incl: GT2 RS/			1965-2016	Convertible/Coupe/Targa	Incl: GT2 RS	fallback	Porsche 911 1983 Targa 原子事实对应多条候选记录
非皮卡	高度压缩两两组合	Porsche	911/911	911	/	/	3M-0	1965-2016/2014-2019	Convertible/Coupe/Coupe	Incl: GT2 RS/Turbo			1965-2019	Convertible/Coupe	Incl: GT2 RS/Turbo	fallback	Porsche 911 1976 Coupe 原子事实对应多条候选记录
非皮卡	高度压缩两两组合	Porsche	911/911	911	/	/	3M-0	1965-2016/2020-2024	Convertible/Coupe/Convertible	Incl: GT2 RS/			1965-2024	Convertible/Coupe	Incl: GT2 RS	fallback	Porsche 911 2017 Convertible 原子事实对应多条候选记录
非皮卡	高度压缩两两组合	Porsche	911/911	911	/	/	3M-0	1965-2016/2020-2024	Convertible/Coupe/Coupe	Incl: GT2 RS/			1965-2024	Convertible/Coupe	Incl: GT2 RS	fallback	Porsche 911 2017 Convertible 原子事实对应多条候选记录
非皮卡	高度压缩两两组合	Porsche	911/911	911	/	/	3M-0	1965-2016/2021-2024	Convertible/Coupe/Targa	Incl: GT2 RS/			1965-2024	Convertible/Coupe/Targa	Incl: GT2 RS	fallback	Porsche 911 1983 Targa 原子事实对应多条候选记录
非皮卡	高度压缩两两组合	Porsche	911/911	911	/	/	3M-0	1976-2005/1983-1993	Coupe/Targa	GT2/GT3/GT3 RS/Turbo/			1976-2005	Coupe/Targa	Incl: GT2/GT3/GT3 RS/Turbo	fallback	Porsche 911 1976 Coupe 原子事实对应多条候选记录
非皮卡	高度压缩两两组合	Porsche	911/911	911	/	/	3M-0	1976-2005/1996-1998	Coupe/Targa	GT2/GT3/GT3 RS/Turbo/			1976-2005	Coupe/Targa	Incl: GT2/GT3/GT3 RS/Turbo	fallback	Porsche 911 1976 Coupe 原子事实对应多条候选记录
非皮卡	高度压缩两两组合	Porsche	911/911	911	/	/	3M-0	1976-2005/2002-2004	Coupe/Targa	GT2/GT3/GT3 RS/Turbo/			1976-2005	Coupe/Targa	Incl: GT2/GT3/GT3 RS/Turbo	fallback	Porsche 911 1976 Coupe 原子事实对应多条候选记录
非皮卡	高度压缩两两组合	Porsche	911/911	911	/	/	3M-0	1976-2005/2006-2011	Coupe/Targa	GT2/GT3/GT3 RS/Turbo/			1976-2011	Coupe/Targa	Incl: GT2/GT3/GT3 RS/Turbo	fallback	Porsche 911 1976 Coupe 原子事实对应多条候选记录
非皮卡	高度压缩两两组合	Porsche	911/911	911	/	/	3M-0	1976-2005/2007-2008	Coupe/Coupe	GT2/GT3/GT3 RS/Turbo/GT3			1976-2008	Coupe	GT2/GT3/GT3 RS/Turbo	fallback	Porsche 911 2007 Coupe 原子事实对应多条候选记录
非皮卡	高度压缩两两组合	Porsche	911/911	911	/	/	3M-0	1976-2005/2007-2008	Coupe/Coupe	GT2/GT3/GT3 RS/Turbo/GT3 RS			1976-2008	Coupe	GT2/GT3/GT3 RS/Turbo	fallback	Porsche 911 2007 Coupe 原子事实对应多条候选记录
非皮卡	高度压缩两两组合	Porsche	911/911	911	/	/	3M-0	1976-2005/2007-2012	Coupe/Coupe	GT2/GT3/GT3 RS/Turbo/Turbo			1976-2012	Coupe	GT2/GT3/GT3 RS/Turbo	fallback	Porsche 911 2007 Coupe 原子事实对应多条候选记录
非皮卡	高度压缩两两组合	Porsche	911/911	911	/	/	3M-0	1976-2005/2008-2009	Coupe/Coupe	GT2/GT3/GT3 RS/Turbo/GT2			1976-2009	Coupe	GT2/GT3/GT3 RS/Turbo	fallback	Porsche 911 2007 Coupe 原子事实对应多条候选记录
非皮卡	高度压缩两两组合	Porsche	911/911	911	/	/	3M-0	1976-2005/2010-2011	Coupe/Coupe	GT2/GT3/GT3 RS/Turbo/GT3			1976-2011	Coupe	GT2/GT3/GT3 RS/Turbo	fallback	Porsche 911 2007 Coupe 原子事实对应多条候选记录
非皮卡	高度压缩两两组合	Porsche	911/911	911	/	/	3M-0	1976-2005/2010-2011	Coupe/Coupe	GT2/GT3/GT3 RS/Turbo/GT3 RS			1976-2011	Coupe	GT2/GT3/GT3 RS/Turbo	fallback	Porsche 911 2007 Coupe 原子事实对应多条候选记录
非皮卡	高度压缩两两组合	Porsche	911/911	911	/	/	3M-0	1976-2005/2014-2016	Coupe/Coupe	GT2/GT3/GT3 RS/Turbo/GT3			1976-2016	Coupe	GT2/GT3/GT3 RS/Turbo	fallback	Porsche 911 2007 Coupe 原子事实对应多条候选记录
非皮卡	高度压缩两两组合	Porsche	911/911	911	/	/	3M-0	1976-2005/2014-2016	Coupe/Targa	GT2/GT3/GT3 RS/Turbo/			1976-2016	Coupe/Targa	Incl: GT2/GT3/GT3 RS/Turbo	fallback	Porsche 911 1976 Coupe 原子事实对应多条候选记录
非皮卡	高度压缩两两组合	Porsche	911/911	911	/	/	3M-0	1976-2005/2014-2019	Coupe/Coupe	GT2/GT3/GT3 RS/Turbo/Turbo			1976-2019	Coupe	GT2/GT3/GT3 RS/Turbo	fallback	Porsche 911 2007 Coupe 原子事实对应多条候选记录
非皮卡	高度压缩两两组合	Porsche	911/911	911	/	/	3M-0	1976-2005/2020-2024	Coupe/Convertible	GT2/GT3/GT3 RS/Turbo/			1976-2024	Convertible/Coupe	Incl: GT2/GT3/GT3 RS/Turbo	fallback	Porsche 911 1976 Coupe 原子事实对应多条候选记录
非皮卡	高度压缩两两组合	Porsche	911/911	911	/	/	3M-0	1976-2005/2020-2024	Coupe/Coupe	GT2/GT3/GT3 RS/Turbo/			1976-2024	Coupe	Incl: GT2/GT3/GT3 RS/Turbo	fallback	Porsche 911 1976 Coupe 原子事实对应多条候选记录
非皮卡	高度压缩两两组合	Porsche	911/911	911	/	/	3M-0	1976-2005/2021-2024	Coupe/Targa	GT2/GT3/GT3 RS/Turbo/			1976-2024	Coupe/Targa	Incl: GT2/GT3/GT3 RS/Turbo	fallback	Porsche 911 1976 Coupe 原子事实对应多条候选记录
非皮卡	高度压缩两两组合	Porsche	911/911	911	/	/	3M-0	1983-1993/1996-1998	Targa/Targa	/			1983-1998	Targa		success	
非皮卡	高度压缩两两组合	Porsche	911/911	911	/	/	3M-0	1965-2016/1976-2005	Convertible/Coupe/Coupe	Incl: GT2 RS/GT2/GT3/GT3 RS/Turbo			1965-2016	Convertible/Coupe	Incl: GT2/GT2 RS/GT3/GT3 RS/Turbo	fallback	Porsche 911 2007 Coupe 原子事实对应多条候选记录
非皮卡	高度压缩两两组合	Porsche	911/911	911	/	/	3M-0	1965-2016/1983-1998	Convertible/Coupe/Targa	Incl: GT2 RS/			1965-2016	Convertible/Coupe/Targa	Incl: GT2 RS	fallback	Porsche 911 2002 Targa 原子事实对应多条候选记录
非皮卡	高度压缩两两组合	Porsche	911/911	911	/	/	3M-0	1965-2016/2002-2004	Convertible/Coupe/Targa	Incl: GT2 RS/			1965-2016	Convertible/Coupe/Targa	Incl: GT2 RS	fallback	Porsche 911 1983 Targa 原子事实对应多条候选记录
非皮卡	高度压缩两两组合	Porsche	911/911	911	/	/	3M-0	1965-2016/2006-2011	Convertible/Coupe/Targa	Incl: GT2 RS/			1965-2016	Convertible/Coupe/Targa	Incl: GT2 RS	fallback	Porsche 911 1983 Targa 原子事实对应多条候选记录
非皮卡	高度压缩两两组合	Porsche	911/911	911	/	/	3M-0	1965-2016/2007-2008	Convertible/Coupe/Coupe	Incl: GT2 RS/GT3			1965-2016	Convertible/Coupe	Incl: GT2 RS/GT3	fallback	Porsche 911 2004 Coupe 原子事实对应多条候选记录
非皮卡	高度压缩两两组合	Porsche	911/911	911	/	/	3M-0	1965-2016/2007-2008	Convertible/Coupe/Coupe	Incl: GT2 RS/GT3 RS			1965-2016	Convertible/Coupe	Incl: GT2 RS/GT3 RS	fallback	Porsche 911 2004 Coupe 原子事实对应多条候选记录
非皮卡	高度压缩两两组合	Porsche	911/911	911	/	/	3M-0	1965-2016/2007-2012	Convertible/Coupe/Coupe	Incl: GT2 RS/Turbo			1965-2016	Convertible/Coupe	Incl: GT2 RS/Turbo	fallback	Porsche 911 1976 Coupe 原子事实对应多条候选记录
非皮卡	高度压缩两两组合	Porsche	911/911	911	/	/	3M-0	1965-2016/2008-2009	Convertible/Coupe/Coupe	Incl: GT2 RS/GT2			1965-2016	Convertible/Coupe	Incl: GT2/GT2 RS	fallback	Porsche 911 2002 Coupe 原子事实对应多条候选记录
非皮卡	高度压缩两两组合	Porsche	911/911	911	/	/	3M-0	1965-2016/2010-2011	Convertible/Coupe/Coupe	Incl: GT2 RS/GT3			1965-2016	Convertible/Coupe	Incl: GT2 RS/GT3	fallback	Porsche 911 2004 Coupe 原子事实对应多条候选记录
非皮卡	高度压缩两两组合	Porsche	911/911	911	/	/	3M-0	1965-2016/2010-2011	Convertible/Coupe/Coupe	Incl: GT2 RS/GT3 RS			1965-2016	Convertible/Coupe	Incl: GT2 RS/GT3 RS	fallback	Porsche 911 2004 Coupe 原子事实对应多条候选记录
非皮卡	高度压缩两两组合	Porsche	911/911	911	/	/	3M-0	1965-2016/2014-2016	Convertible/Coupe/Coupe	Incl: GT2 RS/GT3			1965-2016	Convertible/Coupe	Incl: GT2 RS/GT3	fallback	Porsche 911 2004 Coupe 原子事实对应多条候选记录
非皮卡	高度压缩两两组合	Porsche	911/911	911	/	/	3M-0	1965-2016/2014-2016	Convertible/Coupe/Targa	Incl: GT2 RS/			1965-2016	Convertible/Coupe/Targa	Incl: GT2 RS	fallback	Porsche 911 1983 Targa 原子事实对应多条候选记录
非皮卡	高度压缩两两组合	Porsche	911/911	911	/	/	3M-0	1965-2016/2014-2019	Convertible/Coupe/Coupe	Incl: GT2 RS/Turbo			1965-2019	Convertible/Coupe	Incl: GT2 RS/Turbo	fallback	Porsche 911 1976 Coupe 原子事实对应多条候选记录
非皮卡	高度压缩两两组合	Porsche	911/911	911	/	/	3M-0	1965-2016/2020-2024	Convertible/Coupe/Convertible	Incl: GT2 RS/			1965-2024	Convertible/Coupe	Incl: GT2 RS	fallback	Porsche 911 2017 Convertible 原子事实对应多条候选记录
非皮卡	高度压缩两两组合	Porsche	911/911	911	/	/	3M-0	1965-2016/2020-2024	Convertible/Coupe/Coupe	Incl: GT2 RS/			1965-2024	Convertible/Coupe	Incl: GT2 RS	fallback	Porsche 911 2017 Convertible 原子事实对应多条候选记录
非皮卡	高度压缩两两组合	Porsche	911/911	911	/	/	3M-0	1965-2016/2021-2024	Convertible/Coupe/Targa	Incl: GT2 RS/			1965-2024	Convertible/Coupe/Targa	Incl: GT2 RS	fallback	Porsche 911 1983 Targa 原子事实对应多条候选记录
非皮卡	高度压缩两两组合	Porsche	911/911	911	/	/	3M-0	1976-2005/1983-1998	Coupe/Targa	GT2/GT3/GT3 RS/Turbo/			1976-2005	Coupe/Targa	Incl: GT2/GT3/GT3 RS/Turbo	fallback	Porsche 911 1976 Coupe 原子事实对应多条候选记录
非皮卡	高度压缩两两组合	Porsche	911/911	911	/	/	3M-0	1976-2005/2002-2004	Coupe/Targa	GT2/GT3/GT3 RS/Turbo/			1976-2005	Coupe/Targa	Incl: GT2/GT3/GT3 RS/Turbo	fallback	Porsche 911 1976 Coupe 原子事实对应多条候选记录
非皮卡	高度压缩两两组合	Porsche	911/911	911	/	/	3M-0	1976-2005/2006-2011	Coupe/Targa	GT2/GT3/GT3 RS/Turbo/			1976-2011	Coupe/Targa	Incl: GT2/GT3/GT3 RS/Turbo	fallback	Porsche 911 1976 Coupe 原子事实对应多条候选记录
非皮卡	高度压缩两两组合	Porsche	911/911	911	/	/	3M-0	1976-2005/2007-2008	Coupe/Coupe	GT2/GT3/GT3 RS/Turbo/GT3			1976-2008	Coupe	GT2/GT3/GT3 RS/Turbo	fallback	Porsche 911 2007 Coupe 原子事实对应多条候选记录
非皮卡	高度压缩两两组合	Porsche	911/911	911	/	/	3M-0	1976-2005/2007-2008	Coupe/Coupe	GT2/GT3/GT3 RS/Turbo/GT3 RS			1976-2008	Coupe	GT2/GT3/GT3 RS/Turbo	fallback	Porsche 911 2007 Coupe 原子事实对应多条候选记录
非皮卡	高度压缩两两组合	Porsche	911/911	911	/	/	3M-0	1976-2005/2007-2012	Coupe/Coupe	GT2/GT3/GT3 RS/Turbo/Turbo			1976-2012	Coupe	GT2/GT3/GT3 RS/Turbo	fallback	Porsche 911 2007 Coupe 原子事实对应多条候选记录
非皮卡	高度压缩两两组合	Porsche	911/911	911	/	/	3M-0	1976-2005/2008-2009	Coupe/Coupe	GT2/GT3/GT3 RS/Turbo/GT2			1976-2009	Coupe	GT2/GT3/GT3 RS/Turbo	fallback	Porsche 911 2007 Coupe 原子事实对应多条候选记录
非皮卡	高度压缩两两组合	Porsche	911/911	911	/	/	3M-0	1976-2005/2010-2011	Coupe/Coupe	GT2/GT3/GT3 RS/Turbo/GT3			1976-2011	Coupe	GT2/GT3/GT3 RS/Turbo	fallback	Porsche 911 2007 Coupe 原子事实对应多条候选记录
非皮卡	高度压缩两两组合	Porsche	911/911	911	/	/	3M-0	1976-2005/2010-2011	Coupe/Coupe	GT2/GT3/GT3 RS/Turbo/GT3 RS			1976-2011	Coupe	GT2/GT3/GT3 RS/Turbo	fallback	Porsche 911 2007 Coupe 原子事实对应多条候选记录
非皮卡	高度压缩两两组合	Porsche	911/911	911	/	/	3M-0	1976-2005/2014-2016	Coupe/Coupe	GT2/GT3/GT3 RS/Turbo/GT3			1976-2016	Coupe	GT2/GT3/GT3 RS/Turbo	fallback	Porsche 911 2007 Coupe 原子事实对应多条候选记录
非皮卡	高度压缩两两组合	Porsche	911/911	911	/	/	3M-0	1976-2005/2014-2016	Coupe/Targa	GT2/GT3/GT3 RS/Turbo/			1976-2016	Coupe/Targa	Incl: GT2/GT3/GT3 RS/Turbo	fallback	Porsche 911 1976 Coupe 原子事实对应多条候选记录
非皮卡	高度压缩两两组合	Porsche	911/911	911	/	/	3M-0	1976-2005/2014-2019	Coupe/Coupe	GT2/GT3/GT3 RS/Turbo/Turbo			1976-2019	Coupe	GT2/GT3/GT3 RS/Turbo	fallback	Porsche 911 2007 Coupe 原子事实对应多条候选记录
非皮卡	高度压缩两两组合	Porsche	911/911	911	/	/	3M-0	1976-2005/2020-2024	Coupe/Convertible	GT2/GT3/GT3 RS/Turbo/			1976-2024	Convertible/Coupe	Incl: GT2/GT3/GT3 RS/Turbo	fallback	Porsche 911 1976 Coupe 原子事实对应多条候选记录
非皮卡	高度压缩两两组合	Porsche	911/911	911	/	/	3M-0	1976-2005/2020-2024	Coupe/Coupe	GT2/GT3/GT3 RS/Turbo/			1976-2024	Coupe	Incl: GT2/GT3/GT3 RS/Turbo	fallback	Porsche 911 1976 Coupe 原子事实对应多条候选记录
非皮卡	高度压缩两两组合	Porsche	911/911	911	/	/	3M-0	1976-2005/2021-2024	Coupe/Targa	GT2/GT3/GT3 RS/Turbo/			1976-2024	Coupe/Targa	Incl: GT2/GT3/GT3 RS/Turbo	fallback	Porsche 911 1976 Coupe 原子事实对应多条候选记录
非皮卡	高度压缩两两组合	Porsche	911/911	911	/	/	3M-0	1983-1998/2002-2004	Targa/Targa	/			1983-2004	Targa		success	
非皮卡	高度压缩两两组合	Porsche	911/911	911	/	/	3M-0	1965-2016/1976-2005	Convertible/Coupe/Coupe	Incl: GT2 RS/GT2/GT3/GT3 RS/Turbo			1965-2016	Convertible/Coupe	Incl: GT2/GT2 RS/GT3/GT3 RS/Turbo	fallback	Porsche 911 2007 Coupe 原子事实对应多条候选记录
非皮卡	高度压缩两两组合	Porsche	911/911	911	/	/	3M-0	1965-2016/1983-2004	Convertible/Coupe/Targa	Incl: GT2 RS/			1965-2016	Convertible/Coupe/Targa	Incl: GT2 RS	fallback	Porsche 911 2006 Targa 原子事实对应多条候选记录
非皮卡	高度压缩两两组合	Porsche	911/911	911	/	/	3M-0	1965-2016/2006-2011	Convertible/Coupe/Targa	Incl: GT2 RS/			1965-2016	Convertible/Coupe/Targa	Incl: GT2 RS	fallback	Porsche 911 1983 Targa 原子事实对应多条候选记录
非皮卡	高度压缩两两组合	Porsche	911/911	911	/	/	3M-0	1965-2016/2007-2008	Convertible/Coupe/Coupe	Incl: GT2 RS/GT3			1965-2016	Convertible/Coupe	Incl: GT2 RS/GT3	fallback	Porsche 911 2004 Coupe 原子事实对应多条候选记录
非皮卡	高度压缩两两组合	Porsche	911/911	911	/	/	3M-0	1965-2016/2007-2008	Convertible/Coupe/Coupe	Incl: GT2 RS/GT3 RS			1965-2016	Convertible/Coupe	Incl: GT2 RS/GT3 RS	fallback	Porsche 911 2004 Coupe 原子事实对应多条候选记录
非皮卡	高度压缩两两组合	Porsche	911/911	911	/	/	3M-0	1965-2016/2007-2012	Convertible/Coupe/Coupe	Incl: GT2 RS/Turbo			1965-2016	Convertible/Coupe	Incl: GT2 RS/Turbo	fallback	Porsche 911 1976 Coupe 原子事实对应多条候选记录
非皮卡	高度压缩两两组合	Porsche	911/911	911	/	/	3M-0	1965-2016/2008-2009	Convertible/Coupe/Coupe	Incl: GT2 RS/GT2			1965-2016	Convertible/Coupe	Incl: GT2/GT2 RS	fallback	Porsche 911 2002 Coupe 原子事实对应多条候选记录
非皮卡	高度压缩两两组合	Porsche	911/911	911	/	/	3M-0	1965-2016/2010-2011	Convertible/Coupe/Coupe	Incl: GT2 RS/GT3			1965-2016	Convertible/Coupe	Incl: GT2 RS/GT3	fallback	Porsche 911 2004 Coupe 原子事实对应多条候选记录
非皮卡	高度压缩两两组合	Porsche	911/911	911	/	/	3M-0	1965-2016/2010-2011	Convertible/Coupe/Coupe	Incl: GT2 RS/GT3 RS			1965-2016	Convertible/Coupe	Incl: GT2 RS/GT3 RS	fallback	Porsche 911 2004 Coupe 原子事实对应多条候选记录
非皮卡	高度压缩两两组合	Porsche	911/911	911	/	/	3M-0	1965-2016/2014-2016	Convertible/Coupe/Coupe	Incl: GT2 RS/GT3			1965-2016	Convertible/Coupe	Incl: GT2 RS/GT3	fallback	Porsche 911 2004 Coupe 原子事实对应多条候选记录
非皮卡	高度压缩两两组合	Porsche	911/911	911	/	/	3M-0	1965-2016/2014-2016	Convertible/Coupe/Targa	Incl: GT2 RS/			1965-2016	Convertible/Coupe/Targa	Incl: GT2 RS	fallback	Porsche 911 1983 Targa 原子事实对应多条候选记录
非皮卡	高度压缩两两组合	Porsche	911/911	911	/	/	3M-0	1965-2016/2014-2019	Convertible/Coupe/Coupe	Incl: GT2 RS/Turbo			1965-2019	Convertible/Coupe	Incl: GT2 RS/Turbo	fallback	Porsche 911 1976 Coupe 原子事实对应多条候选记录
非皮卡	高度压缩两两组合	Porsche	911/911	911	/	/	3M-0	1965-2016/2020-2024	Convertible/Coupe/Convertible	Incl: GT2 RS/			1965-2024	Convertible/Coupe	Incl: GT2 RS	fallback	Porsche 911 2017 Convertible 原子事实对应多条候选记录
非皮卡	高度压缩两两组合	Porsche	911/911	911	/	/	3M-0	1965-2016/2020-2024	Convertible/Coupe/Coupe	Incl: GT2 RS/			1965-2024	Convertible/Coupe	Incl: GT2 RS	fallback	Porsche 911 2017 Convertible 原子事实对应多条候选记录
非皮卡	高度压缩两两组合	Porsche	911/911	911	/	/	3M-0	1965-2016/2021-2024	Convertible/Coupe/Targa	Incl: GT2 RS/			1965-2024	Convertible/Coupe/Targa	Incl: GT2 RS	fallback	Porsche 911 1983 Targa 原子事实对应多条候选记录
非皮卡	高度压缩两两组合	Porsche	911/911	911	/	/	3M-0	1976-2005/1983-2004	Coupe/Targa	GT2/GT3/GT3 RS/Turbo/			1976-2005	Coupe/Targa	Incl: GT2/GT3/GT3 RS/Turbo	fallback	Porsche 911 1976 Coupe 原子事实对应多条候选记录
非皮卡	高度压缩两两组合	Porsche	911/911	911	/	/	3M-0	1976-2005/2006-2011	Coupe/Targa	GT2/GT3/GT3 RS/Turbo/			1976-2011	Coupe/Targa	Incl: GT2/GT3/GT3 RS/Turbo	fallback	Porsche 911 1976 Coupe 原子事实对应多条候选记录
非皮卡	高度压缩两两组合	Porsche	911/911	911	/	/	3M-0	1976-2005/2007-2008	Coupe/Coupe	GT2/GT3/GT3 RS/Turbo/GT3			1976-2008	Coupe	GT2/GT3/GT3 RS/Turbo	fallback	Porsche 911 2007 Coupe 原子事实对应多条候选记录
非皮卡	高度压缩两两组合	Porsche	911/911	911	/	/	3M-0	1976-2005/2007-2008	Coupe/Coupe	GT2/GT3/GT3 RS/Turbo/GT3 RS			1976-2008	Coupe	GT2/GT3/GT3 RS/Turbo	fallback	Porsche 911 2007 Coupe 原子事实对应多条候选记录
非皮卡	高度压缩两两组合	Porsche	911/911	911	/	/	3M-0	1976-2005/2007-2012	Coupe/Coupe	GT2/GT3/GT3 RS/Turbo/Turbo			1976-2012	Coupe	GT2/GT3/GT3 RS/Turbo	fallback	Porsche 911 2007 Coupe 原子事实对应多条候选记录
非皮卡	高度压缩两两组合	Porsche	911/911	911	/	/	3M-0	1976-2005/2008-2009	Coupe/Coupe	GT2/GT3/GT3 RS/Turbo/GT2			1976-2009	Coupe	GT2/GT3/GT3 RS/Turbo	fallback	Porsche 911 2007 Coupe 原子事实对应多条候选记录
非皮卡	高度压缩两两组合	Porsche	911/911	911	/	/	3M-0	1976-2005/2010-2011	Coupe/Coupe	GT2/GT3/GT3 RS/Turbo/GT3			1976-2011	Coupe	GT2/GT3/GT3 RS/Turbo	fallback	Porsche 911 2007 Coupe 原子事实对应多条候选记录
非皮卡	高度压缩两两组合	Porsche	911/911	911	/	/	3M-0	1976-2005/2010-2011	Coupe/Coupe	GT2/GT3/GT3 RS/Turbo/GT3 RS			1976-2011	Coupe	GT2/GT3/GT3 RS/Turbo	fallback	Porsche 911 2007 Coupe 原子事实对应多条候选记录
非皮卡	高度压缩两两组合	Porsche	911/911	911	/	/	3M-0	1976-2005/2014-2016	Coupe/Coupe	GT2/GT3/GT3 RS/Turbo/GT3			1976-2016	Coupe	GT2/GT3/GT3 RS/Turbo	fallback	Porsche 911 2007 Coupe 原子事实对应多条候选记录
非皮卡	高度压缩两两组合	Porsche	911/911	911	/	/	3M-0	1976-2005/2014-2016	Coupe/Targa	GT2/GT3/GT3 RS/Turbo/			1976-2016	Coupe/Targa	Incl: GT2/GT3/GT3 RS/Turbo	fallback	Porsche 911 1976 Coupe 原子事实对应多条候选记录
非皮卡	高度压缩两两组合	Porsche	911/911	911	/	/	3M-0	1976-2005/2014-2019	Coupe/Coupe	GT2/GT3/GT3 RS/Turbo/Turbo			1976-2019	Coupe	GT2/GT3/GT3 RS/Turbo	fallback	Porsche 911 2007 Coupe 原子事实对应多条候选记录
非皮卡	高度压缩两两组合	Porsche	911/911	911	/	/	3M-0	1976-2005/2020-2024	Coupe/Convertible	GT2/GT3/GT3 RS/Turbo/			1976-2024	Convertible/Coupe	Incl: GT2/GT3/GT3 RS/Turbo	fallback	Porsche 911 1976 Coupe 原子事实对应多条候选记录
非皮卡	高度压缩两两组合	Porsche	911/911	911	/	/	3M-0	1976-2005/2020-2024	Coupe/Coupe	GT2/GT3/GT3 RS/Turbo/			1976-2024	Coupe	Incl: GT2/GT3/GT3 RS/Turbo	fallback	Porsche 911 1976 Coupe 原子事实对应多条候选记录
非皮卡	高度压缩两两组合	Porsche	911/911	911	/	/	3M-0	1976-2005/2021-2024	Coupe/Targa	GT2/GT3/GT3 RS/Turbo/			1976-2024	Coupe/Targa	Incl: GT2/GT3/GT3 RS/Turbo	fallback	Porsche 911 1976 Coupe 原子事实对应多条候选记录
非皮卡	高度压缩两两组合	Porsche	911/911	911	/	/	3M-0	1983-2004/2006-2011	Targa/Targa	/			1983-2011	Targa		success	
非皮卡	高度压缩两两组合	Porsche	911/911	911	/	/	3M-0	1965-2016/1976-2005	Convertible/Coupe/Coupe	Incl: GT2 RS/GT2/GT3/GT3 RS/Turbo			1965-2016	Convertible/Coupe	Incl: GT2/GT2 RS/GT3/GT3 RS/Turbo	fallback	Porsche 911 2007 Coupe 原子事实对应多条候选记录
非皮卡	高度压缩两两组合	Porsche	911/911	911	/	/	3M-0	1965-2016/1983-2011	Convertible/Coupe/Targa	Incl: GT2 RS/			1965-2016	Convertible/Coupe/Targa	Incl: GT2 RS	fallback	Porsche 911 2014 Targa 原子事实对应多条候选记录
非皮卡	高度压缩两两组合	Porsche	911/911	911	/	/	3M-0	1965-2016/2007-2008	Convertible/Coupe/Coupe	Incl: GT2 RS/GT3			1965-2016	Convertible/Coupe	Incl: GT2 RS/GT3	fallback	Porsche 911 2004 Coupe 原子事实对应多条候选记录
非皮卡	高度压缩两两组合	Porsche	911/911	911	/	/	3M-0	1965-2016/2007-2008	Convertible/Coupe/Coupe	Incl: GT2 RS/GT3 RS			1965-2016	Convertible/Coupe	Incl: GT2 RS/GT3 RS	fallback	Porsche 911 2004 Coupe 原子事实对应多条候选记录
非皮卡	高度压缩两两组合	Porsche	911/911	911	/	/	3M-0	1965-2016/2007-2012	Convertible/Coupe/Coupe	Incl: GT2 RS/Turbo			1965-2016	Convertible/Coupe	Incl: GT2 RS/Turbo	fallback	Porsche 911 1976 Coupe 原子事实对应多条候选记录
非皮卡	高度压缩两两组合	Porsche	911/911	911	/	/	3M-0	1965-2016/2008-2009	Convertible/Coupe/Coupe	Incl: GT2 RS/GT2			1965-2016	Convertible/Coupe	Incl: GT2/GT2 RS	fallback	Porsche 911 2002 Coupe 原子事实对应多条候选记录
非皮卡	高度压缩两两组合	Porsche	911/911	911	/	/	3M-0	1965-2016/2010-2011	Convertible/Coupe/Coupe	Incl: GT2 RS/GT3			1965-2016	Convertible/Coupe	Incl: GT2 RS/GT3	fallback	Porsche 911 2004 Coupe 原子事实对应多条候选记录
非皮卡	高度压缩两两组合	Porsche	911/911	911	/	/	3M-0	1965-2016/2010-2011	Convertible/Coupe/Coupe	Incl: GT2 RS/GT3 RS			1965-2016	Convertible/Coupe	Incl: GT2 RS/GT3 RS	fallback	Porsche 911 2004 Coupe 原子事实对应多条候选记录
非皮卡	高度压缩两两组合	Porsche	911/911	911	/	/	3M-0	1965-2016/2014-2016	Convertible/Coupe/Coupe	Incl: GT2 RS/GT3			1965-2016	Convertible/Coupe	Incl: GT2 RS/GT3	fallback	Porsche 911 2004 Coupe 原子事实对应多条候选记录
非皮卡	高度压缩两两组合	Porsche	911/911	911	/	/	3M-0	1965-2016/2014-2016	Convertible/Coupe/Targa	Incl: GT2 RS/			1965-2016	Convertible/Coupe/Targa	Incl: GT2 RS	fallback	Porsche 911 1983 Targa 原子事实对应多条候选记录
非皮卡	高度压缩两两组合	Porsche	911/911	911	/	/	3M-0	1965-2016/2014-2019	Convertible/Coupe/Coupe	Incl: GT2 RS/Turbo			1965-2019	Convertible/Coupe	Incl: GT2 RS/Turbo	fallback	Porsche 911 1976 Coupe 原子事实对应多条候选记录
非皮卡	高度压缩两两组合	Porsche	911/911	911	/	/	3M-0	1965-2016/2020-2024	Convertible/Coupe/Convertible	Incl: GT2 RS/			1965-2024	Convertible/Coupe	Incl: GT2 RS	fallback	Porsche 911 2017 Convertible 原子事实对应多条候选记录
非皮卡	高度压缩两两组合	Porsche	911/911	911	/	/	3M-0	1965-2016/2020-2024	Convertible/Coupe/Coupe	Incl: GT2 RS/			1965-2024	Convertible/Coupe	Incl: GT2 RS	fallback	Porsche 911 2017 Convertible 原子事实对应多条候选记录
非皮卡	高度压缩两两组合	Porsche	911/911	911	/	/	3M-0	1965-2016/2021-2024	Convertible/Coupe/Targa	Incl: GT2 RS/			1965-2024	Convertible/Coupe/Targa	Incl: GT2 RS	fallback	Porsche 911 1983 Targa 原子事实对应多条候选记录
非皮卡	高度压缩两两组合	Porsche	911/911	911	/	/	3M-0	1976-2005/1983-2011	Coupe/Targa	GT2/GT3/GT3 RS/Turbo/			1976-2011	Coupe/Targa	Incl: GT2/GT3/GT3 RS/Turbo	fallback	Porsche 911 1976 Coupe 原子事实对应多条候选记录
非皮卡	高度压缩两两组合	Porsche	911/911	911	/	/	3M-0	1976-2005/2007-2008	Coupe/Coupe	GT2/GT3/GT3 RS/Turbo/GT3			1976-2008	Coupe	GT2/GT3/GT3 RS/Turbo	fallback	Porsche 911 2007 Coupe 原子事实对应多条候选记录
非皮卡	高度压缩两两组合	Porsche	911/911	911	/	/	3M-0	1976-2005/2007-2008	Coupe/Coupe	GT2/GT3/GT3 RS/Turbo/GT3 RS			1976-2008	Coupe	GT2/GT3/GT3 RS/Turbo	fallback	Porsche 911 2007 Coupe 原子事实对应多条候选记录
非皮卡	高度压缩两两组合	Porsche	911/911	911	/	/	3M-0	1976-2005/2007-2012	Coupe/Coupe	GT2/GT3/GT3 RS/Turbo/Turbo			1976-2012	Coupe	GT2/GT3/GT3 RS/Turbo	fallback	Porsche 911 2007 Coupe 原子事实对应多条候选记录
非皮卡	高度压缩两两组合	Porsche	911/911	911	/	/	3M-0	1976-2005/2008-2009	Coupe/Coupe	GT2/GT3/GT3 RS/Turbo/GT2			1976-2009	Coupe	GT2/GT3/GT3 RS/Turbo	fallback	Porsche 911 2007 Coupe 原子事实对应多条候选记录
非皮卡	高度压缩两两组合	Porsche	911/911	911	/	/	3M-0	1976-2005/2010-2011	Coupe/Coupe	GT2/GT3/GT3 RS/Turbo/GT3			1976-2011	Coupe	GT2/GT3/GT3 RS/Turbo	fallback	Porsche 911 2007 Coupe 原子事实对应多条候选记录
非皮卡	高度压缩两两组合	Porsche	911/911	911	/	/	3M-0	1976-2005/2010-2011	Coupe/Coupe	GT2/GT3/GT3 RS/Turbo/GT3 RS			1976-2011	Coupe	GT2/GT3/GT3 RS/Turbo	fallback	Porsche 911 2007 Coupe 原子事实对应多条候选记录
非皮卡	高度压缩两两组合	Porsche	911/911	911	/	/	3M-0	1976-2005/2014-2016	Coupe/Coupe	GT2/GT3/GT3 RS/Turbo/GT3			1976-2016	Coupe	GT2/GT3/GT3 RS/Turbo	fallback	Porsche 911 2007 Coupe 原子事实对应多条候选记录
非皮卡	高度压缩两两组合	Porsche	911/911	911	/	/	3M-0	1976-2005/2014-2016	Coupe/Targa	GT2/GT3/GT3 RS/Turbo/			1976-2016	Coupe/Targa	Incl: GT2/GT3/GT3 RS/Turbo	fallback	Porsche 911 1976 Coupe 原子事实对应多条候选记录
非皮卡	高度压缩两两组合	Porsche	911/911	911	/	/	3M-0	1976-2005/2014-2019	Coupe/Coupe	GT2/GT3/GT3 RS/Turbo/Turbo			1976-2019	Coupe	GT2/GT3/GT3 RS/Turbo	fallback	Porsche 911 2007 Coupe 原子事实对应多条候选记录
非皮卡	高度压缩两两组合	Porsche	911/911	911	/	/	3M-0	1976-2005/2020-2024	Coupe/Convertible	GT2/GT3/GT3 RS/Turbo/			1976-2024	Convertible/Coupe	Incl: GT2/GT3/GT3 RS/Turbo	fallback	Porsche 911 1976 Coupe 原子事实对应多条候选记录
非皮卡	高度压缩两两组合	Porsche	911/911	911	/	/	3M-0	1976-2005/2020-2024	Coupe/Coupe	GT2/GT3/GT3 RS/Turbo/			1976-2024	Coupe	Incl: GT2/GT3/GT3 RS/Turbo	fallback	Porsche 911 1976 Coupe 原子事实对应多条候选记录
非皮卡	高度压缩两两组合	Porsche	911/911	911	/	/	3M-0	1976-2005/2021-2024	Coupe/Targa	GT2/GT3/GT3 RS/Turbo/			1976-2024	Coupe/Targa	Incl: GT2/GT3/GT3 RS/Turbo	fallback	Porsche 911 1976 Coupe 原子事实对应多条候选记录
非皮卡	高度压缩两两组合	Porsche	911/911	911	/	/	3M-0	1983-2011/2007-2008	Targa/Coupe	/GT3			1983-2011	Coupe/Targa	Incl: GT3	fallback	Porsche 911 1983 Coupe 原子事实对应多条候选记录
非皮卡	高度压缩两两组合	Porsche	911/911	911	/	/	3M-0	1983-2011/2007-2008	Targa/Coupe	/GT3 RS			1983-2011	Coupe/Targa	Incl: GT3 RS	fallback	Porsche 911 1983 Coupe 原子事实对应多条候选记录
非皮卡	高度压缩两两组合	Porsche	911/911	911	/	/	3M-0	1983-2011/2007-2012	Targa/Coupe	/Turbo			1983-2012	Coupe/Targa	Incl: Turbo	fallback	Porsche 911 1983 Coupe 原子事实对应多条候选记录
非皮卡	高度压缩两两组合	Porsche	911/911	911	/	/	3M-0	1983-2011/2008-2009	Targa/Coupe	/GT2			1983-2011	Coupe/Targa	Incl: GT2	fallback	Porsche 911 1983 Coupe 原子事实对应多条候选记录
非皮卡	高度压缩两两组合	Porsche	911/911	911	/	/	3M-0	1983-2011/2010-2011	Targa/Coupe	/GT3			1983-2011	Coupe/Targa	Incl: GT3	fallback	Porsche 911 1983 Coupe 原子事实对应多条候选记录
非皮卡	高度压缩两两组合	Porsche	911/911	911	/	/	3M-0	1983-2011/2010-2011	Targa/Coupe	/GT3 RS			1983-2011	Coupe/Targa	Incl: GT3 RS	fallback	Porsche 911 1983 Coupe 原子事实对应多条候选记录
非皮卡	高度压缩两两组合	Porsche	911/911	911	/	/	3M-0	1983-2011/2014-2016	Targa/Coupe	/GT3			1983-2016	Coupe/Targa	Incl: GT3	fallback	Porsche 911 1983 Coupe 原子事实对应多条候选记录
非皮卡	高度压缩两两组合	Porsche	911/911	911	/	/	3M-0	1983-2011/2014-2016	Targa/Targa	/			1983-2016	Targa		success	
非皮卡	高度压缩两两组合	Porsche	911/911	911	/	/	3M-0	1965-2016/1976-2005	Convertible/Coupe/Coupe	Incl: GT2 RS/GT2/GT3/GT3 RS/Turbo			1965-2016	Convertible/Coupe	Incl: GT2/GT2 RS/GT3/GT3 RS/Turbo	fallback	Porsche 911 2007 Coupe 原子事实对应多条候选记录
非皮卡	高度压缩两两组合	Porsche	911/911	911	/	/	3M-0	1965-2016/1983-2016	Convertible/Coupe/Targa	Incl: GT2 RS/			1965-2016	Convertible/Coupe/Targa	Incl: GT2 RS	success	
非皮卡	高度压缩两两组合	Porsche	911/911	911	/	/	3M-0	1965-2016/1976-2005	Convertible/Coupe/Targa/Coupe	Incl: GT2 RS/GT2/GT3/GT3 RS/Turbo			1965-2016	Convertible/Coupe/Targa	Incl: GT2/GT2 RS/GT3/GT3 RS/Turbo	fallback	Porsche 911 2007 Coupe 原子事实对应多条候选记录
非皮卡	高度压缩两两组合	Porsche	911/911	911	/	/	3M-0	1965-2016/2007-2008	Convertible/Coupe/Targa/Coupe	Incl: GT2 RS/GT3			1965-2016	Convertible/Coupe/Targa	Incl: GT2 RS/GT3	fallback	Porsche 911 2004 Coupe 原子事实对应多条候选记录
非皮卡	高度压缩两两组合	Porsche	911/911	911	/	/	3M-0	1965-2016/2007-2008	Convertible/Coupe/Targa/Coupe	Incl: GT2 RS/GT3 RS			1965-2016	Convertible/Coupe/Targa	Incl: GT2 RS/GT3 RS	fallback	Porsche 911 2004 Coupe 原子事实对应多条候选记录
非皮卡	高度压缩两两组合	Porsche	911/911	911	/	/	3M-0	1965-2016/2007-2012	Convertible/Coupe/Targa/Coupe	Incl: GT2 RS/Turbo			1965-2016	Convertible/Coupe/Targa	Incl: GT2 RS/Turbo	fallback	Porsche 911 1976 Coupe 原子事实对应多条候选记录
非皮卡	高度压缩两两组合	Porsche	911/911	911	/	/	3M-0	1965-2016/2008-2009	Convertible/Coupe/Targa/Coupe	Incl: GT2 RS/GT2			1965-2016	Convertible/Coupe/Targa	Incl: GT2/GT2 RS	fallback	Porsche 911 2002 Coupe 原子事实对应多条候选记录
非皮卡	高度压缩两两组合	Porsche	911/911	911	/	/	3M-0	1965-2016/2010-2011	Convertible/Coupe/Targa/Coupe	Incl: GT2 RS/GT3			1965-2016	Convertible/Coupe/Targa	Incl: GT2 RS/GT3	fallback	Porsche 911 2004 Coupe 原子事实对应多条候选记录
非皮卡	高度压缩两两组合	Porsche	911/911	911	/	/	3M-0	1965-2016/2010-2011	Convertible/Coupe/Targa/Coupe	Incl: GT2 RS/GT3 RS			1965-2016	Convertible/Coupe/Targa	Incl: GT2 RS/GT3 RS	fallback	Porsche 911 2004 Coupe 原子事实对应多条候选记录
非皮卡	高度压缩两两组合	Porsche	911/911	911	/	/	3M-0	1965-2016/2014-2016	Convertible/Coupe/Targa/Coupe	Incl: GT2 RS/GT3			1965-2016	Convertible/Coupe/Targa	Incl: GT2 RS/GT3	fallback	Porsche 911 2004 Coupe 原子事实对应多条候选记录
非皮卡	高度压缩两两组合	Porsche	911/911	911	/	/	3M-0	1965-2016/2014-2019	Convertible/Coupe/Targa/Coupe	Incl: GT2 RS/Turbo			1965-2019	Convertible/Coupe/Targa	Incl: GT2 RS/Turbo	fallback	Porsche 911 1976 Coupe 原子事实对应多条候选记录
非皮卡	高度压缩两两组合	Porsche	911/911	911	/	/	3M-0	1965-2016/2020-2024	Convertible/Coupe/Targa/Convertible	Incl: GT2 RS/			1965-2024	Convertible/Coupe/Targa	Incl: GT2 RS	fallback	Porsche 911 2017 Convertible 原子事实对应多条候选记录
非皮卡	高度压缩两两组合	Porsche	911/911	911	/	/	3M-0	1965-2016/2020-2024	Convertible/Coupe/Targa/Coupe	Incl: GT2 RS/			1965-2024	Convertible/Coupe/Targa	Incl: GT2 RS	fallback	Porsche 911 2017 Convertible 原子事实对应多条候选记录
非皮卡	高度压缩两两组合	Porsche	911/911	911	/	/	3M-0	1965-2016/2021-2024	Convertible/Coupe/Targa/Targa	Incl: GT2 RS/			1965-2024	Convertible/Coupe/Targa	Incl: GT2 RS	fallback	Porsche 911 2017 Convertible 原子事实对应多条候选记录
非皮卡	高度压缩两两组合	Porsche	911/911	911	/	/	3M-0	1976-2005/2007-2008	Coupe/Coupe	GT2/GT3/GT3 RS/Turbo/GT3			1976-2008	Coupe	GT2/GT3/GT3 RS/Turbo	fallback	Porsche 911 2007 Coupe 原子事实对应多条候选记录
非皮卡	高度压缩两两组合	Porsche	911/911	911	/	/	3M-0	1976-2005/2007-2008	Coupe/Coupe	GT2/GT3/GT3 RS/Turbo/GT3 RS			1976-2008	Coupe	GT2/GT3/GT3 RS/Turbo	fallback	Porsche 911 2007 Coupe 原子事实对应多条候选记录
非皮卡	高度压缩两两组合	Porsche	911/911	911	/	/	3M-0	1976-2005/2007-2012	Coupe/Coupe	GT2/GT3/GT3 RS/Turbo/Turbo			1976-2012	Coupe	GT2/GT3/GT3 RS/Turbo	fallback	Porsche 911 2007 Coupe 原子事实对应多条候选记录
非皮卡	高度压缩两两组合	Porsche	911/911	911	/	/	3M-0	1976-2005/2008-2009	Coupe/Coupe	GT2/GT3/GT3 RS/Turbo/GT2			1976-2009	Coupe	GT2/GT3/GT3 RS/Turbo	fallback	Porsche 911 2007 Coupe 原子事实对应多条候选记录
非皮卡	高度压缩两两组合	Porsche	911/911	911	/	/	3M-0	1976-2005/2010-2011	Coupe/Coupe	GT2/GT3/GT3 RS/Turbo/GT3			1976-2011	Coupe	GT2/GT3/GT3 RS/Turbo	fallback	Porsche 911 2007 Coupe 原子事实对应多条候选记录
非皮卡	高度压缩两两组合	Porsche	911/911	911	/	/	3M-0	1976-2005/2010-2011	Coupe/Coupe	GT2/GT3/GT3 RS/Turbo/GT3 RS			1976-2011	Coupe	GT2/GT3/GT3 RS/Turbo	fallback	Porsche 911 2007 Coupe 原子事实对应多条候选记录
非皮卡	高度压缩两两组合	Porsche	911/911	911	/	/	3M-0	1976-2005/2014-2016	Coupe/Coupe	GT2/GT3/GT3 RS/Turbo/GT3			1976-2016	Coupe	GT2/GT3/GT3 RS/Turbo	fallback	Porsche 911 2007 Coupe 原子事实对应多条候选记录
非皮卡	高度压缩两两组合	Porsche	911/911	911	/	/	3M-0	1976-2005/2014-2019	Coupe/Coupe	GT2/GT3/GT3 RS/Turbo/Turbo			1976-2019	Coupe	GT2/GT3/GT3 RS/Turbo	fallback	Porsche 911 2007 Coupe 原子事实对应多条候选记录
非皮卡	高度压缩两两组合	Porsche	911/911	911	/	/	3M-0	1976-2005/2020-2024	Coupe/Convertible	GT2/GT3/GT3 RS/Turbo/			1976-2024	Convertible/Coupe	Incl: GT2/GT3/GT3 RS/Turbo	fallback	Porsche 911 1976 Coupe 原子事实对应多条候选记录
非皮卡	高度压缩两两组合	Porsche	911/911	911	/	/	3M-0	1976-2005/2020-2024	Coupe/Coupe	GT2/GT3/GT3 RS/Turbo/			1976-2024	Coupe	Incl: GT2/GT3/GT3 RS/Turbo	fallback	Porsche 911 1976 Coupe 原子事实对应多条候选记录
非皮卡	高度压缩两两组合	Porsche	911/911	911	/	/	3M-0	1976-2005/2021-2024	Coupe/Targa	GT2/GT3/GT3 RS/Turbo/			1976-2024	Coupe/Targa	Incl: GT2/GT3/GT3 RS/Turbo	fallback	Porsche 911 1976 Coupe 原子事实对应多条候选记录
非皮卡	高度压缩两两组合	Porsche	911/911	911	/	/	3M-0	2007-2008/2007-2008	Coupe/Coupe	GT3/GT3 RS			2007-2008	Coupe	GT3/GT3 RS	success	
非皮卡	高度压缩两两组合	Porsche	911/911	911	/	/	3M-0	1965-2016/1976-2005	Convertible/Coupe/Targa/Coupe	Incl: GT2 RS/GT2/GT3/GT3 RS/Turbo			1965-2016	Convertible/Coupe/Targa	Incl: GT2/GT2 RS/GT3/GT3 RS/Turbo	fallback	Porsche 911 2007 Coupe 原子事实对应多条候选记录
非皮卡	高度压缩两两组合	Porsche	911/911	911	/	/	3M-0	1965-2016/2007-2008	Convertible/Coupe/Targa/Coupe	Incl: GT2 RS/GT3/GT3 RS			1965-2016	Convertible/Coupe/Targa	Incl: GT2 RS/GT3/GT3 RS	fallback	Porsche 911 2004 Coupe 原子事实对应多条候选记录
非皮卡	高度压缩两两组合	Porsche	911/911	911	/	/	3M-0	1965-2016/2007-2012	Convertible/Coupe/Targa/Coupe	Incl: GT2 RS/Turbo			1965-2016	Convertible/Coupe/Targa	Incl: GT2 RS/Turbo	fallback	Porsche 911 1976 Coupe 原子事实对应多条候选记录
非皮卡	高度压缩两两组合	Porsche	911/911	911	/	/	3M-0	1965-2016/2008-2009	Convertible/Coupe/Targa/Coupe	Incl: GT2 RS/GT2			1965-2016	Convertible/Coupe/Targa	Incl: GT2/GT2 RS	fallback	Porsche 911 2002 Coupe 原子事实对应多条候选记录
非皮卡	高度压缩两两组合	Porsche	911/911	911	/	/	3M-0	1965-2016/2010-2011	Convertible/Coupe/Targa/Coupe	Incl: GT2 RS/GT3			1965-2016	Convertible/Coupe/Targa	Incl: GT2 RS/GT3	fallback	Porsche 911 2004 Coupe 原子事实对应多条候选记录
非皮卡	高度压缩两两组合	Porsche	911/911	911	/	/	3M-0	1965-2016/2010-2011	Convertible/Coupe/Targa/Coupe	Incl: GT2 RS/GT3 RS			1965-2016	Convertible/Coupe/Targa	Incl: GT2 RS/GT3 RS	fallback	Porsche 911 2004 Coupe 原子事实对应多条候选记录
非皮卡	高度压缩两两组合	Porsche	911/911	911	/	/	3M-0	1965-2016/2014-2016	Convertible/Coupe/Targa/Coupe	Incl: GT2 RS/GT3			1965-2016	Convertible/Coupe/Targa	Incl: GT2 RS/GT3	fallback	Porsche 911 2004 Coupe 原子事实对应多条候选记录
非皮卡	高度压缩两两组合	Porsche	911/911	911	/	/	3M-0	1965-2016/2014-2019	Convertible/Coupe/Targa/Coupe	Incl: GT2 RS/Turbo			1965-2019	Convertible/Coupe/Targa	Incl: GT2 RS/Turbo	fallback	Porsche 911 1976 Coupe 原子事实对应多条候选记录
非皮卡	高度压缩两两组合	Porsche	911/911	911	/	/	3M-0	1965-2016/2020-2024	Convertible/Coupe/Targa/Convertible	Incl: GT2 RS/			1965-2024	Convertible/Coupe/Targa	Incl: GT2 RS	fallback	Porsche 911 2017 Convertible 原子事实对应多条候选记录
非皮卡	高度压缩两两组合	Porsche	911/911	911	/	/	3M-0	1965-2016/2020-2024	Convertible/Coupe/Targa/Coupe	Incl: GT2 RS/			1965-2024	Convertible/Coupe/Targa	Incl: GT2 RS	fallback	Porsche 911 2017 Convertible 原子事实对应多条候选记录
非皮卡	高度压缩两两组合	Porsche	911/911	911	/	/	3M-0	1965-2016/2021-2024	Convertible/Coupe/Targa/Targa	Incl: GT2 RS/			1965-2024	Convertible/Coupe/Targa	Incl: GT2 RS	fallback	Porsche 911 2017 Convertible 原子事实对应多条候选记录
非皮卡	高度压缩两两组合	Porsche	911/911	911	/	/	3M-0	1976-2005/2007-2008	Coupe/Coupe	GT2/GT3/GT3 RS/Turbo/GT3/GT3 RS			1976-2008	Coupe	GT2/GT3/GT3 RS/Turbo	fallback	Porsche 911 2007 Coupe 原子事实对应多条候选记录
非皮卡	高度压缩两两组合	Porsche	911/911	911	/	/	3M-0	1976-2005/2007-2012	Coupe/Coupe	GT2/GT3/GT3 RS/Turbo/Turbo			1976-2012	Coupe	GT2/GT3/GT3 RS/Turbo	fallback	Porsche 911 2007 Coupe 原子事实对应多条候选记录
非皮卡	高度压缩两两组合	Porsche	911/911	911	/	/	3M-0	1976-2005/2008-2009	Coupe/Coupe	GT2/GT3/GT3 RS/Turbo/GT2			1976-2009	Coupe	GT2/GT3/GT3 RS/Turbo	fallback	Porsche 911 2007 Coupe 原子事实对应多条候选记录
非皮卡	高度压缩两两组合	Porsche	911/911	911	/	/	3M-0	1976-2005/2010-2011	Coupe/Coupe	GT2/GT3/GT3 RS/Turbo/GT3			1976-2011	Coupe	GT2/GT3/GT3 RS/Turbo	fallback	Porsche 911 2007 Coupe 原子事实对应多条候选记录
非皮卡	高度压缩两两组合	Porsche	911/911	911	/	/	3M-0	1976-2005/2010-2011	Coupe/Coupe	GT2/GT3/GT3 RS/Turbo/GT3 RS			1976-2011	Coupe	GT2/GT3/GT3 RS/Turbo	fallback	Porsche 911 2007 Coupe 原子事实对应多条候选记录
非皮卡	高度压缩两两组合	Porsche	911/911	911	/	/	3M-0	1976-2005/2014-2016	Coupe/Coupe	GT2/GT3/GT3 RS/Turbo/GT3			1976-2016	Coupe	GT2/GT3/GT3 RS/Turbo	fallback	Porsche 911 2007 Coupe 原子事实对应多条候选记录
非皮卡	高度压缩两两组合	Porsche	911/911	911	/	/	3M-0	1976-2005/2014-2019	Coupe/Coupe	GT2/GT3/GT3 RS/Turbo/Turbo			1976-2019	Coupe	GT2/GT3/GT3 RS/Turbo	fallback	Porsche 911 2007 Coupe 原子事实对应多条候选记录
非皮卡	高度压缩两两组合	Porsche	911/911	911	/	/	3M-0	1976-2005/2020-2024	Coupe/Convertible	GT2/GT3/GT3 RS/Turbo/			1976-2024	Convertible/Coupe	Incl: GT2/GT3/GT3 RS/Turbo	fallback	Porsche 911 1976 Coupe 原子事实对应多条候选记录
非皮卡	高度压缩两两组合	Porsche	911/911	911	/	/	3M-0	1976-2005/2020-2024	Coupe/Coupe	GT2/GT3/GT3 RS/Turbo/			1976-2024	Coupe	Incl: GT2/GT3/GT3 RS/Turbo	fallback	Porsche 911 1976 Coupe 原子事实对应多条候选记录
非皮卡	高度压缩两两组合	Porsche	911/911	911	/	/	3M-0	1976-2005/2021-2024	Coupe/Targa	GT2/GT3/GT3 RS/Turbo/			1976-2024	Coupe/Targa	Incl: GT2/GT3/GT3 RS/Turbo	fallback	Porsche 911 1976 Coupe 原子事实对应多条候选记录
非皮卡	高度压缩两两组合	Porsche	911/911	911	/	/	3M-0	2007-2008/2007-2012	Coupe/Coupe	GT3/GT3 RS/Turbo			2007-2012	Coupe	GT3/GT3 RS/Turbo	fallback	Porsche 911 2010 Coupe 原子事实对应多条候选记录
非皮卡	高度压缩两两组合	Porsche	911/911	911	/	/	3M-0	2007-2008/2008-2009	Coupe/Coupe	GT3/GT3 RS/GT2			2007-2009	Coupe	GT2/GT3/GT3 RS	success	
非皮卡	高度压缩两两组合	Porsche	911/911	911	/	/	3M-0	1965-2016/1976-2005	Convertible/Coupe/Targa/Coupe	Incl: GT2 RS/GT2/GT3/GT3 RS/Turbo			1965-2016	Convertible/Coupe/Targa	Incl: GT2/GT2 RS/GT3/GT3 RS/Turbo	fallback	Porsche 911 2007 Coupe 原子事实对应多条候选记录
非皮卡	高度压缩两两组合	Porsche	911/911	911	/	/	3M-0	1965-2016/2007-2009	Convertible/Coupe/Targa/Coupe	Incl: GT2 RS/GT2/GT3/GT3 RS			1965-2016	Convertible/Coupe/Targa	Incl: GT2/GT2 RS/GT3/GT3 RS	fallback	Porsche 911 2002 Coupe 原子事实对应多条候选记录
非皮卡	高度压缩两两组合	Porsche	911/911	911	/	/	3M-0	1965-2016/2007-2012	Convertible/Coupe/Targa/Coupe	Incl: GT2 RS/Turbo			1965-2016	Convertible/Coupe/Targa	Incl: GT2 RS/Turbo	fallback	Porsche 911 1976 Coupe 原子事实对应多条候选记录
非皮卡	高度压缩两两组合	Porsche	911/911	911	/	/	3M-0	1965-2016/2010-2011	Convertible/Coupe/Targa/Coupe	Incl: GT2 RS/GT3			1965-2016	Convertible/Coupe/Targa	Incl: GT2 RS/GT3	fallback	Porsche 911 2004 Coupe 原子事实对应多条候选记录
非皮卡	高度压缩两两组合	Porsche	911/911	911	/	/	3M-0	1965-2016/2010-2011	Convertible/Coupe/Targa/Coupe	Incl: GT2 RS/GT3 RS			1965-2016	Convertible/Coupe/Targa	Incl: GT2 RS/GT3 RS	fallback	Porsche 911 2004 Coupe 原子事实对应多条候选记录
非皮卡	高度压缩两两组合	Porsche	911/911	911	/	/	3M-0	1965-2016/2014-2016	Convertible/Coupe/Targa/Coupe	Incl: GT2 RS/GT3			1965-2016	Convertible/Coupe/Targa	Incl: GT2 RS/GT3	fallback	Porsche 911 2004 Coupe 原子事实对应多条候选记录
非皮卡	高度压缩两两组合	Porsche	911/911	911	/	/	3M-0	1965-2016/2014-2019	Convertible/Coupe/Targa/Coupe	Incl: GT2 RS/Turbo			1965-2019	Convertible/Coupe/Targa	Incl: GT2 RS/Turbo	fallback	Porsche 911 1976 Coupe 原子事实对应多条候选记录
非皮卡	高度压缩两两组合	Porsche	911/911	911	/	/	3M-0	1965-2016/2020-2024	Convertible/Coupe/Targa/Convertible	Incl: GT2 RS/			1965-2024	Convertible/Coupe/Targa	Incl: GT2 RS	fallback	Porsche 911 2017 Convertible 原子事实对应多条候选记录
非皮卡	高度压缩两两组合	Porsche	911/911	911	/	/	3M-0	1965-2016/2020-2024	Convertible/Coupe/Targa/Coupe	Incl: GT2 RS/			1965-2024	Convertible/Coupe/Targa	Incl: GT2 RS	fallback	Porsche 911 2017 Convertible 原子事实对应多条候选记录
非皮卡	高度压缩两两组合	Porsche	911/911	911	/	/	3M-0	1965-2016/2021-2024	Convertible/Coupe/Targa/Targa	Incl: GT2 RS/			1965-2024	Convertible/Coupe/Targa	Incl: GT2 RS	fallback	Porsche 911 2017 Convertible 原子事实对应多条候选记录
非皮卡	高度压缩两两组合	Porsche	911/911	911	/	/	3M-0	1976-2005/2007-2009	Coupe/Coupe	GT2/GT3/GT3 RS/Turbo/GT2/GT3/GT3 RS			1976-2009	Coupe	GT2/GT3/GT3 RS/Turbo	fallback	Porsche 911 2007 Coupe 原子事实对应多条候选记录
非皮卡	高度压缩两两组合	Porsche	911/911	911	/	/	3M-0	1976-2005/2007-2012	Coupe/Coupe	GT2/GT3/GT3 RS/Turbo/Turbo			1976-2012	Coupe	GT2/GT3/GT3 RS/Turbo	fallback	Porsche 911 2007 Coupe 原子事实对应多条候选记录
非皮卡	高度压缩两两组合	Porsche	911/911	911	/	/	3M-0	1976-2005/2010-2011	Coupe/Coupe	GT2/GT3/GT3 RS/Turbo/GT3			1976-2011	Coupe	GT2/GT3/GT3 RS/Turbo	fallback	Porsche 911 2007 Coupe 原子事实对应多条候选记录
非皮卡	高度压缩两两组合	Porsche	911/911	911	/	/	3M-0	1976-2005/2010-2011	Coupe/Coupe	GT2/GT3/GT3 RS/Turbo/GT3 RS			1976-2011	Coupe	GT2/GT3/GT3 RS/Turbo	fallback	Porsche 911 2007 Coupe 原子事实对应多条候选记录
非皮卡	高度压缩两两组合	Porsche	911/911	911	/	/	3M-0	1976-2005/2014-2016	Coupe/Coupe	GT2/GT3/GT3 RS/Turbo/GT3			1976-2016	Coupe	GT2/GT3/GT3 RS/Turbo	fallback	Porsche 911 2007 Coupe 原子事实对应多条候选记录
非皮卡	高度压缩两两组合	Porsche	911/911	911	/	/	3M-0	1976-2005/2014-2019	Coupe/Coupe	GT2/GT3/GT3 RS/Turbo/Turbo			1976-2019	Coupe	GT2/GT3/GT3 RS/Turbo	fallback	Porsche 911 2007 Coupe 原子事实对应多条候选记录
非皮卡	高度压缩两两组合	Porsche	911/911	911	/	/	3M-0	1976-2005/2020-2024	Coupe/Convertible	GT2/GT3/GT3 RS/Turbo/			1976-2024	Convertible/Coupe	Incl: GT2/GT3/GT3 RS/Turbo	fallback	Porsche 911 1976 Coupe 原子事实对应多条候选记录
非皮卡	高度压缩两两组合	Porsche	911/911	911	/	/	3M-0	1976-2005/2020-2024	Coupe/Coupe	GT2/GT3/GT3 RS/Turbo/			1976-2024	Coupe	Incl: GT2/GT3/GT3 RS/Turbo	fallback	Porsche 911 1976 Coupe 原子事实对应多条候选记录
非皮卡	高度压缩两两组合	Porsche	911/911	911	/	/	3M-0	1976-2005/2021-2024	Coupe/Targa	GT2/GT3/GT3 RS/Turbo/			1976-2024	Coupe/Targa	Incl: GT2/GT3/GT3 RS/Turbo	fallback	Porsche 911 1976 Coupe 原子事实对应多条候选记录
非皮卡	高度压缩两两组合	Porsche	911/911	911	/	/	3M-0	2007-2009/2007-2012	Coupe/Coupe	GT2/GT3/GT3 RS/Turbo			2007-2012	Coupe	GT2/GT3/GT3 RS/Turbo	fallback	Porsche 911 2010 Coupe 原子事实对应多条候选记录
非皮卡	高度压缩两两组合	Porsche	911/911	911	/	/	3M-0	2007-2009/2010-2011	Coupe/Coupe	GT2/GT3/GT3 RS/GT3			2007-2011	Coupe	GT2/GT3/GT3 RS	fallback	Porsche 911 2010 Coupe 原子事实对应多条候选记录
非皮卡	高度压缩两两组合	Porsche	911/911	911	/	/	3M-0	2007-2009/2010-2011	Coupe/Coupe	GT2/GT3/GT3 RS/GT3 RS			2007-2011	Coupe	GT2/GT3/GT3 RS	fallback	Porsche 911 2010 Coupe 原子事实对应多条候选记录
非皮卡	高度压缩两两组合	Porsche	911/911	911	/	/	3M-0	2007-2009/2014-2016	Coupe/Coupe	GT2/GT3/GT3 RS/GT3			2007-2016	Coupe	GT2/GT3/GT3 RS	fallback	Porsche 911 2010 Coupe 原子事实对应多条候选记录
非皮卡	高度压缩两两组合	Porsche	911/911	911	/	/	3M-0	2007-2009/2014-2019	Coupe/Coupe	GT2/GT3/GT3 RS/Turbo			2007-2019	Coupe	GT2/GT3/GT3 RS/Turbo	fallback	Porsche 911 2007 Coupe 原子事实对应多条候选记录
非皮卡	高度压缩两两组合	Porsche	911/911	911	/	/	3M-0	2007-2009/2020-2024	Coupe/Convertible	GT2/GT3/GT3 RS/			2007-2024	Convertible/Coupe	Incl: GT2/GT3/GT3 RS	fallback	Porsche 911 2007 Convertible 原子事实对应多条候选记录
非皮卡	高度压缩两两组合	Porsche	911/911	911	/	/	3M-0	2007-2009/2020-2024	Coupe/Coupe	GT2/GT3/GT3 RS/			2007-2024	Coupe	Incl: GT2/GT3/GT3 RS	fallback	Porsche 911 2007 Coupe 原子事实对应多条候选记录
非皮卡	高度压缩两两组合	Porsche	911/911	911	/	/	3M-0	2007-2009/2021-2024	Coupe/Targa	GT2/GT3/GT3 RS/			2007-2024	Coupe/Targa	Incl: GT2/GT3/GT3 RS	fallback	Porsche 911 2007 Coupe 原子事实对应多条候选记录
非皮卡	高度压缩两两组合	Porsche	911/911	911	/	/	3M-0	2007-2012/2010-2011	Coupe/Coupe	Turbo/GT3			2007-2012	Coupe	GT3/Turbo	fallback	Porsche 911 2007 Coupe 原子事实对应多条候选记录
非皮卡	高度压缩两两组合	Porsche	911/911	911	/	/	3M-0	2007-2012/2010-2011	Coupe/Coupe	Turbo/GT3 RS			2007-2012	Coupe	GT3 RS/Turbo	fallback	Porsche 911 2007 Coupe 原子事实对应多条候选记录
非皮卡	高度压缩两两组合	Porsche	911/911	911	/	/	3M-0	2007-2012/2014-2016	Coupe/Coupe	Turbo/GT3			2007-2016	Coupe	GT3/Turbo	fallback	Porsche 911 2007 Coupe 原子事实对应多条候选记录
非皮卡	高度压缩两两组合	Porsche	911/911	911	/	/	3M-0	2007-2012/2014-2019	Coupe/Coupe	Turbo/Turbo			2007-2019	Coupe	Turbo	success	
非皮卡	高度压缩两两组合	Porsche	911/911	911	/	/	3M-0	1965-2016/1976-2005	Convertible/Coupe/Targa/Coupe	Incl: GT2 RS/GT2/GT3/GT3 RS/Turbo			1965-2016	Convertible/Coupe/Targa	Incl: GT2/GT2 RS/GT3/GT3 RS/Turbo	fallback	Porsche 911 2007 Coupe 原子事实对应多条候选记录
非皮卡	高度压缩两两组合	Porsche	911/911	911	/	/	3M-0	1965-2016/2007-2009	Convertible/Coupe/Targa/Coupe	Incl: GT2 RS/GT2/GT3/GT3 RS			1965-2016	Convertible/Coupe/Targa	Incl: GT2/GT2 RS/GT3/GT3 RS	fallback	Porsche 911 2002 Coupe 原子事实对应多条候选记录
非皮卡	高度压缩两两组合	Porsche	911/911	911	/	/	3M-0	1965-2016/2007-2019	Convertible/Coupe/Targa/Coupe	Incl: GT2 RS/Turbo			1965-2019	Convertible/Coupe/Targa	Incl: GT2 RS/Turbo	fallback	Porsche 911 1976 Coupe 原子事实对应多条候选记录
非皮卡	高度压缩两两组合	Porsche	911/911	911	/	/	3M-0	1965-2016/2010-2011	Convertible/Coupe/Targa/Coupe	Incl: GT2 RS/GT3			1965-2016	Convertible/Coupe/Targa	Incl: GT2 RS/GT3	fallback	Porsche 911 2004 Coupe 原子事实对应多条候选记录
非皮卡	高度压缩两两组合	Porsche	911/911	911	/	/	3M-0	1965-2016/2010-2011	Convertible/Coupe/Targa/Coupe	Incl: GT2 RS/GT3 RS			1965-2016	Convertible/Coupe/Targa	Incl: GT2 RS/GT3 RS	fallback	Porsche 911 2004 Coupe 原子事实对应多条候选记录
非皮卡	高度压缩两两组合	Porsche	911/911	911	/	/	3M-0	1965-2016/2014-2016	Convertible/Coupe/Targa/Coupe	Incl: GT2 RS/GT3			1965-2016	Convertible/Coupe/Targa	Incl: GT2 RS/GT3	fallback	Porsche 911 2004 Coupe 原子事实对应多条候选记录
非皮卡	高度压缩两两组合	Porsche	911/911	911	/	/	3M-0	1965-2016/2020-2024	Convertible/Coupe/Targa/Convertible	Incl: GT2 RS/			1965-2024	Convertible/Coupe/Targa	Incl: GT2 RS	fallback	Porsche 911 2017 Convertible 原子事实对应多条候选记录
非皮卡	高度压缩两两组合	Porsche	911/911	911	/	/	3M-0	1965-2016/2020-2024	Convertible/Coupe/Targa/Coupe	Incl: GT2 RS/			1965-2024	Convertible/Coupe/Targa	Incl: GT2 RS	fallback	Porsche 911 2017 Convertible 原子事实对应多条候选记录
非皮卡	高度压缩两两组合	Porsche	911/911	911	/	/	3M-0	1965-2016/2021-2024	Convertible/Coupe/Targa/Targa	Incl: GT2 RS/			1965-2024	Convertible/Coupe/Targa	Incl: GT2 RS	fallback	Porsche 911 2017 Convertible 原子事实对应多条候选记录
非皮卡	高度压缩两两组合	Porsche	911/911	911	/	/	3M-0	1976-2005/2007-2009	Coupe/Coupe	GT2/GT3/GT3 RS/Turbo/GT2/GT3/GT3 RS			1976-2009	Coupe	GT2/GT3/GT3 RS/Turbo	fallback	Porsche 911 2007 Coupe 原子事实对应多条候选记录
非皮卡	高度压缩两两组合	Porsche	911/911	911	/	/	3M-0	1976-2005/2007-2019	Coupe/Coupe	GT2/GT3/GT3 RS/Turbo/Turbo			1976-2019	Coupe	GT2/GT3/GT3 RS/Turbo	fallback	Porsche 911 2007 Coupe 原子事实对应多条候选记录
非皮卡	高度压缩两两组合	Porsche	911/911	911	/	/	3M-0	1976-2005/2010-2011	Coupe/Coupe	GT2/GT3/GT3 RS/Turbo/GT3			1976-2011	Coupe	GT2/GT3/GT3 RS/Turbo	fallback	Porsche 911 2007 Coupe 原子事实对应多条候选记录
非皮卡	高度压缩两两组合	Porsche	911/911	911	/	/	3M-0	1976-2005/2010-2011	Coupe/Coupe	GT2/GT3/GT3 RS/Turbo/GT3 RS			1976-2011	Coupe	GT2/GT3/GT3 RS/Turbo	fallback	Porsche 911 2007 Coupe 原子事实对应多条候选记录
非皮卡	高度压缩两两组合	Porsche	911/911	911	/	/	3M-0	1976-2005/2014-2016	Coupe/Coupe	GT2/GT3/GT3 RS/Turbo/GT3			1976-2016	Coupe	GT2/GT3/GT3 RS/Turbo	fallback	Porsche 911 2007 Coupe 原子事实对应多条候选记录
非皮卡	高度压缩两两组合	Porsche	911/911	911	/	/	3M-0	1976-2005/2020-2024	Coupe/Convertible	GT2/GT3/GT3 RS/Turbo/			1976-2024	Convertible/Coupe	Incl: GT2/GT3/GT3 RS/Turbo	fallback	Porsche 911 1976 Coupe 原子事实对应多条候选记录
非皮卡	高度压缩两两组合	Porsche	911/911	911	/	/	3M-0	1976-2005/2020-2024	Coupe/Coupe	GT2/GT3/GT3 RS/Turbo/			1976-2024	Coupe	Incl: GT2/GT3/GT3 RS/Turbo	fallback	Porsche 911 1976 Coupe 原子事实对应多条候选记录
非皮卡	高度压缩两两组合	Porsche	911/911	911	/	/	3M-0	1976-2005/2021-2024	Coupe/Targa	GT2/GT3/GT3 RS/Turbo/			1976-2024	Coupe/Targa	Incl: GT2/GT3/GT3 RS/Turbo	fallback	Porsche 911 1976 Coupe 原子事实对应多条候选记录
非皮卡	高度压缩两两组合	Porsche	911/911	911	/	/	3M-0	2007-2009/2007-2019	Coupe/Coupe	GT2/GT3/GT3 RS/Turbo			2007-2019	Coupe	GT2/GT3/GT3 RS/Turbo	fallback	Porsche 911 2010 Coupe 原子事实对应多条候选记录
非皮卡	高度压缩两两组合	Porsche	911/911	911	/	/	3M-0	2007-2009/2010-2011	Coupe/Coupe	GT2/GT3/GT3 RS/GT3			2007-2011	Coupe	GT2/GT3/GT3 RS	fallback	Porsche 911 2010 Coupe 原子事实对应多条候选记录
非皮卡	高度压缩两两组合	Porsche	911/911	911	/	/	3M-0	2007-2009/2010-2011	Coupe/Coupe	GT2/GT3/GT3 RS/GT3 RS			2007-2011	Coupe	GT2/GT3/GT3 RS	fallback	Porsche 911 2010 Coupe 原子事实对应多条候选记录
非皮卡	高度压缩两两组合	Porsche	911/911	911	/	/	3M-0	2007-2009/2014-2016	Coupe/Coupe	GT2/GT3/GT3 RS/GT3			2007-2016	Coupe	GT2/GT3/GT3 RS	fallback	Porsche 911 2010 Coupe 原子事实对应多条候选记录
非皮卡	高度压缩两两组合	Porsche	911/911	911	/	/	3M-0	2007-2009/2020-2024	Coupe/Convertible	GT2/GT3/GT3 RS/			2007-2024	Convertible/Coupe	Incl: GT2/GT3/GT3 RS	fallback	Porsche 911 2007 Convertible 原子事实对应多条候选记录
非皮卡	高度压缩两两组合	Porsche	911/911	911	/	/	3M-0	2007-2009/2020-2024	Coupe/Coupe	GT2/GT3/GT3 RS/			2007-2024	Coupe	Incl: GT2/GT3/GT3 RS	fallback	Porsche 911 2007 Coupe 原子事实对应多条候选记录
非皮卡	高度压缩两两组合	Porsche	911/911	911	/	/	3M-0	2007-2009/2021-2024	Coupe/Targa	GT2/GT3/GT3 RS/			2007-2024	Coupe/Targa	Incl: GT2/GT3/GT3 RS	fallback	Porsche 911 2007 Coupe 原子事实对应多条候选记录
非皮卡	高度压缩两两组合	Porsche	911/911	911	/	/	3M-0	2007-2019/2010-2011	Coupe/Coupe	Turbo/GT3			2007-2019	Coupe	GT3/Turbo	fallback	Porsche 911 2007 Coupe 原子事实对应多条候选记录
非皮卡	高度压缩两两组合	Porsche	911/911	911	/	/	3M-0	2007-2019/2010-2011	Coupe/Coupe	Turbo/GT3 RS			2007-2019	Coupe	GT3 RS/Turbo	fallback	Porsche 911 2007 Coupe 原子事实对应多条候选记录
非皮卡	高度压缩两两组合	Porsche	911/911	911	/	/	3M-0	2007-2019/2014-2016	Coupe/Coupe	Turbo/GT3			2007-2019	Coupe	GT3/Turbo	fallback	Porsche 911 2007 Coupe 原子事实对应多条候选记录
非皮卡	高度压缩两两组合	Porsche	911/911	911	/	/	3M-0	2007-2019/2020-2024	Coupe/Convertible	Turbo/			2007-2024	Convertible/Coupe	Incl: Turbo	fallback	Porsche 911 2007 Convertible 原子事实对应多条候选记录
非皮卡	高度压缩两两组合	Porsche	911/911	911	/	/	3M-0	2007-2019/2020-2024	Coupe/Coupe	Turbo/			2007-2024	Coupe	Incl: Turbo	fallback	Porsche 911 2007 Coupe 原子事实对应多条候选记录
非皮卡	高度压缩两两组合	Porsche	911/911	911	/	/	3M-0	2007-2019/2021-2024	Coupe/Targa	Turbo/			2007-2024	Coupe/Targa	Incl: Turbo	fallback	Porsche 911 2007 Coupe 原子事实对应多条候选记录
非皮卡	高度压缩两两组合	Porsche	911/911	911	/	/	3M-0	2010-2011/2010-2011	Coupe/Coupe	GT3/GT3 RS			2010-2011	Coupe	GT3/GT3 RS	success	
非皮卡	高度压缩两两组合	Porsche	911/911	911	/	/	3M-0	1965-2016/1976-2005	Convertible/Coupe/Targa/Coupe	Incl: GT2 RS/GT2/GT3/GT3 RS/Turbo			1965-2016	Convertible/Coupe/Targa	Incl: GT2/GT2 RS/GT3/GT3 RS/Turbo	fallback	Porsche 911 2007 Coupe 原子事实对应多条候选记录
非皮卡	高度压缩两两组合	Porsche	911/911	911	/	/	3M-0	1965-2016/2007-2009	Convertible/Coupe/Targa/Coupe	Incl: GT2 RS/GT2/GT3/GT3 RS			1965-2016	Convertible/Coupe/Targa	Incl: GT2/GT2 RS/GT3/GT3 RS	fallback	Porsche 911 2002 Coupe 原子事实对应多条候选记录
非皮卡	高度压缩两两组合	Porsche	911/911	911	/	/	3M-0	1965-2016/2007-2019	Convertible/Coupe/Targa/Coupe	Incl: GT2 RS/Turbo			1965-2019	Convertible/Coupe/Targa	Incl: GT2 RS/Turbo	fallback	Porsche 911 1976 Coupe 原子事实对应多条候选记录
非皮卡	高度压缩两两组合	Porsche	911/911	911	/	/	3M-0	1965-2016/2010-2011	Convertible/Coupe/Targa/Coupe	Incl: GT2 RS/GT3/GT3 RS			1965-2016	Convertible/Coupe/Targa	Incl: GT2 RS/GT3/GT3 RS	fallback	Porsche 911 2004 Coupe 原子事实对应多条候选记录
非皮卡	高度压缩两两组合	Porsche	911/911	911	/	/	3M-0	1965-2016/2014-2016	Convertible/Coupe/Targa/Coupe	Incl: GT2 RS/GT3			1965-2016	Convertible/Coupe/Targa	Incl: GT2 RS/GT3	fallback	Porsche 911 2004 Coupe 原子事实对应多条候选记录
非皮卡	高度压缩两两组合	Porsche	911/911	911	/	/	3M-0	1965-2016/2020-2024	Convertible/Coupe/Targa/Convertible	Incl: GT2 RS/			1965-2024	Convertible/Coupe/Targa	Incl: GT2 RS	fallback	Porsche 911 2017 Convertible 原子事实对应多条候选记录
非皮卡	高度压缩两两组合	Porsche	911/911	911	/	/	3M-0	1965-2016/2020-2024	Convertible/Coupe/Targa/Coupe	Incl: GT2 RS/			1965-2024	Convertible/Coupe/Targa	Incl: GT2 RS	fallback	Porsche 911 2017 Convertible 原子事实对应多条候选记录
非皮卡	高度压缩两两组合	Porsche	911/911	911	/	/	3M-0	1965-2016/2021-2024	Convertible/Coupe/Targa/Targa	Incl: GT2 RS/			1965-2024	Convertible/Coupe/Targa	Incl: GT2 RS	fallback	Porsche 911 2017 Convertible 原子事实对应多条候选记录
非皮卡	高度压缩两两组合	Porsche	911/911	911	/	/	3M-0	1976-2005/2007-2009	Coupe/Coupe	GT2/GT3/GT3 RS/Turbo/GT2/GT3/GT3 RS			1976-2009	Coupe	GT2/GT3/GT3 RS/Turbo	fallback	Porsche 911 2007 Coupe 原子事实对应多条候选记录
非皮卡	高度压缩两两组合	Porsche	911/911	911	/	/	3M-0	1976-2005/2007-2019	Coupe/Coupe	GT2/GT3/GT3 RS/Turbo/Turbo			1976-2019	Coupe	GT2/GT3/GT3 RS/Turbo	fallback	Porsche 911 2007 Coupe 原子事实对应多条候选记录
非皮卡	高度压缩两两组合	Porsche	911/911	911	/	/	3M-0	1976-2005/2010-2011	Coupe/Coupe	GT2/GT3/GT3 RS/Turbo/GT3/GT3 RS			1976-2011	Coupe	GT2/GT3/GT3 RS/Turbo	fallback	Porsche 911 2007 Coupe 原子事实对应多条候选记录
非皮卡	高度压缩两两组合	Porsche	911/911	911	/	/	3M-0	1976-2005/2014-2016	Coupe/Coupe	GT2/GT3/GT3 RS/Turbo/GT3			1976-2016	Coupe	GT2/GT3/GT3 RS/Turbo	fallback	Porsche 911 2007 Coupe 原子事实对应多条候选记录
非皮卡	高度压缩两两组合	Porsche	911/911	911	/	/	3M-0	1976-2005/2020-2024	Coupe/Convertible	GT2/GT3/GT3 RS/Turbo/			1976-2024	Convertible/Coupe	Incl: GT2/GT3/GT3 RS/Turbo	fallback	Porsche 911 1976 Coupe 原子事实对应多条候选记录
非皮卡	高度压缩两两组合	Porsche	911/911	911	/	/	3M-0	1976-2005/2020-2024	Coupe/Coupe	GT2/GT3/GT3 RS/Turbo/			1976-2024	Coupe	Incl: GT2/GT3/GT3 RS/Turbo	fallback	Porsche 911 1976 Coupe 原子事实对应多条候选记录
非皮卡	高度压缩两两组合	Porsche	911/911	911	/	/	3M-0	1976-2005/2021-2024	Coupe/Targa	GT2/GT3/GT3 RS/Turbo/			1976-2024	Coupe/Targa	Incl: GT2/GT3/GT3 RS/Turbo	fallback	Porsche 911 1976 Coupe 原子事实对应多条候选记录
非皮卡	高度压缩两两组合	Porsche	911/911	911	/	/	3M-0	2007-2009/2007-2019	Coupe/Coupe	GT2/GT3/GT3 RS/Turbo			2007-2019	Coupe	GT2/GT3/GT3 RS/Turbo	fallback	Porsche 911 2010 Coupe 原子事实对应多条候选记录
非皮卡	高度压缩两两组合	Porsche	911/911	911	/	/	3M-0	2007-2009/2010-2011	Coupe/Coupe	GT2/GT3/GT3 RS/GT3/GT3 RS			2007-2011	Coupe	GT2/GT3/GT3 RS	success	
非皮卡	高度压缩两两组合	Porsche	911/911	911	/	/	3M-0	1965-2016/1976-2005	Convertible/Coupe/Targa/Coupe	Incl: GT2 RS/GT2/GT3/GT3 RS/Turbo			1965-2016	Convertible/Coupe/Targa	Incl: GT2/GT2 RS/GT3/GT3 RS/Turbo	fallback	Porsche 911 2007 Coupe 原子事实对应多条候选记录
非皮卡	高度压缩两两组合	Porsche	911/911	911	/	/	3M-0	1965-2016/2007-2011	Convertible/Coupe/Targa/Coupe	Incl: GT2 RS/GT2/GT3/GT3 RS			1965-2016	Convertible/Coupe/Targa	Incl: GT2/GT2 RS/GT3/GT3 RS	fallback	Porsche 911 2002 Coupe 原子事实对应多条候选记录
非皮卡	高度压缩两两组合	Porsche	911/911	911	/	/	3M-0	1965-2016/2007-2019	Convertible/Coupe/Targa/Coupe	Incl: GT2 RS/Turbo			1965-2019	Convertible/Coupe/Targa	Incl: GT2 RS/Turbo	fallback	Porsche 911 1976 Coupe 原子事实对应多条候选记录
非皮卡	高度压缩两两组合	Porsche	911/911	911	/	/	3M-0	1965-2016/2014-2016	Convertible/Coupe/Targa/Coupe	Incl: GT2 RS/GT3			1965-2016	Convertible/Coupe/Targa	Incl: GT2 RS/GT3	fallback	Porsche 911 2004 Coupe 原子事实对应多条候选记录
非皮卡	高度压缩两两组合	Porsche	911/911	911	/	/	3M-0	1965-2016/2020-2024	Convertible/Coupe/Targa/Convertible	Incl: GT2 RS/			1965-2024	Convertible/Coupe/Targa	Incl: GT2 RS	fallback	Porsche 911 2017 Convertible 原子事实对应多条候选记录
非皮卡	高度压缩两两组合	Porsche	911/911	911	/	/	3M-0	1965-2016/2020-2024	Convertible/Coupe/Targa/Coupe	Incl: GT2 RS/			1965-2024	Convertible/Coupe/Targa	Incl: GT2 RS	fallback	Porsche 911 2017 Convertible 原子事实对应多条候选记录
非皮卡	高度压缩两两组合	Porsche	911/911	911	/	/	3M-0	1965-2016/2021-2024	Convertible/Coupe/Targa/Targa	Incl: GT2 RS/			1965-2024	Convertible/Coupe/Targa	Incl: GT2 RS	fallback	Porsche 911 2017 Convertible 原子事实对应多条候选记录
非皮卡	高度压缩两两组合	Porsche	911/911	911	/	/	3M-0	1976-2005/2007-2011	Coupe/Coupe	GT2/GT3/GT3 RS/Turbo/GT2/GT3/GT3 RS			1976-2011	Coupe	GT2/GT3/GT3 RS/Turbo	fallback	Porsche 911 2007 Coupe 原子事实对应多条候选记录
非皮卡	高度压缩两两组合	Porsche	911/911	911	/	/	3M-0	1976-2005/2007-2019	Coupe/Coupe	GT2/GT3/GT3 RS/Turbo/Turbo			1976-2019	Coupe	GT2/GT3/GT3 RS/Turbo	fallback	Porsche 911 2007 Coupe 原子事实对应多条候选记录
非皮卡	高度压缩两两组合	Porsche	911/911	911	/	/	3M-0	1976-2005/2014-2016	Coupe/Coupe	GT2/GT3/GT3 RS/Turbo/GT3			1976-2016	Coupe	GT2/GT3/GT3 RS/Turbo	fallback	Porsche 911 2007 Coupe 原子事实对应多条候选记录
非皮卡	高度压缩两两组合	Porsche	911/911	911	/	/	3M-0	1976-2005/2020-2024	Coupe/Convertible	GT2/GT3/GT3 RS/Turbo/			1976-2024	Convertible/Coupe	Incl: GT2/GT3/GT3 RS/Turbo	fallback	Porsche 911 1976 Coupe 原子事实对应多条候选记录
非皮卡	高度压缩两两组合	Porsche	911/911	911	/	/	3M-0	1976-2005/2020-2024	Coupe/Coupe	GT2/GT3/GT3 RS/Turbo/			1976-2024	Coupe	Incl: GT2/GT3/GT3 RS/Turbo	fallback	Porsche 911 1976 Coupe 原子事实对应多条候选记录
非皮卡	高度压缩两两组合	Porsche	911/911	911	/	/	3M-0	1976-2005/2021-2024	Coupe/Targa	GT2/GT3/GT3 RS/Turbo/			1976-2024	Coupe/Targa	Incl: GT2/GT3/GT3 RS/Turbo	fallback	Porsche 911 1976 Coupe 原子事实对应多条候选记录
非皮卡	高度压缩两两组合	Porsche	911/911	911	/	/	3M-0	2007-2011/2007-2019	Coupe/Coupe	GT2/GT3/GT3 RS/Turbo			2007-2019	Coupe	GT2/GT3/GT3 RS/Turbo	fallback	Porsche 911 2014 Coupe 原子事实对应多条候选记录
非皮卡	高度压缩两两组合	Porsche	911/911	911	/	/	3M-0	2007-2011/2014-2016	Coupe/Coupe	GT2/GT3/GT3 RS/GT3			2007-2016	Coupe	GT2/GT3/GT3 RS	fallback	Porsche 911 2016 Coupe 原子事实对应多条候选记录
非皮卡	高度压缩两两组合	Porsche	911/911	911	/	/	3M-0	2007-2011/2020-2024	Coupe/Convertible	GT2/GT3/GT3 RS/			2007-2024	Convertible/Coupe	Incl: GT2/GT3/GT3 RS	fallback	Porsche 911 2007 Convertible 原子事实对应多条候选记录
非皮卡	高度压缩两两组合	Porsche	911/911	911	/	/	3M-0	2007-2011/2020-2024	Coupe/Coupe	GT2/GT3/GT3 RS/			2007-2024	Coupe	Incl: GT2/GT3/GT3 RS	fallback	Porsche 911 2007 Coupe 原子事实对应多条候选记录
非皮卡	高度压缩两两组合	Porsche	911/911	911	/	/	3M-0	2007-2011/2021-2024	Coupe/Targa	GT2/GT3/GT3 RS/			2007-2024	Coupe/Targa	Incl: GT2/GT3/GT3 RS	fallback	Porsche 911 2007 Coupe 原子事实对应多条候选记录
非皮卡	高度压缩两两组合	Porsche	911/911	911	/	/	3M-0	2007-2019/2014-2016	Coupe/Coupe	Turbo/GT3			2007-2019	Coupe	GT3/Turbo	fallback	Porsche 911 2007 Coupe 原子事实对应多条候选记录
非皮卡	高度压缩两两组合	Porsche	911/911	911	/	/	3M-0	2007-2019/2020-2024	Coupe/Convertible	Turbo/			2007-2024	Convertible/Coupe	Incl: Turbo	fallback	Porsche 911 2007 Convertible 原子事实对应多条候选记录
非皮卡	高度压缩两两组合	Porsche	911/911	911	/	/	3M-0	2007-2019/2020-2024	Coupe/Coupe	Turbo/			2007-2024	Coupe	Incl: Turbo	fallback	Porsche 911 2007 Coupe 原子事实对应多条候选记录
非皮卡	高度压缩两两组合	Porsche	911/911	911	/	/	3M-0	2007-2019/2021-2024	Coupe/Targa	Turbo/			2007-2024	Coupe/Targa	Incl: Turbo	fallback	Porsche 911 2007 Coupe 原子事实对应多条候选记录
非皮卡	高度压缩两两组合	Porsche	911/911	911	/	/	3M-0	2014-2016/2020-2024	Coupe/Convertible	GT3/			2014-2024	Convertible/Coupe	Incl: GT3	fallback	Porsche 911 2014 Convertible 原子事实对应多条候选记录
非皮卡	高度压缩两两组合	Porsche	911/911	911	/	/	3M-0	2014-2016/2020-2024	Coupe/Coupe	GT3/			2014-2024	Coupe	Incl: GT3	fallback	Porsche 911 2014 Coupe 原子事实对应多条候选记录
非皮卡	高度压缩两两组合	Porsche	911/911	911	/	/	3M-0	2014-2016/2021-2024	Coupe/Targa	GT3/			2014-2024	Coupe/Targa	Incl: GT3	fallback	Porsche 911 2014 Coupe 原子事实对应多条候选记录
非皮卡	高度压缩两两组合	Porsche	911/911	911	/	/	3L-0	2016/2017-2019	Coupe/Convertible	GT3 RS/			2016-2019	Convertible/Coupe	Incl: GT3 RS	fallback	Porsche 911 2016 Convertible 原子事实对应多条候选记录
非皮卡	高度压缩两两组合	Porsche	911/911	911	/	/	3L-0	2016/2017-2019	Coupe/Coupe	GT3 RS/			2016-2019	Coupe	Incl: GT3 RS	fallback	Porsche 911 2016 Coupe 原子事实对应多条候选记录
非皮卡	高度压缩两两组合	Porsche	911/911	911	/	/	3L-0	2016/2018	Coupe/Coupe	GT3 RS/GT2 RS			2016-2018	Coupe	GT2 RS/GT3 RS	success	
非皮卡	高度压缩两两组合	Porsche	911/911	911	/	/	3M-0	1965-2016/1976-2005	Convertible/Coupe/Targa/Coupe	Incl: GT2 RS/GT2/GT3/GT3 RS/Turbo			1965-2016	Convertible/Coupe/Targa	Incl: GT2/GT2 RS/GT3/GT3 RS/Turbo	fallback	Porsche 911 2007 Coupe 原子事实对应多条候选记录
非皮卡	高度压缩两两组合	Porsche	911/911	911	/	/	3M-0	1965-2016/2007-2011	Convertible/Coupe/Targa/Coupe	Incl: GT2 RS/GT2/GT3/GT3 RS			1965-2016	Convertible/Coupe/Targa	Incl: GT2/GT2 RS/GT3/GT3 RS	fallback	Porsche 911 2002 Coupe 原子事实对应多条候选记录
非皮卡	高度压缩两两组合	Porsche	911/911	911	/	/	3M-0	1965-2016/2007-2019	Convertible/Coupe/Targa/Coupe	Incl: GT2 RS/Turbo			1965-2019	Convertible/Coupe/Targa	Incl: GT2 RS/Turbo	fallback	Porsche 911 1976 Coupe 原子事实对应多条候选记录
非皮卡	高度压缩两两组合	Porsche	911/911	911	/	/	3M-0	1965-2016/2014-2016	Convertible/Coupe/Targa/Coupe	Incl: GT2 RS/GT3			1965-2016	Convertible/Coupe/Targa	Incl: GT2 RS/GT3	fallback	Porsche 911 2004 Coupe 原子事实对应多条候选记录
非皮卡	高度压缩两两组合	Porsche	911/911	911	/	/	3M-0	1965-2016/2020-2024	Convertible/Coupe/Targa/Convertible	Incl: GT2 RS/			1965-2024	Convertible/Coupe/Targa	Incl: GT2 RS	fallback	Porsche 911 2017 Convertible 原子事实对应多条候选记录
非皮卡	高度压缩两两组合	Porsche	911/911	911	/	/	3M-0	1965-2016/2020-2024	Convertible/Coupe/Targa/Coupe	Incl: GT2 RS/			1965-2024	Convertible/Coupe/Targa	Incl: GT2 RS	fallback	Porsche 911 2017 Convertible 原子事实对应多条候选记录
非皮卡	高度压缩两两组合	Porsche	911/911	911	/	/	3M-0	1965-2016/2021-2024	Convertible/Coupe/Targa/Targa	Incl: GT2 RS/			1965-2024	Convertible/Coupe/Targa	Incl: GT2 RS	fallback	Porsche 911 2017 Convertible 原子事实对应多条候选记录
非皮卡	高度压缩两两组合	Porsche	911/911	911	/	/	3M-0	1976-2005/2007-2011	Coupe/Coupe	GT2/GT3/GT3 RS/Turbo/GT2/GT3/GT3 RS			1976-2011	Coupe	GT2/GT3/GT3 RS/Turbo	fallback	Porsche 911 2007 Coupe 原子事实对应多条候选记录
非皮卡	高度压缩两两组合	Porsche	911/911	911	/	/	3M-0	1976-2005/2007-2019	Coupe/Coupe	GT2/GT3/GT3 RS/Turbo/Turbo			1976-2019	Coupe	GT2/GT3/GT3 RS/Turbo	fallback	Porsche 911 2007 Coupe 原子事实对应多条候选记录
非皮卡	高度压缩两两组合	Porsche	911/911	911	/	/	3M-0	1976-2005/2014-2016	Coupe/Coupe	GT2/GT3/GT3 RS/Turbo/GT3			1976-2016	Coupe	GT2/GT3/GT3 RS/Turbo	fallback	Porsche 911 2007 Coupe 原子事实对应多条候选记录
非皮卡	高度压缩两两组合	Porsche	911/911	911	/	/	3M-0	1976-2005/2020-2024	Coupe/Convertible	GT2/GT3/GT3 RS/Turbo/			1976-2024	Convertible/Coupe	Incl: GT2/GT3/GT3 RS/Turbo	fallback	Porsche 911 1976 Coupe 原子事实对应多条候选记录
非皮卡	高度压缩两两组合	Porsche	911/911	911	/	/	3M-0	1976-2005/2020-2024	Coupe/Coupe	GT2/GT3/GT3 RS/Turbo/			1976-2024	Coupe	Incl: GT2/GT3/GT3 RS/Turbo	fallback	Porsche 911 1976 Coupe 原子事实对应多条候选记录
非皮卡	高度压缩两两组合	Porsche	911/911	911	/	/	3M-0	1976-2005/2021-2024	Coupe/Targa	GT2/GT3/GT3 RS/Turbo/			1976-2024	Coupe/Targa	Incl: GT2/GT3/GT3 RS/Turbo	fallback	Porsche 911 1976 Coupe 原子事实对应多条候选记录
非皮卡	高度压缩两两组合	Porsche	911/911	911	/	/	3M-0	2007-2011/2007-2019	Coupe/Coupe	GT2/GT3/GT3 RS/Turbo			2007-2019	Coupe	GT2/GT3/GT3 RS/Turbo	fallback	Porsche 911 2014 Coupe 原子事实对应多条候选记录
非皮卡	高度压缩两两组合	Porsche	911/911	911	/	/	3M-0	2007-2011/2014-2016	Coupe/Coupe	GT2/GT3/GT3 RS/GT3			2007-2016	Coupe	GT2/GT3/GT3 RS	fallback	Porsche 911 2016 Coupe 原子事实对应多条候选记录
非皮卡	高度压缩两两组合	Porsche	911/911	911	/	/	3M-0	2007-2011/2020-2024	Coupe/Convertible	GT2/GT3/GT3 RS/			2007-2024	Convertible/Coupe	Incl: GT2/GT3/GT3 RS	fallback	Porsche 911 2007 Convertible 原子事实对应多条候选记录
非皮卡	高度压缩两两组合	Porsche	911/911	911	/	/	3M-0	2007-2011/2020-2024	Coupe/Coupe	GT2/GT3/GT3 RS/			2007-2024	Coupe	Incl: GT2/GT3/GT3 RS	fallback	Porsche 911 2007 Coupe 原子事实对应多条候选记录
非皮卡	高度压缩两两组合	Porsche	911/911	911	/	/	3M-0	2007-2011/2021-2024	Coupe/Targa	GT2/GT3/GT3 RS/			2007-2024	Coupe/Targa	Incl: GT2/GT3/GT3 RS	fallback	Porsche 911 2007 Coupe 原子事实对应多条候选记录
非皮卡	高度压缩两两组合	Porsche	911/911	911	/	/	3M-0	2007-2019/2014-2016	Coupe/Coupe	Turbo/GT3			2007-2019	Coupe	GT3/Turbo	fallback	Porsche 911 2007 Coupe 原子事实对应多条候选记录
非皮卡	高度压缩两两组合	Porsche	911/911	911	/	/	3M-0	2007-2019/2020-2024	Coupe/Convertible	Turbo/			2007-2024	Convertible/Coupe	Incl: Turbo	fallback	Porsche 911 2007 Convertible 原子事实对应多条候选记录
非皮卡	高度压缩两两组合	Porsche	911/911	911	/	/	3M-0	2007-2019/2020-2024	Coupe/Coupe	Turbo/			2007-2024	Coupe	Incl: Turbo	fallback	Porsche 911 2007 Coupe 原子事实对应多条候选记录
非皮卡	高度压缩两两组合	Porsche	911/911	911	/	/	3M-0	2007-2019/2021-2024	Coupe/Targa	Turbo/			2007-2024	Coupe/Targa	Incl: Turbo	fallback	Porsche 911 2007 Coupe 原子事实对应多条候选记录
非皮卡	高度压缩两两组合	Porsche	911/911	911	/	/	3M-0	2014-2016/2020-2024	Coupe/Convertible	GT3/			2014-2024	Convertible/Coupe	Incl: GT3	fallback	Porsche 911 2014 Convertible 原子事实对应多条候选记录
非皮卡	高度压缩两两组合	Porsche	911/911	911	/	/	3M-0	2014-2016/2020-2024	Coupe/Coupe	GT3/			2014-2024	Coupe	Incl: GT3	fallback	Porsche 911 2014 Coupe 原子事实对应多条候选记录
非皮卡	高度压缩两两组合	Porsche	911/911	911	/	/	3M-0	2014-2016/2021-2024	Coupe/Targa	GT3/			2014-2024	Coupe/Targa	Incl: GT3	fallback	Porsche 911 2014 Coupe 原子事实对应多条候选记录
非皮卡	高度压缩两两组合	Porsche	911/911	911	/	/	3L-0	2016-2018/2017-2019	Coupe/Convertible	GT2 RS/GT3 RS/			2016-2019	Convertible/Coupe	Incl: GT2 RS/GT3 RS	fallback	Porsche 911 2016 Convertible 原子事实对应多条候选记录
非皮卡	高度压缩两两组合	Porsche	911/911	911	/	/	3L-0	2016-2018/2017-2019	Coupe/Coupe	GT2 RS/GT3 RS/			2016-2019	Coupe	Incl: GT2 RS/GT3 RS	fallback	Porsche 911 2016 Coupe 原子事实对应多条候选记录
非皮卡	高度压缩两两组合	Porsche	911/911	911	/	/	3L-0	2016-2018/2018-2019	Coupe/Coupe	GT2 RS/GT3 RS/GT3			2016-2019	Coupe	GT2 RS/GT3/GT3 RS	fallback	Porsche 911 2016 Coupe 原子事实对应多条候选记录
非皮卡	高度压缩两两组合	Porsche	911/911	911	/	/	3L-0	2016-2018/2019	Coupe/Convertible	GT2 RS/GT3 RS/Speedster			2016-2019	Convertible/Coupe	GT2 RS/GT3 RS/Speedster	fallback	Porsche 911 2019 Coupe 原子事实对应多条候选记录
非皮卡	高度压缩两两组合	Porsche	911/911	911	/	/	3L-0	2016-2018/2019	Coupe/Coupe	GT2 RS/GT3 RS/GT3 RS			2016-2019	Coupe	GT2 RS/GT3 RS	success	
非皮卡	高度压缩两两组合	Porsche	911/911	911	/	/	3M-0	1965-2016/1976-2005	Convertible/Coupe/Targa/Coupe	Incl: GT2 RS/GT2/GT3/GT3 RS/Turbo			1965-2016	Convertible/Coupe/Targa	Incl: GT2/GT2 RS/GT3/GT3 RS/Turbo	fallback	Porsche 911 2007 Coupe 原子事实对应多条候选记录
非皮卡	高度压缩两两组合	Porsche	911/911	911	/	/	3M-0	1965-2016/2007-2011	Convertible/Coupe/Targa/Coupe	Incl: GT2 RS/GT2/GT3/GT3 RS			1965-2016	Convertible/Coupe/Targa	Incl: GT2/GT2 RS/GT3/GT3 RS	fallback	Porsche 911 2002 Coupe 原子事实对应多条候选记录
非皮卡	高度压缩两两组合	Porsche	911/911	911	/	/	3M-0	1965-2016/2007-2019	Convertible/Coupe/Targa/Coupe	Incl: GT2 RS/Turbo			1965-2019	Convertible/Coupe/Targa	Incl: GT2 RS/Turbo	fallback	Porsche 911 1976 Coupe 原子事实对应多条候选记录
非皮卡	高度压缩两两组合	Porsche	911/911	911	/	/	3M-0	1965-2016/2014-2016	Convertible/Coupe/Targa/Coupe	Incl: GT2 RS/GT3			1965-2016	Convertible/Coupe/Targa	Incl: GT2 RS/GT3	fallback	Porsche 911 2004 Coupe 原子事实对应多条候选记录
非皮卡	高度压缩两两组合	Porsche	911/911	911	/	/	3M-0	1965-2016/2020-2024	Convertible/Coupe/Targa/Convertible	Incl: GT2 RS/			1965-2024	Convertible/Coupe/Targa	Incl: GT2 RS	fallback	Porsche 911 2017 Convertible 原子事实对应多条候选记录
非皮卡	高度压缩两两组合	Porsche	911/911	911	/	/	3M-0	1965-2016/2020-2024	Convertible/Coupe/Targa/Coupe	Incl: GT2 RS/			1965-2024	Convertible/Coupe/Targa	Incl: GT2 RS	fallback	Porsche 911 2017 Convertible 原子事实对应多条候选记录
非皮卡	高度压缩两两组合	Porsche	911/911	911	/	/	3M-0	1965-2016/2021-2024	Convertible/Coupe/Targa/Targa	Incl: GT2 RS/			1965-2024	Convertible/Coupe/Targa	Incl: GT2 RS	fallback	Porsche 911 2017 Convertible 原子事实对应多条候选记录
非皮卡	高度压缩两两组合	Porsche	911/911	911	/	/	3M-0	1976-2005/2007-2011	Coupe/Coupe	GT2/GT3/GT3 RS/Turbo/GT2/GT3/GT3 RS			1976-2011	Coupe	GT2/GT3/GT3 RS/Turbo	fallback	Porsche 911 2007 Coupe 原子事实对应多条候选记录
非皮卡	高度压缩两两组合	Porsche	911/911	911	/	/	3M-0	1976-2005/2007-2019	Coupe/Coupe	GT2/GT3/GT3 RS/Turbo/Turbo			1976-2019	Coupe	GT2/GT3/GT3 RS/Turbo	fallback	Porsche 911 2007 Coupe 原子事实对应多条候选记录
非皮卡	高度压缩两两组合	Porsche	911/911	911	/	/	3M-0	1976-2005/2014-2016	Coupe/Coupe	GT2/GT3/GT3 RS/Turbo/GT3			1976-2016	Coupe	GT2/GT3/GT3 RS/Turbo	fallback	Porsche 911 2007 Coupe 原子事实对应多条候选记录
非皮卡	高度压缩两两组合	Porsche	911/911	911	/	/	3M-0	1976-2005/2020-2024	Coupe/Convertible	GT2/GT3/GT3 RS/Turbo/			1976-2024	Convertible/Coupe	Incl: GT2/GT3/GT3 RS/Turbo	fallback	Porsche 911 1976 Coupe 原子事实对应多条候选记录
非皮卡	高度压缩两两组合	Porsche	911/911	911	/	/	3M-0	1976-2005/2020-2024	Coupe/Coupe	GT2/GT3/GT3 RS/Turbo/			1976-2024	Coupe	Incl: GT2/GT3/GT3 RS/Turbo	fallback	Porsche 911 1976 Coupe 原子事实对应多条候选记录
非皮卡	高度压缩两两组合	Porsche	911/911	911	/	/	3M-0	1976-2005/2021-2024	Coupe/Targa	GT2/GT3/GT3 RS/Turbo/			1976-2024	Coupe/Targa	Incl: GT2/GT3/GT3 RS/Turbo	fallback	Porsche 911 1976 Coupe 原子事实对应多条候选记录
非皮卡	高度压缩两两组合	Porsche	911/911	911	/	/	3M-0	2007-2011/2007-2019	Coupe/Coupe	GT2/GT3/GT3 RS/Turbo			2007-2019	Coupe	GT2/GT3/GT3 RS/Turbo	fallback	Porsche 911 2014 Coupe 原子事实对应多条候选记录
非皮卡	高度压缩两两组合	Porsche	911/911	911	/	/	3M-0	2007-2011/2014-2016	Coupe/Coupe	GT2/GT3/GT3 RS/GT3			2007-2016	Coupe	GT2/GT3/GT3 RS	fallback	Porsche 911 2016 Coupe 原子事实对应多条候选记录
非皮卡	高度压缩两两组合	Porsche	911/911	911	/	/	3M-0	2007-2011/2020-2024	Coupe/Convertible	GT2/GT3/GT3 RS/			2007-2024	Convertible/Coupe	Incl: GT2/GT3/GT3 RS	fallback	Porsche 911 2007 Convertible 原子事实对应多条候选记录
非皮卡	高度压缩两两组合	Porsche	911/911	911	/	/	3M-0	2007-2011/2020-2024	Coupe/Coupe	GT2/GT3/GT3 RS/			2007-2024	Coupe	Incl: GT2/GT3/GT3 RS	fallback	Porsche 911 2007 Coupe 原子事实对应多条候选记录
非皮卡	高度压缩两两组合	Porsche	911/911	911	/	/	3M-0	2007-2011/2021-2024	Coupe/Targa	GT2/GT3/GT3 RS/			2007-2024	Coupe/Targa	Incl: GT2/GT3/GT3 RS	fallback	Porsche 911 2007 Coupe 原子事实对应多条候选记录
非皮卡	高度压缩两两组合	Porsche	911/911	911	/	/	3M-0	2007-2019/2014-2016	Coupe/Coupe	Turbo/GT3			2007-2019	Coupe	GT3/Turbo	fallback	Porsche 911 2007 Coupe 原子事实对应多条候选记录
非皮卡	高度压缩两两组合	Porsche	911/911	911	/	/	3M-0	2007-2019/2020-2024	Coupe/Convertible	Turbo/			2007-2024	Convertible/Coupe	Incl: Turbo	fallback	Porsche 911 2007 Convertible 原子事实对应多条候选记录
非皮卡	高度压缩两两组合	Porsche	911/911	911	/	/	3M-0	2007-2019/2020-2024	Coupe/Coupe	Turbo/			2007-2024	Coupe	Incl: Turbo	fallback	Porsche 911 2007 Coupe 原子事实对应多条候选记录
非皮卡	高度压缩两两组合	Porsche	911/911	911	/	/	3M-0	2007-2019/2021-2024	Coupe/Targa	Turbo/			2007-2024	Coupe/Targa	Incl: Turbo	fallback	Porsche 911 2007 Coupe 原子事实对应多条候选记录
非皮卡	高度压缩两两组合	Porsche	911/911	911	/	/	3M-0	2014-2016/2020-2024	Coupe/Convertible	GT3/			2014-2024	Convertible/Coupe	Incl: GT3	fallback	Porsche 911 2014 Convertible 原子事实对应多条候选记录
非皮卡	高度压缩两两组合	Porsche	911/911	911	/	/	3M-0	2014-2016/2020-2024	Coupe/Coupe	GT3/			2014-2024	Coupe	Incl: GT3	fallback	Porsche 911 2014 Coupe 原子事实对应多条候选记录
非皮卡	高度压缩两两组合	Porsche	911/911	911	/	/	3M-0	2014-2016/2021-2024	Coupe/Targa	GT3/			2014-2024	Coupe/Targa	Incl: GT3	fallback	Porsche 911 2014 Coupe 原子事实对应多条候选记录
非皮卡	高度压缩两两组合	Porsche	911/911	911	/	/	3L-0	2016-2019/2017-2019	Coupe/Convertible	GT2 RS/GT3 RS/			2016-2019	Convertible/Coupe	Incl: GT2 RS/GT3 RS	fallback	Porsche 911 2016 Convertible 原子事实对应多条候选记录
非皮卡	高度压缩两两组合	Porsche	911/911	911	/	/	3L-0	2016-2019/2017-2019	Coupe/Coupe	GT2 RS/GT3 RS/			2016-2019	Coupe	Incl: GT2 RS/GT3 RS	fallback	Porsche 911 2016 Coupe 原子事实对应多条候选记录
非皮卡	高度压缩两两组合	Porsche	911/911	911	/	/	3L-0	2016-2019/2018-2019	Coupe/Coupe	GT2 RS/GT3 RS/GT3			2016-2019	Coupe	GT2 RS/GT3/GT3 RS	fallback	Porsche 911 2016 Coupe 原子事实对应多条候选记录
非皮卡	高度压缩两两组合	Porsche	911/911	911	/	/	3L-0	2016-2019/2019	Coupe/Convertible	GT2 RS/GT3 RS/Speedster			2016-2019	Convertible/Coupe	GT2 RS/GT3 RS/Speedster	success	
非皮卡	高度压缩两两组合	Porsche	911/911	911	/	/	3M-0	1965-2016/1976-2005	Convertible/Coupe/Targa/Coupe	Incl: GT2 RS/GT2/GT3/GT3 RS/Turbo			1965-2016	Convertible/Coupe/Targa	Incl: GT2/GT2 RS/GT3/GT3 RS/Turbo	fallback	Porsche 911 2007 Coupe 原子事实对应多条候选记录
非皮卡	高度压缩两两组合	Porsche	911/911	911	/	/	3M-0	1965-2016/2007-2011	Convertible/Coupe/Targa/Coupe	Incl: GT2 RS/GT2/GT3/GT3 RS			1965-2016	Convertible/Coupe/Targa	Incl: GT2/GT2 RS/GT3/GT3 RS	fallback	Porsche 911 2002 Coupe 原子事实对应多条候选记录
非皮卡	高度压缩两两组合	Porsche	911/911	911	/	/	3M-0	1965-2016/2007-2019	Convertible/Coupe/Targa/Coupe	Incl: GT2 RS/Turbo			1965-2019	Convertible/Coupe/Targa	Incl: GT2 RS/Turbo	fallback	Porsche 911 1976 Coupe 原子事实对应多条候选记录
非皮卡	高度压缩两两组合	Porsche	911/911	911	/	/	3M-0	1965-2016/2014-2016	Convertible/Coupe/Targa/Coupe	Incl: GT2 RS/GT3			1965-2016	Convertible/Coupe/Targa	Incl: GT2 RS/GT3	fallback	Porsche 911 2004 Coupe 原子事实对应多条候选记录
非皮卡	高度压缩两两组合	Porsche	911/911	911	/	/	3M-0	1965-2016/2020-2024	Convertible/Coupe/Targa/Convertible	Incl: GT2 RS/			1965-2024	Convertible/Coupe/Targa	Incl: GT2 RS	fallback	Porsche 911 2017 Convertible 原子事实对应多条候选记录
非皮卡	高度压缩两两组合	Porsche	911/911	911	/	/	3M-0	1965-2016/2020-2024	Convertible/Coupe/Targa/Coupe	Incl: GT2 RS/			1965-2024	Convertible/Coupe/Targa	Incl: GT2 RS	fallback	Porsche 911 2017 Convertible 原子事实对应多条候选记录
非皮卡	高度压缩两两组合	Porsche	911/911	911	/	/	3M-0	1965-2016/2021-2024	Convertible/Coupe/Targa/Targa	Incl: GT2 RS/			1965-2024	Convertible/Coupe/Targa	Incl: GT2 RS	fallback	Porsche 911 2017 Convertible 原子事实对应多条候选记录
非皮卡	高度压缩两两组合	Porsche	911/911	911	/	/	3M-0	1976-2005/2007-2011	Coupe/Coupe	GT2/GT3/GT3 RS/Turbo/GT2/GT3/GT3 RS			1976-2011	Coupe	GT2/GT3/GT3 RS/Turbo	fallback	Porsche 911 2007 Coupe 原子事实对应多条候选记录
非皮卡	高度压缩两两组合	Porsche	911/911	911	/	/	3M-0	1976-2005/2007-2019	Coupe/Coupe	GT2/GT3/GT3 RS/Turbo/Turbo			1976-2019	Coupe	GT2/GT3/GT3 RS/Turbo	fallback	Porsche 911 2007 Coupe 原子事实对应多条候选记录
非皮卡	高度压缩两两组合	Porsche	911/911	911	/	/	3M-0	1976-2005/2014-2016	Coupe/Coupe	GT2/GT3/GT3 RS/Turbo/GT3			1976-2016	Coupe	GT2/GT3/GT3 RS/Turbo	fallback	Porsche 911 2007 Coupe 原子事实对应多条候选记录
非皮卡	高度压缩两两组合	Porsche	911/911	911	/	/	3M-0	1976-2005/2020-2024	Coupe/Convertible	GT2/GT3/GT3 RS/Turbo/			1976-2024	Convertible/Coupe	Incl: GT2/GT3/GT3 RS/Turbo	fallback	Porsche 911 1976 Coupe 原子事实对应多条候选记录
非皮卡	高度压缩两两组合	Porsche	911/911	911	/	/	3M-0	1976-2005/2020-2024	Coupe/Coupe	GT2/GT3/GT3 RS/Turbo/			1976-2024	Coupe	Incl: GT2/GT3/GT3 RS/Turbo	fallback	Porsche 911 1976 Coupe 原子事实对应多条候选记录
非皮卡	高度压缩两两组合	Porsche	911/911	911	/	/	3M-0	1976-2005/2021-2024	Coupe/Targa	GT2/GT3/GT3 RS/Turbo/			1976-2024	Coupe/Targa	Incl: GT2/GT3/GT3 RS/Turbo	fallback	Porsche 911 1976 Coupe 原子事实对应多条候选记录
非皮卡	高度压缩两两组合	Porsche	911/911	911	/	/	3M-0	2007-2011/2007-2019	Coupe/Coupe	GT2/GT3/GT3 RS/Turbo			2007-2019	Coupe	GT2/GT3/GT3 RS/Turbo	fallback	Porsche 911 2014 Coupe 原子事实对应多条候选记录
非皮卡	高度压缩两两组合	Porsche	911/911	911	/	/	3M-0	2007-2011/2014-2016	Coupe/Coupe	GT2/GT3/GT3 RS/GT3			2007-2016	Coupe	GT2/GT3/GT3 RS	fallback	Porsche 911 2016 Coupe 原子事实对应多条候选记录
非皮卡	高度压缩两两组合	Porsche	911/911	911	/	/	3M-0	2007-2011/2020-2024	Coupe/Convertible	GT2/GT3/GT3 RS/			2007-2024	Convertible/Coupe	Incl: GT2/GT3/GT3 RS	fallback	Porsche 911 2007 Convertible 原子事实对应多条候选记录
非皮卡	高度压缩两两组合	Porsche	911/911	911	/	/	3M-0	2007-2011/2020-2024	Coupe/Coupe	GT2/GT3/GT3 RS/			2007-2024	Coupe	Incl: GT2/GT3/GT3 RS	fallback	Porsche 911 2007 Coupe 原子事实对应多条候选记录
非皮卡	高度压缩两两组合	Porsche	911/911	911	/	/	3M-0	2007-2011/2021-2024	Coupe/Targa	GT2/GT3/GT3 RS/			2007-2024	Coupe/Targa	Incl: GT2/GT3/GT3 RS	fallback	Porsche 911 2007 Coupe 原子事实对应多条候选记录
非皮卡	高度压缩两两组合	Porsche	911/911	911	/	/	3M-0	2007-2019/2014-2016	Coupe/Coupe	Turbo/GT3			2007-2019	Coupe	GT3/Turbo	fallback	Porsche 911 2007 Coupe 原子事实对应多条候选记录
非皮卡	高度压缩两两组合	Porsche	911/911	911	/	/	3M-0	2007-2019/2020-2024	Coupe/Convertible	Turbo/			2007-2024	Convertible/Coupe	Incl: Turbo	fallback	Porsche 911 2007 Convertible 原子事实对应多条候选记录
非皮卡	高度压缩两两组合	Porsche	911/911	911	/	/	3M-0	2007-2019/2020-2024	Coupe/Coupe	Turbo/			2007-2024	Coupe	Incl: Turbo	fallback	Porsche 911 2007 Coupe 原子事实对应多条候选记录
非皮卡	高度压缩两两组合	Porsche	911/911	911	/	/	3M-0	2007-2019/2021-2024	Coupe/Targa	Turbo/			2007-2024	Coupe/Targa	Incl: Turbo	fallback	Porsche 911 2007 Coupe 原子事实对应多条候选记录
非皮卡	高度压缩两两组合	Porsche	911/911	911	/	/	3M-0	2014-2016/2020-2024	Coupe/Convertible	GT3/			2014-2024	Convertible/Coupe	Incl: GT3	fallback	Porsche 911 2014 Convertible 原子事实对应多条候选记录
非皮卡	高度压缩两两组合	Porsche	911/911	911	/	/	3M-0	2014-2016/2020-2024	Coupe/Coupe	GT3/			2014-2024	Coupe	Incl: GT3	fallback	Porsche 911 2014 Coupe 原子事实对应多条候选记录
非皮卡	高度压缩两两组合	Porsche	911/911	911	/	/	3M-0	2014-2016/2021-2024	Coupe/Targa	GT3/			2014-2024	Coupe/Targa	Incl: GT3	fallback	Porsche 911 2014 Coupe 原子事实对应多条候选记录
非皮卡	高度压缩两两组合	Porsche	911/911	911	/	/	3L-0	2016-2019/2017-2019	Convertible/Coupe/Convertible	GT2 RS/GT3 RS/Speedster/			2016-2019	Convertible/Coupe	Incl: GT2 RS/GT3 RS/Speedster	fallback	Porsche 911 2016 Convertible 原子事实对应多条候选记录
非皮卡	高度压缩两两组合	Porsche	911/911	911	/	/	3L-0	2016-2019/2017-2019	Convertible/Coupe/Coupe	GT2 RS/GT3 RS/Speedster/			2016-2019	Convertible/Coupe	Incl: GT2 RS/GT3 RS/Speedster	fallback	Porsche 911 2016 Convertible 原子事实对应多条候选记录
非皮卡	高度压缩两两组合	Porsche	911/911	911	/	/	3L-0	2016-2019/2018-2019	Convertible/Coupe/Coupe	GT2 RS/GT3 RS/Speedster/GT3			2016-2019	Convertible/Coupe	GT2 RS/GT3/GT3 RS/Speedster	fallback	Porsche 911 2016 Coupe 原子事实对应多条候选记录
非皮卡	高度压缩两两组合	Porsche	911/911	911	/	/	3L-0	2016-2019/2021-2026	Convertible/Coupe/Coupe	GT2 RS/GT3 RS/Speedster/Turbo			2016-2026	Convertible/Coupe	GT2 RS/GT3 RS/Speedster/Turbo	fallback	Porsche 911 2016 Coupe 原子事实对应多条候选记录
非皮卡	高度压缩两两组合	Porsche	911/911	911	/	/	3L-0	2016-2019/2022-2024	Convertible/Coupe/Coupe	GT2 RS/GT3 RS/Speedster/GT3/GT3 RS			2016-2024	Convertible/Coupe	GT2 RS/GT3/GT3 RS/Speedster	fallback	Porsche 911 2016 Coupe 原子事实对应多条候选记录
非皮卡	高度压缩两两组合	Porsche	911/911	911	/	/	3L-0	2016-2019/2023-2024	Convertible/Coupe/Coupe	GT2 RS/GT3 RS/Speedster/Dakar			2016-2024	Convertible/Coupe	Dakar/GT2 RS/GT3 RS/Speedster	fallback	Porsche 911 2022 Coupe 原子事实对应多条候选记录
非皮卡	高度压缩两两组合	Porsche	911/911	911	/	/	3L-0	2016-2019/2025	Convertible/Coupe/Coupe	GT2 RS/GT3 RS/Speedster/GT3 RS			2016-2025	Convertible/Coupe	GT2 RS/GT3 RS/Speedster	fallback	Porsche 911 2022 Coupe 原子事实对应多条候选记录
非皮卡	高度压缩两两组合	Porsche	911/911	911	/	/	3L-0	2016-2019/2025-2026	Convertible/Coupe/Coupe	GT2 RS/GT3 RS/Speedster/			2016-2026	Convertible/Coupe	Incl: GT2 RS/GT3 RS/Speedster	fallback	Porsche 911 2016 Convertible 原子事实对应多条候选记录
非皮卡	高度压缩两两组合	Porsche	911/911	911	/	/	3L-0	2017-2019/2017-2019	Convertible/Coupe	/			2017-2019	Convertible/Coupe		success	
非皮卡	高度压缩两两组合	Porsche	911/911	911	/	/	3M-0	1965-2016/1976-2005	Convertible/Coupe/Targa/Coupe	Incl: GT2 RS/GT2/GT3/GT3 RS/Turbo			1965-2016	Convertible/Coupe/Targa	Incl: GT2/GT2 RS/GT3/GT3 RS/Turbo	fallback	Porsche 911 2007 Coupe 原子事实对应多条候选记录
非皮卡	高度压缩两两组合	Porsche	911/911	911	/	/	3M-0	1965-2016/2007-2011	Convertible/Coupe/Targa/Coupe	Incl: GT2 RS/GT2/GT3/GT3 RS			1965-2016	Convertible/Coupe/Targa	Incl: GT2/GT2 RS/GT3/GT3 RS	fallback	Porsche 911 2002 Coupe 原子事实对应多条候选记录
非皮卡	高度压缩两两组合	Porsche	911/911	911	/	/	3M-0	1965-2016/2007-2019	Convertible/Coupe/Targa/Coupe	Incl: GT2 RS/Turbo			1965-2019	Convertible/Coupe/Targa	Incl: GT2 RS/Turbo	fallback	Porsche 911 1976 Coupe 原子事实对应多条候选记录
非皮卡	高度压缩两两组合	Porsche	911/911	911	/	/	3M-0	1965-2016/2014-2016	Convertible/Coupe/Targa/Coupe	Incl: GT2 RS/GT3			1965-2016	Convertible/Coupe/Targa	Incl: GT2 RS/GT3	fallback	Porsche 911 2004 Coupe 原子事实对应多条候选记录
非皮卡	高度压缩两两组合	Porsche	911/911	911	/	/	3M-0	1965-2016/2020-2024	Convertible/Coupe/Targa/Convertible	Incl: GT2 RS/			1965-2024	Convertible/Coupe/Targa	Incl: GT2 RS	fallback	Porsche 911 2017 Convertible 原子事实对应多条候选记录
非皮卡	高度压缩两两组合	Porsche	911/911	911	/	/	3M-0	1965-2016/2020-2024	Convertible/Coupe/Targa/Coupe	Incl: GT2 RS/			1965-2024	Convertible/Coupe/Targa	Incl: GT2 RS	fallback	Porsche 911 2017 Convertible 原子事实对应多条候选记录
非皮卡	高度压缩两两组合	Porsche	911/911	911	/	/	3M-0	1965-2016/2021-2024	Convertible/Coupe/Targa/Targa	Incl: GT2 RS/			1965-2024	Convertible/Coupe/Targa	Incl: GT2 RS	fallback	Porsche 911 2017 Convertible 原子事实对应多条候选记录
非皮卡	高度压缩两两组合	Porsche	911/911	911	/	/	3M-0	1976-2005/2007-2011	Coupe/Coupe	GT2/GT3/GT3 RS/Turbo/GT2/GT3/GT3 RS			1976-2011	Coupe	GT2/GT3/GT3 RS/Turbo	fallback	Porsche 911 2007 Coupe 原子事实对应多条候选记录
非皮卡	高度压缩两两组合	Porsche	911/911	911	/	/	3M-0	1976-2005/2007-2019	Coupe/Coupe	GT2/GT3/GT3 RS/Turbo/Turbo			1976-2019	Coupe	GT2/GT3/GT3 RS/Turbo	fallback	Porsche 911 2007 Coupe 原子事实对应多条候选记录
非皮卡	高度压缩两两组合	Porsche	911/911	911	/	/	3M-0	1976-2005/2014-2016	Coupe/Coupe	GT2/GT3/GT3 RS/Turbo/GT3			1976-2016	Coupe	GT2/GT3/GT3 RS/Turbo	fallback	Porsche 911 2007 Coupe 原子事实对应多条候选记录
非皮卡	高度压缩两两组合	Porsche	911/911	911	/	/	3M-0	1976-2005/2020-2024	Coupe/Convertible	GT2/GT3/GT3 RS/Turbo/			1976-2024	Convertible/Coupe	Incl: GT2/GT3/GT3 RS/Turbo	fallback	Porsche 911 1976 Coupe 原子事实对应多条候选记录
非皮卡	高度压缩两两组合	Porsche	911/911	911	/	/	3M-0	1976-2005/2020-2024	Coupe/Coupe	GT2/GT3/GT3 RS/Turbo/			1976-2024	Coupe	Incl: GT2/GT3/GT3 RS/Turbo	fallback	Porsche 911 1976 Coupe 原子事实对应多条候选记录
非皮卡	高度压缩两两组合	Porsche	911/911	911	/	/	3M-0	1976-2005/2021-2024	Coupe/Targa	GT2/GT3/GT3 RS/Turbo/			1976-2024	Coupe/Targa	Incl: GT2/GT3/GT3 RS/Turbo	fallback	Porsche 911 1976 Coupe 原子事实对应多条候选记录
非皮卡	高度压缩两两组合	Porsche	911/911	911	/	/	3M-0	2007-2011/2007-2019	Coupe/Coupe	GT2/GT3/GT3 RS/Turbo			2007-2019	Coupe	GT2/GT3/GT3 RS/Turbo	fallback	Porsche 911 2014 Coupe 原子事实对应多条候选记录
非皮卡	高度压缩两两组合	Porsche	911/911	911	/	/	3M-0	2007-2011/2014-2016	Coupe/Coupe	GT2/GT3/GT3 RS/GT3			2007-2016	Coupe	GT2/GT3/GT3 RS	fallback	Porsche 911 2016 Coupe 原子事实对应多条候选记录
非皮卡	高度压缩两两组合	Porsche	911/911	911	/	/	3M-0	2007-2011/2020-2024	Coupe/Convertible	GT2/GT3/GT3 RS/			2007-2024	Convertible/Coupe	Incl: GT2/GT3/GT3 RS	fallback	Porsche 911 2007 Convertible 原子事实对应多条候选记录
非皮卡	高度压缩两两组合	Porsche	911/911	911	/	/	3M-0	2007-2011/2020-2024	Coupe/Coupe	GT2/GT3/GT3 RS/			2007-2024	Coupe	Incl: GT2/GT3/GT3 RS	fallback	Porsche 911 2007 Coupe 原子事实对应多条候选记录
非皮卡	高度压缩两两组合	Porsche	911/911	911	/	/	3M-0	2007-2011/2021-2024	Coupe/Targa	GT2/GT3/GT3 RS/			2007-2024	Coupe/Targa	Incl: GT2/GT3/GT3 RS	fallback	Porsche 911 2007 Coupe 原子事实对应多条候选记录
非皮卡	高度压缩两两组合	Porsche	911/911	911	/	/	3M-0	2007-2019/2014-2016	Coupe/Coupe	Turbo/GT3			2007-2019	Coupe	GT3/Turbo	fallback	Porsche 911 2007 Coupe 原子事实对应多条候选记录
非皮卡	高度压缩两两组合	Porsche	911/911	911	/	/	3M-0	2007-2019/2020-2024	Coupe/Convertible	Turbo/			2007-2024	Convertible/Coupe	Incl: Turbo	fallback	Porsche 911 2007 Convertible 原子事实对应多条候选记录
非皮卡	高度压缩两两组合	Porsche	911/911	911	/	/	3M-0	2007-2019/2020-2024	Coupe/Coupe	Turbo/			2007-2024	Coupe	Incl: Turbo	fallback	Porsche 911 2007 Coupe 原子事实对应多条候选记录
非皮卡	高度压缩两两组合	Porsche	911/911	911	/	/	3M-0	2007-2019/2021-2024	Coupe/Targa	Turbo/			2007-2024	Coupe/Targa	Incl: Turbo	fallback	Porsche 911 2007 Coupe 原子事实对应多条候选记录
非皮卡	高度压缩两两组合	Porsche	911/911	911	/	/	3M-0	2014-2016/2020-2024	Coupe/Convertible	GT3/			2014-2024	Convertible/Coupe	Incl: GT3	fallback	Porsche 911 2014 Convertible 原子事实对应多条候选记录
非皮卡	高度压缩两两组合	Porsche	911/911	911	/	/	3M-0	2014-2016/2020-2024	Coupe/Coupe	GT3/			2014-2024	Coupe	Incl: GT3	fallback	Porsche 911 2014 Coupe 原子事实对应多条候选记录
非皮卡	高度压缩两两组合	Porsche	911/911	911	/	/	3M-0	2014-2016/2021-2024	Coupe/Targa	GT3/			2014-2024	Coupe/Targa	Incl: GT3	fallback	Porsche 911 2014 Coupe 原子事实对应多条候选记录
非皮卡	高度压缩两两组合	Porsche	911/911	911	/	/	3L-0	2016-2019/2017-2019	Convertible/Coupe/Convertible/Coupe	GT2 RS/GT3 RS/Speedster/			2016-2019	Convertible/Coupe	Incl: GT2 RS/GT3 RS/Speedster	fallback	Porsche 911 2016 Convertible 原子事实对应多条候选记录
非皮卡	高度压缩两两组合	Porsche	911/911	911	/	/	3L-0	2016-2019/2018-2019	Convertible/Coupe/Coupe	GT2 RS/GT3 RS/Speedster/GT3			2016-2019	Convertible/Coupe	GT2 RS/GT3/GT3 RS/Speedster	fallback	Porsche 911 2016 Coupe 原子事实对应多条候选记录
非皮卡	高度压缩两两组合	Porsche	911/911	911	/	/	3L-0	2016-2019/2021-2026	Convertible/Coupe/Coupe	GT2 RS/GT3 RS/Speedster/Turbo			2016-2026	Convertible/Coupe	GT2 RS/GT3 RS/Speedster/Turbo	fallback	Porsche 911 2016 Coupe 原子事实对应多条候选记录
非皮卡	高度压缩两两组合	Porsche	911/911	911	/	/	3L-0	2016-2019/2022-2024	Convertible/Coupe/Coupe	GT2 RS/GT3 RS/Speedster/GT3/GT3 RS			2016-2024	Convertible/Coupe	GT2 RS/GT3/GT3 RS/Speedster	fallback	Porsche 911 2016 Coupe 原子事实对应多条候选记录
非皮卡	高度压缩两两组合	Porsche	911/911	911	/	/	3L-0	2016-2019/2023-2024	Convertible/Coupe/Coupe	GT2 RS/GT3 RS/Speedster/Dakar			2016-2024	Convertible/Coupe	Dakar/GT2 RS/GT3 RS/Speedster	fallback	Porsche 911 2022 Coupe 原子事实对应多条候选记录
非皮卡	高度压缩两两组合	Porsche	911/911	911	/	/	3L-0	2016-2019/2025	Convertible/Coupe/Coupe	GT2 RS/GT3 RS/Speedster/GT3 RS			2016-2025	Convertible/Coupe	GT2 RS/GT3 RS/Speedster	fallback	Porsche 911 2022 Coupe 原子事实对应多条候选记录
非皮卡	高度压缩两两组合	Porsche	911/911	911	/	/	3L-0	2016-2019/2025-2026	Convertible/Coupe/Coupe	GT2 RS/GT3 RS/Speedster/			2016-2026	Convertible/Coupe	Incl: GT2 RS/GT3 RS/Speedster	fallback	Porsche 911 2016 Convertible 原子事实对应多条候选记录
非皮卡	高度压缩两两组合	Porsche	911/911	911	/	/	3L-0	2017-2019/2018-2019	Convertible/Coupe/Coupe	/GT3			2017-2019	Convertible/Coupe	Incl: GT3	success	
非皮卡	高度压缩两两组合	Porsche	911/911	911	/	/	3M-0	1965-2016/1976-2005	Convertible/Coupe/Targa/Coupe	Incl: GT2 RS/GT2/GT3/GT3 RS/Turbo			1965-2016	Convertible/Coupe/Targa	Incl: GT2/GT2 RS/GT3/GT3 RS/Turbo	fallback	Porsche 911 2007 Coupe 原子事实对应多条候选记录
非皮卡	高度压缩两两组合	Porsche	911/911	911	/	/	3M-0	1965-2016/2007-2011	Convertible/Coupe/Targa/Coupe	Incl: GT2 RS/GT2/GT3/GT3 RS			1965-2016	Convertible/Coupe/Targa	Incl: GT2/GT2 RS/GT3/GT3 RS	fallback	Porsche 911 2002 Coupe 原子事实对应多条候选记录
非皮卡	高度压缩两两组合	Porsche	911/911	911	/	/	3M-0	1965-2016/2007-2019	Convertible/Coupe/Targa/Coupe	Incl: GT2 RS/Turbo			1965-2019	Convertible/Coupe/Targa	Incl: GT2 RS/Turbo	fallback	Porsche 911 1976 Coupe 原子事实对应多条候选记录
非皮卡	高度压缩两两组合	Porsche	911/911	911	/	/	3M-0	1965-2016/2014-2016	Convertible/Coupe/Targa/Coupe	Incl: GT2 RS/GT3			1965-2016	Convertible/Coupe/Targa	Incl: GT2 RS/GT3	fallback	Porsche 911 2004 Coupe 原子事实对应多条候选记录
非皮卡	高度压缩两两组合	Porsche	911/911	911	/	/	3M-0	1965-2016/2020-2024	Convertible/Coupe/Targa/Convertible	Incl: GT2 RS/			1965-2024	Convertible/Coupe/Targa	Incl: GT2 RS	fallback	Porsche 911 2017 Convertible 原子事实对应多条候选记录
非皮卡	高度压缩两两组合	Porsche	911/911	911	/	/	3M-0	1965-2016/2020-2024	Convertible/Coupe/Targa/Coupe	Incl: GT2 RS/			1965-2024	Convertible/Coupe/Targa	Incl: GT2 RS	fallback	Porsche 911 2017 Convertible 原子事实对应多条候选记录
非皮卡	高度压缩两两组合	Porsche	911/911	911	/	/	3M-0	1965-2016/2021-2024	Convertible/Coupe/Targa/Targa	Incl: GT2 RS/			1965-2024	Convertible/Coupe/Targa	Incl: GT2 RS	fallback	Porsche 911 2017 Convertible 原子事实对应多条候选记录
非皮卡	高度压缩两两组合	Porsche	911/911	911	/	/	3M-0	1976-2005/2007-2011	Coupe/Coupe	GT2/GT3/GT3 RS/Turbo/GT2/GT3/GT3 RS			1976-2011	Coupe	GT2/GT3/GT3 RS/Turbo	fallback	Porsche 911 2007 Coupe 原子事实对应多条候选记录
非皮卡	高度压缩两两组合	Porsche	911/911	911	/	/	3M-0	1976-2005/2007-2019	Coupe/Coupe	GT2/GT3/GT3 RS/Turbo/Turbo			1976-2019	Coupe	GT2/GT3/GT3 RS/Turbo	fallback	Porsche 911 2007 Coupe 原子事实对应多条候选记录
非皮卡	高度压缩两两组合	Porsche	911/911	911	/	/	3M-0	1976-2005/2014-2016	Coupe/Coupe	GT2/GT3/GT3 RS/Turbo/GT3			1976-2016	Coupe	GT2/GT3/GT3 RS/Turbo	fallback	Porsche 911 2007 Coupe 原子事实对应多条候选记录
非皮卡	高度压缩两两组合	Porsche	911/911	911	/	/	3M-0	1976-2005/2020-2024	Coupe/Convertible	GT2/GT3/GT3 RS/Turbo/			1976-2024	Convertible/Coupe	Incl: GT2/GT3/GT3 RS/Turbo	fallback	Porsche 911 1976 Coupe 原子事实对应多条候选记录
非皮卡	高度压缩两两组合	Porsche	911/911	911	/	/	3M-0	1976-2005/2020-2024	Coupe/Coupe	GT2/GT3/GT3 RS/Turbo/			1976-2024	Coupe	Incl: GT2/GT3/GT3 RS/Turbo	fallback	Porsche 911 1976 Coupe 原子事实对应多条候选记录
非皮卡	高度压缩两两组合	Porsche	911/911	911	/	/	3M-0	1976-2005/2021-2024	Coupe/Targa	GT2/GT3/GT3 RS/Turbo/			1976-2024	Coupe/Targa	Incl: GT2/GT3/GT3 RS/Turbo	fallback	Porsche 911 1976 Coupe 原子事实对应多条候选记录
非皮卡	高度压缩两两组合	Porsche	911/911	911	/	/	3M-0	2007-2011/2007-2019	Coupe/Coupe	GT2/GT3/GT3 RS/Turbo			2007-2019	Coupe	GT2/GT3/GT3 RS/Turbo	fallback	Porsche 911 2014 Coupe 原子事实对应多条候选记录
非皮卡	高度压缩两两组合	Porsche	911/911	911	/	/	3M-0	2007-2011/2014-2016	Coupe/Coupe	GT2/GT3/GT3 RS/GT3			2007-2016	Coupe	GT2/GT3/GT3 RS	fallback	Porsche 911 2016 Coupe 原子事实对应多条候选记录
非皮卡	高度压缩两两组合	Porsche	911/911	911	/	/	3M-0	2007-2011/2020-2024	Coupe/Convertible	GT2/GT3/GT3 RS/			2007-2024	Convertible/Coupe	Incl: GT2/GT3/GT3 RS	fallback	Porsche 911 2007 Convertible 原子事实对应多条候选记录
非皮卡	高度压缩两两组合	Porsche	911/911	911	/	/	3M-0	2007-2011/2020-2024	Coupe/Coupe	GT2/GT3/GT3 RS/			2007-2024	Coupe	Incl: GT2/GT3/GT3 RS	fallback	Porsche 911 2007 Coupe 原子事实对应多条候选记录
非皮卡	高度压缩两两组合	Porsche	911/911	911	/	/	3M-0	2007-2011/2021-2024	Coupe/Targa	GT2/GT3/GT3 RS/			2007-2024	Coupe/Targa	Incl: GT2/GT3/GT3 RS	fallback	Porsche 911 2007 Coupe 原子事实对应多条候选记录
非皮卡	高度压缩两两组合	Porsche	911/911	911	/	/	3M-0	2007-2019/2014-2016	Coupe/Coupe	Turbo/GT3			2007-2019	Coupe	GT3/Turbo	fallback	Porsche 911 2007 Coupe 原子事实对应多条候选记录
非皮卡	高度压缩两两组合	Porsche	911/911	911	/	/	3M-0	2007-2019/2020-2024	Coupe/Convertible	Turbo/			2007-2024	Convertible/Coupe	Incl: Turbo	fallback	Porsche 911 2007 Convertible 原子事实对应多条候选记录
非皮卡	高度压缩两两组合	Porsche	911/911	911	/	/	3M-0	2007-2019/2020-2024	Coupe/Coupe	Turbo/			2007-2024	Coupe	Incl: Turbo	fallback	Porsche 911 2007 Coupe 原子事实对应多条候选记录
非皮卡	高度压缩两两组合	Porsche	911/911	911	/	/	3M-0	2007-2019/2021-2024	Coupe/Targa	Turbo/			2007-2024	Coupe/Targa	Incl: Turbo	fallback	Porsche 911 2007 Coupe 原子事实对应多条候选记录
非皮卡	高度压缩两两组合	Porsche	911/911	911	/	/	3M-0	2014-2016/2020-2024	Coupe/Convertible	GT3/			2014-2024	Convertible/Coupe	Incl: GT3	fallback	Porsche 911 2014 Convertible 原子事实对应多条候选记录
非皮卡	高度压缩两两组合	Porsche	911/911	911	/	/	3M-0	2014-2016/2020-2024	Coupe/Coupe	GT3/			2014-2024	Coupe	Incl: GT3	fallback	Porsche 911 2014 Coupe 原子事实对应多条候选记录
非皮卡	高度压缩两两组合	Porsche	911/911	911	/	/	3M-0	2014-2016/2021-2024	Coupe/Targa	GT3/			2014-2024	Coupe/Targa	Incl: GT3	fallback	Porsche 911 2014 Coupe 原子事实对应多条候选记录
非皮卡	高度压缩两两组合	Porsche	911/911	911	/	/	3L-0	2016-2019/2017-2019	Convertible/Coupe/Convertible/Coupe	GT2 RS/GT3 RS/Speedster/Incl: GT3			2016-2019	Convertible/Coupe	Incl: GT2 RS/GT3/GT3 RS/Speedster	fallback	Porsche 911 2016 Convertible 原子事实对应多条候选记录
非皮卡	高度压缩两两组合	Porsche	911/911	911	/	/	3L-0	2016-2019/2021-2026	Convertible/Coupe/Coupe	GT2 RS/GT3 RS/Speedster/Turbo			2016-2026	Convertible/Coupe	GT2 RS/GT3 RS/Speedster/Turbo	fallback	Porsche 911 2016 Coupe 原子事实对应多条候选记录
非皮卡	高度压缩两两组合	Porsche	911/911	911	/	/	3L-0	2016-2019/2022-2024	Convertible/Coupe/Coupe	GT2 RS/GT3 RS/Speedster/GT3/GT3 RS			2016-2024	Convertible/Coupe	GT2 RS/GT3/GT3 RS/Speedster	fallback	Porsche 911 2016 Coupe 原子事实对应多条候选记录
非皮卡	高度压缩两两组合	Porsche	911/911	911	/	/	3L-0	2016-2019/2023-2024	Convertible/Coupe/Coupe	GT2 RS/GT3 RS/Speedster/Dakar			2016-2024	Convertible/Coupe	Dakar/GT2 RS/GT3 RS/Speedster	fallback	Porsche 911 2022 Coupe 原子事实对应多条候选记录
非皮卡	高度压缩两两组合	Porsche	911/911	911	/	/	3L-0	2016-2019/2025	Convertible/Coupe/Coupe	GT2 RS/GT3 RS/Speedster/GT3 RS			2016-2025	Convertible/Coupe	GT2 RS/GT3 RS/Speedster	fallback	Porsche 911 2022 Coupe 原子事实对应多条候选记录
非皮卡	高度压缩两两组合	Porsche	911/911	911	/	/	3L-0	2016-2019/2025-2026	Convertible/Coupe/Coupe	GT2 RS/GT3 RS/Speedster/			2016-2026	Convertible/Coupe	Incl: GT2 RS/GT3 RS/Speedster	fallback	Porsche 911 2016 Convertible 原子事实对应多条候选记录
非皮卡	高度压缩两两组合	Porsche	911/911	911	/	/	3L-0	2017-2019/2021-2026	Convertible/Coupe/Coupe	Incl: GT3/Turbo			2017-2026	Convertible/Coupe	Incl: GT3/Turbo	fallback	Porsche 911 2017 Coupe 原子事实对应多条候选记录
非皮卡	高度压缩两两组合	Porsche	911/911	911	/	/	3L-0	2017-2019/2022-2024	Convertible/Coupe/Coupe	Incl: GT3/GT3/GT3 RS			2017-2024	Convertible/Coupe	Incl: GT3/GT3 RS	fallback	Porsche 911 2019 Coupe 原子事实对应多条候选记录
非皮卡	高度压缩两两组合	Porsche	911/911	911	/	/	3L-0	2017-2019/2023-2024	Convertible/Coupe/Coupe	Incl: GT3/Dakar			2017-2024	Convertible/Coupe	Incl: Dakar/GT3	fallback	Porsche 911 2020 Convertible 原子事实对应多条候选记录
非皮卡	高度压缩两两组合	Porsche	911/911	911	/	/	3L-0	2017-2019/2025	Convertible/Coupe/Coupe	Incl: GT3/GT3 RS			2017-2025	Convertible/Coupe	Incl: GT3/GT3 RS	fallback	Porsche 911 2019 Coupe 原子事实对应多条候选记录
非皮卡	高度压缩两两组合	Porsche	911/911	911	/	/	3L-0	2017-2019/2025-2026	Convertible/Coupe/Coupe	Incl: GT3/			2017-2026	Convertible/Coupe	Incl: GT3	fallback	Porsche 911 2020 Convertible 原子事实对应多条候选记录
非皮卡	高度压缩两两组合	Porsche	911/911	911	/	/	3M-0	2020-2024/2020-2024	Convertible/Coupe	/			2020-2024	Convertible/Coupe		success	
非皮卡	高度压缩两两组合	Porsche	911/911	911	/	/	3M-0	1965-2016/1976-2005	Convertible/Coupe/Targa/Coupe	Incl: GT2 RS/GT2/GT3/GT3 RS/Turbo			1965-2016	Convertible/Coupe/Targa	Incl: GT2/GT2 RS/GT3/GT3 RS/Turbo	fallback	Porsche 911 2007 Coupe 原子事实对应多条候选记录
非皮卡	高度压缩两两组合	Porsche	911/911	911	/	/	3M-0	1965-2016/2007-2011	Convertible/Coupe/Targa/Coupe	Incl: GT2 RS/GT2/GT3/GT3 RS			1965-2016	Convertible/Coupe/Targa	Incl: GT2/GT2 RS/GT3/GT3 RS	fallback	Porsche 911 2002 Coupe 原子事实对应多条候选记录
非皮卡	高度压缩两两组合	Porsche	911/911	911	/	/	3M-0	1965-2016/2007-2019	Convertible/Coupe/Targa/Coupe	Incl: GT2 RS/Turbo			1965-2019	Convertible/Coupe/Targa	Incl: GT2 RS/Turbo	fallback	Porsche 911 1976 Coupe 原子事实对应多条候选记录
非皮卡	高度压缩两两组合	Porsche	911/911	911	/	/	3M-0	1965-2016/2014-2016	Convertible/Coupe/Targa/Coupe	Incl: GT2 RS/GT3			1965-2016	Convertible/Coupe/Targa	Incl: GT2 RS/GT3	fallback	Porsche 911 2004 Coupe 原子事实对应多条候选记录
非皮卡	高度压缩两两组合	Porsche	911/911	911	/	/	3M-0	1965-2016/2020-2024	Convertible/Coupe/Targa/Convertible/Coupe	Incl: GT2 RS/			1965-2024	Convertible/Coupe/Targa	Incl: GT2 RS	fallback	Porsche 911 2017 Convertible 原子事实对应多条候选记录
非皮卡	高度压缩两两组合	Porsche	911/911	911	/	/	3M-0	1965-2016/2021-2024	Convertible/Coupe/Targa/Targa	Incl: GT2 RS/			1965-2024	Convertible/Coupe/Targa	Incl: GT2 RS	fallback	Porsche 911 2017 Convertible 原子事实对应多条候选记录
非皮卡	高度压缩两两组合	Porsche	911/911	911	/	/	3M-0	1976-2005/2007-2011	Coupe/Coupe	GT2/GT3/GT3 RS/Turbo/GT2/GT3/GT3 RS			1976-2011	Coupe	GT2/GT3/GT3 RS/Turbo	fallback	Porsche 911 2007 Coupe 原子事实对应多条候选记录
非皮卡	高度压缩两两组合	Porsche	911/911	911	/	/	3M-0	1976-2005/2007-2019	Coupe/Coupe	GT2/GT3/GT3 RS/Turbo/Turbo			1976-2019	Coupe	GT2/GT3/GT3 RS/Turbo	fallback	Porsche 911 2007 Coupe 原子事实对应多条候选记录
非皮卡	高度压缩两两组合	Porsche	911/911	911	/	/	3M-0	1976-2005/2014-2016	Coupe/Coupe	GT2/GT3/GT3 RS/Turbo/GT3			1976-2016	Coupe	GT2/GT3/GT3 RS/Turbo	fallback	Porsche 911 2007 Coupe 原子事实对应多条候选记录
非皮卡	高度压缩两两组合	Porsche	911/911	911	/	/	3M-0	1976-2005/2020-2024	Coupe/Convertible/Coupe	GT2/GT3/GT3 RS/Turbo/			1976-2024	Convertible/Coupe	Incl: GT2/GT3/GT3 RS/Turbo	fallback	Porsche 911 1976 Coupe 原子事实对应多条候选记录
非皮卡	高度压缩两两组合	Porsche	911/911	911	/	/	3M-0	1976-2005/2021-2024	Coupe/Targa	GT2/GT3/GT3 RS/Turbo/			1976-2024	Coupe/Targa	Incl: GT2/GT3/GT3 RS/Turbo	fallback	Porsche 911 1976 Coupe 原子事实对应多条候选记录
非皮卡	高度压缩两两组合	Porsche	911/911	911	/	/	3M-0	2007-2011/2007-2019	Coupe/Coupe	GT2/GT3/GT3 RS/Turbo			2007-2019	Coupe	GT2/GT3/GT3 RS/Turbo	fallback	Porsche 911 2014 Coupe 原子事实对应多条候选记录
非皮卡	高度压缩两两组合	Porsche	911/911	911	/	/	3M-0	2007-2011/2014-2016	Coupe/Coupe	GT2/GT3/GT3 RS/GT3			2007-2016	Coupe	GT2/GT3/GT3 RS	fallback	Porsche 911 2016 Coupe 原子事实对应多条候选记录
非皮卡	高度压缩两两组合	Porsche	911/911	911	/	/	3M-0	2007-2011/2020-2024	Coupe/Convertible/Coupe	GT2/GT3/GT3 RS/			2007-2024	Convertible/Coupe	Incl: GT2/GT3/GT3 RS	fallback	Porsche 911 2007 Convertible 原子事实对应多条候选记录
非皮卡	高度压缩两两组合	Porsche	911/911	911	/	/	3M-0	2007-2011/2021-2024	Coupe/Targa	GT2/GT3/GT3 RS/			2007-2024	Coupe/Targa	Incl: GT2/GT3/GT3 RS	fallback	Porsche 911 2007 Coupe 原子事实对应多条候选记录
非皮卡	高度压缩两两组合	Porsche	911/911	911	/	/	3M-0	2007-2019/2014-2016	Coupe/Coupe	Turbo/GT3			2007-2019	Coupe	GT3/Turbo	fallback	Porsche 911 2007 Coupe 原子事实对应多条候选记录
非皮卡	高度压缩两两组合	Porsche	911/911	911	/	/	3M-0	2007-2019/2020-2024	Coupe/Convertible/Coupe	Turbo/			2007-2024	Convertible/Coupe	Incl: Turbo	fallback	Porsche 911 2007 Convertible 原子事实对应多条候选记录
非皮卡	高度压缩两两组合	Porsche	911/911	911	/	/	3M-0	2007-2019/2021-2024	Coupe/Targa	Turbo/			2007-2024	Coupe/Targa	Incl: Turbo	fallback	Porsche 911 2007 Coupe 原子事实对应多条候选记录
非皮卡	高度压缩两两组合	Porsche	911/911	911	/	/	3M-0	2014-2016/2020-2024	Coupe/Convertible/Coupe	GT3/			2014-2024	Convertible/Coupe	Incl: GT3	fallback	Porsche 911 2014 Convertible 原子事实对应多条候选记录
非皮卡	高度压缩两两组合	Porsche	911/911	911	/	/	3M-0	2014-2016/2021-2024	Coupe/Targa	GT3/			2014-2024	Coupe/Targa	Incl: GT3	fallback	Porsche 911 2014 Coupe 原子事实对应多条候选记录
非皮卡	高度压缩两两组合	Porsche	911/911	911	/	/	3L-0	2016-2019/2017-2019	Convertible/Coupe/Convertible/Coupe	GT2 RS/GT3 RS/Speedster/Incl: GT3			2016-2019	Convertible/Coupe	Incl: GT2 RS/GT3/GT3 RS/Speedster	fallback	Porsche 911 2016 Convertible 原子事实对应多条候选记录
非皮卡	高度压缩两两组合	Porsche	911/911	911	/	/	3L-0	2016-2019/2021-2026	Convertible/Coupe/Coupe	GT2 RS/GT3 RS/Speedster/Turbo			2016-2026	Convertible/Coupe	GT2 RS/GT3 RS/Speedster/Turbo	fallback	Porsche 911 2016 Coupe 原子事实对应多条候选记录
非皮卡	高度压缩两两组合	Porsche	911/911	911	/	/	3L-0	2016-2019/2022-2024	Convertible/Coupe/Coupe	GT2 RS/GT3 RS/Speedster/GT3/GT3 RS			2016-2024	Convertible/Coupe	GT2 RS/GT3/GT3 RS/Speedster	fallback	Porsche 911 2016 Coupe 原子事实对应多条候选记录
非皮卡	高度压缩两两组合	Porsche	911/911	911	/	/	3L-0	2016-2019/2023-2024	Convertible/Coupe/Coupe	GT2 RS/GT3 RS/Speedster/Dakar			2016-2024	Convertible/Coupe	Dakar/GT2 RS/GT3 RS/Speedster	fallback	Porsche 911 2022 Coupe 原子事实对应多条候选记录
非皮卡	高度压缩两两组合	Porsche	911/911	911	/	/	3L-0	2016-2019/2025	Convertible/Coupe/Coupe	GT2 RS/GT3 RS/Speedster/GT3 RS			2016-2025	Convertible/Coupe	GT2 RS/GT3 RS/Speedster	fallback	Porsche 911 2022 Coupe 原子事实对应多条候选记录
非皮卡	高度压缩两两组合	Porsche	911/911	911	/	/	3L-0	2016-2019/2025-2026	Convertible/Coupe/Coupe	GT2 RS/GT3 RS/Speedster/			2016-2026	Convertible/Coupe	Incl: GT2 RS/GT3 RS/Speedster	fallback	Porsche 911 2016 Convertible 原子事实对应多条候选记录
非皮卡	高度压缩两两组合	Porsche	911/911	911	/	/	3L-0	2017-2019/2021-2026	Convertible/Coupe/Coupe	Incl: GT3/Turbo			2017-2026	Convertible/Coupe	Incl: GT3/Turbo	fallback	Porsche 911 2017 Coupe 原子事实对应多条候选记录
非皮卡	高度压缩两两组合	Porsche	911/911	911	/	/	3L-0	2017-2019/2022-2024	Convertible/Coupe/Coupe	Incl: GT3/GT3/GT3 RS			2017-2024	Convertible/Coupe	Incl: GT3/GT3 RS	fallback	Porsche 911 2019 Coupe 原子事实对应多条候选记录
非皮卡	高度压缩两两组合	Porsche	911/911	911	/	/	3L-0	2017-2019/2023-2024	Convertible/Coupe/Coupe	Incl: GT3/Dakar			2017-2024	Convertible/Coupe	Incl: Dakar/GT3	fallback	Porsche 911 2020 Convertible 原子事实对应多条候选记录
非皮卡	高度压缩两两组合	Porsche	911/911	911	/	/	3L-0	2017-2019/2025	Convertible/Coupe/Coupe	Incl: GT3/GT3 RS			2017-2025	Convertible/Coupe	Incl: GT3/GT3 RS	fallback	Porsche 911 2019 Coupe 原子事实对应多条候选记录
非皮卡	高度压缩两两组合	Porsche	911/911	911	/	/	3L-0	2017-2019/2025-2026	Convertible/Coupe/Coupe	Incl: GT3/			2017-2026	Convertible/Coupe	Incl: GT3	fallback	Porsche 911 2020 Convertible 原子事实对应多条候选记录
非皮卡	高度压缩两两组合	Porsche	911/911	911	/	/	3M-0	2020-2024/2021-2024	Convertible/Coupe/Targa	/			2020-2024	Convertible/Coupe/Targa		success	
非皮卡	高度压缩两两组合	Porsche	911/911	911	/	/	3M-0	1965-2016/1976-2005	Convertible/Coupe/Targa/Coupe	Incl: GT2 RS/GT2/GT3/GT3 RS/Turbo			1965-2016	Convertible/Coupe/Targa	Incl: GT2/GT2 RS/GT3/GT3 RS/Turbo	fallback	Porsche 911 2007 Coupe 原子事实对应多条候选记录
非皮卡	高度压缩两两组合	Porsche	911/911	911	/	/	3M-0	1965-2016/2007-2011	Convertible/Coupe/Targa/Coupe	Incl: GT2 RS/GT2/GT3/GT3 RS			1965-2016	Convertible/Coupe/Targa	Incl: GT2/GT2 RS/GT3/GT3 RS	fallback	Porsche 911 2002 Coupe 原子事实对应多条候选记录
非皮卡	高度压缩两两组合	Porsche	911/911	911	/	/	3M-0	1965-2016/2007-2019	Convertible/Coupe/Targa/Coupe	Incl: GT2 RS/Turbo			1965-2019	Convertible/Coupe/Targa	Incl: GT2 RS/Turbo	fallback	Porsche 911 1976 Coupe 原子事实对应多条候选记录
非皮卡	高度压缩两两组合	Porsche	911/911	911	/	/	3M-0	1965-2016/2014-2016	Convertible/Coupe/Targa/Coupe	Incl: GT2 RS/GT3			1965-2016	Convertible/Coupe/Targa	Incl: GT2 RS/GT3	fallback	Porsche 911 2004 Coupe 原子事实对应多条候选记录
非皮卡	高度压缩两两组合	Porsche	911/911	911	/	/	3M-0	1965-2016/2020-2024	Convertible/Coupe/Targa/Convertible/Coupe/Targa	Incl: GT2 RS/			1965-2024	Convertible/Coupe/Targa	Incl: GT2 RS	fallback	Porsche 911 2017 Convertible 原子事实对应多条候选记录
非皮卡	高度压缩两两组合	Porsche	911/911	911	/	/	3M-0	1976-2005/2007-2011	Coupe/Coupe	GT2/GT3/GT3 RS/Turbo/GT2/GT3/GT3 RS			1976-2011	Coupe	GT2/GT3/GT3 RS/Turbo	fallback	Porsche 911 2007 Coupe 原子事实对应多条候选记录
非皮卡	高度压缩两两组合	Porsche	911/911	911	/	/	3M-0	1976-2005/2007-2019	Coupe/Coupe	GT2/GT3/GT3 RS/Turbo/Turbo			1976-2019	Coupe	GT2/GT3/GT3 RS/Turbo	fallback	Porsche 911 2007 Coupe 原子事实对应多条候选记录
非皮卡	高度压缩两两组合	Porsche	911/911	911	/	/	3M-0	1976-2005/2014-2016	Coupe/Coupe	GT2/GT3/GT3 RS/Turbo/GT3			1976-2016	Coupe	GT2/GT3/GT3 RS/Turbo	fallback	Porsche 911 2007 Coupe 原子事实对应多条候选记录
非皮卡	高度压缩两两组合	Porsche	911/911	911	/	/	3M-0	1976-2005/2020-2024	Coupe/Convertible/Coupe/Targa	GT2/GT3/GT3 RS/Turbo/			1976-2024	Convertible/Coupe/Targa	Incl: GT2/GT3/GT3 RS/Turbo	fallback	Porsche 911 1976 Coupe 原子事实对应多条候选记录
非皮卡	高度压缩两两组合	Porsche	911/911	911	/	/	3M-0	2007-2011/2007-2019	Coupe/Coupe	GT2/GT3/GT3 RS/Turbo			2007-2019	Coupe	GT2/GT3/GT3 RS/Turbo	fallback	Porsche 911 2014 Coupe 原子事实对应多条候选记录
非皮卡	高度压缩两两组合	Porsche	911/911	911	/	/	3M-0	2007-2011/2014-2016	Coupe/Coupe	GT2/GT3/GT3 RS/GT3			2007-2016	Coupe	GT2/GT3/GT3 RS	fallback	Porsche 911 2016 Coupe 原子事实对应多条候选记录
非皮卡	高度压缩两两组合	Porsche	911/911	911	/	/	3M-0	2007-2011/2020-2024	Coupe/Convertible/Coupe/Targa	GT2/GT3/GT3 RS/			2007-2024	Convertible/Coupe/Targa	Incl: GT2/GT3/GT3 RS	fallback	Porsche 911 2007 Convertible 原子事实对应多条候选记录
非皮卡	高度压缩两两组合	Porsche	911/911	911	/	/	3M-0	2007-2019/2014-2016	Coupe/Coupe	Turbo/GT3			2007-2019	Coupe	GT3/Turbo	fallback	Porsche 911 2007 Coupe 原子事实对应多条候选记录
非皮卡	高度压缩两两组合	Porsche	911/911	911	/	/	3M-0	2007-2019/2020-2024	Coupe/Convertible/Coupe/Targa	Turbo/			2007-2024	Convertible/Coupe/Targa	Incl: Turbo	fallback	Porsche 911 2007 Convertible 原子事实对应多条候选记录
非皮卡	高度压缩两两组合	Porsche	911/911	911	/	/	3M-0	2014-2016/2020-2024	Coupe/Convertible/Coupe/Targa	GT3/			2014-2024	Convertible/Coupe/Targa	Incl: GT3	fallback	Porsche 911 2014 Convertible 原子事实对应多条候选记录
非皮卡	高度压缩两两组合	Porsche	911/911	911	/	/	3L-0	2016-2019/2017-2019	Convertible/Coupe/Convertible/Coupe	GT2 RS/GT3 RS/Speedster/Incl: GT3			2016-2019	Convertible/Coupe	Incl: GT2 RS/GT3/GT3 RS/Speedster	fallback	Porsche 911 2016 Convertible 原子事实对应多条候选记录
非皮卡	高度压缩两两组合	Porsche	911/911	911	/	/	3L-0	2016-2019/2021-2026	Convertible/Coupe/Coupe	GT2 RS/GT3 RS/Speedster/Turbo			2016-2026	Convertible/Coupe	GT2 RS/GT3 RS/Speedster/Turbo	fallback	Porsche 911 2016 Coupe 原子事实对应多条候选记录
非皮卡	高度压缩两两组合	Porsche	911/911	911	/	/	3L-0	2016-2019/2022-2024	Convertible/Coupe/Coupe	GT2 RS/GT3 RS/Speedster/GT3/GT3 RS			2016-2024	Convertible/Coupe	GT2 RS/GT3/GT3 RS/Speedster	fallback	Porsche 911 2016 Coupe 原子事实对应多条候选记录
非皮卡	高度压缩两两组合	Porsche	911/911	911	/	/	3L-0	2016-2019/2023-2024	Convertible/Coupe/Coupe	GT2 RS/GT3 RS/Speedster/Dakar			2016-2024	Convertible/Coupe	Dakar/GT2 RS/GT3 RS/Speedster	fallback	Porsche 911 2022 Coupe 原子事实对应多条候选记录
非皮卡	高度压缩两两组合	Porsche	911/911	911	/	/	3L-0	2016-2019/2025	Convertible/Coupe/Coupe	GT2 RS/GT3 RS/Speedster/GT3 RS			2016-2025	Convertible/Coupe	GT2 RS/GT3 RS/Speedster	fallback	Porsche 911 2022 Coupe 原子事实对应多条候选记录
非皮卡	高度压缩两两组合	Porsche	911/911	911	/	/	3L-0	2016-2019/2025-2026	Convertible/Coupe/Coupe	GT2 RS/GT3 RS/Speedster/			2016-2026	Convertible/Coupe	Incl: GT2 RS/GT3 RS/Speedster	fallback	Porsche 911 2016 Convertible 原子事实对应多条候选记录
非皮卡	高度压缩两两组合	Porsche	911/911	911	/	/	3L-0	2017-2019/2021-2026	Convertible/Coupe/Coupe	Incl: GT3/Turbo			2017-2026	Convertible/Coupe	Incl: GT3/Turbo	fallback	Porsche 911 2017 Coupe 原子事实对应多条候选记录
非皮卡	高度压缩两两组合	Porsche	911/911	911	/	/	3L-0	2017-2019/2022-2024	Convertible/Coupe/Coupe	Incl: GT3/GT3/GT3 RS			2017-2024	Convertible/Coupe	Incl: GT3/GT3 RS	fallback	Porsche 911 2019 Coupe 原子事实对应多条候选记录
非皮卡	高度压缩两两组合	Porsche	911/911	911	/	/	3L-0	2017-2019/2023-2024	Convertible/Coupe/Coupe	Incl: GT3/Dakar			2017-2024	Convertible/Coupe	Incl: Dakar/GT3	fallback	Porsche 911 2020 Convertible 原子事实对应多条候选记录
非皮卡	高度压缩两两组合	Porsche	911/911	911	/	/	3L-0	2017-2019/2025	Convertible/Coupe/Coupe	Incl: GT3/GT3 RS			2017-2025	Convertible/Coupe	Incl: GT3/GT3 RS	fallback	Porsche 911 2019 Coupe 原子事实对应多条候选记录
非皮卡	高度压缩两两组合	Porsche	911/911	911	/	/	3L-0	2017-2019/2025-2026	Convertible/Coupe/Coupe	Incl: GT3/			2017-2026	Convertible/Coupe	Incl: GT3	fallback	Porsche 911 2020 Convertible 原子事实对应多条候选记录
非皮卡	高度压缩两两组合	Porsche	911/911	911	/	/	3L-0	2021-2026/2022-2024	Coupe/Coupe	Turbo/GT3/GT3 RS			2021-2026	Coupe	GT3/GT3 RS/Turbo	fallback	Porsche 911 2025 Coupe 原子事实对应多条候选记录
非皮卡	高度压缩两两组合	Porsche	911/911	911	/	/	3L-0	2021-2026/2023-2024	Coupe/Coupe	Turbo/Dakar			2021-2026	Coupe	Dakar/Turbo	success	
非皮卡	高度压缩两两组合	Porsche	911/911	911	/	/	3M-0	1965-2016/1976-2005	Convertible/Coupe/Targa/Coupe	Incl: GT2 RS/GT2/GT3/GT3 RS/Turbo			1965-2016	Convertible/Coupe/Targa	Incl: GT2/GT2 RS/GT3/GT3 RS/Turbo	fallback	Porsche 911 2007 Coupe 原子事实对应多条候选记录
非皮卡	高度压缩两两组合	Porsche	911/911	911	/	/	3M-0	1965-2016/2007-2011	Convertible/Coupe/Targa/Coupe	Incl: GT2 RS/GT2/GT3/GT3 RS			1965-2016	Convertible/Coupe/Targa	Incl: GT2/GT2 RS/GT3/GT3 RS	fallback	Porsche 911 2002 Coupe 原子事实对应多条候选记录
非皮卡	高度压缩两两组合	Porsche	911/911	911	/	/	3M-0	1965-2016/2007-2019	Convertible/Coupe/Targa/Coupe	Incl: GT2 RS/Turbo			1965-2019	Convertible/Coupe/Targa	Incl: GT2 RS/Turbo	fallback	Porsche 911 1976 Coupe 原子事实对应多条候选记录
非皮卡	高度压缩两两组合	Porsche	911/911	911	/	/	3M-0	1965-2016/2014-2016	Convertible/Coupe/Targa/Coupe	Incl: GT2 RS/GT3			1965-2016	Convertible/Coupe/Targa	Incl: GT2 RS/GT3	fallback	Porsche 911 2004 Coupe 原子事实对应多条候选记录
非皮卡	高度压缩两两组合	Porsche	911/911	911	/	/	3M-0	1965-2016/2020-2024	Convertible/Coupe/Targa/Convertible/Coupe/Targa	Incl: GT2 RS/			1965-2024	Convertible/Coupe/Targa	Incl: GT2 RS	fallback	Porsche 911 2017 Convertible 原子事实对应多条候选记录
非皮卡	高度压缩两两组合	Porsche	911/911	911	/	/	3M-0	1976-2005/2007-2011	Coupe/Coupe	GT2/GT3/GT3 RS/Turbo/GT2/GT3/GT3 RS			1976-2011	Coupe	GT2/GT3/GT3 RS/Turbo	fallback	Porsche 911 2007 Coupe 原子事实对应多条候选记录
非皮卡	高度压缩两两组合	Porsche	911/911	911	/	/	3M-0	1976-2005/2007-2019	Coupe/Coupe	GT2/GT3/GT3 RS/Turbo/Turbo			1976-2019	Coupe	GT2/GT3/GT3 RS/Turbo	fallback	Porsche 911 2007 Coupe 原子事实对应多条候选记录
非皮卡	高度压缩两两组合	Porsche	911/911	911	/	/	3M-0	1976-2005/2014-2016	Coupe/Coupe	GT2/GT3/GT3 RS/Turbo/GT3			1976-2016	Coupe	GT2/GT3/GT3 RS/Turbo	fallback	Porsche 911 2007 Coupe 原子事实对应多条候选记录
非皮卡	高度压缩两两组合	Porsche	911/911	911	/	/	3M-0	1976-2005/2020-2024	Coupe/Convertible/Coupe/Targa	GT2/GT3/GT3 RS/Turbo/			1976-2024	Convertible/Coupe/Targa	Incl: GT2/GT3/GT3 RS/Turbo	fallback	Porsche 911 1976 Coupe 原子事实对应多条候选记录
非皮卡	高度压缩两两组合	Porsche	911/911	911	/	/	3M-0	2007-2011/2007-2019	Coupe/Coupe	GT2/GT3/GT3 RS/Turbo			2007-2019	Coupe	GT2/GT3/GT3 RS/Turbo	fallback	Porsche 911 2014 Coupe 原子事实对应多条候选记录
非皮卡	高度压缩两两组合	Porsche	911/911	911	/	/	3M-0	2007-2011/2014-2016	Coupe/Coupe	GT2/GT3/GT3 RS/GT3			2007-2016	Coupe	GT2/GT3/GT3 RS	fallback	Porsche 911 2016 Coupe 原子事实对应多条候选记录
非皮卡	高度压缩两两组合	Porsche	911/911	911	/	/	3M-0	2007-2011/2020-2024	Coupe/Convertible/Coupe/Targa	GT2/GT3/GT3 RS/			2007-2024	Convertible/Coupe/Targa	Incl: GT2/GT3/GT3 RS	fallback	Porsche 911 2007 Convertible 原子事实对应多条候选记录
非皮卡	高度压缩两两组合	Porsche	911/911	911	/	/	3M-0	2007-2019/2014-2016	Coupe/Coupe	Turbo/GT3			2007-2019	Coupe	GT3/Turbo	fallback	Porsche 911 2007 Coupe 原子事实对应多条候选记录
非皮卡	高度压缩两两组合	Porsche	911/911	911	/	/	3M-0	2007-2019/2020-2024	Coupe/Convertible/Coupe/Targa	Turbo/			2007-2024	Convertible/Coupe/Targa	Incl: Turbo	fallback	Porsche 911 2007 Convertible 原子事实对应多条候选记录
非皮卡	高度压缩两两组合	Porsche	911/911	911	/	/	3M-0	2014-2016/2020-2024	Coupe/Convertible/Coupe/Targa	GT3/			2014-2024	Convertible/Coupe/Targa	Incl: GT3	fallback	Porsche 911 2014 Convertible 原子事实对应多条候选记录
非皮卡	高度压缩两两组合	Porsche	911/911	911	/	/	3L-0	2016-2019/2017-2019	Convertible/Coupe/Convertible/Coupe	GT2 RS/GT3 RS/Speedster/Incl: GT3			2016-2019	Convertible/Coupe	Incl: GT2 RS/GT3/GT3 RS/Speedster	fallback	Porsche 911 2016 Convertible 原子事实对应多条候选记录
非皮卡	高度压缩两两组合	Porsche	911/911	911	/	/	3L-0	2016-2019/2021-2026	Convertible/Coupe/Coupe	GT2 RS/GT3 RS/Speedster/Dakar/Turbo			2016-2026	Convertible/Coupe	Dakar/GT2 RS/GT3 RS/Speedster/Turbo	fallback	Porsche 911 2016 Coupe 原子事实对应多条候选记录
非皮卡	高度压缩两两组合	Porsche	911/911	911	/	/	3L-0	2016-2019/2022-2024	Convertible/Coupe/Coupe	GT2 RS/GT3 RS/Speedster/GT3/GT3 RS			2016-2024	Convertible/Coupe	GT2 RS/GT3/GT3 RS/Speedster	fallback	Porsche 911 2016 Coupe 原子事实对应多条候选记录
非皮卡	高度压缩两两组合	Porsche	911/911	911	/	/	3L-0	2016-2019/2025	Convertible/Coupe/Coupe	GT2 RS/GT3 RS/Speedster/GT3 RS			2016-2025	Convertible/Coupe	GT2 RS/GT3 RS/Speedster	fallback	Porsche 911 2022 Coupe 原子事实对应多条候选记录
非皮卡	高度压缩两两组合	Porsche	911/911	911	/	/	3L-0	2016-2019/2025-2026	Convertible/Coupe/Coupe	GT2 RS/GT3 RS/Speedster/			2016-2026	Convertible/Coupe	Incl: GT2 RS/GT3 RS/Speedster	fallback	Porsche 911 2016 Convertible 原子事实对应多条候选记录
非皮卡	高度压缩两两组合	Porsche	911/911	911	/	/	3L-0	2017-2019/2021-2026	Convertible/Coupe/Coupe	Incl: GT3/Dakar/Turbo			2017-2026	Convertible/Coupe	Incl: Dakar/GT3/Turbo	fallback	Porsche 911 2017 Coupe 原子事实对应多条候选记录
非皮卡	高度压缩两两组合	Porsche	911/911	911	/	/	3L-0	2017-2019/2022-2024	Convertible/Coupe/Coupe	Incl: GT3/GT3/GT3 RS			2017-2024	Convertible/Coupe	Incl: GT3/GT3 RS	fallback	Porsche 911 2019 Coupe 原子事实对应多条候选记录
非皮卡	高度压缩两两组合	Porsche	911/911	911	/	/	3L-0	2017-2019/2025	Convertible/Coupe/Coupe	Incl: GT3/GT3 RS			2017-2025	Convertible/Coupe	Incl: GT3/GT3 RS	fallback	Porsche 911 2019 Coupe 原子事实对应多条候选记录
非皮卡	高度压缩两两组合	Porsche	911/911	911	/	/	3L-0	2017-2019/2025-2026	Convertible/Coupe/Coupe	Incl: GT3/			2017-2026	Convertible/Coupe	Incl: GT3	fallback	Porsche 911 2020 Convertible 原子事实对应多条候选记录
非皮卡	高度压缩两两组合	Porsche	911/911	911	/	/	3L-0	2021-2026/2022-2024	Coupe/Coupe	Dakar/Turbo/GT3/GT3 RS			2021-2026	Coupe	Dakar/GT3/GT3 RS/Turbo	fallback	Porsche 911 2025 Coupe 原子事实对应多条候选记录
非皮卡	高度压缩两两组合	Porsche	911/911	911	/	/	3L-0	2021-2026/2025	Coupe/Coupe	Dakar/Turbo/GT3 RS			2021-2026	Coupe	Dakar/GT3 RS/Turbo	fallback	Porsche 911 2022 Coupe 原子事实对应多条候选记录
非皮卡	高度压缩两两组合	Porsche	911/911	911	/	/	3L-0	2021-2026/2025-2026	Coupe/Coupe	Dakar/Turbo/			2021-2026	Coupe	Incl: Dakar/Turbo	fallback	Porsche 911 2021 Coupe 原子事实对应多条候选记录
非皮卡	高度压缩两两组合	Porsche	911/911	911	/	/	3L-0	2022-2024/2025	Coupe/Coupe	GT3/GT3 RS/GT3 RS			2022-2025	Coupe	GT3/GT3 RS	success	
非皮卡	高度压缩两两组合	Porsche	911/911	911	/	/	3M-0	1965-2016/1976-2005	Convertible/Coupe/Targa/Coupe	Incl: GT2 RS/GT2/GT3/GT3 RS/Turbo			1965-2016	Convertible/Coupe/Targa	Incl: GT2/GT2 RS/GT3/GT3 RS/Turbo	fallback	Porsche 911 2007 Coupe 原子事实对应多条候选记录
非皮卡	高度压缩两两组合	Porsche	911/911	911	/	/	3M-0	1965-2016/2007-2011	Convertible/Coupe/Targa/Coupe	Incl: GT2 RS/GT2/GT3/GT3 RS			1965-2016	Convertible/Coupe/Targa	Incl: GT2/GT2 RS/GT3/GT3 RS	fallback	Porsche 911 2002 Coupe 原子事实对应多条候选记录
非皮卡	高度压缩两两组合	Porsche	911/911	911	/	/	3M-0	1965-2016/2007-2019	Convertible/Coupe/Targa/Coupe	Incl: GT2 RS/Turbo			1965-2019	Convertible/Coupe/Targa	Incl: GT2 RS/Turbo	fallback	Porsche 911 1976 Coupe 原子事实对应多条候选记录
非皮卡	高度压缩两两组合	Porsche	911/911	911	/	/	3M-0	1965-2016/2014-2016	Convertible/Coupe/Targa/Coupe	Incl: GT2 RS/GT3			1965-2016	Convertible/Coupe/Targa	Incl: GT2 RS/GT3	fallback	Porsche 911 2004 Coupe 原子事实对应多条候选记录
非皮卡	高度压缩两两组合	Porsche	911/911	911	/	/	3M-0	1965-2016/2020-2024	Convertible/Coupe/Targa/Convertible/Coupe/Targa	Incl: GT2 RS/			1965-2024	Convertible/Coupe/Targa	Incl: GT2 RS	fallback	Porsche 911 2017 Convertible 原子事实对应多条候选记录
非皮卡	高度压缩两两组合	Porsche	911/911	911	/	/	3M-0	1976-2005/2007-2011	Coupe/Coupe	GT2/GT3/GT3 RS/Turbo/GT2/GT3/GT3 RS			1976-2011	Coupe	GT2/GT3/GT3 RS/Turbo	fallback	Porsche 911 2007 Coupe 原子事实对应多条候选记录
非皮卡	高度压缩两两组合	Porsche	911/911	911	/	/	3M-0	1976-2005/2007-2019	Coupe/Coupe	GT2/GT3/GT3 RS/Turbo/Turbo			1976-2019	Coupe	GT2/GT3/GT3 RS/Turbo	fallback	Porsche 911 2007 Coupe 原子事实对应多条候选记录
非皮卡	高度压缩两两组合	Porsche	911/911	911	/	/	3M-0	1976-2005/2014-2016	Coupe/Coupe	GT2/GT3/GT3 RS/Turbo/GT3			1976-2016	Coupe	GT2/GT3/GT3 RS/Turbo	fallback	Porsche 911 2007 Coupe 原子事实对应多条候选记录
非皮卡	高度压缩两两组合	Porsche	911/911	911	/	/	3M-0	1976-2005/2020-2024	Coupe/Convertible/Coupe/Targa	GT2/GT3/GT3 RS/Turbo/			1976-2024	Convertible/Coupe/Targa	Incl: GT2/GT3/GT3 RS/Turbo	fallback	Porsche 911 1976 Coupe 原子事实对应多条候选记录
非皮卡	高度压缩两两组合	Porsche	911/911	911	/	/	3M-0	2007-2011/2007-2019	Coupe/Coupe	GT2/GT3/GT3 RS/Turbo			2007-2019	Coupe	GT2/GT3/GT3 RS/Turbo	fallback	Porsche 911 2014 Coupe 原子事实对应多条候选记录
非皮卡	高度压缩两两组合	Porsche	911/911	911	/	/	3M-0	2007-2011/2014-2016	Coupe/Coupe	GT2/GT3/GT3 RS/GT3			2007-2016	Coupe	GT2/GT3/GT3 RS	fallback	Porsche 911 2016 Coupe 原子事实对应多条候选记录
非皮卡	高度压缩两两组合	Porsche	911/911	911	/	/	3M-0	2007-2011/2020-2024	Coupe/Convertible/Coupe/Targa	GT2/GT3/GT3 RS/			2007-2024	Convertible/Coupe/Targa	Incl: GT2/GT3/GT3 RS	fallback	Porsche 911 2007 Convertible 原子事实对应多条候选记录
非皮卡	高度压缩两两组合	Porsche	911/911	911	/	/	3M-0	2007-2019/2014-2016	Coupe/Coupe	Turbo/GT3			2007-2019	Coupe	GT3/Turbo	fallback	Porsche 911 2007 Coupe 原子事实对应多条候选记录
非皮卡	高度压缩两两组合	Porsche	911/911	911	/	/	3M-0	2007-2019/2020-2024	Coupe/Convertible/Coupe/Targa	Turbo/			2007-2024	Convertible/Coupe/Targa	Incl: Turbo	fallback	Porsche 911 2007 Convertible 原子事实对应多条候选记录
非皮卡	高度压缩两两组合	Porsche	911/911	911	/	/	3M-0	2014-2016/2020-2024	Coupe/Convertible/Coupe/Targa	GT3/			2014-2024	Convertible/Coupe/Targa	Incl: GT3	fallback	Porsche 911 2014 Convertible 原子事实对应多条候选记录
非皮卡	高度压缩两两组合	Porsche	911/911	911	/	/	3L-0	2016-2019/2017-2019	Convertible/Coupe/Convertible/Coupe	GT2 RS/GT3 RS/Speedster/Incl: GT3			2016-2019	Convertible/Coupe	Incl: GT2 RS/GT3/GT3 RS/Speedster	fallback	Porsche 911 2016 Convertible 原子事实对应多条候选记录
非皮卡	高度压缩两两组合	Porsche	911/911	911	/	/	3L-0	2016-2019/2021-2026	Convertible/Coupe/Coupe	GT2 RS/GT3 RS/Speedster/Dakar/Turbo			2016-2026	Convertible/Coupe	Dakar/GT2 RS/GT3 RS/Speedster/Turbo	fallback	Porsche 911 2016 Coupe 原子事实对应多条候选记录
非皮卡	高度压缩两两组合	Porsche	911/911	911	/	/	3L-0	2016-2019/2022-2025	Convertible/Coupe/Coupe	GT2 RS/GT3 RS/Speedster/GT3/GT3 RS			2016-2025	Convertible/Coupe	GT2 RS/GT3/GT3 RS/Speedster	fallback	Porsche 911 2016 Coupe 原子事实对应多条候选记录
非皮卡	高度压缩两两组合	Porsche	911/911	911	/	/	3L-0	2016-2019/2025-2026	Convertible/Coupe/Coupe	GT2 RS/GT3 RS/Speedster/			2016-2026	Convertible/Coupe	Incl: GT2 RS/GT3 RS/Speedster	fallback	Porsche 911 2016 Convertible 原子事实对应多条候选记录
非皮卡	高度压缩两两组合	Porsche	911/911	911	/	/	3L-0	2017-2019/2021-2026	Convertible/Coupe/Coupe	Incl: GT3/Dakar/Turbo			2017-2026	Convertible/Coupe	Incl: Dakar/GT3/Turbo	fallback	Porsche 911 2017 Coupe 原子事实对应多条候选记录
非皮卡	高度压缩两两组合	Porsche	911/911	911	/	/	3L-0	2017-2019/2022-2025	Convertible/Coupe/Coupe	Incl: GT3/GT3/GT3 RS			2017-2025	Convertible/Coupe	Incl: GT3/GT3 RS	fallback	Porsche 911 2019 Coupe 原子事实对应多条候选记录
非皮卡	高度压缩两两组合	Porsche	911/911	911	/	/	3L-0	2017-2019/2025-2026	Convertible/Coupe/Coupe	Incl: GT3/			2017-2026	Convertible/Coupe	Incl: GT3	fallback	Porsche 911 2020 Convertible 原子事实对应多条候选记录
非皮卡	高度压缩两两组合	Porsche	911/911	911	/	/	3L-0	2021-2026/2022-2025	Coupe/Coupe	Dakar/Turbo/GT3/GT3 RS			2021-2026	Coupe	Dakar/GT3/GT3 RS/Turbo	success	
非皮卡	高度压缩两两组合	Porsche	911/911	911	/	/	3M-0	1965-2016/1976-2005	Convertible/Coupe/Targa/Coupe	Incl: GT2 RS/GT2/GT3/GT3 RS/Turbo			1965-2016	Convertible/Coupe/Targa	Incl: GT2/GT2 RS/GT3/GT3 RS/Turbo	fallback	Porsche 911 2007 Coupe 原子事实对应多条候选记录
非皮卡	高度压缩两两组合	Porsche	911/911	911	/	/	3M-0	1965-2016/2007-2011	Convertible/Coupe/Targa/Coupe	Incl: GT2 RS/GT2/GT3/GT3 RS			1965-2016	Convertible/Coupe/Targa	Incl: GT2/GT2 RS/GT3/GT3 RS	fallback	Porsche 911 2002 Coupe 原子事实对应多条候选记录
非皮卡	高度压缩两两组合	Porsche	911/911	911	/	/	3M-0	1965-2016/2007-2019	Convertible/Coupe/Targa/Coupe	Incl: GT2 RS/Turbo			1965-2019	Convertible/Coupe/Targa	Incl: GT2 RS/Turbo	fallback	Porsche 911 1976 Coupe 原子事实对应多条候选记录
非皮卡	高度压缩两两组合	Porsche	911/911	911	/	/	3M-0	1965-2016/2014-2016	Convertible/Coupe/Targa/Coupe	Incl: GT2 RS/GT3			1965-2016	Convertible/Coupe/Targa	Incl: GT2 RS/GT3	fallback	Porsche 911 2004 Coupe 原子事实对应多条候选记录
非皮卡	高度压缩两两组合	Porsche	911/911	911	/	/	3M-0	1965-2016/2020-2024	Convertible/Coupe/Targa/Convertible/Coupe/Targa	Incl: GT2 RS/			1965-2024	Convertible/Coupe/Targa	Incl: GT2 RS	fallback	Porsche 911 2017 Convertible 原子事实对应多条候选记录
非皮卡	高度压缩两两组合	Porsche	911/911	911	/	/	3M-0	1976-2005/2007-2011	Coupe/Coupe	GT2/GT3/GT3 RS/Turbo/GT2/GT3/GT3 RS			1976-2011	Coupe	GT2/GT3/GT3 RS/Turbo	fallback	Porsche 911 2007 Coupe 原子事实对应多条候选记录
非皮卡	高度压缩两两组合	Porsche	911/911	911	/	/	3M-0	1976-2005/2007-2019	Coupe/Coupe	GT2/GT3/GT3 RS/Turbo/Turbo			1976-2019	Coupe	GT2/GT3/GT3 RS/Turbo	fallback	Porsche 911 2007 Coupe 原子事实对应多条候选记录
非皮卡	高度压缩两两组合	Porsche	911/911	911	/	/	3M-0	1976-2005/2014-2016	Coupe/Coupe	GT2/GT3/GT3 RS/Turbo/GT3			1976-2016	Coupe	GT2/GT3/GT3 RS/Turbo	fallback	Porsche 911 2007 Coupe 原子事实对应多条候选记录
非皮卡	高度压缩两两组合	Porsche	911/911	911	/	/	3M-0	1976-2005/2020-2024	Coupe/Convertible/Coupe/Targa	GT2/GT3/GT3 RS/Turbo/			1976-2024	Convertible/Coupe/Targa	Incl: GT2/GT3/GT3 RS/Turbo	fallback	Porsche 911 1976 Coupe 原子事实对应多条候选记录
非皮卡	高度压缩两两组合	Porsche	911/911	911	/	/	3M-0	2007-2011/2007-2019	Coupe/Coupe	GT2/GT3/GT3 RS/Turbo			2007-2019	Coupe	GT2/GT3/GT3 RS/Turbo	fallback	Porsche 911 2014 Coupe 原子事实对应多条候选记录
非皮卡	高度压缩两两组合	Porsche	911/911	911	/	/	3M-0	2007-2011/2014-2016	Coupe/Coupe	GT2/GT3/GT3 RS/GT3			2007-2016	Coupe	GT2/GT3/GT3 RS	fallback	Porsche 911 2016 Coupe 原子事实对应多条候选记录
非皮卡	高度压缩两两组合	Porsche	911/911	911	/	/	3M-0	2007-2011/2020-2024	Coupe/Convertible/Coupe/Targa	GT2/GT3/GT3 RS/			2007-2024	Convertible/Coupe/Targa	Incl: GT2/GT3/GT3 RS	fallback	Porsche 911 2007 Convertible 原子事实对应多条候选记录
非皮卡	高度压缩两两组合	Porsche	911/911	911	/	/	3M-0	2007-2019/2014-2016	Coupe/Coupe	Turbo/GT3			2007-2019	Coupe	GT3/Turbo	fallback	Porsche 911 2007 Coupe 原子事实对应多条候选记录
非皮卡	高度压缩两两组合	Porsche	911/911	911	/	/	3M-0	2007-2019/2020-2024	Coupe/Convertible/Coupe/Targa	Turbo/			2007-2024	Convertible/Coupe/Targa	Incl: Turbo	fallback	Porsche 911 2007 Convertible 原子事实对应多条候选记录
非皮卡	高度压缩两两组合	Porsche	911/911	911	/	/	3M-0	2014-2016/2020-2024	Coupe/Convertible/Coupe/Targa	GT3/			2014-2024	Convertible/Coupe/Targa	Incl: GT3	fallback	Porsche 911 2014 Convertible 原子事实对应多条候选记录
非皮卡	高度压缩两两组合	Porsche	911/911	911	/	/	3L-0	2016-2019/2017-2019	Convertible/Coupe/Convertible/Coupe	GT2 RS/GT3 RS/Speedster/Incl: GT3			2016-2019	Convertible/Coupe	Incl: GT2 RS/GT3/GT3 RS/Speedster	fallback	Porsche 911 2016 Convertible 原子事实对应多条候选记录
非皮卡	高度压缩两两组合	Porsche	911/911	911	/	/	3L-0	2016-2019/2021-2026	Convertible/Coupe/Coupe	GT2 RS/GT3 RS/Speedster/Dakar/GT3/GT3 RS/Turbo			2016-2026	Convertible/Coupe	Dakar/GT2 RS/GT3/GT3 RS/Speedster/Turbo	fallback	Porsche 911 2016 Coupe 原子事实对应多条候选记录
非皮卡	高度压缩两两组合	Porsche	911/911	911	/	/	3L-0	2016-2019/2025-2026	Convertible/Coupe/Coupe	GT2 RS/GT3 RS/Speedster/			2016-2026	Convertible/Coupe	Incl: GT2 RS/GT3 RS/Speedster	fallback	Porsche 911 2016 Convertible 原子事实对应多条候选记录
非皮卡	高度压缩两两组合	Porsche	911/911	911	/	/	3L-0	2017-2019/2021-2026	Convertible/Coupe/Coupe	Incl: GT3/Dakar/GT3/GT3 RS/Turbo			2017-2026	Convertible/Coupe	Incl: Dakar/GT3/GT3 RS/Turbo	fallback	Porsche 911 2017 Coupe 原子事实对应多条候选记录
非皮卡	高度压缩两两组合	Porsche	911/911	911	/	/	3L-0	2017-2019/2025-2026	Convertible/Coupe/Coupe	Incl: GT3/			2017-2026	Convertible/Coupe	Incl: GT3	fallback	Porsche 911 2020 Convertible 原子事实对应多条候选记录
非皮卡	高度压缩两两组合	Porsche	911/911	911	/	/	3L-0	2021-2026/2025-2026	Coupe/Coupe	Dakar/GT3/GT3 RS/Turbo/			2021-2026	Coupe	Incl: Dakar/GT3/GT3 RS/Turbo	fallback	Porsche 911 2021 Coupe 原子事实对应多条候选记录
非皮卡	高度压缩两两组合	Porsche	Boxster/Boxster	Boxster	/	/	3M-0	1997-2015/2013-2016	Coupe/Convertible	/			1997-2016	Convertible/Coupe		success	
非皮卡	高度压缩两两组合	Porsche	Boxster/Boxster	Boxster	/	/	3M-0	1997-2016/2017-2025	Convertible/Coupe/Coupe	/			1997-2025	Convertible/Coupe		fallback	Porsche Boxster 2020 Convertible 原子事实对应多条候选记录
非皮卡	高度压缩两两组合	Porsche	Boxster/Boxster	Boxster	/	/	3M-0	1997-2016/2020-2025	Convertible/Coupe/Convertible	/			1997-2025	Convertible/Coupe		fallback	Porsche Boxster 2017 Coupe 原子事实对应多条候选记录
非皮卡	高度压缩两两组合	Porsche	Boxster/Boxster	Boxster	/	/	3M-0	2017-2025/2020-2025	Coupe/Convertible	/			2017-2025	Convertible/Coupe		success	
非皮卡	高度压缩两两组合	Porsche	Boxster/Boxster	Boxster	/	/	3M-0	1997-2016/2017-2025	Convertible/Coupe/Convertible/Coupe	/			1997-2025	Convertible/Coupe		success	
非皮卡	高度压缩两两组合	Porsche	Cayenne/Cayenne	Cayenne	/	/	YL	2003-2006/2008-2010	SUV/SUV	/			2003-2010	SUV		success	
非皮卡	高度压缩两两组合	Porsche	Cayenne/Cayenne	Cayenne	/	/	YXL	2011-2019/2025-2026	SUV/SUV	/			2011-2026	SUV		success	
非皮卡	高度压缩两两组合	Porsche	Cayman/Cayman	Cayman	/	/	3M-0	2009-2012/2014-2025	Coupe/Coupe	/			2009-2025	Coupe		success	
非皮卡	高度压缩两两组合	Porsche	Panamera/Panamera	Panamera	/	/	2XL+	2010-2016/2018-2023	Hatchback/Wagon	/Sport Turismo			2010-2023	Hatchback/Wagon	Incl: Sport Turismo	success	
非皮卡	高度压缩两两组合	Porsche	Taycan/Taycan	Taycan	/	/	3XL+	2020-2026/2025-2026	Sedan/Sedan	/Turbo GT			2020-2026	Sedan	Incl: Turbo GT	success	
非皮卡	高度压缩两两组合	Porsche	Taycan/Taycan	Taycan	/	/	2XL+	2021-2024/2022-2024	Wagon/Wagon	Cross Turismo/Sport Turismo			2021-2024	Wagon	Cross Turismo/Sport Turismo	success	
非皮卡	高度压缩两两组合	Porsche	Taycan/Taycan	Taycan	/	/	2XL+	2021-2024/2025-2026	Wagon/Wagon	Cross Turismo/Sport Turismo/			2021-2026	Wagon	Incl: Cross Turismo/Sport Turismo	success	
非皮卡	高度压缩两两组合	Saturn	S-Series/S-Series	S-Series	/	/	3M	1991-1993/1996-1999	Sedan/Sedan	/			1991-1999	Sedan		success	
非皮卡	高度压缩两两组合	Saturn	S-Series/S-Series	S-Series	/	/	3M-0	1991-1993/1995-1996	Coupe/Coupe	/			1991-1996	Coupe		success	
非皮卡	高度压缩两两组合	Scion	xB/xB	xB	/	/	2L+	2008-2010/2011-2015	Wagon/Hatchback	/			2008-2015	Hatchback/Wagon		success	
非皮卡	高度压缩两两组合	Subaru	Crosstrek/Crosstrek	Crosstrek	/	/	YM+	2013-2023/2024-2026	Crossover/Crossover	/Wilderness			2013-2026	Crossover	Incl: Wilderness	success	
非皮卡	高度压缩两两组合	Subaru	Forester/Forester	Forester	/	/	YL	2014-2021/2022-2024	SUV/SUV	/Wilderness			2014-2024	SUV	Incl: Wilderness	success	
非皮卡	高度压缩两两组合	Subaru	Forester/Forester	Forester	/	/	YL	2014-2024/2025	SUV/SUV	Incl: Wilderness/			2014-2025	SUV	Incl: Wilderness	success	
非皮卡	高度压缩两两组合	Subaru	Forester/Forester	Forester	/	/	YL	2014-2025/2026	SUV/SUV	Incl: Wilderness/Wilderness			2014-2026	SUV	Incl: Wilderness	success	
非皮卡	高度压缩两两组合	Subaru	Impreza/Impreza	Impreza	/	/	2L+	1993-1996/1997-2001	Wagon/Wagon	/Outback Sport			1993-2001	Wagon	Incl: Outback Sport	success	
非皮卡	高度压缩两两组合	Subaru	Impreza/Impreza	Impreza	/	/	2L+	1993-2001/2002-2007	Wagon/Wagon	Incl: Outback Sport/			1993-2007	Wagon	Incl: Outback Sport	success	
非皮卡	高度压缩两两组合	Subaru	Impreza/Impreza	Impreza	/	/	2L+	1993-2007/2008-2026	Wagon/Hatchback	Incl: Outback Sport/			1993-2026	Hatchback/Wagon	Incl: Outback Sport	success	
非皮卡	高度压缩两两组合	Subaru	Legacy/Legacy	Legacy	/	/	3L	1992-1994/1997-2009	Sedan/Sedan	/			1992-2009	Sedan		success	
非皮卡	高度压缩两两组合	Subaru	Outback/Outback	Outback	/	/	2XL	1995-2009/2010-2019	Wagon/Hatchback	/			1995-2019	Hatchback/Wagon		success	
非皮卡	高度压缩两两组合	Subaru	Outback/Outback	Outback	/	/	2XL+	2020-2025/2026	Wagon/Hatchback	Wilderness/			2020-2026	Hatchback/Wagon	Incl: Wilderness	success	
非皮卡	高度压缩两两组合	Subaru	Outback Sport/Outback Sport	Outback Sport	/	/	2L+	1995-2001/2001-2007	Wagon/Wagon	/Outback Sport			1995-2007	Wagon	Incl: Outback Sport	success	
非皮卡	高度压缩两两组合	Subaru	Outback Sport/Outback Sport	Outback Sport	/	/	2L+	1995-2007/2008-2011	Wagon/Hatchback	Incl: Outback Sport/Outback Sport			1995-2011	Hatchback/Wagon	Incl: Outback Sport	success	
非皮卡	高度压缩两两组合	Subaru	WRX/WRX	WRX	/	/	3M	2002/2002-2007	Sedan/Sedan	WRX/WRX/STI			2002-2007	Sedan	STI/WRX	success	
非皮卡	高度压缩两两组合	Subaru	WRX/WRX	WRX	/	/	2L+	2002-2003/2008-2014	Wagon/Hatchback	WRX/WRX/STI			2002-2014	Hatchback/Wagon	STI/WRX	success	
非皮卡	高度压缩两两组合	Subaru	WRX/WRX	WRX	/	/	3L	2008-2021/2022-2026	Sedan/Sedan	WRX/STI/WRX			2008-2026	Sedan	STI/WRX	success	
非皮卡	高度压缩两两组合	Suzuki	Sidekick/Sidekick	Sidekick	/	/	无可用尺码	1989-1991/1993	SUV/SUV	/			1989-1993	SUV		fallback	Suzuki Sidekick 1992 SUV 原子事实对应多条候选记录
非皮卡	高度压缩两两组合	Suzuki	Sidekick/Sidekick	Sidekick	/	/	YM+	1992/1994-1995	SUV/SUV	/			1992-1995	SUV		fallback	Suzuki Sidekick 1993 SUV 原子事实对应多条候选记录
非皮卡	高度压缩两两组合	Suzuki	Sidekick/Sidekick	Sidekick	/	/	YM+	1992/1996-1998	SUV/SUV	/Sport			1992-1998	SUV	Incl: Sport	fallback	Suzuki Sidekick 1993 SUV 原子事实对应多条候选记录
非皮卡	高度压缩两两组合	Suzuki	Sidekick/Sidekick	Sidekick	/	/	YM+	1994-1995/1996-1998	SUV/SUV	/Sport			1994-1998	SUV	Incl: Sport	success	
非皮卡	高度压缩两两组合	Suzuki	Sidekick/Sidekick	Sidekick	/	/	无可用尺码	1989-1991/1993	SUV/SUV	/			1989-1993	SUV		fallback	Suzuki Sidekick 1992 SUV 原子事实对应多条候选记录
非皮卡	高度压缩两两组合	Suzuki	Sidekick/Sidekick	Sidekick	/	/	YM+	1992/1994-1998	SUV/SUV	/Incl: Sport			1992-1998	SUV	Incl: Sport	fallback	Suzuki Sidekick 1993 SUV 原子事实对应多条候选记录
非皮卡	高度压缩两两组合	Tesla	Model Y/Model Y	Model Y	/	/	YL	2020-2024/2025-2026	Crossover/SUV	/Performance			2020-2026	Crossover/SUV	Incl: Performance	success	
非皮卡	高度压缩两两组合	Toyota	86/86	86	/	/	3M-0	2017-2020/2022-2026	Coupe/Coupe	/			2017-2026	Coupe		success	
非皮卡	高度压缩两两组合	Toyota	Celica/Celica	Celica	/	/	3M-0	1971-1985/1986-1993	Coupe/Coupe	/All-Trac			1971-1993	Coupe	Incl: All-Trac	success	
非皮卡	高度压缩两两组合	Toyota	Celica/Celica	Celica	/	/	3M-0	1971-1993/1994-1999	Coupe/Convertible	Incl: All-Trac/			1971-1999	Convertible/Coupe	Incl: All-Trac	success	
非皮卡	高度压缩两两组合	Toyota	Corolla/Corolla	Corolla	/	/	2L+	1975-1983/1980-1987	Wagon/Hatchback	/			1975-1987	Hatchback/Wagon		success	
非皮卡	高度压缩两两组合	Toyota	Corolla/Corolla	Corolla	/	/	2L+	1975-1987/1988-1997	Hatchback/Wagon/Wagon	/			1975-1997	Hatchback/Wagon		success	
非皮卡	高度压缩两两组合	Toyota	Corolla/Corolla	Corolla	/	/	2L+	1975-1997/2019-2026	Hatchback/Wagon/Hatchback	/			1975-2026	Hatchback/Wagon		success	
非皮卡	高度压缩两两组合	Toyota	Corolla/Corolla	Corolla	/	/	2L+	1975-2026/2023-2026	Hatchback/Wagon/Hatchback	/GR Corolla			1975-2026	Hatchback/Wagon	Incl: GR Corolla	success	
非皮卡	高度压缩两两组合	Toyota	Land Cruiser/Land Cruiser	Land Cruiser	/	/	YXL	1998-2021/2024-2026	SUV/SUV	/			1998-2026	SUV		success	
非皮卡	高度压缩两两组合	Toyota	MR2/MR2	MR2	/	/	3S-0	1985-1989/1991-1995	Coupe/Coupe	/			1985-1995	Coupe		success	
非皮卡	高度压缩两两组合	Toyota	MR2/MR2	MR2	/	/	3S-0	1985-1995/2000-2005	Coupe/Convertible	/			1985-2005	Convertible/Coupe		success	
非皮卡	高度压缩两两组合	Toyota	RAV4/RAV4	RAV4	/	/	YM+	2001-2005/2013-2014	SUV/SUV	/EV			2001-2014	SUV	Incl: EV	fallback	Toyota RAV4 2006 SUV 原子事实对应多条候选记录
非皮卡	高度压缩两两组合	Toyota	RAV4/RAV4	RAV4	/	/	YM+	2001-2005/2013-2018	SUV/SUV	/			2001-2018	SUV		fallback	Toyota RAV4 2006 SUV 原子事实对应多条候选记录
非皮卡	高度压缩两两组合	Toyota	RAV4/RAV4	RAV4	/	/	YM+	2001-2005/2026	SUV/SUV	/			2001-2026	SUV		fallback	Toyota RAV4 2006 SUV 原子事实对应多条候选记录
非皮卡	高度压缩两两组合	Toyota	RAV4/RAV4	RAV4	/	/	YL	2006-2012/2019-2025	SUV/SUV	/			2006-2025	SUV		fallback	Toyota RAV4 2013 SUV 原子事实对应多条候选记录
非皮卡	高度压缩两两组合	Toyota	RAV4/RAV4	RAV4	/	/	YM+	2013-2014/2013-2018	SUV/SUV	EV/			2013-2018	SUV	Incl: EV	success	
非皮卡	高度压缩两两组合	Toyota	RAV4/RAV4	RAV4	/	/	YM+	2001-2005/2013-2018	SUV/SUV	/Incl: EV			2001-2018	SUV	Incl: EV	fallback	Toyota RAV4 2006 SUV 原子事实对应多条候选记录
非皮卡	高度压缩两两组合	Toyota	RAV4/RAV4	RAV4	/	/	YM+	2001-2005/2026	SUV/SUV	/			2001-2026	SUV		fallback	Toyota RAV4 2006 SUV 原子事实对应多条候选记录
非皮卡	高度压缩两两组合	Toyota	RAV4/RAV4	RAV4	/	/	YL	2006-2012/2019-2025	SUV/SUV	/			2006-2025	SUV		fallback	Toyota RAV4 2013 SUV 原子事实对应多条候选记录
非皮卡	高度压缩两两组合	Toyota	RAV4/RAV4	RAV4	/	/	YM+	2013-2018/2026	SUV/SUV	Incl: EV/			2013-2026	SUV	Incl: EV	fallback	Toyota RAV4 2019 SUV 原子事实对应多条候选记录
非皮卡	高度压缩两两组合	Toyota	Sienna/Sienna	Sienna	/	/	2XXL-525	2007-2021/2022-2026	MPV/MPV	/Woodland			2007-2026	MPV	Incl: Woodland	success	
非皮卡	高度压缩两两组合	Toyota	Solara/Solara	Solara	/	/	3XL-0	1999-2003/2000-2003	Coupe/Convertible	/			1999-2003	Convertible/Coupe		success	
非皮卡	高度压缩两两组合	Toyota	Solara/Solara	Solara	/	/	3XL+0	2004-2008/2004-2008	Convertible/Coupe	/			2004-2008	Convertible/Coupe		success	
非皮卡	高度压缩两两组合	Toyota	Supra/Supra	Supra	/	/	3L-0	1979-1981/1987-1992	Coupe/Coupe	/			1979-1992	Coupe		fallback	Toyota Supra 1982 Coupe 原子事实对应多条候选记录
非皮卡	高度压缩两两组合	Toyota	Supra/Supra	Supra	/	/	3M-0	1982-1986/1993-1998	Coupe/Coupe	/			1982-1998	Coupe		fallback	Toyota Supra 1987 Coupe 原子事实对应多条候选记录
非皮卡	高度压缩两两组合	Toyota	Supra/Supra	Supra	/	/	3M-0	1982-1986/2020-2026	Coupe/Coupe	/			1982-2026	Coupe		fallback	Toyota Supra 1987 Coupe 原子事实对应多条候选记录
非皮卡	高度压缩两两组合	Toyota	Supra/Supra	Supra	/	/	3M-0	1993-1998/2020-2026	Coupe/Coupe	/			1993-2026	Coupe		success	
非皮卡	高度压缩两两组合	Toyota	Supra/Supra	Supra	/	/	3L-0	1979-1981/1987-1992	Coupe/Coupe	/			1979-1992	Coupe		fallback	Toyota Supra 1982 Coupe 原子事实对应多条候选记录
非皮卡	高度压缩两两组合	Toyota	Supra/Supra	Supra	/	/	3M-0	1982-1986/1993-2026	Coupe/Coupe	/			1982-2026	Coupe		fallback	Toyota Supra 1987 Coupe 原子事实对应多条候选记录
非皮卡	高度压缩两两组合	Toyota	Tercel/Tercel	Tercel	/	/	2L+	1980-1982/1983-1988	Hatchback/Wagon	/4WD			1980-1988	Hatchback/Wagon	Incl: 4WD	success	
非皮卡	高度压缩两两组合	Toyota	Tercel/Tercel	Tercel	/	/	3S	1980-1982/1981	Sedan/Sedan	2dr Deluxe/4dr			1980-1982	Sedan	2dr Deluxe/4dr	success	
非皮卡	高度压缩两两组合	Toyota	Tercel/Tercel	Tercel	/	/	3S	1980-1982/1982	Sedan/Sedan	2dr Deluxe/4dr/4dr Deluxe			1980-1982	Sedan	2dr Deluxe/4dr/4dr Deluxe	success	
非皮卡	高度压缩两两组合	Toyota	Tercel/Tercel	Tercel	/	/	3S	1980-1982/1991-1998	Sedan/Sedan	2dr Deluxe/4dr/4dr Deluxe/			1980-1998	Sedan	Incl: 2dr Deluxe/4dr/4dr Deluxe	success	
非皮卡	高度压缩两两组合	Toyota	Yaris/Yaris	Yaris	/	/	3M	2007-2011/2017-2020	Sedan/Sedan	/			2007-2020	Sedan		success	
非皮卡	高度压缩两两组合	Toyota	Yaris/Yaris	Yaris	/	/	2M	2007-2018/2020	Hatchback/Hatchback	/			2007-2020	Hatchback		success	
非皮卡	高度压缩两两组合	VinFast	VF8/VF8	VF8	/	/	YL	2023-2025/2023-2025	SUV/SUV	Eco/Plus			2023-2025	SUV	Eco/Plus	success	
非皮卡	高度压缩两两组合	Volkswagen	Arteon/Arteon	Arteon	/	/	2XL+	2019-2021/2022-2024	Hatchback/Hatchback	SEL Premium 4MOTION/SE R-Line			2019-2024	Hatchback	SE R-Line/SEL Premium 4MOTION	success	
非皮卡	高度压缩两两组合	Volkswagen	Atlas/Atlas	Atlas	/	/	YXL	2018-2020/2020-2026	SUV/SUV	V6 SE w/Technology/Cross Sport			2018-2026	SUV	Cross Sport/Technology/V6 SE w	success	
非皮卡	高度压缩两两组合	Volkswagen	Atlas/Atlas	Atlas	/	/	YXL	2018-2026/2021-2023	SUV/SUV	Cross Sport/Technology/V6 SE w/SEL R-Line			2018-2026	SUV	Cross Sport/SEL R-Line/Technology/V6 SE w	success	
非皮卡	高度压缩两两组合	Volkswagen	Atlas/Atlas	Atlas	/	/	YXL	2018-2026/2024-2026	SUV/SUV	Cross Sport/SEL R-Line/Technology/V6 SE w/SE			2018-2026	SUV	Cross Sport/SE/SEL R-Line/Technology/V6 SE w	success	
非皮卡	高度压缩两两组合	Volkswagen	Beetle/Beetle	Beetle	/	/	2L+	2012-2019/2018	Hatchback/Hatchback	/Dune			2012-2019	Hatchback	Incl: Dune	success	
非皮卡	高度压缩两两组合	Volkswagen	Beetle/Beetle	Beetle	/	/	3M-0	2012-2019/2018	Convertible/Convertible	/Dune			2012-2019	Convertible	Incl: Dune	success	
非皮卡	高度压缩两两组合	Volkswagen	Dasher/Dasher	Dasher	/	/	2L+	1978/1978	Hatchback/Wagon	2dr/4dr Station			1978	Hatchback/Wagon	2dr/4dr Station	success	
非皮卡	高度压缩两两组合	Volkswagen	Golf/Golf	Golf	/	/	2L+	2000-2014/2012	Hatchback/Hatchback	/R			2000-2014	Hatchback	Incl: R	success	
非皮卡	高度压缩两两组合	Volkswagen	Golf/Golf	Golf	/	/	2L+	2000-2014/2015	Hatchback/Hatchback	Incl: R/Diesel			2000-2015	Hatchback	Incl: Diesel/R	success	
非皮卡	高度压缩两两组合	Volkswagen	Golf/Golf	Golf	/	/	2L+	2000-2015/2015-2026	Hatchback/Hatchback	Incl: Diesel/R/GTI			2000-2026	Hatchback	Incl: Diesel/GTI/R	fallback	Volkswagen Golf 2016 Hatchback 原子事实对应多条候选记录
非皮卡	高度压缩两两组合	Volkswagen	Golf/Golf	Golf	/	/	2L+	2000-2015/2016-2021	Hatchback/Hatchback	Incl: Diesel/R/			2000-2021	Hatchback	Incl: Diesel/R	fallback	Volkswagen Golf 2018 Hatchback 原子事实对应多条候选记录
非皮卡	高度压缩两两组合	Volkswagen	Golf/Golf	Golf	/	/	2L+	2000-2015/2018-2019	Hatchback/Hatchback	Incl: Diesel/R/R			2000-2019	Hatchback	Incl: Diesel/R	fallback	Volkswagen Golf 2016 Hatchback 原子事实对应多条候选记录
非皮卡	高度压缩两两组合	Volkswagen	Golf/Golf	Golf	/	/	2L+	2000-2015/2022-2026	Hatchback/Hatchback	Incl: Diesel/R/GTI/R			2000-2026	Hatchback	Incl: Diesel/GTI/R	fallback	Volkswagen Golf 2015 Hatchback 原子事实对应多条候选记录
非皮卡	高度压缩两两组合	Volkswagen	Golf/Golf	Golf	/	/	2L+	2000-2015/2022-2026	Hatchback/Hatchback	Incl: Diesel/R/R			2000-2026	Hatchback	Incl: Diesel/R	fallback	Volkswagen Golf 2016 Hatchback 原子事实对应多条候选记录
非皮卡	高度压缩两两组合	Volkswagen	Golf/Golf	Golf	/	/	2XL	2015-2016/2018-2019	Wagon/Wagon	/			2015-2019	Wagon		success	
非皮卡	高度压缩两两组合	Volkswagen	Golf/Golf	Golf	/	/	2L+	2000-2015/2015-2026	Hatchback/Hatchback	Incl: Diesel/R/GTI			2000-2026	Hatchback	Incl: Diesel/GTI/R	fallback	Volkswagen Golf 2016 Hatchback 原子事实对应多条候选记录
非皮卡	高度压缩两两组合	Volkswagen	Golf/Golf	Golf	/	/	2L+	2000-2015/2016-2021	Hatchback/Hatchback	Incl: Diesel/R/			2000-2021	Hatchback	Incl: Diesel/R	fallback	Volkswagen Golf 2018 Hatchback 原子事实对应多条候选记录
非皮卡	高度压缩两两组合	Volkswagen	Golf/Golf	Golf	/	/	2L+	2000-2015/2018-2019	Hatchback/Hatchback	Incl: Diesel/R/R			2000-2019	Hatchback	Incl: Diesel/R	fallback	Volkswagen Golf 2016 Hatchback 原子事实对应多条候选记录
非皮卡	高度压缩两两组合	Volkswagen	Golf/Golf	Golf	/	/	2L+	2000-2015/2022-2026	Hatchback/Hatchback	Incl: Diesel/R/GTI/R			2000-2026	Hatchback	Incl: Diesel/GTI/R	fallback	Volkswagen Golf 2015 Hatchback 原子事实对应多条候选记录
非皮卡	高度压缩两两组合	Volkswagen	Golf/Golf	Golf	/	/	2L+	2000-2015/2022-2026	Hatchback/Hatchback	Incl: Diesel/R/R			2000-2026	Hatchback	Incl: Diesel/R	fallback	Volkswagen Golf 2016 Hatchback 原子事实对应多条候选记录
非皮卡	高度压缩两两组合	Volkswagen	Golf/Golf	Golf	/	/	2L+	2015-2026/2016-2021	Hatchback/Hatchback	GTI/			2015-2026	Hatchback	Incl: GTI	fallback	Volkswagen Golf 2022 Hatchback 原子事实对应多条候选记录
非皮卡	高度压缩两两组合	Volkswagen	Golf/Golf	Golf	/	/	2L+	2015-2026/2018-2019	Hatchback/Hatchback	GTI/R			2015-2026	Hatchback	GTI/R	fallback	Volkswagen Golf 2022 Hatchback 原子事实对应多条候选记录
非皮卡	高度压缩两两组合	Volkswagen	Golf/Golf	Golf	/	/	2L+	2015-2026/2022-2026	Hatchback/Hatchback	GTI/GTI/R			2015-2026	Hatchback	GTI/R	fallback	Volkswagen Golf 2018 Hatchback 原子事实对应多条候选记录
非皮卡	高度压缩两两组合	Volkswagen	Golf/Golf	Golf	/	/	2L+	2015-2026/2022-2026	Hatchback/Hatchback	GTI/R			2015-2026	Hatchback	GTI/R	fallback	Volkswagen Golf 2018 Hatchback 原子事实对应多条候选记录
非皮卡	高度压缩两两组合	Volkswagen	Golf/Golf	Golf	/	/	2L+	2016-2021/2018-2019	Hatchback/Hatchback	/R			2016-2021	Hatchback	Incl: R	success	
非皮卡	高度压缩两两组合	Volkswagen	Golf/Golf	Golf	/	/	2L+	2000-2015/2015-2026	Hatchback/Hatchback	Incl: Diesel/R/GTI			2000-2026	Hatchback	Incl: Diesel/GTI/R	fallback	Volkswagen Golf 2016 Hatchback 原子事实对应多条候选记录
非皮卡	高度压缩两两组合	Volkswagen	Golf/Golf	Golf	/	/	2L+	2000-2015/2016-2021	Hatchback/Hatchback	Incl: Diesel/R/Incl: R			2000-2021	Hatchback	Incl: Diesel/R	success	
非皮卡	高度压缩两两组合	Volkswagen	Golf/Golf	Golf	/	/	2L+	2000-2021/2015-2026	Hatchback/Hatchback	Incl: Diesel/R/GTI			2000-2026	Hatchback	Incl: Diesel/GTI/R	fallback	Volkswagen Golf 2022 Hatchback 原子事实对应多条候选记录
非皮卡	高度压缩两两组合	Volkswagen	Golf/Golf	Golf	/	/	2L+	2000-2021/2022-2026	Hatchback/Hatchback	Incl: Diesel/R/GTI/R			2000-2026	Hatchback	Incl: Diesel/GTI/R	fallback	Volkswagen Golf 2015 Hatchback 原子事实对应多条候选记录
非皮卡	高度压缩两两组合	Volkswagen	Golf/Golf	Golf	/	/	2L+	2000-2021/2022-2026	Hatchback/Hatchback	Incl: Diesel/R/R			2000-2026	Hatchback	Incl: Diesel/R	fallback	Volkswagen Golf 2022 Hatchback 原子事实对应多条候选记录
非皮卡	高度压缩两两组合	Volkswagen	Golf/Golf	Golf	/	/	2L+	2015-2026/2022-2026	Hatchback/Hatchback	GTI/GTI/R			2015-2026	Hatchback	GTI/R	fallback	Volkswagen Golf 2018 Hatchback 原子事实对应多条候选记录
非皮卡	高度压缩两两组合	Volkswagen	Golf/Golf	Golf	/	/	2L+	2015-2026/2022-2026	Hatchback/Hatchback	GTI/R			2015-2026	Hatchback	GTI/R	fallback	Volkswagen Golf 2018 Hatchback 原子事实对应多条候选记录
非皮卡	高度压缩两两组合	Volkswagen	Golf/Golf	Golf	/	/	2L+	2022-2026/2022-2026	Hatchback/Hatchback	GTI/R/R			2022-2026	Hatchback	GTI/R	fallback	Volkswagen Golf 2022 Hatchback 原子事实对应多条候选记录
非皮卡	高度压缩两两组合	Volkswagen	Jetta/Jetta	Jetta	/	/	3M	1985-1999/2000-2005	Sedan/Sedan	/Diesel			1985-2005	Sedan	Incl: Diesel	success	
非皮卡	高度压缩两两组合	Volkswagen	Passat/Passat	Passat	/	/	2L+	1974-1981/1974-1981	Hatchback/Wagon	/			1974-1981	Hatchback/Wagon		success	
非皮卡	高度压缩两两组合	Volkswagen	Passat/Passat	Passat	/	/	3L	1982-1985/1987-1988	Sedan/Sedan	/			1982-1988	Sedan		fallback	Volkswagen Passat 1986 Sedan 原子事实对应多条候选记录
非皮卡	高度压缩两两组合	Volkswagen	Passat/Passat	Passat	/	/	3L	1982-1985/1990-1997	Sedan/Sedan	/			1982-1997	Sedan		fallback	Volkswagen Passat 1986 Sedan 原子事实对应多条候选记录
非皮卡	高度压缩两两组合	Volkswagen	Passat/Passat	Passat	/	/	2XL	1982-1988/1990-2005	Wagon/Wagon	/			1982-2005	Wagon		success	
非皮卡	高度压缩两两组合	Volkswagen	Passat/Passat	Passat	/	/	3L	1982-1985/1987-1988	Sedan/Sedan	/			1982-1988	Sedan		fallback	Volkswagen Passat 1986 Sedan 原子事实对应多条候选记录
非皮卡	高度压缩两两组合	Volkswagen	Passat/Passat	Passat	/	/	3L	1982-1985/1990-1997	Sedan/Sedan	/			1982-1997	Sedan		fallback	Volkswagen Passat 1986 Sedan 原子事实对应多条候选记录
非皮卡	高度压缩两两组合	Volkswagen	Passat/Passat	Passat	/	/	2XL	1982-2005/2007-2010	Wagon/Wagon	/			1982-2010	Wagon		success	
非皮卡	高度压缩两两组合	Volkswagen	Passat/Passat	Passat	/	/	3L	1982-1985/1987-1988	Sedan/Sedan	/			1982-1988	Sedan		fallback	Volkswagen Passat 1986 Sedan 原子事实对应多条候选记录
非皮卡	高度压缩两两组合	Volkswagen	Passat/Passat	Passat	/	/	3L	1982-1985/1990-1997	Sedan/Sedan	/			1982-1997	Sedan		fallback	Volkswagen Passat 1986 Sedan 原子事实对应多条候选记录
非皮卡	高度压缩两两组合	Volkswagen	Passat/Passat	Passat	/	/	3L	1987-1988/1990-1997	Sedan/Sedan	/			1987-1997	Sedan		success	
非皮卡	高度压缩两两组合	Volkswagen	Passat/Passat	Passat	/	/	3L	1982-1985/1987-1997	Sedan/Sedan	/			1982-1997	Sedan		fallback	Volkswagen Passat 1986 Sedan 原子事实对应多条候选记录
非皮卡	高度压缩两两组合	Volkswagen	Passat/Passat	Passat	/	/	3XL	1998-2010/2012-2019	Sedan/Sedan	/			1998-2019	Sedan		success	
非皮卡	高度压缩两两组合	Volkswagen	Passat/Passat	Passat	/	/	3L	1982-1985/1987-1997	Sedan/Sedan	/			1982-1997	Sedan		fallback	Volkswagen Passat 1986 Sedan 原子事实对应多条候选记录
非皮卡	高度压缩两两组合	Volkswagen	Rabbit/Rabbit	Rabbit	/	/	2M	1975-1984/1984	Hatchback/Hatchback	/GTI			1975-1984	Hatchback	Incl: GTI	success	
非皮卡	高度压缩两两组合	Volvo	S60/S60	S60	/	/	3L	2001-2009/2011-2018	Sedan/Sedan	/			2001-2018	Sedan		success	
非皮卡	高度压缩两两组合	Volvo	S90/S90	S90	/	/	3XL+	2017/2021-2025	Sedan/Sedan	/			2017-2025	Sedan		success	
非皮卡	高度压缩两两组合	Volvo	V40/V40	V40	/	/	2L+	2000-2001/2004	Wagon/Wagon	/			2000-2004	Wagon		fallback	Volvo V40 2002 Wagon 原子事实对应多条候选记录
非皮卡	高度压缩两两组合	Volvo	V60/V60	V60	/	/	2XL	2015-2018/2019-2026	Wagon/Wagon	Cross Country/			2015-2026	Wagon	Incl: Cross Country	success	
非皮卡	高度压缩两两组合	Volvo	V70/V70	V70	/	/	2XL	1998-2000/1998-2000	Wagon/Wagon	/XC			1998-2000	Wagon	Incl: XC	success	
非皮卡	高度压缩两两组合	Volvo	V70/V70	V70	/	/	2XL	1998-2000/2001-2010	Wagon/Hatchback	Incl: XC/			1998-2010	Hatchback/Wagon	Incl: XC	success	
非皮卡	高度压缩两两组合	Volvo	V90/V90	V90	/	/	2XL+	1997-1998/2017-2026	Wagon/Wagon	/Cross Country			1997-2026	Wagon	Incl: Cross Country	success	
皮卡	高度压缩两两组合	Chevrolet	Avalanche/Avalanche	Avalanche	Crew/Crew	5.3/5.3	PK-L	2002-2006/2002-2013		2500/1500	Crew	5.3	2002-2013		1500/2500	success	
皮卡	高度压缩两两组合	Chevrolet	C/K/C/K	C/K	Regular/Regular	9/8.5	PK-M+	1960-1966/1968-1972		/Longhorn	Regular	8.5-9	1960-1972		Incl: Longhorn	fallback	原子事实对应多条候选记录
皮卡	高度压缩两两组合	Chevrolet	C/K/C/K	C/K	Regular/Regular	9/8	PK-M+	1960-1966/1973-1986		/	Regular	8-9	1960-1986			fallback	原子事实对应多条候选记录
皮卡	高度压缩两两组合	Chevrolet	C/K/C/K	C/K	Regular/Regular	9/8	PK-M+	1960-1966/1987-1988		/R/V	Regular	8-9	1960-1988		Incl: R/V	fallback	原子事实对应多条候选记录
皮卡	高度压缩两两组合	Chevrolet	C/K/C/K	C/K	Regular/Regular	9/8	PK-M+	1960-1966/1988-1998		/	Regular	8-9	1960-1998			fallback	原子事实对应多条候选记录
皮卡	高度压缩两两组合	Chevrolet	C/K/C/K	C/K	Regular/Extended	9/6.5	PK-M+	1960-1966/1989-1998		/	Regular/Extended	6.5-9	1960-1998			fallback	原子事实对应多条候选记录
皮卡	高度压缩两两组合	Chevrolet	C/K/C/K	C/K	Regular/Extended	9/6.5	PK-M+	1960-1966/1999		/Classic	Regular/Extended	6.5-9	1960-1999		Incl: Classic	fallback	原子事实对应多条候选记录
皮卡	高度压缩两两组合	Chevrolet	C/K/C/K	C/K	Regular/Regular	9/8	PK-M+	1960-1966/1999-2000		/Classic	Regular	8-9	1960-2000		Incl: Classic	fallback	原子事实对应多条候选记录
皮卡	高度压缩两两组合	Chevrolet	C/K/C/K	C/K	Regular/Regular	8/6.5	PK-M	1960-1972/1960-1986		/	Regular	6.5-8	1960-1986			fallback	原子事实对应多条候选记录
皮卡	高度压缩两两组合	Chevrolet	C/K/C/K	C/K	Regular/Regular	8/6.5	PK-M	1960-1972/1987-1988		/R/V	Regular	6.5-8	1960-1988		Incl: R/V	fallback	原子事实对应多条候选记录
皮卡	高度压缩两两组合	Chevrolet	C/K/C/K	C/K	Regular/Regular	8/6.5	PK-M	1960-1972/1988-1998		/	Regular	6.5-8	1960-1998			fallback	原子事实对应多条候选记录
皮卡	高度压缩两两组合	Chevrolet	C/K/C/K	C/K	Regular/Regular	6.5/6.5	PK-M	1960-1986/1987-1988		/R/V	Regular	6.5	1960-1988		Incl: R/V	fallback	原子事实对应多条候选记录
皮卡	高度压缩两两组合	Chevrolet	C/K/C/K	C/K	Regular/Regular	6.5/6.5	PK-M	1960-1986/1988-1998		/	Regular	6.5	1960-1998			success	
皮卡	高度压缩两两组合	Chevrolet	C/K/C/K	C/K	Regular/Regular	9/8.5	PK-M+	1960-1966/1968-1972		/Longhorn	Regular	8.5-9	1960-1972		Incl: Longhorn	fallback	原子事实对应多条候选记录
皮卡	高度压缩两两组合	Chevrolet	C/K/C/K	C/K	Regular/Regular	9/8	PK-M+	1960-1966/1973-1986		/	Regular	8-9	1960-1986			fallback	原子事实对应多条候选记录
皮卡	高度压缩两两组合	Chevrolet	C/K/C/K	C/K	Regular/Regular	9/8	PK-M+	1960-1966/1987-1988		/R/V	Regular	8-9	1960-1988		Incl: R/V	fallback	原子事实对应多条候选记录
皮卡	高度压缩两两组合	Chevrolet	C/K/C/K	C/K	Regular/Regular	9/8	PK-M+	1960-1966/1988-1998		/	Regular	8-9	1960-1998			fallback	原子事实对应多条候选记录
皮卡	高度压缩两两组合	Chevrolet	C/K/C/K	C/K	Regular/Extended	9/6.5	PK-M+	1960-1966/1989-1998		/	Regular/Extended	6.5-9	1960-1998			fallback	原子事实对应多条候选记录
皮卡	高度压缩两两组合	Chevrolet	C/K/C/K	C/K	Regular/Extended	9/6.5	PK-M+	1960-1966/1999		/Classic	Regular/Extended	6.5-9	1960-1999		Incl: Classic	fallback	原子事实对应多条候选记录
皮卡	高度压缩两两组合	Chevrolet	C/K/C/K	C/K	Regular/Regular	9/8	PK-M+	1960-1966/1999-2000		/Classic	Regular	8-9	1960-2000		Incl: Classic	fallback	原子事实对应多条候选记录
皮卡	高度压缩两两组合	Chevrolet	C/K/C/K	C/K	Regular/Regular	8/6.5	PK-M	1960-1972/1960-1998		/	Regular	6.5-8	1960-1998			fallback	原子事实对应多条候选记录
皮卡	高度压缩两两组合	Chevrolet	C/K/C/K	C/K	Regular/Regular	8/6.5	PK-M	1960-1972/1987-1988		/R/V	Regular	6.5-8	1960-1988		Incl: R/V	fallback	原子事实对应多条候选记录
皮卡	高度压缩两两组合	Chevrolet	C/K/C/K	C/K	Regular/Regular	6.5/6.5	PK-M	1960-1998/1987-1988		/R/V	Regular	6.5	1960-1998		Incl: R/V	success	
皮卡	高度压缩两两组合	Chevrolet	C/K/C/K	C/K	Regular/Regular	9/8.5	PK-M+	1960-1966/1968-1972		/Longhorn	Regular	8.5-9	1960-1972		Incl: Longhorn	fallback	原子事实对应多条候选记录
皮卡	高度压缩两两组合	Chevrolet	C/K/C/K	C/K	Regular/Regular	9/8	PK-M+	1960-1966/1973-1986		/	Regular	8-9	1960-1986			fallback	原子事实对应多条候选记录
皮卡	高度压缩两两组合	Chevrolet	C/K/C/K	C/K	Regular/Regular	9/8	PK-M+	1960-1966/1987-1988		/R/V	Regular	8-9	1960-1988		Incl: R/V	fallback	原子事实对应多条候选记录
皮卡	高度压缩两两组合	Chevrolet	C/K/C/K	C/K	Regular/Regular	9/8	PK-M+	1960-1966/1988-1998		/	Regular	8-9	1960-1998			fallback	原子事实对应多条候选记录
皮卡	高度压缩两两组合	Chevrolet	C/K/C/K	C/K	Regular/Extended	9/6.5	PK-M+	1960-1966/1989-1998		/	Regular/Extended	6.5-9	1960-1998			fallback	原子事实对应多条候选记录
皮卡	高度压缩两两组合	Chevrolet	C/K/C/K	C/K	Regular/Extended	9/6.5	PK-M+	1960-1966/1999		/Classic	Regular/Extended	6.5-9	1960-1999		Incl: Classic	fallback	原子事实对应多条候选记录
皮卡	高度压缩两两组合	Chevrolet	C/K/C/K	C/K	Regular/Regular	9/8	PK-M+	1960-1966/1999-2000		/Classic	Regular	8-9	1960-2000		Incl: Classic	fallback	原子事实对应多条候选记录
皮卡	高度压缩两两组合	Chevrolet	C/K/C/K	C/K	Regular/Regular	8/6.5	PK-M	1960-1972/1960-1998		/Incl: R/V	Regular	6.5-8	1960-1998		Incl: R/V	fallback	原子事实对应多条候选记录
皮卡	高度压缩两两组合	Chevrolet	C/K/C/K	C/K	Regular/Regular	8.5/8	PK-M+	1968-1972/1973-1986		Longhorn/	Regular	8-8.5	1968-1986		Incl: Longhorn	fallback	原子事实对应多条候选记录
皮卡	高度压缩两两组合	Chevrolet	C/K/C/K	C/K	Regular/Regular	8.5/8	PK-M+	1968-1972/1987-1988		Longhorn/R/V	Regular	8-8.5	1968-1988		Longhorn/R/V	success	
皮卡	高度压缩两两组合	Chevrolet	C/K/C/K	C/K	Regular/Regular	9/8-8.5	PK-M+	1960-1966/1968-1988		/Longhorn/R/V	Regular	8-9	1960-1988		Incl: Longhorn/R/V	fallback	原子事实对应多条候选记录
皮卡	高度压缩两两组合	Chevrolet	C/K/C/K	C/K	Regular/Regular	9/8	PK-M+	1960-1966/1973-1986		/	Regular	8-9	1960-1986			fallback	原子事实对应多条候选记录
皮卡	高度压缩两两组合	Chevrolet	C/K/C/K	C/K	Regular/Regular	9/8	PK-M+	1960-1966/1988-1998		/	Regular	8-9	1960-1998			fallback	原子事实对应多条候选记录
皮卡	高度压缩两两组合	Chevrolet	C/K/C/K	C/K	Regular/Extended	9/6.5	PK-M+	1960-1966/1989-1998		/	Regular/Extended	6.5-9	1960-1998			fallback	原子事实对应多条候选记录
皮卡	高度压缩两两组合	Chevrolet	C/K/C/K	C/K	Regular/Extended	9/6.5	PK-M+	1960-1966/1999		/Classic	Regular/Extended	6.5-9	1960-1999		Incl: Classic	fallback	原子事实对应多条候选记录
皮卡	高度压缩两两组合	Chevrolet	C/K/C/K	C/K	Regular/Regular	9/8	PK-M+	1960-1966/1999-2000		/Classic	Regular	8-9	1960-2000		Incl: Classic	fallback	原子事实对应多条候选记录
皮卡	高度压缩两两组合	Chevrolet	C/K/C/K	C/K	Regular/Regular	8/6.5	PK-M	1960-1972/1960-1998		/Incl: R/V	Regular	6.5-8	1960-1998		Incl: R/V	fallback	原子事实对应多条候选记录
皮卡	高度压缩两两组合	Chevrolet	C/K/C/K	C/K	Regular/Regular	8-8.5/8	PK-M+	1968-1988/1973-1986		Longhorn/R/V/	Regular	8-8.5	1968-1988		Incl: Longhorn/R/V	fallback	原子事实对应多条候选记录
皮卡	高度压缩两两组合	Chevrolet	C/K/C/K	C/K	Regular/Regular	8-8.5/8	PK-M+	1968-1988/1988-1998		Longhorn/R/V/	Regular	8-8.5	1968-1998		Incl: Longhorn/R/V	fallback	原子事实对应多条候选记录
皮卡	高度压缩两两组合	Chevrolet	C/K/C/K	C/K	Regular/Extended	8-8.5/6.5	PK-M+	1968-1988/1989-1998		Longhorn/R/V/	Regular/Extended	6.5-8.5	1968-1998		Incl: Longhorn/R/V	fallback	原子事实对应多条候选记录
皮卡	高度压缩两两组合	Chevrolet	C/K/C/K	C/K	Regular/Extended	8-8.5/6.5	PK-M+	1968-1988/1999		Longhorn/R/V/Classic	Regular/Extended	6.5-8.5	1968-1999		Classic/Longhorn/R/V	fallback	原子事实对应多条候选记录
皮卡	高度压缩两两组合	Chevrolet	C/K/C/K	C/K	Regular/Regular	8-8.5/8	PK-M+	1968-1988/1999-2000		Longhorn/R/V/Classic	Regular	8-8.5	1968-2000		Classic/Longhorn/R/V	success	
皮卡	高度压缩两两组合	Chevrolet	C/K/C/K	C/K	Regular/Regular	9/8-8.5	PK-M+	1960-1966/1968-2000		/Classic/Longhorn/R/V	Regular	8-9	1960-2000		Incl: Classic/Longhorn/R/V	fallback	原子事实对应多条候选记录
皮卡	高度压缩两两组合	Chevrolet	C/K/C/K	C/K	Regular/Regular	9/8	PK-M+	1960-1966/1973-1986		/	Regular	8-9	1960-1986			fallback	原子事实对应多条候选记录
皮卡	高度压缩两两组合	Chevrolet	C/K/C/K	C/K	Regular/Regular	9/8	PK-M+	1960-1966/1988-1998		/	Regular	8-9	1960-1998			fallback	原子事实对应多条候选记录
皮卡	高度压缩两两组合	Chevrolet	C/K/C/K	C/K	Regular/Extended	9/6.5	PK-M+	1960-1966/1989-1998		/	Regular/Extended	6.5-9	1960-1998			fallback	原子事实对应多条候选记录
皮卡	高度压缩两两组合	Chevrolet	C/K/C/K	C/K	Regular/Extended	9/6.5	PK-M+	1960-1966/1999		/Classic	Regular/Extended	6.5-9	1960-1999		Incl: Classic	fallback	原子事实对应多条候选记录
皮卡	高度压缩两两组合	Chevrolet	C/K/C/K	C/K	Regular/Regular	8/6.5	PK-M	1960-1972/1960-1998		/Incl: R/V	Regular	6.5-8	1960-1998		Incl: R/V	fallback	原子事实对应多条候选记录
皮卡	高度压缩两两组合	Chevrolet	C/K/C/K	C/K	Regular/Regular	8-8.5/8	PK-M+	1968-2000/1973-1986		Classic/Longhorn/R/V/	Regular	8-8.5	1968-2000		Incl: Classic/Longhorn/R/V	fallback	原子事实对应多条候选记录
皮卡	高度压缩两两组合	Chevrolet	C/K/C/K	C/K	Regular/Regular	8-8.5/8	PK-M+	1968-2000/1988-1998		Classic/Longhorn/R/V/	Regular	8-8.5	1968-2000		Incl: Classic/Longhorn/R/V	fallback	原子事实对应多条候选记录
皮卡	高度压缩两两组合	Chevrolet	C/K/C/K	C/K	Regular/Extended	8-8.5/6.5	PK-M+	1968-2000/1989-1998		Classic/Longhorn/R/V/	Regular/Extended	6.5-8.5	1968-2000		Incl: Classic/Longhorn/R/V	fallback	原子事实对应多条候选记录
皮卡	高度压缩两两组合	Chevrolet	C/K/C/K	C/K	Regular/Extended	8-8.5/6.5	PK-M+	1968-2000/1999		Classic/Longhorn/R/V/Classic	Regular/Extended	6.5-8.5	1968-2000		Classic/Longhorn/R/V	fallback	原子事实对应多条候选记录
皮卡	高度压缩两两组合	Chevrolet	C/K/C/K	C/K	Crew/Crew	8/8	PK-XXL	1973-1986/1987-1991		/R/V	Crew	8	1973-1991		Incl: R/V	success	
皮卡	高度压缩两两组合	Chevrolet	C/K/C/K	C/K	Regular/Regular	9/8-8.5	PK-M+	1960-1966/1968-2000		/Classic/Longhorn/R/V	Regular	8-9	1960-2000		Incl: Classic/Longhorn/R/V	fallback	原子事实对应多条候选记录
皮卡	高度压缩两两组合	Chevrolet	C/K/C/K	C/K	Regular/Regular	9/8	PK-M+	1960-1966/1973-1986		/	Regular	8-9	1960-1986			fallback	原子事实对应多条候选记录
皮卡	高度压缩两两组合	Chevrolet	C/K/C/K	C/K	Regular/Regular	9/8	PK-M+	1960-1966/1988-1998		/	Regular	8-9	1960-1998			fallback	原子事实对应多条候选记录
皮卡	高度压缩两两组合	Chevrolet	C/K/C/K	C/K	Regular/Extended	9/6.5	PK-M+	1960-1966/1989-1998		/	Regular/Extended	6.5-9	1960-1998			fallback	原子事实对应多条候选记录
皮卡	高度压缩两两组合	Chevrolet	C/K/C/K	C/K	Regular/Extended	9/6.5	PK-M+	1960-1966/1999		/Classic	Regular/Extended	6.5-9	1960-1999		Incl: Classic	fallback	原子事实对应多条候选记录
皮卡	高度压缩两两组合	Chevrolet	C/K/C/K	C/K	Regular/Regular	8/6.5	PK-M	1960-1972/1960-1998		/Incl: R/V	Regular	6.5-8	1960-1998		Incl: R/V	fallback	原子事实对应多条候选记录
皮卡	高度压缩两两组合	Chevrolet	C/K/C/K	C/K	Regular/Regular	8-8.5/8	PK-M+	1968-2000/1973-1986		Classic/Longhorn/R/V/	Regular	8-8.5	1968-2000		Incl: Classic/Longhorn/R/V	fallback	原子事实对应多条候选记录
皮卡	高度压缩两两组合	Chevrolet	C/K/C/K	C/K	Regular/Regular	8-8.5/8	PK-M+	1968-2000/1988-1998		Classic/Longhorn/R/V/	Regular	8-8.5	1968-2000		Incl: Classic/Longhorn/R/V	fallback	原子事实对应多条候选记录
皮卡	高度压缩两两组合	Chevrolet	C/K/C/K	C/K	Regular/Extended	8-8.5/6.5	PK-M+	1968-2000/1989-1998		Classic/Longhorn/R/V/	Regular/Extended	6.5-8.5	1968-2000		Incl: Classic/Longhorn/R/V	fallback	原子事实对应多条候选记录
皮卡	高度压缩两两组合	Chevrolet	C/K/C/K	C/K	Regular/Extended	8-8.5/6.5	PK-M+	1968-2000/1999		Classic/Longhorn/R/V/Classic	Regular/Extended	6.5-8.5	1968-2000		Classic/Longhorn/R/V	fallback	原子事实对应多条候选记录
皮卡	高度压缩两两组合	Chevrolet	C/K/C/K	C/K	Regular/Regular	8/8	PK-M+	1973-1986/1988-1998		/	Regular	8	1973-1998			success	
皮卡	高度压缩两两组合	Chevrolet	C/K/C/K	C/K	Regular/Regular	9/8-8.5	PK-M+	1960-1966/1968-2000		/Classic/Longhorn/R/V	Regular	8-9	1960-2000		Incl: Classic/Longhorn/R/V	fallback	原子事实对应多条候选记录
皮卡	高度压缩两两组合	Chevrolet	C/K/C/K	C/K	Regular/Regular	9/8	PK-M+	1960-1966/1973-1998		/	Regular	8-9	1960-1998			fallback	原子事实对应多条候选记录
皮卡	高度压缩两两组合	Chevrolet	C/K/C/K	C/K	Regular/Extended	9/6.5	PK-M+	1960-1966/1989-1998		/	Regular/Extended	6.5-9	1960-1998			fallback	原子事实对应多条候选记录
皮卡	高度压缩两两组合	Chevrolet	C/K/C/K	C/K	Regular/Extended	9/6.5	PK-M+	1960-1966/1999		/Classic	Regular/Extended	6.5-9	1960-1999		Incl: Classic	fallback	原子事实对应多条候选记录
皮卡	高度压缩两两组合	Chevrolet	C/K/C/K	C/K	Regular/Regular	8/6.5	PK-M	1960-1972/1960-1998		/Incl: R/V	Regular	6.5-8	1960-1998		Incl: R/V	fallback	原子事实对应多条候选记录
皮卡	高度压缩两两组合	Chevrolet	C/K/C/K	C/K	Regular/Regular	8-8.5/8	PK-M+	1968-2000/1973-1998		Classic/Longhorn/R/V/	Regular	8-8.5	1968-2000		Incl: Classic/Longhorn/R/V	fallback	原子事实对应多条候选记录
皮卡	高度压缩两两组合	Chevrolet	C/K/C/K	C/K	Regular/Extended	8-8.5/6.5	PK-M+	1968-2000/1989-1998		Classic/Longhorn/R/V/	Regular/Extended	6.5-8.5	1968-2000		Incl: Classic/Longhorn/R/V	fallback	原子事实对应多条候选记录
皮卡	高度压缩两两组合	Chevrolet	C/K/C/K	C/K	Regular/Extended	8-8.5/6.5	PK-M+	1968-2000/1999		Classic/Longhorn/R/V/Classic	Regular/Extended	6.5-8.5	1968-2000		Classic/Longhorn/R/V	fallback	原子事实对应多条候选记录
皮卡	高度压缩两两组合	Chevrolet	C/K/C/K	C/K	Crew/Regular	8/8	无可用尺码	1973-1986/1973-1986		DRW/DRW	Crew/Regular	8	1973-1986		DRW	success	
皮卡	高度压缩两两组合	Chevrolet	C/K/C/K	C/K	Regular/Regular	9/8-8.5	PK-M+	1960-1966/1968-2000		/Classic/Longhorn/R/V	Regular	8-9	1960-2000		Incl: Classic/Longhorn/R/V	fallback	原子事实对应多条候选记录
皮卡	高度压缩两两组合	Chevrolet	C/K/C/K	C/K	Regular/Regular	9/8	PK-M+	1960-1966/1973-1998		/	Regular	8-9	1960-1998			fallback	原子事实对应多条候选记录
皮卡	高度压缩两两组合	Chevrolet	C/K/C/K	C/K	Regular/Extended	9/6.5	PK-M+	1960-1966/1989-1998		/	Regular/Extended	6.5-9	1960-1998			fallback	原子事实对应多条候选记录
皮卡	高度压缩两两组合	Chevrolet	C/K/C/K	C/K	Regular/Extended	9/6.5	PK-M+	1960-1966/1999		/Classic	Regular/Extended	6.5-9	1960-1999		Incl: Classic	fallback	原子事实对应多条候选记录
皮卡	高度压缩两两组合	Chevrolet	C/K/C/K	C/K	Regular/Regular	8/6.5	PK-M	1960-1972/1960-1998		/Incl: R/V	Regular	6.5-8	1960-1998		Incl: R/V	fallback	原子事实对应多条候选记录
皮卡	高度压缩两两组合	Chevrolet	C/K/C/K	C/K	Regular/Regular	8-8.5/8	PK-M+	1968-2000/1973-1998		Classic/Longhorn/R/V/	Regular	8-8.5	1968-2000		Incl: Classic/Longhorn/R/V	fallback	原子事实对应多条候选记录
皮卡	高度压缩两两组合	Chevrolet	C/K/C/K	C/K	Regular/Extended	8-8.5/6.5	PK-M+	1968-2000/1989-1998		Classic/Longhorn/R/V/	Regular/Extended	6.5-8.5	1968-2000		Incl: Classic/Longhorn/R/V	fallback	原子事实对应多条候选记录
皮卡	高度压缩两两组合	Chevrolet	C/K/C/K	C/K	Regular/Extended	8-8.5/6.5	PK-M+	1968-2000/1999		Classic/Longhorn/R/V/Classic	Regular/Extended	6.5-8.5	1968-2000		Classic/Longhorn/R/V	fallback	原子事实对应多条候选记录
皮卡	高度压缩两两组合	Chevrolet	C/K/C/K	C/K	Crew/Regular/Regular	8/8	无可用尺码	1973-1986/1987-1988		DRW/R/V DRW	Crew/Regular	8	1973-1988		DRW/R/V DRW	fallback	原子事实对应多条候选记录
皮卡	高度压缩两两组合	Chevrolet	C/K/C/K	C/K	Crew/Regular/Crew	8/8	无可用尺码	1973-1986/1987-1991		DRW/R/V DRW	Crew/Regular	8	1973-1991		DRW/R/V DRW	fallback	原子事实对应多条候选记录
皮卡	高度压缩两两组合	Chevrolet	C/K/C/K	C/K	Crew/Regular/Extended	8/8	无可用尺码	1973-1986/1988-1998		DRW/DRW	Crew/Regular/Extended	8	1973-1998		DRW	fallback	原子事实对应多条候选记录
皮卡	高度压缩两两组合	Chevrolet	C/K/C/K	C/K	Crew/Regular/Regular	8/8	无可用尺码	1973-1986/1988-1998		DRW/DRW	Crew/Regular	8	1973-1998		DRW	fallback	原子事实对应多条候选记录
皮卡	高度压缩两两组合	Chevrolet	C/K/C/K	C/K	Crew/Regular/Crew	8/8	无可用尺码	1973-1986/1992-2000		DRW/DRW	Crew/Regular	8	1973-2000		DRW	fallback	原子事实对应多条候选记录
皮卡	高度压缩两两组合	Chevrolet	C/K/C/K	C/K	Crew/Regular/Crew	8/6.5	无可用尺码	1973-1986/1999-2000		DRW/Classic DRW	Crew/Regular	6.5-8	1973-2000		Classic DRW/DRW	fallback	原子事实对应多条候选记录
皮卡	高度压缩两两组合	Chevrolet	C/K/C/K	C/K	Crew/Regular/Crew	8/8	无可用尺码	1973-1986/1999-2000		DRW/Classic DRW	Crew/Regular	8	1973-2000		Classic DRW/DRW	fallback	原子事实对应多条候选记录
皮卡	高度压缩两两组合	Chevrolet	C/K/C/K	C/K	Crew/Regular/Extended	8/8	无可用尺码	1973-1986/1999-2000		DRW/Classic DRW	Crew/Regular/Extended	8	1973-2000		Classic DRW/DRW	fallback	原子事实对应多条候选记录
皮卡	高度压缩两两组合	Chevrolet	C/K/C/K	C/K	Crew/Regular/Regular	8/8	无可用尺码	1973-1986/1999-2000		DRW/Classic DRW	Crew/Regular	8	1973-2000		Classic DRW/DRW	fallback	原子事实对应多条候选记录
皮卡	高度压缩两两组合	Chevrolet	C/K/C/K	C/K	Regular/Extended	8/6.5	PK-M+	1973-1998/1989-1998		/	Regular/Extended	6.5-8	1973-1998			fallback	原子事实对应多条候选记录
皮卡	高度压缩两两组合	Chevrolet	C/K/C/K	C/K	Regular/Extended	8/6.5	PK-M+	1973-1998/1999		/Classic	Regular/Extended	6.5-8	1973-1999		Incl: Classic	fallback	原子事实对应多条候选记录
皮卡	高度压缩两两组合	Chevrolet	C/K/C/K	C/K	Regular/Crew	8/8	无可用尺码	1987-1988/1987-1991		R/V DRW/R/V DRW	Regular/Crew	8	1987-1991		R/V DRW	success	
皮卡	高度压缩两两组合	Chevrolet	C/K/C/K	C/K	Regular/Regular	9/8-8.5	PK-M+	1960-1966/1968-2000		/Classic/Longhorn/R/V	Regular	8-9	1960-2000		Incl: Classic/Longhorn/R/V	fallback	原子事实对应多条候选记录
皮卡	高度压缩两两组合	Chevrolet	C/K/C/K	C/K	Regular/Regular	9/8	PK-M+	1960-1966/1973-1998		/	Regular	8-9	1960-1998			fallback	原子事实对应多条候选记录
皮卡	高度压缩两两组合	Chevrolet	C/K/C/K	C/K	Regular/Extended	9/6.5	PK-M+	1960-1966/1989-1998		/	Regular/Extended	6.5-9	1960-1998			fallback	原子事实对应多条候选记录
皮卡	高度压缩两两组合	Chevrolet	C/K/C/K	C/K	Regular/Extended	9/6.5	PK-M+	1960-1966/1999		/Classic	Regular/Extended	6.5-9	1960-1999		Incl: Classic	fallback	原子事实对应多条候选记录
皮卡	高度压缩两两组合	Chevrolet	C/K/C/K	C/K	Regular/Regular	8/6.5	PK-M	1960-1972/1960-1998		/Incl: R/V	Regular	6.5-8	1960-1998		Incl: R/V	fallback	原子事实对应多条候选记录
皮卡	高度压缩两两组合	Chevrolet	C/K/C/K	C/K	Regular/Regular	8-8.5/8	PK-M+	1968-2000/1973-1998		Classic/Longhorn/R/V/	Regular	8-8.5	1968-2000		Incl: Classic/Longhorn/R/V	fallback	原子事实对应多条候选记录
皮卡	高度压缩两两组合	Chevrolet	C/K/C/K	C/K	Regular/Extended	8-8.5/6.5	PK-M+	1968-2000/1989-1998		Classic/Longhorn/R/V/	Regular/Extended	6.5-8.5	1968-2000		Incl: Classic/Longhorn/R/V	fallback	原子事实对应多条候选记录
皮卡	高度压缩两两组合	Chevrolet	C/K/C/K	C/K	Regular/Extended	8-8.5/6.5	PK-M+	1968-2000/1999		Classic/Longhorn/R/V/Classic	Regular/Extended	6.5-8.5	1968-2000		Classic/Longhorn/R/V	fallback	原子事实对应多条候选记录
皮卡	高度压缩两两组合	Chevrolet	C/K/C/K	C/K	Crew/Regular/Regular/Crew	8/8	无可用尺码	1973-1986/1987-1991		DRW/R/V DRW	Crew/Regular	8	1973-1991		DRW/R/V DRW	fallback	原子事实对应多条候选记录
皮卡	高度压缩两两组合	Chevrolet	C/K/C/K	C/K	Crew/Regular/Extended	8/8	无可用尺码	1973-1986/1988-1998		DRW/DRW	Crew/Regular/Extended	8	1973-1998		DRW	fallback	原子事实对应多条候选记录
皮卡	高度压缩两两组合	Chevrolet	C/K/C/K	C/K	Crew/Regular/Regular	8/8	无可用尺码	1973-1986/1988-1998		DRW/DRW	Crew/Regular	8	1973-1998		DRW	fallback	原子事实对应多条候选记录
皮卡	高度压缩两两组合	Chevrolet	C/K/C/K	C/K	Crew/Regular/Crew	8/8	无可用尺码	1973-1986/1992-2000		DRW/DRW	Crew/Regular	8	1973-2000		DRW	fallback	原子事实对应多条候选记录
皮卡	高度压缩两两组合	Chevrolet	C/K/C/K	C/K	Crew/Regular/Crew	8/6.5	无可用尺码	1973-1986/1999-2000		DRW/Classic DRW	Crew/Regular	6.5-8	1973-2000		Classic DRW/DRW	fallback	原子事实对应多条候选记录
皮卡	高度压缩两两组合	Chevrolet	C/K/C/K	C/K	Crew/Regular/Crew	8/8	无可用尺码	1973-1986/1999-2000		DRW/Classic DRW	Crew/Regular	8	1973-2000		Classic DRW/DRW	fallback	原子事实对应多条候选记录
皮卡	高度压缩两两组合	Chevrolet	C/K/C/K	C/K	Crew/Regular/Extended	8/8	无可用尺码	1973-1986/1999-2000		DRW/Classic DRW	Crew/Regular/Extended	8	1973-2000		Classic DRW/DRW	fallback	原子事实对应多条候选记录
皮卡	高度压缩两两组合	Chevrolet	C/K/C/K	C/K	Crew/Regular/Regular	8/8	无可用尺码	1973-1986/1999-2000		DRW/Classic DRW	Crew/Regular	8	1973-2000		Classic DRW/DRW	fallback	原子事实对应多条候选记录
皮卡	高度压缩两两组合	Chevrolet	C/K/C/K	C/K	Regular/Extended	8/6.5	PK-M+	1973-1998/1989-1998		/	Regular/Extended	6.5-8	1973-1998			fallback	原子事实对应多条候选记录
皮卡	高度压缩两两组合	Chevrolet	C/K/C/K	C/K	Regular/Extended	8/6.5	PK-M+	1973-1998/1999		/Classic	Regular/Extended	6.5-8	1973-1999		Incl: Classic	fallback	原子事实对应多条候选记录
皮卡	高度压缩两两组合	Chevrolet	C/K/C/K	C/K	Regular/Crew/Extended	8/8	无可用尺码	1987-1991/1988-1998		R/V DRW/DRW	Regular/Crew/Extended	8	1987-1998		DRW/R/V DRW	fallback	原子事实对应多条候选记录
皮卡	高度压缩两两组合	Chevrolet	C/K/C/K	C/K	Regular/Crew/Regular	8/8	无可用尺码	1987-1991/1988-1998		R/V DRW/DRW	Regular/Crew	8	1987-1998		DRW/R/V DRW	fallback	原子事实对应多条候选记录
皮卡	高度压缩两两组合	Chevrolet	C/K/C/K	C/K	Regular/Crew/Crew	8/8	无可用尺码	1987-1991/1992-2000		R/V DRW/DRW	Regular/Crew	8	1987-2000		DRW/R/V DRW	fallback	原子事实对应多条候选记录
皮卡	高度压缩两两组合	Chevrolet	C/K/C/K	C/K	Regular/Crew/Crew	8/6.5	无可用尺码	1987-1991/1999-2000		R/V DRW/Classic DRW	Regular/Crew	6.5-8	1987-2000		Classic DRW/R/V DRW	fallback	原子事实对应多条候选记录
皮卡	高度压缩两两组合	Chevrolet	C/K/C/K	C/K	Regular/Crew/Crew	8/8	无可用尺码	1987-1991/1999-2000		R/V DRW/Classic DRW	Regular/Crew	8	1987-2000		Classic DRW/R/V DRW	fallback	原子事实对应多条候选记录
皮卡	高度压缩两两组合	Chevrolet	C/K/C/K	C/K	Regular/Crew/Extended	8/8	无可用尺码	1987-1991/1999-2000		R/V DRW/Classic DRW	Regular/Crew/Extended	8	1987-2000		Classic DRW/R/V DRW	fallback	原子事实对应多条候选记录
皮卡	高度压缩两两组合	Chevrolet	C/K/C/K	C/K	Regular/Crew/Regular	8/8	无可用尺码	1987-1991/1999-2000		R/V DRW/Classic DRW	Regular/Crew	8	1987-2000		Classic DRW/R/V DRW	fallback	原子事实对应多条候选记录
皮卡	高度压缩两两组合	Chevrolet	C/K/C/K	C/K	Extended/Crew	8/6.5	PK-XL+	1988-1998/1999-2000		/Classic	Extended/Crew	6.5-8	1988-2000		Incl: Classic	fallback	原子事实对应多条候选记录
皮卡	高度压缩两两组合	Chevrolet	C/K/C/K	C/K	Extended/Extended	8/8	PK-XL+	1988-1998/1999-2000		/Classic	Extended	8	1988-2000		Incl: Classic	success	
皮卡	高度压缩两两组合	Chevrolet	C/K/C/K	C/K	Regular/Regular	9/8-8.5	PK-M+	1960-1966/1968-2000		/Classic/Longhorn/R/V	Regular	8-9	1960-2000		Incl: Classic/Longhorn/R/V	fallback	原子事实对应多条候选记录
皮卡	高度压缩两两组合	Chevrolet	C/K/C/K	C/K	Regular/Regular	9/8	PK-M+	1960-1966/1973-1998		/	Regular	8-9	1960-1998			fallback	原子事实对应多条候选记录
皮卡	高度压缩两两组合	Chevrolet	C/K/C/K	C/K	Regular/Extended	9/6.5	PK-M+	1960-1966/1989-1998		/	Regular/Extended	6.5-9	1960-1998			fallback	原子事实对应多条候选记录
皮卡	高度压缩两两组合	Chevrolet	C/K/C/K	C/K	Regular/Extended	9/6.5	PK-M+	1960-1966/1999		/Classic	Regular/Extended	6.5-9	1960-1999		Incl: Classic	fallback	原子事实对应多条候选记录
皮卡	高度压缩两两组合	Chevrolet	C/K/C/K	C/K	Regular/Regular	8/6.5	PK-M	1960-1972/1960-1998		/Incl: R/V	Regular	6.5-8	1960-1998		Incl: R/V	fallback	原子事实对应多条候选记录
皮卡	高度压缩两两组合	Chevrolet	C/K/C/K	C/K	Regular/Regular	8-8.5/8	PK-M+	1968-2000/1973-1998		Classic/Longhorn/R/V/	Regular	8-8.5	1968-2000		Incl: Classic/Longhorn/R/V	fallback	原子事实对应多条候选记录
皮卡	高度压缩两两组合	Chevrolet	C/K/C/K	C/K	Regular/Extended	8-8.5/6.5	PK-M+	1968-2000/1989-1998		Classic/Longhorn/R/V/	Regular/Extended	6.5-8.5	1968-2000		Incl: Classic/Longhorn/R/V	fallback	原子事实对应多条候选记录
皮卡	高度压缩两两组合	Chevrolet	C/K/C/K	C/K	Regular/Extended	8-8.5/6.5	PK-M+	1968-2000/1999		Classic/Longhorn/R/V/Classic	Regular/Extended	6.5-8.5	1968-2000		Classic/Longhorn/R/V	fallback	原子事实对应多条候选记录
皮卡	高度压缩两两组合	Chevrolet	C/K/C/K	C/K	Crew/Regular/Regular/Crew	8/8	无可用尺码	1973-1986/1987-1991		DRW/R/V DRW	Crew/Regular	8	1973-1991		DRW/R/V DRW	fallback	原子事实对应多条候选记录
皮卡	高度压缩两两组合	Chevrolet	C/K/C/K	C/K	Crew/Regular/Extended	8/8	无可用尺码	1973-1986/1988-1998		DRW/DRW	Crew/Regular/Extended	8	1973-1998		DRW	fallback	原子事实对应多条候选记录
皮卡	高度压缩两两组合	Chevrolet	C/K/C/K	C/K	Crew/Regular/Regular	8/8	无可用尺码	1973-1986/1988-1998		DRW/DRW	Crew/Regular	8	1973-1998		DRW	fallback	原子事实对应多条候选记录
皮卡	高度压缩两两组合	Chevrolet	C/K/C/K	C/K	Crew/Regular/Crew	8/8	无可用尺码	1973-1986/1992-2000		DRW/DRW	Crew/Regular	8	1973-2000		DRW	fallback	原子事实对应多条候选记录
皮卡	高度压缩两两组合	Chevrolet	C/K/C/K	C/K	Crew/Regular/Crew	8/6.5	无可用尺码	1973-1986/1999-2000		DRW/Classic DRW	Crew/Regular	6.5-8	1973-2000		Classic DRW/DRW	fallback	原子事实对应多条候选记录
皮卡	高度压缩两两组合	Chevrolet	C/K/C/K	C/K	Crew/Regular/Crew	8/8	无可用尺码	1973-1986/1999-2000		DRW/Classic DRW	Crew/Regular	8	1973-2000		Classic DRW/DRW	fallback	原子事实对应多条候选记录
皮卡	高度压缩两两组合	Chevrolet	C/K/C/K	C/K	Crew/Regular/Extended	8/8	无可用尺码	1973-1986/1999-2000		DRW/Classic DRW	Crew/Regular/Extended	8	1973-2000		Classic DRW/DRW	fallback	原子事实对应多条候选记录
皮卡	高度压缩两两组合	Chevrolet	C/K/C/K	C/K	Crew/Regular/Regular	8/8	无可用尺码	1973-1986/1999-2000		DRW/Classic DRW	Crew/Regular	8	1973-2000		Classic DRW/DRW	fallback	原子事实对应多条候选记录
皮卡	高度压缩两两组合	Chevrolet	C/K/C/K	C/K	Regular/Extended	8/6.5	PK-M+	1973-1998/1989-1998		/	Regular/Extended	6.5-8	1973-1998			fallback	原子事实对应多条候选记录
皮卡	高度压缩两两组合	Chevrolet	C/K/C/K	C/K	Regular/Extended	8/6.5	PK-M+	1973-1998/1999		/Classic	Regular/Extended	6.5-8	1973-1999		Incl: Classic	fallback	原子事实对应多条候选记录
皮卡	高度压缩两两组合	Chevrolet	C/K/C/K	C/K	Regular/Crew/Extended	8/8	无可用尺码	1987-1991/1988-1998		R/V DRW/DRW	Regular/Crew/Extended	8	1987-1998		DRW/R/V DRW	fallback	原子事实对应多条候选记录
皮卡	高度压缩两两组合	Chevrolet	C/K/C/K	C/K	Regular/Crew/Regular	8/8	无可用尺码	1987-1991/1988-1998		R/V DRW/DRW	Regular/Crew	8	1987-1998		DRW/R/V DRW	fallback	原子事实对应多条候选记录
皮卡	高度压缩两两组合	Chevrolet	C/K/C/K	C/K	Regular/Crew/Crew	8/8	无可用尺码	1987-1991/1992-2000		R/V DRW/DRW	Regular/Crew	8	1987-2000		DRW/R/V DRW	fallback	原子事实对应多条候选记录
皮卡	高度压缩两两组合	Chevrolet	C/K/C/K	C/K	Regular/Crew/Crew	8/6.5	无可用尺码	1987-1991/1999-2000		R/V DRW/Classic DRW	Regular/Crew	6.5-8	1987-2000		Classic DRW/R/V DRW	fallback	原子事实对应多条候选记录
皮卡	高度压缩两两组合	Chevrolet	C/K/C/K	C/K	Regular/Crew/Crew	8/8	无可用尺码	1987-1991/1999-2000		R/V DRW/Classic DRW	Regular/Crew	8	1987-2000		Classic DRW/R/V DRW	fallback	原子事实对应多条候选记录
皮卡	高度压缩两两组合	Chevrolet	C/K/C/K	C/K	Regular/Crew/Extended	8/8	无可用尺码	1987-1991/1999-2000		R/V DRW/Classic DRW	Regular/Crew/Extended	8	1987-2000		Classic DRW/R/V DRW	fallback	原子事实对应多条候选记录
皮卡	高度压缩两两组合	Chevrolet	C/K/C/K	C/K	Regular/Crew/Regular	8/8	无可用尺码	1987-1991/1999-2000		R/V DRW/Classic DRW	Regular/Crew	8	1987-2000		Classic DRW/R/V DRW	fallback	原子事实对应多条候选记录
皮卡	高度压缩两两组合	Chevrolet	C/K/C/K	C/K	Extended/Regular	8/8	无可用尺码	1988-1998/1988-1998		DRW/DRW	Extended/Regular	8	1988-1998		DRW	success	
皮卡	高度压缩两两组合	Chevrolet	C/K/C/K	C/K	Regular/Regular	9/8-8.5	PK-M+	1960-1966/1968-2000		/Classic/Longhorn/R/V	Regular	8-9	1960-2000		Incl: Classic/Longhorn/R/V	fallback	原子事实对应多条候选记录
皮卡	高度压缩两两组合	Chevrolet	C/K/C/K	C/K	Regular/Regular	9/8	PK-M+	1960-1966/1973-1998		/	Regular	8-9	1960-1998			fallback	原子事实对应多条候选记录
皮卡	高度压缩两两组合	Chevrolet	C/K/C/K	C/K	Regular/Extended	9/6.5	PK-M+	1960-1966/1989-1998		/	Regular/Extended	6.5-9	1960-1998			fallback	原子事实对应多条候选记录
皮卡	高度压缩两两组合	Chevrolet	C/K/C/K	C/K	Regular/Extended	9/6.5	PK-M+	1960-1966/1999		/Classic	Regular/Extended	6.5-9	1960-1999		Incl: Classic	fallback	原子事实对应多条候选记录
皮卡	高度压缩两两组合	Chevrolet	C/K/C/K	C/K	Regular/Regular	8/6.5	PK-M	1960-1972/1960-1998		/Incl: R/V	Regular	6.5-8	1960-1998		Incl: R/V	fallback	原子事实对应多条候选记录
皮卡	高度压缩两两组合	Chevrolet	C/K/C/K	C/K	Regular/Regular	8-8.5/8	PK-M+	1968-2000/1973-1998		Classic/Longhorn/R/V/	Regular	8-8.5	1968-2000		Incl: Classic/Longhorn/R/V	fallback	原子事实对应多条候选记录
皮卡	高度压缩两两组合	Chevrolet	C/K/C/K	C/K	Regular/Extended	8-8.5/6.5	PK-M+	1968-2000/1989-1998		Classic/Longhorn/R/V/	Regular/Extended	6.5-8.5	1968-2000		Incl: Classic/Longhorn/R/V	fallback	原子事实对应多条候选记录
皮卡	高度压缩两两组合	Chevrolet	C/K/C/K	C/K	Regular/Extended	8-8.5/6.5	PK-M+	1968-2000/1999		Classic/Longhorn/R/V/Classic	Regular/Extended	6.5-8.5	1968-2000		Classic/Longhorn/R/V	fallback	原子事实对应多条候选记录
皮卡	高度压缩两两组合	Chevrolet	C/K/C/K	C/K	Crew/Regular/Regular/Crew	8/8	无可用尺码	1973-1986/1987-1991		DRW/R/V DRW	Crew/Regular	8	1973-1991		DRW/R/V DRW	fallback	原子事实对应多条候选记录
皮卡	高度压缩两两组合	Chevrolet	C/K/C/K	C/K	Crew/Regular/Extended/Regular	8/8	无可用尺码	1973-1986/1988-1998		DRW/DRW	Crew/Regular/Extended	8	1973-1998		DRW	fallback	原子事实对应多条候选记录
皮卡	高度压缩两两组合	Chevrolet	C/K/C/K	C/K	Crew/Regular/Crew	8/8	无可用尺码	1973-1986/1992-2000		DRW/DRW	Crew/Regular	8	1973-2000		DRW	fallback	原子事实对应多条候选记录
皮卡	高度压缩两两组合	Chevrolet	C/K/C/K	C/K	Crew/Regular/Crew	8/6.5	无可用尺码	1973-1986/1999-2000		DRW/Classic DRW	Crew/Regular	6.5-8	1973-2000		Classic DRW/DRW	fallback	原子事实对应多条候选记录
皮卡	高度压缩两两组合	Chevrolet	C/K/C/K	C/K	Crew/Regular/Crew	8/8	无可用尺码	1973-1986/1999-2000		DRW/Classic DRW	Crew/Regular	8	1973-2000		Classic DRW/DRW	fallback	原子事实对应多条候选记录
皮卡	高度压缩两两组合	Chevrolet	C/K/C/K	C/K	Crew/Regular/Extended	8/8	无可用尺码	1973-1986/1999-2000		DRW/Classic DRW	Crew/Regular/Extended	8	1973-2000		Classic DRW/DRW	fallback	原子事实对应多条候选记录
皮卡	高度压缩两两组合	Chevrolet	C/K/C/K	C/K	Crew/Regular/Regular	8/8	无可用尺码	1973-1986/1999-2000		DRW/Classic DRW	Crew/Regular	8	1973-2000		Classic DRW/DRW	fallback	原子事实对应多条候选记录
皮卡	高度压缩两两组合	Chevrolet	C/K/C/K	C/K	Regular/Extended	8/6.5	PK-M+	1973-1998/1989-1998		/	Regular/Extended	6.5-8	1973-1998			fallback	原子事实对应多条候选记录
皮卡	高度压缩两两组合	Chevrolet	C/K/C/K	C/K	Regular/Extended	8/6.5	PK-M+	1973-1998/1999		/Classic	Regular/Extended	6.5-8	1973-1999		Incl: Classic	fallback	原子事实对应多条候选记录
皮卡	高度压缩两两组合	Chevrolet	C/K/C/K	C/K	Regular/Crew/Extended/Regular	8/8	无可用尺码	1987-1991/1988-1998		R/V DRW/DRW	Regular/Crew/Extended	8	1987-1998		DRW/R/V DRW	fallback	原子事实对应多条候选记录
皮卡	高度压缩两两组合	Chevrolet	C/K/C/K	C/K	Regular/Crew/Crew	8/8	无可用尺码	1987-1991/1992-2000		R/V DRW/DRW	Regular/Crew	8	1987-2000		DRW/R/V DRW	fallback	原子事实对应多条候选记录
皮卡	高度压缩两两组合	Chevrolet	C/K/C/K	C/K	Regular/Crew/Crew	8/6.5	无可用尺码	1987-1991/1999-2000		R/V DRW/Classic DRW	Regular/Crew	6.5-8	1987-2000		Classic DRW/R/V DRW	fallback	原子事实对应多条候选记录
皮卡	高度压缩两两组合	Chevrolet	C/K/C/K	C/K	Regular/Crew/Crew	8/8	无可用尺码	1987-1991/1999-2000		R/V DRW/Classic DRW	Regular/Crew	8	1987-2000		Classic DRW/R/V DRW	fallback	原子事实对应多条候选记录
皮卡	高度压缩两两组合	Chevrolet	C/K/C/K	C/K	Regular/Crew/Extended	8/8	无可用尺码	1987-1991/1999-2000		R/V DRW/Classic DRW	Regular/Crew/Extended	8	1987-2000		Classic DRW/R/V DRW	fallback	原子事实对应多条候选记录
皮卡	高度压缩两两组合	Chevrolet	C/K/C/K	C/K	Regular/Crew/Regular	8/8	无可用尺码	1987-1991/1999-2000		R/V DRW/Classic DRW	Regular/Crew	8	1987-2000		Classic DRW/R/V DRW	fallback	原子事实对应多条候选记录
皮卡	高度压缩两两组合	Chevrolet	C/K/C/K	C/K	Extended/Regular/Crew	8/8	无可用尺码	1988-1998/1992-2000		DRW/DRW	Extended/Regular/Crew	8	1988-2000		DRW	success	
皮卡	高度压缩两两组合	Chevrolet	C/K/C/K	C/K	Regular/Regular	9/8-8.5	PK-M+	1960-1966/1968-2000		/Classic/Longhorn/R/V	Regular	8-9	1960-2000		Incl: Classic/Longhorn/R/V	fallback	原子事实对应多条候选记录
皮卡	高度压缩两两组合	Chevrolet	C/K/C/K	C/K	Regular/Regular	9/8	PK-M+	1960-1966/1973-1998		/	Regular	8-9	1960-1998			fallback	原子事实对应多条候选记录
皮卡	高度压缩两两组合	Chevrolet	C/K/C/K	C/K	Regular/Extended	9/6.5	PK-M+	1960-1966/1989-1998		/	Regular/Extended	6.5-9	1960-1998			fallback	原子事实对应多条候选记录
皮卡	高度压缩两两组合	Chevrolet	C/K/C/K	C/K	Regular/Extended	9/6.5	PK-M+	1960-1966/1999		/Classic	Regular/Extended	6.5-9	1960-1999		Incl: Classic	fallback	原子事实对应多条候选记录
皮卡	高度压缩两两组合	Chevrolet	C/K/C/K	C/K	Regular/Regular	8/6.5	PK-M	1960-1972/1960-1998		/Incl: R/V	Regular	6.5-8	1960-1998		Incl: R/V	fallback	原子事实对应多条候选记录
皮卡	高度压缩两两组合	Chevrolet	C/K/C/K	C/K	Regular/Regular	8-8.5/8	PK-M+	1968-2000/1973-1998		Classic/Longhorn/R/V/	Regular	8-8.5	1968-2000		Incl: Classic/Longhorn/R/V	fallback	原子事实对应多条候选记录
皮卡	高度压缩两两组合	Chevrolet	C/K/C/K	C/K	Regular/Extended	8-8.5/6.5	PK-M+	1968-2000/1989-1998		Classic/Longhorn/R/V/	Regular/Extended	6.5-8.5	1968-2000		Incl: Classic/Longhorn/R/V	fallback	原子事实对应多条候选记录
皮卡	高度压缩两两组合	Chevrolet	C/K/C/K	C/K	Regular/Extended	8-8.5/6.5	PK-M+	1968-2000/1999		Classic/Longhorn/R/V/Classic	Regular/Extended	6.5-8.5	1968-2000		Classic/Longhorn/R/V	fallback	原子事实对应多条候选记录
皮卡	高度压缩两两组合	Chevrolet	C/K/C/K	C/K	Crew/Regular/Regular/Crew	8/8	无可用尺码	1973-1986/1987-1991		DRW/R/V DRW	Crew/Regular	8	1973-1991		DRW/R/V DRW	fallback	原子事实对应多条候选记录
皮卡	高度压缩两两组合	Chevrolet	C/K/C/K	C/K	Crew/Regular/Extended/Regular/Crew	8/8	无可用尺码	1973-1986/1988-2000		DRW/DRW	Crew/Regular/Extended	8	1973-2000		DRW	success	
皮卡	高度压缩两两组合	Chevrolet	C/K/C/K	C/K	Regular/Regular	9/8-8.5	PK-M+	1960-1966/1968-2000		/Classic/Longhorn/R/V	Regular	8-9	1960-2000		Incl: Classic/Longhorn/R/V	fallback	原子事实对应多条候选记录
皮卡	高度压缩两两组合	Chevrolet	C/K/C/K	C/K	Regular/Regular	9/8	PK-M+	1960-1966/1973-1998		/	Regular	8-9	1960-1998			fallback	原子事实对应多条候选记录
皮卡	高度压缩两两组合	Chevrolet	C/K/C/K	C/K	Regular/Extended	9/6.5	PK-M+	1960-1966/1989-1998		/	Regular/Extended	6.5-9	1960-1998			fallback	原子事实对应多条候选记录
皮卡	高度压缩两两组合	Chevrolet	C/K/C/K	C/K	Regular/Extended	9/6.5	PK-M+	1960-1966/1999		/Classic	Regular/Extended	6.5-9	1960-1999		Incl: Classic	fallback	原子事实对应多条候选记录
皮卡	高度压缩两两组合	Chevrolet	C/K/C/K	C/K	Regular/Regular	8/6.5	PK-M	1960-1972/1960-1998		/Incl: R/V	Regular	6.5-8	1960-1998		Incl: R/V	fallback	原子事实对应多条候选记录
皮卡	高度压缩两两组合	Chevrolet	C/K/C/K	C/K	Regular/Regular	8-8.5/8	PK-M+	1968-2000/1973-1998		Classic/Longhorn/R/V/	Regular	8-8.5	1968-2000		Incl: Classic/Longhorn/R/V	fallback	原子事实对应多条候选记录
皮卡	高度压缩两两组合	Chevrolet	C/K/C/K	C/K	Regular/Extended	8-8.5/6.5	PK-M+	1968-2000/1989-1998		Classic/Longhorn/R/V/	Regular/Extended	6.5-8.5	1968-2000		Incl: Classic/Longhorn/R/V	fallback	原子事实对应多条候选记录
皮卡	高度压缩两两组合	Chevrolet	C/K/C/K	C/K	Regular/Extended	8-8.5/6.5	PK-M+	1968-2000/1999		Classic/Longhorn/R/V/Classic	Regular/Extended	6.5-8.5	1968-2000		Classic/Longhorn/R/V	fallback	原子事实对应多条候选记录
皮卡	高度压缩两两组合	Chevrolet	C/K/C/K	C/K	Regular/Extended	8/6.5	PK-M+	1973-1998/1989-1998		/	Regular/Extended	6.5-8	1973-1998			fallback	原子事实对应多条候选记录
皮卡	高度压缩两两组合	Chevrolet	C/K/C/K	C/K	Regular/Extended	8/6.5	PK-M+	1973-1998/1999		/Classic	Regular/Extended	6.5-8	1973-1999		Incl: Classic	fallback	原子事实对应多条候选记录
皮卡	高度压缩两两组合	Chevrolet	C/K/C/K	C/K	Crew/Regular/Extended/Regular/Crew	8/8	无可用尺码	1973-2000/1987-1991		DRW/R/V DRW	Crew/Regular/Extended	8	1973-2000		DRW/R/V DRW	success	
皮卡	高度压缩两两组合	Chevrolet	C/K/C/K	C/K	Regular/Regular	9/8-8.5	PK-M+	1960-1966/1968-2000		/Classic/Longhorn/R/V	Regular	8-9	1960-2000		Incl: Classic/Longhorn/R/V	fallback	原子事实对应多条候选记录
皮卡	高度压缩两两组合	Chevrolet	C/K/C/K	C/K	Regular/Regular	9/8	PK-M+	1960-1966/1973-1998		/	Regular	8-9	1960-1998			fallback	原子事实对应多条候选记录
皮卡	高度压缩两两组合	Chevrolet	C/K/C/K	C/K	Regular/Extended	9/6.5	PK-M+	1960-1966/1989-1998		/	Regular/Extended	6.5-9	1960-1998			fallback	原子事实对应多条候选记录
皮卡	高度压缩两两组合	Chevrolet	C/K/C/K	C/K	Regular/Extended	9/6.5	PK-M+	1960-1966/1999		/Classic	Regular/Extended	6.5-9	1960-1999		Incl: Classic	fallback	原子事实对应多条候选记录
皮卡	高度压缩两两组合	Chevrolet	C/K/C/K	C/K	Regular/Regular	8/6.5	PK-M	1960-1972/1960-1998		/Incl: R/V	Regular	6.5-8	1960-1998		Incl: R/V	fallback	原子事实对应多条候选记录
皮卡	高度压缩两两组合	Chevrolet	C/K/C/K	C/K	Regular/Regular	8-8.5/8	PK-M+	1968-2000/1973-1998		Classic/Longhorn/R/V/	Regular	8-8.5	1968-2000		Incl: Classic/Longhorn/R/V	fallback	原子事实对应多条候选记录
皮卡	高度压缩两两组合	Chevrolet	C/K/C/K	C/K	Regular/Extended	8-8.5/6.5	PK-M+	1968-2000/1989-1998		Classic/Longhorn/R/V/	Regular/Extended	6.5-8.5	1968-2000		Incl: Classic/Longhorn/R/V	fallback	原子事实对应多条候选记录
皮卡	高度压缩两两组合	Chevrolet	C/K/C/K	C/K	Regular/Extended	8-8.5/6.5	PK-M+	1968-2000/1999		Classic/Longhorn/R/V/Classic	Regular/Extended	6.5-8.5	1968-2000		Classic/Longhorn/R/V	fallback	原子事实对应多条候选记录
皮卡	高度压缩两两组合	Chevrolet	C/K/C/K	C/K	Regular/Extended	8/6.5	PK-M+	1973-1998/1989-1998		/	Regular/Extended	6.5-8	1973-1998			fallback	原子事实对应多条候选记录
皮卡	高度压缩两两组合	Chevrolet	C/K/C/K	C/K	Regular/Extended	8/6.5	PK-M+	1973-1998/1999		/Classic	Regular/Extended	6.5-8	1973-1999		Incl: Classic	fallback	原子事实对应多条候选记录
皮卡	高度压缩两两组合	Chevrolet	C/K/C/K	C/K	Crew/Regular/Extended/Crew	8/6.5	无可用尺码	1973-2000/1999-2000		DRW/R/V DRW/Classic DRW	Crew/Regular/Extended	6.5-8	1973-2000		Classic DRW/DRW/R/V DRW	fallback	原子事实对应多条候选记录
皮卡	高度压缩两两组合	Chevrolet	C/K/C/K	C/K	Crew/Regular/Extended/Crew	8/8	无可用尺码	1973-2000/1999-2000		DRW/R/V DRW/Classic DRW	Crew/Regular/Extended	8	1973-2000		Classic DRW/DRW/R/V DRW	fallback	原子事实对应多条候选记录
皮卡	高度压缩两两组合	Chevrolet	C/K/C/K	C/K	Crew/Regular/Extended/Extended	8/8	无可用尺码	1973-2000/1999-2000		DRW/R/V DRW/Classic DRW	Crew/Regular/Extended	8	1973-2000		Classic DRW/DRW/R/V DRW	fallback	原子事实对应多条候选记录
皮卡	高度压缩两两组合	Chevrolet	C/K/C/K	C/K	Crew/Regular/Extended/Regular	8/8	无可用尺码	1973-2000/1999-2000		DRW/R/V DRW/Classic DRW	Crew/Regular/Extended	8	1973-2000		Classic DRW/DRW/R/V DRW	fallback	原子事实对应多条候选记录
皮卡	高度压缩两两组合	Chevrolet	C/K/C/K	C/K	Extended/Crew	8/6.5	PK-XL+	1988-2000/1999-2000		Incl: Classic/Classic	Extended/Crew	6.5-8	1988-2000		Incl: Classic	fallback	原子事实对应多条候选记录
皮卡	高度压缩两两组合	Chevrolet	C/K/C/K	C/K	Extended/Extended	6.5/6.5	PK-M+	1989-1998/1999		/Classic	Extended	6.5	1989-1999		Incl: Classic	success	
皮卡	高度压缩两两组合	Chevrolet	C/K/C/K	C/K	Regular/Regular	9/8-8.5	PK-M+	1960-1966/1968-2000		/Classic/Longhorn/R/V	Regular	8-9	1960-2000		Incl: Classic/Longhorn/R/V	fallback	原子事实对应多条候选记录
皮卡	高度压缩两两组合	Chevrolet	C/K/C/K	C/K	Regular/Regular	9/8	PK-M+	1960-1966/1973-1998		/	Regular	8-9	1960-1998			fallback	原子事实对应多条候选记录
皮卡	高度压缩两两组合	Chevrolet	C/K/C/K	C/K	Regular/Extended	9/6.5	PK-M+	1960-1966/1989-1999		/Incl: Classic	Regular/Extended	6.5-9	1960-1999		Incl: Classic	fallback	原子事实对应多条候选记录
皮卡	高度压缩两两组合	Chevrolet	C/K/C/K	C/K	Regular/Regular	8/6.5	PK-M	1960-1972/1960-1998		/Incl: R/V	Regular	6.5-8	1960-1998		Incl: R/V	fallback	原子事实对应多条候选记录
皮卡	高度压缩两两组合	Chevrolet	C/K/C/K	C/K	Regular/Regular	8-8.5/8	PK-M+	1968-2000/1973-1998		Classic/Longhorn/R/V/	Regular	8-8.5	1968-2000		Incl: Classic/Longhorn/R/V	fallback	原子事实对应多条候选记录
皮卡	高度压缩两两组合	Chevrolet	C/K/C/K	C/K	Regular/Extended	8-8.5/6.5	PK-M+	1968-2000/1989-1999		Classic/Longhorn/R/V/Incl: Classic	Regular/Extended	6.5-8.5	1968-2000		Incl: Classic/Longhorn/R/V	fallback	原子事实对应多条候选记录
皮卡	高度压缩两两组合	Chevrolet	C/K/C/K	C/K	Regular/Extended	8/6.5	PK-M+	1973-1998/1989-1999		/Incl: Classic	Regular/Extended	6.5-8	1973-1999		Incl: Classic	fallback	原子事实对应多条候选记录
皮卡	高度压缩两两组合	Chevrolet	C/K/C/K	C/K	Crew/Regular/Extended/Crew	8/6.5	无可用尺码	1973-2000/1999-2000		DRW/R/V DRW/Classic DRW	Crew/Regular/Extended	6.5-8	1973-2000		Classic DRW/DRW/R/V DRW	fallback	原子事实对应多条候选记录
皮卡	高度压缩两两组合	Chevrolet	C/K/C/K	C/K	Crew/Regular/Extended/Crew	8/8	无可用尺码	1973-2000/1999-2000		DRW/R/V DRW/Classic DRW	Crew/Regular/Extended	8	1973-2000		Classic DRW/DRW/R/V DRW	fallback	原子事实对应多条候选记录
皮卡	高度压缩两两组合	Chevrolet	C/K/C/K	C/K	Crew/Regular/Extended/Extended	8/8	无可用尺码	1973-2000/1999-2000		DRW/R/V DRW/Classic DRW	Crew/Regular/Extended	8	1973-2000		Classic DRW/DRW/R/V DRW	fallback	原子事实对应多条候选记录
皮卡	高度压缩两两组合	Chevrolet	C/K/C/K	C/K	Crew/Regular/Extended/Regular	8/8	无可用尺码	1973-2000/1999-2000		DRW/R/V DRW/Classic DRW	Crew/Regular/Extended	8	1973-2000		Classic DRW/DRW/R/V DRW	fallback	原子事实对应多条候选记录
皮卡	高度压缩两两组合	Chevrolet	C/K/C/K	C/K	Extended/Crew	8/6.5	PK-XL+	1988-2000/1999-2000		Incl: Classic/Classic	Extended/Crew	6.5-8	1988-2000		Incl: Classic	fallback	原子事实对应多条候选记录
皮卡	高度压缩两两组合	Chevrolet	C/K/C/K	C/K	Crew/Crew	8/8	PK-XXXL	1992-1998/1999-2000		/Classic	Crew	8	1992-2000		Incl: Classic	success	
皮卡	高度压缩两两组合	Chevrolet	C/K/C/K	C/K	Regular/Regular	9/8-8.5	PK-M+	1960-1966/1968-2000		/Classic/Longhorn/R/V	Regular	8-9	1960-2000		Incl: Classic/Longhorn/R/V	fallback	原子事实对应多条候选记录
皮卡	高度压缩两两组合	Chevrolet	C/K/C/K	C/K	Regular/Regular	9/8	PK-M+	1960-1966/1973-1998		/	Regular	8-9	1960-1998			fallback	原子事实对应多条候选记录
皮卡	高度压缩两两组合	Chevrolet	C/K/C/K	C/K	Regular/Extended	9/6.5	PK-M+	1960-1966/1989-1999		/Incl: Classic	Regular/Extended	6.5-9	1960-1999		Incl: Classic	fallback	原子事实对应多条候选记录
皮卡	高度压缩两两组合	Chevrolet	C/K/C/K	C/K	Regular/Regular	8/6.5	PK-M	1960-1972/1960-1998		/Incl: R/V	Regular	6.5-8	1960-1998		Incl: R/V	fallback	原子事实对应多条候选记录
皮卡	高度压缩两两组合	Chevrolet	C/K/C/K	C/K	Regular/Regular	8-8.5/8	PK-M+	1968-2000/1973-1998		Classic/Longhorn/R/V/	Regular	8-8.5	1968-2000		Incl: Classic/Longhorn/R/V	fallback	原子事实对应多条候选记录
皮卡	高度压缩两两组合	Chevrolet	C/K/C/K	C/K	Regular/Extended	8-8.5/6.5	PK-M+	1968-2000/1989-1999		Classic/Longhorn/R/V/Incl: Classic	Regular/Extended	6.5-8.5	1968-2000		Incl: Classic/Longhorn/R/V	fallback	原子事实对应多条候选记录
皮卡	高度压缩两两组合	Chevrolet	C/K/C/K	C/K	Regular/Extended	8/6.5	PK-M+	1973-1998/1989-1999		/Incl: Classic	Regular/Extended	6.5-8	1973-1999		Incl: Classic	fallback	原子事实对应多条候选记录
皮卡	高度压缩两两组合	Chevrolet	C/K/C/K	C/K	Crew/Regular/Extended/Crew	8/6.5	无可用尺码	1973-2000/1999-2000		DRW/R/V DRW/Classic DRW	Crew/Regular/Extended	6.5-8	1973-2000		Classic DRW/DRW/R/V DRW	fallback	原子事实对应多条候选记录
皮卡	高度压缩两两组合	Chevrolet	C/K/C/K	C/K	Crew/Regular/Extended/Crew	8/8	无可用尺码	1973-2000/1999-2000		DRW/R/V DRW/Classic DRW	Crew/Regular/Extended	8	1973-2000		Classic DRW/DRW/R/V DRW	fallback	原子事实对应多条候选记录
皮卡	高度压缩两两组合	Chevrolet	C/K/C/K	C/K	Crew/Regular/Extended/Extended	8/8	无可用尺码	1973-2000/1999-2000		DRW/R/V DRW/Classic DRW	Crew/Regular/Extended	8	1973-2000		Classic DRW/DRW/R/V DRW	fallback	原子事实对应多条候选记录
皮卡	高度压缩两两组合	Chevrolet	C/K/C/K	C/K	Crew/Regular/Extended/Regular	8/8	无可用尺码	1973-2000/1999-2000		DRW/R/V DRW/Classic DRW	Crew/Regular/Extended	8	1973-2000		Classic DRW/DRW/R/V DRW	fallback	原子事实对应多条候选记录
皮卡	高度压缩两两组合	Chevrolet	C/K/C/K	C/K	Extended/Crew	8/6.5	PK-XL+	1988-2000/1999-2000		Incl: Classic/Classic	Extended/Crew	6.5-8	1988-2000		Incl: Classic	fallback	原子事实对应多条候选记录
皮卡	高度压缩两两组合	Chevrolet	C/K/C/K	C/K	Crew/Crew	6.5/8	无可用尺码	1999-2000/1999-2000		Classic DRW/Classic DRW	Crew	6.5-8	1999-2000		Classic DRW	success	
皮卡	高度压缩两两组合	Chevrolet	C/K/C/K	C/K	Regular/Regular	9/8-8.5	PK-M+	1960-1966/1968-2000		/Classic/Longhorn/R/V	Regular	8-9	1960-2000		Incl: Classic/Longhorn/R/V	fallback	原子事实对应多条候选记录
皮卡	高度压缩两两组合	Chevrolet	C/K/C/K	C/K	Regular/Regular	9/8	PK-M+	1960-1966/1973-1998		/	Regular	8-9	1960-1998			fallback	原子事实对应多条候选记录
皮卡	高度压缩两两组合	Chevrolet	C/K/C/K	C/K	Regular/Extended	9/6.5	PK-M+	1960-1966/1989-1999		/Incl: Classic	Regular/Extended	6.5-9	1960-1999		Incl: Classic	fallback	原子事实对应多条候选记录
皮卡	高度压缩两两组合	Chevrolet	C/K/C/K	C/K	Regular/Regular	8/6.5	PK-M	1960-1972/1960-1998		/Incl: R/V	Regular	6.5-8	1960-1998		Incl: R/V	fallback	原子事实对应多条候选记录
皮卡	高度压缩两两组合	Chevrolet	C/K/C/K	C/K	Regular/Regular	8-8.5/8	PK-M+	1968-2000/1973-1998		Classic/Longhorn/R/V/	Regular	8-8.5	1968-2000		Incl: Classic/Longhorn/R/V	fallback	原子事实对应多条候选记录
皮卡	高度压缩两两组合	Chevrolet	C/K/C/K	C/K	Regular/Extended	8-8.5/6.5	PK-M+	1968-2000/1989-1999		Classic/Longhorn/R/V/Incl: Classic	Regular/Extended	6.5-8.5	1968-2000		Incl: Classic/Longhorn/R/V	fallback	原子事实对应多条候选记录
皮卡	高度压缩两两组合	Chevrolet	C/K/C/K	C/K	Regular/Extended	8/6.5	PK-M+	1973-1998/1989-1999		/Incl: Classic	Regular/Extended	6.5-8	1973-1999		Incl: Classic	fallback	原子事实对应多条候选记录
皮卡	高度压缩两两组合	Chevrolet	C/K/C/K	C/K	Crew/Regular/Extended/Crew	8/6.5-8	无可用尺码	1973-2000/1999-2000		DRW/R/V DRW/Classic DRW	Crew/Regular/Extended	6.5-8	1973-2000		Classic DRW/DRW/R/V DRW	fallback	原子事实对应多条候选记录
皮卡	高度压缩两两组合	Chevrolet	C/K/C/K	C/K	Crew/Regular/Extended/Extended	8/8	无可用尺码	1973-2000/1999-2000		DRW/R/V DRW/Classic DRW	Crew/Regular/Extended	8	1973-2000		Classic DRW/DRW/R/V DRW	fallback	原子事实对应多条候选记录
皮卡	高度压缩两两组合	Chevrolet	C/K/C/K	C/K	Crew/Regular/Extended/Regular	8/8	无可用尺码	1973-2000/1999-2000		DRW/R/V DRW/Classic DRW	Crew/Regular/Extended	8	1973-2000		Classic DRW/DRW/R/V DRW	fallback	原子事实对应多条候选记录
皮卡	高度压缩两两组合	Chevrolet	C/K/C/K	C/K	Extended/Crew	8/6.5	PK-XL+	1988-2000/1999-2000		Incl: Classic/Classic	Extended/Crew	6.5-8	1988-2000		Incl: Classic	fallback	原子事实对应多条候选记录
皮卡	高度压缩两两组合	Chevrolet	C/K/C/K	C/K	Crew/Extended	6.5-8/8	无可用尺码	1999-2000/1999-2000		Classic DRW/Classic DRW	Crew/Extended	6.5-8	1999-2000		Classic DRW	success	
皮卡	高度压缩两两组合	Chevrolet	C/K/C/K	C/K	Regular/Regular	9/8-8.5	PK-M+	1960-1966/1968-2000		/Classic/Longhorn/R/V	Regular	8-9	1960-2000		Incl: Classic/Longhorn/R/V	fallback	原子事实对应多条候选记录
皮卡	高度压缩两两组合	Chevrolet	C/K/C/K	C/K	Regular/Regular	9/8	PK-M+	1960-1966/1973-1998		/	Regular	8-9	1960-1998			fallback	原子事实对应多条候选记录
皮卡	高度压缩两两组合	Chevrolet	C/K/C/K	C/K	Regular/Extended	9/6.5	PK-M+	1960-1966/1989-1999		/Incl: Classic	Regular/Extended	6.5-9	1960-1999		Incl: Classic	fallback	原子事实对应多条候选记录
皮卡	高度压缩两两组合	Chevrolet	C/K/C/K	C/K	Regular/Regular	8/6.5	PK-M	1960-1972/1960-1998		/Incl: R/V	Regular	6.5-8	1960-1998		Incl: R/V	fallback	原子事实对应多条候选记录
皮卡	高度压缩两两组合	Chevrolet	C/K/C/K	C/K	Regular/Regular	8-8.5/8	PK-M+	1968-2000/1973-1998		Classic/Longhorn/R/V/	Regular	8-8.5	1968-2000		Incl: Classic/Longhorn/R/V	fallback	原子事实对应多条候选记录
皮卡	高度压缩两两组合	Chevrolet	C/K/C/K	C/K	Regular/Extended	8-8.5/6.5	PK-M+	1968-2000/1989-1999		Classic/Longhorn/R/V/Incl: Classic	Regular/Extended	6.5-8.5	1968-2000		Incl: Classic/Longhorn/R/V	fallback	原子事实对应多条候选记录
皮卡	高度压缩两两组合	Chevrolet	C/K/C/K	C/K	Regular/Extended	8/6.5	PK-M+	1973-1998/1989-1999		/Incl: Classic	Regular/Extended	6.5-8	1973-1999		Incl: Classic	fallback	原子事实对应多条候选记录
皮卡	高度压缩两两组合	Chevrolet	C/K/C/K	C/K	Crew/Regular/Extended/Crew/Extended	8/6.5-8	无可用尺码	1973-2000/1999-2000		DRW/R/V DRW/Classic DRW	Crew/Regular/Extended	6.5-8	1973-2000		Classic DRW/DRW/R/V DRW	fallback	原子事实对应多条候选记录
皮卡	高度压缩两两组合	Chevrolet	C/K/C/K	C/K	Crew/Regular/Extended/Regular	8/8	无可用尺码	1973-2000/1999-2000		DRW/R/V DRW/Classic DRW	Crew/Regular/Extended	8	1973-2000		Classic DRW/DRW/R/V DRW	fallback	原子事实对应多条候选记录
皮卡	高度压缩两两组合	Chevrolet	C/K/C/K	C/K	Extended/Crew	8/6.5	PK-XL+	1988-2000/1999-2000		Incl: Classic/Classic	Extended/Crew	6.5-8	1988-2000		Incl: Classic	fallback	原子事实对应多条候选记录
皮卡	高度压缩两两组合	Chevrolet	C/K/C/K	C/K	Crew/Extended/Regular	6.5-8/8	无可用尺码	1999-2000/1999-2000		Classic DRW/Classic DRW	Crew/Extended/Regular	6.5-8	1999-2000		Classic DRW	success	
皮卡	高度压缩两两组合	Chevrolet	C/K/C/K	C/K	Regular/Regular	9/8-8.5	PK-M+	1960-1966/1968-2000		/Classic/Longhorn/R/V	Regular	8-9	1960-2000		Incl: Classic/Longhorn/R/V	fallback	原子事实对应多条候选记录
皮卡	高度压缩两两组合	Chevrolet	C/K/C/K	C/K	Regular/Regular	9/8	PK-M+	1960-1966/1973-1998		/	Regular	8-9	1960-1998			fallback	原子事实对应多条候选记录
皮卡	高度压缩两两组合	Chevrolet	C/K/C/K	C/K	Regular/Extended	9/6.5	PK-M+	1960-1966/1989-1999		/Incl: Classic	Regular/Extended	6.5-9	1960-1999		Incl: Classic	fallback	原子事实对应多条候选记录
皮卡	高度压缩两两组合	Chevrolet	C/K/C/K	C/K	Regular/Regular	8/6.5	PK-M	1960-1972/1960-1998		/Incl: R/V	Regular	6.5-8	1960-1998		Incl: R/V	fallback	原子事实对应多条候选记录
皮卡	高度压缩两两组合	Chevrolet	C/K/C/K	C/K	Regular/Regular	8-8.5/8	PK-M+	1968-2000/1973-1998		Classic/Longhorn/R/V/	Regular	8-8.5	1968-2000		Incl: Classic/Longhorn/R/V	fallback	原子事实对应多条候选记录
皮卡	高度压缩两两组合	Chevrolet	C/K/C/K	C/K	Regular/Extended	8-8.5/6.5	PK-M+	1968-2000/1989-1999		Classic/Longhorn/R/V/Incl: Classic	Regular/Extended	6.5-8.5	1968-2000		Incl: Classic/Longhorn/R/V	fallback	原子事实对应多条候选记录
皮卡	高度压缩两两组合	Chevrolet	C/K/C/K	C/K	Regular/Extended	8/6.5	PK-M+	1973-1998/1989-1999		/Incl: Classic	Regular/Extended	6.5-8	1973-1999		Incl: Classic	fallback	原子事实对应多条候选记录
皮卡	高度压缩两两组合	Chevrolet	C/K/C/K	C/K	Crew/Regular/Extended/Crew/Extended/Regular	8/6.5-8	无可用尺码	1973-2000/1999-2000		DRW/R/V DRW/Classic DRW	Crew/Regular/Extended	6.5-8	1973-2000		Classic DRW/DRW/R/V DRW	success	
皮卡	高度压缩两两组合	Chevrolet	C/K/C/K	C/K	Regular/Regular	9/8-8.5	PK-M+	1960-1966/1968-2000		/Classic/Longhorn/R/V	Regular	8-9	1960-2000		Incl: Classic/Longhorn/R/V	fallback	原子事实对应多条候选记录
皮卡	高度压缩两两组合	Chevrolet	C/K/C/K	C/K	Regular/Regular	9/8	PK-M+	1960-1966/1973-1998		/	Regular	8-9	1960-1998			fallback	原子事实对应多条候选记录
皮卡	高度压缩两两组合	Chevrolet	C/K/C/K	C/K	Regular/Extended	9/6.5	PK-M+	1960-1966/1989-1999		/Incl: Classic	Regular/Extended	6.5-9	1960-1999		Incl: Classic	fallback	原子事实对应多条候选记录
皮卡	高度压缩两两组合	Chevrolet	C/K/C/K	C/K	Regular/Regular	8/6.5	PK-M	1960-1972/1960-1998		/Incl: R/V	Regular	6.5-8	1960-1998		Incl: R/V	fallback	原子事实对应多条候选记录
皮卡	高度压缩两两组合	Chevrolet	C/K/C/K	C/K	Regular/Regular	8-8.5/8	PK-M+	1968-2000/1973-1998		Classic/Longhorn/R/V/	Regular	8-8.5	1968-2000		Incl: Classic/Longhorn/R/V	fallback	原子事实对应多条候选记录
皮卡	高度压缩两两组合	Chevrolet	C/K/C/K	C/K	Regular/Extended	8-8.5/6.5	PK-M+	1968-2000/1989-1999		Classic/Longhorn/R/V/Incl: Classic	Regular/Extended	6.5-8.5	1968-2000		Incl: Classic/Longhorn/R/V	fallback	原子事实对应多条候选记录
皮卡	高度压缩两两组合	Chevrolet	C/K/C/K	C/K	Regular/Extended	8/6.5	PK-M+	1973-1998/1989-1999		/Incl: Classic	Regular/Extended	6.5-8	1973-1999		Incl: Classic	fallback	原子事实对应多条候选记录
皮卡	高度压缩两两组合	Chevrolet	C/K/C/K	C/K	Extended/Crew	8/6.5	PK-XL+	1988-2000/1999-2000		Incl: Classic/Classic	Extended/Crew	6.5-8	1988-2000		Incl: Classic	fallback	原子事实对应多条候选记录
皮卡	高度压缩两两组合	Chevrolet	Colorado/Colorado	Colorado	Crew/Extended	5/6	PK-M	2004-2005/2004-2012		/	Crew/Extended	5-6	2004-2012			fallback	原子事实对应多条候选记录
皮卡	高度压缩两两组合	Chevrolet	Colorado/Colorado	Colorado	Crew/Regular	5/6	PK-M	2004-2005/2004-2012		/	Crew/Regular	5-6	2004-2012			fallback	原子事实对应多条候选记录
皮卡	高度压缩两两组合	Chevrolet	Colorado/Colorado	Colorado	Crew/Crew	5/5	PK-M	2004-2005/2008		/	Crew	5	2004-2008			success	
皮卡	高度压缩两两组合	Chevrolet	Colorado/Colorado	Colorado	Crew/Extended	5/6	PK-M	2004-2008/2004-2012		/	Crew/Extended	5-6	2004-2012			fallback	原子事实对应多条候选记录
皮卡	高度压缩两两组合	Chevrolet	Colorado/Colorado	Colorado	Crew/Regular	5/6	PK-M	2004-2008/2004-2012		/	Crew/Regular	5-6	2004-2012			fallback	原子事实对应多条候选记录
皮卡	高度压缩两两组合	Chevrolet	Colorado/Colorado	Colorado	Crew/Crew	5/5	PK-M	2004-2008/2012		/	Crew	5	2004-2012			success	
皮卡	高度压缩两两组合	Chevrolet	Colorado/Colorado	Colorado	Crew/Extended	5/6	PK-M	2004-2012/2004-2012		/	Crew/Extended	5-6	2004-2012			success	
皮卡	高度压缩两两组合	Chevrolet	Colorado/Colorado	Colorado	Crew/Extended/Regular	5-6/6	PK-M	2004-2012/2004-2012		/	Crew/Extended/Regular	5-6	2004-2012			success	
皮卡	高度压缩两两组合	Chevrolet	Colorado/Colorado	Colorado	Extended/Crew	6/5	PK-M+	2015-2020/2015-2022		/	Extended/Crew	5-6	2015-2022			fallback	原子事实对应多条候选记录
皮卡	高度压缩两两组合	Chevrolet	Colorado/Colorado	Colorado	Extended/Crew	6/5	PK-M+	2015-2020/2017-2022		/ZR2	Extended/Crew	5-6	2015-2022		Incl: ZR2	fallback	原子事实对应多条候选记录
皮卡	高度压缩两两组合	Chevrolet	Colorado/Colorado	Colorado	Crew/Crew	5/5	PK-M+	2015-2022/2017-2022		/ZR2	Crew	5	2015-2022		Incl: ZR2	success	
皮卡	高度压缩两两组合	Chevrolet	Colorado/Colorado	Colorado	Extended/Crew	6/5	PK-M+	2015-2020/2015-2022		/Incl: ZR2	Extended/Crew	5-6	2015-2022		Incl: ZR2	fallback	原子事实对应多条候选记录
皮卡	高度压缩两两组合	Chevrolet	Colorado/Colorado	Colorado	Crew/Crew	6/5	PK-L	2015-2022/2023-2026		/	Crew	5-6	2015-2026			fallback	原子事实对应多条候选记录
皮卡	高度压缩两两组合	Chevrolet	El Camino/El Camino	El Camino	Regular/Regular	6.5/6.5	PK-M+	1959-1960/1973-1977		/	Regular	6.5	1959-1977			fallback	原子事实对应多条候选记录
皮卡	高度压缩两两组合	Chevrolet	El Camino/El Camino	El Camino	Regular/Regular	6.5/6.5	PK-M	1964-1972/1978-1987		/	Regular	6.5	1964-1987			fallback	原子事实对应多条候选记录
皮卡	高度压缩两两组合	Chevrolet	S10/S10	S10	Regular/Regular	6/6	无可用尺码	1982-1993/1983-1993		/4WD	Regular	6	1982-1993		Incl: 4WD	success	
皮卡	高度压缩两两组合	Chevrolet	S10/S10	S10	Regular/Regular	7.5/7.5	PK-M	1982-2003/1983-1999		/4WD	Regular	7.5	1982-2003		Incl: 4WD	success	
皮卡	高度压缩两两组合	Chevrolet	S10/S10	S10	Regular/Extended	7.5/6	PK-M	1982-2003/1983-2003		Incl: 4WD/	Regular/Extended	6-7.5	1982-2003		Incl: 4WD	fallback	原子事实对应多条候选记录
皮卡	高度压缩两两组合	Chevrolet	S10/S10	S10	Regular/Extended	7.5/6	PK-M	1982-2003/1983-2003		Incl: 4WD/4WD	Regular/Extended	6-7.5	1982-2003		Incl: 4WD	fallback	原子事实对应多条候选记录
皮卡	高度压缩两两组合	Chevrolet	S10/S10	S10	Regular/Regular	7.5/6	PK-M	1982-2003/1994-1999		Incl: 4WD/ZR2	Regular	6-7.5	1982-2003		Incl: 4WD/ZR2	fallback	原子事实对应多条候选记录
皮卡	高度压缩两两组合	Chevrolet	S10/S10	S10	Regular/Regular	7.5/6	PK-M	1982-2003/1994-2000		Incl: 4WD/4WD	Regular	6-7.5	1982-2003		Incl: 4WD	fallback	原子事实对应多条候选记录
皮卡	高度压缩两两组合	Chevrolet	S10/S10	S10	Regular/Regular	7.5/6	PK-M	1982-2003/1994-2003		Incl: 4WD/	Regular	6-7.5	1982-2003		Incl: 4WD	fallback	原子事实对应多条候选记录
皮卡	高度压缩两两组合	Chevrolet	S10/S10	S10	Regular/Extended	7.5/6	PK-M	1982-2003/1995-2003		Incl: 4WD/ZR2	Regular/Extended	6-7.5	1982-2003		Incl: 4WD/ZR2	fallback	原子事实对应多条候选记录
皮卡	高度压缩两两组合	Chevrolet	S10/S10	S10	Regular/Regular	7.5/6	PK-M	1982-2003/1997-1998		Incl: 4WD/EV	Regular	6-7.5	1982-2003		Incl: 4WD/EV	fallback	原子事实对应多条候选记录
皮卡	高度压缩两两组合	Chevrolet	S10/S10	S10	Regular/Extended	7.5/6	PK-M	1982-2003/1999-2003		Incl: 4WD/Xtreme	Regular/Extended	6-7.5	1982-2003		Incl: 4WD/Xtreme	fallback	原子事实对应多条候选记录
皮卡	高度压缩两两组合	Chevrolet	S10/S10	S10	Regular/Regular	7.5/6	PK-M	1982-2003/1999-2003		Incl: 4WD/Xtreme	Regular	6-7.5	1982-2003		Incl: 4WD/Xtreme	fallback	原子事实对应多条候选记录
皮卡	高度压缩两两组合	Chevrolet	S10/S10	S10	Regular/Crew	7.5/4.5	PK-M	1982-2003/2001-2004		Incl: 4WD/4WD	Regular/Crew	4.5-7.5	1982-2004		Incl: 4WD	fallback	原子事实对应多条候选记录
皮卡	高度压缩两两组合	Chevrolet	S10/S10	S10	Extended/Extended	6/6	PK-M	1983-2003/1983-2003		/4WD	Extended	6	1983-2003		Incl: 4WD	success	
皮卡	高度压缩两两组合	Chevrolet	S10/S10	S10	Regular/Extended	7.5/6	PK-M	1982-2003/1983-2003		Incl: 4WD/Incl: 4WD	Regular/Extended	6-7.5	1982-2003		Incl: 4WD	fallback	原子事实对应多条候选记录
皮卡	高度压缩两两组合	Chevrolet	S10/S10	S10	Regular/Regular	7.5/6	PK-M	1982-2003/1994-1999		Incl: 4WD/ZR2	Regular	6-7.5	1982-2003		Incl: 4WD/ZR2	fallback	原子事实对应多条候选记录
皮卡	高度压缩两两组合	Chevrolet	S10/S10	S10	Regular/Regular	7.5/6	PK-M	1982-2003/1994-2000		Incl: 4WD/4WD	Regular	6-7.5	1982-2003		Incl: 4WD	fallback	原子事实对应多条候选记录
皮卡	高度压缩两两组合	Chevrolet	S10/S10	S10	Regular/Regular	7.5/6	PK-M	1982-2003/1994-2003		Incl: 4WD/	Regular	6-7.5	1982-2003		Incl: 4WD	fallback	原子事实对应多条候选记录
皮卡	高度压缩两两组合	Chevrolet	S10/S10	S10	Regular/Extended	7.5/6	PK-M	1982-2003/1995-2003		Incl: 4WD/ZR2	Regular/Extended	6-7.5	1982-2003		Incl: 4WD/ZR2	fallback	原子事实对应多条候选记录
皮卡	高度压缩两两组合	Chevrolet	S10/S10	S10	Regular/Regular	7.5/6	PK-M	1982-2003/1997-1998		Incl: 4WD/EV	Regular	6-7.5	1982-2003		Incl: 4WD/EV	fallback	原子事实对应多条候选记录
皮卡	高度压缩两两组合	Chevrolet	S10/S10	S10	Regular/Extended	7.5/6	PK-M	1982-2003/1999-2003		Incl: 4WD/Xtreme	Regular/Extended	6-7.5	1982-2003		Incl: 4WD/Xtreme	fallback	原子事实对应多条候选记录
皮卡	高度压缩两两组合	Chevrolet	S10/S10	S10	Regular/Regular	7.5/6	PK-M	1982-2003/1999-2003		Incl: 4WD/Xtreme	Regular	6-7.5	1982-2003		Incl: 4WD/Xtreme	fallback	原子事实对应多条候选记录
皮卡	高度压缩两两组合	Chevrolet	S10/S10	S10	Regular/Crew	7.5/4.5	PK-M	1982-2003/2001-2004		Incl: 4WD/4WD	Regular/Crew	4.5-7.5	1982-2004		Incl: 4WD	fallback	原子事实对应多条候选记录
皮卡	高度压缩两两组合	Chevrolet	S10/S10	S10	Extended/Regular	6/6	PK-M	1983-2003/1994-1999		Incl: 4WD/ZR2	Extended/Regular	6	1983-2003		Incl: 4WD/ZR2	fallback	原子事实对应多条候选记录
皮卡	高度压缩两两组合	Chevrolet	S10/S10	S10	Extended/Regular	6/6	PK-M	1983-2003/1994-2000		Incl: 4WD/4WD	Extended/Regular	6	1983-2003		Incl: 4WD	fallback	原子事实对应多条候选记录
皮卡	高度压缩两两组合	Chevrolet	S10/S10	S10	Extended/Regular	6/6	PK-M	1983-2003/1994-2003		Incl: 4WD/	Extended/Regular	6	1983-2003		Incl: 4WD	fallback	原子事实对应多条候选记录
皮卡	高度压缩两两组合	Chevrolet	S10/S10	S10	Extended/Extended	6/6	PK-M	1983-2003/1995-2003		Incl: 4WD/ZR2	Extended	6	1983-2003		Incl: 4WD/ZR2	success	
皮卡	高度压缩两两组合	Chevrolet	S10/S10	S10	Regular/Extended	7.5/6	PK-M	1982-2003/1983-2003		Incl: 4WD/Incl: 4WD/ZR2	Regular/Extended	6-7.5	1982-2003		Incl: 4WD/ZR2	fallback	原子事实对应多条候选记录
皮卡	高度压缩两两组合	Chevrolet	S10/S10	S10	Regular/Regular	7.5/6	PK-M	1982-2003/1994-1999		Incl: 4WD/ZR2	Regular	6-7.5	1982-2003		Incl: 4WD/ZR2	fallback	原子事实对应多条候选记录
皮卡	高度压缩两两组合	Chevrolet	S10/S10	S10	Regular/Regular	7.5/6	PK-M	1982-2003/1994-2000		Incl: 4WD/4WD	Regular	6-7.5	1982-2003		Incl: 4WD	fallback	原子事实对应多条候选记录
皮卡	高度压缩两两组合	Chevrolet	S10/S10	S10	Regular/Regular	7.5/6	PK-M	1982-2003/1994-2003		Incl: 4WD/	Regular	6-7.5	1982-2003		Incl: 4WD	fallback	原子事实对应多条候选记录
皮卡	高度压缩两两组合	Chevrolet	S10/S10	S10	Regular/Regular	7.5/6	PK-M	1982-2003/1997-1998		Incl: 4WD/EV	Regular	6-7.5	1982-2003		Incl: 4WD/EV	fallback	原子事实对应多条候选记录
皮卡	高度压缩两两组合	Chevrolet	S10/S10	S10	Regular/Extended	7.5/6	PK-M	1982-2003/1999-2003		Incl: 4WD/Xtreme	Regular/Extended	6-7.5	1982-2003		Incl: 4WD/Xtreme	fallback	原子事实对应多条候选记录
皮卡	高度压缩两两组合	Chevrolet	S10/S10	S10	Regular/Regular	7.5/6	PK-M	1982-2003/1999-2003		Incl: 4WD/Xtreme	Regular	6-7.5	1982-2003		Incl: 4WD/Xtreme	fallback	原子事实对应多条候选记录
皮卡	高度压缩两两组合	Chevrolet	S10/S10	S10	Regular/Crew	7.5/4.5	PK-M	1982-2003/2001-2004		Incl: 4WD/4WD	Regular/Crew	4.5-7.5	1982-2004		Incl: 4WD	fallback	原子事实对应多条候选记录
皮卡	高度压缩两两组合	Chevrolet	S10/S10	S10	Extended/Regular	6/6	PK-M	1983-2003/1994-1999		Incl: 4WD/ZR2/ZR2	Extended/Regular	6	1983-2003		Incl: 4WD/ZR2	fallback	原子事实对应多条候选记录
皮卡	高度压缩两两组合	Chevrolet	S10/S10	S10	Extended/Regular	6/6	PK-M	1983-2003/1994-2000		Incl: 4WD/ZR2/4WD	Extended/Regular	6	1983-2003		Incl: 4WD/ZR2	fallback	原子事实对应多条候选记录
皮卡	高度压缩两两组合	Chevrolet	S10/S10	S10	Extended/Regular	6/6	PK-M	1983-2003/1994-2003		Incl: 4WD/ZR2/	Extended/Regular	6	1983-2003		Incl: 4WD/ZR2	fallback	原子事实对应多条候选记录
皮卡	高度压缩两两组合	Chevrolet	S10/S10	S10	Extended/Regular	6/6	PK-M	1983-2003/1997-1998		Incl: 4WD/ZR2/EV	Extended/Regular	6	1983-2003		Incl: 4WD/EV/ZR2	fallback	原子事实对应多条候选记录
皮卡	高度压缩两两组合	Chevrolet	S10/S10	S10	Extended/Extended	6/6	PK-M	1983-2003/1999-2003		Incl: 4WD/ZR2/Xtreme	Extended	6	1983-2003		Incl: 4WD/Xtreme/ZR2	success	
皮卡	高度压缩两两组合	Chevrolet	S10/S10	S10	Regular/Extended	7.5/6	PK-M	1982-2003/1983-2003		Incl: 4WD/Incl: 4WD/Xtreme/ZR2	Regular/Extended	6-7.5	1982-2003		Incl: 4WD/Xtreme/ZR2	fallback	原子事实对应多条候选记录
皮卡	高度压缩两两组合	Chevrolet	S10/S10	S10	Regular/Regular	7.5/6	PK-M	1982-2003/1994-1999		Incl: 4WD/ZR2	Regular	6-7.5	1982-2003		Incl: 4WD/ZR2	fallback	原子事实对应多条候选记录
皮卡	高度压缩两两组合	Chevrolet	S10/S10	S10	Regular/Regular	7.5/6	PK-M	1982-2003/1994-2000		Incl: 4WD/4WD	Regular	6-7.5	1982-2003		Incl: 4WD	fallback	原子事实对应多条候选记录
皮卡	高度压缩两两组合	Chevrolet	S10/S10	S10	Regular/Regular	7.5/6	PK-M	1982-2003/1994-2003		Incl: 4WD/	Regular	6-7.5	1982-2003		Incl: 4WD	fallback	原子事实对应多条候选记录
皮卡	高度压缩两两组合	Chevrolet	S10/S10	S10	Regular/Regular	7.5/6	PK-M	1982-2003/1997-1998		Incl: 4WD/EV	Regular	6-7.5	1982-2003		Incl: 4WD/EV	fallback	原子事实对应多条候选记录
皮卡	高度压缩两两组合	Chevrolet	S10/S10	S10	Regular/Regular	7.5/6	PK-M	1982-2003/1999-2003		Incl: 4WD/Xtreme	Regular	6-7.5	1982-2003		Incl: 4WD/Xtreme	fallback	原子事实对应多条候选记录
皮卡	高度压缩两两组合	Chevrolet	S10/S10	S10	Regular/Crew	7.5/4.5	PK-M	1982-2003/2001-2004		Incl: 4WD/4WD	Regular/Crew	4.5-7.5	1982-2004		Incl: 4WD	fallback	原子事实对应多条候选记录
皮卡	高度压缩两两组合	Chevrolet	S10/S10	S10	Extended/Regular	6/6	PK-M	1983-2003/1994-1999		Incl: 4WD/Xtreme/ZR2/ZR2	Extended/Regular	6	1983-2003		Incl: 4WD/Xtreme/ZR2	fallback	原子事实对应多条候选记录
皮卡	高度压缩两两组合	Chevrolet	S10/S10	S10	Extended/Regular	6/6	PK-M	1983-2003/1994-2000		Incl: 4WD/Xtreme/ZR2/4WD	Extended/Regular	6	1983-2003		Incl: 4WD/Xtreme/ZR2	fallback	原子事实对应多条候选记录
皮卡	高度压缩两两组合	Chevrolet	S10/S10	S10	Extended/Regular	6/6	PK-M	1983-2003/1994-2003		Incl: 4WD/Xtreme/ZR2/	Extended/Regular	6	1983-2003		Incl: 4WD/Xtreme/ZR2	fallback	原子事实对应多条候选记录
皮卡	高度压缩两两组合	Chevrolet	S10/S10	S10	Extended/Regular	6/6	PK-M	1983-2003/1997-1998		Incl: 4WD/Xtreme/ZR2/EV	Extended/Regular	6	1983-2003		Incl: 4WD/EV/Xtreme/ZR2	fallback	原子事实对应多条候选记录
皮卡	高度压缩两两组合	Chevrolet	S10/S10	S10	Extended/Regular	6/6	PK-M	1983-2003/1999-2003		Incl: 4WD/Xtreme/ZR2/Xtreme	Extended/Regular	6	1983-2003		Incl: 4WD/Xtreme/ZR2	fallback	原子事实对应多条候选记录
皮卡	高度压缩两两组合	Chevrolet	S10/S10	S10	Extended/Crew	6/4.5	PK-M	1983-2003/2001-2004		Incl: 4WD/Xtreme/ZR2/4WD	Extended/Crew	4.5-6	1983-2004		Incl: 4WD/Xtreme/ZR2	success	
皮卡	高度压缩两两组合	Chevrolet	S10/S10	S10	Regular/Extended/Crew	7.5/4.5-6	PK-M	1982-2003/1983-2004		Incl: 4WD/Incl: 4WD/Xtreme/ZR2	Regular/Extended/Crew	4.5-7.5	1982-2004		Incl: 4WD/Xtreme/ZR2	fallback	原子事实对应多条候选记录
皮卡	高度压缩两两组合	Chevrolet	S10/S10	S10	Regular/Regular	7.5/6	PK-M	1982-2003/1994-1999		Incl: 4WD/ZR2	Regular	6-7.5	1982-2003		Incl: 4WD/ZR2	fallback	原子事实对应多条候选记录
皮卡	高度压缩两两组合	Chevrolet	S10/S10	S10	Regular/Regular	7.5/6	PK-M	1982-2003/1994-2000		Incl: 4WD/4WD	Regular	6-7.5	1982-2003		Incl: 4WD	fallback	原子事实对应多条候选记录
皮卡	高度压缩两两组合	Chevrolet	S10/S10	S10	Regular/Regular	7.5/6	PK-M	1982-2003/1994-2003		Incl: 4WD/	Regular	6-7.5	1982-2003		Incl: 4WD	fallback	原子事实对应多条候选记录
皮卡	高度压缩两两组合	Chevrolet	S10/S10	S10	Regular/Regular	7.5/6	PK-M	1982-2003/1997-1998		Incl: 4WD/EV	Regular	6-7.5	1982-2003		Incl: 4WD/EV	fallback	原子事实对应多条候选记录
皮卡	高度压缩两两组合	Chevrolet	S10/S10	S10	Regular/Regular	7.5/6	PK-M	1982-2003/1999-2003		Incl: 4WD/Xtreme	Regular	6-7.5	1982-2003		Incl: 4WD/Xtreme	fallback	原子事实对应多条候选记录
皮卡	高度压缩两两组合	Chevrolet	S10/S10	S10	Extended/Crew/Regular	4.5-6/6	PK-M	1983-2004/1994-1999		Incl: 4WD/Xtreme/ZR2/ZR2	Extended/Crew/Regular	4.5-6	1983-2004		Incl: 4WD/Xtreme/ZR2	fallback	原子事实对应多条候选记录
皮卡	高度压缩两两组合	Chevrolet	S10/S10	S10	Extended/Crew/Regular	4.5-6/6	PK-M	1983-2004/1994-2000		Incl: 4WD/Xtreme/ZR2/4WD	Extended/Crew/Regular	4.5-6	1983-2004		Incl: 4WD/Xtreme/ZR2	fallback	原子事实对应多条候选记录
皮卡	高度压缩两两组合	Chevrolet	S10/S10	S10	Extended/Crew/Regular	4.5-6/6	PK-M	1983-2004/1994-2003		Incl: 4WD/Xtreme/ZR2/	Extended/Crew/Regular	4.5-6	1983-2004		Incl: 4WD/Xtreme/ZR2	fallback	原子事实对应多条候选记录
皮卡	高度压缩两两组合	Chevrolet	S10/S10	S10	Extended/Crew/Regular	4.5-6/6	PK-M	1983-2004/1997-1998		Incl: 4WD/Xtreme/ZR2/EV	Extended/Crew/Regular	4.5-6	1983-2004		Incl: 4WD/EV/Xtreme/ZR2	fallback	原子事实对应多条候选记录
皮卡	高度压缩两两组合	Chevrolet	S10/S10	S10	Extended/Crew/Regular	4.5-6/6	PK-M	1983-2004/1999-2003		Incl: 4WD/Xtreme/ZR2/Xtreme	Extended/Crew/Regular	4.5-6	1983-2004		Incl: 4WD/Xtreme/ZR2	fallback	原子事实对应多条候选记录
皮卡	高度压缩两两组合	Chevrolet	S10/S10	S10	Regular/Regular	6/6	PK-M	1994-1999/1994-2000		ZR2/4WD	Regular	6	1994-2000		4WD/ZR2	success	
皮卡	高度压缩两两组合	Chevrolet	S10/S10	S10	Regular/Extended/Crew	7.5/4.5-6	PK-M	1982-2003/1983-2004		Incl: 4WD/Incl: 4WD/Xtreme/ZR2	Regular/Extended/Crew	4.5-7.5	1982-2004		Incl: 4WD/Xtreme/ZR2	fallback	原子事实对应多条候选记录
皮卡	高度压缩两两组合	Chevrolet	S10/S10	S10	Regular/Regular	7.5/6	PK-M	1982-2003/1994-2000		Incl: 4WD/4WD/ZR2	Regular	6-7.5	1982-2003		Incl: 4WD/ZR2	fallback	原子事实对应多条候选记录
皮卡	高度压缩两两组合	Chevrolet	S10/S10	S10	Regular/Regular	7.5/6	PK-M	1982-2003/1994-2003		Incl: 4WD/	Regular	6-7.5	1982-2003		Incl: 4WD	fallback	原子事实对应多条候选记录
皮卡	高度压缩两两组合	Chevrolet	S10/S10	S10	Regular/Regular	7.5/6	PK-M	1982-2003/1997-1998		Incl: 4WD/EV	Regular	6-7.5	1982-2003		Incl: 4WD/EV	fallback	原子事实对应多条候选记录
皮卡	高度压缩两两组合	Chevrolet	S10/S10	S10	Regular/Regular	7.5/6	PK-M	1982-2003/1999-2003		Incl: 4WD/Xtreme	Regular	6-7.5	1982-2003		Incl: 4WD/Xtreme	fallback	原子事实对应多条候选记录
皮卡	高度压缩两两组合	Chevrolet	S10/S10	S10	Extended/Crew/Regular	4.5-6/6	PK-M	1983-2004/1994-2000		Incl: 4WD/Xtreme/ZR2/4WD/ZR2	Extended/Crew/Regular	4.5-6	1983-2004		Incl: 4WD/Xtreme/ZR2	fallback	原子事实对应多条候选记录
皮卡	高度压缩两两组合	Chevrolet	S10/S10	S10	Extended/Crew/Regular	4.5-6/6	PK-M	1983-2004/1994-2003		Incl: 4WD/Xtreme/ZR2/	Extended/Crew/Regular	4.5-6	1983-2004		Incl: 4WD/Xtreme/ZR2	fallback	原子事实对应多条候选记录
皮卡	高度压缩两两组合	Chevrolet	S10/S10	S10	Extended/Crew/Regular	4.5-6/6	PK-M	1983-2004/1997-1998		Incl: 4WD/Xtreme/ZR2/EV	Extended/Crew/Regular	4.5-6	1983-2004		Incl: 4WD/EV/Xtreme/ZR2	fallback	原子事实对应多条候选记录
皮卡	高度压缩两两组合	Chevrolet	S10/S10	S10	Extended/Crew/Regular	4.5-6/6	PK-M	1983-2004/1999-2003		Incl: 4WD/Xtreme/ZR2/Xtreme	Extended/Crew/Regular	4.5-6	1983-2004		Incl: 4WD/Xtreme/ZR2	fallback	原子事实对应多条候选记录
皮卡	高度压缩两两组合	Chevrolet	S10/S10	S10	Regular/Regular	6/6	PK-M	1994-2000/1994-2003		4WD/ZR2/	Regular	6	1994-2003		Incl: 4WD/ZR2	success	
皮卡	高度压缩两两组合	Chevrolet	S10/S10	S10	Regular/Extended/Crew	7.5/4.5-6	PK-M	1982-2003/1983-2004		Incl: 4WD/Incl: 4WD/Xtreme/ZR2	Regular/Extended/Crew	4.5-7.5	1982-2004		Incl: 4WD/Xtreme/ZR2	fallback	原子事实对应多条候选记录
皮卡	高度压缩两两组合	Chevrolet	S10/S10	S10	Regular/Regular	7.5/6	PK-M	1982-2003/1994-2003		Incl: 4WD/Incl: 4WD/ZR2	Regular	6-7.5	1982-2003		Incl: 4WD/ZR2	fallback	原子事实对应多条候选记录
皮卡	高度压缩两两组合	Chevrolet	S10/S10	S10	Regular/Regular	7.5/6	PK-M	1982-2003/1997-1998		Incl: 4WD/EV	Regular	6-7.5	1982-2003		Incl: 4WD/EV	fallback	原子事实对应多条候选记录
皮卡	高度压缩两两组合	Chevrolet	S10/S10	S10	Regular/Regular	7.5/6	PK-M	1982-2003/1999-2003		Incl: 4WD/Xtreme	Regular	6-7.5	1982-2003		Incl: 4WD/Xtreme	fallback	原子事实对应多条候选记录
皮卡	高度压缩两两组合	Chevrolet	S10/S10	S10	Extended/Crew/Regular	4.5-6/6	PK-M	1983-2004/1994-2003		Incl: 4WD/Xtreme/ZR2/Incl: 4WD/ZR2	Extended/Crew/Regular	4.5-6	1983-2004		Incl: 4WD/Xtreme/ZR2	fallback	原子事实对应多条候选记录
皮卡	高度压缩两两组合	Chevrolet	S10/S10	S10	Extended/Crew/Regular	4.5-6/6	PK-M	1983-2004/1997-1998		Incl: 4WD/Xtreme/ZR2/EV	Extended/Crew/Regular	4.5-6	1983-2004		Incl: 4WD/EV/Xtreme/ZR2	fallback	原子事实对应多条候选记录
皮卡	高度压缩两两组合	Chevrolet	S10/S10	S10	Extended/Crew/Regular	4.5-6/6	PK-M	1983-2004/1999-2003		Incl: 4WD/Xtreme/ZR2/Xtreme	Extended/Crew/Regular	4.5-6	1983-2004		Incl: 4WD/Xtreme/ZR2	fallback	原子事实对应多条候选记录
皮卡	高度压缩两两组合	Chevrolet	S10/S10	S10	Regular/Regular	6/6	PK-M	1994-2003/1997-1998		Incl: 4WD/ZR2/EV	Regular	6	1994-2003		Incl: 4WD/EV/ZR2	success	
皮卡	高度压缩两两组合	Chevrolet	S10/S10	S10	Regular/Extended/Crew	7.5/4.5-6	PK-M	1982-2003/1983-2004		Incl: 4WD/Incl: 4WD/Xtreme/ZR2	Regular/Extended/Crew	4.5-7.5	1982-2004		Incl: 4WD/Xtreme/ZR2	fallback	原子事实对应多条候选记录
皮卡	高度压缩两两组合	Chevrolet	S10/S10	S10	Regular/Regular	7.5/6	PK-M	1982-2003/1994-2003		Incl: 4WD/Incl: 4WD/EV/ZR2	Regular	6-7.5	1982-2003		Incl: 4WD/EV/ZR2	fallback	原子事实对应多条候选记录
皮卡	高度压缩两两组合	Chevrolet	S10/S10	S10	Regular/Regular	7.5/6	PK-M	1982-2003/1999-2003		Incl: 4WD/Xtreme	Regular	6-7.5	1982-2003		Incl: 4WD/Xtreme	fallback	原子事实对应多条候选记录
皮卡	高度压缩两两组合	Chevrolet	S10/S10	S10	Extended/Crew/Regular	4.5-6/6	PK-M	1983-2004/1994-2003		Incl: 4WD/Xtreme/ZR2/Incl: 4WD/EV/ZR2	Extended/Crew/Regular	4.5-6	1983-2004		Incl: 4WD/EV/Xtreme/ZR2	fallback	原子事实对应多条候选记录
皮卡	高度压缩两两组合	Chevrolet	S10/S10	S10	Extended/Crew/Regular	4.5-6/6	PK-M	1983-2004/1999-2003		Incl: 4WD/Xtreme/ZR2/Xtreme	Extended/Crew/Regular	4.5-6	1983-2004		Incl: 4WD/Xtreme/ZR2	fallback	原子事实对应多条候选记录
皮卡	高度压缩两两组合	Chevrolet	S10/S10	S10	Regular/Regular	6/6	PK-M	1994-2003/1999-2003		Incl: 4WD/EV/ZR2/Xtreme	Regular	6	1994-2003		Incl: 4WD/EV/Xtreme/ZR2	success	
皮卡	高度压缩两两组合	Chevrolet	S10/S10	S10	Regular/Extended/Crew	7.5/4.5-6	PK-M	1982-2003/1983-2004		Incl: 4WD/Incl: 4WD/Xtreme/ZR2	Regular/Extended/Crew	4.5-7.5	1982-2004		Incl: 4WD/Xtreme/ZR2	fallback	原子事实对应多条候选记录
皮卡	高度压缩两两组合	Chevrolet	S10/S10	S10	Regular/Regular	7.5/6	PK-M	1982-2003/1994-2003		Incl: 4WD/Incl: 4WD/EV/Xtreme/ZR2	Regular	6-7.5	1982-2003		Incl: 4WD/EV/Xtreme/ZR2	fallback	原子事实对应多条候选记录
皮卡	高度压缩两两组合	Chevrolet	S10/S10	S10	Extended/Crew/Regular	4.5-6/6	PK-M	1983-2004/1994-2003		Incl: 4WD/Xtreme/ZR2/Incl: 4WD/EV/Xtreme/ZR2	Extended/Crew/Regular	4.5-6	1983-2004		Incl: 4WD/EV/Xtreme/ZR2	fallback	原子事实对应多条候选记录
皮卡	高度压缩两两组合	Chevrolet	Silverado 1500/Silverado 1500	Silverado 1500	Extended/Crew	6.5/5.8	PK-L	1999-2008/2005		/	Extended/Crew	5.8-6.5	1999-2008			fallback	原子事实对应多条候选记录
皮卡	高度压缩两两组合	Chevrolet	Silverado 1500/Silverado 1500	Silverado 1500	Extended/Crew	6.5/5.8	PK-L	1999-2008/2007-2008		/	Extended/Crew	5.8-6.5	1999-2008			fallback	原子事实对应多条候选记录
皮卡	高度压缩两两组合	Chevrolet	Silverado 1500/Silverado 1500	Silverado 1500	Extended/Crew	6.5/5.8	PK-L	1999-2008/2014-2018		/	Extended/Crew	5.8-6.5	1999-2018			fallback	原子事实对应多条候选记录
皮卡	高度压缩两两组合	Chevrolet	Silverado 1500/Silverado 1500	Silverado 1500	Extended/Double	6.5/6.6	PK-L	1999-2008/2014-2018		/	Extended/Double	6.5-6.6	1999-2018			fallback	原子事实对应多条候选记录
皮卡	高度压缩两两组合	Chevrolet	Silverado 1500/Silverado 1500	Silverado 1500	Crew/Crew	5.8/5.8	PK-XL+	2004/2006		/	Crew	5.8	2004-2006			fallback	原子事实对应多条候选记录
皮卡	高度压缩两两组合	Chevrolet	Silverado 1500/Silverado 1500	Silverado 1500	Crew/Crew	5.8/5.8	PK-XL+	2004/2009-2013		/	Crew	5.8	2004-2013			fallback	原子事实对应多条候选记录
皮卡	高度压缩两两组合	Chevrolet	Silverado 1500/Silverado 1500	Silverado 1500	Crew/Extended	5.8/6.5	PK-XL+	2004/2009-2013		/	Crew/Extended	5.8-6.5	2004-2013			fallback	原子事实对应多条候选记录
皮卡	高度压缩两两组合	Chevrolet	Silverado 1500/Silverado 1500	Silverado 1500	Crew/Crew	5.8/5.8	PK-XL+	2004/2019-2026		/	Crew	5.8	2004-2026			fallback	原子事实对应多条候选记录
皮卡	高度压缩两两组合	Chevrolet	Silverado 1500/Silverado 1500	Silverado 1500	Crew/Double	5.8/6.6	PK-XL+	2004/2019-2026		/	Crew/Double	5.8-6.6	2004-2026			fallback	原子事实对应多条候选记录
皮卡	高度压缩两两组合	Chevrolet	Silverado 1500/Silverado 1500	Silverado 1500	Crew/Crew	5.8/5.8	PK-XL+	2004/2021-2026		/Trail Boss	Crew	5.8	2004-2026		Incl: Trail Boss	fallback	原子事实对应多条候选记录
皮卡	高度压缩两两组合	Chevrolet	Silverado 1500/Silverado 1500	Silverado 1500	Crew/Crew	5.8/5.8	PK-L	2005/2007-2008		/	Crew	5.8	2005-2008			fallback	原子事实对应多条候选记录
皮卡	高度压缩两两组合	Chevrolet	Silverado 1500/Silverado 1500	Silverado 1500	Crew/Crew	5.8/5.8	PK-L	2005/2014-2018		/	Crew	5.8	2005-2018			fallback	原子事实对应多条候选记录
皮卡	高度压缩两两组合	Chevrolet	Silverado 1500/Silverado 1500	Silverado 1500	Crew/Double	5.8/6.6	PK-L	2005/2014-2018		/	Crew/Double	5.8-6.6	2005-2018			fallback	原子事实对应多条候选记录
皮卡	高度压缩两两组合	Chevrolet	Silverado 1500/Silverado 1500	Silverado 1500	Crew/Crew	5.8/5.8	PK-XL+	2006/2009-2013		/	Crew	5.8	2006-2013			fallback	原子事实对应多条候选记录
皮卡	高度压缩两两组合	Chevrolet	Silverado 1500/Silverado 1500	Silverado 1500	Crew/Extended	5.8/6.5	PK-XL+	2006/2009-2013		/	Crew/Extended	5.8-6.5	2006-2013			fallback	原子事实对应多条候选记录
皮卡	高度压缩两两组合	Chevrolet	Silverado 1500/Silverado 1500	Silverado 1500	Crew/Crew	5.8/5.8	PK-XL+	2006/2019-2026		/	Crew	5.8	2006-2026			fallback	原子事实对应多条候选记录
皮卡	高度压缩两两组合	Chevrolet	Silverado 1500/Silverado 1500	Silverado 1500	Crew/Double	5.8/6.6	PK-XL+	2006/2019-2026		/	Crew/Double	5.8-6.6	2006-2026			fallback	原子事实对应多条候选记录
皮卡	高度压缩两两组合	Chevrolet	Silverado 1500/Silverado 1500	Silverado 1500	Crew/Crew	5.8/5.8	PK-XL+	2006/2021-2026		/Trail Boss	Crew	5.8	2006-2026		Incl: Trail Boss	fallback	原子事实对应多条候选记录
皮卡	高度压缩两两组合	Chevrolet	Silverado 1500/Silverado 1500	Silverado 1500	Crew/Crew	5.8/5.8	PK-L	2007-2008/2014-2018		/	Crew	5.8	2007-2018			fallback	原子事实对应多条候选记录
皮卡	高度压缩两两组合	Chevrolet	Silverado 1500/Silverado 1500	Silverado 1500	Crew/Double	5.8/6.6	PK-L	2007-2008/2014-2018		/	Crew/Double	5.8-6.6	2007-2018			fallback	原子事实对应多条候选记录
皮卡	高度压缩两两组合	Chevrolet	Silverado 1500/Silverado 1500	Silverado 1500	Crew/Extended	5.8/6.5	PK-XL+	2009-2013/2009-2013		/	Crew/Extended	5.8-6.5	2009-2013			success	
皮卡	高度压缩两两组合	Chevrolet	Silverado 1500/Silverado 1500	Silverado 1500	Extended/Crew	6.5/5.8	PK-L	1999-2008/2005		/	Extended/Crew	5.8-6.5	1999-2008			fallback	原子事实对应多条候选记录
皮卡	高度压缩两两组合	Chevrolet	Silverado 1500/Silverado 1500	Silverado 1500	Extended/Crew	6.5/5.8	PK-L	1999-2008/2007-2008		/	Extended/Crew	5.8-6.5	1999-2008			fallback	原子事实对应多条候选记录
皮卡	高度压缩两两组合	Chevrolet	Silverado 1500/Silverado 1500	Silverado 1500	Extended/Crew	6.5/5.8	PK-L	1999-2008/2014-2018		/	Extended/Crew	5.8-6.5	1999-2018			fallback	原子事实对应多条候选记录
皮卡	高度压缩两两组合	Chevrolet	Silverado 1500/Silverado 1500	Silverado 1500	Extended/Double	6.5/6.6	PK-L	1999-2008/2014-2018		/	Extended/Double	6.5-6.6	1999-2018			fallback	原子事实对应多条候选记录
皮卡	高度压缩两两组合	Chevrolet	Silverado 1500/Silverado 1500	Silverado 1500	Crew/Crew	5.8/5.8	PK-XL+	2004/2006		/	Crew	5.8	2004-2006			fallback	原子事实对应多条候选记录
皮卡	高度压缩两两组合	Chevrolet	Silverado 1500/Silverado 1500	Silverado 1500	Crew/Crew/Extended	5.8/5.8-6.5	PK-XL+	2004/2009-2013		/	Crew/Extended	5.8-6.5	2004-2013			fallback	原子事实对应多条候选记录
皮卡	高度压缩两两组合	Chevrolet	Silverado 1500/Silverado 1500	Silverado 1500	Crew/Crew	5.8/5.8	PK-XL+	2004/2019-2026		/	Crew	5.8	2004-2026			fallback	原子事实对应多条候选记录
皮卡	高度压缩两两组合	Chevrolet	Silverado 1500/Silverado 1500	Silverado 1500	Crew/Double	5.8/6.6	PK-XL+	2004/2019-2026		/	Crew/Double	5.8-6.6	2004-2026			fallback	原子事实对应多条候选记录
皮卡	高度压缩两两组合	Chevrolet	Silverado 1500/Silverado 1500	Silverado 1500	Crew/Crew	5.8/5.8	PK-XL+	2004/2021-2026		/Trail Boss	Crew	5.8	2004-2026		Incl: Trail Boss	fallback	原子事实对应多条候选记录
皮卡	高度压缩两两组合	Chevrolet	Silverado 1500/Silverado 1500	Silverado 1500	Crew/Crew	5.8/5.8	PK-L	2005/2007-2008		/	Crew	5.8	2005-2008			fallback	原子事实对应多条候选记录
皮卡	高度压缩两两组合	Chevrolet	Silverado 1500/Silverado 1500	Silverado 1500	Crew/Crew	5.8/5.8	PK-L	2005/2014-2018		/	Crew	5.8	2005-2018			fallback	原子事实对应多条候选记录
皮卡	高度压缩两两组合	Chevrolet	Silverado 1500/Silverado 1500	Silverado 1500	Crew/Double	5.8/6.6	PK-L	2005/2014-2018		/	Crew/Double	5.8-6.6	2005-2018			fallback	原子事实对应多条候选记录
皮卡	高度压缩两两组合	Chevrolet	Silverado 1500/Silverado 1500	Silverado 1500	Crew/Crew/Extended	5.8/5.8-6.5	PK-XL+	2006/2009-2013		/	Crew/Extended	5.8-6.5	2006-2013			fallback	原子事实对应多条候选记录
皮卡	高度压缩两两组合	Chevrolet	Silverado 1500/Silverado 1500	Silverado 1500	Crew/Crew	5.8/5.8	PK-XL+	2006/2019-2026		/	Crew	5.8	2006-2026			fallback	原子事实对应多条候选记录
皮卡	高度压缩两两组合	Chevrolet	Silverado 1500/Silverado 1500	Silverado 1500	Crew/Double	5.8/6.6	PK-XL+	2006/2019-2026		/	Crew/Double	5.8-6.6	2006-2026			fallback	原子事实对应多条候选记录
皮卡	高度压缩两两组合	Chevrolet	Silverado 1500/Silverado 1500	Silverado 1500	Crew/Crew	5.8/5.8	PK-XL+	2006/2021-2026		/Trail Boss	Crew	5.8	2006-2026		Incl: Trail Boss	fallback	原子事实对应多条候选记录
皮卡	高度压缩两两组合	Chevrolet	Silverado 1500/Silverado 1500	Silverado 1500	Crew/Crew	5.8/5.8	PK-L	2007-2008/2014-2018		/	Crew	5.8	2007-2018			fallback	原子事实对应多条候选记录
皮卡	高度压缩两两组合	Chevrolet	Silverado 1500/Silverado 1500	Silverado 1500	Crew/Double	5.8/6.6	PK-L	2007-2008/2014-2018		/	Crew/Double	5.8-6.6	2007-2018			fallback	原子事实对应多条候选记录
皮卡	高度压缩两两组合	Chevrolet	Silverado 1500/Silverado 1500	Silverado 1500	Crew/Extended/Crew	5.8-6.5/5.8	PK-XL+	2009-2013/2019-2026		/	Crew/Extended	5.8-6.5	2009-2026			fallback	原子事实对应多条候选记录
皮卡	高度压缩两两组合	Chevrolet	Silverado 1500/Silverado 1500	Silverado 1500	Crew/Extended/Double	5.8-6.5/6.6	PK-XL+	2009-2013/2019-2026		/	Crew/Extended/Double	5.8-6.6	2009-2026			fallback	原子事实对应多条候选记录
皮卡	高度压缩两两组合	Chevrolet	Silverado 1500/Silverado 1500	Silverado 1500	Crew/Extended/Crew	5.8-6.5/5.8	PK-XL+	2009-2013/2021-2026		/Trail Boss	Crew/Extended	5.8-6.5	2009-2026		Incl: Trail Boss	fallback	原子事实对应多条候选记录
皮卡	高度压缩两两组合	Chevrolet	Silverado 1500/Silverado 1500	Silverado 1500	Crew/Double	5.8/6.6	PK-L	2014-2018/2014-2018		/	Crew/Double	5.8-6.6	2014-2018			success	
皮卡	高度压缩两两组合	Chevrolet	Silverado 1500/Silverado 1500	Silverado 1500	Extended/Crew	6.5/5.8	PK-L	1999-2008/2005		/	Extended/Crew	5.8-6.5	1999-2008			fallback	原子事实对应多条候选记录
皮卡	高度压缩两两组合	Chevrolet	Silverado 1500/Silverado 1500	Silverado 1500	Extended/Crew	6.5/5.8	PK-L	1999-2008/2007-2008		/	Extended/Crew	5.8-6.5	1999-2008			fallback	原子事实对应多条候选记录
皮卡	高度压缩两两组合	Chevrolet	Silverado 1500/Silverado 1500	Silverado 1500	Extended/Crew/Double	6.5/5.8-6.6	PK-L	1999-2008/2014-2018		/	Extended/Crew/Double	5.8-6.6	1999-2018			fallback	原子事实对应多条候选记录
皮卡	高度压缩两两组合	Chevrolet	Silverado 1500/Silverado 1500	Silverado 1500	Crew/Crew	5.8/5.8	PK-XL+	2004/2006		/	Crew	5.8	2004-2006			fallback	原子事实对应多条候选记录
皮卡	高度压缩两两组合	Chevrolet	Silverado 1500/Silverado 1500	Silverado 1500	Crew/Crew/Extended	5.8/5.8-6.5	PK-XL+	2004/2009-2013		/	Crew/Extended	5.8-6.5	2004-2013			fallback	原子事实对应多条候选记录
皮卡	高度压缩两两组合	Chevrolet	Silverado 1500/Silverado 1500	Silverado 1500	Crew/Crew	5.8/5.8	PK-XL+	2004/2019-2026		/	Crew	5.8	2004-2026			fallback	原子事实对应多条候选记录
皮卡	高度压缩两两组合	Chevrolet	Silverado 1500/Silverado 1500	Silverado 1500	Crew/Double	5.8/6.6	PK-XL+	2004/2019-2026		/	Crew/Double	5.8-6.6	2004-2026			fallback	原子事实对应多条候选记录
皮卡	高度压缩两两组合	Chevrolet	Silverado 1500/Silverado 1500	Silverado 1500	Crew/Crew	5.8/5.8	PK-XL+	2004/2021-2026		/Trail Boss	Crew	5.8	2004-2026		Incl: Trail Boss	fallback	原子事实对应多条候选记录
皮卡	高度压缩两两组合	Chevrolet	Silverado 1500/Silverado 1500	Silverado 1500	Crew/Crew	5.8/5.8	PK-L	2005/2007-2008		/	Crew	5.8	2005-2008			fallback	原子事实对应多条候选记录
皮卡	高度压缩两两组合	Chevrolet	Silverado 1500/Silverado 1500	Silverado 1500	Crew/Crew/Double	5.8/5.8-6.6	PK-L	2005/2014-2018		/	Crew/Double	5.8-6.6	2005-2018			fallback	原子事实对应多条候选记录
皮卡	高度压缩两两组合	Chevrolet	Silverado 1500/Silverado 1500	Silverado 1500	Crew/Crew/Extended	5.8/5.8-6.5	PK-XL+	2006/2009-2013		/	Crew/Extended	5.8-6.5	2006-2013			fallback	原子事实对应多条候选记录
皮卡	高度压缩两两组合	Chevrolet	Silverado 1500/Silverado 1500	Silverado 1500	Crew/Crew	5.8/5.8	PK-XL+	2006/2019-2026		/	Crew	5.8	2006-2026			fallback	原子事实对应多条候选记录
皮卡	高度压缩两两组合	Chevrolet	Silverado 1500/Silverado 1500	Silverado 1500	Crew/Double	5.8/6.6	PK-XL+	2006/2019-2026		/	Crew/Double	5.8-6.6	2006-2026			fallback	原子事实对应多条候选记录
皮卡	高度压缩两两组合	Chevrolet	Silverado 1500/Silverado 1500	Silverado 1500	Crew/Crew	5.8/5.8	PK-XL+	2006/2021-2026		/Trail Boss	Crew	5.8	2006-2026		Incl: Trail Boss	fallback	原子事实对应多条候选记录
皮卡	高度压缩两两组合	Chevrolet	Silverado 1500/Silverado 1500	Silverado 1500	Crew/Crew/Double	5.8/5.8-6.6	PK-L	2007-2008/2014-2018		/	Crew/Double	5.8-6.6	2007-2018			fallback	原子事实对应多条候选记录
皮卡	高度压缩两两组合	Chevrolet	Silverado 1500/Silverado 1500	Silverado 1500	Crew/Extended/Crew	5.8-6.5/5.8	PK-XL+	2009-2013/2019-2026		/	Crew/Extended	5.8-6.5	2009-2026			fallback	原子事实对应多条候选记录
皮卡	高度压缩两两组合	Chevrolet	Silverado 1500/Silverado 1500	Silverado 1500	Crew/Extended/Double	5.8-6.5/6.6	PK-XL+	2009-2013/2019-2026		/	Crew/Extended/Double	5.8-6.6	2009-2026			fallback	原子事实对应多条候选记录
皮卡	高度压缩两两组合	Chevrolet	Silverado 1500/Silverado 1500	Silverado 1500	Crew/Extended/Crew	5.8-6.5/5.8	PK-XL+	2009-2013/2021-2026		/Trail Boss	Crew/Extended	5.8-6.5	2009-2026		Incl: Trail Boss	fallback	原子事实对应多条候选记录
皮卡	高度压缩两两组合	Chevrolet	Silverado 1500/Silverado 1500	Silverado 1500	Crew/Double	5.8/6.6	PK-XL+	2019-2026/2019-2026		/	Crew/Double	5.8-6.6	2019-2026			success	
皮卡	高度压缩两两组合	Chevrolet	Silverado 1500/Silverado 1500	Silverado 1500	Extended/Crew	6.5/5.8	PK-L	1999-2008/2005		/	Extended/Crew	5.8-6.5	1999-2008			fallback	原子事实对应多条候选记录
皮卡	高度压缩两两组合	Chevrolet	Silverado 1500/Silverado 1500	Silverado 1500	Extended/Crew	6.5/5.8	PK-L	1999-2008/2007-2008		/	Extended/Crew	5.8-6.5	1999-2008			fallback	原子事实对应多条候选记录
皮卡	高度压缩两两组合	Chevrolet	Silverado 1500/Silverado 1500	Silverado 1500	Extended/Crew/Double	6.5/5.8-6.6	PK-L	1999-2008/2014-2018		/	Extended/Crew/Double	5.8-6.6	1999-2018			fallback	原子事实对应多条候选记录
皮卡	高度压缩两两组合	Chevrolet	Silverado 1500/Silverado 1500	Silverado 1500	Crew/Crew	5.8/5.8	PK-XL+	2004/2006		/	Crew	5.8	2004-2006			fallback	原子事实对应多条候选记录
皮卡	高度压缩两两组合	Chevrolet	Silverado 1500/Silverado 1500	Silverado 1500	Crew/Crew/Extended	5.8/5.8-6.5	PK-XL+	2004/2009-2013		/	Crew/Extended	5.8-6.5	2004-2013			fallback	原子事实对应多条候选记录
皮卡	高度压缩两两组合	Chevrolet	Silverado 1500/Silverado 1500	Silverado 1500	Crew/Crew/Double	5.8/5.8-6.6	PK-XL+	2004/2019-2026		/	Crew/Double	5.8-6.6	2004-2026			fallback	原子事实对应多条候选记录
皮卡	高度压缩两两组合	Chevrolet	Silverado 1500/Silverado 1500	Silverado 1500	Crew/Crew	5.8/5.8	PK-XL+	2004/2021-2026		/Trail Boss	Crew	5.8	2004-2026		Incl: Trail Boss	fallback	原子事实对应多条候选记录
皮卡	高度压缩两两组合	Chevrolet	Silverado 1500/Silverado 1500	Silverado 1500	Crew/Crew	5.8/5.8	PK-L	2005/2007-2008		/	Crew	5.8	2005-2008			fallback	原子事实对应多条候选记录
皮卡	高度压缩两两组合	Chevrolet	Silverado 1500/Silverado 1500	Silverado 1500	Crew/Crew/Double	5.8/5.8-6.6	PK-L	2005/2014-2018		/	Crew/Double	5.8-6.6	2005-2018			fallback	原子事实对应多条候选记录
皮卡	高度压缩两两组合	Chevrolet	Silverado 1500/Silverado 1500	Silverado 1500	Crew/Crew/Extended	5.8/5.8-6.5	PK-XL+	2006/2009-2013		/	Crew/Extended	5.8-6.5	2006-2013			fallback	原子事实对应多条候选记录
皮卡	高度压缩两两组合	Chevrolet	Silverado 1500/Silverado 1500	Silverado 1500	Crew/Crew/Double	5.8/5.8-6.6	PK-XL+	2006/2019-2026		/	Crew/Double	5.8-6.6	2006-2026			fallback	原子事实对应多条候选记录
皮卡	高度压缩两两组合	Chevrolet	Silverado 1500/Silverado 1500	Silverado 1500	Crew/Crew	5.8/5.8	PK-XL+	2006/2021-2026		/Trail Boss	Crew	5.8	2006-2026		Incl: Trail Boss	fallback	原子事实对应多条候选记录
皮卡	高度压缩两两组合	Chevrolet	Silverado 1500/Silverado 1500	Silverado 1500	Crew/Crew/Double	5.8/5.8-6.6	PK-L	2007-2008/2014-2018		/	Crew/Double	5.8-6.6	2007-2018			fallback	原子事实对应多条候选记录
皮卡	高度压缩两两组合	Chevrolet	Silverado 1500/Silverado 1500	Silverado 1500	Crew/Extended/Crew/Double	5.8-6.5/5.8-6.6	PK-XL+	2009-2013/2019-2026		/	Crew/Extended/Double	5.8-6.6	2009-2026			fallback	原子事实对应多条候选记录
皮卡	高度压缩两两组合	Chevrolet	Silverado 1500/Silverado 1500	Silverado 1500	Crew/Extended/Crew	5.8-6.5/5.8	PK-XL+	2009-2013/2021-2026		/Trail Boss	Crew/Extended	5.8-6.5	2009-2026		Incl: Trail Boss	fallback	原子事实对应多条候选记录
皮卡	高度压缩两两组合	Chevrolet	Silverado 1500/Silverado 1500	Silverado 1500	Crew/Double/Crew	5.8-6.6/5.8	PK-XL+	2019-2026/2021-2026		/Trail Boss	Crew/Double	5.8-6.6	2019-2026		Incl: Trail Boss	success	
皮卡	高度压缩两两组合	Chevrolet	Silverado 1500/Silverado 1500	Silverado 1500	Extended/Crew	6.5/5.8	PK-L	1999-2008/2005		/	Extended/Crew	5.8-6.5	1999-2008			fallback	原子事实对应多条候选记录
皮卡	高度压缩两两组合	Chevrolet	Silverado 1500/Silverado 1500	Silverado 1500	Extended/Crew	6.5/5.8	PK-L	1999-2008/2007-2008		/	Extended/Crew	5.8-6.5	1999-2008			fallback	原子事实对应多条候选记录
皮卡	高度压缩两两组合	Chevrolet	Silverado 1500/Silverado 1500	Silverado 1500	Extended/Crew/Double	6.5/5.8-6.6	PK-L	1999-2008/2014-2018		/	Extended/Crew/Double	5.8-6.6	1999-2018			fallback	原子事实对应多条候选记录
皮卡	高度压缩两两组合	Chevrolet	Silverado 1500/Silverado 1500	Silverado 1500	Crew/Crew	5.8/5.8	PK-XL+	2004/2006		/	Crew	5.8	2004-2006			fallback	原子事实对应多条候选记录
皮卡	高度压缩两两组合	Chevrolet	Silverado 1500/Silverado 1500	Silverado 1500	Crew/Crew/Extended	5.8/5.8-6.5	PK-XL+	2004/2009-2013		/	Crew/Extended	5.8-6.5	2004-2013			fallback	原子事实对应多条候选记录
皮卡	高度压缩两两组合	Chevrolet	Silverado 1500/Silverado 1500	Silverado 1500	Crew/Crew/Double	5.8/5.8-6.6	PK-XL+	2004/2019-2026		/Incl: Trail Boss	Crew/Double	5.8-6.6	2004-2026		Incl: Trail Boss	fallback	原子事实对应多条候选记录
皮卡	高度压缩两两组合	Chevrolet	Silverado 1500/Silverado 1500	Silverado 1500	Crew/Crew	5.8/5.8	PK-L	2005/2007-2008		/	Crew	5.8	2005-2008			fallback	原子事实对应多条候选记录
皮卡	高度压缩两两组合	Chevrolet	Silverado 1500/Silverado 1500	Silverado 1500	Crew/Crew/Double	5.8/5.8-6.6	PK-L	2005/2014-2018		/	Crew/Double	5.8-6.6	2005-2018			fallback	原子事实对应多条候选记录
皮卡	高度压缩两两组合	Chevrolet	Silverado 1500/Silverado 1500	Silverado 1500	Crew/Crew/Extended	5.8/5.8-6.5	PK-XL+	2006/2009-2013		/	Crew/Extended	5.8-6.5	2006-2013			fallback	原子事实对应多条候选记录
皮卡	高度压缩两两组合	Chevrolet	Silverado 1500/Silverado 1500	Silverado 1500	Crew/Crew/Double	5.8/5.8-6.6	PK-XL+	2006/2019-2026		/Incl: Trail Boss	Crew/Double	5.8-6.6	2006-2026		Incl: Trail Boss	fallback	原子事实对应多条候选记录
皮卡	高度压缩两两组合	Chevrolet	Silverado 1500/Silverado 1500	Silverado 1500	Crew/Crew/Double	5.8/5.8-6.6	PK-L	2007-2008/2014-2018		/	Crew/Double	5.8-6.6	2007-2018			fallback	原子事实对应多条候选记录
皮卡	高度压缩两两组合	Chevrolet	Silverado 1500/Silverado 1500	Silverado 1500	Crew/Extended/Crew/Double	5.8-6.5/5.8-6.6	PK-XL+	2009-2013/2019-2026		/Incl: Trail Boss	Crew/Extended/Double	5.8-6.6	2009-2026		Incl: Trail Boss	fallback	原子事实对应多条候选记录
皮卡	高度压缩两两组合	Chevrolet	Silverado 1500HD/Silverado 1500HD	Silverado 1500HD	Crew/Crew	6.6/6.6	PK-XL+	2001-2003/2005-2006		/	Crew	6.6	2001-2006			success	
皮卡	高度压缩两两组合	Chevrolet	Silverado 1500HD/Silverado 1500HD	Silverado 1500HD	Crew/Crew	6.6/6.6	PK-XL+	2001-2006/2007		/Classic	Crew	6.6	2001-2007		Incl: Classic	success	
皮卡	高度压缩两两组合	Chevrolet	Silverado 2500HD/3500HD/Silverado 2500HD/3500HD	Silverado 2500HD/3500HD	Crew/Double	8/8	PK-XXXL	2001-2014/2020-2026		/	Crew/Double	8	2001-2026			fallback	原子事实对应多条候选记录
皮卡	高度压缩两两组合	Chevrolet	Silverado 2500HD/3500HD/Silverado 2500HD/3500HD	Silverado 2500HD/3500HD	Crew/Double	6.5/6.8	PK-XL+	2008-2019/2020-2024		/	Crew/Double	6.5-6.8	2008-2024			fallback	原子事实对应多条候选记录
皮卡	高度压缩两两组合	Chevrolet	Silverado 2500HD/3500HD/Silverado 2500HD/3500HD	Silverado 2500HD/3500HD	Double/Crew	8/6.8	PK-XXL	2015-2019/2020-2026		/	Double/Crew	6.8-8	2015-2026			fallback	原子事实对应多条候选记录
皮卡	高度压缩两两组合	Dodge	Dakota/Dakota	Dakota	Regular/Regular	8/6.5	PK-M	1987-1989/1987-2004		/	Regular	6.5-8	1987-2004			fallback	原子事实对应多条候选记录
皮卡	高度压缩两两组合	Dodge	Dakota/Dakota	Dakota	Regular/Club	8/6.5	PK-M+	1990-1999/1990-2011		/	Regular/Club	6.5-8	1990-2011			fallback	原子事实对应多条候选记录
皮卡	高度压缩两两组合	Dodge	Dakota/Dakota	Dakota	Regular/Quad	8/5.25	PK-M+	1990-1999/2000-2011		/	Regular/Quad	5.25-8	1990-2011			fallback	原子事实对应多条候选记录
皮卡	高度压缩两两组合	Dodge	Dakota/Dakota	Dakota	Club/Quad	6.5/5.25	PK-M+	1990-2011/2000-2011		/	Club/Quad	5.25-6.5	1990-2011			success	
皮卡	高度压缩两两组合	Dodge	Dakota/Dakota	Dakota	Regular/Regular	8/6.5	PK-M	1987-1989/1987-2004		/	Regular	6.5-8	1987-2004			fallback	原子事实对应多条候选记录
皮卡	高度压缩两两组合	Dodge	Dakota/Dakota	Dakota	Regular/Club/Quad	8/5.25-6.5	PK-M+	1990-1999/1990-2011		/	Regular/Club/Quad	5.25-8	1990-2011			fallback	原子事实对应多条候选记录
皮卡	高度压缩两两组合	Ford	F-100/F-100	F-100	Regular/Regular	6.5/8	PK-M	1953-1964/1956-1966		/	Regular	6.5-8	1953-1966			fallback	原子事实对应多条候选记录
皮卡	高度压缩两两组合	Ford	F-100/F-100	F-100	Regular/Regular	6.5/6.5	PK-M	1953-1964/1967		/	Regular	6.5	1953-1967			fallback	原子事实对应多条候选记录
皮卡	高度压缩两两组合	Ford	F-100/F-100	F-100	Regular/Regular	6.5/8	PK-M	1953-1964/1968-1972		/	Regular	6.5-8	1953-1972			fallback	原子事实对应多条候选记录
皮卡	高度压缩两两组合	Ford	F-100/F-100	F-100	Regular/Regular	6.5/6.8	PK-M	1953-1964/1973-1983		/	Regular	6.5-6.8	1953-1983			fallback	原子事实对应多条候选记录
皮卡	高度压缩两两组合	Ford	F-100/F-100	F-100	Regular/Regular	6.5/8	PK-M	1953-1964/1980-1983		/	Regular	6.5-8	1953-1983			fallback	原子事实对应多条候选记录
皮卡	高度压缩两两组合	Ford	F-100/F-100	F-100	Regular/Regular	8/6.5	PK-M	1956-1966/1967		/	Regular	6.5-8	1956-1967			fallback	原子事实对应多条候选记录
皮卡	高度压缩两两组合	Ford	F-100/F-100	F-100	Regular/Regular	8/8	PK-M	1956-1966/1968-1972		/	Regular	8	1956-1972			fallback	原子事实对应多条候选记录
皮卡	高度压缩两两组合	Ford	F-100/F-100	F-100	Regular/Regular	8/6.8	PK-M	1956-1966/1973-1983		/	Regular	6.8-8	1956-1983			fallback	原子事实对应多条候选记录
皮卡	高度压缩两两组合	Ford	F-100/F-100	F-100	Regular/Regular	8/8	PK-M	1956-1966/1980-1983		/	Regular	8	1956-1983			fallback	原子事实对应多条候选记录
皮卡	高度压缩两两组合	Ford	F-100/F-100	F-100	Regular/Regular	6.5/6.5	无可用尺码	1965-1966/1968-1972		/	Regular	6.5	1965-1972			fallback	原子事实对应多条候选记录
皮卡	高度压缩两两组合	Ford	F-100/F-100	F-100	Regular/Regular	6.5/8	PK-M	1967/1968-1972		/	Regular	6.5-8	1967-1972			fallback	原子事实对应多条候选记录
皮卡	高度压缩两两组合	Ford	F-100/F-100	F-100	Regular/Regular	6.5/6.8	PK-M	1967/1973-1983		/	Regular	6.5-6.8	1967-1983			fallback	原子事实对应多条候选记录
皮卡	高度压缩两两组合	Ford	F-100/F-100	F-100	Regular/Regular	6.5/8	PK-M	1967/1980-1983		/	Regular	6.5-8	1967-1983			fallback	原子事实对应多条候选记录
皮卡	高度压缩两两组合	Ford	F-100/F-100	F-100	Regular/Regular	8/8	PK-M+	1967/1973-1979		/	Regular	8	1967-1979			fallback	原子事实对应多条候选记录
皮卡	高度压缩两两组合	Ford	F-100/F-100	F-100	Regular/SuperCab	8/6.8	PK-M+	1967/1974-1979		/	Regular/SuperCab	6.8-8	1967-1979			fallback	原子事实对应多条候选记录
皮卡	高度压缩两两组合	Ford	F-100/F-100	F-100	Regular/Regular	8/6.8	PK-M	1968-1972/1973-1983		/	Regular	6.8-8	1968-1983			fallback	原子事实对应多条候选记录
皮卡	高度压缩两两组合	Ford	F-100/F-100	F-100	Regular/Regular	8/8	PK-M	1968-1972/1980-1983		/	Regular	8	1968-1983			fallback	原子事实对应多条候选记录
皮卡	高度压缩两两组合	Ford	F-100/F-100	F-100	Regular/SuperCab	8/6.8	PK-M+	1973-1979/1974-1979		/	Regular/SuperCab	6.8-8	1973-1979			fallback	原子事实对应多条候选记录
皮卡	高度压缩两两组合	Ford	F-100/F-100	F-100	Regular/Regular	6.8/8	PK-M	1973-1983/1980-1983		/	Regular	6.8-8	1973-1983			fallback	原子事实对应多条候选记录
皮卡	高度压缩两两组合	Ford	F-150/F-150	F-150	Regular/SuperCab	8/6.5	PK-M+	1992-1996/1994-1995		/	Regular/SuperCab	6.5-8	1992-1996			fallback	原子事实对应多条候选记录
皮卡	高度压缩两两组合	Ford	F-150/F-150	F-150	Regular/Regular	8/6.5	PK-M+	1992-1996/2004-2014		/	Regular	6.5-8	1992-2014			fallback	原子事实对应多条候选记录
皮卡	高度压缩两两组合	Ford	F-150/F-150	F-150	SuperCab/SuperCrew	8/5.5	PK-XL+	1992-1998/2009-2013		/	SuperCab/SuperCrew	5.5-8	1992-2013			fallback	原子事实对应多条候选记录
皮卡	高度压缩两两组合	Ford	F-150/F-150	F-150	SuperCab/SuperCab	8/6.5	PK-XL+	1992-1998/2009-2026		/	SuperCab	6.5-8	1992-2026			fallback	原子事实对应多条候选记录
皮卡	高度压缩两两组合	Ford	F-150/F-150	F-150	SuperCab/SuperCrew	8/5.5	PK-XL+	1992-1998/2011-2014		/Raptor	SuperCab/SuperCrew	5.5-8	1992-2014		Incl: Raptor	fallback	原子事实对应多条候选记录
皮卡	高度压缩两两组合	Ford	F-150/F-150	F-150	SuperCab/SuperCrew	8/5.5	PK-XL+	1992-1998/2015-2018		/	SuperCab/SuperCrew	5.5-8	1992-2018			fallback	原子事实对应多条候选记录
皮卡	高度压缩两两组合	Ford	F-150/F-150	F-150	SuperCab/SuperCrew	8/5.5	PK-XL+	1992-1998/2017-2026		/Raptor	SuperCab/SuperCrew	5.5-8	1992-2026		Incl: Raptor	fallback	原子事实对应多条候选记录
皮卡	高度压缩两两组合	Ford	F-150/F-150	F-150	SuperCab/SuperCrew	8/5.5	PK-XL+	1992-1998/2021-2026		/	SuperCab/SuperCrew	5.5-8	1992-2026			fallback	原子事实对应多条候选记录
皮卡	高度压缩两两组合	Ford	F-150/F-150	F-150	SuperCab/SuperCrew	8/5.5	PK-XL+	1992-1998/2021-2026		/Tremor	SuperCab/SuperCrew	5.5-8	1992-2026		Incl: Tremor	fallback	原子事实对应多条候选记录
皮卡	高度压缩两两组合	Ford	F-150/F-150	F-150	SuperCab/SuperCrew	8/5.5	PK-XL+	1992-1998/2022-2025		/Lightning	SuperCab/SuperCrew	5.5-8	1992-2025		Incl: Lightning	fallback	原子事实对应多条候选记录
皮卡	高度压缩两两组合	Ford	F-150/F-150	F-150	SuperCab/SuperCrew	8/5.5	PK-XL+	1992-1998/2023-2026		/Raptor R	SuperCab/SuperCrew	5.5-8	1992-2026		Incl: Raptor R	fallback	原子事实对应多条候选记录
皮卡	高度压缩两两组合	Ford	F-150/F-150	F-150	Regular/Regular	6.5/6.5	PK-M	1992-2003/2015-2026		/	Regular	6.5	1992-2026			fallback	原子事实对应多条候选记录
皮卡	高度压缩两两组合	Ford	F-150/F-150	F-150	SuperCab/Regular	6.5/6.5	PK-M+	1994-1995/2004-2014		/	SuperCab/Regular	6.5	1994-2014			fallback	原子事实对应多条候选记录
皮卡	高度压缩两两组合	Ford	F-150/F-150	F-150	SuperCab/SuperCrew	6.5/5.5	PK-L	1997-2008/2001-2002		/	SuperCab/SuperCrew	5.5-6.5	1997-2008			fallback	原子事实对应多条候选记录
皮卡	高度压缩两两组合	Ford	F-150/F-150	F-150	SuperCab/SuperCrew	6.5/5.5	PK-L	1997-2008/2004-2008		/	SuperCab/SuperCrew	5.5-6.5	1997-2008			fallback	原子事实对应多条候选记录
皮卡	高度压缩两两组合	Ford	F-150/F-150	F-150	SuperCab/SuperCab	6.5/5.5	PK-L	1997-2008/2010-2014		/Raptor	SuperCab	5.5-6.5	1997-2014		Incl: Raptor	fallback	原子事实对应多条候选记录
皮卡	高度压缩两两组合	Ford	F-150/F-150	F-150	SuperCab/SuperCab	6.5/5.5	PK-L	1997-2008/2017-2020		/Raptor	SuperCab	5.5-6.5	1997-2020		Incl: Raptor	fallback	原子事实对应多条候选记录
皮卡	高度压缩两两组合	Ford	F-150/F-150	F-150	SuperCrew/SuperCrew	5.5/5.5	PK-L	2001-2002/2004-2008		/	SuperCrew	5.5	2001-2008			success	
皮卡	高度压缩两两组合	Ford	F-150/F-150	F-150	Regular/SuperCab	8/6.5	PK-M+	1992-1996/1994-1995		/	Regular/SuperCab	6.5-8	1992-1996			fallback	原子事实对应多条候选记录
皮卡	高度压缩两两组合	Ford	F-150/F-150	F-150	Regular/Regular	8/6.5	PK-M+	1992-1996/2004-2014		/	Regular	6.5-8	1992-2014			fallback	原子事实对应多条候选记录
皮卡	高度压缩两两组合	Ford	F-150/F-150	F-150	SuperCab/SuperCrew	8/5.5	PK-XL+	1992-1998/2009-2013		/	SuperCab/SuperCrew	5.5-8	1992-2013			fallback	原子事实对应多条候选记录
皮卡	高度压缩两两组合	Ford	F-150/F-150	F-150	SuperCab/SuperCab	8/6.5	PK-XL+	1992-1998/2009-2026		/	SuperCab	6.5-8	1992-2026			fallback	原子事实对应多条候选记录
皮卡	高度压缩两两组合	Ford	F-150/F-150	F-150	SuperCab/SuperCrew	8/5.5	PK-XL+	1992-1998/2011-2014		/Raptor	SuperCab/SuperCrew	5.5-8	1992-2014		Incl: Raptor	fallback	原子事实对应多条候选记录
皮卡	高度压缩两两组合	Ford	F-150/F-150	F-150	SuperCab/SuperCrew	8/5.5	PK-XL+	1992-1998/2015-2018		/	SuperCab/SuperCrew	5.5-8	1992-2018			fallback	原子事实对应多条候选记录
皮卡	高度压缩两两组合	Ford	F-150/F-150	F-150	SuperCab/SuperCrew	8/5.5	PK-XL+	1992-1998/2017-2026		/Raptor	SuperCab/SuperCrew	5.5-8	1992-2026		Incl: Raptor	fallback	原子事实对应多条候选记录
皮卡	高度压缩两两组合	Ford	F-150/F-150	F-150	SuperCab/SuperCrew	8/5.5	PK-XL+	1992-1998/2021-2026		/	SuperCab/SuperCrew	5.5-8	1992-2026			fallback	原子事实对应多条候选记录
皮卡	高度压缩两两组合	Ford	F-150/F-150	F-150	SuperCab/SuperCrew	8/5.5	PK-XL+	1992-1998/2021-2026		/Tremor	SuperCab/SuperCrew	5.5-8	1992-2026		Incl: Tremor	fallback	原子事实对应多条候选记录
皮卡	高度压缩两两组合	Ford	F-150/F-150	F-150	SuperCab/SuperCrew	8/5.5	PK-XL+	1992-1998/2022-2025		/Lightning	SuperCab/SuperCrew	5.5-8	1992-2025		Incl: Lightning	fallback	原子事实对应多条候选记录
皮卡	高度压缩两两组合	Ford	F-150/F-150	F-150	SuperCab/SuperCrew	8/5.5	PK-XL+	1992-1998/2023-2026		/Raptor R	SuperCab/SuperCrew	5.5-8	1992-2026		Incl: Raptor R	fallback	原子事实对应多条候选记录
皮卡	高度压缩两两组合	Ford	F-150/F-150	F-150	Regular/Regular	6.5/6.5	PK-M	1992-2003/2015-2026		/	Regular	6.5	1992-2026			fallback	原子事实对应多条候选记录
皮卡	高度压缩两两组合	Ford	F-150/F-150	F-150	SuperCab/Regular	6.5/6.5	PK-M+	1994-1995/2004-2014		/	SuperCab/Regular	6.5	1994-2014			fallback	原子事实对应多条候选记录
皮卡	高度压缩两两组合	Ford	F-150/F-150	F-150	SuperCab/SuperCrew	6.5/5.5	PK-L	1997-2008/2001-2008		/	SuperCab/SuperCrew	5.5-6.5	1997-2008			success	
皮卡	高度压缩两两组合	Ford	F-150/F-150	F-150	Regular/SuperCab	8/6.5	PK-M+	1992-1996/1994-1995		/	Regular/SuperCab	6.5-8	1992-1996			fallback	原子事实对应多条候选记录
皮卡	高度压缩两两组合	Ford	F-150/F-150	F-150	Regular/Regular	8/6.5	PK-M+	1992-1996/2004-2014		/	Regular	6.5-8	1992-2014			fallback	原子事实对应多条候选记录
皮卡	高度压缩两两组合	Ford	F-150/F-150	F-150	SuperCab/SuperCrew	8/5.5	PK-XL+	1992-1998/2009-2013		/	SuperCab/SuperCrew	5.5-8	1992-2013			fallback	原子事实对应多条候选记录
皮卡	高度压缩两两组合	Ford	F-150/F-150	F-150	SuperCab/SuperCab	8/6.5	PK-XL+	1992-1998/2009-2026		/	SuperCab	6.5-8	1992-2026			fallback	原子事实对应多条候选记录
皮卡	高度压缩两两组合	Ford	F-150/F-150	F-150	SuperCab/SuperCrew	8/5.5	PK-XL+	1992-1998/2011-2014		/Raptor	SuperCab/SuperCrew	5.5-8	1992-2014		Incl: Raptor	fallback	原子事实对应多条候选记录
皮卡	高度压缩两两组合	Ford	F-150/F-150	F-150	SuperCab/SuperCrew	8/5.5	PK-XL+	1992-1998/2015-2018		/	SuperCab/SuperCrew	5.5-8	1992-2018			fallback	原子事实对应多条候选记录
皮卡	高度压缩两两组合	Ford	F-150/F-150	F-150	SuperCab/SuperCrew	8/5.5	PK-XL+	1992-1998/2017-2026		/Raptor	SuperCab/SuperCrew	5.5-8	1992-2026		Incl: Raptor	fallback	原子事实对应多条候选记录
皮卡	高度压缩两两组合	Ford	F-150/F-150	F-150	SuperCab/SuperCrew	8/5.5	PK-XL+	1992-1998/2021-2026		/	SuperCab/SuperCrew	5.5-8	1992-2026			fallback	原子事实对应多条候选记录
皮卡	高度压缩两两组合	Ford	F-150/F-150	F-150	SuperCab/SuperCrew	8/5.5	PK-XL+	1992-1998/2021-2026		/Tremor	SuperCab/SuperCrew	5.5-8	1992-2026		Incl: Tremor	fallback	原子事实对应多条候选记录
皮卡	高度压缩两两组合	Ford	F-150/F-150	F-150	SuperCab/SuperCrew	8/5.5	PK-XL+	1992-1998/2022-2025		/Lightning	SuperCab/SuperCrew	5.5-8	1992-2025		Incl: Lightning	fallback	原子事实对应多条候选记录
皮卡	高度压缩两两组合	Ford	F-150/F-150	F-150	SuperCab/SuperCrew	8/5.5	PK-XL+	1992-1998/2023-2026		/Raptor R	SuperCab/SuperCrew	5.5-8	1992-2026		Incl: Raptor R	fallback	原子事实对应多条候选记录
皮卡	高度压缩两两组合	Ford	F-150/F-150	F-150	Regular/Regular	6.5/6.5	PK-M	1992-2003/2015-2026		/	Regular	6.5	1992-2026			fallback	原子事实对应多条候选记录
皮卡	高度压缩两两组合	Ford	F-150/F-150	F-150	SuperCab/Regular	6.5/6.5	PK-M+	1994-1995/2004-2014		/	SuperCab/Regular	6.5	1994-2014			fallback	原子事实对应多条候选记录
皮卡	高度压缩两两组合	Ford	F-150/F-150	F-150	SuperCab/SuperCrew/SuperCab	5.5-6.5/5.5	PK-L	1997-2008/2010-2014		/Raptor	SuperCab/SuperCrew	5.5-6.5	1997-2014		Incl: Raptor	fallback	原子事实对应多条候选记录
皮卡	高度压缩两两组合	Ford	F-150/F-150	F-150	SuperCab/SuperCrew/SuperCab	5.5-6.5/5.5	PK-L	1997-2008/2017-2020		/Raptor	SuperCab/SuperCrew	5.5-6.5	1997-2020		Incl: Raptor	fallback	原子事实对应多条候选记录
皮卡	高度压缩两两组合	Ford	F-150/F-150	F-150	SuperCrew/SuperCab	5.5/6.5	PK-XL+	2009-2013/2009-2026		/	SuperCrew/SuperCab	5.5-6.5	2009-2026			fallback	原子事实对应多条候选记录
皮卡	高度压缩两两组合	Ford	F-150/F-150	F-150	SuperCrew/SuperCrew	5.5/5.5	PK-XL+	2009-2013/2011-2014		/Raptor	SuperCrew	5.5	2009-2014		Incl: Raptor	success	
皮卡	高度压缩两两组合	Ford	F-150/F-150	F-150	Regular/SuperCab	8/6.5	PK-M+	1992-1996/1994-1995		/	Regular/SuperCab	6.5-8	1992-1996			fallback	原子事实对应多条候选记录
皮卡	高度压缩两两组合	Ford	F-150/F-150	F-150	Regular/Regular	8/6.5	PK-M+	1992-1996/2004-2014		/	Regular	6.5-8	1992-2014			fallback	原子事实对应多条候选记录
皮卡	高度压缩两两组合	Ford	F-150/F-150	F-150	SuperCab/SuperCrew	8/5.5	PK-XL+	1992-1998/2009-2014		/Incl: Raptor	SuperCab/SuperCrew	5.5-8	1992-2014		Incl: Raptor	fallback	原子事实对应多条候选记录
皮卡	高度压缩两两组合	Ford	F-150/F-150	F-150	SuperCab/SuperCab	8/6.5	PK-XL+	1992-1998/2009-2026		/	SuperCab	6.5-8	1992-2026			fallback	原子事实对应多条候选记录
皮卡	高度压缩两两组合	Ford	F-150/F-150	F-150	SuperCab/SuperCrew	8/5.5	PK-XL+	1992-1998/2015-2018		/	SuperCab/SuperCrew	5.5-8	1992-2018			fallback	原子事实对应多条候选记录
皮卡	高度压缩两两组合	Ford	F-150/F-150	F-150	SuperCab/SuperCrew	8/5.5	PK-XL+	1992-1998/2017-2026		/Raptor	SuperCab/SuperCrew	5.5-8	1992-2026		Incl: Raptor	fallback	原子事实对应多条候选记录
皮卡	高度压缩两两组合	Ford	F-150/F-150	F-150	SuperCab/SuperCrew	8/5.5	PK-XL+	1992-1998/2021-2026		/	SuperCab/SuperCrew	5.5-8	1992-2026			fallback	原子事实对应多条候选记录
皮卡	高度压缩两两组合	Ford	F-150/F-150	F-150	SuperCab/SuperCrew	8/5.5	PK-XL+	1992-1998/2021-2026		/Tremor	SuperCab/SuperCrew	5.5-8	1992-2026		Incl: Tremor	fallback	原子事实对应多条候选记录
皮卡	高度压缩两两组合	Ford	F-150/F-150	F-150	SuperCab/SuperCrew	8/5.5	PK-XL+	1992-1998/2022-2025		/Lightning	SuperCab/SuperCrew	5.5-8	1992-2025		Incl: Lightning	fallback	原子事实对应多条候选记录
皮卡	高度压缩两两组合	Ford	F-150/F-150	F-150	SuperCab/SuperCrew	8/5.5	PK-XL+	1992-1998/2023-2026		/Raptor R	SuperCab/SuperCrew	5.5-8	1992-2026		Incl: Raptor R	fallback	原子事实对应多条候选记录
皮卡	高度压缩两两组合	Ford	F-150/F-150	F-150	Regular/Regular	6.5/6.5	PK-M	1992-2003/2015-2026		/	Regular	6.5	1992-2026			fallback	原子事实对应多条候选记录
皮卡	高度压缩两两组合	Ford	F-150/F-150	F-150	SuperCab/Regular	6.5/6.5	PK-M+	1994-1995/2004-2014		/	SuperCab/Regular	6.5	1994-2014			fallback	原子事实对应多条候选记录
皮卡	高度压缩两两组合	Ford	F-150/F-150	F-150	SuperCab/SuperCrew/SuperCab	5.5-6.5/5.5	PK-L	1997-2008/2010-2014		/Raptor	SuperCab/SuperCrew	5.5-6.5	1997-2014		Incl: Raptor	fallback	原子事实对应多条候选记录
皮卡	高度压缩两两组合	Ford	F-150/F-150	F-150	SuperCab/SuperCrew/SuperCab	5.5-6.5/5.5	PK-L	1997-2008/2017-2020		/Raptor	SuperCab/SuperCrew	5.5-6.5	1997-2020		Incl: Raptor	fallback	原子事实对应多条候选记录
皮卡	高度压缩两两组合	Ford	F-150/F-150	F-150	SuperCrew/SuperCab	5.5/6.5	PK-XL+	2009-2014/2009-2026		Incl: Raptor/	SuperCrew/SuperCab	5.5-6.5	2009-2026		Incl: Raptor	fallback	原子事实对应多条候选记录
皮卡	高度压缩两两组合	Ford	F-150/F-150	F-150	SuperCrew/SuperCrew	5.5/5.5	PK-XL+	2009-2014/2015-2018		Incl: Raptor/	SuperCrew	5.5	2009-2018		Incl: Raptor	fallback	原子事实对应多条候选记录
皮卡	高度压缩两两组合	Ford	F-150/F-150	F-150	SuperCrew/SuperCrew	5.5/5.5	PK-XL+	2009-2014/2017-2026		Incl: Raptor/Raptor	SuperCrew	5.5	2009-2026		Incl: Raptor	fallback	原子事实对应多条候选记录
皮卡	高度压缩两两组合	Ford	F-150/F-150	F-150	SuperCrew/SuperCrew	5.5/5.5	PK-XL+	2009-2014/2021-2026		Incl: Raptor/	SuperCrew	5.5	2009-2026		Incl: Raptor	fallback	原子事实对应多条候选记录
皮卡	高度压缩两两组合	Ford	F-150/F-150	F-150	SuperCrew/SuperCrew	5.5/5.5	PK-XL+	2009-2014/2021-2026		Incl: Raptor/Tremor	SuperCrew	5.5	2009-2026		Incl: Raptor/Tremor	fallback	原子事实对应多条候选记录
皮卡	高度压缩两两组合	Ford	F-150/F-150	F-150	SuperCrew/SuperCrew	5.5/5.5	PK-XL+	2009-2014/2022-2025		Incl: Raptor/Lightning	SuperCrew	5.5	2009-2025		Incl: Lightning/Raptor	fallback	原子事实对应多条候选记录
皮卡	高度压缩两两组合	Ford	F-150/F-150	F-150	SuperCrew/SuperCrew	5.5/5.5	PK-XL+	2009-2014/2023-2026		Incl: Raptor/Raptor R	SuperCrew	5.5	2009-2026		Incl: Raptor/Raptor R	fallback	原子事实对应多条候选记录
皮卡	高度压缩两两组合	Ford	F-150/F-150	F-150	SuperCab/SuperCrew	6.5/5.5	PK-XL+	2009-2026/2015-2018		/	SuperCab/SuperCrew	5.5-6.5	2009-2026			fallback	原子事实对应多条候选记录
皮卡	高度压缩两两组合	Ford	F-150/F-150	F-150	SuperCab/SuperCrew	6.5/5.5	PK-XL+	2009-2026/2017-2026		/Raptor	SuperCab/SuperCrew	5.5-6.5	2009-2026		Incl: Raptor	fallback	原子事实对应多条候选记录
皮卡	高度压缩两两组合	Ford	F-150/F-150	F-150	SuperCab/SuperCrew	6.5/5.5	PK-XL+	2009-2026/2021-2026		/	SuperCab/SuperCrew	5.5-6.5	2009-2026			fallback	原子事实对应多条候选记录
皮卡	高度压缩两两组合	Ford	F-150/F-150	F-150	SuperCab/SuperCrew	6.5/5.5	PK-XL+	2009-2026/2021-2026		/Tremor	SuperCab/SuperCrew	5.5-6.5	2009-2026		Incl: Tremor	fallback	原子事实对应多条候选记录
皮卡	高度压缩两两组合	Ford	F-150/F-150	F-150	SuperCab/SuperCrew	6.5/5.5	PK-XL+	2009-2026/2022-2025		/Lightning	SuperCab/SuperCrew	5.5-6.5	2009-2026		Incl: Lightning	fallback	原子事实对应多条候选记录
皮卡	高度压缩两两组合	Ford	F-150/F-150	F-150	SuperCab/SuperCrew	6.5/5.5	PK-XL+	2009-2026/2023-2026		/Raptor R	SuperCab/SuperCrew	5.5-6.5	2009-2026		Incl: Raptor R	fallback	原子事实对应多条候选记录
皮卡	高度压缩两两组合	Ford	F-150/F-150	F-150	SuperCab/SuperCab	5.5/5.5	PK-L	2010-2014/2017-2020		Raptor/Raptor	SuperCab	5.5	2010-2020		Raptor	success	
皮卡	高度压缩两两组合	Ford	F-150/F-150	F-150	Regular/SuperCab	8/6.5	PK-M+	1992-1996/1994-1995		/	Regular/SuperCab	6.5-8	1992-1996			fallback	原子事实对应多条候选记录
皮卡	高度压缩两两组合	Ford	F-150/F-150	F-150	Regular/Regular	8/6.5	PK-M+	1992-1996/2004-2014		/	Regular	6.5-8	1992-2014			fallback	原子事实对应多条候选记录
皮卡	高度压缩两两组合	Ford	F-150/F-150	F-150	SuperCab/SuperCrew	8/5.5	PK-XL+	1992-1998/2009-2014		/Incl: Raptor	SuperCab/SuperCrew	5.5-8	1992-2014		Incl: Raptor	fallback	原子事实对应多条候选记录
皮卡	高度压缩两两组合	Ford	F-150/F-150	F-150	SuperCab/SuperCab	8/6.5	PK-XL+	1992-1998/2009-2026		/	SuperCab	6.5-8	1992-2026			fallback	原子事实对应多条候选记录
皮卡	高度压缩两两组合	Ford	F-150/F-150	F-150	SuperCab/SuperCrew	8/5.5	PK-XL+	1992-1998/2015-2018		/	SuperCab/SuperCrew	5.5-8	1992-2018			fallback	原子事实对应多条候选记录
皮卡	高度压缩两两组合	Ford	F-150/F-150	F-150	SuperCab/SuperCrew	8/5.5	PK-XL+	1992-1998/2017-2026		/Raptor	SuperCab/SuperCrew	5.5-8	1992-2026		Incl: Raptor	fallback	原子事实对应多条候选记录
皮卡	高度压缩两两组合	Ford	F-150/F-150	F-150	SuperCab/SuperCrew	8/5.5	PK-XL+	1992-1998/2021-2026		/	SuperCab/SuperCrew	5.5-8	1992-2026			fallback	原子事实对应多条候选记录
皮卡	高度压缩两两组合	Ford	F-150/F-150	F-150	SuperCab/SuperCrew	8/5.5	PK-XL+	1992-1998/2021-2026		/Tremor	SuperCab/SuperCrew	5.5-8	1992-2026		Incl: Tremor	fallback	原子事实对应多条候选记录
皮卡	高度压缩两两组合	Ford	F-150/F-150	F-150	SuperCab/SuperCrew	8/5.5	PK-XL+	1992-1998/2022-2025		/Lightning	SuperCab/SuperCrew	5.5-8	1992-2025		Incl: Lightning	fallback	原子事实对应多条候选记录
皮卡	高度压缩两两组合	Ford	F-150/F-150	F-150	SuperCab/SuperCrew	8/5.5	PK-XL+	1992-1998/2023-2026		/Raptor R	SuperCab/SuperCrew	5.5-8	1992-2026		Incl: Raptor R	fallback	原子事实对应多条候选记录
皮卡	高度压缩两两组合	Ford	F-150/F-150	F-150	Regular/Regular	6.5/6.5	PK-M	1992-2003/2015-2026		/	Regular	6.5	1992-2026			fallback	原子事实对应多条候选记录
皮卡	高度压缩两两组合	Ford	F-150/F-150	F-150	SuperCab/Regular	6.5/6.5	PK-M+	1994-1995/2004-2014		/	SuperCab/Regular	6.5	1994-2014			fallback	原子事实对应多条候选记录
皮卡	高度压缩两两组合	Ford	F-150/F-150	F-150	SuperCab/SuperCrew/SuperCab	5.5-6.5/5.5	PK-L	1997-2008/2010-2020		/Raptor	SuperCab/SuperCrew	5.5-6.5	1997-2020		Incl: Raptor	fallback	原子事实对应多条候选记录
皮卡	高度压缩两两组合	Ford	F-150/F-150	F-150	SuperCrew/SuperCab	5.5/6.5	PK-XL+	2009-2014/2009-2026		Incl: Raptor/	SuperCrew/SuperCab	5.5-6.5	2009-2026		Incl: Raptor	fallback	原子事实对应多条候选记录
皮卡	高度压缩两两组合	Ford	F-150/F-150	F-150	SuperCrew/SuperCrew	5.5/5.5	PK-XL+	2009-2014/2015-2018		Incl: Raptor/	SuperCrew	5.5	2009-2018		Incl: Raptor	fallback	原子事实对应多条候选记录
皮卡	高度压缩两两组合	Ford	F-150/F-150	F-150	SuperCrew/SuperCrew	5.5/5.5	PK-XL+	2009-2014/2017-2026		Incl: Raptor/Raptor	SuperCrew	5.5	2009-2026		Incl: Raptor	fallback	原子事实对应多条候选记录
皮卡	高度压缩两两组合	Ford	F-150/F-150	F-150	SuperCrew/SuperCrew	5.5/5.5	PK-XL+	2009-2014/2021-2026		Incl: Raptor/	SuperCrew	5.5	2009-2026		Incl: Raptor	fallback	原子事实对应多条候选记录
皮卡	高度压缩两两组合	Ford	F-150/F-150	F-150	SuperCrew/SuperCrew	5.5/5.5	PK-XL+	2009-2014/2021-2026		Incl: Raptor/Tremor	SuperCrew	5.5	2009-2026		Incl: Raptor/Tremor	fallback	原子事实对应多条候选记录
皮卡	高度压缩两两组合	Ford	F-150/F-150	F-150	SuperCrew/SuperCrew	5.5/5.5	PK-XL+	2009-2014/2022-2025		Incl: Raptor/Lightning	SuperCrew	5.5	2009-2025		Incl: Lightning/Raptor	fallback	原子事实对应多条候选记录
皮卡	高度压缩两两组合	Ford	F-150/F-150	F-150	SuperCrew/SuperCrew	5.5/5.5	PK-XL+	2009-2014/2023-2026		Incl: Raptor/Raptor R	SuperCrew	5.5	2009-2026		Incl: Raptor/Raptor R	fallback	原子事实对应多条候选记录
皮卡	高度压缩两两组合	Ford	F-150/F-150	F-150	SuperCab/SuperCrew	6.5/5.5	PK-XL+	2009-2026/2015-2018		/	SuperCab/SuperCrew	5.5-6.5	2009-2026			fallback	原子事实对应多条候选记录
皮卡	高度压缩两两组合	Ford	F-150/F-150	F-150	SuperCab/SuperCrew	6.5/5.5	PK-XL+	2009-2026/2017-2026		/Raptor	SuperCab/SuperCrew	5.5-6.5	2009-2026		Incl: Raptor	fallback	原子事实对应多条候选记录
皮卡	高度压缩两两组合	Ford	F-150/F-150	F-150	SuperCab/SuperCrew	6.5/5.5	PK-XL+	2009-2026/2021-2026		/	SuperCab/SuperCrew	5.5-6.5	2009-2026			fallback	原子事实对应多条候选记录
皮卡	高度压缩两两组合	Ford	F-150/F-150	F-150	SuperCab/SuperCrew	6.5/5.5	PK-XL+	2009-2026/2021-2026		/Tremor	SuperCab/SuperCrew	5.5-6.5	2009-2026		Incl: Tremor	fallback	原子事实对应多条候选记录
皮卡	高度压缩两两组合	Ford	F-150/F-150	F-150	SuperCab/SuperCrew	6.5/5.5	PK-XL+	2009-2026/2022-2025		/Lightning	SuperCab/SuperCrew	5.5-6.5	2009-2026		Incl: Lightning	fallback	原子事实对应多条候选记录
皮卡	高度压缩两两组合	Ford	F-150/F-150	F-150	SuperCab/SuperCrew	6.5/5.5	PK-XL+	2009-2026/2023-2026		/Raptor R	SuperCab/SuperCrew	5.5-6.5	2009-2026		Incl: Raptor R	fallback	原子事实对应多条候选记录
皮卡	高度压缩两两组合	Ford	F-150/F-150	F-150	SuperCrew/SuperCrew	5.5/5.5	PK-XL+	2015-2018/2017-2026		/Raptor	SuperCrew	5.5	2015-2026		Incl: Raptor	fallback	原子事实对应多条候选记录
皮卡	高度压缩两两组合	Ford	F-150/F-150	F-150	SuperCrew/SuperCrew	5.5/5.5	PK-XL+	2015-2018/2021-2026		/	SuperCrew	5.5	2015-2026			success	
皮卡	高度压缩两两组合	Ford	F-150/F-150	F-150	Regular/SuperCab	8/6.5	PK-M+	1992-1996/1994-1995		/	Regular/SuperCab	6.5-8	1992-1996			fallback	原子事实对应多条候选记录
皮卡	高度压缩两两组合	Ford	F-150/F-150	F-150	Regular/Regular	8/6.5	PK-M+	1992-1996/2004-2014		/	Regular	6.5-8	1992-2014			fallback	原子事实对应多条候选记录
皮卡	高度压缩两两组合	Ford	F-150/F-150	F-150	SuperCab/SuperCrew	8/5.5	PK-XL+	1992-1998/2009-2014		/Incl: Raptor	SuperCab/SuperCrew	5.5-8	1992-2014		Incl: Raptor	fallback	原子事实对应多条候选记录
皮卡	高度压缩两两组合	Ford	F-150/F-150	F-150	SuperCab/SuperCab	8/6.5	PK-XL+	1992-1998/2009-2026		/	SuperCab	6.5-8	1992-2026			fallback	原子事实对应多条候选记录
皮卡	高度压缩两两组合	Ford	F-150/F-150	F-150	SuperCab/SuperCrew	8/5.5	PK-XL+	1992-1998/2015-2026		/	SuperCab/SuperCrew	5.5-8	1992-2026			fallback	原子事实对应多条候选记录
皮卡	高度压缩两两组合	Ford	F-150/F-150	F-150	SuperCab/SuperCrew	8/5.5	PK-XL+	1992-1998/2017-2026		/Raptor	SuperCab/SuperCrew	5.5-8	1992-2026		Incl: Raptor	fallback	原子事实对应多条候选记录
皮卡	高度压缩两两组合	Ford	F-150/F-150	F-150	SuperCab/SuperCrew	8/5.5	PK-XL+	1992-1998/2021-2026		/Tremor	SuperCab/SuperCrew	5.5-8	1992-2026		Incl: Tremor	fallback	原子事实对应多条候选记录
皮卡	高度压缩两两组合	Ford	F-150/F-150	F-150	SuperCab/SuperCrew	8/5.5	PK-XL+	1992-1998/2022-2025		/Lightning	SuperCab/SuperCrew	5.5-8	1992-2025		Incl: Lightning	fallback	原子事实对应多条候选记录
皮卡	高度压缩两两组合	Ford	F-150/F-150	F-150	SuperCab/SuperCrew	8/5.5	PK-XL+	1992-1998/2023-2026		/Raptor R	SuperCab/SuperCrew	5.5-8	1992-2026		Incl: Raptor R	fallback	原子事实对应多条候选记录
皮卡	高度压缩两两组合	Ford	F-150/F-150	F-150	Regular/Regular	6.5/6.5	PK-M	1992-2003/2015-2026		/	Regular	6.5	1992-2026			fallback	原子事实对应多条候选记录
皮卡	高度压缩两两组合	Ford	F-150/F-150	F-150	SuperCab/Regular	6.5/6.5	PK-M+	1994-1995/2004-2014		/	SuperCab/Regular	6.5	1994-2014			fallback	原子事实对应多条候选记录
皮卡	高度压缩两两组合	Ford	F-150/F-150	F-150	SuperCab/SuperCrew/SuperCab	5.5-6.5/5.5	PK-L	1997-2008/2010-2020		/Raptor	SuperCab/SuperCrew	5.5-6.5	1997-2020		Incl: Raptor	fallback	原子事实对应多条候选记录
皮卡	高度压缩两两组合	Ford	F-150/F-150	F-150	SuperCrew/SuperCab	5.5/6.5	PK-XL+	2009-2014/2009-2026		Incl: Raptor/	SuperCrew/SuperCab	5.5-6.5	2009-2026		Incl: Raptor	fallback	原子事实对应多条候选记录
皮卡	高度压缩两两组合	Ford	F-150/F-150	F-150	SuperCrew/SuperCrew	5.5/5.5	PK-XL+	2009-2014/2015-2026		Incl: Raptor/	SuperCrew	5.5	2009-2026		Incl: Raptor	fallback	原子事实对应多条候选记录
皮卡	高度压缩两两组合	Ford	F-150/F-150	F-150	SuperCrew/SuperCrew	5.5/5.5	PK-XL+	2009-2014/2017-2026		Incl: Raptor/Raptor	SuperCrew	5.5	2009-2026		Incl: Raptor	fallback	原子事实对应多条候选记录
皮卡	高度压缩两两组合	Ford	F-150/F-150	F-150	SuperCrew/SuperCrew	5.5/5.5	PK-XL+	2009-2014/2021-2026		Incl: Raptor/Tremor	SuperCrew	5.5	2009-2026		Incl: Raptor/Tremor	fallback	原子事实对应多条候选记录
皮卡	高度压缩两两组合	Ford	F-150/F-150	F-150	SuperCrew/SuperCrew	5.5/5.5	PK-XL+	2009-2014/2022-2025		Incl: Raptor/Lightning	SuperCrew	5.5	2009-2025		Incl: Lightning/Raptor	fallback	原子事实对应多条候选记录
皮卡	高度压缩两两组合	Ford	F-150/F-150	F-150	SuperCrew/SuperCrew	5.5/5.5	PK-XL+	2009-2014/2023-2026		Incl: Raptor/Raptor R	SuperCrew	5.5	2009-2026		Incl: Raptor/Raptor R	fallback	原子事实对应多条候选记录
皮卡	高度压缩两两组合	Ford	F-150/F-150	F-150	SuperCab/SuperCrew	6.5/5.5	PK-XL+	2009-2026/2015-2026		/	SuperCab/SuperCrew	5.5-6.5	2009-2026			fallback	原子事实对应多条候选记录
皮卡	高度压缩两两组合	Ford	F-150/F-150	F-150	SuperCab/SuperCrew	6.5/5.5	PK-XL+	2009-2026/2017-2026		/Raptor	SuperCab/SuperCrew	5.5-6.5	2009-2026		Incl: Raptor	fallback	原子事实对应多条候选记录
皮卡	高度压缩两两组合	Ford	F-150/F-150	F-150	SuperCab/SuperCrew	6.5/5.5	PK-XL+	2009-2026/2021-2026		/Tremor	SuperCab/SuperCrew	5.5-6.5	2009-2026		Incl: Tremor	fallback	原子事实对应多条候选记录
皮卡	高度压缩两两组合	Ford	F-150/F-150	F-150	SuperCab/SuperCrew	6.5/5.5	PK-XL+	2009-2026/2022-2025		/Lightning	SuperCab/SuperCrew	5.5-6.5	2009-2026		Incl: Lightning	fallback	原子事实对应多条候选记录
皮卡	高度压缩两两组合	Ford	F-150/F-150	F-150	SuperCab/SuperCrew	6.5/5.5	PK-XL+	2009-2026/2023-2026		/Raptor R	SuperCab/SuperCrew	5.5-6.5	2009-2026		Incl: Raptor R	fallback	原子事实对应多条候选记录
皮卡	高度压缩两两组合	Ford	F-150/F-150	F-150	SuperCrew/SuperCrew	5.5/5.5	PK-XL+	2015-2026/2017-2026		/Raptor	SuperCrew	5.5	2015-2026		Incl: Raptor	success	
皮卡	高度压缩两两组合	Ford	F-150/F-150	F-150	Regular/SuperCab	8/6.5	PK-M+	1992-1996/1994-1995		/	Regular/SuperCab	6.5-8	1992-1996			fallback	原子事实对应多条候选记录
皮卡	高度压缩两两组合	Ford	F-150/F-150	F-150	Regular/Regular	8/6.5	PK-M+	1992-1996/2004-2014		/	Regular	6.5-8	1992-2014			fallback	原子事实对应多条候选记录
皮卡	高度压缩两两组合	Ford	F-150/F-150	F-150	SuperCab/SuperCrew	8/5.5	PK-XL+	1992-1998/2009-2014		/Incl: Raptor	SuperCab/SuperCrew	5.5-8	1992-2014		Incl: Raptor	fallback	原子事实对应多条候选记录
皮卡	高度压缩两两组合	Ford	F-150/F-150	F-150	SuperCab/SuperCab	8/6.5	PK-XL+	1992-1998/2009-2026		/	SuperCab	6.5-8	1992-2026			fallback	原子事实对应多条候选记录
皮卡	高度压缩两两组合	Ford	F-150/F-150	F-150	SuperCab/SuperCrew	8/5.5	PK-XL+	1992-1998/2015-2026		/Incl: Raptor	SuperCab/SuperCrew	5.5-8	1992-2026		Incl: Raptor	fallback	原子事实对应多条候选记录
皮卡	高度压缩两两组合	Ford	F-150/F-150	F-150	SuperCab/SuperCrew	8/5.5	PK-XL+	1992-1998/2021-2026		/Tremor	SuperCab/SuperCrew	5.5-8	1992-2026		Incl: Tremor	fallback	原子事实对应多条候选记录
皮卡	高度压缩两两组合	Ford	F-150/F-150	F-150	SuperCab/SuperCrew	8/5.5	PK-XL+	1992-1998/2022-2025		/Lightning	SuperCab/SuperCrew	5.5-8	1992-2025		Incl: Lightning	fallback	原子事实对应多条候选记录
皮卡	高度压缩两两组合	Ford	F-150/F-150	F-150	SuperCab/SuperCrew	8/5.5	PK-XL+	1992-1998/2023-2026		/Raptor R	SuperCab/SuperCrew	5.5-8	1992-2026		Incl: Raptor R	fallback	原子事实对应多条候选记录
皮卡	高度压缩两两组合	Ford	F-150/F-150	F-150	Regular/Regular	6.5/6.5	PK-M	1992-2003/2015-2026		/	Regular	6.5	1992-2026			fallback	原子事实对应多条候选记录
皮卡	高度压缩两两组合	Ford	F-150/F-150	F-150	SuperCab/Regular	6.5/6.5	PK-M+	1994-1995/2004-2014		/	SuperCab/Regular	6.5	1994-2014			fallback	原子事实对应多条候选记录
皮卡	高度压缩两两组合	Ford	F-150/F-150	F-150	SuperCab/SuperCrew/SuperCab	5.5-6.5/5.5	PK-L	1997-2008/2010-2020		/Raptor	SuperCab/SuperCrew	5.5-6.5	1997-2020		Incl: Raptor	fallback	原子事实对应多条候选记录
皮卡	高度压缩两两组合	Ford	F-150/F-150	F-150	SuperCrew/SuperCab	5.5/6.5	PK-XL+	2009-2014/2009-2026		Incl: Raptor/	SuperCrew/SuperCab	5.5-6.5	2009-2026		Incl: Raptor	fallback	原子事实对应多条候选记录
皮卡	高度压缩两两组合	Ford	F-150/F-150	F-150	SuperCrew/SuperCrew	5.5/5.5	PK-XL+	2009-2014/2015-2026		Incl: Raptor/Incl: Raptor	SuperCrew	5.5	2009-2026		Incl: Raptor	success	
皮卡	高度压缩两两组合	Ford	F-150/F-150	F-150	Regular/SuperCab	8/6.5	PK-M+	1992-1996/1994-1995		/	Regular/SuperCab	6.5-8	1992-1996			fallback	原子事实对应多条候选记录
皮卡	高度压缩两两组合	Ford	F-150/F-150	F-150	Regular/Regular	8/6.5	PK-M+	1992-1996/2004-2014		/	Regular	6.5-8	1992-2014			fallback	原子事实对应多条候选记录
皮卡	高度压缩两两组合	Ford	F-150/F-150	F-150	SuperCab/SuperCab	8/6.5	PK-XL+	1992-1998/2009-2026		/	SuperCab	6.5-8	1992-2026			fallback	原子事实对应多条候选记录
皮卡	高度压缩两两组合	Ford	F-150/F-150	F-150	SuperCab/SuperCrew	8/5.5	PK-XL+	1992-1998/2009-2026		/Incl: Raptor	SuperCab/SuperCrew	5.5-8	1992-2026		Incl: Raptor	fallback	原子事实对应多条候选记录
皮卡	高度压缩两两组合	Ford	F-150/F-150	F-150	SuperCab/SuperCrew	8/5.5	PK-XL+	1992-1998/2021-2026		/Tremor	SuperCab/SuperCrew	5.5-8	1992-2026		Incl: Tremor	fallback	原子事实对应多条候选记录
皮卡	高度压缩两两组合	Ford	F-150/F-150	F-150	SuperCab/SuperCrew	8/5.5	PK-XL+	1992-1998/2022-2025		/Lightning	SuperCab/SuperCrew	5.5-8	1992-2025		Incl: Lightning	fallback	原子事实对应多条候选记录
皮卡	高度压缩两两组合	Ford	F-150/F-150	F-150	SuperCab/SuperCrew	8/5.5	PK-XL+	1992-1998/2023-2026		/Raptor R	SuperCab/SuperCrew	5.5-8	1992-2026		Incl: Raptor R	fallback	原子事实对应多条候选记录
皮卡	高度压缩两两组合	Ford	F-150/F-150	F-150	Regular/Regular	6.5/6.5	PK-M	1992-2003/2015-2026		/	Regular	6.5	1992-2026			fallback	原子事实对应多条候选记录
皮卡	高度压缩两两组合	Ford	F-150/F-150	F-150	SuperCab/Regular	6.5/6.5	PK-M+	1994-1995/2004-2014		/	SuperCab/Regular	6.5	1994-2014			fallback	原子事实对应多条候选记录
皮卡	高度压缩两两组合	Ford	F-150/F-150	F-150	SuperCab/SuperCrew/SuperCab	5.5-6.5/5.5	PK-L	1997-2008/2010-2020		/Raptor	SuperCab/SuperCrew	5.5-6.5	1997-2020		Incl: Raptor	fallback	原子事实对应多条候选记录
皮卡	高度压缩两两组合	Ford	F-150/F-150	F-150	SuperCab/SuperCrew	6.5/5.5	PK-XL+	2009-2026/2009-2026		/Incl: Raptor	SuperCab/SuperCrew	5.5-6.5	2009-2026		Incl: Raptor	fallback	原子事实对应多条候选记录
皮卡	高度压缩两两组合	Ford	F-150/F-150	F-150	SuperCab/SuperCrew	6.5/5.5	PK-XL+	2009-2026/2021-2026		/Tremor	SuperCab/SuperCrew	5.5-6.5	2009-2026		Incl: Tremor	fallback	原子事实对应多条候选记录
皮卡	高度压缩两两组合	Ford	F-150/F-150	F-150	SuperCab/SuperCrew	6.5/5.5	PK-XL+	2009-2026/2022-2025		/Lightning	SuperCab/SuperCrew	5.5-6.5	2009-2026		Incl: Lightning	fallback	原子事实对应多条候选记录
皮卡	高度压缩两两组合	Ford	F-150/F-150	F-150	SuperCab/SuperCrew	6.5/5.5	PK-XL+	2009-2026/2023-2026		/Raptor R	SuperCab/SuperCrew	5.5-6.5	2009-2026		Incl: Raptor R	fallback	原子事实对应多条候选记录
皮卡	高度压缩两两组合	Ford	F-150/F-150	F-150	SuperCrew/SuperCrew	5.5/5.5	PK-XL+	2009-2026/2021-2026		Incl: Raptor/Tremor	SuperCrew	5.5	2009-2026		Incl: Raptor/Tremor	success	
皮卡	高度压缩两两组合	Ford	F-150/F-150	F-150	Regular/SuperCab	8/6.5	PK-M+	1992-1996/1994-1995		/	Regular/SuperCab	6.5-8	1992-1996			fallback	原子事实对应多条候选记录
皮卡	高度压缩两两组合	Ford	F-150/F-150	F-150	Regular/Regular	8/6.5	PK-M+	1992-1996/2004-2014		/	Regular	6.5-8	1992-2014			fallback	原子事实对应多条候选记录
皮卡	高度压缩两两组合	Ford	F-150/F-150	F-150	SuperCab/SuperCab	8/6.5	PK-XL+	1992-1998/2009-2026		/	SuperCab	6.5-8	1992-2026			fallback	原子事实对应多条候选记录
皮卡	高度压缩两两组合	Ford	F-150/F-150	F-150	SuperCab/SuperCrew	8/5.5	PK-XL+	1992-1998/2009-2026		/Incl: Raptor/Tremor	SuperCab/SuperCrew	5.5-8	1992-2026		Incl: Raptor/Tremor	fallback	原子事实对应多条候选记录
皮卡	高度压缩两两组合	Ford	F-150/F-150	F-150	SuperCab/SuperCrew	8/5.5	PK-XL+	1992-1998/2022-2025		/Lightning	SuperCab/SuperCrew	5.5-8	1992-2025		Incl: Lightning	fallback	原子事实对应多条候选记录
皮卡	高度压缩两两组合	Ford	F-150/F-150	F-150	SuperCab/SuperCrew	8/5.5	PK-XL+	1992-1998/2023-2026		/Raptor R	SuperCab/SuperCrew	5.5-8	1992-2026		Incl: Raptor R	fallback	原子事实对应多条候选记录
皮卡	高度压缩两两组合	Ford	F-150/F-150	F-150	Regular/Regular	6.5/6.5	PK-M	1992-2003/2015-2026		/	Regular	6.5	1992-2026			fallback	原子事实对应多条候选记录
皮卡	高度压缩两两组合	Ford	F-150/F-150	F-150	SuperCab/Regular	6.5/6.5	PK-M+	1994-1995/2004-2014		/	SuperCab/Regular	6.5	1994-2014			fallback	原子事实对应多条候选记录
皮卡	高度压缩两两组合	Ford	F-150/F-150	F-150	SuperCab/SuperCrew/SuperCab	5.5-6.5/5.5	PK-L	1997-2008/2010-2020		/Raptor	SuperCab/SuperCrew	5.5-6.5	1997-2020		Incl: Raptor	fallback	原子事实对应多条候选记录
皮卡	高度压缩两两组合	Ford	F-150/F-150	F-150	SuperCab/SuperCrew	6.5/5.5	PK-XL+	2009-2026/2009-2026		/Incl: Raptor/Tremor	SuperCab/SuperCrew	5.5-6.5	2009-2026		Incl: Raptor/Tremor	fallback	原子事实对应多条候选记录
皮卡	高度压缩两两组合	Ford	F-150/F-150	F-150	SuperCab/SuperCrew	6.5/5.5	PK-XL+	2009-2026/2022-2025		/Lightning	SuperCab/SuperCrew	5.5-6.5	2009-2026		Incl: Lightning	fallback	原子事实对应多条候选记录
皮卡	高度压缩两两组合	Ford	F-150/F-150	F-150	SuperCab/SuperCrew	6.5/5.5	PK-XL+	2009-2026/2023-2026		/Raptor R	SuperCab/SuperCrew	5.5-6.5	2009-2026		Incl: Raptor R	fallback	原子事实对应多条候选记录
皮卡	高度压缩两两组合	Ford	F-150/F-150	F-150	SuperCrew/SuperCrew	5.5/5.5	PK-XL+	2009-2026/2022-2025		Incl: Raptor/Tremor/Lightning	SuperCrew	5.5	2009-2026		Incl: Lightning/Raptor/Tremor	success	
皮卡	高度压缩两两组合	Ford	F-150/F-150	F-150	Regular/SuperCab	8/6.5	PK-M+	1992-1996/1994-1995		/	Regular/SuperCab	6.5-8	1992-1996			fallback	原子事实对应多条候选记录
皮卡	高度压缩两两组合	Ford	F-150/F-150	F-150	Regular/Regular	8/6.5	PK-M+	1992-1996/2004-2014		/	Regular	6.5-8	1992-2014			fallback	原子事实对应多条候选记录
皮卡	高度压缩两两组合	Ford	F-150/F-150	F-150	SuperCab/SuperCab	8/6.5	PK-XL+	1992-1998/2009-2026		/	SuperCab	6.5-8	1992-2026			fallback	原子事实对应多条候选记录
皮卡	高度压缩两两组合	Ford	F-150/F-150	F-150	SuperCab/SuperCrew	8/5.5	PK-XL+	1992-1998/2009-2026		/Incl: Lightning/Raptor/Tremor	SuperCab/SuperCrew	5.5-8	1992-2026		Incl: Lightning/Raptor/Tremor	fallback	原子事实对应多条候选记录
皮卡	高度压缩两两组合	Ford	F-150/F-150	F-150	SuperCab/SuperCrew	8/5.5	PK-XL+	1992-1998/2023-2026		/Raptor R	SuperCab/SuperCrew	5.5-8	1992-2026		Incl: Raptor R	fallback	原子事实对应多条候选记录
皮卡	高度压缩两两组合	Ford	F-150/F-150	F-150	Regular/Regular	6.5/6.5	PK-M	1992-2003/2015-2026		/	Regular	6.5	1992-2026			fallback	原子事实对应多条候选记录
皮卡	高度压缩两两组合	Ford	F-150/F-150	F-150	SuperCab/Regular	6.5/6.5	PK-M+	1994-1995/2004-2014		/	SuperCab/Regular	6.5	1994-2014			fallback	原子事实对应多条候选记录
皮卡	高度压缩两两组合	Ford	F-150/F-150	F-150	SuperCab/SuperCrew/SuperCab	5.5-6.5/5.5	PK-L	1997-2008/2010-2020		/Raptor	SuperCab/SuperCrew	5.5-6.5	1997-2020		Incl: Raptor	fallback	原子事实对应多条候选记录
皮卡	高度压缩两两组合	Ford	F-150/F-150	F-150	SuperCab/SuperCrew	6.5/5.5	PK-XL+	2009-2026/2009-2026		/Incl: Lightning/Raptor/Tremor	SuperCab/SuperCrew	5.5-6.5	2009-2026		Incl: Lightning/Raptor/Tremor	fallback	原子事实对应多条候选记录
皮卡	高度压缩两两组合	Ford	F-150/F-150	F-150	SuperCab/SuperCrew	6.5/5.5	PK-XL+	2009-2026/2023-2026		/Raptor R	SuperCab/SuperCrew	5.5-6.5	2009-2026		Incl: Raptor R	fallback	原子事实对应多条候选记录
皮卡	高度压缩两两组合	Ford	F-150/F-150	F-150	SuperCrew/SuperCrew	5.5/5.5	PK-XL+	2009-2026/2023-2026		Incl: Lightning/Raptor/Tremor/Raptor R	SuperCrew	5.5	2009-2026		Incl: Lightning/Raptor/Raptor R/Tremor	success	
皮卡	高度压缩两两组合	Ford	F-150/F-150	F-150	Regular/SuperCab	8/6.5	PK-M+	1992-1996/1994-1995		/	Regular/SuperCab	6.5-8	1992-1996			fallback	原子事实对应多条候选记录
皮卡	高度压缩两两组合	Ford	F-150/F-150	F-150	Regular/Regular	8/6.5	PK-M+	1992-1996/2004-2014		/	Regular	6.5-8	1992-2014			fallback	原子事实对应多条候选记录
皮卡	高度压缩两两组合	Ford	F-150/F-150	F-150	SuperCab/SuperCab	8/6.5	PK-XL+	1992-1998/2009-2026		/	SuperCab	6.5-8	1992-2026			fallback	原子事实对应多条候选记录
皮卡	高度压缩两两组合	Ford	F-150/F-150	F-150	SuperCab/SuperCrew	8/5.5	PK-XL+	1992-1998/2009-2026		/Incl: Lightning/Raptor/Raptor R/Tremor	SuperCab/SuperCrew	5.5-8	1992-2026		Incl: Lightning/Raptor/Raptor R/Tremor	fallback	原子事实对应多条候选记录
皮卡	高度压缩两两组合	Ford	F-150/F-150	F-150	Regular/Regular	6.5/6.5	PK-M	1992-2003/2015-2026		/	Regular	6.5	1992-2026			fallback	原子事实对应多条候选记录
皮卡	高度压缩两两组合	Ford	F-150/F-150	F-150	SuperCab/Regular	6.5/6.5	PK-M+	1994-1995/2004-2014		/	SuperCab/Regular	6.5	1994-2014			fallback	原子事实对应多条候选记录
皮卡	高度压缩两两组合	Ford	F-150/F-150	F-150	SuperCab/SuperCrew/SuperCab	5.5-6.5/5.5	PK-L	1997-2008/2010-2020		/Raptor	SuperCab/SuperCrew	5.5-6.5	1997-2020		Incl: Raptor	fallback	原子事实对应多条候选记录
皮卡	高度压缩两两组合	Ford	F-150/F-150	F-150	SuperCab/SuperCrew	6.5/5.5	PK-XL+	2009-2026/2009-2026		/Incl: Lightning/Raptor/Raptor R/Tremor	SuperCab/SuperCrew	5.5-6.5	2009-2026		Incl: Lightning/Raptor/Raptor R/Tremor	fallback	原子事实对应多条候选记录
皮卡	高度压缩两两组合	Ford	F-250/F-350 Super Duty/F-250/F-350 Super Duty	F-250/F-350 Super Duty	Crew/SuperCab	8/8	PK-XXXL	1999-2007/2017-2026		/	Crew/SuperCab	8	1999-2026			fallback	原子事实对应多条候选记录
皮卡	高度压缩两两组合	Ford	F-250/F-350 Super Duty/F-250/F-350 Super Duty	F-250/F-350 Super Duty	SuperCab/Crew	8/6.8	PK-XXL	1999-2016/1999-2026		/	SuperCab/Crew	6.8-8	1999-2026			fallback	原子事实对应多条候选记录
皮卡	高度压缩两两组合	Ford	F-250/F-350 Super Duty/F-250/F-350 Super Duty	F-250/F-350 Super Duty	SuperCab/Regular	8/8	PK-XXL	1999-2016/2017-2026		/	SuperCab/Regular	8	1999-2026			fallback	原子事实对应多条候选记录
皮卡	高度压缩两两组合	Ford	F-250/F-350 Super Duty/F-250/F-350 Super Duty	F-250/F-350 Super Duty	SuperCab/SuperCab	8/6.8	PK-XXL	1999-2016/2017-2026		/	SuperCab	6.8-8	1999-2026			fallback	原子事实对应多条候选记录
皮卡	高度压缩两两组合	Ford	F-250/F-350 Super Duty/F-250/F-350 Super Duty	F-250/F-350 Super Duty	Crew/Regular	6.8/8	PK-XXL	1999-2026/2017-2026		/	Crew/Regular	6.8-8	1999-2026			fallback	原子事实对应多条候选记录
皮卡	高度压缩两两组合	Ford	F-250/F-350 Super Duty/F-250/F-350 Super Duty	F-250/F-350 Super Duty	Crew/SuperCab	6.8/6.8	PK-XXL	1999-2026/2017-2026		/	Crew/SuperCab	6.8	1999-2026			fallback	原子事实对应多条候选记录
皮卡	高度压缩两两组合	Ford	F-250/F-350 Super Duty/F-250/F-350 Super Duty	F-250/F-350 Super Duty	Regular/SuperCab	8/6.8	PK-XXL	2017-2026/2017-2026		/	Regular/SuperCab	6.8-8	2017-2026			fallback	原子事实对应多条候选记录
皮卡	高度压缩两两组合	Ford	F-350 Super Duty/F-350 Super Duty	F-350 Super Duty	Crew/Regular	8/8	无可用尺码	1999-2026/1999-2026		DRW/DRW	Crew/Regular	8	1999-2026		DRW	success	
皮卡	高度压缩两两组合	Ford	Maverick/Maverick	Maverick	SuperCrew/SuperCrew	4.5/4.5	PK-M	2022-2026/2023-2026		/Tremor	SuperCrew	4.5	2022-2026		Incl: Tremor	success	
皮卡	高度压缩两两组合	Ford	Maverick/Maverick	Maverick	SuperCrew/SuperCrew	4.5/4.5	PK-M	2022-2026/2025-2026		Incl: Tremor/Lobo	SuperCrew	4.5	2022-2026		Incl: Lobo/Tremor	success	
皮卡	高度压缩两两组合	Ford	Ranger/Ranger	Ranger	SuperCab/Regular	6/6	PK-M	1993-2011/1998-2011		/	SuperCab/Regular	6	1993-2011			fallback	原子事实对应多条候选记录
皮卡	高度压缩两两组合	Ford	Ranger/Ranger	Ranger	SuperCab/SuperCab	6/7	PK-M	1993-2011/1998-2011		/	SuperCab	6-7	1993-2011			success	
皮卡	高度压缩两两组合	Ford	Ranger/Ranger	Ranger	SuperCab/Regular	6-7/6	PK-M	1993-2011/1998-2011		/	SuperCab/Regular	6-7	1993-2011			fallback	原子事实对应多条候选记录
皮卡	高度压缩两两组合	Ford	Ranger/Ranger	Ranger	SuperCrew/SuperCrew	5/5	PK-M+	2019-2026/2024-2026		/Raptor	SuperCrew	5	2019-2026		Incl: Raptor	success	
皮卡	高度压缩两两组合	Ford	Ranger/Ranger	Ranger	SuperCab/Regular	6-7/6	PK-M	1993-2011/1998-2011		/	SuperCab/Regular	6-7	1993-2011			fallback	原子事实对应多条候选记录
皮卡	高度压缩两两组合	GMC	Canyon/Canyon	Canyon	Crew/Extended	5/6	PK-M	2004-2005/2004-2010		/	Crew/Extended	5-6	2004-2010			fallback	原子事实对应多条候选记录
皮卡	高度压缩两两组合	GMC	Canyon/Canyon	Canyon	Crew/Regular	5/6	PK-M	2004-2005/2004-2012		/	Crew/Regular	5-6	2004-2012			fallback	原子事实对应多条候选记录
皮卡	高度压缩两两组合	GMC	Canyon/Canyon	Canyon	Crew/Crew	5/5	PK-M	2004-2005/2008		/	Crew	5	2004-2008			success	
皮卡	高度压缩两两组合	GMC	Canyon/Canyon	Canyon	Crew/Extended	5/6	PK-M	2004-2008/2004-2010		/	Crew/Extended	5-6	2004-2010			success	
皮卡	高度压缩两两组合	GMC	Canyon/Canyon	Canyon	Crew/Extended/Regular	5-6/6	PK-M	2004-2010/2004-2012		/	Crew/Extended/Regular	5-6	2004-2012			fallback	原子事实对应多条候选记录
皮卡	高度压缩两两组合	GMC	Canyon/Canyon	Canyon	Crew/Extended/Crew	5-6/5	PK-M	2004-2010/2012		/	Crew/Extended	5-6	2004-2012			success	
皮卡	高度压缩两两组合	GMC	Canyon/Canyon	Canyon	Crew/Extended/Regular	5-6/6	PK-M	2004-2012/2004-2012		/	Crew/Extended/Regular	5-6	2004-2012			success	
皮卡	高度压缩两两组合	GMC	Canyon/Canyon	Canyon	Extended/Crew	6/5	PK-M+	2015-2020/2015-2022		/	Extended/Crew	5-6	2015-2022			fallback	原子事实对应多条候选记录
皮卡	高度压缩两两组合	GMC	Canyon/Canyon	Canyon	Crew/Crew	5/5	无可用尺码	2023-2026/2023-2026		/AT4X	Crew	5	2023-2026		Incl: AT4X	success	
皮卡	高度压缩两两组合	GMC	Canyon/Canyon	Canyon	Extended/Crew	6/5	PK-M+	2015-2020/2015-2022		/	Extended/Crew	5-6	2015-2022			fallback	原子事实对应多条候选记录
皮卡	高度压缩两两组合	GMC	Sierra 1500/Sierra 1500	Sierra 1500	Extended/Crew	6.6/5.8	PK-L	1999-2006/2007-2018		/	Extended/Crew	5.8-6.6	1999-2018			fallback	原子事实对应多条候选记录
皮卡	高度压缩两两组合	GMC	Sierra 1500/Sierra 1500	Sierra 1500	Extended/Double	6.6/6.6	PK-L	1999-2006/2014-2018		/	Extended/Double	6.6	1999-2018			fallback	原子事实对应多条候选记录
皮卡	高度压缩两两组合	GMC	Sierra 1500/Sierra 1500	Sierra 1500	Crew/Extended	5.8/6.6	PK-XL+	2004-2006/2007-2013		/	Crew/Extended	5.8-6.6	2004-2013			fallback	原子事实对应多条候选记录
皮卡	高度压缩两两组合	GMC	Sierra 1500/Sierra 1500	Sierra 1500	Crew/Crew	5.8/5.8	PK-XL+	2004-2006/2019-2026		/	Crew	5.8	2004-2026			fallback	原子事实对应多条候选记录
皮卡	高度压缩两两组合	GMC	Sierra 1500/Sierra 1500	Sierra 1500	Crew/Double	5.8/6.6	PK-XL+	2004-2006/2019-2026		/	Crew/Double	5.8-6.6	2004-2026			fallback	原子事实对应多条候选记录
皮卡	高度压缩两两组合	GMC	Sierra 1500/Sierra 1500	Sierra 1500	Extended/Crew	6.6/5.8	PK-XL+	2007-2013/2019-2026		/	Extended/Crew	5.8-6.6	2007-2026			fallback	原子事实对应多条候选记录
皮卡	高度压缩两两组合	GMC	Sierra 1500/Sierra 1500	Sierra 1500	Extended/Double	6.6/6.6	PK-XL+	2007-2013/2019-2026		/	Extended/Double	6.6	2007-2026			fallback	原子事实对应多条候选记录
皮卡	高度压缩两两组合	GMC	Sierra 1500/Sierra 1500	Sierra 1500	Crew/Double	5.8/6.6	PK-L	2007-2018/2014-2018		/	Crew/Double	5.8-6.6	2007-2018			success	
皮卡	高度压缩两两组合	GMC	Sierra 1500/Sierra 1500	Sierra 1500	Extended/Crew/Double	6.6/5.8-6.6	PK-L	1999-2006/2007-2018		/	Extended/Crew/Double	5.8-6.6	1999-2018			fallback	原子事实对应多条候选记录
皮卡	高度压缩两两组合	GMC	Sierra 1500/Sierra 1500	Sierra 1500	Crew/Extended	5.8/6.6	PK-XL+	2004-2006/2007-2013		/	Crew/Extended	5.8-6.6	2004-2013			fallback	原子事实对应多条候选记录
皮卡	高度压缩两两组合	GMC	Sierra 1500/Sierra 1500	Sierra 1500	Crew/Crew	5.8/5.8	PK-XL+	2004-2006/2019-2026		/	Crew	5.8	2004-2026			fallback	原子事实对应多条候选记录
皮卡	高度压缩两两组合	GMC	Sierra 1500/Sierra 1500	Sierra 1500	Crew/Double	5.8/6.6	PK-XL+	2004-2006/2019-2026		/	Crew/Double	5.8-6.6	2004-2026			fallback	原子事实对应多条候选记录
皮卡	高度压缩两两组合	GMC	Sierra 1500/Sierra 1500	Sierra 1500	Extended/Crew	6.6/5.8	PK-XL+	2007-2013/2019-2026		/	Extended/Crew	5.8-6.6	2007-2026			fallback	原子事实对应多条候选记录
皮卡	高度压缩两两组合	GMC	Sierra 1500/Sierra 1500	Sierra 1500	Extended/Double	6.6/6.6	PK-XL+	2007-2013/2019-2026		/	Extended/Double	6.6	2007-2026			fallback	原子事实对应多条候选记录
皮卡	高度压缩两两组合	GMC	Sierra 1500/Sierra 1500	Sierra 1500	Crew/Double	5.8/6.6	PK-XL+	2019-2026/2019-2026		/	Crew/Double	5.8-6.6	2019-2026			success	
皮卡	高度压缩两两组合	GMC	Sierra 1500/Sierra 1500	Sierra 1500	Extended/Crew/Double	6.6/5.8-6.6	PK-L	1999-2006/2007-2018		/	Extended/Crew/Double	5.8-6.6	1999-2018			fallback	原子事实对应多条候选记录
皮卡	高度压缩两两组合	GMC	Sierra 1500/Sierra 1500	Sierra 1500	Crew/Extended	5.8/6.6	PK-XL+	2004-2006/2007-2013		/	Crew/Extended	5.8-6.6	2004-2013			fallback	原子事实对应多条候选记录
皮卡	高度压缩两两组合	GMC	Sierra 1500/Sierra 1500	Sierra 1500	Crew/Crew/Double	5.8/5.8-6.6	PK-XL+	2004-2006/2019-2026		/	Crew/Double	5.8-6.6	2004-2026			fallback	原子事实对应多条候选记录
皮卡	高度压缩两两组合	GMC	Sierra 1500/Sierra 1500	Sierra 1500	Extended/Crew/Double	6.6/5.8-6.6	PK-XL+	2007-2013/2019-2026		/	Extended/Crew/Double	5.8-6.6	2007-2026			fallback	原子事实对应多条候选记录
皮卡	高度压缩两两组合	GMC	Sierra 2500HD/3500HD/Sierra 2500HD/3500HD	Sierra 2500HD/3500HD	Crew/Double	6.8/6.8	PK-XXL	2001-2026/2015-2026		/	Crew/Double	6.8	2001-2026			success	
皮卡	高度压缩两两组合	GMC	Sierra 2500HD/3500HD/Sierra 2500HD/3500HD	Sierra 2500HD/3500HD	Crew/Crew	8/8	无可用尺码	2001-2026/2001-2026		/DRW	Crew	8	2001-2026		Incl: DRW	success	
皮卡	高度压缩两两组合	Honda	Ridgeline/Ridgeline	Ridgeline	Crew/Crew	5/5.3	PK-M	2006-2014/2017-2020		/	Crew	5-5.3	2006-2020			success	
皮卡	高度压缩两两组合	Hyundai	Santa Cruz/Santa Cruz	Santa Cruz	Crew/Crew	4.3/4.3	PK-M	2022-2026/2024-2026		/XRT	Crew	4.3	2022-2026		Incl: XRT	success	
皮卡	高度压缩两两组合	Jeep	Gladiator/Gladiator	Gladiator	Crew/Crew	5/5	PK-M+	2020/2020-2026		Rubicon/	Crew	5	2020-2026		Incl: Rubicon	fallback	原子事实对应多条候选记录
皮卡	高度压缩两两组合	Jeep	Gladiator/Gladiator	Gladiator	Crew/Crew	5/5	PK-M+	2020/2021-2026		Rubicon/Rubicon/Mojave	Crew	5	2020-2026		Mojave/Rubicon	success	
皮卡	高度压缩两两组合	Jeep	Gladiator/Gladiator	Gladiator	Crew/Crew	5/5	PK-M+	2020-2026/2020-2026		/Mojave/Rubicon	Crew	5	2020-2026		Incl: Mojave/Rubicon	success	
皮卡	高度压缩两两组合	Nissan	Frontier/Frontier	Frontier	King/Crew	6/4.5	PK-M	1998-2000/2000-2001		/	King/Crew	4.5-6	1998-2001			success	
皮卡	高度压缩两两组合	Nissan	Frontier/Frontier	Frontier	King/Crew/Regular	4.5-6/6	PK-M	1998-2001/2001		/	King/Crew/Regular	4.5-6	1998-2001			fallback	原子事实对应多条候选记录
皮卡	高度压缩两两组合	Nissan	Frontier/Frontier	Frontier	King/Crew/King	4.5-6/6	PK-M	1998-2001/2001		/SC-V6	King/Crew	4.5-6	1998-2001		Incl: SC-V6	success	
皮卡	高度压缩两两组合	Nissan	Frontier/Frontier	Frontier	King/Crew/Regular	4.5-6/6	PK-M	1998-2001/2001		Incl: SC-V6/	King/Crew/Regular	4.5-6	1998-2001		Incl: SC-V6	fallback	原子事实对应多条候选记录
皮卡	高度压缩两两组合	Nissan	Frontier/Frontier	Frontier	King/Crew/Crew	4.5-6/4.5	PK-M	1998-2001/2002-2003		Incl: SC-V6/SC-V6	King/Crew	4.5-6	1998-2003		Incl: SC-V6	fallback	原子事实对应多条候选记录
皮卡	高度压缩两两组合	Nissan	Frontier/Frontier	Frontier	King/Crew/King	4.5-6/6	PK-M	1998-2001/2002-2021		Incl: SC-V6/	King/Crew	4.5-6	1998-2021		Incl: SC-V6	fallback	原子事实对应多条候选记录
皮卡	高度压缩两两组合	Nissan	Frontier/Frontier	Frontier	King/Crew/Crew	4.5-6/4.5	PK-M	1998-2001/2004		Incl: SC-V6/	King/Crew	4.5-6	1998-2004		Incl: SC-V6	fallback	原子事实对应多条候选记录
皮卡	高度压缩两两组合	Nissan	Frontier/Frontier	Frontier	King/Crew/Crew	4.5-6/5	PK-M	1998-2001/2005-2021		Incl: SC-V6/	King/Crew	4.5-6	1998-2021		Incl: SC-V6	fallback	原子事实对应多条候选记录
皮卡	高度压缩两两组合	Nissan	Frontier/Frontier	Frontier	Regular/Crew	6/4.5	PK-M	2001/2002-2003		/SC-V6	Regular/Crew	4.5-6	2001-2003		Incl: SC-V6	fallback	原子事实对应多条候选记录
皮卡	高度压缩两两组合	Nissan	Frontier/Frontier	Frontier	Regular/King	6/6	PK-M	2001/2002-2021		/	Regular/King	6	2001-2021			success	
皮卡	高度压缩两两组合	Nissan	Frontier/Frontier	Frontier	King/Crew/Regular/King	4.5-6/6	PK-M	1998-2001/2001-2021		Incl: SC-V6/	King/Crew/Regular	4.5-6	1998-2021		Incl: SC-V6	fallback	原子事实对应多条候选记录
皮卡	高度压缩两两组合	Nissan	Frontier/Frontier	Frontier	King/Crew/Crew	4.5-6/4.5	PK-M	1998-2001/2002-2003		Incl: SC-V6/SC-V6	King/Crew	4.5-6	1998-2003		Incl: SC-V6	fallback	原子事实对应多条候选记录
皮卡	高度压缩两两组合	Nissan	Frontier/Frontier	Frontier	King/Crew/Crew	4.5-6/4.5	PK-M	1998-2001/2004		Incl: SC-V6/	King/Crew	4.5-6	1998-2004		Incl: SC-V6	fallback	原子事实对应多条候选记录
皮卡	高度压缩两两组合	Nissan	Frontier/Frontier	Frontier	King/Crew/Crew	4.5-6/5	PK-M	1998-2001/2005-2021		Incl: SC-V6/	King/Crew	4.5-6	1998-2021		Incl: SC-V6	fallback	原子事实对应多条候选记录
皮卡	高度压缩两两组合	Nissan	Frontier/Frontier	Frontier	Regular/King/Crew	6/4.5	PK-M	2001-2021/2002-2003		/SC-V6	Regular/King/Crew	4.5-6	2001-2021		Incl: SC-V6	fallback	原子事实对应多条候选记录
皮卡	高度压缩两两组合	Nissan	Frontier/Frontier	Frontier	Regular/King/Crew	6/4.5	PK-M	2001-2021/2004		/	Regular/King/Crew	4.5-6	2001-2021			fallback	原子事实对应多条候选记录
皮卡	高度压缩两两组合	Nissan	Frontier/Frontier	Frontier	Regular/King/Crew	6/5	PK-M	2001-2021/2005-2021		/	Regular/King/Crew	5-6	2001-2021			fallback	原子事实对应多条候选记录
皮卡	高度压缩两两组合	Nissan	Frontier/Frontier	Frontier	Crew/Crew	6/6	PK-M+	2002/2003-2021		SC-V6/	Crew	6	2002-2021		Incl: SC-V6	success	
皮卡	高度压缩两两组合	Nissan	Frontier/Frontier	Frontier	King/Crew/Regular/King	4.5-6/6	PK-M	1998-2001/2001-2021		Incl: SC-V6/	King/Crew/Regular	4.5-6	1998-2021		Incl: SC-V6	fallback	原子事实对应多条候选记录
皮卡	高度压缩两两组合	Nissan	Frontier/Frontier	Frontier	King/Crew/Crew	4.5-6/4.5	PK-M	1998-2001/2002-2003		Incl: SC-V6/SC-V6	King/Crew	4.5-6	1998-2003		Incl: SC-V6	fallback	原子事实对应多条候选记录
皮卡	高度压缩两两组合	Nissan	Frontier/Frontier	Frontier	King/Crew/Crew	4.5-6/4.5	PK-M	1998-2001/2004		Incl: SC-V6/	King/Crew	4.5-6	1998-2004		Incl: SC-V6	fallback	原子事实对应多条候选记录
皮卡	高度压缩两两组合	Nissan	Frontier/Frontier	Frontier	King/Crew/Crew	4.5-6/5	PK-M	1998-2001/2005-2021		Incl: SC-V6/	King/Crew	4.5-6	1998-2021		Incl: SC-V6	fallback	原子事实对应多条候选记录
皮卡	高度压缩两两组合	Nissan	Frontier/Frontier	Frontier	Regular/King/Crew	6/4.5	PK-M	2001-2021/2002-2003		/SC-V6	Regular/King/Crew	4.5-6	2001-2021		Incl: SC-V6	fallback	原子事实对应多条候选记录
皮卡	高度压缩两两组合	Nissan	Frontier/Frontier	Frontier	Regular/King/Crew	6/4.5	PK-M	2001-2021/2004		/	Regular/King/Crew	4.5-6	2001-2021			fallback	原子事实对应多条候选记录
皮卡	高度压缩两两组合	Nissan	Frontier/Frontier	Frontier	Regular/King/Crew	6/5	PK-M	2001-2021/2005-2021		/	Regular/King/Crew	5-6	2001-2021			fallback	原子事实对应多条候选记录
皮卡	高度压缩两两组合	Nissan	Frontier/Frontier	Frontier	Crew/Crew	4.5/4.5	PK-M	2002-2003/2004		SC-V6/	Crew	4.5	2002-2004		Incl: SC-V6	success	
皮卡	高度压缩两两组合	Nissan	Frontier/Frontier	Frontier	King/Crew/Regular/King	4.5-6/6	PK-M	1998-2001/2001-2021		Incl: SC-V6/	King/Crew/Regular	4.5-6	1998-2021		Incl: SC-V6	fallback	原子事实对应多条候选记录
皮卡	高度压缩两两组合	Nissan	Frontier/Frontier	Frontier	King/Crew/Crew	4.5-6/4.5	PK-M	1998-2001/2002-2004		Incl: SC-V6/Incl: SC-V6	King/Crew	4.5-6	1998-2004		Incl: SC-V6	fallback	原子事实对应多条候选记录
皮卡	高度压缩两两组合	Nissan	Frontier/Frontier	Frontier	King/Crew/Crew	4.5-6/5	PK-M	1998-2001/2005-2021		Incl: SC-V6/	King/Crew	4.5-6	1998-2021		Incl: SC-V6	fallback	原子事实对应多条候选记录
皮卡	高度压缩两两组合	Nissan	Frontier/Frontier	Frontier	Regular/King/Crew	6/4.5	PK-M	2001-2021/2002-2004		/Incl: SC-V6	Regular/King/Crew	4.5-6	2001-2021		Incl: SC-V6	fallback	原子事实对应多条候选记录
皮卡	高度压缩两两组合	Nissan	Frontier/Frontier	Frontier	Regular/King/Crew	6/5	PK-M	2001-2021/2005-2021		/	Regular/King/Crew	5-6	2001-2021			fallback	原子事实对应多条候选记录
皮卡	高度压缩两两组合	Nissan	Frontier/Frontier	Frontier	Crew/Crew	4.5/5	PK-M	2002-2004/2005-2021		Incl: SC-V6/	Crew	4.5-5	2002-2021		Incl: SC-V6	success	
皮卡	高度压缩两两组合	Nissan	Frontier/Frontier	Frontier	King/Crew/Regular/King	4.5-6/6	PK-M	1998-2001/2001-2021		Incl: SC-V6/	King/Crew/Regular	4.5-6	1998-2021		Incl: SC-V6	fallback	原子事实对应多条候选记录
皮卡	高度压缩两两组合	Nissan	Frontier/Frontier	Frontier	King/Crew/Crew	4.5-6/4.5-5	PK-M	1998-2001/2002-2021		Incl: SC-V6/Incl: SC-V6	King/Crew	4.5-6	1998-2021		Incl: SC-V6	fallback	原子事实对应多条候选记录
皮卡	高度压缩两两组合	Nissan	Frontier/Frontier	Frontier	Regular/King/Crew	6/4.5-5	PK-M	2001-2021/2002-2021		/Incl: SC-V6	Regular/King/Crew	4.5-6	2001-2021		Incl: SC-V6	fallback	原子事实对应多条候选记录
皮卡	高度压缩两两组合	Nissan	Frontier/Frontier	Frontier	Crew/Crew	6/5	PK-M+	2002-2021/2022-2026		Incl: SC-V6/	Crew	5-6	2002-2026		Incl: SC-V6	fallback	原子事实对应多条候选记录
皮卡	高度压缩两两组合	Nissan	Frontier/Frontier	Frontier	Crew/King	6/6	PK-M+	2002-2021/2022-2026		Incl: SC-V6/	Crew/King	6	2002-2026		Incl: SC-V6	fallback	原子事实对应多条候选记录
皮卡	高度压缩两两组合	Nissan	Frontier/Frontier	Frontier	Crew/King	5/6	PK-M+	2022-2026/2022-2026		/	Crew/King	5-6	2022-2026			fallback	原子事实对应多条候选记录
皮卡	高度压缩两两组合	Ram	1500/1500	1500	Club/Quad	6.4/6.4	PK-L	1994-1998/1994-1998		/	Club/Quad	6.4	1994-1998			success	
皮卡	高度压缩两两组合	Ram	1500/1500	1500	Club/Quad/Quad	6.4/6.4	PK-L	1994-1998/2002-2026		/	Club/Quad	6.4	1994-2026			success	
皮卡	高度压缩两两组合	Ram	1500/1500	1500	Club/Quad/Crew	6.4/5.6	PK-L	1994-2026/2011-2012		/	Club/Quad/Crew	5.6-6.4	1994-2026			fallback	原子事实对应多条候选记录
皮卡	高度压缩两两组合	Ram	1500/1500	1500	Club/Quad/Crew	6.4/5.6	PK-L	1994-2026/2014-2018		/	Club/Quad/Crew	5.6-6.4	1994-2026			fallback	原子事实对应多条候选记录
皮卡	高度压缩两两组合	Ram	1500/1500	1500	Regular/Regular	8/8	PK-XL	1997-2001/2005-2007		/	Regular	8	1997-2007			success	
皮卡	高度压缩两两组合	Ram	1500/1500	1500	Club/Quad/Crew	6.4/5.6	PK-L	1994-2026/2011-2012		/	Club/Quad/Crew	5.6-6.4	1994-2026			fallback	原子事实对应多条候选记录
皮卡	高度压缩两两组合	Ram	1500/1500	1500	Club/Quad/Crew	6.4/5.6	PK-L	1994-2026/2014-2018		/	Club/Quad/Crew	5.6-6.4	1994-2026			fallback	原子事实对应多条候选记录
皮卡	高度压缩两两组合	Ram	1500/1500	1500	Regular/Regular	8/8	PK-XL	1997-2007/2009-2018		/	Regular	8	1997-2018			success	
皮卡	高度压缩两两组合	Ram	1500/1500	1500	Club/Quad/Crew	6.4/5.6	PK-L	1994-2026/2011-2012		/	Club/Quad/Crew	5.6-6.4	1994-2026			fallback	原子事实对应多条候选记录
皮卡	高度压缩两两组合	Ram	1500/1500	1500	Club/Quad/Crew	6.4/5.6	PK-L	1994-2026/2014-2018		/	Club/Quad/Crew	5.6-6.4	1994-2026			fallback	原子事实对应多条候选记录
皮卡	高度压缩两两组合	Ram	1500/1500	1500	Crew/Crew	6.4/5.6	PK-XL+	2009-2026/2019-2026		/	Crew	5.6-6.4	2009-2026			fallback	原子事实对应多条候选记录
皮卡	高度压缩两两组合	Ram	1500/1500	1500	Crew/Crew	6.4/5.6	PK-XL+	2009-2026/2021-2024		/TRX	Crew	5.6-6.4	2009-2026		Incl: TRX	fallback	原子事实对应多条候选记录
皮卡	高度压缩两两组合	Ram	1500/1500	1500	Crew/Crew	5.6/5.6	PK-L	2011-2012/2014-2018		/	Crew	5.6	2011-2018			success	
皮卡	高度压缩两两组合	Ram	1500/1500	1500	Club/Quad/Crew	6.4/5.6	PK-L	1994-2026/2011-2018		/	Club/Quad/Crew	5.6-6.4	1994-2026			fallback	原子事实对应多条候选记录
皮卡	高度压缩两两组合	Ram	1500/1500	1500	Crew/Crew	6.4/5.6	PK-XL+	2009-2026/2019-2026		/	Crew	5.6-6.4	2009-2026			fallback	原子事实对应多条候选记录
皮卡	高度压缩两两组合	Ram	1500/1500	1500	Crew/Crew	6.4/5.6	PK-XL+	2009-2026/2021-2024		/TRX	Crew	5.6-6.4	2009-2026		Incl: TRX	fallback	原子事实对应多条候选记录
皮卡	高度压缩两两组合	Ram	1500/1500	1500	Crew/Crew	5.6/5.6	PK-XL+	2019-2026/2021-2024		/TRX	Crew	5.6	2019-2026		Incl: TRX	success	
皮卡	高度压缩两两组合	Ram	1500/1500	1500	Club/Quad/Crew	6.4/5.6	PK-L	1994-2026/2011-2018		/	Club/Quad/Crew	5.6-6.4	1994-2026			fallback	原子事实对应多条候选记录
皮卡	高度压缩两两组合	Ram	1500/1500	1500	Crew/Crew	6.4/5.6	PK-XL+	2009-2026/2019-2026		/Incl: TRX	Crew	5.6-6.4	2009-2026		Incl: TRX	fallback	原子事实对应多条候选记录
皮卡	高度压缩两两组合	Ram	2500/3500/2500/3500	2500/3500	Quad/Mega	8/6.4	PK-XXL	1994-2009/2006-2026		/	Quad/Mega	6.4-8	1994-2026			success	
皮卡	高度压缩两两组合	Rivian	R1T/R1T	R1T	Crew/Crew	4.5/4.5	PK-M+	2022-2024/2025-2026		Dual/Quad/Adventure/	Crew	4.5	2022-2026		Incl: Adventure/Dual/Quad	success	
皮卡	高度压缩两两组合	Toyota	Land Cruiser/Land Cruiser	Land Cruiser	Regular/	/	数据不全	1955-1959/1958-1980		20 Series Pickup/20/40 Series Pickup	Regular		1955-1980		20/20 Series Pickup/40 Series Pickup	fallback	原子事实未被候选记录覆盖
皮卡	高度压缩两两组合	Toyota	Land Cruiser/Land Cruiser	Land Cruiser	Regular/Regular	/	数据不全	1955-1959/1960-1986		20 Series Pickup/40 Series Pickup	Regular		1955-1986		20 Series Pickup/40 Series Pickup	success	
皮卡	高度压缩两两组合	Toyota	Land Cruiser/Land Cruiser	Land Cruiser	Regular/	/	数据不全	1955-1986/1958-1980		20 Series Pickup/40 Series Pickup/20/40 Series Pickup	Regular		1955-1986		20/20 Series Pickup/40 Series Pickup	fallback	原子事实未被候选记录覆盖
皮卡	高度压缩两两组合	Toyota	Tacoma/Tacoma	Tacoma	XtraCab/Double	6/5	PK-M	1995-2004/2003-2006		/	XtraCab/Double	5-6	1995-2006			fallback	原子事实对应多条候选记录
皮卡	高度压缩两两组合	Toyota	Tacoma/Tacoma	Tacoma	XtraCab/Access	6/6	PK-M	1995-2004/2005-2013		/	XtraCab/Access	6	1995-2013			success	
皮卡	高度压缩两两组合	Toyota	Tacoma/Tacoma	Tacoma	XtraCab/Access/Double	6/5	PK-M	1995-2013/2003-2006		/	XtraCab/Access/Double	5-6	1995-2013			fallback	原子事实对应多条候选记录
皮卡	高度压缩两两组合	Toyota	Tacoma/Tacoma	Tacoma	XtraCab/Access/Double	6/5	PK-M	1995-2013/2014-2015		/	XtraCab/Access/Double	5-6	1995-2015			fallback	原子事实对应多条候选记录
皮卡	高度压缩两两组合	Toyota	Tacoma/Tacoma	Tacoma	Double/Double	5/5	PK-M	2003-2006/2014-2015		/	Double	5	2003-2015			success	
皮卡	高度压缩两两组合	Toyota	Tacoma/Tacoma	Tacoma	XtraCab/Access/Double	6/5	PK-M	1995-2013/2003-2015		/	XtraCab/Access/Double	5-6	1995-2015			fallback	原子事实对应多条候选记录
皮卡	高度压缩两两组合	Toyota	Tacoma/Tacoma	Tacoma	Double/XtraCab	6/6	PK-L	2005-2026/2024-2026		/	Double/XtraCab	6	2005-2026			success	
皮卡	高度压缩两两组合	Toyota	Tacoma/Tacoma	Tacoma	XtraCab/Access/Double	6/5	PK-M	1995-2013/2003-2015		/	XtraCab/Access/Double	5-6	1995-2015			fallback	原子事实对应多条候选记录
皮卡	高度压缩两两组合	Toyota	Tacoma/Tacoma	Tacoma	Access/Double	6/5	PK-M+	2016-2023/2016-2026		/	Access/Double	5-6	2016-2026			fallback	原子事实对应多条候选记录
皮卡	高度压缩两两组合	Toyota	Tacoma/Tacoma	Tacoma	Access/Double	6/5	PK-M+	2016-2023/2017-2023		/TRD Pro	Access/Double	5-6	2016-2023		Incl: TRD Pro	fallback	原子事实对应多条候选记录
皮卡	高度压缩两两组合	Toyota	Tacoma/Tacoma	Tacoma	Access/Double	6/5	PK-M+	2016-2023/2024-2026		/TRD Pro/Trailhunter	Access/Double	5-6	2016-2026		Incl: Trailhunter/TRD Pro	fallback	原子事实对应多条候选记录
皮卡	高度压缩两两组合	Toyota	Tacoma/Tacoma	Tacoma	Double/Double	5/5	PK-M+	2016-2026/2017-2023		/TRD Pro	Double	5	2016-2026		Incl: TRD Pro	fallback	原子事实对应多条候选记录
皮卡	高度压缩两两组合	Toyota	Tacoma/Tacoma	Tacoma	Double/Double	5/5	PK-M+	2016-2026/2024-2026		/TRD Pro/Trailhunter	Double	5	2016-2026		Incl: Trailhunter/TRD Pro	fallback	原子事实对应多条候选记录
皮卡	高度压缩两两组合	Toyota	Tacoma/Tacoma	Tacoma	Double/Double	5/5	PK-M+	2017-2023/2024-2026		TRD Pro/TRD Pro/Trailhunter	Double	5	2017-2026		Trailhunter/TRD Pro	success	
皮卡	高度压缩两两组合	Toyota	Tacoma/Tacoma	Tacoma	XtraCab/Access/Double	6/5	PK-M	1995-2013/2003-2015		/	XtraCab/Access/Double	5-6	1995-2015			fallback	原子事实对应多条候选记录
皮卡	高度压缩两两组合	Toyota	Tacoma/Tacoma	Tacoma	Access/Double	6/5	PK-M+	2016-2023/2016-2026		/	Access/Double	5-6	2016-2026			fallback	原子事实对应多条候选记录
皮卡	高度压缩两两组合	Toyota	Tacoma/Tacoma	Tacoma	Access/Double	6/5	PK-M+	2016-2023/2017-2026		/Trailhunter/TRD Pro	Access/Double	5-6	2016-2026		Incl: Trailhunter/TRD Pro	fallback	原子事实对应多条候选记录
皮卡	高度压缩两两组合	Toyota	Tacoma/Tacoma	Tacoma	Double/Double	5/5	PK-M+	2016-2026/2017-2026		/Trailhunter/TRD Pro	Double	5	2016-2026		Incl: Trailhunter/TRD Pro	success	
皮卡	高度压缩两两组合	Toyota	Tacoma/Tacoma	Tacoma	XtraCab/Access/Double	6/5	PK-M	1995-2013/2003-2015		/	XtraCab/Access/Double	5-6	1995-2015			fallback	原子事实对应多条候选记录
皮卡	高度压缩两两组合	Toyota	Tacoma/Tacoma	Tacoma	Access/Double	6/5	PK-M+	2016-2023/2016-2026		/Incl: Trailhunter/TRD Pro	Access/Double	5-6	2016-2026		Incl: Trailhunter/TRD Pro	fallback	原子事实对应多条候选记录
皮卡	高度压缩两两组合	Toyota	Tundra/Tundra	Tundra	Regular/Regular	6.5/8	PK-XL	2000-2006/2000-2006		/	Regular	6.5-8	2000-2006			success	
皮卡	高度压缩两两组合	Toyota	Tundra/Tundra	Tundra	Regular/Regular	6.5-8/8.1	PK-XL	2000-2006/2007-2017		/	Regular	6.5-8.1	2000-2017			fallback	原子事实对应多条候选记录
皮卡	高度压缩两两组合	Toyota	Tundra/Tundra	Tundra	Double/CrewMax	6.5/5.5	PK-XL+	2004-2006/2022-2026		/	Double/CrewMax	5.5-6.5	2004-2026			fallback	原子事实对应多条候选记录
皮卡	高度压缩两两组合	Toyota	Tundra/Tundra	Tundra	Double/Double	6.5/6.5	PK-XL+	2004-2006/2022-2026		/	Double	6.5	2004-2026			fallback	原子事实对应多条候选记录
皮卡	高度压缩两两组合	Toyota	Tundra/Tundra	Tundra	CrewMax/Double	5.5/6.5	PK-L	2007-2021/2008-2020		/	CrewMax/Double	5.5-6.5	2007-2021			success	
皮卡	高度压缩两两组合	Toyota	Tundra/Tundra	Tundra	Regular/Regular	6.5-8/8.1	PK-XL	2000-2006/2007-2017		/	Regular	6.5-8.1	2000-2017			fallback	原子事实对应多条候选记录
皮卡	高度压缩两两组合	Toyota	Tundra/Tundra	Tundra	Double/CrewMax	6.5/5.5	PK-XL+	2004-2006/2022-2026		/	Double/CrewMax	5.5-6.5	2004-2026			fallback	原子事实对应多条候选记录
皮卡	高度压缩两两组合	Toyota	Tundra/Tundra	Tundra	Double/Double	6.5/6.5	PK-XL+	2004-2006/2022-2026		/	Double	6.5	2004-2026			fallback	原子事实对应多条候选记录
皮卡	高度压缩两两组合	Toyota	Tundra/Tundra	Tundra	CrewMax/Double	5.5/6.5	PK-XL+	2022-2026/2022-2026		/	CrewMax/Double	5.5-6.5	2022-2026			success	
皮卡	高度压缩两两组合	Toyota	Tundra/Tundra	Tundra	Regular/Regular	6.5-8/8.1	PK-XL	2000-2006/2007-2017		/	Regular	6.5-8.1	2000-2017			fallback	原子事实对应多条候选记录
皮卡	高度压缩两两组合	Toyota	Tundra/Tundra	Tundra	Double/CrewMax/Double	6.5/5.5-6.5	PK-XL+	2004-2006/2022-2026		/	Double/CrewMax	5.5-6.5	2004-2026			fallback	原子事实对应多条候选记录
