原子行号,压缩命中数,检查结果,压缩行号,命中尺码,压缩类型,MAKE,MODEL,YEAR,VERSION,CONST,CAB,BED_FT,BACKSIZE,命中压缩行
2,1,OK,2,无可用尺码,皮卡,Cadillac,Escalade EXT,2002,,,Crew,5.3,无可用尺码,2: Cadillac Escalade EXT 2002-2013   Crew 5.3 无可用尺码
3,1,OK,2,无可用尺码,皮卡,Cadillac,Escalade EXT,2003,,,Crew,5.3,无可用尺码,2: Cadillac Escalade EXT 2002-2013   Crew 5.3 无可用尺码
4,1,OK,2,无可用尺码,皮卡,Cadillac,Escalade EXT,2004,,,Crew,5.3,无可用尺码,2: Cadillac Escalade EXT 2002-2013   Crew 5.3 无可用尺码
5,1,OK,2,无可用尺码,皮卡,Cadillac,Escalade EXT,2005,,,Crew,5.3,无可用尺码,2: Cadillac Escalade EXT 2002-2013   Crew 5.3 无可用尺码
6,1,OK,2,无可用尺码,皮卡,Cadillac,Escalade EXT,2006,,,Crew,5.3,无可用尺码,2: Cadillac Escalade EXT 2002-2013   Crew 5.3 无可用尺码
7,1,OK,2,无可用尺码,皮卡,Cadillac,Escalade EXT,2007,,,Crew,5.3,无可用尺码,2: Cadillac Escalade EXT 2002-2013   Crew 5.3 无可用尺码
8,1,OK,2,无可用尺码,皮卡,Cadillac,Escalade EXT,2008,,,Crew,5.3,无可用尺码,2: Cadillac Escalade EXT 2002-2013   Crew 5.3 无可用尺码
9,1,OK,2,无可用尺码,皮卡,Cadillac,Escalade EXT,2009,,,Crew,5.3,无可用尺码,2: Cadillac Escalade EXT 2002-2013   Crew 5.3 无可用尺码
10,1,OK,2,无可用尺码,皮卡,Cadillac,Escalade EXT,2010,,,Crew,5.3,无可用尺码,2: Cadillac Escalade EXT 2002-2013   Crew 5.3 无可用尺码
11,1,OK,2,无可用尺码,皮卡,Cadillac,Escalade EXT,2011,,,Crew,5.3,无可用尺码,2: Cadillac Escalade EXT 2002-2013   Crew 5.3 无可用尺码
12,1,OK,2,无可用尺码,皮卡,Cadillac,Escalade EXT,2012,,,Crew,5.3,无可用尺码,2: Cadillac Escalade EXT 2002-2013   Crew 5.3 无可用尺码
13,1,OK,2,无可用尺码,皮卡,Cadillac,Escalade EXT,2013,,,Crew,5.3,无可用尺码,2: Cadillac Escalade EXT 2002-2013   Crew 5.3 无可用尺码
14,1,OK,3,无可用尺码,皮卡,Chevrolet,Avalanche,2002,1500,,Crew,5.3,无可用尺码,3: Chevrolet Avalanche 2002-2013 1500/2500  Crew 5.3 无可用尺码
15,1,OK,3,无可用尺码,皮卡,Chevrolet,Avalanche,2002,2500,,Crew,5.3,无可用尺码,3: Chevrolet Avalanche 2002-2013 1500/2500  Crew 5.3 无可用尺码
16,1,OK,3,无可用尺码,皮卡,Chevrolet,Avalanche,2003,1500,,Crew,5.3,无可用尺码,3: Chevrolet Avalanche 2002-2013 1500/2500  Crew 5.3 无可用尺码
17,1,OK,3,无可用尺码,皮卡,Chevrolet,Avalanche,2003,2500,,Crew,5.3,无可用尺码,3: Chevrolet Avalanche 2002-2013 1500/2500  Crew 5.3 无可用尺码
18,1,OK,3,无可用尺码,皮卡,Chevrolet,Avalanche,2004,1500,,Crew,5.3,无可用尺码,3: Chevrolet Avalanche 2002-2013 1500/2500  Crew 5.3 无可用尺码
19,1,OK,3,无可用尺码,皮卡,Chevrolet,Avalanche,2004,2500,,Crew,5.3,无可用尺码,3: Chevrolet Avalanche 2002-2013 1500/2500  Crew 5.3 无可用尺码
20,1,OK,3,无可用尺码,皮卡,Chevrolet,Avalanche,2005,1500,,Crew,5.3,无可用尺码,3: Chevrolet Avalanche 2002-2013 1500/2500  Crew 5.3 无可用尺码
21,1,OK,3,无可用尺码,皮卡,Chevrolet,Avalanche,2005,2500,,Crew,5.3,无可用尺码,3: Chevrolet Avalanche 2002-2013 1500/2500  Crew 5.3 无可用尺码
22,1,OK,3,无可用尺码,皮卡,Chevrolet,Avalanche,2006,1500,,Crew,5.3,无可用尺码,3: Chevrolet Avalanche 2002-2013 1500/2500  Crew 5.3 无可用尺码
23,1,OK,3,无可用尺码,皮卡,Chevrolet,Avalanche,2006,2500,,Crew,5.3,无可用尺码,3: Chevrolet Avalanche 2002-2013 1500/2500  Crew 5.3 无可用尺码
24,1,OK,3,无可用尺码,皮卡,Chevrolet,Avalanche,2007,1500,,Crew,5.3,无可用尺码,3: Chevrolet Avalanche 2002-2013 1500/2500  Crew 5.3 无可用尺码
25,1,OK,3,无可用尺码,皮卡,Chevrolet,Avalanche,2008,1500,,Crew,5.3,无可用尺码,3: Chevrolet Avalanche 2002-2013 1500/2500  Crew 5.3 无可用尺码
26,1,OK,3,无可用尺码,皮卡,Chevrolet,Avalanche,2009,1500,,Crew,5.3,无可用尺码,3: Chevrolet Avalanche 2002-2013 1500/2500  Crew 5.3 无可用尺码
27,1,OK,3,无可用尺码,皮卡,Chevrolet,Avalanche,2010,1500,,Crew,5.3,无可用尺码,3: Chevrolet Avalanche 2002-2013 1500/2500  Crew 5.3 无可用尺码
28,1,OK,3,无可用尺码,皮卡,Chevrolet,Avalanche,2011,1500,,Crew,5.3,无可用尺码,3: Chevrolet Avalanche 2002-2013 1500/2500  Crew 5.3 无可用尺码
29,1,OK,3,无可用尺码,皮卡,Chevrolet,Avalanche,2012,1500,,Crew,5.3,无可用尺码,3: Chevrolet Avalanche 2002-2013 1500/2500  Crew 5.3 无可用尺码
30,1,OK,3,无可用尺码,皮卡,Chevrolet,Avalanche,2013,1500,,Crew,5.3,无可用尺码,3: Chevrolet Avalanche 2002-2013 1500/2500  Crew 5.3 无可用尺码
31,1,OK,4,无可用尺码,皮卡,Chevrolet,C/K,1960,,,Regular,6.5,无可用尺码,4: Chevrolet C/K 1960-1986 Incl: DRW/Longhorn  Regular/Crew 6.5-9 无可用尺码
32,1,OK,4,无可用尺码,皮卡,Chevrolet,C/K,1960,,,Regular,8,无可用尺码,4: Chevrolet C/K 1960-1986 Incl: DRW/Longhorn  Regular/Crew 6.5-9 无可用尺码
33,1,OK,4,无可用尺码,皮卡,Chevrolet,C/K,1960,,,Regular,9,无可用尺码,4: Chevrolet C/K 1960-1986 Incl: DRW/Longhorn  Regular/Crew 6.5-9 无可用尺码
34,1,OK,4,无可用尺码,皮卡,Chevrolet,C/K,1961,,,Regular,6.5,无可用尺码,4: Chevrolet C/K 1960-1986 Incl: DRW/Longhorn  Regular/Crew 6.5-9 无可用尺码
35,1,OK,4,无可用尺码,皮卡,Chevrolet,C/K,1961,,,Regular,8,无可用尺码,4: Chevrolet C/K 1960-1986 Incl: DRW/Longhorn  Regular/Crew 6.5-9 无可用尺码
36,1,OK,4,无可用尺码,皮卡,Chevrolet,C/K,1961,,,Regular,9,无可用尺码,4: Chevrolet C/K 1960-1986 Incl: DRW/Longhorn  Regular/Crew 6.5-9 无可用尺码
37,1,OK,4,无可用尺码,皮卡,Chevrolet,C/K,1962,,,Regular,6.5,无可用尺码,4: Chevrolet C/K 1960-1986 Incl: DRW/Longhorn  Regular/Crew 6.5-9 无可用尺码
38,1,OK,4,无可用尺码,皮卡,Chevrolet,C/K,1962,,,Regular,8,无可用尺码,4: Chevrolet C/K 1960-1986 Incl: DRW/Longhorn  Regular/Crew 6.5-9 无可用尺码
39,1,OK,4,无可用尺码,皮卡,Chevrolet,C/K,1962,,,Regular,9,无可用尺码,4: Chevrolet C/K 1960-1986 Incl: DRW/Longhorn  Regular/Crew 6.5-9 无可用尺码
40,1,OK,4,无可用尺码,皮卡,Chevrolet,C/K,1963,,,Regular,6.5,无可用尺码,4: Chevrolet C/K 1960-1986 Incl: DRW/Longhorn  Regular/Crew 6.5-9 无可用尺码
41,1,OK,4,无可用尺码,皮卡,Chevrolet,C/K,1963,,,Regular,8,无可用尺码,4: Chevrolet C/K 1960-1986 Incl: DRW/Longhorn  Regular/Crew 6.5-9 无可用尺码
42,1,OK,4,无可用尺码,皮卡,Chevrolet,C/K,1963,,,Regular,9,无可用尺码,4: Chevrolet C/K 1960-1986 Incl: DRW/Longhorn  Regular/Crew 6.5-9 无可用尺码
43,1,OK,4,无可用尺码,皮卡,Chevrolet,C/K,1964,,,Regular,6.5,无可用尺码,4: Chevrolet C/K 1960-1986 Incl: DRW/Longhorn  Regular/Crew 6.5-9 无可用尺码
44,1,OK,4,无可用尺码,皮卡,Chevrolet,C/K,1964,,,Regular,8,无可用尺码,4: Chevrolet C/K 1960-1986 Incl: DRW/Longhorn  Regular/Crew 6.5-9 无可用尺码
45,1,OK,4,无可用尺码,皮卡,Chevrolet,C/K,1964,,,Regular,9,无可用尺码,4: Chevrolet C/K 1960-1986 Incl: DRW/Longhorn  Regular/Crew 6.5-9 无可用尺码
46,1,OK,4,无可用尺码,皮卡,Chevrolet,C/K,1965,,,Regular,6.5,无可用尺码,4: Chevrolet C/K 1960-1986 Incl: DRW/Longhorn  Regular/Crew 6.5-9 无可用尺码
47,1,OK,4,无可用尺码,皮卡,Chevrolet,C/K,1965,,,Regular,8,无可用尺码,4: Chevrolet C/K 1960-1986 Incl: DRW/Longhorn  Regular/Crew 6.5-9 无可用尺码
48,1,OK,4,无可用尺码,皮卡,Chevrolet,C/K,1965,,,Regular,9,无可用尺码,4: Chevrolet C/K 1960-1986 Incl: DRW/Longhorn  Regular/Crew 6.5-9 无可用尺码
49,1,OK,4,无可用尺码,皮卡,Chevrolet,C/K,1966,,,Regular,6.5,无可用尺码,4: Chevrolet C/K 1960-1986 Incl: DRW/Longhorn  Regular/Crew 6.5-9 无可用尺码
50,1,OK,4,无可用尺码,皮卡,Chevrolet,C/K,1966,,,Regular,8,无可用尺码,4: Chevrolet C/K 1960-1986 Incl: DRW/Longhorn  Regular/Crew 6.5-9 无可用尺码
51,1,OK,4,无可用尺码,皮卡,Chevrolet,C/K,1966,,,Regular,9,无可用尺码,4: Chevrolet C/K 1960-1986 Incl: DRW/Longhorn  Regular/Crew 6.5-9 无可用尺码
52,1,OK,4,无可用尺码,皮卡,Chevrolet,C/K,1967,,,Regular,6.5,无可用尺码,4: Chevrolet C/K 1960-1986 Incl: DRW/Longhorn  Regular/Crew 6.5-9 无可用尺码
53,1,OK,4,无可用尺码,皮卡,Chevrolet,C/K,1967,,,Regular,8,无可用尺码,4: Chevrolet C/K 1960-1986 Incl: DRW/Longhorn  Regular/Crew 6.5-9 无可用尺码
54,1,OK,4,无可用尺码,皮卡,Chevrolet,C/K,1967,,,Regular,9,无可用尺码,4: Chevrolet C/K 1960-1986 Incl: DRW/Longhorn  Regular/Crew 6.5-9 无可用尺码
55,1,OK,4,无可用尺码,皮卡,Chevrolet,C/K,1968,,,Regular,6.5,无可用尺码,4: Chevrolet C/K 1960-1986 Incl: DRW/Longhorn  Regular/Crew 6.5-9 无可用尺码
56,1,OK,4,无可用尺码,皮卡,Chevrolet,C/K,1968,,,Regular,8,无可用尺码,4: Chevrolet C/K 1960-1986 Incl: DRW/Longhorn  Regular/Crew 6.5-9 无可用尺码
57,1,OK,4,无可用尺码,皮卡,Chevrolet,C/K,1968,Longhorn,,Regular,8.5,无可用尺码,4: Chevrolet C/K 1960-1986 Incl: DRW/Longhorn  Regular/Crew 6.5-9 无可用尺码
58,1,OK,4,无可用尺码,皮卡,Chevrolet,C/K,1968,,,Regular,9,无可用尺码,4: Chevrolet C/K 1960-1986 Incl: DRW/Longhorn  Regular/Crew 6.5-9 无可用尺码
59,1,OK,4,无可用尺码,皮卡,Chevrolet,C/K,1969,,,Regular,6.5,无可用尺码,4: Chevrolet C/K 1960-1986 Incl: DRW/Longhorn  Regular/Crew 6.5-9 无可用尺码
60,1,OK,4,无可用尺码,皮卡,Chevrolet,C/K,1969,,,Regular,8,无可用尺码,4: Chevrolet C/K 1960-1986 Incl: DRW/Longhorn  Regular/Crew 6.5-9 无可用尺码
61,1,OK,4,无可用尺码,皮卡,Chevrolet,C/K,1969,Longhorn,,Regular,8.5,无可用尺码,4: Chevrolet C/K 1960-1986 Incl: DRW/Longhorn  Regular/Crew 6.5-9 无可用尺码
62,1,OK,4,无可用尺码,皮卡,Chevrolet,C/K,1969,,,Regular,9,无可用尺码,4: Chevrolet C/K 1960-1986 Incl: DRW/Longhorn  Regular/Crew 6.5-9 无可用尺码
63,1,OK,4,无可用尺码,皮卡,Chevrolet,C/K,1970,,,Regular,6.5,无可用尺码,4: Chevrolet C/K 1960-1986 Incl: DRW/Longhorn  Regular/Crew 6.5-9 无可用尺码
64,1,OK,4,无可用尺码,皮卡,Chevrolet,C/K,1970,,,Regular,8,无可用尺码,4: Chevrolet C/K 1960-1986 Incl: DRW/Longhorn  Regular/Crew 6.5-9 无可用尺码
65,1,OK,4,无可用尺码,皮卡,Chevrolet,C/K,1970,Longhorn,,Regular,8.5,无可用尺码,4: Chevrolet C/K 1960-1986 Incl: DRW/Longhorn  Regular/Crew 6.5-9 无可用尺码
66,1,OK,4,无可用尺码,皮卡,Chevrolet,C/K,1970,,,Regular,9,无可用尺码,4: Chevrolet C/K 1960-1986 Incl: DRW/Longhorn  Regular/Crew 6.5-9 无可用尺码
67,1,OK,4,无可用尺码,皮卡,Chevrolet,C/K,1971,,,Regular,6.5,无可用尺码,4: Chevrolet C/K 1960-1986 Incl: DRW/Longhorn  Regular/Crew 6.5-9 无可用尺码
68,1,OK,4,无可用尺码,皮卡,Chevrolet,C/K,1971,,,Regular,8,无可用尺码,4: Chevrolet C/K 1960-1986 Incl: DRW/Longhorn  Regular/Crew 6.5-9 无可用尺码
69,1,OK,4,无可用尺码,皮卡,Chevrolet,C/K,1971,Longhorn,,Regular,8.5,无可用尺码,4: Chevrolet C/K 1960-1986 Incl: DRW/Longhorn  Regular/Crew 6.5-9 无可用尺码
70,1,OK,4,无可用尺码,皮卡,Chevrolet,C/K,1971,,,Regular,9,无可用尺码,4: Chevrolet C/K 1960-1986 Incl: DRW/Longhorn  Regular/Crew 6.5-9 无可用尺码
71,1,OK,4,无可用尺码,皮卡,Chevrolet,C/K,1972,,,Regular,6.5,无可用尺码,4: Chevrolet C/K 1960-1986 Incl: DRW/Longhorn  Regular/Crew 6.5-9 无可用尺码
72,1,OK,4,无可用尺码,皮卡,Chevrolet,C/K,1972,,,Regular,8,无可用尺码,4: Chevrolet C/K 1960-1986 Incl: DRW/Longhorn  Regular/Crew 6.5-9 无可用尺码
73,1,OK,4,无可用尺码,皮卡,Chevrolet,C/K,1972,Longhorn,,Regular,8.5,无可用尺码,4: Chevrolet C/K 1960-1986 Incl: DRW/Longhorn  Regular/Crew 6.5-9 无可用尺码
74,1,OK,4,无可用尺码,皮卡,Chevrolet,C/K,1972,,,Regular,9,无可用尺码,4: Chevrolet C/K 1960-1986 Incl: DRW/Longhorn  Regular/Crew 6.5-9 无可用尺码
75,1,OK,4,无可用尺码,皮卡,Chevrolet,C/K,1973,,,Crew,8,无可用尺码,4: Chevrolet C/K 1960-1986 Incl: DRW/Longhorn  Regular/Crew 6.5-9 无可用尺码
76,1,OK,4,无可用尺码,皮卡,Chevrolet,C/K,1973,DRW,,Crew,8,无可用尺码,4: Chevrolet C/K 1960-1986 Incl: DRW/Longhorn  Regular/Crew 6.5-9 无可用尺码
77,1,OK,4,无可用尺码,皮卡,Chevrolet,C/K,1973,,,Regular,6.5,无可用尺码,4: Chevrolet C/K 1960-1986 Incl: DRW/Longhorn  Regular/Crew 6.5-9 无可用尺码
78,1,OK,4,无可用尺码,皮卡,Chevrolet,C/K,1973,,,Regular,8,无可用尺码,4: Chevrolet C/K 1960-1986 Incl: DRW/Longhorn  Regular/Crew 6.5-9 无可用尺码
79,1,OK,4,无可用尺码,皮卡,Chevrolet,C/K,1973,DRW,,Regular,8,无可用尺码,4: Chevrolet C/K 1960-1986 Incl: DRW/Longhorn  Regular/Crew 6.5-9 无可用尺码
80,1,OK,4,无可用尺码,皮卡,Chevrolet,C/K,1974,,,Crew,8,无可用尺码,4: Chevrolet C/K 1960-1986 Incl: DRW/Longhorn  Regular/Crew 6.5-9 无可用尺码
81,1,OK,4,无可用尺码,皮卡,Chevrolet,C/K,1974,DRW,,Crew,8,无可用尺码,4: Chevrolet C/K 1960-1986 Incl: DRW/Longhorn  Regular/Crew 6.5-9 无可用尺码
82,1,OK,4,无可用尺码,皮卡,Chevrolet,C/K,1974,,,Regular,6.5,无可用尺码,4: Chevrolet C/K 1960-1986 Incl: DRW/Longhorn  Regular/Crew 6.5-9 无可用尺码
83,1,OK,4,无可用尺码,皮卡,Chevrolet,C/K,1974,,,Regular,8,无可用尺码,4: Chevrolet C/K 1960-1986 Incl: DRW/Longhorn  Regular/Crew 6.5-9 无可用尺码
84,1,OK,4,无可用尺码,皮卡,Chevrolet,C/K,1974,DRW,,Regular,8,无可用尺码,4: Chevrolet C/K 1960-1986 Incl: DRW/Longhorn  Regular/Crew 6.5-9 无可用尺码
85,1,OK,4,无可用尺码,皮卡,Chevrolet,C/K,1975,,,Crew,8,无可用尺码,4: Chevrolet C/K 1960-1986 Incl: DRW/Longhorn  Regular/Crew 6.5-9 无可用尺码
86,1,OK,4,无可用尺码,皮卡,Chevrolet,C/K,1975,DRW,,Crew,8,无可用尺码,4: Chevrolet C/K 1960-1986 Incl: DRW/Longhorn  Regular/Crew 6.5-9 无可用尺码
87,1,OK,4,无可用尺码,皮卡,Chevrolet,C/K,1975,,,Regular,6.5,无可用尺码,4: Chevrolet C/K 1960-1986 Incl: DRW/Longhorn  Regular/Crew 6.5-9 无可用尺码
88,1,OK,4,无可用尺码,皮卡,Chevrolet,C/K,1975,,,Regular,8,无可用尺码,4: Chevrolet C/K 1960-1986 Incl: DRW/Longhorn  Regular/Crew 6.5-9 无可用尺码
89,1,OK,4,无可用尺码,皮卡,Chevrolet,C/K,1975,DRW,,Regular,8,无可用尺码,4: Chevrolet C/K 1960-1986 Incl: DRW/Longhorn  Regular/Crew 6.5-9 无可用尺码
90,1,OK,4,无可用尺码,皮卡,Chevrolet,C/K,1976,,,Crew,8,无可用尺码,4: Chevrolet C/K 1960-1986 Incl: DRW/Longhorn  Regular/Crew 6.5-9 无可用尺码
91,1,OK,4,无可用尺码,皮卡,Chevrolet,C/K,1976,DRW,,Crew,8,无可用尺码,4: Chevrolet C/K 1960-1986 Incl: DRW/Longhorn  Regular/Crew 6.5-9 无可用尺码
92,1,OK,4,无可用尺码,皮卡,Chevrolet,C/K,1976,,,Regular,6.5,无可用尺码,4: Chevrolet C/K 1960-1986 Incl: DRW/Longhorn  Regular/Crew 6.5-9 无可用尺码
93,1,OK,4,无可用尺码,皮卡,Chevrolet,C/K,1976,,,Regular,8,无可用尺码,4: Chevrolet C/K 1960-1986 Incl: DRW/Longhorn  Regular/Crew 6.5-9 无可用尺码
94,1,OK,4,无可用尺码,皮卡,Chevrolet,C/K,1976,DRW,,Regular,8,无可用尺码,4: Chevrolet C/K 1960-1986 Incl: DRW/Longhorn  Regular/Crew 6.5-9 无可用尺码
95,1,OK,4,无可用尺码,皮卡,Chevrolet,C/K,1977,,,Crew,8,无可用尺码,4: Chevrolet C/K 1960-1986 Incl: DRW/Longhorn  Regular/Crew 6.5-9 无可用尺码
96,1,OK,4,无可用尺码,皮卡,Chevrolet,C/K,1977,DRW,,Crew,8,无可用尺码,4: Chevrolet C/K 1960-1986 Incl: DRW/Longhorn  Regular/Crew 6.5-9 无可用尺码
97,1,OK,4,无可用尺码,皮卡,Chevrolet,C/K,1977,,,Regular,6.5,无可用尺码,4: Chevrolet C/K 1960-1986 Incl: DRW/Longhorn  Regular/Crew 6.5-9 无可用尺码
98,1,OK,4,无可用尺码,皮卡,Chevrolet,C/K,1977,,,Regular,8,无可用尺码,4: Chevrolet C/K 1960-1986 Incl: DRW/Longhorn  Regular/Crew 6.5-9 无可用尺码
99,1,OK,4,无可用尺码,皮卡,Chevrolet,C/K,1977,DRW,,Regular,8,无可用尺码,4: Chevrolet C/K 1960-1986 Incl: DRW/Longhorn  Regular/Crew 6.5-9 无可用尺码
100,1,OK,4,无可用尺码,皮卡,Chevrolet,C/K,1978,,,Crew,8,无可用尺码,4: Chevrolet C/K 1960-1986 Incl: DRW/Longhorn  Regular/Crew 6.5-9 无可用尺码
101,1,OK,4,无可用尺码,皮卡,Chevrolet,C/K,1978,DRW,,Crew,8,无可用尺码,4: Chevrolet C/K 1960-1986 Incl: DRW/Longhorn  Regular/Crew 6.5-9 无可用尺码
102,1,OK,4,无可用尺码,皮卡,Chevrolet,C/K,1978,,,Regular,6.5,无可用尺码,4: Chevrolet C/K 1960-1986 Incl: DRW/Longhorn  Regular/Crew 6.5-9 无可用尺码
103,1,OK,4,无可用尺码,皮卡,Chevrolet,C/K,1978,,,Regular,8,无可用尺码,4: Chevrolet C/K 1960-1986 Incl: DRW/Longhorn  Regular/Crew 6.5-9 无可用尺码
104,1,OK,4,无可用尺码,皮卡,Chevrolet,C/K,1978,DRW,,Regular,8,无可用尺码,4: Chevrolet C/K 1960-1986 Incl: DRW/Longhorn  Regular/Crew 6.5-9 无可用尺码
105,1,OK,4,无可用尺码,皮卡,Chevrolet,C/K,1979,,,Crew,8,无可用尺码,4: Chevrolet C/K 1960-1986 Incl: DRW/Longhorn  Regular/Crew 6.5-9 无可用尺码
106,1,OK,4,无可用尺码,皮卡,Chevrolet,C/K,1979,DRW,,Crew,8,无可用尺码,4: Chevrolet C/K 1960-1986 Incl: DRW/Longhorn  Regular/Crew 6.5-9 无可用尺码
107,1,OK,4,无可用尺码,皮卡,Chevrolet,C/K,1979,,,Regular,6.5,无可用尺码,4: Chevrolet C/K 1960-1986 Incl: DRW/Longhorn  Regular/Crew 6.5-9 无可用尺码
108,1,OK,4,无可用尺码,皮卡,Chevrolet,C/K,1979,,,Regular,8,无可用尺码,4: Chevrolet C/K 1960-1986 Incl: DRW/Longhorn  Regular/Crew 6.5-9 无可用尺码
109,1,OK,4,无可用尺码,皮卡,Chevrolet,C/K,1979,DRW,,Regular,8,无可用尺码,4: Chevrolet C/K 1960-1986 Incl: DRW/Longhorn  Regular/Crew 6.5-9 无可用尺码
110,1,OK,4,无可用尺码,皮卡,Chevrolet,C/K,1980,,,Crew,8,无可用尺码,4: Chevrolet C/K 1960-1986 Incl: DRW/Longhorn  Regular/Crew 6.5-9 无可用尺码
111,1,OK,4,无可用尺码,皮卡,Chevrolet,C/K,1980,DRW,,Crew,8,无可用尺码,4: Chevrolet C/K 1960-1986 Incl: DRW/Longhorn  Regular/Crew 6.5-9 无可用尺码
112,1,OK,4,无可用尺码,皮卡,Chevrolet,C/K,1980,,,Regular,6.5,无可用尺码,4: Chevrolet C/K 1960-1986 Incl: DRW/Longhorn  Regular/Crew 6.5-9 无可用尺码
113,1,OK,4,无可用尺码,皮卡,Chevrolet,C/K,1980,,,Regular,8,无可用尺码,4: Chevrolet C/K 1960-1986 Incl: DRW/Longhorn  Regular/Crew 6.5-9 无可用尺码
114,1,OK,4,无可用尺码,皮卡,Chevrolet,C/K,1980,DRW,,Regular,8,无可用尺码,4: Chevrolet C/K 1960-1986 Incl: DRW/Longhorn  Regular/Crew 6.5-9 无可用尺码
115,1,OK,4,无可用尺码,皮卡,Chevrolet,C/K,1981,,,Crew,8,无可用尺码,4: Chevrolet C/K 1960-1986 Incl: DRW/Longhorn  Regular/Crew 6.5-9 无可用尺码
116,1,OK,4,无可用尺码,皮卡,Chevrolet,C/K,1981,DRW,,Crew,8,无可用尺码,4: Chevrolet C/K 1960-1986 Incl: DRW/Longhorn  Regular/Crew 6.5-9 无可用尺码
117,1,OK,4,无可用尺码,皮卡,Chevrolet,C/K,1981,,,Regular,6.5,无可用尺码,4: Chevrolet C/K 1960-1986 Incl: DRW/Longhorn  Regular/Crew 6.5-9 无可用尺码
118,1,OK,4,无可用尺码,皮卡,Chevrolet,C/K,1981,,,Regular,8,无可用尺码,4: Chevrolet C/K 1960-1986 Incl: DRW/Longhorn  Regular/Crew 6.5-9 无可用尺码
119,1,OK,4,无可用尺码,皮卡,Chevrolet,C/K,1981,DRW,,Regular,8,无可用尺码,4: Chevrolet C/K 1960-1986 Incl: DRW/Longhorn  Regular/Crew 6.5-9 无可用尺码
120,1,OK,4,无可用尺码,皮卡,Chevrolet,C/K,1982,,,Crew,8,无可用尺码,4: Chevrolet C/K 1960-1986 Incl: DRW/Longhorn  Regular/Crew 6.5-9 无可用尺码
121,1,OK,4,无可用尺码,皮卡,Chevrolet,C/K,1982,DRW,,Crew,8,无可用尺码,4: Chevrolet C/K 1960-1986 Incl: DRW/Longhorn  Regular/Crew 6.5-9 无可用尺码
122,1,OK,4,无可用尺码,皮卡,Chevrolet,C/K,1982,,,Regular,6.5,无可用尺码,4: Chevrolet C/K 1960-1986 Incl: DRW/Longhorn  Regular/Crew 6.5-9 无可用尺码
123,1,OK,4,无可用尺码,皮卡,Chevrolet,C/K,1982,,,Regular,8,无可用尺码,4: Chevrolet C/K 1960-1986 Incl: DRW/Longhorn  Regular/Crew 6.5-9 无可用尺码
124,1,OK,4,无可用尺码,皮卡,Chevrolet,C/K,1982,DRW,,Regular,8,无可用尺码,4: Chevrolet C/K 1960-1986 Incl: DRW/Longhorn  Regular/Crew 6.5-9 无可用尺码
125,1,OK,4,无可用尺码,皮卡,Chevrolet,C/K,1983,,,Crew,8,无可用尺码,4: Chevrolet C/K 1960-1986 Incl: DRW/Longhorn  Regular/Crew 6.5-9 无可用尺码
126,1,OK,4,无可用尺码,皮卡,Chevrolet,C/K,1983,DRW,,Crew,8,无可用尺码,4: Chevrolet C/K 1960-1986 Incl: DRW/Longhorn  Regular/Crew 6.5-9 无可用尺码
127,1,OK,4,无可用尺码,皮卡,Chevrolet,C/K,1983,,,Regular,6.5,无可用尺码,4: Chevrolet C/K 1960-1986 Incl: DRW/Longhorn  Regular/Crew 6.5-9 无可用尺码
128,1,OK,4,无可用尺码,皮卡,Chevrolet,C/K,1983,,,Regular,8,无可用尺码,4: Chevrolet C/K 1960-1986 Incl: DRW/Longhorn  Regular/Crew 6.5-9 无可用尺码
129,1,OK,4,无可用尺码,皮卡,Chevrolet,C/K,1983,DRW,,Regular,8,无可用尺码,4: Chevrolet C/K 1960-1986 Incl: DRW/Longhorn  Regular/Crew 6.5-9 无可用尺码
130,1,OK,4,无可用尺码,皮卡,Chevrolet,C/K,1984,,,Crew,8,无可用尺码,4: Chevrolet C/K 1960-1986 Incl: DRW/Longhorn  Regular/Crew 6.5-9 无可用尺码
131,1,OK,4,无可用尺码,皮卡,Chevrolet,C/K,1984,DRW,,Crew,8,无可用尺码,4: Chevrolet C/K 1960-1986 Incl: DRW/Longhorn  Regular/Crew 6.5-9 无可用尺码
132,1,OK,4,无可用尺码,皮卡,Chevrolet,C/K,1984,,,Regular,6.5,无可用尺码,4: Chevrolet C/K 1960-1986 Incl: DRW/Longhorn  Regular/Crew 6.5-9 无可用尺码
133,1,OK,4,无可用尺码,皮卡,Chevrolet,C/K,1984,,,Regular,8,无可用尺码,4: Chevrolet C/K 1960-1986 Incl: DRW/Longhorn  Regular/Crew 6.5-9 无可用尺码
134,1,OK,4,无可用尺码,皮卡,Chevrolet,C/K,1984,DRW,,Regular,8,无可用尺码,4: Chevrolet C/K 1960-1986 Incl: DRW/Longhorn  Regular/Crew 6.5-9 无可用尺码
135,1,OK,4,无可用尺码,皮卡,Chevrolet,C/K,1985,,,Crew,8,无可用尺码,4: Chevrolet C/K 1960-1986 Incl: DRW/Longhorn  Regular/Crew 6.5-9 无可用尺码
136,1,OK,4,无可用尺码,皮卡,Chevrolet,C/K,1985,DRW,,Crew,8,无可用尺码,4: Chevrolet C/K 1960-1986 Incl: DRW/Longhorn  Regular/Crew 6.5-9 无可用尺码
137,1,OK,4,无可用尺码,皮卡,Chevrolet,C/K,1985,,,Regular,6.5,无可用尺码,4: Chevrolet C/K 1960-1986 Incl: DRW/Longhorn  Regular/Crew 6.5-9 无可用尺码
138,1,OK,4,无可用尺码,皮卡,Chevrolet,C/K,1985,,,Regular,8,无可用尺码,4: Chevrolet C/K 1960-1986 Incl: DRW/Longhorn  Regular/Crew 6.5-9 无可用尺码
139,1,OK,4,无可用尺码,皮卡,Chevrolet,C/K,1985,DRW,,Regular,8,无可用尺码,4: Chevrolet C/K 1960-1986 Incl: DRW/Longhorn  Regular/Crew 6.5-9 无可用尺码
140,1,OK,4,无可用尺码,皮卡,Chevrolet,C/K,1986,,,Crew,8,无可用尺码,4: Chevrolet C/K 1960-1986 Incl: DRW/Longhorn  Regular/Crew 6.5-9 无可用尺码
141,1,OK,4,无可用尺码,皮卡,Chevrolet,C/K,1986,DRW,,Crew,8,无可用尺码,4: Chevrolet C/K 1960-1986 Incl: DRW/Longhorn  Regular/Crew 6.5-9 无可用尺码
142,1,OK,4,无可用尺码,皮卡,Chevrolet,C/K,1986,,,Regular,6.5,无可用尺码,4: Chevrolet C/K 1960-1986 Incl: DRW/Longhorn  Regular/Crew 6.5-9 无可用尺码
143,1,OK,4,无可用尺码,皮卡,Chevrolet,C/K,1986,,,Regular,8,无可用尺码,4: Chevrolet C/K 1960-1986 Incl: DRW/Longhorn  Regular/Crew 6.5-9 无可用尺码
144,1,OK,4,无可用尺码,皮卡,Chevrolet,C/K,1986,DRW,,Regular,8,无可用尺码,4: Chevrolet C/K 1960-1986 Incl: DRW/Longhorn  Regular/Crew 6.5-9 无可用尺码
145,1,OK,6,无可用尺码,皮卡,Chevrolet,C/K,1987,R/V,,Crew,8,无可用尺码,6: Chevrolet C/K 1987-1998 Incl: R/V/R/V DRW  Crew/Extended 6.5-8 无可用尺码
146,1,OK,6,无可用尺码,皮卡,Chevrolet,C/K,1987,R/V DRW,,Crew,8,无可用尺码,6: Chevrolet C/K 1987-1998 Incl: R/V/R/V DRW  Crew/Extended 6.5-8 无可用尺码
147,1,OK,5,无可用尺码,皮卡,Chevrolet,C/K,1987,R/V,,Regular,6.5,无可用尺码,5: Chevrolet C/K 1987-1998 DRW/R/V/R/V DRW  Regular/Extended 6.5-8 无可用尺码
148,1,OK,5,无可用尺码,皮卡,Chevrolet,C/K,1987,R/V,,Regular,8,无可用尺码,5: Chevrolet C/K 1987-1998 DRW/R/V/R/V DRW  Regular/Extended 6.5-8 无可用尺码
149,1,OK,5,无可用尺码,皮卡,Chevrolet,C/K,1987,R/V DRW,,Regular,8,无可用尺码,5: Chevrolet C/K 1987-1998 DRW/R/V/R/V DRW  Regular/Extended 6.5-8 无可用尺码
150,1,OK,6,无可用尺码,皮卡,Chevrolet,C/K,1988,R/V,,Crew,8,无可用尺码,6: Chevrolet C/K 1987-1998 Incl: R/V/R/V DRW  Crew/Extended 6.5-8 无可用尺码
151,1,OK,6,无可用尺码,皮卡,Chevrolet,C/K,1988,R/V DRW,,Crew,8,无可用尺码,6: Chevrolet C/K 1987-1998 Incl: R/V/R/V DRW  Crew/Extended 6.5-8 无可用尺码
152,1,OK,6,无可用尺码,皮卡,Chevrolet,C/K,1988,,,Extended,8,无可用尺码,6: Chevrolet C/K 1987-1998 Incl: R/V/R/V DRW  Crew/Extended 6.5-8 无可用尺码
153,1,OK,5,无可用尺码,皮卡,Chevrolet,C/K,1988,DRW,,Extended,8,无可用尺码,5: Chevrolet C/K 1987-1998 DRW/R/V/R/V DRW  Regular/Extended 6.5-8 无可用尺码
154,1,OK,7,无可用尺码,皮卡,Chevrolet,C/K,1988,,,Regular,6.5,无可用尺码,7: Chevrolet C/K 1988-2000 Incl: Classic/Classic DRW  Regular 6.5-8 无可用尺码
155,1,OK,5,无可用尺码,皮卡,Chevrolet,C/K,1988,R/V,,Regular,6.5,无可用尺码,5: Chevrolet C/K 1987-1998 DRW/R/V/R/V DRW  Regular/Extended 6.5-8 无可用尺码
156,1,OK,7,无可用尺码,皮卡,Chevrolet,C/K,1988,,,Regular,8,无可用尺码,7: Chevrolet C/K 1988-2000 Incl: Classic/Classic DRW  Regular 6.5-8 无可用尺码
157,1,OK,5,无可用尺码,皮卡,Chevrolet,C/K,1988,DRW,,Regular,8,无可用尺码,5: Chevrolet C/K 1987-1998 DRW/R/V/R/V DRW  Regular/Extended 6.5-8 无可用尺码
158,1,OK,5,无可用尺码,皮卡,Chevrolet,C/K,1988,R/V,,Regular,8,无可用尺码,5: Chevrolet C/K 1987-1998 DRW/R/V/R/V DRW  Regular/Extended 6.5-8 无可用尺码
159,1,OK,5,无可用尺码,皮卡,Chevrolet,C/K,1988,R/V DRW,,Regular,8,无可用尺码,5: Chevrolet C/K 1987-1998 DRW/R/V/R/V DRW  Regular/Extended 6.5-8 无可用尺码
160,1,OK,6,无可用尺码,皮卡,Chevrolet,C/K,1989,R/V,,Crew,8,无可用尺码,6: Chevrolet C/K 1987-1998 Incl: R/V/R/V DRW  Crew/Extended 6.5-8 无可用尺码
161,1,OK,6,无可用尺码,皮卡,Chevrolet,C/K,1989,R/V DRW,,Crew,8,无可用尺码,6: Chevrolet C/K 1987-1998 Incl: R/V/R/V DRW  Crew/Extended 6.5-8 无可用尺码
162,1,OK,6,无可用尺码,皮卡,Chevrolet,C/K,1989,,,Extended,6.5,无可用尺码,6: Chevrolet C/K 1987-1998 Incl: R/V/R/V DRW  Crew/Extended 6.5-8 无可用尺码
163,1,OK,6,无可用尺码,皮卡,Chevrolet,C/K,1989,,,Extended,8,无可用尺码,6: Chevrolet C/K 1987-1998 Incl: R/V/R/V DRW  Crew/Extended 6.5-8 无可用尺码
164,1,OK,5,无可用尺码,皮卡,Chevrolet,C/K,1989,DRW,,Extended,8,无可用尺码,5: Chevrolet C/K 1987-1998 DRW/R/V/R/V DRW  Regular/Extended 6.5-8 无可用尺码
165,1,OK,7,无可用尺码,皮卡,Chevrolet,C/K,1989,,,Regular,6.5,无可用尺码,7: Chevrolet C/K 1988-2000 Incl: Classic/Classic DRW  Regular 6.5-8 无可用尺码
166,1,OK,7,无可用尺码,皮卡,Chevrolet,C/K,1989,,,Regular,8,无可用尺码,7: Chevrolet C/K 1988-2000 Incl: Classic/Classic DRW  Regular 6.5-8 无可用尺码
167,1,OK,5,无可用尺码,皮卡,Chevrolet,C/K,1989,DRW,,Regular,8,无可用尺码,5: Chevrolet C/K 1987-1998 DRW/R/V/R/V DRW  Regular/Extended 6.5-8 无可用尺码
168,1,OK,6,无可用尺码,皮卡,Chevrolet,C/K,1990,R/V,,Crew,8,无可用尺码,6: Chevrolet C/K 1987-1998 Incl: R/V/R/V DRW  Crew/Extended 6.5-8 无可用尺码
169,1,OK,6,无可用尺码,皮卡,Chevrolet,C/K,1990,R/V DRW,,Crew,8,无可用尺码,6: Chevrolet C/K 1987-1998 Incl: R/V/R/V DRW  Crew/Extended 6.5-8 无可用尺码
170,1,OK,6,无可用尺码,皮卡,Chevrolet,C/K,1990,,,Extended,6.5,无可用尺码,6: Chevrolet C/K 1987-1998 Incl: R/V/R/V DRW  Crew/Extended 6.5-8 无可用尺码
171,1,OK,6,无可用尺码,皮卡,Chevrolet,C/K,1990,,,Extended,8,无可用尺码,6: Chevrolet C/K 1987-1998 Incl: R/V/R/V DRW  Crew/Extended 6.5-8 无可用尺码
172,1,OK,5,无可用尺码,皮卡,Chevrolet,C/K,1990,DRW,,Extended,8,无可用尺码,5: Chevrolet C/K 1987-1998 DRW/R/V/R/V DRW  Regular/Extended 6.5-8 无可用尺码
173,1,OK,7,无可用尺码,皮卡,Chevrolet,C/K,1990,,,Regular,6.5,无可用尺码,7: Chevrolet C/K 1988-2000 Incl: Classic/Classic DRW  Regular 6.5-8 无可用尺码
174,1,OK,7,无可用尺码,皮卡,Chevrolet,C/K,1990,,,Regular,8,无可用尺码,7: Chevrolet C/K 1988-2000 Incl: Classic/Classic DRW  Regular 6.5-8 无可用尺码
175,1,OK,5,无可用尺码,皮卡,Chevrolet,C/K,1990,DRW,,Regular,8,无可用尺码,5: Chevrolet C/K 1987-1998 DRW/R/V/R/V DRW  Regular/Extended 6.5-8 无可用尺码
176,1,OK,6,无可用尺码,皮卡,Chevrolet,C/K,1991,R/V,,Crew,8,无可用尺码,6: Chevrolet C/K 1987-1998 Incl: R/V/R/V DRW  Crew/Extended 6.5-8 无可用尺码
177,1,OK,6,无可用尺码,皮卡,Chevrolet,C/K,1991,R/V DRW,,Crew,8,无可用尺码,6: Chevrolet C/K 1987-1998 Incl: R/V/R/V DRW  Crew/Extended 6.5-8 无可用尺码
178,1,OK,6,无可用尺码,皮卡,Chevrolet,C/K,1991,,,Extended,6.5,无可用尺码,6: Chevrolet C/K 1987-1998 Incl: R/V/R/V DRW  Crew/Extended 6.5-8 无可用尺码
179,1,OK,6,无可用尺码,皮卡,Chevrolet,C/K,1991,,,Extended,8,无可用尺码,6: Chevrolet C/K 1987-1998 Incl: R/V/R/V DRW  Crew/Extended 6.5-8 无可用尺码
180,1,OK,5,无可用尺码,皮卡,Chevrolet,C/K,1991,DRW,,Extended,8,无可用尺码,5: Chevrolet C/K 1987-1998 DRW/R/V/R/V DRW  Regular/Extended 6.5-8 无可用尺码
181,1,OK,7,无可用尺码,皮卡,Chevrolet,C/K,1991,,,Regular,6.5,无可用尺码,7: Chevrolet C/K 1988-2000 Incl: Classic/Classic DRW  Regular 6.5-8 无可用尺码
182,1,OK,7,无可用尺码,皮卡,Chevrolet,C/K,1991,,,Regular,8,无可用尺码,7: Chevrolet C/K 1988-2000 Incl: Classic/Classic DRW  Regular 6.5-8 无可用尺码
183,1,OK,5,无可用尺码,皮卡,Chevrolet,C/K,1991,DRW,,Regular,8,无可用尺码,5: Chevrolet C/K 1987-1998 DRW/R/V/R/V DRW  Regular/Extended 6.5-8 无可用尺码
184,1,OK,6,无可用尺码,皮卡,Chevrolet,C/K,1992,,,Crew,8,无可用尺码,6: Chevrolet C/K 1987-1998 Incl: R/V/R/V DRW  Crew/Extended 6.5-8 无可用尺码
185,1,OK,8,无可用尺码,皮卡,Chevrolet,C/K,1992,DRW,,Crew,8,无可用尺码,8: Chevrolet C/K 1992-2000 Classic/Classic DRW/DRW  Crew 6.5-8 无可用尺码
186,1,OK,6,无可用尺码,皮卡,Chevrolet,C/K,1992,,,Extended,6.5,无可用尺码,6: Chevrolet C/K 1987-1998 Incl: R/V/R/V DRW  Crew/Extended 6.5-8 无可用尺码
187,1,OK,6,无可用尺码,皮卡,Chevrolet,C/K,1992,,,Extended,8,无可用尺码,6: Chevrolet C/K 1987-1998 Incl: R/V/R/V DRW  Crew/Extended 6.5-8 无可用尺码
188,1,OK,5,无可用尺码,皮卡,Chevrolet,C/K,1992,DRW,,Extended,8,无可用尺码,5: Chevrolet C/K 1987-1998 DRW/R/V/R/V DRW  Regular/Extended 6.5-8 无可用尺码
189,1,OK,7,无可用尺码,皮卡,Chevrolet,C/K,1992,,,Regular,6.5,无可用尺码,7: Chevrolet C/K 1988-2000 Incl: Classic/Classic DRW  Regular 6.5-8 无可用尺码
190,1,OK,7,无可用尺码,皮卡,Chevrolet,C/K,1992,,,Regular,8,无可用尺码,7: Chevrolet C/K 1988-2000 Incl: Classic/Classic DRW  Regular 6.5-8 无可用尺码
191,1,OK,5,无可用尺码,皮卡,Chevrolet,C/K,1992,DRW,,Regular,8,无可用尺码,5: Chevrolet C/K 1987-1998 DRW/R/V/R/V DRW  Regular/Extended 6.5-8 无可用尺码
192,1,OK,6,无可用尺码,皮卡,Chevrolet,C/K,1993,,,Crew,8,无可用尺码,6: Chevrolet C/K 1987-1998 Incl: R/V/R/V DRW  Crew/Extended 6.5-8 无可用尺码
193,1,OK,8,无可用尺码,皮卡,Chevrolet,C/K,1993,DRW,,Crew,8,无可用尺码,8: Chevrolet C/K 1992-2000 Classic/Classic DRW/DRW  Crew 6.5-8 无可用尺码
194,1,OK,6,无可用尺码,皮卡,Chevrolet,C/K,1993,,,Extended,6.5,无可用尺码,6: Chevrolet C/K 1987-1998 Incl: R/V/R/V DRW  Crew/Extended 6.5-8 无可用尺码
195,1,OK,6,无可用尺码,皮卡,Chevrolet,C/K,1993,,,Extended,8,无可用尺码,6: Chevrolet C/K 1987-1998 Incl: R/V/R/V DRW  Crew/Extended 6.5-8 无可用尺码
196,1,OK,5,无可用尺码,皮卡,Chevrolet,C/K,1993,DRW,,Extended,8,无可用尺码,5: Chevrolet C/K 1987-1998 DRW/R/V/R/V DRW  Regular/Extended 6.5-8 无可用尺码
197,1,OK,7,无可用尺码,皮卡,Chevrolet,C/K,1993,,,Regular,6.5,无可用尺码,7: Chevrolet C/K 1988-2000 Incl: Classic/Classic DRW  Regular 6.5-8 无可用尺码
198,1,OK,7,无可用尺码,皮卡,Chevrolet,C/K,1993,,,Regular,8,无可用尺码,7: Chevrolet C/K 1988-2000 Incl: Classic/Classic DRW  Regular 6.5-8 无可用尺码
199,1,OK,5,无可用尺码,皮卡,Chevrolet,C/K,1993,DRW,,Regular,8,无可用尺码,5: Chevrolet C/K 1987-1998 DRW/R/V/R/V DRW  Regular/Extended 6.5-8 无可用尺码
200,1,OK,6,无可用尺码,皮卡,Chevrolet,C/K,1994,,,Crew,8,无可用尺码,6: Chevrolet C/K 1987-1998 Incl: R/V/R/V DRW  Crew/Extended 6.5-8 无可用尺码
201,1,OK,8,无可用尺码,皮卡,Chevrolet,C/K,1994,DRW,,Crew,8,无可用尺码,8: Chevrolet C/K 1992-2000 Classic/Classic DRW/DRW  Crew 6.5-8 无可用尺码
202,1,OK,6,无可用尺码,皮卡,Chevrolet,C/K,1994,,,Extended,6.5,无可用尺码,6: Chevrolet C/K 1987-1998 Incl: R/V/R/V DRW  Crew/Extended 6.5-8 无可用尺码
203,1,OK,6,无可用尺码,皮卡,Chevrolet,C/K,1994,,,Extended,8,无可用尺码,6: Chevrolet C/K 1987-1998 Incl: R/V/R/V DRW  Crew/Extended 6.5-8 无可用尺码
204,1,OK,5,无可用尺码,皮卡,Chevrolet,C/K,1994,DRW,,Extended,8,无可用尺码,5: Chevrolet C/K 1987-1998 DRW/R/V/R/V DRW  Regular/Extended 6.5-8 无可用尺码
205,1,OK,7,无可用尺码,皮卡,Chevrolet,C/K,1994,,,Regular,6.5,无可用尺码,7: Chevrolet C/K 1988-2000 Incl: Classic/Classic DRW  Regular 6.5-8 无可用尺码
206,1,OK,7,无可用尺码,皮卡,Chevrolet,C/K,1994,,,Regular,8,无可用尺码,7: Chevrolet C/K 1988-2000 Incl: Classic/Classic DRW  Regular 6.5-8 无可用尺码
207,1,OK,5,无可用尺码,皮卡,Chevrolet,C/K,1994,DRW,,Regular,8,无可用尺码,5: Chevrolet C/K 1987-1998 DRW/R/V/R/V DRW  Regular/Extended 6.5-8 无可用尺码
208,1,OK,6,无可用尺码,皮卡,Chevrolet,C/K,1995,,,Crew,8,无可用尺码,6: Chevrolet C/K 1987-1998 Incl: R/V/R/V DRW  Crew/Extended 6.5-8 无可用尺码
209,1,OK,8,无可用尺码,皮卡,Chevrolet,C/K,1995,DRW,,Crew,8,无可用尺码,8: Chevrolet C/K 1992-2000 Classic/Classic DRW/DRW  Crew 6.5-8 无可用尺码
210,1,OK,6,无可用尺码,皮卡,Chevrolet,C/K,1995,,,Extended,6.5,无可用尺码,6: Chevrolet C/K 1987-1998 Incl: R/V/R/V DRW  Crew/Extended 6.5-8 无可用尺码
211,1,OK,6,无可用尺码,皮卡,Chevrolet,C/K,1995,,,Extended,8,无可用尺码,6: Chevrolet C/K 1987-1998 Incl: R/V/R/V DRW  Crew/Extended 6.5-8 无可用尺码
212,1,OK,5,无可用尺码,皮卡,Chevrolet,C/K,1995,DRW,,Extended,8,无可用尺码,5: Chevrolet C/K 1987-1998 DRW/R/V/R/V DRW  Regular/Extended 6.5-8 无可用尺码
213,1,OK,7,无可用尺码,皮卡,Chevrolet,C/K,1995,,,Regular,6.5,无可用尺码,7: Chevrolet C/K 1988-2000 Incl: Classic/Classic DRW  Regular 6.5-8 无可用尺码
214,1,OK,7,无可用尺码,皮卡,Chevrolet,C/K,1995,,,Regular,8,无可用尺码,7: Chevrolet C/K 1988-2000 Incl: Classic/Classic DRW  Regular 6.5-8 无可用尺码
215,1,OK,5,无可用尺码,皮卡,Chevrolet,C/K,1995,DRW,,Regular,8,无可用尺码,5: Chevrolet C/K 1987-1998 DRW/R/V/R/V DRW  Regular/Extended 6.5-8 无可用尺码
216,1,OK,6,无可用尺码,皮卡,Chevrolet,C/K,1996,,,Crew,8,无可用尺码,6: Chevrolet C/K 1987-1998 Incl: R/V/R/V DRW  Crew/Extended 6.5-8 无可用尺码
217,1,OK,8,无可用尺码,皮卡,Chevrolet,C/K,1996,DRW,,Crew,8,无可用尺码,8: Chevrolet C/K 1992-2000 Classic/Classic DRW/DRW  Crew 6.5-8 无可用尺码
218,1,OK,6,无可用尺码,皮卡,Chevrolet,C/K,1996,,,Extended,6.5,无可用尺码,6: Chevrolet C/K 1987-1998 Incl: R/V/R/V DRW  Crew/Extended 6.5-8 无可用尺码
219,1,OK,6,无可用尺码,皮卡,Chevrolet,C/K,1996,,,Extended,8,无可用尺码,6: Chevrolet C/K 1987-1998 Incl: R/V/R/V DRW  Crew/Extended 6.5-8 无可用尺码
220,1,OK,5,无可用尺码,皮卡,Chevrolet,C/K,1996,DRW,,Extended,8,无可用尺码,5: Chevrolet C/K 1987-1998 DRW/R/V/R/V DRW  Regular/Extended 6.5-8 无可用尺码
221,1,OK,7,无可用尺码,皮卡,Chevrolet,C/K,1996,,,Regular,6.5,无可用尺码,7: Chevrolet C/K 1988-2000 Incl: Classic/Classic DRW  Regular 6.5-8 无可用尺码
222,1,OK,7,无可用尺码,皮卡,Chevrolet,C/K,1996,,,Regular,8,无可用尺码,7: Chevrolet C/K 1988-2000 Incl: Classic/Classic DRW  Regular 6.5-8 无可用尺码
223,1,OK,5,无可用尺码,皮卡,Chevrolet,C/K,1996,DRW,,Regular,8,无可用尺码,5: Chevrolet C/K 1987-1998 DRW/R/V/R/V DRW  Regular/Extended 6.5-8 无可用尺码
224,1,OK,6,无可用尺码,皮卡,Chevrolet,C/K,1997,,,Crew,8,无可用尺码,6: Chevrolet C/K 1987-1998 Incl: R/V/R/V DRW  Crew/Extended 6.5-8 无可用尺码
225,1,OK,8,无可用尺码,皮卡,Chevrolet,C/K,1997,DRW,,Crew,8,无可用尺码,8: Chevrolet C/K 1992-2000 Classic/Classic DRW/DRW  Crew 6.5-8 无可用尺码
226,1,OK,6,无可用尺码,皮卡,Chevrolet,C/K,1997,,,Extended,6.5,无可用尺码,6: Chevrolet C/K 1987-1998 Incl: R/V/R/V DRW  Crew/Extended 6.5-8 无可用尺码
227,1,OK,6,无可用尺码,皮卡,Chevrolet,C/K,1997,,,Extended,8,无可用尺码,6: Chevrolet C/K 1987-1998 Incl: R/V/R/V DRW  Crew/Extended 6.5-8 无可用尺码
228,1,OK,5,无可用尺码,皮卡,Chevrolet,C/K,1997,DRW,,Extended,8,无可用尺码,5: Chevrolet C/K 1987-1998 DRW/R/V/R/V DRW  Regular/Extended 6.5-8 无可用尺码
229,1,OK,7,无可用尺码,皮卡,Chevrolet,C/K,1997,,,Regular,6.5,无可用尺码,7: Chevrolet C/K 1988-2000 Incl: Classic/Classic DRW  Regular 6.5-8 无可用尺码
230,1,OK,7,无可用尺码,皮卡,Chevrolet,C/K,1997,,,Regular,8,无可用尺码,7: Chevrolet C/K 1988-2000 Incl: Classic/Classic DRW  Regular 6.5-8 无可用尺码
231,1,OK,5,无可用尺码,皮卡,Chevrolet,C/K,1997,DRW,,Regular,8,无可用尺码,5: Chevrolet C/K 1987-1998 DRW/R/V/R/V DRW  Regular/Extended 6.5-8 无可用尺码
232,1,OK,6,无可用尺码,皮卡,Chevrolet,C/K,1998,,,Crew,8,无可用尺码,6: Chevrolet C/K 1987-1998 Incl: R/V/R/V DRW  Crew/Extended 6.5-8 无可用尺码
233,1,OK,8,无可用尺码,皮卡,Chevrolet,C/K,1998,DRW,,Crew,8,无可用尺码,8: Chevrolet C/K 1992-2000 Classic/Classic DRW/DRW  Crew 6.5-8 无可用尺码
234,1,OK,6,无可用尺码,皮卡,Chevrolet,C/K,1998,,,Extended,6.5,无可用尺码,6: Chevrolet C/K 1987-1998 Incl: R/V/R/V DRW  Crew/Extended 6.5-8 无可用尺码
235,1,OK,6,无可用尺码,皮卡,Chevrolet,C/K,1998,,,Extended,8,无可用尺码,6: Chevrolet C/K 1987-1998 Incl: R/V/R/V DRW  Crew/Extended 6.5-8 无可用尺码
236,1,OK,5,无可用尺码,皮卡,Chevrolet,C/K,1998,DRW,,Extended,8,无可用尺码,5: Chevrolet C/K 1987-1998 DRW/R/V/R/V DRW  Regular/Extended 6.5-8 无可用尺码
237,1,OK,7,无可用尺码,皮卡,Chevrolet,C/K,1998,,,Regular,6.5,无可用尺码,7: Chevrolet C/K 1988-2000 Incl: Classic/Classic DRW  Regular 6.5-8 无可用尺码
238,1,OK,7,无可用尺码,皮卡,Chevrolet,C/K,1998,,,Regular,8,无可用尺码,7: Chevrolet C/K 1988-2000 Incl: Classic/Classic DRW  Regular 6.5-8 无可用尺码
239,1,OK,5,无可用尺码,皮卡,Chevrolet,C/K,1998,DRW,,Regular,8,无可用尺码,5: Chevrolet C/K 1987-1998 DRW/R/V/R/V DRW  Regular/Extended 6.5-8 无可用尺码
240,1,OK,8,无可用尺码,皮卡,Chevrolet,C/K,1999,Classic,,Crew,6.5,无可用尺码,8: Chevrolet C/K 1992-2000 Classic/Classic DRW/DRW  Crew 6.5-8 无可用尺码
241,1,OK,8,无可用尺码,皮卡,Chevrolet,C/K,1999,Classic DRW,,Crew,6.5,无可用尺码,8: Chevrolet C/K 1992-2000 Classic/Classic DRW/DRW  Crew 6.5-8 无可用尺码
242,1,OK,8,无可用尺码,皮卡,Chevrolet,C/K,1999,Classic,,Crew,8,无可用尺码,8: Chevrolet C/K 1992-2000 Classic/Classic DRW/DRW  Crew 6.5-8 无可用尺码
243,1,OK,8,无可用尺码,皮卡,Chevrolet,C/K,1999,Classic DRW,,Crew,8,无可用尺码,8: Chevrolet C/K 1992-2000 Classic/Classic DRW/DRW  Crew 6.5-8 无可用尺码
244,1,OK,8,无可用尺码,皮卡,Chevrolet,C/K,1999,DRW,,Crew,8,无可用尺码,8: Chevrolet C/K 1992-2000 Classic/Classic DRW/DRW  Crew 6.5-8 无可用尺码
245,1,OK,9,无可用尺码,皮卡,Chevrolet,C/K,1999,Classic,,Extended,6.5,无可用尺码,9: Chevrolet C/K 1999-2000 Classic/Classic DRW  Extended 6.5-8 无可用尺码
246,1,OK,9,无可用尺码,皮卡,Chevrolet,C/K,1999,Classic,,Extended,8,无可用尺码,9: Chevrolet C/K 1999-2000 Classic/Classic DRW  Extended 6.5-8 无可用尺码
247,1,OK,9,无可用尺码,皮卡,Chevrolet,C/K,1999,Classic DRW,,Extended,8,无可用尺码,9: Chevrolet C/K 1999-2000 Classic/Classic DRW  Extended 6.5-8 无可用尺码
248,1,OK,7,无可用尺码,皮卡,Chevrolet,C/K,1999,Classic,,Regular,8,无可用尺码,7: Chevrolet C/K 1988-2000 Incl: Classic/Classic DRW  Regular 6.5-8 无可用尺码
249,1,OK,7,无可用尺码,皮卡,Chevrolet,C/K,1999,Classic DRW,,Regular,8,无可用尺码,7: Chevrolet C/K 1988-2000 Incl: Classic/Classic DRW  Regular 6.5-8 无可用尺码
250,1,OK,8,无可用尺码,皮卡,Chevrolet,C/K,2000,Classic,,Crew,6.5,无可用尺码,8: Chevrolet C/K 1992-2000 Classic/Classic DRW/DRW  Crew 6.5-8 无可用尺码
251,1,OK,8,无可用尺码,皮卡,Chevrolet,C/K,2000,Classic DRW,,Crew,6.5,无可用尺码,8: Chevrolet C/K 1992-2000 Classic/Classic DRW/DRW  Crew 6.5-8 无可用尺码
252,1,OK,8,无可用尺码,皮卡,Chevrolet,C/K,2000,Classic,,Crew,8,无可用尺码,8: Chevrolet C/K 1992-2000 Classic/Classic DRW/DRW  Crew 6.5-8 无可用尺码
253,1,OK,8,无可用尺码,皮卡,Chevrolet,C/K,2000,Classic DRW,,Crew,8,无可用尺码,8: Chevrolet C/K 1992-2000 Classic/Classic DRW/DRW  Crew 6.5-8 无可用尺码
254,1,OK,8,无可用尺码,皮卡,Chevrolet,C/K,2000,DRW,,Crew,8,无可用尺码,8: Chevrolet C/K 1992-2000 Classic/Classic DRW/DRW  Crew 6.5-8 无可用尺码
255,1,OK,9,无可用尺码,皮卡,Chevrolet,C/K,2000,Classic,,Extended,8,无可用尺码,9: Chevrolet C/K 1999-2000 Classic/Classic DRW  Extended 6.5-8 无可用尺码
256,1,OK,9,无可用尺码,皮卡,Chevrolet,C/K,2000,Classic DRW,,Extended,8,无可用尺码,9: Chevrolet C/K 1999-2000 Classic/Classic DRW  Extended 6.5-8 无可用尺码
257,1,OK,7,无可用尺码,皮卡,Chevrolet,C/K,2000,Classic,,Regular,8,无可用尺码,7: Chevrolet C/K 1988-2000 Incl: Classic/Classic DRW  Regular 6.5-8 无可用尺码
258,1,OK,7,无可用尺码,皮卡,Chevrolet,C/K,2000,Classic DRW,,Regular,8,无可用尺码,7: Chevrolet C/K 1988-2000 Incl: Classic/Classic DRW  Regular 6.5-8 无可用尺码
259,1,OK,10,无可用尺码,皮卡,Chevrolet,Colorado,2004,,,Crew,5,无可用尺码,10: Chevrolet Colorado 2004-2026 Incl: ZR2  Crew/Extended/Regular 5-6 无可用尺码
260,1,OK,10,无可用尺码,皮卡,Chevrolet,Colorado,2004,,,Extended,6,无可用尺码,10: Chevrolet Colorado 2004-2026 Incl: ZR2  Crew/Extended/Regular 5-6 无可用尺码
261,1,OK,10,无可用尺码,皮卡,Chevrolet,Colorado,2004,,,Regular,6,无可用尺码,10: Chevrolet Colorado 2004-2026 Incl: ZR2  Crew/Extended/Regular 5-6 无可用尺码
262,1,OK,10,无可用尺码,皮卡,Chevrolet,Colorado,2005,,,Crew,5,无可用尺码,10: Chevrolet Colorado 2004-2026 Incl: ZR2  Crew/Extended/Regular 5-6 无可用尺码
263,1,OK,10,无可用尺码,皮卡,Chevrolet,Colorado,2005,,,Extended,6,无可用尺码,10: Chevrolet Colorado 2004-2026 Incl: ZR2  Crew/Extended/Regular 5-6 无可用尺码
264,1,OK,10,无可用尺码,皮卡,Chevrolet,Colorado,2005,,,Regular,6,无可用尺码,10: Chevrolet Colorado 2004-2026 Incl: ZR2  Crew/Extended/Regular 5-6 无可用尺码
265,1,OK,10,无可用尺码,皮卡,Chevrolet,Colorado,2006,,,Extended,6,无可用尺码,10: Chevrolet Colorado 2004-2026 Incl: ZR2  Crew/Extended/Regular 5-6 无可用尺码
266,1,OK,10,无可用尺码,皮卡,Chevrolet,Colorado,2006,,,Regular,6,无可用尺码,10: Chevrolet Colorado 2004-2026 Incl: ZR2  Crew/Extended/Regular 5-6 无可用尺码
267,1,OK,10,无可用尺码,皮卡,Chevrolet,Colorado,2007,,,Extended,6,无可用尺码,10: Chevrolet Colorado 2004-2026 Incl: ZR2  Crew/Extended/Regular 5-6 无可用尺码
268,1,OK,10,无可用尺码,皮卡,Chevrolet,Colorado,2007,,,Regular,6,无可用尺码,10: Chevrolet Colorado 2004-2026 Incl: ZR2  Crew/Extended/Regular 5-6 无可用尺码
269,1,OK,10,无可用尺码,皮卡,Chevrolet,Colorado,2008,,,Crew,5,无可用尺码,10: Chevrolet Colorado 2004-2026 Incl: ZR2  Crew/Extended/Regular 5-6 无可用尺码
270,1,OK,10,无可用尺码,皮卡,Chevrolet,Colorado,2008,,,Extended,6,无可用尺码,10: Chevrolet Colorado 2004-2026 Incl: ZR2  Crew/Extended/Regular 5-6 无可用尺码
271,1,OK,10,无可用尺码,皮卡,Chevrolet,Colorado,2008,,,Regular,6,无可用尺码,10: Chevrolet Colorado 2004-2026 Incl: ZR2  Crew/Extended/Regular 5-6 无可用尺码
272,1,OK,10,无可用尺码,皮卡,Chevrolet,Colorado,2009,,,Extended,6,无可用尺码,10: Chevrolet Colorado 2004-2026 Incl: ZR2  Crew/Extended/Regular 5-6 无可用尺码
273,1,OK,10,无可用尺码,皮卡,Chevrolet,Colorado,2009,,,Regular,6,无可用尺码,10: Chevrolet Colorado 2004-2026 Incl: ZR2  Crew/Extended/Regular 5-6 无可用尺码
274,1,OK,10,无可用尺码,皮卡,Chevrolet,Colorado,2010,,,Extended,6,无可用尺码,10: Chevrolet Colorado 2004-2026 Incl: ZR2  Crew/Extended/Regular 5-6 无可用尺码
275,1,OK,10,无可用尺码,皮卡,Chevrolet,Colorado,2010,,,Regular,6,无可用尺码,10: Chevrolet Colorado 2004-2026 Incl: ZR2  Crew/Extended/Regular 5-6 无可用尺码
276,1,OK,10,无可用尺码,皮卡,Chevrolet,Colorado,2011,,,Extended,6,无可用尺码,10: Chevrolet Colorado 2004-2026 Incl: ZR2  Crew/Extended/Regular 5-6 无可用尺码
277,1,OK,10,无可用尺码,皮卡,Chevrolet,Colorado,2011,,,Regular,6,无可用尺码,10: Chevrolet Colorado 2004-2026 Incl: ZR2  Crew/Extended/Regular 5-6 无可用尺码
278,1,OK,10,无可用尺码,皮卡,Chevrolet,Colorado,2012,,,Crew,5,无可用尺码,10: Chevrolet Colorado 2004-2026 Incl: ZR2  Crew/Extended/Regular 5-6 无可用尺码
279,1,OK,10,无可用尺码,皮卡,Chevrolet,Colorado,2012,,,Extended,6,无可用尺码,10: Chevrolet Colorado 2004-2026 Incl: ZR2  Crew/Extended/Regular 5-6 无可用尺码
280,1,OK,10,无可用尺码,皮卡,Chevrolet,Colorado,2012,,,Regular,6,无可用尺码,10: Chevrolet Colorado 2004-2026 Incl: ZR2  Crew/Extended/Regular 5-6 无可用尺码
281,1,OK,10,无可用尺码,皮卡,Chevrolet,Colorado,2015,,,Crew,5,无可用尺码,10: Chevrolet Colorado 2004-2026 Incl: ZR2  Crew/Extended/Regular 5-6 无可用尺码
282,1,OK,10,无可用尺码,皮卡,Chevrolet,Colorado,2015,,,Crew,6,无可用尺码,10: Chevrolet Colorado 2004-2026 Incl: ZR2  Crew/Extended/Regular 5-6 无可用尺码
283,1,OK,10,无可用尺码,皮卡,Chevrolet,Colorado,2015,,,Extended,6,无可用尺码,10: Chevrolet Colorado 2004-2026 Incl: ZR2  Crew/Extended/Regular 5-6 无可用尺码
284,1,OK,10,无可用尺码,皮卡,Chevrolet,Colorado,2016,,,Crew,5,无可用尺码,10: Chevrolet Colorado 2004-2026 Incl: ZR2  Crew/Extended/Regular 5-6 无可用尺码
285,1,OK,10,无可用尺码,皮卡,Chevrolet,Colorado,2016,,,Crew,6,无可用尺码,10: Chevrolet Colorado 2004-2026 Incl: ZR2  Crew/Extended/Regular 5-6 无可用尺码
286,1,OK,10,无可用尺码,皮卡,Chevrolet,Colorado,2016,,,Extended,6,无可用尺码,10: Chevrolet Colorado 2004-2026 Incl: ZR2  Crew/Extended/Regular 5-6 无可用尺码
287,1,OK,10,无可用尺码,皮卡,Chevrolet,Colorado,2017,,,Crew,5,无可用尺码,10: Chevrolet Colorado 2004-2026 Incl: ZR2  Crew/Extended/Regular 5-6 无可用尺码
288,1,OK,10,无可用尺码,皮卡,Chevrolet,Colorado,2017,ZR2,,Crew,5,无可用尺码,10: Chevrolet Colorado 2004-2026 Incl: ZR2  Crew/Extended/Regular 5-6 无可用尺码
289,1,OK,10,无可用尺码,皮卡,Chevrolet,Colorado,2017,,,Crew,6,无可用尺码,10: Chevrolet Colorado 2004-2026 Incl: ZR2  Crew/Extended/Regular 5-6 无可用尺码
290,1,OK,10,无可用尺码,皮卡,Chevrolet,Colorado,2017,,,Extended,6,无可用尺码,10: Chevrolet Colorado 2004-2026 Incl: ZR2  Crew/Extended/Regular 5-6 无可用尺码
291,1,OK,10,无可用尺码,皮卡,Chevrolet,Colorado,2018,,,Crew,5,无可用尺码,10: Chevrolet Colorado 2004-2026 Incl: ZR2  Crew/Extended/Regular 5-6 无可用尺码
292,1,OK,10,无可用尺码,皮卡,Chevrolet,Colorado,2018,ZR2,,Crew,5,无可用尺码,10: Chevrolet Colorado 2004-2026 Incl: ZR2  Crew/Extended/Regular 5-6 无可用尺码
293,1,OK,10,无可用尺码,皮卡,Chevrolet,Colorado,2018,,,Crew,6,无可用尺码,10: Chevrolet Colorado 2004-2026 Incl: ZR2  Crew/Extended/Regular 5-6 无可用尺码
294,1,OK,10,无可用尺码,皮卡,Chevrolet,Colorado,2018,,,Extended,6,无可用尺码,10: Chevrolet Colorado 2004-2026 Incl: ZR2  Crew/Extended/Regular 5-6 无可用尺码
295,1,OK,10,无可用尺码,皮卡,Chevrolet,Colorado,2019,,,Crew,5,无可用尺码,10: Chevrolet Colorado 2004-2026 Incl: ZR2  Crew/Extended/Regular 5-6 无可用尺码
296,1,OK,10,无可用尺码,皮卡,Chevrolet,Colorado,2019,ZR2,,Crew,5,无可用尺码,10: Chevrolet Colorado 2004-2026 Incl: ZR2  Crew/Extended/Regular 5-6 无可用尺码
297,1,OK,10,无可用尺码,皮卡,Chevrolet,Colorado,2019,,,Crew,6,无可用尺码,10: Chevrolet Colorado 2004-2026 Incl: ZR2  Crew/Extended/Regular 5-6 无可用尺码
298,1,OK,10,无可用尺码,皮卡,Chevrolet,Colorado,2019,,,Extended,6,无可用尺码,10: Chevrolet Colorado 2004-2026 Incl: ZR2  Crew/Extended/Regular 5-6 无可用尺码
299,1,OK,10,无可用尺码,皮卡,Chevrolet,Colorado,2020,,,Crew,5,无可用尺码,10: Chevrolet Colorado 2004-2026 Incl: ZR2  Crew/Extended/Regular 5-6 无可用尺码
300,1,OK,10,无可用尺码,皮卡,Chevrolet,Colorado,2020,ZR2,,Crew,5,无可用尺码,10: Chevrolet Colorado 2004-2026 Incl: ZR2  Crew/Extended/Regular 5-6 无可用尺码
301,1,OK,10,无可用尺码,皮卡,Chevrolet,Colorado,2020,,,Crew,6,无可用尺码,10: Chevrolet Colorado 2004-2026 Incl: ZR2  Crew/Extended/Regular 5-6 无可用尺码
302,1,OK,10,无可用尺码,皮卡,Chevrolet,Colorado,2020,,,Extended,6,无可用尺码,10: Chevrolet Colorado 2004-2026 Incl: ZR2  Crew/Extended/Regular 5-6 无可用尺码
303,1,OK,10,无可用尺码,皮卡,Chevrolet,Colorado,2021,,,Crew,5,无可用尺码,10: Chevrolet Colorado 2004-2026 Incl: ZR2  Crew/Extended/Regular 5-6 无可用尺码
304,1,OK,10,无可用尺码,皮卡,Chevrolet,Colorado,2021,ZR2,,Crew,5,无可用尺码,10: Chevrolet Colorado 2004-2026 Incl: ZR2  Crew/Extended/Regular 5-6 无可用尺码
305,1,OK,10,无可用尺码,皮卡,Chevrolet,Colorado,2021,,,Crew,6,无可用尺码,10: Chevrolet Colorado 2004-2026 Incl: ZR2  Crew/Extended/Regular 5-6 无可用尺码
306,1,OK,10,无可用尺码,皮卡,Chevrolet,Colorado,2022,,,Crew,5,无可用尺码,10: Chevrolet Colorado 2004-2026 Incl: ZR2  Crew/Extended/Regular 5-6 无可用尺码
307,1,OK,10,无可用尺码,皮卡,Chevrolet,Colorado,2022,ZR2,,Crew,5,无可用尺码,10: Chevrolet Colorado 2004-2026 Incl: ZR2  Crew/Extended/Regular 5-6 无可用尺码
308,1,OK,10,无可用尺码,皮卡,Chevrolet,Colorado,2022,,,Crew,6,无可用尺码,10: Chevrolet Colorado 2004-2026 Incl: ZR2  Crew/Extended/Regular 5-6 无可用尺码
309,1,OK,10,无可用尺码,皮卡,Chevrolet,Colorado,2023,,,Crew,5,无可用尺码,10: Chevrolet Colorado 2004-2026 Incl: ZR2  Crew/Extended/Regular 5-6 无可用尺码
310,1,OK,10,无可用尺码,皮卡,Chevrolet,Colorado,2023,ZR2,,Crew,5,无可用尺码,10: Chevrolet Colorado 2004-2026 Incl: ZR2  Crew/Extended/Regular 5-6 无可用尺码
311,1,OK,10,无可用尺码,皮卡,Chevrolet,Colorado,2024,,,Crew,5,无可用尺码,10: Chevrolet Colorado 2004-2026 Incl: ZR2  Crew/Extended/Regular 5-6 无可用尺码
312,1,OK,10,无可用尺码,皮卡,Chevrolet,Colorado,2024,ZR2,,Crew,5,无可用尺码,10: Chevrolet Colorado 2004-2026 Incl: ZR2  Crew/Extended/Regular 5-6 无可用尺码
313,1,OK,10,无可用尺码,皮卡,Chevrolet,Colorado,2025,,,Crew,5,无可用尺码,10: Chevrolet Colorado 2004-2026 Incl: ZR2  Crew/Extended/Regular 5-6 无可用尺码
314,1,OK,10,无可用尺码,皮卡,Chevrolet,Colorado,2025,ZR2,,Crew,5,无可用尺码,10: Chevrolet Colorado 2004-2026 Incl: ZR2  Crew/Extended/Regular 5-6 无可用尺码
315,1,OK,10,无可用尺码,皮卡,Chevrolet,Colorado,2026,,,Crew,5,无可用尺码,10: Chevrolet Colorado 2004-2026 Incl: ZR2  Crew/Extended/Regular 5-6 无可用尺码
316,1,OK,10,无可用尺码,皮卡,Chevrolet,Colorado,2026,ZR2,,Crew,5,无可用尺码,10: Chevrolet Colorado 2004-2026 Incl: ZR2  Crew/Extended/Regular 5-6 无可用尺码
317,1,OK,11,无可用尺码,皮卡,Chevrolet,El Camino,1959,,,Regular,6.5,无可用尺码,11: Chevrolet El Camino 1959-1987   Regular 6.5 无可用尺码
318,1,OK,11,无可用尺码,皮卡,Chevrolet,El Camino,1960,,,Regular,6.5,无可用尺码,11: Chevrolet El Camino 1959-1987   Regular 6.5 无可用尺码
319,1,OK,11,无可用尺码,皮卡,Chevrolet,El Camino,1964,,,Regular,6.5,无可用尺码,11: Chevrolet El Camino 1959-1987   Regular 6.5 无可用尺码
320,1,OK,11,无可用尺码,皮卡,Chevrolet,El Camino,1965,,,Regular,6.5,无可用尺码,11: Chevrolet El Camino 1959-1987   Regular 6.5 无可用尺码
321,1,OK,11,无可用尺码,皮卡,Chevrolet,El Camino,1966,,,Regular,6.5,无可用尺码,11: Chevrolet El Camino 1959-1987   Regular 6.5 无可用尺码
322,1,OK,11,无可用尺码,皮卡,Chevrolet,El Camino,1967,,,Regular,6.5,无可用尺码,11: Chevrolet El Camino 1959-1987   Regular 6.5 无可用尺码
323,1,OK,11,无可用尺码,皮卡,Chevrolet,El Camino,1968,,,Regular,6.5,无可用尺码,11: Chevrolet El Camino 1959-1987   Regular 6.5 无可用尺码
324,1,OK,11,无可用尺码,皮卡,Chevrolet,El Camino,1969,,,Regular,6.5,无可用尺码,11: Chevrolet El Camino 1959-1987   Regular 6.5 无可用尺码
325,1,OK,11,无可用尺码,皮卡,Chevrolet,El Camino,1970,,,Regular,6.5,无可用尺码,11: Chevrolet El Camino 1959-1987   Regular 6.5 无可用尺码
326,1,OK,11,无可用尺码,皮卡,Chevrolet,El Camino,1971,,,Regular,6.5,无可用尺码,11: Chevrolet El Camino 1959-1987   Regular 6.5 无可用尺码
327,1,OK,11,无可用尺码,皮卡,Chevrolet,El Camino,1972,,,Regular,6.5,无可用尺码,11: Chevrolet El Camino 1959-1987   Regular 6.5 无可用尺码
328,1,OK,11,无可用尺码,皮卡,Chevrolet,El Camino,1973,,,Regular,6.5,无可用尺码,11: Chevrolet El Camino 1959-1987   Regular 6.5 无可用尺码
329,1,OK,11,无可用尺码,皮卡,Chevrolet,El Camino,1974,,,Regular,6.5,无可用尺码,11: Chevrolet El Camino 1959-1987   Regular 6.5 无可用尺码
330,1,OK,11,无可用尺码,皮卡,Chevrolet,El Camino,1975,,,Regular,6.5,无可用尺码,11: Chevrolet El Camino 1959-1987   Regular 6.5 无可用尺码
331,1,OK,11,无可用尺码,皮卡,Chevrolet,El Camino,1976,,,Regular,6.5,无可用尺码,11: Chevrolet El Camino 1959-1987   Regular 6.5 无可用尺码
332,1,OK,11,无可用尺码,皮卡,Chevrolet,El Camino,1977,,,Regular,6.5,无可用尺码,11: Chevrolet El Camino 1959-1987   Regular 6.5 无可用尺码
333,1,OK,11,无可用尺码,皮卡,Chevrolet,El Camino,1978,,,Regular,6.5,无可用尺码,11: Chevrolet El Camino 1959-1987   Regular 6.5 无可用尺码
334,1,OK,11,无可用尺码,皮卡,Chevrolet,El Camino,1979,,,Regular,6.5,无可用尺码,11: Chevrolet El Camino 1959-1987   Regular 6.5 无可用尺码
335,1,OK,11,无可用尺码,皮卡,Chevrolet,El Camino,1980,,,Regular,6.5,无可用尺码,11: Chevrolet El Camino 1959-1987   Regular 6.5 无可用尺码
336,1,OK,11,无可用尺码,皮卡,Chevrolet,El Camino,1981,,,Regular,6.5,无可用尺码,11: Chevrolet El Camino 1959-1987   Regular 6.5 无可用尺码
337,1,OK,11,无可用尺码,皮卡,Chevrolet,El Camino,1982,,,Regular,6.5,无可用尺码,11: Chevrolet El Camino 1959-1987   Regular 6.5 无可用尺码
338,1,OK,11,无可用尺码,皮卡,Chevrolet,El Camino,1983,,,Regular,6.5,无可用尺码,11: Chevrolet El Camino 1959-1987   Regular 6.5 无可用尺码
339,1,OK,11,无可用尺码,皮卡,Chevrolet,El Camino,1984,,,Regular,6.5,无可用尺码,11: Chevrolet El Camino 1959-1987   Regular 6.5 无可用尺码
340,1,OK,11,无可用尺码,皮卡,Chevrolet,El Camino,1985,,,Regular,6.5,无可用尺码,11: Chevrolet El Camino 1959-1987   Regular 6.5 无可用尺码
341,1,OK,11,无可用尺码,皮卡,Chevrolet,El Camino,1986,,,Regular,6.5,无可用尺码,11: Chevrolet El Camino 1959-1987   Regular 6.5 无可用尺码
342,1,OK,11,无可用尺码,皮卡,Chevrolet,El Camino,1987,,,Regular,6.5,无可用尺码,11: Chevrolet El Camino 1959-1987   Regular 6.5 无可用尺码
343,1,OK,12,无可用尺码,皮卡,Chevrolet,S10,1982,,,Regular,6,无可用尺码,12: Chevrolet S10 1982-2004 Incl: 4WD/EV/Xtreme/ZR2  Regular/Extended/Crew 4.5-7.5 无可用尺码
344,1,OK,12,无可用尺码,皮卡,Chevrolet,S10,1982,,,Regular,7.5,无可用尺码,12: Chevrolet S10 1982-2004 Incl: 4WD/EV/Xtreme/ZR2  Regular/Extended/Crew 4.5-7.5 无可用尺码
345,1,OK,12,无可用尺码,皮卡,Chevrolet,S10,1983,,,Extended,6,无可用尺码,12: Chevrolet S10 1982-2004 Incl: 4WD/EV/Xtreme/ZR2  Regular/Extended/Crew 4.5-7.5 无可用尺码
346,1,OK,12,无可用尺码,皮卡,Chevrolet,S10,1983,4WD,,Extended,6,无可用尺码,12: Chevrolet S10 1982-2004 Incl: 4WD/EV/Xtreme/ZR2  Regular/Extended/Crew 4.5-7.5 无可用尺码
347,1,OK,12,无可用尺码,皮卡,Chevrolet,S10,1983,,,Regular,6,无可用尺码,12: Chevrolet S10 1982-2004 Incl: 4WD/EV/Xtreme/ZR2  Regular/Extended/Crew 4.5-7.5 无可用尺码
348,1,OK,12,无可用尺码,皮卡,Chevrolet,S10,1983,4WD,,Regular,6,无可用尺码,12: Chevrolet S10 1982-2004 Incl: 4WD/EV/Xtreme/ZR2  Regular/Extended/Crew 4.5-7.5 无可用尺码
349,1,OK,12,无可用尺码,皮卡,Chevrolet,S10,1983,,,Regular,7.5,无可用尺码,12: Chevrolet S10 1982-2004 Incl: 4WD/EV/Xtreme/ZR2  Regular/Extended/Crew 4.5-7.5 无可用尺码
350,1,OK,12,无可用尺码,皮卡,Chevrolet,S10,1983,4WD,,Regular,7.5,无可用尺码,12: Chevrolet S10 1982-2004 Incl: 4WD/EV/Xtreme/ZR2  Regular/Extended/Crew 4.5-7.5 无可用尺码
351,1,OK,12,无可用尺码,皮卡,Chevrolet,S10,1984,,,Extended,6,无可用尺码,12: Chevrolet S10 1982-2004 Incl: 4WD/EV/Xtreme/ZR2  Regular/Extended/Crew 4.5-7.5 无可用尺码
352,1,OK,12,无可用尺码,皮卡,Chevrolet,S10,1984,4WD,,Extended,6,无可用尺码,12: Chevrolet S10 1982-2004 Incl: 4WD/EV/Xtreme/ZR2  Regular/Extended/Crew 4.5-7.5 无可用尺码
353,1,OK,12,无可用尺码,皮卡,Chevrolet,S10,1984,,,Regular,6,无可用尺码,12: Chevrolet S10 1982-2004 Incl: 4WD/EV/Xtreme/ZR2  Regular/Extended/Crew 4.5-7.5 无可用尺码
354,1,OK,12,无可用尺码,皮卡,Chevrolet,S10,1984,4WD,,Regular,6,无可用尺码,12: Chevrolet S10 1982-2004 Incl: 4WD/EV/Xtreme/ZR2  Regular/Extended/Crew 4.5-7.5 无可用尺码
355,1,OK,12,无可用尺码,皮卡,Chevrolet,S10,1984,,,Regular,7.5,无可用尺码,12: Chevrolet S10 1982-2004 Incl: 4WD/EV/Xtreme/ZR2  Regular/Extended/Crew 4.5-7.5 无可用尺码
356,1,OK,12,无可用尺码,皮卡,Chevrolet,S10,1984,4WD,,Regular,7.5,无可用尺码,12: Chevrolet S10 1982-2004 Incl: 4WD/EV/Xtreme/ZR2  Regular/Extended/Crew 4.5-7.5 无可用尺码
357,1,OK,12,无可用尺码,皮卡,Chevrolet,S10,1985,,,Extended,6,无可用尺码,12: Chevrolet S10 1982-2004 Incl: 4WD/EV/Xtreme/ZR2  Regular/Extended/Crew 4.5-7.5 无可用尺码
358,1,OK,12,无可用尺码,皮卡,Chevrolet,S10,1985,4WD,,Extended,6,无可用尺码,12: Chevrolet S10 1982-2004 Incl: 4WD/EV/Xtreme/ZR2  Regular/Extended/Crew 4.5-7.5 无可用尺码
359,1,OK,12,无可用尺码,皮卡,Chevrolet,S10,1985,,,Regular,6,无可用尺码,12: Chevrolet S10 1982-2004 Incl: 4WD/EV/Xtreme/ZR2  Regular/Extended/Crew 4.5-7.5 无可用尺码
360,1,OK,12,无可用尺码,皮卡,Chevrolet,S10,1985,4WD,,Regular,6,无可用尺码,12: Chevrolet S10 1982-2004 Incl: 4WD/EV/Xtreme/ZR2  Regular/Extended/Crew 4.5-7.5 无可用尺码
361,1,OK,12,无可用尺码,皮卡,Chevrolet,S10,1985,,,Regular,7.5,无可用尺码,12: Chevrolet S10 1982-2004 Incl: 4WD/EV/Xtreme/ZR2  Regular/Extended/Crew 4.5-7.5 无可用尺码
362,1,OK,12,无可用尺码,皮卡,Chevrolet,S10,1985,4WD,,Regular,7.5,无可用尺码,12: Chevrolet S10 1982-2004 Incl: 4WD/EV/Xtreme/ZR2  Regular/Extended/Crew 4.5-7.5 无可用尺码
363,1,OK,12,无可用尺码,皮卡,Chevrolet,S10,1986,,,Extended,6,无可用尺码,12: Chevrolet S10 1982-2004 Incl: 4WD/EV/Xtreme/ZR2  Regular/Extended/Crew 4.5-7.5 无可用尺码
364,1,OK,12,无可用尺码,皮卡,Chevrolet,S10,1986,4WD,,Extended,6,无可用尺码,12: Chevrolet S10 1982-2004 Incl: 4WD/EV/Xtreme/ZR2  Regular/Extended/Crew 4.5-7.5 无可用尺码
365,1,OK,12,无可用尺码,皮卡,Chevrolet,S10,1986,,,Regular,6,无可用尺码,12: Chevrolet S10 1982-2004 Incl: 4WD/EV/Xtreme/ZR2  Regular/Extended/Crew 4.5-7.5 无可用尺码
366,1,OK,12,无可用尺码,皮卡,Chevrolet,S10,1986,4WD,,Regular,6,无可用尺码,12: Chevrolet S10 1982-2004 Incl: 4WD/EV/Xtreme/ZR2  Regular/Extended/Crew 4.5-7.5 无可用尺码
367,1,OK,12,无可用尺码,皮卡,Chevrolet,S10,1986,,,Regular,7.5,无可用尺码,12: Chevrolet S10 1982-2004 Incl: 4WD/EV/Xtreme/ZR2  Regular/Extended/Crew 4.5-7.5 无可用尺码
368,1,OK,12,无可用尺码,皮卡,Chevrolet,S10,1986,4WD,,Regular,7.5,无可用尺码,12: Chevrolet S10 1982-2004 Incl: 4WD/EV/Xtreme/ZR2  Regular/Extended/Crew 4.5-7.5 无可用尺码
369,1,OK,12,无可用尺码,皮卡,Chevrolet,S10,1987,,,Extended,6,无可用尺码,12: Chevrolet S10 1982-2004 Incl: 4WD/EV/Xtreme/ZR2  Regular/Extended/Crew 4.5-7.5 无可用尺码
370,1,OK,12,无可用尺码,皮卡,Chevrolet,S10,1987,4WD,,Extended,6,无可用尺码,12: Chevrolet S10 1982-2004 Incl: 4WD/EV/Xtreme/ZR2  Regular/Extended/Crew 4.5-7.5 无可用尺码
371,1,OK,12,无可用尺码,皮卡,Chevrolet,S10,1987,,,Regular,6,无可用尺码,12: Chevrolet S10 1982-2004 Incl: 4WD/EV/Xtreme/ZR2  Regular/Extended/Crew 4.5-7.5 无可用尺码
372,1,OK,12,无可用尺码,皮卡,Chevrolet,S10,1987,4WD,,Regular,6,无可用尺码,12: Chevrolet S10 1982-2004 Incl: 4WD/EV/Xtreme/ZR2  Regular/Extended/Crew 4.5-7.5 无可用尺码
373,1,OK,12,无可用尺码,皮卡,Chevrolet,S10,1987,,,Regular,7.5,无可用尺码,12: Chevrolet S10 1982-2004 Incl: 4WD/EV/Xtreme/ZR2  Regular/Extended/Crew 4.5-7.5 无可用尺码
374,1,OK,12,无可用尺码,皮卡,Chevrolet,S10,1987,4WD,,Regular,7.5,无可用尺码,12: Chevrolet S10 1982-2004 Incl: 4WD/EV/Xtreme/ZR2  Regular/Extended/Crew 4.5-7.5 无可用尺码
375,1,OK,12,无可用尺码,皮卡,Chevrolet,S10,1988,,,Extended,6,无可用尺码,12: Chevrolet S10 1982-2004 Incl: 4WD/EV/Xtreme/ZR2  Regular/Extended/Crew 4.5-7.5 无可用尺码
376,1,OK,12,无可用尺码,皮卡,Chevrolet,S10,1988,4WD,,Extended,6,无可用尺码,12: Chevrolet S10 1982-2004 Incl: 4WD/EV/Xtreme/ZR2  Regular/Extended/Crew 4.5-7.5 无可用尺码
377,1,OK,12,无可用尺码,皮卡,Chevrolet,S10,1988,,,Regular,6,无可用尺码,12: Chevrolet S10 1982-2004 Incl: 4WD/EV/Xtreme/ZR2  Regular/Extended/Crew 4.5-7.5 无可用尺码
378,1,OK,12,无可用尺码,皮卡,Chevrolet,S10,1988,4WD,,Regular,6,无可用尺码,12: Chevrolet S10 1982-2004 Incl: 4WD/EV/Xtreme/ZR2  Regular/Extended/Crew 4.5-7.5 无可用尺码
379,1,OK,12,无可用尺码,皮卡,Chevrolet,S10,1988,,,Regular,7.5,无可用尺码,12: Chevrolet S10 1982-2004 Incl: 4WD/EV/Xtreme/ZR2  Regular/Extended/Crew 4.5-7.5 无可用尺码
380,1,OK,12,无可用尺码,皮卡,Chevrolet,S10,1988,4WD,,Regular,7.5,无可用尺码,12: Chevrolet S10 1982-2004 Incl: 4WD/EV/Xtreme/ZR2  Regular/Extended/Crew 4.5-7.5 无可用尺码
381,1,OK,12,无可用尺码,皮卡,Chevrolet,S10,1989,,,Extended,6,无可用尺码,12: Chevrolet S10 1982-2004 Incl: 4WD/EV/Xtreme/ZR2  Regular/Extended/Crew 4.5-7.5 无可用尺码
382,1,OK,12,无可用尺码,皮卡,Chevrolet,S10,1989,4WD,,Extended,6,无可用尺码,12: Chevrolet S10 1982-2004 Incl: 4WD/EV/Xtreme/ZR2  Regular/Extended/Crew 4.5-7.5 无可用尺码
383,1,OK,12,无可用尺码,皮卡,Chevrolet,S10,1989,,,Regular,6,无可用尺码,12: Chevrolet S10 1982-2004 Incl: 4WD/EV/Xtreme/ZR2  Regular/Extended/Crew 4.5-7.5 无可用尺码
384,1,OK,12,无可用尺码,皮卡,Chevrolet,S10,1989,4WD,,Regular,6,无可用尺码,12: Chevrolet S10 1982-2004 Incl: 4WD/EV/Xtreme/ZR2  Regular/Extended/Crew 4.5-7.5 无可用尺码
385,1,OK,12,无可用尺码,皮卡,Chevrolet,S10,1989,,,Regular,7.5,无可用尺码,12: Chevrolet S10 1982-2004 Incl: 4WD/EV/Xtreme/ZR2  Regular/Extended/Crew 4.5-7.5 无可用尺码
386,1,OK,12,无可用尺码,皮卡,Chevrolet,S10,1989,4WD,,Regular,7.5,无可用尺码,12: Chevrolet S10 1982-2004 Incl: 4WD/EV/Xtreme/ZR2  Regular/Extended/Crew 4.5-7.5 无可用尺码
387,1,OK,12,无可用尺码,皮卡,Chevrolet,S10,1990,,,Extended,6,无可用尺码,12: Chevrolet S10 1982-2004 Incl: 4WD/EV/Xtreme/ZR2  Regular/Extended/Crew 4.5-7.5 无可用尺码
388,1,OK,12,无可用尺码,皮卡,Chevrolet,S10,1990,4WD,,Extended,6,无可用尺码,12: Chevrolet S10 1982-2004 Incl: 4WD/EV/Xtreme/ZR2  Regular/Extended/Crew 4.5-7.5 无可用尺码
389,1,OK,12,无可用尺码,皮卡,Chevrolet,S10,1990,,,Regular,6,无可用尺码,12: Chevrolet S10 1982-2004 Incl: 4WD/EV/Xtreme/ZR2  Regular/Extended/Crew 4.5-7.5 无可用尺码
390,1,OK,12,无可用尺码,皮卡,Chevrolet,S10,1990,4WD,,Regular,6,无可用尺码,12: Chevrolet S10 1982-2004 Incl: 4WD/EV/Xtreme/ZR2  Regular/Extended/Crew 4.5-7.5 无可用尺码
391,1,OK,12,无可用尺码,皮卡,Chevrolet,S10,1990,,,Regular,7.5,无可用尺码,12: Chevrolet S10 1982-2004 Incl: 4WD/EV/Xtreme/ZR2  Regular/Extended/Crew 4.5-7.5 无可用尺码
392,1,OK,12,无可用尺码,皮卡,Chevrolet,S10,1990,4WD,,Regular,7.5,无可用尺码,12: Chevrolet S10 1982-2004 Incl: 4WD/EV/Xtreme/ZR2  Regular/Extended/Crew 4.5-7.5 无可用尺码
393,1,OK,12,无可用尺码,皮卡,Chevrolet,S10,1991,,,Extended,6,无可用尺码,12: Chevrolet S10 1982-2004 Incl: 4WD/EV/Xtreme/ZR2  Regular/Extended/Crew 4.5-7.5 无可用尺码
394,1,OK,12,无可用尺码,皮卡,Chevrolet,S10,1991,4WD,,Extended,6,无可用尺码,12: Chevrolet S10 1982-2004 Incl: 4WD/EV/Xtreme/ZR2  Regular/Extended/Crew 4.5-7.5 无可用尺码
395,1,OK,12,无可用尺码,皮卡,Chevrolet,S10,1991,,,Regular,6,无可用尺码,12: Chevrolet S10 1982-2004 Incl: 4WD/EV/Xtreme/ZR2  Regular/Extended/Crew 4.5-7.5 无可用尺码
396,1,OK,12,无可用尺码,皮卡,Chevrolet,S10,1991,4WD,,Regular,6,无可用尺码,12: Chevrolet S10 1982-2004 Incl: 4WD/EV/Xtreme/ZR2  Regular/Extended/Crew 4.5-7.5 无可用尺码
397,1,OK,12,无可用尺码,皮卡,Chevrolet,S10,1991,,,Regular,7.5,无可用尺码,12: Chevrolet S10 1982-2004 Incl: 4WD/EV/Xtreme/ZR2  Regular/Extended/Crew 4.5-7.5 无可用尺码
398,1,OK,12,无可用尺码,皮卡,Chevrolet,S10,1991,4WD,,Regular,7.5,无可用尺码,12: Chevrolet S10 1982-2004 Incl: 4WD/EV/Xtreme/ZR2  Regular/Extended/Crew 4.5-7.5 无可用尺码
399,1,OK,12,无可用尺码,皮卡,Chevrolet,S10,1992,,,Extended,6,无可用尺码,12: Chevrolet S10 1982-2004 Incl: 4WD/EV/Xtreme/ZR2  Regular/Extended/Crew 4.5-7.5 无可用尺码
400,1,OK,12,无可用尺码,皮卡,Chevrolet,S10,1992,4WD,,Extended,6,无可用尺码,12: Chevrolet S10 1982-2004 Incl: 4WD/EV/Xtreme/ZR2  Regular/Extended/Crew 4.5-7.5 无可用尺码
401,1,OK,12,无可用尺码,皮卡,Chevrolet,S10,1992,,,Regular,6,无可用尺码,12: Chevrolet S10 1982-2004 Incl: 4WD/EV/Xtreme/ZR2  Regular/Extended/Crew 4.5-7.5 无可用尺码
402,1,OK,12,无可用尺码,皮卡,Chevrolet,S10,1992,4WD,,Regular,6,无可用尺码,12: Chevrolet S10 1982-2004 Incl: 4WD/EV/Xtreme/ZR2  Regular/Extended/Crew 4.5-7.5 无可用尺码
403,1,OK,12,无可用尺码,皮卡,Chevrolet,S10,1992,,,Regular,7.5,无可用尺码,12: Chevrolet S10 1982-2004 Incl: 4WD/EV/Xtreme/ZR2  Regular/Extended/Crew 4.5-7.5 无可用尺码
404,1,OK,12,无可用尺码,皮卡,Chevrolet,S10,1992,4WD,,Regular,7.5,无可用尺码,12: Chevrolet S10 1982-2004 Incl: 4WD/EV/Xtreme/ZR2  Regular/Extended/Crew 4.5-7.5 无可用尺码
405,1,OK,12,无可用尺码,皮卡,Chevrolet,S10,1993,,,Extended,6,无可用尺码,12: Chevrolet S10 1982-2004 Incl: 4WD/EV/Xtreme/ZR2  Regular/Extended/Crew 4.5-7.5 无可用尺码
406,1,OK,12,无可用尺码,皮卡,Chevrolet,S10,1993,4WD,,Extended,6,无可用尺码,12: Chevrolet S10 1982-2004 Incl: 4WD/EV/Xtreme/ZR2  Regular/Extended/Crew 4.5-7.5 无可用尺码
407,1,OK,12,无可用尺码,皮卡,Chevrolet,S10,1993,,,Regular,6,无可用尺码,12: Chevrolet S10 1982-2004 Incl: 4WD/EV/Xtreme/ZR2  Regular/Extended/Crew 4.5-7.5 无可用尺码
408,1,OK,12,无可用尺码,皮卡,Chevrolet,S10,1993,4WD,,Regular,6,无可用尺码,12: Chevrolet S10 1982-2004 Incl: 4WD/EV/Xtreme/ZR2  Regular/Extended/Crew 4.5-7.5 无可用尺码
409,1,OK,12,无可用尺码,皮卡,Chevrolet,S10,1993,,,Regular,7.5,无可用尺码,12: Chevrolet S10 1982-2004 Incl: 4WD/EV/Xtreme/ZR2  Regular/Extended/Crew 4.5-7.5 无可用尺码
410,1,OK,12,无可用尺码,皮卡,Chevrolet,S10,1993,4WD,,Regular,7.5,无可用尺码,12: Chevrolet S10 1982-2004 Incl: 4WD/EV/Xtreme/ZR2  Regular/Extended/Crew 4.5-7.5 无可用尺码
411,1,OK,12,无可用尺码,皮卡,Chevrolet,S10,1994,,,Extended,6,无可用尺码,12: Chevrolet S10 1982-2004 Incl: 4WD/EV/Xtreme/ZR2  Regular/Extended/Crew 4.5-7.5 无可用尺码
412,1,OK,12,无可用尺码,皮卡,Chevrolet,S10,1994,4WD,,Extended,6,无可用尺码,12: Chevrolet S10 1982-2004 Incl: 4WD/EV/Xtreme/ZR2  Regular/Extended/Crew 4.5-7.5 无可用尺码
413,1,OK,12,无可用尺码,皮卡,Chevrolet,S10,1994,,,Regular,6,无可用尺码,12: Chevrolet S10 1982-2004 Incl: 4WD/EV/Xtreme/ZR2  Regular/Extended/Crew 4.5-7.5 无可用尺码
414,1,OK,12,无可用尺码,皮卡,Chevrolet,S10,1994,4WD,,Regular,6,无可用尺码,12: Chevrolet S10 1982-2004 Incl: 4WD/EV/Xtreme/ZR2  Regular/Extended/Crew 4.5-7.5 无可用尺码
415,1,OK,12,无可用尺码,皮卡,Chevrolet,S10,1994,ZR2,,Regular,6,无可用尺码,12: Chevrolet S10 1982-2004 Incl: 4WD/EV/Xtreme/ZR2  Regular/Extended/Crew 4.5-7.5 无可用尺码
416,1,OK,12,无可用尺码,皮卡,Chevrolet,S10,1994,,,Regular,7.5,无可用尺码,12: Chevrolet S10 1982-2004 Incl: 4WD/EV/Xtreme/ZR2  Regular/Extended/Crew 4.5-7.5 无可用尺码
417,1,OK,12,无可用尺码,皮卡,Chevrolet,S10,1994,4WD,,Regular,7.5,无可用尺码,12: Chevrolet S10 1982-2004 Incl: 4WD/EV/Xtreme/ZR2  Regular/Extended/Crew 4.5-7.5 无可用尺码
418,1,OK,12,无可用尺码,皮卡,Chevrolet,S10,1995,,,Extended,6,无可用尺码,12: Chevrolet S10 1982-2004 Incl: 4WD/EV/Xtreme/ZR2  Regular/Extended/Crew 4.5-7.5 无可用尺码
419,1,OK,12,无可用尺码,皮卡,Chevrolet,S10,1995,4WD,,Extended,6,无可用尺码,12: Chevrolet S10 1982-2004 Incl: 4WD/EV/Xtreme/ZR2  Regular/Extended/Crew 4.5-7.5 无可用尺码
420,1,OK,12,无可用尺码,皮卡,Chevrolet,S10,1995,ZR2,,Extended,6,无可用尺码,12: Chevrolet S10 1982-2004 Incl: 4WD/EV/Xtreme/ZR2  Regular/Extended/Crew 4.5-7.5 无可用尺码
421,1,OK,12,无可用尺码,皮卡,Chevrolet,S10,1995,,,Regular,6,无可用尺码,12: Chevrolet S10 1982-2004 Incl: 4WD/EV/Xtreme/ZR2  Regular/Extended/Crew 4.5-7.5 无可用尺码
422,1,OK,12,无可用尺码,皮卡,Chevrolet,S10,1995,4WD,,Regular,6,无可用尺码,12: Chevrolet S10 1982-2004 Incl: 4WD/EV/Xtreme/ZR2  Regular/Extended/Crew 4.5-7.5 无可用尺码
423,1,OK,12,无可用尺码,皮卡,Chevrolet,S10,1995,ZR2,,Regular,6,无可用尺码,12: Chevrolet S10 1982-2004 Incl: 4WD/EV/Xtreme/ZR2  Regular/Extended/Crew 4.5-7.5 无可用尺码
424,1,OK,12,无可用尺码,皮卡,Chevrolet,S10,1995,,,Regular,7.5,无可用尺码,12: Chevrolet S10 1982-2004 Incl: 4WD/EV/Xtreme/ZR2  Regular/Extended/Crew 4.5-7.5 无可用尺码
425,1,OK,12,无可用尺码,皮卡,Chevrolet,S10,1995,4WD,,Regular,7.5,无可用尺码,12: Chevrolet S10 1982-2004 Incl: 4WD/EV/Xtreme/ZR2  Regular/Extended/Crew 4.5-7.5 无可用尺码
426,1,OK,12,无可用尺码,皮卡,Chevrolet,S10,1996,,,Extended,6,无可用尺码,12: Chevrolet S10 1982-2004 Incl: 4WD/EV/Xtreme/ZR2  Regular/Extended/Crew 4.5-7.5 无可用尺码
427,1,OK,12,无可用尺码,皮卡,Chevrolet,S10,1996,4WD,,Extended,6,无可用尺码,12: Chevrolet S10 1982-2004 Incl: 4WD/EV/Xtreme/ZR2  Regular/Extended/Crew 4.5-7.5 无可用尺码
428,1,OK,12,无可用尺码,皮卡,Chevrolet,S10,1996,ZR2,,Extended,6,无可用尺码,12: Chevrolet S10 1982-2004 Incl: 4WD/EV/Xtreme/ZR2  Regular/Extended/Crew 4.5-7.5 无可用尺码
429,1,OK,12,无可用尺码,皮卡,Chevrolet,S10,1996,,,Regular,6,无可用尺码,12: Chevrolet S10 1982-2004 Incl: 4WD/EV/Xtreme/ZR2  Regular/Extended/Crew 4.5-7.5 无可用尺码
430,1,OK,12,无可用尺码,皮卡,Chevrolet,S10,1996,4WD,,Regular,6,无可用尺码,12: Chevrolet S10 1982-2004 Incl: 4WD/EV/Xtreme/ZR2  Regular/Extended/Crew 4.5-7.5 无可用尺码
431,1,OK,12,无可用尺码,皮卡,Chevrolet,S10,1996,ZR2,,Regular,6,无可用尺码,12: Chevrolet S10 1982-2004 Incl: 4WD/EV/Xtreme/ZR2  Regular/Extended/Crew 4.5-7.5 无可用尺码
432,1,OK,12,无可用尺码,皮卡,Chevrolet,S10,1996,,,Regular,7.5,无可用尺码,12: Chevrolet S10 1982-2004 Incl: 4WD/EV/Xtreme/ZR2  Regular/Extended/Crew 4.5-7.5 无可用尺码
433,1,OK,12,无可用尺码,皮卡,Chevrolet,S10,1996,4WD,,Regular,7.5,无可用尺码,12: Chevrolet S10 1982-2004 Incl: 4WD/EV/Xtreme/ZR2  Regular/Extended/Crew 4.5-7.5 无可用尺码
434,1,OK,12,无可用尺码,皮卡,Chevrolet,S10,1997,,,Extended,6,无可用尺码,12: Chevrolet S10 1982-2004 Incl: 4WD/EV/Xtreme/ZR2  Regular/Extended/Crew 4.5-7.5 无可用尺码
435,1,OK,12,无可用尺码,皮卡,Chevrolet,S10,1997,4WD,,Extended,6,无可用尺码,12: Chevrolet S10 1982-2004 Incl: 4WD/EV/Xtreme/ZR2  Regular/Extended/Crew 4.5-7.5 无可用尺码
436,1,OK,12,无可用尺码,皮卡,Chevrolet,S10,1997,ZR2,,Extended,6,无可用尺码,12: Chevrolet S10 1982-2004 Incl: 4WD/EV/Xtreme/ZR2  Regular/Extended/Crew 4.5-7.5 无可用尺码
437,1,OK,12,无可用尺码,皮卡,Chevrolet,S10,1997,,,Regular,6,无可用尺码,12: Chevrolet S10 1982-2004 Incl: 4WD/EV/Xtreme/ZR2  Regular/Extended/Crew 4.5-7.5 无可用尺码
438,1,OK,12,无可用尺码,皮卡,Chevrolet,S10,1997,4WD,,Regular,6,无可用尺码,12: Chevrolet S10 1982-2004 Incl: 4WD/EV/Xtreme/ZR2  Regular/Extended/Crew 4.5-7.5 无可用尺码
439,1,OK,12,无可用尺码,皮卡,Chevrolet,S10,1997,EV,,Regular,6,无可用尺码,12: Chevrolet S10 1982-2004 Incl: 4WD/EV/Xtreme/ZR2  Regular/Extended/Crew 4.5-7.5 无可用尺码
440,1,OK,12,无可用尺码,皮卡,Chevrolet,S10,1997,ZR2,,Regular,6,无可用尺码,12: Chevrolet S10 1982-2004 Incl: 4WD/EV/Xtreme/ZR2  Regular/Extended/Crew 4.5-7.5 无可用尺码
441,1,OK,12,无可用尺码,皮卡,Chevrolet,S10,1997,,,Regular,7.5,无可用尺码,12: Chevrolet S10 1982-2004 Incl: 4WD/EV/Xtreme/ZR2  Regular/Extended/Crew 4.5-7.5 无可用尺码
442,1,OK,12,无可用尺码,皮卡,Chevrolet,S10,1997,4WD,,Regular,7.5,无可用尺码,12: Chevrolet S10 1982-2004 Incl: 4WD/EV/Xtreme/ZR2  Regular/Extended/Crew 4.5-7.5 无可用尺码
443,1,OK,12,无可用尺码,皮卡,Chevrolet,S10,1998,,,Extended,6,无可用尺码,12: Chevrolet S10 1982-2004 Incl: 4WD/EV/Xtreme/ZR2  Regular/Extended/Crew 4.5-7.5 无可用尺码
444,1,OK,12,无可用尺码,皮卡,Chevrolet,S10,1998,4WD,,Extended,6,无可用尺码,12: Chevrolet S10 1982-2004 Incl: 4WD/EV/Xtreme/ZR2  Regular/Extended/Crew 4.5-7.5 无可用尺码
445,1,OK,12,无可用尺码,皮卡,Chevrolet,S10,1998,ZR2,,Extended,6,无可用尺码,12: Chevrolet S10 1982-2004 Incl: 4WD/EV/Xtreme/ZR2  Regular/Extended/Crew 4.5-7.5 无可用尺码
446,1,OK,12,无可用尺码,皮卡,Chevrolet,S10,1998,,,Regular,6,无可用尺码,12: Chevrolet S10 1982-2004 Incl: 4WD/EV/Xtreme/ZR2  Regular/Extended/Crew 4.5-7.5 无可用尺码
447,1,OK,12,无可用尺码,皮卡,Chevrolet,S10,1998,4WD,,Regular,6,无可用尺码,12: Chevrolet S10 1982-2004 Incl: 4WD/EV/Xtreme/ZR2  Regular/Extended/Crew 4.5-7.5 无可用尺码
448,1,OK,12,无可用尺码,皮卡,Chevrolet,S10,1998,EV,,Regular,6,无可用尺码,12: Chevrolet S10 1982-2004 Incl: 4WD/EV/Xtreme/ZR2  Regular/Extended/Crew 4.5-7.5 无可用尺码
449,1,OK,12,无可用尺码,皮卡,Chevrolet,S10,1998,ZR2,,Regular,6,无可用尺码,12: Chevrolet S10 1982-2004 Incl: 4WD/EV/Xtreme/ZR2  Regular/Extended/Crew 4.5-7.5 无可用尺码
450,1,OK,12,无可用尺码,皮卡,Chevrolet,S10,1998,,,Regular,7.5,无可用尺码,12: Chevrolet S10 1982-2004 Incl: 4WD/EV/Xtreme/ZR2  Regular/Extended/Crew 4.5-7.5 无可用尺码
451,1,OK,12,无可用尺码,皮卡,Chevrolet,S10,1998,4WD,,Regular,7.5,无可用尺码,12: Chevrolet S10 1982-2004 Incl: 4WD/EV/Xtreme/ZR2  Regular/Extended/Crew 4.5-7.5 无可用尺码
452,1,OK,12,无可用尺码,皮卡,Chevrolet,S10,1999,,,Extended,6,无可用尺码,12: Chevrolet S10 1982-2004 Incl: 4WD/EV/Xtreme/ZR2  Regular/Extended/Crew 4.5-7.5 无可用尺码
453,1,OK,12,无可用尺码,皮卡,Chevrolet,S10,1999,4WD,,Extended,6,无可用尺码,12: Chevrolet S10 1982-2004 Incl: 4WD/EV/Xtreme/ZR2  Regular/Extended/Crew 4.5-7.5 无可用尺码
454,1,OK,12,无可用尺码,皮卡,Chevrolet,S10,1999,Xtreme,,Extended,6,无可用尺码,12: Chevrolet S10 1982-2004 Incl: 4WD/EV/Xtreme/ZR2  Regular/Extended/Crew 4.5-7.5 无可用尺码
455,1,OK,12,无可用尺码,皮卡,Chevrolet,S10,1999,ZR2,,Extended,6,无可用尺码,12: Chevrolet S10 1982-2004 Incl: 4WD/EV/Xtreme/ZR2  Regular/Extended/Crew 4.5-7.5 无可用尺码
456,1,OK,12,无可用尺码,皮卡,Chevrolet,S10,1999,,,Regular,6,无可用尺码,12: Chevrolet S10 1982-2004 Incl: 4WD/EV/Xtreme/ZR2  Regular/Extended/Crew 4.5-7.5 无可用尺码
457,1,OK,12,无可用尺码,皮卡,Chevrolet,S10,1999,4WD,,Regular,6,无可用尺码,12: Chevrolet S10 1982-2004 Incl: 4WD/EV/Xtreme/ZR2  Regular/Extended/Crew 4.5-7.5 无可用尺码
458,1,OK,12,无可用尺码,皮卡,Chevrolet,S10,1999,Xtreme,,Regular,6,无可用尺码,12: Chevrolet S10 1982-2004 Incl: 4WD/EV/Xtreme/ZR2  Regular/Extended/Crew 4.5-7.5 无可用尺码
459,1,OK,12,无可用尺码,皮卡,Chevrolet,S10,1999,ZR2,,Regular,6,无可用尺码,12: Chevrolet S10 1982-2004 Incl: 4WD/EV/Xtreme/ZR2  Regular/Extended/Crew 4.5-7.5 无可用尺码
460,1,OK,12,无可用尺码,皮卡,Chevrolet,S10,1999,,,Regular,7.5,无可用尺码,12: Chevrolet S10 1982-2004 Incl: 4WD/EV/Xtreme/ZR2  Regular/Extended/Crew 4.5-7.5 无可用尺码
461,1,OK,12,无可用尺码,皮卡,Chevrolet,S10,1999,4WD,,Regular,7.5,无可用尺码,12: Chevrolet S10 1982-2004 Incl: 4WD/EV/Xtreme/ZR2  Regular/Extended/Crew 4.5-7.5 无可用尺码
462,1,OK,12,无可用尺码,皮卡,Chevrolet,S10,2000,,,Extended,6,无可用尺码,12: Chevrolet S10 1982-2004 Incl: 4WD/EV/Xtreme/ZR2  Regular/Extended/Crew 4.5-7.5 无可用尺码
463,1,OK,12,无可用尺码,皮卡,Chevrolet,S10,2000,4WD,,Extended,6,无可用尺码,12: Chevrolet S10 1982-2004 Incl: 4WD/EV/Xtreme/ZR2  Regular/Extended/Crew 4.5-7.5 无可用尺码
464,1,OK,12,无可用尺码,皮卡,Chevrolet,S10,2000,Xtreme,,Extended,6,无可用尺码,12: Chevrolet S10 1982-2004 Incl: 4WD/EV/Xtreme/ZR2  Regular/Extended/Crew 4.5-7.5 无可用尺码
465,1,OK,12,无可用尺码,皮卡,Chevrolet,S10,2000,ZR2,,Extended,6,无可用尺码,12: Chevrolet S10 1982-2004 Incl: 4WD/EV/Xtreme/ZR2  Regular/Extended/Crew 4.5-7.5 无可用尺码
466,1,OK,12,无可用尺码,皮卡,Chevrolet,S10,2000,,,Regular,6,无可用尺码,12: Chevrolet S10 1982-2004 Incl: 4WD/EV/Xtreme/ZR2  Regular/Extended/Crew 4.5-7.5 无可用尺码
467,1,OK,12,无可用尺码,皮卡,Chevrolet,S10,2000,4WD,,Regular,6,无可用尺码,12: Chevrolet S10 1982-2004 Incl: 4WD/EV/Xtreme/ZR2  Regular/Extended/Crew 4.5-7.5 无可用尺码
468,1,OK,12,无可用尺码,皮卡,Chevrolet,S10,2000,Xtreme,,Regular,6,无可用尺码,12: Chevrolet S10 1982-2004 Incl: 4WD/EV/Xtreme/ZR2  Regular/Extended/Crew 4.5-7.5 无可用尺码
469,1,OK,12,无可用尺码,皮卡,Chevrolet,S10,2000,,,Regular,7.5,无可用尺码,12: Chevrolet S10 1982-2004 Incl: 4WD/EV/Xtreme/ZR2  Regular/Extended/Crew 4.5-7.5 无可用尺码
470,1,OK,12,无可用尺码,皮卡,Chevrolet,S10,2001,4WD,,Crew,4.5,无可用尺码,12: Chevrolet S10 1982-2004 Incl: 4WD/EV/Xtreme/ZR2  Regular/Extended/Crew 4.5-7.5 无可用尺码
471,1,OK,12,无可用尺码,皮卡,Chevrolet,S10,2001,,,Extended,6,无可用尺码,12: Chevrolet S10 1982-2004 Incl: 4WD/EV/Xtreme/ZR2  Regular/Extended/Crew 4.5-7.5 无可用尺码
472,1,OK,12,无可用尺码,皮卡,Chevrolet,S10,2001,4WD,,Extended,6,无可用尺码,12: Chevrolet S10 1982-2004 Incl: 4WD/EV/Xtreme/ZR2  Regular/Extended/Crew 4.5-7.5 无可用尺码
473,1,OK,12,无可用尺码,皮卡,Chevrolet,S10,2001,Xtreme,,Extended,6,无可用尺码,12: Chevrolet S10 1982-2004 Incl: 4WD/EV/Xtreme/ZR2  Regular/Extended/Crew 4.5-7.5 无可用尺码
474,1,OK,12,无可用尺码,皮卡,Chevrolet,S10,2001,ZR2,,Extended,6,无可用尺码,12: Chevrolet S10 1982-2004 Incl: 4WD/EV/Xtreme/ZR2  Regular/Extended/Crew 4.5-7.5 无可用尺码
475,1,OK,12,无可用尺码,皮卡,Chevrolet,S10,2001,,,Regular,6,无可用尺码,12: Chevrolet S10 1982-2004 Incl: 4WD/EV/Xtreme/ZR2  Regular/Extended/Crew 4.5-7.5 无可用尺码
476,1,OK,12,无可用尺码,皮卡,Chevrolet,S10,2001,Xtreme,,Regular,6,无可用尺码,12: Chevrolet S10 1982-2004 Incl: 4WD/EV/Xtreme/ZR2  Regular/Extended/Crew 4.5-7.5 无可用尺码
477,1,OK,12,无可用尺码,皮卡,Chevrolet,S10,2001,,,Regular,7.5,无可用尺码,12: Chevrolet S10 1982-2004 Incl: 4WD/EV/Xtreme/ZR2  Regular/Extended/Crew 4.5-7.5 无可用尺码
478,1,OK,12,无可用尺码,皮卡,Chevrolet,S10,2002,4WD,,Crew,4.5,无可用尺码,12: Chevrolet S10 1982-2004 Incl: 4WD/EV/Xtreme/ZR2  Regular/Extended/Crew 4.5-7.5 无可用尺码
479,1,OK,12,无可用尺码,皮卡,Chevrolet,S10,2002,,,Extended,6,无可用尺码,12: Chevrolet S10 1982-2004 Incl: 4WD/EV/Xtreme/ZR2  Regular/Extended/Crew 4.5-7.5 无可用尺码
480,1,OK,12,无可用尺码,皮卡,Chevrolet,S10,2002,4WD,,Extended,6,无可用尺码,12: Chevrolet S10 1982-2004 Incl: 4WD/EV/Xtreme/ZR2  Regular/Extended/Crew 4.5-7.5 无可用尺码
481,1,OK,12,无可用尺码,皮卡,Chevrolet,S10,2002,Xtreme,,Extended,6,无可用尺码,12: Chevrolet S10 1982-2004 Incl: 4WD/EV/Xtreme/ZR2  Regular/Extended/Crew 4.5-7.5 无可用尺码
482,1,OK,12,无可用尺码,皮卡,Chevrolet,S10,2002,ZR2,,Extended,6,无可用尺码,12: Chevrolet S10 1982-2004 Incl: 4WD/EV/Xtreme/ZR2  Regular/Extended/Crew 4.5-7.5 无可用尺码
483,1,OK,12,无可用尺码,皮卡,Chevrolet,S10,2002,,,Regular,6,无可用尺码,12: Chevrolet S10 1982-2004 Incl: 4WD/EV/Xtreme/ZR2  Regular/Extended/Crew 4.5-7.5 无可用尺码
484,1,OK,12,无可用尺码,皮卡,Chevrolet,S10,2002,Xtreme,,Regular,6,无可用尺码,12: Chevrolet S10 1982-2004 Incl: 4WD/EV/Xtreme/ZR2  Regular/Extended/Crew 4.5-7.5 无可用尺码
485,1,OK,12,无可用尺码,皮卡,Chevrolet,S10,2002,,,Regular,7.5,无可用尺码,12: Chevrolet S10 1982-2004 Incl: 4WD/EV/Xtreme/ZR2  Regular/Extended/Crew 4.5-7.5 无可用尺码
486,1,OK,12,无可用尺码,皮卡,Chevrolet,S10,2003,4WD,,Crew,4.5,无可用尺码,12: Chevrolet S10 1982-2004 Incl: 4WD/EV/Xtreme/ZR2  Regular/Extended/Crew 4.5-7.5 无可用尺码
487,1,OK,12,无可用尺码,皮卡,Chevrolet,S10,2003,,,Extended,6,无可用尺码,12: Chevrolet S10 1982-2004 Incl: 4WD/EV/Xtreme/ZR2  Regular/Extended/Crew 4.5-7.5 无可用尺码
488,1,OK,12,无可用尺码,皮卡,Chevrolet,S10,2003,4WD,,Extended,6,无可用尺码,12: Chevrolet S10 1982-2004 Incl: 4WD/EV/Xtreme/ZR2  Regular/Extended/Crew 4.5-7.5 无可用尺码
489,1,OK,12,无可用尺码,皮卡,Chevrolet,S10,2003,Xtreme,,Extended,6,无可用尺码,12: Chevrolet S10 1982-2004 Incl: 4WD/EV/Xtreme/ZR2  Regular/Extended/Crew 4.5-7.5 无可用尺码
490,1,OK,12,无可用尺码,皮卡,Chevrolet,S10,2003,ZR2,,Extended,6,无可用尺码,12: Chevrolet S10 1982-2004 Incl: 4WD/EV/Xtreme/ZR2  Regular/Extended/Crew 4.5-7.5 无可用尺码
491,1,OK,12,无可用尺码,皮卡,Chevrolet,S10,2003,,,Regular,6,无可用尺码,12: Chevrolet S10 1982-2004 Incl: 4WD/EV/Xtreme/ZR2  Regular/Extended/Crew 4.5-7.5 无可用尺码
492,1,OK,12,无可用尺码,皮卡,Chevrolet,S10,2003,Xtreme,,Regular,6,无可用尺码,12: Chevrolet S10 1982-2004 Incl: 4WD/EV/Xtreme/ZR2  Regular/Extended/Crew 4.5-7.5 无可用尺码
493,1,OK,12,无可用尺码,皮卡,Chevrolet,S10,2003,,,Regular,7.5,无可用尺码,12: Chevrolet S10 1982-2004 Incl: 4WD/EV/Xtreme/ZR2  Regular/Extended/Crew 4.5-7.5 无可用尺码
494,1,OK,12,无可用尺码,皮卡,Chevrolet,S10,2004,4WD,,Crew,4.5,无可用尺码,12: Chevrolet S10 1982-2004 Incl: 4WD/EV/Xtreme/ZR2  Regular/Extended/Crew 4.5-7.5 无可用尺码
495,1,OK,16,无可用尺码,皮卡,Chevrolet,SSR,2003,,,Regular,4.1,无可用尺码,16: Chevrolet SSR 2003-2006   Regular 4.1 无可用尺码
496,1,OK,16,无可用尺码,皮卡,Chevrolet,SSR,2004,,,Regular,4.1,无可用尺码,16: Chevrolet SSR 2003-2006   Regular 4.1 无可用尺码
497,1,OK,16,无可用尺码,皮卡,Chevrolet,SSR,2005,,,Regular,4.1,无可用尺码,16: Chevrolet SSR 2003-2006   Regular 4.1 无可用尺码
498,1,OK,16,无可用尺码,皮卡,Chevrolet,SSR,2006,,,Regular,4.1,无可用尺码,16: Chevrolet SSR 2003-2006   Regular 4.1 无可用尺码
499,1,OK,13,无可用尺码,皮卡,Chevrolet,Silverado 1500,1999,,,Extended,6.5,无可用尺码,13: Chevrolet Silverado 1500 1999-2026 Incl: Trail Boss  Regular/Extended/Crew/Double 5.8-8 无可用尺码
500,1,OK,13,无可用尺码,皮卡,Chevrolet,Silverado 1500,1999,,,Extended,8,无可用尺码,13: Chevrolet Silverado 1500 1999-2026 Incl: Trail Boss  Regular/Extended/Crew/Double 5.8-8 无可用尺码
501,1,OK,13,无可用尺码,皮卡,Chevrolet,Silverado 1500,1999,,,Regular,8,无可用尺码,13: Chevrolet Silverado 1500 1999-2026 Incl: Trail Boss  Regular/Extended/Crew/Double 5.8-8 无可用尺码
502,1,OK,13,无可用尺码,皮卡,Chevrolet,Silverado 1500,2000,,,Extended,6.5,无可用尺码,13: Chevrolet Silverado 1500 1999-2026 Incl: Trail Boss  Regular/Extended/Crew/Double 5.8-8 无可用尺码
503,1,OK,13,无可用尺码,皮卡,Chevrolet,Silverado 1500,2000,,,Extended,8,无可用尺码,13: Chevrolet Silverado 1500 1999-2026 Incl: Trail Boss  Regular/Extended/Crew/Double 5.8-8 无可用尺码
504,1,OK,13,无可用尺码,皮卡,Chevrolet,Silverado 1500,2000,,,Regular,8,无可用尺码,13: Chevrolet Silverado 1500 1999-2026 Incl: Trail Boss  Regular/Extended/Crew/Double 5.8-8 无可用尺码
505,1,OK,13,无可用尺码,皮卡,Chevrolet,Silverado 1500,2001,,,Extended,6.5,无可用尺码,13: Chevrolet Silverado 1500 1999-2026 Incl: Trail Boss  Regular/Extended/Crew/Double 5.8-8 无可用尺码
506,1,OK,13,无可用尺码,皮卡,Chevrolet,Silverado 1500,2001,,,Extended,8,无可用尺码,13: Chevrolet Silverado 1500 1999-2026 Incl: Trail Boss  Regular/Extended/Crew/Double 5.8-8 无可用尺码
507,1,OK,13,无可用尺码,皮卡,Chevrolet,Silverado 1500,2001,,,Regular,8,无可用尺码,13: Chevrolet Silverado 1500 1999-2026 Incl: Trail Boss  Regular/Extended/Crew/Double 5.8-8 无可用尺码
508,1,OK,13,无可用尺码,皮卡,Chevrolet,Silverado 1500,2002,,,Extended,6.5,无可用尺码,13: Chevrolet Silverado 1500 1999-2026 Incl: Trail Boss  Regular/Extended/Crew/Double 5.8-8 无可用尺码
509,1,OK,13,无可用尺码,皮卡,Chevrolet,Silverado 1500,2002,,,Extended,8,无可用尺码,13: Chevrolet Silverado 1500 1999-2026 Incl: Trail Boss  Regular/Extended/Crew/Double 5.8-8 无可用尺码
510,1,OK,13,无可用尺码,皮卡,Chevrolet,Silverado 1500,2002,,,Regular,8,无可用尺码,13: Chevrolet Silverado 1500 1999-2026 Incl: Trail Boss  Regular/Extended/Crew/Double 5.8-8 无可用尺码
511,1,OK,13,无可用尺码,皮卡,Chevrolet,Silverado 1500,2003,,,Extended,6.5,无可用尺码,13: Chevrolet Silverado 1500 1999-2026 Incl: Trail Boss  Regular/Extended/Crew/Double 5.8-8 无可用尺码
512,1,OK,13,无可用尺码,皮卡,Chevrolet,Silverado 1500,2003,,,Extended,8,无可用尺码,13: Chevrolet Silverado 1500 1999-2026 Incl: Trail Boss  Regular/Extended/Crew/Double 5.8-8 无可用尺码
513,1,OK,13,无可用尺码,皮卡,Chevrolet,Silverado 1500,2003,,,Regular,8,无可用尺码,13: Chevrolet Silverado 1500 1999-2026 Incl: Trail Boss  Regular/Extended/Crew/Double 5.8-8 无可用尺码
514,1,OK,13,无可用尺码,皮卡,Chevrolet,Silverado 1500,2004,,,Crew,5.8,无可用尺码,13: Chevrolet Silverado 1500 1999-2026 Incl: Trail Boss  Regular/Extended/Crew/Double 5.8-8 无可用尺码
515,1,OK,13,无可用尺码,皮卡,Chevrolet,Silverado 1500,2004,,,Extended,6.5,无可用尺码,13: Chevrolet Silverado 1500 1999-2026 Incl: Trail Boss  Regular/Extended/Crew/Double 5.8-8 无可用尺码
516,1,OK,13,无可用尺码,皮卡,Chevrolet,Silverado 1500,2004,,,Extended,8,无可用尺码,13: Chevrolet Silverado 1500 1999-2026 Incl: Trail Boss  Regular/Extended/Crew/Double 5.8-8 无可用尺码
517,1,OK,13,无可用尺码,皮卡,Chevrolet,Silverado 1500,2004,,,Regular,8,无可用尺码,13: Chevrolet Silverado 1500 1999-2026 Incl: Trail Boss  Regular/Extended/Crew/Double 5.8-8 无可用尺码
518,1,OK,13,无可用尺码,皮卡,Chevrolet,Silverado 1500,2005,,,Crew,5.8,无可用尺码,13: Chevrolet Silverado 1500 1999-2026 Incl: Trail Boss  Regular/Extended/Crew/Double 5.8-8 无可用尺码
519,1,OK,13,无可用尺码,皮卡,Chevrolet,Silverado 1500,2005,,,Extended,6.5,无可用尺码,13: Chevrolet Silverado 1500 1999-2026 Incl: Trail Boss  Regular/Extended/Crew/Double 5.8-8 无可用尺码
520,1,OK,13,无可用尺码,皮卡,Chevrolet,Silverado 1500,2005,,,Extended,8,无可用尺码,13: Chevrolet Silverado 1500 1999-2026 Incl: Trail Boss  Regular/Extended/Crew/Double 5.8-8 无可用尺码
521,1,OK,13,无可用尺码,皮卡,Chevrolet,Silverado 1500,2005,,,Regular,8,无可用尺码,13: Chevrolet Silverado 1500 1999-2026 Incl: Trail Boss  Regular/Extended/Crew/Double 5.8-8 无可用尺码
522,1,OK,13,无可用尺码,皮卡,Chevrolet,Silverado 1500,2006,,,Crew,5.8,无可用尺码,13: Chevrolet Silverado 1500 1999-2026 Incl: Trail Boss  Regular/Extended/Crew/Double 5.8-8 无可用尺码
523,1,OK,13,无可用尺码,皮卡,Chevrolet,Silverado 1500,2006,,,Extended,6.5,无可用尺码,13: Chevrolet Silverado 1500 1999-2026 Incl: Trail Boss  Regular/Extended/Crew/Double 5.8-8 无可用尺码
524,1,OK,13,无可用尺码,皮卡,Chevrolet,Silverado 1500,2006,,,Extended,8,无可用尺码,13: Chevrolet Silverado 1500 1999-2026 Incl: Trail Boss  Regular/Extended/Crew/Double 5.8-8 无可用尺码
525,1,OK,13,无可用尺码,皮卡,Chevrolet,Silverado 1500,2006,,,Regular,8,无可用尺码,13: Chevrolet Silverado 1500 1999-2026 Incl: Trail Boss  Regular/Extended/Crew/Double 5.8-8 无可用尺码
526,1,OK,13,无可用尺码,皮卡,Chevrolet,Silverado 1500,2007,,,Crew,5.8,无可用尺码,13: Chevrolet Silverado 1500 1999-2026 Incl: Trail Boss  Regular/Extended/Crew/Double 5.8-8 无可用尺码
527,1,OK,13,无可用尺码,皮卡,Chevrolet,Silverado 1500,2007,,,Extended,6.5,无可用尺码,13: Chevrolet Silverado 1500 1999-2026 Incl: Trail Boss  Regular/Extended/Crew/Double 5.8-8 无可用尺码
528,1,OK,13,无可用尺码,皮卡,Chevrolet,Silverado 1500,2007,,,Extended,8,无可用尺码,13: Chevrolet Silverado 1500 1999-2026 Incl: Trail Boss  Regular/Extended/Crew/Double 5.8-8 无可用尺码
529,1,OK,13,无可用尺码,皮卡,Chevrolet,Silverado 1500,2007,,,Regular,6.6,无可用尺码,13: Chevrolet Silverado 1500 1999-2026 Incl: Trail Boss  Regular/Extended/Crew/Double 5.8-8 无可用尺码
530,1,OK,13,无可用尺码,皮卡,Chevrolet,Silverado 1500,2007,,,Regular,8,无可用尺码,13: Chevrolet Silverado 1500 1999-2026 Incl: Trail Boss  Regular/Extended/Crew/Double 5.8-8 无可用尺码
531,1,OK,13,无可用尺码,皮卡,Chevrolet,Silverado 1500,2008,,,Crew,5.8,无可用尺码,13: Chevrolet Silverado 1500 1999-2026 Incl: Trail Boss  Regular/Extended/Crew/Double 5.8-8 无可用尺码
532,1,OK,13,无可用尺码,皮卡,Chevrolet,Silverado 1500,2008,,,Extended,6.5,无可用尺码,13: Chevrolet Silverado 1500 1999-2026 Incl: Trail Boss  Regular/Extended/Crew/Double 5.8-8 无可用尺码
533,1,OK,13,无可用尺码,皮卡,Chevrolet,Silverado 1500,2008,,,Extended,8,无可用尺码,13: Chevrolet Silverado 1500 1999-2026 Incl: Trail Boss  Regular/Extended/Crew/Double 5.8-8 无可用尺码
534,1,OK,13,无可用尺码,皮卡,Chevrolet,Silverado 1500,2008,,,Regular,6.6,无可用尺码,13: Chevrolet Silverado 1500 1999-2026 Incl: Trail Boss  Regular/Extended/Crew/Double 5.8-8 无可用尺码
535,1,OK,13,无可用尺码,皮卡,Chevrolet,Silverado 1500,2008,,,Regular,8,无可用尺码,13: Chevrolet Silverado 1500 1999-2026 Incl: Trail Boss  Regular/Extended/Crew/Double 5.8-8 无可用尺码
536,1,OK,13,无可用尺码,皮卡,Chevrolet,Silverado 1500,2009,,,Crew,5.8,无可用尺码,13: Chevrolet Silverado 1500 1999-2026 Incl: Trail Boss  Regular/Extended/Crew/Double 5.8-8 无可用尺码
537,1,OK,13,无可用尺码,皮卡,Chevrolet,Silverado 1500,2009,,,Extended,6.5,无可用尺码,13: Chevrolet Silverado 1500 1999-2026 Incl: Trail Boss  Regular/Extended/Crew/Double 5.8-8 无可用尺码
538,1,OK,13,无可用尺码,皮卡,Chevrolet,Silverado 1500,2009,,,Extended,8,无可用尺码,13: Chevrolet Silverado 1500 1999-2026 Incl: Trail Boss  Regular/Extended/Crew/Double 5.8-8 无可用尺码
539,1,OK,13,无可用尺码,皮卡,Chevrolet,Silverado 1500,2009,,,Regular,6.6,无可用尺码,13: Chevrolet Silverado 1500 1999-2026 Incl: Trail Boss  Regular/Extended/Crew/Double 5.8-8 无可用尺码
540,1,OK,13,无可用尺码,皮卡,Chevrolet,Silverado 1500,2009,,,Regular,8,无可用尺码,13: Chevrolet Silverado 1500 1999-2026 Incl: Trail Boss  Regular/Extended/Crew/Double 5.8-8 无可用尺码
541,1,OK,13,无可用尺码,皮卡,Chevrolet,Silverado 1500,2010,,,Crew,5.8,无可用尺码,13: Chevrolet Silverado 1500 1999-2026 Incl: Trail Boss  Regular/Extended/Crew/Double 5.8-8 无可用尺码
542,1,OK,13,无可用尺码,皮卡,Chevrolet,Silverado 1500,2010,,,Extended,6.5,无可用尺码,13: Chevrolet Silverado 1500 1999-2026 Incl: Trail Boss  Regular/Extended/Crew/Double 5.8-8 无可用尺码
543,1,OK,13,无可用尺码,皮卡,Chevrolet,Silverado 1500,2010,,,Extended,8,无可用尺码,13: Chevrolet Silverado 1500 1999-2026 Incl: Trail Boss  Regular/Extended/Crew/Double 5.8-8 无可用尺码
544,1,OK,13,无可用尺码,皮卡,Chevrolet,Silverado 1500,2010,,,Regular,6.6,无可用尺码,13: Chevrolet Silverado 1500 1999-2026 Incl: Trail Boss  Regular/Extended/Crew/Double 5.8-8 无可用尺码
545,1,OK,13,无可用尺码,皮卡,Chevrolet,Silverado 1500,2010,,,Regular,8,无可用尺码,13: Chevrolet Silverado 1500 1999-2026 Incl: Trail Boss  Regular/Extended/Crew/Double 5.8-8 无可用尺码
546,1,OK,13,无可用尺码,皮卡,Chevrolet,Silverado 1500,2011,,,Crew,5.8,无可用尺码,13: Chevrolet Silverado 1500 1999-2026 Incl: Trail Boss  Regular/Extended/Crew/Double 5.8-8 无可用尺码
547,1,OK,13,无可用尺码,皮卡,Chevrolet,Silverado 1500,2011,,,Extended,6.5,无可用尺码,13: Chevrolet Silverado 1500 1999-2026 Incl: Trail Boss  Regular/Extended/Crew/Double 5.8-8 无可用尺码
548,1,OK,13,无可用尺码,皮卡,Chevrolet,Silverado 1500,2011,,,Extended,8,无可用尺码,13: Chevrolet Silverado 1500 1999-2026 Incl: Trail Boss  Regular/Extended/Crew/Double 5.8-8 无可用尺码
549,1,OK,13,无可用尺码,皮卡,Chevrolet,Silverado 1500,2011,,,Regular,6.6,无可用尺码,13: Chevrolet Silverado 1500 1999-2026 Incl: Trail Boss  Regular/Extended/Crew/Double 5.8-8 无可用尺码
550,1,OK,13,无可用尺码,皮卡,Chevrolet,Silverado 1500,2011,,,Regular,8,无可用尺码,13: Chevrolet Silverado 1500 1999-2026 Incl: Trail Boss  Regular/Extended/Crew/Double 5.8-8 无可用尺码
551,1,OK,13,无可用尺码,皮卡,Chevrolet,Silverado 1500,2012,,,Crew,5.8,无可用尺码,13: Chevrolet Silverado 1500 1999-2026 Incl: Trail Boss  Regular/Extended/Crew/Double 5.8-8 无可用尺码
552,1,OK,13,无可用尺码,皮卡,Chevrolet,Silverado 1500,2012,,,Extended,6.5,无可用尺码,13: Chevrolet Silverado 1500 1999-2026 Incl: Trail Boss  Regular/Extended/Crew/Double 5.8-8 无可用尺码
553,1,OK,13,无可用尺码,皮卡,Chevrolet,Silverado 1500,2012,,,Extended,8,无可用尺码,13: Chevrolet Silverado 1500 1999-2026 Incl: Trail Boss  Regular/Extended/Crew/Double 5.8-8 无可用尺码
554,1,OK,13,无可用尺码,皮卡,Chevrolet,Silverado 1500,2012,,,Regular,6.6,无可用尺码,13: Chevrolet Silverado 1500 1999-2026 Incl: Trail Boss  Regular/Extended/Crew/Double 5.8-8 无可用尺码
555,1,OK,13,无可用尺码,皮卡,Chevrolet,Silverado 1500,2012,,,Regular,8,无可用尺码,13: Chevrolet Silverado 1500 1999-2026 Incl: Trail Boss  Regular/Extended/Crew/Double 5.8-8 无可用尺码
556,1,OK,13,无可用尺码,皮卡,Chevrolet,Silverado 1500,2013,,,Crew,5.8,无可用尺码,13: Chevrolet Silverado 1500 1999-2026 Incl: Trail Boss  Regular/Extended/Crew/Double 5.8-8 无可用尺码
557,1,OK,13,无可用尺码,皮卡,Chevrolet,Silverado 1500,2013,,,Extended,6.5,无可用尺码,13: Chevrolet Silverado 1500 1999-2026 Incl: Trail Boss  Regular/Extended/Crew/Double 5.8-8 无可用尺码
558,1,OK,13,无可用尺码,皮卡,Chevrolet,Silverado 1500,2013,,,Extended,8,无可用尺码,13: Chevrolet Silverado 1500 1999-2026 Incl: Trail Boss  Regular/Extended/Crew/Double 5.8-8 无可用尺码
559,1,OK,13,无可用尺码,皮卡,Chevrolet,Silverado 1500,2013,,,Regular,6.6,无可用尺码,13: Chevrolet Silverado 1500 1999-2026 Incl: Trail Boss  Regular/Extended/Crew/Double 5.8-8 无可用尺码
560,1,OK,13,无可用尺码,皮卡,Chevrolet,Silverado 1500,2013,,,Regular,8,无可用尺码,13: Chevrolet Silverado 1500 1999-2026 Incl: Trail Boss  Regular/Extended/Crew/Double 5.8-8 无可用尺码
561,1,OK,13,无可用尺码,皮卡,Chevrolet,Silverado 1500,2014,,,Crew,5.8,无可用尺码,13: Chevrolet Silverado 1500 1999-2026 Incl: Trail Boss  Regular/Extended/Crew/Double 5.8-8 无可用尺码
562,1,OK,13,无可用尺码,皮卡,Chevrolet,Silverado 1500,2014,,,Double,6.6,无可用尺码,13: Chevrolet Silverado 1500 1999-2026 Incl: Trail Boss  Regular/Extended/Crew/Double 5.8-8 无可用尺码
563,1,OK,13,无可用尺码,皮卡,Chevrolet,Silverado 1500,2014,,,Regular,6.6,无可用尺码,13: Chevrolet Silverado 1500 1999-2026 Incl: Trail Boss  Regular/Extended/Crew/Double 5.8-8 无可用尺码
564,1,OK,13,无可用尺码,皮卡,Chevrolet,Silverado 1500,2014,,,Regular,8,无可用尺码,13: Chevrolet Silverado 1500 1999-2026 Incl: Trail Boss  Regular/Extended/Crew/Double 5.8-8 无可用尺码
565,1,OK,13,无可用尺码,皮卡,Chevrolet,Silverado 1500,2015,,,Crew,5.8,无可用尺码,13: Chevrolet Silverado 1500 1999-2026 Incl: Trail Boss  Regular/Extended/Crew/Double 5.8-8 无可用尺码
566,1,OK,13,无可用尺码,皮卡,Chevrolet,Silverado 1500,2015,,,Double,6.6,无可用尺码,13: Chevrolet Silverado 1500 1999-2026 Incl: Trail Boss  Regular/Extended/Crew/Double 5.8-8 无可用尺码
567,1,OK,13,无可用尺码,皮卡,Chevrolet,Silverado 1500,2015,,,Regular,6.6,无可用尺码,13: Chevrolet Silverado 1500 1999-2026 Incl: Trail Boss  Regular/Extended/Crew/Double 5.8-8 无可用尺码
568,1,OK,13,无可用尺码,皮卡,Chevrolet,Silverado 1500,2015,,,Regular,8,无可用尺码,13: Chevrolet Silverado 1500 1999-2026 Incl: Trail Boss  Regular/Extended/Crew/Double 5.8-8 无可用尺码
569,1,OK,13,无可用尺码,皮卡,Chevrolet,Silverado 1500,2016,,,Crew,5.8,无可用尺码,13: Chevrolet Silverado 1500 1999-2026 Incl: Trail Boss  Regular/Extended/Crew/Double 5.8-8 无可用尺码
570,1,OK,13,无可用尺码,皮卡,Chevrolet,Silverado 1500,2016,,,Double,6.6,无可用尺码,13: Chevrolet Silverado 1500 1999-2026 Incl: Trail Boss  Regular/Extended/Crew/Double 5.8-8 无可用尺码
571,1,OK,13,无可用尺码,皮卡,Chevrolet,Silverado 1500,2016,,,Regular,6.6,无可用尺码,13: Chevrolet Silverado 1500 1999-2026 Incl: Trail Boss  Regular/Extended/Crew/Double 5.8-8 无可用尺码
572,1,OK,13,无可用尺码,皮卡,Chevrolet,Silverado 1500,2016,,,Regular,8,无可用尺码,13: Chevrolet Silverado 1500 1999-2026 Incl: Trail Boss  Regular/Extended/Crew/Double 5.8-8 无可用尺码
573,1,OK,13,无可用尺码,皮卡,Chevrolet,Silverado 1500,2017,,,Crew,5.8,无可用尺码,13: Chevrolet Silverado 1500 1999-2026 Incl: Trail Boss  Regular/Extended/Crew/Double 5.8-8 无可用尺码
574,1,OK,13,无可用尺码,皮卡,Chevrolet,Silverado 1500,2017,,,Double,6.6,无可用尺码,13: Chevrolet Silverado 1500 1999-2026 Incl: Trail Boss  Regular/Extended/Crew/Double 5.8-8 无可用尺码
575,1,OK,13,无可用尺码,皮卡,Chevrolet,Silverado 1500,2017,,,Regular,6.6,无可用尺码,13: Chevrolet Silverado 1500 1999-2026 Incl: Trail Boss  Regular/Extended/Crew/Double 5.8-8 无可用尺码
576,1,OK,13,无可用尺码,皮卡,Chevrolet,Silverado 1500,2017,,,Regular,8,无可用尺码,13: Chevrolet Silverado 1500 1999-2026 Incl: Trail Boss  Regular/Extended/Crew/Double 5.8-8 无可用尺码
577,1,OK,13,无可用尺码,皮卡,Chevrolet,Silverado 1500,2018,,,Crew,5.8,无可用尺码,13: Chevrolet Silverado 1500 1999-2026 Incl: Trail Boss  Regular/Extended/Crew/Double 5.8-8 无可用尺码
578,1,OK,13,无可用尺码,皮卡,Chevrolet,Silverado 1500,2018,,,Double,6.6,无可用尺码,13: Chevrolet Silverado 1500 1999-2026 Incl: Trail Boss  Regular/Extended/Crew/Double 5.8-8 无可用尺码
579,1,OK,13,无可用尺码,皮卡,Chevrolet,Silverado 1500,2018,,,Regular,6.6,无可用尺码,13: Chevrolet Silverado 1500 1999-2026 Incl: Trail Boss  Regular/Extended/Crew/Double 5.8-8 无可用尺码
580,1,OK,13,无可用尺码,皮卡,Chevrolet,Silverado 1500,2018,,,Regular,8,无可用尺码,13: Chevrolet Silverado 1500 1999-2026 Incl: Trail Boss  Regular/Extended/Crew/Double 5.8-8 无可用尺码
581,1,OK,13,无可用尺码,皮卡,Chevrolet,Silverado 1500,2019,,,Crew,5.8,无可用尺码,13: Chevrolet Silverado 1500 1999-2026 Incl: Trail Boss  Regular/Extended/Crew/Double 5.8-8 无可用尺码
582,1,OK,13,无可用尺码,皮卡,Chevrolet,Silverado 1500,2019,,,Double,6.6,无可用尺码,13: Chevrolet Silverado 1500 1999-2026 Incl: Trail Boss  Regular/Extended/Crew/Double 5.8-8 无可用尺码
583,1,OK,13,无可用尺码,皮卡,Chevrolet,Silverado 1500,2019,,,Regular,8,无可用尺码,13: Chevrolet Silverado 1500 1999-2026 Incl: Trail Boss  Regular/Extended/Crew/Double 5.8-8 无可用尺码
584,1,OK,13,无可用尺码,皮卡,Chevrolet,Silverado 1500,2020,,,Crew,5.8,无可用尺码,13: Chevrolet Silverado 1500 1999-2026 Incl: Trail Boss  Regular/Extended/Crew/Double 5.8-8 无可用尺码
585,1,OK,13,无可用尺码,皮卡,Chevrolet,Silverado 1500,2020,,,Double,6.6,无可用尺码,13: Chevrolet Silverado 1500 1999-2026 Incl: Trail Boss  Regular/Extended/Crew/Double 5.8-8 无可用尺码
586,1,OK,13,无可用尺码,皮卡,Chevrolet,Silverado 1500,2020,,,Regular,8,无可用尺码,13: Chevrolet Silverado 1500 1999-2026 Incl: Trail Boss  Regular/Extended/Crew/Double 5.8-8 无可用尺码
587,1,OK,13,无可用尺码,皮卡,Chevrolet,Silverado 1500,2021,,,Crew,5.8,无可用尺码,13: Chevrolet Silverado 1500 1999-2026 Incl: Trail Boss  Regular/Extended/Crew/Double 5.8-8 无可用尺码
588,1,OK,13,无可用尺码,皮卡,Chevrolet,Silverado 1500,2021,Trail Boss,,Crew,5.8,无可用尺码,13: Chevrolet Silverado 1500 1999-2026 Incl: Trail Boss  Regular/Extended/Crew/Double 5.8-8 无可用尺码
589,1,OK,13,无可用尺码,皮卡,Chevrolet,Silverado 1500,2021,,,Double,6.6,无可用尺码,13: Chevrolet Silverado 1500 1999-2026 Incl: Trail Boss  Regular/Extended/Crew/Double 5.8-8 无可用尺码
590,1,OK,13,无可用尺码,皮卡,Chevrolet,Silverado 1500,2021,,,Regular,8,无可用尺码,13: Chevrolet Silverado 1500 1999-2026 Incl: Trail Boss  Regular/Extended/Crew/Double 5.8-8 无可用尺码
591,1,OK,13,无可用尺码,皮卡,Chevrolet,Silverado 1500,2022,,,Crew,5.8,无可用尺码,13: Chevrolet Silverado 1500 1999-2026 Incl: Trail Boss  Regular/Extended/Crew/Double 5.8-8 无可用尺码
592,1,OK,13,无可用尺码,皮卡,Chevrolet,Silverado 1500,2022,Trail Boss,,Crew,5.8,无可用尺码,13: Chevrolet Silverado 1500 1999-2026 Incl: Trail Boss  Regular/Extended/Crew/Double 5.8-8 无可用尺码
593,1,OK,13,无可用尺码,皮卡,Chevrolet,Silverado 1500,2022,,,Double,6.6,无可用尺码,13: Chevrolet Silverado 1500 1999-2026 Incl: Trail Boss  Regular/Extended/Crew/Double 5.8-8 无可用尺码
594,1,OK,13,无可用尺码,皮卡,Chevrolet,Silverado 1500,2022,,,Regular,6.6,无可用尺码,13: Chevrolet Silverado 1500 1999-2026 Incl: Trail Boss  Regular/Extended/Crew/Double 5.8-8 无可用尺码
595,1,OK,13,无可用尺码,皮卡,Chevrolet,Silverado 1500,2022,,,Regular,8,无可用尺码,13: Chevrolet Silverado 1500 1999-2026 Incl: Trail Boss  Regular/Extended/Crew/Double 5.8-8 无可用尺码
596,1,OK,13,无可用尺码,皮卡,Chevrolet,Silverado 1500,2023,,,Crew,5.8,无可用尺码,13: Chevrolet Silverado 1500 1999-2026 Incl: Trail Boss  Regular/Extended/Crew/Double 5.8-8 无可用尺码
597,1,OK,13,无可用尺码,皮卡,Chevrolet,Silverado 1500,2023,Trail Boss,,Crew,5.8,无可用尺码,13: Chevrolet Silverado 1500 1999-2026 Incl: Trail Boss  Regular/Extended/Crew/Double 5.8-8 无可用尺码
598,1,OK,13,无可用尺码,皮卡,Chevrolet,Silverado 1500,2023,,,Double,6.6,无可用尺码,13: Chevrolet Silverado 1500 1999-2026 Incl: Trail Boss  Regular/Extended/Crew/Double 5.8-8 无可用尺码
599,1,OK,13,无可用尺码,皮卡,Chevrolet,Silverado 1500,2023,,,Regular,6.6,无可用尺码,13: Chevrolet Silverado 1500 1999-2026 Incl: Trail Boss  Regular/Extended/Crew/Double 5.8-8 无可用尺码
600,1,OK,13,无可用尺码,皮卡,Chevrolet,Silverado 1500,2023,,,Regular,8,无可用尺码,13: Chevrolet Silverado 1500 1999-2026 Incl: Trail Boss  Regular/Extended/Crew/Double 5.8-8 无可用尺码
601,1,OK,13,无可用尺码,皮卡,Chevrolet,Silverado 1500,2024,,,Crew,5.8,无可用尺码,13: Chevrolet Silverado 1500 1999-2026 Incl: Trail Boss  Regular/Extended/Crew/Double 5.8-8 无可用尺码
602,1,OK,13,无可用尺码,皮卡,Chevrolet,Silverado 1500,2024,Trail Boss,,Crew,5.8,无可用尺码,13: Chevrolet Silverado 1500 1999-2026 Incl: Trail Boss  Regular/Extended/Crew/Double 5.8-8 无可用尺码
603,1,OK,13,无可用尺码,皮卡,Chevrolet,Silverado 1500,2024,,,Double,6.6,无可用尺码,13: Chevrolet Silverado 1500 1999-2026 Incl: Trail Boss  Regular/Extended/Crew/Double 5.8-8 无可用尺码
604,1,OK,13,无可用尺码,皮卡,Chevrolet,Silverado 1500,2024,,,Regular,6.6,无可用尺码,13: Chevrolet Silverado 1500 1999-2026 Incl: Trail Boss  Regular/Extended/Crew/Double 5.8-8 无可用尺码
605,1,OK,13,无可用尺码,皮卡,Chevrolet,Silverado 1500,2024,,,Regular,8,无可用尺码,13: Chevrolet Silverado 1500 1999-2026 Incl: Trail Boss  Regular/Extended/Crew/Double 5.8-8 无可用尺码
606,1,OK,13,无可用尺码,皮卡,Chevrolet,Silverado 1500,2025,,,Crew,5.8,无可用尺码,13: Chevrolet Silverado 1500 1999-2026 Incl: Trail Boss  Regular/Extended/Crew/Double 5.8-8 无可用尺码
607,1,OK,13,无可用尺码,皮卡,Chevrolet,Silverado 1500,2025,Trail Boss,,Crew,5.8,无可用尺码,13: Chevrolet Silverado 1500 1999-2026 Incl: Trail Boss  Regular/Extended/Crew/Double 5.8-8 无可用尺码
608,1,OK,13,无可用尺码,皮卡,Chevrolet,Silverado 1500,2025,,,Double,6.6,无可用尺码,13: Chevrolet Silverado 1500 1999-2026 Incl: Trail Boss  Regular/Extended/Crew/Double 5.8-8 无可用尺码
609,1,OK,13,无可用尺码,皮卡,Chevrolet,Silverado 1500,2025,,,Regular,6.6,无可用尺码,13: Chevrolet Silverado 1500 1999-2026 Incl: Trail Boss  Regular/Extended/Crew/Double 5.8-8 无可用尺码
610,1,OK,13,无可用尺码,皮卡,Chevrolet,Silverado 1500,2025,,,Regular,8,无可用尺码,13: Chevrolet Silverado 1500 1999-2026 Incl: Trail Boss  Regular/Extended/Crew/Double 5.8-8 无可用尺码
611,1,OK,13,无可用尺码,皮卡,Chevrolet,Silverado 1500,2026,,,Crew,5.8,无可用尺码,13: Chevrolet Silverado 1500 1999-2026 Incl: Trail Boss  Regular/Extended/Crew/Double 5.8-8 无可用尺码
612,1,OK,13,无可用尺码,皮卡,Chevrolet,Silverado 1500,2026,Trail Boss,,Crew,5.8,无可用尺码,13: Chevrolet Silverado 1500 1999-2026 Incl: Trail Boss  Regular/Extended/Crew/Double 5.8-8 无可用尺码
613,1,OK,13,无可用尺码,皮卡,Chevrolet,Silverado 1500,2026,,,Double,6.6,无可用尺码,13: Chevrolet Silverado 1500 1999-2026 Incl: Trail Boss  Regular/Extended/Crew/Double 5.8-8 无可用尺码
614,1,OK,13,无可用尺码,皮卡,Chevrolet,Silverado 1500,2026,,,Regular,6.6,无可用尺码,13: Chevrolet Silverado 1500 1999-2026 Incl: Trail Boss  Regular/Extended/Crew/Double 5.8-8 无可用尺码
615,1,OK,13,无可用尺码,皮卡,Chevrolet,Silverado 1500,2026,,,Regular,8,无可用尺码,13: Chevrolet Silverado 1500 1999-2026 Incl: Trail Boss  Regular/Extended/Crew/Double 5.8-8 无可用尺码
616,1,OK,14,无可用尺码,皮卡,Chevrolet,Silverado 1500HD,2001,,,Crew,6.6,无可用尺码,14: Chevrolet Silverado 1500HD 2001-2007 Incl: Classic  Crew 6.6 无可用尺码
617,1,OK,14,无可用尺码,皮卡,Chevrolet,Silverado 1500HD,2002,,,Crew,6.6,无可用尺码,14: Chevrolet Silverado 1500HD 2001-2007 Incl: Classic  Crew 6.6 无可用尺码
618,1,OK,14,无可用尺码,皮卡,Chevrolet,Silverado 1500HD,2003,,,Crew,6.6,无可用尺码,14: Chevrolet Silverado 1500HD 2001-2007 Incl: Classic  Crew 6.6 无可用尺码
619,1,OK,14,无可用尺码,皮卡,Chevrolet,Silverado 1500HD,2005,,,Crew,6.6,无可用尺码,14: Chevrolet Silverado 1500HD 2001-2007 Incl: Classic  Crew 6.6 无可用尺码
620,1,OK,14,无可用尺码,皮卡,Chevrolet,Silverado 1500HD,2006,,,Crew,6.6,无可用尺码,14: Chevrolet Silverado 1500HD 2001-2007 Incl: Classic  Crew 6.6 无可用尺码
621,1,OK,14,无可用尺码,皮卡,Chevrolet,Silverado 1500HD,2007,Classic,,Crew,6.6,无可用尺码,14: Chevrolet Silverado 1500HD 2001-2007 Incl: Classic  Crew 6.6 无可用尺码
622,1,OK,15,无可用尺码,皮卡,Chevrolet,Silverado 2500HD/3500HD,2001,,,Crew,8,无可用尺码,15: Chevrolet Silverado 2500HD/3500HD 2001-2026 Incl: DRW  Crew/Regular/Double 6.5-8 无可用尺码
623,1,OK,15,无可用尺码,皮卡,Chevrolet,Silverado 2500HD/3500HD,2001,,,Regular,8,无可用尺码,15: Chevrolet Silverado 2500HD/3500HD 2001-2026 Incl: DRW  Crew/Regular/Double 6.5-8 无可用尺码
624,1,OK,15,无可用尺码,皮卡,Chevrolet,Silverado 2500HD/3500HD,2002,,,Crew,8,无可用尺码,15: Chevrolet Silverado 2500HD/3500HD 2001-2026 Incl: DRW  Crew/Regular/Double 6.5-8 无可用尺码
625,1,OK,15,无可用尺码,皮卡,Chevrolet,Silverado 2500HD/3500HD,2002,,,Regular,8,无可用尺码,15: Chevrolet Silverado 2500HD/3500HD 2001-2026 Incl: DRW  Crew/Regular/Double 6.5-8 无可用尺码
626,1,OK,15,无可用尺码,皮卡,Chevrolet,Silverado 2500HD/3500HD,2003,,,Crew,8,无可用尺码,15: Chevrolet Silverado 2500HD/3500HD 2001-2026 Incl: DRW  Crew/Regular/Double 6.5-8 无可用尺码
627,1,OK,15,无可用尺码,皮卡,Chevrolet,Silverado 2500HD/3500HD,2003,,,Regular,8,无可用尺码,15: Chevrolet Silverado 2500HD/3500HD 2001-2026 Incl: DRW  Crew/Regular/Double 6.5-8 无可用尺码
628,1,OK,15,无可用尺码,皮卡,Chevrolet,Silverado 2500HD/3500HD,2004,,,Crew,8,无可用尺码,15: Chevrolet Silverado 2500HD/3500HD 2001-2026 Incl: DRW  Crew/Regular/Double 6.5-8 无可用尺码
629,1,OK,15,无可用尺码,皮卡,Chevrolet,Silverado 2500HD/3500HD,2004,,,Regular,8,无可用尺码,15: Chevrolet Silverado 2500HD/3500HD 2001-2026 Incl: DRW  Crew/Regular/Double 6.5-8 无可用尺码
630,1,OK,15,无可用尺码,皮卡,Chevrolet,Silverado 2500HD/3500HD,2005,,,Crew,8,无可用尺码,15: Chevrolet Silverado 2500HD/3500HD 2001-2026 Incl: DRW  Crew/Regular/Double 6.5-8 无可用尺码
631,1,OK,15,无可用尺码,皮卡,Chevrolet,Silverado 2500HD/3500HD,2005,,,Regular,8,无可用尺码,15: Chevrolet Silverado 2500HD/3500HD 2001-2026 Incl: DRW  Crew/Regular/Double 6.5-8 无可用尺码
632,1,OK,15,无可用尺码,皮卡,Chevrolet,Silverado 2500HD/3500HD,2006,,,Crew,8,无可用尺码,15: Chevrolet Silverado 2500HD/3500HD 2001-2026 Incl: DRW  Crew/Regular/Double 6.5-8 无可用尺码
633,1,OK,15,无可用尺码,皮卡,Chevrolet,Silverado 2500HD/3500HD,2006,,,Regular,8,无可用尺码,15: Chevrolet Silverado 2500HD/3500HD 2001-2026 Incl: DRW  Crew/Regular/Double 6.5-8 无可用尺码
634,1,OK,15,无可用尺码,皮卡,Chevrolet,Silverado 2500HD/3500HD,2007,,,Crew,8,无可用尺码,15: Chevrolet Silverado 2500HD/3500HD 2001-2026 Incl: DRW  Crew/Regular/Double 6.5-8 无可用尺码
635,1,OK,15,无可用尺码,皮卡,Chevrolet,Silverado 2500HD/3500HD,2007,,,Regular,8,无可用尺码,15: Chevrolet Silverado 2500HD/3500HD 2001-2026 Incl: DRW  Crew/Regular/Double 6.5-8 无可用尺码
636,1,OK,15,无可用尺码,皮卡,Chevrolet,Silverado 2500HD/3500HD,2008,,,Crew,6.5,无可用尺码,15: Chevrolet Silverado 2500HD/3500HD 2001-2026 Incl: DRW  Crew/Regular/Double 6.5-8 无可用尺码
637,1,OK,15,无可用尺码,皮卡,Chevrolet,Silverado 2500HD/3500HD,2008,,,Crew,8,无可用尺码,15: Chevrolet Silverado 2500HD/3500HD 2001-2026 Incl: DRW  Crew/Regular/Double 6.5-8 无可用尺码
638,1,OK,15,无可用尺码,皮卡,Chevrolet,Silverado 2500HD/3500HD,2008,,,Regular,8,无可用尺码,15: Chevrolet Silverado 2500HD/3500HD 2001-2026 Incl: DRW  Crew/Regular/Double 6.5-8 无可用尺码
639,1,OK,15,无可用尺码,皮卡,Chevrolet,Silverado 2500HD/3500HD,2009,,,Crew,6.5,无可用尺码,15: Chevrolet Silverado 2500HD/3500HD 2001-2026 Incl: DRW  Crew/Regular/Double 6.5-8 无可用尺码
640,1,OK,15,无可用尺码,皮卡,Chevrolet,Silverado 2500HD/3500HD,2009,,,Crew,8,无可用尺码,15: Chevrolet Silverado 2500HD/3500HD 2001-2026 Incl: DRW  Crew/Regular/Double 6.5-8 无可用尺码
641,1,OK,15,无可用尺码,皮卡,Chevrolet,Silverado 2500HD/3500HD,2009,,,Regular,8,无可用尺码,15: Chevrolet Silverado 2500HD/3500HD 2001-2026 Incl: DRW  Crew/Regular/Double 6.5-8 无可用尺码
642,1,OK,15,无可用尺码,皮卡,Chevrolet,Silverado 2500HD/3500HD,2010,,,Crew,6.5,无可用尺码,15: Chevrolet Silverado 2500HD/3500HD 2001-2026 Incl: DRW  Crew/Regular/Double 6.5-8 无可用尺码
643,1,OK,15,无可用尺码,皮卡,Chevrolet,Silverado 2500HD/3500HD,2010,,,Crew,8,无可用尺码,15: Chevrolet Silverado 2500HD/3500HD 2001-2026 Incl: DRW  Crew/Regular/Double 6.5-8 无可用尺码
644,1,OK,15,无可用尺码,皮卡,Chevrolet,Silverado 2500HD/3500HD,2010,,,Regular,8,无可用尺码,15: Chevrolet Silverado 2500HD/3500HD 2001-2026 Incl: DRW  Crew/Regular/Double 6.5-8 无可用尺码
645,1,OK,15,无可用尺码,皮卡,Chevrolet,Silverado 2500HD/3500HD,2011,,,Crew,6.5,无可用尺码,15: Chevrolet Silverado 2500HD/3500HD 2001-2026 Incl: DRW  Crew/Regular/Double 6.5-8 无可用尺码
646,1,OK,15,无可用尺码,皮卡,Chevrolet,Silverado 2500HD/3500HD,2011,,,Crew,8,无可用尺码,15: Chevrolet Silverado 2500HD/3500HD 2001-2026 Incl: DRW  Crew/Regular/Double 6.5-8 无可用尺码
647,1,OK,15,无可用尺码,皮卡,Chevrolet,Silverado 2500HD/3500HD,2011,,,Regular,8,无可用尺码,15: Chevrolet Silverado 2500HD/3500HD 2001-2026 Incl: DRW  Crew/Regular/Double 6.5-8 无可用尺码
648,1,OK,15,无可用尺码,皮卡,Chevrolet,Silverado 2500HD/3500HD,2012,,,Crew,6.5,无可用尺码,15: Chevrolet Silverado 2500HD/3500HD 2001-2026 Incl: DRW  Crew/Regular/Double 6.5-8 无可用尺码
649,1,OK,15,无可用尺码,皮卡,Chevrolet,Silverado 2500HD/3500HD,2012,,,Crew,8,无可用尺码,15: Chevrolet Silverado 2500HD/3500HD 2001-2026 Incl: DRW  Crew/Regular/Double 6.5-8 无可用尺码
650,1,OK,15,无可用尺码,皮卡,Chevrolet,Silverado 2500HD/3500HD,2012,,,Regular,8,无可用尺码,15: Chevrolet Silverado 2500HD/3500HD 2001-2026 Incl: DRW  Crew/Regular/Double 6.5-8 无可用尺码
651,1,OK,15,无可用尺码,皮卡,Chevrolet,Silverado 2500HD/3500HD,2013,,,Crew,6.5,无可用尺码,15: Chevrolet Silverado 2500HD/3500HD 2001-2026 Incl: DRW  Crew/Regular/Double 6.5-8 无可用尺码
652,1,OK,15,无可用尺码,皮卡,Chevrolet,Silverado 2500HD/3500HD,2013,,,Crew,8,无可用尺码,15: Chevrolet Silverado 2500HD/3500HD 2001-2026 Incl: DRW  Crew/Regular/Double 6.5-8 无可用尺码
653,1,OK,15,无可用尺码,皮卡,Chevrolet,Silverado 2500HD/3500HD,2013,,,Regular,8,无可用尺码,15: Chevrolet Silverado 2500HD/3500HD 2001-2026 Incl: DRW  Crew/Regular/Double 6.5-8 无可用尺码
654,1,OK,15,无可用尺码,皮卡,Chevrolet,Silverado 2500HD/3500HD,2014,,,Crew,6.5,无可用尺码,15: Chevrolet Silverado 2500HD/3500HD 2001-2026 Incl: DRW  Crew/Regular/Double 6.5-8 无可用尺码
655,1,OK,15,无可用尺码,皮卡,Chevrolet,Silverado 2500HD/3500HD,2014,,,Crew,8,无可用尺码,15: Chevrolet Silverado 2500HD/3500HD 2001-2026 Incl: DRW  Crew/Regular/Double 6.5-8 无可用尺码
656,1,OK,15,无可用尺码,皮卡,Chevrolet,Silverado 2500HD/3500HD,2014,,,Regular,8,无可用尺码,15: Chevrolet Silverado 2500HD/3500HD 2001-2026 Incl: DRW  Crew/Regular/Double 6.5-8 无可用尺码
657,1,OK,15,无可用尺码,皮卡,Chevrolet,Silverado 2500HD/3500HD,2015,,,Crew,6.5,无可用尺码,15: Chevrolet Silverado 2500HD/3500HD 2001-2026 Incl: DRW  Crew/Regular/Double 6.5-8 无可用尺码
658,1,OK,15,无可用尺码,皮卡,Chevrolet,Silverado 2500HD/3500HD,2015,DRW,,Crew,8,无可用尺码,15: Chevrolet Silverado 2500HD/3500HD 2001-2026 Incl: DRW  Crew/Regular/Double 6.5-8 无可用尺码
659,1,OK,15,无可用尺码,皮卡,Chevrolet,Silverado 2500HD/3500HD,2015,,,Double,6.8,无可用尺码,15: Chevrolet Silverado 2500HD/3500HD 2001-2026 Incl: DRW  Crew/Regular/Double 6.5-8 无可用尺码
660,1,OK,15,无可用尺码,皮卡,Chevrolet,Silverado 2500HD/3500HD,2015,,,Double,8,无可用尺码,15: Chevrolet Silverado 2500HD/3500HD 2001-2026 Incl: DRW  Crew/Regular/Double 6.5-8 无可用尺码
661,1,OK,15,无可用尺码,皮卡,Chevrolet,Silverado 2500HD/3500HD,2015,,,Regular,8,无可用尺码,15: Chevrolet Silverado 2500HD/3500HD 2001-2026 Incl: DRW  Crew/Regular/Double 6.5-8 无可用尺码
662,1,OK,15,无可用尺码,皮卡,Chevrolet,Silverado 2500HD/3500HD,2016,,,Crew,6.5,无可用尺码,15: Chevrolet Silverado 2500HD/3500HD 2001-2026 Incl: DRW  Crew/Regular/Double 6.5-8 无可用尺码
663,1,OK,15,无可用尺码,皮卡,Chevrolet,Silverado 2500HD/3500HD,2016,DRW,,Crew,8,无可用尺码,15: Chevrolet Silverado 2500HD/3500HD 2001-2026 Incl: DRW  Crew/Regular/Double 6.5-8 无可用尺码
664,1,OK,15,无可用尺码,皮卡,Chevrolet,Silverado 2500HD/3500HD,2016,,,Double,6.8,无可用尺码,15: Chevrolet Silverado 2500HD/3500HD 2001-2026 Incl: DRW  Crew/Regular/Double 6.5-8 无可用尺码
665,1,OK,15,无可用尺码,皮卡,Chevrolet,Silverado 2500HD/3500HD,2016,,,Double,8,无可用尺码,15: Chevrolet Silverado 2500HD/3500HD 2001-2026 Incl: DRW  Crew/Regular/Double 6.5-8 无可用尺码
666,1,OK,15,无可用尺码,皮卡,Chevrolet,Silverado 2500HD/3500HD,2016,,,Regular,8,无可用尺码,15: Chevrolet Silverado 2500HD/3500HD 2001-2026 Incl: DRW  Crew/Regular/Double 6.5-8 无可用尺码
667,1,OK,15,无可用尺码,皮卡,Chevrolet,Silverado 2500HD/3500HD,2017,,,Crew,6.5,无可用尺码,15: Chevrolet Silverado 2500HD/3500HD 2001-2026 Incl: DRW  Crew/Regular/Double 6.5-8 无可用尺码
668,1,OK,15,无可用尺码,皮卡,Chevrolet,Silverado 2500HD/3500HD,2017,DRW,,Crew,8,无可用尺码,15: Chevrolet Silverado 2500HD/3500HD 2001-2026 Incl: DRW  Crew/Regular/Double 6.5-8 无可用尺码
669,1,OK,15,无可用尺码,皮卡,Chevrolet,Silverado 2500HD/3500HD,2017,,,Double,6.8,无可用尺码,15: Chevrolet Silverado 2500HD/3500HD 2001-2026 Incl: DRW  Crew/Regular/Double 6.5-8 无可用尺码
670,1,OK,15,无可用尺码,皮卡,Chevrolet,Silverado 2500HD/3500HD,2017,,,Double,8,无可用尺码,15: Chevrolet Silverado 2500HD/3500HD 2001-2026 Incl: DRW  Crew/Regular/Double 6.5-8 无可用尺码
671,1,OK,15,无可用尺码,皮卡,Chevrolet,Silverado 2500HD/3500HD,2017,,,Regular,8,无可用尺码,15: Chevrolet Silverado 2500HD/3500HD 2001-2026 Incl: DRW  Crew/Regular/Double 6.5-8 无可用尺码
672,1,OK,15,无可用尺码,皮卡,Chevrolet,Silverado 2500HD/3500HD,2018,,,Crew,6.5,无可用尺码,15: Chevrolet Silverado 2500HD/3500HD 2001-2026 Incl: DRW  Crew/Regular/Double 6.5-8 无可用尺码
673,1,OK,15,无可用尺码,皮卡,Chevrolet,Silverado 2500HD/3500HD,2018,DRW,,Crew,8,无可用尺码,15: Chevrolet Silverado 2500HD/3500HD 2001-2026 Incl: DRW  Crew/Regular/Double 6.5-8 无可用尺码
674,1,OK,15,无可用尺码,皮卡,Chevrolet,Silverado 2500HD/3500HD,2018,,,Double,8,无可用尺码,15: Chevrolet Silverado 2500HD/3500HD 2001-2026 Incl: DRW  Crew/Regular/Double 6.5-8 无可用尺码
675,1,OK,15,无可用尺码,皮卡,Chevrolet,Silverado 2500HD/3500HD,2018,,,Regular,8,无可用尺码,15: Chevrolet Silverado 2500HD/3500HD 2001-2026 Incl: DRW  Crew/Regular/Double 6.5-8 无可用尺码
676,1,OK,15,无可用尺码,皮卡,Chevrolet,Silverado 2500HD/3500HD,2019,,,Crew,6.5,无可用尺码,15: Chevrolet Silverado 2500HD/3500HD 2001-2026 Incl: DRW  Crew/Regular/Double 6.5-8 无可用尺码
677,1,OK,15,无可用尺码,皮卡,Chevrolet,Silverado 2500HD/3500HD,2019,DRW,,Crew,8,无可用尺码,15: Chevrolet Silverado 2500HD/3500HD 2001-2026 Incl: DRW  Crew/Regular/Double 6.5-8 无可用尺码
678,1,OK,15,无可用尺码,皮卡,Chevrolet,Silverado 2500HD/3500HD,2019,,,Double,8,无可用尺码,15: Chevrolet Silverado 2500HD/3500HD 2001-2026 Incl: DRW  Crew/Regular/Double 6.5-8 无可用尺码
679,1,OK,15,无可用尺码,皮卡,Chevrolet,Silverado 2500HD/3500HD,2019,,,Regular,8,无可用尺码,15: Chevrolet Silverado 2500HD/3500HD 2001-2026 Incl: DRW  Crew/Regular/Double 6.5-8 无可用尺码
680,1,OK,15,无可用尺码,皮卡,Chevrolet,Silverado 2500HD/3500HD,2020,,,Crew,6.8,无可用尺码,15: Chevrolet Silverado 2500HD/3500HD 2001-2026 Incl: DRW  Crew/Regular/Double 6.5-8 无可用尺码
681,1,OK,15,无可用尺码,皮卡,Chevrolet,Silverado 2500HD/3500HD,2020,DRW,,Crew,8,无可用尺码,15: Chevrolet Silverado 2500HD/3500HD 2001-2026 Incl: DRW  Crew/Regular/Double 6.5-8 无可用尺码
682,1,OK,15,无可用尺码,皮卡,Chevrolet,Silverado 2500HD/3500HD,2020,,,Double,6.8,无可用尺码,15: Chevrolet Silverado 2500HD/3500HD 2001-2026 Incl: DRW  Crew/Regular/Double 6.5-8 无可用尺码
683,1,OK,15,无可用尺码,皮卡,Chevrolet,Silverado 2500HD/3500HD,2020,,,Double,8,无可用尺码,15: Chevrolet Silverado 2500HD/3500HD 2001-2026 Incl: DRW  Crew/Regular/Double 6.5-8 无可用尺码
684,1,OK,15,无可用尺码,皮卡,Chevrolet,Silverado 2500HD/3500HD,2020,,,Regular,8,无可用尺码,15: Chevrolet Silverado 2500HD/3500HD 2001-2026 Incl: DRW  Crew/Regular/Double 6.5-8 无可用尺码
685,1,OK,15,无可用尺码,皮卡,Chevrolet,Silverado 2500HD/3500HD,2021,,,Crew,6.8,无可用尺码,15: Chevrolet Silverado 2500HD/3500HD 2001-2026 Incl: DRW  Crew/Regular/Double 6.5-8 无可用尺码
686,1,OK,15,无可用尺码,皮卡,Chevrolet,Silverado 2500HD/3500HD,2021,DRW,,Crew,8,无可用尺码,15: Chevrolet Silverado 2500HD/3500HD 2001-2026 Incl: DRW  Crew/Regular/Double 6.5-8 无可用尺码
687,1,OK,15,无可用尺码,皮卡,Chevrolet,Silverado 2500HD/3500HD,2021,,,Double,6.8,无可用尺码,15: Chevrolet Silverado 2500HD/3500HD 2001-2026 Incl: DRW  Crew/Regular/Double 6.5-8 无可用尺码
688,1,OK,15,无可用尺码,皮卡,Chevrolet,Silverado 2500HD/3500HD,2021,,,Double,8,无可用尺码,15: Chevrolet Silverado 2500HD/3500HD 2001-2026 Incl: DRW  Crew/Regular/Double 6.5-8 无可用尺码
689,1,OK,15,无可用尺码,皮卡,Chevrolet,Silverado 2500HD/3500HD,2021,,,Regular,8,无可用尺码,15: Chevrolet Silverado 2500HD/3500HD 2001-2026 Incl: DRW  Crew/Regular/Double 6.5-8 无可用尺码
690,1,OK,15,无可用尺码,皮卡,Chevrolet,Silverado 2500HD/3500HD,2022,,,Crew,6.8,无可用尺码,15: Chevrolet Silverado 2500HD/3500HD 2001-2026 Incl: DRW  Crew/Regular/Double 6.5-8 无可用尺码
691,1,OK,15,无可用尺码,皮卡,Chevrolet,Silverado 2500HD/3500HD,2022,DRW,,Crew,8,无可用尺码,15: Chevrolet Silverado 2500HD/3500HD 2001-2026 Incl: DRW  Crew/Regular/Double 6.5-8 无可用尺码
692,1,OK,15,无可用尺码,皮卡,Chevrolet,Silverado 2500HD/3500HD,2022,,,Double,6.8,无可用尺码,15: Chevrolet Silverado 2500HD/3500HD 2001-2026 Incl: DRW  Crew/Regular/Double 6.5-8 无可用尺码
693,1,OK,15,无可用尺码,皮卡,Chevrolet,Silverado 2500HD/3500HD,2022,,,Double,8,无可用尺码,15: Chevrolet Silverado 2500HD/3500HD 2001-2026 Incl: DRW  Crew/Regular/Double 6.5-8 无可用尺码
694,1,OK,15,无可用尺码,皮卡,Chevrolet,Silverado 2500HD/3500HD,2022,,,Regular,8,无可用尺码,15: Chevrolet Silverado 2500HD/3500HD 2001-2026 Incl: DRW  Crew/Regular/Double 6.5-8 无可用尺码
695,1,OK,15,无可用尺码,皮卡,Chevrolet,Silverado 2500HD/3500HD,2023,,,Crew,6.8,无可用尺码,15: Chevrolet Silverado 2500HD/3500HD 2001-2026 Incl: DRW  Crew/Regular/Double 6.5-8 无可用尺码
696,1,OK,15,无可用尺码,皮卡,Chevrolet,Silverado 2500HD/3500HD,2023,DRW,,Crew,8,无可用尺码,15: Chevrolet Silverado 2500HD/3500HD 2001-2026 Incl: DRW  Crew/Regular/Double 6.5-8 无可用尺码
697,1,OK,15,无可用尺码,皮卡,Chevrolet,Silverado 2500HD/3500HD,2023,,,Double,6.8,无可用尺码,15: Chevrolet Silverado 2500HD/3500HD 2001-2026 Incl: DRW  Crew/Regular/Double 6.5-8 无可用尺码
698,1,OK,15,无可用尺码,皮卡,Chevrolet,Silverado 2500HD/3500HD,2023,,,Double,8,无可用尺码,15: Chevrolet Silverado 2500HD/3500HD 2001-2026 Incl: DRW  Crew/Regular/Double 6.5-8 无可用尺码
699,1,OK,15,无可用尺码,皮卡,Chevrolet,Silverado 2500HD/3500HD,2023,,,Regular,8,无可用尺码,15: Chevrolet Silverado 2500HD/3500HD 2001-2026 Incl: DRW  Crew/Regular/Double 6.5-8 无可用尺码
700,1,OK,15,无可用尺码,皮卡,Chevrolet,Silverado 2500HD/3500HD,2024,,,Crew,6.8,无可用尺码,15: Chevrolet Silverado 2500HD/3500HD 2001-2026 Incl: DRW  Crew/Regular/Double 6.5-8 无可用尺码
701,1,OK,15,无可用尺码,皮卡,Chevrolet,Silverado 2500HD/3500HD,2024,DRW,,Crew,8,无可用尺码,15: Chevrolet Silverado 2500HD/3500HD 2001-2026 Incl: DRW  Crew/Regular/Double 6.5-8 无可用尺码
702,1,OK,15,无可用尺码,皮卡,Chevrolet,Silverado 2500HD/3500HD,2024,,,Double,6.8,无可用尺码,15: Chevrolet Silverado 2500HD/3500HD 2001-2026 Incl: DRW  Crew/Regular/Double 6.5-8 无可用尺码
703,1,OK,15,无可用尺码,皮卡,Chevrolet,Silverado 2500HD/3500HD,2024,,,Double,8,无可用尺码,15: Chevrolet Silverado 2500HD/3500HD 2001-2026 Incl: DRW  Crew/Regular/Double 6.5-8 无可用尺码
704,1,OK,15,无可用尺码,皮卡,Chevrolet,Silverado 2500HD/3500HD,2024,,,Regular,8,无可用尺码,15: Chevrolet Silverado 2500HD/3500HD 2001-2026 Incl: DRW  Crew/Regular/Double 6.5-8 无可用尺码
705,1,OK,15,无可用尺码,皮卡,Chevrolet,Silverado 2500HD/3500HD,2025,,,Crew,6.8,无可用尺码,15: Chevrolet Silverado 2500HD/3500HD 2001-2026 Incl: DRW  Crew/Regular/Double 6.5-8 无可用尺码
706,1,OK,15,无可用尺码,皮卡,Chevrolet,Silverado 2500HD/3500HD,2025,DRW,,Crew,8,无可用尺码,15: Chevrolet Silverado 2500HD/3500HD 2001-2026 Incl: DRW  Crew/Regular/Double 6.5-8 无可用尺码
707,1,OK,15,无可用尺码,皮卡,Chevrolet,Silverado 2500HD/3500HD,2025,,,Double,8,无可用尺码,15: Chevrolet Silverado 2500HD/3500HD 2001-2026 Incl: DRW  Crew/Regular/Double 6.5-8 无可用尺码
708,1,OK,15,无可用尺码,皮卡,Chevrolet,Silverado 2500HD/3500HD,2025,,,Regular,8,无可用尺码,15: Chevrolet Silverado 2500HD/3500HD 2001-2026 Incl: DRW  Crew/Regular/Double 6.5-8 无可用尺码
709,1,OK,15,无可用尺码,皮卡,Chevrolet,Silverado 2500HD/3500HD,2026,,,Crew,6.8,无可用尺码,15: Chevrolet Silverado 2500HD/3500HD 2001-2026 Incl: DRW  Crew/Regular/Double 6.5-8 无可用尺码
710,1,OK,15,无可用尺码,皮卡,Chevrolet,Silverado 2500HD/3500HD,2026,DRW,,Crew,8,无可用尺码,15: Chevrolet Silverado 2500HD/3500HD 2001-2026 Incl: DRW  Crew/Regular/Double 6.5-8 无可用尺码
711,1,OK,15,无可用尺码,皮卡,Chevrolet,Silverado 2500HD/3500HD,2026,,,Double,8,无可用尺码,15: Chevrolet Silverado 2500HD/3500HD 2001-2026 Incl: DRW  Crew/Regular/Double 6.5-8 无可用尺码
712,1,OK,15,无可用尺码,皮卡,Chevrolet,Silverado 2500HD/3500HD,2026,,,Regular,8,无可用尺码,15: Chevrolet Silverado 2500HD/3500HD 2001-2026 Incl: DRW  Crew/Regular/Double 6.5-8 无可用尺码
713,1,OK,17,无可用尺码,皮卡,Chevrolet,Silverado EV,2024,,,Crew,5.9,无可用尺码,17: Chevrolet Silverado EV 2024-2026   Crew 5.9 无可用尺码
714,1,OK,17,无可用尺码,皮卡,Chevrolet,Silverado EV,2025,,,Crew,5.9,无可用尺码,17: Chevrolet Silverado EV 2024-2026   Crew 5.9 无可用尺码
715,1,OK,17,无可用尺码,皮卡,Chevrolet,Silverado EV,2026,,,Crew,5.9,无可用尺码,17: Chevrolet Silverado EV 2024-2026   Crew 5.9 无可用尺码
716,1,OK,18,无可用尺码,皮卡,Dodge,Dakota,1987,,,Regular,6.5,无可用尺码,18: Dodge Dakota 1987-2011   Regular/Club/Quad 5.25-8 无可用尺码
717,1,OK,18,无可用尺码,皮卡,Dodge,Dakota,1987,,,Regular,8,无可用尺码,18: Dodge Dakota 1987-2011   Regular/Club/Quad 5.25-8 无可用尺码
718,1,OK,18,无可用尺码,皮卡,Dodge,Dakota,1988,,,Regular,6.5,无可用尺码,18: Dodge Dakota 1987-2011   Regular/Club/Quad 5.25-8 无可用尺码
719,1,OK,18,无可用尺码,皮卡,Dodge,Dakota,1988,,,Regular,8,无可用尺码,18: Dodge Dakota 1987-2011   Regular/Club/Quad 5.25-8 无可用尺码
720,1,OK,18,无可用尺码,皮卡,Dodge,Dakota,1989,,,Regular,6.5,无可用尺码,18: Dodge Dakota 1987-2011   Regular/Club/Quad 5.25-8 无可用尺码
721,1,OK,18,无可用尺码,皮卡,Dodge,Dakota,1989,,,Regular,8,无可用尺码,18: Dodge Dakota 1987-2011   Regular/Club/Quad 5.25-8 无可用尺码
722,1,OK,18,无可用尺码,皮卡,Dodge,Dakota,1990,,,Club,6.5,无可用尺码,18: Dodge Dakota 1987-2011   Regular/Club/Quad 5.25-8 无可用尺码
723,1,OK,18,无可用尺码,皮卡,Dodge,Dakota,1990,,,Regular,6.5,无可用尺码,18: Dodge Dakota 1987-2011   Regular/Club/Quad 5.25-8 无可用尺码
724,1,OK,18,无可用尺码,皮卡,Dodge,Dakota,1990,,,Regular,8,无可用尺码,18: Dodge Dakota 1987-2011   Regular/Club/Quad 5.25-8 无可用尺码
725,1,OK,18,无可用尺码,皮卡,Dodge,Dakota,1991,,,Club,6.5,无可用尺码,18: Dodge Dakota 1987-2011   Regular/Club/Quad 5.25-8 无可用尺码
726,1,OK,18,无可用尺码,皮卡,Dodge,Dakota,1991,,,Regular,6.5,无可用尺码,18: Dodge Dakota 1987-2011   Regular/Club/Quad 5.25-8 无可用尺码
727,1,OK,18,无可用尺码,皮卡,Dodge,Dakota,1991,,,Regular,8,无可用尺码,18: Dodge Dakota 1987-2011   Regular/Club/Quad 5.25-8 无可用尺码
728,1,OK,18,无可用尺码,皮卡,Dodge,Dakota,1992,,,Club,6.5,无可用尺码,18: Dodge Dakota 1987-2011   Regular/Club/Quad 5.25-8 无可用尺码
729,1,OK,18,无可用尺码,皮卡,Dodge,Dakota,1992,,,Regular,6.5,无可用尺码,18: Dodge Dakota 1987-2011   Regular/Club/Quad 5.25-8 无可用尺码
730,1,OK,18,无可用尺码,皮卡,Dodge,Dakota,1992,,,Regular,8,无可用尺码,18: Dodge Dakota 1987-2011   Regular/Club/Quad 5.25-8 无可用尺码
731,1,OK,18,无可用尺码,皮卡,Dodge,Dakota,1993,,,Club,6.5,无可用尺码,18: Dodge Dakota 1987-2011   Regular/Club/Quad 5.25-8 无可用尺码
732,1,OK,18,无可用尺码,皮卡,Dodge,Dakota,1993,,,Regular,6.5,无可用尺码,18: Dodge Dakota 1987-2011   Regular/Club/Quad 5.25-8 无可用尺码
733,1,OK,18,无可用尺码,皮卡,Dodge,Dakota,1993,,,Regular,8,无可用尺码,18: Dodge Dakota 1987-2011   Regular/Club/Quad 5.25-8 无可用尺码
734,1,OK,18,无可用尺码,皮卡,Dodge,Dakota,1994,,,Club,6.5,无可用尺码,18: Dodge Dakota 1987-2011   Regular/Club/Quad 5.25-8 无可用尺码
735,1,OK,18,无可用尺码,皮卡,Dodge,Dakota,1994,,,Regular,6.5,无可用尺码,18: Dodge Dakota 1987-2011   Regular/Club/Quad 5.25-8 无可用尺码
736,1,OK,18,无可用尺码,皮卡,Dodge,Dakota,1994,,,Regular,8,无可用尺码,18: Dodge Dakota 1987-2011   Regular/Club/Quad 5.25-8 无可用尺码
737,1,OK,18,无可用尺码,皮卡,Dodge,Dakota,1995,,,Club,6.5,无可用尺码,18: Dodge Dakota 1987-2011   Regular/Club/Quad 5.25-8 无可用尺码
738,1,OK,18,无可用尺码,皮卡,Dodge,Dakota,1995,,,Regular,6.5,无可用尺码,18: Dodge Dakota 1987-2011   Regular/Club/Quad 5.25-8 无可用尺码
739,1,OK,18,无可用尺码,皮卡,Dodge,Dakota,1995,,,Regular,8,无可用尺码,18: Dodge Dakota 1987-2011   Regular/Club/Quad 5.25-8 无可用尺码
740,1,OK,18,无可用尺码,皮卡,Dodge,Dakota,1996,,,Club,6.5,无可用尺码,18: Dodge Dakota 1987-2011   Regular/Club/Quad 5.25-8 无可用尺码
741,1,OK,18,无可用尺码,皮卡,Dodge,Dakota,1996,,,Regular,6.5,无可用尺码,18: Dodge Dakota 1987-2011   Regular/Club/Quad 5.25-8 无可用尺码
742,1,OK,18,无可用尺码,皮卡,Dodge,Dakota,1996,,,Regular,8,无可用尺码,18: Dodge Dakota 1987-2011   Regular/Club/Quad 5.25-8 无可用尺码
743,1,OK,18,无可用尺码,皮卡,Dodge,Dakota,1997,,,Club,6.5,无可用尺码,18: Dodge Dakota 1987-2011   Regular/Club/Quad 5.25-8 无可用尺码
744,1,OK,18,无可用尺码,皮卡,Dodge,Dakota,1997,,,Regular,6.5,无可用尺码,18: Dodge Dakota 1987-2011   Regular/Club/Quad 5.25-8 无可用尺码
745,1,OK,18,无可用尺码,皮卡,Dodge,Dakota,1997,,,Regular,8,无可用尺码,18: Dodge Dakota 1987-2011   Regular/Club/Quad 5.25-8 无可用尺码
746,1,OK,18,无可用尺码,皮卡,Dodge,Dakota,1998,,,Club,6.5,无可用尺码,18: Dodge Dakota 1987-2011   Regular/Club/Quad 5.25-8 无可用尺码
747,1,OK,18,无可用尺码,皮卡,Dodge,Dakota,1998,,,Regular,6.5,无可用尺码,18: Dodge Dakota 1987-2011   Regular/Club/Quad 5.25-8 无可用尺码
748,1,OK,18,无可用尺码,皮卡,Dodge,Dakota,1998,,,Regular,8,无可用尺码,18: Dodge Dakota 1987-2011   Regular/Club/Quad 5.25-8 无可用尺码
749,1,OK,18,无可用尺码,皮卡,Dodge,Dakota,1999,,,Club,6.5,无可用尺码,18: Dodge Dakota 1987-2011   Regular/Club/Quad 5.25-8 无可用尺码
750,1,OK,18,无可用尺码,皮卡,Dodge,Dakota,1999,,,Regular,6.5,无可用尺码,18: Dodge Dakota 1987-2011   Regular/Club/Quad 5.25-8 无可用尺码
751,1,OK,18,无可用尺码,皮卡,Dodge,Dakota,1999,,,Regular,8,无可用尺码,18: Dodge Dakota 1987-2011   Regular/Club/Quad 5.25-8 无可用尺码
752,1,OK,18,无可用尺码,皮卡,Dodge,Dakota,2000,,,Club,6.5,无可用尺码,18: Dodge Dakota 1987-2011   Regular/Club/Quad 5.25-8 无可用尺码
753,1,OK,18,无可用尺码,皮卡,Dodge,Dakota,2000,,,Quad,5.25,无可用尺码,18: Dodge Dakota 1987-2011   Regular/Club/Quad 5.25-8 无可用尺码
754,1,OK,18,无可用尺码,皮卡,Dodge,Dakota,2000,,,Regular,6.5,无可用尺码,18: Dodge Dakota 1987-2011   Regular/Club/Quad 5.25-8 无可用尺码
755,1,OK,18,无可用尺码,皮卡,Dodge,Dakota,2001,,,Club,6.5,无可用尺码,18: Dodge Dakota 1987-2011   Regular/Club/Quad 5.25-8 无可用尺码
756,1,OK,18,无可用尺码,皮卡,Dodge,Dakota,2001,,,Quad,5.25,无可用尺码,18: Dodge Dakota 1987-2011   Regular/Club/Quad 5.25-8 无可用尺码
757,1,OK,18,无可用尺码,皮卡,Dodge,Dakota,2001,,,Regular,6.5,无可用尺码,18: Dodge Dakota 1987-2011   Regular/Club/Quad 5.25-8 无可用尺码
758,1,OK,18,无可用尺码,皮卡,Dodge,Dakota,2002,,,Club,6.5,无可用尺码,18: Dodge Dakota 1987-2011   Regular/Club/Quad 5.25-8 无可用尺码
759,1,OK,18,无可用尺码,皮卡,Dodge,Dakota,2002,,,Quad,5.25,无可用尺码,18: Dodge Dakota 1987-2011   Regular/Club/Quad 5.25-8 无可用尺码
760,1,OK,18,无可用尺码,皮卡,Dodge,Dakota,2002,,,Regular,6.5,无可用尺码,18: Dodge Dakota 1987-2011   Regular/Club/Quad 5.25-8 无可用尺码
761,1,OK,18,无可用尺码,皮卡,Dodge,Dakota,2003,,,Club,6.5,无可用尺码,18: Dodge Dakota 1987-2011   Regular/Club/Quad 5.25-8 无可用尺码
762,1,OK,18,无可用尺码,皮卡,Dodge,Dakota,2003,,,Quad,5.25,无可用尺码,18: Dodge Dakota 1987-2011   Regular/Club/Quad 5.25-8 无可用尺码
763,1,OK,18,无可用尺码,皮卡,Dodge,Dakota,2003,,,Regular,6.5,无可用尺码,18: Dodge Dakota 1987-2011   Regular/Club/Quad 5.25-8 无可用尺码
764,1,OK,18,无可用尺码,皮卡,Dodge,Dakota,2004,,,Club,6.5,无可用尺码,18: Dodge Dakota 1987-2011   Regular/Club/Quad 5.25-8 无可用尺码
765,1,OK,18,无可用尺码,皮卡,Dodge,Dakota,2004,,,Quad,5.25,无可用尺码,18: Dodge Dakota 1987-2011   Regular/Club/Quad 5.25-8 无可用尺码
766,1,OK,18,无可用尺码,皮卡,Dodge,Dakota,2004,,,Regular,6.5,无可用尺码,18: Dodge Dakota 1987-2011   Regular/Club/Quad 5.25-8 无可用尺码
767,1,OK,18,无可用尺码,皮卡,Dodge,Dakota,2005,,,Club,6.5,无可用尺码,18: Dodge Dakota 1987-2011   Regular/Club/Quad 5.25-8 无可用尺码
768,1,OK,18,无可用尺码,皮卡,Dodge,Dakota,2005,,,Quad,5.25,无可用尺码,18: Dodge Dakota 1987-2011   Regular/Club/Quad 5.25-8 无可用尺码
769,1,OK,18,无可用尺码,皮卡,Dodge,Dakota,2006,,,Club,6.5,无可用尺码,18: Dodge Dakota 1987-2011   Regular/Club/Quad 5.25-8 无可用尺码
770,1,OK,18,无可用尺码,皮卡,Dodge,Dakota,2006,,,Quad,5.25,无可用尺码,18: Dodge Dakota 1987-2011   Regular/Club/Quad 5.25-8 无可用尺码
771,1,OK,18,无可用尺码,皮卡,Dodge,Dakota,2007,,,Club,6.5,无可用尺码,18: Dodge Dakota 1987-2011   Regular/Club/Quad 5.25-8 无可用尺码
772,1,OK,18,无可用尺码,皮卡,Dodge,Dakota,2007,,,Quad,5.25,无可用尺码,18: Dodge Dakota 1987-2011   Regular/Club/Quad 5.25-8 无可用尺码
773,1,OK,18,无可用尺码,皮卡,Dodge,Dakota,2008,,,Club,6.5,无可用尺码,18: Dodge Dakota 1987-2011   Regular/Club/Quad 5.25-8 无可用尺码
774,1,OK,18,无可用尺码,皮卡,Dodge,Dakota,2008,,,Quad,5.25,无可用尺码,18: Dodge Dakota 1987-2011   Regular/Club/Quad 5.25-8 无可用尺码
775,1,OK,18,无可用尺码,皮卡,Dodge,Dakota,2009,,,Club,6.5,无可用尺码,18: Dodge Dakota 1987-2011   Regular/Club/Quad 5.25-8 无可用尺码
776,1,OK,18,无可用尺码,皮卡,Dodge,Dakota,2009,,,Quad,5.25,无可用尺码,18: Dodge Dakota 1987-2011   Regular/Club/Quad 5.25-8 无可用尺码
777,1,OK,18,无可用尺码,皮卡,Dodge,Dakota,2010,,,Club,6.5,无可用尺码,18: Dodge Dakota 1987-2011   Regular/Club/Quad 5.25-8 无可用尺码
778,1,OK,18,无可用尺码,皮卡,Dodge,Dakota,2010,,,Quad,5.25,无可用尺码,18: Dodge Dakota 1987-2011   Regular/Club/Quad 5.25-8 无可用尺码
779,1,OK,18,无可用尺码,皮卡,Dodge,Dakota,2011,,,Club,6.5,无可用尺码,18: Dodge Dakota 1987-2011   Regular/Club/Quad 5.25-8 无可用尺码
780,1,OK,18,无可用尺码,皮卡,Dodge,Dakota,2011,,,Quad,5.25,无可用尺码,18: Dodge Dakota 1987-2011   Regular/Club/Quad 5.25-8 无可用尺码
781,1,OK,25,无可用尺码,皮卡,Ford,Explorer,2001,Sport Trac,,Crew,4.2,无可用尺码,25: Ford Explorer 2001-2005 Sport Trac  Crew 4.2 无可用尺码
782,1,OK,25,无可用尺码,皮卡,Ford,Explorer,2002,Sport Trac,,Crew,4.2,无可用尺码,25: Ford Explorer 2001-2005 Sport Trac  Crew 4.2 无可用尺码
783,1,OK,25,无可用尺码,皮卡,Ford,Explorer,2003,Sport Trac,,Crew,4.2,无可用尺码,25: Ford Explorer 2001-2005 Sport Trac  Crew 4.2 无可用尺码
784,1,OK,25,无可用尺码,皮卡,Ford,Explorer,2004,Sport Trac,,Crew,4.2,无可用尺码,25: Ford Explorer 2001-2005 Sport Trac  Crew 4.2 无可用尺码
785,1,OK,25,无可用尺码,皮卡,Ford,Explorer,2005,Sport Trac,,Crew,4.2,无可用尺码,25: Ford Explorer 2001-2005 Sport Trac  Crew 4.2 无可用尺码
786,1,OK,19,无可用尺码,皮卡,Ford,F-100,1953,,,Regular,6.5,无可用尺码,19: Ford F-100 1953-1983   Regular/SuperCab 6.5-8 无可用尺码
787,1,OK,19,无可用尺码,皮卡,Ford,F-100,1954,,,Regular,6.5,无可用尺码,19: Ford F-100 1953-1983   Regular/SuperCab 6.5-8 无可用尺码
788,1,OK,19,无可用尺码,皮卡,Ford,F-100,1955,,,Regular,6.5,无可用尺码,19: Ford F-100 1953-1983   Regular/SuperCab 6.5-8 无可用尺码
789,1,OK,19,无可用尺码,皮卡,Ford,F-100,1956,,,Regular,6.5,无可用尺码,19: Ford F-100 1953-1983   Regular/SuperCab 6.5-8 无可用尺码
790,1,OK,19,无可用尺码,皮卡,Ford,F-100,1956,,,Regular,8,无可用尺码,19: Ford F-100 1953-1983   Regular/SuperCab 6.5-8 无可用尺码
791,1,OK,19,无可用尺码,皮卡,Ford,F-100,1957,,,Regular,6.5,无可用尺码,19: Ford F-100 1953-1983   Regular/SuperCab 6.5-8 无可用尺码
792,1,OK,19,无可用尺码,皮卡,Ford,F-100,1957,,,Regular,8,无可用尺码,19: Ford F-100 1953-1983   Regular/SuperCab 6.5-8 无可用尺码
793,1,OK,19,无可用尺码,皮卡,Ford,F-100,1958,,,Regular,6.5,无可用尺码,19: Ford F-100 1953-1983   Regular/SuperCab 6.5-8 无可用尺码
794,1,OK,19,无可用尺码,皮卡,Ford,F-100,1958,,,Regular,8,无可用尺码,19: Ford F-100 1953-1983   Regular/SuperCab 6.5-8 无可用尺码
795,1,OK,19,无可用尺码,皮卡,Ford,F-100,1959,,,Regular,6.5,无可用尺码,19: Ford F-100 1953-1983   Regular/SuperCab 6.5-8 无可用尺码
796,1,OK,19,无可用尺码,皮卡,Ford,F-100,1959,,,Regular,8,无可用尺码,19: Ford F-100 1953-1983   Regular/SuperCab 6.5-8 无可用尺码
797,1,OK,19,无可用尺码,皮卡,Ford,F-100,1960,,,Regular,6.5,无可用尺码,19: Ford F-100 1953-1983   Regular/SuperCab 6.5-8 无可用尺码
798,1,OK,19,无可用尺码,皮卡,Ford,F-100,1960,,,Regular,8,无可用尺码,19: Ford F-100 1953-1983   Regular/SuperCab 6.5-8 无可用尺码
799,1,OK,19,无可用尺码,皮卡,Ford,F-100,1961,,,Regular,6.5,无可用尺码,19: Ford F-100 1953-1983   Regular/SuperCab 6.5-8 无可用尺码
800,1,OK,19,无可用尺码,皮卡,Ford,F-100,1961,,,Regular,8,无可用尺码,19: Ford F-100 1953-1983   Regular/SuperCab 6.5-8 无可用尺码
801,1,OK,19,无可用尺码,皮卡,Ford,F-100,1962,,,Regular,6.5,无可用尺码,19: Ford F-100 1953-1983   Regular/SuperCab 6.5-8 无可用尺码
802,1,OK,19,无可用尺码,皮卡,Ford,F-100,1962,,,Regular,8,无可用尺码,19: Ford F-100 1953-1983   Regular/SuperCab 6.5-8 无可用尺码
803,1,OK,19,无可用尺码,皮卡,Ford,F-100,1963,,,Regular,6.5,无可用尺码,19: Ford F-100 1953-1983   Regular/SuperCab 6.5-8 无可用尺码
804,1,OK,19,无可用尺码,皮卡,Ford,F-100,1963,,,Regular,8,无可用尺码,19: Ford F-100 1953-1983   Regular/SuperCab 6.5-8 无可用尺码
805,1,OK,19,无可用尺码,皮卡,Ford,F-100,1964,,,Regular,6.5,无可用尺码,19: Ford F-100 1953-1983   Regular/SuperCab 6.5-8 无可用尺码
806,1,OK,19,无可用尺码,皮卡,Ford,F-100,1964,,,Regular,8,无可用尺码,19: Ford F-100 1953-1983   Regular/SuperCab 6.5-8 无可用尺码
807,1,OK,19,无可用尺码,皮卡,Ford,F-100,1965,,,Regular,6.5,无可用尺码,19: Ford F-100 1953-1983   Regular/SuperCab 6.5-8 无可用尺码
808,1,OK,19,无可用尺码,皮卡,Ford,F-100,1965,,,Regular,8,无可用尺码,19: Ford F-100 1953-1983   Regular/SuperCab 6.5-8 无可用尺码
809,1,OK,19,无可用尺码,皮卡,Ford,F-100,1966,,,Regular,6.5,无可用尺码,19: Ford F-100 1953-1983   Regular/SuperCab 6.5-8 无可用尺码
810,1,OK,19,无可用尺码,皮卡,Ford,F-100,1966,,,Regular,8,无可用尺码,19: Ford F-100 1953-1983   Regular/SuperCab 6.5-8 无可用尺码
811,1,OK,19,无可用尺码,皮卡,Ford,F-100,1967,,,Regular,6.5,无可用尺码,19: Ford F-100 1953-1983   Regular/SuperCab 6.5-8 无可用尺码
812,1,OK,19,无可用尺码,皮卡,Ford,F-100,1967,,,Regular,8,无可用尺码,19: Ford F-100 1953-1983   Regular/SuperCab 6.5-8 无可用尺码
813,1,OK,19,无可用尺码,皮卡,Ford,F-100,1968,,,Regular,6.5,无可用尺码,19: Ford F-100 1953-1983   Regular/SuperCab 6.5-8 无可用尺码
814,1,OK,19,无可用尺码,皮卡,Ford,F-100,1968,,,Regular,8,无可用尺码,19: Ford F-100 1953-1983   Regular/SuperCab 6.5-8 无可用尺码
815,1,OK,19,无可用尺码,皮卡,Ford,F-100,1969,,,Regular,6.5,无可用尺码,19: Ford F-100 1953-1983   Regular/SuperCab 6.5-8 无可用尺码
816,1,OK,19,无可用尺码,皮卡,Ford,F-100,1969,,,Regular,8,无可用尺码,19: Ford F-100 1953-1983   Regular/SuperCab 6.5-8 无可用尺码
817,1,OK,19,无可用尺码,皮卡,Ford,F-100,1970,,,Regular,6.5,无可用尺码,19: Ford F-100 1953-1983   Regular/SuperCab 6.5-8 无可用尺码
818,1,OK,19,无可用尺码,皮卡,Ford,F-100,1970,,,Regular,8,无可用尺码,19: Ford F-100 1953-1983   Regular/SuperCab 6.5-8 无可用尺码
819,1,OK,19,无可用尺码,皮卡,Ford,F-100,1971,,,Regular,6.5,无可用尺码,19: Ford F-100 1953-1983   Regular/SuperCab 6.5-8 无可用尺码
820,1,OK,19,无可用尺码,皮卡,Ford,F-100,1971,,,Regular,8,无可用尺码,19: Ford F-100 1953-1983   Regular/SuperCab 6.5-8 无可用尺码
821,1,OK,19,无可用尺码,皮卡,Ford,F-100,1972,,,Regular,6.5,无可用尺码,19: Ford F-100 1953-1983   Regular/SuperCab 6.5-8 无可用尺码
822,1,OK,19,无可用尺码,皮卡,Ford,F-100,1972,,,Regular,8,无可用尺码,19: Ford F-100 1953-1983   Regular/SuperCab 6.5-8 无可用尺码
823,1,OK,19,无可用尺码,皮卡,Ford,F-100,1973,,,Regular,6.8,无可用尺码,19: Ford F-100 1953-1983   Regular/SuperCab 6.5-8 无可用尺码
824,1,OK,19,无可用尺码,皮卡,Ford,F-100,1973,,,Regular,8,无可用尺码,19: Ford F-100 1953-1983   Regular/SuperCab 6.5-8 无可用尺码
825,1,OK,19,无可用尺码,皮卡,Ford,F-100,1974,,,Regular,6.8,无可用尺码,19: Ford F-100 1953-1983   Regular/SuperCab 6.5-8 无可用尺码
826,1,OK,19,无可用尺码,皮卡,Ford,F-100,1974,,,Regular,8,无可用尺码,19: Ford F-100 1953-1983   Regular/SuperCab 6.5-8 无可用尺码
827,1,OK,19,无可用尺码,皮卡,Ford,F-100,1974,,,SuperCab,6.8,无可用尺码,19: Ford F-100 1953-1983   Regular/SuperCab 6.5-8 无可用尺码
828,1,OK,19,无可用尺码,皮卡,Ford,F-100,1974,,,SuperCab,8,无可用尺码,19: Ford F-100 1953-1983   Regular/SuperCab 6.5-8 无可用尺码
829,1,OK,19,无可用尺码,皮卡,Ford,F-100,1975,,,Regular,6.8,无可用尺码,19: Ford F-100 1953-1983   Regular/SuperCab 6.5-8 无可用尺码
830,1,OK,19,无可用尺码,皮卡,Ford,F-100,1975,,,Regular,8,无可用尺码,19: Ford F-100 1953-1983   Regular/SuperCab 6.5-8 无可用尺码
831,1,OK,19,无可用尺码,皮卡,Ford,F-100,1975,,,SuperCab,6.8,无可用尺码,19: Ford F-100 1953-1983   Regular/SuperCab 6.5-8 无可用尺码
832,1,OK,19,无可用尺码,皮卡,Ford,F-100,1975,,,SuperCab,8,无可用尺码,19: Ford F-100 1953-1983   Regular/SuperCab 6.5-8 无可用尺码
833,1,OK,19,无可用尺码,皮卡,Ford,F-100,1976,,,Regular,6.8,无可用尺码,19: Ford F-100 1953-1983   Regular/SuperCab 6.5-8 无可用尺码
834,1,OK,19,无可用尺码,皮卡,Ford,F-100,1976,,,Regular,8,无可用尺码,19: Ford F-100 1953-1983   Regular/SuperCab 6.5-8 无可用尺码
835,1,OK,19,无可用尺码,皮卡,Ford,F-100,1976,,,SuperCab,6.8,无可用尺码,19: Ford F-100 1953-1983   Regular/SuperCab 6.5-8 无可用尺码
836,1,OK,19,无可用尺码,皮卡,Ford,F-100,1976,,,SuperCab,8,无可用尺码,19: Ford F-100 1953-1983   Regular/SuperCab 6.5-8 无可用尺码
837,1,OK,19,无可用尺码,皮卡,Ford,F-100,1977,,,Regular,6.8,无可用尺码,19: Ford F-100 1953-1983   Regular/SuperCab 6.5-8 无可用尺码
838,1,OK,19,无可用尺码,皮卡,Ford,F-100,1977,,,Regular,8,无可用尺码,19: Ford F-100 1953-1983   Regular/SuperCab 6.5-8 无可用尺码
839,1,OK,19,无可用尺码,皮卡,Ford,F-100,1977,,,SuperCab,6.8,无可用尺码,19: Ford F-100 1953-1983   Regular/SuperCab 6.5-8 无可用尺码
840,1,OK,19,无可用尺码,皮卡,Ford,F-100,1977,,,SuperCab,8,无可用尺码,19: Ford F-100 1953-1983   Regular/SuperCab 6.5-8 无可用尺码
841,1,OK,19,无可用尺码,皮卡,Ford,F-100,1978,,,Regular,6.8,无可用尺码,19: Ford F-100 1953-1983   Regular/SuperCab 6.5-8 无可用尺码
842,1,OK,19,无可用尺码,皮卡,Ford,F-100,1978,,,Regular,8,无可用尺码,19: Ford F-100 1953-1983   Regular/SuperCab 6.5-8 无可用尺码
843,1,OK,19,无可用尺码,皮卡,Ford,F-100,1978,,,SuperCab,6.8,无可用尺码,19: Ford F-100 1953-1983   Regular/SuperCab 6.5-8 无可用尺码
844,1,OK,19,无可用尺码,皮卡,Ford,F-100,1978,,,SuperCab,8,无可用尺码,19: Ford F-100 1953-1983   Regular/SuperCab 6.5-8 无可用尺码
845,1,OK,19,无可用尺码,皮卡,Ford,F-100,1979,,,Regular,6.8,无可用尺码,19: Ford F-100 1953-1983   Regular/SuperCab 6.5-8 无可用尺码
846,1,OK,19,无可用尺码,皮卡,Ford,F-100,1979,,,Regular,8,无可用尺码,19: Ford F-100 1953-1983   Regular/SuperCab 6.5-8 无可用尺码
847,1,OK,19,无可用尺码,皮卡,Ford,F-100,1979,,,SuperCab,6.8,无可用尺码,19: Ford F-100 1953-1983   Regular/SuperCab 6.5-8 无可用尺码
848,1,OK,19,无可用尺码,皮卡,Ford,F-100,1979,,,SuperCab,8,无可用尺码,19: Ford F-100 1953-1983   Regular/SuperCab 6.5-8 无可用尺码
849,1,OK,19,无可用尺码,皮卡,Ford,F-100,1980,,,Regular,6.8,无可用尺码,19: Ford F-100 1953-1983   Regular/SuperCab 6.5-8 无可用尺码
850,1,OK,19,无可用尺码,皮卡,Ford,F-100,1980,,,Regular,8,无可用尺码,19: Ford F-100 1953-1983   Regular/SuperCab 6.5-8 无可用尺码
851,1,OK,19,无可用尺码,皮卡,Ford,F-100,1981,,,Regular,6.8,无可用尺码,19: Ford F-100 1953-1983   Regular/SuperCab 6.5-8 无可用尺码
852,1,OK,19,无可用尺码,皮卡,Ford,F-100,1981,,,Regular,8,无可用尺码,19: Ford F-100 1953-1983   Regular/SuperCab 6.5-8 无可用尺码
853,1,OK,19,无可用尺码,皮卡,Ford,F-100,1982,,,Regular,6.8,无可用尺码,19: Ford F-100 1953-1983   Regular/SuperCab 6.5-8 无可用尺码
854,1,OK,19,无可用尺码,皮卡,Ford,F-100,1982,,,Regular,8,无可用尺码,19: Ford F-100 1953-1983   Regular/SuperCab 6.5-8 无可用尺码
855,1,OK,19,无可用尺码,皮卡,Ford,F-100,1983,,,Regular,6.8,无可用尺码,19: Ford F-100 1953-1983   Regular/SuperCab 6.5-8 无可用尺码
856,1,OK,19,无可用尺码,皮卡,Ford,F-100,1983,,,Regular,8,无可用尺码,19: Ford F-100 1953-1983   Regular/SuperCab 6.5-8 无可用尺码
857,1,OK,20,无可用尺码,皮卡,Ford,F-150,1992,,,Regular,6.5,无可用尺码,20: Ford F-150 1992-2026 Incl: Lightning/Raptor/Raptor R/Tremor  Regular/SuperCrew/SuperCab 5.5-8 无可用尺码
858,1,OK,20,无可用尺码,皮卡,Ford,F-150,1992,,,Regular,8,无可用尺码,20: Ford F-150 1992-2026 Incl: Lightning/Raptor/Raptor R/Tremor  Regular/SuperCrew/SuperCab 5.5-8 无可用尺码
859,1,OK,20,无可用尺码,皮卡,Ford,F-150,1992,,,SuperCab,8,无可用尺码,20: Ford F-150 1992-2026 Incl: Lightning/Raptor/Raptor R/Tremor  Regular/SuperCrew/SuperCab 5.5-8 无可用尺码
860,1,OK,20,无可用尺码,皮卡,Ford,F-150,1993,,,Regular,6.5,无可用尺码,20: Ford F-150 1992-2026 Incl: Lightning/Raptor/Raptor R/Tremor  Regular/SuperCrew/SuperCab 5.5-8 无可用尺码
861,1,OK,20,无可用尺码,皮卡,Ford,F-150,1993,,,Regular,8,无可用尺码,20: Ford F-150 1992-2026 Incl: Lightning/Raptor/Raptor R/Tremor  Regular/SuperCrew/SuperCab 5.5-8 无可用尺码
862,1,OK,20,无可用尺码,皮卡,Ford,F-150,1993,,,SuperCab,8,无可用尺码,20: Ford F-150 1992-2026 Incl: Lightning/Raptor/Raptor R/Tremor  Regular/SuperCrew/SuperCab 5.5-8 无可用尺码
863,1,OK,20,无可用尺码,皮卡,Ford,F-150,1994,,,Regular,6.5,无可用尺码,20: Ford F-150 1992-2026 Incl: Lightning/Raptor/Raptor R/Tremor  Regular/SuperCrew/SuperCab 5.5-8 无可用尺码
864,1,OK,20,无可用尺码,皮卡,Ford,F-150,1994,,,Regular,8,无可用尺码,20: Ford F-150 1992-2026 Incl: Lightning/Raptor/Raptor R/Tremor  Regular/SuperCrew/SuperCab 5.5-8 无可用尺码
865,1,OK,20,无可用尺码,皮卡,Ford,F-150,1994,,,SuperCab,6.5,无可用尺码,20: Ford F-150 1992-2026 Incl: Lightning/Raptor/Raptor R/Tremor  Regular/SuperCrew/SuperCab 5.5-8 无可用尺码
866,1,OK,20,无可用尺码,皮卡,Ford,F-150,1994,,,SuperCab,8,无可用尺码,20: Ford F-150 1992-2026 Incl: Lightning/Raptor/Raptor R/Tremor  Regular/SuperCrew/SuperCab 5.5-8 无可用尺码
867,1,OK,20,无可用尺码,皮卡,Ford,F-150,1995,,,Regular,6.5,无可用尺码,20: Ford F-150 1992-2026 Incl: Lightning/Raptor/Raptor R/Tremor  Regular/SuperCrew/SuperCab 5.5-8 无可用尺码
868,1,OK,20,无可用尺码,皮卡,Ford,F-150,1995,,,Regular,8,无可用尺码,20: Ford F-150 1992-2026 Incl: Lightning/Raptor/Raptor R/Tremor  Regular/SuperCrew/SuperCab 5.5-8 无可用尺码
869,1,OK,20,无可用尺码,皮卡,Ford,F-150,1995,,,SuperCab,6.5,无可用尺码,20: Ford F-150 1992-2026 Incl: Lightning/Raptor/Raptor R/Tremor  Regular/SuperCrew/SuperCab 5.5-8 无可用尺码
870,1,OK,20,无可用尺码,皮卡,Ford,F-150,1995,,,SuperCab,8,无可用尺码,20: Ford F-150 1992-2026 Incl: Lightning/Raptor/Raptor R/Tremor  Regular/SuperCrew/SuperCab 5.5-8 无可用尺码
871,1,OK,20,无可用尺码,皮卡,Ford,F-150,1996,,,Regular,6.5,无可用尺码,20: Ford F-150 1992-2026 Incl: Lightning/Raptor/Raptor R/Tremor  Regular/SuperCrew/SuperCab 5.5-8 无可用尺码
872,1,OK,20,无可用尺码,皮卡,Ford,F-150,1996,,,Regular,8,无可用尺码,20: Ford F-150 1992-2026 Incl: Lightning/Raptor/Raptor R/Tremor  Regular/SuperCrew/SuperCab 5.5-8 无可用尺码
873,1,OK,20,无可用尺码,皮卡,Ford,F-150,1996,,,SuperCab,8,无可用尺码,20: Ford F-150 1992-2026 Incl: Lightning/Raptor/Raptor R/Tremor  Regular/SuperCrew/SuperCab 5.5-8 无可用尺码
874,1,OK,20,无可用尺码,皮卡,Ford,F-150,1997,,,Regular,6.5,无可用尺码,20: Ford F-150 1992-2026 Incl: Lightning/Raptor/Raptor R/Tremor  Regular/SuperCrew/SuperCab 5.5-8 无可用尺码
875,1,OK,20,无可用尺码,皮卡,Ford,F-150,1997,,,Regular,8,无可用尺码,20: Ford F-150 1992-2026 Incl: Lightning/Raptor/Raptor R/Tremor  Regular/SuperCrew/SuperCab 5.5-8 无可用尺码
876,1,OK,20,无可用尺码,皮卡,Ford,F-150,1997,,,SuperCab,6.5,无可用尺码,20: Ford F-150 1992-2026 Incl: Lightning/Raptor/Raptor R/Tremor  Regular/SuperCrew/SuperCab 5.5-8 无可用尺码
877,1,OK,20,无可用尺码,皮卡,Ford,F-150,1997,,,SuperCab,8,无可用尺码,20: Ford F-150 1992-2026 Incl: Lightning/Raptor/Raptor R/Tremor  Regular/SuperCrew/SuperCab 5.5-8 无可用尺码
878,1,OK,20,无可用尺码,皮卡,Ford,F-150,1998,,,Regular,6.5,无可用尺码,20: Ford F-150 1992-2026 Incl: Lightning/Raptor/Raptor R/Tremor  Regular/SuperCrew/SuperCab 5.5-8 无可用尺码
879,1,OK,20,无可用尺码,皮卡,Ford,F-150,1998,,,Regular,8,无可用尺码,20: Ford F-150 1992-2026 Incl: Lightning/Raptor/Raptor R/Tremor  Regular/SuperCrew/SuperCab 5.5-8 无可用尺码
880,1,OK,20,无可用尺码,皮卡,Ford,F-150,1998,,,SuperCab,6.5,无可用尺码,20: Ford F-150 1992-2026 Incl: Lightning/Raptor/Raptor R/Tremor  Regular/SuperCrew/SuperCab 5.5-8 无可用尺码
881,1,OK,20,无可用尺码,皮卡,Ford,F-150,1998,,,SuperCab,8,无可用尺码,20: Ford F-150 1992-2026 Incl: Lightning/Raptor/Raptor R/Tremor  Regular/SuperCrew/SuperCab 5.5-8 无可用尺码
882,1,OK,20,无可用尺码,皮卡,Ford,F-150,1999,,,Regular,6.5,无可用尺码,20: Ford F-150 1992-2026 Incl: Lightning/Raptor/Raptor R/Tremor  Regular/SuperCrew/SuperCab 5.5-8 无可用尺码
883,1,OK,20,无可用尺码,皮卡,Ford,F-150,1999,,,Regular,8,无可用尺码,20: Ford F-150 1992-2026 Incl: Lightning/Raptor/Raptor R/Tremor  Regular/SuperCrew/SuperCab 5.5-8 无可用尺码
884,1,OK,20,无可用尺码,皮卡,Ford,F-150,1999,,,SuperCab,6.5,无可用尺码,20: Ford F-150 1992-2026 Incl: Lightning/Raptor/Raptor R/Tremor  Regular/SuperCrew/SuperCab 5.5-8 无可用尺码
885,1,OK,20,无可用尺码,皮卡,Ford,F-150,2000,,,Regular,6.5,无可用尺码,20: Ford F-150 1992-2026 Incl: Lightning/Raptor/Raptor R/Tremor  Regular/SuperCrew/SuperCab 5.5-8 无可用尺码
886,1,OK,20,无可用尺码,皮卡,Ford,F-150,2000,,,Regular,8,无可用尺码,20: Ford F-150 1992-2026 Incl: Lightning/Raptor/Raptor R/Tremor  Regular/SuperCrew/SuperCab 5.5-8 无可用尺码
887,1,OK,20,无可用尺码,皮卡,Ford,F-150,2000,,,SuperCab,6.5,无可用尺码,20: Ford F-150 1992-2026 Incl: Lightning/Raptor/Raptor R/Tremor  Regular/SuperCrew/SuperCab 5.5-8 无可用尺码
888,1,OK,20,无可用尺码,皮卡,Ford,F-150,2001,,,Regular,6.5,无可用尺码,20: Ford F-150 1992-2026 Incl: Lightning/Raptor/Raptor R/Tremor  Regular/SuperCrew/SuperCab 5.5-8 无可用尺码
889,1,OK,20,无可用尺码,皮卡,Ford,F-150,2001,,,Regular,8,无可用尺码,20: Ford F-150 1992-2026 Incl: Lightning/Raptor/Raptor R/Tremor  Regular/SuperCrew/SuperCab 5.5-8 无可用尺码
890,1,OK,20,无可用尺码,皮卡,Ford,F-150,2001,,,SuperCab,6.5,无可用尺码,20: Ford F-150 1992-2026 Incl: Lightning/Raptor/Raptor R/Tremor  Regular/SuperCrew/SuperCab 5.5-8 无可用尺码
891,1,OK,20,无可用尺码,皮卡,Ford,F-150,2001,,,SuperCrew,5.5,无可用尺码,20: Ford F-150 1992-2026 Incl: Lightning/Raptor/Raptor R/Tremor  Regular/SuperCrew/SuperCab 5.5-8 无可用尺码
892,1,OK,20,无可用尺码,皮卡,Ford,F-150,2002,,,Regular,6.5,无可用尺码,20: Ford F-150 1992-2026 Incl: Lightning/Raptor/Raptor R/Tremor  Regular/SuperCrew/SuperCab 5.5-8 无可用尺码
893,1,OK,20,无可用尺码,皮卡,Ford,F-150,2002,,,Regular,8,无可用尺码,20: Ford F-150 1992-2026 Incl: Lightning/Raptor/Raptor R/Tremor  Regular/SuperCrew/SuperCab 5.5-8 无可用尺码
894,1,OK,20,无可用尺码,皮卡,Ford,F-150,2002,,,SuperCab,6.5,无可用尺码,20: Ford F-150 1992-2026 Incl: Lightning/Raptor/Raptor R/Tremor  Regular/SuperCrew/SuperCab 5.5-8 无可用尺码
895,1,OK,20,无可用尺码,皮卡,Ford,F-150,2002,,,SuperCrew,5.5,无可用尺码,20: Ford F-150 1992-2026 Incl: Lightning/Raptor/Raptor R/Tremor  Regular/SuperCrew/SuperCab 5.5-8 无可用尺码
896,1,OK,20,无可用尺码,皮卡,Ford,F-150,2003,,,Regular,6.5,无可用尺码,20: Ford F-150 1992-2026 Incl: Lightning/Raptor/Raptor R/Tremor  Regular/SuperCrew/SuperCab 5.5-8 无可用尺码
897,1,OK,20,无可用尺码,皮卡,Ford,F-150,2003,,,Regular,8,无可用尺码,20: Ford F-150 1992-2026 Incl: Lightning/Raptor/Raptor R/Tremor  Regular/SuperCrew/SuperCab 5.5-8 无可用尺码
898,1,OK,20,无可用尺码,皮卡,Ford,F-150,2003,,,SuperCab,6.5,无可用尺码,20: Ford F-150 1992-2026 Incl: Lightning/Raptor/Raptor R/Tremor  Regular/SuperCrew/SuperCab 5.5-8 无可用尺码
899,1,OK,20,无可用尺码,皮卡,Ford,F-150,2004,,,Regular,6.5,无可用尺码,20: Ford F-150 1992-2026 Incl: Lightning/Raptor/Raptor R/Tremor  Regular/SuperCrew/SuperCab 5.5-8 无可用尺码
900,1,OK,20,无可用尺码,皮卡,Ford,F-150,2004,,,Regular,8,无可用尺码,20: Ford F-150 1992-2026 Incl: Lightning/Raptor/Raptor R/Tremor  Regular/SuperCrew/SuperCab 5.5-8 无可用尺码
901,1,OK,20,无可用尺码,皮卡,Ford,F-150,2004,,,SuperCab,6.5,无可用尺码,20: Ford F-150 1992-2026 Incl: Lightning/Raptor/Raptor R/Tremor  Regular/SuperCrew/SuperCab 5.5-8 无可用尺码
902,1,OK,20,无可用尺码,皮卡,Ford,F-150,2004,,,SuperCrew,5.5,无可用尺码,20: Ford F-150 1992-2026 Incl: Lightning/Raptor/Raptor R/Tremor  Regular/SuperCrew/SuperCab 5.5-8 无可用尺码
903,1,OK,20,无可用尺码,皮卡,Ford,F-150,2005,,,Regular,6.5,无可用尺码,20: Ford F-150 1992-2026 Incl: Lightning/Raptor/Raptor R/Tremor  Regular/SuperCrew/SuperCab 5.5-8 无可用尺码
904,1,OK,20,无可用尺码,皮卡,Ford,F-150,2005,,,Regular,8,无可用尺码,20: Ford F-150 1992-2026 Incl: Lightning/Raptor/Raptor R/Tremor  Regular/SuperCrew/SuperCab 5.5-8 无可用尺码
905,1,OK,20,无可用尺码,皮卡,Ford,F-150,2005,,,SuperCab,6.5,无可用尺码,20: Ford F-150 1992-2026 Incl: Lightning/Raptor/Raptor R/Tremor  Regular/SuperCrew/SuperCab 5.5-8 无可用尺码
906,1,OK,20,无可用尺码,皮卡,Ford,F-150,2005,,,SuperCrew,5.5,无可用尺码,20: Ford F-150 1992-2026 Incl: Lightning/Raptor/Raptor R/Tremor  Regular/SuperCrew/SuperCab 5.5-8 无可用尺码
907,1,OK,20,无可用尺码,皮卡,Ford,F-150,2006,,,Regular,6.5,无可用尺码,20: Ford F-150 1992-2026 Incl: Lightning/Raptor/Raptor R/Tremor  Regular/SuperCrew/SuperCab 5.5-8 无可用尺码
908,1,OK,20,无可用尺码,皮卡,Ford,F-150,2006,,,Regular,8,无可用尺码,20: Ford F-150 1992-2026 Incl: Lightning/Raptor/Raptor R/Tremor  Regular/SuperCrew/SuperCab 5.5-8 无可用尺码
909,1,OK,20,无可用尺码,皮卡,Ford,F-150,2006,,,SuperCab,6.5,无可用尺码,20: Ford F-150 1992-2026 Incl: Lightning/Raptor/Raptor R/Tremor  Regular/SuperCrew/SuperCab 5.5-8 无可用尺码
910,1,OK,20,无可用尺码,皮卡,Ford,F-150,2006,,,SuperCrew,5.5,无可用尺码,20: Ford F-150 1992-2026 Incl: Lightning/Raptor/Raptor R/Tremor  Regular/SuperCrew/SuperCab 5.5-8 无可用尺码
911,1,OK,20,无可用尺码,皮卡,Ford,F-150,2007,,,Regular,6.5,无可用尺码,20: Ford F-150 1992-2026 Incl: Lightning/Raptor/Raptor R/Tremor  Regular/SuperCrew/SuperCab 5.5-8 无可用尺码
912,1,OK,20,无可用尺码,皮卡,Ford,F-150,2007,,,Regular,8,无可用尺码,20: Ford F-150 1992-2026 Incl: Lightning/Raptor/Raptor R/Tremor  Regular/SuperCrew/SuperCab 5.5-8 无可用尺码
913,1,OK,20,无可用尺码,皮卡,Ford,F-150,2007,,,SuperCab,6.5,无可用尺码,20: Ford F-150 1992-2026 Incl: Lightning/Raptor/Raptor R/Tremor  Regular/SuperCrew/SuperCab 5.5-8 无可用尺码
914,1,OK,20,无可用尺码,皮卡,Ford,F-150,2007,,,SuperCrew,5.5,无可用尺码,20: Ford F-150 1992-2026 Incl: Lightning/Raptor/Raptor R/Tremor  Regular/SuperCrew/SuperCab 5.5-8 无可用尺码
915,1,OK,20,无可用尺码,皮卡,Ford,F-150,2008,,,Regular,6.5,无可用尺码,20: Ford F-150 1992-2026 Incl: Lightning/Raptor/Raptor R/Tremor  Regular/SuperCrew/SuperCab 5.5-8 无可用尺码
916,1,OK,20,无可用尺码,皮卡,Ford,F-150,2008,,,Regular,8,无可用尺码,20: Ford F-150 1992-2026 Incl: Lightning/Raptor/Raptor R/Tremor  Regular/SuperCrew/SuperCab 5.5-8 无可用尺码
917,1,OK,20,无可用尺码,皮卡,Ford,F-150,2008,,,SuperCab,6.5,无可用尺码,20: Ford F-150 1992-2026 Incl: Lightning/Raptor/Raptor R/Tremor  Regular/SuperCrew/SuperCab 5.5-8 无可用尺码
918,1,OK,20,无可用尺码,皮卡,Ford,F-150,2008,,,SuperCrew,5.5,无可用尺码,20: Ford F-150 1992-2026 Incl: Lightning/Raptor/Raptor R/Tremor  Regular/SuperCrew/SuperCab 5.5-8 无可用尺码
919,1,OK,20,无可用尺码,皮卡,Ford,F-150,2009,,,Regular,6.5,无可用尺码,20: Ford F-150 1992-2026 Incl: Lightning/Raptor/Raptor R/Tremor  Regular/SuperCrew/SuperCab 5.5-8 无可用尺码
920,1,OK,20,无可用尺码,皮卡,Ford,F-150,2009,,,Regular,8,无可用尺码,20: Ford F-150 1992-2026 Incl: Lightning/Raptor/Raptor R/Tremor  Regular/SuperCrew/SuperCab 5.5-8 无可用尺码
921,1,OK,20,无可用尺码,皮卡,Ford,F-150,2009,,,SuperCab,6.5,无可用尺码,20: Ford F-150 1992-2026 Incl: Lightning/Raptor/Raptor R/Tremor  Regular/SuperCrew/SuperCab 5.5-8 无可用尺码
922,1,OK,20,无可用尺码,皮卡,Ford,F-150,2009,,,SuperCab,8,无可用尺码,20: Ford F-150 1992-2026 Incl: Lightning/Raptor/Raptor R/Tremor  Regular/SuperCrew/SuperCab 5.5-8 无可用尺码
923,1,OK,20,无可用尺码,皮卡,Ford,F-150,2009,,,SuperCrew,5.5,无可用尺码,20: Ford F-150 1992-2026 Incl: Lightning/Raptor/Raptor R/Tremor  Regular/SuperCrew/SuperCab 5.5-8 无可用尺码
924,1,OK,20,无可用尺码,皮卡,Ford,F-150,2009,,,SuperCrew,6.5,无可用尺码,20: Ford F-150 1992-2026 Incl: Lightning/Raptor/Raptor R/Tremor  Regular/SuperCrew/SuperCab 5.5-8 无可用尺码
925,1,OK,20,无可用尺码,皮卡,Ford,F-150,2010,,,Regular,6.5,无可用尺码,20: Ford F-150 1992-2026 Incl: Lightning/Raptor/Raptor R/Tremor  Regular/SuperCrew/SuperCab 5.5-8 无可用尺码
926,1,OK,20,无可用尺码,皮卡,Ford,F-150,2010,,,Regular,8,无可用尺码,20: Ford F-150 1992-2026 Incl: Lightning/Raptor/Raptor R/Tremor  Regular/SuperCrew/SuperCab 5.5-8 无可用尺码
927,1,OK,20,无可用尺码,皮卡,Ford,F-150,2010,Raptor,,SuperCab,5.5,无可用尺码,20: Ford F-150 1992-2026 Incl: Lightning/Raptor/Raptor R/Tremor  Regular/SuperCrew/SuperCab 5.5-8 无可用尺码
928,1,OK,20,无可用尺码,皮卡,Ford,F-150,2010,,,SuperCab,6.5,无可用尺码,20: Ford F-150 1992-2026 Incl: Lightning/Raptor/Raptor R/Tremor  Regular/SuperCrew/SuperCab 5.5-8 无可用尺码
929,1,OK,20,无可用尺码,皮卡,Ford,F-150,2010,,,SuperCab,8,无可用尺码,20: Ford F-150 1992-2026 Incl: Lightning/Raptor/Raptor R/Tremor  Regular/SuperCrew/SuperCab 5.5-8 无可用尺码
930,1,OK,20,无可用尺码,皮卡,Ford,F-150,2010,,,SuperCrew,5.5,无可用尺码,20: Ford F-150 1992-2026 Incl: Lightning/Raptor/Raptor R/Tremor  Regular/SuperCrew/SuperCab 5.5-8 无可用尺码
931,1,OK,20,无可用尺码,皮卡,Ford,F-150,2010,,,SuperCrew,6.5,无可用尺码,20: Ford F-150 1992-2026 Incl: Lightning/Raptor/Raptor R/Tremor  Regular/SuperCrew/SuperCab 5.5-8 无可用尺码
932,1,OK,20,无可用尺码,皮卡,Ford,F-150,2011,,,Regular,6.5,无可用尺码,20: Ford F-150 1992-2026 Incl: Lightning/Raptor/Raptor R/Tremor  Regular/SuperCrew/SuperCab 5.5-8 无可用尺码
933,1,OK,20,无可用尺码,皮卡,Ford,F-150,2011,,,Regular,8,无可用尺码,20: Ford F-150 1992-2026 Incl: Lightning/Raptor/Raptor R/Tremor  Regular/SuperCrew/SuperCab 5.5-8 无可用尺码
934,1,OK,20,无可用尺码,皮卡,Ford,F-150,2011,Raptor,,SuperCab,5.5,无可用尺码,20: Ford F-150 1992-2026 Incl: Lightning/Raptor/Raptor R/Tremor  Regular/SuperCrew/SuperCab 5.5-8 无可用尺码
935,1,OK,20,无可用尺码,皮卡,Ford,F-150,2011,,,SuperCab,6.5,无可用尺码,20: Ford F-150 1992-2026 Incl: Lightning/Raptor/Raptor R/Tremor  Regular/SuperCrew/SuperCab 5.5-8 无可用尺码
936,1,OK,20,无可用尺码,皮卡,Ford,F-150,2011,,,SuperCab,8,无可用尺码,20: Ford F-150 1992-2026 Incl: Lightning/Raptor/Raptor R/Tremor  Regular/SuperCrew/SuperCab 5.5-8 无可用尺码
937,1,OK,20,无可用尺码,皮卡,Ford,F-150,2011,,,SuperCrew,5.5,无可用尺码,20: Ford F-150 1992-2026 Incl: Lightning/Raptor/Raptor R/Tremor  Regular/SuperCrew/SuperCab 5.5-8 无可用尺码
938,1,OK,20,无可用尺码,皮卡,Ford,F-150,2011,Raptor,,SuperCrew,5.5,无可用尺码,20: Ford F-150 1992-2026 Incl: Lightning/Raptor/Raptor R/Tremor  Regular/SuperCrew/SuperCab 5.5-8 无可用尺码
939,1,OK,20,无可用尺码,皮卡,Ford,F-150,2011,,,SuperCrew,6.5,无可用尺码,20: Ford F-150 1992-2026 Incl: Lightning/Raptor/Raptor R/Tremor  Regular/SuperCrew/SuperCab 5.5-8 无可用尺码
940,1,OK,20,无可用尺码,皮卡,Ford,F-150,2012,,,Regular,6.5,无可用尺码,20: Ford F-150 1992-2026 Incl: Lightning/Raptor/Raptor R/Tremor  Regular/SuperCrew/SuperCab 5.5-8 无可用尺码
941,1,OK,20,无可用尺码,皮卡,Ford,F-150,2012,,,Regular,8,无可用尺码,20: Ford F-150 1992-2026 Incl: Lightning/Raptor/Raptor R/Tremor  Regular/SuperCrew/SuperCab 5.5-8 无可用尺码
942,1,OK,20,无可用尺码,皮卡,Ford,F-150,2012,Raptor,,SuperCab,5.5,无可用尺码,20: Ford F-150 1992-2026 Incl: Lightning/Raptor/Raptor R/Tremor  Regular/SuperCrew/SuperCab 5.5-8 无可用尺码
943,1,OK,20,无可用尺码,皮卡,Ford,F-150,2012,,,SuperCab,6.5,无可用尺码,20: Ford F-150 1992-2026 Incl: Lightning/Raptor/Raptor R/Tremor  Regular/SuperCrew/SuperCab 5.5-8 无可用尺码
944,1,OK,20,无可用尺码,皮卡,Ford,F-150,2012,,,SuperCab,8,无可用尺码,20: Ford F-150 1992-2026 Incl: Lightning/Raptor/Raptor R/Tremor  Regular/SuperCrew/SuperCab 5.5-8 无可用尺码
945,1,OK,20,无可用尺码,皮卡,Ford,F-150,2012,,,SuperCrew,5.5,无可用尺码,20: Ford F-150 1992-2026 Incl: Lightning/Raptor/Raptor R/Tremor  Regular/SuperCrew/SuperCab 5.5-8 无可用尺码
946,1,OK,20,无可用尺码,皮卡,Ford,F-150,2012,Raptor,,SuperCrew,5.5,无可用尺码,20: Ford F-150 1992-2026 Incl: Lightning/Raptor/Raptor R/Tremor  Regular/SuperCrew/SuperCab 5.5-8 无可用尺码
947,1,OK,20,无可用尺码,皮卡,Ford,F-150,2012,,,SuperCrew,6.5,无可用尺码,20: Ford F-150 1992-2026 Incl: Lightning/Raptor/Raptor R/Tremor  Regular/SuperCrew/SuperCab 5.5-8 无可用尺码
948,1,OK,20,无可用尺码,皮卡,Ford,F-150,2013,,,Regular,6.5,无可用尺码,20: Ford F-150 1992-2026 Incl: Lightning/Raptor/Raptor R/Tremor  Regular/SuperCrew/SuperCab 5.5-8 无可用尺码
949,1,OK,20,无可用尺码,皮卡,Ford,F-150,2013,,,Regular,8,无可用尺码,20: Ford F-150 1992-2026 Incl: Lightning/Raptor/Raptor R/Tremor  Regular/SuperCrew/SuperCab 5.5-8 无可用尺码
950,1,OK,20,无可用尺码,皮卡,Ford,F-150,2013,Raptor,,SuperCab,5.5,无可用尺码,20: Ford F-150 1992-2026 Incl: Lightning/Raptor/Raptor R/Tremor  Regular/SuperCrew/SuperCab 5.5-8 无可用尺码
951,1,OK,20,无可用尺码,皮卡,Ford,F-150,2013,,,SuperCab,6.5,无可用尺码,20: Ford F-150 1992-2026 Incl: Lightning/Raptor/Raptor R/Tremor  Regular/SuperCrew/SuperCab 5.5-8 无可用尺码
952,1,OK,20,无可用尺码,皮卡,Ford,F-150,2013,,,SuperCab,8,无可用尺码,20: Ford F-150 1992-2026 Incl: Lightning/Raptor/Raptor R/Tremor  Regular/SuperCrew/SuperCab 5.5-8 无可用尺码
953,1,OK,20,无可用尺码,皮卡,Ford,F-150,2013,,,SuperCrew,5.5,无可用尺码,20: Ford F-150 1992-2026 Incl: Lightning/Raptor/Raptor R/Tremor  Regular/SuperCrew/SuperCab 5.5-8 无可用尺码
954,1,OK,20,无可用尺码,皮卡,Ford,F-150,2013,Raptor,,SuperCrew,5.5,无可用尺码,20: Ford F-150 1992-2026 Incl: Lightning/Raptor/Raptor R/Tremor  Regular/SuperCrew/SuperCab 5.5-8 无可用尺码
955,1,OK,20,无可用尺码,皮卡,Ford,F-150,2013,,,SuperCrew,6.5,无可用尺码,20: Ford F-150 1992-2026 Incl: Lightning/Raptor/Raptor R/Tremor  Regular/SuperCrew/SuperCab 5.5-8 无可用尺码
956,1,OK,20,无可用尺码,皮卡,Ford,F-150,2014,,,Regular,6.5,无可用尺码,20: Ford F-150 1992-2026 Incl: Lightning/Raptor/Raptor R/Tremor  Regular/SuperCrew/SuperCab 5.5-8 无可用尺码
957,1,OK,20,无可用尺码,皮卡,Ford,F-150,2014,,,Regular,8,无可用尺码,20: Ford F-150 1992-2026 Incl: Lightning/Raptor/Raptor R/Tremor  Regular/SuperCrew/SuperCab 5.5-8 无可用尺码
958,1,OK,20,无可用尺码,皮卡,Ford,F-150,2014,Raptor,,SuperCab,5.5,无可用尺码,20: Ford F-150 1992-2026 Incl: Lightning/Raptor/Raptor R/Tremor  Regular/SuperCrew/SuperCab 5.5-8 无可用尺码
959,1,OK,20,无可用尺码,皮卡,Ford,F-150,2014,,,SuperCab,6.5,无可用尺码,20: Ford F-150 1992-2026 Incl: Lightning/Raptor/Raptor R/Tremor  Regular/SuperCrew/SuperCab 5.5-8 无可用尺码
960,1,OK,20,无可用尺码,皮卡,Ford,F-150,2014,,,SuperCab,8,无可用尺码,20: Ford F-150 1992-2026 Incl: Lightning/Raptor/Raptor R/Tremor  Regular/SuperCrew/SuperCab 5.5-8 无可用尺码
961,1,OK,20,无可用尺码,皮卡,Ford,F-150,2014,Raptor,,SuperCrew,5.5,无可用尺码,20: Ford F-150 1992-2026 Incl: Lightning/Raptor/Raptor R/Tremor  Regular/SuperCrew/SuperCab 5.5-8 无可用尺码
962,1,OK,20,无可用尺码,皮卡,Ford,F-150,2014,,,SuperCrew,6.5,无可用尺码,20: Ford F-150 1992-2026 Incl: Lightning/Raptor/Raptor R/Tremor  Regular/SuperCrew/SuperCab 5.5-8 无可用尺码
963,1,OK,20,无可用尺码,皮卡,Ford,F-150,2015,,,Regular,6.5,无可用尺码,20: Ford F-150 1992-2026 Incl: Lightning/Raptor/Raptor R/Tremor  Regular/SuperCrew/SuperCab 5.5-8 无可用尺码
964,1,OK,20,无可用尺码,皮卡,Ford,F-150,2015,,,Regular,8,无可用尺码,20: Ford F-150 1992-2026 Incl: Lightning/Raptor/Raptor R/Tremor  Regular/SuperCrew/SuperCab 5.5-8 无可用尺码
965,1,OK,20,无可用尺码,皮卡,Ford,F-150,2015,,,SuperCab,6.5,无可用尺码,20: Ford F-150 1992-2026 Incl: Lightning/Raptor/Raptor R/Tremor  Regular/SuperCrew/SuperCab 5.5-8 无可用尺码
966,1,OK,20,无可用尺码,皮卡,Ford,F-150,2015,,,SuperCab,8,无可用尺码,20: Ford F-150 1992-2026 Incl: Lightning/Raptor/Raptor R/Tremor  Regular/SuperCrew/SuperCab 5.5-8 无可用尺码
967,1,OK,20,无可用尺码,皮卡,Ford,F-150,2015,,,SuperCrew,5.5,无可用尺码,20: Ford F-150 1992-2026 Incl: Lightning/Raptor/Raptor R/Tremor  Regular/SuperCrew/SuperCab 5.5-8 无可用尺码
968,1,OK,20,无可用尺码,皮卡,Ford,F-150,2015,,,SuperCrew,6.5,无可用尺码,20: Ford F-150 1992-2026 Incl: Lightning/Raptor/Raptor R/Tremor  Regular/SuperCrew/SuperCab 5.5-8 无可用尺码
969,1,OK,20,无可用尺码,皮卡,Ford,F-150,2016,,,Regular,6.5,无可用尺码,20: Ford F-150 1992-2026 Incl: Lightning/Raptor/Raptor R/Tremor  Regular/SuperCrew/SuperCab 5.5-8 无可用尺码
970,1,OK,20,无可用尺码,皮卡,Ford,F-150,2016,,,Regular,8,无可用尺码,20: Ford F-150 1992-2026 Incl: Lightning/Raptor/Raptor R/Tremor  Regular/SuperCrew/SuperCab 5.5-8 无可用尺码
971,1,OK,20,无可用尺码,皮卡,Ford,F-150,2016,,,SuperCab,6.5,无可用尺码,20: Ford F-150 1992-2026 Incl: Lightning/Raptor/Raptor R/Tremor  Regular/SuperCrew/SuperCab 5.5-8 无可用尺码
972,1,OK,20,无可用尺码,皮卡,Ford,F-150,2016,,,SuperCab,8,无可用尺码,20: Ford F-150 1992-2026 Incl: Lightning/Raptor/Raptor R/Tremor  Regular/SuperCrew/SuperCab 5.5-8 无可用尺码
973,1,OK,20,无可用尺码,皮卡,Ford,F-150,2016,,,SuperCrew,5.5,无可用尺码,20: Ford F-150 1992-2026 Incl: Lightning/Raptor/Raptor R/Tremor  Regular/SuperCrew/SuperCab 5.5-8 无可用尺码
974,1,OK,20,无可用尺码,皮卡,Ford,F-150,2016,,,SuperCrew,6.5,无可用尺码,20: Ford F-150 1992-2026 Incl: Lightning/Raptor/Raptor R/Tremor  Regular/SuperCrew/SuperCab 5.5-8 无可用尺码
975,1,OK,20,无可用尺码,皮卡,Ford,F-150,2017,,,Regular,6.5,无可用尺码,20: Ford F-150 1992-2026 Incl: Lightning/Raptor/Raptor R/Tremor  Regular/SuperCrew/SuperCab 5.5-8 无可用尺码
976,1,OK,20,无可用尺码,皮卡,Ford,F-150,2017,,,Regular,8,无可用尺码,20: Ford F-150 1992-2026 Incl: Lightning/Raptor/Raptor R/Tremor  Regular/SuperCrew/SuperCab 5.5-8 无可用尺码
977,1,OK,20,无可用尺码,皮卡,Ford,F-150,2017,Raptor,,SuperCab,5.5,无可用尺码,20: Ford F-150 1992-2026 Incl: Lightning/Raptor/Raptor R/Tremor  Regular/SuperCrew/SuperCab 5.5-8 无可用尺码
978,1,OK,20,无可用尺码,皮卡,Ford,F-150,2017,,,SuperCab,6.5,无可用尺码,20: Ford F-150 1992-2026 Incl: Lightning/Raptor/Raptor R/Tremor  Regular/SuperCrew/SuperCab 5.5-8 无可用尺码
979,1,OK,20,无可用尺码,皮卡,Ford,F-150,2017,,,SuperCab,8,无可用尺码,20: Ford F-150 1992-2026 Incl: Lightning/Raptor/Raptor R/Tremor  Regular/SuperCrew/SuperCab 5.5-8 无可用尺码
980,1,OK,20,无可用尺码,皮卡,Ford,F-150,2017,,,SuperCrew,5.5,无可用尺码,20: Ford F-150 1992-2026 Incl: Lightning/Raptor/Raptor R/Tremor  Regular/SuperCrew/SuperCab 5.5-8 无可用尺码
981,1,OK,20,无可用尺码,皮卡,Ford,F-150,2017,Raptor,,SuperCrew,5.5,无可用尺码,20: Ford F-150 1992-2026 Incl: Lightning/Raptor/Raptor R/Tremor  Regular/SuperCrew/SuperCab 5.5-8 无可用尺码
982,1,OK,20,无可用尺码,皮卡,Ford,F-150,2017,,,SuperCrew,6.5,无可用尺码,20: Ford F-150 1992-2026 Incl: Lightning/Raptor/Raptor R/Tremor  Regular/SuperCrew/SuperCab 5.5-8 无可用尺码
983,1,OK,20,无可用尺码,皮卡,Ford,F-150,2018,,,Regular,6.5,无可用尺码,20: Ford F-150 1992-2026 Incl: Lightning/Raptor/Raptor R/Tremor  Regular/SuperCrew/SuperCab 5.5-8 无可用尺码
984,1,OK,20,无可用尺码,皮卡,Ford,F-150,2018,,,Regular,8,无可用尺码,20: Ford F-150 1992-2026 Incl: Lightning/Raptor/Raptor R/Tremor  Regular/SuperCrew/SuperCab 5.5-8 无可用尺码
985,1,OK,20,无可用尺码,皮卡,Ford,F-150,2018,Raptor,,SuperCab,5.5,无可用尺码,20: Ford F-150 1992-2026 Incl: Lightning/Raptor/Raptor R/Tremor  Regular/SuperCrew/SuperCab 5.5-8 无可用尺码
986,1,OK,20,无可用尺码,皮卡,Ford,F-150,2018,,,SuperCab,6.5,无可用尺码,20: Ford F-150 1992-2026 Incl: Lightning/Raptor/Raptor R/Tremor  Regular/SuperCrew/SuperCab 5.5-8 无可用尺码
987,1,OK,20,无可用尺码,皮卡,Ford,F-150,2018,,,SuperCab,8,无可用尺码,20: Ford F-150 1992-2026 Incl: Lightning/Raptor/Raptor R/Tremor  Regular/SuperCrew/SuperCab 5.5-8 无可用尺码
988,1,OK,20,无可用尺码,皮卡,Ford,F-150,2018,,,SuperCrew,5.5,无可用尺码,20: Ford F-150 1992-2026 Incl: Lightning/Raptor/Raptor R/Tremor  Regular/SuperCrew/SuperCab 5.5-8 无可用尺码
989,1,OK,20,无可用尺码,皮卡,Ford,F-150,2018,Raptor,,SuperCrew,5.5,无可用尺码,20: Ford F-150 1992-2026 Incl: Lightning/Raptor/Raptor R/Tremor  Regular/SuperCrew/SuperCab 5.5-8 无可用尺码
990,1,OK,20,无可用尺码,皮卡,Ford,F-150,2018,,,SuperCrew,6.5,无可用尺码,20: Ford F-150 1992-2026 Incl: Lightning/Raptor/Raptor R/Tremor  Regular/SuperCrew/SuperCab 5.5-8 无可用尺码
991,1,OK,20,无可用尺码,皮卡,Ford,F-150,2019,,,Regular,6.5,无可用尺码,20: Ford F-150 1992-2026 Incl: Lightning/Raptor/Raptor R/Tremor  Regular/SuperCrew/SuperCab 5.5-8 无可用尺码
992,1,OK,20,无可用尺码,皮卡,Ford,F-150,2019,,,Regular,8,无可用尺码,20: Ford F-150 1992-2026 Incl: Lightning/Raptor/Raptor R/Tremor  Regular/SuperCrew/SuperCab 5.5-8 无可用尺码
993,1,OK,20,无可用尺码,皮卡,Ford,F-150,2019,Raptor,,SuperCab,5.5,无可用尺码,20: Ford F-150 1992-2026 Incl: Lightning/Raptor/Raptor R/Tremor  Regular/SuperCrew/SuperCab 5.5-8 无可用尺码
994,1,OK,20,无可用尺码,皮卡,Ford,F-150,2019,,,SuperCab,6.5,无可用尺码,20: Ford F-150 1992-2026 Incl: Lightning/Raptor/Raptor R/Tremor  Regular/SuperCrew/SuperCab 5.5-8 无可用尺码
995,1,OK,20,无可用尺码,皮卡,Ford,F-150,2019,,,SuperCab,8,无可用尺码,20: Ford F-150 1992-2026 Incl: Lightning/Raptor/Raptor R/Tremor  Regular/SuperCrew/SuperCab 5.5-8 无可用尺码
996,1,OK,20,无可用尺码,皮卡,Ford,F-150,2019,Raptor,,SuperCrew,5.5,无可用尺码,20: Ford F-150 1992-2026 Incl: Lightning/Raptor/Raptor R/Tremor  Regular/SuperCrew/SuperCab 5.5-8 无可用尺码
997,1,OK,20,无可用尺码,皮卡,Ford,F-150,2019,,,SuperCrew,6.5,无可用尺码,20: Ford F-150 1992-2026 Incl: Lightning/Raptor/Raptor R/Tremor  Regular/SuperCrew/SuperCab 5.5-8 无可用尺码
998,1,OK,20,无可用尺码,皮卡,Ford,F-150,2020,,,Regular,6.5,无可用尺码,20: Ford F-150 1992-2026 Incl: Lightning/Raptor/Raptor R/Tremor  Regular/SuperCrew/SuperCab 5.5-8 无可用尺码
999,1,OK,20,无可用尺码,皮卡,Ford,F-150,2020,,,Regular,8,无可用尺码,20: Ford F-150 1992-2026 Incl: Lightning/Raptor/Raptor R/Tremor  Regular/SuperCrew/SuperCab 5.5-8 无可用尺码
1000,1,OK,20,无可用尺码,皮卡,Ford,F-150,2020,Raptor,,SuperCab,5.5,无可用尺码,20: Ford F-150 1992-2026 Incl: Lightning/Raptor/Raptor R/Tremor  Regular/SuperCrew/SuperCab 5.5-8 无可用尺码
1001,1,OK,20,无可用尺码,皮卡,Ford,F-150,2020,,,SuperCab,6.5,无可用尺码,20: Ford F-150 1992-2026 Incl: Lightning/Raptor/Raptor R/Tremor  Regular/SuperCrew/SuperCab 5.5-8 无可用尺码
1002,1,OK,20,无可用尺码,皮卡,Ford,F-150,2020,,,SuperCab,8,无可用尺码,20: Ford F-150 1992-2026 Incl: Lightning/Raptor/Raptor R/Tremor  Regular/SuperCrew/SuperCab 5.5-8 无可用尺码
1003,1,OK,20,无可用尺码,皮卡,Ford,F-150,2020,Raptor,,SuperCrew,5.5,无可用尺码,20: Ford F-150 1992-2026 Incl: Lightning/Raptor/Raptor R/Tremor  Regular/SuperCrew/SuperCab 5.5-8 无可用尺码
1004,1,OK,20,无可用尺码,皮卡,Ford,F-150,2020,,,SuperCrew,6.5,无可用尺码,20: Ford F-150 1992-2026 Incl: Lightning/Raptor/Raptor R/Tremor  Regular/SuperCrew/SuperCab 5.5-8 无可用尺码
1005,1,OK,20,无可用尺码,皮卡,Ford,F-150,2021,,,Regular,6.5,无可用尺码,20: Ford F-150 1992-2026 Incl: Lightning/Raptor/Raptor R/Tremor  Regular/SuperCrew/SuperCab 5.5-8 无可用尺码
1006,1,OK,20,无可用尺码,皮卡,Ford,F-150,2021,,,Regular,8,无可用尺码,20: Ford F-150 1992-2026 Incl: Lightning/Raptor/Raptor R/Tremor  Regular/SuperCrew/SuperCab 5.5-8 无可用尺码
1007,1,OK,20,无可用尺码,皮卡,Ford,F-150,2021,,,SuperCab,6.5,无可用尺码,20: Ford F-150 1992-2026 Incl: Lightning/Raptor/Raptor R/Tremor  Regular/SuperCrew/SuperCab 5.5-8 无可用尺码
1008,1,OK,20,无可用尺码,皮卡,Ford,F-150,2021,,,SuperCab,8,无可用尺码,20: Ford F-150 1992-2026 Incl: Lightning/Raptor/Raptor R/Tremor  Regular/SuperCrew/SuperCab 5.5-8 无可用尺码
1009,1,OK,20,无可用尺码,皮卡,Ford,F-150,2021,,,SuperCrew,5.5,无可用尺码,20: Ford F-150 1992-2026 Incl: Lightning/Raptor/Raptor R/Tremor  Regular/SuperCrew/SuperCab 5.5-8 无可用尺码
1010,1,OK,20,无可用尺码,皮卡,Ford,F-150,2021,Raptor,,SuperCrew,5.5,无可用尺码,20: Ford F-150 1992-2026 Incl: Lightning/Raptor/Raptor R/Tremor  Regular/SuperCrew/SuperCab 5.5-8 无可用尺码
1011,1,OK,20,无可用尺码,皮卡,Ford,F-150,2021,Tremor,,SuperCrew,5.5,无可用尺码,20: Ford F-150 1992-2026 Incl: Lightning/Raptor/Raptor R/Tremor  Regular/SuperCrew/SuperCab 5.5-8 无可用尺码
1012,1,OK,20,无可用尺码,皮卡,Ford,F-150,2021,,,SuperCrew,6.5,无可用尺码,20: Ford F-150 1992-2026 Incl: Lightning/Raptor/Raptor R/Tremor  Regular/SuperCrew/SuperCab 5.5-8 无可用尺码
1013,1,OK,20,无可用尺码,皮卡,Ford,F-150,2022,,,Regular,6.5,无可用尺码,20: Ford F-150 1992-2026 Incl: Lightning/Raptor/Raptor R/Tremor  Regular/SuperCrew/SuperCab 5.5-8 无可用尺码
1014,1,OK,20,无可用尺码,皮卡,Ford,F-150,2022,,,Regular,8,无可用尺码,20: Ford F-150 1992-2026 Incl: Lightning/Raptor/Raptor R/Tremor  Regular/SuperCrew/SuperCab 5.5-8 无可用尺码
1015,1,OK,20,无可用尺码,皮卡,Ford,F-150,2022,,,SuperCab,6.5,无可用尺码,20: Ford F-150 1992-2026 Incl: Lightning/Raptor/Raptor R/Tremor  Regular/SuperCrew/SuperCab 5.5-8 无可用尺码
1016,1,OK,20,无可用尺码,皮卡,Ford,F-150,2022,,,SuperCab,8,无可用尺码,20: Ford F-150 1992-2026 Incl: Lightning/Raptor/Raptor R/Tremor  Regular/SuperCrew/SuperCab 5.5-8 无可用尺码
1017,1,OK,20,无可用尺码,皮卡,Ford,F-150,2022,,,SuperCrew,5.5,无可用尺码,20: Ford F-150 1992-2026 Incl: Lightning/Raptor/Raptor R/Tremor  Regular/SuperCrew/SuperCab 5.5-8 无可用尺码
1018,1,OK,20,无可用尺码,皮卡,Ford,F-150,2022,Lightning,,SuperCrew,5.5,无可用尺码,20: Ford F-150 1992-2026 Incl: Lightning/Raptor/Raptor R/Tremor  Regular/SuperCrew/SuperCab 5.5-8 无可用尺码
1019,1,OK,20,无可用尺码,皮卡,Ford,F-150,2022,Raptor,,SuperCrew,5.5,无可用尺码,20: Ford F-150 1992-2026 Incl: Lightning/Raptor/Raptor R/Tremor  Regular/SuperCrew/SuperCab 5.5-8 无可用尺码
1020,1,OK,20,无可用尺码,皮卡,Ford,F-150,2022,Tremor,,SuperCrew,5.5,无可用尺码,20: Ford F-150 1992-2026 Incl: Lightning/Raptor/Raptor R/Tremor  Regular/SuperCrew/SuperCab 5.5-8 无可用尺码
1021,1,OK,20,无可用尺码,皮卡,Ford,F-150,2022,,,SuperCrew,6.5,无可用尺码,20: Ford F-150 1992-2026 Incl: Lightning/Raptor/Raptor R/Tremor  Regular/SuperCrew/SuperCab 5.5-8 无可用尺码
1022,1,OK,20,无可用尺码,皮卡,Ford,F-150,2023,,,Regular,6.5,无可用尺码,20: Ford F-150 1992-2026 Incl: Lightning/Raptor/Raptor R/Tremor  Regular/SuperCrew/SuperCab 5.5-8 无可用尺码
1023,1,OK,20,无可用尺码,皮卡,Ford,F-150,2023,,,Regular,8,无可用尺码,20: Ford F-150 1992-2026 Incl: Lightning/Raptor/Raptor R/Tremor  Regular/SuperCrew/SuperCab 5.5-8 无可用尺码
1024,1,OK,20,无可用尺码,皮卡,Ford,F-150,2023,,,SuperCab,6.5,无可用尺码,20: Ford F-150 1992-2026 Incl: Lightning/Raptor/Raptor R/Tremor  Regular/SuperCrew/SuperCab 5.5-8 无可用尺码
1025,1,OK,20,无可用尺码,皮卡,Ford,F-150,2023,,,SuperCab,8,无可用尺码,20: Ford F-150 1992-2026 Incl: Lightning/Raptor/Raptor R/Tremor  Regular/SuperCrew/SuperCab 5.5-8 无可用尺码
1026,1,OK,20,无可用尺码,皮卡,Ford,F-150,2023,,,SuperCrew,5.5,无可用尺码,20: Ford F-150 1992-2026 Incl: Lightning/Raptor/Raptor R/Tremor  Regular/SuperCrew/SuperCab 5.5-8 无可用尺码
1027,1,OK,20,无可用尺码,皮卡,Ford,F-150,2023,Lightning,,SuperCrew,5.5,无可用尺码,20: Ford F-150 1992-2026 Incl: Lightning/Raptor/Raptor R/Tremor  Regular/SuperCrew/SuperCab 5.5-8 无可用尺码
1028,1,OK,20,无可用尺码,皮卡,Ford,F-150,2023,Raptor,,SuperCrew,5.5,无可用尺码,20: Ford F-150 1992-2026 Incl: Lightning/Raptor/Raptor R/Tremor  Regular/SuperCrew/SuperCab 5.5-8 无可用尺码
1029,1,OK,20,无可用尺码,皮卡,Ford,F-150,2023,Raptor R,,SuperCrew,5.5,无可用尺码,20: Ford F-150 1992-2026 Incl: Lightning/Raptor/Raptor R/Tremor  Regular/SuperCrew/SuperCab 5.5-8 无可用尺码
1030,1,OK,20,无可用尺码,皮卡,Ford,F-150,2023,Tremor,,SuperCrew,5.5,无可用尺码,20: Ford F-150 1992-2026 Incl: Lightning/Raptor/Raptor R/Tremor  Regular/SuperCrew/SuperCab 5.5-8 无可用尺码
1031,1,OK,20,无可用尺码,皮卡,Ford,F-150,2023,,,SuperCrew,6.5,无可用尺码,20: Ford F-150 1992-2026 Incl: Lightning/Raptor/Raptor R/Tremor  Regular/SuperCrew/SuperCab 5.5-8 无可用尺码
1032,1,OK,20,无可用尺码,皮卡,Ford,F-150,2024,,,Regular,6.5,无可用尺码,20: Ford F-150 1992-2026 Incl: Lightning/Raptor/Raptor R/Tremor  Regular/SuperCrew/SuperCab 5.5-8 无可用尺码
1033,1,OK,20,无可用尺码,皮卡,Ford,F-150,2024,,,Regular,8,无可用尺码,20: Ford F-150 1992-2026 Incl: Lightning/Raptor/Raptor R/Tremor  Regular/SuperCrew/SuperCab 5.5-8 无可用尺码
1034,1,OK,20,无可用尺码,皮卡,Ford,F-150,2024,,,SuperCab,6.5,无可用尺码,20: Ford F-150 1992-2026 Incl: Lightning/Raptor/Raptor R/Tremor  Regular/SuperCrew/SuperCab 5.5-8 无可用尺码
1035,1,OK,20,无可用尺码,皮卡,Ford,F-150,2024,,,SuperCrew,5.5,无可用尺码,20: Ford F-150 1992-2026 Incl: Lightning/Raptor/Raptor R/Tremor  Regular/SuperCrew/SuperCab 5.5-8 无可用尺码
1036,1,OK,20,无可用尺码,皮卡,Ford,F-150,2024,Lightning,,SuperCrew,5.5,无可用尺码,20: Ford F-150 1992-2026 Incl: Lightning/Raptor/Raptor R/Tremor  Regular/SuperCrew/SuperCab 5.5-8 无可用尺码
1037,1,OK,20,无可用尺码,皮卡,Ford,F-150,2024,Raptor,,SuperCrew,5.5,无可用尺码,20: Ford F-150 1992-2026 Incl: Lightning/Raptor/Raptor R/Tremor  Regular/SuperCrew/SuperCab 5.5-8 无可用尺码
1038,1,OK,20,无可用尺码,皮卡,Ford,F-150,2024,Raptor R,,SuperCrew,5.5,无可用尺码,20: Ford F-150 1992-2026 Incl: Lightning/Raptor/Raptor R/Tremor  Regular/SuperCrew/SuperCab 5.5-8 无可用尺码
1039,1,OK,20,无可用尺码,皮卡,Ford,F-150,2024,Tremor,,SuperCrew,5.5,无可用尺码,20: Ford F-150 1992-2026 Incl: Lightning/Raptor/Raptor R/Tremor  Regular/SuperCrew/SuperCab 5.5-8 无可用尺码
1040,1,OK,20,无可用尺码,皮卡,Ford,F-150,2024,,,SuperCrew,6.5,无可用尺码,20: Ford F-150 1992-2026 Incl: Lightning/Raptor/Raptor R/Tremor  Regular/SuperCrew/SuperCab 5.5-8 无可用尺码
1041,1,OK,20,无可用尺码,皮卡,Ford,F-150,2025,,,Regular,6.5,无可用尺码,20: Ford F-150 1992-2026 Incl: Lightning/Raptor/Raptor R/Tremor  Regular/SuperCrew/SuperCab 5.5-8 无可用尺码
1042,1,OK,20,无可用尺码,皮卡,Ford,F-150,2025,,,Regular,8,无可用尺码,20: Ford F-150 1992-2026 Incl: Lightning/Raptor/Raptor R/Tremor  Regular/SuperCrew/SuperCab 5.5-8 无可用尺码
1043,1,OK,20,无可用尺码,皮卡,Ford,F-150,2025,,,SuperCab,6.5,无可用尺码,20: Ford F-150 1992-2026 Incl: Lightning/Raptor/Raptor R/Tremor  Regular/SuperCrew/SuperCab 5.5-8 无可用尺码
1044,1,OK,20,无可用尺码,皮卡,Ford,F-150,2025,,,SuperCrew,5.5,无可用尺码,20: Ford F-150 1992-2026 Incl: Lightning/Raptor/Raptor R/Tremor  Regular/SuperCrew/SuperCab 5.5-8 无可用尺码
1045,1,OK,20,无可用尺码,皮卡,Ford,F-150,2025,Lightning,,SuperCrew,5.5,无可用尺码,20: Ford F-150 1992-2026 Incl: Lightning/Raptor/Raptor R/Tremor  Regular/SuperCrew/SuperCab 5.5-8 无可用尺码
1046,1,OK,20,无可用尺码,皮卡,Ford,F-150,2025,Raptor,,SuperCrew,5.5,无可用尺码,20: Ford F-150 1992-2026 Incl: Lightning/Raptor/Raptor R/Tremor  Regular/SuperCrew/SuperCab 5.5-8 无可用尺码
1047,1,OK,20,无可用尺码,皮卡,Ford,F-150,2025,Raptor R,,SuperCrew,5.5,无可用尺码,20: Ford F-150 1992-2026 Incl: Lightning/Raptor/Raptor R/Tremor  Regular/SuperCrew/SuperCab 5.5-8 无可用尺码
1048,1,OK,20,无可用尺码,皮卡,Ford,F-150,2025,Tremor,,SuperCrew,5.5,无可用尺码,20: Ford F-150 1992-2026 Incl: Lightning/Raptor/Raptor R/Tremor  Regular/SuperCrew/SuperCab 5.5-8 无可用尺码
1049,1,OK,20,无可用尺码,皮卡,Ford,F-150,2025,,,SuperCrew,6.5,无可用尺码,20: Ford F-150 1992-2026 Incl: Lightning/Raptor/Raptor R/Tremor  Regular/SuperCrew/SuperCab 5.5-8 无可用尺码
1050,1,OK,20,无可用尺码,皮卡,Ford,F-150,2026,,,Regular,6.5,无可用尺码,20: Ford F-150 1992-2026 Incl: Lightning/Raptor/Raptor R/Tremor  Regular/SuperCrew/SuperCab 5.5-8 无可用尺码
1051,1,OK,20,无可用尺码,皮卡,Ford,F-150,2026,,,Regular,8,无可用尺码,20: Ford F-150 1992-2026 Incl: Lightning/Raptor/Raptor R/Tremor  Regular/SuperCrew/SuperCab 5.5-8 无可用尺码
1052,1,OK,20,无可用尺码,皮卡,Ford,F-150,2026,,,SuperCab,6.5,无可用尺码,20: Ford F-150 1992-2026 Incl: Lightning/Raptor/Raptor R/Tremor  Regular/SuperCrew/SuperCab 5.5-8 无可用尺码
1053,1,OK,20,无可用尺码,皮卡,Ford,F-150,2026,,,SuperCrew,5.5,无可用尺码,20: Ford F-150 1992-2026 Incl: Lightning/Raptor/Raptor R/Tremor  Regular/SuperCrew/SuperCab 5.5-8 无可用尺码
1054,1,OK,20,无可用尺码,皮卡,Ford,F-150,2026,Raptor,,SuperCrew,5.5,无可用尺码,20: Ford F-150 1992-2026 Incl: Lightning/Raptor/Raptor R/Tremor  Regular/SuperCrew/SuperCab 5.5-8 无可用尺码
1055,1,OK,20,无可用尺码,皮卡,Ford,F-150,2026,Raptor R,,SuperCrew,5.5,无可用尺码,20: Ford F-150 1992-2026 Incl: Lightning/Raptor/Raptor R/Tremor  Regular/SuperCrew/SuperCab 5.5-8 无可用尺码
1056,1,OK,20,无可用尺码,皮卡,Ford,F-150,2026,Tremor,,SuperCrew,5.5,无可用尺码,20: Ford F-150 1992-2026 Incl: Lightning/Raptor/Raptor R/Tremor  Regular/SuperCrew/SuperCab 5.5-8 无可用尺码
1057,1,OK,20,无可用尺码,皮卡,Ford,F-150,2026,,,SuperCrew,6.5,无可用尺码,20: Ford F-150 1992-2026 Incl: Lightning/Raptor/Raptor R/Tremor  Regular/SuperCrew/SuperCab 5.5-8 无可用尺码
1058,1,OK,21,无可用尺码,皮卡,Ford,F-250/F-350 Super Duty,1999,,,Crew,6.8,无可用尺码,21: Ford F-250/F-350 Super Duty 1999-2026   Crew/Regular/SuperCab 6.8-8 无可用尺码
1059,1,OK,21,无可用尺码,皮卡,Ford,F-250/F-350 Super Duty,1999,,,Crew,8,无可用尺码,21: Ford F-250/F-350 Super Duty 1999-2026   Crew/Regular/SuperCab 6.8-8 无可用尺码
1060,1,OK,21,无可用尺码,皮卡,Ford,F-250/F-350 Super Duty,1999,,,Regular,8,无可用尺码,21: Ford F-250/F-350 Super Duty 1999-2026   Crew/Regular/SuperCab 6.8-8 无可用尺码
1061,1,OK,21,无可用尺码,皮卡,Ford,F-250/F-350 Super Duty,1999,,,SuperCab,6.8,无可用尺码,21: Ford F-250/F-350 Super Duty 1999-2026   Crew/Regular/SuperCab 6.8-8 无可用尺码
1062,1,OK,21,无可用尺码,皮卡,Ford,F-250/F-350 Super Duty,1999,,,SuperCab,8,无可用尺码,21: Ford F-250/F-350 Super Duty 1999-2026   Crew/Regular/SuperCab 6.8-8 无可用尺码
1063,1,OK,21,无可用尺码,皮卡,Ford,F-250/F-350 Super Duty,2000,,,Crew,6.8,无可用尺码,21: Ford F-250/F-350 Super Duty 1999-2026   Crew/Regular/SuperCab 6.8-8 无可用尺码
1064,1,OK,21,无可用尺码,皮卡,Ford,F-250/F-350 Super Duty,2000,,,Crew,8,无可用尺码,21: Ford F-250/F-350 Super Duty 1999-2026   Crew/Regular/SuperCab 6.8-8 无可用尺码
1065,1,OK,21,无可用尺码,皮卡,Ford,F-250/F-350 Super Duty,2000,,,Regular,8,无可用尺码,21: Ford F-250/F-350 Super Duty 1999-2026   Crew/Regular/SuperCab 6.8-8 无可用尺码
1066,1,OK,21,无可用尺码,皮卡,Ford,F-250/F-350 Super Duty,2000,,,SuperCab,6.8,无可用尺码,21: Ford F-250/F-350 Super Duty 1999-2026   Crew/Regular/SuperCab 6.8-8 无可用尺码
1067,1,OK,21,无可用尺码,皮卡,Ford,F-250/F-350 Super Duty,2000,,,SuperCab,8,无可用尺码,21: Ford F-250/F-350 Super Duty 1999-2026   Crew/Regular/SuperCab 6.8-8 无可用尺码
1068,1,OK,21,无可用尺码,皮卡,Ford,F-250/F-350 Super Duty,2001,,,Crew,6.8,无可用尺码,21: Ford F-250/F-350 Super Duty 1999-2026   Crew/Regular/SuperCab 6.8-8 无可用尺码
1069,1,OK,21,无可用尺码,皮卡,Ford,F-250/F-350 Super Duty,2001,,,Crew,8,无可用尺码,21: Ford F-250/F-350 Super Duty 1999-2026   Crew/Regular/SuperCab 6.8-8 无可用尺码
1070,1,OK,21,无可用尺码,皮卡,Ford,F-250/F-350 Super Duty,2001,,,Regular,8,无可用尺码,21: Ford F-250/F-350 Super Duty 1999-2026   Crew/Regular/SuperCab 6.8-8 无可用尺码
1071,1,OK,21,无可用尺码,皮卡,Ford,F-250/F-350 Super Duty,2001,,,SuperCab,6.8,无可用尺码,21: Ford F-250/F-350 Super Duty 1999-2026   Crew/Regular/SuperCab 6.8-8 无可用尺码
1072,1,OK,21,无可用尺码,皮卡,Ford,F-250/F-350 Super Duty,2001,,,SuperCab,8,无可用尺码,21: Ford F-250/F-350 Super Duty 1999-2026   Crew/Regular/SuperCab 6.8-8 无可用尺码
1073,1,OK,21,无可用尺码,皮卡,Ford,F-250/F-350 Super Duty,2002,,,Crew,6.8,无可用尺码,21: Ford F-250/F-350 Super Duty 1999-2026   Crew/Regular/SuperCab 6.8-8 无可用尺码
1074,1,OK,21,无可用尺码,皮卡,Ford,F-250/F-350 Super Duty,2002,,,Crew,8,无可用尺码,21: Ford F-250/F-350 Super Duty 1999-2026   Crew/Regular/SuperCab 6.8-8 无可用尺码
1075,1,OK,21,无可用尺码,皮卡,Ford,F-250/F-350 Super Duty,2002,,,Regular,8,无可用尺码,21: Ford F-250/F-350 Super Duty 1999-2026   Crew/Regular/SuperCab 6.8-8 无可用尺码
1076,1,OK,21,无可用尺码,皮卡,Ford,F-250/F-350 Super Duty,2002,,,SuperCab,6.8,无可用尺码,21: Ford F-250/F-350 Super Duty 1999-2026   Crew/Regular/SuperCab 6.8-8 无可用尺码
1077,1,OK,21,无可用尺码,皮卡,Ford,F-250/F-350 Super Duty,2002,,,SuperCab,8,无可用尺码,21: Ford F-250/F-350 Super Duty 1999-2026   Crew/Regular/SuperCab 6.8-8 无可用尺码
1078,1,OK,21,无可用尺码,皮卡,Ford,F-250/F-350 Super Duty,2003,,,Crew,6.8,无可用尺码,21: Ford F-250/F-350 Super Duty 1999-2026   Crew/Regular/SuperCab 6.8-8 无可用尺码
1079,1,OK,21,无可用尺码,皮卡,Ford,F-250/F-350 Super Duty,2003,,,Crew,8,无可用尺码,21: Ford F-250/F-350 Super Duty 1999-2026   Crew/Regular/SuperCab 6.8-8 无可用尺码
1080,1,OK,21,无可用尺码,皮卡,Ford,F-250/F-350 Super Duty,2003,,,Regular,8,无可用尺码,21: Ford F-250/F-350 Super Duty 1999-2026   Crew/Regular/SuperCab 6.8-8 无可用尺码
1081,1,OK,21,无可用尺码,皮卡,Ford,F-250/F-350 Super Duty,2003,,,SuperCab,6.8,无可用尺码,21: Ford F-250/F-350 Super Duty 1999-2026   Crew/Regular/SuperCab 6.8-8 无可用尺码
1082,1,OK,21,无可用尺码,皮卡,Ford,F-250/F-350 Super Duty,2003,,,SuperCab,8,无可用尺码,21: Ford F-250/F-350 Super Duty 1999-2026   Crew/Regular/SuperCab 6.8-8 无可用尺码
1083,1,OK,21,无可用尺码,皮卡,Ford,F-250/F-350 Super Duty,2004,,,Crew,6.8,无可用尺码,21: Ford F-250/F-350 Super Duty 1999-2026   Crew/Regular/SuperCab 6.8-8 无可用尺码
1084,1,OK,21,无可用尺码,皮卡,Ford,F-250/F-350 Super Duty,2004,,,Crew,8,无可用尺码,21: Ford F-250/F-350 Super Duty 1999-2026   Crew/Regular/SuperCab 6.8-8 无可用尺码
1085,1,OK,21,无可用尺码,皮卡,Ford,F-250/F-350 Super Duty,2004,,,Regular,8,无可用尺码,21: Ford F-250/F-350 Super Duty 1999-2026   Crew/Regular/SuperCab 6.8-8 无可用尺码
1086,1,OK,21,无可用尺码,皮卡,Ford,F-250/F-350 Super Duty,2004,,,SuperCab,6.8,无可用尺码,21: Ford F-250/F-350 Super Duty 1999-2026   Crew/Regular/SuperCab 6.8-8 无可用尺码
1087,1,OK,21,无可用尺码,皮卡,Ford,F-250/F-350 Super Duty,2004,,,SuperCab,8,无可用尺码,21: Ford F-250/F-350 Super Duty 1999-2026   Crew/Regular/SuperCab 6.8-8 无可用尺码
1088,1,OK,21,无可用尺码,皮卡,Ford,F-250/F-350 Super Duty,2005,,,Crew,6.8,无可用尺码,21: Ford F-250/F-350 Super Duty 1999-2026   Crew/Regular/SuperCab 6.8-8 无可用尺码
1089,1,OK,21,无可用尺码,皮卡,Ford,F-250/F-350 Super Duty,2005,,,Crew,8,无可用尺码,21: Ford F-250/F-350 Super Duty 1999-2026   Crew/Regular/SuperCab 6.8-8 无可用尺码
1090,1,OK,21,无可用尺码,皮卡,Ford,F-250/F-350 Super Duty,2005,,,Regular,8,无可用尺码,21: Ford F-250/F-350 Super Duty 1999-2026   Crew/Regular/SuperCab 6.8-8 无可用尺码
1091,1,OK,21,无可用尺码,皮卡,Ford,F-250/F-350 Super Duty,2005,,,SuperCab,6.8,无可用尺码,21: Ford F-250/F-350 Super Duty 1999-2026   Crew/Regular/SuperCab 6.8-8 无可用尺码
1092,1,OK,21,无可用尺码,皮卡,Ford,F-250/F-350 Super Duty,2005,,,SuperCab,8,无可用尺码,21: Ford F-250/F-350 Super Duty 1999-2026   Crew/Regular/SuperCab 6.8-8 无可用尺码
1093,1,OK,21,无可用尺码,皮卡,Ford,F-250/F-350 Super Duty,2006,,,Crew,6.8,无可用尺码,21: Ford F-250/F-350 Super Duty 1999-2026   Crew/Regular/SuperCab 6.8-8 无可用尺码
1094,1,OK,21,无可用尺码,皮卡,Ford,F-250/F-350 Super Duty,2006,,,Crew,8,无可用尺码,21: Ford F-250/F-350 Super Duty 1999-2026   Crew/Regular/SuperCab 6.8-8 无可用尺码
1095,1,OK,21,无可用尺码,皮卡,Ford,F-250/F-350 Super Duty,2006,,,Regular,8,无可用尺码,21: Ford F-250/F-350 Super Duty 1999-2026   Crew/Regular/SuperCab 6.8-8 无可用尺码
1096,1,OK,21,无可用尺码,皮卡,Ford,F-250/F-350 Super Duty,2006,,,SuperCab,6.8,无可用尺码,21: Ford F-250/F-350 Super Duty 1999-2026   Crew/Regular/SuperCab 6.8-8 无可用尺码
1097,1,OK,21,无可用尺码,皮卡,Ford,F-250/F-350 Super Duty,2006,,,SuperCab,8,无可用尺码,21: Ford F-250/F-350 Super Duty 1999-2026   Crew/Regular/SuperCab 6.8-8 无可用尺码
1098,1,OK,21,无可用尺码,皮卡,Ford,F-250/F-350 Super Duty,2007,,,Crew,6.8,无可用尺码,21: Ford F-250/F-350 Super Duty 1999-2026   Crew/Regular/SuperCab 6.8-8 无可用尺码
1099,1,OK,21,无可用尺码,皮卡,Ford,F-250/F-350 Super Duty,2007,,,Crew,8,无可用尺码,21: Ford F-250/F-350 Super Duty 1999-2026   Crew/Regular/SuperCab 6.8-8 无可用尺码
1100,1,OK,21,无可用尺码,皮卡,Ford,F-250/F-350 Super Duty,2007,,,Regular,8,无可用尺码,21: Ford F-250/F-350 Super Duty 1999-2026   Crew/Regular/SuperCab 6.8-8 无可用尺码
1101,1,OK,21,无可用尺码,皮卡,Ford,F-250/F-350 Super Duty,2007,,,SuperCab,6.8,无可用尺码,21: Ford F-250/F-350 Super Duty 1999-2026   Crew/Regular/SuperCab 6.8-8 无可用尺码
1102,1,OK,21,无可用尺码,皮卡,Ford,F-250/F-350 Super Duty,2007,,,SuperCab,8,无可用尺码,21: Ford F-250/F-350 Super Duty 1999-2026   Crew/Regular/SuperCab 6.8-8 无可用尺码
1103,1,OK,21,无可用尺码,皮卡,Ford,F-250/F-350 Super Duty,2008,,,Crew,6.8,无可用尺码,21: Ford F-250/F-350 Super Duty 1999-2026   Crew/Regular/SuperCab 6.8-8 无可用尺码
1104,1,OK,21,无可用尺码,皮卡,Ford,F-250/F-350 Super Duty,2008,,,Crew,8,无可用尺码,21: Ford F-250/F-350 Super Duty 1999-2026   Crew/Regular/SuperCab 6.8-8 无可用尺码
1105,1,OK,21,无可用尺码,皮卡,Ford,F-250/F-350 Super Duty,2008,,,Regular,8,无可用尺码,21: Ford F-250/F-350 Super Duty 1999-2026   Crew/Regular/SuperCab 6.8-8 无可用尺码
1106,1,OK,21,无可用尺码,皮卡,Ford,F-250/F-350 Super Duty,2008,,,SuperCab,6.8,无可用尺码,21: Ford F-250/F-350 Super Duty 1999-2026   Crew/Regular/SuperCab 6.8-8 无可用尺码
1107,1,OK,21,无可用尺码,皮卡,Ford,F-250/F-350 Super Duty,2008,,,SuperCab,8,无可用尺码,21: Ford F-250/F-350 Super Duty 1999-2026   Crew/Regular/SuperCab 6.8-8 无可用尺码
1108,1,OK,21,无可用尺码,皮卡,Ford,F-250/F-350 Super Duty,2009,,,Crew,6.8,无可用尺码,21: Ford F-250/F-350 Super Duty 1999-2026   Crew/Regular/SuperCab 6.8-8 无可用尺码
1109,1,OK,21,无可用尺码,皮卡,Ford,F-250/F-350 Super Duty,2009,,,Crew,8,无可用尺码,21: Ford F-250/F-350 Super Duty 1999-2026   Crew/Regular/SuperCab 6.8-8 无可用尺码
1110,1,OK,21,无可用尺码,皮卡,Ford,F-250/F-350 Super Duty,2009,,,Regular,8,无可用尺码,21: Ford F-250/F-350 Super Duty 1999-2026   Crew/Regular/SuperCab 6.8-8 无可用尺码
1111,1,OK,21,无可用尺码,皮卡,Ford,F-250/F-350 Super Duty,2009,,,SuperCab,6.8,无可用尺码,21: Ford F-250/F-350 Super Duty 1999-2026   Crew/Regular/SuperCab 6.8-8 无可用尺码
1112,1,OK,21,无可用尺码,皮卡,Ford,F-250/F-350 Super Duty,2009,,,SuperCab,8,无可用尺码,21: Ford F-250/F-350 Super Duty 1999-2026   Crew/Regular/SuperCab 6.8-8 无可用尺码
1113,1,OK,21,无可用尺码,皮卡,Ford,F-250/F-350 Super Duty,2010,,,Crew,6.8,无可用尺码,21: Ford F-250/F-350 Super Duty 1999-2026   Crew/Regular/SuperCab 6.8-8 无可用尺码
1114,1,OK,21,无可用尺码,皮卡,Ford,F-250/F-350 Super Duty,2010,,,Crew,8,无可用尺码,21: Ford F-250/F-350 Super Duty 1999-2026   Crew/Regular/SuperCab 6.8-8 无可用尺码
1115,1,OK,21,无可用尺码,皮卡,Ford,F-250/F-350 Super Duty,2010,,,Regular,8,无可用尺码,21: Ford F-250/F-350 Super Duty 1999-2026   Crew/Regular/SuperCab 6.8-8 无可用尺码
1116,1,OK,21,无可用尺码,皮卡,Ford,F-250/F-350 Super Duty,2010,,,SuperCab,6.8,无可用尺码,21: Ford F-250/F-350 Super Duty 1999-2026   Crew/Regular/SuperCab 6.8-8 无可用尺码
1117,1,OK,21,无可用尺码,皮卡,Ford,F-250/F-350 Super Duty,2010,,,SuperCab,8,无可用尺码,21: Ford F-250/F-350 Super Duty 1999-2026   Crew/Regular/SuperCab 6.8-8 无可用尺码
1118,1,OK,21,无可用尺码,皮卡,Ford,F-250/F-350 Super Duty,2011,,,Crew,6.8,无可用尺码,21: Ford F-250/F-350 Super Duty 1999-2026   Crew/Regular/SuperCab 6.8-8 无可用尺码
1119,1,OK,21,无可用尺码,皮卡,Ford,F-250/F-350 Super Duty,2011,,,Crew,8,无可用尺码,21: Ford F-250/F-350 Super Duty 1999-2026   Crew/Regular/SuperCab 6.8-8 无可用尺码
1120,1,OK,21,无可用尺码,皮卡,Ford,F-250/F-350 Super Duty,2011,,,Regular,8,无可用尺码,21: Ford F-250/F-350 Super Duty 1999-2026   Crew/Regular/SuperCab 6.8-8 无可用尺码
1121,1,OK,21,无可用尺码,皮卡,Ford,F-250/F-350 Super Duty,2011,,,SuperCab,6.8,无可用尺码,21: Ford F-250/F-350 Super Duty 1999-2026   Crew/Regular/SuperCab 6.8-8 无可用尺码
1122,1,OK,21,无可用尺码,皮卡,Ford,F-250/F-350 Super Duty,2011,,,SuperCab,8,无可用尺码,21: Ford F-250/F-350 Super Duty 1999-2026   Crew/Regular/SuperCab 6.8-8 无可用尺码
1123,1,OK,21,无可用尺码,皮卡,Ford,F-250/F-350 Super Duty,2012,,,Crew,6.8,无可用尺码,21: Ford F-250/F-350 Super Duty 1999-2026   Crew/Regular/SuperCab 6.8-8 无可用尺码
1124,1,OK,21,无可用尺码,皮卡,Ford,F-250/F-350 Super Duty,2012,,,Crew,8,无可用尺码,21: Ford F-250/F-350 Super Duty 1999-2026   Crew/Regular/SuperCab 6.8-8 无可用尺码
1125,1,OK,21,无可用尺码,皮卡,Ford,F-250/F-350 Super Duty,2012,,,Regular,8,无可用尺码,21: Ford F-250/F-350 Super Duty 1999-2026   Crew/Regular/SuperCab 6.8-8 无可用尺码
1126,1,OK,21,无可用尺码,皮卡,Ford,F-250/F-350 Super Duty,2012,,,SuperCab,6.8,无可用尺码,21: Ford F-250/F-350 Super Duty 1999-2026   Crew/Regular/SuperCab 6.8-8 无可用尺码
1127,1,OK,21,无可用尺码,皮卡,Ford,F-250/F-350 Super Duty,2012,,,SuperCab,8,无可用尺码,21: Ford F-250/F-350 Super Duty 1999-2026   Crew/Regular/SuperCab 6.8-8 无可用尺码
1128,1,OK,21,无可用尺码,皮卡,Ford,F-250/F-350 Super Duty,2013,,,Crew,6.8,无可用尺码,21: Ford F-250/F-350 Super Duty 1999-2026   Crew/Regular/SuperCab 6.8-8 无可用尺码
1129,1,OK,21,无可用尺码,皮卡,Ford,F-250/F-350 Super Duty,2013,,,Crew,8,无可用尺码,21: Ford F-250/F-350 Super Duty 1999-2026   Crew/Regular/SuperCab 6.8-8 无可用尺码
1130,1,OK,21,无可用尺码,皮卡,Ford,F-250/F-350 Super Duty,2013,,,Regular,8,无可用尺码,21: Ford F-250/F-350 Super Duty 1999-2026   Crew/Regular/SuperCab 6.8-8 无可用尺码
1131,1,OK,21,无可用尺码,皮卡,Ford,F-250/F-350 Super Duty,2013,,,SuperCab,6.8,无可用尺码,21: Ford F-250/F-350 Super Duty 1999-2026   Crew/Regular/SuperCab 6.8-8 无可用尺码
1132,1,OK,21,无可用尺码,皮卡,Ford,F-250/F-350 Super Duty,2013,,,SuperCab,8,无可用尺码,21: Ford F-250/F-350 Super Duty 1999-2026   Crew/Regular/SuperCab 6.8-8 无可用尺码
1133,1,OK,21,无可用尺码,皮卡,Ford,F-250/F-350 Super Duty,2014,,,Crew,6.8,无可用尺码,21: Ford F-250/F-350 Super Duty 1999-2026   Crew/Regular/SuperCab 6.8-8 无可用尺码
1134,1,OK,21,无可用尺码,皮卡,Ford,F-250/F-350 Super Duty,2014,,,Crew,8,无可用尺码,21: Ford F-250/F-350 Super Duty 1999-2026   Crew/Regular/SuperCab 6.8-8 无可用尺码
1135,1,OK,21,无可用尺码,皮卡,Ford,F-250/F-350 Super Duty,2014,,,Regular,8,无可用尺码,21: Ford F-250/F-350 Super Duty 1999-2026   Crew/Regular/SuperCab 6.8-8 无可用尺码
1136,1,OK,21,无可用尺码,皮卡,Ford,F-250/F-350 Super Duty,2014,,,SuperCab,6.8,无可用尺码,21: Ford F-250/F-350 Super Duty 1999-2026   Crew/Regular/SuperCab 6.8-8 无可用尺码
1137,1,OK,21,无可用尺码,皮卡,Ford,F-250/F-350 Super Duty,2014,,,SuperCab,8,无可用尺码,21: Ford F-250/F-350 Super Duty 1999-2026   Crew/Regular/SuperCab 6.8-8 无可用尺码
1138,1,OK,21,无可用尺码,皮卡,Ford,F-250/F-350 Super Duty,2015,,,Crew,6.8,无可用尺码,21: Ford F-250/F-350 Super Duty 1999-2026   Crew/Regular/SuperCab 6.8-8 无可用尺码
1139,1,OK,21,无可用尺码,皮卡,Ford,F-250/F-350 Super Duty,2015,,,Crew,8,无可用尺码,21: Ford F-250/F-350 Super Duty 1999-2026   Crew/Regular/SuperCab 6.8-8 无可用尺码
1140,1,OK,21,无可用尺码,皮卡,Ford,F-250/F-350 Super Duty,2015,,,Regular,8,无可用尺码,21: Ford F-250/F-350 Super Duty 1999-2026   Crew/Regular/SuperCab 6.8-8 无可用尺码
1141,1,OK,21,无可用尺码,皮卡,Ford,F-250/F-350 Super Duty,2015,,,SuperCab,6.8,无可用尺码,21: Ford F-250/F-350 Super Duty 1999-2026   Crew/Regular/SuperCab 6.8-8 无可用尺码
1142,1,OK,21,无可用尺码,皮卡,Ford,F-250/F-350 Super Duty,2015,,,SuperCab,8,无可用尺码,21: Ford F-250/F-350 Super Duty 1999-2026   Crew/Regular/SuperCab 6.8-8 无可用尺码
1143,1,OK,21,无可用尺码,皮卡,Ford,F-250/F-350 Super Duty,2016,,,Crew,6.8,无可用尺码,21: Ford F-250/F-350 Super Duty 1999-2026   Crew/Regular/SuperCab 6.8-8 无可用尺码
1144,1,OK,21,无可用尺码,皮卡,Ford,F-250/F-350 Super Duty,2016,,,Crew,8,无可用尺码,21: Ford F-250/F-350 Super Duty 1999-2026   Crew/Regular/SuperCab 6.8-8 无可用尺码
1145,1,OK,21,无可用尺码,皮卡,Ford,F-250/F-350 Super Duty,2016,,,Regular,8,无可用尺码,21: Ford F-250/F-350 Super Duty 1999-2026   Crew/Regular/SuperCab 6.8-8 无可用尺码
1146,1,OK,21,无可用尺码,皮卡,Ford,F-250/F-350 Super Duty,2016,,,SuperCab,6.8,无可用尺码,21: Ford F-250/F-350 Super Duty 1999-2026   Crew/Regular/SuperCab 6.8-8 无可用尺码
1147,1,OK,21,无可用尺码,皮卡,Ford,F-250/F-350 Super Duty,2016,,,SuperCab,8,无可用尺码,21: Ford F-250/F-350 Super Duty 1999-2026   Crew/Regular/SuperCab 6.8-8 无可用尺码
1148,1,OK,21,无可用尺码,皮卡,Ford,F-250/F-350 Super Duty,2017,,,Crew,6.8,无可用尺码,21: Ford F-250/F-350 Super Duty 1999-2026   Crew/Regular/SuperCab 6.8-8 无可用尺码
1149,1,OK,21,无可用尺码,皮卡,Ford,F-250/F-350 Super Duty,2017,,,Crew,8,无可用尺码,21: Ford F-250/F-350 Super Duty 1999-2026   Crew/Regular/SuperCab 6.8-8 无可用尺码
1150,1,OK,21,无可用尺码,皮卡,Ford,F-250/F-350 Super Duty,2017,,,Regular,8,无可用尺码,21: Ford F-250/F-350 Super Duty 1999-2026   Crew/Regular/SuperCab 6.8-8 无可用尺码
1151,1,OK,21,无可用尺码,皮卡,Ford,F-250/F-350 Super Duty,2017,,,SuperCab,6.8,无可用尺码,21: Ford F-250/F-350 Super Duty 1999-2026   Crew/Regular/SuperCab 6.8-8 无可用尺码
1152,1,OK,21,无可用尺码,皮卡,Ford,F-250/F-350 Super Duty,2017,,,SuperCab,8,无可用尺码,21: Ford F-250/F-350 Super Duty 1999-2026   Crew/Regular/SuperCab 6.8-8 无可用尺码
1153,1,OK,21,无可用尺码,皮卡,Ford,F-250/F-350 Super Duty,2018,,,Crew,6.8,无可用尺码,21: Ford F-250/F-350 Super Duty 1999-2026   Crew/Regular/SuperCab 6.8-8 无可用尺码
1154,1,OK,21,无可用尺码,皮卡,Ford,F-250/F-350 Super Duty,2018,,,Crew,8,无可用尺码,21: Ford F-250/F-350 Super Duty 1999-2026   Crew/Regular/SuperCab 6.8-8 无可用尺码
1155,1,OK,21,无可用尺码,皮卡,Ford,F-250/F-350 Super Duty,2018,,,Regular,8,无可用尺码,21: Ford F-250/F-350 Super Duty 1999-2026   Crew/Regular/SuperCab 6.8-8 无可用尺码
1156,1,OK,21,无可用尺码,皮卡,Ford,F-250/F-350 Super Duty,2018,,,SuperCab,6.8,无可用尺码,21: Ford F-250/F-350 Super Duty 1999-2026   Crew/Regular/SuperCab 6.8-8 无可用尺码
1157,1,OK,21,无可用尺码,皮卡,Ford,F-250/F-350 Super Duty,2018,,,SuperCab,8,无可用尺码,21: Ford F-250/F-350 Super Duty 1999-2026   Crew/Regular/SuperCab 6.8-8 无可用尺码
1158,1,OK,21,无可用尺码,皮卡,Ford,F-250/F-350 Super Duty,2019,,,Crew,6.8,无可用尺码,21: Ford F-250/F-350 Super Duty 1999-2026   Crew/Regular/SuperCab 6.8-8 无可用尺码
1159,1,OK,21,无可用尺码,皮卡,Ford,F-250/F-350 Super Duty,2019,,,Crew,8,无可用尺码,21: Ford F-250/F-350 Super Duty 1999-2026   Crew/Regular/SuperCab 6.8-8 无可用尺码
1160,1,OK,21,无可用尺码,皮卡,Ford,F-250/F-350 Super Duty,2019,,,Regular,8,无可用尺码,21: Ford F-250/F-350 Super Duty 1999-2026   Crew/Regular/SuperCab 6.8-8 无可用尺码
1161,1,OK,21,无可用尺码,皮卡,Ford,F-250/F-350 Super Duty,2019,,,SuperCab,6.8,无可用尺码,21: Ford F-250/F-350 Super Duty 1999-2026   Crew/Regular/SuperCab 6.8-8 无可用尺码
1162,1,OK,21,无可用尺码,皮卡,Ford,F-250/F-350 Super Duty,2019,,,SuperCab,8,无可用尺码,21: Ford F-250/F-350 Super Duty 1999-2026   Crew/Regular/SuperCab 6.8-8 无可用尺码
1163,1,OK,21,无可用尺码,皮卡,Ford,F-250/F-350 Super Duty,2020,,,Crew,6.8,无可用尺码,21: Ford F-250/F-350 Super Duty 1999-2026   Crew/Regular/SuperCab 6.8-8 无可用尺码
1164,1,OK,21,无可用尺码,皮卡,Ford,F-250/F-350 Super Duty,2020,,,Crew,8,无可用尺码,21: Ford F-250/F-350 Super Duty 1999-2026   Crew/Regular/SuperCab 6.8-8 无可用尺码
1165,1,OK,21,无可用尺码,皮卡,Ford,F-250/F-350 Super Duty,2020,,,Regular,8,无可用尺码,21: Ford F-250/F-350 Super Duty 1999-2026   Crew/Regular/SuperCab 6.8-8 无可用尺码
1166,1,OK,21,无可用尺码,皮卡,Ford,F-250/F-350 Super Duty,2020,,,SuperCab,6.8,无可用尺码,21: Ford F-250/F-350 Super Duty 1999-2026   Crew/Regular/SuperCab 6.8-8 无可用尺码
1167,1,OK,21,无可用尺码,皮卡,Ford,F-250/F-350 Super Duty,2020,,,SuperCab,8,无可用尺码,21: Ford F-250/F-350 Super Duty 1999-2026   Crew/Regular/SuperCab 6.8-8 无可用尺码
1168,1,OK,21,无可用尺码,皮卡,Ford,F-250/F-350 Super Duty,2021,,,Crew,6.8,无可用尺码,21: Ford F-250/F-350 Super Duty 1999-2026   Crew/Regular/SuperCab 6.8-8 无可用尺码
1169,1,OK,21,无可用尺码,皮卡,Ford,F-250/F-350 Super Duty,2021,,,Crew,8,无可用尺码,21: Ford F-250/F-350 Super Duty 1999-2026   Crew/Regular/SuperCab 6.8-8 无可用尺码
1170,1,OK,21,无可用尺码,皮卡,Ford,F-250/F-350 Super Duty,2021,,,Regular,8,无可用尺码,21: Ford F-250/F-350 Super Duty 1999-2026   Crew/Regular/SuperCab 6.8-8 无可用尺码
1171,1,OK,21,无可用尺码,皮卡,Ford,F-250/F-350 Super Duty,2021,,,SuperCab,6.8,无可用尺码,21: Ford F-250/F-350 Super Duty 1999-2026   Crew/Regular/SuperCab 6.8-8 无可用尺码
1172,1,OK,21,无可用尺码,皮卡,Ford,F-250/F-350 Super Duty,2021,,,SuperCab,8,无可用尺码,21: Ford F-250/F-350 Super Duty 1999-2026   Crew/Regular/SuperCab 6.8-8 无可用尺码
1173,1,OK,21,无可用尺码,皮卡,Ford,F-250/F-350 Super Duty,2022,,,Crew,6.8,无可用尺码,21: Ford F-250/F-350 Super Duty 1999-2026   Crew/Regular/SuperCab 6.8-8 无可用尺码
1174,1,OK,21,无可用尺码,皮卡,Ford,F-250/F-350 Super Duty,2022,,,Crew,8,无可用尺码,21: Ford F-250/F-350 Super Duty 1999-2026   Crew/Regular/SuperCab 6.8-8 无可用尺码
1175,1,OK,21,无可用尺码,皮卡,Ford,F-250/F-350 Super Duty,2022,,,Regular,8,无可用尺码,21: Ford F-250/F-350 Super Duty 1999-2026   Crew/Regular/SuperCab 6.8-8 无可用尺码
1176,1,OK,21,无可用尺码,皮卡,Ford,F-250/F-350 Super Duty,2022,,,SuperCab,6.8,无可用尺码,21: Ford F-250/F-350 Super Duty 1999-2026   Crew/Regular/SuperCab 6.8-8 无可用尺码
1177,1,OK,21,无可用尺码,皮卡,Ford,F-250/F-350 Super Duty,2022,,,SuperCab,8,无可用尺码,21: Ford F-250/F-350 Super Duty 1999-2026   Crew/Regular/SuperCab 6.8-8 无可用尺码
1178,1,OK,21,无可用尺码,皮卡,Ford,F-250/F-350 Super Duty,2023,,,Crew,6.8,无可用尺码,21: Ford F-250/F-350 Super Duty 1999-2026   Crew/Regular/SuperCab 6.8-8 无可用尺码
1179,1,OK,21,无可用尺码,皮卡,Ford,F-250/F-350 Super Duty,2023,,,Crew,8,无可用尺码,21: Ford F-250/F-350 Super Duty 1999-2026   Crew/Regular/SuperCab 6.8-8 无可用尺码
1180,1,OK,21,无可用尺码,皮卡,Ford,F-250/F-350 Super Duty,2023,,,Regular,8,无可用尺码,21: Ford F-250/F-350 Super Duty 1999-2026   Crew/Regular/SuperCab 6.8-8 无可用尺码
1181,1,OK,21,无可用尺码,皮卡,Ford,F-250/F-350 Super Duty,2023,,,SuperCab,6.8,无可用尺码,21: Ford F-250/F-350 Super Duty 1999-2026   Crew/Regular/SuperCab 6.8-8 无可用尺码
1182,1,OK,21,无可用尺码,皮卡,Ford,F-250/F-350 Super Duty,2023,,,SuperCab,8,无可用尺码,21: Ford F-250/F-350 Super Duty 1999-2026   Crew/Regular/SuperCab 6.8-8 无可用尺码
1183,1,OK,21,无可用尺码,皮卡,Ford,F-250/F-350 Super Duty,2024,,,Crew,6.8,无可用尺码,21: Ford F-250/F-350 Super Duty 1999-2026   Crew/Regular/SuperCab 6.8-8 无可用尺码
1184,1,OK,21,无可用尺码,皮卡,Ford,F-250/F-350 Super Duty,2024,,,Crew,8,无可用尺码,21: Ford F-250/F-350 Super Duty 1999-2026   Crew/Regular/SuperCab 6.8-8 无可用尺码
1185,1,OK,21,无可用尺码,皮卡,Ford,F-250/F-350 Super Duty,2024,,,Regular,8,无可用尺码,21: Ford F-250/F-350 Super Duty 1999-2026   Crew/Regular/SuperCab 6.8-8 无可用尺码
1186,1,OK,21,无可用尺码,皮卡,Ford,F-250/F-350 Super Duty,2024,,,SuperCab,6.8,无可用尺码,21: Ford F-250/F-350 Super Duty 1999-2026   Crew/Regular/SuperCab 6.8-8 无可用尺码
1187,1,OK,21,无可用尺码,皮卡,Ford,F-250/F-350 Super Duty,2024,,,SuperCab,8,无可用尺码,21: Ford F-250/F-350 Super Duty 1999-2026   Crew/Regular/SuperCab 6.8-8 无可用尺码
1188,1,OK,21,无可用尺码,皮卡,Ford,F-250/F-350 Super Duty,2025,,,Crew,6.8,无可用尺码,21: Ford F-250/F-350 Super Duty 1999-2026   Crew/Regular/SuperCab 6.8-8 无可用尺码
1189,1,OK,21,无可用尺码,皮卡,Ford,F-250/F-350 Super Duty,2025,,,Crew,8,无可用尺码,21: Ford F-250/F-350 Super Duty 1999-2026   Crew/Regular/SuperCab 6.8-8 无可用尺码
1190,1,OK,21,无可用尺码,皮卡,Ford,F-250/F-350 Super Duty,2025,,,Regular,8,无可用尺码,21: Ford F-250/F-350 Super Duty 1999-2026   Crew/Regular/SuperCab 6.8-8 无可用尺码
1191,1,OK,21,无可用尺码,皮卡,Ford,F-250/F-350 Super Duty,2025,,,SuperCab,6.8,无可用尺码,21: Ford F-250/F-350 Super Duty 1999-2026   Crew/Regular/SuperCab 6.8-8 无可用尺码
1192,1,OK,21,无可用尺码,皮卡,Ford,F-250/F-350 Super Duty,2025,,,SuperCab,8,无可用尺码,21: Ford F-250/F-350 Super Duty 1999-2026   Crew/Regular/SuperCab 6.8-8 无可用尺码
1193,1,OK,21,无可用尺码,皮卡,Ford,F-250/F-350 Super Duty,2026,,,Crew,6.8,无可用尺码,21: Ford F-250/F-350 Super Duty 1999-2026   Crew/Regular/SuperCab 6.8-8 无可用尺码
1194,1,OK,21,无可用尺码,皮卡,Ford,F-250/F-350 Super Duty,2026,,,Crew,8,无可用尺码,21: Ford F-250/F-350 Super Duty 1999-2026   Crew/Regular/SuperCab 6.8-8 无可用尺码
1195,1,OK,21,无可用尺码,皮卡,Ford,F-250/F-350 Super Duty,2026,,,Regular,8,无可用尺码,21: Ford F-250/F-350 Super Duty 1999-2026   Crew/Regular/SuperCab 6.8-8 无可用尺码
1196,1,OK,21,无可用尺码,皮卡,Ford,F-250/F-350 Super Duty,2026,,,SuperCab,6.8,无可用尺码,21: Ford F-250/F-350 Super Duty 1999-2026   Crew/Regular/SuperCab 6.8-8 无可用尺码
1197,1,OK,21,无可用尺码,皮卡,Ford,F-250/F-350 Super Duty,2026,,,SuperCab,8,无可用尺码,21: Ford F-250/F-350 Super Duty 1999-2026   Crew/Regular/SuperCab 6.8-8 无可用尺码
1198,1,OK,22,无可用尺码,皮卡,Ford,F-350 Super Duty,1999,DRW,,Crew,8,无可用尺码,22: Ford F-350 Super Duty 1999-2026 DRW  Crew/Regular 8 无可用尺码
1199,1,OK,22,无可用尺码,皮卡,Ford,F-350 Super Duty,1999,DRW,,Regular,8,无可用尺码,22: Ford F-350 Super Duty 1999-2026 DRW  Crew/Regular 8 无可用尺码
1200,1,OK,22,无可用尺码,皮卡,Ford,F-350 Super Duty,2000,DRW,,Crew,8,无可用尺码,22: Ford F-350 Super Duty 1999-2026 DRW  Crew/Regular 8 无可用尺码
1201,1,OK,22,无可用尺码,皮卡,Ford,F-350 Super Duty,2000,DRW,,Regular,8,无可用尺码,22: Ford F-350 Super Duty 1999-2026 DRW  Crew/Regular 8 无可用尺码
1202,1,OK,22,无可用尺码,皮卡,Ford,F-350 Super Duty,2001,DRW,,Crew,8,无可用尺码,22: Ford F-350 Super Duty 1999-2026 DRW  Crew/Regular 8 无可用尺码
1203,1,OK,22,无可用尺码,皮卡,Ford,F-350 Super Duty,2001,DRW,,Regular,8,无可用尺码,22: Ford F-350 Super Duty 1999-2026 DRW  Crew/Regular 8 无可用尺码
1204,1,OK,22,无可用尺码,皮卡,Ford,F-350 Super Duty,2002,DRW,,Crew,8,无可用尺码,22: Ford F-350 Super Duty 1999-2026 DRW  Crew/Regular 8 无可用尺码
1205,1,OK,22,无可用尺码,皮卡,Ford,F-350 Super Duty,2002,DRW,,Regular,8,无可用尺码,22: Ford F-350 Super Duty 1999-2026 DRW  Crew/Regular 8 无可用尺码
1206,1,OK,22,无可用尺码,皮卡,Ford,F-350 Super Duty,2003,DRW,,Crew,8,无可用尺码,22: Ford F-350 Super Duty 1999-2026 DRW  Crew/Regular 8 无可用尺码
1207,1,OK,22,无可用尺码,皮卡,Ford,F-350 Super Duty,2003,DRW,,Regular,8,无可用尺码,22: Ford F-350 Super Duty 1999-2026 DRW  Crew/Regular 8 无可用尺码
1208,1,OK,22,无可用尺码,皮卡,Ford,F-350 Super Duty,2004,DRW,,Crew,8,无可用尺码,22: Ford F-350 Super Duty 1999-2026 DRW  Crew/Regular 8 无可用尺码
1209,1,OK,22,无可用尺码,皮卡,Ford,F-350 Super Duty,2004,DRW,,Regular,8,无可用尺码,22: Ford F-350 Super Duty 1999-2026 DRW  Crew/Regular 8 无可用尺码
1210,1,OK,22,无可用尺码,皮卡,Ford,F-350 Super Duty,2005,DRW,,Crew,8,无可用尺码,22: Ford F-350 Super Duty 1999-2026 DRW  Crew/Regular 8 无可用尺码
1211,1,OK,22,无可用尺码,皮卡,Ford,F-350 Super Duty,2005,DRW,,Regular,8,无可用尺码,22: Ford F-350 Super Duty 1999-2026 DRW  Crew/Regular 8 无可用尺码
1212,1,OK,22,无可用尺码,皮卡,Ford,F-350 Super Duty,2006,DRW,,Crew,8,无可用尺码,22: Ford F-350 Super Duty 1999-2026 DRW  Crew/Regular 8 无可用尺码
1213,1,OK,22,无可用尺码,皮卡,Ford,F-350 Super Duty,2006,DRW,,Regular,8,无可用尺码,22: Ford F-350 Super Duty 1999-2026 DRW  Crew/Regular 8 无可用尺码
1214,1,OK,22,无可用尺码,皮卡,Ford,F-350 Super Duty,2007,DRW,,Crew,8,无可用尺码,22: Ford F-350 Super Duty 1999-2026 DRW  Crew/Regular 8 无可用尺码
1215,1,OK,22,无可用尺码,皮卡,Ford,F-350 Super Duty,2007,DRW,,Regular,8,无可用尺码,22: Ford F-350 Super Duty 1999-2026 DRW  Crew/Regular 8 无可用尺码
1216,1,OK,22,无可用尺码,皮卡,Ford,F-350 Super Duty,2008,DRW,,Crew,8,无可用尺码,22: Ford F-350 Super Duty 1999-2026 DRW  Crew/Regular 8 无可用尺码
1217,1,OK,22,无可用尺码,皮卡,Ford,F-350 Super Duty,2008,DRW,,Regular,8,无可用尺码,22: Ford F-350 Super Duty 1999-2026 DRW  Crew/Regular 8 无可用尺码
1218,1,OK,22,无可用尺码,皮卡,Ford,F-350 Super Duty,2009,DRW,,Crew,8,无可用尺码,22: Ford F-350 Super Duty 1999-2026 DRW  Crew/Regular 8 无可用尺码
1219,1,OK,22,无可用尺码,皮卡,Ford,F-350 Super Duty,2009,DRW,,Regular,8,无可用尺码,22: Ford F-350 Super Duty 1999-2026 DRW  Crew/Regular 8 无可用尺码
1220,1,OK,22,无可用尺码,皮卡,Ford,F-350 Super Duty,2010,DRW,,Crew,8,无可用尺码,22: Ford F-350 Super Duty 1999-2026 DRW  Crew/Regular 8 无可用尺码
1221,1,OK,22,无可用尺码,皮卡,Ford,F-350 Super Duty,2010,DRW,,Regular,8,无可用尺码,22: Ford F-350 Super Duty 1999-2026 DRW  Crew/Regular 8 无可用尺码
1222,1,OK,22,无可用尺码,皮卡,Ford,F-350 Super Duty,2011,DRW,,Crew,8,无可用尺码,22: Ford F-350 Super Duty 1999-2026 DRW  Crew/Regular 8 无可用尺码
1223,1,OK,22,无可用尺码,皮卡,Ford,F-350 Super Duty,2011,DRW,,Regular,8,无可用尺码,22: Ford F-350 Super Duty 1999-2026 DRW  Crew/Regular 8 无可用尺码
1224,1,OK,22,无可用尺码,皮卡,Ford,F-350 Super Duty,2012,DRW,,Crew,8,无可用尺码,22: Ford F-350 Super Duty 1999-2026 DRW  Crew/Regular 8 无可用尺码
1225,1,OK,22,无可用尺码,皮卡,Ford,F-350 Super Duty,2012,DRW,,Regular,8,无可用尺码,22: Ford F-350 Super Duty 1999-2026 DRW  Crew/Regular 8 无可用尺码
1226,1,OK,22,无可用尺码,皮卡,Ford,F-350 Super Duty,2013,DRW,,Crew,8,无可用尺码,22: Ford F-350 Super Duty 1999-2026 DRW  Crew/Regular 8 无可用尺码
1227,1,OK,22,无可用尺码,皮卡,Ford,F-350 Super Duty,2013,DRW,,Regular,8,无可用尺码,22: Ford F-350 Super Duty 1999-2026 DRW  Crew/Regular 8 无可用尺码
1228,1,OK,22,无可用尺码,皮卡,Ford,F-350 Super Duty,2014,DRW,,Crew,8,无可用尺码,22: Ford F-350 Super Duty 1999-2026 DRW  Crew/Regular 8 无可用尺码
1229,1,OK,22,无可用尺码,皮卡,Ford,F-350 Super Duty,2014,DRW,,Regular,8,无可用尺码,22: Ford F-350 Super Duty 1999-2026 DRW  Crew/Regular 8 无可用尺码
1230,1,OK,22,无可用尺码,皮卡,Ford,F-350 Super Duty,2015,DRW,,Crew,8,无可用尺码,22: Ford F-350 Super Duty 1999-2026 DRW  Crew/Regular 8 无可用尺码
1231,1,OK,22,无可用尺码,皮卡,Ford,F-350 Super Duty,2015,DRW,,Regular,8,无可用尺码,22: Ford F-350 Super Duty 1999-2026 DRW  Crew/Regular 8 无可用尺码
1232,1,OK,22,无可用尺码,皮卡,Ford,F-350 Super Duty,2016,DRW,,Crew,8,无可用尺码,22: Ford F-350 Super Duty 1999-2026 DRW  Crew/Regular 8 无可用尺码
1233,1,OK,22,无可用尺码,皮卡,Ford,F-350 Super Duty,2016,DRW,,Regular,8,无可用尺码,22: Ford F-350 Super Duty 1999-2026 DRW  Crew/Regular 8 无可用尺码
1234,1,OK,22,无可用尺码,皮卡,Ford,F-350 Super Duty,2017,DRW,,Crew,8,无可用尺码,22: Ford F-350 Super Duty 1999-2026 DRW  Crew/Regular 8 无可用尺码
1235,1,OK,22,无可用尺码,皮卡,Ford,F-350 Super Duty,2017,DRW,,Regular,8,无可用尺码,22: Ford F-350 Super Duty 1999-2026 DRW  Crew/Regular 8 无可用尺码
1236,1,OK,22,无可用尺码,皮卡,Ford,F-350 Super Duty,2018,DRW,,Crew,8,无可用尺码,22: Ford F-350 Super Duty 1999-2026 DRW  Crew/Regular 8 无可用尺码
1237,1,OK,22,无可用尺码,皮卡,Ford,F-350 Super Duty,2018,DRW,,Regular,8,无可用尺码,22: Ford F-350 Super Duty 1999-2026 DRW  Crew/Regular 8 无可用尺码
1238,1,OK,22,无可用尺码,皮卡,Ford,F-350 Super Duty,2019,DRW,,Crew,8,无可用尺码,22: Ford F-350 Super Duty 1999-2026 DRW  Crew/Regular 8 无可用尺码
1239,1,OK,22,无可用尺码,皮卡,Ford,F-350 Super Duty,2019,DRW,,Regular,8,无可用尺码,22: Ford F-350 Super Duty 1999-2026 DRW  Crew/Regular 8 无可用尺码
1240,1,OK,22,无可用尺码,皮卡,Ford,F-350 Super Duty,2020,DRW,,Crew,8,无可用尺码,22: Ford F-350 Super Duty 1999-2026 DRW  Crew/Regular 8 无可用尺码
1241,1,OK,22,无可用尺码,皮卡,Ford,F-350 Super Duty,2020,DRW,,Regular,8,无可用尺码,22: Ford F-350 Super Duty 1999-2026 DRW  Crew/Regular 8 无可用尺码
1242,1,OK,22,无可用尺码,皮卡,Ford,F-350 Super Duty,2021,DRW,,Crew,8,无可用尺码,22: Ford F-350 Super Duty 1999-2026 DRW  Crew/Regular 8 无可用尺码
1243,1,OK,22,无可用尺码,皮卡,Ford,F-350 Super Duty,2021,DRW,,Regular,8,无可用尺码,22: Ford F-350 Super Duty 1999-2026 DRW  Crew/Regular 8 无可用尺码
1244,1,OK,22,无可用尺码,皮卡,Ford,F-350 Super Duty,2022,DRW,,Crew,8,无可用尺码,22: Ford F-350 Super Duty 1999-2026 DRW  Crew/Regular 8 无可用尺码
1245,1,OK,22,无可用尺码,皮卡,Ford,F-350 Super Duty,2022,DRW,,Regular,8,无可用尺码,22: Ford F-350 Super Duty 1999-2026 DRW  Crew/Regular 8 无可用尺码
1246,1,OK,22,无可用尺码,皮卡,Ford,F-350 Super Duty,2023,DRW,,Crew,8,无可用尺码,22: Ford F-350 Super Duty 1999-2026 DRW  Crew/Regular 8 无可用尺码
1247,1,OK,22,无可用尺码,皮卡,Ford,F-350 Super Duty,2023,DRW,,Regular,8,无可用尺码,22: Ford F-350 Super Duty 1999-2026 DRW  Crew/Regular 8 无可用尺码
1248,1,OK,22,无可用尺码,皮卡,Ford,F-350 Super Duty,2024,DRW,,Crew,8,无可用尺码,22: Ford F-350 Super Duty 1999-2026 DRW  Crew/Regular 8 无可用尺码
1249,1,OK,22,无可用尺码,皮卡,Ford,F-350 Super Duty,2024,DRW,,Regular,8,无可用尺码,22: Ford F-350 Super Duty 1999-2026 DRW  Crew/Regular 8 无可用尺码
1250,1,OK,22,无可用尺码,皮卡,Ford,F-350 Super Duty,2025,DRW,,Crew,8,无可用尺码,22: Ford F-350 Super Duty 1999-2026 DRW  Crew/Regular 8 无可用尺码
1251,1,OK,22,无可用尺码,皮卡,Ford,F-350 Super Duty,2025,DRW,,Regular,8,无可用尺码,22: Ford F-350 Super Duty 1999-2026 DRW  Crew/Regular 8 无可用尺码
1252,1,OK,22,无可用尺码,皮卡,Ford,F-350 Super Duty,2026,DRW,,Crew,8,无可用尺码,22: Ford F-350 Super Duty 1999-2026 DRW  Crew/Regular 8 无可用尺码
1253,1,OK,22,无可用尺码,皮卡,Ford,F-350 Super Duty,2026,DRW,,Regular,8,无可用尺码,22: Ford F-350 Super Duty 1999-2026 DRW  Crew/Regular 8 无可用尺码
1254,1,OK,23,无可用尺码,皮卡,Ford,Maverick,2022,,,SuperCrew,4.5,无可用尺码,23: Ford Maverick 2022-2026 Incl: Lobo/Tremor  SuperCrew 4.5 无可用尺码
1255,1,OK,23,无可用尺码,皮卡,Ford,Maverick,2023,,,SuperCrew,4.5,无可用尺码,23: Ford Maverick 2022-2026 Incl: Lobo/Tremor  SuperCrew 4.5 无可用尺码
1256,1,OK,23,无可用尺码,皮卡,Ford,Maverick,2023,Tremor,,SuperCrew,4.5,无可用尺码,23: Ford Maverick 2022-2026 Incl: Lobo/Tremor  SuperCrew 4.5 无可用尺码
1257,1,OK,23,无可用尺码,皮卡,Ford,Maverick,2024,,,SuperCrew,4.5,无可用尺码,23: Ford Maverick 2022-2026 Incl: Lobo/Tremor  SuperCrew 4.5 无可用尺码
1258,1,OK,23,无可用尺码,皮卡,Ford,Maverick,2024,Tremor,,SuperCrew,4.5,无可用尺码,23: Ford Maverick 2022-2026 Incl: Lobo/Tremor  SuperCrew 4.5 无可用尺码
1259,1,OK,23,无可用尺码,皮卡,Ford,Maverick,2025,,,SuperCrew,4.5,无可用尺码,23: Ford Maverick 2022-2026 Incl: Lobo/Tremor  SuperCrew 4.5 无可用尺码
1260,1,OK,23,无可用尺码,皮卡,Ford,Maverick,2025,Lobo,,SuperCrew,4.5,无可用尺码,23: Ford Maverick 2022-2026 Incl: Lobo/Tremor  SuperCrew 4.5 无可用尺码
1261,1,OK,23,无可用尺码,皮卡,Ford,Maverick,2025,Tremor,,SuperCrew,4.5,无可用尺码,23: Ford Maverick 2022-2026 Incl: Lobo/Tremor  SuperCrew 4.5 无可用尺码
1262,1,OK,23,无可用尺码,皮卡,Ford,Maverick,2026,,,SuperCrew,4.5,无可用尺码,23: Ford Maverick 2022-2026 Incl: Lobo/Tremor  SuperCrew 4.5 无可用尺码
1263,1,OK,23,无可用尺码,皮卡,Ford,Maverick,2026,Lobo,,SuperCrew,4.5,无可用尺码,23: Ford Maverick 2022-2026 Incl: Lobo/Tremor  SuperCrew 4.5 无可用尺码
1264,1,OK,23,无可用尺码,皮卡,Ford,Maverick,2026,Tremor,,SuperCrew,4.5,无可用尺码,23: Ford Maverick 2022-2026 Incl: Lobo/Tremor  SuperCrew 4.5 无可用尺码
1265,1,OK,24,无可用尺码,皮卡,Ford,Ranger,1993,,,Regular,6,无可用尺码,24: Ford Ranger 1993-2026 Incl: Raptor  Regular/SuperCab/SuperCrew 5-7 无可用尺码
1266,1,OK,24,无可用尺码,皮卡,Ford,Ranger,1993,,,SuperCab,6,无可用尺码,24: Ford Ranger 1993-2026 Incl: Raptor  Regular/SuperCab/SuperCrew 5-7 无可用尺码
1267,1,OK,24,无可用尺码,皮卡,Ford,Ranger,1994,,,Regular,6,无可用尺码,24: Ford Ranger 1993-2026 Incl: Raptor  Regular/SuperCab/SuperCrew 5-7 无可用尺码
1268,1,OK,24,无可用尺码,皮卡,Ford,Ranger,1994,,,SuperCab,6,无可用尺码,24: Ford Ranger 1993-2026 Incl: Raptor  Regular/SuperCab/SuperCrew 5-7 无可用尺码
1269,1,OK,24,无可用尺码,皮卡,Ford,Ranger,1995,,,Regular,6,无可用尺码,24: Ford Ranger 1993-2026 Incl: Raptor  Regular/SuperCab/SuperCrew 5-7 无可用尺码
1270,1,OK,24,无可用尺码,皮卡,Ford,Ranger,1995,,,SuperCab,6,无可用尺码,24: Ford Ranger 1993-2026 Incl: Raptor  Regular/SuperCab/SuperCrew 5-7 无可用尺码
1271,1,OK,24,无可用尺码,皮卡,Ford,Ranger,1996,,,Regular,6,无可用尺码,24: Ford Ranger 1993-2026 Incl: Raptor  Regular/SuperCab/SuperCrew 5-7 无可用尺码
1272,1,OK,24,无可用尺码,皮卡,Ford,Ranger,1996,,,SuperCab,6,无可用尺码,24: Ford Ranger 1993-2026 Incl: Raptor  Regular/SuperCab/SuperCrew 5-7 无可用尺码
1273,1,OK,24,无可用尺码,皮卡,Ford,Ranger,1997,,,Regular,6,无可用尺码,24: Ford Ranger 1993-2026 Incl: Raptor  Regular/SuperCab/SuperCrew 5-7 无可用尺码
1274,1,OK,24,无可用尺码,皮卡,Ford,Ranger,1997,,,SuperCab,6,无可用尺码,24: Ford Ranger 1993-2026 Incl: Raptor  Regular/SuperCab/SuperCrew 5-7 无可用尺码
1275,1,OK,24,无可用尺码,皮卡,Ford,Ranger,1998,,,Regular,6,无可用尺码,24: Ford Ranger 1993-2026 Incl: Raptor  Regular/SuperCab/SuperCrew 5-7 无可用尺码
1276,1,OK,24,无可用尺码,皮卡,Ford,Ranger,1998,,,SuperCab,6,无可用尺码,24: Ford Ranger 1993-2026 Incl: Raptor  Regular/SuperCab/SuperCrew 5-7 无可用尺码
1277,1,OK,24,无可用尺码,皮卡,Ford,Ranger,1998,,,SuperCab,7,无可用尺码,24: Ford Ranger 1993-2026 Incl: Raptor  Regular/SuperCab/SuperCrew 5-7 无可用尺码
1278,1,OK,24,无可用尺码,皮卡,Ford,Ranger,1999,,,Regular,6,无可用尺码,24: Ford Ranger 1993-2026 Incl: Raptor  Regular/SuperCab/SuperCrew 5-7 无可用尺码
1279,1,OK,24,无可用尺码,皮卡,Ford,Ranger,1999,,,SuperCab,6,无可用尺码,24: Ford Ranger 1993-2026 Incl: Raptor  Regular/SuperCab/SuperCrew 5-7 无可用尺码
1280,1,OK,24,无可用尺码,皮卡,Ford,Ranger,1999,,,SuperCab,7,无可用尺码,24: Ford Ranger 1993-2026 Incl: Raptor  Regular/SuperCab/SuperCrew 5-7 无可用尺码
1281,1,OK,24,无可用尺码,皮卡,Ford,Ranger,2000,,,Regular,6,无可用尺码,24: Ford Ranger 1993-2026 Incl: Raptor  Regular/SuperCab/SuperCrew 5-7 无可用尺码
1282,1,OK,24,无可用尺码,皮卡,Ford,Ranger,2000,,,SuperCab,6,无可用尺码,24: Ford Ranger 1993-2026 Incl: Raptor  Regular/SuperCab/SuperCrew 5-7 无可用尺码
1283,1,OK,24,无可用尺码,皮卡,Ford,Ranger,2000,,,SuperCab,7,无可用尺码,24: Ford Ranger 1993-2026 Incl: Raptor  Regular/SuperCab/SuperCrew 5-7 无可用尺码
1284,1,OK,24,无可用尺码,皮卡,Ford,Ranger,2001,,,Regular,6,无可用尺码,24: Ford Ranger 1993-2026 Incl: Raptor  Regular/SuperCab/SuperCrew 5-7 无可用尺码
1285,1,OK,24,无可用尺码,皮卡,Ford,Ranger,2001,,,SuperCab,6,无可用尺码,24: Ford Ranger 1993-2026 Incl: Raptor  Regular/SuperCab/SuperCrew 5-7 无可用尺码
1286,1,OK,24,无可用尺码,皮卡,Ford,Ranger,2001,,,SuperCab,7,无可用尺码,24: Ford Ranger 1993-2026 Incl: Raptor  Regular/SuperCab/SuperCrew 5-7 无可用尺码
1287,1,OK,24,无可用尺码,皮卡,Ford,Ranger,2002,,,Regular,6,无可用尺码,24: Ford Ranger 1993-2026 Incl: Raptor  Regular/SuperCab/SuperCrew 5-7 无可用尺码
1288,1,OK,24,无可用尺码,皮卡,Ford,Ranger,2002,,,SuperCab,6,无可用尺码,24: Ford Ranger 1993-2026 Incl: Raptor  Regular/SuperCab/SuperCrew 5-7 无可用尺码
1289,1,OK,24,无可用尺码,皮卡,Ford,Ranger,2002,,,SuperCab,7,无可用尺码,24: Ford Ranger 1993-2026 Incl: Raptor  Regular/SuperCab/SuperCrew 5-7 无可用尺码
1290,1,OK,24,无可用尺码,皮卡,Ford,Ranger,2003,,,Regular,6,无可用尺码,24: Ford Ranger 1993-2026 Incl: Raptor  Regular/SuperCab/SuperCrew 5-7 无可用尺码
1291,1,OK,24,无可用尺码,皮卡,Ford,Ranger,2003,,,SuperCab,6,无可用尺码,24: Ford Ranger 1993-2026 Incl: Raptor  Regular/SuperCab/SuperCrew 5-7 无可用尺码
1292,1,OK,24,无可用尺码,皮卡,Ford,Ranger,2003,,,SuperCab,7,无可用尺码,24: Ford Ranger 1993-2026 Incl: Raptor  Regular/SuperCab/SuperCrew 5-7 无可用尺码
1293,1,OK,24,无可用尺码,皮卡,Ford,Ranger,2004,,,Regular,6,无可用尺码,24: Ford Ranger 1993-2026 Incl: Raptor  Regular/SuperCab/SuperCrew 5-7 无可用尺码
1294,1,OK,24,无可用尺码,皮卡,Ford,Ranger,2004,,,SuperCab,6,无可用尺码,24: Ford Ranger 1993-2026 Incl: Raptor  Regular/SuperCab/SuperCrew 5-7 无可用尺码
1295,1,OK,24,无可用尺码,皮卡,Ford,Ranger,2004,,,SuperCab,7,无可用尺码,24: Ford Ranger 1993-2026 Incl: Raptor  Regular/SuperCab/SuperCrew 5-7 无可用尺码
1296,1,OK,24,无可用尺码,皮卡,Ford,Ranger,2005,,,Regular,6,无可用尺码,24: Ford Ranger 1993-2026 Incl: Raptor  Regular/SuperCab/SuperCrew 5-7 无可用尺码
1297,1,OK,24,无可用尺码,皮卡,Ford,Ranger,2005,,,SuperCab,6,无可用尺码,24: Ford Ranger 1993-2026 Incl: Raptor  Regular/SuperCab/SuperCrew 5-7 无可用尺码
1298,1,OK,24,无可用尺码,皮卡,Ford,Ranger,2005,,,SuperCab,7,无可用尺码,24: Ford Ranger 1993-2026 Incl: Raptor  Regular/SuperCab/SuperCrew 5-7 无可用尺码
1299,1,OK,24,无可用尺码,皮卡,Ford,Ranger,2006,,,Regular,6,无可用尺码,24: Ford Ranger 1993-2026 Incl: Raptor  Regular/SuperCab/SuperCrew 5-7 无可用尺码
1300,1,OK,24,无可用尺码,皮卡,Ford,Ranger,2006,,,SuperCab,6,无可用尺码,24: Ford Ranger 1993-2026 Incl: Raptor  Regular/SuperCab/SuperCrew 5-7 无可用尺码
1301,1,OK,24,无可用尺码,皮卡,Ford,Ranger,2006,,,SuperCab,7,无可用尺码,24: Ford Ranger 1993-2026 Incl: Raptor  Regular/SuperCab/SuperCrew 5-7 无可用尺码
1302,1,OK,24,无可用尺码,皮卡,Ford,Ranger,2007,,,Regular,6,无可用尺码,24: Ford Ranger 1993-2026 Incl: Raptor  Regular/SuperCab/SuperCrew 5-7 无可用尺码
1303,1,OK,24,无可用尺码,皮卡,Ford,Ranger,2007,,,SuperCab,6,无可用尺码,24: Ford Ranger 1993-2026 Incl: Raptor  Regular/SuperCab/SuperCrew 5-7 无可用尺码
1304,1,OK,24,无可用尺码,皮卡,Ford,Ranger,2007,,,SuperCab,7,无可用尺码,24: Ford Ranger 1993-2026 Incl: Raptor  Regular/SuperCab/SuperCrew 5-7 无可用尺码
1305,1,OK,24,无可用尺码,皮卡,Ford,Ranger,2008,,,Regular,6,无可用尺码,24: Ford Ranger 1993-2026 Incl: Raptor  Regular/SuperCab/SuperCrew 5-7 无可用尺码
1306,1,OK,24,无可用尺码,皮卡,Ford,Ranger,2008,,,SuperCab,6,无可用尺码,24: Ford Ranger 1993-2026 Incl: Raptor  Regular/SuperCab/SuperCrew 5-7 无可用尺码
1307,1,OK,24,无可用尺码,皮卡,Ford,Ranger,2008,,,SuperCab,7,无可用尺码,24: Ford Ranger 1993-2026 Incl: Raptor  Regular/SuperCab/SuperCrew 5-7 无可用尺码
1308,1,OK,24,无可用尺码,皮卡,Ford,Ranger,2009,,,Regular,6,无可用尺码,24: Ford Ranger 1993-2026 Incl: Raptor  Regular/SuperCab/SuperCrew 5-7 无可用尺码
1309,1,OK,24,无可用尺码,皮卡,Ford,Ranger,2009,,,SuperCab,6,无可用尺码,24: Ford Ranger 1993-2026 Incl: Raptor  Regular/SuperCab/SuperCrew 5-7 无可用尺码
1310,1,OK,24,无可用尺码,皮卡,Ford,Ranger,2009,,,SuperCab,7,无可用尺码,24: Ford Ranger 1993-2026 Incl: Raptor  Regular/SuperCab/SuperCrew 5-7 无可用尺码
1311,1,OK,24,无可用尺码,皮卡,Ford,Ranger,2010,,,Regular,6,无可用尺码,24: Ford Ranger 1993-2026 Incl: Raptor  Regular/SuperCab/SuperCrew 5-7 无可用尺码
1312,1,OK,24,无可用尺码,皮卡,Ford,Ranger,2010,,,SuperCab,6,无可用尺码,24: Ford Ranger 1993-2026 Incl: Raptor  Regular/SuperCab/SuperCrew 5-7 无可用尺码
1313,1,OK,24,无可用尺码,皮卡,Ford,Ranger,2010,,,SuperCab,7,无可用尺码,24: Ford Ranger 1993-2026 Incl: Raptor  Regular/SuperCab/SuperCrew 5-7 无可用尺码
1314,1,OK,24,无可用尺码,皮卡,Ford,Ranger,2011,,,Regular,6,无可用尺码,24: Ford Ranger 1993-2026 Incl: Raptor  Regular/SuperCab/SuperCrew 5-7 无可用尺码
1315,1,OK,24,无可用尺码,皮卡,Ford,Ranger,2011,,,SuperCab,6,无可用尺码,24: Ford Ranger 1993-2026 Incl: Raptor  Regular/SuperCab/SuperCrew 5-7 无可用尺码
1316,1,OK,24,无可用尺码,皮卡,Ford,Ranger,2011,,,SuperCab,7,无可用尺码,24: Ford Ranger 1993-2026 Incl: Raptor  Regular/SuperCab/SuperCrew 5-7 无可用尺码
1317,1,OK,24,无可用尺码,皮卡,Ford,Ranger,2019,,,SuperCrew,5,无可用尺码,24: Ford Ranger 1993-2026 Incl: Raptor  Regular/SuperCab/SuperCrew 5-7 无可用尺码
1318,1,OK,24,无可用尺码,皮卡,Ford,Ranger,2020,,,SuperCrew,5,无可用尺码,24: Ford Ranger 1993-2026 Incl: Raptor  Regular/SuperCab/SuperCrew 5-7 无可用尺码
1319,1,OK,24,无可用尺码,皮卡,Ford,Ranger,2021,,,SuperCrew,5,无可用尺码,24: Ford Ranger 1993-2026 Incl: Raptor  Regular/SuperCab/SuperCrew 5-7 无可用尺码
1320,1,OK,24,无可用尺码,皮卡,Ford,Ranger,2022,,,SuperCrew,5,无可用尺码,24: Ford Ranger 1993-2026 Incl: Raptor  Regular/SuperCab/SuperCrew 5-7 无可用尺码
1321,1,OK,24,无可用尺码,皮卡,Ford,Ranger,2023,,,SuperCrew,5,无可用尺码,24: Ford Ranger 1993-2026 Incl: Raptor  Regular/SuperCab/SuperCrew 5-7 无可用尺码
1322,1,OK,24,无可用尺码,皮卡,Ford,Ranger,2024,,,SuperCrew,5,无可用尺码,24: Ford Ranger 1993-2026 Incl: Raptor  Regular/SuperCab/SuperCrew 5-7 无可用尺码
1323,1,OK,24,无可用尺码,皮卡,Ford,Ranger,2024,Raptor,,SuperCrew,5,无可用尺码,24: Ford Ranger 1993-2026 Incl: Raptor  Regular/SuperCab/SuperCrew 5-7 无可用尺码
1324,1,OK,24,无可用尺码,皮卡,Ford,Ranger,2025,,,SuperCrew,5,无可用尺码,24: Ford Ranger 1993-2026 Incl: Raptor  Regular/SuperCab/SuperCrew 5-7 无可用尺码
1325,1,OK,24,无可用尺码,皮卡,Ford,Ranger,2025,Raptor,,SuperCrew,5,无可用尺码,24: Ford Ranger 1993-2026 Incl: Raptor  Regular/SuperCab/SuperCrew 5-7 无可用尺码
1326,1,OK,24,无可用尺码,皮卡,Ford,Ranger,2026,,,SuperCrew,5,无可用尺码,24: Ford Ranger 1993-2026 Incl: Raptor  Regular/SuperCab/SuperCrew 5-7 无可用尺码
1327,1,OK,24,无可用尺码,皮卡,Ford,Ranger,2026,Raptor,,SuperCrew,5,无可用尺码,24: Ford Ranger 1993-2026 Incl: Raptor  Regular/SuperCab/SuperCrew 5-7 无可用尺码
1328,1,OK,26,无可用尺码,皮卡,GMC,Canyon,2004,,,Crew,5,无可用尺码,26: GMC Canyon 2004-2026 Incl: AT4X  Crew/Extended/Regular 5-6 无可用尺码
1329,1,OK,26,无可用尺码,皮卡,GMC,Canyon,2004,,,Extended,6,无可用尺码,26: GMC Canyon 2004-2026 Incl: AT4X  Crew/Extended/Regular 5-6 无可用尺码
1330,1,OK,26,无可用尺码,皮卡,GMC,Canyon,2004,,,Regular,6,无可用尺码,26: GMC Canyon 2004-2026 Incl: AT4X  Crew/Extended/Regular 5-6 无可用尺码
1331,1,OK,26,无可用尺码,皮卡,GMC,Canyon,2005,,,Crew,5,无可用尺码,26: GMC Canyon 2004-2026 Incl: AT4X  Crew/Extended/Regular 5-6 无可用尺码
1332,1,OK,26,无可用尺码,皮卡,GMC,Canyon,2005,,,Extended,6,无可用尺码,26: GMC Canyon 2004-2026 Incl: AT4X  Crew/Extended/Regular 5-6 无可用尺码
1333,1,OK,26,无可用尺码,皮卡,GMC,Canyon,2005,,,Regular,6,无可用尺码,26: GMC Canyon 2004-2026 Incl: AT4X  Crew/Extended/Regular 5-6 无可用尺码
1334,1,OK,26,无可用尺码,皮卡,GMC,Canyon,2006,,,Extended,6,无可用尺码,26: GMC Canyon 2004-2026 Incl: AT4X  Crew/Extended/Regular 5-6 无可用尺码
1335,1,OK,26,无可用尺码,皮卡,GMC,Canyon,2006,,,Regular,6,无可用尺码,26: GMC Canyon 2004-2026 Incl: AT4X  Crew/Extended/Regular 5-6 无可用尺码
1336,1,OK,26,无可用尺码,皮卡,GMC,Canyon,2007,,,Extended,6,无可用尺码,26: GMC Canyon 2004-2026 Incl: AT4X  Crew/Extended/Regular 5-6 无可用尺码
1337,1,OK,26,无可用尺码,皮卡,GMC,Canyon,2007,,,Regular,6,无可用尺码,26: GMC Canyon 2004-2026 Incl: AT4X  Crew/Extended/Regular 5-6 无可用尺码
1338,1,OK,26,无可用尺码,皮卡,GMC,Canyon,2008,,,Crew,5,无可用尺码,26: GMC Canyon 2004-2026 Incl: AT4X  Crew/Extended/Regular 5-6 无可用尺码
1339,1,OK,26,无可用尺码,皮卡,GMC,Canyon,2008,,,Extended,6,无可用尺码,26: GMC Canyon 2004-2026 Incl: AT4X  Crew/Extended/Regular 5-6 无可用尺码
1340,1,OK,26,无可用尺码,皮卡,GMC,Canyon,2008,,,Regular,6,无可用尺码,26: GMC Canyon 2004-2026 Incl: AT4X  Crew/Extended/Regular 5-6 无可用尺码
1341,1,OK,26,无可用尺码,皮卡,GMC,Canyon,2009,,,Extended,6,无可用尺码,26: GMC Canyon 2004-2026 Incl: AT4X  Crew/Extended/Regular 5-6 无可用尺码
1342,1,OK,26,无可用尺码,皮卡,GMC,Canyon,2009,,,Regular,6,无可用尺码,26: GMC Canyon 2004-2026 Incl: AT4X  Crew/Extended/Regular 5-6 无可用尺码
1343,1,OK,26,无可用尺码,皮卡,GMC,Canyon,2010,,,Extended,6,无可用尺码,26: GMC Canyon 2004-2026 Incl: AT4X  Crew/Extended/Regular 5-6 无可用尺码
1344,1,OK,26,无可用尺码,皮卡,GMC,Canyon,2010,,,Regular,6,无可用尺码,26: GMC Canyon 2004-2026 Incl: AT4X  Crew/Extended/Regular 5-6 无可用尺码
1345,1,OK,26,无可用尺码,皮卡,GMC,Canyon,2011,,,Regular,6,无可用尺码,26: GMC Canyon 2004-2026 Incl: AT4X  Crew/Extended/Regular 5-6 无可用尺码
1346,1,OK,26,无可用尺码,皮卡,GMC,Canyon,2012,,,Crew,5,无可用尺码,26: GMC Canyon 2004-2026 Incl: AT4X  Crew/Extended/Regular 5-6 无可用尺码
1347,1,OK,26,无可用尺码,皮卡,GMC,Canyon,2012,,,Regular,6,无可用尺码,26: GMC Canyon 2004-2026 Incl: AT4X  Crew/Extended/Regular 5-6 无可用尺码
1348,1,OK,26,无可用尺码,皮卡,GMC,Canyon,2015,,,Crew,5,无可用尺码,26: GMC Canyon 2004-2026 Incl: AT4X  Crew/Extended/Regular 5-6 无可用尺码
1349,1,OK,26,无可用尺码,皮卡,GMC,Canyon,2015,,,Crew,6,无可用尺码,26: GMC Canyon 2004-2026 Incl: AT4X  Crew/Extended/Regular 5-6 无可用尺码
1350,1,OK,26,无可用尺码,皮卡,GMC,Canyon,2015,,,Extended,6,无可用尺码,26: GMC Canyon 2004-2026 Incl: AT4X  Crew/Extended/Regular 5-6 无可用尺码
1351,1,OK,26,无可用尺码,皮卡,GMC,Canyon,2016,,,Crew,5,无可用尺码,26: GMC Canyon 2004-2026 Incl: AT4X  Crew/Extended/Regular 5-6 无可用尺码
1352,1,OK,26,无可用尺码,皮卡,GMC,Canyon,2016,,,Crew,6,无可用尺码,26: GMC Canyon 2004-2026 Incl: AT4X  Crew/Extended/Regular 5-6 无可用尺码
1353,1,OK,26,无可用尺码,皮卡,GMC,Canyon,2016,,,Extended,6,无可用尺码,26: GMC Canyon 2004-2026 Incl: AT4X  Crew/Extended/Regular 5-6 无可用尺码
1354,1,OK,26,无可用尺码,皮卡,GMC,Canyon,2017,,,Crew,5,无可用尺码,26: GMC Canyon 2004-2026 Incl: AT4X  Crew/Extended/Regular 5-6 无可用尺码
1355,1,OK,26,无可用尺码,皮卡,GMC,Canyon,2017,,,Crew,6,无可用尺码,26: GMC Canyon 2004-2026 Incl: AT4X  Crew/Extended/Regular 5-6 无可用尺码
1356,1,OK,26,无可用尺码,皮卡,GMC,Canyon,2017,,,Extended,6,无可用尺码,26: GMC Canyon 2004-2026 Incl: AT4X  Crew/Extended/Regular 5-6 无可用尺码
1357,1,OK,26,无可用尺码,皮卡,GMC,Canyon,2018,,,Crew,5,无可用尺码,26: GMC Canyon 2004-2026 Incl: AT4X  Crew/Extended/Regular 5-6 无可用尺码
1358,1,OK,26,无可用尺码,皮卡,GMC,Canyon,2018,,,Crew,6,无可用尺码,26: GMC Canyon 2004-2026 Incl: AT4X  Crew/Extended/Regular 5-6 无可用尺码
1359,1,OK,26,无可用尺码,皮卡,GMC,Canyon,2018,,,Extended,6,无可用尺码,26: GMC Canyon 2004-2026 Incl: AT4X  Crew/Extended/Regular 5-6 无可用尺码
1360,1,OK,26,无可用尺码,皮卡,GMC,Canyon,2019,,,Crew,5,无可用尺码,26: GMC Canyon 2004-2026 Incl: AT4X  Crew/Extended/Regular 5-6 无可用尺码
1361,1,OK,26,无可用尺码,皮卡,GMC,Canyon,2019,,,Crew,6,无可用尺码,26: GMC Canyon 2004-2026 Incl: AT4X  Crew/Extended/Regular 5-6 无可用尺码
1362,1,OK,26,无可用尺码,皮卡,GMC,Canyon,2019,,,Extended,6,无可用尺码,26: GMC Canyon 2004-2026 Incl: AT4X  Crew/Extended/Regular 5-6 无可用尺码
1363,1,OK,26,无可用尺码,皮卡,GMC,Canyon,2020,,,Crew,5,无可用尺码,26: GMC Canyon 2004-2026 Incl: AT4X  Crew/Extended/Regular 5-6 无可用尺码
1364,1,OK,26,无可用尺码,皮卡,GMC,Canyon,2020,,,Crew,6,无可用尺码,26: GMC Canyon 2004-2026 Incl: AT4X  Crew/Extended/Regular 5-6 无可用尺码
1365,1,OK,26,无可用尺码,皮卡,GMC,Canyon,2020,,,Extended,6,无可用尺码,26: GMC Canyon 2004-2026 Incl: AT4X  Crew/Extended/Regular 5-6 无可用尺码
1366,1,OK,26,无可用尺码,皮卡,GMC,Canyon,2021,,,Crew,5,无可用尺码,26: GMC Canyon 2004-2026 Incl: AT4X  Crew/Extended/Regular 5-6 无可用尺码
1367,1,OK,26,无可用尺码,皮卡,GMC,Canyon,2021,,,Crew,6,无可用尺码,26: GMC Canyon 2004-2026 Incl: AT4X  Crew/Extended/Regular 5-6 无可用尺码
1368,1,OK,26,无可用尺码,皮卡,GMC,Canyon,2022,,,Crew,5,无可用尺码,26: GMC Canyon 2004-2026 Incl: AT4X  Crew/Extended/Regular 5-6 无可用尺码
1369,1,OK,26,无可用尺码,皮卡,GMC,Canyon,2022,,,Crew,6,无可用尺码,26: GMC Canyon 2004-2026 Incl: AT4X  Crew/Extended/Regular 5-6 无可用尺码
1370,1,OK,26,无可用尺码,皮卡,GMC,Canyon,2023,,,Crew,5,无可用尺码,26: GMC Canyon 2004-2026 Incl: AT4X  Crew/Extended/Regular 5-6 无可用尺码
1371,1,OK,26,无可用尺码,皮卡,GMC,Canyon,2023,AT4X,,Crew,5,无可用尺码,26: GMC Canyon 2004-2026 Incl: AT4X  Crew/Extended/Regular 5-6 无可用尺码
1372,1,OK,26,无可用尺码,皮卡,GMC,Canyon,2024,,,Crew,5,无可用尺码,26: GMC Canyon 2004-2026 Incl: AT4X  Crew/Extended/Regular 5-6 无可用尺码
1373,1,OK,26,无可用尺码,皮卡,GMC,Canyon,2024,AT4X,,Crew,5,无可用尺码,26: GMC Canyon 2004-2026 Incl: AT4X  Crew/Extended/Regular 5-6 无可用尺码
1374,1,OK,26,无可用尺码,皮卡,GMC,Canyon,2025,,,Crew,5,无可用尺码,26: GMC Canyon 2004-2026 Incl: AT4X  Crew/Extended/Regular 5-6 无可用尺码
1375,1,OK,26,无可用尺码,皮卡,GMC,Canyon,2025,AT4X,,Crew,5,无可用尺码,26: GMC Canyon 2004-2026 Incl: AT4X  Crew/Extended/Regular 5-6 无可用尺码
1376,1,OK,26,无可用尺码,皮卡,GMC,Canyon,2026,,,Crew,5,无可用尺码,26: GMC Canyon 2004-2026 Incl: AT4X  Crew/Extended/Regular 5-6 无可用尺码
1377,1,OK,26,无可用尺码,皮卡,GMC,Canyon,2026,AT4X,,Crew,5,无可用尺码,26: GMC Canyon 2004-2026 Incl: AT4X  Crew/Extended/Regular 5-6 无可用尺码
1378,1,OK,27,无可用尺码,皮卡,GMC,Sierra 1500,1999,,,Extended,6.6,无可用尺码,27: GMC Sierra 1500 1999-2026   Extended/Crew/Double/Regular 5.8-8 无可用尺码
1379,1,OK,27,无可用尺码,皮卡,GMC,Sierra 1500,1999,,,Extended,8,无可用尺码,27: GMC Sierra 1500 1999-2026   Extended/Crew/Double/Regular 5.8-8 无可用尺码
1380,1,OK,27,无可用尺码,皮卡,GMC,Sierra 1500,1999,,,Regular,8,无可用尺码,27: GMC Sierra 1500 1999-2026   Extended/Crew/Double/Regular 5.8-8 无可用尺码
1381,1,OK,27,无可用尺码,皮卡,GMC,Sierra 1500,2000,,,Extended,6.6,无可用尺码,27: GMC Sierra 1500 1999-2026   Extended/Crew/Double/Regular 5.8-8 无可用尺码
1382,1,OK,27,无可用尺码,皮卡,GMC,Sierra 1500,2000,,,Extended,8,无可用尺码,27: GMC Sierra 1500 1999-2026   Extended/Crew/Double/Regular 5.8-8 无可用尺码
1383,1,OK,27,无可用尺码,皮卡,GMC,Sierra 1500,2000,,,Regular,8,无可用尺码,27: GMC Sierra 1500 1999-2026   Extended/Crew/Double/Regular 5.8-8 无可用尺码
1384,1,OK,27,无可用尺码,皮卡,GMC,Sierra 1500,2001,,,Extended,6.6,无可用尺码,27: GMC Sierra 1500 1999-2026   Extended/Crew/Double/Regular 5.8-8 无可用尺码
1385,1,OK,27,无可用尺码,皮卡,GMC,Sierra 1500,2001,,,Extended,8,无可用尺码,27: GMC Sierra 1500 1999-2026   Extended/Crew/Double/Regular 5.8-8 无可用尺码
1386,1,OK,27,无可用尺码,皮卡,GMC,Sierra 1500,2001,,,Regular,8,无可用尺码,27: GMC Sierra 1500 1999-2026   Extended/Crew/Double/Regular 5.8-8 无可用尺码
1387,1,OK,27,无可用尺码,皮卡,GMC,Sierra 1500,2002,,,Extended,6.6,无可用尺码,27: GMC Sierra 1500 1999-2026   Extended/Crew/Double/Regular 5.8-8 无可用尺码
1388,1,OK,27,无可用尺码,皮卡,GMC,Sierra 1500,2002,,,Extended,8,无可用尺码,27: GMC Sierra 1500 1999-2026   Extended/Crew/Double/Regular 5.8-8 无可用尺码
1389,1,OK,27,无可用尺码,皮卡,GMC,Sierra 1500,2002,,,Regular,8,无可用尺码,27: GMC Sierra 1500 1999-2026   Extended/Crew/Double/Regular 5.8-8 无可用尺码
1390,1,OK,27,无可用尺码,皮卡,GMC,Sierra 1500,2003,,,Extended,6.6,无可用尺码,27: GMC Sierra 1500 1999-2026   Extended/Crew/Double/Regular 5.8-8 无可用尺码
1391,1,OK,27,无可用尺码,皮卡,GMC,Sierra 1500,2003,,,Extended,8,无可用尺码,27: GMC Sierra 1500 1999-2026   Extended/Crew/Double/Regular 5.8-8 无可用尺码
1392,1,OK,27,无可用尺码,皮卡,GMC,Sierra 1500,2003,,,Regular,8,无可用尺码,27: GMC Sierra 1500 1999-2026   Extended/Crew/Double/Regular 5.8-8 无可用尺码
1393,1,OK,27,无可用尺码,皮卡,GMC,Sierra 1500,2004,,,Crew,5.8,无可用尺码,27: GMC Sierra 1500 1999-2026   Extended/Crew/Double/Regular 5.8-8 无可用尺码
1394,1,OK,27,无可用尺码,皮卡,GMC,Sierra 1500,2004,,,Extended,6.6,无可用尺码,27: GMC Sierra 1500 1999-2026   Extended/Crew/Double/Regular 5.8-8 无可用尺码
1395,1,OK,27,无可用尺码,皮卡,GMC,Sierra 1500,2004,,,Extended,8,无可用尺码,27: GMC Sierra 1500 1999-2026   Extended/Crew/Double/Regular 5.8-8 无可用尺码
1396,1,OK,27,无可用尺码,皮卡,GMC,Sierra 1500,2004,,,Regular,8,无可用尺码,27: GMC Sierra 1500 1999-2026   Extended/Crew/Double/Regular 5.8-8 无可用尺码
1397,1,OK,27,无可用尺码,皮卡,GMC,Sierra 1500,2005,,,Crew,5.8,无可用尺码,27: GMC Sierra 1500 1999-2026   Extended/Crew/Double/Regular 5.8-8 无可用尺码
1398,1,OK,27,无可用尺码,皮卡,GMC,Sierra 1500,2005,,,Extended,6.6,无可用尺码,27: GMC Sierra 1500 1999-2026   Extended/Crew/Double/Regular 5.8-8 无可用尺码
1399,1,OK,27,无可用尺码,皮卡,GMC,Sierra 1500,2005,,,Extended,8,无可用尺码,27: GMC Sierra 1500 1999-2026   Extended/Crew/Double/Regular 5.8-8 无可用尺码
1400,1,OK,27,无可用尺码,皮卡,GMC,Sierra 1500,2005,,,Regular,8,无可用尺码,27: GMC Sierra 1500 1999-2026   Extended/Crew/Double/Regular 5.8-8 无可用尺码
1401,1,OK,27,无可用尺码,皮卡,GMC,Sierra 1500,2006,,,Crew,5.8,无可用尺码,27: GMC Sierra 1500 1999-2026   Extended/Crew/Double/Regular 5.8-8 无可用尺码
1402,1,OK,27,无可用尺码,皮卡,GMC,Sierra 1500,2006,,,Extended,6.6,无可用尺码,27: GMC Sierra 1500 1999-2026   Extended/Crew/Double/Regular 5.8-8 无可用尺码
1403,1,OK,27,无可用尺码,皮卡,GMC,Sierra 1500,2006,,,Extended,8,无可用尺码,27: GMC Sierra 1500 1999-2026   Extended/Crew/Double/Regular 5.8-8 无可用尺码
1404,1,OK,27,无可用尺码,皮卡,GMC,Sierra 1500,2006,,,Regular,8,无可用尺码,27: GMC Sierra 1500 1999-2026   Extended/Crew/Double/Regular 5.8-8 无可用尺码
1405,1,OK,27,无可用尺码,皮卡,GMC,Sierra 1500,2007,,,Crew,5.8,无可用尺码,27: GMC Sierra 1500 1999-2026   Extended/Crew/Double/Regular 5.8-8 无可用尺码
1406,1,OK,27,无可用尺码,皮卡,GMC,Sierra 1500,2007,,,Extended,6.6,无可用尺码,27: GMC Sierra 1500 1999-2026   Extended/Crew/Double/Regular 5.8-8 无可用尺码
1407,1,OK,27,无可用尺码,皮卡,GMC,Sierra 1500,2007,,,Extended,8,无可用尺码,27: GMC Sierra 1500 1999-2026   Extended/Crew/Double/Regular 5.8-8 无可用尺码
1408,1,OK,27,无可用尺码,皮卡,GMC,Sierra 1500,2007,,,Regular,6.6,无可用尺码,27: GMC Sierra 1500 1999-2026   Extended/Crew/Double/Regular 5.8-8 无可用尺码
1409,1,OK,27,无可用尺码,皮卡,GMC,Sierra 1500,2007,,,Regular,8,无可用尺码,27: GMC Sierra 1500 1999-2026   Extended/Crew/Double/Regular 5.8-8 无可用尺码
1410,1,OK,27,无可用尺码,皮卡,GMC,Sierra 1500,2008,,,Crew,5.8,无可用尺码,27: GMC Sierra 1500 1999-2026   Extended/Crew/Double/Regular 5.8-8 无可用尺码
1411,1,OK,27,无可用尺码,皮卡,GMC,Sierra 1500,2008,,,Extended,6.6,无可用尺码,27: GMC Sierra 1500 1999-2026   Extended/Crew/Double/Regular 5.8-8 无可用尺码
1412,1,OK,27,无可用尺码,皮卡,GMC,Sierra 1500,2008,,,Extended,8,无可用尺码,27: GMC Sierra 1500 1999-2026   Extended/Crew/Double/Regular 5.8-8 无可用尺码
1413,1,OK,27,无可用尺码,皮卡,GMC,Sierra 1500,2008,,,Regular,6.6,无可用尺码,27: GMC Sierra 1500 1999-2026   Extended/Crew/Double/Regular 5.8-8 无可用尺码
1414,1,OK,27,无可用尺码,皮卡,GMC,Sierra 1500,2008,,,Regular,8,无可用尺码,27: GMC Sierra 1500 1999-2026   Extended/Crew/Double/Regular 5.8-8 无可用尺码
1415,1,OK,27,无可用尺码,皮卡,GMC,Sierra 1500,2009,,,Crew,5.8,无可用尺码,27: GMC Sierra 1500 1999-2026   Extended/Crew/Double/Regular 5.8-8 无可用尺码
1416,1,OK,27,无可用尺码,皮卡,GMC,Sierra 1500,2009,,,Extended,6.6,无可用尺码,27: GMC Sierra 1500 1999-2026   Extended/Crew/Double/Regular 5.8-8 无可用尺码
1417,1,OK,27,无可用尺码,皮卡,GMC,Sierra 1500,2009,,,Extended,8,无可用尺码,27: GMC Sierra 1500 1999-2026   Extended/Crew/Double/Regular 5.8-8 无可用尺码
1418,1,OK,27,无可用尺码,皮卡,GMC,Sierra 1500,2009,,,Regular,6.6,无可用尺码,27: GMC Sierra 1500 1999-2026   Extended/Crew/Double/Regular 5.8-8 无可用尺码
1419,1,OK,27,无可用尺码,皮卡,GMC,Sierra 1500,2009,,,Regular,8,无可用尺码,27: GMC Sierra 1500 1999-2026   Extended/Crew/Double/Regular 5.8-8 无可用尺码
1420,1,OK,27,无可用尺码,皮卡,GMC,Sierra 1500,2010,,,Crew,5.8,无可用尺码,27: GMC Sierra 1500 1999-2026   Extended/Crew/Double/Regular 5.8-8 无可用尺码
1421,1,OK,27,无可用尺码,皮卡,GMC,Sierra 1500,2010,,,Extended,6.6,无可用尺码,27: GMC Sierra 1500 1999-2026   Extended/Crew/Double/Regular 5.8-8 无可用尺码
1422,1,OK,27,无可用尺码,皮卡,GMC,Sierra 1500,2010,,,Extended,8,无可用尺码,27: GMC Sierra 1500 1999-2026   Extended/Crew/Double/Regular 5.8-8 无可用尺码
1423,1,OK,27,无可用尺码,皮卡,GMC,Sierra 1500,2010,,,Regular,6.6,无可用尺码,27: GMC Sierra 1500 1999-2026   Extended/Crew/Double/Regular 5.8-8 无可用尺码
1424,1,OK,27,无可用尺码,皮卡,GMC,Sierra 1500,2010,,,Regular,8,无可用尺码,27: GMC Sierra 1500 1999-2026   Extended/Crew/Double/Regular 5.8-8 无可用尺码
1425,1,OK,27,无可用尺码,皮卡,GMC,Sierra 1500,2011,,,Crew,5.8,无可用尺码,27: GMC Sierra 1500 1999-2026   Extended/Crew/Double/Regular 5.8-8 无可用尺码
1426,1,OK,27,无可用尺码,皮卡,GMC,Sierra 1500,2011,,,Extended,6.6,无可用尺码,27: GMC Sierra 1500 1999-2026   Extended/Crew/Double/Regular 5.8-8 无可用尺码
1427,1,OK,27,无可用尺码,皮卡,GMC,Sierra 1500,2011,,,Extended,8,无可用尺码,27: GMC Sierra 1500 1999-2026   Extended/Crew/Double/Regular 5.8-8 无可用尺码
1428,1,OK,27,无可用尺码,皮卡,GMC,Sierra 1500,2011,,,Regular,6.6,无可用尺码,27: GMC Sierra 1500 1999-2026   Extended/Crew/Double/Regular 5.8-8 无可用尺码
1429,1,OK,27,无可用尺码,皮卡,GMC,Sierra 1500,2011,,,Regular,8,无可用尺码,27: GMC Sierra 1500 1999-2026   Extended/Crew/Double/Regular 5.8-8 无可用尺码
1430,1,OK,27,无可用尺码,皮卡,GMC,Sierra 1500,2012,,,Crew,5.8,无可用尺码,27: GMC Sierra 1500 1999-2026   Extended/Crew/Double/Regular 5.8-8 无可用尺码
1431,1,OK,27,无可用尺码,皮卡,GMC,Sierra 1500,2012,,,Extended,6.6,无可用尺码,27: GMC Sierra 1500 1999-2026   Extended/Crew/Double/Regular 5.8-8 无可用尺码
1432,1,OK,27,无可用尺码,皮卡,GMC,Sierra 1500,2012,,,Extended,8,无可用尺码,27: GMC Sierra 1500 1999-2026   Extended/Crew/Double/Regular 5.8-8 无可用尺码
1433,1,OK,27,无可用尺码,皮卡,GMC,Sierra 1500,2012,,,Regular,6.6,无可用尺码,27: GMC Sierra 1500 1999-2026   Extended/Crew/Double/Regular 5.8-8 无可用尺码
1434,1,OK,27,无可用尺码,皮卡,GMC,Sierra 1500,2012,,,Regular,8,无可用尺码,27: GMC Sierra 1500 1999-2026   Extended/Crew/Double/Regular 5.8-8 无可用尺码
1435,1,OK,27,无可用尺码,皮卡,GMC,Sierra 1500,2013,,,Crew,5.8,无可用尺码,27: GMC Sierra 1500 1999-2026   Extended/Crew/Double/Regular 5.8-8 无可用尺码
1436,1,OK,27,无可用尺码,皮卡,GMC,Sierra 1500,2013,,,Extended,6.6,无可用尺码,27: GMC Sierra 1500 1999-2026   Extended/Crew/Double/Regular 5.8-8 无可用尺码
1437,1,OK,27,无可用尺码,皮卡,GMC,Sierra 1500,2013,,,Extended,8,无可用尺码,27: GMC Sierra 1500 1999-2026   Extended/Crew/Double/Regular 5.8-8 无可用尺码
1438,1,OK,27,无可用尺码,皮卡,GMC,Sierra 1500,2013,,,Regular,6.6,无可用尺码,27: GMC Sierra 1500 1999-2026   Extended/Crew/Double/Regular 5.8-8 无可用尺码
1439,1,OK,27,无可用尺码,皮卡,GMC,Sierra 1500,2013,,,Regular,8,无可用尺码,27: GMC Sierra 1500 1999-2026   Extended/Crew/Double/Regular 5.8-8 无可用尺码
1440,1,OK,27,无可用尺码,皮卡,GMC,Sierra 1500,2014,,,Crew,5.8,无可用尺码,27: GMC Sierra 1500 1999-2026   Extended/Crew/Double/Regular 5.8-8 无可用尺码
1441,1,OK,27,无可用尺码,皮卡,GMC,Sierra 1500,2014,,,Double,6.6,无可用尺码,27: GMC Sierra 1500 1999-2026   Extended/Crew/Double/Regular 5.8-8 无可用尺码
1442,1,OK,27,无可用尺码,皮卡,GMC,Sierra 1500,2014,,,Regular,6.6,无可用尺码,27: GMC Sierra 1500 1999-2026   Extended/Crew/Double/Regular 5.8-8 无可用尺码
1443,1,OK,27,无可用尺码,皮卡,GMC,Sierra 1500,2014,,,Regular,8,无可用尺码,27: GMC Sierra 1500 1999-2026   Extended/Crew/Double/Regular 5.8-8 无可用尺码
1444,1,OK,27,无可用尺码,皮卡,GMC,Sierra 1500,2015,,,Crew,5.8,无可用尺码,27: GMC Sierra 1500 1999-2026   Extended/Crew/Double/Regular 5.8-8 无可用尺码
1445,1,OK,27,无可用尺码,皮卡,GMC,Sierra 1500,2015,,,Double,6.6,无可用尺码,27: GMC Sierra 1500 1999-2026   Extended/Crew/Double/Regular 5.8-8 无可用尺码
1446,1,OK,27,无可用尺码,皮卡,GMC,Sierra 1500,2015,,,Regular,6.6,无可用尺码,27: GMC Sierra 1500 1999-2026   Extended/Crew/Double/Regular 5.8-8 无可用尺码
1447,1,OK,27,无可用尺码,皮卡,GMC,Sierra 1500,2015,,,Regular,8,无可用尺码,27: GMC Sierra 1500 1999-2026   Extended/Crew/Double/Regular 5.8-8 无可用尺码
1448,1,OK,27,无可用尺码,皮卡,GMC,Sierra 1500,2016,,,Crew,5.8,无可用尺码,27: GMC Sierra 1500 1999-2026   Extended/Crew/Double/Regular 5.8-8 无可用尺码
1449,1,OK,27,无可用尺码,皮卡,GMC,Sierra 1500,2016,,,Double,6.6,无可用尺码,27: GMC Sierra 1500 1999-2026   Extended/Crew/Double/Regular 5.8-8 无可用尺码
1450,1,OK,27,无可用尺码,皮卡,GMC,Sierra 1500,2016,,,Regular,6.6,无可用尺码,27: GMC Sierra 1500 1999-2026   Extended/Crew/Double/Regular 5.8-8 无可用尺码
1451,1,OK,27,无可用尺码,皮卡,GMC,Sierra 1500,2016,,,Regular,8,无可用尺码,27: GMC Sierra 1500 1999-2026   Extended/Crew/Double/Regular 5.8-8 无可用尺码
1452,1,OK,27,无可用尺码,皮卡,GMC,Sierra 1500,2017,,,Crew,5.8,无可用尺码,27: GMC Sierra 1500 1999-2026   Extended/Crew/Double/Regular 5.8-8 无可用尺码
1453,1,OK,27,无可用尺码,皮卡,GMC,Sierra 1500,2017,,,Double,6.6,无可用尺码,27: GMC Sierra 1500 1999-2026   Extended/Crew/Double/Regular 5.8-8 无可用尺码
1454,1,OK,27,无可用尺码,皮卡,GMC,Sierra 1500,2017,,,Regular,6.6,无可用尺码,27: GMC Sierra 1500 1999-2026   Extended/Crew/Double/Regular 5.8-8 无可用尺码
1455,1,OK,27,无可用尺码,皮卡,GMC,Sierra 1500,2017,,,Regular,8,无可用尺码,27: GMC Sierra 1500 1999-2026   Extended/Crew/Double/Regular 5.8-8 无可用尺码
1456,1,OK,27,无可用尺码,皮卡,GMC,Sierra 1500,2018,,,Crew,5.8,无可用尺码,27: GMC Sierra 1500 1999-2026   Extended/Crew/Double/Regular 5.8-8 无可用尺码
1457,1,OK,27,无可用尺码,皮卡,GMC,Sierra 1500,2018,,,Double,6.6,无可用尺码,27: GMC Sierra 1500 1999-2026   Extended/Crew/Double/Regular 5.8-8 无可用尺码
1458,1,OK,27,无可用尺码,皮卡,GMC,Sierra 1500,2018,,,Regular,6.6,无可用尺码,27: GMC Sierra 1500 1999-2026   Extended/Crew/Double/Regular 5.8-8 无可用尺码
1459,1,OK,27,无可用尺码,皮卡,GMC,Sierra 1500,2018,,,Regular,8,无可用尺码,27: GMC Sierra 1500 1999-2026   Extended/Crew/Double/Regular 5.8-8 无可用尺码
1460,1,OK,27,无可用尺码,皮卡,GMC,Sierra 1500,2019,,,Crew,5.8,无可用尺码,27: GMC Sierra 1500 1999-2026   Extended/Crew/Double/Regular 5.8-8 无可用尺码
1461,1,OK,27,无可用尺码,皮卡,GMC,Sierra 1500,2019,,,Double,6.6,无可用尺码,27: GMC Sierra 1500 1999-2026   Extended/Crew/Double/Regular 5.8-8 无可用尺码
1462,1,OK,27,无可用尺码,皮卡,GMC,Sierra 1500,2019,,,Regular,6.6,无可用尺码,27: GMC Sierra 1500 1999-2026   Extended/Crew/Double/Regular 5.8-8 无可用尺码
1463,1,OK,27,无可用尺码,皮卡,GMC,Sierra 1500,2019,,,Regular,8,无可用尺码,27: GMC Sierra 1500 1999-2026   Extended/Crew/Double/Regular 5.8-8 无可用尺码
1464,1,OK,27,无可用尺码,皮卡,GMC,Sierra 1500,2020,,,Crew,5.8,无可用尺码,27: GMC Sierra 1500 1999-2026   Extended/Crew/Double/Regular 5.8-8 无可用尺码
1465,1,OK,27,无可用尺码,皮卡,GMC,Sierra 1500,2020,,,Double,6.6,无可用尺码,27: GMC Sierra 1500 1999-2026   Extended/Crew/Double/Regular 5.8-8 无可用尺码
1466,1,OK,27,无可用尺码,皮卡,GMC,Sierra 1500,2020,,,Regular,6.6,无可用尺码,27: GMC Sierra 1500 1999-2026   Extended/Crew/Double/Regular 5.8-8 无可用尺码
1467,1,OK,27,无可用尺码,皮卡,GMC,Sierra 1500,2020,,,Regular,8,无可用尺码,27: GMC Sierra 1500 1999-2026   Extended/Crew/Double/Regular 5.8-8 无可用尺码
1468,1,OK,27,无可用尺码,皮卡,GMC,Sierra 1500,2021,,,Crew,5.8,无可用尺码,27: GMC Sierra 1500 1999-2026   Extended/Crew/Double/Regular 5.8-8 无可用尺码
1469,1,OK,27,无可用尺码,皮卡,GMC,Sierra 1500,2021,,,Double,6.6,无可用尺码,27: GMC Sierra 1500 1999-2026   Extended/Crew/Double/Regular 5.8-8 无可用尺码
1470,1,OK,27,无可用尺码,皮卡,GMC,Sierra 1500,2021,,,Regular,6.6,无可用尺码,27: GMC Sierra 1500 1999-2026   Extended/Crew/Double/Regular 5.8-8 无可用尺码
1471,1,OK,27,无可用尺码,皮卡,GMC,Sierra 1500,2021,,,Regular,8,无可用尺码,27: GMC Sierra 1500 1999-2026   Extended/Crew/Double/Regular 5.8-8 无可用尺码
1472,1,OK,27,无可用尺码,皮卡,GMC,Sierra 1500,2022,,,Crew,5.8,无可用尺码,27: GMC Sierra 1500 1999-2026   Extended/Crew/Double/Regular 5.8-8 无可用尺码
1473,1,OK,27,无可用尺码,皮卡,GMC,Sierra 1500,2022,,,Double,6.6,无可用尺码,27: GMC Sierra 1500 1999-2026   Extended/Crew/Double/Regular 5.8-8 无可用尺码
1474,1,OK,27,无可用尺码,皮卡,GMC,Sierra 1500,2022,,,Regular,6.6,无可用尺码,27: GMC Sierra 1500 1999-2026   Extended/Crew/Double/Regular 5.8-8 无可用尺码
1475,1,OK,27,无可用尺码,皮卡,GMC,Sierra 1500,2022,,,Regular,8,无可用尺码,27: GMC Sierra 1500 1999-2026   Extended/Crew/Double/Regular 5.8-8 无可用尺码
1476,1,OK,27,无可用尺码,皮卡,GMC,Sierra 1500,2023,,,Crew,5.8,无可用尺码,27: GMC Sierra 1500 1999-2026   Extended/Crew/Double/Regular 5.8-8 无可用尺码
1477,1,OK,27,无可用尺码,皮卡,GMC,Sierra 1500,2023,,,Double,6.6,无可用尺码,27: GMC Sierra 1500 1999-2026   Extended/Crew/Double/Regular 5.8-8 无可用尺码
1478,1,OK,27,无可用尺码,皮卡,GMC,Sierra 1500,2023,,,Regular,6.6,无可用尺码,27: GMC Sierra 1500 1999-2026   Extended/Crew/Double/Regular 5.8-8 无可用尺码
1479,1,OK,27,无可用尺码,皮卡,GMC,Sierra 1500,2023,,,Regular,8,无可用尺码,27: GMC Sierra 1500 1999-2026   Extended/Crew/Double/Regular 5.8-8 无可用尺码
1480,1,OK,27,无可用尺码,皮卡,GMC,Sierra 1500,2024,,,Crew,5.8,无可用尺码,27: GMC Sierra 1500 1999-2026   Extended/Crew/Double/Regular 5.8-8 无可用尺码
1481,1,OK,27,无可用尺码,皮卡,GMC,Sierra 1500,2024,,,Double,6.6,无可用尺码,27: GMC Sierra 1500 1999-2026   Extended/Crew/Double/Regular 5.8-8 无可用尺码
1482,1,OK,27,无可用尺码,皮卡,GMC,Sierra 1500,2024,,,Regular,6.6,无可用尺码,27: GMC Sierra 1500 1999-2026   Extended/Crew/Double/Regular 5.8-8 无可用尺码
1483,1,OK,27,无可用尺码,皮卡,GMC,Sierra 1500,2024,,,Regular,8,无可用尺码,27: GMC Sierra 1500 1999-2026   Extended/Crew/Double/Regular 5.8-8 无可用尺码
1484,1,OK,27,无可用尺码,皮卡,GMC,Sierra 1500,2025,,,Crew,5.8,无可用尺码,27: GMC Sierra 1500 1999-2026   Extended/Crew/Double/Regular 5.8-8 无可用尺码
1485,1,OK,27,无可用尺码,皮卡,GMC,Sierra 1500,2025,,,Double,6.6,无可用尺码,27: GMC Sierra 1500 1999-2026   Extended/Crew/Double/Regular 5.8-8 无可用尺码
1486,1,OK,27,无可用尺码,皮卡,GMC,Sierra 1500,2025,,,Regular,6.6,无可用尺码,27: GMC Sierra 1500 1999-2026   Extended/Crew/Double/Regular 5.8-8 无可用尺码
1487,1,OK,27,无可用尺码,皮卡,GMC,Sierra 1500,2025,,,Regular,8,无可用尺码,27: GMC Sierra 1500 1999-2026   Extended/Crew/Double/Regular 5.8-8 无可用尺码
1488,1,OK,27,无可用尺码,皮卡,GMC,Sierra 1500,2026,,,Crew,5.8,无可用尺码,27: GMC Sierra 1500 1999-2026   Extended/Crew/Double/Regular 5.8-8 无可用尺码
1489,1,OK,27,无可用尺码,皮卡,GMC,Sierra 1500,2026,,,Double,6.6,无可用尺码,27: GMC Sierra 1500 1999-2026   Extended/Crew/Double/Regular 5.8-8 无可用尺码
1490,1,OK,27,无可用尺码,皮卡,GMC,Sierra 1500,2026,,,Regular,6.6,无可用尺码,27: GMC Sierra 1500 1999-2026   Extended/Crew/Double/Regular 5.8-8 无可用尺码
1491,1,OK,27,无可用尺码,皮卡,GMC,Sierra 1500,2026,,,Regular,8,无可用尺码,27: GMC Sierra 1500 1999-2026   Extended/Crew/Double/Regular 5.8-8 无可用尺码
1492,1,OK,28,无可用尺码,皮卡,GMC,Sierra 2500HD/3500HD,2001,,,Crew,6.8,无可用尺码,28: GMC Sierra 2500HD/3500HD 2001-2026 Incl: DRW  Crew/Regular/Double 6.8-8 无可用尺码
1493,1,OK,28,无可用尺码,皮卡,GMC,Sierra 2500HD/3500HD,2001,,,Crew,8,无可用尺码,28: GMC Sierra 2500HD/3500HD 2001-2026 Incl: DRW  Crew/Regular/Double 6.8-8 无可用尺码
1494,1,OK,28,无可用尺码,皮卡,GMC,Sierra 2500HD/3500HD,2001,DRW,,Crew,8,无可用尺码,28: GMC Sierra 2500HD/3500HD 2001-2026 Incl: DRW  Crew/Regular/Double 6.8-8 无可用尺码
1495,1,OK,28,无可用尺码,皮卡,GMC,Sierra 2500HD/3500HD,2001,,,Regular,8,无可用尺码,28: GMC Sierra 2500HD/3500HD 2001-2026 Incl: DRW  Crew/Regular/Double 6.8-8 无可用尺码
1496,1,OK,28,无可用尺码,皮卡,GMC,Sierra 2500HD/3500HD,2002,,,Crew,6.8,无可用尺码,28: GMC Sierra 2500HD/3500HD 2001-2026 Incl: DRW  Crew/Regular/Double 6.8-8 无可用尺码
1497,1,OK,28,无可用尺码,皮卡,GMC,Sierra 2500HD/3500HD,2002,,,Crew,8,无可用尺码,28: GMC Sierra 2500HD/3500HD 2001-2026 Incl: DRW  Crew/Regular/Double 6.8-8 无可用尺码
1498,1,OK,28,无可用尺码,皮卡,GMC,Sierra 2500HD/3500HD,2002,DRW,,Crew,8,无可用尺码,28: GMC Sierra 2500HD/3500HD 2001-2026 Incl: DRW  Crew/Regular/Double 6.8-8 无可用尺码
1499,1,OK,28,无可用尺码,皮卡,GMC,Sierra 2500HD/3500HD,2002,,,Regular,8,无可用尺码,28: GMC Sierra 2500HD/3500HD 2001-2026 Incl: DRW  Crew/Regular/Double 6.8-8 无可用尺码
1500,1,OK,28,无可用尺码,皮卡,GMC,Sierra 2500HD/3500HD,2003,,,Crew,6.8,无可用尺码,28: GMC Sierra 2500HD/3500HD 2001-2026 Incl: DRW  Crew/Regular/Double 6.8-8 无可用尺码
1501,1,OK,28,无可用尺码,皮卡,GMC,Sierra 2500HD/3500HD,2003,,,Crew,8,无可用尺码,28: GMC Sierra 2500HD/3500HD 2001-2026 Incl: DRW  Crew/Regular/Double 6.8-8 无可用尺码
1502,1,OK,28,无可用尺码,皮卡,GMC,Sierra 2500HD/3500HD,2003,DRW,,Crew,8,无可用尺码,28: GMC Sierra 2500HD/3500HD 2001-2026 Incl: DRW  Crew/Regular/Double 6.8-8 无可用尺码
1503,1,OK,28,无可用尺码,皮卡,GMC,Sierra 2500HD/3500HD,2003,,,Regular,8,无可用尺码,28: GMC Sierra 2500HD/3500HD 2001-2026 Incl: DRW  Crew/Regular/Double 6.8-8 无可用尺码
1504,1,OK,28,无可用尺码,皮卡,GMC,Sierra 2500HD/3500HD,2004,,,Crew,6.8,无可用尺码,28: GMC Sierra 2500HD/3500HD 2001-2026 Incl: DRW  Crew/Regular/Double 6.8-8 无可用尺码
1505,1,OK,28,无可用尺码,皮卡,GMC,Sierra 2500HD/3500HD,2004,,,Crew,8,无可用尺码,28: GMC Sierra 2500HD/3500HD 2001-2026 Incl: DRW  Crew/Regular/Double 6.8-8 无可用尺码
1506,1,OK,28,无可用尺码,皮卡,GMC,Sierra 2500HD/3500HD,2004,DRW,,Crew,8,无可用尺码,28: GMC Sierra 2500HD/3500HD 2001-2026 Incl: DRW  Crew/Regular/Double 6.8-8 无可用尺码
1507,1,OK,28,无可用尺码,皮卡,GMC,Sierra 2500HD/3500HD,2004,,,Regular,8,无可用尺码,28: GMC Sierra 2500HD/3500HD 2001-2026 Incl: DRW  Crew/Regular/Double 6.8-8 无可用尺码
1508,1,OK,28,无可用尺码,皮卡,GMC,Sierra 2500HD/3500HD,2005,,,Crew,6.8,无可用尺码,28: GMC Sierra 2500HD/3500HD 2001-2026 Incl: DRW  Crew/Regular/Double 6.8-8 无可用尺码
1509,1,OK,28,无可用尺码,皮卡,GMC,Sierra 2500HD/3500HD,2005,,,Crew,8,无可用尺码,28: GMC Sierra 2500HD/3500HD 2001-2026 Incl: DRW  Crew/Regular/Double 6.8-8 无可用尺码
1510,1,OK,28,无可用尺码,皮卡,GMC,Sierra 2500HD/3500HD,2005,DRW,,Crew,8,无可用尺码,28: GMC Sierra 2500HD/3500HD 2001-2026 Incl: DRW  Crew/Regular/Double 6.8-8 无可用尺码
1511,1,OK,28,无可用尺码,皮卡,GMC,Sierra 2500HD/3500HD,2005,,,Regular,8,无可用尺码,28: GMC Sierra 2500HD/3500HD 2001-2026 Incl: DRW  Crew/Regular/Double 6.8-8 无可用尺码
1512,1,OK,28,无可用尺码,皮卡,GMC,Sierra 2500HD/3500HD,2006,,,Crew,6.8,无可用尺码,28: GMC Sierra 2500HD/3500HD 2001-2026 Incl: DRW  Crew/Regular/Double 6.8-8 无可用尺码
1513,1,OK,28,无可用尺码,皮卡,GMC,Sierra 2500HD/3500HD,2006,,,Crew,8,无可用尺码,28: GMC Sierra 2500HD/3500HD 2001-2026 Incl: DRW  Crew/Regular/Double 6.8-8 无可用尺码
1514,1,OK,28,无可用尺码,皮卡,GMC,Sierra 2500HD/3500HD,2006,DRW,,Crew,8,无可用尺码,28: GMC Sierra 2500HD/3500HD 2001-2026 Incl: DRW  Crew/Regular/Double 6.8-8 无可用尺码
1515,1,OK,28,无可用尺码,皮卡,GMC,Sierra 2500HD/3500HD,2006,,,Regular,8,无可用尺码,28: GMC Sierra 2500HD/3500HD 2001-2026 Incl: DRW  Crew/Regular/Double 6.8-8 无可用尺码
1516,1,OK,28,无可用尺码,皮卡,GMC,Sierra 2500HD/3500HD,2007,,,Crew,6.8,无可用尺码,28: GMC Sierra 2500HD/3500HD 2001-2026 Incl: DRW  Crew/Regular/Double 6.8-8 无可用尺码
1517,1,OK,28,无可用尺码,皮卡,GMC,Sierra 2500HD/3500HD,2007,,,Crew,8,无可用尺码,28: GMC Sierra 2500HD/3500HD 2001-2026 Incl: DRW  Crew/Regular/Double 6.8-8 无可用尺码
1518,1,OK,28,无可用尺码,皮卡,GMC,Sierra 2500HD/3500HD,2007,DRW,,Crew,8,无可用尺码,28: GMC Sierra 2500HD/3500HD 2001-2026 Incl: DRW  Crew/Regular/Double 6.8-8 无可用尺码
1519,1,OK,28,无可用尺码,皮卡,GMC,Sierra 2500HD/3500HD,2007,,,Regular,8,无可用尺码,28: GMC Sierra 2500HD/3500HD 2001-2026 Incl: DRW  Crew/Regular/Double 6.8-8 无可用尺码
1520,1,OK,28,无可用尺码,皮卡,GMC,Sierra 2500HD/3500HD,2008,,,Crew,6.8,无可用尺码,28: GMC Sierra 2500HD/3500HD 2001-2026 Incl: DRW  Crew/Regular/Double 6.8-8 无可用尺码
1521,1,OK,28,无可用尺码,皮卡,GMC,Sierra 2500HD/3500HD,2008,,,Crew,8,无可用尺码,28: GMC Sierra 2500HD/3500HD 2001-2026 Incl: DRW  Crew/Regular/Double 6.8-8 无可用尺码
1522,1,OK,28,无可用尺码,皮卡,GMC,Sierra 2500HD/3500HD,2008,DRW,,Crew,8,无可用尺码,28: GMC Sierra 2500HD/3500HD 2001-2026 Incl: DRW  Crew/Regular/Double 6.8-8 无可用尺码
1523,1,OK,28,无可用尺码,皮卡,GMC,Sierra 2500HD/3500HD,2008,,,Regular,8,无可用尺码,28: GMC Sierra 2500HD/3500HD 2001-2026 Incl: DRW  Crew/Regular/Double 6.8-8 无可用尺码
1524,1,OK,28,无可用尺码,皮卡,GMC,Sierra 2500HD/3500HD,2009,,,Crew,6.8,无可用尺码,28: GMC Sierra 2500HD/3500HD 2001-2026 Incl: DRW  Crew/Regular/Double 6.8-8 无可用尺码
1525,1,OK,28,无可用尺码,皮卡,GMC,Sierra 2500HD/3500HD,2009,,,Crew,8,无可用尺码,28: GMC Sierra 2500HD/3500HD 2001-2026 Incl: DRW  Crew/Regular/Double 6.8-8 无可用尺码
1526,1,OK,28,无可用尺码,皮卡,GMC,Sierra 2500HD/3500HD,2009,DRW,,Crew,8,无可用尺码,28: GMC Sierra 2500HD/3500HD 2001-2026 Incl: DRW  Crew/Regular/Double 6.8-8 无可用尺码
1527,1,OK,28,无可用尺码,皮卡,GMC,Sierra 2500HD/3500HD,2009,,,Regular,8,无可用尺码,28: GMC Sierra 2500HD/3500HD 2001-2026 Incl: DRW  Crew/Regular/Double 6.8-8 无可用尺码
1528,1,OK,28,无可用尺码,皮卡,GMC,Sierra 2500HD/3500HD,2010,,,Crew,6.8,无可用尺码,28: GMC Sierra 2500HD/3500HD 2001-2026 Incl: DRW  Crew/Regular/Double 6.8-8 无可用尺码
1529,1,OK,28,无可用尺码,皮卡,GMC,Sierra 2500HD/3500HD,2010,,,Crew,8,无可用尺码,28: GMC Sierra 2500HD/3500HD 2001-2026 Incl: DRW  Crew/Regular/Double 6.8-8 无可用尺码
1530,1,OK,28,无可用尺码,皮卡,GMC,Sierra 2500HD/3500HD,2010,DRW,,Crew,8,无可用尺码,28: GMC Sierra 2500HD/3500HD 2001-2026 Incl: DRW  Crew/Regular/Double 6.8-8 无可用尺码
1531,1,OK,28,无可用尺码,皮卡,GMC,Sierra 2500HD/3500HD,2010,,,Regular,8,无可用尺码,28: GMC Sierra 2500HD/3500HD 2001-2026 Incl: DRW  Crew/Regular/Double 6.8-8 无可用尺码
1532,1,OK,28,无可用尺码,皮卡,GMC,Sierra 2500HD/3500HD,2011,,,Crew,6.8,无可用尺码,28: GMC Sierra 2500HD/3500HD 2001-2026 Incl: DRW  Crew/Regular/Double 6.8-8 无可用尺码
1533,1,OK,28,无可用尺码,皮卡,GMC,Sierra 2500HD/3500HD,2011,,,Crew,8,无可用尺码,28: GMC Sierra 2500HD/3500HD 2001-2026 Incl: DRW  Crew/Regular/Double 6.8-8 无可用尺码
1534,1,OK,28,无可用尺码,皮卡,GMC,Sierra 2500HD/3500HD,2011,DRW,,Crew,8,无可用尺码,28: GMC Sierra 2500HD/3500HD 2001-2026 Incl: DRW  Crew/Regular/Double 6.8-8 无可用尺码
1535,1,OK,28,无可用尺码,皮卡,GMC,Sierra 2500HD/3500HD,2011,,,Regular,8,无可用尺码,28: GMC Sierra 2500HD/3500HD 2001-2026 Incl: DRW  Crew/Regular/Double 6.8-8 无可用尺码
1536,1,OK,28,无可用尺码,皮卡,GMC,Sierra 2500HD/3500HD,2012,,,Crew,6.8,无可用尺码,28: GMC Sierra 2500HD/3500HD 2001-2026 Incl: DRW  Crew/Regular/Double 6.8-8 无可用尺码
1537,1,OK,28,无可用尺码,皮卡,GMC,Sierra 2500HD/3500HD,2012,,,Crew,8,无可用尺码,28: GMC Sierra 2500HD/3500HD 2001-2026 Incl: DRW  Crew/Regular/Double 6.8-8 无可用尺码
1538,1,OK,28,无可用尺码,皮卡,GMC,Sierra 2500HD/3500HD,2012,DRW,,Crew,8,无可用尺码,28: GMC Sierra 2500HD/3500HD 2001-2026 Incl: DRW  Crew/Regular/Double 6.8-8 无可用尺码
1539,1,OK,28,无可用尺码,皮卡,GMC,Sierra 2500HD/3500HD,2012,,,Regular,8,无可用尺码,28: GMC Sierra 2500HD/3500HD 2001-2026 Incl: DRW  Crew/Regular/Double 6.8-8 无可用尺码
1540,1,OK,28,无可用尺码,皮卡,GMC,Sierra 2500HD/3500HD,2013,,,Crew,6.8,无可用尺码,28: GMC Sierra 2500HD/3500HD 2001-2026 Incl: DRW  Crew/Regular/Double 6.8-8 无可用尺码
1541,1,OK,28,无可用尺码,皮卡,GMC,Sierra 2500HD/3500HD,2013,,,Crew,8,无可用尺码,28: GMC Sierra 2500HD/3500HD 2001-2026 Incl: DRW  Crew/Regular/Double 6.8-8 无可用尺码
1542,1,OK,28,无可用尺码,皮卡,GMC,Sierra 2500HD/3500HD,2013,DRW,,Crew,8,无可用尺码,28: GMC Sierra 2500HD/3500HD 2001-2026 Incl: DRW  Crew/Regular/Double 6.8-8 无可用尺码
1543,1,OK,28,无可用尺码,皮卡,GMC,Sierra 2500HD/3500HD,2013,,,Regular,8,无可用尺码,28: GMC Sierra 2500HD/3500HD 2001-2026 Incl: DRW  Crew/Regular/Double 6.8-8 无可用尺码
1544,1,OK,28,无可用尺码,皮卡,GMC,Sierra 2500HD/3500HD,2014,,,Crew,6.8,无可用尺码,28: GMC Sierra 2500HD/3500HD 2001-2026 Incl: DRW  Crew/Regular/Double 6.8-8 无可用尺码
1545,1,OK,28,无可用尺码,皮卡,GMC,Sierra 2500HD/3500HD,2014,,,Crew,8,无可用尺码,28: GMC Sierra 2500HD/3500HD 2001-2026 Incl: DRW  Crew/Regular/Double 6.8-8 无可用尺码
1546,1,OK,28,无可用尺码,皮卡,GMC,Sierra 2500HD/3500HD,2014,DRW,,Crew,8,无可用尺码,28: GMC Sierra 2500HD/3500HD 2001-2026 Incl: DRW  Crew/Regular/Double 6.8-8 无可用尺码
1547,1,OK,28,无可用尺码,皮卡,GMC,Sierra 2500HD/3500HD,2014,,,Regular,8,无可用尺码,28: GMC Sierra 2500HD/3500HD 2001-2026 Incl: DRW  Crew/Regular/Double 6.8-8 无可用尺码
1548,1,OK,28,无可用尺码,皮卡,GMC,Sierra 2500HD/3500HD,2015,,,Crew,6.8,无可用尺码,28: GMC Sierra 2500HD/3500HD 2001-2026 Incl: DRW  Crew/Regular/Double 6.8-8 无可用尺码
1549,1,OK,28,无可用尺码,皮卡,GMC,Sierra 2500HD/3500HD,2015,,,Crew,8,无可用尺码,28: GMC Sierra 2500HD/3500HD 2001-2026 Incl: DRW  Crew/Regular/Double 6.8-8 无可用尺码
1550,1,OK,28,无可用尺码,皮卡,GMC,Sierra 2500HD/3500HD,2015,DRW,,Crew,8,无可用尺码,28: GMC Sierra 2500HD/3500HD 2001-2026 Incl: DRW  Crew/Regular/Double 6.8-8 无可用尺码
1551,1,OK,28,无可用尺码,皮卡,GMC,Sierra 2500HD/3500HD,2015,,,Double,6.8,无可用尺码,28: GMC Sierra 2500HD/3500HD 2001-2026 Incl: DRW  Crew/Regular/Double 6.8-8 无可用尺码
1552,1,OK,28,无可用尺码,皮卡,GMC,Sierra 2500HD/3500HD,2015,,,Double,8,无可用尺码,28: GMC Sierra 2500HD/3500HD 2001-2026 Incl: DRW  Crew/Regular/Double 6.8-8 无可用尺码
1553,1,OK,28,无可用尺码,皮卡,GMC,Sierra 2500HD/3500HD,2015,,,Regular,8,无可用尺码,28: GMC Sierra 2500HD/3500HD 2001-2026 Incl: DRW  Crew/Regular/Double 6.8-8 无可用尺码
1554,1,OK,28,无可用尺码,皮卡,GMC,Sierra 2500HD/3500HD,2016,,,Crew,6.8,无可用尺码,28: GMC Sierra 2500HD/3500HD 2001-2026 Incl: DRW  Crew/Regular/Double 6.8-8 无可用尺码
1555,1,OK,28,无可用尺码,皮卡,GMC,Sierra 2500HD/3500HD,2016,,,Crew,8,无可用尺码,28: GMC Sierra 2500HD/3500HD 2001-2026 Incl: DRW  Crew/Regular/Double 6.8-8 无可用尺码
1556,1,OK,28,无可用尺码,皮卡,GMC,Sierra 2500HD/3500HD,2016,DRW,,Crew,8,无可用尺码,28: GMC Sierra 2500HD/3500HD 2001-2026 Incl: DRW  Crew/Regular/Double 6.8-8 无可用尺码
1557,1,OK,28,无可用尺码,皮卡,GMC,Sierra 2500HD/3500HD,2016,,,Double,6.8,无可用尺码,28: GMC Sierra 2500HD/3500HD 2001-2026 Incl: DRW  Crew/Regular/Double 6.8-8 无可用尺码
1558,1,OK,28,无可用尺码,皮卡,GMC,Sierra 2500HD/3500HD,2016,,,Double,8,无可用尺码,28: GMC Sierra 2500HD/3500HD 2001-2026 Incl: DRW  Crew/Regular/Double 6.8-8 无可用尺码
1559,1,OK,28,无可用尺码,皮卡,GMC,Sierra 2500HD/3500HD,2016,,,Regular,8,无可用尺码,28: GMC Sierra 2500HD/3500HD 2001-2026 Incl: DRW  Crew/Regular/Double 6.8-8 无可用尺码
1560,1,OK,28,无可用尺码,皮卡,GMC,Sierra 2500HD/3500HD,2017,,,Crew,6.8,无可用尺码,28: GMC Sierra 2500HD/3500HD 2001-2026 Incl: DRW  Crew/Regular/Double 6.8-8 无可用尺码
1561,1,OK,28,无可用尺码,皮卡,GMC,Sierra 2500HD/3500HD,2017,,,Crew,8,无可用尺码,28: GMC Sierra 2500HD/3500HD 2001-2026 Incl: DRW  Crew/Regular/Double 6.8-8 无可用尺码
1562,1,OK,28,无可用尺码,皮卡,GMC,Sierra 2500HD/3500HD,2017,DRW,,Crew,8,无可用尺码,28: GMC Sierra 2500HD/3500HD 2001-2026 Incl: DRW  Crew/Regular/Double 6.8-8 无可用尺码
1563,1,OK,28,无可用尺码,皮卡,GMC,Sierra 2500HD/3500HD,2017,,,Double,6.8,无可用尺码,28: GMC Sierra 2500HD/3500HD 2001-2026 Incl: DRW  Crew/Regular/Double 6.8-8 无可用尺码
1564,1,OK,28,无可用尺码,皮卡,GMC,Sierra 2500HD/3500HD,2017,,,Double,8,无可用尺码,28: GMC Sierra 2500HD/3500HD 2001-2026 Incl: DRW  Crew/Regular/Double 6.8-8 无可用尺码
1565,1,OK,28,无可用尺码,皮卡,GMC,Sierra 2500HD/3500HD,2017,,,Regular,8,无可用尺码,28: GMC Sierra 2500HD/3500HD 2001-2026 Incl: DRW  Crew/Regular/Double 6.8-8 无可用尺码
1566,1,OK,28,无可用尺码,皮卡,GMC,Sierra 2500HD/3500HD,2018,,,Crew,6.8,无可用尺码,28: GMC Sierra 2500HD/3500HD 2001-2026 Incl: DRW  Crew/Regular/Double 6.8-8 无可用尺码
1567,1,OK,28,无可用尺码,皮卡,GMC,Sierra 2500HD/3500HD,2018,,,Crew,8,无可用尺码,28: GMC Sierra 2500HD/3500HD 2001-2026 Incl: DRW  Crew/Regular/Double 6.8-8 无可用尺码
1568,1,OK,28,无可用尺码,皮卡,GMC,Sierra 2500HD/3500HD,2018,DRW,,Crew,8,无可用尺码,28: GMC Sierra 2500HD/3500HD 2001-2026 Incl: DRW  Crew/Regular/Double 6.8-8 无可用尺码
1569,1,OK,28,无可用尺码,皮卡,GMC,Sierra 2500HD/3500HD,2018,,,Double,6.8,无可用尺码,28: GMC Sierra 2500HD/3500HD 2001-2026 Incl: DRW  Crew/Regular/Double 6.8-8 无可用尺码
1570,1,OK,28,无可用尺码,皮卡,GMC,Sierra 2500HD/3500HD,2018,,,Double,8,无可用尺码,28: GMC Sierra 2500HD/3500HD 2001-2026 Incl: DRW  Crew/Regular/Double 6.8-8 无可用尺码
1571,1,OK,28,无可用尺码,皮卡,GMC,Sierra 2500HD/3500HD,2018,,,Regular,8,无可用尺码,28: GMC Sierra 2500HD/3500HD 2001-2026 Incl: DRW  Crew/Regular/Double 6.8-8 无可用尺码
1572,1,OK,28,无可用尺码,皮卡,GMC,Sierra 2500HD/3500HD,2019,,,Crew,6.8,无可用尺码,28: GMC Sierra 2500HD/3500HD 2001-2026 Incl: DRW  Crew/Regular/Double 6.8-8 无可用尺码
1573,1,OK,28,无可用尺码,皮卡,GMC,Sierra 2500HD/3500HD,2019,,,Crew,8,无可用尺码,28: GMC Sierra 2500HD/3500HD 2001-2026 Incl: DRW  Crew/Regular/Double 6.8-8 无可用尺码
1574,1,OK,28,无可用尺码,皮卡,GMC,Sierra 2500HD/3500HD,2019,DRW,,Crew,8,无可用尺码,28: GMC Sierra 2500HD/3500HD 2001-2026 Incl: DRW  Crew/Regular/Double 6.8-8 无可用尺码
1575,1,OK,28,无可用尺码,皮卡,GMC,Sierra 2500HD/3500HD,2019,,,Double,6.8,无可用尺码,28: GMC Sierra 2500HD/3500HD 2001-2026 Incl: DRW  Crew/Regular/Double 6.8-8 无可用尺码
1576,1,OK,28,无可用尺码,皮卡,GMC,Sierra 2500HD/3500HD,2019,,,Double,8,无可用尺码,28: GMC Sierra 2500HD/3500HD 2001-2026 Incl: DRW  Crew/Regular/Double 6.8-8 无可用尺码
1577,1,OK,28,无可用尺码,皮卡,GMC,Sierra 2500HD/3500HD,2019,,,Regular,8,无可用尺码,28: GMC Sierra 2500HD/3500HD 2001-2026 Incl: DRW  Crew/Regular/Double 6.8-8 无可用尺码
1578,1,OK,28,无可用尺码,皮卡,GMC,Sierra 2500HD/3500HD,2020,,,Crew,6.8,无可用尺码,28: GMC Sierra 2500HD/3500HD 2001-2026 Incl: DRW  Crew/Regular/Double 6.8-8 无可用尺码
1579,1,OK,28,无可用尺码,皮卡,GMC,Sierra 2500HD/3500HD,2020,,,Crew,8,无可用尺码,28: GMC Sierra 2500HD/3500HD 2001-2026 Incl: DRW  Crew/Regular/Double 6.8-8 无可用尺码
1580,1,OK,28,无可用尺码,皮卡,GMC,Sierra 2500HD/3500HD,2020,DRW,,Crew,8,无可用尺码,28: GMC Sierra 2500HD/3500HD 2001-2026 Incl: DRW  Crew/Regular/Double 6.8-8 无可用尺码
1581,1,OK,28,无可用尺码,皮卡,GMC,Sierra 2500HD/3500HD,2020,,,Double,6.8,无可用尺码,28: GMC Sierra 2500HD/3500HD 2001-2026 Incl: DRW  Crew/Regular/Double 6.8-8 无可用尺码
1582,1,OK,28,无可用尺码,皮卡,GMC,Sierra 2500HD/3500HD,2020,,,Double,8,无可用尺码,28: GMC Sierra 2500HD/3500HD 2001-2026 Incl: DRW  Crew/Regular/Double 6.8-8 无可用尺码
1583,1,OK,28,无可用尺码,皮卡,GMC,Sierra 2500HD/3500HD,2020,,,Regular,8,无可用尺码,28: GMC Sierra 2500HD/3500HD 2001-2026 Incl: DRW  Crew/Regular/Double 6.8-8 无可用尺码
1584,1,OK,28,无可用尺码,皮卡,GMC,Sierra 2500HD/3500HD,2021,,,Crew,6.8,无可用尺码,28: GMC Sierra 2500HD/3500HD 2001-2026 Incl: DRW  Crew/Regular/Double 6.8-8 无可用尺码
1585,1,OK,28,无可用尺码,皮卡,GMC,Sierra 2500HD/3500HD,2021,,,Crew,8,无可用尺码,28: GMC Sierra 2500HD/3500HD 2001-2026 Incl: DRW  Crew/Regular/Double 6.8-8 无可用尺码
1586,1,OK,28,无可用尺码,皮卡,GMC,Sierra 2500HD/3500HD,2021,DRW,,Crew,8,无可用尺码,28: GMC Sierra 2500HD/3500HD 2001-2026 Incl: DRW  Crew/Regular/Double 6.8-8 无可用尺码
1587,1,OK,28,无可用尺码,皮卡,GMC,Sierra 2500HD/3500HD,2021,,,Double,6.8,无可用尺码,28: GMC Sierra 2500HD/3500HD 2001-2026 Incl: DRW  Crew/Regular/Double 6.8-8 无可用尺码
1588,1,OK,28,无可用尺码,皮卡,GMC,Sierra 2500HD/3500HD,2021,,,Double,8,无可用尺码,28: GMC Sierra 2500HD/3500HD 2001-2026 Incl: DRW  Crew/Regular/Double 6.8-8 无可用尺码
1589,1,OK,28,无可用尺码,皮卡,GMC,Sierra 2500HD/3500HD,2021,,,Regular,8,无可用尺码,28: GMC Sierra 2500HD/3500HD 2001-2026 Incl: DRW  Crew/Regular/Double 6.8-8 无可用尺码
1590,1,OK,28,无可用尺码,皮卡,GMC,Sierra 2500HD/3500HD,2022,,,Crew,6.8,无可用尺码,28: GMC Sierra 2500HD/3500HD 2001-2026 Incl: DRW  Crew/Regular/Double 6.8-8 无可用尺码
1591,1,OK,28,无可用尺码,皮卡,GMC,Sierra 2500HD/3500HD,2022,,,Crew,8,无可用尺码,28: GMC Sierra 2500HD/3500HD 2001-2026 Incl: DRW  Crew/Regular/Double 6.8-8 无可用尺码
1592,1,OK,28,无可用尺码,皮卡,GMC,Sierra 2500HD/3500HD,2022,DRW,,Crew,8,无可用尺码,28: GMC Sierra 2500HD/3500HD 2001-2026 Incl: DRW  Crew/Regular/Double 6.8-8 无可用尺码
1593,1,OK,28,无可用尺码,皮卡,GMC,Sierra 2500HD/3500HD,2022,,,Double,6.8,无可用尺码,28: GMC Sierra 2500HD/3500HD 2001-2026 Incl: DRW  Crew/Regular/Double 6.8-8 无可用尺码
1594,1,OK,28,无可用尺码,皮卡,GMC,Sierra 2500HD/3500HD,2022,,,Double,8,无可用尺码,28: GMC Sierra 2500HD/3500HD 2001-2026 Incl: DRW  Crew/Regular/Double 6.8-8 无可用尺码
1595,1,OK,28,无可用尺码,皮卡,GMC,Sierra 2500HD/3500HD,2022,,,Regular,8,无可用尺码,28: GMC Sierra 2500HD/3500HD 2001-2026 Incl: DRW  Crew/Regular/Double 6.8-8 无可用尺码
1596,1,OK,28,无可用尺码,皮卡,GMC,Sierra 2500HD/3500HD,2023,,,Crew,6.8,无可用尺码,28: GMC Sierra 2500HD/3500HD 2001-2026 Incl: DRW  Crew/Regular/Double 6.8-8 无可用尺码
1597,1,OK,28,无可用尺码,皮卡,GMC,Sierra 2500HD/3500HD,2023,,,Crew,8,无可用尺码,28: GMC Sierra 2500HD/3500HD 2001-2026 Incl: DRW  Crew/Regular/Double 6.8-8 无可用尺码
1598,1,OK,28,无可用尺码,皮卡,GMC,Sierra 2500HD/3500HD,2023,DRW,,Crew,8,无可用尺码,28: GMC Sierra 2500HD/3500HD 2001-2026 Incl: DRW  Crew/Regular/Double 6.8-8 无可用尺码
1599,1,OK,28,无可用尺码,皮卡,GMC,Sierra 2500HD/3500HD,2023,,,Double,6.8,无可用尺码,28: GMC Sierra 2500HD/3500HD 2001-2026 Incl: DRW  Crew/Regular/Double 6.8-8 无可用尺码
1600,1,OK,28,无可用尺码,皮卡,GMC,Sierra 2500HD/3500HD,2023,,,Double,8,无可用尺码,28: GMC Sierra 2500HD/3500HD 2001-2026 Incl: DRW  Crew/Regular/Double 6.8-8 无可用尺码
1601,1,OK,28,无可用尺码,皮卡,GMC,Sierra 2500HD/3500HD,2023,,,Regular,8,无可用尺码,28: GMC Sierra 2500HD/3500HD 2001-2026 Incl: DRW  Crew/Regular/Double 6.8-8 无可用尺码
1602,1,OK,28,无可用尺码,皮卡,GMC,Sierra 2500HD/3500HD,2024,,,Crew,6.8,无可用尺码,28: GMC Sierra 2500HD/3500HD 2001-2026 Incl: DRW  Crew/Regular/Double 6.8-8 无可用尺码
1603,1,OK,28,无可用尺码,皮卡,GMC,Sierra 2500HD/3500HD,2024,,,Crew,8,无可用尺码,28: GMC Sierra 2500HD/3500HD 2001-2026 Incl: DRW  Crew/Regular/Double 6.8-8 无可用尺码
1604,1,OK,28,无可用尺码,皮卡,GMC,Sierra 2500HD/3500HD,2024,DRW,,Crew,8,无可用尺码,28: GMC Sierra 2500HD/3500HD 2001-2026 Incl: DRW  Crew/Regular/Double 6.8-8 无可用尺码
1605,1,OK,28,无可用尺码,皮卡,GMC,Sierra 2500HD/3500HD,2024,,,Double,6.8,无可用尺码,28: GMC Sierra 2500HD/3500HD 2001-2026 Incl: DRW  Crew/Regular/Double 6.8-8 无可用尺码
1606,1,OK,28,无可用尺码,皮卡,GMC,Sierra 2500HD/3500HD,2024,,,Double,8,无可用尺码,28: GMC Sierra 2500HD/3500HD 2001-2026 Incl: DRW  Crew/Regular/Double 6.8-8 无可用尺码
1607,1,OK,28,无可用尺码,皮卡,GMC,Sierra 2500HD/3500HD,2024,,,Regular,8,无可用尺码,28: GMC Sierra 2500HD/3500HD 2001-2026 Incl: DRW  Crew/Regular/Double 6.8-8 无可用尺码
1608,1,OK,28,无可用尺码,皮卡,GMC,Sierra 2500HD/3500HD,2025,,,Crew,6.8,无可用尺码,28: GMC Sierra 2500HD/3500HD 2001-2026 Incl: DRW  Crew/Regular/Double 6.8-8 无可用尺码
1609,1,OK,28,无可用尺码,皮卡,GMC,Sierra 2500HD/3500HD,2025,,,Crew,8,无可用尺码,28: GMC Sierra 2500HD/3500HD 2001-2026 Incl: DRW  Crew/Regular/Double 6.8-8 无可用尺码
1610,1,OK,28,无可用尺码,皮卡,GMC,Sierra 2500HD/3500HD,2025,DRW,,Crew,8,无可用尺码,28: GMC Sierra 2500HD/3500HD 2001-2026 Incl: DRW  Crew/Regular/Double 6.8-8 无可用尺码
1611,1,OK,28,无可用尺码,皮卡,GMC,Sierra 2500HD/3500HD,2025,,,Double,6.8,无可用尺码,28: GMC Sierra 2500HD/3500HD 2001-2026 Incl: DRW  Crew/Regular/Double 6.8-8 无可用尺码
1612,1,OK,28,无可用尺码,皮卡,GMC,Sierra 2500HD/3500HD,2025,,,Double,8,无可用尺码,28: GMC Sierra 2500HD/3500HD 2001-2026 Incl: DRW  Crew/Regular/Double 6.8-8 无可用尺码
1613,1,OK,28,无可用尺码,皮卡,GMC,Sierra 2500HD/3500HD,2025,,,Regular,8,无可用尺码,28: GMC Sierra 2500HD/3500HD 2001-2026 Incl: DRW  Crew/Regular/Double 6.8-8 无可用尺码
1614,1,OK,28,无可用尺码,皮卡,GMC,Sierra 2500HD/3500HD,2026,,,Crew,6.8,无可用尺码,28: GMC Sierra 2500HD/3500HD 2001-2026 Incl: DRW  Crew/Regular/Double 6.8-8 无可用尺码
1615,1,OK,28,无可用尺码,皮卡,GMC,Sierra 2500HD/3500HD,2026,,,Crew,8,无可用尺码,28: GMC Sierra 2500HD/3500HD 2001-2026 Incl: DRW  Crew/Regular/Double 6.8-8 无可用尺码
1616,1,OK,28,无可用尺码,皮卡,GMC,Sierra 2500HD/3500HD,2026,DRW,,Crew,8,无可用尺码,28: GMC Sierra 2500HD/3500HD 2001-2026 Incl: DRW  Crew/Regular/Double 6.8-8 无可用尺码
1617,1,OK,28,无可用尺码,皮卡,GMC,Sierra 2500HD/3500HD,2026,,,Double,6.8,无可用尺码,28: GMC Sierra 2500HD/3500HD 2001-2026 Incl: DRW  Crew/Regular/Double 6.8-8 无可用尺码
1618,1,OK,28,无可用尺码,皮卡,GMC,Sierra 2500HD/3500HD,2026,,,Double,8,无可用尺码,28: GMC Sierra 2500HD/3500HD 2001-2026 Incl: DRW  Crew/Regular/Double 6.8-8 无可用尺码
1619,1,OK,28,无可用尺码,皮卡,GMC,Sierra 2500HD/3500HD,2026,,,Regular,8,无可用尺码,28: GMC Sierra 2500HD/3500HD 2001-2026 Incl: DRW  Crew/Regular/Double 6.8-8 无可用尺码
1620,1,OK,29,无可用尺码,皮卡,GMC,Sierra EV,2024,,,Crew,5.9,无可用尺码,29: GMC Sierra EV 2024-2026   Crew 5.9 无可用尺码
1621,1,OK,29,无可用尺码,皮卡,GMC,Sierra EV,2025,,,Crew,5.9,无可用尺码,29: GMC Sierra EV 2024-2026   Crew 5.9 无可用尺码
1622,1,OK,29,无可用尺码,皮卡,GMC,Sierra EV,2026,,,Crew,5.9,无可用尺码,29: GMC Sierra EV 2024-2026   Crew 5.9 无可用尺码
1623,1,OK,30,无可用尺码,皮卡,Honda,Ridgeline,2006,,,Crew,5,无可用尺码,30: Honda Ridgeline 2006-2026   Crew 5-5.3 无可用尺码
1624,1,OK,30,无可用尺码,皮卡,Honda,Ridgeline,2007,,,Crew,5,无可用尺码,30: Honda Ridgeline 2006-2026   Crew 5-5.3 无可用尺码
1625,1,OK,30,无可用尺码,皮卡,Honda,Ridgeline,2008,,,Crew,5,无可用尺码,30: Honda Ridgeline 2006-2026   Crew 5-5.3 无可用尺码
1626,1,OK,30,无可用尺码,皮卡,Honda,Ridgeline,2009,,,Crew,5,无可用尺码,30: Honda Ridgeline 2006-2026   Crew 5-5.3 无可用尺码
1627,1,OK,30,无可用尺码,皮卡,Honda,Ridgeline,2010,,,Crew,5,无可用尺码,30: Honda Ridgeline 2006-2026   Crew 5-5.3 无可用尺码
1628,1,OK,30,无可用尺码,皮卡,Honda,Ridgeline,2011,,,Crew,5,无可用尺码,30: Honda Ridgeline 2006-2026   Crew 5-5.3 无可用尺码
1629,1,OK,30,无可用尺码,皮卡,Honda,Ridgeline,2012,,,Crew,5,无可用尺码,30: Honda Ridgeline 2006-2026   Crew 5-5.3 无可用尺码
1630,1,OK,30,无可用尺码,皮卡,Honda,Ridgeline,2013,,,Crew,5,无可用尺码,30: Honda Ridgeline 2006-2026   Crew 5-5.3 无可用尺码
1631,1,OK,30,无可用尺码,皮卡,Honda,Ridgeline,2014,,,Crew,5,无可用尺码,30: Honda Ridgeline 2006-2026   Crew 5-5.3 无可用尺码
1632,1,OK,30,无可用尺码,皮卡,Honda,Ridgeline,2017,,,Crew,5.3,无可用尺码,30: Honda Ridgeline 2006-2026   Crew 5-5.3 无可用尺码
1633,1,OK,30,无可用尺码,皮卡,Honda,Ridgeline,2018,,,Crew,5.3,无可用尺码,30: Honda Ridgeline 2006-2026   Crew 5-5.3 无可用尺码
1634,1,OK,30,无可用尺码,皮卡,Honda,Ridgeline,2019,,,Crew,5.3,无可用尺码,30: Honda Ridgeline 2006-2026   Crew 5-5.3 无可用尺码
1635,1,OK,30,无可用尺码,皮卡,Honda,Ridgeline,2020,,,Crew,5.3,无可用尺码,30: Honda Ridgeline 2006-2026   Crew 5-5.3 无可用尺码
1636,1,OK,30,无可用尺码,皮卡,Honda,Ridgeline,2021,,,Crew,5.3,无可用尺码,30: Honda Ridgeline 2006-2026   Crew 5-5.3 无可用尺码
1637,1,OK,30,无可用尺码,皮卡,Honda,Ridgeline,2022,,,Crew,5.3,无可用尺码,30: Honda Ridgeline 2006-2026   Crew 5-5.3 无可用尺码
1638,1,OK,30,无可用尺码,皮卡,Honda,Ridgeline,2023,,,Crew,5.3,无可用尺码,30: Honda Ridgeline 2006-2026   Crew 5-5.3 无可用尺码
1639,1,OK,30,无可用尺码,皮卡,Honda,Ridgeline,2024,,,Crew,5.3,无可用尺码,30: Honda Ridgeline 2006-2026   Crew 5-5.3 无可用尺码
1640,1,OK,30,无可用尺码,皮卡,Honda,Ridgeline,2025,,,Crew,5.3,无可用尺码,30: Honda Ridgeline 2006-2026   Crew 5-5.3 无可用尺码
1641,1,OK,30,无可用尺码,皮卡,Honda,Ridgeline,2026,,,Crew,5.3,无可用尺码,30: Honda Ridgeline 2006-2026   Crew 5-5.3 无可用尺码
1642,1,OK,31,无可用尺码,皮卡,Hyundai,Santa Cruz,2022,,,Crew,4.3,无可用尺码,31: Hyundai Santa Cruz 2022-2026 Incl: XRT  Crew 4.3 无可用尺码
1643,1,OK,31,无可用尺码,皮卡,Hyundai,Santa Cruz,2023,,,Crew,4.3,无可用尺码,31: Hyundai Santa Cruz 2022-2026 Incl: XRT  Crew 4.3 无可用尺码
1644,1,OK,31,无可用尺码,皮卡,Hyundai,Santa Cruz,2024,,,Crew,4.3,无可用尺码,31: Hyundai Santa Cruz 2022-2026 Incl: XRT  Crew 4.3 无可用尺码
1645,1,OK,31,无可用尺码,皮卡,Hyundai,Santa Cruz,2024,XRT,,Crew,4.3,无可用尺码,31: Hyundai Santa Cruz 2022-2026 Incl: XRT  Crew 4.3 无可用尺码
1646,1,OK,31,无可用尺码,皮卡,Hyundai,Santa Cruz,2025,,,Crew,4.3,无可用尺码,31: Hyundai Santa Cruz 2022-2026 Incl: XRT  Crew 4.3 无可用尺码
1647,1,OK,31,无可用尺码,皮卡,Hyundai,Santa Cruz,2025,XRT,,Crew,4.3,无可用尺码,31: Hyundai Santa Cruz 2022-2026 Incl: XRT  Crew 4.3 无可用尺码
1648,1,OK,31,无可用尺码,皮卡,Hyundai,Santa Cruz,2026,,,Crew,4.3,无可用尺码,31: Hyundai Santa Cruz 2022-2026 Incl: XRT  Crew 4.3 无可用尺码
1649,1,OK,31,无可用尺码,皮卡,Hyundai,Santa Cruz,2026,XRT,,Crew,4.3,无可用尺码,31: Hyundai Santa Cruz 2022-2026 Incl: XRT  Crew 4.3 无可用尺码
1650,1,OK,32,无可用尺码,皮卡,Ineos Automotive,Grenadier,2024,Quartermaster,,Crew,5.1,无可用尺码,32: Ineos Automotive Grenadier 2024-2026 Quartermaster  Crew 5.1 无可用尺码
1651,1,OK,32,无可用尺码,皮卡,Ineos Automotive,Grenadier,2025,Quartermaster,,Crew,5.1,无可用尺码,32: Ineos Automotive Grenadier 2024-2026 Quartermaster  Crew 5.1 无可用尺码
1652,1,OK,32,无可用尺码,皮卡,Ineos Automotive,Grenadier,2026,Quartermaster,,Crew,5.1,无可用尺码,32: Ineos Automotive Grenadier 2024-2026 Quartermaster  Crew 5.1 无可用尺码
1653,1,OK,33,无可用尺码,皮卡,Jeep,Gladiator,2020,,,Crew,5,无可用尺码,33: Jeep Gladiator 2020-2026 Incl: Mojave/Rubicon  Crew 5 无可用尺码
1654,1,OK,33,无可用尺码,皮卡,Jeep,Gladiator,2020,Rubicon,,Crew,5,无可用尺码,33: Jeep Gladiator 2020-2026 Incl: Mojave/Rubicon  Crew 5 无可用尺码
1655,1,OK,33,无可用尺码,皮卡,Jeep,Gladiator,2021,,,Crew,5,无可用尺码,33: Jeep Gladiator 2020-2026 Incl: Mojave/Rubicon  Crew 5 无可用尺码
1656,1,OK,33,无可用尺码,皮卡,Jeep,Gladiator,2021,Rubicon/Mojave,,Crew,5,无可用尺码,33: Jeep Gladiator 2020-2026 Incl: Mojave/Rubicon  Crew 5 无可用尺码
1657,1,OK,33,无可用尺码,皮卡,Jeep,Gladiator,2022,,,Crew,5,无可用尺码,33: Jeep Gladiator 2020-2026 Incl: Mojave/Rubicon  Crew 5 无可用尺码
1658,1,OK,33,无可用尺码,皮卡,Jeep,Gladiator,2022,Rubicon/Mojave,,Crew,5,无可用尺码,33: Jeep Gladiator 2020-2026 Incl: Mojave/Rubicon  Crew 5 无可用尺码
1659,1,OK,33,无可用尺码,皮卡,Jeep,Gladiator,2023,,,Crew,5,无可用尺码,33: Jeep Gladiator 2020-2026 Incl: Mojave/Rubicon  Crew 5 无可用尺码
1660,1,OK,33,无可用尺码,皮卡,Jeep,Gladiator,2023,Rubicon/Mojave,,Crew,5,无可用尺码,33: Jeep Gladiator 2020-2026 Incl: Mojave/Rubicon  Crew 5 无可用尺码
1661,1,OK,33,无可用尺码,皮卡,Jeep,Gladiator,2024,,,Crew,5,无可用尺码,33: Jeep Gladiator 2020-2026 Incl: Mojave/Rubicon  Crew 5 无可用尺码
1662,1,OK,33,无可用尺码,皮卡,Jeep,Gladiator,2024,Rubicon/Mojave,,Crew,5,无可用尺码,33: Jeep Gladiator 2020-2026 Incl: Mojave/Rubicon  Crew 5 无可用尺码
1663,1,OK,33,无可用尺码,皮卡,Jeep,Gladiator,2025,,,Crew,5,无可用尺码,33: Jeep Gladiator 2020-2026 Incl: Mojave/Rubicon  Crew 5 无可用尺码
1664,1,OK,33,无可用尺码,皮卡,Jeep,Gladiator,2025,Rubicon/Mojave,,Crew,5,无可用尺码,33: Jeep Gladiator 2020-2026 Incl: Mojave/Rubicon  Crew 5 无可用尺码
1665,1,OK,33,无可用尺码,皮卡,Jeep,Gladiator,2026,,,Crew,5,无可用尺码,33: Jeep Gladiator 2020-2026 Incl: Mojave/Rubicon  Crew 5 无可用尺码
1666,1,OK,33,无可用尺码,皮卡,Jeep,Gladiator,2026,Rubicon/Mojave,,Crew,5,无可用尺码,33: Jeep Gladiator 2020-2026 Incl: Mojave/Rubicon  Crew 5 无可用尺码
1667,1,OK,34,无可用尺码,皮卡,Nissan,Frontier,1998,,,King,6,无可用尺码,34: Nissan Frontier 1998-2026 Incl: SC-V6  King/Regular/Crew 4.5-6 无可用尺码
1668,1,OK,34,无可用尺码,皮卡,Nissan,Frontier,1998,,,Regular,6,无可用尺码,34: Nissan Frontier 1998-2026 Incl: SC-V6  King/Regular/Crew 4.5-6 无可用尺码
1669,1,OK,34,无可用尺码,皮卡,Nissan,Frontier,1999,,,King,6,无可用尺码,34: Nissan Frontier 1998-2026 Incl: SC-V6  King/Regular/Crew 4.5-6 无可用尺码
1670,1,OK,34,无可用尺码,皮卡,Nissan,Frontier,1999,,,Regular,6,无可用尺码,34: Nissan Frontier 1998-2026 Incl: SC-V6  King/Regular/Crew 4.5-6 无可用尺码
1671,1,OK,34,无可用尺码,皮卡,Nissan,Frontier,2000,,,Crew,4.5,无可用尺码,34: Nissan Frontier 1998-2026 Incl: SC-V6  King/Regular/Crew 4.5-6 无可用尺码
1672,1,OK,34,无可用尺码,皮卡,Nissan,Frontier,2000,,,King,6,无可用尺码,34: Nissan Frontier 1998-2026 Incl: SC-V6  King/Regular/Crew 4.5-6 无可用尺码
1673,1,OK,34,无可用尺码,皮卡,Nissan,Frontier,2000,,,Regular,6,无可用尺码,34: Nissan Frontier 1998-2026 Incl: SC-V6  King/Regular/Crew 4.5-6 无可用尺码
1674,1,OK,34,无可用尺码,皮卡,Nissan,Frontier,2001,,,Crew,4.5,无可用尺码,34: Nissan Frontier 1998-2026 Incl: SC-V6  King/Regular/Crew 4.5-6 无可用尺码
1675,1,OK,34,无可用尺码,皮卡,Nissan,Frontier,2001,SC-V6,,King,6,无可用尺码,34: Nissan Frontier 1998-2026 Incl: SC-V6  King/Regular/Crew 4.5-6 无可用尺码
1676,1,OK,34,无可用尺码,皮卡,Nissan,Frontier,2001,,,Regular,6,无可用尺码,34: Nissan Frontier 1998-2026 Incl: SC-V6  King/Regular/Crew 4.5-6 无可用尺码
1677,1,OK,34,无可用尺码,皮卡,Nissan,Frontier,2002,SC-V6,,Crew,4.5,无可用尺码,34: Nissan Frontier 1998-2026 Incl: SC-V6  King/Regular/Crew 4.5-6 无可用尺码
1678,1,OK,34,无可用尺码,皮卡,Nissan,Frontier,2002,SC-V6,,Crew,6,无可用尺码,34: Nissan Frontier 1998-2026 Incl: SC-V6  King/Regular/Crew 4.5-6 无可用尺码
1679,1,OK,34,无可用尺码,皮卡,Nissan,Frontier,2002,,,King,6,无可用尺码,34: Nissan Frontier 1998-2026 Incl: SC-V6  King/Regular/Crew 4.5-6 无可用尺码
1680,1,OK,34,无可用尺码,皮卡,Nissan,Frontier,2003,SC-V6,,Crew,4.5,无可用尺码,34: Nissan Frontier 1998-2026 Incl: SC-V6  King/Regular/Crew 4.5-6 无可用尺码
1681,1,OK,34,无可用尺码,皮卡,Nissan,Frontier,2003,,,Crew,6,无可用尺码,34: Nissan Frontier 1998-2026 Incl: SC-V6  King/Regular/Crew 4.5-6 无可用尺码
1682,1,OK,34,无可用尺码,皮卡,Nissan,Frontier,2003,,,King,6,无可用尺码,34: Nissan Frontier 1998-2026 Incl: SC-V6  King/Regular/Crew 4.5-6 无可用尺码
1683,1,OK,34,无可用尺码,皮卡,Nissan,Frontier,2004,,,Crew,4.5,无可用尺码,34: Nissan Frontier 1998-2026 Incl: SC-V6  King/Regular/Crew 4.5-6 无可用尺码
1684,1,OK,34,无可用尺码,皮卡,Nissan,Frontier,2004,,,Crew,6,无可用尺码,34: Nissan Frontier 1998-2026 Incl: SC-V6  King/Regular/Crew 4.5-6 无可用尺码
1685,1,OK,34,无可用尺码,皮卡,Nissan,Frontier,2004,,,King,6,无可用尺码,34: Nissan Frontier 1998-2026 Incl: SC-V6  King/Regular/Crew 4.5-6 无可用尺码
1686,1,OK,34,无可用尺码,皮卡,Nissan,Frontier,2005,,,Crew,5,无可用尺码,34: Nissan Frontier 1998-2026 Incl: SC-V6  King/Regular/Crew 4.5-6 无可用尺码
1687,1,OK,34,无可用尺码,皮卡,Nissan,Frontier,2005,,,Crew,6,无可用尺码,34: Nissan Frontier 1998-2026 Incl: SC-V6  King/Regular/Crew 4.5-6 无可用尺码
1688,1,OK,34,无可用尺码,皮卡,Nissan,Frontier,2005,,,King,6,无可用尺码,34: Nissan Frontier 1998-2026 Incl: SC-V6  King/Regular/Crew 4.5-6 无可用尺码
1689,1,OK,34,无可用尺码,皮卡,Nissan,Frontier,2006,,,Crew,5,无可用尺码,34: Nissan Frontier 1998-2026 Incl: SC-V6  King/Regular/Crew 4.5-6 无可用尺码
1690,1,OK,34,无可用尺码,皮卡,Nissan,Frontier,2006,,,Crew,6,无可用尺码,34: Nissan Frontier 1998-2026 Incl: SC-V6  King/Regular/Crew 4.5-6 无可用尺码
1691,1,OK,34,无可用尺码,皮卡,Nissan,Frontier,2006,,,King,6,无可用尺码,34: Nissan Frontier 1998-2026 Incl: SC-V6  King/Regular/Crew 4.5-6 无可用尺码
1692,1,OK,34,无可用尺码,皮卡,Nissan,Frontier,2007,,,Crew,5,无可用尺码,34: Nissan Frontier 1998-2026 Incl: SC-V6  King/Regular/Crew 4.5-6 无可用尺码
1693,1,OK,34,无可用尺码,皮卡,Nissan,Frontier,2007,,,Crew,6,无可用尺码,34: Nissan Frontier 1998-2026 Incl: SC-V6  King/Regular/Crew 4.5-6 无可用尺码
1694,1,OK,34,无可用尺码,皮卡,Nissan,Frontier,2007,,,King,6,无可用尺码,34: Nissan Frontier 1998-2026 Incl: SC-V6  King/Regular/Crew 4.5-6 无可用尺码
1695,1,OK,34,无可用尺码,皮卡,Nissan,Frontier,2008,,,Crew,5,无可用尺码,34: Nissan Frontier 1998-2026 Incl: SC-V6  King/Regular/Crew 4.5-6 无可用尺码
1696,1,OK,34,无可用尺码,皮卡,Nissan,Frontier,2008,,,Crew,6,无可用尺码,34: Nissan Frontier 1998-2026 Incl: SC-V6  King/Regular/Crew 4.5-6 无可用尺码
1697,1,OK,34,无可用尺码,皮卡,Nissan,Frontier,2008,,,King,6,无可用尺码,34: Nissan Frontier 1998-2026 Incl: SC-V6  King/Regular/Crew 4.5-6 无可用尺码
1698,1,OK,34,无可用尺码,皮卡,Nissan,Frontier,2009,,,Crew,5,无可用尺码,34: Nissan Frontier 1998-2026 Incl: SC-V6  King/Regular/Crew 4.5-6 无可用尺码
1699,1,OK,34,无可用尺码,皮卡,Nissan,Frontier,2009,,,Crew,6,无可用尺码,34: Nissan Frontier 1998-2026 Incl: SC-V6  King/Regular/Crew 4.5-6 无可用尺码
1700,1,OK,34,无可用尺码,皮卡,Nissan,Frontier,2009,,,King,6,无可用尺码,34: Nissan Frontier 1998-2026 Incl: SC-V6  King/Regular/Crew 4.5-6 无可用尺码
1701,1,OK,34,无可用尺码,皮卡,Nissan,Frontier,2010,,,Crew,5,无可用尺码,34: Nissan Frontier 1998-2026 Incl: SC-V6  King/Regular/Crew 4.5-6 无可用尺码
1702,1,OK,34,无可用尺码,皮卡,Nissan,Frontier,2010,,,Crew,6,无可用尺码,34: Nissan Frontier 1998-2026 Incl: SC-V6  King/Regular/Crew 4.5-6 无可用尺码
1703,1,OK,34,无可用尺码,皮卡,Nissan,Frontier,2010,,,King,6,无可用尺码,34: Nissan Frontier 1998-2026 Incl: SC-V6  King/Regular/Crew 4.5-6 无可用尺码
1704,1,OK,34,无可用尺码,皮卡,Nissan,Frontier,2011,,,Crew,5,无可用尺码,34: Nissan Frontier 1998-2026 Incl: SC-V6  King/Regular/Crew 4.5-6 无可用尺码
1705,1,OK,34,无可用尺码,皮卡,Nissan,Frontier,2011,,,Crew,6,无可用尺码,34: Nissan Frontier 1998-2026 Incl: SC-V6  King/Regular/Crew 4.5-6 无可用尺码
1706,1,OK,34,无可用尺码,皮卡,Nissan,Frontier,2011,,,King,6,无可用尺码,34: Nissan Frontier 1998-2026 Incl: SC-V6  King/Regular/Crew 4.5-6 无可用尺码
1707,1,OK,34,无可用尺码,皮卡,Nissan,Frontier,2012,,,Crew,5,无可用尺码,34: Nissan Frontier 1998-2026 Incl: SC-V6  King/Regular/Crew 4.5-6 无可用尺码
1708,1,OK,34,无可用尺码,皮卡,Nissan,Frontier,2012,,,Crew,6,无可用尺码,34: Nissan Frontier 1998-2026 Incl: SC-V6  King/Regular/Crew 4.5-6 无可用尺码
1709,1,OK,34,无可用尺码,皮卡,Nissan,Frontier,2012,,,King,6,无可用尺码,34: Nissan Frontier 1998-2026 Incl: SC-V6  King/Regular/Crew 4.5-6 无可用尺码
1710,1,OK,34,无可用尺码,皮卡,Nissan,Frontier,2013,,,Crew,5,无可用尺码,34: Nissan Frontier 1998-2026 Incl: SC-V6  King/Regular/Crew 4.5-6 无可用尺码
1711,1,OK,34,无可用尺码,皮卡,Nissan,Frontier,2013,,,Crew,6,无可用尺码,34: Nissan Frontier 1998-2026 Incl: SC-V6  King/Regular/Crew 4.5-6 无可用尺码
1712,1,OK,34,无可用尺码,皮卡,Nissan,Frontier,2013,,,King,6,无可用尺码,34: Nissan Frontier 1998-2026 Incl: SC-V6  King/Regular/Crew 4.5-6 无可用尺码
1713,1,OK,34,无可用尺码,皮卡,Nissan,Frontier,2014,,,Crew,5,无可用尺码,34: Nissan Frontier 1998-2026 Incl: SC-V6  King/Regular/Crew 4.5-6 无可用尺码
1714,1,OK,34,无可用尺码,皮卡,Nissan,Frontier,2014,,,Crew,6,无可用尺码,34: Nissan Frontier 1998-2026 Incl: SC-V6  King/Regular/Crew 4.5-6 无可用尺码
1715,1,OK,34,无可用尺码,皮卡,Nissan,Frontier,2014,,,King,6,无可用尺码,34: Nissan Frontier 1998-2026 Incl: SC-V6  King/Regular/Crew 4.5-6 无可用尺码
1716,1,OK,34,无可用尺码,皮卡,Nissan,Frontier,2015,,,Crew,5,无可用尺码,34: Nissan Frontier 1998-2026 Incl: SC-V6  King/Regular/Crew 4.5-6 无可用尺码
1717,1,OK,34,无可用尺码,皮卡,Nissan,Frontier,2015,,,Crew,6,无可用尺码,34: Nissan Frontier 1998-2026 Incl: SC-V6  King/Regular/Crew 4.5-6 无可用尺码
1718,1,OK,34,无可用尺码,皮卡,Nissan,Frontier,2015,,,King,6,无可用尺码,34: Nissan Frontier 1998-2026 Incl: SC-V6  King/Regular/Crew 4.5-6 无可用尺码
1719,1,OK,34,无可用尺码,皮卡,Nissan,Frontier,2016,,,Crew,5,无可用尺码,34: Nissan Frontier 1998-2026 Incl: SC-V6  King/Regular/Crew 4.5-6 无可用尺码
1720,1,OK,34,无可用尺码,皮卡,Nissan,Frontier,2016,,,Crew,6,无可用尺码,34: Nissan Frontier 1998-2026 Incl: SC-V6  King/Regular/Crew 4.5-6 无可用尺码
1721,1,OK,34,无可用尺码,皮卡,Nissan,Frontier,2016,,,King,6,无可用尺码,34: Nissan Frontier 1998-2026 Incl: SC-V6  King/Regular/Crew 4.5-6 无可用尺码
1722,1,OK,34,无可用尺码,皮卡,Nissan,Frontier,2017,,,Crew,5,无可用尺码,34: Nissan Frontier 1998-2026 Incl: SC-V6  King/Regular/Crew 4.5-6 无可用尺码
1723,1,OK,34,无可用尺码,皮卡,Nissan,Frontier,2017,,,Crew,6,无可用尺码,34: Nissan Frontier 1998-2026 Incl: SC-V6  King/Regular/Crew 4.5-6 无可用尺码
1724,1,OK,34,无可用尺码,皮卡,Nissan,Frontier,2017,,,King,6,无可用尺码,34: Nissan Frontier 1998-2026 Incl: SC-V6  King/Regular/Crew 4.5-6 无可用尺码
1725,1,OK,34,无可用尺码,皮卡,Nissan,Frontier,2018,,,Crew,5,无可用尺码,34: Nissan Frontier 1998-2026 Incl: SC-V6  King/Regular/Crew 4.5-6 无可用尺码
1726,1,OK,34,无可用尺码,皮卡,Nissan,Frontier,2018,,,Crew,6,无可用尺码,34: Nissan Frontier 1998-2026 Incl: SC-V6  King/Regular/Crew 4.5-6 无可用尺码
1727,1,OK,34,无可用尺码,皮卡,Nissan,Frontier,2018,,,King,6,无可用尺码,34: Nissan Frontier 1998-2026 Incl: SC-V6  King/Regular/Crew 4.5-6 无可用尺码
1728,1,OK,34,无可用尺码,皮卡,Nissan,Frontier,2019,,,Crew,5,无可用尺码,34: Nissan Frontier 1998-2026 Incl: SC-V6  King/Regular/Crew 4.5-6 无可用尺码
1729,1,OK,34,无可用尺码,皮卡,Nissan,Frontier,2019,,,Crew,6,无可用尺码,34: Nissan Frontier 1998-2026 Incl: SC-V6  King/Regular/Crew 4.5-6 无可用尺码
1730,1,OK,34,无可用尺码,皮卡,Nissan,Frontier,2019,,,King,6,无可用尺码,34: Nissan Frontier 1998-2026 Incl: SC-V6  King/Regular/Crew 4.5-6 无可用尺码
1731,1,OK,34,无可用尺码,皮卡,Nissan,Frontier,2020,,,Crew,5,无可用尺码,34: Nissan Frontier 1998-2026 Incl: SC-V6  King/Regular/Crew 4.5-6 无可用尺码
1732,1,OK,34,无可用尺码,皮卡,Nissan,Frontier,2020,,,Crew,6,无可用尺码,34: Nissan Frontier 1998-2026 Incl: SC-V6  King/Regular/Crew 4.5-6 无可用尺码
1733,1,OK,34,无可用尺码,皮卡,Nissan,Frontier,2020,,,King,6,无可用尺码,34: Nissan Frontier 1998-2026 Incl: SC-V6  King/Regular/Crew 4.5-6 无可用尺码
1734,1,OK,34,无可用尺码,皮卡,Nissan,Frontier,2021,,,Crew,5,无可用尺码,34: Nissan Frontier 1998-2026 Incl: SC-V6  King/Regular/Crew 4.5-6 无可用尺码
1735,1,OK,34,无可用尺码,皮卡,Nissan,Frontier,2021,,,Crew,6,无可用尺码,34: Nissan Frontier 1998-2026 Incl: SC-V6  King/Regular/Crew 4.5-6 无可用尺码
1736,1,OK,34,无可用尺码,皮卡,Nissan,Frontier,2021,,,King,6,无可用尺码,34: Nissan Frontier 1998-2026 Incl: SC-V6  King/Regular/Crew 4.5-6 无可用尺码
1737,1,OK,34,无可用尺码,皮卡,Nissan,Frontier,2022,,,Crew,5,无可用尺码,34: Nissan Frontier 1998-2026 Incl: SC-V6  King/Regular/Crew 4.5-6 无可用尺码
1738,1,OK,34,无可用尺码,皮卡,Nissan,Frontier,2022,,,Crew,6,无可用尺码,34: Nissan Frontier 1998-2026 Incl: SC-V6  King/Regular/Crew 4.5-6 无可用尺码
1739,1,OK,34,无可用尺码,皮卡,Nissan,Frontier,2022,,,King,6,无可用尺码,34: Nissan Frontier 1998-2026 Incl: SC-V6  King/Regular/Crew 4.5-6 无可用尺码
1740,1,OK,34,无可用尺码,皮卡,Nissan,Frontier,2023,,,Crew,5,无可用尺码,34: Nissan Frontier 1998-2026 Incl: SC-V6  King/Regular/Crew 4.5-6 无可用尺码
1741,1,OK,34,无可用尺码,皮卡,Nissan,Frontier,2023,,,Crew,6,无可用尺码,34: Nissan Frontier 1998-2026 Incl: SC-V6  King/Regular/Crew 4.5-6 无可用尺码
1742,1,OK,34,无可用尺码,皮卡,Nissan,Frontier,2023,,,King,6,无可用尺码,34: Nissan Frontier 1998-2026 Incl: SC-V6  King/Regular/Crew 4.5-6 无可用尺码
1743,1,OK,34,无可用尺码,皮卡,Nissan,Frontier,2024,,,Crew,5,无可用尺码,34: Nissan Frontier 1998-2026 Incl: SC-V6  King/Regular/Crew 4.5-6 无可用尺码
1744,1,OK,34,无可用尺码,皮卡,Nissan,Frontier,2024,,,Crew,6,无可用尺码,34: Nissan Frontier 1998-2026 Incl: SC-V6  King/Regular/Crew 4.5-6 无可用尺码
1745,1,OK,34,无可用尺码,皮卡,Nissan,Frontier,2024,,,King,6,无可用尺码,34: Nissan Frontier 1998-2026 Incl: SC-V6  King/Regular/Crew 4.5-6 无可用尺码
1746,1,OK,34,无可用尺码,皮卡,Nissan,Frontier,2025,,,Crew,5,无可用尺码,34: Nissan Frontier 1998-2026 Incl: SC-V6  King/Regular/Crew 4.5-6 无可用尺码
1747,1,OK,34,无可用尺码,皮卡,Nissan,Frontier,2025,,,Crew,6,无可用尺码,34: Nissan Frontier 1998-2026 Incl: SC-V6  King/Regular/Crew 4.5-6 无可用尺码
1748,1,OK,34,无可用尺码,皮卡,Nissan,Frontier,2025,,,King,6,无可用尺码,34: Nissan Frontier 1998-2026 Incl: SC-V6  King/Regular/Crew 4.5-6 无可用尺码
1749,1,OK,34,无可用尺码,皮卡,Nissan,Frontier,2026,,,Crew,5,无可用尺码,34: Nissan Frontier 1998-2026 Incl: SC-V6  King/Regular/Crew 4.5-6 无可用尺码
1750,1,OK,34,无可用尺码,皮卡,Nissan,Frontier,2026,,,Crew,6,无可用尺码,34: Nissan Frontier 1998-2026 Incl: SC-V6  King/Regular/Crew 4.5-6 无可用尺码
1751,1,OK,34,无可用尺码,皮卡,Nissan,Frontier,2026,,,King,6,无可用尺码,34: Nissan Frontier 1998-2026 Incl: SC-V6  King/Regular/Crew 4.5-6 无可用尺码
1752,1,OK,35,无可用尺码,皮卡,Ram,1500,1994,,,Club,6.4,无可用尺码,35: Ram 1500 1994-2026 Incl: RHO/TRX  Regular/Club/Quad/Crew 5.6-8 无可用尺码
1753,1,OK,35,无可用尺码,皮卡,Ram,1500,1994,,,Quad,6.4,无可用尺码,35: Ram 1500 1994-2026 Incl: RHO/TRX  Regular/Club/Quad/Crew 5.6-8 无可用尺码
1754,1,OK,35,无可用尺码,皮卡,Ram,1500,1994,,,Regular,6.4,无可用尺码,35: Ram 1500 1994-2026 Incl: RHO/TRX  Regular/Club/Quad/Crew 5.6-8 无可用尺码
1755,1,OK,35,无可用尺码,皮卡,Ram,1500,1995,,,Club,6.4,无可用尺码,35: Ram 1500 1994-2026 Incl: RHO/TRX  Regular/Club/Quad/Crew 5.6-8 无可用尺码
1756,1,OK,35,无可用尺码,皮卡,Ram,1500,1995,,,Quad,6.4,无可用尺码,35: Ram 1500 1994-2026 Incl: RHO/TRX  Regular/Club/Quad/Crew 5.6-8 无可用尺码
1757,1,OK,35,无可用尺码,皮卡,Ram,1500,1995,,,Regular,6.4,无可用尺码,35: Ram 1500 1994-2026 Incl: RHO/TRX  Regular/Club/Quad/Crew 5.6-8 无可用尺码
1758,1,OK,35,无可用尺码,皮卡,Ram,1500,1996,,,Club,6.4,无可用尺码,35: Ram 1500 1994-2026 Incl: RHO/TRX  Regular/Club/Quad/Crew 5.6-8 无可用尺码
1759,1,OK,35,无可用尺码,皮卡,Ram,1500,1996,,,Quad,6.4,无可用尺码,35: Ram 1500 1994-2026 Incl: RHO/TRX  Regular/Club/Quad/Crew 5.6-8 无可用尺码
1760,1,OK,35,无可用尺码,皮卡,Ram,1500,1996,,,Regular,6.4,无可用尺码,35: Ram 1500 1994-2026 Incl: RHO/TRX  Regular/Club/Quad/Crew 5.6-8 无可用尺码
1761,1,OK,35,无可用尺码,皮卡,Ram,1500,1997,,,Club,6.4,无可用尺码,35: Ram 1500 1994-2026 Incl: RHO/TRX  Regular/Club/Quad/Crew 5.6-8 无可用尺码
1762,1,OK,35,无可用尺码,皮卡,Ram,1500,1997,,,Quad,6.4,无可用尺码,35: Ram 1500 1994-2026 Incl: RHO/TRX  Regular/Club/Quad/Crew 5.6-8 无可用尺码
1763,1,OK,35,无可用尺码,皮卡,Ram,1500,1997,,,Regular,6.4,无可用尺码,35: Ram 1500 1994-2026 Incl: RHO/TRX  Regular/Club/Quad/Crew 5.6-8 无可用尺码
1764,1,OK,35,无可用尺码,皮卡,Ram,1500,1997,,,Regular,8,无可用尺码,35: Ram 1500 1994-2026 Incl: RHO/TRX  Regular/Club/Quad/Crew 5.6-8 无可用尺码
1765,1,OK,35,无可用尺码,皮卡,Ram,1500,1998,,,Club,6.4,无可用尺码,35: Ram 1500 1994-2026 Incl: RHO/TRX  Regular/Club/Quad/Crew 5.6-8 无可用尺码
1766,1,OK,35,无可用尺码,皮卡,Ram,1500,1998,,,Quad,6.4,无可用尺码,35: Ram 1500 1994-2026 Incl: RHO/TRX  Regular/Club/Quad/Crew 5.6-8 无可用尺码
1767,1,OK,35,无可用尺码,皮卡,Ram,1500,1998,,,Regular,6.4,无可用尺码,35: Ram 1500 1994-2026 Incl: RHO/TRX  Regular/Club/Quad/Crew 5.6-8 无可用尺码
1768,1,OK,35,无可用尺码,皮卡,Ram,1500,1998,,,Regular,8,无可用尺码,35: Ram 1500 1994-2026 Incl: RHO/TRX  Regular/Club/Quad/Crew 5.6-8 无可用尺码
1769,1,OK,35,无可用尺码,皮卡,Ram,1500,1999,,,Regular,6.4,无可用尺码,35: Ram 1500 1994-2026 Incl: RHO/TRX  Regular/Club/Quad/Crew 5.6-8 无可用尺码
1770,1,OK,35,无可用尺码,皮卡,Ram,1500,1999,,,Regular,8,无可用尺码,35: Ram 1500 1994-2026 Incl: RHO/TRX  Regular/Club/Quad/Crew 5.6-8 无可用尺码
1771,1,OK,35,无可用尺码,皮卡,Ram,1500,2000,,,Regular,6.4,无可用尺码,35: Ram 1500 1994-2026 Incl: RHO/TRX  Regular/Club/Quad/Crew 5.6-8 无可用尺码
1772,1,OK,35,无可用尺码,皮卡,Ram,1500,2000,,,Regular,8,无可用尺码,35: Ram 1500 1994-2026 Incl: RHO/TRX  Regular/Club/Quad/Crew 5.6-8 无可用尺码
1773,1,OK,35,无可用尺码,皮卡,Ram,1500,2001,,,Regular,6.4,无可用尺码,35: Ram 1500 1994-2026 Incl: RHO/TRX  Regular/Club/Quad/Crew 5.6-8 无可用尺码
1774,1,OK,35,无可用尺码,皮卡,Ram,1500,2001,,,Regular,8,无可用尺码,35: Ram 1500 1994-2026 Incl: RHO/TRX  Regular/Club/Quad/Crew 5.6-8 无可用尺码
1775,1,OK,35,无可用尺码,皮卡,Ram,1500,2002,,,Quad,6.4,无可用尺码,35: Ram 1500 1994-2026 Incl: RHO/TRX  Regular/Club/Quad/Crew 5.6-8 无可用尺码
1776,1,OK,35,无可用尺码,皮卡,Ram,1500,2002,,,Regular,6.4,无可用尺码,35: Ram 1500 1994-2026 Incl: RHO/TRX  Regular/Club/Quad/Crew 5.6-8 无可用尺码
1777,1,OK,35,无可用尺码,皮卡,Ram,1500,2003,,,Quad,6.4,无可用尺码,35: Ram 1500 1994-2026 Incl: RHO/TRX  Regular/Club/Quad/Crew 5.6-8 无可用尺码
1778,1,OK,35,无可用尺码,皮卡,Ram,1500,2003,,,Regular,6.4,无可用尺码,35: Ram 1500 1994-2026 Incl: RHO/TRX  Regular/Club/Quad/Crew 5.6-8 无可用尺码
1779,1,OK,35,无可用尺码,皮卡,Ram,1500,2004,,,Quad,6.4,无可用尺码,35: Ram 1500 1994-2026 Incl: RHO/TRX  Regular/Club/Quad/Crew 5.6-8 无可用尺码
1780,1,OK,35,无可用尺码,皮卡,Ram,1500,2004,,,Regular,6.4,无可用尺码,35: Ram 1500 1994-2026 Incl: RHO/TRX  Regular/Club/Quad/Crew 5.6-8 无可用尺码
1781,1,OK,35,无可用尺码,皮卡,Ram,1500,2005,,,Quad,6.4,无可用尺码,35: Ram 1500 1994-2026 Incl: RHO/TRX  Regular/Club/Quad/Crew 5.6-8 无可用尺码
1782,1,OK,35,无可用尺码,皮卡,Ram,1500,2005,,,Regular,6.4,无可用尺码,35: Ram 1500 1994-2026 Incl: RHO/TRX  Regular/Club/Quad/Crew 5.6-8 无可用尺码
1783,1,OK,35,无可用尺码,皮卡,Ram,1500,2005,,,Regular,8,无可用尺码,35: Ram 1500 1994-2026 Incl: RHO/TRX  Regular/Club/Quad/Crew 5.6-8 无可用尺码
1784,1,OK,35,无可用尺码,皮卡,Ram,1500,2006,,,Quad,6.4,无可用尺码,35: Ram 1500 1994-2026 Incl: RHO/TRX  Regular/Club/Quad/Crew 5.6-8 无可用尺码
1785,1,OK,35,无可用尺码,皮卡,Ram,1500,2006,,,Regular,6.4,无可用尺码,35: Ram 1500 1994-2026 Incl: RHO/TRX  Regular/Club/Quad/Crew 5.6-8 无可用尺码
1786,1,OK,35,无可用尺码,皮卡,Ram,1500,2006,,,Regular,8,无可用尺码,35: Ram 1500 1994-2026 Incl: RHO/TRX  Regular/Club/Quad/Crew 5.6-8 无可用尺码
1787,1,OK,35,无可用尺码,皮卡,Ram,1500,2007,,,Quad,6.4,无可用尺码,35: Ram 1500 1994-2026 Incl: RHO/TRX  Regular/Club/Quad/Crew 5.6-8 无可用尺码
1788,1,OK,35,无可用尺码,皮卡,Ram,1500,2007,,,Regular,6.4,无可用尺码,35: Ram 1500 1994-2026 Incl: RHO/TRX  Regular/Club/Quad/Crew 5.6-8 无可用尺码
1789,1,OK,35,无可用尺码,皮卡,Ram,1500,2007,,,Regular,8,无可用尺码,35: Ram 1500 1994-2026 Incl: RHO/TRX  Regular/Club/Quad/Crew 5.6-8 无可用尺码
1790,1,OK,35,无可用尺码,皮卡,Ram,1500,2008,,,Quad,6.4,无可用尺码,35: Ram 1500 1994-2026 Incl: RHO/TRX  Regular/Club/Quad/Crew 5.6-8 无可用尺码
1791,1,OK,35,无可用尺码,皮卡,Ram,1500,2008,,,Regular,6.4,无可用尺码,35: Ram 1500 1994-2026 Incl: RHO/TRX  Regular/Club/Quad/Crew 5.6-8 无可用尺码
1792,1,OK,35,无可用尺码,皮卡,Ram,1500,2009,,,Crew,6.4,无可用尺码,35: Ram 1500 1994-2026 Incl: RHO/TRX  Regular/Club/Quad/Crew 5.6-8 无可用尺码
1793,1,OK,35,无可用尺码,皮卡,Ram,1500,2009,,,Quad,6.4,无可用尺码,35: Ram 1500 1994-2026 Incl: RHO/TRX  Regular/Club/Quad/Crew 5.6-8 无可用尺码
1794,1,OK,35,无可用尺码,皮卡,Ram,1500,2009,,,Regular,6.4,无可用尺码,35: Ram 1500 1994-2026 Incl: RHO/TRX  Regular/Club/Quad/Crew 5.6-8 无可用尺码
1795,1,OK,35,无可用尺码,皮卡,Ram,1500,2009,,,Regular,8,无可用尺码,35: Ram 1500 1994-2026 Incl: RHO/TRX  Regular/Club/Quad/Crew 5.6-8 无可用尺码
1796,1,OK,35,无可用尺码,皮卡,Ram,1500,2010,,,Crew,6.4,无可用尺码,35: Ram 1500 1994-2026 Incl: RHO/TRX  Regular/Club/Quad/Crew 5.6-8 无可用尺码
1797,1,OK,35,无可用尺码,皮卡,Ram,1500,2010,,,Quad,6.4,无可用尺码,35: Ram 1500 1994-2026 Incl: RHO/TRX  Regular/Club/Quad/Crew 5.6-8 无可用尺码
1798,1,OK,35,无可用尺码,皮卡,Ram,1500,2010,,,Regular,6.4,无可用尺码,35: Ram 1500 1994-2026 Incl: RHO/TRX  Regular/Club/Quad/Crew 5.6-8 无可用尺码
1799,1,OK,35,无可用尺码,皮卡,Ram,1500,2010,,,Regular,8,无可用尺码,35: Ram 1500 1994-2026 Incl: RHO/TRX  Regular/Club/Quad/Crew 5.6-8 无可用尺码
1800,1,OK,35,无可用尺码,皮卡,Ram,1500,2011,,,Crew,5.6,无可用尺码,35: Ram 1500 1994-2026 Incl: RHO/TRX  Regular/Club/Quad/Crew 5.6-8 无可用尺码
1801,1,OK,35,无可用尺码,皮卡,Ram,1500,2011,,,Crew,6.4,无可用尺码,35: Ram 1500 1994-2026 Incl: RHO/TRX  Regular/Club/Quad/Crew 5.6-8 无可用尺码
1802,1,OK,35,无可用尺码,皮卡,Ram,1500,2011,,,Quad,6.4,无可用尺码,35: Ram 1500 1994-2026 Incl: RHO/TRX  Regular/Club/Quad/Crew 5.6-8 无可用尺码
1803,1,OK,35,无可用尺码,皮卡,Ram,1500,2011,,,Regular,6.4,无可用尺码,35: Ram 1500 1994-2026 Incl: RHO/TRX  Regular/Club/Quad/Crew 5.6-8 无可用尺码
1804,1,OK,35,无可用尺码,皮卡,Ram,1500,2011,,,Regular,8,无可用尺码,35: Ram 1500 1994-2026 Incl: RHO/TRX  Regular/Club/Quad/Crew 5.6-8 无可用尺码
1805,1,OK,35,无可用尺码,皮卡,Ram,1500,2012,,,Crew,5.6,无可用尺码,35: Ram 1500 1994-2026 Incl: RHO/TRX  Regular/Club/Quad/Crew 5.6-8 无可用尺码
1806,1,OK,35,无可用尺码,皮卡,Ram,1500,2012,,,Crew,6.4,无可用尺码,35: Ram 1500 1994-2026 Incl: RHO/TRX  Regular/Club/Quad/Crew 5.6-8 无可用尺码
1807,1,OK,35,无可用尺码,皮卡,Ram,1500,2012,,,Quad,6.4,无可用尺码,35: Ram 1500 1994-2026 Incl: RHO/TRX  Regular/Club/Quad/Crew 5.6-8 无可用尺码
1808,1,OK,35,无可用尺码,皮卡,Ram,1500,2012,,,Regular,6.4,无可用尺码,35: Ram 1500 1994-2026 Incl: RHO/TRX  Regular/Club/Quad/Crew 5.6-8 无可用尺码
1809,1,OK,35,无可用尺码,皮卡,Ram,1500,2012,,,Regular,8,无可用尺码,35: Ram 1500 1994-2026 Incl: RHO/TRX  Regular/Club/Quad/Crew 5.6-8 无可用尺码
1810,1,OK,35,无可用尺码,皮卡,Ram,1500,2013,,,Crew,6.4,无可用尺码,35: Ram 1500 1994-2026 Incl: RHO/TRX  Regular/Club/Quad/Crew 5.6-8 无可用尺码
1811,1,OK,35,无可用尺码,皮卡,Ram,1500,2013,,,Quad,6.4,无可用尺码,35: Ram 1500 1994-2026 Incl: RHO/TRX  Regular/Club/Quad/Crew 5.6-8 无可用尺码
1812,1,OK,35,无可用尺码,皮卡,Ram,1500,2013,,,Regular,6.4,无可用尺码,35: Ram 1500 1994-2026 Incl: RHO/TRX  Regular/Club/Quad/Crew 5.6-8 无可用尺码
1813,1,OK,35,无可用尺码,皮卡,Ram,1500,2013,,,Regular,8,无可用尺码,35: Ram 1500 1994-2026 Incl: RHO/TRX  Regular/Club/Quad/Crew 5.6-8 无可用尺码
1814,1,OK,35,无可用尺码,皮卡,Ram,1500,2014,,,Crew,5.6,无可用尺码,35: Ram 1500 1994-2026 Incl: RHO/TRX  Regular/Club/Quad/Crew 5.6-8 无可用尺码
1815,1,OK,35,无可用尺码,皮卡,Ram,1500,2014,,,Crew,6.4,无可用尺码,35: Ram 1500 1994-2026 Incl: RHO/TRX  Regular/Club/Quad/Crew 5.6-8 无可用尺码
1816,1,OK,35,无可用尺码,皮卡,Ram,1500,2014,,,Quad,6.4,无可用尺码,35: Ram 1500 1994-2026 Incl: RHO/TRX  Regular/Club/Quad/Crew 5.6-8 无可用尺码
1817,1,OK,35,无可用尺码,皮卡,Ram,1500,2014,,,Regular,6.4,无可用尺码,35: Ram 1500 1994-2026 Incl: RHO/TRX  Regular/Club/Quad/Crew 5.6-8 无可用尺码
1818,1,OK,35,无可用尺码,皮卡,Ram,1500,2014,,,Regular,8,无可用尺码,35: Ram 1500 1994-2026 Incl: RHO/TRX  Regular/Club/Quad/Crew 5.6-8 无可用尺码
1819,1,OK,35,无可用尺码,皮卡,Ram,1500,2015,,,Crew,5.6,无可用尺码,35: Ram 1500 1994-2026 Incl: RHO/TRX  Regular/Club/Quad/Crew 5.6-8 无可用尺码
1820,1,OK,35,无可用尺码,皮卡,Ram,1500,2015,,,Crew,6.4,无可用尺码,35: Ram 1500 1994-2026 Incl: RHO/TRX  Regular/Club/Quad/Crew 5.6-8 无可用尺码
1821,1,OK,35,无可用尺码,皮卡,Ram,1500,2015,,,Quad,6.4,无可用尺码,35: Ram 1500 1994-2026 Incl: RHO/TRX  Regular/Club/Quad/Crew 5.6-8 无可用尺码
1822,1,OK,35,无可用尺码,皮卡,Ram,1500,2015,,,Regular,6.4,无可用尺码,35: Ram 1500 1994-2026 Incl: RHO/TRX  Regular/Club/Quad/Crew 5.6-8 无可用尺码
1823,1,OK,35,无可用尺码,皮卡,Ram,1500,2015,,,Regular,8,无可用尺码,35: Ram 1500 1994-2026 Incl: RHO/TRX  Regular/Club/Quad/Crew 5.6-8 无可用尺码
1824,1,OK,35,无可用尺码,皮卡,Ram,1500,2016,,,Crew,5.6,无可用尺码,35: Ram 1500 1994-2026 Incl: RHO/TRX  Regular/Club/Quad/Crew 5.6-8 无可用尺码
1825,1,OK,35,无可用尺码,皮卡,Ram,1500,2016,,,Crew,6.4,无可用尺码,35: Ram 1500 1994-2026 Incl: RHO/TRX  Regular/Club/Quad/Crew 5.6-8 无可用尺码
1826,1,OK,35,无可用尺码,皮卡,Ram,1500,2016,,,Quad,6.4,无可用尺码,35: Ram 1500 1994-2026 Incl: RHO/TRX  Regular/Club/Quad/Crew 5.6-8 无可用尺码
1827,1,OK,35,无可用尺码,皮卡,Ram,1500,2016,,,Regular,6.4,无可用尺码,35: Ram 1500 1994-2026 Incl: RHO/TRX  Regular/Club/Quad/Crew 5.6-8 无可用尺码
1828,1,OK,35,无可用尺码,皮卡,Ram,1500,2016,,,Regular,8,无可用尺码,35: Ram 1500 1994-2026 Incl: RHO/TRX  Regular/Club/Quad/Crew 5.6-8 无可用尺码
1829,1,OK,35,无可用尺码,皮卡,Ram,1500,2017,,,Crew,5.6,无可用尺码,35: Ram 1500 1994-2026 Incl: RHO/TRX  Regular/Club/Quad/Crew 5.6-8 无可用尺码
1830,1,OK,35,无可用尺码,皮卡,Ram,1500,2017,,,Crew,6.4,无可用尺码,35: Ram 1500 1994-2026 Incl: RHO/TRX  Regular/Club/Quad/Crew 5.6-8 无可用尺码
1831,1,OK,35,无可用尺码,皮卡,Ram,1500,2017,,,Quad,6.4,无可用尺码,35: Ram 1500 1994-2026 Incl: RHO/TRX  Regular/Club/Quad/Crew 5.6-8 无可用尺码
1832,1,OK,35,无可用尺码,皮卡,Ram,1500,2017,,,Regular,6.4,无可用尺码,35: Ram 1500 1994-2026 Incl: RHO/TRX  Regular/Club/Quad/Crew 5.6-8 无可用尺码
1833,1,OK,35,无可用尺码,皮卡,Ram,1500,2017,,,Regular,8,无可用尺码,35: Ram 1500 1994-2026 Incl: RHO/TRX  Regular/Club/Quad/Crew 5.6-8 无可用尺码
1834,1,OK,35,无可用尺码,皮卡,Ram,1500,2018,,,Crew,5.6,无可用尺码,35: Ram 1500 1994-2026 Incl: RHO/TRX  Regular/Club/Quad/Crew 5.6-8 无可用尺码
1835,1,OK,35,无可用尺码,皮卡,Ram,1500,2018,,,Crew,6.4,无可用尺码,35: Ram 1500 1994-2026 Incl: RHO/TRX  Regular/Club/Quad/Crew 5.6-8 无可用尺码
1836,1,OK,35,无可用尺码,皮卡,Ram,1500,2018,,,Quad,6.4,无可用尺码,35: Ram 1500 1994-2026 Incl: RHO/TRX  Regular/Club/Quad/Crew 5.6-8 无可用尺码
1837,1,OK,35,无可用尺码,皮卡,Ram,1500,2018,,,Regular,6.4,无可用尺码,35: Ram 1500 1994-2026 Incl: RHO/TRX  Regular/Club/Quad/Crew 5.6-8 无可用尺码
1838,1,OK,35,无可用尺码,皮卡,Ram,1500,2018,,,Regular,8,无可用尺码,35: Ram 1500 1994-2026 Incl: RHO/TRX  Regular/Club/Quad/Crew 5.6-8 无可用尺码
1839,1,OK,35,无可用尺码,皮卡,Ram,1500,2019,,,Crew,5.6,无可用尺码,35: Ram 1500 1994-2026 Incl: RHO/TRX  Regular/Club/Quad/Crew 5.6-8 无可用尺码
1840,1,OK,35,无可用尺码,皮卡,Ram,1500,2019,,,Crew,6.4,无可用尺码,35: Ram 1500 1994-2026 Incl: RHO/TRX  Regular/Club/Quad/Crew 5.6-8 无可用尺码
1841,1,OK,35,无可用尺码,皮卡,Ram,1500,2019,,,Quad,6.4,无可用尺码,35: Ram 1500 1994-2026 Incl: RHO/TRX  Regular/Club/Quad/Crew 5.6-8 无可用尺码
1842,1,OK,35,无可用尺码,皮卡,Ram,1500,2020,,,Crew,5.6,无可用尺码,35: Ram 1500 1994-2026 Incl: RHO/TRX  Regular/Club/Quad/Crew 5.6-8 无可用尺码
1843,1,OK,35,无可用尺码,皮卡,Ram,1500,2020,,,Crew,6.4,无可用尺码,35: Ram 1500 1994-2026 Incl: RHO/TRX  Regular/Club/Quad/Crew 5.6-8 无可用尺码
1844,1,OK,35,无可用尺码,皮卡,Ram,1500,2020,,,Quad,6.4,无可用尺码,35: Ram 1500 1994-2026 Incl: RHO/TRX  Regular/Club/Quad/Crew 5.6-8 无可用尺码
1845,1,OK,35,无可用尺码,皮卡,Ram,1500,2021,,,Crew,5.6,无可用尺码,35: Ram 1500 1994-2026 Incl: RHO/TRX  Regular/Club/Quad/Crew 5.6-8 无可用尺码
1846,1,OK,35,无可用尺码,皮卡,Ram,1500,2021,TRX,,Crew,5.6,无可用尺码,35: Ram 1500 1994-2026 Incl: RHO/TRX  Regular/Club/Quad/Crew 5.6-8 无可用尺码
1847,1,OK,35,无可用尺码,皮卡,Ram,1500,2021,,,Crew,6.4,无可用尺码,35: Ram 1500 1994-2026 Incl: RHO/TRX  Regular/Club/Quad/Crew 5.6-8 无可用尺码
1848,1,OK,35,无可用尺码,皮卡,Ram,1500,2021,,,Quad,6.4,无可用尺码,35: Ram 1500 1994-2026 Incl: RHO/TRX  Regular/Club/Quad/Crew 5.6-8 无可用尺码
1849,1,OK,35,无可用尺码,皮卡,Ram,1500,2022,,,Crew,5.6,无可用尺码,35: Ram 1500 1994-2026 Incl: RHO/TRX  Regular/Club/Quad/Crew 5.6-8 无可用尺码
1850,1,OK,35,无可用尺码,皮卡,Ram,1500,2022,TRX,,Crew,5.6,无可用尺码,35: Ram 1500 1994-2026 Incl: RHO/TRX  Regular/Club/Quad/Crew 5.6-8 无可用尺码
1851,1,OK,35,无可用尺码,皮卡,Ram,1500,2022,,,Crew,6.4,无可用尺码,35: Ram 1500 1994-2026 Incl: RHO/TRX  Regular/Club/Quad/Crew 5.6-8 无可用尺码
1852,1,OK,35,无可用尺码,皮卡,Ram,1500,2022,,,Quad,6.4,无可用尺码,35: Ram 1500 1994-2026 Incl: RHO/TRX  Regular/Club/Quad/Crew 5.6-8 无可用尺码
1853,1,OK,35,无可用尺码,皮卡,Ram,1500,2023,,,Crew,5.6,无可用尺码,35: Ram 1500 1994-2026 Incl: RHO/TRX  Regular/Club/Quad/Crew 5.6-8 无可用尺码
1854,1,OK,35,无可用尺码,皮卡,Ram,1500,2023,TRX,,Crew,5.6,无可用尺码,35: Ram 1500 1994-2026 Incl: RHO/TRX  Regular/Club/Quad/Crew 5.6-8 无可用尺码
1855,1,OK,35,无可用尺码,皮卡,Ram,1500,2023,,,Crew,6.4,无可用尺码,35: Ram 1500 1994-2026 Incl: RHO/TRX  Regular/Club/Quad/Crew 5.6-8 无可用尺码
1856,1,OK,35,无可用尺码,皮卡,Ram,1500,2023,,,Quad,6.4,无可用尺码,35: Ram 1500 1994-2026 Incl: RHO/TRX  Regular/Club/Quad/Crew 5.6-8 无可用尺码
1857,1,OK,35,无可用尺码,皮卡,Ram,1500,2024,,,Crew,5.6,无可用尺码,35: Ram 1500 1994-2026 Incl: RHO/TRX  Regular/Club/Quad/Crew 5.6-8 无可用尺码
1858,1,OK,35,无可用尺码,皮卡,Ram,1500,2024,TRX,,Crew,5.6,无可用尺码,35: Ram 1500 1994-2026 Incl: RHO/TRX  Regular/Club/Quad/Crew 5.6-8 无可用尺码
1859,1,OK,35,无可用尺码,皮卡,Ram,1500,2024,,,Crew,6.4,无可用尺码,35: Ram 1500 1994-2026 Incl: RHO/TRX  Regular/Club/Quad/Crew 5.6-8 无可用尺码
1860,1,OK,35,无可用尺码,皮卡,Ram,1500,2024,,,Quad,6.4,无可用尺码,35: Ram 1500 1994-2026 Incl: RHO/TRX  Regular/Club/Quad/Crew 5.6-8 无可用尺码
1861,1,OK,35,无可用尺码,皮卡,Ram,1500,2025,,,Crew,5.6,无可用尺码,35: Ram 1500 1994-2026 Incl: RHO/TRX  Regular/Club/Quad/Crew 5.6-8 无可用尺码
1862,1,OK,35,无可用尺码,皮卡,Ram,1500,2025,RHO,,Crew,5.6,无可用尺码,35: Ram 1500 1994-2026 Incl: RHO/TRX  Regular/Club/Quad/Crew 5.6-8 无可用尺码
1863,1,OK,35,无可用尺码,皮卡,Ram,1500,2025,,,Crew,6.4,无可用尺码,35: Ram 1500 1994-2026 Incl: RHO/TRX  Regular/Club/Quad/Crew 5.6-8 无可用尺码
1864,1,OK,35,无可用尺码,皮卡,Ram,1500,2025,,,Quad,6.4,无可用尺码,35: Ram 1500 1994-2026 Incl: RHO/TRX  Regular/Club/Quad/Crew 5.6-8 无可用尺码
1865,1,OK,35,无可用尺码,皮卡,Ram,1500,2026,,,Crew,5.6,无可用尺码,35: Ram 1500 1994-2026 Incl: RHO/TRX  Regular/Club/Quad/Crew 5.6-8 无可用尺码
1866,1,OK,35,无可用尺码,皮卡,Ram,1500,2026,RHO,,Crew,5.6,无可用尺码,35: Ram 1500 1994-2026 Incl: RHO/TRX  Regular/Club/Quad/Crew 5.6-8 无可用尺码
1867,1,OK,35,无可用尺码,皮卡,Ram,1500,2026,,,Crew,6.4,无可用尺码,35: Ram 1500 1994-2026 Incl: RHO/TRX  Regular/Club/Quad/Crew 5.6-8 无可用尺码
1868,1,OK,35,无可用尺码,皮卡,Ram,1500,2026,,,Quad,6.4,无可用尺码,35: Ram 1500 1994-2026 Incl: RHO/TRX  Regular/Club/Quad/Crew 5.6-8 无可用尺码
1869,1,OK,37,无可用尺码,皮卡,Ram,1500 Classic,2019,,,Crew,5.6,无可用尺码,37: Ram 1500 Classic 2019-2023   Crew 5.6 无可用尺码
1870,1,OK,37,无可用尺码,皮卡,Ram,1500 Classic,2020,,,Crew,5.6,无可用尺码,37: Ram 1500 Classic 2019-2023   Crew 5.6 无可用尺码
1871,1,OK,37,无可用尺码,皮卡,Ram,1500 Classic,2021,,,Crew,5.6,无可用尺码,37: Ram 1500 Classic 2019-2023   Crew 5.6 无可用尺码
1872,1,OK,37,无可用尺码,皮卡,Ram,1500 Classic,2022,,,Crew,5.6,无可用尺码,37: Ram 1500 Classic 2019-2023   Crew 5.6 无可用尺码
1873,1,OK,37,无可用尺码,皮卡,Ram,1500 Classic,2023,,,Crew,5.6,无可用尺码,37: Ram 1500 Classic 2019-2023   Crew 5.6 无可用尺码
1874,1,OK,36,无可用尺码,皮卡,Ram,2500/3500,1994,,,Crew,6.4,无可用尺码,36: Ram 2500/3500 1994-2026   Crew/Mega/Quad/Regular 6.4-8 无可用尺码
1875,1,OK,36,无可用尺码,皮卡,Ram,2500/3500,1994,,,Quad,8,无可用尺码,36: Ram 2500/3500 1994-2026   Crew/Mega/Quad/Regular 6.4-8 无可用尺码
1876,1,OK,36,无可用尺码,皮卡,Ram,2500/3500,1994,,,Regular,8,无可用尺码,36: Ram 2500/3500 1994-2026   Crew/Mega/Quad/Regular 6.4-8 无可用尺码
1877,1,OK,36,无可用尺码,皮卡,Ram,2500/3500,1995,,,Crew,6.4,无可用尺码,36: Ram 2500/3500 1994-2026   Crew/Mega/Quad/Regular 6.4-8 无可用尺码
1878,1,OK,36,无可用尺码,皮卡,Ram,2500/3500,1995,,,Quad,8,无可用尺码,36: Ram 2500/3500 1994-2026   Crew/Mega/Quad/Regular 6.4-8 无可用尺码
1879,1,OK,36,无可用尺码,皮卡,Ram,2500/3500,1995,,,Regular,8,无可用尺码,36: Ram 2500/3500 1994-2026   Crew/Mega/Quad/Regular 6.4-8 无可用尺码
1880,1,OK,36,无可用尺码,皮卡,Ram,2500/3500,1996,,,Crew,6.4,无可用尺码,36: Ram 2500/3500 1994-2026   Crew/Mega/Quad/Regular 6.4-8 无可用尺码
1881,1,OK,36,无可用尺码,皮卡,Ram,2500/3500,1996,,,Quad,8,无可用尺码,36: Ram 2500/3500 1994-2026   Crew/Mega/Quad/Regular 6.4-8 无可用尺码
1882,1,OK,36,无可用尺码,皮卡,Ram,2500/3500,1996,,,Regular,8,无可用尺码,36: Ram 2500/3500 1994-2026   Crew/Mega/Quad/Regular 6.4-8 无可用尺码
1883,1,OK,36,无可用尺码,皮卡,Ram,2500/3500,1997,,,Crew,6.4,无可用尺码,36: Ram 2500/3500 1994-2026   Crew/Mega/Quad/Regular 6.4-8 无可用尺码
1884,1,OK,36,无可用尺码,皮卡,Ram,2500/3500,1997,,,Quad,8,无可用尺码,36: Ram 2500/3500 1994-2026   Crew/Mega/Quad/Regular 6.4-8 无可用尺码
1885,1,OK,36,无可用尺码,皮卡,Ram,2500/3500,1997,,,Regular,8,无可用尺码,36: Ram 2500/3500 1994-2026   Crew/Mega/Quad/Regular 6.4-8 无可用尺码
1886,1,OK,36,无可用尺码,皮卡,Ram,2500/3500,1998,,,Crew,6.4,无可用尺码,36: Ram 2500/3500 1994-2026   Crew/Mega/Quad/Regular 6.4-8 无可用尺码
1887,1,OK,36,无可用尺码,皮卡,Ram,2500/3500,1998,,,Quad,8,无可用尺码,36: Ram 2500/3500 1994-2026   Crew/Mega/Quad/Regular 6.4-8 无可用尺码
1888,1,OK,36,无可用尺码,皮卡,Ram,2500/3500,1998,,,Regular,8,无可用尺码,36: Ram 2500/3500 1994-2026   Crew/Mega/Quad/Regular 6.4-8 无可用尺码
1889,1,OK,36,无可用尺码,皮卡,Ram,2500/3500,1999,,,Crew,6.4,无可用尺码,36: Ram 2500/3500 1994-2026   Crew/Mega/Quad/Regular 6.4-8 无可用尺码
1890,1,OK,36,无可用尺码,皮卡,Ram,2500/3500,1999,,,Quad,8,无可用尺码,36: Ram 2500/3500 1994-2026   Crew/Mega/Quad/Regular 6.4-8 无可用尺码
1891,1,OK,36,无可用尺码,皮卡,Ram,2500/3500,1999,,,Regular,8,无可用尺码,36: Ram 2500/3500 1994-2026   Crew/Mega/Quad/Regular 6.4-8 无可用尺码
1892,1,OK,36,无可用尺码,皮卡,Ram,2500/3500,2000,,,Crew,6.4,无可用尺码,36: Ram 2500/3500 1994-2026   Crew/Mega/Quad/Regular 6.4-8 无可用尺码
1893,1,OK,36,无可用尺码,皮卡,Ram,2500/3500,2000,,,Quad,8,无可用尺码,36: Ram 2500/3500 1994-2026   Crew/Mega/Quad/Regular 6.4-8 无可用尺码
1894,1,OK,36,无可用尺码,皮卡,Ram,2500/3500,2000,,,Regular,8,无可用尺码,36: Ram 2500/3500 1994-2026   Crew/Mega/Quad/Regular 6.4-8 无可用尺码
1895,1,OK,36,无可用尺码,皮卡,Ram,2500/3500,2001,,,Crew,6.4,无可用尺码,36: Ram 2500/3500 1994-2026   Crew/Mega/Quad/Regular 6.4-8 无可用尺码
1896,1,OK,36,无可用尺码,皮卡,Ram,2500/3500,2001,,,Quad,8,无可用尺码,36: Ram 2500/3500 1994-2026   Crew/Mega/Quad/Regular 6.4-8 无可用尺码
1897,1,OK,36,无可用尺码,皮卡,Ram,2500/3500,2001,,,Regular,8,无可用尺码,36: Ram 2500/3500 1994-2026   Crew/Mega/Quad/Regular 6.4-8 无可用尺码
1898,1,OK,36,无可用尺码,皮卡,Ram,2500/3500,2002,,,Crew,6.4,无可用尺码,36: Ram 2500/3500 1994-2026   Crew/Mega/Quad/Regular 6.4-8 无可用尺码
1899,1,OK,36,无可用尺码,皮卡,Ram,2500/3500,2002,,,Quad,8,无可用尺码,36: Ram 2500/3500 1994-2026   Crew/Mega/Quad/Regular 6.4-8 无可用尺码
1900,1,OK,36,无可用尺码,皮卡,Ram,2500/3500,2002,,,Regular,8,无可用尺码,36: Ram 2500/3500 1994-2026   Crew/Mega/Quad/Regular 6.4-8 无可用尺码
1901,1,OK,36,无可用尺码,皮卡,Ram,2500/3500,2003,,,Crew,6.4,无可用尺码,36: Ram 2500/3500 1994-2026   Crew/Mega/Quad/Regular 6.4-8 无可用尺码
1902,1,OK,36,无可用尺码,皮卡,Ram,2500/3500,2003,,,Quad,8,无可用尺码,36: Ram 2500/3500 1994-2026   Crew/Mega/Quad/Regular 6.4-8 无可用尺码
1903,1,OK,36,无可用尺码,皮卡,Ram,2500/3500,2003,,,Regular,8,无可用尺码,36: Ram 2500/3500 1994-2026   Crew/Mega/Quad/Regular 6.4-8 无可用尺码
1904,1,OK,36,无可用尺码,皮卡,Ram,2500/3500,2004,,,Crew,6.4,无可用尺码,36: Ram 2500/3500 1994-2026   Crew/Mega/Quad/Regular 6.4-8 无可用尺码
1905,1,OK,36,无可用尺码,皮卡,Ram,2500/3500,2004,,,Quad,8,无可用尺码,36: Ram 2500/3500 1994-2026   Crew/Mega/Quad/Regular 6.4-8 无可用尺码
1906,1,OK,36,无可用尺码,皮卡,Ram,2500/3500,2004,,,Regular,8,无可用尺码,36: Ram 2500/3500 1994-2026   Crew/Mega/Quad/Regular 6.4-8 无可用尺码
1907,1,OK,36,无可用尺码,皮卡,Ram,2500/3500,2005,,,Crew,6.4,无可用尺码,36: Ram 2500/3500 1994-2026   Crew/Mega/Quad/Regular 6.4-8 无可用尺码
1908,1,OK,36,无可用尺码,皮卡,Ram,2500/3500,2005,,,Quad,8,无可用尺码,36: Ram 2500/3500 1994-2026   Crew/Mega/Quad/Regular 6.4-8 无可用尺码
1909,1,OK,36,无可用尺码,皮卡,Ram,2500/3500,2005,,,Regular,8,无可用尺码,36: Ram 2500/3500 1994-2026   Crew/Mega/Quad/Regular 6.4-8 无可用尺码
1910,1,OK,36,无可用尺码,皮卡,Ram,2500/3500,2006,,,Crew,6.4,无可用尺码,36: Ram 2500/3500 1994-2026   Crew/Mega/Quad/Regular 6.4-8 无可用尺码
1911,1,OK,36,无可用尺码,皮卡,Ram,2500/3500,2006,,,Mega,6.4,无可用尺码,36: Ram 2500/3500 1994-2026   Crew/Mega/Quad/Regular 6.4-8 无可用尺码
1912,1,OK,36,无可用尺码,皮卡,Ram,2500/3500,2006,,,Quad,8,无可用尺码,36: Ram 2500/3500 1994-2026   Crew/Mega/Quad/Regular 6.4-8 无可用尺码
1913,1,OK,36,无可用尺码,皮卡,Ram,2500/3500,2006,,,Regular,8,无可用尺码,36: Ram 2500/3500 1994-2026   Crew/Mega/Quad/Regular 6.4-8 无可用尺码
1914,1,OK,36,无可用尺码,皮卡,Ram,2500/3500,2007,,,Crew,6.4,无可用尺码,36: Ram 2500/3500 1994-2026   Crew/Mega/Quad/Regular 6.4-8 无可用尺码
1915,1,OK,36,无可用尺码,皮卡,Ram,2500/3500,2007,,,Mega,6.4,无可用尺码,36: Ram 2500/3500 1994-2026   Crew/Mega/Quad/Regular 6.4-8 无可用尺码
1916,1,OK,36,无可用尺码,皮卡,Ram,2500/3500,2007,,,Quad,8,无可用尺码,36: Ram 2500/3500 1994-2026   Crew/Mega/Quad/Regular 6.4-8 无可用尺码
1917,1,OK,36,无可用尺码,皮卡,Ram,2500/3500,2007,,,Regular,8,无可用尺码,36: Ram 2500/3500 1994-2026   Crew/Mega/Quad/Regular 6.4-8 无可用尺码
1918,1,OK,36,无可用尺码,皮卡,Ram,2500/3500,2008,,,Crew,6.4,无可用尺码,36: Ram 2500/3500 1994-2026   Crew/Mega/Quad/Regular 6.4-8 无可用尺码
1919,1,OK,36,无可用尺码,皮卡,Ram,2500/3500,2008,,,Mega,6.4,无可用尺码,36: Ram 2500/3500 1994-2026   Crew/Mega/Quad/Regular 6.4-8 无可用尺码
1920,1,OK,36,无可用尺码,皮卡,Ram,2500/3500,2008,,,Quad,8,无可用尺码,36: Ram 2500/3500 1994-2026   Crew/Mega/Quad/Regular 6.4-8 无可用尺码
1921,1,OK,36,无可用尺码,皮卡,Ram,2500/3500,2008,,,Regular,8,无可用尺码,36: Ram 2500/3500 1994-2026   Crew/Mega/Quad/Regular 6.4-8 无可用尺码
1922,1,OK,36,无可用尺码,皮卡,Ram,2500/3500,2009,,,Crew,6.4,无可用尺码,36: Ram 2500/3500 1994-2026   Crew/Mega/Quad/Regular 6.4-8 无可用尺码
1923,1,OK,36,无可用尺码,皮卡,Ram,2500/3500,2009,,,Mega,6.4,无可用尺码,36: Ram 2500/3500 1994-2026   Crew/Mega/Quad/Regular 6.4-8 无可用尺码
1924,1,OK,36,无可用尺码,皮卡,Ram,2500/3500,2009,,,Quad,8,无可用尺码,36: Ram 2500/3500 1994-2026   Crew/Mega/Quad/Regular 6.4-8 无可用尺码
1925,1,OK,36,无可用尺码,皮卡,Ram,2500/3500,2009,,,Regular,8,无可用尺码,36: Ram 2500/3500 1994-2026   Crew/Mega/Quad/Regular 6.4-8 无可用尺码
1926,1,OK,36,无可用尺码,皮卡,Ram,2500/3500,2010,,,Crew,6.4,无可用尺码,36: Ram 2500/3500 1994-2026   Crew/Mega/Quad/Regular 6.4-8 无可用尺码
1927,1,OK,36,无可用尺码,皮卡,Ram,2500/3500,2010,,,Crew,8,无可用尺码,36: Ram 2500/3500 1994-2026   Crew/Mega/Quad/Regular 6.4-8 无可用尺码
1928,1,OK,36,无可用尺码,皮卡,Ram,2500/3500,2010,,,Mega,6.4,无可用尺码,36: Ram 2500/3500 1994-2026   Crew/Mega/Quad/Regular 6.4-8 无可用尺码
1929,1,OK,36,无可用尺码,皮卡,Ram,2500/3500,2010,,,Regular,8,无可用尺码,36: Ram 2500/3500 1994-2026   Crew/Mega/Quad/Regular 6.4-8 无可用尺码
1930,1,OK,36,无可用尺码,皮卡,Ram,2500/3500,2011,,,Crew,6.4,无可用尺码,36: Ram 2500/3500 1994-2026   Crew/Mega/Quad/Regular 6.4-8 无可用尺码
1931,1,OK,36,无可用尺码,皮卡,Ram,2500/3500,2011,,,Crew,8,无可用尺码,36: Ram 2500/3500 1994-2026   Crew/Mega/Quad/Regular 6.4-8 无可用尺码
1932,1,OK,36,无可用尺码,皮卡,Ram,2500/3500,2011,,,Mega,6.4,无可用尺码,36: Ram 2500/3500 1994-2026   Crew/Mega/Quad/Regular 6.4-8 无可用尺码
1933,1,OK,36,无可用尺码,皮卡,Ram,2500/3500,2011,,,Regular,8,无可用尺码,36: Ram 2500/3500 1994-2026   Crew/Mega/Quad/Regular 6.4-8 无可用尺码
1934,1,OK,36,无可用尺码,皮卡,Ram,2500/3500,2012,,,Crew,6.4,无可用尺码,36: Ram 2500/3500 1994-2026   Crew/Mega/Quad/Regular 6.4-8 无可用尺码
1935,1,OK,36,无可用尺码,皮卡,Ram,2500/3500,2012,,,Crew,8,无可用尺码,36: Ram 2500/3500 1994-2026   Crew/Mega/Quad/Regular 6.4-8 无可用尺码
1936,1,OK,36,无可用尺码,皮卡,Ram,2500/3500,2012,,,Mega,6.4,无可用尺码,36: Ram 2500/3500 1994-2026   Crew/Mega/Quad/Regular 6.4-8 无可用尺码
1937,1,OK,36,无可用尺码,皮卡,Ram,2500/3500,2012,,,Regular,8,无可用尺码,36: Ram 2500/3500 1994-2026   Crew/Mega/Quad/Regular 6.4-8 无可用尺码
1938,1,OK,36,无可用尺码,皮卡,Ram,2500/3500,2013,,,Crew,6.4,无可用尺码,36: Ram 2500/3500 1994-2026   Crew/Mega/Quad/Regular 6.4-8 无可用尺码
1939,1,OK,36,无可用尺码,皮卡,Ram,2500/3500,2013,,,Crew,8,无可用尺码,36: Ram 2500/3500 1994-2026   Crew/Mega/Quad/Regular 6.4-8 无可用尺码
1940,1,OK,36,无可用尺码,皮卡,Ram,2500/3500,2013,,,Mega,6.4,无可用尺码,36: Ram 2500/3500 1994-2026   Crew/Mega/Quad/Regular 6.4-8 无可用尺码
1941,1,OK,36,无可用尺码,皮卡,Ram,2500/3500,2013,,,Regular,8,无可用尺码,36: Ram 2500/3500 1994-2026   Crew/Mega/Quad/Regular 6.4-8 无可用尺码
1942,1,OK,36,无可用尺码,皮卡,Ram,2500/3500,2014,,,Crew,6.4,无可用尺码,36: Ram 2500/3500 1994-2026   Crew/Mega/Quad/Regular 6.4-8 无可用尺码
1943,1,OK,36,无可用尺码,皮卡,Ram,2500/3500,2014,,,Crew,8,无可用尺码,36: Ram 2500/3500 1994-2026   Crew/Mega/Quad/Regular 6.4-8 无可用尺码
1944,1,OK,36,无可用尺码,皮卡,Ram,2500/3500,2014,,,Mega,6.4,无可用尺码,36: Ram 2500/3500 1994-2026   Crew/Mega/Quad/Regular 6.4-8 无可用尺码
1945,1,OK,36,无可用尺码,皮卡,Ram,2500/3500,2014,,,Regular,8,无可用尺码,36: Ram 2500/3500 1994-2026   Crew/Mega/Quad/Regular 6.4-8 无可用尺码
1946,1,OK,36,无可用尺码,皮卡,Ram,2500/3500,2015,,,Crew,6.4,无可用尺码,36: Ram 2500/3500 1994-2026   Crew/Mega/Quad/Regular 6.4-8 无可用尺码
1947,1,OK,36,无可用尺码,皮卡,Ram,2500/3500,2015,,,Crew,8,无可用尺码,36: Ram 2500/3500 1994-2026   Crew/Mega/Quad/Regular 6.4-8 无可用尺码
1948,1,OK,36,无可用尺码,皮卡,Ram,2500/3500,2015,,,Mega,6.4,无可用尺码,36: Ram 2500/3500 1994-2026   Crew/Mega/Quad/Regular 6.4-8 无可用尺码
1949,1,OK,36,无可用尺码,皮卡,Ram,2500/3500,2015,,,Regular,8,无可用尺码,36: Ram 2500/3500 1994-2026   Crew/Mega/Quad/Regular 6.4-8 无可用尺码
1950,1,OK,36,无可用尺码,皮卡,Ram,2500/3500,2016,,,Crew,6.4,无可用尺码,36: Ram 2500/3500 1994-2026   Crew/Mega/Quad/Regular 6.4-8 无可用尺码
1951,1,OK,36,无可用尺码,皮卡,Ram,2500/3500,2016,,,Crew,8,无可用尺码,36: Ram 2500/3500 1994-2026   Crew/Mega/Quad/Regular 6.4-8 无可用尺码
1952,1,OK,36,无可用尺码,皮卡,Ram,2500/3500,2016,,,Mega,6.4,无可用尺码,36: Ram 2500/3500 1994-2026   Crew/Mega/Quad/Regular 6.4-8 无可用尺码
1953,1,OK,36,无可用尺码,皮卡,Ram,2500/3500,2016,,,Regular,8,无可用尺码,36: Ram 2500/3500 1994-2026   Crew/Mega/Quad/Regular 6.4-8 无可用尺码
1954,1,OK,36,无可用尺码,皮卡,Ram,2500/3500,2017,,,Crew,6.4,无可用尺码,36: Ram 2500/3500 1994-2026   Crew/Mega/Quad/Regular 6.4-8 无可用尺码
1955,1,OK,36,无可用尺码,皮卡,Ram,2500/3500,2017,,,Crew,8,无可用尺码,36: Ram 2500/3500 1994-2026   Crew/Mega/Quad/Regular 6.4-8 无可用尺码
1956,1,OK,36,无可用尺码,皮卡,Ram,2500/3500,2017,,,Mega,6.4,无可用尺码,36: Ram 2500/3500 1994-2026   Crew/Mega/Quad/Regular 6.4-8 无可用尺码
1957,1,OK,36,无可用尺码,皮卡,Ram,2500/3500,2017,,,Regular,8,无可用尺码,36: Ram 2500/3500 1994-2026   Crew/Mega/Quad/Regular 6.4-8 无可用尺码
1958,1,OK,36,无可用尺码,皮卡,Ram,2500/3500,2018,,,Crew,6.4,无可用尺码,36: Ram 2500/3500 1994-2026   Crew/Mega/Quad/Regular 6.4-8 无可用尺码
1959,1,OK,36,无可用尺码,皮卡,Ram,2500/3500,2018,,,Crew,8,无可用尺码,36: Ram 2500/3500 1994-2026   Crew/Mega/Quad/Regular 6.4-8 无可用尺码
1960,1,OK,36,无可用尺码,皮卡,Ram,2500/3500,2018,,,Mega,6.4,无可用尺码,36: Ram 2500/3500 1994-2026   Crew/Mega/Quad/Regular 6.4-8 无可用尺码
1961,1,OK,36,无可用尺码,皮卡,Ram,2500/3500,2018,,,Regular,8,无可用尺码,36: Ram 2500/3500 1994-2026   Crew/Mega/Quad/Regular 6.4-8 无可用尺码
1962,1,OK,36,无可用尺码,皮卡,Ram,2500/3500,2019,,,Crew,6.4,无可用尺码,36: Ram 2500/3500 1994-2026   Crew/Mega/Quad/Regular 6.4-8 无可用尺码
1963,1,OK,36,无可用尺码,皮卡,Ram,2500/3500,2019,,,Crew,8,无可用尺码,36: Ram 2500/3500 1994-2026   Crew/Mega/Quad/Regular 6.4-8 无可用尺码
1964,1,OK,36,无可用尺码,皮卡,Ram,2500/3500,2019,,,Mega,6.4,无可用尺码,36: Ram 2500/3500 1994-2026   Crew/Mega/Quad/Regular 6.4-8 无可用尺码
1965,1,OK,36,无可用尺码,皮卡,Ram,2500/3500,2019,,,Regular,8,无可用尺码,36: Ram 2500/3500 1994-2026   Crew/Mega/Quad/Regular 6.4-8 无可用尺码
1966,1,OK,36,无可用尺码,皮卡,Ram,2500/3500,2020,,,Crew,6.4,无可用尺码,36: Ram 2500/3500 1994-2026   Crew/Mega/Quad/Regular 6.4-8 无可用尺码
1967,1,OK,36,无可用尺码,皮卡,Ram,2500/3500,2020,,,Crew,8,无可用尺码,36: Ram 2500/3500 1994-2026   Crew/Mega/Quad/Regular 6.4-8 无可用尺码
1968,1,OK,36,无可用尺码,皮卡,Ram,2500/3500,2020,,,Mega,6.4,无可用尺码,36: Ram 2500/3500 1994-2026   Crew/Mega/Quad/Regular 6.4-8 无可用尺码
1969,1,OK,36,无可用尺码,皮卡,Ram,2500/3500,2020,,,Regular,8,无可用尺码,36: Ram 2500/3500 1994-2026   Crew/Mega/Quad/Regular 6.4-8 无可用尺码
1970,1,OK,36,无可用尺码,皮卡,Ram,2500/3500,2021,,,Crew,6.4,无可用尺码,36: Ram 2500/3500 1994-2026   Crew/Mega/Quad/Regular 6.4-8 无可用尺码
1971,1,OK,36,无可用尺码,皮卡,Ram,2500/3500,2021,,,Crew,8,无可用尺码,36: Ram 2500/3500 1994-2026   Crew/Mega/Quad/Regular 6.4-8 无可用尺码
1972,1,OK,36,无可用尺码,皮卡,Ram,2500/3500,2021,,,Mega,6.4,无可用尺码,36: Ram 2500/3500 1994-2026   Crew/Mega/Quad/Regular 6.4-8 无可用尺码
1973,1,OK,36,无可用尺码,皮卡,Ram,2500/3500,2021,,,Regular,8,无可用尺码,36: Ram 2500/3500 1994-2026   Crew/Mega/Quad/Regular 6.4-8 无可用尺码
1974,1,OK,36,无可用尺码,皮卡,Ram,2500/3500,2022,,,Crew,6.4,无可用尺码,36: Ram 2500/3500 1994-2026   Crew/Mega/Quad/Regular 6.4-8 无可用尺码
1975,1,OK,36,无可用尺码,皮卡,Ram,2500/3500,2022,,,Crew,8,无可用尺码,36: Ram 2500/3500 1994-2026   Crew/Mega/Quad/Regular 6.4-8 无可用尺码
1976,1,OK,36,无可用尺码,皮卡,Ram,2500/3500,2022,,,Mega,6.4,无可用尺码,36: Ram 2500/3500 1994-2026   Crew/Mega/Quad/Regular 6.4-8 无可用尺码
1977,1,OK,36,无可用尺码,皮卡,Ram,2500/3500,2022,,,Regular,8,无可用尺码,36: Ram 2500/3500 1994-2026   Crew/Mega/Quad/Regular 6.4-8 无可用尺码
1978,1,OK,36,无可用尺码,皮卡,Ram,2500/3500,2023,,,Crew,6.4,无可用尺码,36: Ram 2500/3500 1994-2026   Crew/Mega/Quad/Regular 6.4-8 无可用尺码
1979,1,OK,36,无可用尺码,皮卡,Ram,2500/3500,2023,,,Crew,8,无可用尺码,36: Ram 2500/3500 1994-2026   Crew/Mega/Quad/Regular 6.4-8 无可用尺码
1980,1,OK,36,无可用尺码,皮卡,Ram,2500/3500,2023,,,Mega,6.4,无可用尺码,36: Ram 2500/3500 1994-2026   Crew/Mega/Quad/Regular 6.4-8 无可用尺码
1981,1,OK,36,无可用尺码,皮卡,Ram,2500/3500,2023,,,Regular,8,无可用尺码,36: Ram 2500/3500 1994-2026   Crew/Mega/Quad/Regular 6.4-8 无可用尺码
1982,1,OK,36,无可用尺码,皮卡,Ram,2500/3500,2024,,,Crew,6.4,无可用尺码,36: Ram 2500/3500 1994-2026   Crew/Mega/Quad/Regular 6.4-8 无可用尺码
1983,1,OK,36,无可用尺码,皮卡,Ram,2500/3500,2024,,,Crew,8,无可用尺码,36: Ram 2500/3500 1994-2026   Crew/Mega/Quad/Regular 6.4-8 无可用尺码
1984,1,OK,36,无可用尺码,皮卡,Ram,2500/3500,2024,,,Mega,6.4,无可用尺码,36: Ram 2500/3500 1994-2026   Crew/Mega/Quad/Regular 6.4-8 无可用尺码
1985,1,OK,36,无可用尺码,皮卡,Ram,2500/3500,2024,,,Regular,8,无可用尺码,36: Ram 2500/3500 1994-2026   Crew/Mega/Quad/Regular 6.4-8 无可用尺码
1986,1,OK,36,无可用尺码,皮卡,Ram,2500/3500,2025,,,Crew,6.4,无可用尺码,36: Ram 2500/3500 1994-2026   Crew/Mega/Quad/Regular 6.4-8 无可用尺码
1987,1,OK,36,无可用尺码,皮卡,Ram,2500/3500,2025,,,Crew,8,无可用尺码,36: Ram 2500/3500 1994-2026   Crew/Mega/Quad/Regular 6.4-8 无可用尺码
1988,1,OK,36,无可用尺码,皮卡,Ram,2500/3500,2025,,,Mega,6.4,无可用尺码,36: Ram 2500/3500 1994-2026   Crew/Mega/Quad/Regular 6.4-8 无可用尺码
1989,1,OK,36,无可用尺码,皮卡,Ram,2500/3500,2025,,,Regular,8,无可用尺码,36: Ram 2500/3500 1994-2026   Crew/Mega/Quad/Regular 6.4-8 无可用尺码
1990,1,OK,36,无可用尺码,皮卡,Ram,2500/3500,2026,,,Crew,6.4,无可用尺码,36: Ram 2500/3500 1994-2026   Crew/Mega/Quad/Regular 6.4-8 无可用尺码
1991,1,OK,36,无可用尺码,皮卡,Ram,2500/3500,2026,,,Crew,8,无可用尺码,36: Ram 2500/3500 1994-2026   Crew/Mega/Quad/Regular 6.4-8 无可用尺码
1992,1,OK,36,无可用尺码,皮卡,Ram,2500/3500,2026,,,Mega,6.4,无可用尺码,36: Ram 2500/3500 1994-2026   Crew/Mega/Quad/Regular 6.4-8 无可用尺码
1993,1,OK,36,无可用尺码,皮卡,Ram,2500/3500,2026,,,Regular,8,无可用尺码,36: Ram 2500/3500 1994-2026   Crew/Mega/Quad/Regular 6.4-8 无可用尺码
1994,1,OK,38,无可用尺码,皮卡,Rivian,R1T,2022,Dual/Quad/Adventure,,Crew,4.5,无可用尺码,38: Rivian R1T 2022-2026 Incl: Adventure/Dual/Quad  Crew 4.5 无可用尺码
1995,1,OK,38,无可用尺码,皮卡,Rivian,R1T,2023,Dual/Quad/Adventure,,Crew,4.5,无可用尺码,38: Rivian R1T 2022-2026 Incl: Adventure/Dual/Quad  Crew 4.5 无可用尺码
1996,1,OK,38,无可用尺码,皮卡,Rivian,R1T,2024,Dual/Quad/Adventure,,Crew,4.5,无可用尺码,38: Rivian R1T 2022-2026 Incl: Adventure/Dual/Quad  Crew 4.5 无可用尺码
1997,1,OK,38,无可用尺码,皮卡,Rivian,R1T,2025,,,Crew,4.5,无可用尺码,38: Rivian R1T 2022-2026 Incl: Adventure/Dual/Quad  Crew 4.5 无可用尺码
1998,1,OK,38,无可用尺码,皮卡,Rivian,R1T,2026,,,Crew,4.5,无可用尺码,38: Rivian R1T 2022-2026 Incl: Adventure/Dual/Quad  Crew 4.5 无可用尺码
1999,1,OK,39,无可用尺码,皮卡,Toyota,Land Cruiser,1963,40 Series Pickup,,Regular,Short Bed,无可用尺码,39: Toyota Land Cruiser 1963-1967 40 Series Pickup  Regular Short Bed/Long Bed 无可用尺码
2000,1,OK,39,无可用尺码,皮卡,Toyota,Land Cruiser,1964,40 Series Pickup,,Regular,Short Bed,无可用尺码,39: Toyota Land Cruiser 1963-1967 40 Series Pickup  Regular Short Bed/Long Bed 无可用尺码
2001,1,OK,39,无可用尺码,皮卡,Toyota,Land Cruiser,1965,40 Series Pickup,,Regular,Long Bed,无可用尺码,39: Toyota Land Cruiser 1963-1967 40 Series Pickup  Regular Short Bed/Long Bed 无可用尺码
2002,1,OK,39,无可用尺码,皮卡,Toyota,Land Cruiser,1965,40 Series Pickup,,Regular,Short Bed,无可用尺码,39: Toyota Land Cruiser 1963-1967 40 Series Pickup  Regular Short Bed/Long Bed 无可用尺码
2003,1,OK,39,无可用尺码,皮卡,Toyota,Land Cruiser,1966,40 Series Pickup,,Regular,Long Bed,无可用尺码,39: Toyota Land Cruiser 1963-1967 40 Series Pickup  Regular Short Bed/Long Bed 无可用尺码
2004,1,OK,39,无可用尺码,皮卡,Toyota,Land Cruiser,1966,40 Series Pickup,,Regular,Short Bed,无可用尺码,39: Toyota Land Cruiser 1963-1967 40 Series Pickup  Regular Short Bed/Long Bed 无可用尺码
2005,1,OK,39,无可用尺码,皮卡,Toyota,Land Cruiser,1967,40 Series Pickup,,Regular,Long Bed,无可用尺码,39: Toyota Land Cruiser 1963-1967 40 Series Pickup  Regular Short Bed/Long Bed 无可用尺码
2006,1,OK,40,无可用尺码,皮卡,Toyota,Tacoma,1995,,,Regular,6,无可用尺码,40: Toyota Tacoma 1995-2026 Incl: Trailhunter/TRD Pro  Regular/XtraCab/Access/Double 5-6 无可用尺码
2007,1,OK,40,无可用尺码,皮卡,Toyota,Tacoma,1995,,,XtraCab,6,无可用尺码,40: Toyota Tacoma 1995-2026 Incl: Trailhunter/TRD Pro  Regular/XtraCab/Access/Double 5-6 无可用尺码
2008,1,OK,40,无可用尺码,皮卡,Toyota,Tacoma,1996,,,Regular,6,无可用尺码,40: Toyota Tacoma 1995-2026 Incl: Trailhunter/TRD Pro  Regular/XtraCab/Access/Double 5-6 无可用尺码
2009,1,OK,40,无可用尺码,皮卡,Toyota,Tacoma,1996,,,XtraCab,6,无可用尺码,40: Toyota Tacoma 1995-2026 Incl: Trailhunter/TRD Pro  Regular/XtraCab/Access/Double 5-6 无可用尺码
2010,1,OK,40,无可用尺码,皮卡,Toyota,Tacoma,1997,,,Regular,6,无可用尺码,40: Toyota Tacoma 1995-2026 Incl: Trailhunter/TRD Pro  Regular/XtraCab/Access/Double 5-6 无可用尺码
2011,1,OK,40,无可用尺码,皮卡,Toyota,Tacoma,1997,,,XtraCab,6,无可用尺码,40: Toyota Tacoma 1995-2026 Incl: Trailhunter/TRD Pro  Regular/XtraCab/Access/Double 5-6 无可用尺码
2012,1,OK,40,无可用尺码,皮卡,Toyota,Tacoma,1998,,,Regular,6,无可用尺码,40: Toyota Tacoma 1995-2026 Incl: Trailhunter/TRD Pro  Regular/XtraCab/Access/Double 5-6 无可用尺码
2013,1,OK,40,无可用尺码,皮卡,Toyota,Tacoma,1998,,,XtraCab,6,无可用尺码,40: Toyota Tacoma 1995-2026 Incl: Trailhunter/TRD Pro  Regular/XtraCab/Access/Double 5-6 无可用尺码
2014,1,OK,40,无可用尺码,皮卡,Toyota,Tacoma,1999,,,Regular,6,无可用尺码,40: Toyota Tacoma 1995-2026 Incl: Trailhunter/TRD Pro  Regular/XtraCab/Access/Double 5-6 无可用尺码
2015,1,OK,40,无可用尺码,皮卡,Toyota,Tacoma,1999,,,XtraCab,6,无可用尺码,40: Toyota Tacoma 1995-2026 Incl: Trailhunter/TRD Pro  Regular/XtraCab/Access/Double 5-6 无可用尺码
2016,1,OK,40,无可用尺码,皮卡,Toyota,Tacoma,2000,,,Regular,6,无可用尺码,40: Toyota Tacoma 1995-2026 Incl: Trailhunter/TRD Pro  Regular/XtraCab/Access/Double 5-6 无可用尺码
2017,1,OK,40,无可用尺码,皮卡,Toyota,Tacoma,2000,,,XtraCab,6,无可用尺码,40: Toyota Tacoma 1995-2026 Incl: Trailhunter/TRD Pro  Regular/XtraCab/Access/Double 5-6 无可用尺码
2018,1,OK,40,无可用尺码,皮卡,Toyota,Tacoma,2001,,,Regular,6,无可用尺码,40: Toyota Tacoma 1995-2026 Incl: Trailhunter/TRD Pro  Regular/XtraCab/Access/Double 5-6 无可用尺码
2019,1,OK,40,无可用尺码,皮卡,Toyota,Tacoma,2001,,,XtraCab,6,无可用尺码,40: Toyota Tacoma 1995-2026 Incl: Trailhunter/TRD Pro  Regular/XtraCab/Access/Double 5-6 无可用尺码
2020,1,OK,40,无可用尺码,皮卡,Toyota,Tacoma,2002,,,Regular,6,无可用尺码,40: Toyota Tacoma 1995-2026 Incl: Trailhunter/TRD Pro  Regular/XtraCab/Access/Double 5-6 无可用尺码
2021,1,OK,40,无可用尺码,皮卡,Toyota,Tacoma,2002,,,XtraCab,6,无可用尺码,40: Toyota Tacoma 1995-2026 Incl: Trailhunter/TRD Pro  Regular/XtraCab/Access/Double 5-6 无可用尺码
2022,1,OK,40,无可用尺码,皮卡,Toyota,Tacoma,2003,,,Double,5,无可用尺码,40: Toyota Tacoma 1995-2026 Incl: Trailhunter/TRD Pro  Regular/XtraCab/Access/Double 5-6 无可用尺码
2023,1,OK,40,无可用尺码,皮卡,Toyota,Tacoma,2003,,,Regular,6,无可用尺码,40: Toyota Tacoma 1995-2026 Incl: Trailhunter/TRD Pro  Regular/XtraCab/Access/Double 5-6 无可用尺码
2024,1,OK,40,无可用尺码,皮卡,Toyota,Tacoma,2003,,,XtraCab,6,无可用尺码,40: Toyota Tacoma 1995-2026 Incl: Trailhunter/TRD Pro  Regular/XtraCab/Access/Double 5-6 无可用尺码
2025,1,OK,40,无可用尺码,皮卡,Toyota,Tacoma,2004,,,Double,5,无可用尺码,40: Toyota Tacoma 1995-2026 Incl: Trailhunter/TRD Pro  Regular/XtraCab/Access/Double 5-6 无可用尺码
2026,1,OK,40,无可用尺码,皮卡,Toyota,Tacoma,2004,,,Regular,6,无可用尺码,40: Toyota Tacoma 1995-2026 Incl: Trailhunter/TRD Pro  Regular/XtraCab/Access/Double 5-6 无可用尺码
2027,1,OK,40,无可用尺码,皮卡,Toyota,Tacoma,2004,,,XtraCab,6,无可用尺码,40: Toyota Tacoma 1995-2026 Incl: Trailhunter/TRD Pro  Regular/XtraCab/Access/Double 5-6 无可用尺码
2028,1,OK,40,无可用尺码,皮卡,Toyota,Tacoma,2005,,,Access,6,无可用尺码,40: Toyota Tacoma 1995-2026 Incl: Trailhunter/TRD Pro  Regular/XtraCab/Access/Double 5-6 无可用尺码
2029,1,OK,40,无可用尺码,皮卡,Toyota,Tacoma,2005,,,Double,5,无可用尺码,40: Toyota Tacoma 1995-2026 Incl: Trailhunter/TRD Pro  Regular/XtraCab/Access/Double 5-6 无可用尺码
2030,1,OK,40,无可用尺码,皮卡,Toyota,Tacoma,2005,,,Double,6,无可用尺码,40: Toyota Tacoma 1995-2026 Incl: Trailhunter/TRD Pro  Regular/XtraCab/Access/Double 5-6 无可用尺码
2031,1,OK,40,无可用尺码,皮卡,Toyota,Tacoma,2006,,,Access,6,无可用尺码,40: Toyota Tacoma 1995-2026 Incl: Trailhunter/TRD Pro  Regular/XtraCab/Access/Double 5-6 无可用尺码
2032,1,OK,40,无可用尺码,皮卡,Toyota,Tacoma,2006,,,Double,5,无可用尺码,40: Toyota Tacoma 1995-2026 Incl: Trailhunter/TRD Pro  Regular/XtraCab/Access/Double 5-6 无可用尺码
2033,1,OK,40,无可用尺码,皮卡,Toyota,Tacoma,2006,,,Double,6,无可用尺码,40: Toyota Tacoma 1995-2026 Incl: Trailhunter/TRD Pro  Regular/XtraCab/Access/Double 5-6 无可用尺码
2034,1,OK,40,无可用尺码,皮卡,Toyota,Tacoma,2007,,,Access,6,无可用尺码,40: Toyota Tacoma 1995-2026 Incl: Trailhunter/TRD Pro  Regular/XtraCab/Access/Double 5-6 无可用尺码
2035,1,OK,40,无可用尺码,皮卡,Toyota,Tacoma,2007,,,Double,6,无可用尺码,40: Toyota Tacoma 1995-2026 Incl: Trailhunter/TRD Pro  Regular/XtraCab/Access/Double 5-6 无可用尺码
2036,1,OK,40,无可用尺码,皮卡,Toyota,Tacoma,2008,,,Access,6,无可用尺码,40: Toyota Tacoma 1995-2026 Incl: Trailhunter/TRD Pro  Regular/XtraCab/Access/Double 5-6 无可用尺码
2037,1,OK,40,无可用尺码,皮卡,Toyota,Tacoma,2008,,,Double,6,无可用尺码,40: Toyota Tacoma 1995-2026 Incl: Trailhunter/TRD Pro  Regular/XtraCab/Access/Double 5-6 无可用尺码
2038,1,OK,40,无可用尺码,皮卡,Toyota,Tacoma,2009,,,Access,6,无可用尺码,40: Toyota Tacoma 1995-2026 Incl: Trailhunter/TRD Pro  Regular/XtraCab/Access/Double 5-6 无可用尺码
2039,1,OK,40,无可用尺码,皮卡,Toyota,Tacoma,2009,,,Double,6,无可用尺码,40: Toyota Tacoma 1995-2026 Incl: Trailhunter/TRD Pro  Regular/XtraCab/Access/Double 5-6 无可用尺码
2040,1,OK,40,无可用尺码,皮卡,Toyota,Tacoma,2010,,,Access,6,无可用尺码,40: Toyota Tacoma 1995-2026 Incl: Trailhunter/TRD Pro  Regular/XtraCab/Access/Double 5-6 无可用尺码
2041,1,OK,40,无可用尺码,皮卡,Toyota,Tacoma,2010,,,Double,6,无可用尺码,40: Toyota Tacoma 1995-2026 Incl: Trailhunter/TRD Pro  Regular/XtraCab/Access/Double 5-6 无可用尺码
2042,1,OK,40,无可用尺码,皮卡,Toyota,Tacoma,2011,,,Access,6,无可用尺码,40: Toyota Tacoma 1995-2026 Incl: Trailhunter/TRD Pro  Regular/XtraCab/Access/Double 5-6 无可用尺码
2043,1,OK,40,无可用尺码,皮卡,Toyota,Tacoma,2011,,,Double,6,无可用尺码,40: Toyota Tacoma 1995-2026 Incl: Trailhunter/TRD Pro  Regular/XtraCab/Access/Double 5-6 无可用尺码
2044,1,OK,40,无可用尺码,皮卡,Toyota,Tacoma,2012,,,Access,6,无可用尺码,40: Toyota Tacoma 1995-2026 Incl: Trailhunter/TRD Pro  Regular/XtraCab/Access/Double 5-6 无可用尺码
2045,1,OK,40,无可用尺码,皮卡,Toyota,Tacoma,2012,,,Double,6,无可用尺码,40: Toyota Tacoma 1995-2026 Incl: Trailhunter/TRD Pro  Regular/XtraCab/Access/Double 5-6 无可用尺码
2046,1,OK,40,无可用尺码,皮卡,Toyota,Tacoma,2013,,,Access,6,无可用尺码,40: Toyota Tacoma 1995-2026 Incl: Trailhunter/TRD Pro  Regular/XtraCab/Access/Double 5-6 无可用尺码
2047,1,OK,40,无可用尺码,皮卡,Toyota,Tacoma,2013,,,Double,6,无可用尺码,40: Toyota Tacoma 1995-2026 Incl: Trailhunter/TRD Pro  Regular/XtraCab/Access/Double 5-6 无可用尺码
2048,1,OK,40,无可用尺码,皮卡,Toyota,Tacoma,2014,,,Double,5,无可用尺码,40: Toyota Tacoma 1995-2026 Incl: Trailhunter/TRD Pro  Regular/XtraCab/Access/Double 5-6 无可用尺码
2049,1,OK,40,无可用尺码,皮卡,Toyota,Tacoma,2014,,,Double,6,无可用尺码,40: Toyota Tacoma 1995-2026 Incl: Trailhunter/TRD Pro  Regular/XtraCab/Access/Double 5-6 无可用尺码
2050,1,OK,40,无可用尺码,皮卡,Toyota,Tacoma,2015,,,Double,5,无可用尺码,40: Toyota Tacoma 1995-2026 Incl: Trailhunter/TRD Pro  Regular/XtraCab/Access/Double 5-6 无可用尺码
2051,1,OK,40,无可用尺码,皮卡,Toyota,Tacoma,2015,,,Double,6,无可用尺码,40: Toyota Tacoma 1995-2026 Incl: Trailhunter/TRD Pro  Regular/XtraCab/Access/Double 5-6 无可用尺码
2052,1,OK,40,无可用尺码,皮卡,Toyota,Tacoma,2016,,,Access,6,无可用尺码,40: Toyota Tacoma 1995-2026 Incl: Trailhunter/TRD Pro  Regular/XtraCab/Access/Double 5-6 无可用尺码
2053,1,OK,40,无可用尺码,皮卡,Toyota,Tacoma,2016,,,Double,5,无可用尺码,40: Toyota Tacoma 1995-2026 Incl: Trailhunter/TRD Pro  Regular/XtraCab/Access/Double 5-6 无可用尺码
2054,1,OK,40,无可用尺码,皮卡,Toyota,Tacoma,2016,,,Double,6,无可用尺码,40: Toyota Tacoma 1995-2026 Incl: Trailhunter/TRD Pro  Regular/XtraCab/Access/Double 5-6 无可用尺码
2055,1,OK,40,无可用尺码,皮卡,Toyota,Tacoma,2017,,,Access,6,无可用尺码,40: Toyota Tacoma 1995-2026 Incl: Trailhunter/TRD Pro  Regular/XtraCab/Access/Double 5-6 无可用尺码
2056,1,OK,40,无可用尺码,皮卡,Toyota,Tacoma,2017,,,Double,5,无可用尺码,40: Toyota Tacoma 1995-2026 Incl: Trailhunter/TRD Pro  Regular/XtraCab/Access/Double 5-6 无可用尺码
2057,1,OK,40,无可用尺码,皮卡,Toyota,Tacoma,2017,TRD Pro,,Double,5,无可用尺码,40: Toyota Tacoma 1995-2026 Incl: Trailhunter/TRD Pro  Regular/XtraCab/Access/Double 5-6 无可用尺码
2058,1,OK,40,无可用尺码,皮卡,Toyota,Tacoma,2017,,,Double,6,无可用尺码,40: Toyota Tacoma 1995-2026 Incl: Trailhunter/TRD Pro  Regular/XtraCab/Access/Double 5-6 无可用尺码
2059,1,OK,40,无可用尺码,皮卡,Toyota,Tacoma,2018,,,Access,6,无可用尺码,40: Toyota Tacoma 1995-2026 Incl: Trailhunter/TRD Pro  Regular/XtraCab/Access/Double 5-6 无可用尺码
2060,1,OK,40,无可用尺码,皮卡,Toyota,Tacoma,2018,,,Double,5,无可用尺码,40: Toyota Tacoma 1995-2026 Incl: Trailhunter/TRD Pro  Regular/XtraCab/Access/Double 5-6 无可用尺码
2061,1,OK,40,无可用尺码,皮卡,Toyota,Tacoma,2018,TRD Pro,,Double,5,无可用尺码,40: Toyota Tacoma 1995-2026 Incl: Trailhunter/TRD Pro  Regular/XtraCab/Access/Double 5-6 无可用尺码
2062,1,OK,40,无可用尺码,皮卡,Toyota,Tacoma,2018,,,Double,6,无可用尺码,40: Toyota Tacoma 1995-2026 Incl: Trailhunter/TRD Pro  Regular/XtraCab/Access/Double 5-6 无可用尺码
2063,1,OK,40,无可用尺码,皮卡,Toyota,Tacoma,2019,,,Access,6,无可用尺码,40: Toyota Tacoma 1995-2026 Incl: Trailhunter/TRD Pro  Regular/XtraCab/Access/Double 5-6 无可用尺码
2064,1,OK,40,无可用尺码,皮卡,Toyota,Tacoma,2019,,,Double,5,无可用尺码,40: Toyota Tacoma 1995-2026 Incl: Trailhunter/TRD Pro  Regular/XtraCab/Access/Double 5-6 无可用尺码
2065,1,OK,40,无可用尺码,皮卡,Toyota,Tacoma,2019,TRD Pro,,Double,5,无可用尺码,40: Toyota Tacoma 1995-2026 Incl: Trailhunter/TRD Pro  Regular/XtraCab/Access/Double 5-6 无可用尺码
2066,1,OK,40,无可用尺码,皮卡,Toyota,Tacoma,2019,,,Double,6,无可用尺码,40: Toyota Tacoma 1995-2026 Incl: Trailhunter/TRD Pro  Regular/XtraCab/Access/Double 5-6 无可用尺码
2067,1,OK,40,无可用尺码,皮卡,Toyota,Tacoma,2020,,,Access,6,无可用尺码,40: Toyota Tacoma 1995-2026 Incl: Trailhunter/TRD Pro  Regular/XtraCab/Access/Double 5-6 无可用尺码
2068,1,OK,40,无可用尺码,皮卡,Toyota,Tacoma,2020,,,Double,5,无可用尺码,40: Toyota Tacoma 1995-2026 Incl: Trailhunter/TRD Pro  Regular/XtraCab/Access/Double 5-6 无可用尺码
2069,1,OK,40,无可用尺码,皮卡,Toyota,Tacoma,2020,TRD Pro,,Double,5,无可用尺码,40: Toyota Tacoma 1995-2026 Incl: Trailhunter/TRD Pro  Regular/XtraCab/Access/Double 5-6 无可用尺码
2070,1,OK,40,无可用尺码,皮卡,Toyota,Tacoma,2020,,,Double,6,无可用尺码,40: Toyota Tacoma 1995-2026 Incl: Trailhunter/TRD Pro  Regular/XtraCab/Access/Double 5-6 无可用尺码
2071,1,OK,40,无可用尺码,皮卡,Toyota,Tacoma,2021,,,Access,6,无可用尺码,40: Toyota Tacoma 1995-2026 Incl: Trailhunter/TRD Pro  Regular/XtraCab/Access/Double 5-6 无可用尺码
2072,1,OK,40,无可用尺码,皮卡,Toyota,Tacoma,2021,,,Double,5,无可用尺码,40: Toyota Tacoma 1995-2026 Incl: Trailhunter/TRD Pro  Regular/XtraCab/Access/Double 5-6 无可用尺码
2073,1,OK,40,无可用尺码,皮卡,Toyota,Tacoma,2021,TRD Pro,,Double,5,无可用尺码,40: Toyota Tacoma 1995-2026 Incl: Trailhunter/TRD Pro  Regular/XtraCab/Access/Double 5-6 无可用尺码
2074,1,OK,40,无可用尺码,皮卡,Toyota,Tacoma,2021,,,Double,6,无可用尺码,40: Toyota Tacoma 1995-2026 Incl: Trailhunter/TRD Pro  Regular/XtraCab/Access/Double 5-6 无可用尺码
2075,1,OK,40,无可用尺码,皮卡,Toyota,Tacoma,2022,,,Access,6,无可用尺码,40: Toyota Tacoma 1995-2026 Incl: Trailhunter/TRD Pro  Regular/XtraCab/Access/Double 5-6 无可用尺码
2076,1,OK,40,无可用尺码,皮卡,Toyota,Tacoma,2022,,,Double,5,无可用尺码,40: Toyota Tacoma 1995-2026 Incl: Trailhunter/TRD Pro  Regular/XtraCab/Access/Double 5-6 无可用尺码
2077,1,OK,40,无可用尺码,皮卡,Toyota,Tacoma,2022,TRD Pro,,Double,5,无可用尺码,40: Toyota Tacoma 1995-2026 Incl: Trailhunter/TRD Pro  Regular/XtraCab/Access/Double 5-6 无可用尺码
2078,1,OK,40,无可用尺码,皮卡,Toyota,Tacoma,2022,,,Double,6,无可用尺码,40: Toyota Tacoma 1995-2026 Incl: Trailhunter/TRD Pro  Regular/XtraCab/Access/Double 5-6 无可用尺码
2079,1,OK,40,无可用尺码,皮卡,Toyota,Tacoma,2023,,,Access,6,无可用尺码,40: Toyota Tacoma 1995-2026 Incl: Trailhunter/TRD Pro  Regular/XtraCab/Access/Double 5-6 无可用尺码
2080,1,OK,40,无可用尺码,皮卡,Toyota,Tacoma,2023,,,Double,5,无可用尺码,40: Toyota Tacoma 1995-2026 Incl: Trailhunter/TRD Pro  Regular/XtraCab/Access/Double 5-6 无可用尺码
2081,1,OK,40,无可用尺码,皮卡,Toyota,Tacoma,2023,TRD Pro,,Double,5,无可用尺码,40: Toyota Tacoma 1995-2026 Incl: Trailhunter/TRD Pro  Regular/XtraCab/Access/Double 5-6 无可用尺码
2082,1,OK,40,无可用尺码,皮卡,Toyota,Tacoma,2023,,,Double,6,无可用尺码,40: Toyota Tacoma 1995-2026 Incl: Trailhunter/TRD Pro  Regular/XtraCab/Access/Double 5-6 无可用尺码
2083,1,OK,40,无可用尺码,皮卡,Toyota,Tacoma,2024,,,Double,5,无可用尺码,40: Toyota Tacoma 1995-2026 Incl: Trailhunter/TRD Pro  Regular/XtraCab/Access/Double 5-6 无可用尺码
2084,1,OK,40,无可用尺码,皮卡,Toyota,Tacoma,2024,TRD Pro/Trailhunter,,Double,5,无可用尺码,40: Toyota Tacoma 1995-2026 Incl: Trailhunter/TRD Pro  Regular/XtraCab/Access/Double 5-6 无可用尺码
2085,1,OK,40,无可用尺码,皮卡,Toyota,Tacoma,2024,,,Double,6,无可用尺码,40: Toyota Tacoma 1995-2026 Incl: Trailhunter/TRD Pro  Regular/XtraCab/Access/Double 5-6 无可用尺码
2086,1,OK,40,无可用尺码,皮卡,Toyota,Tacoma,2024,,,XtraCab,6,无可用尺码,40: Toyota Tacoma 1995-2026 Incl: Trailhunter/TRD Pro  Regular/XtraCab/Access/Double 5-6 无可用尺码
2087,1,OK,40,无可用尺码,皮卡,Toyota,Tacoma,2025,,,Double,5,无可用尺码,40: Toyota Tacoma 1995-2026 Incl: Trailhunter/TRD Pro  Regular/XtraCab/Access/Double 5-6 无可用尺码
2088,1,OK,40,无可用尺码,皮卡,Toyota,Tacoma,2025,TRD Pro/Trailhunter,,Double,5,无可用尺码,40: Toyota Tacoma 1995-2026 Incl: Trailhunter/TRD Pro  Regular/XtraCab/Access/Double 5-6 无可用尺码
2089,1,OK,40,无可用尺码,皮卡,Toyota,Tacoma,2025,,,Double,6,无可用尺码,40: Toyota Tacoma 1995-2026 Incl: Trailhunter/TRD Pro  Regular/XtraCab/Access/Double 5-6 无可用尺码
2090,1,OK,40,无可用尺码,皮卡,Toyota,Tacoma,2025,,,XtraCab,6,无可用尺码,40: Toyota Tacoma 1995-2026 Incl: Trailhunter/TRD Pro  Regular/XtraCab/Access/Double 5-6 无可用尺码
2091,1,OK,40,无可用尺码,皮卡,Toyota,Tacoma,2026,,,Double,5,无可用尺码,40: Toyota Tacoma 1995-2026 Incl: Trailhunter/TRD Pro  Regular/XtraCab/Access/Double 5-6 无可用尺码
2092,1,OK,40,无可用尺码,皮卡,Toyota,Tacoma,2026,TRD Pro/Trailhunter,,Double,5,无可用尺码,40: Toyota Tacoma 1995-2026 Incl: Trailhunter/TRD Pro  Regular/XtraCab/Access/Double 5-6 无可用尺码
2093,1,OK,40,无可用尺码,皮卡,Toyota,Tacoma,2026,,,Double,6,无可用尺码,40: Toyota Tacoma 1995-2026 Incl: Trailhunter/TRD Pro  Regular/XtraCab/Access/Double 5-6 无可用尺码
2094,1,OK,40,无可用尺码,皮卡,Toyota,Tacoma,2026,,,XtraCab,6,无可用尺码,40: Toyota Tacoma 1995-2026 Incl: Trailhunter/TRD Pro  Regular/XtraCab/Access/Double 5-6 无可用尺码
2095,1,OK,41,无可用尺码,皮卡,Toyota,Tundra,2000,,,Access,6.5,无可用尺码,41: Toyota Tundra 2000-2026   Regular/Access/CrewMax/Double 5.5-8.1 无可用尺码
2096,1,OK,41,无可用尺码,皮卡,Toyota,Tundra,2000,,,Regular,6.5,无可用尺码,41: Toyota Tundra 2000-2026   Regular/Access/CrewMax/Double 5.5-8.1 无可用尺码
2097,1,OK,41,无可用尺码,皮卡,Toyota,Tundra,2000,,,Regular,8,无可用尺码,41: Toyota Tundra 2000-2026   Regular/Access/CrewMax/Double 5.5-8.1 无可用尺码
2098,1,OK,41,无可用尺码,皮卡,Toyota,Tundra,2001,,,Access,6.5,无可用尺码,41: Toyota Tundra 2000-2026   Regular/Access/CrewMax/Double 5.5-8.1 无可用尺码
2099,1,OK,41,无可用尺码,皮卡,Toyota,Tundra,2001,,,Regular,6.5,无可用尺码,41: Toyota Tundra 2000-2026   Regular/Access/CrewMax/Double 5.5-8.1 无可用尺码
2100,1,OK,41,无可用尺码,皮卡,Toyota,Tundra,2001,,,Regular,8,无可用尺码,41: Toyota Tundra 2000-2026   Regular/Access/CrewMax/Double 5.5-8.1 无可用尺码
2101,1,OK,41,无可用尺码,皮卡,Toyota,Tundra,2002,,,Access,6.5,无可用尺码,41: Toyota Tundra 2000-2026   Regular/Access/CrewMax/Double 5.5-8.1 无可用尺码
2102,1,OK,41,无可用尺码,皮卡,Toyota,Tundra,2002,,,Regular,6.5,无可用尺码,41: Toyota Tundra 2000-2026   Regular/Access/CrewMax/Double 5.5-8.1 无可用尺码
2103,1,OK,41,无可用尺码,皮卡,Toyota,Tundra,2002,,,Regular,8,无可用尺码,41: Toyota Tundra 2000-2026   Regular/Access/CrewMax/Double 5.5-8.1 无可用尺码
2104,1,OK,41,无可用尺码,皮卡,Toyota,Tundra,2003,,,Access,6.5,无可用尺码,41: Toyota Tundra 2000-2026   Regular/Access/CrewMax/Double 5.5-8.1 无可用尺码
2105,1,OK,41,无可用尺码,皮卡,Toyota,Tundra,2003,,,Regular,6.5,无可用尺码,41: Toyota Tundra 2000-2026   Regular/Access/CrewMax/Double 5.5-8.1 无可用尺码
2106,1,OK,41,无可用尺码,皮卡,Toyota,Tundra,2003,,,Regular,8,无可用尺码,41: Toyota Tundra 2000-2026   Regular/Access/CrewMax/Double 5.5-8.1 无可用尺码
2107,1,OK,41,无可用尺码,皮卡,Toyota,Tundra,2004,,,Access,6.5,无可用尺码,41: Toyota Tundra 2000-2026   Regular/Access/CrewMax/Double 5.5-8.1 无可用尺码
2108,1,OK,41,无可用尺码,皮卡,Toyota,Tundra,2004,,,Double,6.5,无可用尺码,41: Toyota Tundra 2000-2026   Regular/Access/CrewMax/Double 5.5-8.1 无可用尺码
2109,1,OK,41,无可用尺码,皮卡,Toyota,Tundra,2004,,,Regular,6.5,无可用尺码,41: Toyota Tundra 2000-2026   Regular/Access/CrewMax/Double 5.5-8.1 无可用尺码
2110,1,OK,41,无可用尺码,皮卡,Toyota,Tundra,2004,,,Regular,8,无可用尺码,41: Toyota Tundra 2000-2026   Regular/Access/CrewMax/Double 5.5-8.1 无可用尺码
2111,1,OK,41,无可用尺码,皮卡,Toyota,Tundra,2005,,,Access,6.5,无可用尺码,41: Toyota Tundra 2000-2026   Regular/Access/CrewMax/Double 5.5-8.1 无可用尺码
2112,1,OK,41,无可用尺码,皮卡,Toyota,Tundra,2005,,,Double,6.5,无可用尺码,41: Toyota Tundra 2000-2026   Regular/Access/CrewMax/Double 5.5-8.1 无可用尺码
2113,1,OK,41,无可用尺码,皮卡,Toyota,Tundra,2005,,,Regular,6.5,无可用尺码,41: Toyota Tundra 2000-2026   Regular/Access/CrewMax/Double 5.5-8.1 无可用尺码
2114,1,OK,41,无可用尺码,皮卡,Toyota,Tundra,2005,,,Regular,8,无可用尺码,41: Toyota Tundra 2000-2026   Regular/Access/CrewMax/Double 5.5-8.1 无可用尺码
2115,1,OK,41,无可用尺码,皮卡,Toyota,Tundra,2006,,,Double,6.5,无可用尺码,41: Toyota Tundra 2000-2026   Regular/Access/CrewMax/Double 5.5-8.1 无可用尺码
2116,1,OK,41,无可用尺码,皮卡,Toyota,Tundra,2006,,,Regular,6.5,无可用尺码,41: Toyota Tundra 2000-2026   Regular/Access/CrewMax/Double 5.5-8.1 无可用尺码
2117,1,OK,41,无可用尺码,皮卡,Toyota,Tundra,2006,,,Regular,8,无可用尺码,41: Toyota Tundra 2000-2026   Regular/Access/CrewMax/Double 5.5-8.1 无可用尺码
2118,1,OK,41,无可用尺码,皮卡,Toyota,Tundra,2007,,,CrewMax,5.5,无可用尺码,41: Toyota Tundra 2000-2026   Regular/Access/CrewMax/Double 5.5-8.1 无可用尺码
2119,1,OK,41,无可用尺码,皮卡,Toyota,Tundra,2007,,,Double,8.1,无可用尺码,41: Toyota Tundra 2000-2026   Regular/Access/CrewMax/Double 5.5-8.1 无可用尺码
2120,1,OK,41,无可用尺码,皮卡,Toyota,Tundra,2007,,,Regular,6.5,无可用尺码,41: Toyota Tundra 2000-2026   Regular/Access/CrewMax/Double 5.5-8.1 无可用尺码
2121,1,OK,41,无可用尺码,皮卡,Toyota,Tundra,2007,,,Regular,8.1,无可用尺码,41: Toyota Tundra 2000-2026   Regular/Access/CrewMax/Double 5.5-8.1 无可用尺码
2122,1,OK,41,无可用尺码,皮卡,Toyota,Tundra,2008,,,CrewMax,5.5,无可用尺码,41: Toyota Tundra 2000-2026   Regular/Access/CrewMax/Double 5.5-8.1 无可用尺码
2123,1,OK,41,无可用尺码,皮卡,Toyota,Tundra,2008,,,Double,6.5,无可用尺码,41: Toyota Tundra 2000-2026   Regular/Access/CrewMax/Double 5.5-8.1 无可用尺码
2124,1,OK,41,无可用尺码,皮卡,Toyota,Tundra,2008,,,Double,8.1,无可用尺码,41: Toyota Tundra 2000-2026   Regular/Access/CrewMax/Double 5.5-8.1 无可用尺码
2125,1,OK,41,无可用尺码,皮卡,Toyota,Tundra,2008,,,Regular,6.5,无可用尺码,41: Toyota Tundra 2000-2026   Regular/Access/CrewMax/Double 5.5-8.1 无可用尺码
2126,1,OK,41,无可用尺码,皮卡,Toyota,Tundra,2008,,,Regular,8.1,无可用尺码,41: Toyota Tundra 2000-2026   Regular/Access/CrewMax/Double 5.5-8.1 无可用尺码
2127,1,OK,41,无可用尺码,皮卡,Toyota,Tundra,2009,,,CrewMax,5.5,无可用尺码,41: Toyota Tundra 2000-2026   Regular/Access/CrewMax/Double 5.5-8.1 无可用尺码
2128,1,OK,41,无可用尺码,皮卡,Toyota,Tundra,2009,,,Double,6.5,无可用尺码,41: Toyota Tundra 2000-2026   Regular/Access/CrewMax/Double 5.5-8.1 无可用尺码
2129,1,OK,41,无可用尺码,皮卡,Toyota,Tundra,2009,,,Double,8.1,无可用尺码,41: Toyota Tundra 2000-2026   Regular/Access/CrewMax/Double 5.5-8.1 无可用尺码
2130,1,OK,41,无可用尺码,皮卡,Toyota,Tundra,2009,,,Regular,6.5,无可用尺码,41: Toyota Tundra 2000-2026   Regular/Access/CrewMax/Double 5.5-8.1 无可用尺码
2131,1,OK,41,无可用尺码,皮卡,Toyota,Tundra,2009,,,Regular,8.1,无可用尺码,41: Toyota Tundra 2000-2026   Regular/Access/CrewMax/Double 5.5-8.1 无可用尺码
2132,1,OK,41,无可用尺码,皮卡,Toyota,Tundra,2010,,,CrewMax,5.5,无可用尺码,41: Toyota Tundra 2000-2026   Regular/Access/CrewMax/Double 5.5-8.1 无可用尺码
2133,1,OK,41,无可用尺码,皮卡,Toyota,Tundra,2010,,,Double,6.5,无可用尺码,41: Toyota Tundra 2000-2026   Regular/Access/CrewMax/Double 5.5-8.1 无可用尺码
2134,1,OK,41,无可用尺码,皮卡,Toyota,Tundra,2010,,,Double,8.1,无可用尺码,41: Toyota Tundra 2000-2026   Regular/Access/CrewMax/Double 5.5-8.1 无可用尺码
2135,1,OK,41,无可用尺码,皮卡,Toyota,Tundra,2010,,,Regular,6.5,无可用尺码,41: Toyota Tundra 2000-2026   Regular/Access/CrewMax/Double 5.5-8.1 无可用尺码
2136,1,OK,41,无可用尺码,皮卡,Toyota,Tundra,2010,,,Regular,8.1,无可用尺码,41: Toyota Tundra 2000-2026   Regular/Access/CrewMax/Double 5.5-8.1 无可用尺码
2137,1,OK,41,无可用尺码,皮卡,Toyota,Tundra,2011,,,CrewMax,5.5,无可用尺码,41: Toyota Tundra 2000-2026   Regular/Access/CrewMax/Double 5.5-8.1 无可用尺码
2138,1,OK,41,无可用尺码,皮卡,Toyota,Tundra,2011,,,Double,6.5,无可用尺码,41: Toyota Tundra 2000-2026   Regular/Access/CrewMax/Double 5.5-8.1 无可用尺码
2139,1,OK,41,无可用尺码,皮卡,Toyota,Tundra,2011,,,Double,8.1,无可用尺码,41: Toyota Tundra 2000-2026   Regular/Access/CrewMax/Double 5.5-8.1 无可用尺码
2140,1,OK,41,无可用尺码,皮卡,Toyota,Tundra,2011,,,Regular,6.5,无可用尺码,41: Toyota Tundra 2000-2026   Regular/Access/CrewMax/Double 5.5-8.1 无可用尺码
2141,1,OK,41,无可用尺码,皮卡,Toyota,Tundra,2011,,,Regular,8.1,无可用尺码,41: Toyota Tundra 2000-2026   Regular/Access/CrewMax/Double 5.5-8.1 无可用尺码
2142,1,OK,41,无可用尺码,皮卡,Toyota,Tundra,2012,,,CrewMax,5.5,无可用尺码,41: Toyota Tundra 2000-2026   Regular/Access/CrewMax/Double 5.5-8.1 无可用尺码
2143,1,OK,41,无可用尺码,皮卡,Toyota,Tundra,2012,,,Double,6.5,无可用尺码,41: Toyota Tundra 2000-2026   Regular/Access/CrewMax/Double 5.5-8.1 无可用尺码
2144,1,OK,41,无可用尺码,皮卡,Toyota,Tundra,2012,,,Double,8.1,无可用尺码,41: Toyota Tundra 2000-2026   Regular/Access/CrewMax/Double 5.5-8.1 无可用尺码
2145,1,OK,41,无可用尺码,皮卡,Toyota,Tundra,2012,,,Regular,6.5,无可用尺码,41: Toyota Tundra 2000-2026   Regular/Access/CrewMax/Double 5.5-8.1 无可用尺码
2146,1,OK,41,无可用尺码,皮卡,Toyota,Tundra,2012,,,Regular,8.1,无可用尺码,41: Toyota Tundra 2000-2026   Regular/Access/CrewMax/Double 5.5-8.1 无可用尺码
2147,1,OK,41,无可用尺码,皮卡,Toyota,Tundra,2013,,,CrewMax,5.5,无可用尺码,41: Toyota Tundra 2000-2026   Regular/Access/CrewMax/Double 5.5-8.1 无可用尺码
2148,1,OK,41,无可用尺码,皮卡,Toyota,Tundra,2013,,,Double,6.5,无可用尺码,41: Toyota Tundra 2000-2026   Regular/Access/CrewMax/Double 5.5-8.1 无可用尺码
2149,1,OK,41,无可用尺码,皮卡,Toyota,Tundra,2013,,,Double,8.1,无可用尺码,41: Toyota Tundra 2000-2026   Regular/Access/CrewMax/Double 5.5-8.1 无可用尺码
2150,1,OK,41,无可用尺码,皮卡,Toyota,Tundra,2013,,,Regular,6.5,无可用尺码,41: Toyota Tundra 2000-2026   Regular/Access/CrewMax/Double 5.5-8.1 无可用尺码
2151,1,OK,41,无可用尺码,皮卡,Toyota,Tundra,2013,,,Regular,8.1,无可用尺码,41: Toyota Tundra 2000-2026   Regular/Access/CrewMax/Double 5.5-8.1 无可用尺码
2152,1,OK,41,无可用尺码,皮卡,Toyota,Tundra,2014,,,CrewMax,5.5,无可用尺码,41: Toyota Tundra 2000-2026   Regular/Access/CrewMax/Double 5.5-8.1 无可用尺码
2153,1,OK,41,无可用尺码,皮卡,Toyota,Tundra,2014,,,Double,6.5,无可用尺码,41: Toyota Tundra 2000-2026   Regular/Access/CrewMax/Double 5.5-8.1 无可用尺码
2154,1,OK,41,无可用尺码,皮卡,Toyota,Tundra,2014,,,Double,8.1,无可用尺码,41: Toyota Tundra 2000-2026   Regular/Access/CrewMax/Double 5.5-8.1 无可用尺码
2155,1,OK,41,无可用尺码,皮卡,Toyota,Tundra,2014,,,Regular,6.5,无可用尺码,41: Toyota Tundra 2000-2026   Regular/Access/CrewMax/Double 5.5-8.1 无可用尺码
2156,1,OK,41,无可用尺码,皮卡,Toyota,Tundra,2014,,,Regular,8.1,无可用尺码,41: Toyota Tundra 2000-2026   Regular/Access/CrewMax/Double 5.5-8.1 无可用尺码
2157,1,OK,41,无可用尺码,皮卡,Toyota,Tundra,2015,,,CrewMax,5.5,无可用尺码,41: Toyota Tundra 2000-2026   Regular/Access/CrewMax/Double 5.5-8.1 无可用尺码
2158,1,OK,41,无可用尺码,皮卡,Toyota,Tundra,2015,,,Double,6.5,无可用尺码,41: Toyota Tundra 2000-2026   Regular/Access/CrewMax/Double 5.5-8.1 无可用尺码
2159,1,OK,41,无可用尺码,皮卡,Toyota,Tundra,2015,,,Double,8.1,无可用尺码,41: Toyota Tundra 2000-2026   Regular/Access/CrewMax/Double 5.5-8.1 无可用尺码
2160,1,OK,41,无可用尺码,皮卡,Toyota,Tundra,2015,,,Regular,6.5,无可用尺码,41: Toyota Tundra 2000-2026   Regular/Access/CrewMax/Double 5.5-8.1 无可用尺码
2161,1,OK,41,无可用尺码,皮卡,Toyota,Tundra,2015,,,Regular,8.1,无可用尺码,41: Toyota Tundra 2000-2026   Regular/Access/CrewMax/Double 5.5-8.1 无可用尺码
2162,1,OK,41,无可用尺码,皮卡,Toyota,Tundra,2016,,,CrewMax,5.5,无可用尺码,41: Toyota Tundra 2000-2026   Regular/Access/CrewMax/Double 5.5-8.1 无可用尺码
2163,1,OK,41,无可用尺码,皮卡,Toyota,Tundra,2016,,,Double,6.5,无可用尺码,41: Toyota Tundra 2000-2026   Regular/Access/CrewMax/Double 5.5-8.1 无可用尺码
2164,1,OK,41,无可用尺码,皮卡,Toyota,Tundra,2016,,,Double,8.1,无可用尺码,41: Toyota Tundra 2000-2026   Regular/Access/CrewMax/Double 5.5-8.1 无可用尺码
2165,1,OK,41,无可用尺码,皮卡,Toyota,Tundra,2016,,,Regular,6.5,无可用尺码,41: Toyota Tundra 2000-2026   Regular/Access/CrewMax/Double 5.5-8.1 无可用尺码
2166,1,OK,41,无可用尺码,皮卡,Toyota,Tundra,2016,,,Regular,8.1,无可用尺码,41: Toyota Tundra 2000-2026   Regular/Access/CrewMax/Double 5.5-8.1 无可用尺码
2167,1,OK,41,无可用尺码,皮卡,Toyota,Tundra,2017,,,CrewMax,5.5,无可用尺码,41: Toyota Tundra 2000-2026   Regular/Access/CrewMax/Double 5.5-8.1 无可用尺码
2168,1,OK,41,无可用尺码,皮卡,Toyota,Tundra,2017,,,Double,6.5,无可用尺码,41: Toyota Tundra 2000-2026   Regular/Access/CrewMax/Double 5.5-8.1 无可用尺码
2169,1,OK,41,无可用尺码,皮卡,Toyota,Tundra,2017,,,Double,8.1,无可用尺码,41: Toyota Tundra 2000-2026   Regular/Access/CrewMax/Double 5.5-8.1 无可用尺码
2170,1,OK,41,无可用尺码,皮卡,Toyota,Tundra,2017,,,Regular,6.5,无可用尺码,41: Toyota Tundra 2000-2026   Regular/Access/CrewMax/Double 5.5-8.1 无可用尺码
2171,1,OK,41,无可用尺码,皮卡,Toyota,Tundra,2017,,,Regular,8.1,无可用尺码,41: Toyota Tundra 2000-2026   Regular/Access/CrewMax/Double 5.5-8.1 无可用尺码
2172,1,OK,41,无可用尺码,皮卡,Toyota,Tundra,2018,,,CrewMax,5.5,无可用尺码,41: Toyota Tundra 2000-2026   Regular/Access/CrewMax/Double 5.5-8.1 无可用尺码
2173,1,OK,41,无可用尺码,皮卡,Toyota,Tundra,2018,,,Double,6.5,无可用尺码,41: Toyota Tundra 2000-2026   Regular/Access/CrewMax/Double 5.5-8.1 无可用尺码
2174,1,OK,41,无可用尺码,皮卡,Toyota,Tundra,2018,,,Double,8.1,无可用尺码,41: Toyota Tundra 2000-2026   Regular/Access/CrewMax/Double 5.5-8.1 无可用尺码
2175,1,OK,41,无可用尺码,皮卡,Toyota,Tundra,2019,,,CrewMax,5.5,无可用尺码,41: Toyota Tundra 2000-2026   Regular/Access/CrewMax/Double 5.5-8.1 无可用尺码
2176,1,OK,41,无可用尺码,皮卡,Toyota,Tundra,2019,,,Double,6.5,无可用尺码,41: Toyota Tundra 2000-2026   Regular/Access/CrewMax/Double 5.5-8.1 无可用尺码
2177,1,OK,41,无可用尺码,皮卡,Toyota,Tundra,2019,,,Double,8.1,无可用尺码,41: Toyota Tundra 2000-2026   Regular/Access/CrewMax/Double 5.5-8.1 无可用尺码
2178,1,OK,41,无可用尺码,皮卡,Toyota,Tundra,2020,,,CrewMax,5.5,无可用尺码,41: Toyota Tundra 2000-2026   Regular/Access/CrewMax/Double 5.5-8.1 无可用尺码
2179,1,OK,41,无可用尺码,皮卡,Toyota,Tundra,2020,,,Double,6.5,无可用尺码,41: Toyota Tundra 2000-2026   Regular/Access/CrewMax/Double 5.5-8.1 无可用尺码
2180,1,OK,41,无可用尺码,皮卡,Toyota,Tundra,2020,,,Double,8.1,无可用尺码,41: Toyota Tundra 2000-2026   Regular/Access/CrewMax/Double 5.5-8.1 无可用尺码
2181,1,OK,41,无可用尺码,皮卡,Toyota,Tundra,2021,,,CrewMax,5.5,无可用尺码,41: Toyota Tundra 2000-2026   Regular/Access/CrewMax/Double 5.5-8.1 无可用尺码
2182,1,OK,41,无可用尺码,皮卡,Toyota,Tundra,2021,,,Double,8.1,无可用尺码,41: Toyota Tundra 2000-2026   Regular/Access/CrewMax/Double 5.5-8.1 无可用尺码
2183,1,OK,41,无可用尺码,皮卡,Toyota,Tundra,2022,,,CrewMax,5.5,无可用尺码,41: Toyota Tundra 2000-2026   Regular/Access/CrewMax/Double 5.5-8.1 无可用尺码
2184,1,OK,41,无可用尺码,皮卡,Toyota,Tundra,2022,,,Double,6.5,无可用尺码,41: Toyota Tundra 2000-2026   Regular/Access/CrewMax/Double 5.5-8.1 无可用尺码
2185,1,OK,41,无可用尺码,皮卡,Toyota,Tundra,2022,,,Double,8.1,无可用尺码,41: Toyota Tundra 2000-2026   Regular/Access/CrewMax/Double 5.5-8.1 无可用尺码
2186,1,OK,41,无可用尺码,皮卡,Toyota,Tundra,2023,,,CrewMax,5.5,无可用尺码,41: Toyota Tundra 2000-2026   Regular/Access/CrewMax/Double 5.5-8.1 无可用尺码
2187,1,OK,41,无可用尺码,皮卡,Toyota,Tundra,2023,,,Double,6.5,无可用尺码,41: Toyota Tundra 2000-2026   Regular/Access/CrewMax/Double 5.5-8.1 无可用尺码
2188,1,OK,41,无可用尺码,皮卡,Toyota,Tundra,2023,,,Double,8.1,无可用尺码,41: Toyota Tundra 2000-2026   Regular/Access/CrewMax/Double 5.5-8.1 无可用尺码
2189,1,OK,41,无可用尺码,皮卡,Toyota,Tundra,2024,,,CrewMax,5.5,无可用尺码,41: Toyota Tundra 2000-2026   Regular/Access/CrewMax/Double 5.5-8.1 无可用尺码
2190,1,OK,41,无可用尺码,皮卡,Toyota,Tundra,2024,,,Double,6.5,无可用尺码,41: Toyota Tundra 2000-2026   Regular/Access/CrewMax/Double 5.5-8.1 无可用尺码
2191,1,OK,41,无可用尺码,皮卡,Toyota,Tundra,2024,,,Double,8.1,无可用尺码,41: Toyota Tundra 2000-2026   Regular/Access/CrewMax/Double 5.5-8.1 无可用尺码
2192,1,OK,41,无可用尺码,皮卡,Toyota,Tundra,2025,,,CrewMax,5.5,无可用尺码,41: Toyota Tundra 2000-2026   Regular/Access/CrewMax/Double 5.5-8.1 无可用尺码
2193,1,OK,41,无可用尺码,皮卡,Toyota,Tundra,2025,,,Double,6.5,无可用尺码,41: Toyota Tundra 2000-2026   Regular/Access/CrewMax/Double 5.5-8.1 无可用尺码
2194,1,OK,41,无可用尺码,皮卡,Toyota,Tundra,2025,,,Double,8.1,无可用尺码,41: Toyota Tundra 2000-2026   Regular/Access/CrewMax/Double 5.5-8.1 无可用尺码
2195,1,OK,41,无可用尺码,皮卡,Toyota,Tundra,2026,,,CrewMax,5.5,无可用尺码,41: Toyota Tundra 2000-2026   Regular/Access/CrewMax/Double 5.5-8.1 无可用尺码
2196,1,OK,41,无可用尺码,皮卡,Toyota,Tundra,2026,,,Double,6.5,无可用尺码,41: Toyota Tundra 2000-2026   Regular/Access/CrewMax/Double 5.5-8.1 无可用尺码
2197,1,OK,41,无可用尺码,皮卡,Toyota,Tundra,2026,,,Double,8.1,无可用尺码,41: Toyota Tundra 2000-2026   Regular/Access/CrewMax/Double 5.5-8.1 无可用尺码
