MAKE,MODEL,TRIM,版本,结构,CAB,BED,代际,YEAR,分类,L-MM,W-MM,H-MM,销量合计,车形,前宽-MM,后宽-MM,参考侧高,插片指数,等效长,自动尺码,自动长度余量,候选,原因,相差数值,Trims,DIMENSION-CODE,DIMENSION-ID
Acura,ADX,,,SUV,,,gen1,2025-2026,越野车,4719,1842,1621,40266,SU1,1348,1374,1309,-70,4569,YL,131,,,,ADX,25112526,Acura ADX SUV 2025-2026 US
Acura,CL,,,Coupe,,,gen1,1997-1999,跑车,4826,1781,1389,76551,SD0,1265,1204,1322,-133,4493,3XL-0,224,,,,CL,25089799,Acura CL Coupe 1997-1999 US
Acura,CL,,,Coupe,,,gen2,2001-2003,跑车,4877,1793,1410,37658,SD0,1273,1212,1347,-129,4550,3XL-0,173,,,,CL,25080103,Acura CL Coupe 2001-2003 US
Acura,ILX,,,Sedan,,,gen1,2013-2015,三厢车,4549,1793,1412,56810,SD1,1309,1434,1113,-64,4398,3L,191,,,,ILX,25071315,Acura ILX Sedan 2013-2015 US
Acura,ILX,,,Sedan,,,gen1,2016-2018,三厢车,4620,1793,1412,37627,SD1,1309,1434,1113,-64,4464,3L,120,,,,ILX,25071618,Acura ILX Sedan 2016-2018 US
Acura,ILX,,,Sedan,,,gen1,2019-2022,三厢车,4628,1793,1412,48295,SD1,1309,1434,1113,-64,4472,3L,112,,,,ILX,25071922,Acura ILX Sedan 2019-2022 US
Acura,Integra,,,Coupe,,,gen3,1994,跑车,4379,1709,1290,33713,SD0,1213,1155,1199,-158,4022,3M-0,181,,,,Integra,25029494,Acura Integra Coupe 1994 US
Acura,Integra,,,Coupe,,,gen3,1995-2001,跑车,4379,1709,1336,123527,SD0,1213,1155,1241,-158,4022,3M-0,181,,,,Integra,25029501,Acura Integra Coupe 1995-2001 US
Acura,Integra,,,Hatchback,,,gen1,1986-1989,两厢车,4356,1666,1346,217455,H0,1196,1220,1015,-146,4040,无可用尺码,,2L,超长,216,Integra,25028689,Acura Integra Hatchback 1986-1989 US
Acura,Integra,,,Hatchback,,,gen2,1990,两厢车,4392,1712,1326,41780,H0,1229,1253,1017,-130,4116,无可用尺码,,2L,超长,252,Integra,25029090,Acura Integra Hatchback 1990 US
Acura,Integra,,,Hatchback,,,gen2,1991-1993,两厢车,4392,1714,1270,89344,H0,1231,1255,973,-128,4118,无可用尺码,,2L,超长,252,Integra,25029193,Acura Integra Hatchback 1991-1993 US
Acura,Integra,,,Hatchback,,,gen5,2023-2026,两厢车,4719,1829,1410,80400,H0,1313,1339,1133,-87,4524,无可用尺码,,2L,超长,579,Integra,25022326,Acura Integra Hatchback 2023-2026 US
Acura,Integra,,,Sedan,,,gen2,1990,三厢车,4483,1712,1341,41779,SD0,1216,1157,1247,-157,4119,3L,257,,,,Integra,25029090,Acura Integra Sedan 1990 US
Acura,Integra,,,Sedan,,,gen2,1991-1993,三厢车,4483,1714,1285,89342,SD0,1217,1159,1197,-156,4121,3L,257,,,,Integra,25029193,Acura Integra Sedan 1991-1993 US
Acura,Integra,,,Sedan,,,gen3,1994,三厢车,4524,1709,1323,33713,SD0,1213,1155,1229,-158,4153,3L,216,,,,Integra,25029494,Acura Integra Sedan 1994 US
Acura,Integra,,,Sedan,,,gen3,1995-2001,三厢车,4524,1709,1369,123525,SD0,1213,1155,1271,-158,4153,3L,216,,,,Integra,25029501,Acura Integra Sedan 1995-2001 US
Acura,Integra,,Type S,Hatchback,,,gen5,2024-2026,两厢车,4724,1900,1407,10353,H0,1364,1391,1159,-61,4594,无可用尺码,,5XL,超余量,576,Integra,25022426,Acura Integra Type S Hatchback 2024-2026 US
Acura,Legend,,,Coupe,,,gen1,1987-1990,跑车,4775,1745,1369,121894,SD2,1745,1745,1077,122,5020,无可用尺码,,3XL-0,插片指数超上限,2,Legend,25048790,Acura Legend Coupe 1987-1990 US
Acura,Legend,,,Coupe,,,gen2,1991-1995,跑车,4890,1811,1364,104226,SD1,1322,1449,1081,-57,4732,3XL-0,160,,,,Legend,25049195,Acura Legend Coupe 1991-1995 US
Acura,Legend,,,Sedan,,,gen1,1986-1988,三厢车,4811,1735,1389,87803,SD2,1735,1735,1089,118,5046,3XL-0,239,,,,Legend,25048688,Acura Legend Sedan 1986-1988 US
Acura,Legend,,,Sedan,,,gen1,1989-1990,三厢车,4841,1750,1389,59152,SD2,1750,1750,1095,125,5091,无可用尺码,,3XL-0,插片指数超上限,5,Legend,25048990,Acura Legend Sedan 1989-1990 US
Acura,Legend,,,Sedan,,,gen2,1991-1995,三厢车,4950,1811,1400,104223,SD1,1322,1449,1111,-57,4788,3XL-0,100,,,,Legend,25049195,Acura Legend Sedan 1991-1995 US
Acura,MDX,,,SUV,,,gen1,2001-2002,越野车,4788,1938,1745,93905,SU1,1419,1446,1448,-34,4722,YL,62,,,,MDX,25000102,Acura MDX SUV 2001-2002 US
Acura,MDX,,,SUV,,,gen1,2003,越野车,4788,1956,1745,57281,SU1,1432,1459,1456,-27,4738,YL,62,,,,MDX,25000303,Acura MDX SUV 2003 US
Acura,MDX,,,SUV,,,gen1,2004,越野车,4793,1956,1745,59505,SU1,1432,1459,1456,-27,4743,YL,57,,,,MDX,25000404,Acura MDX SUV 2004 US
Acura,MDX,,,SUV,,,gen1,2005-2006,越野车,4793,1956,1811,112069,SU1,1432,1459,1509,-27,4743,YL,57,,,,MDX,25000506,Acura MDX SUV 2005-2006 US
Acura,MDX,,,SUV,,,gen2,2007,越野车,4844,1994,1674,58606,SU1,1460,1488,1414,-13,4825,YL,6,,,,MDX,25000707,Acura MDX SUV 2007 US
Acura,MDX,,,SUV,,,gen2,2008-2009,越野车,4844,1994,1732,76555,SU1,1460,1488,1460,-13,4825,YL,6,,,,MDX,25000809,Acura MDX SUV 2008-2009 US
Acura,MDX,,,SUV,,,gen2,2010-2013,越野车,4867,1994,1732,194375,SU1,1460,1488,1460,-13,4846,YXL,153,,,,MDX,25001013,Acura MDX SUV 2010-2013 US
Acura,MDX,,,SUV,,,gen3,2014-2016,越野车,4917,1961,1717,179306,SU1,1435,1463,1435,-26,4862,YXL,103,,,,MDX,25001416,Acura MDX SUV 2014-2016 US
Acura,MDX,,,SUV,,,gen3,2017-2020,越野车,4983,1976,1712,206233,SU1,1446,1474,1437,-20,4937,YXL,37,,,,MDX,25001720,Acura MDX SUV 2017-2020 US
Acura,MDX,,,SUV,,,gen4,2022-2024,越野车,5039,1991,1704,154136,SU1,1457,1485,1437,-14,5003,无可用尺码,,YXL,超长,19,MDX,25002224,Acura MDX SUV 2022-2024 US
Acura,MDX,,Type S,SUV,,,gen4,2025-2026,越野车,5039,1999,1725,65561,SU1,1463,1491,1457,-12,5010,无可用尺码,,YXL,超长,19,MDX,25002526,Acura MDX Type S SUV 2025-2026 US
Acura,NSX,,,Coupe,,,gen1,1991-1994,跑车,4425,1811,1171,4279,SD0,1286,1224,1138,-122,4156,3M-0,135,,,,NSX,25149194,Acura NSX Coupe 1991-1994 US
Acura,NSX,,,Coupe,,,gen1,1995,跑车,4404,1811,1171,884,SD0,1286,1224,1138,-122,4137,3M-0,156,,,,NSX,25149595,Acura NSX Coupe 1995 US
Acura,NSX,,,Coupe,,,gen1,1996-2005,跑车,4425,1811,1171,2657,SD0,1286,1224,1138,-122,4156,3M-0,135,,,,NSX,25149605,Acura NSX Coupe 1996-2005 US
Acura,NSX,,,Coupe,,,gen2,2017-2021,跑车,4473,1862,1214,1241,SD0,1322,1259,1200,-105,4246,3M-0,87,,,,NSX,25141721,Acura NSX Coupe 2017-2021 US
Acura,NSX,,Type S,Coupe,,,gen2,2022,跑车,4534,1938,1214,298,SD0,1376,1310,1234,-78,4370,3M-0,26,,,,NSX,25142222,Acura NSX Type S Coupe 2022 US
Acura,RDX,,,SUV,,,gen1,2007-2009,越野车,4590,1869,1656,49354,SU1,1368,1394,1348,-60,4475,YM,40,,,,RDX,25030709,Acura RDX SUV 2007-2009 US
Acura,RDX,,,SUV,,,gen1,2010-2012,越野车,4636,1869,1654,59691,SU1,1368,1394,1347,-60,4517,YL,214,,,,RDX,25031012,Acura RDX SUV 2010-2012 US
Acura,RDX,,,SUV,,,gen2,2013-2015,越野车,4661,1872,1679,140641,SU1,1370,1397,1368,-58,4543,YL,189,,,,RDX,25031315,Acura RDX SUV 2013-2015 US
Acura,RDX,,,SUV,,,gen2,2016-2018,越野车,4684,1872,1651,167236,SU1,1370,1397,1345,-58,4564,YL,166,,,,RDX,25031618,Acura RDX SUV 2016-2018 US
Acura,RDX,,,SUV,,,gen3,2020-2021,越野车,4742,1900,1669,109798,SU1,1391,1417,1371,-48,4644,YL,108,,,,RDX,25032021,Acura RDX SUV 2020-2021 US
Acura,RDX,,,SUV,,,gen3,2022-2026,越野车,4760,1900,1669,152368,SU1,1391,1417,1371,-48,4660,YL,90,,,,RDX,25032226,Acura RDX SUV 2022-2026 US
Acura,RL,,,Sedan,,,gen1,1996-1998,三厢车,4956,1811,1384,46876,SD1,1322,1449,1098,-57,4793,3XL-0,94,,,,RL,25109698,Acura RL Sedan 1996-1998 US
Acura,RL,,,Sedan,,,gen1,1999,三厢车,4956,1821,1433,13366,SD1,1329,1457,1141,-54,4803,3XL-0,94,,,,RL,25109999,Acura RL Sedan 1999 US
Acura,RL,,,Sedan,,,gen1,2000-2003,三厢车,4994,1819,1435,41771,SD1,1328,1455,1142,-54,4836,3XL-0,56,,,,RL,25100003,Acura RL Sedan 2000-2003 US
Acura,RL,,,Sedan,,,gen1,2004,三厢车,4994,1819,1384,8753,SD1,1328,1455,1101,-54,4836,3XL-0,56,,,,RL,25100404,Acura RL Sedan 2004 US
Acura,RLX,,,Sedan,,,gen1,2014-2017,三厢车,4981,1890,1466,8323,SD1,1380,1512,1196,-27,4890,3XL-0,69,,,,RLX,25131417,Acura RLX Sedan 2014-2017 US
Acura,RLX,,,Sedan,,,gen1,2018,三厢车,5024,1890,1466,1931,SD1,1380,1512,1196,-27,4930,3XL-0,26,,,,RLX,25131818,Acura RLX Sedan 2018 US
Acura,RLX,,,Sedan,,,gen1,2019-2020,三厢车,5032,1890,1466,2073,SD1,1380,1512,1196,-27,4937,3XL-0,18,,,,RLX,25131920,Acura RLX Sedan 2019-2020 US
Acura,RSX,,,Hatchback,,,gen1,2002,两厢车,4374,1725,1400,30117,SD0,1225,1166,1307,-152,4032,无可用尺码,,2L,超长,234,RSX,25090202,Acura RSX Hatchback 2002 US
Acura,RSX,,,Hatchback,,,gen1,2003-2004,两厢车,4374,1725,1394,46232,SD0,1225,1166,1301,-152,4032,无可用尺码,,2L,超长,234,RSX,25090304,Acura RSX Hatchback 2003-2004 US
Acura,RSX,,,Hatchback,,,gen1,2005-2006,两厢车,4379,1725,1394,37805,SD0,1225,1166,1301,-152,4036,无可用尺码,,2L,超长,239,RSX,25090506,Acura RSX Hatchback 2005-2006 US
Acura,SLX,,,SUV,,,gen1,1996,越野车,4661,1839,1834,2565,SU2,1287,1526,1417,-47,4512,YL,189,,,,SLX,25159696,Acura SLX SUV 1996 US
Acura,SLX,,,SUV,,,gen1,1997,越野车,4544,1834,1834,1299,SU2,1284,1522,1415,-48,4400,YM,86,,,,SLX,25159797,Acura SLX SUV 1997 US
Acura,SLX,,,SUV,,,gen1,1998-1999,越野车,4770,1834,1834,2328,SU2,1284,1522,1415,-48,4609,YL,80,,,,SLX,25159899,Acura SLX SUV 1998-1999 US
Acura,TL,,SH-AWD,Sedan,,,gen4,2009-2014,三厢车,4928,1880,1453,167412,SD1,1372,1504,1181,-31,4831,3XL-0,122,,,,TL,25010914,Acura TL SH-AWD Sedan 2009-2014 US
Acura,TL,,,Sedan,,,gen1,1996-1998,三厢车,4869,1801,1415,79734,SD1,1315,1441,1119,-61,4703,3XL-0,181,,,,TL,25019698,Acura TL Sedan 1996-1998 US
Acura,TL,,Type-S,Sedan,,,gen2,1999,三厢车,4900,1786,1415,56566,SD1,1304,1429,1113,-67,4718,3XL-0,150,,,,TL,25019999,Acura TL Type-S Sedan 1999 US
Acura,TL,,Type-S,Sedan,,,gen2,2000-2003,三厢车,4900,1786,1425,254051,SD1,1304,1429,1121,-67,4718,3XL-0,150,,,,TL,25010003,Acura TL Type-S Sedan 2000-2003 US
Acura,TL,,Type-S,Sedan,,,gen3,2004-2008,三厢车,4821,1834,1440,332772,SD1,1339,1467,1152,-48,4689,3XL-0,229,,,,TL,25010408,Acura TL Type-S Sedan 2004-2008 US
Acura,TLX,,,Sedan,,,gen1,2015-2017,三厢车,4834,1854,1448,119082,SD1,1353,1483,1167,-41,4720,3XL-0,216,,,,TLX,25061517,Acura TLX Sedan 2015-2017 US
Acura,TLX,,,Sedan,,,gen1,2018-2020,三厢车,4851,1854,1448,78801,SD1,1353,1483,1167,-41,4736,3XL-0,199,,,,TLX,25061820,Acura TLX Sedan 2018-2020 US
Acura,TLX,,Type S,Sedan,,,gen2,2021-2025,三厢车,4943,1910,1433,69847,SD1,1394,1528,1177,-20,4873,3XL-0,107,,,,TLX,25062125,Acura TLX Type S Sedan 2021-2025 US
Acura,TSX,,,Sedan,,,gen1,2004-2008,三厢车,4661,1763,1455,168291,SD1,1287,1410,1136,-76,4474,3L,79,,,,TSX,25050408,Acura TSX Sedan 2004-2008 US
Acura,TSX,,,Sedan,,,gen2,2009,三厢车,4729,1842,1440,28650,SD1,1345,1474,1155,-45,4611,3L,11,,,,TSX,25050909,Acura TSX Sedan 2009 US
Acura,TSX,,,Sedan,,,gen2,2010-2014,三厢车,4714,1839,1440,73863,SD1,1342,1471,1154,-47,4594,3L,26,,,,TSX,25051014,Acura TSX Sedan 2010-2014 US
Acura,TSX,,,Wagon,,,gen2,2011,两厢车,4811,1839,1471,15467,H2,1291,1379,1172,-82,4598,5XL,489,,,,TSX,25051111,Acura TSX Wagon 2011 US
Acura,TSX,,,Wagon,,,gen2,2012-2014,两厢车,4806,1839,1471,26317,H2,1291,1379,1172,-82,4593,5XL,494,,,,TSX,25051214,Acura TSX Wagon 2012-2014 US
Acura,ZDX,,,SUV,,,gen1,2010-2013,越野车,4887,1994,1595,5960,SU0,1336,1396,1350,-67,4762,YXL,133,,,,,25121013,Acura ZDX SUV 2010-2013 US
Acura,ZDX,,,SUV,,,gen2,2024-2025,越野车,5022,1956,1636,19396,SU1,1432,1459,1367,-27,4955,无可用尺码,,YXL,超长,2,ZDX,25122425,Acura ZDX SUV 2024-2025 US
Alfa Romeo,4C,,,Convertible,,,gen1,2016-2020,跑车,3988,1867,1186,993,SD0,1326,1262,1177,-103,3810,3S-0,232,,,,4C,42031620,Alfa Romeo 4C Convertible 2016-2020 US
Alfa Romeo,4C,,,Coupe,,,gen1,2015,跑车,3988,1867,1184,200,SD0,1326,1262,1175,-103,3810,3S-0,232,,,,4C,42031515,Alfa Romeo 4C Coupe 2015 US
Alfa Romeo,GIULIA,,Quadrifoglio,Sedan,,,gen1,2020,三厢车,4638,1875,1425,1448,SD1,1369,1500,1157,-33,4557,3L,102,,,,Giulia,42012020,Alfa Romeo GIULIA Quadrifoglio Sedan 2020 US
Alfa Romeo,GIULIA,,,Sedan,,,gen1,2017-2019,三厢车,4638,1872,1450,29127,SD1,1367,1498,1176,-34,4554,3L,102,,,,Giulia,42011719,Alfa Romeo GIULIA Sedan 2017-2019 US
Alfa Romeo,GIULIA,,,Sedan,,,gen1,2020,三厢车,4643,1859,1435,6755,SD1,1357,1487,1158,-39,4547,3L,97,,,,Giulia,42012020,Alfa Romeo GIULIA Sedan 2020 US
Alfa Romeo,GIULIA,,,Sedan,,,gen1,2021-2024,三厢车,4636,1872,1450,18506,SD1,1367,1498,1176,-34,4552,3L,104,,,,Giulia,42012124,Alfa Romeo GIULIA Sedan 2021-2024 US
Alfa Romeo,GIULIA,,,Sedan,,,gen1,2025-2026,三厢车,4641,1859,1448,1366,SD1,1357,1487,1169,-39,4545,3L,99,,,,Giulia,42012526,Alfa Romeo GIULIA Sedan 2025-2026 US
Alfa Romeo,Stelvio,,,SUV,,,gen1,2018-2024,越野车,4702,1956,1684,58564,SU1,1432,1459,1406,-27,4659,YL,148,,,,Stelvio,42001824,Alfa Romeo Stelvio SUV 2018-2024 US
Alfa Romeo,Stelvio,,,SUV,,,gen1,2025-2026,越野车,4689,1902,1676,1872,SU1,1392,1419,1378,-47,4597,YL,161,,,,Stelvio,42002526,Alfa Romeo Stelvio SUV 2025-2026 US
Alfa Romeo,Tonale,,,SUV,,,gen1,2024-2026,越野车,4529,1839,1605,5797,SU1,1346,1372,1295,-70,4390,YM,101,,,,Tonale,42022426,Alfa Romeo Tonale SUV 2024-2026 US
Audi,90,,,Sedan,,,gen1,1995,三厢车,4580,1717,1379,3376,SD1,1253,1374,1056,-93,4356,3L,160,,,,90 | 90 Quattro,26349595,Audi 90 Sedan 1995 US
Audi,A3,,,Hatchback,,,gen1,2006-2008,两厢车,4285,1765,1422,19153,H0,1267,1292,1117,-110,4066,无可用尺码,,2L,超长,145,A3 | A3 Quattro,26210608,Audi A3 Hatchback 2006-2008 US
Audi,A3,,,Hatchback,,,gen1,2009-2013,两厢车,4293,1765,1422,25055,H0,1267,1292,1117,-110,4073,无可用尺码,,2L,超长,153,A3 | A3 Quattro,26210913,Audi A3 Hatchback 2009-2013 US
Audi,A3 e-tron,,,Hatchback,,,gen1,2016-2018,两厢车,4310,1786,1425,9754,H0,1282,1307,1128,-103,4108,无可用尺码,,2L,超长,170,,26271618,Audi A3 e-tron Hatchback 2016-2018 US
Audi,A3/S3,,,Sedan,,,gen2,2015-2016,三厢车,4468,1796,1415,67522,SD1,1311,1437,1117,-63,4326,3L,272,,,,A3 | A3 Quattro | A3 Sportback etron | S3,26191516,Audi A3/S3 Sedan 2015-2016 US
Audi,A3/S3/RS3,,,Sedan,,,gen2,2017-2020,三厢车,4478,1796,1415,62271,SD1,1311,1437,1117,-63,4335,3L,262,,,,A3 | A3 Quattro | A3 Sportback etron | RS3 | S3,26131720,Audi A3/S3/RS3 Sedan 2017-2020 US
Audi,A3/S3/RS3,,,Sedan,,,gen3,2022-2024,三厢车,4542,1852,1427,34503,SD1,1352,1482,1149,-42,4446,3L,198,,,,A3 | A3 Quattro | RS3 | S3,26132224,Audi A3/S3/RS3 Sedan 2022-2024 US
Audi,A3/S3/RS3,,,Sedan,,,gen3,2025-2026,三厢车,4534,1852,1427,15535,SD1,1352,1482,1149,-42,4439,3L,206,,,,A3 | A3 Quattro | RS3 | S3,26132526,Audi A3/S3/RS3 Sedan 2025-2026 US
Audi,A4,,,Convertible,,,gen2,2003,跑车,4572,1778,1392,17015,SD1,1298,1422,1091,-70,4406,3L-0,168,,,,A4 | A4 Quattro,26030303,Audi A4 Convertible 2003 US
Audi,A4,,,Sedan,,,gen1,1996-1999,三厢车,4521,1732,1417,78863,SD1,1264,1386,1092,-88,4315,3L,219,,,,A4 | A4 Quattro,26039699,Audi A4 Sedan 1996-1999 US
Audi,A4,,,Sedan,,,gen2,2002-2003,三厢车,4547,1765,1427,39174,SD1,1288,1412,1114,-75,4370,3L,193,,,,A4 | A4 Quattro,26030203,Audi A4 Sedan 2002-2003 US
Audi,A4,,,Sedan,,,gen4,2009,三厢车,4704,1826,1427,18535,SD1,1333,1461,1138,-52,4573,3L,36,,,,A4 | A4 Quattro,26030909,Audi A4 Sedan 2009 US
Audi,A4,,,Wagon,,,gen1,1999,两厢车,4488,1732,1440,16068,H2,1216,1299,1104,-121,4204,无可用尺码,,2L,超长,348,A4 | A4 Quattro,26039999,Audi A4 Wagon 1999 US
Audi,A4,,,Wagon,,,gen2,2002-2003,两厢车,4547,1765,1453,39173,H2,1239,1324,1128,-109,4288,无可用尺码,,2L,超长,407,A4 | A4 Quattro,26030203,Audi A4 Wagon 2002-2003 US
Audi,A4,,,Wagon,,,gen4,2009-2012,两厢车,4704,1826,1435,125688,H2,1282,1370,1138,-87,4488,无可用尺码,,2L,超长,564,A4 | A4 Quattro,26030912,Audi A4 Wagon 2009-2012 US
Audi,A4 allroad quattro,,,Wagon,,,gen1,2013-2016,两厢车,4722,1842,1473,13900,H2,1293,1382,1175,-81,4519,无可用尺码,,5XL,超余量,578,A4 allroad | allroad,26091316,Audi A4 allroad quattro Wagon 2013-2016 US
Audi,A4 allroad quattro,,,Wagon,,,gen2,2017-2019,两厢车,4750,1842,1494,48310,H2,1293,1382,1192,-81,4545,5XL,550,,,,A4 allroad,26091719,Audi A4 allroad quattro Wagon 2017-2019 US
Audi,A4 allroad quattro,,,Wagon,,,gen2,2020-2025,两厢车,4762,1847,1494,117084,H2,1297,1385,1194,-80,4560,5XL,538,,,,A4 allroad,26092025,Audi A4 allroad quattro Wagon 2020-2025 US
Audi,A4/S4,,,Convertible,,,gen2,2004-2005,跑车,4572,1778,1392,29883,SD1,1298,1422,1091,-70,4406,3L-0,168,,,,A4 | A4 Quattro | S4,26000405,Audi A4/S4 Convertible 2004-2005 US
Audi,A4/S4,,,Convertible,,,gen3,2006-2009,跑车,4572,1778,1392,98069,SD1,1298,1422,1091,-70,4406,3L-0,168,,,,A4 | A4 Quattro | S4,26000609,Audi A4/S4 Convertible 2006-2009 US
Audi,A4/S4,,,Sedan,,,gen1,2000-2001,三厢车,4521,1732,1417,46989,SD1,1264,1386,1092,-88,4315,3L,219,,,,A4 | A4 Quattro | S4,26000001,Audi A4/S4 Sedan 2000-2001 US
Audi,A4/S4,,,Sedan,,,gen2,2004-2005,三厢车,4547,1765,1427,29881,SD1,1288,1412,1114,-75,4370,3L,193,,,,A4 | A4 Quattro | S4,26000405,Audi A4/S4 Sedan 2004-2005 US
Audi,A4/S4,,,Sedan,,,gen3,2006,三厢车,4587,1773,1427,16621,SD1,1294,1418,1117,-72,4415,3L,153,,,,A4 | A4 Quattro | S4,26000606,Audi A4/S4 Sedan 2006 US
Audi,A4/S4,,,Sedan,,,gen4,2010-2012,三厢车,4704,1826,1427,107153,SD1,1333,1461,1138,-52,4573,3L,36,,,,A4 | A4 Quattro | S4,26001012,Audi A4/S4 Sedan 2010-2012 US
Audi,A4/S4,,,Sedan,,,gen4,2013-2016,三厢车,4717,1826,1427,144425,SD1,1333,1461,1138,-52,4585,3L,23,,,,A4 | A4 Quattro | A4 allroad | S4,26001316,Audi A4/S4 Sedan 2013-2016 US
Audi,A4/S4,,,Sedan,,,gen5,2017-2019,三厢车,4745,1842,1427,97966,SD1,1345,1474,1145,-45,4626,3XL-0,305,,,,A4 | A4 Quattro | A4 allroad | S4,26001719,Audi A4/S4 Sedan 2017-2019 US
Audi,A4/S4,,,Sedan,,,gen5,2020-2025,三厢车,4762,1847,1427,72141,SD1,1348,1478,1147,-44,4646,3XL-0,288,,,,A4 | A4 Quattro | A4 allroad | S4,26002025,Audi A4/S4 Sedan 2020-2025 US
Audi,A4/S4,,,Wagon,,,gen1,2000-2001,两厢车,4488,1732,1440,46987,H2,1216,1299,1104,-121,4204,无可用尺码,,2L,超长,348,A4 | A4 Quattro | S4,26000001,Audi A4/S4 Wagon 2000-2001 US
Audi,A4/S4,,,Wagon,,,gen2,2004-2005,两厢车,4547,1765,1453,29881,H2,1239,1324,1128,-109,4288,无可用尺码,,2L,超长,407,A4 | A4 Quattro | S4,26000405,Audi A4/S4 Wagon 2004-2005 US
Audi,A4/S4,,,Wagon,,,gen3,2006-2008,两厢车,4587,1773,1427,60997,H2,1245,1330,1110,-106,4332,无可用尺码,,2L,超长,447,A4 | A4 Quattro | S4,26000608,Audi A4/S4 Wagon 2006-2008 US
Audi,A4/S4/RS4,,,Convertible,,,gen3,2008,跑车,4572,1814,1392,21672,SD1,1324,1451,1105,-56,4439,3L-0,168,,,,A4 | A4 Quattro | RS4 | S4,26150808,Audi A4/S4/RS4 Convertible 2008 US
Audi,A4/S4/RS4,,,Sedan,,,gen3,2007-2008,三厢车,4590,1816,1427,67083,SD1,1326,1453,1134,-55,4458,3L,150,,,,A4 | A4 Quattro | RS4 | S4,26150708,Audi A4/S4/RS4 Sedan 2007-2008 US
Audi,A5/S5,,,Convertible,,,gen1,2010-2013,跑车,4641,1854,1377,58987,SD0,1316,1253,1344,-108,4391,3L-0,99,,,,A5 | A5 Quattro | S5,26041013,Audi A5/S5 Convertible 2010-2013 US
Audi,A5/S5,,,Convertible,,,gen2,2019-2024,跑车,4696,1847,1384,149183,SD0,1311,1249,1348,-110,4435,3L-0,44,,,,A5 | A5 Quattro | A5 Sportback | S5 | S5 Sportback,26041924,Audi A5/S5 Convertible 2019-2024 US
Audi,A5/S5,,,Coupe,,,gen1,2008-2012,跑车,4641,1854,1372,40598,SD0,1316,1253,1340,-108,4391,3L-0,99,,,,A5 | A5 Quattro | S5,26040812,Audi A5/S5 Coupe 2008-2012 US
Audi,A5/S5,,,Liftback,,,gen3,2026,三厢车,4834,1859,1448,19855,SD0,1320,1257,1411,-106,4571,3XL-0,216,,,,,26042626,Audi A5/S5 Liftback 2026 US
Audi,A5/S5/RS5,,,Convertible,,,gen1,2014-2017,跑车,4648,1859,1377,29605,SD0,1320,1257,1347,-106,4402,3L-0,92,,,,A5 | A5 Quattro | RS5 | S5,26061417,Audi A5/S5/RS5 Convertible 2014-2017 US
Audi,A5/S5/RS5,,,Coupe,,,gen1,2013-2017,跑车,4648,1859,1372,48268,SD0,1320,1257,1342,-106,4402,3L-0,92,,,,A5 | A5 Quattro | RS5 | S5,26061317,Audi A5/S5/RS5 Coupe 2013-2017 US
Audi,A5/S5/RS5,,,Coupe,,,gen2,2018-2024,跑车,4722,1867,1372,76496,SD0,1326,1262,1346,-103,4476,3L-0,18,,,,A5 | A5 Quattro | A5 Sportback | RS5 | RS5 Sportback | S5 | S5 Sportback,26061824,Audi A5/S5/RS5 Coupe 2018-2024 US
Audi,A5/S5/RS5,,,Liftback,,,gen2,2018-2019,三厢车,4783,1867,1400,24116,SD0,1326,1262,1371,-103,4532,3XL-0,267,,,,,26061819,Audi A5/S5/RS5 Liftback 2018-2019 US
Audi,A5/S5/RS5,,,Liftback,,,gen2,2020-2024,三厢车,4757,1867,1400,52377,SD0,1326,1262,1371,-103,4508,3XL-0,293,,,,,26062024,Audi A5/S5/RS5 Liftback 2020-2024 US
Audi,A5/S5/RS5,,,Liftback,,,gen2,2025,三厢车,4783,1867,1400,16886,SD0,1326,1262,1371,-103,4532,3XL-0,267,,,,,26062525,Audi A5/S5/RS5 Liftback 2025 US
Audi,A6,,,Sedan,,,gen2,1998-2000,三厢车,4877,1811,1453,41645,SD1,1322,1449,1153,-57,4720,3XL-0,173,,,,A6 | A6 Quattro,26089800,Audi A6 Sedan 1998-2000 US
Audi,A6,,,Sedan,,,gen6,2026,三厢车,4999,1875,1458,8370,SD1,1369,1500,1183,-33,4893,3XL-0,51,,,,A6 | A6 Quattro | A6 allroad,26082626,Audi A6 Sedan 2026 US
Audi,A6,,,Wagon,,,gen2,1998-2000,两厢车,4877,1811,1478,41642,H2,1271,1358,1166,-93,4633,5XL,423,,,,A6 | A6 Quattro,26089800,Audi A6 Wagon 1998-2000 US
Audi,A6,,,Wagon,,,gen3,2006-2011,两厢车,4933,1857,1478,113237,H2,1304,1393,1185,-76,4726,5XL,367,,,,A6 | A6 Quattro,26080611,Audi A6 Wagon 2006-2011 US
Audi,A6 allroad quattro,,,Wagon,,,gen1,2001-2005,两厢车,4811,1933,1527,25242,H2,1357,1450,1255,-48,4684,5XL,489,,,,Allroad Quattro,26140105,Audi A6 allroad quattro Wagon 2001-2005 US
Audi,A6 allroad quattro,,,Wagon,,,gen2,2020-2025,两厢车,4950,1902,1496,65046,H2,1335,1426,1217,-60,4783,5XL,350,,,,A6 allroad,26142025,Audi A6 allroad quattro Wagon 2020-2025 US
Audi,A6 e-tron/S6 e-tron,,,Liftback,,,gen1,2025,三厢车,4930,1923,1501,3734,SD1,1404,1538,1237,-14,4873,3XL-0,120,,,,,26332525,Audi A6 e-tron/S6 e-tron Liftback 2025 US
Audi,A6/S6,,,Sedan,,,gen1,1995-1997,三厢车,4892,1783,1438,94137,SD1,1302,1426,1130,-68,4708,3XL-0,158,,,,A6 | A6 Quattro | S6,26029597,Audi A6/S6 Sedan 1995-1997 US
Audi,A6/S6,,,Sedan,,,gen3,2005-2011,三厢车,4928,1864,1460,84923,SD1,1361,1491,1180,-37,4817,3XL-0,122,,,,A6 | A6 Quattro | S6,26020511,Audi A6/S6 Sedan 2005-2011 US
Audi,A6/S6,,,Sedan,,,gen4,2012-2018,三厢车,4938,1875,1468,133768,SD1,1369,1500,1191,-33,4836,3XL-0,112,,,,A6 | A6 Quattro | S6,26021218,Audi A6/S6 Sedan 2012-2018 US
Audi,A6/S6,,,Sedan,,,gen5,2019-2025,三厢车,4953,1887,1458,82853,SD1,1378,1510,1188,-28,4861,3XL-0,97,,,,A6 | A6 Quattro | A6 Sportback etron | A6 Sportback etron Quattro | A6 allroad | S6 | S6 Sportback etron,26021925,Audi A6/S6 Sedan 2019-2025 US
Audi,A6/S6,,,Wagon,,,gen2,2001-2004,两厢车,4912,1933,1478,96309,H2,1357,1450,1215,-48,4777,5XL,388,,,,A6 | A6 Quattro | S6,26020104,Audi A6/S6 Wagon 2001-2004 US
Audi,A6/S6/RS6,,,Sedan,,,gen2,2001-2004,三厢车,4877,1991,1450,67994,SD1,1453,1593,1224,12,4887,3XL-0,173,,,,A6 | A6 Quattro | RS6 | S6,26180104,Audi A6/S6/RS6 Sedan 2001-2004 US
Audi,A7/S7/RS7,,,Liftback,,,gen1,2012-2018,三厢车,5011,1910,1420,48155,SD1,1394,1528,1167,-20,4937,3XL-0,39,,,,,26201218,Audi A7/S7/RS7 Liftback 2012-2018 US
Audi,A7/S7/RS7,,,Liftback,,,gen2,2019-2025,三厢车,5009,1951,1425,18169,SD1,1424,1561,1187,-4,4973,3XL-0,41,,,,,26201925,Audi A7/S7/RS7 Liftback 2019-2025 US
Audi,A8/S8,,LWB,Sedan,,,gen1,2000-2003,三厢车,5164,1880,1438,6196,SD1,1372,1504,1169,-31,5051,3XXL-550,336,,,,A8 | A8 Quattro | S8,26100003,Audi A8/S8 LWB Sedan 2000-2003 US
Audi,A8/S8,,LWB,Sedan,,,gen2,2004-2010,三厢车,5192,1895,1455,4952,SD1,1383,1516,1189,-25,5091,3XXL-550,308,,,,A8 Quattro | S8,26100410,Audi A8/S8 LWB Sedan 2004-2010 US
Audi,A8/S8,,LWB,Sedan,,,gen3,2011-2018,三厢车,5268,1948,1471,6668,SD1,1422,1558,1223,-5,5211,3XXL-550,232,,,,A8 Quattro | S8,26101118,Audi A8/S8 LWB Sedan 2011-2018 US
Audi,A8/S8,,,Sedan,,,gen1,1997-2003,三厢车,5034,1880,1438,59281,SD1,1372,1504,1169,-31,4930,3XL-0,16,,,,A8 | A8 Quattro | S8,26109703,Audi A8/S8 Sedan 1997-2003 US
Audi,A8/S8,,,Sedan,,,gen2,2004-2010,三厢车,5062,1895,1445,23114,SD1,1383,1516,1181,-25,4970,3XXL-550,438,,,,A8 Quattro | S8,26100410,Audi A8/S8 Sedan 2004-2010 US
Audi,A8/S8,,,Sedan,,,gen3,2011-2018,三厢车,5146,1948,1460,31115,SD1,1422,1558,1214,-5,5097,3XXL-550,354,,,,A8 Quattro | S8,26101118,Audi A8/S8 Sedan 2011-2018 US
Audi,A8/S8,,,Sedan,,,gen4,2019-2026,三厢车,5321,1946,1486,17450,SD1,1421,1557,1234,-6,5258,3XXL-550,179,,,,A8 Quattro | S8,26101926,Audi A8/S8 Sedan 2019-2026 US
Audi,Cabriolet,,,Convertible,,,gen1,1995-1998,跑车,4369,1720,1379,4185,SD0,1221,1163,1285,-154,4023,3M-0,191,,,,Cabriolet,26329598,Audi Cabriolet Convertible 1995-1998 US
Audi,Q3,,,SUV,,,gen1,2015-2018,越野车,4389,1834,1590,70929,SU1,1342,1368,1281,-72,4256,YM,241,,,,Q3 | Q3 Quattro,26051518,Audi Q3 SUV 2015-2018 US
Audi,Q3,,,SUV,,,gen2,2019-2020,越野车,4486,1849,1628,42079,SU1,1353,1379,1318,-67,4360,YM,144,,,,Q3,26051920,Audi Q3 SUV 2019-2020 US
Audi,Q3,,,SUV,,,gen2,2021-2025,越野车,4486,1849,1598,137388,SU1,1353,1379,1293,-67,4360,YM,144,,,,Q3,26052125,Audi Q3 SUV 2021-2025 US
Audi,Q3,,,SUV,,,gen3,2026,越野车,4531,1859,1628,10906,SU1,1361,1387,1322,-63,4411,YM,99,,,,Q3,26052626,Audi Q3 SUV 2026 US
Audi,Q4 e-tron,,,SUV,,,gen1,2022-2026,越野车,4587,1864,1631,20616,SU1,1364,1391,1326,-61,4467,YM,43,,,,Q4 etron | Q4 etron Sportback,26232226,Audi Q4 e-tron SUV 2022-2026 US
Audi,Q4 e-tron,,Sportback,SUV,,,gen1,2022-2026,越野车,4587,1864,1613,4417,SU1,1364,1391,1311,-61,4467,YM,43,,,,,26232226,Audi Q4 e-tron Sportback SUV 2022-2026 US
Audi,Q5,,,SUV,,,gen1,2009-2013,越野车,4638,1880,1656,131242,SU1,1376,1402,1353,-56,4529,YL,212,,,,Q5,26120913,Audi Q5 SUV 2009-2013 US
Audi,Q5/SQ5,,,SUV,,,gen1,2014-2017,越野车,4648,1910,1659,201616,SU1,1398,1425,1367,-44,4566,YL,202,,,,Q5 | SQ5,26011417,Audi Q5/SQ5 SUV 2014-2017 US
Audi,Q5/SQ5,,,SUV,,,gen2,2018-2024,越野车,4681,1892,1664,396222,SU1,1385,1411,1364,-51,4580,YL,169,,,,Q5 | Q5 PHEV | Q5 Sportback | SQ5 | SQ5 Sportback,26011824,Audi Q5/SQ5 SUV 2018-2024 US
Audi,Q5/SQ5,,,SUV,,,gen3,2025-2026,越野车,4717,1900,1671,64446,SU1,1391,1417,1373,-48,4621,YL,133,,,,Q5 | Q5 PHEV | Q5 Sportback | SQ5 | SQ5 Sportback,26012526,Audi Q5/SQ5 SUV 2025-2026 US
Audi,Q5/SQ5,,Sportback,SUV,,,gen2,2021-2024,越野车,4689,1892,1661,44850,SU1,1385,1411,1362,-51,4587,YL,161,,,,,26012124,Audi Q5/SQ5 Sportback SUV 2021-2024 US
Audi,Q5/SQ5,,Sportback,SUV,,,gen3,2026,越野车,4717,1900,1664,3907,SU1,1391,1417,1367,-48,4621,YL,133,,,,,26012626,Audi Q5/SQ5 Sportback SUV 2026 US
Audi,Q6/SQ6 e-tron,,,SUV,,,gen1,2025,越野车,4770,1938,1692,14170,SU1,1419,1446,1405,-34,4705,YL,80,,,,Q6 etron | Q6 etron Sportback | SQ6 etron Sportback,26242525,Audi Q6/SQ6 e-tron SUV 2025 US
Audi,Q6/SQ6 e-tron,,Sportback,SUV,,,gen1,2025,越野车,4773,1966,1661,3037,SU1,1439,1467,1392,-24,4734,YL,77,,,,,26242525,Audi Q6/SQ6 e-tron Sportback SUV 2025 US
Audi,Q7,,,SUV,,,gen1,2007-2015,越野车,5085,1984,1737,122675,SU1,1452,1480,1460,-17,5039,无可用尺码,,YXL,超长,65,Q7,26070715,Audi Q7 SUV 2007-2015 US
Audi,Q7,,,SUV,,,gen2,2017-2019,越野车,5070,1968,1740,109789,SU1,1441,1468,1456,-23,5010,无可用尺码,,YXL,超长,50,Q7,26071719,Audi Q7 SUV 2017-2019 US
Audi,Q7/SQ7,,,SUV,,,gen2,2020-2026,越野车,5070,1971,1740,132447,SU1,1443,1470,1458,-22,5013,无可用尺码,,YXL,超长,50,Q7 | SQ7,26112026,Audi Q7/SQ7 SUV 2020-2026 US
Audi,Q8,,,SUV,,,gen1,2019,越野车,4986,1994,1704,14217,SU1,1460,1488,1438,-13,4956,YXL,34,,,,,26251919,Audi Q8 SUV 2019 US
Audi,Q8 e-tron/SQ8 e-tron,,,SUV,,,gen1,2024-2025,越野车,4915,1976,1666,7304,SU1,1446,1474,1400,-20,4874,YXL,105,,,,Q8 etron | Q8 etron Sportback | SQ8 etron | SQ8 etron Sportback,26282425,Audi Q8 e-tron/SQ8 e-tron SUV 2024-2025 US
Audi,Q8 e-tron/SQ8 e-tron,,Sportback,SUV,,,gen1,2024-2025,越野车,4915,1976,1654,1565,SU1,1446,1474,1390,-20,4874,YXL,105,,,,,26282425,Audi Q8 e-tron/SQ8 e-tron Sportback SUV 2024-2025 US
Audi,Q8/SQ8/RS Q8,,,SUV,,,gen1,2020-2024,越野车,4994,1994,1707,54745,SU1,1460,1488,1440,-13,4964,YXL,26,,,,,26172024,Audi Q8/SQ8/RS Q8 SUV 2020-2024 US
Audi,Q8/SQ8/RS Q8,,,SUV,,,gen1,2025-2026,越野车,5004,2007,1702,17225,SU1,1469,1497,1441,-8,4985,YXL,16,,,,,26172526,Audi Q8/SQ8/RS Q8 SUV 2025-2026 US
Audi,R8/R8 GT,,,Coupe,,,gen1,2008-2015,跑车,4435,1930,1252,5684,SD0,1370,1305,1265,-81,4273,3M-0,125,,,,R8,26260815,Audi R8/R8 GT Coupe 2008-2015 US
Audi,R8/R8 GT,,,Coupe,,,gen2,2017-2023,跑车,4430,1941,1242,3547,SD0,1378,1312,1261,-78,4278,3M-0,130,,,,R8,26261723,Audi R8/R8 GT Coupe 2017-2023 US
Audi,R8/R8 GT,,Spyder,Convertible,,,gen1,2011-2015,跑车,4435,1905,1245,704,SD0,1353,1288,1248,-90,4250,3M-0,125,,,,R8,26261115,Audi R8/R8 GT Spyder Convertible 2011-2015 US
Audi,R8/R8 GT,,Spyder,Convertible,,,gen2,2017-2023,跑车,4430,1941,1242,762,SD0,1378,1312,1261,-78,4278,3M-0,130,,,,R8,26261723,Audi R8/R8 GT Spyder Convertible 2017-2023 US
Audi,RS6,,Avant,Wagon,,,gen2,2021-2026,两厢车,4996,1951,1488,5550,H2,1370,1463,1231,-42,4870,5XL,304,,,,RS6 Avant,26302126,Audi RS6 Avant Wagon 2021-2026 US
Audi,RS7,,,Liftback,,,gen2,2026,三厢车,5009,1951,1425,250,SD1,1424,1561,1187,-4,4973,3XL-0,41,,,,,26352626,Audi RS7 Liftback 2026 US
Audi,TT/TTS/TT RS,,,Convertible,,,gen1,2001-2006,跑车,4041,1763,1346,22638,SD0,1252,1192,1275,-139,3764,3S-0,179,,,,TT | TT Quattro,26160106,Audi TT/TTS/TT RS Convertible 2001-2006 US
Audi,TT/TTS/TT RS,,,Convertible,,,gen2,2008-2015,跑车,4199,1842,1359,8402,SD0,1308,1245,1323,-112,3979,3S-0,21,,,,TT | TT Quattro | TT RS Quattro | TTS Quattro,26160815,Audi TT/TTS/TT RS Convertible 2008-2015 US
Audi,TT/TTS/TT RS,,,Convertible,,,gen3,2016-2023,跑车,4201,1831,1354,5480,SD0,1300,1238,1313,-116,3971,3S-0,19,,,,TT | TT Quattro | TT RS Quattro | TTS Quattro,26161623,Audi TT/TTS/TT RS Convertible 2016-2023 US
Audi,TT/TTS/TT RS,,,Coupe,,,gen1,2000-2006,跑车,4041,1763,1346,34638,SD0,1252,1192,1275,-139,3764,3S-0,179,,,,TT | TT Quattro,26160006,Audi TT/TTS/TT RS Coupe 2000-2006 US
Audi,TT/TTS/TT RS,,,Coupe,,,gen2,2008-2015,跑车,4199,1842,1359,8398,SD0,1308,1245,1323,-112,3979,3S-0,21,,,,TT | TT Quattro | TT RS Quattro | TTS Quattro,26160815,Audi TT/TTS/TT RS Coupe 2008-2015 US
Audi,TT/TTS/TT RS,,,Coupe,,,gen3,2016-2023,跑车,4201,1831,1354,5476,SD0,1300,1238,1313,-116,3971,3S-0,19,,,,TT | TT Quattro | TT RS Quattro | TTS Quattro,26161623,Audi TT/TTS/TT RS Coupe 2016-2023 US
Audi,e-tron GT/RS e-tron GT,,,Sedan,,,gen1,2022-2024,三厢车,4991,1963,1412,8371,SD0,1394,1327,1426,-70,4807,3XL-0,59,,,,RS etron GT | etron GT,26292224,Audi e-tron GT/RS e-tron GT Sedan 2022-2024 US
Audi,e-tron GT/S e-tron GT/RS e-tron GT,,,Sedan,,,gen1,2025-2026,三厢车,4991,1963,1412,4353,SD0,1394,1327,1426,-70,4807,3XL-0,59,,,,RS etron GT Performance | S etron GT,26312526,Audi e-tron GT/S e-tron GT/RS e-tron GT Sedan 2025-2026 US
Audi,e-tron/S e-tron,,SUV,SUV,,,gen1,2019-2023,越野车,4902,1976,1664,17746,SU1,1446,1474,1398,-20,4862,YXL,118,,,,,26221923,Audi e-tron/S e-tron SUV SUV 2019-2023 US
Audi,e-tron/S e-tron,,Sportback,SUV,,,gen1,2020-2023,越野车,4902,1976,1651,12978,SU1,1446,1474,1388,-20,4862,YXL,118,,,,,26222023,Audi e-tron/S e-tron Sportback SUV 2020-2023 US
BMW,1 Series,,,Convertible,,,gen1,2008-2011,跑车,4361,1748,1412,22582,SD0,1241,1182,1328,-144,4041,3M-0,199,,,,120i | 125i | 128i | 130i | 135i,19160811,BMW 1 Series Convertible 2008-2011 US
BMW,1 Series,,,Convertible,,,gen1,2012-2013,跑车,4374,1748,1412,7757,SD0,1241,1182,1328,-144,4053,3M-0,186,,,,118i | 120i | 125i | 128i | 135i | 135is | M135i,19161213,BMW 1 Series Convertible 2012-2013 US
BMW,1 Series,,,Coupe,,,gen1,2008-2011,跑车,4361,1748,1412,22582,SD0,1241,1182,1328,-144,4041,3M-0,199,,,,120i | 125i | 128i | 130i | 135i,19160811,BMW 1 Series Coupe 2008-2011 US
BMW,1 Series,,,Coupe,,,gen1,2012-2013,跑车,4374,1748,1422,7757,SD0,1241,1182,1337,-144,4053,3M-0,186,,,,118i | 120i | 125i | 128i | 135i | 135is | M135i,19161213,BMW 1 Series Coupe 2012-2013 US
BMW,2 Series,,,Convertible,,,gen1,2015-2021,跑车,4468,1773,1412,47633,SD0,1259,1199,1339,-136,4161,3M-0,92,,,,220i | 228i | 228i xDrive | 230i | 230i xDrive | M2 | M235i | M235i xDrive | M240i | M240i xDrive,19071521,BMW 2 Series Convertible 2015-2021 US
BMW,2 Series,,,Coupe,,,gen1,2014,跑车,4432,1773,1417,7345,SD0,1259,1199,1344,-136,4128,3M-0,128,,,,220i | 228i | 235i | M235i,19071414,BMW 2 Series Coupe 2014 US
BMW,2 Series,,,Coupe,,,gen1,2015-2020,跑车,4468,1773,1417,34713,SD0,1259,1199,1344,-136,4161,3M-0,92,,,,220i | 228i | 228i xDrive | 230i | 230i xDrive | M2 | M235i | M235i xDrive | M240i | M240i xDrive,19071520,BMW 2 Series Coupe 2015-2020 US
BMW,2 Series,,Gran Coupe,Sedan,,,gen1,2020-2024,三厢车,4534,1801,1422,23322,SD0,1279,1217,1361,-126,4246,3L,206,,,,220i Gran Coupe | 228i Gran Coupe | 228i xDrive Gran Coupe | M235i xDrive Gran Coupe,19072024,BMW 2 Series Gran Coupe Sedan 2020-2024 US
BMW,2 Series,,Gran Coupe,Sedan,,,gen2,2025-2026,三厢车,4552,1801,1445,19488,SD0,1279,1217,1382,-126,4262,3L,188,,,,218i Gran Coupe | 228 Gran Coupe | 228 xDrive Gran Coupe | M235 xDrive Gran Coupe | M235i xDrive Gran Coupe,19072526,BMW 2 Series Gran Coupe Sedan 2025-2026 US
BMW,2 Series,,M2,Coupe,,,gen2,2022-2026,跑车,4580,1887,1405,38763,SD0,1340,1276,1385,-96,4366,3L-0,160,,,,M2,19072226,BMW 2 Series M2 Coupe 2022-2026 US
BMW,3 Series,,,Convertible,,,gen2,1987-1991,跑车,4326,1646,1379,80184,SD2,1646,1646,1045,73,4472,3M-0,234,,,,318i | 318is | 325 | 325e | 325es | 325i | 325iX | 325is | M3,19008791,BMW 3 Series Convertible 1987-1991 US
BMW,3 Series,,,Convertible,,,gen3,1994-1999,跑车,4432,1709,1349,64998,SD1,1248,1367,1028,-96,4211,3M-0,128,,,,318i | 318is | 318ti | 320i | 323i | 323is | 323ti | 325i | 325is | 328i | 328is | M3,19009499,BMW 3 Series Convertible 1994-1999 US
BMW,3 Series,,,Convertible,,,gen4,2000-2006,跑车,4488,1758,1372,198507,SD1,1283,1406,1067,-78,4309,3M-0,72,,,,320i | 323Ci | 323i | 323ti | 325Ci | 325i | 325xi | 328Ci | 328i | 330i | 330xi | M3,19000006,BMW 3 Series Convertible 2000-2006 US
BMW,3 Series,,,Convertible,,,gen5,2007-2013,跑车,4620,1783,1384,200042,SD1,1302,1426,1086,-68,4455,3L-0,120,,,,320i | 320i xDrive | 323i | 325i | 328i | 328i xDrive | 328xi | 330i | 335d | 335i | 335i xDrive | 335is | 335xi | M3,19000713,BMW 3 Series Convertible 2007-2013 US
BMW,3 Series,,,Coupe,,,gen1,1977-1983,跑车,4356,1610,1379,190000,SD2,1610,1610,1030,55,4466,3M-0,204,,,,320i,19007783,BMW 3 Series Coupe 1977-1983 US
BMW,3 Series,,,Coupe,,,gen3,1992-1999,跑车,4432,1709,1349,66175,SD1,1248,1367,1028,-96,4211,3M-0,128,,,,318i | 318is | 318ti | 320i | 323i | 323is | 323ti | 325i | 325is | 328i | 328is | M3,19009299,BMW 3 Series Coupe 1992-1999 US
BMW,3 Series,,,Coupe,,,gen4,2000-2006,跑车,4488,1758,1369,198505,SD1,1283,1406,1064,-78,4309,3M-0,72,,,,320i | 323Ci | 323i | 323ti | 325Ci | 325i | 325xi | 328Ci | 328i | 330i | 330xi | M3,19000006,BMW 3 Series Coupe 2000-2006 US
BMW,3 Series,,,Coupe,,,gen5,2007-2013,跑车,4620,1783,1394,200041,SD1,1302,1426,1094,-68,4455,3L-0,120,,,,320i | 320i xDrive | 323i | 325i | 328i | 328i xDrive | 328xi | 330i | 335d | 335i | 335i xDrive | 335is | 335xi | M3,19000713,BMW 3 Series Coupe 2007-2013 US
BMW,3 Series,,GT,Hatchback,,,gen6,2014-2019,两厢车,4826,1829,1509,61682,H0,1313,1339,1213,-87,4623,5XL,474,,,,328i GT xDrive | 330i GT xDrive | 335i GT xDrive | 340i GT xDrive,19001419,BMW 3 Series GT Hatchback 2014-2019 US
BMW,3 Series,,,Sedan,,,gen2,1984-1991,三厢车,4326,1646,1379,200182,SD2,1646,1646,1045,73,4472,3L,414,,,,318i | 318is | 325 | 325e | 325es | 325i | 325iX | 325is | M3,19008491,BMW 3 Series Sedan 1984-1991 US
BMW,3 Series,,,Sedan,,,gen3,1992-1998,三厢车,4432,1709,1392,40458,SD1,1248,1367,1063,-96,4211,3L,308,,,,318i | 318is | 318ti | 320i | 323i | 323is | 325i | 325is | 328i | 328is | M3,19009298,BMW 3 Series Sedan 1992-1998 US
BMW,3 Series,,,Sedan,,,gen4,1999-2005,三厢车,4470,1740,1415,184156,SD1,1270,1392,1094,-84,4275,3L,270,,,,318i | 318is | 318ti | 320i | 323Ci | 323i | 323is | 323ti | 325Ci | 325i | 325xi | 328Ci | 328i | 328is | 330i | 330xi | M3,19009905,BMW 3 Series Sedan 1999-2005 US
BMW,3 Series,,,Sedan,,,gen5,2006-2011,三厢车,4526,1816,1420,175358,SD1,1326,1453,1129,-55,4398,3L,214,,,,323i | 325Ci | 325i | 325xi | 328i | 328i xDrive | 328xi | 330i | 330xi | 335d | 335i | 335i xDrive | 335is | 335xi | M3,19000611,BMW 3 Series Sedan 2006-2011 US
BMW,3 Series,,,Sedan,,,gen6,2012-2018,三厢车,4643,1811,1430,319496,SD1,1322,1449,1135,-57,4502,3L,97,,,,318i | 320i | 320i xDrive | 325i | 328d | 328d xDrive | 328i | 328i xDrive | 330e | 330i | 330i xDrive | 335i | 335i xDrive | 335is | 340i | 340i xDrive | M3,19001218,BMW 3 Series Sedan 2012-2018 US
BMW,3 Series,,,Sedan,,,gen7,2019-2026,三厢车,4722,1826,1448,487909,SD1,1333,1461,1155,-52,4590,3L,18,,,,320i | 330e | 330e xDrive | 330i | 330i xDrive | M3 | M340i | M340i xDrive,19001926,BMW 3 Series Sedan 2019-2026 US
BMW,3 Series,,,Wagon,,,gen4,2000-2005,两厢车,4478,1740,1430,158443,H2,1221,1305,1099,-118,4202,无可用尺码,,2L,超长,338,320i | 323Ci | 323i | 323ti | 325Ci | 325i | 325xi | 328Ci | 328i | 330i | 330xi | M3,19000005,BMW 3 Series Wagon 2000-2005 US
BMW,3 Series,,,Wagon,,,gen5,2007-2011,两厢车,4526,1816,1417,135297,H2,1275,1362,1119,-91,4316,无可用尺码,,2L,超长,386,323i | 325i | 328i | 328i xDrive | 328xi | 330i | 335d | 335i | 335i xDrive | 335is | 335xi | M3,19000711,BMW 3 Series Wagon 2007-2011 US
BMW,3 Series,,,Wagon,,,gen5,2012,两厢车,4536,1816,1417,24900,H2,1275,1362,1119,-91,4325,无可用尺码,,2L,超长,396,320i | 325i | 328i | 328i xDrive | 335i | 335i xDrive | 335is | M3,19001212,BMW 3 Series Wagon 2012 US
BMW,3 Series,,,Wagon,,,gen6,2014-2019,两厢车,4643,1811,1435,287853,H2,1271,1358,1132,-93,4418,无可用尺码,,2L,超长,503,318i | 320i | 320i xDrive | 328d | 328d xDrive | 328i | 328i xDrive | 330e | 330i | 330i xDrive | 335i | 335i xDrive | 340i | 340i xDrive | M3,19001419,BMW 3 Series Wagon 2014-2019 US
BMW,4 Series,,,Convertible,,,gen1,2014-2020,跑车,4638,1826,1384,101211,SD0,1296,1234,1338,-118,4363,3L-0,102,,,,420i | 428i | 428i xDrive | 430i | 430i xDrive | 435i | 435i xDrive | 440i | 440i xDrive | M4,19051420,BMW 4 Series Convertible 2014-2020 US
BMW,4 Series,,,Coupe,,,gen1,2014-2020,跑车,4641,1826,1392,101211,SD0,1296,1234,1345,-118,4366,3L-0,99,,,,420i | 428i | 428i xDrive | 430i | 430i xDrive | 435i | 435i xDrive | 440i | 440i xDrive | M4,19051420,BMW 4 Series Coupe 2014-2020 US
BMW,4 Series,,Gran Coupe,Sedan,,,gen1,2015-2020,三厢车,4641,1826,1389,17249,SD0,1296,1234,1343,-118,4366,3L,99,,,,420i Gran Coupe | 428i Gran Coupe | 428i xDrive Gran Coupe | 430i Gran Coupe | 430i xDrive Gran Coupe | 435i Gran Coupe | 435i xDrive Gran Coupe | 440i Gran Coupe | 440i xDrive Gran Coupe,19051520,BMW 4 Series Gran Coupe Sedan 2015-2020 US
BMW,4 Series,,Gran Coupe,Sedan,,,gen2,2022-2026,三厢车,4788,1852,1443,44686,SD0,1315,1252,1403,-108,4522,3XL-0,262,,,,430i Gran Coupe | 430i xDrive Gran Coupe | 440i Gran Coupe | M440i Gran Coupe | M440i xDrive Gran Coupe,19052226,BMW 4 Series Gran Coupe Sedan 2022-2026 US
BMW,4 Series,,M4,Convertible,,,gen2,2021-2026,跑车,4803,1887,1400,56154,SD0,1340,1276,1380,-96,4568,3XL-0,247,,,,M4,19052126,BMW 4 Series M4 Convertible 2021-2026 US
BMW,4 Series,,M4,Coupe,,,gen2,2021-2026,跑车,4803,1887,1397,56151,SD0,1340,1276,1378,-96,4568,3XL-0,247,,,,M4,19052126,BMW 4 Series M4 Coupe 2021-2026 US
BMW,5 Series,,GT,Sedan,,,gen6,2010-2016,三厢车,4999,1900,1560,55780,SD1,1387,1520,1276,-23,4916,3XL-0,51,,,,535i GT | 535i GT xDrive | 550i GT | 550i GT xDrive,19011016,BMW 5 Series GT Sedan 2010-2016 US
BMW,5 Series,,M5,Sedan,,,gen8,2026,三厢车,5095,1971,1509,4765,SD1,1439,1577,1263,4,5071,3XXL-550,405,,,,M5,19012626,BMW 5 Series M5 Sedan 2026 US
BMW,5 Series,,,Sedan,,,gen1,1975-1981,三厢车,4620,1689,1425,232000,SD2,1689,1689,1100,94,4809,3L,120,,,,528i | 530i,19017581,BMW 5 Series Sedan 1975-1981 US
BMW,5 Series,,,Sedan,,,gen2,1982-1988,三厢车,4620,1699,1415,350000,SD2,1699,1699,1096,100,4819,3L,120,,,,524td | 528e | 533i | 535i | 535is | M5,19018288,BMW 5 Series Sedan 1982-1988 US
BMW,5 Series,,,Sedan,,,gen3,1989-1995,三厢车,4719,1750,1412,71819,SD2,1750,1750,1114,125,4969,无可用尺码,,3L-0,插片指数超上限,5,525i | 525iT | 530i | 535i | 540i | M5,19018995,BMW 5 Series Sedan 1989-1995 US
BMW,5 Series,,,Sedan,,,gen4,1997-2003,三厢车,4719,1801,1440,104146,SD1,1315,1441,1139,-61,4564,3L,21,,,,525i | 528i | 530i | 540i | M5,19019703,BMW 5 Series Sedan 1997-2003 US
BMW,5 Series,,,Sedan,,,gen5,2004-2010,三厢车,4841,1847,1468,214601,SD1,1348,1478,1180,-44,4720,3XL-0,209,,,,525i | 525xi | 528i | 528i xDrive | 528xi | 530i | 530xi | 535i | 535i xDrive | 535xi | 545i | 550i | M5,19010410,BMW 5 Series Sedan 2004-2010 US
BMW,5 Series,,,Sedan,,,gen6,2011-2016,三厢车,4912,1859,1463,242468,SD1,1357,1487,1181,-39,4797,3XL-0,138,,,,520i | 528i | 528i xDrive | 530i | 535d | 535d xDrive | 535i | 535i xDrive | 550i | 550i xDrive | M5,19011116,BMW 5 Series Sedan 2011-2016 US
BMW,5 Series,,,Sedan,,,gen7,2017-2023,三厢车,4966,1902,1478,216226,SD1,1388,1522,1210,-22,4887,3XL-0,84,,,,520i | 530e | 530e xDrive | 530i | 530i xDrive | 540d xDrive | 540i | 540i xDrive | 550i | 550i xDrive | M5 | M550i xDrive,19011723,BMW 5 Series Sedan 2017-2023 US
BMW,5 Series,,,Sedan,,,gen8,2024-2026,三厢车,5060,1900,1514,74660,SD1,1387,1520,1238,-23,4973,3XXL-550,440,,,,520i | 530e | 530i | 530i xDrive | 540i xDrive | 550e xDrive | M5 | M5 Touring,19012426,BMW 5 Series Sedan 2024-2026 US
BMW,5 Series,,,Wagon,,,gen3,1992-1995,两厢车,4719,1750,1422,11989,H2,1228,1312,1097,-115,4432,无可用尺码,,2L,超长,579,525i | 525iT | 530i | 535i | 540i | M5,19019295,BMW 5 Series Wagon 1992-1995 US
BMW,5 Series,,,Wagon,,,gen4,1999-2003,两厢车,4806,1801,1440,102865,H2,1264,1351,1132,-96,4559,5XL,494,,,,525i | 528i | 530i | 540i | M5,19019903,BMW 5 Series Wagon 1999-2003 US
BMW,5 Series,,,Wagon,,,gen5,2006-2010,两厢车,4856,1849,1491,116293,H2,1298,1387,1192,-79,4648,5XL,444,,,,525i | 525xi | 528i | 528i xDrive | 528xi | 530i | 530xi | 535i | 535i xDrive | 535xi | 545i | 550i | M5,19010610,BMW 5 Series Wagon 2006-2010 US
BMW,6 Series,,,Convertible,,,gen2,2004-2010,跑车,4831,1854,1374,24396,SD0,1316,1253,1342,-108,4563,3XL-0,219,,,,645Ci | 650Ci | 650i | M6,19090410,BMW 6 Series Convertible 2004-2010 US
BMW,6 Series,,,Convertible,,,gen3,2012-2019,跑车,4892,1895,1364,21092,SD0,1345,1281,1351,-94,4656,3XL-0,158,,,,640i | 640i xDrive | 640i xDrive Gran Turismo | 650i | 650i xDrive | M6,19091219,BMW 6 Series Convertible 2012-2019 US
BMW,6 Series,,,Coupe,,,gen1,1977-1989,跑车,4755,1725,1364,54800,SD0,1225,1166,1274,-152,4377,3XL-0,295,,,,630CSi | 633CSi | 635CSi | M6,19097789,BMW 6 Series Coupe 1977-1989 US
BMW,6 Series,,,Coupe,,,gen2,2004-2010,跑车,4831,1854,1374,24394,SD0,1316,1253,1342,-108,4563,3XL-0,219,,,,645Ci | 650Ci | 650i | M6,19090410,BMW 6 Series Coupe 2004-2010 US
BMW,6 Series,,,Coupe,,,gen3,2012-2019,跑车,4897,1895,1369,21088,SD0,1345,1281,1356,-94,4660,3XL-0,153,,,,640i | 640i xDrive | 640i xDrive Gran Turismo | 650i | 650i xDrive | M6,19091219,BMW 6 Series Coupe 2012-2019 US
BMW,6 Series,,GT,Hatchback,,,gen4,2018-2019,两厢车,5103,1902,1539,306,H0,1366,1392,1267,-60,4945,5XL,197,,,,640i xDrive Gran Turismo,19091819,BMW 6 Series GT Hatchback 2018-2019 US
BMW,6 Series,,Gran Coupe,Sedan,,,gen3,2013-2019,三厢车,5009,1895,1392,3583,SD0,1345,1281,1377,-94,4762,3XL-0,41,,,,640i Gran Coupe | 640i xDrive Gran Coupe | 650i Gran Coupe | 650i xDrive Gran Coupe | M6 Gran Coupe,19091319,BMW 6 Series Gran Coupe Sedan 2013-2019 US
BMW,6 Series,,,Hatchback,,,gen3,2018-2019,两厢车,5103,1902,1539,1429,H0,1366,1392,1267,-60,4945,5XL,197,,,,640i | 640i xDrive | 640i xDrive Gran Turismo | 650i | 650i xDrive | M6,19091819,BMW 6 Series Hatchback 2018-2019 US
BMW,7 Series,,,Sedan,,,gen1,1978-1986,三厢车,4859,1801,1430,107000,SD2,1801,1801,1149,150,5160,无可用尺码,,3XL-0,插片指数超上限,30,733i | 735i,19047886,BMW 7 Series Sedan 1978-1986 US
BMW,7 Series,,,Sedan,,,gen2,1987-1994,三厢车,5024,1844,1412,118500,SD2,1844,1844,1152,172,5368,无可用尺码,,3XL-0,插片指数超上限,52,735i | 735iL | 740i | 740iL | 750iL,19048794,BMW 7 Series Sedan 1987-1994 US
BMW,7 Series,,,Sedan,,,gen3,1995-2001,三厢车,5123,1862,1425,109566,SD1,1359,1490,1151,-38,4996,3XXL-550,377,,,,740i | 740iL | 750iL,19049501,BMW 7 Series Sedan 1995-2001 US
BMW,7 Series,,,Sedan,,,gen4,2002-2008,三厢车,5179,1902,1491,84712,SD1,1388,1522,1221,-22,5085,3XXL-550,321,,,,745Li | 745i | 750Li | 750i | 760Li | 760i,19040208,BMW 7 Series Sedan 2002-2008 US
BMW,7 Series,,,Sedan,,,gen5,2009-2015,三厢车,5215,1902,1481,56778,SD1,1388,1522,1213,-22,5119,3XXL-550,285,,,,740Ld xDrive | 740Li | 740Li xDrive | 740i | 750Li | 750Li xDrive | 750i | 750i xDrive | 760Li,19040915,BMW 7 Series Sedan 2009-2015 US
BMW,7 Series,,,Sedan,,,gen6,2016-2022,三厢车,5268,1902,1478,58952,SD1,1388,1522,1210,-22,5168,3XXL-550,232,,,,740Le xDrive | 740e xDrive | 740i | 740i xDrive | 745Le xDrive | 745e | 745e xDrive | 750Li | 750Li xDrive | 750i | 750i xDrive | M760Li xDrive | M760i xDrive,19041622,BMW 7 Series Sedan 2016-2022 US
BMW,7 Series,,,Sedan,,,gen7,2023-2026,三厢车,5390,1951,1544,38060,SD1,1424,1561,1283,-4,5327,3XXL-550,110,,,,740i | 740i xDrive | 750e xDrive | 760i xDrive | M760i xDrive,19042326,BMW 7 Series Sedan 2023-2026 US
BMW,8 Series,,,Convertible,,,gen2,2019-2026,跑车,4856,1902,1346,17430,SD0,1350,1286,1338,-91,4630,3XL-0,194,,,,840i | 840i xDrive | M8 | M850i xDrive,19171926,BMW 8 Series Convertible 2019-2026 US
BMW,8 Series,,,Coupe,,,gen1,1991-1997,跑车,4780,1854,1341,8300,SD0,1316,1253,1312,-108,4517,3XL-0,270,,,,840Ci | 850CSi | 850Ci | 850i,19179197,BMW 8 Series Coupe 1991-1997 US
BMW,8 Series,,,Coupe,,,gen2,2019-2026,跑车,4856,1902,1346,17425,SD0,1350,1286,1338,-91,4630,3XL-0,194,,,,840i | 840i xDrive | M8 | M850i xDrive,19171926,BMW 8 Series Coupe 2019-2026 US
BMW,8 Series,,Gran Coupe,Sedan,,,gen2,2020-2026,三厢车,5088,1933,1407,3263,SD0,1372,1307,1408,-80,4868,3XXL-550,412,,,,840i Gran Coupe | 840i xDrive Gran Coupe | M8 Gran Coupe | M850i xDrive Gran Coupe,19172026,BMW 8 Series Gran Coupe Sedan 2020-2026 US
BMW,X1,,M35i,SUV,,,gen3,2024-2026,越野车,4506,1844,1641,7148,SU1,1350,1376,1326,-68,4374,YM,124,,,,X1,19062426,BMW X1 M35i SUV 2024-2026 US
BMW,X1,,,SUV,,,gen1,2013-2015,越野车,4483,1798,1544,63740,SU1,1316,1341,1229,-86,4310,YM,147,,,,X1,19061315,BMW X1 SUV 2013-2015 US
BMW,X1,,,SUV,,,gen2,2016-2022,越野车,4458,1821,1598,139268,SU1,1333,1358,1282,-77,4308,YM,172,,,,X1,19061622,BMW X1 SUV 2016-2022 US
BMW,X1,,,SUV,,,gen3,2023-2026,越野车,4501,1844,1641,34887,SU1,1350,1376,1326,-68,4369,YM,129,,,,X1,19062326,BMW X1 SUV 2023-2026 US
BMW,X2,,M35i,Crossover,,,gen2,2024-2025,越野车,4554,1844,1590,2594,SU1,1350,1376,1285,-68,4418,YM,76,,,,,19152425,BMW X2 M35i Crossover 2024-2025 US
BMW,X2,,M35i,Crossover,,,gen2,2026,越野车,4567,1844,1590,698,SU1,1350,1376,1285,-68,4430,YM,63,,,,,19152626,BMW X2 M35i Crossover 2026 US
BMW,X2,,,SUV,,,gen1,2018-2023,越野车,4374,1824,1527,59883,SU1,1335,1361,1226,-76,4233,YM,256,,,,,19151823,BMW X2 SUV 2018-2023 US
BMW,X2,,,SUV,,,gen2,2024-2026,越野车,4554,1844,1590,15363,SU1,1350,1376,1285,-68,4418,YM,76,,,,,19152426,BMW X2 SUV 2024-2026 US
BMW,X3,,,SUV,,,gen1,2004-2010,越野车,4569,1854,1674,154486,SU1,1357,1383,1357,-65,4441,YM,61,,,,X3,19030410,BMW X3 SUV 2004-2010 US
BMW,X3,,,SUV,,,gen2,2011-2017,越野车,4663,1882,1679,244224,SU1,1378,1404,1372,-54,4554,YL,187,,,,X3,19031117,BMW X3 SUV 2011-2017 US
BMW,X3,,,SUV,,,gen3,2018-2024,越野车,4722,1897,1676,464865,SU1,1389,1415,1376,-49,4623,YL,128,,,,X3,19031824,BMW X3 SUV 2018-2024 US
BMW,X3,,,SUV,,,gen4,2025-2026,越野车,4755,1920,1661,114217,SU1,1405,1432,1373,-41,4674,YL,95,,,,X3,19032526,BMW X3 SUV 2025-2026 US
BMW,X4,,,SUV,,,gen1,2015-2018,越野车,4686,1882,1623,20939,SU1,1378,1404,1327,-54,4575,YL,164,,,,,19141518,BMW X4 SUV 2015-2018 US
BMW,X4,,,SUV,,,gen2,2019-2025,越野车,4765,1918,1621,58214,SU1,1404,1431,1340,-41,4682,YL,85,,,,,19141925,BMW X4 SUV 2019-2025 US
BMW,X5,,,SUV,,,gen1,2000-2006,越野车,4666,1872,1714,241720,SU1,1370,1397,1396,-58,4548,YL,184,,,,X5,19020006,BMW X5 SUV 2000-2006 US
BMW,X5,,,SUV,,,gen2,2007-2013,越野车,4854,1933,1775,226913,SU1,1415,1442,1471,-36,4778,YXL,166,,,,X5,19020713,BMW X5 SUV 2007-2013 US
BMW,X5,,,SUV,,,gen3,2014-2018,越野车,4907,1938,1763,178787,SU1,1419,1446,1463,-34,4832,YXL,113,,,,X5,19021418,BMW X5 SUV 2014-2018 US
BMW,X5,,,SUV,,,gen4,2019-2023,越野车,4935,2004,1745,320907,SU1,1467,1495,1475,-10,4919,YXL,85,,,,X5,19021923,BMW X5 SUV 2019-2023 US
BMW,X5,,,SUV,,,gen4,2024-2026,越野车,4935,2004,1765,190148,SU1,1467,1495,1491,-10,4919,YXL,85,,,,X5,19022426,BMW X5 SUV 2024-2026 US
BMW,X6,,,SUV,,,gen1,2008-2014,越野车,4877,1984,1689,37978,SU1,1452,1480,1422,-17,4846,YXL,143,,,,,19110814,BMW X6 SUV 2008-2014 US
BMW,X6,,,SUV,,,gen2,2015-2019,越野车,4923,1989,1702,32905,SU1,1456,1484,1434,-15,4894,YXL,97,,,,,19111519,BMW X6 SUV 2015-2019 US
BMW,X6,,,SUV,,,gen3,2020-2026,越野车,4953,2019,1694,47373,SU1,1478,1506,1440,-4,4949,YXL,67,,,,,19112026,BMW X6 SUV 2020-2026 US
BMW,X7,,M60i,SUV,,,gen1,2023-2026,越野车,5171,1999,1834,72320,SU1,1463,1491,1545,-12,5132,无可用尺码,,YXL,超长,151,X7,19082326,BMW X7 M60i SUV 2023-2026 US
BMW,X7,,,SUV,,,gen1,2019-2022,越野车,5164,1999,1806,96212,SU1,1463,1491,1522,-12,5126,无可用尺码,,YXL,超长,144,X7,19081922,BMW X7 SUV 2019-2022 US
BMW,XM,,,SUV,,,gen1,2023-2026,越野车,5110,2004,1755,7367,SU1,1467,1495,1483,-10,5080,无可用尺码,,YXL,超长,90,XM,19222326,BMW XM SUV 2023-2026 US
BMW,Z3,,,Convertible,,,gen1,1996,跑车,4026,1692,1293,15040,SD0,1201,1144,1194,-164,3686,3S-0,194,,,,,19109696,BMW Z3 Convertible 1996 US
BMW,Z3,,,Convertible,,,gen1,1997-2002,跑车,4049,1740,1306,71941,SD0,1235,1176,1228,-147,3751,3S-0,171,,,,,19109702,BMW Z3 Convertible 1997-2002 US
BMW,Z3,,,Coupe,,,gen1,1999-2002,跑车,4049,1740,1306,31567,SD0,1235,1176,1228,-147,3751,3S-0,171,,,,Z3,19109902,BMW Z3 Coupe 1999-2002 US
BMW,Z4,,,Convertible,,,gen1,2003-2008,跑车,4092,1781,1273,72283,SD0,1265,1204,1217,-133,3827,3S-0,128,,,,,19120308,BMW Z4 Convertible 2003-2008 US
BMW,Z4,,,Convertible,,,gen2,2009-2016,跑车,4239,1791,1290,21204,SD0,1272,1211,1237,-129,3969,3M-0,321,,,,,19120916,BMW Z4 Convertible 2009-2016 US
BMW,Z4,,,Convertible,,,gen3,2019-2026,跑车,4336,1864,1306,18692,SD0,1323,1260,1284,-104,4123,3M-0,224,,,,Z4,19121926,BMW Z4 Convertible 2019-2026 US
BMW,i3,,,Hatchback,,,gen1,2014-2017,两厢车,3998,1775,1577,31017,H1,1278,1324,1259,-100,3794,2L,142,,,,i3,19181417,BMW i3 Hatchback 2014-2017 US
BMW,i3,,,Hatchback,,,gen1,2018-2021,两厢车,4021,1791,1598,13955,H1,1290,1336,1282,-94,3830,2L,119,,,,i3,19181821,BMW i3 Hatchback 2018-2021 US
BMW,i4,,,Fastback,,,gen1,2022-2026,三厢车,4788,1852,1448,110940,SD1,1352,1482,1166,-42,4675,3XL-0,262,,,,i4,19132226,BMW i4 Fastback 2022-2026 US
BMW,i5,,,Sedan,,,gen1,2024-2026,三厢车,5060,1900,1514,20425,SD1,1387,1520,1238,-23,4973,3XXL-550,440,,,,i5,19202426,BMW i5 Sedan 2024-2026 US
BMW,i7,,,Sedan,,,gen1,2023-2026,三厢车,5390,1951,1544,13745,SD1,1424,1561,1283,-4,5327,3XXL-550,110,,,,i7,19212326,BMW i7 Sedan 2023-2026 US
BMW,i8,,,Convertible,,,gen1,2019-2020,跑车,4696,1943,1290,647,SD0,1380,1313,1306,-77,4522,3L-0,44,,,,,19231920,BMW i8 Convertible 2019-2020 US
BMW,i8,,,Coupe,,,gen1,2014-2020,跑车,4696,1943,1298,6320,SD0,1380,1313,1313,-77,4522,3L-0,44,,,,i8,19231420,BMW i8 Coupe 2014-2020 US
BMW,iX,,,SUV,,,gen1,2022-2025,越野车,4953,1966,1697,35483,SU1,1439,1467,1421,-24,4900,YXL,67,,,,iX,19192225,BMW iX SUV 2022-2025 US
BMW,iX,,,SUV,,,gen1,2026,越野车,4966,1971,1720,3445,SU1,1443,1470,1441,-22,4917,YXL,54,,,,iX,19192626,BMW iX SUV 2026 US
Buick,Cascada,,,Convertible,,,gen1,2016-2019,跑车,4696,1839,1443,17419,SD0,1306,1243,1398,-113,4427,3L-0,44,,,,Cascada,05181619,Buick Cascada Convertible 2016-2019 US
Buick,Century,,,Convertible,,,gen1,1957,跑车,5293,1900,1491,65966,SD1,1387,1520,1220,-23,5189,3XXL-550,207,,,,Century,05015757,Buick Century Convertible 1957 US
Buick,Century,,,Sedan,,,gen5,1998-2005,三厢车,4943,1847,1438,900283,SD1,1348,1478,1156,-44,4815,3XL-0,107,,,,Century,05019805,Buick Century Sedan 1998-2005 US
Buick,Century,,,Wagon,,,gen1,1954,两厢车,5240,1951,1537,81982,H3,1489,1477,1260,-8,5188,5XL,60,,,,Century,05015454,Buick Century Wagon 1954 US
Buick,Century,,,Wagon,,,gen1,1955,两厢车,5250,1935,1537,158796,H3,1476,1465,1254,-15,5182,5XL,50,,,,Century,05015555,Buick Century Wagon 1955 US
Buick,Century,,,Wagon,,,gen1,1956,两厢车,5210,1918,1519,102189,H3,1463,1452,1232,-21,5129,5XL,90,,,,Century,05015656,Buick Century Wagon 1956 US
Buick,Century,,,Wagon,,,gen1,1958,两厢车,5380,1984,1445,37746,H3,1514,1502,1200,4,5349,无可用尺码,,5XL,超长,80,Century,05015858,Buick Century Wagon 1958 US
Buick,Century,,,Wagon,,,gen2,1973-1977,两厢车,5542,2007,1410,1305814,H3,1531,1519,1181,12,5521,无可用尺码,,5XL,超长,242,Century,05017377,Buick Century Wagon 1973-1977 US
Buick,Century,,,Wagon,,,gen3,1978-1981,两厢车,4996,1834,1415,436279,H3,1399,1388,1116,-53,4852,5XL,304,,,,Century,05017881,Buick Century Wagon 1978-1981 US
Buick,Century,,,Wagon,,,gen4,1982-1996,两厢车,4849,1763,1377,2246096,H3,1345,1335,1057,-80,4649,5XL,451,,,,Century,05018296,Buick Century Wagon 1982-1996 US
Buick,Enclave,,,SUV,,,gen1,2008-2012,越野车,5126,2007,1842,258377,SU1,1469,1497,1555,-8,5098,无可用尺码,,YXL,超长,106,Enclave,05060812,Buick Enclave SUV 2008-2012 US
Buick,Enclave,,,SUV,,,gen1,2013-2017,越野车,5128,2007,1821,285507,SU1,1469,1497,1538,-8,5100,无可用尺码,,YXL,超长,108,Enclave,05061317,Buick Enclave SUV 2013-2017 US
Buick,Enclave,,,SUV,,,gen2,2018-2021,越野车,5189,2002,1775,181245,SU1,1465,1493,1499,-10,5152,无可用尺码,,YXL,超长,169,Enclave,05061821,Buick Enclave SUV 2018-2021 US
Buick,Enclave,,,SUV,,,gen2,2022-2024,越野车,5202,1999,1775,96344,SU1,1463,1491,1497,-12,5161,无可用尺码,,YXL,超长,182,Enclave,05062224,Buick Enclave SUV 2022-2024 US
Buick,Enclave,,,SUV,,,gen3,2025-2026,越野车,5273,2022,1803,61957,SU1,1480,1508,1529,-3,5248,无可用尺码,,YXL,超长,253,Enclave,05062526,Buick Enclave SUV 2025-2026 US
Buick,Encore GX,,,SUV,,,gen1,2020-2023,越野车,4354,1814,1628,213585,SU1,1328,1353,1303,-80,4205,YM,276,,,,Encore GX,05112023,Buick Encore GX SUV 2020-2023 US
Buick,Encore GX,,,SUV,,,gen1,2024-2026,越野车,4348,1814,1656,141920,SU1,1328,1353,1326,-80,4200,YM,282,,,,Encore GX,05112426,Buick Encore GX SUV 2024-2026 US
Buick,Encore,,,SUV,,,gen1,2013-2022,越野车,4277,1781,1659,586014,SU1,1304,1329,1315,-92,4104,YM,353,,,,Encore | Encore GX,05091322,Buick Encore SUV 2013-2022 US
Buick,Envision,,,SUV,,,gen1,2016-2020,越野车,4666,1839,1697,153556,SU1,1346,1372,1369,-70,4517,YL,184,,,,Envision,05101620,Buick Envision SUV 2016-2020 US
Buick,Envision,,,SUV,,,gen2,2021-2026,越野车,4641,1882,1641,232866,SU1,1378,1404,1341,-54,4534,YL,209,,,,Envision,05102126,Buick Envision SUV 2021-2026 US
Buick,Envista,,,SUV,,,gen1,2024-2026,越野车,4638,1816,1554,124317,SU0,1217,1271,1244,-128,4373,YL,212,,,,,05152426,Buick Envista SUV 2024-2026 US
Buick,LaCrosse,,,Sedan,,,gen1,2005-2009,三厢车,5032,1854,1458,278141,SD1,1353,1483,1175,-41,4904,3XL-0,18,,,,LaCrosse,05080509,Buick LaCrosse Sedan 2005-2009 US
Buick,LaCrosse,,,Sedan,,,gen2,2010-2016,三厢车,5001,1857,1504,346611,SD1,1356,1486,1213,-40,4878,3XL-0,49,,,,LaCrosse,05081016,Buick LaCrosse Sedan 2010-2016 US
Buick,LaCrosse,,,Sedan,,,gen3,2017-2019,三厢车,5016,1867,1460,42929,SD1,1363,1494,1182,-36,4901,3XL-0,34,,,,LaCrosse,05081719,Buick LaCrosse Sedan 2017-2019 US
Buick,LeSabre,,2dr,Sedan,,,gen2,1961,三厢车,5438,1979,1433,16950,SD2,1979,1979,1224,240,5917,4XL-0,262,,,,,05006161,Buick LeSabre 2dr Sedan 1961 US
Buick,LeSabre,,4dr Hardtop,Sedan,,,gen2,1961,三厢车,5415,1981,1430,16950,SD2,1981,1981,1223,240,5896,4XL-0,285,,,,,05006161,Buick LeSabre 4dr Hardtop Sedan 1961 US
Buick,LeSabre,,4dr,Sedan,,,gen2,1962,三厢车,5438,1979,1433,24000,SD2,1979,1979,1224,240,5917,4XL-0,262,,,,,05006262,Buick LeSabre 4dr Sedan 1962 US
Buick,LeSabre,,,Convertible,,,gen1,1959-1960,跑车,5535,2050,1453,79334,SD2,2050,2050,1270,275,6085,4XL-0,165,,,,LeSabre,05005960,Buick LeSabre Convertible 1959-1960 US
Buick,LeSabre,,,Convertible,,,gen2,1961-1962,跑车,5438,1979,1412,191100,SD2,1979,1979,1207,240,5917,4XL-0,262,,,,LeSabre,05006162,Buick LeSabre Convertible 1961-1962 US
Buick,LeSabre,,,Convertible,,,gen2,1963,跑车,5479,1981,1412,39250,SD2,1981,1981,1208,240,5960,4XL-0,221,,,,LeSabre,05006363,Buick LeSabre Convertible 1963 US
Buick,LeSabre,,,Convertible,,,gen2,1964,跑车,5560,1981,1415,30250,SD2,1981,1981,1210,240,6041,4XL-0,140,,,,LeSabre,05006464,Buick LeSabre Convertible 1964 US
Buick,LeSabre,,,Convertible,,,gen3,1965,跑车,5507,2032,1410,49667,SD2,2032,2032,1227,266,6039,4XL-0,193,,,,LeSabre,05006565,Buick LeSabre Convertible 1965 US
Buick,LeSabre,,,Convertible,,,gen3,1966,跑车,5512,2032,1382,51000,SD2,2032,2032,1204,266,6044,4XL-0,188,,,,LeSabre,05006666,Buick LeSabre Convertible 1966 US
Buick,LeSabre,,,Convertible,,,gen3,1967,跑车,5524,2032,1389,34667,SD2,2032,2032,1210,266,6056,4XL-0,176,,,,LeSabre,05006767,Buick LeSabre Convertible 1967 US
Buick,LeSabre,,,Convertible,,,gen3,1968,跑车,5524,2032,1394,39000,SD2,2032,2032,1214,266,6056,4XL-0,176,,,,LeSabre,05006868,Buick LeSabre Convertible 1968 US
Buick,LeSabre,,,Convertible,,,gen3,1969,跑车,5542,2019,1394,38000,SD2,2019,2019,1209,260,6061,4XL-0,158,,,,LeSabre,05006969,Buick LeSabre Convertible 1969 US
Buick,LeSabre,,,Convertible,,,gen4,1970,跑车,5593,2032,1387,26250,SD2,2032,2032,1208,266,6125,4XL-0,107,,,,LeSabre,05007070,Buick LeSabre Convertible 1970 US
Buick,LeSabre,,,Convertible,,,gen4,1971,跑车,5606,2024,1369,23500,SD2,2024,2024,1191,262,6130,4XL-0,94,,,,LeSabre,05007171,Buick LeSabre Convertible 1971 US
Buick,LeSabre,,,Convertible,,,gen4,1972,跑车,5636,2032,1369,20750,SD2,2032,2032,1194,266,6168,4XL-0,64,,,,LeSabre,05007272,Buick LeSabre Convertible 1972 US
Buick,LeSabre,,,Convertible,,,gen4,1975,跑车,5763,2029,1367,19500,SD2,2029,2029,1191,264,6292,无可用尺码,,4XL-0,超长,63,LeSabre,05007575,Buick LeSabre Convertible 1975 US
Buick,LeSabre,,,Coupe,,,gen2,1963,跑车,5479,1981,1440,39250,SD2,1981,1981,1231,240,5960,4XL-0,221,,,,LeSabre,05006363,Buick LeSabre Coupe 1963 US
Buick,LeSabre,,,Coupe,,,gen2,1964,跑车,5558,1981,1433,30250,SD2,1981,1981,1225,240,6039,4XL-0,142,,,,LeSabre,05006464,Buick LeSabre Coupe 1964 US
Buick,LeSabre,,,Coupe,,,gen3,1965,跑车,5507,2032,1410,49667,SD2,2032,2032,1227,266,6039,4XL-0,193,,,,LeSabre,05006565,Buick LeSabre Coupe 1965 US
Buick,LeSabre,,,Coupe,,,gen3,1966,跑车,5512,2032,1382,51000,SD2,2032,2032,1204,266,6044,4XL-0,188,,,,LeSabre,05006666,Buick LeSabre Coupe 1966 US
Buick,LeSabre,,,Coupe,,,gen3,1967,跑车,5524,2032,1392,34667,SD2,2032,2032,1213,266,6056,4XL-0,176,,,,LeSabre,05006767,Buick LeSabre Coupe 1967 US
Buick,LeSabre,,,Coupe,,,gen3,1968,跑车,5524,2032,1382,39000,SD2,2032,2032,1204,266,6056,4XL-0,176,,,,LeSabre,05006868,Buick LeSabre Coupe 1968 US
Buick,LeSabre,,,Coupe,,,gen3,1969,跑车,5542,2019,1405,38000,SD2,2019,2019,1218,260,6061,4XL-0,158,,,,LeSabre,05006969,Buick LeSabre Coupe 1969 US
Buick,LeSabre,,,Coupe,,,gen4,1970-1971,跑车,5606,2024,1361,49750,SD2,2024,2024,1184,262,6130,4XL-0,94,,,,LeSabre,05007071,Buick LeSabre Coupe 1970-1971 US
Buick,LeSabre,,,Coupe,,,gen4,1972,跑车,5636,2032,1359,20750,SD2,2032,2032,1186,266,6168,4XL-0,64,,,,LeSabre,05007272,Buick LeSabre Coupe 1972 US
Buick,LeSabre,,,Coupe,,,gen4,1973,跑车,5695,2022,1361,37334,SD2,2022,2022,1183,261,6217,4XL-0,5,,,,LeSabre,05007373,Buick LeSabre Coupe 1973 US
Buick,LeSabre,,,Coupe,,,gen4,1974,跑车,5738,2029,1394,34334,SD2,2029,2029,1213,264,6267,无可用尺码,,4XL-0,超长,38,LeSabre,05007474,Buick LeSabre Coupe 1974 US
Buick,LeSabre,,,Coupe,,,gen4,1975-1976,跑车,5761,2029,1351,47834,SD2,2029,2029,1178,264,6290,无可用尺码,,4XL-0,超长,61,LeSabre,05007576,Buick LeSabre Coupe 1975-1976 US
Buick,LeSabre,,,Coupe,,,gen5,1977,跑车,5542,1961,1405,71934,SD2,1961,1961,1194,230,6003,4XL-0,158,,,,LeSabre,05007777,Buick LeSabre Coupe 1977 US
Buick,LeSabre,,,Coupe,,,gen5,1978-1979,跑车,5542,1961,1397,123332,SD2,1961,1961,1188,230,6003,4XL-0,158,,,,LeSabre,05007879,Buick LeSabre Coupe 1978-1979 US
Buick,LeSabre,,,Coupe,,,gen5,1980,跑车,5522,1981,1397,33257,SD2,1981,1981,1196,240,6003,4XL-0,178,,,,LeSabre,05008080,Buick LeSabre Coupe 1980 US
Buick,LeSabre,,,Coupe,,,gen5,1981,跑车,5547,1928,1397,27626,SD2,1928,1928,1174,214,5975,4XL-0,153,,,,LeSabre,05008181,Buick LeSabre Coupe 1981 US
Buick,LeSabre,,,Coupe,,,gen5,1982-1985,跑车,5547,1928,1422,179691,SD2,1928,1928,1195,214,5975,4XL-0,153,,,,LeSabre,05008285,Buick LeSabre Coupe 1982-1985 US
Buick,LeSabre,,,Coupe,,,gen6,1986,跑车,4991,1831,1389,47486,SD2,1831,1831,1128,166,5322,无可用尺码,,3XL-0,插片指数超上限,46,LeSabre,05008686,Buick LeSabre Coupe 1986 US
Buick,LeSabre,,,Coupe,,,gen6,1987-1989,跑车,5001,1839,1389,187095,SD2,1839,1839,1131,170,5340,无可用尺码,,3XL-0,插片指数超上限,50,LeSabre,05008789,Buick LeSabre Coupe 1987-1989 US
Buick,LeSabre,,,Coupe,,,gen6,1990-1991,跑车,4991,1839,1367,127069,SD2,1839,1839,1113,170,5330,无可用尺码,,3XL-0,插片指数超上限,50,LeSabre,05009091,Buick LeSabre Coupe 1990-1991 US
Buick,LeSabre,,,Sedan,,,gen1,1959-1960,三厢车,5535,2050,1453,79334,SD2,2050,2050,1270,275,6085,4XL-0,165,,,,LeSabre,05005960,Buick LeSabre Sedan 1959-1960 US
Buick,LeSabre,,,Sedan,,,gen2,1963,三厢车,5479,1981,1440,39250,SD2,1981,1981,1231,240,5960,4XL-0,221,,,,LeSabre,05006363,Buick LeSabre Sedan 1963 US
Buick,LeSabre,,,Sedan,,,gen2,1964,三厢车,5558,1981,1433,30250,SD2,1981,1981,1225,240,6039,4XL-0,142,,,,LeSabre,05006464,Buick LeSabre Sedan 1964 US
Buick,LeSabre,,,Sedan,,,gen3,1965,三厢车,5507,2032,1410,49666,SD2,2032,2032,1227,266,6039,4XL-0,193,,,,LeSabre,05006565,Buick LeSabre Sedan 1965 US
Buick,LeSabre,,,Sedan,,,gen3,1966,三厢车,5512,2032,1402,51000,SD2,2032,2032,1221,266,6044,4XL-0,188,,,,LeSabre,05006666,Buick LeSabre Sedan 1966 US
Buick,LeSabre,,,Sedan,,,gen3,1967,三厢车,5524,2032,1389,34666,SD2,2032,2032,1210,266,6056,4XL-0,176,,,,LeSabre,05006767,Buick LeSabre Sedan 1967 US
Buick,LeSabre,,,Sedan,,,gen3,1968,三厢车,5524,2032,1382,39000,SD2,2032,2032,1204,266,6056,4XL-0,176,,,,LeSabre,05006868,Buick LeSabre Sedan 1968 US
Buick,LeSabre,,,Sedan,,,gen3,1969,三厢车,5542,2019,1405,38000,SD2,2019,2019,1218,260,6061,4XL-0,158,,,,LeSabre,05006969,Buick LeSabre Sedan 1969 US
Buick,LeSabre,,,Sedan,,,gen4,1970,三厢车,5593,2032,1407,26250,SD2,2032,2032,1225,266,6125,4XL-0,107,,,,LeSabre,05007070,Buick LeSabre Sedan 1970 US
Buick,LeSabre,,,Sedan,,,gen4,1971-1972,三厢车,5636,2032,1379,44250,SD2,2032,2032,1202,266,6168,4XL-0,64,,,,LeSabre,05007172,Buick LeSabre Sedan 1971-1972 US
Buick,LeSabre,,,Sedan,,,gen4,1973,三厢车,5695,2022,1382,37333,SD2,2022,2022,1200,261,6217,4XL-0,5,,,,LeSabre,05007373,Buick LeSabre Sedan 1973 US
Buick,LeSabre,,,Sedan,,,gen4,1974,三厢车,5738,2029,1372,34333,SD2,2029,2029,1195,264,6267,无可用尺码,,4XL-0,超长,38,LeSabre,05007474,Buick LeSabre Sedan 1974 US
Buick,LeSabre,,,Sedan,,,gen4,1975-1976,三厢车,5761,2029,1372,47833,SD2,2029,2029,1195,264,6290,无可用尺码,,4XL-0,超长,61,LeSabre,05007576,Buick LeSabre Sedan 1975-1976 US
Buick,LeSabre,,,Sedan,,,gen5,1977-1979,三厢车,5542,1961,1415,195264,SD2,1961,1961,1202,230,6003,4XL-0,158,,,,LeSabre,05007779,Buick LeSabre Sedan 1977-1979 US
Buick,LeSabre,,,Sedan,,,gen5,1980,三厢车,5522,1981,1397,33257,SD2,1981,1981,1196,240,6003,4XL-0,178,,,,LeSabre,05008080,Buick LeSabre Sedan 1980 US
Buick,LeSabre,,,Sedan,,,gen5,1981,三厢车,5547,1928,1397,27626,SD2,1928,1928,1174,214,5975,4XL-0,153,,,,LeSabre,05008181,Buick LeSabre Sedan 1981 US
Buick,LeSabre,,,Sedan,,,gen5,1982-1985,三厢车,5537,1981,1422,179691,SD2,1981,1981,1216,240,6018,4XL-0,163,,,,LeSabre,05008285,Buick LeSabre Sedan 1982-1985 US
Buick,LeSabre,,,Sedan,,,gen6,1986,三厢车,4983,1831,1410,47486,SD2,1831,1831,1145,166,5314,无可用尺码,,3XL-0,插片指数超上限,46,LeSabre,05008686,Buick LeSabre Sedan 1986 US
Buick,LeSabre,,,Sedan,,,gen6,1987,三厢车,4991,1831,1410,71982,SD2,1831,1831,1145,166,5322,无可用尺码,,3XL-0,插片指数超上限,46,LeSabre,05008787,Buick LeSabre Sedan 1987 US
Buick,LeSabre,,,Sedan,,,gen6,1988,三厢车,4991,1839,1407,43020,SD2,1839,1839,1146,170,5330,无可用尺码,,3XL-0,插片指数超上限,50,LeSabre,05008888,Buick LeSabre Sedan 1988 US
Buick,LeSabre,,,Sedan,,,gen6,1989,三厢车,5001,1839,1394,72091,SD2,1839,1839,1136,170,5340,无可用尺码,,3XL-0,插片指数超上限,50,LeSabre,05008989,Buick LeSabre Sedan 1989 US
Buick,LeSabre,,,Sedan,,,gen6,1990,三厢车,4991,1839,1394,81690,SD2,1839,1839,1136,170,5330,无可用尺码,,3XL-0,插片指数超上限,50,LeSabre,05009090,Buick LeSabre Sedan 1990 US
Buick,LeSabre,,,Sedan,,,gen6,1991,三厢车,4991,1839,1387,45378,SD2,1839,1839,1130,170,5330,无可用尺码,,3XL-0,插片指数超上限,50,LeSabre,05009191,Buick LeSabre Sedan 1991 US
Buick,LeSabre,,,Sedan,,,gen7,1992-1996,三厢车,5080,1902,1415,680037,SD2,1902,1902,1178,201,5482,无可用尺码,,3XL-0,插片指数超上限,81,LeSabre,05009296,Buick LeSabre Sedan 1992-1996 US
Buick,LeSabre,,,Sedan,,,gen7,1997-1999,三厢车,5100,1890,1412,507902,SD2,1890,1890,1171,195,5490,无可用尺码,,3XL-0,插片指数超上限,75,LeSabre,05009799,Buick LeSabre Sedan 1997-1999 US
Buick,LeSabre,,,Sedan,,,gen8,2000-2005,三厢车,5080,1867,1448,736369,SD2,1867,1867,1191,184,5447,无可用尺码,,3XL-0,插片指数超上限,64,LeSabre,05000005,Buick LeSabre Sedan 2000-2005 US
Buick,LeSabre,,,Wagon,,,gen1,1959,两厢车,5522,2050,1450,28666,H3,1564,1552,1230,29,5542,无可用尺码,,5XL,超长,222,LeSabre,05005959,Buick LeSabre Wagon 1959 US
Buick,LeSabre,,,Wagon,,,gen1,1960,两厢车,5535,2032,1453,50666,H3,1550,1538,1225,22,5537,无可用尺码,,5XL,超长,235,LeSabre,05006060,Buick LeSabre Wagon 1960 US
Buick,LeSabre,,,Wagon,,,gen2,1963,两厢车,5479,1981,1471,39250,H3,1512,1500,1219,3,5438,无可用尺码,,5XL,超长,179,LeSabre,05006363,Buick LeSabre Wagon 1963 US
Buick,LeSabre,,,Wagon,,,gen2,1964,两厢车,5558,1981,1471,30250,H3,1512,1500,1219,3,5511,无可用尺码,,5XL,超长,258,LeSabre,05006464,Buick LeSabre Wagon 1964 US
Buick,LeSabre,,,Wagon,,,gen4,1970,两厢车,5672,2032,1450,26250,H3,1550,1538,1223,22,5665,无可用尺码,,5XL,超长,372,LeSabre,05007070,Buick LeSabre Wagon 1970 US
Buick,LeSabre,,,Wagon,,,gen4,1971,两厢车,5761,2024,1455,23500,H3,1544,1532,1224,19,5740,无可用尺码,,5XL,超长,461,LeSabre,05007171,Buick LeSabre Wagon 1971 US
Buick,LeSabre,,,Wagon,,,gen4,1972,两厢车,5799,2032,1450,20750,H3,1550,1538,1223,22,5783,无可用尺码,,5XL,超长,499,LeSabre,05007272,Buick LeSabre Wagon 1972 US
Buick,LeSabre,,,Wagon,,,gen4,1973,两厢车,5829,2022,1455,37333,H3,1543,1531,1223,18,5801,无可用尺码,,5XL,超长,529,LeSabre,05007373,Buick LeSabre Wagon 1973 US
Buick,LeSabre,,,Wagon,,,gen4,1974,两厢车,5870,2029,1471,34333,H3,1548,1536,1238,21,5846,无可用尺码,,5XL,超长,570,LeSabre,05007474,Buick LeSabre Wagon 1974 US
Buick,LeSabre,,,Wagon,,,gen4,1975,两厢车,5888,2029,1483,19500,H3,1548,1536,1248,21,5863,无可用尺码,,5XL,超长,588,LeSabre,05007575,Buick LeSabre Wagon 1975 US
Buick,LeSabre,,,Wagon,,,gen4,1976,两厢车,5888,2029,1468,28333,H3,1548,1536,1236,21,5863,无可用尺码,,5XL,超长,588,LeSabre,05007676,Buick LeSabre Wagon 1976 US
Buick,LeSabre,,,Wagon,,,gen5,1977-1979,两厢车,5504,2029,1435,195263,H3,1548,1536,1210,21,5506,无可用尺码,,5XL,超长,204,LeSabre,05007779,Buick LeSabre Wagon 1977-1979 US
Buick,LeSabre,,,Wagon,,,gen5,1980,两厢车,5558,2035,1450,33256,H3,1553,1540,1224,23,5561,无可用尺码,,5XL,超长,258,LeSabre,05008080,Buick LeSabre Wagon 1980 US
Buick,LeSabre,,,Wagon,,,gen5,1981,两厢车,5601,2014,1450,27625,H3,1537,1525,1216,16,5582,无可用尺码,,5XL,超长,301,LeSabre,05008181,Buick LeSabre Wagon 1981 US
Buick,LeSabre,,,Wagon,,,gen5,1982,两厢车,5601,2014,1509,32940,H3,1537,1525,1263,16,5582,无可用尺码,,5XL,超长,301,LeSabre,05008282,Buick LeSabre Wagon 1982 US
Buick,LeSabre,,,Wagon,,,gen5,1983-1985,两厢车,5601,2027,1501,146749,H3,1547,1534,1262,20,5594,无可用尺码,,5XL,超长,301,LeSabre,05008385,Buick LeSabre Wagon 1983-1985 US
Buick,Lucerne,,,Sedan,,,gen1,2006-2011,三厢车,5161,1875,1473,312477,SD1,1369,1500,1195,-33,5043,3XXL-550,339,,,,Lucerne,05130611,Buick Lucerne Sedan 2006-2011 US
Buick,Park Avenue,,,Sedan,,,gen1,1991,三厢车,5212,1902,1415,117075,SD2,1902,1902,1178,201,5614,4XL-0,488,,,,Park Avenue,05079191,Buick Park Avenue Sedan 1991 US
Buick,Park Avenue,,,Sedan,,,gen1,1992,三厢车,5215,1869,1400,63390,SD2,1869,1869,1153,184,5584,4XL-0,485,,,,Park Avenue,05079292,Buick Park Avenue Sedan 1992 US
Buick,Park Avenue,,,Sedan,,,gen1,1993,三厢车,5212,1902,1400,55210,SD2,1902,1902,1166,201,5614,4XL-0,488,,,,Park Avenue,05079393,Buick Park Avenue Sedan 1993 US
Buick,Park Avenue,,,Sedan,,,gen1,1994,三厢车,5212,1869,1400,64665,SD2,1869,1869,1153,184,5581,4XL-0,488,,,,Park Avenue,05079494,Buick Park Avenue Sedan 1994 US
Buick,Park Avenue,,,Sedan,,,gen1,1995-1996,三厢车,5230,1882,1400,109947,SD2,1882,1882,1158,191,5612,4XL-0,470,,,,Park Avenue,05079596,Buick Park Avenue Sedan 1995-1996 US
Buick,Park Avenue,,,Sedan,,,gen2,1997-1998,三厢车,5253,1897,1458,108000,SD2,1897,1897,1211,198,5650,4XL-0,447,,,,Park Avenue,05079798,Buick Park Avenue Sedan 1997-1998 US
Buick,Park Avenue,,,Sedan,,,gen2,1999,三厢车,5253,1890,1458,39000,SD2,1890,1890,1208,195,5643,4XL-0,447,,,,Park Avenue,05079999,Buick Park Avenue Sedan 1999 US
Buick,Park Avenue,,,Sedan,,,gen2,2000-2005,三厢车,5253,1897,1458,143000,SD2,1897,1897,1211,198,5650,4XL-0,447,,,,Park Avenue,05070005,Buick Park Avenue Sedan 2000-2005 US
Buick,Rainier,,,SUV,,,gen1,2004-2007,越野车,4912,1915,1892,56915,SU2,1340,1589,1493,-18,4815,YXL,108,,,,Rainier,05160407,Buick Rainier SUV 2004-2007 US
Buick,Reatta,,,Convertible,,,gen1,1990-1991,跑车,4666,1854,1311,5018,SD0,1316,1253,1284,-108,4414,3L-0,74,,,,Reatta,05179091,Buick Reatta Convertible 1990-1991 US
Buick,Reatta,,,Coupe,,,gen1,1988-1991,跑车,4666,1854,1311,16733,SD0,1316,1253,1284,-108,4414,3L-0,74,,,,Reatta,05178891,Buick Reatta Coupe 1988-1991 US
Buick,Regal,,,Coupe,,,gen1,1973-1975,跑车,5425,2007,1354,225774,SD2,2007,2007,1171,254,5932,4XL-0,275,,,,Regal,05027375,Buick Regal Coupe 1973-1975 US
Buick,Regal,,,Coupe,,,gen1,1976-1977,跑车,5329,1956,1336,334122,SD2,1956,1956,1136,228,5785,4XL-0,371,,,,Regal,05027677,Buick Regal Coupe 1976-1977 US
Buick,Regal,,,Coupe,,,gen2,1978-1980,跑车,5080,1834,1356,724752,SD2,1834,1834,1102,167,5414,无可用尺码,,3XL-0,插片指数超上限,47,Regal,05027880,Buick Regal Coupe 1978-1980 US
Buick,Regal,,,Coupe,,,gen2,1981-1987,跑车,5095,1819,1384,1083320,SD2,1819,1819,1119,160,5414,无可用尺码,,3XXL-520-0,插片指数超上限,40,Regal,05028187,Buick Regal Coupe 1981-1987 US
Buick,Regal,,,Coupe,,,gen3,1988-1996,跑车,4925,1842,1354,571000,SD2,1842,1842,1104,171,5267,无可用尺码,,3XL-0,插片指数超上限,51,Regal,05028896,Buick Regal Coupe 1988-1996 US
Buick,Regal,,,Liftback,,,gen6,2018-2020,三厢车,4900,1862,1455,13488,SD1,1359,1490,1176,-38,4789,3XL-0,150,,,,,05021820,Buick Regal Liftback 2018-2020 US
Buick,Regal,,,Sedan,,,gen3,1991-1996,三厢车,4948,1842,1384,294420,SD2,1842,1842,1129,171,5290,无可用尺码,,3XL-0,插片指数超上限,51,Regal,05029196,Buick Regal Sedan 1991-1996 US
Buick,Regal,,,Sedan,,,gen3,1997,三厢车,4983,1847,1438,155000,SD2,1847,1847,1175,174,5330,无可用尺码,,3XL-0,插片指数超上限,54,Regal,05029797,Buick Regal Sedan 1997 US
Buick,Regal,,,Sedan,,,gen4,1998-2004,三厢车,4983,1847,1438,598000,SD2,1847,1847,1175,174,5330,无可用尺码,,3XL-0,插片指数超上限,54,Regal,05029804,Buick Regal Sedan 1998-2004 US
Buick,Regal,,,Sedan,,,gen5,2011-2017,三厢车,4831,1857,1483,159537,SD1,1356,1486,1196,-40,4720,3XL-0,219,,,,Regal,05021117,Buick Regal Sedan 2011-2017 US
Buick,Regal,,,Wagon,,,gen6,2018-2020,两厢车,4986,1862,1483,13485,H2,1307,1396,1191,-74,4780,5XL,314,,,,Regal Sportback | Regal TourX,05021820,Buick Regal Wagon 2018-2020 US
Buick,Rendezvous,,,Crossover,,,gen1,2002-2007,越野车,4737,1869,1750,315988,SU1,1368,1394,1424,-60,4611,YL,113,,,,,05120207,Buick Rendezvous Crossover 2002-2007 US
Buick,Riviera,,,Coupe,,,gen1,1963,跑车,5283,1938,1346,40000,SD2,1938,1938,1137,219,5721,4XL-0,417,,,,Riviera,05046363,Buick Riviera Coupe 1963 US
Buick,Riviera,,,Coupe,,,gen1,1964-1965,跑车,5283,1946,1346,72544,SD2,1946,1946,1140,223,5729,4XL-0,417,,,,Riviera,05046465,Buick Riviera Coupe 1964-1965 US
Buick,Riviera,,,Coupe,,,gen2,1966-1968,跑车,5367,2002,1351,137391,SD2,2002,2002,1167,251,5869,4XL-0,333,,,,Riviera,05046668,Buick Riviera Coupe 1966-1968 US
Buick,Riviera,,,Coupe,,,gen2,1969,跑车,5466,2002,1351,52872,SD2,2002,2002,1167,251,5968,4XL-0,234,,,,Riviera,05046969,Buick Riviera Coupe 1969 US
Buick,Riviera,,,Coupe,,,gen2,1970,跑车,5474,2014,1351,37366,SD2,2014,2014,1172,257,5988,4XL-0,226,,,,Riviera,05047070,Buick Riviera Coupe 1970 US
Buick,Riviera,,,Coupe,,,gen3,1971,跑车,5522,2029,1372,33810,SD0,1441,1372,1419,-47,5349,无可用尺码,,3XXL-550,超长,22,Riviera,05047171,Buick Riviera Coupe 1971 US
Buick,Riviera,,,Coupe,,,gen3,1972,跑车,5545,2032,1372,33728,SD0,1443,1374,1421,-46,5372,无可用尺码,,3XXL-550,超长,45,Riviera,05047272,Buick Riviera Coupe 1972 US
Buick,Riviera,,,Coupe,,,gen3,1973,跑车,5674,2032,1372,34080,SD0,1443,1374,1421,-46,5489,无可用尺码,,3XXL-550,超长,174,Riviera,05047373,Buick Riviera Coupe 1973 US
Buick,Riviera,,,Coupe,,,gen4,1974,跑车,5751,2032,1364,20129,SD2,2032,2032,1190,266,6283,无可用尺码,,4XL-0,超长,51,Riviera,05047474,Buick Riviera Coupe 1974 US
Buick,Riviera,,,Coupe,,,gen4,1975,跑车,5664,2032,1364,17306,SD2,2032,2032,1190,266,6196,4XL-0,36,,,,Riviera,05047575,Buick Riviera Coupe 1975 US
Buick,Riviera,,,Coupe,,,gen4,1976,跑车,5552,2029,1346,20082,SD2,2029,2029,1174,264,6081,4XL-0,148,,,,Riviera,05047676,Buick Riviera Coupe 1976 US
Buick,Riviera,,,Coupe,,,gen5,1977,跑车,5542,1961,1387,26138,SD2,1961,1961,1180,230,6003,4XL-0,158,,,,Riviera,05047777,Buick Riviera Coupe 1977 US
Buick,Riviera,,,Coupe,,,gen5,1978,跑车,5542,1961,1397,20535,SD2,1961,1961,1188,230,6003,4XL-0,158,,,,Riviera,05047878,Buick Riviera Coupe 1978 US
Buick,Riviera,,,Coupe,,,gen6,1979-1980,跑车,5248,1847,1379,100802,SD2,1847,1847,1127,174,5595,4XL-0,452,,,,Riviera,05047980,Buick Riviera Coupe 1979-1980 US
Buick,Riviera,,,Coupe,,,gen6,1981,跑车,5248,1816,1379,52007,SD2,1816,1816,1114,158,5564,4XL-0,452,,,,Riviera,05048181,Buick Riviera Coupe 1981 US
Buick,Riviera,,,Coupe,,,gen6,1982-1985,跑车,5248,1849,1379,217473,SD2,1849,1849,1127,174,5597,4XL-0,452,,,,Riviera,05048285,Buick Riviera Coupe 1982-1985 US
Buick,Riviera,,,Coupe,,,gen7,1986-1988,跑车,5037,1857,1344,45986,SD2,1857,1857,1102,178,5394,无可用尺码,,3XL-0,插片指数超上限,58,Riviera,05048688,Buick Riviera Coupe 1986-1988 US
Buick,Riviera,,,Coupe,,,gen7,1989-1991,跑车,5037,1821,1361,56883,SD2,1821,1821,1101,160,5358,无可用尺码,,3XL-0,插片指数超上限,40,Riviera,05048991,Buick Riviera Coupe 1989-1991 US
Buick,Riviera,,,Coupe,,,gen7,1992-1993,跑车,5037,1857,1344,16879,SD2,1857,1857,1102,178,5394,无可用尺码,,3XL-0,插片指数超上限,58,Riviera,05049293,Buick Riviera Coupe 1992-1993 US
Buick,Riviera,,,Coupe,,,gen8,1996-1999,跑车,5263,1905,1387,48157,SD2,1905,1905,1157,202,5668,4XL-0,437,,,,Riviera,05049699,Buick Riviera Coupe 1996-1999 US
Buick,Roadmaster,,,Convertible,,,gen3,1940,跑车,5436,1925,1679,6115,SD2,1925,1925,1403,212,5861,4XL-0,264,,,,Roadmaster Series 70 | Roadmaster Series 80,05054040,Buick Roadmaster Convertible 1940 US
Buick,Roadmaster,,,Convertible,,,gen3,1941,跑车,5461,1943,1679,5124,SD2,1943,1943,1410,222,5904,4XL-0,239,,,,Roadmaster Series 70,05054141,Buick Roadmaster Convertible 1941 US
Buick,Roadmaster,,,Convertible,,,gen3,1942,跑车,5512,1943,1679,2800,SD2,1943,1943,1410,222,5955,4XL-0,188,,,,Roadmaster Series 70,05054242,Buick Roadmaster Convertible 1942 US
Buick,Roadmaster,,,Convertible,,,gen3,1946-1947,跑车,5514,1996,1656,36388,SD2,1996,1996,1413,248,6010,4XL-0,186,,,,Roadmaster Series 70,05054647,Buick Roadmaster Convertible 1946-1947 US
Buick,Roadmaster,,,Convertible,,,gen3,1948,跑车,5524,1996,1654,26432,SD2,1996,1996,1411,248,6020,4XL-0,176,,,,Roadmaster Series 70,05054848,Buick Roadmaster Convertible 1948 US
Buick,Roadmaster,,,Convertible,,,gen4,1951-1952,跑车,5359,2032,1641,39020,SD2,2032,2032,1415,266,5891,4XL-0,341,,,,Roadmaster,05055152,Buick Roadmaster Convertible 1951-1952 US
Buick,Roadmaster,,,Convertible,,,gen5,1953,跑车,5273,2029,1595,26379,SD2,2029,2029,1377,264,5802,4XL-0,427,,,,Roadmaster,05055353,Buick Roadmaster Convertible 1953 US
Buick,Roadmaster,,,Convertible,,,gen5,1954,跑车,5507,2032,1590,16857,SD2,2032,2032,1374,266,6039,4XL-0,193,,,,Roadmaster,05055454,Buick Roadmaster Convertible 1954 US
Buick,Roadmaster,,,Convertible,,,gen5,1955,跑车,5484,2032,1590,21509,SD2,2032,2032,1374,266,6016,4XL-0,216,,,,Roadmaster,05055555,Buick Roadmaster Convertible 1955 US
Buick,Roadmaster,,,Convertible,,,gen5,1956,跑车,5425,2032,1529,17809,SD2,2032,2032,1324,266,5957,4XL-0,275,,,,Roadmaster,05055656,Buick Roadmaster Convertible 1956 US
Buick,Roadmaster,,,Convertible,,,gen6,1957,跑车,5469,1971,1506,15860,SD2,1971,1971,1281,236,5940,4XL-0,231,,,,Roadmaster,05055757,Buick Roadmaster Convertible 1957 US
Buick,Roadmaster,,,Convertible,,,gen6,1958,跑车,5565,2027,1524,4685,SD2,2027,2027,1318,264,6092,4XL-0,135,,,,Roadmaster,05055858,Buick Roadmaster Convertible 1958 US
Buick,Roadmaster,,,Coupe,,,gen1,1936-1937,跑车,5342,1905,1727,16090,SD2,1905,1905,1434,202,5747,4XL-0,358,,,,Roadmaster Series 80 | Roadmaster Series 90,05053637,Buick Roadmaster Coupe 1936-1937 US
Buick,Roadmaster,,,Coupe,,,gen2,1938-1939,跑车,5418,1918,1727,5833,SD2,1918,1918,1439,209,5836,4XL-0,282,,,,Roadmaster Series 80 | Roadmaster Series 90,05053839,Buick Roadmaster Coupe 1938-1939 US
Buick,Roadmaster,,,Coupe,,,gen3,1940,跑车,5436,1925,1679,6115,SD2,1925,1925,1403,212,5861,4XL-0,264,,,,Roadmaster Series 70 | Roadmaster Series 80,05054040,Buick Roadmaster Coupe 1940 US
Buick,Roadmaster,,,Coupe,,,gen3,1941,跑车,5461,1943,1679,5124,SD2,1943,1943,1410,222,5904,4XL-0,239,,,,Roadmaster Series 70,05054141,Buick Roadmaster Coupe 1941 US
Buick,Roadmaster,,,Coupe,,,gen3,1942,跑车,5512,1943,1679,2799,SD2,1943,1943,1410,222,5955,4XL-0,188,,,,Roadmaster Series 70,05054242,Buick Roadmaster Coupe 1942 US
Buick,Roadmaster,,,Coupe,,,gen3,1946-1947,跑车,5514,1996,1656,36386,SD2,1996,1996,1413,248,6010,4XL-0,186,,,,Roadmaster Series 70,05054647,Buick Roadmaster Coupe 1946-1947 US
Buick,Roadmaster,,,Coupe,,,gen3,1948,跑车,5524,2032,1646,26432,SD2,2032,2032,1420,266,6056,4XL-0,176,,,,Roadmaster Series 70,05054848,Buick Roadmaster Coupe 1948 US
Buick,Roadmaster,,,Coupe,,,gen4,1949,跑车,5458,1994,1641,44065,SD2,1994,1994,1400,247,5952,4XL-0,242,,,,Roadmaster Series 70,05054949,Buick Roadmaster Coupe 1949 US
Buick,Roadmaster,,,Coupe,,,gen4,1950,跑车,5357,2032,1580,37517,SD2,2032,2032,1366,266,5889,4XL-0,343,,,,Roadmaster,05055050,Buick Roadmaster Coupe 1950 US
Buick,Roadmaster,,,Coupe,,,gen4,1951-1952,跑车,5359,2032,1595,39019,SD2,2032,2032,1378,266,5891,4XL-0,341,,,,Roadmaster,05055152,Buick Roadmaster Coupe 1951-1952 US
Buick,Roadmaster,,,Coupe,,,gen5,1953,跑车,5273,2029,1595,26379,SD2,2029,2029,1377,264,5802,4XL-0,427,,,,Roadmaster,05055353,Buick Roadmaster Coupe 1953 US
Buick,Roadmaster,,,Coupe,,,gen5,1954,跑车,5507,2032,1590,16857,SD2,2032,2032,1374,266,6039,4XL-0,193,,,,Roadmaster,05055454,Buick Roadmaster Coupe 1954 US
Buick,Roadmaster,,,Coupe,,,gen5,1955,跑车,5484,2032,1590,21509,SD2,2032,2032,1374,266,6016,4XL-0,216,,,,Roadmaster,05055555,Buick Roadmaster Coupe 1955 US
Buick,Roadmaster,,,Coupe,,,gen5,1956,跑车,5425,2032,1529,17809,SD2,2032,2032,1324,266,5957,4XL-0,275,,,,Roadmaster,05055656,Buick Roadmaster Coupe 1956 US
Buick,Roadmaster,,,Coupe,,,gen6,1957,跑车,5469,1971,1491,15860,SD2,1971,1971,1268,236,5940,4XL-0,231,,,,Roadmaster,05055757,Buick Roadmaster Coupe 1957 US
Buick,Roadmaster,,,Coupe,,,gen6,1958,跑车,5565,2027,1524,4685,SD2,2027,2027,1318,264,6092,4XL-0,135,,,,Roadmaster,05055858,Buick Roadmaster Coupe 1958 US
Buick,Roadmaster,,,Sedan,,,gen1,1936,三厢车,5342,1905,1765,8024,SD2,1905,1905,1465,202,5747,4XL-0,358,,,,Roadmaster Series 80 | Roadmaster Series 90,05053636,Buick Roadmaster Sedan 1936 US
Buick,Roadmaster,,,Sedan,,,gen1,1937,三厢车,5342,1905,1727,8064,SD2,1905,1905,1434,202,5747,4XL-0,358,,,,Roadmaster Series 80 | Roadmaster Series 90,05053737,Buick Roadmaster Sedan 1937 US
Buick,Roadmaster,,,Sedan,,,gen2,1938-1939,三厢车,5418,1918,1727,5832,SD2,1918,1918,1439,209,5836,4XL-0,282,,,,Roadmaster Series 80 | Roadmaster Series 90,05053839,Buick Roadmaster Sedan 1938-1939 US
Buick,Roadmaster,,,Sedan,,,gen3,1940,三厢车,5436,1925,1679,6115,SD2,1925,1925,1403,212,5861,4XL-0,264,,,,Roadmaster Series 70 | Roadmaster Series 80,05054040,Buick Roadmaster Sedan 1940 US
Buick,Roadmaster,,,Sedan,,,gen3,1941,三厢车,5461,1943,1679,5124,SD2,1943,1943,1410,222,5904,4XL-0,239,,,,Roadmaster Series 70,05054141,Buick Roadmaster Sedan 1941 US
Buick,Roadmaster,,,Sedan,,,gen3,1942,三厢车,5512,1943,1679,2799,SD2,1943,1943,1410,222,5955,4XL-0,188,,,,Roadmaster Series 70,05054242,Buick Roadmaster Sedan 1942 US
Buick,Roadmaster,,,Sedan,,,gen3,1946-1947,三厢车,5514,1996,1656,36386,SD2,1996,1996,1413,248,6010,4XL-0,186,,,,Roadmaster Series 70,05054647,Buick Roadmaster Sedan 1946-1947 US
Buick,Roadmaster,,,Sedan,,,gen3,1948,三厢车,5524,1996,1654,26431,SD2,1996,1996,1411,248,6020,4XL-0,176,,,,Roadmaster Series 70,05054848,Buick Roadmaster Sedan 1948 US
Buick,Roadmaster,,,Sedan,,,gen4,1949,三厢车,5458,1994,1641,44065,SD2,1994,1994,1400,247,5952,4XL-0,242,,,,Roadmaster Series 70,05054949,Buick Roadmaster Sedan 1949 US
Buick,Roadmaster,,,Sedan,,,gen4,1950,三厢车,5301,2032,1636,37517,SD2,2032,2032,1411,266,5833,4XL-0,399,,,,Roadmaster,05055050,Buick Roadmaster Sedan 1950 US
Buick,Roadmaster,,,Sedan,,,gen4,1951-1952,三厢车,5461,2032,1595,39019,SD2,2032,2032,1378,266,5993,4XL-0,239,,,,Roadmaster,05055152,Buick Roadmaster Sedan 1951-1952 US
Buick,Roadmaster,,,Sedan,,,gen5,1953,三厢车,5273,2029,1595,26379,SD2,2029,2029,1377,264,5802,4XL-0,427,,,,Roadmaster,05055353,Buick Roadmaster Sedan 1953 US
Buick,Roadmaster,,,Sedan,,,gen5,1954,三厢车,5504,2032,1590,16857,SD2,2032,2032,1374,266,6036,4XL-0,196,,,,Roadmaster,05055454,Buick Roadmaster Sedan 1954 US
Buick,Roadmaster,,,Sedan,,,gen5,1955,三厢车,5484,2032,1590,21509,SD2,2032,2032,1374,266,6016,4XL-0,216,,,,Roadmaster,05055555,Buick Roadmaster Sedan 1955 US
Buick,Roadmaster,,,Sedan,,,gen5,1956,三厢车,5425,2032,1534,17809,SD2,2032,2032,1328,266,5957,4XL-0,275,,,,Roadmaster,05055656,Buick Roadmaster Sedan 1956 US
Buick,Roadmaster,,,Sedan,,,gen6,1957,三厢车,5469,1971,1491,15860,SD2,1971,1971,1268,236,5940,4XL-0,231,,,,Roadmaster,05055757,Buick Roadmaster Sedan 1957 US
Buick,Roadmaster,,,Sedan,,,gen6,1958,三厢车,5565,2027,1524,4684,SD2,2027,2027,1318,264,6092,4XL-0,135,,,,Roadmaster,05055858,Buick Roadmaster Sedan 1958 US
Buick,Roadmaster,,,Sedan,,,gen7,1992-1996,三厢车,5481,1984,1420,97096,SD2,1984,1984,1216,242,5965,4XL-0,219,,,,Roadmaster,05059296,Buick Roadmaster Sedan 1992-1996 US
Buick,Roadmaster,,,Wagon,,,gen7,1991,两厢车,5524,2004,1527,6729,H3,1529,1517,1273,12,5501,无可用尺码,,5XL,超长,224,Roadmaster,05059191,Buick Roadmaster Wagon 1991 US
Buick,Roadmaster,,,Wagon,,,gen7,1992-1996,两厢车,5530,2029,1532,97094,H3,1548,1536,1287,21,5530,无可用尺码,,5XL,超长,230,Roadmaster,05059296,Buick Roadmaster Wagon 1992-1996 US
Buick,Skylark,,,Convertible,,,gen1,1953,跑车,5273,2029,1496,1690,SD1,1481,1623,1276,26,5291,3XXL-550,227,,,,,05035353,Buick Skylark Convertible 1953 US
Buick,Skylark,,,Convertible,,,gen1,1954,跑车,5240,1951,1529,836,SD1,1424,1561,1271,-4,5188,3XXL-550,260,,,,Skylark,05035454,Buick Skylark Convertible 1954 US
Buick,Skylark,,,Convertible,,,gen2,1965,跑车,5166,1869,1372,36667,SD2,1869,1869,1130,184,5535,4XL-0,534,,,,Skylark,05036565,Buick Skylark Convertible 1965 US
Buick,Skylark,,,Convertible,,,gen2,1966,跑车,5182,1918,1379,31667,SD2,1918,1918,1155,209,5600,4XL-0,518,,,,Skylark,05036666,Buick Skylark Convertible 1966 US
Buick,Skylark,,,Convertible,,,gen2,1967,跑车,5166,1869,1372,30000,SD2,1869,1869,1130,184,5535,4XL-0,534,,,,Skylark,05036767,Buick Skylark Convertible 1967 US
Buick,Skylark,,,Convertible,,,gen3,1970-1972,跑车,5164,1951,1367,43250,SD2,1951,1951,1159,226,5615,4XL-0,536,,,,Skylark,05037072,Buick Skylark Convertible 1970-1972 US
Buick,Skylark,,,Coupe,,,gen2,1965,跑车,5166,1869,1372,36667,SD2,1869,1869,1130,184,5535,4XL-0,534,,,,Skylark,05036565,Buick Skylark Coupe 1965 US
Buick,Skylark,,,Coupe,,,gen2,1966,跑车,5182,1918,1379,31667,SD2,1918,1918,1155,209,5600,4XL-0,518,,,,Skylark,05036666,Buick Skylark Coupe 1966 US
Buick,Skylark,,,Coupe,,,gen2,1967,跑车,5166,1869,1372,30000,SD2,1869,1869,1130,184,5535,4XL-0,534,,,,Skylark,05036767,Buick Skylark Coupe 1967 US
Buick,Skylark,,,Coupe,,,gen3,1970,跑车,5240,1963,1377,17500,SD2,1963,1963,1172,232,5703,4XL-0,460,,,,Skylark,05037070,Buick Skylark Coupe 1970 US
Buick,Skylark,,,Coupe,,,gen3,1971,跑车,5161,1963,1377,14500,SD2,1963,1963,1172,232,5624,4XL-0,539,,,,Skylark,05037171,Buick Skylark Coupe 1971 US
Buick,Skylark,,,Coupe,,,gen3,1972,跑车,5240,1963,1377,11250,SD2,1963,1963,1172,232,5703,4XL-0,460,,,,Skylark,05037272,Buick Skylark Coupe 1972 US
Buick,Skylark,,,Coupe,,,gen4,1975,跑车,5088,1775,1351,11667,SD2,1775,1775,1074,138,5363,无可用尺码,,3XXL-520-0,插片指数超上限,18,Skylark,05037575,Buick Skylark Coupe 1975 US
Buick,Skylark,,,Coupe,,,gen4,1976-1979,跑车,5088,1847,1326,76334,SD2,1847,1847,1083,174,5435,无可用尺码,,3XL-0,插片指数超上限,54,Skylark,05037679,Buick Skylark Coupe 1976-1979 US
Buick,Skylark,,,Coupe,,,gen5,1980-1984,跑车,4620,1755,1364,444201,SD2,1755,1755,1077,128,4875,无可用尺码,,3L-0,插片指数超上限,8,Skylark,05038084,Buick Skylark Coupe 1980-1984 US
Buick,Skylark,,,Coupe,,,gen5,1985,跑车,4600,1755,1361,46579,SD2,1755,1755,1074,128,4855,无可用尺码,,3L-0,插片指数超上限,8,Skylark,05038585,Buick Skylark Coupe 1985 US
Buick,Skylark,,,Coupe,,,gen6,1986,跑车,4572,1676,1321,68928,SD2,1676,1676,1010,88,4748,3L-0,168,,,,Skylark,05038686,Buick Skylark Coupe 1986 US
Buick,Skylark,,,Coupe,,,gen6,1987-1991,跑车,4575,1694,1326,178946,SD2,1694,1694,1021,97,4769,3L-0,165,,,,Skylark,05038791,Buick Skylark Coupe 1987-1991 US
Buick,Skylark,,,Coupe,,,gen7,1992,跑车,4806,1714,1326,27850,SD1,1251,1371,1012,-94,4564,3XL-0,244,,,,Skylark,05039292,Buick Skylark Coupe 1992 US
Buick,Skylark,,,Coupe,,,gen7,1993,跑车,4803,1714,1351,28206,SD1,1251,1371,1032,-94,4561,3XL-0,247,,,,Skylark,05039393,Buick Skylark Coupe 1993 US
Buick,Skylark,,,Coupe,,,gen7,1994,跑车,5032,1714,1351,28279,SD1,1251,1371,1032,-94,4774,3XL-0,18,,,,Skylark,05039494,Buick Skylark Coupe 1994 US
Buick,Skylark,,,Coupe,,,gen7,1995,跑车,4806,1745,1359,26716,SD1,1274,1396,1051,-82,4592,3XL-0,244,,,,Skylark,05039595,Buick Skylark Coupe 1995 US
Buick,Skylark,,,Coupe,,,gen7,1996,跑车,4803,1745,1351,20936,SD1,1274,1396,1044,-82,4590,3XL-0,247,,,,Skylark,05039696,Buick Skylark Coupe 1996 US
Buick,Skylark,,,Coupe,,,gen7,1997,跑车,4788,1732,1359,28862,SD1,1264,1386,1046,-88,4564,3XL-0,262,,,,Skylark,05039797,Buick Skylark Coupe 1997 US
Buick,Skylark,,,Hatchback,,,gen3,1969-1972,两厢车,5428,1951,1392,83250,H0,1401,1428,1168,-43,5289,无可用尺码,,5XL,超长,128,Skylark,05036972,Buick Skylark Hatchback 1969-1972 US
Buick,Skylark,,,Hatchback,,,gen4,1975,两厢车,5088,1775,1351,11667,H0,1274,1299,1063,-107,4814,5XL,212,,,,Skylark,05037575,Buick Skylark Hatchback 1975 US
Buick,Skylark,,,Hatchback,,,gen4,1976-1979,两厢车,5088,1847,1326,76333,H0,1326,1352,1072,-80,4880,5XL,212,,,,Skylark,05037679,Buick Skylark Hatchback 1976-1979 US
Buick,Skylark,,,Sedan,,,gen2,1965,三厢车,5166,1869,1372,36666,SD2,1869,1869,1130,184,5535,4XL-0,534,,,,Skylark,05036565,Buick Skylark Sedan 1965 US
Buick,Skylark,,,Sedan,,,gen2,1966,三厢车,5182,1918,1379,31666,SD2,1918,1918,1155,209,5600,4XL-0,518,,,,Skylark,05036666,Buick Skylark Sedan 1966 US
Buick,Skylark,,,Sedan,,,gen2,1967,三厢车,5166,1869,1372,30000,SD2,1869,1869,1130,184,5535,4XL-0,534,,,,Skylark,05036767,Buick Skylark Sedan 1967 US
Buick,Skylark,,,Sedan,,,gen3,1968-1969,三厢车,5199,1920,1374,125000,SD2,1920,1920,1152,210,5619,4XL-0,501,,,,Skylark,05036869,Buick Skylark Sedan 1968-1969 US
Buick,Skylark,,,Sedan,,,gen3,1970,三厢车,5240,1961,1372,17500,SD2,1961,1961,1167,230,5701,4XL-0,460,,,,Skylark,05037070,Buick Skylark Sedan 1970 US
Buick,Skylark,,,Sedan,,,gen3,1971,三厢车,5263,1963,1379,14500,SD2,1963,1963,1174,232,5726,4XL-0,437,,,,Skylark,05037171,Buick Skylark Sedan 1971 US
Buick,Skylark,,,Sedan,,,gen3,1972,三厢车,5265,1951,1379,11250,SD2,1951,1951,1169,226,5716,4XL-0,435,,,,Skylark,05037272,Buick Skylark Sedan 1972 US
Buick,Skylark,,,Sedan,,,gen4,1975-1979,三厢车,5088,1849,1351,87999,SD2,1849,1849,1105,174,5437,无可用尺码,,3XL-0,插片指数超上限,54,Skylark,05037579,Buick Skylark Sedan 1975-1979 US
Buick,Skylark,,,Sedan,,,gen5,1980-1984,三厢车,4620,1755,1364,444199,SD2,1755,1755,1077,128,4875,无可用尺码,,3L-0,插片指数超上限,8,Skylark,05038084,Buick Skylark Sedan 1980-1984 US
Buick,Skylark,,,Sedan,,,gen5,1985,三厢车,4600,1755,1361,46578,SD2,1755,1755,1074,128,4855,无可用尺码,,3L-0,插片指数超上限,8,Skylark,05038585,Buick Skylark Sedan 1985 US
Buick,Skylark,,,Sedan,,,gen6,1986,三厢车,4572,1676,1321,68927,SD2,1676,1676,1010,88,4748,3L,168,,,,Skylark,05038686,Buick Skylark Sedan 1986 US
Buick,Skylark,,,Sedan,,,gen6,1987-1991,三厢车,4575,1694,1326,178946,SD2,1694,1694,1021,97,4769,3L,165,,,,Skylark,05038791,Buick Skylark Sedan 1987-1991 US
Buick,Skylark,,,Sedan,,,gen7,1992,三厢车,4806,1714,1326,27850,SD1,1251,1371,1012,-94,4564,3XL-0,244,,,,Skylark,05039292,Buick Skylark Sedan 1992 US
Buick,Skylark,,,Sedan,,,gen7,1993,三厢车,4803,1714,1351,28206,SD1,1251,1371,1032,-94,4561,3XL-0,247,,,,Skylark,05039393,Buick Skylark Sedan 1993 US
Buick,Skylark,,,Sedan,,,gen7,1994,三厢车,5032,1714,1351,28279,SD1,1251,1371,1032,-94,4774,3XL-0,18,,,,Skylark,05039494,Buick Skylark Sedan 1994 US
Buick,Skylark,,,Sedan,,,gen7,1995,三厢车,4806,1745,1359,26716,SD1,1274,1396,1051,-82,4592,3XL-0,244,,,,Skylark,05039595,Buick Skylark Sedan 1995 US
Buick,Skylark,,,Sedan,,,gen7,1996,三厢车,4803,1745,1351,20936,SD1,1274,1396,1044,-82,4590,3XL-0,247,,,,Skylark,05039696,Buick Skylark Sedan 1996 US
Buick,Skylark,,,Sedan,,,gen7,1997-1998,三厢车,4788,1732,1359,46862,SD1,1264,1386,1046,-88,4564,3XL-0,262,,,,Skylark,05039798,Buick Skylark Sedan 1997-1998 US
Buick,Verano,,,Sedan,,,gen1,2012-2017,三厢车,4671,1814,1476,198440,SD1,1324,1451,1173,-56,4531,3L,69,,,,Verano,05141217,Buick Verano Sedan 2012-2017 US
Cadillac,ATS,,,Coupe,,,gen1,2015-2019,跑车,4691,1842,1405,36737,SD0,1308,1245,1364,-112,4425,3L-0,49,,,,ATS,14091519,Cadillac ATS Coupe 2015-2019 US
Cadillac,ATS,,,Sedan,,,gen1,2013-2015,三厢车,4643,1806,1433,81645,SD0,1282,1221,1373,-124,4349,3L,97,,,,ATS,14091315,Cadillac ATS Sedan 2013-2015 US
Cadillac,ATS,,,Sedan,,,gen1,2016-2019,三厢车,4674,1811,1415,23298,SD0,1286,1224,1359,-122,4382,3L,66,,,,ATS,14091619,Cadillac ATS Sedan 2016-2019 US
Cadillac,CT4,,,Sedan,,,gen1,2020-2026,三厢车,4765,1814,1422,48603,SD1,1324,1451,1130,-56,4618,3XL-0,285,,,,CT4,14182026,Cadillac CT4 Sedan 2020-2026 US
Cadillac,CT5,,Blackwing,Sedan,,,gen1,2025-2026,三厢车,4950,1882,1435,5663,SD1,1374,1506,1167,-30,4854,3XL-0,100,,,,CT5,14132526,Cadillac CT5 Blackwing Sedan 2025-2026 US
Cadillac,CT5,,,Sedan,,,gen1,2020-2026,三厢车,4923,1882,1453,99929,SD1,1374,1506,1182,-30,4829,3XL-0,127,,,,CT5,14132026,Cadillac CT5 Sedan 2020-2026 US
Cadillac,CT6,,Blackwing,Sedan,,,gen1,2019-2020,三厢车,5227,1880,1473,1953,SD1,1372,1504,1197,-31,5110,3XXL-550,273,,,,CT6,14191920,Cadillac CT6 Blackwing Sedan 2019-2020 US
Cadillac,CT6,,PHEV,Sedan,,,gen1,2017-2018,三厢车,5184,1880,1473,3566,SD1,1372,1504,1197,-31,5070,3XXL-550,316,,,,CT6,14191718,Cadillac CT6 PHEV Sedan 2017-2018 US
Cadillac,CT6,,,Sedan,,,gen1,2016-2018,三厢车,5184,1880,1473,25813,SD1,1372,1504,1197,-31,5070,3XXL-550,316,,,,CT6,14191618,Cadillac CT6 Sedan 2016-2018 US
Cadillac,CT6,,,Sedan,,,gen1,2019-2020,三厢车,5227,1880,1473,9115,SD1,1372,1504,1197,-31,5110,3XXL-550,273,,,,CT6,14191920,Cadillac CT6 Sedan 2019-2020 US
Cadillac,CTS,,CTS-V,Sedan,,,gen2,2011-2013,三厢车,4859,1842,1455,8958,SD0,1308,1245,1410,-112,4578,3XL-0,191,,,,CTS,14041113,Cadillac CTS CTS-V Sedan 2011-2013 US
Cadillac,CTS,,,Coupe,,,gen2,2011,跑车,4808,1882,1422,17124,SD0,1336,1272,1398,-98,4568,3XL-0,242,,,,CTS,14041111,Cadillac CTS Coupe 2011 US
Cadillac,CTS,,,Coupe,,,gen2,2012-2015,跑车,4788,1882,1422,44794,SD0,1336,1272,1398,-98,4550,3XL-0,262,,,,CTS,14041215,Cadillac CTS Coupe 2012-2015 US
Cadillac,CTS,,,Sedan,,,gen1,2003,三厢车,4829,1793,1440,49392,SD0,1273,1212,1374,-129,4506,3XL-0,221,,,,CTS,14040303,Cadillac CTS Sedan 2003 US
Cadillac,CTS,,,Sedan,,,gen1,2004-2007,三厢车,4864,1793,1455,230598,SD0,1273,1212,1388,-129,4538,3XL-0,186,,,,CTS,14040407,Cadillac CTS Sedan 2004-2007 US
Cadillac,CTS,,,Sedan,,,gen2,2008-2009,三厢车,4867,1842,1473,97591,SD0,1308,1245,1426,-112,4585,3XL-0,183,,,,CTS,14040809,Cadillac CTS Sedan 2008-2009 US
Cadillac,CTS,,,Sedan,,,gen2,2010,三厢车,4867,1842,1504,22828,SD0,1308,1245,1454,-112,4585,3XL-0,183,,,,CTS,14041010,Cadillac CTS Sedan 2010 US
Cadillac,CTS,,,Sedan,,,gen2,2011-2013,三厢车,4859,1842,1473,41802,SD0,1308,1245,1426,-112,4578,3XL-0,191,,,,CTS,14041113,Cadillac CTS Sedan 2011-2013 US
Cadillac,CTS,,,Sedan,,,gen3,2014-2019,三厢车,5019,1834,1453,64553,SD0,1302,1240,1404,-114,4716,3XL-0,31,,,,CTS,14041419,Cadillac CTS Sedan 2014-2019 US
Cadillac,CTS,,,Wagon,,,gen2,2010,两厢车,4867,1844,1501,22828,H2,1294,1383,1198,-81,4654,5XL,433,,,,CTS,14041010,Cadillac CTS Wagon 2010 US
Cadillac,CTS,,,Wagon,,,gen2,2011-2014,两厢车,4877,1842,1473,52172,H2,1293,1382,1175,-81,4661,5XL,423,,,,CTS,14041114,Cadillac CTS Wagon 2011-2014 US
Cadillac,Catera,,,Sedan,,,gen1,1997-1999,三厢车,4928,1786,1433,65812,SD1,1304,1429,1127,-67,4744,3XL-0,122,,,,Catera,14149799,Cadillac Catera Sedan 1997-1999 US
Cadillac,Catera,,,Sedan,,,gen1,2000-2001,三厢车,4882,1786,1433,27054,SD1,1304,1429,1127,-67,4701,3XL-0,168,,,,Catera,14140001,Cadillac Catera Sedan 2000-2001 US
Cadillac,DTS,,,Sedan,,,gen1,2006-2011,三厢车,5273,1900,1463,187731,SD1,1387,1520,1197,-23,5171,3XXL-550,227,,,,DTS,14070611,Cadillac DTS Sedan 2006-2011 US
Cadillac,DTS-L,,,Sedan,,,gen1,2007-2011,三厢车,5476,1900,1463,129507,SD1,1387,1520,1197,-23,5360,3XXL-550,24,,,,DTS,14100711,Cadillac DTS-L Sedan 2007-2011 US
Cadillac,DeVille,,,Convertible,,,gen2,1967,跑车,5690,2032,1400,55000,SD2,2032,2032,1219,266,6222,4XL-0,10,,,,DeVille,14006767,Cadillac DeVille Convertible 1967 US
Cadillac,DeVille,,,Coupe,,,gen0,1949,跑车,5466,2004,1610,2150,SD2,2004,2004,1379,252,5970,4XL-0,234,,,,,14004949,Cadillac DeVille Coupe 1949 US
Cadillac,DeVille,,,Coupe,,,gen0,1950,跑车,5484,2035,1593,4507,SD2,2035,2035,1378,268,6019,4XL-0,216,,,,,14005050,Cadillac DeVille Coupe 1950 US
Cadillac,DeVille,,,Coupe,,,gen0,1951,跑车,5601,2035,1547,105000,SD2,2035,2035,1340,268,6136,4XL-0,99,,,,,14005151,Cadillac DeVille Coupe 1951 US
Cadillac,DeVille,,,Coupe,,,gen0,1952-1953,跑车,5608,2035,1593,230000,SD2,2035,2035,1378,268,6143,4XL-0,92,,,,DeVille,14005253,Cadillac DeVille Coupe 1952-1953 US
Cadillac,DeVille,,,Coupe,,,gen0,1954,跑车,5674,2027,1516,125000,SD2,2027,2027,1312,264,6201,4XL-0,26,,,,DeVille,14005454,Cadillac DeVille Coupe 1954 US
Cadillac,DeVille,,,Coupe,,,gen0,1955,跑车,5644,2027,1514,140000,SD2,2027,2027,1310,264,6171,4XL-0,56,,,,DeVille,14005555,Cadillac DeVille Coupe 1955 US
Cadillac,DeVille,,,Coupe,,,gen0,1956,跑车,5636,2032,1516,20866,SD2,2032,2032,1314,266,6168,4XL-0,64,,,,DeVille,14005656,Cadillac DeVille Coupe 1956 US
Cadillac,DeVille,,,Coupe,,,gen0,1957,跑车,5484,2032,1549,145000,SD2,2032,2032,1340,266,6016,4XL-0,216,,,,DeVille,14005757,Cadillac DeVille Coupe 1957 US
Cadillac,DeVille,,,Coupe,,,gen0,1958,跑车,5723,2032,1501,55000,SD2,2032,2032,1301,266,6255,无可用尺码,,4XL-0,超长,23,DeVille,14005858,Cadillac DeVille Coupe 1958 US
Cadillac,DeVille,,,Coupe,,,gen1,1959,跑车,5715,2037,1374,60000,SD2,2037,2037,1200,268,6252,无可用尺码,,4XL-0,超长,15,DeVille,14005959,Cadillac DeVille Coupe 1959 US
Cadillac,DeVille,,,Coupe,,,gen1,1960,跑车,5715,2037,1427,62500,SD2,2037,2037,1243,268,6252,无可用尺码,,4XL-0,超长,15,DeVille,14006060,Cadillac DeVille Coupe 1960 US
Cadillac,DeVille,,,Coupe,,,gen1,1961,跑车,5639,2027,1417,130000,SD2,2027,2027,1231,264,6166,4XL-0,61,,,,DeVille,14006161,Cadillac DeVille Coupe 1961 US
Cadillac,DeVille,,,Coupe,,,gen1,1962,跑车,5639,2029,1430,35942,SD2,2029,2029,1242,264,6168,4XL-0,61,,,,DeVille,14006262,Cadillac DeVille Coupe 1962 US
Cadillac,DeVille,,,Coupe,,,gen1,1963,跑车,5664,2027,1420,70000,SD2,2027,2027,1233,264,6191,4XL-0,36,,,,DeVille,14006363,Cadillac DeVille Coupe 1963 US
Cadillac,DeVille,,,Coupe,,,gen1,1964,跑车,5677,2024,1433,55190,SD2,2024,2024,1243,262,6201,4XL-0,23,,,,DeVille,14006464,Cadillac DeVille Coupe 1964 US
Cadillac,DeVille,,,Coupe,,,gen2,1965,跑车,5690,2029,1410,77500,SD2,2029,2029,1226,264,6219,4XL-0,10,,,,DeVille,14006565,Cadillac DeVille Coupe 1965 US
Cadillac,DeVille,,,Coupe,,,gen2,1966,跑车,5690,2032,1384,80000,SD2,2032,2032,1206,266,6222,4XL-0,10,,,,DeVille,14006666,Cadillac DeVille Coupe 1966 US
Cadillac,DeVille,,,Coupe,,,gen2,1967,跑车,5690,2032,1400,55000,SD2,2032,2032,1219,266,6222,4XL-0,10,,,,DeVille,14006767,Cadillac DeVille Coupe 1967 US
Cadillac,DeVille,,,Coupe,,,gen2,1968-1970,跑车,5715,2029,1412,263360,SD2,2029,2029,1228,264,6244,无可用尺码,,4XL-0,超长,15,DeVille,14006870,Cadillac DeVille Coupe 1968-1970 US
Cadillac,DeVille,,,Coupe,,,gen3,1971,跑车,5735,2032,1427,90000,SD2,2032,2032,1241,266,6267,无可用尺码,,4XL-0,超长,35,DeVille,14007171,Cadillac DeVille Coupe 1971 US
Cadillac,DeVille,,,Coupe,,,gen3,1972,跑车,5776,2027,1389,97406,SD2,2027,2027,1208,264,6303,无可用尺码,,4XL-0,超长,76,DeVille,14007272,Cadillac DeVille Coupe 1972 US
Cadillac,DeVille,,,Coupe,,,gen3,1973,跑车,5804,2027,1389,108122,SD2,2027,2027,1208,264,6331,无可用尺码,,4XL-0,超长,104,DeVille,14007373,Cadillac DeVille Coupe 1973 US
Cadillac,DeVille,,,Coupe,,,gen3,1974,跑车,5860,2027,1369,95000,SD2,2027,2027,1192,264,6387,无可用尺码,,4XL-0,超长,160,DeVille,14007474,Cadillac DeVille Coupe 1974 US
Cadillac,DeVille,,,Coupe,,,gen3,1975-1976,跑车,5860,2027,1379,170000,SD2,2027,2027,1200,264,6387,无可用尺码,,4XL-0,超长,160,DeVille,14007576,Cadillac DeVille Coupe 1975-1976 US
Cadillac,DeVille,,,Coupe,,,gen4,1977,跑车,5618,1941,1382,131086,SD2,1941,1941,1167,220,6059,4XL-0,82,,,,DeVille,14007777,Cadillac DeVille Coupe 1977 US
Cadillac,DeVille,,,Coupe,,,gen4,1978,跑车,5618,1943,1405,121751,SD2,1943,1943,1187,222,6061,4XL-0,82,,,,DeVille,14007878,Cadillac DeVille Coupe 1978 US
Cadillac,DeVille,,,Coupe,,,gen4,1979-1980,跑车,5618,1943,1382,196970,SD2,1943,1943,1168,222,6061,4XL-0,82,,,,DeVille,14007980,Cadillac DeVille Coupe 1979-1980 US
Cadillac,DeVille,,,Coupe,,,gen4,1981,跑车,5613,1943,1412,74858,SD2,1943,1943,1193,222,6056,4XL-0,87,,,,DeVille,14008181,Cadillac DeVille Coupe 1981 US
Cadillac,DeVille,,,Coupe,,,gen4,1982,跑车,5613,1930,1397,68075,SD2,1930,1930,1175,215,6043,4XL-0,87,,,,DeVille,14008282,Cadillac DeVille Coupe 1982 US
Cadillac,DeVille,,,Coupe,,,gen4,1983,跑车,5613,1930,1379,87337,SD2,1930,1930,1160,215,6043,4XL-0,87,,,,DeVille,14008383,Cadillac DeVille Coupe 1983 US
Cadillac,DeVille,,,Coupe,,,gen4,1984,跑车,5613,1915,1397,79380,SD2,1915,1915,1169,208,6028,4XL-0,87,,,,DeVille,14008484,Cadillac DeVille Coupe 1984 US
Cadillac,DeVille,,,Coupe,,,gen5,1985,跑车,4953,1821,1397,82500,SD2,1821,1821,1131,160,5274,无可用尺码,,3XL-0,插片指数超上限,40,DeVille,14008585,Cadillac DeVille Coupe 1985 US
Cadillac,DeVille,,,Coupe,,,gen5,1986,跑车,4928,1803,1397,77500,SD2,1803,1803,1123,152,5231,无可用尺码,,3XL-0,插片指数超上限,32,DeVille,14008686,Cadillac DeVille Coupe 1986 US
Cadillac,DeVille,,,Coupe,,,gen5,1987-1988,跑车,4991,1842,1397,140000,SD2,1842,1842,1139,171,5333,无可用尺码,,3XL-0,插片指数超上限,51,DeVille,14008788,Cadillac DeVille Coupe 1987-1988 US
Cadillac,DeVille,,,Coupe,,,gen5,1989,跑车,5222,1864,1402,62500,SD2,1864,1864,1152,182,5586,4XL-0,478,,,,DeVille,14008989,Cadillac DeVille Coupe 1989 US
Cadillac,DeVille,,,Sedan,,,gen0,1956,三厢车,5636,2032,1516,20866,SD2,2032,2032,1314,266,6168,4XL-0,64,,,,DeVille,14005656,Cadillac DeVille Sedan 1956 US
Cadillac,DeVille,,,Sedan,,,gen0,1958,三厢车,5723,2032,1501,55000,SD2,2032,2032,1301,266,6255,无可用尺码,,4XL-0,超长,23,DeVille,14005858,Cadillac DeVille Sedan 1958 US
Cadillac,DeVille,,,Sedan,,,gen1,1959-1960,三厢车,5715,2037,1427,122500,SD2,2037,2037,1243,268,6252,无可用尺码,,4XL-0,超长,15,DeVille,14005960,Cadillac DeVille Sedan 1959-1960 US
Cadillac,DeVille,,,Sedan,,,gen1,1962,三厢车,5639,2029,1430,35941,SD2,2029,2029,1242,264,6168,4XL-0,61,,,,DeVille,14006262,Cadillac DeVille Sedan 1962 US
Cadillac,DeVille,,,Sedan,,,gen1,1963,三厢车,5664,2027,1420,70000,SD2,2027,2027,1233,264,6191,4XL-0,36,,,,DeVille,14006363,Cadillac DeVille Sedan 1963 US
Cadillac,DeVille,,,Sedan,,,gen1,1964,三厢车,5677,2024,1433,55189,SD2,2024,2024,1243,262,6201,4XL-0,23,,,,DeVille,14006464,Cadillac DeVille Sedan 1964 US
Cadillac,DeVille,,,Sedan,,,gen2,1965,三厢车,5690,2029,1410,77500,SD2,2029,2029,1226,264,6219,4XL-0,10,,,,DeVille,14006565,Cadillac DeVille Sedan 1965 US
Cadillac,DeVille,,,Sedan,,,gen2,1966,三厢车,5690,2032,1384,80000,SD2,2032,2032,1206,266,6222,4XL-0,10,,,,DeVille,14006666,Cadillac DeVille Sedan 1966 US
Cadillac,DeVille,,,Sedan,,,gen2,1967,三厢车,5690,2032,1400,55000,SD2,2032,2032,1219,266,6222,4XL-0,10,,,,DeVille,14006767,Cadillac DeVille Sedan 1967 US
Cadillac,DeVille,,,Sedan,,,gen2,1968-1970,三厢车,5715,2029,1412,263359,SD2,2029,2029,1228,264,6244,无可用尺码,,4XL-0,超长,15,DeVille,14006870,Cadillac DeVille Sedan 1968-1970 US
Cadillac,DeVille,,,Sedan,,,gen3,1971,三厢车,5735,2032,1427,90000,SD2,2032,2032,1241,266,6267,无可用尺码,,4XL-0,超长,35,DeVille,14007171,Cadillac DeVille Sedan 1971 US
Cadillac,DeVille,,,Sedan,,,gen3,1972,三厢车,5776,2027,1389,97405,SD2,2027,2027,1208,264,6303,无可用尺码,,4XL-0,超长,76,DeVille,14007272,Cadillac DeVille Sedan 1972 US
Cadillac,DeVille,,,Sedan,,,gen3,1973,三厢车,5804,2027,1389,108121,SD2,2027,2027,1208,264,6331,无可用尺码,,4XL-0,超长,104,DeVille,14007373,Cadillac DeVille Sedan 1973 US
Cadillac,DeVille,,,Sedan,,,gen3,1974,三厢车,5860,2027,1369,95000,SD2,2027,2027,1192,264,6387,无可用尺码,,4XL-0,超长,160,DeVille,14007474,Cadillac DeVille Sedan 1974 US
Cadillac,DeVille,,,Sedan,,,gen3,1975-1976,三厢车,5860,2027,1379,170000,SD2,2027,2027,1200,264,6387,无可用尺码,,4XL-0,超长,160,DeVille,14007576,Cadillac DeVille Sedan 1975-1976 US
Cadillac,DeVille,,,Sedan,,,gen4,1977,三厢车,5618,1941,1382,131085,SD2,1941,1941,1167,220,6059,4XL-0,82,,,,DeVille,14007777,Cadillac DeVille Sedan 1977 US
Cadillac,DeVille,,,Sedan,,,gen4,1978,三厢车,5618,1943,1405,121750,SD2,1943,1943,1187,222,6061,4XL-0,82,,,,DeVille,14007878,Cadillac DeVille Sedan 1978 US
Cadillac,DeVille,,,Sedan,,,gen4,1979-1980,三厢车,5618,1943,1382,196968,SD2,1943,1943,1168,222,6061,4XL-0,82,,,,DeVille,14007980,Cadillac DeVille Sedan 1979-1980 US
Cadillac,DeVille,,,Sedan,,,gen4,1981,三厢车,5613,1943,1412,74857,SD2,1943,1943,1193,222,6056,4XL-0,87,,,,DeVille,14008181,Cadillac DeVille Sedan 1981 US
Cadillac,DeVille,,,Sedan,,,gen4,1982,三厢车,5613,1930,1397,68075,SD2,1930,1930,1175,215,6043,4XL-0,87,,,,DeVille,14008282,Cadillac DeVille Sedan 1982 US
Cadillac,DeVille,,,Sedan,,,gen4,1983,三厢车,5613,1930,1379,87337,SD2,1930,1930,1160,215,6043,4XL-0,87,,,,DeVille,14008383,Cadillac DeVille Sedan 1983 US
Cadillac,DeVille,,,Sedan,,,gen4,1984,三厢车,5613,1915,1397,79380,SD2,1915,1915,1169,208,6028,4XL-0,87,,,,DeVille,14008484,Cadillac DeVille Sedan 1984 US
Cadillac,DeVille,,,Sedan,,,gen5,1985,三厢车,4953,1821,1397,82500,SD2,1821,1821,1131,160,5274,无可用尺码,,3XL-0,插片指数超上限,40,DeVille,14008585,Cadillac DeVille Sedan 1985 US
Cadillac,DeVille,,,Sedan,,,gen5,1986,三厢车,4928,1803,1397,77500,SD2,1803,1803,1123,152,5231,无可用尺码,,3XL-0,插片指数超上限,32,DeVille,14008686,Cadillac DeVille Sedan 1986 US
Cadillac,DeVille,,,Sedan,,,gen5,1987-1988,三厢车,4991,1842,1397,140000,SD2,1842,1842,1139,171,5333,无可用尺码,,3XL-0,插片指数超上限,51,DeVille,14008788,Cadillac DeVille Sedan 1987-1988 US
Cadillac,DeVille,,,Sedan,,,gen5,1989,三厢车,5222,1864,1402,62500,SD2,1864,1864,1152,182,5586,4XL-0,478,,,,DeVille,14008989,Cadillac DeVille Sedan 1989 US
Cadillac,DeVille,,,Sedan,,,gen5,1990,三厢车,5222,1821,1402,115000,SD2,1821,1821,1135,160,5543,4XL-0,478,,,,DeVille,14009090,Cadillac DeVille Sedan 1990 US
Cadillac,DeVille,,,Sedan,,,gen5,1991,三厢车,5222,1864,1402,110000,SD2,1864,1864,1152,182,5586,4XL-0,478,,,,DeVille,14009191,Cadillac DeVille Sedan 1991 US
Cadillac,DeVille,,,Sedan,,,gen5,1992-1993,三厢车,5283,1864,1400,205000,SD2,1864,1864,1151,182,5647,4XL-0,417,,,,DeVille,14009293,Cadillac DeVille Sedan 1992-1993 US
Cadillac,DeVille,,,Sedan,,,gen6,1994-1997,三厢车,5326,1946,1433,418473,SD2,1946,1946,1211,223,5772,4XL-0,374,,,,DeVille,14009497,Cadillac DeVille Sedan 1994-1997 US
Cadillac,DeVille,,,Sedan,,,gen6,1998-1999,三厢车,5329,1943,1422,192777,SD2,1943,1943,1201,222,5772,4XL-0,371,,,,DeVille,14009899,Cadillac DeVille Sedan 1998-1999 US
Cadillac,DeVille,,,Sedan,,,gen7,2000-2005,三厢车,5263,1892,1440,474907,SD2,1892,1892,1195,196,5655,4XL-0,437,,,,DeVille,14000005,Cadillac DeVille Sedan 2000-2005 US
Cadillac,ELR,,,Coupe,,,gen1,2014-2016,跑车,4724,1847,1420,2868,SD0,1311,1249,1380,-110,4460,3L-0,16,,,,ELR,14231416,Cadillac ELR Coupe 2014-2016 US
Cadillac,Eldorado,,,Convertible,,,gen1,1953,跑车,5672,2022,1549,532,SD2,2022,2022,1336,261,6194,4XL-0,28,,,,Eldorado,14015353,Cadillac Eldorado Convertible 1953 US
Cadillac,Eldorado,,,Convertible,,,gen2,1954,跑车,5674,2027,1529,2150,SD2,2027,2027,1322,264,6201,4XL-0,26,,,,Eldorado,14015454,Cadillac Eldorado Convertible 1954 US
Cadillac,Eldorado,,,Convertible,,,gen2,1955,跑车,5494,2027,1628,3950,SD2,2027,2027,1403,264,6021,4XL-0,206,,,,Eldorado,14015555,Cadillac Eldorado Convertible 1955 US
Cadillac,Eldorado,,,Convertible,,,gen2,1956,跑车,5644,2032,1529,6050,SD2,2032,2032,1324,266,6176,4XL-0,56,,,,Eldorado,14015656,Cadillac Eldorado Convertible 1956 US
Cadillac,Eldorado,,,Convertible,,,gen3,1957,跑车,5641,2032,1481,200,SD2,2032,2032,1285,266,6173,4XL-0,59,,,,Eldorado,14015757,Cadillac Eldorado Convertible 1957 US
Cadillac,Eldorado,,,Convertible,,,gen3,1958,跑车,5674,2032,1483,152,SD2,2032,2032,1287,266,6206,4XL-0,26,,,,Eldorado,14015858,Cadillac Eldorado Convertible 1958 US
Cadillac,Eldorado,,,Convertible,,,gen4,1965,跑车,5690,2029,1412,25000,SD2,2029,2029,1228,264,6219,4XL-0,10,,,,Eldorado,14016565,Cadillac Eldorado Convertible 1965 US
Cadillac,Eldorado,,,Convertible,,,gen4,1966,跑车,5613,2032,1354,35000,SD2,2032,2032,1182,266,6145,4XL-0,87,,,,Eldorado,14016666,Cadillac Eldorado Convertible 1966 US
Cadillac,Eldorado,,,Convertible,,,gen6,1971,跑车,5629,2027,1369,13684,SD2,2027,2027,1192,264,6156,4XL-0,71,,,,Eldorado,14017171,Cadillac Eldorado Convertible 1971 US
Cadillac,Eldorado,,,Convertible,,,gen6,1972,跑车,5669,2027,1369,20037,SD2,2027,2027,1192,264,6196,4XL-0,31,,,,Eldorado,14017272,Cadillac Eldorado Convertible 1972 US
Cadillac,Eldorado,,,Convertible,,,gen6,1973,跑车,5639,2027,1369,25726,SD2,2027,2027,1192,264,6166,4XL-0,61,,,,Eldorado,14017373,Cadillac Eldorado Convertible 1973 US
Cadillac,Eldorado,,,Convertible,,,gen6,1974-1978,跑车,5692,2027,1379,110500,SD2,2027,2027,1200,264,6219,4XL-0,8,,,,Eldorado,14017478,Cadillac Eldorado Convertible 1974-1978 US
Cadillac,Eldorado,,,Convertible,,,gen7,1984-1985,跑车,5194,1793,1379,68058,SD2,1793,1793,1105,146,5487,4XL-0,506,,,,Eldorado,14018485,Cadillac Eldorado Convertible 1984-1985 US
Cadillac,Eldorado,,,Coupe,,,gen3,1957,跑车,5641,2032,1471,200,SD2,2032,2032,1277,266,6173,4XL-0,59,,,,Eldorado,14015757,Cadillac Eldorado Coupe 1957 US
Cadillac,Eldorado,,,Coupe,,,gen3,1958,跑车,5674,2032,1483,152,SD2,2032,2032,1287,266,6206,4XL-0,26,,,,Eldorado,14015858,Cadillac Eldorado Coupe 1958 US
Cadillac,Eldorado,,,Coupe,,,gen4,1959-1960,跑车,5715,2037,1394,36600,SD2,2037,2037,1216,268,6252,无可用尺码,,4XL-0,超长,15,Eldorado,14015960,Cadillac Eldorado Coupe 1959-1960 US
Cadillac,Eldorado,,,Coupe,,,gen4,1961,跑车,5639,2029,1430,13500,SD2,2029,2029,1242,264,6168,4XL-0,61,,,,Eldorado,14016161,Cadillac Eldorado Coupe 1961 US
Cadillac,Eldorado,,,Coupe,,,gen4,1962,跑车,5639,2029,1410,15000,SD2,2029,2029,1226,264,6168,4XL-0,61,,,,Eldorado,14016262,Cadillac Eldorado Coupe 1962 US
Cadillac,Eldorado,,,Coupe,,,gen4,1963,跑车,5664,2024,1433,18000,SD2,2024,2024,1243,262,6188,4XL-0,36,,,,Eldorado,14016363,Cadillac Eldorado Coupe 1963 US
Cadillac,Eldorado,,,Coupe,,,gen4,1964,跑车,5677,2024,1433,20000,SD2,2024,2024,1243,262,6201,4XL-0,23,,,,Eldorado,14016464,Cadillac Eldorado Coupe 1964 US
Cadillac,Eldorado,,,Coupe,,,gen5,1967-1968,跑车,5613,2032,1354,42458,SD2,2032,2032,1182,266,6145,4XL-0,87,,,,Eldorado,14016768,Cadillac Eldorado Coupe 1967-1968 US
Cadillac,Eldorado,,,Coupe,,,gen5,1969-1970,跑车,5613,2029,1367,52400,SD2,2029,2029,1191,264,6142,4XL-0,87,,,,Eldorado,14016970,Cadillac Eldorado Coupe 1969-1970 US
Cadillac,Eldorado,,,Coupe,,,gen6,1971,跑车,5629,2027,1369,13684,SD2,2027,2027,1192,264,6156,4XL-0,71,,,,Eldorado,14017171,Cadillac Eldorado Coupe 1971 US
Cadillac,Eldorado,,,Coupe,,,gen6,1972,跑车,5669,2027,1369,20037,SD2,2027,2027,1192,264,6196,4XL-0,31,,,,Eldorado,14017272,Cadillac Eldorado Coupe 1972 US
Cadillac,Eldorado,,,Coupe,,,gen6,1973,跑车,5639,2027,1369,25725,SD2,2027,2027,1192,264,6166,4XL-0,61,,,,Eldorado,14017373,Cadillac Eldorado Coupe 1973 US
Cadillac,Eldorado,,,Coupe,,,gen6,1974-1978,跑车,5692,2027,1377,110500,SD2,2027,2027,1198,264,6219,4XL-0,8,,,,Eldorado,14017478,Cadillac Eldorado Coupe 1974-1978 US
Cadillac,Eldorado,,,Coupe,,,gen7,1979,跑车,5182,1814,1377,60000,SD2,1814,1814,1111,157,5496,4XL-0,518,,,,Eldorado,14017979,Cadillac Eldorado Coupe 1979 US
Cadillac,Eldorado,,,Coupe,,,gen7,1980,跑车,5194,1816,1377,52142,SD2,1816,1816,1112,158,5510,4XL-0,506,,,,Eldorado,14018080,Cadillac Eldorado Coupe 1980 US
Cadillac,Eldorado,,,Coupe,,,gen7,1981-1982,跑车,5194,1793,1379,111652,SD2,1793,1793,1105,146,5487,4XL-0,506,,,,Eldorado,14018182,Cadillac Eldorado Coupe 1981-1982 US
Cadillac,Eldorado,,,Coupe,,,gen7,1983,跑车,5194,1816,1379,71624,SD2,1816,1816,1114,158,5510,4XL-0,506,,,,Eldorado,14018383,Cadillac Eldorado Coupe 1983 US
Cadillac,Eldorado,,,Coupe,,,gen7,1984-1985,跑车,5194,1793,1379,68058,SD2,1793,1793,1105,146,5487,4XL-0,506,,,,Eldorado,14018485,Cadillac Eldorado Coupe 1984-1985 US
Cadillac,Eldorado,,,Coupe,,,gen8,1986,跑车,4780,1821,1364,24266,SD2,1821,1821,1104,160,5101,无可用尺码,,3L-0,超长,40,Eldorado,14018686,Cadillac Eldorado Coupe 1986 US
Cadillac,Eldorado,,,Coupe,,,gen8,1987-1988,跑车,4775,1803,1346,52669,SD2,1803,1803,1082,152,5078,无可用尺码,,3XL-0,插片指数超上限,32,Eldorado,14018788,Cadillac Eldorado Coupe 1987-1988 US
Cadillac,Eldorado,,,Coupe,,,gen8,1989,跑车,4862,1821,1364,30051,SD2,1821,1821,1104,160,5183,无可用尺码,,3XL-0,插片指数超上限,40,Eldorado,14018989,Cadillac Eldorado Coupe 1989 US
Cadillac,Eldorado,,,Coupe,,,gen8,1990,跑车,4862,1839,1364,22832,SD2,1839,1839,1111,170,5201,无可用尺码,,3XL-0,插片指数超上限,50,Eldorado,14019090,Cadillac Eldorado Coupe 1990 US
Cadillac,Eldorado,,,Coupe,,,gen8,1991,跑车,4862,1839,1351,15304,SD2,1839,1839,1100,170,5201,无可用尺码,,3XL-0,插片指数超上限,50,Eldorado,14019191,Cadillac Eldorado Coupe 1991 US
Cadillac,Eldorado,,,Coupe,,,gen9,1992,跑车,5136,1900,1372,27527,SD2,1900,1900,1142,200,5536,无可用尺码,,3XXL-520-0,插片指数超上限,80,Eldorado,14019292,Cadillac Eldorado Coupe 1992 US
Cadillac,Eldorado,,,Coupe,,,gen9,1995,跑车,5144,1918,1361,23200,SD2,1918,1918,1141,209,5562,无可用尺码,,3XXL-520-0,插片指数超上限,89,Eldorado,14019595,Cadillac Eldorado Coupe 1995 US
Cadillac,Eldorado,,,Coupe,,,gen9,1998-2002,跑车,5095,1918,1361,59829,SD2,1918,1918,1141,209,5513,无可用尺码,,3XL-0,插片指数超上限,89,Eldorado,14019802,Cadillac Eldorado Coupe 1998-2002 US
Cadillac,Escalade,,ESV,SUV,,,gen2,2003-2006,越野车,5624,2019,1923,41531,SU2,1413,1676,1558,22,5570,无可用尺码,,YXL,超长,604,Escalade ESV,14020306,Cadillac Escalade ESV SUV 2003-2006 US
Cadillac,Escalade,,ESV,SUV,,,gen3,2007-2010,越野车,5662,2009,1918,27081,SU2,1406,1667,1550,18,5596,无可用尺码,,YXL,超长,642,Escalade ESV,14020710,Cadillac Escalade ESV SUV 2007-2010 US
Cadillac,Escalade,,ESV,SUV,,,gen3,2011-2012,越野车,5662,2009,1857,8495,SU2,1406,1667,1502,18,5596,无可用尺码,,YXL,超长,642,Escalade ESV,14021112,Cadillac Escalade ESV SUV 2011-2012 US
Cadillac,Escalade,,ESV,SUV,,,gen3,2013-2014,越野车,5662,2009,1918,9359,SU2,1406,1667,1550,18,5596,无可用尺码,,YXL,超长,642,Escalade ESV,14021314,Cadillac Escalade ESV SUV 2013-2014 US
Cadillac,Escalade,,ESV,SUV,,,gen4,2015-2020,越野车,5697,2045,1880,36980,SU2,1432,1697,1534,32,5661,无可用尺码,,YXL,超长,677,Escalade ESV,14021520,Cadillac Escalade ESV SUV 2015-2020 US
Cadillac,Escalade,,ESV,SUV,,,gen5,2021-2026,越野车,5766,2060,1941,44635,SU2,1442,1710,1588,38,5739,无可用尺码,,YXL,超长,746,Escalade ESV,14022126,Cadillac Escalade ESV SUV 2021-2026 US
Cadillac,Escalade EXT,,,Pickup,Crew,5.3,gen2,2002-2006,皮卡,5624,2019,1920,49173,P0,1399,1720,1561,-50,5684,PK-L,276,,,,Escalade EXT,14160206,Cadillac Escalade EXT Pickup 2002-2006 Crew 5.3 US
Cadillac,Escalade EXT,,,Pickup,Crew,5.3,gen3,2007-2013,皮卡,5639,2009,1892,23123,P0,1392,1712,1535,-54,5689,PK-L,261,,,,Escalade EXT,14160713,Cadillac Escalade EXT Pickup 2007-2013 Crew 5.3 US
Cadillac,Escalade,,,SUV,,,gen1,1999-2000,越野车,5110,1956,1887,47243,SU2,1369,1623,1505,-2,5036,无可用尺码,,YXL,超长,90,Escalade,14029900,Cadillac Escalade SUV 1999-2000 US
Cadillac,Escalade,,,SUV,,,gen2,2002-2006,越野车,5052,2004,1943,243456,SU2,1403,1663,1568,16,5027,无可用尺码,,YXL,超长,32,Escalade | Escalade ESV | Escalade EXT,14020206,Cadillac Escalade SUV 2002-2006 US
Cadillac,Escalade,,,SUV,,,gen3,2007-2008,越野车,5144,2007,1887,82930,SU2,1405,1666,1525,18,5115,无可用尺码,,YXL,超长,124,Escalade | Escalade ESV | Escalade EXT,14020708,Cadillac Escalade SUV 2007-2008 US
Cadillac,Escalade,,,SUV,,,gen3,2009-2014,越野车,5144,2007,1928,126765,SU2,1405,1666,1557,18,5115,无可用尺码,,YXL,超长,124,Escalade | Escalade ESV | Escalade EXT,14020914,Cadillac Escalade SUV 2009-2014 US
Cadillac,Escalade,,,SUV,,,gen4,2015-2020,越野车,5179,2045,1890,172570,SU2,1432,1697,1542,32,5182,无可用尺码,,YXL,超长,159,Escalade | Escalade ESV,14021520,Cadillac Escalade SUV 2015-2020 US
Cadillac,Escalade,,,SUV,,,gen5,2021-2026,越野车,5382,2060,1948,208297,SU2,1442,1710,1594,38,5384,无可用尺码,,YXL,超长,362,ESCALADE IQ | ESCALADE IQL | Escalade | Escalade ESV,14022126,Cadillac Escalade SUV 2021-2026 US
Cadillac,Lyriq,,Lyriq-V,SUV,,,gen1,2026,越野车,5001,1976,1628,1337,SU1,1446,1474,1369,-20,4954,YXL,19,,,,LYRIQ,14172626,Cadillac Lyriq Lyriq-V SUV 2026 US
Cadillac,Lyriq,,,SUV,,,gen1,2023-2025,越野车,4996,1976,1623,58527,SU1,1446,1474,1365,-20,4949,YXL,24,,,,LYRIQ,14172325,Cadillac Lyriq SUV 2023-2025 US
Cadillac,Lyriq,,,SUV,,,gen1,2026,越野车,4996,1976,1633,6241,SU1,1446,1474,1373,-20,4949,YXL,24,,,,LYRIQ,14172626,Cadillac Lyriq SUV 2026 US
Cadillac,Optiq,,,SUV,,,gen1,2025-2026,越野车,4821,1913,1643,19270,SU1,1400,1427,1356,-43,4729,YL,29,,,,OPTIQ,14202526,Cadillac Optiq SUV 2025-2026 US
Cadillac,SRX,,,SUV,,,gen2,2010-2016,越野车,4834,1910,1669,366827,SU1,1398,1425,1375,-44,4738,YL,16,,,,SRX,14051016,Cadillac SRX SUV 2010-2016 US
Cadillac,SRX,,,Wagon,,,gen1,2004-2009,两厢车,4950,1844,1722,133997,H2,1294,1383,1376,-81,4730,5XL,350,,,,SRX,14050409,Cadillac SRX Wagon 2004-2009 US
Cadillac,STS,,STS-V,Sedan,,,gen1,2006-2009,三厢车,5019,1844,1478,11889,SD1,1346,1475,1187,-45,4883,3XL-0,31,,,,STS,14120609,Cadillac STS STS-V Sedan 2006-2009 US
Cadillac,STS,,,Sedan,,,gen1,2005-2007,三厢车,4986,1844,1463,71832,SD1,1346,1475,1175,-45,4852,3XL-0,64,,,,STS,14120507,Cadillac STS Sedan 2005-2007 US
Cadillac,STS,,,Sedan,,,gen1,2008-2011,三厢车,4996,1844,1463,24963,SD1,1346,1475,1175,-45,4861,3XL-0,54,,,,STS,14120811,Cadillac STS Sedan 2008-2011 US
Cadillac,Seville,,STS,Sedan,,,gen3,1988-1989,三厢车,4846,1801,1364,46782,SD2,1801,1801,1096,150,5147,无可用尺码,,3XL-0,插片指数超上限,30,Seville,14038889,Cadillac Seville STS Sedan 1988-1989 US
Cadillac,Seville,,STS,Sedan,,,gen3,1990,三厢车,4846,1829,1364,34128,SD2,1829,1829,1107,164,5175,无可用尺码,,3XL-0,插片指数超上限,44,Seville,14039090,Cadillac Seville STS Sedan 1990 US
Cadillac,Seville,,STS/SLS,Sedan,,,gen4,1994-1997,三厢车,5184,1885,1384,165999,SD2,1885,1885,1146,192,5569,4XL-0,516,,,,Seville,14039497,Cadillac Seville STS/SLS Sedan 1994-1997 US
Cadillac,Seville,,STS/SLS,Sedan,,,gen5,1998-2004,三厢车,5105,1905,1415,170993,SD2,1905,1905,1180,202,5510,无可用尺码,,3XL-0,插片指数超上限,82,Seville,14039804,Cadillac Seville STS/SLS Sedan 1998-2004 US
Cadillac,Seville,,,Sedan,,,gen1,1976-1979,三厢车,5182,1824,1389,199304,SD2,1824,1824,1125,162,5506,4XL-0,518,,,,Seville,14037679,Cadillac Seville Sedan 1976-1979 US
Cadillac,Seville,,,Sedan,,,gen2,1980,三厢车,5202,1814,1379,39344,SD2,1814,1814,1113,157,5516,4XL-0,498,,,,Seville,14038080,Cadillac Seville Sedan 1980 US
Cadillac,Seville,,,Sedan,,,gen2,1981,三厢车,5202,1801,1379,28631,SD2,1801,1801,1108,150,5503,4XL-0,498,,,,Seville,14038181,Cadillac Seville Sedan 1981 US
Cadillac,Seville,,,Sedan,,,gen2,1982,三厢车,5182,1803,1372,19998,SD2,1803,1803,1103,152,5485,4XL-0,518,,,,Seville,14038282,Cadillac Seville Sedan 1982 US
Cadillac,Seville,,,Sedan,,,gen2,1983-1984,三厢车,5202,1801,1379,70427,SD2,1801,1801,1108,150,5503,4XL-0,498,,,,Seville,14038384,Cadillac Seville Sedan 1983-1984 US
Cadillac,Seville,,,Sedan,,,gen2,1985,三厢车,5202,1816,1379,39755,SD2,1816,1816,1114,158,5518,4XL-0,498,,,,Seville,14038585,Cadillac Seville Sedan 1985 US
Cadillac,Seville,,,Sedan,,,gen3,1986,三厢车,4780,1821,1364,19098,SD2,1821,1821,1104,160,5101,无可用尺码,,3L-0,超长,40,Seville,14038686,Cadillac Seville Sedan 1986 US
Cadillac,Seville,,,Sedan,,,gen3,1987,三厢车,4780,1801,1364,18578,SD2,1801,1801,1096,150,5081,无可用尺码,,3XL-0,插片指数超上限,30,Seville,14038787,Cadillac Seville Sedan 1987 US
Cadillac,Seville,,,Sedan,,,gen3,1991,三厢车,4846,1829,1351,26431,SD2,1829,1829,1096,164,5175,无可用尺码,,3XL-0,插片指数超上限,44,Seville,14039191,Cadillac Seville Sedan 1991 US
Cadillac,Seville,,,Sedan,,,gen4,1992,三厢车,5179,1890,1372,43953,SD2,1890,1890,1138,195,5569,4XL-0,521,,,,Seville,14039292,Cadillac Seville Sedan 1992 US
Cadillac,Seville,,,Sedan,,,gen4,1993,三厢车,5192,1890,1372,37239,SD2,1890,1890,1138,195,5582,4XL-0,508,,,,Seville,14039393,Cadillac Seville Sedan 1993 US
Cadillac,Vistiq,,,SUV,,,gen1,2026,越野车,5222,2027,1803,3903,SU1,1484,1512,1531,-1,5205,无可用尺码,,YXL,超长,202,VISTIQ,14222626,Cadillac Vistiq SUV 2026 US
Cadillac,XLR,,,Convertible,,,gen1,2004-2009,跑车,4514,1836,1280,13151,SD0,1304,1241,1248,-114,4259,3M-0,46,,,,,14210409,Cadillac XLR Convertible 2004-2009 US
Cadillac,XLR,,XLR-V,Convertible,,,gen1,2006-2009,跑车,4514,1836,1280,1234,SD0,1304,1241,1248,-114,4259,3M-0,46,,,,XLR,14210609,Cadillac XLR XLR-V Convertible 2006-2009 US
Cadillac,XT4,,,SUV,,,gen1,2019-2023,越野车,4600,1948,1628,110520,SU1,1426,1453,1358,-30,4557,YM,30,,,,XT4,14081923,Cadillac XT4 SUV 2019-2023 US
Cadillac,XT4,,,SUV,,,gen1,2024-2025,越野车,4575,1948,1628,33463,SU1,1426,1453,1358,-30,4534,YM,55,,,,XT4,14082425,Cadillac XT4 SUV 2024-2025 US
Cadillac,XT5,,,SUV,,,gen1,2017-2026,越野车,4816,1905,1679,358748,SU1,1394,1421,1382,-46,4717,YL,34,,,,XT5,14061726,Cadillac XT5 SUV 2017-2026 US
Cadillac,XT6,,,SUV,,,gen1,2020-2025,越野车,5042,1963,1775,119728,SU1,1437,1464,1483,-25,4980,无可用尺码,,YXL,超长,22,XT6,14112025,Cadillac XT6 SUV 2020-2025 US
Cadillac,XTS,,,Sedan,,,gen1,2015-2017,三厢车,5131,1852,1501,61558,SD1,1352,1482,1209,-42,4994,3XXL-550,369,,,,XTS,14151517,Cadillac XTS Sedan 2015-2017 US
Cadillac,XTS,,,Sedan,,,gen1,2018-2019,三厢车,5103,1852,1509,29031,SD1,1352,1482,1215,-42,4968,3XXL-550,397,,,,XTS,14151819,Cadillac XTS Sedan 2018-2019 US
Chevrolet,Astro,,LWB,Wagon,,,gen1,1990-1994,两厢车,4745,1956,1882,110294,V0,1397,1426,1695,-44,4685,无可用尺码,,5XL,超余量,555,Astro,00229094,Chevrolet Astro LWB Wagon 1990-1994 US
Chevrolet,Astro,,LWB,Wagon,,,gen2,1995-2005,两厢车,4821,1928,1935,862254,V0,1377,1406,1729,-54,4729,5XL,479,,,,Astro,00229505,Chevrolet Astro LWB Wagon 1995-2005 US
Chevrolet,Astro,,,Wagon,,,gen1,1985-1988,两厢车,4491,1956,1872,350000,V0,1397,1426,1687,-44,4451,无可用尺码,,2L,超长,351,Astro,00228588,Chevrolet Astro Wagon 1985-1988 US
Chevrolet,Astro,,,Wagon,,,gen1,1989-1994,两厢车,4491,1956,1882,624706,V0,1397,1426,1695,-44,4451,无可用尺码,,2L,超长,351,Astro,00228994,Chevrolet Astro Wagon 1989-1994 US
Chevrolet,Avalanche,,1500,Pickup,Crew,5.3,gen1,2002-2006,皮卡,5631,2027,1862,191841,P0,1405,1727,1519,-48,5699,PK-L,269,,,,Avalanche 1500,00330206,Chevrolet Avalanche 1500 Pickup 2002-2006 Crew 5.3 US
Chevrolet,Avalanche,,1500,Pickup,Crew,5.3,gen2,2007-2013,皮卡,5621,2009,1946,188569,P0,1392,1712,1578,-54,5672,PK-L,279,,,,Avalanche,00330713,Chevrolet Avalanche 1500 Pickup 2007-2013 Crew 5.3 US
Chevrolet,Avalanche,,2500,Pickup,Crew,5.3,gen1,2002-2006,皮卡,5631,2027,1862,191841,P0,1405,1727,1519,-48,5699,PK-L,269,,,,Avalanche 2500,00330206,Chevrolet Avalanche 2500 Pickup 2002-2006 Crew 5.3 US
Chevrolet,Aveo,,,Hatchback,,,gen1,2004-2005,两厢车,3879,1669,1494,62364,H0,1198,1222,1136,-145,3604,2L,261,,,,Aveo,00370405,Chevrolet Aveo Hatchback 2004-2005 US
Chevrolet,Aveo,,,Hatchback,,,gen1,2006,两厢车,4234,1669,1494,29122,H0,1198,1222,1136,-145,3931,无可用尺码,,2L,超长,94,Aveo,00370606,Chevrolet Aveo Hatchback 2006 US
Chevrolet,Aveo,,,Hatchback,,,gen1,2007-2008,两厢车,3879,1669,1494,61194,H0,1198,1222,1136,-145,3604,2L,261,,,,Aveo,00370708,Chevrolet Aveo Hatchback 2007-2008 US
Chevrolet,Aveo,,,Hatchback,,,gen1,2009-2011,两厢车,3919,1679,1506,57871,H0,1206,1229,1150,-141,3650,2L,221,,,,Aveo,00370911,Chevrolet Aveo Hatchback 2009-2011 US
Chevrolet,Aveo,,,Sedan,,,gen1,2004-2006,三厢车,4234,1669,1494,91485,SD1,1218,1335,1129,-112,3990,3L,506,,,,Aveo,00370406,Chevrolet Aveo Sedan 2004-2006 US
Chevrolet,Aveo,,,Sedan,,,gen1,2007-2011,三厢车,4310,1709,1506,119063,SD1,1248,1367,1155,-96,4098,3L,430,,,,Aveo,00370711,Chevrolet Aveo Sedan 2007-2011 US
Chevrolet,Bel Air,,2dr,Sedan,,,gen4,1959,三厢车,5357,2029,1422,41250,SD2,2029,2029,1236,264,5886,4XL-0,343,,,,Bel Air,00035959,Chevrolet Bel Air 2dr Sedan 1959 US
Chevrolet,Bel Air,,2dr,Sedan,,,gen4,1960,三厢车,5354,2052,1422,28889,SD2,2052,2052,1245,276,5906,4XL-0,346,,,,Bel Air,00036060,Chevrolet Bel Air 2dr Sedan 1960 US
Chevrolet,Bel Air,,4dr,Sedan,,,gen4,1959,三厢车,5357,2029,1422,41250,SD2,2029,2029,1236,264,5886,4XL-0,343,,,,Bel Air,00035959,Chevrolet Bel Air 4dr Sedan 1959 US
Chevrolet,Bel Air,,4dr,Sedan,,,gen4,1960,三厢车,5354,2052,1422,28889,SD2,2052,2052,1245,276,5906,4XL-0,346,,,,Bel Air,00036060,Chevrolet Bel Air 4dr Sedan 1960 US
Chevrolet,Bel Air,,,Convertible,,,gen1,1953,跑车,4966,1905,1603,199998,SD2,1905,1905,1333,202,5371,无可用尺码,,3XL-0,插片指数超上限,82,Bel Air,00035353,Chevrolet Bel Air Convertible 1953 US
Chevrolet,Bel Air,,,Convertible,,,gen1,1954,跑车,5016,1854,1499,121560,SD2,1854,1854,1227,177,5370,无可用尺码,,3XL-0,插片指数超上限,57,Bel Air,00035454,Chevrolet Bel Air Convertible 1954 US
Chevrolet,Bel Air,,,Convertible,,,gen2,1955,跑车,4968,1854,1499,257746,SD2,1854,1854,1227,177,5322,无可用尺码,,3XL-0,插片指数超上限,57,Bel Air,00035555,Chevrolet Bel Air Convertible 1955 US
Chevrolet,Bel Air,,,Convertible,,,gen2,1956,跑车,5016,1854,1499,223022,SD2,1854,1854,1227,177,5370,无可用尺码,,3XL-0,插片指数超上限,57,Bel Air,00035656,Chevrolet Bel Air Convertible 1956 US
Chevrolet,Bel Air,,,Convertible,,,gen2,1957,跑车,5080,1877,1521,175510,SD2,1877,1877,1254,188,5457,无可用尺码,,3XL-0,插片指数超上限,68,Bel Air,00035757,Chevrolet Bel Air Convertible 1957 US
Chevrolet,Bel Air,,,Convertible,,,gen3,1958,跑车,5311,1974,1458,150000,SD2,1974,1974,1243,237,5785,4XL-0,389,,,,Bel Air,00035858,Chevrolet Bel Air Convertible 1958 US
Chevrolet,Bel Air,,,Coupe,,,gen1,1953,跑车,4966,1905,1603,199997,SD2,1905,1905,1333,202,5371,无可用尺码,,3XL-0,插片指数超上限,82,Bel Air,00035353,Chevrolet Bel Air Coupe 1953 US
Chevrolet,Bel Air,,,Coupe,,,gen1,1954,跑车,5016,1854,1499,121560,SD2,1854,1854,1227,177,5370,无可用尺码,,3XL-0,插片指数超上限,57,Bel Air,00035454,Chevrolet Bel Air Coupe 1954 US
Chevrolet,Bel Air,,,Coupe,,,gen2,1957,跑车,5080,1877,1521,175510,SD2,1877,1877,1254,188,5457,无可用尺码,,3XL-0,插片指数超上限,68,Bel Air,00035757,Chevrolet Bel Air Coupe 1957 US
Chevrolet,Bel Air,,,Coupe,,,gen3,1958,跑车,5311,1974,1458,150000,SD2,1974,1974,1243,237,5785,4XL-0,389,,,,Bel Air,00035858,Chevrolet Bel Air Coupe 1958 US
Chevrolet,Bel Air,,,Coupe,,,gen4,1960,跑车,5354,2052,1476,134815,SD2,2052,2052,1289,276,5906,4XL-0,346,,,,Bel Air,00036060,Chevrolet Bel Air Coupe 1960 US
Chevrolet,Bel Air,,,Coupe,,,gen5,1961,跑车,5316,1991,1410,110000,SD2,1991,1991,1210,246,5807,4XL-0,384,,,,Bel Air,00036161,Chevrolet Bel Air Coupe 1961 US
Chevrolet,Bel Air,,,Coupe,,,gen5,1962,跑车,5324,2007,1422,55334,SD2,2007,2007,1227,254,5831,4XL-0,376,,,,Bel Air,00036262,Chevrolet Bel Air Coupe 1962 US
Chevrolet,Bel Air,,Hardtop,Coupe,,,gen4,1959,跑车,5357,2029,1476,41250,SD2,2029,2029,1280,264,5886,4XL-0,343,,,,Bel Air,00035959,Chevrolet Bel Air Hardtop Coupe 1959 US
Chevrolet,Bel Air,,Hardtop,Coupe,,,gen4,1960,跑车,5354,2052,1476,28889,SD2,2052,2052,1289,276,5906,4XL-0,346,,,,Bel Air,00036060,Chevrolet Bel Air Hardtop Coupe 1960 US
Chevrolet,Bel Air,,Parkwood/Kingswood,Wagon,,,gen4,1959,两厢车,5357,2029,1430,41250,H3,1548,1536,1206,21,5369,无可用尺码,,5XL,超长,57,Bel Air,00035959,Chevrolet Bel Air Parkwood/Kingswood Wagon 1959 US
Chevrolet,Bel Air,,Parkwood/Kingswood,Wagon,,,gen4,1960,两厢车,5354,2052,1430,28889,H3,1566,1553,1215,30,5388,无可用尺码,,5XL,超长,54,Bel Air,00036060,Chevrolet Bel Air Parkwood/Kingswood Wagon 1960 US
Chevrolet,Bel Air,,,Sedan,,,gen1,1953,三厢车,4966,1905,1603,199997,SD2,1905,1905,1333,202,5371,无可用尺码,,3XL-0,插片指数超上限,82,Bel Air,00035353,Chevrolet Bel Air Sedan 1953 US
Chevrolet,Bel Air,,,Sedan,,,gen1,1954,三厢车,4989,1905,1603,121560,SD2,1905,1905,1333,202,5394,无可用尺码,,3XL-0,插片指数超上限,82,Bel Air,00035454,Chevrolet Bel Air Sedan 1954 US
Chevrolet,Bel Air,,,Sedan,,,gen2,1955,三厢车,4968,1854,1499,257746,SD2,1854,1854,1227,177,5322,无可用尺码,,3XL-0,插片指数超上限,57,Bel Air,00035555,Chevrolet Bel Air Sedan 1955 US
Chevrolet,Bel Air,,,Sedan,,,gen2,1956,三厢车,5016,1854,1499,223021,SD2,1854,1854,1227,177,5370,无可用尺码,,3XL-0,插片指数超上限,57,Bel Air,00035656,Chevrolet Bel Air Sedan 1956 US
Chevrolet,Bel Air,,,Sedan,,,gen2,1957,三厢车,5080,1877,1521,175510,SD2,1877,1877,1254,188,5457,无可用尺码,,3XL-0,插片指数超上限,68,Bel Air,00035757,Chevrolet Bel Air Sedan 1957 US
Chevrolet,Bel Air,,,Sedan,,,gen3,1958,三厢车,5311,1974,1458,150000,SD2,1974,1974,1243,237,5785,4XL-0,389,,,,Bel Air,00035858,Chevrolet Bel Air Sedan 1958 US
Chevrolet,Bel Air,,,Sedan,,,gen4,1959,三厢车,5357,2029,1476,192500,SD2,2029,2029,1280,264,5886,4XL-0,343,,,,Bel Air,00035959,Chevrolet Bel Air Sedan 1959 US
Chevrolet,Bel Air,,,Sedan,,,gen4,1960,三厢车,5354,2052,1476,134815,SD2,2052,2052,1289,276,5906,4XL-0,346,,,,Bel Air,00036060,Chevrolet Bel Air Sedan 1960 US
Chevrolet,Bel Air,,,Sedan,,,gen5,1961,三厢车,5316,1991,1410,110000,SD2,1991,1991,1210,246,5807,4XL-0,384,,,,Bel Air,00036161,Chevrolet Bel Air Sedan 1961 US
Chevrolet,Bel Air,,,Sedan,,,gen5,1962,三厢车,5324,2007,1422,55333,SD2,2007,2007,1227,254,5831,4XL-0,376,,,,Bel Air,00036262,Chevrolet Bel Air Sedan 1962 US
Chevrolet,Bel Air,,,Sedan,,,gen5,1963-1964,三厢车,5344,2022,1410,336100,SD2,2022,2022,1223,261,5866,4XL-0,356,,,,Bel Air,00036364,Chevrolet Bel Air Sedan 1963-1964 US
Chevrolet,Bel Air,,,Sedan,,,gen6,1965,三厢车,5413,2022,1407,135700,SD2,2022,2022,1221,261,5935,4XL-0,287,,,,Bel Air,00036565,Chevrolet Bel Air Sedan 1965 US
Chevrolet,Bel Air,,,Sedan,,,gen6,1966,三厢车,5415,2032,1407,330000,SD2,2032,2032,1225,266,5947,4XL-0,285,,,,Bel Air,00036666,Chevrolet Bel Air Sedan 1966 US
Chevrolet,Bel Air,,,Sedan,,,gen6,1967-1969,三厢车,5585,2032,1407,370000,SD2,2032,2032,1225,266,6117,4XL-0,115,,,,Bel Air,00036769,Chevrolet Bel Air Sedan 1967-1969 US
Chevrolet,Bel Air,,,Sedan,,,gen6,1970,三厢车,5486,2027,1410,120000,SD2,2027,2027,1225,264,6013,4XL-0,214,,,,Bel Air,00037070,Chevrolet Bel Air Sedan 1970 US
Chevrolet,Bel Air,,,Sedan,,,gen7,1971,三厢车,5507,2019,1374,41986,SD2,2019,2019,1193,260,6026,4XL-0,193,,,,Bel Air,00037171,Chevrolet Bel Air Sedan 1971 US
Chevrolet,Bel Air,,,Sedan,,,gen7,1972,三厢车,5585,2019,1374,41888,SD2,2019,2019,1193,260,6104,4XL-0,115,,,,Bel Air,00037272,Chevrolet Bel Air Sedan 1972 US
Chevrolet,Bel Air,,,Sedan,,,gen7,1973,三厢车,5636,2019,1384,41832,SD2,2019,2019,1201,260,6155,4XL-0,64,,,,Bel Air,00037373,Chevrolet Bel Air Sedan 1973 US
Chevrolet,Bel Air,,,Sedan,,,gen7,1974-1975,三厢车,5659,2019,1384,50000,SD2,2019,2019,1201,260,6178,4XL-0,41,,,,Bel Air,00037475,Chevrolet Bel Air Sedan 1974-1975 US
Chevrolet,Bel Air,,,Wagon,,,gen1,1954,两厢车,5016,1854,1499,121560,H3,1415,1403,1191,-46,4889,5XL,284,,,,Bel Air,00035454,Chevrolet Bel Air Wagon 1954 US
Chevrolet,Bel Air,,,Wagon,,,gen2,1955,两厢车,5006,1842,1534,257746,H3,1405,1394,1214,-50,4869,5XL,294,,,,Bel Air,00035555,Chevrolet Bel Air Wagon 1955 US
Chevrolet,Bel Air,,,Wagon,,,gen2,1956,两厢车,5100,1842,1537,223021,H3,1405,1394,1216,-50,4956,5XL,200,,,,Bel Air,00035656,Chevrolet Bel Air Wagon 1956 US
Chevrolet,Bel Air,,,Wagon,,,gen2,1957,两厢车,5080,1877,1521,175510,H3,1432,1421,1218,-37,4970,5XL,220,,,,Bel Air,00035757,Chevrolet Bel Air Wagon 1957 US
Chevrolet,Bel Air,,,Wagon,,,gen3,1958,两厢车,5311,1974,1458,150000,H3,1506,1494,1206,0,5275,无可用尺码,,5XL,超长,11,Bel Air,00035858,Chevrolet Bel Air Wagon 1958 US
Chevrolet,Bel Air,,,Wagon,,,gen4,1959,两厢车,5357,2029,1430,192500,H3,1548,1536,1206,21,5369,无可用尺码,,5XL,超长,57,Bel Air,00035959,Chevrolet Bel Air Wagon 1959 US
Chevrolet,Bel Air,,,Wagon,,,gen4,1960,两厢车,5354,2052,1430,134814,H3,1566,1553,1215,30,5388,无可用尺码,,5XL,超长,54,Bel Air,00036060,Chevrolet Bel Air Wagon 1960 US
Chevrolet,Bel Air,,,Wagon,,,gen5,1961,两厢车,5316,1991,1410,110000,H3,1519,1507,1174,6,5296,无可用尺码,,5XL,超长,16,Bel Air,00036161,Chevrolet Bel Air Wagon 1961 US
Chevrolet,Bel Air,,,Wagon,,,gen5,1962,两厢车,5324,2007,1422,55333,H3,1531,1519,1190,12,5318,无可用尺码,,5XL,超长,24,Bel Air,00036262,Chevrolet Bel Air Wagon 1962 US
Chevrolet,Bel Air,,,Wagon,,,gen5,1963,两厢车,5344,2017,1422,177050,H3,1539,1527,1194,16,5346,无可用尺码,,5XL,超长,44,Bel Air,00036363,Chevrolet Bel Air Wagon 1963 US
Chevrolet,Bel Air,,,Wagon,,,gen5,1964,两厢车,5354,2022,1410,159050,H3,1543,1531,1187,18,5360,无可用尺码,,5XL,超长,54,Bel Air,00036464,Chevrolet Bel Air Wagon 1964 US
Chevrolet,Bel Air,,,Wagon,,,gen6,1965,两厢车,5413,2022,1407,135700,H3,1543,1531,1184,18,5415,无可用尺码,,5XL,超长,113,Bel Air,00036565,Chevrolet Bel Air Wagon 1965 US
Chevrolet,Bel Air,,,Wagon,,,gen6,1967,两厢车,5395,2029,1440,140000,H3,1548,1536,1214,21,5404,无可用尺码,,5XL,超长,95,Bel Air,00036767,Chevrolet Bel Air Wagon 1967 US
Chevrolet,Bel Air,,,Wagon,,,gen6,1968-1969,两厢车,5530,2032,1443,230000,H3,1550,1538,1217,22,5533,无可用尺码,,5XL,超长,230,Bel Air,00036869,Chevrolet Bel Air Wagon 1968-1969 US
Chevrolet,Beretta,,,Coupe,,,gen1,1987,跑车,4757,1758,1351,8073,SD0,1248,1188,1277,-141,4409,3XL-0,293,,,,Beretta,00318787,Chevrolet Beretta Coupe 1987 US
Chevrolet,Beretta,,,Coupe,,,gen1,1988-1990,跑车,4755,1732,1405,555157,SD0,1230,1171,1314,-150,4384,3XL-0,295,,,,Beretta,00318890,Chevrolet Beretta Coupe 1988-1990 US
Chevrolet,Beretta,,,Coupe,,,gen1,1991,跑车,4755,1732,1344,69868,SD0,1230,1171,1259,-150,4384,3XL-0,295,,,,Beretta,00319191,Chevrolet Beretta Coupe 1991 US
Chevrolet,Beretta,,,Coupe,,,gen1,1995-1996,跑车,4757,1725,1346,116115,SD0,1225,1166,1258,-152,4379,3XL-0,293,,,,Beretta,00319596,Chevrolet Beretta Coupe 1995-1996 US
Chevrolet,Beretta,,GT/GTZ,Coupe,,,gen1,1992-1994,跑车,4658,1732,1427,158991,SD0,1230,1171,1334,-150,4296,3L-0,82,,,,Beretta,00319294,Chevrolet Beretta GT/GTZ Coupe 1992-1994 US
Chevrolet,Blazer,,2dr Base 4WD,SUV,,,gen1,1996,越野车,4437,1689,1676,123154,SU2,1182,1402,1234,-104,4167,YM,193,,,,Blazer,00089696,Chevrolet Blazer 2dr Base 4WD SUV 1996 US
Chevrolet,Blazer,,2dr,SUV,,,gen1,1995,越野车,4437,1722,1608,247661,SU2,1205,1429,1193,-92,4197,YM,193,,,,,00089595,Chevrolet Blazer 2dr SUV 1995 US
Chevrolet,Blazer,,2dr,SUV,,,gen1,1998,越野车,4491,1722,1648,109855,SU2,1205,1429,1225,-92,4247,YM,139,,,,,00089898,Chevrolet Blazer 2dr SUV 1998 US
Chevrolet,Blazer,,2dr,SUV,,,gen1,2003-2004,越野车,4503,1722,1656,43188,SU2,1205,1429,1231,-92,4258,YM,127,,,,,00080304,Chevrolet Blazer 2dr SUV 2003-2004 US
Chevrolet,Blazer,,4dr LS 4WD,SUV,,,gen1,1996,越野车,4602,1689,1702,123153,SU2,1182,1402,1254,-104,4319,YM,28,,,,Blazer,00089696,Chevrolet Blazer 4dr LS 4WD SUV 1996 US
Chevrolet,Blazer,,4dr,SUV,,,gen1,1997,越野车,4602,1722,1699,221400,SU2,1205,1429,1265,-92,4350,YM,28,,,,,00089797,Chevrolet Blazer 4dr SUV 1997 US
Chevrolet,Blazer,,4dr,SUV,,,gen1,1998-2001,越野车,4656,1722,1633,717138,SU2,1205,1429,1213,-92,4400,YL,194,,,,,00089801,Chevrolet Blazer 4dr SUV 1998-2001 US
Chevrolet,Blazer,,4dr,SUV,,,gen1,2002,越野车,4656,1722,1641,95937,SU2,1205,1429,1219,-92,4400,YL,194,,,,,00080202,Chevrolet Blazer 4dr SUV 2002 US
Chevrolet,Blazer,,4dr,SUV,,,gen1,2003-2005,越野车,4669,1722,1641,48124,SU2,1205,1429,1219,-92,4412,YL,181,,,,,00080305,Chevrolet Blazer 4dr SUV 2003-2005 US
Chevrolet,Blazer EV,,,Crossover,,,gen1,2024-2026,越野车,4882,1981,1654,44364,SU0,1327,1387,1392,-72,4745,YXL,138,,,,,00492426,Chevrolet Blazer EV Crossover 2024-2026 US
Chevrolet,Blazer EV,,SS,Crossover,,,gen1,2025-2026,越野车,4895,1981,1646,4554,SU0,1327,1387,1386,-72,4757,YXL,125,,,,,00492526,Chevrolet Blazer EV SS Crossover 2025-2026 US
Chevrolet,Blazer,,,SUV,,,gen1,1969-1970,越野车,4508,2007,1745,25000,SU2,1405,1666,1413,18,4526,YM,122,,,,Blazer,00086970,Chevrolet Blazer SUV 1969-1970 US
Chevrolet,Blazer,,,SUV,,,gen1,1971,越野车,4572,2007,1849,18000,SU2,1405,1666,1495,18,4586,YM,58,,,,Blazer,00087171,Chevrolet Blazer SUV 1971 US
Chevrolet,Blazer,,,SUV,,,gen1,1972,越野车,4572,2007,1781,24000,SU2,1405,1666,1441,18,4586,YM,58,,,,Blazer,00087272,Chevrolet Blazer SUV 1972 US
Chevrolet,Blazer,,,SUV,,,gen2,1973-1974,越野车,4686,2022,1864,101000,SU2,1415,1678,1513,23,4705,YL,164,,,,Blazer,00087374,Chevrolet Blazer SUV 1973-1974 US
Chevrolet,Blazer,,,SUV,,,gen2,1975,越野车,4684,2019,1803,50000,SU2,1413,1676,1463,22,4700,YL,166,,,,K5 Blazer,00087575,Chevrolet Blazer SUV 1975 US
Chevrolet,Blazer,,,SUV,,,gen2,1976-1977,越野车,4686,2022,1864,140000,SU2,1415,1678,1513,23,4705,YL,164,,,,K5 Blazer,00087677,Chevrolet Blazer SUV 1976-1977 US
Chevrolet,Blazer,,,SUV,,,gen2,1978-1979,越野车,4686,2022,1831,175000,SU2,1415,1678,1487,23,4705,YL,164,,,,K5 Blazer,00087879,Chevrolet Blazer SUV 1978-1979 US
Chevrolet,Blazer,,,SUV,,,gen2,1980-1991,越野车,4694,2022,1875,1651410,SU2,1415,1678,1521,23,4712,YL,156,,,,Blazer | K5 Blazer | S10 Blazer,00088091,Chevrolet Blazer SUV 1980-1991 US
Chevrolet,Blazer,,,SUV,,,gen3,1992-1994,越野车,4768,1941,1803,565934,SU2,1359,1611,1433,-8,4706,YL,82,,,,Blazer | S10 Blazer,00089294,Chevrolet Blazer SUV 1992-1994 US
Chevrolet,Blazer,,,SUV,,,gen2,2019-2022,越野车,4862,1948,1702,290284,SU1,1426,1453,1418,-30,4799,YXL,158,,,,Blazer | Trailblazer,00081922,Chevrolet Blazer SUV 2019-2022 US
Chevrolet,Blazer,,,SUV,,,gen2,2023-2026,越野车,4874,1948,1702,213508,SU1,1426,1453,1418,-30,4810,YXL,146,,,,Blazer | Blazer EV | Trailblazer,00082326,Chevrolet Blazer SUV 2023-2026 US
Chevrolet,Bolt EUV,,,SUV,,,gen1,2022-2023,越野车,4305,1770,1615,34193,SU1,1296,1320,1275,-96,4119,YM,325,,,,Bolt EUV,00502223,Chevrolet Bolt EUV SUV 2022-2023 US
Chevrolet,Bolt,,,Hatchback,,,gen1,2017-2021,两厢车,4166,1765,1595,101140,H1,1271,1317,1269,-103,3939,无可用尺码,,2L,超长,26,Bolt EV,00441721,Chevrolet Bolt Hatchback 2017-2021 US
Chevrolet,Bolt,,,Hatchback,,,gen1,2022-2023,两厢车,4145,1765,1610,34193,H1,1271,1317,1281,-103,3919,无可用尺码,,2L,超长,5,Bolt EUV | Bolt EV,00442223,Chevrolet Bolt Hatchback 2022-2023 US
Chevrolet,Bolt,,,Hatchback,,,gen2,2027,两厢车,4308,1770,1623,30000,SU1,1296,1320,1281,-96,4122,无可用尺码,,2L,超长,168,Bolt,00442727,Chevrolet Bolt Hatchback 2027 US
Chevrolet,C/K,,Classic DRW,Pickup,Crew,6.5,gen4,1999-2000,皮卡,5890,2395,1892,64282,DUAL,1497,1789,1502,-2,6072,PK-L,10,,,,C1500 | C1500 Suburban | C2500 | C2500 Suburban | C35 | C3500 | K1500 | K1500 Suburban | K2500 | K2500 Suburban | K3500,00009900,Chevrolet C/K Classic DRW Pickup 1999-2000 Crew 6.5 US
Chevrolet,C/K,,Classic DRW,Pickup,Crew,8,gen4,1999-2000,皮卡,6373,2395,1892,32141,DUAL,1497,1789,1502,-2,6514,PK-XXL-645,77,,,,C1500 | C1500 Suburban | C2500 | C2500 Suburban | C35 | C3500 | K1500 | K1500 Suburban | K2500 | K2500 Suburban | K3500,00009900,Chevrolet C/K Classic DRW Pickup 1999-2000 Crew 8 US
Chevrolet,C/K,,Classic DRW,Pickup,Extended,8,gen4,1999-2000,皮卡,6030,2395,1930,8036,DUAL,1497,1789,1530,-2,6200,PK-XL,170,,,,C1500 | C1500 Suburban | C2500 | C2500 Suburban | C35 | C3500 | K1500 | K1500 Suburban | K2500 | K2500 Suburban | K3500,00009900,Chevrolet C/K Classic DRW Pickup 1999-2000 Extended 8 US
Chevrolet,C/K,,Classic DRW,Pickup,Regular,8,gen4,1999-2000,皮卡,5413,2395,1859,4017,DUAL,1497,1789,1478,-2,5637,PK-L,487,,,,C1500 | C1500 Suburban | C2500 | C2500 Suburban | C35 | C3500 | K1500 | K1500 Suburban | K2500 | K2500 Suburban | K3500,00009900,Chevrolet C/K Classic DRW Pickup 1999-2000 Regular 8 US
Chevrolet,C/K,,Classic,Pickup,Extended,6.5,gen4,1999,皮卡,5550,1958,1798,10909,P0,1357,1668,1441,-72,5558,PK-L,350,,,,C1500 | C1500 Suburban | C2500 | C2500 Suburban | C35 | C3500 | K1500 | K1500 Suburban | K2500 | K2500 Suburban | K3500,00009999,Chevrolet C/K Classic Pickup 1999 Extended 6.5 US
Chevrolet,C/K,,Classic,Pickup,Crew,6.5,gen4,1999-2000,皮卡,5890,1951,1892,64281,P0,1352,1662,1512,-74,5871,PK-L,10,,,,C1500 | C1500 Suburban | C2500 | C2500 Suburban | C35 | C3500 | K1500 | K1500 Suburban | K2500 | K2500 Suburban | K3500,00009900,Chevrolet C/K Classic Pickup 1999-2000 Crew 6.5 US
Chevrolet,C/K,,Classic,Pickup,Crew,8,gen4,1999-2000,皮卡,6373,1951,1877,32141,P0,1352,1662,1501,-74,6325,PK-XXL-645,77,,,,C1500 | C1500 Suburban | C2500 | C2500 Suburban | C35 | C3500 | K1500 | K1500 Suburban | K2500 | K2500 Suburban | K3500,00009900,Chevrolet C/K Classic Pickup 1999-2000 Crew 8 US
Chevrolet,C/K,,Classic,Pickup,Extended,8,gen4,1999-2000,皮卡,6030,1951,1930,8036,P0,1352,1662,1542,-74,6002,PK-XL,170,,,,C1500 | C1500 Suburban | C2500 | C2500 Suburban | C35 | C3500 | K1500 | K1500 Suburban | K2500 | K2500 Suburban | K3500,00009900,Chevrolet C/K Classic Pickup 1999-2000 Extended 8 US
Chevrolet,C/K,,Classic,Pickup,Regular,8,gen4,1999-2000,皮卡,5413,1951,1859,4017,P0,1352,1662,1486,-74,5422,PK-L,487,,,,C1500 | C1500 Suburban | C2500 | C2500 Suburban | C35 | C3500 | K1500 | K1500 Suburban | K2500 | K2500 Suburban | K3500,00009900,Chevrolet C/K Classic Pickup 1999-2000 Regular 8 US
Chevrolet,C/K,,DRW,Pickup,Crew,8,gen3,1973-1986,皮卡,6205,2395,1829,953371,DUAL,1497,1789,1456,-2,6360,PK-XXL-645,245,,,,C10 | C10 Pickup | C10 Suburban | C15 | C20 | C20 Pickup | C20 Suburban | C30 | C30 Pickup | C35 | K10 | K10 Pickup | K10 Suburban | K20 | K20 Pickup | K20 Suburban | K30 | K30 Pickup,00007386,Chevrolet C/K DRW Pickup 1973-1986 Crew 8 US
Chevrolet,C/K,,DRW,Pickup,Regular,8,gen3,1973-1986,皮卡,5367,2395,1867,119171,DUAL,1497,1789,1484,-2,5594,PK-L,533,,,,C10 | C10 Pickup | C10 Suburban | C15 | C20 | C20 Pickup | C20 Suburban | C30 | C30 Pickup | C35 | K10 | K10 Pickup | K10 Suburban | K20 | K20 Pickup | K20 Suburban | K30 | K30 Pickup,00007386,Chevrolet C/K DRW Pickup 1973-1986 Regular 8 US
Chevrolet,C/K,,DRW,Pickup,Extended,8,gen4,1988-1998,皮卡,6030,2395,1930,152945,DUAL,1497,1789,1530,-2,6200,PK-XL,170,,,,C15 | C1500 | C1500 Suburban | C2500 | C2500 Suburban | C35 | C3500 | K1500 | K1500 Suburban | K2500 | K2500 Suburban | K3500,00008898,Chevrolet C/K DRW Pickup 1988-1998 Extended 8 US
Chevrolet,C/K,,DRW,Pickup,Regular,8,gen4,1988-1998,皮卡,5413,2395,1859,76471,DUAL,1497,1789,1478,-2,5637,PK-L,487,,,,C15 | C1500 | C1500 Suburban | C2500 | C2500 Suburban | C35 | C3500 | K1500 | K1500 Suburban | K2500 | K2500 Suburban | K3500,00008898,Chevrolet C/K DRW Pickup 1988-1998 Regular 8 US
Chevrolet,C/K,,DRW,Pickup,Crew,8,gen4,1992-1998,皮卡,6353,2395,1892,290480,DUAL,1497,1789,1502,-2,6496,PK-XXL-645,97,,,,C1500 | C1500 Suburban | C2500 | C2500 Suburban | C35 | C3500 | K1500 | K1500 Suburban | K2500 | K2500 Suburban | K3500,00009298,Chevrolet C/K DRW Pickup 1992-1998 Crew 8 US
Chevrolet,C/K,,DRW,Pickup,Crew,8,gen4,1999-2000,皮卡,6373,2395,1892,32140,DUAL,1497,1789,1502,-2,6514,PK-XXL-645,77,,,,C1500 | C1500 Suburban | C2500 | C2500 Suburban | C35 | C3500 | K1500 | K1500 Suburban | K2500 | K2500 Suburban | K3500,00009900,Chevrolet C/K DRW Pickup 1999-2000 Crew 8 US
Chevrolet,C/K,,Longhorn,Pickup,Regular,8.5,gen2,1968-1972,皮卡,5431,2007,1803,196580,P0,1391,1710,1464,-54,5492,PK-L,469,,,,C10 Pickup | C10 Suburban | C20 Pickup | C20 Suburban | C30 Pickup | K10 Pickup | K10 Suburban | K20 Pickup | K20 Suburban | K30 Pickup,00006872,Chevrolet C/K Longhorn Pickup 1968-1972 Regular 8.5 US
Chevrolet,C/K,,,Pickup,Regular,6.5,gen1,1960-1966,皮卡,4747,2002,1811,844000,P0,1387,1706,1469,-56,4844,无可用尺码,,PK-S,超余量,553,C10 Panel | C10 Pickup | C20 Pickup | C30 Panel | C30 Pickup | K10 Pickup | K20 Pickup,00006066,Chevrolet C/K Pickup 1960-1966 Regular 6.5 US
Chevrolet,C/K,,,Pickup,Regular,8,gen1,1960-1966,皮卡,5240,2002,1811,422000,P0,1387,1706,1469,-56,5307,PK-S,60,,,,C10 Panel | C10 Pickup | C20 Pickup | C30 Panel | C30 Pickup | K10 Pickup | K20 Pickup,00006066,Chevrolet C/K Pickup 1960-1966 Regular 8 US
Chevrolet,C/K,,,Pickup,Regular,9,gen1,1960-1966,皮卡,5494,2002,1811,844000,P0,1387,1706,1469,-56,5546,PK-L,406,,,,C10 Panel | C10 Pickup | C20 Pickup | C30 Panel | C30 Pickup | K10 Pickup | K20 Pickup,00006066,Chevrolet C/K Pickup 1960-1966 Regular 9 US
Chevrolet,C/K,,,Pickup,Regular,6.5,gen2,1967-1972,皮卡,4788,2007,1842,1085369,P0,1391,1710,1495,-54,4887,PK-S,512,,,,C10 Panel | C10 Pickup | C10 Suburban | C20 Panel | C20 Pickup | C20 Suburban | C30 Pickup | K10 Pickup | K10 Suburban | K20 Panel | K20 Pickup | K20 Suburban | K30 Pickup,00006772,Chevrolet C/K Pickup 1967-1972 Regular 6.5 US
Chevrolet,C/K,,,Pickup,Regular,8,gen2,1967-1972,皮卡,5278,2007,1880,542684,P0,1391,1710,1525,-54,5348,PK-S,22,,,,C10 Panel | C10 Pickup | C10 Suburban | C20 Panel | C20 Pickup | C20 Suburban | C30 Pickup | K10 Pickup | K10 Suburban | K20 Panel | K20 Pickup | K20 Suburban | K30 Pickup,00006772,Chevrolet C/K Pickup 1967-1972 Regular 8 US
Chevrolet,C/K,,,Pickup,Regular,9,gen2,1967-1972,皮卡,5532,2007,1803,1085367,P0,1391,1710,1464,-54,5587,PK-L,368,,,,C10 Panel | C10 Pickup | C10 Suburban | C20 Panel | C20 Pickup | C20 Suburban | C30 Pickup | K10 Pickup | K10 Suburban | K20 Panel | K20 Pickup | K20 Suburban | K30 Pickup,00006772,Chevrolet C/K Pickup 1967-1972 Regular 9 US
Chevrolet,C/K,,,Pickup,Crew,8,gen3,1973-1986,皮卡,6205,2019,1829,4449060,P0,1399,1720,1490,-50,6231,PK-XXL-645,245,,,,C10 | C10 Pickup | C10 Suburban | C15 | C20 | C20 Pickup | C20 Suburban | C30 | C30 Pickup | C35 | K10 | K10 Pickup | K10 Suburban | K20 | K20 Pickup | K20 Suburban | K30 | K30 Pickup,00007386,Chevrolet C/K Pickup 1973-1986 Crew 8 US
Chevrolet,C/K,,,Pickup,Regular,6.5,gen3,1973-1986,皮卡,4859,2019,1836,1112265,P0,1399,1720,1495,-50,4965,PK-S,441,,,,C10 | C10 Pickup | C10 Suburban | C15 | C20 | C20 Pickup | C20 Suburban | C30 | C30 Pickup | C35 | K10 | K10 Pickup | K10 Suburban | K20 | K20 Pickup | K20 Suburban | K30 | K30 Pickup,00007386,Chevrolet C/K Pickup 1973-1986 Regular 6.5 US
Chevrolet,C/K,,,Pickup,Regular,8,gen3,1973-1986,皮卡,5367,2019,1867,556133,P0,1399,1720,1520,-50,5443,PK-L,533,,,,C10 | C10 Pickup | C10 Suburban | C15 | C20 | C20 Pickup | C20 Suburban | C30 | C30 Pickup | C35 | K10 | K10 Pickup | K10 Suburban | K20 | K20 Pickup | K20 Suburban | K30 | K30 Pickup,00007386,Chevrolet C/K Pickup 1973-1986 Regular 8 US
Chevrolet,C/K,,,Pickup,Extended,8,gen4,1988-1998,皮卡,6030,1951,1930,713746,P0,1352,1662,1542,-74,6002,PK-XL,170,,,,C15 | C1500 | C1500 Suburban | C2500 | C2500 Suburban | C35 | C3500 | K1500 | K1500 Suburban | K2500 | K2500 Suburban | K3500,00008898,Chevrolet C/K Pickup 1988-1998 Extended 8 US
Chevrolet,C/K,,,Pickup,Regular,6.5,gen4,1988-1998,皮卡,4940,1958,1798,713745,P0,1357,1668,1441,-72,4984,PK-S,360,,,,C15 | C1500 | C1500 Suburban | C2500 | C2500 Suburban | C35 | C3500 | K1500 | K1500 Suburban | K2500 | K2500 Suburban | K3500,00008898,Chevrolet C/K Pickup 1988-1998 Regular 6.5 US
Chevrolet,C/K,,,Pickup,Regular,8,gen4,1988-1998,皮卡,5413,1951,1859,356871,P0,1352,1662,1486,-74,5422,PK-L,487,,,,C15 | C1500 | C1500 Suburban | C2500 | C2500 Suburban | C35 | C3500 | K1500 | K1500 Suburban | K2500 | K2500 Suburban | K3500,00008898,Chevrolet C/K Pickup 1988-1998 Regular 8 US
Chevrolet,C/K,,,Pickup,Extended,6.5,gen4,1989-1998,皮卡,5550,1958,1798,1185765,P0,1357,1668,1441,-72,5558,PK-L,350,,,,C1500 | C1500 Suburban | C2500 | C2500 Suburban | C35 | C3500 | K1500 | K1500 Suburban | K2500 | K2500 Suburban | K3500,00008998,Chevrolet C/K Pickup 1989-1998 Extended 6.5 US
Chevrolet,C/K,,,Pickup,Crew,8,gen4,1992-1998,皮卡,6353,1951,1877,1355572,P0,1352,1662,1501,-74,6306,PK-XXL-645,97,,,,C1500 | C1500 Suburban | C2500 | C2500 Suburban | C35 | C3500 | K1500 | K1500 Suburban | K2500 | K2500 Suburban | K3500,00009298,Chevrolet C/K Pickup 1992-1998 Crew 8 US
Chevrolet,C/K,,R/V DRW,Pickup,Regular,8,gen3,1987-1988,皮卡,5398,2395,1925,43450,DUAL,1497,1789,1526,-2,5623,PK-L,502,,,,C15 | C1500 | C20 | C2500 | C35 | C3500 | K1500 | K2500 | K3500,00008788,Chevrolet C/K R/V DRW Pickup 1987-1988 Regular 8 US
Chevrolet,C/K,,R/V DRW,Pickup,Crew,8,gen3,1987-1991,皮卡,6259,2395,1925,565303,DUAL,1497,1789,1526,-2,6410,PK-XXL-645,191,,,,C15 | C1500 | C20 | C2500 | C35 | C3500 | K1500 | K2500 | K3500,00008791,Chevrolet C/K R/V DRW Pickup 1987-1991 Crew 8 US
Chevrolet,C/K,,R/V,Pickup,Regular,6.5,gen3,1987-1988,皮卡,4915,2022,1854,86899,P0,1401,1723,1510,-50,5021,PK-S,385,,,,C15 | C1500 | C20 | C2500 | C35 | C3500 | K1500 | K2500 | K3500,00008788,Chevrolet C/K R/V Pickup 1987-1988 Regular 6.5 US
Chevrolet,C/K,,R/V,Pickup,Regular,8,gen3,1987-1988,皮卡,5398,2022,1925,43450,P0,1401,1723,1567,-50,5475,PK-L,502,,,,C15 | C1500 | C20 | C2500 | C35 | C3500 | K1500 | K2500 | K3500,00008788,Chevrolet C/K R/V Pickup 1987-1988 Regular 8 US
Chevrolet,C/K,,R/V,Pickup,Crew,8,gen3,1987-1991,皮卡,6259,2022,1872,565303,P0,1401,1723,1525,-50,6284,PK-XXL-645,191,,,,C15 | C1500 | C20 | C2500 | C35 | C3500 | K1500 | K2500 | K3500,00008791,Chevrolet C/K R/V Pickup 1987-1991 Crew 8 US
Chevrolet,Camaro,,,Convertible,,,gen1,1967-1969,跑车,4724,1842,1306,349570,SD0,1308,1245,1274,-112,4455,3L-0,16,,,,Camaro,00066769,Chevrolet Camaro Convertible 1967-1969 US
Chevrolet,Camaro,,,Convertible,,,gen3,1991-1992,跑车,4892,1839,1278,118047,SD0,1306,1243,1248,-113,4605,3XL-0,158,,,,Camaro,00069192,Chevrolet Camaro Convertible 1991-1992 US
Chevrolet,Camaro,,,Convertible,,,gen4,1994-1997,跑车,4907,1882,1321,170230,SD0,1336,1272,1306,-98,4658,3XL-0,143,,,,Camaro,00069497,Chevrolet Camaro Convertible 1994-1997 US
Chevrolet,Camaro,,,Convertible,,,gen4,1998,跑车,4915,1882,1321,27013,SD0,1336,1272,1306,-98,4665,3XL-0,135,,,,Camaro,00069898,Chevrolet Camaro Convertible 1998 US
Chevrolet,Camaro,,,Convertible,,,gen4,1999,跑车,4907,1882,1303,21049,SD0,1336,1272,1290,-98,4658,3XL-0,143,,,,Camaro,00069999,Chevrolet Camaro Convertible 1999 US
Chevrolet,Camaro,,,Convertible,,,gen4,2000-2002,跑车,4915,1882,1316,58124,SD0,1336,1272,1302,-98,4665,3XL-0,135,,,,Camaro,00060002,Chevrolet Camaro Convertible 2000-2002 US
Chevrolet,Camaro,,,Convertible,,,gen5,2011-2013,跑车,4836,1918,1389,126605,SD0,1362,1297,1384,-85,4626,3XL-0,214,,,,Camaro,00061113,Chevrolet Camaro Convertible 2011-2013 US
Chevrolet,Camaro,,,Convertible,,,gen5,2014-2015,跑车,4841,1918,1389,81900,SD0,1362,1297,1384,-85,4630,3XL-0,209,,,,Camaro,00061415,Chevrolet Camaro Convertible 2014-2015 US
Chevrolet,Camaro,,,Convertible,,,gen6,2016-2024,跑车,4783,1897,1344,151803,SD0,1347,1282,1334,-93,4559,3XL-0,267,,,,Camaro,00061624,Chevrolet Camaro Convertible 2016-2024 US
Chevrolet,Camaro,,,Coupe,,,gen1,1967-1969,跑车,4724,1842,1295,349568,SD0,1308,1245,1264,-112,4455,3L-0,16,,,,Camaro,00066769,Chevrolet Camaro Coupe 1967-1969 US
Chevrolet,Camaro,,,Coupe,,,gen2,1970-1973,跑车,4940,1890,1250,404753,SD0,1342,1278,1245,-95,4695,3XL-0,110,,,,Camaro,00067073,Chevrolet Camaro Coupe 1970-1973 US
Chevrolet,Camaro,,,Coupe,,,gen2,1974,跑车,4963,1890,1250,151008,SD0,1342,1278,1245,-95,4716,3XL-0,87,,,,Camaro,00067474,Chevrolet Camaro Coupe 1974 US
Chevrolet,Camaro,,,Coupe,,,gen2,1975-1976,跑车,4940,1890,1250,328729,SD0,1342,1278,1245,-95,4695,3XL-0,110,,,,Camaro,00067576,Chevrolet Camaro Coupe 1975-1976 US
Chevrolet,Camaro,,,Coupe,,,gen2,1977,跑车,4963,1890,1250,218853,SD0,1342,1278,1245,-95,4716,3XL-0,87,,,,Camaro,00067777,Chevrolet Camaro Coupe 1977 US
Chevrolet,Camaro,,,Coupe,,,gen2,1978-1981,跑车,5019,1892,1250,833346,SD0,1343,1279,1246,-94,4768,3XL-0,31,,,,Camaro,00067881,Chevrolet Camaro Coupe 1978-1981 US
Chevrolet,Camaro,,,Coupe,,,gen3,1982-1984,跑车,4770,1849,1270,605719,SD0,1313,1250,1245,-109,4503,3XL-0,280,,,,Camaro,00068284,Chevrolet Camaro Coupe 1982-1984 US
Chevrolet,Camaro,,,Coupe,,,gen3,1992,跑车,4892,1849,1280,35003,SD0,1313,1250,1254,-109,4614,3XL-0,158,,,,Camaro,00069292,Chevrolet Camaro Coupe 1992 US
Chevrolet,Camaro,,,Coupe,,,gen4,1993,跑车,4907,1882,1303,39103,SD0,1336,1272,1290,-98,4658,3XL-0,143,,,,Camaro,00069393,Chevrolet Camaro Coupe 1993 US
Chevrolet,Camaro,,,Coupe,,,gen4,1994-1997,跑车,4907,1882,1321,170229,SD0,1336,1272,1306,-98,4658,3XL-0,143,,,,Camaro,00069497,Chevrolet Camaro Coupe 1994-1997 US
Chevrolet,Camaro,,,Coupe,,,gen4,1998,跑车,4915,1882,1303,27013,SD0,1336,1272,1290,-98,4665,3XL-0,135,,,,Camaro,00069898,Chevrolet Camaro Coupe 1998 US
Chevrolet,Camaro,,,Coupe,,,gen4,1999,跑车,4907,1882,1303,21049,SD0,1336,1272,1290,-98,4658,3XL-0,143,,,,Camaro,00069999,Chevrolet Camaro Coupe 1999 US
Chevrolet,Camaro,,,Coupe,,,gen4,2000-2002,跑车,4915,1882,1300,58122,SD0,1336,1272,1287,-98,4665,3XL-0,135,,,,Camaro,00060002,Chevrolet Camaro Coupe 2000-2002 US
Chevrolet,Camaro,,,Coupe,,,gen5,2010-2013,跑车,4836,1918,1377,207901,SD0,1362,1297,1373,-85,4626,3XL-0,214,,,,Camaro,00061013,Chevrolet Camaro Coupe 2010-2013 US
Chevrolet,Camaro,,,Coupe,,,gen5,2014-2015,跑车,4841,1918,1377,81899,SD0,1362,1297,1373,-85,4630,3XL-0,209,,,,Camaro,00061415,Chevrolet Camaro Coupe 2014-2015 US
Chevrolet,Camaro,,,Coupe,,,gen6,2016-2024,跑车,4783,1897,1349,151800,SD0,1347,1282,1338,-93,4559,3XL-0,267,,,,Camaro,00061624,Chevrolet Camaro Coupe 2016-2024 US
Chevrolet,Camaro,,IROC-Z,Convertible,,,gen3,1987,跑车,4775,1849,1270,68880,SD0,1313,1250,1245,-109,4508,3XL-0,275,,,,Camaro,00068787,Chevrolet Camaro IROC-Z Convertible 1987 US
Chevrolet,Camaro,,IROC-Z,Convertible,,,gen3,1988-1990,跑车,4877,1849,1278,121001,SD0,1313,1250,1252,-109,4600,3XL-0,173,,,,Camaro,00068890,Chevrolet Camaro IROC-Z Convertible 1988-1990 US
Chevrolet,Camaro,,IROC-Z/Z28,Coupe,,,gen3,1985-1990,跑车,4877,1849,1278,562116,SD0,1313,1250,1252,-109,4600,3XL-0,173,,,,Camaro,00068590,Chevrolet Camaro IROC-Z/Z28 Coupe 1985-1990 US
Chevrolet,Camaro,,Z28,Coupe,,,gen3,1991,跑车,4892,1839,1280,17795,SD0,1306,1243,1249,-113,4605,3XL-0,158,,,,Camaro,00069191,Chevrolet Camaro Z28 Coupe 1991 US
Chevrolet,Camaro,,Z28,Coupe,,,gen4,1995,跑车,4907,1882,1303,11878,SD0,1336,1272,1290,-98,4658,3XL-0,143,,,,Camaro,00069595,Chevrolet Camaro Z28 Coupe 1995 US
Chevrolet,Camaro,,Z28,Coupe,,,gen4,1996-1997,跑车,4907,1882,1321,11764,SD0,1336,1272,1306,-98,4658,3XL-0,143,,,,Camaro,00069697,Chevrolet Camaro Z28 Coupe 1996-1997 US
Chevrolet,Camaro,,ZL1,Convertible,,,gen6,2017-2018,跑车,4831,1905,1344,10492,SD0,1353,1288,1338,-90,4610,3XL-0,219,,,,Camaro,00061718,Chevrolet Camaro ZL1 Convertible 2017-2018 US
Chevrolet,Camaro,,ZL1,Convertible,,,gen6,2019,跑车,4831,1905,1336,4259,SD0,1353,1288,1330,-90,4610,3XL-0,219,,,,Camaro,00061919,Chevrolet Camaro ZL1 Convertible 2019 US
Chevrolet,Camaro,,ZL1,Convertible,,,gen6,2020-2024,跑车,4831,1905,1344,9989,SD0,1353,1288,1338,-90,4610,3XL-0,219,,,,Camaro,00062024,Chevrolet Camaro ZL1 Convertible 2020-2024 US
Chevrolet,Camaro,,ZL1,Coupe,,,gen6,2017-2018,跑车,4831,1905,1344,10491,SD0,1353,1288,1338,-90,4610,3XL-0,219,,,,Camaro,00061718,Chevrolet Camaro ZL1 Coupe 2017-2018 US
Chevrolet,Camaro,,ZL1,Coupe,,,gen6,2019,跑车,4831,1905,1336,4258,SD0,1353,1288,1330,-90,4610,3XL-0,219,,,,Camaro,00061919,Chevrolet Camaro ZL1 Coupe 2019 US
Chevrolet,Camaro,,ZL1,Coupe,,,gen6,2020-2024,跑车,4831,1905,1344,9988,SD0,1353,1288,1338,-90,4610,3XL-0,219,,,,Camaro,00062024,Chevrolet Camaro ZL1 Coupe 2020-2024 US
Chevrolet,Caprice,,,Convertible,,,gen2,1972-1975,跑车,5659,2019,1440,417500,SD2,2019,2019,1246,260,6178,4XL-0,41,,,,Caprice,00187275,Chevrolet Caprice Convertible 1972-1975 US
Chevrolet,Caprice,,,Coupe,,,gen1,1966-1967,跑车,5415,2022,1382,175001,SD2,2022,2022,1200,261,5937,4XL-0,285,,,,Caprice,00186667,Chevrolet Caprice Coupe 1966-1967 US
Chevrolet,Caprice,,,Coupe,,,gen1,1968,跑车,5453,2022,1379,95000,SD2,2022,2022,1198,261,5975,4XL-0,247,,,,Caprice,00186868,Chevrolet Caprice Coupe 1968 US
Chevrolet,Caprice,,,Coupe,,,gen1,1969-1970,跑车,5486,2027,1384,165000,SD2,2027,2027,1204,264,6013,4XL-0,214,,,,Caprice,00186970,Chevrolet Caprice Coupe 1969-1970 US
Chevrolet,Caprice,,,Coupe,,,gen2,1971,跑车,5507,2019,1440,210000,SD2,2019,2019,1246,260,6026,4XL-0,193,,,,Caprice,00187171,Chevrolet Caprice Coupe 1971 US
Chevrolet,Caprice,,,Coupe,,,gen2,1972,跑车,5585,2019,1440,97500,SD2,2019,2019,1246,260,6104,4XL-0,115,,,,Caprice,00187272,Chevrolet Caprice Coupe 1972 US
Chevrolet,Caprice,,,Coupe,,,gen2,1973-1975,跑车,5662,2019,1440,320000,SD2,2019,2019,1246,260,6181,4XL-0,38,,,,Caprice,00187375,Chevrolet Caprice Coupe 1973-1975 US
Chevrolet,Caprice,,,Coupe,,,gen2,1976,跑车,5662,2019,1364,210000,SD2,2019,2019,1184,260,6181,4XL-0,38,,,,Caprice,00187676,Chevrolet Caprice Coupe 1976 US
Chevrolet,Caprice,,,Sedan,,,gen1,1966-1967,三厢车,5415,2022,1407,175000,SD2,2022,2022,1221,261,5937,4XL-0,285,,,,Caprice,00186667,Chevrolet Caprice Sedan 1966-1967 US
Chevrolet,Caprice,,,Sedan,,,gen1,1968,三厢车,5461,2032,1384,95000,SD2,2032,2032,1206,266,5993,4XL-0,239,,,,Caprice,00186868,Chevrolet Caprice Sedan 1968 US
Chevrolet,Caprice,,,Sedan,,,gen1,1969-1970,三厢车,5486,2027,1384,165000,SD2,2027,2027,1204,264,6013,4XL-0,214,,,,Caprice,00186970,Chevrolet Caprice Sedan 1969-1970 US
Chevrolet,Caprice,,,Wagon,,,gen1,1966-1967,两厢车,5395,2022,1440,174999,H3,1543,1531,1211,18,5398,无可用尺码,,5XL,超长,95,Caprice,00186667,Chevrolet Caprice Wagon 1966-1967 US
Chevrolet,Caprice,,,Wagon,,,gen1,1968-1970,两厢车,5433,2022,1440,260000,H3,1543,1531,1211,18,5433,无可用尺码,,5XL,超长,133,Caprice,00186870,Chevrolet Caprice Wagon 1968-1970 US
Chevrolet,Captiva,,,SUV,,,gen1,2012-2015,越野车,4575,1849,1702,122247,SU1,1353,1379,1377,-67,4442,YM,55,,,,Captiva Sport,00461215,Chevrolet Captiva SUV 2012-2015 US
Chevrolet,Cavalier,,,Convertible,,,gen1,1991-1994,跑车,4630,1684,1321,361033,SD2,1684,1684,1013,92,4814,3L-0,110,,,,Cavalier,00049194,Chevrolet Cavalier Convertible 1991-1994 US
Chevrolet,Cavalier,,,Convertible,,,gen2,1995,跑车,4595,1745,1369,125000,SD1,1274,1396,1059,-82,4396,3L-0,145,,,,Cavalier,00049595,Chevrolet Cavalier Convertible 1995 US
Chevrolet,Cavalier,,,Convertible,,,gen2,1996,跑车,4580,1712,1351,80000,SD1,1250,1370,1031,-95,4352,3L-0,160,,,,Cavalier,00049696,Chevrolet Cavalier Convertible 1996 US
Chevrolet,Cavalier,,,Convertible,,,gen2,1997,跑车,4580,1712,1369,151081,SD1,1250,1370,1046,-95,4352,3L-0,160,,,,Cavalier,00049797,Chevrolet Cavalier Convertible 1997 US
Chevrolet,Cavalier,,,Convertible,,,gen2,1998,跑车,4590,1745,1364,128050,SD1,1274,1396,1055,-82,4392,3L-0,150,,,,Cavalier,00049898,Chevrolet Cavalier Convertible 1998 US
Chevrolet,Cavalier,,,Convertible,,,gen2,1999,跑车,4590,1745,1463,90708,SD1,1274,1396,1135,-82,4392,3L-0,150,,,,Cavalier,00049999,Chevrolet Cavalier Convertible 1999 US
Chevrolet,Cavalier,,,Convertible,,,gen2,2000-2002,跑车,4595,1745,1374,236110,SD1,1274,1396,1063,-82,4396,3L-0,145,,,,Cavalier,00040002,Chevrolet Cavalier Convertible 2000-2002 US
Chevrolet,Cavalier,,,Coupe,,,gen1,1983,跑车,4407,1684,1361,72863,SD2,1684,1684,1045,92,4591,3M-0,153,,,,Cavalier,00048383,Chevrolet Cavalier Coupe 1983 US
Chevrolet,Cavalier,,,Coupe,,,gen1,1985,跑车,4379,1676,1318,127918,SD2,1676,1676,1007,88,4555,3M-0,181,,,,Cavalier,00048585,Chevrolet Cavalier Coupe 1985 US
Chevrolet,Cavalier,,,Coupe,,,gen1,1987,跑车,4379,1676,1275,115418,SD2,1676,1676,972,88,4555,3M-0,181,,,,Cavalier,00048787,Chevrolet Cavalier Coupe 1987 US
Chevrolet,Cavalier,,,Coupe,,,gen1,1989,跑车,4531,1676,1321,376626,SD2,1676,1676,1010,88,4707,3M-0,29,,,,Cavalier,00048989,Chevrolet Cavalier Coupe 1989 US
Chevrolet,Cavalier,,,Coupe,,,gen1,1990,跑车,4536,1676,1321,155476,SD2,1676,1676,1010,88,4712,3M-0,24,,,,Cavalier,00049090,Chevrolet Cavalier Coupe 1990 US
Chevrolet,Cavalier,,,Coupe,,,gen1,1991-1994,跑车,4630,1684,1321,361032,SD2,1684,1684,1013,92,4814,3L-0,110,,,,Cavalier,00049194,Chevrolet Cavalier Coupe 1991-1994 US
Chevrolet,Cavalier,,,Coupe,,,gen2,1996,跑车,4580,1712,1351,80000,SD1,1250,1370,1031,-95,4352,3L-0,160,,,,Cavalier,00049696,Chevrolet Cavalier Coupe 1996 US
Chevrolet,Cavalier,,,Coupe,,,gen2,1999,跑车,4590,1745,1346,90707,SD1,1274,1396,1040,-82,4392,3L-0,150,,,,Cavalier,00049999,Chevrolet Cavalier Coupe 1999 US
Chevrolet,Cavalier,,,Coupe,,,gen2,2000-2005,跑车,4595,1745,1346,480981,SD1,1274,1396,1040,-82,4396,3L-0,145,,,,Cavalier,00040005,Chevrolet Cavalier Coupe 2000-2005 US
Chevrolet,Cavalier,,,Hatchback,,,gen1,1984,两厢车,4379,1676,1313,154204,H0,1203,1227,992,-142,4071,无可用尺码,,2L,超长,239,Cavalier,00048484,Chevrolet Cavalier Hatchback 1984 US
Chevrolet,Cavalier,,,Hatchback,,,gen1,1985-1987,两厢车,4407,1676,1318,387369,H0,1203,1227,996,-142,4096,无可用尺码,,2L,超长,267,Cavalier,00048587,Chevrolet Cavalier Hatchback 1985-1987 US
Chevrolet,Cavalier,,,Hatchback,,,gen1,1988,两厢车,4432,1676,1321,107647,H0,1203,1227,999,-142,4119,无可用尺码,,2L,超长,292,Cavalier,00048888,Chevrolet Cavalier Hatchback 1988 US
Chevrolet,Cavalier,,,Sedan,,,gen1,1982,三厢车,4379,1684,1369,195057,SD2,1684,1684,1052,92,4563,3L,361,,,,Cavalier,00048282,Chevrolet Cavalier Sedan 1982 US
Chevrolet,Cavalier,,,Sedan,,,gen1,1983,三厢车,4407,1684,1361,72862,SD2,1684,1684,1045,92,4591,3L,333,,,,Cavalier,00048383,Chevrolet Cavalier Sedan 1983 US
Chevrolet,Cavalier,,,Sedan,,,gen1,1984,三厢车,4427,1684,1367,154204,SD2,1684,1684,1050,92,4611,3L,313,,,,Cavalier,00048484,Chevrolet Cavalier Sedan 1984 US
Chevrolet,Cavalier,,,Sedan,,,gen1,1986,三厢车,4427,1684,1323,144034,SD2,1684,1684,1014,92,4611,3L,313,,,,Cavalier,00048686,Chevrolet Cavalier Sedan 1986 US
Chevrolet,Cavalier,,,Sedan,,,gen1,1988,三厢车,4432,1684,1361,107646,SD2,1684,1684,1045,92,4616,3L,308,,,,Cavalier,00048888,Chevrolet Cavalier Sedan 1988 US
Chevrolet,Cavalier,,,Sedan,,,gen1,1990,三厢车,4536,1676,1361,155475,SD2,1676,1676,1042,88,4712,3L,204,,,,Cavalier,00049090,Chevrolet Cavalier Sedan 1990 US
Chevrolet,Cavalier,,,Sedan,,,gen1,1993-1994,三厢车,4630,1684,1361,122397,SD2,1684,1684,1045,92,4814,3L,110,,,,Cavalier,00049394,Chevrolet Cavalier Sedan 1993-1994 US
Chevrolet,Cavalier,,,Sedan,,,gen2,1995,三厢车,4580,1704,1392,125000,SD1,1244,1363,1061,-98,4344,3L,160,,,,Cavalier,00049595,Chevrolet Cavalier Sedan 1995 US
Chevrolet,Cavalier,,,Sedan,,,gen2,1996-1997,三厢车,4580,1712,1392,231080,SD1,1250,1370,1064,-95,4352,3L,160,,,,Cavalier,00049697,Chevrolet Cavalier Sedan 1996-1997 US
Chevrolet,Cavalier,,,Sedan,,,gen2,1998-1999,三厢车,4590,1725,1389,218756,SD1,1259,1380,1067,-90,4373,3L,150,,,,Cavalier,00049899,Chevrolet Cavalier Sedan 1998-1999 US
Chevrolet,Cavalier,,,Sedan,,,gen2,2000-2004,三厢车,4595,1725,1389,462020,SD1,1259,1380,1067,-90,4378,3L,145,,,,Cavalier,00040004,Chevrolet Cavalier Sedan 2000-2004 US
Chevrolet,Cavalier,,,Wagon,,,gen1,1983-1986,两厢车,4394,1684,1382,499015,H3,1285,1275,1029,-110,4153,无可用尺码,,2L,超长,254,Cavalier,00048386,Chevrolet Cavalier Wagon 1983-1986 US
Chevrolet,Cavalier,,,Wagon,,,gen1,1987,两厢车,4432,1684,1341,115418,H3,1285,1275,996,-110,4188,无可用尺码,,2L,超长,292,Cavalier,00048787,Chevrolet Cavalier Wagon 1987 US
Chevrolet,Cavalier,,,Wagon,,,gen1,1988,两厢车,4519,1684,1377,107646,H3,1285,1275,1025,-110,4269,无可用尺码,,2L,超长,379,Cavalier,00048888,Chevrolet Cavalier Wagon 1988 US
Chevrolet,Cavalier,,,Wagon,,,gen1,1992,两厢车,4600,1684,1367,75211,H2,1182,1263,1026,-139,4262,无可用尺码,,2L,超长,460,Cavalier,00049292,Chevrolet Cavalier Wagon 1992 US
Chevrolet,Cavalier,,,Wagon,,,gen1,1993-1994,两厢车,4600,1684,1321,122397,H2,1182,1263,989,-139,4262,无可用尺码,,2L,超长,460,Cavalier,00049394,Chevrolet Cavalier Wagon 1993-1994 US
Chevrolet,Chevelle,,,Convertible,,,gen1,1964-1965,跑车,4925,1895,1344,210778,SD2,1895,1895,1118,198,5320,无可用尺码,,3XL-0,插片指数超上限,78,Chevelle,00076465,Chevrolet Chevelle Convertible 1964-1965 US
Chevrolet,Chevelle,,,Convertible,,,gen1,1966,跑车,5004,1905,1341,137419,SD2,1905,1905,1119,202,5409,无可用尺码,,3XL-0,插片指数超上限,82,Chevelle,00076666,Chevrolet Chevelle Convertible 1966 US
Chevrolet,Chevelle,,,Convertible,,,gen2,1968-1972,跑车,5016,1930,1351,637337,SD2,1930,1930,1138,215,5446,无可用尺码,,3XL-0,插片指数超上限,95,Chevelle,00076872,Chevrolet Chevelle Convertible 1968-1972 US
Chevrolet,Chevelle,,,Coupe,,,gen1,1964-1965,跑车,4925,1895,1341,210778,SD2,1895,1895,1115,198,5320,无可用尺码,,3XL-0,插片指数超上限,78,Chevelle,00076465,Chevrolet Chevelle Coupe 1964-1965 US
Chevrolet,Chevelle,,,Coupe,,,gen1,1966,跑车,5004,1905,1318,137418,SD2,1905,1905,1100,202,5409,无可用尺码,,3XL-0,插片指数超上限,82,Chevelle,00076666,Chevrolet Chevelle Coupe 1966 US
Chevrolet,Chevelle,,,Coupe,,,gen1,1967,跑车,5004,1905,1346,134655,SD2,1905,1905,1123,202,5409,无可用尺码,,3XL-0,插片指数超上限,82,Chevelle,00076767,Chevrolet Chevelle Coupe 1967 US
Chevrolet,Chevelle,,,Coupe,,,gen2,1968,跑车,5006,1923,1351,116167,SD2,1923,1923,1135,212,5429,无可用尺码,,3XL-0,插片指数超上限,92,Chevelle,00076868,Chevrolet Chevelle Coupe 1968 US
Chevrolet,Chevelle,,,Coupe,,,gen2,1971,跑车,5016,1915,1351,96825,SD2,1915,1915,1131,208,5431,无可用尺码,,3XL-0,插片指数超上限,88,Chevelle,00077171,Chevrolet Chevelle Coupe 1971 US
Chevrolet,Chevelle,,,Coupe,,,gen3,1973-1977,跑车,5316,1946,1372,444105,SD2,1946,1946,1161,223,5762,4XL-0,384,,,,Chevelle,00077377,Chevrolet Chevelle Coupe 1973-1977 US
Chevrolet,Chevelle,,Laguna Type S-3,Coupe,,,gen3,1974,跑车,5265,1946,1354,20827,SD2,1946,1946,1147,223,5711,4XL-0,435,,,,Chevelle,00077474,Chevrolet Chevelle Laguna Type S-3 Coupe 1974 US
Chevrolet,Chevelle,,,Sedan,,,gen1,1964-1965,三厢车,4925,1895,1351,210777,SD2,1895,1895,1123,198,5320,无可用尺码,,3XL-0,插片指数超上限,78,Chevelle,00076465,Chevrolet Chevelle Sedan 1964-1965 US
Chevrolet,Chevelle,,,Sedan,,,gen1,1966-1967,三厢车,5004,1905,1346,272072,SD2,1905,1905,1123,202,5409,无可用尺码,,3XL-0,插片指数超上限,82,Chevelle,00076667,Chevrolet Chevelle Sedan 1966-1967 US
Chevrolet,Chevelle,,,Sedan,,,gen2,1968-1972,三厢车,5118,1930,1359,637335,SD2,1930,1930,1144,215,5548,无可用尺码,,3XL-0,插片指数超上限,95,Chevelle,00076872,Chevrolet Chevelle Sedan 1968-1972 US
Chevrolet,Chevelle,,,Sedan,,,gen3,1973-1977,三厢车,5342,1946,1372,444104,SD2,1946,1946,1161,223,5788,4XL-0,358,,,,Chevelle,00077377,Chevrolet Chevelle Sedan 1973-1977 US
Chevrolet,Chevelle,,,Wagon,,,gen1,1964,两厢车,5050,1895,1374,84571,H3,1446,1435,1107,-30,4959,5XL,250,,,,Chevelle,00076464,Chevrolet Chevelle Wagon 1964 US
Chevrolet,Chevelle,,,Wagon,,,gen1,1967,两厢车,5077,1905,1387,134654,H3,1454,1442,1122,-26,4993,5XL,223,,,,Chevelle,00076767,Chevrolet Chevelle Wagon 1967 US
Chevrolet,Chevelle,,,Wagon,,,gen2,1968-1972,两厢车,5281,1930,1402,637333,H3,1473,1461,1144,-16,5206,5XL,19,,,,Chevelle,00076872,Chevrolet Chevelle Wagon 1968-1972 US
Chevrolet,Chevelle,,,Wagon,,,gen3,1973-1977,两厢车,5466,1951,1422,444103,H3,1489,1477,1168,-8,5398,无可用尺码,,5XL,超长,166,Chevelle,00077377,Chevrolet Chevelle Wagon 1973-1977 US
Chevrolet,Chevy Van,,Extended,Wagon,,,gen3,1993-1995,两厢车,5718,2019,2090,83334,V1,1474,1769,1900,61,5819,无可用尺码,,5XL,超长,418,G30,00179395,Chevrolet Chevy Van Extended Wagon 1993-1995 US
Chevrolet,Chevy Van,,G-Classic Extended,Wagon,,,gen3,1996,两厢车,5715,2009,2090,20000,V1,1467,1760,1896,57,5807,无可用尺码,,5XL,超长,415,G30,00179696,Chevrolet Chevy Van G-Classic Extended Wagon 1996 US
Chevrolet,Chevy Van,,G-Classic Regular,Wagon,,,gen3,1996,两厢车,5184,2019,2024,20000,V1,1474,1769,1844,61,5314,5XL,116,,,,G30,00179696,Chevrolet Chevy Van G-Classic Regular Wagon 1996 US
Chevrolet,Chevy Van,,G10 Regular,Wagon,,,gen2,1967-1970,两厢车,4801,1905,1963,80001,V1,1391,1669,1743,15,4844,5XL,499,,,,G10 Van,00176770,Chevrolet Chevy Van G10 Regular Wagon 1967-1970 US
Chevrolet,Chevy Van,,G10 Regular,Wagon,,,gen3,1971-1972,两厢车,5105,2019,2007,39000,V1,1474,1769,1829,61,5239,5XL,195,,,,G10 Van,00177172,Chevrolet Chevy Van G10 Regular Wagon 1971-1972 US
Chevrolet,Chevy Van,,G10 Regular,Wagon,,,gen3,1973,两厢车,5105,2019,2002,20000,V1,1474,1769,1825,61,5239,5XL,195,,,,G10 Van,00177373,Chevrolet Chevy Van G10 Regular Wagon 1973 US
Chevrolet,Chevy Van,,G10 Regular,Wagon,,,gen3,1974-1975,两厢车,5105,2019,2019,35834,V1,1474,1769,1839,61,5239,5XL,195,,,,G10 | G10 Van,00177475,Chevrolet Chevy Van G10 Regular Wagon 1974-1975 US
Chevrolet,Chevy Van,,G10 Regular,Wagon,,,gen3,1976,两厢车,5105,2019,2002,19167,V1,1474,1769,1825,61,5239,5XL,195,,,,G10,00177676,Chevrolet Chevy Van G10 Regular Wagon 1976 US
Chevrolet,Chevy Van,,G10 Regular,Wagon,,,gen3,1977,两厢车,5105,2019,2017,25000,V1,1474,1769,1838,61,5239,5XL,195,,,,G10,00177777,Chevrolet Chevy Van G10 Regular Wagon 1977 US
Chevrolet,Chevy Van,,G10 Regular,Wagon,,,gen3,1978,两厢车,5136,2019,2017,27000,V1,1474,1769,1838,61,5269,5XL,164,,,,G10,00177878,Chevrolet Chevy Van G10 Regular Wagon 1978 US
Chevrolet,Chevy Van,,G10 Regular,Wagon,,,gen3,1979,两厢车,5136,2019,2002,20000,V1,1474,1769,1825,61,5269,5XL,164,,,,G10,00177979,Chevrolet Chevy Van G10 Regular Wagon 1979 US
Chevrolet,Chevy Van,,G10 Regular,Wagon,,,gen3,1980,两厢车,5136,2019,2017,19000,V1,1474,1769,1838,61,5269,5XL,164,,,,G10,00178080,Chevrolet Chevy Van G10 Regular Wagon 1980 US
Chevrolet,Chevy Van,,G10 Regular,Wagon,,,gen3,1981-1989,两厢车,5136,2019,2012,200100,V1,1474,1769,1833,61,5269,5XL,164,,,,G10,00178189,Chevrolet Chevy Van G10 Regular Wagon 1981-1989 US
Chevrolet,Chevy Van,,G10 Regular,Wagon,,,gen3,1990,两厢车,5136,2019,2024,17500,V1,1474,1769,1844,61,5269,5XL,164,,,,G10,00179090,Chevrolet Chevy Van G10 Regular Wagon 1990 US
Chevrolet,Chevy Van,,G10 Regular,Wagon,,,gen3,1991-1992,两厢车,5136,2019,2009,39000,V1,1474,1769,1831,61,5269,5XL,164,,,,G10,00179192,Chevrolet Chevy Van G10 Regular Wagon 1991-1992 US
Chevrolet,Chevy Van,,G10 Short,Wagon,,,gen1,1964-1965,两厢车,4257,1849,1963,65804,V1,1350,1620,1719,-8,4276,无可用尺码,,2L,超长,117,G10 Van,00176465,Chevrolet Chevy Van G10 Short Wagon 1964-1965 US
Chevrolet,Chevy Van,,G10 Short,Wagon,,,gen1,1966,两厢车,4275,1847,1963,37403,V1,1348,1618,1718,-8,4291,无可用尺码,,2L,超长,135,G10 Van,00176666,Chevrolet Chevy Van G10 Short Wagon 1966 US
Chevrolet,Chevy Van,,G10 Short,Wagon,,,gen2,1967-1970,两厢车,4343,1905,1963,80000,V1,1391,1669,1743,15,4411,无可用尺码,,2L,超长,203,G10 Van,00176770,Chevrolet Chevy Van G10 Short Wagon 1967-1970 US
Chevrolet,Chevy Van,,G10 Short,Wagon,,,gen3,1971-1972,两厢车,4496,2019,2007,39000,V1,1474,1769,1829,61,4663,无可用尺码,,2L,超长,356,G10 Van,00177172,Chevrolet Chevy Van G10 Short Wagon 1971-1972 US
Chevrolet,Chevy Van,,G10 Short,Wagon,,,gen3,1973,两厢车,4496,2019,2002,20000,V1,1474,1769,1825,61,4663,无可用尺码,,2L,超长,356,G10 Van,00177373,Chevrolet Chevy Van G10 Short Wagon 1973 US
Chevrolet,Chevy Van,,G10 Short,Wagon,,,gen3,1974-1975,两厢车,4496,2019,2019,35834,V1,1474,1769,1839,61,4663,无可用尺码,,2L,超长,356,G10 | G10 Van,00177475,Chevrolet Chevy Van G10 Short Wagon 1974-1975 US
Chevrolet,Chevy Van,,G10 Short,Wagon,,,gen3,1976,两厢车,4496,2019,2002,19167,V1,1474,1769,1825,61,4663,无可用尺码,,2L,超长,356,G10,00177676,Chevrolet Chevy Van G10 Short Wagon 1976 US
Chevrolet,Chevy Van,,G10 Short,Wagon,,,gen3,1977,两厢车,4496,2019,2017,25000,V1,1474,1769,1838,61,4663,无可用尺码,,2L,超长,356,G10,00177777,Chevrolet Chevy Van G10 Short Wagon 1977 US
Chevrolet,Chevy Van,,G10 Short,Wagon,,,gen3,1978,两厢车,4526,2019,2017,27000,V1,1474,1769,1838,61,4692,无可用尺码,,2L,超长,386,G10,00177878,Chevrolet Chevy Van G10 Short Wagon 1978 US
Chevrolet,Chevy Van,,G10 Short,Wagon,,,gen3,1979,两厢车,4526,2019,2002,20000,V1,1474,1769,1825,61,4692,无可用尺码,,2L,超长,386,G10,00177979,Chevrolet Chevy Van G10 Short Wagon 1979 US
Chevrolet,Chevy Van,,G10 Short,Wagon,,,gen3,1980-1989,两厢车,4526,2019,2017,219100,V1,1474,1769,1838,61,4692,无可用尺码,,2L,超长,386,G10,00178089,Chevrolet Chevy Van G10 Short Wagon 1980-1989 US
Chevrolet,Chevy Van,,G10 Short,Wagon,,,gen3,1990,两厢车,4526,2019,2032,17500,V1,1474,1769,1850,61,4692,无可用尺码,,2L,超长,386,G10,00179090,Chevrolet Chevy Van G10 Short Wagon 1990 US
Chevrolet,Chevy Van,,G10 Short,Wagon,,,gen3,1991-1992,两厢车,4526,2019,2017,39000,V1,1474,1769,1838,61,4692,无可用尺码,,2L,超长,386,G10,00179192,Chevrolet Chevy Van G10 Short Wagon 1991-1992 US
Chevrolet,Chevy Van,,G20 Regular,Wagon,,,gen2,1967-1970,两厢车,4801,1905,2007,79999,V1,1391,1669,1780,15,4844,5XL,499,,,,G20 Van,00176770,Chevrolet Chevy Van G20 Regular Wagon 1967-1970 US
Chevrolet,Chevy Van,,G20 Regular,Wagon,,,gen3,1971-1972,两厢车,5105,2019,2007,39000,V1,1474,1769,1829,61,5239,5XL,195,,,,G20 Van,00177172,Chevrolet Chevy Van G20 Regular Wagon 1971-1972 US
Chevrolet,Chevy Van,,G20 Regular,Wagon,,,gen3,1973-1975,两厢车,5105,2019,2032,55833,V1,1474,1769,1850,61,5239,5XL,195,,,,G20 | G20 Van,00177375,Chevrolet Chevy Van G20 Regular Wagon 1973-1975 US
Chevrolet,Chevy Van,,G20 Regular,Wagon,,,gen3,1976,两厢车,5105,2019,2037,19167,V1,1474,1769,1855,61,5239,5XL,195,,,,G20,00177676,Chevrolet Chevy Van G20 Regular Wagon 1976 US
Chevrolet,Chevy Van,,G20 Regular,Wagon,,,gen3,1977,两厢车,5105,2019,2032,25000,V1,1474,1769,1850,61,5239,5XL,195,,,,G20,00177777,Chevrolet Chevy Van G20 Regular Wagon 1977 US
Chevrolet,Chevy Van,,G20 Regular,Wagon,,,gen3,1978,两厢车,5136,2019,2032,27000,V1,1474,1769,1850,61,5269,5XL,164,,,,G20,00177878,Chevrolet Chevy Van G20 Regular Wagon 1978 US
Chevrolet,Chevy Van,,G20 Regular,Wagon,,,gen3,1979,两厢车,5136,2019,2037,20000,V1,1474,1769,1855,61,5269,5XL,164,,,,G20,00177979,Chevrolet Chevy Van G20 Regular Wagon 1979 US
Chevrolet,Chevy Van,,G20 Regular,Wagon,,,gen3,1980,两厢车,5136,2019,2032,19000,V1,1474,1769,1850,61,5269,5XL,164,,,,G20,00178080,Chevrolet Chevy Van G20 Regular Wagon 1980 US
Chevrolet,Chevy Van,,G20 Regular,Wagon,,,gen3,1981-1989,两厢车,5136,2019,2019,200100,V1,1474,1769,1839,61,5269,5XL,164,,,,G20,00178189,Chevrolet Chevy Van G20 Regular Wagon 1981-1989 US
Chevrolet,Chevy Van,,G20 Regular,Wagon,,,gen3,1990,两厢车,5136,2019,2055,17500,V1,1474,1769,1870,61,5269,5XL,164,,,,G20,00179090,Chevrolet Chevy Van G20 Regular Wagon 1990 US
Chevrolet,Chevy Van,,G20 Regular,Wagon,,,gen3,1991-1992,两厢车,5136,2019,2019,39000,V1,1474,1769,1839,61,5269,5XL,164,,,,G20,00179192,Chevrolet Chevy Van G20 Regular Wagon 1991-1992 US
Chevrolet,Chevy Van,,G20 Short,Wagon,,,gen3,1971-1972,两厢车,4496,2019,2007,39000,V1,1474,1769,1829,61,4663,无可用尺码,,2L,超长,356,G20 Van,00177172,Chevrolet Chevy Van G20 Short Wagon 1971-1972 US
Chevrolet,Chevy Van,,G20 Short,Wagon,,,gen3,1973-1975,两厢车,4496,2019,2032,55833,V1,1474,1769,1850,61,4663,无可用尺码,,2L,超长,356,G20 | G20 Van,00177375,Chevrolet Chevy Van G20 Short Wagon 1973-1975 US
Chevrolet,Chevy Van,,G20 Short,Wagon,,,gen3,1976,两厢车,4496,2019,2037,19167,V1,1474,1769,1855,61,4663,无可用尺码,,2L,超长,356,G20,00177676,Chevrolet Chevy Van G20 Short Wagon 1976 US
Chevrolet,Chevy Van,,G20 Short,Wagon,,,gen3,1977,两厢车,4496,2019,2032,25000,V1,1474,1769,1850,61,4663,无可用尺码,,2L,超长,356,G20,00177777,Chevrolet Chevy Van G20 Short Wagon 1977 US
Chevrolet,Chevy Van,,G20 Short,Wagon,,,gen3,1978,两厢车,4526,2019,2032,27000,V1,1474,1769,1850,61,4692,无可用尺码,,2L,超长,386,G20,00177878,Chevrolet Chevy Van G20 Short Wagon 1978 US
Chevrolet,Chevy Van,,G20 Short,Wagon,,,gen3,1979,两厢车,4526,2019,2037,20000,V1,1474,1769,1855,61,4692,无可用尺码,,2L,超长,386,G20,00177979,Chevrolet Chevy Van G20 Short Wagon 1979 US
Chevrolet,Chevy Van,,G20 Short,Wagon,,,gen3,1980,两厢车,4526,2019,2032,19000,V1,1474,1769,1850,61,4692,无可用尺码,,2L,超长,386,G20,00178080,Chevrolet Chevy Van G20 Short Wagon 1980 US
Chevrolet,Chevy Van,,G20 Short,Wagon,,,gen3,1981-1988,两厢车,4526,2019,2027,172600,V1,1474,1769,1846,61,4692,无可用尺码,,2L,超长,386,G20,00178188,Chevrolet Chevy Van G20 Short Wagon 1981-1988 US
Chevrolet,Chevy Van,,G20 Short,Wagon,,,gen3,1990,两厢车,4526,2019,2055,17500,V1,1474,1769,1870,61,4692,无可用尺码,,2L,超长,386,G20,00179090,Chevrolet Chevy Van G20 Short Wagon 1990 US
Chevrolet,Chevy Van,,G30 Extended,Wagon,,,gen3,1990-1992,两厢车,5669,2019,2090,56500,V1,1474,1769,1900,61,5773,无可用尺码,,5XL,超长,369,G30,00179092,Chevrolet Chevy Van G30 Extended Wagon 1990-1992 US
Chevrolet,Chevy Van,,G30 Regular,Wagon,,,gen3,1971-1972,两厢车,5105,2019,2040,39000,V1,1474,1769,1857,61,5239,5XL,195,,,,G30 Van,00177172,Chevrolet Chevy Van G30 Regular Wagon 1971-1972 US
Chevrolet,Chevy Van,,G30 Regular,Wagon,,,gen3,1973,两厢车,5105,2019,2065,20000,V1,1474,1769,1879,61,5239,5XL,195,,,,G30 Van,00177373,Chevrolet Chevy Van G30 Regular Wagon 1973 US
Chevrolet,Chevy Van,,G30 Regular,Wagon,,,gen3,1974-1975,两厢车,5105,2019,2057,35833,V1,1474,1769,1872,61,5239,5XL,195,,,,G30 | G30 Van,00177475,Chevrolet Chevy Van G30 Regular Wagon 1974-1975 US
Chevrolet,Chevy Van,,G30 Regular,Wagon,,,gen3,1976,两厢车,5105,2019,2062,19166,V1,1474,1769,1876,61,5239,5XL,195,,,,G30,00177676,Chevrolet Chevy Van G30 Regular Wagon 1976 US
Chevrolet,Chevy Van,,G30 Regular,Wagon,,,gen3,1977,两厢车,5105,2019,2057,25000,V1,1474,1769,1872,61,5239,5XL,195,,,,G30,00177777,Chevrolet Chevy Van G30 Regular Wagon 1977 US
Chevrolet,Chevy Van,,G30 Regular,Wagon,,,gen3,1978,两厢车,5136,2019,2057,27000,V1,1474,1769,1872,61,5269,5XL,164,,,,G30,00177878,Chevrolet Chevy Van G30 Regular Wagon 1978 US
Chevrolet,Chevy Van,,G30 Regular,Wagon,,,gen3,1979,两厢车,5136,2019,2062,20000,V1,1474,1769,1876,61,5269,5XL,164,,,,G30,00177979,Chevrolet Chevy Van G30 Regular Wagon 1979 US
Chevrolet,Chevy Van,,G30 Regular,Wagon,,,gen3,1980,两厢车,5136,2019,2057,19000,V1,1474,1769,1872,61,5269,5XL,164,,,,G30,00178080,Chevrolet Chevy Van G30 Regular Wagon 1980 US
Chevrolet,Chevy Van,,G30 Regular,Wagon,,,gen3,1981-1989,两厢车,5136,2019,2080,200100,V1,1474,1769,1892,61,5269,5XL,164,,,,G30,00178189,Chevrolet Chevy Van G30 Regular Wagon 1981-1989 US
Chevrolet,Chevy Van,,G30 Regular,Wagon,,,gen3,1990,两厢车,5136,2019,2090,17500,V1,1474,1769,1900,61,5269,5XL,164,,,,G30,00179090,Chevrolet Chevy Van G30 Regular Wagon 1990 US
Chevrolet,Chevy Van,,G30 Regular,Wagon,,,gen3,1991-1992,两厢车,5136,2019,2080,39000,V1,1474,1769,1892,61,5269,5XL,164,,,,G30,00179192,Chevrolet Chevy Van G30 Regular Wagon 1991-1992 US
Chevrolet,Chevy Van,,G30 Short,Wagon,,,gen3,1973-1976,两厢车,4496,2019,2065,74999,V1,1474,1769,1879,61,4663,无可用尺码,,2L,超长,356,G30 | G30 Van,00177376,Chevrolet Chevy Van G30 Short Wagon 1973-1976 US
Chevrolet,Chevy Van,,G30 Short,Wagon,,,gen3,1979,两厢车,4526,2019,2062,20000,V1,1474,1769,1876,61,4692,无可用尺码,,2L,超长,386,G30,00177979,Chevrolet Chevy Van G30 Short Wagon 1979 US
Chevrolet,Chevy Van,,Regular,Wagon,,,gen3,1993-1995,两厢车,5184,2019,2024,83333,V1,1474,1769,1844,61,5314,5XL,116,,,,G10 | G20 | G30,00179395,Chevrolet Chevy Van Regular Wagon 1993-1995 US
Chevrolet,Chevy Van,,Short,Wagon,,,gen3,1993-1994,两厢车,4572,2009,2032,58333,V1,1467,1760,1846,57,4726,无可用尺码,,2L,超长,432,G10 | G20,00179394,Chevrolet Chevy Van Short Wagon 1993-1994 US
Chevrolet,Chevy Van,,Short,Wagon,,,gen3,1995,两厢车,4575,2019,2032,25000,V1,1474,1769,1850,61,4738,无可用尺码,,2L,超长,435,G10 | G20,00179595,Chevrolet Chevy Van Short Wagon 1995 US
Chevrolet,City Express,,,Van,,,gen1,2015-2018,两厢车,4732,1730,1872,27757,V0,1235,1261,1590,-126,4464,无可用尺码,,5XL,超余量,568,,00511518,Chevrolet City Express Van 2015-2018 US
Chevrolet,Cobalt,,,Coupe,,,gen1,2005-2010,跑车,4585,1725,1410,458335,SD1,1259,1380,1084,-90,4368,3L-0,155,,,,Cobalt,00280510,Chevrolet Cobalt Coupe 2005-2010 US
Chevrolet,Cobalt,,SS,Coupe,,,gen1,2005-2010,跑车,4585,1725,1410,98215,SD1,1259,1380,1084,-90,4368,3L-0,155,,,,Cobalt,00280510,Chevrolet Cobalt SS Coupe 2005-2010 US
Chevrolet,Cobalt,,,Sedan,,,gen1,2005-2010,三厢车,4580,1725,1450,458334,SD1,1259,1380,1116,-90,4364,3L,160,,,,Cobalt,00280510,Chevrolet Cobalt Sedan 2005-2010 US
Chevrolet,Colorado,,,Pickup,Crew,5,gen1,2004-2005,皮卡,5260,1742,1656,178788,P1,1333,1577,1244,-84,5215,PK-S,40,,,,Colorado,00240405,Chevrolet Colorado Pickup 2004-2005 Crew 5 US
Chevrolet,Colorado,,,Pickup,Extended,6,gen1,2004-2012,皮卡,5260,1742,1717,233058,P1,1333,1577,1292,-84,5215,PK-S,40,,,,Colorado,00240412,Chevrolet Colorado Pickup 2004-2012 Extended 6 US
Chevrolet,Colorado,,,Pickup,Regular,6,gen1,2004-2012,皮卡,4897,1742,1717,116530,P1,1333,1577,1292,-84,4867,PK-S,403,,,,Colorado,00240412,Chevrolet Colorado Pickup 2004-2012 Regular 6 US
Chevrolet,Colorado,,,Pickup,Crew,5,gen1,2008,皮卡,5260,1742,1725,39524,P1,1333,1577,1298,-84,5215,PK-S,40,,,,Colorado,00240808,Chevrolet Colorado Pickup 2008 Crew 5 US
Chevrolet,Colorado,,,Pickup,Crew,5,gen1,2012,皮卡,5260,1717,1656,26793,P1,1314,1554,1234,-93,5191,PK-S,40,,,,Colorado,00241212,Chevrolet Colorado Pickup 2012 Crew 5 US
Chevrolet,Colorado,,,Pickup,Extended,6,gen2,2015-2020,皮卡,5403,1887,1793,68776,P1,1444,1708,1409,-28,5491,PK-L,497,,,,Colorado,00241520,Chevrolet Colorado Pickup 2015-2020 Extended 6 US
Chevrolet,Colorado,,,Pickup,Crew,5,gen2,2015-2022,皮卡,5403,1887,1796,348341,P1,1444,1708,1411,-28,5491,PK-L,497,,,,Colorado,00241522,Chevrolet Colorado Pickup 2015-2022 Crew 5 US
Chevrolet,Colorado,,,Pickup,Crew,6,gen2,2015-2022,皮卡,5715,1887,1793,348335,P1,1444,1708,1409,-28,5790,PK-L,185,,,,Colorado,00241522,Chevrolet Colorado Pickup 2015-2022 Crew 6 US
Chevrolet,Colorado,,,Pickup,Crew,5,gen3,2023-2026,皮卡,5415,1984,2027,306586,P1,1518,1796,1632,9,5596,PK-L,485,,,,Colorado,00242326,Chevrolet Colorado Pickup 2023-2026 Crew 5 US
Chevrolet,Colorado,,ZR2,Pickup,Crew,5,gen2,2017-2022,皮卡,5403,1948,1834,56248,P1,1490,1763,1466,-5,5550,PK-L,497,,,,Colorado,00241722,Chevrolet Colorado ZR2 Pickup 2017-2022 Crew 5 US
Chevrolet,Colorado,,ZR2,Pickup,Crew,5,gen3,2023-2026,皮卡,5403,1984,2078,65697,P1,1518,1796,1672,9,5584,PK-L,497,,,,Colorado,00242326,Chevrolet Colorado ZR2 Pickup 2023-2026 Crew 5 US
Chevrolet,Corsica,,,Sedan,,,gen1,1987-1996,三厢车,4661,1732,1427,1645501,SD1,1264,1386,1100,-88,4445,3L,79,,,,Corsica,00268796,Chevrolet Corsica Sedan 1987-1996 US
Chevrolet,Corvette,,,Convertible,,,gen1,1953-1955,跑车,4242,1834,1326,4640,SD0,1302,1240,1289,-114,4011,3M-0,318,,,,Corvette,00235355,Chevrolet Corvette Convertible 1953-1955 US
Chevrolet,Corvette,,,Convertible,,,gen1,1956-1957,跑车,4267,1791,1298,9806,SD0,1272,1211,1244,-129,3995,3M-0,293,,,,Corvette,00235657,Chevrolet Corvette Convertible 1956-1957 US
Chevrolet,Corvette,,,Convertible,,,gen1,1958-1960,跑车,4501,1849,1328,29099,SD0,1313,1250,1298,-109,4259,3M-0,59,,,,Corvette,00235860,Chevrolet Corvette Convertible 1958-1960 US
Chevrolet,Corvette,,,Convertible,,,gen1,1961-1962,跑车,4488,1788,1326,25470,SD0,1269,1209,1268,-130,4192,3M-0,72,,,,Corvette,00236162,Chevrolet Corvette Convertible 1961-1962 US
Chevrolet,Corvette,,,Convertible,,,gen2,1963-1964,跑车,4453,1768,1265,21872,SD0,1255,1195,1203,-138,4142,3M-0,107,,,,Corvette,00236364,Chevrolet Corvette Convertible 1963-1964 US
Chevrolet,Corvette,,,Convertible,,,gen3,1968-1975,跑车,4712,1758,1222,119941,SD0,1248,1188,1160,-141,4368,3L-0,28,,,,Corvette,00236875,Chevrolet Corvette Convertible 1968-1975 US
Chevrolet,Corvette,,,Convertible,,,gen4,1986-1996,跑车,4534,1806,1201,127143,SD0,1282,1221,1163,-124,4250,3M-0,26,,,,Corvette,00238696,Chevrolet Corvette Convertible 1986-1996 US
Chevrolet,Corvette,,,Convertible,,,gen5,1998-2004,跑车,4564,1869,1214,119483,SD0,1327,1263,1203,-102,4335,3L-0,176,,,,Corvette,00239804,Chevrolet Corvette Convertible 1998-2004 US
Chevrolet,Corvette,,,Coupe,,,gen2,1963-1964,跑车,4453,1768,1260,21870,SD0,1255,1195,1199,-138,4142,3M-0,107,,,,Corvette,00236364,Chevrolet Corvette Coupe 1963-1964 US
Chevrolet,Corvette,,,Coupe,,,gen2,1965-1967,跑车,4448,1768,1260,74224,SD0,1255,1195,1199,-138,4138,3M-0,112,,,,Corvette,00236567,Chevrolet Corvette Coupe 1965-1967 US
Chevrolet,Corvette,,,Coupe,,,gen3,1968-1977,跑车,4712,1758,1222,215710,SD0,1248,1188,1160,-141,4368,3L-0,28,,,,Corvette,00236877,Chevrolet Corvette Coupe 1968-1977 US
Chevrolet,Corvette,,,Coupe,,,gen3,1978-1982,跑车,4707,1753,1229,207210,SD0,1245,1185,1164,-142,4359,3L-0,33,,,,Corvette,00237882,Chevrolet Corvette Coupe 1978-1982 US
Chevrolet,Corvette,,,Coupe,,,gen4,1984-1996,跑车,4534,1806,1201,218415,SD0,1282,1221,1163,-124,4250,3M-0,26,,,,Corvette,00238496,Chevrolet Corvette Coupe 1984-1996 US
Chevrolet,Corvette,,,Coupe,,,gen5,1997-2004,跑车,4564,1869,1212,129232,SD0,1327,1263,1201,-102,4335,3L-0,176,,,,Corvette,00239704,Chevrolet Corvette Coupe 1997-2004 US
Chevrolet,Corvette,,,Coupe,,,gen6,2005,跑车,4435,1844,1247,30777,SD0,1309,1247,1222,-111,4195,3M-0,125,,,,Corvette,00230505,Chevrolet Corvette Coupe 2005 US
Chevrolet,Corvette,,,Coupe,,,gen7,2014,跑车,4493,1877,1240,34839,SD0,1333,1269,1230,-100,4278,3M-0,67,,,,Corvette,00231414,Chevrolet Corvette Coupe 2014 US
Chevrolet,Corvette,,,Coupe,,,gen8,2020-2026,跑车,4742,2024,1234,190417,SD0,1437,1368,1292,-49,4637,3XL-0,308,,,,Corvette,00232026,Chevrolet Corvette Coupe 2020-2026 US
Chevrolet,Corvette,,Z06,Coupe,,,gen6,2006-2008,跑车,4460,1928,1245,54947,SD0,1369,1303,1258,-82,4294,3M-0,100,,,,Corvette,00230608,Chevrolet Corvette Z06 Coupe 2006-2008 US
Chevrolet,Corvette,,Z06,Coupe,,,gen6,2009-2010,跑车,4460,1928,1237,14575,SD0,1369,1303,1251,-82,4294,3M-0,100,,,,Corvette,00230910,Chevrolet Corvette Z06 Coupe 2009-2010 US
Chevrolet,Corvette,,Z06/ZR1,Coupe,,,gen6,2005-2013,跑车,4519,1928,1247,118649,SD0,1369,1303,1260,-82,4347,3M-0,41,,,,Corvette,00230513,Chevrolet Corvette Z06/ZR1 Coupe 2005-2013 US
Chevrolet,Corvette,,Z06/ZR1,Coupe,,,gen7,2015-2019,跑车,4519,1966,1234,125382,SD0,1396,1329,1265,-69,4382,3M-0,41,,,,Corvette,00231519,Chevrolet Corvette Z06/ZR1 Coupe 2015-2019 US
Chevrolet,Corvette,,ZR-1,Coupe,,,gen4,1990-1995,跑车,4534,1880,1186,12622,SD0,1335,1271,1183,-98,4317,3M-0,26,,,,Corvette,00239095,Chevrolet Corvette ZR-1 Coupe 1990-1995 US
Chevrolet,Corvette,,ZR1,Coupe,,,gen8,2025-2026,跑车,4742,2024,1234,8544,SD0,1437,1368,1292,-49,4637,3XL-0,308,,,,Corvette,00232526,Chevrolet Corvette ZR1 Coupe 2025-2026 US
Chevrolet,Cruze,,,Hatchback,,,gen2,2017-2019,两厢车,4453,1791,1466,187673,H0,1286,1311,1163,-101,4244,无可用尺码,,2L,超长,313,Cruze,00251719,Chevrolet Cruze Hatchback 2017-2019 US
Chevrolet,Cruze,,,Sedan,,,gen1,2011-2016,三厢车,4597,1796,1476,1406252,SD1,1311,1437,1166,-63,4445,3L,143,,,,Cruze | Cruze Limited | Cruze NG,00251116,Chevrolet Cruze Sedan 2011-2016 US
Chevrolet,Cruze,,,Sedan,,,gen2,2017-2019,三厢车,4666,1791,1458,187670,SD1,1307,1433,1149,-65,4505,3L,74,,,,Cruze,00251719,Chevrolet Cruze Sedan 2017-2019 US
Chevrolet,El Camino,,,Pickup,Regular,6.5,gen1,1959,皮卡,5357,2029,1494,22246,P0,1406,1729,1229,-47,5443,PK-L,543,,,,El Camino,00295959,Chevrolet El Camino Pickup 1959 Regular 6.5 US
Chevrolet,El Camino,,,Pickup,Regular,6.5,gen1,1960,皮卡,5354,2052,1483,14163,P0,1422,1748,1230,-39,5462,PK-L,546,,,,El Camino,00296060,Chevrolet El Camino Pickup 1960 Regular 6.5 US
Chevrolet,El Camino,,,Pickup,Regular,6.5,gen2,1964,皮卡,5050,1859,1374,36615,P0,1288,1584,1067,-106,4994,PK-S,250,,,,El Camino,00296464,Chevrolet El Camino Pickup 1964 Regular 6.5 US
Chevrolet,El Camino,,,Pickup,Regular,6.5,gen2,1965,皮卡,5118,1892,1354,36316,P0,1311,1612,1065,-94,5089,PK-S,182,,,,El Camino,00296565,Chevrolet El Camino Pickup 1965 Regular 6.5 US
Chevrolet,El Camino,,,Pickup,Regular,6.5,gen2,1966,皮卡,5016,1905,1384,35119,P0,1320,1623,1093,-90,5006,PK-S,284,,,,El Camino,00296666,Chevrolet El Camino Pickup 1966 Regular 6.5 US
Chevrolet,El Camino,,,Pickup,Regular,6.5,gen2,1967,皮卡,5016,1905,1435,34830,P0,1320,1623,1134,-90,5006,PK-S,284,,,,El Camino,00296767,Chevrolet El Camino Pickup 1967 Regular 6.5 US
Chevrolet,El Camino,,,Pickup,Regular,6.5,gen3,1968-1969,皮卡,5258,1925,1422,90176,P0,1334,1640,1131,-83,5252,PK-S,42,,,,El Camino,00296869,Chevrolet El Camino Pickup 1968-1969 Regular 6.5 US
Chevrolet,El Camino,,,Pickup,Regular,6.5,gen3,1970,皮卡,5245,1915,1382,47707,P0,1327,1632,1096,-86,5230,PK-S,55,,,,El Camino,00297070,Chevrolet El Camino Pickup 1970 Regular 6.5 US
Chevrolet,El Camino,,,Pickup,Regular,6.5,gen3,1971-1972,皮卡,5258,1925,1422,98753,P0,1334,1640,1131,-83,5252,PK-S,42,,,,El Camino,00297172,Chevrolet El Camino Pickup 1971-1972 Regular 6.5 US
Chevrolet,El Camino,,,Pickup,Regular,6.5,gen4,1973,皮卡,5415,1946,1367,64987,P0,1349,1658,1096,-76,5419,PK-L,485,,,,El Camino,00297373,Chevrolet El Camino Pickup 1973 Regular 6.5 US
Chevrolet,El Camino,,,Pickup,Regular,6.5,gen4,1974-1975,皮卡,5466,1946,1369,84843,P0,1349,1658,1098,-76,5467,PK-L,434,,,,El Camino,00297475,Chevrolet El Camino Pickup 1974-1975 Regular 6.5 US
Chevrolet,El Camino,,,Pickup,Regular,6.5,gen4,1976,皮卡,5418,1953,1377,44890,P0,1353,1664,1107,-74,5429,PK-L,482,,,,El Camino,00297676,Chevrolet El Camino Pickup 1976 Regular 6.5 US
Chevrolet,El Camino,,,Pickup,Regular,6.5,gen4,1977,皮卡,5418,1963,1377,54321,P0,1360,1672,1111,-70,5438,PK-L,482,,,,El Camino,00297777,Chevrolet El Camino Pickup 1977 Regular 6.5 US
Chevrolet,El Camino,,,Pickup,Regular,6.5,gen5,1978-1987,皮卡,5121,1826,1367,316743,P0,1265,1556,1049,-118,5030,PK-S,179,,,,El Camino,00297887,Chevrolet El Camino Pickup 1978-1987 Regular 6.5 US
Chevrolet,Equinox EV,,,SUV,,,gen1,2024,越野车,4867,1953,1646,28874,SU0,1309,1367,1374,-81,4706,YXL,153,,,,Equinox EV,00472424,Chevrolet Equinox EV SUV 2024 US
Chevrolet,Equinox EV,,,SUV,,,gen1,2025-2026,越野车,4841,1953,1646,90443,SU0,1309,1367,1374,-81,4683,YL,9,,,,Equinox EV,00472526,Chevrolet Equinox EV SUV 2025-2026 US
Chevrolet,Equinox,,,SUV,,,gen1,2005-2009,越野车,4796,1814,1760,487577,SU1,1328,1353,1410,-80,4614,YL,54,,,,Equinox,00100509,Chevrolet Equinox SUV 2005-2009 US
Chevrolet,Equinox,,,SUV,,,gen2,2010-2017,越野车,4770,1842,1760,1852550,SU1,1348,1374,1422,-70,4616,YL,80,,,,Equinox,00101017,Chevrolet Equinox SUV 2010-2017 US
Chevrolet,Equinox,,,SUV,,,gen3,2018-2024,越野车,4651,1844,1661,1747486,SU1,1350,1376,1342,-68,4508,YL,199,,,,Equinox | Equinox EV,00101824,Chevrolet Equinox SUV 2018-2024 US
Chevrolet,Equinox,,,SUV,,,gen4,2025-2026,越野车,4653,1902,1666,523106,SU1,1392,1419,1370,-47,4563,YL,197,,,,Equinox | Equinox EV,00102526,Chevrolet Equinox SUV 2025-2026 US
Chevrolet,Express,,Extended,Van,,,gen1,2016-2017,两厢车,6066,2017,2126,137171,V1,1472,1767,1930,60,6147,无可用尺码,,5XL,超长,766,,00381617,Chevrolet Express Extended Van 2016-2017 US
Chevrolet,Express,,Extended,Van,,,gen2,2021-2023,两厢车,6200,2014,2154,22027,V1,1470,1764,1953,58,6270,无可用尺码,,5XL,超长,900,,00382123,Chevrolet Express Extended Van 2021-2023 US
Chevrolet,Express,,,Van,,,gen1,2013,两厢车,5626,2012,2126,79087,V1,1469,1763,1928,58,5726,无可用尺码,,5XL,超长,326,,00381313,Chevrolet Express Van 2013 US
Chevrolet,Express,,,Van,,,gen2,2021-2023,两厢车,5692,2014,2154,102794,V1,1470,1764,1953,58,5790,无可用尺码,,5XL,超长,392,,00382123,Chevrolet Express Van 2021-2023 US
Chevrolet,HHR,,Panel SS,Wagon,,,gen1,2009,两厢车,4483,1755,1588,9241,H1,1264,1309,1259,-107,4220,无可用尺码,,2L,超长,343,HHR,00340909,Chevrolet HHR Panel SS Wagon 2009 US
Chevrolet,HHR,,Panel,Wagon,,,gen1,2007-2011,两厢车,4475,1755,1603,60050,H1,1264,1309,1272,-107,4213,无可用尺码,,2L,超长,335,HHR,00340711,Chevrolet HHR Panel Wagon 2007-2011 US
Chevrolet,HHR,,SS,Wagon,,,gen1,2008-2010,两厢车,4483,1755,1588,34958,H1,1264,1309,1259,-107,4220,无可用尺码,,2L,超长,343,HHR,00340810,Chevrolet HHR SS Wagon 2008-2010 US
Chevrolet,HHR,,,Wagon,,,gen1,2006-2011,两厢车,4475,1755,1603,381532,H1,1264,1309,1272,-107,4213,无可用尺码,,2L,超长,335,HHR,00340611,Chevrolet HHR Wagon 2006-2011 US
Chevrolet,Impala,,,Convertible,,,gen5,1976,跑车,5662,2019,1382,377900,SD2,2019,2019,1199,260,6181,4XL-0,38,,,,Impala,00057676,Chevrolet Impala Convertible 1976 US
Chevrolet,Impala,,,Coupe,,,gen5,1973,跑车,5479,2009,1372,496800,SD2,2009,2009,1187,254,5988,4XL-0,221,,,,Impala,00057373,Chevrolet Impala Coupe 1973 US
Chevrolet,Impala,,,Coupe,,,gen5,1974,跑车,5662,2019,1382,243850,SD2,2019,2019,1199,260,6181,4XL-0,38,,,,Impala,00057474,Chevrolet Impala Coupe 1974 US
Chevrolet,Impala,,SS,Sedan,,,gen7,1994-1996,三厢车,5438,1968,1389,69700,SD2,1968,1968,1184,234,5906,4XL-0,262,,,,Impala,00059496,Chevrolet Impala SS Sedan 1994-1996 US
Chevrolet,Impala,,,Sedan,,,gen5,1974,三厢车,5479,2009,1372,243850,SD2,2009,2009,1187,254,5988,4XL-0,221,,,,Impala,00057474,Chevrolet Impala Sedan 1974 US
Chevrolet,Impala,,,Sedan,,,gen10,2014-2020,三厢车,5113,1854,1496,532015,SD1,1353,1483,1205,-41,4979,3XXL-550,387,,,,Impala | Impala Limited,00051420,Chevrolet Impala Sedan 2014-2020 US
Chevrolet,Impala,,,Wagon,,,gen3,1962-1963,两厢车,5761,2019,1422,1537500,H3,1540,1528,1195,17,5735,无可用尺码,,5XL,超长,461,Impala,00056263,Chevrolet Impala Wagon 1962-1963 US
Chevrolet,Impala,,,Wagon,,,gen4,1965-1968,两厢车,5545,2009,1402,2941400,H3,1533,1521,1175,14,5525,无可用尺码,,5XL,超长,245,Impala,00056568,Chevrolet Impala Wagon 1965-1968 US
Chevrolet,K5 Blazer,,,SUV,,,gen1,1969-1970,越野车,4508,2007,1778,16462,SU2,1405,1666,1439,18,4526,YM,122,,,,Blazer,00306970,Chevrolet K5 Blazer SUV 1969-1970 US
Chevrolet,K5 Blazer,,,SUV,,,gen1,1971-1972,越野车,4572,2007,1849,61486,SU2,1405,1666,1495,18,4586,YM,58,,,,Blazer,00307172,Chevrolet K5 Blazer SUV 1971-1972 US
Chevrolet,K5 Blazer,,,SUV,,,gen2,1973,越野车,4686,2019,1753,44841,SU2,1413,1676,1424,22,4702,YL,164,,,,Blazer,00307373,Chevrolet K5 Blazer SUV 1973 US
Chevrolet,K5 Blazer,,,SUV,,,gen2,1974,越野车,4686,2009,1816,56871,SU2,1406,1667,1470,18,4693,YL,164,,,,Blazer,00307474,Chevrolet K5 Blazer SUV 1974 US
Chevrolet,K5 Blazer,,,SUV,,,gen2,1975-1991,越野车,4694,2022,1875,728481,SU2,1415,1678,1521,23,4712,YL,156,,,,Blazer | K5 Blazer,00307591,Chevrolet K5 Blazer SUV 1975-1991 US
Chevrolet,K5 Blazer,,,SUV,,,gen3,1992-1994,越野车,4768,1941,1803,41000,SU2,1359,1611,1433,-8,4706,YL,82,,,,Blazer,00309294,Chevrolet K5 Blazer SUV 1992-1994 US
Chevrolet,Lumina APV,,,Wagon,,,gen1,1990-1992,两厢车,4933,1877,1656,215000,V0,1340,1368,1468,-73,4786,5XL,367,,,,Lumina APV,00369092,Chevrolet Lumina APV Wagon 1990-1992 US
Chevrolet,Lumina APV,,,Wagon,,,gen1,1993,两厢车,4933,1877,1669,70000,V0,1340,1368,1479,-73,4786,5XL,367,,,,Lumina APV,00369393,Chevrolet Lumina APV Wagon 1993 US
Chevrolet,Lumina APV,,,Wagon,,,gen1,1994-1996,两厢车,4864,1877,1669,160000,V0,1340,1368,1479,-73,4722,5XL,436,,,,Lumina APV,00369496,Chevrolet Lumina APV Wagon 1994-1996 US
Chevrolet,Lumina,,,Coupe,,,gen1,1990,跑车,5039,1821,1361,162047,SD1,1329,1457,1083,-54,4880,3XL-0,11,,,,Lumina | Lumina APV,00199090,Chevrolet Lumina Coupe 1990 US
Chevrolet,Lumina,,,Coupe,,,gen1,1991,跑车,5037,1803,1361,100607,SD1,1316,1442,1076,-60,4861,3XL-0,13,,,,Lumina | Lumina APV,00199191,Chevrolet Lumina Coupe 1991 US
Chevrolet,Lumina,,,Coupe,,,gen1,1992-1993,跑车,5037,1821,1361,243628,SD1,1329,1457,1083,-54,4878,3XL-0,13,,,,Lumina | Lumina APV,00199293,Chevrolet Lumina Coupe 1992-1993 US
Chevrolet,Lumina,,,Coupe,,,gen1,1994,跑车,5037,1803,1361,46166,SD1,1316,1442,1076,-60,4861,3XL-0,13,,,,Lumina | Lumina APV,00199494,Chevrolet Lumina Coupe 1994 US
Chevrolet,Lumina,,,Sedan,,,gen1,1990,三厢车,5039,1821,1361,162047,SD1,1329,1457,1083,-54,4880,3XL-0,11,,,,Lumina | Lumina APV,00199090,Chevrolet Lumina Sedan 1990 US
Chevrolet,Lumina,,,Sedan,,,gen1,1991,三厢车,5037,1803,1361,100606,SD1,1316,1442,1076,-60,4861,3XL-0,13,,,,Lumina | Lumina APV,00199191,Chevrolet Lumina Sedan 1991 US
Chevrolet,Lumina,,,Sedan,,,gen1,1992-1993,三厢车,5037,1821,1361,243628,SD1,1329,1457,1083,-54,4878,3XL-0,13,,,,Lumina | Lumina APV,00199293,Chevrolet Lumina Sedan 1992-1993 US
Chevrolet,Lumina,,,Sedan,,,gen1,1994,三厢车,5037,1803,1361,46165,SD1,1316,1442,1076,-60,4861,3XL-0,13,,,,Lumina | Lumina APV,00199494,Chevrolet Lumina Sedan 1994 US
Chevrolet,Lumina,,,Sedan,,,gen2,1995-1999,三厢车,5103,1842,1402,956257,SD1,1345,1474,1125,-45,4959,3XXL-550,397,,,,Lumina | Lumina APV | Lumina Van,00199599,Chevrolet Lumina Sedan 1995-1999 US
Chevrolet,Lumina,,,Sedan,,,gen2,2000-2001,三厢车,5103,1842,1392,64222,SD1,1345,1474,1117,-45,4959,3XXL-550,397,,,,Lumina,00190001,Chevrolet Lumina Sedan 2000-2001 US
Chevrolet,Malibu,,,Convertible,,,gen1,1964-1965,跑车,4925,1895,1344,112500,SD2,1895,1895,1118,198,5320,无可用尺码,,3XL-0,插片指数超上限,78,Chevelle,00026465,Chevrolet Malibu Convertible 1964-1965 US
Chevrolet,Malibu,,,Convertible,,,gen1,1966-1967,跑车,5004,1905,1341,97500,SD2,1905,1905,1119,202,5409,无可用尺码,,3XL-0,插片指数超上限,82,Chevelle,00026667,Chevrolet Malibu Convertible 1966-1967 US
Chevrolet,Malibu,,,Convertible,,,gen2,1968-1969,跑车,5016,1897,1346,137500,SD2,1897,1897,1120,198,5413,无可用尺码,,3XL-0,插片指数超上限,78,Chevelle,00026869,Chevrolet Malibu Convertible 1968-1969 US
Chevrolet,Malibu,,,Convertible,,,gen2,1970-1972,跑车,5016,1902,1346,197500,SD2,1902,1902,1122,201,5418,无可用尺码,,3XL-0,插片指数超上限,81,Chevelle,00027072,Chevrolet Malibu Convertible 1970-1972 US
Chevrolet,Malibu,,,Coupe,,,gen1,1964-1965,跑车,4925,1895,1341,112500,SD2,1895,1895,1115,198,5320,无可用尺码,,3XL-0,插片指数超上限,78,Chevelle,00026465,Chevrolet Malibu Coupe 1964-1965 US
Chevrolet,Malibu,,,Coupe,,,gen1,1966,跑车,5004,1905,1318,50000,SD2,1905,1905,1100,202,5409,无可用尺码,,3XL-0,插片指数超上限,82,Chevelle,00026666,Chevrolet Malibu Coupe 1966 US
Chevrolet,Malibu,,,Coupe,,,gen1,1967,跑车,5004,1905,1334,47500,SD2,1905,1905,1113,202,5409,无可用尺码,,3XL-0,插片指数超上限,82,Chevelle,00026767,Chevrolet Malibu Coupe 1967 US
Chevrolet,Malibu,,,Coupe,,,gen2,1968-1969,跑车,5009,1892,1344,137500,SD2,1892,1892,1116,196,5401,无可用尺码,,3XL-0,插片指数超上限,76,Chevelle,00026869,Chevrolet Malibu Coupe 1968-1969 US
Chevrolet,Malibu,,,Coupe,,,gen2,1970-1972,跑车,5011,1900,1344,197500,SD2,1900,1900,1120,200,5411,无可用尺码,,3XL-0,插片指数超上限,80,Chevelle,00027072,Chevrolet Malibu Coupe 1970-1972 US
Chevrolet,Malibu,,,Coupe,,,gen3,1973-1974,跑车,5022,1887,1341,183334,SD2,1887,1887,1112,194,5409,无可用尺码,,3XL-0,插片指数超上限,74,Chevelle,00027374,Chevrolet Malibu Coupe 1973-1974 US
Chevrolet,Malibu,,,Coupe,,,gen3,1975-1976,跑车,5215,1946,1349,130001,SD2,1946,1946,1142,223,5661,4XL-0,485,,,,Chevelle | Malibu,00027576,Chevrolet Malibu Coupe 1975-1976 US
Chevrolet,Malibu,,,Coupe,,,gen3,1977,跑车,5225,1953,1354,66667,SD2,1953,1953,1149,226,5678,4XL-0,475,,,,Chevelle,00027777,Chevrolet Malibu Coupe 1977 US
Chevrolet,Malibu,,,Coupe,,,gen4,1978-1980,跑车,4895,1816,1354,196668,SD2,1816,1816,1094,158,5211,无可用尺码,,3XL-0,插片指数超上限,38,Malibu,00027880,Chevrolet Malibu Coupe 1978-1980 US
Chevrolet,Malibu,,,Coupe,,,gen4,1981,跑车,4895,1836,1415,46667,SD2,1836,1836,1151,168,5231,无可用尺码,,3XL-0,插片指数超上限,48,Malibu,00028181,Chevrolet Malibu Coupe 1981 US
Chevrolet,Malibu,,,Sedan,,,gen1,1964-1965,三厢车,4925,1895,1351,112500,SD2,1895,1895,1123,198,5320,无可用尺码,,3XL-0,插片指数超上限,78,Chevelle,00026465,Chevrolet Malibu Sedan 1964-1965 US
Chevrolet,Malibu,,,Sedan,,,gen1,1966-1967,三厢车,5004,1905,1346,97500,SD2,1905,1905,1123,202,5409,无可用尺码,,3XL-0,插片指数超上限,82,Chevelle,00026667,Chevrolet Malibu Sedan 1966-1967 US
Chevrolet,Malibu,,,Sedan,,,gen2,1968-1969,三厢车,5014,1900,1351,137500,SD2,1900,1900,1125,200,5414,无可用尺码,,3XL-0,插片指数超上限,80,Chevelle,00026869,Chevrolet Malibu Sedan 1968-1969 US
Chevrolet,Malibu,,,Sedan,,,gen2,1970-1972,三厢车,5016,1905,1351,197500,SD2,1905,1905,1127,202,5421,无可用尺码,,3XL-0,插片指数超上限,82,Chevelle,00027072,Chevrolet Malibu Sedan 1970-1972 US
Chevrolet,Malibu,,,Sedan,,,gen3,1973-1974,三厢车,5027,1892,1349,183333,SD2,1892,1892,1120,196,5419,无可用尺码,,3XL-0,插片指数超上限,76,Chevelle,00027374,Chevrolet Malibu Sedan 1973-1974 US
Chevrolet,Malibu,,,Sedan,,,gen3,1975-1976,三厢车,5316,1946,1367,130000,SD2,1946,1946,1157,223,5762,4XL-0,384,,,,Chevelle | Malibu,00027576,Chevrolet Malibu Sedan 1975-1976 US
Chevrolet,Malibu,,,Sedan,,,gen3,1977,三厢车,5326,1953,1374,66667,SD2,1953,1953,1166,226,5779,4XL-0,374,,,,Chevelle,00027777,Chevrolet Malibu Sedan 1977 US
Chevrolet,Malibu,,,Sedan,,,gen4,1978-1980,三厢车,4895,1816,1377,196667,SD2,1816,1816,1112,158,5211,无可用尺码,,3XL-0,插片指数超上限,38,Malibu,00027880,Chevrolet Malibu Sedan 1978-1980 US
Chevrolet,Malibu,,,Sedan,,,gen4,1981-1983,三厢车,4895,1836,1415,141667,SD2,1836,1836,1151,168,5231,无可用尺码,,3XL-0,插片指数超上限,48,Malibu,00028183,Chevrolet Malibu Sedan 1981-1983 US
Chevrolet,Malibu,,,Sedan,,,gen5,1997-2003,三厢车,4836,1763,1433,1010000,SD1,1287,1410,1118,-76,4637,3XL-0,214,,,,Malibu,00029703,Chevrolet Malibu Sedan 1997-2003 US
Chevrolet,Malibu,,,Sedan,,,gen6,2004-2007,三厢车,4783,1775,1460,759127,SD1,1296,1420,1144,-71,4599,3XL-0,267,,,,Malibu,00020407,Chevrolet Malibu Sedan 2004-2007 US
Chevrolet,Malibu,,,Sedan,,,gen7,2008-2012,三厢车,4872,1786,1450,975084,SD1,1304,1429,1141,-67,4692,3XL-0,178,,,,Malibu,00020812,Chevrolet Malibu Sedan 2008-2012 US
Chevrolet,Malibu,,,Sedan,,,gen8,2013-2015,三厢车,4864,1854,1463,583967,SD1,1353,1483,1179,-41,4748,3XL-0,186,,,,Malibu,00021315,Chevrolet Malibu Sedan 2013-2015 US
Chevrolet,Malibu,,,Sedan,,,gen9,2016-2025,三厢车,4933,1854,1471,1293738,SD1,1353,1483,1185,-41,4812,3XL-0,117,,,,Malibu | Malibu Limited,00021625,Chevrolet Malibu Sedan 2016-2025 US
Chevrolet,Malibu,,,Wagon,,,gen1,1964-1965,两厢车,5050,1895,1400,112500,H3,1446,1435,1128,-30,4959,5XL,250,,,,Chevelle,00026465,Chevrolet Malibu Wagon 1964-1965 US
Chevrolet,Malibu,,,Wagon,,,gen1,1966,两厢车,5075,1905,1387,50000,H3,1454,1442,1122,-26,4991,5XL,225,,,,Chevelle,00026666,Chevrolet Malibu Wagon 1966 US
Chevrolet,Malibu,,,Wagon,,,gen1,1967,两厢车,5055,1905,1384,47500,H3,1454,1442,1119,-26,4973,5XL,245,,,,Chevelle,00026767,Chevrolet Malibu Wagon 1967 US
Chevrolet,Malibu,,,Wagon,,,gen2,1968-1969,两厢车,5055,1905,1387,137500,H3,1454,1442,1122,-26,4973,5XL,245,,,,Chevelle,00026869,Chevrolet Malibu Wagon 1968-1969 US
Chevrolet,Malibu,,,Wagon,,,gen2,1970-1972,两厢车,5060,1905,1387,197500,H3,1454,1442,1122,-26,4977,5XL,240,,,,Chevelle,00027072,Chevrolet Malibu Wagon 1970-1972 US
Chevrolet,Malibu,,,Wagon,,,gen3,1973-1974,两厢车,5067,1900,1377,183333,H3,1450,1438,1112,-28,4979,5XL,233,,,,Chevelle,00027374,Chevrolet Malibu Wagon 1973-1974 US
Chevrolet,Malibu,,,Wagon,,,gen3,1975,两厢车,5471,1946,1417,66666,H3,1485,1473,1162,-10,5398,无可用尺码,,5XL,超长,171,Malibu,00027575,Chevrolet Malibu Wagon 1975 US
Chevrolet,Malibu,,,Wagon,,,gen3,1976,两厢车,5466,1951,1415,63333,H3,1489,1477,1162,-8,5398,无可用尺码,,5XL,超长,166,Chevelle,00027676,Chevrolet Malibu Wagon 1976 US
Chevrolet,Malibu,,,Wagon,,,gen3,1977,两厢车,5471,1951,1417,66666,H3,1489,1477,1164,-8,5402,无可用尺码,,5XL,超长,171,Chevelle,00027777,Chevrolet Malibu Wagon 1977 US
Chevrolet,Malibu,,,Wagon,,,gen4,1978,两厢车,4912,1808,1384,73333,H3,1380,1369,1080,-63,4750,5XL,388,,,,Malibu,00027878,Chevrolet Malibu Wagon 1978 US
Chevrolet,Malibu,,,Wagon,,,gen4,1979-1980,两厢车,4912,1816,1384,123332,H3,1386,1375,1084,-60,4757,5XL,388,,,,Malibu,00027980,Chevrolet Malibu Wagon 1979-1980 US
Chevrolet,Malibu,,,Wagon,,,gen4,1981-1983,两厢车,4912,1826,1417,141666,H3,1393,1382,1114,-56,4766,5XL,388,,,,Malibu,00028183,Chevrolet Malibu Wagon 1981-1983 US
Chevrolet,Metro,,,Hatchback,,,gen1,1998-2000,两厢车,3795,1590,1389,47192,H0,1142,1164,1019,-174,3454,2L,345,,,,Metro,00489800,Chevrolet Metro Hatchback 1998-2000 US
Chevrolet,Metro,,,Sedan,,,gen1,1998-2001,三厢车,4166,1590,1407,53705,SD1,1161,1272,1027,-142,3853,3S-0,54,,,,Metro,00489801,Chevrolet Metro Sedan 1998-2001 US
Chevrolet,Monte Carlo,,,Coupe,,,gen1,1970,跑车,5227,1920,1344,159341,SD2,1920,1920,1128,210,5647,4XL-0,473,,,,Monte Carlo,00117070,Chevrolet Monte Carlo Coupe 1970 US
Chevrolet,Monte Carlo,,,Coupe,,,gen1,1971,跑车,5258,1930,1344,128600,SD2,1930,1930,1132,215,5688,4XL-0,442,,,,Monte Carlo,00117171,Chevrolet Monte Carlo Coupe 1971 US
Chevrolet,Monte Carlo,,,Coupe,,,gen1,1972,跑车,5245,1920,1339,180819,SD2,1920,1920,1124,210,5665,4XL-0,455,,,,Monte Carlo,00117272,Chevrolet Monte Carlo Coupe 1972 US
Chevrolet,Monte Carlo,,,Coupe,,,gen2,1973-1977,跑车,5418,1971,1344,1541575,SD2,1971,1971,1149,236,5889,4XL-0,282,,,,Monte Carlo,00117377,Chevrolet Monte Carlo Coupe 1973-1977 US
Chevrolet,Monte Carlo,,,Coupe,,,gen3,1978-1980,跑车,5090,1824,1382,823956,SD2,1824,1824,1120,162,5414,无可用尺码,,3XL-0,插片指数超上限,42,Monte Carlo,00117880,Chevrolet Monte Carlo Coupe 1978-1980 US
Chevrolet,Monte Carlo,,,Coupe,,,gen4,1981-1988,跑车,5090,1824,1382,785711,SD2,1824,1824,1120,162,5414,无可用尺码,,3XL-0,插片指数超上限,42,Monte Carlo,00118188,Chevrolet Monte Carlo Coupe 1981-1988 US
Chevrolet,Monte Carlo,,,Coupe,,,gen5,1995-1999,跑车,5098,1842,1367,376483,SD0,1308,1245,1330,-112,4795,3XXL-520-0,102,,,,Monte Carlo,00119599,Chevrolet Monte Carlo Coupe 1995-1999 US
Chevrolet,Monte Carlo,,,Coupe,,,gen6,2000-2007,跑车,5027,1836,1402,422895,SD0,1304,1241,1359,-114,4725,3XL-0,23,,,,Monte Carlo,00110007,Chevrolet Monte Carlo Coupe 2000-2007 US
Chevrolet,Monte Carlo,,SS,Coupe,,,gen4,1983-1988,跑车,5141,1824,1397,108315,SD2,1824,1824,1132,162,5465,无可用尺码,,3XXL-520-0,插片指数超上限,42,Monte Carlo,00118388,Chevrolet Monte Carlo SS Coupe 1983-1988 US
Chevrolet,Nova,,,Coupe,,,gen1,1962-1964,跑车,4648,1798,1397,296975,SD2,1798,1798,1121,149,4946,无可用尺码,,3L-0,插片指数超上限,29,Chevy II,00096264,Chevrolet Nova Coupe 1962-1964 US
Chevrolet,Nova,,,Coupe,,,gen1,1965,跑车,4646,1775,1372,40934,SD2,1775,1775,1091,138,4921,无可用尺码,,3L-0,插片指数超上限,18,Chevy II,00096565,Chevrolet Nova Coupe 1965 US
Chevrolet,Nova,,,Coupe,,,gen2,1966,跑车,4651,1811,1400,57495,SD2,1811,1811,1129,156,4962,无可用尺码,,3L-0,插片指数超上限,36,Chevy II,00096666,Chevrolet Nova Coupe 1966 US
Chevrolet,Nova,,,Coupe,,,gen2,1967,跑车,4648,1811,1367,35477,SD2,1811,1811,1102,156,4959,无可用尺码,,3L-0,插片指数超上限,36,Chevy II,00096767,Chevrolet Nova Coupe 1967 US
Chevrolet,Nova,,,Coupe,,,gen3,1968-1972,跑车,4811,1839,1334,429099,SD2,1839,1839,1087,170,5150,无可用尺码,,3XL-0,插片指数超上限,50,Chevy II | Nova,00096872,Chevrolet Nova Coupe 1968-1972 US
Chevrolet,Nova,,,Coupe,,,gen3,1973,跑车,4935,1839,1334,123170,SD2,1839,1839,1087,170,5274,无可用尺码,,3XL-0,插片指数超上限,50,Nova,00097373,Chevrolet Nova Coupe 1973 US
Chevrolet,Nova,,,Coupe,,,gen3,1974,跑车,4996,1839,1334,130179,SD2,1839,1839,1087,170,5335,无可用尺码,,3XL-0,插片指数超上限,50,Nova,00097474,Chevrolet Nova Coupe 1974 US
Chevrolet,Nova,,,Coupe,,,gen4,1976-1979,跑车,4996,1834,1361,361942,SD2,1834,1834,1107,167,5330,无可用尺码,,3XL-0,插片指数超上限,47,Nova,00097679,Chevrolet Nova Coupe 1976-1979 US
Chevrolet,Nova,,,Hatchback,,,gen3,1968-1972,两厢车,4811,1839,1372,429098,H0,1320,1346,1106,-84,4618,5XL,489,,,,Chevy II | Nova,00096872,Chevrolet Nova Hatchback 1968-1972 US
Chevrolet,Nova,,,Hatchback,,,gen3,1973,两厢车,4956,1839,1334,123170,H0,1320,1346,1075,-84,4751,5XL,344,,,,Nova,00097373,Chevrolet Nova Hatchback 1973 US
Chevrolet,Nova,,,Hatchback,,,gen3,1974,两厢车,4996,1839,1334,130179,H0,1320,1346,1075,-84,4788,5XL,304,,,,Nova,00097474,Chevrolet Nova Hatchback 1974 US
Chevrolet,Nova,,,Hatchback,,,gen4,1975,两厢车,4996,1839,1339,136491,H0,1320,1346,1079,-84,4788,5XL,304,,,,Nova,00097575,Chevrolet Nova Hatchback 1975 US
Chevrolet,Nova,,,Hatchback,,,gen4,1976-1979,两厢车,4996,1834,1361,361941,H0,1317,1342,1095,-85,4784,5XL,304,,,,Nova,00097679,Chevrolet Nova Hatchback 1976-1979 US
Chevrolet,Nova,,,Hatchback,,,gen5,1987-1988,两厢车,4224,1636,1341,52500,H0,1175,1198,999,-157,3891,无可用尺码,,2L,超长,84,Nova,00098788,Chevrolet Nova Hatchback 1987-1988 US
Chevrolet,Nova,,,Sedan,,,gen1,1962-1965,三厢车,4648,1798,1397,337908,SD2,1798,1798,1121,149,4946,无可用尺码,,3L-0,插片指数超上限,29,Chevy II,00096265,Chevrolet Nova Sedan 1962-1965 US
Chevrolet,Nova,,,Sedan,,,gen2,1966,三厢车,4651,1811,1400,57495,SD2,1811,1811,1129,156,4962,无可用尺码,,3L-0,插片指数超上限,36,Chevy II,00096666,Chevrolet Nova Sedan 1966 US
Chevrolet,Nova,,,Sedan,,,gen2,1967,三厢车,4648,1811,1405,35477,SD2,1811,1811,1133,156,4959,无可用尺码,,3L-0,插片指数超上限,36,Chevy II,00096767,Chevrolet Nova Sedan 1967 US
Chevrolet,Nova,,,Sedan,,,gen3,1968-1972,三厢车,4811,1839,1369,429095,SD2,1839,1839,1115,170,5150,无可用尺码,,3XL-0,插片指数超上限,50,Chevy II | Nova,00096872,Chevrolet Nova Sedan 1968-1972 US
Chevrolet,Nova,,,Sedan,,,gen3,1973,三厢车,4935,1839,1369,123169,SD2,1839,1839,1115,170,5274,无可用尺码,,3XL-0,插片指数超上限,50,Nova,00097373,Chevrolet Nova Sedan 1973 US
Chevrolet,Nova,,,Sedan,,,gen3,1974,三厢车,4996,1839,1369,130179,SD2,1839,1839,1115,170,5335,无可用尺码,,3XL-0,插片指数超上限,50,Nova,00097474,Chevrolet Nova Sedan 1974 US
Chevrolet,Nova,,,Sedan,,,gen4,1975,三厢车,4996,1839,1379,136491,SD2,1839,1839,1123,170,5335,无可用尺码,,3XL-0,插片指数超上限,50,Nova,00097575,Chevrolet Nova Sedan 1975 US
Chevrolet,Nova,,,Sedan,,,gen4,1976-1979,三厢车,4996,1834,1361,361939,SD2,1834,1834,1107,167,5330,无可用尺码,,3XL-0,插片指数超上限,47,Nova,00097679,Chevrolet Nova Sedan 1976-1979 US
Chevrolet,Nova,,,Sedan,,,gen5,1985,三厢车,4216,1626,1321,52000,SD1,1187,1301,972,-128,3933,3L,524,,,,Nova,00098585,Chevrolet Nova Sedan 1985 US
Chevrolet,Nova,,,Sedan,,,gen5,1986,三厢车,4224,1636,1346,82000,SD1,1194,1309,996,-124,3950,3L,516,,,,Nova,00098686,Chevrolet Nova Sedan 1986 US
Chevrolet,Nova,,,Sedan,,,gen5,1987-1988,三厢车,4224,1636,1341,52500,SD1,1194,1309,992,-124,3950,3L,516,,,,Nova,00098788,Chevrolet Nova Sedan 1987-1988 US
Chevrolet,Nova,,,Wagon,,,gen1,1962-1963,两厢车,4760,1798,1400,233077,H3,1372,1361,1089,-67,4599,5XL,540,,,,Chevy II,00096263,Chevrolet Nova Wagon 1962-1963 US
Chevrolet,Nova,,,Wagon,,,gen1,1964-1965,两厢车,5019,1798,1400,104830,H3,1372,1361,1089,-67,4840,5XL,281,,,,Chevy II,00096465,Chevrolet Nova Wagon 1964-1965 US
Chevrolet,Nova,,,Wagon,,,gen2,1966-1967,两厢车,4760,1811,1415,92971,H3,1382,1371,1106,-62,4611,5XL,540,,,,Chevy II,00096667,Chevrolet Nova Wagon 1966-1967 US
Chevrolet,Prizm,,,Sedan,,,gen2,1998-2002,三厢车,4425,1694,1364,260374,SD1,1237,1355,1034,-102,4191,3L,315,,,,Prizm,00429802,Chevrolet Prizm Sedan 1998-2002 US
Chevrolet,S-10 Blazer,,2dr 2WD,SUV,,,gen1,1992-1993,越野车,4326,1661,1628,140001,SU2,1163,1379,1185,-114,4038,YM,304,,,,S10 Blazer,00159293,Chevrolet S-10 Blazer 2dr 2WD SUV 1992-1993 US
Chevrolet,S-10 Blazer,,2dr 4WD,SUV,,,gen1,1991-1994,越野车,4326,1661,1633,350000,SU2,1163,1379,1189,-114,4038,YM,304,,,,S10 Blazer,00159194,Chevrolet S-10 Blazer 2dr 4WD SUV 1991-1994 US
Chevrolet,S-10 Blazer,,2dr,SUV,,,gen2,1995,越野车,4437,1722,1608,115000,SU2,1205,1429,1193,-92,4197,YM,193,,,,,00159595,Chevrolet S-10 Blazer 2dr SUV 1995 US
Chevrolet,S-10 Blazer,,2dr,SUV,,,gen2,1996,越野车,4437,1689,1676,123000,SU2,1182,1402,1234,-104,4167,YM,193,,,,,00159696,Chevrolet S-10 Blazer 2dr SUV 1996 US
Chevrolet,S-10 Blazer,,2dr,SUV,,,gen2,1997,越野车,4437,1722,1699,110700,SU2,1205,1429,1265,-92,4197,YM,193,,,,,00159797,Chevrolet S-10 Blazer 2dr SUV 1997 US
Chevrolet,S-10 Blazer,,2dr,SUV,,,gen2,1998-2005,越野车,4503,1722,1656,524500,SU2,1205,1429,1231,-92,4258,YM,127,,,,,00159805,Chevrolet S-10 Blazer 2dr SUV 1998-2005 US
Chevrolet,S-10 Blazer,,4dr 2WD,SUV,,,gen1,1991-1994,越野车,4491,1661,1628,349999,SU2,1163,1379,1185,-114,4191,YM,139,,,,S10 Blazer,00159194,Chevrolet S-10 Blazer 4dr 2WD SUV 1991-1994 US
Chevrolet,S-10 Blazer,,4dr,SUV,,,gen2,1995-2003,越野车,4656,1722,1633,838700,SU2,1205,1429,1213,-92,4400,YL,194,,,,,00159503,Chevrolet S-10 Blazer 4dr SUV 1995-2003 US
Chevrolet,S-10 Blazer,,4dr,SUV,,,gen2,2004,越野车,4669,1722,1641,22500,SU2,1205,1429,1219,-92,4412,YL,181,,,,,00150404,Chevrolet S-10 Blazer 4dr SUV 2004 US
Chevrolet,S-10 Blazer,,,SUV,,,gen1,1983-1984,越野车,4328,1643,1633,140000,SU2,1150,1364,1182,-122,4023,YM,302,,,,S10 Blazer,00158384,Chevrolet S-10 Blazer SUV 1983-1984 US
Chevrolet,S-10 Blazer,,,SUV,,,gen1,1985-1986,越野车,4328,1643,1626,255000,SU2,1150,1364,1176,-122,4023,YM,302,,,,S10 Blazer,00158586,Chevrolet S-10 Blazer SUV 1985-1986 US
Chevrolet,S-10 Blazer,,,SUV,,,gen1,1987,越野车,4318,1651,1626,155000,SU2,1156,1370,1179,-118,4021,YM,312,,,,S10 Blazer,00158787,Chevrolet S-10 Blazer SUV 1987 US
Chevrolet,S-10 Blazer,,,SUV,,,gen1,1988,越野车,4328,1661,1633,165000,SU2,1163,1379,1189,-114,4040,YM,302,,,,S10 Blazer,00158888,Chevrolet S-10 Blazer SUV 1988 US
Chevrolet,S-10 Blazer,,,SUV,,,gen1,1989,越野车,4328,1643,1633,175000,SU2,1150,1364,1182,-122,4023,YM,302,,,,S10 Blazer,00158989,Chevrolet S-10 Blazer SUV 1989 US
Chevrolet,S-10 Blazer,,,SUV,,,gen1,1990,越野车,4326,1661,1628,185000,SU2,1163,1379,1185,-114,4038,YM,304,,,,S10 Blazer,00159090,Chevrolet S-10 Blazer SUV 1990 US
Chevrolet,S10,,4WD,Pickup,Extended,6,gen1,1983-1993,皮卡,4897,1646,1613,244411,P1,1259,1490,1172,-120,4775,PK-S,403,,,,S10,00128393,Chevrolet S10 4WD Pickup 1983-1993 Extended 6 US
Chevrolet,S10,,4WD,Pickup,Regular,6,gen1,1983-1993,皮卡,4526,1646,1613,122206,P1,1259,1490,1172,-120,4419,无可用尺码,,PK-S,超余量,774,S10,00128393,Chevrolet S10 4WD Pickup 1983-1993 Regular 6 US
Chevrolet,S10,,4WD,Pickup,Regular,7.5,gen1,1983-1993,皮卡,4933,1646,1613,122206,P1,1259,1490,1172,-120,4809,PK-S,367,,,,S10,00128393,Chevrolet S10 4WD Pickup 1983-1993 Regular 7.5 US
Chevrolet,S10,,4WD,Pickup,Extended,6,gen2,1994,皮卡,5164,1725,1641,18591,P1,1320,1561,1225,-90,5107,PK-S,136,,,,S10,00129494,Chevrolet S10 4WD Pickup 1994 Extended 6 US
Chevrolet,S10,,4WD,Pickup,Regular,6,gen2,1994,皮卡,4793,1725,1638,9296,P1,1320,1561,1223,-90,4751,PK-S,507,,,,S10,00129494,Chevrolet S10 4WD Pickup 1994 Regular 6 US
Chevrolet,S10,,4WD,Pickup,Regular,7.5,gen2,1994,皮卡,5197,1725,1641,9296,P1,1320,1561,1225,-90,5138,PK-S,103,,,,S10,00129494,Chevrolet S10 4WD Pickup 1994 Regular 7.5 US
Chevrolet,S10,,4WD,Pickup,Regular,7.5,gen2,1995-1997,皮卡,5197,1725,1661,21945,P1,1320,1561,1241,-90,5138,PK-S,103,,,,S10,00129597,Chevrolet S10 4WD Pickup 1995-1997 Regular 7.5 US
Chevrolet,S10,,4WD,Pickup,Extended,6,gen2,1995-1998,皮卡,5164,1725,1623,57015,P1,1320,1561,1211,-90,5107,PK-S,136,,,,S10,00129598,Chevrolet S10 4WD Pickup 1995-1998 Extended 6 US
Chevrolet,S10,,4WD,Pickup,Regular,6,gen2,1995-1998,皮卡,4793,1725,1623,28508,P1,1320,1561,1211,-90,4751,PK-S,507,,,,S10,00129598,Chevrolet S10 4WD Pickup 1995-1998 Regular 6 US
Chevrolet,S10,,4WD,Pickup,Regular,7.5,gen2,1998,皮卡,5197,1725,1651,6563,P1,1320,1561,1233,-90,5138,PK-S,103,,,,S10,00129898,Chevrolet S10 4WD Pickup 1998 Regular 7.5 US
Chevrolet,S10,,4WD,Pickup,Regular,7.5,gen2,1999,皮卡,5235,1725,1636,5581,P1,1320,1561,1221,-90,5175,PK-S,65,,,,S10,00129999,Chevrolet S10 4WD Pickup 1999 Regular 7.5 US
Chevrolet,S10,,4WD,Pickup,Regular,6,gen2,1999-2000,皮卡,4829,1725,1610,11019,P2,1242,1435,1146,-129,4661,PK-S,471,,,,S10,00129900,Chevrolet S10 4WD Pickup 1999-2000 Regular 6 US
Chevrolet,S10,,4WD,Pickup,Extended,6,gen2,1999-2003,皮卡,5202,1725,1610,41346,P2,1242,1435,1146,-129,5011,PK-S,98,,,,S10,00129903,Chevrolet S10 4WD Pickup 1999-2003 Extended 6 US
Chevrolet,S10,,4WD,Pickup,Crew,4.5,gen2,2001-2003,皮卡,5202,1725,1610,77228,P1,1320,1561,1201,-90,5143,PK-S,98,,,,S10,00120103,Chevrolet S10 4WD Pickup 2001-2003 Crew 4.5 US
Chevrolet,S10,,4WD,Pickup,Crew,4.5,gen2,2004,皮卡,5215,1725,1610,35000,P1,1320,1561,1201,-90,5155,PK-S,85,,,,S10,00120404,Chevrolet S10 4WD Pickup 2004 Crew 4.5 US
Chevrolet,S10,,EV,Pickup,Regular,6,gen2,1997,皮卡,4798,1722,1585,6750,P1,1317,1558,1180,-92,4753,PK-S,502,,,,S10,00129797,Chevrolet S10 EV Pickup 1997 Regular 6 US
Chevrolet,S10,,EV,Pickup,Regular,6,gen2,1998,皮卡,4846,1735,1585,6562,P1,1327,1570,1185,-86,4811,PK-S,454,,,,S10,00129898,Chevrolet S10 EV Pickup 1998 Regular 6 US
Chevrolet,S10,,,Pickup,Regular,6,gen1,1982-1990,皮卡,4526,1646,1557,460882,P1,1259,1490,1128,-120,4419,无可用尺码,,PK-S,超余量,774,S10,00128290,Chevrolet S10 Pickup 1982-1990 Regular 6 US
Chevrolet,S10,,,Pickup,Regular,7.5,gen1,1982-1990,皮卡,4933,1646,1557,460882,P1,1259,1490,1128,-120,4809,PK-S,367,,,,S10,00128290,Chevrolet S10 Pickup 1982-1990 Regular 7.5 US
Chevrolet,S10,,,Pickup,Extended,6,gen1,1983-1990,皮卡,4897,1646,1557,831766,P1,1259,1490,1128,-120,4775,PK-S,403,,,,S10,00128390,Chevrolet S10 Pickup 1983-1990 Extended 6 US
Chevrolet,S10,,,Pickup,Extended,6,gen1,1991,皮卡,4897,1643,1613,111176,P1,1257,1487,1171,-122,4772,PK-S,403,,,,S10,00129191,Chevrolet S10 Pickup 1991 Extended 6 US
Chevrolet,S10,,,Pickup,Regular,6,gen1,1991,皮卡,4526,1643,1565,55588,P1,1257,1487,1133,-122,4416,无可用尺码,,PK-S,超余量,774,S10,00129191,Chevrolet S10 Pickup 1991 Regular 6 US
Chevrolet,S10,,,Pickup,Regular,7.5,gen1,1991,皮卡,4933,1643,1565,55588,P1,1257,1487,1133,-122,4806,PK-S,367,,,,S10,00129191,Chevrolet S10 Pickup 1991 Regular 7.5 US
Chevrolet,S10,,,Pickup,Extended,6,gen1,1992-1993,皮卡,4897,1643,1557,197647,P1,1257,1487,1127,-122,4772,PK-S,403,,,,S10,00129293,Chevrolet S10 Pickup 1992-1993 Extended 6 US
Chevrolet,S10,,,Pickup,Regular,6,gen1,1992-1993,皮卡,4526,1643,1557,98824,P1,1257,1487,1127,-122,4416,无可用尺码,,PK-S,超余量,774,S10,00129293,Chevrolet S10 Pickup 1992-1993 Regular 6 US
Chevrolet,S10,,,Pickup,Regular,7.5,gen1,1992-1993,皮卡,4933,1643,1557,98824,P1,1257,1487,1127,-122,4806,PK-S,367,,,,S10,00129293,Chevrolet S10 Pickup 1992-1993 Regular 7.5 US
Chevrolet,S10,,,Pickup,Extended,6,gen2,1994,皮卡,5164,1725,1572,86761,P1,1320,1561,1171,-90,5107,PK-S,136,,,,S10,00129494,Chevrolet S10 Pickup 1994 Extended 6 US
Chevrolet,S10,,,Pickup,Regular,6,gen2,1994,皮卡,4793,1725,1600,43380,P1,1320,1561,1193,-90,4751,PK-S,507,,,,S10,00129494,Chevrolet S10 Pickup 1994 Regular 6 US
Chevrolet,S10,,,Pickup,Regular,7.5,gen2,1994,皮卡,5197,1725,1618,43380,P1,1320,1561,1207,-90,5138,PK-S,103,,,,S10,00129494,Chevrolet S10 Pickup 1994 Regular 7.5 US
Chevrolet,S10,,,Pickup,Extended,6,gen2,1995-1997,皮卡,5164,1725,1580,204818,P1,1320,1561,1177,-90,5107,PK-S,136,,,,S10,00129597,Chevrolet S10 Pickup 1995-1997 Extended 6 US
Chevrolet,S10,,,Pickup,Regular,6,gen2,1995-1997,皮卡,4793,1725,1577,102409,P1,1320,1561,1175,-90,4751,PK-S,507,,,,S10,00129597,Chevrolet S10 Pickup 1995-1997 Regular 6 US
Chevrolet,S10,,,Pickup,Regular,7.5,gen2,1995-1997,皮卡,5197,1725,1577,102409,P1,1320,1561,1175,-90,5138,PK-S,103,,,,S10,00129597,Chevrolet S10 Pickup 1995-1997 Regular 7.5 US
Chevrolet,S10,,,Pickup,Extended,6,gen2,1998,皮卡,5164,1725,1608,61250,P1,1320,1561,1199,-90,5107,PK-S,136,,,,S10,00129898,Chevrolet S10 Pickup 1998 Extended 6 US
Chevrolet,S10,,,Pickup,Regular,6,gen2,1998,皮卡,4790,1725,1605,30625,P1,1320,1561,1197,-90,4748,PK-S,510,,,,S10,00129898,Chevrolet S10 Pickup 1998 Regular 6 US
Chevrolet,S10,,,Pickup,Regular,7.5,gen2,1998,皮卡,5197,1725,1608,30625,P1,1320,1561,1199,-90,5138,PK-S,103,,,,S10,00129898,Chevrolet S10 Pickup 1998 Regular 7.5 US
Chevrolet,S10,,,Pickup,Extended,6,gen2,1999-2001,皮卡,5202,1725,1593,138882,P1,1320,1561,1187,-90,5143,PK-S,98,,,,S10,00129901,Chevrolet S10 Pickup 1999-2001 Extended 6 US
Chevrolet,S10,,,Pickup,Regular,6,gen2,1999-2003,皮卡,4829,1725,1575,96471,P1,1320,1561,1173,-90,4785,PK-S,471,,,,S10,00129903,Chevrolet S10 Pickup 1999-2003 Regular 6 US
Chevrolet,S10,,,Pickup,Regular,7.5,gen2,1999-2003,皮卡,5235,1725,1598,96471,P1,1320,1561,1191,-90,5175,PK-S,65,,,,S10,00129903,Chevrolet S10 Pickup 1999-2003 Regular 7.5 US
Chevrolet,S10,,,Pickup,Extended,6,gen2,2002,皮卡,5235,1725,1593,30495,P1,1320,1561,1187,-90,5175,PK-S,65,,,,S10,00120202,Chevrolet S10 Pickup 2002 Extended 6 US
Chevrolet,S10,,,Pickup,Extended,6,gen2,2003,皮卡,5202,1725,1593,23564,P1,1320,1561,1187,-90,5143,PK-S,98,,,,S10,00120303,Chevrolet S10 Pickup 2003 Extended 6 US
Chevrolet,S10,,Xtreme,Pickup,Extended,6,gen2,1999-2000,皮卡,5199,1725,1593,22038,P1,1320,1561,1187,-90,5140,PK-S,101,,,,S10,00129900,Chevrolet S10 Xtreme Pickup 1999-2000 Extended 6 US
Chevrolet,S10,,Xtreme,Pickup,Regular,6,gen2,1999-2003,皮卡,4829,1725,1577,20671,P1,1320,1561,1175,-90,4785,PK-S,471,,,,S10,00129903,Chevrolet S10 Xtreme Pickup 1999-2003 Regular 6 US
Chevrolet,S10,,Xtreme,Pickup,Extended,6,gen2,2001-2003,皮卡,5215,1725,1593,19308,P1,1320,1561,1187,-90,5155,PK-S,85,,,,S10,00120103,Chevrolet S10 Xtreme Pickup 2001-2003 Extended 6 US
Chevrolet,S10,,ZR2,Pickup,Regular,6,gen2,1994,皮卡,4793,1826,1714,9296,P2,1315,1519,1265,-92,4722,PK-S,507,,,,S10,00129494,Chevrolet S10 ZR2 Pickup 1994 Regular 6 US
Chevrolet,S10,,ZR2,Pickup,Extended,6,gen2,1995-1997,皮卡,5164,1826,1697,43889,P2,1315,1519,1252,-92,5071,PK-S,136,,,,S10,00129597,Chevrolet S10 ZR2 Pickup 1995-1997 Extended 6 US
Chevrolet,S10,,ZR2,Pickup,Regular,6,gen2,1995-1997,皮卡,4793,1826,1697,21945,P2,1315,1519,1252,-92,4722,PK-S,507,,,,S10,00129597,Chevrolet S10 ZR2 Pickup 1995-1997 Regular 6 US
Chevrolet,S10,,ZR2,Pickup,Extended,6,gen2,1998,皮卡,5202,1725,1610,13125,P2,1242,1435,1146,-129,5011,PK-S,98,,,,S10,00129898,Chevrolet S10 ZR2 Pickup 1998 Extended 6 US
Chevrolet,S10,,ZR2,Pickup,Regular,6,gen2,1998-1999,皮卡,4829,1826,1633,12143,P2,1315,1519,1203,-92,4756,PK-S,471,,,,S10,00129899,Chevrolet S10 ZR2 Pickup 1998-1999 Regular 6 US
Chevrolet,S10,,ZR2,Pickup,Extended,6,gen2,1999,皮卡,5199,1826,1633,11163,P2,1315,1519,1203,-92,5104,PK-S,101,,,,S10,00129999,Chevrolet S10 ZR2 Pickup 1999 Extended 6 US
Chevrolet,S10,,ZR2,Pickup,Extended,6,gen2,2000,皮卡,5199,1826,1610,10875,P2,1315,1519,1185,-92,5104,PK-S,101,,,,S10,00120000,Chevrolet S10 ZR2 Pickup 2000 Extended 6 US
Chevrolet,S10,,ZR2,Pickup,Extended,6,gen2,2001,皮卡,5207,1727,1600,7723,P2,1243,1437,1140,-128,5018,PK-S,93,,,,S10,00120101,Chevrolet S10 ZR2 Pickup 2001 Extended 6 US
Chevrolet,S10,,ZR2,Pickup,Extended,6,gen2,2002-2003,皮卡,5215,1725,1687,11584,P2,1242,1435,1205,-129,5024,PK-S,85,,,,S10,00120203,Chevrolet S10 ZR2 Pickup 2002-2003 Extended 6 US
Chevrolet,SS,,,Sedan,,,gen1,2014-2017,三厢车,4966,1897,1471,12442,SD1,1385,1518,1203,-24,4883,3XL-0,84,,,,SS,00541417,Chevrolet SS Sedan 2014-2017 US
Chevrolet,SSR,,,Pickup,Regular,4.1,gen1,2003-2005,皮卡,4862,1996,1631,20704,P1,1527,1806,1324,14,5077,PK-S,438,,,,SSR,00520305,Chevrolet SSR Pickup 2003-2005 Regular 4.1 US
Chevrolet,SSR,,,Pickup,Regular,4.1,gen1,2006,皮卡,4864,1996,1621,2718,P1,1527,1806,1316,14,5079,PK-S,436,,,,SSR,00520606,Chevrolet SSR Pickup 2006 Regular 4.1 US
Chevrolet,Silverado 1500,,,Pickup,Regular,8,gen1,1999,皮卡,5639,1994,1803,90879,P0,1382,1699,1459,-59,5675,PK-L,261,,,,Silverado 1500,00019999,Chevrolet Silverado 1500 Pickup 1999 Regular 8 US
Chevrolet,Silverado 1500,,,Pickup,Extended,8,gen1,1999-2004,皮卡,6266,1994,1872,1010988,P0,1382,1699,1514,-59,6264,PK-XXL-645,184,,,,Silverado 1500 | Silverado 1500 HD,00019904,Chevrolet Silverado 1500 Pickup 1999-2004 Extended 8 US
Chevrolet,Silverado 1500,,,Pickup,Extended,6.5,gen1,1999-2006,皮卡,5784,1994,1877,2255376,P0,1382,1699,1518,-59,5811,PK-L,116,,,,Silverado 1500 | Silverado 1500 HD,00019906,Chevrolet Silverado 1500 Pickup 1999-2006 Extended 6.5 US
Chevrolet,Silverado 1500,,,Pickup,Regular,8,gen1,2000-2004,皮卡,5644,1994,1803,414615,P0,1382,1699,1459,-59,5680,PK-L,256,,,,Silverado 1500 | Silverado 1500 HD,00010004,Chevrolet Silverado 1500 Pickup 2000-2004 Regular 8 US
Chevrolet,Silverado 1500,,,Pickup,Crew,5.8,gen1,2004,皮卡,5847,1994,1905,473578,P0,1382,1699,1540,-59,5871,PK-L,53,,,,Silverado 1500,00010404,Chevrolet Silverado 1500 Pickup 2004 Crew 5.8 US
Chevrolet,Silverado 1500,,,Pickup,Crew,5.8,gen1,2005,皮卡,5738,1994,1905,491117,P0,1382,1699,1540,-59,5768,PK-L,162,,,,Silverado 1500 | Silverado 1500 HD,00010505,Chevrolet Silverado 1500 Pickup 2005 Crew 5.8 US
Chevrolet,Silverado 1500,,,Pickup,Extended,8,gen1,2005-2006,皮卡,6325,1994,1877,116700,P0,1382,1699,1518,-59,6320,PK-XXL-645,125,,,,Silverado 1500 | Silverado 1500 HD,00010506,Chevrolet Silverado 1500 Pickup 2005-2006 Extended 8 US
Chevrolet,Silverado 1500,,,Pickup,Regular,8,gen1,2005-2006,皮卡,5702,1994,1803,58350,P0,1382,1699,1459,-59,5734,PK-L,198,,,,Silverado 1500 | Silverado 1500 HD,00010506,Chevrolet Silverado 1500 Pickup 2005-2006 Regular 8 US
Chevrolet,Silverado 1500,,,Pickup,Crew,5.8,gen1,2006,皮卡,5847,1994,1905,442483,P0,1382,1699,1540,-59,5871,PK-L,53,,,,Silverado 1500 | Silverado 1500 HD,00010606,Chevrolet Silverado 1500 Pickup 2006 Crew 5.8 US
Chevrolet,Silverado 1500,,,Pickup,Crew,5.8,gen2,2007-2008,皮卡,5839,2029,1872,693326,P0,1406,1729,1527,-47,5896,PK-L,61,,,,Silverado 1500 | Silverado 1500 Classic | Silverado 1500 HD Classic,00010708,Chevrolet Silverado 1500 Pickup 2007-2008 Crew 5.8 US
Chevrolet,Silverado 1500,,,Pickup,Extended,6.5,gen2,2007-2008,皮卡,5839,2029,1872,173331,P0,1406,1729,1527,-47,5896,PK-L,61,,,,Silverado 1500 | Silverado 1500 Classic | Silverado 1500 HD Classic,00010708,Chevrolet Silverado 1500 Pickup 2007-2008 Extended 6.5 US
Chevrolet,Silverado 1500,,,Pickup,Extended,8,gen2,2007-2013,皮卡,6320,2029,1869,249294,P0,1406,1729,1525,-47,6348,PK-XXL-645,130,,,,Silverado 1500 | Silverado 1500 Classic | Silverado 1500 HD Classic,00010713,Chevrolet Silverado 1500 Pickup 2007-2013 Extended 8 US
Chevrolet,Silverado 1500,,,Pickup,Regular,6.6,gen2,2007-2013,皮卡,5222,2029,1869,249292,P0,1406,1729,1525,-47,5316,PK-S,78,,,,Silverado 1500 | Silverado 1500 Classic | Silverado 1500 HD Classic,00010713,Chevrolet Silverado 1500 Pickup 2007-2013 Regular 6.6 US
Chevrolet,Silverado 1500,,,Pickup,Regular,8,gen2,2007-2013,皮卡,5702,2029,1867,124646,P0,1406,1729,1524,-47,5767,PK-L,198,,,,Silverado 1500 | Silverado 1500 Classic | Silverado 1500 HD Classic,00010713,Chevrolet Silverado 1500 Pickup 2007-2013 Regular 8 US
Chevrolet,Silverado 1500,,,Pickup,Crew,5.8,gen2,2009-2013,皮卡,5847,2032,1872,1301012,P0,1408,1731,1529,-46,5906,PK-L,53,,,,Silverado 1500,00010913,Chevrolet Silverado 1500 Pickup 2009-2013 Crew 5.8 US
Chevrolet,Silverado 1500,,,Pickup,Extended,6.5,gen2,2009-2013,皮卡,5847,2029,1877,325253,P0,1406,1729,1531,-47,5903,PK-L,53,,,,Silverado 1500,00010913,Chevrolet Silverado 1500 Pickup 2009-2013 Extended 6.5 US
Chevrolet,Silverado 1500,,,Pickup,Crew,5.8,gen3,2014-2018,皮卡,5842,2032,1885,1484706,P0,1408,1731,1539,-46,5902,PK-L,58,,,,Silverado 1500,00011418,Chevrolet Silverado 1500 Pickup 2014-2018 Crew 5.8 US
Chevrolet,Silverado 1500,,,Pickup,Double,6.6,gen3,2014-2018,皮卡,5842,2032,1877,1113531,P0,1408,1731,1533,-46,5902,PK-L,58,,,,Silverado 1500,00011418,Chevrolet Silverado 1500 Pickup 2014-2018 Double 6.6 US
Chevrolet,Silverado 1500,,,Pickup,Regular,6.6,gen3,2014-2018,皮卡,5222,2032,1880,185589,P0,1408,1731,1535,-46,5319,PK-S,78,,,,Silverado 1500,00011418,Chevrolet Silverado 1500 Pickup 2014-2018 Regular 6.6 US
Chevrolet,Silverado 1500,,,Pickup,Regular,8,gen3,2014-2018,皮卡,5700,2032,1880,92794,P0,1408,1731,1535,-46,5768,PK-L,200,,,,Silverado 1500,00011418,Chevrolet Silverado 1500 Pickup 2014-2018 Regular 8 US
Chevrolet,Silverado 1500,,,Pickup,Crew,5.8,gen4,2019-2026,皮卡,5890,2062,1918,1940022,P0,1429,1757,1577,-36,5975,PK-L,10,,,,Silverado 1500 | Silverado 1500 LD | Silverado 1500 LTD | Silverado 1500 Nueva,00011926,Chevrolet Silverado 1500 Pickup 2019-2026 Crew 5.8 US
Chevrolet,Silverado 1500,,,Pickup,Double,6.6,gen4,2019-2026,皮卡,5890,2062,1920,1455015,P0,1429,1757,1578,-36,5975,PK-L,10,,,,Silverado 1500 | Silverado 1500 LD | Silverado 1500 LTD | Silverado 1500 Nueva,00011926,Chevrolet Silverado 1500 Pickup 2019-2026 Double 6.6 US
Chevrolet,Silverado 1500,,,Pickup,Regular,8,gen4,2019-2026,皮卡,5834,2060,1920,121251,P0,1428,1755,1578,-36,5920,PK-L,66,,,,Silverado 1500 | Silverado 1500 LD | Silverado 1500 LTD | Silverado 1500 Nueva,00011926,Chevrolet Silverado 1500 Pickup 2019-2026 Regular 8 US
Chevrolet,Silverado 1500,,,Pickup,Regular,6.6,gen4,2022-2026,皮卡,5357,2060,1925,129966,P0,1428,1755,1581,-36,5472,PK-L,543,,,,Silverado 1500 | Silverado 1500 LTD | Silverado 1500 Nueva,00012226,Chevrolet Silverado 1500 Pickup 2022-2026 Regular 6.6 US
Chevrolet,Silverado 1500,,Trail Boss,Pickup,Crew,5.8,gen4,2021-2026,皮卡,5916,2062,1999,277752,P0,1429,1757,1641,-36,5999,PK-XL,284,,,,Silverado 1500 | Silverado 1500 LTD | Silverado 1500 Nueva,00012126,Chevrolet Silverado 1500 Trail Boss Pickup 2021-2026 Crew 5.8 US
Chevrolet,Silverado 1500HD,,Classic,Pickup,Crew,6.6,gen1,2007,皮卡,6088,2024,1956,49500,P0,1403,1724,1592,-48,6125,PK-XL,112,,,,Silverado 1500 HD Classic,00390707,Chevrolet Silverado 1500HD Classic Pickup 2007 Crew 6.6 US
Chevrolet,Silverado 1500HD,,,Pickup,Crew,6.6,gen1,2001-2003,皮卡,6025,2024,1935,164200,P0,1403,1724,1575,-48,6066,PK-XL,175,,,,Silverado 1500 HD,00390103,Chevrolet Silverado 1500HD Pickup 2001-2003 Crew 6.6 US
Chevrolet,Silverado 1500HD,,,Pickup,Crew,6.6,gen1,2005,皮卡,6025,2009,1963,56500,P0,1392,1712,1591,-54,6052,PK-XL,175,,,,Silverado 1500 HD,00390505,Chevrolet Silverado 1500HD Pickup 2005 Crew 6.6 US
Chevrolet,Silverado 1500HD,,,Pickup,Crew,6.6,gen1,2006,皮卡,6088,2024,1956,50900,P0,1403,1724,1592,-48,6125,PK-XL,112,,,,Silverado 1500 HD,00390606,Chevrolet Silverado 1500HD Pickup 2006 Crew 6.6 US
Chevrolet,Silverado 2500HD/3500HD,,DRW,Pickup,Crew,8,gen3,2015-2018,皮卡,6563,2459,2032,26805,DUAL,1537,1837,1628,18,6746,无可用尺码,,PK-XXL-645,超长,113,Silverado 2500 HD | Silverado 3500 HD,00161518,Chevrolet Silverado 2500HD/3500HD DRW Pickup 2015-2018 Crew 8 US
Chevrolet,Silverado 2500HD/3500HD,,DRW,Pickup,Crew,8,gen3,2019,皮卡,6563,2438,1976,9988,DUAL,1524,1821,1579,12,6727,无可用尺码,,PK-XXL-645,超长,113,Silverado 2500 HD | Silverado 3500 HD,00161919,Chevrolet Silverado 2500HD/3500HD DRW Pickup 2019 Crew 8 US
Chevrolet,Silverado 2500HD/3500HD,,DRW,Pickup,Crew,8,gen4,2020-2023,皮卡,6756,2459,2032,25382,DUAL,1537,1837,1628,18,6923,无可用尺码,,PK-XXL-645,超长,306,Silverado 2500 HD | Silverado 3500 HD,00162023,Chevrolet Silverado 2500HD/3500HD DRW Pickup 2020-2023 Crew 8 US
Chevrolet,Silverado 2500HD/3500HD,,DRW,Pickup,Crew,8,gen4,2024,皮卡,6756,2459,2050,8580,DUAL,1537,1837,1641,18,6923,无可用尺码,,PK-XXL-645,超长,306,Silverado 2500 HD | Silverado 3500 HD,00162424,Chevrolet Silverado 2500HD/3500HD DRW Pickup 2024 Crew 8 US
Chevrolet,Silverado 2500HD/3500HD,,DRW,Pickup,Crew,8,gen4,2025,皮卡,6756,2459,2032,13179,DUAL,1537,1837,1628,18,6923,无可用尺码,,PK-XXL-645,超长,306,Silverado 2500 HD | Silverado 3500 HD,00162525,Chevrolet Silverado 2500HD/3500HD DRW Pickup 2025 Crew 8 US
Chevrolet,Silverado 2500HD/3500HD,,DRW,Pickup,Crew,8,gen4,2026,皮卡,6756,2459,2050,6208,DUAL,1537,1837,1641,18,6923,无可用尺码,,PK-XXL-645,超长,306,Silverado 2500 HD | Silverado 3500 HD,00162626,Chevrolet Silverado 2500HD/3500HD DRW Pickup 2026 Crew 8 US
Chevrolet,Silverado 2500HD/3500HD,,,Pickup,Crew,8,gen1,2001-2006,皮卡,6566,2029,1958,756445,P1,1552,1836,1595,26,6743,无可用尺码,,PK-XXL-645,超长,116,Silverado 2500 HD,00160106,Chevrolet Silverado 2500HD/3500HD Pickup 2001-2006 Crew 8 US
Chevrolet,Silverado 2500HD/3500HD,,,Pickup,Regular,8,gen1,2001-2006,皮卡,5702,2024,1948,94555,P1,1548,1832,1585,24,5909,PK-L,198,,,,Silverado 2500 HD,00160106,Chevrolet Silverado 2500HD/3500HD Pickup 2001-2006 Regular 8 US
Chevrolet,Silverado 2500HD/3500HD,,,Pickup,Crew,8,gen1,2007,皮卡,6571,2029,1958,115556,DUAL,1268,1516,1417,-116,6360,无可用尺码,,PK-XXL-645,超长,121,Silverado 2500 HD | Silverado 2500 HD Classic | Silverado 3500 HD,00160707,Chevrolet Silverado 2500HD/3500HD Pickup 2007 Crew 8 US
Chevrolet,Silverado 2500HD/3500HD,,,Pickup,Regular,8,gen1,2007,皮卡,5707,2029,1948,14444,P1,1552,1836,1587,26,5919,PK-L,193,,,,Silverado 2500 HD | Silverado 2500 HD Classic | Silverado 3500 HD,00160707,Chevrolet Silverado 2500HD/3500HD Pickup 2007 Regular 8 US
Chevrolet,Silverado 2500HD/3500HD,,,Pickup,Crew,6.5,gen2,2008-2012,皮卡,6101,2032,1989,267520,DUAL,1270,1518,1441,-115,5934,PK-XL,99,,,,Silverado 2500 HD | Silverado 3500 HD,00160812,Chevrolet Silverado 2500HD/3500HD Pickup 2008-2012 Crew 6.5 US
Chevrolet,Silverado 2500HD/3500HD,,,Pickup,Crew,8,gen2,2008-2014,皮卡,6581,2032,1979,201600,DUAL,1270,1518,1433,-115,6372,无可用尺码,,PK-XXL-645,超长,131,Silverado 2500 HD | Silverado 3500 HD,00160814,Chevrolet Silverado 2500HD/3500HD Pickup 2008-2014 Crew 8 US
Chevrolet,Silverado 2500HD/3500HD,,,Pickup,Regular,8,gen2,2008-2014,皮卡,5715,2032,1971,25200,P1,1554,1839,1607,27,5929,PK-L,185,,,,Silverado 2500 HD | Silverado 3500 HD,00160814,Chevrolet Silverado 2500HD/3500HD Pickup 2008-2014 Regular 8 US
Chevrolet,Silverado 2500HD/3500HD,,,Pickup,Crew,6.5,gen2,2013,皮卡,6101,2032,1966,64640,P1,1554,1839,1603,27,6300,PK-XL,99,,,,Silverado 2500 HD | Silverado 3500 HD,00161313,Chevrolet Silverado 2500HD/3500HD Pickup 2013 Crew 6.5 US
Chevrolet,Silverado 2500HD/3500HD,,,Pickup,Crew,6.5,gen2,2014,皮卡,6101,2032,1984,71040,P1,1554,1839,1617,27,6300,PK-XL,99,,,,Silverado 2500 HD | Silverado 3500 HD,00161414,Chevrolet Silverado 2500HD/3500HD Pickup 2014 Crew 6.5 US
Chevrolet,Silverado 2500HD/3500HD,,,Pickup,Double,6.8,gen3,2015-2017,皮卡,5842,2045,1984,122569,P1,1564,1851,1622,32,6064,PK-L,58,,,,Silverado 2500 HD | Silverado 3500 HD,00161517,Chevrolet Silverado 2500HD/3500HD Pickup 2015-2017 Double 6.8 US
Chevrolet,Silverado 2500HD/3500HD,,,Pickup,Crew,6.5,gen3,2015-2019,皮卡,6083,2045,1991,343400,P1,1564,1851,1628,32,6295,PK-XL,117,,,,Silverado 2500 HD | Silverado 3500 HD,00161519,Chevrolet Silverado 2500HD/3500HD Pickup 2015-2019 Crew 6.5 US
Chevrolet,Silverado 2500HD/3500HD,,,Pickup,Double,8,gen3,2015-2019,皮卡,6322,2045,1984,128775,P1,1564,1851,1622,32,6524,PK-XXL-645,128,,,,Silverado 2500 HD | Silverado 3500 HD,00161519,Chevrolet Silverado 2500HD/3500HD Pickup 2015-2019 Double 8 US
Chevrolet,Silverado 2500HD/3500HD,,,Pickup,Regular,8,gen3,2015-2019,皮卡,5700,2035,1979,21463,DUAL,1272,1520,1434,-114,5570,PK-L,200,,,,Silverado 2500 HD | Silverado 3500 HD,00161519,Chevrolet Silverado 2500HD/3500HD Pickup 2015-2019 Regular 8 US
Chevrolet,Silverado 2500HD/3500HD,,,Pickup,Double,6.8,gen4,2020-2024,皮卡,6109,2080,2032,237732,P1,1591,1882,1674,46,6353,PK-XL,91,,,,Silverado 2500 HD | Silverado 3500 HD,00162024,Chevrolet Silverado 2500HD/3500HD Pickup 2020-2024 Double 6.8 US
Chevrolet,Silverado 2500HD/3500HD,,,Pickup,Crew,6.8,gen4,2020-2026,皮卡,6350,2080,2055,497917,P1,1591,1882,1692,46,6584,PK-XXL-645,100,,,,Silverado 2500 HD | Silverado 3500 HD,00162026,Chevrolet Silverado 2500HD/3500HD Pickup 2020-2026 Crew 6.8 US
Chevrolet,Silverado 2500HD/3500HD,,,Pickup,Double,8,gen4,2020-2026,皮卡,6515,2080,2055,186719,P1,1591,1882,1692,46,6743,无可用尺码,,PK-XXL-645,超长,65,Silverado 2500 HD | Silverado 3500 HD,00162026,Chevrolet Silverado 2500HD/3500HD Pickup 2020-2026 Double 8 US
Chevrolet,Silverado 2500HD/3500HD,,,Pickup,Regular,8,gen4,2020-2026,皮卡,5984,2078,2055,31119,P1,1590,1881,1691,45,6231,PK-XL,216,,,,Silverado 2500 HD | Silverado 3500 HD,00162026,Chevrolet Silverado 2500HD/3500HD Pickup 2020-2026 Regular 8 US
Chevrolet,Silverado EV,,,Pickup,Crew,5.9,gen1,2024-2026,皮卡,5921,2129,1999,22375,P0,1475,1814,1667,-12,6067,PK-XL,279,,,,Silverado EV,00532426,Chevrolet Silverado EV Pickup 2024-2026 Crew 5.9 US
Chevrolet,Sonic,,,Hatchback,,,gen1,2012-2020,两厢车,4059,1735,1516,232978,H0,1246,1270,1181,-121,3830,2L,81,,,,Sonic,00351220,Chevrolet Sonic Hatchback 2012-2020 US
Chevrolet,Sonic,,,Sedan,,,gen1,2012-2020,三厢车,4397,1735,1516,232973,SD1,1267,1388,1173,-86,4203,3L,343,,,,Sonic,00351220,Chevrolet Sonic Sedan 2012-2020 US
Chevrolet,Spark,,,Hatchback,,,gen1,2013-2015,两厢车,3675,1598,1549,106142,H0,1147,1170,1152,-171,3351,2L,465,,,,Spark | Spark EV,00401315,Chevrolet Spark Hatchback 2013-2015 US
Chevrolet,Spark,,,Hatchback,,,gen2,2016-2022,两厢车,3635,1595,1483,184630,H0,1145,1168,1097,-172,3312,2L,505,,,,Spark | Spark Classic | Spark EV,00401622,Chevrolet Spark Hatchback 2016-2022 US
Chevrolet,Suburban,,,SUV,,,gen1,1935-1940,越野车,4371,1829,1900,35000,SU2,1280,1518,1465,-50,4235,YM,259,,,,,00133540,Chevrolet Suburban SUV 1935-1940 US
Chevrolet,Suburban,,,SUV,,,gen2,1941,越野车,5029,1905,1930,6500,SU2,1334,1581,1519,-21,4914,无可用尺码,,YXL,超长,9,,00134141,Chevrolet Suburban SUV 1941 US
Chevrolet,Suburban,,,SUV,,,gen2,1946,越野车,5029,1905,1930,8000,SU2,1334,1581,1519,-21,4914,无可用尺码,,YXL,超长,9,,00134646,Chevrolet Suburban SUV 1946 US
Chevrolet,Suburban,,,SUV,,,gen3,1947-1954,越野车,4826,1930,1905,123000,SU2,1351,1602,1509,-12,4749,YL,24,,,,,00134754,Chevrolet Suburban SUV 1947-1954 US
Chevrolet,Suburban,,,SUV,,,gen4,1955-1959,越野车,5042,1951,1808,130000,SU2,1366,1619,1441,-4,4969,无可用尺码,,YXL,超长,22,,00135559,Chevrolet Suburban SUV 1955-1959 US
Chevrolet,Suburban,,,SUV,,,gen5,1960-1966,越野车,5088,1966,1816,252000,SU2,1376,1632,1453,2,5025,无可用尺码,,YXL,超长,68,,00136066,Chevrolet Suburban SUV 1960-1966 US
Chevrolet,Suburban,,,SUV,,,gen6,1967-1969,越野车,5240,1981,1829,138000,SU2,1387,1644,1469,8,5179,无可用尺码,,YXL,超长,220,,00136769,Chevrolet Suburban SUV 1967-1969 US
Chevrolet,Suburban,,,SUV,,,gen6,1970-1972,越野车,5461,1981,1829,158000,SU2,1387,1644,1469,8,5384,无可用尺码,,YXL,超长,441,,00137072,Chevrolet Suburban SUV 1970-1972 US
Chevrolet,Suburban,,,SUV,,,gen7,1973-1980,越野车,5565,2022,1880,446000,SU2,1415,1678,1525,23,5518,无可用尺码,,YXL,超长,545,C10 Suburban | C20 Suburban | K10 Suburban | K20 Suburban,00137380,Chevrolet Suburban SUV 1973-1980 US
Chevrolet,Suburban,,,SUV,,,gen7,1981,越野车,5563,2007,1880,42000,SU2,1405,1666,1519,18,5502,无可用尺码,,YXL,超长,543,C10 Suburban | C20 Suburban | K10 Suburban | K20 Suburban,00138181,Chevrolet Suburban SUV 1981 US
Chevrolet,Suburban,,,SUV,,,gen7,1982-1989,越野车,5565,1930,1880,418000,SU2,1351,1602,1489,-12,5433,无可用尺码,,YXL,超长,545,C10 Suburban | C20 Suburban | K10 Suburban | K20 Suburban | R10 Suburban | R1500 Suburban | R20 Suburban | R2500 Suburban | Suburban | V10 Suburban | V1500 Suburban | V20 Suburban | V2500 Suburban,00138289,Chevrolet Suburban SUV 1982-1989 US
Chevrolet,Suburban,,,SUV,,,gen7,1990-1991,越野车,5565,2022,1829,118000,SU2,1415,1678,1485,23,5518,无可用尺码,,YXL,超长,545,R1500 Suburban | R2500 Suburban | Suburban | V1500 Suburban | V2500 Suburban,00139091,Chevrolet Suburban SUV 1990-1991 US
Chevrolet,Suburban,,,SUV,,,gen8,1992,越野车,5560,1941,1748,65000,SU2,1359,1611,1389,-8,5438,无可用尺码,,YXL,超长,540,C1500 Suburban | C2500 Suburban | K1500 Suburban | K2500 Suburban | Suburban,00139292,Chevrolet Suburban SUV 1992 US
Chevrolet,Suburban,,,SUV,,,gen8,1993-1994,越野车,5575,1941,1748,145000,SU2,1359,1611,1389,-8,5452,无可用尺码,,YXL,超长,555,C1500 Suburban | C2500 Suburban | K1500 Suburban | K2500 Suburban | Suburban,00139394,Chevrolet Suburban SUV 1993-1994 US
Chevrolet,Suburban,,,SUV,,,gen8,1995,越野车,5588,1948,1826,78000,SU2,1364,1617,1454,-5,5471,无可用尺码,,YXL,超长,568,C1500 Suburban | C2500 Suburban | K1500 Suburban | K2500 Suburban | Suburban 1500,00139595,Chevrolet Suburban SUV 1995 US
Chevrolet,Suburban,,,SUV,,,gen8,1996,越野车,5588,1948,1836,80000,SU2,1364,1617,1461,-5,5471,无可用尺码,,YXL,超长,568,C1500 Suburban | C2500 Suburban | K1500 Suburban | K2500 Suburban | Suburban 1500,00139696,Chevrolet Suburban SUV 1996 US
Chevrolet,Suburban,,,SUV,,,gen8,1997,越野车,5575,1948,1869,82000,SU2,1364,1617,1487,-5,5459,无可用尺码,,YXL,超长,555,C1500 Suburban | C2500 Suburban | K1500 Suburban | K2500 Suburban | Suburban 1500,00139797,Chevrolet Suburban SUV 1997 US
Chevrolet,Suburban,,,SUV,,,gen8,1998,越野车,5575,1948,1854,85000,SU2,1364,1617,1476,-5,5459,无可用尺码,,YXL,超长,555,C1500 Suburban | C2500 Suburban | K1500 Suburban | K2500 Suburban | Suburban 1500,00139898,Chevrolet Suburban SUV 1998 US
Chevrolet,Suburban,,,SUV,,,gen8,1999,越野车,5575,1948,1882,88000,SU2,1364,1617,1498,-5,5459,无可用尺码,,YXL,超长,555,C1500 Suburban | C2500 Suburban | K1500 Suburban | K2500 Suburban | Suburban 1500,00139999,Chevrolet Suburban SUV 1999 US
Chevrolet,Suburban,,,SUV,,,gen9,2000,越野车,5570,2027,1890,90000,SU2,1419,1682,1535,25,5527,无可用尺码,,YXL,超长,550,Suburban 1500 | Suburban 2500,00130000,Chevrolet Suburban SUV 2000 US
Chevrolet,Suburban,,,SUV,,,gen9,2001,越野车,5570,2002,1953,85000,SU2,1401,1662,1575,16,5504,无可用尺码,,YXL,超长,550,Suburban 1500 | Suburban 2500,00130101,Chevrolet Suburban SUV 2001 US
Chevrolet,Suburban,,,SUV,,,gen9,2002-2003,越野车,5570,2027,1953,162000,SU2,1419,1682,1585,25,5527,无可用尺码,,YXL,超长,550,Suburban 1500 | Suburban 2500,00130203,Chevrolet Suburban SUV 2002-2003 US
Chevrolet,Suburban,,,SUV,,,gen9,2004-2005,越野车,5570,2027,1943,171011,SU2,1419,1682,1577,25,5527,无可用尺码,,YXL,超长,550,Suburban 1500 | Suburban 2500,00130405,Chevrolet Suburban SUV 2004-2005 US
Chevrolet,Suburban,,,SUV,,,gen9,2006,越野车,5570,2004,1915,77211,SU2,1403,1663,1546,16,5506,无可用尺码,,YXL,超长,550,Suburban 1500 | Suburban 2500,00130606,Chevrolet Suburban SUV 2006 US
Chevrolet,Suburban,,,SUV,,,gen10,2007-2014,越野车,5649,2009,1951,431055,SU2,1406,1667,1576,18,5584,无可用尺码,,YXL,超长,629,Suburban | Suburban 1500 | Suburban 2500,00130714,Chevrolet Suburban SUV 2007-2014 US
Chevrolet,Suburban,,,SUV,,,gen11,2015,越野车,5690,2045,1890,51166,SU2,1432,1697,1542,32,5655,无可用尺码,,YXL,超长,670,Suburban,00131515,Chevrolet Suburban SUV 2015 US
Chevrolet,Suburban,,,SUV,,,gen11,2016-2020,越野车,5700,2045,1890,262803,SU2,1432,1697,1542,32,5664,无可用尺码,,YXL,超长,680,Suburban | Suburban 3500 HD,00131620,Chevrolet Suburban SUV 2016-2020 US
Chevrolet,Suburban,,,SUV,,,gen12,2021-2024,越野车,5733,2060,1923,233330,SU2,1442,1710,1574,38,5709,无可用尺码,,YXL,超长,713,Suburban,00132124,Chevrolet Suburban SUV 2021-2024 US
Chevrolet,Suburban,,,SUV,,,gen12,2025,越野车,5748,2060,1943,46000,SU2,1442,1710,1590,38,5722,无可用尺码,,YXL,超长,728,Suburban,00132525,Chevrolet Suburban SUV 2025 US
Chevrolet,Suburban,,,SUV,,,gen12,2026,越野车,5748,2060,1933,49420,SU2,1442,1710,1582,38,5722,无可用尺码,,YXL,超长,728,Suburban,00132626,Chevrolet Suburban SUV 2026 US
Chevrolet,Tahoe,,2dr 4WD,SUV,,,gen1,1995-1996,越野车,4788,1958,1839,122019,SU2,1371,1625,1468,-1,4740,YL,62,,,,Tahoe,00149596,Chevrolet Tahoe 2dr 4WD SUV 1995-1996 US
Chevrolet,Tahoe,,2dr 4WD,SUV,,,gen1,1997,越野车,4775,1958,1854,62063,SU2,1371,1625,1480,-1,4728,YL,75,,,,Tahoe,00149797,Chevrolet Tahoe 2dr 4WD SUV 1997 US
Chevrolet,Tahoe,,2dr 4WD,SUV,,,gen1,1998,越野车,4775,1958,1849,66618,SU2,1371,1625,1476,-1,4728,YL,75,,,,Tahoe,00149898,Chevrolet Tahoe 2dr 4WD SUV 1998 US
Chevrolet,Tahoe,,2dr 4WD,SUV,,,gen1,1999,越野车,4775,1958,1842,61107,SU2,1371,1625,1470,-1,4728,YL,75,,,,Tahoe,00149999,Chevrolet Tahoe 2dr 4WD SUV 1999 US
Chevrolet,Tahoe,,4dr 2WD,SUV,,,gen1,1995-1996,越野车,5057,1941,1783,122019,SU2,1359,1611,1417,-8,4973,无可用尺码,,YXL,超长,37,Tahoe,00149596,Chevrolet Tahoe 4dr 2WD SUV 1995-1996 US
Chevrolet,Tahoe,,4dr 2WD,SUV,,,gen1,1997-1998,越野车,5070,1951,1814,128679,SU2,1366,1619,1445,-4,4994,无可用尺码,,YXL,超长,50,Tahoe,00149798,Chevrolet Tahoe 4dr 2WD SUV 1997-1998 US
Chevrolet,Tahoe,,4dr 2WD,SUV,,,gen1,1999,越野车,5070,1951,1798,61106,SU2,1366,1619,1433,-4,4994,无可用尺码,,YXL,超长,50,Tahoe,00149999,Chevrolet Tahoe 4dr 2WD SUV 1999 US
Chevrolet,Tahoe,,,SUV,,,gen2,2000,越野车,5070,2004,1885,149834,SU2,1403,1663,1522,16,5043,无可用尺码,,YXL,超长,50,Tahoe,00140000,Chevrolet Tahoe SUV 2000 US
Chevrolet,Tahoe,,,SUV,,,gen2,2001-2006,越野车,5050,2004,1943,1111108,SU2,1403,1663,1568,16,5025,无可用尺码,,YXL,超长,30,Tahoe,00140106,Chevrolet Tahoe SUV 2001-2006 US
Chevrolet,Tahoe,,,SUV,,,gen3,2007-2014,越野车,5131,2007,1953,721634,SU2,1405,1666,1577,18,5103,无可用尺码,,YXL,超长,111,Tahoe,00140714,Chevrolet Tahoe SUV 2007-2014 US
Chevrolet,Tahoe,,,SUV,,,gen4,2015-2020,越野车,5182,2045,1890,584189,SU2,1432,1697,1542,32,5185,无可用尺码,,YXL,超长,162,Tahoe,00141520,Chevrolet Tahoe SUV 2015-2020 US
Chevrolet,Tahoe,,,SUV,,,gen5,2021-2024,越野车,5352,2060,1925,402957,SU2,1442,1710,1576,38,5356,无可用尺码,,YXL,超长,332,Tahoe,00142124,Chevrolet Tahoe SUV 2021-2024 US
Chevrolet,Tahoe,,,SUV,,,gen5,2025-2026,越野车,5367,2057,1938,200000,SU2,1440,1707,1585,37,5367,无可用尺码,,YXL,超长,347,Tahoe,00142526,Chevrolet Tahoe SUV 2025-2026 US
Chevrolet,Tracker,,2dr,SUV,,,gen1,1998-2004,越野车,3620,1631,1666,170411,SU2,1142,1354,1203,-126,3357,无可用尺码,,YM,超余量,1010,,00419804,Chevrolet Tracker 2dr SUV 1998-2004 US
Chevrolet,Tracker,,4dr,SUV,,,gen1,1999,越野车,4059,1694,1689,35828,SU2,1186,1406,1246,-102,3822,无可用尺码,,YM,超余量,571,,00419999,Chevrolet Tracker 4dr SUV 1999 US
Chevrolet,Tracker,,4dr,SUV,,,gen1,2000-2002,越野车,4130,1694,1689,59678,SU2,1186,1406,1246,-102,3887,YM,500,,,,,00410002,Chevrolet Tracker 4dr SUV 2000-2002 US
Chevrolet,Tracker,,4dr,SUV,,,gen1,2003,越野车,4130,1709,1684,5787,SU2,1196,1418,1248,-96,3901,YM,500,,,,,00410303,Chevrolet Tracker 4dr SUV 2003 US
Chevrolet,Tracker,,4dr,SUV,,,gen1,2004,越野车,4135,1709,1684,8649,SU2,1196,1418,1248,-96,3906,YM,495,,,,,00410404,Chevrolet Tracker 4dr SUV 2004 US
Chevrolet,Trailblazer,,SS,SUV,,,gen1,2006-2009,越野车,4872,1897,1722,394130,SU2,1328,1575,1352,-24,4761,YXL,148,,,,Trailblazer | Trailblazer EXT,00210609,Chevrolet Trailblazer SS SUV 2006-2009 US
Chevrolet,Trailblazer,,,SUV,,,gen1,2002-2005,越野车,4872,1897,1842,1038536,SU2,1328,1575,1446,-24,4761,YXL,148,,,,Trailblazer | Trailblazer EXT,00210205,Chevrolet Trailblazer SUV 2002-2005 US
Chevrolet,Trailblazer,,,SUV,,,gen2,2021-2026,越野车,4422,1808,1656,577826,SU1,1323,1349,1324,-82,4263,YM,208,,,,Trailblazer,00212126,Chevrolet Trailblazer SUV 2021-2026 US
Chevrolet,Traverse,,Limited,SUV,,,gen2,2024,越野车,5230,1996,1796,18677,SU1,1461,1489,1513,-12,5184,无可用尺码,,YXL,超长,210,Traverse | Traverse Limited,00202424,Chevrolet Traverse Limited SUV 2024 US
Chevrolet,Traverse,,,SUV,,,gen1,2009-2012,越野车,5207,1994,1849,390555,SU1,1460,1488,1555,-13,5161,无可用尺码,,YXL,超长,187,Traverse,00200912,Chevrolet Traverse SUV 2009-2012 US
Chevrolet,Traverse,,,SUV,,,gen1,2013-2017,越野车,5174,1994,1775,560562,SU1,1460,1488,1495,-13,5130,无可用尺码,,YXL,超长,154,Traverse,00201317,Chevrolet Traverse SUV 2013-2017 US
Chevrolet,Traverse,,,SUV,,,gen2,2018-2023,越野车,5230,1996,1796,755972,SU1,1461,1489,1513,-12,5184,无可用尺码,,YXL,超长,210,Traverse,00201823,Chevrolet Traverse SUV 2018-2023 US
Chevrolet,Traverse,,,SUV,,,gen3,2024-2026,越野车,5194,2022,1801,316853,SU1,1480,1508,1528,-3,5175,无可用尺码,,YXL,超长,174,Traverse | Traverse Limited,00202426,Chevrolet Traverse SUV 2024-2026 US
Chevrolet,Trax,,,SUV,,,gen1,2015-2022,越野车,4257,1775,1674,603553,SU1,1299,1324,1325,-94,4080,YM,373,,,,Trax,00271522,Chevrolet Trax SUV 2015-2022 US
Chevrolet,Trax,,,SUV,,,gen2,2024-2026,越野车,4536,1824,1567,607028,SU1,1335,1361,1258,-76,4383,YM,94,,,,Trax,00272426,Chevrolet Trax SUV 2024-2026 US
Chevrolet,Uplander,,LWB,Wagon,,,gen1,2005-2008,两厢车,5189,1829,1829,102811,V0,1306,1333,1596,-90,4978,5XL,111,,,,Uplander,00430508,Chevrolet Uplander LWB Wagon 2005-2008 US
Chevrolet,Uplander,,,Wagon,,,gen1,2006-2008,两厢车,4851,1829,1791,139209,V0,1306,1333,1563,-90,4666,5XL,449,,,,Uplander,00430608,Chevrolet Uplander Wagon 2006-2008 US
Chevrolet,Venture,,LWB,Wagon,,,gen1,1997-2005,两厢车,5103,1829,1730,124821,V0,1306,1333,1511,-90,4898,5XL,197,,,,Venture,00329705,Chevrolet Venture LWB Wagon 1997-2005 US
Chevrolet,Venture,,,Wagon,,,gen1,1997-2004,两厢车,4747,1829,1712,549695,V0,1306,1333,1496,-90,4570,无可用尺码,,5XL,超余量,553,Venture,00329704,Chevrolet Venture Wagon 1997-2004 US
Chevrolet,Volt,,,Hatchback,,,gen1,2011-2015,两厢车,4496,1788,1438,88424,SD1,1305,1430,1132,-66,4344,无可用尺码,,2L,超长,356,Volt,00451115,Chevrolet Volt Hatchback 2011-2015 US
Chevrolet,Volt,,,Hatchback,,,gen2,2016-2019,两厢车,4582,1808,1433,68304,SD1,1320,1446,1136,-58,4443,无可用尺码,,2L,超长,442,Volt,00451619,Chevrolet Volt Hatchback 2016-2019 US
Chrysler,200,,,Convertible,,,gen1,2011-2014,跑车,4948,1842,1394,226210,SD1,1345,1474,1118,-45,4815,3XL-0,102,,,,200,18071114,Chrysler 200 Convertible 2011-2014 US
Chrysler,200,,,Sedan,,,gen1,2011-2014,三厢车,4869,1842,1394,226208,SD1,1345,1474,1118,-45,4741,3XL-0,181,,,,200,18071114,Chrysler 200 Sedan 2011-2014 US
Chrysler,200,,,Sedan,,,gen2,2015-2017,三厢车,4884,1869,1394,253640,SD1,1364,1495,1129,-35,4780,3XL-0,166,,,,200,18071517,Chrysler 200 Sedan 2015-2017 US
Chrysler,200 Series,,,Convertible,,,gen1,2011-2014,跑车,4948,1842,1471,231013,SD1,1345,1474,1180,-45,4815,3XL-0,102,,,,200,18061114,Chrysler 200 Series Convertible 2011-2014 US
Chrysler,200 Series,,,Sedan,,,gen1,2011-2014,三厢车,4869,1842,1483,231010,SD1,1345,1474,1190,-45,4741,3XL-0,181,,,,200,18061114,Chrysler 200 Series Sedan 2011-2014 US
Chrysler,200 Series,,,Sedan,,,gen2,2015-2017,三厢车,4884,1869,1491,258531,SD1,1364,1495,1207,-35,4780,3XL-0,166,,,,200,18061517,Chrysler 200 Series Sedan 2015-2017 US
Chrysler,300,,,Sedan,,,gen1,2005-2010,三厢车,4999,1882,1483,546425,SD1,1374,1506,1206,-30,4899,3XL-0,51,,,,300,18040510,Chrysler 300 Sedan 2005-2010 US
Chrysler,300,,,Sedan,,,gen2,2011-2023,三厢车,5044,1905,1491,512102,SD1,1391,1524,1222,-21,4963,3XL-0,6,,,,300,18041123,Chrysler 300 Sedan 2011-2023 US
Chrysler,300 series,,300M,Sedan,,,gen1,1999-2004,三厢车,5024,1890,1422,165080,SD1,1380,1512,1160,-27,4930,3XL-0,26,,,,300M,18029904,Chrysler 300 series 300M Sedan 1999-2004 US
Chrysler,300 series,,,Sedan,,,gen2,2005-2010,三厢车,4999,1882,1483,546405,SD1,1374,1506,1206,-30,4899,3XL-0,51,,,,300,18020510,Chrysler 300 series Sedan 2005-2010 US
Chrysler,300 series,,,Sedan,,,gen2,2011-2023,三厢车,5044,1905,1491,519410,SD1,1391,1524,1222,-21,4963,3XL-0,6,,,,300,18021123,Chrysler 300 series Sedan 2011-2023 US
Chrysler,300M,,,Sedan,,,gen1,1999-2004,三厢车,5024,1890,1422,205016,SD1,1380,1512,1160,-27,4930,3XL-0,26,,,,300M,18119904,Chrysler 300M Sedan 1999-2004 US
Chrysler,Aspen,,,SUV,,,gen1,2007-2009,越野车,5133,1930,1887,57038,SU2,1351,1602,1495,-12,5033,无可用尺码,,YXL,超长,113,Aspen,18130709,Chrysler Aspen SUV 2007-2009 US
Chrysler,Cirrus,,,Sedan,,,gen1,1995,三厢车,4724,1803,1374,60554,SD1,1316,1442,1086,-60,4570,3L,16,,,,Cirrus,18109595,Chrysler Cirrus Sedan 1995 US
Chrysler,Cirrus,,,Sedan,,,gen1,1996-1997,三厢车,4724,1821,1334,67556,SD1,1329,1457,1061,-54,4587,3L,16,,,,Cirrus,18109697,Chrysler Cirrus Sedan 1996-1997 US
Chrysler,Cirrus,,,Sedan,,,gen1,1998,三厢车,4750,1821,1334,38504,SD1,1329,1457,1061,-54,4611,3XL-0,300,,,,Cirrus,18109898,Chrysler Cirrus Sedan 1998 US
Chrysler,Cirrus,,,Sedan,,,gen1,1999-2000,三厢车,4750,1821,1379,69945,SD1,1329,1457,1098,-54,4611,3XL-0,300,,,,Cirrus,18109900,Chrysler Cirrus Sedan 1999-2000 US
Chrysler,Concorde,,,Sedan,,,gen1,1993-1994,三厢车,5151,1890,1430,105000,SD1,1380,1512,1167,-27,5048,3XXL-550,349,,,,Concorde,18089394,Chrysler Concorde Sedan 1993-1994 US
Chrysler,Concorde,,,Sedan,,,gen1,1995-1997,三厢车,5118,1890,1430,155772,SD1,1380,1512,1167,-27,5017,3XXL-550,382,,,,Concorde,18089597,Chrysler Concorde Sedan 1995-1997 US
Chrysler,Concorde,,,Sedan,,,gen2,1998-2001,三厢车,5311,1897,1420,207304,SD1,1385,1518,1161,-24,5203,3XXL-550,189,,,,Concorde,18089801,Chrysler Concorde Sedan 1998-2001 US
Chrysler,Concorde,,,Sedan,,,gen2,2002-2004,三厢车,5276,1890,1417,64353,SD1,1380,1512,1156,-27,5164,3XXL-550,224,,,,Concorde,18080204,Chrysler Concorde Sedan 2002-2004 US
Chrysler,Crossfire,,,Convertible,,,gen1,2005-2008,跑车,4059,1765,1316,16839,SD0,1253,1193,1248,-138,3782,3S-0,161,,,,,18140508,Chrysler Crossfire Convertible 2005-2008 US
Chrysler,Crossfire,,,Coupe,,,gen1,2004-2008,跑车,4059,1765,1316,30837,SD0,1253,1193,1248,-138,3782,3S-0,161,,,,Crossfire,18140408,Chrysler Crossfire Coupe 2004-2008 US
Chrysler,LHS,,,Sedan,,,gen1,1994-1997,三厢车,5268,1892,1420,134713,SD1,1381,1514,1159,-26,5159,3XXL-550,232,,,,LHS,18129497,Chrysler LHS Sedan 1994-1997 US
Chrysler,LHS,,,Sedan,,,gen2,1999-2001,三厢车,5276,1890,1422,54141,SD1,1380,1512,1160,-27,5164,3XXL-550,224,,,,LHS,18129901,Chrysler LHS Sedan 1999-2001 US
Chrysler,PT Cruiser,,,Wagon,,,gen1,2001-2010,两厢车,4290,1704,1600,1006685,H1,1227,1271,1248,-126,3996,无可用尺码,,2L,超长,150,PT Cruiser,18050110,Chrysler PT Cruiser Wagon 2001-2010 US
Chrysler,Pacifica,,,Crossover,,,gen1,2004-2008,越野车,5052,2014,1689,285092,V0,1438,1468,1555,-24,5022,无可用尺码,,YXL,超长,32,,18010408,Chrysler Pacifica Crossover 2004-2008 US
Chrysler,Pacifica,,,MPV,,,gen2,2017-2020,两厢车,5177,2022,1775,418415,V0,1444,1474,1632,-20,5145,5XL,123,,,,,18011720,Chrysler Pacifica MPV 2017-2020 US
Chrysler,Pacifica,,,MPV,,,gen2,2021-2026,两厢车,5189,2022,1775,637716,V0,1444,1474,1632,-20,5156,5XL,111,,,,,18012126,Chrysler Pacifica MPV 2021-2026 US
Chrysler,Sebring,,,Convertible,,,gen1,1996,跑车,4902,1758,1377,26337,SD0,1248,1188,1301,-141,4541,3XL-0,148,,,,Sebring,18039696,Chrysler Sebring Convertible 1996 US
Chrysler,Sebring,,,Convertible,,,gen1,1997,跑车,4902,1781,1392,44210,SD0,1265,1204,1325,-133,4561,3XL-0,148,,,,Sebring,18039797,Chrysler Sebring Convertible 1997 US
Chrysler,Sebring,,,Convertible,,,gen1,1998-2000,跑车,4892,1781,1392,112437,SD0,1265,1204,1325,-133,4552,3XL-0,158,,,,Sebring,18039800,Chrysler Sebring Convertible 1998-2000 US
Chrysler,Sebring,,,Convertible,,,gen2,2001-2006,跑车,4920,1763,1397,207695,SD0,1252,1192,1321,-139,4561,3XL-0,130,,,,Sebring,18030106,Chrysler Sebring Convertible 2001-2006 US
Chrysler,Sebring,,,Convertible,,,gen3,2008-2010,跑车,4923,1816,1486,68727,SD0,1289,1228,1426,-121,4612,3XL-0,127,,,,Sebring,18030810,Chrysler Sebring Convertible 2008-2010 US
Chrysler,Sebring,,,Coupe,,,gen1,1995,跑车,4760,1770,1346,40000,SD0,1257,1197,1278,-136,4423,3XL-0,290,,,,Sebring,18039595,Chrysler Sebring Coupe 1995 US
Chrysler,Sebring,,,Coupe,,,gen1,1996,跑车,4760,1770,1295,26337,SD0,1257,1197,1232,-136,4423,3XL-0,290,,,,Sebring,18039696,Chrysler Sebring Coupe 1996 US
Chrysler,Sebring,,,Coupe,,,gen1,1997-2000,跑车,4851,1770,1354,156645,SD0,1257,1197,1285,-136,4505,3XL-0,199,,,,Sebring,18039700,Chrysler Sebring Coupe 1997-2000 US
Chrysler,Sebring,,,Coupe,,,gen2,2001-2002,跑车,4831,1786,1364,76942,SD0,1268,1207,1302,-131,4502,3XL-0,219,,,,Sebring,18030102,Chrysler Sebring Coupe 2001-2002 US
Chrysler,Sebring,,,Coupe,,,gen2,2003-2005,跑车,4874,1775,1369,96073,SD0,1260,1200,1301,-135,4531,3XL-0,176,,,,Sebring,18030305,Chrysler Sebring Coupe 2003-2005 US
Chrysler,Sebring,,,Sedan,,,gen2,2001-2006,三厢车,4844,1793,1394,207691,SD0,1273,1212,1332,-129,4520,3XL-0,206,,,,Sebring,18030106,Chrysler Sebring Sedan 2001-2006 US
Chrysler,Sebring,,,Sedan,,,gen3,2007,三厢车,4841,1808,1499,93130,SD0,1284,1222,1434,-124,4531,3XL-0,209,,,,Sebring,18030707,Chrysler Sebring Sedan 2007 US
Chrysler,Sebring,,,Sedan,,,gen3,2008-2009,三厢车,4841,1842,1499,49561,SD0,1308,1245,1450,-112,4561,3XL-0,209,,,,Sebring,18030809,Chrysler Sebring Sedan 2008-2009 US
Chrysler,Sebring,,,Sedan,,,gen3,2010,三厢车,4841,1808,1499,19165,SD0,1284,1222,1434,-124,4531,3XL-0,209,,,,Sebring,18031010,Chrysler Sebring Sedan 2010 US
Chrysler,Town & Country,,,MPV,,,gen1,1990,两厢车,4839,1829,1646,50000,V0,1306,1333,1439,-90,4655,5XL,461,,,,,18009090,Chrysler Town & Country MPV 1990 US
Chrysler,Town & Country,,,MPV,,,gen2,1991-1995,两厢车,4897,1829,1748,340000,V0,1306,1333,1526,-90,4708,5XL,403,,,,,18009195,Chrysler Town & Country MPV 1991-1995 US
Chrysler,Town & Country,,,MPV,,,gen3,1996-2000,两厢车,5072,1951,1745,246517,V0,1393,1422,1576,-46,4982,5XL,228,,,,,18009600,Chrysler Town & Country MPV 1996-2000 US
Chrysler,Town & Country,,,MPV,,,gen4,2001-2007,两厢车,5095,1996,1750,602424,V0,1425,1455,1600,-30,5045,5XL,205,,,,,18000107,Chrysler Town & Country MPV 2001-2007 US
Chrysler,Town & Country,,,MPV,,,gen5,2008-2016,两厢车,5151,1999,1814,934707,V0,1427,1457,1656,-29,5099,5XL,149,,,,,18000816,Chrysler Town & Country MPV 2008-2016 US
Chrysler,Voyager,,,MPV,,,gen4,2000,两厢车,4732,1951,1740,97218,V0,1393,1422,1572,-46,4668,无可用尺码,,5XL,超余量,568,,18090000,Chrysler Voyager MPV 2000 US
Chrysler,Voyager,,,MPV,,,gen4,2001-2003,两厢车,4808,1996,1750,83930,V0,1425,1455,1600,-30,4780,5XL,492,,,,,18090103,Chrysler Voyager MPV 2001-2003 US
Chrysler,Voyager,,,MPV,,,gen6,2020-2021,两厢车,5177,2022,1775,33045,V0,1444,1474,1632,-20,5145,5XL,123,,,,,18092021,Chrysler Voyager MPV 2020-2021 US
Chrysler,Voyager,,,MPV,,,gen6,2022-2026,两厢车,5189,2022,1775,71683,V0,1444,1474,1632,-20,5156,5XL,111,,,,,18092226,Chrysler Voyager MPV 2022-2026 US
Dodge,Avenger,,,Coupe,,,gen1,1995-2000,跑车,4831,1755,1346,154056,SD0,1246,1186,1271,-142,4474,3XL-0,219,,,,Avenger,06099500,Dodge Avenger Coupe 1995-2000 US
Dodge,Avenger,,,Sedan,,,gen2,2008-2014,三厢车,4892,1849,1496,458268,SD0,1313,1250,1450,-109,4614,3XL-0,158,,,,Avenger,06090814,Dodge Avenger Sedan 2008-2014 US
Dodge,Caliber,,,Hatchback,,,gen1,2007-2012,两厢车,4415,1748,1534,311642,H0,1255,1280,1200,-116,4170,无可用尺码,,2L,超长,275,Caliber,06120712,Dodge Caliber Hatchback 2007-2012 US
Dodge,Caravan,,Grand Caravan,MPV,,,gen1,1987-1989,两厢车,4839,1834,1643,310000,V0,1309,1337,1439,-88,4659,5XL,461,,,,,06008789,Dodge Caravan Grand Caravan MPV 1987-1989 US
Dodge,Caravan,,Grand Caravan,MPV,,,gen1,1990,两厢车,4839,1834,1694,115000,V0,1309,1337,1482,-88,4659,5XL,461,,,,,06009090,Dodge Caravan Grand Caravan MPV 1990 US
Dodge,Caravan,,Grand Caravan,MPV,,,gen2,1991-1995,两厢车,4897,1829,1709,650000,V0,1306,1333,1493,-90,4708,5XL,403,,,,,06009195,Dodge Caravan Grand Caravan MPV 1991-1995 US
Dodge,Caravan,,LWB,MPV,,,gen5,2008-2020,两厢车,5174,1999,1753,1491594,V0,1427,1457,1603,-29,5121,5XL,126,,,,,06000820,Dodge Caravan LWB MPV 2008-2020 US
Dodge,Caravan,,SWB,MPV,,,gen1,1984-1990,两厢车,4468,1834,1636,785000,V0,1309,1337,1433,-88,4317,无可用尺码,,2L,超长,328,,06008490,Dodge Caravan SWB MPV 1984-1990 US
Dodge,Caravan,,SWB,MPV,,,gen2,1991-1995,两厢车,4524,1829,1717,650000,V0,1306,1333,1500,-90,4364,无可用尺码,,2L,超长,384,,06009195,Dodge Caravan SWB MPV 1991-1995 US
Dodge,Caravan,,SWB,MPV,,,gen3,1996-2000,两厢车,4732,1920,1740,1472658,V0,1371,1400,1558,-57,4640,无可用尺码,,5XL,超余量,568,,06009600,Dodge Caravan SWB MPV 1996-2000 US
Dodge,Caravan,,SWB,MPV,,,gen4,2001-2007,两厢车,4808,1996,1750,1576709,V0,1425,1455,1600,-30,4780,5XL,492,,,,,06000107,Dodge Caravan SWB MPV 2001-2007 US
Dodge,Challenger,,,Coupe,,,gen1,1970-1972,跑车,4859,1938,1293,126143,SD2,1938,1938,1094,219,5297,无可用尺码,,3XL-0,插片指数超上限,99,Challenger,06077072,Dodge Challenger Coupe 1970-1972 US
Dodge,Challenger,,,Coupe,,,gen1,1973-1974,跑车,5044,1966,1293,39154,SD2,1966,1966,1105,233,5510,无可用尺码,,3XL-0,插片指数超上限,113,Challenger,06077374,Dodge Challenger Coupe 1973-1974 US
Dodge,Challenger,,,Coupe,,,gen2,1978-1983,跑车,4651,1674,1316,105587,SD0,1189,1132,1207,-170,4237,3L-0,89,,,,Challenger,06077883,Dodge Challenger Coupe 1978-1983 US
Dodge,Challenger,,,Coupe,,,gen3,2008-2014,跑车,5022,1923,1450,265795,SD0,1365,1300,1442,-84,4799,3XL-0,28,,,,Challenger,06070814,Dodge Challenger Coupe 2008-2014 US
Dodge,Challenger,,,Coupe,,,gen3,2015-2023,跑车,5027,1923,1466,420106,SD0,1365,1300,1457,-84,4804,3XL-0,23,,,,Challenger,06071523,Dodge Challenger Coupe 2015-2023 US
Dodge,Challenger,,Widebody,Coupe,,,gen3,2015-2023,跑车,5027,1989,1466,90022,SD0,1412,1345,1487,-61,4864,3XL-0,23,,,,Challenger,06071523,Dodge Challenger Widebody Coupe 2015-2023 US
Dodge,Charger,,,Coupe,,,gen1,1966-1967,跑车,5171,1913,1346,53200,SD2,1913,1913,1127,206,5584,4XL-0,529,,,,Charger,06016667,Dodge Charger Coupe 1966-1967 US
Dodge,Charger,,,Coupe,,,gen2,1968-1970,跑车,5283,1946,1351,235400,SD2,1946,1946,1144,223,5729,4XL-0,417,,,,Charger,06016870,Dodge Charger Coupe 1968-1970 US
Dodge,Charger,,,Coupe,,,gen3,1971-1972,跑车,5217,2009,1326,158100,SD2,2009,2009,1149,254,5726,4XL-0,483,,,,Charger,06017172,Dodge Charger Coupe 1971-1972 US
Dodge,Charger,,,Coupe,,,gen3,1973-1974,跑车,5436,1956,1336,193700,SD2,1956,1956,1136,228,5892,4XL-0,264,,,,Charger,06017374,Dodge Charger Coupe 1973-1974 US
Dodge,Charger,,,Coupe,,,gen4,1975-1978,跑车,5469,1974,1336,43700,SD2,1974,1974,1143,237,5943,4XL-0,231,,,,Charger,06017578,Dodge Charger Coupe 1975-1978 US
Dodge,Charger,,,Coupe,,,gen8,2024-2026,跑车,5248,2027,1499,15657,SD0,1439,1370,1534,-48,5098,3XXL-550,252,,,,Charger,06012426,Dodge Charger Coupe 2024-2026 US
Dodge,Charger,,,Hatchback,,,gen5,1982-1987,两厢车,4420,1694,1290,113000,H0,1216,1240,981,-136,4125,无可用尺码,,2L,超长,280,Charger,06018287,Dodge Charger Hatchback 1982-1987 US
Dodge,Charger,,,Sedan,,,gen6,2006-2010,三厢车,5083,1892,1478,466905,SD0,1343,1279,1453,-94,4826,3XXL-550,417,,,,Charger,06010610,Dodge Charger Sedan 2006-2010 US
Dodge,Charger,,,Sedan,,,gen7,2011-2014,三厢车,5077,1905,1483,345116,SD0,1353,1288,1464,-90,4833,3XXL-550,423,,,,Charger,06011114,Dodge Charger Sedan 2011-2014 US
Dodge,Charger,,,Sedan,,,gen7,2015-2023,三厢车,5039,1905,1478,746948,SD0,1353,1288,1459,-90,4798,3XL-0,11,,,,Charger,06011523,Dodge Charger Sedan 2015-2023 US
Dodge,Charger,,,Sedan,,,gen8,2024-2026,三厢车,5248,2027,1499,15657,SD0,1439,1370,1534,-48,5098,3XXL-550,252,,,,Charger,06012426,Dodge Charger Sedan 2024-2026 US
Dodge,Dakota,,,Pickup,Regular,6.5,gen1,1987-1989,皮卡,4699,1727,1702,187823,P1,1321,1563,1274,-90,4663,无可用尺码,,PK-S,超余量,601,Dakota,06028789,Dodge Dakota Pickup 1987-1989 Regular 6.5 US
Dodge,Dakota,,,Pickup,Regular,8,gen1,1987-1989,皮卡,5182,1727,1702,93912,P1,1321,1563,1274,-90,5126,PK-S,118,,,,Dakota,06028789,Dodge Dakota Pickup 1987-1989 Regular 8 US
Dodge,Dakota,,,Pickup,Club,6.5,gen1,1990-1996,皮卡,5443,1763,1740,379917,P1,1349,1596,1318,-76,5411,PK-L,457,,,,Dakota,06029096,Dodge Dakota Pickup 1990-1996 Club 6.5 US
Dodge,Dakota,,,Pickup,Regular,6.5,gen1,1990-1996,皮卡,4961,1763,1709,189960,P1,1349,1596,1294,-76,4948,PK-S,339,,,,Dakota,06029096,Dodge Dakota Pickup 1990-1996 Regular 6.5 US
Dodge,Dakota,,,Pickup,Regular,8,gen1,1990-1996,皮卡,5431,1763,1709,94979,P1,1349,1596,1294,-76,5399,PK-L,469,,,,Dakota,06029096,Dodge Dakota Pickup 1990-1996 Regular 8 US
Dodge,Dakota,,,Pickup,Regular,8,gen2,1997-1999,皮卡,5466,1816,1659,61249,P1,1389,1643,1275,-56,5483,PK-L,434,,,,Dakota,06029799,Dodge Dakota Pickup 1997-1999 Regular 8 US
Dodge,Dakota,,,Pickup,Club,6.5,gen2,1997-2004,皮卡,5464,1819,1745,516783,P1,1392,1646,1344,-54,5484,PK-L,436,,,,Dakota,06029704,Dodge Dakota Pickup 1997-2004 Club 6.5 US
Dodge,Dakota,,,Pickup,Regular,6.5,gen2,1997-2004,皮卡,4978,1819,1742,258391,P1,1392,1646,1342,-54,5018,PK-S,322,,,,Dakota,06029704,Dodge Dakota Pickup 1997-2004 Regular 6.5 US
Dodge,Dakota,,,Pickup,Quad,5.25,gen2,2000-2004,皮卡,5464,1819,1699,271788,P1,1392,1646,1308,-54,5484,PK-L,436,,,,Dakota,06020004,Dodge Dakota Pickup 2000-2004 Quad 5.25 US
Dodge,Dakota,,,Pickup,Club,6.5,gen3,2005-2011,皮卡,5558,1821,1742,146395,P1,1393,1648,1343,-54,5576,PK-L,342,,,,Dakota,06020511,Dodge Dakota Pickup 2005-2011 Club 6.5 US
Dodge,Dakota,,,Pickup,Quad,5.25,gen3,2005-2011,皮卡,5558,1829,1745,146393,P1,1399,1655,1348,-50,5584,PK-L,342,,,,Dakota,06020511,Dodge Dakota Pickup 2005-2011 Quad 5.25 US
Dodge,Dart,,,Sedan,,,gen1,2013-2016,三厢车,4671,1829,1466,298556,SD1,1335,1463,1171,-50,4545,3L,69,,,,Dart,06131316,Dodge Dart Sedan 2013-2016 US
Dodge,Daytona,,,Hatchback,,,gen1,1984-1986,两厢车,4445,1760,1280,141232,H0,1264,1288,1000,-112,4209,无可用尺码,,2L,超长,305,Daytona,06108486,Dodge Daytona Hatchback 1984-1986 US
Dodge,Daytona,,,Hatchback,,,gen1,1987-1990,两厢车,4552,1760,1273,208267,H0,1264,1288,994,-112,4307,无可用尺码,,2L,超长,412,Daytona,06108790,Dodge Daytona Hatchback 1987-1990 US
Dodge,Daytona,,,Hatchback,,,gen1,1991,两厢车,4552,1760,1285,17523,H0,1264,1288,1004,-112,4307,无可用尺码,,2L,超长,412,Daytona,06109191,Dodge Daytona Hatchback 1991 US
Dodge,Daytona,,,Hatchback,,,gen1,1992-1993,两厢车,4567,1760,1316,19999,H0,1264,1288,1029,-112,4321,无可用尺码,,2L,超长,427,Daytona,06109293,Dodge Daytona Hatchback 1992-1993 US
Dodge,Durango,,SRT/Hellcat,SUV,,,gen3,2011-2026,越野车,5105,1941,1831,1008296,SU1,1421,1448,1519,-33,5018,无可用尺码,,YXL,超长,85,Durango,06031126,Dodge Durango SRT/Hellcat SUV 2011-2026 US
Dodge,Durango,,,SUV,,,gen1,1998,越野车,4907,1816,1844,156923,SU2,1271,1507,1416,-56,4719,YXL,113,,,,Durango,06039898,Dodge Durango SUV 1998 US
Dodge,Durango,,,SUV,,,gen1,1999-2001,越野车,4910,1816,1852,494206,SU2,1271,1507,1422,-56,4722,YXL,110,,,,Durango,06039901,Dodge Durango SUV 1999-2001 US
Dodge,Durango,,,SUV,,,gen1,2002-2003,越野车,4915,1811,1829,214935,SU2,1268,1503,1402,-57,4722,YXL,105,,,,Durango,06030203,Dodge Durango SUV 2002-2003 US
Dodge,Durango,,,SUV,,,gen2,2004-2009,越野车,5100,1930,1887,393637,SU2,1351,1602,1495,-12,5003,无可用尺码,,YXL,超长,80,Durango,06030409,Dodge Durango SUV 2004-2009 US
Dodge,Hornet,,,Crossover,,,gen1,2023-2025,越野车,4521,1839,1621,39260,SU1,1346,1372,1308,-70,4383,YM,109,,,,,06172325,Dodge Hornet Crossover 2023-2025 US
Dodge,Intrepid,,,Sedan,,,gen1,1993-1997,三厢车,5123,1890,1415,645281,SD1,1380,1512,1155,-27,5022,3XXL-550,377,,,,Intrepid,06059397,Dodge Intrepid Sedan 1993-1997 US
Dodge,Intrepid,,,Sedan,,,gen2,1998-2004,三厢车,5174,1897,1420,743000,SD1,1385,1518,1161,-24,5076,3XXL-550,326,,,,Intrepid,06059804,Dodge Intrepid Sedan 1998-2004 US
Dodge,Journey,,,Crossover,,,gen1,2009-2020,越野车,4887,1834,1692,464036,SU1,1342,1368,1363,-72,4717,YXL,133,,,,,06080920,Dodge Journey Crossover 2009-2020 US
Dodge,Journey,,,SUV,,,gen1,2009-2020,越野车,4887,1834,1702,464028,SU1,1342,1368,1371,-72,4717,YXL,133,,,,Journey,06080920,Dodge Journey SUV 2009-2020 US
Dodge,Magnum,,,Wagon,,,gen1,2005-2008,两厢车,5022,1882,1494,129750,H2,1321,1412,1208,-67,4831,5XL,278,,,,Magnum,06150508,Dodge Magnum Wagon 2005-2008 US
Dodge,Neon,,,Sedan,,,gen1,1995-1999,三厢车,4364,1712,1394,1074438,SD1,1250,1370,1066,-95,4151,3L,376,,,,Neon,06049599,Dodge Neon Sedan 1995-1999 US
Dodge,Neon,,,Sedan,,,gen2,2000-2005,三厢车,4430,1712,1422,773712,SD1,1250,1370,1088,-95,4212,3L,310,,,,Neon,06040005,Dodge Neon Sedan 2000-2005 US
Dodge,Nitro,,,SUV,,,gen1,2007-2010,越野车,4544,1857,1775,151254,SU2,1300,1541,1378,-40,4421,YM,86,,,,Nitro,06140710,Dodge Nitro SUV 2007-2010 US
Dodge,Ramcharger,,2WD,SUV,,,gen1,1988-1990,越野车,4689,2019,1770,21000,SU2,1413,1676,1437,22,4705,YL,161,,,,Ramcharger,06118890,Dodge Ramcharger 2WD SUV 1988-1990 US
Dodge,Ramcharger,,2WD,SUV,,,gen1,1991-1993,越野车,4796,2019,1793,8250,SU2,1413,1676,1456,22,4804,YL,54,,,,Ramcharger,06119193,Dodge Ramcharger 2WD SUV 1991-1993 US
Dodge,Ramcharger,,4WD,SUV,,,gen1,1974,越野车,4689,2019,1829,10000,SU2,1413,1676,1484,22,4705,YL,161,,,,Ramcharger,06117474,Dodge Ramcharger 4WD SUV 1974 US
Dodge,Ramcharger,,4WD,SUV,,,gen1,1975,越野车,4689,2019,1839,18000,SU2,1413,1676,1492,22,4705,YL,161,,,,Ramcharger,06117575,Dodge Ramcharger 4WD SUV 1975 US
Dodge,Ramcharger,,4WD,SUV,,,gen1,1976-1977,越野车,4689,2019,1826,52000,SU2,1413,1676,1482,22,4705,YL,161,,,,Ramcharger,06117677,Dodge Ramcharger 4WD SUV 1976-1977 US
Dodge,Ramcharger,,4WD,SUV,,,gen1,1978-1982,越野车,4689,2019,1882,114000,SU2,1413,1676,1526,22,4705,YL,161,,,,Ramcharger,06117882,Dodge Ramcharger 4WD SUV 1978-1982 US
Dodge,Ramcharger,,4WD,SUV,,,gen1,1983-1987,越野车,4689,2019,1913,100000,SU2,1413,1676,1550,22,4705,YL,161,,,,Ramcharger,06118387,Dodge Ramcharger 4WD SUV 1983-1987 US
Dodge,Ramcharger,,4WD,SUV,,,gen1,1988-1990,越野车,4689,2019,1857,21000,SU2,1413,1676,1506,22,4705,YL,161,,,,Ramcharger,06118890,Dodge Ramcharger 4WD SUV 1988-1990 US
Dodge,Ramcharger,,4WD,SUV,,,gen1,1991-1993,越野车,4796,2019,1882,8250,SU2,1413,1676,1526,22,4804,YL,54,,,,Ramcharger,06119193,Dodge Ramcharger 4WD SUV 1991-1993 US
Dodge,Stealth,,R/T Turbo,Coupe,,,gen1,1991-1993,跑车,4585,1839,1247,49834,SD0,1306,1243,1219,-113,4327,3L-0,155,,,,3000GT,06169193,Dodge Stealth R/T Turbo Coupe 1991-1993 US
Dodge,Stealth,,R/T Turbo,Coupe,,,gen1,1994,跑车,4580,1839,1252,7090,SD0,1306,1243,1224,-113,4322,3L-0,160,,,,3000GT,06169494,Dodge Stealth R/T Turbo Coupe 1994 US
Dodge,Stealth,,R/T Turbo,Coupe,,,gen1,1995-1996,跑车,4564,1839,1252,4077,SD0,1306,1243,1224,-113,4308,3L-0,176,,,,3000GT,06169596,Dodge Stealth R/T Turbo Coupe 1995-1996 US
Dodge,Stratus,,,Sedan,,,gen1,1995,三厢车,4724,1803,1374,75439,SD1,1316,1442,1086,-60,4570,3L,16,,,,Stratus,06069595,Dodge Stratus Sedan 1995 US
Dodge,Stratus,,,Sedan,,,gen1,1996-1997,三厢车,4724,1821,1318,197105,SD1,1329,1457,1048,-54,4587,3L,16,,,,Stratus,06069697,Dodge Stratus Sedan 1996-1997 US
Dodge,Stratus,,,Sedan,,,gen1,1998,三厢车,4724,1821,1331,123303,SD1,1329,1457,1059,-54,4587,3L,16,,,,Stratus,06069898,Dodge Stratus Sedan 1998 US
Dodge,Stratus,,,Sedan,,,gen1,1999,三厢车,4724,1821,1382,95186,SD1,1329,1457,1100,-54,4587,3L,16,,,,Stratus,06069999,Dodge Stratus Sedan 1999 US
Dodge,Stratus,,,Sedan,,,gen1,2000,三厢车,4724,1821,1377,128549,SD1,1329,1457,1096,-54,4587,3L,16,,,,Stratus,06060000,Dodge Stratus Sedan 2000 US
Dodge,Stratus,,,Sedan,,,gen2,2001-2006,三厢车,4856,1793,1394,625933,SD1,1309,1434,1098,-64,4684,3XL-0,194,,,,Stratus,06060106,Dodge Stratus Sedan 2001-2006 US
Dodge,Viper,,ACR,Coupe,,,gen3,2013-2017,跑车,4463,1941,1247,1516,SD0,1378,1312,1266,-78,4308,3M-0,97,,,,Viper,06181317,Dodge Viper ACR Coupe 2013-2017 US
Dodge,Viper,,,Convertible,,,gen1,2001,跑车,4488,1923,1118,639,SD0,1365,1300,1140,-84,4315,3M-0,72,,,,Viper,06180101,Dodge Viper Convertible 2001 US
Dodge,Viper,,,Convertible,,,gen2,2003-2006,跑车,4460,1910,1209,6037,SD0,1356,1291,1217,-88,4278,3M-0,100,,,,Viper,06180306,Dodge Viper Convertible 2003-2006 US
Dodge,Viper,,,Coupe,,,gen1,1992-1999,跑车,4448,1923,1118,10845,SD0,1365,1300,1140,-84,4278,3M-0,112,,,,Viper,06189299,Dodge Viper Coupe 1992-1999 US
Dodge,Viper,,,Coupe,,,gen1,2000-2002,跑车,4481,1923,1118,3361,SD0,1365,1300,1140,-84,4308,3M-0,79,,,,Viper,06180002,Dodge Viper Coupe 2000-2002 US
Dodge,Viper,,,Coupe,,,gen2,2006,跑车,4458,1910,1234,727,SD0,1356,1291,1240,-88,4276,3M-0,102,,,,Viper,06180606,Dodge Viper Coupe 2006 US
Dodge,Viper,,,Coupe,,,gen2,2008-2010,跑车,4463,1910,1234,1023,SD0,1356,1291,1240,-88,4280,3M-0,97,,,,Viper,06180810,Dodge Viper Coupe 2008-2010 US
Dodge,Viper,,,Coupe,,,gen3,2013-2015,跑车,4463,1941,1247,1419,SD0,1378,1312,1266,-78,4308,3M-0,97,,,,Viper,06181315,Dodge Viper Coupe 2013-2015 US
Dodge,Viper,,GTS,Coupe,,,gen3,2013-2015,跑车,4463,1941,1247,303,SD0,1378,1312,1266,-78,4308,3M-0,97,,,,Viper,06181315,Dodge Viper GTS Coupe 2013-2015 US
Dodge,Viper,,,Roadster,,,gen2,2008-2010,跑车,4463,1910,1234,1023,SD0,1356,1291,1240,-88,4280,3M-0,97,,,,Viper,06180810,Dodge Viper Roadster 2008-2010 US
FIAT,500L,,,Wagon,,,gen1,2014,两厢车,4244,1773,1669,12413,V0,1266,1293,1435,-110,4054,无可用尺码,,2L,超长,104,500L,41021414,FIAT 500L Wagon 2014 US
FIAT,500L,,,Wagon,,,gen1,2015,两厢车,4229,1773,1669,7863,V0,1266,1293,1435,-110,4040,无可用尺码,,2L,超长,89,500L,41021515,FIAT 500L Wagon 2015 US
FIAT,500L,,,Wagon,,,gen1,2016,两厢车,4270,1773,1669,3116,V0,1266,1293,1435,-110,4078,无可用尺码,,2L,超长,130,500L,41021616,FIAT 500L Wagon 2016 US
FIAT,500L,,,Wagon,,,gen1,2017,两厢车,4244,1783,1669,1664,V0,1273,1300,1439,-107,4063,无可用尺码,,2L,超长,104,500L,41021717,FIAT 500L Wagon 2017 US
FIAT,500L,,,Wagon,,,gen1,2018-2020,两厢车,4242,1783,1659,2659,V0,1273,1300,1431,-107,4061,无可用尺码,,2L,超长,102,500L,41021820,FIAT 500L Wagon 2018-2020 US
Fiat,124 Spider,,Abarth,Convertible,,,gen2,2017-2020,跑车,4054,1740,1232,10711,SD0,1235,1176,1161,-147,3755,3S-0,166,,,,124 Spider,41031720,Fiat 124 Spider Abarth Convertible 2017-2020 US
Fiat,500,,Abarth,Convertible,,,gen2,2012-2019,跑车,3668,1628,1519,5806,H1,1172,1214,1151,-154,3356,无可用尺码,,3S-0,超余量,552,500,41001219,Fiat 500 Abarth Convertible 2012-2019 US
Fiat,500,,,Convertible,,,gen2,2012-2019,跑车,3668,1628,1519,27098,H1,1172,1214,1151,-154,3356,无可用尺码,,3S-0,超余量,552,500,41001219,Fiat 500 Convertible 2012-2019 US
Fiat,500,,,Hatchback,,,gen2,2012-2019,两厢车,3668,1628,1527,27096,H1,1172,1214,1158,-154,3356,2L,472,,,,500,41001219,Fiat 500 Hatchback 2012-2019 US
Fiat,500X,,,SUV,,,gen1,2016-2017,越野车,4247,1796,1613,20599,SU1,1315,1340,1284,-86,4090,YM,383,,,,500X,41011617,Fiat 500X SUV 2016-2017 US
Fiat,500X,,,SUV,,,gen1,2018,越野车,4272,1796,1618,7000,SU1,1315,1340,1288,-86,4113,YM,358,,,,500X,41011818,Fiat 500X SUV 2018 US
Fiat,500X,,,SUV,,,gen1,2019-2023,越野车,4247,1796,1618,8499,SU1,1315,1340,1288,-86,4090,YM,383,,,,500X,41011923,Fiat 500X SUV 2019-2023 US
Ford,Bronco,,2dr,SUV,,,gen1,1966-1977,越野车,3863,1748,1859,225585,JP,1335,1183,1423,-120,3623,无可用尺码,,YM,超余量,767,Bronco,01166677,Ford Bronco 2dr SUV 1966-1977 US
Ford,Bronco,,2dr,SUV,,,gen2,1978-1979,越野车,4580,2014,1918,181955,JP,1539,1363,1575,-24,4520,YM,50,,,,Bronco,01167879,Ford Bronco 2dr SUV 1978-1979 US
Ford,Bronco,,2dr,SUV,,,gen3,1980-1986,越野车,4511,1961,1852,322429,JP,1498,1328,1502,-44,4409,YM,119,,,,Bronco,01168086,Ford Bronco 2dr SUV 1980-1986 US
Ford,Bronco,,2dr,SUV,,,gen4,1987-1990,越野车,4585,2009,1892,210450,JP,1535,1360,1553,-26,4520,YM,45,,,,Bronco,01168790,Ford Bronco 2dr SUV 1987-1990 US
Ford,Bronco,,2dr,SUV,,,gen4,1991,越野车,4585,2009,1885,25001,JP,1535,1360,1547,-26,4520,YM,45,,,,Bronco,01169191,Ford Bronco 2dr SUV 1991 US
Ford,Bronco,,2dr,SUV,,,gen5,1992-1996,越野车,4663,2009,1892,162703,JP,1535,1360,1553,-26,4592,YL,187,,,,Bronco,01169296,Ford Bronco 2dr SUV 1992-1996 US
Ford,Bronco,,2dr,SUV,,,gen6,2022-2023,越野车,4440,1928,1826,74241,JP,1473,1305,1468,-56,4314,YM,190,,,,Bronco,01162223,Ford Bronco 2dr SUV 2022-2023 US
Ford,Bronco,,2dr,SUV,,,gen6,2024-2025,越野车,4412,1938,1882,85060,JP,1481,1312,1517,-52,4298,YM,218,,,,Bronco,01162425,Ford Bronco 2dr SUV 2024-2025 US
Ford,Bronco,,2dr,SUV,,,gen6,2026,越野车,4412,1928,1882,50000,JP,1473,1305,1513,-56,4288,YM,218,,,,Bronco,01162626,Ford Bronco 2dr SUV 2026 US
Ford,Bronco,,4dr Raptor,SUV,,,gen6,2022-2026,越野车,4851,2177,1976,209301,JP,1663,1474,1686,34,4917,YXL,169,,,,Bronco,01162226,Ford Bronco 4dr Raptor SUV 2022-2026 US
Ford,Bronco,,4dr,SUV,,,gen6,2021-2026,越野车,4813,1928,1854,244322,JP,1473,1305,1490,-56,4655,YL,37,,,,Bronco,01162126,Ford Bronco 4dr SUV 2021-2026 US
Ford,Bronco Sport,,4dr Badlands,SUV,,,gen1,2021-2024,越野车,4387,1887,1814,229948,SU2,1321,1566,1420,-28,4303,YM,243,,,,Bronco Sport,01172124,Ford Bronco Sport 4dr Badlands SUV 2021-2024 US
Ford,Bronco Sport,,4dr,SUV,,,gen1,2021-2023,越野车,4387,1887,1814,167595,SU2,1321,1566,1420,-28,4303,YM,243,,,,Bronco Sport,01172123,Ford Bronco Sport 4dr SUV 2021-2023 US
Ford,Bronco Sport,,4dr,SUV,,,gen1,2024-2026,越野车,4387,1887,1783,339843,SU2,1321,1566,1396,-28,4303,YM,243,,,,Bronco Sport,01172426,Ford Bronco Sport 4dr SUV 2024-2026 US
Ford,C-MAX,,,Hatchback,,,gen1,2013-2018,两厢车,4409,1829,1623,107810,H1,1317,1364,1318,-80,4220,无可用尺码,,2L,超长,269,CMax,01261318,Ford C-MAX Hatchback 2013-2018 US
Ford,C-MAX,,PHEV,Hatchback,,,gen1,2013-2017,两厢车,4409,1829,1621,21670,H1,1317,1364,1316,-80,4220,无可用尺码,,2L,超长,269,CMax,01261317,Ford C-MAX PHEV Hatchback 2013-2017 US
Ford,Crown Victoria,,,Sedan,,,gen1,1983-1987,三厢车,5359,1968,1405,300000,SD2,1968,1968,1197,234,5827,4XL-0,341,,,,LTD | LTD Crown Victoria,01158387,Ford Crown Victoria Sedan 1983-1987 US
Ford,Crown Victoria,,,Sedan,,,gen1,1988,三厢车,5359,1968,1410,75000,SD2,1968,1968,1201,234,5827,4XL-0,341,,,,LTD Crown Victoria,01158888,Ford Crown Victoria Sedan 1988 US
Ford,Crown Victoria,,,Sedan,,,gen2,1992-1994,三厢车,5395,1976,1443,289725,SD2,1976,1976,1231,238,5871,4XL-0,305,,,,Crown Victoria,01159294,Ford Crown Victoria Sedan 1992-1994 US
Ford,Crown Victoria,,,Sedan,,,gen2,1995-1996,三厢车,5385,1976,1443,206952,SD2,1976,1976,1231,238,5861,4XL-0,315,,,,Crown Victoria,01159596,Ford Crown Victoria Sedan 1995-1996 US
Ford,Crown Victoria,,,Sedan,,,gen2,1997-2004,三厢车,5385,1986,1443,750453,SD2,1986,1986,1235,243,5871,4XL-0,315,,,,Crown Victoria,01159704,Ford Crown Victoria Sedan 1997-2004 US
Ford,Crown Victoria,,,Sedan,,,gen2,2005,三厢车,5385,1963,1443,63939,SD2,1963,1963,1226,232,5848,4XL-0,315,,,,Crown Victoria,01150505,Ford Crown Victoria Sedan 2005 US
Ford,Crown Victoria,,,Sedan,,,gen2,2006,三厢车,5385,1989,1481,62976,SD2,1989,1989,1268,244,5874,4XL-0,315,,,,Crown Victoria,01150606,Ford Crown Victoria Sedan 2006 US
Ford,Crown Victoria,,,Sedan,,,gen2,2007,三厢车,5385,1963,1481,60901,SD2,1963,1963,1257,232,5848,4XL-0,315,,,,Crown Victoria,01150707,Ford Crown Victoria Sedan 2007 US
Ford,Crown Victoria,,,Sedan,,,gen2,2008-2011,三厢车,5385,1963,1443,162259,SD2,1963,1963,1226,232,5848,4XL-0,315,,,,Crown Victoria,01150811,Ford Crown Victoria Sedan 2008-2011 US
Ford,EcoSport,,,SUV,,,gen1,2018-2022,越野车,4097,1765,1654,249453,SU1,1292,1317,1305,-98,3922,YM,533,,,,EcoSport,01211822,Ford EcoSport SUV 2018-2022 US
Ford,Edge,,,SUV,,,gen1,2007-2010,越野车,4717,1925,1702,448108,SU1,1409,1436,1408,-39,4644,YL,133,,,,Edge,01140710,Ford Edge SUV 2007-2010 US
Ford,Edge,,,SUV,,,gen1,2011-2014,越野车,4679,1930,1702,487644,SU1,1413,1440,1410,-37,4613,YL,171,,,,Edge,01141114,Ford Edge SUV 2011-2014 US
Ford,Edge,,,SUV,,,gen2,2015-2018,越野车,4778,1928,1742,535433,SU1,1411,1438,1442,-38,4703,YL,72,,,,Edge,01141518,Ford Edge SUV 2015-2018 US
Ford,Edge,,,SUV,,,gen2,2019-2024,越野车,4796,1928,1735,590625,SU1,1411,1438,1436,-38,4720,YL,54,,,,Edge,01141924,Ford Edge SUV 2019-2024 US
Ford,Escape,,,SUV,,,gen1,2001-2004,越野车,4394,1781,1755,660673,SU2,1247,1478,1332,-69,4212,YM,236,,,,Escape,01070104,Ford Escape SUV 2001-2004 US
Ford,Escape,,,SUV,,,gen1,2005-2007,越野车,4442,1781,1788,488113,SU2,1247,1478,1358,-69,4256,YM,188,,,,Escape,01070507,Ford Escape SUV 2005-2007 US
Ford,Escape,,,SUV,,,gen2,2008-2009,越野车,4437,1806,1727,329588,SU2,1264,1499,1320,-59,4275,YM,193,,,,Escape,01070809,Ford Escape SUV 2008-2009 US
Ford,Escape,,,SUV,,,gen2,2010,越野车,4437,1806,1722,191026,SU2,1264,1499,1316,-59,4275,YM,193,,,,Escape,01071010,Ford Escape SUV 2010 US
Ford,Escape,,,SUV,,,gen2,2011-2012,越野车,4437,1806,1727,533967,SU2,1264,1499,1320,-59,4275,YM,193,,,,Escape,01071112,Ford Escape SUV 2011-2012 US
Ford,Escape,,,SUV,,,gen3,2013-2019,越野车,4524,1839,1684,2037674,SU1,1346,1372,1359,-70,4386,YM,106,,,,Escape,01071319,Ford Escape SUV 2013-2019 US
Ford,Escape,,,SUV,,,gen4,2020-2022,越野车,4605,1882,1679,461280,SU1,1378,1404,1372,-54,4500,YM,25,,,,Escape,01072022,Ford Escape SUV 2020-2022 US
Ford,Escape,,,SUV,,,gen4,2023-2026,越野车,4585,1882,1676,466968,SU1,1378,1404,1370,-54,4482,YM,45,,,,Escape,01072326,Ford Escape SUV 2023-2026 US
Ford,Escort,,,Hatchback,,,gen1,1981-1990,两厢车,4303,1674,1364,676670,H0,1202,1225,1033,-143,3999,无可用尺码,,2L,超长,163,Escort,01098190,Ford Escort Hatchback 1981-1990 US
Ford,Escort,,,Hatchback,,,gen2,1991-1996,两厢车,4318,1694,1334,463336,H0,1216,1240,1017,-136,4031,无可用尺码,,2L,超长,178,Escort,01099196,Ford Escort Hatchback 1991-1996 US
Ford,Escort,,,Sedan,,,gen1,1981-1990,三厢车,4303,1674,1356,676666,SD2,1674,1674,1037,87,4477,3L,437,,,,Escort,01098190,Ford Escort Sedan 1981-1990 US
Ford,Escort,,,Sedan,,,gen2,1991-1996,三厢车,4341,1694,1339,463333,SD1,1237,1355,1014,-102,4113,3L,399,,,,Escort,01099196,Ford Escort Sedan 1991-1996 US
Ford,Escort,,,Sedan,,,gen3,1997-1998,三厢车,4437,1702,1354,251093,SD1,1242,1362,1029,-99,4209,3L,303,,,,Escort,01099798,Ford Escort Sedan 1997-1998 US
Ford,Escort,,,Sedan,,,gen3,1999,三厢车,4328,1702,1354,117639,SD1,1242,1362,1029,-99,4108,3L,412,,,,Escort,01099999,Ford Escort Sedan 1999 US
Ford,Escort,,,Sedan,,,gen3,2000-2002,三厢车,4432,1702,1354,208432,SD1,1242,1362,1029,-99,4205,3L,308,,,,Escort,01090002,Ford Escort Sedan 2000-2002 US
Ford,Escort,,,Wagon,,,gen1,1981-1990,两厢车,4303,1674,1356,676664,H3,1277,1267,1004,-114,4059,无可用尺码,,2L,超长,163,Escort,01098190,Ford Escort Wagon 1981-1990 US
Ford,Escort,,,Wagon,,,gen2,1991-1996,两厢车,4351,1694,1361,463331,H2,1189,1270,1025,-135,4043,无可用尺码,,2L,超长,211,Escort,01099196,Ford Escort Wagon 1991-1996 US
Ford,Escort,,,Wagon,,,gen3,1997-1999,两厢车,4387,1702,1369,368731,H2,1195,1276,1035,-132,4084,无可用尺码,,2L,超长,247,Escort,01099799,Ford Escort Wagon 1997-1999 US
Ford,Escort,,ZX2,Coupe,,,gen3,1998-2003,跑车,4450,1712,1323,127722,SD1,1250,1370,1008,-95,4231,3M-0,110,,,,Escort,01099803,Ford Escort ZX2 Coupe 1998-2003 US
Ford,Excursion,,,SUV,,,gen1,2000-2005,越野车,5758,2029,2037,177090,SU2,1420,1684,1652,26,5703,无可用尺码,,YXL,超长,738,Excursion,01240005,Ford Excursion SUV 2000-2005 US
Ford,Expedition,,EL,SUV,,,gen3,2007-2014,越野车,5621,2002,1974,66866,SU2,1401,1662,1591,16,5551,无可用尺码,,YXL,超长,601,Expedition,01130714,Ford Expedition EL SUV 2007-2014 US
Ford,Expedition,,EL,SUV,,,gen3,2015-2017,越野车,5608,2002,1974,27028,SU2,1401,1662,1591,16,5539,无可用尺码,,YXL,超长,588,Expedition,01131517,Ford Expedition EL SUV 2015-2017 US
Ford,Expedition,,MAX,SUV,,,gen4,2018-2021,越野车,5636,2029,1946,53101,SU2,1420,1684,1580,26,5590,无可用尺码,,YXL,超长,616,Expedition,01131821,Ford Expedition MAX SUV 2018-2021 US
Ford,Expedition,,MAX,SUV,,,gen4,2022,越野车,5636,2029,1941,10942,SU2,1420,1684,1576,26,5590,无可用尺码,,YXL,超长,616,Expedition,01132222,Ford Expedition MAX SUV 2022 US
Ford,Expedition,,MAX,SUV,,,gen4,2023-2024,越野车,5636,2029,1946,22128,SU2,1420,1684,1580,26,5590,无可用尺码,,YXL,超长,616,Expedition,01132324,Ford Expedition MAX SUV 2023-2024 US
Ford,Expedition,,MAX,SUV,,,gen5,2025-2026,越野车,5631,2032,1981,68000,SU2,1422,1687,1609,27,5588,无可用尺码,,YXL,超长,611,Expedition,01132526,Ford Expedition MAX SUV 2025-2026 US
Ford,Expedition,,,SUV,,,gen1,1997-2000,越野车,5197,1996,1946,862895,SU2,1397,1657,1567,14,5154,无可用尺码,,YXL,超长,177,Expedition,01139700,Ford Expedition SUV 1997-2000 US
Ford,Expedition,,,SUV,,,gen1,2001,越野车,5197,1996,1991,178045,SU2,1397,1657,1602,14,5154,无可用尺码,,YXL,超长,177,Expedition,01130101,Ford Expedition SUV 2001 US
Ford,Expedition,,,SUV,,,gen1,2002,越野车,5227,1999,1991,163454,SU2,1399,1659,1604,14,5184,无可用尺码,,YXL,超长,207,Expedition,01130202,Ford Expedition SUV 2002 US
Ford,Expedition,,,SUV,,,gen2,2003-2004,越野车,5227,1999,1971,341047,SU2,1399,1659,1588,14,5184,无可用尺码,,YXL,超长,207,Expedition,01130304,Ford Expedition SUV 2003-2004 US
Ford,Expedition,,,SUV,,,gen2,2005-2006,越野车,5227,1999,1948,201340,SU2,1399,1659,1570,14,5184,无可用尺码,,YXL,超长,207,Expedition,01130506,Ford Expedition SUV 2005-2006 US
Ford,Expedition,,,SUV,,,gen3,2007-2014,越野车,5245,2002,1961,312037,SU2,1401,1662,1581,16,5203,无可用尺码,,YXL,超长,225,Expedition,01130714,Ford Expedition SUV 2007-2014 US
Ford,Expedition,,,SUV,,,gen3,2015-2017,越野车,5232,2002,1961,126133,SU2,1401,1662,1581,16,5191,无可用尺码,,YXL,超长,212,Expedition,01131517,Ford Expedition SUV 2015-2017 US
Ford,Expedition,,,SUV,,,gen4,2018-2024,越野车,5334,2029,1946,402142,SU2,1420,1684,1580,26,5311,无可用尺码,,YXL,超长,314,Expedition,01131824,Ford Expedition SUV 2018-2024 US
Ford,Expedition,,Tremor,SUV,,,gen5,2025-2026,越野车,5331,2032,2004,68000,SU2,1422,1687,1627,27,5311,无可用尺码,,YXL,超长,311,Expedition,01132526,Ford Expedition Tremor SUV 2025-2026 US
Ford,Explorer,,,SUV,,,gen1,1991-1994,越野车,4430,1783,1714,1170487,SU2,1248,1480,1301,-68,4247,YM,200,,,,Explorer,01049194,Ford Explorer SUV 1991-1994 US
Ford,Explorer,,,SUV,,,gen2,1995-1997,越野车,4536,1783,1702,1181742,SU2,1248,1480,1291,-68,4345,YM,94,,,,Explorer,01049597,Ford Explorer SUV 1995-1997 US
Ford,Explorer,,,SUV,,,gen2,1998,越野车,4562,1783,1702,431488,SU2,1248,1480,1291,-68,4369,YM,68,,,,Explorer,01049898,Ford Explorer SUV 1998 US
Ford,Explorer,,,SUV,,,gen2,1999-2000,越野车,4592,1783,1702,873929,SU2,1248,1480,1291,-68,4397,YM,38,,,,Explorer,01049900,Ford Explorer SUV 1999-2000 US
Ford,Explorer,,,SUV,,,gen2,2001,越野车,4582,1783,1732,223957,SU2,1248,1480,1315,-68,4388,YM,48,,,,Explorer | Explorer Sport | Explorer Sport Trac,01040101,Ford Explorer SUV 2001 US
Ford,Explorer,,,SUV,,,gen3,2002,越野车,4912,1872,1849,233610,SU2,1310,1554,1442,-34,4775,YXL,108,,,,Explorer | Explorer Sport | Explorer Sport Trac,01040202,Ford Explorer SUV 2002 US
Ford,Explorer,,,SUV,,,gen3,2003-2005,越野车,4813,1831,1826,512745,SU2,1282,1520,1408,-50,4646,YL,37,,,,Explorer | Explorer Sport | Explorer Sport Trac,01040305,Ford Explorer SUV 2003-2005 US
Ford,Explorer,,,SUV,,,gen4,2006,越野车,4912,1867,1849,179229,SU2,1307,1550,1440,-36,4771,YXL,108,,,,Explorer,01040606,Ford Explorer SUV 2006 US
Ford,Explorer,,,SUV,,,gen4,2007-2010,越野车,4912,1872,1849,329133,SU2,1310,1554,1442,-34,4775,YXL,108,,,,Explorer | Explorer Sport Trac,01040710,Ford Explorer SUV 2007-2010 US
Ford,Explorer,,,SUV,,,gen5,2011-2015,越野车,5006,2004,1803,961993,SU1,1467,1495,1522,-10,4984,YXL,14,,,,Explorer,01041115,Ford Explorer SUV 2011-2015 US
Ford,Explorer,,,SUV,,,gen5,2016-2018,越野车,5037,2004,1803,781209,SU1,1467,1495,1522,-10,5013,无可用尺码,,YXL,超长,17,Explorer,01041618,Ford Explorer SUV 2016-2018 US
Ford,Explorer,,,SUV,,,gen6,2020-2024,越野车,5062,2004,1796,967501,SU1,1467,1495,1516,-10,5036,无可用尺码,,YXL,超长,42,Explorer,01042024,Ford Explorer SUV 2020-2024 US
Ford,Explorer,,,SUV,,,gen6,2025,越野车,5050,2004,1775,190000,SU1,1467,1495,1499,-10,5025,无可用尺码,,YXL,超长,30,Explorer,01042525,Ford Explorer SUV 2025 US
Ford,Explorer,,Sport Trac,Pickup,Crew,4.2,gen2,2001-2005,皮卡,5227,1869,1808,831695,P1,1430,1691,1414,-35,5305,PK-S,73,,,,Explorer | Explorer Sport | Explorer Sport Trac,01040105,Ford Explorer Sport Trac Pickup 2001-2005 Crew 4.2 US
Ford,Explorer,,Timberline,SUV,,,gen6,2023-2024,越野车,5050,2004,1796,67211,SU1,1467,1495,1516,-10,5025,无可用尺码,,YXL,超长,30,Explorer,01042324,Ford Explorer Timberline SUV 2023-2024 US
Ford,F-100,,,Pickup,Regular,6.5,gen1,1953-1956,皮卡,4803,1923,1913,681667,P1,1471,1740,1518,-14,4950,PK-S,497,,,,F100,01055356,Ford F-100 Pickup 1953-1956 Regular 6.5 US
Ford,F-100,,,Pickup,Regular,8,gen1,1956,皮卡,5161,1923,1913,63333,P1,1471,1740,1518,-14,5294,PK-S,139,,,,F100,01055656,Ford F-100 Pickup 1956 Regular 8 US
Ford,F-100,,,Pickup,Regular,6.5,gen2,1957-1960,皮卡,4877,2007,1905,493334,P1,1535,1816,1545,18,5102,PK-S,423,,,,F100,01055760,Ford F-100 Pickup 1957-1960 Regular 6.5 US
Ford,F-100,,,Pickup,Regular,8,gen2,1957-1960,皮卡,5080,2007,1905,246666,P1,1535,1816,1545,18,5296,PK-S,220,,,,F100,01055760,Ford F-100 Pickup 1957-1960 Regular 8 US
Ford,F-100,,,Pickup,Regular,6.5,gen3,1961-1964,皮卡,4831,2027,1905,513333,P0,1405,1727,1553,-48,4947,PK-S,469,,,,F100,01056164,Ford F-100 Pickup 1961-1964 Regular 6.5 US
Ford,F-100,,,Pickup,Regular,8,gen3,1961-1964,皮卡,5034,2027,1905,256667,P0,1405,1727,1553,-48,5137,PK-S,266,,,,F100,01056164,Ford F-100 Pickup 1961-1964 Regular 8 US
Ford,F-100,,,Pickup,Regular,6.5,gen3,1965-1966,皮卡,4636,2027,1905,323334,P0,1405,1727,1553,-48,4763,无可用尺码,,PK-S,超余量,664,F100,01056566,Ford F-100 Pickup 1965-1966 Regular 6.5 US
Ford,F-100,,,Pickup,Regular,8,gen3,1965-1966,皮卡,5138,2027,1905,161666,P0,1405,1727,1553,-48,5235,PK-S,162,,,,F100,01056566,Ford F-100 Pickup 1965-1966 Regular 8 US
Ford,F-100,,,Pickup,Regular,6.5,gen4,1967,皮卡,4859,2027,1905,180000,P0,1405,1727,1553,-48,4973,PK-S,441,,,,F100,01056767,Ford F-100 Pickup 1967 Regular 6.5 US
Ford,F-100,,,Pickup,Regular,8,gen4,1967,皮卡,5367,2027,1905,90000,P0,1405,1727,1553,-48,5450,PK-L,533,,,,F100,01056767,Ford F-100 Pickup 1967 Regular 8 US
Ford,F-100,,,Pickup,Regular,6.5,gen4,1968-1972,皮卡,4636,2027,1905,996666,P0,1405,1727,1553,-48,4763,无可用尺码,,PK-S,超余量,664,F100,01056872,Ford F-100 Pickup 1968-1972 Regular 6.5 US
Ford,F-100,,,Pickup,Regular,8,gen4,1968-1972,皮卡,5138,2027,1905,498334,P0,1405,1727,1553,-48,5235,PK-S,162,,,,F100,01056872,Ford F-100 Pickup 1968-1972 Regular 8 US
Ford,F-100,,,Pickup,Regular,6.8,gen5,1973-1979,皮卡,4953,2022,1803,518889,P0,1401,1723,1470,-50,5056,PK-S,347,,,,F100,01057379,Ford F-100 Pickup 1973-1979 Regular 6.8 US
Ford,F-100,,,Pickup,Regular,8,gen5,1973-1979,皮卡,5359,2022,1803,259445,P0,1401,1723,1470,-50,5438,PK-L,541,,,,F100,01057379,Ford F-100 Pickup 1973-1979 Regular 8 US
Ford,F-100,,,Pickup,SuperCab,6.8,gen5,1974-1979,皮卡,5512,2022,1803,571111,P0,1401,1723,1470,-50,5582,PK-L,388,,,,F100,01057479,Ford F-100 Pickup 1974-1979 SuperCab 6.8 US
Ford,F-100,,,Pickup,SuperCab,8,gen5,1974-1979,皮卡,5918,2022,1803,285555,P0,1401,1723,1470,-50,5964,PK-XL,282,,,,F100,01057479,Ford F-100 Pickup 1974-1979 SuperCab 8 US
Ford,F-100,,,Pickup,Regular,6.8,gen6,1980-1983,皮卡,4879,1956,1755,153333,P0,1356,1667,1406,-72,4925,PK-S,421,,,,F100,01058083,Ford F-100 Pickup 1980-1983 Regular 6.8 US
Ford,F-100,,,Pickup,Regular,8,gen6,1980-1983,皮卡,5291,1956,1753,76667,P0,1356,1667,1405,-72,5312,PK-S,9,,,,F100,01058083,Ford F-100 Pickup 1980-1983 Regular 8 US
Ford,F-150,,Lightning,Pickup,SuperCrew,5.5,gen14,2022-2025,皮卡,5911,2032,1989,217171,P0,1408,1731,1621,-46,5966,PK-XL,289,,,,F150 | F150 Lightning,01002225,Ford F-150 Lightning Pickup 2022-2025 SuperCrew 5.5 US
Ford,F-150,,,Pickup,Regular,6.5,gen9,1992-1996,皮卡,5006,2007,1803,962000,P0,1391,1710,1464,-54,5092,PK-S,294,,,,F150,01009296,Ford F-150 Pickup 1992-1996 Regular 6.5 US
Ford,F-150,,,Pickup,Regular,8,gen9,1992-1996,皮卡,5418,2007,1803,481000,P0,1391,1710,1464,-54,5480,PK-L,482,,,,F150,01009296,Ford F-150 Pickup 1992-1996 Regular 8 US
Ford,F-150,,,Pickup,SuperCab,8,gen9,1992-1996,皮卡,5977,2007,1880,962000,P0,1391,1710,1525,-54,6005,PK-XL,223,,,,F150,01009296,Ford F-150 Pickup 1992-1996 SuperCab 8 US
Ford,F-150,,,Pickup,SuperCab,6.5,gen9,1994-1995,皮卡,5565,2007,1798,540000,P0,1391,1710,1460,-54,5618,PK-L,335,,,,F150,01009495,Ford F-150 Pickup 1994-1995 SuperCab 6.5 US
Ford,F-150,,,Pickup,Regular,6.5,gen10,1997-1998,皮卡,5268,2027,1847,351721,P0,1405,1727,1507,-48,5357,PK-S,32,,,,F150,01009798,Ford F-150 Pickup 1997-1998 Regular 6.5 US
Ford,F-150,,,Pickup,Regular,8,gen10,1997-1998,皮卡,5702,2019,1847,175860,P0,1399,1720,1504,-50,5758,PK-L,198,,,,F150,01009798,Ford F-150 Pickup 1997-1998 Regular 8 US
Ford,F-150,,,Pickup,SuperCab,6.5,gen10,1997-1998,皮卡,5702,2009,1847,703440,P0,1392,1712,1500,-54,5748,PK-L,198,,,,F150,01009798,Ford F-150 Pickup 1997-1998 SuperCab 6.5 US
Ford,F-150,,,Pickup,SuperCab,8,gen10,1997-1998,皮卡,6119,2019,1847,351719,P0,1399,1720,1504,-50,6150,PK-XL,81,,,,F150,01009798,Ford F-150 Pickup 1997-1998 SuperCab 8 US
Ford,F-150,,,Pickup,Regular,6.5,gen10,1999-2003,皮卡,5283,2014,1918,864495,P0,1396,1716,1558,-52,5359,PK-S,17,,,,F150,01009903,Ford F-150 Pickup 1999-2003 Regular 6.5 US
Ford,F-150,,,Pickup,Regular,8,gen10,1999-2003,皮卡,5743,2019,1918,432247,P0,1399,1720,1560,-50,5796,PK-L,157,,,,F150,01009903,Ford F-150 Pickup 1999-2003 Regular 8 US
Ford,F-150,,,Pickup,SuperCab,6.5,gen10,1999-2003,皮卡,5738,2019,1918,1728989,P0,1399,1720,1560,-50,5792,PK-L,162,,,,F150,01009903,Ford F-150 Pickup 1999-2003 SuperCab 6.5 US
Ford,F-150,,,Pickup,SuperCrew,5.5,gen10,2001-2002,皮卡,5738,2029,1953,1290870,P0,1406,1729,1591,-47,5801,PK-L,162,,,,F150,01000102,Ford F-150 Pickup 2001-2002 SuperCrew 5.5 US
Ford,F-150,,,Pickup,Regular,6.5,gen11,2004-2008,皮卡,5372,2004,1920,276483,P0,1389,1707,1555,-56,5433,PK-L,528,,,,F150 | F150 Heritage,01000408,Ford F-150 Pickup 2004-2008 Regular 6.5 US
Ford,F-150,,,Pickup,Regular,8,gen11,2004-2008,皮卡,5845,2004,1920,138241,P0,1389,1707,1555,-56,5878,PK-L,55,,,,F150 | F150 Heritage,01000408,Ford F-150 Pickup 2004-2008 Regular 8 US
Ford,F-150,,,Pickup,SuperCab,6.5,gen11,2004-2008,皮卡,5837,2004,1920,552965,P0,1389,1707,1555,-56,5871,PK-L,63,,,,F150 | F150 Heritage,01000408,Ford F-150 Pickup 2004-2008 SuperCab 6.5 US
Ford,F-150,,,Pickup,SuperCrew,5.5,gen11,2004-2008,皮卡,5690,2004,1930,2875426,P0,1389,1707,1563,-56,5732,PK-L,210,,,,F150 | F150 Heritage,01000408,Ford F-150 Pickup 2004-2008 SuperCrew 5.5 US
Ford,F-150,,,Pickup,SuperCrew,5.5,gen12,2009-2013,皮卡,5890,2012,1948,1229309,P0,1394,1714,1581,-53,5928,PK-L,10,,,,F150,01000913,Ford F-150 Pickup 2009-2013 SuperCrew 5.5 US
Ford,F-150,,,Pickup,Regular,6.5,gen12,2009-2014,皮卡,5415,2012,1930,167520,P0,1394,1714,1567,-53,5481,PK-L,485,,,,F150,01000914,Ford F-150 Pickup 2009-2014 Regular 6.5 US
Ford,F-150,,,Pickup,Regular,8,gen12,2009-2014,皮卡,5890,2012,1935,83760,P0,1394,1714,1570,-53,5928,PK-L,10,,,,F150,01000914,Ford F-150 Pickup 2009-2014 Regular 8 US
Ford,F-150,,,Pickup,SuperCab,6.5,gen12,2009-2014,皮卡,5890,2012,1938,335041,P0,1394,1714,1573,-53,5928,PK-L,10,,,,F150,01000914,Ford F-150 Pickup 2009-2014 SuperCab 6.5 US
Ford,F-150,,,Pickup,SuperCab,8,gen12,2009-2014,皮卡,6360,2012,1948,167519,P0,1394,1714,1581,-53,6370,PK-XXL-645,90,,,,F150,01000914,Ford F-150 Pickup 2009-2014 SuperCab 8 US
Ford,F-150,,,Pickup,SuperCrew,6.5,gen12,2009-2014,皮卡,6195,2012,1943,1340161,P0,1394,1714,1577,-53,6215,PK-XL,5,,,,F150,01000914,Ford F-150 Pickup 2009-2014 SuperCrew 6.5 US
Ford,F-150,,,Pickup,SuperCrew,5.5,gen13,2015-2018,皮卡,5890,2029,1953,1563108,P0,1406,1729,1591,-47,5944,PK-L,10,,,,F150,01001518,Ford F-150 Pickup 2015-2018 SuperCrew 5.5 US
Ford,F-150,,,Pickup,Regular,6.5,gen13,2015-2020,皮卡,5316,2029,1953,260461,P0,1406,1729,1591,-47,5404,无可用尺码,,PK-S,超长,16,F150,01001520,Ford F-150 Pickup 2015-2020 Regular 6.5 US
Ford,F-150,,,Pickup,Regular,8,gen13,2015-2020,皮卡,5789,2029,1961,134776,P0,1406,1729,1598,-47,5849,PK-L,111,,,,F150,01001520,Ford F-150 Pickup 2015-2020 Regular 8 US
Ford,F-150,,,Pickup,SuperCab,6.5,gen13,2015-2020,皮卡,5890,2029,1961,502734,P0,1406,1729,1598,-47,5944,PK-L,10,,,,F150,01001520,Ford F-150 Pickup 2015-2020 SuperCab 6.5 US
Ford,F-150,,,Pickup,SuperCab,8,gen13,2015-2020,皮卡,6363,2029,1961,242274,P0,1406,1729,1598,-47,6388,PK-XXL-645,87,,,,F150,01001520,Ford F-150 Pickup 2015-2020 SuperCab 8 US
Ford,F-150,,,Pickup,SuperCrew,6.5,gen13,2015-2020,皮卡,6190,2029,1963,1901818,P0,1406,1729,1599,-47,6226,PK-XL,10,,,,F150,01001520,Ford F-150 Pickup 2015-2020 SuperCrew 6.5 US
Ford,F-150,,,Pickup,Regular,6.5,gen14,2021-2023,皮卡,5311,2029,1956,72241,P0,1406,1729,1594,-47,5400,无可用尺码,,PK-S,超长,11,F150 | F150 Lightning,01002123,Ford F-150 Pickup 2021-2023 Regular 6.5 US
Ford,F-150,,,Pickup,Regular,8,gen14,2021-2023,皮卡,5784,2029,1956,36121,P0,1406,1729,1594,-47,5844,PK-L,116,,,,F150 | F150 Lightning,01002123,Ford F-150 Pickup 2021-2023 Regular 8 US
Ford,F-150,,,Pickup,SuperCab,6.5,gen14,2021-2023,皮卡,5885,2029,1961,144481,P0,1406,1729,1598,-47,5939,PK-L,15,,,,F150 | F150 Lightning,01002123,Ford F-150 Pickup 2021-2023 SuperCab 6.5 US
Ford,F-150,,,Pickup,SuperCab,8,gen14,2021-2023,皮卡,6358,2029,1958,72241,P0,1406,1729,1595,-47,6384,PK-XXL-645,92,,,,F150 | F150 Lightning,01002123,Ford F-150 Pickup 2021-2023 SuperCab 8 US
Ford,F-150,,,Pickup,SuperCrew,5.5,gen14,2021-2023,皮卡,5885,2029,1961,751306,P0,1406,1729,1598,-47,5939,PK-L,15,,,,F150 | F150 Lightning,01002123,Ford F-150 Pickup 2021-2023 SuperCrew 5.5 US
Ford,F-150,,,Pickup,SuperCrew,6.5,gen14,2021-2023,皮卡,6185,2029,1971,577927,P0,1406,1729,1606,-47,6221,PK-XL,15,,,,F150 | F150 Lightning,01002123,Ford F-150 Pickup 2021-2023 SuperCrew 6.5 US
Ford,F-150,,,Pickup,Regular,6.5,gen14,2024-2026,皮卡,5319,2029,1956,71685,P0,1406,1729,1594,-47,5407,无可用尺码,,PK-S,超长,19,F150 | F150 Lightning,01002426,Ford F-150 Pickup 2024-2026 Regular 6.5 US
Ford,F-150,,,Pickup,Regular,8,gen14,2024-2026,皮卡,5794,2029,1956,35842,P0,1406,1729,1594,-47,5854,PK-L,106,,,,F150 | F150 Lightning,01002426,Ford F-150 Pickup 2024-2026 Regular 8 US
Ford,F-150,,,Pickup,SuperCab,6.5,gen14,2024-2026,皮卡,5893,2029,1961,143369,P0,1406,1729,1598,-47,5947,PK-L,7,,,,F150 | F150 Lightning,01002426,Ford F-150 Pickup 2024-2026 SuperCab 6.5 US
Ford,F-150,,,Pickup,SuperCrew,5.5,gen14,2024-2026,皮卡,5893,2029,1961,745523,P0,1406,1729,1598,-47,5947,PK-L,7,,,,F150 | F150 Lightning,01002426,Ford F-150 Pickup 2024-2026 SuperCrew 5.5 US
Ford,F-150,,,Pickup,SuperCrew,6.5,gen14,2024-2026,皮卡,6195,2029,1971,573479,P0,1406,1729,1606,-47,6231,PK-XL,5,,,,F150 | F150 Lightning,01002426,Ford F-150 Pickup 2024-2026 SuperCrew 6.5 US
Ford,F-150,,Raptor,Pickup,SuperCab,5.5,gen12,2010-2014,皮卡,5611,2192,1994,83269,P2,1578,1824,1620,39,5835,PK-L,289,,,,F150,01001014,Ford F-150 Raptor Pickup 2010-2014 SuperCab 5.5 US
Ford,F-150,,Raptor,Pickup,SuperCrew,5.5,gen12,2011-2014,皮卡,5895,2192,1994,282881,P2,1578,1824,1620,39,6102,PK-L,5,,,,F150,01001114,Ford F-150 Raptor Pickup 2011-2014 SuperCrew 5.5 US
Ford,F-150,,Raptor,Pickup,SuperCab,5.5,gen13,2017-2020,皮卡,5588,2192,1994,89920,P2,1578,1824,1620,39,5813,PK-L,312,,,,F150,01001720,Ford F-150 Raptor Pickup 2017-2020 SuperCab 5.5 US
Ford,F-150,,Raptor,Pickup,SuperCrew,5.5,gen13,2017-2020,皮卡,5890,2192,1994,396054,P2,1578,1824,1620,39,6097,PK-L,10,,,,F150,01001720,Ford F-150 Raptor Pickup 2017-2020 SuperCrew 5.5 US
Ford,F-150,,Raptor,Pickup,SuperCrew,5.5,gen14,2021-2026,皮卡,5908,2200,2027,320749,P2,1584,1830,1648,42,6122,PK-XL,292,,,,F150 | F150 Lightning,01002126,Ford F-150 Raptor Pickup 2021-2026 SuperCrew 5.5 US
Ford,F-150,,Raptor R,Pickup,SuperCrew,5.5,gen14,2023-2026,皮卡,5908,2210,2047,212347,P2,1591,1839,1668,46,6131,PK-XL,292,,,,,01002326,Ford F-150 Raptor R Pickup 2023-2026 SuperCrew 5.5 US
Ford,F-150,,Tremor,Pickup,SuperCrew,5.5,gen14,2021-2026,皮卡,5885,2029,2014,320749,P0,1406,1729,1639,-47,5939,PK-L,15,,,,F150 | F150 Lightning,01002126,Ford F-150 Tremor Pickup 2021-2026 SuperCrew 5.5 US
Ford,F-250/F-350 Super Duty,,,Pickup,SuperCab,8,gen1,1999-2000,皮卡,6177,2029,2042,112627,P1,1552,1836,1662,26,6370,PK-XL,23,,,,F250 | F250 Super Duty | F350 Super Duty,01019900,Ford F-250/F-350 Super Duty Pickup 1999-2000 SuperCab 8 US
Ford,F-250/F-350 Super Duty,,,Pickup,Crew,6.8,gen1,1999-2007,皮卡,6243,2029,2065,3945396,P1,1552,1836,1680,26,6433,PK-XXL-645,207,,,,F250 | F250 Super Duty | F350 Super Duty,01019907,Ford F-250/F-350 Super Duty Pickup 1999-2007 Crew 6.8 US
Ford,F-250/F-350 Super Duty,,,Pickup,Crew,8,gen1,1999-2007,皮卡,6655,2029,2052,1972697,P1,1552,1836,1669,26,6828,无可用尺码,,PK-XXL-645,超长,205,F250 | F250 Super Duty | F350 Super Duty,01019907,Ford F-250/F-350 Super Duty Pickup 1999-2007 Crew 8 US
Ford,F-250/F-350 Super Duty,,,Pickup,Regular,8,gen1,1999-2007,皮卡,5756,2029,2024,246586,P1,1552,1836,1647,26,5966,PK-L,144,,,,F250 | F250 Super Duty | F350 Super Duty,01019907,Ford F-250/F-350 Super Duty Pickup 1999-2007 Regular 8 US
Ford,F-250/F-350 Super Duty,,,Pickup,SuperCab,6.8,gen1,1999-2007,皮卡,5878,2029,2037,986349,P1,1552,1836,1658,26,6083,PK-L,22,,,,F250 | F250 Super Duty | F350 Super Duty,01019907,Ford F-250/F-350 Super Duty Pickup 1999-2007 SuperCab 6.8 US
Ford,F-250/F-350 Super Duty,,,Pickup,SuperCab,8,gen1,2001-2004,皮卡,6289,2029,2042,226478,P1,1552,1836,1662,26,6477,PK-XXL-645,161,,,,F250 | F250 Super Duty | F350 Super Duty,01010104,Ford F-250/F-350 Super Duty Pickup 2001-2004 SuperCab 8 US
Ford,F-250/F-350 Super Duty,,,Pickup,SuperCab,8,gen1,2005-2007,皮卡,6284,2029,2042,154070,P1,1552,1836,1662,26,6472,PK-XXL-645,166,,,,F250 | F250 Super Duty | F350 Super Duty,01010507,Ford F-250/F-350 Super Duty Pickup 2005-2007 SuperCab 8 US
Ford,F-250/F-350 Super Duty,,,Pickup,Crew,6.8,gen2,2008-2010,皮卡,6253,2029,2057,752251,P1,1552,1836,1673,26,6442,PK-XXL-645,197,,,,F250 | F250 Super Duty | F350 Super Duty,01010810,Ford F-250/F-350 Super Duty Pickup 2008-2010 Crew 6.8 US
Ford,F-250/F-350 Super Duty,,,Pickup,Crew,8,gen2,2008-2010,皮卡,6665,2029,2029,376126,P1,1552,1836,1651,26,6838,无可用尺码,,PK-XXL-645,超长,215,F250 | F250 Super Duty | F350 Super Duty,01010810,Ford F-250/F-350 Super Duty Pickup 2008-2010 Crew 8 US
Ford,F-250/F-350 Super Duty,,,Pickup,Regular,8,gen2,2008-2010,皮卡,5766,2029,2012,47016,P1,1552,1836,1638,26,5975,PK-L,134,,,,F250 | F250 Super Duty | F350 Super Duty,01010810,Ford F-250/F-350 Super Duty Pickup 2008-2010 Regular 8 US
Ford,F-250/F-350 Super Duty,,,Pickup,SuperCab,6.8,gen2,2008-2010,皮卡,5888,2029,2032,188063,P1,1552,1836,1654,26,6092,PK-L,12,,,,F250 | F250 Super Duty | F350 Super Duty,01010810,Ford F-250/F-350 Super Duty Pickup 2008-2010 SuperCab 6.8 US
Ford,F-250/F-350 Super Duty,,,Pickup,SuperCab,8,gen2,2008-2010,皮卡,6299,2029,2017,94031,P1,1552,1836,1642,26,6487,PK-XXL-645,151,,,,F250 | F250 Super Duty | F350 Super Duty,01010810,Ford F-250/F-350 Super Duty Pickup 2008-2010 SuperCab 8 US
Ford,F-250/F-350 Super Duty,,,Pickup,Crew,6.8,gen3,2011-2016,皮卡,6269,2029,2052,2244458,P1,1552,1836,1669,26,6458,PK-XXL-645,181,,,,F250 Super Duty | F350 Super Duty,01011116,Ford F-250/F-350 Super Duty Pickup 2011-2016 Crew 6.8 US
Ford,F-250/F-350 Super Duty,,,Pickup,Crew,8,gen3,2011-2016,皮卡,6680,2029,2027,1122229,P1,1552,1836,1650,26,6852,无可用尺码,,PK-XXL-645,超长,230,F250 Super Duty | F350 Super Duty,01011116,Ford F-250/F-350 Super Duty Pickup 2011-2016 Crew 8 US
Ford,F-250/F-350 Super Duty,,,Pickup,Regular,8,gen3,2011-2016,皮卡,5781,2029,2032,140279,P1,1552,1836,1654,26,5990,PK-L,119,,,,F250 Super Duty | F350 Super Duty,01011116,Ford F-250/F-350 Super Duty Pickup 2011-2016 Regular 8 US
Ford,F-250/F-350 Super Duty,,,Pickup,SuperCab,6.8,gen3,2011-2016,皮卡,5903,2029,2037,561115,P1,1552,1836,1658,26,6107,PK-XL,297,,,,F250 Super Duty | F350 Super Duty,01011116,Ford F-250/F-350 Super Duty Pickup 2011-2016 SuperCab 6.8 US
Ford,F-250/F-350 Super Duty,,,Pickup,SuperCab,8,gen3,2011-2016,皮卡,6314,2029,2037,280558,P1,1552,1836,1658,26,6501,PK-XXL-645,136,,,,F250 Super Duty | F350 Super Duty,01011116,Ford F-250/F-350 Super Duty Pickup 2011-2016 SuperCab 8 US
Ford,F-250/F-350 Super Duty,,,Pickup,Crew,6.8,gen4,2017-2022,皮卡,6350,2032,2070,2513525,P1,1554,1839,1685,27,6538,PK-XXL-645,100,,,,F250 Super Duty | F350 Super Duty,01011722,Ford F-250/F-350 Super Duty Pickup 2017-2022 Crew 6.8 US
Ford,F-250/F-350 Super Duty,,,Pickup,Crew,8,gen4,2017-2022,皮卡,6761,2032,2065,1256763,P1,1554,1839,1681,27,6932,无可用尺码,,PK-XXL-645,超长,311,F250 Super Duty | F350 Super Duty,01011722,Ford F-250/F-350 Super Duty Pickup 2017-2022 Crew 8 US
Ford,F-250/F-350 Super Duty,,,Pickup,Regular,8,gen4,2017-2022,皮卡,5888,2032,2065,157094,P1,1554,1839,1681,27,6095,PK-L,12,,,,F250 Super Duty | F350 Super Duty,01011722,Ford F-250/F-350 Super Duty Pickup 2017-2022 Regular 8 US
Ford,F-250/F-350 Super Duty,,,Pickup,SuperCab,6.8,gen4,2017-2022,皮卡,6050,2032,2070,628381,P1,1554,1839,1685,27,6251,PK-XL,150,,,,F250 Super Duty | F350 Super Duty,01011722,Ford F-250/F-350 Super Duty Pickup 2017-2022 SuperCab 6.8 US
Ford,F-250/F-350 Super Duty,,,Pickup,SuperCab,8,gen4,2017-2022,皮卡,6462,2032,2070,314190,P1,1554,1839,1685,27,6646,无可用尺码,,PK-XXL-645,超长,12,F250 Super Duty | F350 Super Duty,01011722,Ford F-250/F-350 Super Duty Pickup 2017-2022 SuperCab 8 US
Ford,F-250/F-350 Super Duty,,,Pickup,Crew,6.8,gen5,2023-2026,皮卡,6350,2032,2073,1365301,P1,1554,1839,1687,27,6538,PK-XXL-645,100,,,,F250 Super Duty | F350 Super Duty,01012326,Ford F-250/F-350 Super Duty Pickup 2023-2026 Crew 6.8 US
Ford,F-250/F-350 Super Duty,,,Pickup,Crew,8,gen5,2023-2026,皮卡,6761,2032,2068,682650,P1,1554,1839,1683,27,6932,无可用尺码,,PK-XXL-645,超长,311,F250 Super Duty | F350 Super Duty,01012326,Ford F-250/F-350 Super Duty Pickup 2023-2026 Crew 8 US
Ford,F-250/F-350 Super Duty,,,Pickup,Regular,8,gen5,2023-2026,皮卡,5888,2032,2073,85331,P1,1554,1839,1687,27,6095,PK-L,12,,,,F250 Super Duty | F350 Super Duty,01012326,Ford F-250/F-350 Super Duty Pickup 2023-2026 Regular 8 US
Ford,F-250/F-350 Super Duty,,,Pickup,SuperCab,6.8,gen5,2023-2026,皮卡,6050,2032,2073,341325,P1,1554,1839,1687,27,6251,PK-XL,150,,,,F250 Super Duty | F350 Super Duty,01012326,Ford F-250/F-350 Super Duty Pickup 2023-2026 SuperCab 6.8 US
Ford,F-250/F-350 Super Duty,,,Pickup,SuperCab,8,gen5,2023-2026,皮卡,6462,2032,2070,170663,P1,1554,1839,1685,27,6646,无可用尺码,,PK-XXL-645,超长,12,F250 Super Duty | F350 Super Duty,01012326,Ford F-250/F-350 Super Duty Pickup 2023-2026 SuperCab 8 US
Ford,F-350 Super Duty,,DRW,Pickup,Crew,8,gen1,1999-2004,皮卡,6543,2438,2065,4672099,DUAL,1524,1821,1644,12,6709,无可用尺码,,PK-XXL-645,超长,93,F350 Super Duty,01029904,Ford F-350 Super Duty DRW Pickup 1999-2004 Crew 8 US
Ford,F-350 Super Duty,,DRW,Pickup,Regular,8,gen1,1999-2007,皮卡,5756,2426,2075,849357,DUAL,1516,1812,1647,8,5978,PK-L,144,,,,F350 Super Duty,01029907,Ford F-350 Super Duty DRW Pickup 1999-2007 Regular 8 US
Ford,F-350 Super Duty,,DRW,Pickup,Crew,8,gen1,2005,皮卡,6650,2438,2075,801300,DUAL,1524,1821,1651,12,6806,无可用尺码,,PK-XXL-645,超长,200,F350 Super Duty,01020505,Ford F-350 Super Duty DRW Pickup 2005 Crew 8 US
Ford,F-350 Super Duty,,DRW,Pickup,Crew,8,gen1,2006-2007,皮卡,6650,2438,2065,1321447,DUAL,1524,1821,1644,12,6806,无可用尺码,,PK-XXL-645,超长,200,F350 Super Duty,01020607,Ford F-350 Super Duty DRW Pickup 2006-2007 Crew 8 US
Ford,F-350 Super Duty,,DRW,Pickup,Crew,8,gen2,2008-2010,皮卡,6665,2438,2055,1295545,DUAL,1524,1821,1637,12,6820,无可用尺码,,PK-XXL-645,超长,215,F350 Super Duty,01020810,Ford F-350 Super Duty DRW Pickup 2008-2010 Crew 8 US
Ford,F-350 Super Duty,,DRW,Pickup,Regular,8,gen2,2008-2010,皮卡,5766,2438,2037,161942,DUAL,1524,1821,1624,12,5998,PK-L,134,,,,F350 Super Duty,01020810,Ford F-350 Super Duty DRW Pickup 2008-2010 Regular 8 US
Ford,F-350 Super Duty,,DRW,Pickup,Crew,8,gen3,2011-2016,皮卡,6680,2438,2027,3865457,DUAL,1524,1821,1616,12,6834,无可用尺码,,PK-XXL-645,超长,230,F350 Super Duty,01021116,Ford F-350 Super Duty DRW Pickup 2011-2016 Crew 8 US
Ford,F-350 Super Duty,,DRW,Pickup,Regular,8,gen3,2011-2016,皮卡,5781,2438,2032,483182,DUAL,1524,1821,1620,12,6012,PK-L,119,,,,F350 Super Duty,01021116,Ford F-350 Super Duty DRW Pickup 2011-2016 Regular 8 US
Ford,F-350 Super Duty,,DRW,Pickup,Crew,8,gen4,2017-2019,皮卡,6761,2438,2060,2402329,DUAL,1524,1821,1640,12,6908,无可用尺码,,PK-XXL-645,超长,311,F350 Super Duty,01021719,Ford F-350 Super Duty DRW Pickup 2017-2019 Crew 8 US
Ford,F-350 Super Duty,,DRW,Pickup,Regular,8,gen4,2017-2022,皮卡,5888,2438,2062,541106,DUAL,1524,1821,1642,12,6110,PK-L,12,,,,F350 Super Duty,01021722,Ford F-350 Super Duty DRW Pickup 2017-2022 Regular 8 US
Ford,F-350 Super Duty,,DRW,Pickup,Crew,8,gen4,2020-2022,皮卡,6761,2438,2065,1926518,DUAL,1524,1821,1644,12,6908,无可用尺码,,PK-XXL-645,超长,311,F350 Super Duty,01022022,Ford F-350 Super Duty DRW Pickup 2020-2022 Crew 8 US
Ford,F-350 Super Duty,,DRW,Pickup,Crew,8,gen5,2023-2026,皮卡,6761,2438,2070,2182463,DUAL,1524,1821,1648,12,6908,无可用尺码,,PK-XXL-645,超长,311,F350 Super Duty,01022326,Ford F-350 Super Duty DRW Pickup 2023-2026 Crew 8 US
Ford,F-350 Super Duty,,DRW,Pickup,Regular,8,gen5,2023-2026,皮卡,5888,2438,2065,272807,DUAL,1524,1821,1644,12,6110,PK-L,12,,,,F350 Super Duty,01022326,Ford F-350 Super Duty DRW Pickup 2023-2026 Regular 8 US
Ford,Fiesta,,,Hatchback,,,gen6,2011,两厢车,4067,1697,1473,34287,H0,1218,1242,1130,-135,3803,2L,73,,,,Fiesta | Fiesta Ikon,01191111,Ford Fiesta Hatchback 2011 US
Ford,Fiesta,,,Hatchback,,,gen6,2012-2013,两厢车,4067,1722,1473,63925,H0,1236,1261,1141,-126,3826,2L,73,,,,Fiesta | Fiesta Ikon,01191213,Ford Fiesta Hatchback 2012-2013 US
Ford,Fiesta,,ST,Hatchback,,,gen6,2014-2017,两厢车,4067,1722,1453,39302,H0,1236,1261,1124,-126,3826,2L,73,,,,Fiesta | Fiesta Ikon,01191417,Ford Fiesta ST Hatchback 2014-2017 US
Ford,Fiesta,,ST,Hatchback,,,gen6,2018-2019,两厢车,4067,1722,1476,19743,H0,1236,1261,1143,-126,3826,2L,73,,,,Fiesta,01191819,Ford Fiesta ST Hatchback 2018-2019 US
Ford,Fiesta,,,Sedan,,,gen6,2011,三厢车,4409,1697,1473,34287,SD1,1239,1358,1123,-101,4179,3L,331,,,,Fiesta | Fiesta Ikon,01191111,Ford Fiesta Sedan 2011 US
Ford,Fiesta,,,Sedan,,,gen6,2012-2019,三厢车,4409,1722,1476,339462,SD1,1257,1378,1136,-91,4202,3L,331,,,,Fiesta | Fiesta Ikon,01191219,Ford Fiesta Sedan 2012-2019 US
Ford,Five Hundred,,,Sedan,,,gen1,2005-2007,三厢车,5098,1892,1562,227296,SD1,1381,1514,1274,-26,5001,3XXL-550,402,,,,Five Hundred,01230507,Ford Five Hundred Sedan 2005-2007 US
Ford,Flex,,,Crossover,,,gen1,2009-2019,越野车,5126,1928,1727,287790,SU2,1350,1600,1368,-12,5025,无可用尺码,,YXL,超长,106,,01200919,Ford Flex Crossover 2009-2019 US
Ford,Focus,,,Coupe,,,gen2,2008-2011,跑车,4445,1725,1488,352199,SD1,1259,1380,1147,-90,4238,3M-0,115,,,,Focus,01110811,Ford Focus Coupe 2008-2011 US
Ford,Focus,,,Hatchback,,,gen3,2012-2018,两厢车,4392,1824,1478,650246,H0,1310,1335,1186,-89,4219,无可用尺码,,2L,超长,252,Focus,01111218,Ford Focus Hatchback 2012-2018 US
Ford,Focus,,RS,Hatchback,,,gen3,2016-2018,两厢车,4389,1824,1473,42631,H0,1310,1335,1182,-89,4216,无可用尺码,,2L,超长,249,Focus,01111618,Ford Focus RS Hatchback 2016-2018 US
Ford,Focus,,,Sedan,,,gen1,2000-2004,三厢车,4442,1699,1430,556149,SD1,1240,1359,1090,-100,4211,3L,298,,,,Focus,01110004,Ford Focus Sedan 2000-2004 US
Ford,Focus,,,Sedan,,,gen1,2005-2007,三厢车,4450,1694,1443,241633,SD1,1237,1355,1098,-102,4214,3L,290,,,,Focus,01110507,Ford Focus Sedan 2005-2007 US
Ford,Focus,,,Sedan,,,gen2,2008-2011,三厢车,4445,1725,1488,352195,SD1,1259,1380,1147,-90,4238,3L,295,,,,Focus,01110811,Ford Focus Sedan 2008-2011 US
Ford,Focus,,,Sedan,,,gen3,2012-2017,三厢车,4534,1824,1466,599058,SD1,1332,1459,1169,-52,4413,3L,206,,,,Focus,01111217,Ford Focus Sedan 2012-2017 US
Ford,Focus,,,Sedan,,,gen3,2018,三厢车,4539,1824,1468,51188,SD1,1332,1459,1171,-52,4418,3L,201,,,,Focus,01111818,Ford Focus Sedan 2018 US
Ford,Focus,,,Wagon,,,gen1,2000,两厢车,4526,1699,1448,129236,H2,1193,1274,1097,-133,4208,无可用尺码,,2L,超长,386,Focus,01110000,Ford Focus Wagon 2000 US
Ford,Focus,,,Wagon,,,gen1,2001-2004,两厢车,4526,1699,1369,426912,H2,1193,1274,1034,-133,4208,无可用尺码,,2L,超长,386,Focus,01110104,Ford Focus Wagon 2001-2004 US
Ford,Focus,,,Wagon,,,gen1,2005-2007,两厢车,4531,1694,1460,241632,H2,1189,1270,1105,-135,4208,无可用尺码,,2L,超长,391,Focus,01110507,Ford Focus Wagon 2005-2007 US
Ford,Focus,,ZX3/ZX5,Hatchback,,,gen1,2000-2002,两厢车,4270,1699,1430,76817,H0,1220,1244,1096,-134,3991,无可用尺码,,2L,超长,130,Focus,01110002,Ford Focus ZX3/ZX5 Hatchback 2000-2002 US
Ford,Focus,,ZX3/ZX5,Hatchback,,,gen1,2003-2004,两厢车,4270,1699,1369,42357,H0,1220,1244,1047,-134,3991,无可用尺码,,2L,超长,130,Focus,01110304,Ford Focus ZX3/ZX5 Hatchback 2003-2004 US
Ford,Focus,,ZX3/ZX5,Hatchback,,,gen1,2005-2007,两厢车,4280,1694,1443,51779,H0,1216,1240,1105,-136,3996,无可用尺码,,2L,超长,140,Focus,01110507,Ford Focus ZX3/ZX5 Hatchback 2005-2007 US
Ford,Freestyle,,,Crossover,,,gen1,2005-2007,越野车,5075,1890,1674,159106,H2,1327,1418,1356,-64,4887,无可用尺码,,YXL,超长,55,,01250507,Ford Freestyle Crossover 2005-2007 US
Ford,Fusion,,,Sedan,,,gen1,2006-2009,三厢车,4831,1834,1453,620294,SD1,1339,1467,1163,-48,4698,3XL-0,219,,,,Fusion,01120609,Ford Fusion Sedan 2006-2009 US
Ford,Fusion,,,Sedan,,,gen1,2010-2012,三厢车,4841,1834,1445,708549,SD1,1339,1467,1156,-48,4708,3XL-0,209,,,,Fusion,01121012,Ford Fusion Sedan 2010-2012 US
Ford,Fusion,,,Sedan,,,gen2,2013-2020,三厢车,4872,1852,1478,1828083,SD1,1352,1482,1190,-42,4753,3XL-0,178,,,,Fusion,01121320,Ford Fusion Sedan 2013-2020 US
Ford,GT,,,Coupe,,,gen1,2005-2006,跑车,4643,1953,1125,3221,SD0,1387,1320,1160,-73,4483,3L-0,97,,,,GT,01270506,Ford GT Coupe 2005-2006 US
Ford,GT,,,Coupe,,,gen2,2017-2022,跑车,4762,2004,1110,1270,SD0,1423,1355,1170,-56,4637,3XL-0,288,,,,GT,01271722,Ford GT Coupe 2017-2022 US
Ford,Maverick,,Lobo,Pickup,SuperCrew,4.5,gen1,2025-2026,皮卡,5103,1844,1720,47708,P1,1411,1669,1335,-44,5162,PK-S,197,,,,,01182526,Ford Maverick Lobo Pickup 2025-2026 SuperCrew 4.5 US
Ford,Maverick,,,Pickup,SuperCrew,4.5,gen1,2022-2026,皮卡,5075,1844,1748,482465,P1,1411,1669,1357,-44,5135,PK-S,225,,,,,01182226,Ford Maverick Pickup 2022-2026 SuperCrew 4.5 US
Ford,Maverick,,Tremor,Pickup,SuperCrew,4.5,gen1,2023-2026,皮卡,5098,1844,1765,87448,P1,1411,1669,1370,-44,5157,PK-S,202,,,,,01182326,Ford Maverick Tremor Pickup 2023-2026 SuperCrew 4.5 US
Ford,Mustang,,,Convertible,,,gen1,1965-1966,跑车,4613,1732,1306,583510,SD0,1230,1171,1224,-150,4255,3L-0,127,,,,Mustang,01036566,Ford Mustang Convertible 1965-1966 US
Ford,Mustang,,,Convertible,,,gen1,1967-1968,跑车,4663,1801,1306,263176,SD0,1279,1217,1256,-126,4363,3L-0,77,,,,Mustang,01036768,Ford Mustang Convertible 1967-1968 US
Ford,Mustang,,,Convertible,,,gen1,1969,跑车,4760,1826,1303,123457,SD0,1296,1234,1264,-118,4474,3XL-0,290,,,,Mustang,01036969,Ford Mustang Convertible 1969 US
Ford,Mustang,,,Convertible,,,gen1,1970,跑车,4760,1882,1308,95620,SD0,1336,1272,1294,-98,4524,3XL-0,290,,,,Mustang,01037070,Ford Mustang Convertible 1970 US
Ford,Mustang,,,Convertible,,,gen1,1971-1972,跑车,4813,1882,1283,92433,SD0,1336,1272,1272,-98,4572,3XL-0,237,,,,Mustang,01037172,Ford Mustang Convertible 1971-1972 US
Ford,Mustang,,,Convertible,,,gen1,1973,跑车,4923,1882,1280,44939,SD0,1336,1272,1269,-98,4672,3XL-0,127,,,,Mustang,01037373,Ford Mustang Convertible 1973 US
Ford,Mustang,,,Convertible,,,gen3,1987-1993,跑车,4562,1755,1323,456720,SD0,1246,1186,1250,-142,4230,3L-0,178,,,,Mustang,01038793,Ford Mustang Convertible 1987-1993 US
Ford,Mustang,,,Convertible,,,gen4,1994-1998,跑车,4610,1824,1349,322088,SD0,1295,1233,1305,-118,4336,3L-0,130,,,,Mustang,01039498,Ford Mustang Convertible 1994-1998 US
Ford,Mustang,,,Convertible,,,gen4,1999-2004,跑车,4653,1857,1351,435335,SD0,1318,1255,1322,-107,4405,3L-0,87,,,,Mustang,01039904,Ford Mustang Convertible 1999-2004 US
Ford,Mustang,,,Convertible,,,gen5,2005,跑车,4765,1880,1384,80488,SD0,1335,1271,1363,-98,4527,3XL-0,285,,,,Mustang,01030505,Ford Mustang Convertible 2005 US
Ford,Mustang,,,Convertible,,,gen5,2006-2007,跑车,4765,1875,1382,150578,SD0,1331,1268,1358,-100,4522,3XL-0,285,,,,Mustang,01030607,Ford Mustang Convertible 2006-2007 US
Ford,Mustang,,,Convertible,,,gen5,2008,跑车,4775,1880,1407,45626,SD0,1335,1271,1383,-98,4536,3XL-0,275,,,,Mustang,01030808,Ford Mustang Convertible 2008 US
Ford,Mustang,,,Convertible,,,gen5,2009,跑车,4775,1877,1415,33312,SD0,1333,1269,1389,-100,4533,3XL-0,275,,,,Mustang,01030909,Ford Mustang Convertible 2009 US
Ford,Mustang,,,Convertible,,,gen5,2010-2012,跑车,4778,1877,1425,113575,SD0,1333,1269,1398,-100,4536,3XL-0,272,,,,Mustang,01031012,Ford Mustang Convertible 2010-2012 US
Ford,Mustang,,,Convertible,,,gen5,2013,跑车,4778,1877,1417,38593,SD0,1333,1269,1391,-100,4536,3XL-0,272,,,,Mustang,01031313,Ford Mustang Convertible 2013 US
Ford,Mustang,,,Convertible,,,gen5,2014,跑车,4788,1877,1417,41318,SD0,1333,1269,1391,-100,4545,3XL-0,262,,,,Mustang,01031414,Ford Mustang Convertible 2014 US
Ford,Mustang,,,Convertible,,,gen6,2015-2020,跑车,4783,1915,1394,259785,SD0,1360,1295,1388,-86,4575,3XL-0,267,,,,Mustang,01031520,Ford Mustang Convertible 2015-2020 US
Ford,Mustang,,,Convertible,,,gen6,2021-2023,跑车,4798,1915,1379,74293,SD0,1360,1295,1374,-86,4589,3XL-0,252,,,,Mustang | Mustang MachE,01032123,Ford Mustang Convertible 2021-2023 US
Ford,Mustang,,,Convertible,,,gen7,2024-2026,跑车,4811,1915,1392,66313,SD0,1360,1295,1386,-86,4600,3XL-0,239,,,,Mustang | Mustang MachE,01032426,Ford Mustang Convertible 2024-2026 US
Ford,Mustang,,,Coupe,,,gen1,1965-1966,跑车,4613,1732,1300,583509,SD0,1230,1171,1219,-150,4255,3L-0,127,,,,Mustang,01036566,Ford Mustang Coupe 1965-1966 US
Ford,Mustang,,,Coupe,,,gen1,1967-1968,跑车,4663,1801,1311,263175,SD0,1279,1217,1260,-126,4363,3L-0,77,,,,Mustang,01036768,Ford Mustang Coupe 1967-1968 US
Ford,Mustang,,,Coupe,,,gen1,1971-1972,跑车,4813,1882,1290,92433,SD0,1336,1272,1278,-98,4572,3XL-0,237,,,,Mustang,01037172,Ford Mustang Coupe 1971-1972 US
Ford,Mustang,,,Coupe,,,gen1,1973,跑车,4923,1882,1288,44939,SD0,1336,1272,1276,-98,4672,3XL-0,127,,,,Mustang,01037373,Ford Mustang Coupe 1973 US
Ford,Mustang,,,Coupe,,,gen2,1974-1978,跑车,4445,1783,1260,553861,SD0,1266,1205,1206,-132,4149,3M-0,115,,,,Mustang II,01037478,Ford Mustang Coupe 1974-1978 US
Ford,Mustang,,,Coupe,,,gen3,1979-1986,跑车,4554,1755,1323,773476,SD0,1246,1186,1250,-142,4222,3M-0,6,,,,Mustang,01037986,Ford Mustang Coupe 1979-1986 US
Ford,Mustang,,,Coupe,,,gen4,1994-1998,跑车,4610,1824,1351,322088,SD0,1295,1233,1307,-118,4336,3L-0,130,,,,Mustang,01039498,Ford Mustang Coupe 1994-1998 US
Ford,Mustang,,,Coupe,,,gen4,1999-2004,跑车,4653,1857,1354,435334,SD0,1318,1255,1325,-107,4405,3L-0,87,,,,Mustang,01039904,Ford Mustang Coupe 1999-2004 US
Ford,Mustang,,,Coupe,,,gen5,2005,跑车,4765,1880,1384,80487,SD0,1335,1271,1363,-98,4527,3XL-0,285,,,,Mustang,01030505,Ford Mustang Coupe 2005 US
Ford,Mustang,,,Coupe,,,gen5,2006-2007,跑车,4765,1875,1382,150578,SD0,1331,1268,1358,-100,4522,3XL-0,285,,,,Mustang,01030607,Ford Mustang Coupe 2006-2007 US
Ford,Mustang,,,Coupe,,,gen5,2008,跑车,4775,1880,1407,45625,SD0,1335,1271,1383,-98,4536,3XL-0,275,,,,Mustang,01030808,Ford Mustang Coupe 2008 US
Ford,Mustang,,,Coupe,,,gen5,2009,跑车,4765,1877,1407,33311,SD0,1333,1269,1382,-100,4524,3XL-0,285,,,,Mustang,01030909,Ford Mustang Coupe 2009 US
Ford,Mustang,,,Coupe,,,gen5,2010-2011,跑车,4778,1877,1412,72077,SD0,1333,1269,1387,-100,4536,3XL-0,272,,,,Mustang,01031011,Ford Mustang Coupe 2010-2011 US
Ford,Mustang,,,Coupe,,,gen5,2012-2013,跑车,4778,1877,1417,80090,SD0,1333,1269,1391,-100,4536,3XL-0,272,,,,Mustang,01031213,Ford Mustang Coupe 2012-2013 US
Ford,Mustang,,,Coupe,,,gen5,2014,跑车,4788,1877,1417,41317,SD0,1333,1269,1391,-100,4545,3XL-0,262,,,,Mustang,01031414,Ford Mustang Coupe 2014 US
Ford,Mustang,,,Coupe,,,gen6,2015-2020,跑车,4783,1915,1382,259783,SD0,1360,1295,1377,-86,4575,3XL-0,267,,,,Mustang,01031520,Ford Mustang Coupe 2015-2020 US
Ford,Mustang,,,Coupe,,,gen6,2021-2023,跑车,4798,1915,1400,74292,SD0,1360,1295,1393,-86,4589,3XL-0,252,,,,Mustang | Mustang MachE,01032123,Ford Mustang Coupe 2021-2023 US
Ford,Mustang,,,Coupe,,,gen7,2024-2026,跑车,4811,1915,1397,66313,SD0,1360,1295,1390,-86,4600,3XL-0,239,,,,Mustang | Mustang MachE,01032426,Ford Mustang Coupe 2024-2026 US
Ford,Mustang,,Dark Horse,Coupe,,,gen7,2024-2026,跑车,4818,1918,1402,14210,SD0,1362,1297,1396,-85,4610,3XL-0,232,,,,Mustang | Mustang MachE,01032426,Ford Mustang Dark Horse Coupe 2024-2026 US
Ford,Mustang,,,Fastback,,,gen1,1967-1968,跑车,4663,1801,1311,263174,SD0,1279,1217,1260,-126,4363,3L-0,77,,,,Mustang,01036768,Ford Mustang Fastback 1967-1968 US
Ford,Mustang,,,Fastback,,,gen1,1969,跑车,4760,1826,1278,123457,SD0,1296,1234,1242,-118,4474,3XL-0,290,,,,Mustang,01036969,Ford Mustang Fastback 1969 US
Ford,Mustang,,,Fastback,,,gen1,1970,跑车,4760,1882,1285,95619,SD0,1336,1272,1273,-98,4524,3XL-0,290,,,,Mustang,01037070,Ford Mustang Fastback 1970 US
Ford,Mustang,,,Fastback,,,gen1,1971-1972,跑车,4813,1882,1273,92431,SD0,1336,1272,1263,-98,4572,3XL-0,237,,,,Mustang,01037172,Ford Mustang Fastback 1971-1972 US
Ford,Mustang,,,Fastback,,,gen1,1973,跑车,4923,1882,1270,44939,SD0,1336,1272,1260,-98,4672,3XL-0,127,,,,Mustang,01037373,Ford Mustang Fastback 1973 US
Ford,Mustang,,Hardtop,Coupe,,,gen1,1969,跑车,4760,1826,1303,26455,SD0,1296,1234,1264,-118,4474,3XL-0,290,,,,Mustang,01036969,Ford Mustang Hardtop Coupe 1969 US
Ford,Mustang,,,Hatchback,,,gen2,1974-1978,两厢车,4445,1783,1260,553857,SD0,1266,1205,1206,-132,4149,无可用尺码,,2L,超长,305,Mustang II,01037478,Ford Mustang Hatchback 1974-1978 US
Ford,Mustang,,,Hatchback,,,gen3,1979-1986,两厢车,4554,1755,1323,773474,SD0,1246,1186,1250,-142,4222,无可用尺码,,2L,超长,414,Mustang,01037986,Ford Mustang Hatchback 1979-1986 US
Ford,Mustang,,,Hatchback,,,gen3,1987-1993,两厢车,4562,1755,1323,456719,SD0,1246,1186,1250,-142,4230,无可用尺码,,2L,超长,422,Mustang,01038793,Ford Mustang Hatchback 1987-1993 US
Ford,Mustang,,Mach 1,Coupe,,,gen4,2003-2004,跑车,4653,1857,1349,23842,SD0,1318,1255,1320,-107,4405,3L-0,87,,,,Mustang,01030304,Ford Mustang Mach 1 Coupe 2003-2004 US
Ford,Mustang Mach-E,,Rally,Crossover,,,gen1,2024-2026,越野车,4750,1882,1651,21416,SU0,1261,1317,1350,-106,4535,YL,100,,,,,01222426,Ford Mustang Mach-E Rally Crossover 2024-2026 US
Ford,Mustang Mach-E,,,SUV,,,gen1,2021-2022,越野车,4714,1882,1626,66598,SU0,1261,1317,1329,-106,4502,YL,136,,,,,01222122,Ford Mustang Mach-E SUV 2021-2022 US
Ford,Mustang Mach-E,,,SUV,,,gen1,2023-2025,越野车,4742,1882,1628,125896,SU0,1261,1317,1331,-106,4528,YL,108,,,,,01222325,Ford Mustang Mach-E SUV 2023-2025 US
Ford,Mustang Mach-E,,,SUV,,,gen1,2026,越野车,4742,1882,1608,14824,SU0,1261,1317,1315,-106,4528,YL,108,,,,,01222626,Ford Mustang Mach-E SUV 2026 US
Ford,Mustang,,Notchback,Coupe,,,gen3,1987-1993,跑车,4562,1755,1323,97868,SD0,1246,1186,1250,-142,4230,3L-0,178,,,,Mustang,01038793,Ford Mustang Notchback Coupe 1987-1993 US
Ford,Mustang,,SVO,Coupe,,,gen3,1984,跑车,4597,1755,1318,13692,SD0,1246,1186,1246,-142,4261,3L-0,143,,,,Mustang,01038484,Ford Mustang SVO Coupe 1984 US
Ford,Mustang,,SVO,Coupe,,,gen3,1985-1986,跑车,4592,1755,1323,36863,SD0,1246,1186,1250,-142,4257,3L-0,148,,,,Mustang,01038586,Ford Mustang SVO Coupe 1985-1986 US
Ford,Mustang,,SVT Cobra,Coupe,,,gen4,2003-2004,跑车,4661,1857,1344,23842,SD0,1318,1255,1316,-107,4412,3L-0,79,,,,Mustang,01030304,Ford Mustang SVT Cobra Coupe 2003-2004 US
Ford,Mustang,,SportsRoof,Coupe,,,gen1,1969,跑车,4760,1826,1303,26455,SD0,1296,1234,1264,-118,4474,3XL-0,290,,,,Mustang,01036969,Ford Mustang SportsRoof Coupe 1969 US
Ford,Ranger,,,Pickup,Regular,6,gen2,1993-1997,皮卡,4681,1763,1633,527068,P1,1349,1596,1234,-76,4680,无可用尺码,,PK-S,超余量,619,Ranger,01089397,Ford Ranger Pickup 1993-1997 Regular 6 US
Ford,Ranger,,,Pickup,SuperCab,6,gen2,1993-1997,皮卡,5034,1763,1643,1054134,P1,1349,1596,1242,-76,5018,PK-S,266,,,,Ranger,01089397,Ford Ranger Pickup 1993-1997 SuperCab 6 US
Ford,Ranger,,,Pickup,Regular,6,gen3,1998-2011,皮卡,4811,1763,1720,480873,P1,1349,1596,1303,-76,4804,PK-S,489,,,,Ranger,01089811,Ford Ranger Pickup 1998-2011 Regular 6 US
Ford,Ranger,,,Pickup,SuperCab,6,gen3,1998-2011,皮卡,5154,1763,1720,961750,P1,1349,1596,1303,-76,5133,PK-S,146,,,,Ranger,01089811,Ford Ranger Pickup 1998-2011 SuperCab 6 US
Ford,Ranger,,,Pickup,SuperCab,7,gen3,1998-2011,皮卡,5171,1763,1720,961746,P1,1349,1596,1303,-76,5150,PK-S,129,,,,Ranger,01089811,Ford Ranger Pickup 1998-2011 SuperCab 7 US
Ford,Ranger,,,Pickup,SuperCrew,5,gen4,2019-2023,皮卡,5354,1862,1816,375151,P1,1424,1685,1417,-38,5420,PK-L,546,,,,Ranger,01081923,Ford Ranger Pickup 2019-2023 SuperCrew 5 US
Ford,Ranger,,,Pickup,SuperCrew,5,gen5,2024-2026,皮卡,5349,1918,1890,111127,P1,1467,1736,1498,-16,5469,无可用尺码,,PK-S,超长,49,Ranger,01082426,Ford Ranger Pickup 2024-2026 SuperCrew 5 US
Ford,Ranger,,Raptor,Pickup,SuperCrew,5,gen5,2024-2026,皮卡,5357,2027,1928,23813,P2,1459,1686,1506,-20,5441,PK-L,543,,,,Ranger,01082426,Ford Ranger Raptor Pickup 2024-2026 SuperCrew 5 US
Ford,Taurus,,SHO,Sedan,,,gen6,2010-2019,三厢车,5156,1935,1542,465458,SD1,1413,1548,1275,-10,5095,3XXL-550,344,,,,Taurus,01061019,Ford Taurus SHO Sedan 2010-2019 US
Ford,Taurus,,,Sedan,,,gen1,1986-1991,三厢车,4785,1798,1379,685000,SD1,1313,1438,1088,-62,4622,3XL-0,265,,,,Taurus,01068691,Ford Taurus Sedan 1986-1991 US
Ford,Taurus,,,Sedan,,,gen2,1992-1995,三厢车,4877,1808,1374,382500,SD1,1320,1446,1088,-58,4717,3XL-0,173,,,,Taurus,01069295,Ford Taurus Sedan 1992-1995 US
Ford,Taurus,,,Sedan,,,gen3,1996-1999,三厢车,5016,1854,1400,489164,SD1,1353,1483,1128,-41,4889,3XL-0,34,,,,Taurus,01069699,Ford Taurus Sedan 1996-1999 US
Ford,Taurus,,,Sedan,,,gen4,2000-2007,三厢车,5019,1854,1425,1149906,SD1,1353,1483,1148,-41,4892,3XL-0,31,,,,Taurus,01060007,Ford Taurus Sedan 2000-2007 US
Ford,Taurus,,,Sedan,,,gen5,2008-2009,三厢车,5126,1892,1562,98284,SD1,1381,1514,1274,-26,5027,3XXL-550,374,,,,Taurus | Taurus X,01060809,Ford Taurus Sedan 2008-2009 US
Ford,Taurus,,,Wagon,,,gen1,1986-1991,两厢车,4874,1798,1402,685000,H2,1262,1348,1100,-98,4618,5XL,426,,,,Taurus,01068691,Ford Taurus Wagon 1986-1991 US
Ford,Taurus,,,Wagon,,,gen2,1992-1995,两厢车,4905,1808,1410,382500,H2,1269,1356,1110,-94,4656,5XL,395,,,,Taurus,01069295,Ford Taurus Wagon 1992-1995 US
Ford,Taurus,,,Wagon,,,gen3,1996,两厢车,5070,1854,1463,100000,H2,1302,1390,1172,-77,4849,5XL,230,,,,Taurus,01069696,Ford Taurus Wagon 1996 US
Ford,Taurus,,,Wagon,,,gen3,1997-1999,两厢车,5070,1854,1468,389163,H2,1302,1390,1176,-77,4849,5XL,230,,,,Taurus,01069799,Ford Taurus Wagon 1997-1999 US
Ford,Taurus,,,Wagon,,,gen4,2000-2005,两厢车,5022,1854,1468,906923,H2,1302,1390,1176,-77,4805,5XL,278,,,,Taurus,01060005,Ford Taurus Wagon 2000-2005 US
Ford,Thunderbird,,2dr Hardtop/Landau,Coupe,,,gen5,1967-1969,跑车,5255,1963,1341,95577,SD2,1963,1963,1143,232,5718,4XL-0,445,,,,Thunderbird,01106769,Ford Thunderbird 2dr Hardtop/Landau Coupe 1967-1969 US
Ford,Thunderbird,,2dr Hardtop/Landau,Coupe,,,gen5,1970-1971,跑车,5398,1981,1318,43259,SD2,1981,1981,1131,240,5879,4XL-0,302,,,,Thunderbird,01107071,Ford Thunderbird 2dr Hardtop/Landau Coupe 1970-1971 US
Ford,Thunderbird,,4dr Landau,Sedan,,,gen5,1967-1969,三厢车,5319,1963,1367,95575,SD2,1963,1963,1164,232,5782,4XL-0,381,,,,Thunderbird,01106769,Ford Thunderbird 4dr Landau Sedan 1967-1969 US
Ford,Thunderbird,,4dr Landau,Sedan,,,gen5,1970-1971,三厢车,5461,1966,1364,43258,SD2,1966,1966,1163,233,5927,4XL-0,239,,,,Thunderbird,01107071,Ford Thunderbird 4dr Landau Sedan 1970-1971 US
Ford,Thunderbird,,,Convertible,,,gen1,1955,跑车,4453,1786,1331,16155,SD0,1268,1207,1272,-131,4159,3M-0,107,,,,Thunderbird,01105555,Ford Thunderbird Convertible 1955 US
Ford,Thunderbird,,,Convertible,,,gen1,1956,跑车,4704,1811,1331,15631,SD0,1286,1224,1283,-122,4409,3L-0,36,,,,Thunderbird,01105656,Ford Thunderbird Convertible 1956 US
Ford,Thunderbird,,,Convertible,,,gen1,1957,跑车,4608,1849,1316,21380,SD0,1313,1250,1287,-109,4356,3L-0,132,,,,Thunderbird,01105757,Ford Thunderbird Convertible 1957 US
Ford,Thunderbird,,,Convertible,,,gen2,1958-1960,跑车,5217,1956,1349,99096,SD2,1956,1956,1147,228,5673,4XL-0,483,,,,Thunderbird,01105860,Ford Thunderbird Convertible 1958-1960 US
Ford,Thunderbird,,,Convertible,,,gen3,1961-1963,跑车,5207,1943,1354,107539,SD2,1943,1943,1145,222,5650,4XL-0,493,,,,Thunderbird,01106163,Ford Thunderbird Convertible 1961-1963 US
Ford,Thunderbird,,,Convertible,,,gen4,1964-1966,跑车,5217,1963,1354,118261,SD2,1963,1963,1153,232,5680,4XL-0,483,,,,Thunderbird,01106466,Ford Thunderbird Convertible 1964-1966 US
Ford,Thunderbird,,,Coupe,,,gen2,1958-1960,跑车,5217,1956,1334,99095,SD2,1956,1956,1134,228,5673,4XL-0,483,,,,Thunderbird,01105860,Ford Thunderbird Coupe 1958-1960 US
Ford,Thunderbird,,,Coupe,,,gen3,1961-1963,跑车,5207,1943,1334,107536,SD2,1943,1943,1129,222,5650,4XL-0,493,,,,Thunderbird,01106163,Ford Thunderbird Coupe 1961-1963 US
Ford,Thunderbird,,,Coupe,,,gen4,1964-1966,跑车,5217,1963,1339,118260,SD2,1963,1963,1141,232,5680,4XL-0,483,,,,Thunderbird,01106466,Ford Thunderbird Coupe 1964-1966 US
Ford,Thunderbird,,,Coupe,,,gen6,1972-1976,跑车,5486,2014,1323,299146,SD2,2014,2014,1149,257,6000,4XL-0,214,,,,Thunderbird,01107276,Ford Thunderbird Coupe 1972-1976 US
Ford,Thunderbird,,,Coupe,,,gen7,1977-1979,跑车,5517,1994,1341,936038,SD2,1994,1994,1155,247,6011,4XL-0,183,,,,Thunderbird,01107779,Ford Thunderbird Coupe 1977-1979 US
Ford,Thunderbird,,,Coupe,,,gen8,1980-1982,跑车,5090,1882,1346,289038,SD2,1882,1882,1114,191,5472,无可用尺码,,3XL-0,插片指数超上限,71,Thunderbird,01108082,Ford Thunderbird Coupe 1980-1982 US
Ford,Thunderbird,,,Coupe,,,gen9,1983-1986,跑车,5019,1806,1351,608367,SD0,1282,1221,1299,-124,4690,3XL-0,31,,,,Thunderbird,01108386,Ford Thunderbird Coupe 1983-1986 US
Ford,Thunderbird,,,Coupe,,,gen10,1989-1993,跑车,5047,1847,1349,527067,SD0,1311,1249,1316,-110,4753,3XL-0,3,,,,Thunderbird,01108993,Ford Thunderbird Coupe 1989-1993 US
Ford,Thunderbird,,,Coupe,,,gen10,1996-1997,跑车,5088,1859,1334,197465,SD0,1320,1257,1308,-106,4801,3XXL-520-0,112,,,,Thunderbird,01109697,Ford Thunderbird Coupe 1996-1997 US
Ford,Thunderbird,,,Coupe,,,gen11,2002-2005,跑车,4732,1829,1323,69137,SD0,1299,1236,1284,-116,4451,3L-0,8,,,,Thunderbird,01100205,Ford Thunderbird Coupe 2002-2005 US
GMC,Acadia,,Limited,SUV,,,gen1,2017,越野车,5100,2004,1844,19637,SU1,1467,1495,1555,-10,5071,无可用尺码,,YXL,超长,80,Acadia | Acadia Limited,13031717,GMC Acadia Limited SUV 2017 US
GMC,Acadia,,,SUV,,,gen1,2007-2016,越野车,5100,2004,1844,777512,SU1,1467,1495,1555,-10,5071,无可用尺码,,YXL,超长,80,Acadia,13030716,GMC Acadia SUV 2007-2016 US
GMC,Acadia,,,SUV,,,gen2,2017-2020,越野车,4917,1915,1745,352226,SU1,1402,1429,1439,-42,4820,YXL,103,,,,Acadia | Acadia Limited,13031720,GMC Acadia SUV 2017-2020 US
GMC,Acadia,,,SUV,,,gen2,2021-2023,越野车,4912,1915,1694,179249,SU1,1402,1429,1398,-42,4815,YXL,108,,,,Acadia,13032123,GMC Acadia SUV 2021-2023 US
GMC,Acadia,,,SUV,,,gen3,2024-2026,越野车,5182,2022,1803,159399,SU1,1480,1508,1529,-3,5164,无可用尺码,,YXL,超长,162,Acadia,13032426,GMC Acadia SUV 2024-2026 US
GMC,Canyon,,AT4X,Pickup,Crew,5,gen3,2023-2026,皮卡,5415,1839,2073,21079,P1,1407,1664,1611,-46,5457,PK-L,485,,,,Canyon,13082326,GMC Canyon AT4X Pickup 2023-2026 Crew 5 US
GMC,Canyon,,,Pickup,Crew,5,gen1,2004-2005,皮卡,5260,1742,1656,45119,P1,1333,1577,1244,-84,5215,PK-S,40,,,,Canyon,13080405,GMC Canyon Pickup 2004-2005 Crew 5 US
GMC,Canyon,,,Pickup,Extended,6,gen1,2004-2005,皮卡,5260,1717,1717,11279,P1,1314,1554,1282,-93,5191,PK-S,40,,,,Canyon,13080405,GMC Canyon Pickup 2004-2005 Extended 6 US
GMC,Canyon,,,Pickup,Regular,6,gen1,2004-2012,皮卡,4897,1717,1717,38551,P1,1314,1554,1282,-93,4843,PK-S,403,,,,Canyon,13080412,GMC Canyon Pickup 2004-2012 Regular 6 US
GMC,Canyon,,,Pickup,Extended,6,gen1,2006-2008,皮卡,5260,1742,1717,32634,P1,1333,1577,1292,-84,5215,PK-S,40,,,,Canyon,13080608,GMC Canyon Pickup 2006-2008 Extended 6 US
GMC,Canyon,,,Pickup,Crew,5,gen1,2008,皮卡,5260,1742,1725,10890,P1,1333,1577,1298,-84,5215,PK-S,40,,,,Canyon,13080808,GMC Canyon Pickup 2008 Crew 5 US
GMC,Canyon,,,Pickup,Extended,6,gen1,2009-2010,皮卡,5260,1717,1664,12066,P1,1314,1554,1240,-93,5191,PK-S,40,,,,Canyon,13080910,GMC Canyon Pickup 2009-2010 Extended 6 US
GMC,Canyon,,,Pickup,Crew,5,gen1,2012,皮卡,5260,1742,1725,7764,P1,1333,1577,1298,-84,5215,PK-S,40,,,,Canyon,13081212,GMC Canyon Pickup 2012 Crew 5 US
GMC,Canyon,,,Pickup,Extended,6,gen2,2015-2020,皮卡,5403,1887,1793,21239,P1,1444,1708,1409,-28,5491,PK-L,497,,,,Canyon,13081520,GMC Canyon Pickup 2015-2020 Extended 6 US
GMC,Canyon,,,Pickup,Crew,5,gen2,2015-2022,皮卡,5403,1887,1793,110924,P1,1444,1708,1409,-28,5491,PK-L,497,,,,Canyon,13081522,GMC Canyon Pickup 2015-2022 Crew 5 US
GMC,Canyon,,,Pickup,Crew,6,gen2,2015-2022,皮卡,5715,1887,1793,110920,P1,1444,1708,1409,-28,5790,PK-L,185,,,,Canyon,13081522,GMC Canyon Pickup 2015-2022 Crew 6 US
GMC,Canyon,,,Pickup,Crew,5,gen3,2023-2026,皮卡,5415,1839,2073,98370,P1,1407,1664,1611,-46,5457,PK-L,485,,,,Canyon,13082326,GMC Canyon Pickup 2023-2026 Crew 5 US
GMC,Envoy,,,SUV,,,gen2,2002-2009,越野车,4867,1897,1826,633032,SU2,1328,1575,1434,-24,4757,YXL,153,,,,Envoy | Envoy XL | Envoy XUV,13070209,GMC Envoy SUV 2002-2009 US
GMC,Hummer SUV,,,SUV,,,gen1,2024-2026,越野车,5250,2197,1976,33781,JP,1679,1487,1694,42,5299,无可用尺码,,YXL,超长,230,Hummer EV SUV,13092426,GMC Hummer SUV SUV 2024-2026 US
GMC,Jimmy,,2dr,SUV,,,gen1,1983-1994,越野车,4331,1671,1676,444500,SU2,1170,1387,1227,-111,4052,YM,299,,,,,13058394,GMC Jimmy 2dr SUV 1983-1994 US
GMC,Jimmy,,2dr,SUV,,,gen2,1995,越野车,4437,1722,1608,35904,SU2,1205,1429,1193,-92,4197,YM,193,,,,,13059595,GMC Jimmy 2dr SUV 1995 US
GMC,Jimmy,,2dr,SUV,,,gen2,1996,越野车,4437,1689,1676,38919,SU2,1182,1402,1234,-104,4167,YM,193,,,,,13059696,GMC Jimmy 2dr SUV 1996 US
GMC,Jimmy,,2dr,SUV,,,gen2,1997,越野车,4437,1722,1699,37909,SU2,1205,1429,1265,-92,4197,YM,193,,,,,13059797,GMC Jimmy 2dr SUV 1997 US
GMC,Jimmy,,2dr,SUV,,,gen2,1998-2000,越野车,4503,1722,1656,115584,SU2,1205,1429,1231,-92,4258,YM,127,,,,,13059800,GMC Jimmy 2dr SUV 1998-2000 US
GMC,Jimmy,,4dr,SUV,,,gen1,1991-1994,越野车,4491,1671,1676,120500,SU2,1170,1387,1227,-111,4200,YM,139,,,,,13059194,GMC Jimmy 4dr SUV 1991-1994 US
GMC,Jimmy,,4dr,SUV,,,gen2,1995-2000,越野车,4656,1722,1633,228311,SU2,1205,1429,1213,-92,4400,YL,194,,,,,13059500,GMC Jimmy 4dr SUV 1995-2000 US
GMC,Jimmy,,,SUV,,,gen2,2001,越野车,4503,1722,1631,30825,SU2,1205,1429,1211,-92,4258,YM,127,,,,Jimmy,13050101,GMC Jimmy SUV 2001 US
GMC,Sierra 1500,,,Pickup,Extended,6.6,gen1,1999-2006,皮卡,5784,1994,1877,516657,P0,1382,1699,1518,-59,5811,PK-L,116,,,,Sierra 1500,13009906,GMC Sierra 1500 Pickup 1999-2006 Extended 6.6 US
GMC,Sierra 1500,,,Pickup,Extended,8,gen1,1999-2006,皮卡,6266,1994,1872,258329,P0,1382,1699,1514,-59,6264,PK-XXL-645,184,,,,Sierra 1500,13009906,GMC Sierra 1500 Pickup 1999-2006 Extended 8 US
GMC,Sierra 1500,,,Pickup,Regular,8,gen1,1999-2006,皮卡,5781,1994,1877,129163,P0,1382,1699,1518,-59,5808,PK-L,119,,,,Sierra 1500,13009906,GMC Sierra 1500 Pickup 1999-2006 Regular 8 US
GMC,Sierra 1500,,,Pickup,Crew,5.8,gen1,2004-2006,皮卡,5847,1994,1877,341209,P0,1382,1699,1518,-59,5871,PK-L,53,,,,Sierra 1500,13000406,GMC Sierra 1500 Pickup 2004-2006 Crew 5.8 US
GMC,Sierra 1500,,,Pickup,Crew,5.8,gen2,2007-2013,皮卡,5839,2029,1872,537827,P0,1406,1729,1527,-47,5896,PK-L,61,,,,Sierra 1500,13000713,GMC Sierra 1500 Pickup 2007-2013 Crew 5.8 US
GMC,Sierra 1500,,,Pickup,Extended,6.6,gen2,2007-2013,皮卡,5847,2029,1872,134457,P0,1406,1729,1527,-47,5903,PK-L,53,,,,Sierra 1500,13000713,GMC Sierra 1500 Pickup 2007-2013 Extended 6.6 US
GMC,Sierra 1500,,,Pickup,Extended,8,gen2,2007-2013,皮卡,6320,2029,1872,67229,P0,1406,1729,1527,-47,6348,PK-XXL-645,130,,,,Sierra 1500,13000713,GMC Sierra 1500 Pickup 2007-2013 Extended 8 US
GMC,Sierra 1500,,,Pickup,Regular,6.6,gen2,2007-2013,皮卡,5222,2029,1867,67229,P0,1406,1729,1524,-47,5316,PK-S,78,,,,Sierra 1500,13000713,GMC Sierra 1500 Pickup 2007-2013 Regular 6.6 US
GMC,Sierra 1500,,,Pickup,Regular,8,gen2,2007-2013,皮卡,5702,2029,1867,33614,P0,1406,1729,1524,-47,5767,PK-L,198,,,,Sierra 1500,13000713,GMC Sierra 1500 Pickup 2007-2013 Regular 8 US
GMC,Sierra 1500,,,Pickup,Crew,5.8,gen3,2014-2018,皮卡,5842,2032,1885,425534,P0,1408,1731,1539,-46,5902,PK-L,58,,,,Sierra 1500,13001418,GMC Sierra 1500 Pickup 2014-2018 Crew 5.8 US
GMC,Sierra 1500,,,Pickup,Double,6.6,gen3,2014-2018,皮卡,5842,2032,1877,319152,P0,1408,1731,1533,-46,5902,PK-L,58,,,,Sierra 1500,13001418,GMC Sierra 1500 Pickup 2014-2018 Double 6.6 US
GMC,Sierra 1500,,,Pickup,Regular,6.6,gen3,2014-2018,皮卡,5222,2032,1880,53190,P0,1408,1731,1535,-46,5319,PK-S,78,,,,Sierra 1500,13001418,GMC Sierra 1500 Pickup 2014-2018 Regular 6.6 US
GMC,Sierra 1500,,,Pickup,Regular,8,gen3,2014-2018,皮卡,5700,2032,1880,26597,P0,1408,1731,1535,-46,5768,PK-L,200,,,,Sierra 1500,13001418,GMC Sierra 1500 Pickup 2014-2018 Regular 8 US
GMC,Sierra 1500,,,Pickup,Crew,5.8,gen4,2019-2026,皮卡,5916,2062,1999,835180,P0,1429,1757,1641,-36,5999,PK-XL,284,,,,Sierra 1500,13001926,GMC Sierra 1500 Pickup 2019-2026 Crew 5.8 US
GMC,Sierra 1500,,,Pickup,Double,6.6,gen4,2019-2026,皮卡,5890,2062,1920,626386,P0,1429,1757,1578,-36,5975,PK-L,10,,,,Sierra 1500,13001926,GMC Sierra 1500 Pickup 2019-2026 Double 6.6 US
GMC,Sierra 1500,,,Pickup,Regular,6.6,gen4,2019-2026,皮卡,5357,2060,1920,104397,P0,1428,1755,1578,-36,5472,PK-L,543,,,,Sierra 1500,13001926,GMC Sierra 1500 Pickup 2019-2026 Regular 6.6 US
GMC,Sierra 1500,,,Pickup,Regular,8,gen4,2019-2026,皮卡,5834,2060,1920,52199,P0,1428,1755,1578,-36,5920,PK-L,66,,,,Sierra 1500,13001926,GMC Sierra 1500 Pickup 2019-2026 Regular 8 US
GMC,Sierra 2500HD/3500HD,,DRW,Pickup,Crew,8,gen1,2001-2007,皮卡,6777,2454,2032,23600,DUAL,1534,1833,1626,17,6937,无可用尺码,,PK-XXL-645,超长,327,Sierra 3500 | Sierra 3500 HD,13020107,GMC Sierra 2500HD/3500HD DRW Pickup 2001-2007 Crew 8 US
GMC,Sierra 2500HD/3500HD,,DRW,Pickup,Crew,8,gen2,2008-2014,皮卡,6777,2454,2032,18032,DUAL,1534,1833,1626,17,6937,无可用尺码,,PK-XXL-645,超长,327,Sierra 3500 HD,13020814,GMC Sierra 2500HD/3500HD DRW Pickup 2008-2014 Crew 8 US
GMC,Sierra 2500HD/3500HD,,DRW,Pickup,Crew,8,gen3,2015-2019,皮卡,6777,2454,2032,10732,DUAL,1534,1833,1626,17,6937,无可用尺码,,PK-XXL-645,超长,327,Sierra 3500 HD,13021519,GMC Sierra 2500HD/3500HD DRW Pickup 2015-2019 Crew 8 US
GMC,Sierra 2500HD/3500HD,,DRW,Pickup,Crew,8,gen4,2020-2026,皮卡,6777,2454,2032,23316,DUAL,1534,1833,1626,17,6937,无可用尺码,,PK-XXL-645,超长,327,Sierra 3500 HD,13022026,GMC Sierra 2500HD/3500HD DRW Pickup 2020-2026 Crew 8 US
GMC,Sierra 2500HD/3500HD,,,Pickup,Crew,6.8,gen1,2001-2007,皮卡,6350,2080,2062,220273,P1,1591,1882,1697,46,6584,PK-XXL-645,100,,,,Sierra 2500 HD | Sierra 3500 | Sierra 3500 HD,13020107,GMC Sierra 2500HD/3500HD Pickup 2001-2007 Crew 6.8 US
GMC,Sierra 2500HD/3500HD,,,Pickup,Crew,8,gen1,2001-2007,皮卡,6756,2080,2062,110136,P1,1591,1882,1697,46,6974,无可用尺码,,PK-XXL-645,超长,306,Sierra 2500 HD | Sierra 3500 | Sierra 3500 HD,13020107,GMC Sierra 2500HD/3500HD Pickup 2001-2007 Crew 8 US
GMC,Sierra 2500HD/3500HD,,,Pickup,Regular,8,gen1,2001-2007,皮卡,6002,2080,2055,13768,P1,1591,1882,1692,46,6251,PK-XL,198,,,,Sierra 2500 HD | Sierra 3500 | Sierra 3500 HD,13020107,GMC Sierra 2500HD/3500HD Pickup 2001-2007 Regular 8 US
GMC,Sierra 2500HD/3500HD,,,Pickup,Crew,6.8,gen2,2008-2014,皮卡,6350,2080,2062,168308,P1,1591,1882,1697,46,6584,PK-XXL-645,100,,,,Sierra 2500 HD | Sierra 3500 HD,13020814,GMC Sierra 2500HD/3500HD Pickup 2008-2014 Crew 6.8 US
GMC,Sierra 2500HD/3500HD,,,Pickup,Crew,8,gen2,2008-2014,皮卡,6756,2080,2062,84153,P1,1591,1882,1697,46,6974,无可用尺码,,PK-XXL-645,超长,306,Sierra 2500 HD | Sierra 3500 HD,13020814,GMC Sierra 2500HD/3500HD Pickup 2008-2014 Crew 8 US
GMC,Sierra 2500HD/3500HD,,,Pickup,Regular,8,gen2,2008-2014,皮卡,6002,2080,2055,10521,P1,1591,1882,1692,46,6251,PK-XL,198,,,,Sierra 2500 HD | Sierra 3500 HD,13020814,GMC Sierra 2500HD/3500HD Pickup 2008-2014 Regular 8 US
GMC,Sierra 2500HD/3500HD,,,Pickup,Crew,6.8,gen3,2015-2019,皮卡,6350,2080,2062,100174,P1,1591,1882,1697,46,6584,PK-XXL-645,100,,,,Sierra 2500 HD | Sierra 3500 HD,13021519,GMC Sierra 2500HD/3500HD Pickup 2015-2019 Crew 6.8 US
GMC,Sierra 2500HD/3500HD,,,Pickup,Crew,8,gen3,2015-2019,皮卡,6756,2080,2062,50086,P1,1591,1882,1697,46,6974,无可用尺码,,PK-XXL-645,超长,306,Sierra 2500 HD | Sierra 3500 HD,13021519,GMC Sierra 2500HD/3500HD Pickup 2015-2019 Crew 8 US
GMC,Sierra 2500HD/3500HD,,,Pickup,Double,6.8,gen3,2015-2019,皮卡,6350,2080,2055,75128,P1,1591,1882,1692,46,6584,PK-XXL-645,100,,,,Sierra 2500 HD | Sierra 3500 HD,13021519,GMC Sierra 2500HD/3500HD Pickup 2015-2019 Double 6.8 US
GMC,Sierra 2500HD/3500HD,,,Pickup,Double,8,gen3,2015-2019,皮卡,6533,2080,2055,37565,P1,1591,1882,1692,46,6760,无可用尺码,,PK-XXL-645,超长,83,Sierra 2500 HD | Sierra 3500 HD,13021519,GMC Sierra 2500HD/3500HD Pickup 2015-2019 Double 8 US
GMC,Sierra 2500HD/3500HD,,,Pickup,Regular,8,gen3,2015-2019,皮卡,6002,2080,2055,6262,P1,1591,1882,1692,46,6251,PK-XL,198,,,,Sierra 2500 HD | Sierra 3500 HD,13021519,GMC Sierra 2500HD/3500HD Pickup 2015-2019 Regular 8 US
GMC,Sierra 2500HD/3500HD,,,Pickup,Crew,6.8,gen4,2020-2026,皮卡,6350,2080,2062,217616,P1,1591,1882,1697,46,6584,PK-XXL-645,100,,,,Sierra 2500 HD | Sierra 3500 HD,13022026,GMC Sierra 2500HD/3500HD Pickup 2020-2026 Crew 6.8 US
GMC,Sierra 2500HD/3500HD,,,Pickup,Crew,8,gen4,2020-2026,皮卡,6756,2080,2062,108807,P1,1591,1882,1697,46,6974,无可用尺码,,PK-XXL-645,超长,306,Sierra 2500 HD | Sierra 3500 HD,13022026,GMC Sierra 2500HD/3500HD Pickup 2020-2026 Crew 8 US
GMC,Sierra 2500HD/3500HD,,,Pickup,Double,6.8,gen4,2020-2026,皮卡,6350,2080,2055,163210,P1,1591,1882,1692,46,6584,PK-XXL-645,100,,,,Sierra 2500 HD | Sierra 3500 HD,13022026,GMC Sierra 2500HD/3500HD Pickup 2020-2026 Double 6.8 US
GMC,Sierra 2500HD/3500HD,,,Pickup,Double,8,gen4,2020-2026,皮卡,6533,2080,2055,81606,P1,1591,1882,1692,46,6760,无可用尺码,,PK-XXL-645,超长,83,Sierra 2500 HD | Sierra 3500 HD,13022026,GMC Sierra 2500HD/3500HD Pickup 2020-2026 Double 8 US
GMC,Sierra 2500HD/3500HD,,,Pickup,Regular,8,gen4,2020-2026,皮卡,6002,2080,2055,13602,P1,1591,1882,1692,46,6251,PK-XL,198,,,,Sierra 2500 HD | Sierra 3500 HD,13022026,GMC Sierra 2500HD/3500HD Pickup 2020-2026 Regular 8 US
GMC,Sierra EV,,,Pickup,Crew,5.9,gen1,2024-2026,皮卡,5928,2129,1984,12828,P0,1475,1814,1655,-12,6074,PK-XL,272,,,,Sierra EV,13102426,GMC Sierra EV Pickup 2024-2026 Crew 5.9 US
GMC,Terrain,,,SUV,,,gen1,2010-2017,越野车,4707,1849,1684,731421,SU1,1353,1379,1363,-67,4564,YL,143,,,,Terrain,13041017,GMC Terrain SUV 2010-2017 US
GMC,Terrain,,,SUV,,,gen2,2018-2024,越野车,4630,1839,1661,589816,SU1,1346,1372,1340,-70,4484,YM,0,,,,Terrain,13041824,GMC Terrain SUV 2018-2024 US
GMC,Terrain,,,SUV,,,gen3,2025-2026,越野车,4597,1892,1681,116763,SU1,1385,1411,1378,-51,4502,YM,33,,,,Terrain,13042526,GMC Terrain SUV 2025-2026 US
GMC,Yukon,,2dr,SUV,,,gen1,1992-1994,越野车,4768,1941,1803,90000,SU2,1359,1611,1433,-8,4706,YL,82,,,,,13019294,GMC Yukon 2dr SUV 1992-1994 US
GMC,Yukon,,2dr,SUV,,,gen1,1995-1997,越野车,4788,1958,1839,67500,SU2,1371,1625,1468,-1,4740,YL,62,,,,,13019597,GMC Yukon 2dr SUV 1995-1997 US
GMC,Yukon,,4dr,SUV,,,gen1,1995-1999,越野车,5070,1951,1905,182500,SU2,1366,1619,1517,-4,4994,无可用尺码,,YXL,超长,50,,13019599,GMC Yukon 4dr SUV 1995-1999 US
GMC,Yukon,,,SUV,,,gen2,2000-2006,越野车,5116,2002,1943,500934,SU2,1401,1662,1567,16,5084,无可用尺码,,YXL,超长,96,Yukon | Yukon XL 1500 | Yukon XL 2500,13010006,GMC Yukon SUV 2000-2006 US
GMC,Yukon,,,SUV,,,gen3,2007-2014,越野车,5131,2009,1953,294748,SU2,1406,1667,1578,18,5104,无可用尺码,,YXL,超长,111,Yukon | Yukon XL 1500 | Yukon XL 2500,13010714,GMC Yukon SUV 2007-2014 US
GMC,Yukon,,,SUV,,,gen4,2015-2020,越野车,5179,2045,1890,358154,SU2,1432,1697,1542,32,5182,无可用尺码,,YXL,超长,159,Yukon | Yukon XL,13011520,GMC Yukon SUV 2015-2020 US
GMC,Yukon,,,SUV,,,gen5,2021-2026,越野车,5337,2057,1943,517520,SU2,1440,1707,1589,37,5339,无可用尺码,,YXL,超长,317,Yukon | Yukon XL,13012126,GMC Yukon SUV 2021-2026 US
GMC,Yukon XL,,,SUV,,,gen1,2000-2006,越野车,5570,2002,1943,362065,SU2,1401,1662,1567,16,5504,无可用尺码,,YXL,超长,550,Yukon XL 1500 | Yukon XL 2500,13060006,GMC Yukon XL SUV 2000-2006 US
GMC,Yukon XL,,,SUV,,,gen2,2007-2014,越野车,5649,2009,1958,223209,SU2,1406,1667,1581,18,5584,无可用尺码,,YXL,超长,629,Yukon XL 1500 | Yukon XL 2500,13060714,GMC Yukon XL SUV 2007-2014 US
GMC,Yukon XL,,,SUV,,,gen3,2015-2020,越野车,5697,2045,1890,173555,SU2,1432,1697,1542,32,5661,无可用尺码,,YXL,超长,677,Yukon XL,13061520,GMC Yukon XL SUV 2015-2020 US
GMC,Yukon XL,,,SUV,,,gen4,2021-2026,越野车,5720,2057,1943,237000,SU2,1440,1707,1589,37,5694,无可用尺码,,YXL,超长,700,Yukon XL,13062126,GMC Yukon XL SUV 2021-2026 US
Genesis,EQ900,,G90,Sedan,,,gen1,2017-2022,三厢车,5204,1915,1496,13838,SD1,1398,1532,1230,-18,5121,3XXL-550,296,,,,G90,39051722,Genesis EQ900 G90 Sedan 2017-2022 US
Genesis,EQ900,,G90,Sedan,,,gen2,2023-2026,三厢车,5276,1930,1491,2791,SD1,1409,1544,1232,-12,5202,3XXL-550,224,,,,G90,39052326,Genesis EQ900 G90 Sedan 2023-2026 US
Genesis,G70,,,Sedan,,,gen1,2019-2026,三厢车,4684,1849,1400,85012,SD1,1350,1479,1126,-43,4576,3L,56,,,,G70,39021926,Genesis G70 Sedan 2019-2026 US
Genesis,G80,,,Sedan,,,gen1,2017-2020,三厢车,4991,1890,1481,30955,SD1,1380,1512,1208,-27,4899,3XL-0,59,,,,G80,39031720,Genesis G80 Sedan 2017-2020 US
Genesis,G80,,,Sedan,,,gen2,2021-2022,三厢车,4996,1925,1466,10156,SD1,1405,1540,1210,-14,4937,3XL-0,54,,,,G80,39032122,Genesis G80 Sedan 2021-2022 US
Genesis,G80,,,Sedan,,,gen2,2023-2024,三厢车,5004,1925,1471,7928,SD1,1405,1540,1214,-14,4944,3XL-0,46,,,,G80,39032324,Genesis G80 Sedan 2023-2024 US
Genesis,G80,,,Sedan,,,gen2,2025-2026,三厢车,4996,1925,1466,4342,SD1,1405,1540,1210,-14,4937,3XL-0,54,,,,G80,39032526,Genesis G80 Sedan 2025-2026 US
Genesis,G80,,Sport,Sedan,,,gen1,2018-2020,三厢车,4991,1890,1481,3159,SD1,1380,1512,1208,-27,4899,3XL-0,59,,,,G80,39031820,Genesis G80 Sport Sedan 2018-2020 US
Genesis,G80,,Sport,Sedan,,,gen2,2025-2026,三厢车,5004,1925,1466,930,SD1,1405,1540,1210,-14,4944,3XL-0,46,,,,G80,39032526,Genesis G80 Sport Sedan 2025-2026 US
Genesis,G90,,,Sedan,,,gen1,2017-2022,三厢车,5204,1915,1496,13838,SD1,1398,1532,1230,-18,5121,3XXL-550,296,,,,G90,39041722,Genesis G90 Sedan 2017-2022 US
Genesis,G90,,,Sedan,,,gen2,2023-2026,三厢车,5276,1930,1491,4970,SD1,1409,1544,1232,-12,5202,3XXL-550,224,,,,G90,39042326,Genesis G90 Sedan 2023-2026 US
Genesis,GV60,,,SUV,,,gen1,2023-2025,越野车,4516,1890,1585,8189,SU0,1266,1323,1299,-103,4329,YM,114,,,,GV60,39062325,Genesis GV60 SUV 2023-2025 US
Genesis,GV60,,,SUV,,,gen1,2026,越野车,4544,1890,1585,1200,SU0,1266,1323,1299,-103,4355,YM,86,,,,GV60,39062626,Genesis GV60 SUV 2026 US
Genesis,GV70,,,SUV,,,gen1,2022-2026,越野车,4714,1910,1631,124674,SU1,1398,1425,1345,-44,4627,YL,136,,,,GV70,39002226,Genesis GV70 SUV 2022-2026 US
Genesis,GV80,,,SUV,,,gen1,2021-2024,越野车,4945,1976,1714,81835,SU1,1446,1474,1439,-20,4902,YXL,75,,,,GV80,39012124,Genesis GV80 SUV 2021-2024 US
Genesis,GV80,,,SUV,,,gen1,2025-2026,越野车,4940,1976,1714,38810,SU1,1446,1474,1439,-20,4897,YXL,80,,,,GV80 | GV80 Coupe,39012526,Genesis GV80 SUV 2025-2026 US
Honda,Accord,,,Coupe,,,gen3,1988-1989,跑车,4564,1694,1341,241791,SD1,1237,1355,1016,-102,4320,3L-0,176,,,,Accord,03008889,Honda Accord Coupe 1988-1989 US
Honda,Accord,,,Coupe,,,gen4,1990,跑车,4694,1725,1369,139060,SD1,1259,1380,1051,-90,4470,3L-0,46,,,,Accord,03009090,Honda Accord Coupe 1990 US
Honda,Accord,,,Coupe,,,gen4,1991-1993,跑车,4704,1704,1326,374268,SD1,1244,1363,1008,-98,4459,3L-0,36,,,,Accord,03009193,Honda Accord Coupe 1991-1993 US
Honda,Accord,,,Coupe,,,gen5,1994-1997,跑车,4714,1781,1389,491970,SD1,1300,1425,1090,-69,4540,3L-0,26,,,,Accord,03009497,Honda Accord Coupe 1994-1997 US
Honda,Accord,,,Coupe,,,gen6,1998-2002,跑车,4745,1786,1405,1011739,SD1,1304,1429,1104,-67,4574,3XL-0,305,,,,Accord,03009802,Honda Accord Coupe 1998-2002 US
Honda,Accord,,,Coupe,,,gen7,2003-2007,跑车,4770,1811,1415,947407,SD1,1322,1449,1123,-57,4620,3XL-0,280,,,,Accord,03000307,Honda Accord Coupe 2003-2007 US
Honda,Accord,,,Coupe,,,gen8,2008-2012,跑车,4851,1849,1433,774847,SD1,1350,1479,1153,-43,4731,3XL-0,199,,,,Accord,03000812,Honda Accord Coupe 2008-2012 US
Honda,Accord,,,Coupe,,,gen9,2013-2017,跑车,4813,1854,1435,877746,SD1,1353,1483,1156,-41,4700,3XL-0,237,,,,Accord,03001317,Honda Accord Coupe 2013-2017 US
Honda,Accord,,,Hatchback,,,gen1,1976-1981,两厢车,4125,1621,1336,473704,H0,1164,1187,989,-162,3786,2L,15,,,,Accord,03007681,Honda Accord Hatchback 1976-1981 US
Honda,Accord,,,Hatchback,,,gen2,1982-1985,两厢车,4254,1666,1354,471366,H0,1196,1220,1021,-146,3946,无可用尺码,,2L,超长,114,Accord,03008285,Honda Accord Hatchback 1982-1985 US
Honda,Accord,,,Hatchback,,,gen3,1986-1989,两厢车,4440,1694,1336,571730,SD1,1237,1355,1012,-102,4205,无可用尺码,,2L,超长,300,Accord,03008689,Honda Accord Hatchback 1986-1989 US
Honda,Accord,,,Sedan,,,gen1,1979-1981,三厢车,4366,1621,1354,258223,SD2,1621,1621,1014,60,4487,3L,374,,,,Accord,03007981,Honda Accord Sedan 1979-1981 US
Honda,Accord,,,Sedan,,,gen2,1982-1985,三厢车,4455,1666,1374,471365,SD2,1666,1666,1049,83,4621,3L,285,,,,Accord,03008285,Honda Accord Sedan 1982-1985 US
Honda,Accord,,,Sedan,,,gen3,1986-1989,三厢车,4564,1712,1356,571729,SD1,1250,1370,1035,-95,4337,3L,176,,,,Accord,03008689,Honda Accord Sedan 1986-1989 US
Honda,Accord,,,Sedan,,,gen4,1990-1993,三厢车,4704,1704,1341,513328,SD1,1244,1363,1020,-98,4459,3L,36,,,,Accord,03009093,Honda Accord Sedan 1990-1993 US
Honda,Accord,,,Sedan,,,gen5,1994-1997,三厢车,4785,1781,1422,491969,SD1,1300,1425,1116,-69,4606,3XL-0,265,,,,Accord,03009497,Honda Accord Sedan 1994-1997 US
Honda,Accord,,,Sedan,,,gen6,1998-2002,三厢车,4811,1786,1455,1011737,SD1,1304,1429,1145,-67,4635,3XL-0,239,,,,Accord,03009802,Honda Accord Sedan 1998-2002 US
Honda,Accord,,,Sedan,,,gen7,2003-2007,三厢车,4854,1819,1453,947405,SD1,1328,1455,1157,-54,4706,3XL-0,196,,,,Accord,03000307,Honda Accord Sedan 2003-2007 US
Honda,Accord,,,Sedan,,,gen8,2008-2012,三厢车,4950,1847,1476,774843,SD1,1348,1478,1186,-44,4821,3XL-0,100,,,,Accord,03000812,Honda Accord Sedan 2008-2012 US
Honda,Accord,,,Sedan,,,gen9,2013-2017,三厢车,4890,1849,1466,877743,SD1,1350,1479,1179,-43,4767,3XL-0,160,,,,Accord,03001317,Honda Accord Sedan 2013-2017 US
Honda,Accord,,,Sedan,,,gen10,2018-2022,三厢车,4882,1862,1450,1113749,SD1,1359,1490,1171,-38,4772,3XL-0,168,,,,Accord,03001822,Honda Accord Sedan 2018-2022 US
Honda,Accord,,,Sedan,,,gen10,2023-2026,三厢车,4971,1862,1450,600934,SD1,1359,1490,1171,-38,4855,3XL-0,79,,,,Accord,03002326,Honda Accord Sedan 2023-2026 US
Honda,Accord,,,Wagon,,,gen4,1990-1993,两厢车,4745,1714,1351,513327,H2,1203,1286,1025,-128,4423,无可用尺码,,5XL,超余量,555,Accord,03009093,Honda Accord Wagon 1990-1993 US
Honda,Accord,,,Wagon,,,gen5,1994-1997,两厢车,4785,1781,1422,491967,H2,1250,1336,1109,-104,4521,5XL,515,,,,Accord,03009497,Honda Accord Wagon 1994-1997 US
Honda,CR-V,,,SUV,,,gen1,1997-2001,越野车,4511,1750,1674,524661,SU1,1281,1306,1315,-103,4291,YM,119,,,,CRV,03029701,Honda CR-V SUV 1997-2001 US
Honda,CR-V,,,SUV,,,gen2,2002-2006,越野车,4597,1783,1681,759703,SU1,1305,1330,1334,-91,4402,YM,33,,,,CRV,03020206,Honda CR-V SUV 2002-2006 US
Honda,CR-V,,,SUV,,,gen3,2007-2011,越野车,4554,1819,1679,1029740,SU1,1332,1357,1347,-78,4395,YM,76,,,,CRV,03020711,Honda CR-V SUV 2007-2011 US
Honda,CR-V,,,SUV,,,gen4,2012-2016,越野车,4582,1819,1654,1623557,SU1,1332,1357,1326,-78,4421,YM,48,,,,CRV,03021216,Honda CR-V SUV 2012-2016 US
Honda,CR-V,,,SUV,,,gen5,2017-2022,越野车,4625,1854,1689,2074004,SU1,1357,1383,1369,-65,4493,YM,5,,,,CRV,03021722,Honda CR-V SUV 2017-2022 US
Honda,CR-V,,,SUV,,,gen6,2023-2026,越野车,4694,1867,1689,1594016,SU1,1367,1393,1374,-60,4569,YL,156,,,,CRV,03022326,Honda CR-V SUV 2023-2026 US
Honda,CR-Z,,,Hatchback,,,gen1,2011-2015,两厢车,4077,1740,1394,26707,SD0,1235,1176,1308,-147,3776,2L,63,,,,CRZ,03171115,Honda CR-Z Hatchback 2011-2015 US
Honda,CR-Z,,,Hatchback,,,gen1,2016,两厢车,4102,1740,1394,2338,SD0,1235,1176,1308,-147,3799,2L,38,,,,CRZ,03171616,Honda CR-Z Hatchback 2016 US
Honda,Civic,,CRX,Coupe,,,gen4,1988-1991,跑车,3772,1674,1273,63680,SD2,1674,1674,970,87,3946,3S-0,448,,,,Civic,03018891,Honda Civic CRX Coupe 1988-1991 US
Honda,Civic,,,Coupe,,,gen5,1992-1995,跑车,4389,1699,1293,343756,SD1,1240,1359,979,-100,4162,3M-0,171,,,,Civic | Civic del Sol,03019295,Honda Civic Coupe 1992-1995 US
Honda,Civic,,,Coupe,,,gen6,1996-2000,跑车,4448,1704,1374,528481,SD1,1244,1363,1046,-98,4221,3M-0,112,,,,Civic | Civic del Sol,03019600,Honda Civic Coupe 1996-2000 US
Honda,Civic,,,Coupe,,,gen7,2001-2005,跑车,4455,1694,1400,781112,SD1,1237,1355,1063,-102,4219,3M-0,105,,,,Civic,03010105,Honda Civic Coupe 2001-2005 US
Honda,Civic,,,Coupe,,,gen8,2006-2011,跑车,4458,1750,1397,864100,SD1,1278,1400,1084,-80,4273,3M-0,102,,,,Civic,03010611,Honda Civic Coupe 2006-2011 US
Honda,Civic,,,Coupe,,,gen9,2012-2015,跑车,4519,1753,1397,657728,SD1,1280,1402,1085,-80,4333,3M-0,41,,,,Civic,03011215,Honda Civic Coupe 2012-2015 US
Honda,Civic,,,Coupe,,,gen10,2016-2020,跑车,4493,1798,1394,584768,SD1,1313,1438,1100,-62,4351,3M-0,67,,,,Civic,03011620,Honda Civic Coupe 2016-2020 US
Honda,Civic,,,Hatchback,,,gen2,1980-1983,两厢车,3759,1580,1336,187886,H0,1134,1157,972,-177,3412,2L,381,,,,Civic,03018083,Honda Civic Hatchback 1980-1983 US
Honda,Civic,,,Hatchback,,,gen3,1984-1987,两厢车,3810,1626,1346,283312,H0,1167,1190,999,-161,3501,2L,330,,,,Civic,03018487,Honda Civic Hatchback 1984-1987 US
Honda,Civic,,,Hatchback,,,gen4,1988-1991,两厢车,3990,1684,1334,297170,H0,1209,1233,1013,-140,3720,2L,150,,,,Civic,03018891,Honda Civic Hatchback 1988-1991 US
Honda,Civic,,,Hatchback,,,gen5,1992-1995,两厢车,4069,1699,1288,343755,H0,1220,1244,981,-134,3807,2L,71,,,,Civic | Civic del Sol,03019295,Honda Civic Hatchback 1992-1995 US
Honda,Civic,,,Hatchback,,,gen6,1996-2000,两厢车,4171,1704,1374,528480,H0,1223,1247,1053,-132,3905,无可用尺码,,2L,超长,31,Civic | Civic del Sol,03019600,Honda Civic Hatchback 1996-2000 US
Honda,Civic,,,Hatchback,,,gen10,2017-2021,两厢车,4519,1798,1430,520433,H0,1291,1316,1136,-98,4312,无可用尺码,,2L,超长,379,Civic,03011721,Honda Civic Hatchback 2017-2021 US
Honda,Civic,,,Hatchback,,,gen11,2022-2026,两厢车,4547,1801,1415,427869,H0,1293,1318,1126,-97,4340,无可用尺码,,2L,超长,407,Civic,03012226,Honda Civic Hatchback 2022-2026 US
Honda,Civic,,,Sedan,,,gen1,1973-1979,三厢车,4064,1506,1359,383794,SD2,1506,1506,971,3,4070,3S-0,156,,,,Civic,03017379,Honda Civic Sedan 1973-1979 US
Honda,Civic,,,Sedan,,,gen2,1980-1983,三厢车,4100,1565,1351,187885,SD2,1565,1565,989,32,4165,3S-0,120,,,,Civic,03018083,Honda Civic Sedan 1980-1983 US
Honda,Civic,,,Sedan,,,gen3,1984-1987,三厢车,4166,1626,1397,283310,SD2,1626,1626,1051,63,4292,3S-0,54,,,,Civic,03018487,Honda Civic Sedan 1984-1987 US
Honda,Civic,,,Sedan,,,gen4,1988-1991,三厢车,4288,1694,1359,297169,SD2,1694,1694,1048,97,4482,3L,452,,,,Civic,03018891,Honda Civic Sedan 1988-1991 US
Honda,Civic,,,Sedan,,,gen5,1992-1995,三厢车,4394,1699,1313,343754,SD1,1240,1359,995,-100,4166,3L,346,,,,Civic | Civic del Sol,03019295,Honda Civic Sedan 1992-1995 US
Honda,Civic,,,Sedan,,,gen6,1996-2000,三厢车,4448,1704,1389,528480,SD1,1244,1363,1058,-98,4221,3L,292,,,,Civic | Civic del Sol,03019600,Honda Civic Sedan 1996-2000 US
Honda,Civic,,,Sedan,,,gen7,2001-2005,三厢车,4455,1714,1440,781110,SD1,1251,1371,1104,-94,4237,3L,285,,,,Civic,03010105,Honda Civic Sedan 2001-2005 US
Honda,Civic,,,Sedan,,,gen8,2006-2011,三厢车,4503,1753,1435,864097,SD1,1280,1402,1115,-80,4318,3L,237,,,,Civic,03010611,Honda Civic Sedan 2006-2011 US
Honda,Civic,,,Sedan,,,gen9,2012-2015,三厢车,4557,1753,1435,657726,SD1,1280,1402,1115,-80,4368,3L,183,,,,Civic,03011215,Honda Civic Sedan 2012-2015 US
Honda,Civic,,,Sedan,,,gen10,2016-2021,三厢车,4641,1801,1415,703893,SD1,1315,1441,1119,-61,4491,3L,99,,,,Civic,03011621,Honda Civic Sedan 2016-2021 US
Honda,Civic,,,Sedan,,,gen11,2022-2026,三厢车,4694,1801,1415,427864,SD1,1315,1441,1119,-61,4540,3L,46,,,,Civic,03012226,Honda Civic Sedan 2022-2026 US
Honda,Civic,,Type R,Hatchback,,,gen10,2017-2021,两厢车,4557,1877,1435,111521,H0,1348,1374,1173,-70,4419,无可用尺码,,2L,超长,417,Civic,03011721,Honda Civic Type R Hatchback 2017-2021 US
Honda,Civic,,Type R,Hatchback,,,gen11,2022-2026,两厢车,4595,1890,1407,91686,H0,1357,1383,1155,-65,4466,无可用尺码,,2L,超长,455,Civic,03012226,Honda Civic Type R Hatchback 2022-2026 US
Honda,Civic,,,Wagon,,,gen1,1973-1979,两厢车,4064,1506,1359,383789,H2,1057,1130,948,-203,3608,2L,76,,,,Civic,03017379,Honda Civic Wagon 1973-1979 US
Honda,Civic,,,Wagon,,,gen2,1980-1983,两厢车,3995,1580,1374,187883,H2,1109,1185,990,-176,3612,2L,145,,,,Civic,03018083,Honda Civic Wagon 1980-1983 US
Honda,Civic,,,Wagon,,,gen3,1984-1987,两厢车,4229,1669,1379,283308,H2,1172,1252,1030,-144,3908,无可用尺码,,2L,超长,89,Civic,03018487,Honda Civic Wagon 1984-1987 US
Honda,Civic,,,Wagon,,,gen4,1988-1991,两厢车,4107,1679,1445,297168,H2,1179,1259,1087,-140,3806,2L,33,,,,Civic,03018891,Honda Civic Wagon 1988-1991 US
Honda,Clarity Plug In,,,Sedan,,,gen1,2018-2021,三厢车,4895,1877,1478,38089,SD1,1370,1502,1200,-32,4798,3XL-0,155,,,,Clarity,03161821,Honda Clarity Plug In Sedan 2018-2021 US
Honda,Clarity,,,Sedan,,,gen1,2017-2021,三厢车,4895,1877,1478,40544,SD1,1370,1502,1200,-32,4798,3XL-0,155,,,,Clarity,03151721,Honda Clarity Sedan 2017-2021 US
Honda,Crosstour,,,Hatchback,,,gen1,2010-2012,两厢车,4999,1897,1669,67673,H0,1362,1389,1370,-62,4844,5XL,301,,,,Accord Crosstour | Crosstour,03121012,Honda Crosstour Hatchback 2010-2012 US
Honda,Crosstour,,,Hatchback,,,gen1,2013-2015,两厢车,4994,1897,1562,37753,H0,1362,1389,1284,-62,4840,5XL,306,,,,Crosstour,03121315,Honda Crosstour Hatchback 2013-2015 US
Honda,Element,,,Crossover,,,gen1,2003,越野车,4300,1816,1880,67478,SU2,1271,1507,1444,-56,4157,YM,330,,,,,03100303,Honda Element Crossover 2003 US
Honda,Element,,,Crossover,,,gen1,2004-2005,越野车,4300,1816,1788,116189,SU2,1271,1507,1372,-56,4157,YM,330,,,,,03100405,Honda Element Crossover 2004-2005 US
Honda,Element,,,Crossover,,,gen1,2006-2009,越野车,4326,1816,1788,128378,SU2,1271,1507,1372,-56,4181,YM,304,,,,,03100609,Honda Element Crossover 2006-2009 US
Honda,Fit,,,Hatchback,,,gen1,2007-2008,两厢车,3998,1681,1524,136226,H1,1210,1254,1177,-134,3708,2L,142,,,,Fit,03070708,Honda Fit Hatchback 2007-2008 US
Honda,Fit,,,Hatchback,,,gen2,2009-2014,两厢车,4105,1694,1524,343103,H1,1220,1264,1182,-129,3818,2L,35,,,,Fit,03070914,Honda Fit Hatchback 2009-2014 US
Honda,Fit,,,Hatchback,,,gen3,2015-2017,两厢车,4064,1702,1524,158808,H1,1225,1270,1186,-126,3787,2L,76,,,,Fit,03071517,Honda Fit Hatchback 2015-2017 US
Honda,Fit,,,Hatchback,,,gen3,2018-2020,两厢车,4100,1702,1524,103202,H1,1225,1270,1186,-126,3820,2L,40,,,,Fit,03071820,Honda Fit Hatchback 2018-2020 US
Honda,HR-V,,,SUV,,,gen1,2016-2018,越野车,4295,1773,1605,261569,SU1,1298,1323,1268,-95,4113,YM,335,,,,HRV,03051618,Honda HR-V SUV 2016-2018 US
Honda,HR-V,,,SUV,,,gen1,2019-2021,越野车,4328,1773,1605,320221,SU1,1298,1323,1268,-95,4143,YM,302,,,,HRV,03051921,Honda HR-V SUV 2019-2021 US
Honda,HR-V,,,SUV,,,gen2,2023-2026,越野车,4567,1839,1621,559445,SU1,1346,1372,1308,-70,4426,YM,63,,,,HRV,03052326,Honda HR-V SUV 2023-2026 US
Honda,Insight,,,Hatchback,,,gen1,2000-2006,两厢车,3940,1694,1354,13869,H0,1216,1240,1033,-136,3683,2L,200,,,,Insight,03110006,Honda Insight Hatchback 2000-2006 US
Honda,Insight,,,Hatchback,,,gen2,2010-2014,两厢车,4376,1694,1427,51124,H0,1216,1240,1092,-136,4084,无可用尺码,,2L,超长,236,Insight,03111014,Honda Insight Hatchback 2010-2014 US
Honda,Insight,,,Sedan,,,gen3,2019-2022,三厢车,4663,1819,1412,65973,SD1,1328,1455,1123,-54,4528,3L,77,,,,Insight,03111922,Honda Insight Sedan 2019-2022 US
Honda,Odyssey,,,MPV,,,gen1,1995-1998,两厢车,4765,1793,1641,94088,V0,1280,1307,1420,-103,4553,5XL,535,,,,,03039598,Honda Odyssey MPV 1995-1998 US
Honda,Odyssey,,,MPV,,,gen2,1999-2004,两厢车,5110,1938,1770,797315,V0,1384,1413,1592,-51,5005,5XL,190,,,,,03039904,Honda Odyssey MPV 1999-2004 US
Honda,Odyssey,,,MPV,,,gen3,2005-2010,两厢车,5133,1958,1778,866965,V0,1398,1427,1607,-44,5045,5XL,167,,,,,03030510,Honda Odyssey MPV 2005-2010 US
Honda,Odyssey,,,MPV,,,gen4,2011-2017,两厢车,5154,2012,1737,833122,V0,1437,1467,1595,-24,5114,5XL,146,,,,,03031117,Honda Odyssey MPV 2011-2017 US
Honda,Odyssey,,,MPV,,,gen5,2018-2026,两厢车,5212,1994,1768,698406,V0,1424,1454,1614,-30,5151,5XL,88,,,,,03031826,Honda Odyssey MPV 2018-2026 US
Honda,Passport,,,SUV,,,gen1,1994-2002,越野车,4526,1788,1740,196477,SU2,1252,1484,1323,-66,4340,YM,104,,,,Passport,03099402,Honda Passport SUV 1994-2002 US
Honda,Passport,,,SUV,,,gen2,2019-2025,越野车,4839,1996,1834,298638,SU1,1461,1489,1544,-12,4822,YL,11,,,,Passport,03091925,Honda Passport SUV 2019-2025 US
Honda,Passport,,,SUV,,,gen3,2026,越野车,4864,2017,1857,55000,SU2,1412,1674,1505,22,4865,YXL,156,,,,Passport,03092626,Honda Passport SUV 2026 US
Honda,Pilot,,,SUV,,,gen1,2003-2005,越野车,4775,1963,1821,378428,SU2,1374,1629,1456,1,4733,YL,75,,,,Pilot,03040305,Honda Pilot SUV 2003-2005 US
Honda,Pilot,,,SUV,,,gen1,2006-2008,越野车,4775,1968,1821,376046,SU2,1378,1633,1458,3,4737,YL,75,,,,Pilot,03040608,Honda Pilot SUV 2006-2008 US
Honda,Pilot,,,SUV,,,gen2,2009-2015,越野车,4862,1994,1847,889116,SU1,1460,1488,1554,-13,4842,YXL,158,,,,Pilot,03040915,Honda Pilot SUV 2009-2015 US
Honda,Pilot,,,SUV,,,gen3,2016-2022,越野车,4991,1996,1793,909116,SU1,1461,1489,1511,-12,4963,YXL,29,,,,Pilot,03041622,Honda Pilot SUV 2016-2022 US
Honda,Pilot,,,SUV,,,gen4,2023-2025,越野车,5077,1994,1803,309443,SU1,1460,1488,1518,-13,5041,无可用尺码,,YXL,超长,57,Pilot,03042325,Honda Pilot SUV 2023-2025 US
Honda,Pilot,,,SUV,,,gen4,2026,越野车,5083,1994,1803,52198,SU1,1460,1488,1518,-13,5046,无可用尺码,,YXL,超长,63,Pilot,03042626,Honda Pilot SUV 2026 US
Honda,Pilot,,TrailSport,SUV,,,gen4,2023-2025,越野车,5085,1994,1829,66309,SU1,1460,1488,1539,-13,5048,无可用尺码,,YXL,超长,65,Pilot,03042325,Honda Pilot TrailSport SUV 2023-2025 US
Honda,Pilot,,TrailSport,SUV,,,gen4,2026,越野车,5090,1994,1829,11185,SU1,1460,1488,1539,-13,5053,无可用尺码,,YXL,超长,70,Pilot,03042626,Honda Pilot TrailSport SUV 2026 US
Honda,Prelude,,,Coupe,,,gen1,1979-1982,跑车,4089,1641,1290,171829,SD0,1165,1109,1168,-182,3697,3S-0,131,,,,Prelude,03067982,Honda Prelude Coupe 1979-1982 US
Honda,Prelude,,,Coupe,,,gen2,1983-1987,跑车,4295,1699,1295,336599,SD0,1206,1149,1199,-161,3937,3M-0,265,,,,Prelude,03068387,Honda Prelude Coupe 1983-1987 US
Honda,Prelude,,,Coupe,,,gen3,1988-1991,跑车,4511,1709,1300,160909,SD0,1213,1155,1208,-158,4142,3M-0,49,,,,Prelude,03068891,Honda Prelude Coupe 1988-1991 US
Honda,Prelude,,,Coupe,,,gen4,1992-1996,跑车,4440,1765,1290,98627,SD0,1253,1193,1225,-138,4128,3M-0,120,,,,Prelude,03069296,Honda Prelude Coupe 1992-1996 US
Honda,Prelude,,,Coupe,,,gen5,1997-2001,跑车,4521,1753,1316,62609,SD0,1245,1185,1243,-142,4191,3M-0,39,,,,Prelude,03069701,Honda Prelude Coupe 1997-2001 US
Honda,Prelude,,,Coupe,,,gen6,2026,跑车,4531,1880,1356,3500,SD0,1335,1271,1337,-98,4315,3M-0,29,,,,Prelude,03062626,Honda Prelude Coupe 2026 US
Honda,Prologue,,,SUV,,,gen1,2024-2026,越野车,4877,1989,1656,66946,SU1,1456,1484,1397,-15,4851,YXL,143,,,,Prologue,03132426,Honda Prologue SUV 2024-2026 US
Honda,Ridgeline,,,Pickup,Crew,5,gen1,2006-2014,皮卡,5255,1976,1808,214408,P1,1512,1788,1456,6,5435,PK-S,45,,,,Ridgeline,03080614,Honda Ridgeline Pickup 2006-2014 Crew 5 US
Honda,Ridgeline,,,Pickup,Crew,5.3,gen2,2017-2020,皮卡,5334,1996,1798,130843,P1,1527,1806,1456,14,5529,无可用尺码,,PK-S,超长,34,Ridgeline,03081720,Honda Ridgeline Pickup 2017-2020 Crew 5.3 US
Honda,Ridgeline,,,Pickup,Crew,5.3,gen2,2021-2026,皮卡,5339,1996,1798,253477,P1,1527,1806,1456,14,5534,无可用尺码,,PK-S,超长,39,Ridgeline,03082126,Honda Ridgeline Pickup 2021-2026 Crew 5.3 US
Honda,S2000,,,Convertible,,,gen1,2000-2009,跑车,4120,1750,1285,63057,SD0,1242,1183,1213,-144,3824,3S-0,100,,,,,03140009,Honda S2000 Convertible 2000-2009 US
Hyundai,Accent,,,Hatchback,,,gen1,1995-1999,两厢车,4117,1621,1394,129500,H0,1164,1187,1036,-162,3779,2L,23,,,,Accent,11049599,Hyundai Accent Hatchback 1995-1999 US
Hyundai,Accent,,,Hatchback,,,gen2,2000-2005,两厢车,4234,1669,1394,122906,H0,1198,1222,1055,-145,3931,无可用尺码,,2L,超长,94,Accent,11040005,Hyundai Accent Hatchback 2000-2005 US
Hyundai,Accent,,,Hatchback,,,gen3,2006-2011,两厢车,4046,1694,1471,148444,H0,1216,1240,1128,-136,3781,2L,94,,,,Accent,11040611,Hyundai Accent Hatchback 2006-2011 US
Hyundai,Accent,,,Hatchback,,,gen4,2012-2017,两厢车,4115,1699,1450,192490,H0,1220,1244,1113,-134,3849,2L,25,,,,Accent,11041217,Hyundai Accent Hatchback 2012-2017 US
Hyundai,Accent,,,Sedan,,,gen1,1995-1999,三厢车,4117,1621,1394,129500,SD1,1183,1297,1029,-130,3836,3S-0,103,,,,Accent,11049599,Hyundai Accent Sedan 1995-1999 US
Hyundai,Accent,,,Sedan,,,gen2,2000-2005,三厢车,4234,1669,1394,122906,SD1,1218,1335,1048,-112,3990,3L,506,,,,Accent,11040005,Hyundai Accent Sedan 2000-2005 US
Hyundai,Accent,,,Sedan,,,gen3,2006-2011,三厢车,4280,1694,1471,148439,SD1,1237,1355,1121,-102,4056,3L,460,,,,Accent,11040611,Hyundai Accent Sedan 2006-2011 US
Hyundai,Accent,,,Sedan,,,gen4,2012-2017,三厢车,4369,1699,1450,192488,SD1,1240,1359,1106,-100,4143,3L,371,,,,Accent,11041217,Hyundai Accent Sedan 2012-2017 US
Hyundai,Accent,,,Sedan,,,gen5,2018-2022,三厢车,4384,1730,1450,107501,SD1,1263,1384,1118,-88,4186,3L,356,,,,Accent,11041822,Hyundai Accent Sedan 2018-2022 US
Hyundai,Azera,,,Sedan,,,gen4,2006-2010,三厢车,4895,1849,1491,70101,SD1,1350,1479,1199,-43,4772,3XL-0,155,,,,Azera,11140610,Hyundai Azera Sedan 2006-2010 US
Hyundai,Azera,,,Sedan,,,gen4,2011,三厢车,4910,1849,1491,1524,SD1,1350,1479,1199,-43,4786,3XL-0,140,,,,Azera,11141111,Hyundai Azera Sedan 2011 US
Hyundai,Azera,,,Sedan,,,gen5,2012-2014,三厢车,4910,1859,1471,26884,SD1,1357,1487,1187,-39,4795,3XL-0,140,,,,Azera,11141214,Hyundai Azera Sedan 2012-2014 US
Hyundai,Azera,,,Sedan,,,gen5,2015-2017,三厢车,4920,1859,1471,13541,SD1,1357,1487,1187,-39,4804,3XL-0,130,,,,Azera,11141517,Hyundai Azera Sedan 2015-2017 US
Hyundai,Elantra GT,,,Hatchback,,,gen1,2013-2017,两厢车,4300,1781,1471,125000,H0,1279,1304,1163,-104,4095,无可用尺码,,2L,超长,160,Elantra GT,11121317,Hyundai Elantra GT Hatchback 2013-2017 US
Hyundai,Elantra GT,,,Hatchback,,,gen2,2018-2020,两厢车,4341,1796,1466,40000,H0,1290,1315,1165,-99,4146,无可用尺码,,2L,超长,201,Elantra GT,11121820,Hyundai Elantra GT Hatchback 2018-2020 US
Hyundai,Elantra,,,Hatchback,,,gen5,2013-2017,两厢车,4300,1781,1471,559086,H0,1279,1304,1163,-104,4095,无可用尺码,,2L,超长,160,Elantra | Elantra Coupe | Elantra GT,11001317,Hyundai Elantra Hatchback 2013-2017 US
Hyundai,Elantra,,,Hatchback,,,gen6,2018-2020,两厢车,4341,1796,1466,240493,H0,1290,1315,1165,-99,4146,无可用尺码,,2L,超长,201,Elantra | Elantra GT,11001820,Hyundai Elantra Hatchback 2018-2020 US
Hyundai,Elantra,,,Sedan,,,gen1,1992-1995,三厢车,4389,1679,1384,166424,SD1,1226,1343,1044,-108,4143,3L,351,,,,Elantra,11009295,Hyundai Elantra Sedan 1992-1995 US
Hyundai,Elantra,,,Sedan,,,gen2,1996-2000,三厢车,4420,1699,1394,191000,SD1,1240,1359,1061,-100,4191,3L,320,,,,Elantra,11009600,Hyundai Elantra Sedan 1996-2000 US
Hyundai,Elantra,,,Sedan,,,gen3,2001-2006,三厢车,4498,1720,1425,684189,SD1,1256,1376,1094,-92,4283,3L,242,,,,Elantra,11000106,Hyundai Elantra Sedan 2001-2006 US
Hyundai,Elantra,,,Sedan,,,gen4,2007-2010,三厢车,4506,1775,1481,298202,SD1,1296,1420,1161,-71,4341,3L,234,,,,Elantra,11000710,Hyundai Elantra Sedan 2007-2010 US
Hyundai,Elantra,,,Sedan,,,gen5,2011-2016,三厢车,4549,1775,1435,654177,SD1,1296,1420,1124,-71,4381,3L,191,,,,Elantra | Elantra Coupe | Elantra GT,11001116,Hyundai Elantra Sedan 2011-2016 US
Hyundai,Elantra,,,Sedan,,,gen6,2017-2020,三厢车,4620,1801,1435,339596,SD1,1315,1441,1135,-61,4472,3L,120,,,,Elantra | Elantra GT,11001720,Hyundai Elantra Sedan 2017-2020 US
Hyundai,Elantra,,,Sedan,,,gen7,2021-2026,三厢车,4709,1826,1415,736168,SD1,1333,1461,1129,-52,4578,3L,31,,,,Elantra | Elantra N,11002126,Hyundai Elantra Sedan 2021-2026 US
Hyundai,Elantra Tour,,,Wagon,,,gen1,2009-2012,两厢车,4486,1765,1519,76000,H2,1239,1324,1181,-109,4232,无可用尺码,,2L,超长,346,Elantra,11170912,Hyundai Elantra Tour Wagon 2009-2012 US
Hyundai,Elantra,,,Wagon,,,gen2,1996-1999,两厢车,4450,1699,1458,139000,H2,1193,1274,1105,-133,4139,无可用尺码,,2L,超长,310,Elantra,11009699,Hyundai Elantra Wagon 1996-1999 US
Hyundai,Elantra,,,Wagon,,,gen2,2000,两厢车,4450,1699,1491,52000,H2,1193,1274,1132,-133,4139,无可用尺码,,2L,超长,310,Elantra,11000000,Hyundai Elantra Wagon 2000 US
Hyundai,Elantra,,,Wagon,,,gen4,2009-2012,两厢车,4486,1765,1519,311954,H2,1239,1324,1181,-109,4232,无可用尺码,,2L,超长,346,Elantra,11000912,Hyundai Elantra Wagon 2009-2012 US
Hyundai,Equus,,,Sedan,,,gen2,2011-2016,三厢车,5159,1890,1491,17851,SD1,1380,1512,1216,-27,5056,3XXL-550,341,,,,Equus,11201116,Hyundai Equus Sedan 2011-2016 US
Hyundai,Genesis,,5.0 R-Spec,Sedan,,,gen1,2012-2014,三厢车,4986,1890,1481,17437,SD1,1380,1512,1208,-27,4895,3XL-0,64,,,,Genesis | Genesis Coupe,11071214,Hyundai Genesis 5.0 R-Spec Sedan 2012-2014 US
Hyundai,Genesis,,,Sedan,,,gen1,2009-2011,三厢车,4976,1890,1476,84008,SD1,1380,1512,1204,-27,4885,3XL-0,74,,,,Genesis | Genesis Coupe,11070911,Hyundai Genesis Sedan 2009-2011 US
Hyundai,Genesis,,,Sedan,,,gen1,2012-2014,三厢车,4986,1890,1481,81370,SD1,1380,1512,1208,-27,4895,3XL-0,64,,,,Genesis | Genesis Coupe,11071214,Hyundai Genesis Sedan 2012-2014 US
Hyundai,Genesis,,,Sedan,,,gen2,2015-2016,三厢车,4991,1890,1481,54604,SD1,1380,1512,1208,-27,4899,3XL-0,59,,,,Genesis | Genesis Coupe,11071516,Hyundai Genesis Sedan 2015-2016 US
Hyundai,IONIQ 5,,N,SUV,,,gen1,2025,越野车,4714,1941,1585,8301,SU1,1421,1448,1320,-33,4656,YL,136,,,,Ioniq 5 | Ioniq 5 N,11112525,Hyundai IONIQ 5 N SUV 2025 US
Hyundai,IONIQ 5,,,SUV,,,gen1,2022-2024,越野车,4636,1890,1600,101300,SU1,1383,1410,1311,-52,4537,YL,214,,,,Ioniq 5,11112224,Hyundai IONIQ 5 SUV 2022-2024 US
Hyundai,IONIQ 5,,,SUV,,,gen1,2025-2026,越野车,4656,1890,1600,59468,SU1,1383,1410,1311,-52,4555,YL,194,,,,Ioniq 5 | Ioniq 5 N,11112526,Hyundai IONIQ 5 SUV 2025-2026 US
Hyundai,IONIQ 6,,N,Sedan,,,gen1,2026,三厢车,4935,1941,1496,706,SD1,1417,1553,1240,-8,4895,3XL-0,115,,,,Ioniq 6 N,11192626,Hyundai IONIQ 6 N Sedan 2026 US
Hyundai,IONIQ 6,,,Sedan,,,gen1,2023-2026,三厢车,4854,1880,1496,30792,SD1,1372,1504,1216,-31,4763,3XL-0,196,,,,Ioniq 6 | Ioniq 6 N,11192326,Hyundai IONIQ 6 Sedan 2023-2026 US
Hyundai,Ioniq 9,,,SUV,,,gen1,2026,越野车,5060,1981,1791,16000,SU1,1450,1478,1503,-18,5013,无可用尺码,,YXL,超长,40,Ioniq 9,11212626,Hyundai Ioniq 9 SUV 2026 US
Hyundai,Ioniq,,,Hatchback,,,gen1,2017-2020,两厢车,4470,1821,1450,59413,H0,1307,1333,1162,-90,4288,无可用尺码,,2L,超长,330,Ioniq,11151720,Hyundai Ioniq Hatchback 2017-2020 US
Hyundai,Ioniq,,,Hatchback,,,gen1,2021-2022,两厢车,4470,1821,1476,27970,H0,1307,1333,1183,-90,4288,无可用尺码,,2L,超长,330,Ioniq | Ioniq 5,11152122,Hyundai Ioniq Hatchback 2021-2022 US
Hyundai,Kona,,,Crossover,,,gen1,2019-2023,越野车,4206,1801,1554,382758,SU1,1318,1344,1238,-84,4056,YM,424,,,,,11061923,Hyundai Kona Crossover 2019-2023 US
Hyundai,Kona,,,Crossover,,,gen2,2024-2026,越野车,4356,1826,1575,198341,SU1,1337,1362,1265,-75,4218,YM,274,,,,,11062426,Hyundai Kona Crossover 2024-2026 US
Hyundai,Nexo,,,SUV,,,gen1,2019-2022,越野车,4671,1859,1631,1304,SU1,1361,1387,1324,-63,4540,YL,179,,,,Nexo,11221922,Hyundai Nexo SUV 2019-2022 US
Hyundai,Nexo,,,SUV,,,gen1,2023-2024,越野车,4671,1859,1641,334,SU1,1361,1387,1332,-63,4540,YL,179,,,,Nexo,11222324,Hyundai Nexo SUV 2023-2024 US
Hyundai,Palisade,,,SUV,,,gen1,2020-2022,越野车,4981,1976,1750,251888,SU1,1446,1474,1468,-20,4935,YXL,39,,,,Palisade,11052022,Hyundai Palisade SUV 2020-2022 US
Hyundai,Palisade,,,SUV,,,gen1,2023-2025,越野车,4996,1976,1750,323493,SU1,1446,1474,1468,-20,4949,YXL,24,,,,Palisade,11052325,Hyundai Palisade SUV 2023-2025 US
Hyundai,Palisade,,,SUV,,,gen2,2026,越野车,5090,1981,1781,44824,SU2,1387,1644,1431,8,5041,无可用尺码,,YXL,超长,70,Palisade,11052626,Hyundai Palisade SUV 2026 US
Hyundai,Santa Cruz,,,Pickup,Crew,4.3,gen1,2022-2024,皮卡,4971,1905,1694,99535,P1,1457,1724,1338,-22,5094,PK-S,329,,,,Santa Cruz,11132224,Hyundai Santa Cruz Pickup 2022-2024 Crew 4.3 US
Hyundai,Santa Cruz,,,Pickup,Crew,4.3,gen1,2025-2026,皮卡,4971,1905,1699,29219,P1,1457,1724,1342,-22,5094,PK-S,329,,,,Santa Cruz,11132526,Hyundai Santa Cruz Pickup 2025-2026 Crew 4.3 US
Hyundai,Santa Cruz,,XRT,Pickup,Crew,4.3,gen1,2024,皮卡,4971,1905,1694,5653,P1,1457,1724,1338,-22,5094,PK-S,329,,,,Santa Cruz,11132424,Hyundai Santa Cruz XRT Pickup 2024 Crew 4.3 US
Hyundai,Santa Cruz,,XRT,Pickup,Crew,4.3,gen1,2025-2026,皮卡,4976,1905,1699,6261,P1,1457,1724,1342,-22,5099,PK-S,324,,,,Santa Cruz,11132526,Hyundai Santa Cruz XRT Pickup 2025-2026 Crew 4.3 US
Hyundai,Santa Fe,,,SUV,,,gen1,2001-2006,越野车,4501,1847,1676,478958,SU1,1352,1378,1356,-68,4372,YM,129,,,,Santa Fe,11020106,Hyundai Santa Fe SUV 2001-2006 US
Hyundai,Santa Fe,,,SUV,,,gen2,2007-2012,越野车,4676,1890,1725,465845,SU1,1383,1410,1413,-52,4574,YL,174,,,,Santa Fe,11020712,Hyundai Santa Fe SUV 2007-2012 US
Hyundai,Santa Fe,,,SUV,,,gen4,2019-2020,越野车,4770,1890,1704,206408,SU1,1383,1410,1396,-52,4660,YL,80,,,,Santa Fe | Santa Fe XL,11021920,Hyundai Santa Fe SUV 2019-2020 US
Hyundai,Santa Fe,,,SUV,,,gen4,2021-2023,越野车,4785,1900,1709,366489,SU1,1391,1417,1404,-48,4684,YL,65,,,,Santa Fe,11022123,Hyundai Santa Fe SUV 2021-2023 US
Hyundai,Santa Fe,,,SUV,,,gen5,2024-2026,越野车,4831,1900,1770,321386,SU2,1330,1577,1391,-23,4726,YL,19,,,,Santa Fe,11022426,Hyundai Santa Fe SUV 2024-2026 US
Hyundai,Santa Fe,,Sport,SUV,,,gen3,2013-2014,越野车,4689,1880,1689,98375,SU1,1376,1402,1379,-56,4576,YL,161,,,,Santa Fe | Santa Fe Sport | Santa Fe XL,11021314,Hyundai Santa Fe Sport SUV 2013-2014 US
Hyundai,Santa Fe,,Sport,SUV,,,gen3,2015-2016,越野车,4689,1880,1679,124700,SU1,1376,1402,1371,-56,4576,YL,161,,,,Santa Fe | Santa Fe Sport | Santa Fe XL,11021516,Hyundai Santa Fe Sport SUV 2015-2016 US
Hyundai,Santa Fe,,Sport,SUV,,,gen3,2017,越野车,4699,1880,1679,66586,SU1,1376,1402,1371,-56,4586,YL,151,,,,Santa Fe | Santa Fe Sport | Santa Fe XL,11021717,Hyundai Santa Fe Sport SUV 2017 US
Hyundai,Santa Fe,,Sport,SUV,,,gen3,2018,越野车,4699,1880,1689,58519,SU1,1376,1402,1379,-56,4586,YL,151,,,,Santa Fe | Santa Fe Sport | Santa Fe XL,11021818,Hyundai Santa Fe Sport SUV 2018 US
Hyundai,Santa Fe,,XL,SUV,,,gen3,2013-2019,越野车,4905,1885,1699,370656,SU1,1380,1406,1390,-54,4781,YXL,115,,,,Santa Fe XL,11021319,Hyundai Santa Fe XL SUV 2013-2019 US
Hyundai,Sonata,,,Sedan,,,gen2,1989-1993,三厢车,4681,1750,1412,123575,SD2,1750,1750,1114,125,4931,无可用尺码,,3L-0,插片指数超上限,5,Sonata,11018993,Hyundai Sonata Sedan 1989-1993 US
Hyundai,Sonata,,,Sedan,,,gen3,1994,三厢车,4681,1750,1407,13339,SD1,1278,1400,1092,-80,4481,3L,59,,,,Sonata,11019494,Hyundai Sonata Sedan 1994 US
Hyundai,Sonata,,,Sedan,,,gen3,1995-1998,三厢车,4699,1773,1412,67943,SD1,1294,1418,1105,-72,4519,3L,41,,,,Sonata,11019598,Hyundai Sonata Sedan 1995-1998 US
Hyundai,Sonata,,,Sedan,,,gen4,1999-2002,三厢车,4709,1819,1410,206475,SD1,1328,1455,1122,-54,4571,3L,31,,,,Sonata,11019902,Hyundai Sonata Sedan 1999-2002 US
Hyundai,Sonata,,,Sedan,,,gen4,2003-2005,三厢车,4747,1821,1422,319884,SD1,1329,1457,1132,-54,4608,3XL-0,303,,,,Sonata,11010305,Hyundai Sonata Sedan 2003-2005 US
Hyundai,Sonata,,,Sedan,,,gen5,2006-2010,三厢车,4798,1831,1473,729089,SD1,1337,1465,1178,-50,4665,3XL-0,252,,,,Sonata,11010610,Hyundai Sonata Sedan 2006-2010 US
Hyundai,Sonata,,,Sedan,,,gen6,2011-2014,三厢车,4821,1834,1471,877150,SD1,1339,1467,1177,-48,4689,3XL-0,229,,,,Sonata,11011114,Hyundai Sonata Sedan 2011-2014 US
Hyundai,Sonata,,,Sedan,,,gen7,2015-2019,三厢车,4854,1864,1476,737098,SD1,1361,1491,1193,-37,4748,3XL-0,196,,,,Sonata,11011519,Hyundai Sonata Sedan 2015-2019 US
Hyundai,Sonata,,,Sedan,,,gen8,2020-2023,三厢车,4900,1859,1445,269202,SD1,1357,1487,1166,-39,4786,3XL-0,150,,,,Sonata,11012023,Hyundai Sonata Sedan 2020-2023 US
Hyundai,Sonata,,,Sedan,,,gen8,2024-2026,三厢车,4910,1859,1445,181618,SD1,1357,1487,1166,-39,4795,3XL-0,140,,,,Sonata,11012426,Hyundai Sonata Sedan 2024-2026 US
Hyundai,Tiburon,,,Coupe,,,gen1,1997-2001,跑车,4341,1730,1313,72676,SD0,1228,1169,1230,-151,4006,3M-0,219,,,,Tiburon,11099701,Hyundai Tiburon Coupe 1997-2001 US
Hyundai,Tiburon,,,Coupe,,,gen1,2003-2008,跑车,4394,1760,1331,102533,SD0,1250,1190,1260,-140,4082,3M-0,166,,,,Tiburon,11090308,Hyundai Tiburon Coupe 2003-2008 US
Hyundai,Tucson,,,SUV,,,gen1,2005-2009,越野车,4326,1831,1730,226443,SU1,1340,1366,1393,-74,4195,YM,304,,,,Tucson,11030509,Hyundai Tucson SUV 2005-2009 US
Hyundai,Tucson,,,SUV,,,gen2,2010-2015,越野车,4399,1821,1684,518466,SU1,1333,1358,1352,-77,4254,YM,231,,,,Tucson,11031015,Hyundai Tucson SUV 2010-2015 US
Hyundai,Tucson,,,SUV,,,gen3,2016-2021,越野车,4481,1849,1651,819644,SU1,1353,1379,1336,-67,4355,YM,149,,,,Tucson,11031621,Hyundai Tucson SUV 2016-2021 US
Hyundai,Tucson,,,SUV,,,gen4,2022-2024,越野车,4630,1864,1666,409872,SU1,1364,1391,1354,-61,4507,YM,0,,,,Tucson,11032224,Hyundai Tucson SUV 2022-2024 US
Hyundai,Tucson,,,SUV,,,gen4,2025-2026,越野车,4641,1864,1684,276840,SU1,1364,1391,1369,-61,4517,YL,209,,,,Tucson,11032526,Hyundai Tucson SUV 2025-2026 US
Hyundai,Veloster,,,Hatchback,,,gen1,2012-2014,两厢车,4219,1791,1400,96411,H0,1286,1311,1109,-101,4029,无可用尺码,,2L,超长,79,Veloster,11081214,Hyundai Veloster Hatchback 2012-2014 US
Hyundai,Veloster,,N,Hatchback,,,gen2,2019-2020,两厢车,4265,1811,1400,19634,H0,1300,1326,1117,-94,4090,无可用尺码,,2L,超长,125,Veloster | Veloster N,11081920,Hyundai Veloster N Hatchback 2019-2020 US
Hyundai,Veloster,,N,Hatchback,,,gen2,2021-2022,两厢车,4265,1811,1394,4032,H0,1300,1326,1113,-94,4090,无可用尺码,,2L,超长,125,Veloster | Veloster N,11082122,Hyundai Veloster N Hatchback 2021-2022 US
Hyundai,Veloster,,Turbo,Hatchback,,,gen1,2015-2017,两厢车,4249,1806,1400,66956,H0,1297,1322,1115,-95,4071,无可用尺码,,2L,超长,109,Veloster,11081517,Hyundai Veloster Turbo Hatchback 2015-2017 US
Hyundai,Venue,,,SUV,,,gen1,2020-2026,越野车,4041,1770,1565,172966,SU2,1239,1469,1178,-73,3875,无可用尺码,,YM,超余量,589,Venue,11102026,Hyundai Venue SUV 2020-2026 US
Hyundai,Veracruz,,,SUV,,,gen1,2007-2012,越野车,4841,1946,1806,60373,SU1,1424,1452,1501,-31,4778,YL,9,,,,Veracruz,11180712,Hyundai Veracruz SUV 2007-2012 US
Hyundai,XG,,,Sedan,,,gen1,2001-2003,三厢车,4864,1826,1420,52478,SD1,1333,1461,1133,-52,4722,3XL-0,186,,,,XG300 | XG350,11160103,Hyundai XG Sedan 2001-2003 US
Hyundai,XG,,,Sedan,,,gen1,2004-2005,三厢车,4874,1826,1420,34275,SD1,1333,1461,1133,-52,4731,3XL-0,176,,,,XG350,11160405,Hyundai XG Sedan 2004-2005 US
Ineos Automotive,Grenadier,,Quartermaster,Pickup,Crew,5.1,gen1,2024-2026,皮卡,5400,1943,2019,3508,P0,1346,1655,1610,-77,5402,PK-L,500,,,,Grenadier,46002426,Ineos Automotive Grenadier Quartermaster Pickup 2024-2026 Crew 5.1 US
Ineos Automotive,Grenadier,,,SUV,,,gen1,2024-2026,越野车,4856,1930,2050,4092,JP,1475,1307,1647,-54,4696,YXL,164,,,,Grenadier,46002426,Ineos Automotive Grenadier SUV 2024-2026 US
Infiniti,EX,,EX35/EX37,SUV,,,gen1,2008-2013,越野车,4630,1803,1590,41229,SU0,1208,1262,1268,-132,4354,YM,0,,,,EX35 | EX37,30120813,Infiniti EX EX35/EX37 SUV 2008-2013 US
Infiniti,FX,,,Crossover,,,gen1,2003-2008,越野车,4803,1925,1651,143432,SU0,1290,1348,1367,-90,4622,YL,47,,,,,30040308,Infiniti FX Crossover 2003-2008 US
Infiniti,FX,,,Crossover,,,gen2,2009-2013,越野车,4859,1928,1679,49295,SU0,1292,1350,1391,-90,4676,YXL,161,,,,,30040913,Infiniti FX Crossover 2009-2013 US
Infiniti,G,,,Convertible,,,gen3,2009-2013,跑车,4707,1852,1400,107220,SD0,1315,1252,1364,-108,4449,3L-0,33,,,,G25 | G37,30000913,Infiniti G Convertible 2009-2013 US
Infiniti,G,,,Coupe,,,gen3,2003-2007,跑车,4628,1816,1392,168459,SD0,1289,1228,1341,-121,4345,3L-0,112,,,,G35,30000307,Infiniti G Coupe 2003-2007 US
Infiniti,G,,,Coupe,,,gen3,2008-2013,跑车,4651,1824,1392,139310,SD0,1295,1233,1344,-118,4373,3L-0,89,,,,G25 | G35 | G37,30000813,Infiniti G Coupe 2008-2013 US
Infiniti,G,,,Sedan,,,gen1,1991-1996,三厢车,4445,1694,1394,92599,SD2,1694,1694,1076,97,4639,3L,295,,,,G20,30009196,Infiniti G Sedan 1991-1996 US
Infiniti,G,,,Sedan,,,gen2,1999-2002,三厢车,4508,1694,1400,81251,SD0,1203,1145,1293,-163,4125,3L,232,,,,G20,30009902,Infiniti G Sedan 1999-2002 US
Infiniti,G,,,Sedan,,,gen3,2003-2006,三厢车,4737,1753,1466,132552,SD0,1245,1185,1379,-142,4386,3L,3,,,,G35,30000306,Infiniti G Sedan 2003-2006 US
Infiniti,G,,,Sedan,,,gen3,2007-2013,三厢车,4773,1773,1468,175212,SD0,1259,1199,1390,-136,4437,3XL-0,277,,,,G25 | G35 | G37,30000713,Infiniti G Sedan 2007-2013 US
Infiniti,I,,,Sedan,,,gen1,1996-1999,三厢车,4816,1770,1415,111149,SD1,1292,1416,1106,-73,4625,3XL-0,234,,,,I30,30039699,Infiniti I Sedan 1996-1999 US
Infiniti,I,,,Sedan,,,gen1,2000-2001,三厢车,4920,1783,1435,74924,SD1,1302,1426,1127,-68,4734,3XL-0,130,,,,I30,30030001,Infiniti I Sedan 2000-2001 US
Infiniti,I,,,Sedan,,,gen1,2002-2004,三厢车,4920,1783,1448,51440,SD1,1302,1426,1138,-68,4734,3XL-0,130,,,,I35,30030204,Infiniti I Sedan 2002-2004 US
Infiniti,JX,,,Crossover,,,gen1,2013,越野车,4989,1961,1722,31602,SU1,1435,1463,1439,-26,4929,YXL,31,,,,,30141313,Infiniti JX Crossover 2013 US
Infiniti,M,,,Convertible,,,gen1,1991-1992,跑车,4798,1689,1410,6500,SD0,1199,1142,1299,-165,4384,3XL-0,252,,,,M30,30079192,Infiniti M Convertible 1991-1992 US
Infiniti,M,,,Coupe,,,gen1,1990-1992,跑车,4796,1689,1379,11500,SD0,1199,1142,1271,-165,4382,3XL-0,254,,,,M30,30079092,Infiniti M Coupe 1990-1992 US
Infiniti,M,,,Sedan,,,gen2,2003-2004,三厢车,5009,1770,1463,6845,SD0,1257,1197,1384,-136,4649,3XL-0,41,,,,M45,30070304,Infiniti M Sedan 2003-2004 US
Infiniti,M,,,Sedan,,,gen3,2006-2007,三厢车,4892,1798,1511,47542,SD0,1277,1215,1441,-127,4568,3XL-0,158,,,,M35 | M45,30070607,Infiniti M Sedan 2006-2007 US
Infiniti,M,,,Sedan,,,gen3,2008-2009,三厢车,4930,1806,1511,24119,SD0,1282,1221,1444,-124,4610,3XL-0,120,,,,M35 | M45,30070809,Infiniti M Sedan 2008-2009 US
Infiniti,M,,,Sedan,,,gen3,2010,三厢车,4930,1806,1524,14618,SD0,1282,1221,1456,-124,4610,3XL-0,120,,,,M35 | M45,30071010,Infiniti M Sedan 2010 US
Infiniti,M,,,Sedan,,,gen4,2011-2013,三厢车,4945,1844,1514,25231,SD0,1309,1247,1464,-111,4658,3XL-0,105,,,,M35h | M37 | M56,30071113,Infiniti M Sedan 2011-2013 US
Infiniti,Q40,,,Sedan,,,gen1,2015,三厢车,4773,1773,1468,11059,SD1,1294,1418,1150,-72,4588,3XL-0,277,,,,Q40,30181515,Infiniti Q40 Sedan 2015 US
Infiniti,Q45,,,Sedan,,,gen1,1990-1991,三厢车,5075,1826,1430,28561,SD1,1333,1461,1141,-52,4918,3XXL-550,425,,,,Q45,30089091,Infiniti Q45 Sedan 1990-1991 US
Infiniti,Q45,,,Sedan,,,gen1,1992-1996,三厢车,5075,1826,1435,49628,SD1,1333,1461,1145,-52,4918,3XXL-550,425,,,,Q45,30089296,Infiniti Q45 Sedan 1992-1996 US
Infiniti,Q45,,,Sedan,,,gen2,1997-2001,三厢车,5070,1821,1445,34898,SD1,1329,1457,1151,-54,4909,3XXL-550,430,,,,Q45,30089701,Infiniti Q45 Sedan 1997-2001 US
Infiniti,Q45,,,Sedan,,,gen3,2002-2006,三厢车,5100,1844,1491,9651,SD1,1346,1475,1197,-45,4958,3XXL-550,400,,,,Q45,30080206,Infiniti Q45 Sedan 2002-2006 US
Infiniti,Q50,,Red Sport,Sedan,,,gen1,2021-2024,三厢车,4816,1824,1453,30306,SD1,1332,1459,1159,-52,4675,3XL-0,234,,,,Q50,30022124,Infiniti Q50 Red Sport Sedan 2021-2024 US
Infiniti,Q50,,,Sedan,,,gen1,2014,三厢车,4803,1824,1450,36899,SD1,1332,1459,1156,-52,4663,3XL-0,247,,,,Q50,30021414,Infiniti Q50 Sedan 2014 US
Infiniti,Q50,,,Sedan,,,gen1,2015,三厢车,4803,1824,1443,43874,SD1,1332,1459,1150,-52,4663,3XL-0,247,,,,Q50,30021515,Infiniti Q50 Sedan 2015 US
Infiniti,Q50,,,Sedan,,,gen1,2016-2020,三厢车,4816,1824,1453,162029,SD1,1332,1459,1159,-52,4675,3XL-0,234,,,,Q50,30021620,Infiniti Q50 Sedan 2016-2020 US
Infiniti,Q60,,,Convertible,,,gen1,2014-2015,跑车,4674,1852,1400,5845,SD0,1315,1252,1364,-108,4419,3L-0,66,,,,Q60,30111415,Infiniti Q60 Convertible 2014-2015 US
Infiniti,Q60,,,Convertible,,,gen1,2016,跑车,4656,1852,1400,1985,SD0,1315,1252,1364,-108,4403,3L-0,84,,,,Q60,30111616,Infiniti Q60 Convertible 2016 US
Infiniti,Q60,,,Coupe,,,gen1,2014-2015,跑车,4674,1852,1400,5844,SD0,1315,1252,1364,-108,4419,3L-0,66,,,,Q60,30111415,Infiniti Q60 Coupe 2014-2015 US
Infiniti,Q60,,,Coupe,,,gen1,2016,跑车,4666,1824,1394,1985,SD0,1295,1233,1346,-118,4386,3L-0,74,,,,Q60,30111616,Infiniti Q60 Coupe 2016 US
Infiniti,Q60,,Red Sport,Coupe,,,gen2,2017-2022,跑车,4684,1849,1394,32232,SD0,1313,1250,1358,-109,4425,3L-0,56,,,,Q60,30111722,Infiniti Q60 Red Sport Coupe 2017-2022 US
Infiniti,Q70,,,Sedan,,,gen1,2014,三厢车,4945,1844,1514,5034,SD1,1346,1475,1216,-45,4814,3XL-0,105,,,,Q70,30131414,Infiniti Q70 Sedan 2014 US
Infiniti,Q70,,,Sedan,,,gen1,2015-2019,三厢车,4981,1844,1514,27124,SD1,1346,1475,1216,-45,4847,3XL-0,69,,,,Q70 | Q70L,30131519,Infiniti Q70 Sedan 2015-2019 US
Infiniti,Q70L,,,Sedan,,,gen1,2015-2019,三厢车,5131,1844,1514,6600,SD1,1346,1475,1216,-45,4987,3XXL-550,369,,,,Q70L,30191519,Infiniti Q70L Sedan 2015-2019 US
Infiniti,QX30,,,SUV,,,gen1,2017-2018,越野车,4425,1816,1529,22194,SU0,1217,1271,1224,-128,4179,YM,205,,,,QX30,30151718,Infiniti QX30 SUV 2017-2018 US
Infiniti,QX30,,,SUV,,,gen1,2019,越野车,4425,1806,1496,3229,SU0,1210,1264,1193,-132,4170,YM,205,,,,QX30,30151919,Infiniti QX30 SUV 2019 US
Infiniti,QX4,,,SUV,,,gen1,1997-2003,越野车,4671,1839,1796,120256,SU2,1287,1526,1387,-47,4522,YL,179,,,,QX4,30099703,Infiniti QX4 SUV 1997-2003 US
Infiniti,QX50,,,SUV,,,gen1,2014-2015,越野车,4630,1803,1572,8468,SU0,1208,1262,1254,-132,4354,YM,0,,,,QX50,30061415,Infiniti QX50 SUV 2014-2015 US
Infiniti,QX50,,,SUV,,,gen1,2016-2017,越野车,4745,1803,1593,33830,SU0,1208,1262,1271,-132,4459,YL,105,,,,QX50,30061617,Infiniti QX50 SUV 2016-2017 US
Infiniti,QX50,,,SUV,,,gen2,2019-2025,越野车,4691,1902,1676,96365,SU1,1392,1419,1378,-47,4599,YL,159,,,,QX50,30061925,Infiniti QX50 SUV 2019-2025 US
Infiniti,QX55,,,SUV,,,gen1,2022-2025,越野车,4732,1902,1621,16533,SU1,1392,1419,1333,-47,4636,YL,118,,,,,30172225,Infiniti QX55 SUV 2022-2025 US
Infiniti,QX56,,,SUV,,,gen1,2004-2010,越野车,5255,2002,1976,77844,SU2,1401,1662,1593,16,5213,无可用尺码,,YXL,超长,235,QX56,30100410,Infiniti QX56 SUV 2004-2010 US
Infiniti,QX56,,,SUV,,,gen2,2011-2013,越野车,5291,2029,1925,41886,SU2,1420,1684,1563,26,5271,无可用尺码,,YXL,超长,271,QX56,30101113,Infiniti QX56 SUV 2011-2013 US
Infiniti,QX60,,,SUV,,,gen1,2014-2015,越野车,4989,1961,1742,78193,SU1,1435,1463,1455,-26,4929,YXL,31,,,,QX60,30011415,Infiniti QX60 SUV 2014-2015 US
Infiniti,QX60,,,SUV,,,gen1,2016,越野车,4989,1961,1748,42120,SU1,1435,1463,1460,-26,4929,YXL,31,,,,QX60,30011616,Infiniti QX60 SUV 2016 US
Infiniti,QX60,,,SUV,,,gen1,2017-2019,越野车,5095,1961,1742,130976,SU1,1435,1463,1455,-26,5027,无可用尺码,,YXL,超长,75,QX60,30011719,Infiniti QX60 SUV 2017-2019 US
Infiniti,QX60,,,SUV,,,gen1,2020,越野车,5095,1961,1748,22879,SU1,1435,1463,1460,-26,5027,无可用尺码,,YXL,超长,75,QX60,30012020,Infiniti QX60 SUV 2020 US
Infiniti,QX60,,,SUV,,,gen2,2022-2026,越野车,5034,1981,1770,138302,SU1,1450,1478,1486,-18,4989,无可用尺码,,YXL,超长,14,QX60,30012226,Infiniti QX60 SUV 2022-2026 US
Infiniti,QX70,,,Crossover,,,gen1,2014-2017,越野车,4859,1928,1679,23519,SU0,1292,1350,1391,-90,4676,YXL,161,,,,,30161417,Infiniti QX70 Crossover 2014-2017 US
Infiniti,QX80,,,SUV,,,gen1,2014-2017,越野车,5291,2029,1925,63234,SU2,1420,1684,1563,26,5271,无可用尺码,,YXL,超长,271,QX80,30051417,Infiniti QX80 SUV 2014-2017 US
Infiniti,QX80,,,SUV,,,gen1,2018,越野车,5306,2029,1925,19207,SU2,1420,1684,1563,26,5285,无可用尺码,,YXL,超长,286,QX80,30051818,Infiniti QX80 SUV 2018 US
Infiniti,QX80,,,SUV,,,gen1,2019-2024,越野车,5339,2029,1925,78051,SU2,1420,1684,1563,26,5315,无可用尺码,,YXL,超长,319,QX80,30051924,Infiniti QX80 SUV 2019-2024 US
Infiniti,QX80,,,SUV,,,gen2,2025-2026,越野车,5364,2116,1981,26190,SU2,1481,1756,1642,59,5419,无可用尺码,,YXL,超长,344,QX80,30052526,Infiniti QX80 SUV 2025-2026 US
Jaguar,E-Pace,,,SUV,,,gen1,2018-2024,越野车,4394,1984,1648,19309,SU1,1452,1480,1388,-17,4400,YM,236,,,,EPace,37081824,Jaguar E-Pace SUV 2018-2024 US
Jaguar,F-Pace,,,SUV,,,gen1,2017-2023,越野车,4732,1935,1651,79091,SU1,1416,1444,1371,-35,4667,YL,118,,,,FPace,37031723,Jaguar F-Pace SUV 2017-2023 US
Jaguar,F-Type,,,Convertible,,,gen1,2015-2020,跑车,4470,1923,1321,7405,SD0,1365,1300,1325,-84,4298,3M-0,90,,,,FType,37071520,Jaguar F-Type Convertible 2015-2020 US
Jaguar,F-Type,,,Coupe,,,gen1,2015-2020,跑车,4470,1923,1321,7403,SD0,1365,1300,1325,-84,4298,3M-0,90,,,,FType,37071520,Jaguar F-Type Coupe 2015-2020 US
Jaguar,F-Type,,P450,Convertible,,,gen1,2022-2024,跑车,4470,1923,1311,911,SD0,1365,1300,1316,-84,4298,3M-0,90,,,,FType,37072224,Jaguar F-Type P450 Convertible 2022-2024 US
Jaguar,F-Type,,P450,Coupe,,,gen1,2022-2024,跑车,4470,1923,1311,911,SD0,1365,1300,1316,-84,4298,3M-0,90,,,,FType,37072224,Jaguar F-Type P450 Coupe 2022-2024 US
Jaguar,F-Type,,P575,Convertible,,,gen1,2021-2023,跑车,4470,1923,1311,1677,SD0,1365,1300,1316,-84,4298,3M-0,90,,,,FType,37072123,Jaguar F-Type P575 Convertible 2021-2023 US
Jaguar,F-Type,,P575,Coupe,,,gen1,2021-2023,跑车,4470,1923,1311,1676,SD0,1365,1300,1316,-84,4298,3M-0,90,,,,FType,37072123,Jaguar F-Type P575 Coupe 2021-2023 US
Jaguar,F-Type,,R,Convertible,,,gen1,2016-2020,跑车,4470,1923,1321,1136,SD0,1365,1300,1325,-84,4298,3M-0,90,,,,FType,37071620,Jaguar F-Type R Convertible 2016-2020 US
Jaguar,F-Type,,R,Coupe,,,gen1,2015-2020,跑车,4470,1923,1321,1587,SD0,1365,1300,1325,-84,4298,3M-0,90,,,,FType,37071520,Jaguar F-Type R Coupe 2015-2020 US
Jaguar,F-Type,,R75,Convertible,,,gen1,2024,跑车,4470,1923,1311,289,SD0,1365,1300,1316,-84,4298,3M-0,90,,,,FType,37072424,Jaguar F-Type R75 Convertible 2024 US
Jaguar,F-Type,,R75,Coupe,,,gen1,2024,跑车,4470,1923,1311,289,SD0,1365,1300,1316,-84,4298,3M-0,90,,,,FType,37072424,Jaguar F-Type R75 Coupe 2024 US
Jaguar,F-Type,,SVR,Convertible,,,gen1,2017-2020,跑车,4470,1923,1321,777,SD0,1365,1300,1325,-84,4298,3M-0,90,,,,FType,37071720,Jaguar F-Type SVR Convertible 2017-2020 US
Jaguar,F-Type,,SVR,Coupe,,,gen1,2017-2020,跑车,4470,1923,1321,776,SD0,1365,1300,1325,-84,4298,3M-0,90,,,,FType,37071720,Jaguar F-Type SVR Coupe 2017-2020 US
Jaguar,F-Type,,V6/V8 S,Convertible,,,gen1,2014,跑车,4470,1923,1308,4112,SD0,1365,1300,1313,-84,4298,3M-0,90,,,,FType,37071414,Jaguar F-Type V6/V8 S Convertible 2014 US
Jaguar,I-Pace,,,SUV,,,gen1,2019-2024,越野车,4681,1895,1557,10668,SU0,1270,1326,1279,-101,4484,YL,169,,,,IPace,37101924,Jaguar I-Pace SUV 2019-2024 US
Jaguar,S-Type,,,Sedan,,,gen1,2000-2004,三厢车,4877,1819,1422,85871,SD1,1328,1455,1132,-54,4727,3XL-0,173,,,,SType,37010004,Jaguar S-Type Sedan 2000-2004 US
Jaguar,S-Type,,,Sedan,,,gen1,2005-2008,三厢车,4905,1819,1448,18985,SD1,1328,1455,1153,-54,4753,3XL-0,145,,,,SType,37010508,Jaguar S-Type Sedan 2005-2008 US
Jaguar,X-Type,,,Sedan,,,gen1,2002-2008,三厢车,4674,1788,1445,91187,SD1,1305,1430,1138,-66,4510,3L,66,,,,XType,37020208,Jaguar X-Type Sedan 2002-2008 US
Jaguar,X-Type,,,Wagon,,,gen1,2005-2008,两厢车,4712,1788,1483,9854,H2,1255,1341,1161,-101,4460,无可用尺码,,2L,超长,572,XType,37020508,Jaguar X-Type Wagon 2005-2008 US
Jaguar,XE,,,Sedan,,,gen1,2017-2019,三厢车,4671,1849,1415,17533,SD1,1350,1479,1138,-43,4564,3L,69,,,,XE,37091719,Jaguar XE Sedan 2017-2019 US
Jaguar,XE,,,Sedan,,,gen1,2020,三厢车,4679,1849,1425,1686,SD1,1350,1479,1146,-43,4571,3L,61,,,,XE,37092020,Jaguar XE Sedan 2020 US
Jaguar,XF,,,Sedan,,,gen1,2009-2015,三厢车,4961,1877,1460,45484,SD1,1370,1502,1186,-32,4859,3XL-0,89,,,,XF | XFR | XFRS,37040915,Jaguar XF Sedan 2009-2015 US
Jaguar,XF,,,Sedan,,,gen2,2016-2020,三厢车,4953,1880,1458,14784,SD1,1372,1504,1185,-31,4855,3XL-0,97,,,,XF,37041620,Jaguar XF Sedan 2016-2020 US
Jaguar,XF,,,Sedan,,,gen2,2021-2024,三厢车,4963,1890,1455,2023,SD1,1380,1512,1187,-27,4873,3XL-0,87,,,,XF,37042124,Jaguar XF Sedan 2021-2024 US
Jaguar,XF,,Sportbrake,Wagon,,,gen2,2018-2020,两厢车,4956,1880,1496,766,H2,1320,1410,1209,-68,4769,5XL,344,,,,XF,37041820,Jaguar XF Sportbrake Wagon 2018-2020 US
Jaguar,XJ,,LWB,Sedan,,,gen3,1995,三厢车,5151,1801,1331,5500,SD1,1315,1441,1051,-61,4965,3XXL-550,349,,,,XJ12 | XJ6 | XJR | XJS,37009595,Jaguar XJ LWB Sedan 1995 US
Jaguar,XJ,,LWB,Sedan,,,gen3,1996-1997,三厢车,5151,1798,1359,11886,SD1,1313,1438,1072,-62,4963,3XXL-550,349,,,,XJ12 | XJ6 | XJR | XJS,37009697,Jaguar XJ LWB Sedan 1996-1997 US
Jaguar,XJ,,LWB,Sedan,,,gen4,1998-2003,三厢车,5149,1798,1354,33177,SD1,1313,1438,1068,-62,4961,3XXL-550,351,,,,XJ8 | XJR,37009803,Jaguar XJ LWB Sedan 1998-2003 US
Jaguar,XJ,,LWB,Sedan,,,gen5,2004-2009,三厢车,5217,1859,1455,15378,SD1,1357,1487,1174,-39,5081,3XXL-550,283,,,,XJ8 | XJR,37000409,Jaguar XJ LWB Sedan 2004-2009 US
Jaguar,XJ,,LWB,Sedan,,,gen6,2011-2019,三厢车,5255,1900,1460,16673,SD1,1387,1520,1195,-23,5154,3XXL-550,245,,,,XJ | XJR | XJR575,37001119,Jaguar XJ LWB Sedan 2011-2019 US
Jaguar,XJ,,SWB,Sedan,,,gen3,1995-1997,三厢车,5024,1798,1313,17386,SD1,1313,1438,1035,-62,4844,3XL-0,26,,,,XJ12 | XJ6 | XJR | XJS,37009597,Jaguar XJ SWB Sedan 1995-1997 US
Jaguar,XJ,,SWB,Sedan,,,gen4,1998-2003,三厢车,5024,1798,1339,33176,SD1,1313,1438,1056,-62,4844,3XL-0,26,,,,XJ8 | XJR,37009803,Jaguar XJ SWB Sedan 1998-2003 US
Jaguar,XJ,,SWB,Sedan,,,gen5,2004-2009,三厢车,5090,1859,1448,15377,SD1,1357,1487,1169,-39,4963,3XXL-550,410,,,,XJ8 | XJR,37000409,Jaguar XJ SWB Sedan 2004-2009 US
Jaguar,XJ,,SWB,Sedan,,,gen6,2011-2019,三厢车,5123,1895,1448,16666,SD1,1383,1516,1183,-25,5027,3XXL-550,377,,,,XJ | XJR | XJR575,37001119,Jaguar XJ SWB Sedan 2011-2019 US
Jaguar,XJ,,,Sedan,,,gen1,1979-1992,三厢车,5067,1770,1379,148568,SD1,1292,1416,1077,-73,4858,3XXL-550,433,,,,XJ12 | XJ6 | XJS,37007992,Jaguar XJ Sedan 1979-1992 US
Jaguar,XJ,,,Sedan,,,gen2,1988-1994,三厢车,4989,1801,1379,48630,SD2,1801,1801,1108,150,5290,无可用尺码,,3XL-0,插片指数超上限,30,XJ12 | XJ6 | XJRS | XJS,37008894,Jaguar XJ Sedan 1988-1994 US
Jaguar,XJS,,,Convertible,,,gen1,1984-1991,跑车,4869,1793,1260,34199,SD0,1273,1212,1210,-129,4542,3XL-0,181,,,,XJS,37068491,Jaguar XJS Convertible 1984-1991 US
Jaguar,XJS,,,Convertible,,,gen1,1992-1996,跑车,4856,1793,1237,7997,SD0,1273,1212,1189,-129,4531,3XL-0,194,,,,XJS,37069296,Jaguar XJS Convertible 1992-1996 US
Jaguar,XJS,,,Coupe,,,gen1,1976-1983,跑车,4869,1793,1280,8745,SD0,1273,1212,1228,-129,4542,3XL-0,181,,,,XJS,37067683,Jaguar XJS Coupe 1976-1983 US
Jaguar,XJS,,,Coupe,,,gen1,1992-1996,跑车,4856,1793,1237,7996,SD0,1273,1212,1189,-129,4531,3XL-0,194,,,,XJS,37069296,Jaguar XJS Coupe 1992-1996 US
Jaguar,XK,,,Convertible,,,gen1,1997-2004,跑车,4760,1829,1306,17900,SD0,1299,1236,1268,-116,4476,3XL-0,290,,,,XK8 | XKR,37059704,Jaguar XK Convertible 1997-2004 US
Jaguar,XK,,,Coupe,,,gen1,1997-2004,跑车,4760,1829,1295,17900,SD0,1299,1236,1258,-116,4476,3XL-0,290,,,,XK8 | XKR,37059704,Jaguar XK Coupe 1997-2004 US
Jaguar,XK,,XKR,Convertible,,,gen1,2005-2006,跑车,4775,1829,1295,3425,SD0,1299,1236,1258,-116,4490,3XL-0,275,,,,XK8 | XKR,37050506,Jaguar XK XKR Convertible 2005-2006 US
Jaguar,XK,,XKR,Convertible,,,gen2,2007-2015,跑车,4793,1892,1328,7863,SD0,1343,1279,1317,-94,4563,3XL-0,257,,,,XKR,37050715,Jaguar XK XKR Convertible 2007-2015 US
Jaguar,XK,,XKR,Coupe,,,gen1,2005-2006,跑车,4775,1829,1288,3424,SD0,1299,1236,1252,-116,4490,3XL-0,275,,,,XK8 | XKR,37050506,Jaguar XK XKR Coupe 2005-2006 US
Jaguar,XK,,XKR,Coupe,,,gen2,2007-2015,跑车,4793,1892,1328,7860,SD0,1343,1279,1317,-94,4563,3XL-0,257,,,,XKR,37050715,Jaguar XK XKR Coupe 2007-2015 US
Jaguar,XK,,XKR-S,Convertible,,,gen2,2012-2014,跑车,4793,1892,1328,1160,SD0,1343,1279,1317,-94,4563,3XL-0,257,,,,XK,37051214,Jaguar XK XKR-S Convertible 2012-2014 US
Jaguar,XK,,XKR-S,Coupe,,,gen2,2012-2014,跑车,4793,1892,1328,1159,SD0,1343,1279,1317,-94,4563,3XL-0,257,,,,XK,37051214,Jaguar XK XKR-S Coupe 2012-2014 US
Jeep,Cherokee,,,SUV,,,gen1,1974-1983,越野车,4801,2007,1786,211729,JP,1533,1359,1468,-27,4716,YL,49,,,,Cherokee,07027483,Jeep Cherokee SUV 1974-1983 US
Jeep,Cherokee,,,SUV,,,gen2,1984-1990,越野车,4199,1791,1626,817649,JP,1368,1213,1255,-105,3969,YM,431,,,,Cherokee,07028490,Jeep Cherokee SUV 1984-1990 US
Jeep,Cherokee,,,SUV,,,gen2,1991-1993,越野车,4288,1791,1626,367864,JP,1368,1213,1255,-105,4050,YM,342,,,,Cherokee,07029193,Jeep Cherokee SUV 1991-1993 US
Jeep,Cherokee,,,SUV,,,gen2,1994-1996,越野车,4288,1720,1626,343889,JP,1314,1164,1226,-130,3985,YM,342,,,,Cherokee,07029496,Jeep Cherokee SUV 1994-1996 US
Jeep,Cherokee,,,SUV,,,gen2,1997-2001,越野车,4254,1763,1626,657547,JP,1347,1194,1243,-115,3994,YM,376,,,,Cherokee,07029701,Jeep Cherokee SUV 1997-2001 US
Jeep,Cherokee,,,SUV,,,gen3,2014-2023,越野车,4623,1859,1681,1490717,SU1,1361,1387,1365,-63,4496,YM,7,,,,Cherokee,07021423,Jeep Cherokee SUV 2014-2023 US
Jeep,Cherokee,,,SUV,,,gen4,2026,越野车,4778,1897,1714,21200,SU2,1328,1575,1345,-24,4674,YL,72,,,,Cherokee,07022626,Jeep Cherokee SUV 2026 US
Jeep,Commander,,,SUV,,,gen1,2006-2010,越野车,4788,1900,1826,199988,SU2,1330,1577,1435,-23,4686,YL,62,,,,Commander,07100610,Jeep Commander SUV 2006-2010 US
Jeep,Compass,,,SUV,,,gen1,2007-2010,越野车,4404,1811,1656,92473,SU1,1326,1351,1325,-81,4249,YM,226,,,,Compass,07030710,Jeep Compass SUV 2007-2010 US
Jeep,Compass,,,SUV,,,gen1,2011-2016,越野车,4448,1814,1651,362960,SU1,1328,1353,1322,-80,4292,YM,182,,,,Compass,07031116,Jeep Compass SUV 2011-2016 US
Jeep,Compass,,,SUV,,,gen2,2017-2026,越野车,4404,1875,1646,1033947,SU1,1372,1399,1343,-57,4308,YM,226,,,,Compass,07031726,Jeep Compass SUV 2017-2026 US
Jeep,Gladiator,,4dr JT Mojave,Pickup,Crew,5,gen1,2025-2026,皮卡,5537,1875,1938,31619,P1,1434,1697,1519,-33,5608,PK-L,363,,,,Gladiator,07082526,Jeep Gladiator 4dr JT Mojave Pickup 2025-2026 Crew 5 US
Jeep,Gladiator,,4dr JT,Pickup,Crew,5,gen1,2020-2024,皮卡,5537,1875,1918,171211,P1,1434,1697,1503,-33,5608,PK-L,363,,,,Gladiator,07082024,Jeep Gladiator 4dr JT Pickup 2020-2024 Crew 5 US
Jeep,Gladiator,,4dr JT,Pickup,Crew,5,gen1,2025-2026,皮卡,5537,1875,1905,31619,P1,1434,1697,1493,-33,5608,PK-L,363,,,,Gladiator,07082526,Jeep Gladiator 4dr JT Pickup 2025-2026 Crew 5 US
Jeep,Gladiator,,4dr JT Rubicon,Pickup,Crew,5,gen1,2020,皮卡,5537,1875,1933,38771,P1,1434,1697,1515,-33,5608,PK-L,363,,,,Gladiator,07082020,Jeep Gladiator 4dr JT Rubicon Pickup 2020 Crew 5 US
Jeep,Gladiator,,4dr JT Rubicon,Pickup,Crew,5,gen1,2025-2026,皮卡,5537,1875,1933,31618,P1,1434,1697,1515,-33,5608,PK-L,363,,,,Gladiator,07082526,Jeep Gladiator 4dr JT Rubicon Pickup 2025-2026 Crew 5 US
Jeep,Gladiator,,4dr JT Rubicon/Mojave,Pickup,Crew,5,gen1,2021-2024,皮卡,5537,1875,1933,132438,P1,1434,1697,1515,-33,5608,PK-L,363,,,,Gladiator,07082124,Jeep Gladiator 4dr JT Rubicon/Mojave Pickup 2021-2024 Crew 5 US
Jeep,Grand Cherokee,,L,SUV,,,gen5,2021-2025,越野车,5204,1979,1816,197462,SU1,1449,1476,1522,-19,5144,无可用尺码,,YXL,超长,184,Grand Cherokee,07002125,Jeep Grand Cherokee L SUV 2021-2025 US
Jeep,Grand Cherokee,,L,SUV,,,gen5,2026,越野车,5204,1968,1816,35912,SU1,1441,1468,1518,-23,5134,无可用尺码,,YXL,超长,184,Grand Cherokee,07002626,Jeep Grand Cherokee L SUV 2026 US
Jeep,Grand Cherokee,,SRT,SUV,,,gen4,2014-2017,越野车,4859,1958,1755,146950,SU1,1433,1461,1465,-26,4806,YXL,161,,,,Grand Cherokee,07001417,Jeep Grand Cherokee SRT SUV 2014-2017 US
Jeep,Grand Cherokee,,SRT,SUV,,,gen4,2018-2019,越野车,4859,1958,1717,82567,SU1,1433,1461,1434,-26,4806,YXL,161,,,,Grand Cherokee,07001819,Jeep Grand Cherokee SRT SUV 2018-2019 US
Jeep,Grand Cherokee,,SRT,SUV,,,gen4,2020-2021,越野车,4859,1943,1717,76687,SU1,1422,1449,1428,-32,4792,YXL,161,,,,Grand Cherokee,07002021,Jeep Grand Cherokee SRT SUV 2020-2021 US
Jeep,Grand Cherokee,,,SUV,,,gen1,1993,越野车,4488,1758,1648,217430,SU1,1287,1311,1297,-100,4278,YM,142,,,,Grand Cherokee,07009393,Jeep Grand Cherokee SUV 1993 US
Jeep,Grand Cherokee,,,SUV,,,gen1,1994-1995,越野车,4547,1801,1646,490680,SU1,1318,1344,1313,-84,4372,YM,83,,,,Grand Cherokee,07009495,Jeep Grand Cherokee SUV 1994-1995 US
Jeep,Grand Cherokee,,,SUV,,,gen1,1996,越野车,4498,1801,1646,279195,SU1,1318,1344,1313,-84,4327,YM,132,,,,Grand Cherokee,07009696,Jeep Grand Cherokee SUV 1996 US
Jeep,Grand Cherokee,,,SUV,,,gen1,1997-1998,越野车,4501,1760,1648,490010,SU1,1288,1313,1298,-100,4291,YM,129,,,,Grand Cherokee,07009798,Jeep Grand Cherokee SUV 1997-1998 US
Jeep,Grand Cherokee,,,SUV,,,gen2,1999-2000,越野车,4610,1836,1763,571754,SU1,1344,1370,1422,-72,4463,YM,20,,,,Grand Cherokee,07009900,Jeep Grand Cherokee SUV 1999-2000 US
Jeep,Grand Cherokee,,,SUV,,,gen2,2001-2003,越野车,4613,1844,1786,655324,SU1,1350,1376,1443,-68,4473,YM,17,,,,Grand Cherokee,07000103,Jeep Grand Cherokee SUV 2001-2003 US
Jeep,Grand Cherokee,,,SUV,,,gen2,2004,越野车,4605,1836,1763,182313,SU1,1344,1370,1422,-72,4458,YM,25,,,,Grand Cherokee,07000404,Jeep Grand Cherokee SUV 2004 US
Jeep,Grand Cherokee,,,SUV,,,gen3,2005-2009,越野车,4742,1869,1770,597675,SU1,1368,1394,1441,-60,4615,YL,108,,,,Grand Cherokee,07000509,Jeep Grand Cherokee SUV 2005-2009 US
Jeep,Grand Cherokee,,,SUV,,,gen3,2010,越野车,4775,1844,1750,84635,SU1,1350,1376,1414,-68,4623,YL,75,,,,Grand Cherokee,07001010,Jeep Grand Cherokee SUV 2010 US
Jeep,Grand Cherokee,,,SUV,,,gen4,2011-2013,越野车,4821,1938,1763,456753,SU1,1419,1446,1463,-34,4752,YL,29,,,,Grand Cherokee,07001113,Jeep Grand Cherokee SUV 2011-2013 US
Jeep,Grand Cherokee,,,SUV,,,gen4,2014-2021,越野车,4821,1943,1760,1428949,SU1,1422,1449,1463,-32,4757,YL,29,,,,Grand Cherokee,07001421,Jeep Grand Cherokee SUV 2014-2021 US
Jeep,Grand Cherokee,,,SUV,,,gen5,2022-2026,越野车,4915,1968,1801,903962,SU1,1441,1468,1506,-23,4867,YXL,105,,,,Grand Cherokee,07002226,Jeep Grand Cherokee SUV 2022-2026 US
Jeep,Grand Wagoneer,,L,SUV,,,gen2,2023-2026,越野车,5758,2123,1920,15161,SU2,1486,1762,1596,62,5790,无可用尺码,,YXL,超长,738,Grand Wagoneer,07092326,Jeep Grand Wagoneer L SUV 2023-2026 US
Jeep,Grand Wagoneer,,,SUV,,,gen1,1984-1991,越野车,4735,1900,1687,102430,SU2,1330,1577,1325,-23,4637,YL,115,,,,Grand Wagoneer,07098491,Jeep Grand Wagoneer SUV 1984-1991 US
Jeep,Grand Wagoneer,,,SUV,,,gen2,2022-2026,越野车,5453,2123,1920,82485,SU2,1486,1762,1596,62,5508,无可用尺码,,YXL,超长,433,Grand Wagoneer,07092226,Jeep Grand Wagoneer SUV 2022-2026 US
Jeep,Liberty,,,SUV,,,gen1,2002,越野车,4425,1806,1859,171212,SU1,1322,1347,1487,-83,4264,YM,205,,,,Liberty,07040202,Jeep Liberty SUV 2002 US
Jeep,Liberty,,,SUV,,,gen1,2003-2005,越野车,4430,1819,1826,492246,SU1,1332,1357,1466,-78,4280,YM,200,,,,Liberty,07040305,Jeep Liberty SUV 2003-2005 US
Jeep,Liberty,,,SUV,,,gen1,2006-2007,越野车,4437,1824,1826,225662,SU1,1335,1361,1468,-76,4291,YM,193,,,,Liberty,07040607,Jeep Liberty SUV 2006-2007 US
Jeep,Liberty,,,SUV,,,gen2,2008-2010,越野车,4493,1839,1806,159978,SU2,1287,1526,1395,-47,4357,YM,137,,,,Liberty,07040810,Jeep Liberty SUV 2008-2010 US
Jeep,Liberty,,,SUV,,,gen2,2011,越野车,4473,1857,1811,66684,SU2,1300,1541,1406,-40,4355,YM,157,,,,Liberty,07041111,Jeep Liberty SUV 2011 US
Jeep,Liberty,,,SUV,,,gen2,2012,越野车,4493,1836,1803,75483,SU2,1285,1524,1391,-48,4354,YM,137,,,,Liberty,07041212,Jeep Liberty SUV 2012 US
Jeep,Patriot,,,SUV,,,gen1,2007-2010,越野车,4409,1755,1666,166140,SU2,1228,1457,1252,-79,4202,YM,221,,,,Patriot,07060710,Jeep Patriot SUV 2007-2010 US
Jeep,Patriot,,,SUV,,,gen1,2011-2017,越野车,4415,1758,1664,566901,SU2,1231,1459,1251,-78,4210,YM,215,,,,Patriot,07061117,Jeep Patriot SUV 2011-2017 US
Jeep,Renegade,,,SUV,,,gen1,2015-2018,越野车,4232,1803,1689,368048,SU2,1262,1496,1289,-60,4082,YM,398,,,,Renegade,07071518,Jeep Renegade SUV 2015-2018 US
Jeep,Renegade,,,SUV,,,gen1,2019-2023,越野车,4232,1885,1689,240425,SU2,1320,1565,1321,-29,4158,YM,398,,,,Renegade,07071923,Jeep Renegade SUV 2019-2023 US
Jeep,Wagoneer,,L,SUV,,,gen2,2023-2025,越野车,5758,2123,2022,19796,SU2,1486,1762,1677,62,5790,无可用尺码,,YXL,超长,738,Wagoneer,07052325,Jeep Wagoneer L SUV 2023-2025 US
Jeep,Wagoneer S,,,SUV,,,gen1,2025-2026,越野车,4887,1900,1646,11614,SU1,1391,1417,1353,-48,4778,YXL,133,,,,Wagoneer S,07112526,Jeep Wagoneer S SUV 2025-2026 US
Jeep,Wagoneer,,,SUV,,,gen1,1963-1991,越野车,4735,1900,1687,636585,SU2,1330,1577,1325,-23,4637,YL,115,,,,Grand Wagoneer | Wagoneer,07056391,Jeep Wagoneer SUV 1963-1991 US
Jeep,Wagoneer,,,SUV,,,gen2,2023-2025,越野车,5453,2123,2024,92385,SU2,1486,1762,1678,62,5508,无可用尺码,,YXL,超长,433,Wagoneer,07052325,Jeep Wagoneer SUV 2023-2025 US
Jeep,Wrangler,,2dr JK,SUV,,,gen3,2007-2018,越野车,4173,1875,1842,840094,JP,1432,1269,1460,-75,4022,YM,457,,,,Wrangler,07010718,Jeep Wrangler 2dr JK SUV 2007-2018 US
Jeep,Wrangler,,2dr JL,SUV,,,gen4,2018-2024,越野车,4229,1875,1918,493337,JP,1432,1269,1520,-75,4073,YM,401,,,,Wrangler,07011824,Jeep Wrangler 2dr JL SUV 2018-2024 US
Jeep,Wrangler,,2dr JL,SUV,,,gen4,2025-2026,越野车,4237,1877,1869,76333,JP,1434,1271,1482,-74,4082,YM,393,,,,Wrangler,07012526,Jeep Wrangler 2dr JL SUV 2025-2026 US
Jeep,Wrangler,,2dr JL Xtreme,SUV,,,gen4,2026,越野车,4341,1877,1918,34502,JP,1434,1271,1521,-74,4177,YM,289,,,,Wrangler,07012626,Jeep Wrangler 2dr JL Xtreme SUV 2026 US
Jeep,Wrangler,,2dr LJ Unlimited Rubicon,SUV,,,gen2,2005-2006,越野车,4242,1732,1831,39823,JP,1323,1173,1394,-126,3954,YM,388,,,,,07010506,Jeep Wrangler 2dr LJ Unlimited Rubicon SUV 2005-2006 US
Jeep,Wrangler,,2dr LJ Unlimited,SUV,,,gen2,2004-2006,越野车,4229,1727,1786,65672,JP,1319,1169,1356,-128,3938,YM,401,,,,Wrangler,07010406,Jeep Wrangler 2dr LJ Unlimited SUV 2004-2006 US
Jeep,Wrangler,,2dr TJ Rubicon,SUV,,,gen2,2004-2006,越野车,3965,1732,1831,65672,JP,1323,1173,1394,-126,3701,无可用尺码,,YM,超余量,665,Wrangler,07010406,Jeep Wrangler 2dr TJ Rubicon SUV 2004-2006 US
Jeep,Wrangler,,2dr TJ,SUV,,,gen2,1997-2006,越野车,3874,1727,1786,449485,JP,1319,1169,1356,-128,3614,无可用尺码,,YM,超余量,756,Wrangler,07019706,Jeep Wrangler 2dr TJ SUV 1997-2006 US
Jeep,Wrangler,,2dr YJ,SUV,,,gen1,1987-1995,越野车,3894,1676,1760,608379,JP,1280,1135,1315,-146,3585,无可用尺码,,YM,超余量,736,Wrangler,07018795,Jeep Wrangler 2dr YJ SUV 1987-1995 US
Jeep,Wrangler,,4dr JKU,SUV,,,gen3,2007-2018,越野车,4694,1875,1842,840091,JP,1432,1269,1460,-75,4497,YL,156,,,,Wrangler,07010718,Jeep Wrangler 4dr JKU SUV 2007-2018 US
Jeep,Wrangler,,4dr JLU Rubicon 392,SUV,,,gen4,2021-2026,越野车,4785,1877,1892,294991,JP,1434,1271,1500,-74,4582,YL,65,,,,Wrangler,07012126,Jeep Wrangler 4dr JLU Rubicon 392 SUV 2021-2026 US
Jeep,Wrangler,,4dr JLU,SUV,,,gen4,2018-2024,越野车,4783,1875,1918,493335,JP,1432,1269,1520,-75,4579,YL,67,,,,Wrangler,07011824,Jeep Wrangler 4dr JLU SUV 2018-2024 US
Jeep,Wrangler,,4dr JLU,SUV,,,gen4,2025-2026,越野车,4785,1877,1869,76331,JP,1434,1271,1482,-74,4582,YL,65,,,,Wrangler,07012526,Jeep Wrangler 4dr JLU SUV 2025-2026 US
Jeep,Wrangler,,4dr JLU Xtreme,SUV,,,gen4,2024-2026,越野车,4890,2014,1918,114121,JP,1539,1363,1575,-24,4803,YXL,130,,,,Wrangler,07012426,Jeep Wrangler 4dr JLU Xtreme SUV 2024-2026 US
Karma Automotive,GS-6,,,Sedan,,,gen1,2021-2022,三厢车,5065,1984,1331,85,SD0,1409,1341,1362,-62,4893,3XXL-550,435,,,,GS6,48012122,Karma Automotive GS-6 Sedan 2021-2022 US
Karma Automotive,Revero,,GT/GTS,Sedan,,,gen1,2017-2020,三厢车,4999,1984,1331,600,SD0,1409,1341,1362,-62,4834,3XL-0,51,,,,Revero,48001720,Karma Automotive Revero GT/GTS Sedan 2017-2020 US
Karma Automotive,Revero,,GT/GTS,Sedan,,,gen1,2021,三厢车,5065,1984,1331,150,SD0,1409,1341,1362,-62,4893,3XXL-550,435,,,,Revero,48002121,Karma Automotive Revero GT/GTS Sedan 2021 US
Karma Automotive,Revero,,,Sedan,,,gen1,2025,三厢车,5065,1984,1331,0,SD0,1409,1341,1362,-62,4893,3XXL-550,435,,,,Revero,48002525,Karma Automotive Revero Sedan 2025 US
Kia,Amanti,,,Sedan,,,gen1,2004-2009,三厢车,5001,1849,1486,60102,SD1,1350,1479,1195,-43,4870,3XL-0,49,,,,Amanti,16160409,Kia Amanti Sedan 2004-2009 US
Kia,Borrego,,,SUV,,,gen1,2009,越野车,4879,1915,1811,10530,SU2,1340,1589,1429,-18,4784,YXL,141,,,,Borrego,16190909,Kia Borrego SUV 2009 US
Kia,Cadenza,,,Sedan,,,gen1,2014,三厢车,4966,1849,1476,9267,SD1,1350,1479,1187,-43,4838,3XL-0,84,,,,Cadenza,16181414,Kia Cadenza Sedan 2014 US
Kia,Cadenza,,,Sedan,,,gen1,2015-2016,三厢车,4971,1849,1476,12081,SD1,1350,1479,1187,-43,4843,3XL-0,79,,,,Cadenza,16181516,Kia Cadenza Sedan 2015-2016 US
Kia,Cadenza,,,Sedan,,,gen2,2017-2020,三厢车,4971,1869,1471,14651,SD1,1364,1495,1191,-35,4861,3XL-0,79,,,,Cadenza,16181720,Kia Cadenza Sedan 2017-2020 US
Kia,Carnival,,,MPV,,,gen4,2022-2026,两厢车,5156,1994,1775,265172,V0,1424,1454,1620,-30,5099,5XL,144,,,,,16052226,Kia Carnival MPV 2022-2026 US
Kia,Carnival,,Sedona LWB,MPV,,,gen2,2007-2012,两厢车,5131,1984,1760,137942,V0,1417,1446,1603,-34,5067,5XL,169,,,,,16050712,Kia Carnival Sedona LWB MPV 2007-2012 US
Kia,Carnival,,Sedona LWB,MPV,,,gen2,2014,两厢车,5131,1984,1760,14567,V0,1417,1446,1603,-34,5067,5XL,169,,,,,16051414,Kia Carnival Sedona LWB MPV 2014 US
Kia,Carnival,,Sedona,MPV,,,gen3,2015-2021,两厢车,5116,1984,1755,161037,V0,1417,1446,1599,-34,5053,5XL,184,,,,,16051521,Kia Carnival Sedona MPV 2015-2021 US
Kia,Carnival,,Sedona SWB,MPV,,,gen1,2002-2005,两厢车,4930,1895,1760,203702,V0,1353,1381,1565,-66,4799,5XL,370,,,,,16050205,Kia Carnival Sedona SWB MPV 2002-2005 US
Kia,Carnival,,Sedona SWB,MPV,,,gen2,2007,两厢车,4811,1984,1760,20246,V0,1417,1446,1603,-34,4772,5XL,489,,,,,16050707,Kia Carnival Sedona SWB MPV 2007 US
Kia,EV6,,,Crossover,,,gen1,2022-2026,越野车,4694,1890,1544,82111,SU0,1266,1323,1266,-103,4491,YL,156,,,,,16132226,Kia EV6 Crossover 2022-2026 US
Kia,EV9,,,SUV,,,gen1,2024-2026,越野车,5014,1979,1781,56087,SU2,1385,1643,1430,7,4969,YXL,6,,,,EV9,16172426,Kia EV9 SUV 2024-2026 US
Kia,Forte,,,Coupe,,,gen1,2010-2013,跑车,4481,1765,1400,143311,SD1,1288,1412,1092,-75,4309,3M-0,79,,,,Forte | Forte Koup,16041013,Kia Forte Coupe 2010-2013 US
Kia,Forte,,Forte5,Hatchback,,,gen2,2014-2018,两厢车,4351,1781,1450,76466,H0,1279,1304,1146,-104,4141,无可用尺码,,2L,超长,211,Forte | Forte Koup,16041418,Kia Forte Forte5 Hatchback 2014-2018 US
Kia,Forte,,Koup,Coupe,,,gen2,2014-2016,跑车,4529,1781,1410,37732,SD1,1300,1425,1107,-69,4368,3M-0,31,,,,Forte | Forte Koup,16041416,Kia Forte Koup Coupe 2014-2016 US
Kia,Forte,,,Sedan,,,gen1,2010-2013,三厢车,4529,1775,1460,143310,SD1,1296,1420,1144,-71,4363,3L,211,,,,Forte | Forte Koup,16041013,Kia Forte Sedan 2010-2013 US
Kia,Forte,,,Sedan,,,gen2,2014-2018,三厢车,4559,1781,1435,356835,SD1,1300,1425,1127,-69,4396,3L,181,,,,Forte | Forte Koup,16041418,Kia Forte Sedan 2014-2018 US
Kia,Forte,,,Sedan,,,gen3,2019-2024,三厢车,4641,1801,1435,668690,SD1,1315,1441,1135,-61,4491,3L,99,,,,Forte,16041924,Kia Forte Sedan 2019-2024 US
Kia,K5,,,Sedan,,,gen1,2021-2026,三厢车,4905,1859,1445,419262,SD1,1357,1487,1166,-39,4791,3XL-0,145,,,,K5,16092126,Kia K5 Sedan 2021-2026 US
Kia,K900,,,Sedan,,,gen1,2015-2017,三厢车,5095,1900,1491,3813,SD1,1387,1520,1220,-23,5005,3XXL-550,405,,,,K900,16201517,Kia K900 Sedan 2015-2017 US
Kia,K900,,,Sedan,,,gen2,2019-2020,三厢车,5121,1915,1491,695,SD1,1398,1532,1226,-18,5043,3XXL-550,379,,,,K900,16201920,Kia K900 Sedan 2019-2020 US
Kia,NIRO,,,Crossover,,,gen1,2017-2022,越野车,4356,1806,1544,135217,SU1,1322,1347,1232,-83,4200,YM,274,,,,,16111722,Kia NIRO Crossover 2017-2022 US
Kia,NIRO,,,Crossover,,,gen2,2023-2026,越野车,4420,1824,1544,104644,SU1,1335,1361,1239,-76,4276,YM,210,,,,,16112326,Kia NIRO Crossover 2023-2026 US
Kia,NIRO,,EV,Crossover,,,gen1,2019-2022,越野车,4374,1806,1570,17089,SU1,1322,1347,1253,-83,4216,YM,256,,,,,16111922,Kia NIRO EV Crossover 2019-2022 US
Kia,NIRO,,EV,Crossover,,,gen2,2023-2026,越野车,4420,1826,1570,22424,SU1,1337,1362,1261,-75,4278,YM,210,,,,,16112326,Kia NIRO EV Crossover 2023-2026 US
Kia,Optima,,Hybrid,Sedan,,,gen3,2011-2015,三厢车,4844,1831,1455,125527,SD1,1337,1465,1163,-50,4708,3XL-0,206,,,,Optima,16021115,Kia Optima Hybrid Sedan 2011-2015 US
Kia,Optima,,Hybrid,Sedan,,,gen3,2016,三厢车,4844,1831,1450,21918,SD1,1337,1465,1159,-50,4708,3XL-0,206,,,,Optima,16021616,Kia Optima Hybrid Sedan 2016 US
Kia,Optima,,Hybrid,Sedan,,,gen4,2017-2020,三厢车,4854,1859,1460,57880,SD1,1357,1487,1178,-39,4743,3XL-0,196,,,,Optima,16021720,Kia Optima Hybrid Sedan 2017-2020 US
Kia,Optima,,PHEV,Sedan,,,gen4,2017-2020,三厢车,4854,1859,1460,57878,SD1,1357,1487,1178,-39,4743,3XL-0,196,,,,Optima,16021720,Kia Optima PHEV Sedan 2017-2020 US
Kia,Optima,,,Sedan,,,gen1,2001-2005,三厢车,4745,1829,1420,182227,SD1,1335,1463,1134,-50,4614,3XL-0,305,,,,Optima,16020105,Kia Optima Sedan 2001-2005 US
Kia,Optima,,,Sedan,,,gen2,2006-2010,三厢车,4801,1806,1481,189122,SD1,1318,1445,1174,-59,4645,3XL-0,249,,,,Optima,16020610,Kia Optima Sedan 2006-2010 US
Kia,Optima,,,Sedan,,,gen3,2011-2015,三厢车,4844,1831,1455,585789,SD1,1337,1465,1163,-50,4708,3XL-0,206,,,,Optima,16021115,Kia Optima Sedan 2011-2015 US
Kia,Optima,,,Sedan,,,gen4,2016-2020,三厢车,4854,1859,1466,372386,SD1,1357,1487,1183,-39,4743,3XL-0,196,,,,Optima,16021620,Kia Optima Sedan 2016-2020 US
Kia,Rio,,Rio5,Hatchback,,,gen2,2006-2011,两厢车,4026,1694,1471,31358,H0,1216,1240,1128,-136,3762,2L,114,,,,Rio,16070611,Kia Rio Rio5 Hatchback 2006-2011 US
Kia,Rio,,Rio5,Hatchback,,,gen3,2012-2017,两厢车,4049,1720,1455,32851,H0,1235,1259,1125,-126,3807,2L,91,,,,Rio,16071217,Kia Rio Rio5 Hatchback 2012-2017 US
Kia,Rio,,Rio5,Hatchback,,,gen4,2018-2023,两厢车,4064,1725,1450,27709,H0,1239,1263,1123,-124,3826,2L,76,,,,Rio,16071823,Kia Rio Rio5 Hatchback 2018-2023 US
Kia,Rio,,Rio5,Wagon,,,gen1,2001-2005,两厢车,4239,1674,1440,37557,H2,1175,1256,1081,-142,3922,无可用尺码,,2L,超长,99,Rio,16070105,Kia Rio Rio5 Wagon 2001-2005 US
Kia,Rio,,,Sedan,,,gen1,2001-2005,三厢车,4239,1674,1440,175272,SD1,1222,1339,1088,-110,3999,3L,501,,,,Rio,16070105,Kia Rio Sedan 2001-2005 US
Kia,Rio,,,Sedan,,,gen2,2006-2011,三厢车,4249,1694,1471,146328,SD1,1237,1355,1121,-102,4027,3L,491,,,,Rio,16070611,Kia Rio Sedan 2006-2011 US
Kia,Rio,,,Sedan,,,gen3,2012-2017,三厢车,4369,1720,1455,153301,SD1,1256,1376,1118,-92,4163,3L,371,,,,Rio,16071217,Kia Rio Sedan 2012-2017 US
Kia,Rio,,,Sedan,,,gen4,2018-2023,三厢车,4384,1725,1450,129316,SD1,1259,1380,1116,-90,4181,3L,356,,,,Rio,16071823,Kia Rio Sedan 2018-2023 US
Kia,Rondo,,,SUV,,,gen1,2007-2008,越野车,4547,1821,1720,54665,V0,1300,1328,1499,-93,4378,YM,83,,,,Rondo,16140708,Kia Rondo SUV 2007-2008 US
Kia,Rondo,,,SUV,,,gen1,2009-2010,越野车,4547,1821,1699,17794,V0,1300,1328,1481,-93,4378,YM,83,,,,Rondo,16140910,Kia Rondo SUV 2009-2010 US
Kia,SELTOS,,,SUV,,,gen1,2021-2023,越野车,4369,1801,1631,157132,SU2,1261,1495,1242,-61,4207,YM,261,,,,Seltos,16122123,Kia SELTOS SUV 2021-2023 US
Kia,SELTOS,,,SUV,,,gen1,2024-2025,越野车,4384,1801,1626,78664,SU2,1261,1495,1238,-61,4221,YM,246,,,,Seltos,16122425,Kia SELTOS SUV 2024-2025 US
Kia,Sephia,,,Sedan,,,gen1,1994,三厢车,4336,1692,1389,12329,SD1,1235,1354,1054,-103,4106,3L,404,,,,Sephia,16109494,Kia Sephia Sedan 1994 US
Kia,Sephia,,,Sedan,,,gen1,1995-1997,三厢车,4369,1694,1389,78585,SD1,1237,1355,1054,-102,4139,3L,371,,,,Sephia,16109597,Kia Sephia Sedan 1995-1997 US
Kia,Sephia,,,Sedan,,,gen2,1998-2001,三厢车,4430,1699,1410,253431,SD1,1240,1359,1073,-100,4200,3L,310,,,,Sephia,16109801,Kia Sephia Sedan 1998-2001 US
Kia,Sorento,,PHEV,SUV,,,gen4,2024,越野车,4811,1900,1720,16792,SU1,1391,1417,1413,-48,4708,YL,39,,,,Sorento,16012424,Kia Sorento PHEV SUV 2024 US
Kia,Sorento,,,SUV,,,gen1,2003-2009,越野车,4590,1885,1811,282406,SU1,1380,1406,1480,-54,4489,YM,40,,,,Sorento,16010309,Kia Sorento SUV 2003-2009 US
Kia,Sorento,,,SUV,,,gen2,2011-2015,越野车,4684,1885,1699,574250,SU1,1380,1406,1390,-54,4576,YL,166,,,,Sorento,16011115,Kia Sorento SUV 2011-2015 US
Kia,Sorento,,,SUV,,,gen3,2016-2018,越野车,4760,1890,1689,322263,SU1,1383,1410,1384,-52,4651,YL,90,,,,Sorento,16011618,Kia Sorento SUV 2016-2018 US
Kia,Sorento,,,SUV,,,gen3,2019-2020,越野车,4801,1890,1684,170628,SU1,1383,1410,1379,-52,4689,YL,49,,,,Sorento,16011920,Kia Sorento SUV 2019-2020 US
Kia,Sorento,,,SUV,,,gen4,2021-2023,越野车,4811,1900,1694,256816,SU1,1391,1417,1392,-48,4708,YL,39,,,,Sorento,16012123,Kia Sorento SUV 2021-2023 US
Kia,Sorento,,,SUV,,,gen4,2024-2026,越野车,4816,1900,1699,283134,SU1,1391,1417,1396,-48,4712,YL,34,,,,Sorento,16012426,Kia Sorento SUV 2024-2026 US
Kia,Soul,,EV,Hatchback,,,gen2,2014-2019,两厢车,4140,1801,1600,133531,H1,1297,1344,1288,-90,3948,2L,0,,,,Soul | Soul EV,16031419,Kia Soul EV Hatchback 2014-2019 US
Kia,Soul,,,Wagon,,,gen1,2010-2013,两厢车,4120,1786,1610,403234,H1,1286,1332,1290,-96,3916,2L,20,,,,Soul,16031013,Kia Soul Wagon 2010-2013 US
Kia,Soul,,,Wagon,,,gen2,2014-2019,两厢车,4140,1801,1613,623140,H1,1297,1344,1299,-90,3948,2L,0,,,,Soul | Soul EV,16031419,Kia Soul Wagon 2014-2019 US
Kia,Soul,,,Wagon,,,gen3,2020-2025,两厢车,4196,1801,1600,368601,H1,1297,1344,1288,-90,3999,无可用尺码,,2L,超长,56,Soul | Soul EV,16032025,Kia Soul Wagon 2020-2025 US
Kia,Spectra,,,Hatchback,,,gen1,2002-2004,两厢车,4524,1725,1425,127500,H0,1239,1263,1103,-124,4249,无可用尺码,,2L,超长,384,Spectra,16080204,Kia Spectra Hatchback 2002-2004 US
Kia,Spectra,,,Hatchback,,,gen2,2006,两厢车,4341,1735,1471,36279,H0,1246,1270,1144,-121,4090,无可用尺码,,2L,超长,201,Spectra,16080606,Kia Spectra Hatchback 2006 US
Kia,Spectra,,,Hatchback,,,gen2,2007-2009,两厢车,4351,1735,1471,94527,H0,1246,1270,1144,-121,4099,无可用尺码,,2L,超长,211,Spectra,16080709,Kia Spectra Hatchback 2007-2009 US
Kia,Spectra,,,Sedan,,,gen1,2000-2001,三厢车,4475,1699,1410,65000,SD1,1240,1359,1073,-100,4242,3L,265,,,,Spectra,16080001,Kia Spectra Sedan 2000-2001 US
Kia,Spectra,,,Sedan,,,gen2,2004,三厢车,4481,1735,1471,22500,SD1,1267,1388,1137,-86,4281,3L,259,,,,Spectra,16080404,Kia Spectra Sedan 2004 US
Kia,Spectra,,,Sedan,,,gen2,2005-2006,三厢车,4501,1735,1471,92366,SD1,1267,1388,1137,-86,4299,3L,239,,,,Spectra,16080506,Kia Spectra Sedan 2005-2006 US
Kia,Spectra,,,Sedan,,,gen2,2007-2009,三厢车,4511,1735,1471,94526,SD1,1267,1388,1137,-86,4309,3L,229,,,,Spectra,16080709,Kia Spectra Sedan 2007-2009 US
Kia,Sportage,,2dr,SUV,,,gen1,1995-2002,越野车,3973,1730,1651,269803,SU2,1211,1436,1230,-88,3775,无可用尺码,,YM,超余量,657,,16009502,Kia Sportage 2dr SUV 1995-2002 US
Kia,Sportage,,4dr,SUV,,,gen1,1995,越野车,4049,1732,1651,6500,SU2,1212,1438,1231,-88,3847,无可用尺码,,YM,超余量,581,,16009595,Kia Sportage 4dr SUV 1995 US
Kia,Sportage,,4dr,SUV,,,gen1,1996,越野车,4049,1732,1656,13183,SU2,1212,1438,1235,-88,3847,无可用尺码,,YM,超余量,581,,16009696,Kia Sportage 4dr SUV 1996 US
Kia,Sportage,,4dr,SUV,,,gen1,1997,越野车,4046,1730,1651,15000,SU2,1211,1436,1230,-88,3843,无可用尺码,,YM,超余量,584,,16009797,Kia Sportage 4dr SUV 1997 US
Kia,Sportage,,PHEV,SUV,,,gen5,2023-2026,越野车,4684,1864,1699,119210,SU1,1364,1391,1381,-61,4557,YL,166,,,,Sportage,16002326,Kia Sportage PHEV SUV 2023-2026 US
Kia,Sportage,,,SUV,,,gen2,2005-2010,越野车,4351,1801,1694,214609,SU1,1318,1344,1352,-84,4191,YM,279,,,,Sportage,16000510,Kia Sportage SUV 2005-2010 US
Kia,Sportage,,,SUV,,,gen3,2011-2016,越野车,4440,1854,1636,294535,SU1,1357,1383,1326,-65,4322,YM,190,,,,Sportage,16001116,Kia Sportage SUV 2011-2016 US
Kia,Sportage,,,SUV,,,gen4,2017-2022,越野车,4481,1854,1646,549114,SU1,1357,1383,1334,-65,4360,YM,149,,,,Sportage,16001722,Kia Sportage SUV 2017-2022 US
Kia,Sportage,,,SUV,,,gen5,2023-2025,越野车,4661,1864,1684,399839,SU1,1364,1391,1369,-61,4536,YL,189,,,,Sportage,16002325,Kia Sportage SUV 2023-2025 US
Kia,Sportage,,,SUV,,,gen5,2026,越野车,4684,1864,1684,156471,SU1,1364,1391,1369,-61,4557,YL,166,,,,Sportage,16002626,Kia Sportage SUV 2026 US
Kia,Stinger,,,Coupe,,,gen1,2018-2021,跑车,4831,1869,1400,46727,SD1,1364,1495,1134,-35,4731,3XL-0,219,,,,Stinger,16151821,Kia Stinger Coupe 2018-2021 US
Kia,Stinger,,,Fastback,,,gen1,2022-2023,三厢车,4831,1869,1400,13261,SD1,1364,1495,1134,-35,4731,3XL-0,219,,,,Stinger,16152223,Kia Stinger Fastback 2022-2023 US
Kia,Stinger,,GT,Liftback,,,gen1,2018-2021,三厢车,4831,1869,1400,10013,SD1,1364,1495,1134,-35,4731,3XL-0,219,,,,Stinger,16151821,Kia Stinger GT Liftback 2018-2021 US
Kia,Telluride,,,SUV,,,gen1,2020-2023,越野车,5001,1989,1760,379490,SU2,1392,1651,1418,11,4966,YXL,19,,,,Telluride,16062023,Kia Telluride SUV 2020-2023 US
Kia,Telluride,,,SUV,,,gen1,2024-2026,越野车,5001,1989,1791,385785,SU2,1392,1651,1442,11,4966,YXL,19,,,,Telluride,16062426,Kia Telluride SUV 2024-2026 US
Land Rover,Defender,,110 NAS,SUV,,,gen1,1993,越野车,4600,1791,2286,317,JP,1368,1213,1779,-105,4335,YM,30,,,,Defender 110,33059393,Land Rover Defender 110 NAS SUV 1993 US
Land Rover,Defender,,110 OCTA,SUV,,,gen2,2025-2026,越野车,5016,2009,1994,11896,JP,1535,1360,1634,-26,4914,YXL,4,,,,Defender 110 | Defender 130 | Defender 90,33052526,Land Rover Defender 110 OCTA SUV 2025-2026 US
Land Rover,Defender,,110,SUV,,,gen2,2020-2024,越野车,5019,2009,1968,26956,JP,1535,1360,1613,-26,4917,YXL,1,,,,Defender 110 | Defender 130 | Defender 90,33052024,Land Rover Defender 110 SUV 2020-2024 US
Land Rover,Defender,,130,SUV,,,gen2,2023-2026,越野车,5377,2009,1971,21477,JP,1535,1360,1616,-26,5243,无可用尺码,,YXL,超长,357,Defender 110 | Defender 130 | Defender 90,33052326,Land Rover Defender 130 SUV 2023-2026 US
Land Rover,Defender,,90 NAS,SUV,,,gen1,1994-1995,越野车,4077,1791,2037,3039,JP,1368,1213,1581,-105,3857,无可用尺码,,YM,超余量,553,Defender 90,33059495,Land Rover Defender 90 NAS SUV 1994-1995 US
Land Rover,Defender,,90 NAS,SUV,,,gen1,1997,越野车,3990,1791,2037,2501,JP,1368,1213,1581,-105,3778,无可用尺码,,YM,超余量,640,Defender 90,33059797,Land Rover Defender 90 NAS SUV 1997 US
Land Rover,Defender,,90,SUV,,,gen2,2020-2026,越野车,4585,2009,1968,38849,JP,1535,1360,1613,-26,4520,YM,45,,,,Defender 110 | Defender 130 | Defender 90,33052026,Land Rover Defender 90 SUV 2020-2026 US
Land Rover,Discovery,,,SUV,,,gen1,1994-1998,越野车,4524,1793,1928,61151,SU2,1255,1488,1473,-64,4343,YM,106,,,,Discovery,33029498,Land Rover Discovery SUV 1994-1998 US
Land Rover,Discovery,,,SUV,,,gen1,1999,越野车,4539,1793,1966,21931,SU2,1255,1488,1503,-64,4357,YM,91,,,,Discovery,33029999,Land Rover Discovery SUV 1999 US
Land Rover,Discovery,,,SUV,,,gen2,2000-2004,越野车,4704,1890,1941,87381,SU2,1323,1569,1521,-27,4599,YL,146,,,,Discovery,33020004,Land Rover Discovery SUV 2000-2004 US
Land Rover,Discovery,,,SUV,,,gen3,2010-2016,越野车,4829,1915,1882,59903,SU2,1340,1589,1485,-18,4738,YL,21,,,,Discovery | Discovery Sport | LR4,33021016,Land Rover Discovery SUV 2010-2016 US
Land Rover,Discovery,,,SUV,,,gen4,2017,越野车,4968,1999,1887,6398,SU1,1463,1491,1588,-12,4944,YXL,52,,,,Discovery | Discovery Sport,33021717,Land Rover Discovery SUV 2017 US
Land Rover,Discovery,,,SUV,,,gen4,2018-2019,越野车,4971,1999,1854,19026,SU1,1463,1491,1561,-12,4947,YXL,49,,,,Discovery | Discovery Sport,33021819,Land Rover Discovery SUV 2018-2019 US
Land Rover,Discovery,,,SUV,,,gen4,2020,越野车,4956,1999,1854,5811,SU1,1463,1491,1561,-12,4933,YXL,64,,,,Discovery | Discovery Sport,33022020,Land Rover Discovery SUV 2020 US
Land Rover,Discovery,,,SUV,,,gen4,2021,越野车,4956,1999,1887,4399,SU1,1463,1491,1588,-12,4933,YXL,64,,,,Discovery | Discovery Sport,33022121,Land Rover Discovery SUV 2021 US
Land Rover,Discovery,,,SUV,,,gen4,2022,越野车,4956,1999,1854,571,SU1,1463,1491,1561,-12,4933,YXL,64,,,,Discovery | Discovery Sport,33022222,Land Rover Discovery SUV 2022 US
Land Rover,Discovery,,,SUV,,,gen4,2023-2024,越野车,4956,1999,1887,10386,SU1,1463,1491,1588,-12,4933,YXL,64,,,,Discovery | Discovery Sport,33022324,Land Rover Discovery SUV 2023-2024 US
Land Rover,Discovery Sport,,,SUV,,,gen1,2015-2019,越野车,4590,1895,1725,60413,SU1,1387,1414,1415,-50,4499,YM,40,,,,Discovery Sport,33061519,Land Rover Discovery Sport SUV 2015-2019 US
Land Rover,Discovery Sport,,,SUV,,,gen1,2020-2026,越野车,4595,1905,1725,32900,SU1,1394,1421,1419,-46,4512,YM,35,,,,Discovery Sport,33062026,Land Rover Discovery Sport SUV 2020-2026 US
Land Rover,Evoque,,,Coupe,,,gen1,2012-2018,跑车,4369,1984,1636,81016,SU1,1452,1480,1379,-17,4377,3M-0,191,,,,Range Rover Evoque,33041218,Land Rover Evoque Coupe 2012-2018 US
Land Rover,Evoque,,,SUV,,,gen2,2020-2026,越野车,4371,1905,1648,49583,SU1,1394,1421,1356,-46,4305,YM,259,,,,Range Rover Evoque,33042026,Land Rover Evoque SUV 2020-2026 US
Land Rover,Freelander,,,SUV,,,gen1,2002-2003,越野车,4445,1806,1758,21639,SU1,1322,1347,1405,-83,4282,YM,185,,,,Freelander,33100203,Land Rover Freelander SUV 2002-2003 US
Land Rover,Freelander,,,SUV,,,gen1,2004,越野车,4422,1806,1829,5430,SU1,1322,1347,1463,-83,4261,YM,208,,,,Freelander,33100404,Land Rover Freelander SUV 2004 US
Land Rover,Freelander,,,SUV,,,gen1,2005,越野车,4458,1808,1808,2141,SU1,1323,1349,1447,-82,4296,YM,172,,,,Freelander,33100505,Land Rover Freelander SUV 2005 US
Land Rover,LR2,,,SUV,,,gen1,2008-2015,越野车,4498,1908,1740,24984,SU1,1397,1423,1432,-45,4426,YM,132,,,,LR2,33110815,Land Rover LR2 SUV 2008-2015 US
Land Rover,LR3,,,SUV,,,gen1,2005-2009,越野车,4849,1915,1892,52994,SU2,1340,1589,1493,-18,4757,YL,1,,,,LR3,33080509,Land Rover LR3 SUV 2005-2009 US
Land Rover,LR4,,,SUV,,,gen1,2010,越野车,4829,1915,1887,5274,SU2,1340,1589,1489,-18,4738,YL,21,,,,LR4,33091010,Land Rover LR4 SUV 2010 US
Land Rover,LR4,,,SUV,,,gen1,2011-2012,越野车,4829,1915,1882,15923,SU2,1340,1589,1485,-18,4738,YL,21,,,,LR4,33091112,Land Rover LR4 SUV 2011-2012 US
Land Rover,LR4,,,SUV,,,gen1,2013,越野车,4829,1915,1842,7093,SU2,1340,1589,1453,-18,4738,YL,21,,,,LR4,33091313,Land Rover LR4 SUV 2013 US
Land Rover,LR4,,,SUV,,,gen1,2014-2016,越野车,4829,1915,1882,24482,SU2,1340,1589,1485,-18,4738,YL,21,,,,LR4,33091416,Land Rover LR4 SUV 2014-2016 US
Land Rover,Range Rover Evoque,,,Convertible,,,gen1,2017-2019,跑车,4369,1984,1636,33425,SU1,1452,1480,1379,-17,4377,3M-0,191,,,,Range Rover Evoque,33031719,Land Rover Range Rover Evoque Convertible 2017-2019 US
Land Rover,Range Rover Evoque,,,Coupe,,,gen1,2012-2016,跑车,4366,1966,1636,59120,SU1,1439,1467,1371,-24,4357,3M-0,194,,,,Range Rover Evoque,33031216,Land Rover Range Rover Evoque Coupe 2012-2016 US
Land Rover,Range Rover Evoque,,,SUV,,,gen2,2020-2026,越野车,4371,1905,1648,52734,SU1,1394,1421,1356,-46,4305,YM,259,,,,Range Rover Evoque,33032026,Land Rover Range Rover Evoque SUV 2020-2026 US
Land Rover,Range Rover,,LWB,SUV,,,gen1,1993-1995,越野车,4648,1819,1834,17000,SU2,1273,1510,1409,-54,4482,YL,202,,,,Range Rover,33009395,Land Rover Range Rover LWB SUV 1993-1995 US
Land Rover,Range Rover,,LWB,SUV,,,gen4,2014-2017,越野车,5199,1984,1839,11237,SU2,1389,1647,1478,9,5144,无可用尺码,,YXL,超长,179,Range Rover | Range Rover Evoque | Range Rover Sport,33001417,Land Rover Range Rover LWB SUV 2014-2017 US
Land Rover,Range Rover,,LWB,SUV,,,gen4,2018,越野车,5199,1984,1869,3358,SU2,1389,1647,1502,9,5144,无可用尺码,,YXL,超长,179,Range Rover | Range Rover Evoque | Range Rover Sport | Range Rover Velar,33001818,Land Rover Range Rover LWB SUV 2018 US
Land Rover,Range Rover,,LWB,SUV,,,gen4,2019,越野车,5199,1984,1839,3323,SU2,1389,1647,1478,9,5144,无可用尺码,,YXL,超长,179,Range Rover | Range Rover Evoque | Range Rover Sport | Range Rover Velar,33001919,Land Rover Range Rover LWB SUV 2019 US
Land Rover,Range Rover,,LWB,SUV,,,gen4,2020-2021,越野车,5199,1984,1867,5517,SU2,1389,1647,1500,9,5144,无可用尺码,,YXL,超长,179,Range Rover | Range Rover Evoque | Range Rover Sport | Range Rover Velar,33002021,Land Rover Range Rover LWB SUV 2020-2021 US
Land Rover,Range Rover,,LWB,SUV,,,gen5,2022-2026,越野车,5253,2047,1869,17092,SU2,1433,1699,1526,33,5252,无可用尺码,,YXL,超长,233,Range Rover | Range Rover Evoque | Range Rover Sport | Range Rover Velar,33002226,Land Rover Range Rover LWB SUV 2022-2026 US
Land Rover,Range Rover,,,SUV,,,gen1,1987-1992,越野车,4450,1819,1801,34500,SU2,1273,1510,1383,-54,4299,YM,180,,,,Range Rover,33008792,Land Rover Range Rover SUV 1987-1992 US
Land Rover,Range Rover,,,SUV,,,gen2,1995-2002,越野车,4714,1890,1819,77500,SU2,1323,1569,1425,-27,4609,YL,136,,,,Range Rover,33009502,Land Rover Range Rover SUV 1995-2002 US
Land Rover,Range Rover,,,SUV,,,gen3,2003-2005,越野车,4950,1923,1862,36430,SU2,1346,1596,1472,-14,4858,YXL,70,,,,Range Rover,33000305,Land Rover Range Rover SUV 2003-2005 US
Land Rover,Range Rover,,,SUV,,,gen3,2006-2012,越野车,4971,2035,1887,63752,SU2,1424,1689,1536,28,4981,YXL,49,,,,Range Rover | Range Rover Evoque | Range Rover Sport,33000612,Land Rover Range Rover SUV 2006-2012 US
Land Rover,Range Rover,,,SUV,,,gen4,2013-2021,越野车,4999,1984,1836,121589,SU2,1389,1647,1476,9,4959,YXL,21,,,,Range Rover | Range Rover Evoque | Range Rover Sport | Range Rover Velar,33001321,Land Rover Range Rover SUV 2013-2021 US
Land Rover,Range Rover,,,SUV,,,gen5,2022-2026,越野车,5052,2047,1869,79759,SU2,1433,1699,1526,33,5067,无可用尺码,,YXL,超长,32,Range Rover | Range Rover Evoque | Range Rover Sport | Range Rover Velar,33002226,Land Rover Range Rover SUV 2022-2026 US
Land Rover,Range Rover Sport,,,SUV,,,gen1,2006-2008,越野车,4788,1928,1768,44086,SU2,1350,1600,1400,-12,4712,YL,62,,,,Range Rover Sport,33010608,Land Rover Range Rover Sport SUV 2006-2008 US
Land Rover,Range Rover Sport,,,SUV,,,gen1,2009,越野车,4788,1928,1816,9269,SU2,1350,1600,1438,-12,4712,YL,62,,,,Range Rover Sport,33010909,Land Rover Range Rover Sport SUV 2009 US
Land Rover,Range Rover Sport,,,SUV,,,gen1,2010,越野车,4783,1933,1783,12347,SU2,1353,1604,1414,-11,4712,YL,67,,,,Range Rover Sport,33011010,Land Rover Range Rover Sport SUV 2010 US
Land Rover,Range Rover Sport,,,SUV,,,gen1,2011-2013,越野车,4783,2002,1788,48933,SU2,1401,1662,1445,16,4776,YL,67,,,,Range Rover Sport,33011113,Land Rover Range Rover Sport SUV 2011-2013 US
Land Rover,Range Rover Sport,,,SUV,,,gen2,2014,越野车,4851,1984,1781,17897,SU1,1452,1480,1496,-17,4822,YXL,169,,,,Range Rover Sport,33011414,Land Rover Range Rover Sport SUV 2014 US
Land Rover,Range Rover Sport,,,SUV,,,gen2,2015-2016,越野车,4872,2019,1781,43071,SU1,1478,1506,1510,-4,4874,YXL,148,,,,Range Rover Sport,33011516,Land Rover Range Rover Sport SUV 2015-2016 US
Land Rover,Range Rover Sport,,,SUV,,,gen2,2017,越野车,4856,2019,1781,19153,SU1,1478,1506,1510,-4,4859,YXL,164,,,,Range Rover Sport,33011717,Land Rover Range Rover Sport SUV 2017 US
Land Rover,Range Rover Sport,,,SUV,,,gen2,2018-2022,越野车,4882,2019,1803,100209,SU1,1478,1506,1528,-4,4883,YXL,138,,,,Range Rover Sport,33011822,Land Rover Range Rover Sport SUV 2018-2022 US
Land Rover,Range Rover Sport,,,SUV,,,gen3,2023,越野车,4945,2007,1821,11441,SU1,1469,1497,1538,-8,4931,YXL,75,,,,Range Rover Sport,33012323,Land Rover Range Rover Sport SUV 2023 US
Land Rover,Range Rover Sport,,,SUV,,,gen3,2024,越野车,4978,2007,1821,12000,SU1,1469,1497,1538,-8,4961,YXL,42,,,,Range Rover Sport,33012424,Land Rover Range Rover Sport SUV 2024 US
Land Rover,Range Rover Sport,,,SUV,,,gen3,2025,越野车,4945,2007,1821,23348,SU1,1469,1497,1538,-8,4931,YXL,75,,,,Range Rover Sport,33012525,Land Rover Range Rover Sport SUV 2025 US
Land Rover,Range Rover Sport,,,SUV,,,gen3,2026,越野车,4978,2047,1821,25400,SU1,1498,1527,1554,6,4998,YXL,42,,,,Range Rover Sport,33012626,Land Rover Range Rover Sport SUV 2026 US
Land Rover,Range Rover Velar,,,SUV,,,gen1,2018-2026,越野车,4801,1930,1684,81459,SU1,1413,1440,1396,-37,4726,YL,49,,,,Range Rover Velar,33071826,Land Rover Range Rover Velar SUV 2018-2026 US
Lexus,CT,,,Hatchback,,,gen1,2011-2013,两厢车,4321,1765,1440,47125,H0,1267,1292,1131,-110,4099,无可用尺码,,2L,超长,181,CT200h,22111113,Lexus CT Hatchback 2011-2013 US
Lexus,CT,,,Hatchback,,,gen1,2014-2017,两厢车,4348,1765,1455,45923,H0,1267,1292,1143,-110,4124,无可用尺码,,2L,超长,208,CT200h,22111417,Lexus CT Hatchback 2014-2017 US
Lexus,ES,,,Sedan,,,gen1,1991,三厢车,4651,1699,1349,22476,SD2,1699,1699,1042,100,4850,3L,89,,,,ES250,22019191,Lexus ES Sedan 1991 US
Lexus,ES,,,Sedan,,,gen2,1992-1996,三厢车,4770,1778,1389,200696,SD1,1298,1422,1088,-70,4590,3XL-0,280,,,,ES300,22019296,Lexus ES Sedan 1992-1996 US
Lexus,ES,,,Sedan,,,gen3,1997-2001,三厢车,4831,1791,1394,239101,SD1,1307,1433,1098,-65,4658,3XL-0,219,,,,ES300,22019701,Lexus ES Sedan 1997-2001 US
Lexus,ES,,,Sedan,,,gen4,2002-2006,三厢车,4854,1821,1430,356692,SD1,1329,1457,1139,-54,4708,3XL-0,196,,,,ES300 | ES330,22010206,Lexus ES Sedan 2002-2006 US
Lexus,ES,,,Sedan,,,gen5,2007-2012,三厢车,4854,1821,1450,341170,SD1,1329,1457,1155,-54,4708,3XL-0,196,,,,ES350,22010712,Lexus ES Sedan 2007-2012 US
Lexus,ES,,,Sedan,,,gen6,2013-2018,三厢车,4895,1806,1450,368239,SD1,1318,1445,1149,-59,4732,3XL-0,155,,,,ES300h | ES350,22011318,Lexus ES Sedan 2013-2018 US
Lexus,ES,,,Sedan,,,gen7,2019-2025,三厢车,4976,1864,1450,300003,SD1,1361,1491,1172,-37,4861,3XL-0,74,,,,ES250 | ES300h | ES350,22011925,Lexus ES Sedan 2019-2025 US
Lexus,ES,,,Sedan,,,gen8,2026,三厢车,5141,1920,1560,3896,SD1,1402,1536,1284,-16,5067,3XXL-550,359,,,,ES350e | ES350h | ES500e,22012626,Lexus ES Sedan 2026 US
Lexus,GS,,,Sedan,,,gen1,1993-1996,三厢车,4950,1796,1400,41410,SD1,1311,1437,1104,-63,4774,3XL-0,100,,,,GS300,22069396,Lexus GS Sedan 1993-1996 US
Lexus,GS,,,Sedan,,,gen1,1997,三厢车,4950,1796,1420,7718,SD1,1311,1437,1121,-63,4774,3XL-0,100,,,,GS300,22069797,Lexus GS Sedan 1997 US
Lexus,GS,,,Sedan,,,gen2,1998-2005,三厢车,4806,1801,1440,184385,SD1,1315,1441,1139,-61,4645,3XL-0,244,,,,GS300 | GS400 | GS430,22069805,Lexus GS Sedan 1998-2005 US
Lexus,GS,,,Sedan,,,gen3,2006-2011,三厢车,4826,1821,1430,84765,SD1,1329,1457,1139,-54,4682,3XL-0,224,,,,GS300 | GS350 | GS430 | GS450h | GS460,22060611,Lexus GS Sedan 2006-2011 US
Lexus,GS,,,Sedan,,,gen4,2013-2020,三厢车,4844,1839,1471,100250,SD1,1342,1471,1179,-47,4715,3XL-0,206,,,,GS F | GS200t | GS300 | GS350 | GS450h,22061320,Lexus GS Sedan 2013-2020 US
Lexus,GX,,Overtrail,SUV,,,gen3,2024-2025,越野车,5006,1999,1935,68094,SU2,1399,1659,1559,14,4980,YXL,14,,,,GX550,22052425,Lexus GX Overtrail SUV 2024-2025 US
Lexus,GX,,Overtrail,SUV,,,gen3,2026,越野车,5006,1999,1920,11348,SU2,1399,1659,1548,14,4980,YXL,14,,,,GX550,22052626,Lexus GX Overtrail SUV 2026 US
Lexus,GX,,,SUV,,,gen1,2003-2009,越野车,4780,1880,1895,172283,SU2,1316,1560,1481,-31,4660,YL,70,,,,GX470,22050309,Lexus GX SUV 2003-2009 US
Lexus,GX,,,SUV,,,gen2,2010-2013,越野车,4806,1885,1885,51234,SU2,1320,1565,1475,-29,4689,YL,44,,,,GX460,22051013,Lexus GX SUV 2010-2013 US
Lexus,GX,,,SUV,,,gen2,2014-2023,越野车,4879,1885,1885,274361,SU2,1320,1565,1475,-29,4757,YXL,141,,,,GX460,22051423,Lexus GX SUV 2014-2023 US
Lexus,HS,,,Sedan,,,gen1,2010-2012,三厢车,4694,1786,1506,14176,SD1,1304,1429,1186,-67,4526,3L,46,,,,HS250h,22141012,Lexus HS Sedan 2010-2012 US
Lexus,IS,,,Convertible,,,gen2,2010-2015,跑车,4636,1801,1415,112157,SD1,1315,1441,1119,-61,4486,3L-0,104,,,,IS F | IS250 | IS350,22021015,Lexus IS Convertible 2010-2015 US
Lexus,IS,,,Sedan,,,gen1,2001-2005,三厢车,4486,1720,1410,82112,SD1,1256,1376,1082,-92,4272,3L,254,,,,IS300,22020105,Lexus IS Sedan 2001-2005 US
Lexus,IS,,,Sedan,,,gen2,2006-2009,三厢车,4575,1801,1425,196709,SD1,1315,1441,1127,-61,4430,3L,165,,,,IS F | IS250 | IS350,22020609,Lexus IS Sedan 2006-2009 US
Lexus,IS,,,Sedan,,,gen2,2010-2013,三厢车,4580,1801,1425,63260,SD1,1315,1441,1127,-61,4434,3L,160,,,,IS F | IS250 | IS350,22021013,Lexus IS Sedan 2010-2013 US
Lexus,IS,,,Sedan,,,gen3,2014-2020,三厢车,4666,1811,1430,164112,SD1,1322,1449,1135,-57,4524,3L,74,,,,IS F | IS200t | IS250 | IS300 | IS350,22021420,Lexus IS Sedan 2014-2020 US
Lexus,IS,,,Sedan,,,gen3,2021,三厢车,4709,1839,1435,21998,SD1,1342,1471,1150,-47,4590,3L,31,,,,IS300 | IS350,22022121,Lexus IS Sedan 2021 US
Lexus,IS,,,Sedan,,,gen3,2022-2026,三厢车,4757,1839,1440,96638,SD1,1342,1471,1154,-47,4634,3XL-0,293,,,,IS300 | IS350 | IS500,22022226,Lexus IS Sedan 2022-2026 US
Lexus,LC,,,Convertible,,,gen1,2021-2026,跑车,4760,1920,1351,4686,SD0,1363,1298,1351,-85,4559,3XL-0,290,,,,LC500 | LC500h,22152126,Lexus LC Convertible 2021-2026 US
Lexus,LC,,,Coupe,,,gen1,2018-2026,跑车,4760,1920,1346,9205,SD0,1363,1298,1346,-85,4559,3XL-0,290,,,,LC500 | LC500h,22151826,Lexus LC Coupe 2018-2026 US
Lexus,LFA,,,Coupe,,,gen1,2012,跑车,4506,1895,1219,52,SD0,1345,1281,1219,-94,4306,3M-0,54,,,,LFA,22161212,Lexus LFA Coupe 2012 US
Lexus,LS,,L,Sedan,,,gen4,2007-2009,三厢车,5151,1875,1476,11790,SD1,1369,1500,1198,-33,5034,3XXL-550,349,,,,LS460 | LS600h,22040709,Lexus LS L Sedan 2007-2009 US
Lexus,LS,,L,Sedan,,,gen4,2010-2012,三厢车,5179,1875,1476,5327,SD1,1369,1500,1198,-33,5060,3XXL-550,321,,,,LS460 | LS600h,22041012,Lexus LS L Sedan 2010-2012 US
Lexus,LS,,L,Sedan,,,gen4,2013-2017,三厢车,5207,1875,1481,6362,SD1,1369,1500,1202,-33,5086,3XXL-550,293,,,,LS460 | LS600h,22041317,Lexus LS L Sedan 2013-2017 US
Lexus,LS,,,Sedan,,,gen1,1990,三厢车,4996,1821,1405,42806,SD2,1821,1821,1137,160,5317,无可用尺码,,3XL-0,插片指数超上限,40,LS400,22049090,Lexus LS Sedan 1990 US
Lexus,LS,,,Sedan,,,gen1,1991,三厢车,5047,1821,1405,36955,SD2,1821,1821,1137,160,5368,无可用尺码,,3XL-0,插片指数超上限,40,LS400,22049191,Lexus LS Sedan 1991 US
Lexus,LS,,,Sedan,,,gen1,1992,三厢车,4996,1821,1405,32561,SD2,1821,1821,1137,160,5317,无可用尺码,,3XL-0,插片指数超上限,40,LS400,22049292,Lexus LS Sedan 1992 US
Lexus,LS,,,Sedan,,,gen1,1993-1994,三厢车,4996,1829,1415,46226,SD2,1829,1829,1149,164,5325,无可用尺码,,3XL-0,插片指数超上限,44,LS400,22049394,Lexus LS Sedan 1993-1994 US
Lexus,LS,,,Sedan,,,gen2,1995-1996,三厢车,4996,1829,1415,45894,SD1,1335,1463,1130,-50,4847,3XL-0,54,,,,LS400,22049596,Lexus LS Sedan 1995-1996 US
Lexus,LS,,,Sedan,,,gen2,1997-2000,三厢车,4996,1829,1435,72636,SD1,1335,1463,1146,-50,4847,3XL-0,54,,,,LS400,22049700,Lexus LS Sedan 1997-2000 US
Lexus,LS,,,Sedan,,,gen3,2001,三厢车,4996,1829,1471,31110,SD1,1335,1463,1175,-50,4847,3XL-0,54,,,,LS430,22040101,Lexus LS Sedan 2001 US
Lexus,LS,,,Sedan,,,gen3,2002-2004,三厢车,4996,1829,1491,82428,SD1,1335,1463,1191,-50,4847,3XL-0,54,,,,LS430,22040204,Lexus LS Sedan 2002-2004 US
Lexus,LS,,,Sedan,,,gen3,2005-2006,三厢车,5014,1829,1491,45589,SD1,1335,1463,1191,-50,4864,3XL-0,36,,,,LS430,22040506,Lexus LS Sedan 2005-2006 US
Lexus,LS,,,Sedan,,,gen4,2007-2009,三厢车,5029,1875,1476,55025,SD1,1369,1500,1198,-33,4921,3XL-0,21,,,,LS460 | LS600h,22040709,Lexus LS Sedan 2007-2009 US
Lexus,LS,,,Sedan,,,gen4,2010-2012,三厢车,5060,1875,1476,24861,SD1,1369,1500,1198,-33,4950,3XXL-550,440,,,,LS460 | LS600h,22041012,Lexus LS Sedan 2010-2012 US
Lexus,LS,,,Sedan,,,gen4,2013-2017,三厢车,5080,1875,1476,29697,SD1,1369,1500,1198,-33,4968,3XXL-550,420,,,,LS460 | LS600h,22041317,Lexus LS Sedan 2013-2017 US
Lexus,LS,,,Sedan,,,gen5,2018-2020,三厢车,5235,1900,1471,18480,SD1,1387,1520,1204,-23,5136,3XXL-550,265,,,,LS500 | LS500h,22041820,Lexus LS Sedan 2018-2020 US
Lexus,LS,,,Sedan,,,gen5,2021-2026,三厢车,5235,1900,1460,13189,SD1,1387,1520,1195,-23,5136,3XXL-550,265,,,,LS500 | LS500h,22042126,Lexus LS Sedan 2021-2026 US
Lexus,LX,,,SUV,,,gen1,1996-1997,越野车,4821,1930,1869,14800,SU2,1351,1602,1480,-12,4745,YL,29,,,,LX450,22079697,Lexus LX SUV 1996-1997 US
Lexus,LX,,,SUV,,,gen2,1998,越野车,4890,1930,1869,12000,SU2,1351,1602,1480,-12,4808,YXL,130,,,,LX470,22079898,Lexus LX SUV 1998 US
Lexus,LX,,,SUV,,,gen2,1999-2007,越野车,4890,1941,1849,82940,SU2,1359,1611,1469,-8,4819,YXL,130,,,,LX470,22079907,Lexus LX SUV 1999-2007 US
Lexus,LX,,,SUV,,,gen3,2008-2011,越野车,4991,1971,1920,18681,SU2,1380,1636,1537,4,4940,YXL,29,,,,LX570,22070811,Lexus LX SUV 2008-2011 US
Lexus,LX,,,SUV,,,gen3,2012,越野车,5019,1971,1920,5005,SU2,1380,1636,1537,4,4966,YXL,1,,,,,22071212,Lexus LX SUV 2012 US
Lexus,LX,,,SUV,,,gen3,2013-2015,越野车,5004,1971,1920,12561,SU2,1380,1636,1537,4,4952,YXL,16,,,,LX570,22071315,Lexus LX SUV 2013-2015 US
Lexus,LX,,,SUV,,,gen3,2016-2017,越野车,5065,1981,1910,11711,SU2,1387,1644,1533,8,5018,无可用尺码,,YXL,超长,45,LX570,22071617,Lexus LX SUV 2016-2017 US
Lexus,LX,,,SUV,,,gen3,2018-2021,越野车,5080,1981,1910,17546,SU2,1387,1644,1533,8,5031,无可用尺码,,YXL,超长,60,LX570,22071821,Lexus LX SUV 2018-2021 US
Lexus,LX,,,SUV,,,gen4,2022-2024,越野车,5093,1989,1885,17431,SU2,1392,1651,1516,11,5051,无可用尺码,,YXL,超长,73,LX600,22072224,Lexus LX SUV 2022-2024 US
Lexus,LX,,,SUV,,,gen4,2025-2026,越野车,5093,1989,1895,11181,SU2,1392,1651,1524,11,5051,无可用尺码,,YXL,超长,73,LX600 | LX700h,22072526,Lexus LX SUV 2025-2026 US
Lexus,NX,,,SUV,,,gen1,2015-2017,越野车,4630,1869,1646,157989,SU1,1368,1394,1340,-60,4512,YM,0,,,,NX200t | NX300h,22031517,Lexus NX SUV 2015-2017 US
Lexus,NX,,,SUV,,,gen1,2018-2021,越野车,4641,1869,1646,235092,SU1,1368,1394,1340,-60,4522,YL,209,,,,NX300 | NX300h,22031821,Lexus NX SUV 2018-2021 US
Lexus,NX,,,SUV,,,gen2,2022-2026,越野车,4661,1864,1679,336352,SU1,1364,1391,1365,-61,4536,YL,189,,,,NX250 | NX350 | NX350h | NX450h+,22032226,Lexus NX SUV 2022-2026 US
Lexus,RC,,,Coupe,,,gen1,2015-2018,跑车,4694,1839,1394,30199,SD0,1306,1243,1353,-113,4425,3L-0,46,,,,RC F | RC200t | RC300 | RC350,22121518,Lexus RC Coupe 2015-2018 US
Lexus,RC,,,Coupe,,,gen1,2019-2024,跑车,4704,1844,1394,14528,SD0,1309,1247,1355,-111,4439,3L-0,36,,,,RC F | RC300 | RC350,22121924,Lexus RC Coupe 2019-2024 US
Lexus,RC,,,Coupe,,,gen1,2025,跑车,4699,1839,1400,1111,SD0,1306,1243,1358,-113,4430,3L-0,41,,,,RC F | RC300 | RC350,22122525,Lexus RC Coupe 2025 US
Lexus,RC,,RC F,Coupe,,,gen1,2015-2019,跑车,4704,1844,1389,7281,SD0,1309,1247,1351,-111,4439,3L-0,36,,,,RC F | RC200t | RC300 | RC350,22121519,Lexus RC RC F Coupe 2015-2019 US
Lexus,RC,,RC F,Coupe,,,gen1,2020-2025,跑车,4709,1844,1389,2540,SD0,1309,1247,1351,-111,4444,3L-0,31,,,,RC F | RC300 | RC350,22122025,Lexus RC RC F Coupe 2020-2025 US
Lexus,RX,,RX L,SUV,,,gen4,2018,越野车,5001,1895,1720,19700,SU1,1387,1414,1411,-50,4879,YXL,19,,,,RX350 | RX350L | RX450h | RX450hL,22001818,Lexus RX RX L SUV 2018 US
Lexus,RX,,RX L,SUV,,,gen4,2019-2022,越野车,5001,1895,1709,74728,SU1,1387,1414,1402,-50,4879,YXL,19,,,,RX350 | RX350L | RX450h | RX450hL,22001922,Lexus RX RX L SUV 2019-2022 US
Lexus,RX,,,SUV,,,gen1,1999-2000,越野车,4575,1816,1669,175000,SU1,1329,1355,1337,-79,4412,YM,55,,,,RX300,22009900,Lexus RX SUV 1999-2000 US
Lexus,RX,,,SUV,,,gen1,2001-2002,越野车,4580,1816,1669,195000,SU1,1329,1355,1337,-79,4416,YM,50,,,,RX300,22000102,Lexus RX SUV 2001-2002 US
Lexus,RX,,,SUV,,,gen1,2003,越野车,4575,1816,1669,105000,SU1,1329,1355,1337,-79,4412,YM,55,,,,RX300,22000303,Lexus RX SUV 2003 US
Lexus,RX,,,SUV,,,gen2,2004-2009,越野车,4729,1844,1679,604023,SU1,1350,1376,1357,-68,4580,YL,121,,,,RX330 | RX350 | RX400h,22000409,Lexus RX SUV 2004-2009 US
Lexus,RX,,,SUV,,,gen3,2010,越野车,4770,1885,1684,95790,SU1,1380,1406,1377,-54,4656,YL,80,,,,RX350 | RX450h,22001010,Lexus RX SUV 2010 US
Lexus,RX,,,SUV,,,gen3,2011-2012,越野车,4770,1885,1720,183768,SU1,1380,1406,1407,-54,4656,YL,80,,,,RX350 | RX450h,22001112,Lexus RX SUV 2011-2012 US
Lexus,RX,,,SUV,,,gen3,2013-2014,越野车,4770,1885,1694,211410,SU1,1380,1406,1386,-54,4656,YL,80,,,,RX350 | RX450h,22001314,Lexus RX SUV 2013-2014 US
Lexus,RX,,,SUV,,,gen3,2015,越野车,4770,1885,1684,100610,SU1,1380,1406,1377,-54,4656,YL,80,,,,RX350 | RX450h,22001515,Lexus RX SUV 2015 US
Lexus,RX,,,SUV,,,gen4,2016-2022,越野车,4890,1895,1720,658406,SU1,1387,1414,1411,-50,4776,YXL,130,,,,RX350 | RX350L | RX450h | RX450hL,22001622,Lexus RX SUV 2016-2022 US
Lexus,RX,,,SUV,,,gen5,2023-2026,越野车,4890,1920,1709,456066,SU1,1405,1432,1412,-41,4799,YXL,130,,,,RX350 | RX350h | RX450h+ | RX500h,22002326,Lexus RX SUV 2023-2026 US
Lexus,RZ,,,SUV,,,gen1,2023,越野车,4806,1885,1636,5386,SU1,1380,1406,1339,-54,4689,YL,44,,,,RZ450e,22132323,Lexus RZ SUV 2023 US
Lexus,RZ,,,SUV,,,gen1,2024-2026,越野车,4806,1895,1636,18484,SU1,1387,1414,1343,-50,4698,YL,44,,,,RZ300e | RZ350e | RZ450e | RZ550e,22132426,Lexus RZ SUV 2024-2026 US
Lexus,SC,,,Convertible,,,gen2,2002-2010,跑车,4534,1829,1349,55636,SD0,1299,1236,1308,-116,4271,3M-0,26,,,,SC430,22080210,Lexus SC Convertible 2002-2010 US
Lexus,SC,,,Coupe,,,gen1,1992-2000,跑车,4854,1791,1336,82538,SD0,1272,1211,1278,-129,4527,3XL-0,196,,,,SC300 | SC400,22089200,Lexus SC Coupe 1992-2000 US
Lexus,TX,,,SUV,,,gen1,2024-2026,越野车,5169,1989,1781,114098,SU1,1456,1484,1498,-15,5121,无可用尺码,,YXL,超长,149,TX350 | TX500h | TX550h+,22092426,Lexus TX SUV 2024-2026 US
Lexus,UX,,,SUV,,,gen1,2019-2026,越野车,4496,1839,1539,100497,SU0,1232,1287,1241,-120,4265,YM,134,,,,UX200 | UX250h | UX300h,22101926,Lexus UX SUV 2019-2026 US
Lincoln,Aviator,,,SUV,,,gen1,2003,越野车,4910,1877,1801,29517,SU2,1314,1558,1406,-32,4778,YXL,110,,,,Aviator,24050303,Lincoln Aviator SUV 2003 US
Lincoln,Aviator,,,SUV,,,gen1,2004,越野车,4910,1930,1814,23644,SU2,1351,1602,1437,-12,4827,YXL,110,,,,Aviator,24050404,Lincoln Aviator SUV 2004 US
Lincoln,Aviator,,,SUV,,,gen1,2005,越野车,4910,1877,1826,15873,SU2,1314,1558,1426,-32,4778,YXL,110,,,,Aviator,24050505,Lincoln Aviator SUV 2005 US
Lincoln,Aviator,,,SUV,,,gen2,2020,越野车,5062,2022,1773,23080,SU1,1480,1508,1505,-3,5053,无可用尺码,,YXL,超长,42,Aviator,24052020,Lincoln Aviator SUV 2020 US
Lincoln,Aviator,,,SUV,,,gen2,2021-2024,越野车,5062,2022,1768,83687,SU1,1480,1508,1501,-3,5053,无可用尺码,,YXL,超长,42,Aviator,24052124,Lincoln Aviator SUV 2021-2024 US
Lincoln,Aviator,,,SUV,,,gen2,2025-2026,越野车,5072,2022,1768,51373,SU1,1480,1508,1501,-3,5062,无可用尺码,,YXL,超长,52,Aviator,24052526,Lincoln Aviator SUV 2025-2026 US
Lincoln,Continental,,,Convertible,,,gen1,1940-1942,跑车,5486,1994,1359,925,SD1,1456,1595,1151,13,5456,3XXL-550,14,,,,Continental,24014042,Lincoln Continental Convertible 1940-1942 US
Lincoln,Continental,,,Convertible,,,gen1,1946-1948,跑车,5486,1994,1359,950,SD1,1456,1595,1151,13,5456,3XXL-550,14,,,,,24014648,Lincoln Continental Convertible 1946-1948 US
Lincoln,Continental,,,Convertible,,,gen3,1958-1960,跑车,5817,2040,1435,18675,SD2,2040,2040,1251,270,6357,无可用尺码,,4XL-0,超长,117,Continental,24015860,Lincoln Continental Convertible 1958-1960 US
Lincoln,Continental,,,Convertible,,,gen4,1961-1963,跑车,5418,1996,1392,43728,SD2,1996,1996,1198,248,5914,4XL-0,282,,,,Continental,24016163,Lincoln Continental Convertible 1961-1963 US
Lincoln,Continental,,,Convertible,,,gen4,1964-1965,跑车,5494,1996,1392,38239,SD2,1996,1996,1198,248,5990,4XL-0,206,,,,Continental,24016465,Lincoln Continental Convertible 1964-1965 US
Lincoln,Continental,,,Convertible,,,gen4,1966-1967,跑车,5611,2024,1410,50212,SD2,2024,2024,1224,262,6135,4XL-0,89,,,,Continental,24016667,Lincoln Continental Convertible 1966-1967 US
Lincoln,Continental,,,Coupe,,,gen1,1940-1942,跑车,5578,1976,1359,925,SD1,1442,1581,1144,6,5525,无可用尺码,,3XXL-550,超长,78,Continental,24014042,Lincoln Continental Coupe 1940-1942 US
Lincoln,Continental,,,Coupe,,,gen1,1946-1948,跑车,5578,1976,1359,950,SD1,1442,1581,1144,6,5525,无可用尺码,,3XXL-550,超长,78,,24014648,Lincoln Continental Coupe 1946-1948 US
Lincoln,Continental,,,Coupe,,,gen2,1956-1957,跑车,5550,1968,1430,3000,SD1,1437,1574,1198,3,5492,无可用尺码,,3XXL-550,超长,50,Mark II,24015657,Lincoln Continental Coupe 1956-1957 US
Lincoln,Continental,,,Coupe,,,gen5,1970-1972,跑车,5715,2024,1415,59609,SD2,2024,2024,1228,262,6239,无可用尺码,,4XL-0,超长,15,Continental,24017072,Lincoln Continental Coupe 1970-1972 US
Lincoln,Continental,,,Coupe,,,gen5,1973,跑车,5819,2022,1384,29318,SD2,2022,2022,1202,261,6341,无可用尺码,,4XL-0,超长,119,Continental,24017373,Lincoln Continental Coupe 1973 US
Lincoln,Continental,,,Coupe,,,gen5,1974,跑车,5908,2032,1394,18335,SD2,2032,2032,1214,266,6440,无可用尺码,,4XL-0,超长,208,Continental,24017474,Lincoln Continental Coupe 1974 US
Lincoln,Continental,,,Coupe,,,gen5,1975,跑车,5916,2022,1407,27349,SD2,2022,2022,1221,261,6438,无可用尺码,,4XL-0,超长,216,Continental,24017575,Lincoln Continental Coupe 1975 US
Lincoln,Continental,,,Coupe,,,gen5,1976,跑车,5916,2040,1405,34323,SD2,2040,2040,1226,270,6456,无可用尺码,,4XL-0,超长,216,Continental,24017676,Lincoln Continental Coupe 1976 US
Lincoln,Continental,,,Coupe,,,gen5,1977-1979,跑车,5921,2029,1410,138144,SD2,2029,2029,1226,264,6450,无可用尺码,,4XL-0,超长,221,Continental,24017779,Lincoln Continental Coupe 1977-1979 US
Lincoln,Continental,,,Coupe,,,gen6,1980,跑车,5486,1984,1400,15617,SD2,1984,1984,1199,242,5970,4XL-0,214,,,,Continental,24018080,Lincoln Continental Coupe 1980 US
Lincoln,Continental,,,Sedan,,,gen3,1958-1960,三厢车,5817,2040,1435,18675,SD2,2040,2040,1251,270,6357,无可用尺码,,4XL-0,超长,117,Continental,24015860,Lincoln Continental Sedan 1958-1960 US
Lincoln,Continental,,,Sedan,,,gen4,1961-1963,三厢车,5418,1996,1392,43726,SD2,1996,1996,1198,248,5914,4XL-0,282,,,,Continental,24016163,Lincoln Continental Sedan 1961-1963 US
Lincoln,Continental,,,Sedan,,,gen4,1964-1965,三厢车,5494,1996,1392,38238,SD2,1996,1996,1198,248,5990,4XL-0,206,,,,Continental,24016465,Lincoln Continental Sedan 1964-1965 US
Lincoln,Continental,,,Sedan,,,gen4,1966-1969,三厢车,5613,2024,1410,120202,SD2,2024,2024,1224,262,6137,4XL-0,87,,,,Continental,24016669,Lincoln Continental Sedan 1966-1969 US
Lincoln,Continental,,,Sedan,,,gen5,1970-1972,三厢车,5715,2024,1415,59606,SD2,2024,2024,1228,262,6239,无可用尺码,,4XL-0,超长,15,Continental,24017072,Lincoln Continental Sedan 1970-1972 US
Lincoln,Continental,,,Sedan,,,gen5,1973,三厢车,5819,2022,1410,29318,SD2,2022,2022,1223,261,6341,无可用尺码,,4XL-0,超长,119,Continental,24017373,Lincoln Continental Sedan 1973 US
Lincoln,Continental,,,Sedan,,,gen5,1974,三厢车,5908,2032,1407,18334,SD2,2032,2032,1225,266,6440,无可用尺码,,4XL-0,超长,208,Continental,24017474,Lincoln Continental Sedan 1974 US
Lincoln,Continental,,,Sedan,,,gen5,1975,三厢车,5916,2022,1412,27349,SD2,2022,2022,1225,261,6438,无可用尺码,,4XL-0,超长,216,Continental,24017575,Lincoln Continental Sedan 1975 US
Lincoln,Continental,,,Sedan,,,gen5,1976,三厢车,5916,2040,1410,34323,SD2,2040,2040,1230,270,6456,无可用尺码,,4XL-0,超长,216,Continental,24017676,Lincoln Continental Sedan 1976 US
Lincoln,Continental,,,Sedan,,,gen5,1977-1979,三厢车,5921,2029,1410,138143,SD2,2029,2029,1226,264,6450,无可用尺码,,4XL-0,超长,221,Continental,24017779,Lincoln Continental Sedan 1977-1979 US
Lincoln,Continental,,,Sedan,,,gen6,1980,三厢车,5568,1984,1425,15616,SD2,1984,1984,1220,242,6052,4XL-0,132,,,,Continental,24018080,Lincoln Continental Sedan 1980 US
Lincoln,Continental,,,Sedan,,,gen7,1982-1983,三厢车,5110,1869,1394,40739,SD2,1869,1869,1148,184,5479,无可用尺码,,3XL-0,插片指数超上限,64,Continental,24018283,Lincoln Continental Sedan 1982-1983 US
Lincoln,Continental,,,Sedan,,,gen7,1984,三厢车,5100,1847,1412,30468,SD2,1847,1847,1153,174,5447,无可用尺码,,3XL-0,插片指数超上限,54,Continental,24018484,Lincoln Continental Sedan 1984 US
Lincoln,Continental,,,Sedan,,,gen7,1985-1987,三厢车,5098,1869,1397,64862,SD2,1869,1869,1150,184,5467,无可用尺码,,3XL-0,插片指数超上限,64,Continental,24018587,Lincoln Continental Sedan 1985-1987 US
Lincoln,Continental,,,Sedan,,,gen8,1988-1993,三厢车,5210,1847,1412,278218,SD2,1847,1847,1153,174,5557,4XL-0,490,,,,Continental,24018893,Lincoln Continental Sedan 1988-1993 US
Lincoln,Continental,,,Sedan,,,gen8,1994,三厢车,5210,1836,1407,49771,SD2,1836,1836,1145,168,5546,4XL-0,490,,,,Continental,24019494,Lincoln Continental Sedan 1994 US
Lincoln,Continental,,,Sedan,,,gen9,1995-1998,三厢车,5260,1869,1422,139157,SD2,1869,1869,1171,184,5629,4XL-0,440,,,,Continental,24019598,Lincoln Continental Sedan 1995-1998 US
Lincoln,Continental,,,Sedan,,,gen9,1999-2001,三厢车,5296,1869,1422,69286,SD2,1869,1869,1171,184,5665,4XL-0,404,,,,Continental,24019901,Lincoln Continental Sedan 1999-2001 US
Lincoln,Continental,,,Sedan,,,gen9,2002,三厢车,5258,1869,1422,15435,SD2,1869,1869,1171,184,5627,4XL-0,442,,,,Continental,24010202,Lincoln Continental Sedan 2002 US
Lincoln,Continental,,,Sedan,,,gen10,2017-2020,三厢车,5116,1913,1486,32618,SD1,1396,1530,1221,-18,5037,3XXL-550,384,,,,Continental,24011720,Lincoln Continental Sedan 2017-2020 US
Lincoln,Corsair,,PHEV,SUV,,,gen1,2020-2021,越野车,4587,1935,1628,8650,SU1,1416,1444,1352,-35,4533,YM,43,,,,Corsair,24092021,Lincoln Corsair PHEV SUV 2020-2021 US
Lincoln,Corsair,,,SUV,,,gen1,2020-2026,越野车,4608,1887,1628,158498,SU1,1381,1408,1333,-53,4508,YM,22,,,,Corsair,24092026,Lincoln Corsair SUV 2020-2026 US
Lincoln,LS,,,Sedan,,,gen1,2000-2001,三厢车,4925,1859,1453,90826,SD1,1357,1487,1173,-39,4809,3XL-0,125,,,,LS,24060001,Lincoln LS Sedan 2000-2001 US
Lincoln,LS,,,Sedan,,,gen1,2002-2004,三厢车,4925,1859,1425,100422,SD1,1357,1487,1150,-39,4809,3XL-0,125,,,,LS,24060204,Lincoln LS Sedan 2002-2004 US
Lincoln,LS,,,Sedan,,,gen1,2005,三厢车,4935,1859,1425,19109,SD1,1357,1487,1150,-39,4818,3XL-0,115,,,,LS,24060505,Lincoln LS Sedan 2005 US
Lincoln,LS,,,Sedan,,,gen1,2006,三厢车,4938,1859,1433,8797,SD1,1357,1487,1157,-39,4821,3XL-0,112,,,,LS,24060606,Lincoln LS Sedan 2006 US
Lincoln,MKC,,,SUV,,,gen1,2015-2019,越野车,4552,1864,1656,129256,SU1,1364,1391,1346,-61,4435,YM,78,,,,MKC,24101519,Lincoln MKC SUV 2015-2019 US
Lincoln,MKS,,,Sedan,,,gen1,2009-2012,三厢车,5184,1928,1565,56332,SD1,1407,1542,1291,-13,5114,3XXL-550,316,,,,MKS,24120912,Lincoln MKS Sedan 2009-2012 US
Lincoln,MKS,,,Sedan,,,gen1,2013-2016,三厢车,5222,1928,1565,30781,SD1,1407,1542,1291,-13,5150,3XXL-550,278,,,,MKS,24121316,Lincoln MKS Sedan 2013-2016 US
Lincoln,MKT,,,Crossover,,,gen1,2010-2019,越野车,5273,1930,1712,47808,SU1,1413,1440,1418,-37,5163,无可用尺码,,YXL,超长,253,,24131019,Lincoln MKT Crossover 2010-2019 US
Lincoln,MKX,,,Crossover,,,gen1,2007-2008,越野车,4737,1925,1714,67029,SU1,1409,1436,1418,-39,4662,YL,113,,,,,24040708,Lincoln MKX Crossover 2007-2008 US
Lincoln,MKX,,,Crossover,,,gen1,2009-2015,越野车,4742,1930,1709,161974,SU1,1413,1440,1416,-37,4672,YL,108,,,,,24040915,Lincoln MKX Crossover 2009-2015 US
Lincoln,MKX,,,Crossover,,,gen2,2016-2018,越野车,4826,1933,1681,90571,SU1,1415,1442,1394,-36,4752,YL,24,,,,,24041618,Lincoln MKX Crossover 2016-2018 US
Lincoln,MKZ,,,Sedan,,,gen1,2008-2009,三厢车,4839,1834,1450,52198,SD1,1339,1467,1160,-48,4706,3XL-0,211,,,,MKZ,24030809,Lincoln MKZ Sedan 2008-2009 US
Lincoln,MKZ,,,Sedan,,,gen1,2010-2012,三厢车,4821,1834,1445,78117,SD1,1339,1467,1156,-48,4689,3XL-0,229,,,,MKZ,24031012,Lincoln MKZ Sedan 2010-2012 US
Lincoln,MKZ,,,Sedan,,,gen2,2013-2017,三厢车,4930,1864,1478,155192,SD1,1361,1491,1195,-37,4818,3XL-0,120,,,,MKZ,24031317,Lincoln MKZ Sedan 2013-2017 US
Lincoln,MKZ,,,Sedan,,,gen2,2018-2020,三厢车,4925,1864,1476,50095,SD1,1361,1491,1193,-37,4814,3XL-0,125,,,,MKZ,24031820,Lincoln MKZ Sedan 2018-2020 US
Lincoln,Mark VII,,,Coupe,,,gen1,1984-1992,跑车,5151,1801,1377,176068,SD0,1279,1217,1320,-126,4805,3XXL-520-0,49,,,,Mark VII,24088492,Lincoln Mark VII Coupe 1984-1992 US
Lincoln,Mark VIII,,,Coupe,,,gen1,1993,跑车,5255,1895,1361,31852,SD0,1345,1281,1348,-94,4985,3XXL-550,245,,,,Mark VIII,24119393,Lincoln Mark VIII Coupe 1993 US
Lincoln,Mark VIII,,,Coupe,,,gen1,1994-1998,跑车,5265,1900,1361,86650,SD0,1349,1284,1351,-92,4999,3XXL-550,235,,,,Mark VIII,24119498,Lincoln Mark VIII Coupe 1994-1998 US
Lincoln,Nautilus,,,SUV,,,gen1,2019-2023,越野车,4826,1933,1681,123491,SU1,1415,1442,1394,-36,4752,YL,24,,,,Nautilus,24071923,Lincoln Nautilus SUV 2019-2023 US
Lincoln,Nautilus,,,SUV,,,gen2,2024-2026,越野车,4907,1953,1732,88470,SU1,1430,1457,1444,-28,4846,YXL,113,,,,Nautilus,24072426,Lincoln Nautilus SUV 2024-2026 US
Lincoln,Navigator,,L,SUV,,,gen3,2007,越野车,5672,2024,1984,4244,SU2,1417,1680,1608,24,5619,无可用尺码,,YXL,超长,652,Navigator,24020707,Lincoln Navigator L SUV 2007 US
Lincoln,Navigator,,L,SUV,,,gen3,2008-2010,越野车,5672,2024,1989,5495,SU2,1417,1680,1612,24,5619,无可用尺码,,YXL,超长,652,Navigator,24020810,Lincoln Navigator L SUV 2008-2010 US
Lincoln,Navigator,,L,SUV,,,gen3,2011-2014,越野车,5672,2002,1984,6253,SU2,1401,1662,1599,16,5598,无可用尺码,,YXL,超长,652,Navigator,24021114,Lincoln Navigator L SUV 2011-2014 US
Lincoln,Navigator,,L,SUV,,,gen3,2015-2017,越野车,5646,2002,1981,5807,SU2,1401,1662,1597,16,5574,无可用尺码,,YXL,超长,626,Navigator,24021517,Lincoln Navigator L SUV 2015-2017 US
Lincoln,Navigator,,L,SUV,,,gen4,2018-2024,越野车,5636,2029,1941,20058,SU2,1420,1684,1576,26,5590,无可用尺码,,YXL,超长,616,Navigator,24021824,Lincoln Navigator L SUV 2018-2024 US
Lincoln,Navigator,,L,SUV,,,gen5,2025-2026,越野车,5636,2032,1981,4678,SU2,1422,1687,1609,27,5593,无可用尺码,,YXL,超长,616,Navigator,24022526,Lincoln Navigator L SUV 2025-2026 US
Lincoln,Navigator,,,SUV,,,gen1,1998-2000,越野车,5202,2029,1948,121032,SU2,1420,1684,1581,26,5189,无可用尺码,,YXL,超长,182,Navigator,24029800,Lincoln Navigator SUV 1998-2000 US
Lincoln,Navigator,,,SUV,,,gen1,2001,越野车,5202,2029,1910,31759,SU2,1420,1684,1552,26,5189,无可用尺码,,YXL,超长,182,Navigator,24020101,Lincoln Navigator SUV 2001 US
Lincoln,Navigator,,,SUV,,,gen1,2002,越野车,5202,2029,1948,30613,SU2,1420,1684,1581,26,5189,无可用尺码,,YXL,超长,182,Navigator,24020202,Lincoln Navigator SUV 2002 US
Lincoln,Navigator,,,SUV,,,gen2,2003-2006,越野车,5270,2037,1976,124931,SU2,1426,1691,1607,29,5259,无可用尺码,,YXL,超长,250,Navigator,24020306,Lincoln Navigator SUV 2003-2006 US
Lincoln,Navigator,,,SUV,,,gen3,2007-2014,越野车,5293,2024,1989,74631,SU2,1417,1680,1612,24,5268,无可用尺码,,YXL,超长,273,Navigator,24020714,Lincoln Navigator SUV 2007-2014 US
Lincoln,Navigator,,,SUV,,,gen3,2015-2017,越野车,5268,2002,1984,27101,SU2,1401,1662,1599,16,5225,无可用尺码,,YXL,超长,248,Navigator,24021517,Lincoln Navigator SUV 2015-2017 US
Lincoln,Navigator,,,SUV,,,gen4,2018-2024,越野车,5334,2029,1941,93606,SU2,1420,1684,1576,26,5311,无可用尺码,,YXL,超长,314,Navigator,24021824,Lincoln Navigator SUV 2018-2024 US
Lincoln,Navigator,,,SUV,,,gen5,2025-2026,越野车,5334,2032,1981,21829,SU2,1422,1687,1609,27,5314,无可用尺码,,YXL,超长,314,Navigator,24022526,Lincoln Navigator SUV 2025-2026 US
Lincoln,Town Car,,L,Sedan,,,gen3,2000-2002,三厢车,5621,1986,1476,36631,SD2,1986,1986,1262,243,6107,4XL-0,79,,,,Town Car,24000002,Lincoln Town Car L Sedan 2000-2002 US
Lincoln,Town Car,,L,Sedan,,,gen3,2003-2004,三厢车,5624,1986,1501,19142,SD2,1986,1986,1283,243,6110,4XL-0,76,,,,Town Car,24000304,Lincoln Town Car L Sedan 2003-2004 US
Lincoln,Town Car,,L,Sedan,,,gen3,2005-2011,三厢车,5624,1994,1501,28395,SD2,1994,1994,1286,247,6118,4XL-0,76,,,,Town Car,24000511,Lincoln Town Car L Sedan 2005-2011 US
Lincoln,Town Car,,,Sedan,,,gen1,1981,三厢车,5563,1984,1407,32839,SD2,1984,1984,1205,242,6047,4XL-0,137,,,,Town Car,24008181,Lincoln Town Car Sedan 1981 US
Lincoln,Town Car,,,Sedan,,,gen1,1982-1988,三厢车,5563,1984,1420,697317,SD2,1984,1984,1216,242,6047,4XL-0,137,,,,Town Car,24008288,Lincoln Town Car Sedan 1982-1988 US
Lincoln,Town Car,,,Sedan,,,gen1,1989,三厢车,5568,1984,1420,123669,SD2,1984,1984,1216,242,6052,4XL-0,132,,,,Town Car,24008989,Lincoln Town Car Sedan 1989 US
Lincoln,Town Car,,,Sedan,,,gen2,1990,三厢车,5593,1984,1440,147160,SD2,1984,1984,1232,242,6077,4XL-0,107,,,,Town Car,24009090,Lincoln Town Car Sedan 1990 US
Lincoln,Town Car,,,Sedan,,,gen2,1991,三厢车,5593,1984,1445,118982,SD2,1984,1984,1236,242,6077,4XL-0,107,,,,Town Car,24009191,Lincoln Town Car Sedan 1991 US
Lincoln,Town Car,,,Sedan,,,gen2,1992-1997,三厢车,5560,1953,1445,638620,SD2,1953,1953,1224,226,6013,4XL-0,140,,,,Town Car,24009297,Lincoln Town Car Sedan 1992-1997 US
Lincoln,Town Car,,,Sedan,,,gen3,1998-2002,三厢车,5469,1986,1473,353115,SD2,1986,1986,1260,243,5955,4XL-0,231,,,,Town Car,24009802,Lincoln Town Car Sedan 1998-2002 US
Lincoln,Town Car,,,Sedan,,,gen3,2003-2004,三厢车,5471,1986,1499,89332,SD2,1986,1986,1281,243,5957,4XL-0,229,,,,Town Car,24000304,Lincoln Town Car Sedan 2003-2004 US
Lincoln,Town Car,,,Sedan,,,gen3,2005-2011,三厢车,5471,1994,1499,132513,SD2,1994,1994,1284,247,5965,4XL-0,229,,,,Town Car,24000511,Lincoln Town Car Sedan 2005-2011 US
Lincoln,Zephyr,,,Sedan,,,gen1,2006,三厢车,4839,1834,1453,33114,SD1,1339,1467,1163,-48,4706,3XL-0,211,,,,Zephyr,24140606,Lincoln Zephyr Sedan 2006 US
Lucid Motors,Air,,,Sedan,,,gen1,2022-2026,三厢车,4976,1935,1407,23591,SD1,1413,1548,1166,-10,4927,3XL-0,74,,,,Air,44002226,Lucid Motors Air Sedan 2022-2026 US
Lucid Motors,Gravity,,,SUV,,,gen1,2025-2026,越野车,5034,2004,1659,18875,SU1,1467,1495,1405,-10,5010,无可用尺码,,YXL,超长,14,Gravity,44012526,Lucid Motors Gravity SUV 2025-2026 US
MG,1100,,ADO16 2/4-door,Sedan,,,gen1,1963-1967,三厢车,3727,1534,1340,5000,SD1,1120,1227,950,-163,3393,3S-0,493,,,,,49006367,MG 1100 ADO16 2/4-door Sedan 1963-1967 US
MG,MGA,,Standard,Coupe,,,gen1,1957-1962,跑车,3962,1454,1290,42000,SD0,1032,983,1083,-246,3412,3S-0,258,,,,,49015762,MG MGA Standard Coupe 1957-1962 US
MG,MGA,,Standard,Roadster,,,gen1,1956-1962,跑车,3962,1454,1270,56000,SD0,1032,983,1065,-246,3412,3S-0,258,,,,,49015662,MG MGA Standard Roadster 1956-1962 US
MG,MGB,,Chrome Bumper Standard,Roadster,,,gen1,1963-1973,跑车,3886,1511,1257,187000,SD0,1073,1021,1079,-226,3395,3S-0,334,,,,,49026373,MG MGB Chrome Bumper Standard Roadster 1963-1973 US
MG,MGB,,Europe Chrome Bumper,Roadster,,,gen1,1974,跑车,3891,1521,1255,4250,SD0,1080,1028,1082,-223,3409,3S-0,329,,,,,49027474,MG MGB Europe Chrome Bumper Roadster 1974 US
MG,MGB,,Europe Rubber Bumper,Roadster,,,gen2,1974,跑车,4020,1524,1295,4250,SD0,1082,1030,1120,-222,3528,3S-0,200,,,,,49027474,MG MGB Europe Rubber Bumper Roadster 1974 US
MG,MGB GT,,Chrome Bumper,Coupe,,,gen1,1966-1973,跑车,3891,1521,1255,20000,SD0,1080,1028,1082,-223,3409,3S-0,329,,,,,49036673,MG MGB GT Chrome Bumper Coupe 1966-1973 US
MG,MGB GT,,Europe Chrome Bumper,Coupe,,,gen1,1974,跑车,3891,1521,1255,625,SD0,1080,1028,1082,-223,3409,3S-0,329,,,,,49037474,MG MGB GT Europe Chrome Bumper Coupe 1974 US
MG,MGB GT,,Europe Rubber Bumper,Coupe,,,gen2,1974,跑车,4020,1524,1295,625,SD0,1082,1030,1120,-222,3528,3S-0,200,,,,,49037474,MG MGB GT Europe Rubber Bumper Coupe 1974 US
MG,MGB GT,,North America 1974½ Rubber Bumper,Coupe,,,gen2,1974,跑车,4020,1568,1295,625,SD0,1113,1060,1140,-207,3568,3S-0,200,,,,,49037474,MG MGB GT North America 1974½ Rubber Bumper Coupe 1974 US
MG,MGB GT,,North America Sabrina,Coupe,,,gen1,1974,跑车,4044,1521,1255,625,SD0,1080,1028,1082,-223,3547,3S-0,176,,,,,49037474,MG MGB GT North America Sabrina Coupe 1974 US
MG,MGB,,North America 1974½ Rubber Bumper,Roadster,,,gen2,1974,跑车,4018,1521,1295,4250,SD0,1080,1028,1118,-223,3524,3S-0,202,,,,,49027474,MG MGB North America 1974½ Rubber Bumper Roadster 1974 US
MG,MGB,,North America Sabrina,Roadster,,,gen1,1974,跑车,4044,1521,1255,4250,SD0,1080,1028,1082,-223,3547,3S-0,176,,,,,49027474,MG MGB North America Sabrina Roadster 1974 US
MG,MGB,,Rubber Bumper,Roadster,,,gen2,1975-1980,跑车,4020,1521,1295,102000,SD0,1080,1028,1118,-223,3526,3S-0,200,,,,,49027580,MG MGB Rubber Bumper Roadster 1975-1980 US
MG,MGC GT,,Standard,Coupe,,,gen1,1968-1969,跑车,3891,1521,1275,3600,SD0,1080,1028,1100,-223,3409,3S-0,329,,,,,49056869,MG MGC GT Standard Coupe 1968-1969 US
MG,MGC,,Standard,Roadster,,,gen1,1968-1969,跑车,3891,1521,1275,4000,SD0,1080,1028,1100,-223,3409,3S-0,329,,,,,49046869,MG MGC Standard Roadster 1968-1969 US
MG,Magnette,,Standard,Sedan,,,gen3,1959-1961,三厢车,4528,1613,1519,7500,SD1,1177,1290,1127,-133,4211,3L,212,,,,,49065961,MG Magnette Standard Sedan 1959-1961 US
MG,Magnette,,Standard,Sedan,,,gen4,1962-1964,三厢车,4528,1613,1519,7500,SD1,1177,1290,1127,-133,4211,3L,212,,,,,49066264,MG Magnette Standard Sedan 1962-1964 US
MG,Magnette,,ZA,Sedan,,,gen1,1955-1956,三厢车,4293,1600,1473,3750,SD1,1168,1280,1084,-138,3980,3L,447,,,,,49065556,MG Magnette ZA Sedan 1955-1956 US
MG,Magnette,,ZB,Sedan,,,gen2,1956-1958,三厢车,4293,1600,1473,6250,SD1,1168,1280,1084,-138,3980,3L,447,,,,,49065658,MG Magnette ZB Sedan 1956-1958 US
MG,Midget,,Mk I,Roadster,,,gen1,1962-1964,跑车,3461,1346,1264,22500,SD0,956,910,1011,-284,2860,无可用尺码,,3S-0,超余量,759,,49076264,MG Midget Mk I Roadster 1962-1964 US
MG,Midget,,Mk II,Roadster,,,gen2,1964-1966,跑车,3467,1346,1264,18000,SD0,956,910,1011,-284,2865,无可用尺码,,3S-0,超余量,753,,49076466,MG Midget Mk II Roadster 1964-1966 US
MG,Midget,,Mk III Europe,Roadster,,,gen3,1974,跑车,3496,1394,1235,4500,SD0,990,942,1006,-267,2935,无可用尺码,,3S-0,超余量,724,,49077474,MG Midget Mk III Europe Roadster 1974 US
MG,Midget,,Mk III North America,Roadster,,,gen3,1974,跑车,3673,1394,1234,4500,SD0,990,942,1005,-267,3096,3S-0,547,,,,,49077474,MG Midget Mk III North America Roadster 1974 US
MG,Midget,,Mk III Standard,Roadster,,,gen3,1966-1973,跑车,3496,1394,1235,67500,SD0,990,942,1006,-267,2935,无可用尺码,,3S-0,超余量,724,,49076673,MG Midget Mk III Standard Roadster 1966-1973 US
MG,Midget,,Rubber Bumper,Roadster,,,gen4,1975-1979,跑车,3581,1411,1226,45000,SD0,1002,954,1006,-261,3028,无可用尺码,,3S-0,超余量,639,,49077579,MG Midget Rubber Bumper Roadster 1975-1979 US
MG,TC Midget,,Standard,Roadster,,,gen1,1946-1949,跑车,3543,1422,1346,6400,SD0,1010,961,1120,-257,3003,无可用尺码,,3S-0,超余量,677,,49104649,MG TC Midget Standard Roadster 1946-1949 US
MG,TD Midget,,Standard,Roadster,,,gen1,1950-1953,跑车,3683,1489,1346,18000,SD0,1057,1007,1150,-234,3191,3S-0,537,,,,,49085053,MG TD Midget Standard Roadster 1950-1953 US
MG,TF Midget,,Standard,Roadster,,,gen1,1954-1955,跑车,3734,1518,1334,6400,SD0,1078,1026,1153,-224,3264,3S-0,486,,,,,49095455,MG TF Midget Standard Roadster 1954-1955 US
MINI,Clubman,,,Wagon,,,gen1,2008-2014,两厢车,3960,1684,1433,55279,H2,1182,1263,1079,-139,3676,2L,180,,,,Cooper,32050814,MINI Clubman Wagon 2008-2014 US
MINI,Clubman,,,Wagon,,,gen2,2016-2023,两厢车,4275,1801,1440,42627,H2,1264,1351,1132,-96,4072,无可用尺码,,2L,超长,135,Cooper Clubman,32051623,MINI Clubman Wagon 2016-2023 US
MINI,Clubman,,,Wagon,,,gen2,2024,两厢车,4280,1801,1440,783,H2,1264,1351,1132,-96,4076,无可用尺码,,2L,超长,140,Cooper Clubman,32052424,MINI Clubman Wagon 2024 US
MINI,Convertible,,,Convertible,,,gen1,2005-2008,跑车,3655,1689,1417,40347,SD1,1233,1351,1075,-104,3470,无可用尺码,,3S-0,超余量,565,Cooper,32040508,MINI Convertible Convertible 2005-2008 US
MINI,Convertible,,,Convertible,,,gen2,2009-2010,跑车,3713,1684,1415,16706,SD1,1229,1347,1071,-106,3519,3S-0,507,,,,Cooper,32040910,MINI Convertible Convertible 2009-2010 US
MINI,Convertible,,,Convertible,,,gen2,2011-2015,跑车,3729,1684,1415,20135,SD1,1229,1347,1071,-106,3534,3S-0,491,,,,Cooper | Cooper Countryman | Cooper Paceman,32041115,MINI Convertible Convertible 2011-2015 US
MINI,Convertible,,,Convertible,,,gen3,2016-2023,跑车,3861,1727,1415,26304,SD1,1261,1382,1089,-89,3697,3S-0,359,,,,Cooper | Cooper Clubman | Cooper Countryman | Cooper Paceman,32041623,MINI Convertible Convertible 2016-2023 US
MINI,Convertible,,,Convertible,,,gen4,2024,跑车,3881,1727,1415,2500,SD1,1261,1382,1089,-89,3715,3S-0,339,,,,Cooper | Cooper Clubman | Cooper Countryman,32042424,MINI Convertible Convertible 2024 US
MINI,Convertible,,,Convertible,,,gen4,2025-2026,跑车,3881,1745,1430,5400,SD1,1274,1396,1108,-82,3732,3S-0,339,,,,Cooper | Cooper Countryman,32042526,MINI Convertible Convertible 2025-2026 US
MINI,Convertible,,JCW,Convertible,,,gen2,2011-2015,跑车,3729,1684,1415,4316,SD1,1229,1347,1071,-106,3534,3S-0,491,,,,Cooper | Cooper Countryman | Cooper Paceman,32041115,MINI Convertible JCW Convertible 2011-2015 US
MINI,Convertible,,JCW,Convertible,,,gen3,2016-2023,跑车,3861,1727,1415,5636,SD1,1261,1382,1089,-89,3697,3S-0,359,,,,Cooper | Cooper Clubman | Cooper Countryman | Cooper Paceman,32041623,MINI Convertible JCW Convertible 2016-2023 US
MINI,Cooper,,2dr,Hatchback,,,gen3,2014,两厢车,3838,1727,1415,33467,H0,1240,1264,1096,-124,3620,2L,302,,,,,32001414,MINI Cooper 2dr Hatchback 2014 US
MINI,Cooper,,2dr,Hatchback,,,gen3,2015-2023,两厢车,3861,1727,1415,116938,H0,1240,1264,1096,-124,3641,2L,279,,,,,32001523,MINI Cooper 2dr Hatchback 2015-2023 US
MINI,Cooper,,2dr,Hatchback,,,gen4,2025-2026,两厢车,3881,1745,1453,31500,H0,1253,1277,1134,-118,3676,2L,259,,,,,32002526,MINI Cooper 2dr Hatchback 2025-2026 US
MINI,Cooper,,2dr S,Hatchback,,,gen3,2024,两厢车,3881,1727,1415,4623,H0,1240,1264,1096,-124,3659,2L,259,,,,Cooper,32002424,MINI Cooper 2dr S Hatchback 2024 US
MINI,Cooper,,2dr SE,Hatchback,,,gen3,2024,两厢车,3853,1727,1433,4623,H0,1240,1264,1110,-124,3634,2L,287,,,,Cooper,32002424,MINI Cooper 2dr SE Hatchback 2024 US
MINI,Cooper,,4dr,Hatchback,,,gen3,2015-2023,两厢车,3998,1727,1425,116935,H0,1240,1264,1104,-124,3767,2L,142,,,,,32001523,MINI Cooper 4dr Hatchback 2015-2023 US
MINI,Cooper,,4dr S,Hatchback,,,gen3,2024,两厢车,4041,1727,1425,4623,H0,1240,1264,1104,-124,3807,2L,99,,,,Cooper,32002424,MINI Cooper 4dr S Hatchback 2024 US
MINI,Cooper,,,Hatchback,,,gen1,2002-2006,两厢车,3655,1689,1427,176623,H0,1213,1236,1090,-138,3416,2L,485,,,,Cooper,32000206,MINI Cooper Hatchback 2002-2006 US
MINI,Cooper,,,Hatchback,,,gen2,2007-2010,两厢车,3713,1684,1410,186957,H0,1209,1233,1074,-140,3465,2L,427,,,,Cooper,32000710,MINI Cooper Hatchback 2007-2010 US
MINI,Cooper,,,Hatchback,,,gen2,2011-2013,两厢车,3729,1684,1415,135488,H0,1209,1233,1078,-140,3480,2L,411,,,,Cooper | Cooper Countryman | Cooper Paceman,32001113,MINI Cooper Hatchback 2011-2013 US
MINI,Cooper SE,,,Hatchback,,,gen3,2020-2024,两厢车,3853,1727,1433,13338,H0,1240,1264,1110,-124,3634,2L,287,,,,Cooper | Cooper Clubman | Cooper Countryman,32072024,MINI Cooper SE Hatchback 2020-2024 US
MINI,Countryman,,JCW,SUV,,,gen1,2016,越野车,4143,1788,1562,12706,SU2,1252,1484,1183,-66,3986,YM,487,,,,Cooper Countryman,32031616,MINI Countryman JCW SUV 2016 US
MINI,Countryman,,,SUV,,,gen1,2011-2015,越野车,4110,1788,1562,90205,SU2,1252,1484,1183,-66,3956,YM,520,,,,Cooper Countryman,32031115,MINI Countryman SUV 2011-2015 US
MINI,Countryman,,,SUV,,,gen2,2017-2024,越野车,4313,1821,1557,109639,SU2,1275,1511,1192,-54,4174,YM,317,,,,Cooper Countryman,32031724,MINI Countryman SUV 2017-2024 US
MINI,Countryman,,,SUV,,,gen3,2025-2026,越野车,4448,1844,1656,26500,SU2,1291,1531,1279,-44,4320,YM,182,,,,Cooper Countryman | Countryman,32032526,MINI Countryman SUV 2025-2026 US
MINI,Coupe,,,Coupe,,,gen1,2012-2015,跑车,3759,1684,1384,6836,SD0,1196,1138,1273,-166,3437,3S-0,461,,,,Cooper,32091215,MINI Coupe Coupe 2012-2015 US
MINI,Hardtop,,2dr,Hatchback,,,gen1,2002-2006,两厢车,3655,1689,1427,156480,H0,1213,1236,1090,-138,3416,2L,485,,,,Cooper,32020206,MINI Hardtop 2dr Hatchback 2002-2006 US
MINI,Hardtop,,2dr,Hatchback,,,gen2,2007-2008,两厢车,3713,1684,1407,75884,H0,1209,1233,1072,-140,3465,2L,427,,,,Cooper,32020708,MINI Hardtop 2dr Hatchback 2007-2008 US
MINI,Hardtop,,2dr,Hatchback,,,gen2,2009,两厢车,3698,1684,1407,36935,H0,1209,1233,1072,-140,3451,2L,442,,,,Cooper,32020909,MINI Hardtop 2dr Hatchback 2009 US
MINI,Hardtop,,2dr,Hatchback,,,gen2,2010,两厢车,3713,1684,1407,37228,H0,1209,1233,1072,-140,3465,2L,427,,,,Cooper,32021010,MINI Hardtop 2dr Hatchback 2010 US
MINI,Hardtop,,2dr,Hatchback,,,gen2,2011,两厢车,3713,1684,1415,32510,H0,1209,1233,1078,-140,3465,2L,427,,,,Cooper,32021111,MINI Hardtop 2dr Hatchback 2011 US
MINI,Hardtop,,2dr,Hatchback,,,gen2,2012,两厢车,3724,1684,1407,33764,H0,1209,1233,1072,-140,3475,2L,416,,,,Cooper,32021212,MINI Hardtop 2dr Hatchback 2012 US
MINI,Hardtop,,2dr,Hatchback,,,gen2,2013,两厢车,3729,1684,1415,30163,H0,1209,1233,1078,-140,3480,2L,411,,,,Cooper,32021313,MINI Hardtop 2dr Hatchback 2013 US
MINI,Hardtop,,2dr,Hatchback,,,gen3,2014-2015,两厢车,3838,1727,1415,35018,H0,1240,1264,1096,-124,3620,2L,302,,,,Cooper,32021415,MINI Hardtop 2dr Hatchback 2014-2015 US
MINI,Hardtop,,2dr,Hatchback,,,gen3,2016-2019,两厢车,3874,1727,1415,32750,H0,1240,1264,1096,-124,3653,2L,266,,,,Cooper,32021619,MINI Hardtop 2dr Hatchback 2016-2019 US
MINI,Hardtop,,2dr,Hatchback,,,gen3,2020,两厢车,3846,1727,1433,5500,H0,1240,1264,1110,-124,3627,2L,294,,,,Cooper,32022020,MINI Hardtop 2dr Hatchback 2020 US
MINI,Hardtop,,2dr,Hatchback,,,gen3,2021-2024,两厢车,3881,1727,1433,25000,H0,1240,1264,1110,-124,3659,2L,259,,,,Cooper,32022124,MINI Hardtop 2dr Hatchback 2021-2024 US
MINI,Hardtop,,4dr,Hatchback,,,gen3,2015,两厢车,3998,1727,1425,13017,H0,1240,1264,1104,-124,3767,2L,142,,,,Cooper,32021515,MINI Hardtop 4dr Hatchback 2015 US
MINI,Hardtop,,4dr,Hatchback,,,gen3,2016-2024,两厢车,4041,1727,1425,63250,H0,1240,1264,1104,-124,3807,2L,99,,,,Cooper,32021624,MINI Hardtop 4dr Hatchback 2016-2024 US
MINI,Hatchback,,2dr Cooper SE,Hatchback,,,gen3,2020-2024,两厢车,3881,1727,1433,10375,H0,1240,1264,1110,-124,3659,2L,259,,,,Cooper,32012024,MINI Hatchback 2dr Cooper SE Hatchback 2020-2024 US
MINI,Hatchback,,2dr,Hatchback,,,gen1,2002-2006,两厢车,3655,1689,1427,176913,H0,1213,1236,1090,-138,3416,2L,485,,,,Cooper,32010206,MINI Hatchback 2dr Hatchback 2002-2006 US
MINI,Hatchback,,2dr,Hatchback,,,gen2,2007-2013,两厢车,3729,1684,1415,308957,H0,1209,1233,1078,-140,3480,2L,411,,,,Cooper,32010713,MINI Hatchback 2dr Hatchback 2007-2013 US
MINI,Hatchback,,2dr,Hatchback,,,gen3,2014-2024,两厢车,3881,1727,1433,70731,H0,1240,1264,1110,-124,3659,2L,259,,,,Cooper,32011424,MINI Hatchback 2dr Hatchback 2014-2024 US
MINI,Hatchback,,4dr,Hatchback,,,gen3,2015-2024,两厢车,4034,1727,1425,40728,H0,1240,1264,1104,-124,3800,2L,106,,,,Cooper,32011524,MINI Hatchback 4dr Hatchback 2015-2024 US
MINI,Paceman,,JCW ALL4,Crossover,,,gen1,2016,越野车,4125,1786,1527,85,SU1,1307,1332,1210,-90,3968,YM,505,,,,,32061616,MINI Paceman JCW ALL4 Crossover 2016 US
MINI,Paceman,,,SUV,,,gen1,2013-2015,越野车,4115,1786,1521,16737,SU1,1307,1332,1205,-90,3958,YM,515,,,,,32061315,MINI Paceman SUV 2013-2015 US
MINI,Roadster,,,Convertible,,,gen1,2012-2014,跑车,3734,1684,1389,6614,SD0,1196,1138,1278,-166,3414,3S-0,486,,,,,32081214,MINI Roadster Convertible 2012-2014 US
MINI,Roadster,,JCW,Convertible,,,gen1,2015,跑车,3759,1684,1392,1103,SD0,1196,1138,1281,-166,3437,3S-0,461,,,,Cooper,32081515,MINI Roadster JCW Convertible 2015 US
Maserati,Ghibli,,,Sedan,,,gen1,2014-2017,三厢车,4971,1951,1460,22278,SD1,1424,1561,1215,-4,4937,3XL-0,79,,,,Ghibli,43001417,Maserati Ghibli Sedan 2014-2017 US
Maserati,Ghibli,,,Sedan,,,gen1,2018-2024,三厢车,4971,1946,1460,8669,SD1,1421,1557,1213,-6,4933,3XL-0,79,,,,Ghibli,43001824,Maserati Ghibli Sedan 2018-2024 US
Maserati,GranTurismo,,,Convertible,,,gen1,2019,跑车,4910,1915,1354,180,SD0,1360,1295,1351,-86,4690,3XL-0,140,,,,GranTurismo,43041919,Maserati GranTurismo Convertible 2019 US
Maserati,GranTurismo,,,Coupe,,,gen1,2008-2014,跑车,4882,1915,1354,6300,SD0,1360,1295,1351,-86,4665,3XL-0,168,,,,GranTurismo,43040814,Maserati GranTurismo Coupe 2008-2014 US
Maserati,GranTurismo,,,Coupe,,,gen1,2015-2016,跑车,4933,1915,1346,949,SD0,1360,1295,1344,-86,4711,3XL-0,117,,,,GranTurismo,43041516,Maserati GranTurismo Coupe 2015-2016 US
Maserati,GranTurismo,,,Coupe,,,gen1,2017-2018,跑车,4933,1915,1354,1202,SD0,1360,1295,1351,-86,4711,3XL-0,117,,,,GranTurismo,43041718,Maserati GranTurismo Coupe 2017-2018 US
Maserati,GranTurismo,,,Coupe,,,gen2,2024-2026,跑车,4958,1956,1354,950,SD0,1389,1322,1370,-72,4771,3XL-0,92,,,,GranTurismo,43042426,Maserati GranTurismo Coupe 2024-2026 US
Maserati,Grecale,,,SUV,,,gen1,2023-2024,越野车,4859,1979,1669,6200,SU0,1326,1385,1403,-72,4723,YXL,161,,,,Grecale,43032324,Maserati Grecale SUV 2023-2024 US
Maserati,Grecale,,,SUV,,,gen1,2025-2026,越野车,4864,1979,1674,4700,SU0,1326,1385,1407,-72,4727,YXL,156,,,,Grecale,43032526,Maserati Grecale SUV 2025-2026 US
Maserati,Levante,,,SUV,,,gen1,2017-2018,越野车,5004,1968,1679,6958,SU0,1319,1378,1407,-76,4845,YXL,16,,,,Levante,43021718,Maserati Levante SUV 2017-2018 US
Maserati,Levante,,,SUV,,,gen1,2019-2021,越野车,5019,1981,1699,8500,SU0,1327,1387,1428,-72,4870,YXL,1,,,,Levante,43021921,Maserati Levante SUV 2019-2021 US
Maserati,Levante,,,SUV,,,gen1,2022-2023,越野车,5019,1966,1699,5000,SU0,1317,1376,1422,-77,4856,YXL,1,,,,Levante,43022223,Maserati Levante SUV 2022-2023 US
Maserati,Levante,,,SUV,,,gen1,2024,越野车,5004,1968,1679,800,SU0,1319,1378,1407,-76,4845,YXL,16,,,,Levante,43022424,Maserati Levante SUV 2024 US
Maserati,MC20,,Cielo,Convertible,,,gen1,2023-2025,跑车,4669,1966,1222,176,SD0,1396,1329,1254,-69,4518,3L-0,71,,,,MC20,43052325,Maserati MC20 Cielo Convertible 2023-2025 US
Maserati,MC20,,,Coupe,,,gen1,2022-2025,跑车,4669,1966,1222,1224,SD0,1396,1329,1254,-69,4518,3L-0,71,,,,MC20,43052225,Maserati MC20 Coupe 2022-2025 US
Maserati,Quattroporte,,,Sedan,,,gen5,2005-2008,三厢车,5052,1895,1438,7600,SD1,1383,1516,1175,-25,4961,3XXL-550,448,,,,Quattroporte,43010508,Maserati Quattroporte Sedan 2005-2008 US
Maserati,Quattroporte,,,Sedan,,,gen5,2009-2013,三厢车,5098,1895,1438,6200,SD1,1383,1516,1175,-25,5003,3XXL-550,402,,,,Quattroporte,43010913,Maserati Quattroporte Sedan 2009-2013 US
Maserati,Quattroporte,,,Sedan,,,gen6,2014-2024,三厢车,5263,1948,1481,11122,SD1,1422,1558,1231,-5,5206,3XXL-550,237,,,,Quattroporte,43011424,Maserati Quattroporte Sedan 2014-2024 US
Mazda,2,,,Hatchback,,,gen1,2011-2014,两厢车,3950,1694,1476,58922,H0,1216,1240,1132,-136,3692,2L,190,,,,2,21171114,Mazda 2 Hatchback 2011-2014 US
Mazda,3,,,Hatchback,,,gen1,2004-2006,两厢车,4486,1755,1466,43524,H0,1260,1285,1148,-114,4242,无可用尺码,,2L,超长,346,3,21010406,Mazda 3 Hatchback 2004-2006 US
Mazda,3,,,Hatchback,,,gen1,2007-2009,两厢车,4539,1755,1466,39784,H0,1260,1285,1148,-114,4290,无可用尺码,,2L,超长,399,3 | 3 Sport,21010709,Mazda 3 Hatchback 2007-2009 US
Mazda,3,,,Hatchback,,,gen2,2010-2013,两厢车,4506,1755,1471,224061,H0,1260,1285,1152,-114,4260,无可用尺码,,2L,超长,366,3 | 3 Sport,21011013,Mazda 3 Hatchback 2010-2013 US
Mazda,3,,,Hatchback,,,gen3,2014-2018,两厢车,4460,1796,1455,224048,H0,1290,1315,1156,-99,4256,无可用尺码,,2L,超长,320,3 | 3 Sport,21011418,Mazda 3 Hatchback 2014-2018 US
Mazda,3,,,Hatchback,,,gen4,2019-2026,两厢车,4460,1796,1440,140692,H0,1290,1315,1144,-99,4256,无可用尺码,,2L,超长,320,3 | 3 Sport,21011926,Mazda 3 Hatchback 2019-2026 US
Mazda,3,,,Sedan,,,gen1,2004-2009,三厢车,4539,1755,1466,83307,SD1,1281,1404,1141,-79,4353,3L,201,,,,3 | 3 Sport,21010409,Mazda 3 Sedan 2004-2009 US
Mazda,3,,,Sedan,,,gen2,2010-2013,三厢车,4590,1755,1471,224058,SD1,1281,1404,1145,-79,4401,3L,150,,,,3 | 3 Sport,21011013,Mazda 3 Sedan 2010-2013 US
Mazda,3,,,Sedan,,,gen3,2014-2018,三厢车,4580,1796,1455,224045,SD1,1311,1437,1149,-63,4430,3L,160,,,,3 | 3 Sport,21011418,Mazda 3 Sedan 2014-2018 US
Mazda,3,,,Sedan,,,gen4,2019-2026,三厢车,4661,1796,1445,140687,SD1,1311,1437,1141,-63,4505,3L,79,,,,3 | 3 Sport,21011926,Mazda 3 Sedan 2019-2026 US
Mazda,5,,,SUV,,,gen1,2006-2011,越野车,4610,1755,1631,106174,V0,1253,1279,1395,-117,4375,YM,20,,,,5,21130611,Mazda 5 SUV 2006-2011 US
Mazda,5,,,SUV,,,gen1,2012-2015,越野车,4585,1750,1615,50265,V0,1250,1276,1379,-118,4347,YM,45,,,,5,21131215,Mazda 5 SUV 2012-2015 US
Mazda,6,,,Hatchback,,,gen1,2003-2008,两厢车,4745,1781,1440,286847,H0,1279,1304,1138,-104,4504,无可用尺码,,5XL,超余量,555,6,21030308,Mazda 6 Hatchback 2003-2008 US
Mazda,6,,,Sedan,,,gen2,2009-2013,三厢车,4920,1839,1471,183633,SD1,1342,1471,1179,-47,4786,3XL-0,130,,,,6,21030913,Mazda 6 Sedan 2009-2013 US
Mazda,6,,,Sedan,,,gen3,2014-2017,三厢车,4864,1839,1450,190044,SD1,1342,1471,1162,-47,4734,3XL-0,186,,,,6,21031417,Mazda 6 Sedan 2014-2017 US
Mazda,6,,,Sedan,,,gen3,2018-2021,三厢车,4895,1839,1450,84880,SD1,1342,1471,1162,-47,4763,3XL-0,155,,,,6,21031821,Mazda 6 Sedan 2018-2021 US
Mazda,6,,,Wagon,,,gen1,2004-2007,两厢车,4770,1781,1455,142305,H2,1250,1336,1136,-104,4507,5XL,530,,,,6,21030407,Mazda 6 Wagon 2004-2007 US
Mazda,CX-3,,,SUV,,,gen1,2016-2019,越野车,4275,1768,1547,43587,SU1,1294,1319,1219,-97,4090,YM,355,,,,CX3,21181619,Mazda CX-3 SUV 2016-2019 US
Mazda,CX-3,,,SUV,,,gen1,2020-2021,越野车,4275,1768,1542,10879,SU1,1294,1319,1215,-97,4090,YM,355,,,,CX3,21182021,Mazda CX-3 SUV 2020-2021 US
Mazda,CX-30,,,SUV,,,gen1,2020,越野车,4394,1796,1567,38064,SU1,1315,1340,1247,-86,4226,YM,236,,,,CX30,21082020,Mazda CX-30 SUV 2020 US
Mazda,CX-30,,,SUV,,,gen1,2021,越野车,4394,1796,1580,60185,SU1,1315,1340,1257,-86,4226,YM,236,,,,CX30,21082121,Mazda CX-30 SUV 2021 US
Mazda,CX-30,,,SUV,,,gen1,2022-2024,越野车,4394,1796,1567,226398,SU1,1315,1340,1247,-86,4226,YM,236,,,,CX30,21082224,Mazda CX-30 SUV 2022-2024 US
Mazda,CX-30,,,SUV,,,gen1,2025,越野车,4394,1796,1580,56684,SU1,1315,1340,1257,-86,4226,YM,236,,,,CX30,21082525,Mazda CX-30 SUV 2025 US
Mazda,CX-30,,,SUV,,,gen1,2026,越野车,4394,1796,1560,21616,SU1,1315,1340,1241,-86,4226,YM,236,,,,CX30,21082626,Mazda CX-30 SUV 2026 US
Mazda,CX-5,,,SUV,,,gen1,2013-2016,越野车,4554,1839,1709,402351,SU1,1346,1372,1379,-70,4414,YM,76,,,,CX5,21001316,Mazda CX-5 SUV 2013-2016 US
Mazda,CX-5,,,SUV,,,gen2,2017-2025,越野车,4575,1844,1684,1323423,SU1,1350,1376,1361,-68,4438,YM,55,,,,CX5,21001725,Mazda CX-5 SUV 2017-2025 US
Mazda,CX-5,,,SUV,,,gen3,2026,越野车,4689,1859,1694,62691,SU1,1361,1387,1375,-63,4557,YL,161,,,,CX5,21002626,Mazda CX-5 SUV 2026 US
Mazda,CX-50,,,SUV,,,gen1,2023-2024,越野车,4719,1920,1623,126036,SU1,1405,1432,1342,-41,4641,YL,131,,,,CX50,21092324,Mazda CX-50 SUV 2023-2024 US
Mazda,CX-50,,,SUV,,,gen1,2025,越野车,4727,1920,1666,110345,SU1,1405,1432,1377,-41,4648,YL,123,,,,CX50,21092525,Mazda CX-50 SUV 2025 US
Mazda,CX-50,,,SUV,,,gen1,2026,越野车,4727,1920,1671,64819,SU1,1405,1432,1381,-41,4648,YL,123,,,,CX50,21092626,Mazda CX-50 SUV 2026 US
Mazda,CX-7,,,SUV,,,gen1,2007,越野车,4676,1872,1646,41659,SU0,1254,1310,1341,-109,4459,YL,174,,,,CX7,21120707,Mazda CX-7 SUV 2007 US
Mazda,CX-7,,,SUV,,,gen1,2008-2012,越野车,4681,1872,1646,125256,SU0,1254,1310,1341,-109,4463,YL,169,,,,CX7,21120812,Mazda CX-7 SUV 2008-2012 US
Mazda,CX-70,,,SUV,,,gen1,2025-2026,越野车,5100,1994,1745,22833,SU1,1460,1488,1471,-13,5062,无可用尺码,,YXL,超长,80,CX70,21192526,Mazda CX-70 SUV 2025-2026 US
Mazda,CX-9,,,SUV,,,gen1,2007,越野车,5070,1935,1735,25566,SU1,1416,1444,1439,-35,4980,无可用尺码,,YXL,超长,50,CX9,21070707,Mazda CX-9 SUV 2007 US
Mazda,CX-9,,,SUV,,,gen1,2008,越野车,5070,1935,1727,26100,SU1,1416,1444,1433,-35,4980,无可用尺码,,YXL,超长,50,CX9,21070808,Mazda CX-9 SUV 2008 US
Mazda,CX-9,,,SUV,,,gen1,2009-2010,越野车,5075,1935,1727,50040,SU1,1416,1444,1433,-35,4984,无可用尺码,,YXL,超长,55,CX9,21070910,Mazda CX-9 SUV 2009-2010 US
Mazda,CX-9,,,SUV,,,gen1,2011-2012,越野车,5085,1935,1727,58863,SU1,1416,1444,1433,-35,4994,无可用尺码,,YXL,超长,65,CX9,21071112,Mazda CX-9 SUV 2011-2012 US
Mazda,CX-9,,,SUV,,,gen1,2013-2015,越野车,5095,1935,1727,61172,SU1,1416,1444,1433,-35,5003,无可用尺码,,YXL,超长,75,CX9,21071315,Mazda CX-9 SUV 2013-2015 US
Mazda,CX-9,,,SUV,,,gen2,2016-2023,越野车,5065,1968,1753,211159,SU1,1441,1468,1467,-23,5006,无可用尺码,,YXL,超长,45,CX9,21071623,Mazda CX-9 SUV 2016-2023 US
Mazda,CX-90,,,SUV,,,gen1,2024-2025,越野车,5121,1971,1732,109832,SU1,1443,1470,1451,-22,5060,无可用尺码,,YXL,超长,101,CX90,21142425,Mazda CX-90 SUV 2024-2025 US
Mazda,CX-90,,,SUV,,,gen1,2026,越野车,5100,1994,1745,43000,SU1,1460,1488,1471,-13,5062,无可用尺码,,YXL,超长,80,CX90,21142626,Mazda CX-90 SUV 2026 US
Mazda,MX-30,,,SUV,,,gen1,2022-2023,越野车,4402,1796,1562,424,SU1,1315,1340,1243,-86,4233,YM,228,,,,MX30 EV,21212223,Mazda MX-30 SUV 2022-2023 US
Mazda,MX-5,,,Coupe,,,gen1,1990-1997,跑车,3947,1674,1224,190936,SD0,1189,1132,1123,-170,3598,3S-0,273,,,,Miata,21069097,Mazda MX-5 Coupe 1990-1997 US
Mazda,MX-5,,,Coupe,,,gen2,1999-2005,跑车,3945,1679,1229,96992,SD0,1192,1135,1130,-168,3601,3S-0,275,,,,Miata,21069905,Mazda MX-5 Coupe 1999-2005 US
Mazda,MX-5,,,Coupe,,,gen3,2006-2015,跑车,3995,1720,1255,88331,SD0,1221,1163,1173,-154,3684,3S-0,225,,,,MX5 | MX5 Miata,21060615,Mazda MX-5 Coupe 2006-2015 US
Mazda,MX-5,,,Coupe,,,gen4,2016-2026,跑车,3914,1735,1240,78552,SD0,1232,1173,1166,-149,3624,3S-0,306,,,,MX5 | MX5 Miata,21061626,Mazda MX-5 Coupe 2016-2026 US
Mazda,MX-5,,RF,Convertible,,,gen4,2017-2026,跑车,3914,1735,1245,14803,SD0,1232,1173,1170,-149,3624,3S-0,306,,,,MX5 | MX5 Miata,21061726,Mazda MX-5 RF Convertible 2017-2026 US
Mazda,MX-6,,,Coupe,,,gen1,1990-1992,跑车,4496,1689,1359,95000,SD0,1199,1142,1253,-165,4110,3M-0,64,,,,MX6,21119092,Mazda MX-6 Coupe 1990-1992 US
Mazda,MX-6,,,Coupe,,,gen2,1993-1997,跑车,4610,1750,1311,76500,SD0,1242,1183,1237,-144,4269,3L-0,130,,,,MX6,21119397,Mazda MX-6 Coupe 1993-1997 US
Mazda,Miata,,,Coupe,,,gen1,1990-1997,跑车,3947,1674,1224,190936,SD0,1189,1132,1123,-170,3598,3S-0,273,,,,Miata,21059097,Mazda Miata Coupe 1990-1997 US
Mazda,Miata,,,Coupe,,,gen2,1999-2005,跑车,3945,1679,1229,96992,SD0,1192,1135,1130,-168,3601,3S-0,275,,,,Miata,21059905,Mazda Miata Coupe 1999-2005 US
Mazda,Miata,,,Coupe,,,gen3,2006-2015,跑车,3995,1720,1245,88710,SD0,1221,1163,1163,-154,3684,3S-0,225,,,,MX5 | MX5 Miata,21050615,Mazda Miata Coupe 2006-2015 US
Mazda,Miata,,RF,Convertible,,,gen4,2017-2026,跑车,3914,1735,1245,44450,SD0,1232,1173,1170,-149,3624,3S-0,306,,,,MX5 | MX5 Miata,21051726,Mazda Miata RF Convertible 2017-2026 US
Mazda,Miata,,soft top,Convertible,,,gen4,2016-2026,跑车,3914,1735,1240,53950,SD0,1232,1173,1166,-149,3624,3S-0,306,,,,MX5 | MX5 Miata,21051626,Mazda Miata soft top Convertible 2016-2026 US
Mazda,Millenia,,,Sedan,,,gen1,1995-2000,三厢车,4821,1770,1394,105073,SD1,1292,1416,1089,-73,4630,3XL-0,229,,,,Millenia,21159500,Mazda Millenia Sedan 1995-2000 US
Mazda,Millenia,,,Sedan,,,gen1,2001-2002,三厢车,4867,1770,1394,37915,SD1,1292,1416,1089,-73,4672,3XL-0,183,,,,Millenia,21150102,Mazda Millenia Sedan 2001-2002 US
Mazda,Protege,,Protege5,Hatchback,,,gen3,2002-2003,两厢车,4331,1704,1468,26851,H0,1223,1247,1129,-132,4052,无可用尺码,,2L,超长,191,Protege,21020203,Mazda Protege Protege5 Hatchback 2002-2003 US
Mazda,Protege,,,Sedan,,,gen1,1990-1994,三厢车,4356,1674,1374,350174,SD2,1674,1674,1052,87,4530,3L,384,,,,Protege,21029094,Mazda Protege Sedan 1990-1994 US
Mazda,Protege,,,Sedan,,,gen2,1995-1998,三厢车,4440,1709,1420,234772,SD1,1248,1367,1086,-96,4219,3L,300,,,,Protege,21029598,Mazda Protege Sedan 1995-1998 US
Mazda,Protege,,,Sedan,,,gen3,1999-2000,三厢车,4420,1704,1410,128093,SD1,1244,1363,1075,-98,4195,3L,320,,,,Protege,21029900,Mazda Protege Sedan 1999-2000 US
Mazda,Protege,,,Sedan,,,gen3,2001-2003,三厢车,4453,1704,1410,203992,SD1,1244,1363,1075,-98,4226,3L,287,,,,Protege,21020103,Mazda Protege Sedan 2001-2003 US
Mazda,RX-7,,,Convertible,,,gen2,1986-1991,跑车,4315,1689,1265,155340,SD0,1199,1142,1168,-165,3946,3M-0,245,,,,RX7,21048691,Mazda RX-7 Convertible 1986-1991 US
Mazda,RX-7,,,Coupe,,,gen1,1979-1980,跑车,4293,1651,1270,98584,SD0,1172,1116,1155,-178,3891,3M-0,267,,,,RX7,21047980,Mazda RX-7 Coupe 1979-1980 US
Mazda,RX-7,,,Coupe,,,gen1,1981-1982,跑车,4285,1674,1260,92307,SD0,1189,1132,1156,-170,3905,3M-0,275,,,,RX7,21048182,Mazda RX-7 Coupe 1981-1982 US
Mazda,RX-7,,,Coupe,,,gen1,1983-1985,跑车,4321,1669,1260,162020,SD0,1185,1128,1154,-172,3933,3M-0,239,,,,RX7,21048385,Mazda RX-7 Coupe 1983-1985 US
Mazda,RX-7,,,Coupe,,,gen3,1993-1995,跑车,4280,1750,1229,8671,SD0,1242,1183,1163,-144,3969,3M-0,280,,,,RX7,21049395,Mazda RX-7 Coupe 1993-1995 US
Mazda,RX-8,,,Coupe,,,gen1,2009-2011,跑车,4460,1770,1341,4110,SD0,1257,1197,1273,-136,4151,3M-0,100,,,,RX8,21200911,Mazda RX-8 Coupe 2009-2011 US
Mazda,Speed3,,,Hatchback,,,gen1,2007-2009,两厢车,4465,1765,1466,39000,H0,1267,1292,1152,-110,4232,无可用尺码,,2L,超长,325,3 | 3 Sport,21160709,Mazda Speed3 Hatchback 2007-2009 US
Mazda,Speed3,,,Hatchback,,,gen2,2010-2013,两厢车,4511,1755,1466,44000,H0,1260,1285,1148,-114,4265,无可用尺码,,2L,超长,371,3 | 3 Sport,21161013,Mazda Speed3 Hatchback 2010-2013 US
Mazda,Tribute,,,SUV,,,gen1,2001-2004,越野车,4394,1826,1775,160547,SU2,1278,1516,1365,-52,4254,YM,236,,,,Tribute,21100104,Mazda Tribute SUV 2001-2004 US
Mazda,Tribute,,,SUV,,,gen1,2005-2006,越野车,4430,1829,1778,71409,SU2,1280,1518,1369,-50,4290,YM,200,,,,Tribute,21100506,Mazda Tribute SUV 2005-2006 US
Mazda,Tribute,,,SUV,,,gen2,2008,越野车,4442,1806,1720,11473,SU2,1264,1499,1314,-59,4279,YM,188,,,,Tribute,21100808,Mazda Tribute SUV 2008 US
Mazda,Tribute,,,SUV,,,gen2,2009,越野车,4442,1806,1778,14026,SU2,1264,1499,1360,-59,4279,YM,188,,,,Tribute,21100909,Mazda Tribute SUV 2009 US
Mazda,Tribute,,,SUV,,,gen2,2010-2011,越野车,4442,1806,1783,16326,SU2,1264,1499,1364,-59,4279,YM,188,,,,Tribute,21101011,Mazda Tribute SUV 2010-2011 US
Mercedes-Benz,190,,,Sedan,,,gen1,1984-1988,三厢车,4420,1679,1389,88987,SD2,1679,1679,1066,90,4599,3L,320,,,,190E,23138488,Mercedes-Benz 190 Sedan 1984-1988 US
Mercedes-Benz,190,,,Sedan,,,gen1,1989-1993,三厢车,4448,1689,1374,73682,SD2,1689,1689,1058,94,4637,3L,292,,,,190E,23138993,Mercedes-Benz 190 Sedan 1989-1993 US
Mercedes-Benz,A-Class,,AMG,Sedan,,,gen4,2020-2021,三厢车,4557,1796,1445,4137,SD1,1311,1437,1141,-63,4408,3L,183,,,,A200 | A220 | A250 | A35 AMG | A45 AMG S,23192021,Mercedes-Benz A-Class AMG Sedan 2020-2021 US
Mercedes-Benz,A-Class,,,Sedan,,,gen4,2019-2022,三厢车,4549,1796,1445,41079,SD1,1311,1437,1141,-63,4401,3L,191,,,,A200 | A220 | A250 | A35 AMG | A45 AMG S,23191922,Mercedes-Benz A-Class Sedan 2019-2022 US
Mercedes-Benz,B-Class,,,Hatchback,,,gen2,2014-2017,两厢车,4359,1786,1557,4056,H1,1286,1332,1247,-96,4135,无可用尺码,,2L,超长,219,B180 | B250 | B250e,23231417,Mercedes-Benz B-Class Hatchback 2014-2017 US
Mercedes-Benz,C-Class,,AMG,Coupe,,,gen3,2012-2015,跑车,4707,1770,1430,29215,SD1,1292,1416,1118,-73,4524,3L-0,33,,,,C180 | C200 | C250 | C300 | C350 | C400 | C63 AMG | C63 AMG S,23001215,Mercedes-Benz C-Class AMG Coupe 2012-2015 US
Mercedes-Benz,C-Class,,AMG,Sedan,,,gen1,1995,三厢车,4506,1720,1412,6176,SD1,1256,1376,1084,-92,4290,3L,234,,,,C220 | C280 | C36 AMG,23009595,Mercedes-Benz C-Class AMG Sedan 1995 US
Mercedes-Benz,C-Class,,AMG,Sedan,,,gen1,1996-2000,三厢车,4506,1720,1425,33732,SD1,1256,1376,1094,-92,4290,3L,234,,,,C220 | C230 | C280 | C36 AMG | C43 AMG,23009600,Mercedes-Benz C-Class AMG Sedan 1996-2000 US
Mercedes-Benz,C-Class,,AMG,Sedan,,,gen2,2002-2004,三厢车,4526,1727,1400,17583,SD1,1261,1382,1077,-89,4315,3L,214,,,,C200 | C230 | C240 | C32 AMG | C320,23000204,Mercedes-Benz C-Class AMG Sedan 2002-2004 US
Mercedes-Benz,C-Class,,AMG,Sedan,,,gen2,2005-2006,三厢车,4618,1727,1412,14209,SD1,1261,1382,1086,-89,4401,3L,122,,,,C230 | C240 | C280 | C320 | C350 | C55 AMG,23000506,Mercedes-Benz C-Class AMG Sedan 2005-2006 US
Mercedes-Benz,C-Class,,AMG,Sedan,,,gen3,2008-2011,三厢车,4724,1796,1438,44647,SD1,1311,1437,1135,-63,4564,3L,16,,,,C180 | C200 | C230 | C250 | C280 | C300 | C350 | C63 AMG,23000811,Mercedes-Benz C-Class AMG Sedan 2008-2011 US
Mercedes-Benz,C-Class,,AMG,Sedan,,,gen3,2012-2014,三厢车,4724,1796,1430,21618,SD1,1311,1437,1129,-63,4564,3L,16,,,,C180 | C200 | C250 | C300 | C350 | C63 AMG,23001214,Mercedes-Benz C-Class AMG Sedan 2012-2014 US
Mercedes-Benz,C-Class,,AMG,Sedan,,,gen4,2016-2021,三厢车,4750,1839,1435,17340,SD1,1342,1471,1150,-47,4628,3XL-0,300,,,,C180 | C200 | C250 | C300 | C350e | C43 AMG | C450 AMG | C63 AMG | C63 AMG S,23001621,Mercedes-Benz C-Class AMG Sedan 2016-2021 US
Mercedes-Benz,C-Class,,AMG,Sedan,,,gen5,2023,三厢车,4790,1890,1450,341,SD1,1380,1512,1183,-27,4712,3XL-0,260,,,,C200 | C300 | C43 AMG | C63 AMG S,23002323,Mercedes-Benz C-Class AMG Sedan 2023 US
Mercedes-Benz,C-Class,,AMG,Sedan,,,gen5,2024-2026,三厢车,4841,1890,1458,6289,SD1,1380,1512,1189,-27,4760,3XL-0,209,,,,C200 | C300 | C43 AMG | C63 AMG S E Performance,23002426,Mercedes-Benz C-Class AMG Sedan 2024-2026 US
Mercedes-Benz,C-Class,,,Convertible,,,gen4,2017-2023,跑车,4686,1819,1410,48653,SD1,1328,1455,1122,-54,4550,3L-0,54,,,,C180 | C200 | C250 | C300 | C350e | C43 AMG | C63 AMG | C63 AMG S,23001723,Mercedes-Benz C-Class Convertible 2017-2023 US
Mercedes-Benz,C-Class,,,Coupe,,,gen3,2012-2015,跑车,4590,1770,1417,136333,SD1,1292,1416,1108,-73,4415,3L-0,150,,,,C180 | C200 | C250 | C300 | C350 | C400 | C63 AMG | C63 AMG S,23001215,Mercedes-Benz C-Class Coupe 2012-2015 US
Mercedes-Benz,C-Class,,,Coupe,,,gen4,2016,跑车,4686,1811,1405,34850,SD1,1322,1449,1115,-57,4542,3L-0,54,,,,C180 | C200 | C250 | C300 | C350e | C450 AMG | C63 AMG | C63 AMG S,23001616,Mercedes-Benz C-Class Coupe 2016 US
Mercedes-Benz,C-Class,,,Coupe,,,gen4,2017-2023,跑车,4686,1819,1410,48652,SD1,1328,1455,1122,-54,4550,3L-0,54,,,,C180 | C200 | C250 | C300 | C350e | C43 AMG | C63 AMG | C63 AMG S,23001723,Mercedes-Benz C-Class Coupe 2017-2023 US
Mercedes-Benz,C-Class,,PHEV,Sedan,,,gen4,2015,三厢车,4686,1811,1443,7595,SD1,1322,1449,1145,-57,4542,3L,54,,,,C180 | C200 | C250 | C300 | C350 | C400 | C63 AMG | C63 AMG S,23001515,Mercedes-Benz C-Class PHEV Sedan 2015 US
Mercedes-Benz,C-Class,,,Sedan,,,gen1,1994-2000,三厢车,4506,1720,1425,216235,SD1,1256,1376,1094,-92,4290,3L,234,,,,C220 | C230 | C280 | C36 AMG | C43 AMG,23009400,Mercedes-Benz C-Class Sedan 1994-2000 US
Mercedes-Benz,C-Class,,,Sedan,,,gen2,2001-2007,三厢车,4526,1727,1425,263265,SD1,1261,1382,1097,-89,4315,3L,214,,,,C200 | C230 | C240 | C280 | C32 AMG | C320 | C350 | C55 AMG,23000107,Mercedes-Benz C-Class Sedan 2001-2007 US
Mercedes-Benz,C-Class,,,Sedan,,,gen3,2008-2014,三厢车,4592,1770,1430,309237,SD1,1292,1416,1118,-73,4417,3L,148,,,,C180 | C200 | C230 | C250 | C280 | C300 | C350 | C63 AMG,23000814,Mercedes-Benz C-Class Sedan 2008-2014 US
Mercedes-Benz,C-Class,,,Sedan,,,gen4,2015,三厢车,4686,1811,1443,35445,SD1,1322,1449,1145,-57,4542,3L,54,,,,C180 | C200 | C250 | C300 | C350 | C400 | C63 AMG | C63 AMG S,23001515,Mercedes-Benz C-Class Sedan 2015 US
Mercedes-Benz,C-Class,,,Sedan,,,gen4,2016-2018,三厢车,4686,1831,1445,77737,SD1,1337,1465,1155,-50,4561,3L,54,,,,C180 | C200 | C250 | C300 | C350e | C43 AMG | C450 AMG | C63 AMG | C63 AMG S,23001618,Mercedes-Benz C-Class Sedan 2016-2018 US
Mercedes-Benz,C-Class,,,Sedan,,,gen4,2019-2021,三厢车,4686,1811,1443,3185,SD1,1322,1449,1145,-57,4542,3L,54,,,,C180 | C200 | C300 | C43 AMG | C63 AMG | C63 AMG S,23001921,Mercedes-Benz C-Class Sedan 2019-2021 US
Mercedes-Benz,C-Class,,,Sedan,,,gen5,2022-2026,三厢车,4750,1890,1438,31925,SD1,1380,1512,1173,-27,4675,3XL-0,300,,,,C200 | C300 | C43 AMG | C63 AMG S | C63 AMG S E Performance,23002226,Mercedes-Benz C-Class Sedan 2022-2026 US
Mercedes-Benz,C-Class,,SportCoupe,Hatchback,,,gen2,2002-2005,两厢车,4343,1727,1407,22933,H0,1240,1264,1089,-124,4084,无可用尺码,,2L,超长,203,C200 | C230 | C240 | C32 AMG | C320 | C55 AMG,23000205,Mercedes-Benz C-Class SportCoupe Hatchback 2002-2005 US
Mercedes-Benz,C-Class,,,Wagon,,,gen2,2002-2005,两厢车,4544,1727,1466,107024,H2,1212,1295,1123,-123,4251,无可用尺码,,2L,超长,404,C200 | C230 | C240 | C32 AMG | C320 | C55 AMG,23000205,Mercedes-Benz C-Class Wagon 2002-2005 US
Mercedes-Benz,CL-Class,,AMG,Coupe,,,gen3,2008-2009,跑车,5085,1872,1417,697,SD0,1329,1265,1389,-102,4810,3XXL-520-0,115,,,,CL500 | CL550 | CL600 | CL63 AMG | CL65 AMG | CLK280 | CLK350 | CLK500 | CLK550 | CLK63 AMG | CLS350 | CLS500 | CLS550 | CLS63 AMG,23200809,Mercedes-Benz CL-Class AMG Coupe 2008-2009 US
Mercedes-Benz,CL-Class,,AMG,Coupe,,,gen3,2012-2013,跑车,5105,1872,1417,212,SD0,1329,1265,1389,-102,4828,3XXL-520-0,95,,,,CL500 | CL550 | CL600 | CL63 AMG | CL65 AMG | CLA200 | CLA250 | CLS350 | CLS500 | CLS550 | CLS63 AMG,23201213,Mercedes-Benz CL-Class AMG Coupe 2012-2013 US
Mercedes-Benz,CL-Class,,,Coupe,,,gen1,1998-1999,跑车,5065,1913,1445,5500,SD0,1358,1293,1433,-87,4829,3XXL-520-0,135,,,,CL500 | CL600 | CLK320 | CLK430,23209899,Mercedes-Benz CL-Class Coupe 1998-1999 US
Mercedes-Benz,CL-Class,,,Coupe,,,gen2,2000-2001,跑车,4994,1857,1397,7748,SD0,1318,1255,1364,-107,4714,3XL-0,56,,,,CL500 | CL55 AMG | CL600 | CLK320 | CLK430 | CLK55 AMG,23200001,Mercedes-Benz CL-Class Coupe 2000-2001 US
Mercedes-Benz,CL-Class,,,Coupe,,,gen2,2002,跑车,4994,1857,1422,3938,SD0,1318,1255,1387,-107,4714,3XL-0,56,,,,CL200 | CL230 | CL500 | CL55 AMG | CL600 | CLK320 | CLK430 | CLK55 AMG,23200202,Mercedes-Benz CL-Class Coupe 2002 US
Mercedes-Benz,CL-Class,,,Coupe,,,gen2,2003,跑车,4994,1857,1397,3377,SD0,1318,1255,1364,-107,4714,3XL-0,56,,,,CL200 | CL230 | CL500 | CL55 AMG | CL600 | CLK320 | CLK430 | CLK500 | CLK55 AMG,23200303,Mercedes-Benz CL-Class Coupe 2003 US
Mercedes-Benz,CL-Class,,,Coupe,,,gen2,2004-2005,跑车,4989,1857,1407,4003,SD0,1318,1255,1373,-107,4709,3XL-0,61,,,,CL230 | CL500 | CL55 AMG | CL600 | CL65 AMG | CLK320 | CLK500 | CLK55 AMG | CLS500,23200405,Mercedes-Benz CL-Class Coupe 2004-2005 US
Mercedes-Benz,CL-Class,,,Coupe,,,gen2,2006,跑车,4994,1857,1397,1312,SD0,1318,1255,1364,-107,4714,3XL-0,56,,,,CL500 | CL55 AMG | CL600 | CL65 AMG | CLK350 | CLK500 | CLK55 AMG | CLS500 | CLS55 AMG,23200606,Mercedes-Benz CL-Class Coupe 2006 US
Mercedes-Benz,CL-Class,,,Coupe,,,gen3,2007-2010,跑车,5065,1872,1417,7963,SD0,1329,1265,1389,-102,4792,3XXL-520-0,135,,,,CL500 | CL550 | CL600 | CL63 AMG | CL65 AMG | CLK280 | CLK350 | CLK500 | CLK550 | CLK63 AMG | CLS350 | CLS500 | CLS550 | CLS63 AMG,23200710,Mercedes-Benz CL-Class Coupe 2007-2010 US
Mercedes-Benz,CL-Class,,,Coupe,,,gen3,2011-2014,跑车,5095,1872,1417,2167,SD0,1329,1265,1389,-102,4819,3XXL-520-0,105,,,,CL500 | CL550 | CL600 | CL63 AMG | CL65 AMG | CLA200 | CLA250 | CLA45 AMG | CLS350 | CLS500 | CLS550 | CLS63 AMG | CLS63 AMG S,23201114,Mercedes-Benz CL-Class Coupe 2011-2014 US
Mercedes-Benz,CLA-Class,,AMG,Sedan,,,gen1,2014-2019,三厢车,4691,1778,1438,24427,SD1,1298,1422,1128,-70,4516,3L,49,,,,CLA180 | CLA200 | CLA250 | CLA45 AMG,23121419,Mercedes-Benz CLA-Class AMG Sedan 2014-2019 US
Mercedes-Benz,CLA-Class,,AMG,Sedan,,,gen2,2020-2026,三厢车,4694,1857,1407,7856,SD1,1356,1486,1135,-40,4592,3L,46,,,,CLA200 | CLA250 | CLA250+ | CLA35 AMG | CLA350 | CLA45 AMG | CLA45 AMG S,23122026,Mercedes-Benz CLA-Class AMG Sedan 2020-2026 US
Mercedes-Benz,CLA-Class,,,Sedan,,,gen1,2014-2019,三厢车,4630,1778,1438,113998,SD1,1298,1422,1128,-70,4459,3L,110,,,,CLA180 | CLA200 | CLA250 | CLA45 AMG,23121419,Mercedes-Benz CLA-Class Sedan 2014-2019 US
Mercedes-Benz,CLA-Class,,,Sedan,,,gen2,2020-2025,三厢车,4689,1829,1440,30565,SD1,1335,1463,1150,-50,4562,3L,51,,,,CLA200 | CLA250 | CLA35 AMG | CLA45 AMG | CLA45 AMG S,23122025,Mercedes-Benz CLA-Class Sedan 2020-2025 US
Mercedes-Benz,CLA-Class,,,Sedan,,,gen3,2026-2027,三厢车,4722,1854,1468,14094,SD1,1353,1483,1183,-41,4616,3L,18,,,,CLA200 | CLA220 | CLA250 | CLA250+ | CLA35 AMG | CLA350 | CLA45 AMG S,23122627,Mercedes-Benz CLA-Class Sedan 2026-2027 US
Mercedes-Benz,CLK-Class,,,Convertible,,,gen1,1999-2003,跑车,4577,1722,1346,45208,SD0,1223,1164,1256,-153,4213,3L-0,163,,,,CLK320 | CLK430 | CLK500 | CLK55 AMG,23119903,Mercedes-Benz CLK-Class Convertible 1999-2003 US
Mercedes-Benz,CLK-Class,,,Convertible,,,gen2,2004-2005,跑车,4638,1740,1382,40783,SD0,1235,1176,1297,-147,4285,3L-0,102,,,,CLK320 | CLK500 | CLK55 AMG,23110405,Mercedes-Benz CLK-Class Convertible 2004-2005 US
Mercedes-Benz,CLK-Class,,,Convertible,,,gen2,2006-2008,跑车,4653,1740,1382,21135,SD0,1235,1176,1297,-147,4298,3L-0,87,,,,CLK280 | CLK350 | CLK500 | CLK55 AMG | CLK550 | CLK63 AMG,23110608,Mercedes-Benz CLK-Class Convertible 2006-2008 US
Mercedes-Benz,CLK-Class,,,Convertible,,,gen2,2009,跑车,4653,1740,1412,3575,SD0,1235,1176,1324,-147,4298,3L-0,87,,,,CLK280 | CLK350 | CLK500 | CLK550 | CLK63 AMG,23110909,Mercedes-Benz CLK-Class Convertible 2009 US
Mercedes-Benz,CLK-Class,,,Coupe,,,gen1,1998-2003,跑车,4577,1722,1346,56828,SD0,1223,1164,1256,-153,4213,3L-0,163,,,,CLK320 | CLK430 | CLK500 | CLK55 AMG,23119803,Mercedes-Benz CLK-Class Coupe 1998-2003 US
Mercedes-Benz,CLK-Class,,,Coupe,,,gen2,2006-2008,跑车,4653,1740,1407,21133,SD0,1235,1176,1320,-147,4298,3L-0,87,,,,CLK280 | CLK350 | CLK500 | CLK55 AMG | CLK550 | CLK63 AMG,23110608,Mercedes-Benz CLK-Class Coupe 2006-2008 US
Mercedes-Benz,CLK-Class,,,Coupe,,,gen2,2009,跑车,4653,1740,1445,3575,SD0,1235,1176,1354,-147,4298,3L-0,87,,,,CLK280 | CLK350 | CLK500 | CLK550 | CLK63 AMG,23110909,Mercedes-Benz CLK-Class Coupe 2009 US
Mercedes-Benz,CLS-Class,,4dr coupe,Sedan,,,gen1,2006-2011,三厢车,4910,1872,1389,17388,SD0,1329,1265,1363,-102,4651,3XL-0,140,,,,CLS350 | CLS500 | CLS55 AMG | CLS550 | CLS63 AMG,23180611,Mercedes-Benz CLS-Class 4dr coupe Sedan 2006-2011 US
Mercedes-Benz,CLS-Class,,4dr coupe,Sedan,,,gen2,2012-2018,三厢车,4940,1882,1417,18086,SD0,1336,1272,1393,-98,4688,3XL-0,110,,,,CLS350 | CLS400 | CLS500 | CLS550 | CLS63 AMG | CLS63 AMG S,23181218,Mercedes-Benz CLS-Class 4dr coupe Sedan 2012-2018 US
Mercedes-Benz,CLS-Class,,4dr coupe,Sedan,,,gen3,2019-2023,三厢车,5057,1890,1438,8324,SD0,1342,1278,1416,-95,4801,3XXL-550,443,,,,CLS350 | CLS450 | CLS53 AMG,23181923,Mercedes-Benz CLS-Class 4dr coupe Sedan 2019-2023 US
Mercedes-Benz,CLS-Class,,AMG,Sedan,,,gen1,2006-2011,三厢车,4928,1872,1389,17383,SD0,1329,1265,1363,-102,4668,3XL-0,122,,,,CLS350 | CLS500 | CLS55 AMG | CLS550 | CLS63 AMG,23180611,Mercedes-Benz CLS-Class AMG Sedan 2006-2011 US
Mercedes-Benz,CLS-Class,,AMG,Sedan,,,gen2,2012-2018,三厢车,4996,1882,1407,18082,SD0,1336,1272,1384,-98,4738,3XL-0,54,,,,CLS350 | CLS400 | CLS500 | CLS550 | CLS63 AMG | CLS63 AMG S,23181218,Mercedes-Benz CLS-Class AMG Sedan 2012-2018 US
Mercedes-Benz,CLS-Class,,AMG,Sedan,,,gen3,2019-2021,三厢车,5057,1895,1422,2823,SD0,1345,1281,1404,-94,4805,3XXL-550,443,,,,CLS450 | CLS53 AMG,23181921,Mercedes-Benz CLS-Class AMG Sedan 2019-2021 US
Mercedes-Benz,E-Class,,AMG,Sedan,,,gen2,1999-2002,三厢车,4818,1798,1440,18681,SD1,1313,1438,1138,-62,4653,3XL-0,232,,,,E280 | E300 | E320 | E420 | E430 | E500 | E55 AMG,23019902,Mercedes-Benz E-Class AMG Sedan 1999-2002 US
Mercedes-Benz,E-Class,,AMG,Sedan,,,gen3,2003-2006,三厢车,4818,1811,1453,20827,SD1,1322,1449,1153,-57,4665,3XL-0,232,,,,E320 | E350 | E500 | E55 AMG,23010306,Mercedes-Benz E-Class AMG Sedan 2003-2006 US
Mercedes-Benz,E-Class,,AMG,Sedan,,,gen3,2007-2009,三厢车,4851,1821,1483,9264,SD1,1329,1457,1182,-54,4705,3XL-0,199,,,,E280 | E300 | E320 | E350 | E500 | E550 | E63 AMG,23010709,Mercedes-Benz E-Class AMG Sedan 2007-2009 US
Mercedes-Benz,E-Class,,AMG,Sedan,,,gen4,2010-2016,三厢车,4900,1872,1466,23844,SD1,1367,1498,1188,-34,4798,3XL-0,150,,,,E200 | E250 | E300 | E350 | E400 | E500 | E550 | E63 AMG | E63 AMG S,23011016,Mercedes-Benz E-Class AMG Sedan 2010-2016 US
Mercedes-Benz,E-Class,,AMG,Sedan,,,gen5,2017-2018,三厢车,4943,1852,1448,4844,SD1,1352,1482,1166,-42,4819,3XL-0,107,,,,E200 | E250 | E300 | E400 | E43 AMG | E500 | E550 | E63 AMG S,23011718,Mercedes-Benz E-Class AMG Sedan 2017-2018 US
Mercedes-Benz,E-Class,,AMG,Sedan,,,gen5,2019,三厢车,4958,1859,1448,2040,SD1,1357,1487,1169,-39,4840,3XL-0,92,,,,E200 | E250 | E300 | E400 | E43 AMG | E450 | E53 AMG | E63 AMG S,23011919,Mercedes-Benz E-Class AMG Sedan 2019 US
Mercedes-Benz,E-Class,,AMG,Sedan,,,gen5,2020-2022,三厢车,4989,1908,1448,3863,SD1,1393,1526,1188,-20,4914,3XL-0,61,,,,E200 | E300 | E350 | E350e | E43 AMG | E450 | E53 AMG | E63 AMG | E63 AMG S,23012022,Mercedes-Benz E-Class AMG Sedan 2020-2022 US
Mercedes-Benz,E-Class,,AMG,Sedan,,,gen5,2023,三厢车,4983,1908,1458,1111,SD1,1393,1526,1196,-20,4909,3XL-0,67,,,,E200 | E300 | E350 | E350e | E450 | E53 AMG | E63 AMG S,23012323,Mercedes-Benz E-Class AMG Sedan 2023 US
Mercedes-Benz,E-Class,,All-Terrain,Wagon,,,gen5,2021-2023,两厢车,4948,1872,1496,3596,H2,1314,1404,1205,-70,4754,5XL,352,,,,E200 | E300 | E350 | E350e | E450 | E53 AMG | E63 AMG | E63 AMG S,23012123,Mercedes-Benz E-Class All-Terrain Wagon 2021-2023 US
Mercedes-Benz,E-Class,,All-Terrain,Wagon,,,gen6,2024-2026,两厢车,4950,1890,1496,11779,H2,1327,1418,1213,-64,4772,5XL,350,,,,E200 | E350 | E350e | E450 | E53 AMG,23012426,Mercedes-Benz E-Class All-Terrain Wagon 2024-2026 US
Mercedes-Benz,E-Class,,Cabriolet,Convertible,,,gen4,2011-2017,跑车,4699,1786,1402,20429,SD1,1304,1429,1102,-67,4531,3L-0,41,,,,E200 | E250 | E300 | E350 | E400 | E43 AMG | E500 | E550 | E63 AMG | E63 AMG S,23011117,Mercedes-Benz E-Class Cabriolet Convertible 2011-2017 US
Mercedes-Benz,E-Class,,,Convertible,,,gen1,1994-1995,跑车,4671,1740,1394,20500,SD1,1270,1392,1077,-84,4462,3L-0,69,,,,E300 | E320 | E420 | E500,23019495,Mercedes-Benz E-Class Convertible 1994-1995 US
Mercedes-Benz,E-Class,,,Convertible,,,gen4,2011-2017,跑车,4699,1786,1397,95338,SD1,1304,1429,1098,-67,4531,3L-0,41,,,,E200 | E250 | E300 | E350 | E400 | E43 AMG | E500 | E550 | E63 AMG | E63 AMG S,23011117,Mercedes-Benz E-Class Convertible 2011-2017 US
Mercedes-Benz,E-Class,,,Convertible,,,gen5,2018-2023,跑车,4836,1859,1440,43752,SD1,1357,1487,1162,-39,4726,3XL-0,214,,,,E200 | E250 | E300 | E350 | E350e | E400 | E43 AMG | E450 | E53 AMG | E63 AMG | E63 AMG S,23011823,Mercedes-Benz E-Class Convertible 2018-2023 US
Mercedes-Benz,E-Class,,,Coupe,,,gen1,1994-1995,跑车,4671,1740,1394,20500,SD1,1270,1392,1077,-84,4462,3L-0,69,,,,E300 | E320 | E420 | E500,23019495,Mercedes-Benz E-Class Coupe 1994-1995 US
Mercedes-Benz,E-Class,,,Coupe,,,gen4,2010-2017,跑车,4699,1786,1397,122851,SD1,1304,1429,1098,-67,4531,3L-0,41,,,,E200 | E250 | E300 | E350 | E400 | E43 AMG | E500 | E550 | E63 AMG | E63 AMG S,23011017,Mercedes-Benz E-Class Coupe 2010-2017 US
Mercedes-Benz,E-Class,,,Coupe,,,gen5,2018-2023,跑车,4836,1859,1440,43750,SD1,1357,1487,1162,-39,4726,3XL-0,214,,,,E200 | E250 | E300 | E350 | E350e | E400 | E43 AMG | E450 | E53 AMG | E63 AMG | E63 AMG S,23011823,Mercedes-Benz E-Class Coupe 2018-2023 US
Mercedes-Benz,E-Class,,PHEV,Sedan,,,gen6,2024-2026,三厢车,4950,1880,1471,11779,SD1,1372,1504,1196,-31,4852,3XL-0,100,,,,E200 | E350 | E350e | E450 | E53 AMG,23012426,Mercedes-Benz E-Class PHEV Sedan 2024-2026 US
Mercedes-Benz,E-Class,,,Sedan,,,gen1,1994-1995,三厢车,4755,1740,1430,20500,SD1,1270,1392,1106,-84,4540,3XL-0,295,,,,E300 | E320 | E420 | E500,23019495,Mercedes-Benz E-Class Sedan 1994-1995 US
Mercedes-Benz,E-Class,,,Sedan,,,gen2,1996-2002,三厢车,4836,1798,1463,205181,SD1,1313,1438,1156,-62,4670,3XL-0,214,,,,E280 | E300 | E320 | E420 | E430 | E500 | E55 AMG,23019602,Mercedes-Benz E-Class Sedan 1996-2002 US
Mercedes-Benz,E-Class,,,Sedan,,,gen3,2003-2009,三厢车,4851,1821,1483,140427,SD1,1329,1457,1182,-54,4705,3XL-0,199,,,,E280 | E300 | E320 | E350 | E500 | E55 AMG | E550 | E63 AMG,23010309,Mercedes-Benz E-Class Sedan 2003-2009 US
Mercedes-Benz,E-Class,,,Sedan,,,gen4,2010-2016,三厢车,4879,1928,1471,111262,SD1,1407,1542,1215,-13,4831,3XL-0,171,,,,E200 | E250 | E300 | E350 | E400 | E500 | E550 | E63 AMG | E63 AMG S,23011016,Mercedes-Benz E-Class Sedan 2010-2016 US
Mercedes-Benz,E-Class,,,Sedan,,,gen5,2017-2023,三厢车,4935,1872,1468,55333,SD1,1367,1498,1190,-34,4831,3XL-0,115,,,,E200 | E250 | E300 | E350 | E350e | E400 | E43 AMG | E450 | E500 | E53 AMG | E550 | E63 AMG | E63 AMG S,23011723,Mercedes-Benz E-Class Sedan 2017-2023 US
Mercedes-Benz,E-Class,,,Sedan,,,gen6,2025-2026,三厢车,4950,1902,1471,13813,SD1,1388,1522,1205,-22,4872,3XL-0,100,,,,E200 | E350 | E350e | E450 | E53 AMG,23012526,Mercedes-Benz E-Class Sedan 2025-2026 US
Mercedes-Benz,E-Class,,,Wagon,,,gen1,1994-1995,两厢车,4780,1740,1519,20500,H2,1221,1305,1171,-118,4479,5XL,520,,,,E300 | E320 | E420 | E500,23019495,Mercedes-Benz E-Class Wagon 1994-1995 US
Mercedes-Benz,E-Class,,,Wagon,,,gen2,1998-2003,两厢车,4839,1798,1506,137328,H2,1262,1348,1184,-98,4586,5XL,461,,,,E280 | E300 | E320 | E420 | E430 | E500 | E55 AMG,23019803,Mercedes-Benz E-Class Wagon 1998-2003 US
Mercedes-Benz,E-Class,,,Wagon,,,gen3,2004-2009,两厢车,4884,1821,1506,115276,H2,1278,1366,1193,-89,4648,5XL,416,,,,E280 | E300 | E320 | E350 | E500 | E55 AMG | E550 | E63 AMG,23010409,Mercedes-Benz E-Class Wagon 2004-2009 US
Mercedes-Benz,E-Class,,,Wagon,,,gen4,2011-2016,两厢车,4895,1854,1496,83749,H2,1302,1390,1198,-77,4689,5XL,405,,,,E200 | E250 | E300 | E350 | E400 | E500 | E550 | E63 AMG | E63 AMG S,23011116,Mercedes-Benz E-Class Wagon 2011-2016 US
Mercedes-Benz,E-Class,,,Wagon,,,gen5,2017-2020,两厢车,4933,1872,1476,38550,H2,1314,1404,1189,-70,4740,5XL,367,,,,E200 | E250 | E300 | E350 | E400 | E43 AMG | E450 | E500 | E53 AMG | E550 | E63 AMG | E63 AMG S,23011720,Mercedes-Benz E-Class Wagon 2017-2020 US
Mercedes-Benz,E-Class,,,Wagon,,,gen6,2026,两厢车,4958,1902,1483,6053,H2,1335,1426,1207,-60,4791,5XL,342,,,,E200 | E350 | E350e | E450 | E53 AMG,23012626,Mercedes-Benz E-Class Wagon 2026 US
Mercedes-Benz,EQB,,,SUV,,,gen1,2022-2025,越野车,4684,1834,1666,26355,SU2,1284,1522,1283,-48,4529,YL,166,,,,EQB 250+ | EQB 300 | EQB 350,23212225,Mercedes-Benz EQB SUV 2022-2025 US
Mercedes-Benz,G-Class,,AMG,SUV,,,gen1,2003-2018,越野车,4762,1930,1953,32676,JP,1475,1307,1570,-54,4610,YL,88,,,,AMG GT | AMG GT C | AMG GT R | AMG GT S | G500 | G55 AMG | G550 | G550 4x4 | G63 AMG | G65 AMG,23170318,Mercedes-Benz G-Class AMG SUV 2003-2018 US
Mercedes-Benz,G-Class,,,SUV,,,gen2,2019-2026,越野车,4874,1984,1986,72499,JP,1516,1343,1618,-35,4761,YXL,146,,,,AMG GT | AMG GT 43 | AMG GT 53 | AMG GT 55 | AMG GT 63 | AMG GT 63 Pro | AMG GT 63 S | AMG GT 63 S E Performance | AMG GT Black Series | AMG GT C | AMG GT R | AMG GT R Pro | AMG GT S | G500 | G550 | G580 | G63 4x4 Squared AMG | G63 AMG,23171926,Mercedes-Benz G-Class SUV 2019-2026 US
Mercedes-Benz,GL-Class,,AMG,SUV,,,gen2,2013-2016,越野车,5146,1933,1849,114658,SU1,1415,1442,1531,-36,5048,无可用尺码,,YXL,超长,126,GL350 | GL450 | GL500 | GL550 | GL63 AMG | GLA180 | GLA200 | GLA250 | GLA45 AMG | GLC300 | GLE300d | GLE350 | GLE350d | GLE400 | GLE450 AMG | GLE500 | GLE550 | GLE550e | GLE63 AMG | GLE63 AMG S | GLK250 | GLK300 | GLK350,23081316,Mercedes-Benz GL-Class AMG SUV 2013-2016 US
Mercedes-Benz,GL-Class,,,SUV,,,gen1,2007-2012,越野车,5088,1920,1839,135860,SU1,1405,1432,1517,-41,4982,无可用尺码,,YXL,超长,68,GL320 | GL350 | GL450 | GL500 | GL550 | GLK280 | GLK300 | GLK350,23080712,Mercedes-Benz GL-Class SUV 2007-2012 US
Mercedes-Benz,GLA-Class,,AMG,SUV,,,gen1,2015-2019,越野车,4481,1803,1478,21266,SU1,1320,1345,1177,-84,4313,YM,149,,,,GLA180 | GLA200 | GLA250 | GLA45 AMG,23091519,Mercedes-Benz GLA-Class AMG SUV 2015-2019 US
Mercedes-Benz,GLA-Class,,AMG,SUV,,,gen2,2021-2026,越野车,4435,1849,1588,14028,SU1,1353,1379,1285,-67,4313,YM,195,,,,GLA200 | GLA250 | GLA35 AMG | GLA45 AMG,23092126,Mercedes-Benz GLA-Class AMG SUV 2021-2026 US
Mercedes-Benz,GLA-Class,,,SUV,,,gen1,2015-2020,越野车,4417,1803,1524,115757,SU1,1320,1345,1215,-84,4254,YM,213,,,,GLA180 | GLA200 | GLA250 | GLA45 AMG,23091520,Mercedes-Benz GLA-Class SUV 2015-2020 US
Mercedes-Benz,GLA-Class,,,SUV,,,gen2,2021-2026,越野车,4409,1834,1613,65459,SU1,1342,1368,1299,-72,4275,YM,221,,,,GLA200 | GLA250 | GLA35 AMG | GLA45 AMG,23092126,Mercedes-Benz GLA-Class SUV 2021-2026 US
Mercedes-Benz,GLB-Class,,,SUV,,,gen1,2020-2026,越野车,4633,1834,1661,123985,SU2,1284,1522,1279,-48,4482,YL,217,,,,GLB200 | GLB220 | GLB250 | GLB35 AMG,23162026,Mercedes-Benz GLB-Class SUV 2020-2026 US
Mercedes-Benz,GLC-Class,,AMG,Crossover,,,gen1,2017-2023,越野车,4732,1902,1600,67694,SU1,1392,1419,1316,-47,4636,YL,118,,,,,23061723,Mercedes-Benz GLC-Class AMG Crossover 2017-2023 US
Mercedes-Benz,GLC-Class,,AMG,Crossover,,,gen2,2024-2026,越野车,4765,1890,1613,13736,SU1,1383,1410,1322,-52,4656,YL,85,,,,,23062426,Mercedes-Benz GLC-Class AMG Crossover 2024-2026 US
Mercedes-Benz,GLC-Class,,,SUV,,,gen1,2016-2019,越野车,4656,1890,1638,205928,SU1,1383,1410,1342,-52,4555,YL,194,,,,GLC250 | GLC300 | GLC350e | GLC43 AMG | GLC63 AMG | GLC63 AMG S,23061619,Mercedes-Benz GLC-Class SUV 2016-2019 US
Mercedes-Benz,GLC-Class,,,SUV,,,gen1,2020-2022,越野车,4656,1900,1643,124619,SU1,1391,1417,1350,-48,4564,YL,194,,,,GLC300 | GLC300e | GLC350e | GLC43 AMG | GLC63 AMG | GLC63 AMG S,23062022,Mercedes-Benz GLC-Class SUV 2020-2022 US
Mercedes-Benz,GLC-Class,,,SUV,,,gen2,2023-2026,越野车,4717,1890,1641,97248,SU1,1383,1410,1345,-52,4611,YL,133,,,,GLC200 | GLC300 | GLC300e | GLC350e | GLC43 AMG | GLC63 AMG S E Performance,23062326,Mercedes-Benz GLC-Class SUV 2023-2026 US
Mercedes-Benz,GLE-Class,,,Coupe,,,gen1,2016-2019,跑车,4892,2004,1720,100531,SU1,1467,1495,1455,-10,4879,3XL-0,158,,,,GLE300d | GLE350 | GLE350d | GLE400 | GLE43 AMG | GLE450 | GLE450 AMG | GLE500 | GLE500e | GLE550 | GLE550e | GLE63 AMG | GLE63 AMG S,23051619,Mercedes-Benz GLE-Class Coupe 2016-2019 US
Mercedes-Benz,GLE-Class,,,Coupe,,,gen2,2021-2026,跑车,4961,2017,1720,158827,SU1,1476,1505,1460,-5,4955,3XL-0,89,,,,GLE350 | GLE400e | GLE450 | GLE450 SUV | GLE450e | GLE53 AMG | GLE53 AMG SUV | GLE580 | GLE63 AMG | GLE63 AMG S | GLE63 AMG S SUV,23052126,Mercedes-Benz GLE-Class Coupe 2021-2026 US
Mercedes-Benz,GLE-Class,,,SUV,,,gen1,2016-2019,越野车,4803,1925,1796,100529,SU1,1409,1436,1484,-39,4723,YL,47,,,,GLE300d | GLE350 | GLE350d | GLE400 | GLE43 AMG | GLE450 | GLE450 AMG | GLE500 | GLE500e | GLE550 | GLE550e | GLE63 AMG | GLE63 AMG S,23051619,Mercedes-Benz GLE-Class SUV 2016-2019 US
Mercedes-Benz,GLE-Class,,,SUV,,,gen2,2020-2026,越野车,4935,1948,1798,206977,SU1,1426,1453,1495,-30,4867,YXL,85,,,,GLE350 | GLE400e | GLE43 AMG | GLE450 | GLE450 SUV | GLE450e | GLE53 AMG | GLE53 AMG SUV | GLE580 | GLE63 AMG | GLE63 AMG S | GLE63 AMG S SUV,23052026,Mercedes-Benz GLE-Class SUV 2020-2026 US
Mercedes-Benz,GLK-Class,,,SUV,,,gen1,2011-2015,越野车,4529,1887,1699,144461,SU2,1321,1566,1330,-28,4435,YM,101,,,,GLK250 | GLK300 | GLK350,23141115,Mercedes-Benz GLK-Class SUV 2011-2015 US
Mercedes-Benz,GLS-Class,,AMG,SUV,,,gen2,2017-2019,越野车,5146,1933,1849,76444,SU1,1415,1442,1531,-36,5048,无可用尺码,,YXL,超长,126,GLS350d | GLS450 | GLS500 | GLS550 | GLS63 AMG,23101719,Mercedes-Benz GLS-Class AMG SUV 2017-2019 US
Mercedes-Benz,GLS-Class,,AMG,SUV,,,gen3,2020-2026,越野车,5243,2029,1824,130393,SU1,1485,1514,1549,0,5227,无可用尺码,,YXL,超长,223,GLS450 | GLS580 | GLS63 AMG,23102026,Mercedes-Benz GLS-Class AMG SUV 2020-2026 US
Mercedes-Benz,M-Class,,AMG,SUV,,,gen2,2010-2011,越野车,4780,1951,1862,10779,SU1,1428,1455,1548,-29,4726,YL,70,,,,ML350 | ML450 | ML500 | ML550 | ML63 AMG,23021011,Mercedes-Benz M-Class AMG SUV 2010-2011 US
Mercedes-Benz,M-Class,,Diesel,SUV,,,gen2,2008-2010,越野车,4788,1910,1816,15064,SU1,1398,1425,1495,-44,4696,YL,62,,,,ML320 | ML350 | ML450 | ML500 | ML550 | ML63 AMG,23020810,Mercedes-Benz M-Class Diesel SUV 2008-2010 US
Mercedes-Benz,M-Class,,,SUV,,,gen1,1998-2001,越野车,4587,1834,1775,186759,SU1,1342,1368,1431,-72,4439,YM,43,,,,ML320 | ML430 | ML55 AMG,23029801,Mercedes-Benz M-Class SUV 1998-2001 US
Mercedes-Benz,M-Class,,,SUV,,,gen1,2002-2005,越野车,4638,1839,1821,130336,SU1,1346,1372,1470,-70,4491,YL,212,,,,ML320 | ML350 | ML500 | ML55 AMG,23020205,Mercedes-Benz M-Class SUV 2002-2005 US
Mercedes-Benz,M-Class,,,SUV,,,gen2,2006-2007,越野车,4788,1910,1773,65511,SU1,1398,1425,1460,-44,4696,YL,62,,,,ML320 | ML350 | ML500 | ML63 AMG,23020607,Mercedes-Benz M-Class SUV 2006-2007 US
Mercedes-Benz,M-Class,,,SUV,,,gen2,2008-2011,越野车,4788,1910,1816,99809,SU1,1398,1425,1495,-44,4696,YL,62,,,,ML320 | ML350 | ML450 | ML500 | ML550 | ML63 AMG,23020811,Mercedes-Benz M-Class SUV 2008-2011 US
Mercedes-Benz,M-Class,,,SUV,,,gen3,2012-2015,越野车,4803,1925,1796,179370,SU1,1409,1436,1484,-39,4723,YL,47,,,,ML250 | ML350 | ML400 | ML500 | ML550 | ML63 AMG,23021215,Mercedes-Benz M-Class SUV 2012-2015 US
Mercedes-Benz,ML-Class,,,SUV,,,gen1,1998-2001,越野车,4587,1834,1775,186759,SU2,1284,1522,1369,-48,4439,YM,43,,,,ML320 | ML430 | ML55 AMG,23039801,Mercedes-Benz ML-Class SUV 1998-2001 US
Mercedes-Benz,ML-Class,,,SUV,,,gen1,2002-2005,越野车,4638,1839,1821,130336,SU2,1287,1526,1407,-47,4491,YL,212,,,,ML320 | ML350 | ML500 | ML55 AMG,23030205,Mercedes-Benz ML-Class SUV 2002-2005 US
Mercedes-Benz,ML-Class,,,SUV,,,gen2,2006-2011,越野车,4788,1910,1816,191163,SU1,1398,1425,1495,-44,4696,YL,62,,,,ML320 | ML350 | ML450 | ML500 | ML550 | ML63 AMG,23030611,Mercedes-Benz ML-Class SUV 2006-2011 US
Mercedes-Benz,ML-Class,,,SUV,,,gen3,2012-2015,越野车,4803,1925,1796,179370,SU1,1409,1436,1484,-39,4723,YL,47,,,,ML250 | ML350 | ML400 | ML500 | ML550 | ML63 AMG,23031215,Mercedes-Benz ML-Class SUV 2012-2015 US
Mercedes-Benz,S-Class,,AMG,Sedan,,,gen2,2001-2006,三厢车,5164,1857,1453,23437,SD1,1356,1486,1172,-40,5030,3XXL-550,336,,,,S350 | S430 | S500 | S55 AMG | S600 | S65 AMG,23040106,Mercedes-Benz S-Class AMG Sedan 2001-2006 US
Mercedes-Benz,S-Class,,AMG,Sedan,,,gen3,2007-2013,三厢车,5245,1872,1473,18711,SD1,1367,1498,1194,-34,5119,3XXL-550,255,,,,S350 | S400 | S450 | S500 | S550 | S600 | S63 AMG | S65 AMG,23040713,Mercedes-Benz S-Class AMG Sedan 2007-2013 US
Mercedes-Benz,S-Class,,AMG,Sedan,,,gen4,2014,三厢车,5286,1930,1499,4460,SD1,1409,1544,1238,-12,5211,3XXL-550,214,,,,S400 | S500 | S550 | S63 AMG,23041414,Mercedes-Benz S-Class AMG Sedan 2014 US
Mercedes-Benz,S-Class,,AMG,Sedan,,,gen4,2015-2016,三厢车,5245,1900,1491,3594,SD1,1387,1520,1220,-23,5145,3XXL-550,255,,,,Maybach S600 | S400 | S400L | S500 | S500L | S550 | S550e | S600 | S600L | S63 AMG | S63L AMG | S65 AMG | S65L AMG,23041516,Mercedes-Benz S-Class AMG Sedan 2015-2016 US
Mercedes-Benz,S-Class,,AMG,Sedan,,,gen4,2017,三厢车,5286,1905,1499,1288,SD1,1391,1524,1228,-21,5188,3XXL-550,214,,,,Maybach S550 | Maybach S600 | S400L | S500 | S500L | S550 | S550e | S600 | S600L | S63 AMG | S63L AMG | S65 AMG | S65L AMG,23041717,Mercedes-Benz S-Class AMG Sedan 2017 US
Mercedes-Benz,S-Class,,AMG,Sedan,,,gen4,2018-2019,三厢车,5296,1905,1499,1672,SD1,1391,1524,1228,-21,5197,3XXL-550,204,,,,Maybach S560 | Maybach S650 | S400L | S450 | S450L | S500 | S500L | S560 | S560L | S560e | S600L | S63 AMG | S65 AMG,23041819,Mercedes-Benz S-Class AMG Sedan 2018-2019 US
Mercedes-Benz,S-Class,,AMG,Sedan,,,gen4,2020,三厢车,5296,1930,1499,537,SD1,1409,1544,1238,-12,5220,3XXL-550,204,,,,Maybach S560 | Maybach S650 | S450 | S450L | S560 | S560L | S560e | S600L | S63 AMG | S65 AMG,23042020,Mercedes-Benz S-Class AMG Sedan 2020 US
Mercedes-Benz,S-Class,,AMG,Sedan,,,gen5,2023-2025,三厢车,5337,1920,1514,7485,SD1,1402,1536,1247,-16,5249,3XXL-550,163,,,,Maybach S580 | Maybach S680 | S450L | S500 | S580 | S580e | S63 AMG E Performance,23042325,Mercedes-Benz S-Class AMG Sedan 2023-2025 US
Mercedes-Benz,S-Class,,AMG,Sedan,,,gen5,2026,三厢车,5337,1920,1504,1098,SD1,1402,1536,1238,-16,5249,3XXL-550,163,,,,Maybach S580 | Maybach S680 | Maybach SL680 | S450L | S500 | S580 | S580e | S63 AMG E Performance,23042626,Mercedes-Benz S-Class AMG Sedan 2026 US
Mercedes-Benz,S-Class,,,Convertible,,,gen4,2018,跑车,5032,1900,1417,4369,SD1,1387,1520,1160,-23,4947,3XL-0,18,,,,Maybach S560 | Maybach S650 | S400L | S450 | S500 | S500L | S560 | S600L | S63 AMG | S65 AMG,23041818,Mercedes-Benz S-Class Convertible 2018 US
Mercedes-Benz,S-Class,,,Convertible,,,gen4,2019,跑车,5052,1900,1427,3432,SD1,1387,1520,1168,-23,4965,3XXL-520-0,148,,,,Maybach S560 | Maybach S650 | S450 | S450L | S560 | S560L | S560e | S600L | S63 AMG | S65 AMG,23041919,Mercedes-Benz S-Class Convertible 2019 US
Mercedes-Benz,S-Class,,,Convertible,,,gen4,2020,跑车,5032,1900,1417,2505,SD1,1387,1520,1160,-23,4947,3XL-0,18,,,,Maybach S560 | Maybach S650 | S450 | S450L | S560 | S560L | S560e | S600L | S63 AMG | S65 AMG,23042020,Mercedes-Benz S-Class Convertible 2020 US
Mercedes-Benz,S-Class,,,Coupe,,,gen1,1994-1995,跑车,5065,1913,1453,17500,SD2,1913,1913,1214,206,5478,无可用尺码,,3XL-0,插片指数超上限,86,S320 | S350 | S420 | S500 | S600 | S600L,23049495,Mercedes-Benz S-Class Coupe 1994-1995 US
Mercedes-Benz,S-Class,,,Coupe,,,gen4,2015-2017,跑车,5052,1900,1417,22787,SD1,1387,1520,1160,-23,4965,3XXL-520-0,148,,,,Maybach S550 | Maybach S600 | S400 | S400L | S500 | S500L | S550 | S550e | S600 | S600L | S63 AMG | S63L AMG | S65 AMG | S65L AMG,23041517,Mercedes-Benz S-Class Coupe 2015-2017 US
Mercedes-Benz,S-Class,,,Coupe,,,gen4,2018,跑车,5032,1900,1412,4369,SD1,1387,1520,1156,-23,4947,3XL-0,18,,,,Maybach S560 | Maybach S650 | S400L | S450 | S500 | S500L | S560 | S600L | S63 AMG | S65 AMG,23041818,Mercedes-Benz S-Class Coupe 2018 US
Mercedes-Benz,S-Class,,,Coupe,,,gen4,2019,跑车,5052,1900,1412,3432,SD1,1387,1520,1156,-23,4965,3XXL-520-0,148,,,,Maybach S560 | Maybach S650 | S450 | S450L | S560 | S560L | S560e | S600L | S63 AMG | S65 AMG,23041919,Mercedes-Benz S-Class Coupe 2019 US
Mercedes-Benz,S-Class,,,Coupe,,,gen4,2020,跑车,5032,1900,1412,2505,SD1,1387,1520,1156,-23,4947,3XL-0,18,,,,Maybach S560 | Maybach S650 | S450 | S450L | S560 | S560L | S560e | S600L | S63 AMG | S65 AMG,23042020,Mercedes-Benz S-Class Coupe 2020 US
Mercedes-Benz,S-Class,,LWB,Sedan,,,gen2,2006,三厢车,5159,1854,1450,4633,SD1,1353,1483,1168,-41,5022,3XXL-550,341,,,,S350 | S430 | S500 | S55 AMG | S600 | S65 AMG,23040606,Mercedes-Benz S-Class LWB Sedan 2006 US
Mercedes-Benz,S-Class,,Maybach,Sedan,,,gen4,2016-2020,三厢车,5461,1900,1499,5156,SD1,1387,1520,1226,-23,5346,3XXL-550,39,,,,Maybach S550 | Maybach S560 | Maybach S600 | Maybach S650 | S400L | S450 | S450L | S500 | S500L | S550 | S550e | S560 | S560L | S560e | S600 | S600L | S63 AMG | S63L AMG | S65 AMG | S65L AMG,23041620,Mercedes-Benz S-Class Maybach Sedan 2016-2020 US
Mercedes-Benz,S-Class,,Maybach,Sedan,,,gen5,2021-2026,三厢车,5469,1920,1509,13761,SD1,1402,1536,1242,-16,5372,3XXL-550,31,,,,Maybach S580 | Maybach S650 | Maybach S680 | Maybach SL680 | S450L | S500 | S560 | S580 | S580e | S63 AMG | S63 AMG E Performance,23042126,Mercedes-Benz S-Class Maybach Sedan 2021-2026 US
Mercedes-Benz,S-Class,,PHEV,Coupe,,,gen4,2015,跑车,5027,1900,1417,1935,SD1,1387,1520,1160,-23,4942,3XL-0,23,,,,S400 | S500 | S500L | S550 | S550e | S600 | S63 AMG | S65 AMG,23041515,Mercedes-Benz S-Class PHEV Coupe 2015 US
Mercedes-Benz,S-Class,,S 550e PHEV,Sedan,,,gen4,2017,三厢车,5245,1905,1494,1288,SD1,1391,1524,1224,-21,5150,3XXL-550,255,,,,S550e,23041717,Mercedes-Benz S-Class S 550e PHEV Sedan 2017 US
Mercedes-Benz,S-Class,,S 560e PHEV,Sedan,,,gen4,2019,三厢车,5255,1900,1496,735,SD1,1387,1520,1224,-23,5154,3XXL-550,245,,,,S560e,23041919,Mercedes-Benz S-Class S 560e PHEV Sedan 2019 US
Mercedes-Benz,S-Class,,,Sedan,,,gen1,1994-1999,三厢车,5212,1890,1496,87966,SD2,1890,1890,1239,195,5602,4XL-0,488,,,,S320 | S350 | S420 | S430 | S500 | S600 | S600L,23049499,Mercedes-Benz S-Class Sedan 1994-1999 US
Mercedes-Benz,S-Class,,,Sedan,,,gen2,2000-2005,三厢车,5159,1857,1453,109737,SD1,1356,1486,1172,-40,5025,3XXL-550,341,,,,S430 | S500 | S55 AMG | S600 | S65 AMG,23040005,Mercedes-Benz S-Class Sedan 2000-2005 US
Mercedes-Benz,S-Class,,,Sedan,,,gen2,2006,三厢车,5164,1854,1445,21620,SD1,1353,1483,1164,-41,5027,3XXL-550,336,,,,S350 | S430 | S500 | S55 AMG | S600 | S65 AMG,23040606,Mercedes-Benz S-Class Sedan 2006 US
Mercedes-Benz,S-Class,,,Sedan,,,gen3,2007-2009,三厢车,5207,1872,1473,45349,SD1,1367,1498,1194,-34,5083,3XXL-550,293,,,,S450 | S500 | S550 | S600 | S63 AMG | S65 AMG,23040709,Mercedes-Benz S-Class Sedan 2007-2009 US
Mercedes-Benz,S-Class,,,Sedan,,,gen3,2010-2013,三厢车,5245,1872,1473,41970,SD1,1367,1498,1194,-34,5119,3XXL-550,255,,,,S350 | S400 | S450 | S500 | S550 | S600 | S63 AMG | S65 AMG,23041013,Mercedes-Benz S-Class Sedan 2010-2013 US
Mercedes-Benz,S-Class,,,Sedan,,,gen4,2014,三厢车,5255,1900,1496,20816,SD1,1387,1520,1224,-23,5154,3XXL-550,245,,,,S400 | S500 | S550 | S63 AMG,23041414,Mercedes-Benz S-Class Sedan 2014 US
Mercedes-Benz,S-Class,,,Sedan,,,gen4,2015-2016,三厢车,5245,1900,1491,16774,SD1,1387,1520,1220,-23,5145,3XXL-550,255,,,,Maybach S600 | S400 | S400L | S500 | S500L | S550 | S550e | S600 | S600L | S63 AMG | S63L AMG | S65 AMG | S65L AMG,23041516,Mercedes-Benz S-Class Sedan 2015-2016 US
Mercedes-Benz,S-Class,,,Sedan,,,gen4,2017,三厢车,5245,1905,1494,6012,SD1,1391,1524,1224,-21,5150,3XXL-550,255,,,,Maybach S550 | Maybach S600 | S400L | S500 | S500L | S550 | S550e | S600 | S600L | S63 AMG | S63L AMG | S65 AMG | S65L AMG,23041717,Mercedes-Benz S-Class Sedan 2017 US
Mercedes-Benz,S-Class,,,Sedan,,,gen4,2018-2020,三厢车,5255,1900,1496,10305,SD1,1387,1520,1224,-23,5154,3XXL-550,245,,,,Maybach S560 | Maybach S650 | S400L | S450 | S450L | S500 | S500L | S560 | S560L | S560e | S600L | S63 AMG | S65 AMG,23041820,Mercedes-Benz S-Class Sedan 2018-2020 US
Mercedes-Benz,S-Class,,,Sedan,,,gen5,2021-2025,三厢车,5288,1953,1504,59092,SD1,1426,1562,1252,-3,5234,3XXL-550,212,,,,Maybach S580 | Maybach S650 | Maybach S680 | S450L | S500 | S560 | S580 | S580e | S63 AMG | S63 AMG E Performance,23042125,Mercedes-Benz S-Class Sedan 2021-2025 US
Mercedes-Benz,S-Class,,,Sedan,,,gen5,2026,三厢车,5321,1953,1504,5124,SD1,1426,1562,1252,-3,5265,3XXL-550,179,,,,Maybach S580 | Maybach S680 | Maybach SL680 | S450L | S500 | S580 | S580e | S63 AMG E Performance,23042626,Mercedes-Benz S-Class Sedan 2026 US
Mercedes-Benz,SL-Class,,300 SL,Convertible,,,gen4,1992-1993,跑车,4470,1811,1303,5667,SD0,1286,1224,1258,-122,4197,3M-0,90,,,,,23079293,Mercedes-Benz SL-Class 300 SL Convertible 1992-1993 US
Mercedes-Benz,SL-Class,,300SL,Convertible,,,gen1,1957-1963,跑车,4572,1801,1300,3090,SD0,1279,1217,1250,-126,4280,3L-0,168,,,,,23075763,Mercedes-Benz SL-Class 300SL Convertible 1957-1963 US
Mercedes-Benz,SL-Class,,500 SL,Convertible,,,gen4,1992-1993,跑车,4470,1811,1303,5667,SD0,1286,1224,1258,-122,4197,3M-0,90,,,,,23079293,Mercedes-Benz SL-Class 500 SL Convertible 1992-1993 US
Mercedes-Benz,SL-Class,,560SL,Convertible,,,gen3,1986-1989,跑车,4580,1791,1308,7941,SD0,1272,1211,1253,-129,4278,3L-0,160,,,,,23078689,Mercedes-Benz SL-Class 560SL Convertible 1986-1989 US
Mercedes-Benz,SL-Class,,600 SL,Convertible,,,gen4,1993,跑车,4521,1811,1303,2166,SD0,1286,1224,1258,-122,4243,3M-0,39,,,,,23079393,Mercedes-Benz SL-Class 600 SL Convertible 1993 US
Mercedes-Benz,SL-Class,,AMG,Convertible,,,gen5,2003-2010,跑车,4534,1816,1298,10907,SD0,1289,1228,1255,-121,4259,3M-0,26,,,,,23070310,Mercedes-Benz SL-Class AMG Convertible 2003-2010 US
Mercedes-Benz,SL-Class,,AMG,Convertible,,,gen5,2011-2012,跑车,4592,1816,1298,1788,SD0,1289,1228,1255,-121,4312,3L-0,148,,,,,23071112,Mercedes-Benz SL-Class AMG Convertible 2011-2012 US
Mercedes-Benz,SL-Class,,AMG,Convertible,,,gen6,2013-2020,跑车,4641,1948,1316,5022,SD0,1383,1317,1332,-75,4476,3L-0,99,,,,,23071320,Mercedes-Benz SL-Class AMG Convertible 2013-2020 US
Mercedes-Benz,SL-Class,,AMG,Convertible,,,gen7,2022-2026,跑车,4704,1915,1359,2387,SD0,1360,1295,1356,-86,4503,3L-0,36,,,,,23072226,Mercedes-Benz SL-Class AMG Convertible 2022-2026 US
Mercedes-Benz,SL-Class,,,Convertible,,,gen1,1955-1963,跑车,4290,1740,1321,13558,SD0,1235,1176,1242,-147,3969,3M-0,270,,,,,23075563,Mercedes-Benz SL-Class Convertible 1955-1963 US
Mercedes-Benz,SL-Class,,,Convertible,,,gen2,1963-1971,跑车,4305,1778,1321,42265,SD0,1262,1202,1259,-134,4017,3M-0,255,,,,,23076371,Mercedes-Benz SL-Class Convertible 1963-1971 US
Mercedes-Benz,SL-Class,,,Convertible,,,gen3,1972-1985,跑车,4630,1791,1290,114800,SD0,1272,1211,1237,-129,4324,3L-0,110,,,,,23077285,Mercedes-Benz SL-Class Convertible 1972-1985 US
Mercedes-Benz,SL-Class,,,Convertible,,,gen3,1986-1989,跑车,4580,1791,1300,37059,SD0,1272,1211,1246,-129,4278,3L-0,160,,,,,23078689,Mercedes-Benz SL-Class Convertible 1986-1989 US
Mercedes-Benz,SL-Class,,,Convertible,,,gen4,1990-1991,跑车,4470,1811,1288,16000,SD0,1286,1224,1244,-122,4197,3M-0,90,,,,,23079091,Mercedes-Benz SL-Class Convertible 1990-1991 US
Mercedes-Benz,SL-Class,,,Convertible,,,gen4,1997-2002,跑车,4498,1811,1303,39134,SD0,1286,1224,1258,-122,4222,3M-0,62,,,,,23079702,Mercedes-Benz SL-Class Convertible 1997-2002 US
Mercedes-Benz,SL-Class,,,Convertible,,,gen5,2003-2004,跑车,4534,1829,1298,21579,SD0,1299,1236,1261,-116,4271,3M-0,26,,,,,23070304,Mercedes-Benz SL-Class Convertible 2003-2004 US
Mercedes-Benz,SL-Class,,,Convertible,,,gen5,2005-2012,跑车,4534,1816,1298,37667,SD0,1289,1228,1255,-121,4259,3M-0,26,,,,,23070512,Mercedes-Benz SL-Class Convertible 2005-2012 US
Mercedes-Benz,SL-Class,,,Convertible,,,gen6,2013-2020,跑车,4630,1948,1316,23436,SD0,1383,1317,1332,-75,4466,3L-0,110,,,,,23071320,Mercedes-Benz SL-Class Convertible 2013-2020 US
Mercedes-Benz,SL-Class,,,Convertible,,,gen7,2026,跑车,4704,1915,1359,828,SD0,1360,1295,1356,-86,4503,3L-0,36,,,,,23072626,Mercedes-Benz SL-Class Convertible 2026 US
Mercedes-Benz,SL-Class,,,Coupe,,,gen1,1954-1957,跑车,4521,1793,1303,1437,SD0,1273,1212,1249,-129,4227,3M-0,39,,,,190SL | 300SL,23075457,Mercedes-Benz SL-Class Coupe 1954-1957 US
Mercedes-Benz,SL-Class,,SL320,Convertible,,,gen4,1994-1996,跑车,4470,1811,1303,6001,SD0,1286,1224,1258,-122,4197,3M-0,90,,,,,23079496,Mercedes-Benz SL-Class SL320 Convertible 1994-1996 US
Mercedes-Benz,SL-Class,,SL500,Convertible,,,gen4,1994-1996,跑车,4470,1811,1303,6000,SD0,1286,1224,1258,-122,4197,3M-0,90,,,,,23079496,Mercedes-Benz SL-Class SL500 Convertible 1994-1996 US
Mercedes-Benz,SL-Class,,SL600,Convertible,,,gen4,1994-1996,跑车,4521,1811,1303,5999,SD0,1286,1224,1258,-122,4243,3M-0,39,,,,,23079496,Mercedes-Benz SL-Class SL600 Convertible 1994-1996 US
Mercedes-Benz,SLC-Class,,AMG,Convertible,,,gen3,2017-2020,跑车,4143,1816,1303,1569,SD0,1289,1228,1260,-121,3905,3S-0,77,,,,,23221720,Mercedes-Benz SLC-Class AMG Convertible 2017-2020 US
Mercedes-Benz,SLC-Class,,,Convertible,,,gen3,2017-2020,跑车,4135,1816,1303,7322,SD0,1289,1228,1260,-121,3898,3S-0,85,,,,,23221720,Mercedes-Benz SLC-Class Convertible 2017-2020 US
Mercedes-Benz,SLK-Class,,AMG,Convertible,,,gen1,2002-2004,跑车,4011,1714,1280,3736,SD0,1217,1159,1193,-156,3693,3S-0,209,,,,,23150204,Mercedes-Benz SLK-Class AMG Convertible 2002-2004 US
Mercedes-Benz,SLK-Class,,AMG,Convertible,,,gen2,2005-2011,跑车,4102,1793,1270,7352,SD0,1273,1212,1219,-129,3847,3S-0,118,,,,,23150511,Mercedes-Benz SLK-Class AMG Convertible 2005-2011 US
Mercedes-Benz,SLK-Class,,,Convertible,,,gen1,1998-2004,跑车,4011,1714,1285,69199,SD0,1217,1159,1197,-156,3693,3S-0,209,,,,,23159804,Mercedes-Benz SLK-Class Convertible 1998-2004 US
Mercedes-Benz,SLK-Class,,,Convertible,,,gen2,2005-2011,跑车,4102,1788,1298,34313,SD0,1269,1209,1243,-130,3842,3S-0,118,,,,,23150511,Mercedes-Benz SLK-Class Convertible 2005-2011 US
Mercedes-Benz,SLK-Class,,,Convertible,,,gen3,2012-2016,跑车,4135,1816,1300,21668,SD0,1289,1228,1257,-121,3898,3S-0,85,,,,,23151216,Mercedes-Benz SLK-Class Convertible 2012-2016 US
Mercury,Cougar,,,Convertible,,,gen1,1969-1970,跑车,4826,1808,1341,86207,SD2,1808,1808,1080,154,5134,无可用尺码,,3XL-0,插片指数超上限,34,Cougar,17006970,Mercury Cougar Convertible 1969-1970 US
Mercury,Cougar,,,Convertible,,,gen2,1971-1973,跑车,5067,1925,1351,88597,SD2,1925,1925,1136,212,5492,无可用尺码,,3XL-0,插片指数超上限,92,Cougar,17007173,Mercury Cougar Convertible 1971-1973 US
Mercury,Cougar,,,Coupe,,,gen1,1967-1970,跑车,4826,1808,1316,350818,SD2,1808,1808,1059,154,5134,无可用尺码,,3XL-0,插片指数超上限,34,Cougar,17006770,Mercury Cougar Coupe 1967-1970 US
Mercury,Cougar,,,Coupe,,,gen2,1971-1973,跑车,5067,1925,1321,88597,SD2,1925,1925,1111,212,5492,无可用尺码,,3XL-0,插片指数超上限,92,Cougar,17007173,Mercury Cougar Coupe 1971-1973 US
Mercury,Cougar,,,Coupe,,,gen4,1977-1979,跑车,5474,1996,1346,193415,SD2,1996,1996,1160,248,5970,4XL-0,226,,,,Cougar,17007779,Mercury Cougar Coupe 1977-1979 US
Mercury,Cougar,,,Coupe,,,gen5,1980-1982,跑车,5088,1862,1372,74259,SD2,1862,1862,1127,181,5450,无可用尺码,,3XL-0,插片指数超上限,61,Cougar,17008082,Mercury Cougar Coupe 1980-1982 US
Mercury,Cougar,,,Coupe,,,gen6,1983,跑车,5019,1781,1367,75743,SD0,1265,1204,1302,-133,4668,3XL-0,31,,,,Cougar,17008383,Mercury Cougar Coupe 1983 US
Mercury,Cougar,,,Coupe,,,gen6,1984-1988,跑车,5100,1781,1361,604016,SD0,1265,1204,1297,-133,4741,3XXL-520-0,100,,,,Cougar,17008488,Mercury Cougar Coupe 1984-1988 US
Mercury,Cougar,,,Coupe,,,gen7,1989-1997,跑车,5077,1847,1339,566328,SD0,1311,1249,1307,-110,4780,3XXL-520-0,123,,,,Cougar,17008997,Mercury Cougar Coupe 1989-1997 US
Mercury,Cougar,,,Hatchback,,,gen8,1999-2002,两厢车,4699,1768,1326,146519,H0,1269,1294,1040,-109,4450,无可用尺码,,2L,超长,559,Cougar,17009902,Mercury Cougar Hatchback 1999-2002 US
Mercury,Cougar,,,Sedan,,,gen4,1977-1979,三厢车,5575,1996,1346,193415,SD2,1996,1996,1160,248,6071,4XL-0,125,,,,Cougar,17007779,Mercury Cougar Sedan 1977-1979 US
Mercury,Cougar,,,Sedan,,,gen5,1980-1982,三厢车,5088,1862,1372,74258,SD2,1862,1862,1127,181,5450,无可用尺码,,3XL-0,插片指数超上限,61,Cougar,17008082,Mercury Cougar Sedan 1980-1982 US
Mercury,Cougar,,,Wagon,,,gen4,1977,两厢车,5667,2022,1394,64941,H3,1543,1531,1174,18,5651,无可用尺码,,5XL,超长,367,Cougar,17007777,Mercury Cougar Wagon 1977 US
Mercury,Cougar,,,Wagon,,,gen4,1978-1979,两厢车,5621,1996,1377,128474,H3,1523,1511,1150,8,5584,无可用尺码,,5XL,超长,321,Cougar,17007879,Mercury Cougar Wagon 1978-1979 US
Mercury,Cougar,,,Wagon,,,gen5,1980-1982,两厢车,5088,1862,1372,74256,H3,1421,1410,1092,-42,4964,5XL,212,,,,Cougar,17008082,Mercury Cougar Wagon 1980-1982 US
Mercury,Cougar,,XR-7,Coupe,,,gen3,1974-1976,跑车,5479,1994,1336,238422,SD2,1994,1994,1151,247,5973,4XL-0,221,,,,Cougar,17007476,Mercury Cougar XR-7 Coupe 1974-1976 US
Mercury,Grand Marquis,,,Sedan,,,gen0,1975-1978,三厢车,5817,2022,1389,174000,SD2,2022,2022,1206,261,6339,无可用尺码,,4XL-0,超长,117,Grand Marquis,17017578,Mercury Grand Marquis Sedan 1975-1978 US
Mercury,Grand Marquis,,,Sedan,,,gen1,1979-1982,三厢车,5392,1968,1400,241000,SD2,1968,1968,1193,234,5860,4XL-0,308,,,,Grand Marquis,17017982,Mercury Grand Marquis Sedan 1979-1982 US
Mercury,Grand Marquis,,,Sedan,,,gen1,1983-1991,三厢车,5436,1968,1410,987818,SD2,1968,1968,1201,234,5904,4XL-0,264,,,,Grand Marquis,17018391,Mercury Grand Marquis Sedan 1983-1991 US
Mercury,Grand Marquis,,,Sedan,,,gen2,1992-1997,三厢车,5395,1976,1445,561177,SD2,1976,1976,1233,238,5871,4XL-0,305,,,,Grand Marquis,17019297,Mercury Grand Marquis Sedan 1992-1997 US
Mercury,Grand Marquis,,,Sedan,,,gen3,1998-2005,三厢车,5385,1986,1443,771794,SD2,1986,1986,1235,243,5871,4XL-0,315,,,,Grand Marquis,17019805,Mercury Grand Marquis Sedan 1998-2005 US
Mercury,Grand Marquis,,,Sedan,,,gen4,2006-2011,三厢车,5385,1989,1430,175149,SD2,1989,1989,1226,244,5874,4XL-0,315,,,,Grand Marquis,17010611,Mercury Grand Marquis Sedan 2006-2011 US
Mercury,Marauder,,,Sedan,,,gen4,2003-2004,三厢车,5385,1986,1481,11052,SD1,1450,1589,1247,10,5355,3XXL-550,115,,,,Marauder,17090304,Mercury Marauder Sedan 2003-2004 US
Mercury,Mariner,,,SUV,,,gen1,2005-2007,越野车,4442,1781,1783,102884,SU2,1247,1478,1354,-69,4256,YM,188,,,,Mariner,17070507,Mercury Mariner SUV 2005-2007 US
Mercury,Mariner,,,SUV,,,gen1,2008-2011,越野车,4450,1806,1786,91906,SU2,1264,1499,1366,-59,4287,YM,180,,,,Mariner,17070811,Mercury Mariner SUV 2008-2011 US
Mercury,Marquis,,,Coupe,,,gen1,1967-1968,跑车,5550,1979,1400,44000,SD2,1979,1979,1197,240,6029,4XL-0,150,,,,Marquis,17046768,Mercury Marquis Coupe 1967-1968 US
Mercury,Marquis,,,Coupe,,,gen2,1969-1970,跑车,5697,2027,1369,49500,SD2,2027,2027,1192,264,6224,4XL-0,3,,,,Marquis,17046970,Mercury Marquis Coupe 1969-1970 US
Mercury,Marquis,,,Coupe,,,gen2,1971-1972,跑车,5710,2014,1349,65000,SD2,2014,2014,1170,257,6224,无可用尺码,,4XL-0,超长,10,Marquis,17047172,Mercury Marquis Coupe 1971-1972 US
Mercury,Marquis,,,Coupe,,,gen3,1973,跑车,5652,2022,1389,25334,SD2,2022,2022,1206,261,6174,4XL-0,48,,,,Marquis,17047373,Mercury Marquis Coupe 1973 US
Mercury,Marquis,,,Coupe,,,gen3,1975-1978,跑车,5817,2022,1389,95335,SD2,2022,2022,1206,261,6339,无可用尺码,,4XL-0,超长,117,Marquis,17047578,Mercury Marquis Coupe 1975-1978 US
Mercury,Marquis,,,Coupe,,,gen4,1980-1982,跑车,5392,1968,1384,35527,SD2,1968,1968,1180,234,5860,4XL-0,308,,,,Marquis,17048082,Mercury Marquis Coupe 1980-1982 US
Mercury,Marquis,,,Sedan,,,gen2,1969-1970,三厢车,5697,2027,1369,49500,SD2,2027,2027,1192,264,6224,4XL-0,3,,,,Marquis,17046970,Mercury Marquis Sedan 1969-1970 US
Mercury,Marquis,,,Sedan,,,gen2,1971-1972,三厢车,5710,2014,1349,65000,SD2,2014,2014,1170,257,6224,无可用尺码,,4XL-0,超长,10,Marquis,17047172,Mercury Marquis Sedan 1971-1972 US
Mercury,Marquis,,,Sedan,,,gen3,1973,三厢车,5652,2022,1389,25333,SD2,2022,2022,1206,261,6174,4XL-0,48,,,,Marquis,17047373,Mercury Marquis Sedan 1973 US
Mercury,Marquis,,,Sedan,,,gen3,1974-1978,三厢车,5817,2022,1389,131333,SD2,2022,2022,1206,261,6339,无可用尺码,,4XL-0,超长,117,Marquis,17047478,Mercury Marquis Sedan 1974-1978 US
Mercury,Marquis,,,Sedan,,,gen4,1979-1981,三厢车,5392,1968,1384,68526,SD2,1968,1968,1180,234,5860,4XL-0,308,,,,Marquis,17047981,Mercury Marquis Sedan 1979-1981 US
Mercury,Marquis,,,Sedan,,,gen4,1982,三厢车,5392,1968,1400,12697,SD2,1968,1968,1193,234,5860,4XL-0,308,,,,Marquis,17048282,Mercury Marquis Sedan 1982 US
Mercury,Marquis,,,Sedan,,,gen5,1983-1985,三厢车,4991,1803,1361,63000,SD2,1803,1803,1094,152,5294,无可用尺码,,3XL-0,插片指数超上限,32,Marquis,17048385,Mercury Marquis Sedan 1983-1985 US
Mercury,Marquis,,,Sedan,,,gen5,1986,三厢车,4978,1803,1346,6000,SD2,1803,1803,1082,152,5281,无可用尺码,,3XL-0,插片指数超上限,32,Marquis,17048686,Mercury Marquis Sedan 1986 US
Mercury,Marquis,,,Wagon,,,gen3,1973,两厢车,5674,2022,1397,25333,H3,1543,1531,1176,18,5657,无可用尺码,,5XL,超长,374,Marquis,17047373,Mercury Marquis Wagon 1973 US
Mercury,Marquis,,,Wagon,,,gen3,1974,两厢车,5730,2027,1450,36000,H3,1547,1534,1221,20,5714,无可用尺码,,5XL,超长,430,Marquis,17047474,Mercury Marquis Wagon 1974 US
Mercury,Marquis,,,Wagon,,,gen3,1975-1977,两厢车,5867,2022,1397,71999,H3,1543,1531,1176,18,5837,无可用尺码,,5XL,超长,567,Marquis,17047577,Mercury Marquis Wagon 1975-1977 US
Mercury,Marquis,,,Wagon,,,gen3,1978,两厢车,5768,2024,1445,23333,H3,1544,1532,1216,19,5747,无可用尺码,,5XL,超长,468,Marquis,17047878,Mercury Marquis Wagon 1978 US
Mercury,Marquis,,,Wagon,,,gen4,1979-1982,两厢车,5537,2014,1453,81220,H3,1537,1525,1218,16,5522,无可用尺码,,5XL,超长,237,Marquis,17047982,Mercury Marquis Wagon 1979-1982 US
Mercury,Marquis,,,Wagon,,,gen5,1983-1986,两厢车,4991,1803,1382,69000,H3,1376,1365,1077,-65,4818,5XL,309,,,,Marquis,17048386,Mercury Marquis Wagon 1983-1986 US
Mercury,Milan,,,Sedan,,,gen1,2006-2009,三厢车,4862,1834,1453,131893,SD1,1339,1467,1163,-48,4727,3XL-0,188,,,,Milan,17080609,Mercury Milan Sedan 2006-2009 US
Mercury,Milan,,,Sedan,,,gen1,2010-2011,三厢车,4801,1834,1445,29412,SD1,1339,1467,1156,-48,4671,3XL-0,249,,,,Milan,17081011,Mercury Milan Sedan 2010-2011 US
Mercury,Monterey,,,Convertible,,,gen1,1952-1953,跑车,5136,1867,1600,73750,SD2,1867,1867,1315,184,5503,无可用尺码,,3XXL-520-0,插片指数超上限,64,Monterey,17025253,Mercury Monterey Convertible 1952-1953 US
Mercury,Monterey,,,Convertible,,,gen1,1954,跑车,5174,1890,1580,33750,SD2,1890,1890,1308,195,5564,4XL-0,526,,,,Monterey,17025454,Mercury Monterey Convertible 1954 US
Mercury,Monterey,,,Convertible,,,gen5,1961-1964,跑车,5474,2032,1415,137668,SD2,2032,2032,1231,266,6006,4XL-0,226,,,,Monterey,17026164,Mercury Monterey Convertible 1961-1964 US
Mercury,Monterey,,,Convertible,,,gen6,1965-1968,跑车,5598,2017,1402,115335,SD2,2017,2017,1215,258,6115,4XL-0,102,,,,Monterey,17026568,Mercury Monterey Convertible 1965-1968 US
Mercury,Monterey,,,Coupe,,,gen1,1952-1953,跑车,5136,1867,1600,73750,SD2,1867,1867,1315,184,5503,无可用尺码,,3XXL-520-0,插片指数超上限,64,Monterey,17025253,Mercury Monterey Coupe 1952-1953 US
Mercury,Monterey,,,Coupe,,,gen1,1954,跑车,5174,1890,1580,33750,SD2,1890,1890,1308,195,5564,4XL-0,526,,,,Monterey,17025454,Mercury Monterey Coupe 1954 US
Mercury,Monterey,,,Coupe,,,gen2,1955-1956,跑车,5243,1941,1638,71250,SD2,1941,1941,1376,220,5684,4XL-0,457,,,,Monterey,17025556,Mercury Monterey Coupe 1955-1956 US
Mercury,Monterey,,,Coupe,,,gen3,1957-1958,跑车,5362,2009,1453,105000,SD2,2009,2009,1253,254,5871,4XL-0,338,,,,Monterey,17025758,Mercury Monterey Coupe 1957-1958 US
Mercury,Monterey,,,Coupe,,,gen4,1959-1960,跑车,5568,2032,1422,66667,SD2,2032,2032,1237,266,6100,4XL-0,132,,,,Monterey,17025960,Mercury Monterey Coupe 1959-1960 US
Mercury,Monterey,,,Coupe,,,gen5,1961-1964,跑车,5474,2032,1440,137667,SD2,2032,2032,1252,266,6006,4XL-0,226,,,,Monterey,17026164,Mercury Monterey Coupe 1961-1964 US
Mercury,Monterey,,,Coupe,,,gen6,1965-1968,跑车,5598,2017,1400,115333,SD2,2017,2017,1213,258,6115,4XL-0,102,,,,Monterey,17026568,Mercury Monterey Coupe 1965-1968 US
Mercury,Monterey,,,Coupe,,,gen7,1969-1974,跑车,5634,2027,1392,88669,SD2,2027,2027,1210,264,6161,4XL-0,66,,,,Monterey,17026974,Mercury Monterey Coupe 1969-1974 US
Mercury,Monterey,,,Hatchback,,,gen2,1955-1956,两厢车,5243,1941,1638,71250,H0,1394,1421,1363,-46,5109,5XL,57,,,,Monterey,17025556,Mercury Monterey Hatchback 1955-1956 US
Mercury,Monterey,,,MPV,,,gen8,2004-2005,两厢车,5118,1946,1748,25573,V0,1389,1419,1576,-48,5020,5XL,182,,,,,17020405,Mercury Monterey MPV 2004-2005 US
Mercury,Monterey,,,MPV,,,gen8,2006-2007,两厢车,5118,1946,1798,5167,V0,1389,1419,1619,-48,5020,5XL,182,,,,,17020607,Mercury Monterey MPV 2006-2007 US
Mercury,Monterey,,,Sedan,,,gen1,1952-1953,三厢车,5136,1867,1600,73750,SD2,1867,1867,1315,184,5503,无可用尺码,,3XXL-520-0,插片指数超上限,64,Monterey,17025253,Mercury Monterey Sedan 1952-1953 US
Mercury,Monterey,,,Sedan,,,gen1,1954,三厢车,5174,1890,1580,33750,SD2,1890,1890,1308,195,5564,4XL-0,526,,,,Monterey,17025454,Mercury Monterey Sedan 1954 US
Mercury,Monterey,,,Sedan,,,gen2,1955-1956,三厢车,5243,1941,1638,71250,SD2,1941,1941,1376,220,5684,4XL-0,457,,,,Monterey,17025556,Mercury Monterey Sedan 1955-1956 US
Mercury,Monterey,,,Sedan,,,gen3,1957-1958,三厢车,5362,2009,1453,105000,SD2,2009,2009,1253,254,5871,4XL-0,338,,,,Monterey,17025758,Mercury Monterey Sedan 1957-1958 US
Mercury,Monterey,,,Sedan,,,gen4,1959-1960,三厢车,5568,2032,1422,66667,SD2,2032,2032,1237,266,6100,4XL-0,132,,,,Monterey,17025960,Mercury Monterey Sedan 1959-1960 US
Mercury,Monterey,,,Sedan,,,gen5,1961-1964,三厢车,5451,2029,1397,137665,SD2,2029,2029,1215,264,5980,4XL-0,249,,,,Monterey,17026164,Mercury Monterey Sedan 1961-1964 US
Mercury,Monterey,,,Sedan,,,gen6,1965-1968,三厢车,5547,2017,1422,115332,SD2,2017,2017,1231,258,6064,4XL-0,153,,,,Monterey,17026568,Mercury Monterey Sedan 1965-1968 US
Mercury,Monterey,,,Sedan,,,gen7,1969-1974,三厢车,5634,2027,1392,88667,SD2,2027,2027,1210,264,6161,4XL-0,66,,,,Monterey,17026974,Mercury Monterey Sedan 1969-1974 US
Mercury,Monterey,,,Wagon,,,gen1,1952-1953,两厢车,5151,1867,1626,73750,H3,1425,1413,1298,-40,5027,5XL,149,,,,Monterey,17025253,Mercury Monterey Wagon 1952-1953 US
Mercury,Monterey,,,Wagon,,,gen1,1954,两厢车,5174,1890,1580,33750,H3,1442,1431,1270,-32,5070,5XL,126,,,,Monterey,17025454,Mercury Monterey Wagon 1954 US
Mercury,Monterey,,,Wagon,,,gen2,1955-1956,两厢车,5240,1941,1554,71250,H3,1481,1469,1270,-12,5178,5XL,60,,,,Monterey,17025556,Mercury Monterey Wagon 1955-1956 US
Mercury,Monterey,,,Wagon,,,gen4,1959-1960,两厢车,5568,2032,1448,66666,H3,1550,1538,1221,22,5568,无可用尺码,,5XL,超长,268,Monterey,17025960,Mercury Monterey Wagon 1959-1960 US
Mercury,Monterey,,,Wagon,,,gen7,1969-1974,两厢车,5634,2027,1410,88664,H3,1547,1534,1189,20,5625,无可用尺码,,5XL,超长,334,Monterey,17026974,Mercury Monterey Wagon 1969-1974 US
Mercury,Mountaineer,,,SUV,,,gen1,1997,越野车,4788,1783,1697,45363,SU2,1248,1480,1287,-68,4578,YL,62,,,,Mountaineer,17069797,Mercury Mountaineer SUV 1997 US
Mercury,Mountaineer,,,SUV,,,gen1,1998,越野车,4788,1783,1717,47595,SU2,1248,1480,1303,-68,4578,YL,62,,,,Mountaineer,17069898,Mercury Mountaineer SUV 1998 US
Mercury,Mountaineer,,,SUV,,,gen1,1999,越野车,4829,1783,1791,49281,SU2,1248,1480,1361,-68,4616,YL,21,,,,Mountaineer,17069999,Mercury Mountaineer SUV 1999 US
Mercury,Mountaineer,,,SUV,,,gen1,2000-2001,越野车,4844,1783,1791,92121,SU2,1248,1480,1361,-68,4630,YL,6,,,,Mountaineer,17060001,Mercury Mountaineer SUV 2000-2001 US
Mercury,Mountaineer,,,SUV,,,gen2,2002,越野车,4844,1831,1806,48144,SU2,1282,1520,1392,-50,4674,YL,6,,,,Mountaineer,17060202,Mercury Mountaineer SUV 2002 US
Mercury,Mountaineer,,,SUV,,,gen2,2003-2005,越野车,4849,1836,1842,126099,SU2,1285,1524,1422,-48,4684,YL,1,,,,Mountaineer,17060305,Mercury Mountaineer SUV 2003-2005 US
Mercury,Mountaineer,,,SUV,,,gen2,2006-2007,越野车,4915,1867,1849,53417,SU2,1307,1550,1440,-36,4773,YXL,105,,,,Mountaineer,17060607,Mercury Mountaineer SUV 2006-2007 US
Mercury,Mountaineer,,,SUV,,,gen2,2008-2010,越野车,4915,1872,1849,21556,SU2,1310,1554,1442,-34,4778,YXL,105,,,,Mountaineer,17060810,Mercury Mountaineer SUV 2008-2010 US
Mercury,Sable,,,Sedan,,,gen1,1986-1991,三厢车,4882,1798,1379,334671,SD1,1313,1438,1088,-62,4712,3XL-0,168,,,,Sable,17038691,Mercury Sable Sedan 1986-1991 US
Mercury,Sable,,,Sedan,,,gen2,1992-1995,三厢车,4882,1808,1382,247529,SD1,1320,1446,1095,-58,4722,3XL-0,168,,,,Sable,17039295,Mercury Sable Sedan 1992-1995 US
Mercury,Sable,,,Sedan,,,gen3,1996-1999,三厢车,5072,1854,1407,210418,SD1,1353,1483,1134,-41,4941,3XXL-550,428,,,,Sable,17039699,Mercury Sable Sedan 1996-1999 US
Mercury,Sable,,,Sedan,,,gen4,2000,三厢车,5075,1854,1425,51515,SD1,1353,1483,1148,-41,4944,3XXL-550,425,,,,Sable,17030000,Mercury Sable Sedan 2000 US
Mercury,Sable,,,Sedan,,,gen4,2001-2005,三厢车,5075,1854,1410,164937,SD1,1353,1483,1136,-41,4944,3XXL-550,425,,,,Sable,17030105,Mercury Sable Sedan 2001-2005 US
Mercury,Sable,,,Sedan,,,gen5,2008-2009,三厢车,5133,1892,1562,22443,SD1,1381,1514,1274,-26,5033,3XXL-550,367,,,,Sable,17030809,Mercury Sable Sedan 2008-2009 US
Mercury,Sable,,,Wagon,,,gen1,1986-1991,两厢车,4902,1798,1400,334666,H2,1262,1348,1098,-98,4644,5XL,398,,,,Sable,17038691,Mercury Sable Wagon 1986-1991 US
Mercury,Sable,,,Wagon,,,gen2,1992-1995,两厢车,4910,1811,1417,247527,H2,1271,1358,1117,-93,4663,5XL,390,,,,Sable,17039295,Mercury Sable Wagon 1992-1995 US
Mercury,Sable,,,Wagon,,,gen3,1996-1999,两厢车,5057,1854,1463,210417,H2,1302,1390,1172,-77,4837,5XL,243,,,,Sable,17039699,Mercury Sable Wagon 1996-1999 US
Mercury,Sable,,,Wagon,,,gen4,2000-2005,两厢车,5024,1854,1473,216450,H2,1302,1390,1180,-77,4807,5XL,276,,,,Sable,17030005,Mercury Sable Wagon 2000-2005 US
Mercury,Tracer,,,Sedan,,,gen1,1988-1989,三厢车,4115,1656,1346,116887,SD1,1209,1325,1004,-116,3867,3S-0,105,,,,Tracer,17058889,Mercury Tracer Sedan 1988-1989 US
Mercury,Tracer,,,Sedan,,,gen2,1990-1996,三厢车,4341,1694,1339,224688,SD1,1237,1355,1014,-102,4113,3L,399,,,,Tracer,17059096,Mercury Tracer Sedan 1990-1996 US
Mercury,Tracer,,,Sedan,,,gen3,1997-1999,三厢车,4437,1702,1354,49907,SD1,1242,1362,1029,-99,4209,3L,303,,,,Tracer,17059799,Mercury Tracer Sedan 1997-1999 US
Mercury,Tracer,,,Wagon,,,gen2,1991-1994,两厢车,4351,1694,1361,90407,H2,1189,1270,1025,-135,4043,无可用尺码,,2L,超长,211,Tracer,17059194,Mercury Tracer Wagon 1991-1994 US
Mercury,Tracer,,,Wagon,,,gen3,1997-1999,两厢车,4387,1702,1369,49905,H2,1195,1276,1035,-132,4084,无可用尺码,,2L,超长,247,Tracer,17059799,Mercury Tracer Wagon 1997-1999 US
Mitsubishi,3000GT,,,Convertible,,,gen1,1995-1996,跑车,4564,1839,1290,4681,SD0,1306,1243,1258,-113,4308,3L-0,176,,,,3000GT,27119596,Mitsubishi 3000GT Convertible 1995-1996 US
Mitsubishi,3000GT,,,Coupe,,,gen1,1991,跑车,4549,1839,1285,11777,SD0,1306,1243,1254,-113,4294,3M-0,11,,,,3000GT,27119191,Mitsubishi 3000GT Coupe 1991 US
Mitsubishi,3000GT,,,Coupe,,,gen1,1992,跑车,4600,1839,1285,13043,SD0,1306,1243,1254,-113,4340,3L-0,140,,,,3000GT,27119292,Mitsubishi 3000GT Coupe 1992 US
Mitsubishi,3000GT,,,Coupe,,,gen1,1993-1996,跑车,4564,1839,1247,32787,SD0,1306,1243,1219,-113,4308,3L-0,176,,,,3000GT,27119396,Mitsubishi 3000GT Coupe 1993-1996 US
Mitsubishi,3000GT,,,Coupe,,,gen1,1997,跑车,4580,1839,1247,6086,SD0,1306,1243,1219,-113,4322,3L-0,160,,,,3000GT,27119797,Mitsubishi 3000GT Coupe 1997 US
Mitsubishi,3000GT,,,Coupe,,,gen1,1998-1999,跑车,4590,1839,1252,7583,SD0,1306,1243,1224,-113,4331,3L-0,150,,,,3000GT,27119899,Mitsubishi 3000GT Coupe 1998-1999 US
Mitsubishi,Diamante,,,Sedan,,,gen1,1992-1993,三厢车,4831,1775,1410,45267,SD1,1296,1420,1104,-71,4644,3XL-0,219,,,,Diamante,27079293,Mitsubishi Diamante Sedan 1992-1993 US
Mitsubishi,Diamante,,,Sedan,,,gen1,1994-1996,三厢车,4887,1775,1471,44096,SD1,1296,1420,1153,-71,4696,3XL-0,163,,,,Diamante,27079496,Mitsubishi Diamante Sedan 1994-1996 US
Mitsubishi,Diamante,,,Sedan,,,gen2,1997,三厢车,4930,1786,1435,18000,SD1,1304,1429,1129,-67,4746,3XL-0,120,,,,Diamante,27079797,Mitsubishi Diamante Sedan 1997 US
Mitsubishi,Diamante,,,Sedan,,,gen2,1998-2004,三厢车,4978,1786,1435,101905,SD1,1304,1429,1129,-67,4791,3XL-0,72,,,,Diamante,27079804,Mitsubishi Diamante Sedan 1998-2004 US
Mitsubishi,Eclipse,,,Convertible,,,gen2,1996,跑车,4379,1745,1341,19334,SD0,1239,1180,1262,-145,4054,3M-0,181,,,,Eclipse,27019696,Mitsubishi Eclipse Convertible 1996 US
Mitsubishi,Eclipse,,,Convertible,,,gen2,1997-1999,跑车,4379,1735,1341,36000,SD0,1232,1173,1258,-149,4045,3M-0,181,,,,Eclipse,27019799,Mitsubishi Eclipse Convertible 1997-1999 US
Mitsubishi,Eclipse,,,Convertible,,,gen4,2007,跑车,4564,1834,1382,9102,SD0,1302,1240,1340,-114,4303,3L-0,176,,,,Eclipse,27010707,Mitsubishi Eclipse Convertible 2007 US
Mitsubishi,Eclipse,,,Convertible,,,gen4,2008,跑车,4564,1834,1389,6883,SD0,1302,1240,1346,-114,4303,3L-0,176,,,,Eclipse,27010808,Mitsubishi Eclipse Convertible 2008 US
Mitsubishi,Eclipse,,,Convertible,,,gen4,2009-2010,跑车,4582,1834,1382,3234,SD0,1302,1240,1340,-114,4319,3L-0,158,,,,Eclipse,27010910,Mitsubishi Eclipse Convertible 2009-2010 US
Mitsubishi,Eclipse,,,Convertible,,,gen4,2011-2012,跑车,4582,1834,1374,2366,SD0,1302,1240,1333,-114,4319,3L-0,158,,,,Eclipse,27011112,Mitsubishi Eclipse Convertible 2011-2012 US
Mitsubishi,Eclipse,,,Coupe,,,gen1,1990-1994,跑车,4389,1694,1306,272000,SD0,1203,1145,1207,-163,4017,3M-0,171,,,,Eclipse,27019094,Mitsubishi Eclipse Coupe 1990-1994 US
Mitsubishi,Eclipse,,,Coupe,,,gen2,1995,跑车,4374,1745,1295,28500,SD0,1239,1180,1220,-145,4050,3M-0,186,,,,Eclipse,27019595,Mitsubishi Eclipse Coupe 1995 US
Mitsubishi,Eclipse,,,Coupe,,,gen2,1996,跑车,4374,1745,1265,19333,SD0,1239,1180,1193,-145,4050,3M-0,186,,,,Eclipse,27019696,Mitsubishi Eclipse Coupe 1996 US
Mitsubishi,Eclipse,,,Coupe,,,gen2,1997,跑车,4374,1735,1275,13000,SD0,1232,1173,1198,-149,4041,3M-0,186,,,,Eclipse,27019797,Mitsubishi Eclipse Coupe 1997 US
Mitsubishi,Eclipse,,,Coupe,,,gen2,1998,跑车,4379,1745,1341,10000,SD0,1239,1180,1262,-145,4054,3M-0,181,,,,Eclipse,27019898,Mitsubishi Eclipse Coupe 1998 US
Mitsubishi,Eclipse,,,Coupe,,,gen3,2000-2002,跑车,4455,1750,1311,89764,SD0,1242,1183,1237,-144,4128,3M-0,105,,,,Eclipse,27010002,Mitsubishi Eclipse Coupe 2000-2002 US
Mitsubishi,Eclipse,,,Coupe,,,gen3,2003-2005,跑车,4491,1750,1311,38041,SD0,1242,1183,1237,-144,4161,3M-0,69,,,,Eclipse,27010305,Mitsubishi Eclipse Coupe 2003-2005 US
Mitsubishi,Eclipse,,,Coupe,,,gen4,2006-2007,跑车,4564,1834,1359,35487,SD0,1302,1240,1319,-114,4303,3L-0,176,,,,Eclipse,27010607,Mitsubishi Eclipse Coupe 2006-2007 US
Mitsubishi,Eclipse,,,Coupe,,,gen4,2008,跑车,4564,1834,1367,6883,SD0,1302,1240,1326,-114,4303,3L-0,176,,,,Eclipse,27010808,Mitsubishi Eclipse Coupe 2008 US
Mitsubishi,Eclipse,,,Coupe,,,gen4,2009-2010,跑车,4582,1834,1367,3234,SD0,1302,1240,1326,-114,4319,3L-0,158,,,,Eclipse,27010910,Mitsubishi Eclipse Coupe 2009-2010 US
Mitsubishi,Eclipse,,,Coupe,,,gen4,2011-2012,跑车,4582,1834,1351,2366,SD0,1302,1240,1312,-114,4319,3L-0,158,,,,Eclipse,27011112,Mitsubishi Eclipse Coupe 2011-2012 US
Mitsubishi,Eclipse Cross,,,Crossover,,,gen1,2018-2019,越野车,4458,1826,1709,29146,SU1,1337,1362,1374,-75,4313,YM,172,,,,,27091819,Mitsubishi Eclipse Cross Crossover 2018-2019 US
Mitsubishi,Eclipse Cross,,,Crossover,,,gen1,2020,越野车,4404,1806,1684,10319,SU1,1322,1347,1345,-83,4244,YM,226,,,,,27092020,Mitsubishi Eclipse Cross Crossover 2020 US
Mitsubishi,Eclipse Cross,,,Crossover,,,gen1,2022-2026,越野车,4547,1806,1689,70422,SU1,1322,1347,1350,-83,4377,YM,83,,,,,27092226,Mitsubishi Eclipse Cross Crossover 2022-2026 US
Mitsubishi,Eclipse,,,Hatchback,,,gen2,1995-1999,两厢车,4379,1735,1265,83833,SD0,1232,1173,1188,-149,4045,无可用尺码,,2L,超长,239,Eclipse,27019599,Mitsubishi Eclipse Hatchback 1995-1999 US
Mitsubishi,Eclipse,,Spyder,Convertible,,,gen3,2001-2005,跑车,4455,1750,1341,18388,SD0,1242,1183,1264,-144,4128,3M-0,105,,,,Eclipse,27010105,Mitsubishi Eclipse Spyder Convertible 2001-2005 US
Mitsubishi,Eclipse,,Spyder,Convertible,,,gen4,2007-2012,跑车,4582,1834,1389,4624,SD0,1302,1240,1346,-114,4319,3L-0,158,,,,Eclipse,27010712,Mitsubishi Eclipse Spyder Convertible 2007-2012 US
Mitsubishi,Endeavor,,,SUV,,,gen1,2004-2006,越野车,4831,1869,1783,53531,SU1,1368,1394,1451,-60,4698,YL,19,,,,Endeavor,27100406,Mitsubishi Endeavor SUV 2004-2006 US
Mitsubishi,Endeavor,,,SUV,,,gen1,2007-2008,越野车,4846,1869,1783,15011,SU1,1368,1394,1451,-60,4711,YL,4,,,,Endeavor,27100708,Mitsubishi Endeavor SUV 2007-2008 US
Mitsubishi,Endeavor,,,SUV,,,gen1,2009-2011,越野车,4846,1869,1768,16814,SU1,1368,1394,1439,-60,4711,YL,4,,,,Endeavor,27100911,Mitsubishi Endeavor SUV 2009-2011 US
Mitsubishi,Galant,,,Sedan,,,gen6,1989-1993,三厢车,4671,1694,1359,230000,SD2,1694,1694,1048,97,4865,3L,69,,,,Galant,27008993,Mitsubishi Galant Sedan 1989-1993 US
Mitsubishi,Galant,,,Sedan,,,gen7,1994-1998,三厢车,4750,1730,1394,405000,SD1,1263,1384,1073,-88,4526,3XL-0,300,,,,Galant,27009498,Mitsubishi Galant Sedan 1994-1998 US
Mitsubishi,Galant,,,Sedan,,,gen8,1999-2003,三厢车,4770,1740,1415,452000,SD1,1270,1392,1094,-84,4554,3XL-0,280,,,,Galant,27009903,Mitsubishi Galant Sedan 1999-2003 US
Mitsubishi,Galant,,,Sedan,,,gen9,2004-2005,三厢车,4836,1839,1471,83976,SD1,1342,1471,1179,-47,4708,3XL-0,214,,,,Galant,27000405,Mitsubishi Galant Sedan 2004-2005 US
Mitsubishi,Galant,,,Sedan,,,gen9,2006,三厢车,4836,1839,1476,27673,SD1,1342,1471,1183,-47,4708,3XL-0,214,,,,Galant,27000606,Mitsubishi Galant Sedan 2006 US
Mitsubishi,Galant,,,Sedan,,,gen9,2007-2012,三厢车,4854,1839,1476,106191,SD1,1342,1471,1183,-47,4724,3XL-0,196,,,,Galant,27000712,Mitsubishi Galant Sedan 2007-2012 US
Mitsubishi,Lancer,,,Hatchback,,,gen2,2011,两厢车,4582,1763,1516,20201,H0,1266,1291,1192,-111,4337,无可用尺码,,2L,超长,442,,27031111,Mitsubishi Lancer Hatchback 2011 US
Mitsubishi,Lancer,,,Hatchback,,,gen2,2012-2015,两厢车,4582,1763,1506,56917,H0,1266,1291,1184,-111,4337,无可用尺码,,2L,超长,442,,27031215,Mitsubishi Lancer Hatchback 2012-2015 US
Mitsubishi,Lancer,,,Sedan,,,gen1,2002-2003,三厢车,4511,1694,1374,160342,SD1,1237,1355,1042,-102,4271,3L,229,,,,Lancer,27030203,Mitsubishi Lancer Sedan 2002-2003 US
Mitsubishi,Lancer,,,Sedan,,,gen1,2004-2007,三厢车,4585,1694,1374,105797,SD1,1237,1355,1042,-102,4339,3L,155,,,,Lancer,27030407,Mitsubishi Lancer Sedan 2004-2007 US
Mitsubishi,Lancer,,,Sedan,,,gen2,2008-2010,三厢车,4572,1763,1491,63594,SD1,1287,1410,1165,-76,4392,3L,168,,,,Lancer,27030810,Mitsubishi Lancer Sedan 2008-2010 US
Mitsubishi,Lancer,,,Sedan,,,gen2,2015,三厢车,4572,1763,1481,8845,SD1,1287,1410,1157,-76,4392,3L,168,,,,Lancer,27031515,Mitsubishi Lancer Sedan 2015 US
Mitsubishi,Lancer,,,Sedan,,,gen2,2016-2017,三厢车,4625,1763,1481,27029,SD1,1287,1410,1157,-76,4441,3L,115,,,,Lancer,27031617,Mitsubishi Lancer Sedan 2016-2017 US
Mitsubishi,Mirage,,,Hatchback,,,gen6,2014,两厢车,3780,1666,1501,16708,H0,1196,1220,1141,-146,3510,2L,360,,,,Mirage,27081414,Mitsubishi Mirage Hatchback 2014 US
Mitsubishi,Mirage,,,Hatchback,,,gen6,2015,两厢车,3780,1666,1509,21515,H0,1196,1220,1147,-146,3510,2L,360,,,,Mirage,27081515,Mitsubishi Mirage Hatchback 2015 US
Mitsubishi,Mirage,,,Hatchback,,,gen6,2017-2020,两厢车,3795,1666,1509,46402,H0,1196,1220,1147,-146,3524,2L,345,,,,Mirage | Mirage G4,27081720,Mitsubishi Mirage Hatchback 2017-2020 US
Mitsubishi,Mirage,,,Hatchback,,,gen6,2021-2024,两厢车,3846,1666,1509,38758,H0,1196,1220,1147,-146,3571,2L,294,,,,Mirage | Mirage G4,27082124,Mitsubishi Mirage Hatchback 2021-2024 US
Mitsubishi,Mirage,,,Sedan,,,gen6,2017-2024,三厢车,4305,1669,1504,85159,SD1,1218,1335,1137,-112,4056,3L,435,,,,Mirage | Mirage G4,27081724,Mitsubishi Mirage Sedan 2017-2024 US
Mitsubishi,Montero,,2dr SWB,SUV,,,gen1,1983,越野车,3995,1679,1880,8076,JP,1283,1137,1412,-145,3680,无可用尺码,,YM,超余量,635,,27068383,Mitsubishi Montero 2dr SWB SUV 1983 US
Mitsubishi,Montero,,2dr SWB,SUV,,,gen1,1984-1986,越野车,3995,1679,1829,34946,JP,1283,1137,1371,-145,3680,无可用尺码,,YM,超余量,635,,27068486,Mitsubishi Montero 2dr SWB SUV 1984-1986 US
Mitsubishi,Montero,,2dr SWB,SUV,,,gen1,1987-1989,越野车,4000,1679,1849,52500,JP,1283,1137,1387,-145,3685,无可用尺码,,YM,超余量,630,,27068789,Mitsubishi Montero 2dr SWB SUV 1987-1989 US
Mitsubishi,Montero,,2dr SWB,SUV,,,gen1,1990,越野车,3904,1679,1849,14000,JP,1283,1137,1387,-145,3597,无可用尺码,,YM,超余量,726,Montero,27069090,Mitsubishi Montero 2dr SWB SUV 1990 US
Mitsubishi,Montero,,4dr LS LWB,SUV,,,gen1,1990,越野车,4615,1679,1890,14000,JP,1283,1137,1420,-145,4246,YM,15,,,,Montero,27069090,Mitsubishi Montero 4dr LS LWB SUV 1990 US
Mitsubishi,Montero,,4dr LWB,SUV,,,gen1,1989,越野车,4600,1679,1864,12500,JP,1283,1137,1399,-145,4233,YM,30,,,,,27068989,Mitsubishi Montero 4dr LWB SUV 1989 US
Mitsubishi,Montero,,4dr LWB,SUV,,,gen1,1991,越野车,4666,1679,1890,30000,JP,1283,1137,1420,-145,4293,YL,184,,,,,27069191,Mitsubishi Montero 4dr LWB SUV 1991 US
Mitsubishi,Montero,,,SUV,,,gen2,1992-1997,越野车,4704,1694,1900,111000,SU2,1186,1406,1412,-102,4418,YL,146,,,,Montero | Montero Sport,27069297,Mitsubishi Montero SUV 1992-1997 US
Mitsubishi,Montero,,,SUV,,,gen2,1999-2000,越野车,4740,1775,1900,14000,SU2,1242,1473,1444,-71,4526,YL,110,,,,Montero | Montero Sport,27069900,Mitsubishi Montero SUV 1999-2000 US
Mitsubishi,Montero,,,SUV,,,gen3,2001-2006,越野车,4831,1900,1885,22287,SU2,1330,1577,1481,-23,4726,YL,19,,,,Montero | Montero Sport,27060106,Mitsubishi Montero SUV 2001-2006 US
Mitsubishi,Montero Sport,,,SUV,,,gen1,1997-2004,越野车,4600,1775,1735,333480,SU2,1242,1473,1314,-71,4397,YM,30,,,,Montero Sport,27059704,Mitsubishi Montero Sport SUV 1997-2004 US
Mitsubishi,Outlander,,,SUV,,,gen1,2003,越野车,4549,1750,1605,8001,SU1,1281,1306,1259,-103,4327,YM,81,,,,Outlander,27020303,Mitsubishi Outlander SUV 2003 US
Mitsubishi,Outlander,,,SUV,,,gen1,2004,越野车,4547,1750,1684,11468,SU1,1281,1306,1323,-103,4325,YM,83,,,,Outlander,27020404,Mitsubishi Outlander SUV 2004 US
Mitsubishi,Outlander,,,SUV,,,gen1,2005,越野车,4547,1750,1605,11848,SU1,1281,1306,1259,-103,4325,YM,83,,,,Outlander,27020505,Mitsubishi Outlander SUV 2005 US
Mitsubishi,Outlander,,,SUV,,,gen1,2006,越野车,4547,1750,1684,11493,SU1,1281,1306,1323,-103,4325,YM,83,,,,Outlander,27020606,Mitsubishi Outlander SUV 2006 US
Mitsubishi,Outlander,,,SUV,,,gen2,2007-2009,越野车,4641,1801,1720,47039,SU1,1318,1344,1373,-84,4459,YL,209,,,,Outlander,27020709,Mitsubishi Outlander SUV 2007-2009 US
Mitsubishi,Outlander,,,SUV,,,gen2,2010-2013,越野车,4666,1801,1679,42325,SU1,1318,1344,1339,-84,4482,YL,184,,,,Outlander | Outlander Sport,27021013,Mitsubishi Outlander SUV 2010-2013 US
Mitsubishi,Outlander,,,SUV,,,gen3,2014-2015,越野车,4656,1811,1679,32123,SU1,1326,1351,1343,-81,4482,YL,194,,,,Outlander | Outlander Sport,27021415,Mitsubishi Outlander SUV 2014-2015 US
Mitsubishi,Outlander,,,SUV,,,gen3,2016-2017,越野车,4694,1811,1679,61985,SU1,1326,1351,1343,-81,4517,YL,156,,,,Outlander | Outlander Sport,27021617,Mitsubishi Outlander SUV 2016-2017 US
Mitsubishi,Outlander,,,SUV,,,gen3,2018-2021,越野车,4694,1811,1709,147822,SU1,1326,1351,1368,-81,4517,YL,156,,,,Outlander | Outlander PHEV | Outlander Sport,27021821,Mitsubishi Outlander SUV 2018-2021 US
Mitsubishi,Outlander,,,SUV,,,gen4,2022-2024,越野车,4709,1897,1748,144313,SU1,1389,1415,1434,-49,4611,YL,141,,,,Outlander | Outlander PHEV | Outlander Sport,27022224,Mitsubishi Outlander SUV 2022-2024 US
Mitsubishi,Outlander,,,SUV,,,gen4,2025-2026,越野车,4719,1897,1748,74755,SU1,1389,1415,1434,-49,4620,YL,131,,,,Outlander | Outlander PHEV | Outlander Sport,27022526,Mitsubishi Outlander SUV 2025-2026 US
Mitsubishi,Outlander Sport,,,SUV,,,gen1,2011-2012,越野车,4295,1770,1631,35909,SU1,1296,1320,1288,-96,4110,YM,335,,,,Outlander Sport,27041112,Mitsubishi Outlander Sport SUV 2011-2012 US
Mitsubishi,Outlander Sport,,,SUV,,,gen1,2013-2015,越野车,4295,1770,1646,92971,SU1,1296,1320,1300,-96,4110,YM,335,,,,Outlander Sport,27041315,Mitsubishi Outlander Sport SUV 2013-2015 US
Mitsubishi,Outlander Sport,,,SUV,,,gen1,2016-2025,越野车,4366,1811,1646,259182,SU1,1326,1351,1317,-81,4214,YM,264,,,,Outlander Sport,27041625,Mitsubishi Outlander Sport SUV 2016-2025 US
Mitsubishi,i-MiEV,,,Hatchback,,,gen1,2012,两厢车,3678,1585,1615,588,H1,1141,1182,1212,-169,3326,2L,462,,,,iMiEV,27121212,Mitsubishi i-MiEV Hatchback 2012 US
Mitsubishi,i-MiEV,,,Hatchback,,,gen1,2014,两厢车,3678,1585,1615,196,H1,1141,1182,1212,-169,3326,2L,462,,,,iMiEV,27121414,Mitsubishi i-MiEV Hatchback 2014 US
Mitsubishi,i-MiEV,,,Hatchback,,,gen1,2016-2017,两厢车,3678,1585,1615,100,H1,1141,1182,1212,-169,3326,2L,462,,,,iMiEV,27121617,Mitsubishi i-MiEV Hatchback 2016-2017 US
Nissan,240SX,,,Convertible,,,gen1,1992-1994,跑车,4521,1689,1290,19499,SD0,1199,1142,1190,-165,4132,3M-0,39,,,,240SX,04149294,Nissan 240SX Convertible 1992-1994 US
Nissan,240SX,,,Coupe,,,gen1,1989-1993,跑车,4521,1689,1290,91825,SD0,1199,1142,1190,-165,4132,3M-0,39,,,,240SX,04148993,Nissan 240SX Coupe 1989-1993 US
Nissan,240SX,,,Coupe,,,gen2,1995-1998,跑车,4501,1730,1295,38281,SD0,1228,1169,1213,-151,4152,3M-0,59,,,,240SX,04149598,Nissan 240SX Coupe 1995-1998 US
Nissan,240SX,,Fastback,Hatchback,,,gen1,1989-1993,两厢车,4521,1689,1290,19677,SD0,1199,1142,1190,-165,4132,无可用尺码,,2L,超长,381,240SX,04148993,Nissan 240SX Fastback Hatchback 1989-1993 US
Nissan,240SX,,,Hatchback,,,gen1,1989-1992,两厢车,4521,1689,1290,82128,SD0,1199,1142,1190,-165,4132,无可用尺码,,2L,超长,381,240SX,04148992,Nissan 240SX Hatchback 1989-1992 US
Nissan,300ZX,,2+2,Coupe,,,gen2,1990-1992,跑车,4521,1801,1255,6159,SD0,1279,1217,1209,-126,4234,3M-0,39,,,,300ZX,04129092,Nissan 300ZX 2+2 Coupe 1990-1992 US
Nissan,300ZX,,2+2,Coupe,,,gen2,1993-1996,跑车,4521,1801,1222,2793,SD0,1279,1217,1179,-126,4234,3M-0,39,,,,300ZX,04129396,Nissan 300ZX 2+2 Coupe 1993-1996 US
Nissan,300ZX,,2+2 Coupe,Coupe,,,gen2,1993-1994,跑车,4521,1801,1222,2207,SD0,1279,1217,1179,-126,4234,3M-0,39,,,,300ZX,04129394,Nissan 300ZX 2+2 Coupe Coupe 1993-1994 US
Nissan,300ZX,,2-Seater,Coupe,,,gen2,1993-1994,跑车,4305,1791,1229,2207,SD0,1272,1211,1181,-129,4029,3M-0,255,,,,300ZX,04129394,Nissan 300ZX 2-Seater Coupe 1993-1994 US
Nissan,300ZX,,,Convertible,,,gen2,1990-1994,跑车,4521,1801,1222,39044,SD0,1279,1217,1179,-126,4234,3M-0,39,,,,300ZX,04129094,Nissan 300ZX Convertible 1990-1994 US
Nissan,300ZX,,,Convertible,,,gen2,1995-1996,跑车,4305,1791,1229,2739,SD0,1272,1211,1181,-129,4029,3M-0,255,,,,300ZX,04129596,Nissan 300ZX Convertible 1995-1996 US
Nissan,300ZX,,,Coupe,,,gen1,1984-1985,跑车,4336,1725,1262,141061,SD0,1225,1166,1181,-152,3997,3M-0,224,,,,300ZX,04128485,Nissan 300ZX Coupe 1984-1985 US
Nissan,300ZX,,,Coupe,,,gen1,1986-1989,跑车,4605,1725,1311,132246,SD0,1225,1166,1226,-152,4241,3L-0,135,,,,300ZX,04128689,Nissan 300ZX Coupe 1986-1989 US
Nissan,300ZX,,,Coupe,,,gen2,1990,跑车,4305,1791,1229,17744,SD0,1272,1211,1181,-129,4029,3M-0,255,,,,300ZX,04129090,Nissan 300ZX Coupe 1990 US
Nissan,300ZX,,,Coupe,,,gen2,1991-1992,跑车,4305,1791,1255,11001,SD0,1272,1211,1205,-129,4029,3M-0,255,,,,300ZX,04129192,Nissan 300ZX Coupe 1991-1992 US
Nissan,300ZX,,,Coupe,,,gen2,1995-1996,跑车,4305,1791,1229,2739,SD0,1272,1211,1181,-129,4029,3M-0,255,,,,300ZX,04129596,Nissan 300ZX Coupe 1995-1996 US
Nissan,350Z,,,Convertible,,,gen1,2004-2005,跑车,4303,1816,1328,28984,SD0,1289,1228,1283,-121,4050,3M-0,257,,,,350Z,04170405,Nissan 350Z Convertible 2004-2005 US
Nissan,350Z,,,Convertible,,,gen1,2006-2009,跑车,4313,1816,1334,26966,SD0,1289,1228,1288,-121,4059,3M-0,247,,,,,04170609,Nissan 350Z Convertible 2006-2009 US
Nissan,350Z,,,Coupe,,,gen1,2003-2005,跑车,4308,1816,1318,65712,SD0,1289,1228,1273,-121,4054,3M-0,252,,,,350Z,04170305,Nissan 350Z Coupe 2003-2005 US
Nissan,350Z,,,Coupe,,,gen1,2006-2008,跑车,4313,1816,1334,26963,SD0,1289,1228,1288,-121,4059,3M-0,247,,,,350Z,04170608,Nissan 350Z Coupe 2006-2008 US
Nissan,370Z,,,Convertible,,,gen1,2010-2019,跑车,4247,1844,1326,30058,SD0,1309,1247,1293,-111,4025,3M-0,313,,,,370Z,04181019,Nissan 370Z Convertible 2010-2019 US
Nissan,370Z,,,Coupe,,,gen1,2009-2014,跑车,4247,1844,1316,32436,SD0,1309,1247,1284,-111,4025,3M-0,313,,,,370Z,04180914,Nissan 370Z Coupe 2009-2014 US
Nissan,370Z,,,Coupe,,,gen1,2015-2020,跑车,4254,1844,1316,12343,SD0,1309,1247,1284,-111,4031,3M-0,306,,,,370Z,04181520,Nissan 370Z Coupe 2015-2020 US
Nissan,370Z,,NISMO,Coupe,,,gen1,2015-2020,跑车,4331,1869,1316,2645,SD0,1327,1263,1296,-102,4123,3M-0,229,,,,370Z,04181520,Nissan 370Z NISMO Coupe 2015-2020 US
Nissan,Altima,,,Coupe,,,gen4,2008-2013,跑车,4595,1796,1420,832211,SD1,1311,1437,1121,-63,4444,3L-0,145,,,,Altima,04000813,Nissan Altima Coupe 2008-2013 US
Nissan,Altima,,,Sedan,,,gen1,1993-1997,三厢车,4585,1704,1420,754011,SD1,1244,1363,1084,-98,4349,3L,155,,,,Altima,04009397,Nissan Altima Sedan 1993-1997 US
Nissan,Altima,,,Sedan,,,gen2,1998-2001,三厢车,4719,1755,1425,583292,SD1,1281,1404,1108,-79,4521,3L,21,,,,Altima,04009801,Nissan Altima Sedan 1998-2001 US
Nissan,Altima,,,Sedan,,,gen3,2002-2006,三厢车,4864,1788,1471,1155845,SD1,1305,1430,1159,-66,4686,3XL-0,186,,,,Altima,04000206,Nissan Altima Sedan 2002-2006 US
Nissan,Altima,,,Sedan,,,gen4,2007-2012,三厢车,4844,1796,1481,973736,SD1,1311,1437,1170,-63,4675,3XL-0,206,,,,Altima,04000712,Nissan Altima Sedan 2007-2012 US
Nissan,Altima,,,Sedan,,,gen5,2013-2018,三厢车,4864,1829,1471,1600925,SD1,1335,1463,1175,-50,4724,3XL-0,186,,,,Altima,04001318,Nissan Altima Sedan 2013-2018 US
Nissan,Altima,,,Sedan,,,gen6,2019-2026,三厢车,4900,1852,1458,1010675,SD1,1352,1482,1174,-42,4779,3XL-0,150,,,,Altima,04001926,Nissan Altima Sedan 2019-2026 US
Nissan,Ariya,,,SUV,,,gen1,2023-2026,越野车,4646,1900,1661,48348,SU0,1273,1330,1365,-99,4457,YL,204,,,,ARIYA,04202326,Nissan Ariya SUV 2023-2026 US
Nissan,Armada,,NISMO,SUV,,,gen3,2026,越野车,5357,2116,1946,1766,SU2,1481,1756,1614,59,5413,无可用尺码,,YXL,超长,337,Armada,04102626,Nissan Armada NISMO SUV 2026 US
Nissan,Armada,,PRO-4X,SUV,,,gen3,2025,越野车,5324,2116,1981,17465,SU2,1481,1756,1642,59,5382,无可用尺码,,YXL,超长,304,Armada,04102525,Nissan Armada PRO-4X SUV 2025 US
Nissan,Armada,,,SUV,,,gen1,2004-2007,越野车,5255,2002,1999,141279,SU2,1401,1662,1611,16,5213,无可用尺码,,YXL,超长,235,Armada | Pathfinder Armada,04100407,Nissan Armada SUV 2004-2007 US
Nissan,Armada,,,SUV,,,gen1,2008-2015,越野车,5276,2014,1981,121028,SU2,1410,1672,1602,20,5243,无可用尺码,,YXL,超长,256,Armada,04100815,Nissan Armada SUV 2008-2015 US
Nissan,Armada,,,SUV,,,gen2,2017-2024,越野车,5306,2029,1925,191189,SU2,1420,1684,1563,26,5285,无可用尺码,,YXL,超长,286,Armada,04101724,Nissan Armada SUV 2017-2024 US
Nissan,Armada,,,SUV,,,gen3,2026,越野车,5324,2116,1979,8239,SU2,1481,1756,1640,59,5382,无可用尺码,,YXL,超长,304,Armada,04102626,Nissan Armada SUV 2026 US
Nissan,Cube,,,Wagon,,,gen3,2009-2014,两厢车,3980,1694,1651,76497,H1,1220,1264,1286,-129,3703,2L,160,,,,Cube,04190914,Nissan Cube Wagon 2009-2014 US
Nissan,Frontier,,,Pickup,King,6,gen1,1998,皮卡,4981,1689,1595,46667,P0,1170,1439,1175,-165,4770,PK-S,319,,,,Frontier,04059898,Nissan Frontier Pickup 1998 King 6 US
Nissan,Frontier,,,Pickup,Regular,6,gen1,1998,皮卡,4681,1689,1679,23333,P0,1170,1439,1241,-165,4488,无可用尺码,,PK-S,超余量,619,Frontier,04059898,Nissan Frontier Pickup 1998 Regular 6 US
Nissan,Frontier,,,Pickup,King,6,gen1,1999,皮卡,4981,1826,1742,50667,P0,1265,1556,1345,-118,4899,PK-S,319,,,,Frontier,04059999,Nissan Frontier Pickup 1999 King 6 US
Nissan,Frontier,,,Pickup,Regular,6,gen1,1999,皮卡,4681,1826,1679,25333,P0,1265,1556,1295,-118,4617,无可用尺码,,PK-S,超余量,619,Frontier,04059999,Nissan Frontier Pickup 1999 Regular 6 US
Nissan,Frontier,,,Pickup,Crew,4.5,gen1,2000,皮卡,4905,1826,1674,58182,P0,1265,1556,1291,-118,4827,PK-S,395,,,,Frontier,04050000,Nissan Frontier Pickup 2000 Crew 4.5 US
Nissan,Frontier,,,Pickup,King,6,gen1,2000,皮卡,4981,1689,1590,14545,P0,1170,1439,1171,-165,4770,PK-S,319,,,,Frontier,04050000,Nissan Frontier Pickup 2000 King 6 US
Nissan,Frontier,,,Pickup,Regular,6,gen1,2000,皮卡,4681,1689,1595,7273,P0,1170,1439,1175,-165,4488,无可用尺码,,PK-S,超余量,619,Frontier,04050000,Nissan Frontier Pickup 2000 Regular 6 US
Nissan,Frontier,,,Pickup,Crew,4.5,gen1,2001,皮卡,5080,1826,1674,61091,P0,1265,1556,1291,-118,4992,PK-S,220,,,,Frontier,04050101,Nissan Frontier Pickup 2001 Crew 4.5 US
Nissan,Frontier,,,Pickup,Regular,6,gen1,2001,皮卡,4859,1689,1595,7636,P0,1170,1439,1175,-165,4655,PK-S,441,,,,Frontier,04050101,Nissan Frontier Pickup 2001 Regular 6 US
Nissan,Frontier,,,Pickup,King,6,gen1,2002,皮卡,5154,1720,1605,23948,P0,1192,1465,1195,-154,4962,PK-S,146,,,,Frontier,04050202,Nissan Frontier Pickup 2002 King 6 US
Nissan,Frontier,,,Pickup,Crew,6,gen1,2003,皮卡,5532,1808,1694,40976,P0,1253,1540,1300,-124,5400,PK-L,368,,,,Frontier,04050303,Nissan Frontier Pickup 2003 Crew 6 US
Nissan,Frontier,,,Pickup,King,6,gen1,2003,皮卡,5154,1720,1694,10244,P0,1192,1465,1265,-154,4962,PK-S,146,,,,Frontier,04050303,Nissan Frontier Pickup 2003 King 6 US
Nissan,Frontier,,,Pickup,Crew,4.5,gen1,2004,皮卡,5077,1808,1694,28889,P0,1253,1540,1300,-124,4972,PK-S,223,,,,Frontier,04050404,Nissan Frontier Pickup 2004 Crew 4.5 US
Nissan,Frontier,,,Pickup,Crew,6,gen1,2004,皮卡,5532,1808,1880,28889,P0,1253,1540,1447,-124,5400,PK-L,368,,,,Frontier,04050404,Nissan Frontier Pickup 2004 Crew 6 US
Nissan,Frontier,,,Pickup,King,6,gen1,2004,皮卡,5154,1720,1605,7222,P0,1192,1465,1195,-154,4962,PK-S,146,,,,Frontier,04050404,Nissan Frontier Pickup 2004 King 6 US
Nissan,Frontier,,,Pickup,King,6,gen2,2005-2007,皮卡,5220,1849,1781,23860,P0,1281,1575,1385,-110,5145,PK-S,80,,,,Frontier,04050507,Nissan Frontier Pickup 2005-2007 King 6 US
Nissan,Frontier,,,Pickup,Crew,5,gen2,2005-2021,皮卡,5220,1849,1781,464687,P0,1281,1575,1385,-110,5145,PK-S,80,,,,Frontier,04050521,Nissan Frontier Pickup 2005-2021 Crew 5 US
Nissan,Frontier,,,Pickup,Crew,6,gen2,2005-2021,皮卡,5573,1849,1781,464678,P0,1281,1575,1385,-110,5477,PK-L,327,,,,Frontier,04050521,Nissan Frontier Pickup 2005-2021 Crew 6 US
Nissan,Frontier,,,Pickup,King,6,gen2,2008-2009,皮卡,5220,1849,1770,8046,P0,1281,1575,1376,-110,5145,PK-S,80,,,,Frontier,04050809,Nissan Frontier Pickup 2008-2009 King 6 US
Nissan,Frontier,,,Pickup,King,6,gen2,2010-2013,皮卡,5220,1849,1781,23377,P0,1281,1575,1385,-110,5145,PK-S,80,,,,Frontier,04051013,Nissan Frontier Pickup 2010-2013 King 6 US
Nissan,Frontier,,,Pickup,King,6,gen2,2014-2015,皮卡,5220,1849,1745,15238,P0,1281,1575,1356,-110,5145,PK-S,80,,,,Frontier,04051415,Nissan Frontier Pickup 2014-2015 King 6 US
Nissan,Frontier,,,Pickup,King,6,gen2,2016,皮卡,5220,1849,1770,9658,P0,1281,1575,1376,-110,5145,PK-S,80,,,,Frontier,04051616,Nissan Frontier Pickup 2016 King 6 US
Nissan,Frontier,,,Pickup,King,6,gen2,2017,皮卡,5220,1849,1745,8262,P0,1281,1575,1356,-110,5145,PK-S,80,,,,Frontier,04051717,Nissan Frontier Pickup 2017 King 6 US
Nissan,Frontier,,,Pickup,King,6,gen2,2018-2021,皮卡,5220,1849,1781,27729,P0,1281,1575,1385,-110,5145,PK-S,80,,,,Frontier,04051821,Nissan Frontier Pickup 2018-2021 King 6 US
Nissan,Frontier,,,Pickup,Crew,6,gen3,2022,皮卡,5692,1854,1819,31425,P0,1285,1580,1417,-108,5593,PK-L,208,,,,Frontier,04052222,Nissan Frontier Pickup 2022 Crew 6 US
Nissan,Frontier,,,Pickup,King,6,gen3,2022,皮卡,5339,1854,1831,7856,P0,1285,1580,1426,-108,5261,无可用尺码,,PK-S,超长,39,Frontier,04052222,Nissan Frontier Pickup 2022 King 6 US
Nissan,Frontier,,,Pickup,Crew,5,gen3,2022-2026,皮卡,5339,1897,1852,132150,P0,1315,1616,1460,-92,5302,无可用尺码,,PK-S,超长,39,Frontier,04052226,Nissan Frontier Pickup 2022-2026 Crew 5 US
Nissan,Frontier,,,Pickup,King,6,gen3,2023,皮卡,5339,1854,1814,5572,P0,1285,1580,1413,-108,5261,无可用尺码,,PK-S,超长,39,Frontier,04052323,Nissan Frontier Pickup 2023 King 6 US
Nissan,Frontier,,,Pickup,Crew,6,gen3,2023-2024,皮卡,5692,1854,1811,52578,P0,1285,1580,1410,-108,5593,PK-L,208,,,,Frontier,04052324,Nissan Frontier Pickup 2023-2024 Crew 6 US
Nissan,Frontier,,,Pickup,King,6,gen3,2024,皮卡,5339,1854,1824,7573,P0,1285,1580,1421,-108,5261,无可用尺码,,PK-S,超长,39,Frontier,04052424,Nissan Frontier Pickup 2024 King 6 US
Nissan,Frontier,,,Pickup,Crew,6,gen3,2025,皮卡,5692,1854,1829,28992,P0,1285,1580,1424,-108,5593,PK-L,208,,,,Frontier,04052525,Nissan Frontier Pickup 2025 Crew 6 US
Nissan,Frontier,,,Pickup,King,6,gen3,2025,皮卡,5339,1854,1816,7248,P0,1285,1580,1414,-108,5261,无可用尺码,,PK-S,超长,39,Frontier,04052525,Nissan Frontier Pickup 2025 King 6 US
Nissan,Frontier,,,Pickup,Crew,6,gen3,2026,皮卡,5692,1854,1811,19156,P0,1285,1580,1410,-108,5593,PK-L,208,,,,Frontier,04052626,Nissan Frontier Pickup 2026 Crew 6 US
Nissan,Frontier,,,Pickup,King,6,gen3,2026,皮卡,5339,1854,1831,4789,P0,1285,1580,1426,-108,5261,无可用尺码,,PK-S,超长,39,Frontier,04052626,Nissan Frontier Pickup 2026 King 6 US
Nissan,Frontier,,SC-V6,Pickup,King,6,gen1,2001,皮卡,5159,1826,1674,3273,P0,1265,1556,1291,-118,5066,PK-S,141,,,,Frontier,04050101,Nissan Frontier SC-V6 Pickup 2001 King 6 US
Nissan,Frontier,,SC-V6,Pickup,Crew,4.5,gen1,2002,皮卡,5077,1808,1880,20526,P0,1253,1540,1447,-124,4972,PK-S,223,,,,Frontier,04050202,Nissan Frontier SC-V6 Pickup 2002 Crew 4.5 US
Nissan,Frontier,,SC-V6,Pickup,Crew,6,gen1,2002,皮卡,5532,1808,1880,20526,P0,1253,1540,1447,-124,5400,PK-L,368,,,,Frontier,04050202,Nissan Frontier SC-V6 Pickup 2002 Crew 6 US
Nissan,Frontier,,SC-V6,Pickup,Crew,4.5,gen1,2003,皮卡,5077,1808,1775,8780,P0,1253,1540,1364,-124,4972,PK-S,223,,,,Frontier,04050303,Nissan Frontier SC-V6 Pickup 2003 Crew 4.5 US
Nissan,GT-R,,,Coupe,,,gen1,2009-2016,跑车,4671,1902,1372,12583,SD0,1350,1286,1362,-91,4462,3L-0,69,,,,GTR,04220916,Nissan GT-R Coupe 2009-2016 US
Nissan,GT-R,,NISMO,Coupe,,,gen1,2017-2021,跑车,4709,1895,1372,2858,SD0,1345,1281,1358,-94,4490,3L-0,31,,,,GTR,04221721,Nissan GT-R NISMO Coupe 2017-2021 US
Nissan,GT-R,,NISMO,Coupe,,,gen1,2023-2024,跑车,4709,1895,1369,537,SD0,1345,1281,1356,-94,4490,3L-0,31,,,,GTR,04222324,Nissan GT-R NISMO Coupe 2023-2024 US
Nissan,Juke,,,Crossover,,,gen1,2011-2017,越野车,4125,1765,1570,205440,SU1,1292,1317,1237,-98,3948,YM,505,,,,,04151117,Nissan Juke Crossover 2011-2017 US
Nissan,Kicks,,,SUV,,,gen1,2018-2024,越野车,4295,1760,1585,392037,SU1,1288,1313,1247,-100,4101,YM,335,,,,Kicks | Kicks ePower,04091824,Nissan Kicks SUV 2018-2024 US
Nissan,Kicks,,,SUV,,,gen2,2025-2026,越野车,4366,1801,1631,159343,SU1,1318,1344,1301,-84,4204,YM,264,,,,Kicks | Kicks Play | Kicks ePower,04092526,Nissan Kicks SUV 2025-2026 US
Nissan,Leaf,,,Crossover,,,gen3,2026,越野车,4404,1811,1557,1684,SU0,1213,1268,1245,-130,4156,YM,226,,,,,04162626,Nissan Leaf Crossover 2026 US
Nissan,Leaf,,,Hatchback,,,gen1,2011-2017,两厢车,4445,1770,1549,114808,H0,1271,1296,1222,-108,4218,无可用尺码,,2L,超长,305,,04161117,Nissan Leaf Hatchback 2011-2017 US
Nissan,Leaf,,,Hatchback,,,gen2,2018-2025,两厢车,4481,1791,1567,86427,H0,1286,1311,1245,-101,4270,无可用尺码,,2L,超长,341,,04161825,Nissan Leaf Hatchback 2018-2025 US
Nissan,Maxima,,,Sedan,,,gen1,1981-1984,三厢车,4851,1689,1397,131804,SD2,1689,1689,1077,94,5040,3XL-0,199,,,,Maxima,04038184,Nissan Maxima Sedan 1981-1984 US
Nissan,Maxima,,,Sedan,,,gen2,1985-1988,三厢车,4610,1689,1400,379526,SD2,1689,1689,1079,94,4799,3L,130,,,,Maxima,04038588,Nissan Maxima Sedan 1985-1988 US
Nissan,Maxima,,,Sedan,,,gen3,1989-1994,三厢车,4780,1760,1400,643855,SD1,1285,1408,1090,-77,4582,3XL-0,270,,,,Maxima,04038994,Nissan Maxima Sedan 1989-1994 US
Nissan,Maxima,,,Sedan,,,gen4,1995-1999,三厢车,4811,1770,1435,625234,SD1,1292,1416,1122,-73,4620,3XL-0,239,,,,Maxima,04039599,Nissan Maxima Sedan 1995-1999 US
Nissan,Maxima,,,Sedan,,,gen5,2000-2003,三厢车,4839,1786,1435,417030,SD1,1304,1429,1129,-67,4661,3XL-0,211,,,,Maxima,04030003,Nissan Maxima Sedan 2000-2003 US
Nissan,Maxima,,,Sedan,,,gen6,2004-2008,三厢车,4915,1821,1481,321201,SD1,1329,1457,1180,-54,4764,3XL-0,135,,,,Maxima,04030408,Nissan Maxima Sedan 2004-2008 US
Nissan,Maxima,,,Sedan,,,gen7,2009-2014,三厢车,4841,1859,1468,336303,SD1,1357,1487,1185,-39,4731,3XL-0,209,,,,Maxima,04030914,Nissan Maxima Sedan 2009-2014 US
Nissan,Maxima,,,Sedan,,,gen8,2016-2023,三厢车,4897,1859,1435,258921,SD1,1357,1487,1158,-39,4783,3XL-0,153,,,,Maxima,04031623,Nissan Maxima Sedan 2016-2023 US
Nissan,Maxima,,,Wagon,,,gen1,1981-1984,两厢车,4745,1641,1415,131801,H3,1252,1242,1038,-126,4439,无可用尺码,,5XL,超余量,555,Maxima,04038184,Nissan Maxima Wagon 1981-1984 US
Nissan,Murano,,,SUV,,,gen1,2003-2008,越野车,4765,1880,1689,421707,SU1,1376,1402,1379,-56,4647,YL,85,,,,Murano,04070308,Nissan Murano SUV 2003-2008 US
Nissan,Murano,,,SUV,,,gen2,2009-2014,越野车,4788,1882,1730,303831,SU1,1378,1404,1414,-54,4670,YL,62,,,,Murano,04070914,Nissan Murano SUV 2009-2014 US
Nissan,Murano,,,SUV,,,gen3,2015-2024,越野车,4897,1915,1722,563399,SU1,1402,1429,1420,-42,4801,YXL,123,,,,Murano,04071524,Nissan Murano SUV 2015-2024 US
Nissan,Murano,,,SUV,,,gen4,2025-2026,越野车,4900,1981,1725,62408,SU1,1450,1478,1450,-18,4865,YXL,120,,,,Murano,04072526,Nissan Murano SUV 2025-2026 US
Nissan,Pathfinder,,Narrow-body,SUV,,,gen1,1990-1995,越野车,4366,1689,1694,189000,SU2,1182,1402,1248,-104,4101,YM,264,,,,,04049095,Nissan Pathfinder Narrow-body SUV 1990-1995 US
Nissan,Pathfinder,,Rock Creek,SUV,,,gen5,2025-2026,越野车,5050,1979,1872,229740,SU2,1385,1643,1502,7,5002,无可用尺码,,YXL,超长,30,Pathfinder,04042526,Nissan Pathfinder Rock Creek SUV 2025-2026 US
Nissan,Pathfinder,,,SUV,,,gen1,1987,越野车,4343,1676,1679,30000,SU2,1173,1391,1231,-109,4068,YM,287,,,,Pathfinder,04048787,Nissan Pathfinder SUV 1987 US
Nissan,Pathfinder,,,SUV,,,gen2,1996-2004,越野车,4529,1839,1725,615000,SU1,1346,1372,1392,-70,4390,YM,101,,,,Pathfinder | Pathfinder Armada,04049604,Nissan Pathfinder SUV 1996-2004 US
Nissan,Pathfinder,,,SUV,,,gen3,2005-2011,越野车,4765,1849,1852,311598,SU2,1294,1535,1435,-43,4618,YL,85,,,,Pathfinder,04040511,Nissan Pathfinder SUV 2005-2011 US
Nissan,Pathfinder,,,SUV,,,gen3,2012,越野车,4884,1849,1844,42621,SU2,1294,1535,1429,-43,4728,YXL,136,,,,Pathfinder,04041212,Nissan Pathfinder SUV 2012 US
Nissan,Pathfinder,,,SUV,,,gen4,2013-2020,越野车,5042,1961,1783,594370,SU1,1435,1463,1488,-26,4978,无可用尺码,,YXL,超长,22,Pathfinder,04041320,Nissan Pathfinder SUV 2013-2020 US
Nissan,Pathfinder,,,SUV,,,gen5,2022-2023,越野车,5022,1979,1796,129572,SU2,1385,1643,1442,7,4976,无可用尺码,,YXL,超长,2,Pathfinder,04042223,Nissan Pathfinder SUV 2022-2023 US
Nissan,Pathfinder,,,SUV,,,gen5,2024,越野车,5022,1979,1801,80915,SU2,1385,1643,1446,7,4976,无可用尺码,,YXL,超长,2,Pathfinder,04042424,Nissan Pathfinder SUV 2024 US
Nissan,Pathfinder,,Wide-body,SUV,,,gen1,1988-1995,越野车,4714,1796,1679,281000,SU2,1257,1491,1278,-63,4522,YL,136,,,,,04048895,Nissan Pathfinder Wide-body SUV 1988-1995 US
Nissan,Rogue,,PHEV,SUV,,,gen3,2021-2026,越野车,4648,1839,1689,1253042,SU1,1346,1372,1363,-70,4500,YL,202,,,,Rogue | Rogue Sport,04022126,Nissan Rogue PHEV SUV 2021-2026 US
Nissan,Rogue,,,SUV,,,gen1,2008-2013,越野车,4656,1801,1684,681433,SU1,1318,1344,1343,-84,4473,YL,194,,,,Rogue,04020813,Nissan Rogue SUV 2008-2013 US
Nissan,Rogue,,,SUV,,,gen1,2014-2015,越野车,4656,1801,1659,486389,SU1,1318,1344,1323,-84,4473,YL,194,,,,Rogue,04021415,Nissan Rogue SUV 2014-2015 US
Nissan,Rogue,,,SUV,,,gen2,2016-2020,越野车,4686,1839,1740,1723861,SU1,1346,1372,1404,-70,4536,YL,164,,,,Rogue | Rogue Sport,04021620,Nissan Rogue SUV 2016-2020 US
Nissan,Rogue,,,SUV,,,gen3,2026,越野车,4709,1913,1740,214118,SU1,1400,1427,1434,-43,4625,YL,141,,,,Rogue,04022626,Nissan Rogue SUV 2026 US
Nissan,Rogue Sport,,,SUV,,,gen1,2017-2022,越野车,4389,1836,1610,407687,SU1,1344,1370,1298,-72,4258,YM,241,,,,Rogue Sport,04111722,Nissan Rogue Sport SUV 2017-2022 US
Nissan,Sentra,,2dr,Sedan,,,gen1,1982-1984,三厢车,4249,1621,1384,43089,SD2,1621,1621,1039,60,4370,3L,491,,,,,04018284,Nissan Sentra 2dr Sedan 1982-1984 US
Nissan,Sentra,,2dr,Sedan,,,gen1,1985,三厢车,4199,1621,1384,16765,SD2,1621,1621,1039,60,4320,3L,541,,,,,04018585,Nissan Sentra 2dr Sedan 1985 US
Nissan,Sentra,,2dr,Sedan,,,gen1,1986,三厢车,4285,1641,1384,15529,SD2,1641,1641,1047,70,4426,3L,455,,,,,04018686,Nissan Sentra 2dr Sedan 1986 US
Nissan,Sentra,,4dr,Sedan,,,gen1,1982-1986,三厢车,4285,1641,1379,75383,SD2,1641,1641,1043,70,4426,3L,455,,,,,04018286,Nissan Sentra 4dr Sedan 1982-1986 US
Nissan,Sentra,,,Coupe,,,gen1,1982-1986,跑车,4376,1621,1359,351784,SD2,1621,1621,1018,60,4497,3M-0,184,,,,Sentra,04018286,Nissan Sentra Coupe 1982-1986 US
Nissan,Sentra,,,Coupe,,,gen2,1987,跑车,4234,1666,1331,161000,SD1,1216,1333,996,-113,3987,3M-0,326,,,,Sentra,04018787,Nissan Sentra Coupe 1987 US
Nissan,Sentra,,,Coupe,,,gen2,1988-1989,跑车,4224,1666,1331,286000,SD1,1216,1333,996,-113,3978,3M-0,336,,,,Sentra,04018889,Nissan Sentra Coupe 1988-1989 US
Nissan,Sentra,,,Coupe,,,gen2,1990,跑车,4285,1641,1379,132000,SD1,1198,1313,1025,-122,4011,3M-0,275,,,,Sentra,04019090,Nissan Sentra Coupe 1990 US
Nissan,Sentra,,,Coupe,,,gen3,1993-1994,跑车,4326,1669,1346,116500,SD1,1218,1335,1010,-112,4075,3M-0,234,,,,Sentra,04019394,Nissan Sentra Coupe 1993-1994 US
Nissan,Sentra,,,Hatchback,,,gen1,1982-1983,两厢车,4374,1618,1359,116666,H0,1162,1184,1006,-164,4013,无可用尺码,,2L,超长,234,Sentra,04018283,Nissan Sentra Hatchback 1982-1983 US
Nissan,Sentra,,,Sedan,,,gen3,1991-1992,三厢车,4326,1666,1369,250000,SD1,1216,1333,1027,-113,4073,3L,414,,,,Sentra,04019192,Nissan Sentra Sedan 1991-1992 US
Nissan,Sentra,,,Sedan,,,gen3,1993-1994,三厢车,4326,1669,1374,116500,SD1,1218,1335,1032,-112,4075,3L,414,,,,Sentra,04019394,Nissan Sentra Sedan 1993-1994 US
Nissan,Sentra,,,Sedan,,,gen4,1995-1999,三厢车,4343,1692,1384,486000,SD1,1235,1354,1050,-103,4113,3L,397,,,,Sentra,04019599,Nissan Sentra Sedan 1995-1999 US
Nissan,Sentra,,,Sedan,,,gen5,2000-2006,三厢车,4508,1709,1410,665411,SD1,1248,1367,1077,-96,4282,3L,232,,,,Sentra,04010006,Nissan Sentra Sedan 2000-2006 US
Nissan,Sentra,,,Sedan,,,gen6,2007-2012,三厢车,4567,1791,1511,615081,SD1,1307,1433,1192,-65,4413,3L,173,,,,Sentra,04010712,Nissan Sentra Sedan 2007-2012 US
Nissan,Sentra,,,Sedan,,,gen7,2013-2019,三厢车,4625,1760,1496,1346744,SD1,1285,1408,1167,-77,4438,3L,115,,,,Sentra,04011319,Nissan Sentra Sedan 2013-2019 US
Nissan,Sentra,,,Sedan,,,gen8,2020-2026,三厢车,4641,1816,1445,864063,SD1,1326,1453,1149,-55,4505,3L,99,,,,Sentra,04012026,Nissan Sentra Sedan 2020-2026 US
Nissan,Sentra,,,Wagon,,,gen1,1982-1983,两厢车,4249,1618,1354,116666,H3,1235,1225,980,-135,3956,无可用尺码,,2L,超长,109,Sentra,04018283,Nissan Sentra Wagon 1982-1983 US
Nissan,Sentra,,,Wagon,,,gen1,1984,两厢车,4374,1641,1394,84412,H3,1252,1242,1022,-126,4094,无可用尺码,,2L,超长,234,Sentra,04018484,Nissan Sentra Wagon 1984 US
Nissan,Sentra,,,Wagon,,,gen1,1985-1986,两厢车,4206,1621,1354,150706,H3,1237,1227,982,-134,3919,无可用尺码,,2L,超长,66,Sentra,04018586,Nissan Sentra Wagon 1985-1986 US
Nissan,Versa,,,Hatchback,,,gen1,2007-2012,两厢车,4295,1694,1534,280148,H0,1216,1240,1179,-136,4010,无可用尺码,,2L,超长,155,Versa,04060712,Nissan Versa Hatchback 2007-2012 US
Nissan,Versa,,,Hatchback,,,gen2,2014-2019,两厢车,4158,1694,1537,332851,H0,1216,1240,1181,-136,3884,无可用尺码,,2L,超长,18,Versa | Versa Note,04061419,Nissan Versa Hatchback 2014-2019 US
Nissan,Versa Note,,,Hatchback,,,gen1,2014-2019,两厢车,4158,1694,1537,288000,H0,1216,1240,1181,-136,3884,无可用尺码,,2L,超长,18,Versa Note,04131419,Nissan Versa Note Hatchback 2014-2019 US
Nissan,Versa,,,Sedan,,,gen1,2007-2011,三厢车,4470,1694,1534,223482,SD1,1237,1355,1171,-102,4233,3L,270,,,,Versa,04060711,Nissan Versa Sedan 2007-2011 US
Nissan,Versa,,,Sedan,,,gen2,2012-2019,三厢车,4455,1694,1514,506864,SD1,1237,1355,1155,-102,4219,3L,285,,,,Versa | Versa Note,04061219,Nissan Versa Sedan 2012-2019 US
Nissan,Versa,,,Sedan,,,gen3,2020-2025,三厢车,4496,1740,1466,241288,SD1,1270,1392,1135,-84,4299,3L,244,,,,Versa,04062025,Nissan Versa Sedan 2020-2025 US
Nissan,Versa,,,Sedan,,,gen3,2026,三厢车,4496,1740,1455,28000,SD1,1270,1392,1126,-84,4299,3L,244,,,,Versa,04062626,Nissan Versa Sedan 2026 US
Nissan,Xterra,,,SUV,,,gen1,2000-2004,越野车,4521,1788,1869,375268,SU2,1252,1484,1424,-66,4336,YM,109,,,,Xterra,04080004,Nissan Xterra SUV 2000-2004 US
Nissan,Xterra,,,SUV,,,gen2,2005-2015,越野车,4539,1849,1902,338527,SU2,1294,1535,1474,-43,4409,YM,91,,,,Xterra,04080515,Nissan Xterra SUV 2005-2015 US
Nissan,Z,,,Coupe,,,gen7,2023-2026,跑车,4379,1844,1316,14661,SD0,1309,1247,1284,-111,4144,3M-0,181,,,,Z,04212326,Nissan Z Coupe 2023-2026 US
Nissan,Z,,NISMO,Coupe,,,gen7,2024-2026,跑车,4399,1869,1316,2761,SD0,1327,1263,1296,-102,4185,3M-0,161,,,,Z,04212426,Nissan Z NISMO Coupe 2024-2026 US
Oldsmobile,88,,,Coupe,,,gen1,1949-1950,跑车,5131,1910,1628,235000,SD2,1910,1910,1355,205,5541,无可用尺码,,3XL-0,插片指数超上限,85,88 | Series 88,08014950,Oldsmobile 88 Coupe 1949-1950 US
Oldsmobile,88,,,Coupe,,,gen1,1951-1953,跑车,5182,1930,1618,217500,SD2,1930,1930,1355,215,5612,4XL-0,518,,,,Deluxe 88 | Standard 88 | Super 88,08015153,Oldsmobile 88 Coupe 1951-1953 US
Oldsmobile,88,,,Coupe,,,gen2,1954-1956,跑车,5215,1989,1549,290000,SD2,1989,1989,1323,244,5704,4XL-0,485,,,,88,08015456,Oldsmobile 88 Coupe 1954-1956 US
Oldsmobile,88,,,Coupe,,,gen3,1957-1958,跑车,5258,1994,1443,108334,SD2,1994,1994,1239,247,5752,4XL-0,442,,,,88 | Dynamic 88 | Super 88,08015758,Oldsmobile 88 Coupe 1957-1958 US
Oldsmobile,88,,,Coupe,,,gen4,1959-1960,跑车,5547,2052,1422,111667,SD2,2052,2052,1245,276,6099,4XL-0,153,,,,Dynamic 88 | Super 88,08015960,Oldsmobile 88 Coupe 1959-1960 US
Oldsmobile,88,,,Coupe,,,gen5,1961,跑车,5385,1961,1417,43750,SD2,1961,1961,1204,230,5846,4XL-0,315,,,,Dynamic 88 | Super 88,08016161,Oldsmobile 88 Coupe 1961 US
Oldsmobile,88,,,Coupe,,,gen5,1962,跑车,5461,1996,1397,46250,SD2,1996,1996,1202,248,5957,4XL-0,239,,,,Dynamic 88 | Super 88,08016262,Oldsmobile 88 Coupe 1962 US
Oldsmobile,88,,,Coupe,,,gen5,1963,跑车,5446,1979,1397,47500,SD2,1979,1979,1195,240,5925,4XL-0,254,,,,Dynamic 88 | Super 88,08016363,Oldsmobile 88 Coupe 1963 US
Oldsmobile,88,,,Coupe,,,gen5,1964,跑车,5469,1981,1420,51250,SD2,1981,1981,1215,240,5950,4XL-0,231,,,,Dynamic 88 | Jetstar 88 | Super 88,08016464,Oldsmobile 88 Coupe 1964 US
Oldsmobile,88,,,Coupe,,,gen6,1965,跑车,5509,2032,1389,75000,SD2,2032,2032,1210,266,6041,4XL-0,191,,,,Delta 88,08016565,Oldsmobile 88 Coupe 1965 US
Oldsmobile,88,,,Coupe,,,gen6,1966,跑车,5588,2024,1382,78334,SD2,2024,2024,1201,262,6112,4XL-0,112,,,,Delta 88,08016666,Oldsmobile 88 Coupe 1966 US
Oldsmobile,88,,,Coupe,,,gen6,1967,跑车,5512,2032,1374,81667,SD2,2032,2032,1198,266,6044,4XL-0,188,,,,Delta 88,08016767,Oldsmobile 88 Coupe 1967 US
Oldsmobile,88,,,Coupe,,,gen6,1968-1969,跑车,5552,2032,1374,171667,SD2,2032,2032,1198,266,6084,4XL-0,148,,,,Delta 88,08016869,Oldsmobile 88 Coupe 1968-1969 US
Oldsmobile,88,,,Coupe,,,gen6,1970,跑车,5565,2029,1389,83334,SD2,2029,2029,1209,264,6094,4XL-0,135,,,,Delta 88,08017070,Oldsmobile 88 Coupe 1970 US
Oldsmobile,88,,,Coupe,,,gen7,1971,跑车,5593,2019,1356,117500,SD2,2019,2019,1178,260,6112,4XL-0,107,,,,Delta 88,08017171,Oldsmobile 88 Coupe 1971 US
Oldsmobile,88,,,Coupe,,,gen7,1972,跑车,5761,2027,1361,83334,SD2,2027,2027,1185,264,6288,无可用尺码,,4XL-0,超长,61,Delta 88,08017272,Oldsmobile 88 Coupe 1972 US
Oldsmobile,88,,,Coupe,,,gen7,1973,跑车,5715,2019,1356,135000,SD2,2019,2019,1178,260,6234,无可用尺码,,4XL-0,超长,15,Delta 88,08017373,Oldsmobile 88 Coupe 1973 US
Oldsmobile,88,,,Coupe,,,gen7,1974,跑车,5763,2019,1356,76667,SD2,2019,2019,1178,260,6282,无可用尺码,,4XL-0,超长,63,Delta 88,08017474,Oldsmobile 88 Coupe 1974 US
Oldsmobile,88,,,Coupe,,,gen7,1975,跑车,5763,2027,1361,75000,SD2,2027,2027,1185,264,6290,无可用尺码,,4XL-0,超长,63,Delta 88,08017575,Oldsmobile 88 Coupe 1975 US
Oldsmobile,88,,,Coupe,,,gen7,1976,跑车,5758,2032,1356,107500,SD2,2032,2032,1183,266,6290,无可用尺码,,4XL-0,超长,58,Delta 88,08017676,Oldsmobile 88 Coupe 1976 US
Oldsmobile,88,,,Coupe,,,gen8,1977-1979,跑车,5524,1951,1384,193334,SD2,1951,1951,1173,226,5975,4XL-0,176,,,,Delta 88,08017779,Oldsmobile 88 Coupe 1977-1979 US
Oldsmobile,88,,,Coupe,,,gen8,1980,跑车,5547,1938,1389,51667,SD2,1938,1938,1172,219,5985,4XL-0,153,,,,Delta 88,08018080,Oldsmobile 88 Coupe 1980 US
Oldsmobile,88,,,Coupe,,,gen8,1981-1985,跑车,5540,1938,1384,233335,SD2,1938,1938,1168,219,5978,4XL-0,160,,,,Delta 88,08018185,Oldsmobile 88 Coupe 1981-1985 US
Oldsmobile,88,,,Coupe,,,gen9,1986-1989,跑车,4981,1839,1389,285000,SD2,1839,1839,1131,170,5320,无可用尺码,,3XL-0,插片指数超上限,50,Delta 88,08018689,Oldsmobile 88 Coupe 1986-1989 US
Oldsmobile,88,,,Hatchback,,,gen3,1957-1958,两厢车,5258,1994,1443,108333,SD2,1994,1994,1239,247,5752,5XL,42,,,,88 | Dynamic 88 | Super 88,08015758,Oldsmobile 88 Hatchback 1957-1958 US
Oldsmobile,88,,,Hatchback,,,gen4,1959-1960,两厢车,5547,2052,1422,111667,SD2,2052,2052,1245,276,6099,无可用尺码,,5XL,超长,247,Dynamic 88 | Super 88,08015960,Oldsmobile 88 Hatchback 1959-1960 US
Oldsmobile,88,,,Hatchback,,,gen5,1961-1964,两厢车,5461,1996,1397,188750,SD2,1996,1996,1202,248,5957,无可用尺码,,5XL,超长,161,Dynamic 88 | Jetstar 88 | Super 88,08016164,Oldsmobile 88 Hatchback 1961-1964 US
Oldsmobile,88,,,Hatchback,,,gen6,1965-1970,两厢车,5588,2024,1382,490000,SD2,2024,2024,1201,262,6112,无可用尺码,,5XL,超长,288,Delta 88,08016570,Oldsmobile 88 Hatchback 1965-1970 US
Oldsmobile,88,,,Sedan,,,gen1,1951-1953,三厢车,5182,1930,1618,217500,SD2,1930,1930,1355,215,5612,4XL-0,518,,,,Deluxe 88 | Standard 88 | Super 88,08015153,Oldsmobile 88 Sedan 1951-1953 US
Oldsmobile,88,,,Sedan,,,gen2,1954-1956,三厢车,5215,1989,1549,290000,SD2,1989,1989,1323,244,5704,4XL-0,485,,,,88,08015456,Oldsmobile 88 Sedan 1954-1956 US
Oldsmobile,88,,,Sedan,,,gen3,1957-1958,三厢车,5258,1994,1443,108333,SD2,1994,1994,1239,247,5752,4XL-0,442,,,,88 | Dynamic 88 | Super 88,08015758,Oldsmobile 88 Sedan 1957-1958 US
Oldsmobile,88,,,Sedan,,,gen4,1959-1960,三厢车,5547,2052,1422,111666,SD2,2052,2052,1245,276,6099,4XL-0,153,,,,Dynamic 88 | Super 88,08015960,Oldsmobile 88 Sedan 1959-1960 US
Oldsmobile,88,,,Sedan,,,gen5,1961,三厢车,5385,1961,1417,43750,SD2,1961,1961,1204,230,5846,4XL-0,315,,,,Dynamic 88 | Super 88,08016161,Oldsmobile 88 Sedan 1961 US
Oldsmobile,88,,,Sedan,,,gen5,1962,三厢车,5461,1996,1397,46250,SD2,1996,1996,1202,248,5957,4XL-0,239,,,,Dynamic 88 | Super 88,08016262,Oldsmobile 88 Sedan 1962 US
Oldsmobile,88,,,Sedan,,,gen5,1963,三厢车,5446,1979,1430,47500,SD2,1979,1979,1222,240,5925,4XL-0,254,,,,Dynamic 88 | Super 88,08016363,Oldsmobile 88 Sedan 1963 US
Oldsmobile,88,,,Sedan,,,gen5,1964,三厢车,5469,1981,1420,51250,SD2,1981,1981,1215,240,5950,4XL-0,231,,,,Dynamic 88 | Jetstar 88 | Super 88,08016464,Oldsmobile 88 Sedan 1964 US
Oldsmobile,88,,,Sedan,,,gen6,1965,三厢车,5509,2032,1410,75000,SD2,2032,2032,1227,266,6041,4XL-0,191,,,,Delta 88,08016565,Oldsmobile 88 Sedan 1965 US
Oldsmobile,88,,,Sedan,,,gen6,1966-1967,三厢车,5588,2024,1382,159999,SD2,2024,2024,1201,262,6112,4XL-0,112,,,,Delta 88,08016667,Oldsmobile 88 Sedan 1966-1967 US
Oldsmobile,88,,,Sedan,,,gen6,1968,三厢车,5532,2032,1410,85000,SD2,2032,2032,1227,266,6064,4XL-0,168,,,,Delta 88,08016868,Oldsmobile 88 Sedan 1968 US
Oldsmobile,88,,,Sedan,,,gen6,1969,三厢车,5552,2032,1389,86666,SD2,2032,2032,1210,266,6084,4XL-0,148,,,,Delta 88,08016969,Oldsmobile 88 Sedan 1969 US
Oldsmobile,88,,,Sedan,,,gen6,1970,三厢车,5565,2029,1410,83333,SD2,2029,2029,1226,264,6094,4XL-0,135,,,,Delta 88,08017070,Oldsmobile 88 Sedan 1970 US
Oldsmobile,88,,,Sedan,,,gen7,1971,三厢车,5593,2019,1356,117500,SD2,2019,2019,1178,260,6112,4XL-0,107,,,,Delta 88,08017171,Oldsmobile 88 Sedan 1971 US
Oldsmobile,88,,,Sedan,,,gen7,1972,三厢车,5641,2019,1379,83333,SD2,2019,2019,1197,260,6160,4XL-0,59,,,,Delta 88,08017272,Oldsmobile 88 Sedan 1972 US
Oldsmobile,88,,,Sedan,,,gen7,1973,三厢车,5761,2027,1351,135000,SD2,2027,2027,1177,264,6288,无可用尺码,,4XL-0,超长,61,Delta 88,08017373,Oldsmobile 88 Sedan 1973 US
Oldsmobile,88,,,Sedan,,,gen7,1974,三厢车,5763,2019,1361,76667,SD2,2019,2019,1182,260,6282,无可用尺码,,4XL-0,超长,63,Delta 88,08017474,Oldsmobile 88 Sedan 1974 US
Oldsmobile,88,,,Sedan,,,gen7,1975,三厢车,5763,2027,1379,75000,SD2,2027,2027,1200,264,6290,无可用尺码,,4XL-0,超长,63,Delta 88,08017575,Oldsmobile 88 Sedan 1975 US
Oldsmobile,88,,,Sedan,,,gen7,1976,三厢车,5758,2032,1356,107500,SD2,2032,2032,1183,266,6290,无可用尺码,,4XL-0,超长,58,Delta 88,08017676,Oldsmobile 88 Sedan 1976 US
Oldsmobile,88,,,Sedan,,,gen8,1977-1979,三厢车,5524,1951,1384,193333,SD2,1951,1951,1173,226,5975,4XL-0,176,,,,Delta 88,08017779,Oldsmobile 88 Sedan 1977-1979 US
Oldsmobile,88,,,Sedan,,,gen8,1980,三厢车,5547,1938,1440,51667,SD2,1938,1938,1213,219,5985,4XL-0,153,,,,Delta 88,08018080,Oldsmobile 88 Sedan 1980 US
Oldsmobile,88,,,Sedan,,,gen8,1981-1985,三厢车,5540,1938,1440,233334,SD2,1938,1938,1213,219,5978,4XL-0,160,,,,Delta 88,08018185,Oldsmobile 88 Sedan 1981-1985 US
Oldsmobile,88,,,Sedan,,,gen9,1986,三厢车,4978,1831,1410,82500,SD2,1831,1831,1145,166,5309,无可用尺码,,3XL-0,插片指数超上限,46,Delta 88,08018686,Oldsmobile 88 Sedan 1986 US
Oldsmobile,88,,,Sedan,,,gen9,1987-1988,三厢车,4981,1839,1410,145000,SD2,1839,1839,1149,170,5320,无可用尺码,,3XL-0,插片指数超上限,50,Delta 88,08018788,Oldsmobile 88 Sedan 1987-1988 US
Oldsmobile,88,,,Sedan,,,gen9,1989-1990,三厢车,4986,1844,1369,158643,SD2,1844,1844,1117,172,5330,无可用尺码,,3XL-0,插片指数超上限,52,Delta 88,08018990,Oldsmobile 88 Sedan 1989-1990 US
Oldsmobile,88,,,Sedan,,,gen9,1991,三厢车,5019,1854,1384,88633,SD2,1854,1854,1133,177,5373,无可用尺码,,3XL-0,插片指数超上限,57,Delta 88,08019191,Oldsmobile 88 Sedan 1991 US
Oldsmobile,88,,,Sedan,,,gen10,1992-1995,三厢车,5090,1882,1415,281833,SD2,1882,1882,1170,191,5472,无可用尺码,,3XL-0,插片指数超上限,71,88,08019295,Oldsmobile 88 Sedan 1992-1995 US
Oldsmobile,88,,,Sedan,,,gen10,1996,三厢车,5121,1897,1415,58525,SD2,1897,1897,1176,198,5518,无可用尺码,,3XL-0,插片指数超上限,78,88,08019696,Oldsmobile 88 Sedan 1996 US
Oldsmobile,88,,,Sedan,,,gen10,1997-1999,三厢车,5090,1882,1415,156982,SD2,1882,1882,1170,191,5472,无可用尺码,,3XL-0,插片指数超上限,71,88,08019799,Oldsmobile 88 Sedan 1997-1999 US
Oldsmobile,88,,,Wagon,,,gen5,1961,两厢车,5385,1961,1417,43750,H3,1496,1484,1168,-5,5332,无可用尺码,,5XL,超长,85,Dynamic 88 | Super 88,08016161,Oldsmobile 88 Wagon 1961 US
Oldsmobile,88,,,Wagon,,,gen5,1962,两厢车,5433,1979,1438,46250,H3,1510,1498,1192,2,5393,无可用尺码,,5XL,超长,133,Dynamic 88 | Super 88,08016262,Oldsmobile 88 Wagon 1962 US
Oldsmobile,88,,,Wagon,,,gen5,1963,两厢车,5446,1979,1430,47500,H3,1510,1498,1186,2,5405,无可用尺码,,5XL,超长,146,Dynamic 88 | Super 88,08016363,Oldsmobile 88 Wagon 1963 US
Oldsmobile,88,,,Wagon,,,gen5,1964,两厢车,5469,1981,1420,51250,H3,1512,1500,1178,3,5428,无可用尺码,,5XL,超长,169,Dynamic 88 | Jetstar 88 | Super 88,08016464,Oldsmobile 88 Wagon 1964 US
Oldsmobile,88,,,Wagon,,,gen7,1972,两厢车,5799,2019,1450,83333,H3,1540,1528,1218,17,5771,无可用尺码,,5XL,超长,499,Delta 88,08017272,Oldsmobile 88 Wagon 1972 US
Oldsmobile,88,,,Wagon,,,gen7,1974,两厢车,5872,2019,1361,76666,H3,1540,1528,1146,17,5839,无可用尺码,,5XL,超长,572,Delta 88,08017474,Oldsmobile 88 Wagon 1974 US
Oldsmobile,88,,,Wagon,,,gen7,1975,两厢车,5872,2019,1453,75000,H3,1540,1528,1220,17,5839,无可用尺码,,5XL,超长,572,Delta 88,08017575,Oldsmobile 88 Wagon 1975 US
Oldsmobile,88,,,Wagon,,,gen8,1977-1978,两厢车,5514,2027,1486,133333,H3,1547,1534,1250,20,5513,无可用尺码,,5XL,超长,214,Delta 88,08017778,Oldsmobile 88 Wagon 1977-1978 US
Oldsmobile,88,,,Wagon,,,gen8,1979-1980,两厢车,5573,2027,1486,111666,H3,1547,1534,1250,20,5568,无可用尺码,,5XL,超长,273,Delta 88,08017980,Oldsmobile 88 Wagon 1979-1980 US
Oldsmobile,88,,,Wagon,,,gen8,1981-1985,两厢车,5596,2027,1486,233331,H3,1547,1534,1250,20,5589,无可用尺码,,5XL,超长,296,Delta 88,08018185,Oldsmobile 88 Wagon 1981-1985 US
Oldsmobile,Achieva,,,Coupe,,,gen1,1992-1998,跑车,4773,1730,1359,174500,SD1,1263,1384,1045,-88,4548,3XL-0,277,,,,Achieva,08039298,Oldsmobile Achieva Coupe 1992-1998 US
Oldsmobile,Achieva,,,Sedan,,,gen1,1992-1998,三厢车,4773,1730,1359,174500,SD1,1263,1384,1045,-88,4548,3XL-0,277,,,,Achieva,08039298,Oldsmobile Achieva Sedan 1992-1998 US
Oldsmobile,Alero,,,Coupe,,,gen1,1999-2004,跑车,4742,1781,1384,348829,SD1,1300,1425,1086,-69,4566,3XL-0,308,,,,Alero,08029904,Oldsmobile Alero Coupe 1999-2004 US
Oldsmobile,Alero,,,Sedan,,,gen1,1999-2004,三厢车,4742,1781,1384,348827,SD1,1300,1425,1086,-69,4566,3XL-0,308,,,,Alero,08029904,Oldsmobile Alero Sedan 1999-2004 US
Oldsmobile,Aurora,,,Sedan,,,gen1,1995-1999,三厢车,5217,1890,1407,145247,SD1,1380,1512,1148,-27,5110,3XXL-550,283,,,,Aurora,08069599,Oldsmobile Aurora Sedan 1995-1999 US
Oldsmobile,Aurora,,,Sedan,,,gen2,2001-2003,三厢车,5062,1852,1440,68552,SD1,1352,1482,1159,-42,4930,3XXL-550,438,,,,Aurora,08060103,Oldsmobile Aurora Sedan 2001-2003 US
Oldsmobile,Bravada,,,SUV,,,gen1,1991-1994,越野车,4544,1661,1628,46040,SU2,1163,1379,1185,-114,4240,YM,86,,,,Bravada,08059194,Oldsmobile Bravada SUV 1991-1994 US
Oldsmobile,Bravada,,,SUV,,,gen2,1996-2001,越野车,4602,1722,1648,158473,SU2,1205,1429,1225,-92,4350,YM,28,,,,Bravada,08059601,Oldsmobile Bravada SUV 1996-2001 US
Oldsmobile,Bravada,,,SUV,,,gen3,2002-2004,越野车,4872,1915,1892,24362,SU1,1402,1429,1558,-42,4778,YXL,148,,,,Bravada,08050204,Oldsmobile Bravada SUV 2002-2004 US
Oldsmobile,Custom Cruiser,,455 V8,Wagon,,,gen1,1976,两厢车,5867,2032,1450,22316,H3,1550,1538,1223,22,5846,无可用尺码,,5XL,超长,567,Custom Cruiser,08077676,Oldsmobile Custom Cruiser 455 V8 Wagon 1976 US
Oldsmobile,Cutlass,,Ciera,Coupe,,,gen6,1983,跑车,4785,1765,1374,165000,SD2,1765,1765,1089,132,5050,无可用尺码,,3XL-0,插片指数超上限,12,Cutlass Calais | Cutlass Ciera | Cutlass Cruiser | Cutlass Supreme,08008383,Oldsmobile Cutlass Ciera Coupe 1983 US
Oldsmobile,Cutlass,,Ciera,Coupe,,,gen6,1984-1991,跑车,4834,1765,1374,549321,SD2,1765,1765,1089,132,5099,无可用尺码,,3XL-0,插片指数超上限,12,Cutlass | Cutlass Calais | Cutlass Ciera | Cutlass Cruiser | Cutlass Salon | Cutlass Supreme,08008491,Oldsmobile Cutlass Ciera Coupe 1984-1991 US
Oldsmobile,Cutlass,,Ciera,Sedan,,,gen6,1983-1988,三厢车,4785,1765,1374,626667,SD2,1765,1765,1089,132,5050,无可用尺码,,3XL-0,插片指数超上限,12,Cutlass | Cutlass Calais | Cutlass Ciera | Cutlass Cruiser | Cutlass Salon | Cutlass Supreme,08008388,Oldsmobile Cutlass Ciera Sedan 1983-1988 US
Oldsmobile,Cutlass,,Ciera,Sedan,,,gen6,1989,三厢车,4834,1765,1374,32609,SD2,1765,1765,1089,132,5099,无可用尺码,,3XL-0,插片指数超上限,12,Cutlass | Cutlass Calais | Cutlass Ciera | Cutlass Cruiser | Cutlass Supreme,08008989,Oldsmobile Cutlass Ciera Sedan 1989 US
Oldsmobile,Cutlass,,Ciera,Sedan,,,gen6,1990,三厢车,4907,1765,1374,31952,SD2,1765,1765,1089,132,5172,无可用尺码,,3XL-0,插片指数超上限,12,Cutlass | Cutlass Calais | Cutlass Ciera | Cutlass Cruiser | Cutlass Supreme,08009090,Oldsmobile Cutlass Ciera Sedan 1990 US
Oldsmobile,Cutlass,,Ciera,Sedan,,,gen6,1991-1996,三厢车,4834,1765,1374,246834,SD2,1765,1765,1089,132,5099,无可用尺码,,3XL-0,插片指数超上限,12,Cutlass | Cutlass Calais | Cutlass Ciera | Cutlass Cruiser | Cutlass Supreme,08009196,Oldsmobile Cutlass Ciera Sedan 1991-1996 US
Oldsmobile,Cutlass,,Ciera,Wagon,,,gen6,1984-1996,两厢车,4963,1765,1384,773058,H3,1347,1336,1063,-79,4757,5XL,337,,,,Cutlass | Cutlass Calais | Cutlass Ciera | Cutlass Cruiser | Cutlass Salon | Cutlass Supreme,08008496,Oldsmobile Cutlass Ciera Wagon 1984-1996 US
Oldsmobile,Cutlass,,,Convertible,,,gen2,1965,跑车,5189,1890,1372,62366,SD2,1890,1890,1138,195,5579,4XL-0,511,,,,Cutlass,08006565,Oldsmobile Cutlass Convertible 1965 US
Oldsmobile,Cutlass,,,Convertible,,,gen2,1966,跑车,5187,1938,1346,63334,SD2,1938,1938,1137,219,5625,4XL-0,513,,,,Cutlass,08006666,Oldsmobile Cutlass Convertible 1966 US
Oldsmobile,Cutlass,,,Convertible,,,gen2,1967,跑车,5187,1930,1361,73334,SD2,1930,1930,1146,215,5617,4XL-0,513,,,,Cutlass | Cutlass Supreme,08006767,Oldsmobile Cutlass Convertible 1967 US
Oldsmobile,Cutlass,,,Convertible,,,gen3,1968,跑车,5121,1935,1341,62500,SD2,1935,1935,1131,218,5556,无可用尺码,,3XL-0,插片指数超上限,98,Cutlass | Cutlass Supreme,08006868,Oldsmobile Cutlass Convertible 1968 US
Oldsmobile,Cutlass,,,Convertible,,,gen3,1969,跑车,5171,1951,1344,67500,SD2,1951,1951,1140,226,5622,4XL-0,529,,,,Cutlass | Cutlass Supreme,08006969,Oldsmobile Cutlass Convertible 1969 US
Oldsmobile,Cutlass,,,Convertible,,,gen3,1970,跑车,5161,1935,1344,75000,SD2,1935,1935,1134,218,5596,4XL-0,539,,,,Cutlass | Cutlass Supreme,08007070,Oldsmobile Cutlass Convertible 1970 US
Oldsmobile,Cutlass,,,Convertible,,,gen3,1971-1972,跑车,5171,1951,1344,172500,SD2,1951,1951,1140,226,5622,4XL-0,529,,,,Cutlass | Cutlass Supreme,08007172,Oldsmobile Cutlass Convertible 1971-1972 US
Oldsmobile,Cutlass,,,Coupe,,,gen2,1965,跑车,5189,1890,1372,62366,SD2,1890,1890,1138,195,5579,4XL-0,511,,,,Cutlass,08006565,Oldsmobile Cutlass Coupe 1965 US
Oldsmobile,Cutlass,,,Coupe,,,gen2,1966,跑车,5187,1938,1346,63333,SD2,1938,1938,1137,219,5625,4XL-0,513,,,,Cutlass,08006666,Oldsmobile Cutlass Coupe 1966 US
Oldsmobile,Cutlass,,,Coupe,,,gen2,1967,跑车,5187,1930,1361,73333,SD2,1930,1930,1146,215,5617,4XL-0,513,,,,Cutlass | Cutlass Supreme,08006767,Oldsmobile Cutlass Coupe 1967 US
Oldsmobile,Cutlass,,,Coupe,,,gen3,1968,跑车,5121,1935,1341,62500,SD2,1935,1935,1131,218,5556,无可用尺码,,3XL-0,插片指数超上限,98,Cutlass | Cutlass Supreme,08006868,Oldsmobile Cutlass Coupe 1968 US
Oldsmobile,Cutlass,,,Coupe,,,gen3,1969,跑车,5171,1951,1346,67500,SD2,1951,1951,1142,226,5622,4XL-0,529,,,,Cutlass | Cutlass Supreme,08006969,Oldsmobile Cutlass Coupe 1969 US
Oldsmobile,Cutlass,,,Coupe,,,gen3,1970,跑车,5161,1935,1344,75000,SD2,1935,1935,1134,218,5596,4XL-0,539,,,,Cutlass | Cutlass Supreme,08007070,Oldsmobile Cutlass Coupe 1970 US
Oldsmobile,Cutlass,,,Coupe,,,gen3,1971-1972,跑车,5171,1951,1346,172500,SD2,1951,1951,1142,226,5622,4XL-0,529,,,,Cutlass | Cutlass Supreme,08007172,Oldsmobile Cutlass Coupe 1971-1972 US
Oldsmobile,Cutlass,,,Coupe,,,gen4,1973,跑车,5306,1943,1349,200000,SD2,1943,1943,1141,222,5749,4XL-0,394,,,,Cutlass | Cutlass Supreme,08007373,Oldsmobile Cutlass Coupe 1973 US
Oldsmobile,Cutlass,,,Coupe,,,gen4,1974,跑车,5372,1943,1349,175000,SD2,1943,1943,1141,222,5815,4XL-0,328,,,,Cutlass | Cutlass Supreme,08007474,Oldsmobile Cutlass Coupe 1974 US
Oldsmobile,Cutlass,,,Coupe,,,gen4,1975-1976,跑车,5377,1948,1349,460000,SD2,1948,1948,1143,224,5825,4XL-0,323,,,,Cutlass | Cutlass Salon | Cutlass Supreme | Cutlass Tiara,08007576,Oldsmobile Cutlass Coupe 1975-1976 US
Oldsmobile,Cutlass,,,Coupe,,,gen4,1977,跑车,5324,1935,1356,316371,SD2,1935,1935,1144,218,5759,4XL-0,376,,,,Cutlass | Cutlass Salon | Cutlass Supreme,08007777,Oldsmobile Cutlass Coupe 1977 US
Oldsmobile,Cutlass,,,Coupe,,,gen6,1989-1991,跑车,4882,1803,1392,409039,SD2,1803,1803,1119,152,5185,无可用尺码,,3XL-0,插片指数超上限,32,Cutlass | Cutlass Calais | Cutlass Ciera | Cutlass Cruiser | Cutlass Supreme,08008991,Oldsmobile Cutlass Coupe 1989-1991 US
Oldsmobile,Cutlass,,F-85 Cutlass,Convertible,,,gen2,1964,跑车,5156,1887,1372,167002,SD2,1887,1887,1137,194,5543,4XL-0,544,,,,Cutlass,08006464,Oldsmobile Cutlass F-85 Cutlass Convertible 1964 US
Oldsmobile,Cutlass,,F-85/Cutlass,Convertible,,,gen1,1962,跑车,4780,1819,1341,24346,SD2,1819,1819,1084,160,5099,无可用尺码,,3L-0,超长,40,Cutlass,08006262,Oldsmobile Cutlass F-85/Cutlass Convertible 1962 US
Oldsmobile,Cutlass,,F-85/Cutlass,Coupe,,,gen1,1962-1963,跑车,4780,1816,1328,64893,SD2,1816,1816,1072,158,5096,无可用尺码,,3XL-0,插片指数超上限,38,Cutlass,08006263,Oldsmobile Cutlass F-85/Cutlass Coupe 1962-1963 US
Oldsmobile,Cutlass,,F-85/Cutlass,Sedan,,,gen1,1961,三厢车,4780,1816,1328,40174,SD2,1816,1816,1072,158,5096,无可用尺码,,3XL-0,插片指数超上限,38,Cutlass,08006161,Oldsmobile Cutlass F-85/Cutlass Sedan 1961 US
Oldsmobile,Cutlass,,F-85/Cutlass,Sedan,,,gen1,1962-1963,三厢车,4882,1872,1372,64891,SD2,1872,1872,1131,186,5254,无可用尺码,,3XL-0,插片指数超上限,66,Cutlass,08006263,Oldsmobile Cutlass F-85/Cutlass Sedan 1962-1963 US
Oldsmobile,Cutlass,,F-85/Cutlass,Wagon,,,gen1,1961,两厢车,4780,1816,1328,40173,H3,1386,1375,1039,-60,4634,5XL,520,,,,Cutlass,08006161,Oldsmobile Cutlass F-85/Cutlass Wagon 1961 US
Oldsmobile,Cutlass,,F-85/Cutlass,Wagon,,,gen1,1962-1963,两厢车,4882,1872,1372,64891,H3,1428,1417,1096,-39,4781,5XL,418,,,,Cutlass,08006263,Oldsmobile Cutlass F-85/Cutlass Wagon 1962-1963 US
Oldsmobile,Cutlass,,FWD,Sedan,,,gen7,1997-1999,三厢车,4877,1763,1445,96522,SD1,1287,1410,1127,-76,4675,3XL-0,173,,,,Cutlass | Cutlass Supreme,08009799,Oldsmobile Cutlass FWD Sedan 1997-1999 US
Oldsmobile,Cutlass,,RWD,Coupe,,,gen5,1979,跑车,5083,1811,1356,480000,SD2,1811,1811,1093,156,5394,无可用尺码,,3XL-0,插片指数超上限,36,Cutlass | Cutlass Calais | Cutlass Salon | Cutlass Supreme,08007979,Oldsmobile Cutlass RWD Coupe 1979 US
Oldsmobile,Cutlass,,RWD,Sedan,,,gen5,1978,三厢车,5022,1811,1377,500000,SD2,1811,1811,1110,156,5333,无可用尺码,,3XL-0,插片指数超上限,36,Cutlass | Cutlass Calais | Cutlass Salon | Cutlass Supreme,08007878,Oldsmobile Cutlass RWD Sedan 1978 US
Oldsmobile,Cutlass,,RWD,Sedan,,,gen5,1981,三厢车,5057,1826,1374,454000,SD2,1826,1826,1114,163,5383,无可用尺码,,3XL-0,插片指数超上限,43,Cutlass | Cutlass Calais | Cutlass Cruiser | Cutlass Supreme,08008181,Oldsmobile Cutlass RWD Sedan 1981 US
Oldsmobile,Cutlass,,,Sedan,,,gen2,1965,三厢车,5189,1890,1367,62365,SD2,1890,1890,1134,195,5579,4XL-0,511,,,,Cutlass,08006565,Oldsmobile Cutlass Sedan 1965 US
Oldsmobile,Cutlass,,,Sedan,,,gen2,1966,三厢车,5187,1915,1384,63333,SD2,1915,1915,1158,208,5602,4XL-0,513,,,,Cutlass,08006666,Oldsmobile Cutlass Sedan 1966 US
Oldsmobile,Cutlass,,,Sedan,,,gen2,1967,三厢车,5187,1930,1382,73333,SD2,1930,1930,1163,215,5617,4XL-0,513,,,,Cutlass | Cutlass Supreme,08006767,Oldsmobile Cutlass Sedan 1967 US
Oldsmobile,Cutlass,,,Sedan,,,gen3,1968-1972,三厢车,5273,1951,1359,377500,SD2,1951,1951,1153,226,5724,4XL-0,427,,,,Cutlass | Cutlass Supreme,08006872,Oldsmobile Cutlass Sedan 1968-1972 US
Oldsmobile,Cutlass,,,Sedan,,,gen4,1973,三厢车,5408,1943,1372,200000,SD2,1943,1943,1160,222,5851,4XL-0,292,,,,Cutlass | Cutlass Supreme,08007373,Oldsmobile Cutlass Sedan 1973 US
Oldsmobile,Cutlass,,,Sedan,,,gen4,1974,三厢车,5474,1943,1372,175000,SD2,1943,1943,1160,222,5917,4XL-0,226,,,,Cutlass | Cutlass Supreme,08007474,Oldsmobile Cutlass Sedan 1974 US
Oldsmobile,Cutlass,,,Sedan,,,gen4,1975-1976,三厢车,5479,1948,1374,460000,SD2,1948,1948,1164,224,5927,4XL-0,221,,,,Cutlass | Cutlass Salon | Cutlass Supreme | Cutlass Tiara,08007576,Oldsmobile Cutlass Sedan 1975-1976 US
Oldsmobile,Cutlass,,,Sedan,,,gen4,1977,三厢车,5466,1948,1374,316371,SD2,1948,1948,1164,224,5914,4XL-0,234,,,,Cutlass | Cutlass Salon | Cutlass Supreme,08007777,Oldsmobile Cutlass Sedan 1977 US
Oldsmobile,Cutlass,,Supreme,Coupe,,,gen6,1991-1996,跑车,4925,1803,1354,246834,SD2,1803,1803,1088,152,5228,无可用尺码,,3XL-0,插片指数超上限,32,Cutlass | Cutlass Calais | Cutlass Ciera | Cutlass Cruiser | Cutlass Supreme,08009196,Oldsmobile Cutlass Supreme Coupe 1991-1996 US
Oldsmobile,Cutlass,,Supreme,Coupe,,,gen6,1997,跑车,4925,1816,1387,10343,SD2,1816,1816,1120,158,5241,无可用尺码,,3XL-0,插片指数超上限,38,Cutlass | Cutlass Supreme,08009797,Oldsmobile Cutlass Supreme Coupe 1997 US
Oldsmobile,Cutlass,,Supreme,Sedan,,,gen6,1991-1995,三厢车,4920,1803,1392,224329,SD2,1803,1803,1119,152,5223,无可用尺码,,3XL-0,插片指数超上限,32,Cutlass | Cutlass Calais | Cutlass Ciera | Cutlass Cruiser | Cutlass Supreme,08009195,Oldsmobile Cutlass Supreme Sedan 1991-1995 US
Oldsmobile,Cutlass,,Supreme,Sedan,,,gen6,1996,三厢车,4920,1803,1354,22502,SD2,1803,1803,1088,152,5223,无可用尺码,,3XL-0,插片指数超上限,32,Cutlass | Cutlass Ciera | Cutlass Supreme,08009696,Oldsmobile Cutlass Supreme Sedan 1996 US
Oldsmobile,Cutlass,,Supreme,Sedan,,,gen6,1997,三厢车,4920,1826,1430,10343,SD2,1826,1826,1160,163,5246,无可用尺码,,3XL-0,插片指数超上限,43,Cutlass | Cutlass Supreme,08009797,Oldsmobile Cutlass Supreme Sedan 1997 US
Oldsmobile,Cutlass,,,Wagon,,,gen3,1968-1972,两厢车,5273,1951,1402,377500,H3,1489,1477,1152,-8,5218,5XL,27,,,,Cutlass | Cutlass Supreme,08006872,Oldsmobile Cutlass Wagon 1968-1972 US
Oldsmobile,Intrigue,,,Sedan,,,gen1,1998-2002,三厢车,4976,1869,1438,299139,SD1,1364,1495,1165,-35,4866,3XL-0,74,,,,Intrigue,08049802,Oldsmobile Intrigue Sedan 1998-2002 US
Plymouth,Acclaim,,,Sedan,,,gen1,1989-1995,三厢车,4602,1730,1410,523596,SD2,1730,1730,1104,115,4832,3L,138,,,,Acclaim,20038995,Plymouth Acclaim Sedan 1989-1995 US
Plymouth,Barracuda,,Barracuda 318 V8,Coupe,,,gen3,1974,跑车,4968,1920,1293,5867,SD2,1920,1920,1086,210,5388,无可用尺码,,3XL-0,插片指数超上限,90,Barracuda,20047474,Plymouth Barracuda Barracuda 318 V8 Coupe 1974 US
Plymouth,Barracuda,,,Coupe,,,gen1,1964-1966,跑车,4780,1781,1369,126068,SD2,1781,1781,1091,140,5061,无可用尺码,,3XL-0,插片指数超上限,20,Barracuda,20046466,Plymouth Barracuda Coupe 1964-1966 US
Plymouth,Barracuda,,,Coupe,,,gen2,1967-1969,跑车,4897,1819,1344,69962,SD2,1819,1819,1087,160,5216,无可用尺码,,3XL-0,插片指数超上限,40,Barracuda,20046769,Plymouth Barracuda Coupe 1967-1969 US
Plymouth,Barracuda,,,Coupe,,,gen3,1970-1973,跑车,4742,1902,1300,103130,SD2,1902,1902,1085,201,5144,无可用尺码,,3L-0,插片指数超上限,81,Barracuda,20047073,Plymouth Barracuda Coupe 1970-1973 US
Plymouth,Barracuda,,Cuda 360,Coupe,,,gen3,1974,跑车,4968,1920,1303,5867,SD2,1920,1920,1094,210,5388,无可用尺码,,3XL-0,插片指数超上限,90,Barracuda,20047474,Plymouth Barracuda Cuda 360 Coupe 1974 US
Plymouth,Barracuda,,,Fastback,,,gen2,1967-1969,跑车,4897,1819,1364,69961,SD2,1819,1819,1103,160,5216,无可用尺码,,3XL-0,插片指数超上限,40,Barracuda,20046769,Plymouth Barracuda Fastback 1967-1969 US
Plymouth,Breeze,,,Sedan,,,gen1,1996-2000,三厢车,4742,1821,1379,233465,SD1,1329,1457,1098,-54,4604,3XL-0,308,,,,Breeze,20059600,Plymouth Breeze Sedan 1996-2000 US
Plymouth,Fury,,2dr Hardtop V-800,Coupe,,,gen1,1960,跑车,5319,1996,1384,12300,SD2,1996,1996,1191,248,5815,4XL-0,381,,,,Fury,20016060,Plymouth Fury 2dr Hardtop V-800 Coupe 1960 US
Plymouth,Fury,,4dr Hardtop V-800,Sedan,,,gen1,1960,三厢车,5319,1996,1387,12300,SD2,1996,1996,1194,248,5815,4XL-0,381,,,,Fury,20016060,Plymouth Fury 4dr Hardtop V-800 Sedan 1960 US
Plymouth,Fury,,Belvedere Fury,Hardtop,,,gen0,1956,跑车,5202,1895,1494,4485,SD2,1895,1895,1240,198,5597,4XL-0,498,,,,Fury,20015656,Plymouth Fury Belvedere Fury Hardtop 1956 US
Plymouth,Fury,,,Convertible,,,gen1,1961,跑车,5321,2032,1382,13667,SD2,2032,2032,1204,266,5853,4XL-0,379,,,,Fury,20016161,Plymouth Fury Convertible 1961 US
Plymouth,Fury,,,Convertible,,,gen2,1962,跑车,5131,1920,1372,10755,SD2,1920,1920,1151,210,5551,无可用尺码,,3XL-0,插片指数超上限,90,Fury,20016262,Plymouth Fury Convertible 1962 US
Plymouth,Fury,,,Convertible,,,gen2,1964,跑车,5245,1920,1405,23250,SD2,1920,1920,1177,210,5665,4XL-0,455,,,,Fury,20016464,Plymouth Fury Convertible 1964 US
Plymouth,Fury,,,Convertible,,,gen3,1965,跑车,5319,1981,1394,63334,SD2,1981,1981,1193,240,5800,4XL-0,381,,,,Fury | Fury II | Fury III,20016565,Plymouth Fury Convertible 1965 US
Plymouth,Fury,,,Convertible,,,gen3,1966,跑车,5329,1999,1367,59000,SD2,1999,1999,1179,250,5828,4XL-0,371,,,,Fury | Fury II | Fury III,20016666,Plymouth Fury Convertible 1966 US
Plymouth,Fury,,,Convertible,,,gen3,1968,跑车,5410,1974,1430,58334,SD2,1974,1974,1220,237,5884,4XL-0,290,,,,Fury | Fury I | Fury II | Fury III,20016868,Plymouth Fury Convertible 1968 US
Plymouth,Fury,,,Coupe,,,gen0,1957-1958,跑车,5235,2017,1364,12741,SD2,2017,2017,1184,258,5752,4XL-0,465,,,,Fury,20015758,Plymouth Fury Coupe 1957-1958 US
Plymouth,Fury,,,Coupe,,,gen1,1959,跑车,5288,1981,1374,37032,SD2,1981,1981,1177,240,5769,4XL-0,412,,,,Fury,20015959,Plymouth Fury Coupe 1959 US
Plymouth,Fury,,,Coupe,,,gen1,1961,跑车,5321,2032,1377,13667,SD2,2032,2032,1200,266,5853,4XL-0,379,,,,Fury,20016161,Plymouth Fury Coupe 1961 US
Plymouth,Fury,,,Coupe,,,gen2,1962,跑车,5131,1920,1427,10755,SD2,1920,1920,1195,210,5551,无可用尺码,,3XL-0,插片指数超上限,90,Fury,20016262,Plymouth Fury Coupe 1962 US
Plymouth,Fury,,,Coupe,,,gen2,1963,跑车,5207,1920,1372,26324,SD2,1920,1920,1151,210,5627,4XL-0,493,,,,Fury,20016363,Plymouth Fury Coupe 1963 US
Plymouth,Fury,,,Coupe,,,gen2,1964,跑车,5245,1920,1382,23250,SD2,1920,1920,1159,210,5665,4XL-0,455,,,,Fury,20016464,Plymouth Fury Coupe 1964 US
Plymouth,Fury,,,Coupe,,,gen3,1965-1968,跑车,5413,1981,1430,267166,SD2,1981,1981,1223,240,5894,4XL-0,287,,,,Fury | Fury I | Fury II | Fury III,20016568,Plymouth Fury Coupe 1965-1968 US
Plymouth,Fury,,,Coupe,,,gen4,1969-1972,跑车,5448,2022,1417,425500,SD2,2022,2022,1229,261,5970,4XL-0,252,,,,Fury | Fury I | Fury II | Fury III,20016972,Plymouth Fury Coupe 1969-1972 US
Plymouth,Fury,,,Coupe,,,gen4,1973,跑车,5674,2027,1425,100000,SD2,2027,2027,1237,264,6201,4XL-0,26,,,,Fury | Fury I | Fury II | Fury III,20017373,Plymouth Fury Coupe 1973 US
Plymouth,Fury,,,Coupe,,,gen4,1974,跑车,5585,2029,1392,52500,SD2,2029,2029,1211,264,6114,4XL-0,115,,,,Fury | Fury I | Fury II | Fury III,20017474,Plymouth Fury Coupe 1974 US
Plymouth,Fury,,,Coupe,,,gen5,1975-1978,跑车,5431,1974,1344,136500,SD2,1974,1974,1150,237,5905,4XL-0,269,,,,Fury,20017578,Plymouth Fury Coupe 1975-1978 US
Plymouth,Fury,,Fast Top,Coupe,,,gen3,1968,跑车,5410,1974,1430,12500,SD2,1974,1974,1220,237,5884,4XL-0,290,,,,Fury,20016868,Plymouth Fury Fast Top Coupe 1968 US
Plymouth,Fury,,Hardtop,Coupe,,,gen3,1968,跑车,5410,1974,1430,12500,SD2,1974,1974,1220,237,5884,4XL-0,290,,,,Fury,20016868,Plymouth Fury Hardtop Coupe 1968 US
Plymouth,Fury,,,Sedan,,,gen1,1959-1960,三厢车,5288,1981,1438,94432,SD2,1981,1981,1229,240,5769,4XL-0,412,,,,Fury,20015960,Plymouth Fury Sedan 1959-1960 US
Plymouth,Fury,,,Sedan,,,gen1,1961,三厢车,5321,2032,1382,13666,SD2,2032,2032,1204,266,5853,4XL-0,379,,,,Fury,20016161,Plymouth Fury Sedan 1961 US
Plymouth,Fury,,,Sedan,,,gen2,1962,三厢车,5131,1920,1427,10755,SD2,1920,1920,1195,210,5551,无可用尺码,,3XL-0,插片指数超上限,90,Fury,20016262,Plymouth Fury Sedan 1962 US
Plymouth,Fury,,,Sedan,,,gen2,1963,三厢车,5207,1989,1438,26324,SD2,1989,1989,1232,244,5696,4XL-0,493,,,,Fury,20016363,Plymouth Fury Sedan 1963 US
Plymouth,Fury,,,Sedan,,,gen2,1964,三厢车,5245,1920,1400,23250,SD2,1920,1920,1173,210,5665,4XL-0,455,,,,Fury,20016464,Plymouth Fury Sedan 1964 US
Plymouth,Fury,,,Sedan,,,gen3,1965,三厢车,5319,1981,1422,63333,SD2,1981,1981,1216,240,5800,4XL-0,381,,,,Fury | Fury II | Fury III,20016565,Plymouth Fury Sedan 1965 US
Plymouth,Fury,,,Sedan,,,gen3,1966-1968,三厢车,5413,1981,1430,203833,SD2,1981,1981,1223,240,5894,4XL-0,287,,,,Fury | Fury I | Fury II | Fury III,20016668,Plymouth Fury Sedan 1966-1968 US
Plymouth,Fury,,,Sedan,,,gen4,1969-1972,三厢车,5448,2022,1417,425500,SD2,2022,2022,1229,261,5970,4XL-0,252,,,,Fury | Fury I | Fury II | Fury III,20016972,Plymouth Fury Sedan 1969-1972 US
Plymouth,Fury,,,Sedan,,,gen4,1973,三厢车,5674,2027,1425,100000,SD2,2027,2027,1237,264,6201,4XL-0,26,,,,Fury | Fury I | Fury II | Fury III,20017373,Plymouth Fury Sedan 1973 US
Plymouth,Fury,,,Sedan,,,gen4,1974,三厢车,5585,2029,1392,52500,SD2,2029,2029,1211,264,6114,4XL-0,115,,,,Fury | Fury I | Fury II | Fury III,20017474,Plymouth Fury Sedan 1974 US
Plymouth,Fury,,,Sedan,,,gen5,1975-1978,三厢车,5537,1996,1336,136500,SD2,1996,1996,1152,248,6033,4XL-0,163,,,,Fury,20017578,Plymouth Fury Sedan 1975-1978 US
Plymouth,Fury,,Sport Fury,Convertible,,,gen1,1959,跑车,5288,1981,1374,7936,SD2,1981,1981,1177,240,5769,4XL-0,412,,,,Fury,20015959,Plymouth Fury Sport Fury Convertible 1959 US
Plymouth,Fury,,Sport Fury,Convertible,,,gen2,1963,跑车,5207,1920,1372,5641,SD2,1920,1920,1151,210,5627,4XL-0,493,,,,Fury,20016363,Plymouth Fury Sport Fury Convertible 1963 US
Plymouth,Fury,,,Wagon,,,gen2,1962-1964,两厢车,5334,1920,1427,60327,H3,1465,1453,1160,-20,5246,无可用尺码,,5XL,超长,34,Fury,20016264,Plymouth Fury Wagon 1962-1964 US
Plymouth,Laser,,,Coupe,,,gen1,1990-1991,跑车,4331,1689,1306,72303,SD0,1199,1142,1205,-165,3960,3M-0,229,,,,Laser,20089091,Plymouth Laser Coupe 1990-1991 US
Plymouth,Laser,,,Coupe,,,gen1,1992,跑车,4389,1694,1306,24094,SD0,1203,1145,1207,-163,4017,3M-0,171,,,,Laser,20089292,Plymouth Laser Coupe 1992 US
Plymouth,Laser,,,Coupe,,,gen1,1993,跑车,4384,1694,1321,14300,SD0,1203,1145,1221,-163,4013,3M-0,176,,,,Laser,20089393,Plymouth Laser Coupe 1993 US
Plymouth,Laser,,,Coupe,,,gen1,1994,跑车,4389,1694,1321,5284,SD0,1203,1145,1221,-163,4017,3M-0,171,,,,Laser,20089494,Plymouth Laser Coupe 1994 US
Plymouth,Neon,,,Coupe,,,gen1,1995,跑车,4364,1707,1389,120095,SD1,1246,1366,1060,-97,4146,3M-0,196,,,,Neon,20029595,Plymouth Neon Coupe 1995 US
Plymouth,Neon,,,Coupe,,,gen1,1996-1999,跑车,4364,1712,1394,417126,SD1,1250,1370,1066,-95,4151,3M-0,196,,,,Neon,20029699,Plymouth Neon Coupe 1996-1999 US
Plymouth,Neon,,,Sedan,,,gen1,1995,三厢车,4364,1707,1389,120094,SD1,1246,1366,1060,-97,4146,3L,376,,,,Neon,20029595,Plymouth Neon Sedan 1995 US
Plymouth,Neon,,,Sedan,,,gen1,1996-1999,三厢车,4364,1707,1394,417123,SD1,1246,1366,1064,-97,4146,3L,376,,,,Neon,20029699,Plymouth Neon Sedan 1996-1999 US
Plymouth,Neon,,,Sedan,,,gen2,2000-2001,三厢车,4430,1712,1422,300685,SD1,1250,1370,1088,-95,4212,3L,310,,,,Neon,20020001,Plymouth Neon Sedan 2000-2001 US
Plymouth,Road Runner,,,Coupe,,,gen1,1968-1970,跑车,5149,1941,1349,167125,SD2,1941,1941,1140,220,5590,无可用尺码,,3XL-0,插片指数超上限,100,Road Runner,20066870,Plymouth Road Runner Coupe 1968-1970 US
Plymouth,Road Runner,,,Coupe,,,gen2,1971,跑车,5161,2009,1339,13664,SD2,2009,2009,1160,254,5670,4XL-0,539,,,,Road Runner,20067171,Plymouth Road Runner Coupe 1971 US
Plymouth,Road Runner,,,Coupe,,,gen2,1972,跑车,5156,2009,1344,6861,SD2,2009,2009,1164,254,5665,4XL-0,544,,,,Road Runner,20067272,Plymouth Road Runner Coupe 1972 US
Plymouth,Road Runner,,,Coupe,,,gen2,1973,跑车,5354,2009,1334,19056,SD2,2009,2009,1156,254,5863,4XL-0,346,,,,Road Runner,20067373,Plymouth Road Runner Coupe 1973 US
Plymouth,Road Runner,,,Coupe,,,gen2,1974,跑车,5395,2009,1326,9646,SD2,2009,2009,1149,254,5904,4XL-0,305,,,,Road Runner,20067474,Plymouth Road Runner Coupe 1974 US
Plymouth,Road Runner,,,Coupe,,,gen3,1975,跑车,5431,1966,1336,7183,SD2,1966,1966,1140,233,5897,4XL-0,269,,,,Road Runner,20067575,Plymouth Road Runner Coupe 1975 US
Plymouth,Sundance,,,Hatchback,,,gen1,1992-1994,两厢车,4366,1709,1349,177447,H0,1227,1251,1035,-130,4089,无可用尺码,,2L,超长,226,Sundance,20079294,Plymouth Sundance Hatchback 1992-1994 US
Plymouth,Valiant,,,Convertible,,,gen2,1963,跑车,4745,1748,1349,56264,SD2,1748,1748,1062,124,4993,无可用尺码,,3XL-0,插片指数超上限,4,Valiant,20006363,Plymouth Valiant Convertible 1963 US
Plymouth,Valiant,,,Convertible,,,gen2,1964-1966,跑车,4780,1781,1359,133221,SD2,1781,1781,1083,140,5061,无可用尺码,,3XL-0,插片指数超上限,20,Valiant,20006466,Plymouth Valiant Convertible 1964-1966 US
Plymouth,Valiant,,,Coupe,,,gen2,1963,跑车,4745,1748,1349,56264,SD2,1748,1748,1062,124,4993,无可用尺码,,3XL-0,插片指数超上限,4,Valiant,20006363,Plymouth Valiant Coupe 1963 US
Plymouth,Valiant,,,Coupe,,,gen2,1964-1966,跑车,4780,1781,1359,133218,SD2,1781,1781,1083,140,5061,无可用尺码,,3XL-0,插片指数超上限,20,Valiant,20006466,Plymouth Valiant Coupe 1964-1966 US
Plymouth,Valiant,,,Coupe,,,gen3,1967-1972,跑车,4785,1806,1372,1017101,SD2,1806,1806,1104,153,5091,无可用尺码,,3XL-0,插片指数超上限,33,Valiant,20006772,Plymouth Valiant Coupe 1967-1972 US
Plymouth,Valiant,,Duster,Coupe,,,gen4,1973-1976,跑车,5004,1821,1356,170495,SD2,1821,1821,1097,160,5325,无可用尺码,,3XL-0,插片指数超上限,40,Valiant,20007376,Plymouth Valiant Duster Coupe 1973-1976 US
Plymouth,Valiant,,Scamp,Coupe,,,gen4,1973-1976,跑车,5070,1821,1346,170494,SD2,1821,1821,1089,160,5391,无可用尺码,,3XL-0,插片指数超上限,40,Valiant,20007376,Plymouth Valiant Scamp Coupe 1973-1976 US
Plymouth,Valiant,,,Sedan,,,gen1,1960-1962,三厢车,4679,1788,1356,247332,SD2,1788,1788,1084,144,4967,无可用尺码,,3L-0,插片指数超上限,24,Valiant,20006062,Plymouth Valiant Sedan 1960-1962 US
Plymouth,Valiant,,,Sedan,,,gen2,1963,三厢车,4745,1748,1349,56264,SD2,1748,1748,1062,124,4993,无可用尺码,,3XL-0,插片指数超上限,4,Valiant,20006363,Plymouth Valiant Sedan 1963 US
Plymouth,Valiant,,,Sedan,,,gen2,1964-1966,三厢车,4780,1781,1359,133218,SD2,1781,1781,1083,140,5061,无可用尺码,,3XL-0,插片指数超上限,20,Valiant,20006466,Plymouth Valiant Sedan 1964-1966 US
Plymouth,Valiant,,,Sedan,,,gen3,1972,三厢车,4785,1803,1379,165186,SD2,1803,1803,1109,152,5088,无可用尺码,,3XL-0,插片指数超上限,32,Valiant,20007272,Plymouth Valiant Sedan 1972 US
Plymouth,Valiant,,,Sedan,,,gen4,1973-1976,三厢车,5070,1803,1372,795639,SD2,1803,1803,1103,152,5373,无可用尺码,,3XL-0,插片指数超上限,32,Valiant,20007376,Plymouth Valiant Sedan 1973-1976 US
Plymouth,Valiant,,,Wagon,,,gen1,1960,两厢车,4679,1788,1339,97146,H3,1364,1354,1036,-70,4514,无可用尺码,,2L,超长,539,Valiant,20006060,Plymouth Valiant Wagon 1960 US
Plymouth,Valiant,,,Wagon,,,gen1,1961,两厢车,4679,1788,1356,71539,H3,1364,1354,1050,-70,4514,无可用尺码,,2L,超长,539,Valiant,20006161,Plymouth Valiant Wagon 1961 US
Plymouth,Valiant,,,Wagon,,,gen1,1962,两厢车,4679,1788,1339,78647,H3,1364,1354,1036,-70,4514,无可用尺码,,2L,超长,539,Valiant,20006262,Plymouth Valiant Wagon 1962 US
Plymouth,Valiant,,,Wagon,,,gen2,1963,两厢车,4745,1748,1349,56264,H3,1334,1323,1028,-86,4538,无可用尺码,,5XL,超余量,555,Valiant,20006363,Plymouth Valiant Wagon 1963 US
Plymouth,Valiant,,,Wagon,,,gen2,1964-1966,两厢车,4796,1781,1359,133218,H3,1359,1348,1050,-73,4617,5XL,504,,,,Valiant,20006466,Plymouth Valiant Wagon 1964-1966 US
Polestar,1,,,Coupe,,,gen1,2020-2021,跑车,4585,1958,1351,250,SD0,1390,1324,1368,-72,4435,3L-0,155,,,,Polestar 1,45032021,Polestar 1 Coupe 2020-2021 US
Polestar,2,,,Hatchback,,,gen1,2021-2025,两厢车,4605,1859,1481,31807,SD1,1357,1487,1195,-39,4512,无可用尺码,,2L,超长,465,Polestar 2,45002125,Polestar 2 Hatchback 2021-2025 US
Polestar,3,,,SUV,,,gen1,2025-2026,越野车,4900,1966,1618,8300,SU1,1439,1467,1357,-24,4851,YXL,120,,,,Polestar 3,45012526,Polestar 3 SUV 2025-2026 US
Polestar,4,,,SUV,,,gen1,2026,越野车,4839,2009,1534,1200,SU0,1346,1406,1306,-62,4732,YL,11,,,,,45022626,Polestar 4 SUV 2026 US
Pontiac,Astre,,,Hatchback,,,gen1,1975-1977,两厢车,4511,1661,1270,66737,H0,1193,1216,951,-148,4178,无可用尺码,,2L,超长,371,Astre,09097577,Pontiac Astre Hatchback 1975-1977 US
Pontiac,Astre,,Safari,Wagon,,,gen1,1975-1977,两厢车,4481,1661,1270,14301,H3,1267,1257,930,-119,4212,无可用尺码,,2L,超长,341,Astre,09097577,Pontiac Astre Safari Wagon 1975-1977 US
Pontiac,Astre,,,Sedan,,,gen1,1975-1977,三厢车,4511,1661,1270,66735,SD2,1661,1661,962,80,4672,3L,229,,,,Astre,09097577,Pontiac Astre Sedan 1975-1977 US
Pontiac,Aztec,,,Crossover,,,gen1,2001-2005,越野车,4625,1872,1694,108077,SU1,1370,1397,1380,-58,4510,YM,5,,,,,09100105,Pontiac Aztec Crossover 2001-2005 US
Pontiac,Bonneville,,,Convertible,,,gen0,1957,跑车,5431,1910,1488,630,SD2,1910,1910,1241,205,5841,4XL-0,269,,,,Bonneville,09015757,Pontiac Bonneville Convertible 1957 US
Pontiac,Bonneville,,,Convertible,,,gen1,1958,跑车,5377,1966,1415,3000,SD2,1966,1966,1204,233,5843,4XL-0,323,,,,Bonneville,09015858,Pontiac Bonneville Convertible 1958 US
Pontiac,Bonneville,,,Convertible,,,gen2,1959-1960,跑车,5606,2050,1422,54001,SD2,2050,2050,1244,275,6156,4XL-0,94,,,,Bonneville,09015960,Pontiac Bonneville Convertible 1959-1960 US
Pontiac,Bonneville,,,Convertible,,,gen3,1961,跑车,5512,1986,1412,29867,SD2,1986,1986,1210,243,5998,4XL-0,188,,,,Bonneville,09016161,Pontiac Bonneville Convertible 1961 US
Pontiac,Bonneville,,,Convertible,,,gen3,1962,跑车,5552,1996,1394,24889,SD2,1996,1996,1199,248,6048,4XL-0,148,,,,Bonneville,09016262,Pontiac Bonneville Convertible 1962 US
Pontiac,Bonneville,,,Convertible,,,gen3,1963,跑车,5560,1999,1400,21778,SD2,1999,1999,1206,250,6059,4XL-0,140,,,,Bonneville,09016363,Pontiac Bonneville Convertible 1963 US
Pontiac,Bonneville,,,Convertible,,,gen3,1964,跑车,5588,2012,1400,21778,SD2,2012,2012,1211,256,6100,4XL-0,112,,,,Bonneville,09016464,Pontiac Bonneville Convertible 1964 US
Pontiac,Bonneville,,,Convertible,,,gen4,1965-1968,跑车,5631,2022,1379,116667,SD2,2022,2022,1198,261,6153,4XL-0,69,,,,Bonneville,09016568,Pontiac Bonneville Convertible 1965-1968 US
Pontiac,Bonneville,,,Convertible,,,gen4,1969,跑车,5677,2027,1379,29556,SD2,2027,2027,1200,264,6204,4XL-0,23,,,,Bonneville,09016969,Pontiac Bonneville Convertible 1969 US
Pontiac,Bonneville,,,Convertible,,,gen4,1970,跑车,5705,2027,1397,26445,SD2,2027,2027,1215,264,6232,无可用尺码,,4XL-0,超长,5,Bonneville,09017070,Pontiac Bonneville Convertible 1970 US
Pontiac,Bonneville,,,Convertible,,,gen5,1971-1976,跑车,5695,2019,1367,76223,SD2,2019,2019,1187,260,6214,4XL-0,5,,,,Bonneville,09017176,Pontiac Bonneville Convertible 1971-1976 US
Pontiac,Bonneville,,,Coupe,,,gen1,1958,跑车,5377,1966,1448,3000,SD2,1966,1966,1231,233,5843,4XL-0,323,,,,Bonneville,09015858,Pontiac Bonneville Coupe 1958 US
Pontiac,Bonneville,,,Coupe,,,gen2,1959-1960,跑车,5606,2050,1422,54000,SD2,2050,2050,1244,275,6156,4XL-0,94,,,,Bonneville,09015960,Pontiac Bonneville Coupe 1959-1960 US
Pontiac,Bonneville,,,Coupe,,,gen3,1961-1964,跑车,5512,1986,1417,98312,SD2,1986,1986,1214,243,5998,4XL-0,188,,,,Bonneville,09016164,Pontiac Bonneville Coupe 1961-1964 US
Pontiac,Bonneville,,,Coupe,,,gen4,1965-1968,跑车,5631,2022,1422,116667,SD2,2022,2022,1233,261,6153,4XL-0,69,,,,Bonneville,09016568,Pontiac Bonneville Coupe 1965-1968 US
Pontiac,Bonneville,,,Coupe,,,gen4,1969,跑车,5677,2027,1397,29556,SD2,2027,2027,1215,264,6204,4XL-0,23,,,,Bonneville,09016969,Pontiac Bonneville Coupe 1969 US
Pontiac,Bonneville,,,Coupe,,,gen4,1970,跑车,5705,2027,1397,26444,SD2,2027,2027,1215,264,6232,无可用尺码,,4XL-0,超长,5,Bonneville,09017070,Pontiac Bonneville Coupe 1970 US
Pontiac,Bonneville,,,Coupe,,,gen5,1971,跑车,5695,2019,1364,9956,SD2,2019,2019,1184,260,6214,4XL-0,5,,,,Bonneville,09017171,Pontiac Bonneville Coupe 1971 US
Pontiac,Bonneville,,,Coupe,,,gen5,1972,跑车,5740,2022,1377,14000,SD2,2022,2022,1196,261,6262,无可用尺码,,4XL-0,超长,40,Bonneville,09017272,Pontiac Bonneville Coupe 1972 US
Pontiac,Bonneville,,,Coupe,,,gen5,1973,跑车,5710,2022,1382,17111,SD2,2022,2022,1200,261,6232,无可用尺码,,4XL-0,超长,10,Bonneville,09017373,Pontiac Bonneville Coupe 1973 US
Pontiac,Bonneville,,,Coupe,,,gen5,1974-1976,跑车,5740,2022,1377,35155,SD2,2022,2022,1196,261,6262,无可用尺码,,4XL-0,超长,40,Bonneville,09017476,Pontiac Bonneville Coupe 1974-1976 US
Pontiac,Bonneville,,,Coupe,,,gen6,1977-1979,跑车,5385,1910,1433,84744,SD2,1910,1910,1196,205,5795,4XL-0,315,,,,Bonneville,09017779,Pontiac Bonneville Coupe 1977-1979 US
Pontiac,Bonneville,,,Coupe,,,gen6,1980,跑车,5436,1941,1389,22581,SD2,1941,1941,1173,220,5877,4XL-0,264,,,,Bonneville,09018080,Pontiac Bonneville Coupe 1980 US
Pontiac,Bonneville,,,Coupe,,,gen6,1981,跑车,5433,1941,1422,20323,SD2,1941,1941,1200,220,5874,4XL-0,267,,,,Bonneville,09018181,Pontiac Bonneville Coupe 1981 US
Pontiac,Bonneville,,Grand Safari,Wagon,,,gen5,1971,两厢车,5847,2029,1468,2133,H3,1548,1536,1236,21,5825,无可用尺码,,5XL,超长,547,Bonneville,09017171,Pontiac Bonneville Grand Safari Wagon 1971 US
Pontiac,Bonneville,,Grand Safari,Wagon,,,gen5,1972,两厢车,5847,2019,1468,3000,H3,1540,1528,1232,17,5815,无可用尺码,,5XL,超长,547,Bonneville,09017272,Pontiac Bonneville Grand Safari Wagon 1972 US
Pontiac,Bonneville,,Grand Safari,Wagon,,,gen5,1973,两厢车,5812,2029,1468,3667,H3,1548,1536,1236,21,5792,无可用尺码,,5XL,超长,512,Bonneville,09017373,Pontiac Bonneville Grand Safari Wagon 1973 US
Pontiac,Bonneville,,Grand Safari,Wagon,,,gen5,1974-1976,两厢车,5875,2022,1460,7534,H3,1543,1531,1227,18,5844,无可用尺码,,5XL,超长,575,Bonneville,09017476,Pontiac Bonneville Grand Safari Wagon 1974-1976 US
Pontiac,Bonneville,,Grand Safari,Wagon,,,gen6,1977,两厢车,5453,1915,1455,6618,H3,1461,1450,1180,-22,5352,无可用尺码,,5XL,超长,153,Bonneville,09017777,Pontiac Bonneville Grand Safari Wagon 1977 US
Pontiac,Bonneville,,Grand Safari,Wagon,,,gen6,1978,两厢车,5464,2032,1455,5735,H3,1550,1538,1227,22,5471,无可用尺码,,5XL,超长,164,Bonneville,09017878,Pontiac Bonneville Grand Safari Wagon 1978 US
Pontiac,Bonneville,,,Hatchback,,,gen1,1958,两厢车,5347,1966,1501,3000,H0,1412,1439,1262,-37,5228,无可用尺码,,5XL,超长,47,Bonneville,09015858,Pontiac Bonneville Hatchback 1958 US
Pontiac,Bonneville,,Safari,Wagon,,,gen3,1961-1964,两厢车,5405,1999,1448,21065,H3,1525,1513,1208,10,5386,无可用尺码,,5XL,超长,105,Bonneville,09016164,Pontiac Bonneville Safari Wagon 1961-1964 US
Pontiac,Bonneville,,Safari,Wagon,,,gen4,1965-1968,两厢车,5535,2022,1422,25000,H3,1543,1531,1196,18,5528,无可用尺码,,5XL,超长,235,Bonneville,09016568,Pontiac Bonneville Safari Wagon 1965-1968 US
Pontiac,Bonneville,,Safari,Wagon,,,gen4,1969,两厢车,5601,2027,1422,6333,H3,1547,1534,1198,20,5594,无可用尺码,,5XL,超长,301,Bonneville,09016969,Pontiac Bonneville Safari Wagon 1969 US
Pontiac,Bonneville,,Safari,Wagon,,,gen4,1970,两厢车,5611,2027,1425,5667,H3,1547,1534,1201,20,5603,无可用尺码,,5XL,超长,311,Bonneville,09017070,Pontiac Bonneville Safari Wagon 1970 US
Pontiac,Bonneville,,Safari,Wagon,,,gen6,1977-1981,两厢车,5504,2029,1450,27353,H3,1548,1536,1222,21,5506,无可用尺码,,5XL,超长,204,Bonneville,09017781,Pontiac Bonneville Safari Wagon 1977-1981 US
Pontiac,Bonneville,,,Sedan,,,gen1,1958,三厢车,5377,1966,1448,3000,SD2,1966,1966,1231,233,5843,4XL-0,323,,,,Bonneville,09015858,Pontiac Bonneville Sedan 1958 US
Pontiac,Bonneville,,,Sedan,,,gen2,1959-1960,三厢车,5606,2050,1422,53999,SD2,2050,2050,1244,275,6156,4XL-0,94,,,,Bonneville,09015960,Pontiac Bonneville Sedan 1959-1960 US
Pontiac,Bonneville,,,Sedan,,,gen3,1961-1964,三厢车,5512,1986,1417,98311,SD2,1986,1986,1214,243,5998,4XL-0,188,,,,Bonneville,09016164,Pontiac Bonneville Sedan 1961-1964 US
Pontiac,Bonneville,,,Sedan,,,gen4,1965-1968,三厢车,5631,2022,1422,116666,SD2,2022,2022,1233,261,6153,4XL-0,69,,,,Bonneville,09016568,Pontiac Bonneville Sedan 1965-1968 US
Pontiac,Bonneville,,,Sedan,,,gen4,1969,三厢车,5677,2027,1397,29555,SD2,2027,2027,1215,264,6204,4XL-0,23,,,,Bonneville,09016969,Pontiac Bonneville Sedan 1969 US
Pontiac,Bonneville,,,Sedan,,,gen4,1970,三厢车,5705,2027,1397,26444,SD2,2027,2027,1215,264,6232,无可用尺码,,4XL-0,超长,5,Bonneville,09017070,Pontiac Bonneville Sedan 1970 US
Pontiac,Bonneville,,,Sedan,,,gen5,1971,三厢车,5695,2019,1364,9955,SD2,2019,2019,1184,260,6214,4XL-0,5,,,,Bonneville,09017171,Pontiac Bonneville Sedan 1971 US
Pontiac,Bonneville,,,Sedan,,,gen5,1972,三厢车,5740,2022,1377,14000,SD2,2022,2022,1196,261,6262,无可用尺码,,4XL-0,超长,40,Bonneville,09017272,Pontiac Bonneville Sedan 1972 US
Pontiac,Bonneville,,,Sedan,,,gen5,1973,三厢车,5710,2022,1382,17111,SD2,2022,2022,1200,261,6232,无可用尺码,,4XL-0,超长,10,Bonneville,09017373,Pontiac Bonneville Sedan 1973 US
Pontiac,Bonneville,,,Sedan,,,gen5,1974-1976,三厢车,5740,2022,1377,35155,SD2,2022,2022,1196,261,6262,无可用尺码,,4XL-0,超长,40,Bonneville,09017476,Pontiac Bonneville Sedan 1974-1976 US
Pontiac,Bonneville,,,Sedan,,,gen6,1977-1979,三厢车,5385,1910,1433,84744,SD2,1910,1910,1196,205,5795,4XL-0,315,,,,Bonneville,09017779,Pontiac Bonneville Sedan 1977-1979 US
Pontiac,Bonneville,,,Sedan,,,gen6,1980,三厢车,5436,1941,1389,22580,SD2,1941,1941,1173,220,5877,4XL-0,264,,,,Bonneville,09018080,Pontiac Bonneville Sedan 1980 US
Pontiac,Bonneville,,,Sedan,,,gen6,1981,三厢车,5410,1930,1422,20322,SD2,1930,1930,1195,215,5840,4XL-0,290,,,,Bonneville,09018181,Pontiac Bonneville Sedan 1981 US
Pontiac,Bonneville,,,Sedan,,,gen7,1982,三厢车,5044,1811,1417,35000,SD2,1811,1811,1143,156,5355,无可用尺码,,3XL-0,插片指数超上限,36,Bonneville,09018282,Pontiac Bonneville Sedan 1982 US
Pontiac,Bonneville,,,Sedan,,,gen7,1983-1984,三厢车,5042,1819,1417,105000,SD2,1819,1819,1146,160,5361,无可用尺码,,3XL-0,插片指数超上限,40,Bonneville,09018384,Pontiac Bonneville Sedan 1983-1984 US
Pontiac,Bonneville,,,Sedan,,,gen7,1985-1986,三厢车,5085,1819,1417,100000,SD2,1819,1819,1146,160,5404,无可用尺码,,3XL-0,插片指数超上限,40,Bonneville,09018586,Pontiac Bonneville Sedan 1985-1986 US
Pontiac,Bonneville,,,Sedan,,,gen8,1987-1991,三厢车,5047,1839,1410,456663,SD2,1839,1839,1149,170,5386,无可用尺码,,3XL-0,插片指数超上限,50,Bonneville,09018791,Pontiac Bonneville Sedan 1987-1991 US
Pontiac,Bonneville,,,Sedan,,,gen9,1992,三厢车,5095,1869,1410,116002,SD2,1869,1869,1161,184,5464,无可用尺码,,3XL-0,插片指数超上限,64,Bonneville,09019292,Pontiac Bonneville Sedan 1992 US
Pontiac,Bonneville,,,Sedan,,,gen9,1993-1995,三厢车,5067,1869,1410,270723,SD2,1869,1869,1161,184,5436,无可用尺码,,3XL-0,插片指数超上限,64,Bonneville,09019395,Pontiac Bonneville Sedan 1993-1995 US
Pontiac,Bonneville,,,Sedan,,,gen9,1996,三厢车,5110,1892,1415,69461,SD2,1892,1892,1174,196,5502,无可用尺码,,3XL-0,插片指数超上限,76,Bonneville,09019696,Pontiac Bonneville Sedan 1996 US
Pontiac,Bonneville,,,Sedan,,,gen9,1997-1998,三厢车,5093,1892,1415,139480,SD2,1892,1892,1174,196,5485,无可用尺码,,3XL-0,插片指数超上限,76,Bonneville,09019798,Pontiac Bonneville Sedan 1997-1998 US
Pontiac,Bonneville,,,Sedan,,,gen9,1999,三厢车,5133,1892,1415,70000,SD2,1892,1892,1174,196,5525,无可用尺码,,3XXL-520-0,插片指数超上限,76,Bonneville,09019999,Pontiac Bonneville Sedan 1999 US
Pontiac,Bonneville,,,Sedan,,,gen10,2000-2005,三厢车,5146,1885,1438,244637,SD2,1885,1885,1190,192,5531,无可用尺码,,3XXL-520-0,插片指数超上限,72,Bonneville,09010005,Pontiac Bonneville Sedan 2000-2005 US
Pontiac,Firebird,,,Convertible,,,gen1,1968,跑车,4796,1869,1275,53556,SD0,1327,1263,1258,-102,4545,3XL-0,254,,,,Firebird,09036868,Pontiac Firebird Convertible 1968 US
Pontiac,Firebird,,,Convertible,,,gen1,1969,跑车,4854,1877,1257,43854,SD0,1333,1269,1246,-100,4605,3XL-0,196,,,,Firebird,09036969,Pontiac Firebird Convertible 1969 US
Pontiac,Firebird,,,Coupe,,,gen1,1967,跑车,4796,1844,1308,82560,SD0,1309,1247,1277,-111,4522,3XL-0,254,,,,Firebird,09036767,Pontiac Firebird Coupe 1967 US
Pontiac,Firebird,,,Coupe,,,gen1,1968,跑车,4796,1869,1275,53556,SD0,1327,1263,1258,-102,4545,3XL-0,254,,,,Firebird,09036868,Pontiac Firebird Coupe 1968 US
Pontiac,Firebird,,,Coupe,,,gen1,1969,跑车,4854,1877,1260,43854,SD0,1333,1269,1248,-100,4605,3XL-0,196,,,,Firebird,09036969,Pontiac Firebird Coupe 1969 US
Pontiac,Firebird,,Trans Am,Convertible,,,gen4,1994-1997,跑车,4968,1892,1339,80219,SD0,1343,1279,1327,-94,4722,3XL-0,82,,,,Firebird,09039497,Pontiac Firebird Trans Am Convertible 1994-1997 US
Pontiac,Firebird,,Trans Am,Convertible,,,gen4,1998-2002,跑车,4923,1892,1339,72802,SD0,1343,1279,1327,-94,4681,3XL-0,127,,,,Firebird,09039802,Pontiac Firebird Trans Am Convertible 1998-2002 US
Pontiac,Firebird,,Trans Am,Coupe,,,gen2,1970-1971,跑车,4854,1864,1252,101864,SD0,1323,1260,1235,-104,4593,3XL-0,196,,,,Firebird,09037071,Pontiac Firebird Trans Am Coupe 1970-1971 US
Pontiac,Firebird,,Trans Am,Coupe,,,gen2,1972,跑车,4867,1864,1280,29951,SD0,1323,1260,1261,-104,4605,3XL-0,183,,,,Firebird,09037272,Pontiac Firebird Trans Am Coupe 1972 US
Pontiac,Firebird,,Trans Am,Coupe,,,gen2,1973,跑车,4879,1864,1280,46313,SD0,1323,1260,1261,-104,4616,3XL-0,171,,,,Firebird,09037373,Pontiac Firebird Trans Am Coupe 1973 US
Pontiac,Firebird,,Trans Am,Coupe,,,gen2,1974-1981,跑车,4999,1859,1260,1001288,SD0,1320,1257,1240,-106,4720,3XL-0,51,,,,Firebird,09037481,Pontiac Firebird Trans Am Coupe 1974-1981 US
Pontiac,Firebird,,Trans Am,Coupe,,,gen3,1982,跑车,4872,1839,1265,116362,SD0,1306,1243,1236,-113,4587,3XL-0,178,,,,Firebird,09038282,Pontiac Firebird Trans Am Coupe 1982 US
Pontiac,Firebird,,Trans Am,Coupe,,,gen3,1983-1988,跑车,4872,1839,1270,560573,SD0,1306,1243,1240,-113,4587,3XL-0,178,,,,Firebird,09038388,Pontiac Firebird Trans Am Coupe 1983-1988 US
Pontiac,Firebird,,Trans Am,Coupe,,,gen3,1989-1990,跑车,4867,1839,1270,84936,SD0,1306,1243,1240,-113,4582,3XL-0,183,,,,Firebird,09038990,Pontiac Firebird Trans Am Coupe 1989-1990 US
Pontiac,Firebird,,Trans Am,Coupe,,,gen3,1991-1992,跑车,4958,1849,1262,75673,SD0,1313,1250,1238,-109,4674,3XL-0,92,,,,Firebird,09039192,Pontiac Firebird Trans Am Coupe 1991-1992 US
Pontiac,Firebird,,Trans Am,Coupe,,,gen4,1993-1997,跑车,5004,1892,1339,94330,SD0,1343,1279,1327,-94,4755,3XL-0,46,,,,Firebird,09039397,Pontiac Firebird Trans Am Coupe 1993-1997 US
Pontiac,Firebird,,Trans Am,Coupe,,,gen4,1998-2002,跑车,4923,1892,1339,72799,SD0,1343,1279,1327,-94,4681,3XL-0,127,,,,Firebird,09039802,Pontiac Firebird Trans Am Coupe 1998-2002 US
Pontiac,G3,,,Hatchback,,,gen1,2009,两厢车,3919,1679,1506,5590,H0,1206,1229,1150,-141,3650,2L,221,,,,G3 | G3 Wave,09160909,Pontiac G3 Hatchback 2009 US
Pontiac,G5,,,Coupe,,,gen1,2007-2009,跑车,4567,1714,1412,65729,SD0,1217,1159,1313,-156,4197,3L-0,173,,,,G5,09120709,Pontiac G5 Coupe 2007-2009 US
Pontiac,G6,,,Convertible,,,gen1,2006-2009,跑车,4803,1793,1440,267529,SD1,1309,1434,1136,-64,4634,3XL-0,247,,,,G6,09060609,Pontiac G6 Convertible 2006-2009 US
Pontiac,G6,,,Sedan,,,gen1,2005-2010,三厢车,4801,1793,1450,392850,SD1,1309,1434,1144,-64,4632,3XL-0,249,,,,G6,09060510,Pontiac G6 Sedan 2005-2010 US
Pontiac,G8,,,Fastback,,,gen1,2008-2009,三厢车,4981,1900,1466,38159,SD1,1387,1520,1200,-23,4899,3XL-0,69,,,,G8,09140809,Pontiac G8 Fastback 2008-2009 US
Pontiac,GTO,,,Convertible,,,gen1,1964,跑车,5156,1862,1361,16225,SD2,1862,1862,1118,181,5518,4XL-0,544,,,,GTO,09076464,Pontiac GTO Convertible 1964 US
Pontiac,GTO,,,Convertible,,,gen1,1965-1967,跑车,5248,1897,1361,127005,SD2,1897,1897,1132,198,5645,4XL-0,452,,,,GTO,09076567,Pontiac GTO Convertible 1965-1967 US
Pontiac,GTO,,,Coupe,,,gen1,1964,跑车,5156,1862,1359,16225,SD2,1862,1862,1116,181,5518,4XL-0,544,,,,GTO,09076464,Pontiac GTO Coupe 1964 US
Pontiac,GTO,,,Coupe,,,gen1,1965,跑车,5235,1864,1372,37671,SD2,1864,1864,1128,182,5599,4XL-0,465,,,,GTO,09076565,Pontiac GTO Coupe 1965 US
Pontiac,GTO,,,Coupe,,,gen1,1966,跑车,5243,1890,1377,48473,SD2,1890,1890,1142,195,5633,4XL-0,457,,,,GTO,09076666,Pontiac GTO Coupe 1966 US
Pontiac,GTO,,,Coupe,,,gen1,1967,跑车,5248,1897,1377,40861,SD2,1897,1897,1145,198,5645,4XL-0,452,,,,GTO,09076767,Pontiac GTO Coupe 1967 US
Pontiac,GTO,,,Coupe,,,gen2,1968,跑车,5098,1900,1328,87684,SD2,1900,1900,1107,200,5498,无可用尺码,,3XL-0,插片指数超上限,80,GTO,09076868,Pontiac GTO Coupe 1968 US
Pontiac,GTO,,,Coupe,,,gen2,1969,跑车,5118,1925,1328,72287,SD2,1925,1925,1117,212,5543,无可用尺码,,3XL-0,插片指数超上限,92,GTO,09076969,Pontiac GTO Coupe 1969 US
Pontiac,GTO,,,Coupe,,,gen2,1970,跑车,5154,1948,1328,40149,SD2,1948,1948,1126,224,5602,4XL-0,546,,,,GTO,09077070,Pontiac GTO Coupe 1970 US
Pontiac,GTO,,,Coupe,,,gen2,1971,跑车,5164,1948,1328,10532,SD2,1948,1948,1126,224,5612,4XL-0,536,,,,GTO,09077171,Pontiac GTO Coupe 1971 US
Pontiac,GTO,,,Coupe,,,gen2,1972,跑车,5210,1948,1321,5811,SD2,1948,1948,1120,224,5658,4XL-0,490,,,,GTO,09077272,Pontiac GTO Coupe 1972 US
Pontiac,GTO,,,Coupe,,,gen3,1974,跑车,5065,1842,1336,7058,SD2,1842,1842,1089,171,5407,无可用尺码,,3XL-0,插片指数超上限,51,,09077474,Pontiac GTO Coupe 1974 US
Pontiac,GTO,,,Coupe,,,gen4,2004-2006,跑车,4821,1842,1394,38586,SD0,1308,1245,1354,-112,4543,3XL-0,229,,,,GTO,09070406,Pontiac GTO Coupe 2004-2006 US
Pontiac,Grand Am,,,Coupe,,,gen4,1992-1995,跑车,4747,1742,1349,509311,SD1,1272,1394,1042,-84,4535,3XL-0,303,,,,Grand Am,09029295,Pontiac Grand Am Coupe 1992-1995 US
Pontiac,Grand Am,,,Coupe,,,gen4,1996-1998,跑车,4747,1735,1359,303492,SD1,1267,1388,1047,-86,4528,3XL-0,303,,,,Grand Am,09029698,Pontiac Grand Am Coupe 1996-1998 US
Pontiac,Grand Am,,,Coupe,,,gen5,1999-2005,跑车,4732,1788,1400,552256,SD1,1305,1430,1101,-66,4564,3L-0,8,,,,Grand Am,09029905,Pontiac Grand Am Coupe 1999-2005 US
Pontiac,Grand Am,,,Sedan,,,gen4,1992,三厢车,4747,1742,1349,139615,SD1,1272,1394,1042,-84,4535,3XL-0,303,,,,Grand Am,09029292,Pontiac Grand Am Sedan 1992 US
Pontiac,Grand Am,,,Sedan,,,gen4,1993-1994,三厢车,4747,1745,1359,252583,SD1,1274,1396,1051,-82,4538,3XL-0,303,,,,Grand Am,09029394,Pontiac Grand Am Sedan 1993-1994 US
Pontiac,Grand Am,,,Sedan,,,gen4,1995,三厢车,4757,1745,1359,117113,SD1,1274,1396,1051,-82,4547,3XL-0,293,,,,Grand Am,09029595,Pontiac Grand Am Sedan 1995 US
Pontiac,Grand Am,,,Sedan,,,gen4,1996-1998,三厢车,4747,1735,1359,303491,SD1,1267,1388,1047,-86,4528,3XL-0,303,,,,Grand Am,09029698,Pontiac Grand Am Sedan 1996-1998 US
Pontiac,Grand Am,,,Sedan,,,gen5,1999-2005,三厢车,4732,1788,1400,552253,SD1,1305,1430,1101,-66,4564,3L,8,,,,Grand Am,09029905,Pontiac Grand Am Sedan 1999-2005 US
Pontiac,Grand Prix,,,Coupe,,,gen1,1963,跑车,5382,1999,1374,72959,SD2,1999,1999,1184,250,5881,4XL-0,318,,,,Grand Prix,09006363,Pontiac Grand Prix Coupe 1963 US
Pontiac,Grand Prix,,,Coupe,,,gen1,1964,跑车,5410,2012,1387,63810,SD2,2012,2012,1200,256,5922,4XL-0,290,,,,Grand Prix,09006464,Pontiac Grand Prix Coupe 1964 US
Pontiac,Grand Prix,,,Coupe,,,gen2,1965-1966,跑车,5451,2024,1369,94638,SD2,2024,2024,1191,262,5975,4XL-0,249,,,,Grand Prix,09006566,Pontiac Grand Prix Coupe 1965-1966 US
Pontiac,Grand Prix,,,Coupe,,,gen2,1967,跑车,5476,2017,1377,42981,SD2,2017,2017,1194,258,5993,4XL-0,224,,,,Grand Prix,09006767,Pontiac Grand Prix Coupe 1967 US
Pontiac,Grand Prix,,,Coupe,,,gen2,1968,跑车,5502,2027,1377,31177,SD2,2027,2027,1198,264,6029,4XL-0,198,,,,Grand Prix,09006868,Pontiac Grand Prix Coupe 1968 US
Pontiac,Grand Prix,,,Coupe,,,gen3,1969-1970,跑车,5339,1923,1323,178236,SD2,1923,1923,1112,212,5762,4XL-0,361,,,,Grand Prix,09006970,Pontiac Grand Prix Coupe 1969-1970 US
Pontiac,Grand Prix,,,Coupe,,,gen3,1971,跑车,5408,1941,1321,58325,SD2,1941,1941,1118,220,5849,4XL-0,292,,,,Grand Prix,09007171,Pontiac Grand Prix Coupe 1971 US
Pontiac,Grand Prix,,,Coupe,,,gen3,1972,跑车,5425,1941,1321,91961,SD2,1941,1941,1118,220,5866,4XL-0,275,,,,Grand Prix,09007272,Pontiac Grand Prix Coupe 1972 US
Pontiac,Grand Prix,,,Coupe,,,gen4,1974,跑车,5524,1979,1341,99817,SD2,1979,1979,1149,240,6003,4XL-0,176,,,,Grand Prix,09007474,Pontiac Grand Prix Coupe 1974 US
Pontiac,Grand Prix,,,Coupe,,,gen4,1975,跑车,5524,1976,1336,86582,SD2,1976,1976,1144,238,6000,4XL-0,176,,,,Grand Prix,09007575,Pontiac Grand Prix Coupe 1975 US
Pontiac,Grand Prix,,,Coupe,,,gen4,1976-1977,跑车,5403,1976,1336,516521,SD2,1976,1976,1144,238,5879,4XL-0,297,,,,Grand Prix,09007677,Pontiac Grand Prix Coupe 1976-1977 US
Pontiac,Grand Prix,,,Coupe,,,gen5,1978-1987,跑车,5128,1849,1389,1061437,SD2,1849,1849,1136,174,5477,无可用尺码,,3XXL-520-0,插片指数超上限,54,Grand Prix,09007887,Pontiac Grand Prix Coupe 1978-1987 US
Pontiac,Grand Prix,,,Coupe,,,gen6,1988-1991,跑车,4925,1826,1341,465889,SD0,1296,1234,1299,-118,4623,3XL-0,125,,,,Grand Prix,09008891,Pontiac Grand Prix Coupe 1988-1991 US
Pontiac,Grand Prix,,,Coupe,,,gen6,1992-1993,跑车,4948,1826,1354,212666,SD0,1296,1234,1311,-118,4644,3XL-0,102,,,,Grand Prix,09009293,Pontiac Grand Prix Coupe 1992-1993 US
Pontiac,Grand Prix,,,Coupe,,,gen6,1994-1995,跑车,4948,1826,1341,280240,SD0,1296,1234,1299,-118,4644,3XL-0,102,,,,Grand Prix,09009495,Pontiac Grand Prix Coupe 1994-1995 US
Pontiac,Grand Prix,,,Coupe,,,gen6,1996,跑车,4948,1826,1354,77180,SD0,1296,1234,1311,-118,4644,3XL-0,102,,,,Grand Prix,09009696,Pontiac Grand Prix Coupe 1996 US
Pontiac,Grand Prix,,,Coupe,,,gen7,1997-2001,跑车,4991,1847,1389,349367,SD0,1311,1249,1352,-110,4702,3XL-0,59,,,,Grand Prix,09009701,Pontiac Grand Prix Coupe 1997-2001 US
Pontiac,Grand Prix,,,Coupe,,,gen7,2002,跑车,5016,1844,1389,62252,SD0,1309,1247,1351,-111,4722,3XL-0,34,,,,Grand Prix,09000202,Pontiac Grand Prix Coupe 2002 US
Pontiac,Grand Prix,,,Sedan,,,gen7,1997-2002,三厢车,4991,1847,1389,411618,SD0,1311,1249,1352,-110,4702,3XL-0,59,,,,Grand Prix,09009702,Pontiac Grand Prix Sedan 1997-2002 US
Pontiac,Grand Prix,,,Sedan,,,gen7,2003,三厢车,5016,1847,1389,111642,SD0,1311,1249,1352,-110,4725,3XL-0,34,,,,Grand Prix,09000303,Pontiac Grand Prix Sedan 2003 US
Pontiac,Grand Prix,,,Sedan,,,gen8,2004-2008,三厢车,5037,1819,1420,248635,SD0,1291,1230,1368,-120,4718,3XL-0,13,,,,Grand Prix,09000408,Pontiac Grand Prix Sedan 2004-2008 US
Pontiac,Grand Safari,,455-4 V8,Wagon,,,gen1,1974-1975,两厢车,5875,2022,1460,15469,H3,1543,1531,1227,18,5844,无可用尺码,,5XL,超长,575,Grand Safari,09157475,Pontiac Grand Safari 455-4 V8 Wagon 1974-1975 US
Pontiac,Grand Safari,,455-4 V8,Wagon,,,gen1,1976,两厢车,5875,2017,1460,9638,H3,1539,1527,1225,16,5840,无可用尺码,,5XL,超长,575,Grand Safari,09157676,Pontiac Grand Safari 455-4 V8 Wagon 1976 US
Pontiac,LeMans,,Can Am,Coupe,,,gen4,1977,跑车,5283,1966,1354,5000,SD2,1966,1966,1155,233,5749,4XL-0,417,,,,LeMans,09047777,Pontiac LeMans Can Am Coupe 1977 US
Pontiac,LeMans,,,Convertible,,,gen1,1963,跑车,4935,1885,1377,28379,SD2,1885,1885,1140,192,5320,无可用尺码,,3XL-0,插片指数超上限,72,LeMans,09046363,Pontiac LeMans Convertible 1963 US
Pontiac,LeMans,,,Convertible,,,gen2,1964-1966,跑车,5156,1862,1377,101250,SD2,1862,1862,1131,181,5518,4XL-0,544,,,,LeMans,09046466,Pontiac LeMans Convertible 1964-1966 US
Pontiac,LeMans,,,Convertible,,,gen2,1967,跑车,5248,1897,1374,28750,SD2,1897,1897,1143,198,5645,4XL-0,452,,,,LeMans,09046767,Pontiac LeMans Convertible 1967 US
Pontiac,LeMans,,,Convertible,,,gen3,1968,跑车,5098,1900,1323,21000,SD2,1900,1900,1102,200,5498,无可用尺码,,3XL-0,插片指数超上限,80,LeMans,09046868,Pontiac LeMans Convertible 1968 US
Pontiac,LeMans,,,Convertible,,,gen3,1969,跑车,5118,1925,1331,23750,SD2,1925,1925,1119,212,5543,无可用尺码,,3XL-0,插片指数超上限,92,LeMans,09046969,Pontiac LeMans Convertible 1969 US
Pontiac,LeMans,,,Convertible,,,gen3,1970-1972,跑车,5161,1948,1328,77501,SD2,1948,1948,1126,224,5609,4XL-0,539,,,,LeMans,09047072,Pontiac LeMans Convertible 1970-1972 US
Pontiac,LeMans,,,Coupe,,,gen1,1963,跑车,4935,1885,1361,28378,SD2,1885,1885,1127,192,5320,无可用尺码,,3XL-0,插片指数超上限,72,LeMans,09046363,Pontiac LeMans Coupe 1963 US
Pontiac,LeMans,,,Coupe,,,gen2,1964,跑车,5156,1862,1377,30000,SD2,1862,1862,1131,181,5518,4XL-0,544,,,,LeMans,09046464,Pontiac LeMans Coupe 1964 US
Pontiac,LeMans,,,Coupe,,,gen2,1965,跑车,5235,1864,1377,37500,SD2,1864,1864,1132,182,5599,4XL-0,465,,,,LeMans,09046565,Pontiac LeMans Coupe 1965 US
Pontiac,LeMans,,,Coupe,,,gen2,1966,跑车,5243,1890,1392,33750,SD2,1890,1890,1155,195,5633,4XL-0,457,,,,LeMans,09046666,Pontiac LeMans Coupe 1966 US
Pontiac,LeMans,,,Coupe,,,gen2,1967,跑车,5248,1897,1377,28750,SD2,1897,1897,1145,198,5645,4XL-0,452,,,,LeMans,09046767,Pontiac LeMans Coupe 1967 US
Pontiac,LeMans,,,Coupe,,,gen3,1968,跑车,5098,1900,1328,21000,SD2,1900,1900,1107,200,5498,无可用尺码,,3XL-0,插片指数超上限,80,LeMans,09046868,Pontiac LeMans Coupe 1968 US
Pontiac,LeMans,,,Coupe,,,gen3,1970,跑车,5144,1948,1321,22500,SD2,1948,1948,1120,224,5592,无可用尺码,,3XL-0,插片指数超上限,104,LeMans,09047070,Pontiac LeMans Coupe 1970 US
Pontiac,LeMans,,,Coupe,,,gen3,1971,跑车,5151,1948,1328,28333,SD2,1948,1948,1126,224,5599,4XL-0,549,,,,LeMans,09047171,Pontiac LeMans Coupe 1971 US
Pontiac,LeMans,,,Coupe,,,gen3,1972,跑车,5161,1948,1321,26667,SD2,1948,1948,1120,224,5609,4XL-0,539,,,,LeMans,09047272,Pontiac LeMans Coupe 1972 US
Pontiac,LeMans,,,Coupe,,,gen4,1973,跑车,5268,1974,1344,23334,SD2,1974,1974,1150,237,5742,4XL-0,432,,,,LeMans,09047373,Pontiac LeMans Coupe 1973 US
Pontiac,LeMans,,,Coupe,,,gen4,1974-1976,跑车,5283,1966,1354,45001,SD2,1966,1966,1155,233,5749,4XL-0,417,,,,LeMans,09047476,Pontiac LeMans Coupe 1974-1976 US
Pontiac,LeMans,,,Coupe,,,gen4,1977,跑车,5283,1966,1339,23334,SD2,1966,1966,1142,233,5749,4XL-0,417,,,,LeMans,09047777,Pontiac LeMans Coupe 1977 US
Pontiac,LeMans,,,Coupe,,,gen5,1978,跑车,5062,1844,1359,26667,SD2,1844,1844,1109,172,5406,无可用尺码,,3XL-0,插片指数超上限,52,LeMans,09047878,Pontiac LeMans Coupe 1978 US
Pontiac,LeMans,,,Coupe,,,gen5,1979,跑车,5044,1839,1359,17500,SD2,1839,1839,1107,170,5383,无可用尺码,,3XL-0,插片指数超上限,50,LeMans,09047979,Pontiac LeMans Coupe 1979 US
Pontiac,LeMans,,,Coupe,,,gen5,1981,跑车,5037,1811,1359,30000,SD2,1811,1811,1096,156,5348,无可用尺码,,3XL-0,插片指数超上限,36,LeMans,09048181,Pontiac LeMans Coupe 1981 US
Pontiac,LeMans,,,Coupe,,,gen6,1993,跑车,4265,1664,1359,3334,SD1,1215,1331,1018,-114,4014,3M-0,295,,,,LeMans,09049393,Pontiac LeMans Coupe 1993 US
Pontiac,LeMans,,,Hatchback,,,gen2,1966,两厢车,5197,1890,1392,33750,H0,1357,1383,1143,-65,5020,5XL,103,,,,LeMans,09046666,Pontiac LeMans Hatchback 1966 US
Pontiac,LeMans,,,Hatchback,,,gen3,1968,两厢车,5359,1900,1382,21000,H0,1364,1391,1139,-61,5178,无可用尺码,,5XL,超长,59,LeMans,09046868,Pontiac LeMans Hatchback 1968 US
Pontiac,LeMans,,,Hatchback,,,gen3,1969,两厢车,5359,1938,1379,23750,H0,1391,1419,1152,-48,5213,无可用尺码,,5XL,超长,59,LeMans,09046969,Pontiac LeMans Hatchback 1969 US
Pontiac,LeMans,,,Hatchback,,,gen4,1977,两厢车,5283,1966,1339,23333,H0,1412,1439,1131,-37,5169,5XL,17,,,,LeMans,09047777,Pontiac LeMans Hatchback 1977 US
Pontiac,LeMans,,,Hatchback,,,gen5,1978,两厢车,5062,1844,1359,26667,H0,1324,1350,1098,-82,4854,5XL,238,,,,LeMans,09047878,Pontiac LeMans Hatchback 1978 US
Pontiac,LeMans,,,Hatchback,,,gen5,1979-1980,两厢车,5042,1839,1359,34167,H0,1320,1346,1096,-84,4831,5XL,258,,,,LeMans,09047980,Pontiac LeMans Hatchback 1979-1980 US
Pontiac,LeMans,,,Hatchback,,,gen6,1988-1993,两厢车,4379,1669,1364,68683,H0,1198,1222,1031,-145,4064,无可用尺码,,2L,超长,239,LeMans,09048893,Pontiac LeMans Hatchback 1988-1993 US
Pontiac,LeMans,,,Sedan,,,gen2,1964,三厢车,5156,1862,1377,30000,SD2,1862,1862,1131,181,5518,4XL-0,544,,,,LeMans,09046464,Pontiac LeMans Sedan 1964 US
Pontiac,LeMans,,,Sedan,,,gen2,1965,三厢车,5237,1890,1372,37500,SD2,1890,1890,1138,195,5627,4XL-0,463,,,,LeMans,09046565,Pontiac LeMans Sedan 1965 US
Pontiac,LeMans,,,Sedan,,,gen2,1966,三厢车,5243,1890,1392,33750,SD2,1890,1890,1155,195,5633,4XL-0,457,,,,LeMans,09046666,Pontiac LeMans Sedan 1966 US
Pontiac,LeMans,,,Sedan,,,gen2,1967,三厢车,5248,1897,1397,28750,SD2,1897,1897,1162,198,5645,4XL-0,452,,,,LeMans,09046767,Pontiac LeMans Sedan 1967 US
Pontiac,LeMans,,,Sedan,,,gen3,1968,三厢车,5199,1900,1328,21000,SD2,1900,1900,1107,200,5599,4XL-0,501,,,,LeMans,09046868,Pontiac LeMans Sedan 1968 US
Pontiac,LeMans,,,Sedan,,,gen3,1969,三厢车,5220,1925,1336,23750,SD2,1925,1925,1123,212,5645,4XL-0,480,,,,LeMans,09046969,Pontiac LeMans Sedan 1969 US
Pontiac,LeMans,,,Sedan,,,gen3,1970,三厢车,5245,1948,1336,22500,SD2,1948,1948,1133,224,5693,4XL-0,455,,,,LeMans,09047070,Pontiac LeMans Sedan 1970 US
Pontiac,LeMans,,,Sedan,,,gen3,1971,三厢车,5253,1948,1336,28333,SD2,1948,1948,1133,224,5701,4XL-0,447,,,,LeMans,09047171,Pontiac LeMans Sedan 1971 US
Pontiac,LeMans,,,Sedan,,,gen3,1972,三厢车,5263,1948,1336,26666,SD2,1948,1948,1133,224,5711,4XL-0,437,,,,LeMans,09047272,Pontiac LeMans Sedan 1972 US
Pontiac,LeMans,,,Sedan,,,gen4,1973,三厢车,5370,1974,1379,23333,SD2,1974,1974,1178,237,5844,4XL-0,330,,,,LeMans,09047373,Pontiac LeMans Sedan 1973 US
Pontiac,LeMans,,,Sedan,,,gen4,1974,三厢车,5405,1979,1379,15000,SD2,1979,1979,1180,240,5884,4XL-0,295,,,,LeMans,09047474,Pontiac LeMans Sedan 1974 US
Pontiac,LeMans,,,Sedan,,,gen4,1975-1976,三厢车,5385,1966,1372,30000,SD2,1966,1966,1169,233,5851,4XL-0,315,,,,LeMans,09047576,Pontiac LeMans Sedan 1975-1976 US
Pontiac,LeMans,,,Sedan,,,gen4,1977,三厢车,5283,1966,1339,23333,SD2,1966,1966,1142,233,5749,4XL-0,417,,,,LeMans,09047777,Pontiac LeMans Sedan 1977 US
Pontiac,LeMans,,,Sedan,,,gen5,1978,三厢车,5062,1844,1359,26666,SD2,1844,1844,1109,172,5406,无可用尺码,,3XL-0,插片指数超上限,52,LeMans,09047878,Pontiac LeMans Sedan 1978 US
Pontiac,LeMans,,,Sedan,,,gen5,1979,三厢车,5042,1839,1382,17500,SD2,1839,1839,1126,170,5381,无可用尺码,,3XL-0,插片指数超上限,50,LeMans,09047979,Pontiac LeMans Sedan 1979 US
Pontiac,LeMans,,,Sedan,,,gen5,1980,三厢车,5044,1826,1382,16667,SD2,1826,1826,1120,163,5370,无可用尺码,,3XL-0,插片指数超上限,43,LeMans,09048080,Pontiac LeMans Sedan 1980 US
Pontiac,LeMans,,,Sedan,,,gen6,1988-1992,三厢车,4379,1669,1364,65350,SD1,1218,1335,1024,-112,4125,3L,361,,,,LeMans,09048892,Pontiac LeMans Sedan 1988-1992 US
Pontiac,LeMans,,,Sedan,,,gen6,1993,三厢车,4493,1669,1364,3333,SD1,1218,1335,1024,-112,4231,3L,247,,,,LeMans,09049393,Pontiac LeMans Sedan 1993 US
Pontiac,LeMans,,Tempest LeMans,Convertible,,,gen1,1962,跑车,4808,1834,1364,13334,SD2,1834,1834,1109,167,5142,无可用尺码,,3XL-0,插片指数超上限,47,Tempest,09046262,Pontiac LeMans Tempest LeMans Convertible 1962 US
Pontiac,LeMans,,Tempest LeMans,Coupe,,,gen1,1961-1962,跑车,4808,1834,1359,23333,SD2,1834,1834,1105,167,5142,无可用尺码,,3XL-0,插片指数超上限,47,Tempest,09046162,Pontiac LeMans Tempest LeMans Coupe 1961-1962 US
Pontiac,LeMans,,Tempest/LeMans,Convertible,,,gen1,1963,跑车,4935,1885,1377,6081,SD2,1885,1885,1140,192,5320,无可用尺码,,3XL-0,插片指数超上限,72,LeMans,09046363,Pontiac LeMans Tempest/LeMans Convertible 1963 US
Pontiac,LeMans,,Tempest/LeMans,Coupe,,,gen1,1962,跑车,4808,1834,1359,13333,SD2,1834,1834,1105,167,5142,无可用尺码,,3XL-0,插片指数超上限,47,Tempest,09046262,Pontiac LeMans Tempest/LeMans Coupe 1962 US
Pontiac,LeMans,,Tempest/LeMans,Wagon,,,gen1,1963,两厢车,4935,1885,1372,6081,H3,1438,1427,1102,-34,4843,5XL,365,,,,LeMans,09046363,Pontiac LeMans Tempest/LeMans Wagon 1963 US
Pontiac,LeMans,,Tempest/Safari,Wagon,,,gen1,1963,两厢车,4935,1885,1405,6081,H3,1438,1427,1128,-34,4843,5XL,365,,,,LeMans,09046363,Pontiac LeMans Tempest/Safari Wagon 1963 US
Pontiac,LeMans,,,Wagon,,,gen2,1964,两厢车,5156,1862,1372,30000,H3,1421,1410,1092,-42,5027,5XL,144,,,,LeMans,09046464,Pontiac LeMans Wagon 1964 US
Pontiac,LeMans,,,Wagon,,,gen2,1965,两厢车,5192,1857,1372,37500,H3,1417,1406,1090,-44,5056,5XL,108,,,,LeMans,09046565,Pontiac LeMans Wagon 1965 US
Pontiac,LeMans,,,Wagon,,,gen2,1967,两厢车,5166,1890,1407,28750,H3,1442,1431,1132,-32,5062,5XL,134,,,,LeMans,09046767,Pontiac LeMans Wagon 1967 US
Pontiac,LeMans,,,Wagon,,,gen3,1968-1970,两厢车,5349,1948,1384,67250,H3,1486,1475,1136,-10,5286,无可用尺码,,5XL,超长,49,LeMans,09046870,Pontiac LeMans Wagon 1968-1970 US
Pontiac,LeMans,,,Wagon,,,gen4,1973,两厢车,5418,1974,1397,23333,H3,1506,1494,1157,0,5375,无可用尺码,,5XL,超长,118,LeMans,09047373,Pontiac LeMans Wagon 1973 US
Pontiac,LeMans,,,Wagon,,,gen4,1974,两厢车,5486,1981,1397,15000,H3,1512,1500,1160,3,5444,无可用尺码,,5XL,超长,186,LeMans,09047474,Pontiac LeMans Wagon 1974 US
Pontiac,LeMans,,,Wagon,,,gen4,1975-1976,两厢车,5471,1966,1397,29999,H3,1500,1488,1154,-3,5416,无可用尺码,,5XL,超长,171,LeMans,09047576,Pontiac LeMans Wagon 1975-1976 US
Pontiac,LeMans,,,Wagon,,,gen5,1979,两厢车,5024,1839,1392,17500,H3,1403,1392,1099,-51,4883,5XL,276,,,,LeMans,09047979,Pontiac LeMans Wagon 1979 US
Pontiac,LeMans,,,Wagon,,,gen5,1980,两厢车,5024,1844,1392,16666,H3,1407,1396,1101,-49,4887,5XL,276,,,,LeMans,09048080,Pontiac LeMans Wagon 1980 US
Pontiac,Solstice,,,Convertible,,,gen1,2006-2008,跑车,3993,1811,1273,47231,SD0,1286,1224,1230,-122,3764,3S-0,227,,,,,09130608,Pontiac Solstice Convertible 2006-2008 US
Pontiac,Solstice,,,Convertible,,,gen1,2009,跑车,3993,1811,1293,2821,SD0,1286,1224,1248,-122,3764,3S-0,227,,,,,09130909,Pontiac Solstice Convertible 2009 US
Pontiac,Solstice,,,Coupe,,,gen1,2009,跑车,3993,1811,1293,2821,SD0,1286,1224,1248,-122,3764,3S-0,227,,,,Solstice,09130909,Pontiac Solstice Coupe 2009 US
Pontiac,Sunfire,,,Convertible,,,gen1,1995-1996,跑车,4633,1737,1318,91568,SD1,1268,1390,1015,-86,4424,3L-0,107,,,,Sunfire,09059596,Pontiac Sunfire Convertible 1995-1996 US
Pontiac,Sunfire,,,Convertible,,,gen1,1997,跑车,4620,1737,1369,37400,SD1,1268,1390,1056,-86,4412,3L-0,120,,,,Sunfire,09059797,Pontiac Sunfire Convertible 1997 US
Pontiac,Sunfire,,,Convertible,,,gen1,1998-2000,跑车,4620,1712,1364,71335,SD1,1250,1370,1042,-95,4389,3L-0,120,,,,Sunfire,09059800,Pontiac Sunfire Convertible 1998-2000 US
Pontiac,Sunfire,,,Convertible,,,gen1,2001-2005,跑车,4633,1737,1318,60769,SD1,1268,1390,1015,-86,4424,3L-0,107,,,,Sunfire,09050105,Pontiac Sunfire Convertible 2001-2005 US
Pontiac,Sunfire,,,Coupe,,,gen1,1995-1996,跑车,4623,1712,1351,91566,SD1,1250,1370,1031,-95,4392,3L-0,117,,,,Sunfire,09059596,Pontiac Sunfire Coupe 1995-1996 US
Pontiac,Sunfire,,,Coupe,,,gen1,1997-2005,跑车,4623,1737,1346,169499,SD1,1268,1390,1037,-86,4415,3L-0,117,,,,Sunfire,09059705,Pontiac Sunfire Coupe 1997-2005 US
Pontiac,Sunfire,,,Sedan,,,gen1,1995-1997,三厢车,4615,1709,1392,128966,SD1,1248,1367,1063,-96,4381,3L,125,,,,Sunfire,09059597,Pontiac Sunfire Sedan 1995-1997 US
Pontiac,Sunfire,,,Sedan,,,gen1,1998,三厢车,4633,1737,1392,27233,SD1,1268,1390,1074,-86,4424,3L,107,,,,Sunfire,09059898,Pontiac Sunfire Sedan 1998 US
Pontiac,Sunfire,,,Sedan,,,gen1,1999-2000,三厢车,4618,1725,1389,44099,SD1,1259,1380,1067,-90,4399,3L,122,,,,Sunfire,09059900,Pontiac Sunfire Sedan 1999-2000 US
Pontiac,Sunfire,,,Sedan,,,gen1,2001-2005,三厢车,4633,1737,1392,60765,SD1,1268,1390,1074,-86,4424,3L,107,,,,Sunfire,09050105,Pontiac Sunfire Sedan 2001-2005 US
Pontiac,Torrent,,,SUV,,,gen1,2006-2009,越野车,4796,1814,1760,106081,SU1,1328,1353,1410,-80,4614,YL,54,,,,Torrent,09110609,Pontiac Torrent SUV 2006-2009 US
Pontiac,Vibe,,,Hatchback,,,gen1,2003-2008,两厢车,4366,1775,1600,309029,H0,1274,1299,1265,-107,4150,无可用尺码,,2L,超长,226,Vibe,09080308,Pontiac Vibe Hatchback 2003-2008 US
Pontiac,Vibe,,,Hatchback,,,gen2,2009-2010,两厢车,4371,1765,1560,33939,H0,1267,1292,1228,-110,4145,无可用尺码,,2L,超长,231,Vibe,09080910,Pontiac Vibe Hatchback 2009-2010 US
Porsche,911,,,Convertible,,,gen2,1983-1989,跑车,4290,1651,1321,21636,SD0,1172,1116,1201,-178,3888,3M-0,270,,,,911,34008389,Porsche 911 Convertible 1983-1989 US
Porsche,911,,,Convertible,,,gen3,1990-1994,跑车,4249,1651,1321,7798,SD0,1172,1116,1201,-178,3851,3M-0,311,,,,911,34009094,Porsche 911 Convertible 1990-1994 US
Porsche,911,,,Convertible,,,gen4,1995-1998,跑车,4260,1735,1316,9657,SD0,1232,1173,1235,-149,3937,3M-0,300,,,,911,34009598,Porsche 911 Convertible 1995-1998 US
Porsche,911,,,Convertible,,,gen5,1999-2004,跑车,4430,1770,1306,21619,SD0,1257,1197,1242,-136,4123,3M-0,130,,,,911,34009904,Porsche 911 Convertible 1999-2004 US
Porsche,911,,,Convertible,,,gen6,2005-2008,跑车,4460,1852,1311,13427,SD0,1315,1252,1283,-108,4225,3M-0,100,,,,911,34000508,Porsche 911 Convertible 2005-2008 US
Porsche,911,,,Convertible,,,gen6,2009-2011,跑车,4478,1852,1311,5130,SD0,1315,1252,1283,-108,4241,3M-0,82,,,,911,34000911,Porsche 911 Convertible 2009-2011 US
Porsche,911,,,Convertible,,,gen7,2012-2016,跑车,4491,1852,1303,17961,SD0,1315,1252,1276,-108,4253,3M-0,69,,,,911,34001216,Porsche 911 Convertible 2012-2016 US
Porsche,911,,,Convertible,,,gen7,2017-2019,跑车,4562,1852,1303,10996,SD0,1315,1252,1276,-108,4317,3L-0,178,,,,911,34001719,Porsche 911 Convertible 2017-2019 US
Porsche,911,,,Convertible,,,gen8,2020-2024,跑车,4519,1852,1300,17338,SD0,1315,1252,1273,-108,4278,3M-0,41,,,,911,34002024,Porsche 911 Convertible 2020-2024 US
Porsche,911,,,Coupe,,,gen1,1965-1973,跑车,4227,1610,1321,53000,SD0,1143,1088,1183,-192,3794,3M-0,333,,,,911,34006573,Porsche 911 Coupe 1965-1973 US
Porsche,911,,,Coupe,,,gen2,1974-1989,跑车,4290,1651,1321,85093,SD0,1172,1116,1201,-178,3888,3M-0,270,,,,911,34007489,Porsche 911 Coupe 1974-1989 US
Porsche,911,,,Coupe,,,gen3,1990-1994,跑车,4249,1651,1321,7797,SD0,1172,1116,1201,-178,3851,3M-0,311,,,,911,34009094,Porsche 911 Coupe 1990-1994 US
Porsche,911,,,Coupe,,,gen4,1995-1998,跑车,4260,1735,1316,9656,SD0,1232,1173,1235,-149,3937,3M-0,300,,,,911,34009598,Porsche 911 Coupe 1995-1998 US
Porsche,911,,,Coupe,,,gen5,1999-2004,跑车,4430,1770,1306,21619,SD0,1257,1197,1242,-136,4123,3M-0,130,,,,911,34009904,Porsche 911 Coupe 1999-2004 US
Porsche,911,,,Coupe,,,gen6,2005-2008,跑车,4460,1852,1300,13426,SD0,1315,1252,1273,-108,4225,3M-0,100,,,,911,34000508,Porsche 911 Coupe 2005-2008 US
Porsche,911,,,Coupe,,,gen6,2009-2011,跑车,4478,1852,1300,5130,SD0,1315,1252,1273,-108,4241,3M-0,82,,,,911,34000911,Porsche 911 Coupe 2009-2011 US
Porsche,911,,,Coupe,,,gen7,2012-2013,跑车,4491,1852,1303,8922,SD0,1315,1252,1276,-108,4253,3M-0,69,,,,911,34001213,Porsche 911 Coupe 2012-2013 US
Porsche,911,,,Coupe,,,gen7,2014-2016,跑车,4491,1852,1295,9038,SD0,1315,1252,1269,-108,4253,3M-0,69,,,,911,34001416,Porsche 911 Coupe 2014-2016 US
Porsche,911,,,Coupe,,,gen7,2017-2019,跑车,4526,1852,1295,10995,SD0,1315,1252,1269,-108,4285,3M-0,34,,,,911,34001719,Porsche 911 Coupe 2017-2019 US
Porsche,911,,,Coupe,,,gen8,2020-2024,跑车,4519,1852,1300,17335,SD0,1315,1252,1273,-108,4278,3M-0,41,,,,911,34002024,Porsche 911 Coupe 2020-2024 US
Porsche,911,,,Coupe,,,gen8,2025-2026,跑车,4569,1852,1280,23466,SD0,1315,1252,1255,-108,4324,3L-0,171,,,,911,34002526,Porsche 911 Coupe 2025-2026 US
Porsche,911,,Dakar,Coupe,,,gen8,2023-2024,跑车,4536,1864,1339,1521,SD0,1323,1260,1314,-104,4305,3M-0,24,,,,911,34002324,Porsche 911 Dakar Coupe 2023-2024 US
Porsche,911,,GT2,Coupe,,,gen5,2002-2005,跑车,4445,1831,1275,2584,SD0,1300,1238,1241,-116,4192,3M-0,115,,,,911,34000205,Porsche 911 GT2 Coupe 2002-2005 US
Porsche,911,,GT2,Coupe,,,gen6,2008-2009,跑车,4493,1852,1293,890,SD0,1315,1252,1267,-108,4255,3M-0,67,,,,911,34000809,Porsche 911 GT2 Coupe 2008-2009 US
Porsche,911,,GT2 RS,Coupe,,,gen6,2011,跑车,4468,1852,1285,334,SD0,1315,1252,1260,-108,4232,3M-0,92,,,,911,34001111,Porsche 911 GT2 RS Coupe 2011 US
Porsche,911,,GT2 RS,Coupe,,,gen7,2018,跑车,4549,1880,1298,793,SD0,1335,1271,1284,-98,4331,3M-0,11,,,,911,34001818,Porsche 911 GT2 RS Coupe 2018 US
Porsche,911,,GT3,Coupe,,,gen5,2004-2005,跑车,4435,1770,1275,1364,SD0,1257,1197,1213,-136,4128,3M-0,125,,,,911,34000405,Porsche 911 GT3 Coupe 2004-2005 US
Porsche,911,,GT3,Coupe,,,gen6,2007-2008,跑车,4483,1808,1280,1198,SD0,1284,1222,1235,-124,4206,3M-0,77,,,,911,34000708,Porsche 911 GT3 Coupe 2007-2008 US
Porsche,911,,GT3,Coupe,,,gen6,2010-2011,跑车,4483,1808,1280,671,SD0,1284,1222,1235,-124,4206,3M-0,77,,,,911,34001011,Porsche 911 GT3 Coupe 2010-2011 US
Porsche,911,,GT3,Coupe,,,gen7,2014-2016,跑车,4491,1852,1280,1937,SD0,1315,1252,1255,-108,4253,3M-0,69,,,,911,34001416,Porsche 911 GT3 Coupe 2014-2016 US
Porsche,911,,GT3,Coupe,,,gen7,2018-2019,跑车,4562,1852,1270,1488,SD0,1315,1252,1246,-108,4317,3L-0,178,,,,911,34001819,Porsche 911 GT3 Coupe 2018-2019 US
Porsche,911,,GT3 RS,Coupe,,,gen5,2004,跑车,4435,1770,1275,544,SD0,1257,1197,1213,-136,4128,3M-0,125,,,,911,34000404,Porsche 911 GT3 RS Coupe 2004 US
Porsche,911,,GT3 RS,Coupe,,,gen6,2007-2008,跑车,4493,1852,1293,1197,SD0,1315,1252,1267,-108,4255,3M-0,67,,,,911,34000708,Porsche 911 GT3 RS Coupe 2007-2008 US
Porsche,911,,GT3 RS,Coupe,,,gen6,2010-2011,跑车,4493,1852,1280,671,SD0,1315,1252,1255,-108,4255,3M-0,67,,,,911,34001011,Porsche 911 GT3 RS Coupe 2010-2011 US
Porsche,911,,GT3 RS,Coupe,,,gen7,2016,跑车,4557,1880,1298,524,SD0,1335,1271,1284,-98,4338,3M-0,3,,,,911,34001616,Porsche 911 GT3 RS Coupe 2016 US
Porsche,911,,GT3 RS,Coupe,,,gen7,2019,跑车,4557,1880,1298,695,SD0,1335,1271,1284,-98,4338,3M-0,3,,,,911,34001919,Porsche 911 GT3 RS Coupe 2019 US
Porsche,911,,GT3 RS,Coupe,,,gen8,2025,跑车,4572,1900,1321,2036,SD0,1349,1284,1314,-92,4370,3L-0,168,,,,911,34002525,Porsche 911 GT3 RS Coupe 2025 US
Porsche,911,,GT3/GT3 RS,Coupe,,,gen8,2022-2024,跑车,4572,1900,1323,2157,SD0,1349,1284,1316,-92,4370,3L-0,168,,,,911,34002224,Porsche 911 GT3/GT3 RS Coupe 2022-2024 US
Porsche,911,,Speedster,Convertible,,,gen7,2019,跑车,4562,1854,1252,695,SD0,1316,1253,1231,-108,4319,3L-0,178,,,,,34001919,Porsche 911 Speedster Convertible 2019 US
Porsche,911,,,Targa,,,gen2,1983-1989,跑车,4290,1651,1321,21631,SD0,1172,1116,1201,-178,3888,3M-0,270,,,,911,34008389,Porsche 911 Targa 1983-1989 US
Porsche,911,,,Targa,,,gen3,1990-1993,跑车,4249,1651,1321,5899,SD0,1172,1116,1201,-178,3851,3M-0,311,,,,911,34009093,Porsche 911 Targa 1990-1993 US
Porsche,911,,,Targa,,,gen4,1996-1998,跑车,4260,1735,1316,6906,SD0,1232,1173,1235,-149,3937,3M-0,300,,,,911,34009698,Porsche 911 Targa 1996-1998 US
Porsche,911,,,Targa,,,gen5,2002-2004,跑车,4430,1770,1306,8228,SD0,1257,1197,1242,-136,4123,3M-0,130,,,,911,34000204,Porsche 911 Targa 2002-2004 US
Porsche,911,,,Targa,,,gen6,2006-2008,跑车,4460,1852,1311,9602,SD0,1315,1252,1283,-108,4225,3M-0,100,,,,911,34000608,Porsche 911 Targa 2006-2008 US
Porsche,911,,,Targa,,,gen6,2009-2011,跑车,4478,1852,1311,5130,SD0,1315,1252,1283,-108,4241,3M-0,82,,,,911,34000911,Porsche 911 Targa 2009-2011 US
Porsche,911,,,Targa,,,gen7,2014-2016,跑车,4491,1852,1303,9038,SD0,1315,1252,1276,-108,4253,3M-0,69,,,,911,34001416,Porsche 911 Targa 2014-2016 US
Porsche,911,,,Targa,,,gen8,2021-2024,跑车,4519,1852,1300,12916,SD0,1315,1252,1273,-108,4278,3M-0,41,,,,911,34002124,Porsche 911 Targa 2021-2024 US
Porsche,911,,Turbo,Coupe,,,gen2,1976-1980,跑车,4290,1775,1321,7041,SD0,1260,1200,1258,-135,4001,3M-0,270,,,,911,34007680,Porsche 911 Turbo Coupe 1976-1980 US
Porsche,911,,Turbo,Coupe,,,gen2,1986-1989,跑车,4290,1775,1321,2599,SD0,1260,1200,1258,-135,4001,3M-0,270,,,,911,34008689,Porsche 911 Turbo Coupe 1986-1989 US
Porsche,911,,Turbo,Coupe,,,gen3,1991-1994,跑车,4275,1775,1311,1206,SD0,1260,1200,1248,-135,3987,3M-0,285,,,,911,34009194,Porsche 911 Turbo Coupe 1991-1994 US
Porsche,911,,Turbo,Coupe,,,gen4,1996-1998,跑车,4260,1796,1316,1481,SD0,1275,1214,1263,-128,3993,3M-0,300,,,,911,34009698,Porsche 911 Turbo Coupe 1996-1998 US
Porsche,911,,Turbo,Coupe,,,gen5,2001-2005,跑车,4435,1829,1295,3501,SD0,1299,1236,1258,-116,4181,3M-0,125,,,,911,34000105,Porsche 911 Turbo Coupe 2001-2005 US
Porsche,911,,Turbo,Coupe,,,gen6,2007-2012,跑车,4478,1852,1300,3120,SD0,1315,1252,1273,-108,4241,3M-0,82,,,,911,34000712,Porsche 911 Turbo Coupe 2007-2012 US
Porsche,911,,Turbo,Coupe,,,gen7,2014-2019,跑车,4506,1880,1295,4293,SD0,1335,1271,1282,-98,4292,3M-0,54,,,,911,34001419,Porsche 911 Turbo Coupe 2014-2019 US
Porsche,911,,Turbo,Coupe,,,gen8,2021-2024,跑车,4536,1902,1303,2767,SD0,1350,1286,1299,-91,4339,3M-0,24,,,,911,34002124,Porsche 911 Turbo Coupe 2021-2024 US
Porsche,911,,Turbo,Coupe,,,gen8,2025-2026,跑车,4552,1900,1303,5028,SD0,1349,1284,1298,-92,4352,3M-0,8,,,,911,34002526,Porsche 911 Turbo Coupe 2025-2026 US
Porsche,912,,912E,Coupe,,,gen2,1976,跑车,4293,1610,1341,2099,SD0,1143,1088,1201,-192,3854,3M-0,267,,,,912,34077676,Porsche 912 912E Coupe 1976 US
Porsche,912,,,Coupe,,,gen1,1965-1969,跑车,4163,1610,1321,35326,SD0,1143,1088,1183,-192,3736,3S-0,57,,,,912,34076569,Porsche 912 Coupe 1965-1969 US
Porsche,Boxster,,,Convertible,,,gen3,2013-2016,跑车,4415,1801,1273,8475,SD0,1279,1217,1226,-126,4138,3M-0,145,,,,Boxster,34031316,Porsche Boxster Convertible 2013-2016 US
Porsche,Boxster,,,Convertible,,,gen4,2020,跑车,4432,1803,1260,800,SD0,1280,1219,1215,-125,4155,3M-0,128,,,,718 Boxster,34032020,Porsche Boxster Convertible 2020 US
Porsche,Boxster,,,Convertible,,,gen4,2021-2023,跑车,4430,1801,1273,3150,SD0,1279,1217,1226,-126,4152,3M-0,130,,,,718 Boxster,34032123,Porsche Boxster Convertible 2021-2023 US
Porsche,Boxster,,,Convertible,,,gen4,2024,跑车,4420,1824,1262,1200,SD0,1295,1233,1226,-118,4163,3M-0,140,,,,718 Boxster,34032424,Porsche Boxster Convertible 2024 US
Porsche,Boxster,,,Convertible,,,gen4,2025,跑车,4417,1821,1252,1250,SD0,1293,1231,1216,-119,4158,3M-0,143,,,,,34032525,Porsche Boxster Convertible 2025 US
Porsche,Boxster,,,Coupe,,,gen1,1997-2004,跑车,4343,1781,1290,63800,SD0,1265,1204,1232,-133,4054,3M-0,217,,,,Boxster,34039704,Porsche Boxster Coupe 1997-2004 US
Porsche,Boxster,,,Coupe,,,gen2,2005-2012,跑车,4371,1801,1293,27833,SD0,1279,1217,1244,-126,4098,3M-0,189,,,,Boxster,34030512,Porsche Boxster Coupe 2005-2012 US
Porsche,Boxster,,,Coupe,,,gen3,2013,跑车,4374,1801,1280,2316,SD0,1279,1217,1232,-126,4101,3M-0,186,,,,Boxster,34031313,Porsche Boxster Coupe 2013 US
Porsche,Boxster,,,Coupe,,,gen3,2014-2015,跑车,4404,1801,1283,3488,SD0,1279,1217,1235,-126,4128,3M-0,156,,,,Boxster,34031415,Porsche Boxster Coupe 2014-2015 US
Porsche,Boxster,,,Coupe,,,gen4,2017-2025,跑车,4417,1821,1280,11269,SD0,1293,1231,1241,-119,4158,3M-0,143,,,,718 Boxster,34031725,Porsche Boxster Coupe 2017-2025 US
Porsche,Cayenne,,,Coupe,,,gen3,2019-2023,跑车,4933,1984,1697,87414,SU1,1452,1480,1428,-17,4898,3XL-0,117,,,,Cayenne,34011923,Porsche Cayenne Coupe 2019-2023 US
Porsche,Cayenne,,,Coupe,,,gen3,2024-2026,跑车,4930,1999,1697,42339,SU1,1463,1491,1434,-12,4909,3XL-0,120,,,,Cayenne,34012426,Porsche Cayenne Coupe 2024-2026 US
Porsche,Cayenne,,,SUV,,,gen1,2003-2006,越野车,4785,1928,1699,43022,SU1,1411,1438,1407,-38,4710,YL,65,,,,Cayenne,34010306,Porsche Cayenne SUV 2003-2006 US
Porsche,Cayenne,,,SUV,,,gen1,2008-2010,越野车,4785,1928,1699,28782,SU1,1411,1438,1407,-38,4710,YL,65,,,,Cayenne,34010810,Porsche Cayenne SUV 2008-2010 US
Porsche,Cayenne,,,SUV,,,gen2,2011-2018,越野车,4854,1999,1712,117714,SU1,1463,1491,1446,-12,4839,YXL,166,,,,Cayenne,34011118,Porsche Cayenne SUV 2011-2018 US
Porsche,Cayenne,,,SUV,,,gen3,2019,越野车,4928,1984,1697,9600,SU1,1452,1480,1428,-17,4894,YXL,92,,,,Cayenne,34011919,Porsche Cayenne SUV 2019 US
Porsche,Cayenne,,,SUV,,,gen3,2025-2026,越野车,4930,1984,1699,19907,SU1,1452,1480,1430,-17,4895,YXL,90,,,,Cayenne,34012526,Porsche Cayenne SUV 2025-2026 US
Porsche,Cayman,,,Coupe,,,gen2,2009-2011,跑车,4376,1801,1306,4538,SD0,1279,1217,1256,-126,4103,3M-0,184,,,,Cayman,34050911,Porsche Cayman Coupe 2009-2011 US
Porsche,Cayman,,,Coupe,,,gen2,2012,跑车,4346,1801,1285,462,SD0,1279,1217,1237,-126,4075,3M-0,214,,,,Cayman,34051212,Porsche Cayman Coupe 2012 US
Porsche,Cayman,,,Coupe,,,gen3,2014-2016,跑车,4437,1816,1295,10568,SD0,1289,1228,1253,-121,4171,3M-0,123,,,,Cayman,34051416,Porsche Cayman Coupe 2014-2016 US
Porsche,Cayman,,,Coupe,,,gen4,2017-2025,跑车,4455,1821,1295,33323,SD0,1293,1231,1255,-119,4192,3M-0,105,,,,718 Cayman,34051725,Porsche Cayman Coupe 2017-2025 US
Porsche,Macan,,,SUV,,,gen1,2015-2018,越野车,4691,1933,1623,77798,SU0,1295,1353,1347,-88,4528,YL,159,,,,Macan,34021518,Porsche Macan SUV 2015-2018 US
Porsche,Macan,,,SUV,,,gen1,2019-2025,越野车,4727,1935,1623,122225,SU0,1296,1354,1348,-88,4562,YL,123,,,,Macan | Macan EV,34021925,Porsche Macan SUV 2019-2025 US
Porsche,Macan,,,SUV,,,gen2,2026,越野车,4783,1938,1623,11552,SU0,1298,1357,1350,-86,4616,YL,67,,,,Macan,34022626,Porsche Macan SUV 2026 US
Porsche,Panamera,,Executive LWB,Liftback,,,gen1,2014-2016,三厢车,5166,1930,1425,2670,SD1,1409,1544,1179,-12,5099,3XXL-550,334,,,,Panamera,34041416,Porsche Panamera Executive LWB Liftback 2014-2016 US
Porsche,Panamera,,Executive LWB,Liftback,,,gen2,2017-2023,三厢车,5199,1938,1427,6169,SD1,1415,1550,1184,-9,5137,3XXL-550,301,,,,Panamera,34041723,Porsche Panamera Executive LWB Liftback 2017-2023 US
Porsche,Panamera,,,Hatchback,,,gen1,2010-2013,两厢车,4968,1930,1417,27655,SD1,1409,1544,1172,-12,4915,5XL,332,,,,Panamera,34041013,Porsche Panamera Hatchback 2010-2013 US
Porsche,Panamera,,,Hatchback,,,gen1,2014-2016,两厢车,5014,1930,1417,12458,SD1,1409,1544,1172,-12,4958,5XL,286,,,,Panamera,34041416,Porsche Panamera Hatchback 2014-2016 US
Porsche,Panamera,,,Liftback,,,gen2,2017-2023,三厢车,5050,1938,1422,28780,SD1,1415,1550,1180,-9,4999,3XL-0,0,,,,,34041723,Porsche Panamera Liftback 2017-2023 US
Porsche,Panamera,,,Liftback,,,gen3,2024-2026,三厢车,5052,1938,1425,12383,SD1,1415,1550,1182,-9,5001,3XXL-550,448,,,,,34042426,Porsche Panamera Liftback 2024-2026 US
Porsche,Panamera,,Sport Turismo,Wagon,,,gen2,2018-2023,两厢车,5050,1938,1427,4978,H2,1360,1454,1176,-46,4908,5XL,250,,,,Panamera,34041823,Porsche Panamera Sport Turismo Wagon 2018-2023 US
Porsche,Taycan,,Cross Turismo,Wagon,,,gen1,2021-2024,两厢车,4973,1966,1412,4601,H2,1380,1474,1176,-36,4863,5XL,327,,,,Taycan,34062124,Porsche Taycan Cross Turismo Wagon 2021-2024 US
Porsche,Taycan,,,Sedan,,,gen1,2020-2024,三厢车,4963,1968,1394,25883,SD0,1397,1330,1412,-68,4786,3XL-0,87,,,,Taycan,34062024,Porsche Taycan Sedan 2020-2024 US
Porsche,Taycan,,,Sedan,,,gen1,2025-2026,三厢车,4963,1966,1379,2846,SD0,1396,1329,1397,-69,4785,3XL-0,87,,,,Taycan,34062526,Porsche Taycan Sedan 2025-2026 US
Porsche,Taycan,,Sport Turismo,Wagon,,,gen1,2022-2024,两厢车,4963,1968,1410,2937,H2,1382,1476,1175,-36,4856,5XL,337,,,,Taycan,34062224,Porsche Taycan Sport Turismo Wagon 2022-2024 US
Porsche,Taycan,,Turbo GT,Sedan,,,gen1,2025-2026,三厢车,4968,1999,1379,610,SD0,1419,1351,1412,-58,4819,3XL-0,82,,,,Taycan,34062526,Porsche Taycan Turbo GT Sedan 2025-2026 US
Porsche,Taycan,,,Wagon,,,gen1,2025-2026,两厢车,4976,1966,1412,2844,H2,1380,1474,1176,-36,4866,5XL,324,,,,Taycan,34062526,Porsche Taycan Wagon 2025-2026 US
Ram,1500 Classic,,,Pickup,Crew,5.6,gen4,2019-2023,皮卡,5817,2017,1999,758000,P0,1398,1718,1623,-51,5864,PK-L,83,,,,1500 Classic,10021923,Ram 1500 Classic Pickup 2019-2023 Crew 5.6 US
Ram,1500,,,Pickup,Club/Quad,6.4,gen2,1994-1998,皮卡,5692,2017,1897,1107775,P0,1398,1718,1542,-51,5746,PK-L,208,,,,Ram 1500 | Ram 1500 Van,10009498,Ram 1500 Pickup 1994-1998 Club/Quad 6.4 US
Ram,1500,,,Pickup,Regular,6.4,gen2,1994-2001,皮卡,5184,2017,1897,1300554,P0,1398,1718,1542,-51,5269,PK-S,116,,,,Ram 1500 | Ram 1500 Van,10009401,Ram 1500 Pickup 1994-2001 Regular 6.4 US
Ram,1500,,,Pickup,Regular,8,gen2,1997-2001,皮卡,5692,2017,1897,474763,P0,1398,1718,1542,-51,5746,PK-L,208,,,,Ram 1500 | Ram 1500 Van,10009701,Ram 1500 Pickup 1997-2001 Regular 8 US
Ram,1500,,,Pickup,Quad,6.4,gen3,2002-2008,皮卡,5784,2029,1905,1636849,P0,1406,1729,1553,-47,5844,PK-L,116,,,,Ram 1500 | Ram 1500 Van,10000208,Ram 1500 Pickup 2002-2008 Quad 6.4 US
Ram,1500,,,Pickup,Regular,6.4,gen3,2002-2008,皮卡,5276,2029,1905,818424,P0,1406,1729,1553,-47,5367,PK-S,24,,,,Ram 1500 | Ram 1500 Van,10000208,Ram 1500 Pickup 2002-2008 Regular 6.4 US
Ram,1500,,,Pickup,Regular,8,gen3,2005-2007,皮卡,5784,2029,1905,160430,P0,1406,1729,1553,-47,5844,PK-L,116,,,,Ram 1500,10000507,Ram 1500 Pickup 2005-2007 Regular 8 US
Ram,1500,,,Pickup,Crew,6.4,gen4,2009-2018,皮卡,6043,2017,1974,1729687,P0,1398,1718,1603,-51,6076,PK-XL,157,,,,Ram 1500 | 1500,10000918,Ram 1500 Pickup 2009-2018 Crew 6.4 US
Ram,1500,,,Pickup,Quad,6.4,gen4,2009-2018,皮卡,5817,2017,1974,432422,P0,1398,1718,1603,-51,5864,PK-L,83,,,,Ram 1500 | 1500,10000918,Ram 1500 Pickup 2009-2018 Quad 6.4 US
Ram,1500,,,Pickup,Regular,6.4,gen4,2009-2018,皮卡,5309,2017,1974,216210,P0,1398,1718,1603,-51,5386,无可用尺码,,PK-S,超长,9,Ram 1500 | 1500,10000918,Ram 1500 Pickup 2009-2018 Regular 6.4 US
Ram,1500,,,Pickup,Regular,8,gen4,2009-2018,皮卡,5867,2017,1974,108106,P0,1398,1718,1603,-51,5911,PK-L,33,,,,Ram 1500 | 1500,10000918,Ram 1500 Pickup 2009-2018 Regular 8 US
Ram,1500,,,Pickup,Crew,5.6,gen4,2011-2012,皮卡,5817,2017,1938,228808,P0,1398,1718,1575,-51,5864,PK-L,83,,,,1500,10001112,Ram 1500 Pickup 2011-2012 Crew 5.6 US
Ram,1500,,,Pickup,Crew,5.6,gen4,2014-2018,皮卡,5817,2017,1974,991247,P0,1398,1718,1603,-51,5864,PK-L,83,,,,1500,10001418,Ram 1500 Pickup 2014-2018 Crew 5.6 US
Ram,1500,,,Pickup,Crew,5.6,gen5,2019-2026,皮卡,5916,2085,1971,1604278,P0,1445,1776,1628,-28,6021,PK-XL,284,,,,1500 | 1500 Classic,10001926,Ram 1500 Pickup 2019-2026 Crew 5.6 US
Ram,1500,,,Pickup,Crew,6.4,gen5,2019-2026,皮卡,6142,2085,1976,1604276,P0,1445,1776,1632,-28,6233,PK-XL,58,,,,1500 | 1500 Classic,10001926,Ram 1500 Pickup 2019-2026 Crew 6.4 US
Ram,1500,,,Pickup,Quad,6.4,gen5,2019-2026,皮卡,5814,2085,1974,401069,P0,1445,1776,1630,-28,5925,PK-L,86,,,,1500 | 1500 Classic,10001926,Ram 1500 Pickup 2019-2026 Quad 6.4 US
Ram,1500,,RHO,Pickup,Crew,5.6,gen5,2025-2026,皮卡,5936,2235,2080,68367,P2,1609,1860,1702,54,6181,PK-XL,264,,,,1500,10002526,Ram 1500 RHO Pickup 2025-2026 Crew 5.6 US
Ram,1500,,TRX,Pickup,Crew,5.6,gen5,2021-2024,皮卡,5916,2235,2055,161371,P2,1609,1860,1683,54,6162,PK-XL,284,,,,1500 | 1500 Classic,10002124,Ram 1500 TRX Pickup 2021-2024 Crew 5.6 US
Ram,2500/3500,,,Pickup,Crew,6.4,gen2,1994-2002,皮卡,6030,2017,1994,677894,P0,1398,1718,1619,-51,6064,PK-XL,170,,,,Ram 2500 | Ram 2500 Van | Ram 3500 | Ram 3500 Van,10019402,Ram 2500/3500 Pickup 1994-2002 Crew 6.4 US
Ram,2500/3500,,,Pickup,Quad,8,gen2,1994-2002,皮卡,6200,2017,1852,84737,P0,1398,1718,1507,-51,6224,PK-XL,0,,,,Ram 2500 | Ram 2500 Van | Ram 3500 | Ram 3500 Van,10019402,Ram 2500/3500 Pickup 1994-2002 Quad 8 US
Ram,2500/3500,,,Pickup,Regular,8,gen2,1994-2002,皮卡,5893,2017,1991,42369,P0,1398,1718,1617,-51,5935,PK-L,7,,,,Ram 2500 | Ram 2500 Van | Ram 3500 | Ram 3500 Van,10019402,Ram 2500/3500 Pickup 1994-2002 Regular 8 US
Ram,2500/3500,,,Pickup,Crew,6.4,gen3,2003-2009,皮卡,6030,2017,1994,447767,P0,1398,1718,1619,-51,6064,PK-XL,170,,,,Ram 2500 | Ram 2500 Van | Ram 3500 | Ram 3500 Van,10010309,Ram 2500/3500 Pickup 2003-2009 Crew 6.4 US
Ram,2500/3500,,,Pickup,Quad,8,gen3,2003-2009,皮卡,6342,2029,2004,55971,P0,1406,1729,1632,-47,6369,PK-XXL-645,108,,,,Ram 2500 | Ram 2500 Van | Ram 3500 | Ram 3500 Van,10010309,Ram 2500/3500 Pickup 2003-2009 Quad 8 US
Ram,2500/3500,,,Pickup,Regular,8,gen3,2003-2009,皮卡,5834,2022,1991,27985,P0,1401,1723,1619,-50,5885,PK-L,66,,,,Ram 2500 | Ram 2500 Van | Ram 3500 | Ram 3500 Van,10010309,Ram 2500/3500 Pickup 2003-2009 Regular 8 US
Ram,2500/3500,,,Pickup,Mega,6.4,gen3,2006-2009,皮卡,6297,2032,1999,49808,P0,1408,1731,1629,-46,6329,PK-XXL-645,153,,,,Ram 2500 | Ram 3500,10010609,Ram 2500/3500 Pickup 2006-2009 Mega 6.4 US
Ram,2500/3500,,,Pickup,Crew,6.4,gen4,2010-2018,皮卡,6030,2019,1974,486789,P0,1399,1720,1604,-50,6066,PK-XL,170,,,,Ram 2500 | Ram 3500 | 3500,10011018,Ram 2500/3500 Pickup 2010-2018 Crew 6.4 US
Ram,2500/3500,,,Pickup,Crew,8,gen4,2010-2018,皮卡,6589,2009,1989,243393,P0,1392,1712,1612,-54,6582,无可用尺码,,PK-XXL-645,超长,139,Ram 2500 | Ram 3500 | 3500,10011018,Ram 2500/3500 Pickup 2010-2018 Crew 8 US
Ram,2500/3500,,,Pickup,Mega,6.4,gen4,2010-2018,皮卡,6309,2009,1989,121698,P0,1392,1712,1612,-54,6319,PK-XXL-645,141,,,,Ram 2500 | Ram 3500 | 3500,10011018,Ram 2500/3500 Pickup 2010-2018 Mega 6.4 US
Ram,2500/3500,,,Pickup,Regular,8,gen4,2010-2018,皮卡,5893,2017,1994,30424,P0,1398,1718,1619,-51,5935,PK-L,7,,,,Ram 2500 | Ram 3500 | 3500,10011018,Ram 2500/3500 Pickup 2010-2018 Regular 8 US
Ram,2500/3500,,,Pickup,Crew,6.4,gen5,2019-2026,皮卡,6066,2019,2037,529593,P0,1399,1720,1654,-50,6100,PK-XL,134,,,,3500,10011926,Ram 2500/3500 Pickup 2019-2026 Crew 6.4 US
Ram,2500/3500,,,Pickup,Crew,8,gen5,2019-2026,皮卡,6624,2017,2035,264796,P0,1398,1718,1651,-51,6623,无可用尺码,,PK-XXL-645,超长,174,3500,10011926,Ram 2500/3500 Pickup 2019-2026 Crew 8 US
Ram,2500/3500,,,Pickup,Mega,6.4,gen5,2019-2026,皮卡,6347,2019,2035,132398,P0,1399,1720,1652,-50,6364,PK-XXL-645,103,,,,3500,10011926,Ram 2500/3500 Pickup 2019-2026 Mega 6.4 US
Ram,2500/3500,,,Pickup,Regular,8,gen5,2019-2026,皮卡,5893,2017,2037,33100,P0,1398,1718,1653,-51,5935,PK-L,7,,,,3500,10011926,Ram 2500/3500 Pickup 2019-2026 Regular 8 US
Rivian,R1S,,,SUV,,,gen1,2022-2026,越野车,5100,2083,1963,90740,SU2,1458,1729,1615,47,5144,无可用尺码,,YXL,超长,80,R1S,40002226,Rivian R1S SUV 2022-2026 US
Rivian,R1T,,Dual/Quad/Adventure,Pickup,Crew,4.5,gen1,2022,皮卡,5514,2078,1857,9900,P0,1440,1770,1535,-30,5636,PK-L,386,,,,R1T,40012222,Rivian R1T Dual/Quad/Adventure Pickup 2022 Crew 4.5 US
Rivian,R1T,,Dual/Quad/Adventure,Pickup,Crew,4.5,gen1,2023-2024,皮卡,5514,2007,1986,35209,P0,1391,1710,1609,-54,5570,PK-L,386,,,,R1T,40012324,Rivian R1T Dual/Quad/Adventure Pickup 2023-2024 Crew 4.5 US
Rivian,R1T,,,Pickup,Crew,4.5,gen2,2025-2026,皮卡,5514,2083,1986,14443,P0,1444,1775,1639,-28,5641,PK-L,386,,,,R1T,40012526,Rivian R1T Pickup 2025-2026 Crew 4.5 US
Saab,9-3,,,Convertible,,,gen2,1999-2011,跑车,4646,1781,1438,116825,SD1,1300,1425,1129,-69,4477,3L-0,94,,,,,38019911,Saab 9-3 Convertible 1999-2011 US
Saab,9-3,,,Sedan,,,gen2,1999-2011,三厢车,4646,1801,1450,116819,SD1,1315,1441,1147,-61,4496,3L,94,,,,,38019911,Saab 9-3 Sedan 1999-2011 US
Saab,9-3,,,Wagon,,,gen2,2006-2011,两厢车,4671,1801,1496,28566,H2,1264,1351,1177,-96,4435,无可用尺码,,2L,超长,531,,38010611,Saab 9-3 Wagon 2006-2011 US
Saab,9-5,,,Sedan,,,gen1,1999-2009,三厢车,4836,1791,1453,61369,SD1,1307,1433,1145,-65,4663,3XL-0,214,,,,,38029909,Saab 9-5 Sedan 1999-2009 US
Saab,9-5,,,Sedan,,,gen2,2010-2011,三厢车,5009,1862,1468,8000,SD1,1359,1490,1186,-38,4890,3XL-0,41,,,,,38021011,Saab 9-5 Sedan 2010-2011 US
Saab,9-5,,,Wagon,,,gen1,1999-2009,两厢车,4841,1791,1466,61369,H2,1257,1343,1149,-100,4582,5XL,459,,,,,38029909,Saab 9-5 Wagon 1999-2009 US
Saab,900,,,Convertible,,,gen1,1986-1993,跑车,4681,1689,1400,108000,SD0,1199,1142,1290,-165,4278,3L-0,59,,,,900,38008693,Saab 900 Convertible 1986-1993 US
Saab,900,,,Convertible,,,gen2,1994-1998,跑车,4638,1712,1435,35000,SD0,1216,1157,1333,-157,4259,3L-0,102,,,,900,38009498,Saab 900 Convertible 1994-1998 US
Saab,900,,,Hatchback,,,gen1,1979-1993,两厢车,4686,1689,1425,215000,H0,1213,1236,1088,-138,4365,无可用尺码,,2L,超长,546,900,38007993,Saab 900 Hatchback 1979-1993 US
Saab,900,,,Hatchback,,,gen2,1994-1998,两厢车,4638,1712,1438,35000,H0,1229,1253,1108,-130,4342,无可用尺码,,2L,超长,498,900,38009498,Saab 900 Hatchback 1994-1998 US
Saturn,Astra,,,Hatchback,,,gen1,2008-2009,两厢车,4331,1753,1458,18266,H0,1259,1283,1141,-114,4097,无可用尺码,,2L,超长,191,Astra,28070809,Saturn Astra Hatchback 2008-2009 US
Saturn,Aura,,,Sedan,,,gen1,2007-2009,三厢车,4849,1786,1463,140739,SD1,1304,1429,1151,-67,4671,3XL-0,201,,,,Aura,28040709,Saturn Aura Sedan 2007-2009 US
Saturn,Ion,,,Coupe,,,gen1,2003-2007,跑车,4699,1725,1422,236270,SD1,1259,1380,1094,-90,4474,3L-0,41,,,,Ion,28020307,Saturn Ion Coupe 2003-2007 US
Saturn,Ion,,,Sedan,,,gen1,2003-2007,三厢车,4686,1707,1458,236268,SD1,1246,1366,1115,-97,4445,3L,54,,,,Ion,28020307,Saturn Ion Sedan 2003-2007 US
Saturn,L-Series,,,Sedan,,,gen1,2000-2005,三厢车,4836,1740,1433,183960,SD1,1270,1392,1109,-84,4616,3XL-0,214,,,,L100 | L200 | L300 | LS | LS1 | LS2 | LW1 | LW2 | LW200 | LW300,28030005,Saturn L-Series Sedan 2000-2005 US
Saturn,L-Series,,,Wagon,,,gen1,2000-2004,两厢车,4836,1740,1455,178917,H2,1221,1305,1119,-118,4530,5XL,464,,,,L100 | L200 | L300 | LS | LS1 | LS2 | LW1 | LW2 | LW200 | LW300,28030004,Saturn L-Series Wagon 2000-2004 US
Saturn,Outlook,,,SUV,,,gen1,2007-2010,越野车,5098,1986,1849,76840,SU1,1454,1482,1552,-16,5053,无可用尺码,,YXL,超长,78,Outlook,28050710,Saturn Outlook SUV 2007-2010 US
Saturn,S-Series,,,Coupe,,,gen1,1991-1993,跑车,4465,1717,1285,190836,SD1,1253,1374,980,-93,4249,3M-0,95,,,,SC | SC1 | SC2 | SL | SL1 | SL2 | SW1 | SW2,28009193,Saturn S-Series Coupe 1991-1993 US
Saturn,S-Series,,,Coupe,,,gen1,1995-1996,跑车,4435,1717,1285,249560,SD1,1253,1374,980,-93,4221,3M-0,125,,,,SC1 | SC2 | SL | SL1 | SL2 | SW1 | SW2,28009596,Saturn S-Series Coupe 1995-1996 US
Saturn,S-Series,,,Coupe,,,gen2,1997,跑车,4572,1709,1326,104998,SD1,1248,1367,1010,-96,4341,3L-0,168,,,,SC1 | SC2 | SL | SL1 | SL2 | SW1 | SW2,28009797,Saturn S-Series Coupe 1997 US
Saturn,S-Series,,,Coupe,,,gen2,1998-1999,跑车,4572,1709,1346,165133,SD1,1248,1367,1026,-96,4341,3L-0,168,,,,SC1 | SC2 | SL | SL1 | SL2 | SW1 | SW2,28009899,Saturn S-Series Coupe 1998-1999 US
Saturn,S-Series,,,Coupe,,,gen3,2000-2002,跑车,4585,1732,1346,125903,SD1,1264,1386,1035,-88,4375,3L-0,155,,,,SC1 | SC2 | SL | SL1 | SL2 | SW2,28000002,Saturn S-Series Coupe 2000-2002 US
Saturn,S-Series,,,Sedan,,,gen1,1991-1993,三厢车,4478,1717,1351,190833,SD1,1253,1374,1033,-93,4261,3L,262,,,,SC | SC1 | SC2 | SL | SL1 | SL2 | SW1 | SW2,28009193,Saturn S-Series Sedan 1991-1993 US
Saturn,S-Series,,,Sedan,,,gen2,1996,三厢车,4491,1694,1384,98066,SD1,1237,1355,1050,-102,4252,3L,249,,,,SC1 | SC2 | SL | SL1 | SL2 | SW1 | SW2,28009696,Saturn S-Series Sedan 1996 US
Saturn,S-Series,,,Sedan,,,gen2,1997,三厢车,4493,1694,1367,104997,SD1,1237,1355,1037,-102,4254,3L,247,,,,SC1 | SC2 | SL | SL1 | SL2 | SW1 | SW2,28009797,Saturn S-Series Sedan 1997 US
Saturn,S-Series,,,Sedan,,,gen2,1998-1999,三厢车,4493,1694,1397,165133,SD1,1237,1355,1061,-102,4254,3L,247,,,,SC1 | SC2 | SL | SL1 | SL2 | SW1 | SW2,28009899,Saturn S-Series Sedan 1998-1999 US
Saturn,S-Series,,,Sedan,,,gen3,2000-2002,三厢车,4524,1687,1397,125903,SD1,1232,1350,1058,-104,4276,3L,216,,,,SC1 | SC2 | SL | SL1 | SL2 | SW2,28000002,Saturn S-Series Sedan 2000-2002 US
Saturn,S-Series,,,Wagon,,,gen1,1993-1995,两厢车,4478,1717,1364,500552,H2,1205,1288,1037,-127,4181,无可用尺码,,2L,超长,338,SC1 | SC2 | SL | SL1 | SL2 | SW1 | SW2,28009395,Saturn S-Series Wagon 1993-1995 US
Saturn,S-Series,,,Wagon,,,gen2,1996-1997,两厢车,4493,1694,1384,203063,H2,1189,1270,1044,-135,4173,无可用尺码,,2L,超长,353,SC1 | SC2 | SL | SL1 | SL2 | SW1 | SW2,28009697,Saturn S-Series Wagon 1996-1997 US
Saturn,S-Series,,,Wagon,,,gen2,1998-2001,两厢车,4524,1694,1412,261034,H2,1189,1270,1066,-135,4202,无可用尺码,,2L,超长,384,SC1 | SC2 | SL | SL1 | SL2 | SW1 | SW2,28009801,Saturn S-Series Wagon 1998-2001 US
Saturn,Sky,,,Convertible,,,gen1,2007-2010,跑车,4092,1814,1275,24003,SD0,1288,1226,1233,-122,3857,3S-0,128,,,,,28060710,Saturn Sky Convertible 2007-2010 US
Saturn,Vue,,,SUV,,,gen1,2002-2006,越野车,4605,1819,1689,424912,SU2,1273,1510,1295,-54,4442,YM,25,,,,Vue,28010206,Saturn Vue SUV 2002-2006 US
Saturn,Vue,,,SUV,,,gen1,2007,越野车,4605,1819,1684,81676,SU2,1273,1510,1291,-54,4442,YM,25,,,,Vue,28010707,Saturn Vue SUV 2007 US
Saturn,Vue,,,SUV,,,gen2,2008-2010,越野车,4575,1849,1702,116397,SU1,1353,1379,1377,-67,4442,YM,55,,,,Vue,28010810,Saturn Vue SUV 2008-2010 US
Scion,FR-S,,,Coupe,,,gen1,2013-2016,跑车,4234,1775,1285,40389,SD0,1260,1200,1225,-135,3950,3M-0,326,,,,FRS,35041316,Scion FR-S Coupe 2013-2016 US
Scion,XA,,,Hatchback,,,gen1,2004-2006,两厢车,3914,1694,1529,84820,H0,1216,1240,1175,-136,3659,2L,226,,,,xA,35030406,Scion XA Hatchback 2004-2006 US
Scion,iA,,,Sedan,,,gen1,2016,三厢车,4361,1694,1486,5000,SD1,1237,1355,1133,-102,4131,3L,379,,,,iA,35061616,Scion iA Sedan 2016 US
Scion,iM,,,Hatchback,,,gen1,2016,两厢车,4331,1760,1405,3000,H0,1264,1288,1101,-112,4104,无可用尺码,,2L,超长,191,iM,35071616,Scion iM Hatchback 2016 US
Scion,iQ,,,Hatchback,,,gen1,2012-2015,两厢车,3051,1679,1501,15447,H1,1209,1253,1158,-134,2837,无可用尺码,,2M,超余量,559,iQ,35051215,Scion iQ Hatchback 2012-2015 US
Scion,tC,,,Coupe,,,gen1,2005-2010,跑车,4420,1755,1415,291574,SD0,1246,1186,1334,-142,4101,3M-0,140,,,,tC,35000510,Scion tC Coupe 2005-2010 US
Scion,tC,,,Coupe,,,gen2,2011-2013,跑车,4420,1796,1415,64193,SD0,1275,1214,1353,-128,4138,3M-0,140,,,,tC,35001113,Scion tC Coupe 2011-2013 US
Scion,tC,,,Coupe,,,gen2,2014-2016,跑车,4486,1796,1415,43742,SD0,1275,1214,1353,-128,4198,3M-0,74,,,,tC,35001416,Scion tC Coupe 2014-2016 US
Scion,xB,,,Hatchback,,,gen1,2004-2006,两厢车,3945,1689,1641,162356,H1,1216,1260,1276,-131,3666,2L,195,,,,xB,35010406,Scion xB Hatchback 2004-2006 US
Scion,xB,,,Hatchback,,,gen2,2011-2014,两厢车,4249,1760,1610,71236,H1,1267,1313,1279,-105,4010,无可用尺码,,2L,超长,109,xB,35011114,Scion xB Hatchback 2011-2014 US
Scion,xB,,,Hatchback,,,gen2,2015,两厢车,4270,1760,1610,15223,H1,1267,1313,1279,-105,4030,无可用尺码,,2L,超长,130,xB,35011515,Scion xB Hatchback 2015 US
Scion,xB,,,Wagon,,,gen2,2008-2010,两厢车,4249,1760,1600,91045,H1,1267,1313,1271,-105,4010,无可用尺码,,2L,超长,109,xB,35010810,Scion xB Wagon 2008-2010 US
Scion,xD,,,Hatchback,,,gen1,2008-2010,两厢车,3929,1725,1524,52274,H0,1239,1263,1183,-124,3702,2L,211,,,,xD,35020810,Scion xD Hatchback 2008-2010 US
Scion,xD,,,Hatchback,,,gen1,2011-2014,两厢车,3929,1725,1509,36711,H0,1239,1263,1171,-124,3702,2L,211,,,,xD,35021114,Scion xD Hatchback 2011-2014 US
Subaru,Ascent,,,SUV,,,gen1,2019-2026,越野车,4999,1930,1819,475243,SU1,1413,1440,1505,-37,4909,YXL,21,,,,Ascent,15061926,Subaru Ascent SUV 2019-2026 US
Subaru,BRZ,,,Coupe,,,gen1,2013-2020,跑车,4234,1775,1285,38094,SD0,1260,1200,1225,-135,3950,3M-0,326,,,,BRZ,15091320,Subaru BRZ Coupe 2013-2020 US
Subaru,Crosstrek,,,Crossover,,,gen1,2013-2017,越野车,4450,1781,1615,419439,SU1,1304,1329,1279,-92,4264,YM,180,,,,,15031317,Subaru Crosstrek Crossover 2013-2017 US
Subaru,Crosstrek,,,Crossover,,,gen2,2018-2023,越野车,4465,1803,1615,837053,SU1,1320,1345,1288,-84,4298,YM,165,,,,,15031823,Subaru Crosstrek Crossover 2018-2023 US
Subaru,Crosstrek,,Wilderness,Crossover,,,gen3,2024-2026,越野车,4481,1821,1615,461158,SU1,1333,1358,1296,-77,4329,YM,149,,,,,15032426,Subaru Crosstrek Wilderness Crossover 2024-2026 US
Subaru,Forester,,,SUV,,,gen1,1998-2002,越野车,4450,1735,1651,245925,SU2,1214,1440,1232,-86,4221,YM,180,,,,Forester,15019802,Subaru Forester SUV 1998-2002 US
Subaru,Forester,,,SUV,,,gen2,2003-2008,越野车,4486,1735,1651,328328,SU2,1214,1440,1232,-86,4254,YM,144,,,,Forester,15010308,Subaru Forester SUV 2003-2008 US
Subaru,Forester,,,SUV,,,gen3,2009-2013,越野车,4559,1781,1699,443005,SU2,1247,1478,1288,-69,4364,YM,71,,,,Forester,15010913,Subaru Forester SUV 2009-2013 US
Subaru,Forester,,,SUV,,,gen4,2014-2018,越野车,4610,1796,1732,862914,SU1,1315,1340,1380,-86,4426,YM,20,,,,Forester,15011418,Subaru Forester SUV 2014-2018 US
Subaru,Forester,,,SUV,,,gen5,2019-2021,越野车,4625,1816,1730,511898,SU1,1329,1355,1387,-79,4458,YM,5,,,,Forester,15011921,Subaru Forester SUV 2019-2021 US
Subaru,Forester,,,SUV,,,gen6,2025,越野车,4656,1829,1730,175070,SU1,1339,1364,1392,-74,4499,YL,194,,,,Forester,15012525,Subaru Forester SUV 2025 US
Subaru,Forester,,Wilderness,SUV,,,gen5,2022-2024,越野车,4641,1834,1750,442183,SU1,1342,1368,1410,-72,4489,YL,209,,,,Forester,15012224,Subaru Forester Wilderness SUV 2022-2024 US
Subaru,Forester,,Wilderness,SUV,,,gen6,2026,越野车,4656,1839,1760,170000,SU1,1346,1372,1420,-70,4508,YL,194,,,,Forester,15012626,Subaru Forester Wilderness SUV 2026 US
Subaru,Impreza,,,Coupe,,,gen1,1995-2001,跑车,4374,1704,1410,90301,SD1,1244,1363,1075,-98,4153,3M-0,186,,,,Impreza,15049501,Subaru Impreza Coupe 1995-2001 US
Subaru,Impreza,,,Hatchback,,,gen3,2008-2011,两厢车,4415,1740,1476,90651,H0,1249,1274,1150,-119,4163,无可用尺码,,2L,超长,275,Impreza,15040811,Subaru Impreza Hatchback 2008-2011 US
Subaru,Impreza,,,Hatchback,,,gen4,2012-2016,两厢车,4415,1740,1511,200104,H0,1249,1274,1179,-119,4163,无可用尺码,,2L,超长,275,Impreza,15041216,Subaru Impreza Hatchback 2012-2016 US
Subaru,Impreza,,,Hatchback,,,gen5,2017-2023,两厢车,4460,1778,1496,186423,H0,1277,1301,1182,-106,4239,无可用尺码,,2L,超长,320,Impreza,15041723,Subaru Impreza Hatchback 2017-2023 US
Subaru,Impreza,,,Hatchback,,,gen6,2024-2026,两厢车,4475,1781,1481,77000,H0,1279,1304,1171,-104,4256,无可用尺码,,2L,超长,335,Impreza,15042426,Subaru Impreza Hatchback 2024-2026 US
Subaru,Impreza,,Outback Sport,Wagon,,,gen1,1997-2001,两厢车,4374,1704,1524,15677,H2,1196,1278,1160,-132,4074,无可用尺码,,2L,超长,234,Impreza,15049701,Subaru Impreza Outback Sport Wagon 1997-2001 US
Subaru,Impreza,,,Sedan,,,gen1,1993-1994,三厢车,4369,1704,1400,24750,SD1,1244,1363,1067,-98,4148,3L,371,,,,Impreza,15049394,Subaru Impreza Sedan 1993-1994 US
Subaru,Impreza,,,Sedan,,,gen1,1995-2001,三厢车,4374,1704,1410,90298,SD1,1244,1363,1075,-98,4153,3L,366,,,,Impreza,15049501,Subaru Impreza Sedan 1995-2001 US
Subaru,Impreza,,,Sedan,,,gen2,2002-2007,三厢车,4465,1730,1440,107559,SD1,1263,1384,1110,-88,4261,3L,275,,,,Impreza,15040207,Subaru Impreza Sedan 2002-2007 US
Subaru,Impreza,,,Sedan,,,gen3,2008-2011,三厢车,4580,1740,1476,90649,SD1,1270,1392,1143,-84,4378,3L,160,,,,Impreza,15040811,Subaru Impreza Sedan 2008-2011 US
Subaru,Impreza,,,Sedan,,,gen4,2012-2016,三厢车,4580,1740,1466,200101,SD1,1270,1392,1135,-84,4378,3L,160,,,,Impreza,15041216,Subaru Impreza Sedan 2012-2016 US
Subaru,Impreza,,,Sedan,,,gen5,2017-2023,三厢车,4641,1778,1455,186419,SD1,1298,1422,1142,-70,4470,3L,99,,,,Impreza,15041723,Subaru Impreza Sedan 2017-2023 US
Subaru,Impreza,,,Wagon,,,gen1,1993-1996,两厢车,4374,1704,1410,41887,H2,1196,1278,1069,-132,4074,无可用尺码,,2L,超长,234,Impreza,15049396,Subaru Impreza Wagon 1993-1996 US
Subaru,Impreza,,,Wagon,,,gen2,2002-2007,两厢车,4465,1694,1486,107558,H2,1189,1270,1126,-135,4148,无可用尺码,,2L,超长,325,Impreza,15040207,Subaru Impreza Wagon 2002-2007 US
Subaru,Legacy,,,Sedan,,,gen1,1990-1991,三厢车,4511,1689,1379,46000,SD1,1233,1351,1044,-104,4266,3L,229,,,,Legacy,15029091,Subaru Legacy Sedan 1990-1991 US
Subaru,Legacy,,,Sedan,,,gen1,1992-1994,三厢车,4544,1689,1359,78500,SD1,1233,1351,1028,-104,4297,3L,196,,,,Legacy,15029294,Subaru Legacy Sedan 1992-1994 US
Subaru,Legacy,,,Sedan,,,gen2,1997-1999,三厢车,4610,1714,1415,110000,SD1,1251,1371,1084,-94,4381,3L,130,,,,Legacy,15029799,Subaru Legacy Sedan 1997-1999 US
Subaru,Legacy,,,Sedan,,,gen3,2000-2004,三厢车,4684,1745,1415,205000,SD1,1274,1396,1096,-82,4479,3L,56,,,,Legacy,15020004,Subaru Legacy Sedan 2000-2004 US
Subaru,Legacy,,,Sedan,,,gen4,2005-2008,三厢车,4699,1730,1425,119267,SD1,1263,1384,1098,-88,4479,3L,41,,,,Legacy,15020508,Subaru Legacy Sedan 2005-2008 US
Subaru,Legacy,,,Sedan,,,gen4,2009,三厢车,4699,1730,1435,30974,SD1,1263,1384,1106,-88,4479,3L,41,,,,Legacy,15020909,Subaru Legacy Sedan 2009 US
Subaru,Legacy,,,Sedan,,,gen5,2010-2014,三厢车,4755,1821,1506,222814,SD1,1329,1457,1200,-54,4616,3XL-0,295,,,,Legacy,15021014,Subaru Legacy Sedan 2010-2014 US
Subaru,Legacy,,,Sedan,,,gen6,2015-2019,三厢车,4803,1839,1499,250762,SD1,1342,1471,1202,-47,4677,3XL-0,247,,,,Legacy,15021519,Subaru Legacy Sedan 2015-2019 US
Subaru,Legacy,,,Sedan,,,gen7,2020-2025,三厢车,4854,1839,1501,139924,SD1,1342,1471,1203,-47,4724,3XL-0,196,,,,Legacy,15022025,Subaru Legacy Sedan 2020-2025 US
Subaru,Legacy,,,Wagon,,,gen1,1990-1991,两厢车,4600,1689,1430,46000,H2,1186,1267,1079,-137,4267,无可用尺码,,2L,超长,460,Legacy,15029091,Subaru Legacy Wagon 1990-1991 US
Subaru,Legacy,,,Wagon,,,gen1,1992-1994,两厢车,4620,1689,1430,78500,H2,1186,1267,1079,-137,4285,无可用尺码,,2L,超长,480,Legacy,15029294,Subaru Legacy Wagon 1992-1994 US
Subaru,Legacy,,,Wagon,,,gen2,1995-1999,两厢车,4671,1714,1450,234000,H2,1203,1286,1105,-128,4355,无可用尺码,,2L,超长,531,Legacy,15029599,Subaru Legacy Wagon 1995-1999 US
Subaru,Legacy,,,Wagon,,,gen3,2000-2004,两厢车,4760,1745,1514,205000,H2,1225,1309,1169,-116,4465,5XL,540,,,,Legacy,15020004,Subaru Legacy Wagon 2000-2004 US
Subaru,Legacy,,,Wagon,,,gen4,2005-2007,两厢车,4793,1730,1476,96662,H2,1214,1298,1132,-122,4482,5XL,507,,,,Legacy,15020507,Subaru Legacy Wagon 2005-2007 US
Subaru,Outback,,,Hatchback,,,gen4,2010-2014,两厢车,4780,1821,1669,571945,H0,1307,1333,1339,-90,4573,5XL,520,,,,Outback,15001014,Subaru Outback Hatchback 2010-2014 US
Subaru,Outback,,,Hatchback,,,gen5,2015-2019,两厢车,4816,1839,1679,884110,H0,1320,1346,1355,-84,4623,5XL,484,,,,Outback,15001519,Subaru Outback Hatchback 2015-2019 US
Subaru,Outback,,,Hatchback,,,gen7,2026,两厢车,4869,1880,1714,54675,SU2,1316,1560,1339,-31,4743,5XL,431,,,,Outback,15002626,Subaru Outback Hatchback 2026 US
Subaru,Outback Sport,,,Wagon,,,gen1,1995-2001,两厢车,4374,1704,1524,67000,H2,1196,1278,1160,-132,4074,无可用尺码,,2L,超长,234,Impreza,15079501,Subaru Outback Sport Wagon 1995-2001 US
Subaru,Outback Sport,,,Wagon,,,gen2,2001,两厢车,4374,1704,1524,7000,H2,1196,1278,1160,-132,4074,无可用尺码,,2L,超长,234,Impreza,15070101,Subaru Outback Sport Wagon 2001 US
Subaru,Outback Sport,,,Wagon,,,gen2,2002-2003,两厢车,4404,1709,1529,23000,H2,1200,1282,1166,-130,4106,无可用尺码,,2L,超长,264,Impreza,15070203,Subaru Outback Sport Wagon 2002-2003 US
Subaru,Outback Sport,,,Wagon,,,gen2,2004,两厢车,4404,1694,1466,11000,H2,1189,1270,1110,-135,4092,无可用尺码,,2L,超长,264,Impreza,15070404,Subaru Outback Sport Wagon 2004 US
Subaru,Outback Sport,,,Wagon,,,gen2,2005,两厢车,4415,1709,1496,12000,H2,1200,1282,1140,-130,4116,无可用尺码,,2L,超长,275,Impreza,15070505,Subaru Outback Sport Wagon 2005 US
Subaru,Outback Sport,,,Wagon,,,gen2,2006,两厢车,4455,1694,1496,14000,H2,1189,1270,1134,-135,4139,无可用尺码,,2L,超长,315,Impreza,15070606,Subaru Outback Sport Wagon 2006 US
Subaru,Outback Sport,,,Wagon,,,gen2,2007,两厢车,4465,1709,1539,15000,H2,1200,1282,1174,-130,4162,无可用尺码,,2L,超长,325,Impreza,15070707,Subaru Outback Sport Wagon 2007 US
Subaru,Outback Sport,,,Wagon,,,gen3,2008-2011,两厢车,4415,1740,1481,52000,H0,1249,1274,1154,-119,4163,无可用尺码,,2L,超长,275,Impreza,15070811,Subaru Outback Sport Wagon 2008-2011 US
Subaru,Outback,,,Wagon,,,gen1,1995-1999,两厢车,4740,1735,1600,287000,H2,1218,1301,1234,-120,4438,无可用尺码,,5XL,超余量,560,Legacy,15009599,Subaru Outback Wagon 1995-1999 US
Subaru,Outback,,,Wagon,,,gen2,2000-2004,两厢车,4760,1745,1605,423000,H2,1225,1309,1242,-116,4465,5XL,540,,,,Outback,15000004,Subaru Outback Wagon 2000-2004 US
Subaru,Outback,,,Wagon,,,gen3,2005-2009,两厢车,4801,1770,1605,505000,H2,1243,1328,1252,-107,4526,5XL,499,,,,Outback,15000509,Subaru Outback Wagon 2005-2009 US
Subaru,Outback,,Wilderness,Wagon,,,gen6,2020-2024,两厢车,4859,1895,1699,785195,H2,1330,1421,1378,-62,4693,5XL,441,,,,Outback,15002024,Subaru Outback Wilderness Wagon 2020-2024 US
Subaru,Outback,,Wilderness,Wagon,,,gen6,2025,两厢车,4874,1895,1699,165000,H2,1330,1421,1378,-62,4707,5XL,426,,,,Outback,15002525,Subaru Outback Wilderness Wagon 2025 US
Subaru,Solterra,,,SUV,,,gen1,2023-2026,越野车,4689,1859,1651,37171,SU1,1361,1387,1340,-63,4557,YL,161,,,,Solterra,15102326,Subaru Solterra SUV 2023-2026 US
Subaru,Tribeca,,,SUV,,,gen1,2006-2014,越野车,4864,1877,1720,61977,SU1,1374,1400,1403,-56,4735,YXL,156,,,,B9 Tribeca | Tribeca,15080614,Subaru Tribeca SUV 2006-2014 US
Subaru,WRX,,WRX,Sedan,,,gen1,2002,三厢车,4404,1730,1440,4667,SD1,1263,1384,1110,-88,4205,3L,336,,,,Impreza,15050202,Subaru WRX WRX Sedan 2002 US
Subaru,WRX,,WRX,Sedan,,,gen4,2022-2026,三厢车,4669,1826,1468,79968,SD1,1333,1461,1171,-52,4540,3L,71,,,,Impreza | WRX,15052226,Subaru WRX WRX Sedan 2022-2026 US
Subaru,WRX,,WRX,Wagon,,,gen1,2002-2003,两厢车,4404,1730,1440,12167,H2,1214,1298,1103,-122,4125,无可用尺码,,2L,超长,264,Impreza,15050203,Subaru WRX WRX Wagon 2002-2003 US
Subaru,WRX,,WRX/STI,Hatchback,,,gen2,2008-2014,两厢车,4415,1796,1476,62370,H0,1290,1315,1173,-99,4214,无可用尺码,,2L,超长,275,Impreza | WRX | WRX STI,15050814,Subaru WRX WRX/STI Hatchback 2008-2014 US
Subaru,WRX,,WRX/STI,Sedan,,,gen1,2002-2003,三厢车,4404,1730,1440,12166,SD1,1263,1384,1110,-88,4205,3L,336,,,,Impreza,15050203,Subaru WRX WRX/STI Sedan 2002-2003 US
Subaru,WRX,,WRX/STI,Sedan,,,gen1,2004-2007,三厢车,4465,1740,1430,73000,SD1,1270,1392,1106,-84,4271,3L,275,,,,Impreza,15050407,Subaru WRX WRX/STI Sedan 2004-2007 US
Subaru,WRX,,WRX/STI,Sedan,,,gen2,2008-2014,三厢车,4580,1796,1476,62369,SD1,1311,1437,1166,-63,4430,3L,160,,,,Impreza | WRX | WRX STI,15050814,Subaru WRX WRX/STI Sedan 2008-2014 US
Subaru,WRX,,WRX/STI,Sedan,,,gen3,2015-2021,三厢车,4595,1796,1476,197258,SD1,1311,1437,1166,-63,4444,3L,145,,,,Impreza | WRX | WRX STI,15051521,Subaru WRX WRX/STI Sedan 2015-2021 US
Suzuki,Aerio,,,Sedan,,,gen1,2002-2007,三厢车,4351,1720,1544,56797,SD1,1256,1376,1190,-92,4146,3L,389,,,,Aerio,36050207,Suzuki Aerio Sedan 2002-2007 US
Suzuki,Aerio,,,Wagon,,,gen1,2002-2005,两厢车,4229,1720,1549,27833,H2,1207,1290,1187,-126,3955,无可用尺码,,2L,超长,89,Aerio,36050205,Suzuki Aerio Wagon 2002-2005 US
Suzuki,Forenza,,,Sedan,,,gen1,2004-2008,三厢车,4501,1725,1445,88840,SD1,1259,1380,1112,-90,4290,3L,239,,,,Forenza,36020408,Suzuki Forenza Sedan 2004-2008 US
Suzuki,Forenza,,,Wagon,,,gen1,2004-2008,两厢车,4564,1725,1501,88838,H2,1211,1294,1150,-124,4267,无可用尺码,,2L,超长,424,Forenza,36020408,Suzuki Forenza Wagon 2004-2008 US
Suzuki,Grand Vitara,,,SUV,,,gen1,1999-2000,越野车,4181,1781,1740,46000,SU1,1304,1329,1381,-92,4015,YM,449,,,,Grand Vitara,36019900,Suzuki Grand Vitara SUV 1999-2000 US
Suzuki,Grand Vitara,,,SUV,,,gen1,2001,越野车,4181,1781,1709,20000,SU1,1304,1329,1356,-92,4015,YM,449,,,,Grand Vitara,36010101,Suzuki Grand Vitara SUV 2001 US
Suzuki,Grand Vitara,,,SUV,,,gen1,2002-2003,越野车,4178,1781,1722,31426,SU1,1304,1329,1366,-92,4012,YM,452,,,,Grand Vitara,36010203,Suzuki Grand Vitara SUV 2002-2003 US
Suzuki,Grand Vitara,,,SUV,,,gen1,2004,越野车,4178,1781,1709,8336,SU1,1304,1329,1356,-92,4012,YM,452,,,,Grand Vitara,36010404,Suzuki Grand Vitara SUV 2004 US
Suzuki,Grand Vitara,,,SUV,,,gen1,2005,越野车,4178,1781,1722,8624,SU1,1304,1329,1366,-92,4012,YM,452,,,,Grand Vitara,36010505,Suzuki Grand Vitara SUV 2005 US
Suzuki,Grand Vitara,,,SUV,,,gen2,2006,越野车,4470,1811,1694,26931,SU1,1326,1351,1356,-81,4310,YM,160,,,,Grand Vitara,36010606,Suzuki Grand Vitara SUV 2006 US
Suzuki,Grand Vitara,,,SUV,,,gen2,2007-2008,越野车,4470,1811,1684,31474,SU1,1326,1351,1347,-81,4310,YM,160,,,,Grand Vitara,36010708,Suzuki Grand Vitara SUV 2007-2008 US
Suzuki,Grand Vitara,,,SUV,,,gen2,2009-2013,越野车,4501,1811,1694,23249,SU1,1326,1351,1356,-81,4339,YM,129,,,,Grand Vitara,36010913,Suzuki Grand Vitara SUV 2009-2013 US
Suzuki,SX4,,,Hatchback,,,gen1,2007-2009,两厢车,4135,1755,1605,46518,H0,1260,1285,1261,-114,3919,2L,5,,,,SX4,36040709,Suzuki SX4 Hatchback 2007-2009 US
Suzuki,SX4,,,Hatchback,,,gen1,2010,两厢车,4135,1755,1580,5803,H0,1260,1285,1241,-114,3919,2L,5,,,,SX4,36041010,Suzuki SX4 Hatchback 2010 US
Suzuki,SX4,,,Hatchback,,,gen1,2011,两厢车,4115,1755,1570,6260,H0,1260,1285,1232,-114,3900,2L,25,,,,SX4,36041111,Suzuki SX4 Hatchback 2011 US
Suzuki,SX4,,,Hatchback,,,gen1,2012-2013,两厢车,4135,1755,1605,7801,H0,1260,1285,1261,-114,3919,2L,5,,,,SX4 | SX4 Crossover,36041213,Suzuki SX4 Hatchback 2012-2013 US
Suzuki,SX4,,,Sedan,,,gen1,2008-2013,三厢车,4511,1730,1544,44999,SD1,1263,1384,1194,-88,4304,3L,229,,,,SX4 | SX4 Crossover,36040813,Suzuki SX4 Sedan 2008-2013 US
Suzuki,Sidekick,,,SUV,,,gen1,1989-1991,越野车,3620,1631,1666,55827,SU2,1142,1354,1203,-126,3357,无可用尺码,,YM,超余量,1010,Sidekick,36008991,Suzuki Sidekick SUV 1989-1991 US
Suzuki,Sidekick,,,SUV,,,gen1,1992,越野车,4031,1636,1689,28000,SU2,1145,1358,1223,-124,3742,无可用尺码,,YM,超余量,599,Sidekick,36009292,Suzuki Sidekick SUV 1992 US
Suzuki,Sidekick,,,SUV,,,gen1,1993,越野车,3620,1631,1666,30000,SU2,1142,1354,1203,-126,3357,无可用尺码,,YM,超余量,1010,Sidekick,36009393,Suzuki Sidekick SUV 1993 US
Suzuki,Sidekick,,,SUV,,,gen1,1994,越野车,4031,1636,1689,29000,SU2,1145,1358,1223,-124,3742,无可用尺码,,YM,超余量,599,Sidekick,36009494,Suzuki Sidekick SUV 1994 US
Suzuki,Sidekick,,,SUV,,,gen1,1995,越野车,4031,1641,1689,27000,SU2,1149,1362,1225,-122,3747,无可用尺码,,YM,超余量,599,Sidekick,36009595,Suzuki Sidekick SUV 1995 US
Suzuki,Sidekick,,Sport,SUV,,,gen1,1996-1998,越野车,4125,1694,1684,57000,SU2,1186,1406,1242,-102,3883,YM,505,,,,Sidekick,36009698,Suzuki Sidekick Sport SUV 1996-1998 US
Suzuki,XL7,,,SUV,,,gen1,2002-2003,越野车,4663,1781,1727,49855,SU1,1304,1329,1370,-92,4461,YL,187,,,,XL7,36030203,Suzuki XL7 SUV 2002-2003 US
Suzuki,XL7,,,SUV,,,gen1,2004-2005,越野车,4760,1781,1740,33973,SU1,1304,1329,1381,-92,4550,YL,90,,,,XL7,36030405,Suzuki XL7 SUV 2004-2005 US
Suzuki,XL7,,,SUV,,,gen1,2006,越野车,4760,1781,1727,10948,SU1,1304,1329,1370,-92,4550,YL,90,,,,XL7,36030606,Suzuki XL7 SUV 2006 US
Suzuki,XL7,,XL7,SUV,,,gen2,2007-2009,越野车,5009,1834,1750,50087,SU1,1342,1368,1410,-72,4830,YXL,11,,,,XL7,36030709,Suzuki XL7 XL7 SUV 2007-2009 US
Tesla,Model 3,,,Sedan,,,gen1,2017-2023,三厢车,4694,1849,1443,751274,SD1,1350,1479,1161,-43,4585,3L,46,,,,3,29011723,Tesla Model 3 Sedan 2017-2023 US
Tesla,Model 3,,,Sedan,,,gen1,2024-2026,三厢车,4722,1849,1440,424343,SD1,1350,1479,1158,-43,4611,3L,18,,,,3,29012426,Tesla Model 3 Sedan 2024-2026 US
Tesla,Model S,,,Hatchback,,,gen1,2012-2020,两厢车,4978,1963,1445,172921,SD1,1433,1570,1208,1,4955,5XL,322,,,,S,29021220,Tesla Model S Hatchback 2012-2020 US
Tesla,Model S,,,Hatchback,,,gen1,2021-2026,两厢车,5047,1986,1430,103722,SD1,1450,1589,1205,10,5041,5XL,253,,,,S,29022126,Tesla Model S Hatchback 2021-2026 US
Tesla,Model X,,,SUV,,,gen1,2016-2026,越野车,5057,2004,1679,244837,SU0,1343,1403,1422,-64,4926,无可用尺码,,YXL,超长,37,X,29031626,Tesla Model X SUV 2016-2026 US
Tesla,Model Y,,,Crossover,,,gen1,2020-2024,越野车,4750,1920,1626,1235900,SU0,1286,1344,1345,-92,4570,YL,100,,,,,29002024,Tesla Model Y Crossover 2020-2024 US
Tesla,Model Y L,,,SUV,,,gen1,2026,越野车,4976,1920,1669,0,SU0,1286,1344,1379,-92,4775,YXL,44,,,,Y,29042626,Tesla Model Y L SUV 2026 US
Tesla,Model Y,,Performance,SUV,,,gen1,2025-2026,越野车,4796,1920,1626,627800,SU0,1286,1344,1345,-92,4612,YL,54,,,,Y,29002526,Tesla Model Y Performance SUV 2025-2026 US
Toyota,4Runner,,,SUV,,,gen1,1984-1989,越野车,4435,1689,1679,78999,SU2,1182,1402,1236,-104,4165,YM,195,,,,4Runner,02058489,Toyota 4Runner SUV 1984-1989 US
Toyota,4Runner,,,SUV,,,gen2,1990-1995,越野车,4470,1689,1730,329814,SU2,1182,1402,1276,-104,4197,YM,160,,,,4Runner,02059095,Toyota 4Runner SUV 1990-1995 US
Toyota,4Runner,,,SUV,,,gen3,1996-1998,越野车,4539,1689,1745,346577,SU2,1182,1402,1288,-104,4261,YM,91,,,,4Runner,02059698,Toyota 4Runner SUV 1996-1998 US
Toyota,4Runner,,,SUV,,,gen3,1999-2002,越野车,4656,1801,1745,403294,SU2,1261,1495,1332,-61,4473,YL,194,,,,4Runner,02059902,Toyota 4Runner SUV 1999-2002 US
Toyota,4Runner,,,SUV,,,gen4,2003-2005,越野车,4801,1875,1819,327350,SU2,1312,1556,1419,-33,4675,YL,49,,,,4Runner,02050305,Toyota 4Runner SUV 2003-2005 US
Toyota,4Runner,,,SUV,,,gen4,2006-2009,越野车,4806,1875,1819,258357,SU2,1312,1556,1419,-33,4680,YL,44,,,,4Runner,02050609,Toyota 4Runner SUV 2006-2009 US
Toyota,4Runner,,,SUV,,,gen5,2010-2013,越野车,4823,1925,1885,191227,SU2,1348,1598,1491,-14,4742,YL,27,,,,4Runner,02051013,Toyota 4Runner SUV 2010-2013 US
Toyota,4Runner,,,SUV,,,gen5,2014-2024,越野车,4859,1925,1816,1291929,SU2,1348,1598,1437,-14,4775,YXL,161,,,,4Runner,02051424,Toyota 4Runner SUV 2014-2024 US
Toyota,4Runner,,,SUV,,,gen6,2025-2026,越野车,4950,1981,1844,243805,SU2,1387,1644,1481,8,4911,YXL,70,,,,4Runner,02052526,Toyota 4Runner SUV 2025-2026 US
Toyota,86,,,Coupe,,,gen1,2017-2020,跑车,4234,1775,1321,16853,SD0,1260,1200,1258,-135,3950,3M-0,326,,,,86,02281720,Toyota 86 Coupe 2017-2020 US
Toyota,86,,,Coupe,,,gen2,2022-2026,跑车,4265,1775,1311,50780,SD0,1260,1200,1248,-135,3978,3M-0,295,,,,GR86,02282226,Toyota 86 Coupe 2022-2026 US
Toyota,Avalon,,,Sedan,,,gen1,1995-1999,三厢车,4831,1786,1430,355701,SD1,1304,1429,1125,-67,4654,3XL-0,219,,,,Avalon,02099599,Toyota Avalon Sedan 1995-1999 US
Toyota,Avalon,,,Sedan,,,gen2,2000-2004,三厢车,4874,1821,1466,343483,SD1,1329,1457,1168,-54,4726,3XL-0,176,,,,Avalon,02090004,Toyota Avalon Sedan 2000-2004 US
Toyota,Avalon,,,Sedan,,,gen3,2005-2012,三厢车,5019,1849,1486,413797,SD1,1350,1479,1195,-43,4887,3XL-0,31,,,,Avalon,02090512,Toyota Avalon Sedan 2005-2012 US
Toyota,Avalon,,,Sedan,,,gen4,2013-2018,三厢车,4961,1834,1460,312479,SD1,1339,1467,1168,-48,4819,3XL-0,89,,,,Avalon,02091318,Toyota Avalon Sedan 2013-2018 US
Toyota,Avalon,,,Sedan,,,gen5,2019-2022,三厢车,4976,1849,1435,77863,SD1,1350,1479,1154,-43,4847,3XL-0,74,,,,Avalon,02091922,Toyota Avalon Sedan 2019-2022 US
Toyota,C-HR,,,Crossover,,,gen1,2018-2019,越野车,4348,1796,1565,98572,SU0,1203,1257,1245,-135,4091,YM,282,,,,,02221819,Toyota C-HR Crossover 2018-2019 US
Toyota,C-HR,,,Crossover,,,gen1,2020-2022,越野车,4384,1796,1565,90784,SU0,1203,1257,1245,-135,4124,YM,246,,,,,02222022,Toyota C-HR Crossover 2020-2022 US
Toyota,Camry,,,Hatchback,,,gen1,1983-1986,两厢车,4435,1689,1369,213145,H0,1213,1236,1043,-138,4134,无可用尺码,,2L,超长,295,Camry,02008386,Toyota Camry Hatchback 1983-1986 US
Toyota,Camry,,,Sedan,,,gen1,1983-1986,三厢车,4460,1689,1394,213141,SD2,1689,1689,1074,94,4649,3L,280,,,,Camry,02008386,Toyota Camry Sedan 1983-1986 US
Toyota,Camry,,,Sedan,,,gen2,1987-1991,三厢车,4501,1704,1400,606386,SD2,1704,1704,1085,102,4705,3L,239,,,,Camry,02008791,Toyota Camry Sedan 1987-1991 US
Toyota,Camry,,,Sedan,,,gen3,1992-1996,三厢车,4780,1770,1410,793149,SD1,1292,1416,1102,-73,4592,3XL-0,270,,,,Camry,02009296,Toyota Camry Sedan 1992-1996 US
Toyota,Camry,,,Sedan,,,gen4,1997-2001,三厢车,4788,1781,1407,2076071,SD1,1300,1425,1104,-69,4609,3XL-0,262,,,,Camry,02009701,Toyota Camry Sedan 1997-2001 US
Toyota,Camry,,,Sedan,,,gen5,2002-2006,三厢车,4806,1796,1481,2147686,SD1,1311,1437,1170,-63,4640,3XL-0,244,,,,Camry,02000206,Toyota Camry Sedan 2002-2006 US
Toyota,Camry,,,Sedan,,,gen6,2007-2011,三厢车,4806,1821,1471,1900312,SD1,1329,1457,1172,-54,4663,3XL-0,244,,,,Camry,02000711,Toyota Camry Sedan 2007-2011 US
Toyota,Camry,,,Sedan,,,gen7,2012-2017,三厢车,4849,1821,1471,2447027,SD1,1329,1457,1172,-54,4703,3XL-0,201,,,,Camry,02001217,Toyota Camry Sedan 2012-2017 US
Toyota,Camry,,,Sedan,,,gen8,2018-2024,三厢车,4895,1839,1445,2165059,SD1,1342,1471,1158,-47,4763,3XL-0,155,,,,Camry,02001824,Toyota Camry Sedan 2018-2024 US
Toyota,Camry,,,Sedan,,,gen9,2025-2026,三厢车,4915,1839,1445,674185,SD1,1342,1471,1158,-47,4781,3XL-0,135,,,,Camry,02002526,Toyota Camry Sedan 2025-2026 US
Toyota,Camry,,,Wagon,,,gen2,1987-1991,两厢车,4651,1712,1384,606384,H3,1306,1296,1042,-100,4418,无可用尺码,,2L,超长,511,Camry,02008791,Toyota Camry Wagon 1987-1991 US
Toyota,Camry,,,Wagon,,,gen3,1992-1996,两厢车,4811,1770,1450,793147,H2,1243,1328,1127,-107,4535,5XL,489,,,,Camry,02009296,Toyota Camry Wagon 1992-1996 US
Toyota,Celica,,All-Trac,Coupe,,,gen4,1986-1989,跑车,4481,1709,1306,141824,SD0,1213,1155,1214,-158,4114,3M-0,79,,,,Celica,02118689,Toyota Celica All-Trac Coupe 1986-1989 US
Toyota,Celica,,All-Trac,Coupe,,,gen5,1990-1993,跑车,4470,1745,1300,77700,SD0,1239,1180,1225,-145,4137,3M-0,90,,,,Celica,02119093,Toyota Celica All-Trac Coupe 1990-1993 US
Toyota,Celica,,,Convertible,,,gen6,1994-1999,跑车,4496,1750,1331,56768,SD0,1242,1183,1255,-144,4165,3M-0,64,,,,Celica,02119499,Toyota Celica Convertible 1994-1999 US
Toyota,Celica,,,Coupe,,,gen1,1971-1977,跑车,4356,1636,1321,352446,SD0,1162,1106,1194,-183,3935,3M-0,204,,,,Celica,02117177,Toyota Celica Coupe 1971-1977 US
Toyota,Celica,,,Coupe,,,gen2,1978-1981,跑车,4399,1651,1331,299346,SD0,1172,1116,1210,-178,3987,3M-0,161,,,,Celica,02117881,Toyota Celica Coupe 1978-1981 US
Toyota,Celica,,,Coupe,,,gen3,1982-1985,跑车,4450,1709,1321,273822,SD0,1213,1155,1228,-158,4086,3M-0,110,,,,Celica,02118285,Toyota Celica Coupe 1982-1985 US
Toyota,Celica,,,Hatchback,,,gen7,2000-2005,两厢车,4341,1735,1306,104822,SD0,1232,1173,1226,-149,4011,无可用尺码,,2L,超长,201,Celica,02110005,Toyota Celica Hatchback 2000-2005 US
Toyota,Corolla,,,Coupe,,,gen1,1968-1974,跑车,4064,1610,1359,213436,SD2,1610,1610,1014,55,4174,3S-0,156,,,,Corolla,02016874,Toyota Corolla Coupe 1968-1974 US
Toyota,Corolla,,,Coupe,,,gen3,1980-1983,跑车,4224,1621,1372,202722,SD2,1621,1621,1029,60,4345,3M-0,336,,,,Corolla,02018083,Toyota Corolla Coupe 1980-1983 US
Toyota,Corolla,,,Coupe,,,gen4,1984-1987,跑车,4310,1656,1374,224046,SD2,1656,1656,1045,78,4466,3M-0,250,,,,Corolla,02018487,Toyota Corolla Coupe 1984-1987 US
Toyota,Corolla,,,Coupe,,,gen5,1988-1991,跑车,4326,1656,1359,281317,SD1,1209,1325,1015,-116,4063,3M-0,234,,,,Corolla,02018891,Toyota Corolla Coupe 1988-1991 US
Toyota,Corolla Cross,,,SUV,,,gen1,2022-2026,越野车,4473,1826,1648,382136,SU1,1337,1362,1324,-75,4327,YM,157,,,,Corolla Cross,02172226,Toyota Corolla Cross SUV 2022-2026 US
Toyota,Corolla,,GR Corolla,Hatchback,,,gen11,2023-2026,两厢车,4409,1849,1453,94488,H0,1328,1353,1176,-80,4257,无可用尺码,,2L,超长,269,Corolla | Corolla Cross,02012326,Toyota Corolla GR Corolla Hatchback 2023-2026 US
Toyota,Corolla GR,,,Hatchback,,,gen1,2023-2026,两厢车,4409,1849,1453,23427,H0,1328,1353,1176,-80,4257,无可用尺码,,2L,超长,269,GR Corolla,02362326,Toyota Corolla GR Hatchback 2023-2026 US
Toyota,Corolla,,,Hatchback,,,gen3,1980-1983,两厢车,4224,1621,1372,202722,H0,1164,1187,1018,-162,3877,无可用尺码,,2L,超长,84,Corolla,02018083,Toyota Corolla Hatchback 1980-1983 US
Toyota,Corolla,,,Hatchback,,,gen4,1984-1987,两厢车,4310,1656,1374,224046,H0,1189,1212,1034,-150,3989,无可用尺码,,2L,超长,170,Corolla,02018487,Toyota Corolla Hatchback 1984-1987 US
Toyota,Corolla,,,Hatchback,,,gen11,2019-2024,两厢车,4315,1775,1450,716744,H0,1274,1299,1143,-107,4103,无可用尺码,,2L,超长,175,Corolla | Corolla Cross,02011924,Toyota Corolla Hatchback 2019-2024 US
Toyota,Corolla,,,Hatchback,,,gen11,2025-2026,两厢车,4369,1791,1450,230814,H0,1286,1311,1150,-101,4167,无可用尺码,,2L,超长,229,Corolla | Corolla Cross,02012526,Toyota Corolla Hatchback 2025-2026 US
Toyota,Corolla,,,Sedan,,,gen1,1968-1974,三厢车,4064,1610,1359,213433,SD2,1610,1610,1014,55,4174,3S-0,156,,,,Corolla,02016874,Toyota Corolla Sedan 1968-1974 US
Toyota,Corolla,,,Sedan,,,gen2,1975-1979,三厢车,4191,1621,1372,533849,SD2,1621,1621,1029,60,4312,3L,549,,,,Corolla,02017579,Toyota Corolla Sedan 1975-1979 US
Toyota,Corolla,,,Sedan,,,gen3,1980-1983,三厢车,4224,1621,1372,202722,SD2,1621,1621,1029,60,4345,3L,516,,,,Corolla,02018083,Toyota Corolla Sedan 1980-1983 US
Toyota,Corolla,,,Sedan,,,gen4,1984-1987,三厢车,4310,1656,1374,224044,SD2,1656,1656,1045,78,4466,3L,430,,,,Corolla,02018487,Toyota Corolla Sedan 1984-1987 US
Toyota,Corolla,,,Sedan,,,gen5,1988-1992,三厢车,4326,1656,1359,379374,SD1,1209,1325,1015,-116,4063,3L,414,,,,Corolla,02018892,Toyota Corolla Sedan 1988-1992 US
Toyota,Corolla,,,Sedan,,,gen6,1993-1997,三厢车,4369,1684,1400,522913,SD1,1229,1347,1059,-106,4129,3L,371,,,,Corolla,02019397,Toyota Corolla Sedan 1993-1997 US
Toyota,Corolla,,,Sedan,,,gen7,1998-2002,三厢车,4420,1694,1384,1229168,SD1,1237,1355,1050,-102,4186,3L,320,,,,Corolla,02019802,Toyota Corolla Sedan 1998-2002 US
Toyota,Corolla,,,Sedan,,,gen8,2003-2008,三厢车,4529,1699,1486,2109713,SD1,1240,1359,1135,-100,4292,3L,211,,,,Corolla,02010308,Toyota Corolla Sedan 2003-2008 US
Toyota,Corolla,,,Sedan,,,gen9,2009-2013,三厢车,4539,1760,1466,1396342,SD1,1285,1408,1143,-77,4358,3L,201,,,,Corolla,02010913,Toyota Corolla Sedan 2009-2013 US
Toyota,Corolla,,,Sedan,,,gen10,2014-2019,三厢车,4651,1775,1455,1866393,SD1,1296,1420,1140,-71,4476,3L,89,,,,Corolla | Corolla iM,02011419,Toyota Corolla Sedan 2014-2019 US
Toyota,Corolla,,,Sedan,,,gen11,2020-2026,三厢车,4636,1781,1435,795132,SD1,1300,1425,1127,-69,4468,3L,104,,,,Corolla | Corolla Cross,02012026,Toyota Corolla Sedan 2020-2026 US
Toyota,Corolla,,,Wagon,,,gen1,1968-1974,两厢车,4064,1610,1359,213430,H3,1228,1219,981,-138,3777,2L,76,,,,Corolla,02016874,Toyota Corolla Wagon 1968-1974 US
Toyota,Corolla,,,Wagon,,,gen2,1975-1979,两厢车,4191,1621,1372,533846,H3,1237,1227,996,-134,3905,无可用尺码,,2L,超长,51,Corolla,02017579,Toyota Corolla Wagon 1975-1979 US
Toyota,Corolla,,,Wagon,,,gen3,1980-1983,两厢车,4224,1621,1372,202721,H3,1237,1227,996,-134,3936,无可用尺码,,2L,超长,84,Corolla,02018083,Toyota Corolla Wagon 1980-1983 US
Toyota,Corolla,,,Wagon,,,gen5,1988-1992,两厢车,4326,1656,1359,379373,H3,1264,1254,1000,-120,4063,无可用尺码,,2L,超长,186,Corolla,02018892,Toyota Corolla Wagon 1988-1992 US
Toyota,Corolla,,,Wagon,,,gen6,1993-1997,两厢车,4389,1689,1425,522911,H2,1186,1267,1075,-137,4074,无可用尺码,,2L,超长,249,Corolla,02019397,Toyota Corolla Wagon 1993-1997 US
Toyota,Corolla iM,,,Hatchback,,,gen1,2017-2018,两厢车,4331,1760,1405,36251,H0,1264,1288,1101,-112,4104,无可用尺码,,2L,超长,191,Corolla iM,02341718,Toyota Corolla iM Hatchback 2017-2018 US
Toyota,Crown,,,Sedan,,,gen1,2023-2026,三厢车,4981,1839,1539,60435,SD1,1342,1471,1234,-47,4843,3XL-0,69,,,,Crown | Crown Signia,02292326,Toyota Crown Sedan 2023-2026 US
Toyota,Crown Signia,,,Wagon,,,gen1,2025-2026,两厢车,4930,1880,1631,39000,SU1,1376,1402,1333,-56,4799,5XL,370,,,,Crown Signia,02332526,Toyota Crown Signia Wagon 2025-2026 US
Toyota,Echo,,,Sedan,,,gen1,2000-2005,三厢车,4186,1661,1509,167177,SD1,1213,1329,1138,-114,3938,3S-0,34,,,,Echo,02240005,Toyota Echo Sedan 2000-2005 US
Toyota,FJ Cruiser,,,SUV,,,gen1,2007-2014,越野车,4671,1905,1829,165804,JP,1455,1290,1461,-64,4504,YL,179,,,,FJ Cruiser,02250714,Toyota FJ Cruiser SUV 2007-2014 US
Toyota,Grand Highlander,,,SUV,,,gen1,2024-2026,越野车,5116,1989,1781,358522,SU1,1456,1484,1498,-15,5072,无可用尺码,,YXL,超长,96,Grand Highlander,02182426,Toyota Grand Highlander SUV 2024-2026 US
Toyota,Highlander,,,SUV,,,gen1,2001-2003,越野车,4684,1826,1679,320008,SU1,1337,1362,1350,-75,4522,YL,166,,,,Highlander,02040103,Toyota Highlander SUV 2001-2003 US
Toyota,Highlander,,,SUV,,,gen1,2004-2007,越野车,4689,1826,1735,528158,SU1,1337,1362,1395,-75,4526,YL,161,,,,Highlander,02040407,Toyota Highlander SUV 2004-2007 US
Toyota,Highlander,,,SUV,,,gen2,2008-2013,越野车,4785,1910,1760,629779,SU1,1398,1425,1449,-44,4693,YL,65,,,,Highlander,02040813,Toyota Highlander SUV 2008-2013 US
Toyota,Highlander,,,SUV,,,gen3,2014-2019,越野车,4890,1925,1781,1196145,SU1,1409,1436,1472,-39,4804,YXL,130,,,,Highlander,02041419,Toyota Highlander SUV 2014-2019 US
Toyota,Highlander,,,SUV,,,gen4,2020-2026,越野车,4950,1930,1730,1078618,SU1,1413,1440,1433,-37,4864,YXL,70,,,,Highlander,02042026,Toyota Highlander SUV 2020-2026 US
Toyota,Land Cruiser,,50 Series / early 60 Series Station Wagon,Wagon,,,gen1,1967-1980,两厢车,4674,1666,1971,72900,H3,1271,1261,1493,-117,4396,无可用尺码,,2L,超长,534,,02196780,Toyota Land Cruiser 50 Series / early 60 Series Station Wagon Wagon 1967-1980 US
Toyota,Land Cruiser,,,SUV,,,gen2,1981-1990,越野车,4699,1786,1900,74000,SU2,1250,1482,1448,-67,4499,YL,151,,,,Land Cruiser,02198190,Toyota Land Cruiser SUV 1981-1990 US
Toyota,Land Cruiser,,,SUV,,,gen3,1991-1997,越野车,4780,1930,1859,91000,SU2,1351,1602,1472,-12,4707,YL,70,,,,Land Cruiser,02199197,Toyota Land Cruiser SUV 1991-1997 US
Toyota,Land Cruiser,,,SUV,,,gen4,1998-2007,越野车,4890,1941,1859,97497,SU2,1359,1611,1477,-8,4819,YXL,130,,,,Land Cruiser,02199807,Toyota Land Cruiser SUV 1998-2007 US
Toyota,Land Cruiser,,,SUV,,,gen5,2008-2021,越野车,4950,1981,1880,41786,SU2,1387,1644,1509,8,4911,YXL,70,,,,Land Cruiser,02190821,Toyota Land Cruiser SUV 2008-2021 US
Toyota,Land Cruiser,,,SUV,,,gen6,2024-2026,越野车,4920,1979,1933,47831,SU2,1385,1643,1550,7,4882,YXL,100,,,,,02192426,Toyota Land Cruiser SUV 2024-2026 US
Toyota,MIRAI,,,Sedan,,,gen1,2016-2020,三厢车,4890,1816,1537,6573,SD1,1326,1453,1223,-55,4737,3XL-0,160,,,,Mirai,02371620,Toyota MIRAI Sedan 2016-2020 US
Toyota,MIRAI,,,Sedan,,,gen2,2021-2024,三厢车,4973,1885,1471,7705,SD1,1376,1508,1198,-29,4878,3XL-0,77,,,,Mirai,02372124,Toyota MIRAI Sedan 2021-2024 US
Toyota,MR2,,,Convertible,,,gen3,2000-2005,跑车,3886,1694,1240,25921,SD0,1203,1145,1147,-163,3561,3S-0,334,,,,MR2 Spyder,02270005,Toyota MR2 Convertible 2000-2005 US
Toyota,MR2,,,Coupe,,,gen1,1985-1989,跑车,3950,1666,1250,94652,SD0,1183,1126,1143,-173,3594,3S-0,270,,,,MR2,02278589,Toyota MR2 Coupe 1985-1989 US
Toyota,MR2,,,Coupe,,,gen2,1991-1995,跑车,4171,1699,1240,18699,SD0,1206,1149,1149,-161,3824,3S-0,49,,,,MR2,02279195,Toyota MR2 Coupe 1991-1995 US
Toyota,Matrix,,,Hatchback,,,gen1,2003-2008,两厢车,4351,1775,1565,337000,H0,1274,1299,1237,-107,4136,无可用尺码,,2L,超长,211,Matrix,02150308,Toyota Matrix Hatchback 2003-2008 US
Toyota,Matrix,,,Hatchback,,,gen2,2009-2010,两厢车,4394,1765,1560,55000,H0,1267,1292,1228,-110,4166,无可用尺码,,2L,超长,254,Matrix,02150910,Toyota Matrix Hatchback 2009-2010 US
Toyota,Matrix,,,Hatchback,,,gen2,2011,两厢车,4366,1765,1560,18000,H0,1267,1292,1228,-110,4141,无可用尺码,,2L,超长,226,Matrix,02151111,Toyota Matrix Hatchback 2011 US
Toyota,Matrix,,,Hatchback,,,gen2,2012,两厢车,4366,1765,1549,12000,H0,1267,1292,1220,-110,4141,无可用尺码,,2L,超长,226,Matrix,02151212,Toyota Matrix Hatchback 2012 US
Toyota,Matrix,,,Hatchback,,,gen2,2013,两厢车,4366,1765,1560,8000,H0,1267,1292,1228,-110,4141,无可用尺码,,2L,超长,226,Matrix,02151313,Toyota Matrix Hatchback 2013 US
Toyota,Prius C,,,Hatchback,,,gen1,2012-2017,两厢车,3995,1694,1445,189633,H0,1216,1240,1107,-136,3734,2L,145,,,,Prius C,02211217,Toyota Prius C Hatchback 2012-2017 US
Toyota,Prius C,,,Hatchback,,,gen1,2018-2019,两厢车,4125,1742,1514,9667,H0,1251,1275,1182,-118,3898,2L,15,,,,Prius C,02211819,Toyota Prius C Hatchback 2018-2019 US
Toyota,Prius,,,Hatchback,,,gen2,2004-2009,两厢车,4445,1725,1491,748400,H0,1239,1263,1156,-124,4176,无可用尺码,,2L,超长,305,Prius,02080409,Toyota Prius Hatchback 2004-2009 US
Toyota,Prius,,,Hatchback,,,gen3,2010-2011,两厢车,4460,1745,1491,269000,H0,1253,1277,1164,-118,4209,无可用尺码,,2L,超长,320,Prius,02081011,Toyota Prius Hatchback 2010-2011 US
Toyota,Prius,,,Hatchback,,,gen3,2012-2015,两厢车,4481,1745,1491,529300,H0,1253,1277,1164,-118,4228,无可用尺码,,2L,超长,341,Prius | Prius C | Prius PlugIn | Prius V,02081215,Toyota Prius Hatchback 2012-2015 US
Toyota,Prius,,,Hatchback,,,gen4,2016-2022,两厢车,4646,1760,1476,433500,H0,1264,1288,1158,-112,4394,无可用尺码,,2L,超长,506,Prius | Prius AWDe | Prius C | Prius Prime | Prius V,02081622,Toyota Prius Hatchback 2016-2022 US
Toyota,Prius,,,Hatchback,,,gen5,2023-2026,两厢车,4600,1783,1430,188236,H0,1280,1305,1130,-104,4372,无可用尺码,,2L,超长,460,Prius | Prius Prime,02082326,Toyota Prius Hatchback 2023-2026 US
Toyota,Prius Plug-in Hybrid,,,Hatchback,,,gen1,2012-2015,两厢车,4481,1745,1491,42293,H0,1253,1277,1164,-118,4228,无可用尺码,,2L,超长,341,Prius PlugIn,02321215,Toyota Prius Plug-in Hybrid Hatchback 2012-2015 US
Toyota,Prius Prime,,,Hatchback,,,gen1,2017-2022,两厢车,4646,1760,1471,123758,H0,1264,1288,1154,-112,4394,无可用尺码,,2L,超长,506,Prius Prime,02231722,Toyota Prius Prime Hatchback 2017-2022 US
Toyota,Prius Prime,,,Hatchback,,,gen2,2023-2026,两厢车,4600,1783,1430,50809,H0,1280,1305,1130,-104,4372,无可用尺码,,2L,超长,460,Prius Prime,02232326,Toyota Prius Prime Hatchback 2023-2026 US
Toyota,Prius,,,Sedan,,,gen1,2001-2003,三厢车,4308,1694,1463,60300,SD1,1237,1355,1114,-102,4082,3L,432,,,,Prius,02080103,Toyota Prius Sedan 2001-2003 US
Toyota,Prius V,,,Wagon,,,gen1,2012-2014,两厢车,4615,1775,1575,106420,H2,1246,1331,1230,-106,4360,无可用尺码,,2L,超长,475,Prius V,02261214,Toyota Prius V Wagon 2012-2014 US
Toyota,Prius V,,,Wagon,,,gen1,2015-2016,两厢车,4630,1775,1575,33260,H2,1246,1331,1230,-106,4373,无可用尺码,,2L,超长,490,Prius V,02261516,Toyota Prius V Wagon 2015-2016 US
Toyota,Prius V,,,Wagon,,,gen1,2017,两厢车,4646,1775,1575,10844,H2,1246,1331,1230,-106,4388,无可用尺码,,2L,超长,506,Prius V,02261717,Toyota Prius V Wagon 2017 US
Toyota,RAV4,,EV,SUV,,,gen3,2013-2014,越野车,4575,1816,1684,85756,SU1,1329,1355,1350,-79,4412,YM,55,,,,RAV4,02021314,Toyota RAV4 EV SUV 2013-2014 US
Toyota,RAV4,,,SUV,,,gen1,1996-1997,越野车,3706,1694,1656,124198,SU1,1240,1264,1277,-124,3495,无可用尺码,,YM,超余量,924,RAV4,02029697,Toyota RAV4 SUV 1996-1997 US
Toyota,RAV4,,,SUV,,,gen1,1998-2000,越野车,3749,1694,1656,175905,SU1,1240,1264,1277,-124,3535,无可用尺码,,YM,超余量,881,RAV4,02029800,Toyota RAV4 SUV 1998-2000 US
Toyota,RAV4,,,SUV,,,gen2,2001,越野车,4194,1735,1669,86368,SU1,1270,1294,1305,-109,3984,YM,436,,,,RAV4,02020101,Toyota RAV4 SUV 2001 US
Toyota,RAV4,,,SUV,,,gen2,2002-2003,越野车,4221,1735,1679,159805,SU1,1270,1294,1313,-109,4009,YM,409,,,,RAV4,02020203,Toyota RAV4 SUV 2002-2003 US
Toyota,RAV4,,,SUV,,,gen2,2004-2005,越野车,4232,1735,1679,140832,SU1,1270,1294,1313,-109,4019,YM,398,,,,RAV4,02020405,Toyota RAV4 SUV 2004-2005 US
Toyota,RAV4,,,SUV,,,gen3,2006-2008,越野车,4600,1854,1745,461819,SU1,1357,1383,1414,-65,4470,YM,30,,,,RAV4,02020608,Toyota RAV4 SUV 2006-2008 US
Toyota,RAV4,,,SUV,,,gen3,2009-2012,越野车,4620,1854,1745,624097,SU1,1357,1383,1414,-65,4488,YM,10,,,,RAV4,02020912,Toyota RAV4 SUV 2009-2012 US
Toyota,RAV4,,,SUV,,,gen4,2013-2018,越野车,4575,1844,1704,1902504,SU1,1350,1376,1377,-68,4438,YM,55,,,,RAV4,02021318,Toyota RAV4 SUV 2013-2018 US
Toyota,RAV4,,,SUV,,,gen5,2019-2025,越野车,4610,1864,1742,3002109,SU1,1364,1391,1416,-61,4488,YM,20,,,,RAV4 | RAV4 Prime,02021925,Toyota RAV4 SUV 2019-2025 US
Toyota,RAV4,,,SUV,,,gen6,2026,越野车,4597,1854,1694,308000,SU1,1357,1383,1373,-65,4467,YM,33,,,,RAV4,02022626,Toyota RAV4 SUV 2026 US
Toyota,Sequoia,,,SUV,,,gen1,2001-2007,越野车,5179,2004,1920,367434,SU2,1403,1663,1550,16,5144,无可用尺码,,YXL,超长,159,Sequoia,02120107,Toyota Sequoia SUV 2001-2007 US
Toyota,Sequoia,,,SUV,,,gen2,2008-2022,越野车,5210,2029,1956,192386,SU2,1420,1684,1588,26,5196,无可用尺码,,YXL,超长,190,Sequoia,02120822,Toyota Sequoia SUV 2008-2022 US
Toyota,Sequoia,,,SUV,,,gen3,2023-2026,越野车,5286,2027,1974,102343,SU2,1419,1682,1601,25,5265,无可用尺码,,YXL,超长,266,Sequoia,02122326,Toyota Sequoia SUV 2023-2026 US
Toyota,Sienna,,,MPV,,,gen1,1998-2001,两厢车,4915,1864,1709,371806,V0,1331,1359,1508,-78,4757,5XL,385,,,,,02079801,Toyota Sienna MPV 1998-2001 US
Toyota,Sienna,,,MPV,,,gen1,2002-2003,两厢车,4933,1864,1709,186414,V0,1331,1359,1508,-78,4774,5XL,367,,,,,02070203,Toyota Sienna MPV 2002-2003 US
Toyota,Sienna,,,MPV,,,gen2,2004-2006,两厢车,5080,1966,1750,483768,V0,1404,1433,1587,-41,5003,5XL,220,,,,,02070406,Toyota Sienna MPV 2004-2006 US
Toyota,Sienna,,,MPV,,,gen2,2007-2010,两厢车,5105,1966,1750,436507,V0,1404,1433,1587,-41,5027,5XL,195,,,,,02070710,Toyota Sienna MPV 2007-2010 US
Toyota,Sienna,,,MPV,,,gen3,2011-2017,两厢车,5085,1984,1796,848550,V0,1417,1446,1634,-34,5025,5XL,215,,,,,02071117,Toyota Sienna MPV 2011-2017 US
Toyota,Sienna,,,MPV,,,gen3,2018-2020,两厢车,5095,1984,1796,204142,V0,1417,1446,1634,-34,5034,5XL,205,,,,,02071820,Toyota Sienna MPV 2018-2020 US
Toyota,Sienna,,,MPV,,,gen4,2021,两厢车,5184,1994,1740,107990,V0,1424,1454,1590,-30,5125,5XL,116,,,,,02072121,Toyota Sienna MPV 2021 US
Toyota,Sienna,,Woodland,MPV,,,gen4,2022-2024,两厢车,5184,1994,1770,211327,V0,1424,1454,1616,-30,5125,5XL,116,,,,,02072224,Toyota Sienna Woodland MPV 2022-2024 US
Toyota,Sienna,,Woodland,MPV,,,gen4,2025-2026,两厢车,5184,1994,1786,211990,V0,1424,1454,1629,-30,5125,5XL,116,,,,,02072526,Toyota Sienna Woodland MPV 2025-2026 US
Toyota,Solara,,,Convertible,,,gen1,2000-2001,跑车,4826,1806,1400,80500,SD0,1282,1221,1343,-124,4515,3XL-0,224,,,,Solara,02140001,Toyota Solara Convertible 2000-2001 US
Toyota,Solara,,,Convertible,,,gen1,2002-2003,跑车,4864,1806,1410,62500,SD0,1282,1221,1353,-124,4550,3XL-0,186,,,,Solara,02140203,Toyota Solara Convertible 2002-2003 US
Toyota,Solara,,,Convertible,,,gen2,2004-2008,跑车,4890,1816,1435,99534,SD0,1289,1228,1380,-121,4582,3XL-0,160,,,,Solara,02140408,Toyota Solara Convertible 2004-2008 US
Toyota,Solara,,,Coupe,,,gen1,1999-2001,跑车,4826,1806,1400,140500,SD0,1282,1221,1343,-124,4515,3XL-0,224,,,,Solara,02149901,Toyota Solara Coupe 1999-2001 US
Toyota,Solara,,,Coupe,,,gen1,2002-2003,跑车,4864,1806,1379,62500,SD0,1282,1221,1324,-124,4550,3XL-0,186,,,,Solara,02140203,Toyota Solara Coupe 2002-2003 US
Toyota,Solara,,,Coupe,,,gen2,2004-2008,跑车,4890,1816,1425,99533,SD0,1289,1228,1371,-121,4582,3XL-0,160,,,,Solara,02140408,Toyota Solara Coupe 2004-2008 US
Toyota,Supra,,,Coupe,,,gen1,1979-1981,跑车,4600,1651,1326,63895,SD0,1172,1116,1206,-178,4170,3L-0,140,,,,Celica,02207981,Toyota Supra Coupe 1979-1981 US
Toyota,Supra,,,Coupe,,,gen2,1982-1986,跑车,4425,1699,1336,148282,SD0,1206,1149,1237,-161,4054,3M-0,135,,,,Celica | Supra,02208286,Toyota Supra Coupe 1982-1986 US
Toyota,Supra,,,Coupe,,,gen3,1987-1992,跑车,4620,1745,1300,74922,SD0,1239,1180,1225,-145,4273,3L-0,120,,,,Supra,02208792,Toyota Supra Coupe 1987-1992 US
Toyota,Supra,,,Coupe,,,gen4,1993-1994,跑车,4514,1811,1275,6306,SD0,1286,1224,1232,-122,4237,3M-0,46,,,,Supra,02209394,Toyota Supra Coupe 1993-1994 US
Toyota,Supra,,,Coupe,,,gen4,1995,跑车,4516,1811,1265,2266,SD0,1286,1224,1223,-122,4239,3M-0,44,,,,Supra,02209595,Toyota Supra Coupe 1995 US
Toyota,Supra,,,Coupe,,,gen4,1996,跑车,4516,1811,1275,852,SD0,1286,1224,1232,-122,4239,3M-0,44,,,,Supra,02209696,Toyota Supra Coupe 1996 US
Toyota,Supra,,,Coupe,,,gen4,1997-1998,跑车,4516,1811,1265,2611,SD0,1286,1224,1223,-122,4239,3M-0,44,,,,Supra,02209798,Toyota Supra Coupe 1997-1998 US
Toyota,Supra,,,Coupe,,,gen5,2020,跑车,4382,1854,1293,5887,SD0,1316,1253,1268,-108,4156,3M-0,178,,,,GR Supra,02202020,Toyota Supra Coupe 2020 US
Toyota,Supra,,,Coupe,,,gen5,2021-2023,跑车,4382,1854,1298,14242,SD0,1316,1253,1273,-108,4156,3M-0,178,,,,GR Supra | Supra,02202123,Toyota Supra Coupe 2021-2023 US
Toyota,Supra,,,Coupe,,,gen5,2024-2026,跑车,4382,1854,1293,6493,SD0,1316,1253,1268,-108,4156,3M-0,178,,,,GR Supra | Supra,02202426,Toyota Supra Coupe 2024-2026 US
Toyota,Tacoma,,,Pickup,Regular,6,gen1,1995-2004,皮卡,4684,1786,1720,413819,P1,1366,1616,1312,-67,4705,无可用尺码,,PK-S,超余量,616,Tacoma,02039504,Toyota Tacoma Pickup 1995-2004 Regular 6 US
Toyota,Tacoma,,,Pickup,XtraCab,6,gen1,1995-2004,皮卡,5154,1786,1720,827646,P1,1366,1616,1312,-67,5155,PK-S,146,,,,Tacoma,02039504,Toyota Tacoma Pickup 1995-2004 XtraCab 6 US
Toyota,Tacoma,,,Pickup,Double,5,gen1,2003-2004,皮卡,5154,1786,1720,204724,P1,1366,1616,1312,-67,5155,PK-S,146,,,,Tacoma,02030304,Toyota Tacoma Pickup 2003-2004 Double 5 US
Toyota,Tacoma,,,Pickup,Double,5,gen2,2005-2006,皮卡,5286,1895,1786,148792,P1,1450,1715,1407,-25,5387,PK-S,14,,,,Tacoma,02030506,Toyota Tacoma Pickup 2005-2006 Double 5 US
Toyota,Tacoma,,,Pickup,Access,6,gen2,2005-2013,皮卡,5286,1895,1786,286466,P1,1450,1715,1407,-25,5387,PK-S,14,,,,Tacoma,02030513,Toyota Tacoma Pickup 2005-2013 Access 6 US
Toyota,Tacoma,,,Pickup,Double,6,gen2,2005-2015,皮卡,5621,1895,1786,1026696,P1,1450,1715,1407,-25,5708,PK-L,279,,,,Tacoma,02030515,Toyota Tacoma Pickup 2005-2015 Double 6 US
Toyota,Tacoma,,,Pickup,Double,5,gen2,2014-2015,皮卡,5286,1895,1786,167301,P1,1450,1715,1407,-25,5387,PK-S,14,,,,Tacoma,02031415,Toyota Tacoma Pickup 2014-2015 Double 5 US
Toyota,Tacoma,,,Pickup,Access,6,gen3,2016-2023,皮卡,5392,1910,1793,244045,P1,1461,1729,1418,-20,5503,PK-L,508,,,,Tacoma,02031623,Toyota Tacoma Pickup 2016-2023 Access 6 US
Toyota,Tacoma,,,Pickup,Double,5,gen3,2016-2023,皮卡,5392,1910,1819,732139,P1,1461,1729,1439,-20,5503,PK-L,508,,,,Tacoma,02031623,Toyota Tacoma Pickup 2016-2023 Double 5 US
Toyota,Tacoma,,,Pickup,Double,6,gen3,2016-2023,皮卡,5728,1910,1819,732138,P1,1461,1729,1439,-20,5825,PK-L,172,,,,Tacoma,02031623,Toyota Tacoma Pickup 2016-2023 Double 6 US
Toyota,Tacoma,,,Pickup,Double,5,gen4,2024-2026,皮卡,5410,1979,1897,239950,P1,1514,1791,1527,7,5586,PK-L,490,,,,Tacoma,02032426,Toyota Tacoma Pickup 2024-2026 Double 5 US
Toyota,Tacoma,,,Pickup,Double,6,gen4,2024-2026,皮卡,5745,1953,1925,239949,P1,1494,1767,1539,-3,5882,PK-L,155,,,,Tacoma,02032426,Toyota Tacoma Pickup 2024-2026 Double 6 US
Toyota,Tacoma,,,Pickup,XtraCab,6,gen4,2024-2026,皮卡,5745,1953,1875,79983,P1,1494,1767,1500,-3,5882,PK-L,155,,,,Tacoma,02032426,Toyota Tacoma Pickup 2024-2026 XtraCab 6 US
Toyota,Tacoma,,TRD Pro,Pickup,Double,5,gen3,2017-2023,皮卡,5392,1910,1819,139289,P1,1461,1729,1439,-20,5503,PK-L,508,,,,Tacoma,02031723,Toyota Tacoma TRD Pro Pickup 2017-2023 Double 5 US
Toyota,Tacoma,,TRD Pro/Trailhunter,Pickup,Double,5,gen4,2024-2026,皮卡,5441,2029,1925,51417,P1,1552,1836,1569,26,5664,PK-L,459,,,,Tacoma,02032426,Toyota Tacoma TRD Pro/Trailhunter Pickup 2024-2026 Double 5 US
Toyota,Tercel,,2dr Deluxe,Sedan,,,gen1,1980,三厢车,4064,1554,1341,10588,SD2,1554,1554,976,27,4118,3S-0,156,,,,Tercel,02108080,Toyota Tercel 2dr Deluxe Sedan 1980 US
Toyota,Tercel,,2dr Deluxe,Sedan,,,gen1,1981-1982,三厢车,4094,1549,1341,22500,SD2,1549,1549,974,24,4143,3S-0,126,,,,Tercel,02108182,Toyota Tercel 2dr Deluxe Sedan 1981-1982 US
Toyota,Tercel,,4WD,Wagon,,,gen2,1983-1985,两厢车,4176,1615,1509,273841,H3,1232,1223,1103,-136,3886,无可用尺码,,2L,超长,36,Tercel,02108385,Toyota Tercel 4WD Wagon 1983-1985 US
Toyota,Tercel,,4WD,Wagon,,,gen2,1986-1988,两厢车,4310,1615,1509,282159,H3,1232,1223,1103,-136,4010,无可用尺码,,2L,超长,170,Tercel,02108688,Toyota Tercel 4WD Wagon 1986-1988 US
Toyota,Tercel,,4dr Deluxe,Sedan,,,gen1,1982,三厢车,4094,1549,1341,12000,SD2,1549,1549,974,24,4143,3S-0,126,,,,Tercel,02108282,Toyota Tercel 4dr Deluxe Sedan 1982 US
Toyota,Tercel,,4dr,Sedan,,,gen1,1981,三厢车,4094,1549,1341,10500,SD2,1549,1549,974,24,4143,3S-0,126,,,,Tercel,02108181,Toyota Tercel 4dr Sedan 1981 US
Toyota,Tercel,,,Coupe,,,gen3,1989-1990,跑车,4234,1626,1316,188385,SD2,1626,1626,985,63,4360,3M-0,326,,,,Tercel,02108990,Toyota Tercel Coupe 1989-1990 US
Toyota,Tercel,,,Hatchback,,,gen1,1980-1982,两厢车,4176,1615,1509,154412,H0,1160,1182,1126,-164,3828,无可用尺码,,2L,超长,36,Tercel,02108082,Toyota Tercel Hatchback 1980-1982 US
Toyota,Tercel,,,Sedan,,,gen4,1991-1994,三厢车,4110,1661,1351,380077,SD1,1213,1329,1010,-114,3867,3S-0,110,,,,Tercel,02109194,Toyota Tercel Sedan 1991-1994 US
Toyota,Tercel,,,Sedan,,,gen5,1995-1998,三厢车,4133,1661,1374,164946,SD1,1213,1329,1029,-114,3888,3S-0,87,,,,Tercel,02109598,Toyota Tercel Sedan 1995-1998 US
Toyota,Tundra,,,Pickup,Access,6.5,gen1,2000-2005,皮卡,5524,1910,1806,284580,P0,1324,1627,1428,-88,5488,PK-L,376,,,,Tundra,02060005,Toyota Tundra Pickup 2000-2005 Access 6.5 US
Toyota,Tundra,,,Pickup,Regular,6.5,gen1,2000-2006,皮卡,5524,1910,1806,158891,P0,1324,1627,1428,-88,5488,PK-L,376,,,,Tundra,02060006,Toyota Tundra Pickup 2000-2006 Regular 6.5 US
Toyota,Tundra,,,Pickup,Regular,8,gen1,2000-2006,皮卡,5845,1910,1806,79445,P0,1324,1627,1428,-88,5790,PK-L,55,,,,Tundra,02060006,Toyota Tundra Pickup 2000-2006 Regular 8 US
Toyota,Tundra,,,Pickup,Double,6.5,gen1,2004-2006,皮卡,5845,2014,1905,250562,P0,1396,1716,1548,-52,5887,PK-L,55,,,,Tundra,02060406,Toyota Tundra Pickup 2004-2006 Double 6.5 US
Toyota,Tundra,,,Pickup,Regular,6.5,gen2,2007-2017,皮卡,5329,2029,1935,54796,P0,1406,1729,1577,-47,5417,无可用尺码,,PK-S,超长,29,Tundra,02060717,Toyota Tundra Pickup 2007-2017 Regular 6.5 US
Toyota,Tundra,,,Pickup,Regular,8.1,gen2,2007-2017,皮卡,5809,2029,1935,54794,P0,1406,1729,1577,-47,5868,PK-L,91,,,,Tundra,02060717,Toyota Tundra Pickup 2007-2017 Regular 8.1 US
Toyota,Tundra,,,Pickup,CrewMax,5.5,gen2,2007-2021,皮卡,5814,2029,1935,779297,P0,1406,1729,1577,-47,5872,PK-L,86,,,,Tundra,02060721,Toyota Tundra Pickup 2007-2021 CrewMax 5.5 US
Toyota,Tundra,,,Pickup,Double,8.1,gen2,2007-2021,皮卡,6294,2029,1935,449597,P0,1406,1729,1577,-47,6324,PK-XXL-645,156,,,,Tundra,02060721,Toyota Tundra Pickup 2007-2021 Double 8.1 US
Toyota,Tundra,,,Pickup,Double,6.5,gen2,2008-2020,皮卡,5814,2029,1935,355515,P0,1406,1729,1577,-47,5872,PK-L,86,,,,Tundra,02060820,Toyota Tundra Pickup 2008-2020 Double 6.5 US
Toyota,Tundra,,,Pickup,CrewMax,5.5,gen3,2022-2026,皮卡,5933,2073,1981,318159,P0,1437,1766,1631,-32,6026,PK-XL,267,,,,Tundra,02062226,Toyota Tundra Pickup 2022-2026 CrewMax 5.5 US
Toyota,Tundra,,,Pickup,Double,6.5,gen3,2022-2026,皮卡,5933,2037,1981,183556,P0,1412,1736,1617,-44,5992,PK-XL,267,,,,Tundra,02062226,Toyota Tundra Pickup 2022-2026 Double 6.5 US
Toyota,Tundra,,,Pickup,Double,8.1,gen3,2022-2026,皮卡,6414,2037,1981,183554,P0,1412,1736,1617,-44,6444,PK-XXL-645,36,,,,Tundra,02062226,Toyota Tundra Pickup 2022-2026 Double 8.1 US
Toyota,Venza,,,SUV,,,gen2,2021-2024,越野车,4740,1854,1674,157664,SU1,1357,1383,1357,-65,4599,YL,110,,,,Venza,02162124,Toyota Venza SUV 2021-2024 US
Toyota,Venza,,,Wagon,,,gen1,2009-2015,两厢车,4801,1905,1610,270918,H2,1337,1429,1310,-58,4649,5XL,499,,,,Venza,02160915,Toyota Venza Wagon 2009-2015 US
Toyota,Yaris,,,Hatchback,,,gen1,2007-2011,两厢车,3825,1689,1524,161826,H0,1213,1236,1168,-138,3573,2L,315,,,,Yaris,02130711,Toyota Yaris Hatchback 2007-2011 US
Toyota,Yaris,,,Hatchback,,,gen2,2012-2018,两厢车,3899,1694,1509,187133,H0,1216,1240,1158,-136,3646,2L,241,,,,Yaris | Yaris R | Yaris iA,02131218,Toyota Yaris Hatchback 2012-2018 US
Toyota,Yaris,,,Hatchback,,,gen3,2020,两厢车,4105,1694,1496,4418,H0,1216,1240,1148,-136,3835,2L,35,,,,Yaris | Yaris R,02132020,Toyota Yaris Hatchback 2020 US
Toyota,Yaris,,,Sedan,,,gen1,2007,三厢车,4300,1689,1440,42399,SD1,1233,1351,1094,-104,4070,3L,440,,,,Yaris,02130707,Toyota Yaris Sedan 2007 US
Toyota,Yaris,,,Sedan,,,gen1,2008-2011,三厢车,4300,1694,1460,119425,SD1,1237,1355,1112,-102,4074,3L,440,,,,Yaris,02130811,Toyota Yaris Sedan 2008-2011 US
Toyota,Yaris,,,Sedan,,,gen3,2017-2018,三厢车,4361,1694,1486,30565,SD1,1237,1355,1133,-102,4131,3L,379,,,,Yaris | Yaris R | Yaris iA,02131718,Toyota Yaris Sedan 2017-2018 US
Toyota,Yaris,,,Sedan,,,gen3,2019-2020,三厢车,4348,1694,1486,32769,SD1,1237,1355,1133,-102,4119,3L,392,,,,Yaris | Yaris R,02131920,Toyota Yaris Sedan 2019-2020 US
Toyota,Yaris iA,,,Sedan,,,gen1,2017-2018,三厢车,4361,1694,1486,57778,SD1,1237,1355,1133,-102,4131,3L,379,,,,Yaris iA,02301718,Toyota Yaris iA Sedan 2017-2018 US
Toyota,bZ,,,SUV,,,gen1,2026,越野车,4689,1859,1651,29647,SU1,1361,1387,1340,-63,4557,YL,161,,,,bZ | bZ Woodland,02352626,Toyota bZ SUV 2026 US
Toyota,bZ,,Woodland,SUV,,,gen1,2026,越野车,4831,1859,1674,6353,SU1,1361,1387,1359,-63,4688,YL,19,,,,bZ | bZ Woodland,02352626,Toyota bZ Woodland SUV 2026 US
Toyota,bZ4X,,,SUV,,,gen1,2023-2025,越野车,4689,1859,1651,43508,SU1,1361,1387,1340,-63,4557,YL,161,,,,bZ4X,02312325,Toyota bZ4X SUV 2023-2025 US
VinFast,VF8,,Eco,SUV,,,gen1,2023-2025,越野车,4750,1933,1666,3133,SU1,1415,1442,1382,-36,4682,YL,100,,,,VF8,47002325,VinFast VF8 Eco SUV 2023-2025 US
VinFast,VF8,,Plus,SUV,,,gen1,2023-2025,越野车,4750,1933,1666,3132,SU1,1415,1442,1382,-36,4682,YL,100,,,,VF8,47002325,VinFast VF8 Plus SUV 2023-2025 US
Volkswagen,Arteon,,SE R-Line,Hatchback,,,gen1,2022-2024,两厢车,4864,1872,1443,3051,SD1,1367,1498,1170,-34,4764,5XL,436,,,,Arteon,12142224,Volkswagen Arteon SE R-Line Hatchback 2022-2024 US
Volkswagen,Arteon,,SEL Premium 4MOTION,Hatchback,,,gen1,2019-2021,两厢车,4862,1872,1435,11588,SD1,1367,1498,1163,-34,4763,5XL,438,,,,Arteon,12141921,Volkswagen Arteon SEL Premium 4MOTION Hatchback 2019-2021 US
Volkswagen,Atlas Cross,,Cross Sport,SUV,,,gen1,2021,越野车,4966,1991,1735,43303,SU1,1457,1485,1462,-14,4935,YXL,54,,,,Atlas Cross Sport,12082121,Volkswagen Atlas Cross Cross Sport SUV 2021 US
Volkswagen,Atlas Cross,,Cross Sport,SUV,,,gen1,2022,越野车,4966,1989,1722,28480,SU1,1456,1484,1450,-15,4933,YXL,54,,,,Atlas Cross Sport,12082222,Volkswagen Atlas Cross Cross Sport SUV 2022 US
Volkswagen,Atlas Cross,,Cross Sport,SUV,,,gen1,2023-2026,越野车,4968,1989,1732,138251,SU1,1456,1484,1458,-15,4935,YXL,52,,,,Atlas Cross Sport,12082326,Volkswagen Atlas Cross Cross Sport SUV 2023-2026 US
Volkswagen,Atlas,,Cross Sport,SUV,,,gen1,2020,越野车,4966,1989,1722,44246,SU1,1456,1484,1450,-15,4933,YXL,54,,,,Atlas | Atlas Cross Sport,12052020,Volkswagen Atlas Cross Sport SUV 2020 US
Volkswagen,Atlas,,Cross Sport,SUV,,,gen1,2021,越野车,4966,1991,1735,57844,SU1,1457,1485,1462,-14,4935,YXL,54,,,,Atlas | Atlas Cross Sport,12052121,Volkswagen Atlas Cross Sport SUV 2021 US
Volkswagen,Atlas,,Cross Sport,SUV,,,gen1,2022,越野车,4966,1989,1722,41013,SU1,1456,1484,1450,-15,4933,YXL,54,,,,Atlas | Atlas Cross Sport,12052222,Volkswagen Atlas Cross Sport SUV 2022 US
Volkswagen,Atlas,,Cross Sport,SUV,,,gen1,2023-2026,越野车,4968,1989,1732,193836,SU1,1456,1484,1458,-15,4935,YXL,52,,,,Atlas | Atlas Cross Sport,12052326,Volkswagen Atlas Cross Sport SUV 2023-2026 US
Volkswagen,Atlas,,SE,SUV,,,gen1,2024-2026,越野车,5098,1989,1788,145997,SU1,1456,1484,1504,-15,5055,无可用尺码,,YXL,超长,78,Atlas,12052426,Volkswagen Atlas SE SUV 2024-2026 US
Volkswagen,Atlas,,SEL R-Line,SUV,,,gen1,2021-2022,越野车,5098,1991,1781,98855,SU1,1457,1485,1499,-14,5057,无可用尺码,,YXL,超长,78,Atlas,12052122,Volkswagen Atlas SEL R-Line SUV 2021-2022 US
Volkswagen,Atlas,,SEL R-Line,SUV,,,gen1,2023,越野车,5098,1989,1788,47837,SU1,1456,1484,1504,-15,5055,无可用尺码,,YXL,超长,78,Atlas,12052323,Volkswagen Atlas SEL R-Line SUV 2023 US
Volkswagen,Atlas,,V6 SE w/Technology,SUV,,,gen1,2018-2020,越野车,5037,1989,1778,185430,SU1,1456,1484,1496,-15,4999,无可用尺码,,YXL,超长,17,Atlas,12051820,Volkswagen Atlas V6 SE w/Technology SUV 2018-2020 US
Volkswagen,Beetle,,,Convertible,,,gen1,1998-2010,跑车,4092,1725,1501,295087,SD1,1259,1380,1157,-90,3910,3S-0,128,,,,Beetle | Beetle Cabrio,12069810,Volkswagen Beetle Convertible 1998-2010 US
Volkswagen,Beetle,,,Convertible,,,gen2,2012-2019,跑车,4288,1826,1473,92038,SD1,1333,1461,1176,-52,4186,3M-0,272,,,,Beetle,12061219,Volkswagen Beetle Convertible 2012-2019 US
Volkswagen,Beetle,,Dune,Convertible,,,gen2,2018,跑车,4285,1821,1491,1272,SD1,1329,1457,1188,-54,4179,3M-0,275,,,,Beetle,12061818,Volkswagen Beetle Dune Convertible 2018 US
Volkswagen,Beetle,,Dune,Hatchback,,,gen2,2018,两厢车,4285,1821,1501,1271,H0,1307,1333,1203,-90,4118,无可用尺码,,2L,超长,145,Beetle,12061818,Volkswagen Beetle Dune Hatchback 2018 US
Volkswagen,Beetle,,,Hatchback,,,gen1,1998,两厢车,4092,1725,1511,27900,H0,1239,1263,1173,-124,3852,2L,48,,,,Beetle,12069898,Volkswagen Beetle Hatchback 1998 US
Volkswagen,Beetle,,,Hatchback,,,gen1,1999-2010,两厢车,4092,1725,1499,267182,H0,1239,1263,1163,-124,3852,2L,48,,,,Beetle | Beetle Cabrio,12069910,Volkswagen Beetle Hatchback 1999-2010 US
Volkswagen,Beetle,,,Hatchback,,,gen2,2012-2019,两厢车,4288,1826,1488,92035,H0,1311,1337,1195,-88,4125,无可用尺码,,2L,超长,148,Beetle,12061219,Volkswagen Beetle Hatchback 2012-2019 US
Volkswagen,Dasher,,2dr,Hatchback,,,gen1,1978,两厢车,4397,1615,1359,15250,H0,1160,1182,1005,-164,4031,无可用尺码,,2L,超长,257,Dasher,12137878,Volkswagen Dasher 2dr Hatchback 1978 US
Volkswagen,Dasher,,4dr Station,Wagon,,,gen1,1978,两厢车,4397,1615,1359,15250,H3,1232,1223,983,-136,4091,无可用尺码,,2L,超长,257,Dasher,12137878,Volkswagen Dasher 4dr Station Wagon 1978 US
Volkswagen,Eos,,,Convertible,,,gen1,2007-2011,跑车,4409,1791,1443,47008,SD0,1272,1211,1376,-129,4123,3M-0,151,,,,Eos,12120711,Volkswagen Eos Convertible 2007-2011 US
Volkswagen,Eos,,,Convertible,,,gen1,2012-2016,跑车,4422,1791,1445,17602,SD0,1272,1211,1378,-129,4135,3M-0,138,,,,Eos,12121216,Volkswagen Eos Convertible 2012-2016 US
Volkswagen,Golf,,Diesel,Hatchback,,,gen7,2015,两厢车,4267,1798,1453,9796,H0,1291,1316,1155,-98,4080,无可用尺码,,2L,超长,127,Golf | Golf R | Golf SportWagen,12041515,Volkswagen Golf Diesel Hatchback 2015 US
Volkswagen,Golf,,GTI,Hatchback,,,gen7,2015-2017,两厢车,4267,1798,1478,27939,H0,1291,1316,1175,-98,4080,无可用尺码,,2L,超长,127,Golf | Golf Alltrack | Golf R | Golf SportWagen,12041517,Volkswagen Golf GTI Hatchback 2015-2017 US
Volkswagen,Golf,,GTI,Hatchback,,,gen7,2018-2021,两厢车,4267,1798,1468,13197,H0,1291,1316,1167,-98,4080,无可用尺码,,2L,超长,127,Golf | Golf Alltrack | Golf R | Golf SportWagen,12041821,Volkswagen Golf GTI Hatchback 2018-2021 US
Volkswagen,Golf,,GTI,Hatchback,,,gen8,2022-2026,两厢车,4290,1788,1466,74129,H0,1284,1309,1162,-102,4092,无可用尺码,,2L,超长,150,Golf R,12042226,Volkswagen Golf GTI Hatchback 2022-2026 US
Volkswagen,Golf,,GTI/R,Hatchback,,,gen8,2022-2026,两厢车,4295,1788,1468,74127,H0,1284,1309,1163,-102,4096,无可用尺码,,2L,超长,155,Golf R,12042226,Volkswagen Golf GTI/R Hatchback 2022-2026 US
Volkswagen,Golf,,,Hatchback,,,gen4,1999,两厢车,4074,1694,1427,23456,H0,1216,1240,1092,-136,3807,2L,66,,,,Golf,12049999,Volkswagen Golf Hatchback 1999 US
Volkswagen,Golf,,,Hatchback,,,gen4,2000-2006,两厢车,4188,1735,1440,197952,H0,1246,1270,1119,-121,3949,无可用尺码,,2L,超长,48,Golf,12040006,Volkswagen Golf Hatchback 2000-2006 US
Volkswagen,Golf,,,Hatchback,,,gen5,2007-2009,两厢车,4211,1760,1478,93004,H0,1264,1288,1160,-112,3993,无可用尺码,,2L,超长,71,Golf | Golf City,12040709,Volkswagen Golf Hatchback 2007-2009 US
Volkswagen,Golf,,,Hatchback,,,gen6,2010-2014,两厢车,4201,1786,1481,161268,H0,1282,1307,1173,-103,4008,无可用尺码,,2L,超长,61,Golf | Golf City | Golf R | Golf SportWagen,12041014,Volkswagen Golf Hatchback 2010-2014 US
Volkswagen,Golf,,,Hatchback,,,gen7,2016-2017,两厢车,4254,1798,1453,84664,H0,1291,1316,1155,-98,4068,无可用尺码,,2L,超长,114,Golf | Golf Alltrack | Golf R | Golf SportWagen,12041617,Volkswagen Golf Hatchback 2016-2017 US
Volkswagen,Golf,,,Hatchback,,,gen7,2018-2021,两厢车,4257,1798,1478,61582,H0,1291,1316,1175,-98,4071,无可用尺码,,2L,超长,117,Golf | Golf Alltrack | Golf R | Golf SportWagen,12041821,Volkswagen Golf Hatchback 2018-2021 US
Volkswagen,Golf,,R,Hatchback,,,gen6,2012,两厢车,4211,1778,1460,7215,H0,1277,1301,1153,-106,4010,无可用尺码,,2L,超长,71,Golf | Golf R | Golf SportWagen,12041212,Volkswagen Golf R Hatchback 2012 US
Volkswagen,Golf,,R,Hatchback,,,gen7,2018-2019,两厢车,4277,1798,1435,7029,H0,1291,1316,1141,-98,4089,无可用尺码,,2L,超长,137,Golf | Golf Alltrack | Golf R | Golf SportWagen,12041819,Volkswagen Golf R Hatchback 2018-2019 US
Volkswagen,Golf,,R,Hatchback,,,gen8,2022-2024,两厢车,4290,1788,1466,60488,H0,1284,1309,1162,-102,4092,无可用尺码,,2L,超长,150,Golf R,12042224,Volkswagen Golf R Hatchback 2022-2024 US
Volkswagen,Golf,,R,Hatchback,,,gen8,2025-2026,两厢车,4295,1788,1468,13638,H0,1284,1309,1163,-102,4096,无可用尺码,,2L,超长,155,Golf R,12042526,Volkswagen Golf R Hatchback 2025-2026 US
Volkswagen,Golf,,,Wagon,,,gen7,2015-2016,两厢车,4562,1798,1481,73574,H2,1262,1348,1164,-98,4332,无可用尺码,,2L,超长,422,Golf | Golf R | Golf SportWagen,12041516,Volkswagen Golf Wagon 2015-2016 US
Volkswagen,Golf,,,Wagon,,,gen7,2018-2019,两厢车,4562,1798,1516,32802,H2,1262,1348,1192,-98,4332,无可用尺码,,2L,超长,422,Golf | Golf Alltrack | Golf R | Golf SportWagen,12041819,Volkswagen Golf Wagon 2018-2019 US
Volkswagen,ID.4,,,SUV,,,gen1,2021-2022,越野车,4585,1852,1636,37253,SU0,1241,1296,1325,-116,4358,YM,45,,,,ID.4,12112122,Volkswagen ID.4 SUV 2021-2022 US
Volkswagen,ID.4,,,SUV,,,gen1,2023-2026,越野车,4585,1852,1656,75425,SU0,1241,1296,1341,-116,4358,YM,45,,,,ID.4,12112326,Volkswagen ID.4 SUV 2023-2026 US
Volkswagen,Jetta,,Diesel,Sedan,,,gen4,2000-2005,三厢车,4376,1735,1440,749398,SD1,1267,1388,1112,-86,4183,3L,364,,,,Jetta,12010005,Volkswagen Jetta Diesel Sedan 2000-2005 US
Volkswagen,Jetta,,GLI,Sedan,,,gen7,2019-2020,三厢车,4704,1798,1443,183115,SD1,1313,1438,1140,-62,4547,3L,36,,,,Jetta,12011920,Volkswagen Jetta GLI Sedan 2019-2020 US
Volkswagen,Jetta,,GLI,Sedan,,,gen7,2021-2022,三厢车,4704,1798,1471,100227,SD1,1313,1438,1163,-62,4547,3L,36,,,,Jetta,12012122,Volkswagen Jetta GLI Sedan 2021-2022 US
Volkswagen,Jetta,,GLI,Sedan,,,gen7,2023-2026,三厢车,4747,1798,1471,228527,SD1,1313,1438,1163,-62,4587,3XL-0,303,,,,Jetta,12012326,Volkswagen Jetta GLI Sedan 2023-2026 US
Volkswagen,Jetta,,,Sedan,,,gen1,1980-1984,三厢车,4191,1610,1410,110281,SD2,1610,1610,1055,55,4301,3L,549,,,,Jetta,12018084,Volkswagen Jetta Sedan 1980-1984 US
Volkswagen,Jetta,,,Sedan,,,gen2,1985,三厢车,4346,1679,1415,82883,SD2,1679,1679,1087,90,4525,3L,394,,,,Jetta,12018585,Volkswagen Jetta Sedan 1985 US
Volkswagen,Jetta,,,Sedan,,,gen2,1986,三厢车,4346,1679,1410,92875,SD2,1679,1679,1083,90,4525,3L,394,,,,Jetta,12018686,Volkswagen Jetta Sedan 1986 US
Volkswagen,Jetta,,,Sedan,,,gen2,1987,三厢车,4343,1676,1415,67284,SD2,1676,1676,1086,88,4519,3L,397,,,,Jetta,12018787,Volkswagen Jetta Sedan 1987 US
Volkswagen,Jetta,,,Sedan,,,gen2,1988,三厢车,4384,1679,1415,61058,SD2,1679,1679,1087,90,4563,3L,356,,,,Jetta,12018888,Volkswagen Jetta Sedan 1988 US
Volkswagen,Jetta,,,Sedan,,,gen2,1989,三厢车,4343,1676,1397,55145,SD2,1676,1676,1072,88,4519,3L,397,,,,Jetta,12018989,Volkswagen Jetta Sedan 1989 US
Volkswagen,Jetta,,,Sedan,,,gen2,1990-1992,三厢车,4384,1679,1415,125593,SD2,1679,1679,1087,90,4563,3L,356,,,,Jetta,12019092,Volkswagen Jetta Sedan 1990-1992 US
Volkswagen,Jetta,,,Sedan,,,gen3,1993-1999,三厢车,4404,1694,1425,541035,SD1,1237,1355,1084,-102,4171,3L,336,,,,Jetta,12019399,Volkswagen Jetta Sedan 1993-1999 US
Volkswagen,Jetta,,,Sedan,,,gen5,2006-2010,三厢车,4554,1781,1458,415564,SD1,1300,1425,1145,-69,4392,3L,186,,,,Jetta | Jetta City,12010610,Volkswagen Jetta Sedan 2006-2010 US
Volkswagen,Jetta,,,Sedan,,,gen6,2011-2014,三厢车,4628,1778,1453,336226,SD1,1298,1422,1140,-70,4458,3L,112,,,,Jetta,12011114,Volkswagen Jetta Sedan 2011-2014 US
Volkswagen,Jetta,,,Sedan,,,gen6,2015-2016,三厢车,4656,1778,1453,252216,SD1,1298,1422,1140,-70,4484,3L,84,,,,Jetta,12011516,Volkswagen Jetta Sedan 2015-2016 US
Volkswagen,Jetta,,,Sedan,,,gen6,2017,三厢车,4628,1778,1438,115807,SD1,1298,1422,1128,-70,4458,3L,112,,,,Jetta,12011717,Volkswagen Jetta Sedan 2017 US
Volkswagen,Jetta,,,Sedan,,,gen6,2018,三厢车,4658,1778,1453,90805,SD1,1298,1422,1140,-70,4485,3L,82,,,,Jetta,12011818,Volkswagen Jetta Sedan 2018 US
Volkswagen,Jetta,,,Wagon,,,gen5,2009-2014,两厢车,4557,1781,1504,452043,H2,1250,1336,1175,-104,4312,无可用尺码,,2L,超长,417,Jetta | Jetta City,12010914,Volkswagen Jetta Wagon 2009-2014 US
Volkswagen,Passat CC,,,Sedan,,,gen1,2009-2011,三厢车,4798,1854,1417,81361,SD0,1316,1253,1381,-108,4533,3XL-0,252,,,,,12090911,Volkswagen Passat CC Sedan 2009-2011 US
Volkswagen,Passat CC,,,Sedan,,,gen1,2012-2017,三厢车,4803,1854,1417,58181,SD0,1316,1253,1381,-108,4538,3XL-0,247,,,,,12091217,Volkswagen Passat CC Sedan 2012-2017 US
Volkswagen,Passat,,,Hatchback,,,gen1,1974,两厢车,4382,1600,1359,18500,H0,1149,1171,999,-170,4003,无可用尺码,,2L,超长,242,Dasher,12007474,Volkswagen Passat Hatchback 1974 US
Volkswagen,Passat,,,Hatchback,,,gen1,1975,两厢车,4389,1600,1359,16500,H0,1149,1171,999,-170,4010,无可用尺码,,2L,超长,249,Dasher,12007575,Volkswagen Passat Hatchback 1975 US
Volkswagen,Passat,,,Hatchback,,,gen1,1976-1980,两厢车,4397,1615,1359,49000,H0,1160,1182,1005,-164,4031,无可用尺码,,2L,超长,257,Dasher,12007680,Volkswagen Passat Hatchback 1976-1980 US
Volkswagen,Passat,,,Hatchback,,,gen1,1981,两厢车,4394,1600,1346,6000,H0,1149,1171,988,-170,4014,无可用尺码,,2L,超长,254,Dasher,12008181,Volkswagen Passat Hatchback 1981 US
Volkswagen,Passat,,,Sedan,,,gen2,1982,三厢车,4577,1699,1427,4285,SD2,1699,1699,1105,100,4776,3L,163,,,,Quantum,12008282,Volkswagen Passat Sedan 1982 US
Volkswagen,Passat,,,Sedan,,,gen2,1983,三厢车,4577,1699,1400,8047,SD2,1699,1699,1083,100,4776,3L,163,,,,Quantum,12008383,Volkswagen Passat Sedan 1983 US
Volkswagen,Passat,,,Sedan,,,gen2,1984,三厢车,4572,1709,1397,8478,SD2,1709,1709,1085,104,4781,3L,168,,,,Quantum,12008484,Volkswagen Passat Sedan 1984 US
Volkswagen,Passat,,,Sedan,,,gen2,1985,三厢车,4580,1699,1405,7799,SD2,1699,1699,1087,100,4779,3L,160,,,,Quantum,12008585,Volkswagen Passat Sedan 1985 US
Volkswagen,Passat,,,Sedan,,,gen2,1986,三厢车,4521,1702,1372,5890,SD2,1702,1702,1062,101,4723,3L,219,,,,Quantum,12008686,Volkswagen Passat Sedan 1986 US
Volkswagen,Passat,,,Sedan,,,gen2,1987,三厢车,4577,1694,1392,3328,SD2,1694,1694,1075,97,4771,3L,163,,,,Quantum,12008787,Volkswagen Passat Sedan 1987 US
Volkswagen,Passat,,,Sedan,,,gen2,1988,三厢车,4559,1707,1392,1515,SD2,1707,1707,1080,104,4766,3L,181,,,,Quantum,12008888,Volkswagen Passat Sedan 1988 US
Volkswagen,Passat,,,Sedan,,,gen3,1990-1994,三厢车,4572,1704,1427,34675,SD1,1244,1363,1089,-98,4337,3L,168,,,,Passat,12009094,Volkswagen Passat Sedan 1990-1994 US
Volkswagen,Passat,,,Sedan,,,gen4,1995-1997,三厢车,4610,1714,1433,154866,SD1,1251,1371,1098,-94,4381,3L,130,,,,Passat,12009597,Volkswagen Passat Sedan 1995-1997 US
Volkswagen,Passat,,,Sedan,,,gen5,1998-2005,三厢车,4704,1745,1463,1155058,SD1,1274,1396,1135,-82,4498,3L,36,,,,Passat,12009805,Volkswagen Passat Sedan 1998-2005 US
Volkswagen,Passat,,,Sedan,,,gen6,2006-2010,三厢车,4780,1821,1473,768697,SD1,1329,1457,1173,-54,4639,3XL-0,270,,,,Passat | Passat CC,12000610,Volkswagen Passat Sedan 2006-2010 US
Volkswagen,Passat,,,Sedan,,,gen7,2012-2015,三厢车,4867,1834,1486,730567,SD1,1339,1467,1189,-48,4732,3XL-0,183,,,,Passat | Passat CC,12001215,Volkswagen Passat Sedan 2012-2015 US
Volkswagen,Passat,,,Sedan,,,gen7,2016-2019,三厢车,4874,1834,1486,668825,SD1,1339,1467,1189,-48,4738,3XL-0,176,,,,Passat,12001619,Volkswagen Passat Sedan 2016-2019 US
Volkswagen,Passat,,,Sedan,,,gen7,2020-2022,三厢车,4917,1844,1491,263695,SD1,1346,1475,1197,-45,4788,3XL-0,133,,,,Passat,12002022,Volkswagen Passat Sedan 2020-2022 US
Volkswagen,Passat,,,Wagon,,,gen1,1974,两厢车,4379,1610,1359,18500,H3,1228,1219,981,-138,4070,无可用尺码,,2L,超长,239,Dasher,12007474,Volkswagen Passat Wagon 1974 US
Volkswagen,Passat,,,Wagon,,,gen1,1975,两厢车,4389,1600,1359,16500,H3,1221,1211,977,-142,4070,无可用尺码,,2L,超长,249,Dasher,12007575,Volkswagen Passat Wagon 1975 US
Volkswagen,Passat,,,Wagon,,,gen1,1976,两厢车,4379,1600,1359,13500,H3,1221,1211,977,-142,4060,无可用尺码,,2L,超长,239,Dasher,12007676,Volkswagen Passat Wagon 1976 US
Volkswagen,Passat,,,Wagon,,,gen1,1977-1980,两厢车,4397,1615,1379,35500,H3,1232,1223,999,-136,4091,无可用尺码,,2L,超长,257,Dasher,12007780,Volkswagen Passat Wagon 1977-1980 US
Volkswagen,Passat,,,Wagon,,,gen1,1981,两厢车,4394,1600,1346,6000,H3,1221,1211,967,-142,4074,无可用尺码,,2L,超长,254,Dasher,12008181,Volkswagen Passat Wagon 1981 US
Volkswagen,Passat,,,Wagon,,,gen2,1982,两厢车,4651,1699,1405,4285,H3,1296,1286,1054,-104,4406,无可用尺码,,2L,超长,511,Quantum,12008282,Volkswagen Passat Wagon 1982 US
Volkswagen,Passat,,,Wagon,,,gen2,1983-1984,两厢车,4651,1699,1400,16524,H3,1296,1286,1050,-104,4406,无可用尺码,,2L,超长,511,Quantum,12008384,Volkswagen Passat Wagon 1983-1984 US
Volkswagen,Passat,,,Wagon,,,gen2,1985-1988,两厢车,4651,1699,1405,18529,H3,1296,1286,1054,-104,4406,无可用尺码,,2L,超长,511,Quantum,12008588,Volkswagen Passat Wagon 1985-1988 US
Volkswagen,Passat,,,Wagon,,,gen3,1990-1992,两厢车,4572,1704,1427,23177,H2,1196,1278,1082,-132,4255,无可用尺码,,2L,超长,432,Passat,12009092,Volkswagen Passat Wagon 1990-1992 US
Volkswagen,Passat,,,Wagon,,,gen3,1993-1994,两厢车,4569,1704,1491,11495,H2,1196,1278,1134,-132,4252,无可用尺码,,2L,超长,429,Passat,12009394,Volkswagen Passat Wagon 1993-1994 US
Volkswagen,Passat,,,Wagon,,,gen4,1995-1997,两厢车,4597,1714,1491,154866,H2,1203,1286,1138,-128,4287,无可用尺码,,2L,超长,457,Passat,12009597,Volkswagen Passat Wagon 1995-1997 US
Volkswagen,Passat,,,Wagon,,,gen5,1998-2005,两厢车,4681,1745,1499,1155056,H2,1225,1309,1157,-116,4393,无可用尺码,,2L,超长,541,Passat,12009805,Volkswagen Passat Wagon 1998-2005 US
Volkswagen,Passat,,,Wagon,,,gen6,2007-2010,两厢车,4775,1821,1516,436777,H2,1278,1366,1201,-89,4549,5XL,525,,,,Passat | Passat CC,12000710,Volkswagen Passat Wagon 2007-2010 US
Volkswagen,Phaeton,,,Sedan,,,gen1,2004-2006,三厢车,5174,1902,1450,2488,SD1,1388,1522,1188,-22,5081,3XXL-550,326,,,,Phaeton,12150406,Volkswagen Phaeton Sedan 2004-2006 US
Volkswagen,Rabbit,,,Convertible,,,gen1,1980,跑车,3945,1610,1412,93000,SD1,1175,1288,1039,-134,3666,3S-0,275,,,,Rabbit | Rabbit Convertible | Rabbit Pickup,12028080,Volkswagen Rabbit Convertible 1980 US
Volkswagen,Rabbit,,GTI,Hatchback,,,gen1,1984,两厢车,3995,1631,1410,12353,H0,1171,1194,1053,-159,3676,2L,145,,,,Rabbit | Rabbit Convertible,12028484,Volkswagen Rabbit GTI Hatchback 1984 US
Volkswagen,Rabbit,,,Hatchback,,,gen1,1975-1984,两厢车,3945,1610,1410,1267301,H0,1156,1179,1044,-166,3611,2L,195,,,,Rabbit | Rabbit Convertible | Rabbit Pickup,12027584,Volkswagen Rabbit Hatchback 1975-1984 US
Volkswagen,Rabbit,,,Hatchback,,,gen5,2006-2009,两厢车,4211,1760,1478,138000,H0,1264,1288,1160,-112,3993,无可用尺码,,2L,超长,71,Rabbit,12020609,Volkswagen Rabbit Hatchback 2006-2009 US
Volkswagen,Taos,,,SUV,,,gen1,2022,越野车,4465,1842,1636,59103,SU1,1348,1374,1321,-70,4334,YM,165,,,,Taos,12072222,Volkswagen Taos SUV 2022 US
Volkswagen,Taos,,,SUV,,,gen1,2023,越野车,4465,1842,1641,58890,SU1,1348,1374,1325,-70,4334,YM,165,,,,Taos,12072323,Volkswagen Taos SUV 2023 US
Volkswagen,Taos,,,SUV,,,gen1,2024,越野车,4465,1842,1654,63882,SU1,1348,1374,1336,-70,4334,YM,165,,,,Taos,12072424,Volkswagen Taos SUV 2024 US
Volkswagen,Taos,,,SUV,,,gen1,2025,越野车,4468,1842,1638,55198,SU1,1348,1374,1323,-70,4337,YM,162,,,,Taos,12072525,Volkswagen Taos SUV 2025 US
Volkswagen,Taos,,,SUV,,,gen1,2026,越野车,4468,1842,1654,35578,SU1,1348,1374,1336,-70,4337,YM,162,,,,Taos,12072626,Volkswagen Taos SUV 2026 US
Volkswagen,Tiguan,,,SUV,,,gen1,2009-2013,越野车,4432,1808,1704,159374,SU1,1323,1349,1362,-82,4272,YM,198,,,,Tiguan,12030913,Volkswagen Tiguan SUV 2009-2013 US
Volkswagen,Tiguan,,,SUV,,,gen1,2014-2015,越野车,4432,1808,1666,60964,SU1,1323,1349,1332,-82,4272,YM,198,,,,Tiguan,12031415,Volkswagen Tiguan SUV 2014-2015 US
Volkswagen,Tiguan,,,SUV,,,gen1,2016-2017,越野车,4432,1808,1704,90621,SU1,1323,1349,1362,-82,4272,YM,198,,,,Tiguan | Tiguan Limited,12031617,Volkswagen Tiguan SUV 2016-2017 US
Volkswagen,Tiguan,,,SUV,,,gen2,2018-2021,越野车,4702,1839,1684,423415,SU1,1346,1372,1359,-70,4550,YL,148,,,,Tiguan | Tiguan Limited,12031821,Volkswagen Tiguan SUV 2018-2021 US
Volkswagen,Tiguan,,,SUV,,,gen2,2022-2024,越野车,4727,1839,1689,241684,SU1,1346,1372,1363,-70,4574,YL,123,,,,Tiguan,12032224,Volkswagen Tiguan SUV 2022-2024 US
Volkswagen,Tiguan,,,SUV,,,gen3,2025-2026,越野车,4684,1854,1689,184481,SU1,1357,1383,1369,-65,4548,YL,166,,,,Tiguan,12032526,Volkswagen Tiguan SUV 2025-2026 US
Volkswagen,Touareg,,,SUV,,,gen1,2004-2010,越野车,4755,1928,1727,79884,SU1,1411,1438,1430,-38,4682,YL,95,,,,Touareg,12100410,Volkswagen Touareg SUV 2004-2010 US
Volkswagen,Touareg,,,SUV,,,gen2,2011-2017,越野车,4796,1941,1732,48077,SU1,1421,1448,1439,-33,4732,YL,54,,,,Touareg,12101117,Volkswagen Touareg SUV 2011-2017 US
Volvo,C30,,,Hatchback,,,gen1,2008-2013,两厢车,4252,1783,1448,20130,H0,1280,1305,1145,-104,4052,无可用尺码,,2L,超长,112,C30,31120813,Volvo C30 Hatchback 2008-2013 US
Volvo,C40 Recharge,,,SUV,,,gen1,2022,越野车,4430,1849,1582,3780,SU1,1353,1379,1280,-67,4308,YM,200,,,,,31202222,Volvo C40 Recharge SUV 2022 US
Volvo,C40 Recharge,,,SUV,,,gen1,2023-2024,越野车,4440,1872,1595,2261,SU1,1370,1397,1300,-58,4339,YM,190,,,,,31202324,Volvo C40 Recharge SUV 2023-2024 US
Volvo,C40,,,SUV,,,gen1,2022,越野车,4430,1849,1582,3780,SU1,1353,1379,1280,-67,4308,YM,200,,,,,31192222,Volvo C40 SUV 2022 US
Volvo,C40,,,SUV,,,gen1,2023-2024,越野车,4440,1872,1595,2261,SU1,1370,1397,1300,-58,4339,YM,190,,,,,31192324,Volvo C40 SUV 2023-2024 US
Volvo,C70,,,Convertible,,,gen1,1998,跑车,4717,1816,1415,5000,SD0,1289,1228,1362,-121,4425,3L-0,23,,,,C70,31099898,Volvo C70 Convertible 1998 US
Volvo,C70,,,Convertible,,,gen1,1999-2004,跑车,4717,1816,1430,29933,SD0,1289,1228,1375,-121,4425,3L-0,23,,,,C70,31099904,Volvo C70 Convertible 1999-2004 US
Volvo,C70,,,Convertible,,,gen2,2006,跑车,4582,1821,1400,3952,SD0,1293,1231,1350,-119,4308,3L-0,158,,,,C70,31090606,Volvo C70 Convertible 2006 US
Volvo,C70,,,Convertible,,,gen2,2007-2010,跑车,4582,1836,1400,19649,SD0,1304,1241,1357,-114,4321,3L-0,158,,,,C70,31090710,Volvo C70 Convertible 2007-2010 US
Volvo,C70,,,Convertible,,,gen2,2011,跑车,4615,1836,1400,4933,SD0,1304,1241,1357,-114,4351,3L-0,125,,,,C70,31091111,Volvo C70 Convertible 2011 US
Volvo,C70,,,Convertible,,,gen2,2012-2013,跑车,4582,1836,1400,7675,SD0,1304,1241,1357,-114,4321,3L-0,158,,,,C70,31091213,Volvo C70 Convertible 2012-2013 US
Volvo,EC40,,,Crossover,,,gen1,2025-2026,越野车,4440,1872,1595,562,SU1,1370,1397,1300,-58,4339,YM,190,,,,,31212526,Volvo EC40 Crossover 2025-2026 US
Volvo,EX30,,,SUV,,,gen1,2025,越野车,4234,1839,1554,5409,SU1,1346,1372,1254,-70,4118,YM,396,,,,EX30,31182525,Volvo EX30 SUV 2025 US
Volvo,EX30,,,SUV,,,gen1,2026,越野车,4234,1849,1567,3500,SU1,1353,1379,1268,-67,4127,YM,396,,,,EX30 | EX30 Cross Country,31182626,Volvo EX30 SUV 2026 US
Volvo,EX40,,,SUV,,,gen1,2025-2026,越野车,4440,1872,1651,11000,SU1,1370,1397,1345,-58,4339,YM,190,,,,EX40,31162526,Volvo EX40 SUV 2025-2026 US
Volvo,EX90,,,SUV,,,gen1,2025-2026,越野车,5037,1963,1748,10913,SU1,1437,1464,1461,-25,4975,无可用尺码,,YXL,超长,17,EX90,31172526,Volvo EX90 SUV 2025-2026 US
Volvo,S40,,,Sedan,,,gen1,2000,三厢车,4481,1720,1410,29862,SD1,1256,1376,1082,-92,4267,3L,259,,,,S40,31030000,Volvo S40 Sedan 2000 US
Volvo,S40,,,Sedan,,,gen1,2001-2003,三厢车,4516,1717,1422,50892,SD1,1253,1374,1090,-93,4297,3L,224,,,,S40,31030103,Volvo S40 Sedan 2001-2003 US
Volvo,S40,,,Sedan,,,gen2,2004-2007,三厢车,4468,1770,1453,91603,SD1,1292,1416,1137,-73,4301,3L,272,,,,S40,31030407,Volvo S40 Sedan 2004-2007 US
Volvo,S40,,,Sedan,,,gen2,2008-2011,三厢车,4475,1770,1453,26249,SD1,1292,1416,1137,-73,4308,3L,265,,,,S40,31030811,Volvo S40 Sedan 2008-2011 US
Volvo,S60,,,Sedan,,,gen1,2001-2002,三厢车,4577,1803,1427,50000,SD1,1316,1442,1129,-60,4433,3L,163,,,,S60,31020102,Volvo S60 Sedan 2001-2002 US
Volvo,S60,,,Sedan,,,gen1,2003-2009,三厢车,4602,1814,1427,149885,SD1,1324,1451,1134,-56,4467,3L,138,,,,S60,31020309,Volvo S60 Sedan 2003-2009 US
Volvo,S60,,,Sedan,,,gen2,2011,三厢车,4623,1864,1483,21282,SD1,1361,1491,1199,-37,4533,3L,117,,,,S60,31021111,Volvo S60 Sedan 2011 US
Volvo,S60,,,Sedan,,,gen2,2012-2018,三厢车,4636,1864,1483,118842,SD1,1361,1491,1199,-37,4545,3L,104,,,,S60 | S60 Cross Country,31021218,Volvo S60 Sedan 2012-2018 US
Volvo,S60,,,Sedan,,,gen3,2019-2025,三厢车,4778,1849,1438,70499,SD1,1350,1479,1157,-43,4663,3XL-0,272,,,,S60,31021925,Volvo S60 Sedan 2019-2025 US
Volvo,S70,,,Sedan,,,gen1,1998-2000,三厢车,4722,1760,1448,93305,SD2,1760,1760,1147,130,4982,无可用尺码,,3L-0,插片指数超上限,10,S70,31089800,Volvo S70 Sedan 1998-2000 US
Volvo,S80,,,Sedan,,,gen1,1999-2004,三厢车,4821,1831,1453,118000,SD1,1337,1465,1161,-50,4686,3XL-0,229,,,,S80,31049904,Volvo S80 Sedan 1999-2004 US
Volvo,S80,,,Sedan,,,gen1,2005-2006,三厢车,4849,1831,1453,15662,SD1,1337,1465,1161,-50,4712,3XL-0,201,,,,S80,31040506,Volvo S80 Sedan 2005-2006 US
Volvo,S80,,,Sedan,,,gen2,2007-2016,三厢车,4854,1862,1494,53176,SD1,1359,1490,1207,-38,4746,3XL-0,196,,,,S80,31040716,Volvo S80 Sedan 2007-2016 US
Volvo,S90,,,Sedan,,,gen1,1997-1998,三厢车,4872,1750,1438,9000,SD2,1750,1750,1135,125,5122,无可用尺码,,3XL-0,插片指数超上限,5,S90,31119798,Volvo S90 Sedan 1997-1998 US
Volvo,S90,,,Sedan,,,gen2,2017,三厢车,4963,1880,1443,8640,SD1,1372,1504,1173,-31,4864,3XL-0,87,,,,S90,31111717,Volvo S90 Sedan 2017 US
Volvo,S90,,,Sedan,,,gen2,2021-2025,三厢车,5090,1895,1450,5705,SD1,1383,1516,1185,-25,4996,3XXL-550,410,,,,S90,31112125,Volvo S90 Sedan 2021-2025 US
Volvo,V40,,,Wagon,,,gen1,2000,两厢车,4481,1720,1410,5772,H2,1207,1290,1075,-126,4186,无可用尺码,,2L,超长,341,V40,31140000,Volvo V40 Wagon 2000 US
Volvo,V40,,,Wagon,,,gen1,2001,两厢车,4516,1717,1425,3307,H2,1205,1288,1086,-127,4216,无可用尺码,,2L,超长,376,V40,31140101,Volvo V40 Wagon 2001 US
Volvo,V40,,,Wagon,,,gen1,2002-2003,两厢车,4577,1717,1422,5678,H2,1205,1288,1084,-127,4272,无可用尺码,,2L,超长,437,V40,31140203,Volvo V40 Wagon 2002-2003 US
Volvo,V40,,,Wagon,,,gen1,2004,两厢车,4521,1717,1425,1513,H2,1205,1288,1086,-127,4220,无可用尺码,,2L,超长,381,V40,31140404,Volvo V40 Wagon 2004 US
Volvo,V50,,,Wagon,,,gen1,2005-2007,两厢车,4514,1770,1453,12697,H2,1243,1328,1130,-107,4262,无可用尺码,,2L,超长,374,V50,31130507,Volvo V50 Wagon 2005-2007 US
Volvo,V50,,,Wagon,,,gen1,2008-2009,两厢车,4521,1770,1458,4011,H2,1243,1328,1134,-107,4269,无可用尺码,,2L,超长,381,V50,31130809,Volvo V50 Wagon 2008-2009 US
Volvo,V60,,Cross Country,Wagon,,,gen1,2015-2018,两厢车,4638,1864,1544,21925,H2,1309,1398,1241,-73,4462,无可用尺码,,2L,超长,498,V60 | V60 Cross Country,31101518,Volvo V60 Cross Country Wagon 2015-2018 US
Volvo,V60,,,Wagon,,,gen2,2019-2026,两厢车,4788,1892,1504,23134,H2,1328,1419,1220,-63,4626,5XL,512,,,,V60 | V60 Cross Country,31101926,Volvo V60 Wagon 2019-2026 US
Volvo,V70,,,Hatchback,,,gen2,2001-2007,两厢车,4709,1803,1491,64675,H0,1295,1320,1188,-96,4491,无可用尺码,,2L,超长,569,V70,31050107,Volvo V70 Hatchback 2001-2007 US
Volvo,V70,,,Hatchback,,,gen3,2008-2010,两厢车,4823,1862,1547,5935,H0,1337,1363,1257,-75,4650,5XL,477,,,,V70,31050810,Volvo V70 Hatchback 2008-2010 US
Volvo,V70,,,Wagon,,,gen1,1998-2000,两厢车,4722,1760,1427,69595,H3,1343,1332,1096,-81,4528,无可用尺码,,5XL,超余量,578,V70,31059800,Volvo V70 Wagon 1998-2000 US
Volvo,V70,,XC,Wagon,,,gen1,1998-2000,两厢车,4729,1760,1481,14912,H3,1343,1332,1139,-81,4535,无可用尺码,,5XL,超余量,571,V70,31059800,Volvo V70 XC Wagon 1998-2000 US
Volvo,V90,,Cross Country,Wagon,,,gen2,2017-2026,两厢车,4958,1880,1542,13155,H2,1320,1410,1246,-68,4770,5XL,342,,,,V90 | V90 Cross Country,31151726,Volvo V90 Cross Country Wagon 2017-2026 US
Volvo,V90,,,Wagon,,,gen1,1997-1998,两厢车,4862,1750,1463,2700,H3,1335,1325,1120,-85,4649,5XL,438,,,,V90,31159798,Volvo V90 Wagon 1997-1998 US
Volvo,XC40,,,SUV,,,gen1,2019,越野车,4425,1910,1659,17654,SU1,1398,1425,1367,-44,4360,YM,205,,,,XC40,31071919,Volvo XC40 SUV 2019 US
Volvo,XC40,,,SUV,,,gen1,2020-2025,越野车,4440,1872,1651,91462,SU1,1370,1397,1345,-58,4339,YM,190,,,,XC40 | XC40 Recharge,31072025,Volvo XC40 SUV 2020-2025 US
Volvo,XC60,,,SUV,,,gen1,2010-2017,越野车,4628,1890,1712,152245,SU1,1383,1410,1402,-52,4529,YM,2,,,,XC60,31011017,Volvo XC60 SUV 2010-2017 US
Volvo,XC60,,,SUV,,,gen2,2018-2022,越野车,4689,1902,1659,173108,SU1,1392,1419,1364,-47,4597,YL,161,,,,XC60,31011822,Volvo XC60 SUV 2018-2022 US
Volvo,XC60,,,SUV,,,gen2,2023-2026,越野车,4709,1902,1656,140617,SU1,1392,1419,1362,-47,4615,YL,141,,,,XC60,31012326,Volvo XC60 SUV 2023-2026 US
Volvo,XC70,,,Wagon,,,gen1,2003-2007,两厢车,4732,1859,1562,65111,H2,1305,1394,1253,-75,4544,无可用尺码,,5XL,超余量,568,XC70,31060307,Volvo XC70 Wagon 2003-2007 US
Volvo,XC70,,,Wagon,,,gen2,2008-2016,两厢车,4839,1925,1603,53988,H2,1351,1444,1313,-51,4703,5XL,461,,,,XC70,31060816,Volvo XC70 Wagon 2008-2016 US
Volvo,XC90,,,SUV,,,gen1,2003,越野车,4798,1897,1783,35791,SU1,1389,1415,1463,-49,4693,YL,52,,,,XC90,31000303,Volvo XC90 SUV 2003 US
Volvo,XC90,,,SUV,,,gen1,2004-2014,越野车,4808,1935,1783,210630,SU1,1416,1444,1478,-35,4737,YL,42,,,,XC90,31000414,Volvo XC90 SUV 2004-2014 US
Volvo,XC90,,,SUV,,,gen2,2016-2026,越野车,4953,2009,1775,378132,SU1,1471,1499,1501,-8,4940,YXL,67,,,,XC90,31001626,Volvo XC90 SUV 2016-2026 US
