原子行号	压缩命中数	检查结果	压缩行号	命中尺码	压缩类型	MAKE	MODEL	YEAR	VERSION	CONST	CAB	BED_FT	BACKSIZE	命中压缩行
2	1	OK	2	PK-M+	皮卡	Cadillac	Escalade EXT	2002			Crew	5.3	PK-M+	2: Cadillac Escalade EXT 2002-2006   Crew 5.3 PK-M+
3	1	OK	2	PK-M+	皮卡	Cadillac	Escalade EXT	2003			Crew	5.3	PK-M+	2: Cadillac Escalade EXT 2002-2006   Crew 5.3 PK-M+
4	1	OK	2	PK-M+	皮卡	Cadillac	Escalade EXT	2004			Crew	5.3	PK-M+	2: Cadillac Escalade EXT 2002-2006   Crew 5.3 PK-M+
5	1	OK	2	PK-M+	皮卡	Cadillac	Escalade EXT	2005			Crew	5.3	PK-M+	2: Cadillac Escalade EXT 2002-2006   Crew 5.3 PK-M+
6	1	OK	2	PK-M+	皮卡	Cadillac	Escalade EXT	2006			Crew	5.3	PK-M+	2: Cadillac Escalade EXT 2002-2006   Crew 5.3 PK-M+
7	1	OK	3	PK-L	皮卡	Cadillac	Escalade EXT	2007			Crew	5.3	PK-L	3: Cadillac Escalade EXT 2007-2013   Crew 5.3 PK-L
8	1	OK	3	PK-L	皮卡	Cadillac	Escalade EXT	2008			Crew	5.3	PK-L	3: Cadillac Escalade EXT 2007-2013   Crew 5.3 PK-L
9	1	OK	3	PK-L	皮卡	Cadillac	Escalade EXT	2009			Crew	5.3	PK-L	3: Cadillac Escalade EXT 2007-2013   Crew 5.3 PK-L
10	1	OK	3	PK-L	皮卡	Cadillac	Escalade EXT	2010			Crew	5.3	PK-L	3: Cadillac Escalade EXT 2007-2013   Crew 5.3 PK-L
11	1	OK	3	PK-L	皮卡	Cadillac	Escalade EXT	2011			Crew	5.3	PK-L	3: Cadillac Escalade EXT 2007-2013   Crew 5.3 PK-L
12	1	OK	3	PK-L	皮卡	Cadillac	Escalade EXT	2012			Crew	5.3	PK-L	3: Cadillac Escalade EXT 2007-2013   Crew 5.3 PK-L
13	1	OK	3	PK-L	皮卡	Cadillac	Escalade EXT	2013			Crew	5.3	PK-L	3: Cadillac Escalade EXT 2007-2013   Crew 5.3 PK-L
14	1	OK	4	PK-M+	皮卡	Chevrolet	Avalanche	2002	1500		Crew	5.3	PK-M+	4: Chevrolet Avalanche 2002-2013 1500/2500  Crew 5.3 PK-M+
15	1	OK	4	PK-M+	皮卡	Chevrolet	Avalanche	2002	2500		Crew	5.3	PK-M+	4: Chevrolet Avalanche 2002-2013 1500/2500  Crew 5.3 PK-M+
16	1	OK	4	PK-M+	皮卡	Chevrolet	Avalanche	2003	1500		Crew	5.3	PK-M+	4: Chevrolet Avalanche 2002-2013 1500/2500  Crew 5.3 PK-M+
17	1	OK	4	PK-M+	皮卡	Chevrolet	Avalanche	2003	2500		Crew	5.3	PK-M+	4: Chevrolet Avalanche 2002-2013 1500/2500  Crew 5.3 PK-M+
18	1	OK	4	PK-M+	皮卡	Chevrolet	Avalanche	2004	1500		Crew	5.3	PK-M+	4: Chevrolet Avalanche 2002-2013 1500/2500  Crew 5.3 PK-M+
19	1	OK	4	PK-M+	皮卡	Chevrolet	Avalanche	2004	2500		Crew	5.3	PK-M+	4: Chevrolet Avalanche 2002-2013 1500/2500  Crew 5.3 PK-M+
20	1	OK	4	PK-M+	皮卡	Chevrolet	Avalanche	2005	1500		Crew	5.3	PK-M+	4: Chevrolet Avalanche 2002-2013 1500/2500  Crew 5.3 PK-M+
21	1	OK	4	PK-M+	皮卡	Chevrolet	Avalanche	2005	2500		Crew	5.3	PK-M+	4: Chevrolet Avalanche 2002-2013 1500/2500  Crew 5.3 PK-M+
22	1	OK	4	PK-M+	皮卡	Chevrolet	Avalanche	2006	1500		Crew	5.3	PK-M+	4: Chevrolet Avalanche 2002-2013 1500/2500  Crew 5.3 PK-M+
23	1	OK	4	PK-M+	皮卡	Chevrolet	Avalanche	2006	2500		Crew	5.3	PK-M+	4: Chevrolet Avalanche 2002-2013 1500/2500  Crew 5.3 PK-M+
24	1	OK	4	PK-M+	皮卡	Chevrolet	Avalanche	2007	1500		Crew	5.3	PK-M+	4: Chevrolet Avalanche 2002-2013 1500/2500  Crew 5.3 PK-M+
25	1	OK	4	PK-M+	皮卡	Chevrolet	Avalanche	2008	1500		Crew	5.3	PK-M+	4: Chevrolet Avalanche 2002-2013 1500/2500  Crew 5.3 PK-M+
26	1	OK	4	PK-M+	皮卡	Chevrolet	Avalanche	2009	1500		Crew	5.3	PK-M+	4: Chevrolet Avalanche 2002-2013 1500/2500  Crew 5.3 PK-M+
27	1	OK	4	PK-M+	皮卡	Chevrolet	Avalanche	2010	1500		Crew	5.3	PK-M+	4: Chevrolet Avalanche 2002-2013 1500/2500  Crew 5.3 PK-M+
28	1	OK	4	PK-M+	皮卡	Chevrolet	Avalanche	2011	1500		Crew	5.3	PK-M+	4: Chevrolet Avalanche 2002-2013 1500/2500  Crew 5.3 PK-M+
29	1	OK	4	PK-M+	皮卡	Chevrolet	Avalanche	2012	1500		Crew	5.3	PK-M+	4: Chevrolet Avalanche 2002-2013 1500/2500  Crew 5.3 PK-M+
30	1	OK	4	PK-M+	皮卡	Chevrolet	Avalanche	2013	1500		Crew	5.3	PK-M+	4: Chevrolet Avalanche 2002-2013 1500/2500  Crew 5.3 PK-M+
31	1	OK	24	PK-M	皮卡	Chevrolet	C/K	1960			Regular	8	PK-M	24: Chevrolet C/K 1960-1972   Regular 8 PK-M
32	1	OK	5	PK-M+	皮卡	Chevrolet	C/K	1960			Regular	9	PK-M+	5: Chevrolet C/K 1960-1972 Incl: Longhorn  Regular 8.5-9 PK-M+
33	1	OK	23	无可用尺码	皮卡	Chevrolet	C/K	1960			Regular	6.5	无可用尺码	23: Chevrolet C/K 1960-1972   Regular 6.5 无可用尺码
34	1	OK	24	PK-M	皮卡	Chevrolet	C/K	1961			Regular	8	PK-M	24: Chevrolet C/K 1960-1972   Regular 8 PK-M
35	1	OK	5	PK-M+	皮卡	Chevrolet	C/K	1961			Regular	9	PK-M+	5: Chevrolet C/K 1960-1972 Incl: Longhorn  Regular 8.5-9 PK-M+
36	1	OK	23	无可用尺码	皮卡	Chevrolet	C/K	1961			Regular	6.5	无可用尺码	23: Chevrolet C/K 1960-1972   Regular 6.5 无可用尺码
37	1	OK	24	PK-M	皮卡	Chevrolet	C/K	1962			Regular	8	PK-M	24: Chevrolet C/K 1960-1972   Regular 8 PK-M
38	1	OK	5	PK-M+	皮卡	Chevrolet	C/K	1962			Regular	9	PK-M+	5: Chevrolet C/K 1960-1972 Incl: Longhorn  Regular 8.5-9 PK-M+
39	1	OK	23	无可用尺码	皮卡	Chevrolet	C/K	1962			Regular	6.5	无可用尺码	23: Chevrolet C/K 1960-1972   Regular 6.5 无可用尺码
40	1	OK	24	PK-M	皮卡	Chevrolet	C/K	1963			Regular	8	PK-M	24: Chevrolet C/K 1960-1972   Regular 8 PK-M
41	1	OK	5	PK-M+	皮卡	Chevrolet	C/K	1963			Regular	9	PK-M+	5: Chevrolet C/K 1960-1972 Incl: Longhorn  Regular 8.5-9 PK-M+
42	1	OK	23	无可用尺码	皮卡	Chevrolet	C/K	1963			Regular	6.5	无可用尺码	23: Chevrolet C/K 1960-1972   Regular 6.5 无可用尺码
43	1	OK	24	PK-M	皮卡	Chevrolet	C/K	1964			Regular	8	PK-M	24: Chevrolet C/K 1960-1972   Regular 8 PK-M
44	1	OK	5	PK-M+	皮卡	Chevrolet	C/K	1964			Regular	9	PK-M+	5: Chevrolet C/K 1960-1972 Incl: Longhorn  Regular 8.5-9 PK-M+
45	1	OK	23	无可用尺码	皮卡	Chevrolet	C/K	1964			Regular	6.5	无可用尺码	23: Chevrolet C/K 1960-1972   Regular 6.5 无可用尺码
46	1	OK	24	PK-M	皮卡	Chevrolet	C/K	1965			Regular	8	PK-M	24: Chevrolet C/K 1960-1972   Regular 8 PK-M
47	1	OK	5	PK-M+	皮卡	Chevrolet	C/K	1965			Regular	9	PK-M+	5: Chevrolet C/K 1960-1972 Incl: Longhorn  Regular 8.5-9 PK-M+
48	1	OK	23	无可用尺码	皮卡	Chevrolet	C/K	1965			Regular	6.5	无可用尺码	23: Chevrolet C/K 1960-1972   Regular 6.5 无可用尺码
49	1	OK	24	PK-M	皮卡	Chevrolet	C/K	1966			Regular	8	PK-M	24: Chevrolet C/K 1960-1972   Regular 8 PK-M
50	1	OK	5	PK-M+	皮卡	Chevrolet	C/K	1966			Regular	9	PK-M+	5: Chevrolet C/K 1960-1972 Incl: Longhorn  Regular 8.5-9 PK-M+
51	1	OK	23	无可用尺码	皮卡	Chevrolet	C/K	1966			Regular	6.5	无可用尺码	23: Chevrolet C/K 1960-1972   Regular 6.5 无可用尺码
52	1	OK	24	PK-M	皮卡	Chevrolet	C/K	1967			Regular	8	PK-M	24: Chevrolet C/K 1960-1972   Regular 8 PK-M
53	1	OK	5	PK-M+	皮卡	Chevrolet	C/K	1967			Regular	9	PK-M+	5: Chevrolet C/K 1960-1972 Incl: Longhorn  Regular 8.5-9 PK-M+
54	1	OK	23	无可用尺码	皮卡	Chevrolet	C/K	1967			Regular	6.5	无可用尺码	23: Chevrolet C/K 1960-1972   Regular 6.5 无可用尺码
55	1	OK	24	PK-M	皮卡	Chevrolet	C/K	1968			Regular	8	PK-M	24: Chevrolet C/K 1960-1972   Regular 8 PK-M
56	1	OK	5	PK-M+	皮卡	Chevrolet	C/K	1968	Longhorn		Regular	8.5	PK-M+	5: Chevrolet C/K 1960-1972 Incl: Longhorn  Regular 8.5-9 PK-M+
57	1	OK	5	PK-M+	皮卡	Chevrolet	C/K	1968			Regular	9	PK-M+	5: Chevrolet C/K 1960-1972 Incl: Longhorn  Regular 8.5-9 PK-M+
58	1	OK	23	无可用尺码	皮卡	Chevrolet	C/K	1968			Regular	6.5	无可用尺码	23: Chevrolet C/K 1960-1972   Regular 6.5 无可用尺码
59	1	OK	24	PK-M	皮卡	Chevrolet	C/K	1969			Regular	8	PK-M	24: Chevrolet C/K 1960-1972   Regular 8 PK-M
60	1	OK	5	PK-M+	皮卡	Chevrolet	C/K	1969	Longhorn		Regular	8.5	PK-M+	5: Chevrolet C/K 1960-1972 Incl: Longhorn  Regular 8.5-9 PK-M+
61	1	OK	5	PK-M+	皮卡	Chevrolet	C/K	1969			Regular	9	PK-M+	5: Chevrolet C/K 1960-1972 Incl: Longhorn  Regular 8.5-9 PK-M+
62	1	OK	23	无可用尺码	皮卡	Chevrolet	C/K	1969			Regular	6.5	无可用尺码	23: Chevrolet C/K 1960-1972   Regular 6.5 无可用尺码
63	1	OK	24	PK-M	皮卡	Chevrolet	C/K	1970			Regular	8	PK-M	24: Chevrolet C/K 1960-1972   Regular 8 PK-M
64	1	OK	5	PK-M+	皮卡	Chevrolet	C/K	1970	Longhorn		Regular	8.5	PK-M+	5: Chevrolet C/K 1960-1972 Incl: Longhorn  Regular 8.5-9 PK-M+
65	1	OK	5	PK-M+	皮卡	Chevrolet	C/K	1970			Regular	9	PK-M+	5: Chevrolet C/K 1960-1972 Incl: Longhorn  Regular 8.5-9 PK-M+
66	1	OK	23	无可用尺码	皮卡	Chevrolet	C/K	1970			Regular	6.5	无可用尺码	23: Chevrolet C/K 1960-1972   Regular 6.5 无可用尺码
67	1	OK	24	PK-M	皮卡	Chevrolet	C/K	1971			Regular	8	PK-M	24: Chevrolet C/K 1960-1972   Regular 8 PK-M
68	1	OK	5	PK-M+	皮卡	Chevrolet	C/K	1971	Longhorn		Regular	8.5	PK-M+	5: Chevrolet C/K 1960-1972 Incl: Longhorn  Regular 8.5-9 PK-M+
69	1	OK	5	PK-M+	皮卡	Chevrolet	C/K	1971			Regular	9	PK-M+	5: Chevrolet C/K 1960-1972 Incl: Longhorn  Regular 8.5-9 PK-M+
70	1	OK	23	无可用尺码	皮卡	Chevrolet	C/K	1971			Regular	6.5	无可用尺码	23: Chevrolet C/K 1960-1972   Regular 6.5 无可用尺码
71	1	OK	24	PK-M	皮卡	Chevrolet	C/K	1972			Regular	8	PK-M	24: Chevrolet C/K 1960-1972   Regular 8 PK-M
72	1	OK	5	PK-M+	皮卡	Chevrolet	C/K	1972	Longhorn		Regular	8.5	PK-M+	5: Chevrolet C/K 1960-1972 Incl: Longhorn  Regular 8.5-9 PK-M+
73	1	OK	5	PK-M+	皮卡	Chevrolet	C/K	1972			Regular	9	PK-M+	5: Chevrolet C/K 1960-1972 Incl: Longhorn  Regular 8.5-9 PK-M+
74	1	OK	23	无可用尺码	皮卡	Chevrolet	C/K	1972			Regular	6.5	无可用尺码	23: Chevrolet C/K 1960-1972   Regular 6.5 无可用尺码
75	1	OK	7	PK-M	皮卡	Chevrolet	C/K	1973			Regular	6.5	PK-M	7: Chevrolet C/K 1973-1998 Incl: R/V  Regular 6.5 PK-M
76	1	OK	8	PK-M+	皮卡	Chevrolet	C/K	1973			Regular	8	PK-M+	8: Chevrolet C/K 1973-2000 Incl: Classic/Classic DRW/DRW/R/V/R/V DRW  Regular 8 PK-M+
77	1	OK	8	PK-M+	皮卡	Chevrolet	C/K	1973	DRW		Regular	8	PK-M+	8: Chevrolet C/K 1973-2000 Incl: Classic/Classic DRW/DRW/R/V/R/V DRW  Regular 8 PK-M+
78	1	OK	6	PK-XXL	皮卡	Chevrolet	C/K	1973			Crew	8	PK-XXL	6: Chevrolet C/K 1973-1991 Incl: DRW/R/V/R/V DRW  Crew 8 PK-XXL
79	1	OK	6	PK-XXL	皮卡	Chevrolet	C/K	1973	DRW		Crew	8	PK-XXL	6: Chevrolet C/K 1973-1991 Incl: DRW/R/V/R/V DRW  Crew 8 PK-XXL
80	1	OK	7	PK-M	皮卡	Chevrolet	C/K	1974			Regular	6.5	PK-M	7: Chevrolet C/K 1973-1998 Incl: R/V  Regular 6.5 PK-M
81	1	OK	8	PK-M+	皮卡	Chevrolet	C/K	1974			Regular	8	PK-M+	8: Chevrolet C/K 1973-2000 Incl: Classic/Classic DRW/DRW/R/V/R/V DRW  Regular 8 PK-M+
82	1	OK	8	PK-M+	皮卡	Chevrolet	C/K	1974	DRW		Regular	8	PK-M+	8: Chevrolet C/K 1973-2000 Incl: Classic/Classic DRW/DRW/R/V/R/V DRW  Regular 8 PK-M+
83	1	OK	6	PK-XXL	皮卡	Chevrolet	C/K	1974			Crew	8	PK-XXL	6: Chevrolet C/K 1973-1991 Incl: DRW/R/V/R/V DRW  Crew 8 PK-XXL
84	1	OK	6	PK-XXL	皮卡	Chevrolet	C/K	1974	DRW		Crew	8	PK-XXL	6: Chevrolet C/K 1973-1991 Incl: DRW/R/V/R/V DRW  Crew 8 PK-XXL
85	1	OK	7	PK-M	皮卡	Chevrolet	C/K	1975			Regular	6.5	PK-M	7: Chevrolet C/K 1973-1998 Incl: R/V  Regular 6.5 PK-M
86	1	OK	8	PK-M+	皮卡	Chevrolet	C/K	1975			Regular	8	PK-M+	8: Chevrolet C/K 1973-2000 Incl: Classic/Classic DRW/DRW/R/V/R/V DRW  Regular 8 PK-M+
87	1	OK	8	PK-M+	皮卡	Chevrolet	C/K	1975	DRW		Regular	8	PK-M+	8: Chevrolet C/K 1973-2000 Incl: Classic/Classic DRW/DRW/R/V/R/V DRW  Regular 8 PK-M+
88	1	OK	6	PK-XXL	皮卡	Chevrolet	C/K	1975			Crew	8	PK-XXL	6: Chevrolet C/K 1973-1991 Incl: DRW/R/V/R/V DRW  Crew 8 PK-XXL
89	1	OK	6	PK-XXL	皮卡	Chevrolet	C/K	1975	DRW		Crew	8	PK-XXL	6: Chevrolet C/K 1973-1991 Incl: DRW/R/V/R/V DRW  Crew 8 PK-XXL
90	1	OK	7	PK-M	皮卡	Chevrolet	C/K	1976			Regular	6.5	PK-M	7: Chevrolet C/K 1973-1998 Incl: R/V  Regular 6.5 PK-M
91	1	OK	8	PK-M+	皮卡	Chevrolet	C/K	1976			Regular	8	PK-M+	8: Chevrolet C/K 1973-2000 Incl: Classic/Classic DRW/DRW/R/V/R/V DRW  Regular 8 PK-M+
92	1	OK	8	PK-M+	皮卡	Chevrolet	C/K	1976	DRW		Regular	8	PK-M+	8: Chevrolet C/K 1973-2000 Incl: Classic/Classic DRW/DRW/R/V/R/V DRW  Regular 8 PK-M+
93	1	OK	6	PK-XXL	皮卡	Chevrolet	C/K	1976			Crew	8	PK-XXL	6: Chevrolet C/K 1973-1991 Incl: DRW/R/V/R/V DRW  Crew 8 PK-XXL
94	1	OK	6	PK-XXL	皮卡	Chevrolet	C/K	1976	DRW		Crew	8	PK-XXL	6: Chevrolet C/K 1973-1991 Incl: DRW/R/V/R/V DRW  Crew 8 PK-XXL
95	1	OK	7	PK-M	皮卡	Chevrolet	C/K	1977			Regular	6.5	PK-M	7: Chevrolet C/K 1973-1998 Incl: R/V  Regular 6.5 PK-M
96	1	OK	8	PK-M+	皮卡	Chevrolet	C/K	1977			Regular	8	PK-M+	8: Chevrolet C/K 1973-2000 Incl: Classic/Classic DRW/DRW/R/V/R/V DRW  Regular 8 PK-M+
97	1	OK	8	PK-M+	皮卡	Chevrolet	C/K	1977	DRW		Regular	8	PK-M+	8: Chevrolet C/K 1973-2000 Incl: Classic/Classic DRW/DRW/R/V/R/V DRW  Regular 8 PK-M+
98	1	OK	6	PK-XXL	皮卡	Chevrolet	C/K	1977			Crew	8	PK-XXL	6: Chevrolet C/K 1973-1991 Incl: DRW/R/V/R/V DRW  Crew 8 PK-XXL
99	1	OK	6	PK-XXL	皮卡	Chevrolet	C/K	1977	DRW		Crew	8	PK-XXL	6: Chevrolet C/K 1973-1991 Incl: DRW/R/V/R/V DRW  Crew 8 PK-XXL
100	1	OK	7	PK-M	皮卡	Chevrolet	C/K	1978			Regular	6.5	PK-M	7: Chevrolet C/K 1973-1998 Incl: R/V  Regular 6.5 PK-M
101	1	OK	8	PK-M+	皮卡	Chevrolet	C/K	1978			Regular	8	PK-M+	8: Chevrolet C/K 1973-2000 Incl: Classic/Classic DRW/DRW/R/V/R/V DRW  Regular 8 PK-M+
102	1	OK	8	PK-M+	皮卡	Chevrolet	C/K	1978	DRW		Regular	8	PK-M+	8: Chevrolet C/K 1973-2000 Incl: Classic/Classic DRW/DRW/R/V/R/V DRW  Regular 8 PK-M+
103	1	OK	6	PK-XXL	皮卡	Chevrolet	C/K	1978			Crew	8	PK-XXL	6: Chevrolet C/K 1973-1991 Incl: DRW/R/V/R/V DRW  Crew 8 PK-XXL
104	1	OK	6	PK-XXL	皮卡	Chevrolet	C/K	1978	DRW		Crew	8	PK-XXL	6: Chevrolet C/K 1973-1991 Incl: DRW/R/V/R/V DRW  Crew 8 PK-XXL
105	1	OK	7	PK-M	皮卡	Chevrolet	C/K	1979			Regular	6.5	PK-M	7: Chevrolet C/K 1973-1998 Incl: R/V  Regular 6.5 PK-M
106	1	OK	8	PK-M+	皮卡	Chevrolet	C/K	1979			Regular	8	PK-M+	8: Chevrolet C/K 1973-2000 Incl: Classic/Classic DRW/DRW/R/V/R/V DRW  Regular 8 PK-M+
107	1	OK	8	PK-M+	皮卡	Chevrolet	C/K	1979	DRW		Regular	8	PK-M+	8: Chevrolet C/K 1973-2000 Incl: Classic/Classic DRW/DRW/R/V/R/V DRW  Regular 8 PK-M+
108	1	OK	6	PK-XXL	皮卡	Chevrolet	C/K	1979			Crew	8	PK-XXL	6: Chevrolet C/K 1973-1991 Incl: DRW/R/V/R/V DRW  Crew 8 PK-XXL
109	1	OK	6	PK-XXL	皮卡	Chevrolet	C/K	1979	DRW		Crew	8	PK-XXL	6: Chevrolet C/K 1973-1991 Incl: DRW/R/V/R/V DRW  Crew 8 PK-XXL
110	1	OK	7	PK-M	皮卡	Chevrolet	C/K	1980			Regular	6.5	PK-M	7: Chevrolet C/K 1973-1998 Incl: R/V  Regular 6.5 PK-M
111	1	OK	8	PK-M+	皮卡	Chevrolet	C/K	1980			Regular	8	PK-M+	8: Chevrolet C/K 1973-2000 Incl: Classic/Classic DRW/DRW/R/V/R/V DRW  Regular 8 PK-M+
112	1	OK	8	PK-M+	皮卡	Chevrolet	C/K	1980	DRW		Regular	8	PK-M+	8: Chevrolet C/K 1973-2000 Incl: Classic/Classic DRW/DRW/R/V/R/V DRW  Regular 8 PK-M+
113	1	OK	6	PK-XXL	皮卡	Chevrolet	C/K	1980			Crew	8	PK-XXL	6: Chevrolet C/K 1973-1991 Incl: DRW/R/V/R/V DRW  Crew 8 PK-XXL
114	1	OK	6	PK-XXL	皮卡	Chevrolet	C/K	1980	DRW		Crew	8	PK-XXL	6: Chevrolet C/K 1973-1991 Incl: DRW/R/V/R/V DRW  Crew 8 PK-XXL
115	1	OK	7	PK-M	皮卡	Chevrolet	C/K	1981			Regular	6.5	PK-M	7: Chevrolet C/K 1973-1998 Incl: R/V  Regular 6.5 PK-M
116	1	OK	8	PK-M+	皮卡	Chevrolet	C/K	1981			Regular	8	PK-M+	8: Chevrolet C/K 1973-2000 Incl: Classic/Classic DRW/DRW/R/V/R/V DRW  Regular 8 PK-M+
117	1	OK	8	PK-M+	皮卡	Chevrolet	C/K	1981	DRW		Regular	8	PK-M+	8: Chevrolet C/K 1973-2000 Incl: Classic/Classic DRW/DRW/R/V/R/V DRW  Regular 8 PK-M+
118	1	OK	6	PK-XXL	皮卡	Chevrolet	C/K	1981			Crew	8	PK-XXL	6: Chevrolet C/K 1973-1991 Incl: DRW/R/V/R/V DRW  Crew 8 PK-XXL
119	1	OK	6	PK-XXL	皮卡	Chevrolet	C/K	1981	DRW		Crew	8	PK-XXL	6: Chevrolet C/K 1973-1991 Incl: DRW/R/V/R/V DRW  Crew 8 PK-XXL
120	1	OK	7	PK-M	皮卡	Chevrolet	C/K	1982			Regular	6.5	PK-M	7: Chevrolet C/K 1973-1998 Incl: R/V  Regular 6.5 PK-M
121	1	OK	8	PK-M+	皮卡	Chevrolet	C/K	1982			Regular	8	PK-M+	8: Chevrolet C/K 1973-2000 Incl: Classic/Classic DRW/DRW/R/V/R/V DRW  Regular 8 PK-M+
122	1	OK	8	PK-M+	皮卡	Chevrolet	C/K	1982	DRW		Regular	8	PK-M+	8: Chevrolet C/K 1973-2000 Incl: Classic/Classic DRW/DRW/R/V/R/V DRW  Regular 8 PK-M+
123	1	OK	6	PK-XXL	皮卡	Chevrolet	C/K	1982			Crew	8	PK-XXL	6: Chevrolet C/K 1973-1991 Incl: DRW/R/V/R/V DRW  Crew 8 PK-XXL
124	1	OK	6	PK-XXL	皮卡	Chevrolet	C/K	1982	DRW		Crew	8	PK-XXL	6: Chevrolet C/K 1973-1991 Incl: DRW/R/V/R/V DRW  Crew 8 PK-XXL
125	1	OK	7	PK-M	皮卡	Chevrolet	C/K	1983			Regular	6.5	PK-M	7: Chevrolet C/K 1973-1998 Incl: R/V  Regular 6.5 PK-M
126	1	OK	8	PK-M+	皮卡	Chevrolet	C/K	1983			Regular	8	PK-M+	8: Chevrolet C/K 1973-2000 Incl: Classic/Classic DRW/DRW/R/V/R/V DRW  Regular 8 PK-M+
127	1	OK	8	PK-M+	皮卡	Chevrolet	C/K	1983	DRW		Regular	8	PK-M+	8: Chevrolet C/K 1973-2000 Incl: Classic/Classic DRW/DRW/R/V/R/V DRW  Regular 8 PK-M+
128	1	OK	6	PK-XXL	皮卡	Chevrolet	C/K	1983			Crew	8	PK-XXL	6: Chevrolet C/K 1973-1991 Incl: DRW/R/V/R/V DRW  Crew 8 PK-XXL
129	1	OK	6	PK-XXL	皮卡	Chevrolet	C/K	1983	DRW		Crew	8	PK-XXL	6: Chevrolet C/K 1973-1991 Incl: DRW/R/V/R/V DRW  Crew 8 PK-XXL
130	1	OK	7	PK-M	皮卡	Chevrolet	C/K	1984			Regular	6.5	PK-M	7: Chevrolet C/K 1973-1998 Incl: R/V  Regular 6.5 PK-M
131	1	OK	8	PK-M+	皮卡	Chevrolet	C/K	1984			Regular	8	PK-M+	8: Chevrolet C/K 1973-2000 Incl: Classic/Classic DRW/DRW/R/V/R/V DRW  Regular 8 PK-M+
132	1	OK	8	PK-M+	皮卡	Chevrolet	C/K	1984	DRW		Regular	8	PK-M+	8: Chevrolet C/K 1973-2000 Incl: Classic/Classic DRW/DRW/R/V/R/V DRW  Regular 8 PK-M+
133	1	OK	6	PK-XXL	皮卡	Chevrolet	C/K	1984			Crew	8	PK-XXL	6: Chevrolet C/K 1973-1991 Incl: DRW/R/V/R/V DRW  Crew 8 PK-XXL
134	1	OK	6	PK-XXL	皮卡	Chevrolet	C/K	1984	DRW		Crew	8	PK-XXL	6: Chevrolet C/K 1973-1991 Incl: DRW/R/V/R/V DRW  Crew 8 PK-XXL
135	1	OK	7	PK-M	皮卡	Chevrolet	C/K	1985			Regular	6.5	PK-M	7: Chevrolet C/K 1973-1998 Incl: R/V  Regular 6.5 PK-M
136	1	OK	8	PK-M+	皮卡	Chevrolet	C/K	1985			Regular	8	PK-M+	8: Chevrolet C/K 1973-2000 Incl: Classic/Classic DRW/DRW/R/V/R/V DRW  Regular 8 PK-M+
137	1	OK	8	PK-M+	皮卡	Chevrolet	C/K	1985	DRW		Regular	8	PK-M+	8: Chevrolet C/K 1973-2000 Incl: Classic/Classic DRW/DRW/R/V/R/V DRW  Regular 8 PK-M+
138	1	OK	6	PK-XXL	皮卡	Chevrolet	C/K	1985			Crew	8	PK-XXL	6: Chevrolet C/K 1973-1991 Incl: DRW/R/V/R/V DRW  Crew 8 PK-XXL
139	1	OK	6	PK-XXL	皮卡	Chevrolet	C/K	1985	DRW		Crew	8	PK-XXL	6: Chevrolet C/K 1973-1991 Incl: DRW/R/V/R/V DRW  Crew 8 PK-XXL
140	1	OK	7	PK-M	皮卡	Chevrolet	C/K	1986			Regular	6.5	PK-M	7: Chevrolet C/K 1973-1998 Incl: R/V  Regular 6.5 PK-M
141	1	OK	8	PK-M+	皮卡	Chevrolet	C/K	1986			Regular	8	PK-M+	8: Chevrolet C/K 1973-2000 Incl: Classic/Classic DRW/DRW/R/V/R/V DRW  Regular 8 PK-M+
142	1	OK	8	PK-M+	皮卡	Chevrolet	C/K	1986	DRW		Regular	8	PK-M+	8: Chevrolet C/K 1973-2000 Incl: Classic/Classic DRW/DRW/R/V/R/V DRW  Regular 8 PK-M+
143	1	OK	6	PK-XXL	皮卡	Chevrolet	C/K	1986			Crew	8	PK-XXL	6: Chevrolet C/K 1973-1991 Incl: DRW/R/V/R/V DRW  Crew 8 PK-XXL
144	1	OK	6	PK-XXL	皮卡	Chevrolet	C/K	1986	DRW		Crew	8	PK-XXL	6: Chevrolet C/K 1973-1991 Incl: DRW/R/V/R/V DRW  Crew 8 PK-XXL
145	1	OK	7	PK-M	皮卡	Chevrolet	C/K	1987	R/V		Regular	6.5	PK-M	7: Chevrolet C/K 1973-1998 Incl: R/V  Regular 6.5 PK-M
146	1	OK	8	PK-M+	皮卡	Chevrolet	C/K	1987	R/V		Regular	8	PK-M+	8: Chevrolet C/K 1973-2000 Incl: Classic/Classic DRW/DRW/R/V/R/V DRW  Regular 8 PK-M+
147	1	OK	8	PK-M+	皮卡	Chevrolet	C/K	1987	R/V DRW		Regular	8	PK-M+	8: Chevrolet C/K 1973-2000 Incl: Classic/Classic DRW/DRW/R/V/R/V DRW  Regular 8 PK-M+
148	1	OK	6	PK-XXL	皮卡	Chevrolet	C/K	1987	R/V		Crew	8	PK-XXL	6: Chevrolet C/K 1973-1991 Incl: DRW/R/V/R/V DRW  Crew 8 PK-XXL
149	1	OK	6	PK-XXL	皮卡	Chevrolet	C/K	1987	R/V DRW		Crew	8	PK-XXL	6: Chevrolet C/K 1973-1991 Incl: DRW/R/V/R/V DRW  Crew 8 PK-XXL
150	1	OK	7	PK-M	皮卡	Chevrolet	C/K	1988			Regular	6.5	PK-M	7: Chevrolet C/K 1973-1998 Incl: R/V  Regular 6.5 PK-M
151	1	OK	7	PK-M	皮卡	Chevrolet	C/K	1988	R/V		Regular	6.5	PK-M	7: Chevrolet C/K 1973-1998 Incl: R/V  Regular 6.5 PK-M
152	1	OK	8	PK-M+	皮卡	Chevrolet	C/K	1988			Regular	8	PK-M+	8: Chevrolet C/K 1973-2000 Incl: Classic/Classic DRW/DRW/R/V/R/V DRW  Regular 8 PK-M+
153	1	OK	8	PK-M+	皮卡	Chevrolet	C/K	1988	DRW		Regular	8	PK-M+	8: Chevrolet C/K 1973-2000 Incl: Classic/Classic DRW/DRW/R/V/R/V DRW  Regular 8 PK-M+
154	1	OK	8	PK-M+	皮卡	Chevrolet	C/K	1988	R/V		Regular	8	PK-M+	8: Chevrolet C/K 1973-2000 Incl: Classic/Classic DRW/DRW/R/V/R/V DRW  Regular 8 PK-M+
155	1	OK	8	PK-M+	皮卡	Chevrolet	C/K	1988	R/V DRW		Regular	8	PK-M+	8: Chevrolet C/K 1973-2000 Incl: Classic/Classic DRW/DRW/R/V/R/V DRW  Regular 8 PK-M+
156	1	OK	9	PK-XL	皮卡	Chevrolet	C/K	1988			Extended	8	PK-XL	9: Chevrolet C/K 1988-2000 Incl: Classic/Classic DRW/DRW  Extended 8 PK-XL
157	1	OK	9	PK-XL	皮卡	Chevrolet	C/K	1988	DRW		Extended	8	PK-XL	9: Chevrolet C/K 1988-2000 Incl: Classic/Classic DRW/DRW  Extended 8 PK-XL
158	1	OK	6	PK-XXL	皮卡	Chevrolet	C/K	1988	R/V		Crew	8	PK-XXL	6: Chevrolet C/K 1973-1991 Incl: DRW/R/V/R/V DRW  Crew 8 PK-XXL
159	1	OK	6	PK-XXL	皮卡	Chevrolet	C/K	1988	R/V DRW		Crew	8	PK-XXL	6: Chevrolet C/K 1973-1991 Incl: DRW/R/V/R/V DRW  Crew 8 PK-XXL
160	1	OK	7	PK-M	皮卡	Chevrolet	C/K	1989			Regular	6.5	PK-M	7: Chevrolet C/K 1973-1998 Incl: R/V  Regular 6.5 PK-M
161	1	OK	10	PK-M+	皮卡	Chevrolet	C/K	1989			Extended	6.5	PK-M+	10: Chevrolet C/K 1989-1999 Incl: Classic  Extended 6.5 PK-M+
162	1	OK	8	PK-M+	皮卡	Chevrolet	C/K	1989			Regular	8	PK-M+	8: Chevrolet C/K 1973-2000 Incl: Classic/Classic DRW/DRW/R/V/R/V DRW  Regular 8 PK-M+
163	1	OK	8	PK-M+	皮卡	Chevrolet	C/K	1989	DRW		Regular	8	PK-M+	8: Chevrolet C/K 1973-2000 Incl: Classic/Classic DRW/DRW/R/V/R/V DRW  Regular 8 PK-M+
164	1	OK	9	PK-XL	皮卡	Chevrolet	C/K	1989			Extended	8	PK-XL	9: Chevrolet C/K 1988-2000 Incl: Classic/Classic DRW/DRW  Extended 8 PK-XL
165	1	OK	9	PK-XL	皮卡	Chevrolet	C/K	1989	DRW		Extended	8	PK-XL	9: Chevrolet C/K 1988-2000 Incl: Classic/Classic DRW/DRW  Extended 8 PK-XL
166	1	OK	6	PK-XXL	皮卡	Chevrolet	C/K	1989	R/V		Crew	8	PK-XXL	6: Chevrolet C/K 1973-1991 Incl: DRW/R/V/R/V DRW  Crew 8 PK-XXL
167	1	OK	6	PK-XXL	皮卡	Chevrolet	C/K	1989	R/V DRW		Crew	8	PK-XXL	6: Chevrolet C/K 1973-1991 Incl: DRW/R/V/R/V DRW  Crew 8 PK-XXL
168	1	OK	7	PK-M	皮卡	Chevrolet	C/K	1990			Regular	6.5	PK-M	7: Chevrolet C/K 1973-1998 Incl: R/V  Regular 6.5 PK-M
169	1	OK	10	PK-M+	皮卡	Chevrolet	C/K	1990			Extended	6.5	PK-M+	10: Chevrolet C/K 1989-1999 Incl: Classic  Extended 6.5 PK-M+
170	1	OK	8	PK-M+	皮卡	Chevrolet	C/K	1990			Regular	8	PK-M+	8: Chevrolet C/K 1973-2000 Incl: Classic/Classic DRW/DRW/R/V/R/V DRW  Regular 8 PK-M+
171	1	OK	8	PK-M+	皮卡	Chevrolet	C/K	1990	DRW		Regular	8	PK-M+	8: Chevrolet C/K 1973-2000 Incl: Classic/Classic DRW/DRW/R/V/R/V DRW  Regular 8 PK-M+
172	1	OK	9	PK-XL	皮卡	Chevrolet	C/K	1990			Extended	8	PK-XL	9: Chevrolet C/K 1988-2000 Incl: Classic/Classic DRW/DRW  Extended 8 PK-XL
173	1	OK	9	PK-XL	皮卡	Chevrolet	C/K	1990	DRW		Extended	8	PK-XL	9: Chevrolet C/K 1988-2000 Incl: Classic/Classic DRW/DRW  Extended 8 PK-XL
174	1	OK	6	PK-XXL	皮卡	Chevrolet	C/K	1990	R/V		Crew	8	PK-XXL	6: Chevrolet C/K 1973-1991 Incl: DRW/R/V/R/V DRW  Crew 8 PK-XXL
175	1	OK	6	PK-XXL	皮卡	Chevrolet	C/K	1990	R/V DRW		Crew	8	PK-XXL	6: Chevrolet C/K 1973-1991 Incl: DRW/R/V/R/V DRW  Crew 8 PK-XXL
176	1	OK	7	PK-M	皮卡	Chevrolet	C/K	1991			Regular	6.5	PK-M	7: Chevrolet C/K 1973-1998 Incl: R/V  Regular 6.5 PK-M
177	1	OK	10	PK-M+	皮卡	Chevrolet	C/K	1991			Extended	6.5	PK-M+	10: Chevrolet C/K 1989-1999 Incl: Classic  Extended 6.5 PK-M+
178	1	OK	8	PK-M+	皮卡	Chevrolet	C/K	1991			Regular	8	PK-M+	8: Chevrolet C/K 1973-2000 Incl: Classic/Classic DRW/DRW/R/V/R/V DRW  Regular 8 PK-M+
179	1	OK	8	PK-M+	皮卡	Chevrolet	C/K	1991	DRW		Regular	8	PK-M+	8: Chevrolet C/K 1973-2000 Incl: Classic/Classic DRW/DRW/R/V/R/V DRW  Regular 8 PK-M+
180	1	OK	9	PK-XL	皮卡	Chevrolet	C/K	1991			Extended	8	PK-XL	9: Chevrolet C/K 1988-2000 Incl: Classic/Classic DRW/DRW  Extended 8 PK-XL
181	1	OK	9	PK-XL	皮卡	Chevrolet	C/K	1991	DRW		Extended	8	PK-XL	9: Chevrolet C/K 1988-2000 Incl: Classic/Classic DRW/DRW  Extended 8 PK-XL
182	1	OK	6	PK-XXL	皮卡	Chevrolet	C/K	1991	R/V		Crew	8	PK-XXL	6: Chevrolet C/K 1973-1991 Incl: DRW/R/V/R/V DRW  Crew 8 PK-XXL
183	1	OK	6	PK-XXL	皮卡	Chevrolet	C/K	1991	R/V DRW		Crew	8	PK-XXL	6: Chevrolet C/K 1973-1991 Incl: DRW/R/V/R/V DRW  Crew 8 PK-XXL
184	1	OK	7	PK-M	皮卡	Chevrolet	C/K	1992			Regular	6.5	PK-M	7: Chevrolet C/K 1973-1998 Incl: R/V  Regular 6.5 PK-M
185	1	OK	10	PK-M+	皮卡	Chevrolet	C/K	1992			Extended	6.5	PK-M+	10: Chevrolet C/K 1989-1999 Incl: Classic  Extended 6.5 PK-M+
186	1	OK	8	PK-M+	皮卡	Chevrolet	C/K	1992			Regular	8	PK-M+	8: Chevrolet C/K 1973-2000 Incl: Classic/Classic DRW/DRW/R/V/R/V DRW  Regular 8 PK-M+
187	1	OK	8	PK-M+	皮卡	Chevrolet	C/K	1992	DRW		Regular	8	PK-M+	8: Chevrolet C/K 1973-2000 Incl: Classic/Classic DRW/DRW/R/V/R/V DRW  Regular 8 PK-M+
188	1	OK	11	PK-WXXL	皮卡	Chevrolet	C/K	1992	DRW		Crew	8	PK-WXXL	11: Chevrolet C/K 1992-2000 Classic DRW/DRW  Crew 8 PK-WXXL
189	1	OK	9	PK-XL	皮卡	Chevrolet	C/K	1992			Extended	8	PK-XL	9: Chevrolet C/K 1988-2000 Incl: Classic/Classic DRW/DRW  Extended 8 PK-XL
190	1	OK	9	PK-XL	皮卡	Chevrolet	C/K	1992	DRW		Extended	8	PK-XL	9: Chevrolet C/K 1988-2000 Incl: Classic/Classic DRW/DRW  Extended 8 PK-XL
191	1	OK	12	PK-XXL	皮卡	Chevrolet	C/K	1992			Crew	8	PK-XXL	12: Chevrolet C/K 1992-2000 Incl: Classic  Crew 8 PK-XXL
192	1	OK	7	PK-M	皮卡	Chevrolet	C/K	1993			Regular	6.5	PK-M	7: Chevrolet C/K 1973-1998 Incl: R/V  Regular 6.5 PK-M
193	1	OK	10	PK-M+	皮卡	Chevrolet	C/K	1993			Extended	6.5	PK-M+	10: Chevrolet C/K 1989-1999 Incl: Classic  Extended 6.5 PK-M+
194	1	OK	8	PK-M+	皮卡	Chevrolet	C/K	1993			Regular	8	PK-M+	8: Chevrolet C/K 1973-2000 Incl: Classic/Classic DRW/DRW/R/V/R/V DRW  Regular 8 PK-M+
195	1	OK	8	PK-M+	皮卡	Chevrolet	C/K	1993	DRW		Regular	8	PK-M+	8: Chevrolet C/K 1973-2000 Incl: Classic/Classic DRW/DRW/R/V/R/V DRW  Regular 8 PK-M+
196	1	OK	11	PK-WXXL	皮卡	Chevrolet	C/K	1993	DRW		Crew	8	PK-WXXL	11: Chevrolet C/K 1992-2000 Classic DRW/DRW  Crew 8 PK-WXXL
197	1	OK	9	PK-XL	皮卡	Chevrolet	C/K	1993			Extended	8	PK-XL	9: Chevrolet C/K 1988-2000 Incl: Classic/Classic DRW/DRW  Extended 8 PK-XL
198	1	OK	9	PK-XL	皮卡	Chevrolet	C/K	1993	DRW		Extended	8	PK-XL	9: Chevrolet C/K 1988-2000 Incl: Classic/Classic DRW/DRW  Extended 8 PK-XL
199	1	OK	12	PK-XXL	皮卡	Chevrolet	C/K	1993			Crew	8	PK-XXL	12: Chevrolet C/K 1992-2000 Incl: Classic  Crew 8 PK-XXL
200	1	OK	7	PK-M	皮卡	Chevrolet	C/K	1994			Regular	6.5	PK-M	7: Chevrolet C/K 1973-1998 Incl: R/V  Regular 6.5 PK-M
201	1	OK	10	PK-M+	皮卡	Chevrolet	C/K	1994			Extended	6.5	PK-M+	10: Chevrolet C/K 1989-1999 Incl: Classic  Extended 6.5 PK-M+
202	1	OK	8	PK-M+	皮卡	Chevrolet	C/K	1994			Regular	8	PK-M+	8: Chevrolet C/K 1973-2000 Incl: Classic/Classic DRW/DRW/R/V/R/V DRW  Regular 8 PK-M+
203	1	OK	8	PK-M+	皮卡	Chevrolet	C/K	1994	DRW		Regular	8	PK-M+	8: Chevrolet C/K 1973-2000 Incl: Classic/Classic DRW/DRW/R/V/R/V DRW  Regular 8 PK-M+
204	1	OK	11	PK-WXXL	皮卡	Chevrolet	C/K	1994	DRW		Crew	8	PK-WXXL	11: Chevrolet C/K 1992-2000 Classic DRW/DRW  Crew 8 PK-WXXL
205	1	OK	9	PK-XL	皮卡	Chevrolet	C/K	1994			Extended	8	PK-XL	9: Chevrolet C/K 1988-2000 Incl: Classic/Classic DRW/DRW  Extended 8 PK-XL
206	1	OK	9	PK-XL	皮卡	Chevrolet	C/K	1994	DRW		Extended	8	PK-XL	9: Chevrolet C/K 1988-2000 Incl: Classic/Classic DRW/DRW  Extended 8 PK-XL
207	1	OK	12	PK-XXL	皮卡	Chevrolet	C/K	1994			Crew	8	PK-XXL	12: Chevrolet C/K 1992-2000 Incl: Classic  Crew 8 PK-XXL
208	1	OK	7	PK-M	皮卡	Chevrolet	C/K	1995			Regular	6.5	PK-M	7: Chevrolet C/K 1973-1998 Incl: R/V  Regular 6.5 PK-M
209	1	OK	10	PK-M+	皮卡	Chevrolet	C/K	1995			Extended	6.5	PK-M+	10: Chevrolet C/K 1989-1999 Incl: Classic  Extended 6.5 PK-M+
210	1	OK	8	PK-M+	皮卡	Chevrolet	C/K	1995			Regular	8	PK-M+	8: Chevrolet C/K 1973-2000 Incl: Classic/Classic DRW/DRW/R/V/R/V DRW  Regular 8 PK-M+
211	1	OK	8	PK-M+	皮卡	Chevrolet	C/K	1995	DRW		Regular	8	PK-M+	8: Chevrolet C/K 1973-2000 Incl: Classic/Classic DRW/DRW/R/V/R/V DRW  Regular 8 PK-M+
212	1	OK	11	PK-WXXL	皮卡	Chevrolet	C/K	1995	DRW		Crew	8	PK-WXXL	11: Chevrolet C/K 1992-2000 Classic DRW/DRW  Crew 8 PK-WXXL
213	1	OK	9	PK-XL	皮卡	Chevrolet	C/K	1995			Extended	8	PK-XL	9: Chevrolet C/K 1988-2000 Incl: Classic/Classic DRW/DRW  Extended 8 PK-XL
214	1	OK	9	PK-XL	皮卡	Chevrolet	C/K	1995	DRW		Extended	8	PK-XL	9: Chevrolet C/K 1988-2000 Incl: Classic/Classic DRW/DRW  Extended 8 PK-XL
215	1	OK	12	PK-XXL	皮卡	Chevrolet	C/K	1995			Crew	8	PK-XXL	12: Chevrolet C/K 1992-2000 Incl: Classic  Crew 8 PK-XXL
216	1	OK	7	PK-M	皮卡	Chevrolet	C/K	1996			Regular	6.5	PK-M	7: Chevrolet C/K 1973-1998 Incl: R/V  Regular 6.5 PK-M
217	1	OK	10	PK-M+	皮卡	Chevrolet	C/K	1996			Extended	6.5	PK-M+	10: Chevrolet C/K 1989-1999 Incl: Classic  Extended 6.5 PK-M+
218	1	OK	8	PK-M+	皮卡	Chevrolet	C/K	1996			Regular	8	PK-M+	8: Chevrolet C/K 1973-2000 Incl: Classic/Classic DRW/DRW/R/V/R/V DRW  Regular 8 PK-M+
219	1	OK	8	PK-M+	皮卡	Chevrolet	C/K	1996	DRW		Regular	8	PK-M+	8: Chevrolet C/K 1973-2000 Incl: Classic/Classic DRW/DRW/R/V/R/V DRW  Regular 8 PK-M+
220	1	OK	11	PK-WXXL	皮卡	Chevrolet	C/K	1996	DRW		Crew	8	PK-WXXL	11: Chevrolet C/K 1992-2000 Classic DRW/DRW  Crew 8 PK-WXXL
221	1	OK	9	PK-XL	皮卡	Chevrolet	C/K	1996			Extended	8	PK-XL	9: Chevrolet C/K 1988-2000 Incl: Classic/Classic DRW/DRW  Extended 8 PK-XL
222	1	OK	9	PK-XL	皮卡	Chevrolet	C/K	1996	DRW		Extended	8	PK-XL	9: Chevrolet C/K 1988-2000 Incl: Classic/Classic DRW/DRW  Extended 8 PK-XL
223	1	OK	12	PK-XXL	皮卡	Chevrolet	C/K	1996			Crew	8	PK-XXL	12: Chevrolet C/K 1992-2000 Incl: Classic  Crew 8 PK-XXL
224	1	OK	7	PK-M	皮卡	Chevrolet	C/K	1997			Regular	6.5	PK-M	7: Chevrolet C/K 1973-1998 Incl: R/V  Regular 6.5 PK-M
225	1	OK	10	PK-M+	皮卡	Chevrolet	C/K	1997			Extended	6.5	PK-M+	10: Chevrolet C/K 1989-1999 Incl: Classic  Extended 6.5 PK-M+
226	1	OK	8	PK-M+	皮卡	Chevrolet	C/K	1997			Regular	8	PK-M+	8: Chevrolet C/K 1973-2000 Incl: Classic/Classic DRW/DRW/R/V/R/V DRW  Regular 8 PK-M+
227	1	OK	8	PK-M+	皮卡	Chevrolet	C/K	1997	DRW		Regular	8	PK-M+	8: Chevrolet C/K 1973-2000 Incl: Classic/Classic DRW/DRW/R/V/R/V DRW  Regular 8 PK-M+
228	1	OK	11	PK-WXXL	皮卡	Chevrolet	C/K	1997	DRW		Crew	8	PK-WXXL	11: Chevrolet C/K 1992-2000 Classic DRW/DRW  Crew 8 PK-WXXL
229	1	OK	9	PK-XL	皮卡	Chevrolet	C/K	1997			Extended	8	PK-XL	9: Chevrolet C/K 1988-2000 Incl: Classic/Classic DRW/DRW  Extended 8 PK-XL
230	1	OK	9	PK-XL	皮卡	Chevrolet	C/K	1997	DRW		Extended	8	PK-XL	9: Chevrolet C/K 1988-2000 Incl: Classic/Classic DRW/DRW  Extended 8 PK-XL
231	1	OK	12	PK-XXL	皮卡	Chevrolet	C/K	1997			Crew	8	PK-XXL	12: Chevrolet C/K 1992-2000 Incl: Classic  Crew 8 PK-XXL
232	1	OK	7	PK-M	皮卡	Chevrolet	C/K	1998			Regular	6.5	PK-M	7: Chevrolet C/K 1973-1998 Incl: R/V  Regular 6.5 PK-M
233	1	OK	10	PK-M+	皮卡	Chevrolet	C/K	1998			Extended	6.5	PK-M+	10: Chevrolet C/K 1989-1999 Incl: Classic  Extended 6.5 PK-M+
234	1	OK	8	PK-M+	皮卡	Chevrolet	C/K	1998			Regular	8	PK-M+	8: Chevrolet C/K 1973-2000 Incl: Classic/Classic DRW/DRW/R/V/R/V DRW  Regular 8 PK-M+
235	1	OK	8	PK-M+	皮卡	Chevrolet	C/K	1998	DRW		Regular	8	PK-M+	8: Chevrolet C/K 1973-2000 Incl: Classic/Classic DRW/DRW/R/V/R/V DRW  Regular 8 PK-M+
236	1	OK	11	PK-WXXL	皮卡	Chevrolet	C/K	1998	DRW		Crew	8	PK-WXXL	11: Chevrolet C/K 1992-2000 Classic DRW/DRW  Crew 8 PK-WXXL
237	1	OK	9	PK-XL	皮卡	Chevrolet	C/K	1998			Extended	8	PK-XL	9: Chevrolet C/K 1988-2000 Incl: Classic/Classic DRW/DRW  Extended 8 PK-XL
238	1	OK	9	PK-XL	皮卡	Chevrolet	C/K	1998	DRW		Extended	8	PK-XL	9: Chevrolet C/K 1988-2000 Incl: Classic/Classic DRW/DRW  Extended 8 PK-XL
239	1	OK	12	PK-XXL	皮卡	Chevrolet	C/K	1998			Crew	8	PK-XXL	12: Chevrolet C/K 1992-2000 Incl: Classic  Crew 8 PK-XXL
240	1	OK	25	PK-L	皮卡	Chevrolet	C/K	1999	Classic		Crew	6.5	PK-L	25: Chevrolet C/K 1999-2000 Classic  Crew 6.5 PK-L
241	1	OK	10	PK-M+	皮卡	Chevrolet	C/K	1999	Classic		Extended	6.5	PK-M+	10: Chevrolet C/K 1989-1999 Incl: Classic  Extended 6.5 PK-M+
242	1	OK	8	PK-M+	皮卡	Chevrolet	C/K	1999	Classic		Regular	8	PK-M+	8: Chevrolet C/K 1973-2000 Incl: Classic/Classic DRW/DRW/R/V/R/V DRW  Regular 8 PK-M+
243	1	OK	8	PK-M+	皮卡	Chevrolet	C/K	1999	Classic DRW		Regular	8	PK-M+	8: Chevrolet C/K 1973-2000 Incl: Classic/Classic DRW/DRW/R/V/R/V DRW  Regular 8 PK-M+
244	1	OK	26	PK-WX	皮卡	Chevrolet	C/K	1999	Classic DRW		Crew	6.5	PK-WX	26: Chevrolet C/K 1999-2000 Classic DRW  Crew 6.5 PK-WX
245	1	OK	11	PK-WXXL	皮卡	Chevrolet	C/K	1999	Classic DRW		Crew	8	PK-WXXL	11: Chevrolet C/K 1992-2000 Classic DRW/DRW  Crew 8 PK-WXXL
246	1	OK	11	PK-WXXL	皮卡	Chevrolet	C/K	1999	DRW		Crew	8	PK-WXXL	11: Chevrolet C/K 1992-2000 Classic DRW/DRW  Crew 8 PK-WXXL
247	1	OK	9	PK-XL	皮卡	Chevrolet	C/K	1999	Classic		Extended	8	PK-XL	9: Chevrolet C/K 1988-2000 Incl: Classic/Classic DRW/DRW  Extended 8 PK-XL
248	1	OK	9	PK-XL	皮卡	Chevrolet	C/K	1999	Classic DRW		Extended	8	PK-XL	9: Chevrolet C/K 1988-2000 Incl: Classic/Classic DRW/DRW  Extended 8 PK-XL
249	1	OK	12	PK-XXL	皮卡	Chevrolet	C/K	1999	Classic		Crew	8	PK-XXL	12: Chevrolet C/K 1992-2000 Incl: Classic  Crew 8 PK-XXL
250	1	OK	25	PK-L	皮卡	Chevrolet	C/K	2000	Classic		Crew	6.5	PK-L	25: Chevrolet C/K 1999-2000 Classic  Crew 6.5 PK-L
251	1	OK	8	PK-M+	皮卡	Chevrolet	C/K	2000	Classic		Regular	8	PK-M+	8: Chevrolet C/K 1973-2000 Incl: Classic/Classic DRW/DRW/R/V/R/V DRW  Regular 8 PK-M+
252	1	OK	8	PK-M+	皮卡	Chevrolet	C/K	2000	Classic DRW		Regular	8	PK-M+	8: Chevrolet C/K 1973-2000 Incl: Classic/Classic DRW/DRW/R/V/R/V DRW  Regular 8 PK-M+
253	1	OK	26	PK-WX	皮卡	Chevrolet	C/K	2000	Classic DRW		Crew	6.5	PK-WX	26: Chevrolet C/K 1999-2000 Classic DRW  Crew 6.5 PK-WX
254	1	OK	11	PK-WXXL	皮卡	Chevrolet	C/K	2000	Classic DRW		Crew	8	PK-WXXL	11: Chevrolet C/K 1992-2000 Classic DRW/DRW  Crew 8 PK-WXXL
255	1	OK	11	PK-WXXL	皮卡	Chevrolet	C/K	2000	DRW		Crew	8	PK-WXXL	11: Chevrolet C/K 1992-2000 Classic DRW/DRW  Crew 8 PK-WXXL
256	1	OK	9	PK-XL	皮卡	Chevrolet	C/K	2000	Classic		Extended	8	PK-XL	9: Chevrolet C/K 1988-2000 Incl: Classic/Classic DRW/DRW  Extended 8 PK-XL
257	1	OK	9	PK-XL	皮卡	Chevrolet	C/K	2000	Classic DRW		Extended	8	PK-XL	9: Chevrolet C/K 1988-2000 Incl: Classic/Classic DRW/DRW  Extended 8 PK-XL
258	1	OK	12	PK-XXL	皮卡	Chevrolet	C/K	2000	Classic		Crew	8	PK-XXL	12: Chevrolet C/K 1992-2000 Incl: Classic  Crew 8 PK-XXL
259	1	OK	13	PK-M	皮卡	Chevrolet	Colorado	2004			Crew	5	PK-M	13: Chevrolet Colorado 2004-2012   Crew/Extended/Regular 5-6 PK-M
260	1	OK	13	PK-M	皮卡	Chevrolet	Colorado	2004			Extended	6	PK-M	13: Chevrolet Colorado 2004-2012   Crew/Extended/Regular 5-6 PK-M
261	1	OK	13	PK-M	皮卡	Chevrolet	Colorado	2004			Regular	6	PK-M	13: Chevrolet Colorado 2004-2012   Crew/Extended/Regular 5-6 PK-M
262	1	OK	13	PK-M	皮卡	Chevrolet	Colorado	2005			Crew	5	PK-M	13: Chevrolet Colorado 2004-2012   Crew/Extended/Regular 5-6 PK-M
263	1	OK	13	PK-M	皮卡	Chevrolet	Colorado	2005			Extended	6	PK-M	13: Chevrolet Colorado 2004-2012   Crew/Extended/Regular 5-6 PK-M
264	1	OK	13	PK-M	皮卡	Chevrolet	Colorado	2005			Regular	6	PK-M	13: Chevrolet Colorado 2004-2012   Crew/Extended/Regular 5-6 PK-M
265	1	OK	13	PK-M	皮卡	Chevrolet	Colorado	2006			Extended	6	PK-M	13: Chevrolet Colorado 2004-2012   Crew/Extended/Regular 5-6 PK-M
266	1	OK	13	PK-M	皮卡	Chevrolet	Colorado	2006			Regular	6	PK-M	13: Chevrolet Colorado 2004-2012   Crew/Extended/Regular 5-6 PK-M
267	1	OK	13	PK-M	皮卡	Chevrolet	Colorado	2007			Extended	6	PK-M	13: Chevrolet Colorado 2004-2012   Crew/Extended/Regular 5-6 PK-M
268	1	OK	13	PK-M	皮卡	Chevrolet	Colorado	2007			Regular	6	PK-M	13: Chevrolet Colorado 2004-2012   Crew/Extended/Regular 5-6 PK-M
269	1	OK	13	PK-M	皮卡	Chevrolet	Colorado	2008			Crew	5	PK-M	13: Chevrolet Colorado 2004-2012   Crew/Extended/Regular 5-6 PK-M
270	1	OK	13	PK-M	皮卡	Chevrolet	Colorado	2008			Extended	6	PK-M	13: Chevrolet Colorado 2004-2012   Crew/Extended/Regular 5-6 PK-M
271	1	OK	13	PK-M	皮卡	Chevrolet	Colorado	2008			Regular	6	PK-M	13: Chevrolet Colorado 2004-2012   Crew/Extended/Regular 5-6 PK-M
272	1	OK	13	PK-M	皮卡	Chevrolet	Colorado	2009			Extended	6	PK-M	13: Chevrolet Colorado 2004-2012   Crew/Extended/Regular 5-6 PK-M
273	1	OK	13	PK-M	皮卡	Chevrolet	Colorado	2009			Regular	6	PK-M	13: Chevrolet Colorado 2004-2012   Crew/Extended/Regular 5-6 PK-M
274	1	OK	13	PK-M	皮卡	Chevrolet	Colorado	2010			Extended	6	PK-M	13: Chevrolet Colorado 2004-2012   Crew/Extended/Regular 5-6 PK-M
275	1	OK	13	PK-M	皮卡	Chevrolet	Colorado	2010			Regular	6	PK-M	13: Chevrolet Colorado 2004-2012   Crew/Extended/Regular 5-6 PK-M
276	1	OK	13	PK-M	皮卡	Chevrolet	Colorado	2011			Extended	6	PK-M	13: Chevrolet Colorado 2004-2012   Crew/Extended/Regular 5-6 PK-M
277	1	OK	13	PK-M	皮卡	Chevrolet	Colorado	2011			Regular	6	PK-M	13: Chevrolet Colorado 2004-2012   Crew/Extended/Regular 5-6 PK-M
278	1	OK	13	PK-M	皮卡	Chevrolet	Colorado	2012			Crew	5	PK-M	13: Chevrolet Colorado 2004-2012   Crew/Extended/Regular 5-6 PK-M
279	1	OK	13	PK-M	皮卡	Chevrolet	Colorado	2012			Extended	6	PK-M	13: Chevrolet Colorado 2004-2012   Crew/Extended/Regular 5-6 PK-M
280	1	OK	13	PK-M	皮卡	Chevrolet	Colorado	2012			Regular	6	PK-M	13: Chevrolet Colorado 2004-2012   Crew/Extended/Regular 5-6 PK-M
281	1	OK	28	PK-L	皮卡	Chevrolet	Colorado	2015			Crew	6	PK-L	28: Chevrolet Colorado 2015-2022   Crew 6 PK-L
282	1	OK	14	PK-M+	皮卡	Chevrolet	Colorado	2015			Crew	5	PK-M+	14: Chevrolet Colorado 2015-2026 Incl: ZR2  Crew 5 PK-M+
283	1	OK	27	PK-M+	皮卡	Chevrolet	Colorado	2015			Extended	6	PK-M+	27: Chevrolet Colorado 2015-2020   Extended 6 PK-M+
284	1	OK	28	PK-L	皮卡	Chevrolet	Colorado	2016			Crew	6	PK-L	28: Chevrolet Colorado 2015-2022   Crew 6 PK-L
285	1	OK	14	PK-M+	皮卡	Chevrolet	Colorado	2016			Crew	5	PK-M+	14: Chevrolet Colorado 2015-2026 Incl: ZR2  Crew 5 PK-M+
286	1	OK	27	PK-M+	皮卡	Chevrolet	Colorado	2016			Extended	6	PK-M+	27: Chevrolet Colorado 2015-2020   Extended 6 PK-M+
287	1	OK	28	PK-L	皮卡	Chevrolet	Colorado	2017			Crew	6	PK-L	28: Chevrolet Colorado 2015-2022   Crew 6 PK-L
288	1	OK	14	PK-M+	皮卡	Chevrolet	Colorado	2017			Crew	5	PK-M+	14: Chevrolet Colorado 2015-2026 Incl: ZR2  Crew 5 PK-M+
289	1	OK	14	PK-M+	皮卡	Chevrolet	Colorado	2017	ZR2		Crew	5	PK-M+	14: Chevrolet Colorado 2015-2026 Incl: ZR2  Crew 5 PK-M+
290	1	OK	27	PK-M+	皮卡	Chevrolet	Colorado	2017			Extended	6	PK-M+	27: Chevrolet Colorado 2015-2020   Extended 6 PK-M+
291	1	OK	28	PK-L	皮卡	Chevrolet	Colorado	2018			Crew	6	PK-L	28: Chevrolet Colorado 2015-2022   Crew 6 PK-L
292	1	OK	14	PK-M+	皮卡	Chevrolet	Colorado	2018			Crew	5	PK-M+	14: Chevrolet Colorado 2015-2026 Incl: ZR2  Crew 5 PK-M+
293	1	OK	14	PK-M+	皮卡	Chevrolet	Colorado	2018	ZR2		Crew	5	PK-M+	14: Chevrolet Colorado 2015-2026 Incl: ZR2  Crew 5 PK-M+
294	1	OK	27	PK-M+	皮卡	Chevrolet	Colorado	2018			Extended	6	PK-M+	27: Chevrolet Colorado 2015-2020   Extended 6 PK-M+
295	1	OK	28	PK-L	皮卡	Chevrolet	Colorado	2019			Crew	6	PK-L	28: Chevrolet Colorado 2015-2022   Crew 6 PK-L
296	1	OK	14	PK-M+	皮卡	Chevrolet	Colorado	2019			Crew	5	PK-M+	14: Chevrolet Colorado 2015-2026 Incl: ZR2  Crew 5 PK-M+
297	1	OK	14	PK-M+	皮卡	Chevrolet	Colorado	2019	ZR2		Crew	5	PK-M+	14: Chevrolet Colorado 2015-2026 Incl: ZR2  Crew 5 PK-M+
298	1	OK	27	PK-M+	皮卡	Chevrolet	Colorado	2019			Extended	6	PK-M+	27: Chevrolet Colorado 2015-2020   Extended 6 PK-M+
299	1	OK	28	PK-L	皮卡	Chevrolet	Colorado	2020			Crew	6	PK-L	28: Chevrolet Colorado 2015-2022   Crew 6 PK-L
300	1	OK	14	PK-M+	皮卡	Chevrolet	Colorado	2020			Crew	5	PK-M+	14: Chevrolet Colorado 2015-2026 Incl: ZR2  Crew 5 PK-M+
301	1	OK	14	PK-M+	皮卡	Chevrolet	Colorado	2020	ZR2		Crew	5	PK-M+	14: Chevrolet Colorado 2015-2026 Incl: ZR2  Crew 5 PK-M+
302	1	OK	27	PK-M+	皮卡	Chevrolet	Colorado	2020			Extended	6	PK-M+	27: Chevrolet Colorado 2015-2020   Extended 6 PK-M+
303	1	OK	28	PK-L	皮卡	Chevrolet	Colorado	2021			Crew	6	PK-L	28: Chevrolet Colorado 2015-2022   Crew 6 PK-L
304	1	OK	14	PK-M+	皮卡	Chevrolet	Colorado	2021			Crew	5	PK-M+	14: Chevrolet Colorado 2015-2026 Incl: ZR2  Crew 5 PK-M+
305	1	OK	14	PK-M+	皮卡	Chevrolet	Colorado	2021	ZR2		Crew	5	PK-M+	14: Chevrolet Colorado 2015-2026 Incl: ZR2  Crew 5 PK-M+
306	1	OK	28	PK-L	皮卡	Chevrolet	Colorado	2022			Crew	6	PK-L	28: Chevrolet Colorado 2015-2022   Crew 6 PK-L
307	1	OK	14	PK-M+	皮卡	Chevrolet	Colorado	2022			Crew	5	PK-M+	14: Chevrolet Colorado 2015-2026 Incl: ZR2  Crew 5 PK-M+
308	1	OK	14	PK-M+	皮卡	Chevrolet	Colorado	2022	ZR2		Crew	5	PK-M+	14: Chevrolet Colorado 2015-2026 Incl: ZR2  Crew 5 PK-M+
309	1	OK	14	PK-M+	皮卡	Chevrolet	Colorado	2023			Crew	5	PK-M+	14: Chevrolet Colorado 2015-2026 Incl: ZR2  Crew 5 PK-M+
310	1	OK	14	PK-M+	皮卡	Chevrolet	Colorado	2023	ZR2		Crew	5	PK-M+	14: Chevrolet Colorado 2015-2026 Incl: ZR2  Crew 5 PK-M+
311	1	OK	14	PK-M+	皮卡	Chevrolet	Colorado	2024			Crew	5	PK-M+	14: Chevrolet Colorado 2015-2026 Incl: ZR2  Crew 5 PK-M+
312	1	OK	14	PK-M+	皮卡	Chevrolet	Colorado	2024	ZR2		Crew	5	PK-M+	14: Chevrolet Colorado 2015-2026 Incl: ZR2  Crew 5 PK-M+
313	1	OK	14	PK-M+	皮卡	Chevrolet	Colorado	2025			Crew	5	PK-M+	14: Chevrolet Colorado 2015-2026 Incl: ZR2  Crew 5 PK-M+
314	1	OK	14	PK-M+	皮卡	Chevrolet	Colorado	2025	ZR2		Crew	5	PK-M+	14: Chevrolet Colorado 2015-2026 Incl: ZR2  Crew 5 PK-M+
315	1	OK	14	PK-M+	皮卡	Chevrolet	Colorado	2026			Crew	5	PK-M+	14: Chevrolet Colorado 2015-2026 Incl: ZR2  Crew 5 PK-M+
316	1	OK	14	PK-M+	皮卡	Chevrolet	Colorado	2026	ZR2		Crew	5	PK-M+	14: Chevrolet Colorado 2015-2026 Incl: ZR2  Crew 5 PK-M+
317	1	OK	29	PK-M+	皮卡	Chevrolet	El Camino	1959			Regular	6.5	PK-M+	29: Chevrolet El Camino 1959-1960   Regular 6.5 PK-M+
318	1	OK	29	PK-M+	皮卡	Chevrolet	El Camino	1960			Regular	6.5	PK-M+	29: Chevrolet El Camino 1959-1960   Regular 6.5 PK-M+
319	1	OK	30	PK-M	皮卡	Chevrolet	El Camino	1964			Regular	6.5	PK-M	30: Chevrolet El Camino 1964-1972   Regular 6.5 PK-M
320	1	OK	30	PK-M	皮卡	Chevrolet	El Camino	1965			Regular	6.5	PK-M	30: Chevrolet El Camino 1964-1972   Regular 6.5 PK-M
321	1	OK	30	PK-M	皮卡	Chevrolet	El Camino	1966			Regular	6.5	PK-M	30: Chevrolet El Camino 1964-1972   Regular 6.5 PK-M
322	1	OK	30	PK-M	皮卡	Chevrolet	El Camino	1967			Regular	6.5	PK-M	30: Chevrolet El Camino 1964-1972   Regular 6.5 PK-M
323	1	OK	30	PK-M	皮卡	Chevrolet	El Camino	1968			Regular	6.5	PK-M	30: Chevrolet El Camino 1964-1972   Regular 6.5 PK-M
324	1	OK	30	PK-M	皮卡	Chevrolet	El Camino	1969			Regular	6.5	PK-M	30: Chevrolet El Camino 1964-1972   Regular 6.5 PK-M
325	1	OK	30	PK-M	皮卡	Chevrolet	El Camino	1970			Regular	6.5	PK-M	30: Chevrolet El Camino 1964-1972   Regular 6.5 PK-M
326	1	OK	30	PK-M	皮卡	Chevrolet	El Camino	1971			Regular	6.5	PK-M	30: Chevrolet El Camino 1964-1972   Regular 6.5 PK-M
327	1	OK	30	PK-M	皮卡	Chevrolet	El Camino	1972			Regular	6.5	PK-M	30: Chevrolet El Camino 1964-1972   Regular 6.5 PK-M
328	1	OK	31	PK-M+	皮卡	Chevrolet	El Camino	1973			Regular	6.5	PK-M+	31: Chevrolet El Camino 1973-1977   Regular 6.5 PK-M+
329	1	OK	31	PK-M+	皮卡	Chevrolet	El Camino	1974			Regular	6.5	PK-M+	31: Chevrolet El Camino 1973-1977   Regular 6.5 PK-M+
330	1	OK	31	PK-M+	皮卡	Chevrolet	El Camino	1975			Regular	6.5	PK-M+	31: Chevrolet El Camino 1973-1977   Regular 6.5 PK-M+
331	1	OK	31	PK-M+	皮卡	Chevrolet	El Camino	1976			Regular	6.5	PK-M+	31: Chevrolet El Camino 1973-1977   Regular 6.5 PK-M+
332	1	OK	31	PK-M+	皮卡	Chevrolet	El Camino	1977			Regular	6.5	PK-M+	31: Chevrolet El Camino 1973-1977   Regular 6.5 PK-M+
333	1	OK	32	PK-M	皮卡	Chevrolet	El Camino	1978			Regular	6.5	PK-M	32: Chevrolet El Camino 1978-1987   Regular 6.5 PK-M
334	1	OK	32	PK-M	皮卡	Chevrolet	El Camino	1979			Regular	6.5	PK-M	32: Chevrolet El Camino 1978-1987   Regular 6.5 PK-M
335	1	OK	32	PK-M	皮卡	Chevrolet	El Camino	1980			Regular	6.5	PK-M	32: Chevrolet El Camino 1978-1987   Regular 6.5 PK-M
336	1	OK	32	PK-M	皮卡	Chevrolet	El Camino	1981			Regular	6.5	PK-M	32: Chevrolet El Camino 1978-1987   Regular 6.5 PK-M
337	1	OK	32	PK-M	皮卡	Chevrolet	El Camino	1982			Regular	6.5	PK-M	32: Chevrolet El Camino 1978-1987   Regular 6.5 PK-M
338	1	OK	32	PK-M	皮卡	Chevrolet	El Camino	1983			Regular	6.5	PK-M	32: Chevrolet El Camino 1978-1987   Regular 6.5 PK-M
339	1	OK	32	PK-M	皮卡	Chevrolet	El Camino	1984			Regular	6.5	PK-M	32: Chevrolet El Camino 1978-1987   Regular 6.5 PK-M
340	1	OK	32	PK-M	皮卡	Chevrolet	El Camino	1985			Regular	6.5	PK-M	32: Chevrolet El Camino 1978-1987   Regular 6.5 PK-M
341	1	OK	32	PK-M	皮卡	Chevrolet	El Camino	1986			Regular	6.5	PK-M	32: Chevrolet El Camino 1978-1987   Regular 6.5 PK-M
342	1	OK	32	PK-M	皮卡	Chevrolet	El Camino	1987			Regular	6.5	PK-M	32: Chevrolet El Camino 1978-1987   Regular 6.5 PK-M
343	1	OK	16	PK-M	皮卡	Chevrolet	S10	1982			Regular	7.5	PK-M	16: Chevrolet S10 1982-2003 Incl: 4WD  Regular 7.5 PK-M
344	1	OK	15	无可用尺码	皮卡	Chevrolet	S10	1982			Regular	6	无可用尺码	15: Chevrolet S10 1982-1998 Incl: 4WD  Regular 6 无可用尺码
345	1	OK	17	PK-M	皮卡	Chevrolet	S10	1983			Extended	6	PK-M	17: Chevrolet S10 1983-2004 Incl: 4WD/Xtreme/ZR2  Extended/Crew 4.5-6 PK-M
346	1	OK	17	PK-M	皮卡	Chevrolet	S10	1983	4WD		Extended	6	PK-M	17: Chevrolet S10 1983-2004 Incl: 4WD/Xtreme/ZR2  Extended/Crew 4.5-6 PK-M
347	1	OK	16	PK-M	皮卡	Chevrolet	S10	1983			Regular	7.5	PK-M	16: Chevrolet S10 1982-2003 Incl: 4WD  Regular 7.5 PK-M
348	1	OK	16	PK-M	皮卡	Chevrolet	S10	1983	4WD		Regular	7.5	PK-M	16: Chevrolet S10 1982-2003 Incl: 4WD  Regular 7.5 PK-M
349	1	OK	15	无可用尺码	皮卡	Chevrolet	S10	1983			Regular	6	无可用尺码	15: Chevrolet S10 1982-1998 Incl: 4WD  Regular 6 无可用尺码
350	1	OK	15	无可用尺码	皮卡	Chevrolet	S10	1983	4WD		Regular	6	无可用尺码	15: Chevrolet S10 1982-1998 Incl: 4WD  Regular 6 无可用尺码
351	1	OK	17	PK-M	皮卡	Chevrolet	S10	1984			Extended	6	PK-M	17: Chevrolet S10 1983-2004 Incl: 4WD/Xtreme/ZR2  Extended/Crew 4.5-6 PK-M
352	1	OK	17	PK-M	皮卡	Chevrolet	S10	1984	4WD		Extended	6	PK-M	17: Chevrolet S10 1983-2004 Incl: 4WD/Xtreme/ZR2  Extended/Crew 4.5-6 PK-M
353	1	OK	16	PK-M	皮卡	Chevrolet	S10	1984			Regular	7.5	PK-M	16: Chevrolet S10 1982-2003 Incl: 4WD  Regular 7.5 PK-M
354	1	OK	16	PK-M	皮卡	Chevrolet	S10	1984	4WD		Regular	7.5	PK-M	16: Chevrolet S10 1982-2003 Incl: 4WD  Regular 7.5 PK-M
355	1	OK	15	无可用尺码	皮卡	Chevrolet	S10	1984			Regular	6	无可用尺码	15: Chevrolet S10 1982-1998 Incl: 4WD  Regular 6 无可用尺码
356	1	OK	15	无可用尺码	皮卡	Chevrolet	S10	1984	4WD		Regular	6	无可用尺码	15: Chevrolet S10 1982-1998 Incl: 4WD  Regular 6 无可用尺码
357	1	OK	17	PK-M	皮卡	Chevrolet	S10	1985			Extended	6	PK-M	17: Chevrolet S10 1983-2004 Incl: 4WD/Xtreme/ZR2  Extended/Crew 4.5-6 PK-M
358	1	OK	17	PK-M	皮卡	Chevrolet	S10	1985	4WD		Extended	6	PK-M	17: Chevrolet S10 1983-2004 Incl: 4WD/Xtreme/ZR2  Extended/Crew 4.5-6 PK-M
359	1	OK	16	PK-M	皮卡	Chevrolet	S10	1985			Regular	7.5	PK-M	16: Chevrolet S10 1982-2003 Incl: 4WD  Regular 7.5 PK-M
360	1	OK	16	PK-M	皮卡	Chevrolet	S10	1985	4WD		Regular	7.5	PK-M	16: Chevrolet S10 1982-2003 Incl: 4WD  Regular 7.5 PK-M
361	1	OK	15	无可用尺码	皮卡	Chevrolet	S10	1985			Regular	6	无可用尺码	15: Chevrolet S10 1982-1998 Incl: 4WD  Regular 6 无可用尺码
362	1	OK	15	无可用尺码	皮卡	Chevrolet	S10	1985	4WD		Regular	6	无可用尺码	15: Chevrolet S10 1982-1998 Incl: 4WD  Regular 6 无可用尺码
363	1	OK	17	PK-M	皮卡	Chevrolet	S10	1986			Extended	6	PK-M	17: Chevrolet S10 1983-2004 Incl: 4WD/Xtreme/ZR2  Extended/Crew 4.5-6 PK-M
364	1	OK	17	PK-M	皮卡	Chevrolet	S10	1986	4WD		Extended	6	PK-M	17: Chevrolet S10 1983-2004 Incl: 4WD/Xtreme/ZR2  Extended/Crew 4.5-6 PK-M
365	1	OK	16	PK-M	皮卡	Chevrolet	S10	1986			Regular	7.5	PK-M	16: Chevrolet S10 1982-2003 Incl: 4WD  Regular 7.5 PK-M
366	1	OK	16	PK-M	皮卡	Chevrolet	S10	1986	4WD		Regular	7.5	PK-M	16: Chevrolet S10 1982-2003 Incl: 4WD  Regular 7.5 PK-M
367	1	OK	15	无可用尺码	皮卡	Chevrolet	S10	1986			Regular	6	无可用尺码	15: Chevrolet S10 1982-1998 Incl: 4WD  Regular 6 无可用尺码
368	1	OK	15	无可用尺码	皮卡	Chevrolet	S10	1986	4WD		Regular	6	无可用尺码	15: Chevrolet S10 1982-1998 Incl: 4WD  Regular 6 无可用尺码
369	1	OK	17	PK-M	皮卡	Chevrolet	S10	1987			Extended	6	PK-M	17: Chevrolet S10 1983-2004 Incl: 4WD/Xtreme/ZR2  Extended/Crew 4.5-6 PK-M
370	1	OK	17	PK-M	皮卡	Chevrolet	S10	1987	4WD		Extended	6	PK-M	17: Chevrolet S10 1983-2004 Incl: 4WD/Xtreme/ZR2  Extended/Crew 4.5-6 PK-M
371	1	OK	16	PK-M	皮卡	Chevrolet	S10	1987			Regular	7.5	PK-M	16: Chevrolet S10 1982-2003 Incl: 4WD  Regular 7.5 PK-M
372	1	OK	16	PK-M	皮卡	Chevrolet	S10	1987	4WD		Regular	7.5	PK-M	16: Chevrolet S10 1982-2003 Incl: 4WD  Regular 7.5 PK-M
373	1	OK	15	无可用尺码	皮卡	Chevrolet	S10	1987			Regular	6	无可用尺码	15: Chevrolet S10 1982-1998 Incl: 4WD  Regular 6 无可用尺码
374	1	OK	15	无可用尺码	皮卡	Chevrolet	S10	1987	4WD		Regular	6	无可用尺码	15: Chevrolet S10 1982-1998 Incl: 4WD  Regular 6 无可用尺码
375	1	OK	17	PK-M	皮卡	Chevrolet	S10	1988			Extended	6	PK-M	17: Chevrolet S10 1983-2004 Incl: 4WD/Xtreme/ZR2  Extended/Crew 4.5-6 PK-M
376	1	OK	17	PK-M	皮卡	Chevrolet	S10	1988	4WD		Extended	6	PK-M	17: Chevrolet S10 1983-2004 Incl: 4WD/Xtreme/ZR2  Extended/Crew 4.5-6 PK-M
377	1	OK	16	PK-M	皮卡	Chevrolet	S10	1988			Regular	7.5	PK-M	16: Chevrolet S10 1982-2003 Incl: 4WD  Regular 7.5 PK-M
378	1	OK	16	PK-M	皮卡	Chevrolet	S10	1988	4WD		Regular	7.5	PK-M	16: Chevrolet S10 1982-2003 Incl: 4WD  Regular 7.5 PK-M
379	1	OK	15	无可用尺码	皮卡	Chevrolet	S10	1988			Regular	6	无可用尺码	15: Chevrolet S10 1982-1998 Incl: 4WD  Regular 6 无可用尺码
380	1	OK	15	无可用尺码	皮卡	Chevrolet	S10	1988	4WD		Regular	6	无可用尺码	15: Chevrolet S10 1982-1998 Incl: 4WD  Regular 6 无可用尺码
381	1	OK	17	PK-M	皮卡	Chevrolet	S10	1989			Extended	6	PK-M	17: Chevrolet S10 1983-2004 Incl: 4WD/Xtreme/ZR2  Extended/Crew 4.5-6 PK-M
382	1	OK	17	PK-M	皮卡	Chevrolet	S10	1989	4WD		Extended	6	PK-M	17: Chevrolet S10 1983-2004 Incl: 4WD/Xtreme/ZR2  Extended/Crew 4.5-6 PK-M
383	1	OK	16	PK-M	皮卡	Chevrolet	S10	1989			Regular	7.5	PK-M	16: Chevrolet S10 1982-2003 Incl: 4WD  Regular 7.5 PK-M
384	1	OK	16	PK-M	皮卡	Chevrolet	S10	1989	4WD		Regular	7.5	PK-M	16: Chevrolet S10 1982-2003 Incl: 4WD  Regular 7.5 PK-M
385	1	OK	15	无可用尺码	皮卡	Chevrolet	S10	1989			Regular	6	无可用尺码	15: Chevrolet S10 1982-1998 Incl: 4WD  Regular 6 无可用尺码
386	1	OK	15	无可用尺码	皮卡	Chevrolet	S10	1989	4WD		Regular	6	无可用尺码	15: Chevrolet S10 1982-1998 Incl: 4WD  Regular 6 无可用尺码
387	1	OK	17	PK-M	皮卡	Chevrolet	S10	1990			Extended	6	PK-M	17: Chevrolet S10 1983-2004 Incl: 4WD/Xtreme/ZR2  Extended/Crew 4.5-6 PK-M
388	1	OK	17	PK-M	皮卡	Chevrolet	S10	1990	4WD		Extended	6	PK-M	17: Chevrolet S10 1983-2004 Incl: 4WD/Xtreme/ZR2  Extended/Crew 4.5-6 PK-M
389	1	OK	16	PK-M	皮卡	Chevrolet	S10	1990			Regular	7.5	PK-M	16: Chevrolet S10 1982-2003 Incl: 4WD  Regular 7.5 PK-M
390	1	OK	16	PK-M	皮卡	Chevrolet	S10	1990	4WD		Regular	7.5	PK-M	16: Chevrolet S10 1982-2003 Incl: 4WD  Regular 7.5 PK-M
391	1	OK	15	无可用尺码	皮卡	Chevrolet	S10	1990			Regular	6	无可用尺码	15: Chevrolet S10 1982-1998 Incl: 4WD  Regular 6 无可用尺码
392	1	OK	15	无可用尺码	皮卡	Chevrolet	S10	1990	4WD		Regular	6	无可用尺码	15: Chevrolet S10 1982-1998 Incl: 4WD  Regular 6 无可用尺码
393	1	OK	17	PK-M	皮卡	Chevrolet	S10	1991			Extended	6	PK-M	17: Chevrolet S10 1983-2004 Incl: 4WD/Xtreme/ZR2  Extended/Crew 4.5-6 PK-M
394	1	OK	17	PK-M	皮卡	Chevrolet	S10	1991	4WD		Extended	6	PK-M	17: Chevrolet S10 1983-2004 Incl: 4WD/Xtreme/ZR2  Extended/Crew 4.5-6 PK-M
395	1	OK	16	PK-M	皮卡	Chevrolet	S10	1991			Regular	7.5	PK-M	16: Chevrolet S10 1982-2003 Incl: 4WD  Regular 7.5 PK-M
396	1	OK	16	PK-M	皮卡	Chevrolet	S10	1991	4WD		Regular	7.5	PK-M	16: Chevrolet S10 1982-2003 Incl: 4WD  Regular 7.5 PK-M
397	1	OK	15	无可用尺码	皮卡	Chevrolet	S10	1991			Regular	6	无可用尺码	15: Chevrolet S10 1982-1998 Incl: 4WD  Regular 6 无可用尺码
398	1	OK	15	无可用尺码	皮卡	Chevrolet	S10	1991	4WD		Regular	6	无可用尺码	15: Chevrolet S10 1982-1998 Incl: 4WD  Regular 6 无可用尺码
399	1	OK	17	PK-M	皮卡	Chevrolet	S10	1992			Extended	6	PK-M	17: Chevrolet S10 1983-2004 Incl: 4WD/Xtreme/ZR2  Extended/Crew 4.5-6 PK-M
400	1	OK	17	PK-M	皮卡	Chevrolet	S10	1992	4WD		Extended	6	PK-M	17: Chevrolet S10 1983-2004 Incl: 4WD/Xtreme/ZR2  Extended/Crew 4.5-6 PK-M
401	1	OK	16	PK-M	皮卡	Chevrolet	S10	1992			Regular	7.5	PK-M	16: Chevrolet S10 1982-2003 Incl: 4WD  Regular 7.5 PK-M
402	1	OK	16	PK-M	皮卡	Chevrolet	S10	1992	4WD		Regular	7.5	PK-M	16: Chevrolet S10 1982-2003 Incl: 4WD  Regular 7.5 PK-M
403	1	OK	15	无可用尺码	皮卡	Chevrolet	S10	1992			Regular	6	无可用尺码	15: Chevrolet S10 1982-1998 Incl: 4WD  Regular 6 无可用尺码
404	1	OK	15	无可用尺码	皮卡	Chevrolet	S10	1992	4WD		Regular	6	无可用尺码	15: Chevrolet S10 1982-1998 Incl: 4WD  Regular 6 无可用尺码
405	1	OK	17	PK-M	皮卡	Chevrolet	S10	1993			Extended	6	PK-M	17: Chevrolet S10 1983-2004 Incl: 4WD/Xtreme/ZR2  Extended/Crew 4.5-6 PK-M
406	1	OK	17	PK-M	皮卡	Chevrolet	S10	1993	4WD		Extended	6	PK-M	17: Chevrolet S10 1983-2004 Incl: 4WD/Xtreme/ZR2  Extended/Crew 4.5-6 PK-M
407	1	OK	16	PK-M	皮卡	Chevrolet	S10	1993			Regular	7.5	PK-M	16: Chevrolet S10 1982-2003 Incl: 4WD  Regular 7.5 PK-M
408	1	OK	16	PK-M	皮卡	Chevrolet	S10	1993	4WD		Regular	7.5	PK-M	16: Chevrolet S10 1982-2003 Incl: 4WD  Regular 7.5 PK-M
409	1	OK	15	无可用尺码	皮卡	Chevrolet	S10	1993			Regular	6	无可用尺码	15: Chevrolet S10 1982-1998 Incl: 4WD  Regular 6 无可用尺码
410	1	OK	15	无可用尺码	皮卡	Chevrolet	S10	1993	4WD		Regular	6	无可用尺码	15: Chevrolet S10 1982-1998 Incl: 4WD  Regular 6 无可用尺码
411	1	OK	17	PK-M	皮卡	Chevrolet	S10	1994			Extended	6	PK-M	17: Chevrolet S10 1983-2004 Incl: 4WD/Xtreme/ZR2  Extended/Crew 4.5-6 PK-M
412	1	OK	17	PK-M	皮卡	Chevrolet	S10	1994	4WD		Extended	6	PK-M	17: Chevrolet S10 1983-2004 Incl: 4WD/Xtreme/ZR2  Extended/Crew 4.5-6 PK-M
413	1	OK	16	PK-M	皮卡	Chevrolet	S10	1994			Regular	7.5	PK-M	16: Chevrolet S10 1982-2003 Incl: 4WD  Regular 7.5 PK-M
414	1	OK	16	PK-M	皮卡	Chevrolet	S10	1994	4WD		Regular	7.5	PK-M	16: Chevrolet S10 1982-2003 Incl: 4WD  Regular 7.5 PK-M
415	1	OK	15	无可用尺码	皮卡	Chevrolet	S10	1994			Regular	6	无可用尺码	15: Chevrolet S10 1982-1998 Incl: 4WD  Regular 6 无可用尺码
416	1	OK	15	无可用尺码	皮卡	Chevrolet	S10	1994	4WD		Regular	6	无可用尺码	15: Chevrolet S10 1982-1998 Incl: 4WD  Regular 6 无可用尺码
417	1	OK	18	无可用尺码	皮卡	Chevrolet	S10	1994	ZR2		Regular	6	无可用尺码	18: Chevrolet S10 1994-1997 EV/ZR2  Regular 6 无可用尺码
418	1	OK	17	PK-M	皮卡	Chevrolet	S10	1995			Extended	6	PK-M	17: Chevrolet S10 1983-2004 Incl: 4WD/Xtreme/ZR2  Extended/Crew 4.5-6 PK-M
419	1	OK	17	PK-M	皮卡	Chevrolet	S10	1995	4WD		Extended	6	PK-M	17: Chevrolet S10 1983-2004 Incl: 4WD/Xtreme/ZR2  Extended/Crew 4.5-6 PK-M
420	1	OK	17	PK-M	皮卡	Chevrolet	S10	1995	ZR2		Extended	6	PK-M	17: Chevrolet S10 1983-2004 Incl: 4WD/Xtreme/ZR2  Extended/Crew 4.5-6 PK-M
421	1	OK	16	PK-M	皮卡	Chevrolet	S10	1995			Regular	7.5	PK-M	16: Chevrolet S10 1982-2003 Incl: 4WD  Regular 7.5 PK-M
422	1	OK	16	PK-M	皮卡	Chevrolet	S10	1995	4WD		Regular	7.5	PK-M	16: Chevrolet S10 1982-2003 Incl: 4WD  Regular 7.5 PK-M
423	1	OK	15	无可用尺码	皮卡	Chevrolet	S10	1995			Regular	6	无可用尺码	15: Chevrolet S10 1982-1998 Incl: 4WD  Regular 6 无可用尺码
424	1	OK	15	无可用尺码	皮卡	Chevrolet	S10	1995	4WD		Regular	6	无可用尺码	15: Chevrolet S10 1982-1998 Incl: 4WD  Regular 6 无可用尺码
425	1	OK	18	无可用尺码	皮卡	Chevrolet	S10	1995	ZR2		Regular	6	无可用尺码	18: Chevrolet S10 1994-1997 EV/ZR2  Regular 6 无可用尺码
426	1	OK	17	PK-M	皮卡	Chevrolet	S10	1996			Extended	6	PK-M	17: Chevrolet S10 1983-2004 Incl: 4WD/Xtreme/ZR2  Extended/Crew 4.5-6 PK-M
427	1	OK	17	PK-M	皮卡	Chevrolet	S10	1996	4WD		Extended	6	PK-M	17: Chevrolet S10 1983-2004 Incl: 4WD/Xtreme/ZR2  Extended/Crew 4.5-6 PK-M
428	1	OK	17	PK-M	皮卡	Chevrolet	S10	1996	ZR2		Extended	6	PK-M	17: Chevrolet S10 1983-2004 Incl: 4WD/Xtreme/ZR2  Extended/Crew 4.5-6 PK-M
429	1	OK	16	PK-M	皮卡	Chevrolet	S10	1996			Regular	7.5	PK-M	16: Chevrolet S10 1982-2003 Incl: 4WD  Regular 7.5 PK-M
430	1	OK	16	PK-M	皮卡	Chevrolet	S10	1996	4WD		Regular	7.5	PK-M	16: Chevrolet S10 1982-2003 Incl: 4WD  Regular 7.5 PK-M
431	1	OK	15	无可用尺码	皮卡	Chevrolet	S10	1996			Regular	6	无可用尺码	15: Chevrolet S10 1982-1998 Incl: 4WD  Regular 6 无可用尺码
432	1	OK	15	无可用尺码	皮卡	Chevrolet	S10	1996	4WD		Regular	6	无可用尺码	15: Chevrolet S10 1982-1998 Incl: 4WD  Regular 6 无可用尺码
433	1	OK	18	无可用尺码	皮卡	Chevrolet	S10	1996	ZR2		Regular	6	无可用尺码	18: Chevrolet S10 1994-1997 EV/ZR2  Regular 6 无可用尺码
434	1	OK	17	PK-M	皮卡	Chevrolet	S10	1997			Extended	6	PK-M	17: Chevrolet S10 1983-2004 Incl: 4WD/Xtreme/ZR2  Extended/Crew 4.5-6 PK-M
435	1	OK	17	PK-M	皮卡	Chevrolet	S10	1997	4WD		Extended	6	PK-M	17: Chevrolet S10 1983-2004 Incl: 4WD/Xtreme/ZR2  Extended/Crew 4.5-6 PK-M
436	1	OK	17	PK-M	皮卡	Chevrolet	S10	1997	ZR2		Extended	6	PK-M	17: Chevrolet S10 1983-2004 Incl: 4WD/Xtreme/ZR2  Extended/Crew 4.5-6 PK-M
437	1	OK	16	PK-M	皮卡	Chevrolet	S10	1997			Regular	7.5	PK-M	16: Chevrolet S10 1982-2003 Incl: 4WD  Regular 7.5 PK-M
438	1	OK	16	PK-M	皮卡	Chevrolet	S10	1997	4WD		Regular	7.5	PK-M	16: Chevrolet S10 1982-2003 Incl: 4WD  Regular 7.5 PK-M
439	1	OK	15	无可用尺码	皮卡	Chevrolet	S10	1997			Regular	6	无可用尺码	15: Chevrolet S10 1982-1998 Incl: 4WD  Regular 6 无可用尺码
440	1	OK	15	无可用尺码	皮卡	Chevrolet	S10	1997	4WD		Regular	6	无可用尺码	15: Chevrolet S10 1982-1998 Incl: 4WD  Regular 6 无可用尺码
441	1	OK	18	无可用尺码	皮卡	Chevrolet	S10	1997	EV		Regular	6	无可用尺码	18: Chevrolet S10 1994-1997 EV/ZR2  Regular 6 无可用尺码
442	1	OK	18	无可用尺码	皮卡	Chevrolet	S10	1997	ZR2		Regular	6	无可用尺码	18: Chevrolet S10 1994-1997 EV/ZR2  Regular 6 无可用尺码
443	1	OK	17	PK-M	皮卡	Chevrolet	S10	1998			Extended	6	PK-M	17: Chevrolet S10 1983-2004 Incl: 4WD/Xtreme/ZR2  Extended/Crew 4.5-6 PK-M
444	1	OK	17	PK-M	皮卡	Chevrolet	S10	1998	4WD		Extended	6	PK-M	17: Chevrolet S10 1983-2004 Incl: 4WD/Xtreme/ZR2  Extended/Crew 4.5-6 PK-M
445	1	OK	17	PK-M	皮卡	Chevrolet	S10	1998	ZR2		Extended	6	PK-M	17: Chevrolet S10 1983-2004 Incl: 4WD/Xtreme/ZR2  Extended/Crew 4.5-6 PK-M
446	1	OK	19	PK-M	皮卡	Chevrolet	S10	1998	EV		Regular	6	PK-M	19: Chevrolet S10 1998-2003 EV/Xtreme/ZR2  Regular 6 PK-M
447	1	OK	19	PK-M	皮卡	Chevrolet	S10	1998	ZR2		Regular	6	PK-M	19: Chevrolet S10 1998-2003 EV/Xtreme/ZR2  Regular 6 PK-M
448	1	OK	16	PK-M	皮卡	Chevrolet	S10	1998			Regular	7.5	PK-M	16: Chevrolet S10 1982-2003 Incl: 4WD  Regular 7.5 PK-M
449	1	OK	16	PK-M	皮卡	Chevrolet	S10	1998	4WD		Regular	7.5	PK-M	16: Chevrolet S10 1982-2003 Incl: 4WD  Regular 7.5 PK-M
450	1	OK	15	无可用尺码	皮卡	Chevrolet	S10	1998			Regular	6	无可用尺码	15: Chevrolet S10 1982-1998 Incl: 4WD  Regular 6 无可用尺码
451	1	OK	15	无可用尺码	皮卡	Chevrolet	S10	1998	4WD		Regular	6	无可用尺码	15: Chevrolet S10 1982-1998 Incl: 4WD  Regular 6 无可用尺码
452	1	OK	17	PK-M	皮卡	Chevrolet	S10	1999			Extended	6	PK-M	17: Chevrolet S10 1983-2004 Incl: 4WD/Xtreme/ZR2  Extended/Crew 4.5-6 PK-M
453	1	OK	17	PK-M	皮卡	Chevrolet	S10	1999	4WD		Extended	6	PK-M	17: Chevrolet S10 1983-2004 Incl: 4WD/Xtreme/ZR2  Extended/Crew 4.5-6 PK-M
454	1	OK	17	PK-M	皮卡	Chevrolet	S10	1999	Xtreme		Extended	6	PK-M	17: Chevrolet S10 1983-2004 Incl: 4WD/Xtreme/ZR2  Extended/Crew 4.5-6 PK-M
455	1	OK	17	PK-M	皮卡	Chevrolet	S10	1999	ZR2		Extended	6	PK-M	17: Chevrolet S10 1983-2004 Incl: 4WD/Xtreme/ZR2  Extended/Crew 4.5-6 PK-M
456	1	OK	20	PK-M	皮卡	Chevrolet	S10	1999			Regular	6	PK-M	20: Chevrolet S10 1999-2003 Incl: 4WD  Regular 6 PK-M
457	1	OK	20	PK-M	皮卡	Chevrolet	S10	1999	4WD		Regular	6	PK-M	20: Chevrolet S10 1999-2003 Incl: 4WD  Regular 6 PK-M
458	1	OK	19	PK-M	皮卡	Chevrolet	S10	1999	Xtreme		Regular	6	PK-M	19: Chevrolet S10 1998-2003 EV/Xtreme/ZR2  Regular 6 PK-M
459	1	OK	19	PK-M	皮卡	Chevrolet	S10	1999	ZR2		Regular	6	PK-M	19: Chevrolet S10 1998-2003 EV/Xtreme/ZR2  Regular 6 PK-M
460	1	OK	16	PK-M	皮卡	Chevrolet	S10	1999			Regular	7.5	PK-M	16: Chevrolet S10 1982-2003 Incl: 4WD  Regular 7.5 PK-M
461	1	OK	16	PK-M	皮卡	Chevrolet	S10	1999	4WD		Regular	7.5	PK-M	16: Chevrolet S10 1982-2003 Incl: 4WD  Regular 7.5 PK-M
462	1	OK	17	PK-M	皮卡	Chevrolet	S10	2000			Extended	6	PK-M	17: Chevrolet S10 1983-2004 Incl: 4WD/Xtreme/ZR2  Extended/Crew 4.5-6 PK-M
463	1	OK	17	PK-M	皮卡	Chevrolet	S10	2000	4WD		Extended	6	PK-M	17: Chevrolet S10 1983-2004 Incl: 4WD/Xtreme/ZR2  Extended/Crew 4.5-6 PK-M
464	1	OK	17	PK-M	皮卡	Chevrolet	S10	2000	Xtreme		Extended	6	PK-M	17: Chevrolet S10 1983-2004 Incl: 4WD/Xtreme/ZR2  Extended/Crew 4.5-6 PK-M
465	1	OK	17	PK-M	皮卡	Chevrolet	S10	2000	ZR2		Extended	6	PK-M	17: Chevrolet S10 1983-2004 Incl: 4WD/Xtreme/ZR2  Extended/Crew 4.5-6 PK-M
466	1	OK	20	PK-M	皮卡	Chevrolet	S10	2000			Regular	6	PK-M	20: Chevrolet S10 1999-2003 Incl: 4WD  Regular 6 PK-M
467	1	OK	20	PK-M	皮卡	Chevrolet	S10	2000	4WD		Regular	6	PK-M	20: Chevrolet S10 1999-2003 Incl: 4WD  Regular 6 PK-M
468	1	OK	19	PK-M	皮卡	Chevrolet	S10	2000	Xtreme		Regular	6	PK-M	19: Chevrolet S10 1998-2003 EV/Xtreme/ZR2  Regular 6 PK-M
469	1	OK	16	PK-M	皮卡	Chevrolet	S10	2000			Regular	7.5	PK-M	16: Chevrolet S10 1982-2003 Incl: 4WD  Regular 7.5 PK-M
470	1	OK	17	PK-M	皮卡	Chevrolet	S10	2001	4WD		Crew	4.5	PK-M	17: Chevrolet S10 1983-2004 Incl: 4WD/Xtreme/ZR2  Extended/Crew 4.5-6 PK-M
471	1	OK	17	PK-M	皮卡	Chevrolet	S10	2001			Extended	6	PK-M	17: Chevrolet S10 1983-2004 Incl: 4WD/Xtreme/ZR2  Extended/Crew 4.5-6 PK-M
472	1	OK	17	PK-M	皮卡	Chevrolet	S10	2001	4WD		Extended	6	PK-M	17: Chevrolet S10 1983-2004 Incl: 4WD/Xtreme/ZR2  Extended/Crew 4.5-6 PK-M
473	1	OK	17	PK-M	皮卡	Chevrolet	S10	2001	Xtreme		Extended	6	PK-M	17: Chevrolet S10 1983-2004 Incl: 4WD/Xtreme/ZR2  Extended/Crew 4.5-6 PK-M
474	1	OK	17	PK-M	皮卡	Chevrolet	S10	2001	ZR2		Extended	6	PK-M	17: Chevrolet S10 1983-2004 Incl: 4WD/Xtreme/ZR2  Extended/Crew 4.5-6 PK-M
475	1	OK	20	PK-M	皮卡	Chevrolet	S10	2001			Regular	6	PK-M	20: Chevrolet S10 1999-2003 Incl: 4WD  Regular 6 PK-M
476	1	OK	19	PK-M	皮卡	Chevrolet	S10	2001	Xtreme		Regular	6	PK-M	19: Chevrolet S10 1998-2003 EV/Xtreme/ZR2  Regular 6 PK-M
477	1	OK	16	PK-M	皮卡	Chevrolet	S10	2001			Regular	7.5	PK-M	16: Chevrolet S10 1982-2003 Incl: 4WD  Regular 7.5 PK-M
478	1	OK	17	PK-M	皮卡	Chevrolet	S10	2002	4WD		Crew	4.5	PK-M	17: Chevrolet S10 1983-2004 Incl: 4WD/Xtreme/ZR2  Extended/Crew 4.5-6 PK-M
479	1	OK	17	PK-M	皮卡	Chevrolet	S10	2002			Extended	6	PK-M	17: Chevrolet S10 1983-2004 Incl: 4WD/Xtreme/ZR2  Extended/Crew 4.5-6 PK-M
480	1	OK	17	PK-M	皮卡	Chevrolet	S10	2002	4WD		Extended	6	PK-M	17: Chevrolet S10 1983-2004 Incl: 4WD/Xtreme/ZR2  Extended/Crew 4.5-6 PK-M
481	1	OK	17	PK-M	皮卡	Chevrolet	S10	2002	Xtreme		Extended	6	PK-M	17: Chevrolet S10 1983-2004 Incl: 4WD/Xtreme/ZR2  Extended/Crew 4.5-6 PK-M
482	1	OK	17	PK-M	皮卡	Chevrolet	S10	2002	ZR2		Extended	6	PK-M	17: Chevrolet S10 1983-2004 Incl: 4WD/Xtreme/ZR2  Extended/Crew 4.5-6 PK-M
483	1	OK	20	PK-M	皮卡	Chevrolet	S10	2002			Regular	6	PK-M	20: Chevrolet S10 1999-2003 Incl: 4WD  Regular 6 PK-M
484	1	OK	19	PK-M	皮卡	Chevrolet	S10	2002	Xtreme		Regular	6	PK-M	19: Chevrolet S10 1998-2003 EV/Xtreme/ZR2  Regular 6 PK-M
485	1	OK	16	PK-M	皮卡	Chevrolet	S10	2002			Regular	7.5	PK-M	16: Chevrolet S10 1982-2003 Incl: 4WD  Regular 7.5 PK-M
486	1	OK	17	PK-M	皮卡	Chevrolet	S10	2003	4WD		Crew	4.5	PK-M	17: Chevrolet S10 1983-2004 Incl: 4WD/Xtreme/ZR2  Extended/Crew 4.5-6 PK-M
487	1	OK	17	PK-M	皮卡	Chevrolet	S10	2003			Extended	6	PK-M	17: Chevrolet S10 1983-2004 Incl: 4WD/Xtreme/ZR2  Extended/Crew 4.5-6 PK-M
488	1	OK	17	PK-M	皮卡	Chevrolet	S10	2003	4WD		Extended	6	PK-M	17: Chevrolet S10 1983-2004 Incl: 4WD/Xtreme/ZR2  Extended/Crew 4.5-6 PK-M
489	1	OK	17	PK-M	皮卡	Chevrolet	S10	2003	Xtreme		Extended	6	PK-M	17: Chevrolet S10 1983-2004 Incl: 4WD/Xtreme/ZR2  Extended/Crew 4.5-6 PK-M
490	1	OK	17	PK-M	皮卡	Chevrolet	S10	2003	ZR2		Extended	6	PK-M	17: Chevrolet S10 1983-2004 Incl: 4WD/Xtreme/ZR2  Extended/Crew 4.5-6 PK-M
491	1	OK	20	PK-M	皮卡	Chevrolet	S10	2003			Regular	6	PK-M	20: Chevrolet S10 1999-2003 Incl: 4WD  Regular 6 PK-M
492	1	OK	19	PK-M	皮卡	Chevrolet	S10	2003	Xtreme		Regular	6	PK-M	19: Chevrolet S10 1998-2003 EV/Xtreme/ZR2  Regular 6 PK-M
493	1	OK	16	PK-M	皮卡	Chevrolet	S10	2003			Regular	7.5	PK-M	16: Chevrolet S10 1982-2003 Incl: 4WD  Regular 7.5 PK-M
494	1	OK	17	PK-M	皮卡	Chevrolet	S10	2004	4WD		Crew	4.5	PK-M	17: Chevrolet S10 1983-2004 Incl: 4WD/Xtreme/ZR2  Extended/Crew 4.5-6 PK-M
495	1	OK	33	PK-M	皮卡	Chevrolet	SSR	2003			Regular	4.1	PK-M	33: Chevrolet SSR 2003-2006   Regular 4.1 PK-M
496	1	OK	33	PK-M	皮卡	Chevrolet	SSR	2004			Regular	4.1	PK-M	33: Chevrolet SSR 2003-2006   Regular 4.1 PK-M
497	1	OK	33	PK-M	皮卡	Chevrolet	SSR	2005			Regular	4.1	PK-M	33: Chevrolet SSR 2003-2006   Regular 4.1 PK-M
498	1	OK	33	PK-M	皮卡	Chevrolet	SSR	2006			Regular	4.1	PK-M	33: Chevrolet SSR 2003-2006   Regular 4.1 PK-M
499	1	OK	21	PK-L	皮卡	Chevrolet	Silverado 1500	1999			Extended	6.5	PK-L	21: Chevrolet Silverado 1500 1999-2026   Extended/Crew/Double 5.8-6.6 PK-L
500	1	OK	35	PK-L	皮卡	Chevrolet	Silverado 1500	1999			Regular	8	PK-L	35: Chevrolet Silverado 1500 1999-2026   Regular 8 PK-L
501	1	OK	34	PK-XXL	皮卡	Chevrolet	Silverado 1500	1999			Extended	8	PK-XXL	34: Chevrolet Silverado 1500 1999-2013   Extended 8 PK-XXL
502	1	OK	21	PK-L	皮卡	Chevrolet	Silverado 1500	2000			Extended	6.5	PK-L	21: Chevrolet Silverado 1500 1999-2026   Extended/Crew/Double 5.8-6.6 PK-L
503	1	OK	35	PK-L	皮卡	Chevrolet	Silverado 1500	2000			Regular	8	PK-L	35: Chevrolet Silverado 1500 1999-2026   Regular 8 PK-L
504	1	OK	34	PK-XXL	皮卡	Chevrolet	Silverado 1500	2000			Extended	8	PK-XXL	34: Chevrolet Silverado 1500 1999-2013   Extended 8 PK-XXL
505	1	OK	21	PK-L	皮卡	Chevrolet	Silverado 1500	2001			Extended	6.5	PK-L	21: Chevrolet Silverado 1500 1999-2026   Extended/Crew/Double 5.8-6.6 PK-L
506	1	OK	35	PK-L	皮卡	Chevrolet	Silverado 1500	2001			Regular	8	PK-L	35: Chevrolet Silverado 1500 1999-2026   Regular 8 PK-L
507	1	OK	34	PK-XXL	皮卡	Chevrolet	Silverado 1500	2001			Extended	8	PK-XXL	34: Chevrolet Silverado 1500 1999-2013   Extended 8 PK-XXL
508	1	OK	21	PK-L	皮卡	Chevrolet	Silverado 1500	2002			Extended	6.5	PK-L	21: Chevrolet Silverado 1500 1999-2026   Extended/Crew/Double 5.8-6.6 PK-L
509	1	OK	35	PK-L	皮卡	Chevrolet	Silverado 1500	2002			Regular	8	PK-L	35: Chevrolet Silverado 1500 1999-2026   Regular 8 PK-L
510	1	OK	34	PK-XXL	皮卡	Chevrolet	Silverado 1500	2002			Extended	8	PK-XXL	34: Chevrolet Silverado 1500 1999-2013   Extended 8 PK-XXL
511	1	OK	21	PK-L	皮卡	Chevrolet	Silverado 1500	2003			Extended	6.5	PK-L	21: Chevrolet Silverado 1500 1999-2026   Extended/Crew/Double 5.8-6.6 PK-L
512	1	OK	35	PK-L	皮卡	Chevrolet	Silverado 1500	2003			Regular	8	PK-L	35: Chevrolet Silverado 1500 1999-2026   Regular 8 PK-L
513	1	OK	34	PK-XXL	皮卡	Chevrolet	Silverado 1500	2003			Extended	8	PK-XXL	34: Chevrolet Silverado 1500 1999-2013   Extended 8 PK-XXL
514	1	OK	21	PK-L	皮卡	Chevrolet	Silverado 1500	2004			Crew	5.8	PK-L	21: Chevrolet Silverado 1500 1999-2026   Extended/Crew/Double 5.8-6.6 PK-L
515	1	OK	21	PK-L	皮卡	Chevrolet	Silverado 1500	2004			Extended	6.5	PK-L	21: Chevrolet Silverado 1500 1999-2026   Extended/Crew/Double 5.8-6.6 PK-L
516	1	OK	35	PK-L	皮卡	Chevrolet	Silverado 1500	2004			Regular	8	PK-L	35: Chevrolet Silverado 1500 1999-2026   Regular 8 PK-L
517	1	OK	34	PK-XXL	皮卡	Chevrolet	Silverado 1500	2004			Extended	8	PK-XXL	34: Chevrolet Silverado 1500 1999-2013   Extended 8 PK-XXL
518	1	OK	21	PK-L	皮卡	Chevrolet	Silverado 1500	2005			Crew	5.8	PK-L	21: Chevrolet Silverado 1500 1999-2026   Extended/Crew/Double 5.8-6.6 PK-L
519	1	OK	21	PK-L	皮卡	Chevrolet	Silverado 1500	2005			Extended	6.5	PK-L	21: Chevrolet Silverado 1500 1999-2026   Extended/Crew/Double 5.8-6.6 PK-L
520	1	OK	35	PK-L	皮卡	Chevrolet	Silverado 1500	2005			Regular	8	PK-L	35: Chevrolet Silverado 1500 1999-2026   Regular 8 PK-L
521	1	OK	34	PK-XXL	皮卡	Chevrolet	Silverado 1500	2005			Extended	8	PK-XXL	34: Chevrolet Silverado 1500 1999-2013   Extended 8 PK-XXL
522	1	OK	21	PK-L	皮卡	Chevrolet	Silverado 1500	2006			Crew	5.8	PK-L	21: Chevrolet Silverado 1500 1999-2026   Extended/Crew/Double 5.8-6.6 PK-L
523	1	OK	21	PK-L	皮卡	Chevrolet	Silverado 1500	2006			Extended	6.5	PK-L	21: Chevrolet Silverado 1500 1999-2026   Extended/Crew/Double 5.8-6.6 PK-L
524	1	OK	35	PK-L	皮卡	Chevrolet	Silverado 1500	2006			Regular	8	PK-L	35: Chevrolet Silverado 1500 1999-2026   Regular 8 PK-L
525	1	OK	34	PK-XXL	皮卡	Chevrolet	Silverado 1500	2006			Extended	8	PK-XXL	34: Chevrolet Silverado 1500 1999-2013   Extended 8 PK-XXL
526	1	OK	21	PK-L	皮卡	Chevrolet	Silverado 1500	2007			Crew	5.8	PK-L	21: Chevrolet Silverado 1500 1999-2026   Extended/Crew/Double 5.8-6.6 PK-L
527	1	OK	21	PK-L	皮卡	Chevrolet	Silverado 1500	2007			Extended	6.5	PK-L	21: Chevrolet Silverado 1500 1999-2026   Extended/Crew/Double 5.8-6.6 PK-L
528	1	OK	35	PK-L	皮卡	Chevrolet	Silverado 1500	2007			Regular	8	PK-L	35: Chevrolet Silverado 1500 1999-2026   Regular 8 PK-L
529	1	OK	36	PK-M	皮卡	Chevrolet	Silverado 1500	2007			Regular	6.6	PK-M	36: Chevrolet Silverado 1500 2007-2018   Regular 6.6 PK-M
530	1	OK	34	PK-XXL	皮卡	Chevrolet	Silverado 1500	2007			Extended	8	PK-XXL	34: Chevrolet Silverado 1500 1999-2013   Extended 8 PK-XXL
531	1	OK	21	PK-L	皮卡	Chevrolet	Silverado 1500	2008			Crew	5.8	PK-L	21: Chevrolet Silverado 1500 1999-2026   Extended/Crew/Double 5.8-6.6 PK-L
532	1	OK	21	PK-L	皮卡	Chevrolet	Silverado 1500	2008			Extended	6.5	PK-L	21: Chevrolet Silverado 1500 1999-2026   Extended/Crew/Double 5.8-6.6 PK-L
533	1	OK	35	PK-L	皮卡	Chevrolet	Silverado 1500	2008			Regular	8	PK-L	35: Chevrolet Silverado 1500 1999-2026   Regular 8 PK-L
534	1	OK	36	PK-M	皮卡	Chevrolet	Silverado 1500	2008			Regular	6.6	PK-M	36: Chevrolet Silverado 1500 2007-2018   Regular 6.6 PK-M
535	1	OK	34	PK-XXL	皮卡	Chevrolet	Silverado 1500	2008			Extended	8	PK-XXL	34: Chevrolet Silverado 1500 1999-2013   Extended 8 PK-XXL
536	1	OK	21	PK-L	皮卡	Chevrolet	Silverado 1500	2009			Crew	5.8	PK-L	21: Chevrolet Silverado 1500 1999-2026   Extended/Crew/Double 5.8-6.6 PK-L
537	1	OK	21	PK-L	皮卡	Chevrolet	Silverado 1500	2009			Extended	6.5	PK-L	21: Chevrolet Silverado 1500 1999-2026   Extended/Crew/Double 5.8-6.6 PK-L
538	1	OK	35	PK-L	皮卡	Chevrolet	Silverado 1500	2009			Regular	8	PK-L	35: Chevrolet Silverado 1500 1999-2026   Regular 8 PK-L
539	1	OK	36	PK-M	皮卡	Chevrolet	Silverado 1500	2009			Regular	6.6	PK-M	36: Chevrolet Silverado 1500 2007-2018   Regular 6.6 PK-M
540	1	OK	34	PK-XXL	皮卡	Chevrolet	Silverado 1500	2009			Extended	8	PK-XXL	34: Chevrolet Silverado 1500 1999-2013   Extended 8 PK-XXL
541	1	OK	21	PK-L	皮卡	Chevrolet	Silverado 1500	2010			Crew	5.8	PK-L	21: Chevrolet Silverado 1500 1999-2026   Extended/Crew/Double 5.8-6.6 PK-L
542	1	OK	21	PK-L	皮卡	Chevrolet	Silverado 1500	2010			Extended	6.5	PK-L	21: Chevrolet Silverado 1500 1999-2026   Extended/Crew/Double 5.8-6.6 PK-L
543	1	OK	35	PK-L	皮卡	Chevrolet	Silverado 1500	2010			Regular	8	PK-L	35: Chevrolet Silverado 1500 1999-2026   Regular 8 PK-L
544	1	OK	36	PK-M	皮卡	Chevrolet	Silverado 1500	2010			Regular	6.6	PK-M	36: Chevrolet Silverado 1500 2007-2018   Regular 6.6 PK-M
545	1	OK	34	PK-XXL	皮卡	Chevrolet	Silverado 1500	2010			Extended	8	PK-XXL	34: Chevrolet Silverado 1500 1999-2013   Extended 8 PK-XXL
546	1	OK	21	PK-L	皮卡	Chevrolet	Silverado 1500	2011			Crew	5.8	PK-L	21: Chevrolet Silverado 1500 1999-2026   Extended/Crew/Double 5.8-6.6 PK-L
547	1	OK	21	PK-L	皮卡	Chevrolet	Silverado 1500	2011			Extended	6.5	PK-L	21: Chevrolet Silverado 1500 1999-2026   Extended/Crew/Double 5.8-6.6 PK-L
548	1	OK	35	PK-L	皮卡	Chevrolet	Silverado 1500	2011			Regular	8	PK-L	35: Chevrolet Silverado 1500 1999-2026   Regular 8 PK-L
549	1	OK	36	PK-M	皮卡	Chevrolet	Silverado 1500	2011			Regular	6.6	PK-M	36: Chevrolet Silverado 1500 2007-2018   Regular 6.6 PK-M
550	1	OK	34	PK-XXL	皮卡	Chevrolet	Silverado 1500	2011			Extended	8	PK-XXL	34: Chevrolet Silverado 1500 1999-2013   Extended 8 PK-XXL
551	1	OK	21	PK-L	皮卡	Chevrolet	Silverado 1500	2012			Crew	5.8	PK-L	21: Chevrolet Silverado 1500 1999-2026   Extended/Crew/Double 5.8-6.6 PK-L
552	1	OK	21	PK-L	皮卡	Chevrolet	Silverado 1500	2012			Extended	6.5	PK-L	21: Chevrolet Silverado 1500 1999-2026   Extended/Crew/Double 5.8-6.6 PK-L
553	1	OK	35	PK-L	皮卡	Chevrolet	Silverado 1500	2012			Regular	8	PK-L	35: Chevrolet Silverado 1500 1999-2026   Regular 8 PK-L
554	1	OK	36	PK-M	皮卡	Chevrolet	Silverado 1500	2012			Regular	6.6	PK-M	36: Chevrolet Silverado 1500 2007-2018   Regular 6.6 PK-M
555	1	OK	34	PK-XXL	皮卡	Chevrolet	Silverado 1500	2012			Extended	8	PK-XXL	34: Chevrolet Silverado 1500 1999-2013   Extended 8 PK-XXL
556	1	OK	21	PK-L	皮卡	Chevrolet	Silverado 1500	2013			Crew	5.8	PK-L	21: Chevrolet Silverado 1500 1999-2026   Extended/Crew/Double 5.8-6.6 PK-L
557	1	OK	21	PK-L	皮卡	Chevrolet	Silverado 1500	2013			Extended	6.5	PK-L	21: Chevrolet Silverado 1500 1999-2026   Extended/Crew/Double 5.8-6.6 PK-L
558	1	OK	35	PK-L	皮卡	Chevrolet	Silverado 1500	2013			Regular	8	PK-L	35: Chevrolet Silverado 1500 1999-2026   Regular 8 PK-L
559	1	OK	36	PK-M	皮卡	Chevrolet	Silverado 1500	2013			Regular	6.6	PK-M	36: Chevrolet Silverado 1500 2007-2018   Regular 6.6 PK-M
560	1	OK	34	PK-XXL	皮卡	Chevrolet	Silverado 1500	2013			Extended	8	PK-XXL	34: Chevrolet Silverado 1500 1999-2013   Extended 8 PK-XXL
561	1	OK	21	PK-L	皮卡	Chevrolet	Silverado 1500	2014			Crew	5.8	PK-L	21: Chevrolet Silverado 1500 1999-2026   Extended/Crew/Double 5.8-6.6 PK-L
562	1	OK	21	PK-L	皮卡	Chevrolet	Silverado 1500	2014			Double	6.6	PK-L	21: Chevrolet Silverado 1500 1999-2026   Extended/Crew/Double 5.8-6.6 PK-L
563	1	OK	35	PK-L	皮卡	Chevrolet	Silverado 1500	2014			Regular	8	PK-L	35: Chevrolet Silverado 1500 1999-2026   Regular 8 PK-L
564	1	OK	36	PK-M	皮卡	Chevrolet	Silverado 1500	2014			Regular	6.6	PK-M	36: Chevrolet Silverado 1500 2007-2018   Regular 6.6 PK-M
565	1	OK	21	PK-L	皮卡	Chevrolet	Silverado 1500	2015			Crew	5.8	PK-L	21: Chevrolet Silverado 1500 1999-2026   Extended/Crew/Double 5.8-6.6 PK-L
566	1	OK	21	PK-L	皮卡	Chevrolet	Silverado 1500	2015			Double	6.6	PK-L	21: Chevrolet Silverado 1500 1999-2026   Extended/Crew/Double 5.8-6.6 PK-L
567	1	OK	35	PK-L	皮卡	Chevrolet	Silverado 1500	2015			Regular	8	PK-L	35: Chevrolet Silverado 1500 1999-2026   Regular 8 PK-L
568	1	OK	36	PK-M	皮卡	Chevrolet	Silverado 1500	2015			Regular	6.6	PK-M	36: Chevrolet Silverado 1500 2007-2018   Regular 6.6 PK-M
569	1	OK	21	PK-L	皮卡	Chevrolet	Silverado 1500	2016			Crew	5.8	PK-L	21: Chevrolet Silverado 1500 1999-2026   Extended/Crew/Double 5.8-6.6 PK-L
570	1	OK	21	PK-L	皮卡	Chevrolet	Silverado 1500	2016			Double	6.6	PK-L	21: Chevrolet Silverado 1500 1999-2026   Extended/Crew/Double 5.8-6.6 PK-L
571	1	OK	35	PK-L	皮卡	Chevrolet	Silverado 1500	2016			Regular	8	PK-L	35: Chevrolet Silverado 1500 1999-2026   Regular 8 PK-L
572	1	OK	36	PK-M	皮卡	Chevrolet	Silverado 1500	2016			Regular	6.6	PK-M	36: Chevrolet Silverado 1500 2007-2018   Regular 6.6 PK-M
573	1	OK	21	PK-L	皮卡	Chevrolet	Silverado 1500	2017			Crew	5.8	PK-L	21: Chevrolet Silverado 1500 1999-2026   Extended/Crew/Double 5.8-6.6 PK-L
574	1	OK	21	PK-L	皮卡	Chevrolet	Silverado 1500	2017			Double	6.6	PK-L	21: Chevrolet Silverado 1500 1999-2026   Extended/Crew/Double 5.8-6.6 PK-L
575	1	OK	35	PK-L	皮卡	Chevrolet	Silverado 1500	2017			Regular	8	PK-L	35: Chevrolet Silverado 1500 1999-2026   Regular 8 PK-L
576	1	OK	36	PK-M	皮卡	Chevrolet	Silverado 1500	2017			Regular	6.6	PK-M	36: Chevrolet Silverado 1500 2007-2018   Regular 6.6 PK-M
577	1	OK	21	PK-L	皮卡	Chevrolet	Silverado 1500	2018			Crew	5.8	PK-L	21: Chevrolet Silverado 1500 1999-2026   Extended/Crew/Double 5.8-6.6 PK-L
578	1	OK	21	PK-L	皮卡	Chevrolet	Silverado 1500	2018			Double	6.6	PK-L	21: Chevrolet Silverado 1500 1999-2026   Extended/Crew/Double 5.8-6.6 PK-L
579	1	OK	35	PK-L	皮卡	Chevrolet	Silverado 1500	2018			Regular	8	PK-L	35: Chevrolet Silverado 1500 1999-2026   Regular 8 PK-L
580	1	OK	36	PK-M	皮卡	Chevrolet	Silverado 1500	2018			Regular	6.6	PK-M	36: Chevrolet Silverado 1500 2007-2018   Regular 6.6 PK-M
581	1	OK	21	PK-L	皮卡	Chevrolet	Silverado 1500	2019			Crew	5.8	PK-L	21: Chevrolet Silverado 1500 1999-2026   Extended/Crew/Double 5.8-6.6 PK-L
582	1	OK	21	PK-L	皮卡	Chevrolet	Silverado 1500	2019			Double	6.6	PK-L	21: Chevrolet Silverado 1500 1999-2026   Extended/Crew/Double 5.8-6.6 PK-L
583	1	OK	35	PK-L	皮卡	Chevrolet	Silverado 1500	2019			Regular	8	PK-L	35: Chevrolet Silverado 1500 1999-2026   Regular 8 PK-L
584	1	OK	21	PK-L	皮卡	Chevrolet	Silverado 1500	2020			Crew	5.8	PK-L	21: Chevrolet Silverado 1500 1999-2026   Extended/Crew/Double 5.8-6.6 PK-L
585	1	OK	21	PK-L	皮卡	Chevrolet	Silverado 1500	2020			Double	6.6	PK-L	21: Chevrolet Silverado 1500 1999-2026   Extended/Crew/Double 5.8-6.6 PK-L
586	1	OK	35	PK-L	皮卡	Chevrolet	Silverado 1500	2020			Regular	8	PK-L	35: Chevrolet Silverado 1500 1999-2026   Regular 8 PK-L
587	1	OK	21	PK-L	皮卡	Chevrolet	Silverado 1500	2021			Crew	5.8	PK-L	21: Chevrolet Silverado 1500 1999-2026   Extended/Crew/Double 5.8-6.6 PK-L
588	1	OK	21	PK-L	皮卡	Chevrolet	Silverado 1500	2021			Double	6.6	PK-L	21: Chevrolet Silverado 1500 1999-2026   Extended/Crew/Double 5.8-6.6 PK-L
589	1	OK	35	PK-L	皮卡	Chevrolet	Silverado 1500	2021			Regular	8	PK-L	35: Chevrolet Silverado 1500 1999-2026   Regular 8 PK-L
590	1	OK	37	PK-XL	皮卡	Chevrolet	Silverado 1500	2021	Trail Boss		Crew	5.8	PK-XL	37: Chevrolet Silverado 1500 2021-2026 Trail Boss  Crew 5.8 PK-XL
591	1	OK	21	PK-L	皮卡	Chevrolet	Silverado 1500	2022			Crew	5.8	PK-L	21: Chevrolet Silverado 1500 1999-2026   Extended/Crew/Double 5.8-6.6 PK-L
592	1	OK	21	PK-L	皮卡	Chevrolet	Silverado 1500	2022			Double	6.6	PK-L	21: Chevrolet Silverado 1500 1999-2026   Extended/Crew/Double 5.8-6.6 PK-L
593	1	OK	35	PK-L	皮卡	Chevrolet	Silverado 1500	2022			Regular	8	PK-L	35: Chevrolet Silverado 1500 1999-2026   Regular 8 PK-L
594	1	OK	38	PK-M+	皮卡	Chevrolet	Silverado 1500	2022			Regular	6.6	PK-M+	38: Chevrolet Silverado 1500 2022-2026   Regular 6.6 PK-M+
595	1	OK	37	PK-XL	皮卡	Chevrolet	Silverado 1500	2022	Trail Boss		Crew	5.8	PK-XL	37: Chevrolet Silverado 1500 2021-2026 Trail Boss  Crew 5.8 PK-XL
596	1	OK	21	PK-L	皮卡	Chevrolet	Silverado 1500	2023			Crew	5.8	PK-L	21: Chevrolet Silverado 1500 1999-2026   Extended/Crew/Double 5.8-6.6 PK-L
597	1	OK	21	PK-L	皮卡	Chevrolet	Silverado 1500	2023			Double	6.6	PK-L	21: Chevrolet Silverado 1500 1999-2026   Extended/Crew/Double 5.8-6.6 PK-L
598	1	OK	35	PK-L	皮卡	Chevrolet	Silverado 1500	2023			Regular	8	PK-L	35: Chevrolet Silverado 1500 1999-2026   Regular 8 PK-L
599	1	OK	38	PK-M+	皮卡	Chevrolet	Silverado 1500	2023			Regular	6.6	PK-M+	38: Chevrolet Silverado 1500 2022-2026   Regular 6.6 PK-M+
600	1	OK	37	PK-XL	皮卡	Chevrolet	Silverado 1500	2023	Trail Boss		Crew	5.8	PK-XL	37: Chevrolet Silverado 1500 2021-2026 Trail Boss  Crew 5.8 PK-XL
601	1	OK	21	PK-L	皮卡	Chevrolet	Silverado 1500	2024			Crew	5.8	PK-L	21: Chevrolet Silverado 1500 1999-2026   Extended/Crew/Double 5.8-6.6 PK-L
602	1	OK	21	PK-L	皮卡	Chevrolet	Silverado 1500	2024			Double	6.6	PK-L	21: Chevrolet Silverado 1500 1999-2026   Extended/Crew/Double 5.8-6.6 PK-L
603	1	OK	35	PK-L	皮卡	Chevrolet	Silverado 1500	2024			Regular	8	PK-L	35: Chevrolet Silverado 1500 1999-2026   Regular 8 PK-L
604	1	OK	38	PK-M+	皮卡	Chevrolet	Silverado 1500	2024			Regular	6.6	PK-M+	38: Chevrolet Silverado 1500 2022-2026   Regular 6.6 PK-M+
605	1	OK	37	PK-XL	皮卡	Chevrolet	Silverado 1500	2024	Trail Boss		Crew	5.8	PK-XL	37: Chevrolet Silverado 1500 2021-2026 Trail Boss  Crew 5.8 PK-XL
606	1	OK	21	PK-L	皮卡	Chevrolet	Silverado 1500	2025			Crew	5.8	PK-L	21: Chevrolet Silverado 1500 1999-2026   Extended/Crew/Double 5.8-6.6 PK-L
607	1	OK	21	PK-L	皮卡	Chevrolet	Silverado 1500	2025			Double	6.6	PK-L	21: Chevrolet Silverado 1500 1999-2026   Extended/Crew/Double 5.8-6.6 PK-L
608	1	OK	35	PK-L	皮卡	Chevrolet	Silverado 1500	2025			Regular	8	PK-L	35: Chevrolet Silverado 1500 1999-2026   Regular 8 PK-L
609	1	OK	38	PK-M+	皮卡	Chevrolet	Silverado 1500	2025			Regular	6.6	PK-M+	38: Chevrolet Silverado 1500 2022-2026   Regular 6.6 PK-M+
610	1	OK	37	PK-XL	皮卡	Chevrolet	Silverado 1500	2025	Trail Boss		Crew	5.8	PK-XL	37: Chevrolet Silverado 1500 2021-2026 Trail Boss  Crew 5.8 PK-XL
611	1	OK	21	PK-L	皮卡	Chevrolet	Silverado 1500	2026			Crew	5.8	PK-L	21: Chevrolet Silverado 1500 1999-2026   Extended/Crew/Double 5.8-6.6 PK-L
612	1	OK	21	PK-L	皮卡	Chevrolet	Silverado 1500	2026			Double	6.6	PK-L	21: Chevrolet Silverado 1500 1999-2026   Extended/Crew/Double 5.8-6.6 PK-L
613	1	OK	35	PK-L	皮卡	Chevrolet	Silverado 1500	2026			Regular	8	PK-L	35: Chevrolet Silverado 1500 1999-2026   Regular 8 PK-L
614	1	OK	38	PK-M+	皮卡	Chevrolet	Silverado 1500	2026			Regular	6.6	PK-M+	38: Chevrolet Silverado 1500 2022-2026   Regular 6.6 PK-M+
615	1	OK	37	PK-XL	皮卡	Chevrolet	Silverado 1500	2026	Trail Boss		Crew	5.8	PK-XL	37: Chevrolet Silverado 1500 2021-2026 Trail Boss  Crew 5.8 PK-XL
616	1	OK	22	PK-XL	皮卡	Chevrolet	Silverado 1500HD	2001			Crew	6.6	PK-XL	22: Chevrolet Silverado 1500HD 2001-2007 Incl: Classic  Crew 6.6 PK-XL
617	1	OK	22	PK-XL	皮卡	Chevrolet	Silverado 1500HD	2002			Crew	6.6	PK-XL	22: Chevrolet Silverado 1500HD 2001-2007 Incl: Classic  Crew 6.6 PK-XL
618	1	OK	22	PK-XL	皮卡	Chevrolet	Silverado 1500HD	2003			Crew	6.6	PK-XL	22: Chevrolet Silverado 1500HD 2001-2007 Incl: Classic  Crew 6.6 PK-XL
619	1	OK	22	PK-XL	皮卡	Chevrolet	Silverado 1500HD	2005			Crew	6.6	PK-XL	22: Chevrolet Silverado 1500HD 2001-2007 Incl: Classic  Crew 6.6 PK-XL
620	1	OK	22	PK-XL	皮卡	Chevrolet	Silverado 1500HD	2006			Crew	6.6	PK-XL	22: Chevrolet Silverado 1500HD 2001-2007 Incl: Classic  Crew 6.6 PK-XL
621	1	OK	22	PK-XL	皮卡	Chevrolet	Silverado 1500HD	2007	Classic		Crew	6.6	PK-XL	22: Chevrolet Silverado 1500HD 2001-2007 Incl: Classic  Crew 6.6 PK-XL
622	1	OK	40	PK-L	皮卡	Chevrolet	Silverado 2500HD/3500HD	2001			Regular	8	PK-L	40: Chevrolet Silverado 2500HD/3500HD 2001-2019   Regular 8 PK-L
623	1	OK	39	PK-XXXL	皮卡	Chevrolet	Silverado 2500HD/3500HD	2001			Crew	8	PK-XXXL	39: Chevrolet Silverado 2500HD/3500HD 2001-2014   Crew 8 PK-XXXL
624	1	OK	40	PK-L	皮卡	Chevrolet	Silverado 2500HD/3500HD	2002			Regular	8	PK-L	40: Chevrolet Silverado 2500HD/3500HD 2001-2019   Regular 8 PK-L
625	1	OK	39	PK-XXXL	皮卡	Chevrolet	Silverado 2500HD/3500HD	2002			Crew	8	PK-XXXL	39: Chevrolet Silverado 2500HD/3500HD 2001-2014   Crew 8 PK-XXXL
626	1	OK	40	PK-L	皮卡	Chevrolet	Silverado 2500HD/3500HD	2003			Regular	8	PK-L	40: Chevrolet Silverado 2500HD/3500HD 2001-2019   Regular 8 PK-L
627	1	OK	39	PK-XXXL	皮卡	Chevrolet	Silverado 2500HD/3500HD	2003			Crew	8	PK-XXXL	39: Chevrolet Silverado 2500HD/3500HD 2001-2014   Crew 8 PK-XXXL
628	1	OK	40	PK-L	皮卡	Chevrolet	Silverado 2500HD/3500HD	2004			Regular	8	PK-L	40: Chevrolet Silverado 2500HD/3500HD 2001-2019   Regular 8 PK-L
629	1	OK	39	PK-XXXL	皮卡	Chevrolet	Silverado 2500HD/3500HD	2004			Crew	8	PK-XXXL	39: Chevrolet Silverado 2500HD/3500HD 2001-2014   Crew 8 PK-XXXL
630	1	OK	40	PK-L	皮卡	Chevrolet	Silverado 2500HD/3500HD	2005			Regular	8	PK-L	40: Chevrolet Silverado 2500HD/3500HD 2001-2019   Regular 8 PK-L
631	1	OK	39	PK-XXXL	皮卡	Chevrolet	Silverado 2500HD/3500HD	2005			Crew	8	PK-XXXL	39: Chevrolet Silverado 2500HD/3500HD 2001-2014   Crew 8 PK-XXXL
632	1	OK	40	PK-L	皮卡	Chevrolet	Silverado 2500HD/3500HD	2006			Regular	8	PK-L	40: Chevrolet Silverado 2500HD/3500HD 2001-2019   Regular 8 PK-L
633	1	OK	39	PK-XXXL	皮卡	Chevrolet	Silverado 2500HD/3500HD	2006			Crew	8	PK-XXXL	39: Chevrolet Silverado 2500HD/3500HD 2001-2014   Crew 8 PK-XXXL
634	1	OK	40	PK-L	皮卡	Chevrolet	Silverado 2500HD/3500HD	2007			Regular	8	PK-L	40: Chevrolet Silverado 2500HD/3500HD 2001-2019   Regular 8 PK-L
635	1	OK	39	PK-XXXL	皮卡	Chevrolet	Silverado 2500HD/3500HD	2007			Crew	8	PK-XXXL	39: Chevrolet Silverado 2500HD/3500HD 2001-2014   Crew 8 PK-XXXL
636	1	OK	40	PK-L	皮卡	Chevrolet	Silverado 2500HD/3500HD	2008			Regular	8	PK-L	40: Chevrolet Silverado 2500HD/3500HD 2001-2019   Regular 8 PK-L
637	1	OK	41	PK-XL	皮卡	Chevrolet	Silverado 2500HD/3500HD	2008			Crew	6.5	PK-XL	41: Chevrolet Silverado 2500HD/3500HD 2008-2019   Crew 6.5 PK-XL
638	1	OK	39	PK-XXXL	皮卡	Chevrolet	Silverado 2500HD/3500HD	2008			Crew	8	PK-XXXL	39: Chevrolet Silverado 2500HD/3500HD 2001-2014   Crew 8 PK-XXXL
639	1	OK	40	PK-L	皮卡	Chevrolet	Silverado 2500HD/3500HD	2009			Regular	8	PK-L	40: Chevrolet Silverado 2500HD/3500HD 2001-2019   Regular 8 PK-L
640	1	OK	41	PK-XL	皮卡	Chevrolet	Silverado 2500HD/3500HD	2009			Crew	6.5	PK-XL	41: Chevrolet Silverado 2500HD/3500HD 2008-2019   Crew 6.5 PK-XL
641	1	OK	39	PK-XXXL	皮卡	Chevrolet	Silverado 2500HD/3500HD	2009			Crew	8	PK-XXXL	39: Chevrolet Silverado 2500HD/3500HD 2001-2014   Crew 8 PK-XXXL
642	1	OK	40	PK-L	皮卡	Chevrolet	Silverado 2500HD/3500HD	2010			Regular	8	PK-L	40: Chevrolet Silverado 2500HD/3500HD 2001-2019   Regular 8 PK-L
643	1	OK	41	PK-XL	皮卡	Chevrolet	Silverado 2500HD/3500HD	2010			Crew	6.5	PK-XL	41: Chevrolet Silverado 2500HD/3500HD 2008-2019   Crew 6.5 PK-XL
644	1	OK	39	PK-XXXL	皮卡	Chevrolet	Silverado 2500HD/3500HD	2010			Crew	8	PK-XXXL	39: Chevrolet Silverado 2500HD/3500HD 2001-2014   Crew 8 PK-XXXL
645	1	OK	40	PK-L	皮卡	Chevrolet	Silverado 2500HD/3500HD	2011			Regular	8	PK-L	40: Chevrolet Silverado 2500HD/3500HD 2001-2019   Regular 8 PK-L
646	1	OK	41	PK-XL	皮卡	Chevrolet	Silverado 2500HD/3500HD	2011			Crew	6.5	PK-XL	41: Chevrolet Silverado 2500HD/3500HD 2008-2019   Crew 6.5 PK-XL
647	1	OK	39	PK-XXXL	皮卡	Chevrolet	Silverado 2500HD/3500HD	2011			Crew	8	PK-XXXL	39: Chevrolet Silverado 2500HD/3500HD 2001-2014   Crew 8 PK-XXXL
648	1	OK	40	PK-L	皮卡	Chevrolet	Silverado 2500HD/3500HD	2012			Regular	8	PK-L	40: Chevrolet Silverado 2500HD/3500HD 2001-2019   Regular 8 PK-L
649	1	OK	41	PK-XL	皮卡	Chevrolet	Silverado 2500HD/3500HD	2012			Crew	6.5	PK-XL	41: Chevrolet Silverado 2500HD/3500HD 2008-2019   Crew 6.5 PK-XL
650	1	OK	39	PK-XXXL	皮卡	Chevrolet	Silverado 2500HD/3500HD	2012			Crew	8	PK-XXXL	39: Chevrolet Silverado 2500HD/3500HD 2001-2014   Crew 8 PK-XXXL
651	1	OK	40	PK-L	皮卡	Chevrolet	Silverado 2500HD/3500HD	2013			Regular	8	PK-L	40: Chevrolet Silverado 2500HD/3500HD 2001-2019   Regular 8 PK-L
652	1	OK	41	PK-XL	皮卡	Chevrolet	Silverado 2500HD/3500HD	2013			Crew	6.5	PK-XL	41: Chevrolet Silverado 2500HD/3500HD 2008-2019   Crew 6.5 PK-XL
653	1	OK	39	PK-XXXL	皮卡	Chevrolet	Silverado 2500HD/3500HD	2013			Crew	8	PK-XXXL	39: Chevrolet Silverado 2500HD/3500HD 2001-2014   Crew 8 PK-XXXL
654	1	OK	40	PK-L	皮卡	Chevrolet	Silverado 2500HD/3500HD	2014			Regular	8	PK-L	40: Chevrolet Silverado 2500HD/3500HD 2001-2019   Regular 8 PK-L
655	1	OK	41	PK-XL	皮卡	Chevrolet	Silverado 2500HD/3500HD	2014			Crew	6.5	PK-XL	41: Chevrolet Silverado 2500HD/3500HD 2008-2019   Crew 6.5 PK-XL
656	1	OK	39	PK-XXXL	皮卡	Chevrolet	Silverado 2500HD/3500HD	2014			Crew	8	PK-XXXL	39: Chevrolet Silverado 2500HD/3500HD 2001-2014   Crew 8 PK-XXXL
657	1	OK	42	PK-L	皮卡	Chevrolet	Silverado 2500HD/3500HD	2015			Double	6.8	PK-L	42: Chevrolet Silverado 2500HD/3500HD 2015-2017   Double 6.8 PK-L
658	1	OK	40	PK-L	皮卡	Chevrolet	Silverado 2500HD/3500HD	2015			Regular	8	PK-L	40: Chevrolet Silverado 2500HD/3500HD 2001-2019   Regular 8 PK-L
659	1	OK	44	PK-WXXL	皮卡	Chevrolet	Silverado 2500HD/3500HD	2015	DRW		Crew	8	PK-WXXL	44: Chevrolet Silverado 2500HD/3500HD 2015-2026 DRW  Crew 8 PK-WXXL
660	1	OK	41	PK-XL	皮卡	Chevrolet	Silverado 2500HD/3500HD	2015			Crew	6.5	PK-XL	41: Chevrolet Silverado 2500HD/3500HD 2008-2019   Crew 6.5 PK-XL
661	1	OK	43	PK-XXL	皮卡	Chevrolet	Silverado 2500HD/3500HD	2015			Double	8	PK-XXL	43: Chevrolet Silverado 2500HD/3500HD 2015-2019   Double 8 PK-XXL
662	1	OK	42	PK-L	皮卡	Chevrolet	Silverado 2500HD/3500HD	2016			Double	6.8	PK-L	42: Chevrolet Silverado 2500HD/3500HD 2015-2017   Double 6.8 PK-L
663	1	OK	40	PK-L	皮卡	Chevrolet	Silverado 2500HD/3500HD	2016			Regular	8	PK-L	40: Chevrolet Silverado 2500HD/3500HD 2001-2019   Regular 8 PK-L
664	1	OK	44	PK-WXXL	皮卡	Chevrolet	Silverado 2500HD/3500HD	2016	DRW		Crew	8	PK-WXXL	44: Chevrolet Silverado 2500HD/3500HD 2015-2026 DRW  Crew 8 PK-WXXL
665	1	OK	41	PK-XL	皮卡	Chevrolet	Silverado 2500HD/3500HD	2016			Crew	6.5	PK-XL	41: Chevrolet Silverado 2500HD/3500HD 2008-2019   Crew 6.5 PK-XL
666	1	OK	43	PK-XXL	皮卡	Chevrolet	Silverado 2500HD/3500HD	2016			Double	8	PK-XXL	43: Chevrolet Silverado 2500HD/3500HD 2015-2019   Double 8 PK-XXL
667	1	OK	42	PK-L	皮卡	Chevrolet	Silverado 2500HD/3500HD	2017			Double	6.8	PK-L	42: Chevrolet Silverado 2500HD/3500HD 2015-2017   Double 6.8 PK-L
668	1	OK	40	PK-L	皮卡	Chevrolet	Silverado 2500HD/3500HD	2017			Regular	8	PK-L	40: Chevrolet Silverado 2500HD/3500HD 2001-2019   Regular 8 PK-L
669	1	OK	44	PK-WXXL	皮卡	Chevrolet	Silverado 2500HD/3500HD	2017	DRW		Crew	8	PK-WXXL	44: Chevrolet Silverado 2500HD/3500HD 2015-2026 DRW  Crew 8 PK-WXXL
670	1	OK	41	PK-XL	皮卡	Chevrolet	Silverado 2500HD/3500HD	2017			Crew	6.5	PK-XL	41: Chevrolet Silverado 2500HD/3500HD 2008-2019   Crew 6.5 PK-XL
671	1	OK	43	PK-XXL	皮卡	Chevrolet	Silverado 2500HD/3500HD	2017			Double	8	PK-XXL	43: Chevrolet Silverado 2500HD/3500HD 2015-2019   Double 8 PK-XXL
672	1	OK	40	PK-L	皮卡	Chevrolet	Silverado 2500HD/3500HD	2018			Regular	8	PK-L	40: Chevrolet Silverado 2500HD/3500HD 2001-2019   Regular 8 PK-L
673	1	OK	44	PK-WXXL	皮卡	Chevrolet	Silverado 2500HD/3500HD	2018	DRW		Crew	8	PK-WXXL	44: Chevrolet Silverado 2500HD/3500HD 2015-2026 DRW  Crew 8 PK-WXXL
674	1	OK	41	PK-XL	皮卡	Chevrolet	Silverado 2500HD/3500HD	2018			Crew	6.5	PK-XL	41: Chevrolet Silverado 2500HD/3500HD 2008-2019   Crew 6.5 PK-XL
675	1	OK	43	PK-XXL	皮卡	Chevrolet	Silverado 2500HD/3500HD	2018			Double	8	PK-XXL	43: Chevrolet Silverado 2500HD/3500HD 2015-2019   Double 8 PK-XXL
676	1	OK	40	PK-L	皮卡	Chevrolet	Silverado 2500HD/3500HD	2019			Regular	8	PK-L	40: Chevrolet Silverado 2500HD/3500HD 2001-2019   Regular 8 PK-L
677	1	OK	44	PK-WXXL	皮卡	Chevrolet	Silverado 2500HD/3500HD	2019	DRW		Crew	8	PK-WXXL	44: Chevrolet Silverado 2500HD/3500HD 2015-2026 DRW  Crew 8 PK-WXXL
678	1	OK	41	PK-XL	皮卡	Chevrolet	Silverado 2500HD/3500HD	2019			Crew	6.5	PK-XL	41: Chevrolet Silverado 2500HD/3500HD 2008-2019   Crew 6.5 PK-XL
679	1	OK	43	PK-XXL	皮卡	Chevrolet	Silverado 2500HD/3500HD	2019			Double	8	PK-XXL	43: Chevrolet Silverado 2500HD/3500HD 2015-2019   Double 8 PK-XXL
680	1	OK	44	PK-WXXL	皮卡	Chevrolet	Silverado 2500HD/3500HD	2020	DRW		Crew	8	PK-WXXL	44: Chevrolet Silverado 2500HD/3500HD 2015-2026 DRW  Crew 8 PK-WXXL
681	1	OK	45	PK-XL	皮卡	Chevrolet	Silverado 2500HD/3500HD	2020			Double	6.8	PK-XL	45: Chevrolet Silverado 2500HD/3500HD 2020-2024   Double 6.8 PK-XL
682	1	OK	48	PK-XL	皮卡	Chevrolet	Silverado 2500HD/3500HD	2020			Regular	8	PK-XL	48: Chevrolet Silverado 2500HD/3500HD 2020-2026   Regular 8 PK-XL
683	1	OK	46	PK-XXL	皮卡	Chevrolet	Silverado 2500HD/3500HD	2020			Crew	6.8	PK-XXL	46: Chevrolet Silverado 2500HD/3500HD 2020-2026   Crew 6.8 PK-XXL
684	1	OK	47	PK-XXXL	皮卡	Chevrolet	Silverado 2500HD/3500HD	2020			Double	8	PK-XXXL	47: Chevrolet Silverado 2500HD/3500HD 2020-2026   Double 8 PK-XXXL
685	1	OK	44	PK-WXXL	皮卡	Chevrolet	Silverado 2500HD/3500HD	2021	DRW		Crew	8	PK-WXXL	44: Chevrolet Silverado 2500HD/3500HD 2015-2026 DRW  Crew 8 PK-WXXL
686	1	OK	45	PK-XL	皮卡	Chevrolet	Silverado 2500HD/3500HD	2021			Double	6.8	PK-XL	45: Chevrolet Silverado 2500HD/3500HD 2020-2024   Double 6.8 PK-XL
687	1	OK	48	PK-XL	皮卡	Chevrolet	Silverado 2500HD/3500HD	2021			Regular	8	PK-XL	48: Chevrolet Silverado 2500HD/3500HD 2020-2026   Regular 8 PK-XL
688	1	OK	46	PK-XXL	皮卡	Chevrolet	Silverado 2500HD/3500HD	2021			Crew	6.8	PK-XXL	46: Chevrolet Silverado 2500HD/3500HD 2020-2026   Crew 6.8 PK-XXL
689	1	OK	47	PK-XXXL	皮卡	Chevrolet	Silverado 2500HD/3500HD	2021			Double	8	PK-XXXL	47: Chevrolet Silverado 2500HD/3500HD 2020-2026   Double 8 PK-XXXL
690	1	OK	44	PK-WXXL	皮卡	Chevrolet	Silverado 2500HD/3500HD	2022	DRW		Crew	8	PK-WXXL	44: Chevrolet Silverado 2500HD/3500HD 2015-2026 DRW  Crew 8 PK-WXXL
691	1	OK	45	PK-XL	皮卡	Chevrolet	Silverado 2500HD/3500HD	2022			Double	6.8	PK-XL	45: Chevrolet Silverado 2500HD/3500HD 2020-2024   Double 6.8 PK-XL
692	1	OK	48	PK-XL	皮卡	Chevrolet	Silverado 2500HD/3500HD	2022			Regular	8	PK-XL	48: Chevrolet Silverado 2500HD/3500HD 2020-2026   Regular 8 PK-XL
693	1	OK	46	PK-XXL	皮卡	Chevrolet	Silverado 2500HD/3500HD	2022			Crew	6.8	PK-XXL	46: Chevrolet Silverado 2500HD/3500HD 2020-2026   Crew 6.8 PK-XXL
694	1	OK	47	PK-XXXL	皮卡	Chevrolet	Silverado 2500HD/3500HD	2022			Double	8	PK-XXXL	47: Chevrolet Silverado 2500HD/3500HD 2020-2026   Double 8 PK-XXXL
695	1	OK	44	PK-WXXL	皮卡	Chevrolet	Silverado 2500HD/3500HD	2023	DRW		Crew	8	PK-WXXL	44: Chevrolet Silverado 2500HD/3500HD 2015-2026 DRW  Crew 8 PK-WXXL
696	1	OK	45	PK-XL	皮卡	Chevrolet	Silverado 2500HD/3500HD	2023			Double	6.8	PK-XL	45: Chevrolet Silverado 2500HD/3500HD 2020-2024   Double 6.8 PK-XL
697	1	OK	48	PK-XL	皮卡	Chevrolet	Silverado 2500HD/3500HD	2023			Regular	8	PK-XL	48: Chevrolet Silverado 2500HD/3500HD 2020-2026   Regular 8 PK-XL
698	1	OK	46	PK-XXL	皮卡	Chevrolet	Silverado 2500HD/3500HD	2023			Crew	6.8	PK-XXL	46: Chevrolet Silverado 2500HD/3500HD 2020-2026   Crew 6.8 PK-XXL
699	1	OK	47	PK-XXXL	皮卡	Chevrolet	Silverado 2500HD/3500HD	2023			Double	8	PK-XXXL	47: Chevrolet Silverado 2500HD/3500HD 2020-2026   Double 8 PK-XXXL
700	1	OK	44	PK-WXXL	皮卡	Chevrolet	Silverado 2500HD/3500HD	2024	DRW		Crew	8	PK-WXXL	44: Chevrolet Silverado 2500HD/3500HD 2015-2026 DRW  Crew 8 PK-WXXL
701	1	OK	45	PK-XL	皮卡	Chevrolet	Silverado 2500HD/3500HD	2024			Double	6.8	PK-XL	45: Chevrolet Silverado 2500HD/3500HD 2020-2024   Double 6.8 PK-XL
702	1	OK	48	PK-XL	皮卡	Chevrolet	Silverado 2500HD/3500HD	2024			Regular	8	PK-XL	48: Chevrolet Silverado 2500HD/3500HD 2020-2026   Regular 8 PK-XL
703	1	OK	46	PK-XXL	皮卡	Chevrolet	Silverado 2500HD/3500HD	2024			Crew	6.8	PK-XXL	46: Chevrolet Silverado 2500HD/3500HD 2020-2026   Crew 6.8 PK-XXL
704	1	OK	47	PK-XXXL	皮卡	Chevrolet	Silverado 2500HD/3500HD	2024			Double	8	PK-XXXL	47: Chevrolet Silverado 2500HD/3500HD 2020-2026   Double 8 PK-XXXL
705	1	OK	44	PK-WXXL	皮卡	Chevrolet	Silverado 2500HD/3500HD	2025	DRW		Crew	8	PK-WXXL	44: Chevrolet Silverado 2500HD/3500HD 2015-2026 DRW  Crew 8 PK-WXXL
706	1	OK	48	PK-XL	皮卡	Chevrolet	Silverado 2500HD/3500HD	2025			Regular	8	PK-XL	48: Chevrolet Silverado 2500HD/3500HD 2020-2026   Regular 8 PK-XL
707	1	OK	46	PK-XXL	皮卡	Chevrolet	Silverado 2500HD/3500HD	2025			Crew	6.8	PK-XXL	46: Chevrolet Silverado 2500HD/3500HD 2020-2026   Crew 6.8 PK-XXL
708	1	OK	47	PK-XXXL	皮卡	Chevrolet	Silverado 2500HD/3500HD	2025			Double	8	PK-XXXL	47: Chevrolet Silverado 2500HD/3500HD 2020-2026   Double 8 PK-XXXL
709	1	OK	44	PK-WXXL	皮卡	Chevrolet	Silverado 2500HD/3500HD	2026	DRW		Crew	8	PK-WXXL	44: Chevrolet Silverado 2500HD/3500HD 2015-2026 DRW  Crew 8 PK-WXXL
710	1	OK	48	PK-XL	皮卡	Chevrolet	Silverado 2500HD/3500HD	2026			Regular	8	PK-XL	48: Chevrolet Silverado 2500HD/3500HD 2020-2026   Regular 8 PK-XL
711	1	OK	46	PK-XXL	皮卡	Chevrolet	Silverado 2500HD/3500HD	2026			Crew	6.8	PK-XXL	46: Chevrolet Silverado 2500HD/3500HD 2020-2026   Crew 6.8 PK-XXL
712	1	OK	47	PK-XXXL	皮卡	Chevrolet	Silverado 2500HD/3500HD	2026			Double	8	PK-XXXL	47: Chevrolet Silverado 2500HD/3500HD 2020-2026   Double 8 PK-XXXL
713	1	OK	49	PK-XL	皮卡	Chevrolet	Silverado EV	2024			Crew	5.9	PK-XL	49: Chevrolet Silverado EV 2024-2026   Crew 5.9 PK-XL
714	1	OK	49	PK-XL	皮卡	Chevrolet	Silverado EV	2025			Crew	5.9	PK-XL	49: Chevrolet Silverado EV 2024-2026   Crew 5.9 PK-XL
715	1	OK	49	PK-XL	皮卡	Chevrolet	Silverado EV	2026			Crew	5.9	PK-XL	49: Chevrolet Silverado EV 2024-2026   Crew 5.9 PK-XL
716	1	OK	52	PK-M	皮卡	Dodge	Dakota	1987			Regular	8	PK-M	52: Dodge Dakota 1987-1989   Regular 8 PK-M
717	1	OK	51	无可用尺码	皮卡	Dodge	Dakota	1987			Regular	6.5	无可用尺码	51: Dodge Dakota 1987-1989   Regular 6.5 无可用尺码
718	1	OK	52	PK-M	皮卡	Dodge	Dakota	1988			Regular	8	PK-M	52: Dodge Dakota 1987-1989   Regular 8 PK-M
719	1	OK	51	无可用尺码	皮卡	Dodge	Dakota	1988			Regular	6.5	无可用尺码	51: Dodge Dakota 1987-1989   Regular 6.5 无可用尺码
720	1	OK	52	PK-M	皮卡	Dodge	Dakota	1989			Regular	8	PK-M	52: Dodge Dakota 1987-1989   Regular 8 PK-M
721	1	OK	51	无可用尺码	皮卡	Dodge	Dakota	1989			Regular	6.5	无可用尺码	51: Dodge Dakota 1987-1989   Regular 6.5 无可用尺码
722	1	OK	54	PK-M	皮卡	Dodge	Dakota	1990			Regular	6.5	PK-M	54: Dodge Dakota 1990-2004   Regular 6.5 PK-M
723	1	OK	50	PK-M+	皮卡	Dodge	Dakota	1990			Club	6.5	PK-M+	50: Dodge Dakota 1990-2011   Club/Quad 5.25-6.5 PK-M+
724	1	OK	53	PK-M+	皮卡	Dodge	Dakota	1990			Regular	8	PK-M+	53: Dodge Dakota 1990-1999   Regular 8 PK-M+
725	1	OK	54	PK-M	皮卡	Dodge	Dakota	1991			Regular	6.5	PK-M	54: Dodge Dakota 1990-2004   Regular 6.5 PK-M
726	1	OK	50	PK-M+	皮卡	Dodge	Dakota	1991			Club	6.5	PK-M+	50: Dodge Dakota 1990-2011   Club/Quad 5.25-6.5 PK-M+
727	1	OK	53	PK-M+	皮卡	Dodge	Dakota	1991			Regular	8	PK-M+	53: Dodge Dakota 1990-1999   Regular 8 PK-M+
728	1	OK	54	PK-M	皮卡	Dodge	Dakota	1992			Regular	6.5	PK-M	54: Dodge Dakota 1990-2004   Regular 6.5 PK-M
729	1	OK	50	PK-M+	皮卡	Dodge	Dakota	1992			Club	6.5	PK-M+	50: Dodge Dakota 1990-2011   Club/Quad 5.25-6.5 PK-M+
730	1	OK	53	PK-M+	皮卡	Dodge	Dakota	1992			Regular	8	PK-M+	53: Dodge Dakota 1990-1999   Regular 8 PK-M+
731	1	OK	54	PK-M	皮卡	Dodge	Dakota	1993			Regular	6.5	PK-M	54: Dodge Dakota 1990-2004   Regular 6.5 PK-M
732	1	OK	50	PK-M+	皮卡	Dodge	Dakota	1993			Club	6.5	PK-M+	50: Dodge Dakota 1990-2011   Club/Quad 5.25-6.5 PK-M+
733	1	OK	53	PK-M+	皮卡	Dodge	Dakota	1993			Regular	8	PK-M+	53: Dodge Dakota 1990-1999   Regular 8 PK-M+
734	1	OK	54	PK-M	皮卡	Dodge	Dakota	1994			Regular	6.5	PK-M	54: Dodge Dakota 1990-2004   Regular 6.5 PK-M
735	1	OK	50	PK-M+	皮卡	Dodge	Dakota	1994			Club	6.5	PK-M+	50: Dodge Dakota 1990-2011   Club/Quad 5.25-6.5 PK-M+
736	1	OK	53	PK-M+	皮卡	Dodge	Dakota	1994			Regular	8	PK-M+	53: Dodge Dakota 1990-1999   Regular 8 PK-M+
737	1	OK	54	PK-M	皮卡	Dodge	Dakota	1995			Regular	6.5	PK-M	54: Dodge Dakota 1990-2004   Regular 6.5 PK-M
738	1	OK	50	PK-M+	皮卡	Dodge	Dakota	1995			Club	6.5	PK-M+	50: Dodge Dakota 1990-2011   Club/Quad 5.25-6.5 PK-M+
739	1	OK	53	PK-M+	皮卡	Dodge	Dakota	1995			Regular	8	PK-M+	53: Dodge Dakota 1990-1999   Regular 8 PK-M+
740	1	OK	54	PK-M	皮卡	Dodge	Dakota	1996			Regular	6.5	PK-M	54: Dodge Dakota 1990-2004   Regular 6.5 PK-M
741	1	OK	50	PK-M+	皮卡	Dodge	Dakota	1996			Club	6.5	PK-M+	50: Dodge Dakota 1990-2011   Club/Quad 5.25-6.5 PK-M+
742	1	OK	53	PK-M+	皮卡	Dodge	Dakota	1996			Regular	8	PK-M+	53: Dodge Dakota 1990-1999   Regular 8 PK-M+
743	1	OK	54	PK-M	皮卡	Dodge	Dakota	1997			Regular	6.5	PK-M	54: Dodge Dakota 1990-2004   Regular 6.5 PK-M
744	1	OK	50	PK-M+	皮卡	Dodge	Dakota	1997			Club	6.5	PK-M+	50: Dodge Dakota 1990-2011   Club/Quad 5.25-6.5 PK-M+
745	1	OK	53	PK-M+	皮卡	Dodge	Dakota	1997			Regular	8	PK-M+	53: Dodge Dakota 1990-1999   Regular 8 PK-M+
746	1	OK	54	PK-M	皮卡	Dodge	Dakota	1998			Regular	6.5	PK-M	54: Dodge Dakota 1990-2004   Regular 6.5 PK-M
747	1	OK	50	PK-M+	皮卡	Dodge	Dakota	1998			Club	6.5	PK-M+	50: Dodge Dakota 1990-2011   Club/Quad 5.25-6.5 PK-M+
748	1	OK	53	PK-M+	皮卡	Dodge	Dakota	1998			Regular	8	PK-M+	53: Dodge Dakota 1990-1999   Regular 8 PK-M+
749	1	OK	54	PK-M	皮卡	Dodge	Dakota	1999			Regular	6.5	PK-M	54: Dodge Dakota 1990-2004   Regular 6.5 PK-M
750	1	OK	50	PK-M+	皮卡	Dodge	Dakota	1999			Club	6.5	PK-M+	50: Dodge Dakota 1990-2011   Club/Quad 5.25-6.5 PK-M+
751	1	OK	53	PK-M+	皮卡	Dodge	Dakota	1999			Regular	8	PK-M+	53: Dodge Dakota 1990-1999   Regular 8 PK-M+
752	1	OK	54	PK-M	皮卡	Dodge	Dakota	2000			Regular	6.5	PK-M	54: Dodge Dakota 1990-2004   Regular 6.5 PK-M
753	1	OK	50	PK-M+	皮卡	Dodge	Dakota	2000			Club	6.5	PK-M+	50: Dodge Dakota 1990-2011   Club/Quad 5.25-6.5 PK-M+
754	1	OK	50	PK-M+	皮卡	Dodge	Dakota	2000			Quad	5.25	PK-M+	50: Dodge Dakota 1990-2011   Club/Quad 5.25-6.5 PK-M+
755	1	OK	54	PK-M	皮卡	Dodge	Dakota	2001			Regular	6.5	PK-M	54: Dodge Dakota 1990-2004   Regular 6.5 PK-M
756	1	OK	50	PK-M+	皮卡	Dodge	Dakota	2001			Club	6.5	PK-M+	50: Dodge Dakota 1990-2011   Club/Quad 5.25-6.5 PK-M+
757	1	OK	50	PK-M+	皮卡	Dodge	Dakota	2001			Quad	5.25	PK-M+	50: Dodge Dakota 1990-2011   Club/Quad 5.25-6.5 PK-M+
758	1	OK	54	PK-M	皮卡	Dodge	Dakota	2002			Regular	6.5	PK-M	54: Dodge Dakota 1990-2004   Regular 6.5 PK-M
759	1	OK	50	PK-M+	皮卡	Dodge	Dakota	2002			Club	6.5	PK-M+	50: Dodge Dakota 1990-2011   Club/Quad 5.25-6.5 PK-M+
760	1	OK	50	PK-M+	皮卡	Dodge	Dakota	2002			Quad	5.25	PK-M+	50: Dodge Dakota 1990-2011   Club/Quad 5.25-6.5 PK-M+
761	1	OK	54	PK-M	皮卡	Dodge	Dakota	2003			Regular	6.5	PK-M	54: Dodge Dakota 1990-2004   Regular 6.5 PK-M
762	1	OK	50	PK-M+	皮卡	Dodge	Dakota	2003			Club	6.5	PK-M+	50: Dodge Dakota 1990-2011   Club/Quad 5.25-6.5 PK-M+
763	1	OK	50	PK-M+	皮卡	Dodge	Dakota	2003			Quad	5.25	PK-M+	50: Dodge Dakota 1990-2011   Club/Quad 5.25-6.5 PK-M+
764	1	OK	54	PK-M	皮卡	Dodge	Dakota	2004			Regular	6.5	PK-M	54: Dodge Dakota 1990-2004   Regular 6.5 PK-M
765	1	OK	50	PK-M+	皮卡	Dodge	Dakota	2004			Club	6.5	PK-M+	50: Dodge Dakota 1990-2011   Club/Quad 5.25-6.5 PK-M+
766	1	OK	50	PK-M+	皮卡	Dodge	Dakota	2004			Quad	5.25	PK-M+	50: Dodge Dakota 1990-2011   Club/Quad 5.25-6.5 PK-M+
767	1	OK	50	PK-M+	皮卡	Dodge	Dakota	2005			Club	6.5	PK-M+	50: Dodge Dakota 1990-2011   Club/Quad 5.25-6.5 PK-M+
768	1	OK	50	PK-M+	皮卡	Dodge	Dakota	2005			Quad	5.25	PK-M+	50: Dodge Dakota 1990-2011   Club/Quad 5.25-6.5 PK-M+
769	1	OK	50	PK-M+	皮卡	Dodge	Dakota	2006			Club	6.5	PK-M+	50: Dodge Dakota 1990-2011   Club/Quad 5.25-6.5 PK-M+
770	1	OK	50	PK-M+	皮卡	Dodge	Dakota	2006			Quad	5.25	PK-M+	50: Dodge Dakota 1990-2011   Club/Quad 5.25-6.5 PK-M+
771	1	OK	50	PK-M+	皮卡	Dodge	Dakota	2007			Club	6.5	PK-M+	50: Dodge Dakota 1990-2011   Club/Quad 5.25-6.5 PK-M+
772	1	OK	50	PK-M+	皮卡	Dodge	Dakota	2007			Quad	5.25	PK-M+	50: Dodge Dakota 1990-2011   Club/Quad 5.25-6.5 PK-M+
773	1	OK	50	PK-M+	皮卡	Dodge	Dakota	2008			Club	6.5	PK-M+	50: Dodge Dakota 1990-2011   Club/Quad 5.25-6.5 PK-M+
774	1	OK	50	PK-M+	皮卡	Dodge	Dakota	2008			Quad	5.25	PK-M+	50: Dodge Dakota 1990-2011   Club/Quad 5.25-6.5 PK-M+
775	1	OK	50	PK-M+	皮卡	Dodge	Dakota	2009			Club	6.5	PK-M+	50: Dodge Dakota 1990-2011   Club/Quad 5.25-6.5 PK-M+
776	1	OK	50	PK-M+	皮卡	Dodge	Dakota	2009			Quad	5.25	PK-M+	50: Dodge Dakota 1990-2011   Club/Quad 5.25-6.5 PK-M+
777	1	OK	50	PK-M+	皮卡	Dodge	Dakota	2010			Club	6.5	PK-M+	50: Dodge Dakota 1990-2011   Club/Quad 5.25-6.5 PK-M+
778	1	OK	50	PK-M+	皮卡	Dodge	Dakota	2010			Quad	5.25	PK-M+	50: Dodge Dakota 1990-2011   Club/Quad 5.25-6.5 PK-M+
779	1	OK	50	PK-M+	皮卡	Dodge	Dakota	2011			Club	6.5	PK-M+	50: Dodge Dakota 1990-2011   Club/Quad 5.25-6.5 PK-M+
780	1	OK	50	PK-M+	皮卡	Dodge	Dakota	2011			Quad	5.25	PK-M+	50: Dodge Dakota 1990-2011   Club/Quad 5.25-6.5 PK-M+
781	1	OK	62	PK-M	皮卡	Ford	Explorer	2001	Sport Trac		Crew	4.2	PK-M	62: Ford Explorer 2001-2005 Sport Trac  Crew 4.2 PK-M
782	1	OK	62	PK-M	皮卡	Ford	Explorer	2002	Sport Trac		Crew	4.2	PK-M	62: Ford Explorer 2001-2005 Sport Trac  Crew 4.2 PK-M
783	1	OK	62	PK-M	皮卡	Ford	Explorer	2003	Sport Trac		Crew	4.2	PK-M	62: Ford Explorer 2001-2005 Sport Trac  Crew 4.2 PK-M
784	1	OK	62	PK-M	皮卡	Ford	Explorer	2004	Sport Trac		Crew	4.2	PK-M	62: Ford Explorer 2001-2005 Sport Trac  Crew 4.2 PK-M
785	1	OK	62	PK-M	皮卡	Ford	Explorer	2005	Sport Trac		Crew	4.2	PK-M	62: Ford Explorer 2001-2005 Sport Trac  Crew 4.2 PK-M
786	1	OK	63	无可用尺码	皮卡	Ford	F-100	1953			Regular	6.5	无可用尺码	63: Ford F-100 1953-1956   Regular 6.5 无可用尺码
787	1	OK	63	无可用尺码	皮卡	Ford	F-100	1954			Regular	6.5	无可用尺码	63: Ford F-100 1953-1956   Regular 6.5 无可用尺码
788	1	OK	63	无可用尺码	皮卡	Ford	F-100	1955			Regular	6.5	无可用尺码	63: Ford F-100 1953-1956   Regular 6.5 无可用尺码
789	1	OK	64	PK-M	皮卡	Ford	F-100	1956			Regular	8	PK-M	64: Ford F-100 1956-1966   Regular 8 PK-M
790	1	OK	63	无可用尺码	皮卡	Ford	F-100	1956			Regular	6.5	无可用尺码	63: Ford F-100 1953-1956   Regular 6.5 无可用尺码
791	1	OK	65	PK-M	皮卡	Ford	F-100	1957			Regular	6.5	PK-M	65: Ford F-100 1957-1964   Regular 6.5 PK-M
792	1	OK	64	PK-M	皮卡	Ford	F-100	1957			Regular	8	PK-M	64: Ford F-100 1956-1966   Regular 8 PK-M
793	1	OK	65	PK-M	皮卡	Ford	F-100	1958			Regular	6.5	PK-M	65: Ford F-100 1957-1964   Regular 6.5 PK-M
794	1	OK	64	PK-M	皮卡	Ford	F-100	1958			Regular	8	PK-M	64: Ford F-100 1956-1966   Regular 8 PK-M
795	1	OK	65	PK-M	皮卡	Ford	F-100	1959			Regular	6.5	PK-M	65: Ford F-100 1957-1964   Regular 6.5 PK-M
796	1	OK	64	PK-M	皮卡	Ford	F-100	1959			Regular	8	PK-M	64: Ford F-100 1956-1966   Regular 8 PK-M
797	1	OK	65	PK-M	皮卡	Ford	F-100	1960			Regular	6.5	PK-M	65: Ford F-100 1957-1964   Regular 6.5 PK-M
798	1	OK	64	PK-M	皮卡	Ford	F-100	1960			Regular	8	PK-M	64: Ford F-100 1956-1966   Regular 8 PK-M
799	1	OK	65	PK-M	皮卡	Ford	F-100	1961			Regular	6.5	PK-M	65: Ford F-100 1957-1964   Regular 6.5 PK-M
800	1	OK	64	PK-M	皮卡	Ford	F-100	1961			Regular	8	PK-M	64: Ford F-100 1956-1966   Regular 8 PK-M
801	1	OK	65	PK-M	皮卡	Ford	F-100	1962			Regular	6.5	PK-M	65: Ford F-100 1957-1964   Regular 6.5 PK-M
802	1	OK	64	PK-M	皮卡	Ford	F-100	1962			Regular	8	PK-M	64: Ford F-100 1956-1966   Regular 8 PK-M
803	1	OK	65	PK-M	皮卡	Ford	F-100	1963			Regular	6.5	PK-M	65: Ford F-100 1957-1964   Regular 6.5 PK-M
804	1	OK	64	PK-M	皮卡	Ford	F-100	1963			Regular	8	PK-M	64: Ford F-100 1956-1966   Regular 8 PK-M
805	1	OK	65	PK-M	皮卡	Ford	F-100	1964			Regular	6.5	PK-M	65: Ford F-100 1957-1964   Regular 6.5 PK-M
806	1	OK	64	PK-M	皮卡	Ford	F-100	1964			Regular	8	PK-M	64: Ford F-100 1956-1966   Regular 8 PK-M
807	1	OK	64	PK-M	皮卡	Ford	F-100	1965			Regular	8	PK-M	64: Ford F-100 1956-1966   Regular 8 PK-M
808	1	OK	66	无可用尺码	皮卡	Ford	F-100	1965			Regular	6.5	无可用尺码	66: Ford F-100 1965-1966   Regular 6.5 无可用尺码
809	1	OK	64	PK-M	皮卡	Ford	F-100	1966			Regular	8	PK-M	64: Ford F-100 1956-1966   Regular 8 PK-M
810	1	OK	66	无可用尺码	皮卡	Ford	F-100	1966			Regular	6.5	无可用尺码	66: Ford F-100 1965-1966   Regular 6.5 无可用尺码
811	1	OK	67	PK-M	皮卡	Ford	F-100	1967			Regular	6.5	PK-M	67: Ford F-100 1967   Regular 6.5 PK-M
812	1	OK	68	PK-M+	皮卡	Ford	F-100	1967			Regular	8	PK-M+	68: Ford F-100 1967   Regular 8 PK-M+
813	1	OK	70	PK-M	皮卡	Ford	F-100	1968			Regular	8	PK-M	70: Ford F-100 1968-1972   Regular 8 PK-M
814	1	OK	69	无可用尺码	皮卡	Ford	F-100	1968			Regular	6.5	无可用尺码	69: Ford F-100 1968-1972   Regular 6.5 无可用尺码
815	1	OK	70	PK-M	皮卡	Ford	F-100	1969			Regular	8	PK-M	70: Ford F-100 1968-1972   Regular 8 PK-M
816	1	OK	69	无可用尺码	皮卡	Ford	F-100	1969			Regular	6.5	无可用尺码	69: Ford F-100 1968-1972   Regular 6.5 无可用尺码
817	1	OK	70	PK-M	皮卡	Ford	F-100	1970			Regular	8	PK-M	70: Ford F-100 1968-1972   Regular 8 PK-M
818	1	OK	69	无可用尺码	皮卡	Ford	F-100	1970			Regular	6.5	无可用尺码	69: Ford F-100 1968-1972   Regular 6.5 无可用尺码
819	1	OK	70	PK-M	皮卡	Ford	F-100	1971			Regular	8	PK-M	70: Ford F-100 1968-1972   Regular 8 PK-M
820	1	OK	69	无可用尺码	皮卡	Ford	F-100	1971			Regular	6.5	无可用尺码	69: Ford F-100 1968-1972   Regular 6.5 无可用尺码
821	1	OK	70	PK-M	皮卡	Ford	F-100	1972			Regular	8	PK-M	70: Ford F-100 1968-1972   Regular 8 PK-M
822	1	OK	69	无可用尺码	皮卡	Ford	F-100	1972			Regular	6.5	无可用尺码	69: Ford F-100 1968-1972   Regular 6.5 无可用尺码
823	1	OK	72	PK-M	皮卡	Ford	F-100	1973			Regular	6.8	PK-M	72: Ford F-100 1973-1983   Regular 6.8 PK-M
824	1	OK	71	PK-M+	皮卡	Ford	F-100	1973			Regular	8	PK-M+	71: Ford F-100 1973-1979   Regular 8 PK-M+
825	1	OK	72	PK-M	皮卡	Ford	F-100	1974			Regular	6.8	PK-M	72: Ford F-100 1973-1983   Regular 6.8 PK-M
826	1	OK	71	PK-M+	皮卡	Ford	F-100	1974			Regular	8	PK-M+	71: Ford F-100 1973-1979   Regular 8 PK-M+
827	1	OK	73	PK-M+	皮卡	Ford	F-100	1974			SuperCab	6.8	PK-M+	73: Ford F-100 1974-1979   SuperCab 6.8 PK-M+
828	1	OK	74	PK-XL	皮卡	Ford	F-100	1974			SuperCab	8	PK-XL	74: Ford F-100 1974-1979   SuperCab 8 PK-XL
829	1	OK	72	PK-M	皮卡	Ford	F-100	1975			Regular	6.8	PK-M	72: Ford F-100 1973-1983   Regular 6.8 PK-M
830	1	OK	71	PK-M+	皮卡	Ford	F-100	1975			Regular	8	PK-M+	71: Ford F-100 1973-1979   Regular 8 PK-M+
831	1	OK	73	PK-M+	皮卡	Ford	F-100	1975			SuperCab	6.8	PK-M+	73: Ford F-100 1974-1979   SuperCab 6.8 PK-M+
832	1	OK	74	PK-XL	皮卡	Ford	F-100	1975			SuperCab	8	PK-XL	74: Ford F-100 1974-1979   SuperCab 8 PK-XL
833	1	OK	72	PK-M	皮卡	Ford	F-100	1976			Regular	6.8	PK-M	72: Ford F-100 1973-1983   Regular 6.8 PK-M
834	1	OK	71	PK-M+	皮卡	Ford	F-100	1976			Regular	8	PK-M+	71: Ford F-100 1973-1979   Regular 8 PK-M+
835	1	OK	73	PK-M+	皮卡	Ford	F-100	1976			SuperCab	6.8	PK-M+	73: Ford F-100 1974-1979   SuperCab 6.8 PK-M+
836	1	OK	74	PK-XL	皮卡	Ford	F-100	1976			SuperCab	8	PK-XL	74: Ford F-100 1974-1979   SuperCab 8 PK-XL
837	1	OK	72	PK-M	皮卡	Ford	F-100	1977			Regular	6.8	PK-M	72: Ford F-100 1973-1983   Regular 6.8 PK-M
838	1	OK	71	PK-M+	皮卡	Ford	F-100	1977			Regular	8	PK-M+	71: Ford F-100 1973-1979   Regular 8 PK-M+
839	1	OK	73	PK-M+	皮卡	Ford	F-100	1977			SuperCab	6.8	PK-M+	73: Ford F-100 1974-1979   SuperCab 6.8 PK-M+
840	1	OK	74	PK-XL	皮卡	Ford	F-100	1977			SuperCab	8	PK-XL	74: Ford F-100 1974-1979   SuperCab 8 PK-XL
841	1	OK	72	PK-M	皮卡	Ford	F-100	1978			Regular	6.8	PK-M	72: Ford F-100 1973-1983   Regular 6.8 PK-M
842	1	OK	71	PK-M+	皮卡	Ford	F-100	1978			Regular	8	PK-M+	71: Ford F-100 1973-1979   Regular 8 PK-M+
843	1	OK	73	PK-M+	皮卡	Ford	F-100	1978			SuperCab	6.8	PK-M+	73: Ford F-100 1974-1979   SuperCab 6.8 PK-M+
844	1	OK	74	PK-XL	皮卡	Ford	F-100	1978			SuperCab	8	PK-XL	74: Ford F-100 1974-1979   SuperCab 8 PK-XL
845	1	OK	72	PK-M	皮卡	Ford	F-100	1979			Regular	6.8	PK-M	72: Ford F-100 1973-1983   Regular 6.8 PK-M
846	1	OK	71	PK-M+	皮卡	Ford	F-100	1979			Regular	8	PK-M+	71: Ford F-100 1973-1979   Regular 8 PK-M+
847	1	OK	73	PK-M+	皮卡	Ford	F-100	1979			SuperCab	6.8	PK-M+	73: Ford F-100 1974-1979   SuperCab 6.8 PK-M+
848	1	OK	74	PK-XL	皮卡	Ford	F-100	1979			SuperCab	8	PK-XL	74: Ford F-100 1974-1979   SuperCab 8 PK-XL
849	1	OK	72	PK-M	皮卡	Ford	F-100	1980			Regular	6.8	PK-M	72: Ford F-100 1973-1983   Regular 6.8 PK-M
850	1	OK	75	PK-M	皮卡	Ford	F-100	1980			Regular	8	PK-M	75: Ford F-100 1980-1983   Regular 8 PK-M
851	1	OK	72	PK-M	皮卡	Ford	F-100	1981			Regular	6.8	PK-M	72: Ford F-100 1973-1983   Regular 6.8 PK-M
852	1	OK	75	PK-M	皮卡	Ford	F-100	1981			Regular	8	PK-M	75: Ford F-100 1980-1983   Regular 8 PK-M
853	1	OK	72	PK-M	皮卡	Ford	F-100	1982			Regular	6.8	PK-M	72: Ford F-100 1973-1983   Regular 6.8 PK-M
854	1	OK	75	PK-M	皮卡	Ford	F-100	1982			Regular	8	PK-M	75: Ford F-100 1980-1983   Regular 8 PK-M
855	1	OK	72	PK-M	皮卡	Ford	F-100	1983			Regular	6.8	PK-M	72: Ford F-100 1973-1983   Regular 6.8 PK-M
856	1	OK	75	PK-M	皮卡	Ford	F-100	1983			Regular	8	PK-M	75: Ford F-100 1980-1983   Regular 8 PK-M
857	1	OK	78	PK-M	皮卡	Ford	F-150	1992			Regular	6.5	PK-M	78: Ford F-150 1992-2003   Regular 6.5 PK-M
858	1	OK	76	PK-M+	皮卡	Ford	F-150	1992			Regular	8	PK-M+	76: Ford F-150 1992-1996   Regular 8 PK-M+
859	1	OK	77	PK-XL	皮卡	Ford	F-150	1992			SuperCab	8	PK-XL	77: Ford F-150 1992-1998   SuperCab 8 PK-XL
860	1	OK	78	PK-M	皮卡	Ford	F-150	1993			Regular	6.5	PK-M	78: Ford F-150 1992-2003   Regular 6.5 PK-M
861	1	OK	76	PK-M+	皮卡	Ford	F-150	1993			Regular	8	PK-M+	76: Ford F-150 1992-1996   Regular 8 PK-M+
862	1	OK	77	PK-XL	皮卡	Ford	F-150	1993			SuperCab	8	PK-XL	77: Ford F-150 1992-1998   SuperCab 8 PK-XL
863	1	OK	78	PK-M	皮卡	Ford	F-150	1994			Regular	6.5	PK-M	78: Ford F-150 1992-2003   Regular 6.5 PK-M
864	1	OK	76	PK-M+	皮卡	Ford	F-150	1994			Regular	8	PK-M+	76: Ford F-150 1992-1996   Regular 8 PK-M+
865	1	OK	79	PK-M+	皮卡	Ford	F-150	1994			SuperCab	6.5	PK-M+	79: Ford F-150 1994-1995   SuperCab 6.5 PK-M+
866	1	OK	77	PK-XL	皮卡	Ford	F-150	1994			SuperCab	8	PK-XL	77: Ford F-150 1992-1998   SuperCab 8 PK-XL
867	1	OK	78	PK-M	皮卡	Ford	F-150	1995			Regular	6.5	PK-M	78: Ford F-150 1992-2003   Regular 6.5 PK-M
868	1	OK	76	PK-M+	皮卡	Ford	F-150	1995			Regular	8	PK-M+	76: Ford F-150 1992-1996   Regular 8 PK-M+
869	1	OK	79	PK-M+	皮卡	Ford	F-150	1995			SuperCab	6.5	PK-M+	79: Ford F-150 1994-1995   SuperCab 6.5 PK-M+
870	1	OK	77	PK-XL	皮卡	Ford	F-150	1995			SuperCab	8	PK-XL	77: Ford F-150 1992-1998   SuperCab 8 PK-XL
871	1	OK	78	PK-M	皮卡	Ford	F-150	1996			Regular	6.5	PK-M	78: Ford F-150 1992-2003   Regular 6.5 PK-M
872	1	OK	76	PK-M+	皮卡	Ford	F-150	1996			Regular	8	PK-M+	76: Ford F-150 1992-1996   Regular 8 PK-M+
873	1	OK	77	PK-XL	皮卡	Ford	F-150	1996			SuperCab	8	PK-XL	77: Ford F-150 1992-1998   SuperCab 8 PK-XL
874	1	OK	80	PK-L	皮卡	Ford	F-150	1997			Regular	8	PK-L	80: Ford F-150 1997-2026   Regular 8 PK-L
875	1	OK	81	PK-L	皮卡	Ford	F-150	1997			SuperCab	6.5	PK-L	81: Ford F-150 1997-2026   SuperCab 6.5 PK-L
876	1	OK	78	PK-M	皮卡	Ford	F-150	1997			Regular	6.5	PK-M	78: Ford F-150 1992-2003   Regular 6.5 PK-M
877	1	OK	77	PK-XL	皮卡	Ford	F-150	1997			SuperCab	8	PK-XL	77: Ford F-150 1992-1998   SuperCab 8 PK-XL
878	1	OK	80	PK-L	皮卡	Ford	F-150	1998			Regular	8	PK-L	80: Ford F-150 1997-2026   Regular 8 PK-L
879	1	OK	81	PK-L	皮卡	Ford	F-150	1998			SuperCab	6.5	PK-L	81: Ford F-150 1997-2026   SuperCab 6.5 PK-L
880	1	OK	78	PK-M	皮卡	Ford	F-150	1998			Regular	6.5	PK-M	78: Ford F-150 1992-2003   Regular 6.5 PK-M
881	1	OK	77	PK-XL	皮卡	Ford	F-150	1998			SuperCab	8	PK-XL	77: Ford F-150 1992-1998   SuperCab 8 PK-XL
882	1	OK	80	PK-L	皮卡	Ford	F-150	1999			Regular	8	PK-L	80: Ford F-150 1997-2026   Regular 8 PK-L
883	1	OK	81	PK-L	皮卡	Ford	F-150	1999			SuperCab	6.5	PK-L	81: Ford F-150 1997-2026   SuperCab 6.5 PK-L
884	1	OK	78	PK-M	皮卡	Ford	F-150	1999			Regular	6.5	PK-M	78: Ford F-150 1992-2003   Regular 6.5 PK-M
885	1	OK	80	PK-L	皮卡	Ford	F-150	2000			Regular	8	PK-L	80: Ford F-150 1997-2026   Regular 8 PK-L
886	1	OK	81	PK-L	皮卡	Ford	F-150	2000			SuperCab	6.5	PK-L	81: Ford F-150 1997-2026   SuperCab 6.5 PK-L
887	1	OK	78	PK-M	皮卡	Ford	F-150	2000			Regular	6.5	PK-M	78: Ford F-150 1992-2003   Regular 6.5 PK-M
888	1	OK	80	PK-L	皮卡	Ford	F-150	2001			Regular	8	PK-L	80: Ford F-150 1997-2026   Regular 8 PK-L
889	1	OK	81	PK-L	皮卡	Ford	F-150	2001			SuperCab	6.5	PK-L	81: Ford F-150 1997-2026   SuperCab 6.5 PK-L
890	1	OK	55	PK-L	皮卡	Ford	F-150	2001			SuperCrew	5.5	PK-L	55: Ford F-150 2001-2020 Incl: Raptor  SuperCrew 5.5 PK-L
891	1	OK	78	PK-M	皮卡	Ford	F-150	2001			Regular	6.5	PK-M	78: Ford F-150 1992-2003   Regular 6.5 PK-M
892	1	OK	80	PK-L	皮卡	Ford	F-150	2002			Regular	8	PK-L	80: Ford F-150 1997-2026   Regular 8 PK-L
893	1	OK	81	PK-L	皮卡	Ford	F-150	2002			SuperCab	6.5	PK-L	81: Ford F-150 1997-2026   SuperCab 6.5 PK-L
894	1	OK	55	PK-L	皮卡	Ford	F-150	2002			SuperCrew	5.5	PK-L	55: Ford F-150 2001-2020 Incl: Raptor  SuperCrew 5.5 PK-L
895	1	OK	78	PK-M	皮卡	Ford	F-150	2002			Regular	6.5	PK-M	78: Ford F-150 1992-2003   Regular 6.5 PK-M
896	1	OK	80	PK-L	皮卡	Ford	F-150	2003			Regular	8	PK-L	80: Ford F-150 1997-2026   Regular 8 PK-L
897	1	OK	81	PK-L	皮卡	Ford	F-150	2003			SuperCab	6.5	PK-L	81: Ford F-150 1997-2026   SuperCab 6.5 PK-L
898	1	OK	78	PK-M	皮卡	Ford	F-150	2003			Regular	6.5	PK-M	78: Ford F-150 1992-2003   Regular 6.5 PK-M
899	1	OK	80	PK-L	皮卡	Ford	F-150	2004			Regular	8	PK-L	80: Ford F-150 1997-2026   Regular 8 PK-L
900	1	OK	81	PK-L	皮卡	Ford	F-150	2004			SuperCab	6.5	PK-L	81: Ford F-150 1997-2026   SuperCab 6.5 PK-L
901	1	OK	55	PK-L	皮卡	Ford	F-150	2004			SuperCrew	5.5	PK-L	55: Ford F-150 2001-2020 Incl: Raptor  SuperCrew 5.5 PK-L
902	1	OK	82	PK-M+	皮卡	Ford	F-150	2004			Regular	6.5	PK-M+	82: Ford F-150 2004-2026   Regular 6.5 PK-M+
903	1	OK	80	PK-L	皮卡	Ford	F-150	2005			Regular	8	PK-L	80: Ford F-150 1997-2026   Regular 8 PK-L
904	1	OK	81	PK-L	皮卡	Ford	F-150	2005			SuperCab	6.5	PK-L	81: Ford F-150 1997-2026   SuperCab 6.5 PK-L
905	1	OK	55	PK-L	皮卡	Ford	F-150	2005			SuperCrew	5.5	PK-L	55: Ford F-150 2001-2020 Incl: Raptor  SuperCrew 5.5 PK-L
906	1	OK	82	PK-M+	皮卡	Ford	F-150	2005			Regular	6.5	PK-M+	82: Ford F-150 2004-2026   Regular 6.5 PK-M+
907	1	OK	80	PK-L	皮卡	Ford	F-150	2006			Regular	8	PK-L	80: Ford F-150 1997-2026   Regular 8 PK-L
908	1	OK	81	PK-L	皮卡	Ford	F-150	2006			SuperCab	6.5	PK-L	81: Ford F-150 1997-2026   SuperCab 6.5 PK-L
909	1	OK	55	PK-L	皮卡	Ford	F-150	2006			SuperCrew	5.5	PK-L	55: Ford F-150 2001-2020 Incl: Raptor  SuperCrew 5.5 PK-L
910	1	OK	82	PK-M+	皮卡	Ford	F-150	2006			Regular	6.5	PK-M+	82: Ford F-150 2004-2026   Regular 6.5 PK-M+
911	1	OK	80	PK-L	皮卡	Ford	F-150	2007			Regular	8	PK-L	80: Ford F-150 1997-2026   Regular 8 PK-L
912	1	OK	81	PK-L	皮卡	Ford	F-150	2007			SuperCab	6.5	PK-L	81: Ford F-150 1997-2026   SuperCab 6.5 PK-L
913	1	OK	55	PK-L	皮卡	Ford	F-150	2007			SuperCrew	5.5	PK-L	55: Ford F-150 2001-2020 Incl: Raptor  SuperCrew 5.5 PK-L
914	1	OK	82	PK-M+	皮卡	Ford	F-150	2007			Regular	6.5	PK-M+	82: Ford F-150 2004-2026   Regular 6.5 PK-M+
915	1	OK	80	PK-L	皮卡	Ford	F-150	2008			Regular	8	PK-L	80: Ford F-150 1997-2026   Regular 8 PK-L
916	1	OK	81	PK-L	皮卡	Ford	F-150	2008			SuperCab	6.5	PK-L	81: Ford F-150 1997-2026   SuperCab 6.5 PK-L
917	1	OK	55	PK-L	皮卡	Ford	F-150	2008			SuperCrew	5.5	PK-L	55: Ford F-150 2001-2020 Incl: Raptor  SuperCrew 5.5 PK-L
918	1	OK	82	PK-M+	皮卡	Ford	F-150	2008			Regular	6.5	PK-M+	82: Ford F-150 2004-2026   Regular 6.5 PK-M+
919	1	OK	80	PK-L	皮卡	Ford	F-150	2009			Regular	8	PK-L	80: Ford F-150 1997-2026   Regular 8 PK-L
920	1	OK	81	PK-L	皮卡	Ford	F-150	2009			SuperCab	6.5	PK-L	81: Ford F-150 1997-2026   SuperCab 6.5 PK-L
921	1	OK	55	PK-L	皮卡	Ford	F-150	2009			SuperCrew	5.5	PK-L	55: Ford F-150 2001-2020 Incl: Raptor  SuperCrew 5.5 PK-L
922	1	OK	82	PK-M+	皮卡	Ford	F-150	2009			Regular	6.5	PK-M+	82: Ford F-150 2004-2026   Regular 6.5 PK-M+
923	1	OK	84	PK-XL	皮卡	Ford	F-150	2009			SuperCrew	6.5	PK-XL	84: Ford F-150 2009-2026   SuperCrew 6.5 PK-XL
924	1	OK	83	PK-XXL	皮卡	Ford	F-150	2009			SuperCab	8	PK-XXL	83: Ford F-150 2009-2023   SuperCab 8 PK-XXL
925	1	OK	80	PK-L	皮卡	Ford	F-150	2010			Regular	8	PK-L	80: Ford F-150 1997-2026   Regular 8 PK-L
926	1	OK	81	PK-L	皮卡	Ford	F-150	2010			SuperCab	6.5	PK-L	81: Ford F-150 1997-2026   SuperCab 6.5 PK-L
927	1	OK	55	PK-L	皮卡	Ford	F-150	2010			SuperCrew	5.5	PK-L	55: Ford F-150 2001-2020 Incl: Raptor  SuperCrew 5.5 PK-L
928	1	OK	82	PK-M+	皮卡	Ford	F-150	2010			Regular	6.5	PK-M+	82: Ford F-150 2004-2026   Regular 6.5 PK-M+
929	1	OK	56	PK-M+	皮卡	Ford	F-150	2010	Raptor		SuperCab	5.5	PK-M+	56: Ford F-150 2010-2020 Raptor  SuperCab 5.5 PK-M+
930	1	OK	84	PK-XL	皮卡	Ford	F-150	2010			SuperCrew	6.5	PK-XL	84: Ford F-150 2009-2026   SuperCrew 6.5 PK-XL
931	1	OK	83	PK-XXL	皮卡	Ford	F-150	2010			SuperCab	8	PK-XXL	83: Ford F-150 2009-2023   SuperCab 8 PK-XXL
932	1	OK	80	PK-L	皮卡	Ford	F-150	2011			Regular	8	PK-L	80: Ford F-150 1997-2026   Regular 8 PK-L
933	1	OK	81	PK-L	皮卡	Ford	F-150	2011			SuperCab	6.5	PK-L	81: Ford F-150 1997-2026   SuperCab 6.5 PK-L
934	1	OK	55	PK-L	皮卡	Ford	F-150	2011			SuperCrew	5.5	PK-L	55: Ford F-150 2001-2020 Incl: Raptor  SuperCrew 5.5 PK-L
935	1	OK	55	PK-L	皮卡	Ford	F-150	2011	Raptor		SuperCrew	5.5	PK-L	55: Ford F-150 2001-2020 Incl: Raptor  SuperCrew 5.5 PK-L
936	1	OK	82	PK-M+	皮卡	Ford	F-150	2011			Regular	6.5	PK-M+	82: Ford F-150 2004-2026   Regular 6.5 PK-M+
937	1	OK	56	PK-M+	皮卡	Ford	F-150	2011	Raptor		SuperCab	5.5	PK-M+	56: Ford F-150 2010-2020 Raptor  SuperCab 5.5 PK-M+
938	1	OK	84	PK-XL	皮卡	Ford	F-150	2011			SuperCrew	6.5	PK-XL	84: Ford F-150 2009-2026   SuperCrew 6.5 PK-XL
939	1	OK	83	PK-XXL	皮卡	Ford	F-150	2011			SuperCab	8	PK-XXL	83: Ford F-150 2009-2023   SuperCab 8 PK-XXL
940	1	OK	80	PK-L	皮卡	Ford	F-150	2012			Regular	8	PK-L	80: Ford F-150 1997-2026   Regular 8 PK-L
941	1	OK	81	PK-L	皮卡	Ford	F-150	2012			SuperCab	6.5	PK-L	81: Ford F-150 1997-2026   SuperCab 6.5 PK-L
942	1	OK	55	PK-L	皮卡	Ford	F-150	2012			SuperCrew	5.5	PK-L	55: Ford F-150 2001-2020 Incl: Raptor  SuperCrew 5.5 PK-L
943	1	OK	55	PK-L	皮卡	Ford	F-150	2012	Raptor		SuperCrew	5.5	PK-L	55: Ford F-150 2001-2020 Incl: Raptor  SuperCrew 5.5 PK-L
944	1	OK	82	PK-M+	皮卡	Ford	F-150	2012			Regular	6.5	PK-M+	82: Ford F-150 2004-2026   Regular 6.5 PK-M+
945	1	OK	56	PK-M+	皮卡	Ford	F-150	2012	Raptor		SuperCab	5.5	PK-M+	56: Ford F-150 2010-2020 Raptor  SuperCab 5.5 PK-M+
946	1	OK	84	PK-XL	皮卡	Ford	F-150	2012			SuperCrew	6.5	PK-XL	84: Ford F-150 2009-2026   SuperCrew 6.5 PK-XL
947	1	OK	83	PK-XXL	皮卡	Ford	F-150	2012			SuperCab	8	PK-XXL	83: Ford F-150 2009-2023   SuperCab 8 PK-XXL
948	1	OK	80	PK-L	皮卡	Ford	F-150	2013			Regular	8	PK-L	80: Ford F-150 1997-2026   Regular 8 PK-L
949	1	OK	81	PK-L	皮卡	Ford	F-150	2013			SuperCab	6.5	PK-L	81: Ford F-150 1997-2026   SuperCab 6.5 PK-L
950	1	OK	55	PK-L	皮卡	Ford	F-150	2013			SuperCrew	5.5	PK-L	55: Ford F-150 2001-2020 Incl: Raptor  SuperCrew 5.5 PK-L
951	1	OK	55	PK-L	皮卡	Ford	F-150	2013	Raptor		SuperCrew	5.5	PK-L	55: Ford F-150 2001-2020 Incl: Raptor  SuperCrew 5.5 PK-L
952	1	OK	82	PK-M+	皮卡	Ford	F-150	2013			Regular	6.5	PK-M+	82: Ford F-150 2004-2026   Regular 6.5 PK-M+
953	1	OK	56	PK-M+	皮卡	Ford	F-150	2013	Raptor		SuperCab	5.5	PK-M+	56: Ford F-150 2010-2020 Raptor  SuperCab 5.5 PK-M+
954	1	OK	84	PK-XL	皮卡	Ford	F-150	2013			SuperCrew	6.5	PK-XL	84: Ford F-150 2009-2026   SuperCrew 6.5 PK-XL
955	1	OK	83	PK-XXL	皮卡	Ford	F-150	2013			SuperCab	8	PK-XXL	83: Ford F-150 2009-2023   SuperCab 8 PK-XXL
956	1	OK	80	PK-L	皮卡	Ford	F-150	2014			Regular	8	PK-L	80: Ford F-150 1997-2026   Regular 8 PK-L
957	1	OK	81	PK-L	皮卡	Ford	F-150	2014			SuperCab	6.5	PK-L	81: Ford F-150 1997-2026   SuperCab 6.5 PK-L
958	1	OK	55	PK-L	皮卡	Ford	F-150	2014	Raptor		SuperCrew	5.5	PK-L	55: Ford F-150 2001-2020 Incl: Raptor  SuperCrew 5.5 PK-L
959	1	OK	82	PK-M+	皮卡	Ford	F-150	2014			Regular	6.5	PK-M+	82: Ford F-150 2004-2026   Regular 6.5 PK-M+
960	1	OK	56	PK-M+	皮卡	Ford	F-150	2014	Raptor		SuperCab	5.5	PK-M+	56: Ford F-150 2010-2020 Raptor  SuperCab 5.5 PK-M+
961	1	OK	84	PK-XL	皮卡	Ford	F-150	2014			SuperCrew	6.5	PK-XL	84: Ford F-150 2009-2026   SuperCrew 6.5 PK-XL
962	1	OK	83	PK-XXL	皮卡	Ford	F-150	2014			SuperCab	8	PK-XXL	83: Ford F-150 2009-2023   SuperCab 8 PK-XXL
963	1	OK	80	PK-L	皮卡	Ford	F-150	2015			Regular	8	PK-L	80: Ford F-150 1997-2026   Regular 8 PK-L
964	1	OK	81	PK-L	皮卡	Ford	F-150	2015			SuperCab	6.5	PK-L	81: Ford F-150 1997-2026   SuperCab 6.5 PK-L
965	1	OK	55	PK-L	皮卡	Ford	F-150	2015			SuperCrew	5.5	PK-L	55: Ford F-150 2001-2020 Incl: Raptor  SuperCrew 5.5 PK-L
966	1	OK	82	PK-M+	皮卡	Ford	F-150	2015			Regular	6.5	PK-M+	82: Ford F-150 2004-2026   Regular 6.5 PK-M+
967	1	OK	84	PK-XL	皮卡	Ford	F-150	2015			SuperCrew	6.5	PK-XL	84: Ford F-150 2009-2026   SuperCrew 6.5 PK-XL
968	1	OK	83	PK-XXL	皮卡	Ford	F-150	2015			SuperCab	8	PK-XXL	83: Ford F-150 2009-2023   SuperCab 8 PK-XXL
969	1	OK	80	PK-L	皮卡	Ford	F-150	2016			Regular	8	PK-L	80: Ford F-150 1997-2026   Regular 8 PK-L
970	1	OK	81	PK-L	皮卡	Ford	F-150	2016			SuperCab	6.5	PK-L	81: Ford F-150 1997-2026   SuperCab 6.5 PK-L
971	1	OK	55	PK-L	皮卡	Ford	F-150	2016			SuperCrew	5.5	PK-L	55: Ford F-150 2001-2020 Incl: Raptor  SuperCrew 5.5 PK-L
972	1	OK	82	PK-M+	皮卡	Ford	F-150	2016			Regular	6.5	PK-M+	82: Ford F-150 2004-2026   Regular 6.5 PK-M+
973	1	OK	84	PK-XL	皮卡	Ford	F-150	2016			SuperCrew	6.5	PK-XL	84: Ford F-150 2009-2026   SuperCrew 6.5 PK-XL
974	1	OK	83	PK-XXL	皮卡	Ford	F-150	2016			SuperCab	8	PK-XXL	83: Ford F-150 2009-2023   SuperCab 8 PK-XXL
975	1	OK	80	PK-L	皮卡	Ford	F-150	2017			Regular	8	PK-L	80: Ford F-150 1997-2026   Regular 8 PK-L
976	1	OK	81	PK-L	皮卡	Ford	F-150	2017			SuperCab	6.5	PK-L	81: Ford F-150 1997-2026   SuperCab 6.5 PK-L
977	1	OK	55	PK-L	皮卡	Ford	F-150	2017			SuperCrew	5.5	PK-L	55: Ford F-150 2001-2020 Incl: Raptor  SuperCrew 5.5 PK-L
978	1	OK	55	PK-L	皮卡	Ford	F-150	2017	Raptor		SuperCrew	5.5	PK-L	55: Ford F-150 2001-2020 Incl: Raptor  SuperCrew 5.5 PK-L
979	1	OK	82	PK-M+	皮卡	Ford	F-150	2017			Regular	6.5	PK-M+	82: Ford F-150 2004-2026   Regular 6.5 PK-M+
980	1	OK	56	PK-M+	皮卡	Ford	F-150	2017	Raptor		SuperCab	5.5	PK-M+	56: Ford F-150 2010-2020 Raptor  SuperCab 5.5 PK-M+
981	1	OK	84	PK-XL	皮卡	Ford	F-150	2017			SuperCrew	6.5	PK-XL	84: Ford F-150 2009-2026   SuperCrew 6.5 PK-XL
982	1	OK	83	PK-XXL	皮卡	Ford	F-150	2017			SuperCab	8	PK-XXL	83: Ford F-150 2009-2023   SuperCab 8 PK-XXL
983	1	OK	80	PK-L	皮卡	Ford	F-150	2018			Regular	8	PK-L	80: Ford F-150 1997-2026   Regular 8 PK-L
984	1	OK	81	PK-L	皮卡	Ford	F-150	2018			SuperCab	6.5	PK-L	81: Ford F-150 1997-2026   SuperCab 6.5 PK-L
985	1	OK	55	PK-L	皮卡	Ford	F-150	2018			SuperCrew	5.5	PK-L	55: Ford F-150 2001-2020 Incl: Raptor  SuperCrew 5.5 PK-L
986	1	OK	55	PK-L	皮卡	Ford	F-150	2018	Raptor		SuperCrew	5.5	PK-L	55: Ford F-150 2001-2020 Incl: Raptor  SuperCrew 5.5 PK-L
987	1	OK	82	PK-M+	皮卡	Ford	F-150	2018			Regular	6.5	PK-M+	82: Ford F-150 2004-2026   Regular 6.5 PK-M+
988	1	OK	56	PK-M+	皮卡	Ford	F-150	2018	Raptor		SuperCab	5.5	PK-M+	56: Ford F-150 2010-2020 Raptor  SuperCab 5.5 PK-M+
989	1	OK	84	PK-XL	皮卡	Ford	F-150	2018			SuperCrew	6.5	PK-XL	84: Ford F-150 2009-2026   SuperCrew 6.5 PK-XL
990	1	OK	83	PK-XXL	皮卡	Ford	F-150	2018			SuperCab	8	PK-XXL	83: Ford F-150 2009-2023   SuperCab 8 PK-XXL
991	1	OK	80	PK-L	皮卡	Ford	F-150	2019			Regular	8	PK-L	80: Ford F-150 1997-2026   Regular 8 PK-L
992	1	OK	81	PK-L	皮卡	Ford	F-150	2019			SuperCab	6.5	PK-L	81: Ford F-150 1997-2026   SuperCab 6.5 PK-L
993	1	OK	55	PK-L	皮卡	Ford	F-150	2019	Raptor		SuperCrew	5.5	PK-L	55: Ford F-150 2001-2020 Incl: Raptor  SuperCrew 5.5 PK-L
994	1	OK	82	PK-M+	皮卡	Ford	F-150	2019			Regular	6.5	PK-M+	82: Ford F-150 2004-2026   Regular 6.5 PK-M+
995	1	OK	56	PK-M+	皮卡	Ford	F-150	2019	Raptor		SuperCab	5.5	PK-M+	56: Ford F-150 2010-2020 Raptor  SuperCab 5.5 PK-M+
996	1	OK	84	PK-XL	皮卡	Ford	F-150	2019			SuperCrew	6.5	PK-XL	84: Ford F-150 2009-2026   SuperCrew 6.5 PK-XL
997	1	OK	83	PK-XXL	皮卡	Ford	F-150	2019			SuperCab	8	PK-XXL	83: Ford F-150 2009-2023   SuperCab 8 PK-XXL
998	1	OK	80	PK-L	皮卡	Ford	F-150	2020			Regular	8	PK-L	80: Ford F-150 1997-2026   Regular 8 PK-L
999	1	OK	81	PK-L	皮卡	Ford	F-150	2020			SuperCab	6.5	PK-L	81: Ford F-150 1997-2026   SuperCab 6.5 PK-L
1000	1	OK	55	PK-L	皮卡	Ford	F-150	2020	Raptor		SuperCrew	5.5	PK-L	55: Ford F-150 2001-2020 Incl: Raptor  SuperCrew 5.5 PK-L
1001	1	OK	82	PK-M+	皮卡	Ford	F-150	2020			Regular	6.5	PK-M+	82: Ford F-150 2004-2026   Regular 6.5 PK-M+
1002	1	OK	56	PK-M+	皮卡	Ford	F-150	2020	Raptor		SuperCab	5.5	PK-M+	56: Ford F-150 2010-2020 Raptor  SuperCab 5.5 PK-M+
1003	1	OK	84	PK-XL	皮卡	Ford	F-150	2020			SuperCrew	6.5	PK-XL	84: Ford F-150 2009-2026   SuperCrew 6.5 PK-XL
1004	1	OK	83	PK-XXL	皮卡	Ford	F-150	2020			SuperCab	8	PK-XXL	83: Ford F-150 2009-2023   SuperCab 8 PK-XXL
1005	1	OK	80	PK-L	皮卡	Ford	F-150	2021			Regular	8	PK-L	80: Ford F-150 1997-2026   Regular 8 PK-L
1006	1	OK	81	PK-L	皮卡	Ford	F-150	2021			SuperCab	6.5	PK-L	81: Ford F-150 1997-2026   SuperCab 6.5 PK-L
1007	1	OK	57	PK-L	皮卡	Ford	F-150	2021			SuperCrew	5.5	PK-L	57: Ford F-150 2021-2026 Incl: Tremor  SuperCrew 5.5 PK-L
1008	1	OK	57	PK-L	皮卡	Ford	F-150	2021	Tremor		SuperCrew	5.5	PK-L	57: Ford F-150 2021-2026 Incl: Tremor  SuperCrew 5.5 PK-L
1009	1	OK	82	PK-M+	皮卡	Ford	F-150	2021			Regular	6.5	PK-M+	82: Ford F-150 2004-2026   Regular 6.5 PK-M+
1010	1	OK	58	PK-XL	皮卡	Ford	F-150	2021	Raptor		SuperCrew	5.5	PK-XL	58: Ford F-150 2021-2026 Lightning/Raptor/Raptor R  SuperCrew 5.5 PK-XL
1011	1	OK	84	PK-XL	皮卡	Ford	F-150	2021			SuperCrew	6.5	PK-XL	84: Ford F-150 2009-2026   SuperCrew 6.5 PK-XL
1012	1	OK	83	PK-XXL	皮卡	Ford	F-150	2021			SuperCab	8	PK-XXL	83: Ford F-150 2009-2023   SuperCab 8 PK-XXL
1013	1	OK	80	PK-L	皮卡	Ford	F-150	2022			Regular	8	PK-L	80: Ford F-150 1997-2026   Regular 8 PK-L
1014	1	OK	81	PK-L	皮卡	Ford	F-150	2022			SuperCab	6.5	PK-L	81: Ford F-150 1997-2026   SuperCab 6.5 PK-L
1015	1	OK	57	PK-L	皮卡	Ford	F-150	2022			SuperCrew	5.5	PK-L	57: Ford F-150 2021-2026 Incl: Tremor  SuperCrew 5.5 PK-L
1016	1	OK	57	PK-L	皮卡	Ford	F-150	2022	Tremor		SuperCrew	5.5	PK-L	57: Ford F-150 2021-2026 Incl: Tremor  SuperCrew 5.5 PK-L
1017	1	OK	82	PK-M+	皮卡	Ford	F-150	2022			Regular	6.5	PK-M+	82: Ford F-150 2004-2026   Regular 6.5 PK-M+
1018	1	OK	58	PK-XL	皮卡	Ford	F-150	2022	Lightning		SuperCrew	5.5	PK-XL	58: Ford F-150 2021-2026 Lightning/Raptor/Raptor R  SuperCrew 5.5 PK-XL
1019	1	OK	58	PK-XL	皮卡	Ford	F-150	2022	Raptor		SuperCrew	5.5	PK-XL	58: Ford F-150 2021-2026 Lightning/Raptor/Raptor R  SuperCrew 5.5 PK-XL
1020	1	OK	84	PK-XL	皮卡	Ford	F-150	2022			SuperCrew	6.5	PK-XL	84: Ford F-150 2009-2026   SuperCrew 6.5 PK-XL
1021	1	OK	83	PK-XXL	皮卡	Ford	F-150	2022			SuperCab	8	PK-XXL	83: Ford F-150 2009-2023   SuperCab 8 PK-XXL
1022	1	OK	80	PK-L	皮卡	Ford	F-150	2023			Regular	8	PK-L	80: Ford F-150 1997-2026   Regular 8 PK-L
1023	1	OK	81	PK-L	皮卡	Ford	F-150	2023			SuperCab	6.5	PK-L	81: Ford F-150 1997-2026   SuperCab 6.5 PK-L
1024	1	OK	57	PK-L	皮卡	Ford	F-150	2023			SuperCrew	5.5	PK-L	57: Ford F-150 2021-2026 Incl: Tremor  SuperCrew 5.5 PK-L
1025	1	OK	57	PK-L	皮卡	Ford	F-150	2023	Tremor		SuperCrew	5.5	PK-L	57: Ford F-150 2021-2026 Incl: Tremor  SuperCrew 5.5 PK-L
1026	1	OK	82	PK-M+	皮卡	Ford	F-150	2023			Regular	6.5	PK-M+	82: Ford F-150 2004-2026   Regular 6.5 PK-M+
1027	1	OK	58	PK-XL	皮卡	Ford	F-150	2023	Lightning		SuperCrew	5.5	PK-XL	58: Ford F-150 2021-2026 Lightning/Raptor/Raptor R  SuperCrew 5.5 PK-XL
1028	1	OK	58	PK-XL	皮卡	Ford	F-150	2023	Raptor		SuperCrew	5.5	PK-XL	58: Ford F-150 2021-2026 Lightning/Raptor/Raptor R  SuperCrew 5.5 PK-XL
1029	1	OK	58	PK-XL	皮卡	Ford	F-150	2023	Raptor R		SuperCrew	5.5	PK-XL	58: Ford F-150 2021-2026 Lightning/Raptor/Raptor R  SuperCrew 5.5 PK-XL
1030	1	OK	84	PK-XL	皮卡	Ford	F-150	2023			SuperCrew	6.5	PK-XL	84: Ford F-150 2009-2026   SuperCrew 6.5 PK-XL
1031	1	OK	83	PK-XXL	皮卡	Ford	F-150	2023			SuperCab	8	PK-XXL	83: Ford F-150 2009-2023   SuperCab 8 PK-XXL
1032	1	OK	80	PK-L	皮卡	Ford	F-150	2024			Regular	8	PK-L	80: Ford F-150 1997-2026   Regular 8 PK-L
1033	1	OK	81	PK-L	皮卡	Ford	F-150	2024			SuperCab	6.5	PK-L	81: Ford F-150 1997-2026   SuperCab 6.5 PK-L
1034	1	OK	57	PK-L	皮卡	Ford	F-150	2024			SuperCrew	5.5	PK-L	57: Ford F-150 2021-2026 Incl: Tremor  SuperCrew 5.5 PK-L
1035	1	OK	57	PK-L	皮卡	Ford	F-150	2024	Tremor		SuperCrew	5.5	PK-L	57: Ford F-150 2021-2026 Incl: Tremor  SuperCrew 5.5 PK-L
1036	1	OK	82	PK-M+	皮卡	Ford	F-150	2024			Regular	6.5	PK-M+	82: Ford F-150 2004-2026   Regular 6.5 PK-M+
1037	1	OK	58	PK-XL	皮卡	Ford	F-150	2024	Lightning		SuperCrew	5.5	PK-XL	58: Ford F-150 2021-2026 Lightning/Raptor/Raptor R  SuperCrew 5.5 PK-XL
1038	1	OK	58	PK-XL	皮卡	Ford	F-150	2024	Raptor		SuperCrew	5.5	PK-XL	58: Ford F-150 2021-2026 Lightning/Raptor/Raptor R  SuperCrew 5.5 PK-XL
1039	1	OK	58	PK-XL	皮卡	Ford	F-150	2024	Raptor R		SuperCrew	5.5	PK-XL	58: Ford F-150 2021-2026 Lightning/Raptor/Raptor R  SuperCrew 5.5 PK-XL
1040	1	OK	84	PK-XL	皮卡	Ford	F-150	2024			SuperCrew	6.5	PK-XL	84: Ford F-150 2009-2026   SuperCrew 6.5 PK-XL
1041	1	OK	80	PK-L	皮卡	Ford	F-150	2025			Regular	8	PK-L	80: Ford F-150 1997-2026   Regular 8 PK-L
1042	1	OK	81	PK-L	皮卡	Ford	F-150	2025			SuperCab	6.5	PK-L	81: Ford F-150 1997-2026   SuperCab 6.5 PK-L
1043	1	OK	57	PK-L	皮卡	Ford	F-150	2025			SuperCrew	5.5	PK-L	57: Ford F-150 2021-2026 Incl: Tremor  SuperCrew 5.5 PK-L
1044	1	OK	57	PK-L	皮卡	Ford	F-150	2025	Tremor		SuperCrew	5.5	PK-L	57: Ford F-150 2021-2026 Incl: Tremor  SuperCrew 5.5 PK-L
1045	1	OK	82	PK-M+	皮卡	Ford	F-150	2025			Regular	6.5	PK-M+	82: Ford F-150 2004-2026   Regular 6.5 PK-M+
1046	1	OK	58	PK-XL	皮卡	Ford	F-150	2025	Lightning		SuperCrew	5.5	PK-XL	58: Ford F-150 2021-2026 Lightning/Raptor/Raptor R  SuperCrew 5.5 PK-XL
1047	1	OK	58	PK-XL	皮卡	Ford	F-150	2025	Raptor		SuperCrew	5.5	PK-XL	58: Ford F-150 2021-2026 Lightning/Raptor/Raptor R  SuperCrew 5.5 PK-XL
1048	1	OK	58	PK-XL	皮卡	Ford	F-150	2025	Raptor R		SuperCrew	5.5	PK-XL	58: Ford F-150 2021-2026 Lightning/Raptor/Raptor R  SuperCrew 5.5 PK-XL
1049	1	OK	84	PK-XL	皮卡	Ford	F-150	2025			SuperCrew	6.5	PK-XL	84: Ford F-150 2009-2026   SuperCrew 6.5 PK-XL
1050	1	OK	80	PK-L	皮卡	Ford	F-150	2026			Regular	8	PK-L	80: Ford F-150 1997-2026   Regular 8 PK-L
1051	1	OK	81	PK-L	皮卡	Ford	F-150	2026			SuperCab	6.5	PK-L	81: Ford F-150 1997-2026   SuperCab 6.5 PK-L
1052	1	OK	57	PK-L	皮卡	Ford	F-150	2026			SuperCrew	5.5	PK-L	57: Ford F-150 2021-2026 Incl: Tremor  SuperCrew 5.5 PK-L
1053	1	OK	57	PK-L	皮卡	Ford	F-150	2026	Tremor		SuperCrew	5.5	PK-L	57: Ford F-150 2021-2026 Incl: Tremor  SuperCrew 5.5 PK-L
1054	1	OK	82	PK-M+	皮卡	Ford	F-150	2026			Regular	6.5	PK-M+	82: Ford F-150 2004-2026   Regular 6.5 PK-M+
1055	1	OK	58	PK-XL	皮卡	Ford	F-150	2026	Raptor		SuperCrew	5.5	PK-XL	58: Ford F-150 2021-2026 Lightning/Raptor/Raptor R  SuperCrew 5.5 PK-XL
1056	1	OK	58	PK-XL	皮卡	Ford	F-150	2026	Raptor R		SuperCrew	5.5	PK-XL	58: Ford F-150 2021-2026 Lightning/Raptor/Raptor R  SuperCrew 5.5 PK-XL
1057	1	OK	84	PK-XL	皮卡	Ford	F-150	2026			SuperCrew	6.5	PK-XL	84: Ford F-150 2009-2026   SuperCrew 6.5 PK-XL
1058	1	OK	89	PK-L	皮卡	Ford	F-250/F-350 Super Duty	1999			Regular	8	PK-L	89: Ford F-250/F-350 Super Duty 1999-2026   Regular 8 PK-L
1059	1	OK	86	PK-L	皮卡	Ford	F-250/F-350 Super Duty	1999			SuperCab	6.8	PK-L	86: Ford F-250/F-350 Super Duty 1999-2010   SuperCab 6.8 PK-L
1060	1	OK	85	PK-XL	皮卡	Ford	F-250/F-350 Super Duty	1999			SuperCab	8	PK-XL	85: Ford F-250/F-350 Super Duty 1999-2000   SuperCab 8 PK-XL
1061	1	OK	87	PK-XXL	皮卡	Ford	F-250/F-350 Super Duty	1999			Crew	6.8	PK-XXL	87: Ford F-250/F-350 Super Duty 1999-2026   Crew 6.8 PK-XXL
1062	1	OK	88	PK-XXXL	皮卡	Ford	F-250/F-350 Super Duty	1999			Crew	8	PK-XXXL	88: Ford F-250/F-350 Super Duty 1999-2026   Crew 8 PK-XXXL
1063	1	OK	89	PK-L	皮卡	Ford	F-250/F-350 Super Duty	2000			Regular	8	PK-L	89: Ford F-250/F-350 Super Duty 1999-2026   Regular 8 PK-L
1064	1	OK	86	PK-L	皮卡	Ford	F-250/F-350 Super Duty	2000			SuperCab	6.8	PK-L	86: Ford F-250/F-350 Super Duty 1999-2010   SuperCab 6.8 PK-L
1065	1	OK	85	PK-XL	皮卡	Ford	F-250/F-350 Super Duty	2000			SuperCab	8	PK-XL	85: Ford F-250/F-350 Super Duty 1999-2000   SuperCab 8 PK-XL
1066	1	OK	87	PK-XXL	皮卡	Ford	F-250/F-350 Super Duty	2000			Crew	6.8	PK-XXL	87: Ford F-250/F-350 Super Duty 1999-2026   Crew 6.8 PK-XXL
1067	1	OK	88	PK-XXXL	皮卡	Ford	F-250/F-350 Super Duty	2000			Crew	8	PK-XXXL	88: Ford F-250/F-350 Super Duty 1999-2026   Crew 8 PK-XXXL
1068	1	OK	89	PK-L	皮卡	Ford	F-250/F-350 Super Duty	2001			Regular	8	PK-L	89: Ford F-250/F-350 Super Duty 1999-2026   Regular 8 PK-L
1069	1	OK	86	PK-L	皮卡	Ford	F-250/F-350 Super Duty	2001			SuperCab	6.8	PK-L	86: Ford F-250/F-350 Super Duty 1999-2010   SuperCab 6.8 PK-L
1070	1	OK	87	PK-XXL	皮卡	Ford	F-250/F-350 Super Duty	2001			Crew	6.8	PK-XXL	87: Ford F-250/F-350 Super Duty 1999-2026   Crew 6.8 PK-XXL
1071	1	OK	90	PK-XXL	皮卡	Ford	F-250/F-350 Super Duty	2001			SuperCab	8	PK-XXL	90: Ford F-250/F-350 Super Duty 2001-2016   SuperCab 8 PK-XXL
1072	1	OK	88	PK-XXXL	皮卡	Ford	F-250/F-350 Super Duty	2001			Crew	8	PK-XXXL	88: Ford F-250/F-350 Super Duty 1999-2026   Crew 8 PK-XXXL
1073	1	OK	89	PK-L	皮卡	Ford	F-250/F-350 Super Duty	2002			Regular	8	PK-L	89: Ford F-250/F-350 Super Duty 1999-2026   Regular 8 PK-L
1074	1	OK	86	PK-L	皮卡	Ford	F-250/F-350 Super Duty	2002			SuperCab	6.8	PK-L	86: Ford F-250/F-350 Super Duty 1999-2010   SuperCab 6.8 PK-L
1075	1	OK	87	PK-XXL	皮卡	Ford	F-250/F-350 Super Duty	2002			Crew	6.8	PK-XXL	87: Ford F-250/F-350 Super Duty 1999-2026   Crew 6.8 PK-XXL
1076	1	OK	90	PK-XXL	皮卡	Ford	F-250/F-350 Super Duty	2002			SuperCab	8	PK-XXL	90: Ford F-250/F-350 Super Duty 2001-2016   SuperCab 8 PK-XXL
1077	1	OK	88	PK-XXXL	皮卡	Ford	F-250/F-350 Super Duty	2002			Crew	8	PK-XXXL	88: Ford F-250/F-350 Super Duty 1999-2026   Crew 8 PK-XXXL
1078	1	OK	89	PK-L	皮卡	Ford	F-250/F-350 Super Duty	2003			Regular	8	PK-L	89: Ford F-250/F-350 Super Duty 1999-2026   Regular 8 PK-L
1079	1	OK	86	PK-L	皮卡	Ford	F-250/F-350 Super Duty	2003			SuperCab	6.8	PK-L	86: Ford F-250/F-350 Super Duty 1999-2010   SuperCab 6.8 PK-L
1080	1	OK	87	PK-XXL	皮卡	Ford	F-250/F-350 Super Duty	2003			Crew	6.8	PK-XXL	87: Ford F-250/F-350 Super Duty 1999-2026   Crew 6.8 PK-XXL
1081	1	OK	90	PK-XXL	皮卡	Ford	F-250/F-350 Super Duty	2003			SuperCab	8	PK-XXL	90: Ford F-250/F-350 Super Duty 2001-2016   SuperCab 8 PK-XXL
1082	1	OK	88	PK-XXXL	皮卡	Ford	F-250/F-350 Super Duty	2003			Crew	8	PK-XXXL	88: Ford F-250/F-350 Super Duty 1999-2026   Crew 8 PK-XXXL
1083	1	OK	89	PK-L	皮卡	Ford	F-250/F-350 Super Duty	2004			Regular	8	PK-L	89: Ford F-250/F-350 Super Duty 1999-2026   Regular 8 PK-L
1084	1	OK	86	PK-L	皮卡	Ford	F-250/F-350 Super Duty	2004			SuperCab	6.8	PK-L	86: Ford F-250/F-350 Super Duty 1999-2010   SuperCab 6.8 PK-L
1085	1	OK	87	PK-XXL	皮卡	Ford	F-250/F-350 Super Duty	2004			Crew	6.8	PK-XXL	87: Ford F-250/F-350 Super Duty 1999-2026   Crew 6.8 PK-XXL
1086	1	OK	90	PK-XXL	皮卡	Ford	F-250/F-350 Super Duty	2004			SuperCab	8	PK-XXL	90: Ford F-250/F-350 Super Duty 2001-2016   SuperCab 8 PK-XXL
1087	1	OK	88	PK-XXXL	皮卡	Ford	F-250/F-350 Super Duty	2004			Crew	8	PK-XXXL	88: Ford F-250/F-350 Super Duty 1999-2026   Crew 8 PK-XXXL
1088	1	OK	89	PK-L	皮卡	Ford	F-250/F-350 Super Duty	2005			Regular	8	PK-L	89: Ford F-250/F-350 Super Duty 1999-2026   Regular 8 PK-L
1089	1	OK	86	PK-L	皮卡	Ford	F-250/F-350 Super Duty	2005			SuperCab	6.8	PK-L	86: Ford F-250/F-350 Super Duty 1999-2010   SuperCab 6.8 PK-L
1090	1	OK	87	PK-XXL	皮卡	Ford	F-250/F-350 Super Duty	2005			Crew	6.8	PK-XXL	87: Ford F-250/F-350 Super Duty 1999-2026   Crew 6.8 PK-XXL
1091	1	OK	90	PK-XXL	皮卡	Ford	F-250/F-350 Super Duty	2005			SuperCab	8	PK-XXL	90: Ford F-250/F-350 Super Duty 2001-2016   SuperCab 8 PK-XXL
1092	1	OK	88	PK-XXXL	皮卡	Ford	F-250/F-350 Super Duty	2005			Crew	8	PK-XXXL	88: Ford F-250/F-350 Super Duty 1999-2026   Crew 8 PK-XXXL
1093	1	OK	89	PK-L	皮卡	Ford	F-250/F-350 Super Duty	2006			Regular	8	PK-L	89: Ford F-250/F-350 Super Duty 1999-2026   Regular 8 PK-L
1094	1	OK	86	PK-L	皮卡	Ford	F-250/F-350 Super Duty	2006			SuperCab	6.8	PK-L	86: Ford F-250/F-350 Super Duty 1999-2010   SuperCab 6.8 PK-L
1095	1	OK	87	PK-XXL	皮卡	Ford	F-250/F-350 Super Duty	2006			Crew	6.8	PK-XXL	87: Ford F-250/F-350 Super Duty 1999-2026   Crew 6.8 PK-XXL
1096	1	OK	90	PK-XXL	皮卡	Ford	F-250/F-350 Super Duty	2006			SuperCab	8	PK-XXL	90: Ford F-250/F-350 Super Duty 2001-2016   SuperCab 8 PK-XXL
1097	1	OK	88	PK-XXXL	皮卡	Ford	F-250/F-350 Super Duty	2006			Crew	8	PK-XXXL	88: Ford F-250/F-350 Super Duty 1999-2026   Crew 8 PK-XXXL
1098	1	OK	89	PK-L	皮卡	Ford	F-250/F-350 Super Duty	2007			Regular	8	PK-L	89: Ford F-250/F-350 Super Duty 1999-2026   Regular 8 PK-L
1099	1	OK	86	PK-L	皮卡	Ford	F-250/F-350 Super Duty	2007			SuperCab	6.8	PK-L	86: Ford F-250/F-350 Super Duty 1999-2010   SuperCab 6.8 PK-L
1100	1	OK	87	PK-XXL	皮卡	Ford	F-250/F-350 Super Duty	2007			Crew	6.8	PK-XXL	87: Ford F-250/F-350 Super Duty 1999-2026   Crew 6.8 PK-XXL
1101	1	OK	90	PK-XXL	皮卡	Ford	F-250/F-350 Super Duty	2007			SuperCab	8	PK-XXL	90: Ford F-250/F-350 Super Duty 2001-2016   SuperCab 8 PK-XXL
1102	1	OK	88	PK-XXXL	皮卡	Ford	F-250/F-350 Super Duty	2007			Crew	8	PK-XXXL	88: Ford F-250/F-350 Super Duty 1999-2026   Crew 8 PK-XXXL
1103	1	OK	89	PK-L	皮卡	Ford	F-250/F-350 Super Duty	2008			Regular	8	PK-L	89: Ford F-250/F-350 Super Duty 1999-2026   Regular 8 PK-L
1104	1	OK	86	PK-L	皮卡	Ford	F-250/F-350 Super Duty	2008			SuperCab	6.8	PK-L	86: Ford F-250/F-350 Super Duty 1999-2010   SuperCab 6.8 PK-L
1105	1	OK	87	PK-XXL	皮卡	Ford	F-250/F-350 Super Duty	2008			Crew	6.8	PK-XXL	87: Ford F-250/F-350 Super Duty 1999-2026   Crew 6.8 PK-XXL
1106	1	OK	90	PK-XXL	皮卡	Ford	F-250/F-350 Super Duty	2008			SuperCab	8	PK-XXL	90: Ford F-250/F-350 Super Duty 2001-2016   SuperCab 8 PK-XXL
1107	1	OK	88	PK-XXXL	皮卡	Ford	F-250/F-350 Super Duty	2008			Crew	8	PK-XXXL	88: Ford F-250/F-350 Super Duty 1999-2026   Crew 8 PK-XXXL
1108	1	OK	89	PK-L	皮卡	Ford	F-250/F-350 Super Duty	2009			Regular	8	PK-L	89: Ford F-250/F-350 Super Duty 1999-2026   Regular 8 PK-L
1109	1	OK	86	PK-L	皮卡	Ford	F-250/F-350 Super Duty	2009			SuperCab	6.8	PK-L	86: Ford F-250/F-350 Super Duty 1999-2010   SuperCab 6.8 PK-L
1110	1	OK	87	PK-XXL	皮卡	Ford	F-250/F-350 Super Duty	2009			Crew	6.8	PK-XXL	87: Ford F-250/F-350 Super Duty 1999-2026   Crew 6.8 PK-XXL
1111	1	OK	90	PK-XXL	皮卡	Ford	F-250/F-350 Super Duty	2009			SuperCab	8	PK-XXL	90: Ford F-250/F-350 Super Duty 2001-2016   SuperCab 8 PK-XXL
1112	1	OK	88	PK-XXXL	皮卡	Ford	F-250/F-350 Super Duty	2009			Crew	8	PK-XXXL	88: Ford F-250/F-350 Super Duty 1999-2026   Crew 8 PK-XXXL
1113	1	OK	89	PK-L	皮卡	Ford	F-250/F-350 Super Duty	2010			Regular	8	PK-L	89: Ford F-250/F-350 Super Duty 1999-2026   Regular 8 PK-L
1114	1	OK	86	PK-L	皮卡	Ford	F-250/F-350 Super Duty	2010			SuperCab	6.8	PK-L	86: Ford F-250/F-350 Super Duty 1999-2010   SuperCab 6.8 PK-L
1115	1	OK	87	PK-XXL	皮卡	Ford	F-250/F-350 Super Duty	2010			Crew	6.8	PK-XXL	87: Ford F-250/F-350 Super Duty 1999-2026   Crew 6.8 PK-XXL
1116	1	OK	90	PK-XXL	皮卡	Ford	F-250/F-350 Super Duty	2010			SuperCab	8	PK-XXL	90: Ford F-250/F-350 Super Duty 2001-2016   SuperCab 8 PK-XXL
1117	1	OK	88	PK-XXXL	皮卡	Ford	F-250/F-350 Super Duty	2010			Crew	8	PK-XXXL	88: Ford F-250/F-350 Super Duty 1999-2026   Crew 8 PK-XXXL
1118	1	OK	89	PK-L	皮卡	Ford	F-250/F-350 Super Duty	2011			Regular	8	PK-L	89: Ford F-250/F-350 Super Duty 1999-2026   Regular 8 PK-L
1119	1	OK	91	PK-XL	皮卡	Ford	F-250/F-350 Super Duty	2011			SuperCab	6.8	PK-XL	91: Ford F-250/F-350 Super Duty 2011-2026   SuperCab 6.8 PK-XL
1120	1	OK	87	PK-XXL	皮卡	Ford	F-250/F-350 Super Duty	2011			Crew	6.8	PK-XXL	87: Ford F-250/F-350 Super Duty 1999-2026   Crew 6.8 PK-XXL
1121	1	OK	90	PK-XXL	皮卡	Ford	F-250/F-350 Super Duty	2011			SuperCab	8	PK-XXL	90: Ford F-250/F-350 Super Duty 2001-2016   SuperCab 8 PK-XXL
1122	1	OK	88	PK-XXXL	皮卡	Ford	F-250/F-350 Super Duty	2011			Crew	8	PK-XXXL	88: Ford F-250/F-350 Super Duty 1999-2026   Crew 8 PK-XXXL
1123	1	OK	89	PK-L	皮卡	Ford	F-250/F-350 Super Duty	2012			Regular	8	PK-L	89: Ford F-250/F-350 Super Duty 1999-2026   Regular 8 PK-L
1124	1	OK	91	PK-XL	皮卡	Ford	F-250/F-350 Super Duty	2012			SuperCab	6.8	PK-XL	91: Ford F-250/F-350 Super Duty 2011-2026   SuperCab 6.8 PK-XL
1125	1	OK	87	PK-XXL	皮卡	Ford	F-250/F-350 Super Duty	2012			Crew	6.8	PK-XXL	87: Ford F-250/F-350 Super Duty 1999-2026   Crew 6.8 PK-XXL
1126	1	OK	90	PK-XXL	皮卡	Ford	F-250/F-350 Super Duty	2012			SuperCab	8	PK-XXL	90: Ford F-250/F-350 Super Duty 2001-2016   SuperCab 8 PK-XXL
1127	1	OK	88	PK-XXXL	皮卡	Ford	F-250/F-350 Super Duty	2012			Crew	8	PK-XXXL	88: Ford F-250/F-350 Super Duty 1999-2026   Crew 8 PK-XXXL
1128	1	OK	89	PK-L	皮卡	Ford	F-250/F-350 Super Duty	2013			Regular	8	PK-L	89: Ford F-250/F-350 Super Duty 1999-2026   Regular 8 PK-L
1129	1	OK	91	PK-XL	皮卡	Ford	F-250/F-350 Super Duty	2013			SuperCab	6.8	PK-XL	91: Ford F-250/F-350 Super Duty 2011-2026   SuperCab 6.8 PK-XL
1130	1	OK	87	PK-XXL	皮卡	Ford	F-250/F-350 Super Duty	2013			Crew	6.8	PK-XXL	87: Ford F-250/F-350 Super Duty 1999-2026   Crew 6.8 PK-XXL
1131	1	OK	90	PK-XXL	皮卡	Ford	F-250/F-350 Super Duty	2013			SuperCab	8	PK-XXL	90: Ford F-250/F-350 Super Duty 2001-2016   SuperCab 8 PK-XXL
1132	1	OK	88	PK-XXXL	皮卡	Ford	F-250/F-350 Super Duty	2013			Crew	8	PK-XXXL	88: Ford F-250/F-350 Super Duty 1999-2026   Crew 8 PK-XXXL
1133	1	OK	89	PK-L	皮卡	Ford	F-250/F-350 Super Duty	2014			Regular	8	PK-L	89: Ford F-250/F-350 Super Duty 1999-2026   Regular 8 PK-L
1134	1	OK	91	PK-XL	皮卡	Ford	F-250/F-350 Super Duty	2014			SuperCab	6.8	PK-XL	91: Ford F-250/F-350 Super Duty 2011-2026   SuperCab 6.8 PK-XL
1135	1	OK	87	PK-XXL	皮卡	Ford	F-250/F-350 Super Duty	2014			Crew	6.8	PK-XXL	87: Ford F-250/F-350 Super Duty 1999-2026   Crew 6.8 PK-XXL
1136	1	OK	90	PK-XXL	皮卡	Ford	F-250/F-350 Super Duty	2014			SuperCab	8	PK-XXL	90: Ford F-250/F-350 Super Duty 2001-2016   SuperCab 8 PK-XXL
1137	1	OK	88	PK-XXXL	皮卡	Ford	F-250/F-350 Super Duty	2014			Crew	8	PK-XXXL	88: Ford F-250/F-350 Super Duty 1999-2026   Crew 8 PK-XXXL
1138	1	OK	89	PK-L	皮卡	Ford	F-250/F-350 Super Duty	2015			Regular	8	PK-L	89: Ford F-250/F-350 Super Duty 1999-2026   Regular 8 PK-L
1139	1	OK	91	PK-XL	皮卡	Ford	F-250/F-350 Super Duty	2015			SuperCab	6.8	PK-XL	91: Ford F-250/F-350 Super Duty 2011-2026   SuperCab 6.8 PK-XL
1140	1	OK	87	PK-XXL	皮卡	Ford	F-250/F-350 Super Duty	2015			Crew	6.8	PK-XXL	87: Ford F-250/F-350 Super Duty 1999-2026   Crew 6.8 PK-XXL
1141	1	OK	90	PK-XXL	皮卡	Ford	F-250/F-350 Super Duty	2015			SuperCab	8	PK-XXL	90: Ford F-250/F-350 Super Duty 2001-2016   SuperCab 8 PK-XXL
1142	1	OK	88	PK-XXXL	皮卡	Ford	F-250/F-350 Super Duty	2015			Crew	8	PK-XXXL	88: Ford F-250/F-350 Super Duty 1999-2026   Crew 8 PK-XXXL
1143	1	OK	89	PK-L	皮卡	Ford	F-250/F-350 Super Duty	2016			Regular	8	PK-L	89: Ford F-250/F-350 Super Duty 1999-2026   Regular 8 PK-L
1144	1	OK	91	PK-XL	皮卡	Ford	F-250/F-350 Super Duty	2016			SuperCab	6.8	PK-XL	91: Ford F-250/F-350 Super Duty 2011-2026   SuperCab 6.8 PK-XL
1145	1	OK	87	PK-XXL	皮卡	Ford	F-250/F-350 Super Duty	2016			Crew	6.8	PK-XXL	87: Ford F-250/F-350 Super Duty 1999-2026   Crew 6.8 PK-XXL
1146	1	OK	90	PK-XXL	皮卡	Ford	F-250/F-350 Super Duty	2016			SuperCab	8	PK-XXL	90: Ford F-250/F-350 Super Duty 2001-2016   SuperCab 8 PK-XXL
1147	1	OK	88	PK-XXXL	皮卡	Ford	F-250/F-350 Super Duty	2016			Crew	8	PK-XXXL	88: Ford F-250/F-350 Super Duty 1999-2026   Crew 8 PK-XXXL
1148	1	OK	89	PK-L	皮卡	Ford	F-250/F-350 Super Duty	2017			Regular	8	PK-L	89: Ford F-250/F-350 Super Duty 1999-2026   Regular 8 PK-L
1149	1	OK	91	PK-XL	皮卡	Ford	F-250/F-350 Super Duty	2017			SuperCab	6.8	PK-XL	91: Ford F-250/F-350 Super Duty 2011-2026   SuperCab 6.8 PK-XL
1150	1	OK	87	PK-XXL	皮卡	Ford	F-250/F-350 Super Duty	2017			Crew	6.8	PK-XXL	87: Ford F-250/F-350 Super Duty 1999-2026   Crew 6.8 PK-XXL
1151	1	OK	88	PK-XXXL	皮卡	Ford	F-250/F-350 Super Duty	2017			Crew	8	PK-XXXL	88: Ford F-250/F-350 Super Duty 1999-2026   Crew 8 PK-XXXL
1152	1	OK	92	PK-XXXL	皮卡	Ford	F-250/F-350 Super Duty	2017			SuperCab	8	PK-XXXL	92: Ford F-250/F-350 Super Duty 2017-2026   SuperCab 8 PK-XXXL
1153	1	OK	89	PK-L	皮卡	Ford	F-250/F-350 Super Duty	2018			Regular	8	PK-L	89: Ford F-250/F-350 Super Duty 1999-2026   Regular 8 PK-L
1154	1	OK	91	PK-XL	皮卡	Ford	F-250/F-350 Super Duty	2018			SuperCab	6.8	PK-XL	91: Ford F-250/F-350 Super Duty 2011-2026   SuperCab 6.8 PK-XL
1155	1	OK	87	PK-XXL	皮卡	Ford	F-250/F-350 Super Duty	2018			Crew	6.8	PK-XXL	87: Ford F-250/F-350 Super Duty 1999-2026   Crew 6.8 PK-XXL
1156	1	OK	88	PK-XXXL	皮卡	Ford	F-250/F-350 Super Duty	2018			Crew	8	PK-XXXL	88: Ford F-250/F-350 Super Duty 1999-2026   Crew 8 PK-XXXL
1157	1	OK	92	PK-XXXL	皮卡	Ford	F-250/F-350 Super Duty	2018			SuperCab	8	PK-XXXL	92: Ford F-250/F-350 Super Duty 2017-2026   SuperCab 8 PK-XXXL
1158	1	OK	89	PK-L	皮卡	Ford	F-250/F-350 Super Duty	2019			Regular	8	PK-L	89: Ford F-250/F-350 Super Duty 1999-2026   Regular 8 PK-L
1159	1	OK	91	PK-XL	皮卡	Ford	F-250/F-350 Super Duty	2019			SuperCab	6.8	PK-XL	91: Ford F-250/F-350 Super Duty 2011-2026   SuperCab 6.8 PK-XL
1160	1	OK	87	PK-XXL	皮卡	Ford	F-250/F-350 Super Duty	2019			Crew	6.8	PK-XXL	87: Ford F-250/F-350 Super Duty 1999-2026   Crew 6.8 PK-XXL
1161	1	OK	88	PK-XXXL	皮卡	Ford	F-250/F-350 Super Duty	2019			Crew	8	PK-XXXL	88: Ford F-250/F-350 Super Duty 1999-2026   Crew 8 PK-XXXL
1162	1	OK	92	PK-XXXL	皮卡	Ford	F-250/F-350 Super Duty	2019			SuperCab	8	PK-XXXL	92: Ford F-250/F-350 Super Duty 2017-2026   SuperCab 8 PK-XXXL
1163	1	OK	89	PK-L	皮卡	Ford	F-250/F-350 Super Duty	2020			Regular	8	PK-L	89: Ford F-250/F-350 Super Duty 1999-2026   Regular 8 PK-L
1164	1	OK	91	PK-XL	皮卡	Ford	F-250/F-350 Super Duty	2020			SuperCab	6.8	PK-XL	91: Ford F-250/F-350 Super Duty 2011-2026   SuperCab 6.8 PK-XL
1165	1	OK	87	PK-XXL	皮卡	Ford	F-250/F-350 Super Duty	2020			Crew	6.8	PK-XXL	87: Ford F-250/F-350 Super Duty 1999-2026   Crew 6.8 PK-XXL
1166	1	OK	88	PK-XXXL	皮卡	Ford	F-250/F-350 Super Duty	2020			Crew	8	PK-XXXL	88: Ford F-250/F-350 Super Duty 1999-2026   Crew 8 PK-XXXL
1167	1	OK	92	PK-XXXL	皮卡	Ford	F-250/F-350 Super Duty	2020			SuperCab	8	PK-XXXL	92: Ford F-250/F-350 Super Duty 2017-2026   SuperCab 8 PK-XXXL
1168	1	OK	89	PK-L	皮卡	Ford	F-250/F-350 Super Duty	2021			Regular	8	PK-L	89: Ford F-250/F-350 Super Duty 1999-2026   Regular 8 PK-L
1169	1	OK	91	PK-XL	皮卡	Ford	F-250/F-350 Super Duty	2021			SuperCab	6.8	PK-XL	91: Ford F-250/F-350 Super Duty 2011-2026   SuperCab 6.8 PK-XL
1170	1	OK	87	PK-XXL	皮卡	Ford	F-250/F-350 Super Duty	2021			Crew	6.8	PK-XXL	87: Ford F-250/F-350 Super Duty 1999-2026   Crew 6.8 PK-XXL
1171	1	OK	88	PK-XXXL	皮卡	Ford	F-250/F-350 Super Duty	2021			Crew	8	PK-XXXL	88: Ford F-250/F-350 Super Duty 1999-2026   Crew 8 PK-XXXL
1172	1	OK	92	PK-XXXL	皮卡	Ford	F-250/F-350 Super Duty	2021			SuperCab	8	PK-XXXL	92: Ford F-250/F-350 Super Duty 2017-2026   SuperCab 8 PK-XXXL
1173	1	OK	89	PK-L	皮卡	Ford	F-250/F-350 Super Duty	2022			Regular	8	PK-L	89: Ford F-250/F-350 Super Duty 1999-2026   Regular 8 PK-L
1174	1	OK	91	PK-XL	皮卡	Ford	F-250/F-350 Super Duty	2022			SuperCab	6.8	PK-XL	91: Ford F-250/F-350 Super Duty 2011-2026   SuperCab 6.8 PK-XL
1175	1	OK	87	PK-XXL	皮卡	Ford	F-250/F-350 Super Duty	2022			Crew	6.8	PK-XXL	87: Ford F-250/F-350 Super Duty 1999-2026   Crew 6.8 PK-XXL
1176	1	OK	88	PK-XXXL	皮卡	Ford	F-250/F-350 Super Duty	2022			Crew	8	PK-XXXL	88: Ford F-250/F-350 Super Duty 1999-2026   Crew 8 PK-XXXL
1177	1	OK	92	PK-XXXL	皮卡	Ford	F-250/F-350 Super Duty	2022			SuperCab	8	PK-XXXL	92: Ford F-250/F-350 Super Duty 2017-2026   SuperCab 8 PK-XXXL
1178	1	OK	89	PK-L	皮卡	Ford	F-250/F-350 Super Duty	2023			Regular	8	PK-L	89: Ford F-250/F-350 Super Duty 1999-2026   Regular 8 PK-L
1179	1	OK	91	PK-XL	皮卡	Ford	F-250/F-350 Super Duty	2023			SuperCab	6.8	PK-XL	91: Ford F-250/F-350 Super Duty 2011-2026   SuperCab 6.8 PK-XL
1180	1	OK	87	PK-XXL	皮卡	Ford	F-250/F-350 Super Duty	2023			Crew	6.8	PK-XXL	87: Ford F-250/F-350 Super Duty 1999-2026   Crew 6.8 PK-XXL
1181	1	OK	88	PK-XXXL	皮卡	Ford	F-250/F-350 Super Duty	2023			Crew	8	PK-XXXL	88: Ford F-250/F-350 Super Duty 1999-2026   Crew 8 PK-XXXL
1182	1	OK	92	PK-XXXL	皮卡	Ford	F-250/F-350 Super Duty	2023			SuperCab	8	PK-XXXL	92: Ford F-250/F-350 Super Duty 2017-2026   SuperCab 8 PK-XXXL
1183	1	OK	89	PK-L	皮卡	Ford	F-250/F-350 Super Duty	2024			Regular	8	PK-L	89: Ford F-250/F-350 Super Duty 1999-2026   Regular 8 PK-L
1184	1	OK	91	PK-XL	皮卡	Ford	F-250/F-350 Super Duty	2024			SuperCab	6.8	PK-XL	91: Ford F-250/F-350 Super Duty 2011-2026   SuperCab 6.8 PK-XL
1185	1	OK	87	PK-XXL	皮卡	Ford	F-250/F-350 Super Duty	2024			Crew	6.8	PK-XXL	87: Ford F-250/F-350 Super Duty 1999-2026   Crew 6.8 PK-XXL
1186	1	OK	88	PK-XXXL	皮卡	Ford	F-250/F-350 Super Duty	2024			Crew	8	PK-XXXL	88: Ford F-250/F-350 Super Duty 1999-2026   Crew 8 PK-XXXL
1187	1	OK	92	PK-XXXL	皮卡	Ford	F-250/F-350 Super Duty	2024			SuperCab	8	PK-XXXL	92: Ford F-250/F-350 Super Duty 2017-2026   SuperCab 8 PK-XXXL
1188	1	OK	89	PK-L	皮卡	Ford	F-250/F-350 Super Duty	2025			Regular	8	PK-L	89: Ford F-250/F-350 Super Duty 1999-2026   Regular 8 PK-L
1189	1	OK	91	PK-XL	皮卡	Ford	F-250/F-350 Super Duty	2025			SuperCab	6.8	PK-XL	91: Ford F-250/F-350 Super Duty 2011-2026   SuperCab 6.8 PK-XL
1190	1	OK	87	PK-XXL	皮卡	Ford	F-250/F-350 Super Duty	2025			Crew	6.8	PK-XXL	87: Ford F-250/F-350 Super Duty 1999-2026   Crew 6.8 PK-XXL
1191	1	OK	88	PK-XXXL	皮卡	Ford	F-250/F-350 Super Duty	2025			Crew	8	PK-XXXL	88: Ford F-250/F-350 Super Duty 1999-2026   Crew 8 PK-XXXL
1192	1	OK	92	PK-XXXL	皮卡	Ford	F-250/F-350 Super Duty	2025			SuperCab	8	PK-XXXL	92: Ford F-250/F-350 Super Duty 2017-2026   SuperCab 8 PK-XXXL
1193	1	OK	89	PK-L	皮卡	Ford	F-250/F-350 Super Duty	2026			Regular	8	PK-L	89: Ford F-250/F-350 Super Duty 1999-2026   Regular 8 PK-L
1194	1	OK	91	PK-XL	皮卡	Ford	F-250/F-350 Super Duty	2026			SuperCab	6.8	PK-XL	91: Ford F-250/F-350 Super Duty 2011-2026   SuperCab 6.8 PK-XL
1195	1	OK	87	PK-XXL	皮卡	Ford	F-250/F-350 Super Duty	2026			Crew	6.8	PK-XXL	87: Ford F-250/F-350 Super Duty 1999-2026   Crew 6.8 PK-XXL
1196	1	OK	88	PK-XXXL	皮卡	Ford	F-250/F-350 Super Duty	2026			Crew	8	PK-XXXL	88: Ford F-250/F-350 Super Duty 1999-2026   Crew 8 PK-XXXL
1197	1	OK	92	PK-XXXL	皮卡	Ford	F-250/F-350 Super Duty	2026			SuperCab	8	PK-XXXL	92: Ford F-250/F-350 Super Duty 2017-2026   SuperCab 8 PK-XXXL
1198	1	OK	94	PK-WX	皮卡	Ford	F-350 Super Duty	1999	DRW		Regular	8	PK-WX	94: Ford F-350 Super Duty 1999-2026 DRW  Regular 8 PK-WX
1199	1	OK	93	PK-WXXL	皮卡	Ford	F-350 Super Duty	1999	DRW		Crew	8	PK-WXXL	93: Ford F-350 Super Duty 1999-2026 DRW  Crew 8 PK-WXXL
1200	1	OK	94	PK-WX	皮卡	Ford	F-350 Super Duty	2000	DRW		Regular	8	PK-WX	94: Ford F-350 Super Duty 1999-2026 DRW  Regular 8 PK-WX
1201	1	OK	93	PK-WXXL	皮卡	Ford	F-350 Super Duty	2000	DRW		Crew	8	PK-WXXL	93: Ford F-350 Super Duty 1999-2026 DRW  Crew 8 PK-WXXL
1202	1	OK	94	PK-WX	皮卡	Ford	F-350 Super Duty	2001	DRW		Regular	8	PK-WX	94: Ford F-350 Super Duty 1999-2026 DRW  Regular 8 PK-WX
1203	1	OK	93	PK-WXXL	皮卡	Ford	F-350 Super Duty	2001	DRW		Crew	8	PK-WXXL	93: Ford F-350 Super Duty 1999-2026 DRW  Crew 8 PK-WXXL
1204	1	OK	94	PK-WX	皮卡	Ford	F-350 Super Duty	2002	DRW		Regular	8	PK-WX	94: Ford F-350 Super Duty 1999-2026 DRW  Regular 8 PK-WX
1205	1	OK	93	PK-WXXL	皮卡	Ford	F-350 Super Duty	2002	DRW		Crew	8	PK-WXXL	93: Ford F-350 Super Duty 1999-2026 DRW  Crew 8 PK-WXXL
1206	1	OK	94	PK-WX	皮卡	Ford	F-350 Super Duty	2003	DRW		Regular	8	PK-WX	94: Ford F-350 Super Duty 1999-2026 DRW  Regular 8 PK-WX
1207	1	OK	93	PK-WXXL	皮卡	Ford	F-350 Super Duty	2003	DRW		Crew	8	PK-WXXL	93: Ford F-350 Super Duty 1999-2026 DRW  Crew 8 PK-WXXL
1208	1	OK	94	PK-WX	皮卡	Ford	F-350 Super Duty	2004	DRW		Regular	8	PK-WX	94: Ford F-350 Super Duty 1999-2026 DRW  Regular 8 PK-WX
1209	1	OK	93	PK-WXXL	皮卡	Ford	F-350 Super Duty	2004	DRW		Crew	8	PK-WXXL	93: Ford F-350 Super Duty 1999-2026 DRW  Crew 8 PK-WXXL
1210	1	OK	94	PK-WX	皮卡	Ford	F-350 Super Duty	2005	DRW		Regular	8	PK-WX	94: Ford F-350 Super Duty 1999-2026 DRW  Regular 8 PK-WX
1211	1	OK	93	PK-WXXL	皮卡	Ford	F-350 Super Duty	2005	DRW		Crew	8	PK-WXXL	93: Ford F-350 Super Duty 1999-2026 DRW  Crew 8 PK-WXXL
1212	1	OK	94	PK-WX	皮卡	Ford	F-350 Super Duty	2006	DRW		Regular	8	PK-WX	94: Ford F-350 Super Duty 1999-2026 DRW  Regular 8 PK-WX
1213	1	OK	93	PK-WXXL	皮卡	Ford	F-350 Super Duty	2006	DRW		Crew	8	PK-WXXL	93: Ford F-350 Super Duty 1999-2026 DRW  Crew 8 PK-WXXL
1214	1	OK	94	PK-WX	皮卡	Ford	F-350 Super Duty	2007	DRW		Regular	8	PK-WX	94: Ford F-350 Super Duty 1999-2026 DRW  Regular 8 PK-WX
1215	1	OK	93	PK-WXXL	皮卡	Ford	F-350 Super Duty	2007	DRW		Crew	8	PK-WXXL	93: Ford F-350 Super Duty 1999-2026 DRW  Crew 8 PK-WXXL
1216	1	OK	94	PK-WX	皮卡	Ford	F-350 Super Duty	2008	DRW		Regular	8	PK-WX	94: Ford F-350 Super Duty 1999-2026 DRW  Regular 8 PK-WX
1217	1	OK	93	PK-WXXL	皮卡	Ford	F-350 Super Duty	2008	DRW		Crew	8	PK-WXXL	93: Ford F-350 Super Duty 1999-2026 DRW  Crew 8 PK-WXXL
1218	1	OK	94	PK-WX	皮卡	Ford	F-350 Super Duty	2009	DRW		Regular	8	PK-WX	94: Ford F-350 Super Duty 1999-2026 DRW  Regular 8 PK-WX
1219	1	OK	93	PK-WXXL	皮卡	Ford	F-350 Super Duty	2009	DRW		Crew	8	PK-WXXL	93: Ford F-350 Super Duty 1999-2026 DRW  Crew 8 PK-WXXL
1220	1	OK	94	PK-WX	皮卡	Ford	F-350 Super Duty	2010	DRW		Regular	8	PK-WX	94: Ford F-350 Super Duty 1999-2026 DRW  Regular 8 PK-WX
1221	1	OK	93	PK-WXXL	皮卡	Ford	F-350 Super Duty	2010	DRW		Crew	8	PK-WXXL	93: Ford F-350 Super Duty 1999-2026 DRW  Crew 8 PK-WXXL
1222	1	OK	94	PK-WX	皮卡	Ford	F-350 Super Duty	2011	DRW		Regular	8	PK-WX	94: Ford F-350 Super Duty 1999-2026 DRW  Regular 8 PK-WX
1223	1	OK	93	PK-WXXL	皮卡	Ford	F-350 Super Duty	2011	DRW		Crew	8	PK-WXXL	93: Ford F-350 Super Duty 1999-2026 DRW  Crew 8 PK-WXXL
1224	1	OK	94	PK-WX	皮卡	Ford	F-350 Super Duty	2012	DRW		Regular	8	PK-WX	94: Ford F-350 Super Duty 1999-2026 DRW  Regular 8 PK-WX
1225	1	OK	93	PK-WXXL	皮卡	Ford	F-350 Super Duty	2012	DRW		Crew	8	PK-WXXL	93: Ford F-350 Super Duty 1999-2026 DRW  Crew 8 PK-WXXL
1226	1	OK	94	PK-WX	皮卡	Ford	F-350 Super Duty	2013	DRW		Regular	8	PK-WX	94: Ford F-350 Super Duty 1999-2026 DRW  Regular 8 PK-WX
1227	1	OK	93	PK-WXXL	皮卡	Ford	F-350 Super Duty	2013	DRW		Crew	8	PK-WXXL	93: Ford F-350 Super Duty 1999-2026 DRW  Crew 8 PK-WXXL
1228	1	OK	94	PK-WX	皮卡	Ford	F-350 Super Duty	2014	DRW		Regular	8	PK-WX	94: Ford F-350 Super Duty 1999-2026 DRW  Regular 8 PK-WX
1229	1	OK	93	PK-WXXL	皮卡	Ford	F-350 Super Duty	2014	DRW		Crew	8	PK-WXXL	93: Ford F-350 Super Duty 1999-2026 DRW  Crew 8 PK-WXXL
1230	1	OK	94	PK-WX	皮卡	Ford	F-350 Super Duty	2015	DRW		Regular	8	PK-WX	94: Ford F-350 Super Duty 1999-2026 DRW  Regular 8 PK-WX
1231	1	OK	93	PK-WXXL	皮卡	Ford	F-350 Super Duty	2015	DRW		Crew	8	PK-WXXL	93: Ford F-350 Super Duty 1999-2026 DRW  Crew 8 PK-WXXL
1232	1	OK	94	PK-WX	皮卡	Ford	F-350 Super Duty	2016	DRW		Regular	8	PK-WX	94: Ford F-350 Super Duty 1999-2026 DRW  Regular 8 PK-WX
1233	1	OK	93	PK-WXXL	皮卡	Ford	F-350 Super Duty	2016	DRW		Crew	8	PK-WXXL	93: Ford F-350 Super Duty 1999-2026 DRW  Crew 8 PK-WXXL
1234	1	OK	94	PK-WX	皮卡	Ford	F-350 Super Duty	2017	DRW		Regular	8	PK-WX	94: Ford F-350 Super Duty 1999-2026 DRW  Regular 8 PK-WX
1235	1	OK	93	PK-WXXL	皮卡	Ford	F-350 Super Duty	2017	DRW		Crew	8	PK-WXXL	93: Ford F-350 Super Duty 1999-2026 DRW  Crew 8 PK-WXXL
1236	1	OK	94	PK-WX	皮卡	Ford	F-350 Super Duty	2018	DRW		Regular	8	PK-WX	94: Ford F-350 Super Duty 1999-2026 DRW  Regular 8 PK-WX
1237	1	OK	93	PK-WXXL	皮卡	Ford	F-350 Super Duty	2018	DRW		Crew	8	PK-WXXL	93: Ford F-350 Super Duty 1999-2026 DRW  Crew 8 PK-WXXL
1238	1	OK	94	PK-WX	皮卡	Ford	F-350 Super Duty	2019	DRW		Regular	8	PK-WX	94: Ford F-350 Super Duty 1999-2026 DRW  Regular 8 PK-WX
1239	1	OK	93	PK-WXXL	皮卡	Ford	F-350 Super Duty	2019	DRW		Crew	8	PK-WXXL	93: Ford F-350 Super Duty 1999-2026 DRW  Crew 8 PK-WXXL
1240	1	OK	94	PK-WX	皮卡	Ford	F-350 Super Duty	2020	DRW		Regular	8	PK-WX	94: Ford F-350 Super Duty 1999-2026 DRW  Regular 8 PK-WX
1241	1	OK	93	PK-WXXL	皮卡	Ford	F-350 Super Duty	2020	DRW		Crew	8	PK-WXXL	93: Ford F-350 Super Duty 1999-2026 DRW  Crew 8 PK-WXXL
1242	1	OK	94	PK-WX	皮卡	Ford	F-350 Super Duty	2021	DRW		Regular	8	PK-WX	94: Ford F-350 Super Duty 1999-2026 DRW  Regular 8 PK-WX
1243	1	OK	93	PK-WXXL	皮卡	Ford	F-350 Super Duty	2021	DRW		Crew	8	PK-WXXL	93: Ford F-350 Super Duty 1999-2026 DRW  Crew 8 PK-WXXL
1244	1	OK	94	PK-WX	皮卡	Ford	F-350 Super Duty	2022	DRW		Regular	8	PK-WX	94: Ford F-350 Super Duty 1999-2026 DRW  Regular 8 PK-WX
1245	1	OK	93	PK-WXXL	皮卡	Ford	F-350 Super Duty	2022	DRW		Crew	8	PK-WXXL	93: Ford F-350 Super Duty 1999-2026 DRW  Crew 8 PK-WXXL
1246	1	OK	94	PK-WX	皮卡	Ford	F-350 Super Duty	2023	DRW		Regular	8	PK-WX	94: Ford F-350 Super Duty 1999-2026 DRW  Regular 8 PK-WX
1247	1	OK	93	PK-WXXL	皮卡	Ford	F-350 Super Duty	2023	DRW		Crew	8	PK-WXXL	93: Ford F-350 Super Duty 1999-2026 DRW  Crew 8 PK-WXXL
1248	1	OK	94	PK-WX	皮卡	Ford	F-350 Super Duty	2024	DRW		Regular	8	PK-WX	94: Ford F-350 Super Duty 1999-2026 DRW  Regular 8 PK-WX
1249	1	OK	93	PK-WXXL	皮卡	Ford	F-350 Super Duty	2024	DRW		Crew	8	PK-WXXL	93: Ford F-350 Super Duty 1999-2026 DRW  Crew 8 PK-WXXL
1250	1	OK	94	PK-WX	皮卡	Ford	F-350 Super Duty	2025	DRW		Regular	8	PK-WX	94: Ford F-350 Super Duty 1999-2026 DRW  Regular 8 PK-WX
1251	1	OK	93	PK-WXXL	皮卡	Ford	F-350 Super Duty	2025	DRW		Crew	8	PK-WXXL	93: Ford F-350 Super Duty 1999-2026 DRW  Crew 8 PK-WXXL
1252	1	OK	94	PK-WX	皮卡	Ford	F-350 Super Duty	2026	DRW		Regular	8	PK-WX	94: Ford F-350 Super Duty 1999-2026 DRW  Regular 8 PK-WX
1253	1	OK	93	PK-WXXL	皮卡	Ford	F-350 Super Duty	2026	DRW		Crew	8	PK-WXXL	93: Ford F-350 Super Duty 1999-2026 DRW  Crew 8 PK-WXXL
1254	1	OK	59	PK-M	皮卡	Ford	Maverick	2022			SuperCrew	4.5	PK-M	59: Ford Maverick 2022-2026 Incl: Lobo/Tremor  SuperCrew 4.5 PK-M
1255	1	OK	59	PK-M	皮卡	Ford	Maverick	2023			SuperCrew	4.5	PK-M	59: Ford Maverick 2022-2026 Incl: Lobo/Tremor  SuperCrew 4.5 PK-M
1256	1	OK	59	PK-M	皮卡	Ford	Maverick	2023	Tremor		SuperCrew	4.5	PK-M	59: Ford Maverick 2022-2026 Incl: Lobo/Tremor  SuperCrew 4.5 PK-M
1257	1	OK	59	PK-M	皮卡	Ford	Maverick	2024			SuperCrew	4.5	PK-M	59: Ford Maverick 2022-2026 Incl: Lobo/Tremor  SuperCrew 4.5 PK-M
1258	1	OK	59	PK-M	皮卡	Ford	Maverick	2024	Tremor		SuperCrew	4.5	PK-M	59: Ford Maverick 2022-2026 Incl: Lobo/Tremor  SuperCrew 4.5 PK-M
1259	1	OK	59	PK-M	皮卡	Ford	Maverick	2025			SuperCrew	4.5	PK-M	59: Ford Maverick 2022-2026 Incl: Lobo/Tremor  SuperCrew 4.5 PK-M
1260	1	OK	59	PK-M	皮卡	Ford	Maverick	2025	Lobo		SuperCrew	4.5	PK-M	59: Ford Maverick 2022-2026 Incl: Lobo/Tremor  SuperCrew 4.5 PK-M
1261	1	OK	59	PK-M	皮卡	Ford	Maverick	2025	Tremor		SuperCrew	4.5	PK-M	59: Ford Maverick 2022-2026 Incl: Lobo/Tremor  SuperCrew 4.5 PK-M
1262	1	OK	59	PK-M	皮卡	Ford	Maverick	2026			SuperCrew	4.5	PK-M	59: Ford Maverick 2022-2026 Incl: Lobo/Tremor  SuperCrew 4.5 PK-M
1263	1	OK	59	PK-M	皮卡	Ford	Maverick	2026	Lobo		SuperCrew	4.5	PK-M	59: Ford Maverick 2022-2026 Incl: Lobo/Tremor  SuperCrew 4.5 PK-M
1264	1	OK	59	PK-M	皮卡	Ford	Maverick	2026	Tremor		SuperCrew	4.5	PK-M	59: Ford Maverick 2022-2026 Incl: Lobo/Tremor  SuperCrew 4.5 PK-M
1265	1	OK	60	PK-M	皮卡	Ford	Ranger	1993			SuperCab	6	PK-M	60: Ford Ranger 1993-2011   SuperCab 6-7 PK-M
1266	1	OK	95	无可用尺码	皮卡	Ford	Ranger	1993			Regular	6	无可用尺码	95: Ford Ranger 1993-1997   Regular 6 无可用尺码
1267	1	OK	60	PK-M	皮卡	Ford	Ranger	1994			SuperCab	6	PK-M	60: Ford Ranger 1993-2011   SuperCab 6-7 PK-M
1268	1	OK	95	无可用尺码	皮卡	Ford	Ranger	1994			Regular	6	无可用尺码	95: Ford Ranger 1993-1997   Regular 6 无可用尺码
1269	1	OK	60	PK-M	皮卡	Ford	Ranger	1995			SuperCab	6	PK-M	60: Ford Ranger 1993-2011   SuperCab 6-7 PK-M
1270	1	OK	95	无可用尺码	皮卡	Ford	Ranger	1995			Regular	6	无可用尺码	95: Ford Ranger 1993-1997   Regular 6 无可用尺码
1271	1	OK	60	PK-M	皮卡	Ford	Ranger	1996			SuperCab	6	PK-M	60: Ford Ranger 1993-2011   SuperCab 6-7 PK-M
1272	1	OK	95	无可用尺码	皮卡	Ford	Ranger	1996			Regular	6	无可用尺码	95: Ford Ranger 1993-1997   Regular 6 无可用尺码
1273	1	OK	60	PK-M	皮卡	Ford	Ranger	1997			SuperCab	6	PK-M	60: Ford Ranger 1993-2011   SuperCab 6-7 PK-M
1274	1	OK	95	无可用尺码	皮卡	Ford	Ranger	1997			Regular	6	无可用尺码	95: Ford Ranger 1993-1997   Regular 6 无可用尺码
1275	1	OK	96	PK-M	皮卡	Ford	Ranger	1998			Regular	6	PK-M	96: Ford Ranger 1998-2011   Regular 6 PK-M
1276	1	OK	60	PK-M	皮卡	Ford	Ranger	1998			SuperCab	6	PK-M	60: Ford Ranger 1993-2011   SuperCab 6-7 PK-M
1277	1	OK	60	PK-M	皮卡	Ford	Ranger	1998			SuperCab	7	PK-M	60: Ford Ranger 1993-2011   SuperCab 6-7 PK-M
1278	1	OK	96	PK-M	皮卡	Ford	Ranger	1999			Regular	6	PK-M	96: Ford Ranger 1998-2011   Regular 6 PK-M
1279	1	OK	60	PK-M	皮卡	Ford	Ranger	1999			SuperCab	6	PK-M	60: Ford Ranger 1993-2011   SuperCab 6-7 PK-M
1280	1	OK	60	PK-M	皮卡	Ford	Ranger	1999			SuperCab	7	PK-M	60: Ford Ranger 1993-2011   SuperCab 6-7 PK-M
1281	1	OK	96	PK-M	皮卡	Ford	Ranger	2000			Regular	6	PK-M	96: Ford Ranger 1998-2011   Regular 6 PK-M
1282	1	OK	60	PK-M	皮卡	Ford	Ranger	2000			SuperCab	6	PK-M	60: Ford Ranger 1993-2011   SuperCab 6-7 PK-M
1283	1	OK	60	PK-M	皮卡	Ford	Ranger	2000			SuperCab	7	PK-M	60: Ford Ranger 1993-2011   SuperCab 6-7 PK-M
1284	1	OK	96	PK-M	皮卡	Ford	Ranger	2001			Regular	6	PK-M	96: Ford Ranger 1998-2011   Regular 6 PK-M
1285	1	OK	60	PK-M	皮卡	Ford	Ranger	2001			SuperCab	6	PK-M	60: Ford Ranger 1993-2011   SuperCab 6-7 PK-M
1286	1	OK	60	PK-M	皮卡	Ford	Ranger	2001			SuperCab	7	PK-M	60: Ford Ranger 1993-2011   SuperCab 6-7 PK-M
1287	1	OK	96	PK-M	皮卡	Ford	Ranger	2002			Regular	6	PK-M	96: Ford Ranger 1998-2011   Regular 6 PK-M
1288	1	OK	60	PK-M	皮卡	Ford	Ranger	2002			SuperCab	6	PK-M	60: Ford Ranger 1993-2011   SuperCab 6-7 PK-M
1289	1	OK	60	PK-M	皮卡	Ford	Ranger	2002			SuperCab	7	PK-M	60: Ford Ranger 1993-2011   SuperCab 6-7 PK-M
1290	1	OK	96	PK-M	皮卡	Ford	Ranger	2003			Regular	6	PK-M	96: Ford Ranger 1998-2011   Regular 6 PK-M
1291	1	OK	60	PK-M	皮卡	Ford	Ranger	2003			SuperCab	6	PK-M	60: Ford Ranger 1993-2011   SuperCab 6-7 PK-M
1292	1	OK	60	PK-M	皮卡	Ford	Ranger	2003			SuperCab	7	PK-M	60: Ford Ranger 1993-2011   SuperCab 6-7 PK-M
1293	1	OK	96	PK-M	皮卡	Ford	Ranger	2004			Regular	6	PK-M	96: Ford Ranger 1998-2011   Regular 6 PK-M
1294	1	OK	60	PK-M	皮卡	Ford	Ranger	2004			SuperCab	6	PK-M	60: Ford Ranger 1993-2011   SuperCab 6-7 PK-M
1295	1	OK	60	PK-M	皮卡	Ford	Ranger	2004			SuperCab	7	PK-M	60: Ford Ranger 1993-2011   SuperCab 6-7 PK-M
1296	1	OK	96	PK-M	皮卡	Ford	Ranger	2005			Regular	6	PK-M	96: Ford Ranger 1998-2011   Regular 6 PK-M
1297	1	OK	60	PK-M	皮卡	Ford	Ranger	2005			SuperCab	6	PK-M	60: Ford Ranger 1993-2011   SuperCab 6-7 PK-M
1298	1	OK	60	PK-M	皮卡	Ford	Ranger	2005			SuperCab	7	PK-M	60: Ford Ranger 1993-2011   SuperCab 6-7 PK-M
1299	1	OK	96	PK-M	皮卡	Ford	Ranger	2006			Regular	6	PK-M	96: Ford Ranger 1998-2011   Regular 6 PK-M
1300	1	OK	60	PK-M	皮卡	Ford	Ranger	2006			SuperCab	6	PK-M	60: Ford Ranger 1993-2011   SuperCab 6-7 PK-M
1301	1	OK	60	PK-M	皮卡	Ford	Ranger	2006			SuperCab	7	PK-M	60: Ford Ranger 1993-2011   SuperCab 6-7 PK-M
1302	1	OK	96	PK-M	皮卡	Ford	Ranger	2007			Regular	6	PK-M	96: Ford Ranger 1998-2011   Regular 6 PK-M
1303	1	OK	60	PK-M	皮卡	Ford	Ranger	2007			SuperCab	6	PK-M	60: Ford Ranger 1993-2011   SuperCab 6-7 PK-M
1304	1	OK	60	PK-M	皮卡	Ford	Ranger	2007			SuperCab	7	PK-M	60: Ford Ranger 1993-2011   SuperCab 6-7 PK-M
1305	1	OK	96	PK-M	皮卡	Ford	Ranger	2008			Regular	6	PK-M	96: Ford Ranger 1998-2011   Regular 6 PK-M
1306	1	OK	60	PK-M	皮卡	Ford	Ranger	2008			SuperCab	6	PK-M	60: Ford Ranger 1993-2011   SuperCab 6-7 PK-M
1307	1	OK	60	PK-M	皮卡	Ford	Ranger	2008			SuperCab	7	PK-M	60: Ford Ranger 1993-2011   SuperCab 6-7 PK-M
1308	1	OK	96	PK-M	皮卡	Ford	Ranger	2009			Regular	6	PK-M	96: Ford Ranger 1998-2011   Regular 6 PK-M
1309	1	OK	60	PK-M	皮卡	Ford	Ranger	2009			SuperCab	6	PK-M	60: Ford Ranger 1993-2011   SuperCab 6-7 PK-M
1310	1	OK	60	PK-M	皮卡	Ford	Ranger	2009			SuperCab	7	PK-M	60: Ford Ranger 1993-2011   SuperCab 6-7 PK-M
1311	1	OK	96	PK-M	皮卡	Ford	Ranger	2010			Regular	6	PK-M	96: Ford Ranger 1998-2011   Regular 6 PK-M
1312	1	OK	60	PK-M	皮卡	Ford	Ranger	2010			SuperCab	6	PK-M	60: Ford Ranger 1993-2011   SuperCab 6-7 PK-M
1313	1	OK	60	PK-M	皮卡	Ford	Ranger	2010			SuperCab	7	PK-M	60: Ford Ranger 1993-2011   SuperCab 6-7 PK-M
1314	1	OK	96	PK-M	皮卡	Ford	Ranger	2011			Regular	6	PK-M	96: Ford Ranger 1998-2011   Regular 6 PK-M
1315	1	OK	60	PK-M	皮卡	Ford	Ranger	2011			SuperCab	6	PK-M	60: Ford Ranger 1993-2011   SuperCab 6-7 PK-M
1316	1	OK	60	PK-M	皮卡	Ford	Ranger	2011			SuperCab	7	PK-M	60: Ford Ranger 1993-2011   SuperCab 6-7 PK-M
1317	1	OK	61	PK-M+	皮卡	Ford	Ranger	2019			SuperCrew	5	PK-M+	61: Ford Ranger 2019-2026 Incl: Raptor  SuperCrew 5 PK-M+
1318	1	OK	61	PK-M+	皮卡	Ford	Ranger	2020			SuperCrew	5	PK-M+	61: Ford Ranger 2019-2026 Incl: Raptor  SuperCrew 5 PK-M+
1319	1	OK	61	PK-M+	皮卡	Ford	Ranger	2021			SuperCrew	5	PK-M+	61: Ford Ranger 2019-2026 Incl: Raptor  SuperCrew 5 PK-M+
1320	1	OK	61	PK-M+	皮卡	Ford	Ranger	2022			SuperCrew	5	PK-M+	61: Ford Ranger 2019-2026 Incl: Raptor  SuperCrew 5 PK-M+
1321	1	OK	61	PK-M+	皮卡	Ford	Ranger	2023			SuperCrew	5	PK-M+	61: Ford Ranger 2019-2026 Incl: Raptor  SuperCrew 5 PK-M+
1322	1	OK	61	PK-M+	皮卡	Ford	Ranger	2024			SuperCrew	5	PK-M+	61: Ford Ranger 2019-2026 Incl: Raptor  SuperCrew 5 PK-M+
1323	1	OK	61	PK-M+	皮卡	Ford	Ranger	2024	Raptor		SuperCrew	5	PK-M+	61: Ford Ranger 2019-2026 Incl: Raptor  SuperCrew 5 PK-M+
1324	1	OK	61	PK-M+	皮卡	Ford	Ranger	2025			SuperCrew	5	PK-M+	61: Ford Ranger 2019-2026 Incl: Raptor  SuperCrew 5 PK-M+
1325	1	OK	61	PK-M+	皮卡	Ford	Ranger	2025	Raptor		SuperCrew	5	PK-M+	61: Ford Ranger 2019-2026 Incl: Raptor  SuperCrew 5 PK-M+
1326	1	OK	61	PK-M+	皮卡	Ford	Ranger	2026			SuperCrew	5	PK-M+	61: Ford Ranger 2019-2026 Incl: Raptor  SuperCrew 5 PK-M+
1327	1	OK	61	PK-M+	皮卡	Ford	Ranger	2026	Raptor		SuperCrew	5	PK-M+	61: Ford Ranger 2019-2026 Incl: Raptor  SuperCrew 5 PK-M+
1328	1	OK	97	PK-M	皮卡	GMC	Canyon	2004			Crew	5	PK-M	97: GMC Canyon 2004-2012   Crew/Extended/Regular 5-6 PK-M
1329	1	OK	97	PK-M	皮卡	GMC	Canyon	2004			Extended	6	PK-M	97: GMC Canyon 2004-2012   Crew/Extended/Regular 5-6 PK-M
1330	1	OK	97	PK-M	皮卡	GMC	Canyon	2004			Regular	6	PK-M	97: GMC Canyon 2004-2012   Crew/Extended/Regular 5-6 PK-M
1331	1	OK	97	PK-M	皮卡	GMC	Canyon	2005			Crew	5	PK-M	97: GMC Canyon 2004-2012   Crew/Extended/Regular 5-6 PK-M
1332	1	OK	97	PK-M	皮卡	GMC	Canyon	2005			Extended	6	PK-M	97: GMC Canyon 2004-2012   Crew/Extended/Regular 5-6 PK-M
1333	1	OK	97	PK-M	皮卡	GMC	Canyon	2005			Regular	6	PK-M	97: GMC Canyon 2004-2012   Crew/Extended/Regular 5-6 PK-M
1334	1	OK	97	PK-M	皮卡	GMC	Canyon	2006			Extended	6	PK-M	97: GMC Canyon 2004-2012   Crew/Extended/Regular 5-6 PK-M
1335	1	OK	97	PK-M	皮卡	GMC	Canyon	2006			Regular	6	PK-M	97: GMC Canyon 2004-2012   Crew/Extended/Regular 5-6 PK-M
1336	1	OK	97	PK-M	皮卡	GMC	Canyon	2007			Extended	6	PK-M	97: GMC Canyon 2004-2012   Crew/Extended/Regular 5-6 PK-M
1337	1	OK	97	PK-M	皮卡	GMC	Canyon	2007			Regular	6	PK-M	97: GMC Canyon 2004-2012   Crew/Extended/Regular 5-6 PK-M
1338	1	OK	97	PK-M	皮卡	GMC	Canyon	2008			Crew	5	PK-M	97: GMC Canyon 2004-2012   Crew/Extended/Regular 5-6 PK-M
1339	1	OK	97	PK-M	皮卡	GMC	Canyon	2008			Extended	6	PK-M	97: GMC Canyon 2004-2012   Crew/Extended/Regular 5-6 PK-M
1340	1	OK	97	PK-M	皮卡	GMC	Canyon	2008			Regular	6	PK-M	97: GMC Canyon 2004-2012   Crew/Extended/Regular 5-6 PK-M
1341	1	OK	97	PK-M	皮卡	GMC	Canyon	2009			Extended	6	PK-M	97: GMC Canyon 2004-2012   Crew/Extended/Regular 5-6 PK-M
1342	1	OK	97	PK-M	皮卡	GMC	Canyon	2009			Regular	6	PK-M	97: GMC Canyon 2004-2012   Crew/Extended/Regular 5-6 PK-M
1343	1	OK	97	PK-M	皮卡	GMC	Canyon	2010			Extended	6	PK-M	97: GMC Canyon 2004-2012   Crew/Extended/Regular 5-6 PK-M
1344	1	OK	97	PK-M	皮卡	GMC	Canyon	2010			Regular	6	PK-M	97: GMC Canyon 2004-2012   Crew/Extended/Regular 5-6 PK-M
1345	1	OK	97	PK-M	皮卡	GMC	Canyon	2011			Regular	6	PK-M	97: GMC Canyon 2004-2012   Crew/Extended/Regular 5-6 PK-M
1346	1	OK	97	PK-M	皮卡	GMC	Canyon	2012			Crew	5	PK-M	97: GMC Canyon 2004-2012   Crew/Extended/Regular 5-6 PK-M
1347	1	OK	97	PK-M	皮卡	GMC	Canyon	2012			Regular	6	PK-M	97: GMC Canyon 2004-2012   Crew/Extended/Regular 5-6 PK-M
1348	1	OK	103	PK-L	皮卡	GMC	Canyon	2015			Crew	6	PK-L	103: GMC Canyon 2015-2022   Crew 6 PK-L
1349	1	OK	98	PK-M+	皮卡	GMC	Canyon	2015			Crew	5	PK-M+	98: GMC Canyon 2015-2026 Incl: AT4X  Crew 5 PK-M+
1350	1	OK	102	PK-M+	皮卡	GMC	Canyon	2015			Extended	6	PK-M+	102: GMC Canyon 2015-2020   Extended 6 PK-M+
1351	1	OK	103	PK-L	皮卡	GMC	Canyon	2016			Crew	6	PK-L	103: GMC Canyon 2015-2022   Crew 6 PK-L
1352	1	OK	98	PK-M+	皮卡	GMC	Canyon	2016			Crew	5	PK-M+	98: GMC Canyon 2015-2026 Incl: AT4X  Crew 5 PK-M+
1353	1	OK	102	PK-M+	皮卡	GMC	Canyon	2016			Extended	6	PK-M+	102: GMC Canyon 2015-2020   Extended 6 PK-M+
1354	1	OK	103	PK-L	皮卡	GMC	Canyon	2017			Crew	6	PK-L	103: GMC Canyon 2015-2022   Crew 6 PK-L
1355	1	OK	98	PK-M+	皮卡	GMC	Canyon	2017			Crew	5	PK-M+	98: GMC Canyon 2015-2026 Incl: AT4X  Crew 5 PK-M+
1356	1	OK	102	PK-M+	皮卡	GMC	Canyon	2017			Extended	6	PK-M+	102: GMC Canyon 2015-2020   Extended 6 PK-M+
1357	1	OK	103	PK-L	皮卡	GMC	Canyon	2018			Crew	6	PK-L	103: GMC Canyon 2015-2022   Crew 6 PK-L
1358	1	OK	98	PK-M+	皮卡	GMC	Canyon	2018			Crew	5	PK-M+	98: GMC Canyon 2015-2026 Incl: AT4X  Crew 5 PK-M+
1359	1	OK	102	PK-M+	皮卡	GMC	Canyon	2018			Extended	6	PK-M+	102: GMC Canyon 2015-2020   Extended 6 PK-M+
1360	1	OK	103	PK-L	皮卡	GMC	Canyon	2019			Crew	6	PK-L	103: GMC Canyon 2015-2022   Crew 6 PK-L
1361	1	OK	98	PK-M+	皮卡	GMC	Canyon	2019			Crew	5	PK-M+	98: GMC Canyon 2015-2026 Incl: AT4X  Crew 5 PK-M+
1362	1	OK	102	PK-M+	皮卡	GMC	Canyon	2019			Extended	6	PK-M+	102: GMC Canyon 2015-2020   Extended 6 PK-M+
1363	1	OK	103	PK-L	皮卡	GMC	Canyon	2020			Crew	6	PK-L	103: GMC Canyon 2015-2022   Crew 6 PK-L
1364	1	OK	98	PK-M+	皮卡	GMC	Canyon	2020			Crew	5	PK-M+	98: GMC Canyon 2015-2026 Incl: AT4X  Crew 5 PK-M+
1365	1	OK	102	PK-M+	皮卡	GMC	Canyon	2020			Extended	6	PK-M+	102: GMC Canyon 2015-2020   Extended 6 PK-M+
1366	1	OK	103	PK-L	皮卡	GMC	Canyon	2021			Crew	6	PK-L	103: GMC Canyon 2015-2022   Crew 6 PK-L
1367	1	OK	98	PK-M+	皮卡	GMC	Canyon	2021			Crew	5	PK-M+	98: GMC Canyon 2015-2026 Incl: AT4X  Crew 5 PK-M+
1368	1	OK	103	PK-L	皮卡	GMC	Canyon	2022			Crew	6	PK-L	103: GMC Canyon 2015-2022   Crew 6 PK-L
1369	1	OK	98	PK-M+	皮卡	GMC	Canyon	2022			Crew	5	PK-M+	98: GMC Canyon 2015-2026 Incl: AT4X  Crew 5 PK-M+
1370	1	OK	98	PK-M+	皮卡	GMC	Canyon	2023			Crew	5	PK-M+	98: GMC Canyon 2015-2026 Incl: AT4X  Crew 5 PK-M+
1371	1	OK	98	PK-M+	皮卡	GMC	Canyon	2023	AT4X		Crew	5	PK-M+	98: GMC Canyon 2015-2026 Incl: AT4X  Crew 5 PK-M+
1372	1	OK	98	PK-M+	皮卡	GMC	Canyon	2024			Crew	5	PK-M+	98: GMC Canyon 2015-2026 Incl: AT4X  Crew 5 PK-M+
1373	1	OK	98	PK-M+	皮卡	GMC	Canyon	2024	AT4X		Crew	5	PK-M+	98: GMC Canyon 2015-2026 Incl: AT4X  Crew 5 PK-M+
1374	1	OK	98	PK-M+	皮卡	GMC	Canyon	2025			Crew	5	PK-M+	98: GMC Canyon 2015-2026 Incl: AT4X  Crew 5 PK-M+
1375	1	OK	98	PK-M+	皮卡	GMC	Canyon	2025	AT4X		Crew	5	PK-M+	98: GMC Canyon 2015-2026 Incl: AT4X  Crew 5 PK-M+
1376	1	OK	98	PK-M+	皮卡	GMC	Canyon	2026			Crew	5	PK-M+	98: GMC Canyon 2015-2026 Incl: AT4X  Crew 5 PK-M+
1377	1	OK	98	PK-M+	皮卡	GMC	Canyon	2026	AT4X		Crew	5	PK-M+	98: GMC Canyon 2015-2026 Incl: AT4X  Crew 5 PK-M+
1378	1	OK	99	PK-L	皮卡	GMC	Sierra 1500	1999			Extended	6.6	PK-L	99: GMC Sierra 1500 1999-2018   Extended/Crew 5.8-6.6 PK-L
1379	1	OK	105	PK-L	皮卡	GMC	Sierra 1500	1999			Regular	8	PK-L	105: GMC Sierra 1500 1999-2026   Regular 8 PK-L
1380	1	OK	104	PK-XXL	皮卡	GMC	Sierra 1500	1999			Extended	8	PK-XXL	104: GMC Sierra 1500 1999-2013   Extended 8 PK-XXL
1381	1	OK	99	PK-L	皮卡	GMC	Sierra 1500	2000			Extended	6.6	PK-L	99: GMC Sierra 1500 1999-2018   Extended/Crew 5.8-6.6 PK-L
1382	1	OK	105	PK-L	皮卡	GMC	Sierra 1500	2000			Regular	8	PK-L	105: GMC Sierra 1500 1999-2026   Regular 8 PK-L
1383	1	OK	104	PK-XXL	皮卡	GMC	Sierra 1500	2000			Extended	8	PK-XXL	104: GMC Sierra 1500 1999-2013   Extended 8 PK-XXL
1384	1	OK	99	PK-L	皮卡	GMC	Sierra 1500	2001			Extended	6.6	PK-L	99: GMC Sierra 1500 1999-2018   Extended/Crew 5.8-6.6 PK-L
1385	1	OK	105	PK-L	皮卡	GMC	Sierra 1500	2001			Regular	8	PK-L	105: GMC Sierra 1500 1999-2026   Regular 8 PK-L
1386	1	OK	104	PK-XXL	皮卡	GMC	Sierra 1500	2001			Extended	8	PK-XXL	104: GMC Sierra 1500 1999-2013   Extended 8 PK-XXL
1387	1	OK	99	PK-L	皮卡	GMC	Sierra 1500	2002			Extended	6.6	PK-L	99: GMC Sierra 1500 1999-2018   Extended/Crew 5.8-6.6 PK-L
1388	1	OK	105	PK-L	皮卡	GMC	Sierra 1500	2002			Regular	8	PK-L	105: GMC Sierra 1500 1999-2026   Regular 8 PK-L
1389	1	OK	104	PK-XXL	皮卡	GMC	Sierra 1500	2002			Extended	8	PK-XXL	104: GMC Sierra 1500 1999-2013   Extended 8 PK-XXL
1390	1	OK	99	PK-L	皮卡	GMC	Sierra 1500	2003			Extended	6.6	PK-L	99: GMC Sierra 1500 1999-2018   Extended/Crew 5.8-6.6 PK-L
1391	1	OK	105	PK-L	皮卡	GMC	Sierra 1500	2003			Regular	8	PK-L	105: GMC Sierra 1500 1999-2026   Regular 8 PK-L
1392	1	OK	104	PK-XXL	皮卡	GMC	Sierra 1500	2003			Extended	8	PK-XXL	104: GMC Sierra 1500 1999-2013   Extended 8 PK-XXL
1393	1	OK	99	PK-L	皮卡	GMC	Sierra 1500	2004			Crew	5.8	PK-L	99: GMC Sierra 1500 1999-2018   Extended/Crew 5.8-6.6 PK-L
1394	1	OK	99	PK-L	皮卡	GMC	Sierra 1500	2004			Extended	6.6	PK-L	99: GMC Sierra 1500 1999-2018   Extended/Crew 5.8-6.6 PK-L
1395	1	OK	105	PK-L	皮卡	GMC	Sierra 1500	2004			Regular	8	PK-L	105: GMC Sierra 1500 1999-2026   Regular 8 PK-L
1396	1	OK	104	PK-XXL	皮卡	GMC	Sierra 1500	2004			Extended	8	PK-XXL	104: GMC Sierra 1500 1999-2013   Extended 8 PK-XXL
1397	1	OK	99	PK-L	皮卡	GMC	Sierra 1500	2005			Crew	5.8	PK-L	99: GMC Sierra 1500 1999-2018   Extended/Crew 5.8-6.6 PK-L
1398	1	OK	99	PK-L	皮卡	GMC	Sierra 1500	2005			Extended	6.6	PK-L	99: GMC Sierra 1500 1999-2018   Extended/Crew 5.8-6.6 PK-L
1399	1	OK	105	PK-L	皮卡	GMC	Sierra 1500	2005			Regular	8	PK-L	105: GMC Sierra 1500 1999-2026   Regular 8 PK-L
1400	1	OK	104	PK-XXL	皮卡	GMC	Sierra 1500	2005			Extended	8	PK-XXL	104: GMC Sierra 1500 1999-2013   Extended 8 PK-XXL
1401	1	OK	99	PK-L	皮卡	GMC	Sierra 1500	2006			Crew	5.8	PK-L	99: GMC Sierra 1500 1999-2018   Extended/Crew 5.8-6.6 PK-L
1402	1	OK	99	PK-L	皮卡	GMC	Sierra 1500	2006			Extended	6.6	PK-L	99: GMC Sierra 1500 1999-2018   Extended/Crew 5.8-6.6 PK-L
1403	1	OK	105	PK-L	皮卡	GMC	Sierra 1500	2006			Regular	8	PK-L	105: GMC Sierra 1500 1999-2026   Regular 8 PK-L
1404	1	OK	104	PK-XXL	皮卡	GMC	Sierra 1500	2006			Extended	8	PK-XXL	104: GMC Sierra 1500 1999-2013   Extended 8 PK-XXL
1405	1	OK	99	PK-L	皮卡	GMC	Sierra 1500	2007			Crew	5.8	PK-L	99: GMC Sierra 1500 1999-2018   Extended/Crew 5.8-6.6 PK-L
1406	1	OK	99	PK-L	皮卡	GMC	Sierra 1500	2007			Extended	6.6	PK-L	99: GMC Sierra 1500 1999-2018   Extended/Crew 5.8-6.6 PK-L
1407	1	OK	105	PK-L	皮卡	GMC	Sierra 1500	2007			Regular	8	PK-L	105: GMC Sierra 1500 1999-2026   Regular 8 PK-L
1408	1	OK	106	PK-M	皮卡	GMC	Sierra 1500	2007			Regular	6.6	PK-M	106: GMC Sierra 1500 2007-2018   Regular 6.6 PK-M
1409	1	OK	104	PK-XXL	皮卡	GMC	Sierra 1500	2007			Extended	8	PK-XXL	104: GMC Sierra 1500 1999-2013   Extended 8 PK-XXL
1410	1	OK	99	PK-L	皮卡	GMC	Sierra 1500	2008			Crew	5.8	PK-L	99: GMC Sierra 1500 1999-2018   Extended/Crew 5.8-6.6 PK-L
1411	1	OK	99	PK-L	皮卡	GMC	Sierra 1500	2008			Extended	6.6	PK-L	99: GMC Sierra 1500 1999-2018   Extended/Crew 5.8-6.6 PK-L
1412	1	OK	105	PK-L	皮卡	GMC	Sierra 1500	2008			Regular	8	PK-L	105: GMC Sierra 1500 1999-2026   Regular 8 PK-L
1413	1	OK	106	PK-M	皮卡	GMC	Sierra 1500	2008			Regular	6.6	PK-M	106: GMC Sierra 1500 2007-2018   Regular 6.6 PK-M
1414	1	OK	104	PK-XXL	皮卡	GMC	Sierra 1500	2008			Extended	8	PK-XXL	104: GMC Sierra 1500 1999-2013   Extended 8 PK-XXL
1415	1	OK	99	PK-L	皮卡	GMC	Sierra 1500	2009			Crew	5.8	PK-L	99: GMC Sierra 1500 1999-2018   Extended/Crew 5.8-6.6 PK-L
1416	1	OK	99	PK-L	皮卡	GMC	Sierra 1500	2009			Extended	6.6	PK-L	99: GMC Sierra 1500 1999-2018   Extended/Crew 5.8-6.6 PK-L
1417	1	OK	105	PK-L	皮卡	GMC	Sierra 1500	2009			Regular	8	PK-L	105: GMC Sierra 1500 1999-2026   Regular 8 PK-L
1418	1	OK	106	PK-M	皮卡	GMC	Sierra 1500	2009			Regular	6.6	PK-M	106: GMC Sierra 1500 2007-2018   Regular 6.6 PK-M
1419	1	OK	104	PK-XXL	皮卡	GMC	Sierra 1500	2009			Extended	8	PK-XXL	104: GMC Sierra 1500 1999-2013   Extended 8 PK-XXL
1420	1	OK	99	PK-L	皮卡	GMC	Sierra 1500	2010			Crew	5.8	PK-L	99: GMC Sierra 1500 1999-2018   Extended/Crew 5.8-6.6 PK-L
1421	1	OK	99	PK-L	皮卡	GMC	Sierra 1500	2010			Extended	6.6	PK-L	99: GMC Sierra 1500 1999-2018   Extended/Crew 5.8-6.6 PK-L
1422	1	OK	105	PK-L	皮卡	GMC	Sierra 1500	2010			Regular	8	PK-L	105: GMC Sierra 1500 1999-2026   Regular 8 PK-L
1423	1	OK	106	PK-M	皮卡	GMC	Sierra 1500	2010			Regular	6.6	PK-M	106: GMC Sierra 1500 2007-2018   Regular 6.6 PK-M
1424	1	OK	104	PK-XXL	皮卡	GMC	Sierra 1500	2010			Extended	8	PK-XXL	104: GMC Sierra 1500 1999-2013   Extended 8 PK-XXL
1425	1	OK	99	PK-L	皮卡	GMC	Sierra 1500	2011			Crew	5.8	PK-L	99: GMC Sierra 1500 1999-2018   Extended/Crew 5.8-6.6 PK-L
1426	1	OK	99	PK-L	皮卡	GMC	Sierra 1500	2011			Extended	6.6	PK-L	99: GMC Sierra 1500 1999-2018   Extended/Crew 5.8-6.6 PK-L
1427	1	OK	105	PK-L	皮卡	GMC	Sierra 1500	2011			Regular	8	PK-L	105: GMC Sierra 1500 1999-2026   Regular 8 PK-L
1428	1	OK	106	PK-M	皮卡	GMC	Sierra 1500	2011			Regular	6.6	PK-M	106: GMC Sierra 1500 2007-2018   Regular 6.6 PK-M
1429	1	OK	104	PK-XXL	皮卡	GMC	Sierra 1500	2011			Extended	8	PK-XXL	104: GMC Sierra 1500 1999-2013   Extended 8 PK-XXL
1430	1	OK	99	PK-L	皮卡	GMC	Sierra 1500	2012			Crew	5.8	PK-L	99: GMC Sierra 1500 1999-2018   Extended/Crew 5.8-6.6 PK-L
1431	1	OK	99	PK-L	皮卡	GMC	Sierra 1500	2012			Extended	6.6	PK-L	99: GMC Sierra 1500 1999-2018   Extended/Crew 5.8-6.6 PK-L
1432	1	OK	105	PK-L	皮卡	GMC	Sierra 1500	2012			Regular	8	PK-L	105: GMC Sierra 1500 1999-2026   Regular 8 PK-L
1433	1	OK	106	PK-M	皮卡	GMC	Sierra 1500	2012			Regular	6.6	PK-M	106: GMC Sierra 1500 2007-2018   Regular 6.6 PK-M
1434	1	OK	104	PK-XXL	皮卡	GMC	Sierra 1500	2012			Extended	8	PK-XXL	104: GMC Sierra 1500 1999-2013   Extended 8 PK-XXL
1435	1	OK	99	PK-L	皮卡	GMC	Sierra 1500	2013			Crew	5.8	PK-L	99: GMC Sierra 1500 1999-2018   Extended/Crew 5.8-6.6 PK-L
1436	1	OK	99	PK-L	皮卡	GMC	Sierra 1500	2013			Extended	6.6	PK-L	99: GMC Sierra 1500 1999-2018   Extended/Crew 5.8-6.6 PK-L
1437	1	OK	105	PK-L	皮卡	GMC	Sierra 1500	2013			Regular	8	PK-L	105: GMC Sierra 1500 1999-2026   Regular 8 PK-L
1438	1	OK	106	PK-M	皮卡	GMC	Sierra 1500	2013			Regular	6.6	PK-M	106: GMC Sierra 1500 2007-2018   Regular 6.6 PK-M
1439	1	OK	104	PK-XXL	皮卡	GMC	Sierra 1500	2013			Extended	8	PK-XXL	104: GMC Sierra 1500 1999-2013   Extended 8 PK-XXL
1440	1	OK	99	PK-L	皮卡	GMC	Sierra 1500	2014			Crew	5.8	PK-L	99: GMC Sierra 1500 1999-2018   Extended/Crew 5.8-6.6 PK-L
1441	1	OK	107	PK-L	皮卡	GMC	Sierra 1500	2014			Double	6.6	PK-L	107: GMC Sierra 1500 2014-2026   Double 6.6 PK-L
1442	1	OK	105	PK-L	皮卡	GMC	Sierra 1500	2014			Regular	8	PK-L	105: GMC Sierra 1500 1999-2026   Regular 8 PK-L
1443	1	OK	106	PK-M	皮卡	GMC	Sierra 1500	2014			Regular	6.6	PK-M	106: GMC Sierra 1500 2007-2018   Regular 6.6 PK-M
1444	1	OK	99	PK-L	皮卡	GMC	Sierra 1500	2015			Crew	5.8	PK-L	99: GMC Sierra 1500 1999-2018   Extended/Crew 5.8-6.6 PK-L
1445	1	OK	107	PK-L	皮卡	GMC	Sierra 1500	2015			Double	6.6	PK-L	107: GMC Sierra 1500 2014-2026   Double 6.6 PK-L
1446	1	OK	105	PK-L	皮卡	GMC	Sierra 1500	2015			Regular	8	PK-L	105: GMC Sierra 1500 1999-2026   Regular 8 PK-L
1447	1	OK	106	PK-M	皮卡	GMC	Sierra 1500	2015			Regular	6.6	PK-M	106: GMC Sierra 1500 2007-2018   Regular 6.6 PK-M
1448	1	OK	99	PK-L	皮卡	GMC	Sierra 1500	2016			Crew	5.8	PK-L	99: GMC Sierra 1500 1999-2018   Extended/Crew 5.8-6.6 PK-L
1449	1	OK	107	PK-L	皮卡	GMC	Sierra 1500	2016			Double	6.6	PK-L	107: GMC Sierra 1500 2014-2026   Double 6.6 PK-L
1450	1	OK	105	PK-L	皮卡	GMC	Sierra 1500	2016			Regular	8	PK-L	105: GMC Sierra 1500 1999-2026   Regular 8 PK-L
1451	1	OK	106	PK-M	皮卡	GMC	Sierra 1500	2016			Regular	6.6	PK-M	106: GMC Sierra 1500 2007-2018   Regular 6.6 PK-M
1452	1	OK	99	PK-L	皮卡	GMC	Sierra 1500	2017			Crew	5.8	PK-L	99: GMC Sierra 1500 1999-2018   Extended/Crew 5.8-6.6 PK-L
1453	1	OK	107	PK-L	皮卡	GMC	Sierra 1500	2017			Double	6.6	PK-L	107: GMC Sierra 1500 2014-2026   Double 6.6 PK-L
1454	1	OK	105	PK-L	皮卡	GMC	Sierra 1500	2017			Regular	8	PK-L	105: GMC Sierra 1500 1999-2026   Regular 8 PK-L
1455	1	OK	106	PK-M	皮卡	GMC	Sierra 1500	2017			Regular	6.6	PK-M	106: GMC Sierra 1500 2007-2018   Regular 6.6 PK-M
1456	1	OK	99	PK-L	皮卡	GMC	Sierra 1500	2018			Crew	5.8	PK-L	99: GMC Sierra 1500 1999-2018   Extended/Crew 5.8-6.6 PK-L
1457	1	OK	107	PK-L	皮卡	GMC	Sierra 1500	2018			Double	6.6	PK-L	107: GMC Sierra 1500 2014-2026   Double 6.6 PK-L
1458	1	OK	105	PK-L	皮卡	GMC	Sierra 1500	2018			Regular	8	PK-L	105: GMC Sierra 1500 1999-2026   Regular 8 PK-L
1459	1	OK	106	PK-M	皮卡	GMC	Sierra 1500	2018			Regular	6.6	PK-M	106: GMC Sierra 1500 2007-2018   Regular 6.6 PK-M
1460	1	OK	107	PK-L	皮卡	GMC	Sierra 1500	2019			Double	6.6	PK-L	107: GMC Sierra 1500 2014-2026   Double 6.6 PK-L
1461	1	OK	105	PK-L	皮卡	GMC	Sierra 1500	2019			Regular	8	PK-L	105: GMC Sierra 1500 1999-2026   Regular 8 PK-L
1462	1	OK	109	PK-M+	皮卡	GMC	Sierra 1500	2019			Regular	6.6	PK-M+	109: GMC Sierra 1500 2019-2026   Regular 6.6 PK-M+
1463	1	OK	108	PK-XL	皮卡	GMC	Sierra 1500	2019			Crew	5.8	PK-XL	108: GMC Sierra 1500 2019-2026   Crew 5.8 PK-XL
1464	1	OK	107	PK-L	皮卡	GMC	Sierra 1500	2020			Double	6.6	PK-L	107: GMC Sierra 1500 2014-2026   Double 6.6 PK-L
1465	1	OK	105	PK-L	皮卡	GMC	Sierra 1500	2020			Regular	8	PK-L	105: GMC Sierra 1500 1999-2026   Regular 8 PK-L
1466	1	OK	109	PK-M+	皮卡	GMC	Sierra 1500	2020			Regular	6.6	PK-M+	109: GMC Sierra 1500 2019-2026   Regular 6.6 PK-M+
1467	1	OK	108	PK-XL	皮卡	GMC	Sierra 1500	2020			Crew	5.8	PK-XL	108: GMC Sierra 1500 2019-2026   Crew 5.8 PK-XL
1468	1	OK	107	PK-L	皮卡	GMC	Sierra 1500	2021			Double	6.6	PK-L	107: GMC Sierra 1500 2014-2026   Double 6.6 PK-L
1469	1	OK	105	PK-L	皮卡	GMC	Sierra 1500	2021			Regular	8	PK-L	105: GMC Sierra 1500 1999-2026   Regular 8 PK-L
1470	1	OK	109	PK-M+	皮卡	GMC	Sierra 1500	2021			Regular	6.6	PK-M+	109: GMC Sierra 1500 2019-2026   Regular 6.6 PK-M+
1471	1	OK	108	PK-XL	皮卡	GMC	Sierra 1500	2021			Crew	5.8	PK-XL	108: GMC Sierra 1500 2019-2026   Crew 5.8 PK-XL
1472	1	OK	107	PK-L	皮卡	GMC	Sierra 1500	2022			Double	6.6	PK-L	107: GMC Sierra 1500 2014-2026   Double 6.6 PK-L
1473	1	OK	105	PK-L	皮卡	GMC	Sierra 1500	2022			Regular	8	PK-L	105: GMC Sierra 1500 1999-2026   Regular 8 PK-L
1474	1	OK	109	PK-M+	皮卡	GMC	Sierra 1500	2022			Regular	6.6	PK-M+	109: GMC Sierra 1500 2019-2026   Regular 6.6 PK-M+
1475	1	OK	108	PK-XL	皮卡	GMC	Sierra 1500	2022			Crew	5.8	PK-XL	108: GMC Sierra 1500 2019-2026   Crew 5.8 PK-XL
1476	1	OK	107	PK-L	皮卡	GMC	Sierra 1500	2023			Double	6.6	PK-L	107: GMC Sierra 1500 2014-2026   Double 6.6 PK-L
1477	1	OK	105	PK-L	皮卡	GMC	Sierra 1500	2023			Regular	8	PK-L	105: GMC Sierra 1500 1999-2026   Regular 8 PK-L
1478	1	OK	109	PK-M+	皮卡	GMC	Sierra 1500	2023			Regular	6.6	PK-M+	109: GMC Sierra 1500 2019-2026   Regular 6.6 PK-M+
1479	1	OK	108	PK-XL	皮卡	GMC	Sierra 1500	2023			Crew	5.8	PK-XL	108: GMC Sierra 1500 2019-2026   Crew 5.8 PK-XL
1480	1	OK	107	PK-L	皮卡	GMC	Sierra 1500	2024			Double	6.6	PK-L	107: GMC Sierra 1500 2014-2026   Double 6.6 PK-L
1481	1	OK	105	PK-L	皮卡	GMC	Sierra 1500	2024			Regular	8	PK-L	105: GMC Sierra 1500 1999-2026   Regular 8 PK-L
1482	1	OK	109	PK-M+	皮卡	GMC	Sierra 1500	2024			Regular	6.6	PK-M+	109: GMC Sierra 1500 2019-2026   Regular 6.6 PK-M+
1483	1	OK	108	PK-XL	皮卡	GMC	Sierra 1500	2024			Crew	5.8	PK-XL	108: GMC Sierra 1500 2019-2026   Crew 5.8 PK-XL
1484	1	OK	107	PK-L	皮卡	GMC	Sierra 1500	2025			Double	6.6	PK-L	107: GMC Sierra 1500 2014-2026   Double 6.6 PK-L
1485	1	OK	105	PK-L	皮卡	GMC	Sierra 1500	2025			Regular	8	PK-L	105: GMC Sierra 1500 1999-2026   Regular 8 PK-L
1486	1	OK	109	PK-M+	皮卡	GMC	Sierra 1500	2025			Regular	6.6	PK-M+	109: GMC Sierra 1500 2019-2026   Regular 6.6 PK-M+
1487	1	OK	108	PK-XL	皮卡	GMC	Sierra 1500	2025			Crew	5.8	PK-XL	108: GMC Sierra 1500 2019-2026   Crew 5.8 PK-XL
1488	1	OK	107	PK-L	皮卡	GMC	Sierra 1500	2026			Double	6.6	PK-L	107: GMC Sierra 1500 2014-2026   Double 6.6 PK-L
1489	1	OK	105	PK-L	皮卡	GMC	Sierra 1500	2026			Regular	8	PK-L	105: GMC Sierra 1500 1999-2026   Regular 8 PK-L
1490	1	OK	109	PK-M+	皮卡	GMC	Sierra 1500	2026			Regular	6.6	PK-M+	109: GMC Sierra 1500 2019-2026   Regular 6.6 PK-M+
1491	1	OK	108	PK-XL	皮卡	GMC	Sierra 1500	2026			Crew	5.8	PK-XL	108: GMC Sierra 1500 2019-2026   Crew 5.8 PK-XL
1492	1	OK	111	PK-WXXL	皮卡	GMC	Sierra 2500HD/3500HD	2001	DRW		Crew	8	PK-WXXL	111: GMC Sierra 2500HD/3500HD 2001-2026 DRW  Crew 8 PK-WXXL
1493	1	OK	110	PK-XL	皮卡	GMC	Sierra 2500HD/3500HD	2001			Regular	8	PK-XL	110: GMC Sierra 2500HD/3500HD 2001-2026   Regular 8 PK-XL
1494	1	OK	100	PK-XXL	皮卡	GMC	Sierra 2500HD/3500HD	2001			Crew	6.8	PK-XXL	100: GMC Sierra 2500HD/3500HD 2001-2026   Crew/Double 6.8 PK-XXL
1495	1	OK	101	PK-XXXL	皮卡	GMC	Sierra 2500HD/3500HD	2001			Crew	8	PK-XXXL	101: GMC Sierra 2500HD/3500HD 2001-2026   Crew/Double 8 PK-XXXL
1496	1	OK	111	PK-WXXL	皮卡	GMC	Sierra 2500HD/3500HD	2002	DRW		Crew	8	PK-WXXL	111: GMC Sierra 2500HD/3500HD 2001-2026 DRW  Crew 8 PK-WXXL
1497	1	OK	110	PK-XL	皮卡	GMC	Sierra 2500HD/3500HD	2002			Regular	8	PK-XL	110: GMC Sierra 2500HD/3500HD 2001-2026   Regular 8 PK-XL
1498	1	OK	100	PK-XXL	皮卡	GMC	Sierra 2500HD/3500HD	2002			Crew	6.8	PK-XXL	100: GMC Sierra 2500HD/3500HD 2001-2026   Crew/Double 6.8 PK-XXL
1499	1	OK	101	PK-XXXL	皮卡	GMC	Sierra 2500HD/3500HD	2002			Crew	8	PK-XXXL	101: GMC Sierra 2500HD/3500HD 2001-2026   Crew/Double 8 PK-XXXL
1500	1	OK	111	PK-WXXL	皮卡	GMC	Sierra 2500HD/3500HD	2003	DRW		Crew	8	PK-WXXL	111: GMC Sierra 2500HD/3500HD 2001-2026 DRW  Crew 8 PK-WXXL
1501	1	OK	110	PK-XL	皮卡	GMC	Sierra 2500HD/3500HD	2003			Regular	8	PK-XL	110: GMC Sierra 2500HD/3500HD 2001-2026   Regular 8 PK-XL
1502	1	OK	100	PK-XXL	皮卡	GMC	Sierra 2500HD/3500HD	2003			Crew	6.8	PK-XXL	100: GMC Sierra 2500HD/3500HD 2001-2026   Crew/Double 6.8 PK-XXL
1503	1	OK	101	PK-XXXL	皮卡	GMC	Sierra 2500HD/3500HD	2003			Crew	8	PK-XXXL	101: GMC Sierra 2500HD/3500HD 2001-2026   Crew/Double 8 PK-XXXL
1504	1	OK	111	PK-WXXL	皮卡	GMC	Sierra 2500HD/3500HD	2004	DRW		Crew	8	PK-WXXL	111: GMC Sierra 2500HD/3500HD 2001-2026 DRW  Crew 8 PK-WXXL
1505	1	OK	110	PK-XL	皮卡	GMC	Sierra 2500HD/3500HD	2004			Regular	8	PK-XL	110: GMC Sierra 2500HD/3500HD 2001-2026   Regular 8 PK-XL
1506	1	OK	100	PK-XXL	皮卡	GMC	Sierra 2500HD/3500HD	2004			Crew	6.8	PK-XXL	100: GMC Sierra 2500HD/3500HD 2001-2026   Crew/Double 6.8 PK-XXL
1507	1	OK	101	PK-XXXL	皮卡	GMC	Sierra 2500HD/3500HD	2004			Crew	8	PK-XXXL	101: GMC Sierra 2500HD/3500HD 2001-2026   Crew/Double 8 PK-XXXL
1508	1	OK	111	PK-WXXL	皮卡	GMC	Sierra 2500HD/3500HD	2005	DRW		Crew	8	PK-WXXL	111: GMC Sierra 2500HD/3500HD 2001-2026 DRW  Crew 8 PK-WXXL
1509	1	OK	110	PK-XL	皮卡	GMC	Sierra 2500HD/3500HD	2005			Regular	8	PK-XL	110: GMC Sierra 2500HD/3500HD 2001-2026   Regular 8 PK-XL
1510	1	OK	100	PK-XXL	皮卡	GMC	Sierra 2500HD/3500HD	2005			Crew	6.8	PK-XXL	100: GMC Sierra 2500HD/3500HD 2001-2026   Crew/Double 6.8 PK-XXL
1511	1	OK	101	PK-XXXL	皮卡	GMC	Sierra 2500HD/3500HD	2005			Crew	8	PK-XXXL	101: GMC Sierra 2500HD/3500HD 2001-2026   Crew/Double 8 PK-XXXL
1512	1	OK	111	PK-WXXL	皮卡	GMC	Sierra 2500HD/3500HD	2006	DRW		Crew	8	PK-WXXL	111: GMC Sierra 2500HD/3500HD 2001-2026 DRW  Crew 8 PK-WXXL
1513	1	OK	110	PK-XL	皮卡	GMC	Sierra 2500HD/3500HD	2006			Regular	8	PK-XL	110: GMC Sierra 2500HD/3500HD 2001-2026   Regular 8 PK-XL
1514	1	OK	100	PK-XXL	皮卡	GMC	Sierra 2500HD/3500HD	2006			Crew	6.8	PK-XXL	100: GMC Sierra 2500HD/3500HD 2001-2026   Crew/Double 6.8 PK-XXL
1515	1	OK	101	PK-XXXL	皮卡	GMC	Sierra 2500HD/3500HD	2006			Crew	8	PK-XXXL	101: GMC Sierra 2500HD/3500HD 2001-2026   Crew/Double 8 PK-XXXL
1516	1	OK	111	PK-WXXL	皮卡	GMC	Sierra 2500HD/3500HD	2007	DRW		Crew	8	PK-WXXL	111: GMC Sierra 2500HD/3500HD 2001-2026 DRW  Crew 8 PK-WXXL
1517	1	OK	110	PK-XL	皮卡	GMC	Sierra 2500HD/3500HD	2007			Regular	8	PK-XL	110: GMC Sierra 2500HD/3500HD 2001-2026   Regular 8 PK-XL
1518	1	OK	100	PK-XXL	皮卡	GMC	Sierra 2500HD/3500HD	2007			Crew	6.8	PK-XXL	100: GMC Sierra 2500HD/3500HD 2001-2026   Crew/Double 6.8 PK-XXL
1519	1	OK	101	PK-XXXL	皮卡	GMC	Sierra 2500HD/3500HD	2007			Crew	8	PK-XXXL	101: GMC Sierra 2500HD/3500HD 2001-2026   Crew/Double 8 PK-XXXL
1520	1	OK	111	PK-WXXL	皮卡	GMC	Sierra 2500HD/3500HD	2008	DRW		Crew	8	PK-WXXL	111: GMC Sierra 2500HD/3500HD 2001-2026 DRW  Crew 8 PK-WXXL
1521	1	OK	110	PK-XL	皮卡	GMC	Sierra 2500HD/3500HD	2008			Regular	8	PK-XL	110: GMC Sierra 2500HD/3500HD 2001-2026   Regular 8 PK-XL
1522	1	OK	100	PK-XXL	皮卡	GMC	Sierra 2500HD/3500HD	2008			Crew	6.8	PK-XXL	100: GMC Sierra 2500HD/3500HD 2001-2026   Crew/Double 6.8 PK-XXL
1523	1	OK	101	PK-XXXL	皮卡	GMC	Sierra 2500HD/3500HD	2008			Crew	8	PK-XXXL	101: GMC Sierra 2500HD/3500HD 2001-2026   Crew/Double 8 PK-XXXL
1524	1	OK	111	PK-WXXL	皮卡	GMC	Sierra 2500HD/3500HD	2009	DRW		Crew	8	PK-WXXL	111: GMC Sierra 2500HD/3500HD 2001-2026 DRW  Crew 8 PK-WXXL
1525	1	OK	110	PK-XL	皮卡	GMC	Sierra 2500HD/3500HD	2009			Regular	8	PK-XL	110: GMC Sierra 2500HD/3500HD 2001-2026   Regular 8 PK-XL
1526	1	OK	100	PK-XXL	皮卡	GMC	Sierra 2500HD/3500HD	2009			Crew	6.8	PK-XXL	100: GMC Sierra 2500HD/3500HD 2001-2026   Crew/Double 6.8 PK-XXL
1527	1	OK	101	PK-XXXL	皮卡	GMC	Sierra 2500HD/3500HD	2009			Crew	8	PK-XXXL	101: GMC Sierra 2500HD/3500HD 2001-2026   Crew/Double 8 PK-XXXL
1528	1	OK	111	PK-WXXL	皮卡	GMC	Sierra 2500HD/3500HD	2010	DRW		Crew	8	PK-WXXL	111: GMC Sierra 2500HD/3500HD 2001-2026 DRW  Crew 8 PK-WXXL
1529	1	OK	110	PK-XL	皮卡	GMC	Sierra 2500HD/3500HD	2010			Regular	8	PK-XL	110: GMC Sierra 2500HD/3500HD 2001-2026   Regular 8 PK-XL
1530	1	OK	100	PK-XXL	皮卡	GMC	Sierra 2500HD/3500HD	2010			Crew	6.8	PK-XXL	100: GMC Sierra 2500HD/3500HD 2001-2026   Crew/Double 6.8 PK-XXL
1531	1	OK	101	PK-XXXL	皮卡	GMC	Sierra 2500HD/3500HD	2010			Crew	8	PK-XXXL	101: GMC Sierra 2500HD/3500HD 2001-2026   Crew/Double 8 PK-XXXL
1532	1	OK	111	PK-WXXL	皮卡	GMC	Sierra 2500HD/3500HD	2011	DRW		Crew	8	PK-WXXL	111: GMC Sierra 2500HD/3500HD 2001-2026 DRW  Crew 8 PK-WXXL
1533	1	OK	110	PK-XL	皮卡	GMC	Sierra 2500HD/3500HD	2011			Regular	8	PK-XL	110: GMC Sierra 2500HD/3500HD 2001-2026   Regular 8 PK-XL
1534	1	OK	100	PK-XXL	皮卡	GMC	Sierra 2500HD/3500HD	2011			Crew	6.8	PK-XXL	100: GMC Sierra 2500HD/3500HD 2001-2026   Crew/Double 6.8 PK-XXL
1535	1	OK	101	PK-XXXL	皮卡	GMC	Sierra 2500HD/3500HD	2011			Crew	8	PK-XXXL	101: GMC Sierra 2500HD/3500HD 2001-2026   Crew/Double 8 PK-XXXL
1536	1	OK	111	PK-WXXL	皮卡	GMC	Sierra 2500HD/3500HD	2012	DRW		Crew	8	PK-WXXL	111: GMC Sierra 2500HD/3500HD 2001-2026 DRW  Crew 8 PK-WXXL
1537	1	OK	110	PK-XL	皮卡	GMC	Sierra 2500HD/3500HD	2012			Regular	8	PK-XL	110: GMC Sierra 2500HD/3500HD 2001-2026   Regular 8 PK-XL
1538	1	OK	100	PK-XXL	皮卡	GMC	Sierra 2500HD/3500HD	2012			Crew	6.8	PK-XXL	100: GMC Sierra 2500HD/3500HD 2001-2026   Crew/Double 6.8 PK-XXL
1539	1	OK	101	PK-XXXL	皮卡	GMC	Sierra 2500HD/3500HD	2012			Crew	8	PK-XXXL	101: GMC Sierra 2500HD/3500HD 2001-2026   Crew/Double 8 PK-XXXL
1540	1	OK	111	PK-WXXL	皮卡	GMC	Sierra 2500HD/3500HD	2013	DRW		Crew	8	PK-WXXL	111: GMC Sierra 2500HD/3500HD 2001-2026 DRW  Crew 8 PK-WXXL
1541	1	OK	110	PK-XL	皮卡	GMC	Sierra 2500HD/3500HD	2013			Regular	8	PK-XL	110: GMC Sierra 2500HD/3500HD 2001-2026   Regular 8 PK-XL
1542	1	OK	100	PK-XXL	皮卡	GMC	Sierra 2500HD/3500HD	2013			Crew	6.8	PK-XXL	100: GMC Sierra 2500HD/3500HD 2001-2026   Crew/Double 6.8 PK-XXL
1543	1	OK	101	PK-XXXL	皮卡	GMC	Sierra 2500HD/3500HD	2013			Crew	8	PK-XXXL	101: GMC Sierra 2500HD/3500HD 2001-2026   Crew/Double 8 PK-XXXL
1544	1	OK	111	PK-WXXL	皮卡	GMC	Sierra 2500HD/3500HD	2014	DRW		Crew	8	PK-WXXL	111: GMC Sierra 2500HD/3500HD 2001-2026 DRW  Crew 8 PK-WXXL
1545	1	OK	110	PK-XL	皮卡	GMC	Sierra 2500HD/3500HD	2014			Regular	8	PK-XL	110: GMC Sierra 2500HD/3500HD 2001-2026   Regular 8 PK-XL
1546	1	OK	100	PK-XXL	皮卡	GMC	Sierra 2500HD/3500HD	2014			Crew	6.8	PK-XXL	100: GMC Sierra 2500HD/3500HD 2001-2026   Crew/Double 6.8 PK-XXL
1547	1	OK	101	PK-XXXL	皮卡	GMC	Sierra 2500HD/3500HD	2014			Crew	8	PK-XXXL	101: GMC Sierra 2500HD/3500HD 2001-2026   Crew/Double 8 PK-XXXL
1548	1	OK	111	PK-WXXL	皮卡	GMC	Sierra 2500HD/3500HD	2015	DRW		Crew	8	PK-WXXL	111: GMC Sierra 2500HD/3500HD 2001-2026 DRW  Crew 8 PK-WXXL
1549	1	OK	110	PK-XL	皮卡	GMC	Sierra 2500HD/3500HD	2015			Regular	8	PK-XL	110: GMC Sierra 2500HD/3500HD 2001-2026   Regular 8 PK-XL
1550	1	OK	100	PK-XXL	皮卡	GMC	Sierra 2500HD/3500HD	2015			Crew	6.8	PK-XXL	100: GMC Sierra 2500HD/3500HD 2001-2026   Crew/Double 6.8 PK-XXL
1551	1	OK	100	PK-XXL	皮卡	GMC	Sierra 2500HD/3500HD	2015			Double	6.8	PK-XXL	100: GMC Sierra 2500HD/3500HD 2001-2026   Crew/Double 6.8 PK-XXL
1552	1	OK	101	PK-XXXL	皮卡	GMC	Sierra 2500HD/3500HD	2015			Crew	8	PK-XXXL	101: GMC Sierra 2500HD/3500HD 2001-2026   Crew/Double 8 PK-XXXL
1553	1	OK	101	PK-XXXL	皮卡	GMC	Sierra 2500HD/3500HD	2015			Double	8	PK-XXXL	101: GMC Sierra 2500HD/3500HD 2001-2026   Crew/Double 8 PK-XXXL
1554	1	OK	111	PK-WXXL	皮卡	GMC	Sierra 2500HD/3500HD	2016	DRW		Crew	8	PK-WXXL	111: GMC Sierra 2500HD/3500HD 2001-2026 DRW  Crew 8 PK-WXXL
1555	1	OK	110	PK-XL	皮卡	GMC	Sierra 2500HD/3500HD	2016			Regular	8	PK-XL	110: GMC Sierra 2500HD/3500HD 2001-2026   Regular 8 PK-XL
1556	1	OK	100	PK-XXL	皮卡	GMC	Sierra 2500HD/3500HD	2016			Crew	6.8	PK-XXL	100: GMC Sierra 2500HD/3500HD 2001-2026   Crew/Double 6.8 PK-XXL
1557	1	OK	100	PK-XXL	皮卡	GMC	Sierra 2500HD/3500HD	2016			Double	6.8	PK-XXL	100: GMC Sierra 2500HD/3500HD 2001-2026   Crew/Double 6.8 PK-XXL
1558	1	OK	101	PK-XXXL	皮卡	GMC	Sierra 2500HD/3500HD	2016			Crew	8	PK-XXXL	101: GMC Sierra 2500HD/3500HD 2001-2026   Crew/Double 8 PK-XXXL
1559	1	OK	101	PK-XXXL	皮卡	GMC	Sierra 2500HD/3500HD	2016			Double	8	PK-XXXL	101: GMC Sierra 2500HD/3500HD 2001-2026   Crew/Double 8 PK-XXXL
1560	1	OK	111	PK-WXXL	皮卡	GMC	Sierra 2500HD/3500HD	2017	DRW		Crew	8	PK-WXXL	111: GMC Sierra 2500HD/3500HD 2001-2026 DRW  Crew 8 PK-WXXL
1561	1	OK	110	PK-XL	皮卡	GMC	Sierra 2500HD/3500HD	2017			Regular	8	PK-XL	110: GMC Sierra 2500HD/3500HD 2001-2026   Regular 8 PK-XL
1562	1	OK	100	PK-XXL	皮卡	GMC	Sierra 2500HD/3500HD	2017			Crew	6.8	PK-XXL	100: GMC Sierra 2500HD/3500HD 2001-2026   Crew/Double 6.8 PK-XXL
1563	1	OK	100	PK-XXL	皮卡	GMC	Sierra 2500HD/3500HD	2017			Double	6.8	PK-XXL	100: GMC Sierra 2500HD/3500HD 2001-2026   Crew/Double 6.8 PK-XXL
1564	1	OK	101	PK-XXXL	皮卡	GMC	Sierra 2500HD/3500HD	2017			Crew	8	PK-XXXL	101: GMC Sierra 2500HD/3500HD 2001-2026   Crew/Double 8 PK-XXXL
1565	1	OK	101	PK-XXXL	皮卡	GMC	Sierra 2500HD/3500HD	2017			Double	8	PK-XXXL	101: GMC Sierra 2500HD/3500HD 2001-2026   Crew/Double 8 PK-XXXL
1566	1	OK	111	PK-WXXL	皮卡	GMC	Sierra 2500HD/3500HD	2018	DRW		Crew	8	PK-WXXL	111: GMC Sierra 2500HD/3500HD 2001-2026 DRW  Crew 8 PK-WXXL
1567	1	OK	110	PK-XL	皮卡	GMC	Sierra 2500HD/3500HD	2018			Regular	8	PK-XL	110: GMC Sierra 2500HD/3500HD 2001-2026   Regular 8 PK-XL
1568	1	OK	100	PK-XXL	皮卡	GMC	Sierra 2500HD/3500HD	2018			Crew	6.8	PK-XXL	100: GMC Sierra 2500HD/3500HD 2001-2026   Crew/Double 6.8 PK-XXL
1569	1	OK	100	PK-XXL	皮卡	GMC	Sierra 2500HD/3500HD	2018			Double	6.8	PK-XXL	100: GMC Sierra 2500HD/3500HD 2001-2026   Crew/Double 6.8 PK-XXL
1570	1	OK	101	PK-XXXL	皮卡	GMC	Sierra 2500HD/3500HD	2018			Crew	8	PK-XXXL	101: GMC Sierra 2500HD/3500HD 2001-2026   Crew/Double 8 PK-XXXL
1571	1	OK	101	PK-XXXL	皮卡	GMC	Sierra 2500HD/3500HD	2018			Double	8	PK-XXXL	101: GMC Sierra 2500HD/3500HD 2001-2026   Crew/Double 8 PK-XXXL
1572	1	OK	111	PK-WXXL	皮卡	GMC	Sierra 2500HD/3500HD	2019	DRW		Crew	8	PK-WXXL	111: GMC Sierra 2500HD/3500HD 2001-2026 DRW  Crew 8 PK-WXXL
1573	1	OK	110	PK-XL	皮卡	GMC	Sierra 2500HD/3500HD	2019			Regular	8	PK-XL	110: GMC Sierra 2500HD/3500HD 2001-2026   Regular 8 PK-XL
1574	1	OK	100	PK-XXL	皮卡	GMC	Sierra 2500HD/3500HD	2019			Crew	6.8	PK-XXL	100: GMC Sierra 2500HD/3500HD 2001-2026   Crew/Double 6.8 PK-XXL
1575	1	OK	100	PK-XXL	皮卡	GMC	Sierra 2500HD/3500HD	2019			Double	6.8	PK-XXL	100: GMC Sierra 2500HD/3500HD 2001-2026   Crew/Double 6.8 PK-XXL
1576	1	OK	101	PK-XXXL	皮卡	GMC	Sierra 2500HD/3500HD	2019			Crew	8	PK-XXXL	101: GMC Sierra 2500HD/3500HD 2001-2026   Crew/Double 8 PK-XXXL
1577	1	OK	101	PK-XXXL	皮卡	GMC	Sierra 2500HD/3500HD	2019			Double	8	PK-XXXL	101: GMC Sierra 2500HD/3500HD 2001-2026   Crew/Double 8 PK-XXXL
1578	1	OK	111	PK-WXXL	皮卡	GMC	Sierra 2500HD/3500HD	2020	DRW		Crew	8	PK-WXXL	111: GMC Sierra 2500HD/3500HD 2001-2026 DRW  Crew 8 PK-WXXL
1579	1	OK	110	PK-XL	皮卡	GMC	Sierra 2500HD/3500HD	2020			Regular	8	PK-XL	110: GMC Sierra 2500HD/3500HD 2001-2026   Regular 8 PK-XL
1580	1	OK	100	PK-XXL	皮卡	GMC	Sierra 2500HD/3500HD	2020			Crew	6.8	PK-XXL	100: GMC Sierra 2500HD/3500HD 2001-2026   Crew/Double 6.8 PK-XXL
1581	1	OK	100	PK-XXL	皮卡	GMC	Sierra 2500HD/3500HD	2020			Double	6.8	PK-XXL	100: GMC Sierra 2500HD/3500HD 2001-2026   Crew/Double 6.8 PK-XXL
1582	1	OK	101	PK-XXXL	皮卡	GMC	Sierra 2500HD/3500HD	2020			Crew	8	PK-XXXL	101: GMC Sierra 2500HD/3500HD 2001-2026   Crew/Double 8 PK-XXXL
1583	1	OK	101	PK-XXXL	皮卡	GMC	Sierra 2500HD/3500HD	2020			Double	8	PK-XXXL	101: GMC Sierra 2500HD/3500HD 2001-2026   Crew/Double 8 PK-XXXL
1584	1	OK	111	PK-WXXL	皮卡	GMC	Sierra 2500HD/3500HD	2021	DRW		Crew	8	PK-WXXL	111: GMC Sierra 2500HD/3500HD 2001-2026 DRW  Crew 8 PK-WXXL
1585	1	OK	110	PK-XL	皮卡	GMC	Sierra 2500HD/3500HD	2021			Regular	8	PK-XL	110: GMC Sierra 2500HD/3500HD 2001-2026   Regular 8 PK-XL
1586	1	OK	100	PK-XXL	皮卡	GMC	Sierra 2500HD/3500HD	2021			Crew	6.8	PK-XXL	100: GMC Sierra 2500HD/3500HD 2001-2026   Crew/Double 6.8 PK-XXL
1587	1	OK	100	PK-XXL	皮卡	GMC	Sierra 2500HD/3500HD	2021			Double	6.8	PK-XXL	100: GMC Sierra 2500HD/3500HD 2001-2026   Crew/Double 6.8 PK-XXL
1588	1	OK	101	PK-XXXL	皮卡	GMC	Sierra 2500HD/3500HD	2021			Crew	8	PK-XXXL	101: GMC Sierra 2500HD/3500HD 2001-2026   Crew/Double 8 PK-XXXL
1589	1	OK	101	PK-XXXL	皮卡	GMC	Sierra 2500HD/3500HD	2021			Double	8	PK-XXXL	101: GMC Sierra 2500HD/3500HD 2001-2026   Crew/Double 8 PK-XXXL
1590	1	OK	111	PK-WXXL	皮卡	GMC	Sierra 2500HD/3500HD	2022	DRW		Crew	8	PK-WXXL	111: GMC Sierra 2500HD/3500HD 2001-2026 DRW  Crew 8 PK-WXXL
1591	1	OK	110	PK-XL	皮卡	GMC	Sierra 2500HD/3500HD	2022			Regular	8	PK-XL	110: GMC Sierra 2500HD/3500HD 2001-2026   Regular 8 PK-XL
1592	1	OK	100	PK-XXL	皮卡	GMC	Sierra 2500HD/3500HD	2022			Crew	6.8	PK-XXL	100: GMC Sierra 2500HD/3500HD 2001-2026   Crew/Double 6.8 PK-XXL
1593	1	OK	100	PK-XXL	皮卡	GMC	Sierra 2500HD/3500HD	2022			Double	6.8	PK-XXL	100: GMC Sierra 2500HD/3500HD 2001-2026   Crew/Double 6.8 PK-XXL
1594	1	OK	101	PK-XXXL	皮卡	GMC	Sierra 2500HD/3500HD	2022			Crew	8	PK-XXXL	101: GMC Sierra 2500HD/3500HD 2001-2026   Crew/Double 8 PK-XXXL
1595	1	OK	101	PK-XXXL	皮卡	GMC	Sierra 2500HD/3500HD	2022			Double	8	PK-XXXL	101: GMC Sierra 2500HD/3500HD 2001-2026   Crew/Double 8 PK-XXXL
1596	1	OK	111	PK-WXXL	皮卡	GMC	Sierra 2500HD/3500HD	2023	DRW		Crew	8	PK-WXXL	111: GMC Sierra 2500HD/3500HD 2001-2026 DRW  Crew 8 PK-WXXL
1597	1	OK	110	PK-XL	皮卡	GMC	Sierra 2500HD/3500HD	2023			Regular	8	PK-XL	110: GMC Sierra 2500HD/3500HD 2001-2026   Regular 8 PK-XL
1598	1	OK	100	PK-XXL	皮卡	GMC	Sierra 2500HD/3500HD	2023			Crew	6.8	PK-XXL	100: GMC Sierra 2500HD/3500HD 2001-2026   Crew/Double 6.8 PK-XXL
1599	1	OK	100	PK-XXL	皮卡	GMC	Sierra 2500HD/3500HD	2023			Double	6.8	PK-XXL	100: GMC Sierra 2500HD/3500HD 2001-2026   Crew/Double 6.8 PK-XXL
1600	1	OK	101	PK-XXXL	皮卡	GMC	Sierra 2500HD/3500HD	2023			Crew	8	PK-XXXL	101: GMC Sierra 2500HD/3500HD 2001-2026   Crew/Double 8 PK-XXXL
1601	1	OK	101	PK-XXXL	皮卡	GMC	Sierra 2500HD/3500HD	2023			Double	8	PK-XXXL	101: GMC Sierra 2500HD/3500HD 2001-2026   Crew/Double 8 PK-XXXL
1602	1	OK	111	PK-WXXL	皮卡	GMC	Sierra 2500HD/3500HD	2024	DRW		Crew	8	PK-WXXL	111: GMC Sierra 2500HD/3500HD 2001-2026 DRW  Crew 8 PK-WXXL
1603	1	OK	110	PK-XL	皮卡	GMC	Sierra 2500HD/3500HD	2024			Regular	8	PK-XL	110: GMC Sierra 2500HD/3500HD 2001-2026   Regular 8 PK-XL
1604	1	OK	100	PK-XXL	皮卡	GMC	Sierra 2500HD/3500HD	2024			Crew	6.8	PK-XXL	100: GMC Sierra 2500HD/3500HD 2001-2026   Crew/Double 6.8 PK-XXL
1605	1	OK	100	PK-XXL	皮卡	GMC	Sierra 2500HD/3500HD	2024			Double	6.8	PK-XXL	100: GMC Sierra 2500HD/3500HD 2001-2026   Crew/Double 6.8 PK-XXL
1606	1	OK	101	PK-XXXL	皮卡	GMC	Sierra 2500HD/3500HD	2024			Crew	8	PK-XXXL	101: GMC Sierra 2500HD/3500HD 2001-2026   Crew/Double 8 PK-XXXL
1607	1	OK	101	PK-XXXL	皮卡	GMC	Sierra 2500HD/3500HD	2024			Double	8	PK-XXXL	101: GMC Sierra 2500HD/3500HD 2001-2026   Crew/Double 8 PK-XXXL
1608	1	OK	111	PK-WXXL	皮卡	GMC	Sierra 2500HD/3500HD	2025	DRW		Crew	8	PK-WXXL	111: GMC Sierra 2500HD/3500HD 2001-2026 DRW  Crew 8 PK-WXXL
1609	1	OK	110	PK-XL	皮卡	GMC	Sierra 2500HD/3500HD	2025			Regular	8	PK-XL	110: GMC Sierra 2500HD/3500HD 2001-2026   Regular 8 PK-XL
1610	1	OK	100	PK-XXL	皮卡	GMC	Sierra 2500HD/3500HD	2025			Crew	6.8	PK-XXL	100: GMC Sierra 2500HD/3500HD 2001-2026   Crew/Double 6.8 PK-XXL
1611	1	OK	100	PK-XXL	皮卡	GMC	Sierra 2500HD/3500HD	2025			Double	6.8	PK-XXL	100: GMC Sierra 2500HD/3500HD 2001-2026   Crew/Double 6.8 PK-XXL
1612	1	OK	101	PK-XXXL	皮卡	GMC	Sierra 2500HD/3500HD	2025			Crew	8	PK-XXXL	101: GMC Sierra 2500HD/3500HD 2001-2026   Crew/Double 8 PK-XXXL
1613	1	OK	101	PK-XXXL	皮卡	GMC	Sierra 2500HD/3500HD	2025			Double	8	PK-XXXL	101: GMC Sierra 2500HD/3500HD 2001-2026   Crew/Double 8 PK-XXXL
1614	1	OK	111	PK-WXXL	皮卡	GMC	Sierra 2500HD/3500HD	2026	DRW		Crew	8	PK-WXXL	111: GMC Sierra 2500HD/3500HD 2001-2026 DRW  Crew 8 PK-WXXL
1615	1	OK	110	PK-XL	皮卡	GMC	Sierra 2500HD/3500HD	2026			Regular	8	PK-XL	110: GMC Sierra 2500HD/3500HD 2001-2026   Regular 8 PK-XL
1616	1	OK	100	PK-XXL	皮卡	GMC	Sierra 2500HD/3500HD	2026			Crew	6.8	PK-XXL	100: GMC Sierra 2500HD/3500HD 2001-2026   Crew/Double 6.8 PK-XXL
1617	1	OK	100	PK-XXL	皮卡	GMC	Sierra 2500HD/3500HD	2026			Double	6.8	PK-XXL	100: GMC Sierra 2500HD/3500HD 2001-2026   Crew/Double 6.8 PK-XXL
1618	1	OK	101	PK-XXXL	皮卡	GMC	Sierra 2500HD/3500HD	2026			Crew	8	PK-XXXL	101: GMC Sierra 2500HD/3500HD 2001-2026   Crew/Double 8 PK-XXXL
1619	1	OK	101	PK-XXXL	皮卡	GMC	Sierra 2500HD/3500HD	2026			Double	8	PK-XXXL	101: GMC Sierra 2500HD/3500HD 2001-2026   Crew/Double 8 PK-XXXL
1620	1	OK	112	PK-XL	皮卡	GMC	Sierra EV	2024			Crew	5.9	PK-XL	112: GMC Sierra EV 2024-2026   Crew 5.9 PK-XL
1621	1	OK	112	PK-XL	皮卡	GMC	Sierra EV	2025			Crew	5.9	PK-XL	112: GMC Sierra EV 2024-2026   Crew 5.9 PK-XL
1622	1	OK	112	PK-XL	皮卡	GMC	Sierra EV	2026			Crew	5.9	PK-XL	112: GMC Sierra EV 2024-2026   Crew 5.9 PK-XL
1623	1	OK	113	PK-M	皮卡	Honda	Ridgeline	2006			Crew	5	PK-M	113: Honda Ridgeline 2006-2014   Crew 5 PK-M
1624	1	OK	113	PK-M	皮卡	Honda	Ridgeline	2007			Crew	5	PK-M	113: Honda Ridgeline 2006-2014   Crew 5 PK-M
1625	1	OK	113	PK-M	皮卡	Honda	Ridgeline	2008			Crew	5	PK-M	113: Honda Ridgeline 2006-2014   Crew 5 PK-M
1626	1	OK	113	PK-M	皮卡	Honda	Ridgeline	2009			Crew	5	PK-M	113: Honda Ridgeline 2006-2014   Crew 5 PK-M
1627	1	OK	113	PK-M	皮卡	Honda	Ridgeline	2010			Crew	5	PK-M	113: Honda Ridgeline 2006-2014   Crew 5 PK-M
1628	1	OK	113	PK-M	皮卡	Honda	Ridgeline	2011			Crew	5	PK-M	113: Honda Ridgeline 2006-2014   Crew 5 PK-M
1629	1	OK	113	PK-M	皮卡	Honda	Ridgeline	2012			Crew	5	PK-M	113: Honda Ridgeline 2006-2014   Crew 5 PK-M
1630	1	OK	113	PK-M	皮卡	Honda	Ridgeline	2013			Crew	5	PK-M	113: Honda Ridgeline 2006-2014   Crew 5 PK-M
1631	1	OK	113	PK-M	皮卡	Honda	Ridgeline	2014			Crew	5	PK-M	113: Honda Ridgeline 2006-2014   Crew 5 PK-M
1632	1	OK	114	PK-M+	皮卡	Honda	Ridgeline	2017			Crew	5.3	PK-M+	114: Honda Ridgeline 2017-2026   Crew 5.3 PK-M+
1633	1	OK	114	PK-M+	皮卡	Honda	Ridgeline	2018			Crew	5.3	PK-M+	114: Honda Ridgeline 2017-2026   Crew 5.3 PK-M+
1634	1	OK	114	PK-M+	皮卡	Honda	Ridgeline	2019			Crew	5.3	PK-M+	114: Honda Ridgeline 2017-2026   Crew 5.3 PK-M+
1635	1	OK	114	PK-M+	皮卡	Honda	Ridgeline	2020			Crew	5.3	PK-M+	114: Honda Ridgeline 2017-2026   Crew 5.3 PK-M+
1636	1	OK	114	PK-M+	皮卡	Honda	Ridgeline	2021			Crew	5.3	PK-M+	114: Honda Ridgeline 2017-2026   Crew 5.3 PK-M+
1637	1	OK	114	PK-M+	皮卡	Honda	Ridgeline	2022			Crew	5.3	PK-M+	114: Honda Ridgeline 2017-2026   Crew 5.3 PK-M+
1638	1	OK	114	PK-M+	皮卡	Honda	Ridgeline	2023			Crew	5.3	PK-M+	114: Honda Ridgeline 2017-2026   Crew 5.3 PK-M+
1639	1	OK	114	PK-M+	皮卡	Honda	Ridgeline	2024			Crew	5.3	PK-M+	114: Honda Ridgeline 2017-2026   Crew 5.3 PK-M+
1640	1	OK	114	PK-M+	皮卡	Honda	Ridgeline	2025			Crew	5.3	PK-M+	114: Honda Ridgeline 2017-2026   Crew 5.3 PK-M+
1641	1	OK	114	PK-M+	皮卡	Honda	Ridgeline	2026			Crew	5.3	PK-M+	114: Honda Ridgeline 2017-2026   Crew 5.3 PK-M+
1642	1	OK	115	PK-M	皮卡	Hyundai	Santa Cruz	2022			Crew	4.3	PK-M	115: Hyundai Santa Cruz 2022-2026 Incl: XRT  Crew 4.3 PK-M
1643	1	OK	115	PK-M	皮卡	Hyundai	Santa Cruz	2023			Crew	4.3	PK-M	115: Hyundai Santa Cruz 2022-2026 Incl: XRT  Crew 4.3 PK-M
1644	1	OK	115	PK-M	皮卡	Hyundai	Santa Cruz	2024			Crew	4.3	PK-M	115: Hyundai Santa Cruz 2022-2026 Incl: XRT  Crew 4.3 PK-M
1645	1	OK	115	PK-M	皮卡	Hyundai	Santa Cruz	2024	XRT		Crew	4.3	PK-M	115: Hyundai Santa Cruz 2022-2026 Incl: XRT  Crew 4.3 PK-M
1646	1	OK	115	PK-M	皮卡	Hyundai	Santa Cruz	2025			Crew	4.3	PK-M	115: Hyundai Santa Cruz 2022-2026 Incl: XRT  Crew 4.3 PK-M
1647	1	OK	115	PK-M	皮卡	Hyundai	Santa Cruz	2025	XRT		Crew	4.3	PK-M	115: Hyundai Santa Cruz 2022-2026 Incl: XRT  Crew 4.3 PK-M
1648	1	OK	115	PK-M	皮卡	Hyundai	Santa Cruz	2026			Crew	4.3	PK-M	115: Hyundai Santa Cruz 2022-2026 Incl: XRT  Crew 4.3 PK-M
1649	1	OK	115	PK-M	皮卡	Hyundai	Santa Cruz	2026	XRT		Crew	4.3	PK-M	115: Hyundai Santa Cruz 2022-2026 Incl: XRT  Crew 4.3 PK-M
1650	1	OK	116	PK-M+	皮卡	Ineos Automotive	Grenadier	2024	Quartermaster		Crew	5.1	PK-M+	116: Ineos Automotive Grenadier 2024-2026 Quartermaster  Crew 5.1 PK-M+
1651	1	OK	116	PK-M+	皮卡	Ineos Automotive	Grenadier	2025	Quartermaster		Crew	5.1	PK-M+	116: Ineos Automotive Grenadier 2024-2026 Quartermaster  Crew 5.1 PK-M+
1652	1	OK	116	PK-M+	皮卡	Ineos Automotive	Grenadier	2026	Quartermaster		Crew	5.1	PK-M+	116: Ineos Automotive Grenadier 2024-2026 Quartermaster  Crew 5.1 PK-M+
1653	1	OK	117	PK-M+	皮卡	Jeep	Gladiator	2020			Crew	5	PK-M+	117: Jeep Gladiator 2020-2026 Incl: Mojave/Rubicon  Crew 5 PK-M+
1654	1	OK	117	PK-M+	皮卡	Jeep	Gladiator	2020	Rubicon		Crew	5	PK-M+	117: Jeep Gladiator 2020-2026 Incl: Mojave/Rubicon  Crew 5 PK-M+
1655	1	OK	117	PK-M+	皮卡	Jeep	Gladiator	2021			Crew	5	PK-M+	117: Jeep Gladiator 2020-2026 Incl: Mojave/Rubicon  Crew 5 PK-M+
1656	1	OK	117	PK-M+	皮卡	Jeep	Gladiator	2021	Rubicon/Mojave		Crew	5	PK-M+	117: Jeep Gladiator 2020-2026 Incl: Mojave/Rubicon  Crew 5 PK-M+
1657	1	OK	117	PK-M+	皮卡	Jeep	Gladiator	2022			Crew	5	PK-M+	117: Jeep Gladiator 2020-2026 Incl: Mojave/Rubicon  Crew 5 PK-M+
1658	1	OK	117	PK-M+	皮卡	Jeep	Gladiator	2022	Rubicon/Mojave		Crew	5	PK-M+	117: Jeep Gladiator 2020-2026 Incl: Mojave/Rubicon  Crew 5 PK-M+
1659	1	OK	117	PK-M+	皮卡	Jeep	Gladiator	2023			Crew	5	PK-M+	117: Jeep Gladiator 2020-2026 Incl: Mojave/Rubicon  Crew 5 PK-M+
1660	1	OK	117	PK-M+	皮卡	Jeep	Gladiator	2023	Rubicon/Mojave		Crew	5	PK-M+	117: Jeep Gladiator 2020-2026 Incl: Mojave/Rubicon  Crew 5 PK-M+
1661	1	OK	117	PK-M+	皮卡	Jeep	Gladiator	2024			Crew	5	PK-M+	117: Jeep Gladiator 2020-2026 Incl: Mojave/Rubicon  Crew 5 PK-M+
1662	1	OK	117	PK-M+	皮卡	Jeep	Gladiator	2024	Rubicon/Mojave		Crew	5	PK-M+	117: Jeep Gladiator 2020-2026 Incl: Mojave/Rubicon  Crew 5 PK-M+
1663	1	OK	117	PK-M+	皮卡	Jeep	Gladiator	2025			Crew	5	PK-M+	117: Jeep Gladiator 2020-2026 Incl: Mojave/Rubicon  Crew 5 PK-M+
1664	1	OK	117	PK-M+	皮卡	Jeep	Gladiator	2025	Rubicon/Mojave		Crew	5	PK-M+	117: Jeep Gladiator 2020-2026 Incl: Mojave/Rubicon  Crew 5 PK-M+
1665	1	OK	117	PK-M+	皮卡	Jeep	Gladiator	2026			Crew	5	PK-M+	117: Jeep Gladiator 2020-2026 Incl: Mojave/Rubicon  Crew 5 PK-M+
1666	1	OK	117	PK-M+	皮卡	Jeep	Gladiator	2026	Rubicon/Mojave		Crew	5	PK-M+	117: Jeep Gladiator 2020-2026 Incl: Mojave/Rubicon  Crew 5 PK-M+
1667	1	OK	118	PK-M	皮卡	Nissan	Frontier	1998			King	6	PK-M	118: Nissan Frontier 1998-2001 Incl: SC-V6  King/Crew 4.5-6 PK-M
1668	1	OK	122	无可用尺码	皮卡	Nissan	Frontier	1998			Regular	6	无可用尺码	122: Nissan Frontier 1998-2000   Regular 6 无可用尺码
1669	1	OK	118	PK-M	皮卡	Nissan	Frontier	1999			King	6	PK-M	118: Nissan Frontier 1998-2001 Incl: SC-V6  King/Crew 4.5-6 PK-M
1670	1	OK	122	无可用尺码	皮卡	Nissan	Frontier	1999			Regular	6	无可用尺码	122: Nissan Frontier 1998-2000   Regular 6 无可用尺码
1671	1	OK	118	PK-M	皮卡	Nissan	Frontier	2000			Crew	4.5	PK-M	118: Nissan Frontier 1998-2001 Incl: SC-V6  King/Crew 4.5-6 PK-M
1672	1	OK	118	PK-M	皮卡	Nissan	Frontier	2000			King	6	PK-M	118: Nissan Frontier 1998-2001 Incl: SC-V6  King/Crew 4.5-6 PK-M
1673	1	OK	122	无可用尺码	皮卡	Nissan	Frontier	2000			Regular	6	无可用尺码	122: Nissan Frontier 1998-2000   Regular 6 无可用尺码
1674	1	OK	118	PK-M	皮卡	Nissan	Frontier	2001			Crew	4.5	PK-M	118: Nissan Frontier 1998-2001 Incl: SC-V6  King/Crew 4.5-6 PK-M
1675	1	OK	118	PK-M	皮卡	Nissan	Frontier	2001	SC-V6		King	6	PK-M	118: Nissan Frontier 1998-2001 Incl: SC-V6  King/Crew 4.5-6 PK-M
1676	1	OK	119	PK-M	皮卡	Nissan	Frontier	2001			Regular	6	PK-M	119: Nissan Frontier 2001-2021   Regular/King 6 PK-M
1677	1	OK	120	PK-M	皮卡	Nissan	Frontier	2002	SC-V6		Crew	4.5	PK-M	120: Nissan Frontier 2002-2021 Incl: SC-V6  Crew 4.5-5 PK-M
1678	1	OK	119	PK-M	皮卡	Nissan	Frontier	2002			King	6	PK-M	119: Nissan Frontier 2001-2021   Regular/King 6 PK-M
1679	1	OK	121	PK-M+	皮卡	Nissan	Frontier	2002	SC-V6		Crew	6	PK-M+	121: Nissan Frontier 2002-2021 Incl: SC-V6  Crew 6 PK-M+
1680	1	OK	120	PK-M	皮卡	Nissan	Frontier	2003	SC-V6		Crew	4.5	PK-M	120: Nissan Frontier 2002-2021 Incl: SC-V6  Crew 4.5-5 PK-M
1681	1	OK	119	PK-M	皮卡	Nissan	Frontier	2003			King	6	PK-M	119: Nissan Frontier 2001-2021   Regular/King 6 PK-M
1682	1	OK	121	PK-M+	皮卡	Nissan	Frontier	2003			Crew	6	PK-M+	121: Nissan Frontier 2002-2021 Incl: SC-V6  Crew 6 PK-M+
1683	1	OK	120	PK-M	皮卡	Nissan	Frontier	2004			Crew	4.5	PK-M	120: Nissan Frontier 2002-2021 Incl: SC-V6  Crew 4.5-5 PK-M
1684	1	OK	119	PK-M	皮卡	Nissan	Frontier	2004			King	6	PK-M	119: Nissan Frontier 2001-2021   Regular/King 6 PK-M
1685	1	OK	121	PK-M+	皮卡	Nissan	Frontier	2004			Crew	6	PK-M+	121: Nissan Frontier 2002-2021 Incl: SC-V6  Crew 6 PK-M+
1686	1	OK	120	PK-M	皮卡	Nissan	Frontier	2005			Crew	5	PK-M	120: Nissan Frontier 2002-2021 Incl: SC-V6  Crew 4.5-5 PK-M
1687	1	OK	119	PK-M	皮卡	Nissan	Frontier	2005			King	6	PK-M	119: Nissan Frontier 2001-2021   Regular/King 6 PK-M
1688	1	OK	121	PK-M+	皮卡	Nissan	Frontier	2005			Crew	6	PK-M+	121: Nissan Frontier 2002-2021 Incl: SC-V6  Crew 6 PK-M+
1689	1	OK	120	PK-M	皮卡	Nissan	Frontier	2006			Crew	5	PK-M	120: Nissan Frontier 2002-2021 Incl: SC-V6  Crew 4.5-5 PK-M
1690	1	OK	119	PK-M	皮卡	Nissan	Frontier	2006			King	6	PK-M	119: Nissan Frontier 2001-2021   Regular/King 6 PK-M
1691	1	OK	121	PK-M+	皮卡	Nissan	Frontier	2006			Crew	6	PK-M+	121: Nissan Frontier 2002-2021 Incl: SC-V6  Crew 6 PK-M+
1692	1	OK	120	PK-M	皮卡	Nissan	Frontier	2007			Crew	5	PK-M	120: Nissan Frontier 2002-2021 Incl: SC-V6  Crew 4.5-5 PK-M
1693	1	OK	119	PK-M	皮卡	Nissan	Frontier	2007			King	6	PK-M	119: Nissan Frontier 2001-2021   Regular/King 6 PK-M
1694	1	OK	121	PK-M+	皮卡	Nissan	Frontier	2007			Crew	6	PK-M+	121: Nissan Frontier 2002-2021 Incl: SC-V6  Crew 6 PK-M+
1695	1	OK	120	PK-M	皮卡	Nissan	Frontier	2008			Crew	5	PK-M	120: Nissan Frontier 2002-2021 Incl: SC-V6  Crew 4.5-5 PK-M
1696	1	OK	119	PK-M	皮卡	Nissan	Frontier	2008			King	6	PK-M	119: Nissan Frontier 2001-2021   Regular/King 6 PK-M
1697	1	OK	121	PK-M+	皮卡	Nissan	Frontier	2008			Crew	6	PK-M+	121: Nissan Frontier 2002-2021 Incl: SC-V6  Crew 6 PK-M+
1698	1	OK	120	PK-M	皮卡	Nissan	Frontier	2009			Crew	5	PK-M	120: Nissan Frontier 2002-2021 Incl: SC-V6  Crew 4.5-5 PK-M
1699	1	OK	119	PK-M	皮卡	Nissan	Frontier	2009			King	6	PK-M	119: Nissan Frontier 2001-2021   Regular/King 6 PK-M
1700	1	OK	121	PK-M+	皮卡	Nissan	Frontier	2009			Crew	6	PK-M+	121: Nissan Frontier 2002-2021 Incl: SC-V6  Crew 6 PK-M+
1701	1	OK	120	PK-M	皮卡	Nissan	Frontier	2010			Crew	5	PK-M	120: Nissan Frontier 2002-2021 Incl: SC-V6  Crew 4.5-5 PK-M
1702	1	OK	119	PK-M	皮卡	Nissan	Frontier	2010			King	6	PK-M	119: Nissan Frontier 2001-2021   Regular/King 6 PK-M
1703	1	OK	121	PK-M+	皮卡	Nissan	Frontier	2010			Crew	6	PK-M+	121: Nissan Frontier 2002-2021 Incl: SC-V6  Crew 6 PK-M+
1704	1	OK	120	PK-M	皮卡	Nissan	Frontier	2011			Crew	5	PK-M	120: Nissan Frontier 2002-2021 Incl: SC-V6  Crew 4.5-5 PK-M
1705	1	OK	119	PK-M	皮卡	Nissan	Frontier	2011			King	6	PK-M	119: Nissan Frontier 2001-2021   Regular/King 6 PK-M
1706	1	OK	121	PK-M+	皮卡	Nissan	Frontier	2011			Crew	6	PK-M+	121: Nissan Frontier 2002-2021 Incl: SC-V6  Crew 6 PK-M+
1707	1	OK	120	PK-M	皮卡	Nissan	Frontier	2012			Crew	5	PK-M	120: Nissan Frontier 2002-2021 Incl: SC-V6  Crew 4.5-5 PK-M
1708	1	OK	119	PK-M	皮卡	Nissan	Frontier	2012			King	6	PK-M	119: Nissan Frontier 2001-2021   Regular/King 6 PK-M
1709	1	OK	121	PK-M+	皮卡	Nissan	Frontier	2012			Crew	6	PK-M+	121: Nissan Frontier 2002-2021 Incl: SC-V6  Crew 6 PK-M+
1710	1	OK	120	PK-M	皮卡	Nissan	Frontier	2013			Crew	5	PK-M	120: Nissan Frontier 2002-2021 Incl: SC-V6  Crew 4.5-5 PK-M
1711	1	OK	119	PK-M	皮卡	Nissan	Frontier	2013			King	6	PK-M	119: Nissan Frontier 2001-2021   Regular/King 6 PK-M
1712	1	OK	121	PK-M+	皮卡	Nissan	Frontier	2013			Crew	6	PK-M+	121: Nissan Frontier 2002-2021 Incl: SC-V6  Crew 6 PK-M+
1713	1	OK	120	PK-M	皮卡	Nissan	Frontier	2014			Crew	5	PK-M	120: Nissan Frontier 2002-2021 Incl: SC-V6  Crew 4.5-5 PK-M
1714	1	OK	119	PK-M	皮卡	Nissan	Frontier	2014			King	6	PK-M	119: Nissan Frontier 2001-2021   Regular/King 6 PK-M
1715	1	OK	121	PK-M+	皮卡	Nissan	Frontier	2014			Crew	6	PK-M+	121: Nissan Frontier 2002-2021 Incl: SC-V6  Crew 6 PK-M+
1716	1	OK	120	PK-M	皮卡	Nissan	Frontier	2015			Crew	5	PK-M	120: Nissan Frontier 2002-2021 Incl: SC-V6  Crew 4.5-5 PK-M
1717	1	OK	119	PK-M	皮卡	Nissan	Frontier	2015			King	6	PK-M	119: Nissan Frontier 2001-2021   Regular/King 6 PK-M
1718	1	OK	121	PK-M+	皮卡	Nissan	Frontier	2015			Crew	6	PK-M+	121: Nissan Frontier 2002-2021 Incl: SC-V6  Crew 6 PK-M+
1719	1	OK	120	PK-M	皮卡	Nissan	Frontier	2016			Crew	5	PK-M	120: Nissan Frontier 2002-2021 Incl: SC-V6  Crew 4.5-5 PK-M
1720	1	OK	119	PK-M	皮卡	Nissan	Frontier	2016			King	6	PK-M	119: Nissan Frontier 2001-2021   Regular/King 6 PK-M
1721	1	OK	121	PK-M+	皮卡	Nissan	Frontier	2016			Crew	6	PK-M+	121: Nissan Frontier 2002-2021 Incl: SC-V6  Crew 6 PK-M+
1722	1	OK	120	PK-M	皮卡	Nissan	Frontier	2017			Crew	5	PK-M	120: Nissan Frontier 2002-2021 Incl: SC-V6  Crew 4.5-5 PK-M
1723	1	OK	119	PK-M	皮卡	Nissan	Frontier	2017			King	6	PK-M	119: Nissan Frontier 2001-2021   Regular/King 6 PK-M
1724	1	OK	121	PK-M+	皮卡	Nissan	Frontier	2017			Crew	6	PK-M+	121: Nissan Frontier 2002-2021 Incl: SC-V6  Crew 6 PK-M+
1725	1	OK	120	PK-M	皮卡	Nissan	Frontier	2018			Crew	5	PK-M	120: Nissan Frontier 2002-2021 Incl: SC-V6  Crew 4.5-5 PK-M
1726	1	OK	119	PK-M	皮卡	Nissan	Frontier	2018			King	6	PK-M	119: Nissan Frontier 2001-2021   Regular/King 6 PK-M
1727	1	OK	121	PK-M+	皮卡	Nissan	Frontier	2018			Crew	6	PK-M+	121: Nissan Frontier 2002-2021 Incl: SC-V6  Crew 6 PK-M+
1728	1	OK	120	PK-M	皮卡	Nissan	Frontier	2019			Crew	5	PK-M	120: Nissan Frontier 2002-2021 Incl: SC-V6  Crew 4.5-5 PK-M
1729	1	OK	119	PK-M	皮卡	Nissan	Frontier	2019			King	6	PK-M	119: Nissan Frontier 2001-2021   Regular/King 6 PK-M
1730	1	OK	121	PK-M+	皮卡	Nissan	Frontier	2019			Crew	6	PK-M+	121: Nissan Frontier 2002-2021 Incl: SC-V6  Crew 6 PK-M+
1731	1	OK	120	PK-M	皮卡	Nissan	Frontier	2020			Crew	5	PK-M	120: Nissan Frontier 2002-2021 Incl: SC-V6  Crew 4.5-5 PK-M
1732	1	OK	119	PK-M	皮卡	Nissan	Frontier	2020			King	6	PK-M	119: Nissan Frontier 2001-2021   Regular/King 6 PK-M
1733	1	OK	121	PK-M+	皮卡	Nissan	Frontier	2020			Crew	6	PK-M+	121: Nissan Frontier 2002-2021 Incl: SC-V6  Crew 6 PK-M+
1734	1	OK	120	PK-M	皮卡	Nissan	Frontier	2021			Crew	5	PK-M	120: Nissan Frontier 2002-2021 Incl: SC-V6  Crew 4.5-5 PK-M
1735	1	OK	119	PK-M	皮卡	Nissan	Frontier	2021			King	6	PK-M	119: Nissan Frontier 2001-2021   Regular/King 6 PK-M
1736	1	OK	121	PK-M+	皮卡	Nissan	Frontier	2021			Crew	6	PK-M+	121: Nissan Frontier 2002-2021 Incl: SC-V6  Crew 6 PK-M+
1737	1	OK	124	PK-L	皮卡	Nissan	Frontier	2022			Crew	6	PK-L	124: Nissan Frontier 2022-2026   Crew 6 PK-L
1738	1	OK	123	PK-M+	皮卡	Nissan	Frontier	2022			Crew	5	PK-M+	123: Nissan Frontier 2022-2026   Crew 5 PK-M+
1739	1	OK	125	PK-M+	皮卡	Nissan	Frontier	2022			King	6	PK-M+	125: Nissan Frontier 2022-2026   King 6 PK-M+
1740	1	OK	124	PK-L	皮卡	Nissan	Frontier	2023			Crew	6	PK-L	124: Nissan Frontier 2022-2026   Crew 6 PK-L
1741	1	OK	123	PK-M+	皮卡	Nissan	Frontier	2023			Crew	5	PK-M+	123: Nissan Frontier 2022-2026   Crew 5 PK-M+
1742	1	OK	125	PK-M+	皮卡	Nissan	Frontier	2023			King	6	PK-M+	125: Nissan Frontier 2022-2026   King 6 PK-M+
1743	1	OK	124	PK-L	皮卡	Nissan	Frontier	2024			Crew	6	PK-L	124: Nissan Frontier 2022-2026   Crew 6 PK-L
1744	1	OK	123	PK-M+	皮卡	Nissan	Frontier	2024			Crew	5	PK-M+	123: Nissan Frontier 2022-2026   Crew 5 PK-M+
1745	1	OK	125	PK-M+	皮卡	Nissan	Frontier	2024			King	6	PK-M+	125: Nissan Frontier 2022-2026   King 6 PK-M+
1746	1	OK	124	PK-L	皮卡	Nissan	Frontier	2025			Crew	6	PK-L	124: Nissan Frontier 2022-2026   Crew 6 PK-L
1747	1	OK	123	PK-M+	皮卡	Nissan	Frontier	2025			Crew	5	PK-M+	123: Nissan Frontier 2022-2026   Crew 5 PK-M+
1748	1	OK	125	PK-M+	皮卡	Nissan	Frontier	2025			King	6	PK-M+	125: Nissan Frontier 2022-2026   King 6 PK-M+
1749	1	OK	124	PK-L	皮卡	Nissan	Frontier	2026			Crew	6	PK-L	124: Nissan Frontier 2022-2026   Crew 6 PK-L
1750	1	OK	123	PK-M+	皮卡	Nissan	Frontier	2026			Crew	5	PK-M+	123: Nissan Frontier 2022-2026   Crew 5 PK-M+
1751	1	OK	125	PK-M+	皮卡	Nissan	Frontier	2026			King	6	PK-M+	125: Nissan Frontier 2022-2026   King 6 PK-M+
1752	1	OK	126	PK-L	皮卡	Ram	1500	1994			Club	6.4	PK-L	126: Ram 1500 1994-2026   Club/Quad 6.4 PK-L
1753	1	OK	126	PK-L	皮卡	Ram	1500	1994			Quad	6.4	PK-L	126: Ram 1500 1994-2026   Club/Quad 6.4 PK-L
1754	1	OK	131	PK-M	皮卡	Ram	1500	1994			Regular	6.4	PK-M	131: Ram 1500 1994-2008   Regular 6.4 PK-M
1755	1	OK	126	PK-L	皮卡	Ram	1500	1995			Club	6.4	PK-L	126: Ram 1500 1994-2026   Club/Quad 6.4 PK-L
1756	1	OK	126	PK-L	皮卡	Ram	1500	1995			Quad	6.4	PK-L	126: Ram 1500 1994-2026   Club/Quad 6.4 PK-L
1757	1	OK	131	PK-M	皮卡	Ram	1500	1995			Regular	6.4	PK-M	131: Ram 1500 1994-2008   Regular 6.4 PK-M
1758	1	OK	126	PK-L	皮卡	Ram	1500	1996			Club	6.4	PK-L	126: Ram 1500 1994-2026   Club/Quad 6.4 PK-L
1759	1	OK	126	PK-L	皮卡	Ram	1500	1996			Quad	6.4	PK-L	126: Ram 1500 1994-2026   Club/Quad 6.4 PK-L
1760	1	OK	131	PK-M	皮卡	Ram	1500	1996			Regular	6.4	PK-M	131: Ram 1500 1994-2008   Regular 6.4 PK-M
1761	1	OK	126	PK-L	皮卡	Ram	1500	1997			Club	6.4	PK-L	126: Ram 1500 1994-2026   Club/Quad 6.4 PK-L
1762	1	OK	126	PK-L	皮卡	Ram	1500	1997			Quad	6.4	PK-L	126: Ram 1500 1994-2026   Club/Quad 6.4 PK-L
1763	1	OK	127	PK-L	皮卡	Ram	1500	1997			Regular	8	PK-L	127: Ram 1500 1997-2018   Regular 8 PK-L
1764	1	OK	131	PK-M	皮卡	Ram	1500	1997			Regular	6.4	PK-M	131: Ram 1500 1994-2008   Regular 6.4 PK-M
1765	1	OK	126	PK-L	皮卡	Ram	1500	1998			Club	6.4	PK-L	126: Ram 1500 1994-2026   Club/Quad 6.4 PK-L
1766	1	OK	126	PK-L	皮卡	Ram	1500	1998			Quad	6.4	PK-L	126: Ram 1500 1994-2026   Club/Quad 6.4 PK-L
1767	1	OK	127	PK-L	皮卡	Ram	1500	1998			Regular	8	PK-L	127: Ram 1500 1997-2018   Regular 8 PK-L
1768	1	OK	131	PK-M	皮卡	Ram	1500	1998			Regular	6.4	PK-M	131: Ram 1500 1994-2008   Regular 6.4 PK-M
1769	1	OK	127	PK-L	皮卡	Ram	1500	1999			Regular	8	PK-L	127: Ram 1500 1997-2018   Regular 8 PK-L
1770	1	OK	131	PK-M	皮卡	Ram	1500	1999			Regular	6.4	PK-M	131: Ram 1500 1994-2008   Regular 6.4 PK-M
1771	1	OK	127	PK-L	皮卡	Ram	1500	2000			Regular	8	PK-L	127: Ram 1500 1997-2018   Regular 8 PK-L
1772	1	OK	131	PK-M	皮卡	Ram	1500	2000			Regular	6.4	PK-M	131: Ram 1500 1994-2008   Regular 6.4 PK-M
1773	1	OK	127	PK-L	皮卡	Ram	1500	2001			Regular	8	PK-L	127: Ram 1500 1997-2018   Regular 8 PK-L
1774	1	OK	131	PK-M	皮卡	Ram	1500	2001			Regular	6.4	PK-M	131: Ram 1500 1994-2008   Regular 6.4 PK-M
1775	1	OK	126	PK-L	皮卡	Ram	1500	2002			Quad	6.4	PK-L	126: Ram 1500 1994-2026   Club/Quad 6.4 PK-L
1776	1	OK	131	PK-M	皮卡	Ram	1500	2002			Regular	6.4	PK-M	131: Ram 1500 1994-2008   Regular 6.4 PK-M
1777	1	OK	126	PK-L	皮卡	Ram	1500	2003			Quad	6.4	PK-L	126: Ram 1500 1994-2026   Club/Quad 6.4 PK-L
1778	1	OK	131	PK-M	皮卡	Ram	1500	2003			Regular	6.4	PK-M	131: Ram 1500 1994-2008   Regular 6.4 PK-M
1779	1	OK	126	PK-L	皮卡	Ram	1500	2004			Quad	6.4	PK-L	126: Ram 1500 1994-2026   Club/Quad 6.4 PK-L
1780	1	OK	131	PK-M	皮卡	Ram	1500	2004			Regular	6.4	PK-M	131: Ram 1500 1994-2008   Regular 6.4 PK-M
1781	1	OK	126	PK-L	皮卡	Ram	1500	2005			Quad	6.4	PK-L	126: Ram 1500 1994-2026   Club/Quad 6.4 PK-L
1782	1	OK	127	PK-L	皮卡	Ram	1500	2005			Regular	8	PK-L	127: Ram 1500 1997-2018   Regular 8 PK-L
1783	1	OK	131	PK-M	皮卡	Ram	1500	2005			Regular	6.4	PK-M	131: Ram 1500 1994-2008   Regular 6.4 PK-M
1784	1	OK	126	PK-L	皮卡	Ram	1500	2006			Quad	6.4	PK-L	126: Ram 1500 1994-2026   Club/Quad 6.4 PK-L
1785	1	OK	127	PK-L	皮卡	Ram	1500	2006			Regular	8	PK-L	127: Ram 1500 1997-2018   Regular 8 PK-L
1786	1	OK	131	PK-M	皮卡	Ram	1500	2006			Regular	6.4	PK-M	131: Ram 1500 1994-2008   Regular 6.4 PK-M
1787	1	OK	126	PK-L	皮卡	Ram	1500	2007			Quad	6.4	PK-L	126: Ram 1500 1994-2026   Club/Quad 6.4 PK-L
1788	1	OK	127	PK-L	皮卡	Ram	1500	2007			Regular	8	PK-L	127: Ram 1500 1997-2018   Regular 8 PK-L
1789	1	OK	131	PK-M	皮卡	Ram	1500	2007			Regular	6.4	PK-M	131: Ram 1500 1994-2008   Regular 6.4 PK-M
1790	1	OK	126	PK-L	皮卡	Ram	1500	2008			Quad	6.4	PK-L	126: Ram 1500 1994-2026   Club/Quad 6.4 PK-L
1791	1	OK	131	PK-M	皮卡	Ram	1500	2008			Regular	6.4	PK-M	131: Ram 1500 1994-2008   Regular 6.4 PK-M
1792	1	OK	126	PK-L	皮卡	Ram	1500	2009			Quad	6.4	PK-L	126: Ram 1500 1994-2026   Club/Quad 6.4 PK-L
1793	1	OK	127	PK-L	皮卡	Ram	1500	2009			Regular	8	PK-L	127: Ram 1500 1997-2018   Regular 8 PK-L
1794	1	OK	132	PK-M+	皮卡	Ram	1500	2009			Regular	6.4	PK-M+	132: Ram 1500 2009-2018   Regular 6.4 PK-M+
1795	1	OK	133	PK-XL	皮卡	Ram	1500	2009			Crew	6.4	PK-XL	133: Ram 1500 2009-2026   Crew 6.4 PK-XL
1796	1	OK	126	PK-L	皮卡	Ram	1500	2010			Quad	6.4	PK-L	126: Ram 1500 1994-2026   Club/Quad 6.4 PK-L
1797	1	OK	127	PK-L	皮卡	Ram	1500	2010			Regular	8	PK-L	127: Ram 1500 1997-2018   Regular 8 PK-L
1798	1	OK	132	PK-M+	皮卡	Ram	1500	2010			Regular	6.4	PK-M+	132: Ram 1500 2009-2018   Regular 6.4 PK-M+
1799	1	OK	133	PK-XL	皮卡	Ram	1500	2010			Crew	6.4	PK-XL	133: Ram 1500 2009-2026   Crew 6.4 PK-XL
1800	1	OK	128	PK-L	皮卡	Ram	1500	2011			Crew	5.6	PK-L	128: Ram 1500 2011-2018   Crew 5.6 PK-L
1801	1	OK	126	PK-L	皮卡	Ram	1500	2011			Quad	6.4	PK-L	126: Ram 1500 1994-2026   Club/Quad 6.4 PK-L
1802	1	OK	127	PK-L	皮卡	Ram	1500	2011			Regular	8	PK-L	127: Ram 1500 1997-2018   Regular 8 PK-L
1803	1	OK	132	PK-M+	皮卡	Ram	1500	2011			Regular	6.4	PK-M+	132: Ram 1500 2009-2018   Regular 6.4 PK-M+
1804	1	OK	133	PK-XL	皮卡	Ram	1500	2011			Crew	6.4	PK-XL	133: Ram 1500 2009-2026   Crew 6.4 PK-XL
1805	1	OK	128	PK-L	皮卡	Ram	1500	2012			Crew	5.6	PK-L	128: Ram 1500 2011-2018   Crew 5.6 PK-L
1806	1	OK	126	PK-L	皮卡	Ram	1500	2012			Quad	6.4	PK-L	126: Ram 1500 1994-2026   Club/Quad 6.4 PK-L
1807	1	OK	127	PK-L	皮卡	Ram	1500	2012			Regular	8	PK-L	127: Ram 1500 1997-2018   Regular 8 PK-L
1808	1	OK	132	PK-M+	皮卡	Ram	1500	2012			Regular	6.4	PK-M+	132: Ram 1500 2009-2018   Regular 6.4 PK-M+
1809	1	OK	133	PK-XL	皮卡	Ram	1500	2012			Crew	6.4	PK-XL	133: Ram 1500 2009-2026   Crew 6.4 PK-XL
1810	1	OK	126	PK-L	皮卡	Ram	1500	2013			Quad	6.4	PK-L	126: Ram 1500 1994-2026   Club/Quad 6.4 PK-L
1811	1	OK	127	PK-L	皮卡	Ram	1500	2013			Regular	8	PK-L	127: Ram 1500 1997-2018   Regular 8 PK-L
1812	1	OK	132	PK-M+	皮卡	Ram	1500	2013			Regular	6.4	PK-M+	132: Ram 1500 2009-2018   Regular 6.4 PK-M+
1813	1	OK	133	PK-XL	皮卡	Ram	1500	2013			Crew	6.4	PK-XL	133: Ram 1500 2009-2026   Crew 6.4 PK-XL
1814	1	OK	128	PK-L	皮卡	Ram	1500	2014			Crew	5.6	PK-L	128: Ram 1500 2011-2018   Crew 5.6 PK-L
1815	1	OK	126	PK-L	皮卡	Ram	1500	2014			Quad	6.4	PK-L	126: Ram 1500 1994-2026   Club/Quad 6.4 PK-L
1816	1	OK	127	PK-L	皮卡	Ram	1500	2014			Regular	8	PK-L	127: Ram 1500 1997-2018   Regular 8 PK-L
1817	1	OK	132	PK-M+	皮卡	Ram	1500	2014			Regular	6.4	PK-M+	132: Ram 1500 2009-2018   Regular 6.4 PK-M+
1818	1	OK	133	PK-XL	皮卡	Ram	1500	2014			Crew	6.4	PK-XL	133: Ram 1500 2009-2026   Crew 6.4 PK-XL
1819	1	OK	128	PK-L	皮卡	Ram	1500	2015			Crew	5.6	PK-L	128: Ram 1500 2011-2018   Crew 5.6 PK-L
1820	1	OK	126	PK-L	皮卡	Ram	1500	2015			Quad	6.4	PK-L	126: Ram 1500 1994-2026   Club/Quad 6.4 PK-L
1821	1	OK	127	PK-L	皮卡	Ram	1500	2015			Regular	8	PK-L	127: Ram 1500 1997-2018   Regular 8 PK-L
1822	1	OK	132	PK-M+	皮卡	Ram	1500	2015			Regular	6.4	PK-M+	132: Ram 1500 2009-2018   Regular 6.4 PK-M+
1823	1	OK	133	PK-XL	皮卡	Ram	1500	2015			Crew	6.4	PK-XL	133: Ram 1500 2009-2026   Crew 6.4 PK-XL
1824	1	OK	128	PK-L	皮卡	Ram	1500	2016			Crew	5.6	PK-L	128: Ram 1500 2011-2018   Crew 5.6 PK-L
1825	1	OK	126	PK-L	皮卡	Ram	1500	2016			Quad	6.4	PK-L	126: Ram 1500 1994-2026   Club/Quad 6.4 PK-L
1826	1	OK	127	PK-L	皮卡	Ram	1500	2016			Regular	8	PK-L	127: Ram 1500 1997-2018   Regular 8 PK-L
1827	1	OK	132	PK-M+	皮卡	Ram	1500	2016			Regular	6.4	PK-M+	132: Ram 1500 2009-2018   Regular 6.4 PK-M+
1828	1	OK	133	PK-XL	皮卡	Ram	1500	2016			Crew	6.4	PK-XL	133: Ram 1500 2009-2026   Crew 6.4 PK-XL
1829	1	OK	128	PK-L	皮卡	Ram	1500	2017			Crew	5.6	PK-L	128: Ram 1500 2011-2018   Crew 5.6 PK-L
1830	1	OK	126	PK-L	皮卡	Ram	1500	2017			Quad	6.4	PK-L	126: Ram 1500 1994-2026   Club/Quad 6.4 PK-L
1831	1	OK	127	PK-L	皮卡	Ram	1500	2017			Regular	8	PK-L	127: Ram 1500 1997-2018   Regular 8 PK-L
1832	1	OK	132	PK-M+	皮卡	Ram	1500	2017			Regular	6.4	PK-M+	132: Ram 1500 2009-2018   Regular 6.4 PK-M+
1833	1	OK	133	PK-XL	皮卡	Ram	1500	2017			Crew	6.4	PK-XL	133: Ram 1500 2009-2026   Crew 6.4 PK-XL
1834	1	OK	128	PK-L	皮卡	Ram	1500	2018			Crew	5.6	PK-L	128: Ram 1500 2011-2018   Crew 5.6 PK-L
1835	1	OK	126	PK-L	皮卡	Ram	1500	2018			Quad	6.4	PK-L	126: Ram 1500 1994-2026   Club/Quad 6.4 PK-L
1836	1	OK	127	PK-L	皮卡	Ram	1500	2018			Regular	8	PK-L	127: Ram 1500 1997-2018   Regular 8 PK-L
1837	1	OK	132	PK-M+	皮卡	Ram	1500	2018			Regular	6.4	PK-M+	132: Ram 1500 2009-2018   Regular 6.4 PK-M+
1838	1	OK	133	PK-XL	皮卡	Ram	1500	2018			Crew	6.4	PK-XL	133: Ram 1500 2009-2026   Crew 6.4 PK-XL
1839	1	OK	126	PK-L	皮卡	Ram	1500	2019			Quad	6.4	PK-L	126: Ram 1500 1994-2026   Club/Quad 6.4 PK-L
1840	1	OK	129	PK-XL	皮卡	Ram	1500	2019			Crew	5.6	PK-XL	129: Ram 1500 2019-2026 Incl: RHO/TRX  Crew 5.6 PK-XL
1841	1	OK	133	PK-XL	皮卡	Ram	1500	2019			Crew	6.4	PK-XL	133: Ram 1500 2009-2026   Crew 6.4 PK-XL
1842	1	OK	126	PK-L	皮卡	Ram	1500	2020			Quad	6.4	PK-L	126: Ram 1500 1994-2026   Club/Quad 6.4 PK-L
1843	1	OK	129	PK-XL	皮卡	Ram	1500	2020			Crew	5.6	PK-XL	129: Ram 1500 2019-2026 Incl: RHO/TRX  Crew 5.6 PK-XL
1844	1	OK	133	PK-XL	皮卡	Ram	1500	2020			Crew	6.4	PK-XL	133: Ram 1500 2009-2026   Crew 6.4 PK-XL
1845	1	OK	126	PK-L	皮卡	Ram	1500	2021			Quad	6.4	PK-L	126: Ram 1500 1994-2026   Club/Quad 6.4 PK-L
1846	1	OK	129	PK-XL	皮卡	Ram	1500	2021			Crew	5.6	PK-XL	129: Ram 1500 2019-2026 Incl: RHO/TRX  Crew 5.6 PK-XL
1847	1	OK	129	PK-XL	皮卡	Ram	1500	2021	TRX		Crew	5.6	PK-XL	129: Ram 1500 2019-2026 Incl: RHO/TRX  Crew 5.6 PK-XL
1848	1	OK	133	PK-XL	皮卡	Ram	1500	2021			Crew	6.4	PK-XL	133: Ram 1500 2009-2026   Crew 6.4 PK-XL
1849	1	OK	126	PK-L	皮卡	Ram	1500	2022			Quad	6.4	PK-L	126: Ram 1500 1994-2026   Club/Quad 6.4 PK-L
1850	1	OK	129	PK-XL	皮卡	Ram	1500	2022			Crew	5.6	PK-XL	129: Ram 1500 2019-2026 Incl: RHO/TRX  Crew 5.6 PK-XL
1851	1	OK	129	PK-XL	皮卡	Ram	1500	2022	TRX		Crew	5.6	PK-XL	129: Ram 1500 2019-2026 Incl: RHO/TRX  Crew 5.6 PK-XL
1852	1	OK	133	PK-XL	皮卡	Ram	1500	2022			Crew	6.4	PK-XL	133: Ram 1500 2009-2026   Crew 6.4 PK-XL
1853	1	OK	126	PK-L	皮卡	Ram	1500	2023			Quad	6.4	PK-L	126: Ram 1500 1994-2026   Club/Quad 6.4 PK-L
1854	1	OK	129	PK-XL	皮卡	Ram	1500	2023			Crew	5.6	PK-XL	129: Ram 1500 2019-2026 Incl: RHO/TRX  Crew 5.6 PK-XL
1855	1	OK	129	PK-XL	皮卡	Ram	1500	2023	TRX		Crew	5.6	PK-XL	129: Ram 1500 2019-2026 Incl: RHO/TRX  Crew 5.6 PK-XL
1856	1	OK	133	PK-XL	皮卡	Ram	1500	2023			Crew	6.4	PK-XL	133: Ram 1500 2009-2026   Crew 6.4 PK-XL
1857	1	OK	126	PK-L	皮卡	Ram	1500	2024			Quad	6.4	PK-L	126: Ram 1500 1994-2026   Club/Quad 6.4 PK-L
1858	1	OK	129	PK-XL	皮卡	Ram	1500	2024			Crew	5.6	PK-XL	129: Ram 1500 2019-2026 Incl: RHO/TRX  Crew 5.6 PK-XL
1859	1	OK	129	PK-XL	皮卡	Ram	1500	2024	TRX		Crew	5.6	PK-XL	129: Ram 1500 2019-2026 Incl: RHO/TRX  Crew 5.6 PK-XL
1860	1	OK	133	PK-XL	皮卡	Ram	1500	2024			Crew	6.4	PK-XL	133: Ram 1500 2009-2026   Crew 6.4 PK-XL
1861	1	OK	126	PK-L	皮卡	Ram	1500	2025			Quad	6.4	PK-L	126: Ram 1500 1994-2026   Club/Quad 6.4 PK-L
1862	1	OK	129	PK-XL	皮卡	Ram	1500	2025			Crew	5.6	PK-XL	129: Ram 1500 2019-2026 Incl: RHO/TRX  Crew 5.6 PK-XL
1863	1	OK	129	PK-XL	皮卡	Ram	1500	2025	RHO		Crew	5.6	PK-XL	129: Ram 1500 2019-2026 Incl: RHO/TRX  Crew 5.6 PK-XL
1864	1	OK	133	PK-XL	皮卡	Ram	1500	2025			Crew	6.4	PK-XL	133: Ram 1500 2009-2026   Crew 6.4 PK-XL
1865	1	OK	126	PK-L	皮卡	Ram	1500	2026			Quad	6.4	PK-L	126: Ram 1500 1994-2026   Club/Quad 6.4 PK-L
1866	1	OK	129	PK-XL	皮卡	Ram	1500	2026			Crew	5.6	PK-XL	129: Ram 1500 2019-2026 Incl: RHO/TRX  Crew 5.6 PK-XL
1867	1	OK	129	PK-XL	皮卡	Ram	1500	2026	RHO		Crew	5.6	PK-XL	129: Ram 1500 2019-2026 Incl: RHO/TRX  Crew 5.6 PK-XL
1868	1	OK	133	PK-XL	皮卡	Ram	1500	2026			Crew	6.4	PK-XL	133: Ram 1500 2009-2026   Crew 6.4 PK-XL
1869	1	OK	134	PK-L	皮卡	Ram	1500 Classic	2019			Crew	5.6	PK-L	134: Ram 1500 Classic 2019-2023   Crew 5.6 PK-L
1870	1	OK	134	PK-L	皮卡	Ram	1500 Classic	2020			Crew	5.6	PK-L	134: Ram 1500 Classic 2019-2023   Crew 5.6 PK-L
1871	1	OK	134	PK-L	皮卡	Ram	1500 Classic	2021			Crew	5.6	PK-L	134: Ram 1500 Classic 2019-2023   Crew 5.6 PK-L
1872	1	OK	134	PK-L	皮卡	Ram	1500 Classic	2022			Crew	5.6	PK-L	134: Ram 1500 Classic 2019-2023   Crew 5.6 PK-L
1873	1	OK	134	PK-L	皮卡	Ram	1500 Classic	2023			Crew	5.6	PK-L	134: Ram 1500 Classic 2019-2023   Crew 5.6 PK-L
1874	1	OK	136	PK-L	皮卡	Ram	2500/3500	1994			Regular	8	PK-L	136: Ram 2500/3500 1994-2026   Regular 8 PK-L
1875	1	OK	135	PK-XL	皮卡	Ram	2500/3500	1994			Crew	6.4	PK-XL	135: Ram 2500/3500 1994-2026   Crew 6.4 PK-XL
1876	1	OK	130	PK-XXL	皮卡	Ram	2500/3500	1994			Quad	8	PK-XXL	130: Ram 2500/3500 1994-2026   Quad/Mega 6.4-8 PK-XXL
1877	1	OK	136	PK-L	皮卡	Ram	2500/3500	1995			Regular	8	PK-L	136: Ram 2500/3500 1994-2026   Regular 8 PK-L
1878	1	OK	135	PK-XL	皮卡	Ram	2500/3500	1995			Crew	6.4	PK-XL	135: Ram 2500/3500 1994-2026   Crew 6.4 PK-XL
1879	1	OK	130	PK-XXL	皮卡	Ram	2500/3500	1995			Quad	8	PK-XXL	130: Ram 2500/3500 1994-2026   Quad/Mega 6.4-8 PK-XXL
1880	1	OK	136	PK-L	皮卡	Ram	2500/3500	1996			Regular	8	PK-L	136: Ram 2500/3500 1994-2026   Regular 8 PK-L
1881	1	OK	135	PK-XL	皮卡	Ram	2500/3500	1996			Crew	6.4	PK-XL	135: Ram 2500/3500 1994-2026   Crew 6.4 PK-XL
1882	1	OK	130	PK-XXL	皮卡	Ram	2500/3500	1996			Quad	8	PK-XXL	130: Ram 2500/3500 1994-2026   Quad/Mega 6.4-8 PK-XXL
1883	1	OK	136	PK-L	皮卡	Ram	2500/3500	1997			Regular	8	PK-L	136: Ram 2500/3500 1994-2026   Regular 8 PK-L
1884	1	OK	135	PK-XL	皮卡	Ram	2500/3500	1997			Crew	6.4	PK-XL	135: Ram 2500/3500 1994-2026   Crew 6.4 PK-XL
1885	1	OK	130	PK-XXL	皮卡	Ram	2500/3500	1997			Quad	8	PK-XXL	130: Ram 2500/3500 1994-2026   Quad/Mega 6.4-8 PK-XXL
1886	1	OK	136	PK-L	皮卡	Ram	2500/3500	1998			Regular	8	PK-L	136: Ram 2500/3500 1994-2026   Regular 8 PK-L
1887	1	OK	135	PK-XL	皮卡	Ram	2500/3500	1998			Crew	6.4	PK-XL	135: Ram 2500/3500 1994-2026   Crew 6.4 PK-XL
1888	1	OK	130	PK-XXL	皮卡	Ram	2500/3500	1998			Quad	8	PK-XXL	130: Ram 2500/3500 1994-2026   Quad/Mega 6.4-8 PK-XXL
1889	1	OK	136	PK-L	皮卡	Ram	2500/3500	1999			Regular	8	PK-L	136: Ram 2500/3500 1994-2026   Regular 8 PK-L
1890	1	OK	135	PK-XL	皮卡	Ram	2500/3500	1999			Crew	6.4	PK-XL	135: Ram 2500/3500 1994-2026   Crew 6.4 PK-XL
1891	1	OK	130	PK-XXL	皮卡	Ram	2500/3500	1999			Quad	8	PK-XXL	130: Ram 2500/3500 1994-2026   Quad/Mega 6.4-8 PK-XXL
1892	1	OK	136	PK-L	皮卡	Ram	2500/3500	2000			Regular	8	PK-L	136: Ram 2500/3500 1994-2026   Regular 8 PK-L
1893	1	OK	135	PK-XL	皮卡	Ram	2500/3500	2000			Crew	6.4	PK-XL	135: Ram 2500/3500 1994-2026   Crew 6.4 PK-XL
1894	1	OK	130	PK-XXL	皮卡	Ram	2500/3500	2000			Quad	8	PK-XXL	130: Ram 2500/3500 1994-2026   Quad/Mega 6.4-8 PK-XXL
1895	1	OK	136	PK-L	皮卡	Ram	2500/3500	2001			Regular	8	PK-L	136: Ram 2500/3500 1994-2026   Regular 8 PK-L
1896	1	OK	135	PK-XL	皮卡	Ram	2500/3500	2001			Crew	6.4	PK-XL	135: Ram 2500/3500 1994-2026   Crew 6.4 PK-XL
1897	1	OK	130	PK-XXL	皮卡	Ram	2500/3500	2001			Quad	8	PK-XXL	130: Ram 2500/3500 1994-2026   Quad/Mega 6.4-8 PK-XXL
1898	1	OK	136	PK-L	皮卡	Ram	2500/3500	2002			Regular	8	PK-L	136: Ram 2500/3500 1994-2026   Regular 8 PK-L
1899	1	OK	135	PK-XL	皮卡	Ram	2500/3500	2002			Crew	6.4	PK-XL	135: Ram 2500/3500 1994-2026   Crew 6.4 PK-XL
1900	1	OK	130	PK-XXL	皮卡	Ram	2500/3500	2002			Quad	8	PK-XXL	130: Ram 2500/3500 1994-2026   Quad/Mega 6.4-8 PK-XXL
1901	1	OK	136	PK-L	皮卡	Ram	2500/3500	2003			Regular	8	PK-L	136: Ram 2500/3500 1994-2026   Regular 8 PK-L
1902	1	OK	135	PK-XL	皮卡	Ram	2500/3500	2003			Crew	6.4	PK-XL	135: Ram 2500/3500 1994-2026   Crew 6.4 PK-XL
1903	1	OK	130	PK-XXL	皮卡	Ram	2500/3500	2003			Quad	8	PK-XXL	130: Ram 2500/3500 1994-2026   Quad/Mega 6.4-8 PK-XXL
1904	1	OK	136	PK-L	皮卡	Ram	2500/3500	2004			Regular	8	PK-L	136: Ram 2500/3500 1994-2026   Regular 8 PK-L
1905	1	OK	135	PK-XL	皮卡	Ram	2500/3500	2004			Crew	6.4	PK-XL	135: Ram 2500/3500 1994-2026   Crew 6.4 PK-XL
1906	1	OK	130	PK-XXL	皮卡	Ram	2500/3500	2004			Quad	8	PK-XXL	130: Ram 2500/3500 1994-2026   Quad/Mega 6.4-8 PK-XXL
1907	1	OK	136	PK-L	皮卡	Ram	2500/3500	2005			Regular	8	PK-L	136: Ram 2500/3500 1994-2026   Regular 8 PK-L
1908	1	OK	135	PK-XL	皮卡	Ram	2500/3500	2005			Crew	6.4	PK-XL	135: Ram 2500/3500 1994-2026   Crew 6.4 PK-XL
1909	1	OK	130	PK-XXL	皮卡	Ram	2500/3500	2005			Quad	8	PK-XXL	130: Ram 2500/3500 1994-2026   Quad/Mega 6.4-8 PK-XXL
1910	1	OK	136	PK-L	皮卡	Ram	2500/3500	2006			Regular	8	PK-L	136: Ram 2500/3500 1994-2026   Regular 8 PK-L
1911	1	OK	135	PK-XL	皮卡	Ram	2500/3500	2006			Crew	6.4	PK-XL	135: Ram 2500/3500 1994-2026   Crew 6.4 PK-XL
1912	1	OK	130	PK-XXL	皮卡	Ram	2500/3500	2006			Mega	6.4	PK-XXL	130: Ram 2500/3500 1994-2026   Quad/Mega 6.4-8 PK-XXL
1913	1	OK	130	PK-XXL	皮卡	Ram	2500/3500	2006			Quad	8	PK-XXL	130: Ram 2500/3500 1994-2026   Quad/Mega 6.4-8 PK-XXL
1914	1	OK	136	PK-L	皮卡	Ram	2500/3500	2007			Regular	8	PK-L	136: Ram 2500/3500 1994-2026   Regular 8 PK-L
1915	1	OK	135	PK-XL	皮卡	Ram	2500/3500	2007			Crew	6.4	PK-XL	135: Ram 2500/3500 1994-2026   Crew 6.4 PK-XL
1916	1	OK	130	PK-XXL	皮卡	Ram	2500/3500	2007			Mega	6.4	PK-XXL	130: Ram 2500/3500 1994-2026   Quad/Mega 6.4-8 PK-XXL
1917	1	OK	130	PK-XXL	皮卡	Ram	2500/3500	2007			Quad	8	PK-XXL	130: Ram 2500/3500 1994-2026   Quad/Mega 6.4-8 PK-XXL
1918	1	OK	136	PK-L	皮卡	Ram	2500/3500	2008			Regular	8	PK-L	136: Ram 2500/3500 1994-2026   Regular 8 PK-L
1919	1	OK	135	PK-XL	皮卡	Ram	2500/3500	2008			Crew	6.4	PK-XL	135: Ram 2500/3500 1994-2026   Crew 6.4 PK-XL
1920	1	OK	130	PK-XXL	皮卡	Ram	2500/3500	2008			Mega	6.4	PK-XXL	130: Ram 2500/3500 1994-2026   Quad/Mega 6.4-8 PK-XXL
1921	1	OK	130	PK-XXL	皮卡	Ram	2500/3500	2008			Quad	8	PK-XXL	130: Ram 2500/3500 1994-2026   Quad/Mega 6.4-8 PK-XXL
1922	1	OK	136	PK-L	皮卡	Ram	2500/3500	2009			Regular	8	PK-L	136: Ram 2500/3500 1994-2026   Regular 8 PK-L
1923	1	OK	135	PK-XL	皮卡	Ram	2500/3500	2009			Crew	6.4	PK-XL	135: Ram 2500/3500 1994-2026   Crew 6.4 PK-XL
1924	1	OK	130	PK-XXL	皮卡	Ram	2500/3500	2009			Mega	6.4	PK-XXL	130: Ram 2500/3500 1994-2026   Quad/Mega 6.4-8 PK-XXL
1925	1	OK	130	PK-XXL	皮卡	Ram	2500/3500	2009			Quad	8	PK-XXL	130: Ram 2500/3500 1994-2026   Quad/Mega 6.4-8 PK-XXL
1926	1	OK	136	PK-L	皮卡	Ram	2500/3500	2010			Regular	8	PK-L	136: Ram 2500/3500 1994-2026   Regular 8 PK-L
1927	1	OK	135	PK-XL	皮卡	Ram	2500/3500	2010			Crew	6.4	PK-XL	135: Ram 2500/3500 1994-2026   Crew 6.4 PK-XL
1928	1	OK	130	PK-XXL	皮卡	Ram	2500/3500	2010			Mega	6.4	PK-XXL	130: Ram 2500/3500 1994-2026   Quad/Mega 6.4-8 PK-XXL
1929	1	OK	137	PK-XXXL	皮卡	Ram	2500/3500	2010			Crew	8	PK-XXXL	137: Ram 2500/3500 2010-2026   Crew 8 PK-XXXL
1930	1	OK	136	PK-L	皮卡	Ram	2500/3500	2011			Regular	8	PK-L	136: Ram 2500/3500 1994-2026   Regular 8 PK-L
1931	1	OK	135	PK-XL	皮卡	Ram	2500/3500	2011			Crew	6.4	PK-XL	135: Ram 2500/3500 1994-2026   Crew 6.4 PK-XL
1932	1	OK	130	PK-XXL	皮卡	Ram	2500/3500	2011			Mega	6.4	PK-XXL	130: Ram 2500/3500 1994-2026   Quad/Mega 6.4-8 PK-XXL
1933	1	OK	137	PK-XXXL	皮卡	Ram	2500/3500	2011			Crew	8	PK-XXXL	137: Ram 2500/3500 2010-2026   Crew 8 PK-XXXL
1934	1	OK	136	PK-L	皮卡	Ram	2500/3500	2012			Regular	8	PK-L	136: Ram 2500/3500 1994-2026   Regular 8 PK-L
1935	1	OK	135	PK-XL	皮卡	Ram	2500/3500	2012			Crew	6.4	PK-XL	135: Ram 2500/3500 1994-2026   Crew 6.4 PK-XL
1936	1	OK	130	PK-XXL	皮卡	Ram	2500/3500	2012			Mega	6.4	PK-XXL	130: Ram 2500/3500 1994-2026   Quad/Mega 6.4-8 PK-XXL
1937	1	OK	137	PK-XXXL	皮卡	Ram	2500/3500	2012			Crew	8	PK-XXXL	137: Ram 2500/3500 2010-2026   Crew 8 PK-XXXL
1938	1	OK	136	PK-L	皮卡	Ram	2500/3500	2013			Regular	8	PK-L	136: Ram 2500/3500 1994-2026   Regular 8 PK-L
1939	1	OK	135	PK-XL	皮卡	Ram	2500/3500	2013			Crew	6.4	PK-XL	135: Ram 2500/3500 1994-2026   Crew 6.4 PK-XL
1940	1	OK	130	PK-XXL	皮卡	Ram	2500/3500	2013			Mega	6.4	PK-XXL	130: Ram 2500/3500 1994-2026   Quad/Mega 6.4-8 PK-XXL
1941	1	OK	137	PK-XXXL	皮卡	Ram	2500/3500	2013			Crew	8	PK-XXXL	137: Ram 2500/3500 2010-2026   Crew 8 PK-XXXL
1942	1	OK	136	PK-L	皮卡	Ram	2500/3500	2014			Regular	8	PK-L	136: Ram 2500/3500 1994-2026   Regular 8 PK-L
1943	1	OK	135	PK-XL	皮卡	Ram	2500/3500	2014			Crew	6.4	PK-XL	135: Ram 2500/3500 1994-2026   Crew 6.4 PK-XL
1944	1	OK	130	PK-XXL	皮卡	Ram	2500/3500	2014			Mega	6.4	PK-XXL	130: Ram 2500/3500 1994-2026   Quad/Mega 6.4-8 PK-XXL
1945	1	OK	137	PK-XXXL	皮卡	Ram	2500/3500	2014			Crew	8	PK-XXXL	137: Ram 2500/3500 2010-2026   Crew 8 PK-XXXL
1946	1	OK	136	PK-L	皮卡	Ram	2500/3500	2015			Regular	8	PK-L	136: Ram 2500/3500 1994-2026   Regular 8 PK-L
1947	1	OK	135	PK-XL	皮卡	Ram	2500/3500	2015			Crew	6.4	PK-XL	135: Ram 2500/3500 1994-2026   Crew 6.4 PK-XL
1948	1	OK	130	PK-XXL	皮卡	Ram	2500/3500	2015			Mega	6.4	PK-XXL	130: Ram 2500/3500 1994-2026   Quad/Mega 6.4-8 PK-XXL
1949	1	OK	137	PK-XXXL	皮卡	Ram	2500/3500	2015			Crew	8	PK-XXXL	137: Ram 2500/3500 2010-2026   Crew 8 PK-XXXL
1950	1	OK	136	PK-L	皮卡	Ram	2500/3500	2016			Regular	8	PK-L	136: Ram 2500/3500 1994-2026   Regular 8 PK-L
1951	1	OK	135	PK-XL	皮卡	Ram	2500/3500	2016			Crew	6.4	PK-XL	135: Ram 2500/3500 1994-2026   Crew 6.4 PK-XL
1952	1	OK	130	PK-XXL	皮卡	Ram	2500/3500	2016			Mega	6.4	PK-XXL	130: Ram 2500/3500 1994-2026   Quad/Mega 6.4-8 PK-XXL
1953	1	OK	137	PK-XXXL	皮卡	Ram	2500/3500	2016			Crew	8	PK-XXXL	137: Ram 2500/3500 2010-2026   Crew 8 PK-XXXL
1954	1	OK	136	PK-L	皮卡	Ram	2500/3500	2017			Regular	8	PK-L	136: Ram 2500/3500 1994-2026   Regular 8 PK-L
1955	1	OK	135	PK-XL	皮卡	Ram	2500/3500	2017			Crew	6.4	PK-XL	135: Ram 2500/3500 1994-2026   Crew 6.4 PK-XL
1956	1	OK	130	PK-XXL	皮卡	Ram	2500/3500	2017			Mega	6.4	PK-XXL	130: Ram 2500/3500 1994-2026   Quad/Mega 6.4-8 PK-XXL
1957	1	OK	137	PK-XXXL	皮卡	Ram	2500/3500	2017			Crew	8	PK-XXXL	137: Ram 2500/3500 2010-2026   Crew 8 PK-XXXL
1958	1	OK	136	PK-L	皮卡	Ram	2500/3500	2018			Regular	8	PK-L	136: Ram 2500/3500 1994-2026   Regular 8 PK-L
1959	1	OK	135	PK-XL	皮卡	Ram	2500/3500	2018			Crew	6.4	PK-XL	135: Ram 2500/3500 1994-2026   Crew 6.4 PK-XL
1960	1	OK	130	PK-XXL	皮卡	Ram	2500/3500	2018			Mega	6.4	PK-XXL	130: Ram 2500/3500 1994-2026   Quad/Mega 6.4-8 PK-XXL
1961	1	OK	137	PK-XXXL	皮卡	Ram	2500/3500	2018			Crew	8	PK-XXXL	137: Ram 2500/3500 2010-2026   Crew 8 PK-XXXL
1962	1	OK	136	PK-L	皮卡	Ram	2500/3500	2019			Regular	8	PK-L	136: Ram 2500/3500 1994-2026   Regular 8 PK-L
1963	1	OK	135	PK-XL	皮卡	Ram	2500/3500	2019			Crew	6.4	PK-XL	135: Ram 2500/3500 1994-2026   Crew 6.4 PK-XL
1964	1	OK	130	PK-XXL	皮卡	Ram	2500/3500	2019			Mega	6.4	PK-XXL	130: Ram 2500/3500 1994-2026   Quad/Mega 6.4-8 PK-XXL
1965	1	OK	137	PK-XXXL	皮卡	Ram	2500/3500	2019			Crew	8	PK-XXXL	137: Ram 2500/3500 2010-2026   Crew 8 PK-XXXL
1966	1	OK	136	PK-L	皮卡	Ram	2500/3500	2020			Regular	8	PK-L	136: Ram 2500/3500 1994-2026   Regular 8 PK-L
1967	1	OK	135	PK-XL	皮卡	Ram	2500/3500	2020			Crew	6.4	PK-XL	135: Ram 2500/3500 1994-2026   Crew 6.4 PK-XL
1968	1	OK	130	PK-XXL	皮卡	Ram	2500/3500	2020			Mega	6.4	PK-XXL	130: Ram 2500/3500 1994-2026   Quad/Mega 6.4-8 PK-XXL
1969	1	OK	137	PK-XXXL	皮卡	Ram	2500/3500	2020			Crew	8	PK-XXXL	137: Ram 2500/3500 2010-2026   Crew 8 PK-XXXL
1970	1	OK	136	PK-L	皮卡	Ram	2500/3500	2021			Regular	8	PK-L	136: Ram 2500/3500 1994-2026   Regular 8 PK-L
1971	1	OK	135	PK-XL	皮卡	Ram	2500/3500	2021			Crew	6.4	PK-XL	135: Ram 2500/3500 1994-2026   Crew 6.4 PK-XL
1972	1	OK	130	PK-XXL	皮卡	Ram	2500/3500	2021			Mega	6.4	PK-XXL	130: Ram 2500/3500 1994-2026   Quad/Mega 6.4-8 PK-XXL
1973	1	OK	137	PK-XXXL	皮卡	Ram	2500/3500	2021			Crew	8	PK-XXXL	137: Ram 2500/3500 2010-2026   Crew 8 PK-XXXL
1974	1	OK	136	PK-L	皮卡	Ram	2500/3500	2022			Regular	8	PK-L	136: Ram 2500/3500 1994-2026   Regular 8 PK-L
1975	1	OK	135	PK-XL	皮卡	Ram	2500/3500	2022			Crew	6.4	PK-XL	135: Ram 2500/3500 1994-2026   Crew 6.4 PK-XL
1976	1	OK	130	PK-XXL	皮卡	Ram	2500/3500	2022			Mega	6.4	PK-XXL	130: Ram 2500/3500 1994-2026   Quad/Mega 6.4-8 PK-XXL
1977	1	OK	137	PK-XXXL	皮卡	Ram	2500/3500	2022			Crew	8	PK-XXXL	137: Ram 2500/3500 2010-2026   Crew 8 PK-XXXL
1978	1	OK	136	PK-L	皮卡	Ram	2500/3500	2023			Regular	8	PK-L	136: Ram 2500/3500 1994-2026   Regular 8 PK-L
1979	1	OK	135	PK-XL	皮卡	Ram	2500/3500	2023			Crew	6.4	PK-XL	135: Ram 2500/3500 1994-2026   Crew 6.4 PK-XL
1980	1	OK	130	PK-XXL	皮卡	Ram	2500/3500	2023			Mega	6.4	PK-XXL	130: Ram 2500/3500 1994-2026   Quad/Mega 6.4-8 PK-XXL
1981	1	OK	137	PK-XXXL	皮卡	Ram	2500/3500	2023			Crew	8	PK-XXXL	137: Ram 2500/3500 2010-2026   Crew 8 PK-XXXL
1982	1	OK	136	PK-L	皮卡	Ram	2500/3500	2024			Regular	8	PK-L	136: Ram 2500/3500 1994-2026   Regular 8 PK-L
1983	1	OK	135	PK-XL	皮卡	Ram	2500/3500	2024			Crew	6.4	PK-XL	135: Ram 2500/3500 1994-2026   Crew 6.4 PK-XL
1984	1	OK	130	PK-XXL	皮卡	Ram	2500/3500	2024			Mega	6.4	PK-XXL	130: Ram 2500/3500 1994-2026   Quad/Mega 6.4-8 PK-XXL
1985	1	OK	137	PK-XXXL	皮卡	Ram	2500/3500	2024			Crew	8	PK-XXXL	137: Ram 2500/3500 2010-2026   Crew 8 PK-XXXL
1986	1	OK	136	PK-L	皮卡	Ram	2500/3500	2025			Regular	8	PK-L	136: Ram 2500/3500 1994-2026   Regular 8 PK-L
1987	1	OK	135	PK-XL	皮卡	Ram	2500/3500	2025			Crew	6.4	PK-XL	135: Ram 2500/3500 1994-2026   Crew 6.4 PK-XL
1988	1	OK	130	PK-XXL	皮卡	Ram	2500/3500	2025			Mega	6.4	PK-XXL	130: Ram 2500/3500 1994-2026   Quad/Mega 6.4-8 PK-XXL
1989	1	OK	137	PK-XXXL	皮卡	Ram	2500/3500	2025			Crew	8	PK-XXXL	137: Ram 2500/3500 2010-2026   Crew 8 PK-XXXL
1990	1	OK	136	PK-L	皮卡	Ram	2500/3500	2026			Regular	8	PK-L	136: Ram 2500/3500 1994-2026   Regular 8 PK-L
1991	1	OK	135	PK-XL	皮卡	Ram	2500/3500	2026			Crew	6.4	PK-XL	135: Ram 2500/3500 1994-2026   Crew 6.4 PK-XL
1992	1	OK	130	PK-XXL	皮卡	Ram	2500/3500	2026			Mega	6.4	PK-XXL	130: Ram 2500/3500 1994-2026   Quad/Mega 6.4-8 PK-XXL
1993	1	OK	137	PK-XXXL	皮卡	Ram	2500/3500	2026			Crew	8	PK-XXXL	137: Ram 2500/3500 2010-2026   Crew 8 PK-XXXL
1994	1	OK	138	PK-M+	皮卡	Rivian	R1T	2022	Dual/Quad/Adventure		Crew	4.5	PK-M+	138: Rivian R1T 2022-2026 Incl: Adventure/Dual/Quad  Crew 4.5 PK-M+
1995	1	OK	138	PK-M+	皮卡	Rivian	R1T	2023	Dual/Quad/Adventure		Crew	4.5	PK-M+	138: Rivian R1T 2022-2026 Incl: Adventure/Dual/Quad  Crew 4.5 PK-M+
1996	1	OK	138	PK-M+	皮卡	Rivian	R1T	2024	Dual/Quad/Adventure		Crew	4.5	PK-M+	138: Rivian R1T 2022-2026 Incl: Adventure/Dual/Quad  Crew 4.5 PK-M+
1997	1	OK	138	PK-M+	皮卡	Rivian	R1T	2025			Crew	4.5	PK-M+	138: Rivian R1T 2022-2026 Incl: Adventure/Dual/Quad  Crew 4.5 PK-M+
1998	1	OK	138	PK-M+	皮卡	Rivian	R1T	2026			Crew	4.5	PK-M+	138: Rivian R1T 2022-2026 Incl: Adventure/Dual/Quad  Crew 4.5 PK-M+
1999	1	OK	139	数据不全	皮卡	Toyota	Land Cruiser	1955	20 Series Pickup		Regular		数据不全	139: Toyota Land Cruiser 1955-1986 20 Series Pickup/40 Series Pickup  Regular  数据不全
2000	1	OK	139	数据不全	皮卡	Toyota	Land Cruiser	1956	20 Series Pickup		Regular		数据不全	139: Toyota Land Cruiser 1955-1986 20 Series Pickup/40 Series Pickup  Regular  数据不全
2001	1	OK	139	数据不全	皮卡	Toyota	Land Cruiser	1957	20 Series Pickup		Regular		数据不全	139: Toyota Land Cruiser 1955-1986 20 Series Pickup/40 Series Pickup  Regular  数据不全
2002	1	OK	148	数据不全	皮卡	Toyota	Land Cruiser	1958	20/40 Series Pickup				数据不全	148: Toyota Land Cruiser 1958-1980 20/40 Series Pickup    数据不全
2003	1	OK	139	数据不全	皮卡	Toyota	Land Cruiser	1958	20 Series Pickup		Regular		数据不全	139: Toyota Land Cruiser 1955-1986 20 Series Pickup/40 Series Pickup  Regular  数据不全
2004	1	OK	148	数据不全	皮卡	Toyota	Land Cruiser	1959	20/40 Series Pickup				数据不全	148: Toyota Land Cruiser 1958-1980 20/40 Series Pickup    数据不全
2005	1	OK	139	数据不全	皮卡	Toyota	Land Cruiser	1959	20 Series Pickup		Regular		数据不全	139: Toyota Land Cruiser 1955-1986 20 Series Pickup/40 Series Pickup  Regular  数据不全
2006	1	OK	148	数据不全	皮卡	Toyota	Land Cruiser	1960	20/40 Series Pickup				数据不全	148: Toyota Land Cruiser 1958-1980 20/40 Series Pickup    数据不全
2007	1	OK	139	数据不全	皮卡	Toyota	Land Cruiser	1960	40 Series Pickup		Regular		数据不全	139: Toyota Land Cruiser 1955-1986 20 Series Pickup/40 Series Pickup  Regular  数据不全
2008	1	OK	148	数据不全	皮卡	Toyota	Land Cruiser	1961	20/40 Series Pickup				数据不全	148: Toyota Land Cruiser 1958-1980 20/40 Series Pickup    数据不全
2009	1	OK	139	数据不全	皮卡	Toyota	Land Cruiser	1961	40 Series Pickup		Regular		数据不全	139: Toyota Land Cruiser 1955-1986 20 Series Pickup/40 Series Pickup  Regular  数据不全
2010	1	OK	148	数据不全	皮卡	Toyota	Land Cruiser	1962	20/40 Series Pickup				数据不全	148: Toyota Land Cruiser 1958-1980 20/40 Series Pickup    数据不全
2011	1	OK	139	数据不全	皮卡	Toyota	Land Cruiser	1962	40 Series Pickup		Regular		数据不全	139: Toyota Land Cruiser 1955-1986 20 Series Pickup/40 Series Pickup  Regular  数据不全
2012	1	OK	148	数据不全	皮卡	Toyota	Land Cruiser	1963	20/40 Series Pickup				数据不全	148: Toyota Land Cruiser 1958-1980 20/40 Series Pickup    数据不全
2013	1	OK	139	数据不全	皮卡	Toyota	Land Cruiser	1963	40 Series Pickup		Regular		数据不全	139: Toyota Land Cruiser 1955-1986 20 Series Pickup/40 Series Pickup  Regular  数据不全
2014	1	OK	148	数据不全	皮卡	Toyota	Land Cruiser	1964	20/40 Series Pickup				数据不全	148: Toyota Land Cruiser 1958-1980 20/40 Series Pickup    数据不全
2015	1	OK	139	数据不全	皮卡	Toyota	Land Cruiser	1964	40 Series Pickup		Regular		数据不全	139: Toyota Land Cruiser 1955-1986 20 Series Pickup/40 Series Pickup  Regular  数据不全
2016	1	OK	148	数据不全	皮卡	Toyota	Land Cruiser	1965	20/40 Series Pickup				数据不全	148: Toyota Land Cruiser 1958-1980 20/40 Series Pickup    数据不全
2017	1	OK	139	数据不全	皮卡	Toyota	Land Cruiser	1965	40 Series Pickup		Regular		数据不全	139: Toyota Land Cruiser 1955-1986 20 Series Pickup/40 Series Pickup  Regular  数据不全
2018	1	OK	148	数据不全	皮卡	Toyota	Land Cruiser	1966	20/40 Series Pickup				数据不全	148: Toyota Land Cruiser 1958-1980 20/40 Series Pickup    数据不全
2019	1	OK	139	数据不全	皮卡	Toyota	Land Cruiser	1966	40 Series Pickup		Regular		数据不全	139: Toyota Land Cruiser 1955-1986 20 Series Pickup/40 Series Pickup  Regular  数据不全
2020	1	OK	148	数据不全	皮卡	Toyota	Land Cruiser	1967	20/40 Series Pickup				数据不全	148: Toyota Land Cruiser 1958-1980 20/40 Series Pickup    数据不全
2021	1	OK	139	数据不全	皮卡	Toyota	Land Cruiser	1967	40 Series Pickup		Regular		数据不全	139: Toyota Land Cruiser 1955-1986 20 Series Pickup/40 Series Pickup  Regular  数据不全
2022	1	OK	148	数据不全	皮卡	Toyota	Land Cruiser	1968	20/40 Series Pickup				数据不全	148: Toyota Land Cruiser 1958-1980 20/40 Series Pickup    数据不全
2023	1	OK	139	数据不全	皮卡	Toyota	Land Cruiser	1968	40 Series Pickup		Regular		数据不全	139: Toyota Land Cruiser 1955-1986 20 Series Pickup/40 Series Pickup  Regular  数据不全
2024	1	OK	148	数据不全	皮卡	Toyota	Land Cruiser	1969	20/40 Series Pickup				数据不全	148: Toyota Land Cruiser 1958-1980 20/40 Series Pickup    数据不全
2025	1	OK	139	数据不全	皮卡	Toyota	Land Cruiser	1969	40 Series Pickup		Regular		数据不全	139: Toyota Land Cruiser 1955-1986 20 Series Pickup/40 Series Pickup  Regular  数据不全
2026	1	OK	148	数据不全	皮卡	Toyota	Land Cruiser	1970	20/40 Series Pickup				数据不全	148: Toyota Land Cruiser 1958-1980 20/40 Series Pickup    数据不全
2027	1	OK	139	数据不全	皮卡	Toyota	Land Cruiser	1970	40 Series Pickup		Regular		数据不全	139: Toyota Land Cruiser 1955-1986 20 Series Pickup/40 Series Pickup  Regular  数据不全
2028	1	OK	148	数据不全	皮卡	Toyota	Land Cruiser	1971	20/40 Series Pickup				数据不全	148: Toyota Land Cruiser 1958-1980 20/40 Series Pickup    数据不全
2029	1	OK	139	数据不全	皮卡	Toyota	Land Cruiser	1971	40 Series Pickup		Regular		数据不全	139: Toyota Land Cruiser 1955-1986 20 Series Pickup/40 Series Pickup  Regular  数据不全
2030	1	OK	148	数据不全	皮卡	Toyota	Land Cruiser	1972	20/40 Series Pickup				数据不全	148: Toyota Land Cruiser 1958-1980 20/40 Series Pickup    数据不全
2031	1	OK	139	数据不全	皮卡	Toyota	Land Cruiser	1972	40 Series Pickup		Regular		数据不全	139: Toyota Land Cruiser 1955-1986 20 Series Pickup/40 Series Pickup  Regular  数据不全
2032	1	OK	148	数据不全	皮卡	Toyota	Land Cruiser	1973	20/40 Series Pickup				数据不全	148: Toyota Land Cruiser 1958-1980 20/40 Series Pickup    数据不全
2033	1	OK	139	数据不全	皮卡	Toyota	Land Cruiser	1973	40 Series Pickup		Regular		数据不全	139: Toyota Land Cruiser 1955-1986 20 Series Pickup/40 Series Pickup  Regular  数据不全
2034	1	OK	148	数据不全	皮卡	Toyota	Land Cruiser	1974	20/40 Series Pickup				数据不全	148: Toyota Land Cruiser 1958-1980 20/40 Series Pickup    数据不全
2035	1	OK	139	数据不全	皮卡	Toyota	Land Cruiser	1974	40 Series Pickup		Regular		数据不全	139: Toyota Land Cruiser 1955-1986 20 Series Pickup/40 Series Pickup  Regular  数据不全
2036	1	OK	148	数据不全	皮卡	Toyota	Land Cruiser	1975	20/40 Series Pickup				数据不全	148: Toyota Land Cruiser 1958-1980 20/40 Series Pickup    数据不全
2037	1	OK	139	数据不全	皮卡	Toyota	Land Cruiser	1975	40 Series Pickup		Regular		数据不全	139: Toyota Land Cruiser 1955-1986 20 Series Pickup/40 Series Pickup  Regular  数据不全
2038	1	OK	148	数据不全	皮卡	Toyota	Land Cruiser	1976	20/40 Series Pickup				数据不全	148: Toyota Land Cruiser 1958-1980 20/40 Series Pickup    数据不全
2039	1	OK	139	数据不全	皮卡	Toyota	Land Cruiser	1976	40 Series Pickup		Regular		数据不全	139: Toyota Land Cruiser 1955-1986 20 Series Pickup/40 Series Pickup  Regular  数据不全
2040	1	OK	148	数据不全	皮卡	Toyota	Land Cruiser	1977	20/40 Series Pickup				数据不全	148: Toyota Land Cruiser 1958-1980 20/40 Series Pickup    数据不全
2041	1	OK	139	数据不全	皮卡	Toyota	Land Cruiser	1977	40 Series Pickup		Regular		数据不全	139: Toyota Land Cruiser 1955-1986 20 Series Pickup/40 Series Pickup  Regular  数据不全
2042	1	OK	148	数据不全	皮卡	Toyota	Land Cruiser	1978	20/40 Series Pickup				数据不全	148: Toyota Land Cruiser 1958-1980 20/40 Series Pickup    数据不全
2043	1	OK	139	数据不全	皮卡	Toyota	Land Cruiser	1978	40 Series Pickup		Regular		数据不全	139: Toyota Land Cruiser 1955-1986 20 Series Pickup/40 Series Pickup  Regular  数据不全
2044	1	OK	148	数据不全	皮卡	Toyota	Land Cruiser	1979	20/40 Series Pickup				数据不全	148: Toyota Land Cruiser 1958-1980 20/40 Series Pickup    数据不全
2045	1	OK	139	数据不全	皮卡	Toyota	Land Cruiser	1979	40 Series Pickup		Regular		数据不全	139: Toyota Land Cruiser 1955-1986 20 Series Pickup/40 Series Pickup  Regular  数据不全
2046	1	OK	148	数据不全	皮卡	Toyota	Land Cruiser	1980	20/40 Series Pickup				数据不全	148: Toyota Land Cruiser 1958-1980 20/40 Series Pickup    数据不全
2047	1	OK	139	数据不全	皮卡	Toyota	Land Cruiser	1980	40 Series Pickup		Regular		数据不全	139: Toyota Land Cruiser 1955-1986 20 Series Pickup/40 Series Pickup  Regular  数据不全
2048	1	OK	139	数据不全	皮卡	Toyota	Land Cruiser	1981	40 Series Pickup		Regular		数据不全	139: Toyota Land Cruiser 1955-1986 20 Series Pickup/40 Series Pickup  Regular  数据不全
2049	1	OK	139	数据不全	皮卡	Toyota	Land Cruiser	1982	40 Series Pickup		Regular		数据不全	139: Toyota Land Cruiser 1955-1986 20 Series Pickup/40 Series Pickup  Regular  数据不全
2050	1	OK	139	数据不全	皮卡	Toyota	Land Cruiser	1983	40 Series Pickup		Regular		数据不全	139: Toyota Land Cruiser 1955-1986 20 Series Pickup/40 Series Pickup  Regular  数据不全
2051	1	OK	139	数据不全	皮卡	Toyota	Land Cruiser	1984	40 Series Pickup		Regular		数据不全	139: Toyota Land Cruiser 1955-1986 20 Series Pickup/40 Series Pickup  Regular  数据不全
2052	1	OK	139	数据不全	皮卡	Toyota	Land Cruiser	1985	40 Series Pickup		Regular		数据不全	139: Toyota Land Cruiser 1955-1986 20 Series Pickup/40 Series Pickup  Regular  数据不全
2053	1	OK	139	数据不全	皮卡	Toyota	Land Cruiser	1986	40 Series Pickup		Regular		数据不全	139: Toyota Land Cruiser 1955-1986 20 Series Pickup/40 Series Pickup  Regular  数据不全
2054	1	OK	140	PK-M	皮卡	Toyota	Tacoma	1995			XtraCab	6	PK-M	140: Toyota Tacoma 1995-2013   XtraCab/Access 6 PK-M
2055	1	OK	149	无可用尺码	皮卡	Toyota	Tacoma	1995			Regular	6	无可用尺码	149: Toyota Tacoma 1995-2004   Regular 6 无可用尺码
2056	1	OK	140	PK-M	皮卡	Toyota	Tacoma	1996			XtraCab	6	PK-M	140: Toyota Tacoma 1995-2013   XtraCab/Access 6 PK-M
2057	1	OK	149	无可用尺码	皮卡	Toyota	Tacoma	1996			Regular	6	无可用尺码	149: Toyota Tacoma 1995-2004   Regular 6 无可用尺码
2058	1	OK	140	PK-M	皮卡	Toyota	Tacoma	1997			XtraCab	6	PK-M	140: Toyota Tacoma 1995-2013   XtraCab/Access 6 PK-M
2059	1	OK	149	无可用尺码	皮卡	Toyota	Tacoma	1997			Regular	6	无可用尺码	149: Toyota Tacoma 1995-2004   Regular 6 无可用尺码
2060	1	OK	140	PK-M	皮卡	Toyota	Tacoma	1998			XtraCab	6	PK-M	140: Toyota Tacoma 1995-2013   XtraCab/Access 6 PK-M
2061	1	OK	149	无可用尺码	皮卡	Toyota	Tacoma	1998			Regular	6	无可用尺码	149: Toyota Tacoma 1995-2004   Regular 6 无可用尺码
2062	1	OK	140	PK-M	皮卡	Toyota	Tacoma	1999			XtraCab	6	PK-M	140: Toyota Tacoma 1995-2013   XtraCab/Access 6 PK-M
2063	1	OK	149	无可用尺码	皮卡	Toyota	Tacoma	1999			Regular	6	无可用尺码	149: Toyota Tacoma 1995-2004   Regular 6 无可用尺码
2064	1	OK	140	PK-M	皮卡	Toyota	Tacoma	2000			XtraCab	6	PK-M	140: Toyota Tacoma 1995-2013   XtraCab/Access 6 PK-M
2065	1	OK	149	无可用尺码	皮卡	Toyota	Tacoma	2000			Regular	6	无可用尺码	149: Toyota Tacoma 1995-2004   Regular 6 无可用尺码
2066	1	OK	140	PK-M	皮卡	Toyota	Tacoma	2001			XtraCab	6	PK-M	140: Toyota Tacoma 1995-2013   XtraCab/Access 6 PK-M
2067	1	OK	149	无可用尺码	皮卡	Toyota	Tacoma	2001			Regular	6	无可用尺码	149: Toyota Tacoma 1995-2004   Regular 6 无可用尺码
2068	1	OK	140	PK-M	皮卡	Toyota	Tacoma	2002			XtraCab	6	PK-M	140: Toyota Tacoma 1995-2013   XtraCab/Access 6 PK-M
2069	1	OK	149	无可用尺码	皮卡	Toyota	Tacoma	2002			Regular	6	无可用尺码	149: Toyota Tacoma 1995-2004   Regular 6 无可用尺码
2070	1	OK	141	PK-M	皮卡	Toyota	Tacoma	2003			Double	5	PK-M	141: Toyota Tacoma 2003-2015   Double 5 PK-M
2071	1	OK	140	PK-M	皮卡	Toyota	Tacoma	2003			XtraCab	6	PK-M	140: Toyota Tacoma 1995-2013   XtraCab/Access 6 PK-M
2072	1	OK	149	无可用尺码	皮卡	Toyota	Tacoma	2003			Regular	6	无可用尺码	149: Toyota Tacoma 1995-2004   Regular 6 无可用尺码
2073	1	OK	141	PK-M	皮卡	Toyota	Tacoma	2004			Double	5	PK-M	141: Toyota Tacoma 2003-2015   Double 5 PK-M
2074	1	OK	140	PK-M	皮卡	Toyota	Tacoma	2004			XtraCab	6	PK-M	140: Toyota Tacoma 1995-2013   XtraCab/Access 6 PK-M
2075	1	OK	149	无可用尺码	皮卡	Toyota	Tacoma	2004			Regular	6	无可用尺码	149: Toyota Tacoma 1995-2004   Regular 6 无可用尺码
2076	1	OK	140	PK-M	皮卡	Toyota	Tacoma	2005			Access	6	PK-M	140: Toyota Tacoma 1995-2013   XtraCab/Access 6 PK-M
2077	1	OK	141	PK-M	皮卡	Toyota	Tacoma	2005			Double	5	PK-M	141: Toyota Tacoma 2003-2015   Double 5 PK-M
2078	1	OK	150	PK-M+	皮卡	Toyota	Tacoma	2005			Double	6	PK-M+	150: Toyota Tacoma 2005-2015   Double 6 PK-M+
2079	1	OK	140	PK-M	皮卡	Toyota	Tacoma	2006			Access	6	PK-M	140: Toyota Tacoma 1995-2013   XtraCab/Access 6 PK-M
2080	1	OK	141	PK-M	皮卡	Toyota	Tacoma	2006			Double	5	PK-M	141: Toyota Tacoma 2003-2015   Double 5 PK-M
2081	1	OK	150	PK-M+	皮卡	Toyota	Tacoma	2006			Double	6	PK-M+	150: Toyota Tacoma 2005-2015   Double 6 PK-M+
2082	1	OK	140	PK-M	皮卡	Toyota	Tacoma	2007			Access	6	PK-M	140: Toyota Tacoma 1995-2013   XtraCab/Access 6 PK-M
2083	1	OK	150	PK-M+	皮卡	Toyota	Tacoma	2007			Double	6	PK-M+	150: Toyota Tacoma 2005-2015   Double 6 PK-M+
2084	1	OK	140	PK-M	皮卡	Toyota	Tacoma	2008			Access	6	PK-M	140: Toyota Tacoma 1995-2013   XtraCab/Access 6 PK-M
2085	1	OK	150	PK-M+	皮卡	Toyota	Tacoma	2008			Double	6	PK-M+	150: Toyota Tacoma 2005-2015   Double 6 PK-M+
2086	1	OK	140	PK-M	皮卡	Toyota	Tacoma	2009			Access	6	PK-M	140: Toyota Tacoma 1995-2013   XtraCab/Access 6 PK-M
2087	1	OK	150	PK-M+	皮卡	Toyota	Tacoma	2009			Double	6	PK-M+	150: Toyota Tacoma 2005-2015   Double 6 PK-M+
2088	1	OK	140	PK-M	皮卡	Toyota	Tacoma	2010			Access	6	PK-M	140: Toyota Tacoma 1995-2013   XtraCab/Access 6 PK-M
2089	1	OK	150	PK-M+	皮卡	Toyota	Tacoma	2010			Double	6	PK-M+	150: Toyota Tacoma 2005-2015   Double 6 PK-M+
2090	1	OK	140	PK-M	皮卡	Toyota	Tacoma	2011			Access	6	PK-M	140: Toyota Tacoma 1995-2013   XtraCab/Access 6 PK-M
2091	1	OK	150	PK-M+	皮卡	Toyota	Tacoma	2011			Double	6	PK-M+	150: Toyota Tacoma 2005-2015   Double 6 PK-M+
2092	1	OK	140	PK-M	皮卡	Toyota	Tacoma	2012			Access	6	PK-M	140: Toyota Tacoma 1995-2013   XtraCab/Access 6 PK-M
2093	1	OK	150	PK-M+	皮卡	Toyota	Tacoma	2012			Double	6	PK-M+	150: Toyota Tacoma 2005-2015   Double 6 PK-M+
2094	1	OK	140	PK-M	皮卡	Toyota	Tacoma	2013			Access	6	PK-M	140: Toyota Tacoma 1995-2013   XtraCab/Access 6 PK-M
2095	1	OK	150	PK-M+	皮卡	Toyota	Tacoma	2013			Double	6	PK-M+	150: Toyota Tacoma 2005-2015   Double 6 PK-M+
2096	1	OK	141	PK-M	皮卡	Toyota	Tacoma	2014			Double	5	PK-M	141: Toyota Tacoma 2003-2015   Double 5 PK-M
2097	1	OK	150	PK-M+	皮卡	Toyota	Tacoma	2014			Double	6	PK-M+	150: Toyota Tacoma 2005-2015   Double 6 PK-M+
2098	1	OK	141	PK-M	皮卡	Toyota	Tacoma	2015			Double	5	PK-M	141: Toyota Tacoma 2003-2015   Double 5 PK-M
2099	1	OK	150	PK-M+	皮卡	Toyota	Tacoma	2015			Double	6	PK-M+	150: Toyota Tacoma 2005-2015   Double 6 PK-M+
2100	1	OK	142	PK-L	皮卡	Toyota	Tacoma	2016			Double	6	PK-L	142: Toyota Tacoma 2016-2026   Double/XtraCab 6 PK-L
2101	1	OK	151	PK-M+	皮卡	Toyota	Tacoma	2016			Access	6	PK-M+	151: Toyota Tacoma 2016-2023   Access 6 PK-M+
2102	1	OK	143	PK-M+	皮卡	Toyota	Tacoma	2016			Double	5	PK-M+	143: Toyota Tacoma 2016-2026 Incl: Trailhunter/TRD Pro  Double 5 PK-M+
2103	1	OK	142	PK-L	皮卡	Toyota	Tacoma	2017			Double	6	PK-L	142: Toyota Tacoma 2016-2026   Double/XtraCab 6 PK-L
2104	1	OK	151	PK-M+	皮卡	Toyota	Tacoma	2017			Access	6	PK-M+	151: Toyota Tacoma 2016-2023   Access 6 PK-M+
2105	1	OK	143	PK-M+	皮卡	Toyota	Tacoma	2017			Double	5	PK-M+	143: Toyota Tacoma 2016-2026 Incl: Trailhunter/TRD Pro  Double 5 PK-M+
2106	1	OK	143	PK-M+	皮卡	Toyota	Tacoma	2017	TRD Pro		Double	5	PK-M+	143: Toyota Tacoma 2016-2026 Incl: Trailhunter/TRD Pro  Double 5 PK-M+
2107	1	OK	142	PK-L	皮卡	Toyota	Tacoma	2018			Double	6	PK-L	142: Toyota Tacoma 2016-2026   Double/XtraCab 6 PK-L
2108	1	OK	151	PK-M+	皮卡	Toyota	Tacoma	2018			Access	6	PK-M+	151: Toyota Tacoma 2016-2023   Access 6 PK-M+
2109	1	OK	143	PK-M+	皮卡	Toyota	Tacoma	2018			Double	5	PK-M+	143: Toyota Tacoma 2016-2026 Incl: Trailhunter/TRD Pro  Double 5 PK-M+
2110	1	OK	143	PK-M+	皮卡	Toyota	Tacoma	2018	TRD Pro		Double	5	PK-M+	143: Toyota Tacoma 2016-2026 Incl: Trailhunter/TRD Pro  Double 5 PK-M+
2111	1	OK	142	PK-L	皮卡	Toyota	Tacoma	2019			Double	6	PK-L	142: Toyota Tacoma 2016-2026   Double/XtraCab 6 PK-L
2112	1	OK	151	PK-M+	皮卡	Toyota	Tacoma	2019			Access	6	PK-M+	151: Toyota Tacoma 2016-2023   Access 6 PK-M+
2113	1	OK	143	PK-M+	皮卡	Toyota	Tacoma	2019			Double	5	PK-M+	143: Toyota Tacoma 2016-2026 Incl: Trailhunter/TRD Pro  Double 5 PK-M+
2114	1	OK	143	PK-M+	皮卡	Toyota	Tacoma	2019	TRD Pro		Double	5	PK-M+	143: Toyota Tacoma 2016-2026 Incl: Trailhunter/TRD Pro  Double 5 PK-M+
2115	1	OK	142	PK-L	皮卡	Toyota	Tacoma	2020			Double	6	PK-L	142: Toyota Tacoma 2016-2026   Double/XtraCab 6 PK-L
2116	1	OK	151	PK-M+	皮卡	Toyota	Tacoma	2020			Access	6	PK-M+	151: Toyota Tacoma 2016-2023   Access 6 PK-M+
2117	1	OK	143	PK-M+	皮卡	Toyota	Tacoma	2020			Double	5	PK-M+	143: Toyota Tacoma 2016-2026 Incl: Trailhunter/TRD Pro  Double 5 PK-M+
2118	1	OK	143	PK-M+	皮卡	Toyota	Tacoma	2020	TRD Pro		Double	5	PK-M+	143: Toyota Tacoma 2016-2026 Incl: Trailhunter/TRD Pro  Double 5 PK-M+
2119	1	OK	142	PK-L	皮卡	Toyota	Tacoma	2021			Double	6	PK-L	142: Toyota Tacoma 2016-2026   Double/XtraCab 6 PK-L
2120	1	OK	151	PK-M+	皮卡	Toyota	Tacoma	2021			Access	6	PK-M+	151: Toyota Tacoma 2016-2023   Access 6 PK-M+
2121	1	OK	143	PK-M+	皮卡	Toyota	Tacoma	2021			Double	5	PK-M+	143: Toyota Tacoma 2016-2026 Incl: Trailhunter/TRD Pro  Double 5 PK-M+
2122	1	OK	143	PK-M+	皮卡	Toyota	Tacoma	2021	TRD Pro		Double	5	PK-M+	143: Toyota Tacoma 2016-2026 Incl: Trailhunter/TRD Pro  Double 5 PK-M+
2123	1	OK	142	PK-L	皮卡	Toyota	Tacoma	2022			Double	6	PK-L	142: Toyota Tacoma 2016-2026   Double/XtraCab 6 PK-L
2124	1	OK	151	PK-M+	皮卡	Toyota	Tacoma	2022			Access	6	PK-M+	151: Toyota Tacoma 2016-2023   Access 6 PK-M+
2125	1	OK	143	PK-M+	皮卡	Toyota	Tacoma	2022			Double	5	PK-M+	143: Toyota Tacoma 2016-2026 Incl: Trailhunter/TRD Pro  Double 5 PK-M+
2126	1	OK	143	PK-M+	皮卡	Toyota	Tacoma	2022	TRD Pro		Double	5	PK-M+	143: Toyota Tacoma 2016-2026 Incl: Trailhunter/TRD Pro  Double 5 PK-M+
2127	1	OK	142	PK-L	皮卡	Toyota	Tacoma	2023			Double	6	PK-L	142: Toyota Tacoma 2016-2026   Double/XtraCab 6 PK-L
2128	1	OK	151	PK-M+	皮卡	Toyota	Tacoma	2023			Access	6	PK-M+	151: Toyota Tacoma 2016-2023   Access 6 PK-M+
2129	1	OK	143	PK-M+	皮卡	Toyota	Tacoma	2023			Double	5	PK-M+	143: Toyota Tacoma 2016-2026 Incl: Trailhunter/TRD Pro  Double 5 PK-M+
2130	1	OK	143	PK-M+	皮卡	Toyota	Tacoma	2023	TRD Pro		Double	5	PK-M+	143: Toyota Tacoma 2016-2026 Incl: Trailhunter/TRD Pro  Double 5 PK-M+
2131	1	OK	142	PK-L	皮卡	Toyota	Tacoma	2024			Double	6	PK-L	142: Toyota Tacoma 2016-2026   Double/XtraCab 6 PK-L
2132	1	OK	142	PK-L	皮卡	Toyota	Tacoma	2024			XtraCab	6	PK-L	142: Toyota Tacoma 2016-2026   Double/XtraCab 6 PK-L
2133	1	OK	143	PK-M+	皮卡	Toyota	Tacoma	2024			Double	5	PK-M+	143: Toyota Tacoma 2016-2026 Incl: Trailhunter/TRD Pro  Double 5 PK-M+
2134	1	OK	143	PK-M+	皮卡	Toyota	Tacoma	2024	TRD Pro/Trailhunter		Double	5	PK-M+	143: Toyota Tacoma 2016-2026 Incl: Trailhunter/TRD Pro  Double 5 PK-M+
2135	1	OK	142	PK-L	皮卡	Toyota	Tacoma	2025			Double	6	PK-L	142: Toyota Tacoma 2016-2026   Double/XtraCab 6 PK-L
2136	1	OK	142	PK-L	皮卡	Toyota	Tacoma	2025			XtraCab	6	PK-L	142: Toyota Tacoma 2016-2026   Double/XtraCab 6 PK-L
2137	1	OK	143	PK-M+	皮卡	Toyota	Tacoma	2025			Double	5	PK-M+	143: Toyota Tacoma 2016-2026 Incl: Trailhunter/TRD Pro  Double 5 PK-M+
2138	1	OK	143	PK-M+	皮卡	Toyota	Tacoma	2025	TRD Pro/Trailhunter		Double	5	PK-M+	143: Toyota Tacoma 2016-2026 Incl: Trailhunter/TRD Pro  Double 5 PK-M+
2139	1	OK	142	PK-L	皮卡	Toyota	Tacoma	2026			Double	6	PK-L	142: Toyota Tacoma 2016-2026   Double/XtraCab 6 PK-L
2140	1	OK	142	PK-L	皮卡	Toyota	Tacoma	2026			XtraCab	6	PK-L	142: Toyota Tacoma 2016-2026   Double/XtraCab 6 PK-L
2141	1	OK	143	PK-M+	皮卡	Toyota	Tacoma	2026			Double	5	PK-M+	143: Toyota Tacoma 2016-2026 Incl: Trailhunter/TRD Pro  Double 5 PK-M+
2142	1	OK	143	PK-M+	皮卡	Toyota	Tacoma	2026	TRD Pro/Trailhunter		Double	5	PK-M+	143: Toyota Tacoma 2016-2026 Incl: Trailhunter/TRD Pro  Double 5 PK-M+
2143	1	OK	145	PK-L	皮卡	Toyota	Tundra	2000			Regular	8	PK-L	145: Toyota Tundra 2000-2017   Regular 8-8.1 PK-L
2144	1	OK	144	PK-M+	皮卡	Toyota	Tundra	2000			Access	6.5	PK-M+	144: Toyota Tundra 2000-2017   Access/Regular 6.5 PK-M+
2145	1	OK	144	PK-M+	皮卡	Toyota	Tundra	2000			Regular	6.5	PK-M+	144: Toyota Tundra 2000-2017   Access/Regular 6.5 PK-M+
2146	1	OK	145	PK-L	皮卡	Toyota	Tundra	2001			Regular	8	PK-L	145: Toyota Tundra 2000-2017   Regular 8-8.1 PK-L
2147	1	OK	144	PK-M+	皮卡	Toyota	Tundra	2001			Access	6.5	PK-M+	144: Toyota Tundra 2000-2017   Access/Regular 6.5 PK-M+
2148	1	OK	144	PK-M+	皮卡	Toyota	Tundra	2001			Regular	6.5	PK-M+	144: Toyota Tundra 2000-2017   Access/Regular 6.5 PK-M+
2149	1	OK	145	PK-L	皮卡	Toyota	Tundra	2002			Regular	8	PK-L	145: Toyota Tundra 2000-2017   Regular 8-8.1 PK-L
2150	1	OK	144	PK-M+	皮卡	Toyota	Tundra	2002			Access	6.5	PK-M+	144: Toyota Tundra 2000-2017   Access/Regular 6.5 PK-M+
2151	1	OK	144	PK-M+	皮卡	Toyota	Tundra	2002			Regular	6.5	PK-M+	144: Toyota Tundra 2000-2017   Access/Regular 6.5 PK-M+
2152	1	OK	145	PK-L	皮卡	Toyota	Tundra	2003			Regular	8	PK-L	145: Toyota Tundra 2000-2017   Regular 8-8.1 PK-L
2153	1	OK	144	PK-M+	皮卡	Toyota	Tundra	2003			Access	6.5	PK-M+	144: Toyota Tundra 2000-2017   Access/Regular 6.5 PK-M+
2154	1	OK	144	PK-M+	皮卡	Toyota	Tundra	2003			Regular	6.5	PK-M+	144: Toyota Tundra 2000-2017   Access/Regular 6.5 PK-M+
2155	1	OK	146	PK-L	皮卡	Toyota	Tundra	2004			Double	6.5	PK-L	146: Toyota Tundra 2004-2021   Double/CrewMax 5.5-6.5 PK-L
2156	1	OK	145	PK-L	皮卡	Toyota	Tundra	2004			Regular	8	PK-L	145: Toyota Tundra 2000-2017   Regular 8-8.1 PK-L
2157	1	OK	144	PK-M+	皮卡	Toyota	Tundra	2004			Access	6.5	PK-M+	144: Toyota Tundra 2000-2017   Access/Regular 6.5 PK-M+
2158	1	OK	144	PK-M+	皮卡	Toyota	Tundra	2004			Regular	6.5	PK-M+	144: Toyota Tundra 2000-2017   Access/Regular 6.5 PK-M+
2159	1	OK	146	PK-L	皮卡	Toyota	Tundra	2005			Double	6.5	PK-L	146: Toyota Tundra 2004-2021   Double/CrewMax 5.5-6.5 PK-L
2160	1	OK	145	PK-L	皮卡	Toyota	Tundra	2005			Regular	8	PK-L	145: Toyota Tundra 2000-2017   Regular 8-8.1 PK-L
2161	1	OK	144	PK-M+	皮卡	Toyota	Tundra	2005			Access	6.5	PK-M+	144: Toyota Tundra 2000-2017   Access/Regular 6.5 PK-M+
2162	1	OK	144	PK-M+	皮卡	Toyota	Tundra	2005			Regular	6.5	PK-M+	144: Toyota Tundra 2000-2017   Access/Regular 6.5 PK-M+
2163	1	OK	146	PK-L	皮卡	Toyota	Tundra	2006			Double	6.5	PK-L	146: Toyota Tundra 2004-2021   Double/CrewMax 5.5-6.5 PK-L
2164	1	OK	145	PK-L	皮卡	Toyota	Tundra	2006			Regular	8	PK-L	145: Toyota Tundra 2000-2017   Regular 8-8.1 PK-L
2165	1	OK	144	PK-M+	皮卡	Toyota	Tundra	2006			Regular	6.5	PK-M+	144: Toyota Tundra 2000-2017   Access/Regular 6.5 PK-M+
2166	1	OK	146	PK-L	皮卡	Toyota	Tundra	2007			CrewMax	5.5	PK-L	146: Toyota Tundra 2004-2021   Double/CrewMax 5.5-6.5 PK-L
2167	1	OK	145	PK-L	皮卡	Toyota	Tundra	2007			Regular	8.1	PK-L	145: Toyota Tundra 2000-2017   Regular 8-8.1 PK-L
2168	1	OK	144	PK-M+	皮卡	Toyota	Tundra	2007			Regular	6.5	PK-M+	144: Toyota Tundra 2000-2017   Access/Regular 6.5 PK-M+
2169	1	OK	152	PK-XXL	皮卡	Toyota	Tundra	2007			Double	8.1	PK-XXL	152: Toyota Tundra 2007-2026   Double 8.1 PK-XXL
2170	1	OK	146	PK-L	皮卡	Toyota	Tundra	2008			CrewMax	5.5	PK-L	146: Toyota Tundra 2004-2021   Double/CrewMax 5.5-6.5 PK-L
2171	1	OK	146	PK-L	皮卡	Toyota	Tundra	2008			Double	6.5	PK-L	146: Toyota Tundra 2004-2021   Double/CrewMax 5.5-6.5 PK-L
2172	1	OK	145	PK-L	皮卡	Toyota	Tundra	2008			Regular	8.1	PK-L	145: Toyota Tundra 2000-2017   Regular 8-8.1 PK-L
2173	1	OK	144	PK-M+	皮卡	Toyota	Tundra	2008			Regular	6.5	PK-M+	144: Toyota Tundra 2000-2017   Access/Regular 6.5 PK-M+
2174	1	OK	152	PK-XXL	皮卡	Toyota	Tundra	2008			Double	8.1	PK-XXL	152: Toyota Tundra 2007-2026   Double 8.1 PK-XXL
2175	1	OK	146	PK-L	皮卡	Toyota	Tundra	2009			CrewMax	5.5	PK-L	146: Toyota Tundra 2004-2021   Double/CrewMax 5.5-6.5 PK-L
2176	1	OK	146	PK-L	皮卡	Toyota	Tundra	2009			Double	6.5	PK-L	146: Toyota Tundra 2004-2021   Double/CrewMax 5.5-6.5 PK-L
2177	1	OK	145	PK-L	皮卡	Toyota	Tundra	2009			Regular	8.1	PK-L	145: Toyota Tundra 2000-2017   Regular 8-8.1 PK-L
2178	1	OK	144	PK-M+	皮卡	Toyota	Tundra	2009			Regular	6.5	PK-M+	144: Toyota Tundra 2000-2017   Access/Regular 6.5 PK-M+
2179	1	OK	152	PK-XXL	皮卡	Toyota	Tundra	2009			Double	8.1	PK-XXL	152: Toyota Tundra 2007-2026   Double 8.1 PK-XXL
2180	1	OK	146	PK-L	皮卡	Toyota	Tundra	2010			CrewMax	5.5	PK-L	146: Toyota Tundra 2004-2021   Double/CrewMax 5.5-6.5 PK-L
2181	1	OK	146	PK-L	皮卡	Toyota	Tundra	2010			Double	6.5	PK-L	146: Toyota Tundra 2004-2021   Double/CrewMax 5.5-6.5 PK-L
2182	1	OK	145	PK-L	皮卡	Toyota	Tundra	2010			Regular	8.1	PK-L	145: Toyota Tundra 2000-2017   Regular 8-8.1 PK-L
2183	1	OK	144	PK-M+	皮卡	Toyota	Tundra	2010			Regular	6.5	PK-M+	144: Toyota Tundra 2000-2017   Access/Regular 6.5 PK-M+
2184	1	OK	152	PK-XXL	皮卡	Toyota	Tundra	2010			Double	8.1	PK-XXL	152: Toyota Tundra 2007-2026   Double 8.1 PK-XXL
2185	1	OK	146	PK-L	皮卡	Toyota	Tundra	2011			CrewMax	5.5	PK-L	146: Toyota Tundra 2004-2021   Double/CrewMax 5.5-6.5 PK-L
2186	1	OK	146	PK-L	皮卡	Toyota	Tundra	2011			Double	6.5	PK-L	146: Toyota Tundra 2004-2021   Double/CrewMax 5.5-6.5 PK-L
2187	1	OK	145	PK-L	皮卡	Toyota	Tundra	2011			Regular	8.1	PK-L	145: Toyota Tundra 2000-2017   Regular 8-8.1 PK-L
2188	1	OK	144	PK-M+	皮卡	Toyota	Tundra	2011			Regular	6.5	PK-M+	144: Toyota Tundra 2000-2017   Access/Regular 6.5 PK-M+
2189	1	OK	152	PK-XXL	皮卡	Toyota	Tundra	2011			Double	8.1	PK-XXL	152: Toyota Tundra 2007-2026   Double 8.1 PK-XXL
2190	1	OK	146	PK-L	皮卡	Toyota	Tundra	2012			CrewMax	5.5	PK-L	146: Toyota Tundra 2004-2021   Double/CrewMax 5.5-6.5 PK-L
2191	1	OK	146	PK-L	皮卡	Toyota	Tundra	2012			Double	6.5	PK-L	146: Toyota Tundra 2004-2021   Double/CrewMax 5.5-6.5 PK-L
2192	1	OK	145	PK-L	皮卡	Toyota	Tundra	2012			Regular	8.1	PK-L	145: Toyota Tundra 2000-2017   Regular 8-8.1 PK-L
2193	1	OK	144	PK-M+	皮卡	Toyota	Tundra	2012			Regular	6.5	PK-M+	144: Toyota Tundra 2000-2017   Access/Regular 6.5 PK-M+
2194	1	OK	152	PK-XXL	皮卡	Toyota	Tundra	2012			Double	8.1	PK-XXL	152: Toyota Tundra 2007-2026   Double 8.1 PK-XXL
2195	1	OK	146	PK-L	皮卡	Toyota	Tundra	2013			CrewMax	5.5	PK-L	146: Toyota Tundra 2004-2021   Double/CrewMax 5.5-6.5 PK-L
2196	1	OK	146	PK-L	皮卡	Toyota	Tundra	2013			Double	6.5	PK-L	146: Toyota Tundra 2004-2021   Double/CrewMax 5.5-6.5 PK-L
2197	1	OK	145	PK-L	皮卡	Toyota	Tundra	2013			Regular	8.1	PK-L	145: Toyota Tundra 2000-2017   Regular 8-8.1 PK-L
2198	1	OK	144	PK-M+	皮卡	Toyota	Tundra	2013			Regular	6.5	PK-M+	144: Toyota Tundra 2000-2017   Access/Regular 6.5 PK-M+
2199	1	OK	152	PK-XXL	皮卡	Toyota	Tundra	2013			Double	8.1	PK-XXL	152: Toyota Tundra 2007-2026   Double 8.1 PK-XXL
2200	1	OK	146	PK-L	皮卡	Toyota	Tundra	2014			CrewMax	5.5	PK-L	146: Toyota Tundra 2004-2021   Double/CrewMax 5.5-6.5 PK-L
2201	1	OK	146	PK-L	皮卡	Toyota	Tundra	2014			Double	6.5	PK-L	146: Toyota Tundra 2004-2021   Double/CrewMax 5.5-6.5 PK-L
2202	1	OK	145	PK-L	皮卡	Toyota	Tundra	2014			Regular	8.1	PK-L	145: Toyota Tundra 2000-2017   Regular 8-8.1 PK-L
2203	1	OK	144	PK-M+	皮卡	Toyota	Tundra	2014			Regular	6.5	PK-M+	144: Toyota Tundra 2000-2017   Access/Regular 6.5 PK-M+
2204	1	OK	152	PK-XXL	皮卡	Toyota	Tundra	2014			Double	8.1	PK-XXL	152: Toyota Tundra 2007-2026   Double 8.1 PK-XXL
2205	1	OK	146	PK-L	皮卡	Toyota	Tundra	2015			CrewMax	5.5	PK-L	146: Toyota Tundra 2004-2021   Double/CrewMax 5.5-6.5 PK-L
2206	1	OK	146	PK-L	皮卡	Toyota	Tundra	2015			Double	6.5	PK-L	146: Toyota Tundra 2004-2021   Double/CrewMax 5.5-6.5 PK-L
2207	1	OK	145	PK-L	皮卡	Toyota	Tundra	2015			Regular	8.1	PK-L	145: Toyota Tundra 2000-2017   Regular 8-8.1 PK-L
2208	1	OK	144	PK-M+	皮卡	Toyota	Tundra	2015			Regular	6.5	PK-M+	144: Toyota Tundra 2000-2017   Access/Regular 6.5 PK-M+
2209	1	OK	152	PK-XXL	皮卡	Toyota	Tundra	2015			Double	8.1	PK-XXL	152: Toyota Tundra 2007-2026   Double 8.1 PK-XXL
2210	1	OK	146	PK-L	皮卡	Toyota	Tundra	2016			CrewMax	5.5	PK-L	146: Toyota Tundra 2004-2021   Double/CrewMax 5.5-6.5 PK-L
2211	1	OK	146	PK-L	皮卡	Toyota	Tundra	2016			Double	6.5	PK-L	146: Toyota Tundra 2004-2021   Double/CrewMax 5.5-6.5 PK-L
2212	1	OK	145	PK-L	皮卡	Toyota	Tundra	2016			Regular	8.1	PK-L	145: Toyota Tundra 2000-2017   Regular 8-8.1 PK-L
2213	1	OK	144	PK-M+	皮卡	Toyota	Tundra	2016			Regular	6.5	PK-M+	144: Toyota Tundra 2000-2017   Access/Regular 6.5 PK-M+
2214	1	OK	152	PK-XXL	皮卡	Toyota	Tundra	2016			Double	8.1	PK-XXL	152: Toyota Tundra 2007-2026   Double 8.1 PK-XXL
2215	1	OK	146	PK-L	皮卡	Toyota	Tundra	2017			CrewMax	5.5	PK-L	146: Toyota Tundra 2004-2021   Double/CrewMax 5.5-6.5 PK-L
2216	1	OK	146	PK-L	皮卡	Toyota	Tundra	2017			Double	6.5	PK-L	146: Toyota Tundra 2004-2021   Double/CrewMax 5.5-6.5 PK-L
2217	1	OK	145	PK-L	皮卡	Toyota	Tundra	2017			Regular	8.1	PK-L	145: Toyota Tundra 2000-2017   Regular 8-8.1 PK-L
2218	1	OK	144	PK-M+	皮卡	Toyota	Tundra	2017			Regular	6.5	PK-M+	144: Toyota Tundra 2000-2017   Access/Regular 6.5 PK-M+
2219	1	OK	152	PK-XXL	皮卡	Toyota	Tundra	2017			Double	8.1	PK-XXL	152: Toyota Tundra 2007-2026   Double 8.1 PK-XXL
2220	1	OK	146	PK-L	皮卡	Toyota	Tundra	2018			CrewMax	5.5	PK-L	146: Toyota Tundra 2004-2021   Double/CrewMax 5.5-6.5 PK-L
2221	1	OK	146	PK-L	皮卡	Toyota	Tundra	2018			Double	6.5	PK-L	146: Toyota Tundra 2004-2021   Double/CrewMax 5.5-6.5 PK-L
2222	1	OK	152	PK-XXL	皮卡	Toyota	Tundra	2018			Double	8.1	PK-XXL	152: Toyota Tundra 2007-2026   Double 8.1 PK-XXL
2223	1	OK	146	PK-L	皮卡	Toyota	Tundra	2019			CrewMax	5.5	PK-L	146: Toyota Tundra 2004-2021   Double/CrewMax 5.5-6.5 PK-L
2224	1	OK	146	PK-L	皮卡	Toyota	Tundra	2019			Double	6.5	PK-L	146: Toyota Tundra 2004-2021   Double/CrewMax 5.5-6.5 PK-L
2225	1	OK	152	PK-XXL	皮卡	Toyota	Tundra	2019			Double	8.1	PK-XXL	152: Toyota Tundra 2007-2026   Double 8.1 PK-XXL
2226	1	OK	146	PK-L	皮卡	Toyota	Tundra	2020			CrewMax	5.5	PK-L	146: Toyota Tundra 2004-2021   Double/CrewMax 5.5-6.5 PK-L
2227	1	OK	146	PK-L	皮卡	Toyota	Tundra	2020			Double	6.5	PK-L	146: Toyota Tundra 2004-2021   Double/CrewMax 5.5-6.5 PK-L
2228	1	OK	152	PK-XXL	皮卡	Toyota	Tundra	2020			Double	8.1	PK-XXL	152: Toyota Tundra 2007-2026   Double 8.1 PK-XXL
2229	1	OK	146	PK-L	皮卡	Toyota	Tundra	2021			CrewMax	5.5	PK-L	146: Toyota Tundra 2004-2021   Double/CrewMax 5.5-6.5 PK-L
2230	1	OK	152	PK-XXL	皮卡	Toyota	Tundra	2021			Double	8.1	PK-XXL	152: Toyota Tundra 2007-2026   Double 8.1 PK-XXL
2231	1	OK	147	PK-XL	皮卡	Toyota	Tundra	2022			CrewMax	5.5	PK-XL	147: Toyota Tundra 2022-2026   CrewMax/Double 5.5-6.5 PK-XL
2232	1	OK	147	PK-XL	皮卡	Toyota	Tundra	2022			Double	6.5	PK-XL	147: Toyota Tundra 2022-2026   CrewMax/Double 5.5-6.5 PK-XL
2233	1	OK	152	PK-XXL	皮卡	Toyota	Tundra	2022			Double	8.1	PK-XXL	152: Toyota Tundra 2007-2026   Double 8.1 PK-XXL
2234	1	OK	147	PK-XL	皮卡	Toyota	Tundra	2023			CrewMax	5.5	PK-XL	147: Toyota Tundra 2022-2026   CrewMax/Double 5.5-6.5 PK-XL
2235	1	OK	147	PK-XL	皮卡	Toyota	Tundra	2023			Double	6.5	PK-XL	147: Toyota Tundra 2022-2026   CrewMax/Double 5.5-6.5 PK-XL
2236	1	OK	152	PK-XXL	皮卡	Toyota	Tundra	2023			Double	8.1	PK-XXL	152: Toyota Tundra 2007-2026   Double 8.1 PK-XXL
2237	1	OK	147	PK-XL	皮卡	Toyota	Tundra	2024			CrewMax	5.5	PK-XL	147: Toyota Tundra 2022-2026   CrewMax/Double 5.5-6.5 PK-XL
2238	1	OK	147	PK-XL	皮卡	Toyota	Tundra	2024			Double	6.5	PK-XL	147: Toyota Tundra 2022-2026   CrewMax/Double 5.5-6.5 PK-XL
2239	1	OK	152	PK-XXL	皮卡	Toyota	Tundra	2024			Double	8.1	PK-XXL	152: Toyota Tundra 2007-2026   Double 8.1 PK-XXL
2240	1	OK	147	PK-XL	皮卡	Toyota	Tundra	2025			CrewMax	5.5	PK-XL	147: Toyota Tundra 2022-2026   CrewMax/Double 5.5-6.5 PK-XL
2241	1	OK	147	PK-XL	皮卡	Toyota	Tundra	2025			Double	6.5	PK-XL	147: Toyota Tundra 2022-2026   CrewMax/Double 5.5-6.5 PK-XL
2242	1	OK	152	PK-XXL	皮卡	Toyota	Tundra	2025			Double	8.1	PK-XXL	152: Toyota Tundra 2007-2026   Double 8.1 PK-XXL
2243	1	OK	147	PK-XL	皮卡	Toyota	Tundra	2026			CrewMax	5.5	PK-XL	147: Toyota Tundra 2022-2026   CrewMax/Double 5.5-6.5 PK-XL
2244	1	OK	147	PK-XL	皮卡	Toyota	Tundra	2026			Double	6.5	PK-XL	147: Toyota Tundra 2022-2026   CrewMax/Double 5.5-6.5 PK-XL
2245	1	OK	152	PK-XXL	皮卡	Toyota	Tundra	2026			Double	8.1	PK-XXL	152: Toyota Tundra 2007-2026   Double 8.1 PK-XXL
