CAR,MAKE,MODEL,YEAR,VERSION,CONST,BACKSIZE
AC 428,AC,428,1965-1974,,Convertible,3M-0
AC Ace,AC,Ace,1995-2026,,Convertible,3M-0
AC Aceca,AC,Aceca,1993-2001,,Coupe,3L-0
AC Cobra iv,AC,Cobra iv,1990-2026,Incl: 291F L4115 W1735 H1245/291F L4155 W1745 H1230/291N,Convertible,3S-0
AMC Eagle,AMC,Eagle,1979-1985,1980/1981/1982/1983/1984,Sedan,3L
AMC Hornet,AMC,Hornet,1969-1970,,Sedan,3M
AMC Matador,AMC,Matador,1970-1974,1971 72/1973,Wagon,5XL
AMC Matador,AMC,Matador,1970-1974,1974,Wagon,无可用尺码
ARO 10,ARO,10,1984-1999,10.1,Convertible,3S-0
ARO 240-244,ARO,240-244,1978-1998,243/243 3dr facelift/243 3dr prefl/244/244 5dr facelift/244 5dr prefl,SUV,YM
ARO Spartana pick up,ARO,Spartana pick up,1997-2003,,Convertible,3S-0
Abarth 124,Abarth,124,2016-2026,,Convertible,3S-0
Abarth 500,Abarth,500,2008-2026,312/312 L3657 W1627 H1485/312 L3657 W1627 H1488/312 L3657 W1647 H1485,Hatchback,2M
Abarth 500c / 595c 695c,Abarth,500c / 595c 695c,2008-2026,312,Convertible,无可用尺码
Abarth 500e,Abarth,500e,2023-2026,332,Hatchback,2M
Abarth 500e,Abarth,500e,2023-2026,332,Convertible,3S-0
Abarth 600e,Abarth,600e,2024-2026,365,SUV,YM
Abarth Grande punto,Abarth,Grande punto,2007-2010,199,Hatchback,2M
Abarth Punto,Abarth,Punto,2009-2026,199/199 L4065 W1721 H1490/199 L4065 W1726 H1490,Hatchback,2M
Abarth Ritmo,Abarth,Ritmo,1981-1987,138A/138A s2/138A s3,Hatchback,2M
Aeolus Yixuan,Aeolus,Yixuan,2022-2026,D53,Sedan,3L
Aion Hyptec ht,Aion,Hyptec ht,2025-2026,,SUV,YXL
Aion V,Aion,V,2025-2026,,SUV,YM
Aiways U5,Aiways,U5,2020-2026,,SUV,YL
Aiways U6,Aiways,U6,2022-2026,,SUV,YL
Aixam 500,Aixam,500,1996-2007,,Convertible/Hatchback,无可用尺码
Aixam A.721,Aixam,A.721,2005-2026,K34VBA,Hatchback,无可用尺码
Aixam A.741,Aixam,A.741,2005-2026,K44VBA,Hatchback,无可用尺码
Aixam A.751,Aixam,A.751,2005-2010,,Hatchback,无可用尺码
Aixam City,Aixam,City,2012-2026,,Hatchback,无可用尺码
Aixam Coupe,Aixam,Coupe,2016-2026,,Coupe,无可用尺码
Aixam Crossline,Aixam,Crossline,2012-2026,,Hatchback,无可用尺码
Aixam Crossover,Aixam,Crossover,2012-2016,,Hatchback,2S
Aixam Crossover,Aixam,Crossover,2018-2026,,Hatchback,无可用尺码
Aixam D-Truck,Aixam,D-Truck,2014-2026,,Van,2S
Aixam D-Truck,Aixam,D-Truck,2018-2026,,Van,无可用尺码
Aixam Mega,Aixam,Mega,2024-2026,,Hatchback,无可用尺码
Aixam Minauto,Aixam,Minauto,2018-2026,Incl: access/cross,Hatchback,无可用尺码
Aixam Roadline,Aixam,Roadline,2009-2012,Incl: K44VBR,Hatchback,无可用尺码
Aixam Scouty,Aixam,Scouty,2007-2026,,Convertible,无可用尺码
Alfa Romeo 145,Alfa Romeo,145,1994-2001,930/930A/930A facelift/930A prefl,Hatchback,2M
Alfa Romeo 146,Alfa Romeo,146,1994-2001,930/930B/930B facelift/930B prefl,Hatchback,2L+
Alfa Romeo 147,Alfa Romeo,147,2001-2010,937/937 3dr/937 3dr facelift/937 3dr prefl/937 3dr prefl L4170 W1729 H1421/937 3dr prefl L4170 W1729 H1442,Hatchback,2L+
Alfa Romeo 155,Alfa Romeo,155,1992-1997,167/167 facelift/167 facelift L4443 W1730 H1425/167 facelift L4443 W1730 H1440/167 L4443 W1700 H1440/167 L4443 W1730 H1425/167 L4443 W1730 H1440/167 prefl,Sedan,3M
Alfa Romeo 156,Alfa Romeo,156,1997-2006,932/932 facelift/932 prefl,Wagon,2L+
Alfa Romeo 156,Alfa Romeo,156,1997-2005,932/932 facelift/932 facelift L4435 W1743 H1390/932 facelift L4435 W1743 H1430/932 L4435 W1743 H1390/932 L4435 W1743 H1430/932 prefl,Sedan,3M
Alfa Romeo 159,Alfa Romeo,159,2005-2012,939/939 L4660 W1828 H1417/939 L4660 W1828 H1422/L4660 W1828 H1417/L4660 W1828 H1422,Wagon,2XL
Alfa Romeo 159,Alfa Romeo,159,2005-2012,939/939 L4660 W1828 H1417/939 L4660 W1828 H1422/939 L4660 W1828 H1452,Sedan,3L
Alfa Romeo 164,Alfa Romeo,164,1987-1998,164/164 L4565 W1760 H1390/164 L4665 W1760 H1390/164.H3,Sedan,3L
Alfa Romeo 164,Alfa Romeo,164,1987-1998,164 standard/164.H1/164A/164A1C,Sedan,3M
Alfa Romeo 164,Alfa Romeo,164,1992-1997,,Sedan,3L
Alfa Romeo 164,Alfa Romeo,164,1993-1995,,Sedan,3M
Alfa Romeo 166,Alfa Romeo,166,1998-2007,936/936 facelift/936 prefl,Sedan,3L
Alfa Romeo 1750-2000,Alfa Romeo,1750-2000,1968-1975,Incl: 105.12,Sedan,3M
Alfa Romeo 1900,Alfa Romeo,1900,1950-1959,1483,Sedan,3M
Alfa Romeo 2600 berlina,Alfa Romeo,2600 berlina,1962-1969,106.00,Sedan,3L
Alfa Romeo 2600 spider,Alfa Romeo,2600 spider,1961-1965,106.01,Convertible,3M-0
Alfa Romeo 2600 sprint,Alfa Romeo,2600 sprint,1962-1966,106.02,Coupe,3L-0
Alfa Romeo 33,Alfa Romeo,33,1983-1994,905/905 facelift/905 prefl/907A/907A L4075 W1614 H1350/907A L4075 W1614 H1375,Hatchback,2M
Alfa Romeo 33,Alfa Romeo,33,1984-1994,905A L4142 W1612 H1345/905A L4142 W1612 H1370/907B/907B L4200 W1614 H1350/907B L4200 W1614 H1375,Wagon,2L+
Alfa Romeo 4c,Alfa Romeo,4c,2013-2020,960,Convertible/Coupe,3S-0
Alfa Romeo 6,Alfa Romeo,6,1979-1984,119 facelift,Sedan,3L
Alfa Romeo 6,Alfa Romeo,6,1979-1984,119 prefl,Sedan,4S
Alfa Romeo 6,Alfa Romeo,6,1980-1984,119,Sedan,4S
Alfa Romeo 6,Alfa Romeo,6,1981-1986,119,Sedan,3L
Alfa Romeo 75,Alfa Romeo,75,1985-1992,162B/162B america/162B europa/162B L4330 W1630 H1400/162B L4330 W1660 H1400/162B L4420 W1660 H1400,Sedan,3M
Alfa Romeo 8c,Alfa Romeo,8c,2007-2010,,Convertible/Coupe,3M-0
Alfa Romeo 90,Alfa Romeo,90,1984-1987,162A,Sedan,3M
Alfa Romeo Alfasud,Alfa Romeo,Alfasud,1972-1984,901/901 3dr/901 series3 3dr/901 series3 sc 3dr/901 series3 ti 3dr/904A/904B2,Hatchback/Wagon,2M
Alfa Romeo Alfasud,Alfa Romeo,Alfasud,1972-1984,901/901 2dr/901 series1 2dr/901 series1 4dr/901 series2 2dr/901 series2 4dr/901 series2 super 4dr/901 series3 2dr/901 series3 4dr/901 series3 ti 2dr,Sedan,3S
Alfa Romeo Alfasud,Alfa Romeo,Alfasud,1976-1989,902/902 facelift/902 prefl/902A,Coupe,3S-0
Alfa Romeo Alfetta,Alfa Romeo,Alfetta,1974-1984,116/116 series1/116 series2/116 series3/116 shortnose,Sedan,3M
Alfa Romeo Alfetta,Alfa Romeo,Alfetta,1974-1986,116/116 prefl,Coupe,3S-0
Alfa Romeo Alfetta,Alfa Romeo,Alfetta,1977-1986,116 facelift,Coupe,3M-0
Alfa Romeo Arna,Alfa Romeo,Arna,1983-1986,920,Hatchback,2M
Alfa Romeo Berlina,Alfa Romeo,Berlina,1971-1977,105,Sedan,3M
Alfa Romeo Brera,Alfa Romeo,Brera,2006-2011,939,Coupe,3M-0
Alfa Romeo Giulia,Alfa Romeo,Giulia,1962-1978,105/105 early/105 L4115 W1560 H1430/105 L4140 W1560 H1430/105 mid/105 nuova/105 post70/105 pre70/105.26 L4140 W1560 H1430/105.26 L4160 W1560 H1430/115.09 L4140 W1560 H1430/115.09 L4160 W1560 H1430,Sedan,3S
Alfa Romeo Giulia,Alfa Romeo,Giulia,1962-1969,101.12/101.23,Convertible/Coupe,3S-0
Alfa Romeo Giulia,Alfa Romeo,Giulia,2015-2026,952/952 L4639 W1873 H1426/952 L4643 W1860 H1436/952 L4643 W1860 H1450,Sedan,3L
Alfa Romeo Giulietta,Alfa Romeo,Giulietta,1954-1962,101.02/101.03/101.06/101.07/101.20/750B/750D/750E/750F,Convertible/Coupe,3S-0
Alfa Romeo Giulietta,Alfa Romeo,Giulietta,1955-1985,101.00/101.11/101.28/101.29/116/750C/753,Sedan,3S
Alfa Romeo Giulietta,Alfa Romeo,Giulietta,1957-1962,101.22,Wagon,2M
Alfa Romeo Giulietta,Alfa Romeo,Giulietta,2010-2020,940,Hatchback,2L+
Alfa Romeo Gt,Alfa Romeo,Gt,1963-1977,105/105.02/105.21/105.30/105.32/105.36/105.44/115.03/115.34,Coupe,3S-0
Alfa Romeo Gt,Alfa Romeo,Gt,2003-2010,937/937 L4489 W1763 H1355/937 L4489 W1763 H1362/937 L4489 W1763 H1366,Coupe,3M-0
Alfa Romeo Gta,Alfa Romeo,Gta,1968-1976,105,Coupe,3S-0
Alfa Romeo Gtv,Alfa Romeo,Gtv,1978-2005,116 facelift/916/916 facelift/916 prefl,Coupe,3M-0
Alfa Romeo Gtv,Alfa Romeo,Gtv,1978-1980,116,Coupe,3S-0
Alfa Romeo Gtv,Alfa Romeo,Gtv,1978-1986,116 prefl,Coupe,3S-0
Alfa Romeo Gtv,Alfa Romeo,Gtv,1980-1987,116,Coupe,3M-0
Alfa Romeo Junior,Alfa Romeo,Junior,2024-2026,L4173 W1781 H1505/L4173 W1781 H1532/L4173 W1781 H1539/L4173 W1781 H1544,SUV,YM
Alfa Romeo Matta,Alfa Romeo,Matta,1952-1954,,SUV,无可用尺码
Alfa Romeo Mito,Alfa Romeo,Mito,2008-2018,955/955 L4060 W1720 H1440/955 L4063 W1720 H1440/955 L4063 W1720 H1446,Hatchback,2M
Alfa Romeo Montreal,Alfa Romeo,Montreal,1972-1979,105.64,Coupe,3S-0
Alfa Romeo Rz,Alfa Romeo,Rz,1992-1994,,Convertible,3S-0
Alfa Romeo Spider,Alfa Romeo,Spider,1958-2011,102/102.04/105/115 series3/115 series4/916/916 facelift/916 prefl/939,Convertible,3M-0
Alfa Romeo Spider,Alfa Romeo,Spider,1967-1979,115,Convertible,3S-0
Alfa Romeo Spider,Alfa Romeo,Spider,1974-1984,115,Convertible,3M-0
Alfa Romeo Spider,Alfa Romeo,Spider,1975-1993,115 series2,Convertible,3S-0
Alfa Romeo Spider,Alfa Romeo,Spider,1986-1993,115,Convertible,3M-0
Alfa Romeo Stelvio,Alfa Romeo,Stelvio,2016-2026,949/949 L4687 W1903 H1671/949 L4702 W1955 H1681,SUV,YL
Alfa Romeo Sz,Alfa Romeo,Sz,1988-1994,ES30,Coupe,3S-0
Alfa Romeo Tonale,Alfa Romeo,Tonale,2022-2026,L4522 W1841 H1601/L4522 W1841 H1614/L4528 W1841 H1601/L4528 W1841 H1614,SUV,YM
Alpina B10,Alpina,B10,1988-1995,E34,Sedan,3L
Alpina B10,Alpina,B10,1993-2004,E34/E39,Wagon,2XL
Alpina B10,Alpina,B10,1996-2004,E39,Sedan,4S
Alpina B11,Alpina,B11,1987-1994,E32,Sedan,3XL
Alpina B12,Alpina,B12,1988-2001,E32/E38,Sedan,3XL
Alpina B12,Alpina,B12,1990-1996,E31,Coupe,4S
Alpina B3,Alpina,B3,1987-2006,E30/E36/E46,Wagon,2L+
Alpina B3,Alpina,B3,1987-2013,E30 2dr L4325 W1645 H1355/E30 2dr L4325 W1662 H1400/E36/E46/E90/E90 facelift/E90 L4545 W1817 H1422/E90 L4545 W1817 H1437/E90 prefl,Sedan,3M
Alpina B3,Alpina,B3,1987-2006,E30/E36/E46,Convertible/Coupe,3M-0
Alpina B3,Alpina,B3,2007-2025,E91/E91 L4541 W1817 H1450/E91 L4541 W1817 H1465/F31/F31 facelift/F31 prefl/G21,Wagon,2XL
Alpina B3,Alpina,B3,2007-2013,E92/E92 L4622 W1782 H1410/E92 L4623 W1782 H1395/E93,Convertible/Coupe,3L-0
Alpina B3,Alpina,B3,2013-2025,F30/F30 facelift/F30 prefl/G20,Sedan,3L
Alpina B4,Alpina,B4,2014-2026,F32/F33,Convertible/Coupe,3L-0
Alpina B4 gran,Alpina,B4 gran,2022-2025,G26,Coupe,4S
Alpina B5,Alpina,B5,2005-2010,E60,Sedan,4S
Alpina B5,Alpina,B5,2005-2024,E61/F11/G31,Wagon,5L
Alpina B5,Alpina,B5,2010-2023,F10/G30,Sedan,3XL
Alpina B6,Alpina,B6,1978-1993,E21/E30/E36,Sedan,3M
Alpina B6,Alpina,B6,2006-2010,E63/E64,Convertible/Coupe,4S
Alpina B6,Alpina,B6,2011-2016,F06/F12/F13,Convertible/Coupe,3XL-0
Alpina B7,Alpina,B7,1978-1987,E12/E28,Sedan,3L
Alpina B7,Alpina,B7,1978-1988,1/E24,Coupe,4S
Alpina B7,Alpina,B7,2003-2008,E65,Sedan,3XL
Alpina B7,Alpina,B7,2009-2015,F01/F01 swb L5092 W1902 H1485/F01 swb L5093 W1902 H1491,Sedan,3XXL-520
Alpina B7,Alpina,B7,2009-2022,F02/G12 facelift/G12 prefl,Sedan,3XXL-550
Alpina B8,Alpina,B8,1995-1998,E36,Wagon,2L+
Alpina B8,Alpina,B8,1995-1998,E36,Sedan,3M
Alpina B8,Alpina,B8,1995-1998,E36,Convertible/Coupe,3M-0
Alpina B8,Alpina,B8,2021-2025,G16/G16 facelift/G16 prefl,Coupe,3XXL-520-0
Alpina B9,Alpina,B9,1981-1985,E28,Sedan,3L
Alpina B9,Alpina,B9,1982-1985,E24/1,Coupe,4S
Alpina C1,Alpina,C1,1980-1988,E21/E30,Sedan,3M
Alpina C2,Alpina,C2,1985-1988,E30/E30 2dr/E30 4dr,Sedan,3M
Alpina C2,Alpina,C2,1986-1987,E30,Convertible,3M-0
Alpina D10,Alpina,D10,2000-2003,E39,Wagon,2XL
Alpina D10,Alpina,D10,2000-2003,E39,Sedan,4S
Alpina D3,Alpina,D3,2005-2025,E91/F31 facelift L4632 W1811 H1428/F31 facelift L4632 W1811 H1431/F31 prefl L4628 W1811 H1428/F31 prefl L4628 W1811 H1431/G21 facelift/G21 prefl,Wagon,2XL
Alpina D3,Alpina,D3,2005-2013,E90,Sedan,3M
Alpina D3,Alpina,D3,2008-2013,E92,Coupe,3L-0
Alpina D3,Alpina,D3,2013-2025,F30 facelift/F30 prefl/G20 facelift/G20 prefl,Sedan,3L
Alpina D4,Alpina,D4,2014-2020,F32/F33 facelift/F33 prefl,Convertible/Coupe,3L-0
Alpina D4 gran,Alpina,D4 gran,2022-2025,G26,Coupe,4S
Alpina D5,Alpina,D5,2011-2024,F10/G30,Sedan,3XL
Alpina D5,Alpina,D5,2011-2024,F11/G31,Wagon,5L
Alpina Rle roadster,Alpina,Rle roadster,1990-1991,Z1,Convertible,3S-0
Alpina Roadster,Alpina,Roadster,2002-2003,E52,Convertible,3M-0
Alpina Roadster,Alpina,Roadster,2003-2005,E85,Convertible,3S-0
Alpina Xb7,Alpina,Xb7,2020-2025,G07/G07 facelift/G07 prefl,SUV,YXXL-525
Alpina Xd3,Alpina,Xd3,2013-2024,F25/G01/G01 facelift/G01 prefl,SUV,YL
Alpina Xd4,Alpina,Xd4,2018-2024,G02,SUV,YL
Alpine 1300,Alpine,1300,1970-1975,,Coupe,3S-0
Alpine 1600,Alpine,1600,1969-1975,,Coupe,3S-0
Alpine A110 i,Alpine,A110 i,1966-1970,,Coupe,3S-0
Alpine A110 ii,Alpine,A110 ii,2017-2024,,Coupe,3S-0
Alpine A110 ii,Alpine,A110 ii,2025-2026,,Coupe,3M-0
Alpine A290,Alpine,A290,2024-2026,,Hatchback,2M
Alpine A310,Alpine,A310,1971-1984,Incl: prefl,Coupe,3S-0
Alpine A310,Alpine,A310,1976-1984,facelift,Coupe,3M-0
Alpine A390,Alpine,A390,2025-2026,,SUV,YM
Alpine A610,Alpine,A610,1991-1995,,Coupe,3M-0
Alpine Berlinette,Alpine,Berlinette,1976-1977,,Coupe,3S-0
Alpine V6,Alpine,V6,1985-1990,,Coupe,3M-0
Apollo Apollo n,Apollo,Apollo n,2016-2026,,Coupe,3M-0
Apollo Arrow,Apollo,Arrow,2016-2026,,Coupe,3XL-0
Apollo Ie,Apollo,Ie,2017-2026,,Coupe,3XXL-520-0
Artega Gt,Artega,Gt,2009-2012,,Coupe,3S-0
Asia Motors Hi-Topic,Asia Motors,Hi-Topic,1993-1999,AM725,MPV,5XL
Asia Motors Rocsta,Asia Motors,Rocsta,1992-1999,Incl: L3585 W1690 H1820/L3720 W1630 H1800,SUV,无可用尺码
Aston Martin Cygnet,Aston Martin,Cygnet,2011-2013,,Hatchback,2S
Aston Martin Db11 vantage,Aston Martin,Db11 vantage,2016-2026,,Coupe,3L-0
Aston Martin Db11 vantage,Aston Martin,Db11 vantage,2017-2026,,Coupe,4S
Aston Martin Db11 volante,Aston Martin,Db11 volante,2017-2026,,Convertible,4S
Aston Martin Db12,Aston Martin,Db12,2023-2026,,Coupe,3L-0
Aston Martin Db12 volante,Aston Martin,Db12 volante,2023-2026,,Convertible,3L-0
Aston Martin Db6 vantage,Aston Martin,Db6 vantage,1964-1970,,Coupe,3L-0
Aston Martin Db6 volante,Aston Martin,Db6 volante,1964-1970,,Convertible,3L-0
Aston Martin Db7 vantage,Aston Martin,Db7 vantage,1999-2003,,Coupe,3L-0
Aston Martin Db7 volante,Aston Martin,Db7 volante,1996-2003,,Convertible,3L-0
Aston Martin Db9 vantage,Aston Martin,Db9 vantage,2004-2016,Incl: facelift/prefl,Coupe,3L-0
Aston Martin Db9 volante,Aston Martin,Db9 volante,2004-2016,,Convertible,3L-0
Aston Martin Dbs,Aston Martin,Dbs,2018-2026,Incl: AM7,Coupe,3L-0
Aston Martin Dbs vantage,Aston Martin,Dbs vantage,1966-2026,,Coupe,3L-0
Aston Martin Dbs volante,Aston Martin,Dbs volante,2007-2026,,Convertible,3L-0
Aston Martin Dbx,Aston Martin,Dbx,2019-2026,,SUV,YXXL-525
Aston Martin Lagonda i,Aston Martin,Lagonda i,1976-1997,,Sedan,3XXL-550
Aston Martin Lagonda i shooting brake,Aston Martin,Lagonda i shooting brake,1976-1997,,Wagon,5XL
Aston Martin One-77,Aston Martin,One-77,2010-2012,,Coupe,3L-0
Aston Martin Rapide,Aston Martin,Rapide,2010-2026,,Hatchback,5L
Aston Martin Rapide,Aston Martin,Rapide,2018-2026,,Liftback,3XL
Aston Martin Tickford capri,Aston Martin,Tickford capri,1982-1985,,Coupe,3M-0
Aston Martin V12 speedster,Aston Martin,V12 speedster,2021-2026,,Convertible,3M-0
Aston Martin V8,Aston Martin,V8,1969-1989,Incl: L4667 W1829 H1327/L4667 W1890 H1327,Convertible/Coupe,3L-0
Aston Martin Valhalla,Aston Martin,Valhalla,2024-2026,,Coupe,4S
Aston Martin Valiant,Aston Martin,Valiant,2024-2026,,Coupe,3L-0
Aston Martin Valkyrie,Aston Martin,Valkyrie,2021-2026,,Coupe,3M-0
Aston Martin Valour,Aston Martin,Valour,2024-2026,,Coupe,3L-0
Aston Martin Vanquish,Aston Martin,Vanquish,2001-2007,,Coupe,3L-0
Aston Martin Vanquish,Aston Martin,Vanquish,2012-2026,,Coupe,3L-0
Aston Martin Vanquish,Aston Martin,Vanquish,2013-2026,,Convertible,3L-0
Aston Martin Vanquish,Aston Martin,Vanquish,2016-2026,,Convertible,4S
Aston Martin Vanquish,Aston Martin,Vanquish,2016-2026,AM310,Convertible/Coupe,4S
Aston Martin Vanquish,Aston Martin,Vanquish,2016-2026,,Coupe,4S
Aston Martin Vanquish,Aston Martin,Vanquish,2024-2026,,Coupe,3XL-0
Aston Martin Vanquish,Aston Martin,Vanquish,2025-2026,,Convertible,3XL-0
Aston Martin Vantage,Aston Martin,Vantage,2005-2026,Incl: L4385 W1865 H1241/L4385 W1865 H1250/L4465 W1942 H1274/L4514 W1982 H1274/L4540 W1915 H1250,Convertible/Coupe,3M-0
Aston Martin Virage limited edition vantage,Aston Martin,Virage limited edition vantage,1995,,Coupe,4S
Aston Martin Virage saloon,Aston Martin,Virage saloon,1994-1995,,Sedan,3XXL-520
Aston Martin Virage shooting brake,Aston Martin,Virage shooting brake,1993-1995,,Wagon,2XL
Aston Martin Virage shooting brake,Aston Martin,Virage shooting brake,1994-1995,,Wagon,5L
Aston Martin Virage vantage,Aston Martin,Virage vantage,1988-2000,,Coupe,4S
Aston Martin Virage vantage,Aston Martin,Virage vantage,2011-2012,,Coupe,3L-0
Aston Martin Virage volante,Aston Martin,Virage volante,1990-1995,L4745 W1856 H1320/L4745 W1905 H1320,Convertible,4S
Aston Martin Virage volante,Aston Martin,Virage volante,2011-2012,,Convertible,3L-0
Aston Martin Zagato vantage,Aston Martin,Zagato vantage,1986-2026,,Coupe,3M-0
Aston Martin Zagato volante,Aston Martin,Zagato volante,1986-1989,,Convertible,3M-0
Audi 100,Audi,100,1968-1984,43/C1/C1 facelift/C1 prefl/F104/Typ 43/Typ 43 facelift/Typ 43 prefl,Sedan,3L
Audi 100,Audi,100,1970-1976,Incl: F105,Coupe,3M-0
Audi 100,Audi,100,1977-1994,4A/4A5/4A L4790 W1777 H1440/4A L4790 W1777 H1448/4A L4790 W1805 H1422/4A L4790 W1805 H1454/43/43 facelift/43 prefl/44/44 facelift/44 L4793 W1814 H1421/44 L4793 W1814 H1422/44 prefl/44Q/44Q facelift/44Q prefl,Hatchback/Wagon,2XL
Audi 100,Audi,100,1980-1994,4A/4A L4790 W1777 H1431/4A L4790 W1777 H1437/4A L4790 W1805 H1420/44/44 facelift/44 L4793 W1814 H1421/44 L4793 W1814 H1422/44 prefl/44Q/44Q facelift/44Q prefl/Typ 44,Sedan,4S
Audi 200 c2,Audi,200 c2,1979-1982,43,Sedan,3L
Audi 200 c3,Audi,200 c3,1983-1988,44/44Q,Sedan,4S
Audi 200 c3,Audi,200 c3,1985-1991,44 facelift/44 L4793 W1814 H1421/44 prefl/44Q facelift/44Q prefl,Sedan,4S
Audi 200 c3,Audi,200 c3,1988-1990,44 L4913 W1814 H1422/44Q,Sedan,3XL
Audi 200 c3 avant,Audi,200 c3 avant,1983-1990,44Q,Wagon,2XL
Audi 200 c3 avant,Audi,200 c3 avant,1985-1991,44 facelift/44 prefl,Wagon,2XL
Audi 200 c3 avant,Audi,200 c3 avant,1988-1991,44,Wagon,5L
Audi 200 c3 avant,Audi,200 c3 avant,1989-1990,44Q,Wagon,5L
Audi 50,Audi,50,1974-1978,86,Hatchback,2S
Audi 60,Audi,60,1968-1972,F103,Wagon,2L+
Audi 60,Audi,60,1968-1972,F103,Sedan,3M
Audi 72,Audi,72,1965-1968,F103,Sedan,3M
Audi 72,Audi,72,1966-1968,F103,Wagon,2L+
Audi 75,Audi,75,1968-1972,F103,Wagon,2L+
Audi 75,Audi,75,1968-1972,F103,Sedan,3M
Audi 80,Audi,80,1966-1996,8C/F103,Wagon,2L+
Audi 80,Audi,80,1966-1994,8C/8C L4482 W1695 H1406/8C L4509 W1695 H1386/81/81 2dr facelift/81 2dr prefl/81 facelift/81 prefl/82/85/89/F103/facelift/Typ 81,Sedan,3M
Audi 80,Audi,80,1972-1978,Incl: 80/prefl,Sedan,3S
Audi 80,Audi,80,1986-2026,,Sedan,3M
Audi 90,Audi,90,1984-1991,Incl: 81/85/89/89 L4393 W1695 H1371/89 L4393 W1695 H1372/L4393 W1695 H1397/L4403 W1695 H1397/L4478 W1695 H1397/Typ 85/Typ 89,Sedan,3M
Audi A1,Audi,A1,2010-2026,8X1/8XA/8XF/8XK/GB/GBA/GBH/L3975 W1740 H1417/L3975 W1746 H1423,Hatchback,2M
Audi A2,Audi,A2,2000-2005,8Z0,Hatchback,2M
Audi A3,Audi,A3,1996-2026,8L/8L1/8P/8P1/8P1 3dr facelift/8P1 3dr prefl/8P1 facelift/8P1 facelift2005/8P1 facelift2008/8P1 prefl/8P facelift/8P facelift L4230 W1765 H1399/8P facelift L4238 W1765 H1421/8P prefl/8P prefl L4214 W1765 H1399/8P prefl L4214 W1765 H1421/8PA/8PA 5dr facelift/8PA 5dr prefl/8PA facelift/8PA facelift2008/8PA prefl/8V/8V1/8V1 L4237 W1777 H1421/8V1 L4254 W1777 H1401/8VA/8VA L4310 W1785 H1425/8VA L4324 W1785 H1404/8VA L4343 W1800 H1411/8VA prefl L4310 W1785 H1425/8VA prefl L4312 W1785 H1424/8VA prefl L4324 W1785 H1404/8VF/8VF facelift L4311 W1785 H1426/8VF facelift L4313 W1785 H1426/8VF facelift L4322 W1785 H1404/8VF L4313 W1785 H1426/8VF L4322 W1785 H1404/8VF L4335 W1800 H1411/8VK/8VK L4241 W1777 H1424/8VK L4252 W1777 H1401/8Y/8YA/8YA L4343 W1816 H1449/8YA L4343 W1816 H1458/8YA L4351 W1816 H1438/8YA L4352 W1816 H1441/8YA L4352 W1816 H1451/8YA L4389 W1851 H1436,Hatchback,2L+
Audi A3,Audi,A3,2008-2020,8P7/8V/8V7/8V7 L4421 W1793 H1409/8V7 L4434 W1793 H1388/8V7 prefl L4421 W1793 H1409/8V7 prefl L4434 W1793 H1388/8VE/8VE facelift/8VE facelift L4423 W1793 H1409/8VE facelift L4431 W1793 H1388,Convertible,3M-0
Audi A3,Audi,A3,2013-2026,8V/8VM/8VM facelift L4458 W1796 H1416/8VM facelift L4466 W1796 H1392/8VM L4458 W1796 H1416/8VM L4466 W1796 H1392/8VM L4479 W1802 H1397/8VS/8VS L4456 W1796 H1416/8VS L4469 W1796 H1392/8VS prefl L4456 W1796 H1416/8VS prefl L4469 W1796 H1392/8Y/8YS/8YS L4495 W1816 H1425/8YS L4504 W1816 H1415/8YS L4542 W1851 H1412,Sedan,3M
Audi A4 allroad b8,Audi,A4 allroad b8,2009-2016,8KH,Wagon,2XL
Audi A4 allroad b9,Audi,A4 allroad b9,2016-2026,Incl: 8W/8W5/8WH/B9,Wagon,2XL
Audi A4 b5,Audi,A4 b5,1994-2001,8D2,Sedan,3M
Audi A4 b5 avant,Audi,A4 b5 avant,1994-2001,8D5/8D5 L4479 W1733 H1417/8D5 L4488 W1733 H1396,Wagon,2L+
Audi A4 b5 avant,Audi,A4 b5 avant,2000-2001,8D5 L4525 W1799 H1386,Wagon,2XL
Audi A4 b6,Audi,A4 b6,2000-2004,8E2,Sedan,3M
Audi A4 b6,Audi,A4 b6,2002-2005,8H/8H7/8H7 L4573 W1777 H1391/8H7 L4573 W1778 H1391,Convertible,3L-0
Audi A4 b6,Audi,A4 b6,2003-2004,8E2,Sedan,3L
Audi A4 b6 avant,Audi,A4 b6 avant,2001-2004,8E5,Wagon,2XL
Audi A4 b7,Audi,A4 b7,2004-2008,Incl: 8E/8EC/8EC L4586 W1772 H1427/8EC L4586 W1816 H1415,Sedan,3L
Audi A4 b7,Audi,A4 b7,2005-2009,8HE,Convertible,3L-0
Audi A4 b7,Audi,A4 b7,2006-2009,Incl: 8H,Convertible,3L-0
Audi A4 b7,Audi,A4 b7,2006-2008,8HE,Convertible,3M-0
Audi A4 b7 avant,Audi,A4 b7 avant,2004-2008,Incl: 8E/8E L4586 W1772 H1453/8E L4586 W1781 H1441/8ED/8ED L4586 W1772 H1427/8ED L4586 W1772 H1453/8ED L4586 W1816 H1415,Wagon,2XL
Audi A4 b8,Audi,A4 b8,2007-2015,8K2/8K2 facelift/8K2 prefl,Sedan,3L
Audi A4 b8 avant,Audi,A4 b8 avant,2007-2015,8K/8K5/8K5 L4699 W1826 H1436/8K5 L4719 W1850 H1416,Wagon,2XL
Audi A4 b9,Audi,A4 b9,2015-2026,8W2,Sedan,3L
Audi A4 b9,Audi,A4 b9,2015-2026,8W2 facelift2018/8W2 prefl,Sedan,3L
Audi A4 b9,Audi,A4 b9,2015-2026,8W2 facelift/8W2 facelift2019/8W2 L4762 W1847 H1428/8W2 L4762 W1847 H1431/8W2 sport/8W2 std,Sedan,4S
Audi A4 b9,Audi,A4 b9,2016-2026,8W2,Sedan,4S
Audi A4 b9 avant,Audi,A4 b9 avant,2015-2026,8W5/8W5 facelift/8W5 facelift2018/8W5 facelift2019/8W5 L4762 W1847 H1435/8W5 L4762 W1847 H1460/8W5 prefl/8W5 sport/8W5 std/B9,Wagon,2XL
Audi A5,Audi,A5,2007-2026,Incl: 8F7/8F7 facelift/8F7 L4626 W1854 H1383/8F7 L4649 W1860 H1380/8F7 prefl/8T3/8T3 facelift/8T3 L4626 W1854 H1372/8T3 L4640 W1854 H1369/8T3 prefl/F5/F5 facelift/F5 prefl/F5E/F5P/F5P facelift L4697 W1846 H1371/F5P facelift L4705 W1846 H1368/F53/F53 facelift/F53 prefl/F53 prefl L4673 W1846 H1371/F53 prefl L4692 W1846 H1368/F53 prefl L4723 W1861 H1360/F57/F57 facelift/F57 L4673 W1846 H1371/F57 L4673 W1846 H1383/F57 prefl L4673 W1846 H1371/F57 prefl L4673 W1846 H1383/F57 prefl L4692 W1846 H1382/facelift/prefl,Convertible/Coupe,3L-0
Audi A5,Audi,A5,2009-2026,Incl: 8TA/8TA facelift/8TA prefl/F5/F5 facelift/F5 prefl/F5A/F5A facelift/F5A prefl/F5F/facelift/FU2 L4829 W1860 H1444/FU5 L4829 W1860 H1460/L4733 W1843 H1386/L4752 W1843 H1384,Hatchback/Wagon,2XL
Audi A5,Audi,A5,2024-2026,FU2 L4835 W1860 H1429/FU5 L4835 W1860 H1444,Hatchback/Wagon,5L
Audi A5,Audi,A5,2025-2026,FU2,Hatchback,2XL
Audi A5,Audi,A5,2025-2026,FU5,Wagon,2XL
Audi A5,Audi,A5,2026,FU2,Hatchback,5L
Audi A5,Audi,A5,2026,FU5,Wagon,5L
Audi A6 allroad c6,Audi,A6 allroad c6,2006-2011,Incl: 4FH/4FH facelift/4FH prefl,Wagon,5L
Audi A6 allroad c7,Audi,A6 allroad c7,2012-2018,4G/4G facelift/4G prefl,Wagon,5L
Audi A6 allroad c8,Audi,A6 allroad c8,2018-2026,4AH/4K/C8,Wagon,5L
Audi A6 c4,Audi,A6 c4,1994-1997,Incl: 4A/4A2/4A L4797 W1783 H1430/4A L4797 W1804 H1430,Sedan,4S
Audi A6 c4 avant,Audi,A6 c4 avant,1994-1997,Incl: 4A/4A5/4A L4797 W1783 H1440/4A L4797 W1804 H1440/C4,Wagon,2XL
Audi A6 c5,Audi,A6 c5,1997-2005,4B2/4B2 facelift/4B2 L4796 W1810 H1452/4B2 L4796 W1810 H1453/4B2 L4833 W1850 H1443/4B2 L4833 W1850 H1453/4B2 prefl,Sedan,4S
Audi A6 c5,Audi,A6 c5,2002-2005,4B2 L4858 W1850 H1426,Sedan,3XL
Audi A6 c5 avant,Audi,A6 c5 avant,1997-2005,4B5,Wagon,2XL
Audi A6 c5 avant,Audi,A6 c5 avant,1997-2005,4B5 facelift/4B5 L4796 W1810 H1477/4B5 prefl,Wagon,2XL
Audi A6 c5 avant,Audi,A6 c5 avant,1998-2005,4B5,Wagon,5L
Audi A6 c5 avant,Audi,A6 c5 avant,2002-2005,4B5 L4852 W1850 H1430,Wagon,5L
Audi A6 c6,Audi,A6 c6,2004-2011,Incl: 4F/4F2/4F2 facelift/4F2 prefl/4F facelift/4F prefl,Sedan,3XL
Audi A6 c6 avant,Audi,A6 c6 avant,2004-2011,Incl: 4F5/4F5 facelift/4F5 facelift L4927 W1855 H1463/4F5 facelift L4938 W1864 H1446/4F5 prefl/4F5 prefl L4933 W1855 H1463/4F5 prefl L4933 W1864 H1453/4F facelift/4F prefl,Wagon,5L
Audi A6 c7,Audi,A6 c7,2010-2018,4G/4G2/4G2 prefl/4GC/4GC L4931 W1874 H1430/4GC L4933 W1874 H1455,Sedan,3XL
Audi A6 c7 avant,Audi,A6 c7 avant,2011-2018,4G/4G5/4G5 prefl L4926 W1874 H1461/4G5 prefl L4979 W1936 H1461/4GD/4GD facelift L4943 W1874 H1461/4GD facelift L4979 W1936 H1461/4GD L4942 W1874 H1436/4GD L4943 W1874 H1461/4GD L4979 W1936 H1461,Wagon,5L
Audi A6 c8,Audi,A6 c8,2018-2026,Incl: 4A2/4A2 L4939 W1886 H1457/4A2 L4954 W1886 H1446/4A2 L4964 W1886 H1446,Sedan,3XL
Audi A6 c8 avant,Audi,A6 c8 avant,2018-2026,Incl: 4A5/4A5 L4939 W1886 H1467/4A5 L4939 W1886 H1494/4A5 L4954 W1886 H1481/4A5 L4964 W1886 H1481/C8,Wagon,5L
Audi A6 c9,Audi,A6 c9,2025-2026,,Sedan,3XL
Audi A6 c9 avant,Audi,A6 c9 avant,2025-2026,,Wagon,5L
Audi A6 e-Tron avant,Audi,A6 e-Tron avant,2024-2026,,Wagon,5L
Audi A6 e-Tron sportback,Audi,A6 e-Tron sportback,2024-2026,,Hatchback,5L
Audi A7 sportback,Audi,A7 sportback,2010-2026,Incl: 4G8/4K8/4KA/4KA L4969 W1908 H1422/4KA L4979 W1908 H1417/4KA L4980 W1908 H1417/C8/facelift/prefl,Hatchback,5L
Audi A8 d2,Audi,A8 d2,1994-2002,4D/4D2/4D facelift/4D prefl/D2,Sedan,3XL
Audi A8 d3,Audi,A8 d3,2002-2010,Incl: 4E/4E facelift/4E L5051 W1894 H1444/4E L5062 W1894 H1444/4E prefl,Sedan,3XXL-520
Audi A8 d4,Audi,A8 d4,2009-2018,4H2/4H facelift/4H facelift L5135 W1949 H1460/4H L5135 W1949 H1460/4H L5147 W1949 H1458/4H prefl/4H prefl L5137 W1949 H1460/4HC,Sedan,3XXL-520
Audi A8 d4,Audi,A8 d4,2009-2018,4H8/4H facelift L5265 W1949 H1471/4H prefl L5267 W1949 H1471/4HL,Sedan,3XXL-550
Audi A8 d4,Audi,A8 d4,2010-2018,4H,Sedan,3XXL-520
Audi A8 d4,Audi,A8 d4,2011-2018,4H,Sedan,3XXL-550
Audi A8 d5,Audi,A8 d5,2017-2026,Incl: 4N/4N2/D5,Sedan,3XXL-520
Audi Allroad c5,Audi,Allroad c5,2000-2005,4BH,Wagon,2XL
Audi E-Tron,Audi,E-Tron,2018-2023,GE/GE L4901 W1935 H1629/GE L4901 W1935 H1632/GE L4902 W1976 H1629/GE L4902 W1976 H1664,SUV,YXL
Audi E-Tron,Audi,E-Tron,2020-2026,F8/F8 L4997 W1964 H1394/F8 L5004 W1964 H1394,Sedan,3XL
Audi Q2,Audi,Q2,2016-2026,GA/GA L4191 W1794 H1508/GA L4210 W1802 H1495,SUV,YM
Audi Q3,Audi,Q3,2011-2026,8U/8U facelift/8U L4388 W1831 H1608/8U L4411 W1841 H1580/8U prefl/F3/F3 L4484 W1849 H1616/F3 L4506 W1851 H1602/FJ,SUV,YM
Audi Q4 e-Tron,Audi,Q4 e-Tron,2021-2026,F4,SUV,YM
Audi Q4 e-Tron sportback,Audi,Q4 e-Tron sportback,2021-2026,F4,SUV,YM
Audi Q5,Audi,Q5,2008-2017,8R,SUV,YM
Audi Q5,Audi,Q5,2008-2017,8R facelift/8R L4629 W1898 H1655/8R prefl,SUV,YM
Audi Q5,Audi,Q5,2012-2026,8R,SUV,YL
Audi Q5,Audi,Q5,2013-2026,8R L4644 W1911 H1624/FY/FY facelift/FY L4663 W1893 H1659/FY L4671 W1893 H1635/FY L4682 W1893 H1635/FY L4682 W1893 H1662/FYT/FYT L4689 W1893 H1633/FYT L4689 W1893 H1660/GUB/GUN,SUV,YL
Audi Q6 e-Tron,Audi,Q6 e-Tron,2024-2026,,SUV,YL
Audi Q6 e-Tron sportback,Audi,Q6 e-Tron sportback,2024-2026,,SUV,YL
Audi Q7,Audi,Q7,2006-2026,4L/4L facelift/4L prefl/4M/4M facelift/4M L5063 W1970 H1740/4M L5063 W1970 H1741/4M prefl,SUV,YXXL-525
Audi Q8,Audi,Q8,2018-2026,4M/4MN/4MN L4986 W1995 H1705/4MN L5006 W1995 H1708/F1/F1 L4992 W1995 H1717/GE L4915 W1937 H1633/GE L4915 W1976 H1631,SUV,YXL
Audi Q8,Audi,Q8,2024-2026,F1 L5022 W2007 H1699,SUV,YXXL-525
Audi Quattro,Audi,Quattro,1980-1991,85,Coupe,3M-0
Audi R8,Audi,R8,2007-2026,4S/4S facelift/4S L4426 W1940 H1244/4S L4426 W1940 H1245/4S prefl/42/42 facelift/42 facelift L4440 W1904 H1244/42 facelift L4440 W1929 H1244/42 prefl/42 prefl L4434 W1904 H1244/42 prefl L4435 W1904 H1244,Convertible/Coupe,3M-0
Audi Super 90,Audi,Super 90,1966-1971,F103,Sedan,3M
Audi Tt,Audi,Tt,1998-2026,8J/8J3/8J3 L4178 W1842 H1352/8J3 L4198 W1842 H1345/8J9/8J9 facelift/8J9 prefl/8N/8N9/8N L4041 W1764 H1345/8N L4041 W1764 H1346/8N L4041 W1764 H1348/8N L4041 W1764 H1349/8S/8S L4177 W1832 H1353/8S L4177 W1832 H1355/8S L4191 W1832 H1343/8S L4191 W1832 H1345/8S L4191 W1832 H1353/8S L4191 W1832 H1355/8S L4199 W1832 H1343/8S L4199 W1832 H1345,Convertible/Coupe,3S-0
Audi V8,Audi,V8,1988-1994,D11,Sedan,3XL
Audi b2,Audi,b2,1980-1988,81/81 facelift/81 prefl/85,Coupe,3M-0
Audi b3,Audi,b3,1988-2000,8B/8B b3/8B b4/8B L4366 W1716 H1365/8B L4366 W1716 H1375/8B L4401 W1716 H1375/8B L4470 W1716 H1380/8G/89,Convertible/Coupe,3M-0
Austin 1000-Series mk ii,Austin,1000-Series mk ii,1970-1974,ADO16 2dr mk2/ADO16 2dr mk3/ADO16 mk2,Sedan,3S
Austin Allegro i,Austin,Allegro i,1973-1984,ADO67/ADO67 2dr s1/ADO67 2dr s2/ADO67 2dr s3/ADO67 facelift/ADO67 prefl,Sedan,3S
Austin Allegro i,Austin,Allegro i,1981-1983,ADO67,Wagon,2M
Austin Ambassador i fastback,Austin,Ambassador i fastback,1982-1984,,Hatchback,2XL
Austin Apache,Austin,Apache,1971-1974,ADO16,Sedan,3S
Austin Maestro,Austin,Maestro,1983-1990,LC10/LC10 L4049 W1687 H1422/LC10 L4049 W1687 H1429,Hatchback,2M
Austin Maxi i fastback,Austin,Maxi i fastback,1969-1980,ADO14,Hatchback,2M
Austin Maxi ii fastback,Austin,Maxi ii fastback,1980-1982,ADO14,Hatchback,2M
Austin Metro,Austin,Metro,1980-1990,LC8/LC8 3dr facelift/LC8 facelift/LC8 prefl/LC8 prefl L3405 W1549 H1361/LC8 prefl L3405 W1549 H1369,Hatchback,2S
Austin Mini,Austin,Mini,1959-1993,,Hatchback,无可用尺码
Austin Mini,Austin,Mini,1969-1980,,Hatchback,2S
Austin Mini,Austin,Mini,1969-1985,ADO20,Hatchback/Sedan,无可用尺码
Austin Montego,Austin,Montego,1984-1992,Incl: LM11/LM11 facelift/LM11 prefl,Wagon,2L+
Austin Montego,Austin,Montego,1984-1993,Incl: LM11 facelift/LM11 L4468 W1710 H1418/LM11 L4468 W1710 H1420/LM11 prefl,Sedan,3M
Austin Princess,Austin,Princess,1976-1982,ADO71/ADO71 prefl,Sedan,3M
Austin-healey 100,Austin-healey,100,1957-1959,,Convertible,3S-0
Austin-healey 3000 mk.i,Austin-healey,3000 mk.i,1959-1961,,Convertible,3S-0
Austin-healey 3000 mk.iii,Austin-healey,3000 mk.iii,1964-1968,BJ8,Convertible,3S-0
Austin-healey Sprite mk.iii,Austin-healey,Sprite mk.iii,1964-1966,HAN8,Convertible,无可用尺码
Austin-healey Sprite mk.iv,Austin-healey,Sprite mk.iv,1966-1971,HAN9,Convertible,无可用尺码
Auto Union Au 1000,Auto Union,Au 1000,1958-1964,Incl: 2dr/4dr,Sedan,3M
Auto Union Au 1000,Auto Union,Au 1000,1958-1965,facelift/prefl,Coupe,3S-0
Auto Union Dkw f10,Auto Union,Dkw f10,1950-1953,F10,Sedan,3S
Auto Union Dkw f102,Auto Union,Dkw f102,1964-1966,F102,Sedan,3M
Auto Union Dkw f11,Auto Union,Dkw f11,1959-1966,F11,Sedan,3S
Auto Union Dkw f12,Auto Union,Dkw f12,1962-1965,F12,Convertible,3S-0
Auto Union Dkw f12,Auto Union,Dkw f12,1963-1966,F12,Sedan,3S
Auto Union Dkw meisterklasse f,Auto Union,Dkw meisterklasse f,1950-1955,F89,Sedan,3S
Auto Union Dkw meisterklasse universal,Auto Union,Dkw meisterklasse universal,1951-1955,F89 U,Wagon,2M
Auto Union Dkw sonderklasse,Auto Union,Dkw sonderklasse,1953-1957,F93,Convertible,3M-0
Auto Union Dkw sonderklasse,Auto Union,Dkw sonderklasse,1953-1957,F91,Convertible,3S-0
Auto Union Dkw sonderklasse f,Auto Union,Dkw sonderklasse f,1955-1960,F93/F94,Sedan,3M
Auto Union Dkw sonderklasse f universal,Auto Union,Dkw sonderklasse f universal,1956-1960,F94 U,Wagon,2L+
Auto Union Dkw sonderklasse universal,Auto Union,Dkw sonderklasse universal,1953-1957,F91 U,Wagon,2M
Auto Union Munga,Auto Union,Munga,1956-1969,F91/4,SUV,无可用尺码
Auto Union Munga,Auto Union,Munga,1958-1960,F91/6,SUV,无可用尺码
Auto Union Munga,Auto Union,Munga,1962-1969,F91/6,SUV,无可用尺码
Auto Union Munga,Auto Union,Munga,1962-1969,F91/8,SUV,无可用尺码
Autobianchi A 111,Autobianchi,A 111,1969-1972,,Sedan,3S
Autobianchi A 112,Autobianchi,A 112,1969-1985,Incl: early/fl1/fl2/fl3/fl4/fl5/fl5 6/series1,Hatchback,2S
Autobianchi Bianchina,Autobianchi,Bianchina,1957-1969,,Convertible/Coupe,无可用尺码
Autobianchi Bianchina,Autobianchi,Bianchina,1960-1969,series2/series3,Wagon,2S
Autobianchi Bianchina berlina,Autobianchi,Bianchina berlina,1962-1969,,Sedan,无可用尺码
Autobianchi Primula,Autobianchi,Primula,1964-1970,Incl: L3715 W1580 H1350/L3785 W1580 H1350,Coupe,3S-0
Autobianchi Primula berlina,Autobianchi,Primula berlina,1964-1970,,Sedan,3S
Autobianchi Y10,Autobianchi,Y10,1985-1995,156/156 L3392 W1507 H1440/156 L3392 W1507 H1450/156 L3392 W1537 H1460/156 s1/156 s2,Hatchback,2S
BAC Mono,BAC,Mono,2019-2026,L3952 W1836 H1110/L3977 W1836 H1090,Convertible,3S-0
BAW Bj 212,BAW,Bj 212,2022-2026,,SUV,无可用尺码
BAW Pony,BAW,Pony,2022-2026,,Hatchback,2S
BMC Megastar,BMC,Megastar,2004-2010,290 M/290 V,Van,2XL
BMC Megastar,BMC,Megastar,2004-2010,360 M lowroof facelift/360 M lowroof prefl/360 MH/360 V lowroof facelift/360 V lowroof prefl/360 VH,Van,无可用尺码
BMW 1,BMW,1,2004-2026,E81/E87/E87 facelift/E87 prefl/F20/F20 5dr facelift/F20 5dr prefl/F20 facelift/F20 L4324 W1765 H1411/F20 L4324 W1765 H1421/F20 L4329 W1765 H1421/F20 L4340 W1765 H1411/F20 prefl/F21/F21 3dr facelift/F21 3dr prefl/F21 facelift/F21 L4324 W1765 H1411/F21 L4329 W1765 H1421/F21 prefl/F40/F70,Hatchback,2L+
BMW 1,BMW,1,2007-2013,E82/E88,Convertible/Coupe,3M-0
BMW 1500-2000,BMW,1500-2000,1962-1972,Incl: 121,Sedan,3M
BMW 1502-2002,BMW,1502-2002,1967-1977,Incl: E10,Sedan,3M
BMW 1502-2002,BMW,1502-2002,1967-1975,E10/fullcab/topcab,Convertible,3M-0
BMW 1502-2002,BMW,1502-2002,1971-1975,E6,Wagon,2M
BMW 1502-2002,BMW,1502-2002,1974-1975,E20,Sedan,3S
BMW 1600,BMW,1600,1967-1969,,Coupe,3S-0
BMW 2,BMW,2,2012-2026,F22/F22 L4432 W1774 H1418/F22 L4454 W1774 H1408/F23/F23 L4432 W1774 H1413/F23 L4454 W1774 H1403/F44/F74/F87/G42/G42 L4537 W1838 H1390/G42 L4548 W1838 H1397/G42 L4548 W1838 H1404,Convertible/Coupe,3M-0
BMW 2,BMW,2,2013-2026,F45/F45 facelift/F45 prefl/U06,MPV,2L+
BMW 2,BMW,2,2014-2026,F46/F46 facelift/F46 facelift L4568 W1800 H1612/F46 facelift L4568 W1800 H1641/F46 prefl/F46 prefl L4556 W1800 H1612/F46 prefl L4556 W1800 H1641,MPV,2XL
BMW 2,BMW,2,2022-2026,G87,Coupe,3L-0
BMW 2.5-3.2,BMW,2.5-3.2,1969-1976,E9,Coupe,3L-0
BMW 2000,BMW,2000,1965-1970,120,Coupe,3M-0
BMW 2500-3.3,BMW,2500-3.3,1968-1977,E3,Sedan,3L
BMW 2500-3.3,BMW,2500-3.3,1974-1976,E3,Sedan,4S
BMW 2500-3.3,BMW,2500-3.3,1975-1977,E3 L4700 W1750 H1450,Sedan,3L
BMW 2500-3.3,BMW,2500-3.3,1975-1977,E3 L4800 W1750 H1450,Sedan,4S
BMW 3,BMW,3,1975-2011,2S/E21/E30/E30 2dr L4325 W1645 H1380/E30 2dr L4325 W1662 H1400/E36 L4433 W1698 H1365/E36 L4433 W1698 H1393/E90 facelift/E90 prefl,Sedan,3M
BMW 3,BMW,3,1985-2006,E30 facelift/E30 prefl/E36 L4433 W1710 H1335/E36 L4433 W1710 H1366/E46 L4488 W1757 H1369/E46 L4492 W1780 H1372,Convertible/Coupe,3M-0
BMW 3,BMW,3,1987-1994,5/E30,Wagon,2L+
BMW 3,BMW,3,1987-2007,2/2C/E30/E36/E46,Convertible,3M-0
BMW 3,BMW,3,1990-1998,E36,Sedan,3M
BMW 3,BMW,3,1991-1999,E36,Coupe,3M-0
BMW 3,BMW,3,1991-1999,E36/2,Coupe,3M-0
BMW 3,BMW,3,1994-2005,5/E36/E46,Hatchback,2L+
BMW 3,BMW,3,1995-1999,E36,Wagon,2L+
BMW 3,BMW,3,1995-1999,E36/3,Wagon,2L+
BMW 3,BMW,3,1995-1998,E36/4,Sedan,3M
BMW 3,BMW,3,1997-2007,E46,Sedan,3M
BMW 3,BMW,3,1998-2005,E46/4,Sedan,3M
BMW 3,BMW,3,1998-2006,E46/2,Coupe,3M-0
BMW 3,BMW,3,1999-2007,E46,Wagon,2L+
BMW 3,BMW,3,1999-2005,E46/3,Wagon,2L+
BMW 3,BMW,3,1999-2001,E46,Coupe,3M-0
BMW 3,BMW,3,2000-2005,E46/3 L4478 W1739 H1409,Wagon,2L+
BMW 3,BMW,3,2000-2005,E46/3 L4478 W1739 H1429,Wagon,2L+
BMW 3,BMW,3,2000-2005,E46/4 L4471 W1739 H1415,Sedan,3M
BMW 3,BMW,3,2000-2005,E46/4 L4471 W1739 H1434,Sedan,3M
BMW 3,BMW,3,2003-2006,E46,Coupe,3M-0
BMW 3,BMW,3,2004-2026,E91/E91 facelift/E91 prefl/E91 prefl L4520 W1817 H1418/E91 prefl L4520 W1820 H1440/F31/F31 facelift/F31 facelift L4633 W1811 H1429/F31 facelift L4633 W1811 H1434/F31 L4624 W1811 H1429/F31 L4624 W1811 H1434/F31 L4633 W1811 H1429/F31 L4633 W1811 H1434/F31 prefl/F31 prefl L4624 W1811 H1429/F31 prefl L4624 W1811 H1434/F34/G21/G21 facelift/G21 facelift L4713 W1827 H1440/G21 facelift L4713 W1827 H1445/G21 L4709 W1827 H1440/G21 L4709 W1827 H1442/G21 L4709 W1827 H1445/G21 prefl/G81,Hatchback/Wagon,2XL
BMW 3,BMW,3,2004-2011,E90,Sedan,3M
BMW 3,BMW,3,2006-2013,E92/E92 facelift/E92 facelift L4612 W1782 H1375/E92 facelift L4612 W1782 H1395/E92 L4612 W1782 H1375/E92 L4612 W1782 H1395/E92 L4615 W1804 H1424/E92 L4645 W1804 H1387/E92 prefl/E93/E93 facelift/E93 prefl,Convertible/Coupe,3L-0
BMW 3,BMW,3,2007-2011,E90,Sedan,3L
BMW 3,BMW,3,2011-2026,F30/F30 facelift/F30 facelift L4633 W1811 H1429/F30 facelift L4633 W1811 H1434/F30 L4624 W1811 H1429/F30 L4624 W1811 H1434/F30 L4633 W1811 H1429/F30 L4633 W1811 H1434/F30 prefl/F30 prefl L4624 W1811 H1429/F30 prefl L4624 W1811 H1434/F80/G20/G20 facelift/G20 L4709 W1827 H1435/G20 L4709 W1827 H1440/G20 L4709 W1827 H1442/G20 L4709 W1827 H1444/G20 L4713 W1827 H1440/G20 L4713 W1827 H1445/G20 prefl,Sedan,3L
BMW 3,BMW,3,2020-2026,G80,Sedan,4S
BMW 315,BMW,315,1934-1937,315,Sedan,3S
BMW 315,BMW,315,1934-1937,315,Convertible,3S-0
BMW 315 roadster,BMW,315 roadster,1934-1935,315/1,Convertible,3S-0
BMW 319,BMW,319,1934-1937,319,Sedan,3S
BMW 319,BMW,319,1934-1937,319,Convertible,3S-0
BMW 319 roadster,BMW,319 roadster,1935-1936,319/1,Convertible,3S-0
BMW 320,BMW,320,1937-1938,320,Sedan,3M
BMW 320,BMW,320,1937-1938,320,Convertible,3M-0
BMW 321,BMW,321,1938-1941,321,Sedan,3M
BMW 321,BMW,321,1938-1941,321,Convertible,3M-0
BMW 326,BMW,326,1936-1941,326,Sedan,3L
BMW 326,BMW,326,1936-1941,326,Convertible,3L-0
BMW 340,BMW,340,1949-1952,,Sedan,3L
BMW 4,BMW,4,2013-2021,F32/F32 L4638 W1825 H1362/F32 L4638 W1825 H1377/F33/F33 L4638 W1825 H1384/F33 L4638 W1825 H1399/F82/F83,Convertible/Coupe,3L-0
BMW 4,BMW,4,2020-2026,Incl: G22/G22 L4768 W1852 H1383/G22 L4768 W1852 H1390/G22 L4770 W1852 H1386/G22 L4770 W1852 H1393/G23/G23 L4768 W1852 H1384/G23 L4768 W1852 H1391/G23 L4770 W1852 H1387/G23 L4770 W1852 H1394/G26/G82/G82 L4801 W1887 H1398/G82 L4801 W1918 H1399/G83,Convertible/Coupe,4S
BMW 5,BMW,5,1972-1995,E12/E28/E28 L4620 W1700 H1397/E28 L4620 W1700 H1415/E28 m535i/E28S/E34/E34 L4720 W1751 H1392/E34 L4720 W1751 H1412/E34 L4720 W1751 H1421,Sedan,3L
BMW 5,BMW,5,1991-2004,5/E34/E34 L4720 W1751 H1417/E34 L4720 W1751 H1422/E39,Wagon,2XL
BMW 5,BMW,5,1995-2003,E39/E39 L4775 W1800 H1435/E39 L4784 W1800 H1437,Sedan,4S
BMW 5,BMW,5,2001-2010,E60,Sedan,4S
BMW 5,BMW,5,2004-2009,E60,Sedan,3XL
BMW 5,BMW,5,2004-2026,E61/E61 L4843 W1846 H1491/E61 L4855 W1846 H1512/F07/F07 facelift/F07 prefl/F11/G31/G31 facelift/G31 prefl/G61 L5060 W1900 H1505/G61 L5060 W1900 H1515,Hatchback/Wagon,5L
BMW 5,BMW,5,2009-2026,F10/F10 facelift/F10 facelift L4907 W1860 H1464/F10 facelift L4910 W1891 H1467/F10 L4907 W1860 H1464/F10 L4910 W1891 H1457/F10 lci/F10 prefl/F10 prefl L4899 W1860 H1464/F10 prefl L4910 W1891 H1456/F90/F90 facelift/F90 prefl/G30/G30 facelift/G30 facelift L4963 W1868 H1479/G30 facelift L4963 W1868 H1483/G30 L4936 W1868 H1466/G30 L4936 W1868 H1479/G30 L4936 W1868 H1483/G30 L4962 W1868 H1467/G30 L4963 W1868 H1479/G30 L4963 W1868 H1483/G30 prefl/G30 prefl L4936 W1868 H1479/G30 prefl L4936 W1868 H1483,Sedan,3XL
BMW 5,BMW,5,2023-2026,G60/G60 L5060 W1900 H1505/G60 L5060 W1900 H1515/G90,Sedan,3XXL-520
BMW 5,BMW,5,2024-2026,G99,Wagon,5XL
BMW 501,BMW,501,1952-1959,501,Sedan,3L
BMW 502,BMW,502,1954-1963,502,Sedan,3L
BMW 503,BMW,503,1957-1961,,Convertible,4S
BMW 507,BMW,507,1956-1959,507,Convertible,3M-0
BMW 6,BMW,6,1975-2010,E24/E24 early/E24 facelift/E24 late/E24 prefl/E63/E63 L4820 W1855 H1373/E63 L4820 W1855 H1374/E64 L4820 W1855 H1373/E64 L4820 W1855 H1374,Convertible/Coupe,4S
BMW 6,BMW,6,2004-2010,E64,Convertible,4S
BMW 6,BMW,6,2005-2018,E63 L4871 W1855 H1372/F12/F12 L4894 W1894 H1365/F12 L4898 W1899 H1368/F13/F13 L4894 W1894 H1369/F13 L4898 W1899 H1374/F13M,Convertible/Coupe,3XL-0
BMW 6,BMW,6,2006-2010,E64,Convertible,3XL-0
BMW 6,BMW,6,2017-2026,G32,Hatchback,5XL
BMW 600,BMW,600,1957-1961,600,Hatchback,无可用尺码
BMW 7,BMW,7,1977-2008,E23/E32 lwb/E32 swb/E32 swb L4910 W1845 H1400/E32 swb L4910 W1845 H1411/E38/E38 swb/E65/E65 facelift/E65 prefl,Sedan,3XL
BMW 7,BMW,7,1994-2022,E38 lwb/E66/E66 lwb facelift/E66 lwb prefl/F01/F01 facelift/F01 prefl/F01 swb facelift/F01 swb prefl/F04/G11/G11 facelift/G11 prefl/G11 swb facelift/G11 swb prefl,Sedan,3XXL-520
BMW 7,BMW,7,2008-2026,F02/F02 lwb facelift L5219 W1902 H1471/F02 lwb facelift L5219 W1902 H1481/F02 lwb prefl L5212 W1902 H1479/F02 lwb prefl L5212 W1902 H1484/G12/G12 lwb facelift/G12 lwb prefl/G70,Sedan,3XXL-550
BMW 700,BMW,700,1959-1966,lwb,Sedan,3S
BMW 700,BMW,700,1959-1966,L3540 W1480 H1250/L3540 W1480 H1270/swb,Coupe/Sedan,无可用尺码
BMW 8,BMW,8,1990-1999,E31,Coupe,4S
BMW 8,BMW,8,2018-2026,G14,Convertible,3XL-0
BMW 8,BMW,8,2018-2026,G15,Coupe,3XL-0
BMW 8,BMW,8,2018-2026,G14,Convertible,4S
BMW 8,BMW,8,2018-2026,G15,Coupe,4S
BMW 8,BMW,8,2019-2026,F91/F92,Convertible/Coupe,3XL-0
BMW 8,BMW,8,2019-2026,G16,Coupe,3XXL-520-0
BMW Glas,BMW,Glas,1967-1968,,Coupe,3L-0
BMW I3,BMW,I3,2013-2026,I01/I01 facelift/I01 prefl/I01S,Hatchback,2M
BMW I3,BMW,I3,2026,,Sedan,4S
BMW I8,BMW,I8,2014-2020,I12/I15,Convertible/Coupe,3L-0
BMW Isetta,BMW,Isetta,1956-1963,Incl: early/late,Coupe,无可用尺码
BMW Ix,BMW,Ix,2021-2026,I20,SUV,YXL
BMW Ix3,BMW,Ix3,2020-2026,G08/NA5,SUV,YL
BMW M1,BMW,M1,1979-1983,E26,Coupe,3M-0
BMW V8,BMW,V8,1954-1958,502,Coupe,3L-0
BMW V8,BMW,V8,1958-1964,,Sedan,3L
BMW V8,BMW,V8,1962-1966,,Coupe,4S
BMW X1,BMW,X1,2009-2026,E84/E84 facelift/E84 prefl/F48 facelift/F48 L4447 W1821 H1582/F48 L4447 W1821 H1598/F48 prefl/U11/U11 L4500 W1845 H1616/U11 L4500 W1845 H1642/U11 L4505 W1845 H1642,SUV,YM
BMW X2,BMW,X2,2017-2026,F39/U10 L4554 W1845 H1560/U10 L4554 W1845 H1590/U10 L4567 W1845 H1575,SUV,YM
BMW X3,BMW,X3,2003-2011,E83/E83 facelift/E83 prefl,SUV,YM
BMW X3,BMW,X3,2010-2026,F25/F25 facelift/F25 prefl/F97 L4726 W1897 H1667/F97 L4726 W1897 H1669/G01/G01 L4708 W1891 H1676/G01 L4716 W1897 H1676/G08/G45,SUV,YL
BMW X4,BMW,X4,2014-2026,F26/F26 L4671 W1881 H1624/F26 L4671 W1901 H1624/F98 L4758 W1927 H1618/F98 L4758 W1927 H1620/G02/G02 L4733 W1938 H1621/G02 L4752 W1918 H1621/G02 L4752 W1938 H1621,SUV,YL
BMW X5,BMW,X5,2000-2006,E53/E53 L4666 W1872 H1717/E53 L4667 W1872 H1707/E53 L4667 W1872 H1715,SUV,YL
BMW X5,BMW,X5,2006-2026,E70/E70 facelift/E70 L4854 W1933 H1766/E70 L4854 W1933 H1776/E70 prefl/F15/F85/F95/G05/G05 L4935 W2004 H1755/G05 L4935 W2004 H1765,SUV,YXL
BMW X6,BMW,X6,2007-2026,E71/E71 facelift/E71 prefl/E72/F16/F86/F96/F96 L4953 W2019 H1692/F96 L4953 W2019 H1693/G06,SUV,YXL
BMW X7,BMW,X7,2019-2026,G07,SUV,YXXL-525
BMW Xm,BMW,Xm,2022-2026,G09,SUV,YXXL-525
BMW Z1 roadster,BMW,Z1 roadster,1988-1991,E30Z,Convertible,3S-0
BMW Z3,BMW,Z3,1998-2003,E36/8,Coupe,3S-0
BMW Z3,BMW,Z3,1998-2000,E36/8 L4025 W1740 H1280,Coupe,3S-0
BMW Z3,BMW,Z3,1998-2000,E36/8 L4026 W1740 H1306,Coupe,3S-0
BMW Z3 roadster,BMW,Z3 roadster,1995-2003,E36/7,Convertible,3S-0
BMW Z3 roadster,BMW,Z3 roadster,1998-2003,E36/7 facelift,Convertible,3S-0
BMW Z3 roadster,BMW,Z3 roadster,1998-2003,E36/7 prefl,Convertible,3S-0
BMW Z4,BMW,Z4,2006-2008,E86 L4091 W1781 H1268/E86 L4113 W1781 H1271,Coupe,3S-0
BMW Z4 roadster,BMW,Z4 roadster,2002-2009,E85/E85 L4091 W1781 H1299/E85 L4113 W1781 H1302,Convertible,3S-0
BMW Z4 roadster,BMW,Z4 roadster,2009-2026,E89/G29,Convertible,3M-0
BMW Z8 roadster,BMW,Z8 roadster,2000-2003,E52,Convertible,3M-0
BYD Atto 2,BYD,Atto 2,2024-2026,Incl: L4310 W1830 H1675/L4330 W1830 H1675,SUV,YM
BYD Atto 3,BYD,Atto 3,2022-2026,,SUV,YM
BYD Atto 3/atto 3 evo,BYD,Atto 3/atto 3 evo,2022-2026,,SUV,YM
BYD Dolphin,BYD,Dolphin,2021-2026,L4150 W1770 H1570,Hatchback,2L+
BYD Dolphin,BYD,Dolphin,2021-2026,L4070 W1770 H1570,Hatchback,2M
BYD Dolphin,BYD,Dolphin,2023-2026,,Hatchback,2L+
BYD Dolphin,BYD,Dolphin,2025-2026,,Hatchback,2M
BYD Etp3,BYD,Etp3,2020-2026,,Van,2L+
BYD Han,BYD,Han,2022-2026,,Sedan,3XL
BYD Seal,BYD,Seal,2022-2026,Incl: L4780 W1837 H1515/L4800 W1875 H1460/L4840 W1875 H1495,Sedan,4S
BYD Seal,BYD,Seal,2023-2026,L4980 W1890 H1495,Sedan,3XL
BYD Seal,BYD,Seal,2024-2026,L4775 W1890 H1670/L4785 W1890 H1668,SUV,YL
BYD Seal,BYD,Seal,2025-2026,,Wagon,5L
BYD Sealion 7,BYD,Sealion 7,2024-2026,,SUV,YL
BYD Song pro,BYD,Song pro,2025-2026,,SUV,YL
BYD Tang,BYD,Tang,2020-2026,,SUV,YXL
Baic Beijing x55,Baic,Beijing x55,2024-2026,,SUV,YM
Baic Bj30,Baic,Bj30,2024-2026,,SUV,YL
Baic Bj60,Baic,Bj60,2024-2026,,SUV,YXXL-525
Baic Senova x25,Baic,Senova x25,2015-2026,,SUV,YM
Baic Senova x35,Baic,Senova x35,2016-2026,,SUV,YM
Baic Senova x55,Baic,Senova x55,2023-2026,,SUV,YM
Baic Senova x65,Baic,Senova x65,2015-2026,,SUV,YL
Baic X35,Baic,X35,2025-2026,,SUV,YM
Baic X75,Baic,X75,2024-2026,,SUV,YL
Barkas B 1000,Barkas,B 1000,1967-1991,Incl: B1000,Bus/Van,2XL
Bedford Blitz,Bedford,Blitz,1969-1987,Incl: swb,Van,2L+
Bedford Blitz,Bedford,Blitz,1973-1987,lwb,Van,5L
Beijing X3,Beijing,X3,2019-2026,,SUV,YM
Beijing X7,Beijing,X7,2023-2026,,SUV,YL
Bentley Arnage,Bentley,Arnage,1998-2026,Incl: L5400 W1900 H1515/L5400 W1932 H1515,Sedan,3XXL-550
Bentley Azure,Bentley,Azure,1995-2026,,Convertible,3XXL-550-0
Bentley Bentayga,Bentley,Bentayga,2015-2026,Incl: 4V,SUV,YXXL-525
Bentley Brooklands,Bentley,Brooklands,1992-1997,,Sedan,3XXL-550
Bentley Brooklands,Bentley,Brooklands,2008-2026,,Coupe,3XXL-550-0
Bentley Continental,Bentley,Continental,1989-1992,D,Convertible,3XXL-520-0
Bentley Continental,Bentley,Continental,1991-2002,Incl: L5222 W1872 H1447/L5342 W1872 H1462,Coupe,3XXL-550-0
Bentley Continental,Bentley,Continental,2003-2026,,Coupe,4S
Bentley Continental,Bentley,Continental,2005-2013,Incl: 3W/facelift/prefl,Sedan,3XXL-550
Bentley Continental,Bentley,Continental,2006-2026,,Convertible,4S
Bentley Continental,Bentley,Continental,2007-2018,3W/gen1/gen2/L4804 W1916 H1388/L4806 W1943 H1393/L4806 W1944 H1393/L4806 W1944 H1403/L4807 W1918 H1398/L4818 W1947 H1390,Convertible/Coupe,4S
Bentley Continental,Bentley,Continental,2024-2026,,Convertible,3XL-0
Bentley Continental,Bentley,Continental,2024-2026,,Coupe,3XL-0
Bentley Flying spur,Bentley,Flying spur,2013-2026,Incl: L5295 W1976 H1488/L5299 W1976 H1488,Sedan,3XXL-550
Bentley Mulsanne,Bentley,Mulsanne,1981-1992,Incl: N/S,Sedan,3XXL-550
Bentley Mulsanne,Bentley,Mulsanne,2009-2020,,Sedan,4XL
Bentley T1 series,Bentley,T1 series,1974-1976,,Sedan,3XXL-520
Bentley Turbo r,Bentley,Turbo r,1985-1998,Incl: SZ early lwb/SZ early swb/SZ late lwb/SZ late swb,Sedan,3XXL-550
Bertone Freeclimber,Bertone,Freeclimber,1989-1999,,SUV,无可用尺码
Bestune B70,Bestune,B70,2025-2026,,Hatchback,2XL
Bestune Joyee 07,Bestune,Joyee 07,2025-2026,,SUV,YL
Bestune T77,Bestune,T77,2020-2026,,SUV,YM
Bestune T90,Bestune,T90,2025-2026,,SUV,YL
Bitter Type 3,Bitter,Type 3,1987-1992,,Convertible,3M-0
Bizzarrini Gt,Bizzarrini,Gt,1964-1968,early/late,Coupe,3M-0
Bizzarrini Gt,Bizzarrini,Gt,1967-1969,,Coupe,3S-0
Borgward Bx7,Borgward,Bx7,2016-2021,,SUV,YL
Borgward Isabella,Borgward,Isabella,1955-1961,facelift/prefl,Sedan,3M
Borgward Isabella,Borgward,Isabella,1957-1961,facelift/prefl,Coupe,3M-0
Brilliance Bs4,Brilliance,Bs4,2007-2026,,Sedan,3L
Brilliance Bs6,Brilliance,Bs6,2007-2026,,Sedan,3XL
Bristol 411,Bristol,411,1973-1976,,Coupe,3XL-0
Bugatti Chiron,Bugatti,Chiron,2016-2026,,Coupe,3M-0
Bugatti Chiron,Bugatti,Chiron,2021-2026,,Coupe,3L-0
Bugatti Divo,Bugatti,Divo,2018-2026,,Coupe,3L-0
Bugatti Eb 110,Bugatti,Eb 110,1991-1996,,Coupe,3M-0
Bugatti Mistral,Bugatti,Mistral,2024-2026,,Convertible,3L-0
Bugatti Veyron eb 16.4,Bugatti,Veyron eb 16.4,2003-2012,,Coupe,3M-0
Bugatti Veyron grand sport eb 16.4,Bugatti,Veyron grand sport eb 16.4,2009-2026,,Targa,3M-0
Buick Century,Buick,Century,1977-1996,Incl: A/A my1978/A my1979/A my1980 81,Wagon,5L
Buick Century,Buick,Century,1978-1979,A,Sedan,3XL
Buick Century,Buick,Century,1981-1996,Incl: A/A facelift/A/A prefl/facelift/prefl,Coupe/Sedan,4S
Buick Electra,Buick,Electra,1981-1984,C,Sedan,4XL
Buick Electra,Buick,Electra,1984-1990,C/C facelift/C prefl,Sedan,3XL
Buick Electra,Buick,Electra,1990-1991,C,Sedan,3XXL-550
Buick Enclave,Buick,Enclave,2007-2008,,SUV,YXXL-525
Buick Lesabre,Buick,Lesabre,1986-1987,H,Sedan,3XL
Buick Lesabre,Buick,Lesabre,1991-2026,Incl: H,Sedan,3XXL-520
Buick Park avenue,Buick,Park avenue,1990-2005,C facelift/C prefl/C-body/G facelift/G prefl,Sedan,3XXL-550
Buick Regal,Buick,Regal,1987-1997,W/W coupe 1994/W coupe 1995,Coupe,3XL-0
Buick Regal,Buick,Regal,1988-1997,W sedan 1994/W sedan 1995/W/W sedan 1992,Sedan,3XL
Buick Roadmaster,Buick,Roadmaster,1990-1992,B,Wagon,无可用尺码
Buick Skylark,Buick,Skylark,1979-1982,X 1982/X pre82,Sedan,3L
Buick Skylark,Buick,Skylark,1992-1999,Incl: N,Sedan,4S
Cadillac Allante,Cadillac,Allante,1988-1993,,Convertible,3M-0
Cadillac Ats,Cadillac,Ats,2013-2026,Alpha,Sedan,3L
Cadillac Ats,Cadillac,Ats,2013-2026,Alpha,Coupe,3L-0
Cadillac Bls,Cadillac,Bls,2006-2026,,Sedan,3L
Cadillac Bls,Cadillac,Bls,2007-2026,,Wagon,2XL
Cadillac Ct6,Cadillac,Ct6,2016-2019,Omega prefl,Sedan,3XXL-520
Cadillac Ct6,Cadillac,Ct6,2016-2019,Omega facelift,Sedan,3XXL-550
Cadillac Cts,Cadillac,Cts,2002-2007,Incl: Sigma L4829 W1793 H1440,Sedan,4S
Cadillac Cts,Cadillac,Cts,2003-2007,Sigma,Sedan,4S
Cadillac Cts,Cadillac,Cts,2004-2005,Sigma,Sedan,3XL
Cadillac Cts,Cadillac,Cts,2005-2026,Alpha/L4859 W1842 H1473/L4866 W1842 H1472/Sigma II/Sigma L4864 W1793 H1455,Sedan,3XL
Cadillac Cts,Cadillac,Cts,2008-2026,,Sedan,3XL
Cadillac Cts,Cadillac,Cts,2008-2026,Incl: Sigma II,Coupe,4S
Cadillac Cts,Cadillac,Cts,2008-2026,Incl: Sigma II,Wagon,5L
Cadillac Deville,Cadillac,Deville,1976-1984,C-body,Coupe/Sedan,4XL
Cadillac Deville,Cadillac,Deville,1993-2005,K,Sedan,3XXL-550
Cadillac Deville,Cadillac,Deville,1996-1999,K-body,Sedan,3XXL-550
Cadillac Eldorado,Cadillac,Eldorado,1974-1976,E-body,Convertible/Coupe,4XL
Cadillac Eldorado,Cadillac,Eldorado,1980-1982,E-body,Coupe,3XXL-520-0
Cadillac Eldorado,Cadillac,Eldorado,1985-1987,E-body,Coupe,4S
Cadillac Eldorado,Cadillac,Eldorado,1993-2002,Incl: E-body latefl/E-body midfl/E-body prefl,Coupe,3XXL-520-0
Cadillac Escalade,Cadillac,Escalade,1998-2020,Incl: GMT400/GMT820/GMT900,SUV,YXXL-525
Cadillac Escalade,Cadillac,Escalade,2024-2026,,SUV,YXXL-585
Cadillac Fleetwood,Cadillac,Fleetwood,1974-1976,,Sedan,4XXL
Cadillac Fleetwood,Cadillac,Fleetwood,1976-1979,,Sedan,4XL
Cadillac Fleetwood,Cadillac,Fleetwood,1979-1985,,Coupe,4XL
Cadillac Fleetwood,Cadillac,Fleetwood,1979-1986,D/D 1980/D 1981,Sedan,4XL
Cadillac Fleetwood,Cadillac,Fleetwood,1982-1985,,Sedan,4XL
Cadillac Fleetwood,Cadillac,Fleetwood,1988-1993,D,Sedan,4XL
Cadillac Fleetwood,Cadillac,Fleetwood,1990-1993,C,Sedan,3XXL-550
Cadillac Fleetwood,Cadillac,Fleetwood,1992-1997,D,Sedan,4XXL
Cadillac Lyriq,Cadillac,Lyriq,2023-2026,,SUV,YXL
Cadillac Optiq,Cadillac,Optiq,2025-2026,L4820 W1913 H1644/L4821 W1913 H1643,SUV,YL
Cadillac Seville,Cadillac,Seville,1979-1985,Incl: K,Sedan,3XXL-550
Cadillac Seville,Cadillac,Seville,1987-1990,,Sedan,3XXL-550
Cadillac Seville,Cadillac,Seville,1987-1991,,Sedan,4S
Cadillac Seville,Cadillac,Seville,1990-1997,K,Sedan,4S
Cadillac Seville,Cadillac,Seville,1992-1993,,Sedan,3XXL-520
Cadillac Seville,Cadillac,Seville,1997-2004,,Sedan,3XL
Cadillac Srx,Cadillac,Srx,2003-2009,Incl: L4950 W1844 H1722/L4950 W1845 H1670,SUV,YXL
Cadillac Srx,Cadillac,Srx,2009-2016,L4834 W1910 H1669/L4834 W1912 H1670,SUV,YL
Cadillac Srx,Cadillac,Srx,2012-2016,,SUV,YL
Cadillac Sts,Cadillac,Sts,2004-2012,Incl: GMX295,Sedan,3XL
Cadillac Vistiq,Cadillac,Vistiq,2025-2026,,SUV,YXXL-525
Cadillac Xlr,Cadillac,Xlr,2004-2009,Incl: X215,Convertible,3M-0
Cadillac Xt4,Cadillac,Xt4,2018-2026,Incl: E2XX,SUV,YM
Cadillac Xt5,Cadillac,Xt5,2016-2026,,SUV,YL
Callaway C12,Callaway,C12,1998-2003,,Convertible/Coupe,4S
Casalini M12,Casalini,M12,2013-2026,,Hatchback,无可用尺码
Casalini M20,Casalini,M20,2018-2026,,Hatchback,无可用尺码
Caterham Aeroseven,Caterham,Aeroseven,2015-2026,,Convertible,3S-0
Caterham Seven,Caterham,Seven,1986-2026,Incl: CF/L3180 W1470 H1090/L3180 W1575 H1090/S3/SV,Convertible,无可用尺码
Cenntro Logistar 100,Cenntro,Logistar 100,2022-2026,,Van,2M
Cenntro Logistar 200,Cenntro,Logistar 200,2021-2026,,Van,2L+
Cenntro Logistar 260,Cenntro,Logistar 260,2023-2026,,Van,无可用尺码
Cenntro Logistar 400,Cenntro,Logistar 400,2019-2026,,Van,无可用尺码
Cenntro Metro,Cenntro,Metro,2019-2026,,Van,2M
Cenntro Neibor 200,Cenntro,Neibor 200,2021-2026,,Van,2S
Changan X5,Changan,X5,2025-2026,,SUV,YM
Chatenet Ch40,Chatenet,Ch40,2018-2026,,Hatchback,无可用尺码
Chatenet Ch46,Chatenet,Ch46,2019-2026,,Hatchback,无可用尺码
Chery Omoda 5,Chery,Omoda 5,2022-2026,,SUV,YM
Chery Tiggo 4,Chery,Tiggo 4,2018-2026,Incl: T1X,SUV,YM
Chery Tiggo 7,Chery,Tiggo 7,2025-2026,,SUV,YM
Chery Tiggo 8,Chery,Tiggo 8,2025-2026,,SUV,YL
Chery Tiggo 8 plus,Chery,Tiggo 8 plus,2025-2026,,SUV,YL
Chery Tiggo 9,Chery,Tiggo 9,2025-2026,,SUV,YL
Chevrolet Alero,Chevrolet,Alero,1999-2004,,Sedan,4S
Chevrolet Astro,Chevrolet,Astro,1984-1985,M-body,Van,2L+
Chevrolet Astro,Chevrolet,Astro,1984-1994,M-body swb,Van,2L+
Chevrolet Astro,Chevrolet,Astro,1984-1994,M-body lwb,Van,2XL
Chevrolet Astro,Chevrolet,Astro,1994-2005,M-body,Van,2XL
Chevrolet Astro extended cargo van,Chevrolet,Astro extended cargo van,1994-2005,M-body,Van,2XL
Chevrolet Astro standard cargo van,Chevrolet,Astro standard cargo van,1994-2005,M-body,Van,2XL
Chevrolet Aveo,Chevrolet,Aveo,2011-2026,T300,Hatchback,2M
Chevrolet Aveo,Chevrolet,Aveo,2011-2026,T300,Sedan,3M
Chevrolet Aveo / kalos,Chevrolet,Aveo / kalos,2003-2026,T200,Hatchback,2M
Chevrolet Aveo / kalos,Chevrolet,Aveo / kalos,2003-2026,T200,Sedan,3M
Chevrolet Aveo / kalos,Chevrolet,Aveo / kalos,2008-2012,T250,Hatchback,2M
Chevrolet Aveo / kalos,Chevrolet,Aveo / kalos,2008-2026,T255,Hatchback,2M
Chevrolet Aveo / kalos,Chevrolet,Aveo / kalos,2008-2026,T250,Sedan,3M
Chevrolet Bel air,Chevrolet,Bel air,1972-1975,B-body 1973/B-body 1974/B-body 1975,Sedan,4XL
Chevrolet Beretta,Chevrolet,Beretta,1988-1996,L/L 94on/L pre94,Coupe,4S
Chevrolet Blazer s10,Chevrolet,Blazer s10,1994-2005,4dr facelift/4dr late,SUV,YL
Chevrolet Blazer s10,Chevrolet,Blazer s10,1994-2002,GMT330 facelift,SUV,YL
Chevrolet Blazer s10,Chevrolet,Blazer s10,1994-2005,2dr/2dr facelift/2dr late/2dr prefl/2dr zr2/4dr/4dr prefl/GMT330 prefl,SUV,YM
Chevrolet Blazer s10,Chevrolet,Blazer s10,1994-2005,GMT330 facelift,SUV,YM
Chevrolet Camaro,Chevrolet,Camaro,1970-2002,Incl: F 74 76/F 79 81/F 85 90/F 91 92/F 1977/F 1978/F-body/F-body 1974/F-body 1976/F-body facelift/F-body L4877 W1849 H1278,Convertible/Coupe,3XL-0
Chevrolet Camaro,Chevrolet,Camaro,1970-2026,Incl: Alpha/F 82 84/F 1970/F 1971/F 1972/F 1973/F-body 1972/F-body 1973/F-body L4775 W1849 H1270/Zeta facelift/Zeta prefl,Coupe,4S
Chevrolet Camaro,Chevrolet,Camaro,2011-2026,Alpha/Zeta facelift/Zeta prefl,Convertible,4S
Chevrolet Caprice,Chevrolet,Caprice,1969-1970,,Coupe,4L
Chevrolet Caprice,Chevrolet,Caprice,1973-1976,B-body/B-body 1975/B-body 1976,Coupe/Sedan,4XL
Chevrolet Caprice,Chevrolet,Caprice,1976-1996,Incl: 1977/1978 1979/B facelift/B prefl/B-body/B-body 1978 1979/B-body 1980 1984/B-body 1985 1987/B-body facelift/B-body prefl/B/B-body/B/B-body 1977,Sedan,3XXL-550
Chevrolet Caprice,Chevrolet,Caprice,1976-1984,1981/1982 1983/1984/B-body 1977/B-body 1978 1979,Coupe,3XXL-550-0
Chevrolet Caprice,Chevrolet,Caprice,1980-1990,B-body,Wagon,无可用尺码
Chevrolet Caprice,Chevrolet,Caprice,1990-1996,B,Wagon,无可用尺码
Chevrolet Captiva,Chevrolet,Captiva,2006-2026,Incl: C100/C140,SUV,YL
Chevrolet Cavalier,Chevrolet,Cavalier,1989-1996,J facelift/J gen2/J gen3,Sedan,3L
Chevrolet Cavalier,Chevrolet,Cavalier,1989-1994,J facelift,Coupe,3L-0
Chevrolet Cavalier,Chevrolet,Cavalier,1989-1991,J prefl,Sedan,3M
Chevrolet Cavalier,Chevrolet,Cavalier,1989-1994,J prefl,Coupe,3M-0
Chevrolet Cavalier convertible,Chevrolet,Cavalier convertible,1989-1991,J,Convertible,3L-0
Chevrolet Celebrity,Chevrolet,Celebrity,1981-1986,A-body 1982 1983/A-body 1984 1985/A-body 1986,Sedan,4S
Chevrolet Chevelle,Chevrolet,Chevelle,1973-1974,1974/1975,Sedan,3XXL-550
Chevrolet Corsa,Chevrolet,Corsa,1997-2002,GM4200,Sedan,3S
Chevrolet Corsica,Chevrolet,Corsica,1989-1996,Incl: L,Sedan,3L
Chevrolet Corvette,Chevrolet,Corvette,1971-1978,Incl: 1972/1973/1974/C3,Coupe,3L-0
Chevrolet Corvette,Chevrolet,Corvette,1983-1984,,Coupe,3M-0
Chevrolet Corvette,Chevrolet,Corvette,1985-2019,C4 89/C4 90/C4 91/C4 92 93/C4 94 96/C6/C6 L4435 W1844 H1244/C6 L4476 W1928 H1244/L4483 W1803 H1186/L4492 W1872 H1239/L4492 W1872 H1243/L4506 W1880 H1189/L4514 W1965 H1239/L4514 W1965 H1243/Y/Y-body,Convertible/Coupe,3M-0
Chevrolet Corvette,Chevrolet,Corvette,1986-1997,,Coupe,3M-0
Chevrolet Corvette,Chevrolet,Corvette,1989-1991,,Convertible,3M-0
Chevrolet Corvette,Chevrolet,Corvette,1997-2026,Incl: L4634 W1934 H1234/L4734 W2024 H1236,Convertible,3L-0
Chevrolet Corvette,Chevrolet,Corvette,1997-2000,,Coupe,3L-0
Chevrolet Corvette,Chevrolet,Corvette,1997-2026,C5/C8/L4634 W1934 H1235/L4734 W2024 H1237/Y,Coupe,3L-0
Chevrolet Corvette,Chevrolet,Corvette,2004-2013,,Coupe,3M-0
Chevrolet Corvette,Chevrolet,Corvette,2024-2026,,Coupe,3L-0
Chevrolet Cruze,Chevrolet,Cruze,2009-2026,J300/J300 facelift/J300 L4603 W1788 H1477/J300 L4603 W1797 H1477/J300 prefl,Sedan,3L
Chevrolet Cruze,Chevrolet,Cruze,2011-2026,J305/J305 facelift/J305 prefl,Hatchback,2L+
Chevrolet Cruze,Chevrolet,Cruze,2012-2026,J308/J308 L4681 W1797 H1484/J308 L4681 W1797 H1521,Wagon,2XL
Chevrolet Epica,Chevrolet,Epica,2005-2011,KL1/V200/V250,Sedan,4S
Chevrolet Evanda,Chevrolet,Evanda,2005-2006,V200,Sedan,4S
Chevrolet Express,Chevrolet,Express,1995-2026,G45 lwb/G45 swb/GMT600 lwb 2500 3dr/GMT600 swb 1500 3dr/GMT600 swb 2500 3dr/GMT610 lwb/GMT610 swb,Van,无可用尺码
Chevrolet Express 1500 standard cargo van,Chevrolet,Express 1500 standard cargo van,2002-2008,GMT610,Van,无可用尺码
Chevrolet Express 2500 extended cargo van,Chevrolet,Express 2500 extended cargo van,2002-2015,GMT610/GMT610 2011 13/GMT610 2014 15/GMT610 pre2011,Van,无可用尺码
Chevrolet Express 2500 standard cargo van,Chevrolet,Express 2500 standard cargo van,2002-2007,GMT610,Van,无可用尺码
Chevrolet Express 3500 extended cargo van,Chevrolet,Express 3500 extended cargo van,2002-2009,GMT610,Van,无可用尺码
Chevrolet Express 3500 standard cargo van,Chevrolet,Express 3500 standard cargo van,2002-2009,GMT610,Van,无可用尺码
Chevrolet Express standard cargo van,Chevrolet,Express standard cargo van,2008-2026,G03 2500/G03 3500/GMT610,Van,无可用尺码
Chevrolet G20,Chevrolet,G20,1990-1995,,Van,5XL
Chevrolet Hhr,Chevrolet,Hhr,2005-2011,,Wagon,2L+
Chevrolet Impala,Chevrolet,Impala,1973-1976,Incl: B-body 1976,Coupe/Sedan,4XL
Chevrolet Impala,Chevrolet,Impala,1975-1996,1BN19/B-body 1977,Sedan,3XXL-550
Chevrolet Impala,Chevrolet,Impala,1976-1978,1977/1978,Coupe,3XXL-550-0
Chevrolet Impala,Chevrolet,Impala,1999-2005,,Sedan,3XXL-520
Chevrolet Lacetti,Chevrolet,Lacetti,2005-2026,J200/KLAN,Hatchback,2L+
Chevrolet Lacetti,Chevrolet,Lacetti,2005-2026,J200,Wagon,2XL
Chevrolet Lacetti,Chevrolet,Lacetti,2005-2013,KLAN,Sedan,3M
Chevrolet Lanos,Chevrolet,Lanos,2005-2010,T150,Sedan,3M
Chevrolet Lumina,Chevrolet,Lumina,1989-1994,W,Coupe,3XXL-520-0
Chevrolet Lumina,Chevrolet,Lumina,1994-1997,W,Sedan,3XXL-520
Chevrolet Lumina apv,Chevrolet,Lumina apv,1989-1996,Incl: GMT199,MPV,5L
Chevrolet Lumina apv mini cargo van,Chevrolet,Lumina apv mini cargo van,1990-1996,Incl: facelift/prefl,MPV,5L
Chevrolet Malibu,Chevrolet,Malibu,1977-2026,Incl: A-body/G 80/G 81 83/V300,Sedan,3XL
Chevrolet Malibu,Chevrolet,Malibu,1979-1983,A-body,Coupe,3XL-0
Chevrolet Matiz,Chevrolet,Matiz,2005-2026,Incl: M200/M250,Hatchback,2S
Chevrolet Monte carlo,Chevrolet,Monte carlo,1970-1976,1970/1971/A-body 1974/A-body 1975/A-body 1976,Coupe,3XXL-550-0
Chevrolet Monte carlo,Chevrolet,Monte carlo,1978-1980,Incl: A-body,Coupe,3XXL-520-0
Chevrolet Monza,Chevrolet,Monza,1976-1978,,Coupe,3M-0
Chevrolet Nova,Chevrolet,Nova,1973-1979,X 1973/X 1974/X 1975 76/X 1977 79/X-body,Sedan,3XL
Chevrolet Nova,Chevrolet,Nova,1973-1979,X 1973/X 1974/X 1975 76/X 1977 79/X-body,Coupe,3XL-0
Chevrolet Nubira,Chevrolet,Nubira,2005-2011,J200/KLAN,Wagon,2XL
Chevrolet Nubira,Chevrolet,Nubira,2005-2011,J200/KLAN,Sedan,3M
Chevrolet Orlando,Chevrolet,Orlando,2011-2026,,MPV,2XL
Chevrolet Rezzo,Chevrolet,Rezzo,2005-2026,KLAU/U100,MPV,2L+
Chevrolet Spark,Chevrolet,Spark,2000-2026,M150/M200/M300 facelift,Hatchback,2S
Chevrolet Spark,Chevrolet,Spark,2010-2026,M300,Hatchback,2M
Chevrolet Suburban,Chevrolet,Suburban,2007-2026,GMT900,SUV,YXXL-585
Chevrolet Tahoe,Chevrolet,Tahoe,1994-1999,Incl: 2dr/GMT400 2dr/GMT400 3dr,SUV,YL
Chevrolet Tahoe,Chevrolet,Tahoe,1994-2026,4dr/B2W prefl/GMT400 4dr/GMT400 5dr/GMT800/GMT820/GMT900 L5130 W2007 H1954/GMT900 L5130 W2007 H1955/K2UC,SUV,YXXL-525
Chevrolet Tahoe,Chevrolet,Tahoe,1999-2006,B2W/B2W facelift,SUV,YXL
Chevrolet Tahoe,Chevrolet,Tahoe,2018-2026,,SUV,YXXL-525
Chevrolet Trailblazer,Chevrolet,Trailblazer,2001-2008,GMT360,SUV,YXL
Chevrolet Trailblazer,Chevrolet,Trailblazer,2001-2008,GMT370,SUV,YXXL-545
Chevrolet Trans sport,Chevrolet,Trans sport,1996-2005,U/U facelift/U prefl,MPV,5XL
Chevrolet Trax,Chevrolet,Trax,2012-2026,Incl: U200/U200 facelift/U200 prefl,SUV,YM
Chevrolet Volt,Chevrolet,Volt,2011-2026,,Hatchback,2L+
Chevrolet Zafira,Chevrolet,Zafira,2001-2012,F75 facelift/F75 prefl,MPV,2L+
Chrysler 300c,Chrysler,300c,2004-2012,LX/LX L4999 W1882 H1471/LX L5015 W1880 H1475,Sedan,3XL
Chrysler 300c,Chrysler,300c,2004-2010,L4999 W1881 H1507/L5015 W1880 H1462/LE/LE L5015 W1880 H1481/LE L5015 W1880 H1507/LX,Wagon,5L
Chrysler 300c,Chrysler,300c,2010-2012,LD,Sedan,3XXL-520
Chrysler 300c,Chrysler,300c,2011-2023,LD,Sedan,3XL
Chrysler 300m,Chrysler,300m,1998-2004,LH,Sedan,3XL
Chrysler Cirrus,Chrysler,Cirrus,1994-2000,JA,Sedan,4S
Chrysler Concorde,Chrysler,Concorde,1992-1997,LH facelift,Sedan,3XXL-520
Chrysler Concorde,Chrysler,Concorde,1992-1997,LH prefl,Sedan,3XXL-520
Chrysler Concorde,Chrysler,Concorde,1997-2003,LH facelift,Sedan,3XXL-550
Chrysler Concorde,Chrysler,Concorde,1997-2003,LH prefl,Sedan,3XXL-550
Chrysler Crossfire,Chrysler,Crossfire,2003-2008,ZH,Convertible/Coupe,3S-0
Chrysler Daytona,Chrysler,Daytona,1986-1992,Incl: G,Coupe,3M-0
Chrysler Es,Chrysler,Es,1988-1990,P,Hatchback,2L+
Chrysler Grand voyager iii van,Chrysler,Grand voyager iii van,1995-2001,GS,MPV,5L
Chrysler Grand voyager v,Chrysler,Grand voyager v,2007-2026,RT,MPV,5XL
Chrysler Le baron,Chrysler,Le baron,1986-1996,J/J facelift/J prefl,Convertible/Coupe,3L-0
Chrysler Le baron,Chrysler,Le baron,1989-1994,AA,Sedan,3L
Chrysler Neon,Chrysler,Neon,1994-2006,PL/PL2,Sedan,3M
Chrysler New yorker,Chrysler,New yorker,1988-1989,C,Sedan,3XL
Chrysler New yorker,Chrysler,New yorker,1993-1998,LH,Sedan,3XXL-550
Chrysler Pacifica,Chrysler,Pacifica,2003-2006,CS,MPV,5L
Chrysler Pt cruiser,Chrysler,Pt cruiser,2000-2010,Incl: PT/PT facelift/PT prefl,Hatchback/Wagon,2L+
Chrysler Pt cruiser,Chrysler,Pt cruiser,2004-2008,PT facelift/PT prefl,Convertible,3M-0
Chrysler Saratoga,Chrysler,Saratoga,1989-1995,AA,Sedan,3L
Chrysler Sebring,Chrysler,Sebring,1995-2010,FJ/JR L4843 W1793 H1394/JR L4844 W1792 H1394/JS L4842 W1808 H1498/JS L4850 W1843 H1497,Coupe/Sedan,4S
Chrysler Sebring,Chrysler,Sebring,2001-2010,Incl: JR/JS,Convertible,3XL-0
Chrysler Stratus,Chrysler,Stratus,1995-2001,JA,Sedan,4S
Chrysler Stratus,Chrysler,Stratus,1996-2001,JX,Convertible,3XL-0
Chrysler Viper,Chrysler,Viper,1992-1998,SR I/SR II,Convertible/Coupe,3M-0
Chrysler Vision,Chrysler,Vision,1993-1997,LH early/LH late,Sedan,3XXL-520
Chrysler Voyager / grand ii,Chrysler,Voyager / grand ii,1992-1995,ES swb,MPV,2XL
Chrysler Voyager / grand ii,Chrysler,Voyager / grand ii,1992-1995,ES lwb,MPV,5L
Chrysler Voyager / grand iii,Chrysler,Voyager / grand iii,1995-2001,,MPV,2XL
Chrysler Voyager / grand iii,Chrysler,Voyager / grand iii,1995-2001,GS-52,MPV,2XL
Chrysler Voyager / grand iii,Chrysler,Voyager / grand iii,1995-2001,GS-53,MPV,5L
Chrysler Voyager / grand iii,Chrysler,Voyager / grand iii,1995-2001,grand,MPV,5L
Chrysler Voyager / grand iii,Chrysler,Voyager / grand iii,1997-2001,voyager,MPV,2XL
Chrysler Voyager i,Chrysler,Voyager i,1987-1990,AS,MPV,2L+
Chrysler Voyager ii,Chrysler,Voyager ii,1990-1995,AS/ES,MPV,2XL
Chrysler Voyager iii van,Chrysler,Voyager iii van,1995-2001,GS-52,MPV,2XL
Chrysler Voyager iv,Chrysler,Voyager iv,1999-2008,GS-52/RG/RG swb/RG swb facelift/RG swb prefl,MPV,2XL
Chrysler Voyager iv,Chrysler,Voyager iv,2000-2008,RG lwb prefl,MPV,5L
Chrysler Voyager iv,Chrysler,Voyager iv,2000-2008,RG lwb/RG lwb facelift,MPV,5XL
Chrysler Voyager iv van,Chrysler,Voyager iv van,2000-2007,S-53 lwb prefl/SCH53 lwb prefl/SYX53 lwb prefl,MPV,5L
Chrysler Voyager iv van,Chrysler,Voyager iv van,2000-2007,S-53 lwb facelift/SCH53 lwb facelift/SYX53 lwb facelift,MPV,5XL
Citroën 2,Citroën,2,1963-1990,,Sedan,3S
Citroën Acadiane,Citroën,Acadiane,1978-1988,,Van,2M
Citroën Ami,Citroën,Ami,1963-1977,,Sedan,3S
Citroën Ami,Citroën,Ami,1968-1977,,Wagon,2M
Citroën Ami,Citroën,Ami,2020-2026,Z2CA,Hatchback,无可用尺码
Citroën Ax,Citroën,Ax,1986-1998,Incl: 3dr facelift/3dr prefl/ZA/ZA 3dr phase1/ZA 3dr phase2/ZA 3dr post92/ZA 3dr pre92,Hatchback,2S
Citroën Berlingo,Citroën,Berlingo,1996-2011,Incl: M49/M49 m49 early/M49 m49 late/M59,MPV/Van,2M
Citroën Berlingo,Citroën,Berlingo,2008-2026,B9/B9 l1/B9 l1 high/B9 l1 low/B9 l1 xtr/B9 L4380 W1810 H1801/B9 L4380 W1810 H1852/B9 L4380 W1810 H1865/B9 outdoor/B9 standard/B9 van l1/K9/K9 m high/K9 m low,MPV/Van,2L+
Citroën Berlingo,Citroën,Berlingo,2008-2026,B9 l2/B9 van l2/K9 xl/K9 xl high/K9 xl low,MPV/Van,2XL
Citroën Berlingo,Citroën,Berlingo,2016-2026,Incl: K9 m,MPV/Van,2L+
Citroën Bx,Citroën,Bx,1982-1994,Incl: facelift/L4237 W1682 H1361/L4237 W1682 H1370/L4399 W1682 H1431/L4399 W1682 H1440/late/prefl/prefl L4230 W1650 H1358/prefl L4230 W1650 H1365/XB/XB facelift/XB phasei/XB phaseii/XB prefl,Hatchback/Wagon,2L+
Citroën C-Crosser,Citroën,C-Crosser,2007-2026,Incl: CW0/EP,SUV,YL
Citroën C-Elysee,Citroën,C-Elysee,2012-2026,Incl: DD,Sedan,3M
Citroën C-Zero,Citroën,C-Zero,2010-2026,,Hatchback,2S
Citroën C1,Citroën,C1,2005-2021,,Hatchback,2S
Citroën C15,Citroën,C15,1984-2005,Incl: VD,Van/Wagon,2M
Citroën C2,Citroën,C2,2003-2012,Incl: JM,Hatchback/Van,2M
Citroën C25,Citroën,C25,1981-1994,Incl: 280/290 l1h1/290 l1h2/l1h1/l1h2/L4759 W1965 H2096/L4765 W1965 H2100,Bus/MPV/Van,2XL
Citroën C25,Citroën,C25,1981-1994,290 l2h2/highroof/l2h2,Bus/Van,无可用尺码
Citroën C25,Citroën,C25,1985-1994,290,Van,无可用尺码
Citroën C25,Citroën,C25,1988-1994,290,Van,2XL
Citroën C3 aircross i,Citroën,C3 aircross i,2017-2026,Incl: A88,SUV,YM
Citroën C3 aircross ii,Citroën,C3 aircross ii,2024-2026,,SUV,YM
Citroën C3 aircross ii van,Citroën,C3 aircross ii van,2019-2026,,Van,2L+
Citroën C3 i,Citroën,C3 i,2002-2010,Incl: facelift/phase1/phase2/prefl,Hatchback,2M
Citroën C3 ii,Citroën,C3 ii,2009-2016,Incl: A51 phase1/A51 phase2/facelift/prefl,Hatchback,2M
Citroën C3 iii,Citroën,C3 iii,2016-2026,Incl: B618,Hatchback,2M
Citroën C3 iii van,Citroën,C3 iii van,2016-2026,,Hatchback/Van,2M
Citroën C3 iv,Citroën,C3 iv,2024-2026,,Hatchback,2M
Citroën C3 iv van,Citroën,C3 iv van,2024-2026,,Hatchback,2M
Citroën C3 origin iii,Citroën,C3 origin iii,2024-2026,,Hatchback,2M
Citroën C3 picasso,Citroën,C3 picasso,2008-2017,Incl: facelift/prefl,MPV,2M
Citroën C3 pluriel,Citroën,C3 pluriel,2003-2026,,Convertible,3S-0
Citroën C4,Citroën,C4,2004-2011,Incl: LA/LA facelift/LA prefl,Coupe,3M-0
Citroën C4 aircross,Citroën,C4 aircross,2012-2026,,SUV,YM
Citroën C4 cactus,Citroën,C4 cactus,2014-2026,Incl: E3/facelift low/facelift roofrails/prefl low/prefl roofrails,Hatchback,2L+
Citroën C4 cactus van,Citroën,C4 cactus van,2019-2026,,Hatchback,2L+
Citroën C4 grand picasso i,Citroën,C4 grand picasso i,2006-2013,Incl: UA/UA airsusp/UA coil,MPV,2XL
Citroën C4 grand picasso ii,Citroën,C4 grand picasso ii,2013-2026,Incl: facelift/prefl,MPV,2XL
Citroën C4 i,Citroën,C4 i,2004-2012,Incl: LC/LC facelift/LC L4260 W1773 H1458/LC L4273 W1769 H1458/LC prefl/LR,Hatchback/Van,2L+
Citroën C4 i,Citroën,C4 i,2004-2008,,Coupe,3M-0
Citroën C4 i,Citroën,C4 i,2006-2012,,Sedan,4S
Citroën C4 ii,Citroën,C4 ii,2009-2026,Incl: B7/B7 L4329 W1789 H1489/B7 L4329 W1789 H1498,Hatchback,2L+
Citroën C4 ii,Citroën,C4 ii,2013-2026,NC,Sedan,3L
Citroën C4 iii,Citroën,C4 iii,2020-2026,Incl: C41,Hatchback,2L+
Citroën C4 picasso i,Citroën,C4 picasso i,2006-2013,Incl: UD airsusp/UD coil/UD L4468 W1831 H1610/UD L4470 W1830 H1680,MPV,2L+
Citroën C4 picasso ii,Citroën,C4 picasso ii,2013-2026,Incl: 3D/facelift/prefl,MPV,2L+
Citroën C4 picasso ii van,Citroën,C4 picasso ii van,2013-2026,3D facelift/3D prefl,MPV,2L+
Citroën C4 spacetourer,Citroën,C4 spacetourer,2018-2026,B78,MPV,2L+
Citroën C4 spacetourer van,Citroën,C4 spacetourer van,2019-2026,,MPV,2L+
Citroën C4 x,Citroën,C4 x,2022-2026,BD/BE/BF,Fastback,3L
Citroën C5,Citroën,C5,2001-2026,DC/ND/RC/RW/TD/X7,Hatchback/Wagon,2XL
Citroën C5,Citroën,C5,2001-2004,Incl: L4756 W1770 H1516/L4760 W1770 H1520,Hatchback/Wagon,2XL
Citroën C5,Citroën,C5,2001-2004,DE,Wagon,2XL
Citroën C5,Citroën,C5,2004-2008,DE,Wagon,5L
Citroën C5,Citroën,C5,2004-2008,Incl: RE,Wagon,5L
Citroën C5,Citroën,C5,2006-2008,,Hatchback,2XL
Citroën C5,Citroën,C5,2008-2017,RD/X7,Sedan,4S
Citroën C5,Citroën,C5,2018-2026,C84,SUV,YM
Citroën C5,Citroën,C5,2025-2026,CR3/CR3 L4652 W1902 H1688/CR3 L4652 W1902 H1690/CR3 L4652 W1902 H1691,SUV,YL
Citroën C6,Citroën,C6,2005-2012,Incl: TD,Sedan,3XL
Citroën C8,Citroën,C8,2002-2026,Incl: L4726 W1854 H1752/L4726 W1854 H1856/L4727 W1854 H1752,MPV,2XL
Citroën Cx i,Citroën,Cx i,1974-1985,Incl: phase82/post82/pre82,Sedan,3L
Citroën Cx i break,Citroën,Cx i break,1975-1985,Incl: L4930 W1770 H1460/L4952 W1770 H1465/phase82/post82/pre82,Wagon,5L
Citroën Cx ii,Citroën,Cx ii,1985-1992,,Sedan,3L
Citroën Cx ii break,Citroën,Cx ii break,1985-1992,,Wagon,5L
Citroën Ds,Citroën,Ds,1956-1966,Incl: series1,Convertible/Sedan,4S
Citroën Ds,Citroën,Ds,1959-1972,prefl/series2,Sedan,4S
Citroën Ds,Citroën,Ds,1965-1975,Incl: facelift/series3,Sedan,3XL
Citroën Ds,Citroën,Ds,1968-1971,,Convertible,4S
Citroën Ds,Citroën,Ds,1972-1975,,Wagon,5L
Citroën Ds3,Citroën,Ds3,2009-2015,Incl: SA,Hatchback,2M
Citroën Ds3,Citroën,Ds3,2013-2015,Incl: SB/SB L3948 W1715 H1483/SB L3962 W1717 H1443,Convertible,3S-0
Citroën Ds4,Citroën,Ds4,2011-2015,Incl: NX,Hatchback,2L+
Citroën Ds5,Citroën,Ds5,2011-2015,KF/KF L4530 W1871 H1504/KF L4530 W1871 H1513,Hatchback,2XL
Citroën Dyane,Citroën,Dyane,1967-1984,Incl: phase1/phase2/phase3,Hatchback,2M
Citroën E-Mehari,Citroën,E-Mehari,2016-2026,,Convertible,3S-0
Citroën Evasion,Citroën,Evasion,1994-2002,Incl: 22/U6U,MPV,2L+
Citroën Evasion van,Citroën,Evasion van,1994-2002,22,MPV,2L+
Citroën Grand c4 spacetourer,Citroën,Grand c4 spacetourer,2018-2026,B78,MPV,2XL
Citroën Grand c4 spacetourer van,Citroën,Grand c4 spacetourer van,2019-2026,,MPV,2XL
Citroën Gs,Citroën,Gs,1970-1981,,Hatchback,2M
Citroën Gs,Citroën,Gs,1971-1980,,Wagon,2M
Citroën Gs,Citroën,Gs,1978-1986,,Hatchback,2L+
Citroën Gs,Citroën,Gs,1979-1986,,Wagon,2L+
Citroën Id,Citroën,Id,1956-1965,Incl: series1,Convertible/Sedan,4S
Citroën Id,Citroën,Id,1959-1975,series2,Sedan,4S
Citroën Id,Citroën,Id,1964-1975,Incl: series3,Sedan,3XL
Citroën Id,Citroën,Id,1966-1975,Incl: series2/series3,Wagon,5L
Citroën Jumper i,Citroën,Jumper i,1994-2002,230L l1h1/230L swb h2450/230L swb highroof/230L swb lowroof/230L swb lowroof L4670 W2000 H2150/230L swb lowroof L4680 W1998 H2102/230P swb lowroof,MPV/Van,2XL
Citroën Jumper i,Citroën,Jumper i,1994-2002,230L mwb extrahighroof/230L mwb highroof/230L mwb highroof L5099 W1998 H2420/230P mwb highroof/230P mwb lowroof,MPV/Van,5XL
Citroën Jumper i,Citroën,Jumper i,1994-2002,230L mwb lowroof,Van,5XL
Citroën Jumper i,Citroën,Jumper i,1994-2002,230L lwb h2455/230L lwb h2470/230L lwb highroof,Van,无可用尺码
Citroën Jumper i,Citroën,Jumper i,1996-2002,230P,MPV,2XL
Citroën Jumper i,Citroën,Jumper i,1996-2002,230L l2h2/230L mwb h2145/230L mwb h2465/230L mwb highroof 35/230L mwb highroof L5005 W1998 H2465/230L mwb highroof L5010 W2000 H2470,Van,5L
Citroën Jumper i,Citroën,Jumper i,2000-2002,230P,MPV,5L
Citroën Jumper i,Citroën,Jumper i,2000-2002,230L mwb lowroof,Van,5L
Citroën Jumper ii,Citroën,Jumper ii,2002-2006,244/244 swb highroof/244 swb lowroof,Van,2XL
Citroën Jumper ii,Citroën,Jumper ii,2002-2006,244 mwb highroof,Van,5XL
Citroën Jumper ii,Citroën,Jumper ii,2002-2006,244 lwb highroof,Van,无可用尺码
Citroën Jumper iii,Citroën,Jumper iii,2006-2026,l1h1/X250 l1h1/X290/X290 l1h1,Bus/Van,5L
Citroën Jumper iii,Citroën,Jumper iii,2006-2026,Incl: l2h1/l2h2/l3h2/l3h3/l4h2/l4h3/X250 l2h1/X250 l3h2/X250 l3h3/X250 l4h2/X290 l2h1/X290 l2h2 L5413 W2050 H2522/X290 l2h2 L5413 W2050 H2524/X290 l3h2/X290 l3h3/X290 l4h2/X290 l4h3,Bus/MPV/Van,无可用尺码
Citroën Jumpy i,Citroën,Jumpy i,1995-2006,Incl: 222/prefl,MPV/Van,2L+
Citroën Jumpy i,Citroën,Jumpy i,1998-2006,facelift/facelift L4522 W1844 H1936,Van,2XL
Citroën Jumpy i,Citroën,Jumpy i,2000-2006,,Bus,2XL
Citroën Jumpy i,Citroën,Jumpy i,2000-2006,facelift L4922 W1844 H1936,Van,5L
Citroën Jumpy ii,Citroën,Jumpy ii,2007-2016,,MPV,2XL
Citroën Jumpy ii,Citroën,Jumpy ii,2007-2016,l1h1,Van,2XL
Citroën Jumpy ii,Citroën,Jumpy ii,2007-2016,Incl: l2h1/l2h2,Bus/Van,5XL
Citroën Jumpy ii,Citroën,Jumpy ii,2007-2016,lwb,MPV,5XL
Citroën Jumpy iii,Citroën,Jumpy iii,2016-2026,K0 xs/K0 xs high/K0 xs L4609 W1920 H1910/K0 xs L4609 W1920 H1950/K0 xs low/K0 xs prefl/xs,MPV/Van,2XL
Citroën Jumpy iii,Citroën,Jumpy iii,2016-2026,Incl: facelift/K0 m/K0 m facelift/K0 m high/K0 m L4959 W1920 H1899/K0 m L4959 W1920 H1935/K0 m low/K0 m prefl/m/prefl,MPV/Van,5L
Citroën Jumpy iii,Citroën,Jumpy iii,2016-2026,K0 xl/K0 xl facelift/K0 xl prefl/xl,MPV/Van,无可用尺码
Citroën Lna,Citroën,Lna,1976-1986,Incl: facelift/prefl,Hatchback,2S
Citroën Mehari,Citroën,Mehari,1968-1987,Incl: L3520 W1530 H1635/L3520 W1530 H1640,Convertible,无可用尺码
Citroën Nemo,Citroën,Nemo,2008-2026,Incl: AA/AJ,MPV/Van,2M
Citroën Saxo,Citroën,Saxo,1996-2003,S0/S1 facelift,Hatchback,2M
Citroën Saxo,Citroën,Saxo,1996-2003,S0/S1 prefl,Hatchback,2M
Citroën Saxo,Citroën,Saxo,1996-2004,Incl: 3dr/3dr facelift/3dr prefl/5dr/5dr facelift/facelift/phase1 3dr/phase2 3dr/phase2 5dr/prefl/SA13 facelift/SA13 prefl,Hatchback/Van,2M
Citroën Saxo,Citroën,Saxo,2000-2003,S0/S1,Hatchback,2M
Citroën Sm,Citroën,Sm,1970-1974,,Coupe,3XL-0
Citroën Spacetourer,Citroën,Spacetourer,2016-2026,K0 xs/xs,MPV,2XL
Citroën Spacetourer,Citroën,Spacetourer,2016-2026,Incl: facelift/K0 m/m/prefl,MPV,5L
Citroën Spacetourer,Citroën,Spacetourer,2016-2025,K0 xl/xl,MPV,无可用尺码
Citroën Traction avant,Citroën,Traction avant,1950-1956,11B,Sedan,3L
Citroën Visa,Citroën,Visa,1978-1991,Incl: facelift/facelift L3725 W1526 H1370/facelift L3725 W1526 H1410/L3725 W1526 H1410/L3725 W1550 H1410/phase1/phase2/prefl,Hatchback,2M
Citroën Visa,Citroën,Visa,1983-1988,,Convertible,3S-0
Citroën Xantia,Citroën,Xantia,1993-2003,X1,Hatchback,2L+
Citroën Xantia,Citroën,Xantia,1993-2003,X2,Hatchback/Wagon,2XL
Citroën Xantia,Citroën,Xantia,1995-2003,X1,Wagon,2XL
Citroën Xm,Citroën,Xm,1989-2000,Y3/Y3 L4708 W1794 H1385/Y3 L4709 W1793 H1385/Y4,Hatchback,2XL
Citroën Xm,Citroën,Xm,1989-2000,Y3/Y4,Wagon,5L
Citroën Xsara,Citroën,Xsara,1997-2012,N1/N1 facelift/N1 L4167 W1698 H1405/N1 L4167 W1700 H1405/N1 phase1/N1 phase2/N1 prefl/N2/N2 facelift/N2 L4354 W1698 H1420/N2 L4354 W1698 H1426/N2 phase1/N2 phase2/N2 prefl/N68,Hatchback/MPV/Wagon,2L+
Citroën Xsara,Citroën,Xsara,1998-2005,N0/N0 facelift/N0 phase1/N0 phase2/N0 prefl,Coupe,3S-0
Citroën Zx,Citroën,Zx,1991-1999,N2/N2 3dr/N2 3dr L4071 W1702 H1399/N2 3dr L4085 W1707 H1386/N2 5dr/N2 5dr prefl/N2 facelift/N2 L4071 W1702 H1399/N2 L4085 W1705 H1404/N2 L4085 W1707 H1386/N2 L4085 W1718 H1375/N2 prefl,Hatchback,2M
Citroën Zx,Citroën,Zx,1993-1999,N2/N2 phase1/N2 phase2,Wagon,2L+
Cupra Ateca,Cupra,Ateca,2018-2026,Incl: KH7 facelift/KH7 prefl,SUV,YM
Cupra Born,Cupra,Born,2021-2026,K11,Hatchback,2L+
Cupra Formentor,Cupra,Formentor,2020-2026,Incl: KM7 L4446 W1839 H1520/KM7 L4450 W1839 H1511/L4450 W1839 H1511/L4468 W1852 H1505,SUV,YM
Cupra Leon,Cupra,Leon,2020-2026,Incl: KL1,Hatchback,2L+
Cupra Leon,Cupra,Leon,2020-2026,Incl: KL8,Wagon,2XL
Cupra Raval,Cupra,Raval,2026,,Hatchback,2M
Cupra Tavascan,Cupra,Tavascan,2024-2026,,SUV,YL
Cupra Terramar,Cupra,Terramar,2024-2026,,SUV,YM
DAF 33,DAF,33,1967-1974,,Sedan,无可用尺码
DAF 400-Serie,DAF,400-Serie,1989-1993,,Van,2XL
DAF 44,DAF,44,1966-1974,,Sedan,3S
DAF 44,DAF,44,1968-1974,,Wagon,2M
DAF 46,DAF,46,1974-1975,,Wagon,2M
DAF 46,DAF,46,1974-1975,,Sedan,3S
DAF 55,DAF,55,1967-1972,,Sedan,3S
DAF 55,DAF,55,1968-1972,,Wagon,2M
DAF 55,DAF,55,1968-1972,,Coupe,3S-0
DAF 66,DAF,66,1972-1975,,Wagon,2M
DAF 66,DAF,66,1972-1975,,Sedan,3S
DAF 66,DAF,66,1973-1975,,Coupe,3S-0
DE Lorean Dmc-12,DE Lorean,Dmc-12,1981-1983,,Coupe,3M-0
DE Tomaso Deauville,DE Tomaso,Deauville,1974-1978,,Sedan,3XL
DR Dr 1.0,DR,Dr 1.0,2023-2026,,Hatchback,2S
DR Dr 3,DR,Dr 3,2018-2022,,SUV,YM
DR Dr 3.0,DR,Dr 3.0,2022-2026,,SUV,YM
DR Dr 4,DR,Dr 4,2021-2026,,SUV,YM
DR Dr 4.0,DR,Dr 4.0,2020-2026,,SUV,YM
DR Dr 5,DR,Dr 5,2026,,SUV,YM
DR Dr 5.0/dr 5,DR,Dr 5.0/dr 5,2020-2026,,SUV,YM
DR Dr 6,DR,Dr 6,2026,,SUV,YM
DR Dr 6.0/dr 6,DR,Dr 6.0/dr 6,2022-2026,,SUV,YM
DR Dr 7.0/dr 7,DR,Dr 7.0/dr 7,2023-2026,,SUV,YL
DR Dr f35,DR,Dr f35,2020-2026,,SUV,YM
DS Ds,DS,Ds,2015-2026,A55/D34,Hatchback,2M
DS Ds,DS,Ds,2015-2019,,Hatchback,2XL
DS Ds,DS,Ds,2015-2019,A55,Convertible,3S-0
DS Ds,DS,Ds,2017-2026,Incl: J4/U,SUV,YM
DS Ds,DS,Ds,2020-2024,Incl: L4930 W1930 H1460/L4934 W1855 H1460,Sedan,3XL
DS Ds,DS,Ds,2021-2025,,Hatchback,2L+
DS N°4,DS,N°4,2025-2026,,Hatchback,2L+
DS N°7,DS,N°7,2026,,SUV,YL
DS N°8,DS,N°8,2025-2026,,Coupe,4S
Dacia 1100,Dacia,1100,1967-1971,,Sedan,3S
Dacia 1300,Dacia,1300,1972-1983,,Wagon,2L+
Dacia 1300,Dacia,1300,1972-1983,1300,Sedan,3M
Dacia 1310,Dacia,1310,1983-2004,early/late/mid,Wagon,2L+
Dacia 1310,Dacia,1310,1983-2004,1310 early/1310 late/1310 mid,Sedan,3M
Dacia Bigster,Dacia,Bigster,2024-2026,L4570 W1813 H1657/L4570 W1813 H1662,SUV,YM
Dacia Dokker,Dacia,Dokker,2012-2021,Incl: F67/K67,MPV/Van,2L+
Dacia Duster,Dacia,Duster,2010-2026,Incl: HM L4341 W1804 H1682/HM L4341 W1804 H1693/HS/HS facelift/HS prefl/L4341 W1804 H1682/L4341 W1804 H1693/L4343 W1813 H1616/L4343 W1813 H1621,SUV,YM
Dacia Jogger,Dacia,Jogger,2021-2026,,MPV,2XL
Dacia Lodgy,Dacia,Lodgy,2012-2026,Incl: J92/L4498 W1751 H1679/L4498 W1751 H1680,MPV,2L+
Dacia Logan,Dacia,Logan,2004-2026,Incl: facelift/L8/L90 facelift/L90 prefl/L4288 W1740 H1534/L4290 W1740 H1534/LS facelift/LS prefl/prefl,Sedan,3M
Dacia Logan,Dacia,Logan,2007-2026,Incl: facelift/K8/KS/KS facelift/KS prefl/L4473 W1740 H1640/L4473 W1740 H1662/L4492 W1733 H1550/L4501 W1733 H1552/prefl,Van/Wagon,2L+
Dacia Sandero,Dacia,Sandero,2008-2026,Incl: B8/B52/B90/BJI/BS,Hatchback,2M
Dacia Solenza,Dacia,Solenza,2003-2026,,Sedan,3S
Dacia Spring,Dacia,Spring,2020-2026,Incl: DBG,Hatchback,2M
Daewoo Espero,Daewoo,Espero,1991-1999,KLEJ,Sedan,3L
Daewoo Evanda,Daewoo,Evanda,2002-2026,,Sedan,4S
Daewoo Kalos,Daewoo,Kalos,2002-2026,T200,Hatchback,2M
Daewoo Kalos,Daewoo,Kalos,2002-2004,T200,Sedan,3M
Daewoo Korando,Daewoo,Korando,1999-2026,KJ L4260 W1855 H1840/KJ L4330 W1841 H1840,Convertible,3M-0
Daewoo Korando,Daewoo,Korando,1999-2026,KJ,SUV,YM
Daewoo Lacetti,Daewoo,Lacetti,2002-2026,J200,Hatchback,2L+
Daewoo Lanos,Daewoo,Lanos,1997-2026,KLAT,Hatchback,2M
Daewoo Lanos,Daewoo,Lanos,1997-2026,KLAT,Sedan,3M
Daewoo Leganza,Daewoo,Leganza,1997-2004,KLAV/V100,Sedan,3L
Daewoo Matiz,Daewoo,Matiz,1998-2026,M100/M150,Hatchback,2S
Daewoo Musso,Daewoo,Musso,1999-2026,FJ,SUV,YL
Daewoo Nexia,Daewoo,Nexia,1995-1997,KLETN,Hatchback,2L+
Daewoo Nexia,Daewoo,Nexia,1995-2008,KLETN,Sedan,3M
Daewoo Nubira,Daewoo,Nubira,1997-2026,J100/J150/KLAJ,Hatchback,2L+
Daewoo Nubira,Daewoo,Nubira,1997-2026,J100,Wagon,2L+
Daewoo Nubira,Daewoo,Nubira,1997-2026,J150/J200,Wagon,2XL
Daewoo Nubira,Daewoo,Nubira,1997-2026,J100/J150/J200,Sedan,3M
Daewoo Racer,Daewoo,Racer,1995-1997,,Hatchback,2L+
Daewoo Rexton,Daewoo,Rexton,2002-2026,Y200,SUV,YL
Daewoo Rezzo,Daewoo,Rezzo,2000-2026,KLAU/U100,MPV,2L+
Daewoo Tico,Daewoo,Tico,1995-2000,KLY3,Hatchback,2S
Daihatsu Applause i,Daihatsu,Applause i,1989-1997,A101/A111,Hatchback,2L+
Daihatsu Applause ii,Daihatsu,Applause ii,1997-2000,A101,Hatchback,2L+
Daihatsu Charade i,Daihatsu,Charade i,1977-1983,G10 3dr/G10 3dr facelift/G10 3dr prefl/G10 5dr/G10 5dr facelift/G10 5dr prefl,Hatchback,2S
Daihatsu Charade ii,Daihatsu,Charade ii,1983-1987,G11 facelift/G11 prefl/G30/G30 facelift/G30 prefl,Hatchback,2S
Daihatsu Charade iii,Daihatsu,Charade iii,1987-1993,G100/G100 L3610 W1600 H1385/G100 L3610 W1615 H1385/G101/G102,Hatchback,2S
Daihatsu Charade iii,Daihatsu,Charade iii,1990-1993,G102,Sedan,3S
Daihatsu Charade iv,Daihatsu,Charade iv,1993-2000,G200,Hatchback,2M
Daihatsu Charade iv,Daihatsu,Charade iv,1994-2001,G200,Sedan,3S
Daihatsu Charade viii,Daihatsu,Charade viii,2011-2026,XP9,Hatchback,2M
Daihatsu Charmant,Daihatsu,Charmant,1981-1987,A45/A60/A60 facelift/A60 prefl,Sedan,3S
Daihatsu Copen,Daihatsu,Copen,2003-2012,L8,Convertible,无可用尺码
Daihatsu Cuore i,Daihatsu,Cuore i,1980-1985,L55/L60,Hatchback,2S
Daihatsu Cuore ii,Daihatsu,Cuore ii,1985-1990,L80,Hatchback,2S
Daihatsu Cuore iii,Daihatsu,Cuore iii,1990-1994,L201,Hatchback,2S
Daihatsu Cuore iv,Daihatsu,Cuore iv,1995-1998,L501,Hatchback,2S
Daihatsu Cuore v,Daihatsu,Cuore v,1998-2003,L701,Hatchback,2S
Daihatsu Cuore vi,Daihatsu,Cuore vi,2003-2026,L251,Hatchback,2S
Daihatsu Cuore vii,Daihatsu,Cuore vii,2007-2026,L276,Hatchback,2S
Daihatsu Extol,Daihatsu,Extol,2000-2011,,Van,2M
Daihatsu Feroza hard top,Daihatsu,Feroza hard top,1988-1999,F300 facelift/F300 prefl,SUV,无可用尺码
Daihatsu Feroza soft top,Daihatsu,Feroza soft top,1988-1999,F300 facelift/F300 prefl,SUV,无可用尺码
Daihatsu Gran move,Daihatsu,Gran move,1996-2026,,MPV,2M
Daihatsu Hijet,Daihatsu,Hijet,1986-2005,Incl: S80/S82/S85,Van,2S
Daihatsu Materia,Daihatsu,Materia,2006-2026,M401/M402/M412,MPV,2M
Daihatsu Move,Daihatsu,Move,1997-2002,L9/L601,MPV,2S
Daihatsu Rocky hard top,Daihatsu,Rocky hard top,1985-1998,F7/F8/F70/F70 narrow/F70 wide/F80,SUV,无可用尺码
Daihatsu Rocky soft top,Daihatsu,Rocky soft top,1985-1998,F75,SUV,YM
Daihatsu Rocky soft top,Daihatsu,Rocky soft top,1985-1998,F70/F80,SUV,无可用尺码
Daihatsu Rugger,Daihatsu,Rugger,1984-1996,F75/F78/F85,SUV,YM
Daihatsu Rugger,Daihatsu,Rugger,1984-1996,F70/F73/F80,SUV,无可用尺码
Daihatsu Sirion,Daihatsu,Sirion,1998-2026,M1/M3 L3630 W1665 H1550,Hatchback,2M
Daihatsu Sirion,Daihatsu,Sirion,2005-2026,M3/M3 L3600 W1665 H1550/M3 L3605 W1665 H1550,Hatchback,2S
Daihatsu Sparcar,Daihatsu,Sparcar,1983-1986,S70,Van,2S
Daihatsu Terios,Daihatsu,Terios,1997-2026,Incl: J100/J200 L4055 W1695 H1740,SUV,无可用尺码
Daihatsu Terios,Daihatsu,Terios,2005-2026,J200/J200 L4095 W1695 H1730,SUV,YM
Daihatsu Trevis,Daihatsu,Trevis,2006-2026,L650,Hatchback,2S
Daihatsu Wildcat/rocky,Daihatsu,Wildcat/rocky,1985-1987,F70 L3775 W1580 H1830/F70 L3775 W1580 H1840,SUV,无可用尺码
Daihatsu Yrv,Daihatsu,Yrv,2001-2026,M200,MPV,2M
Daimler 2.8 - 5.3,Daimler,2.8 - 5.3,1969-1981,s2/s2 lwb/s3/vdp,Sedan,3XL
Daimler 2.8 - 5.3,Daimler,2.8 - 5.3,1969-1973,,Sedan,4S
Daimler 2.8 - 5.3,Daimler,2.8 - 5.3,1969-1979,s1/s2 swb/standard,Sedan,4S
Daimler 2.8 - 5.3,Daimler,2.8 - 5.3,1975-1993,,Sedan,3XL
Daimler Coupe,Daimler,Coupe,1973-1977,2G/2J,Coupe,4S
Daimler Daimler xj,Daimler,Daimler xj,1994-2003,X300/X305 swb,Sedan,3XL
Daimler Daimler xj,Daimler,Daimler xj,1994-2003,X305 lwb/X308,Sedan,3XXL-520
Daimler Landaulette,Daimler,Landaulette,1974-1991,DS420/DS420 late,Convertible,4XL
Daimler Landaulette,Daimler,Landaulette,1974-1991,DS420 early,Convertible,4XXL
Daimler Limousine,Daimler,Limousine,1968-1991,DS420/DS420 late,Sedan,4XL
Daimler Limousine,Daimler,Limousine,1968-1991,DS420 early,Sedan,4XXL
Daimler Super eight,Daimler,Super eight,2005-2009,X350,Sedan,3XXL-550
Daimler Xj,Daimler,Xj,1986-1994,XJ40/XJ81,Sedan,3XL
Deepal S05,Deepal,S05,2025-2026,,SUV,YM
Deepal S07,Deepal,S07,2024-2026,,SUV,YL
Dfsk 580,Dfsk,580,2021-2026,,SUV,YL
Dfsk C35,Dfsk,C35,2018-2026,C35,Van,2L+
Dfsk E5,Dfsk,E5,2024-2026,,SUV,YL
Dfsk Ec75,Dfsk,Ec75,2024-2026,EC75,Van,5XL
Dfsk Fengon 5,Dfsk,Fengon 5,2020-2026,,SUV,YL
Dfsk Fengon 500,Dfsk,Fengon 500,2021-2026,,SUV,YM
Dfsk Fengon 6,Dfsk,Fengon 6,2024-2026,,SUV,YL
Dfsk Fengon 7,Dfsk,Fengon 7,2021-2026,,SUV,YXL
Dfsk Forthing 9,Dfsk,Forthing 9,2025-2026,,MPV,5XL
Dfsk Glory 600,Dfsk,Glory 600,2024-2026,,SUV,YL
Dfsk K series,Dfsk,K series,2011-2026,K05/K07,Van,2M
Dfsk V,Dfsk,V,2011-2026,V25,Van,2M
Dodge Aspen,Dodge,Aspen,1975-1980,F,Coupe,3XL-0
Dodge Avenger,Dodge,Avenger,2007-2014,JS facelift,Sedan,3XL
Dodge Avenger,Dodge,Avenger,2007-2011,JS,Sedan,4S
Dodge Avenger,Dodge,Avenger,2007-2014,JS prefl,Sedan,4S
Dodge Avenger,Dodge,Avenger,2012-2014,JS,Sedan,3XL
Dodge Caliber,Dodge,Caliber,2006-2026,Incl: PM,Hatchback,2L+
Dodge Caravan,Dodge,Caravan,1995-2001,NS/NS swb,MPV,2XL
Dodge Caravan,Dodge,Caravan,1995-2000,NS lwb,MPV,5L
Dodge Caravan,Dodge,Caravan,2000-2007,RS,MPV,2XL
Dodge Caravan,Dodge,Caravan,2001-2007,RS,MPV,5XL
Dodge Challenger,Dodge,Challenger,2007-2026,LC,Coupe,3XL-0
Dodge Challenger,Dodge,Challenger,2008-2010,LC,Coupe,CHALLENGER
Dodge Challenger,Dodge,Challenger,2008-2023,LC facelift,Coupe,CHALLENGER
Dodge Challenger,Dodge,Challenger,2008-2023,LC prefl,Coupe,CHALLENGER
Dodge Challenger,Dodge,Challenger,2011-2026,LC facelift,Coupe,3XL-0
Dodge Challenger,Dodge,Challenger,2011-2026,LC prefl,Coupe,3XL-0
Dodge Challenger,Dodge,Challenger,2014-2026,LC L5018 W1923 H1454/LC L5027 W1923 H1460,Coupe,3XL-0
Dodge Charger,Dodge,Charger,1969-1970,B,Coupe,3XXL-550-0
Dodge Charger,Dodge,Charger,2005-2026,LD/LD narrow/LD prefl/LD widebody/LX,Sedan,3XXL-520
Dodge Charger,Dodge,Charger,2010-2026,LD facelift/LD facelift2019,Sedan,3XL
Dodge Durango,Dodge,Durango,1997-2003,DN/DN L4910 W1810 H1804/DN L4910 W1816 H1852,SUV,YXL
Dodge Durango,Dodge,Durango,2003-2026,HB/WD/WD facelift/WD facelift2021 L5101 W1924 H1831/WD facelift2021 L5101 W1924 H1851/WD prefl,SUV,YXXL-525
Dodge Grand caravan,Dodge,Grand caravan,2007-2026,Incl: RT,MPV,5XL
Dodge Journey,Dodge,Journey,2008-2026,Incl: JC/JC facelift/JC facelift L4887 W1834 H1692/JC facelift L4888 W1835 H1693/JC L4888 W1834 H1691/JC L4888 W1878 H1691/JC prefl/JC prefl L4888 W1834 H1691/JC prefl L4888 W1878 H1691,MPV,5L
Dodge Neon,Dodge,Neon,1994-2026,PL/PL2,Sedan,3M
Dodge Nitro,Dodge,Nitro,2006-2012,KA/KA L4544 W1857 H1778/KA L4584 W1856 H1755,SUV,YM
Dodge Ram,Dodge,Ram,1985-1993,swb,MPV,2XL
Dodge Ram,Dodge,Ram,1985-1993,lwb,MPV,5L
Dodge Ram,Dodge,Ram,1985-1993,maxi,MPV,无可用尺码
Dodge Ram van,Dodge,Ram van,1993-2003,swb,Van,2XL
Dodge Ram van,Dodge,Ram van,1993-2003,lwb,Van,5XL
Dodge Ram van,Dodge,Ram van,1993-2003,maxi,Van,无可用尺码
Dodge Ramcharger,Dodge,Ramcharger,1983-1996,AD150,SUV,YL
Dodge Ramcharger,Dodge,Ramcharger,1999-2001,BR,SUV,YXXL-525
Dodge Stratus,Dodge,Stratus,1995-2001,JA,Sedan,4S
Dodge Stratus,Dodge,Stratus,2000-2006,JR,Sedan,3XL
Dodge Viper,Dodge,Viper,1991-2026,SR I/SR II/ZB1/ZB2,Convertible/Coupe,3M-0
Dongfeng Box,Dongfeng,Box,2024-2026,,Hatchback,2M
Dongfeng Huge,Dongfeng,Huge,2025-2026,,SUV,YL
Dongfeng Mage,Dongfeng,Mage,2024-2026,,SUV,YL
Dongfeng Shine,Dongfeng,Shine,2025-2026,,Sedan,3L
Donkervoort D8,Donkervoort,D8,2013-2026,Incl: L3740 W1850 H1140/L3833 W1850 H1122,Convertible,3S-0
Donkervoort F22,Donkervoort,F22,2022-2026,,Convertible,3S-0
E.go E.wave x,E.go,E.wave x,2023-2026,,Hatchback,2S
E.go Life,E.go,Life,2019-2026,,Hatchback,2S
EMC 212,EMC,212,2025-2026,,SUV,YL
EMC 4,EMC,4,2024-2026,,SUV,无可用尺码
EMC 6,EMC,6,2024-2026,,SUV,YM
EMC 7,EMC,7,2024-2026,,SUV,YM
EMC Wave 3,EMC,Wave 3,2022-2026,,SUV,YM
EMC Yudo,EMC,Yudo,2024-2026,,SUV,无可用尺码
EMW 340,EMW,340,1952-1955,,Sedan,3L
EON Motors Weez,EON Motors,Weez,2022-2026,,Hatchback,无可用尺码
EVO Cuatro,EVO,Cuatro,2025-2026,,SUV,YM
EVO Evo 3,EVO,Evo 3,2023-2026,,Hatchback,2M
EVO Evo 4,EVO,Evo 4,2022-2026,,SUV,YM
EVO Evo 5,EVO,Evo 5,2023-2026,,SUV,YM
EVO Evo 6,EVO,Evo 6,2024-2026,,SUV,YM
EVO Evo 7,EVO,Evo 7,2023-2026,,SUV,YL
EVO Spazio,EVO,Spazio,2025-2026,,MPV,5L
Ebro S400,Ebro,S400,2025-2026,,SUV,YM
Ebro S700,Ebro,S700,2026,,SUV,YM
Elaris Beo,Elaris,Beo,2021-2026,,SUV,YL
Elaris Caro,Elaris,Caro,2022-2026,,Van,无可用尺码
Elaris Dyo,Elaris,Dyo,2023-2026,,Hatchback,无可用尺码
Elaris Finn,Elaris,Finn,2020-2026,,Hatchback,无可用尺码
Elaris Leo,Elaris,Leo,2020-2026,,SUV,YM
Elaris Pio,Elaris,Pio,2021-2026,,Hatchback,无可用尺码
Exlantix Es,Exlantix,Es,2026,,Sedan,3XL
Exlantix Et,Exlantix,Et,2026,,SUV,YXL
FSO 125p,FSO,125p,1967-1992,facelift/prefl,Wagon,2L+
FSO 125p,FSO,125p,1967-1992,facelift/prefl,Sedan,3M
FSO 126p,FSO,126p,1972-1991,,Hatchback,无可用尺码
FSO 127p,FSO,127p,1969-1976,,Hatchback,2S
FSO 132p,FSO,132p,1974-1978,Incl: series2/series3,Sedan,3M
FSO Polonez i,FSO,Polonez i,1977-1991,Incl: facelift/prefl,Hatchback,2L+
FSO Polonez ii,FSO,Polonez ii,1988-1992,,Hatchback,2L+
FSO Polonez iii,FSO,Polonez iii,1992-2002,facelift/prefl,Hatchback,2L+
FSO Polonez iii,FSO,Polonez iii,1992-2002,facelift/prefl,Sedan,3M
Farizon Auto Supervan,Farizon Auto,Supervan,2024-2026,,Van,5L
Farizon Auto V6e,Farizon Auto,V6e,2025-2026,,Van,5L
Feidi Enter,Feidi,Enter,2024-2026,,Van,2L+
Fengon Glory 600,Fengon,Glory 600,2024-2026,,SUV,YL
Ferrari 12,Ferrari,12,2024-2026,,Convertible/Coupe,3L-0
Ferrari 208/308,Ferrari,208/308,1975-1989,,Convertible/Coupe/Targa,3M-0
Ferrari 275 gtb,Ferrari,275 gtb,1963-1965,,Coupe,3M-0
Ferrari 275 gts,Ferrari,275 gts,1964-1966,,Convertible,3M-0
Ferrari 296 gtb,Ferrari,296 gtb,2021-2026,,Coupe,3L-0
Ferrari 296 gts,Ferrari,296 gts,2021-2026,,Convertible,3L-0
Ferrari 328 gtb,Ferrari,328 gtb,1985-1989,,Coupe,3M-0
Ferrari 328 gts,Ferrari,328 gts,1985-1989,,Targa,3M-0
Ferrari 348 spider,Ferrari,348 spider,1993-1995,F119,Convertible,3M-0
Ferrari 348 tb/gtb,Ferrari,348 tb/gtb,1990-1994,,Coupe,3M-0
Ferrari 348 ts/gts,Ferrari,348 ts/gts,1990-1995,,Targa,3M-0
Ferrari 360,Ferrari,360,1999-2005,,Convertible/Coupe,3M-0
Ferrari 365 gt 2+2,Ferrari,365 gt 2+2,1967-1971,,Coupe,3XL-0
Ferrari 365 gtb/4 daytona,Ferrari,365 gtb/4 daytona,1969-1974,,Coupe,3M-0
Ferrari 365 gts/4 daytona,Ferrari,365 gts/4 daytona,1971-1974,,Convertible,3M-0
Ferrari 400,Ferrari,400,1959-1964,,Convertible,3M-0
Ferrari 400,Ferrari,400,1959-1964,,Coupe,3M-0
Ferrari 400,Ferrari,400,1961-1964,,Convertible,3L-0
Ferrari 400,Ferrari,400,1961-1964,,Coupe,3L-0
Ferrari 400,Ferrari,400,1979-1985,,Coupe,4S
Ferrari 412,Ferrari,412,1985-1988,,Coupe,4S
Ferrari 456 gt/gta,Ferrari,456 gt/gta,1993-2004,,Coupe,4S
Ferrari 458,Ferrari,458,2009-2026,Incl: F142,Convertible/Coupe,3M-0
Ferrari 488 gtb,Ferrari,488 gtb,2015-2026,,Coupe,3L-0
Ferrari 488 spider,Ferrari,488 spider,2015-2026,,Convertible,3L-0
Ferrari 512 bb,Ferrari,512 bb,1976-1984,,Coupe,3M-0
Ferrari 512 m,Ferrari,512 m,1994-1996,F110,Coupe,3M-0
Ferrari 512 tr,Ferrari,512 tr,1992-1994,F110,Coupe,3M-0
Ferrari 550 barchetta,Ferrari,550 barchetta,2000-2005,,Convertible,3M-0
Ferrari 599 gtb/gto,Ferrari,599 gtb/gto,2006-2026,Incl: F141,Coupe,3L-0
Ferrari 599 sa,Ferrari,599 sa,2010-2026,,Convertible,3L-0
Ferrari 5__ maranello,Ferrari,5__ maranello,1996-2006,,Coupe,3M-0
Ferrari 612 scaglietti,Ferrari,612 scaglietti,2004-2011,,Coupe,3XL-0
Ferrari 812 gts spider,Ferrari,812 gts spider,2019-2026,,Convertible,3L-0
Ferrari 812 superfast,Ferrari,812 superfast,2017-2026,,Convertible/Coupe,3L-0
Ferrari 849 testarossa,Ferrari,849 testarossa,2026,,Coupe,3L-0
Ferrari 849 testarossa spider,Ferrari,849 testarossa spider,2026,,Convertible,3L-0
Ferrari Amalfi,Ferrari,Amalfi,2026,,Coupe,3L-0
Ferrari California,Ferrari,California,2008-2026,Incl: F149 L4562 W1909 H1322/F149 L4563 W1902 H1308,Convertible,3L-0
Ferrari Daytona sp3,Ferrari,Daytona sp3,2022-2026,,Convertible,3L-0
Ferrari Dino gt,Ferrari,Dino gt,1969-1973,,Coupe,3M-0
Ferrari Dino gt4,Ferrari,Dino gt4,1974-1980,,Coupe,3M-0
Ferrari Dino gts,Ferrari,Dino gts,1972-1973,,Convertible,3M-0
Ferrari Enzo ferrari,Ferrari,Enzo ferrari,2002-2003,,Coupe,3L-0
Ferrari F12 berlinetta,Ferrari,F12 berlinetta,2012-2026,,Coupe,3L-0
Ferrari F355 berlinetta,Ferrari,F355 berlinetta,1994-1999,,Coupe,3M-0
Ferrari F355 gts,Ferrari,F355 gts,1994-1999,,Convertible,3M-0
Ferrari F355 spider,Ferrari,F355 spider,1995-2000,,Convertible,3M-0
Ferrari F40,Ferrari,F40,1988-1992,F120,Coupe,3M-0
Ferrari F430,Ferrari,F430,2005-2009,Incl: F131,Convertible/Coupe,3M-0
Ferrari F50,Ferrari,F50,1995-1997,F130,Targa,3M-0
Ferrari F8,Ferrari,F8,2019-2026,,Convertible/Coupe,3L-0
Ferrari F80,Ferrari,F80,2024-2026,,Coupe,4S
Ferrari Ff,Ferrari,Ff,2011-2016,,Coupe,3XL-0
Ferrari Gtc4 lusso / t,Ferrari,Gtc4 lusso / t,2016-2026,,Coupe,3XL-0
Ferrari Laferrari,Ferrari,Laferrari,2013-2018,Incl: F150,Convertible/Coupe,3L-0
Ferrari Mondial,Ferrari,Mondial,1980-1988,,Coupe,3L-0
Ferrari Mondial,Ferrari,Mondial,1984-1988,,Convertible,3L-0
Ferrari Mondial,Ferrari,Mondial,1986-1993,,Convertible,3M-0
Ferrari Mondial,Ferrari,Mondial,1986-1987,,Coupe,3M-0
Ferrari Mondial,Ferrari,Mondial,1989-1993,,Coupe,3M-0
Ferrari Monza sp1,Ferrari,Monza sp1,2018-2026,,Convertible,3L-0
Ferrari Monza sp2,Ferrari,Monza sp2,2018-2026,,Convertible,3L-0
Ferrari Portofino,Ferrari,Portofino,2017-2026,Incl: F164,Convertible,3L-0
Ferrari Purosangue fuv,Ferrari,Purosangue fuv,2022-2026,,SUV,YXL
Ferrari Roma,Ferrari,Roma,2020-2026,,Convertible/Coupe,3L-0
Ferrari Sf90,Ferrari,Sf90,2019-2026,,Coupe,3L-0
Ferrari Sf90,Ferrari,Sf90,2021-2026,,Convertible,3L-0
Ferrari Sf90,Ferrari,Sf90,2023-2026,,Convertible,4S
Ferrari Sf90,Ferrari,Sf90,2023-2026,,Coupe,4S
Ferrari Superamerica,Ferrari,Superamerica,2005-2006,,Convertible,3M-0
Ferrari Testarossa,Ferrari,Testarossa,1984-1991,F110,Coupe,3M-0
Fest E-Box m,Fest,E-Box m,2023-2026,,Van,2XL
Fiat 1100-1900,Fiat,1100-1900,1953-1969,103 early/103 late/103 s1/103 s2/103 s3/Type 115/Type 116 facelift/Type 116 prefl,Sedan,3S
Fiat 1100-1900,Fiat,1100-1900,1954-1959,101/101 L4325 W1655 H1575/101 L4325 W1655 H1590,Sedan,3M
Fiat 124,Fiat,124,1966-1975,Incl: early/late/mid,Sedan,3S
Fiat 124,Fiat,124,1966-2026,Incl: AC/BC/CC/CS/L3970 W1613 H1250/L3971 W1613 H1250,Convertible/Coupe,3S-0
Fiat 124,Fiat,124,1967-1975,Incl: early/late/mid,Wagon,2M
Fiat 125,Fiat,125,1967-1974,125,Sedan,3M
Fiat 126,Fiat,126,1972-1977,,Hatchback,无可用尺码
Fiat 126,Fiat,126,1977-1987,economic/facelift/personal,Hatchback,2S
Fiat 126,Fiat,126,1977-1987,standard,Hatchback,无可用尺码
Fiat 126,Fiat,126,1981-2000,,Hatchback,无可用尺码
Fiat 126,Fiat,126,1987-1996,,Hatchback,2S
Fiat 127,Fiat,127,1971-1986,Incl: 127/early/facelift/series1 special 3dr/series2 3dr/series3 3dr/unificata 3dr,Hatchback/Wagon,2M
Fiat 127,Fiat,127,1971-1984,series1 3dr,Hatchback,2S
Fiat 128,Fiat,128,1969-1982,familiare/familiare early/familiare late/panorama,Wagon,2M
Fiat 128,Fiat,128,1969-1984,Incl: 128/128 s1 2dr/128 s2 2dr,Sedan,3S
Fiat 128,Fiat,128,1972-1981,Incl: 3p/sport early/sport late/sport mid,Coupe,3S-0
Fiat 130,Fiat,130,1969-1978,Incl: 130B/BC,Coupe/Sedan,4S
Fiat 131,Fiat,131,1974-1987,,Sedan,3M
Fiat 131,Fiat,131,1974-1984,131/131 s1 2dr/131 s2/131 s2 2dr/131 s3,Sedan,3M
Fiat 131,Fiat,131,1975-1984,Incl: 131,Wagon,2L+
Fiat 131,Fiat,131,1976-1980,,Sedan,3S
Fiat 132,Fiat,132,1972-1982,Incl: 132/s1/s2/s3,Sedan,3M
Fiat 1500,Fiat,1500,1964-1967,,Convertible,3S-0
Fiat 1500-2300,Fiat,1500-2300,1962-1970,Incl: Type 114,Sedan,3M
Fiat 1900,Fiat,1900,1956-1958,101,Coupe,3M-0
Fiat 238,Fiat,238,1966-1982,,MPV,2XL
Fiat 242,Fiat,242,1975-1982,Incl: 242,MPV/Van,5L
Fiat 500,Fiat,500,1936-2026,110/110F/312/312 L3546 W1627 H1488/312 L3550 W1650 H1490/332/500A/500B/500C,Convertible/Sedan,无可用尺码
Fiat 500,Fiat,500,1960-2026,120/312/312 L3546 W1627 H1488,Hatchback/Wagon,2S
Fiat 500,Fiat,500,2012-2026,312 L3617 W1628 H1527/332,Hatchback,2M
Fiat 500e,Fiat,500e,2020-2026,332,Hatchback,2M
Fiat 500e,Fiat,500e,2020-2026,332,Convertible,无可用尺码
Fiat 500l,Fiat,500l,2012-2026,330,MPV,2L+
Fiat 500x,Fiat,500x,2014-2026,334/334 cross/334 sport/334 urban,SUV,YM
Fiat 600,Fiat,600,1955-1971,100 early/100 late/100D long/100D short,Sedan,无可用尺码
Fiat 600e,Fiat,600e,2023-2026,,SUV,YM
Fiat 850,Fiat,850,1964-1972,Incl: 100G,Coupe/Sedan,无可用尺码
Fiat 850,Fiat,850,1965-1972,Incl: 100GS,Convertible,3S-0
Fiat 900 t/e panorama,Fiat,900 t/e panorama,1978-1986,200,MPV,2M
Fiat 900 t/e pulmino,Fiat,900 t/e pulmino,1978-1986,200,MPV,2M
Fiat Argenta,Fiat,Argenta,1978-1986,132A,Sedan,3M
Fiat Balilla 508 saloon,Fiat,Balilla 508 saloon,1932-1937,508A/508B,Sedan,无可用尺码
Fiat Barchetta,Fiat,Barchetta,1995-2005,183,Convertible,3S-0
Fiat Brava,Fiat,Brava,1995-2001,182 L4187 W1741 H1410/182 L4187 W1741 H1420,Hatchback,2L+
Fiat Brava,Fiat,Brava,1995-1998,182,Hatchback,2M
Fiat Brava,Fiat,Brava,1998-2002,182,Hatchback,2L+
Fiat Bravo i,Fiat,Bravo i,1995-2001,Incl: 182/182 L4025 W1755 H1420/182 L4031 W1755 H1420,Hatchback,2M
Fiat Bravo ii,Fiat,Bravo ii,2006-2014,198,Hatchback,2L+
Fiat Bravo van,Fiat,Bravo van,2008-2014,198,Van,2L+
Fiat Cinquecento,Fiat,Cinquecento,1991-1999,170,Hatchback,2S
Fiat Coupe,Fiat,Coupe,1993-2000,175,Coupe,3M-0
Fiat Croma,Fiat,Croma,1985-1996,154,Hatchback,2L+
Fiat Croma,Fiat,Croma,1985-1996,Incl: 154 facelift/154 L4495 W1760 H1433/154 L4518 W1760 H1433/154 prefl,Hatchback,2L+
Fiat Croma,Fiat,Croma,1985-2011,154 L4520 W1760 H1435/194/194 facelift/194 prefl,Hatchback/Van/Wagon,2XL
Fiat Croma,Fiat,Croma,1991-1992,154,Hatchback,2XL
Fiat Croma,Fiat,Croma,2005-2011,,Wagon,2XL
Fiat Dino,Fiat,Dino,1967-1972,,Coupe,3M-0
Fiat Dino spider,Fiat,Dino spider,1966-1972,,Convertible,3S-0
Fiat Doblo,Fiat,Doblo,2001-2026,Incl: 223/223 cargo swb highroof/223 cargo swb lowroof/223 facelift/223 mpv highroof/223 mpv lowroof/223 prefl/223 swb facelift/223 swb highroof facelift/K9/K9 swb,MPV/Van,2L+
Fiat Doblo,Fiat,Doblo,2003-2026,223 cargo lwb lowroof/223 lwb facelift/K9 lwb,Van,2XL
Fiat Doblo cargo,Fiat,Doblo cargo,2010-2026,263 facelift swb highroof/263 facelift swb lowroof/263 highroof facelift/263 prefl swb highroof/263 prefl swb lowroof/263 swb/263 swb facelift/263 swb facelift L4406 W1832 H1832/263 swb facelift L4406 W1832 H1845/263 swb highroof/263 swb lowroof/263 swb prefl,Van,2L+
Fiat Doblo cargo,Fiat,Doblo cargo,2010-2026,263/263 facelift lwb highroof/263 facelift lwb lowroof/263 lwb/263 lwb highroof/263 lwb lowroof/263 maxi facelift/263 prefl lwb lowroof,MPV/Van,2XL
Fiat Doblo kombi,Fiat,Doblo kombi,2010-2023,263/263 facelift/263 swb/263 swb facelift/263 swb prefl,MPV/Van,2L+
Fiat Doblo kombi,Fiat,Doblo kombi,2010-2023,263 lwb/263 lwb facelift/263 lwb prefl/263 xl facelift,MPV/Van,2XL
Fiat Ducato,Fiat,Ducato,1982-2026,230 swb/230 swb highroof/230 swb lowroof/230L swb highroof/230L swb lowroof/230P/230P swb/230P swb highroof/230P swb lowroof/244 11 swb lowroof/244 15 swb lowroof/244 L4749 W2024 H2150/244 L4749 W2024 H2154/244 maxi swb highroof/244 maxi swb lowroof/244 swb highroof/244 swb lowroof/280 highroof/280 l1h1/280 l1h2/280 lowroof/280 prefl swb highroof/280 prefl swb lowroof/280 swb highroof/280 swb lowroof/290 facelift swb highroof/290 facelift swb lowroof/290 highroof/290 highroof L4765 W1965 H2450/290 highroof L4765 W1965 H2490/290 lowroof/290 lowroof L4765 W1965 H2100/290 lowroof L4765 W1965 H2145/290 swb highroof/290 swb lowroof/X230/X230 swb,Bus/Van,2XL
Fiat Ducato,Fiat,Ducato,1982-2026,230 lwb highroof/230L/230L lwb highroof/230P lwb highroof/244 15 lwb highroof/244 15 lwb midroof/244 lwb highroof/244 lwb superhighroof/244 maxi lwb highroof/244 maxi lwb midroof/244CTMNC lwb extrahigh/244CTMNC lwb highroof/250 47kwh/250 79kwh/250 highroof/250 l2h1/250 l2h1 35t 47kwh/250 l2h1 35t 79kwh/250 l2h1 425t 47kwh/250 l2h1 425t 79kwh/250 l2h2/250 l2h2 35t 47kwh/250 l2h2 35t 79kwh/250 l2h2 425t 47kwh/250 l2h2 425t 79kwh/250 l3h2/250 l3h2 35t 47kwh/250 l3h2 35t 79kwh/250 l3h2 425t 47kwh/250 l3h2 425t 79kwh/250 l3h3/250 l3h3 35t 47kwh/250 l3h3 35t 79kwh/250 l3h3 425t 47kwh/250 l3h3 425t 79kwh/250 l4h2/250 l4h2 35t 47kwh/250 l4h2 35t 79kwh/250 l4h2 425t 47kwh/250 l4h2 425t 79kwh/250 l4h3/250 l4h3 35t 47kwh/250 l4h3 35t 79kwh/250 l4h3 425t 47kwh/250 l4h3 425t 79kwh/250 L5413 W2050 H2254/250 L5413 W2050 H2524/250 lowroof/250 lwb superhighroof/250 mwb lowroof/250 xl highroof/250 xl superhighroof/280 l2h2/280 lwb highroof/280 prefl lwb highroof/290 facelift lwb highroof/290 facelift lwb lowroof/290 lwb highroof/290 lwb lowroof/290 lwb maxi highroof/290 lwb maxi superhighroof/290 lwb superhighroof/290 mwb highroof/290 mwb lowroof/290 mwb maxi highroof/290 xl highroof/290 xl maxi highroof/290 xl superhighroof/X250/X250 l2h1/X250 l2h2/X250 l3h2/X250 l3h3/X250 l4h2/X250 l4h3/X290/X290 l2h1/X290 l2h1 maxi/X290 l2h1 std/X290 l2h2/X290 l2h2 maxi/X290 l2h2 std/X290 l3h2/X290 l3h2 maxi/X290 l3h2 std/X290 l3h3/X290 l3h3 maxi/X290 l3h3 std/X290 l4h2/X290 l4h2 maxi/X290 l4h2 std/X290 l4h3 maxi/X290 l4h3 std,Bus/MPV/Van,无可用尺码
Fiat Ducato,Fiat,Ducato,1994-2026,230 lwb/230 mwb highroof/230 mwb lowroof/230L mwb highroof/230L mwb lowroof/230P mwb highroof/230P mwb lowroof/250/250 l1h1/250 l1h2/250 swb highroof/250 swb lowroof/290 swb highroof/290 swb lowroof/X230 lwb/X250 l1h1/X250 l1h2/X290 l1h1/X290 l1h2,Bus/MPV/Van,5L
Fiat Ducato,Fiat,Ducato,1997-2002,230,Van,无可用尺码
Fiat Ducato,Fiat,Ducato,1998-2002,230,Van,5L
Fiat Ducato,Fiat,Ducato,1998-2013,230/250 lwb highroof/250 mwb highroof,Bus/MPV,无可用尺码
Fiat Ducato,Fiat,Ducato,2001-2026,244/244 l2h1/244 l2h2/244 L5099 W2024 H2150/244 maxi mwb highroof/244 maxi mwb lowroof/244 mwb highroof/244 mwb lowroof/244 mwb maxi highroof/244 mwb maxi lowroof/244 mwb maxi superhighroof/244 mwb superhighroof/244CTMNB mwb extrahigh/244CTMNB mwb highroof,Bus/Van,5XL
Fiat Ducato,Fiat,Ducato,2011-2026,250 lwb highroof/250 mwb highroof,Van,无可用尺码
Fiat Ducato panorama,Fiat,Ducato panorama,1982-1994,280/290/290 l1h1/290 l1h2/290 L4765 W1965 H2100/290 L4765 W1965 H2145,MPV/Van,2XL
Fiat Duna,Fiat,Duna,1987-1991,146B,Wagon,2M
Fiat Duna,Fiat,Duna,1987-1991,146B,Sedan,3S
Fiat Fiorino,Fiat,Fiorino,1977-1988,147,Van,2M
Fiat Fiorino,Fiat,Fiorino,1987-2001,Incl: 146,Van,2L+
Fiat Fiorino,Fiat,Fiorino,1996-2000,147,Van,2L+
Fiat Fiorino,Fiat,Fiorino,2007-2026,Incl: 225/cargo facelift/cargo prefl,MPV/Van,2M
Fiat Freemont,Fiat,Freemont,2011-2016,Incl: JC/L4888 W1878 H1691/L4890 W1880 H1690,MPV,5L
Fiat Grande panda,Fiat,Grande panda,2024-2026,16in/17in,Hatchback,2M
Fiat Grande punto,Fiat,Grande punto,2005-2026,199/199 3dr,Hatchback,2M
Fiat Grande punto van,Fiat,Grande punto van,2006-2013,199/199 facelift/199 prefl,Hatchback,2M
Fiat Idea,Fiat,Idea,2003-2026,350,MPV,2M
Fiat Jagst,Fiat,Jagst,1968-1971,100,Sedan,无可用尺码
Fiat Linea,Fiat,Linea,2006-2026,Incl: 323,Sedan,3M
Fiat Marea,Fiat,Marea,1996-2003,185/185 facelift/185 L4484 W1741 H1495/185 L4484 W1741 H1500/185 L4485 W1740 H1510/185 L4487 W1741 H1500,Wagon,2L+
Fiat Marea,Fiat,Marea,1996-2002,185/185 facelift/185 L4390 W1741 H1420/185 L4393 W1740 H1420,Sedan,3M
Fiat Multipla,Fiat,Multipla,1999-2010,186/186 facelift/186 facelift L4089 W1871 H1695/186 facelift L4089 W1871 H1721/186 prefl,MPV,2M
Fiat Palio,Fiat,Palio,1996-2026,178DX facelift/178DX series2/178DX series3/178DX series4,Wagon,2L+
Fiat Palio,Fiat,Palio,1996-2026,178/178BX/178DX/178DX prefl,Hatchback/Wagon,2M
Fiat Panda,Fiat,Panda,1980-2026,141/141 facelift/141 L3408 W1494 H1420/141 L3408 W1500 H1468/141 prefl/141A/141A L3408 W1494 H1420/141A L3435 W1500 H1485/169/169 cross/169 L3538 W1578 H1540/169 L3538 W1589 H1540/169 L3538 W1589 H1614/169 L3574 W1605 H1632/169 L3578 W1606 H1522,Hatchback/Van,2S
Fiat Panda,Fiat,Panda,2010-2026,Incl: 312DXG1A/312PXG1A standard/312PXG1A trekking/312PXL1A standard/312PXL1A trekking/312PXN1A standard/312PXN1A trekking/312PXP1A/312PXR2B/312PXS2A/312PXU1A 4x4/312PXU1A cross/319/319 citycross/319 L3653 W1643 H1551/319 L3686 W1672 H1605/319 standard/319 trekking/L3653 W1643 H1551/L3653 W1643 H1605/trekking,Hatchback,2M
Fiat Pandina,Fiat,Pandina,2024-2026,319/319 cross/319 standard,Hatchback,2M
Fiat Punto,Fiat,Punto,1993-2026,Incl: 176/176 3dr/176 3dr L3760 W1620 H1450/176 3dr L3760 W1625 H1460/188/188 3dr/188 3dr facelift/188 3dr prefl/188 5dr/188 5dr facelift/188 5dr prefl/188AX facelift/188AX prefl/199/199 3dr L4065 W1687 H1490/199 3dr L4065 W1687 H1514/199 evo/199 evo 3dr/199 grande/199 grande 3dr,Hatchback/Van,2M
Fiat Punto,Fiat,Punto,1994-2000,176C,Convertible,3S-0
Fiat Qubo,Fiat,Qubo,2008-2026,Incl: 225/225 facelift/225 prefl,MPV,2M
Fiat Qubo,Fiat,Qubo,2026,K9 swb,MPV,2L+
Fiat Qubo,Fiat,Qubo,2026,K9 lwb,MPV,2XL
Fiat Regata,Fiat,Regata,1983-1990,138,Sedan,3M
Fiat Regata,Fiat,Regata,1984-1990,Incl: 138,Wagon,2L+
Fiat Ritmo,Fiat,Ritmo,1978-1988,138A/138A facelift 3dr/138A L3993 W1650 H1410/138A L3993 W1650 H1418/138A prefl 3dr/138A s1 3dr/138A s1 L3937 W1650 H1400/138A s1 L3937 W1688 H1390/138A s2/138A s2 3dr/138A s2 L4014 W1650 H1407/138A s2 L4014 W1663 H1390/138A s3/138A s3 3dr/138A s3 5dr,Hatchback,2M
Fiat Ritmo,Fiat,Ritmo,1980-1989,138A,Convertible,3S-0
Fiat Scudo,Fiat,Scudo,1996-2006,220 swb/222,MPV/Van,2L+
Fiat Scudo,Fiat,Scudo,1996-2026,220 lwb/507 standard/standard facelift/standard prefl,MPV/Van,5L
Fiat Scudo,Fiat,Scudo,2007-2016,Incl: 270/l1h1/swb/swb lowroof,MPV/Van,2XL
Fiat Scudo,Fiat,Scudo,2007-2016,l2h1/l2h2/lwb/lwb highroof/lwb lowroof,MPV/Van,5XL
Fiat Scudo,Fiat,Scudo,2022-2026,507 maxi/maxi facelift/maxi prefl,Van,无可用尺码
Fiat Sedici,Fiat,Sedici,2006-2014,Incl: L4115 W1755 H1605/L4115 W1755 H1620,SUV,YM
Fiat Seicento / 600,Fiat,Seicento / 600,1997-2010,187 600,Hatchback,2S
Fiat Seicento / 600,Fiat,Seicento / 600,1997-2010,187 standard,Hatchback,2S
Fiat Seicento / 600,Fiat,Seicento / 600,1998-2010,187 sporting,Hatchback,2S
Fiat Siena,Fiat,Siena,2001-2012,Incl: 178,Sedan,3S
Fiat Stilo,Fiat,Stilo,2001-2008,192/192 3dr/192 5dr,Hatchback/Wagon,2L+
Fiat Talento,Fiat,Talento,1989-1994,290,Bus,2L+
Fiat Talento,Fiat,Talento,2016-2026,296 swb/296 swb highroof/296 swb lowroof/X82 l1h1/X82 l1h2,MPV/Van,5L
Fiat Talento,Fiat,Talento,2016-2026,296 lwb/296 lwb highroof/296 lwb lowroof/X82 l2h1/X82 l2h2,MPV/Van,无可用尺码
Fiat Tempra,Fiat,Tempra,1990-1996,Incl: 159,Van/Wagon,2L+
Fiat Tempra,Fiat,Tempra,1990-1996,Incl: 159,Sedan,3M
Fiat Tipo,Fiat,Tipo,1987-1995,160/160 3dr/160 L3958 W1700 H1445/160 L3958 W1700 H1450/160.EF,Hatchback,2M
Fiat Tipo,Fiat,Tipo,2015-2026,356,Sedan,3M
Fiat Tipo,Fiat,Tipo,2016-2026,357,Hatchback,2L+
Fiat Tipo,Fiat,Tipo,2016-2026,357,Wagon,2XL
Fiat Topolino,Fiat,Topolino,2023-2026,,Hatchback,无可用尺码
Fiat Ulysse,Fiat,Ulysse,1994-2002,220,MPV,2L+
Fiat Ulysse,Fiat,Ulysse,2002-2011,Incl: 179/179 facelift/179 prefl,MPV,2XL
Fiat Ulysse,Fiat,Ulysse,2022-2026,standard/standard facelift/standard prefl,MPV,5L
Fiat Ulysse,Fiat,Ulysse,2022-2026,long/long facelift/long prefl,MPV,无可用尺码
Fiat Uno,Fiat,Uno,1983-2006,146/146 facelift/146 prefl/146A/146A 3dr/146A 3dr facelift/146A 3dr prefl/146A facelift 3dr/146A prefl/146A prefl 3dr,Hatchback,2M
Fiat X,Fiat,X,1973-1989,128 AS,Targa,3S-0
Firefly Firefly,Firefly,Firefly,2025-2026,,Hatchback,2M
Fisker Karma,Fisker,Karma,2012-2026,,Sedan,3XL
Fisker Ocean,Fisker,Ocean,2023-2026,FM29,SUV,YL
Ford B-Max,Ford,B-Max,2012-2017,B232,MPV,2M
Ford C-Max,Ford,C-Max,2007-2019,Incl: C344/C344 facelift/C344 prefl/DM2/facelift/L4379 W1828 H1610/L4409 W1828 H1623/prefl,MPV,2L+
Ford Capri,Ford,Capri,1968-1987,Incl: facelift/GECP,Coupe,3M-0
Ford Capri,Ford,Capri,1970-1974,prefl,Coupe,3S-0
Ford Capri,Ford,Capri,1971-1977,prefl,Coupe,3M-0
Ford Capri,Ford,Capri,2024-2026,,SUV,YL
Ford Consul,Ford,Consul,1972-1975,,Wagon,2XL
Ford Consul,Ford,Consul,1972-1975,,Sedan,3L
Ford Consul,Ford,Consul,1972-1975,,Coupe,3L-0
Ford Cougar,Ford,Cougar,1998-2001,Incl: BCV,Coupe,3L-0
Ford Courier,Ford,Courier,1991-2003,,MPV/Van,2M
Ford Econovan,Ford,Econovan,1986-1992,Incl: KAA,Bus/Van,2M
Ford Ecosport,Ford,Ecosport,2013-2026,Incl: B515/B515 L4096 W1765 H1653/B515 L4273 W1765 H1650/facelift/prefl,SUV,YM
Ford Escort classic,Ford,Escort classic,1998-2000,,Hatchback,2M
Ford Escort classic turnier,Ford,Escort classic turnier,1999-2000,ANL,Wagon,2L+
Ford Escort i,Ford,Escort i,1968-1976,Incl: AFH 2dr facelift/AFH 2dr prefl/ATH 4dr facelift/ATH 4dr prefl,Sedan,3S
Ford Escort i turnier,Ford,Escort i turnier,1968-1976,,Wagon,2M
Ford Escort ii,Ford,Escort ii,1973-1980,Incl: ATH/ATH 2dr,Sedan,3S
Ford Escort ii turnier,Ford,Escort ii turnier,1975-1981,,Wagon,2M
Ford Escort iii,Ford,Escort iii,1980-1985,GAA/GAA 3dr L3966 W1640 H1337/GAA 3dr L3970 W1640 H1400/GAA L3966 W1640 H1337/GAA L4052 W1640 H1350,Hatchback,2M
Ford Escort iii,Ford,Escort iii,1983-1985,ALD,Convertible,3S-0
Ford Escort iii express,Ford,Escort iii express,1981-1986,AVA,Van,2M
Ford Escort iii turnier,Ford,Escort iii turnier,1980-1985,AWA,Wagon,2M
Ford Escort iv,Ford,Escort iv,1985-1990,Incl: GAF/L4022 W1640 H1385/L4061 W1640 H1354/L4061 W1650 H1354,Hatchback,2M
Ford Escort iv,Ford,Escort iv,1986-1990,,Convertible,3S-0
Ford Escort iv express,Ford,Escort iv express,1986-1990,AVF type35/AVF type55,Van,2L+
Ford Escort iv turnier,Ford,Escort iv turnier,1985-1990,,Wagon,2M
Ford Escort v,Ford,Escort v,1990-1995,GAL/GAL 3dr/GAL 3dr facelift/GAL 3dr prefl/GAL facelift/GAL prefl,Hatchback,2M
Ford Escort v,Ford,Escort v,1990-1995,ALL/ALL facelift/ALL prefl,Convertible,3S-0
Ford Escort v,Ford,Escort v,1991-1995,,Hatchback,2L+
Ford Escort v,Ford,Escort v,1993-1995,GAL,Sedan,3M
Ford Escort v express,Ford,Escort v express,1990-1994,AVL facelift type55/AVL facelift type75/AVL prefl type55,Van,2L+
Ford Escort v turnier,Ford,Escort v turnier,1990-1995,Incl: GAL,Wagon,2L+
Ford Escort vi,Ford,Escort vi,1995-1998,L4211 W1738 H1425,Hatchback,2L+
Ford Escort vi,Ford,Escort vi,1995-1999,Incl: 3dr/GAL/L4136 W1691 H1390,Hatchback,2M
Ford Escort vi,Ford,Escort vi,1995-1999,Incl: GAL,Sedan,3M
Ford Escort vi,Ford,Escort vi,1995-2000,Incl: ALL,Convertible,3S-0
Ford Escort vi express,Ford,Escort vi express,1995-2001,AVL/AVL type55/AVL type75,Van/Wagon,2L+
Ford Escort vi turnier,Ford,Escort vi turnier,1995-1999,Incl: GAL/L4268 W1690 H1410/L4300 W1700 H1416,Wagon,2L+
Ford Fiesta,Ford,Fiesta,1977-2003,Incl: FBD facelift/FBD mk2 facelift/FBD mk2 prefl/FBD prefl/FVD/GFBT mk1 facelift,Hatchback/Van,2M
Ford Fiesta,Ford,Fiesta,1977-1986,GFBT mk1 prefl,Hatchback,2S
Ford Fiesta,Ford,Fiesta,2010-2017,,Sedan,3M
Ford Fiesta i,Ford,Fiesta i,1976-1983,GFBT facelift/GFBT L3648 W1567 H1359/GFBT L3718 W1580 H1371,Hatchback,2M
Ford Fiesta i,Ford,Fiesta i,1976-1983,Incl: GFBT prefl,Hatchback,2S
Ford Fiesta ii,Ford,Fiesta ii,1983-1989,Incl: facelift/facelift L3648 W1585 H1376/facelift L3711 W1620 H1362/prefl/prefl L3648 W1585 H1334/prefl L3711 W1620 H1334,Hatchback,2M
Ford Fiesta ii,Ford,Fiesta ii,1983-1989,FBD,Hatchback,2S
Ford Fiesta ii,Ford,Fiesta ii,1986-1989,FBD,Hatchback,2M
Ford Fiesta iii,Ford,Fiesta iii,1989-1997,Incl: GFJ/GFJ 3dr,Hatchback,2M
Ford Fiesta iv,Ford,Fiesta iv,1995-2002,Incl: JA 3dr facelift/JA 3dr prefl/JB 5dr facelift/JB 5dr prefl,Hatchback,2M
Ford Fiesta v,Ford,Fiesta v,2001-2008,Incl: 3dr/3dr facelift/5dr/5dr facelift/5dr L3917 W1683 H1462/5dr L3917 W1683 H1463,Hatchback,2M
Ford Fiesta v van,Ford,Fiesta v van,2002-2010,Incl: facelift/JC3 facelift/JC3 prefl/JH1/prefl,Van,2M
Ford Fiesta vi,Ford,Fiesta vi,2008-2017,Incl: 3dr facelift/3dr prefl/5dr facelift/CB1/CB1 3dr/CB1 5dr/CB1 prefl 3dr/CB1 prefl 5dr/CCN facelift 3dr/CCN facelift 5dr,Hatchback,2M
Ford Fiesta vi van,Ford,Fiesta vi van,2008-2017,Incl: CB1/facelift/JA8/prefl,Hatchback/Van,2M
Ford Fiesta vii,Ford,Fiesta vii,2017-2026,Incl: 3dr/3dr facelift/3dr prefl,Hatchback,2M
Ford Fiesta vii van,Ford,Fiesta vii van,2018-2026,Incl: B479/sport/trend,Van,2M
Ford Focus c-Max,Ford,Focus c-Max,2003-2007,Incl: DM2,MPV,2L+
Ford Focus i,Ford,Focus i,1998-2005,Incl: DAW/DAW 5dr facelift/DAW 5dr prefl/DBW/DBW 3dr facelift/DBW 3dr prefl/DBW 5dr/DNW,Hatchback/Van,2L+
Ford Focus i,Ford,Focus i,1999-2005,Incl: DFW/DFW facelift/DFW prefl,Sedan,3M
Ford Focus i turnier,Ford,Focus i turnier,1999-2005,Incl: DNW/DNW facelift/DNW prefl,Wagon,2L+
Ford Focus ii,Ford,Focus ii,2004-2012,Incl: C307/C307 3dr facelift/C307 3dr prefl/DA3/DA3 facelift/DA3 prefl/facelift/prefl,Hatchback/Van,2L+
Ford Focus ii,Ford,Focus ii,2005-2012,Incl: C307 facelift/C307 prefl,Sedan,3M
Ford Focus ii,Ford,Focus ii,2006-2010,,Convertible,3M-0
Ford Focus ii turnier,Ford,Focus ii turnier,2004-2012,Incl: C307/C307 facelift/C307 prefl/DA3/facelift/prefl,Wagon,2L+
Ford Focus iii,Ford,Focus iii,2010-2020,Incl: C346/DYB/DYB facelift/DYB facelift L4360 W1823 H1469/DYB facelift L4362 W1823 H1471/DYB L4360 W1823 H1469/DYB L4362 W1823 H1471/DYB prefl/DYB prefl L4358 W1823 H1484/DYB prefl L4362 W1823 H1484,Hatchback,2L+
Ford Focus iii,Ford,Focus iii,2010-2020,DYB,Sedan,3M
Ford Focus iii,Ford,Focus iii,2012-2020,DYB/DYB facelift/DYB prefl,Wagon,2XL
Ford Focus iii turnier,Ford,Focus iii turnier,2010-2020,Incl: DYB/DYB facelift/DYB L4556 W1823 H1482/DYB L4556 W1823 H1505/DYB prefl/facelift/facelift L4560 W1823 H1492/facelift L4563 W1823 H1486/L4560 W1823 H1492/L4563 W1823 H1486/prefl/prefl L4556 W1823 H1505/prefl L4566 W1823 H1505,Wagon,2XL
Ford Focus iv,Ford,Focus iv,2018-2025,Incl: C519/C519 facelift/C519 prefl/facelift/prefl,Hatchback,2L+
Ford Focus iv,Ford,Focus iv,2018-2025,Incl: C519 facelift/C519 prefl,Sedan,3L
Ford Focus iv turnier,Ford,Focus iv turnier,2018-2025,Incl: C519/C519 facelift/C519 L4668 W1825 H1459/C519 L4668 W1825 H1481/C519 prefl,Wagon,2XL
Ford Fusion,Ford,Fusion,2002-2012,JU2/JU2 facelift/JU2 prefl,MPV,2M
Ford Galaxy i,Ford,Galaxy i,1995-2006,Incl: WGR/WGR facelift/WGR prefl,MPV,2XL
Ford Galaxy ii,Ford,Galaxy ii,2006-2015,Incl: facelift/L4820 W1854 H1723/L4820 W1884 H1723/WA6/WA6 facelift/WA6 facelift L4819 W1884 H1758/WA6 facelift L4820 W1884 H1764/WA6 L4819 W1884 H1770/WA6 L4820 W1884 H1764/WA6 prefl,MPV,2XL
Ford Galaxy iii,Ford,Galaxy iii,2015-2023,Incl: CK,MPV,5L
Ford Galaxy mk i van,Ford,Galaxy mk i van,1995-2006,WGR/WGR facelift/WGR prefl,MPV,2XL
Ford Galaxy mk ii van,Ford,Galaxy mk ii van,2006-2015,WA6/WA6 facelift/WA6 prefl,MPV,2XL
Ford Galaxy mk iii van,Ford,Galaxy mk iii van,2019-2023,CD390,MPV,5L
Ford Granada,Ford,Granada,1972-1985,Incl: GGNL/GGNL facelift/GGNL prefl/GNU,Wagon,2XL
Ford Granada,Ford,Granada,1972-1985,Incl: GGFL/GGFL facelift/GGFL prefl/GGTL/GU/GU facelift/GU prefl,Sedan,3L
Ford Granada,Ford,Granada,1972-1976,GGCL,Coupe,3L-0
Ford Grand c-Max,Ford,Grand c-Max,2010-2019,Incl: C344 facelift/facelift,MPV,2L+
Ford Grand c-Max,Ford,Grand c-Max,2010-2019,C344/C344 prefl/prefl,MPV,2XL
Ford Grand c-Max van,Ford,Grand c-Max van,2010-2019,facelift,MPV,2L+
Ford Grand c-Max van,Ford,Grand c-Max van,2010-2014,,MPV,2XL
Ford Grand c-Max van,Ford,Grand c-Max van,2010-2019,prefl,MPV,2XL
Ford Grand c-Max van,Ford,Grand c-Max van,2015-2019,,MPV,2L+
Ford Gt,Ford,Gt,2003-2006,,Coupe,3L-0
Ford Gt,Ford,Gt,2016-2026,,Coupe,4S
Ford Ka,Ford,Ka,1996-2016,RB/RBT/RU8,Hatchback,2M
Ford Ka+ iii,Ford,Ka+ iii,2016-2020,Incl: B562/UK facelift/UK prefl,Hatchback,2M
Ford Ka+ iii,Ford,Ka+ iii,2016-2020,TK,Sedan,3S
Ford Kuga i,Ford,Kuga i,2008-2012,C394,SUV,YM
Ford Kuga i van,Ford,Kuga i van,2008-2012,,SUV,YM
Ford Kuga ii,Ford,Kuga ii,2013-2019,Incl: DM2/DM2 L4524 W1838 H1689/DM2 L4531 W1838 H1703,SUV,YM
Ford Kuga ii van,Ford,Kuga ii van,2014-2019,Incl: facelift/prefl,Van,2XL
Ford Kuga ii van,Ford,Kuga ii van,2014-2019,DM2,SUV,YM
Ford Kuga iii,Ford,Kuga iii,2019-2026,DFK/DFK L4614 W1883 H1675/DFK L4614 W1883 H1678/phev standard/standard/stline/vignale,SUV,YM
Ford Maverick,Ford,Maverick,1993-2026,Incl: L4185 W1755 H1830/UDS lwb/UDS swb,SUV,YM
Ford Maverick,Ford,Maverick,1996-1998,L4665 W1755 H1850,SUV,YL
Ford Mondeo i,Ford,Mondeo i,1993-1996,Incl: GBP,Hatchback,2L+
Ford Mondeo i,Ford,Mondeo i,1993-1996,Incl: GBP,Sedan,3M
Ford Mondeo i turnier,Ford,Mondeo i turnier,1993-1996,BNP/BNP L4631 W1745 H1442/BNP L4671 W1751 H1510,Wagon,2XL
Ford Mondeo ii,Ford,Mondeo ii,1996-2000,Incl: BAP,Hatchback,2XL
Ford Mondeo ii,Ford,Mondeo ii,1996-2000,Incl: BFP,Sedan,3M
Ford Mondeo ii turnier,Ford,Mondeo ii turnier,1996-2000,Incl: BNP,Wagon,2XL
Ford Mondeo iii,Ford,Mondeo iii,2000-2007,B5Y,Hatchback,2XL
Ford Mondeo iii,Ford,Mondeo iii,2000-2007,B4Y,Sedan,3L
Ford Mondeo iii turnier,Ford,Mondeo iii turnier,2000-2007,BWY,Wagon,2XL
Ford Mondeo iv,Ford,Mondeo iv,2007-2015,Incl: BA7/BA7 facelift/BA7 prefl/facelift/prefl,Hatchback,2XL
Ford Mondeo iv,Ford,Mondeo iv,2007-2015,BA7/BA7 facelift/BA7 prefl,Sedan,4S
Ford Mondeo iv turnier,Ford,Mondeo iv turnier,2007-2015,Incl: BA7/BA7 facelift/BA7 prefl/facelift/prefl,Wagon,5L
Ford Mondeo iv van,Ford,Mondeo iv van,2007-2014,BA7/BA7 facelift/BA7 prefl,Wagon,5L
Ford Mondeo v,Ford,Mondeo v,2014-2022,Incl: CD391,Sedan,3XL
Ford Mondeo v,Ford,Mondeo v,2014-2022,Incl: CD391,Hatchback,5L
Ford Mondeo v turnier,Ford,Mondeo v turnier,2014-2022,Incl: CD391,Wagon,5L
Ford Orion i,Ford,Orion i,1983-1986,AFD,Sedan,3S
Ford Orion ii,Ford,Orion ii,1985-1990,Incl: AFF/L4210 W1640 H1390/L4213 W1640 H1389,Sedan,3S
Ford Orion iii,Ford,Orion iii,1990-1993,GAL,Sedan,3M
Ford Puma,Ford,Puma,1997-2002,ECT,Coupe,3S-0
Ford Puma,Ford,Puma,2019-2026,Incl: base/J2K stline/J2K titanium/L4186 W1805 H1550/L4226 W1805 H1533/stline/titanium,SUV,YM
Ford S-Max,Ford,S-Max,2006-2023,Incl: CJ/CJ facelift/CJ prefl/facelift/WA6/WA6 facelift/WA6 prefl,MPV,2XL
Ford Scorpio i,Ford,Scorpio i,1985-1994,Incl: GGE,Hatchback,2XL
Ford Scorpio i,Ford,Scorpio i,1986-1994,,Sedan,4S
Ford Scorpio i,Ford,Scorpio i,1988-1994,,Sedan,3L
Ford Scorpio i,Ford,Scorpio i,1989-1994,GGE/L4740 W1760 H1440,Sedan,3L
Ford Scorpio i,Ford,Scorpio i,1989-1994,L4744 W1766 H1450,Sedan,4S
Ford Scorpio i turnier,Ford,Scorpio i turnier,1988-1994,GGE,Wagon,2XL
Ford Scorpio ii,Ford,Scorpio ii,1994-1998,,Sedan,4S
Ford Scorpio ii turnier,Ford,Scorpio ii turnier,1994-1998,,Wagon,2XL
Ford Sierra,Ford,Sierra,1982-1993,Incl: 3dr prefl/L4425 W1694 H1407/L4459 W1725 H1378,Hatchback,2L+
Ford Sierra,Ford,Sierra,1982-1993,3dr/3dr facelift/5dr ghia/BNC L4511 W1720 H1428/BNG/BNG prefl/BNG prefl L4511 W1720 H1410/BNG prefl L4511 W1720 H1428/prefl/std,Hatchback/Wagon,2L+
Ford Sierra,Ford,Sierra,1982-1993,,Wagon,2L+
Ford Sierra,Ford,Sierra,1982-1993,BNC L4522 W1729 H1438/BNG facelift/BNG facelift L4544 W1720 H1476/BNG facelift L4544 W1720 H1488/facelift L4544 W1720 H1476/facelift L4544 W1720 H1488/ghia,Wagon,2XL
Ford Sierra,Ford,Sierra,1987-1993,Incl: L4467 W1698 H1407/L4494 W1698 H1376/L4501 W1698 H1407/prefl,Sedan,3M
Ford Sierra,Ford,Sierra,1991-1993,,Wagon,2XL
Ford Street ka,Ford,Street ka,2003-2005,RL2,Convertible,无可用尺码
Ford Taunus,Ford,Taunus,1951-1963,G4B/G13/G13AL/G93A,Sedan,3S
Ford Taunus,Ford,Taunus,1953-1963,G13 g13 early/G13 g13 late/G13AL,Wagon,2M
Ford Taunus,Ford,Taunus,1957-1982,GBNS/longbumper/P2/P3/P4/P6/standard/tc1/tc2,Wagon,2L+
Ford Taunus,Ford,Taunus,1957-1982,GBFK/GBFS 4dr L4340 W1706 H1363/GBFS 4dr L4382 W1706 H1363/GBTK/GBTS 2dr L4340 W1706 H1363/GBTS 2dr L4382 W1706 H1363/longbumper/P2 facelift/P2 prefl/P3/P4 L4248 W1594 H1458/P4 L4322 W1594 H1458/P6,Sedan,3M
Ford Taunus,Ford,Taunus,1961-1971,P3/P4/P6,Coupe,3M-0
Ford Taunus,Ford,Taunus,1964-1968,Incl: p5,Wagon,2XL
Ford Taunus,Ford,Taunus,1964-1974,p7a/p7b,Wagon,2XL
Ford Taunus,Ford,Taunus,1964-1974,41F facelift/41F prefl/42F facelift/42F prefl/P5/p5/P7A/p7a/P7B/p7b,Sedan,3L
Ford Taunus,Ford,Taunus,1967-1974,43F facelift/43F prefl/p7a/p7b,Coupe,3L-0
Ford Taunus,Ford,Taunus,1968-1974,,Sedan,3L
Ford Taunus,Ford,Taunus,1968-1974,,Coupe,3L-0
Ford Taunus,Ford,Taunus,1970-1979,,Wagon,2L+
Ford Taunus,Ford,Taunus,1970-1982,,Sedan,3M
Ford Taunus,Ford,Taunus,1970-1976,,Coupe,3M-0
Ford Tourneo connect,Ford,Tourneo connect,2002-2013,swb/swb facelift06/swb facelift09/swb prefl,MPV,2L+
Ford Tourneo connect,Ford,Tourneo connect,2002-2013,lwb/lwb facelift06/lwb facelift09/lwb prefl,MPV,2XL
Ford Tourneo connect / grand v408 großraumlimousi,Ford,Tourneo connect / grand v408 großraumlimousi,2013-2022,V408 swb facelift,MPV,2L+
Ford Tourneo connect / grand v408 großraumlimousi,Ford,Tourneo connect / grand v408 großraumlimousi,2013-2022,V408 swb prefl,MPV,2L+
Ford Tourneo connect / grand v408 großraumlimousi,Ford,Tourneo connect / grand v408 großraumlimousi,2013-2022,V408 lwb facelift,MPV,2XL
Ford Tourneo connect / grand v408 großraumlimousi,Ford,Tourneo connect / grand v408 großraumlimousi,2013-2022,V408 lwb prefl,MPV,2XL
Ford Tourneo connect / grand v408 großraumlimousi,Ford,Tourneo connect / grand v408 großraumlimousi,2018-2022,V408 swb,MPV,2L+
Ford Tourneo connect / grand v408 großraumlimousi,Ford,Tourneo connect / grand v408 großraumlimousi,2018-2022,V408 lwb,MPV,2XL
Ford Tourneo connect / grand v761 großraumlimousi,Ford,Tourneo connect / grand v761 großraumlimousi,2022-2026,V761 swb,MPV,2L+
Ford Tourneo connect / grand v761 großraumlimousi,Ford,Tourneo connect / grand v761 großraumlimousi,2022-2026,V761 lwb,MPV,5L
Ford Tourneo connect / grand v761 kasten/großraum,Ford,Tourneo connect / grand v761 kasten/großraum,2022-2026,V761 mpv swb,MPV,2L+
Ford Tourneo connect / grand v761 kasten/großraum,Ford,Tourneo connect / grand v761 kasten/großraum,2022-2026,V761 van swb,Van,2L+
Ford Tourneo connect / grand v761 kasten/großraum,Ford,Tourneo connect / grand v761 kasten/großraum,2022-2026,V761 mpv lwb,MPV,5L
Ford Tourneo connect / grand v761 kasten/großraum,Ford,Tourneo connect / grand v761 kasten/großraum,2022-2026,V761 van lwb,Van,5L
Ford Tourneo courier b460,Ford,Tourneo courier b460,2014-2023,B460,MPV,2L+
Ford Tourneo courier v769,Ford,Tourneo courier v769,2023-2026,V769 active/V769 std,MPV,2L+
Ford Tourneo custom v362,Ford,Tourneo custom v362,2012-2023,V362 l1/V362 swb/V362 swb facelift/V362 swb prefl,MPV,5L
Ford Tourneo custom v362,Ford,Tourneo custom v362,2012-2023,V362 l2/V362 lwb/V362 lwb facelift/V362 lwb prefl,MPV,无可用尺码
Ford Tourneo custom v710,Ford,Tourneo custom v710,2023-2026,V710 swb,MPV,5L
Ford Tourneo custom v710,Ford,Tourneo custom v710,2023-2026,V710 lwb,MPV,无可用尺码
Ford Transit,Ford,Transit,1955-1973,Incl: FK1250 S2,MPV/Van,2L+
Ford Transit,Ford,Transit,1965-1986,Incl: 72E1A/72E2X/72E3C/81E4SA/820000/mk1 swb lowroof,Bus,2L+
Ford Transit,Ford,Transit,1971-1978,FT100,Van,2L+
Ford Transit,Ford,Transit,1977-2000,mk2 swb lowroof/swb/swb lowroof/swb lowroof facelift/swb midroof facelift/swb post92/swb pre92/TAS/TBS/TCS/VE6 mk3 swb lowroof/VE6 mk4 swb lowroof/VE6 mk4 swb midroof/VE6 swb highroof prefl/VE6 swb lowroof/VE6 swb lowroof prefl/VE6 swb midroof/VE64 80 100s/VE64 120s/VE64 150s/VE64 swb 80 100/VE64 swb 120/VE64 swb 150/VE64 swb highroof facelift/VE64 swb lowroof/VE64 swb lowroof facelift/VE64 swb mediumroof facelift/VE83 swb lowroof,Bus/MPV/Van,2XL
Ford Transit,Ford,Transit,1977-2014,15seat/17seat highroof/17seat medroof/jumbo drw highroof/jumbo drw medroof/jumbo highroof drw/jumbo highroof srw/jumbo srw highroof/L6474 W2084 H2380/lwb/lwb highroof/lwb highroof L5680 W1974 H2590/lwb highroof L5680 W1974 H2599/lwb highroof L5680 W1974 H2606/lwb highroof L5680 W1974 H2619/lwb highroof L5751 W1974 H2619/lwb medroof/lwb medroof L5680 W1974 H2381/lwb medroof L5680 W1974 H2384/lwb medroof L5680 W1974 H2394/lwb medroof L5680 W1974 H2403/lwb medroof L5751 W1974 H2403/lwb midroof/lwb pre92/mk2 lwb highroof/V184 lwb highroof/V184 lwb midroof/V185 lwb mediumroof/V185 lwb medroof/V347 lwb highroof/V347 lwb mediumroof/V348 el highroof/V348 el highroof drw/V348 el highroof srw/V348 el mediumroof/VE6 lwb midroof/VE6 mk3 xlwb highroof/VE6 mk4 lwb highroof/VE6 mk4 lwb midroof/VE6 xlwb highroof/VE64 100l/VE83 lwb mediumroof/xlwb highroof,Bus/MPV/Van,无可用尺码
Ford Transit,Ford,Transit,1977-2014,Incl: lwb highroof facelift/lwb midroof facelift/TCL/V185 lwb highroof/V348 lwb highroof/VE6 lwb highroof/VE6 lwb highroof prefl/VE6 mk3 lwb midroof/VE64 lwb 100/VE64 lwb highroof facelift/VE64 lwb mediumroof facelift/VE64 lwb midroof/VE64 xlwb highroof,MPV/Van,无可用尺码
Ford Transit,Ford,Transit,2000-2014,swb lowroof/swb lowroof L4863 W1974 H2067/swb lowroof L4863 W1974 H2070/swb lowroof L4863 W1974 H2083/swb lowroof L4863 W1974 H2089/swb medroof/swb medroof L4863 W1974 H2383/swb medroof L4863 W1974 H2385/swb medroof L4863 W1974 H2398/swb medroof L4863 W1974 H2405/V184 swb lowroof/V184 swb midroof/V185 swb lowroof/V185 swb mediumroof/V185 swb medroof/V347 swb lowroof/V347 swb mediumroof/V348 swb lowroof/V348 swb mediumroof,Van,5L
Ford Transit,Ford,Transit,2000-2014,L5230 W1974 H2363/mwb highroof/mwb highroof L5230 W1974 H2594/mwb highroof L5230 W1974 H2601/mwb highroof L5230 W1974 H2611/mwb highroof L5230 W1974 H2620/mwb lowroof/mwb lowroof L5230 W1974 H2047/mwb lowroof L5230 W1974 H2056/mwb medroof/mwb medroof L5230 W1974 H2363/mwb medroof L5230 W1974 H2371/mwb medroof L5230 W1974 H2390/mwb medroof L5230 W1974 H2397/V184 mwb highroof/V184 mwb midroof/V185 mwb highroof/V185 mwb mediumroof/V185 mwb medroof/V347 mwb highroof/V347 mwb lowroof/V347 mwb mediumroof/V348 mwb highroof/V348 mwb mediumroof,Bus/Van,5XL
Ford Transit,Ford,Transit,2006-2014,Incl: V348 lwb mediumroof,Bus/MPV/Van,无可用尺码
Ford Transit city,Ford,Transit city,2026,swb lowroof,Van,5L
Ford Transit city,Ford,Transit city,2026,lwb highroof,Van,5XL
Ford Transit connect,Ford,Transit connect,2002-2026,mpv swb/swb lowroof/V408/V408 swb/van swb,MPV/Van,2L+
Ford Transit connect,Ford,Transit connect,2002-2026,Incl: lwb highroof/mpv lwb/V408 lwb/V408 lwb 5seat/V408 lwb 7seat/van lwb,MPV/Van,2XL
Ford Transit connect v408,Ford,Transit connect v408,2013-2026,V408 mpv swb/V408 swb/V408 swb facelift/V408 swb prefl,MPV/Van,2L+
Ford Transit connect v408,Ford,Transit connect v408,2013-2026,V408 lwb/V408 lwb facelift/V408 lwb prefl/V408 mpv lwb,MPV/Van,2XL
Ford Transit connect v761,Ford,Transit connect v761,2024-2026,V761 swb,Van,2L+
Ford Transit connect v761,Ford,Transit connect v761,2024-2026,V761 lwb,Van,5L
Ford Transit courier b460,Ford,Transit courier b460,2014-2023,B460,MPV/Van,2L+
Ford Transit courier v769,Ford,Transit courier v769,2023-2026,V769,MPV/Van,2L+
Ford Transit custom v362,Ford,Transit custom v362,2012-2023,l1h1/l1h2/V362/V362 l1h1/V362 l1h1 facelift/V362 l1h1 prefl/V362 l1h2/V362 l1h2 facelift/V362 l1h2 prefl,Bus/MPV/Van,5L
Ford Transit custom v362,Ford,Transit custom v362,2012-2023,l2h1/l2h2/V362 l2h1/V362 l2h1 facelift/V362 l2h1 prefl/V362 l2h2/V362 l2h2 facelift/V362 l2h2 prefl,Bus/MPV/Van,无可用尺码
Ford Transit custom v710,Ford,Transit custom v710,2023-2026,NRN l1h1/NXN l1h1,MPV/Van,5L
Ford Transit custom v710,Ford,Transit custom v710,2023-2026,NRN l2h1/NXN l2h1,MPV/Van,无可用尺码
Ford Transit tourneo,Ford,Transit tourneo,1994-2000,VE83,MPV,2XL
Ford Transit tourneo,Ford,Transit tourneo,2000-2014,,Bus/MPV,5L
Ford Transit v363,Ford,Transit v363,2013-2026,l2h2/l2h2 L5531 W2059 H2533/l2h2 L5531 W2059 H2534/l2h3/l2h3 L5531 W2059 H2769/l2h3 L5531 W2059 H2771/l3h2/l3h2 L5981 W2059 H2530/l3h2 L5981 W2059 H2533/l3h3/l3h3 L5981 W2059 H2767/l3h3 L5981 W2059 H2769/l4h3 drw/l4h3 srw/V363 l2h2/V363 l2h2 L5531 W2059 H2490/V363 l2h2 L5531 W2059 H2534/V363 l2h2 L5531 W2059 H2542/V363 l2h2 L5531 W2059 H2550/V363 l2h3/V363 l2h3 L5531 W2059 H2771/V363 l2h3 L5531 W2059 H2789/V363 l3h2/V363 l3h2 L5981 W2059 H2533/V363 l3h2 L5981 W2059 H2541/V363 l3h2 L5981 W2059 H2543/V363 l3h2 L5981 W2059 H2547/V363 l3h3/V363 l3h3 L5981 W2059 H2769/V363 l3h3 L5981 W2059 H2780/V363 l3h3 L5981 W2059 H2782/V363 l3h3 L5981 W2059 H2786/V363 l4h3 drw/V363 l4h3 srw,MPV/Van,无可用尺码
Ford Australia Mustang,Ford Australia,Mustang,2004-2014,S197 facelift/S197 prefl,Coupe,4S
Ford USA Aerostar,Ford USA,Aerostar,1985-1997,,MPV,2L+
Ford USA Aerostar,Ford USA,Aerostar,1989-1997,,MPV,5L
Ford USA Aerostar,Ford USA,Aerostar,1991-1997,VN1,MPV,5L
Ford USA Bronco,Ford USA,Bronco,1977-1980,,SUV,YM
Ford USA Bronco,Ford USA,Bronco,1995-1996,,SUV,YL
Ford USA Bronco,Ford USA,Bronco,2020-2026,2dr/2dr widebody,Convertible,3M-0
Ford USA Bronco,Ford USA,Bronco,2020-2026,4dr/4dr widebody,Convertible,4S
Ford USA Contour,Ford USA,Contour,1993-2000,CDW27,Sedan,3L
Ford USA Crown,Ford USA,Crown,1991-1998,EN53,Sedan,3XXL-550
Ford USA E-350 cutaway van,Ford USA,E-350 cutaway van,1982-1986,138 drw/138 srw/158 drw,Van,无可用尺码
Ford USA Edge,Ford USA,Edge,2006-2026,Incl: CD539/U387,SUV,YL
Ford USA Escape,Ford USA,Escape,2005-2007,,SUV,YM
Ford USA Expedition,Ford USA,Expedition,1996-2026,U222/UN93,SUV,YXXL-525
Ford USA Explorer,Ford USA,Explorer,1993-2005,Incl: U2/U152 L4813 W1831 H1814/U152 L4813 W1831 H1826/UN46 5dr/UN105/UN105 1998/UN105 facelift/UN105 facelift00/UN105 facelift98/UN105 prefl,SUV,YL
Ford USA Explorer,Ford USA,Explorer,1993-2026,L4468 W1871 H1630/L4468 W1871 H1639/UN46 3dr,SUV,YM
Ford USA Explorer,Ford USA,Explorer,2001-2026,U152,SUV,YL
Ford USA Explorer,Ford USA,Explorer,2002-2026,U251/U502 prefl,SUV,YXL
Ford USA Explorer,Ford USA,Explorer,2006-2010,,SUV,YXL
Ford USA Explorer,Ford USA,Explorer,2010-2026,U502 facelift/U625,SUV,YXXL-525
Ford USA Explorer,Ford USA,Explorer,2026,,SUV,YM
Ford USA Flex,Ford USA,Flex,2009-2026,,SUV,YXXL-525
Ford USA Mustang,Ford USA,Mustang,1965-2003,1965 66/1967 68/Fox/SN95/SN95 facelift/SN95 prefl,Convertible/Coupe,3L-0
Ford USA Mustang,Ford USA,Mustang,1965-2026,Incl: 1969 70/S197/S197 facelift/S197 prefl/S550/S550 facelift/S550 facelift L4788 W1915 H1379/S550 facelift L4789 W1916 H1373/S550 L4789 W1916 H1373/S550 L4789 W1916 H1382/S550 L4813 W1946 H1379/S550 prefl/S550 prefl L4784 W1915 H1381/S550 prefl L4784 W1916 H1381/S650/S650 L4811 W1915 H1397/S650 L4818 W1918 H1402,Convertible/Coupe,4S
Ford USA Mustang convertible,Ford USA,Mustang convertible,1987-2003,Fox/SN95/SN95 facelift/SN95 L4653 W1857 H1350/SN95 L4653 W1857 H1351/SN95 prefl,Convertible,3L-0
Ford USA Mustang convertible,Ford USA,Mustang convertible,2005-2026,Incl: S197/S197 facelift/S197 L4778 W1877 H1417/S197 L4780 W1877 H1400/S197 prefl/S550/S550 facelift/S550 L4789 W1916 H1387/S550 L4789 W1916 H1396/S550 prefl,Convertible,4S
Ford USA Mustang mach-E,Ford USA,Mustang mach-E,2020-2026,CGW/CGW L4713 W1881 H1624/CGW L4742 W1882 H1608/CX727,SUV,YL
Ford USA Probe i,Ford USA,Probe i,1988-1992,,Coupe,3M-0
Ford USA Probe ii,Ford USA,Probe ii,1993-1998,ECP L4585 W1773 H1310/ECP L4585 W1773 H1315,Coupe,3L-0
Ford USA Probe ii,Ford USA,Probe ii,1994-1998,ECP,Coupe,3M-0
Ford USA Taurus,Ford USA,Taurus,1995-2005,,Sedan,3XL
Ford USA Taurus,Ford USA,Taurus,1995-1999,,Wagon,5L
Ford USA Thunderbird,Ford USA,Thunderbird,1989-1994,MN12,Coupe,3XL-0
Ford USA Thunderbird,Ford USA,Thunderbird,1993-1997,MN12,Coupe,3XXL-520-0
Ford USA Thunderbird,Ford USA,Thunderbird,2002-2005,DEW98,Convertible,3L-0
Ford USA Windstar,Ford USA,Windstar,1995-2004,Incl: gen1/gen2,MPV/Van,5XL
Forthing T5 evo,Forthing,T5 evo,2023-2026,,SUV,YM
Forthing U-Tour,Forthing,U-Tour,2023-2026,M4,MPV,5L
Foton Toano,Foton,Toano,2025-2026,l2h2/l2h3/l3h2/l3h3,Van,无可用尺码
GAC Aion v,GAC,Aion v,2025-2026,AY5-G,SUV,YM
GAZ 69,GAZ,69,1966-1975,69M,SUV,无可用尺码
GAZ Gazelle,GAZ,Gazelle,1993-2013,2705/3221/GAZ-2705,MPV/Van,无可用尺码
GAZ Volga,GAZ,Volga,1972-1993,Incl: 24-02/GAZ-24-02/GAZ-24-12,Wagon,2XL
GAZ Volga,GAZ,Volga,1972-1993,GAZ-24/GAZ-24-10/GAZ-2410,Sedan,3L
GMC S15 jimmy,GMC,S15 jimmy,1989-1994,2dr L4326 W1661 H1628/2dr L4326 W1661 H1633/4dr L4491 W1661 H1595/4dr L4491 W1661 H1633,SUV,YM
GMC Yukon,GMC,Yukon,2006-2014,GMT922,SUV,YXXL-525
Galloper Galloper,Galloper,Galloper,1997-2002,KPE1CP,SUV,YL
Galloper Galloper,Galloper,Galloper,1997-2002,KNE1CP 3dr,SUV,YM
Galloper Galloper,Galloper,Galloper,1997-2002,KNE1CP,SUV,无可用尺码
Geely Bl,Geely,Bl,2005-2026,,Coupe,3S-0
Geely Boyue,Geely,Boyue,2018-2026,NL-3,SUV,YM
Geely Ck,Geely,Ck,2005-2026,,Sedan,3S
Geely Ex5,Geely,Ex5,2024-2026,,SUV,YM
Geely Hq srv,Geely,Hq srv,2005-2026,,Wagon,2M
Geely Mr,Geely,Mr,2005-2026,,Hatchback,2M
Geely Mr sedan,Geely,Mr sedan,2005-2026,,Sedan,3S
Geely Starray,Geely,Starray,2024-2026,,SUV,YL
Genesis G70,Genesis,G70,2017-2026,,Sedan,3L
Genesis G70,Genesis,G70,2021-2026,,Wagon,2XL
Genesis G80,Genesis,G80,2020-2026,Incl: L4995 W1925 H1465/L5005 W1925 H1475,Sedan,3XL
Genesis G90,Genesis,G90,2022-2026,RS4,Sedan,3XXL-550
Genesis G90/g90l,Genesis,G90/g90l,2016-2026,HI/HI lwb,Sedan,3XXL-550
Genesis Gv60,Genesis,Gv60,2021-2026,,SUV,YM
Genesis Gv60,Genesis,Gv60,2026,,SUV,YL
Genesis Gv70,Genesis,Gv70,2021-2026,,SUV,YL
Genesis Gv80,Genesis,Gv80,2020-2026,Incl: JX1,SUV,YXL
Geometry Ex3,Geometry,Ex3,2021-2026,,SUV,无可用尺码
German E Cars Cetos,German E Cars,Cetos,2011-2026,,Hatchback,2M
German E Cars Plantos,German E Cars,Plantos,2011-2026,W906,Van,无可用尺码
German E Cars Stromos,German E Cars,Stromos,2010-2026,,Hatchback,2M
Giotti Victoria Gladiator top,Giotti Victoria,Gladiator top,2022-2026,,Van,2L+
Glas 1700,Glas,1700,1964-1968,,Sedan,3M
Glas 4,Glas,4,1962-1968,612,Sedan,3S
Glas 4,Glas,4,1962-1968,612,Convertible,3S-0
Glas Goggomobil,Glas,Goggomobil,1955-1969,,Coupe/Sedan,无可用尺码
Glas Gt,Glas,Gt,1964-1968,,Convertible,3S-0
Glas Isar,Glas,Isar,1958-1967,Incl: facelift/prefl,Sedan,无可用尺码
Glas Isar,Glas,Isar,1959-1963,,Wagon,2S
Glas V,Glas,V,1966-1967,,Coupe,3L-0
Great Wall Hover h6,Great Wall,Hover h6,2018-2026,,SUV,YL
Great Wall Ora 03,Great Wall,Ora 03,2024-2026,L4235 W1825 H1603/L4254 W1848 H1603,Hatchback,2L+
Great Wall Ora 07,Great Wall,Ora 07,2023-2026,,Sedan,3XL
Great Wall Wey 03,Great Wall,Wey 03,2024-2026,,SUV,YL
Great Wall Wey 05,Great Wall,Wey 05,2024-2026,,SUV,YXL
Gumpert Apollo,Gumpert,Apollo,2009-2013,,Coupe,3M-0
Haval H2,Haval,H2,2021-2026,,SUV,YM
Honda Accord,Honda,Accord,1978-1981,SJ,Hatchback,2M
Honda Accord i,Honda,Accord i,1978-1983,,Sedan,3M
Honda Accord i hatchback,Honda,Accord i hatchback,1979-1983,,Hatchback,2M
Honda Accord ii,Honda,Accord ii,1983-1985,,Sedan,3M
Honda Accord ii hatchback,Honda,Accord ii hatchback,1983-1985,,Hatchback,2L+
Honda Accord iii,Honda,Accord iii,1985-1989,Incl: CA5,Sedan,3M
Honda Accord iii aerodeck,Honda,Accord iii aerodeck,1985-1989,Incl: CA5,Wagon,2L+
Honda Accord iv,Honda,Accord iv,1990-1993,,Sedan,3L
Honda Accord iv,Honda,Accord iv,1992-1993,CC1,Coupe,3L-0
Honda Accord iv aerodeck,Honda,Accord iv aerodeck,1991-1993,Incl: CB8,Wagon,2XL
Honda Accord ix,Honda,Accord ix,2012-2026,CR2/CR3,Sedan,3XL
Honda Accord v,Honda,Accord v,1993-1998,Incl: CC7/CC7 L4675 W1715 H1380/CC7 L4685 W1720 H1380,Sedan,3L
Honda Accord v,Honda,Accord v,1993-1998,Incl: CD7,Coupe,3L-0
Honda Accord v aerodeck,Honda,Accord v aerodeck,1993-1998,CE1/CE2,Wagon,2XL
Honda Accord vi,Honda,Accord vi,1998-2003,Incl: CG7/CG8/CG9/CH1/CH2,Sedan,3L
Honda Accord vi,Honda,Accord vi,1998-2003,CG2/CG4,Coupe,4S
Honda Accord vi hatchback,Honda,Accord vi hatchback,1999-2002,Incl: CH6,Hatchback,2XL
Honda Accord vii,Honda,Accord vii,2003-2008,CL7/CL8/CL9/CN1,Sedan,3L
Honda Accord vii tourer,Honda,Accord vii tourer,2003-2008,CM1/CM2/CN2,Wagon,2XL
Honda Accord viii,Honda,Accord viii,2008-2015,CU1 facelift/CU1 prefl/CU2 facelift/CU2 prefl/CU3 facelift/CU3 prefl,Sedan,3L
Honda Accord viii tourer,Honda,Accord viii tourer,2008-2015,CW1/CW2/CW3,Wagon,2XL
Honda Beat,Honda,Beat,1991-1996,PP1,Convertible,无可用尺码
Honda City,Honda,City,1997-2014,Incl: 3A3/GD6/GM1/GM2 facelift/GM2 prefl,Sedan,3M
Honda Civic i,Honda,Civic i,1979-1984,SS,Sedan,3S
Honda Civic i hatchback,Honda,Civic i hatchback,1972-1980,SB1,Hatchback,2S
Honda Civic ii,Honda,Civic ii,1979-1983,SL/ST,Hatchback/Wagon,2M
Honda Civic iii,Honda,Civic iii,1983-1987,,Sedan,3S
Honda Civic iii hatchback,Honda,Civic iii hatchback,1983-1987,,Hatchback,2M
Honda Civic iii shuttle,Honda,Civic iii shuttle,1983-1987,Incl: AR,Wagon,2M
Honda Civic iv,Honda,Civic iv,1987-1991,,Sedan,3M
Honda Civic iv hatchback,Honda,Civic iv hatchback,1987-1991,,Hatchback,2M
Honda Civic iv shuttle,Honda,Civic iv shuttle,1988-1995,Incl: EE2/EE4,Wagon,2M
Honda Civic ix,Honda,Civic ix,2011-2016,,Sedan,3M
Honda Civic ix,Honda,Civic ix,2012-2016,facelift/FK2/prefl,Hatchback,2L+
Honda Civic ix tourer,Honda,Civic ix tourer,2014-2016,facelift/prefl,Wagon,2XL
Honda Civic v,Honda,Civic v,1991-1995,,Sedan,3M
Honda Civic v,Honda,Civic v,1993-1996,,Coupe,3M-0
Honda Civic v hatchback,Honda,Civic v hatchback,1991-1995,Incl: EG4,Hatchback,2M
Honda Civic vi,Honda,Civic vi,1995-2001,EJ9/EK1/EK3/EK4,Sedan,3M
Honda Civic vi,Honda,Civic vi,1996-2000,EJ6/EM1,Coupe,3M-0
Honda Civic vi aerodeck,Honda,Civic vi aerodeck,1998-2001,Incl: MC1,Wagon,2L+
Honda Civic vi fastback,Honda,Civic vi fastback,1994-2001,,Fastback,3M
Honda Civic vi hatchback,Honda,Civic vi hatchback,1995-2001,Incl: EK3,Hatchback,2L+
Honda Civic vi hatchback,Honda,Civic vi hatchback,1995-2001,,Fastback,3M
Honda Civic vii,Honda,Civic vii,2000-2005,Incl: ES4/ES5/ES8,Sedan,3M
Honda Civic vii,Honda,Civic vii,2001-2005,EM2,Coupe,3M-0
Honda Civic vii hatchback,Honda,Civic vii hatchback,2000-2005,5dr facelift/5dr prefl/EU7 5dr facelift/EU7 5dr prefl/EU9 5dr facelift/EU9 5dr prefl/EV1 5dr facelift/EV1 5dr prefl,Hatchback,2L+
Honda Civic vii hatchback,Honda,Civic vii hatchback,2000-2005,EP1/EP2/EP3/EP4,Hatchback,2M
Honda Civic viii,Honda,Civic viii,2005-2012,,Sedan,3M
Honda Civic viii hatchback,Honda,Civic viii hatchback,2005-2012,Incl: FK1/FK2/FK3/FN2,Hatchback,2L+
Honda Civic x,Honda,Civic x,2016-2022,FC/FC1 facelift/FC1 prefl,Sedan,3L
Honda Civic x,Honda,Civic x,2017-2022,Incl: facelift/FK/prefl,Hatchback,2L+
Honda Civic x,Honda,Civic x,2017-2022,FK8,Hatchback,2XL
Honda Civic xi,Honda,Civic xi,2021-2026,,Sedan,3L
Honda Civic xi,Honda,Civic xi,2022-2026,FL4/FL5,Hatchback,2XL
Honda Concerto,Honda,Concerto,1989-1995,HW,Hatchback,2L+
Honda Concerto,Honda,Concerto,1989-1992,HW,Sedan,3M
Honda Cr-V i,Honda,Cr-V i,1995-2002,RD1,SUV,YM
Honda Cr-V ii,Honda,Cr-V ii,2001-2007,facelift/RD9,SUV,YL
Honda Cr-V ii,Honda,Cr-V ii,2001-2007,prefl,SUV,YM
Honda Cr-V iii,Honda,Cr-V iii,2006-2012,Incl: facelift L4555 W1820 H1680/facelift L4574 W1820 H1675/prefl L4519 W1820 H1679/prefl L4530 W1820 H1675/RE,SUV,YM
Honda Cr-V iv,Honda,Cr-V iv,2012-2018,Incl: facelift/L4557 W1819 H1654/L4605 W1820 H1685/prefl/RM1 facelift/RM1 prefl/RM facelift/RM prefl,SUV,YM
Honda Cr-V v,Honda,Cr-V v,2016-2026,Incl: RW/RW L4600 W1855 H1679/RW L4600 W1855 H1689,SUV,YM
Honda Cr-V vi,Honda,Cr-V vi,2023-2026,L4706 W1866 H1673/L4706 W1866 H1674/L4706 W1866 H1684,SUV,YL
Honda Cr-Z,Honda,Cr-Z,2010-2026,ZF1/ZF2,Coupe,3S-0
Honda Crossroad,Honda,Crossroad,2007-2010,RT3,SUV,YM
Honda Crosstour i,Honda,Crosstour i,2012-2026,TF2,Hatchback,5L
Honda Crx i,Honda,Crx i,1983-1987,Incl: AF,Coupe,3S-0
Honda Crx ii,Honda,Crx ii,1987-1992,,Coupe,3S-0
Honda Crx iii,Honda,Crx iii,1992-1998,,Convertible,3S-0
Honda E,Honda,E,2019-2026,,Hatchback,2M
Honda E:ny1,Honda,E:ny1,2023-2026,,SUV,YM
Honda Element,Honda,Element,2002-2011,Incl: YH2 facelift/YH2 prefl,SUV,YM
Honda Fr-V,Honda,Fr-V,2004-2009,,MPV,2L+
Honda Hr-V,Honda,Hr-V,1999-2026,Incl: facelift/GH4/prefl,SUV,YM
Honda Hr-V,Honda,Hr-V,1999-2026,GH1/GH2,SUV,无可用尺码
Honda Insight,Honda,Insight,2000-2006,ZE1,Coupe,3S-0
Honda Insight,Honda,Insight,2009-2013,ZE2,Hatchback,2L+
Honda Integra,Honda,Integra,1985-1989,Incl: DA4,Hatchback,2L+
Honda Integra,Honda,Integra,1989-2001,DA7/DB7,Sedan,3M
Honda Integra,Honda,Integra,1993-2008,DC2/DC2 96spec/DC2 98spec/DC5 facelift/DC5 prefl,Coupe,3M-0
Honda Jazz i,Honda,Jazz i,1983-1986,AA,Hatchback,2S
Honda Jazz ii,Honda,Jazz ii,2002-2008,GD/GD2 facelift/GD2 prefl,Hatchback,2M
Honda Jazz iii,Honda,Jazz iii,2008-2015,GE,Hatchback,2M
Honda Jazz iv,Honda,Jazz iv,2015-2026,GK/GK facelift/GK prefl,Hatchback,2M
Honda Jazz v,Honda,Jazz v,2020-2026,,Hatchback,2M
Honda Legend i,Honda,Legend i,1986-1990,,Coupe/Sedan,4S
Honda Legend ii,Honda,Legend ii,1991-1996,,Sedan,3XL
Honda Legend ii,Honda,Legend ii,1991-1996,,Coupe,3XL-0
Honda Legend iii,Honda,Legend iii,1996-1997,KA9,Sedan,3XL
Honda Legend iv,Honda,Legend iv,2006-2012,KB1,Sedan,3XL
Honda Logo,Honda,Logo,1999-2002,GA3,Hatchback,2M
Honda N600 iii,Honda,N600 iii,1968-1974,N600,Hatchback,2S
Honda Nsx i,Honda,Nsx i,1990-2005,NA1/NA1 facelift/NA1 prefl/NA2/NA2 facelift/NA2 prefl,Convertible/Coupe,3M-0
Honda Nsx ii,Honda,Nsx ii,2016-2026,NC1,Coupe,3M-0
Honda Odyssey,Honda,Odyssey,2004-2026,RL3/RL4/RL5,MPV,5XL
Honda Pilot,Honda,Pilot,2002-2026,Incl: YF4 prefl,SUV,YL
Honda Pilot,Honda,Pilot,2008-2026,YF4 facelift,SUV,YXL
Honda Prelude,Honda,Prelude,1978-1982,,Coupe,3S-0
Honda Prelude,Honda,Prelude,1983-2026,Incl: BA4/BB1/BB2/BB3,Coupe,3M-0
Honda Quintet,Honda,Quintet,1980-1984,SU,Hatchback,2M
Honda S2000,Honda,S2000,1999-2009,AP1 facelift/AP1 prefl,Convertible,3S-0
Honda Shuttle,Honda,Shuttle,1994-2004,RA1,MPV,2XL
Honda Stream,Honda,Stream,2001-2006,,MPV,2XL
Honda Zr-V,Honda,Zr-V,2023-2026,,SUV,YM
Hongqi E-Hs9,Hongqi,E-Hs9,2020-2026,,SUV,YXXL-525
Hongqi Eh7,Hongqi,Eh7,2024-2026,,Sedan,3XL
Hongqi Ehs7,Hongqi,Ehs7,2025-2026,,SUV,YXL
Hongqi H6,Hongqi,H6,2025-2026,,Hatchback,5L
Hongqi Hs3,Hongqi,Hs3,2025-2026,,SUV,YL
Hongqi Hs5,Hongqi,Hs5,2025-2026,,SUV,YL
Hummer H1,Hummer,H1,2001-2003,,SUV,YL
Hummer H2,Hummer,H2,2003-2004,GMT825,SUV,YL
Hummer Hummer h1,Hummer,Hummer h1,1992-2004,,SUV,YL
Hummer Hummer h2,Hummer,Hummer h2,2002-2026,GMT825/GMT840,SUV,YL
Hummer Hummer h3,Hummer,Hummer h3,2005-2026,Incl: GMT345,SUV,YL
Hyundai Accent,Hyundai,Accent,1994-2000,X3,Sedan,3S
Hyundai Accent i,Hyundai,Accent i,1994-2000,X3,Hatchback,2M
Hyundai Accent ii,Hyundai,Accent ii,1999-2005,LC/LC facelift/LC prefl,Sedan,3M
Hyundai Accent ii,Hyundai,Accent ii,2000-2005,LC/LC 3dr facelift/LC 3dr prefl,Hatchback,2L+
Hyundai Accent iii,Hyundai,Accent iii,2005-2010,Incl: MC,Hatchback,2M
Hyundai Accent iii,Hyundai,Accent iii,2005-2010,MC,Sedan,3M
Hyundai Accent iv,Hyundai,Accent iv,2010-2026,,Sedan,3M
Hyundai Accent v,Hyundai,Accent v,2018-2026,HC,Sedan,3M
Hyundai Atos,Hyundai,Atos,1998-2008,Incl: MX,Hatchback,2S
Hyundai Bayon,Hyundai,Bayon,2021-2026,,SUV,YM
Hyundai Creta,Hyundai,Creta,2016-2021,,SUV,YM
Hyundai Elantra iii,Hyundai,Elantra iii,2000-2006,XD,Hatchback,2L+
Hyundai Elantra iii,Hyundai,Elantra iii,2000-2006,XD,Sedan,3M
Hyundai Elantra iv,Hyundai,Elantra iv,2005-2011,Incl: HD,Sedan,3M
Hyundai Elantra v,Hyundai,Elantra v,2010-2016,MD/MD facelift/MD prefl,Sedan,3M
Hyundai Elantra vi,Hyundai,Elantra vi,2015-2020,AD facelift/AD facelift L4620 W1800 H1435/AD facelift L4620 W1800 H1440/AD prefl/AD prefl L4569 W1801 H1435/AD prefl L4570 W1800 H1440/AD prefl L4570 W1800 H1450,Sedan,3L
Hyundai Elantra vii,Hyundai,Elantra vii,2020-2026,CN7,Sedan,3L
Hyundai Equus / centennial,Hyundai,Equus / centennial,1999-2003,,Sedan,3XXL-520
Hyundai Equus / centennial,Hyundai,Equus / centennial,1999-2009,facelift,Sedan,3XXL-520
Hyundai Equus / centennial,Hyundai,Equus / centennial,1999-2009,prefl,Sedan,3XXL-520
Hyundai Equus / centennial,Hyundai,Equus / centennial,2009-2016,,Sedan,3XXL-520
Hyundai Equus / centennial,Hyundai,Equus / centennial,2009-2016,VI,Sedan,3XXL-520
Hyundai Equus / centennial,Hyundai,Equus / centennial,2009-2016,VI facelift,Sedan,3XXL-520
Hyundai Equus / centennial,Hyundai,Equus / centennial,2009-2016,VI prefl,Sedan,3XXL-520
Hyundai Galloper,Hyundai,Galloper,1998-2003,lwb,SUV,YL
Hyundai Galloper,Hyundai,Galloper,1998-2003,swb,SUV,YM
Hyundai Genesis,Hyundai,Genesis,2008-2026,BK/BK L4630 W1864 H1379/BK L4630 W1864 H1384,Coupe,3L-0
Hyundai Genesis,Hyundai,Genesis,2008-2017,BH/BH facelift/BH prefl/DH,Sedan,3XL
Hyundai Getz,Hyundai,Getz,2002-2010,TB,Hatchback,2M
Hyundai Grace,Hyundai,Grace,1993-2004,P,Van,2XL
Hyundai Grand santa fé,Hyundai,Grand santa fé,2013-2018,NC,SUV,YXL
Hyundai Grandeur,Hyundai,Grandeur,2005-2026,GN7/HG/TG,Sedan,3XL
Hyundai H-1,Hyundai,H-1,2000-2007,A1,Van,5L
Hyundai H-1,Hyundai,H-1,2001-2004,A1,Van,2XL
Hyundai H-1 / starex,Hyundai,H-1 / starex,1997-2007,A1,MPV,2XL
Hyundai H-1 / starex,Hyundai,H-1 / starex,2001-2004,A1,Bus,2XL
Hyundai H-1 / starex,Hyundai,H-1 / starex,2001-2004,,MPV,2XL
Hyundai H-1 / starex,Hyundai,H-1 / starex,2002-2004,A1 L4695 W1820 H1880,MPV,2XL
Hyundai H-1 / starex,Hyundai,H-1 / starex,2002-2004,A1 L5035 W1820 H1965,MPV,5L
Hyundai H-1 / starex,Hyundai,H-1 / starex,2003-2004,A1 swb,MPV,2XL
Hyundai H-1 / starex,Hyundai,H-1 / starex,2003-2004,A1 lwb,MPV,5L
Hyundai H-1 / starex,Hyundai,H-1 / starex,2004-2007,A1,MPV,5L
Hyundai H-1 / starex,Hyundai,H-1 / starex,2006-2007,A1,Bus,2XL
Hyundai H-1 cargo,Hyundai,H-1 cargo,2008-2026,TQ/TQ L5125 W1920 H1925/TQ L5125 W1920 H1935/TQ L5150 W1920 H1925,Van,5XL
Hyundai H-1 travel,Hyundai,H-1 travel,2008-2026,TQ/TQ L5125 W1920 H1925/TQ L5150 W1920 H1925,MPV,5XL
Hyundai H100,Hyundai,H100,1993-2003,Incl: P,Bus/MPV/Van,2XL
Hyundai H350,Hyundai,H350,2015-2026,Incl: lwb/swb,Bus/Van,无可用尺码
Hyundai Highway van,Hyundai,Highway van,2001-2004,FO,MPV,2XL
Hyundai I10 i,Hyundai,I10 i,2007-2013,facelift/PA/PA facelift/PA prefl/prefl,Hatchback,2S
Hyundai I10 ii,Hyundai,I10 ii,2013-2019,Incl: IA,Hatchback,2M
Hyundai I10 ii,Hyundai,I10 ii,2015-2026,BA,Sedan,3S
Hyundai I10 iii,Hyundai,I10 iii,2019-2026,Incl: AC3/L3670 W1680 H1480/L3670 W1680 H1483,Hatchback,2M
Hyundai I20 active,Hyundai,I20 active,2015-2018,,Hatchback,2M
Hyundai I20 i,Hyundai,I20 i,2008-2015,PB/PB 3dr/PB 3dr facelift/PB 3dr prefl/PB 5dr/PB 5dr prefl/PB facelift/PB prefl,Hatchback,2M
Hyundai I20 ii,Hyundai,I20 ii,2014-2020,Incl: GB,Hatchback,2M
Hyundai I20 ii,Hyundai,I20 ii,2015-2021,Incl: GB,Coupe,3S-0
Hyundai I20 ii hatchback van,Hyundai,I20 ii hatchback van,2015-2021,GB,Hatchback,2M
Hyundai I20 iii,Hyundai,I20 iii,2020-2026,Incl: BC3,Hatchback,2M
Hyundai I30,Hyundai,I30,2007-2026,FD/FD facelift/FD prefl/GD/GDE/PD L4335 W1795 H1447/PD L4335 W1795 H1451/PD L4340 W1795 H1455/PD L4340 W1795 H1465,Hatchback/Wagon,2L+
Hyundai I30,Hyundai,I30,2013-2026,GD,Coupe,3M-0
Hyundai I30,Hyundai,I30,2016-2026,PD,Hatchback,2L+
Hyundai I30,Hyundai,I30,2017-2026,PD,Wagon,2XL
Hyundai I30,Hyundai,I30,2021-2026,PDE,Fastback,3M
Hyundai I40 i,Hyundai,I40 i,2012-2019,VF/VF facelift/VF prefl,Sedan,4S
Hyundai I40 i cw,Hyundai,I40 i cw,2011-2019,VF/VF facelift/VF prefl L4770 W1815 H1470/VF prefl L4815 W1815 H1470,Wagon,2XL
Hyundai Inster,Hyundai,Inster,2024-2026,AX1/AX1 h1610,Hatchback,2M
Hyundai Ioniq,Hyundai,Ioniq,2016-2022,AE,Hatchback,2L+
Hyundai Ioniq,Hyundai,Ioniq,2021-2026,NE/NE L4635 W1890 H1605/NE L4655 W1890 H1605/NE L4715 W1940 H1585,SUV,YL
Hyundai Ioniq,Hyundai,Ioniq,2025-2026,,SUV,YXXL-525
Hyundai Ix20,Hyundai,Ix20,2010-2019,JC/JC facelift/JC prefl,MPV,2M
Hyundai Ix35,Hyundai,Ix35,2009-2026,LM/LM facelift/LM L4410 W1820 H1655/LM L4410 W1820 H1660/LM prefl,SUV,YM
Hyundai Ix55,Hyundai,Ix55,2008-2012,EN,SUV,YL
Hyundai Kona,Hyundai,Kona,2017-2026,OS/OS facelift/OS prefl/SX2/SX2 L4350 W1825 H1580/SX2 L4355 W1825 H1575,SUV,YM
Hyundai Lantra i,Hyundai,Lantra i,1990-1995,J1,Sedan,3M
Hyundai Lantra ii,Hyundai,Lantra ii,1995-2000,J2/J3,Wagon,2L+
Hyundai Lantra ii,Hyundai,Lantra ii,1995-2000,J2/J2 facelift/J2 prefl/J3,Sedan,3M
Hyundai Matrix,Hyundai,Matrix,2001-2010,FC/FC facelift/FC prefl,MPV,2M
Hyundai Nexo,Hyundai,Nexo,2018-2026,FE/NH2,SUV,YL
Hyundai Pony,Hyundai,Pony,1985-1995,X2,Hatchback,2M
Hyundai Pony,Hyundai,Pony,1990-1995,X2,Sedan,3M
Hyundai Porter,Hyundai,Porter,1994-2004,,Van,2XL
Hyundai S,Hyundai,S,1990-1996,SLC,Coupe,3S-0
Hyundai Santa fe iv,Hyundai,Santa fe iv,2018-2026,TM,SUV,YL
Hyundai Santa fe v,Hyundai,Santa fe v,2024-2026,MX5,SUV,YL
Hyundai Santa fé i,Hyundai,Santa fé i,2000-2006,SM/SM facelift,SUV,YM
Hyundai Santa fé ii,Hyundai,Santa fé ii,2005-2013,CM/CM facelift/CM L4660 W1890 H1760/CM L4675 W1890 H1725/CM L4675 W1890 H1795/CM L4676 W1890 H1760/CM prefl,SUV,YL
Hyundai Santa fé iii,Hyundai,Santa fé iii,2012-2018,DM,SUV,YL
Hyundai Santamo,Hyundai,Santamo,1999-2002,,MPV,2L+
Hyundai Solaris,Hyundai,Solaris,2017-2026,HCr,Sedan,3M
Hyundai Sonata ii,Hyundai,Sonata ii,1991-1993,Y2,Sedan,3L
Hyundai Sonata iii,Hyundai,Sonata iii,1993-1998,Y3,Sedan,3L
Hyundai Sonata iv,Hyundai,Sonata iv,1998-2004,EF/EF L4710 W1818 H1410,Sedan,3L
Hyundai Sonata iv,Hyundai,Sonata iv,2001-2004,EF L4747 W1820 H1422,Sedan,4S
Hyundai Sonata v,Hyundai,Sonata v,2005-2010,NF/NF facelift/NF prefl,Sedan,4S
Hyundai Sonata vi,Hyundai,Sonata vi,2009-2014,YF,Sedan,4S
Hyundai Sonata vii,Hyundai,Sonata vii,2014-2019,LF,Sedan,3XL
Hyundai Sonata viii,Hyundai,Sonata viii,2020-2026,DN8,Sedan,3XL
Hyundai Staria,Hyundai,Staria,2021-2026,US4,MPV/Van,5XL
Hyundai Terracan,Hyundai,Terracan,2001-2006,Incl: HP,SUV,YL
Hyundai Tiburon,Hyundai,Tiburon,2006-2008,GK,Coupe,3M-0
Hyundai Trajet,Hyundai,Trajet,1999-2008,FO,MPV,2XL
Hyundai Tucson,Hyundai,Tucson,2004-2026,JM/JM L4325 W1795 H1680/JM L4325 W1830 H1730/NX4/TL/TL facelift/TL L4475 W1850 H1650/TL L4480 W1850 H1650/TL prefl,SUV,YM
Hyundai Veloster,Hyundai,Veloster,2011-2017,FS facelift,Coupe,3M-0
Hyundai Veloster,Hyundai,Veloster,2011-2017,FS/FS prefl,Coupe,3S-0
Hyundai Venue,Hyundai,Venue,2019-2026,QX,SUV,无可用尺码
Hyundai Xg,Hyundai,Xg,1998-2005,XG/XG facelift/XG prefl,Sedan,3XL
Hyundai i,Hyundai,i,1996-2002,RD/RD2/RD facelift/RD prefl/RD prefl L4340 W1730 H1303/RD prefl L4345 W1730 H1310,Coupe,3M-0
Hyundai ii,Hyundai,ii,2001-2009,GK,Coupe,3M-0
ISO Autocarro,ISO,Autocarro,1954-1958,,Van,2S
ISO Isetta,ISO,Isetta,1953-1955,,Coupe,无可用尺码
Ich-x K3,Ich-x,K3,2025-2026,,SUV,YL
Ickx K2,Ickx,K2,2023-2026,,SUV,YL
Ineos Grenadier,Ineos,Grenadier,2022-2026,,SUV,YXL
Infiniti Ex,Infiniti,Ex,2008-2026,J50 L4630 W1800 H1570/J50 L4630 W1800 H1575,SUV,YM
Infiniti Ex,Infiniti,Ex,2010-2026,J50/J50 L4635 W1800 H1575,SUV,YL
Infiniti Fx,Infiniti,Fx,2003-2008,S50,SUV,YL
Infiniti Fx,Infiniti,Fx,2008-2026,S51,SUV,YXL
Infiniti G,Infiniti,G,2002-2026,V35,Sedan,3L
Infiniti G,Infiniti,G,2007-2026,CV36/HV36,Convertible/Coupe,3L-0
Infiniti G,Infiniti,G,2008-2026,V36,Sedan,4S
Infiniti G20,Infiniti,G20,1990-1997,P10,Sedan,3M
Infiniti I30,Infiniti,I30,1997-2026,A32,Sedan,4S
Infiniti J30,Infiniti,J30,1992-1997,Y32,Sedan,3XL
Infiniti M,Infiniti,M,2010-2026,Y51,Sedan,3XL
Infiniti M30,Infiniti,M30,1989-1993,F31,Coupe,4S
Infiniti M30 convertible,Infiniti,M30 convertible,1990-1993,F31,Convertible,4S
Infiniti Q30,Infiniti,Q30,2015-2026,H15/H15 sport,Hatchback,2L+
Infiniti Q45 i,Infiniti,Q45 i,1989-1996,FY33/G50,Sedan,3XXL-520
Infiniti Q45 ii,Infiniti,Q45 ii,1997-2001,FY33 facelift/FY33 prefl,Sedan,3XXL-520
Infiniti Q50,Infiniti,Q50,2013-2026,V37/V37 facelift L4810 W1820 H1430/V37 facelift L4810 W1820 H1445/V37 prefl/V37 sport/V37 standard,Sedan,4S
Infiniti Q60,Infiniti,Q60,2013-2026,CV36/CV37/HV36,Convertible/Coupe,3L-0
Infiniti Q70,Infiniti,Q70,2013-2026,Y51,Sedan,3XL
Infiniti Qx30,Infiniti,Qx30,2016-2026,Incl: H15,SUV,YM
Infiniti Qx4,Infiniti,Qx4,1997-2026,JR50,SUV,YL
Infiniti Qx50 i,Infiniti,Qx50 i,2013-2026,J50 L4635 W1800 H1575/J50 L4645 W1800 H1575,SUV,YL
Infiniti Qx50 ii,Infiniti,Qx50 ii,2017-2026,J55,SUV,YL
Infiniti Qx70,Infiniti,Qx70,2013-2026,S51,SUV,YXL
Innocenti Mini,Innocenti,Mini,1974-1982,Incl: L3120 W1500 H1380/L3130 W1524 H1380,Hatchback,2S
Innocenti Regent,Innocenti,Regent,1974-1975,,Sedan,3S
Irmscher Coupe,Irmscher,Coupe,1997-2026,S93,Coupe,3S-0
Irmscher Gt,Irmscher,Gt,1988-1990,,Coupe,3L-0
Irmscher Omega caravan,Irmscher,Omega caravan,1990-1996,facelift/prefl,Wagon,2XL
Irmscher Senator,Irmscher,Senator,1990-1996,,Sedan,4S
Isdera Commendatore,Isdera,Commendatore,1993-2001,,Coupe,3L-0
Isdera Imperator,Isdera,Imperator,1984-2001,,Coupe,3S-0
Isorivolta Fidia,Isorivolta,Fidia,1967-1974,Incl: IR10,Sedan,3XL
Isorivolta Grifo,Isorivolta,Grifo,1965-1972,facelift/IR8,Coupe,3L-0
Isorivolta Grifo,Isorivolta,Grifo,1965-1969,,Coupe,3M-0
Isorivolta Grifo,Isorivolta,Grifo,1965-1970,prefl,Coupe,3M-0
Isorivolta Grifo,Isorivolta,Grifo,1970-1974,,Coupe,3L-0
Isorivolta Gt,Isorivolta,Gt,1962-1970,Incl: facelift/prefl,Coupe,4S
Isorivolta Lele,Isorivolta,Lele,1969-1974,Incl: IR6,Coupe,3L-0
Isuzu Ascender,Isuzu,Ascender,2003-2026,GMT360,SUV,YXL
Isuzu Ascender,Isuzu,Ascender,2003-2026,GMT370,SUV,YXXL-545
Isuzu Gemini,Isuzu,Gemini,1985-1990,JT150 facelift/JT150 prefl/JT190/JT L3995 W1615 H1380/JT L4010 W1615 H1365,Hatchback,2M
Isuzu Gemini,Isuzu,Gemini,1988-1993,JT/JT150/JT151F/JT191F/JT191S/JT641F,Sedan,3S
Isuzu Gemini,Isuzu,Gemini,1990-1993,JT151F/JT191F/JT191S,Hatchback,2L+
Isuzu Impulse,Isuzu,Impulse,1990-1993,JT22,Coupe,3S-0
Isuzu Midi,Isuzu,Midi,1988-1996,94000 swb lowroof/98000 swb lowroof,Van,2L+
Isuzu Midi,Isuzu,Midi,1988-1996,94000 lwb highroof/94000 lwb lowroof/98000 lwb highroof/98000 lwb lowroof/98000N,Van,2XL
Isuzu Midi,Isuzu,Midi,1994-1996,98000,Bus,5L
Isuzu Piazza,Isuzu,Piazza,1981-1985,JR130,Coupe,3M-0
Isuzu Trooper i,Isuzu,Trooper i,1984-1991,UBS16/UBS17/UBS17 3dr/UBS17 5dr/UBS52/UBS52 3dr lwb/UBS52 3dr swb/UBS52 5dr lwb/UBS55 lwb/UBS55 swb,SUV,YM
Isuzu Trooper ii,Isuzu,Trooper ii,1991-1998,UB L4660 W1745 H1850,SUV,YL
Isuzu Trooper ii,Isuzu,Trooper ii,1991-1998,UB/UB 3dr/UB 5dr/UB L4234 W1745 H1849,SUV,YM
Isuzu Trooper iii,Isuzu,Trooper iii,2000-2002,,SUV,YL
Isuzu Trooper iii,Isuzu,Trooper iii,2000-2004,UBS L4795 W1835 H1840,SUV,YL
Isuzu Trooper iii,Isuzu,Trooper iii,2000-2004,,SUV,YM
Isuzu Trooper iii,Isuzu,Trooper iii,2000-2004,UBS L4365 W1835 H1835,SUV,YM
Iveco Daily i,Iveco,Daily i,1978-1989,,Van,无可用尺码
Iveco Daily i,Iveco,Daily i,1985-1989,40-10 WC/40-10 WV,MPV/Van,5L
Iveco Daily ii,Iveco,Daily ii,1989-1996,,Van,5L
Iveco Daily ii,Iveco,Daily ii,1989-1999,,Van,无可用尺码
Iveco Daily ii,Iveco,Daily ii,1989-1999,49-10/49-12/L5755 W2000 H2105/L6000 W2000 H2670/L6000 W2000 H2768,Van,无可用尺码
Iveco Daily ii,Iveco,Daily ii,1990-1999,30-10/40-10 4X4,Van,5L
Iveco Daily iii,Iveco,Daily iii,1999-2007,35c/35s/L5077 W1996 H2260/L5077 W1996 H2270/L5077 W1996 H2365,Van,5L
Iveco Daily iii,Iveco,Daily iii,1999-2006,,Van,无可用尺码
Iveco Daily iii,Iveco,Daily iii,1999-2007,40c 5997 highroof/40c 5997 midroof/40c 7012 highroof/40c 7012 midroof/40s 5997 midroof/40s 7012 highroof/40s 7012 midroof/50c 5997 midroof/50c 7012 highroof/50c 7012 midroof/5477 lowroof/5997 highroof/5997 midroof/5997 midroof L5997 W1996 H2725/5997 midroof L5997 W1996 H2745/7012 highroof/7012 highroof L7012 W1996 H2905/7012 highroof L7012 W1996 H2930/7012 midroof/7012 midroof L7012 W1996 H2720/7012 midroof L7012 W1996 H2745/L5477 W1996 H2270,Van,无可用尺码
Iveco Daily iii,Iveco,Daily iii,2001-2007,,Van,5L
Iveco Daily iv,Iveco,Daily iv,2006-2011,35s 5077 lowroof/35s 5077 midroof/5077 lowroof/5077 midroof,Van,5L
Iveco Daily iv,Iveco,Daily iv,2006-2011,Incl: 35c 5997 highroof/35c 5997 midroof/35c 7012 highroof/35c 7012 midroof/35s 5477 lowroof/35s 5477 midroof/35s 5997 highroof/35s 5997 midroof/35s 7012 highroof/35s 7012 midroof/5477 lowroof/5477 midroof/5997 midroof/5997 midroof L5997 W1996 H2630/5997 midroof L5997 W1996 H2745/7012 highroof/7012 highroof L7012 W1996 H2930/7012 highroof L7012 W2080 H3025/7012 midroof,Van,无可用尺码
Iveco Daily v,Iveco,Daily v,2011-2014,L5997 W1996 H2640/L7012 W1996 H2930/lwb high 70c/lwb mid drw/lwb mid srw/mwb mid drw/mwb mid srw/swb low srw,Van,无可用尺码
Iveco Daily vi,Iveco,Daily vi,2014-2026,Incl: L6087 W2052 H2660/L6109 W2052 H2748/L7264 W2052 H3041,Bus/Van,无可用尺码
Iveco Ejolly,Iveco,Ejolly,2026,L4980 W1920 H1895,Van,5L
Iveco Ejolly,Iveco,Ejolly,2026,L5330 W1920 H1935,Van,无可用尺码
Iveco Esuperjolly,Iveco,Esuperjolly,2025-2026,,Van,无可用尺码
Iveco Massif station wagon,Iveco,Massif station wagon,2008-2011,3dr,Wagon,2L+
Iveco Massif station wagon,Iveco,Massif station wagon,2008-2011,5dr,Wagon,2XL
Iveco Power daily,Iveco,Power daily,2007-2026,,Bus,无可用尺码
JAC E-Js4,JAC,E-Js4,2023-2026,,SUV,YM
JAC E-S2,JAC,E-S2,2022-2026,,SUV,YM
JAC E30x,JAC,E30x,2025-2026,,Hatchback,2M
JAC Iev6e,JAC,Iev6e,2017-2026,,Hatchback,2M
JAC M3,JAC,M3,2024-2026,,Van,5XL
Jaecoo 5,Jaecoo,5,2025-2026,,SUV,YM
Jaecoo 8,Jaecoo,8,2026,,SUV,YL
Jaecoo J7,Jaecoo,J7,2024-2026,,SUV,YM
Jaguar E-Pace,Jaguar,E-Pace,2017-2026,X540,SUV,YM
Jaguar E-Type,Jaguar,E-Type,1961-1975,Incl: L4453 W1657 H1219,Convertible,3M-0
Jaguar E-Type,Jaguar,E-Type,1961-1970,,Coupe,3M-0
Jaguar E-Type,Jaguar,E-Type,1965-1971,L4453 W1657 H1219/series1/series1half,Coupe,3M-0
Jaguar E-Type,Jaguar,E-Type,1966-1968,,Coupe,3L-0
Jaguar E-Type,Jaguar,E-Type,1968-1975,L4684 W1678 H1226/L4684 W1678 H1306/L4686 W1657 H1270,Convertible/Coupe,3L-0
Jaguar F-Pace,Jaguar,F-Pace,2015-2026,X761/X761 facelift/X761 L4747 W1936 H1664/X761 L4762 W1936 H1670/X761 prefl,SUV,YL
Jaguar F-Type,Jaguar,F-Type,2012-2026,X152/X152 p575r/X152 svr,Convertible/Coupe,3M-0
Jaguar I-Pace,Jaguar,I-Pace,2018-2026,X590,SUV,YL
Jaguar Mk i,Jaguar,Mk i,1955-1959,,Sedan,3L
Jaguar Mk ii,Jaguar,Mk ii,1955-1970,,Sedan,3L
Jaguar Mk ix,Jaguar,Mk ix,1958-1961,,Sedan,3XL
Jaguar Mk vii,Jaguar,Mk vii,1950-1956,,Sedan,3XL
Jaguar Mk viii,Jaguar,Mk viii,1956-1958,,Sedan,3XL
Jaguar Mk x i,Jaguar,Mk x i,1961-1970,,Sedan,3XXL-520
Jaguar S-Type i,Jaguar,S-Type i,1963-1968,,Sedan,4S
Jaguar S-Type ii,Jaguar,S-Type ii,1999-2008,CCX/X200/X200 phase1/X200 phase2/X200 phase3,Sedan,3XL
Jaguar Vanden plas,Jaguar,Vanden plas,1981-1989,XJ40,Sedan,3XL
Jaguar X-Type i,Jaguar,X-Type i,2001-2009,X400,Sedan,3L
Jaguar X-Type i,Jaguar,X-Type i,2003-2009,X400,Wagon,2XL
Jaguar Xe,Jaguar,Xe,2015-2026,X760/X760 L4672 W1850 H1416/X760 L4672 W1850 H1425/X760 L4678 W1850 H1416/X760 L4678 W1850 H1425,Sedan,3L
Jaguar Xf i,Jaguar,Xf i,2008-2015,X250,Sedan,3XL
Jaguar Xf ii,Jaguar,Xf ii,2015-2026,X260,Sedan,3XL
Jaguar Xf sportbrake,Jaguar,Xf sportbrake,2012-2026,X250/X260/X260 L4955 W1880 H1496/X260 L4955 W1987 H1496,Wagon,5L
Jaguar Xj,Jaguar,Xj,1968-1996,1P/2G/series1/series2 swb/XJ27/XJ27 facelift/XJ27 prefl/XJ-C,Coupe/Sedan,4S
Jaguar Xj,Jaguar,Xj,1968-1973,,Sedan,4S
Jaguar Xj,Jaguar,Xj,1969-2003,series2/series2 lwb/series3/X300/X305/X306/X308/XJ40/XJ40 L4988 W1798 H1380/XJ40 L4990 W1800 H1360/XJ81,Sedan,3XL
Jaguar Xj,Jaguar,Xj,1973-1992,,Sedan,3XL
Jaguar Xj,Jaguar,Xj,1983-1989,,Coupe,4S
Jaguar Xj,Jaguar,Xj,2003-2019,X350/X351/X351 swb/X358 swb,Sedan,3XXL-520
Jaguar Xj,Jaguar,Xj,2007-2019,X351 lwb/X358 lwb,Sedan,3XXL-550
Jaguar Xj220,Jaguar,Xj220,1991-1995,XJ220,Coupe,3XL-0
Jaguar Xjsc convertible,Jaguar,Xjsc convertible,1985-1996,Incl: XJ27/XJ27 fullconv facelift/XJ27 fullconv prefl/XJ-SC,Convertible/Targa,4S
Jaguar Xk,Jaguar,Xk,1950-1960,XK120/XK140/XK150,Convertible/Coupe,3M-0
Jaguar Xk 8,Jaguar,Xk 8,1996-2005,X100/X100 L4760 W1829 H1296/X100 L4760 W1829 H1306,Coupe,4S
Jaguar Xk 8 convertible,Jaguar,Xk 8 convertible,1996-2006,X100,Convertible,4S
Jaguar Xk ii,Jaguar,Xk ii,2006-2014,X150,Convertible/Coupe,4S
Jeep Avenger,Jeep,Avenger,2022-2026,J2/J2 L4084 W1776 H1534,SUV,YM
Jeep Avenger,Jeep,Avenger,2022-2026,J2 L4080 W1778 H1528,SUV,无可用尺码
Jeep Cherokee,Jeep,Cherokee,1979-1986,SJ 2dr/SJ 2dr widetrack,SUV,YL
Jeep Cherokee,Jeep,Cherokee,1984-2026,KJ/KK/KL/KL adii/XJ/XJ 2dr early/XJ 2dr facelift/XJ 2dr prefl/XJ 3dr/XJ 5dr/XJ facelift/XJ facelift L4240 W1790 H1630/XJ facelift L4255 W1725 H1630/XJ L4240 W1790 H1700/XJ L4288 W1720 H1621/XJ prefl/XJ prefl L4288 W1720 H1621/XJ prefl L4288 W1790 H1630,SUV,YM
Jeep Cj5 - cj8,Jeep,Cj5 - cj8,1966-1987,CJ5,Convertible,无可用尺码
Jeep Commander,Jeep,Commander,2005-2010,XK,Van,2XL
Jeep Commander,Jeep,Commander,2005-2010,XK,SUV,YL
Jeep Compass,Jeep,Compass,2006-2026,Incl: MK/MK49/MP/MP L4394 W1819 H1629/MP L4394 W1819 H1644/MP L4394 W1819 H1649/MP L4404 W1819 H1629/MP L4404 W1819 H1649/MP trailhawk,SUV,YM
Jeep Grand cherokee i,Jeep,Grand cherokee i,1991-1999,ZJ/ZJ facelift/ZJ L4500 W1800 H1690/ZJ L4500 W1800 H1720/ZJ L4501 W1760 H1648/ZJ prefl,SUV,YM
Jeep Grand cherokee ii,Jeep,Grand cherokee ii,1999-2005,WJ,SUV,YM
Jeep Grand cherokee iii,Jeep,Grand cherokee iii,2004-2010,WH/WK/WK L4740 W1862 H1720/WK L4750 W1870 H1740,SUV,YL
Jeep Grand cherokee iv,Jeep,Grand cherokee iv,2010-2026,WK2 prefl,SUV,YL
Jeep Grand cherokee iv,Jeep,Grand cherokee iv,2010-2026,WK2/WK2 facelift,SUV,YL
Jeep Grand cherokee iv,Jeep,Grand cherokee iv,2011-2026,WK2 prefl,SUV,YXL
Jeep Grand cherokee l v,Jeep,Grand cherokee l v,2021-2026,WL,SUV,YXL
Jeep Grand cherokee van,Jeep,Grand cherokee van,2013-2026,WK2,SUV,YL
Jeep Grand wagoneer,Jeep,Grand wagoneer,1983-1991,SJ,SUV,YL
Jeep Grand wagoneer,Jeep,Grand wagoneer,1983-1986,XJ,SUV,YM
Jeep Patriot,Jeep,Patriot,2007-2017,MK/MK74/MK L4410 W1756 H1637/MK L4415 W1758 H1664,SUV,YM
Jeep Renegade,Jeep,Renegade,2014-2026,Incl: BU/BU L4236 W1805 H1667/BU L4236 W1805 H1684/BU L4236 W1805 H1692/BU L4236 W1805 H1697/BU L4236 W1805 H1702/BU trailhawk,SUV,YM
Jeep Renegade van,Jeep,Renegade van,2014-2026,BU/BU L4236 W1805 H1667/BU L4236 W1805 H1697,SUV,YM
Jeep Wrangler i,Jeep,Wrangler i,1986-1990,YJ/YJ L3879 W1676 H1829/YJ L3879 W1740 H1765,Convertible,3S-0
Jeep Wrangler i,Jeep,Wrangler i,1988-1996,YJ,SUV,无可用尺码
Jeep Wrangler ii,Jeep,Wrangler ii,1996-2007,TJ,Convertible,3S-0
Jeep Wrangler ii,Jeep,Wrangler ii,1996-2007,TJ,SUV,无可用尺码
Jeep Wrangler iii,Jeep,Wrangler iii,2007-2026,JK 4dr/JKU 4dr rubicon/JKU 4dr sahara/JKU 4dr softtop high/JKU 4dr softtop low/JKU 4dr x,SUV,YL
Jeep Wrangler iii,Jeep,Wrangler iii,2007-2026,JK 2dr/JK 2dr L4223 W1873 H1800/JK 2dr L4223 W1873 H1816/JK 2dr rubicon/JK 2dr sahara/JK 2dr softtop high/JK 2dr softtop low/JK 2dr x,SUV,YM
Jeep Wrangler iii,Jeep,Wrangler iii,2011-2026,JK,Convertible,3M-0
Jeep Wrangler iv,Jeep,Wrangler iv,2017-2026,2dr rubicon/2dr standard,SUV,YM
Jeep Wrangler iv,Jeep,Wrangler iv,2017-2026,4dr rubicon/4dr standard,SUV,YXL
Jeep Wrangler iv,Jeep,Wrangler iv,2021-2026,JL L4785 W1875 H1892/JL L4786 W1875 H1868,Convertible,4S
KG Mobility Actyon,KG Mobility,Actyon,2024-2026,,SUV,YL
KG Mobility Korando,KG Mobility,Korando,2023-2026,,SUV,YM
KG Mobility Rexton,KG Mobility,Rexton,2023-2026,,SUV,YL
KG Mobility Tivoli,KG Mobility,Tivoli,2023-2026,,SUV,YM
KG Mobility Torres,KG Mobility,Torres,2023-2026,,SUV,YL
KIA Besta,KIA,Besta,1992-2003,TA,Van,2XL
KIA Cadenza i,KIA,Cadenza i,2010-2015,,Sedan,3XL
KIA Cadenza ii,KIA,Cadenza ii,2016-2026,,Sedan,3XL
KIA Carens i,KIA,Carens i,2000-2007,RS,MPV,2L+
KIA Carens i,KIA,Carens i,2005-2006,,MPV,2XL
KIA Carens ii,KIA,Carens ii,2002-2006,RS,MPV,2L+
KIA Carens iii,KIA,Carens iii,2006-2013,UN,MPV,2XL
KIA Carens iv,KIA,Carens iv,2013-2026,RP,MPV,2XL
KIA Carens iv van,KIA,Carens iv van,2015-2016,RP,MPV,2XL
KIA Carnival / grand iii,KIA,Carnival / grand iii,2006-2015,VQ facelift,MPV,2XL
KIA Carnival / grand iii,KIA,Carnival / grand iii,2006-2015,VQ prefl,MPV,2XL
KIA Carnival / grand iii,KIA,Carnival / grand iii,2006-2015,VQ lwb,MPV,5XL
KIA Carnival / grand iii,KIA,Carnival / grand iii,2010-2015,VQ,MPV,2XL
KIA Carnival i,KIA,Carnival i,1999-2001,UP/GQ,MPV,5L
KIA Carnival ii,KIA,Carnival ii,1999-2007,GQ/GQ facelift/GQ L4925 W1900 H1730/GQ L4925 W1900 H1735/GQ prefl/UP,MPV,5L
KIA Carnival iv,KIA,Carnival iv,2020-2026,KA4,MPV,5XL
KIA Cee'd,KIA,Cee'd,2006-2018,Incl: ED/ED facelift/ED L4470 W1790 H1490/ED L4480 W1790 H1490/ED prefl/facelift/JD/prefl,Hatchback/Van/Wagon,2L+
KIA Ceed,KIA,Ceed,2018-2026,CD/CD L4310 W1800 H1447/CD L4325 W1800 H1442,Hatchback,2L+
KIA Ceed,KIA,Ceed,2018-2026,CD,Wagon,2XL
KIA Cerato i,KIA,Cerato i,2004-2008,LD/LD facelift/LD prefl,Hatchback,2L+
KIA Cerato i,KIA,Cerato i,2004-2009,LD/LD facelift,Sedan,3M
KIA Cerato ii,KIA,Cerato ii,2009-2014,TD,Sedan,3M
KIA Cerato iii,KIA,Cerato iii,2013-2018,YD/YD facelift/YD prefl,Sedan,3M
KIA Cerato iv,KIA,Cerato iv,2018-2026,BD,Sedan,3L
KIA Cerato koup ii,KIA,Cerato koup ii,2013-2014,TD,Coupe,3M-0
KIA Cerato koup iii,KIA,Cerato koup iii,2013-2026,YD,Coupe,3M-0
KIA Clarus,KIA,Clarus,1996-2001,GC/K9A,Sedan,3L
KIA Clarus,KIA,Clarus,1998-2000,GC,Wagon,2XL
KIA Ev2,KIA,Ev2,2026,,SUV,无可用尺码
KIA Ev3,KIA,Ev3,2024-2026,SV,SUV,YM
KIA Ev4,KIA,Ev4,2025-2026,CT,Hatchback,2L+
KIA Ev4,KIA,Ev4,2025-2026,CT,Sedan,3L
KIA Ev5,KIA,Ev5,2025-2026,OV,SUV,YM
KIA Ev6,KIA,Ev6,2021-2026,CV/CV L4680 W1880 H1550/CV L4695 W1890 H1550,Hatchback,2XL
KIA Ev9,KIA,Ev9,2023-2026,MV/MV L5010 W1980 H1755/MV L5015 W1980 H1780,SUV,YXL
KIA Joice,KIA,Joice,2000-2003,,MPV,2XL
KIA K4,KIA,K4,2026,CL4,Hatchback,2L+
KIA K4 sportswagon,KIA,K4 sportswagon,2026,CL4,Wagon,2XL
KIA K8,KIA,K8,2021-2026,GL3,Sedan,3XL
KIA K9 ii,KIA,K9 ii,2018-2026,RJ,Sedan,3XXL-520
KIA Magentis i,KIA,Magentis i,2001-2005,MS,Sedan,3L
KIA Magentis ii,KIA,Magentis ii,2005-2008,MG,Sedan,3L
KIA Magentis ii,KIA,Magentis ii,2005-2010,MG prefl,Sedan,3L
KIA Magentis ii,KIA,Magentis ii,2005-2010,MG facelift,Sedan,4S
KIA Magentis ii,KIA,Magentis ii,2009-2010,MG,Sedan,4S
KIA Niro i,KIA,Niro i,2016-2022,DE,SUV,YM
KIA Niro ii,KIA,Niro ii,2022-2026,SG2/SG2 L4420 W1825 H1545/SG2 L4420 W1825 H1570,SUV,YM
KIA Niro van,KIA,Niro van,2016-2026,DE,SUV,YM
KIA Opirus,KIA,Opirus,2003-2012,Incl: GH,Sedan,3XL
KIA Optima,KIA,Optima,2012-2015,TF,Sedan,4S
KIA Optima,KIA,Optima,2015-2019,JF,Sedan,3XL
KIA Optima,KIA,Optima,2016-2019,JF/JF L4855 W1860 H1460/JF L4855 W1860 H1465/JF L4855 W1860 H1470,Wagon,5L
KIA Picanto i,KIA,Picanto i,2004-2011,SA/SA facelift/SA prefl,Hatchback,2S
KIA Picanto ii,KIA,Picanto ii,2011-2017,TA,Hatchback,2S
KIA Picanto iii,KIA,Picanto iii,2017-2026,JA,Hatchback,2S
KIA Pregio,KIA,Pregio,1995-2026,Incl: TB prefl,MPV/Van,2XL
KIA Pregio,KIA,Pregio,1995-2004,TB facelift,MPV,5L
KIA Pride,KIA,Pride,1990-2001,DA,Hatchback,2S
KIA Pride,KIA,Pride,1996-2001,,Sedan,3S
KIA Pride,KIA,Pride,1999-2001,DA,Wagon,2M
KIA Pro cee'd,KIA,Pro cee'd,2008-2018,ED/JD,Hatchback,2L+
KIA Pro cee'd hatchback van,KIA,Pro cee'd hatchback van,2012-2018,JD,Hatchback,2L+
KIA Proceed,KIA,Proceed,2018-2026,CD,Wagon,2XL
KIA Pv5,KIA,Pv5,2025-2026,SW1,MPV/Van,2XL
KIA Quoris i,KIA,Quoris i,2015-2026,KH,Sedan,3XXL-520
KIA Retona,KIA,Retona,1999-2001,CE,SUV,无可用尺码
KIA Rio i,KIA,Rio i,2000-2005,DC,Hatchback,2L+
KIA Rio i,KIA,Rio i,2000-2005,DC,Sedan,3S
KIA Rio i,KIA,Rio i,2002-2005,DC,Sedan,3M
KIA Rio ii,KIA,Rio ii,2005-2011,JB,Hatchback,2M
KIA Rio ii,KIA,Rio ii,2005-2011,JB,Sedan,3M
KIA Rio iii,KIA,Rio iii,2011-2017,UB,Hatchback,2M
KIA Rio iii,KIA,Rio iii,2011-2017,UB,Sedan,3M
KIA Rio iii hatchback van,KIA,Rio iii hatchback van,2015-2026,UB,Hatchback,2M
KIA Rio iv,KIA,Rio iv,2017-2026,YB/YB L4065 W1725 H1450/YB L4070 W1725 H1450,Hatchback,2M
KIA Rio iv,KIA,Rio iv,2017-2026,YB,Sedan,3M
KIA Rio iv hatchback van,KIA,Rio iv hatchback van,2017-2026,YB,Hatchback,2M
KIA Roadster,KIA,Roadster,1999-2026,,Convertible,3S-0
KIA Seltos,KIA,Seltos,2019-2026,Incl: SP2/SP3,SUV,YM
KIA Sephia,KIA,Sephia,1993-1997,FA,Sedan,3M
KIA Sephia,KIA,Sephia,1995-1997,FA,Hatchback,2L+
KIA Shuma,KIA,Shuma,1996-2001,FB,Sedan,3M
KIA Shuma i,KIA,Shuma i,1997-2001,Incl: FB,Hatchback,2L+
KIA Shuma ii,KIA,Shuma ii,2001-2004,,Hatchback,2XL
KIA Shuma ii,KIA,Shuma ii,2001-2004,,Sedan,3M
KIA Sorento i,KIA,Sorento i,2002-2011,BL/BL L4590 W1865 H1730/BL L4590 W1865 H1811,SUV,YM
KIA Sorento i van,KIA,Sorento i van,2005-2006,BL,SUV,YM
KIA Sorento ii,KIA,Sorento ii,2009-2015,XM/XM facelift/XM facelift L4685 W1885 H1700/XM facelift L4685 W1885 H1745/XM L4685 W1885 H1700/XM L4685 W1885 H1745/XM prefl/XM prefl L4685 W1885 H1710/XM prefl L4685 W1885 H1755,SUV,YL
KIA Sorento iii,KIA,Sorento iii,2015-2026,Incl: UM/UM facelift/UM prefl,SUV,YL
KIA Sorento iv,KIA,Sorento iv,2020-2026,Incl: MQ4,SUV,YL
KIA Soul i,KIA,Soul i,2009-2014,Incl: AM/AM facelift/AM prefl,Hatchback,2M
KIA Soul ii,KIA,Soul ii,2014-2018,Incl: L4140 W1800 H1593/L4140 W1800 H1618,Hatchback,2M
KIA Soul iii,KIA,Soul iii,2019-2026,SK3 L4195 W1800 H1600/SK3 L4195 W1800 H1605,Hatchback,2L+
KIA Soul iii cargo,KIA,Soul iii cargo,2020-2026,SK3,Hatchback/Van,2L+
KIA Sportage,KIA,Sportage,1994-2003,JA/JA facelift/JA prefl/K00,SUV,YM
KIA Sportage ii,KIA,Sportage ii,2004-2010,Incl: KM,SUV,YM
KIA Sportage ii van,KIA,Sportage ii van,2008-2010,,Van,2L+
KIA Sportage iii,KIA,Sportage iii,2010-2015,Incl: SL/SL roofrack,SUV,YM
KIA Sportage iv,KIA,Sportage iv,2015-2022,Incl: QL,SUV,YM
KIA Sportage iv van,KIA,Sportage iv van,2018-2026,QL,SUV,YM
KIA Sportage v,KIA,Sportage v,2021-2026,,SUV,YM
KIA Sportage van,KIA,Sportage van,1995-2003,K00,SUV,YM
KIA Stinger,KIA,Stinger,2017-2023,Incl: CK,Liftback,4S
KIA Stonic,KIA,Stonic,2017-2026,,Hatchback,2M
KIA Stonic,KIA,Stonic,2017-2026,YB,SUV,YM
KIA Stonic,KIA,Stonic,2025-2026,,Hatchback,2L+
KIA Venga,KIA,Venga,2010-2026,YN/YN facelift/YN prefl,Hatchback/MPV,2M
KIA Xceed,KIA,Xceed,2019-2026,Incl: CD,SUV,YM
KTM X-Bow,KTM,X-Bow,2008-2026,,Convertible,3S-0
KTM X-Bow,KTM,X-Bow,2018-2026,,Coupe,3S-0
KTM X-Bow,KTM,X-Bow,2022-2026,,Coupe,3L-0
Karma Gs-6,Karma,Gs-6,2021-2026,,Sedan,3XXL-520
Karma Revero,Karma,Revero,2017-2026,,Sedan,3XL
Koenigsegg Agera,Koenigsegg,Agera,2011-2026,,Coupe,3M-0
Koenigsegg One:1,Koenigsegg,One:1,2014-2026,,Coupe,3M-0
Koenigsegg Regera,Koenigsegg,Regera,2015-2026,,Coupe,3M-0
LDV 400,LDV,400,1989-1996,ET70,Van,无可用尺码
LDV 400,LDV,400,1995-1998,,Van,2XL
LDV Convoy,LDV,Convoy,1998-2009,,Van,2XL
LDV Cub,LDV,Cub,1998-2001,C23,Van,2L+
LDV Maxus,LDV,Maxus,2005-2009,Incl: swb highroof,Bus/Van,5L
LDV Maxus,LDV,Maxus,2005-2009,lwb highroof/lwb xhighroof,Bus,无可用尺码
LTI Tx,LTI,Tx,1997-2026,,Hatchback,2XL
LTI Tx,LTI,Tx,2002-2026,,Sedan,3L
Lada 110,Lada,110,1995-2012,Incl: 2110/VAZ-2110,Sedan,3M
Lada 111,Lada,111,1995-2009,2111/VAZ-2111,Wagon,2L+
Lada 112,Lada,112,1995-2011,2112/VAZ-2112,Hatchback,2L+
Lada 1200-1500,Lada,1200-1500,1973-1985,2102/VAZ-2102,Wagon,2M
Lada 1200-1600,Lada,1200-1600,1970-2005,2106/VAZ2103/VAZ2106/VAZ21011/VAZ-2101/VAZ-2103/VAZ-2106/VAZ-21011,Sedan,3S
Lada Granta,Lada,Granta,2011-2026,2190/2191,Liftback/Sedan,3M
Lada Granta,Lada,Granta,2014-2026,,Hatchback,2L+
Lada Granta,Lada,Granta,2018-2026,,Hatchback,2M
Lada Granta,Lada,Granta,2018-2026,,Wagon,2M
Lada Kalina,Lada,Kalina,2004-2013,1117/1119/VAZ-1117/VAZ-1119,Hatchback/Wagon,2M
Lada Kalina,Lada,Kalina,2004-2013,1118/VAZ-1118,Sedan,3S
Lada Kalina ii,Lada,Kalina ii,2013-2018,2192/2194,Hatchback/Wagon,2M
Lada Kalinka,Lada,Kalinka,1985-1998,2104,Van,2M
Lada Largus,Lada,Largus,2012-2026,F90/R90,Van/Wagon,2L+
Lada Nadeschda,Lada,Nadeschda,1997-2006,2120,MPV,2L+
Lada Niva,Lada,Niva,1976-2026,2121/21214 facelift/21214 prefl/VAZ-2121,SUV,无可用尺码
Lada Niva ii,Lada,Niva ii,2020-2021,,SUV,无可用尺码
Lada Nova,Lada,Nova,1981-2012,2105/2107/VAZ2105/VAZ-2105,Sedan,3S
Lada Nova,Lada,Nova,1985-2012,2104/VAZ-2104,Wagon,2M
Lada Priora,Lada,Priora,2007-2018,2170,Sedan,3M
Lada Priora,Lada,Priora,2008-2015,2171/2172 facelift/2172 prefl,Hatchback/Wagon,2L+
Lada Samara,Lada,Samara,1986-2013,Incl: 2108/2109/2114/21093/VAZ-2108/VAZ-2109,Hatchback,2M
Lada Samara,Lada,Samara,1989-2006,21099/VAZ-21099,Sedan,3S
Lada Toscana,Lada,Toscana,1983-2012,2107/VAZ2107/VAZ-2107,Sedan,3S
Lada Vesta,Lada,Vesta,2015-2026,Incl: 2180/L4410 W1764 H1497/L4420 W1774 H1478,Sedan,3M
Lada Vesta,Lada,Vesta,2016-2026,Incl: 2181 L4410 W1764 H1512/2181 L4424 W1785 H1537,Wagon,2L+
Lada Xray,Lada,Xray,2016-2026,,Hatchback,2L+
Lamborghini Aventador,Lamborghini,Aventador,2013-2026,,Convertible,4S
Lamborghini Aventador,Lamborghini,Aventador,2013-2026,LB834,Convertible,4S
Lamborghini Aventador,Lamborghini,Aventador,2013-2026,LB834,Coupe,4S
Lamborghini Aventador,Lamborghini,Aventador,2018-2026,LB834,Coupe,3XL-0
Lamborghini Aventador,Lamborghini,Aventador,2019-2026,LB834,Convertible,3XL-0
Lamborghini Centenario,Lamborghini,Centenario,2016-2026,,Coupe,3XL-0
Lamborghini Centenario roadster,Lamborghini,Centenario roadster,2016-2026,,Convertible,3XL-0
Lamborghini Countach,Lamborghini,Countach,1974-1991,,Coupe,3S-0
Lamborghini Countach,Lamborghini,Countach,2022-2026,,Coupe,3XL-0
Lamborghini Diablo,Lamborghini,Diablo,1990-2026,,Convertible/Coupe,3M-0
Lamborghini Espada,Lamborghini,Espada,1968-1981,,Coupe,3L-0
Lamborghini Gallardo,Lamborghini,Gallardo,2003-2026,,Convertible/Coupe,3M-0
Lamborghini Huracán,Lamborghini,Huracán,2014-2026,Incl: STO,Convertible/Coupe,3M-0
Lamborghini Jalpa,Lamborghini,Jalpa,1982-1987,,Targa,3M-0
Lamborghini Jarama,Lamborghini,Jarama,1972-1976,,Coupe,3M-0
Lamborghini Lm-001,Lamborghini,Lm-001,1980-1983,,SUV,YL
Lamborghini Lm-002,Lamborghini,Lm-002,1983-1985,,SUV,YL
Lamborghini Lm-002,Lamborghini,Lm-002,1985-1992,,SUV,YXL
Lamborghini Miura,Lamborghini,Miura,1969-1972,P400 S,Coupe,3M-0
Lamborghini Murciélago,Lamborghini,Murciélago,2001-2026,Incl: LP640/LP670-4 SV,Convertible/Coupe,3L-0
Lamborghini Reventon,Lamborghini,Reventon,2007-2009,,Coupe,3L-0
Lamborghini Revuelto,Lamborghini,Revuelto,2023-2026,LB744,Coupe,3XL-0
Lamborghini Sian fkp 37,Lamborghini,Sian fkp 37,2019-2026,,Coupe,3XL-0
Lamborghini Sian fkp 37 roadster,Lamborghini,Sian fkp 37 roadster,2020-2026,,Convertible,3XL-0
Lamborghini Temerario,Lamborghini,Temerario,2024-2026,,Coupe,3L-0
Lamborghini Urraco,Lamborghini,Urraco,1974-1981,P200/P250/P300,Coupe,3M-0
Lamborghini Urus,Lamborghini,Urus,2018-2026,Incl: 4ML/SE,SUV,YXXL-525
Lamborghini Veneno,Lamborghini,Veneno,2013-2026,,Convertible/Coupe,3XL-0
Lancia A 112,Lancia,A 112,1978-1986,Incl: s5/s6/series4/series5 6,Hatchback,2S
Lancia Appia,Lancia,Appia,1953-1961,Incl: C80/C80S,Van/Wagon,2M
Lancia Appia berlina,Lancia,Appia berlina,1959-1961,,Sedan,3S
Lancia Aurelia,Lancia,Aurelia,1951-1958,B20/B24,Convertible/Coupe,3M-0
Lancia Aurelia berlina,Lancia,Aurelia berlina,1950-1955,B10/B12/B21/B22,Sedan,3M
Lancia Aurelia berlina,Lancia,Aurelia berlina,1952-1953,B15,Sedan,4S
Lancia Aurelia spider,Lancia,Aurelia spider,1954-1955,B24,Convertible,3S-0
Lancia Beta,Lancia,Beta,1973-1984,828 BF/828BF,Hatchback,2L+
Lancia Beta,Lancia,Beta,1974-1986,137AS/828 AS/828BC/828BS/BC,Convertible/Coupe/Targa,3S-0
Lancia Beta,Lancia,Beta,1976-1986,828,Sedan,3M
Lancia Dedra,Lancia,Dedra,1989-1999,Incl: 835/835 facelift/835 L4340 W1700 H1430/835 L4345 W1700 H1430/835 prefl,Sedan,3M
Lancia Dedra,Lancia,Dedra,1994-1999,Incl: 835,Wagon,2L+
Lancia Delta i,Lancia,Delta i,1979-1994,831/831 evo/831 fl1982/831 fl1986/831 L3895 W1620 H1355/831 L3895 W1620 H1380/831 L3900 W1700 H1380/831 preevo/831 prefl,Hatchback,2M
Lancia Delta ii,Lancia,Delta ii,1993-1999,Incl: 836/836 HPE,Hatchback,2M
Lancia Delta iii,Lancia,Delta iii,2008-2014,844 prefl,Hatchback,2L+
Lancia Delta iii,Lancia,Delta iii,2008-2014,844/844 facelift,Hatchback,2XL
Lancia Flaminia,Lancia,Flaminia,1959-1969,Incl: 3B,Coupe,3L-0
Lancia Flaminia,Lancia,Flaminia,1963-1969,,Convertible,3M-0
Lancia Flaminia berlina,Lancia,Flaminia berlina,1957-1970,,Sedan,3XL
Lancia Flaminia gt,Lancia,Flaminia gt,1959-1969,,Coupe,3M-0
Lancia Flavia,Lancia,Flavia,1961-1973,,Coupe,3M-0
Lancia Flavia,Lancia,Flavia,2012-2014,JS,Convertible,3XL-0
Lancia Flavia berlina,Lancia,Flavia berlina,1960-1974,Incl: 820.210,Sedan,3L
Lancia Fulvia,Lancia,Fulvia,1965-1976,818/818.130/818.140/818.330/818.340/818.360/818.540/818.630/818.740 lusso/818.740 standard,Coupe,3S-0
Lancia Fulvia berlina,Lancia,Fulvia berlina,1964-1975,Incl: 818/818.100/818.310/818.610/818.612/818.694,Sedan,3S
Lancia Gamma,Lancia,Gamma,1977-1986,830,Coupe,3M-0
Lancia Gamma,Lancia,Gamma,1978-1986,830,Hatchback,2XL
Lancia Kappa,Lancia,Kappa,1994-2001,838,Sedan,3L
Lancia Kappa,Lancia,Kappa,1996-2001,838,Wagon,2XL
Lancia Kappa,Lancia,Kappa,1996-2001,838,Coupe,3L-0
Lancia Lybra,Lancia,Lybra,1999-2005,839,Wagon,2L+
Lancia Lybra,Lancia,Lybra,1999-2005,839,Sedan,3M
Lancia Musa,Lancia,Musa,2004-2012,Incl: 350/350 facelift/350 prefl/facelift/prefl,MPV,2M
Lancia Phedra,Lancia,Phedra,2002-2010,Incl: 179,MPV,2XL
Lancia Prisma,Lancia,Prisma,1983-1992,831 AB/831AB,Sedan,3S
Lancia Thema,Lancia,Thema,1984-1994,Incl: 834/834 facelift/834 L4590 W1750 H1435/834 L4605 W1752 H1435/834 prefl,Sedan,3L
Lancia Thema,Lancia,Thema,1987-1994,834,Wagon,2XL
Lancia Thema,Lancia,Thema,2011-2014,LX,Sedan,3XXL-520
Lancia Thesis,Lancia,Thesis,2002-2009,Incl: 841,Sedan,3XL
Lancia Trevi,Lancia,Trevi,1980-1987,828,Sedan,3M
Lancia Voyager,Lancia,Voyager,2011-2014,RT,MPV,5XL
Lancia Y,Lancia,Y,1995-2003,840/840 L3723 W1690 H1435/840 L3725 W1690 H1440,Hatchback,2M
Lancia Y10,Lancia,Y10,1985-1995,156/156 L3392 W1507 H1440/156 L3392 W1537 H1460/156 L3423 W1507 H1440/156 L3423 W1507 H1460/156 s1/156 s2/156 s2 L3392 W1507 H1440/156 s2 L3392 W1507 H1450/156 s3,Hatchback,2S
Lancia Ypsilon,Lancia,Ypsilon,2003-2026,843/846/L21,Hatchback,2M
Lancia Zeta,Lancia,Zeta,1995-2003,Incl: 220,MPV,2L+
Land Rover 110/127,Land Rover,110/127,1983-1990,110 hardtop/110 stationwagon/LDH/LDH 110/LDH 110 hardtop,SUV,YM
Land Rover 88/109 mk i,Land Rover,88/109 mk i,1956-1958,109 L4407 W1575 H1981/109 L4407 W1588 H1981,SUV,YM
Land Rover 88/109 mk i,Land Rover,88/109 mk i,1956-1958,88 L3556 W1575 H1930/88 L3569 W1588 H1930,SUV,无可用尺码
Land Rover 88/109 mk ii,Land Rover,88/109 mk ii,1958-1961,109/109 lwb L4440 W1630 H2060/109 lwb L4445 W1628 H2068,SUV,YM
Land Rover 88/109 mk ii,Land Rover,88/109 mk ii,1958-1961,88/88 swb L3620 W1628 H1969/88 swb L3620 W1630 H1970,SUV,无可用尺码
Land Rover 88/109 mk iia,Land Rover,88/109 mk iia,1961-1971,109,SUV,YM
Land Rover 88/109 mk iia,Land Rover,88/109 mk iia,1961-1971,88,SUV,无可用尺码
Land Rover 88/109 mk iii,Land Rover,88/109 mk iii,1971-1986,109/109 lwb L4445 W1680 H1980/109 lwb L4445 W1690 H2007,SUV,YM
Land Rover 88/109 mk iii,Land Rover,88/109 mk iii,1971-1986,88,SUV,无可用尺码
Land Rover 90,Land Rover,90,1984-1990,Incl: LDV/LDV hardtop/LDV L3722 W1790 H2000/LDV L3858 W1790 H1972/LDV stationwagon,SUV,无可用尺码
Land Rover Defender cabrio,Land Rover,Defender cabrio,1990-2016,Incl: L316,Convertible,3S-0
Land Rover Defender station wagon,Land Rover,Defender station wagon,1990-2016,90/L316 90,Wagon,2M
Land Rover Defender station wagon,Land Rover,Defender station wagon,1990-2016,110/L316 110,Wagon,2XL
Land Rover Defender station wagon,Land Rover,Defender station wagon,1990-2026,L316 lwb/L663 90/L663 90 air/L663 L4583 W1996 H1974,SUV,YM
Land Rover Defender station wagon,Land Rover,Defender station wagon,1990-2016,L316 90/L316 swb,SUV,无可用尺码
Land Rover Defender station wagon,Land Rover,Defender station wagon,1998-2016,L316,SUV,YM
Land Rover Defender station wagon,Land Rover,Defender station wagon,2006-2016,L316 110,SUV,YL
Land Rover Defender station wagon,Land Rover,Defender station wagon,2011-2016,L316,SUV,YL
Land Rover Defender station wagon,Land Rover,Defender station wagon,2019-2026,L663,SUV,YXL
Land Rover Defender station wagon,Land Rover,Defender station wagon,2020-2026,L663 110/L663 110 coil/L663 L5003 W2064 H1995/L663 L5018 W1996 H1967,SUV,YXL
Land Rover Defender station wagon,Land Rover,Defender station wagon,2022-2026,L663,SUV,YXXL-545
Land Rover Defender station wagon,Land Rover,Defender station wagon,2023-2026,L663 L5358 W1996 H1970,SUV,YXXL-545
Land Rover Defender van,Land Rover,Defender van,2020-2026,L663 90 air/L663 90 coil,Van,2XL
Land Rover Defender van,Land Rover,Defender van,2020-2026,L663 110,Van,5L
Land Rover Defender van,Land Rover,Defender van,2020-2026,L663,SUV,YXL
Land Rover Defender van,Land Rover,Defender van,2020-2026,L663 110 coil,SUV,YXL
Land Rover Defender van,Land Rover,Defender van,2024-2026,L663,SUV,YM
Land Rover Discovery i,Land Rover,Discovery i,1989-1998,Incl: 3dr/5dr/LJ/LJ 3dr/LJ 5dr,SUV,YM
Land Rover Discovery ii,Land Rover,Discovery ii,1998-2004,L318,SUV,YL
Land Rover Discovery iii,Land Rover,Discovery iii,2004-2009,L319 L4835 W2009 H1887/L319 L4848 W1915 H1887,SUV,YL
Land Rover Discovery iii van,Land Rover,Discovery iii van,2007-2009,L319,Van,5L
Land Rover Discovery iv,Land Rover,Discovery iv,2009-2018,L319,SUV,YL
Land Rover Discovery iv van,Land Rover,Discovery iv van,2011-2017,L319,Van,2XL
Land Rover Discovery sport,Land Rover,Discovery sport,2014-2026,L550/L550 L4597 W1904 H1727/L550 L4597 W2069 H1727,SUV,YM
Land Rover Discovery sport van,Land Rover,Discovery sport van,2014-2026,L550,SUV,YM
Land Rover Discovery v,Land Rover,Discovery v,2016-2026,L462,SUV,YXL
Land Rover Discovery v van,Land Rover,Discovery v van,2016-2026,L462,SUV,YXL
Land Rover Freelander 2,Land Rover,Freelander 2,2006-2014,Incl: L359,SUV,YM
Land Rover Freelander 2 van,Land Rover,Freelander 2 van,2006-2014,L359,Van,2L+
Land Rover Freelander i,Land Rover,Freelander i,1998-2006,LN,SUV,YM
Land Rover Freelander i soft top,Land Rover,Freelander i soft top,1998-2006,LN,Convertible,3M-0
Land Rover Freelander i soft top,Land Rover,Freelander i soft top,2000-2006,L314 facelift/L314 prefl,SUV,YM
Land Rover Range rover evoque,Land Rover,Range rover evoque,2011-2026,L538/L538 3dr/L538 3dr dynamic/L538 5dr/L551,SUV,YM
Land Rover Range rover evoque,Land Rover,Range rover evoque,2015-2019,L538,Convertible,3M-0
Land Rover Range rover evoque van,Land Rover,Range rover evoque van,2013-2019,L538,SUV,YM
Land Rover Range rover i,Land Rover,Range rover i,1970-1981,,SUV,YM
Land Rover Range rover i,Land Rover,Range rover i,1981-1990,3dr prefl/5dr 1984/5dr facelift post88/5dr facelift pre88/facelift/facelift post88/facelift pre88/post88/pre86/pre88/prefl,SUV,YM
Land Rover Range rover i,Land Rover,Range rover i,1986-1996,,SUV,YM
Land Rover Range rover i,Land Rover,Range rover i,1992-1994,,SUV,YL
Land Rover Range rover ii,Land Rover,Range rover ii,1994-2002,P38A,SUV,YL
Land Rover Range rover iii,Land Rover,Range rover iii,2002-2012,L322/L322 facelift/L322 prefl,SUV,YXL
Land Rover Range rover iv,Land Rover,Range rover iv,2012-2021,L405/L405 facelift/L405 L5000 W1983 H1836/L405 L5000 W1983 H1869/L405 prefl/L405 swb,SUV,YXL
Land Rover Range rover iv,Land Rover,Range rover iv,2019-2021,L405 lwb,SUV,YXXL-525
Land Rover Range rover sport i,Land Rover,Range rover sport i,2005-2013,L320/L320 facelift/L320 prefl,SUV,YL
Land Rover Range rover sport ii,Land Rover,Range rover sport ii,2013-2022,L494,SUV,YL
Land Rover Range rover sport ii,Land Rover,Range rover sport ii,2016-2022,L494 prefl,SUV,YL
Land Rover Range rover sport ii,Land Rover,Range rover sport ii,2016-2022,L494 facelift/L494 L4879 W1983 H1780/L494 L4879 W2073 H1803,SUV,YXL
Land Rover Range rover sport ii,Land Rover,Range rover sport ii,2017-2022,L494,SUV,YXL
Land Rover Range rover sport iii,Land Rover,Range rover sport iii,2022-2026,L461,SUV,YXL
Land Rover Range rover v,Land Rover,Range rover v,2021-2026,L460,SUV,YXXL-525
Land Rover Range rover velar,Land Rover,Range rover velar,2017-2026,L560/L560 air,SUV,YL
Landwind (jmc) Cv9,Landwind (jmc),Cv9,2006-2026,,MPV,2L+
Leapmotor B10,Leapmotor,B10,2025-2026,,SUV,YM
Leapmotor C10,Leapmotor,C10,2024-2026,,SUV,YL
Leapmotor T03,Leapmotor,T03,2024-2026,,Hatchback,2M
Levc Tx,Levc,Tx,2017-2026,,Hatchback,5L
Levc Vn5,Levc,Vn5,2020-2026,,Van,5XL
Lexus Ct,Lexus,Ct,2011-2026,ZWA10 fl14/ZWA10 fl17/ZWA10 prefl,Hatchback,2L+
Lexus Es,Lexus,Es,1989-1991,VZV21,Sedan,3L
Lexus Es,Lexus,Es,1991-1997,XV10,Sedan,4S
Lexus Es,Lexus,Es,2012-2026,AXZA10/GSZ10/XV60 fl15/XV60 prefl/XZ10,Sedan,3XL
Lexus Es,Lexus,Es,2018-2026,,Sedan,3XL
Lexus Es,Lexus,Es,2025-2026,,Sedan,3XXL-520
Lexus Gs,Lexus,Gs,1993-2026,ARL10/L10 fl15/L10 L4880 W1840 H1455/L10 L4915 W1845 H1440/S140,Sedan,3XL
Lexus Gs,Lexus,Gs,1997-2026,Incl: GRL11/L10 prefl/S160/S190,Sedan,4S
Lexus Hs,Lexus,Hs,2009-2012,ANF10,Sedan,3L
Lexus Is c,Lexus,Is c,2009-2015,XE20,Convertible,3L-0
Lexus Is i,Lexus,Is i,1999-2005,XE10,Sedan,3M
Lexus Is ii,Lexus,Is ii,2005-2013,ALE20/USE20/XE20 fl08/XE20 prefl,Sedan,3L
Lexus Is iii,Lexus,Is iii,2013-2026,Incl: XE30/XE30 fl16/XE30 prefl,Sedan,3L
Lexus Is sportcross,Lexus,Is sportcross,2001-2005,XE10,Wagon,2L+
Lexus Lbx,Lexus,Lbx,2023-2026,AY10,SUV,YM
Lexus Lc,Lexus,Lc,2016-2026,Incl: URZ100/Z100,Convertible/Coupe,4S
Lexus Lfa,Lexus,Lfa,2010-2012,LFA10,Coupe,3M-0
Lexus Lm,Lexus,Lm,2023-2026,,MPV,5XL
Lexus Ls,Lexus,Ls,1989-2026,UCF10/USF40/XF20/XF30 fl04/XF30 prefl/XF40 prefl,Sedan,3XL
Lexus Ls,Lexus,Ls,2006-2026,XF40,Sedan,3XL
Lexus Ls,Lexus,Ls,2007-2026,XF40 fl09/XF40 fl12,Sedan,3XXL-520
Lexus Ls,Lexus,Ls,2012-2026,XF40,Sedan,3XXL-520
Lexus Ls,Lexus,Ls,2017-2026,GVF55/XF50,Sedan,3XXL-550
Lexus Lx,Lexus,Lx,1998-2008,J100 fl02/J100 fl05/J100 prefl,SUV,YXL
Lexus Nx,Lexus,Nx,2014-2026,AGZ10/AGZ15/AYZ15 facelift/AZ10 facelift/AZ20,SUV,YL
Lexus Nx,Lexus,Nx,2014-2026,AYZ15 prefl,SUV,YM
Lexus Nx,Lexus,Nx,2014-2026,AZ10,SUV,YM
Lexus Nx,Lexus,Nx,2018-2026,AZ10,SUV,YL
Lexus Rc,Lexus,Rc,2014-2026,Incl: XC10,Coupe,3L-0
Lexus Rx,Lexus,Rx,1998-2003,XU10,SUV,YM
Lexus Rx,Lexus,Rx,2003-2015,AL10 facelift/AL10 prefl/GYL10W/GYL15W/XU30/XU30 L4740 W1845 H1705/XU30 L4760 W1845 H1705,SUV,YL
Lexus Rx,Lexus,Rx,2015-2026,AGL20/AGL25/AL20/ALA10,SUV,YXL
Lexus Rz,Lexus,Rz,2023-2026,EB10,SUV,YL
Lexus Sc,Lexus,Sc,2001-2010,Z40 facelift/Z40 prefl,Convertible,3M-0
Lexus Ux,Lexus,Ux,2018-2026,Incl: MZAA10/MZAH10/MZAH15/ZA10,SUV,YM
Lifan Myway,Lifan,Myway,2018-2026,,SUV,YM
Lifan X70,Lifan,X70,2018-2026,,SUV,YM
Ligier Ambra,Ligier,Ambra,1999-2006,,Hatchback,无可用尺码
Ligier Be up,Ligier,Be up,2002-2006,,Hatchback,无可用尺码
Ligier Ixo,Ligier,Ixo,2012-2014,,Hatchback,2S
Ligier Js50,Ligier,Js50,2017-2026,Incl: long/standard,Hatchback,无可用尺码
Ligier Js60,Ligier,Js60,2020-2026,,Hatchback,无可用尺码
Ligier Myli,Ligier,Myli,2023-2026,,Hatchback,无可用尺码
Ligier Nova,Ligier,Nova,2002-2026,,Hatchback,无可用尺码
Ligier Xtoo,Ligier,Xtoo,2005-2012,Incl: r/s,Hatchback,无可用尺码
Lincoln Continental,Lincoln,Continental,1993-1999,FN36/FN116,Sedan,4XL
Lincoln Continental,Lincoln,Continental,1994-2002,FN74 L5258 W1869 H1422/FN74 L5260 W1870 H1420/FN145,Sedan,3XXL-550
Lincoln Ls,Lincoln,Ls,1998-2026,Incl: DEW98,Sedan,3XL
Lincoln Mark viii,Lincoln,Mark viii,1992-1998,FN10/FN10 facelift/FN10 prefl,Coupe,3XXL-550-0
Lincoln Navigator,Lincoln,Navigator,1997-2002,,SUV,YXXL-525
Lincoln Town car,Lincoln,Town car,1985-1997,Panther,Sedan,4XL
Lincoln Town car ii,Lincoln,Town car ii,1990-1997,Panther,Sedan,4XL
Lincoln Town car iii,Lincoln,Town car iii,1997-2011,FN145/Panther/Panther 03plus/Panther pre03,Sedan,3XXL-550
Livan Auto X3,Livan Auto,X3,2023-2026,,Hatchback,2M
Lloyd Alexander,Lloyd,Alexander,1957-1961,,Wagon,2S
Lloyd Alexander,Lloyd,Alexander,1957-1961,,Sedan,无可用尺码
Lloyd Lc,Lloyd,Lc,1953-1961,LC400/LC600,Convertible,无可用尺码
Lloyd Lk,Lloyd,Lk,1953-1961,LK400/LK600,Van,2S
Lloyd Lp,Lloyd,Lp,1953-1961,LP250/LP400/LP600,Sedan,无可用尺码
Lloyd Ls,Lloyd,Ls,1953-1961,LS400/LS600,Wagon,2S
Lotus 2,Lotus,2,2007-2011,Type 111,Convertible,3S-0
Lotus 3,Lotus,3,2016-2026,Incl: Type 123,Convertible,3S-0
Lotus Eclat,Lotus,Eclat,1975-1986,76/84,Coupe,3M-0
Lotus Elan,Lotus,Elan,1989-1995,M100,Convertible,3S-0
Lotus Eletre,Lotus,Eletre,2022-2026,Type 132,SUV,YXXL-525
Lotus Elise,Lotus,Elise,1995-2026,Incl: 111/S2/Type 111/Type 111 2011plus/Type 111 pre2011,Convertible,3S-0
Lotus Elite,Lotus,Elite,1974-1982,75/83,Coupe,3M-0
Lotus Emeya,Lotus,Emeya,2024-2026,Type 133,Hatchback,5XL
Lotus Emira,Lotus,Emira,2021-2026,Type 131,Coupe,3M-0
Lotus Esprit s2,Lotus,Esprit s2,1975-1984,79/Type 85,Coupe,3S-0
Lotus Esprit s2,Lotus,Esprit s2,1980-1988,82,Coupe,3M-0
Lotus Esprit s3,Lotus,Esprit s3,1980-1986,85 late84,Coupe,3M-0
Lotus Esprit s3,Lotus,Esprit s3,1980-1986,85 pre84,Coupe,3S-0
Lotus Esprit s4,Lotus,Esprit s4,1988-2003,,Coupe,3M-0
Lotus Europa,Lotus,Europa,1966-2026,Incl: 46/54/74/Type 121,Coupe,3S-0
Lotus Evora,Lotus,Evora,2009-2026,Type 122,Coupe,3M-0
Lotus Excel,Lotus,Excel,1983-1991,89,Coupe,3M-0
Lotus Exige,Lotus,Exige,2000-2026,Incl: L3785 W1719 H1170/L3797 W1727 H1163/Type 111/Type 111 L3785 W1719 H1117/Type 111 L3797 W1727 H1149/Type 117,Convertible/Coupe,3S-0
Lucid Air,Lucid,Air,2021-2026,,Sedan,3XL
Lucid Gravity,Lucid,Gravity,2025-2026,,SUV,YXXL-525
Lynk & CO 1,Lynk & CO,1,2018-2026,,SUV,YM
Lynk & CO 2,Lynk & CO,2,2024-2026,,SUV,YM
Lynk & CO 8,Lynk & CO,8,2023-2026,,SUV,YL
M-hero 1,M-hero,1,2023-2026,917,SUV,YXL
M-hero 2,M-hero,2,2025-2026,M817,SUV,YXXL-525
MAN Tge,MAN,Tge,2017-2026,Incl: l1h1/l1h2/l2h2/l2h3/l3h2/l3h3/l4h3/l4h4/l5h3/l5h4/lwb highroof/lwb highroof L6836 W2040 H2590/lwb highroof L6836 W2040 H2625/swb highroof/swb highroof L5986 W2040 H2590/swb highroof L5986 W2040 H2625/swb lowroof/swb lowroof L5986 W2040 H2355/swb lowroof L5986 W2040 H2390,Van,无可用尺码
MG 1300,MG,1300,1967-1971,ADO16,Sedan,3S
MG Cyberster,MG,Cyberster,2024-2026,,Convertible,3M-0
MG Hs,MG,Hs,2018-2026,Incl: AS23,SUV,YM
MG Hs,MG,Hs,2024-2026,AS33/AS33 L4655 W1890 H1664/AS33 L4670 W1890 H1663,SUV,YL
MG Maestro,MG,Maestro,1983-1990,Incl: facelift/prefl,Hatchback,2M
MG Magnette,MG,Magnette,1961-1968,early/late,Sedan,3M
MG Marvel r,MG,Marvel r,2021-2026,,SUV,YL
MG Metro,MG,Metro,1982-1990,LC8 phase1 L3405 W1549 H1361/LC8 phase1 L3405 W1563 H1359/LC8 phase2 L3403 W1563 H1378/LC8 phase2 L3406 W1546 H1373,Hatchback,2S
MG Mg 3,MG,Mg 3,2024-2026,,Hatchback,2M
MG Mg 4,MG,Mg 4,2022-2026,EH32/EH32 18in,Hatchback,2L+
MG Mg 5,MG,Mg 5,2020-2026,,Wagon,2XL
MG Mg 6,MG,Mg 6,2010-2026,,Fastback,3L
MG Mg x-Power,MG,Mg x-Power,2003-2008,,Coupe,3M-0
MG Mg4 urban,MG,Mg4 urban,2026,,Hatchback,2L+
MG Mgb,MG,Mgb,1962-1980,chrome/rubber,Convertible,3S-0
MG Mgb gt,MG,Mgb gt,1965-1980,chrome/rubber,Coupe,3S-0
MG Mgc,MG,Mgc,1967-1969,,Convertible/Coupe,3S-0
MG Mgf,MG,Mgf,1995-2002,,Convertible,3S-0
MG Mgr v8,MG,Mgr v8,1992-1995,,Convertible,3S-0
MG Mgs5,MG,Mgs5,2025-2026,ES34/ES34 18in,SUV,YM
MG Mgs6,MG,Mgs6,2025-2026,,SUV,YL
MG Midget,MG,Midget,1964-1979,Incl: mki/mkii,Convertible,无可用尺码
MG Montego,MG,Montego,1984-1990,facelift/prefl,Sedan,3M
MG S9,MG,S9,2026,,SUV,YXL
MG Tf,MG,Tf,2002-2009,Incl: relaunch,Convertible,3S-0
MG Zr,MG,Zr,2001-2005,3dr facelift/3dr prefl/RF,Hatchback,2M
MG Zs,MG,Zs,2001-2005,Incl: facelift/prefl,Hatchback,2L+
MG Zs,MG,Zs,2001-2005,Incl: facelift/prefl,Sedan,3M
MG Zs,MG,Zs,2017-2026,Incl: ZS11,SUV,YM
MG Zt,MG,Zt,2001-2005,X10/X10 prefl,Sedan,3L
MG Zt,MG,Zt,2001-2005,X10 facelift/X12 facelift/X12 prefl,Sedan,4S
MG Zt- t,MG,Zt- t,2001-2005,Incl: facelift/X11 facelift/X11 prefl/X13 facelift/X13 prefl,Wagon,2XL
MIA Electric Mia,MIA Electric,Mia,2011-2014,lwb hatch,Hatchback,2S
MIA Electric Mia,MIA Electric,Mia,2011-2014,swb hatch,Hatchback,无可用尺码
MPM Motors Erelis,MPM Motors,Erelis,2018-2026,,Coupe,3L-0
Mahindra Cj 3,Mahindra,Cj 3,1988-1992,CJ3,SUV,无可用尺码
Mahindra Cj 3 wagon,Mahindra,Cj 3 wagon,1988-1992,CJ3 Wagon,SUV,无可用尺码
Mahindra Goa,Mahindra,Goa,2010-2026,SCORPIO,SUV,YM
Mahindra Kuv100,Mahindra,Kuv100,2020-2026,KUV100 NXT,SUV,无可用尺码
Marcos Lm,Marcos,Lm,1995-1999,,Coupe,3M-0
Marcos Ts 500,Marcos,Ts 500,2002-2004,,Convertible,3S-0
Marcos Tso convertible,Marcos,Tso convertible,2004-2026,,Convertible,3S-0
Marcos Tso gt2,Marcos,Tso gt2,2005-2026,,Coupe,3S-0
Maserati 228,Maserati,228,1986-1993,Incl: AM334,Coupe,3M-0
Maserati 3200 gt,Maserati,3200 gt,1998-2002,AM338,Coupe,3M-0
Maserati 4200 gt /,Maserati,4200 gt /,2002-2007,M138,Coupe,3M-0
Maserati 4200 gt spyder,Maserati,4200 gt spyder,2001-2026,M138,Convertible,3M-0
Maserati Biturbo,Maserati,Biturbo,1981-1994,Incl: AM331/early/late,Convertible/Coupe,3S-0
Maserati Biturbo,Maserati,Biturbo,1984-1994,Incl: AM332/early/late,Sedan,3M
Maserati Bora,Maserati,Bora,1971-1980,AM117,Coupe,3M-0
Maserati Ghibli,Maserati,Ghibli,1967-1973,49/AM115/S/S49,Convertible/Coupe,3L-0
Maserati Ghibli,Maserati,Ghibli,1992-1997,Incl: AM336/AM336 L4223 W1775 H1300/AM336 L4223 W1775 H1310,Coupe,3M-0
Maserati Ghibli,Maserati,Ghibli,2013-2026,M157,Sedan,3XL
Maserati Gran turismo i,Maserati,Gran turismo i,2007-2026,M145,Coupe,3XL-0
Maserati Gran turismo ii,Maserati,Gran turismo ii,2023-2026,M189 L4959 W1957 H1353/M189 L4966 W1957 H1353,Coupe,3XL-0
Maserati Grancabrio,Maserati,Grancabrio,2010-2026,M145/M189,Convertible,3XL-0
Maserati Gransport,Maserati,Gransport,2004-2026,M138,Convertible/Coupe,3M-0
Maserati Grecale,Maserati,Grecale,2022-2026,M182 L4846 W1948 H1670/M182 L4847 W1979 H1667,SUV,YL
Maserati Grecale,Maserati,Grecale,2022-2026,M182 L4859 W1979 H1659,SUV,YXL
Maserati Grecale,Maserati,Grecale,2023-2026,M182,SUV,YXL
Maserati Grecale,Maserati,Grecale,2025-2026,M182,SUV,YL
Maserati Indy,Maserati,Indy,1969-1974,AM116,Coupe,3L-0
Maserati Karif,Maserati,Karif,1988-1992,,Coupe,3S-0
Maserati Khamsin,Maserati,Khamsin,1974-1982,AM120,Coupe,3M-0
Maserati Kyalami,Maserati,Kyalami,1976-1985,AM129,Coupe,3L-0
Maserati Levante,Maserati,Levante,2016-2026,Incl: M161,SUV,YXL
Maserati Mc 12,Maserati,Mc 12,2004-2026,M144S,Coupe,3XXL-520-0
Maserati Mc 20,Maserati,Mc 20,2020-2026,M240,Convertible/Coupe,3L-0
Maserati Mcpura,Maserati,Mcpura,2025-2026,M240,Convertible/Coupe,3L-0
Maserati Merak,Maserati,Merak,1975-1983,AM122,Coupe,3M-0
Maserati Mexico,Maserati,Mexico,1967-1972,1/AM112,Coupe,4S
Maserati Mistral,Maserati,Mistral,1963-1970,AM109/AM109.S1/AM109.SA1,Convertible/Coupe,3M-0
Maserati Quattroporte i,Maserati,Quattroporte i,1962-1970,AM107,Sedan,3XL
Maserati Quattroporte ii,Maserati,Quattroporte ii,1974-1978,AM123,Sedan,3XXL-520
Maserati Quattroporte iii,Maserati,Quattroporte iii,1979-1989,AM330,Sedan,3XL
Maserati Quattroporte iv,Maserati,Quattroporte iv,1994-2001,Incl: AM337,Sedan,3M
Maserati Quattroporte v,Maserati,Quattroporte v,2004-2026,M139/M139 facelift/M139 prefl,Sedan,3XXL-520
Maserati Quattroporte vi,Maserati,Quattroporte vi,2013-2026,M156,Sedan,3XXL-550
Maserati Shamal,Maserati,Shamal,1989-1995,,Coupe,3S-0
Maserati Spyder,Maserati,Spyder,1988-1996,,Convertible,3S-0
Maxus Deliver 7,Maxus,Deliver 7,2024-2026,,Van,无可用尺码
Maxus Deliver 9,Maxus,Deliver 9,2020-2026,Incl: l3h2/l3h3,Van,无可用尺码
Maxus Edeliver 3,Maxus,Edeliver 3,2020-2026,Incl: EV30,Van,2XL
Maxus Edeliver 5,Maxus,Edeliver 5,2024-2026,,Van,2XL
Maxus Edeliver 7,Maxus,Edeliver 7,2023-2026,,Van,5L
Maxus Edeliver 9,Maxus,Edeliver 9,2020-2026,,Van,无可用尺码
Maxus Euniq 5,Maxus,Euniq 5,2020-2026,,MPV,2XL
Maxus Euniq 5 van,Maxus,Euniq 5 van,2020-2026,,Van,2XL
Maxus Euniq 6,Maxus,Euniq 6,2020-2026,,SUV,YL
Maxus Mifa 7,Maxus,Mifa 7,2023-2026,,MPV,5L
Maxus Mifa 9,Maxus,Mifa 9,2023-2026,,MPV,5XL
Maxus V80,Maxus,V80,2017-2026,Incl: highroof/midroof,MPV/Van,无可用尺码
Maybach 57,Maybach,57,2002-2012,W240/W240 facelift/W240 prefl,Sedan,4XXL
Maybach 62,Maybach,62,2002-2012,V240/V240 facelift/V240 prefl,Sedan,无可用尺码
Mazda 1000,Mazda,1000,1975-1977,,Sedan,3S
Mazda 121 i,Mazda,121 i,1987-1991,DA,Hatchback,2S
Mazda 121 ii,Mazda,121 ii,1990-1996,DB,Sedan,3S
Mazda 121 iii,Mazda,121 iii,1996-2003,,Hatchback,2M
Mazda 1300,Mazda,1300,1971-1977,,Sedan,3S
Mazda 1800,Mazda,1800,1968-1973,,Sedan,3M
Mazda 2,Mazda,2,2003-2026,DE/DE facelift/DE prefl/DJ/DY/XP21,Hatchback,2M
Mazda 3,Mazda,3,2003-2026,Incl: BK/BK L4415 W1755 H1465/BK L4420 W1755 H1465/BK L4435 W1765 H1465/BL/BL prefl/BM/BM facelift/BM prefl/BP,Hatchback,2L+
Mazda 3,Mazda,3,2003-2009,BK,Sedan,3M
Mazda 3,Mazda,3,2006-2009,BK,Sedan,3L
Mazda 3,Mazda,3,2008-2026,Incl: BL/BM/BP,Sedan,3L
Mazda 323 c iv,Mazda,323 c iv,1989-1994,BG/BG L3995 W1670 H1400/BG L3995 W1675 H1380/BG L3996 W1675 H1379/BG L4030 W1675 H1380,Hatchback,2M
Mazda 323 c v,Mazda,323 c v,1994-1998,BA,Coupe,3S-0
Mazda 323 f iv,Mazda,323 f iv,1989-1994,BG/BG L4260 W1675 H1335/BG L4260 W1680 H1340,Hatchback,2L+
Mazda 323 f v,Mazda,323 f v,1994-1998,BA,Hatchback,2L+
Mazda 323 f vi,Mazda,323 f vi,1998-2004,BJ/BJ facelift/BJ prefl,Hatchback,2L+
Mazda 323 i,Mazda,323 i,1977-1980,FA4,Hatchback,2M
Mazda 323 i station wagon,Mazda,323 i station wagon,1978-1986,FA/FA4/FA4 facelift/FA4 prefl,Wagon,2M
Mazda 323 ii,Mazda,323 ii,1980-1987,BD/BD facelift/BD prefl/BF,Sedan,3S
Mazda 323 ii hatchback,Mazda,323 ii hatchback,1980-1987,BD105/BD 3dr facelift/BD 3dr prefl/BD facelift/BD prefl/BF,Hatchback,2M
Mazda 323 iii,Mazda,323 iii,1985-1991,BF/BF103/BF facelift/BF prefl,Sedan,3S
Mazda 323 iii hatchback,Mazda,323 iii hatchback,1985-1993,BF/BF1/BF2/BF5S/BF103/BF 3dr facelift/BF 3dr prefl/BF facelift/BF prefl,Hatchback,2M
Mazda 323 iii station wagon,Mazda,323 iii station wagon,1986-1995,BF/BW/BW early/BW facelift/BW late/BW prefl,Wagon,2L+
Mazda 323 p v,Mazda,323 p v,1996-1998,BA,Hatchback,2M
Mazda 323 s iv,Mazda,323 s iv,1989-1996,BG/BG7P/BG8R,Sedan,3S
Mazda 323 s v,Mazda,323 s v,1994-1998,BA,Sedan,3M
Mazda 323 s vi,Mazda,323 s vi,1998-2004,BJ/BJ facelift/BJ facelift L4365 W1705 H1410/BJ facelift L4390 W1705 H1410/BJ prefl,Sedan,3M
Mazda 5,Mazda,5,2005-2010,CR,MPV,2L+
Mazda 5,Mazda,5,2010-2026,CW,MPV,2XL
Mazda 6,Mazda,6,2002-2026,Incl: GG/GH/GH5FS/GH14/GH facelift L4755 W1795 H1440/GH facelift L4765 W1795 H1440/GH L4765 W1795 H1490/GH L4785 W1795 H1490/GH prefl/GJ/GY,Hatchback/Wagon,2XL
Mazda 6,Mazda,6,2002-2007,GG/GG L4670 W1780 H1435/GG L4690 W1780 H1435,Sedan,3L
Mazda 6,Mazda,6,2005-2013,GG1/GH,Sedan,4S
Mazda 6,Mazda,6,2012-2026,Incl: GJ,Sedan,3XL
Mazda 616,Mazda,616,1973-1978,,Sedan,3S
Mazda 626 i,Mazda,626 i,1978-1982,CB/CB early/CB late,Coupe,3M-0
Mazda 626 i,Mazda,626 i,1979-1982,CB,Sedan,3M
Mazda 626 ii,Mazda,626 ii,1982-1987,GC/GC L4430 W1690 H1395/GC L4430 W1690 H1410,Sedan,3M
Mazda 626 ii,Mazda,626 ii,1982-1987,GC,Coupe,3M-0
Mazda 626 ii hatchback,Mazda,626 ii hatchback,1983-1987,GC/GC L4430 W1690 H1350/GC L4430 W1690 H1365,Hatchback,2L+
Mazda 626 iii,Mazda,626 iii,1987-1992,GD,Sedan,3M
Mazda 626 iii,Mazda,626 iii,1987-1991,GD,Coupe,3M-0
Mazda 626 iii hatchback,Mazda,626 iii hatchback,1987-1992,GD,Hatchback,2XL
Mazda 626 iii station wagon,Mazda,626 iii station wagon,1988-1997,GV/GV late,Wagon,2XL
Mazda 626 iv,Mazda,626 iv,1991-1997,GE,Sedan,3L
Mazda 626 iv hatchback,Mazda,626 iv hatchback,1991-1997,GE/GE L4680 W1750 H1400/GE L4695 W1750 H1390,Hatchback,2XL
Mazda 626 v,Mazda,626 v,1997-2002,GF/GF8P/GF facelift/GF prefl/GFEP facelift/GFEP prefl,Sedan,3L
Mazda 626 v hatchback,Mazda,626 v hatchback,1997-2002,GF/GF8P/GF facelift/GF prefl,Hatchback,2XL
Mazda 626 v station wagon,Mazda,626 v station wagon,1998-2002,GW/GW facelift/GW prefl,Wagon,2XL
Mazda 6e,Mazda,6e,2025-2026,,Hatchback,5L
Mazda 818,Mazda,818,1972-1978,,Coupe,3S-0
Mazda 818,Mazda,818,1974-1978,,Wagon,2M
Mazda 929 i,Mazda,929 i,1979-1986,LA4 facelift/LA4 prefl,Sedan,3L
Mazda 929 ii,Mazda,929 ii,1982-1987,HB/HB L4670 W1690 H1420/HB L4700 W1690 H1420,Sedan,3L
Mazda 929 ii,Mazda,929 ii,1982-1987,HB,Coupe,3L-0
Mazda 929 ii,Mazda,929 ii,1983-1987,LA4,Wagon,2XL
Mazda 929 iii,Mazda,929 iii,1987-1991,HC,Sedan,3XL
Mazda 929 iv,Mazda,929 iv,1990-1992,HC,Sedan,3XL
Mazda Az1,Mazda,Az1,1992-1994,PG6SA,Coupe,无可用尺码
Mazda Cx-3,Mazda,Cx-3,2015-2026,DK,SUV,YM
Mazda Cx-30,Mazda,Cx-30,2019-2026,DM,SUV,YM
Mazda Cx-5,Mazda,Cx-5,2011-2026,KE/KF/KF facelift/KF prefl,SUV,YM
Mazda Cx-5,Mazda,Cx-5,2025-2026,,SUV,YL
Mazda Cx-60,Mazda,Cx-60,2022-2026,KH,SUV,YL
Mazda Cx-6e,Mazda,Cx-6e,2025-2026,,SUV,YL
Mazda Cx-7,Mazda,Cx-7,2006-2014,ER/ER facelift/ER L4682 W1872 H1645/ER L4700 W1870 H1645/ER prefl,SUV,YL
Mazda Cx-80,Mazda,Cx-80,2024-2026,KL,SUV,YXL
Mazda Cx-9,Mazda,Cx-9,2006-2026,TB/TB facelift2010/TB facelift2013/TC,SUV,YXXL-525
Mazda Demio,Mazda,Demio,1998-2003,DW,Hatchback,2M
Mazda E,Mazda,E,1978-1984,,Van,2L+
Mazda E,Mazda,E,1984-2003,SR1,Bus/MPV,5L
Mazda E,Mazda,E,1985-1989,,Van,2XL
Mazda E,Mazda,E,1985-1989,SR2,Van,2XL
Mazda E,Mazda,E,1988-2003,SR2,Van,5L
Mazda E,Mazda,E,1991-2003,SR2,Van,2XL
Mazda Mpv i,Mazda,Mpv i,1988-1999,LV prefl,MPV,2L+
Mazda Mpv i,Mazda,Mpv i,1988-1999,LV/LV facelift,MPV,2XL
Mazda Mpv ii,Mazda,Mpv ii,1999-2002,LW,MPV,2XL
Mazda Mpv ii,Mazda,Mpv ii,2002-2006,LW prefl,MPV,2XL
Mazda Mpv ii,Mazda,Mpv ii,2002-2006,LW,MPV,5L
Mazda Mx-3,Mazda,Mx-3,1991-1998,EC,Coupe,3S-0
Mazda Mx-30,Mazda,Mx-30,2020-2026,Incl: DR,SUV,YM
Mazda Mx-5 i,Mazda,Mx-5 i,1990-1998,NA,Convertible,3S-0
Mazda Mx-5 ii,Mazda,Mx-5 ii,1998-2005,NB,Convertible,3S-0
Mazda Mx-5 iii,Mazda,Mx-5 iii,2005-2016,NC/NC facelift/NC prefl,Convertible,3S-0
Mazda Mx-5 iv,Mazda,Mx-5 iv,2015-2026,ND/ND L3915 W1735 H1225/ND L3915 W1735 H1230,Convertible,3S-0
Mazda Mx-5 rf,Mazda,Mx-5 rf,2016-2026,ND/ND L3915 W1735 H1230/ND L3915 W1735 H1235,Convertible/Targa,3S-0
Mazda Mx-6,Mazda,Mx-6,1987-1992,GD,Coupe,3M-0
Mazda Mx-6,Mazda,Mx-6,1992-1997,GE,Coupe,3L-0
Mazda Premacy,Mazda,Premacy,1999-2005,CP/CP facelift/CP prefl,MPV,2L+
Mazda Rx-4,Mazda,Rx-4,1973-1976,LA,Coupe,3M-0
Mazda Rx-5,Mazda,Rx-5,1975-1981,CD,Coupe,3M-0
Mazda Rx-7 i,Mazda,Rx-7 i,1979-1986,SA22C,Coupe,3M-0
Mazda Rx-7 ii,Mazda,Rx-7 ii,1985-1992,FC/FC3C,Convertible/Coupe,3M-0
Mazda Rx-7 iii,Mazda,Rx-7 iii,1992-2002,FD,Coupe,3M-0
Mazda Rx-8,Mazda,Rx-8,2003-2012,SE3P/SE3P L4425 W1770 H1340/SE3P L4430 W1770 H1340,Coupe,3M-0
Mazda Tribute,Mazda,Tribute,2000-2008,EP,SUV,YM
Mazda Xedos 6,Mazda,Xedos 6,1992-1999,CA,Sedan,3M
Mazda Xedos 9,Mazda,Xedos 9,1993-2002,TA,Sedan,4S
Mclaren 540c,Mclaren,540c,2015-2026,,Coupe,3M-0
Mclaren 570gt,Mclaren,570gt,2016-2026,,Coupe,3M-0
Mclaren 570s,Mclaren,570s,2015-2026,,Convertible/Coupe,3M-0
Mclaren 600lt,Mclaren,600lt,2018-2026,P13,Convertible/Coupe,3L-0
Mclaren 650s,Mclaren,650s,2014-2026,,Coupe,3M-0
Mclaren 650s spider,Mclaren,650s spider,2014-2026,,Convertible,3M-0
Mclaren 675lt,Mclaren,675lt,2015-2026,,Coupe,3M-0
Mclaren 675lt spider,Mclaren,675lt spider,2016-2026,,Convertible,3M-0
Mclaren 720s,Mclaren,720s,2017-2026,,Convertible/Coupe,3M-0
Mclaren 750s,Mclaren,750s,2023-2026,,Convertible/Coupe,3L-0
Mclaren 765lt,Mclaren,765lt,2020-2026,,Coupe,3L-0
Mclaren Artura,Mclaren,Artura,2024-2026,,Convertible/Coupe,3M-0
Mclaren F1,Mclaren,F1,1993-1998,,Coupe,3M-0
Mclaren Gt,Mclaren,Gt,2019-2026,,Coupe,3L-0
Mclaren Gts,Mclaren,Gts,2024-2026,,Coupe,3L-0
Mclaren Lm,Mclaren,Lm,1995-1998,,Coupe,3M-0
Mclaren Mp4,Mclaren,Mp4,2011-2014,,Coupe,3M-0
Mclaren Mp4 spider,Mclaren,Mp4 spider,2012-2014,,Convertible,3M-0
Mclaren P1,Mclaren,P1,2013-2015,,Coupe,3L-0
Mclaren Senna,Mclaren,Senna,2018-2026,P15,Coupe,4S
Mclaren Speedtail,Mclaren,Speedtail,2019-2026,,Coupe,3XXL-520-0
Mclaren W1,Mclaren,W1,2026,,Coupe,3L-0
Mercedes-benz /8,Mercedes-benz,/8,1968-1976,W114,Sedan,3L
Mercedes-benz /8,Mercedes-benz,/8,1968-1977,W115,Sedan,3L
Mercedes-benz /8,Mercedes-benz,/8,1969-1977,C114,Coupe,3L-0
Mercedes-benz 123,Mercedes-benz,123,1976-1985,123.020/123.023/123.026/123.030/123.033/123.120/123.123/123.126/123.130/123.220/123.223,Sedan,3L
Mercedes-benz 123,Mercedes-benz,123,1977-1985,123.133/C123,Coupe/Sedan,4S
Mercedes-benz 123 t-Model,Mercedes-benz,123 t-Model,1977-1985,123.280/S123,Wagon,2XL
Mercedes-benz 124,Mercedes-benz,124,1984-1993,124.019/124.022/124.028/124.034/W124/W124 L4740 W1740 H1428/W124 L4740 W1740 H1430/W124 L4740 W1740 H1450,Sedan,3L
Mercedes-benz 124,Mercedes-benz,124,1985-1993,S124/S124 L4765 W1740 H1489/S124 L4765 W1740 H1490/S124 L4765 W1740 H1497,Wagon,2XL
Mercedes-benz 124,Mercedes-benz,124,1987-1993,A124/C124/C124 facelift/C124 L4655 W1740 H1394/C124 L4655 W1740 H1395/C124 prefl,Convertible/Coupe,3L-0
Mercedes-benz 124,Mercedes-benz,124,1991-1993,W124.036,Sedan,4S
Mercedes-benz 170,Mercedes-benz,170,1936-1955,W136/W136 postwar/W136 prewar/W191,Sedan,3M
Mercedes-benz 170,Mercedes-benz,170,1946-1953,W136,Van,2L+
Mercedes-benz 170,Mercedes-benz,170,1949-1952,W136/W136 L4455 W1684 H1610/W136 L4510 W1684 H1560,Convertible,3M-0
Mercedes-benz 170,Mercedes-benz,170,1950-1952,W136 L4450 W1670 H1620/W136 L4475 W1630 H1700,Van,2L+
Mercedes-benz 170,Mercedes-benz,170,1953-1955,W136,Van,2XL
Mercedes-benz 190,Mercedes-benz,190,1982-1993,201.028 facelift/201.028 prefl/201.029 facelift/201.029 prefl/201.034/201.035/201.036/201.122/201.122 facelift/201.122 prefl/201.126/201.126 facelift/201.126 prefl/201.128 facelift/201.128 prefl/W201/W201 early/W201 facelift/W201 prefl,Sedan,3M
Mercedes-benz 300,Mercedes-benz,300,1951-1958,W188 I/W188 II,Coupe,3L-0
Mercedes-benz 300,Mercedes-benz,300,1951-1954,W186 II,Sedan,3XL
Mercedes-benz 300,Mercedes-benz,300,1954-1957,W186 III/W186 IV,Sedan,3XXL-520
Mercedes-benz 300,Mercedes-benz,300,1957-1962,W189,Sedan,3XXL-520
Mercedes-benz 300,Mercedes-benz,300,1960-1961,W189,Sedan,4XL
Mercedes-benz 300 a,Mercedes-benz,300 a,1951-1957,W188 I/W188 II,Convertible,3L-0
Mercedes-benz 300 d,Mercedes-benz,300 d,1951-1954,W186 II,Convertible,3XL-0
Mercedes-benz 300 d,Mercedes-benz,300 d,1954-1962,W186 III/W186 IV/W189,Convertible,3XXL-520-0
Mercedes-benz 300 roadster,Mercedes-benz,300 roadster,1952-1958,W188 I/W188 II,Convertible,3L-0
Mercedes-benz A-Klasse,Mercedes-benz,A-Klasse,1997-2004,W168,Hatchback,2S
Mercedes-benz A-Klasse,Mercedes-benz,A-Klasse,1999-2012,C169 3dr facelift/C169 3dr prefl/W168 facelift/W169/W169 5dr facelift/W169 5dr prefl/W169 facelift/W169 prefl,Hatchback,2M
Mercedes-benz A-Klasse,Mercedes-benz,A-Klasse,1999-2004,W168 prefl,Hatchback,2S
Mercedes-benz A-Klasse,Mercedes-benz,A-Klasse,2001-2004,W168,Hatchback,2M
Mercedes-benz A-Klasse,Mercedes-benz,A-Klasse,2012-2026,W176/W176 facelift/W176 facelift L4299 W1780 H1433/W176 facelift L4367 W1780 H1417/W176 L4299 W1780 H1433/W176 L4367 W1780 H1417/W176 prefl/W176 prefl L4292 W1780 H1433/W176 prefl L4359 W1780 H1417/W177/W177 facelift/W177 L4419 W1796 H1440/W177 L4419 W1796 H1452/W177 L4428 W1796 H1423/W177 L4436 W1796 H1405/W177 L4445 W1850 H1412/W177 prefl,Hatchback,2L+
Mercedes-benz A-Klasse,Mercedes-benz,A-Klasse,2018-2026,V177/V177 facelift/V177 L4549 W1796 H1446/V177 L4549 W1796 H1458/V177 L4558 W1796 H1429/V177 L4558 W1797 H1411/V177 prefl,Sedan,3M
Mercedes-benz A-Klasse,Mercedes-benz,A-Klasse,2022-2026,V177 L4570 W1797 H1429,Sedan,3L
Mercedes-benz Amg gt,Mercedes-benz,Amg gt,2014-2021,C190/C190 facelift/C190 L4544 W1939 H1287/C190 L4551 W2007 H1284/C190 prefl,Coupe,3M-0
Mercedes-benz Amg gt,Mercedes-benz,Amg gt,2018-2026,X290/X290 L5054 W1953 H1442/X290 L5054 W1953 H1455,Coupe,3XXL-520-0
Mercedes-benz Amg gt,Mercedes-benz,Amg gt,2023-2026,C192/C192 L4728 W1929 H1354/C192 L4728 W1984 H1354,Coupe,3L-0
Mercedes-benz Amg gt roadster,Mercedes-benz,Amg gt roadster,2016-2021,R190/R190 facelift/R190 prefl,Convertible,3M-0
Mercedes-benz B-Klasse sports tourer,Mercedes-benz,B-Klasse sports tourer,2005-2026,245.233/W242/W245/W245 facelift/W245 prefl/W246/W246 facelift/W246 prefl/W247,Hatchback/MPV,2L+
Mercedes-benz C-Klasse,Mercedes-benz,C-Klasse,1993-2007,202.020 postsep95/202.020 presep95/202.028/W202/W202 facelift/W202 L4487 W1720 H1424/W202 L4487 W1720 H1427/W202 L4516 W1723 H1387/W202 L4516 W1723 H1427/W202 prefl/W202 prefl L4487 W1720 H1414/W202 prefl L4487 W1720 H1418/W203 L4526 W1728 H1412/W203 L4526 W1728 H1426,Sedan,3M
Mercedes-benz C-Klasse,Mercedes-benz,C-Klasse,1996-2001,S202/S202 facelift/S202 L4516 W1723 H1430/S202 L4516 W1723 H1460/S202 prefl,Wagon,2L+
Mercedes-benz C-Klasse,Mercedes-benz,C-Klasse,2000-2007,W203,Sedan,3M
Mercedes-benz C-Klasse,Mercedes-benz,C-Klasse,2001-2026,S203/S203 L4541 W1728 H1455/S203 L4541 W1728 H1465/S203 L4626 W1744 H1455/S204/S204 facelift/S204 L4596 W1770 H1459/S204 L4606 W1770 H1459/S204 L4701 W1795 H1448/S204 L4726 W1795 H1442/S204 prefl/S205/S205 facelift/S205 L4702 W1810 H1457/S205 L4714 W1810 H1440/S205 L4717 W1810 H1440/S205 prefl/S206/S206 L4751 W1820 H1455/S206 L4793 W1824 H1466,Wagon,2XL
Mercedes-benz C-Klasse,Mercedes-benz,C-Klasse,2001-2008,CL203/CL203 L4343 W1728 H1397/CL203 L4343 W1728 H1401/CL203 L4343 W1728 H1406,Coupe,3M-0
Mercedes-benz C-Klasse,Mercedes-benz,C-Klasse,2004-2021,W203 L4611 W1744 H1412/W204/W204 facelift/W204 facelift L4591 W1770 H1444/W204 facelift L4591 W1770 H1447/W204 facelift L4707 W1795 H1433/W204 L4581 W1770 H1444/W204 L4581 W1770 H1447/W204 L4581 W1770 H1448/W204 prefl/W204 prefl L4581 W1770 H1444/W204 prefl L4581 W1770 H1447/W204 prefl L4711 W1795 H1439/W205/W205 L4686 W1810 H1442/W205 L4699 W1810 H1429/W205 L4702 W1810 H1429,Sedan,3L
Mercedes-benz C-Klasse,Mercedes-benz,C-Klasse,2005-2006,W203,Sedan,3L
Mercedes-benz C-Klasse,Mercedes-benz,C-Klasse,2011-2026,A205/A205 L4686 W1810 H1409/A205 L4693 W1810 H1405/C204 L4590 W1770 H1403/C204 L4590 W1770 H1406/C204 L4707 W1795 H1391/C205/C205 L4686 W1810 H1405/C205 L4693 W1810 H1402/C205 L4696 W1810 H1405,Convertible/Coupe,3L-0
Mercedes-benz C-Klasse,Mercedes-benz,C-Klasse,2012-2026,A205 facelift/A205 prefl/C204 L4747 W1872 H1367/C205 facelift/C205 prefl/W205 facelift/W205 prefl/W206/W206 L4751 W1820 H1437/W206 L4791 W1824 H1450/W206 L4842 W1900 H1458,Convertible/Coupe/Sedan,4S
Mercedes-benz C-Klasse,Mercedes-benz,C-Klasse,2022-2026,S206 L4842 W1900 H1474,Wagon,5L
Mercedes-benz Cabriolet,Mercedes-benz,Cabriolet,1961-1971,111.023/W111,Convertible,3XL-0
Mercedes-benz Citan,Mercedes-benz,Citan,2012-2026,W415/W415 long van/W420,MPV/Van,2L+
Mercedes-benz Citan,Mercedes-benz,Citan,2019-2021,W415 xl van,Van,2XL
Mercedes-benz Citan mixto,Mercedes-benz,Citan mixto,2012-2021,W415,Van,2XL
Mercedes-benz Citan tourer,Mercedes-benz,Citan tourer,2012-2026,W415/W420,MPV,2L+
Mercedes-benz Cla,Mercedes-benz,Cla,2013-2026,C117/C117 facelift/C117 facelift L4640 W1777 H1432/C117 facelift L4640 W1777 H1438/C117 prefl/C117 prefl L4630 W1777 H1432/C117 prefl L4630 W1777 H1438/C117 prefl L4691 W1777 H1416/C117 prefl L4691 W1777 H1432/C118/C118 facelift/C118 L4688 W1830 H1427/C118 L4688 W1830 H1439/C118 L4692 W1834 H1402/C118 L4693 W1857 H1407/C118 L4695 W1834 H1404/C118 prefl,Coupe,3L-0
Mercedes-benz Cla,Mercedes-benz,Cla,2015-2026,X117/X117 facelift/X117 facelift L4640 W1777 H1435/X117 facelift L4640 W1777 H1440/X117 prefl/X117 prefl L4630 W1777 H1435/X117 prefl L4630 W1777 H1440/X117 prefl L4691 W1777 H1417/X118 facelift/X118 L4688 W1830 H1430/X118 L4688 W1830 H1442/X118 L4692 W1834 H1407/X118 L4693 W1857 H1417/X118 L4695 W1834 H1405/X118 prefl/X174/X178,Wagon,2XL
Mercedes-benz Cla,Mercedes-benz,Cla,2025-2026,C174/C178,Sedan,3L
Mercedes-benz Clc-Klasse,Mercedes-benz,Clc-Klasse,2008-2011,CL203,Coupe,3M-0
Mercedes-benz Cle,Mercedes-benz,Cle,2023-2026,A236 L4850 W1861 H1424/C236/C236 L4850 W1861 H1423,Convertible/Coupe,4S
Mercedes-benz Cle,Mercedes-benz,Cle,2024-2026,A236 L4853 W1935 H1435/C236 L4853 W1935 H1434,Convertible/Coupe,3XL-0
Mercedes-benz Clk,Mercedes-benz,Clk,1997-2010,A208/A209/A209 facelift/A209 L4652 W1740 H1400/A209 L4652 W1740 H1413/A209 L4652 W1740 H1415/C208/C209/C209 facelift L4652 W1740 H1413/C209 facelift L4652 W1740 H1414/C209 L4652 W1740 H1400/C209 L4652 W1740 H1413/C209 prefl L4638 W1740 H1413/C209 prefl L4638 W1740 H1414,Convertible/Coupe,3L-0
Mercedes-benz Cls,Mercedes-benz,Cls,2004-2026,C218/C218 facelift L4937 W1881 H1418/C218 facelift L4967 W1881 H1411/C218 facelift L4967 W1881 H1431/C218 prefl L4940 W1881 H1404/C218 prefl L4940 W1881 H1416/C218 prefl L4995 W1881 H1416/C218 prefl L4996 W1881 H1406/C219/C219 facelift/C219 L4913 W1873 H1390/C219 L4913 W1873 H1403/C219 L4915 W1873 H1389/C219 prefl/C257,Coupe,3XL-0
Mercedes-benz Cls,Mercedes-benz,Cls,2012-2017,X218/X218 facelift/X218 facelift L4953 W1881 H1419/X218 facelift L5000 W1881 H1413/X218 prefl L4956 W1881 H1416/X218 prefl L4956 W1881 H1421/X218 prefl L5000 W1881 H1412/X218 prefl L5000 W1881 H1436,Wagon,5L
Mercedes-benz Coupe,Mercedes-benz,Coupe,1961-1971,W111,Coupe,3XL-0
Mercedes-benz E-Klasse,Mercedes-benz,E-Klasse,1993-2003,124.092/S124 L4765 W1740 H1490/S124 L4765 W1740 H1498/S210/S210 L4816 W1799 H1505/S210 L4816 W1799 H1506/S210 prefl,Wagon,2XL
Mercedes-benz E-Klasse,Mercedes-benz,E-Klasse,1993-1995,W124 L4740 W1740 H1425/W124 L4740 W1740 H1430/W124 L4740 W1740 H1452,Sedan,3L
Mercedes-benz E-Klasse,Mercedes-benz,E-Klasse,1993-2016,124.052/124.066/A124/A207/A207 facelift/A207 L4698 W1786 H1398/A207 L4698 W1786 H1402/A207 prefl/A207 prefl L4698 W1786 H1398/A207 prefl L4698 W1786 H1402/C124/C207/C207 facelift/C207 prefl,Convertible/Coupe,3L-0
Mercedes-benz E-Klasse,Mercedes-benz,E-Klasse,1993-2026,A238/A238 facelift/A238 L4826 W1860 H1428/A238 L4848 W1860 H1425/A238 prefl/C238/C238 facelift/C238 L4826 W1860 H1430/C238 L4848 W1860 H1427/C238 prefl/W124/W124.036/W210/W210 facelift/W210 facelift L4818 W1799 H1440/W210 facelift L4818 W1799 H1451/W210 L4795 W1799 H1411/W210 L4795 W1799 H1420/W210 L4795 W1799 H1436/W210 L4795 W1799 H1437/W210 L4795 W1799 H1439/W210 L4818 W1799 H1411/W210 L4818 W1799 H1440/W210 L4818 W1799 H1441/W210 L4818 W1799 H1451/W210 prefl/W210 prefl L4795 W1799 H1437/W210 prefl L4795 W1799 H1451/W211/W211 L4818 W1822 H1430/W211 L4818 W1822 H1449/W211 L4818 W1822 H1463/W211 L4849 W1822 H1430/W211 prefl/W211 prefl L4818 W1822 H1430/W211 prefl L4818 W1822 H1431/W211 prefl L4818 W1822 H1441/W211 prefl L4818 W1822 H1449/W211 prefl L4818 W1822 H1450/W211 prefl L4818 W1822 H1452/W211 prefl L4818 W1822 H1463,Convertible/Coupe/Sedan,4S
Mercedes-benz E-Klasse,Mercedes-benz,E-Klasse,1996-2026,211.277/S210 facelift/S210 L4839 W1799 H1477/S210 L4839 W1799 H1505/S211/S211 facelift L4888 W1822 H1506/S211 facelift L4888 W1822 H1509/S211 facelift L4888 W1822 H1513/S211 L4850 W1822 H1495/S211 L4850 W1822 H1499/S211 L4871 W1822 H1485/S211 prefl L4847 W1822 H1499/S211 prefl L4850 W1822 H1485/S211 prefl L4850 W1822 H1495/S211 prefl L4850 W1822 H1496/S211 prefl L4850 W1822 H1499/S212/S212 facelift/S212 L4895 W1854 H1512/S212 L4895 W1854 H1515/S212 L4904 W1873 H1522/S212 L4905 W1854 H1507/S212 L4905 W1854 H1509/S212 L4913 W1872 H1490/S212 prefl/S212 prefl L4895 W1854 H1512/S212 prefl L4895 W1854 H1515/S213/S213 facelift/S213 facelift L4945 W1852 H1466/S213 facelift L5006 W1908 H1473/S213 L4933 W1852 H1475/S213 L4945 W1852 H1460/S213 L4945 W1852 H1461/S213 L4945 W1852 H1466/S213 L4945 W1852 H1467/S213 L4945 W1852 H1476/S213 L4971 W1860 H1461/S213 prefl/S213 prefl L4933 W1852 H1475/S213 prefl L5000 W1907 H1475/S214 L4949 W1880 H1469/S214 L4949 W1880 H1470/S214 L4965 W1902 H1483/X213/X214 L4950 W1889 H1489/X214 L4950 W1889 H1497,Wagon,5L
Mercedes-benz E-Klasse,Mercedes-benz,E-Klasse,2002-2026,211.077/W211 facelift/W211 facelift L4856 W1822 H1463/W211 facelift L4856 W1822 H1465/W211 facelift L4856 W1822 H1475/W211 facelift L4856 W1822 H1483/W211 facelift L4856 W1822 H1484/W211 facelift L4856 W1822 H1499/W211 L4856 W1822 H1483/W211 L4856 W1822 H1484/W211 L4881 W1822 H1465/W212/W212 facelift/W212 facelift L4879 W1854 H1458/W212 facelift L4879 W1854 H1474/W212 facelift L4879 W1854 H1475/W212 facelift L4892 W1873 H1450/W212 L4879 W1854 H1474/W212 L4879 W1854 H1475/W212 L4892 W1873 H1450/W212 prefl/W212 prefl L4868 W1854 H1454/W212 prefl L4868 W1854 H1458/W212 prefl L4868 W1854 H1464/W212 prefl L4868 W1854 H1465/W212 prefl L4868 W1854 H1470/W212 prefl L4868 W1854 H1472/W212 prefl L4868 W1854 H1474/W212 prefl L4883 W1872 H1440/W213/W213 facelift/W213 facelift L4935 W1852 H1460/W213 facelift L4935 W1852 H1466/W213 L4923 W1852 H1468/W213 L4935 W1852 H1460/W213 L4935 W1852 H1466/W213 L4935 W1852 H1481/W213 L4942 W1852 H1447/W213 prefl/W214 L4949 W1880 H1468/W214 L4949 W1880 H1469/W214 L4949 W1880 H1480/W214 L4965 W1902 H1472,Sedan,3XL
Mercedes-benz Eqa,Mercedes-benz,Eqa,2021-2026,H243/H243 facelift/H243 prefl,SUV,YM
Mercedes-benz Eqb,Mercedes-benz,Eqb,2021-2026,X243/X243 facelift/X243 prefl,SUV,YL
Mercedes-benz Eqc,Mercedes-benz,Eqc,2019-2023,N293,SUV,YL
Mercedes-benz Eqe,Mercedes-benz,Eqe,2022-2026,V295/V295 L4946 W1961 H1510/V295 L4964 W1906 H1495,Sedan,3XL
Mercedes-benz Eqe,Mercedes-benz,Eqe,2022-2026,X294/X294 L4863 W1940 H1686/X294 L4879 W1931 H1672,SUV,YXL
Mercedes-benz Eqs,Mercedes-benz,Eqs,2021-2026,V297/V297 L5216 W1926 H1512/V297 L5223 W1926 H1513,Hatchback,5XL
Mercedes-benz Eqs,Mercedes-benz,Eqs,2022-2026,X296/Z296,SUV,YXXL-525
Mercedes-benz Eqt,Mercedes-benz,Eqt,2023-2026,E420,MPV,2L+
Mercedes-benz Eqv,Mercedes-benz,Eqv,2020-2026,E447 long/V447 long,MPV,5XL
Mercedes-benz Eqv,Mercedes-benz,Eqv,2020-2026,E447 extralong/V447 extra long,MPV,无可用尺码
Mercedes-benz G-Class,Mercedes-benz,G-Class,2022-2026,E465/W464/W465 L4825 W1931 H1973,SUV,YL
Mercedes-benz G-Class,Mercedes-benz,G-Class,2024-2026,W465 L4873 W1984 H1971,SUV,YXL
Mercedes-benz G-Klasse,Mercedes-benz,G-Klasse,1979-1993,W460/W463,Convertible,3S-0
Mercedes-benz G-Klasse,Mercedes-benz,G-Klasse,1979-2026,460.231 lwb 1987/460.231 lwb pre87/460.328/460.338/461.336/463.222/463.232/463.247/463.322/463.324/463.327/463.330/463.332/463.336/463.340/swb 1999/swb pre2008/W460 lwb/W460 lwb facelift/W460 lwb prefl/W461/W461 lwb/W463 3dr/W463 swb,SUV,YM
Mercedes-benz G-Klasse,Mercedes-benz,G-Klasse,1979-2001,460.230 swb 1987/460.230 swb pre87/460.337/461.335/W460 swb/W460 swb facelift/W460 swb prefl/W461 swb,SUV,无可用尺码
Mercedes-benz G-Klasse,Mercedes-benz,G-Klasse,1989-2015,Incl: 463.200/463.202/463.204/463.207/463.208/463.300 pre94/463.300 wide/463.303/463.306/463.307/463.308/463.309/W463 facelift/W463 prefl,Convertible,3M-0
Mercedes-benz G-Klasse,Mercedes-benz,G-Klasse,1989-2026,Incl: 463.221/463.228/463.231/463.233/463.236/463.270/463.323/463.325/463.328/463.331/463.333/463.341/463.343/463.346/lwb 1999/lwb 2012/lwb pre2008/W463/W463 5dr/W463 facelift/W463 L4764 W1867 H1954/W463 L4769 W1855 H1938/W463 L4825 W1931 H1969/W463 lwb/W463 prefl,SUV,YL
Mercedes-benz G-Klasse,Mercedes-benz,G-Klasse,1997-2012,W463,Convertible,3M-0
Mercedes-benz G-Klasse,Mercedes-benz,G-Klasse,2018-2026,W463 L4881 W1984 H1969/W463A,SUV,YXL
Mercedes-benz Gl-Klasse,Mercedes-benz,Gl-Klasse,2006-2015,X164/X164 facelift/X164 prefl/X166/X166 L5120 W1934 H1850/X166 L5146 W1982 H1850,SUV,YXXL-525
Mercedes-benz Gla,Mercedes-benz,Gla,2020-2026,H247/H247 facelift/H247 L4412 W1834 H1616/H247 L4436 W1849 H1590,SUV,YM
Mercedes-benz Gla-Klasse,Mercedes-benz,Gla-Klasse,2013-2019,X156/X156 facelift/X156 L4417 W1804 H1494/X156 L4445 W1804 H1479/X156 prefl,SUV,YM
Mercedes-benz Glb,Mercedes-benz,Glb,2019-2026,X244/X247/X247 L4634 W1834 H1658/X247 L4634 W1834 H1659/X247 L4634 W1834 H1692/X247 L4650 W1850 H1662/X247 L4650 W1850 H1665/X248,SUV,YL
Mercedes-benz Glc,Mercedes-benz,Glc,2015-2026,N253/X253/X253 facelift L4682 W1931 H1620/X253 facelift L4682 W1931 H1625/X253 L4655 W1890 H1644/X253 L4656 W1890 H1639/X253 L4658 W1890 H1644/X253 prefl L4679 W1930 H1620/X253 prefl L4679 W1930 H1625/X254/X254 L4716 W1890 H1640/X254 L4749 W1920 H1635/X540,SUV,YL
Mercedes-benz Gle,Mercedes-benz,Gle,2015-2019,W166/W166 L4816 W1926 H1762/W166 L4819 W1935 H1796,SUV,YL
Mercedes-benz Gle,Mercedes-benz,Gle,2015-2026,V167/V167 facelift/V167 L4924 W1947 H1772/V167 L4924 W1947 H1795/V167 L4924 W1947 H1797/V167 L4937 W2018 H1782/V167 L4947 W2018 H1785/V167 prefl/W166 L4852 W1970 H1760/W166 L4852 W1970 H1762,SUV,YXL
Mercedes-benz Gle,Mercedes-benz,Gle,2020-2026,C167/C167 facelift/C167 prefl,Coupe,3XL-0
Mercedes-benz Glk-Klasse,Mercedes-benz,Glk-Klasse,2008-2015,X204/X204 facelift/X204 prefl/X204 prefl L4525 W1840 H1689/X204 prefl L4528 W1840 H1689,SUV,YM
Mercedes-benz Gls,Mercedes-benz,Gls,2015-2026,X166 L5130 W1934 H1850/X166 L5162 W1982 H1850/X167/X167 facelift L5210 W2030 H1840/X167 facelift L5233 W2030 H1836/X167 prefl L5205 W2030 H1838/X167 prefl L5243 W2030 H1782,SUV,YXXL-525
Mercedes-benz Gullwing,Mercedes-benz,Gullwing,1954-1957,W198,Coupe,3M-0
Mercedes-benz Heckflosse,Mercedes-benz,Heckflosse,1959-1968,111.010/111.012/111.014/W112,Sedan,3XL
Mercedes-benz Heckflosse,Mercedes-benz,Heckflosse,1961-1968,110.010/110.011/110.110,Sedan,3L
Mercedes-benz Henschel 2-T,Mercedes-benz,Henschel 2-T,1973-1977,swb h1/swb h2/swb h3,Bus,2L+
Mercedes-benz Henschel 2-T,Mercedes-benz,Henschel 2-T,1973-1977,lwb h1/lwb h2/lwb h3,Bus,5L
Mercedes-benz M-Klasse,Mercedes-benz,M-Klasse,1998-2015,W163 facelift/W164/W164 facelift/W164 facelift L4814 W1951 H1845/W164 facelift L4818 W1952 H1863/W164 prefl/W166/W166 L4804 W1926 H1796/W166 L4817 W1940 H1762,SUV,YL
Mercedes-benz M-Klasse,Mercedes-benz,M-Klasse,1998-2005,W163,SUV,YM
Mercedes-benz M-Klasse,Mercedes-benz,M-Klasse,1998-2005,W163 prefl,SUV,YM
Mercedes-benz M-Klasse,Mercedes-benz,M-Klasse,2000-2005,W163 prefl,SUV,YL
Mercedes-benz M-Klasse,Mercedes-benz,M-Klasse,2001-2005,W163,SUV,YL
Mercedes-benz Marco polo camper,Mercedes-benz,Marco polo camper,2015-2026,W447,MPV,5XL
Mercedes-benz Mb,Mercedes-benz,Mb,1988-1996,W631 swb prefl,Bus,2L+
Mercedes-benz Mb,Mercedes-benz,Mb,1988-1996,631.332 swb facelift/631.332 swb prefl/W631 swb facelift,Bus/Van,2XL
Mercedes-benz Mb,Mercedes-benz,Mb,1988-1996,631.342 lwb facelift/631.342 lwb prefl/W631 lwb facelift/W631 lwb prefl,Bus/Van,5L
Mercedes-benz Pagode,Mercedes-benz,Pagode,1963-1971,W113,Convertible,3M-0
Mercedes-benz Ponton,Mercedes-benz,Ponton,1953-1962,121.010/121.110/W120 B I/W120 B II/W120 B III/W120 B IV/W120 D I,Sedan,3M
Mercedes-benz Ponton,Mercedes-benz,Ponton,1954-1959,W105/W180 I/W180 II preaug57,Sedan,3L
Mercedes-benz Ponton,Mercedes-benz,Ponton,1956-1959,W128/W180 II postaug57,Sedan,4S
Mercedes-benz Pullmann,Mercedes-benz,Pullmann,1964-1979,W100,Sedan,无可用尺码
Mercedes-benz R-Klasse,Mercedes-benz,R-Klasse,2005-2014,W251,MPV,5L
Mercedes-benz R-Klasse,Mercedes-benz,R-Klasse,2005-2014,W251 prefl swb/W251 swb/W251 swb 07/W251 swb facelift10/W251 swb pre07,MPV,5L
Mercedes-benz R-Klasse,Mercedes-benz,R-Klasse,2005-2014,V251/V251 lwb/V251 lwb 07/V251 lwb facelift10/V251 lwb pre07,MPV,5XL
Mercedes-benz R-Klasse,Mercedes-benz,R-Klasse,2009-2011,W251,MPV,5XL
Mercedes-benz S-Klasse,Mercedes-benz,S-Klasse,1966-2005,108.018/108.019/108.057/108.058/109.016/109.018/109.056/220.028/220.028 swb facelift/220.028 swb prefl/220.067/220.073/220.074/220.075 swb facelift/220.075 swb prefl/220.083/220.084/W108/W109/W116/W126/W126 swb/W126 swb late/W220/W220 facelift/W220 prefl,Sedan,3XL
Mercedes-benz S-Klasse,Mercedes-benz,S-Klasse,1972-2026,220.128/220.128 lwb facelift/220.128 lwb prefl/220.167/220.173/220.174/220.175 lwb facelift/220.175 lwb prefl/220.176/220.178/220.179/220.183/220.184/221.028 swb facelift/221.028 swb prefl/221.071 swb facelift/221.071 swb prefl/221.077 swb facelift/221.077 swb prefl/221.095/222.034/222.035/222.057/222.058/222.059/222.060/222.064/222.066/222.067/222.077/222.082/222.083/222.086/223.023/223.060/223.061/223.063/223.066/223.067/223.068/223.069/223.070/223.076/223.077/V116/V116 lwb/V126 lwb/V126 lwb L5135 W1820 H1434/V126 lwb L5135 W1820 H1440/V126 lwb L5160 W1820 H1441/V126 lwb L5160 W1820 H1446/V220/V220 lwb facelift/V220 lwb prefl/W140/W140 post93 L5113 W1886 H1482/W140 post93 L5113 W1886 H1486/W140 pre93 L5113 W1886 H1491/W140 pre93 L5113 W1886 H1492/W140 pre93 L5113 W1886 H1495/W140 swb post93/W140 swb pre93 L5113 W1886 H1492/W140 swb pre93 L5113 W1886 H1495/W221/W221 facelift/W221 prefl/W221 swb/W221 swb facelift/W221 swb prefl/W222/W223,Sedan,3XXL-520
Mercedes-benz S-Klasse,Mercedes-benz,S-Klasse,1980-2020,217.364/217.377/217.378/217.379 prefl/217.382/217.385/217.482/A217 L5032 W1899 H1420/A217 prefl/C126/C126 L4935 W1828 H1402/C126 L4935 W1828 H1407/C215/C217 L5032 W1899 H1414,Convertible/Coupe,3XL-0
Mercedes-benz S-Klasse,Mercedes-benz,S-Klasse,1980-1991,V126,Sedan,3XXL-520
Mercedes-benz S-Klasse,Mercedes-benz,S-Klasse,1985-1986,V126,Sedan,3XXL-550
Mercedes-benz S-Klasse,Mercedes-benz,S-Klasse,1991-2026,221.128 lwb facelift/221.128 lwb prefl/221.171 lwb facelift/221.171 lwb prefl/221.177 lwb facelift/221.177 lwb prefl/222.134/222.135/222.157/222.158/222.159/222.160/222.163/222.164/222.165/222.166/222.167/222.176 facelift/222.176 prefl/222.177/222.178/222.179 facelift/222.179 prefl/222.182/222.183/222.186/222.967/222.976 facelift/222.976 prefl/222.980/222.982/222.983/222.985/222.986/223.123/223.133/223.160/223.161/223.163/223.166/223.167/223.168/223.169/223.170/223.176/223.177/223.182/223.969/223.976/223.978/223.979/V140/V140 lwb post93/V140 lwb pre93 L5213 W1886 H1492/V140 lwb pre93 L5213 W1886 H1495/V221/V221 facelift/V221 lwb/V221 lwb facelift/V221 lwb prefl/V221 lwb prefl L5206 W1871 H1473/V221 lwb prefl L5209 W1872 H1473/V221 prefl/V222/V222 L5287 W1915 H1499/V222 L5294 W1914 H1501/V222 lwb/V222 lwb L5246 W1899 H1494/V222 lwb L5246 W1899 H1496/V223/X222,Sedan,3XXL-550
Mercedes-benz S-Klasse,Mercedes-benz,S-Klasse,1992-2020,140.063/216.377/216.379/217.379 facelift/A217 facelift/A217 L5051 W1913 H1428/C140 L5065 W1912 H1452/C140 L5065 W1912 H1478/C216/C216 facelift/C216 L5095 W1871 H1419/C216 L5106 W1871 H1425/C216 L5106 W1871 H1428/C216 prefl/C217 L5051 W1913 H1428,Convertible/Coupe,3XXL-520-0
Mercedes-benz S-Klasse,Mercedes-benz,S-Klasse,1998-2005,220.875/220.878,Sedan,无可用尺码
Mercedes-benz S-Klasse,Mercedes-benz,S-Klasse,2015-2019,A217,Convertible,3XL-0
Mercedes-benz S-Klasse,Mercedes-benz,S-Klasse,2015-2020,C217,Coupe,3XL-0
Mercedes-benz S-Klasse,Mercedes-benz,S-Klasse,2018-2020,A217,Convertible,3XXL-520-0
Mercedes-benz S-Klasse,Mercedes-benz,S-Klasse,2018-2020,C217,Coupe,3XXL-520-0
Mercedes-benz Sl,Mercedes-benz,Sl,1955-2012,107.043/129.068/129.076/230.456/230.467/230.471 facelift1/230.472/230.474/230.475/230.476/230.477 facelift1/230.479 facelift1/230.479 prefl/R107/R107 L4390 W1790 H1307/R129/R129 facelift/R129 facelift95/R129 facelift98/R129 prefl/R129 prefl L4470 W1812 H1296/R129 prefl L4470 W1812 H1303/W121,Convertible,3M-0
Mercedes-benz Sl,Mercedes-benz,Sl,1957-2026,107.048/230.458/230.471 facelift2/230.477 facelift2/230.479 facelift2/231.457/231.465/231.466/231.473 facelift/231.473 prefl/231.474 facelift/231.474 prefl/231.479 facelift/231.479 prefl/232.450/232.480/232.481/232.482/232.981/R107 L4580 W1790 H1300/R231/W198,Convertible,3L-0
Mercedes-benz Sl,Mercedes-benz,Sl,1972-1981,C107,Coupe,4S
Mercedes-benz Sl,Mercedes-benz,Sl,2001-2012,R230,Convertible,3M-0
Mercedes-benz Sl,Mercedes-benz,Sl,2008-2012,R230,Convertible,3L-0
Mercedes-benz Sl,Mercedes-benz,Sl,2008-2012,R230,Coupe,3L-0
Mercedes-benz Slc,Mercedes-benz,Slc,2016-2026,172.404/172.431/172.434/172.438/172.466/R172,Convertible,3S-0
Mercedes-benz Slk,Mercedes-benz,Slk,1996-2026,170.435/170.444/170.445/170.447/170.449/170.465/170.466/171.442/171.445/171.454 facelift/171.454 prefl/171.456/171.458/171.473/172.403/172.434/172.438/172.475/R171 L4087 W1794 H1271/R171 L4107 W1777 H1296/R171 L4107 W1788 H1296/R171 L4107 W1788 H1298/R172,Convertible/Coupe,3S-0
Mercedes-benz Slr,Mercedes-benz,Slr,2004-2026,199.376/C199/R199,Convertible/Coupe,3L-0
Mercedes-benz Sls amg,Mercedes-benz,Sls amg,2010-2026,C197,Coupe,3L-0
Mercedes-benz Sls amg roadster,Mercedes-benz,Sls amg roadster,2011-2026,R197,Convertible,3L-0
Mercedes-benz Sprinter 2-T,Mercedes-benz,Sprinter 2-T,1995-2006,Incl: 901.061 901061 highroof/901.061 901061 lowroof/901.361/901.361 901361 highroof/901.361 901361 lowroof/901.461/901.461 901461 highroof/901.461 901461 lowroof/901.661 901661 highroof/901.661 901661 lowroof/901.671 901671 highroof/901.671 901671 lowroof/902.061 902061 highroof/902.061 902061 lowroof/902.361/902.361 902361 highroof/902.361 902361 lowroof/902.461/902.461 902461 highroof/902.461 902461 lowroof/902.471/902.661 902661 highroof/902.661 902661 lowroof/W902 swb/W902 swb facelift/W902 swb prefl,Bus/Van,5L
Mercedes-benz Sprinter 2-T,Mercedes-benz,Sprinter 2-T,1995-2006,902.671 902671 highroof/902.671 902671 lowroof,MPV,5XL
Mercedes-benz Sprinter 2-T,Mercedes-benz,Sprinter 2-T,1995-2006,901.062 901062 highroof/901.062 901062 lowroof/901.362/901.362 901362 highroof/901.362 901362 lowroof/901.462/901.462 901462 highroof/901.462 901462 lowroof/901.662 901662 highroof/901.662 901662 lowroof/902.062 902062 highroof/902.062 902062 lowroof/902.072 902072 highroof/902.072 902072 lowroof/902.362/902.362 902362 highroof/902.362 902362 lowroof/902.462/902.462 902462 highroof/902.462 902462 lowroof/902.472/902.662 902662 highroof/902.662 902662 lowroof/902.672 902672 highroof/902.672 902672 lowroof/W902 lwb/W902 lwb facelift/W902 lwb prefl,Bus/MPV/Van,无可用尺码
Mercedes-benz Sprinter 3,Mercedes-benz,Sprinter 3,2006-2026,906.631 906631 facelift highroof/906.631 906631 facelift stdroof/906.631 906631 highroof/906.631 906631 stdroof/906.631 swb highroof/906.631 swb highroof facelift/906.631 swb highroof prefl/906.631 swb lowroof/906.631 swb lowroof facelift/906.631 swb lowroof prefl/906.631 swb standardroof facelift/906.631 swb standardroof prefl/906.731/906.731 731 stdroof facelift L5261 W1993 H2436/906.731 731 stdroof facelift L5261 W1993 H2456/906.731 731 stdroof prefl L5245 W1993 H2435/906.731 731 stdroof prefl L5245 W1993 H2520/906.731 906731 facelift highroof/906.731 906731 facelift stdroof/906.731 906731 highroof/906.731 906731 prefl highroof/906.731 906731 prefl stdroof/906.731 906731 stdroof/906.731 swb highroof/906.731 swb highroof facelift/906.731 swb highroof prefl/906.731 swb lowroof/906.731 swb lowroof facelift/906.731 swb lowroof prefl/907.731/910.631/B906 compact highroof/B906 compact highroof facelift/B906 compact highroof prefl/B906 compact normalroof/B906 compact normalroof facelift/B906 compact normalroof prefl/W910 l1 h1/W910 l1 h2,Bus/MPV/Van,5XL
Mercedes-benz Sprinter 3,Mercedes-benz,Sprinter 3,2006-2026,906.633 906633 facelift highroof/906.633 906633 facelift highroof L5926 W1993 H2612/906.633 906633 facelift highroof L5926 W2024 H2756/906.633 906633 facelift stdroof/906.633 906633 facelift stdroof L5926 W1993 H2324/906.633 906633 facelift stdroof L5926 W2024 H2469/906.633 906633 facelift superhighroof/906.633 906633 highroof/906.633 906633 prefl highroof/906.633 906633 prefl stdroof/906.633 906633 prefl superhighroof/906.633 906633 stdroof L5926 W1993 H2324/906.633 906633 stdroof L5926 W2024 H2469/906.633 mwb highroof/906.633 mwb highroof facelift/906.633 mwb highroof prefl/906.633 mwb lowroof/906.633 mwb lowroof facelift/906.633 mwb lowroof prefl/906.633 mwb standardroof facelift/906.633 mwb standardroof prefl/906.633 mwb stdroof L5910 W1993 H2415/906.633 mwb stdroof L5910 W1993 H2435/906.633 mwb stdroof prefl/906.633 mwb superhighroof/906.633 mwb superhighroof facelift/906.633 mwb superhighroof prefl/906.635/906.635 906635 facelift highroof/906.635 906635 facelift highroof L6961 W1993 H2650/906.635 906635 facelift highroof L6962 W2024 H2753/906.635 906635 facelift superhighroof/906.635 906635 facelift superhighroof L6961 W1993 H2824/906.635 906635 facelift superhighroof L6962 W2024 H2934/906.635 906635 highroof L6961 W1993 H2650/906.635 906635 highroof L6962 W2024 H2753/906.635 906635 prefl highroof/906.635 906635 prefl superhighroof/906.635 906635 superhighroof/906.635 lwb highroof/906.635 lwb highroof facelift/906.635 lwb highroof facelift L6945 W1993 H2785/906.635 lwb highroof facelift L6961 W1993 H2815/906.635 lwb highroof L6945 W1993 H2700/906.635 lwb highroof L6945 W1993 H2720/906.635 lwb highroof prefl/906.635 lwb highroof prefl L6945 W1993 H2700/906.635 lwb highroof prefl L6945 W1993 H2815/906.635 lwb superhighroof/906.635 lwb superhighroof facelift/906.635 lwb superhighroof prefl/906.637 906637 facelift highroof/906.637 906637 facelift highroof L7361 W1993 H2609/906.637 906637 facelift highroof L7361 W2024 H2746/906.637 906637 facelift superhighroof/906.637 906637 facelift superhighroof L7361 W1993 H2821/906.637 906637 facelift superhighroof L7361 W2024 H2931/906.637 906637 highroof L7361 W1993 H2609/906.637 906637 highroof L7361 W2024 H2746/906.637 906637 superhighroof/906.637 exl highroof/906.637 exl superhighroof/906.637 xlwb highroof facelift/906.637 xlwb highroof prefl/906.637 xlwb superhighroof facelift/906.637 xlwb superhighroof prefl/906.733/906.733 733 highroof facelift L5926 W1993 H2725/906.733 733 highroof facelift L5926 W1993 H2746/906.733 733 highroof prefl L5910 W1993 H2820/906.733 733 highroof prefl L5910 W1993 H2905/906.733 733 stdroof facelift L5926 W1993 H2436/906.733 733 stdroof facelift L5926 W1993 H2456/906.733 733 stdroof prefl L5910 W1993 H2530/906.733 733 stdroof prefl L5910 W1993 H2615/906.733 906733 facelift highroof/906.733 906733 facelift stdroof/906.733 906733 facelift stdroof L5926 W1993 H2324/906.733 906733 facelift stdroof L5926 W2024 H2469/906.733 906733 highroof/906.733 906733 prefl highroof/906.733 906733 prefl stdroof/906.733 906733 stdroof L5926 W1993 H2324/906.733 906733 stdroof L5926 W2024 H2469/906.733 mwb/906.733 mwb highroof/906.733 mwb highroof facelift/906.733 mwb highroof prefl/906.733 mwb lowroof/906.733 mwb lowroof facelift/906.733 mwb lowroof prefl/906.733 mwb standardroof facelift/906.733 mwb standardroof prefl/906.733 mwb stdroof L5910 W1993 H2415/906.733 mwb stdroof L5910 W1993 H2435/906.735/906.735 735 highroof facelift L6961 W1993 H2715/906.735 735 highroof facelift L6961 W1993 H2736/906.735 735 highroof prefl L6945 W1993 H2815/906.735 735 highroof prefl L6945 W1993 H2910/906.735 906735 facelift highroof/906.735 906735 facelift highroof L6961 W1993 H2650/906.735 906735 facelift highroof L6962 W2024 H2753/906.735 906735 highroof L6961 W1993 H2650/906.735 906735 highroof L6962 W2024 H2753/906.735 lwb highroof facelift/906.735 lwb highroof L6945 W1993 H2700/906.735 lwb highroof L6945 W1993 H2720/906.735 lwb highroof prefl/907.633/907.633 907633 highroof/907.633 l2 highroof/907.633 l2 stdroof/907.635/907.635 907635 highroof/907.635 907635 superhighroof/907.635 l3 highroof/907.637/907.637 907637 highroof/907.637 907637 superhighroof/907.733/907.733 907733 highroof L5932 W2020 H2644/907.733 907733 highroof L5932 W2020 H2774/907.733 907733 stdroof L5932 W2020 H2331/907.733 907733 stdroof L5932 W2020 H2486/907.733 l2 h1/907.733 l2 h2/907.735/910.633 910633 highroof/910.633 910633 stdroof/B906 long highroof/B906 long highroof facelift/B906 long highroof prefl/B906 standard highroof/B906 standard highroof facelift/B906 standard highroof prefl/B906 standard normalroof/B906 standard normalroof facelift/B906 standard normalroof prefl/W906 l1h1/W906 l1h2/W906 l2h1/W906 l2h2/W906 l2h3/W906 l3h2/W906 l3h3/W906 l4h2/W906 l4h3/W907 l2 h1/W907 l2 h2/W907 l2h1/W907 l2h2/W907 l3 h2/W907 l3 h3/W907 l3h2/W907 l4 h2/W907 l4 h3/W907 l4h2/W910/W910 l2 h1/W910 l2 h2,Bus/MPV/Van,无可用尺码
Mercedes-benz Sprinter 3-T,Mercedes-benz,Sprinter 3-T,1995-2006,903.061 903061 highroof/903.061 903061 stdroof/903.071 903071 highroof/903.071 903071 stdroof/903.361 903361/903.361 swb h1/903.361 swb h2/903.371 swb h1/903.371 swb h2/903.461/903.461 swb h1/903.461 swb h2/903.471/903.471 swb h1/903.471 swb h2/903.661 903661 highroof/903.661 903661 stdroof/903.661 swb h1/903.661 swb h1 L4895 W1933 H2350/903.661 swb h1 L5004 W1981 H2362/903.661 swb h2/903.671 903671 highroof/903.671 903671 stdroof/903.671 swb h1/903.671 swb h2,Bus/Van,5L
Mercedes-benz Sprinter 3-T,Mercedes-benz,Sprinter 3-T,1995-2025,903.062 903062 highroof/903.062 903062 stdroof/903.063 903063 highroof/903.063 lwb h2/903.072 903072 highroof/903.072 903072 stdroof/903.073/903.362/903.362 highroof/903.362 lowroof/903.363/903.372 mwb h1/903.372 mwb h2/903.373/903.462/903.462 mwb h1/903.462 mwb h2/903.463/903.472/903.472 mwb h1/903.472 mwb h2/903.473/903.662/903.662 903662 highroof/903.662 903662 stdroof/903.662 mwb h1/903.662 mwb h1 L5645 W1933 H2345/903.662 mwb h1 L5715 W1981 H2362/903.662 mwb h2/903.663/903.672/903.672 903672 highroof/903.672 903672 stdroof/903.672 mwb h1/903.672 mwb h1 L5645 W1933 H2345/903.672 mwb h1 L5715 W1981 H2362/903.672 mwb h2/903.673/903.673 903673 highroof/903.673 lwb h2/906.613 mwb h1/906.613 mwb h2/906.613 mwb h3/906.613 mwb highroof/906.613 mwb highroof facelift/906.613 mwb highroof prefl/906.613 mwb lowroof/906.613 mwb lowroof facelift/906.613 mwb lowroof prefl/906.613 mwb standardroof facelift/906.613 mwb standardroof prefl/906.613 mwb superhighroof/906.713/906.713 906713 facelift highroof/906.713 906713 facelift stdroof/906.713 906713 prefl highroof/906.713 906713 prefl stdroof/906.713 mwb h1/906.713 mwb h2/906.713 mwb highroof/906.713 mwb highroof facelift/906.713 mwb highroof prefl/906.713 mwb lowroof/906.713 mwb lowroof facelift/906.713 mwb lowroof prefl/906.713 mwb standardroof facelift/906.713 mwb standardroof prefl/910.623 mwb highroof/910.623 mwb stdroof/W906.613 l2h1/W906.613 l2h2/W906.713 l2h1/W906.713 l2h2/W910 l2 h1/W910 l2 h2,Bus/MPV/Van,无可用尺码
Mercedes-benz Sprinter 3-T,Mercedes-benz,Sprinter 3-T,2006-2025,906.611 swb h1/906.611 swb h2/906.611 swb highroof/906.611 swb highroof facelift/906.611 swb highroof prefl/906.611 swb lowroof/906.611 swb lowroof facelift/906.611 swb lowroof prefl/906.611 swb standardroof facelift/906.611 swb standardroof prefl/906.711/906.711 906711 facelift highroof/906.711 906711 facelift stdroof/906.711 906711 prefl highroof/906.711 906711 prefl stdroof/906.711 swb h1/906.711 swb h2/906.711 swb highroof/906.711 swb highroof facelift/906.711 swb highroof prefl/906.711 swb lowroof/906.711 swb lowroof facelift/906.711 swb lowroof prefl/910.621 swb highroof/910.621 swb stdroof/W906.611 l1h1/W906.611 l1h2/W906.711 l1h1/W906.711 l1h2/W910 l1 h1/W910 l1 h2,Bus/MPV/Van,5XL
Mercedes-benz Sprinter 3-T tourer,Mercedes-benz,Sprinter 3-T tourer,2018-2021,907.721 l1 h1,MPV,5XL
Mercedes-benz Sprinter 3-T tourer,Mercedes-benz,Sprinter 3-T tourer,2018-2026,907.721 l2h1/907.721 l2h2/907.723/907.723 l2 h1/907.723 l2 h2/907.723 l3h2,MPV,无可用尺码
Mercedes-benz Sprinter 4,Mercedes-benz,Sprinter 4,2006-2018,906.653/906.653 l2h1/906.653 mwb h2/906.653 mwb highroof facelift/906.653 mwb standardroof facelift/906.653 mwb standardroof prefl/906.653 mwb superhighroof facelift/906.653 mwb superhighroof prefl/906.655 l3h2/906.655 l3h3/906.655 long highroof/906.655 long superhighroof/906.655 lwb h2/906.655 lwb h3/906.655 lwb highroof facelift/906.655 lwb superhighroof facelift/906.655 lwb superhighroof prefl/906.657 extralong highroof/906.657 extralong superhighroof/906.657 l4h2/906.657 l4h3/906.657 xlwb h2/906.657 xlwb h3/906.657 xlwb highroof facelift/906.657 xlwb superhighroof facelift,Van,无可用尺码
Mercedes-benz Sprinter 4-T,Mercedes-benz,Sprinter 4-T,1995-2026,904.462/904.462 mwb h1/904.462 mwb h2/904.463/904.662/904.662 3550/904.662 3550 h1/904.662 3550 h2/904.662 mwb h1/904.662 mwb h1 L5645 W1933 H2345/904.662 mwb h1 L5715 W1981 H2362/904.662 mwb h2/904.663/904.663 4025/904.663 4025 h1/904.663 lwb h2 L6590 W1933 H2570/904.663 lwb h2 L6680 W1981 H2642/907.643/907.643 a2h1/907.643 a2h2/907.643 l2h2 L5932 W2020 H2667/907.643 l2h2 L5932 W2020 H2785/907.645/907.645 a3h2/907.645 a3h3/907.645 l3h2 L6967 W2020 H2663/907.645 l3h2 L6967 W2020 H2778/907.645 l3h3/907.647 a4h2/907.647 a4h3/907.647 l4h2/910.643 l2h1/910.643 l2h2/W904 lwb highroof/W904 mwb lowroof/W907/W907 l2 h1/W907 l2 h2/W907 l2h2/W907 l3 h2/W907 l3 h3/W907 l3h2/W907 l3h3/W907 l4 h2/W907 l4 h3/W910 l2h1,Van,无可用尺码
Mercedes-benz Sprinter 4-T,Mercedes-benz,Sprinter 4-T,2018-2026,907.641/910.641 l1h1/910.641 l1h2/W907 l1h1/W910 l1h1,Van,5XL
Mercedes-benz Sprinter 4-T tourer,Mercedes-benz,Sprinter 4-T tourer,2018-2026,907.741/907.741 l1h1/907.741 l1h2,MPV,5XL
Mercedes-benz Sprinter 4-T tourer,Mercedes-benz,Sprinter 4-T tourer,2018-2026,907.743/907.743 l2h1/907.743 l2h2/907.745/907.745 l3h1/907.745 l3h2/907.843,MPV,无可用尺码
Mercedes-benz Sprinter 5-T,Mercedes-benz,Sprinter 5-T,2006-2026,906.653 mwb h1/906.653 mwb h1 facelift/906.653 mwb h1 prefl/906.653 mwb h2/906.653 mwb h2 facelift/906.653 mwb h2 prefl/906.653 mwb h3/906.653 mwb h3 facelift/906.653 mwb h3 prefl/906.653 mwb highroof/906.653 mwb highroof facelift/906.653 mwb highroof prefl/906.653 mwb lowroof/906.653 mwb standardroof facelift/906.653 mwb standardroof prefl/906.653 mwb superhighroof/906.653 mwb superhighroof facelift/906.653 mwb superhighroof prefl/906.655 l3h2/906.655 l3h3/906.655 lwb h2/906.655 lwb h2 facelift/906.655 lwb h2 L6945 W1993 H2795/906.655 lwb h2 L6961 W1993 H2815/906.655 lwb h2 prefl/906.655 lwb h3/906.655 lwb h3 facelift/906.655 lwb h3 prefl/906.655 lwb highroof/906.655 lwb highroof facelift/906.655 lwb highroof prefl/906.655 lwb superhighroof/906.655 lwb superhighroof facelift/906.655 lwb superhighroof prefl/906.657 elwb/906.657 elwb h2/906.657 elwb h2 facelift/906.657 elwb h2 prefl/906.657 elwb h3/906.657 elwb h3 facelift/906.657 elwb h3 prefl/906.657 exl highroof/906.657 exl superhighroof/906.657 xlwb highroof facelift/906.657 xlwb highroof prefl/906.657 xlwb superhighroof facelift/906.657 xlwb superhighroof prefl/907.653/907.653 l2h2 L5932 W2020 H2710/907.653 l2h2 L5932 W2020 H2785/907.655/907.655 l3h2 L6967 W2020 H2706/907.655 l3h2 L6967 W2020 H2778/907.655 l3h3/907.657/907.657 l4h2 L7367 W2020 H2703/907.657 l4h2 L7367 W2020 H2825/W907 l2 h1/W907 l2 h2/W907 l3 h2/W907 l3 h3/W907 l4 h2/W907 l4 h3,Van,无可用尺码
Mercedes-benz Sprinter classic 3,Mercedes-benz,Sprinter classic 3,2013-2026,909.632/909.633/W909 l1/W909 l2,Van,无可用尺码
Mercedes-benz Sprinter classic 4,Mercedes-benz,Sprinter classic 4,2017-2026,909.643,Van,无可用尺码
Mercedes-benz T-Klasse,Mercedes-benz,T-Klasse,2022-2026,T420,MPV,2L+
Mercedes-benz T1,Mercedes-benz,T1,1977-1996,Incl: 601 l1h1/601 l1h2/601.016 wb3050 h1/601.016 wb3050 h2/601.361/601.366/602 l1h1/602 l1h2/602.061/602.366/602.371/602.461/602.476/T1-601 l1h1/T1-601 l1h2,Van,5L
Mercedes-benz T1,Mercedes-benz,T1,1977-1996,601 l2h1/601 l2h2/601.017 wb3350 h1/601.017 wb3350 h2/601.362/601.367/601.377/602 l2h1/602 l2h2/602.062/602.362/602.367/602.462/602.477/611.367/T1-601 l2h1/T1-601 l2h2/T1-602 l2h1/T1-602 l2h2,Van,5XL
Mercedes-benz T1,Mercedes-benz,T1,1977-1996,601 l3h1/601 l3h2/602 l3h1/602 l3h2/602.363/602.373/602.463/611.368/T1-601 l3h1/T1-601 l3h2/T1-602 l3h1/T1-602 l3h2,Van,无可用尺码
Mercedes-benz T1,Mercedes-benz,T1,1982-1990,602.361,Van,5L
Mercedes-benz T1,Mercedes-benz,T1,1989-1996,602.361,Van,2XL
Mercedes-benz T1/tn,Mercedes-benz,T1/tn,1981-1995,611.067/611.367/611.467,Van,5XL
Mercedes-benz T1/tn,Mercedes-benz,T1/tn,1981-1995,611.068/611.368/611.468,Van,无可用尺码
Mercedes-benz T2/l,Mercedes-benz,T2/l,1968-1988,l1h1/l1h2,Van,5L
Mercedes-benz T2/l,Mercedes-benz,T2/l,1968-1988,l2h1/l2h2/l3h1/l3h2,Van,无可用尺码
Mercedes-benz T2/l,Mercedes-benz,T2/l,1972-1982,,Kommunalfahrzeug,数据不全
Mercedes-benz T2/ln1,Mercedes-benz,T2/ln1,1986-1994,,Bus/Triebkopf,数据不全
Mercedes-benz T2/ln1,Mercedes-benz,T2/ln1,1986-1994,667.061 l1h1/667.061 l1h2/667.062 l2h1/667.062 l2h2/667.361 l1h1/667.361 l1h2/667.362 l2h1/667.362 l2h2/668.061 l1h1/668.061 l1h2/668.062 l2h1/668.062 l2h2/668.063/669.061 l1h1/669.061 l1h2/669.062 l2h1/669.062 l2h2/669.063/669.361 l1h1/669.361 l1h2/669.362 l2h1/669.362 l2h2/669.363/670.061 l1h1/670.061 l1h2/670.062 l2h1/670.062 l2h2/670.063/670.362 l2h1/670.362 l2h2/670.363/670.364 l1h1/670.364 l1h2/670.365 l2h1/670.365 l2h2/670.366/670.464 l1h1/670.464 l1h2/670.465 l2h1/670.465 l2h2,Van,无可用尺码
Mercedes-benz V-Klasse,Mercedes-benz,V-Klasse,1996-2003,W638/W638 L4659 W1880 H1844/W638 L4660 W1880 H1844,MPV,2XL
Mercedes-benz V-Klasse,Mercedes-benz,V-Klasse,2014-2026,W447 compact,MPV,5L
Mercedes-benz V-Klasse,Mercedes-benz,V-Klasse,2014-2026,W447 long,MPV,5XL
Mercedes-benz V-Klasse,Mercedes-benz,V-Klasse,2014-2026,W447 extra long/W447 extralong,MPV,无可用尺码
Mercedes-benz Vaneo,Mercedes-benz,Vaneo,2002-2005,414/W414,MPV,2L+
Mercedes-benz Vario,Mercedes-benz,Vario,1996-2013,,Triebkopf,数据不全
Mercedes-benz Vario,Mercedes-benz,Vario,1996-2026,667.351 l1h1/667.351 l1h2/667.352 l2h1/667.352 l2h2/667.353/668.351 l1h1/668.351 l1h2/668.352 l2h1/668.352 l2h2/668.353/670.351 l1h1/670.351 l1h1 L5450 W2205 H2710/670.351 l1h1 L5450 W2206 H2710/670.351 l1h2/670.351 l1h2 L5450 W2205 H2865/670.351 l1h2 L5450 W2206 H2865/670.352 l2h1/670.352 l2h1 L6330 W2180 H2775/670.352 l2h1 L6330 W2206 H2775/670.352 l2h2/670.352 l2h2 L6330 W2180 H2930/670.352 l2h2 L6330 W2206 H2930/670.353/670.353 l3h2 L7210 W2180 H2930/670.353 l3h2 L7210 W2206 H2935/670.373/670.373 l1/670.374/670.451 l1h1/670.451 l1h2/670.452 l2h1/670.452 l2h2/670.453/670.674,Bus/MPV/Van,无可用尺码
Mercedes-benz Viano,Mercedes-benz,Viano,2003-2026,639.711/639.811/W639 compact,MPV,2XL
Mercedes-benz Viano,Mercedes-benz,Viano,2003-2026,639.713/639.813/W639 L4993 W1901 H1935/W639 L4993 W1901 H1942/W639 long,MPV,5L
Mercedes-benz Viano,Mercedes-benz,Viano,2003-2026,639.815/W639 extralong,MPV,5XL
Mercedes-benz Vito,Mercedes-benz,Vito,1996-2026,Incl: 639.701/compact/W638/W639 compact,Bus/MPV,2XL
Mercedes-benz Vito,Mercedes-benz,Vito,2003-2026,639.701,Van,2XL
Mercedes-benz Vito,Mercedes-benz,Vito,2003-2026,447.601/639.703/long/W639 long,Bus/MPV/Van,5L
Mercedes-benz Vito,Mercedes-benz,Vito,2003-2026,447.603/639.705/extralong/W447 long/W447 long L5140 W1928 H1910/W447 long L5140 W1928 H1941/W639 extralong,Bus/MPV/Van,5XL
Mercedes-benz Vito,Mercedes-benz,Vito,2012-2026,Incl: W447 compact,MPV/Van,5L
Mercedes-benz Vito,Mercedes-benz,Vito,2014-2026,447.605/W447 extra long/W447 extralong,MPV/Van,无可用尺码
Mercedes-benz Vito / mixto,Mercedes-benz,Vito / mixto,2003-2014,639.601,Van,2XL
Mercedes-benz Vito / mixto,Mercedes-benz,Vito / mixto,2003-2014,639.601 compact facelift,Van,2XL
Mercedes-benz Vito / mixto,Mercedes-benz,Vito / mixto,2003-2014,639.601 compact prefl,Van,2XL
Mercedes-benz Vito / mixto,Mercedes-benz,Vito / mixto,2003-2014,639.603,Van,5L
Mercedes-benz Vito / mixto,Mercedes-benz,Vito / mixto,2003-2014,639.603 long facelift,Van,5L
Mercedes-benz Vito / mixto,Mercedes-benz,Vito / mixto,2003-2014,639.603 long prefl,Van,5L
Mercedes-benz Vito / mixto,Mercedes-benz,Vito / mixto,2003-2014,639.605,Van,5XL
Mercedes-benz Vito / mixto,Mercedes-benz,Vito / mixto,2003-2014,639.605 extralong facelift,Van,5XL
Mercedes-benz Vito / mixto,Mercedes-benz,Vito / mixto,2003-2014,639.605 extralong prefl,Van,5XL
Mercedes-benz Vito / mixto,Mercedes-benz,Vito / mixto,2004-2008,W639 compact,Van,2XL
Mercedes-benz Vito / mixto,Mercedes-benz,Vito / mixto,2004-2008,W639 long,Van,5L
Mercedes-benz Vito / mixto,Mercedes-benz,Vito / mixto,2004-2008,W639 long highroof,Van,5L
Mercedes-benz Vito / mixto,Mercedes-benz,Vito / mixto,2004-2008,W639 extralong,Van,5XL
Mercedes-benz Vito / mixto,Mercedes-benz,Vito / mixto,2006-2014,compact,Van,2XL
Mercedes-benz Vito / mixto,Mercedes-benz,Vito / mixto,2006-2014,639.603 long,Van,5L
Mercedes-benz Vito / mixto,Mercedes-benz,Vito / mixto,2006-2014,639.603 long highroof,Van,5L
Mercedes-benz Vito / mixto,Mercedes-benz,Vito / mixto,2006-2014,long,Van,5L
Mercedes-benz Vito / mixto,Mercedes-benz,Vito / mixto,2006-2014,extralong,Van,5XL
Mercedes-benz Vito / mixto,Mercedes-benz,Vito / mixto,2007-2014,long highroof,Van,5L
Mercedes-benz Vito / mixto,Mercedes-benz,Vito / mixto,2007-2014,long lowroof,Van,5L
Mercedes-benz Vito / mixto,Mercedes-benz,Vito / mixto,2010-2014,639.601 compact L4763 W1901 H1902,Van,2XL
Mercedes-benz Vito / mixto,Mercedes-benz,Vito / mixto,2010-2014,639.601 compact L4763 W1901 H1962,Van,2XL
Mercedes-benz Vito / mixto,Mercedes-benz,Vito / mixto,2010-2014,639.603 long L5008 W1901 H1902,Van,5L
Mercedes-benz Vito / mixto,Mercedes-benz,Vito / mixto,2010-2014,639.603 long L5008 W1901 H1962,Van,5L
Mercedes-benz Vito / mixto,Mercedes-benz,Vito / mixto,2010-2014,639.605 extralong L5238 W1901 H1900,Van,5XL
Mercedes-benz Vito / mixto,Mercedes-benz,Vito / mixto,2010-2014,639.605 extralong L5238 W1901 H1960,Van,5XL
Mercedes-benz Vito / mixto,Mercedes-benz,Vito / mixto,2011-2014,,Van,5L
Mercedes-benz Vito mixto,Mercedes-benz,Vito mixto,2014-2026,447.701/W447 compact,MPV/Van,5L
Mercedes-benz Vito mixto,Mercedes-benz,Vito mixto,2014-2026,447.703/W447 long,MPV/Van,5XL
Mercedes-benz Vito mixto,Mercedes-benz,Vito mixto,2014-2026,447.705/W447 extralong,MPV/Van,无可用尺码
Mercedes-benz Vito tourer,Mercedes-benz,Vito tourer,2014-2026,447.701/W447/W447 compact,MPV/Van,5L
Mercedes-benz Vito tourer,Mercedes-benz,Vito tourer,2014-2026,447.703/W447 long/W447 long L5140 W1928 H1910/W447 long L5140 W1928 H1934,MPV/Van,5XL
Mercedes-benz Vito tourer,Mercedes-benz,Vito tourer,2014-2026,447.705/W447 extra long/W447 extralong/W447 extralong L5370 W1928 H1910/W447 extralong L5370 W1928 H1934,MPV/Van,无可用尺码
Mercedes-benz Vle,Mercedes-benz,Vle,2026,,MPV,无可用尺码
Mercury Cougar,Mercury,Cougar,1990-1997,MN12,Coupe,3XXL-520-0
Mercury Villager mini passenger van,Mercury,Villager mini passenger van,1992-1998,VX54 prefl,MPV,2XL
Mercury Villager mini passenger van,Mercury,Villager mini passenger van,1992-1998,VX54 facelift,MPV,5L
Metrocab Taxi,Metrocab,Taxi,1991-2006,Incl: original/ttt,Wagon,2L+
Micro Microlino,Micro,Microlino,2022-2026,,Coupe,无可用尺码
Microcar Due,Microcar,Due,2018-2026,,Hatchback,无可用尺码
Microcar F8,Microcar,F8,2013-2026,,Coupe,无可用尺码
Microcar M.go,Microcar,M.go,2020-2026,,Hatchback,无可用尺码
Minelli Tf,Minelli,Tf,1998-2011,,Convertible,3S-0
Mini Mini,Mini,Mini,2001-2026,F55/F55 L3982 W1727 H1425/F55 L4005 W1727 H1425/F56/F56 facelift/F56 L3821 W1727 H1414/F56 L3850 W1727 H1414/F56 L3879 W1762 H1420/F56 prefl/F65/F66/J01/R50/R50 L3626 W1688 H1408/R50 L3626 W1688 H1416/R53/R55/R55 facelift/R55 facelift L3961 W1683 H1426/R55 facelift L3961 W1683 H1432/R55 L3945 W1683 H1426/R55 L3958 W1683 H1432/R55 L3961 W1683 H1426/R55 L3961 W1683 H1432/R55 prefl L3937 W1683 H1426/R55 prefl L3958 W1683 H1432/R56/R56 facelift/R56 facelift L3723 W1683 H1407/R56 facelift L3729 W1683 H1407/R56 L3699 W1683 H1407/R56 L3709 W1683 H1407/R56 L3714 W1683 H1407/R56 L3730 W1683 H1407/R56 L3758 W1683 H1407/R56 prefl,Hatchback/Van/Wagon,2M
Mini Mini,Mini,Mini,2004-2026,J05/R52 L3635 W1688 H1415/R52 L3655 W1688 H1415/R52 L3660 W1690 H1420,Convertible/SUV,无可用尺码
Mini Mini,Mini,Mini,2007-2026,F57/F57 facelift/F57 L3821 W1727 H1415/F57 L3850 W1727 H1415/F57 prefl/F67/R57/R57 facelift/R57 facelift L3723 W1683 H1414/R57 facelift L3729 W1683 H1414/R57 L3699 W1683 H1414/R57 L3714 W1683 H1414/R57 prefl/R57 prefl L3699 W1683 H1414/R57 prefl L3714 W1683 H1414/R58/R58 L3728 W1683 H1378/R58 L3734 W1683 H1384/R58 L3758 W1683 H1384/R58 L3758 W1683 H1385/R59 L3728 W1683 H1384/R59 L3734 W1683 H1390/R59 L3758 W1683 H1391/R61/R61 facelift/R61 L4109 W1786 H1518/R61 L4114 W1786 H1518/R61 prefl,Convertible/Coupe,3S-0
Mini Mini,Mini,Mini,2010-2026,F60/R60/R60 L4097 W1789 H1561/R60 L4110 W1789 H1561/R60 L4133 W1789 H1549/U25 L4444 W1843 H1661/U25 L4445 W1843 H1635/U25 L4447 W1843 H1645,SUV,YM
Mini Mini,Mini,Mini,2014-2026,F54,Wagon,2L+
Mitsubishi 3000 gt,Mitsubishi,3000 gt,1989-1999,Z15A/Z15A facelift/Z15A prefl/Z16A facelift,Coupe,3L-0
Mitsubishi 3000 gt,Mitsubishi,3000 gt,1989-1999,Z16A prefl,Coupe,3L-0
Mitsubishi 3000 gt,Mitsubishi,3000 gt,1990-1999,Z16A prefl,Coupe,3M-0
Mitsubishi Asx,Mitsubishi,Asx,2010-2026,Incl: facelift/GA0/GA0W facelift2016/GA0W facelift2019/GA0W prefl/prefl,SUV,YM
Mitsubishi Attrage vi,Mitsubishi,Attrage vi,2015-2026,A13A,Sedan,3M
Mitsubishi Carisma,Mitsubishi,Carisma,1995-2006,DA/DA facelift/DA prefl,Hatchback,2L+
Mitsubishi Carisma,Mitsubishi,Carisma,1996-2006,CP9A/CT9A/DA/DA1A facelift/DA1A prefl/DA facelift/DA prefl,Sedan,3M
Mitsubishi Colt czc vi,Mitsubishi,Colt czc vi,2006-2009,Incl: Z36A,Convertible,3S-0
Mitsubishi Colt i,Mitsubishi,Colt i,1978-1984,A151A 3dr facelift/A151A 3dr prefl/A151A 5dr facelift/A151A 5dr prefl/A152A/A152A 3dr facelift/A152A 3dr prefl/A152A 5dr facelift/A152A 5dr prefl,Hatchback,2M
Mitsubishi Colt ii,Mitsubishi,Colt ii,1984-1988,C12A/C13A/C14A/C15A 3dr/C15A 5dr,Hatchback,2M
Mitsubishi Colt iii,Mitsubishi,Colt iii,1988-1992,Incl: C51A/C52A/C53A/C54A/C58A,Hatchback,2M
Mitsubishi Colt iv,Mitsubishi,Colt iv,1992-1996,CA0/CA1A/CA4A/CA5A,Hatchback,2M
Mitsubishi Colt v,Mitsubishi,Colt v,1996-2003,CJ1A/CJ4A,Hatchback,2M
Mitsubishi Colt vi,Mitsubishi,Colt vi,2004-2012,Incl: 3dr facelift/3dr prefl/5dr facelift/5dr prefl/Z21A 3dr facelift/Z21A 3dr prefl/Z21A 5dr facelift/Z21A 5dr prefl/Z23A 3dr facelift/Z23A 3dr prefl/Z23A 5dr facelift/Z23A 5dr prefl/Z31A 5dr facelift/Z31A 5dr prefl/Z32A 3dr facelift/Z32A 3dr prefl/Z33A 3dr facelift/Z33A 3dr prefl/Z33A 5dr facelift/Z33A 5dr prefl/Z35A/Z37A/Z38A/Z39A,Hatchback,2M
Mitsubishi Colt vii,Mitsubishi,Colt vii,2023-2026,VBEH6/VBXG0/VBXL0,Hatchback,2M
Mitsubishi Cordia,Mitsubishi,Cordia,1982-1989,A212A/A213A/A215A,Coupe,3M-0
Mitsubishi Delica / space gear,Mitsubishi,Delica / space gear,1994-2004,PA4W pa4w facelift lowroof,MPV,2XL
Mitsubishi Delica / space gear,Mitsubishi,Delica / space gear,1994-2004,PA4W pa4w prefl highroof,MPV,2XL
Mitsubishi Delica / space gear,Mitsubishi,Delica / space gear,1994-2004,PA4W pa4w prefl lowroof,MPV,2XL
Mitsubishi Delica / space gear,Mitsubishi,Delica / space gear,1994-2004,PB4W,MPV,5L
Mitsubishi Delica / space gear,Mitsubishi,Delica / space gear,1994-2004,PC4W,MPV,5L
Mitsubishi Delica / space gear,Mitsubishi,Delica / space gear,1995-2002,L400,MPV,2XL
Mitsubishi Diamante i,Mitsubishi,Diamante i,1992-1996,,Sedan,3L
Mitsubishi Eclipse,Mitsubishi,Eclipse,1995-2005,D38A/D53A,Convertible,3M-0
Mitsubishi Eclipse cross,Mitsubishi,Eclipse cross,2017-2026,GK1W/GL3W,SUV,YM
Mitsubishi Eclipse cross mk ii,Mitsubishi,Eclipse cross mk ii,2025-2026,,SUV,YM
Mitsubishi Eclipse i,Mitsubishi,Eclipse i,1989-1995,Incl: 1G facelift/1G prefl,Coupe,3M-0
Mitsubishi Eclipse ii,Mitsubishi,Eclipse ii,1995-1999,D30/D32A facelift/D32A prefl,Coupe,3M-0
Mitsubishi Eclipse iv,Mitsubishi,Eclipse iv,2005-2011,DK/DK4A,Convertible/Coupe,3L-0
Mitsubishi Fto,Mitsubishi,Fto,1994-2001,DE3A/DE3A facelift/DE3A prefl,Coupe,3M-0
Mitsubishi Galant iii,Mitsubishi,Galant iii,1977-1980,,Sedan,3M
Mitsubishi Galant iii station wagon,Mitsubishi,Galant iii station wagon,1979-1980,,Wagon,2L+
Mitsubishi Galant iv,Mitsubishi,Galant iv,1980-1984,A161A/A163A/A164A/A167A,Sedan,3M
Mitsubishi Galant iv station wagon,Mitsubishi,Galant iv station wagon,1980-1984,A161V/A163V/A167V,Wagon,2L+
Mitsubishi Galant ix,Mitsubishi,Galant ix,2003-2026,,Sedan,3XL
Mitsubishi Galant v,Mitsubishi,Galant v,1984-1990,Incl: E11A/E14A/E15A,Sedan,3M
Mitsubishi Galant vi,Mitsubishi,Galant vi,1987-1992,E32A/E33A/E34A/E39A,Sedan,3L
Mitsubishi Galant vi,Mitsubishi,Galant vi,1988-1992,E30/E32A/E33A/E34A/E38A,Hatchback,2XL
Mitsubishi Galant vii,Mitsubishi,Galant vii,1992-1996,Incl: E52A/E54A/E55A/E57A/E75A/E88A,Hatchback,2XL
Mitsubishi Galant vii,Mitsubishi,Galant vii,1992-1996,Incl: E52A/E54A/E55A L4620 W1730 H1395/E55A L4620 W1730 H1405/E57A/E75A/E88A,Sedan,3L
Mitsubishi Galant viii,Mitsubishi,Galant viii,1996-2003,EA2W/EA3W/EA5W/EA6W,Wagon,2XL
Mitsubishi Galant viii,Mitsubishi,Galant viii,1996-2004,EA2A/EA3A/EA5A/EA6A,Sedan,3L
Mitsubishi Galant viii,Mitsubishi,Galant viii,1999-2003,EA8A,Sedan,4S
Mitsubishi Galloper,Mitsubishi,Galloper,1998-2003,JK-01 5dr,SUV,YL
Mitsubishi Galloper,Mitsubishi,Galloper,1998-2003,JK-01 3dr,SUV,YM
Mitsubishi Grandis,Mitsubishi,Grandis,2004-2011,NA4W/NA8W,MPV,2XL
Mitsubishi Grandis,Mitsubishi,Grandis,2025-2026,,SUV,YM
Mitsubishi Gto,Mitsubishi,Gto,1994-2000,Z16A,Coupe,3L-0
Mitsubishi I,Mitsubishi,I,2009-2020,Incl: HA3W,Hatchback,2S
Mitsubishi L 300 / delica ii,Mitsubishi,L 300 / delica ii,1980-1986,facelift,Van,2M
Mitsubishi L 300 / delica ii,Mitsubishi,L 300 / delica ii,1980-1986,prefl,Van,2M
Mitsubishi L 300 / delica ii,Mitsubishi,L 300 / delica ii,1983-1986,L035P lwb highroof,Van,2L+
Mitsubishi L 300 / delica ii,Mitsubishi,L 300 / delica ii,1983-1986,L068P,Van,2L+
Mitsubishi L 300 / delica ii,Mitsubishi,L 300 / delica ii,1983-1987,L035P,MPV,2M
Mitsubishi L 300 / delica ii,Mitsubishi,L 300 / delica ii,1983-1986,L035P swb lowroof,Van,2M
Mitsubishi L 300 / delica ii,Mitsubishi,L 300 / delica ii,1983-1986,L038P facelift,Van,2M
Mitsubishi L 300 / delica ii,Mitsubishi,L 300 / delica ii,1983-1986,L038P prefl,Van,2M
Mitsubishi L 300 / delica ii,Mitsubishi,L 300 / delica ii,1984-1987,,Van,2M
Mitsubishi L 300 / delica ii,Mitsubishi,L 300 / delica ii,1986-1987,L037P,MPV,2M
Mitsubishi L 300 iii,Mitsubishi,L 300 iii,1986-2006,Incl: facelift/facelift L4285 W1690 H1835/facelift L4375 W1690 H1975/P02V/P05V/P23V/prefl/prefl L4275 W1690 H1835/prefl L4365 W1690 H1975,Bus/MPV/Van,2L+
Mitsubishi L 300 iii,Mitsubishi,L 300 iii,1986-2006,P12V/P15V,Van,2XL
Mitsubishi L400,Mitsubishi,L400,1995-2005,facelift/facelift L4655 W1695 H1855/facelift L4655 W1695 H1965/L4655 W1695 H1855/L4655 W1695 H1965/PA3V/PA5V/PD5V/prefl/prefl L4595 W1695 H1855/prefl L4595 W1695 H1965,MPV/Van,2XL
Mitsubishi L400,Mitsubishi,L400,1995-2002,PB3V,Van,5L
Mitsubishi Lancer cargo,Mitsubishi,Lancer cargo,2003-2008,CS0W,Van,2L+
Mitsubishi Lancer celeste,Mitsubishi,Lancer celeste,1975-1981,Incl: facelift/prefl,Coupe,3S-0
Mitsubishi Lancer f,Mitsubishi,Lancer f,1983-1984,,Sedan,3S
Mitsubishi Lancer i,Mitsubishi,Lancer i,1978-1979,,Sedan,3S
Mitsubishi Lancer i station wagon,Mitsubishi,Lancer i station wagon,1978-1979,,Wagon,2M
Mitsubishi Lancer ii,Mitsubishi,Lancer ii,1979-1983,,Sedan,3M
Mitsubishi Lancer iii,Mitsubishi,Lancer iii,1983-1988,,Sedan,3S
Mitsubishi Lancer iii station wagon,Mitsubishi,Lancer iii station wagon,1985-1992,,Wagon,2M
Mitsubishi Lancer iv,Mitsubishi,Lancer iv,1988-1994,,Hatchback,2L+
Mitsubishi Lancer iv,Mitsubishi,Lancer iv,1988-1997,Incl: CN9A,Sedan,3M
Mitsubishi Lancer v,Mitsubishi,Lancer v,1991-1996,Incl: CB1A/CB4A/CB5A/CB8A/CD9A/CE9A,Sedan,3M
Mitsubishi Lancer v station wagon,Mitsubishi,Lancer v station wagon,1992-2003,Incl: CBW,Wagon,2L+
Mitsubishi Lancer vi,Mitsubishi,Lancer vi,1995-2003,Incl: CK2A/CM5A/CP9A,Sedan,3M
Mitsubishi Lancer vii,Mitsubishi,Lancer vii,2001-2013,Incl: CT9A,Sedan,3M
Mitsubishi Lancer vii,Mitsubishi,Lancer vii,2003-2008,,Wagon,2L+
Mitsubishi Lancer vii,Mitsubishi,Lancer vii,2007-2013,CY0,Sedan,3L
Mitsubishi Lancer viii,Mitsubishi,Lancer viii,2007-2026,CY0/CY0A,Sedan,3L
Mitsubishi Lancer viii,Mitsubishi,Lancer viii,2007-2026,CZ4A,Sedan,3M
Mitsubishi Lancer viii sportback,Mitsubishi,Lancer viii sportback,2008-2026,CX0A/CX_A/GS44S,Hatchback,2XL
Mitsubishi Outlander i,Mitsubishi,Outlander i,2002-2007,,SUV,YM
Mitsubishi Outlander ii,Mitsubishi,Outlander ii,2006-2012,Incl: CW/CW0/CW0 facelift manual/CW0 facelift tcsst/CW0 prefl/CW0W facelift/CW0W prefl/facelift/prefl,SUV,YL
Mitsubishi Outlander ii van,Mitsubishi,Outlander ii van,2006-2012,,SUV,YL
Mitsubishi Outlander iii,Mitsubishi,Outlander iii,2012-2022,Incl: facelift/GF0W/GF0W facelift/GF0W prefl/GF6W facelift/GF6W prefl/GF7W facelift/GF7W prefl/GG2W/GG2W facelift/GG2W prefl/prefl,SUV,YL
Mitsubishi Outlander iii van,Mitsubishi,Outlander iii van,2013-2026,GF6W facelift/GF6W prefl/GG3W,SUV,YL
Mitsubishi Outlander iv,Mitsubishi,Outlander iv,2021-2026,GM4W highroof/GM4W lowroof/GN0W highroof/GN0W lowroof,SUV,YL
Mitsubishi Pajero classic,Mitsubishi,Pajero classic,2001-2026,V24W,SUV,无可用尺码
Mitsubishi Pajero classic,Mitsubishi,Pajero classic,2006-2026,V78W,SUV,YL
Mitsubishi Pajero classic,Mitsubishi,Pajero classic,2006-2026,V68W,SUV,YM
Mitsubishi Pajero i,Mitsubishi,Pajero i,1987-1991,L049G/L146G,SUV,YL
Mitsubishi Pajero i,Mitsubishi,Pajero i,1987-1991,L044G/L141G,SUV,无可用尺码
Mitsubishi Pajero i canvas top,Mitsubishi,Pajero i canvas top,1982-1990,,Convertible,3S-0
Mitsubishi Pajero ii,Mitsubishi,Pajero ii,1990-2007,5dr/V4_W/V40/V43W/V44W/V45W/V46W/V78W,SUV,YL
Mitsubishi Pajero ii,Mitsubishi,Pajero ii,1990-2007,3dr/V2_W/V20/V23W/V25W/V26W/V68W,SUV,YM
Mitsubishi Pajero ii,Mitsubishi,Pajero ii,1990-1999,V24W,SUV,无可用尺码
Mitsubishi Pajero ii canvas top,Mitsubishi,Pajero ii canvas top,1990-2000,V23C/V24C,Convertible,3S-0
Mitsubishi Pajero ii canvas top,Mitsubishi,Pajero ii canvas top,1991-2000,V23C,SUV,YM
Mitsubishi Pajero iii,Mitsubishi,Pajero iii,2000-2007,V75W/V78W,SUV,YL
Mitsubishi Pajero iii,Mitsubishi,Pajero iii,2000-2007,V64W/V65W/V68W/V74W,SUV,YM
Mitsubishi Pajero iii canvas top,Mitsubishi,Pajero iii canvas top,2000-2006,V64W swb norails/V64W swb roofrails,Convertible,3M-0
Mitsubishi Pajero iii canvas top,Mitsubishi,Pajero iii canvas top,2000-2006,V74W lwb norails/V74W lwb roofrails,Convertible,4S
Mitsubishi Pajero iii canvas top,Mitsubishi,Pajero iii canvas top,2000-2006,V75W/V78W,SUV,YL
Mitsubishi Pajero iii canvas top,Mitsubishi,Pajero iii canvas top,2000-2006,V65W/V68W,SUV,YM
Mitsubishi Pajero iv,Mitsubishi,Pajero iv,2006-2026,3dr/V80/V83W 3dr narrow highroof/V83W 3dr narrow lowroof/V83W 3dr wide highroof/V83W 3dr wide lowroof/V85W/V88W 3dr narrow highroof/V88W 3dr narrow lowroof/V88W 3dr wide highroof/V88W 3dr wide lowroof,SUV,YM
Mitsubishi Pajero iv,Mitsubishi,Pajero iv,2006-2026,5dr/V90/V93W 5dr narrow highroof/V93W 5dr narrow lowroof/V93W 5dr wide highroof/V93W 5dr wide lowroof/V95W/V98W 5dr narrow highroof/V98W 5dr narrow lowroof/V98W 5dr wide highroof/V98W 5dr wide lowroof,SUV,YXL
Mitsubishi Pajero iv van,Mitsubishi,Pajero iv van,2006-2026,V88V/V88W,SUV,YM
Mitsubishi Pajero iv van,Mitsubishi,Pajero iv van,2006-2026,V98V/V98W,SUV,YXL
Mitsubishi Pajero pinin i,Mitsubishi,Pajero pinin i,1999-2007,H66W/H67W/H76W/H77W,SUV,无可用尺码
Mitsubishi Pajero sport i,Mitsubishi,Pajero sport i,1998-2026,K94W/K96W,SUV,YM
Mitsubishi Pajero sport ii,Mitsubishi,Pajero sport ii,2008-2026,KH6W,SUV,YL
Mitsubishi Pajero sport iii,Mitsubishi,Pajero sport iii,2015-2026,KS1W facelift/KS1W prefl,SUV,YL
Mitsubishi Proudia/dignity,Mitsubishi,Proudia/dignity,1999-2001,S32A/S33A,Sedan,3XL
Mitsubishi Proudia/dignity,Mitsubishi,Proudia/dignity,1999-2001,S43A,Sedan,3XXL-550
Mitsubishi Santamo,Mitsubishi,Santamo,1999-2004,UG,MPV,2L+
Mitsubishi Sapporo i,Mitsubishi,Sapporo i,1978-1980,A121/A123,Coupe,3M-0
Mitsubishi Sapporo ii,Mitsubishi,Sapporo ii,1980-1984,A161A/A164/A164A,Coupe,3M-0
Mitsubishi Sapporo iii,Mitsubishi,Sapporo iii,1987-1990,E16A,Coupe,3L-0
Mitsubishi Sigma,Mitsubishi,Sigma,1990-1996,F16A,Sedan,4S
Mitsubishi Sigma,Mitsubishi,Sigma,1992-1996,F07W,Wagon,2XL
Mitsubishi Space runner,Mitsubishi,Space runner,1991-2003,N11W/N13W/N18W/N21W/N63W highroof/N63W lowroof/N64W highroof/N64W lowroof,MPV,2L+
Mitsubishi Space star,Mitsubishi,Space star,1998-2004,DG1A early nomoulding highroof/DG1A early nomoulding lowroof/DG1A early sidemoulding highroof/DG1A early sidemoulding lowroof/DG1A facelift highroof/DG1A facelift lowroof/DG1A prefl highroof/DG1A prefl lowroof/DG3A facelift highroof/DG3A facelift lowroof/DG3A prefl highroof/DG3A prefl lowroof/DG4A facelift highroof/DG4A facelift lowroof/DG4A highroof/DG4A lowroof/DG4A prefl highroof/DG4A prefl lowroof/DG5A early nomoulding highroof/DG5A early nomoulding lowroof/DG5A early sidemoulding highroof/DG5A early sidemoulding lowroof/DG5A facelift highroof/DG5A facelift lowroof/DG5A highroof/DG5A lowroof/DG5A prefl highroof/DG5A prefl lowroof,MPV,2M
Mitsubishi Space star vi,Mitsubishi,Space star vi,2012-2026,A03A/A03A facelift 2015/A03A facelift 2019/A03A prefl/A05A facelift 2015/A05A facelift 2019/A05A prefl,Hatchback,2M
Mitsubishi Space wagon,Mitsubishi,Space wagon,1984-1998,D04W/D05V/D08W/D08W facelift/D08W prefl/D09W/N31W/N33W/N35W/N38W/N41W/N43W,MPV,2L+
Mitsubishi Space wagon,Mitsubishi,Space wagon,1998-2004,L4600 W1775 H1650/L4600 W1775 H1690/N83W highroof/N83W lowroof,MPV,2XL
Mitsubishi Space wagon van,Mitsubishi,Space wagon van,1983-1988,Incl: D09V,MPV,2L+
Mitsubishi Starion,Mitsubishi,Starion,1982-1990,A183A/A187A,Coupe,3M-0
Mitsubishi Tredia,Mitsubishi,Tredia,1982-1988,Incl: A211/A212/A215/A215G,Sedan,3M
Mitsuoka Himiko,Mitsuoka,Himiko,2009-2026,NCEC L4575 W1725 H1245/NCEC L4575 W1725 H1255,Convertible,3L-0
Mitsuoka Orochi,Mitsuoka,Orochi,2006-2026,MSP1,Coupe,3M-0
Mobilize Bento pro,Mobilize,Bento pro,2024-2026,,Van,无可用尺码
Mobilize Duo,Mobilize,Duo,2025-2026,,Hatchback,无可用尺码
Morgan 3-Wheeler,Morgan,3-Wheeler,2014-2026,,Convertible,无可用尺码
Morgan Aero,Morgan,Aero,2012-2026,,Coupe,3S-0
Morgan Aero 8,Morgan,Aero 8,2000-2026,,Convertible,3S-0
Morgan Aero supersports,Morgan,Aero supersports,2010-2026,,Convertible,3S-0
Morgan Aeromax,Morgan,Aeromax,2007-2009,,Coupe,3S-0
Morgan Four,Morgan,Four,1968-1982,,Convertible,无可用尺码
Morgan Four,Morgan,Four,1982-1991,widebody,Convertible,3S-0
Morgan Four,Morgan,Four,1982-1991,narrowbody,Convertible,无可用尺码
Morgan Four,Morgan,Four,1991-2026,,Convertible,3S-0
Morgan Plus eight,Morgan,Plus eight,1968-2026,Incl: midbody/narrowbody/widebody,Convertible,3S-0
Morgan Plus four,Morgan,Plus four,1985-2026,Incl: CX/narrowbody/widebody,Convertible,3S-0
Morgan Plus six,Morgan,Plus six,2019-2026,CX,Convertible,3S-0
Morgan Roadster,Morgan,Roadster,2004-2026,Incl: L4010 W1630 H1220/L4010 W1720 H1220,Convertible,3S-0
Morgan Supersport,Morgan,Supersport,2025-2026,,Convertible,3S-0
Morris Marina,Morris,Marina,1971-1980,ADO28/ADO28 mk2,Wagon,2L+
Morris Marina,Morris,Marina,1971-1980,ADO28/ADO28 L4293 W1656 H1419/ADO28 L4318 W1656 H1424/ADO28 mk2/ADO28 mk3,Sedan,3M
Morris Marina,Morris,Marina,1971-1975,ADO28 mk2,Coupe,3M-0
Morris Marina,Morris,Marina,1971-1979,Incl: ADO28 L4219 W1646 H1419/ADO28 L4219 W1646 H1425/ADO28 mk1/ADO28 mk1 L4219 W1646 H1419/ADO28 mk1 L4219 W1646 H1425,Sedan,3S
Morris Marina,Morris,Marina,1971-1980,ADO28 mk1/ADO28 mk1 L4143 W1641 H1400/ADO28 mk1 L4143 W1641 H1406/ADO28 mk3,Coupe,3S-0
Morris Marina,Morris,Marina,1971-1980,ADO28 mk2,Coupe,3S-0
Morris Mini,Morris,Mini,1967-1979,ADO15,Hatchback,无可用尺码
Moskvich 2140,Moskvich,2140,1978-1983,2140,Sedan,3M
Moskvich 2141,Moskvich,2141,1989-2001,,Hatchback,2L+
Moskvich 403,Moskvich,403,1962-1968,,Sedan,3S
Moskvich 407,Moskvich,407,1958-1969,early/late,Sedan,3S
Moskvich 412,Moskvich,412,1971-1988,Incl: 028-412 IE/412 IE,Sedan,3S
Moskvich 423,Moskvich,423,1959-1965,early/late,Wagon,2M
Moskvich 427,Moskvich,427,1975-1979,,Wagon,2M
Moskvich Aslk 2137,Moskvich,Aslk 2137,1976-1987,,Wagon,2L+
Moskvich Aslk 2140,Moskvich,Aslk 2140,1976-1988,,Sedan,3M
Mosler Mt900,Mosler,Mt900,2006-2011,,Coupe,4S
NIO Ec6,NIO,Ec6,2023-2026,,SUV,YL
NIO El6,NIO,El6,2023-2026,,SUV,YXL
NIO El7,NIO,El7,2023-2026,,SUV,YXL
NIO El8,NIO,El8,2024-2026,,SUV,YXXL-525
NIO Es6,NIO,Es6,2023-2026,,SUV,YXL
NIO Es8,NIO,Es8,2023,,SUV,YXXL-525
NIO Et5,NIO,Et5,2023-2026,,Wagon,2XL
NIO Et5,NIO,Et5,2023-2026,,Sedan,4S
NIO Et7,NIO,Et7,2023-2026,,Sedan,3XXL-520
NSU 1000,NSU,1000,1963-1972,,Sedan,3S
NSU 1200,NSU,1200,1969-1971,,Sedan,3S
NSU Prinz,NSU,Prinz,1961-1971,,Sedan,无可用尺码
NSU Prinz,NSU,Prinz,1969-1974,,Sedan,3S
NSU Ro 80,NSU,Ro 80,1967-1977,,Sedan,4S
NSU Spider,NSU,Spider,1964-1968,,Convertible,无可用尺码
NSU Sportprinz,NSU,Sportprinz,1959-1967,,Coupe,无可用尺码
NSU Tt,NSU,Tt,1965-1971,,Sedan,3S
NSU Tts,NSU,Tts,1967-1971,,Sedan,3S
Navor E5,Navor,E5,2025-2026,,SUV,YL
Nextem Minke,Nextem,Minke,2022-2026,,Van,5L
Nissan 100nx,Nissan,100nx,1990-1994,B13,Coupe,3S-0
Nissan 200sx,Nissan,200sx,1988-1999,S13/S14/S14 prefl,Coupe,3M-0
Nissan 240sx,Nissan,240sx,1988-1990,S13,Coupe,3M-0
Nissan 240z,Nissan,240z,1970-1974,HLS30,Coupe,3S-0
Nissan 260z,Nissan,260z,1974-1979,,Coupe,3M-0
Nissan 280zx,Nissan,280zx,1978-1984,HGS130,Coupe,3L-0
Nissan 300zx,Nissan,300zx,1984-1990,Z31 facelift/Z31 L4605 W1725 H1310,Coupe,3L-0
Nissan 300zx,Nissan,300zx,1984-1995,Z31/Z31 L4540 W1725 H1310/Z31 prefl/Z32,Coupe,3M-0
Nissan 350z,Nissan,350z,2002-2008,Z33,Coupe,3M-0
Nissan 350z roadster,Nissan,350z roadster,2004-2009,HZ33/Z33,Convertible,3M-0
Nissan 370z,Nissan,370z,2009-2026,Z34/Z34 facelift/Z34 prefl,Coupe,3M-0
Nissan 370z roadster,Nissan,370z roadster,2009-2026,HZ34/Z34,Convertible,3M-0
Nissan Almera i,Nissan,Almera i,1995-2000,N15 facelift/N15 prefl,Sedan,3M
Nissan Almera i hatchback,Nissan,Almera i hatchback,1995-2000,N15/N15 3dr facelift/N15 3dr prefl,Hatchback,2M
Nissan Almera ii,Nissan,Almera ii,2000-2006,N16/N16 facelift/N16 prefl,Sedan,3M
Nissan Almera ii hatchback,Nissan,Almera ii hatchback,2000-2006,N16/N16 3dr facelift/N16 3dr prefl,Hatchback,2L+
Nissan Almera tino,Nissan,Almera tino,2000-2006,V10,MPV,2L+
Nissan Ariya,Nissan,Ariya,2020-2026,FE0,SUV,YM
Nissan Ariya,Nissan,Ariya,2024-2026,FE0,SUV,YL
Nissan Bluebird,Nissan,Bluebird,1972-1979,610,Sedan,3S
Nissan Bluebird,Nissan,Bluebird,1974-1990,810/910/910 facelift/910 prefl/T12/T72/U11,Sedan,3M
Nissan Bluebird,Nissan,Bluebird,1980-1990,910 facelift/910 prefl/T12/T72/U11/U11 facelift/U11 prefl,Hatchback/Wagon,2L+
Nissan Bluebird,Nissan,Bluebird,1992-2026,B17/U13,Sedan,3L
Nissan Cedric,Nissan,Cedric,1980-1991,430 facelift/Y30/Y31,Sedan,3XL
Nissan Cedric,Nissan,Cedric,1980-1995,430/430 prefl/Y32,Sedan,4S
Nissan Cefiro ii,Nissan,Cefiro ii,1994-1999,A32,Sedan,4S
Nissan Cefiro iii,Nissan,Cefiro iii,2000-2003,A33,Sedan,3XL
Nissan Cherry,Nissan,Cherry,1970-1978,E10,Sedan,无可用尺码
Nissan Cherry,Nissan,Cherry,1978-1986,N10/N10 facelift/N10 prefl/N12/VN10/VN10 facelift/VN10 prefl,Hatchback/Wagon,2M
Nissan Cherry,Nissan,Cherry,1978-1982,N10/N10 facelift/N10 prefl,Coupe,3S-0
Nissan Cima,Nissan,Cima,1991-2001,FGY32/FGY33,Sedan,3XL
Nissan Cube,Nissan,Cube,2009-2026,Z12,Hatchback,2M
Nissan Datsun 100a,Nissan,Datsun 100a,1974-1980,BLF10/E10/WBLF10,Hatchback/Wagon,2M
Nissan Datsun 120,Nissan,Datsun 120,1974-1980,B210/LB210/LF10,Sedan,3S
Nissan Datsun 120y,Nissan,Datsun 120y,1962-1980,KB210/KLF10,Coupe,3S-0
Nissan Datsun 140j,Nissan,Datsun 140j,1973-1977,710,Sedan,3S
Nissan Datsun 140y,Nissan,Datsun 140y,1979-1983,HBL310,Wagon,2M
Nissan Datsun 160j,Nissan,Datsun 160j,1973-1982,A10,Sedan,3M
Nissan Datsun 160j,Nissan,Datsun 160j,1973-1982,710,Sedan,3S
Nissan Datsun 180b,Nissan,Datsun 180b,1977-1981,PL810,Sedan,3M
Nissan Datsun 240,Nissan,Datsun 240,1978-1981,C210,Coupe,3L-0
Nissan Elgrand,Nissan,Elgrand,2010-2026,PE52 facelift/PE52 prefl/PE52 restyle/PE52 urban chrome,MPV,5L
Nissan Figaro,Nissan,Figaro,1991-1992,FK10,Convertible,3S-0
Nissan Gt-R,Nissan,Gt-R,2007-2026,R35,Coupe,3L-0
Nissan Interstar,Nissan,Interstar,2002-2026,X62B l1h1/X70 l1h1,Van,5L
Nissan Interstar,Nissan,Interstar,2002-2026,l2h2/l3h2/l3h3/X62B l2h2/X62B l2h3/X62B l3h2/X62B l3h2 L6198 W2070 H2488/X62B l3h2 L6198 W2070 H2550/X62B l3h3/X62B l3h3 L6198 W2070 H2744/X62B l3h3 L6198 W2070 H2815/X62B l4h2/X62B l4h3/X70/X70 l2h2/X70 l3h2/X70 l3h3/X70 lwb highroof/X70 lwb midroof/X70 mwb midroof,Bus/MPV/Van,无可用尺码
Nissan Juke,Nissan,Juke,2010-2026,F15/F15 L4135 W1765 H1565/F15 L4165 W1770 H1565/F16 L4210 W1800 H1593/F16 L4210 W1800 H1595,SUV,YM
Nissan Kubistar,Nissan,Kubistar,2003-2026,Incl: X76/X76 L4035 W1672 H1800/X76 L4035 W1672 H1825,Van,2M
Nissan Laurel,Nissan,Laurel,1977-1983,C230,Sedan,3M
Nissan Laurel,Nissan,Laurel,1981-1989,C31/C32/JC31/JC32,Sedan,3L
Nissan Leaf,Nissan,Leaf,2010-2026,ZE0/ZE1,Hatchback,2L+
Nissan Leaf,Nissan,Leaf,2025-2026,,SUV,YM
Nissan Maxima / qx iv,Nissan,Maxima / qx iv,1995-2000,A32,Sedan,4S
Nissan Maxima / qx iv,Nissan,Maxima / qx iv,1995-2000,A32 facelift,Sedan,4S
Nissan Maxima / qx iv,Nissan,Maxima / qx iv,1995-2000,A32 prefl,Sedan,4S
Nissan Maxima / qx v,Nissan,Maxima / qx v,2000-2003,A33,Sedan,3XL
Nissan Maxima iii,Nissan,Maxima iii,1988-1994,,Sedan,4S
Nissan Maxima vi,Nissan,Maxima vi,2006-2008,A34,Sedan,3XL
Nissan Micra c+c iii,Nissan,Micra c+c iii,2005-2010,K12,Convertible,3S-0
Nissan Micra i,Nissan,Micra i,1982-1992,K10/K10 post86/K10 pre86,Hatchback,2M
Nissan Micra ii,Nissan,Micra ii,1992-2003,K11,Hatchback,2M
Nissan Micra iii,Nissan,Micra iii,2002-2010,K12/K12 3dr,Hatchback,2M
Nissan Micra iv,Nissan,Micra iv,2010-2026,K13/K13 facelift/K13 prefl,Hatchback,2M
Nissan Micra mk vi,Nissan,Micra mk vi,2025-2026,,Hatchback,2M
Nissan Micra v,Nissan,Micra v,2016-2026,K14,Hatchback,2M
Nissan Murano i,Nissan,Murano i,2003-2008,Z50,SUV,YL
Nissan Murano ii,Nissan,Murano ii,2007-2014,Z51,SUV,YXL
Nissan Murano ii van,Nissan,Murano ii van,2013-2014,Z51,SUV,YXL
Nissan Note,Nissan,Note,2006-2026,E11/E11 facelift/E11 prefl/E12,MPV,2M
Nissan Nv200,Nissan,Nv200,2010-2026,M20,Van,2L+
Nissan Nv200 / evalia,Nissan,Nv200 / evalia,2010-2026,M20,MPV,2L+
Nissan Nv200 / evalia,Nissan,Nv200 / evalia,2011-2026,M20,Van,2L+
Nissan Nv250,Nissan,Nv250,2019-2026,X61/X61 l1,MPV/Van,2L+
Nissan Nv250,Nissan,Nv250,2019-2026,X61 l2,Van,2XL
Nissan Nv300,Nissan,Nv300,2016-2026,l1h1/l1h2/X82/X82 l1h1/X82 l1h2,Van,5L
Nissan Nv300,Nissan,Nv300,2016-2026,l2h1/l2h2/X82 l2h1/X82 l2h2,Van,无可用尺码
Nissan Nv300 kombi,Nissan,Nv300 kombi,2016-2026,l1h1/X82/X82 l1/X82 l1h1,MPV/Van,5L
Nissan Nv300 kombi,Nissan,Nv300 kombi,2016-2026,l2h1/X82 l2/X82 l2h1,MPV/Van,无可用尺码
Nissan Nv400,Nissan,Nv400,2011-2022,l1h1/l1h2/X62/X62 l1h1/X62 l1h2/X62 L5048 W2070 H2303,Van,5L
Nissan Nv400,Nissan,Nv400,2011-2022,l2h2/l2h3/l3h2/l3h2 drw/l3h2 srw/l3h3/l3h3 drw/l3h3 srw/X62 l2h2/X62 l2h3/X62 l3h2/X62 l3h3/X62 L6198 W2070 H2527,Van,无可用尺码
Nissan Pathfinder i,Nissan,Pathfinder i,1986-1995,WD21,SUV,YM
Nissan Pathfinder ii,Nissan,Pathfinder ii,1995-2004,R50,SUV,YM
Nissan Pathfinder ii,Nissan,Pathfinder ii,2000-2004,R50,SUV,YL
Nissan Pathfinder iii,Nissan,Pathfinder iii,2005-2026,R51/R51 facelift/R51 L4740 W1850 H1865,SUV,YL
Nissan Pathfinder iii,Nissan,Pathfinder iii,2005-2026,R51 L4877 W1854 H1879/R51 prefl,SUV,YXL
Nissan Pathfinder iii van,Nissan,Pathfinder iii van,2013-2014,R51,SUV,YL
Nissan Pathfinder iv,Nissan,Pathfinder iv,2012-2026,R52,SUV,YXL
Nissan Patrol gr iv,Nissan,Patrol gr iv,1988-1997,Y60,SUV,YM
Nissan Patrol gr iv,Nissan,Patrol gr iv,1988-1997,Y60 3dr,SUV,YM
Nissan Patrol gr iv,Nissan,Patrol gr iv,1988-1998,Y60,SUV,YXL
Nissan Patrol gr iv,Nissan,Patrol gr iv,1988-1997,Y60 5dr,SUV,YXL
Nissan Patrol gr v wagon,Nissan,Patrol gr v wagon,1997-2026,Y61/Y61 prefl L4965 W1840 H1855/Y61 prefl L5010 W1930 H1855,SUV,YXL
Nissan Patrol gr v wagon,Nissan,Patrol gr v wagon,2000-2026,Y61 facelift,SUV,YXXL-525
Nissan Patrol iii/1 hardtop,Nissan,Patrol iii/1 hardtop,1979-1988,K160,SUV,YM
Nissan Patrol iii/1 station wagon,Nissan,Patrol iii/1 station wagon,1979-1988,W160,SUV,YL
Nissan Patrol iii/2 hardtop,Nissan,Patrol iii/2 hardtop,1986-1990,K260,SUV,YM
Nissan Patrol iii/2 station wagon,Nissan,Patrol iii/2 station wagon,1988-1995,W260,SUV,YL
Nissan Patrol vi,Nissan,Patrol vi,2010-2026,Y62 facelift/Y62 prefl,SUV,YXXL-525
Nissan Pixo,Nissan,Pixo,2009-2026,UA0,Hatchback,2S
Nissan Prairie,Nissan,Prairie,1983-1987,M10,MPV,2M
Nissan Prairie,Nissan,Prairie,1986-1994,M11/M11 L4350 W1690 H1625/M11 L4360 W1690 H1630/NM10,MPV,2L+
Nissan Primastar,Nissan,Primastar,2001-2026,X83/X83 l1h1 1t/X83 l1h1 6seat/X83 l1h1 9seat/X83 l1h1 12t/X83 l1h2/X83 swb highroof/X83 swb L4782 W1904 H1940/X83 swb L4782 W1904 H1942/X83 swb L4782 W1904 H1958/X83 swb lowroof 1p2t,MPV/Van,2XL
Nissan Primastar,Nissan,Primastar,2006-2026,X83 l2h1/X83 l2h1 6seat/X83 l2h1 9seat/X83 l2h2/X83 lwb highroof/X83 lwb L5182 W1904 H1947/X83 lwb L5182 W1904 H1952/X83 lwb L5182 W1904 H1954/X83 lwb lowroof,MPV/Van,5XL
Nissan Primastar,Nissan,Primastar,2021-2026,X82,Van,5L
Nissan Primera,Nissan,Primera,1990-2001,P10/W10,Hatchback/Wagon,2L+
Nissan Primera,Nissan,Primera,1990-2001,P10/P11/P11 prefl/P11-144,Sedan,3M
Nissan Primera,Nissan,Primera,1996-2026,P11/P12/WP11/WP12,Hatchback/Wagon,2XL
Nissan Primera,Nissan,Primera,2002-2026,P12/P12 L4565 W1760 H1480/P12 L4567 W1760 H1480/P12 L4567 W1760 H1482,Sedan,3L
Nissan Pulsar,Nissan,Pulsar,2014-2026,C13,Hatchback,2L+
Nissan Qashqai +2,Nissan,Qashqai +2,2007-2014,NJ10/NJ10 facelift/NJ10 prefl,SUV,YM
Nissan Qashqai +2 van,Nissan,Qashqai +2 van,2008-2014,NJ10,Van,2XL
Nissan Qashqai +2 van,Nissan,Qashqai +2 van,2013,NJ10,SUV,YM
Nissan Qashqai i,Nissan,Qashqai i,2006-2013,J10/J10 facelift/J10 L4315 W1780 H1615/J10 L4330 W1780 H1615/J10 prefl/J10 prefl L4315 W1780 H1605/J10 prefl L4315 W1783 H1606,SUV,YM
Nissan Qashqai i van,Nissan,Qashqai i van,2013-2014,J10,SUV,YM
Nissan Qashqai ii,Nissan,Qashqai ii,2013-2021,J11,SUV,YM
Nissan Qashqai iii,Nissan,Qashqai iii,2021-2026,J12,SUV,YM
Nissan Quest,Nissan,Quest,1992-2002,V40/V41,MPV,5L
Nissan Quest,Nissan,Quest,2003-2026,RE52/V42,MPV,5XL
Nissan Rogue,Nissan,Rogue,2007-2015,S35/S35 facelift/S35 prefl,SUV,YL
Nissan Sentra vi,Nissan,Sentra vi,2006-2012,B16,Sedan,3L
Nissan Sentra vii,Nissan,Sentra vii,2014-2026,B17,Sedan,3L
Nissan Serena,Nissan,Serena,1991-2001,C23/C23M,MPV,2L+
Nissan Silvia,Nissan,Silvia,1979-2003,S12/S13/S15/S110,Coupe,3M-0
Nissan Skyline,Nissan,Skyline,1989-1993,HCR32/HNR32,Sedan,3L
Nissan Skyline,Nissan,Skyline,1989-1993,HCR32/HR32/R32,Coupe,3M-0
Nissan Skyline,Nissan,Skyline,1993-2008,BCNR33/BNR34/ECR33/ENR33/ER34/R34,Coupe,3L-0
Nissan Skyline,Nissan,Skyline,2008-2014,V36,Sedan,4S
Nissan Stanza,Nissan,Stanza,1981-1985,T11 3dr/T11 5dr,Hatchback,2L+
Nissan Stanza,Nissan,Stanza,1981-1985,T11,Sedan,3M
Nissan Sunny,Nissan,Sunny,1970-1991,B11/HBL310/N13/N13 L4215 W1640 H1380/N13 L4215 W1645 H1380/N13 L4220 W1640 H1390,Sedan,3S
Nissan Sunny,Nissan,Sunny,1979-1995,Incl: N13/N14 L3975 W1690 H1395,Hatchback/Wagon,2M
Nissan Sunny,Nissan,Sunny,1982-2000,B11/B12/B12 L4270 W1640 H1385/B12 L4270 W1640 H1400/N14 L4145 W1690 H1395/Y10,Hatchback/Van/Wagon,2L+
Nissan Sunny,Nissan,Sunny,1982-1986,B11,Coupe,3S-0
Nissan Sunny,Nissan,Sunny,1986-1991,B12,Coupe,3M-0
Nissan Sunny,Nissan,Sunny,1990-1999,B14/N14,Sedan,3M
Nissan Teana i,Nissan,Teana i,2003-2008,J31,Sedan,4S
Nissan Teana ii,Nissan,Teana ii,2008-2013,J32,Sedan,4S
Nissan Teana iii,Nissan,Teana iii,2013-2026,L33,Sedan,3XL
Nissan Terrano,Nissan,Terrano,1987-2026,D10/R20 3dr/WD21,SUV,YM
Nissan Terrano,Nissan,Terrano,1993-2002,R20 5dr,SUV,YM
Nissan Terrano,Nissan,Terrano,1996-2007,R20,SUV,YL
Nissan Terrano,Nissan,Terrano,1996-2007,R20,SUV,YM
Nissan Terrano,Nissan,Terrano,2000-2003,R50,SUV,YL
Nissan Terrano,Nissan,Terrano,2002-2007,R20 5dr,SUV,YL
Nissan Tiida,Nissan,Tiida,2004-2013,C11,Hatchback,2L+
Nissan Tiida,Nissan,Tiida,2007-2012,C11,Sedan,3M
Nissan Townstar,Nissan,Townstar,2021-2026,NFK,MPV/Van,2L+
Nissan Townstar evalia,Nissan,Townstar evalia,2024-2026,NFK,MPV,5L
Nissan Trade,Nissan,Trade,1993-2001,Incl: highroof/standardroof,MPV/Van,2XL
Nissan Trade,Nissan,Trade,1993-2001,lwb highroof,Van,5XL
Nissan Trade,Nissan,Trade,1996-2000,PF,Van,5L
Nissan Urvan,Nissan,Urvan,1981-1988,E23,Van,2M
Nissan Urvan,Nissan,Urvan,1986-1994,E24,Van,2XL
Nissan Urvan,Nissan,Urvan,1987-1997,E24,Van,5L
Nissan Urvan,Nissan,Urvan,1989-1996,E24,MPV,2XL
Nissan Vanette,Nissan,Vanette,1981-1987,C120/C120 highroof/C120 lowroof,MPV/Van,2M
Nissan Vanette,Nissan,Vanette,1986-1995,C22/ULC22,Bus/MPV/Van,2L+
Nissan Vanette cargo,Nissan,Vanette cargo,1994-2002,,MPV/Van,2L+
Nissan X-Trail i,Nissan,X-Trail i,2001-2013,T30/T30 L4455 W1765 H1675/T30 L4510 W1760 H1750/T30 prefl,SUV,YM
Nissan X-Trail ii,Nissan,X-Trail ii,2007-2013,T31 facelift,SUV,YL
Nissan X-Trail ii,Nissan,X-Trail ii,2007-2013,T31/T31 prefl,SUV,YM
Nissan X-Trail iii,Nissan,X-Trail iii,2014-2026,T32,SUV,YL
Nissan X-Trail iv,Nissan,X-Trail iv,2022-2026,T33,SUV,YL
Nissan X-Trail van,Nissan,X-Trail van,2011-2014,T31,SUV,YL
OHM Ecovan,OHM,Ecovan,2024-2026,L4495 W1680 H1990,Van,2L+
OHM Ecovan,OHM,Ecovan,2024-2026,L4800 W1680 H1995,Van,2XL
ORA 7,ORA,7,2024-2026,,Sedan,3XL
ORA Funky cat,ORA,Funky cat,2022-2023,,Hatchback,2L+
Oldsmobile Cutlass supreme,Oldsmobile,Cutlass supreme,1988-1997,Incl: L4879 W1803 H1341/L4884 W1803 H1354,Coupe,3XL-0
Omoda 5,Omoda,5,2024-2026,Incl: L4400 W1830 H1588/L4424 W1830 H1588,SUV,YM
Omoda 9,Omoda,9,2025-2026,,SUV,YL
Omoda C5,Omoda,C5,2024-2026,,SUV,YM
Opel Adam,Opel,Adam,2012-2019,Incl: M13,Hatchback,2M
Opel Admiral a,Opel,Admiral a,1964-1969,,Sedan,3XL
Opel Admiral b,Opel,Admiral b,1969-1978,,Sedan,3XL
Opel Agila a,Opel,Agila a,2000-2007,,Hatchback,2S
Opel Agila b,Opel,Agila b,2008-2014,Incl: H08,Hatchback,2M
Opel Ampera,Opel,Ampera,2011-2015,,Hatchback,2L+
Opel Ampera-E,Opel,Ampera-E,2017-2019,,Hatchback,2L+
Opel Antara a,Opel,Antara a,2006-2017,Incl: L07/L4575 W1850 H1704/L4576 W1850 H1704,SUV,YM
Opel Arena,Opel,Arena,1997-2001,Incl: TF1,Bus/Van,2XL
Opel Arena combi,Opel,Arena combi,1998-2001,THB,MPV,2XL
Opel Ascona a,Opel,Ascona a,1970-1975,,Sedan,3S
Opel Ascona a caravan,Opel,Ascona a caravan,1970-1975,,Wagon,2L+
Opel Ascona b,Opel,Ascona b,1975-1981,,Sedan,3M
Opel Ascona c,Opel,Ascona c,1981-1988,Incl: L4366 W1668 H1385/L4366 W1668 H1395,Sedan,3M
Opel Ascona c cc,Opel,Ascona c cc,1981-1988,,Hatchback,2L+
Opel Astra f,Opel,Astra f,1991-1999,Incl: T92,Van,2L+
Opel Astra f,Opel,Astra f,1991-1998,,Sedan,3M
Opel Astra f,Opel,Astra f,1993-2001,Incl: facelift/prefl/T92 facelift/T92 prefl,Convertible,3M-0
Opel Astra f caravan,Opel,Astra f caravan,1991-1998,Incl: L4278 W1688 H1475/L4278 W1696 H1525,Van/Wagon,2L+
Opel Astra f cc,Opel,Astra f cc,1991-1998,Incl: 3dr,Hatchback,2M
Opel Astra f classic,Opel,Astra f classic,1998-2002,,Sedan,3M
Opel Astra f classic caravan,Opel,Astra f classic caravan,1998-2005,,Van,2L+
Opel Astra f classic cc,Opel,Astra f classic cc,1998-2002,,Hatchback,2M
Opel Astra g,Opel,Astra g,1998-2005,Incl: F35/T98,Van/Wagon,2L+
Opel Astra g,Opel,Astra g,1998-2009,Incl: F69,Sedan,3M
Opel Astra g,Opel,Astra g,2000-2005,,Convertible/Coupe,3M-0
Opel Astra g caravan,Opel,Astra g caravan,1998-2004,Incl: F35/F35 L4288 W1709 H1465/F35 L4288 W1709 H1510/T98,Van/Wagon,2L+
Opel Astra g cc,Opel,Astra g cc,1998-2009,Incl: F08/F48/T98,Hatchback,2M
Opel Astra g classic,Opel,Astra g classic,2004-2009,T98,Hatchback,2M
Opel Astra g classic,Opel,Astra g classic,2004-2009,T98,Sedan,3M
Opel Astra g classic caravan,Opel,Astra g classic caravan,2004-2009,F35/T98,Wagon,2L+
Opel Astra h,Opel,Astra h,2004-2014,Incl: A04/L08/L48/L48 5dr,Hatchback/Wagon,2L+
Opel Astra h,Opel,Astra h,2007-2010,Incl: L69,Sedan,3L
Opel Astra h caravan,Opel,Astra h caravan,2004-2010,Incl: L35/L4515 W1753 H1496/L4515 W1753 H1500,Wagon,2L+
Opel Astra h family,Opel,Astra h family,2009-2014,Incl: A04/L48,Hatchback,2L+
Opel Astra h family,Opel,Astra h family,2009-2014,A04/L69,Sedan,3L
Opel Astra h family caravan,Opel,Astra h family caravan,2009-2014,A04/L35,Wagon,2L+
Opel Astra h gtc,Opel,Astra h gtc,2005-2010,Incl: A04/facelift/L08 facelift/L08 prefl,Hatchback,2L+
Opel Astra h twintop,Opel,Astra h twintop,2005-2010,,Convertible,3M-0
Opel Astra j,Opel,Astra j,2009-2015,Incl: P10,Hatchback,2L+
Opel Astra j,Opel,Astra j,2012-2015,P10,Van,2XL
Opel Astra j,Opel,Astra j,2012-2018,,Sedan,3L
Opel Astra j,Opel,Astra j,2013-2015,P10,Van,2L+
Opel Astra j,Opel,Astra j,2014-2015,P10 L4419 W1814 H1510,Van,2L+
Opel Astra j,Opel,Astra j,2014-2015,P10 L4698 W1814 H1535,Van,2XL
Opel Astra j caravan,Opel,Astra j caravan,2010-2015,,Wagon,2XL
Opel Astra j gtc,Opel,Astra j gtc,2011-2018,Incl: P10,Hatchback,2L+
Opel Astra k,Opel,Astra k,2015-2021,Incl: B16/K,Hatchback,2L+
Opel Astra k,Opel,Astra k,2018-2021,B16,Wagon,2XL
Opel Astra k sports tourer,Opel,Astra k sports tourer,2016-2021,Incl: B16/K,Wagon,2XL
Opel Astra l,Opel,Astra l,2021-2026,OV51,Hatchback,2L+
Opel Astra l sports tourer,Opel,Astra l sports tourer,2021-2026,OV52,Wagon,2XL
Opel Calibra a,Opel,Calibra a,1989-1997,,Coupe,3M-0
Opel Cascada,Opel,Cascada,2013-2019,W13,Convertible,3L-0
Opel Combo,Opel,Combo,1994-2026,Incl: K9/K9 m/K9 mpv m/m/K9 van m/S93/X12,MPV/Van,2L+
Opel Combo,Opel,Combo,2018-2026,K9 mpv xl/K9 van xl/K9 xl/xl,MPV/Van,2XL
Opel Combo e tour / life,Opel,Combo e tour / life,2018-2026,std,MPV,2L+
Opel Combo e tour / life,Opel,Combo e tour / life,2018-2026,xl,MPV,2XL
Opel Combo e tour / life,Opel,Combo e tour / life,2021-2026,K9,Van,2L+
Opel Combo tour,Opel,Combo tour,2001-2026,Incl: X01/X12,MPV/Van,2L+
Opel Commodore a,Opel,Commodore a,1967-1972,,Sedan,3L
Opel Commodore a,Opel,Commodore a,1967-1972,,Coupe,3L-0
Opel Commodore b,Opel,Commodore b,1972-1978,,Sedan,3L
Opel Commodore b,Opel,Commodore b,1972-1978,,Coupe,3L-0
Opel Commodore c,Opel,Commodore c,1978-1982,,Sedan,3L
Opel Commodore c caravan,Opel,Commodore c caravan,1980-1982,,Wagon,2XL
Opel Corsa a,Opel,Corsa a,1986-1990,Incl: S83,Hatchback,2M
Opel Corsa a cc,Opel,Corsa a cc,1982-1993,Incl: 3dr facelift/3dr prefl/S83/S83 3dr facelift/S83 3dr prefl/S83 facelift/S83 facelift L3652 W1535 H1365/S83 facelift L3652 W1542 H1365/S83 prefl,Hatchback,2M
Opel Corsa a tr,Opel,Corsa a tr,1982-1993,Incl: S83/S83 facelift/S83 prefl,Sedan,3S
Opel Corsa b,Opel,Corsa b,1993-2002,Incl: S93,Hatchback,2M
Opel Corsa b caravan,Opel,Corsa b caravan,1999-2002,L4026 W1610 H1465/L4026 W1610 H1470,Wagon,2M
Opel Corsa c,Opel,Corsa c,2000-2012,Incl: F08/facelift/prefl,Hatchback/Van,2M
Opel Corsa d,Opel,Corsa d,2006-2014,3dr/5dr/L08/L08 L3999 W1713 H1488/L08 L4040 W1713 H1488/L68/S07,Hatchback/Van,2M
Opel Corsa e,Opel,Corsa e,2014-2026,Incl: 3dr/5dr,Hatchback,2M
Opel Corsa f,Opel,Corsa f,2019-2026,Incl: P2JO,Hatchback,2M
Opel Crossland x /,Opel,Crossland x /,2017-2026,,SUV,YM
Opel Crossland x /,Opel,Crossland x /,2017-2026,P17,SUV,YM
Opel Crossland x van,Opel,Crossland x van,2018-2026,P17,SUV,YM
Opel Diplomat a,Opel,Diplomat a,1964-1969,,Sedan,3XL
Opel Diplomat a,Opel,Diplomat a,1965-1967,,Coupe,3XL-0
Opel Diplomat b,Opel,Diplomat b,1969-1978,,Sedan,3XL
Opel Frontera,Opel,Frontera,1992-2004,L4658 W1787 H1740/L4658 W1814 H1740/L4692 W1764 H1753,SUV,YL
Opel Frontera,Opel,Frontera,1992-1998,facelift/L4192 W1780 H1721/prefl,SUV,YM
Opel Frontera,Opel,Frontera,1995-2004,,SUV,YL
Opel Frontera,Opel,Frontera,1995-1996,,SUV,YM
Opel Frontera,Opel,Frontera,2024-2026,,SUV,YM
Opel Grandland,Opel,Grandland,2017-2026,,SUV,YM
Opel Grandland,Opel,Grandland,2017-2026,A18/L4477 W1906 H1609,SUV,YM
Opel Grandland,Opel,Grandland,2024-2026,L4650 W1905 H1667,SUV,YL
Opel Grandland,Opel,Grandland,2025-2026,,SUV,YL
Opel Gt,Opel,Gt,1968-2011,,Convertible/Coupe,3S-0
Opel Insignia a,Opel,Insignia a,2008-2017,Incl: facelift/G09/G09 facelift/G09 prefl/L4842 W1856 H1498/L4842 W1858 H1498/prefl,Sedan,4S
Opel Insignia a,Opel,Insignia a,2008-2017,Incl: facelift/G09/G09 facelift/G09 prefl/L4842 W1856 H1498/L4842 W1858 H1498/prefl,Hatchback,5L
Opel Insignia a country tourer,Opel,Insignia a country tourer,2008-2017,,Wagon,5L
Opel Insignia a sports tourer,Opel,Insignia a sports tourer,2008-2017,Incl: facelift/G09/G09 facelift/G09 prefl/prefl,Wagon,5L
Opel Insignia b country tourer,Opel,Insignia b country tourer,2017-2026,Incl: Z18,Wagon,5L
Opel Insignia b grand sport,Opel,Insignia b grand sport,2017-2026,,Hatchback,5L
Opel Insignia b sports tourer,Opel,Insignia b sports tourer,2017-2026,Incl: L4986 W1863 H1500/L4986 W1863 H1514,Wagon,5L
Opel Kadett a,Opel,Kadett a,1962-1965,,Sedan,3S
Opel Kadett a,Opel,Kadett a,1963-1965,,Coupe,3S-0
Opel Kadett a caravan,Opel,Kadett a caravan,1963-1965,,Wagon,2M
Opel Kadett b,Opel,Kadett b,1965-1971,,Hatchback,2L+
Opel Kadett b,Opel,Kadett b,1965-1973,Incl: l 2dr/std 2dr,Sedan,3S
Opel Kadett b,Opel,Kadett b,1965-1973,,Coupe,3S-0
Opel Kadett b caravan,Opel,Kadett b caravan,1965-1973,l 3dr,Wagon,2L+
Opel Kadett b caravan,Opel,Kadett b caravan,1965-1973,std 3dr,Wagon,2M
Opel Kadett c,Opel,Kadett c,1973-1979,,Sedan,3S
Opel Kadett c,Opel,Kadett c,1973-1979,,Coupe,3S-0
Opel Kadett c caravan,Opel,Kadett c caravan,1973-1979,,Wagon,2M
Opel Kadett c cc,Opel,Kadett c cc,1973-1979,,Hatchback,2M
Opel Kadett d,Opel,Kadett d,1979-1984,,Hatchback,2M
Opel Kadett d,Opel,Kadett d,1979-1984,,Sedan,3S
Opel Kadett d caravan,Opel,Kadett d caravan,1979-1984,,Wagon,2L+
Opel Kadett e,Opel,Kadett e,1984-1993,,Van,2L+
Opel Kadett e,Opel,Kadett e,1984-1992,,Sedan,3S
Opel Kadett e,Opel,Kadett e,1986-1993,Incl: E/L3998 W1663 H1380/L3998 W1663 H1385,Convertible,3S-0
Opel Kadett e caravan,Opel,Kadett e caravan,1984-1991,,Van/Wagon,2L+
Opel Kadett e cc,Opel,Kadett e cc,1984-1991,Incl: 3dr/3dr L3998 W1663 H1400/3dr L3998 W1666 H1395,Hatchback,2M
Opel Kadett e combo,Opel,Kadett e combo,1986-1994,,Van,2L+
Opel Kapitän,Opel,Kapitän,1955-1958,,Sedan,3L
Opel Kapitän,Opel,Kapitän,1958-1963,P2,Sedan,4S
Opel Kapitän,Opel,Kapitän,1964-1971,,Sedan,3XL
Opel Karl,Opel,Karl,2015-2019,,Hatchback,2M
Opel Manta a,Opel,Manta a,1970-1975,Incl: base/l sr,Coupe,3M-0
Opel Manta b,Opel,Manta b,1975-1988,Incl: facelift/facelift gte/facelift standard/prefl/prefl gte/prefl standard,Sedan,3M
Opel Manta b cc,Opel,Manta b cc,1975-1988,Incl: facelift/facelift gte/facelift standard/prefl,Coupe,3M-0
Opel Manta b cc,Opel,Manta b cc,1977-1988,Incl: facelift/prefl,Hatchback,2L+
Opel Meriva a,Opel,Meriva a,2003-2010,Incl: facelift/prefl,MPV,2M
Opel Meriva b,Opel,Meriva b,2010-2017,,MPV,2L+
Opel Meriva b van,Opel,Meriva b van,2013-2017,,MPV,2L+
Opel Mokka,Opel,Mokka,2012-2026,Incl: facelift/J13/L4150 W1787 H1515/L4151 W1791 H1531/L4151 W1791 H1532/prefl,SUV,YM
Opel Monterey a,Opel,Monterey a,1991-1998,5dr,SUV,YL
Opel Monterey a,Opel,Monterey a,1991-1998,3dr,SUV,YM
Opel Monterey b,Opel,Monterey b,1998-1999,UBS 5dr,SUV,YL
Opel Monterey b,Opel,Monterey b,1998-1999,UBS 3dr,SUV,YM
Opel Monza a,Opel,Monza a,1978-1986,Incl: facelift/prefl,Coupe,3L-0
Opel Movano a,Opel,Movano a,1998-2026,Incl: l1h1/l1h2/X70 l1h1/X70 l1h2,Bus/Van,5L
Opel Movano a,Opel,Movano a,2003-2026,l2h2/l3h2/l3h3/X70 l2h2/X70 l3h2/X70 l3h3,Bus/Van,无可用尺码
Opel Movano b,Opel,Movano b,2010-2015,X62,Bus,5L
Opel Movano b,Opel,Movano b,2010-2021,X62,Bus,无可用尺码
Opel Movano b,Opel,Movano b,2010-2021,Incl: L5548 W2070 H2500/L6198 W2070 H2527/X62 l2h2/X62 l2h3/X62 l3h2/X62 l3h3,Bus/Van,无可用尺码
Opel Movano b,Opel,Movano b,2019-2021,X62 l1h1/X62 l1h2,Van,5L
Opel Movano c,Opel,Movano c,2021-2026,,Van,无可用尺码
Opel Olympia a,Opel,Olympia a,1967-1971,,Hatchback,2L+
Opel Olympia a,Opel,Olympia a,1967-1971,,Coupe,3S-0
Opel Olympia rekord,Opel,Olympia rekord,1953-1963,Incl: P1/P2 2dr/P2 4dr,Sedan,3M
Opel Olympia rekord caravan,Opel,Olympia rekord caravan,1957-1960,P1/P2,Wagon,2L+
Opel Omega a,Opel,Omega a,1986-1994,,Sedan,3L
Opel Omega a,Opel,Omega a,1986-1994,facelift,Sedan,3L
Opel Omega a,Opel,Omega a,1987-1992,,Sedan,4S
Opel Omega a,Opel,Omega a,1988-1994,facelift L4738 W1760 H1445/L4687 W1772 H1447/L4738 W1760 H1445,Sedan,3L
Opel Omega a,Opel,Omega a,1988-1994,facelift L4742 W1772 H1425/prefl,Sedan,4S
Opel Omega a,Opel,Omega a,1989-1994,facelift,Sedan,4S
Opel Omega a caravan,Opel,Omega a caravan,1986-1994,Incl: facelift/prefl/prefl L4730 W1772 H1481/prefl L4730 W1772 H1530/prefl L4742 W1772 H1530,Wagon,2XL
Opel Omega b,Opel,Omega b,1994-2003,facelift/V94/V94 facelift,Sedan,3XL
Opel Omega b,Opel,Omega b,1994-1999,,Sedan,4S
Opel Omega b,Opel,Omega b,1994-2003,prefl/V94 prefl,Sedan,4S
Opel Omega b,Opel,Omega b,1999-2003,,Sedan,3XL
Opel Omega b caravan,Opel,Omega b caravan,1994-1999,,Wagon,2XL
Opel Omega b caravan,Opel,Omega b caravan,1994-2001,prefl/V94 prefl,Wagon,2XL
Opel Omega b caravan,Opel,Omega b caravan,1994-2003,facelift/V94/V94 facelift,Wagon,5L
Opel Omega b caravan,Opel,Omega b caravan,1999-2003,,Wagon,5L
Opel Rekord a,Opel,Rekord a,1963-1965,Incl: A,Sedan,3M
Opel Rekord a,Opel,Rekord a,1963-1965,,Coupe,3M-0
Opel Rekord b,Opel,Rekord b,1965-1967,REKORD-B,Coupe,3L-0
Opel Rekord b,Opel,Rekord b,1965-1966,Incl: B/REKORD-B,Sedan,3M
Opel Rekord b caravan,Opel,Rekord b caravan,1965-1966,REKORD-B,Wagon,2XL
Opel Rekord c,Opel,Rekord c,1966-1971,Incl: REKORD-C,Coupe,3L-0
Opel Rekord c,Opel,Rekord c,1966-1971,Incl: REKORD-C,Sedan,3M
Opel Rekord c caravan,Opel,Rekord c caravan,1966-1971,,Wagon,2XL
Opel Rekord d,Opel,Rekord d,1972-1977,,Sedan,3L
Opel Rekord d,Opel,Rekord d,1972-1977,,Coupe,3L-0
Opel Rekord d caravan,Opel,Rekord d caravan,1972-1977,,Wagon,2XL
Opel Rekord e,Opel,Rekord e,1977-1986,Incl: facelift/prefl,Sedan,3L
Opel Rekord e caravan,Opel,Rekord e caravan,1977-1986,Incl: facelift/prefl,Wagon,2XL
Opel Rekord p1,Opel,Rekord p1,1957-1961,REKORD-P1,Sedan,3M
Opel Rekord p1 caravan,Opel,Rekord p1 caravan,1957-1961,REKORD-P1,Wagon,2L+
Opel Rekord p2,Opel,Rekord p2,1960-1963,REKORD-P2,Sedan,3M
Opel Rekord p2,Opel,Rekord p2,1961-1963,REKORD-P2,Coupe,3M-0
Opel Rekord p2 caravan,Opel,Rekord p2 caravan,1960-1963,REKORD-P2,Wagon,2L+
Opel Rocks-E,Opel,Rocks-E,2021-2026,,Hatchback,无可用尺码
Opel Senator,Opel,Senator,1978-1993,Incl: facelift/L4845 W1743 H1450/L4845 W1763 H1452/prefl,Sedan,4S
Opel Signum cc,Opel,Signum cc,2003-2008,L4651 W1798 H1460/L4651 W1798 H1466/Z03/Z03 facelift/Z03 prefl,Hatchback,2XL
Opel Sintra,Opel,Sintra,1996-1999,,MPV,2XL
Opel Speedster,Opel,Speedster,2000-2006,E01,Convertible,3S-0
Opel Tigra,Opel,Tigra,1994-2010,Incl: X04,Convertible/Coupe,3S-0
Opel Vectra a,Opel,Vectra a,1988-1995,Incl: J89/L4430 W1700 H1400/L4432 W1706 H1400,Sedan,3M
Opel Vectra a cc,Opel,Vectra a cc,1988-1995,Incl: J89,Hatchback,2L+
Opel Vectra b,Opel,Vectra b,1995-2002,Incl: J96/J96 facelift/J96 prefl,Sedan,3M
Opel Vectra b caravan,Opel,Vectra b caravan,1996-2003,Incl: J96/J96 facelift/J96 prefl,Wagon,2L+
Opel Vectra b cc,Opel,Vectra b cc,1995-2003,Incl: F68/J96,Hatchback,2L+
Opel Vectra c,Opel,Vectra c,2002-2009,Incl: F69/Z02/Z02 facelift/Z02 prefl,Sedan,3L
Opel Vectra c caravan,Opel,Vectra c caravan,2003-2005,Z02,Wagon,2XL
Opel Vectra c caravan,Opel,Vectra c caravan,2003-2009,Z02 prefl,Wagon,2XL
Opel Vectra c caravan,Opel,Vectra c caravan,2003-2009,L4839 W1798 H1500/L4870 W1798 H1500/Z02 facelift,Wagon,5L
Opel Vectra c caravan,Opel,Vectra c caravan,2005-2008,Z02,Wagon,5L
Opel Vectra c cc,Opel,Vectra c cc,2002-2009,Incl: F68/Z02/Z02 facelift/Z02 prefl,Hatchback,2XL
Opel Vivaro a,Opel,Vivaro a,2001-2014,swb/swb highroof/swb lowroof/X83/X83 l1h1/X83 l1h2/X83 swb/X83 swb highroof/X83 swb lowroof,Bus/MPV/Van,2XL
Opel Vivaro a,Opel,Vivaro a,2001-2014,lwb/lwb highroof/lwb lowroof/X83 l2h1/X83 l2h2/X83 lwb/X83 lwb highroof/X83 lwb lowroof,Bus/MPV/Van,5XL
Opel Vivaro b,Opel,Vivaro b,2014-2019,X82 l1h1/X82 l1h2,Van,5L
Opel Vivaro b,Opel,Vivaro b,2014-2019,X82 l2h1/X82 l2h2,Van,无可用尺码
Opel Vivaro c,Opel,Vivaro c,2019-2026,K0 s/K0 xs,MPV/Van,2XL
Opel Vivaro c,Opel,Vivaro c,2019-2026,K0/K0 m/K0 m L4956 W1920 H1890/K0 m L4959 W1920 H1895,MPV/Van,5L
Opel Vivaro c,Opel,Vivaro c,2019-2026,K0 l/K0 xl,MPV/Van,无可用尺码
Opel Zafira,Opel,Zafira,1999-2015,Incl: A05/A05 facelift/A05 prefl/T98,MPV/Van,2L+
Opel Zafira,Opel,Zafira,2011-2026,K0 s/K0 xs/P12/P12 facelift/P12 prefl/s,MPV,2XL
Opel Zafira,Opel,Zafira,2019-2026,K0 m/K0 m L4956 W1920 H1890/K0 m L4959 W1920 H1895/m,MPV,5L
Opel Zafira,Opel,Zafira,2019-2026,K0 l/K0 xl/l,MPV,无可用尺码
Pagani Huayra,Pagani,Huayra,2011-2026,,Coupe,3L-0
Pagani Zonda,Pagani,Zonda,1999-2002,,Coupe,3M-0
Pagani Zonda,Pagani,Zonda,2009-2013,,Coupe,3M-0
Pagani Zonda,Pagani,Zonda,2009-2026,,Coupe,3XL-0
Pagani Zonda roadster,Pagani,Zonda roadster,2003-2013,,Convertible,3M-0
Peugeot 1007,Peugeot,1007,2005-2026,,Hatchback/MPV,2M
Peugeot 104,Peugeot,104,1972-1983,A01 5dr facelift/L3616 W1522 H1390/L3616 W1522 H1402/L3616 W1540 H1410,Hatchback,2M
Peugeot 104,Peugeot,104,1972-1979,A01 5dr prefl,Hatchback,2S
Peugeot 104,Peugeot,104,1972-1988,Incl: A01/C01 facelift 1978/C01 facelift 1980/C01 prefl/Z,Coupe/Sedan,无可用尺码
Peugeot 104,Peugeot,104,1976-1988,,Hatchback,2M
Peugeot 104,Peugeot,104,1978-1979,,Hatchback,2S
Peugeot 106 i,Peugeot,106 i,1991-1996,Incl: 1A/1C/3dr L3564 W1590 H1367/3dr L3564 W1590 H1369,Hatchback,2S
Peugeot 106 ii,Peugeot,106 ii,1996-2004,Incl: 3dr/3dr L3678 W1594 H1376/3dr L3680 W1590 H1380/L3678 W1594 H1380/L3678 W1610 H1357,Hatchback,2M
Peugeot 106 van ii,Peugeot,106 van ii,1996-2001,,Van,2M
Peugeot 107,Peugeot,107,2005-2014,PM/PN,Hatchback,2S
Peugeot 108,Peugeot,108,2014-2026,,Hatchback,2S
Peugeot 2008 i,Peugeot,2008 i,2013-2026,,SUV,YM
Peugeot 2008 i van,Peugeot,2008 i van,2018-2026,,SUV,YM
Peugeot 2008 ii,Peugeot,2008 ii,2019-2026,Incl: L4300 W1770 H1550/L4304 W1770 H1550,SUV,YM
Peugeot 204,Peugeot,204,1965-1977,Incl: facelift/prefl,Sedan,3S
Peugeot 204,Peugeot,204,1967-1970,,Convertible/Coupe,3S-0
Peugeot 204,Peugeot,204,1968-1977,Incl: narrow/wide,Wagon,2M
Peugeot 205,Peugeot,205,1983-1997,Incl: facelift/prefl,Hatchback/Van,2M
Peugeot 205 i,Peugeot,205 i,1983-1987,,Hatchback,2M
Peugeot 205 i,Peugeot,205 i,1983-1987,20A/C 3dr L3705 W1562 H1374,Hatchback,2M
Peugeot 205 i,Peugeot,205 i,1983-1987,20A/C 3dr L3705 W1572 H1365,Hatchback,2M
Peugeot 205 i,Peugeot,205 i,1983-1987,20A/C 3dr base,Hatchback,2M
Peugeot 205 i,Peugeot,205 i,1983-1987,20A/C 3dr wide,Hatchback,2M
Peugeot 205 i,Peugeot,205 i,1984-1987,20A/C,Hatchback,2M
Peugeot 205 i,Peugeot,205 i,1986-1987,20A/C 3dr,Hatchback,2M
Peugeot 205 i,Peugeot,205 i,1986-1990,20A/C,Convertible,3S-0
Peugeot 205 i,Peugeot,205 i,1986-1994,Incl: 741B,Convertible,3S-0
Peugeot 205 i,Peugeot,205 i,1987-1994,20A/C facelift,Convertible,3S-0
Peugeot 205 i,Peugeot,205 i,1987-1994,20A/C prefl,Convertible,3S-0
Peugeot 205 ii,Peugeot,205 ii,1987-1998,20A/C,Hatchback,2M
Peugeot 205 ii,Peugeot,205 ii,1987-1998,20A/C 3dr,Hatchback,2M
Peugeot 205 ii,Peugeot,205 ii,1987-1990,20A/C 3dr L3705 W1562 H1374,Hatchback,2M
Peugeot 205 ii,Peugeot,205 ii,1987-1990,20A/C 3dr L3705 W1572 H1374,Hatchback,2M
Peugeot 205 ii,Peugeot,205 ii,1987-1998,20A/C 3dr base,Hatchback,2M
Peugeot 205 ii,Peugeot,205 ii,1987-1998,20A/C 3dr late,Hatchback,2M
Peugeot 205 ii,Peugeot,205 ii,1987-1998,20A/C 3dr wide,Hatchback,2M
Peugeot 205 ii,Peugeot,205 ii,1987-1998,Incl: 3dr L3705 W1560 H1375/3dr L3705 W1572 H1374,Hatchback,2M
Peugeot 206,Peugeot,206,1998-2012,Incl: 3dr/3dr facelift/3dr prefl/facelift,Hatchback,2M
Peugeot 206,Peugeot,206,1999-2008,2A/C,Hatchback,2M
Peugeot 206,Peugeot,206,1999-2009,2A/C facelift,Hatchback,2M
Peugeot 206,Peugeot,206,1999-2009,2A/C prefl,Hatchback,2M
Peugeot 206,Peugeot,206,2007-2026,,Sedan,3S
Peugeot 206 cc,Peugeot,206 cc,2000-2007,,Convertible,3S-0
Peugeot 206 sw,Peugeot,206 sw,2002-2026,,Wagon,2M
Peugeot 206 van,Peugeot,206 van,2001-2009,facelift/prefl,Hatchback,2M
Peugeot 206+,Peugeot,206+,2009-2013,,Hatchback,2M
Peugeot 207,Peugeot,207,2007-2026,facelift/prefl/WC facelift/WC prefl,Hatchback,2M
Peugeot 207,Peugeot,207,2007-2012,,Sedan,3M
Peugeot 207 cc,Peugeot,207 cc,2007-2015,facelift/prefl/WD,Convertible,3S-0
Peugeot 207 sw,Peugeot,207 sw,2007-2013,Incl: facelift L4164 W1748 H1510/facelift L4164 W1748 H1527/prefl/WK,Wagon,2L+
Peugeot 207/207+,Peugeot,207/207+,2006-2015,Incl: 3dr facelift/3dr prefl/A7 3dr facelift/A7 3dr prefl/facelift/prefl/WA/WC,Hatchback,2M
Peugeot 208,Peugeot,208,2013-2019,A9/A9 facelift/A9 prefl,Hatchback,2M
Peugeot 208 i,Peugeot,208 i,2012-2019,A9/A9 L3962 W1739 H1460/A9 L3973 W1739 H1460,Hatchback,2M
Peugeot 208 ii,Peugeot,208 ii,2019-2026,Incl: P21,Hatchback,2M
Peugeot 3008 i,Peugeot,3008 i,2009-2016,Incl: L4365 W1837 H1635/L4365 W1837 H1639/T84,MPV,2L+
Peugeot 3008 ii,Peugeot,3008 ii,2016-2026,Incl: P84,SUV,YM
Peugeot 3008 iii,Peugeot,3008 iii,2023-2026,,SUV,YM
Peugeot 3008 van,Peugeot,3008 van,2009-2016,,MPV,2L+
Peugeot 3008 van,Peugeot,3008 van,2016-2026,,SUV,YM
Peugeot 301,Peugeot,301,2012-2026,Incl: facelift/prefl,Sedan,3M
Peugeot 304,Peugeot,304,1969-1979,Incl: early/late,Sedan,3S
Peugeot 304,Peugeot,304,1970-1980,Incl: early/late,Wagon,2M
Peugeot 304,Peugeot,304,1970-1976,,Convertible/Coupe,3S-0
Peugeot 305 i,Peugeot,305 i,1977-1982,Incl: 581A/581A base/581A wide,Sedan,3M
Peugeot 305 i break,Peugeot,305 i break,1980-1982,581D,Wagon,2L+
Peugeot 305 ii,Peugeot,305 ii,1982-1990,Incl: 581M/581M base/581M L4263 W1630 H1407/581M L4263 W1636 H1396/581M wide,Sedan,3M
Peugeot 305 ii break,Peugeot,305 ii break,1982-1988,Incl: 581E/581E L4283 W1630 H1426/581E L4283 W1636 H1426,Wagon,2L+
Peugeot 306,Peugeot,306,1993-2001,7A/C facelift,Hatchback,2M
Peugeot 306,Peugeot,306,1993-2001,7A/C prefl,Hatchback,2M
Peugeot 306,Peugeot,306,1993-2001,Incl: 3dr/3dr facelift/3dr L3995 W1692 H1367/3dr L3995 W1692 H1380/3dr prefl/facelift 3dr/facelift 5dr/prefl 3dr,Hatchback,2M
Peugeot 306,Peugeot,306,1994-2001,7B/7B facelift/7B prefl,Sedan,3M
Peugeot 306,Peugeot,306,1994-2002,7D/7D facelift/7D prefl,Convertible,3S-0
Peugeot 306,Peugeot,306,1997-2002,7E/7E L4338 W1680 H1415/7E L4338 W1689 H1415,Wagon,2L+
Peugeot 306,Peugeot,306,1998-2002,7A/C,Hatchback,2M
Peugeot 307,Peugeot,307,2000-2007,3A/C,Hatchback,2L+
Peugeot 307,Peugeot,307,2000-2009,3A/C facelift,Hatchback,2L+
Peugeot 307,Peugeot,307,2000-2009,3A/C prefl,Hatchback,2L+
Peugeot 307,Peugeot,307,2002-2009,Incl: 3E/3E facelift/3E prefl,Hatchback/Wagon,2L+
Peugeot 307,Peugeot,307,2003-2009,3B/3B facelift/3B prefl,Convertible,3M-0
Peugeot 308,Peugeot,308,2017-2021,T9,Hatchback,2L+
Peugeot 308 cc,Peugeot,308 cc,2009-2014,Incl: T7,Convertible,3M-0
Peugeot 308 i,Peugeot,308 i,2007-2014,Incl: T7,Hatchback,2L+
Peugeot 308 ii,Peugeot,308 ii,2013-2021,T9/T9 L4253 W1804 H1446/T9 L4253 W1804 H1457,Hatchback,2L+
Peugeot 308 iii,Peugeot,308 iii,2021-2026,,Hatchback,2L+
Peugeot 308 sw i,Peugeot,308 sw i,2007-2014,Incl: T7/T7 L4500 W1815 H1555/T7 L4500 W1815 H1564,Wagon,2L+
Peugeot 308 sw ii,Peugeot,308 sw ii,2014-2021,T9/T9 L4585 W1804 H1457/T9 L4585 W1804 H1461,Wagon,2XL
Peugeot 308 sw iii,Peugeot,308 sw iii,2021-2026,,Wagon,2XL
Peugeot 309 i,Peugeot,309 i,1985-1989,Incl: 10A/10C,Hatchback,2M
Peugeot 309 ii,Peugeot,309 ii,1989-1993,Incl: 3A/3C/3dr/5dr/L4051 W1628 H1380/L4051 W1628 H1392,Hatchback,2M
Peugeot 4007,Peugeot,4007,2007-2013,GP/L4635 W1805 H1670/L4637 W1808 H1715,SUV,YL
Peugeot 4008,Peugeot,4008,2012-2026,,SUV,YM
Peugeot 404,Peugeot,404,1962-1971,,Wagon,2XL
Peugeot 404,Peugeot,404,1963-1971,Incl: post69/pre69,Sedan,3M
Peugeot 404,Peugeot,404,1963-1968,,Convertible,3M-0
Peugeot 405 i,Peugeot,405 i,1987-1992,Incl: 15B,Sedan,3M
Peugeot 405 i break,Peugeot,405 i break,1988-1992,Incl: 15E L4398 W1714 H1445/15E L4398 W1714 H1450/15E L4398 W1716 H1445,Wagon,2L+
Peugeot 405 ii,Peugeot,405 ii,1992-1997,4B/4B L4408 W1694 H1406/4B L4408 W1716 H1390/4B L4408 W1716 H1406,Sedan,3M
Peugeot 405 ii break,Peugeot,405 ii break,1992-1996,4E/15E,Wagon,2L+
Peugeot 406,Peugeot,406,1995-2004,8B/8B facelift/facelift,Sedan,3L
Peugeot 406,Peugeot,406,1995-2004,8B prefl/prefl,Sedan,3M
Peugeot 406,Peugeot,406,1996-2004,8E/F facelift,Wagon,2XL
Peugeot 406,Peugeot,406,1996-2004,8E/F prefl,Wagon,2XL
Peugeot 406,Peugeot,406,1996-2004,,Sedan,3M
Peugeot 406,Peugeot,406,1997-2004,8C,Coupe,3L-0
Peugeot 406,Peugeot,406,2000-2004,,Wagon,2XL
Peugeot 406,Peugeot,406,2000-2004,8E/F,Wagon,2XL
Peugeot 406,Peugeot,406,2000-2004,,Sedan,3L
Peugeot 407,Peugeot,407,2004-2011,Incl: 6E/facelift/prefl,Wagon,2XL
Peugeot 407,Peugeot,407,2004-2011,Incl: 6D/facelift/prefl,Sedan,3L
Peugeot 407,Peugeot,407,2005-2026,,Coupe,4S
Peugeot 408 ii,Peugeot,408 ii,2022-2026,P54,Hatchback,2XL
Peugeot 5008,Peugeot,5008,2009-2017,Incl: L4529 W1837 H1639/L4529 W1888 H1647/T87,MPV,2XL
Peugeot 5008,Peugeot,5008,2016-2026,Incl: L4641 W1844 H1640/L4641 W1844 H1646/P87,SUV,YL
Peugeot 504,Peugeot,504,1968-1986,,Sedan,3M
Peugeot 504,Peugeot,504,1971-1986,,Wagon,2XL
Peugeot 504,Peugeot,504,1971-1984,,Convertible/Coupe,3M-0
Peugeot 505,Peugeot,505,1979-1995,Incl: 551A/551A facelift/551A L4579 W1737 H1430/551A L4579 W1737 H1432/551A prefl/facelift/prefl,Sedan,3L
Peugeot 505,Peugeot,505,1982-1993,Incl: 551D/551D facelift/551D prefl/facelift/prefl,Wagon,5L
Peugeot 508 i,Peugeot,508 i,2010-2018,Incl: facelift/prefl,Sedan,4S
Peugeot 508 ii,Peugeot,508 ii,2018-2026,R8,Fastback,4S
Peugeot 508 ii,Peugeot,508 ii,2023-2026,R8,Hatchback,2XL
Peugeot 508 sw,Peugeot,508 sw,2011-2026,,Wagon,2XL
Peugeot 508 sw i,Peugeot,508 sw i,2010-2018,Incl: facelift/L4813 W1920 H1476/L4823 W1864 H1525/prefl,Wagon,2XL
Peugeot 508 sw ii,Peugeot,508 sw ii,2018-2026,Incl: R8,Wagon,2XL
Peugeot 604,Peugeot,604,1977-1987,,Sedan,3L
Peugeot 605,Peugeot,605,1989-1995,,Sedan,3L
Peugeot 605,Peugeot,605,1989-1999,6B prefl/6B prefl L4723 W1799 H1411/6B prefl L4723 W1799 H1415/6B prefl L4723 W1799 H1417/phase1,Sedan,3L
Peugeot 605,Peugeot,605,1989-1999,6B/6B facelift/6B facelift L4765 W1799 H1411/6B facelift L4765 W1799 H1415/6B facelift L4765 W1799 H1417/phase2,Sedan,4S
Peugeot 605,Peugeot,605,1994-1999,,Sedan,4S
Peugeot 607,Peugeot,607,2000-2011,Incl: Z8/Z8 phase1/Z8 phase2,Sedan,3XL
Peugeot 806,Peugeot,806,1994-2003,221,MPV,2L+
Peugeot 807,Peugeot,807,2002-2026,Incl: E/L4727 W1850 H1752/L4730 W1850 H1750,MPV,2XL
Peugeot Bipper,Peugeot,Bipper,2008-2026,Incl: AA/AJ,MPV/Van,2M
Peugeot Boxer,Peugeot,Boxer,1994-2006,230/230L/230L 270c/230L 270cs/230L 310c/230L 310cs/230L swb h2450/230L swb highroof/230L swb lowroof/230P/230P L4655 W1998 H2130/230P L4665 W1998 H2130/230P swb/230P swb h2130/230P swb h2150/230P swb highroof/230P swb lowroof/230P swbhigh/230P swblow/244/244 swb highroof/244 swb lowroof,Bus/Van,2XL
Peugeot Boxer,Peugeot,Boxer,1994-2026,230L 320m/230L 320mh/230L 350mh/230L mwb h2145/230L mwb h2465/230P mwb/230P mwb h2130/230P mwb h2150/230P mwb L5005 W1998 H2130/230P mwb L5005 W1998 H2150/230P mwbhigh/230P mwblow/250/250 l1h1/250 l1h2/250 L4963 W2050 H2254/l1h1/X250 l1h1/X250 l1h2,Bus/Van,5L
Peugeot Boxer,Peugeot,Boxer,1994-2002,230P mwb highroof,Bus,5XL
Peugeot Boxer,Peugeot,Boxer,1994-2026,Incl: 230L 320lh/230L 350lh/230L lwb h2455/230L lwb h2470/230L lwb highroof/230L lwb superhighroof/244 lwb highroof/244 lwb superhighroof/250 l2h1/250 l2h2/250 l3h2/250 l3h3/250 l4h2/250 l4h3/250 L5998 W2050 H2522/l2h2/l3h3/l4h3/X250 l2h1/X250 l2h2/X250 l3h2/X250 l3h3/X250 l4h2/X250 l4h3,Bus/Van,无可用尺码
Peugeot Boxer,Peugeot,Boxer,1997-2002,230P mwb highroof,Bus,5L
Peugeot Boxer,Peugeot,Boxer,2000-2006,230L mwb highroof/230L mwb lowroof/230L mwb superhighroof/230P mwb lowroof/244 mwb highroof/244 mwb lowroof/244 mwb superhighroof,Bus/Van,5XL
Peugeot Expert,Peugeot,Expert,1996-2006,Incl: 222/224,Bus/Van,2L+
Peugeot Expert,Peugeot,Expert,2007-2026,G9 l1 low/G9 l1 standard/G9 l1h1/G9 l1h1 low/G9 l1h1 standard/K0 compact/K0 xs/l1h1/swb,Bus/MPV/Van,2XL
Peugeot Expert,Peugeot,Expert,2007-2026,,Van,2XL
Peugeot Expert,Peugeot,Expert,2007-2026,G9 l2 low/G9 l2 standard/G9 l2h1/G9 l2h1 low/G9 l2h1 standard/G9 l2h2/l2h1/l2h2/lwb,Bus/MPV/Van,5XL
Peugeot Expert,Peugeot,Expert,2016-2026,K0 m/K0 standard/K0 standard facelift,MPV/Van,5L
Peugeot Expert,Peugeot,Expert,2016-2025,,Van,5L
Peugeot Expert,Peugeot,Expert,2016-2025,K0/K0 long/K0 long facelift/K0 xl,MPV,无可用尺码
Peugeot Expert,Peugeot,Expert,2016-2026,K0 long/K0 long facelift,Van,无可用尺码
Peugeot Expert,Peugeot,Expert,2020-2026,K0,Bus/Van,5L
Peugeot Ion,Peugeot,Ion,2010-2026,,Hatchback,2S
Peugeot J5,Peugeot,J5,1981-1994,280L swb highroof/280L swb lowroof/280P/290L swb highroof/290L swb lowroof L4759 W1965 H2100/290L swb lowroof L4759 W1965 H2108/290P,Bus/Van,2XL
Peugeot J5,Peugeot,J5,1983-1994,280L lwb highroof/280L lwb lowroof/290L lwb highroof/290L lwb lowroof L5489 W1965 H2100/290L lwb lowroof L5489 W1965 H2108,Van,无可用尺码
Peugeot J7,Peugeot,J7,1968-1980,,Bus/Van,2XL
Peugeot J9,Peugeot,J9,1980-1987,,Bus/Van,2XL
Peugeot Partner,Peugeot,Partner,1996-2015,,Van,2M
Peugeot Partner,Peugeot,Partner,1996-2015,M49,Van,2M
Peugeot Partner,Peugeot,Partner,1996-2015,M49/M59,Van,2M
Peugeot Partner,Peugeot,Partner,1996-2015,M59,Van,2M
Peugeot Partner,Peugeot,Partner,2000-2010,M49/M59,MPV,2M
Peugeot Partner,Peugeot,Partner,2004-2026,5F/B9/B9 mpv/B9 mpv outdoor/B9 mpv standard,MPV,2L+
Peugeot Partner,Peugeot,Partner,2005-2015,5/5F,Van,2M
Peugeot Partner,Peugeot,Partner,2008-2026,B9/B9 van/B9 van l1/K9/K9 l1/K9 l1 grip/K9 l1 L4403 W1848 H1840/K9 l1 L4403 W1848 H1860,Van,2L+
Peugeot Partner,Peugeot,Partner,2008-2026,B9 l2/B9 van l2/K9 l2/K9 l2 grip/K9 l2 L4753 W1848 H1849/K9 l2 L4753 W1848 H1860,Van,2XL
Peugeot Partner,Peugeot,Partner,2010-2026,,Van,2L+
Peugeot Partner origin,Peugeot,Partner origin,2008-2015,M59,Van,2M
Peugeot Partner tepee,Peugeot,Partner tepee,2008-2026,Incl: B9/B9 outdoor/B9 standard,MPV,2L+
Peugeot Rcz,Peugeot,Rcz,2010-2015,Incl: T75,Coupe,3M-0
Peugeot Rifter,Peugeot,Rifter,2018-2026,K9/K9 standard,MPV,2L+
Peugeot Rifter,Peugeot,Rifter,2018-2026,K9 long,MPV,2XL
Peugeot Traveller,Peugeot,Traveller,2016-2025,K0 compact/K0 xs,MPV,2XL
Peugeot Traveller,Peugeot,Traveller,2016-2026,K0/K0 m/K0 standard/K0 standard facelift/K0 standard prefl,Bus/MPV,5L
Peugeot Traveller,Peugeot,Traveller,2016-2025,K0 long/K0 long facelift/K0 long prefl/K0 xl,MPV,无可用尺码
Piaggio Ape,Piaggio,Ape,1982-1996,,Van,2S
Piaggio Ape,Piaggio,Ape,2007-2026,Incl: ZAPT2D4MC,Convertible/Van,无可用尺码
Piaggio M500,Piaggio,M500,2004-2026,,Hatchback,无可用尺码
Piaggio Porter,Piaggio,Porter,1993-2026,Incl: L3370 W1395 H1870/L3370 W1400 H1870/L3400 W1395 H1870/SS,Bus/Van,2S
Pininfarina Spidereuropa,Pininfarina,Spidereuropa,1982-1985,DS,Convertible,3S-0
Plymouth Breeze,Plymouth,Breeze,1995-2001,JA,Sedan,4S
Plymouth Neon,Plymouth,Neon,1994-2026,PL/PL2,Sedan,3M
Plymouth Sundance,Plymouth,Sundance,1986-1994,P/P my1990 91/P my1992 94,Hatchback,2L+
Plymouth Voyager / grand,Plymouth,Voyager / grand,1989-1990,S,MPV,5L
Plymouth Voyager / grand,Plymouth,Voyager / grand,1995-2001,NS L4733 W1950 H1740,MPV,2XL
Plymouth Voyager / grand,Plymouth,Voyager / grand,1995-2001,NS L5070 W1950 H1740,MPV,5L
Polaris Slingshot,Polaris,Slingshot,2014-2026,,Convertible,3S-0
Polestar Polestar 1,Polestar,Polestar 1,2018-2026,,Coupe,3L-0
Polestar Polestar 2,Polestar,Polestar 2,2019-2026,,Hatchback,2XL
Polestar Polestar 3,Polestar,Polestar 3,2023-2026,,SUV,YXL
Polestar Polestar 4,Polestar,Polestar 4,2023-2026,,SUV,YL
Polestar Polestar 5,Polestar,Polestar 5,2025-2026,L5087 W2015 H1419/L5087 W2015 H1425,Sedan,3XXL-520
Pontiac Firebird,Pontiac,Firebird,1981-1992,F 83 84/F 87 89/F 1982/F 1985/F 1986/F 1990,Coupe,4S
Pontiac Firebird,Pontiac,Firebird,1987-1992,F 91 92,Coupe,3XL-0
Pontiac Phoenix,Pontiac,Phoenix,1979-1981,X,Hatchback,2XL
Pontiac Phoenix,Pontiac,Phoenix,1979-1981,X,Coupe,3L-0
Pontiac Sunbird,Pontiac,Sunbird,1975-1981,H 76 77/H 79 80/H 1978,Coupe,3M-0
Pontiac Trans sport,Pontiac,Trans sport,1989-1997,Incl: GMT199,MPV,5L
Pontiac Trans sport,Pontiac,Trans sport,1996-1999,GMT200,MPV,2XL
Pontiac Trans sport mini cargo van,Pontiac,Trans sport mini cargo van,1991-1994,GMT199,MPV,5L
Pontiac Trans sport van,Pontiac,Trans sport van,1989-1997,GMT199,MPV,5L
Porsche 356,Porsche,356,1950-1968,356/356A/356B/356C,Coupe,3S-0
Porsche 356 /speedster,Porsche,356 /speedster,1950-1955,356,Convertible,3S-0
Porsche 356 /speedster,Porsche,356 /speedster,1950-1955,356 speedster,Convertible,3S-0
Porsche 356 /speedster,Porsche,356 /speedster,1955-1961,356A cabriolet,Convertible,3S-0
Porsche 356 /speedster,Porsche,356 /speedster,1955-1959,356A convertibled,Convertible,3S-0
Porsche 356 /speedster,Porsche,356 /speedster,1955-1961,356A speedster,Convertible,3S-0
Porsche 356 /speedster,Porsche,356 /speedster,1959-1963,356B cabriolet,Convertible,3S-0
Porsche 356 /speedster,Porsche,356 /speedster,1959-1963,356B roadster,Convertible,3S-0
Porsche 356 /speedster,Porsche,356 /speedster,1963-1965,356C,Convertible,3S-0
Porsche 718 boxster,Porsche,718 boxster,2016-2026,982/982 L4379 W1801 H1280/982 L4379 W1801 H1281,Convertible,3M-0
Porsche 718 boxster spyder,Porsche,718 boxster spyder,2019-2026,982,Convertible,3M-0
Porsche 718 cayman,Porsche,718 cayman,2016-2026,982/982 L4405 W1801 H1276/982 L4456 W1801 H1269,Coupe,3M-0
Porsche 911,Porsche,911,1963-1973,901/911 post aug72/911 postaug72/911 pre aug72/911 preaug72,Coupe/Targa,3S-0
Porsche 911,Porsche,911,1966-1972,911,Targa,3S-0
Porsche 911,Porsche,911,1968-1979,911,Coupe,3S-0
Porsche 911,Porsche,911,1972-1980,911,Targa,3M-0
Porsche 911,Porsche,911,1973-1989,911,Coupe,3M-0
Porsche 911,Porsche,911,1975-2026,911 L4291 W1610 H1320/911 L4291 W1652 H1320/930/991 gt3rs/991 L4491 W1808 H1299/991 L4491 W1808 H1303/991 L4491 W1852 H1294/991 L4491 W1852 H1296/991 L4491 W1852 H1300/991 L4491 W1852 H1304/991 L4499 W1808 H1289/991 L4499 W1808 H1291/991 L4499 W1808 H1294/991 L4499 W1808 H1296/991 L4499 W1852 H1289/991 L4499 W1852 H1291/991 L4499 W1852 H1294/991 L4499 W1852 H1296/991 L4528 W1852 H1291/991 L4528 W1852 H1293/991 L4528 W1852 H1297/991 L4528 W1852 H1299/991 r/991 s/991.2 L4549 W1880 H1297/992 L4519 W1852 H1297/992 L4519 W1852 H1298/992 L4519 W1852 H1299/992 L4519 W1852 H1300/992 L4535 W1900 H1299/992 L4542 W1852 H1293/992 L4542 W1852 H1298/992 L4542 W1852 H1301/992 L4542 W1852 H1302/992 L4542 W1852 H1303/992 L4553 W1852 H1293/992 L4553 W1852 H1294/993 L4245 W1735 H1270/993 L4245 W1735 H1300/993 L4245 W1795 H1285/993 L4245 W1855 H1270/996 L4435 W1770 H1275/996 L4435 W1830 H1305/996 L4450 W1830 H1275/996 L4465 W1830 H1295/997 carreras/997 gts/997 L4427 W1808 H1310/997 L4445 W1808 H1280/997 L4450 W1852 H1300/997 L4460 W1808 H1280/997 L4460 W1852 H1280/997 L4469 W1852 H1285/997.2,Convertible/Coupe,3M-0
Porsche 911,Porsche,911,1975-2005,911 L4291 W1610 H1320/911 L4291 W1652 H1320/911 narrow/911 turbolook/996 L4430 W1770 H1305/997/narrow/wide,Convertible/Targa,3M-0
Porsche 911,Porsche,911,1982-2026,911/964/991 gts/991 L4491 W1808 H1295/991 L4499 W1852 H1288/991 L4499 W1852 H1293/991 L4509 W1852 H1289/991 L4509 W1852 H1298/992 L4553 W1852 H1292/992 L4553 W1852 H1297/997 L4427 W1808 H1300/997 L4435 W1808 H1300/997 L4435 W1808 H1310,Convertible/Targa,3M-0
Porsche 911,Porsche,911,1986-2026,930/991/991 4gts/992/992 L4519 W1852 H1297/992 L4519 W1852 H1299/992 L4542 W1852 H1302/993/996/997/997 L4427 W1852 H1300/997 L4427 W1852 H1310/997 L4435 W1852 H1300/997 L4435 W1852 H1310,Targa,3M-0
Porsche 911,Porsche,911,1988-2026,964/991/991 4gts/991 gts/991 L4491 W1808 H1295/991.2/992 L4553 W1852 H1292/993/996/996 L4430 W1770 H1305/997/997 L4427 W1808 H1300/997 L4427 W1852 H1300/997 L4427 W1852 H1310/997 L4435 W1808 H1300/997 L4435 W1808 H1310/997 L4435 W1852 H1300/997 L4435 W1852 H1310,Coupe,3M-0
Porsche 911,Porsche,911,1994-2026,991/991 4gts/992/993/996/997 L4427 W1852 H1300/997 L4427 W1852 H1310/997 L4435 W1852 H1300/997 L4435 W1852 H1310,Convertible,3M-0
Porsche 911,Porsche,911,2007-2012,997,Convertible,3M-0
Porsche 911,Porsche,911,2017-2025,991.2 L4562 W1852 H1271/992 L4573 W1852 H1279,Coupe,3L-0
Porsche 911,Porsche,911,2018-2020,991.2,Convertible,3L-0
Porsche 911,Porsche,911,2020-2026,992,Coupe,3M-0
Porsche 911,Porsche,911,2022-2025,992,Coupe,3L-0
Porsche 912,Porsche,912,1965-1970,912,Coupe/Targa,3S-0
Porsche 914,Porsche,914,1969-1976,47/914,Targa,3S-0
Porsche 918 spyder,Porsche,918 spyder,2013-2026,918,Convertible,3L-0
Porsche 924,Porsche,924,1975-1989,924/924S/931,Coupe,3S-0
Porsche 924,Porsche,924,1980-1986,937,Coupe,3M-0
Porsche 928,Porsche,928,1977-1995,928,Coupe,3M-0
Porsche 944,Porsche,944,1981-1990,944,Coupe,3S-0
Porsche 944,Porsche,944,1985-1991,951,Convertible/Coupe,3M-0
Porsche 944,Porsche,944,1988-1991,944,Convertible,3M-0
Porsche 944,Porsche,944,1988-1991,944,Coupe,3M-0
Porsche 959,Porsche,959,1986-1991,959,Coupe,3M-0
Porsche 968,Porsche,968,1991-1995,968,Convertible/Coupe,3M-0
Porsche Boxster,Porsche,Boxster,1996-2016,981/981 L4374 W1801 H1270/981 L4374 W1801 H1273/981 L4374 W1801 H1282/986/987,Convertible,3M-0
Porsche Carrera gt,Porsche,Carrera gt,2003-2006,980,Convertible,3L-0
Porsche Cayenne,Porsche,Cayenne,2002-2018,9PA/9PA L4795 W1928 H1696/9PA L4798 W1928 H1699/92A/92A L4846 W1939 H1702/92A L4846 W1939 H1705/92A prefl/955/957/957 L4795 W1928 H1675/957 L4795 W1928 H1696,SUV,YL
Porsche Cayenne,Porsche,Cayenne,2010-2018,958,SUV,YL
Porsche Cayenne,Porsche,Cayenne,2010-2026,Incl: 9Y0/9YA/9YA L4918 W1983 H1696/9YA L4926 W1983 H1673/9YA L4929 W1983 H1676/9YA L4930 W1983 H1678/9YA L4930 W1983 H1685/9YA L4930 W1983 H1696/9YA L4930 W1983 H1697/9YA L4930 W1983 H1698/92A facelift/92A L4855 W1939 H1702/92A L4855 W1939 H1705/92A L4855 W1954 H1688/92A L4855 W1954 H1702,SUV,YXL
Porsche Cayenne,Porsche,Cayenne,2011-2017,958,SUV,YXL
Porsche Cayenne,Porsche,Cayenne,2020-2023,9YB,Coupe,3XL-0
Porsche Cayman,Porsche,Cayman,2005-2016,981C/981C L4380 W1801 H1294/981C L4380 W1801 H1295/987C/987C L4347 W1801 H1304/987C L4347 W1801 H1306,Coupe,3M-0
Porsche Macan,Porsche,Macan,2014-2026,95B/95B L4681 W1923 H1624/95B L4684 W1926 H1624/95B L4696 W1923 H1624/95B L4697 W1923 H1624/95B L4699 W1923 H1624/95B L4726 W1927 H1596/95B L4726 W1927 H1621/XAB,SUV,YL
Porsche Panamera,Porsche,Panamera,2009-2026,970/970 L4970 W1913 H1418/970 L4970 W1931 H1418/970 L5015 W1931 H1408/970 L5015 W1931 H1418/971 L5049 W1937 H1423/971 L5049 W1937 H1427/971 L5049 W1937 H1428/971 L5049 W1937 H1432/971 L5053 W1937 H1417/971 L5053 W1937 H1422/976/976 L5052 W1937 H1415/976 L5052 W1937 H1423/976 L5054 W1937 H1423,Hatchback/Wagon,5L
Porsche Panamera,Porsche,Panamera,2016-2020,971 L5199 W1937 H1428,Hatchback,5XL
Porsche Panamera,Porsche,Panamera,2017-2023,971,Wagon,5L
Porsche Panamera,Porsche,Panamera,2017-2023,971,Hatchback,5XL
Porsche Panamera,Porsche,Panamera,2018-2023,971,Hatchback,5L
Porsche Taycan,Porsche,Taycan,2019-2026,Y1A/Y1A L4963 W1966 H1378/Y1A L4963 W1966 H1379/Y1A L4963 W1966 H1381/Y1A L4968 W1998 H1378,Sedan,3XL
Porsche Taycan,Porsche,Taycan,2020-2026,Y1B/Y1C,Wagon,5L
Proton Gen 2,Proton,Gen 2,2004-2026,CM,Hatchback,2L+
Proton Impian,Proton,Impian,2001-2007,,Sedan,3M
Proton Persona,Proton,Persona,2008-2016,CM,Sedan,3M
Proton Persona 300,Proton,Persona 300,1996-2004,Incl: L3990 W1698 H1365/L3995 W1710 H1365,Hatchback,2M
Proton Persona 400,Proton,Persona 400,1994-2000,,Hatchback,2L+
Proton Persona 400,Proton,Persona 400,1994-2003,Incl: post96/pre96,Sedan,3M
Proton Persona 400,Proton,Persona 400,2000-2001,,Hatchback,2M
Proton Satria,Proton,Satria,2000-2006,,Hatchback,2M
Proton Wira,Proton,Wira,2000-2007,,Hatchback,2L+
Proton Wira,Proton,Wira,2000-2026,,Sedan,3M
Puch G-Modell,Puch,G-Modell,1979-2001,W460/W461,SUV,YM
Puch G-Modell,Puch,G-Modell,1989-2001,W463,SUV,YL
RUF 3800,RUF,3800,2013-2026,981,Coupe,3M-0
RUF 3800 roadster,RUF,3800 roadster,2013-2026,981,Convertible,3M-0
RUF Ctr,RUF,Ctr,2007-2009,,Coupe,3M-0
RUF Ctr,RUF,Ctr,2010-2026,CTR3,Coupe,3M-0
RUF Ctr,RUF,Ctr,2017-2026,,Coupe,3S-0
RUF Rct,RUF,Rct,1994-2016,964,Coupe,3M-0
RUF Rgt mk i,RUF,Rgt mk i,2000-2004,996,Coupe,3M-0
RUF Rgt mk ii,RUF,Rgt mk ii,2005-2011,997,Coupe,3M-0
RUF Rgt mk iii,RUF,Rgt mk iii,2012-2026,991,Coupe,3M-0
RUF Rt 12,RUF,Rt 12,2004-2014,997,Coupe,3M-0
RUF Rt 35,RUF,Rt 35,2012-2026,991,Coupe,3M-0
RUF Rt 35 roadster,RUF,Rt 35 roadster,2012-2026,991,Convertible,3M-0
RUF Rtr,RUF,Rtr,2015-2026,,Coupe,3M-0
RUF Scr,RUF,Scr,2016-2026,,Coupe,3M-0
RUF Scr,RUF,Scr,2018-2026,,Coupe,3S-0
RUF Turbo florio,RUF,Turbo florio,2015-2026,,Targa,3M-0
RUF Turbo r,RUF,Turbo r,1998-2026,993,Coupe,3M-0
RUF Ultimate,RUF,Ultimate,2016-2026,964,Coupe,3M-0
Renault 10,Renault,10,1966-1972,,Sedan,3S
Renault 11,Renault,11,1983-1988,Incl: C37E/facelift/prefl,Hatchback,2M
Renault 12,Renault,12,1969-1980,,Sedan,3M
Renault 12,Renault,12,1970-1980,,Wagon,2L+
Renault 14,Renault,14,1976-1983,Incl: R1210,Hatchback,2M
Renault 15,Renault,15,1972-1980,,Coupe,3M-0
Renault 16,Renault,16,1965-1980,,Hatchback,2L+
Renault 17,Renault,17,1972-1980,,Coupe,3M-0
Renault 18,Renault,18,1978-1986,Incl: 134,Sedan,3M
Renault 18,Renault,18,1979-1986,Incl: 135/135 1982/135 early/135 facelift/135 pre82/135 prefl/L4487 W1682 H1487/L4487 W1696 H1402,Wagon,2L+
Renault 19 i,Renault,19 i,1988-1993,B53/C53,Hatchback,2L+
Renault 19 i,Renault,19 i,1991-1992,L4151 W1684 H1365/L4156 W1684 H1410,Convertible,3S-0
Renault 19 i chamade,Renault,19 i chamade,1988-1992,Incl: L53,Sedan,3M
Renault 19 ii,Renault,19 ii,1992-1995,Incl: 3dr/B53/C53,Hatchback,2L+
Renault 19 ii,Renault,19 ii,1992-1996,D53,Convertible,3S-0
Renault 19 ii chamade,Renault,19 ii chamade,1992-1997,Incl: L53/L53 L4248 W1696 H1412/L53 L4248 W1696 H1417,Sedan,3M
Renault 20,Renault,20,1975-1983,Incl: 127/127 facelift/127 prefl,Hatchback,2XL
Renault 21,Renault,21,1986-1995,K48/K48 L4693 W1726 H1430/K48 L4693 W1726 H1450/K48 phase1/K48 phase2,Wagon,2XL
Renault 21,Renault,21,1986-1994,Incl: B48/B48 facelift/B48 prefl/L48/L48 phase1/L48 phase2,Sedan,3M
Renault 21,Renault,21,1989-1994,B48/L48,Hatchback,2L+
Renault 25,Renault,25,1984-1993,Incl: B29,Hatchback,2XL
Renault 30,Renault,30,1975-1978,127,Hatchback,2XL
Renault 30,Renault,30,1978-1986,127,Hatchback,2L+
Renault 30,Renault,30,1978-1983,127 facelift,Hatchback,2L+
Renault 30,Renault,30,1978-1983,127 prefl,Hatchback,2XL
Renault 4,Renault,4,1962-1990,Incl: 112/210B/239B/2370/R21/R23/R2108,Hatchback/MPV/Van,2M
Renault 4,Renault,4,2025-2026,R4,SUV,YM
Renault 5,Renault,5,1972-1985,122,Hatchback,2S
Renault 5,Renault,5,1980-2026,Incl: R5/R5T3E,Hatchback,2M
Renault 6,Renault,6,1969-1987,post74/pre74,Hatchback,2M
Renault 7,Renault,7,1975-1982,,Sedan,3S
Renault 8,Renault,8,1962-1972,,Sedan,3S
Renault 9,Renault,9,1981-1989,Incl: facelift/L42/L42 facelift/L42 prefl/prefl,Sedan,3S
Renault Arkana i,Renault,Arkana i,2020-2026,,SUV,YM
Renault Austral,Renault,Austral,2022-2026,,SUV,YM
Renault Avantime,Renault,Avantime,2001-2003,,MPV,2XL
Renault Captur i,Renault,Captur i,2013-2019,,Hatchback,2M
Renault Captur i,Renault,Captur i,2016-2019,Incl: J87,SUV,YM
Renault Captur ii,Renault,Captur ii,2020-2026,,Hatchback,2L+
Renault Captur ii,Renault,Captur ii,2020-2026,HJB,SUV,YM
Renault Clio i,Renault,Clio i,1990-1999,Incl: 3dr/3dr phase1/3dr phase2/57/B57/C57/L3709 W1616 H1395/L3716 W1630 H1395,Hatchback,2M
Renault Clio ii,Renault,Clio ii,1998-2026,Incl: BB/BB0U 5dr facelift/BB0U 5dr prefl/BB 5dr facelift/BB 5dr prefl/CB/CB0M/CB0U 3dr facelift/CB0U 3dr prefl/CB1A/CB 3dr facelift/CB 3dr prefl/facelift/post03 3dr/pre03 3dr/prefl/SB/SB3M,Hatchback/Van,2M
Renault Clio iii,Renault,Clio iii,2005-2014,Incl: 3dr facelift/3dr prefl/5dr facelift/5dr prefl/BR0/BR1U 5dr facelift/BR1U 5dr prefl/BR1V/BR17 5dr facelift/BR17 5dr prefl/BR 3dr facelift/BR 3dr prefl/CR0/CR0R 3dr facelift/CR0R 3dr prefl/CR1U 3dr facelift/CR1U 3dr prefl/CR17 3dr facelift/CR17 3dr prefl/CR 5dr facelift/CR 5dr prefl/facelift 3dr/prefl 3dr/SR0J facelift/SR0J prefl/SR0P facelift/SR0P prefl/X85,Hatchback/Van,2M
Renault Clio iii grandtour,Renault,Clio iii grandtour,2007-2014,Incl: facelift/KR/prefl,Wagon,2L+
Renault Clio iv,Renault,Clio iv,2012-2021,Incl: L4062 W1731 H1448/L4062 W1732 H1448/X98/X98 facelift/X98 prefl,Hatchback,2M
Renault Clio iv grandtour,Renault,Clio iv grandtour,2012-2021,Incl: facelift/prefl,Wagon,2L+
Renault Clio v,Renault,Clio v,2019-2026,Incl: facelift/prefl,Hatchback,2M
Renault Clio vi,Renault,Clio vi,2025-2026,,Hatchback,2M
Renault Dauphine,Renault,Dauphine,1956-1967,,Sedan,3S
Renault Dokker,Renault,Dokker,2013-2026,,Van,2L+
Renault Duster,Renault,Duster,2018-2024,L4341 W1804 H1682/L4341 W1804 H1693,SUV,YM
Renault Espace i,Renault,Espace i,1984-1992,Incl: facelift/J11/prefl,MPV,2L+
Renault Espace ii,Renault,Espace ii,1991-1996,J63,MPV,2L+
Renault Espace ii van,Renault,Espace ii van,1992-1996,J63,MPV,2L+
Renault Espace iii,Renault,Espace iii,1996-2002,JE/JE0,MPV,2L+
Renault Espace iv,Renault,Espace iv,2002-2015,J81 phase1/J81 phase2/JK/swb/swb phase2/swb phase3plus,MPV,2XL
Renault Espace iv,Renault,Espace iv,2002-2015,lwb/lwb phase2/lwb phase3plus,MPV,5L
Renault Espace v,Renault,Espace v,2015-2023,Incl: RFC,MPV,5L
Renault Espace vi,Renault,Espace vi,2023-2026,,SUV,YL
Renault Estafette,Renault,Estafette,1962-1981,lwb highroof,Van,2L+
Renault Estafette,Renault,Estafette,1962-1981,highroof/lowroof,Van,2M
Renault Express,Renault,Express,2021-2026,,MPV/Van,2L+
Renault Fluence,Renault,Fluence,2010-2026,L30,Sedan,3L
Renault Fluence,Renault,Fluence,2010-2026,L38,Sedan,3L
Renault Fluence,Renault,Fluence,2012-2026,L38,Sedan,4S
Renault Fuego,Renault,Fuego,1980-1985,Incl: 136,Coupe,3M-0
Renault Grand kangoo iii,Renault,Grand kangoo iii,2024-2026,,MPV,5L
Renault Grand scénic ii,Renault,Grand scénic ii,2004-2009,Incl: facelift/prefl/R84 facelift/R84 prefl,MPV,2L+
Renault Grand scénic iii,Renault,Grand scénic iii,2009-2016,Incl: facelift/phase1/phase2/prefl,MPV,2XL
Renault Grand scénic iv,Renault,Grand scénic iv,2016-2023,,MPV,2XL
Renault Kadjar,Renault,Kadjar,2015-2026,,SUV,YM
Renault Kangoo,Renault,Kangoo,1997-2026,FC/KC/KC facelift/KC mpv L4035 W1672 H1825/KC mpv L4035 W1672 H1835/KC mpv L4035 W1672 H1885/KC prefl/KW/KW0G/L4035 W1672 H1825/L4035 W1672 H1835/L4035 W1672 H1885/mpv facelift/mpv L3995 W1663 H1827/mpv L3995 W1675 H1894/mpv prefl,Hatchback/MPV/Van,2M
Renault Kangoo,Renault,Kangoo,1998-2026,,MPV,2M
Renault Kangoo,Renault,Kangoo,2008-2026,facelift/FW01/FW16 swb/FW17 swb/prefl/swb/van facelift/van prefl/X61/X61 mpv swb/X61 swb facelift h1805/X61 swb facelift h1844/X61 swb prefl h1805/X61 swb prefl h1844/X61 van swb,MPV/Van,2L+
Renault Kangoo,Renault,Kangoo,2008-2026,,Van,2L+
Renault Kangoo,Renault,Kangoo,2009-2026,,MPV,2L+
Renault Kangoo,Renault,Kangoo,2011-2026,FW16 lwb/FW16 lwb highroof/FW17 lwb/FW17 lwb highroof/lwb/X61 lwb 2s facelift h1810/X61 lwb 2s facelift h1836/X61 lwb 2s prefl h1810/X61 lwb 2s prefl h1836/X61 lwb 5s facelift h1802/X61 lwb 5s facelift h1826/X61 lwb 5s prefl h1802/X61 lwb 5s prefl h1826/X61 mpv lwb/X61 van lwb,MPV/Van,2XL
Renault Koleos i,Renault,Koleos i,2008-2026,HY/HY phase1/HY phase3/phase1/phase3,SUV,YM
Renault Koleos ii,Renault,Koleos ii,2016-2026,Incl: HC,SUV,YL
Renault Laguna,Renault,Laguna,2008-2015,Incl: DT,Coupe,3L-0
Renault Laguna i,Renault,Laguna i,1993-2001,Incl: B56/B56 facelift/B56 prefl/L4508 W1752 H1433/L4510 W1750 H1430,Hatchback,2L+
Renault Laguna i grandtour,Renault,Laguna i grandtour,1995-2001,Incl: K56/K56 facelift/K56 prefl,Wagon,2XL
Renault Laguna ii,Renault,Laguna ii,2001-2007,Incl: B74/BG09/facelift/prefl,Hatchback,2XL
Renault Laguna ii grandtour,Renault,Laguna ii grandtour,2001-2007,Incl: K74/KG09,Wagon,2XL
Renault Laguna iii,Renault,Laguna iii,2007-2015,Incl: B91/BT,Hatchback,2XL
Renault Laguna iii grandtour,Renault,Laguna iii grandtour,2007-2015,Incl: K91/KT,Wagon,2XL
Renault Latitude,Renault,Latitude,2010-2026,Incl: L43,Sedan,3XL
Renault Logan,Renault,Logan,2004-2026,L90 facelift/L90 prefl/LS facelift/LS prefl,Sedan,3M
Renault Logan,Renault,Logan,2007-2026,K8/K90/K90 facelift/K90 prefl,Wagon,2L+
Renault Logan/stepway ii,Renault,Logan/stepway ii,2013-2026,Incl: L8,Sedan,3M
Renault Mascott,Renault,Mascott,1999-2004,FH l1/FH l2,Van,无可用尺码
Renault Master i,Renault,Master i,1980-1998,l1h1/l1h2/T__ l1h1/T__ l1h2,Van,2L+
Renault Master i,Renault,Master i,1980-1998,l2h1/l2h2/T__ l2h1/T__ l2h2,Van,5L
Renault Master i,Renault,Master i,1980-1998,l3h2/T__ l3h2,Van,无可用尺码
Renault Master ii,Renault,Master ii,1997-2006,,Van,5L
Renault Master ii,Renault,Master ii,1997-2010,FD0L/FD0P/FD0S/FD0U/JD0T/l1h1/l1h2,Van,5L
Renault Master ii,Renault,Master ii,1997-2010,,Van,无可用尺码
Renault Master ii,Renault,Master ii,1997-2010,FD2E/FD3E/JD1W/l2h2/l2h3/l3h2/l3h3,Van,无可用尺码
Renault Master iii,Renault,Master iii,2010-2026,JV l1h1 facelift/JV l1h1 prefl/X62 l1h1/X62 l1h1 facelift/X62 l1h1 facelift2019/X62 l1h1 pre2019/X62 l1h1 prefl/X62 l1h2/X62 l1h2 facelift/X62 l1h2 facelift2019/X62 l1h2 pre2019/X62 l1h2 prefl,Van,5L
Renault Master iii,Renault,Master iii,2010-2026,Incl: FV0B/JV/JV l2h2 facelift/JV l2h2 prefl/JV l3h2 facelift/JV l3h2 prefl/X62 l2h2/X62 l2h2 facelift/X62 l2h2 facelift2019/X62 l2h2 pre2019/X62 l2h2 prefl/X62 l2h3/X62 l2h3 facelift/X62 l2h3 facelift2019/X62 l2h3 pre2019/X62 l2h3 prefl/X62 l3h2/X62 l3h2 drw/X62 l3h2 drw prefl/X62 l3h2 facelift/X62 l3h2 facelift2019/X62 l3h2 facelift L6225 W2070 H2488/X62 l3h2 facelift L6225 W2070 H2549/X62 l3h2 pre2019/X62 l3h2 prefl/X62 l3h2 srw/X62 l3h2 srw facelift/X62 l3h2 srw prefl/X62 l3h3/X62 l3h3 drw/X62 l3h3 drw prefl/X62 l3h3 facelift/X62 l3h3 facelift2019/X62 l3h3 facelift L6225 W2070 H2744/X62 l3h3 facelift L6225 W2070 H2815/X62 l3h3 pre2019/X62 l3h3 prefl/X62 l3h3 srw/X62 l3h3 srw facelift/X62 l3h3 srw prefl/X62 l4h2 drw/X62 l4h2 drw prefl/X62 l4h2 facelift/X62 l4h2 srw/X62 l4h2 srw facelift/X62 l4h2 srw prefl/X62 l4h3 drw/X62 l4h3 drw prefl/X62 l4h3 facelift/X62 l4h3 srw/X62 l4h3 srw facelift/X62 l4h3 srw prefl,Bus/Van,无可用尺码
Renault Master iv,Renault,Master iv,2024-2026,XDD/XDD l2h2/XDD l3h2/XDD l3h3,Bus/Van,无可用尺码
Renault Master pro,Renault,Master pro,2004-2010,FH__ wb3630/FH__ wb4130,Van,无可用尺码
Renault Megane cc,Renault,Megane cc,2010-2015,Incl: E95/EZ/EZ0,Convertible,3M-0
Renault Megane e-Tech,Renault,Megane e-Tech,2021-2026,,SUV,YM
Renault Megane i,Renault,Megane i,1996-2003,BA/BA0 facelift/BA facelift,Hatchback,2L+
Renault Megane i,Renault,Megane i,1996-1999,BA0,Hatchback,2M
Renault Megane i,Renault,Megane i,1996-2003,BA0 prefl/BA prefl,Hatchback,2M
Renault Megane i,Renault,Megane i,1996-2003,EA/EA0 facelift/EA0 prefl/EA facelift,Convertible,3S-0
Renault Megane i,Renault,Megane i,2001-2003,BA0,Hatchback,2L+
Renault Megane i classic,Renault,Megane i classic,1996-2003,LA/LA0/LA0 facelift/LA0 prefl/LA facelift/LA prefl,Sedan,3M
Renault Megane i coach,Renault,Megane i coach,1996-2003,DA/DA0 facelift/DA0 prefl/DA facelift,Coupe,3S-0
Renault Megane i grandtour,Renault,Megane i grandtour,1999-2003,Incl: KA,Wagon,2L+
Renault Megane i hatchback van,Renault,Megane i hatchback van,2000-2003,BA0,Van,2L+
Renault Megane i kombi van,Renault,Megane i kombi van,2000-2003,,Van,2L+
Renault Megane ii,Renault,Megane ii,2002-2009,Incl: 3dr/5dr/BM/CM/KM,Hatchback/Wagon,2L+
Renault Megane ii,Renault,Megane ii,2003-2026,Incl: LM,Sedan,3M
Renault Megane ii coupé-,Renault,Megane ii coupé-,2003-2009,,Convertible,3M-0
Renault Megane ii grandtour,Renault,Megane ii grandtour,2003-2009,Incl: KM,Wagon,2L+
Renault Megane ii hatchback van,Renault,Megane ii hatchback van,2003-2008,Incl: 2/B84/KM0,Hatchback/Van,2L+
Renault Megane iii,Renault,Megane iii,2008-2017,Incl: B95/B95 facelift/B95 prefl/BZ0/facelift/prefl/prefl L4295 W1808 H1471/prefl L4295 W1808 H1491,Hatchback,2L+
Renault Megane iii,Renault,Megane iii,2008-2016,Incl: facelift/facelift1/facelift2/prefl/prefl L4299 W1804 H1423/prefl L4299 W1804 H1435,Coupe,3M-0
Renault Megane iii combi van,Renault,Megane iii combi van,2009-2015,,Wagon,2XL
Renault Megane iii grandtour,Renault,Megane iii grandtour,2008-2016,Incl: facelift/K95/KZ0/phase3/phase12/phase i ii/phase iii/prefl,Wagon,2XL
Renault Megane iii hatchback van,Renault,Megane iii hatchback van,2009-2015,B95 facelift/B95 prefl,Van,2L+
Renault Megane iv,Renault,Megane iv,2015-2026,Incl: BFB/L4359 W1814 H1447/L4372 W1874 H1435,Hatchback,2L+
Renault Megane iv,Renault,Megane iv,2016-2026,,Sedan,3L
Renault Megane iv grandtour,Renault,Megane iv grandtour,2016-2026,Incl: KFB/L4625 W1871 H1458/L4626 W1814 H1457,Wagon,2XL
Renault Megane scénic,Renault,Megane scénic,1996-1999,Incl: JA0,MPV,2M
Renault Megane scénic van,Renault,Megane scénic van,1997-1999,,MPV,2M
Renault Modus / grand,Renault,Modus / grand,2004-2007,J77,Hatchback,2M
Renault Modus / grand,Renault,Modus / grand,2004-2013,grand,Hatchback,2M
Renault Modus / grand,Renault,Modus / grand,2004-2013,modus facelift,Hatchback,2M
Renault Modus / grand,Renault,Modus / grand,2004-2013,modus prefl,Hatchback,2M
Renault Modus / grand,Renault,Modus / grand,2004-2007,,MPV,2M
Renault Modus / grand,Renault,Modus / grand,2004-2013,facelift,MPV,2M
Renault Modus / grand,Renault,Modus / grand,2004-2013,grand,MPV,2M
Renault Modus / grand,Renault,Modus / grand,2004-2013,prefl,MPV,2M
Renault Modus / grand,Renault,Modus / grand,2005-2013,modus facelift,MPV,2M
Renault Modus / grand,Renault,Modus / grand,2005-2013,modus prefl,MPV,2M
Renault Modus / grand,Renault,Modus / grand,2008-2013,lwb,MPV,2M
Renault Modus / grand,Renault,Modus / grand,2008-2013,swb,MPV,2M
Renault Modus / grand,Renault,Modus / grand,2010-2013,J77,MPV,2M
Renault Modus / grand,Renault,Modus / grand,2010-2013,R77,MPV,2M
Renault Rafale,Renault,Rafale,2023-2026,,SUV,YL
Renault Rapid,Renault,Rapid,1985-1998,Incl: 1989update/F40/F40 facelift/F40 prefl/F402/facelift/G40/pre89,Van,2M
Renault Rodeo 4,Renault,Rodeo 4,1971-1981,facelift,Convertible,3S-0
Renault Rodeo 4,Renault,Rodeo 4,1971-1981,prefl,Convertible,无可用尺码
Renault Rodeo 5,Renault,Rodeo 5,1981-1987,,Convertible,无可用尺码
Renault Rodeo 6,Renault,Rodeo 6,1970-1973,,Convertible,无可用尺码
Renault Rodeo 6,Renault,Rodeo 6,1973-1981,facelift/prefl,Convertible,3S-0
Renault Safrane i,Renault,Safrane i,1992-1996,Incl: B54/B545,Hatchback,2XL
Renault Safrane ii,Renault,Safrane ii,1996-2000,Incl: B54F/B54G/B54L,Hatchback,2XL
Renault Sandero/stepway i,Renault,Sandero/stepway i,2009-2013,BS,Hatchback,2M
Renault Sandero/stepway i,Renault,Sandero/stepway i,2009-2012,BS,SUV,无可用尺码
Renault Sandero/stepway ii,Renault,Sandero/stepway ii,2017-2026,sandero/stepway,Hatchback,2M
Renault Scenic e-Tech phase i,Renault,Scenic e-Tech phase i,2023-2026,,SUV,YM
Renault Scénic i,Renault,Scénic i,1999-2003,Incl: 1/JA0/L4169 W1719 H1600/L4170 W1700 H1680/L4424 W1775 H1720,MPV,2L+
Renault Scénic i van,Renault,Scénic i van,1999-2001,,MPV,2L+
Renault Scénic ii,Renault,Scénic ii,2003-2009,Incl: facelift/facelift L4263 W1805 H1620/facelift L4264 W1810 H1620/JM/JM facelift/JM prefl/prefl,MPV,2L+
Renault Scénic iii,Renault,Scénic iii,2009-2016,Incl: facelift/phase1/phase2/prefl,MPV,2L+
Renault Scénic iii van,Renault,Scénic iii van,2009-2016,Incl: facelift/prefl,MPV,2L+
Renault Scénic iv,Renault,Scénic iv,2016-2022,,MPV,2L+
Renault Sport spider,Renault,Sport spider,1995-1996,,Convertible,3S-0
Renault Super 5,Renault,Super 5,1984-1996,5dr/B40/B404,Hatchback,2M
Renault Super 5,Renault,Super 5,1984-1996,Incl: 3dr/C40/C404/phase1/phase2,Hatchback,2S
Renault Symbioz,Renault,Symbioz,2024-2026,,SUV,YM
Renault Symbol/logan iii,Renault,Symbol/logan iii,2013-2026,Incl: L52,Sedan,3M
Renault Talisman,Renault,Talisman,2015-2022,Incl: L2M,Sedan,4S
Renault Talisman,Renault,Talisman,2016-2022,Incl: KFD,Wagon,5L
Renault Thalia i,Renault,Thalia i,1998-2009,Incl: facelift/LB/prefl,Sedan,3S
Renault Thalia ii,Renault,Thalia ii,2008-2014,L35,Sedan,3M
Renault Trafic,Renault,Trafic,1980-1986,,Bus,2L+
Renault Trafic,Renault,Trafic,1980-1989,L4337 W1905 H2037/pre86/T4 l1h1/T4 l1h2/T5,Bus/Van,2L+
Renault Trafic,Renault,Trafic,1980-1989,,Van,2L+
Renault Trafic,Renault,Trafic,1980-2001,L4542 W1905 H2037/L4737 W1905 H2425/post86/TXW/TXX l1h1/TXX l1h2/TXX l2h2,Bus/Van,2XL
Renault Trafic,Renault,Trafic,1985-1989,,Van,2XL
Renault Trafic,Renault,Trafic,1989-2001,Incl: TXW,Bus/MPV,2XL
Renault Trafic ii,Renault,Trafic ii,2001-2026,FL l1h1/FL l1h2/JL l1h1/l1h1/l1h2/swb/X83 swb,Bus/MPV/Van,2XL
Renault Trafic ii,Renault,Trafic ii,2001-2026,FL l2h1/FL l2h2/JL l2h1/l2h1/l2h2/lwb/lwb highroof/X83 lwb,Bus/MPV/Van,5XL
Renault Trafic iii,Renault,Trafic iii,2014-2026,X82 l1h1/X82 l1h2,MPV/Van,5L
Renault Trafic iii,Renault,Trafic iii,2014-2026,X82 l2h1/X82 l2h2,MPV/Van,无可用尺码
Renault Twingo,Renault,Twingo,1993-2019,Incl: CN0 prefl/prefl/S06,Hatchback,2S
Renault Twingo,Renault,Twingo,2007-2014,CN0 facelift/facelift,Hatchback,2M
Renault Twingo,Renault,Twingo,2008-2014,CN0,Hatchback,2S
Renault Twingo,Renault,Twingo,2011-2013,CN0,Hatchback,2M
Renault Twingo,Renault,Twingo,2018-2019,X07,Hatchback,2S
Renault Twingo,Renault,Twingo,2019-2024,X07,Hatchback,2M
Renault Twingo,Renault,Twingo,2026,,Hatchback,2M
Renault Twizy,Renault,Twizy,2012-2026,Incl: MAM,Hatchback/Quadricycle,无可用尺码
Renault Vel satis,Renault,Vel satis,2002-2009,Incl: X73,Hatchback,5L
Renault Wind,Renault,Wind,2010-2013,E33,Convertible,3S-0
Renault Zoe,Renault,Zoe,2012-2026,Incl: L4084 W1730 H1562/L4087 W1787 H1562/X10,Hatchback,2M
Renault Trucks B,Renault Trucks,B,1983-1992,Incl: FN40C1,Van,无可用尺码
Renault Trucks Mascott,Renault Trucks,Mascott,1999-2010,A02300015/lwb/swb/wb3630/wb4130,Van,无可用尺码
Renault Trucks Messenger,Renault Trucks,Messenger,1990-1999,4X4F06/FN40A5/FN40B5/FN60/FN60F5/FN60F7,Van,无可用尺码
Renault Trucks Messenger,Renault Trucks,Messenger,1994-1999,,Sattelschlepper,数据不全
Reva I,Reva,I,2007-2026,,Hatchback,无可用尺码
Riley 4/72,Riley,4/72,1961-1968,,Sedan,3M
Riley Elf,Riley,Elf,1963-1968,,Sedan,无可用尺码
Riley Kestrel,Riley,Kestrel,1965-1969,,Sedan,3S
Rimac Nevera,Rimac,Nevera,2022-2026,,Coupe,4S
Rivian Edv series,Rivian,Edv series,2023-2026,RCV,Van,无可用尺码
Rolls-royce Camargue,Rolls-royce,Camargue,1974-1987,,Coupe,3XXL-520-0
Rolls-royce Corniche,Rolls-royce,Corniche,1970-1974,,Sedan,3XXL-520
Rolls-royce Corniche,Rolls-royce,Corniche,1971-1986,,Convertible/Coupe,3XXL-520-0
Rolls-royce Corniche ii,Rolls-royce,Corniche ii,1985-1989,,Convertible,3XXL-520-0
Rolls-royce Corniche iv,Rolls-royce,Corniche iv,1993-2000,,Convertible,3XXL-520-0
Rolls-royce Corniche v,Rolls-royce,Corniche v,2000-2002,,Convertible,3XXL-550-0
Rolls-royce Cullinan,Rolls-royce,Cullinan,2018-2026,,SUV,YXXL-545
Rolls-royce Dawn,Rolls-royce,Dawn,2016-2026,,Convertible,3XXL-550-0
Rolls-royce Ghost i,Rolls-royce,Ghost i,2009-2020,,Sedan,3XXL-550
Rolls-royce Ghost ii,Rolls-royce,Ghost ii,2020-2026,,Sedan,4XL
Rolls-royce Ghost ii extended wheelbase,Rolls-royce,Ghost ii extended wheelbase,2020-2026,,Sedan,4XXL
Rolls-royce Park ward,Rolls-royce,Park ward,2000-2002,,Sedan,4XL
Rolls-royce Phantom vii,Rolls-royce,Phantom vii,2003-2017,facelift/prefl,Sedan,4XXL
Rolls-royce Phantom vii,Rolls-royce,Phantom vii,2008-2017,facelift/prefl,Coupe,4XL
Rolls-royce Phantom vii drophead coupe,Rolls-royce,Phantom vii drophead coupe,2007-2017,facelift/prefl,Convertible,4XL
Rolls-royce Phantom viii,Rolls-royce,Phantom viii,2017-2026,lwb/swb,Sedan,4XXL
Rolls-royce Silver dawn,Rolls-royce,Silver dawn,1994-1997,SZ,Sedan,3XXL-550
Rolls-royce Silver seraph,Rolls-royce,Silver seraph,1998-2002,,Sedan,3XXL-550
Rolls-royce Silver shadow,Rolls-royce,Silver shadow,1977-1980,,Sedan,3XXL-520
Rolls-royce Silver spirit,Rolls-royce,Silver spirit,1990-1996,SZ,Sedan,3XXL-550
Rolls-royce Silver spirit mk i,Rolls-royce,Silver spirit mk i,1980-1986,SZ,Sedan,3XXL-550
Rolls-royce Silver spirit mk ii,Rolls-royce,Silver spirit mk ii,1989-1997,,Sedan,3XXL-550
Rolls-royce Silver spur,Rolls-royce,Silver spur,1989-1998,SZ,Sedan,3XXL-550
Rolls-royce Silver wraith ii,Rolls-royce,Silver wraith ii,1976-1980,,Sedan,3XXL-550
Rolls-royce Spectre,Rolls-royce,Spectre,2023-2026,,Coupe,3XXL-550-0
Rolls-royce Wraith,Rolls-royce,Wraith,2013-2026,Incl: RR5,Coupe,3XXL-550-0
Rover 100,Rover,100,1990-1998,XP,Hatchback,2S
Rover 100,Rover,100,1994-1998,XP,Convertible,无可用尺码
Rover 200,Rover,200,1992-1999,XW,Coupe,3M-0
Rover 200 i,Rover,200 i,1984-1989,SD3 facelift/SD3 prefl,Sedan,3S
Rover 200 ii,Rover,200 ii,1989-1995,R8/XW,Hatchback,2L+
Rover 200 ii,Rover,200 ii,1990-1999,XW,Convertible,3S-0
Rover 200 ii,Rover,200 ii,1995-2000,RF,Hatchback,2M
Rover 2000-3500,Rover,2000-3500,1968-1976,P6,Sedan,3L
Rover 2000-3500,Rover,2000-3500,1976-1986,SD1/SD1 facelift/SD1 L4698 W1768 H1354/SD1 L4698 W1768 H1384/SD1 prefl/SD1 series1/SD1 series2,Hatchback,2XL
Rover 25,Rover,25,1999-2005,RF,Hatchback,2M
Rover 400,Rover,400,1990-2000,RT/RT L4491 W1695 H1385/RT L4491 W1695 H1390/XW,Sedan,3M
Rover 400,Rover,400,1993-2000,Incl: HH-R/HHR/RT/XW,Hatchback/Wagon,2L+
Rover 45 i,Rover,45 i,2000-2005,RT,Hatchback,2L+
Rover 45 i,Rover,45 i,2000-2005,RT,Sedan,3M
Rover 600,Rover,600,1993-1999,RH,Sedan,3L
Rover 75,Rover,75,1999-2005,R40/R40 facelift/R40 prefl,Sedan,4S
Rover 75,Rover,75,2001-2005,R40 facelift/R40 prefl,Wagon,2XL
Rover 800,Rover,800,1986-1999,Incl: XX,Fastback/Sedan,3L
Rover 800,Rover,800,1986-1999,R17/RS/XS,Sedan,3XL
Rover 800,Rover,800,1988-1999,XX,Hatchback,2XL
Rover 800,Rover,800,1991-1999,R17/RS,Hatchback,5L
Rover 800,Rover,800,1992-1999,R17/RS,Coupe,3XL-0
Rover A60 cambridge,Rover,A60 cambridge,1962-1969,A60,Sedan,3M
Rover Cityrover,Rover,Cityrover,2003-2005,,Hatchback,2M
Rover Coupe,Rover,Coupe,1996-1999,XW,Coupe,3M-0
Rover Maestro,Rover,Maestro,1990-1992,,Hatchback,2M
Rover Mini,Rover,Mini,1990-2000,Incl: L3100 W1440 H1351,Hatchback,2S
Rover Mini,Rover,Mini,1991-2000,ADO20/L3054 W1440 H1340,Hatchback,无可用尺码
Rover Mini,Rover,Mini,1992-1995,,Convertible,无可用尺码
Rover Mini-Moke,Rover,Mini-Moke,1986-1993,,Convertible,无可用尺码
Rover Montego,Rover,Montego,1984-1993,Incl: LM11,Wagon,2L+
Rover Montego,Rover,Montego,1988-1995,,Sedan,3M
Rover Streetwise,Rover,Streetwise,2003-2005,L3980 W1736 H1496/L3980 W1740 H1500,Hatchback,2M
SWM Motors G01,SWM Motors,G01,2023-2026,,SUV,YM
SWM Motors G03f,SWM Motors,G03f,2025-2026,,SUV,YM
SWM Motors G05,SWM Motors,G05,2024-2026,,SUV,YL
Saab 600,Saab,600,1980-1986,831,Hatchback,2M
Saab 9-3,Saab,9-3,1998-2015,Incl: L4670 W1762 H1496/L4691 W1762 H1492/YS3D/YS3F/YS3F facelift/YS3F facelift L4670 W1762 H1496/YS3F facelift L4670 W1762 H1498/YS3F griffin/YS3F prefl/YS3F prefl L4654 W1762 H1490/YS3F prefl L4654 W1762 H1492/YS3F prefl L4654 W1782 H1507,Hatchback/Wagon,2XL
Saab 9-3,Saab,9-3,1998-2015,facelift/L4647 W1780 H1437/L4668 W1762 H1437/prefl/YS3D/YS3D L4629 W1711 H1423/YS3D L4629 W1711 H1440/YS3F/YS3F facelift/YS3F facelift L4647 W1762 H1437/YS3F facelift L4647 W1780 H1437/YS3F griffin/YS3F prefl,Convertible,3L-0
Saab 9-3,Saab,9-3,2002-2015,Incl: L4647 W1762 H1450/L4668 W1762 H1486/YS3F/YS3F facelift/YS3F facelift L4647 W1762 H1450/YS3F facelift L4647 W1762 H1466/YS3F griffin/YS3F L4647 W1762 H1450/YS3F L4668 W1762 H1486/YS3F prefl,Sedan,3L
Saab 9-3x,Saab,9-3x,2009-2015,YS3F/YS3F L4690 W1802 H1574/YS3F L4690 W1802 H1575,Wagon,2XL
Saab 9-5,Saab,9-5,1997-2009,Incl: facelift01/facelift05/prefl/YS3E/YS3E facelift01/YS3E facelift05/YS3E facelift2001/YS3E facelift2005/YS3E prefl,Sedan,4S
Saab 9-5,Saab,9-5,1998-2005,YS3E,Wagon,2XL
Saab 9-5,Saab,9-5,1998-2009,facelift01/YS3E facelift01/YS3E prefl,Wagon,2XL
Saab 9-5,Saab,9-5,1998-2009,facelift05/YS3E facelift05,Wagon,5L
Saab 9-5,Saab,9-5,1999-2001,,Wagon,2XL
Saab 9-5,Saab,9-5,2005-2009,YS3E,Wagon,5L
Saab 9-5,Saab,9-5,2006-2009,,Wagon,5L
Saab 9-5,Saab,9-5,2010-2012,YS3G,Sedan,3XL
Saab 9-7x,Saab,9-7x,2004-2012,,SUV,YXL
Saab 90,Saab,90,1984-1987,,Sedan,3L
Saab 900 i,Saab,900 i,1979-1993,Incl: facelift/post83/post83 prefl/pre83/prefl,Sedan,3L
Saab 900 i,Saab,900 i,1986-1994,Incl: 900,Convertible,3L-0
Saab 900 i combi coupe,Saab,900 i combi coupe,1978-1994,Incl: 3dr/3dr early/3dr facelift/3dr late/3dr prefl/5dr/5dr prefl/900/facelift/prefl,Hatchback,2XL
Saab 900 ii,Saab,900 ii,1993-1998,Incl: YS3D,Hatchback,2XL
Saab 900 ii,Saab,900 ii,1993-1998,,Convertible,3L-0
Saab 9000,Saab,9000,1984-1998,CC/CC cc early/CC cc facelift/CS/CS L4761 W1778 H1420/CS L4761 W1806 H1405,Hatchback,2XL
Saab 9000,Saab,9000,1985-1998,Incl: CD,Sedan,4S
Saab 95 station wagon,Saab,95 station wagon,1960-1968,,Wagon,2M
Saab 95 station wagon,Saab,95 station wagon,1965-1975,early/late/mid,Wagon,2L+
Saab 95 station wagon,Saab,95 station wagon,1976-1978,,Wagon,2L+
Saab 96,Saab,96,1965-1975,early/late/mid,Sedan,3S
Saab 96,Saab,96,1975-1980,,Sedan,3M
Saab 99,Saab,99,1972-1984,Incl: 2dr early/2dr late,Sedan,3M
Saab 99,Saab,99,1976-1980,,Hatchback,2XL
Santana 300,Santana,300,2006-2011,,Convertible,3S-0
Santana 300/350,Santana,300/350,1998-2026,300/300 3dr/350/350 5dr,SUV,无可用尺码
Santana Ps10/anibal,Santana,Ps10/anibal,2002-2026,,SUV,YL
Seat 124,Seat,124,1968-1980,,Sedan,3S
Seat 127,Seat,127,1972-1982,mk2 3dr,Hatchback,2M
Seat 127,Seat,127,1972-1982,mk1 2dr,Hatchback,2S
Seat 128,Seat,128,1976-1980,,Sedan,3S
Seat 132,Seat,132,1973-1982,Incl: series1/series2,Sedan,3M
Seat 133,Seat,133,1974-1979,,Sedan,无可用尺码
Seat 600,Seat,600,1963-1970,,Sedan,无可用尺码
Seat 850,Seat,850,1966-1974,,Sedan,无可用尺码
Seat 850,Seat,850,1970-1975,4dr,Sedan,3S
Seat 850,Seat,850,1970-1975,2dr,Sedan,无可用尺码
Seat 850,Seat,850,1972-1975,,Sedan,3S
Seat Alhambra,Seat,Alhambra,1996-2010,Incl: 7M/7M facelift/7M prefl,MPV,2XL
Seat Alhambra,Seat,Alhambra,2010-2022,7N,MPV,5L
Seat Altea,Seat,Altea,2004-2015,5P/5P1/5P1 facelift/5P1 prefl/5P5/5P facelift/5P L4280 W1768 H1568/5P L4282 W1768 H1576/5P L4325 W1768 H1568/5P L4493 W1788 H1622/5P prefl,MPV,2L+
Seat Arona,Seat,Arona,2017-2026,KJ7,SUV,YM
Seat Arosa,Seat,Arosa,1997-2004,6H/6H facelift/6H prefl,Hatchback,2S
Seat Ateca,Seat,Ateca,2016-2026,KH7/KH7 facelift/KH7 prefl,SUV,YM
Seat Cordoba,Seat,Cordoba,1993-2002,6K/6K2/6K facelift/6K prefl L4142 W1640 H1409/6K prefl L4142 W1640 H1424,Sedan,3S
Seat Cordoba,Seat,Cordoba,1996-2002,6K/6K5/6K5 facelift/6K5 prefl/6K facelift/6K prefl,Wagon,2L+
Seat Cordoba,Seat,Cordoba,2002-2009,6L/6L2,Sedan,3M
Seat Exeo,Seat,Exeo,2008-2013,Incl: 3R2,Sedan,3L
Seat Exeo,Seat,Exeo,2009-2013,3R5/3R5 facelift/3R5 prefl,Wagon,2XL
Seat Fura,Seat,Fura,1982-1986,025A/025A L3711 W1536 H1360/025A L3718 W1552 H1383,Hatchback,2M
Seat Ibiza i,Seat,Ibiza i,1984-1993,Incl: 021A,Hatchback,2M
Seat Ibiza ii,Seat,Ibiza ii,1993-2002,6K/6K1/6K1 3dr/6K1 3dr 6k1/6K2/6K early/6K facelift96/6K facelift99,Hatchback,2M
Seat Ibiza iii,Seat,Ibiza iii,2002-2009,6L/6L1,Hatchback,2M
Seat Ibiza iv,Seat,Ibiza iv,2008-2015,6J5,Hatchback,2M
Seat Ibiza iv,Seat,Ibiza iv,2008-2015,6P1,Hatchback,2M
Seat Ibiza iv,Seat,Ibiza iv,2008-2015,6J1/6J1 3dr facelift/6J1 3dr prefl/6J5 5dr facelift/6J5 5dr prefl/6J5 facelift/6J5 prefl/6J5 prefl L4052 W1693 H1445/6J5 prefl L4088 W1693 H1441/6P1 facelift L4061 W1693 H1445/6P1 facelift L4082 W1693 H1441/6P5,Hatchback/Van,2M
Seat Ibiza iv,Seat,Ibiza iv,2010-2017,6J5/6P1,Hatchback,2M
Seat Ibiza iv sc,Seat,Ibiza iv sc,2008-2015,6J1,Hatchback,2M
Seat Ibiza iv sc,Seat,Ibiza iv sc,2008-2015,Incl: 6J/6J1 facelift/6J1 prefl/6J1 prefl L4034 W1693 H1428/6J1 prefl L4063 W1693 H1420/6J1 prefl L4072 W1693 H1424/6J facelift/6J prefl/6P/6P5 facelift L4043 W1693 H1428/6P5 facelift L4055 W1693 H1420/6P5 facelift L4066 W1693 H1424,Hatchback,2M
Seat Ibiza iv sc,Seat,Ibiza iv sc,2010-2015,6P5,Hatchback,2M
Seat Ibiza iv sc,Seat,Ibiza iv sc,2011-2016,6J1/6P5,Hatchback,2M
Seat Ibiza iv st,Seat,Ibiza iv st,2010-2016,Incl: 6J8/6P8,Wagon,2L+
Seat Ibiza v,Seat,Ibiza v,2017-2026,KJ1,Hatchback,2M
Seat Inca,Seat,Inca,1995-2003,9K,Van,2L+
Seat Leon,Seat,Leon,1999-2026,1M/1M1/1P/1P1/1P1 facelift/1P1 prefl/1P facelift/1P prefl/5F/5F1/5F1 facelift/5F1 prefl/5F facelift/5F prefl/KL/KL1/KL1 fr/KL1 standard/KL L4368 W1799 H1456/KL L4368 W1799 H1460,Hatchback,2L+
Seat Leon,Seat,Leon,2012-2026,5F/5F8/5F8 facelift/5F8 facelift L4549 W1816 H1451/5F8 facelift L4549 W1816 H1454/5F8 prefl/5F facelift/5F prefl/KL/KL8/KL8 fr/KL L4642 W1799 H1450/KL L4642 W1799 H1456,Wagon,2XL
Seat Leon,Seat,Leon,2013-2018,5F/5F5/5F5 facelift/5F5 prefl/5F facelift/5F prefl,Coupe,3M-0
Seat Malaga,Seat,Malaga,1984-1993,023A,Sedan,3M
Seat Marbella,Seat,Marbella,1986-1998,Incl: 28/028A,Hatchback/Van,2S
Seat Mii,Seat,Mii,2011-2026,,Hatchback,2S
Seat Panda,Seat,Panda,1980-1986,,Hatchback,2S
Seat Ritmo,Seat,Ritmo,1978-1983,,Hatchback,2M
Seat Ronda,Seat,Ronda,1982-1988,022A,Hatchback,2M
Seat Tarraco,Seat,Tarraco,2018-2024,Incl: KN2,SUV,YL
Seat Terra,Seat,Terra,1987-1996,Incl: 024A,MPV/Van,2M
Seat Toledo,Seat,Toledo,1991-2019,1L/5P/5P2/KG3/NH,Hatchback/MPV,2L+
Seat Toledo,Seat,Toledo,1998-2006,1M/1M2,Sedan,3M
Seres 3,Seres,3,2020-2026,,SUV,YM
Seres 5,Seres,5,2023-2026,,SUV,YL
Shineray X30,Shineray,X30,2023-2026,,Van,2L+
Shuanghuan Ceo,Shuanghuan,Ceo,2005-2011,,SUV,YL
Silence S04,Silence,S04,2025-2026,,Hatchback,无可用尺码
Skoda 100,Skoda,100,1970-1977,,Sedan,3S
Skoda 1000mb,Skoda,1000mb,1964-1970,,Sedan,3S
Skoda 1000mb,Skoda,1000mb,1969-1970,,Coupe,3S-0
Skoda 105120,Skoda,105120,1976-1990,Incl: 742/744,Sedan,3S
Skoda 110,Skoda,110,1969-1982,,Sedan,3S
Skoda 110,Skoda,110,1970-1982,,Coupe,3S-0
Skoda 1100mb,Skoda,1100mb,1969-1970,,Sedan,3S
Skoda 130,Skoda,130,1985-1991,742,Sedan,3S
Skoda Citigo,Skoda,Citigo,2011-2019,NF1,Hatchback,2S
Skoda E-Citigo,Skoda,E-Citigo,2019-2021,,Hatchback,2S
Skoda Elroq,Skoda,Elroq,2024-2026,NY/NY L4488 W1884 H1620/NY L4488 W1884 H1625,SUV,YM
Skoda Enyaq iv,Skoda,Enyaq iv,2020-2026,5A/5A L4649 W1879 H1620/5A L4649 W1879 H1621/5A L4653 W1879 H1605/5AZ,SUV,YL
Skoda Enyaq iv coupe,Skoda,Enyaq iv coupe,2021-2026,5A/5A L4653 W1879 H1607/5A L4653 W1879 H1621/5A L4653 W1879 H1622,Coupe,3L-0
Skoda Fabia i,Skoda,Fabia i,1999-2008,6Y/6Y2,Hatchback,2M
Skoda Fabia i,Skoda,Fabia i,1999-2007,6Y/6Y3/6Y3 facelift,Sedan,3M
Skoda Fabia i combi,Skoda,Fabia i combi,2000-2007,6Y/6Y5/6Y5 facelift/6Y5 prefl,Wagon,2L+
Skoda Fabia i praktik,Skoda,Fabia i praktik,2000-2007,Incl: 6Y/6Y5/6Y5 facelift/6Y5 prefl/post04/pre04,Van/Wagon,2L+
Skoda Fabia ii,Skoda,Fabia ii,2006-2014,Incl: 5J/5J2/5J2 facelift/5J2 prefl/5J L3992 W1642 H1498/5J L4029 W1642 H1492,Hatchback,2M
Skoda Fabia ii combi,Skoda,Fabia ii combi,2007-2014,Incl: 5J/5J5 facelift/5J5 L4239 W1642 H1498/5J5 L4247 W1642 H1498/5J5 prefl/5J facelift/5J L4247 W1642 H1498/5J L4276 W1642 H1494/5J prefl,Wagon,2L+
Skoda Fabia ii praktik,Skoda,Fabia ii praktik,2013-2014,5J5,Wagon,2L+
Skoda Fabia iii,Skoda,Fabia iii,2014-2022,Incl: 6V5,Wagon,2L+
Skoda Fabia iii,Skoda,Fabia iii,2014-2021,Incl: 6V2/NJ,Hatchback,2M
Skoda Fabia iii praktik,Skoda,Fabia iii praktik,2014-2022,,Wagon,2L+
Skoda Fabia iv,Skoda,Fabia iv,2021-2026,,Hatchback,2M
Skoda Favorit,Skoda,Favorit,1989-1995,Incl: 785,Wagon,2L+
Skoda Favorit,Skoda,Favorit,1989-1994,781,Hatchback,2M
Skoda Felicia cube van,Skoda,Felicia cube van,1997-2001,6U5,Van,2M
Skoda Felicia i,Skoda,Felicia i,1994-1998,Incl: 791/L3855 W1635 H1415/L3883 W1635 H1415,Hatchback,2M
Skoda Felicia i,Skoda,Felicia i,1995-1998,Incl: 795,Wagon,2L+
Skoda Felicia ii,Skoda,Felicia ii,1996-2001,,Wagon,2L+
Skoda Felicia ii,Skoda,Felicia ii,1998-2001,,Hatchback,2M
Skoda Kamiq,Skoda,Kamiq,2019-2026,L4241 W1793 H1531/L4241 W1793 H1553/NW4,SUV,YM
Skoda Karoq,Skoda,Karoq,2017-2026,facelift L4390 W1841 H1603/facelift L4390 W1841 H1608/NU7/prefl L4382 W1841 H1603/prefl L4382 W1841 H1607,SUV,YM
Skoda Kodiaq i,Skoda,Kodiaq i,2016-2026,Incl: facelift/NS7/NS7 facelift/NS7 L4697 W1882 H1655/NS7 L4699 W1882 H1686/NS7 prefl/prefl,SUV,YL
Skoda Kodiaq ii,Skoda,Kodiaq ii,2024-2026,Incl: L4758 W1864 H1656/L4758 W1864 H1657/L4758 W1864 H1659,SUV,YL
Skoda Octavia,Skoda,Octavia,1959-1971,,Sedan,3S
Skoda Octavia,Skoda,Octavia,1996-2010,1U/1U2/1U2 facelift/1U2 L4507 W1731 H1413/1U2 L4507 W1731 H1431/1U2 prefl/1U5/1U5 facelift/1U5 prefl/1U5 prefl L4511 W1731 H1448/1U5 prefl L4511 W1731 H1457/1U facelift/1U prefl,Hatchback/Wagon,2L+
Skoda Octavia,Skoda,Octavia,1997-2007,facelift,Hatchback,2L+
Skoda Octavia,Skoda,Octavia,1997-2007,prefl,Hatchback,2L+
Skoda Octavia,Skoda,Octavia,1998-2007,facelift,Wagon,2L+
Skoda Octavia,Skoda,Octavia,1998-2007,prefl,Wagon,2L+
Skoda Octavia,Skoda,Octavia,2000-2010,,Hatchback,2L+
Skoda Octavia,Skoda,Octavia,2000-2010,,Wagon,2L+
Skoda Octavia,Skoda,Octavia,2004-2006,,Hatchback,2XL
Skoda Octavia,Skoda,Octavia,2004-2020,facelift,Hatchback,2XL
Skoda Octavia,Skoda,Octavia,2004-2020,prefl,Hatchback,2XL
Skoda Octavia,Skoda,Octavia,2004-2026,1Z/1Z3/1Z3 facelift/1Z3 prefl/1Z3 prefl L4572 W1769 H1462/1Z3 prefl L4578 W1769 H1462/1Z5/1Z5 facelift/1Z5 facelift L4569 W1769 H1462/1Z5 facelift L4569 W1769 H1468/1Z5 facelift L4599 W1769 H1451/1Z5 L4569 W1769 H1462/1Z5 L4569 W1769 H1468/1Z5 prefl/1Z facelift/1Z prefl/5E/NX/NX3 L4689 W1829 H1470/NX3 L4702 W1829 H1457/NX3 L4702 W1829 H1476/NX5 L4689 W1829 H1468/NX5 L4702 W1829 H1455/NX5 L4702 W1829 H1474,Hatchback/Wagon,2XL
Skoda Octavia,Skoda,Octavia,2004-2013,facelift,Wagon,2XL
Skoda Octavia,Skoda,Octavia,2004-2013,prefl,Wagon,2XL
Skoda Octavia,Skoda,Octavia,2012-2017,5E3/NL3/NR3,Hatchback,2XL
Skoda Octavia,Skoda,Octavia,2012-2020,5E3/NL3/NR3 facelift,Hatchback,2XL
Skoda Octavia,Skoda,Octavia,2012-2020,5E3/NL3/NR3 prefl,Hatchback,2XL
Skoda Octavia,Skoda,Octavia,2012-2017,,Hatchback/Wagon,2XL
Skoda Octavia,Skoda,Octavia,2012-2017,5E5/5E6,Wagon,2XL
Skoda Octavia,Skoda,Octavia,2012-2017,5E5/5E6 L4659 W1814 H1465,Wagon,2XL
Skoda Octavia,Skoda,Octavia,2012-2017,5E5/5E6 L4685 W1814 H1452,Wagon,2XL
Skoda Octavia,Skoda,Octavia,2012-2020,5E5/5E6 facelift,Wagon,2XL
Skoda Octavia,Skoda,Octavia,2012-2020,5E5/5E6 prefl,Wagon,2XL
Skoda Octavia,Skoda,Octavia,2013-2017,5E3/NL3/NR3 L4659 W1814 H1461,Hatchback,2XL
Skoda Octavia,Skoda,Octavia,2013-2017,5E3/NL3/NR3 L4685 W1814 H1449,Hatchback,2XL
Skoda Octavia,Skoda,Octavia,2013-2020,5E3/NL3/NR3 rs facelift,Hatchback,2XL
Skoda Octavia,Skoda,Octavia,2013-2020,5E3/NL3/NR3 rs prefl,Hatchback,2XL
Skoda Octavia,Skoda,Octavia,2013-2020,5E3/NL3/NR3 std facelift,Hatchback,2XL
Skoda Octavia,Skoda,Octavia,2013-2020,5E3/NL3/NR3 std prefl,Hatchback,2XL
Skoda Octavia,Skoda,Octavia,2013-2020,5E5/5E6 rs facelift,Wagon,2XL
Skoda Octavia,Skoda,Octavia,2013-2020,5E5/5E6 rs prefl,Wagon,2XL
Skoda Octavia,Skoda,Octavia,2013-2020,5E5/5E6 std facelift,Wagon,2XL
Skoda Octavia,Skoda,Octavia,2013-2020,5E5/5E6 std prefl,Wagon,2XL
Skoda Octavia,Skoda,Octavia,2016-2020,facelift/prefl,Wagon,2XL
Skoda Octavia,Skoda,Octavia,2017-2020,5E3,Hatchback,2XL
Skoda Octavia,Skoda,Octavia,2017-2020,5E3/NL3/NR3 L4670 W1814 H1461,Hatchback,2XL
Skoda Octavia,Skoda,Octavia,2017-2020,5E3/NL3/NR3 L4689 W1814 H1448,Hatchback,2XL
Skoda Octavia,Skoda,Octavia,2017-2020,5E5,Wagon,2XL
Skoda Octavia,Skoda,Octavia,2017-2020,5E5/5E6 L4667 W1814 H1465,Wagon,2XL
Skoda Octavia,Skoda,Octavia,2017-2020,5E5/5E6 L4689 W1814 H1452,Wagon,2XL
Skoda Octavia,Skoda,Octavia,2020-2026,NX3/NN3/PV3,Hatchback,2XL
Skoda Octavia,Skoda,Octavia,2020-2026,NX5/PV5,Wagon,2XL
Skoda Octavia,Skoda,Octavia,2024-2026,NX3/NN3/PV3 L4698 W1829 H1470,Hatchback,2XL
Skoda Octavia,Skoda,Octavia,2024-2026,NX3/NN3/PV3 L4709 W1829 H1455,Hatchback,2XL
Skoda Octavia,Skoda,Octavia,2024-2026,NX5/PV5 L4698 W1829 H1468,Wagon,2XL
Skoda Octavia,Skoda,Octavia,2024-2026,NX5/PV5 L4709 W1829 H1455,Wagon,2XL
Skoda Rapid,Skoda,Rapid,1983-1991,743/747,Coupe,3S-0
Skoda Rapid,Skoda,Rapid,2012-2019,NH1,Hatchback,2L+
Skoda Rapid,Skoda,Rapid,2012-2022,NH3/NK3/NK6,Liftback,3M
Skoda Roomster,Skoda,Roomster,2006-2015,Incl: 5J/5J7/5J7 facelift/5J7 prefl/5J8/5J8 facelift/5J8 prefl/5J facelift/5J Praktik/5J prefl/facelift/prefl,MPV/Van,2L+
Skoda Scala,Skoda,Scala,2019-2026,Incl: NW1,Hatchback,2L+
Skoda Superb i,Skoda,Superb i,2001-2008,3U4,Sedan,4S
Skoda Superb ii,Skoda,Superb ii,2008-2015,3T4/3T4 facelift/3T4 prefl/3T facelift/3T prefl,Liftback,4S
Skoda Superb ii,Skoda,Superb ii,2009-2015,3T5/3T5 facelift/3T5 prefl/3T facelift/3T prefl,Wagon,5L
Skoda Superb iii,Skoda,Superb iii,2015-2024,Incl: 3V3/3V3 facelift/3V3 prefl/3V5/3V5 facelift/3V5 prefl,Hatchback/Wagon,5L
Skoda Superb iv,Skoda,Superb iv,2023-2026,Incl: L4902 W1849 H1482/L4902 W1849 H1483,Hatchback/Wagon,5L
Skoda Yeti,Skoda,Yeti,2009-2017,5L/5L facelift/5L prefl,SUV,YM
Skywell Et5/be11,Skywell,Et5/be11,2022-2026,,SUV,YL
Smart #1,Smart,#1,2022-2026,,SUV,YM
Smart #3,Smart,#3,2023-2026,,SUV,YM
Smart #5,Smart,#5,2024-2026,,SUV,YL
Smart Cabrio,Smart,Cabrio,2000-2004,A450,Convertible,无可用尺码
Smart City-,Smart,City-,1998-2004,C450/W450 facelift/W450 prefl,Coupe,无可用尺码
Smart Crossblade,Smart,Crossblade,2002-2003,450,Convertible,无可用尺码
Smart Forfour,Smart,Forfour,2004-2006,W454,Hatchback,2M
Smart Forfour,Smart,Forfour,2014-2026,W453,Hatchback,2S
Smart Fortwo,Smart,Fortwo,2004-2026,451/A453/A453 L2695 W1663 H1552/A453 L2695 W1663 H1553/C450/C451/C453/W451,Convertible/Coupe,无可用尺码
Smart Fortwo cabrio,Smart,Fortwo cabrio,2004-2026,A450/A451,Convertible,无可用尺码
Smart Roadster,Smart,Roadster,2003-2005,452,Convertible/Coupe,无可用尺码
Sportequipe Sportequipe 5,Sportequipe,Sportequipe 5,2023-2026,,SUV,YM
Sportequipe Sportequipe 6,Sportequipe,Sportequipe 6,2023-2026,,SUV,YM
Sportequipe Sportequipe 6 gt,Sportequipe,Sportequipe 6 gt,2024-2026,,SUV,YM
Sportequipe Sportequipe 7,Sportequipe,Sportequipe 7,2023-2026,,SUV,YL
Sportequipe Sportequipe 7 gtw,Sportequipe,Sportequipe 7 gtw,2024-2026,,SUV,YL
Sportequipe Sportequipe 8,Sportequipe,Sportequipe 8,2023-2026,,SUV,YL
Spyker C12,Spyker,C12,2007-2026,,Coupe,3M-0
Spyker C8,Spyker,C8,2000-2026,,Convertible,3S-0
Spyker C8,Spyker,C8,2000-2026,,Coupe,3S-0
Spyker C8,Spyker,C8,2010-2026,,Coupe,3L-0
Ssangyong Actyon,Ssangyong,Actyon,2005-2026,Incl: C100/C200/CJ,SUV,YM
Ssangyong Chairman,Ssangyong,Chairman,1997-2026,,Sedan,3XXL-520
Ssangyong Korando,Ssangyong,Korando,1988-1996,K4,SUV,无可用尺码
Ssangyong Korando,Ssangyong,Korando,1996-2026,C200/C300/C300 L4450 W1870 H1620/C300 L4465 W1870 H1635/KJ/KJ h1840/KJ h1940/KJ L4260 W1841 H1840/KJ L4330 W1841 H1940,SUV,YM
Ssangyong Korando,Ssangyong,Korando,1997-2006,KJ/KJ L4330 W1830 H1840/KJ L4340 W1850 H1850,Convertible,3M-0
Ssangyong Kyron,Ssangyong,Kyron,2005-2014,Incl: DJ/DJ facelift/facelift/prefl,SUV,YL
Ssangyong Musso,Ssangyong,Musso,1993-2007,FJ,SUV,YL
Ssangyong Rexton,Ssangyong,Rexton,2002-2026,Incl: Y200/Y250/Y290/Y400,SUV,YL
Ssangyong Rodius i,Ssangyong,Rodius i,2005-2026,A100,MPV,5XL
Ssangyong Rodius ii,Ssangyong,Rodius ii,2013-2026,A150,MPV,5XL
Ssangyong Rodius ii van,Ssangyong,Rodius ii van,2015-2026,A150,MPV,5XL
Ssangyong Stavic,Ssangyong,Stavic,2005-2012,A100,MPV,5XL
Ssangyong Tivoli,Ssangyong,Tivoli,2015-2026,Incl: X100/X150,SUV,YM
Ssangyong Torres,Ssangyong,Torres,2022-2026,J100,SUV,YL
Ssangyong Xlv,Ssangyong,Xlv,2016-2026,X100,SUV,YM
Ssangyong Xlv van,Ssangyong,Xlv van,2016-2026,X100,SUV,YM
Steyr 500/650,Steyr,500/650,1959-1973,,Sedan,无可用尺码
Steyr Haflinger,Steyr,Haflinger,1959-1974,700 AP,Convertible,无可用尺码
Streetscooter Compact,Streetscooter,Compact,2013-2026,A12,Hatchback,无可用尺码
Streetscooter Work,Streetscooter,Work,2015-2022,,Van,2XL
Streetscooter Work l,Streetscooter,Work l,2019-2022,,Van,无可用尺码
Streetscooter Work xl,Streetscooter,Work xl,2018-2022,,Van,无可用尺码
Subaru Brz,Subaru,Brz,2012-2026,ZC6/ZD8,Coupe,3M-0
Subaru Crosstrek,Subaru,Crosstrek,2023-2026,GU,SUV,YM
Subaru E-Outback,Subaru,E-Outback,2026,,Wagon,5L
Subaru Forester,Subaru,Forester,1997-2026,SF/SG/SH/SH facelift/SH prefl/SJ/SJ5/SK,SUV,YM
Subaru Forester,Subaru,Forester,2024-2026,SL,SUV,YL
Subaru Impreza,Subaru,Impreza,1992-2009,Incl: GC/GC8/GD/GD9 facelift2002/GD9 facelift2005/GD9 prefl/GD facelift1/GD facelift2/GD facelift2002/GD facelift2005/GD prefl/GDB facelift/GDB prefl,Sedan,3M
Subaru Impreza,Subaru,Impreza,1993-2000,GFC,Coupe,3M-0
Subaru Impreza,Subaru,Impreza,2007-2026,GH/GP/GRB/GRE/GT/GU,Hatchback,2L+
Subaru Impreza,Subaru,Impreza,2008-2026,GE/GE7/GJ/GV/GVE,Sedan,3L
Subaru Impreza station wagon,Subaru,Impreza station wagon,1992-2008,Incl: GF/GG/GG facelift2002/GG facelift2005/GG facelift 2002/GG facelift 2005/GG prefl,Wagon,2L+
Subaru Justy i,Subaru,Justy i,1984-1996,KAD,Hatchback,2M
Subaru Justy ii,Subaru,Justy ii,1995-2003,3dr/5dr/JMA/MS,Hatchback,2M
Subaru Justy iii,Subaru,Justy iii,2003-2026,G3X,Hatchback,2M
Subaru Justy iv,Subaru,Justy iv,2007-2026,Incl: M300,Hatchback,2S
Subaru Legacy i,Subaru,Legacy i,1989-1994,BC/BC facelift/BC prefl,Sedan,3M
Subaru Legacy i station wagon,Subaru,Legacy i station wagon,1989-1994,BJF/BJF facelift/BJF prefl,Wagon,2XL
Subaru Legacy ii,Subaru,Legacy ii,1994-1999,BD,Sedan,3L
Subaru Legacy ii station wagon,Subaru,Legacy ii station wagon,1994-1998,BG,Wagon,2XL
Subaru Legacy iii,Subaru,Legacy iii,1998-2003,BE facelift2001/BE prefl,Sedan,3L
Subaru Legacy iii station wagon,Subaru,Legacy iii station wagon,1998-2003,BH facelift2001/BH prefl,Wagon,2XL
Subaru Legacy iv,Subaru,Legacy iv,2003-2012,BL/BL facelift2006/BL prefl,Sedan,3L
Subaru Legacy iv station wagon,Subaru,Legacy iv station wagon,2003-2009,BP/BP5/BP facelift2006/BP prefl,Wagon,2XL
Subaru Legacy v,Subaru,Legacy v,2009-2014,BM prefl,Sedan,3L
Subaru Legacy v,Subaru,Legacy v,2009-2014,BM/BM facelift,Sedan,4S
Subaru Legacy v station wagon,Subaru,Legacy v station wagon,2009-2014,BR/BR facelift/BR prefl,Wagon,2XL
Subaru Legacy vi,Subaru,Legacy vi,2015-2026,BN,Sedan,4S
Subaru Leone,Subaru,Leone,1985-1989,,Hatchback,2L+
Subaru Leone / loyale,Subaru,Leone / loyale,1985-1989,,Coupe,3M-0
Subaru Leone ii,Subaru,Leone ii,1979-1984,,Sedan,3S
Subaru Leone ii,Subaru,Leone ii,1980-1984,AB,Sedan,3M
Subaru Leone ii hatchback,Subaru,Leone ii hatchback,1979-1984,,Hatchback,2M
Subaru Leone ii station wagon,Subaru,Leone ii station wagon,1979-1984,Incl: AM,Wagon,2L+
Subaru Leone iii,Subaru,Leone iii,1984-1994,Incl: AA/L4370 W1660 H1400/L4370 W1660 H1425,Sedan,3M
Subaru Leone iii station wagon,Subaru,Leone iii station wagon,1984-1994,Incl: L4410 W1660 H1420/L4410 W1660 H1450/L4410 W1660 H1490,Wagon,2L+
Subaru Levorg,Subaru,Levorg,2015-2026,VM,Wagon,2XL
Subaru Libero,Subaru,Libero,1983-2000,Incl: E10/E10 highroof/E10 lowroof/E12/E12 e12 highroof/E12 e12 lowroof,MPV/Van,2S
Subaru Outback,Subaru,Outback,2000-2026,BH/BP/BR/BR facelift/BR prefl/BS,Wagon,2XL
Subaru Outback,Subaru,Outback,2020-2026,BT/BT 1670h/BT 1675h,Wagon,5L
Subaru Rex iii,Subaru,Rex iii,1990-1992,KH3,Hatchback,2S
Subaru Solterra,Subaru,Solterra,2022-2026,,SUV,YL
Subaru Svx,Subaru,Svx,1992-1997,CX/CXW,Coupe,3L-0
Subaru Trezia,Subaru,Trezia,2011-2026,,Hatchback,2M
Subaru Tribeca,Subaru,Tribeca,2005-2026,Incl: WX,SUV,YXL
Subaru Uncharted,Subaru,Uncharted,2025-2026,,SUV,YM
Subaru Wrx,Subaru,Wrx,2014-2026,VA,Sedan,3L
Subaru Xt,Subaru,Xt,1984-1990,,Coupe,3M-0
Subaru Xv,Subaru,Xv,2012-2026,GP/GP3/GP7/GP facelift2016/GT/GT L4465 W1800 H1595/GT L4465 W1805 H1615,SUV,YM
Suzuki Across,Suzuki,Across,2020-2026,,SUV,YL
Suzuki Alto i,Suzuki,Alto i,1982-1984,,Hatchback,2S
Suzuki Alto ii,Suzuki,Alto ii,1986-1988,SB308,Hatchback,2S
Suzuki Alto iii,Suzuki,Alto iii,1988-1993,CA/CB,Hatchback,2S
Suzuki Alto iv,Suzuki,Alto iv,1994-2002,,Hatchback,2S
Suzuki Alto k10,Suzuki,Alto k10,2012-2014,GF,Hatchback,2S
Suzuki Alto v,Suzuki,Alto v,2000-2002,HA12,Hatchback,2S
Suzuki Alto vi,Suzuki,Alto vi,2002-2008,HA23,Hatchback,2S
Suzuki Alto vii,Suzuki,Alto vii,2009-2026,GF,Hatchback,2S
Suzuki Baleno,Suzuki,Baleno,1995-2026,EG/EG L3870 W1680 H1390/EG L3870 W1680 H1395/EG L3870 W1690 H1390/WB,Hatchback,2M
Suzuki Baleno,Suzuki,Baleno,1995-2002,EG,Sedan,3S
Suzuki Baleno,Suzuki,Baleno,1996-2002,Incl: EG/EG facelift/EG prefl,Wagon,2L+
Suzuki Cappuccino,Suzuki,Cappuccino,1992-1998,EA11R/EA21R,Convertible,无可用尺码
Suzuki Carry,Suzuki,Carry,1980-1999,Incl: ST90V highroof/ST90V lowroof,Van,2S
Suzuki Carry,Suzuki,Carry,1999-2006,,MPV,2M
Suzuki Carry,Suzuki,Carry,2000-2026,DA32,Van,2M
Suzuki Celerio,Suzuki,Celerio,2014-2026,FE,Hatchback,2S
Suzuki Evitara,Suzuki,Evitara,2025-2026,YE,SUV,YM
Suzuki Grand vitara i,Suzuki,Grand vitara i,1998-2003,Incl: FT,Convertible,3S-0
Suzuki Grand vitara i,Suzuki,Grand vitara i,1998-2003,FT/GT L4215 W1780 H1740,SUV,YM
Suzuki Grand vitara i,Suzuki,Grand vitara i,1998-2003,FT/GT L3810 W1700 H1690,SUV,无可用尺码
Suzuki Grand vitara i,Suzuki,Grand vitara i,2000-2005,5dr,SUV,YM
Suzuki Grand vitara i,Suzuki,Grand vitara i,2000-2005,3dr/narrow/widebody,SUV,无可用尺码
Suzuki Grand vitara i,Suzuki,Grand vitara i,2001-2006,HT,SUV,YL
Suzuki Grand vitara i,Suzuki,Grand vitara i,2001-2005,FT/GT,SUV,YM
Suzuki Grand vitara ii,Suzuki,Grand vitara ii,2005-2026,Incl: 5dr/JT 3dr facelift 2008/JT 5dr/JT facelift2008 L4150 W1870 H1695,SUV,YM
Suzuki Grand vitara ii,Suzuki,Grand vitara ii,2005-2015,JT,SUV,YM
Suzuki Grand vitara ii,Suzuki,Grand vitara ii,2005-2026,3dr/JT 3dr facelift 2012/JT facelift2008 L4060 W1810 H1695/JT facelift2012/JT prefl,SUV,无可用尺码
Suzuki Grand vitara ii,Suzuki,Grand vitara ii,2005-2026,JT,SUV,无可用尺码
Suzuki Ignis i,Suzuki,Ignis i,2000-2005,FH,Hatchback,2M
Suzuki Ignis ii,Suzuki,Ignis ii,2003-2026,MH,Hatchback,2M
Suzuki Ignis iii,Suzuki,Ignis iii,2016-2026,MF/MF narrow/MF sz3/MF szt sz5/MF widebody,Hatchback,2M
Suzuki Jimny,Suzuki,Jimny,1998-2026,Incl: FJ/JB33/JB43/JB74,Convertible/SUV,无可用尺码
Suzuki Kizashi,Suzuki,Kizashi,2010-2026,FR,Sedan,3L
Suzuki Liana,Suzuki,Liana,2001-2007,Incl: ER,Hatchback,2L+
Suzuki Liana,Suzuki,Liana,2002-2026,Incl: ER,Sedan,3M
Suzuki Lj80,Suzuki,Lj80,1980-1984,LJ80,SUV,无可用尺码
Suzuki Maruti,Suzuki,Maruti,1988-1994,,Hatchback,2S
Suzuki S-Cross,Suzuki,S-Cross,2022-2026,JY,SUV,YM
Suzuki Samurai,Suzuki,Samurai,1988-2004,SJ/SJ410/SJ413/SJ413 highroof/SJ413 lowroof,SUV,无可用尺码
Suzuki Sc100,Suzuki,Sc100,1979-1982,SS20,Coupe,无可用尺码
Suzuki Sj410,Suzuki,Sj410,1981-1991,SJ410,SUV,无可用尺码
Suzuki Sj413,Suzuki,Sj413,1984-1990,SJ413 prewide/SJ413 wide,SUV,无可用尺码
Suzuki Splash,Suzuki,Splash,2008-2026,Incl: EX,Hatchback,2M
Suzuki Super carry,Suzuki,Super carry,1985-1999,SK410,MPV,2S
Suzuki Swace,Suzuki,Swace,2020-2026,E210,Wagon,2XL
Suzuki Swift,Suzuki,Swift,1991-1996,SF413,Convertible,3S-0
Suzuki Swift i,Suzuki,Swift i,1983-1989,SA310/SA413 3dr/SA 3dr,Hatchback,2S
Suzuki Swift i,Suzuki,Swift i,1984-1989,SA413 5dr/SA 5dr,Hatchback,2M
Suzuki Swift ii,Suzuki,Swift ii,1989-2005,Incl: 3dr/5dr/EA/MA/SF413,Hatchback,2M
Suzuki Swift ii,Suzuki,Swift ii,1989-2001,AH/AJ/SF413/SF416/SF416 L4075 W1600 H1340/SF416 L4075 W1600 H1380,Sedan,3S
Suzuki Swift iii,Suzuki,Swift iii,2005-2015,Incl: EZ/MZ,Hatchback,2M
Suzuki Swift iv,Suzuki,Swift iv,2010-2017,Incl: 3dr/AZG/FZ/NZ,Hatchback,2M
Suzuki Swift v,Suzuki,Swift v,2017-2026,Incl: A2L/AZ L3840 W1735 H1480/AZ L3840 W1735 H1505/L3845 W1735 H1495/L3845 W1735 H1520,Hatchback,2M
Suzuki Swift vi,Suzuki,Swift vi,2023-2026,L3860 W1735 H1495/L3860 W1735 H1520,Hatchback,2M
Suzuki Sx4,Suzuki,Sx4,2007-2026,Incl: GY/RW416,Sedan,3M
Suzuki Sx4 / classic,Suzuki,Sx4 / classic,2006-2026,,Hatchback,2M
Suzuki Sx4 / classic,Suzuki,Sx4 / classic,2006-2026,GY,Hatchback,2M
Suzuki Sx4 / classic,Suzuki,Sx4 / classic,2006-2026,L4100 W1730 H1565,Hatchback,2M
Suzuki Sx4 / classic,Suzuki,Sx4 / classic,2006-2026,L4140 W1755 H1620,Hatchback,2M
Suzuki Sx4 / classic,Suzuki,Sx4 / classic,2007-2015,EY/GY,Hatchback,2M
Suzuki Sx4 / classic,Suzuki,Sx4 / classic,2009-2026,GY L4255 W1755 H1605,Hatchback,2L+
Suzuki Sx4 / classic,Suzuki,Sx4 / classic,2009-2026,GY L4255 W1755 H1620,Hatchback,2L+
Suzuki Sx4 / classic,Suzuki,Sx4 / classic,2009-2026,RW416,Hatchback,2L+
Suzuki Sx4 / classic,Suzuki,Sx4 / classic,2010-2026,EY/GY,Hatchback,2L+
Suzuki Sx4 / classic,Suzuki,Sx4 / classic,2010-2026,RW415,Hatchback,2M
Suzuki Sx4 s-Cross,Suzuki,Sx4 s-Cross,2013-2022,Incl: JY,Hatchback,2L+
Suzuki Sx4 s-Cross,Suzuki,Sx4 s-Cross,2013-2022,JY,SUV,YM
Suzuki Vitara,Suzuki,Vitara,1988-1999,,SUV,无可用尺码
Suzuki Vitara,Suzuki,Vitara,1988-1998,ET/TA 3dr,SUV,无可用尺码
Suzuki Vitara,Suzuki,Vitara,1988-1998,ET/TA 5dr,SUV,无可用尺码
Suzuki Vitara,Suzuki,Vitara,1990-2005,ET/TA,Convertible,无可用尺码
Suzuki Vitara,Suzuki,Vitara,1991-1998,3dr/5dr/L3745 W1695 H1660,SUV,无可用尺码
Suzuki Vitara,Suzuki,Vitara,1994-1998,ET/TA,SUV,YM
Suzuki Vitara,Suzuki,Vitara,1995-1998,,SUV,YM
Suzuki Vitara,Suzuki,Vitara,1996-2026,L4125 W1695 H1695/LY/LY L4185 W1775 H1595/LY L4185 W1775 H1600,SUV,YM
Suzuki Vitara,Suzuki,Vitara,2003-2005,ET,SUV,无可用尺码
Suzuki Wagon r,Suzuki,Wagon r,2004-2005,,MPV,2S
Suzuki Wagon r+,Suzuki,Wagon r+,1998-2026,Incl: EM/MM,Hatchback/MPV,2S
Suzuki X-90,Suzuki,X-90,1995-1997,LB11S,Convertible,3S-0
Suzuki X-90,Suzuki,X-90,1995-1997,EL,SUV,无可用尺码
Suzuki Xl7,Suzuki,Xl7,2006-2009,,SUV,YXL
TVR 1300,TVR,1300,1971-1973,,Coupe,3S-0
TVR 1600,TVR,1600,1972-1975,,Coupe,3S-0
TVR 2500,TVR,2500,1972-1977,,Coupe,3S-0
TVR 280,TVR,280,1983-1986,,Convertible/Coupe,3S-0
TVR 3000,TVR,3000,1972-1980,,Coupe,3S-0
TVR 350,TVR,350,1983-1989,,Convertible/Coupe,3S-0
TVR 390,TVR,390,1984-1989,,Convertible,3S-0
TVR 400,TVR,400,1989-1993,,Convertible,3S-0
TVR 420,TVR,420,1985-1989,,Convertible,3S-0
TVR 420 sports saloon,TVR,420 sports saloon,1985-1989,420 Sports Saloon,Coupe,3S-0
TVR 450,TVR,450,1989-1993,,Convertible,3S-0
TVR Cerbera,TVR,Cerbera,1996-2003,,Coupe,3M-0
TVR Chimaera,TVR,Chimaera,1993-2003,,Convertible,3S-0
TVR Griffith,TVR,Griffith,1990-2002,,Convertible,3S-0
TVR S,TVR,S,1986-1996,Incl: V8S,Convertible,3S-0
TVR Speed eight,TVR,Speed eight,1989-1992,,Convertible,3S-0
TVR T350 c,TVR,T350 c,2002-2006,T350C,Coupe,3S-0
TVR Taimar,TVR,Taimar,1976-1980,Taimar,Coupe,3S-0
TVR Tasmin,TVR,Tasmin,1980-1983,Tasmin FHC,Coupe,3S-0
TVR Tuscan i,TVR,Tuscan i,1969-1971,Incl: V8,Coupe,3S-0
TVR Tuscan ii roadster,TVR,Tuscan ii roadster,1998-2006,,Convertible,3M-0
TVR Vixen,TVR,Vixen,1967-1971,,Coupe,3S-0
Talbot 1307-1510,Talbot,1307-1510,1975-1984,Incl: L4245 W1680 H1400/L4318 W1680 H1390,Hatchback,2L+
Talbot 160,Talbot,160,1973-1979,,Sedan,3M
Talbot 180,Talbot,180,1973-1982,,Sedan,3M
Talbot Avenger,Talbot,Avenger,1970-1981,facelift/prefl,Sedan,3S
Talbot Avenger,Talbot,Avenger,1972-1981,facelift/prefl,Wagon,2L+
Talbot Horizon,Talbot,Horizon,1978-1986,Incl: C2,Hatchback,2M
Talbot Matra bagheera,Talbot,Matra bagheera,1974-1980,Incl: facelift/prefl,Coupe,3S-0
Talbot Murena,Talbot,Murena,1980-1985,,Coupe,3S-0
Talbot Rancho,Talbot,Rancho,1976-1983,,MPV,2L+
Talbot Samba,Talbot,Samba,1981-1986,Incl: 51A,Hatchback,2S
Talbot Samba,Talbot,Samba,1981-1986,51E,Convertible,无可用尺码
Talbot Simca 1000,Talbot,Simca 1000,1961-1978,Incl: facelift/L3808 W1485 H1395/L3811 W1485 H1395/prefl,Sedan,3S
Talbot Simca 1100,Talbot,Simca 1100,1968-1980,,Hatchback,2M
Talbot Simca 1100 break/tourisme,Talbot,Simca 1100 break/tourisme,1968-1980,,Wagon,2M
Talbot Simca 1200 s,Talbot,Simca 1200 s,1968-1972,,Coupe,3S-0
Talbot Simca 1300,Talbot,Simca 1300,1963-1968,,Sedan,3M
Talbot Simca 1301,Talbot,Simca 1301,1966-1976,,Sedan,3M
Talbot Simca 1301 tourisme,Talbot,Simca 1301 tourisme,1966-1972,,Wagon,2L+
Talbot Simca 1500,Talbot,Simca 1500,1963-1968,,Sedan,3M
Talbot Simca 1500 break,Talbot,Simca 1500 break,1964-1968,,Wagon,2L+
Talbot Simca 1501,Talbot,Simca 1501,1966-1976,,Sedan,3M
Talbot Simca 1501 break/tourisme,Talbot,Simca 1501 break/tourisme,1966-1976,,Wagon,2L+
Talbot Simca 1609/1610,Talbot,Simca 1609/1610,1976-1980,,Sedan,3M
Talbot Simca sim'4,Talbot,Simca sim'4,1968-1972,,Sedan,3S
Talbot Simca sunbeam,Talbot,Simca sunbeam,1977-1983,,Hatchback,2M
Talbot Solara,Talbot,Solara,1980-1986,,Sedan,3M
Talbot Tagora,Talbot,Tagora,1980-1987,,Sedan,3L
Tata Aria,Tata,Aria,2010-2026,,MPV,2XL
Tata Indica,Tata,Indica,1998-2026,,Hatchback,2M
Tata Indigo,Tata,Indigo,2003-2010,,Wagon,2M
Tata Indigo,Tata,Indigo,2003-2026,,Sedan,3S
Tata Safari,Tata,Safari,2003-2026,,SUV,YL
Tata Sierra,Tata,Sierra,1995-2002,,SUV,YM
Tazzari Zero,Tazzari,Zero,2010-2016,,Hatchback/Sedan,无可用尺码
Tesla Model 3,Tesla,Model 3,2018-2026,,Sedan,3L
Tesla Model s,Tesla,Model s,2012-2026,Incl: L4970 W1964 H1445/L4978 W1963 H1435/L4979 W1964 H1445/prefl,Hatchback,5L
Tesla Model x,Tesla,Model x,2015-2026,,Hatchback,5L
Tesla Model x,Tesla,Model x,2016-2026,,SUV,YXXL-525
Tesla Model y,Tesla,Model y,2019-2026,,SUV,YL
Tesla Roadster,Tesla,Roadster,2008-2026,,Convertible,3S-0
Think City,Think,City,2008-2026,Incl: A306,Hatchback,2S
Tiger Eight,Tiger,Eight,2025-2026,,SUV,YL
Tiger Tiger six,Tiger,Tiger six,2025-2026,,SUV,YM
Togg T10f,Togg,T10f,2025-2026,,Hatchback,5L
Togg T10x,Togg,T10x,2023-2026,,SUV,YM
Toyota 1000,Toyota,1000,1969-1988,KP30/KP36,Hatchback/Wagon,2M
Toyota 4,Toyota,4,1990-2002,KZN130/N130/N180 prefl/N185 original,SUV,YM
Toyota 4,Toyota,4,1995-2026,N180 facelift/N185 facelift/N280 facelift/N280 original,SUV,YL
Toyota Allion i,Toyota,Allion i,2001-2004,T240,Sedan,3M
Toyota Allion ii,Toyota,Allion ii,2007-2026,ZRT260,Sedan,3L
Toyota Alphard / vellfire,Toyota,Alphard / vellfire,2018-2023,GGH30W alphard,MPV,5L
Toyota Alphard / vellfire,Toyota,Alphard / vellfire,2018-2023,GGH30W vellfire,MPV,5L
Toyota Aurion,Toyota,Aurion,2006-2026,XV40/XV50,Sedan,4S
Toyota Auris,Toyota,Auris,2006-2018,E150/E150 3dr L4220 W1760 H1505/E150 3dr L4220 W1760 H1515/E180/E180 facelift/E180 original,Hatchback,2L+
Toyota Auris,Toyota,Auris,2013-2018,E180/E180 facelift/E180 original,Wagon,2XL
Toyota Avalon,Toyota,Avalon,1999-2018,GSX30/XX20/XX40,Sedan,3XL
Toyota Avensis,Toyota,Avensis,1997-2003,T22,Hatchback,2L+
Toyota Avensis,Toyota,Avensis,1997-2018,ACM20 facelift/ACM20 original/T22/T22 facelift/T22 prefl/T25/T25 facelift/T25 prefl/T27/T27 facelift2012/T27 facelift2015/T27 facelift 2012/T27 facelift 2015/T27 prefl,MPV/Wagon,2XL
Toyota Avensis,Toyota,Avensis,1997-2003,T22,Sedan,3M
Toyota Avensis,Toyota,Avensis,2002-2008,T25/T25 facelift/T25 prefl,Hatchback,2XL
Toyota Avensis,Toyota,Avensis,2003-2018,T25/T25 facelift/T25 prefl/T27/T27 facelift 2012/T27 prefl,Sedan,3L
Toyota Avensis,Toyota,Avensis,2008-2018,T27 facelift 2015,Sedan,4S
Toyota Aygo,Toyota,Aygo,2005-2026,AB10/AB10 facelift2009/AB10 facelift2012/AB10 original/AB40,Hatchback/Van,2S
Toyota Aygo,Toyota,Aygo,2022-2026,AB70,Hatchback,2M
Toyota Bz4x,Toyota,Bz4x,2021-2026,EA10,SUV,YL
Toyota Bz4x,Toyota,Bz4x,2026,EA10,Wagon,5L
Toyota C-Hr,Toyota,C-Hr,2016-2026,AX10/AX50/NGX50/X10/X20,SUV,YM
Toyota C-Hr+,Toyota,C-Hr+,2025-2026,,SUV,YM
Toyota Camry,Toyota,Camry,1982-1986,V10,Hatchback,2L+
Toyota Camry,Toyota,Camry,1982-1993,Incl: V10/V20,Sedan,3M
Toyota Camry,Toyota,Camry,1986-1996,V20/XV10,Wagon,2XL
Toyota Camry,Toyota,Camry,1991-1996,XV10,Sedan,3L
Toyota Camry,Toyota,Camry,1996-2018,Incl: XV20/XV30/XV40/XV40 facelift/XV40 prefl/XV40 xv40fl/XV50/XV50 facelift/XV50 prefl/XV50 xv50fl,Sedan,4S
Toyota Camry,Toyota,Camry,2017-2026,XV70/XV80,Sedan,3XL
Toyota Carina e vi,Toyota,Carina e vi,1992-1997,T19,Hatchback,2XL
Toyota Carina e vi,Toyota,Carina e vi,1992-1997,T19,Liftback/Sedan,3M
Toyota Carina e vi sportswagon,Toyota,Carina e vi sportswagon,1993-1997,T19/T19 L4545 W1695 H1425/T19 L4545 W1695 H1470/T190,Wagon,2XL
Toyota Carina i,Toyota,Carina i,1970-1978,TA1/TA12,Sedan,3S
Toyota Carina ii,Toyota,Carina ii,1978-1983,A40 facelift/A40 prefl/facelift/prefl/TA4L/TA6L,Sedan,3M
Toyota Carina iii,Toyota,Carina iii,1981-1983,Incl: A40/A60,Wagon,2L+
Toyota Carina iv,Toyota,Carina iv,1983-1987,AT151/CT150/ST150,Hatchback,2L+
Toyota Carina iv,Toyota,Carina iv,1983-1988,AT151 facelift/AT151 prefl/ST150/T150 facelift/T150 prefl,Liftback/Sedan,3M
Toyota Carina v,Toyota,Carina v,1987-1992,AT171/AT171G/CT170G/ST171/T170,Hatchback/Wagon,2L+
Toyota Carina v,Toyota,Carina v,1987-1992,AT171/ST171/T170,Sedan,3M
Toyota Celica,Toyota,Celica,1973-2005,A20/A30/facelift/prefl/ST162/ST182/ST184/T16/T18/T20/T23/TA23,Convertible/Coupe/Liftback,3M-0
Toyota Celica,Toyota,Celica,1973-1978,TA22,Coupe,3S-0
Toyota Celica,Toyota,Celica,1977-1989,Incl: A60/AT160/facelift/facelift L4370 W1635 H1310/facelift L4370 W1640 H1315/facelift L4370 W1640 H1320/prefl/prefl L4330 W1635 H1310/prefl L4330 W1640 H1315/prefl L4330 W1640 H1320/RA61/ST162/ST165/T16,Hatchback,2L+
Toyota Celica,Toyota,Celica,1981-1985,MA61 narrow/MA61 wide,Hatchback,2XL
Toyota Celica,Toyota,Celica,1981-1985,A60,Coupe,3L-0
Toyota Corolla,Toyota,Corolla,1972-1994,Incl: AE80/AE82/AE92/CE90/E80/E90/EE80/EE90/KE20/KE30/KE70,Sedan,3S
Toyota Corolla,Toyota,Corolla,1975-1997,Incl: 3dr/5dr/AE80/AE82/AE82 L3970 W1635 H1385/AE82 L4135 W1635 H1385/AE92/AE101/CE80/E80/EE80/KE36/KE70/TE71,Hatchback/Wagon,2M
Toyota Corolla,Toyota,Corolla,1975-1992,Incl: AE86/KE35/TE51,Coupe/Liftback,3S-0
Toyota Corolla,Toyota,Corolla,1982-2000,AE111/CE90/CE100/CE110/E70/E100/EE90/EE101/EE111,Hatchback,2M
Toyota Corolla,Toyota,Corolla,1983-2009,AE95/AE111/AE115 facelift/AE115 prefl/AR10 facelift/AR10 facelift L4370 W1770 H1620/AR10 facelift L4370 W1770 H1625/AR10 prefl/CE90/CE100/CE110/E70/E90/E100/E110 L4240 W1710 H1610/E110 L4320 W1690 H1445/EE90/EE101/EE111,MPV/Wagon,2L+
Toyota Corolla,Toyota,Corolla,1987-1992,AE92/CE90/EE90,Liftback,3S
Toyota Corolla,Toyota,Corolla,1992-2014,AE101/AE111/AE111 facelift/AE111 prefl/CE100/CE110/E100/E110/E120/E130/E140/E150/EE101/EE111,Liftback/Sedan,3M
Toyota Corolla,Toyota,Corolla,2001-2026,E12/E120/E130/E210,Hatchback/MPV,2L+
Toyota Corolla,Toyota,Corolla,2002-2007,E120/E130,Wagon,2L+
Toyota Corolla,Toyota,Corolla,2006-2026,E170/E210,Sedan,3L
Toyota Corolla,Toyota,Corolla,2019-2026,E210/E210 L4650 W1790 H1435/E210 L4653 W1790 H1445,Wagon,2XL
Toyota Corolla,Toyota,Corolla,2022-2026,XG10,SUV,YM
Toyota Corona,Toyota,Corona,1975-1979,RT118,Wagon,2L+
Toyota Corona,Toyota,Corona,1975-1997,Incl: AT190/RT104/RX22/T190,Liftback/Sedan,3M
Toyota Cressida,Toyota,Cressida,1977-1985,LX60/RX30,Sedan,3M
Toyota Cressida,Toyota,Cressida,1980-1988,GX61/LX71/RX60 facelift/RX60 prefl,Sedan,3L
Toyota Cressida station wagon,Toyota,Cressida station wagon,1977-1985,Incl: RX30/RX35,Wagon,2XL
Toyota Crown,Toyota,Crown,1980-1983,,Wagon,2XL
Toyota Crown,Toyota,Crown,1980-1985,MS112/MS123,Sedan,3XL
Toyota Fj cruiser,Toyota,Fj cruiser,2006-2018,GSJ15,SUV,YL
Toyota Fortuner,Toyota,Fortuner,2004-2026,AN160/TGN61 2011facelift/TGN61 pre2011,SUV,YL
Toyota Gr 86,Toyota,Gr 86,2022-2026,ZN8,Coupe,3M-0
Toyota Gt,Toyota,Gt,2012-2026,ZN6,Coupe,3M-0
Toyota Hiace / commuter v,Toyota,Hiace / commuter v,2006-2026,H200,MPV,无可用尺码
Toyota Hiace ii,Toyota,Hiace ii,1977-1983,H20/H30/RH20,MPV/Van,2L+
Toyota Hiace ii,Toyota,Hiace ii,1977-1982,RH30,MPV,2XL
Toyota Hiace iii,Toyota,Hiace iii,1982-1989,Incl: H50/H60/H70/LH50/LH51/YH50/YH51,MPV/Van,2L+
Toyota Hiace iii,Toyota,Hiace iii,1982-1989,LH60/LH61/YH60/YH61,MPV/Van,2XL
Toyota Hiace iv,Toyota,Hiace iv,1987-1995,LH51/LH61/LH66/LH71,Van,2L+
Toyota Hiace iv,Toyota,Hiace iv,1989-2012,Incl: H100/KDH201/KDH202/KDH206/KDH206H/KLH18/LH100/LH102/RZH100/RZH101/RZH103R/swb,Bus/MPV/Van,2XL
Toyota Hiace iv,Toyota,Hiace iv,1989-2012,KDH212/KDH216/LH112/RZH113R,Van,5L
Toyota Hiace iv,Toyota,Hiace iv,2001-2012,KLH28/lwb,Bus/Van,5XL
Toyota Hiace iv,Toyota,Hiace iv,2006-2012,KDH222/KDH226,Van,无可用尺码
Toyota Hiace v,Toyota,Hiace v,2004-2026,H200/KDH201/KDH202,Van,2XL
Toyota Hiace v,Toyota,Hiace v,2006-2026,KDH212,Van,5L
Toyota Hiace v,Toyota,Hiace v,2006-2026,KDH222,Van,无可用尺码
Toyota Hiace vi,Toyota,Hiace vi,2019-2026,H300,MPV,无可用尺码
Toyota Highlander,Toyota,Highlander,2003-2014,norack/roofrack/XU40,SUV,YL
Toyota Highlander,Toyota,Highlander,2014-2026,XU50/XU70,SUV,YXL
Toyota Iq,Toyota,Iq,2009-2015,KGJ10/NGJ10/NUJ10,Hatchback,无可用尺码
Toyota Isis,Toyota,Isis,2004-2014,ZGM10G/ZGM10W/ZNM10G,MPV,2XL
Toyota Land cruiser,Toyota,Land cruiser,1969-2026,BJ40RV/BJ42/BJ70/FJ40/HZJ70/KZJ70/LJ70/RJ70,SUV,无可用尺码
Toyota Land cruiser,Toyota,Land cruiser,1975-1986,BJ45V/FJ45V/HJ45V,Van,2XL
Toyota Land cruiser,Toyota,Land cruiser,1975-2026,BJ60/BJ61/FJ55/FJ60/FJ62V/HJ47V/HJ60/HJ61/HZJ77/J60,SUV,YL
Toyota Land cruiser,Toyota,Land cruiser,1975-2026,BJ46/FJ43/HZJ73/HZJ74/KZJ73/KZJ78/LJ73/RJ73,SUV,YM
Toyota Land cruiser,Toyota,Land cruiser,1990-2026,FZJ75RV/HZJ75/HZJ76/J250,SUV,YXL
Toyota Land cruiser,Toyota,Land cruiser,1990-2026,HZJ78,SUV,YXXL-525
Toyota Land cruiser 100,Toyota,Land cruiser 100,1998-2007,J100 facelift/J100 prefl/UZJ100,SUV,YXL
Toyota Land cruiser 200,Toyota,Land cruiser 200,2007-2026,J200/J200 ahc/J200 facelift2013/J200 facelift2015/J200 kdss/J200 pre2013/URJ202/VDJ200,SUV,YXL
Toyota Land cruiser 80,Toyota,Land cruiser 80,1990-1997,FJ80/HDJ81/HZJ80/J80,SUV,YL
Toyota Land cruiser 90,Toyota,Land cruiser 90,1996-2002,KDJ95/KZJ95/VZJ95,SUV,YL
Toyota Land cruiser 90,Toyota,Land cruiser 90,1996-2002,KDJ90/KZJ90/VZJ90,SUV,YM
Toyota Land cruiser hardtop,Toyota,Land cruiser hardtop,1990-1996,KZJ70/LJ70,Convertible,3S-0
Toyota Land cruiser prado,Toyota,Land cruiser prado,2002-2026,5dr/GDJ150/GRJ120/GRJ150/J120/J150/J150 5dr/J150 facelift2013/J150 facelift2017/J150 prefl/KDJ120,SUV,YL
Toyota Land cruiser prado,Toyota,Land cruiser prado,2002-2026,3dr/J125/J150 3dr,SUV,YM
Toyota Land cruiser prado,Toyota,Land cruiser prado,2024-2026,GDJ250,SUV,YXL
Toyota Land cruiser softtop,Toyota,Land cruiser softtop,1969-1984,FJ45,Convertible,3XL-0
Toyota Land cruiser softtop,Toyota,Land cruiser softtop,1974-1984,FJ40,Convertible,3S-0
Toyota Land cruiser van,Toyota,Land cruiser van,2011-2026,KDJ155 3dr facelift/KDJ155 3dr prefl,Van,2L+
Toyota Land cruiser van,Toyota,Land cruiser van,2011-2026,KDJ150 5dr facelift/KDJ150 5dr prefl,Van,2XL
Toyota Liteace,Toyota,Liteace,1979-1992,CM30/CM40/KM20V/KM30G facelift/KM30G prefl/M30/M30 facelift/M30 prefl,MPV/Van,2M
Toyota Liteace wagon,Toyota,Liteace wagon,1979-1985,CM20/KM20,MPV,2M
Toyota Mirai,Toyota,Mirai,2014-2026,JPD10/JPD20,Sedan,3XL
Toyota Model f,Toyota,Model f,1982-1990,YR20/YR21,MPV,2L+
Toyota Mr2 i,Toyota,Mr2 i,1984-1990,AW11,Coupe,3S-0
Toyota Mr2 ii,Toyota,Mr2 ii,1989-2000,SW20,Coupe/Targa,3S-0
Toyota Mr2 iii,Toyota,Mr2 iii,1999-2007,ZZW30,Convertible,3S-0
Toyota Paseo,Toyota,Paseo,1995-1999,L5,Convertible/Coupe,3S-0
Toyota Picnic,Toyota,Picnic,1996-2001,SXM10/XM1,MPV,2XL
Toyota Premio,Toyota,Premio,2007-2026,ZRT260,Sedan,3L
Toyota Previa i,Toyota,Previa i,1990-2000,,MPV,2XL
Toyota Previa ii,Toyota,Previa ii,2000-2006,ACR30/CDR30,MPV,2XL
Toyota Previa iii,Toyota,Previa iii,2005-2026,ACR50,MPV,2XL
Toyota Prius,Toyota,Prius,2000-2003,NHW11,Sedan,3M
Toyota Prius,Toyota,Prius,2003-2016,NHW20/ZVW30/ZVW35,Hatchback,2L+
Toyota Prius,Toyota,Prius,2011-2026,MXWH61/ZVW40/ZVW50/ZVW52,Hatchback/MPV,2XL
Toyota Proace,Toyota,Proace,2013-2025,MDZ4 compact/MPY4 compact/X83,MPV/Van,2XL
Toyota Proace,Toyota,Proace,2016-2026,K0/MDZ4 medium/MPY4 medium/V61T medium,MPV/Van,5L
Toyota Proace,Toyota,Proace,2018-2025,MDZ4 long/MPY4 long/V61T long,MPV/Van,无可用尺码
Toyota Proace,Toyota,Proace,2019-2025,MDZ4,Van,2XL
Toyota Proace,Toyota,Proace,2019-2026,MDZ4,Van,5L
Toyota Proace city,Toyota,Proace city,2019-2026,K9/K9 mpv swb/K9 van swb,MPV/Van,2L+
Toyota Proace city,Toyota,Proace city,2019-2026,K9 mpv lwb/K9 van lwb,MPV/Van,2XL
Toyota Proace city verso,Toyota,Proace city verso,2019-2026,K9/K9 swb,MPV/Van,2L+
Toyota Proace city verso,Toyota,Proace city verso,2019-2026,K9 lwb,MPV,2XL
Toyota Proace max,Toyota,Proace max,2024-2026,X290,Van,无可用尺码
Toyota Proace verso,Toyota,Proace verso,2016-2025,compact/K0 xs,MPV,2XL
Toyota Proace verso,Toyota,Proace verso,2016-2026,Incl: K0/K0 m/medium/MPY4 medium,MPV,5L
Toyota Proace verso,Toyota,Proace verso,2016-2025,K0 xl/long/MPY4 long,MPV,无可用尺码
Toyota Ractis,Toyota,Ractis,2005-2010,XP100,MPV,2M
Toyota Rav 4 i,Toyota,Rav 4 i,1994-2000,SXA11/XA10/XA10 5dr,SUV,YM
Toyota Rav 4 i,Toyota,Rav 4 i,1994-2000,SXA10 3dr facelift/SXA10 3dr prefl/XA10 3dr,SUV,无可用尺码
Toyota Rav 4 i cabrio,Toyota,Rav 4 i cabrio,1997-2000,XA10,Convertible,3S-0
Toyota Rav 4 ii,Toyota,Rav 4 ii,2000-2005,XA20/XA20 facelift/XA20 prefl,SUV,YM
Toyota Rav 4 iii,Toyota,Rav 4 iii,2005-2013,ACA31W facelift sport/ACA31W facelift x/ACA31W prefl sport/ACA31W prefl standard/XA30/XA30 facelift/XA30 facelift2008/XA30 facelift2010/XA30 prefl,SUV,YM
Toyota Rav 4 iv,Toyota,Rav 4 iv,2012-2019,ALA49 facelift/ALA49 prefl/XA40,SUV,YM
Toyota Rav 4 iv van,Toyota,Rav 4 iv van,2012-2018,XA40,SUV,YM
Toyota Rav 4 mk vi,Toyota,Rav 4 mk vi,2026,XA60,SUV,YM
Toyota Rav 4 v,Toyota,Rav 4 v,2018-2026,XA50/XA50 L4600 W1855 H1650/XA50 L4600 W1855 H1685,SUV,YM
Toyota Rav 4 v van,Toyota,Rav 4 v van,2018-2026,XA50,SUV,YM
Toyota Scepter,Toyota,Scepter,1992-1996,SXV10 facelift/SXV10 prefl,Sedan,4S
Toyota Sienna,Toyota,Sienna,1997-2002,XL10 facelift/XL10 prefl,MPV,5L
Toyota Sienna,Toyota,Sienna,2006-2026,XL20/XL30,MPV,5XL
Toyota Sprinter,Toyota,Sprinter,1984-1987,,Coupe,3S-0
Toyota Starlet,Toyota,Starlet,1974-1978,KP45,Coupe,3S-0
Toyota Starlet,Toyota,Starlet,1976-1999,EP70/EP71/EP81/KP36V/KP60/KP61/KP62/NP70/P60/P80/P90,Hatchback/Wagon,2M
Toyota Supra,Toyota,Supra,1986-1993,A70,Coupe,3L-0
Toyota Supra,Toyota,Supra,1993-2026,A80/A90,Coupe,3M-0
Toyota Tercel,Toyota,Tercel,1979-1988,AL11 l10 facelift/AL11 l10 prefl/AL20,Hatchback,2M
Toyota Tercel,Toyota,Tercel,1982-1988,AL25,Wagon,2L+
Toyota Tercel,Toyota,Tercel,1982-1986,L20,Sedan,3S
Toyota Urban cruiser,Toyota,Urban cruiser,2009-2016,Incl: L3930 W1725 H1525/L3930 W1725 H1540,Hatchback,2M
Toyota Urban cruiser,Toyota,Urban cruiser,2025-2026,,SUV,YM
Toyota Venza,Toyota,Venza,2008-2016,AV10,SUV,YL
Toyota Verso,Toyota,Verso,2009-2018,AR20/facelift/prefl,MPV,2L+
Toyota Verso,Toyota,Verso,2010-2016,,MPV,2M
Toyota Wish,Toyota,Wish,2003-2009,ZNE10G,MPV,2XL
Toyota Yaris,Toyota,Yaris,1999-2026,Incl: GXPA16/KSP130 facelift2014 3dr/KSP130 facelift2017 3dr/KSP130 prefl 3dr/XP10/XP10 3dr/XP10 3dr facelift/XP10 3dr prefl/XP10 5dr/XP10 5dr facelift/XP10 facelift/XP10 prefl/XP20/XP20 facelift/XP20 prefl/XP90/XP90 3dr facelift/XP90 3dr prefl/XP130/XP130 facelift/XP130 prefl/XP210,Hatchback/MPV/Van,2M
Toyota Yaris,Toyota,Yaris,2005-2013,SCP92/XP90,Sedan,3M
Toyota Yaris,Toyota,Yaris,2020-2026,XP210,SUV,YM
Trabant 1.1,Trabant,1.1,1990-1991,1.1,Wagon,2S
Trabant 1.1,Trabant,1.1,1990-1991,1.1,Convertible/Sedan,无可用尺码
Trabant P 601,Trabant,P 601,1966-1990,P601,Van,2S
Trabant P 601,Trabant,P 601,1966-1990,P601/P601 post79/P601 pre79,Sedan,无可用尺码
Trabant P 601 tramp,Trabant,P 601 tramp,1966-1990,P601,Convertible,无可用尺码
Trabant P 601 universal,Trabant,P 601 universal,1966-1990,P601 post72/P601 pre72,Wagon,2S
Triumph 1300,Triumph,1300,1965-1970,,Sedan,3S
Triumph 1500 i,Triumph,1500 i,1970-1977,,Sedan,3S
Triumph 2.5 pi mk i,Triumph,2.5 pi mk i,1968-1975,mkii,Sedan,3L
Triumph 2.5 pi mk i,Triumph,2.5 pi mk i,1968-1975,,Sedan,3M
Triumph 2.5 pi mk i estate,Triumph,2.5 pi mk i estate,1968-1975,Incl: mki/mkii pre74,Wagon,2L+
Triumph 2.5 pi mk i estate,Triumph,2.5 pi mk i estate,1968-1975,mkii post74,Wagon,2XL
Triumph 2000 mk i,Triumph,2000 mk i,1968-1972,mkii,Sedan,3L
Triumph 2000 mk i,Triumph,2000 mk i,1968-1972,mki,Sedan,3M
Triumph 2000 mk i estate,Triumph,2000 mk i estate,1968-1975,mki/mkii pre74,Wagon,2L+
Triumph 2000 mk i estate,Triumph,2000 mk i estate,1968-1975,mkii post74,Wagon,2XL
Triumph 2000 mkii,Triumph,2000 mkii,1972-1977,,Sedan,3L
Triumph 2000 mkii estate,Triumph,2000 mkii estate,1972-1975,pre74,Wagon,2L+
Triumph 2000 mkii estate,Triumph,2000 mkii estate,1972-1975,post74,Wagon,2XL
Triumph 2500,Triumph,2500,1974-1977,,Wagon,2XL
Triumph 2500,Triumph,2500,1974-1977,,Sedan,3L
Triumph Acclaim,Triumph,Acclaim,1982-1985,XD,Sedan,3S
Triumph Dolomite,Triumph,Dolomite,1972-1981,,Sedan,3S
Triumph Gt6 i,Triumph,Gt6 i,1966-1973,,Coupe,3S-0
Triumph Herald,Triumph,Herald,1961-1971,,Wagon,2M
Triumph Herald,Triumph,Herald,1961-1971,,Convertible,3S-0
Triumph Herald,Triumph,Herald,1967-1971,,Sedan,3S
Triumph Spitfire 1500,Triumph,Spitfire 1500,1975-1980,,Convertible,3S-0
Triumph Spitfire mk i,Triumph,Spitfire mk i,1962-1965,,Convertible,3S-0
Triumph Spitfire mk ii,Triumph,Spitfire mk ii,1964-1967,,Convertible,3S-0
Triumph Spitfire mk iii,Triumph,Spitfire mk iii,1967-1970,,Convertible,3S-0
Triumph Spitfire mk iv,Triumph,Spitfire mk iv,1971-1974,,Convertible,3S-0
Triumph Stag,Triumph,Stag,1970-1977,,Convertible,3M-0
Triumph Toledo,Triumph,Toledo,1970-1977,,Sedan,3S
Triumph Tr 2 i,Triumph,Tr 2 i,1953-1955,,Convertible,3S-0
Triumph Tr 3 i,Triumph,Tr 3 i,1955-1957,,Convertible,3S-0
Triumph Tr 3a i,Triumph,Tr 3a i,1957-1961,,Convertible,3S-0
Triumph Tr 4 i,Triumph,Tr 4 i,1961-1965,,Convertible,3S-0
Triumph Tr 4a,Triumph,Tr 4a,1965-1967,,Convertible,3S-0
Triumph Tr 5,Triumph,Tr 5,1967-1968,,Convertible,3S-0
Triumph Tr 6 i,Triumph,Tr 6 i,1969-1976,,Convertible,3S-0
Triumph Tr 7 i,Triumph,Tr 7 i,1975-1981,,Coupe,3S-0
Triumph Tr 7 ii,Triumph,Tr 7 ii,1979-1981,,Convertible,3S-0
Triumph Tr 8,Triumph,Tr 8,1980-1981,,Convertible,3S-0
Triumph Vitesse,Triumph,Vitesse,1962-1971,,Convertible,3S-0
Triumph Vitesse i,Triumph,Vitesse i,1962-1971,,Sedan,3S
Tropos Able xt,Tropos,Able xt,2019-2026,,Van,2M
Tyn-e Tx1-E,Tyn-e,Tx1-E,2025-2026,TX1-E,Van,2S
UAZ 452,UAZ,452,1966-2011,UAZ-452,Van,2L+
UAZ 469 / b,UAZ,469 / b,1972-1984,UAZ-469B,SUV,无可用尺码
UAZ Hunter,UAZ,Hunter,2003-2026,UAZ-315195,SUV,YM
UAZ Hunter,UAZ,Hunter,2018-2026,,SUV,无可用尺码
UAZ Patriot,UAZ,Patriot,2004-2026,Incl: UAZ-3163,SUV,YL
VW 15001600,VW,15001600,1961-1973,31/31 post69/31 pre69/Type31,Hatchback/Wagon,2L+
VW 15001600,VW,15001600,1961-1973,31/31 post69/31 pre69/Type31 post69/Type31 pre69,Sedan,3M
VW 15001600,VW,15001600,1965-1973,31,Fastback,3M-0
VW 166,VW,166,1942-1945,166,Convertible,3S-0
VW 181,VW,181,1969-1970,181,Convertible,3S-0
VW 181,VW,181,1970-1979,181,SUV,无可用尺码
VW 411412,VW,411412,1968-1975,Type411 2dr l/Type411 2dr std/Type411 411 2dr l/Type411 411 2dr std/Type412 2dr std/Type412 412 2dr std,Sedan,3M
VW 411412,VW,411412,1969-1975,Type412 2dr l/Type412 412 2dr l,Sedan,3L
VW 412,VW,412,1972-1975,412 l/412 std/Type412 l/Type412 std,Wagon,2XL
VW Arteon,VW,Arteon,2017-2026,3H,Liftback,3XL
VW Arteon,VW,Arteon,2017-2026,Incl: 3H/3H9/L4866 W1871 H1449/L4866 W1871 H1450/L4866 W1871 H1460/L4866 W1871 H1462,Hatchback/Wagon,5L
VW Atlas,VW,Atlas,2016-2026,,SUV,YXXL-525
VW Beetle,VW,Beetle,2011-2019,5C/5C1/5C facelift/5C prefl,Hatchback,2L+
VW Beetle,VW,Beetle,2011-2019,5C/5C facelift/5C prefl,Convertible,3M-0
VW Bora,VW,Bora,1998-2013,1J,Sedan,3M
VW Bora,VW,Bora,1999-2005,1J/1J6,Wagon,2L+
VW Caddy alltrack iv,VW,Caddy alltrack iv,2015-2020,2K/2K L4408 W1793 H1858/2K L4430 W1793 H1824,MPV/Van,2L+
VW Caddy california v camper,VW,Caddy california v camper,2020-2026,SBB/SBJ swb,MPV,2L+
VW Caddy california v camper,VW,Caddy california v camper,2020-2026,SBB/SBJ maxi,MPV,5L
VW Caddy ii,VW,Caddy ii,1995-2004,9K/9K9,Van,2L+
VW Caddy iii,VW,Caddy iii,2004-2015,Incl: 2K/2K facelift/2K prefl,MPV/Van,2L+
VW Caddy iv,VW,Caddy iv,2015-2020,2K,Van,2L+
VW Caddy iv,VW,Caddy iv,2018-2019,2K,MPV,2L+
VW Caddy iv,VW,Caddy iv,2018-2020,2K mpv swb/2K van swb/SA swb,MPV/Van,2L+
VW Caddy iv,VW,Caddy iv,2018-2020,2K mpv lwb/2K van lwb/SA lwb,MPV/Van,5L
VW Caddy iv,VW,Caddy iv,2020,2K,MPV,5L
VW Caddy iv,VW,Caddy iv,2020,2K,Van,5L
VW Caddy v,VW,Caddy v,2020-2026,SB/SBA/SBB,MPV/Van,2L+
VW Caddy v,VW,Caddy v,2020-2026,SBH/SBJ,MPV/Van,5L
VW California,VW,California,1994-2003,7D/70,Van,2XL
VW California,VW,California,2007-2024,7H/SG/SH,Van,5L
VW California,VW,California,2024-2026,ST,Van,5XL
VW Cc b7,VW,Cc b7,2011-2016,Incl: 3CC/358,Coupe,4S
VW Corrado,VW,Corrado,1988-1995,53I/53I facelift/53I prefl,Coupe,3S-0
VW Crafter,VW,Crafter,2016-2026,l3h2/l3h3/l4h3/l4h4/l5h3/l5h4/lwb highroof/mwb highroof/mwb lowroof/SY/SZ,MPV/Van,无可用尺码
VW Crafter 30-35,VW,Crafter 30-35,2006-2016,2E/2E lwb highroof/2E mwb highroof/2F,Bus/Van,无可用尺码
VW Crafter 30-50,VW,Crafter 30-50,2006-2013,2E swb highroof/2E swb lowroof,Van,5XL
VW Crafter 30-50,VW,Crafter 30-50,2006-2016,2E/2E lwb highroof drw/2E lwb highroof srw/2E lwb superhighroof drw/2E lwb superhighroof srw/2E lwbmaxi highroof drw/2E lwbmaxi highroof srw/2E lwbmaxi superhighroof drw/2E lwbmaxi superhighroof srw/2E mwb highroof drw/2E mwb highroof srw/2E mwb lowroof srw/2E mwb superhighroof drw/2E mwb superhighroof srw/2F,Van,无可用尺码
VW Derby,VW,Derby,1977-1984,86C/from79/pre79/TYPE87/Type87/TYPE87 facelift/TYPE87 prefl,Sedan,3S
VW Eos,VW,Eos,2006-2015,1F/1F7/1F7 facelift/1F7 prefl,Convertible,3M-0
VW Fox,VW,Fox,2005-2011,5Z,Hatchback,2M
VW Fridolin,VW,Fridolin,1964-1974,Type 147,Van,2M
VW Golf alltrack vii variant,VW,Golf alltrack vii variant,2014-2020,AUV/AUV facelift/AUV prefl,Wagon,2XL
VW Golf alltrack viii variant,VW,Golf alltrack viii variant,2020-2026,CDV,Wagon,2XL
VW Golf i,VW,Golf i,1974-1984,Incl: TYPE17/TYPE17 post78/TYPE17 pre78,Hatchback,2M
VW Golf i,VW,Golf i,1979-1993,Incl: 155/155 facelift/155 prefl/A1C/TYPE155/Type 155 facelift/Type 155 prefl,Convertible,3S-0
VW Golf ii,VW,Golf ii,1983-1992,Incl: 19E/19E L3985 W1665 H1405/19E L3985 W1665 H1415/19E L4035 W1700 H1405,Hatchback,2M
VW Golf ii van,VW,Golf ii van,1987-1991,19E,Van,2M
VW Golf iii,VW,Golf iii,1991-1997,Incl: 1H/1H1,Hatchback,2M
VW Golf iii,VW,Golf iii,1993-1998,Incl: 1E/1E7,Convertible,3S-0
VW Golf iii van,VW,Golf iii van,1991-1997,1H/1H1,Van,2M
VW Golf iii variant,VW,Golf iii variant,1993-1999,Incl: 1H/1H5,Wagon,2L+
VW Golf iv,VW,Golf iv,1997-2005,1J/1J1,Hatchback,2L+
VW Golf iv,VW,Golf iv,1998-2002,1E/1E7,Convertible,3S-0
VW Golf iv van,VW,Golf iv van,1997-2004,1J1,Van,2L+
VW Golf iv variant,VW,Golf iv variant,1999-2006,1J/1J5,Wagon,2L+
VW Golf plus v,VW,Golf plus v,2004-2013,Incl: 5M/5M1/5M1 facelift/5M1 prefl/5M facelift/5M prefl/facelift/prefl,Hatchback/MPV,2L+
VW Golf plus van,VW,Golf plus van,2009-2014,5M1,Van,2L+
VW Golf sportsvan vii,VW,Golf sportsvan vii,2014-2020,Incl: facelift/prefl,Hatchback,2L+
VW Golf v,VW,Golf v,2003-2009,Incl: 1K/1K1/L4204 W1759 H1485/L4246 W1759 H1465,Hatchback,2L+
VW Golf v variant,VW,Golf v variant,2007-2009,Incl: 1K5,Wagon,2XL
VW Golf van iii variant,VW,Golf van iii variant,1993-1999,1H5,Van,2L+
VW Golf van iv variant,VW,Golf van iv variant,1999-2006,1J5,Van,2L+
VW Golf van vi variant,VW,Golf van vi variant,2009-2014,AJ,Wagon,2XL
VW Golf van vii variant,VW,Golf van vii variant,2013-2017,AUV L4562 W1799 H1481/AUV L4562 W1799 H1515,Van,2XL
VW Golf vi,VW,Golf vi,2008-2013,Incl: 5K/5K1/5K1 3dr/5K1 5dr/5K 3dr/5K 5dr/L4210 W1786 H1479/L4213 W1786 H1469,Hatchback,2L+
VW Golf vi,VW,Golf vi,2011-2016,517/L4246 W1782 H1423/L4266 W1782 H1405,Convertible,3M-0
VW Golf vi van,VW,Golf vi van,2008-2012,1K,Van,2L+
VW Golf vi variant,VW,Golf vi variant,2009-2013,Incl: AJ/AJ5,Wagon,2XL
VW Golf vii,VW,Golf vii,2012-2021,Incl: 5G1 L4258 W1799 H1492/5G1 L4268 W1790 H1482/facelift/facelift L4258 W1799 H1492/facelift L4263 W1799 H1465/facelift L4268 W1790 H1482/facelift L4268 W1799 H1482/facelift L4276 W1799 H1484/L4255 W1799 H1452/L4258 W1799 H1492/L4263 W1799 H1465/L4268 W1799 H1482/L4270 W1799 H1473/L4276 W1799 H1436/prefl/prefl L4255 W1799 H1452/prefl L4268 W1799 H1442/prefl L4270 W1799 H1457/prefl L4276 W1799 H1436,Hatchback,2L+
VW Golf vii van,VW,Golf vii van,2012-2020,Incl: 5G1/5G1 L4255 W1799 H1452/5G1 L4268 W1799 H1442,Hatchback/Van,2L+
VW Golf vii variant,VW,Golf vii variant,2013-2021,Incl: 5G/facelift/L4562 W1799 H1481/L4567 W1799 H1515/L4575 W1799 H1481/L4586 W1789 H1495/prefl,Wagon,2XL
VW Golf viii,VW,Golf viii,2019-2026,Incl: CD1/CD1 L4284 W1789 H1456/CD1 L4287 W1789 H1478/CD1 L4290 W1789 H1458/CD L4287 W1789 H1478/CD L4295 W1789 H1465/L4282 W1789 H1483/L4284 W1789 H1456/L4284 W1789 H1491/L4287 W1789 H1484/L4289 W1789 H1471/L4289 W1789 H1476/L4289 W1789 H1478,Hatchback,2L+
VW Golf viii variant,VW,Golf viii variant,2020-2026,CD/CD1/CD1 L4633 W1789 H1455/CD1 L4644 W1789 H1466,Wagon,2XL
VW Grand california camper,VW,Grand california camper,2019-2026,600/680/SY/SZ 600/SZ 680,MPV,无可用尺码
VW Id. buzz,VW,Id. buzz,2022-2026,EBB,MPV,2XL
VW Id. buzz,VW,Id. buzz,2024-2026,EBJ,MPV,5L
VW Id. buzz cargo,VW,Id. buzz cargo,2022-2026,EBA,Van,2XL
VW Id. polo,VW,Id. polo,2026,,Hatchback,2M
VW Id.3,VW,Id.3,2019-2026,Incl: E11/E11 L4264 W1809 H1564/E11 L4265 W1809 H1563,Hatchback,2L+
VW Id.4,VW,Id.4,2020-2026,E21/E21 L4582 W1852 H1632/E21 L4582 W1852 H1637/E21 L4584 W1852 H1634,SUV,YM
VW Id.5,VW,Id.5,2021-2026,E39/E39 L4582 W1852 H1601/E39 L4582 W1852 H1619/E39 L4599 W1852 H1613,SUV,YM
VW Id.7,VW,Id.7,2023-2026,ED,Fastback,3XL
VW Id.7,VW,Id.7,2024-2026,ED,Wagon,5L
VW Iltis,VW,Iltis,1979-1988,183,SUV,无可用尺码
VW Iltis,VW,Iltis,1987-1988,183,Convertible,3S-0
VW Jetta i,VW,Jetta i,1978-1984,Incl: 16/Type16,Sedan,3S
VW Jetta ii,VW,Jetta ii,1984-1992,Incl: 16E/19E/gt/gtd/L4315 W1665 H1395/L4315 W1665 H1415/std,Sedan,3M
VW Jetta iii,VW,Jetta iii,2004-2010,Incl: 1K2,Sedan,3M
VW Jetta iv,VW,Jetta iv,2010-2018,Incl: 162/162 facelift/162 prefl/facelift/prefl,Sedan,3L
VW Jetta vii,VW,Jetta vii,2017-2026,A7,Sedan,3L
VW K 70,VW,K 70,1970-1974,48/48 post71/48 pre71,Sedan,3M
VW Kaefer,VW,Kaefer,1947-2003,11/11 from1967/11 pre1967/1302/Type11/Type11 post67/Type11 pre67/Type 11/Type 11 L4070 W1540 H1500/Type 11 L4080 W1585 H1500/Type 11 post67/Type 11 pre67/Type 113,Sedan,3S
VW Kaefer,VW,Kaefer,1949-1981,151 early/151 from1952/Type 15/Type 15 post67/Type 15 pre67,Convertible,3S-0
VW Karmann ghia,VW,Karmann ghia,1955-1974,14/Type14/Type 14,Convertible/Coupe,3S-0
VW Load up!,VW,Load up!,2012-2020,AA,Van,2S
VW Lt 28-35 i,VW,Lt 28-35 i,1975-1996,21/swb highroof/swb lowroof/Typ 21 swb lowroof/Typ 28,Bus/Van,5L
VW Lt 28-35 i,VW,Lt 28-35 i,1975-1996,lwb highroof/lwb lowroof/Typ 21 lwb highroof,Bus/Van,无可用尺码
VW Lt 28-35 ii,VW,Lt 28-35 ii,1996-2006,2DE/2DK/lwb highroof/mwb highroof/mwb lowroof/Typ 2D,Bus/MPV,无可用尺码
VW Lt 28-35 ii,VW,Lt 28-35 ii,1997-2003,2DB/swb lowroof,Bus,5L
VW Lt 28-46 ii,VW,Lt 28-46 ii,1996-2006,Typ 2D,Van,无可用尺码
VW Lt 40-55 i,VW,Lt 40-55 i,1975-1996,Typ 28/21,Van,5XL
VW Lupo i,VW,Lupo i,1998-2005,6X,Hatchback,2S
VW Multivan t5,VW,Multivan t5,2003-2015,Incl: 7H/7HM/facelift/L4890 W1904 H1944/L4890 W1904 H1970/prefl/T5,MPV/Van,5L
VW Multivan t6,VW,Multivan t6,2015-2024,Incl: SG swb/swb,Bus/MPV,5L
VW Multivan t6,VW,Multivan t6,2018-2024,lwb/SG lwb,Bus/MPV,无可用尺码
VW Multivan t7,VW,Multivan t7,2021-2026,,MPV,5L
VW New beetle,VW,New beetle,1998-2010,9C/9C1/9C facelift/9C prefl/9C prefl L4081 W1724 H1498/9C prefl L4081 W1725 H1500,Hatchback,2M
VW New beetle,VW,New beetle,2002-2010,1Y/1Y7/1Y facelift/1Y prefl,Convertible,3S-0
VW Passat alltrack b7 variant,VW,Passat alltrack b7 variant,2012-2014,Incl: 3C,Wagon,2XL
VW Passat alltrack b8 variant,VW,Passat alltrack b8 variant,2015-2024,3G/3G5/3G facelift/3G prefl,Wagon,2XL
VW Passat b1,VW,Passat b1,1973-1980,32/32 1975plus/32 post75/32 pre75/32 pre1975/Type32 3dr post75/Type32 3dr pre75,Hatchback,2L+
VW Passat b1,VW,Passat b1,1973-1977,Type 32,Sedan,3M
VW Passat b1 variant,VW,Passat b1 variant,1973-1981,33/Type33 post75/Type33 pre75,Wagon,2L+
VW Passat b2,VW,Passat b2,1979-1989,32B/Type32B,Hatchback,2L+
VW Passat b2,VW,Passat b2,1984-1988,32B/32B L4530 W1710 H1385/32B L4545 W1695 H1400/Type32B,Sedan,3M
VW Passat b2 variant,VW,Passat b2 variant,1980-1988,Incl: 32B/Type32B,Wagon,2XL
VW Passat b3/b4,VW,Passat b3/b4,1988-1996,3A/3A2/35i/35I,Sedan,3L
VW Passat b3/b4 variant,VW,Passat b3/b4 variant,1988-1997,Incl: 3A/3A5/3A5 L4595 W1720 H1445/3A5 L4595 W1720 H1485/35i/35I/b3,Wagon,2XL
VW Passat b5,VW,Passat b5,1996-2000,3B/3B2,Sedan,3L
VW Passat b5 variant,VW,Passat b5 variant,1997-2000,3B/3B5/3B5 L4669 W1740 H1496/3B5 L4670 W1740 H1500,Wagon,2XL
VW Passat b5.5,VW,Passat b5.5,2000-2005,3B3/3BG/3BG L4703 W1746 H1462/3BG L4704 W1746 H1463,Sedan,3L
VW Passat b5.5 variant,VW,Passat b5.5 variant,2000-2005,3B6/3BG,Wagon,2XL
VW Passat b6,VW,Passat b6,2005-2010,3C/3C2/3C2 L4765 W1820 H1472/3C2 L4806 W1820 H1447,Sedan,4S
VW Passat b6 variant,VW,Passat b6 variant,2005-2011,Incl: 3C/3C5/3C5 L4774 W1820 H1517/3C5 L4820 W1820 H1456,Wagon,2XL
VW Passat b7,VW,Passat b7,2010-2014,3C,Van,2XL
VW Passat b7,VW,Passat b7,2010-2014,3C/362,Sedan,4S
VW Passat b7 variant,VW,Passat b7 variant,2010-2015,Incl: 3C/3C L4771 W1820 H1508/3C L4771 W1820 H1516,Wagon,2XL
VW Passat b8,VW,Passat b8,2014-2024,3G/3G2/3G2 facelift/3G2 prefl/3G facelift/3G prefl,Sedan,4S
VW Passat b8 variant,VW,Passat b8 variant,2014-2024,3G/3G5/3G5 facelift/3G5 prefl/3G facelift/3G prefl,Wagon,2XL
VW Passat b9 variant,VW,Passat b9 variant,2023-2026,,Wagon,5L
VW Passat cc b6,VW,Passat cc b6,2008-2012,3C8/357,Coupe,4S
VW Phaeton,VW,Phaeton,2002-2016,3D/3D facelift/3D prefl,Sedan,3XXL-520
VW Polo,VW,Polo,1975-1981,TYPE86,Hatchback,2S
VW Polo,VW,Polo,1981-2026,6C/6KV5/6N/6N1/6N2/6N L3715 W1655 H1420/6N L3744 W1655 H1420/6R/6V5/9N/9N1/9N3/9N3 3dr/9N3 3dr L3916 W1650 H1459/9N3 3dr L3916 W1650 H1467/9N3 5dr/9N 3dr/9N 5dr/86C/AW/AW1/AW1 L4053 W1751 H1461/AW1 L4067 W1751 H1438/AW facelift/AW prefl/Type86C/TYPE86C/TYPE86C facelift/TYPE86C prefl,Hatchback/Van/Wagon,2M
VW Polo,VW,Polo,1981-1994,86C,Coupe,无可用尺码
VW Polo,VW,Polo,1985-2026,6KV/6KV2/6KV2 facelift/6KV2 prefl/6V2/9N/9N2/86C/87,Sedan,3S
VW Polo,VW,Polo,2010-2022,6C/6R/602,Sedan,3M
VW Routan,VW,Routan,2010-2013,7B,MPV,5XL
VW Santana,VW,Santana,1981-1984,32B/321,Sedan,3M
VW Scirocco,VW,Scirocco,1974-1992,53/53B/Type53/Type53 facelift/Type53 prefl,Coupe,3S-0
VW Scirocco,VW,Scirocco,2008-2014,13,Van,2L+
VW Scirocco,VW,Scirocco,2008-2017,13/13 facelift/13 facelift L4248 W1820 H1398/13 facelift L4256 W1810 H1406/13 L4248 W1820 H1398/13 L4256 W1810 H1406/13 prefl/13 prefl L4248 W1820 H1394/13 prefl L4256 W1810 H1404,Coupe,3M-0
VW Sharan,VW,Sharan,1995-2010,7M/7M8/7M L4617 W1810 H1728/7M L4634 W1810 H1730,MPV,2XL
VW Sharan,VW,Sharan,2010-2022,7N,MPV,5L
VW T-Cross,VW,T-Cross,2018-2026,C1/C11,SUV,YM
VW T-Roc,VW,T-Roc,2017-2026,Incl: facelift/prefl,SUV,YM
VW T-Roc,VW,T-Roc,2019-2026,,Convertible,3M-0
VW Taigo,VW,Taigo,2021-2026,CS,SUV,YM
VW Tayron,VW,Tayron,2024-2026,L4792 W1853 H1666/L4792 W1853 H1668,SUV,YL
VW Tiguan,VW,Tiguan,2007-2026,Incl: 5N/5N facelift/5N prefl/AD1/AD1 L4486 W1839 H1673/AD1 L4509 W1839 H1675/AD1 L4509 W1839 H1684/CT1/L4486 W1839 H1654/L4486 W1839 H1673,SUV,YM
VW Touareg,VW,Touareg,2002-2018,7L/7L L4754 W1928 H1726/7L L4754 W1977 H1703/7P/7P5 facelift/7P5 prefl/7P facelift/7P prefl,SUV,YL
VW Touareg,VW,Touareg,2017-2026,CR,SUV,YXL
VW Touran,VW,Touran,2003-2015,Incl: 1T/1T1/1T2/1T3/1T3 L4397 W1794 H1634/1T3 L4397 W1794 H1674/1T facelift/1T prefl,MPV,2L+
VW Touran,VW,Touran,2015-2026,5T,MPV,2XL
VW Transporter / multivan t4,VW,Transporter / multivan t4,1990-2003,swb,Bus,2XL
VW Transporter / multivan t4,VW,Transporter / multivan t4,1990-2003,swb facelift,Bus,2XL
VW Transporter / multivan t4,VW,Transporter / multivan t4,1990-2003,swb prefl,Bus,2XL
VW Transporter / multivan t4,VW,Transporter / multivan t4,1990-2003,T4 swb facelift,MPV,2XL
VW Transporter / multivan t4,VW,Transporter / multivan t4,1990-2003,T4 swb prefl,MPV,2XL
VW Transporter / multivan t4,VW,Transporter / multivan t4,1990-1995,lwb,Bus,5L
VW Transporter / multivan t4,VW,Transporter / multivan t4,1990-2003,lwb prefl,Bus,5L
VW Transporter / multivan t4,VW,Transporter / multivan t4,1990-2003,T4 lwb prefl,MPV,5L
VW Transporter / multivan t4,VW,Transporter / multivan t4,1990-2003,lwb facelift,Bus,5XL
VW Transporter / multivan t4,VW,Transporter / multivan t4,1990-2003,T4 lwb facelift,MPV,5XL
VW Transporter / multivan t4,VW,Transporter / multivan t4,1995-2003,T4 facelift swb,Bus,2XL
VW Transporter / multivan t4,VW,Transporter / multivan t4,1995-2003,T4 prefl swb,Bus,2XL
VW Transporter / multivan t4,VW,Transporter / multivan t4,1995-2000,T4 early,Van,2XL
VW Transporter / multivan t4,VW,Transporter / multivan t4,1995-2000,T4 facelift,Van,2XL
VW Transporter / multivan t4,VW,Transporter / multivan t4,1995-2003,T4 prefl lwb,Bus,5L
VW Transporter / multivan t4,VW,Transporter / multivan t4,1995-2003,T4 facelift lwb,Bus,5XL
VW Transporter / multivan t4,VW,Transporter / multivan t4,1996-2003,T4,Van,2XL
VW Transporter / multivan t4,VW,Transporter / multivan t4,1996-2003,lwb,Bus,5XL
VW Transporter t1,VW,Transporter t1,1950-1968,Incl: T1/T1 1955 57/T1 post58,MPV/Van,2L+
VW Transporter t1,VW,Transporter t1,1950-1962,T1 pre55,MPV/Van,2M
VW Transporter t2,VW,Transporter t2,1967-1979,Incl: T2/T2 facelift/T2 prefl/T2a/T2b,Bus/MPV/Van,2L+
VW Transporter t3,VW,Transporter t3,1979-1992,Incl: highroof/lowroof/syncro14/syncro16/T3/T3 highroof/T3 lowroof,Bus/MPV/Van,2XL
VW Transporter t4,VW,Transporter t4,1990-2003,70 facelift swb lowroof/70 prefl swb lowroof/swb lowroof/T4/T4 early/T4 facelift,Van,2XL
VW Transporter t4,VW,Transporter t4,1990-2003,70 prefl lwb highroof/70 prefl lwb lowroof,Van,5L
VW Transporter t4,VW,Transporter t4,1990-2003,70 facelift lwb highroof/70 facelift lwb lowroof/lwb lowroof,Van,5XL
VW Transporter t5,VW,Transporter t5,2003-2015,Incl: 7H swb lowroof/7H swb medroof/7HA swb lowroof/7HA swb medroof/7HB/7HB swb lowroof/7HB swb midroof/l1h1/l1h2/swb/swb lowroof/swb mediumroof/swb medroof/swb midroof/T5/T5 facelift/T5 prefl,Bus/MPV/Van,5L
VW Transporter t5,VW,Transporter t5,2003-2015,7H lwb highroof/7H lwb lowroof/7H lwb medroof/7HA lwb highroof/7HA lwb lowroof/7HA lwb medroof/7HB lwb highroof/7HB lwb lowroof/7HB lwb midroof/7HH lwb highroof/7HH lwb lowroof/7HH lwb medroof/7HJ/l2h1/l2h2/l2h3/lwb/lwb highroof/lwb lowroof/lwb mediumroof/lwb medroof/lwb midroof,Bus/MPV/Van,5XL
VW Transporter t6,VW,Transporter t6,2015-2024,,Van,5L
VW Transporter t6,VW,Transporter t6,2018-2024,swb/T6.1 swb lowroof,Van,5L
VW Transporter t6,VW,Transporter t6,2018-2024,lwb/T6.1 lwb highroof/T6.1 lwb lowroof,Van,无可用尺码
VW Transporter t6,VW,Transporter t6,2020-2024,,Van,无可用尺码
VW Transporter t6 / caravelle,VW,Transporter t6 / caravelle,2015-2024,,MPV,5L
VW Transporter t6 / caravelle,VW,Transporter t6 / caravelle,2018-2024,SG swb,Bus,5L
VW Transporter t6 / caravelle,VW,Transporter t6 / caravelle,2018-2024,SGB,MPV,5L
VW Transporter t6 / caravelle,VW,Transporter t6 / caravelle,2018-2024,SHB,MPV,5L
VW Transporter t6 / caravelle,VW,Transporter t6 / caravelle,2018-2024,SG lwb,Bus,无可用尺码
VW Transporter t6 / caravelle,VW,Transporter t6 / caravelle,2018-2024,SGJ,MPV,无可用尺码
VW Transporter t6 / caravelle,VW,Transporter t6 / caravelle,2018-2024,SHJ,MPV,无可用尺码
VW Transporter t6 / caravelle,VW,Transporter t6 / caravelle,2019-2024,swb L4904 W1904 H1970,MPV,5L
VW Transporter t6 / caravelle,VW,Transporter t6 / caravelle,2019-2024,swb L4904 W1904 H1990,MPV,5L
VW Transporter t6 / caravelle,VW,Transporter t6 / caravelle,2019-2024,lwb,MPV,无可用尺码
VW Transporter t6 / caravelle,VW,Transporter t6 / caravelle,2019-2024,lwb highroof,MPV,无可用尺码
VW Transporter t6 / caravelle,VW,Transporter t6 / caravelle,2020-2024,,Van,无可用尺码
VW Transporter t7,VW,Transporter t7,2024-2026,,Van,5L
VW Transporter t7 / caravelle,VW,Transporter t7 / caravelle,2024-2026,,MPV,5L
VW Up!,VW,Up!,2011-2026,Incl: facelift/prefl,Hatchback,2S
VW Vento,VW,Vento,1991-1998,Incl: 1H2/1HX0,Sedan,3M
VW Xl1,VW,Xl1,2014-2026,,Coupe,3S-0
Vauxhall Chevette,Vauxhall,Chevette,1974-1985,,Sedan,3S
Vauxhall Chevette,Vauxhall,Chevette,1976-1985,,Wagon,2L+
Vauxhall Chevette cc,Vauxhall,Chevette cc,1975-1985,,Hatchback,2M
Vauxhall Grandland,Vauxhall,Grandland,2018-2026,P1,SUV,YM
Vauxhall Zafira,Vauxhall,Zafira,2013-2016,P12,MPV,2XL
Vector M12,Vector,M12,1996-1998,,Coupe,4S
Victory Victory,Victory,Victory,2023-2026,VV042L,Van,2L+
Vinfast Vf 6,Vinfast,Vf 6,2023-2026,,SUV,YM
Vinfast Vf 8,Vinfast,Vf 8,2022-2026,,SUV,YL
Vinfast Vf 9,Vinfast,Vf 9,2023-2026,,SUV,YXXL-525
Volvo 140,Volvo,140,1966-1975,145/145 early/145 late,Wagon,2XL
Volvo 140,Volvo,140,1966-1975,142/144,Sedan,3L
Volvo 164,Volvo,164,1968-1974,164,Sedan,3L
Volvo 240,Volvo,240,1974-1993,245 facelift/245 L4785 W1707 H1427/245 L4790 W1710 H1460/245 late/P245,Wagon,2XL
Volvo 240,Volvo,240,1974-1983,242 2dr 78to80/242 2dr mid/242 2dr pre78/244 4dr 78to80/244 4dr mid/244 4dr pre78,Sedan,3XL
Volvo 240,Volvo,240,1974-1976,242/244 4dr,Sedan,3XL
Volvo 240,Volvo,240,1974-1976,244,Sedan,3XL
Volvo 240,Volvo,240,1974-1993,242 2dr late/242 2dr post80/244 4dr late/244 4dr post80/244 L4782 W1710 H1430/244 L4785 W1707 H1427/P244,Sedan,4S
Volvo 240,Volvo,240,1974-1975,244,Sedan,4S
Volvo 240,Volvo,240,1974-1980,245,Wagon,5L
Volvo 240,Volvo,240,1974-1983,245 early/245 prefl,Wagon,5L
Volvo 240,Volvo,240,1978-1985,244,Sedan,3XL
Volvo 240,Volvo,240,1979-1993,245,Wagon,2XL
Volvo 240,Volvo,240,1979-1980,242,Sedan,3XL
Volvo 240,Volvo,240,1980-1985,242,Sedan,4S
Volvo 240,Volvo,240,1980-1993,244,Sedan,4S
Volvo 260,Volvo,260,1974-1982,264 early/264 facelift/264 prefl,Sedan,3XL
Volvo 260,Volvo,260,1975-1982,265,Wagon,5L
Volvo 260,Volvo,260,1976-1982,264 late,Sedan,4S
Volvo 260,Volvo,260,1977-1978,262C,Coupe,3XL-0
Volvo 260,Volvo,260,1978-1982,264,Sedan,3XL
Volvo 260,Volvo,260,1980-1982,264,Sedan,4S
Volvo 340-360,Volvo,340-360,1975-1991,345/363/365,Hatchback,2L+
Volvo 340-360,Volvo,340-360,1975-1991,343,Hatchback,2M
Volvo 340-360,Volvo,340-360,1982-1991,Incl: 344/364/L4300 W1660 H1392/L4415 W1660 H1392,Sedan,3M
Volvo 440,Volvo,440,1988-1996,440/440 facelift/440 prefl/445/445 facelift/445 prefl/K prefl/K/K facelift,Hatchback,2L+
Volvo 460,Volvo,460,1988-1996,460 facelift/460 prefl/464/L,Sedan,3M
Volvo 480,Volvo,480,1986-1996,480/482,Coupe,3M-0
Volvo 66,Volvo,66,1975-1979,66,Wagon,2M
Volvo 66,Volvo,66,1975-1978,,Sedan,3S
Volvo 740,Volvo,740,1983-1992,Incl: 744/744 L4785 W1760 H1430/744 L4810 W1750 H1410,Sedan,4S
Volvo 740,Volvo,740,1985-1992,Incl: 745/745 L4785 W1750 H1435/745 L4785 W1761 H1435,Wagon,2XL
Volvo 760,Volvo,760,1981-1992,Incl: 704/764/764 facelift/764 prefl,Sedan,4S
Volvo 760,Volvo,760,1982-1992,Incl: 765/765 facelift/765 prefl,Wagon,2XL
Volvo 780,Volvo,780,1986-1990,Incl: 780,Coupe,4S
Volvo 850,Volvo,850,1991-1997,Incl: 854/LS,Sedan,3L
Volvo 850,Volvo,850,1992-1997,Incl: 850/855/855 AWD/855 L4709 W1760 H1415/855 L4709 W1761 H1415,Wagon,2XL
Volvo 940,Volvo,940,1990-1998,945,Wagon,2XL
Volvo 940,Volvo,940,1990-1994,945 L4810 W1750 H1435,Wagon,2XL
Volvo 940,Volvo,940,1990-1998,944/944 L4870 W1750 H1410/944 L4871 W1750 H1425,Sedan,3XL
Volvo 940,Volvo,940,1990-1995,Incl: 945 L4871 W1750 H1435,Wagon,5L
Volvo 940,Volvo,940,1992-1998,945,Wagon,5L
Volvo 960,Volvo,960,1990-1996,964,Sedan,3XL
Volvo 960,Volvo,960,1990-1996,965,Wagon,5L
Volvo C30,Volvo,C30,2006-2013,Incl: facelift/MK facelift/MK prefl/prefl,Hatchback,2L+
Volvo C40,Volvo,C40,2021-2024,,SUV,YM
Volvo C70 i,Volvo,C70 i,1997-2005,Incl: P80,Convertible/Coupe,3L-0
Volvo C70 ii,Volvo,C70 ii,2006-2013,Incl: facelift/prefl,Convertible,3L-0
Volvo Ec40,Volvo,Ec40,2024-2026,,SUV,YM
Volvo Es90,Volvo,Es90,2025-2026,,Hatchback,5L
Volvo Ex30,Volvo,Ex30,2023-2026,,SUV,YM
Volvo Ex40,Volvo,Ex40,2024-2026,,SUV,YM
Volvo Ex60,Volvo,Ex60,2026,,SUV,YL
Volvo Ex90,Volvo,Ex90,2022-2026,,SUV,YXXL-525
Volvo P 121,Volvo,P 121,1959-1971,P120/P130,Sedan,3M
Volvo P 122 s amazon,Volvo,P 122 s amazon,1959-1971,P120/P130,Sedan,3M
Volvo P 122 s amazon,Volvo,P 122 s amazon,1961-1967,P220,Wagon,2L+
Volvo P 1800,Volvo,P 1800,1962-1973,Incl: P1800,Coupe,3M-0
Volvo P 1800,Volvo,P 1800,1969-1973,P1800ES,Wagon,2L+
Volvo P 210 duett,Volvo,P 210 duett,1960-1967,P210,Wagon,2L+
Volvo P 2200,Volvo,P 2200,1964-1967,P220,Wagon,2L+
Volvo Pv 444,Volvo,Pv 444,1943-1949,,Sedan,3S
Volvo Pv 444,Volvo,Pv 444,1950-1958,PV444,Sedan,3M
Volvo Pv 445 duett,Volvo,Pv 445 duett,1953-1961,PV445,Wagon,2L+
Volvo Pv 544,Volvo,Pv 544,1958-1961,,Hatchback,2L+
Volvo Pv 544,Volvo,Pv 544,1961-1967,PV544,Sedan,3M
Volvo S40 i,Volvo,S40 i,1995-2004,VS,Sedan,3M
Volvo S40 ii,Volvo,S40 ii,2004-2012,Incl: MS,Sedan,3M
Volvo S60 i,Volvo,S60 i,2000-2010,Incl: P2,Sedan,3L
Volvo S60 ii,Volvo,S60 ii,2010-2018,Incl: facelift/L4635 W1847 H1484/L4635 W1865 H1484/prefl,Sedan,3L
Volvo S60 ii cross country,Volvo,S60 ii cross country,2015-2018,L4637 W1866 H1539/L4638 W1866 H1539,Sedan,3L
Volvo S60 iii,Volvo,S60 iii,2019-2026,Incl: facelift/L4761 W1850 H1431/L4761 W1850 H1437/prefl,Sedan,4S
Volvo S70,Volvo,S70,1996-2000,,Sedan,3L
Volvo S70,Volvo,S70,1996-2000,P80,Sedan,3L
Volvo S70,Volvo,S70,1998-2000,,Sedan,4S
Volvo S80 i,Volvo,S80 i,1998-2008,Incl: facelift/P2/P2 facelift/P2 prefl/prefl/TS,Sedan,4S
Volvo S80 ii,Volvo,S80 ii,2006-2016,Incl: AS/AS facelift13/AS pre13/facelift/facelift13/pre13/prefl,Sedan,3XL
Volvo S90 i,Volvo,S90 i,1996-1998,,Sedan,3XL
Volvo S90 ii,Volvo,S90 ii,2016-2026,Incl: facelift/prefl/SPA,Sedan,3XL
Volvo V40,Volvo,V40,1995-2019,Incl: facelift/L4369 W1802 H1420/L4369 W1802 H1445/L4370 W1802 H1420/prefl/VW,Hatchback/Wagon,2L+
Volvo V40 cross country,Volvo,V40 cross country,2012-2019,,Hatchback,2L+
Volvo V50,Volvo,V50,2003-2006,MW,Wagon,2L+
Volvo V50,Volvo,V50,2004-2012,,Wagon,2L+
Volvo V50,Volvo,V50,2005-2012,MW prefl,Wagon,2L+
Volvo V50,Volvo,V50,2005-2012,M/MW facelift,Wagon,2XL
Volvo V50,Volvo,V50,2007-2012,,Wagon,2XL
Volvo V50,Volvo,V50,2007-2010,MW,Wagon,2XL
Volvo V50,Volvo,V50,2009-2010,MW,Wagon,2L+
Volvo V60 i,Volvo,V60 i,2010-2018,Incl: facelift/L4628 W1865 H1484/L4635 W1865 H1484/prefl,Wagon,2XL
Volvo V60 i cross country,Volvo,V60 i cross country,2015-2018,Incl: L4637 W1847 H1545/L4638 W1865 H1545,Wagon,2XL
Volvo V60 ii,Volvo,V60 ii,2018-2026,,Wagon,2XL
Volvo V60 ii cross country,Volvo,V60 ii cross country,2018-2026,,Wagon,2XL
Volvo V70 i,Volvo,V70 i,1995-2000,,Wagon,2XL
Volvo V70 ii,Volvo,V70 ii,1999-2008,,Wagon,2XL
Volvo V70 iii,Volvo,V70 iii,2007-2016,Incl: 135/135 facelift/135 prefl/BW/BW facelift/BW prefl/facelift,Wagon,2XL
Volvo V90 i,Volvo,V90 i,1996-1998,,Wagon,5L
Volvo V90 ii,Volvo,V90 ii,2016-2026,Incl: 235/SPA,Wagon,5L
Volvo V90 ii cross country,Volvo,V90 ii cross country,2016-2026,Incl: 236/L4939 W1879 H1543/L4959 W1879 H1543,Wagon,5L
Volvo Xc40,Volvo,Xc40,2017-2026,Incl: 536/L4425 W1863 H1652/L4425 W1863 H1658,SUV,YM
Volvo Xc60 i,Volvo,Xc60 i,2008-2017,156,SUV,YM
Volvo Xc60 i,Volvo,Xc60 i,2009-2017,,SUV,YM
Volvo Xc60 i,Volvo,Xc60 i,2010-2017,facelift,SUV,YL
Volvo Xc60 i,Volvo,Xc60 i,2010-2017,prefl/prefl L4627 W1891 H1713/prefl L4628 W1891 H1713,SUV,YM
Volvo Xc60 i,Volvo,Xc60 i,2013-2017,,SUV,YL
Volvo Xc60 i,Volvo,Xc60 i,2014-2017,156,SUV,YL
Volvo Xc60 i van,Volvo,Xc60 i van,2013-2017,,SUV,YL
Volvo Xc60 ii,Volvo,Xc60 ii,2017-2026,Incl: L4708 W1902 H1653/L4708 W1902 H1655,SUV,YL
Volvo Xc70 i cross country,Volvo,Xc70 i cross country,2000-2007,,Wagon,2XL
Volvo Xc70 ii,Volvo,Xc70 ii,2007-2016,Incl: BZ,Wagon,5L
Volvo Xc70 ii van,Volvo,Xc70 ii van,2013-2016,,Wagon,5L
Volvo Xc90 i,Volvo,Xc90 i,2002-2014,,SUV,YL
Volvo Xc90 i van,Volvo,Xc90 i van,2013-2014,,SUV,YL
Volvo Xc90 ii,Volvo,Xc90 ii,2014-2026,Incl: facelift/prefl,SUV,YXL
Voyah Courage,Voyah,Courage,2024-2026,L4725 W1900 H1636/L4725 W1900 H1653,SUV,YL
Voyah Dream,Voyah,Dream,2024-2026,,MPV,无可用尺码
Voyah Free,Voyah,Free,2022-2026,,SUV,YXL
WEY 5,WEY,5,2023-2026,,SUV,YXL
WEY Coffee 01,WEY,Coffee 01,2023-2026,,SUV,YXL
WEY Coffee 02,WEY,Coffee 02,2023-2026,,SUV,YL
Wartburg 353,Wartburg,353,1966-1991,353,Sedan,3S
Wartburg 353,Wartburg,353,1967-1991,353,Wagon,2L+
Wiesmann Gt,Wiesmann,Gt,2003-2026,MF4,Coupe,3M-0
Wiesmann Gt,Wiesmann,Gt,2007-2026,Incl: MF5,Coupe,3S-0
Wiesmann Mf3 roadster,Wiesmann,Mf3 roadster,1996-2026,,Convertible,3S-0
Wiesmann Mf4 roadster,Wiesmann,Mf4 roadster,2009-2026,Incl: MF4,Convertible,3M-0
Wiesmann Mf5 roadster,Wiesmann,Mf5 roadster,2009-2026,Incl: MF5,Convertible,3S-0
XEV Yoyo,XEV,Yoyo,2022-2026,,Hatchback,无可用尺码
Xbus X,Xbus,X,2022-2026,,MPV,2M
Xbus Xbus,Xbus,Xbus,2022-2026,,Van,2M
Xpeng G3,Xpeng,G3,2020-2026,,SUV,YM
Xpeng G3i,Xpeng,G3i,2021-2026,,SUV,YM
Xpeng G6,Xpeng,G6,2023-2026,,SUV,YL
Xpeng G9,Xpeng,G9,2022-2026,L4891 W1937 H1670/L4891 W1937 H1680,SUV,YXL
Xpeng P7,Xpeng,P7,2020-2026,Incl: E28,Sedan,3XL
Xpeng P7+,Xpeng,P7+,2026,,Hatchback,5L
Yudo 1,Yudo,1,2026,,Hatchback,无可用尺码
Yudo 2,Yudo,2,2024-2026,,SUV,YM
Yudo 3,Yudo,3,2026,,SUV,YM
Yudo 4,Yudo,4,2024-2026,,Sedan,3L
Yudo 6,Yudo,6,2026,,SUV,YL
Yudo Yuntu,Yudo,Yuntu,2023-2026,,SUV,无可用尺码
Yugo Florida,Yugo,Florida,1991-2008,post03/pre03,Hatchback,2M
ZAZ Tavria,ZAZ,Tavria,1987-2007,1102,Hatchback,2M
ZD D2s,ZD,D2s,2019-2026,,Hatchback,无可用尺码
Zastava 10,Zastava,10,2005-2026,188,Hatchback,2M
Zastava 101,Zastava,101,1973-1993,Incl: 101,Hatchback,2M
Zastava Koral,Zastava,Koral,2002-2008,,Hatchback,2S
Zastava Yugo,Zastava,Yugo,1981-1995,,Hatchback,2S
Zeekr 1,Zeekr,1,2021-2026,,Hatchback,5L
Zeekr 7gt,Zeekr,7gt,2025-2026,,Wagon,5L
Zeekr 7x,Zeekr,7x,2024-2026,,SUV,YL
Zeekr X,Zeekr,X,2023-2026,,SUV,YM
Zenvo St1,Zenvo,St1,2009-2026,,Coupe,3L-0
Zuendapp Janus,Zuendapp,Janus,1957-1958,,Hatchback,无可用尺码
