原子行号,压缩命中数,检查结果,压缩行号,命中尺码,压缩类型,MAKE,MODEL,YEAR,VERSION,CONST,CAB,BED_FT,BACKSIZE,命中压缩行
2,1,OK,2,PK-M+,皮卡,212,Explorer 01,2026,,,Double,,PK-M+,2: 212 Explorer 01 2026   Double  PK-M+
3,1,OK,3,PK-M+,皮卡,Ambertruck,Work,2024,,,Double,,PK-M+,3: Ambertruck Work 2024-2026   Double  PK-M+
4,1,OK,3,PK-M+,皮卡,Ambertruck,Work,2025,,,Double,,PK-M+,3: Ambertruck Work 2024-2026   Double  PK-M+
5,1,OK,3,PK-M+,皮卡,Ambertruck,Work,2026,,,Double,,PK-M+,3: Ambertruck Work 2024-2026   Double  PK-M+
6,1,OK,4,PK-M,皮卡,BAW,Calorie F7,2022,,,Double,,PK-M,4: BAW Calorie F7 2022-2026   Double  PK-M
7,1,OK,5,PK-M+,皮卡,BAW,Calorie F7,2022,LWB,,Double,,PK-M+,5: BAW Calorie F7 2022-2026 LWB  Double  PK-M+
8,1,OK,4,PK-M,皮卡,BAW,Calorie F7,2023,,,Double,,PK-M,4: BAW Calorie F7 2022-2026   Double  PK-M
9,1,OK,5,PK-M+,皮卡,BAW,Calorie F7,2023,LWB,,Double,,PK-M+,5: BAW Calorie F7 2022-2026 LWB  Double  PK-M+
10,1,OK,4,PK-M,皮卡,BAW,Calorie F7,2024,,,Double,,PK-M,4: BAW Calorie F7 2022-2026   Double  PK-M
11,1,OK,5,PK-M+,皮卡,BAW,Calorie F7,2024,LWB,,Double,,PK-M+,5: BAW Calorie F7 2022-2026 LWB  Double  PK-M+
12,1,OK,4,PK-M,皮卡,BAW,Calorie F7,2025,,,Double,,PK-M,4: BAW Calorie F7 2022-2026   Double  PK-M
13,1,OK,5,PK-M+,皮卡,BAW,Calorie F7,2025,LWB,,Double,,PK-M+,5: BAW Calorie F7 2022-2026 LWB  Double  PK-M+
14,1,OK,4,PK-M,皮卡,BAW,Calorie F7,2026,,,Double,,PK-M,4: BAW Calorie F7 2022-2026   Double  PK-M
15,1,OK,5,PK-M+,皮卡,BAW,Calorie F7,2026,LWB,,Double,,PK-M+,5: BAW Calorie F7 2022-2026 LWB  Double  PK-M+
16,1,OK,6,PK-M+,皮卡,BYD,Shark (Shark 6),2024,,,Double,,PK-M+,6: BYD Shark (Shark 6) 2024-2026   Double  PK-M+
17,1,OK,6,PK-M+,皮卡,BYD,Shark (Shark 6),2025,,,Double,,PK-M+,6: BYD Shark (Shark 6) 2024-2026   Double  PK-M+
18,1,OK,6,PK-M+,皮卡,BYD,Shark (Shark 6),2026,,,Double,,PK-M+,6: BYD Shark (Shark 6) 2024-2026   Double  PK-M+
19,1,OK,7,PK-M,皮卡,Baltijas Dzips,BD-1322,1998,,,Regular,,PK-M,7: Baltijas Dzips BD-1322 1998-2001   Regular  PK-M
20,1,OK,7,PK-M,皮卡,Baltijas Dzips,BD-1322,1999,,,Regular,,PK-M,7: Baltijas Dzips BD-1322 1998-2001   Regular  PK-M
21,1,OK,7,PK-M,皮卡,Baltijas Dzips,BD-1322,2000,,,Regular,,PK-M,7: Baltijas Dzips BD-1322 1998-2001   Regular  PK-M
22,1,OK,7,PK-M,皮卡,Baltijas Dzips,BD-1322,2001,,,Regular,,PK-M,7: Baltijas Dzips BD-1322 1998-2001   Regular  PK-M
23,1,OK,8,PK-L,皮卡,Cadillac,Escalade,2001,,,Double,,PK-L,8: Cadillac Escalade 2001-2014   Double  PK-L
24,1,OK,8,PK-L,皮卡,Cadillac,Escalade,2002,,,Double,,PK-L,8: Cadillac Escalade 2001-2014   Double  PK-L
25,1,OK,8,PK-L,皮卡,Cadillac,Escalade,2003,,,Double,,PK-L,8: Cadillac Escalade 2001-2014   Double  PK-L
26,1,OK,8,PK-L,皮卡,Cadillac,Escalade,2004,,,Double,,PK-L,8: Cadillac Escalade 2001-2014   Double  PK-L
27,1,OK,8,PK-L,皮卡,Cadillac,Escalade,2005,,,Double,,PK-L,8: Cadillac Escalade 2001-2014   Double  PK-L
28,1,OK,8,PK-L,皮卡,Cadillac,Escalade,2006,,,Double,,PK-L,8: Cadillac Escalade 2001-2014   Double  PK-L
29,1,OK,8,PK-L,皮卡,Cadillac,Escalade,2007,,,Double,,PK-L,8: Cadillac Escalade 2001-2014   Double  PK-L
30,1,OK,8,PK-L,皮卡,Cadillac,Escalade,2008,,,Double,,PK-L,8: Cadillac Escalade 2001-2014   Double  PK-L
31,1,OK,8,PK-L,皮卡,Cadillac,Escalade,2009,,,Double,,PK-L,8: Cadillac Escalade 2001-2014   Double  PK-L
32,1,OK,8,PK-L,皮卡,Cadillac,Escalade,2010,,,Double,,PK-L,8: Cadillac Escalade 2001-2014   Double  PK-L
33,1,OK,8,PK-L,皮卡,Cadillac,Escalade,2011,,,Double,,PK-L,8: Cadillac Escalade 2001-2014   Double  PK-L
34,1,OK,8,PK-L,皮卡,Cadillac,Escalade,2012,,,Double,,PK-L,8: Cadillac Escalade 2001-2014   Double  PK-L
35,1,OK,8,PK-L,皮卡,Cadillac,Escalade,2013,,,Double,,PK-L,8: Cadillac Escalade 2001-2014   Double  PK-L
36,1,OK,8,PK-L,皮卡,Cadillac,Escalade,2014,,,Double,,PK-L,8: Cadillac Escalade 2001-2014   Double  PK-L
37,1,OK,9,PK-M,皮卡,Changan,Hunter,2020,,,Double,,PK-M,9: Changan Hunter 2020-2026   Double  PK-M
38,1,OK,9,PK-M,皮卡,Changan,Hunter,2021,,,Double,,PK-M,9: Changan Hunter 2020-2026   Double  PK-M
39,1,OK,9,PK-M,皮卡,Changan,Hunter,2022,,,Double,,PK-M,9: Changan Hunter 2020-2026   Double  PK-M
40,1,OK,9,PK-M,皮卡,Changan,Hunter,2023,,,Double,,PK-M,9: Changan Hunter 2020-2026   Double  PK-M
41,2,MULTI,9/10,PK-M/PK-M+,皮卡,Changan,Hunter,2024,,,Double,,PK-M,9: Changan Hunter 2020-2026   Double  PK-M || 10: Changan Hunter 2024-2026   Double  PK-M+
42,2,MULTI,9/10,PK-M/PK-M+,皮卡,Changan,Hunter,2024,,,Double,,PK-M+,9: Changan Hunter 2020-2026   Double  PK-M || 10: Changan Hunter 2024-2026   Double  PK-M+
43,2,MULTI,9/10,PK-M/PK-M+,皮卡,Changan,Hunter,2025,,,Double,,PK-M,9: Changan Hunter 2020-2026   Double  PK-M || 10: Changan Hunter 2024-2026   Double  PK-M+
44,2,MULTI,9/10,PK-M/PK-M+,皮卡,Changan,Hunter,2025,,,Double,,PK-M+,9: Changan Hunter 2020-2026   Double  PK-M || 10: Changan Hunter 2024-2026   Double  PK-M+
45,2,MULTI,9/10,PK-M/PK-M+,皮卡,Changan,Hunter,2026,,,Double,,PK-M,9: Changan Hunter 2020-2026   Double  PK-M || 10: Changan Hunter 2024-2026   Double  PK-M+
46,2,MULTI,9/10,PK-M/PK-M+,皮卡,Changan,Hunter,2026,,,Double,,PK-M+,9: Changan Hunter 2020-2026   Double  PK-M || 10: Changan Hunter 2024-2026   Double  PK-M+
47,1,OK,11,PK-M+,皮卡,Changan,Hunter Plus,2023,,,Double,,PK-M+,11: Changan Hunter Plus 2023-2026   Double  PK-M+
48,1,OK,11,PK-M+,皮卡,Changan,Hunter Plus,2024,,,Double,,PK-M+,11: Changan Hunter Plus 2023-2026   Double  PK-M+
49,1,OK,11,PK-M+,皮卡,Changan,Hunter Plus,2025,,,Double,,PK-M+,11: Changan Hunter Plus 2023-2026   Double  PK-M+
50,1,OK,11,PK-M+,皮卡,Changan,Hunter Plus,2026,,,Double,,PK-M+,11: Changan Hunter Plus 2023-2026   Double  PK-M+
51,1,OK,12,PK-M+,皮卡,Changan,Kaicene F70,2019,,,Double,,PK-M+,12: Changan Kaicene F70 2019-2023   Double  PK-M+
52,1,OK,12,PK-M+,皮卡,Changan,Kaicene F70,2020,,,Double,,PK-M+,12: Changan Kaicene F70 2019-2023   Double  PK-M+
53,1,OK,12,PK-M+,皮卡,Changan,Kaicene F70,2021,,,Double,,PK-M+,12: Changan Kaicene F70 2019-2023   Double  PK-M+
54,1,OK,12,PK-M+,皮卡,Changan,Kaicene F70,2022,,,Double,,PK-M+,12: Changan Kaicene F70 2019-2023   Double  PK-M+
55,2,MULTI,12/13,PK-L/PK-M+,皮卡,Changan,Kaicene F70,2023,,,Double,,PK-L,12: Changan Kaicene F70 2019-2023   Double  PK-M+ || 13: Changan Kaicene F70 2023-2026   Double  PK-L
56,2,MULTI,12/13,PK-L/PK-M+,皮卡,Changan,Kaicene F70,2023,,,Double,,PK-M+,12: Changan Kaicene F70 2019-2023   Double  PK-M+ || 13: Changan Kaicene F70 2023-2026   Double  PK-L
57,1,OK,13,PK-L,皮卡,Changan,Kaicene F70,2024,,,Double,,PK-L,13: Changan Kaicene F70 2023-2026   Double  PK-L
58,1,OK,13,PK-L,皮卡,Changan,Kaicene F70,2025,,,Double,,PK-L,13: Changan Kaicene F70 2023-2026   Double  PK-L
59,1,OK,13,PK-L,皮卡,Changan,Kaicene F70,2026,,,Double,,PK-L,13: Changan Kaicene F70 2023-2026   Double  PK-L
60,1,OK,15,PK-L,皮卡,Changan,Lantuozhe (Explorer),2022,Long,,Double,,PK-L,15: Changan Lantuozhe (Explorer) 2022-2026 Long  Double  PK-L
61,1,OK,14,PK-M+,皮卡,Changan,Lantuozhe (Explorer),2022,,,Double,,PK-M+,14: Changan Lantuozhe (Explorer) 2022-2026   Double  PK-M+
62,1,OK,15,PK-L,皮卡,Changan,Lantuozhe (Explorer),2023,Long,,Double,,PK-L,15: Changan Lantuozhe (Explorer) 2022-2026 Long  Double  PK-L
63,1,OK,14,PK-M+,皮卡,Changan,Lantuozhe (Explorer),2023,,,Double,,PK-M+,14: Changan Lantuozhe (Explorer) 2022-2026   Double  PK-M+
64,1,OK,15,PK-L,皮卡,Changan,Lantuozhe (Explorer),2024,Long,,Double,,PK-L,15: Changan Lantuozhe (Explorer) 2022-2026 Long  Double  PK-L
65,1,OK,14,PK-M+,皮卡,Changan,Lantuozhe (Explorer),2024,,,Double,,PK-M+,14: Changan Lantuozhe (Explorer) 2022-2026   Double  PK-M+
66,1,OK,15,PK-L,皮卡,Changan,Lantuozhe (Explorer),2025,Long,,Double,,PK-L,15: Changan Lantuozhe (Explorer) 2022-2026 Long  Double  PK-L
67,1,OK,14,PK-M+,皮卡,Changan,Lantuozhe (Explorer),2025,,,Double,,PK-M+,14: Changan Lantuozhe (Explorer) 2022-2026   Double  PK-M+
68,1,OK,15,PK-L,皮卡,Changan,Lantuozhe (Explorer),2026,Long,,Double,,PK-L,15: Changan Lantuozhe (Explorer) 2022-2026 Long  Double  PK-L
69,1,OK,14,PK-M+,皮卡,Changan,Lantuozhe (Explorer),2026,,,Double,,PK-M+,14: Changan Lantuozhe (Explorer) 2022-2026   Double  PK-M+
70,1,OK,16,PK-M,皮卡,Changfeng,Flying,2005,,,Double,,PK-M,16: Changfeng Flying 2005-2014   Double  PK-M
71,1,OK,16,PK-M,皮卡,Changfeng,Flying,2006,,,Double,,PK-M,16: Changfeng Flying 2005-2014   Double  PK-M
72,1,OK,16,PK-M,皮卡,Changfeng,Flying,2007,,,Double,,PK-M,16: Changfeng Flying 2005-2014   Double  PK-M
73,1,OK,16,PK-M,皮卡,Changfeng,Flying,2008,,,Double,,PK-M,16: Changfeng Flying 2005-2014   Double  PK-M
74,1,OK,16,PK-M,皮卡,Changfeng,Flying,2009,,,Double,,PK-M,16: Changfeng Flying 2005-2014   Double  PK-M
75,1,OK,16,PK-M,皮卡,Changfeng,Flying,2010,,,Double,,PK-M,16: Changfeng Flying 2005-2014   Double  PK-M
76,1,OK,16,PK-M,皮卡,Changfeng,Flying,2011,,,Double,,PK-M,16: Changfeng Flying 2005-2014   Double  PK-M
77,1,OK,16,PK-M,皮卡,Changfeng,Flying,2012,,,Double,,PK-M,16: Changfeng Flying 2005-2014   Double  PK-M
78,1,OK,16,PK-M,皮卡,Changfeng,Flying,2013,,,Double,,PK-M,16: Changfeng Flying 2005-2014   Double  PK-M
79,1,OK,16,PK-M,皮卡,Changfeng,Flying,2014,,,Double,,PK-M,16: Changfeng Flying 2005-2014   Double  PK-M
80,1,OK,17,PK-M,皮卡,Chery,Rely R08,2025,,,Double,,PK-M,17: Chery Rely R08 2025-2026   Double  PK-M
81,1,OK,17,PK-M,皮卡,Chery,Rely R08,2026,,,Double,,PK-M,17: Chery Rely R08 2025-2026   Double  PK-M
82,1,OK,20,PK-M,皮卡,Chevrolet,3000-Series,1947,,,Regular,,PK-M,20: Chevrolet 3000-Series 1947-1955   Regular  PK-M
83,1,OK,20,PK-M,皮卡,Chevrolet,3000-Series,1948,,,Regular,,PK-M,20: Chevrolet 3000-Series 1947-1955   Regular  PK-M
84,1,OK,20,PK-M,皮卡,Chevrolet,3000-Series,1949,,,Regular,,PK-M,20: Chevrolet 3000-Series 1947-1955   Regular  PK-M
85,1,OK,20,PK-M,皮卡,Chevrolet,3000-Series,1950,,,Regular,,PK-M,20: Chevrolet 3000-Series 1947-1955   Regular  PK-M
86,1,OK,20,PK-M,皮卡,Chevrolet,3000-Series,1951,,,Regular,,PK-M,20: Chevrolet 3000-Series 1947-1955   Regular  PK-M
87,1,OK,20,PK-M,皮卡,Chevrolet,3000-Series,1952,,,Regular,,PK-M,20: Chevrolet 3000-Series 1947-1955   Regular  PK-M
88,1,OK,20,PK-M,皮卡,Chevrolet,3000-Series,1953,,,Regular,,PK-M,20: Chevrolet 3000-Series 1947-1955   Regular  PK-M
89,1,OK,20,PK-M,皮卡,Chevrolet,3000-Series,1954,,,Regular,,PK-M,20: Chevrolet 3000-Series 1947-1955   Regular  PK-M
90,1,OK,20,PK-M,皮卡,Chevrolet,3000-Series,1955,,,Regular,,PK-M,20: Chevrolet 3000-Series 1947-1955   Regular  PK-M
91,1,OK,21,无可用尺码,皮卡,Chevrolet,Apache,1955,,,Regular,,无可用尺码,21: Chevrolet Apache 1955-1960   Regular  无可用尺码
92,1,OK,21,无可用尺码,皮卡,Chevrolet,Apache,1956,,,Regular,,无可用尺码,21: Chevrolet Apache 1955-1960   Regular  无可用尺码
93,1,OK,21,无可用尺码,皮卡,Chevrolet,Apache,1957,,,Regular,,无可用尺码,21: Chevrolet Apache 1955-1960   Regular  无可用尺码
94,1,OK,21,无可用尺码,皮卡,Chevrolet,Apache,1958,,,Regular,,无可用尺码,21: Chevrolet Apache 1955-1960   Regular  无可用尺码
95,1,OK,21,无可用尺码,皮卡,Chevrolet,Apache,1959,,,Regular,,无可用尺码,21: Chevrolet Apache 1955-1960   Regular  无可用尺码
96,1,OK,21,无可用尺码,皮卡,Chevrolet,Apache,1960,,,Regular,,无可用尺码,21: Chevrolet Apache 1955-1960   Regular  无可用尺码
97,1,OK,22,PK-L,皮卡,Chevrolet,Avalanche,2001,,,Double,,PK-L,22: Chevrolet Avalanche 2001-2013   Double  PK-L
98,1,OK,22,PK-L,皮卡,Chevrolet,Avalanche,2002,,,Double,,PK-L,22: Chevrolet Avalanche 2001-2013   Double  PK-L
99,1,OK,22,PK-L,皮卡,Chevrolet,Avalanche,2003,,,Double,,PK-L,22: Chevrolet Avalanche 2001-2013   Double  PK-L
100,1,OK,22,PK-L,皮卡,Chevrolet,Avalanche,2004,,,Double,,PK-L,22: Chevrolet Avalanche 2001-2013   Double  PK-L
101,1,OK,22,PK-L,皮卡,Chevrolet,Avalanche,2005,,,Double,,PK-L,22: Chevrolet Avalanche 2001-2013   Double  PK-L
102,1,OK,22,PK-L,皮卡,Chevrolet,Avalanche,2006,,,Double,,PK-L,22: Chevrolet Avalanche 2001-2013   Double  PK-L
103,1,OK,22,PK-L,皮卡,Chevrolet,Avalanche,2007,,,Double,,PK-L,22: Chevrolet Avalanche 2001-2013   Double  PK-L
104,1,OK,22,PK-L,皮卡,Chevrolet,Avalanche,2008,,,Double,,PK-L,22: Chevrolet Avalanche 2001-2013   Double  PK-L
105,1,OK,22,PK-L,皮卡,Chevrolet,Avalanche,2009,,,Double,,PK-L,22: Chevrolet Avalanche 2001-2013   Double  PK-L
106,1,OK,22,PK-L,皮卡,Chevrolet,Avalanche,2010,,,Double,,PK-L,22: Chevrolet Avalanche 2001-2013   Double  PK-L
107,1,OK,22,PK-L,皮卡,Chevrolet,Avalanche,2011,,,Double,,PK-L,22: Chevrolet Avalanche 2001-2013   Double  PK-L
108,1,OK,22,PK-L,皮卡,Chevrolet,Avalanche,2012,,,Double,,PK-L,22: Chevrolet Avalanche 2001-2013   Double  PK-L
109,1,OK,22,PK-L,皮卡,Chevrolet,Avalanche,2013,,,Double,,PK-L,22: Chevrolet Avalanche 2001-2013   Double  PK-L
110,1,OK,23,PK-M,皮卡,Chevrolet,C-10,1960,,,Regular,,PK-M,23: Chevrolet C-10 1960-1988   Regular  PK-M
111,1,OK,23,PK-M,皮卡,Chevrolet,C-10,1961,,,Regular,,PK-M,23: Chevrolet C-10 1960-1988   Regular  PK-M
112,1,OK,23,PK-M,皮卡,Chevrolet,C-10,1962,,,Regular,,PK-M,23: Chevrolet C-10 1960-1988   Regular  PK-M
113,1,OK,23,PK-M,皮卡,Chevrolet,C-10,1963,,,Regular,,PK-M,23: Chevrolet C-10 1960-1988   Regular  PK-M
114,1,OK,23,PK-M,皮卡,Chevrolet,C-10,1964,,,Regular,,PK-M,23: Chevrolet C-10 1960-1988   Regular  PK-M
115,1,OK,23,PK-M,皮卡,Chevrolet,C-10,1965,,,Regular,,PK-M,23: Chevrolet C-10 1960-1988   Regular  PK-M
116,1,OK,23,PK-M,皮卡,Chevrolet,C-10,1966,,,Regular,,PK-M,23: Chevrolet C-10 1960-1988   Regular  PK-M
117,1,OK,23,PK-M,皮卡,Chevrolet,C-10,1967,,,Regular,,PK-M,23: Chevrolet C-10 1960-1988   Regular  PK-M
118,1,OK,23,PK-M,皮卡,Chevrolet,C-10,1968,,,Regular,,PK-M,23: Chevrolet C-10 1960-1988   Regular  PK-M
119,1,OK,23,PK-M,皮卡,Chevrolet,C-10,1969,,,Regular,,PK-M,23: Chevrolet C-10 1960-1988   Regular  PK-M
120,1,OK,23,PK-M,皮卡,Chevrolet,C-10,1970,,,Regular,,PK-M,23: Chevrolet C-10 1960-1988   Regular  PK-M
121,1,OK,23,PK-M,皮卡,Chevrolet,C-10,1971,,,Regular,,PK-M,23: Chevrolet C-10 1960-1988   Regular  PK-M
122,1,OK,23,PK-M,皮卡,Chevrolet,C-10,1972,,,Regular,,PK-M,23: Chevrolet C-10 1960-1988   Regular  PK-M
123,1,OK,23,PK-M,皮卡,Chevrolet,C-10,1973,,,Regular,,PK-M,23: Chevrolet C-10 1960-1988   Regular  PK-M
124,1,OK,23,PK-M,皮卡,Chevrolet,C-10,1974,,,Regular,,PK-M,23: Chevrolet C-10 1960-1988   Regular  PK-M
125,1,OK,23,PK-M,皮卡,Chevrolet,C-10,1975,,,Regular,,PK-M,23: Chevrolet C-10 1960-1988   Regular  PK-M
126,1,OK,23,PK-M,皮卡,Chevrolet,C-10,1976,,,Regular,,PK-M,23: Chevrolet C-10 1960-1988   Regular  PK-M
127,1,OK,23,PK-M,皮卡,Chevrolet,C-10,1977,,,Regular,,PK-M,23: Chevrolet C-10 1960-1988   Regular  PK-M
128,1,OK,23,PK-M,皮卡,Chevrolet,C-10,1978,,,Regular,,PK-M,23: Chevrolet C-10 1960-1988   Regular  PK-M
129,1,OK,23,PK-M,皮卡,Chevrolet,C-10,1979,,,Regular,,PK-M,23: Chevrolet C-10 1960-1988   Regular  PK-M
130,1,OK,23,PK-M,皮卡,Chevrolet,C-10,1980,,,Regular,,PK-M,23: Chevrolet C-10 1960-1988   Regular  PK-M
131,1,OK,23,PK-M,皮卡,Chevrolet,C-10,1981,,,Regular,,PK-M,23: Chevrolet C-10 1960-1988   Regular  PK-M
132,1,OK,23,PK-M,皮卡,Chevrolet,C-10,1982,,,Regular,,PK-M,23: Chevrolet C-10 1960-1988   Regular  PK-M
133,1,OK,23,PK-M,皮卡,Chevrolet,C-10,1983,,,Regular,,PK-M,23: Chevrolet C-10 1960-1988   Regular  PK-M
134,1,OK,23,PK-M,皮卡,Chevrolet,C-10,1984,,,Regular,,PK-M,23: Chevrolet C-10 1960-1988   Regular  PK-M
135,1,OK,23,PK-M,皮卡,Chevrolet,C-10,1985,,,Regular,,PK-M,23: Chevrolet C-10 1960-1988   Regular  PK-M
136,1,OK,23,PK-M,皮卡,Chevrolet,C-10,1986,,,Regular,,PK-M,23: Chevrolet C-10 1960-1988   Regular  PK-M
137,1,OK,23,PK-M,皮卡,Chevrolet,C-10,1987,,,Regular,,PK-M,23: Chevrolet C-10 1960-1988   Regular  PK-M
138,1,OK,23,PK-M,皮卡,Chevrolet,C-10,1988,,,Regular,,PK-M,23: Chevrolet C-10 1960-1988   Regular  PK-M
139,1,OK,18,PK-M,皮卡,Chevrolet,C/K,1967,,,Regular,,PK-M,18: Chevrolet C/K 1967-2000   Regular/Double/Extended  PK-M
140,1,OK,18,PK-M,皮卡,Chevrolet,C/K,1968,,,Regular,,PK-M,18: Chevrolet C/K 1967-2000   Regular/Double/Extended  PK-M
141,1,OK,18,PK-M,皮卡,Chevrolet,C/K,1969,,,Regular,,PK-M,18: Chevrolet C/K 1967-2000   Regular/Double/Extended  PK-M
142,1,OK,18,PK-M,皮卡,Chevrolet,C/K,1970,,,Regular,,PK-M,18: Chevrolet C/K 1967-2000   Regular/Double/Extended  PK-M
143,1,OK,18,PK-M,皮卡,Chevrolet,C/K,1971,,,Regular,,PK-M,18: Chevrolet C/K 1967-2000   Regular/Double/Extended  PK-M
144,1,OK,18,PK-M,皮卡,Chevrolet,C/K,1972,,,Regular,,PK-M,18: Chevrolet C/K 1967-2000   Regular/Double/Extended  PK-M
145,1,OK,18,PK-M,皮卡,Chevrolet,C/K,1973,,,Regular,,PK-M,18: Chevrolet C/K 1967-2000   Regular/Double/Extended  PK-M
146,1,OK,18,PK-M,皮卡,Chevrolet,C/K,1974,,,Regular,,PK-M,18: Chevrolet C/K 1967-2000   Regular/Double/Extended  PK-M
147,1,OK,18,PK-M,皮卡,Chevrolet,C/K,1975,,,Regular,,PK-M,18: Chevrolet C/K 1967-2000   Regular/Double/Extended  PK-M
148,1,OK,18,PK-M,皮卡,Chevrolet,C/K,1976,,,Regular,,PK-M,18: Chevrolet C/K 1967-2000   Regular/Double/Extended  PK-M
149,1,OK,18,PK-M,皮卡,Chevrolet,C/K,1977,,,Regular,,PK-M,18: Chevrolet C/K 1967-2000   Regular/Double/Extended  PK-M
150,1,OK,18,PK-M,皮卡,Chevrolet,C/K,1978,,,Regular,,PK-M,18: Chevrolet C/K 1967-2000   Regular/Double/Extended  PK-M
151,1,OK,18,PK-M,皮卡,Chevrolet,C/K,1979,,,Regular,,PK-M,18: Chevrolet C/K 1967-2000   Regular/Double/Extended  PK-M
152,1,OK,18,PK-M,皮卡,Chevrolet,C/K,1980,,,Regular,,PK-M,18: Chevrolet C/K 1967-2000   Regular/Double/Extended  PK-M
153,1,OK,18,PK-M,皮卡,Chevrolet,C/K,1981,,,Regular,,PK-M,18: Chevrolet C/K 1967-2000   Regular/Double/Extended  PK-M
154,1,OK,18,PK-M,皮卡,Chevrolet,C/K,1982,,,Regular,,PK-M,18: Chevrolet C/K 1967-2000   Regular/Double/Extended  PK-M
155,1,OK,18,PK-M,皮卡,Chevrolet,C/K,1983,,,Regular,,PK-M,18: Chevrolet C/K 1967-2000   Regular/Double/Extended  PK-M
156,1,OK,18,PK-M,皮卡,Chevrolet,C/K,1984,,,Regular,,PK-M,18: Chevrolet C/K 1967-2000   Regular/Double/Extended  PK-M
157,1,OK,18,PK-M,皮卡,Chevrolet,C/K,1985,,,Regular,,PK-M,18: Chevrolet C/K 1967-2000   Regular/Double/Extended  PK-M
158,1,OK,18,PK-M,皮卡,Chevrolet,C/K,1986,,,Regular,,PK-M,18: Chevrolet C/K 1967-2000   Regular/Double/Extended  PK-M
159,1,OK,18,PK-M,皮卡,Chevrolet,C/K,1987,,,Regular,,PK-M,18: Chevrolet C/K 1967-2000   Regular/Double/Extended  PK-M
160,1,OK,18,PK-M,皮卡,Chevrolet,C/K,1988,,,Double,,PK-M,18: Chevrolet C/K 1967-2000   Regular/Double/Extended  PK-M
161,1,OK,18,PK-M,皮卡,Chevrolet,C/K,1988,,,Extended,,PK-M,18: Chevrolet C/K 1967-2000   Regular/Double/Extended  PK-M
162,1,OK,18,PK-M,皮卡,Chevrolet,C/K,1988,,,Regular,,PK-M,18: Chevrolet C/K 1967-2000   Regular/Double/Extended  PK-M
163,1,OK,18,PK-M,皮卡,Chevrolet,C/K,1989,,,Double,,PK-M,18: Chevrolet C/K 1967-2000   Regular/Double/Extended  PK-M
164,1,OK,18,PK-M,皮卡,Chevrolet,C/K,1989,,,Extended,,PK-M,18: Chevrolet C/K 1967-2000   Regular/Double/Extended  PK-M
165,1,OK,18,PK-M,皮卡,Chevrolet,C/K,1989,,,Regular,,PK-M,18: Chevrolet C/K 1967-2000   Regular/Double/Extended  PK-M
166,1,OK,18,PK-M,皮卡,Chevrolet,C/K,1990,,,Double,,PK-M,18: Chevrolet C/K 1967-2000   Regular/Double/Extended  PK-M
167,1,OK,18,PK-M,皮卡,Chevrolet,C/K,1990,,,Extended,,PK-M,18: Chevrolet C/K 1967-2000   Regular/Double/Extended  PK-M
168,1,OK,18,PK-M,皮卡,Chevrolet,C/K,1990,,,Regular,,PK-M,18: Chevrolet C/K 1967-2000   Regular/Double/Extended  PK-M
169,1,OK,18,PK-M,皮卡,Chevrolet,C/K,1991,,,Double,,PK-M,18: Chevrolet C/K 1967-2000   Regular/Double/Extended  PK-M
170,1,OK,18,PK-M,皮卡,Chevrolet,C/K,1991,,,Extended,,PK-M,18: Chevrolet C/K 1967-2000   Regular/Double/Extended  PK-M
171,1,OK,18,PK-M,皮卡,Chevrolet,C/K,1991,,,Regular,,PK-M,18: Chevrolet C/K 1967-2000   Regular/Double/Extended  PK-M
172,1,OK,18,PK-M,皮卡,Chevrolet,C/K,1992,,,Double,,PK-M,18: Chevrolet C/K 1967-2000   Regular/Double/Extended  PK-M
173,1,OK,18,PK-M,皮卡,Chevrolet,C/K,1992,,,Extended,,PK-M,18: Chevrolet C/K 1967-2000   Regular/Double/Extended  PK-M
174,1,OK,18,PK-M,皮卡,Chevrolet,C/K,1992,,,Regular,,PK-M,18: Chevrolet C/K 1967-2000   Regular/Double/Extended  PK-M
175,1,OK,18,PK-M,皮卡,Chevrolet,C/K,1993,,,Double,,PK-M,18: Chevrolet C/K 1967-2000   Regular/Double/Extended  PK-M
176,1,OK,18,PK-M,皮卡,Chevrolet,C/K,1993,,,Extended,,PK-M,18: Chevrolet C/K 1967-2000   Regular/Double/Extended  PK-M
177,1,OK,18,PK-M,皮卡,Chevrolet,C/K,1993,,,Regular,,PK-M,18: Chevrolet C/K 1967-2000   Regular/Double/Extended  PK-M
178,1,OK,18,PK-M,皮卡,Chevrolet,C/K,1994,,,Double,,PK-M,18: Chevrolet C/K 1967-2000   Regular/Double/Extended  PK-M
179,1,OK,18,PK-M,皮卡,Chevrolet,C/K,1994,,,Extended,,PK-M,18: Chevrolet C/K 1967-2000   Regular/Double/Extended  PK-M
180,1,OK,18,PK-M,皮卡,Chevrolet,C/K,1994,,,Regular,,PK-M,18: Chevrolet C/K 1967-2000   Regular/Double/Extended  PK-M
181,1,OK,18,PK-M,皮卡,Chevrolet,C/K,1995,,,Double,,PK-M,18: Chevrolet C/K 1967-2000   Regular/Double/Extended  PK-M
182,1,OK,18,PK-M,皮卡,Chevrolet,C/K,1995,,,Extended,,PK-M,18: Chevrolet C/K 1967-2000   Regular/Double/Extended  PK-M
183,1,OK,18,PK-M,皮卡,Chevrolet,C/K,1995,,,Regular,,PK-M,18: Chevrolet C/K 1967-2000   Regular/Double/Extended  PK-M
184,1,OK,18,PK-M,皮卡,Chevrolet,C/K,1996,,,Double,,PK-M,18: Chevrolet C/K 1967-2000   Regular/Double/Extended  PK-M
185,1,OK,18,PK-M,皮卡,Chevrolet,C/K,1996,,,Extended,,PK-M,18: Chevrolet C/K 1967-2000   Regular/Double/Extended  PK-M
186,1,OK,18,PK-M,皮卡,Chevrolet,C/K,1996,,,Regular,,PK-M,18: Chevrolet C/K 1967-2000   Regular/Double/Extended  PK-M
187,1,OK,18,PK-M,皮卡,Chevrolet,C/K,1997,,,Double,,PK-M,18: Chevrolet C/K 1967-2000   Regular/Double/Extended  PK-M
188,1,OK,18,PK-M,皮卡,Chevrolet,C/K,1997,,,Extended,,PK-M,18: Chevrolet C/K 1967-2000   Regular/Double/Extended  PK-M
189,1,OK,18,PK-M,皮卡,Chevrolet,C/K,1997,,,Regular,,PK-M,18: Chevrolet C/K 1967-2000   Regular/Double/Extended  PK-M
190,1,OK,18,PK-M,皮卡,Chevrolet,C/K,1998,,,Double,,PK-M,18: Chevrolet C/K 1967-2000   Regular/Double/Extended  PK-M
191,1,OK,18,PK-M,皮卡,Chevrolet,C/K,1998,,,Extended,,PK-M,18: Chevrolet C/K 1967-2000   Regular/Double/Extended  PK-M
192,1,OK,18,PK-M,皮卡,Chevrolet,C/K,1998,,,Regular,,PK-M,18: Chevrolet C/K 1967-2000   Regular/Double/Extended  PK-M
193,1,OK,18,PK-M,皮卡,Chevrolet,C/K,1999,,,Double,,PK-M,18: Chevrolet C/K 1967-2000   Regular/Double/Extended  PK-M
194,1,OK,18,PK-M,皮卡,Chevrolet,C/K,1999,,,Extended,,PK-M,18: Chevrolet C/K 1967-2000   Regular/Double/Extended  PK-M
195,1,OK,18,PK-M,皮卡,Chevrolet,C/K,1999,,,Regular,,PK-M,18: Chevrolet C/K 1967-2000   Regular/Double/Extended  PK-M
196,1,OK,18,PK-M,皮卡,Chevrolet,C/K,2000,,,Double,,PK-M,18: Chevrolet C/K 1967-2000   Regular/Double/Extended  PK-M
197,1,OK,18,PK-M,皮卡,Chevrolet,C/K,2000,,,Extended,,PK-M,18: Chevrolet C/K 1967-2000   Regular/Double/Extended  PK-M
198,1,OK,18,PK-M,皮卡,Chevrolet,C/K,2000,,,Regular,,PK-M,18: Chevrolet C/K 1967-2000   Regular/Double/Extended  PK-M
199,1,OK,24,PK-M,皮卡,Chevrolet,Colorado,2004,,,Double,,PK-M,24: Chevrolet Colorado 2004-2012   Double  PK-M
200,1,OK,25,PK-M,皮卡,Chevrolet,Colorado,2004,,,Extended,,PK-M,25: Chevrolet Colorado 2004-2012   Extended  PK-M
201,1,OK,26,PK-M,皮卡,Chevrolet,Colorado,2004,,,Regular,,PK-M,26: Chevrolet Colorado 2004-2012   Regular  PK-M
202,1,OK,24,PK-M,皮卡,Chevrolet,Colorado,2005,,,Double,,PK-M,24: Chevrolet Colorado 2004-2012   Double  PK-M
203,1,OK,25,PK-M,皮卡,Chevrolet,Colorado,2005,,,Extended,,PK-M,25: Chevrolet Colorado 2004-2012   Extended  PK-M
204,1,OK,26,PK-M,皮卡,Chevrolet,Colorado,2005,,,Regular,,PK-M,26: Chevrolet Colorado 2004-2012   Regular  PK-M
205,1,OK,24,PK-M,皮卡,Chevrolet,Colorado,2006,,,Double,,PK-M,24: Chevrolet Colorado 2004-2012   Double  PK-M
206,1,OK,25,PK-M,皮卡,Chevrolet,Colorado,2006,,,Extended,,PK-M,25: Chevrolet Colorado 2004-2012   Extended  PK-M
207,1,OK,26,PK-M,皮卡,Chevrolet,Colorado,2006,,,Regular,,PK-M,26: Chevrolet Colorado 2004-2012   Regular  PK-M
208,1,OK,24,PK-M,皮卡,Chevrolet,Colorado,2007,,,Double,,PK-M,24: Chevrolet Colorado 2004-2012   Double  PK-M
209,1,OK,25,PK-M,皮卡,Chevrolet,Colorado,2007,,,Extended,,PK-M,25: Chevrolet Colorado 2004-2012   Extended  PK-M
210,1,OK,26,PK-M,皮卡,Chevrolet,Colorado,2007,,,Regular,,PK-M,26: Chevrolet Colorado 2004-2012   Regular  PK-M
211,1,OK,24,PK-M,皮卡,Chevrolet,Colorado,2008,,,Double,,PK-M,24: Chevrolet Colorado 2004-2012   Double  PK-M
212,1,OK,25,PK-M,皮卡,Chevrolet,Colorado,2008,,,Extended,,PK-M,25: Chevrolet Colorado 2004-2012   Extended  PK-M
213,1,OK,26,PK-M,皮卡,Chevrolet,Colorado,2008,,,Regular,,PK-M,26: Chevrolet Colorado 2004-2012   Regular  PK-M
214,1,OK,24,PK-M,皮卡,Chevrolet,Colorado,2009,,,Double,,PK-M,24: Chevrolet Colorado 2004-2012   Double  PK-M
215,1,OK,25,PK-M,皮卡,Chevrolet,Colorado,2009,,,Extended,,PK-M,25: Chevrolet Colorado 2004-2012   Extended  PK-M
216,1,OK,26,PK-M,皮卡,Chevrolet,Colorado,2009,,,Regular,,PK-M,26: Chevrolet Colorado 2004-2012   Regular  PK-M
217,1,OK,24,PK-M,皮卡,Chevrolet,Colorado,2010,,,Double,,PK-M,24: Chevrolet Colorado 2004-2012   Double  PK-M
218,1,OK,25,PK-M,皮卡,Chevrolet,Colorado,2010,,,Extended,,PK-M,25: Chevrolet Colorado 2004-2012   Extended  PK-M
219,1,OK,26,PK-M,皮卡,Chevrolet,Colorado,2010,,,Regular,,PK-M,26: Chevrolet Colorado 2004-2012   Regular  PK-M
220,1,OK,24,PK-M,皮卡,Chevrolet,Colorado,2011,,,Double,,PK-M,24: Chevrolet Colorado 2004-2012   Double  PK-M
221,1,OK,25,PK-M,皮卡,Chevrolet,Colorado,2011,,,Extended,,PK-M,25: Chevrolet Colorado 2004-2012   Extended  PK-M
222,1,OK,26,PK-M,皮卡,Chevrolet,Colorado,2011,,,Regular,,PK-M,26: Chevrolet Colorado 2004-2012   Regular  PK-M
223,1,OK,27,PK-L,皮卡,Chevrolet,Colorado,2012,,,Crew,,PK-L,27: Chevrolet Colorado 2012-2022   Crew  PK-L
224,1,OK,29,PK-L,皮卡,Chevrolet,Colorado,2012,ZR2,,Crew,,PK-L,29: Chevrolet Colorado 2012-2022 ZR2  Crew  PK-L
225,1,OK,24,PK-M,皮卡,Chevrolet,Colorado,2012,,,Double,,PK-M,24: Chevrolet Colorado 2004-2012   Double  PK-M
226,2,MULTI,25/28,PK-M/PK-M+,皮卡,Chevrolet,Colorado,2012,,,Extended,,PK-M,25: Chevrolet Colorado 2004-2012   Extended  PK-M || 28: Chevrolet Colorado 2012-2022   Extended  PK-M+
227,1,OK,26,PK-M,皮卡,Chevrolet,Colorado,2012,,,Regular,,PK-M,26: Chevrolet Colorado 2004-2012   Regular  PK-M
228,2,MULTI,25/28,PK-M/PK-M+,皮卡,Chevrolet,Colorado,2012,,,Extended,,PK-M+,25: Chevrolet Colorado 2004-2012   Extended  PK-M || 28: Chevrolet Colorado 2012-2022   Extended  PK-M+
229,1,OK,30,PK-M+,皮卡,Chevrolet,Colorado,2012,ZR2,,Extended,,PK-M+,30: Chevrolet Colorado 2012-2022 ZR2  Extended  PK-M+
230,1,OK,27,PK-L,皮卡,Chevrolet,Colorado,2013,,,Crew,,PK-L,27: Chevrolet Colorado 2012-2022   Crew  PK-L
231,1,OK,29,PK-L,皮卡,Chevrolet,Colorado,2013,ZR2,,Crew,,PK-L,29: Chevrolet Colorado 2012-2022 ZR2  Crew  PK-L
232,1,OK,28,PK-M+,皮卡,Chevrolet,Colorado,2013,,,Extended,,PK-M+,28: Chevrolet Colorado 2012-2022   Extended  PK-M+
233,1,OK,30,PK-M+,皮卡,Chevrolet,Colorado,2013,ZR2,,Extended,,PK-M+,30: Chevrolet Colorado 2012-2022 ZR2  Extended  PK-M+
234,1,OK,27,PK-L,皮卡,Chevrolet,Colorado,2014,,,Crew,,PK-L,27: Chevrolet Colorado 2012-2022   Crew  PK-L
235,1,OK,29,PK-L,皮卡,Chevrolet,Colorado,2014,ZR2,,Crew,,PK-L,29: Chevrolet Colorado 2012-2022 ZR2  Crew  PK-L
236,1,OK,28,PK-M+,皮卡,Chevrolet,Colorado,2014,,,Extended,,PK-M+,28: Chevrolet Colorado 2012-2022   Extended  PK-M+
237,1,OK,30,PK-M+,皮卡,Chevrolet,Colorado,2014,ZR2,,Extended,,PK-M+,30: Chevrolet Colorado 2012-2022 ZR2  Extended  PK-M+
238,1,OK,27,PK-L,皮卡,Chevrolet,Colorado,2015,,,Crew,,PK-L,27: Chevrolet Colorado 2012-2022   Crew  PK-L
239,1,OK,29,PK-L,皮卡,Chevrolet,Colorado,2015,ZR2,,Crew,,PK-L,29: Chevrolet Colorado 2012-2022 ZR2  Crew  PK-L
240,1,OK,28,PK-M+,皮卡,Chevrolet,Colorado,2015,,,Extended,,PK-M+,28: Chevrolet Colorado 2012-2022   Extended  PK-M+
241,1,OK,30,PK-M+,皮卡,Chevrolet,Colorado,2015,ZR2,,Extended,,PK-M+,30: Chevrolet Colorado 2012-2022 ZR2  Extended  PK-M+
242,1,OK,27,PK-L,皮卡,Chevrolet,Colorado,2016,,,Crew,,PK-L,27: Chevrolet Colorado 2012-2022   Crew  PK-L
243,1,OK,29,PK-L,皮卡,Chevrolet,Colorado,2016,ZR2,,Crew,,PK-L,29: Chevrolet Colorado 2012-2022 ZR2  Crew  PK-L
244,1,OK,28,PK-M+,皮卡,Chevrolet,Colorado,2016,,,Extended,,PK-M+,28: Chevrolet Colorado 2012-2022   Extended  PK-M+
245,1,OK,30,PK-M+,皮卡,Chevrolet,Colorado,2016,ZR2,,Extended,,PK-M+,30: Chevrolet Colorado 2012-2022 ZR2  Extended  PK-M+
246,1,OK,27,PK-L,皮卡,Chevrolet,Colorado,2017,,,Crew,,PK-L,27: Chevrolet Colorado 2012-2022   Crew  PK-L
247,1,OK,29,PK-L,皮卡,Chevrolet,Colorado,2017,ZR2,,Crew,,PK-L,29: Chevrolet Colorado 2012-2022 ZR2  Crew  PK-L
248,1,OK,28,PK-M+,皮卡,Chevrolet,Colorado,2017,,,Extended,,PK-M+,28: Chevrolet Colorado 2012-2022   Extended  PK-M+
249,1,OK,30,PK-M+,皮卡,Chevrolet,Colorado,2017,ZR2,,Extended,,PK-M+,30: Chevrolet Colorado 2012-2022 ZR2  Extended  PK-M+
250,1,OK,27,PK-L,皮卡,Chevrolet,Colorado,2018,,,Crew,,PK-L,27: Chevrolet Colorado 2012-2022   Crew  PK-L
251,1,OK,29,PK-L,皮卡,Chevrolet,Colorado,2018,ZR2,,Crew,,PK-L,29: Chevrolet Colorado 2012-2022 ZR2  Crew  PK-L
252,1,OK,28,PK-M+,皮卡,Chevrolet,Colorado,2018,,,Extended,,PK-M+,28: Chevrolet Colorado 2012-2022   Extended  PK-M+
253,1,OK,30,PK-M+,皮卡,Chevrolet,Colorado,2018,ZR2,,Extended,,PK-M+,30: Chevrolet Colorado 2012-2022 ZR2  Extended  PK-M+
254,1,OK,27,PK-L,皮卡,Chevrolet,Colorado,2019,,,Crew,,PK-L,27: Chevrolet Colorado 2012-2022   Crew  PK-L
255,1,OK,29,PK-L,皮卡,Chevrolet,Colorado,2019,ZR2,,Crew,,PK-L,29: Chevrolet Colorado 2012-2022 ZR2  Crew  PK-L
256,1,OK,28,PK-M+,皮卡,Chevrolet,Colorado,2019,,,Extended,,PK-M+,28: Chevrolet Colorado 2012-2022   Extended  PK-M+
257,1,OK,30,PK-M+,皮卡,Chevrolet,Colorado,2019,ZR2,,Extended,,PK-M+,30: Chevrolet Colorado 2012-2022 ZR2  Extended  PK-M+
258,1,OK,27,PK-L,皮卡,Chevrolet,Colorado,2020,,,Crew,,PK-L,27: Chevrolet Colorado 2012-2022   Crew  PK-L
259,1,OK,29,PK-L,皮卡,Chevrolet,Colorado,2020,ZR2,,Crew,,PK-L,29: Chevrolet Colorado 2012-2022 ZR2  Crew  PK-L
260,1,OK,28,PK-M+,皮卡,Chevrolet,Colorado,2020,,,Extended,,PK-M+,28: Chevrolet Colorado 2012-2022   Extended  PK-M+
261,1,OK,30,PK-M+,皮卡,Chevrolet,Colorado,2020,ZR2,,Extended,,PK-M+,30: Chevrolet Colorado 2012-2022 ZR2  Extended  PK-M+
262,1,OK,27,PK-L,皮卡,Chevrolet,Colorado,2021,,,Crew,,PK-L,27: Chevrolet Colorado 2012-2022   Crew  PK-L
263,1,OK,29,PK-L,皮卡,Chevrolet,Colorado,2021,ZR2,,Crew,,PK-L,29: Chevrolet Colorado 2012-2022 ZR2  Crew  PK-L
264,1,OK,28,PK-M+,皮卡,Chevrolet,Colorado,2021,,,Extended,,PK-M+,28: Chevrolet Colorado 2012-2022   Extended  PK-M+
265,1,OK,30,PK-M+,皮卡,Chevrolet,Colorado,2021,ZR2,,Extended,,PK-M+,30: Chevrolet Colorado 2012-2022 ZR2  Extended  PK-M+
266,1,OK,27,PK-L,皮卡,Chevrolet,Colorado,2022,,,Crew,,PK-L,27: Chevrolet Colorado 2012-2022   Crew  PK-L
267,1,OK,29,PK-L,皮卡,Chevrolet,Colorado,2022,ZR2,,Crew,,PK-L,29: Chevrolet Colorado 2012-2022 ZR2  Crew  PK-L
268,1,OK,31,PK-M+,皮卡,Chevrolet,Colorado,2022,,,Double,,PK-M+,31: Chevrolet Colorado 2022-2026   Double  PK-M+
269,1,OK,28,PK-M+,皮卡,Chevrolet,Colorado,2022,,,Extended,,PK-M+,28: Chevrolet Colorado 2012-2022   Extended  PK-M+
270,1,OK,30,PK-M+,皮卡,Chevrolet,Colorado,2022,ZR2,,Extended,,PK-M+,30: Chevrolet Colorado 2012-2022 ZR2  Extended  PK-M+
271,1,OK,31,PK-M+,皮卡,Chevrolet,Colorado,2023,,,Double,,PK-M+,31: Chevrolet Colorado 2022-2026   Double  PK-M+
272,1,OK,31,PK-M+,皮卡,Chevrolet,Colorado,2024,,,Double,,PK-M+,31: Chevrolet Colorado 2022-2026   Double  PK-M+
273,1,OK,31,PK-M+,皮卡,Chevrolet,Colorado,2025,,,Double,,PK-M+,31: Chevrolet Colorado 2022-2026   Double  PK-M+
274,1,OK,31,PK-M+,皮卡,Chevrolet,Colorado,2026,,,Double,,PK-M+,31: Chevrolet Colorado 2022-2026   Double  PK-M+
275,1,OK,19,PK-M+,皮卡,Chevrolet,El Camino,1959,,,Regular,,PK-M+,19: Chevrolet El Camino 1959-1967   Regular  PK-M+
276,1,OK,19,PK-M+,皮卡,Chevrolet,El Camino,1960,,,Regular,,PK-M+,19: Chevrolet El Camino 1959-1967   Regular  PK-M+
277,1,OK,19,PK-M+,皮卡,Chevrolet,El Camino,1964,,,Regular,,PK-M+,19: Chevrolet El Camino 1959-1967   Regular  PK-M+
278,1,OK,19,PK-M+,皮卡,Chevrolet,El Camino,1965,,,Regular,,PK-M+,19: Chevrolet El Camino 1959-1967   Regular  PK-M+
279,1,OK,19,PK-M+,皮卡,Chevrolet,El Camino,1966,,,Regular,,PK-M+,19: Chevrolet El Camino 1959-1967   Regular  PK-M+
280,1,OK,19,PK-M+,皮卡,Chevrolet,El Camino,1967,,,Regular,,PK-M+,19: Chevrolet El Camino 1959-1967   Regular  PK-M+
281,1,OK,32,PK-M,皮卡,Chevrolet,El Camino,1968,,,Regular,,PK-M,32: Chevrolet El Camino 1968-1972   Regular  PK-M
282,1,OK,32,PK-M,皮卡,Chevrolet,El Camino,1969,,,Regular,,PK-M,32: Chevrolet El Camino 1968-1972   Regular  PK-M
283,1,OK,32,PK-M,皮卡,Chevrolet,El Camino,1970,,,Regular,,PK-M,32: Chevrolet El Camino 1968-1972   Regular  PK-M
284,1,OK,32,PK-M,皮卡,Chevrolet,El Camino,1971,,,Regular,,PK-M,32: Chevrolet El Camino 1968-1972   Regular  PK-M
285,1,OK,32,PK-M,皮卡,Chevrolet,El Camino,1972,,,Regular,,PK-M,32: Chevrolet El Camino 1968-1972   Regular  PK-M
286,1,OK,33,PK-M+,皮卡,Chevrolet,El Camino,1973,,,Regular,,PK-M+,33: Chevrolet El Camino 1973-1987   Regular  PK-M+
287,1,OK,33,PK-M+,皮卡,Chevrolet,El Camino,1974,,,Regular,,PK-M+,33: Chevrolet El Camino 1973-1987   Regular  PK-M+
288,1,OK,33,PK-M+,皮卡,Chevrolet,El Camino,1975,,,Regular,,PK-M+,33: Chevrolet El Camino 1973-1987   Regular  PK-M+
289,1,OK,33,PK-M+,皮卡,Chevrolet,El Camino,1976,,,Regular,,PK-M+,33: Chevrolet El Camino 1973-1987   Regular  PK-M+
290,1,OK,33,PK-M+,皮卡,Chevrolet,El Camino,1977,,,Regular,,PK-M+,33: Chevrolet El Camino 1973-1987   Regular  PK-M+
291,1,OK,33,PK-M+,皮卡,Chevrolet,El Camino,1978,,,Regular,,PK-M+,33: Chevrolet El Camino 1973-1987   Regular  PK-M+
292,1,OK,33,PK-M+,皮卡,Chevrolet,El Camino,1979,,,Regular,,PK-M+,33: Chevrolet El Camino 1973-1987   Regular  PK-M+
293,1,OK,33,PK-M+,皮卡,Chevrolet,El Camino,1980,,,Regular,,PK-M+,33: Chevrolet El Camino 1973-1987   Regular  PK-M+
294,1,OK,33,PK-M+,皮卡,Chevrolet,El Camino,1981,,,Regular,,PK-M+,33: Chevrolet El Camino 1973-1987   Regular  PK-M+
295,1,OK,33,PK-M+,皮卡,Chevrolet,El Camino,1982,,,Regular,,PK-M+,33: Chevrolet El Camino 1973-1987   Regular  PK-M+
296,1,OK,33,PK-M+,皮卡,Chevrolet,El Camino,1983,,,Regular,,PK-M+,33: Chevrolet El Camino 1973-1987   Regular  PK-M+
297,1,OK,33,PK-M+,皮卡,Chevrolet,El Camino,1984,,,Regular,,PK-M+,33: Chevrolet El Camino 1973-1987   Regular  PK-M+
298,1,OK,33,PK-M+,皮卡,Chevrolet,El Camino,1985,,,Regular,,PK-M+,33: Chevrolet El Camino 1973-1987   Regular  PK-M+
299,1,OK,33,PK-M+,皮卡,Chevrolet,El Camino,1986,,,Regular,,PK-M+,33: Chevrolet El Camino 1973-1987   Regular  PK-M+
300,1,OK,33,PK-M+,皮卡,Chevrolet,El Camino,1987,,,Regular,,PK-M+,33: Chevrolet El Camino 1973-1987   Regular  PK-M+
301,1,OK,34,PK-M,皮卡,Chevrolet,LUV D-MAX,2006,,,Double,,PK-M,34: Chevrolet LUV D-MAX 2006-2011   Double  PK-M
302,1,OK,34,PK-M,皮卡,Chevrolet,LUV D-MAX,2007,,,Double,,PK-M,34: Chevrolet LUV D-MAX 2006-2011   Double  PK-M
303,1,OK,34,PK-M,皮卡,Chevrolet,LUV D-MAX,2008,,,Double,,PK-M,34: Chevrolet LUV D-MAX 2006-2011   Double  PK-M
304,1,OK,34,PK-M,皮卡,Chevrolet,LUV D-MAX,2009,,,Double,,PK-M,34: Chevrolet LUV D-MAX 2006-2011   Double  PK-M
305,1,OK,34,PK-M,皮卡,Chevrolet,LUV D-MAX,2010,,,Double,,PK-M,34: Chevrolet LUV D-MAX 2006-2011   Double  PK-M
306,1,OK,34,PK-M,皮卡,Chevrolet,LUV D-MAX,2011,,,Double,,PK-M,34: Chevrolet LUV D-MAX 2006-2011   Double  PK-M
307,1,OK,36,PK-M,皮卡,Chevrolet,S-10 Pickup,1982,,,Extended,,PK-M,36: Chevrolet S-10 Pickup 1982-2012   Extended  PK-M
308,1,OK,35,无可用尺码,皮卡,Chevrolet,S-10 Pickup,1982,,,Regular,,无可用尺码,35: Chevrolet S-10 Pickup 1982-1994   Regular  无可用尺码
309,1,OK,36,PK-M,皮卡,Chevrolet,S-10 Pickup,1983,,,Extended,,PK-M,36: Chevrolet S-10 Pickup 1982-2012   Extended  PK-M
310,1,OK,35,无可用尺码,皮卡,Chevrolet,S-10 Pickup,1983,,,Regular,,无可用尺码,35: Chevrolet S-10 Pickup 1982-1994   Regular  无可用尺码
311,1,OK,36,PK-M,皮卡,Chevrolet,S-10 Pickup,1984,,,Extended,,PK-M,36: Chevrolet S-10 Pickup 1982-2012   Extended  PK-M
312,1,OK,35,无可用尺码,皮卡,Chevrolet,S-10 Pickup,1984,,,Regular,,无可用尺码,35: Chevrolet S-10 Pickup 1982-1994   Regular  无可用尺码
313,1,OK,36,PK-M,皮卡,Chevrolet,S-10 Pickup,1985,,,Extended,,PK-M,36: Chevrolet S-10 Pickup 1982-2012   Extended  PK-M
314,1,OK,35,无可用尺码,皮卡,Chevrolet,S-10 Pickup,1985,,,Regular,,无可用尺码,35: Chevrolet S-10 Pickup 1982-1994   Regular  无可用尺码
315,1,OK,36,PK-M,皮卡,Chevrolet,S-10 Pickup,1986,,,Extended,,PK-M,36: Chevrolet S-10 Pickup 1982-2012   Extended  PK-M
316,1,OK,35,无可用尺码,皮卡,Chevrolet,S-10 Pickup,1986,,,Regular,,无可用尺码,35: Chevrolet S-10 Pickup 1982-1994   Regular  无可用尺码
317,1,OK,36,PK-M,皮卡,Chevrolet,S-10 Pickup,1987,,,Extended,,PK-M,36: Chevrolet S-10 Pickup 1982-2012   Extended  PK-M
318,1,OK,35,无可用尺码,皮卡,Chevrolet,S-10 Pickup,1987,,,Regular,,无可用尺码,35: Chevrolet S-10 Pickup 1982-1994   Regular  无可用尺码
319,1,OK,36,PK-M,皮卡,Chevrolet,S-10 Pickup,1988,,,Extended,,PK-M,36: Chevrolet S-10 Pickup 1982-2012   Extended  PK-M
320,1,OK,35,无可用尺码,皮卡,Chevrolet,S-10 Pickup,1988,,,Regular,,无可用尺码,35: Chevrolet S-10 Pickup 1982-1994   Regular  无可用尺码
321,1,OK,36,PK-M,皮卡,Chevrolet,S-10 Pickup,1989,,,Extended,,PK-M,36: Chevrolet S-10 Pickup 1982-2012   Extended  PK-M
322,1,OK,35,无可用尺码,皮卡,Chevrolet,S-10 Pickup,1989,,,Regular,,无可用尺码,35: Chevrolet S-10 Pickup 1982-1994   Regular  无可用尺码
323,1,OK,36,PK-M,皮卡,Chevrolet,S-10 Pickup,1990,,,Extended,,PK-M,36: Chevrolet S-10 Pickup 1982-2012   Extended  PK-M
324,1,OK,35,无可用尺码,皮卡,Chevrolet,S-10 Pickup,1990,,,Regular,,无可用尺码,35: Chevrolet S-10 Pickup 1982-1994   Regular  无可用尺码
325,1,OK,36,PK-M,皮卡,Chevrolet,S-10 Pickup,1991,,,Extended,,PK-M,36: Chevrolet S-10 Pickup 1982-2012   Extended  PK-M
326,1,OK,35,无可用尺码,皮卡,Chevrolet,S-10 Pickup,1991,,,Regular,,无可用尺码,35: Chevrolet S-10 Pickup 1982-1994   Regular  无可用尺码
327,1,OK,36,PK-M,皮卡,Chevrolet,S-10 Pickup,1992,,,Extended,,PK-M,36: Chevrolet S-10 Pickup 1982-2012   Extended  PK-M
328,1,OK,35,无可用尺码,皮卡,Chevrolet,S-10 Pickup,1992,,,Regular,,无可用尺码,35: Chevrolet S-10 Pickup 1982-1994   Regular  无可用尺码
329,1,OK,37,PK-M,皮卡,Chevrolet,S-10 Pickup,1993,,,Double,,PK-M,37: Chevrolet S-10 Pickup 1993-2012   Double  PK-M
330,1,OK,36,PK-M,皮卡,Chevrolet,S-10 Pickup,1993,,,Extended,,PK-M,36: Chevrolet S-10 Pickup 1982-2012   Extended  PK-M
331,2,MULTI,35/38,PK-M/无可用尺码,皮卡,Chevrolet,S-10 Pickup,1993,,,Regular,,PK-M,35: Chevrolet S-10 Pickup 1982-1994   Regular  无可用尺码 || 38: Chevrolet S-10 Pickup 1993-2012   Regular  PK-M
332,2,MULTI,35/38,PK-M/无可用尺码,皮卡,Chevrolet,S-10 Pickup,1993,,,Regular,,无可用尺码,35: Chevrolet S-10 Pickup 1982-1994   Regular  无可用尺码 || 38: Chevrolet S-10 Pickup 1993-2012   Regular  PK-M
333,1,OK,37,PK-M,皮卡,Chevrolet,S-10 Pickup,1994,,,Double,,PK-M,37: Chevrolet S-10 Pickup 1993-2012   Double  PK-M
334,1,OK,36,PK-M,皮卡,Chevrolet,S-10 Pickup,1994,,,Extended,,PK-M,36: Chevrolet S-10 Pickup 1982-2012   Extended  PK-M
335,2,MULTI,35/38,PK-M/无可用尺码,皮卡,Chevrolet,S-10 Pickup,1994,,,Regular,,PK-M,35: Chevrolet S-10 Pickup 1982-1994   Regular  无可用尺码 || 38: Chevrolet S-10 Pickup 1993-2012   Regular  PK-M
336,2,MULTI,35/38,PK-M/无可用尺码,皮卡,Chevrolet,S-10 Pickup,1994,,,Regular,,无可用尺码,35: Chevrolet S-10 Pickup 1982-1994   Regular  无可用尺码 || 38: Chevrolet S-10 Pickup 1993-2012   Regular  PK-M
337,1,OK,37,PK-M,皮卡,Chevrolet,S-10 Pickup,1995,,,Double,,PK-M,37: Chevrolet S-10 Pickup 1993-2012   Double  PK-M
338,1,OK,36,PK-M,皮卡,Chevrolet,S-10 Pickup,1995,,,Extended,,PK-M,36: Chevrolet S-10 Pickup 1982-2012   Extended  PK-M
339,1,OK,38,PK-M,皮卡,Chevrolet,S-10 Pickup,1995,,,Regular,,PK-M,38: Chevrolet S-10 Pickup 1993-2012   Regular  PK-M
340,1,OK,37,PK-M,皮卡,Chevrolet,S-10 Pickup,1996,,,Double,,PK-M,37: Chevrolet S-10 Pickup 1993-2012   Double  PK-M
341,1,OK,36,PK-M,皮卡,Chevrolet,S-10 Pickup,1996,,,Extended,,PK-M,36: Chevrolet S-10 Pickup 1982-2012   Extended  PK-M
342,1,OK,38,PK-M,皮卡,Chevrolet,S-10 Pickup,1996,,,Regular,,PK-M,38: Chevrolet S-10 Pickup 1993-2012   Regular  PK-M
343,1,OK,37,PK-M,皮卡,Chevrolet,S-10 Pickup,1997,,,Double,,PK-M,37: Chevrolet S-10 Pickup 1993-2012   Double  PK-M
344,1,OK,36,PK-M,皮卡,Chevrolet,S-10 Pickup,1997,,,Extended,,PK-M,36: Chevrolet S-10 Pickup 1982-2012   Extended  PK-M
345,1,OK,38,PK-M,皮卡,Chevrolet,S-10 Pickup,1997,,,Regular,,PK-M,38: Chevrolet S-10 Pickup 1993-2012   Regular  PK-M
346,1,OK,37,PK-M,皮卡,Chevrolet,S-10 Pickup,1998,,,Double,,PK-M,37: Chevrolet S-10 Pickup 1993-2012   Double  PK-M
347,1,OK,36,PK-M,皮卡,Chevrolet,S-10 Pickup,1998,,,Extended,,PK-M,36: Chevrolet S-10 Pickup 1982-2012   Extended  PK-M
348,1,OK,38,PK-M,皮卡,Chevrolet,S-10 Pickup,1998,,,Regular,,PK-M,38: Chevrolet S-10 Pickup 1993-2012   Regular  PK-M
349,1,OK,37,PK-M,皮卡,Chevrolet,S-10 Pickup,1999,,,Double,,PK-M,37: Chevrolet S-10 Pickup 1993-2012   Double  PK-M
350,1,OK,36,PK-M,皮卡,Chevrolet,S-10 Pickup,1999,,,Extended,,PK-M,36: Chevrolet S-10 Pickup 1982-2012   Extended  PK-M
351,1,OK,38,PK-M,皮卡,Chevrolet,S-10 Pickup,1999,,,Regular,,PK-M,38: Chevrolet S-10 Pickup 1993-2012   Regular  PK-M
352,1,OK,37,PK-M,皮卡,Chevrolet,S-10 Pickup,2000,,,Double,,PK-M,37: Chevrolet S-10 Pickup 1993-2012   Double  PK-M
353,1,OK,36,PK-M,皮卡,Chevrolet,S-10 Pickup,2000,,,Extended,,PK-M,36: Chevrolet S-10 Pickup 1982-2012   Extended  PK-M
354,1,OK,38,PK-M,皮卡,Chevrolet,S-10 Pickup,2000,,,Regular,,PK-M,38: Chevrolet S-10 Pickup 1993-2012   Regular  PK-M
355,1,OK,37,PK-M,皮卡,Chevrolet,S-10 Pickup,2001,,,Double,,PK-M,37: Chevrolet S-10 Pickup 1993-2012   Double  PK-M
356,1,OK,36,PK-M,皮卡,Chevrolet,S-10 Pickup,2001,,,Extended,,PK-M,36: Chevrolet S-10 Pickup 1982-2012   Extended  PK-M
357,1,OK,38,PK-M,皮卡,Chevrolet,S-10 Pickup,2001,,,Regular,,PK-M,38: Chevrolet S-10 Pickup 1993-2012   Regular  PK-M
358,1,OK,37,PK-M,皮卡,Chevrolet,S-10 Pickup,2002,,,Double,,PK-M,37: Chevrolet S-10 Pickup 1993-2012   Double  PK-M
359,1,OK,36,PK-M,皮卡,Chevrolet,S-10 Pickup,2002,,,Extended,,PK-M,36: Chevrolet S-10 Pickup 1982-2012   Extended  PK-M
360,1,OK,38,PK-M,皮卡,Chevrolet,S-10 Pickup,2002,,,Regular,,PK-M,38: Chevrolet S-10 Pickup 1993-2012   Regular  PK-M
361,1,OK,37,PK-M,皮卡,Chevrolet,S-10 Pickup,2003,,,Double,,PK-M,37: Chevrolet S-10 Pickup 1993-2012   Double  PK-M
362,1,OK,36,PK-M,皮卡,Chevrolet,S-10 Pickup,2003,,,Extended,,PK-M,36: Chevrolet S-10 Pickup 1982-2012   Extended  PK-M
363,1,OK,38,PK-M,皮卡,Chevrolet,S-10 Pickup,2003,,,Regular,,PK-M,38: Chevrolet S-10 Pickup 1993-2012   Regular  PK-M
364,1,OK,37,PK-M,皮卡,Chevrolet,S-10 Pickup,2004,,,Double,,PK-M,37: Chevrolet S-10 Pickup 1993-2012   Double  PK-M
365,1,OK,36,PK-M,皮卡,Chevrolet,S-10 Pickup,2004,,,Extended,,PK-M,36: Chevrolet S-10 Pickup 1982-2012   Extended  PK-M
366,1,OK,38,PK-M,皮卡,Chevrolet,S-10 Pickup,2004,,,Regular,,PK-M,38: Chevrolet S-10 Pickup 1993-2012   Regular  PK-M
367,1,OK,37,PK-M,皮卡,Chevrolet,S-10 Pickup,2005,,,Double,,PK-M,37: Chevrolet S-10 Pickup 1993-2012   Double  PK-M
368,1,OK,36,PK-M,皮卡,Chevrolet,S-10 Pickup,2005,,,Extended,,PK-M,36: Chevrolet S-10 Pickup 1982-2012   Extended  PK-M
369,1,OK,38,PK-M,皮卡,Chevrolet,S-10 Pickup,2005,,,Regular,,PK-M,38: Chevrolet S-10 Pickup 1993-2012   Regular  PK-M
370,1,OK,37,PK-M,皮卡,Chevrolet,S-10 Pickup,2006,,,Double,,PK-M,37: Chevrolet S-10 Pickup 1993-2012   Double  PK-M
371,1,OK,36,PK-M,皮卡,Chevrolet,S-10 Pickup,2006,,,Extended,,PK-M,36: Chevrolet S-10 Pickup 1982-2012   Extended  PK-M
372,1,OK,38,PK-M,皮卡,Chevrolet,S-10 Pickup,2006,,,Regular,,PK-M,38: Chevrolet S-10 Pickup 1993-2012   Regular  PK-M
373,1,OK,37,PK-M,皮卡,Chevrolet,S-10 Pickup,2007,,,Double,,PK-M,37: Chevrolet S-10 Pickup 1993-2012   Double  PK-M
374,1,OK,36,PK-M,皮卡,Chevrolet,S-10 Pickup,2007,,,Extended,,PK-M,36: Chevrolet S-10 Pickup 1982-2012   Extended  PK-M
375,1,OK,38,PK-M,皮卡,Chevrolet,S-10 Pickup,2007,,,Regular,,PK-M,38: Chevrolet S-10 Pickup 1993-2012   Regular  PK-M
376,1,OK,37,PK-M,皮卡,Chevrolet,S-10 Pickup,2008,,,Double,,PK-M,37: Chevrolet S-10 Pickup 1993-2012   Double  PK-M
377,1,OK,36,PK-M,皮卡,Chevrolet,S-10 Pickup,2008,,,Extended,,PK-M,36: Chevrolet S-10 Pickup 1982-2012   Extended  PK-M
378,1,OK,38,PK-M,皮卡,Chevrolet,S-10 Pickup,2008,,,Regular,,PK-M,38: Chevrolet S-10 Pickup 1993-2012   Regular  PK-M
379,1,OK,37,PK-M,皮卡,Chevrolet,S-10 Pickup,2009,,,Double,,PK-M,37: Chevrolet S-10 Pickup 1993-2012   Double  PK-M
380,1,OK,36,PK-M,皮卡,Chevrolet,S-10 Pickup,2009,,,Extended,,PK-M,36: Chevrolet S-10 Pickup 1982-2012   Extended  PK-M
381,1,OK,38,PK-M,皮卡,Chevrolet,S-10 Pickup,2009,,,Regular,,PK-M,38: Chevrolet S-10 Pickup 1993-2012   Regular  PK-M
382,1,OK,37,PK-M,皮卡,Chevrolet,S-10 Pickup,2010,,,Double,,PK-M,37: Chevrolet S-10 Pickup 1993-2012   Double  PK-M
383,1,OK,36,PK-M,皮卡,Chevrolet,S-10 Pickup,2010,,,Extended,,PK-M,36: Chevrolet S-10 Pickup 1982-2012   Extended  PK-M
384,1,OK,38,PK-M,皮卡,Chevrolet,S-10 Pickup,2010,,,Regular,,PK-M,38: Chevrolet S-10 Pickup 1993-2012   Regular  PK-M
385,1,OK,37,PK-M,皮卡,Chevrolet,S-10 Pickup,2011,,,Double,,PK-M,37: Chevrolet S-10 Pickup 1993-2012   Double  PK-M
386,1,OK,36,PK-M,皮卡,Chevrolet,S-10 Pickup,2011,,,Extended,,PK-M,36: Chevrolet S-10 Pickup 1982-2012   Extended  PK-M
387,1,OK,38,PK-M,皮卡,Chevrolet,S-10 Pickup,2011,,,Regular,,PK-M,38: Chevrolet S-10 Pickup 1993-2012   Regular  PK-M
388,1,OK,37,PK-M,皮卡,Chevrolet,S-10 Pickup,2012,,,Double,,PK-M,37: Chevrolet S-10 Pickup 1993-2012   Double  PK-M
389,1,OK,36,PK-M,皮卡,Chevrolet,S-10 Pickup,2012,,,Extended,,PK-M,36: Chevrolet S-10 Pickup 1982-2012   Extended  PK-M
390,1,OK,38,PK-M,皮卡,Chevrolet,S-10 Pickup,2012,,,Regular,,PK-M,38: Chevrolet S-10 Pickup 1993-2012   Regular  PK-M
391,1,OK,39,PK-M,皮卡,Chevrolet,SSR,2003,,,Regular,,PK-M,39: Chevrolet SSR 2003-2006   Regular  PK-M
392,1,OK,39,PK-M,皮卡,Chevrolet,SSR,2004,,,Regular,,PK-M,39: Chevrolet SSR 2003-2006   Regular  PK-M
393,1,OK,39,PK-M,皮卡,Chevrolet,SSR,2005,,,Regular,,PK-M,39: Chevrolet SSR 2003-2006   Regular  PK-M
394,1,OK,39,PK-M,皮卡,Chevrolet,SSR,2006,,,Regular,,PK-M,39: Chevrolet SSR 2003-2006   Regular  PK-M
395,1,OK,40,PK-L,皮卡,Chevrolet,Silverado,1998,,,Extended,,PK-L,40: Chevrolet Silverado 1998-2013   Extended  PK-L
396,1,OK,41,PK-M,皮卡,Chevrolet,Silverado,1998,,,Regular,,PK-M,41: Chevrolet Silverado 1998-2019   Regular  PK-M
397,1,OK,42,PK-XL,皮卡,Chevrolet,Silverado,1998,,,Crew,,PK-XL,42: Chevrolet Silverado 1998-2026   Crew  PK-XL
398,1,OK,40,PK-L,皮卡,Chevrolet,Silverado,1999,,,Extended,,PK-L,40: Chevrolet Silverado 1998-2013   Extended  PK-L
399,1,OK,41,PK-M,皮卡,Chevrolet,Silverado,1999,,,Regular,,PK-M,41: Chevrolet Silverado 1998-2019   Regular  PK-M
400,1,OK,42,PK-XL,皮卡,Chevrolet,Silverado,1999,,,Crew,,PK-XL,42: Chevrolet Silverado 1998-2026   Crew  PK-XL
401,1,OK,40,PK-L,皮卡,Chevrolet,Silverado,2000,,,Extended,,PK-L,40: Chevrolet Silverado 1998-2013   Extended  PK-L
402,1,OK,41,PK-M,皮卡,Chevrolet,Silverado,2000,,,Regular,,PK-M,41: Chevrolet Silverado 1998-2019   Regular  PK-M
403,1,OK,42,PK-XL,皮卡,Chevrolet,Silverado,2000,,,Crew,,PK-XL,42: Chevrolet Silverado 1998-2026   Crew  PK-XL
404,1,OK,40,PK-L,皮卡,Chevrolet,Silverado,2001,,,Extended,,PK-L,40: Chevrolet Silverado 1998-2013   Extended  PK-L
405,1,OK,41,PK-M,皮卡,Chevrolet,Silverado,2001,,,Regular,,PK-M,41: Chevrolet Silverado 1998-2019   Regular  PK-M
406,1,OK,42,PK-XL,皮卡,Chevrolet,Silverado,2001,,,Crew,,PK-XL,42: Chevrolet Silverado 1998-2026   Crew  PK-XL
407,1,OK,40,PK-L,皮卡,Chevrolet,Silverado,2002,,,Extended,,PK-L,40: Chevrolet Silverado 1998-2013   Extended  PK-L
408,1,OK,41,PK-M,皮卡,Chevrolet,Silverado,2002,,,Regular,,PK-M,41: Chevrolet Silverado 1998-2019   Regular  PK-M
409,1,OK,42,PK-XL,皮卡,Chevrolet,Silverado,2002,,,Crew,,PK-XL,42: Chevrolet Silverado 1998-2026   Crew  PK-XL
410,1,OK,40,PK-L,皮卡,Chevrolet,Silverado,2003,,,Extended,,PK-L,40: Chevrolet Silverado 1998-2013   Extended  PK-L
411,1,OK,41,PK-M,皮卡,Chevrolet,Silverado,2003,,,Regular,,PK-M,41: Chevrolet Silverado 1998-2019   Regular  PK-M
412,1,OK,42,PK-XL,皮卡,Chevrolet,Silverado,2003,,,Crew,,PK-XL,42: Chevrolet Silverado 1998-2026   Crew  PK-XL
413,1,OK,40,PK-L,皮卡,Chevrolet,Silverado,2004,,,Extended,,PK-L,40: Chevrolet Silverado 1998-2013   Extended  PK-L
414,1,OK,41,PK-M,皮卡,Chevrolet,Silverado,2004,,,Regular,,PK-M,41: Chevrolet Silverado 1998-2019   Regular  PK-M
415,1,OK,42,PK-XL,皮卡,Chevrolet,Silverado,2004,,,Crew,,PK-XL,42: Chevrolet Silverado 1998-2026   Crew  PK-XL
416,1,OK,40,PK-L,皮卡,Chevrolet,Silverado,2005,,,Extended,,PK-L,40: Chevrolet Silverado 1998-2013   Extended  PK-L
417,1,OK,41,PK-M,皮卡,Chevrolet,Silverado,2005,,,Regular,,PK-M,41: Chevrolet Silverado 1998-2019   Regular  PK-M
418,1,OK,42,PK-XL,皮卡,Chevrolet,Silverado,2005,,,Crew,,PK-XL,42: Chevrolet Silverado 1998-2026   Crew  PK-XL
419,1,OK,40,PK-L,皮卡,Chevrolet,Silverado,2006,,,Extended,,PK-L,40: Chevrolet Silverado 1998-2013   Extended  PK-L
420,1,OK,41,PK-M,皮卡,Chevrolet,Silverado,2006,,,Regular,,PK-M,41: Chevrolet Silverado 1998-2019   Regular  PK-M
421,1,OK,42,PK-XL,皮卡,Chevrolet,Silverado,2006,,,Crew,,PK-XL,42: Chevrolet Silverado 1998-2026   Crew  PK-XL
422,1,OK,40,PK-L,皮卡,Chevrolet,Silverado,2007,,,Extended,,PK-L,40: Chevrolet Silverado 1998-2013   Extended  PK-L
423,1,OK,41,PK-M,皮卡,Chevrolet,Silverado,2007,,,Regular,,PK-M,41: Chevrolet Silverado 1998-2019   Regular  PK-M
424,1,OK,42,PK-XL,皮卡,Chevrolet,Silverado,2007,,,Crew,,PK-XL,42: Chevrolet Silverado 1998-2026   Crew  PK-XL
425,1,OK,40,PK-L,皮卡,Chevrolet,Silverado,2008,,,Extended,,PK-L,40: Chevrolet Silverado 1998-2013   Extended  PK-L
426,1,OK,41,PK-M,皮卡,Chevrolet,Silverado,2008,,,Regular,,PK-M,41: Chevrolet Silverado 1998-2019   Regular  PK-M
427,1,OK,42,PK-XL,皮卡,Chevrolet,Silverado,2008,,,Crew,,PK-XL,42: Chevrolet Silverado 1998-2026   Crew  PK-XL
428,1,OK,40,PK-L,皮卡,Chevrolet,Silverado,2009,,,Extended,,PK-L,40: Chevrolet Silverado 1998-2013   Extended  PK-L
429,1,OK,41,PK-M,皮卡,Chevrolet,Silverado,2009,,,Regular,,PK-M,41: Chevrolet Silverado 1998-2019   Regular  PK-M
430,1,OK,42,PK-XL,皮卡,Chevrolet,Silverado,2009,,,Crew,,PK-XL,42: Chevrolet Silverado 1998-2026   Crew  PK-XL
431,1,OK,40,PK-L,皮卡,Chevrolet,Silverado,2010,,,Extended,,PK-L,40: Chevrolet Silverado 1998-2013   Extended  PK-L
432,1,OK,41,PK-M,皮卡,Chevrolet,Silverado,2010,,,Regular,,PK-M,41: Chevrolet Silverado 1998-2019   Regular  PK-M
433,1,OK,42,PK-XL,皮卡,Chevrolet,Silverado,2010,,,Crew,,PK-XL,42: Chevrolet Silverado 1998-2026   Crew  PK-XL
434,1,OK,40,PK-L,皮卡,Chevrolet,Silverado,2011,,,Extended,,PK-L,40: Chevrolet Silverado 1998-2013   Extended  PK-L
435,1,OK,41,PK-M,皮卡,Chevrolet,Silverado,2011,,,Regular,,PK-M,41: Chevrolet Silverado 1998-2019   Regular  PK-M
436,1,OK,42,PK-XL,皮卡,Chevrolet,Silverado,2011,,,Crew,,PK-XL,42: Chevrolet Silverado 1998-2026   Crew  PK-XL
437,1,OK,40,PK-L,皮卡,Chevrolet,Silverado,2012,,,Extended,,PK-L,40: Chevrolet Silverado 1998-2013   Extended  PK-L
438,1,OK,41,PK-M,皮卡,Chevrolet,Silverado,2012,,,Regular,,PK-M,41: Chevrolet Silverado 1998-2019   Regular  PK-M
439,1,OK,42,PK-XL,皮卡,Chevrolet,Silverado,2012,,,Crew,,PK-XL,42: Chevrolet Silverado 1998-2026   Crew  PK-XL
440,1,OK,40,PK-L,皮卡,Chevrolet,Silverado,2013,,,Extended,,PK-L,40: Chevrolet Silverado 1998-2013   Extended  PK-L
441,1,OK,41,PK-M,皮卡,Chevrolet,Silverado,2013,,,Regular,,PK-M,41: Chevrolet Silverado 1998-2019   Regular  PK-M
442,1,OK,42,PK-XL,皮卡,Chevrolet,Silverado,2013,,,Crew,,PK-XL,42: Chevrolet Silverado 1998-2026   Crew  PK-XL
443,1,OK,43,PK-XL,皮卡,Chevrolet,Silverado,2013,,,Double,,PK-XL,43: Chevrolet Silverado 2013-2026   Double  PK-XL
444,1,OK,41,PK-M,皮卡,Chevrolet,Silverado,2014,,,Regular,,PK-M,41: Chevrolet Silverado 1998-2019   Regular  PK-M
445,1,OK,42,PK-XL,皮卡,Chevrolet,Silverado,2014,,,Crew,,PK-XL,42: Chevrolet Silverado 1998-2026   Crew  PK-XL
446,1,OK,43,PK-XL,皮卡,Chevrolet,Silverado,2014,,,Double,,PK-XL,43: Chevrolet Silverado 2013-2026   Double  PK-XL
447,1,OK,41,PK-M,皮卡,Chevrolet,Silverado,2015,,,Regular,,PK-M,41: Chevrolet Silverado 1998-2019   Regular  PK-M
448,1,OK,42,PK-XL,皮卡,Chevrolet,Silverado,2015,,,Crew,,PK-XL,42: Chevrolet Silverado 1998-2026   Crew  PK-XL
449,1,OK,43,PK-XL,皮卡,Chevrolet,Silverado,2015,,,Double,,PK-XL,43: Chevrolet Silverado 2013-2026   Double  PK-XL
450,1,OK,41,PK-M,皮卡,Chevrolet,Silverado,2016,,,Regular,,PK-M,41: Chevrolet Silverado 1998-2019   Regular  PK-M
451,1,OK,42,PK-XL,皮卡,Chevrolet,Silverado,2016,,,Crew,,PK-XL,42: Chevrolet Silverado 1998-2026   Crew  PK-XL
452,1,OK,43,PK-XL,皮卡,Chevrolet,Silverado,2016,,,Double,,PK-XL,43: Chevrolet Silverado 2013-2026   Double  PK-XL
453,1,OK,41,PK-M,皮卡,Chevrolet,Silverado,2017,,,Regular,,PK-M,41: Chevrolet Silverado 1998-2019   Regular  PK-M
454,1,OK,42,PK-XL,皮卡,Chevrolet,Silverado,2017,,,Crew,,PK-XL,42: Chevrolet Silverado 1998-2026   Crew  PK-XL
455,1,OK,43,PK-XL,皮卡,Chevrolet,Silverado,2017,,,Double,,PK-XL,43: Chevrolet Silverado 2013-2026   Double  PK-XL
456,1,OK,41,PK-M,皮卡,Chevrolet,Silverado,2018,,,Regular,,PK-M,41: Chevrolet Silverado 1998-2019   Regular  PK-M
457,1,OK,42,PK-XL,皮卡,Chevrolet,Silverado,2018,,,Crew,,PK-XL,42: Chevrolet Silverado 1998-2026   Crew  PK-XL
458,1,OK,43,PK-XL,皮卡,Chevrolet,Silverado,2018,,,Double,,PK-XL,43: Chevrolet Silverado 2013-2026   Double  PK-XL
459,2,MULTI,41/44,PK-M/PK-M+,皮卡,Chevrolet,Silverado,2019,,,Regular,,PK-M,41: Chevrolet Silverado 1998-2019   Regular  PK-M || 44: Chevrolet Silverado 2019-2022   Regular  PK-M+
460,2,MULTI,41/44,PK-M/PK-M+,皮卡,Chevrolet,Silverado,2019,,,Regular,,PK-M+,41: Chevrolet Silverado 1998-2019   Regular  PK-M || 44: Chevrolet Silverado 2019-2022   Regular  PK-M+
461,1,OK,42,PK-XL,皮卡,Chevrolet,Silverado,2019,,,Crew,,PK-XL,42: Chevrolet Silverado 1998-2026   Crew  PK-XL
462,1,OK,43,PK-XL,皮卡,Chevrolet,Silverado,2019,,,Double,,PK-XL,43: Chevrolet Silverado 2013-2026   Double  PK-XL
463,1,OK,44,PK-M+,皮卡,Chevrolet,Silverado,2020,,,Regular,,PK-M+,44: Chevrolet Silverado 2019-2022   Regular  PK-M+
464,1,OK,42,PK-XL,皮卡,Chevrolet,Silverado,2020,,,Crew,,PK-XL,42: Chevrolet Silverado 1998-2026   Crew  PK-XL
465,1,OK,43,PK-XL,皮卡,Chevrolet,Silverado,2020,,,Double,,PK-XL,43: Chevrolet Silverado 2013-2026   Double  PK-XL
466,1,OK,44,PK-M+,皮卡,Chevrolet,Silverado,2021,,,Regular,,PK-M+,44: Chevrolet Silverado 2019-2022   Regular  PK-M+
467,1,OK,42,PK-XL,皮卡,Chevrolet,Silverado,2021,,,Crew,,PK-XL,42: Chevrolet Silverado 1998-2026   Crew  PK-XL
468,1,OK,43,PK-XL,皮卡,Chevrolet,Silverado,2021,,,Double,,PK-XL,43: Chevrolet Silverado 2013-2026   Double  PK-XL
469,2,MULTI,44/45,PK-L/PK-M+,皮卡,Chevrolet,Silverado,2022,,,Regular,,PK-L,44: Chevrolet Silverado 2019-2022   Regular  PK-M+ || 45: Chevrolet Silverado 2022-2026   Regular  PK-L
470,2,MULTI,44/45,PK-L/PK-M+,皮卡,Chevrolet,Silverado,2022,,,Regular,,PK-M+,44: Chevrolet Silverado 2019-2022   Regular  PK-M+ || 45: Chevrolet Silverado 2022-2026   Regular  PK-L
471,1,OK,42,PK-XL,皮卡,Chevrolet,Silverado,2022,,,Crew,,PK-XL,42: Chevrolet Silverado 1998-2026   Crew  PK-XL
472,1,OK,43,PK-XL,皮卡,Chevrolet,Silverado,2022,,,Double,,PK-XL,43: Chevrolet Silverado 2013-2026   Double  PK-XL
473,1,OK,46,PK-XL,皮卡,Chevrolet,Silverado,2022,EV,,Double,,PK-XL,46: Chevrolet Silverado 2022-2026 EV  Double  PK-XL
474,1,OK,47,PK-XL,皮卡,Chevrolet,Silverado,2022,ZR2,,Double,,PK-XL,47: Chevrolet Silverado 2022-2026 ZR2  Double  PK-XL
475,1,OK,45,PK-L,皮卡,Chevrolet,Silverado,2023,,,Regular,,PK-L,45: Chevrolet Silverado 2022-2026   Regular  PK-L
476,1,OK,42,PK-XL,皮卡,Chevrolet,Silverado,2023,,,Crew,,PK-XL,42: Chevrolet Silverado 1998-2026   Crew  PK-XL
477,1,OK,43,PK-XL,皮卡,Chevrolet,Silverado,2023,,,Double,,PK-XL,43: Chevrolet Silverado 2013-2026   Double  PK-XL
478,1,OK,46,PK-XL,皮卡,Chevrolet,Silverado,2023,EV,,Double,,PK-XL,46: Chevrolet Silverado 2022-2026 EV  Double  PK-XL
479,1,OK,47,PK-XL,皮卡,Chevrolet,Silverado,2023,ZR2,,Double,,PK-XL,47: Chevrolet Silverado 2022-2026 ZR2  Double  PK-XL
480,1,OK,45,PK-L,皮卡,Chevrolet,Silverado,2024,,,Regular,,PK-L,45: Chevrolet Silverado 2022-2026   Regular  PK-L
481,1,OK,42,PK-XL,皮卡,Chevrolet,Silverado,2024,,,Crew,,PK-XL,42: Chevrolet Silverado 1998-2026   Crew  PK-XL
482,1,OK,43,PK-XL,皮卡,Chevrolet,Silverado,2024,,,Double,,PK-XL,43: Chevrolet Silverado 2013-2026   Double  PK-XL
483,1,OK,46,PK-XL,皮卡,Chevrolet,Silverado,2024,EV,,Double,,PK-XL,46: Chevrolet Silverado 2022-2026 EV  Double  PK-XL
484,1,OK,47,PK-XL,皮卡,Chevrolet,Silverado,2024,ZR2,,Double,,PK-XL,47: Chevrolet Silverado 2022-2026 ZR2  Double  PK-XL
485,1,OK,45,PK-L,皮卡,Chevrolet,Silverado,2025,,,Regular,,PK-L,45: Chevrolet Silverado 2022-2026   Regular  PK-L
486,1,OK,42,PK-XL,皮卡,Chevrolet,Silverado,2025,,,Crew,,PK-XL,42: Chevrolet Silverado 1998-2026   Crew  PK-XL
487,1,OK,43,PK-XL,皮卡,Chevrolet,Silverado,2025,,,Double,,PK-XL,43: Chevrolet Silverado 2013-2026   Double  PK-XL
488,1,OK,46,PK-XL,皮卡,Chevrolet,Silverado,2025,EV,,Double,,PK-XL,46: Chevrolet Silverado 2022-2026 EV  Double  PK-XL
489,1,OK,47,PK-XL,皮卡,Chevrolet,Silverado,2025,ZR2,,Double,,PK-XL,47: Chevrolet Silverado 2022-2026 ZR2  Double  PK-XL
490,1,OK,45,PK-L,皮卡,Chevrolet,Silverado,2026,,,Regular,,PK-L,45: Chevrolet Silverado 2022-2026   Regular  PK-L
491,1,OK,42,PK-XL,皮卡,Chevrolet,Silverado,2026,,,Crew,,PK-XL,42: Chevrolet Silverado 1998-2026   Crew  PK-XL
492,1,OK,43,PK-XL,皮卡,Chevrolet,Silverado,2026,,,Double,,PK-XL,43: Chevrolet Silverado 2013-2026   Double  PK-XL
493,1,OK,46,PK-XL,皮卡,Chevrolet,Silverado,2026,EV,,Double,,PK-XL,46: Chevrolet Silverado 2022-2026 EV  Double  PK-XL
494,1,OK,47,PK-XL,皮卡,Chevrolet,Silverado,2026,ZR2,,Double,,PK-XL,47: Chevrolet Silverado 2022-2026 ZR2  Double  PK-XL
495,1,OK,48,PK-M,皮卡,DR,PK8,2023,,,Double,,PK-M,48: DR PK8 2023-2026   Double  PK-M
496,1,OK,48,PK-M,皮卡,DR,PK8,2024,,,Double,,PK-M,48: DR PK8 2023-2026   Double  PK-M
497,1,OK,48,PK-M,皮卡,DR,PK8,2025,,,Double,,PK-M,48: DR PK8 2023-2026   Double  PK-M
498,1,OK,48,PK-M,皮卡,DR,PK8,2026,,,Double,,PK-M,48: DR PK8 2023-2026   Double  PK-M
499,1,OK,49,无可用尺码,皮卡,Dacia,Logan,2004,,,Regular,,无可用尺码,49: Dacia Logan 2004-2012   Regular  无可用尺码
500,1,OK,49,无可用尺码,皮卡,Dacia,Logan,2005,,,Regular,,无可用尺码,49: Dacia Logan 2004-2012   Regular  无可用尺码
501,1,OK,49,无可用尺码,皮卡,Dacia,Logan,2006,,,Regular,,无可用尺码,49: Dacia Logan 2004-2012   Regular  无可用尺码
502,1,OK,49,无可用尺码,皮卡,Dacia,Logan,2007,,,Regular,,无可用尺码,49: Dacia Logan 2004-2012   Regular  无可用尺码
503,1,OK,49,无可用尺码,皮卡,Dacia,Logan,2008,,,Regular,,无可用尺码,49: Dacia Logan 2004-2012   Regular  无可用尺码
504,1,OK,49,无可用尺码,皮卡,Dacia,Logan,2009,,,Regular,,无可用尺码,49: Dacia Logan 2004-2012   Regular  无可用尺码
505,1,OK,49,无可用尺码,皮卡,Dacia,Logan,2010,,,Regular,,无可用尺码,49: Dacia Logan 2004-2012   Regular  无可用尺码
506,1,OK,49,无可用尺码,皮卡,Dacia,Logan,2011,,,Regular,,无可用尺码,49: Dacia Logan 2004-2012   Regular  无可用尺码
507,1,OK,49,无可用尺码,皮卡,Dacia,Logan,2012,,,Regular,,无可用尺码,49: Dacia Logan 2004-2012   Regular  无可用尺码
508,1,OK,50,PK-M,皮卡,Dacia,Pick-Up,1975,,,Double,,PK-M,50: Dacia Pick-Up 1975-2006   Double  PK-M
509,1,OK,51,无可用尺码,皮卡,Dacia,Pick-Up,1975,,,Regular,,无可用尺码,51: Dacia Pick-Up 1975-2006   Regular  无可用尺码
510,1,OK,50,PK-M,皮卡,Dacia,Pick-Up,1976,,,Double,,PK-M,50: Dacia Pick-Up 1975-2006   Double  PK-M
511,1,OK,51,无可用尺码,皮卡,Dacia,Pick-Up,1976,,,Regular,,无可用尺码,51: Dacia Pick-Up 1975-2006   Regular  无可用尺码
512,1,OK,50,PK-M,皮卡,Dacia,Pick-Up,1977,,,Double,,PK-M,50: Dacia Pick-Up 1975-2006   Double  PK-M
513,1,OK,51,无可用尺码,皮卡,Dacia,Pick-Up,1977,,,Regular,,无可用尺码,51: Dacia Pick-Up 1975-2006   Regular  无可用尺码
514,1,OK,50,PK-M,皮卡,Dacia,Pick-Up,1978,,,Double,,PK-M,50: Dacia Pick-Up 1975-2006   Double  PK-M
515,1,OK,51,无可用尺码,皮卡,Dacia,Pick-Up,1978,,,Regular,,无可用尺码,51: Dacia Pick-Up 1975-2006   Regular  无可用尺码
516,1,OK,50,PK-M,皮卡,Dacia,Pick-Up,1979,,,Double,,PK-M,50: Dacia Pick-Up 1975-2006   Double  PK-M
517,1,OK,51,无可用尺码,皮卡,Dacia,Pick-Up,1979,,,Regular,,无可用尺码,51: Dacia Pick-Up 1975-2006   Regular  无可用尺码
518,1,OK,50,PK-M,皮卡,Dacia,Pick-Up,1980,,,Double,,PK-M,50: Dacia Pick-Up 1975-2006   Double  PK-M
519,1,OK,51,无可用尺码,皮卡,Dacia,Pick-Up,1980,,,Regular,,无可用尺码,51: Dacia Pick-Up 1975-2006   Regular  无可用尺码
520,1,OK,50,PK-M,皮卡,Dacia,Pick-Up,1981,,,Double,,PK-M,50: Dacia Pick-Up 1975-2006   Double  PK-M
521,1,OK,51,无可用尺码,皮卡,Dacia,Pick-Up,1981,,,Regular,,无可用尺码,51: Dacia Pick-Up 1975-2006   Regular  无可用尺码
522,1,OK,50,PK-M,皮卡,Dacia,Pick-Up,1982,,,Double,,PK-M,50: Dacia Pick-Up 1975-2006   Double  PK-M
523,1,OK,51,无可用尺码,皮卡,Dacia,Pick-Up,1982,,,Regular,,无可用尺码,51: Dacia Pick-Up 1975-2006   Regular  无可用尺码
524,1,OK,50,PK-M,皮卡,Dacia,Pick-Up,1983,,,Double,,PK-M,50: Dacia Pick-Up 1975-2006   Double  PK-M
525,1,OK,51,无可用尺码,皮卡,Dacia,Pick-Up,1983,,,Regular,,无可用尺码,51: Dacia Pick-Up 1975-2006   Regular  无可用尺码
526,1,OK,50,PK-M,皮卡,Dacia,Pick-Up,1984,,,Double,,PK-M,50: Dacia Pick-Up 1975-2006   Double  PK-M
527,1,OK,51,无可用尺码,皮卡,Dacia,Pick-Up,1984,,,Regular,,无可用尺码,51: Dacia Pick-Up 1975-2006   Regular  无可用尺码
528,1,OK,50,PK-M,皮卡,Dacia,Pick-Up,1985,,,Double,,PK-M,50: Dacia Pick-Up 1975-2006   Double  PK-M
529,1,OK,51,无可用尺码,皮卡,Dacia,Pick-Up,1985,,,Regular,,无可用尺码,51: Dacia Pick-Up 1975-2006   Regular  无可用尺码
530,1,OK,50,PK-M,皮卡,Dacia,Pick-Up,1986,,,Double,,PK-M,50: Dacia Pick-Up 1975-2006   Double  PK-M
531,1,OK,51,无可用尺码,皮卡,Dacia,Pick-Up,1986,,,Regular,,无可用尺码,51: Dacia Pick-Up 1975-2006   Regular  无可用尺码
532,1,OK,50,PK-M,皮卡,Dacia,Pick-Up,1987,,,Double,,PK-M,50: Dacia Pick-Up 1975-2006   Double  PK-M
533,1,OK,51,无可用尺码,皮卡,Dacia,Pick-Up,1987,,,Regular,,无可用尺码,51: Dacia Pick-Up 1975-2006   Regular  无可用尺码
534,1,OK,50,PK-M,皮卡,Dacia,Pick-Up,1988,,,Double,,PK-M,50: Dacia Pick-Up 1975-2006   Double  PK-M
535,1,OK,51,无可用尺码,皮卡,Dacia,Pick-Up,1988,,,Regular,,无可用尺码,51: Dacia Pick-Up 1975-2006   Regular  无可用尺码
536,1,OK,50,PK-M,皮卡,Dacia,Pick-Up,1989,,,Double,,PK-M,50: Dacia Pick-Up 1975-2006   Double  PK-M
537,1,OK,51,无可用尺码,皮卡,Dacia,Pick-Up,1989,,,Regular,,无可用尺码,51: Dacia Pick-Up 1975-2006   Regular  无可用尺码
538,1,OK,50,PK-M,皮卡,Dacia,Pick-Up,1990,,,Double,,PK-M,50: Dacia Pick-Up 1975-2006   Double  PK-M
539,1,OK,51,无可用尺码,皮卡,Dacia,Pick-Up,1990,,,Regular,,无可用尺码,51: Dacia Pick-Up 1975-2006   Regular  无可用尺码
540,1,OK,50,PK-M,皮卡,Dacia,Pick-Up,1991,,,Double,,PK-M,50: Dacia Pick-Up 1975-2006   Double  PK-M
541,1,OK,51,无可用尺码,皮卡,Dacia,Pick-Up,1991,,,Regular,,无可用尺码,51: Dacia Pick-Up 1975-2006   Regular  无可用尺码
542,1,OK,50,PK-M,皮卡,Dacia,Pick-Up,1992,,,Double,,PK-M,50: Dacia Pick-Up 1975-2006   Double  PK-M
543,1,OK,51,无可用尺码,皮卡,Dacia,Pick-Up,1992,,,Regular,,无可用尺码,51: Dacia Pick-Up 1975-2006   Regular  无可用尺码
544,1,OK,50,PK-M,皮卡,Dacia,Pick-Up,1993,,,Double,,PK-M,50: Dacia Pick-Up 1975-2006   Double  PK-M
545,1,OK,51,无可用尺码,皮卡,Dacia,Pick-Up,1993,,,Regular,,无可用尺码,51: Dacia Pick-Up 1975-2006   Regular  无可用尺码
546,1,OK,50,PK-M,皮卡,Dacia,Pick-Up,1994,,,Double,,PK-M,50: Dacia Pick-Up 1975-2006   Double  PK-M
547,1,OK,51,无可用尺码,皮卡,Dacia,Pick-Up,1994,,,Regular,,无可用尺码,51: Dacia Pick-Up 1975-2006   Regular  无可用尺码
548,1,OK,50,PK-M,皮卡,Dacia,Pick-Up,1995,,,Double,,PK-M,50: Dacia Pick-Up 1975-2006   Double  PK-M
549,1,OK,51,无可用尺码,皮卡,Dacia,Pick-Up,1995,,,Regular,,无可用尺码,51: Dacia Pick-Up 1975-2006   Regular  无可用尺码
550,1,OK,50,PK-M,皮卡,Dacia,Pick-Up,1996,,,Double,,PK-M,50: Dacia Pick-Up 1975-2006   Double  PK-M
551,1,OK,51,无可用尺码,皮卡,Dacia,Pick-Up,1996,,,Regular,,无可用尺码,51: Dacia Pick-Up 1975-2006   Regular  无可用尺码
552,1,OK,50,PK-M,皮卡,Dacia,Pick-Up,1997,,,Double,,PK-M,50: Dacia Pick-Up 1975-2006   Double  PK-M
553,1,OK,51,无可用尺码,皮卡,Dacia,Pick-Up,1997,,,Regular,,无可用尺码,51: Dacia Pick-Up 1975-2006   Regular  无可用尺码
554,1,OK,50,PK-M,皮卡,Dacia,Pick-Up,1998,,,Double,,PK-M,50: Dacia Pick-Up 1975-2006   Double  PK-M
555,1,OK,51,无可用尺码,皮卡,Dacia,Pick-Up,1998,,,Regular,,无可用尺码,51: Dacia Pick-Up 1975-2006   Regular  无可用尺码
556,1,OK,50,PK-M,皮卡,Dacia,Pick-Up,1999,,,Double,,PK-M,50: Dacia Pick-Up 1975-2006   Double  PK-M
557,1,OK,51,无可用尺码,皮卡,Dacia,Pick-Up,1999,,,Regular,,无可用尺码,51: Dacia Pick-Up 1975-2006   Regular  无可用尺码
558,1,OK,50,PK-M,皮卡,Dacia,Pick-Up,2000,,,Double,,PK-M,50: Dacia Pick-Up 1975-2006   Double  PK-M
559,1,OK,51,无可用尺码,皮卡,Dacia,Pick-Up,2000,,,Regular,,无可用尺码,51: Dacia Pick-Up 1975-2006   Regular  无可用尺码
560,1,OK,50,PK-M,皮卡,Dacia,Pick-Up,2001,,,Double,,PK-M,50: Dacia Pick-Up 1975-2006   Double  PK-M
561,1,OK,51,无可用尺码,皮卡,Dacia,Pick-Up,2001,,,Regular,,无可用尺码,51: Dacia Pick-Up 1975-2006   Regular  无可用尺码
562,1,OK,50,PK-M,皮卡,Dacia,Pick-Up,2002,,,Double,,PK-M,50: Dacia Pick-Up 1975-2006   Double  PK-M
563,1,OK,51,无可用尺码,皮卡,Dacia,Pick-Up,2002,,,Regular,,无可用尺码,51: Dacia Pick-Up 1975-2006   Regular  无可用尺码
564,1,OK,50,PK-M,皮卡,Dacia,Pick-Up,2003,,,Double,,PK-M,50: Dacia Pick-Up 1975-2006   Double  PK-M
565,1,OK,51,无可用尺码,皮卡,Dacia,Pick-Up,2003,,,Regular,,无可用尺码,51: Dacia Pick-Up 1975-2006   Regular  无可用尺码
566,1,OK,50,PK-M,皮卡,Dacia,Pick-Up,2004,,,Double,,PK-M,50: Dacia Pick-Up 1975-2006   Double  PK-M
567,1,OK,51,无可用尺码,皮卡,Dacia,Pick-Up,2004,,,Regular,,无可用尺码,51: Dacia Pick-Up 1975-2006   Regular  无可用尺码
568,1,OK,50,PK-M,皮卡,Dacia,Pick-Up,2005,,,Double,,PK-M,50: Dacia Pick-Up 1975-2006   Double  PK-M
569,1,OK,51,无可用尺码,皮卡,Dacia,Pick-Up,2005,,,Regular,,无可用尺码,51: Dacia Pick-Up 1975-2006   Regular  无可用尺码
570,1,OK,50,PK-M,皮卡,Dacia,Pick-Up,2006,,,Double,,PK-M,50: Dacia Pick-Up 1975-2006   Double  PK-M
571,1,OK,51,无可用尺码,皮卡,Dacia,Pick-Up,2006,,,Regular,,无可用尺码,51: Dacia Pick-Up 1975-2006   Regular  无可用尺码
572,1,OK,52,PK-M,皮卡,Dadi,Smoothing,2006,,,Double,,PK-M,52: Dadi Smoothing 2006-2007   Double  PK-M
573,1,OK,52,PK-M,皮卡,Dadi,Smoothing,2007,,,Double,,PK-M,52: Dadi Smoothing 2006-2007   Double  PK-M
574,1,OK,53,无可用尺码,皮卡,Daihatsu,Atrai,2021,Deck Van,,Double,,无可用尺码,53: Daihatsu Atrai 2021-2026 Deck Van  Double  无可用尺码
575,1,OK,53,无可用尺码,皮卡,Daihatsu,Atrai,2022,Deck Van,,Double,,无可用尺码,53: Daihatsu Atrai 2021-2026 Deck Van  Double  无可用尺码
576,1,OK,53,无可用尺码,皮卡,Daihatsu,Atrai,2023,Deck Van,,Double,,无可用尺码,53: Daihatsu Atrai 2021-2026 Deck Van  Double  无可用尺码
577,1,OK,53,无可用尺码,皮卡,Daihatsu,Atrai,2024,Deck Van,,Double,,无可用尺码,53: Daihatsu Atrai 2021-2026 Deck Van  Double  无可用尺码
578,1,OK,53,无可用尺码,皮卡,Daihatsu,Atrai,2025,Deck Van,,Double,,无可用尺码,53: Daihatsu Atrai 2021-2026 Deck Van  Double  无可用尺码
579,1,OK,53,无可用尺码,皮卡,Daihatsu,Atrai,2026,Deck Van,,Double,,无可用尺码,53: Daihatsu Atrai 2021-2026 Deck Van  Double  无可用尺码
580,1,OK,54,无可用尺码,皮卡,Daihatsu,Hijet,2021,,,Double,,无可用尺码,54: Daihatsu Hijet 2021-2026   Double  无可用尺码
581,1,OK,54,无可用尺码,皮卡,Daihatsu,Hijet,2022,,,Double,,无可用尺码,54: Daihatsu Hijet 2021-2026   Double  无可用尺码
582,1,OK,54,无可用尺码,皮卡,Daihatsu,Hijet,2023,,,Double,,无可用尺码,54: Daihatsu Hijet 2021-2026   Double  无可用尺码
583,1,OK,54,无可用尺码,皮卡,Daihatsu,Hijet,2024,,,Double,,无可用尺码,54: Daihatsu Hijet 2021-2026   Double  无可用尺码
584,1,OK,54,无可用尺码,皮卡,Daihatsu,Hijet,2025,,,Double,,无可用尺码,54: Daihatsu Hijet 2021-2026   Double  无可用尺码
585,1,OK,54,无可用尺码,皮卡,Daihatsu,Hijet,2026,,,Double,,无可用尺码,54: Daihatsu Hijet 2021-2026   Double  无可用尺码
586,1,OK,55,PK-M,皮卡,Datsun,620,1972,,,Regular,,PK-M,55: Datsun 620 1972-1979   Regular  PK-M
587,1,OK,55,PK-M,皮卡,Datsun,620,1973,,,Regular,,PK-M,55: Datsun 620 1972-1979   Regular  PK-M
588,1,OK,55,PK-M,皮卡,Datsun,620,1974,,,Regular,,PK-M,55: Datsun 620 1972-1979   Regular  PK-M
589,1,OK,55,PK-M,皮卡,Datsun,620,1975,,,Regular,,PK-M,55: Datsun 620 1972-1979   Regular  PK-M
590,1,OK,55,PK-M,皮卡,Datsun,620,1976,,,Regular,,PK-M,55: Datsun 620 1972-1979   Regular  PK-M
591,1,OK,55,PK-M,皮卡,Datsun,620,1977,,,Regular,,PK-M,55: Datsun 620 1972-1979   Regular  PK-M
592,1,OK,55,PK-M,皮卡,Datsun,620,1978,,,Regular,,PK-M,55: Datsun 620 1972-1979   Regular  PK-M
593,1,OK,55,PK-M,皮卡,Datsun,620,1979,,,Regular,,PK-M,55: Datsun 620 1972-1979   Regular  PK-M
594,1,OK,56,无可用尺码,皮卡,Datsun,720,1980,,,Extended,,无可用尺码,56: Datsun 720 1980-1986   Extended  无可用尺码
595,1,OK,56,无可用尺码,皮卡,Datsun,720,1981,,,Extended,,无可用尺码,56: Datsun 720 1980-1986   Extended  无可用尺码
596,1,OK,56,无可用尺码,皮卡,Datsun,720,1982,,,Extended,,无可用尺码,56: Datsun 720 1980-1986   Extended  无可用尺码
597,1,OK,56,无可用尺码,皮卡,Datsun,720,1983,,,Extended,,无可用尺码,56: Datsun 720 1980-1986   Extended  无可用尺码
598,1,OK,56,无可用尺码,皮卡,Datsun,720,1984,,,Extended,,无可用尺码,56: Datsun 720 1980-1986   Extended  无可用尺码
599,1,OK,56,无可用尺码,皮卡,Datsun,720,1985,,,Extended,,无可用尺码,56: Datsun 720 1980-1986   Extended  无可用尺码
600,1,OK,56,无可用尺码,皮卡,Datsun,720,1986,,,Extended,,无可用尺码,56: Datsun 720 1980-1986   Extended  无可用尺码
601,1,OK,57,PK-M,皮卡,Dayun,Pickup,2018,,,Double,,PK-M,57: Dayun Pickup 2018-2026   Double  PK-M
602,1,OK,57,PK-M,皮卡,Dayun,Pickup,2019,,,Double,,PK-M,57: Dayun Pickup 2018-2026   Double  PK-M
603,1,OK,57,PK-M,皮卡,Dayun,Pickup,2020,,,Double,,PK-M,57: Dayun Pickup 2018-2026   Double  PK-M
604,1,OK,57,PK-M,皮卡,Dayun,Pickup,2021,,,Double,,PK-M,57: Dayun Pickup 2018-2026   Double  PK-M
605,1,OK,57,PK-M,皮卡,Dayun,Pickup,2022,,,Double,,PK-M,57: Dayun Pickup 2018-2026   Double  PK-M
606,1,OK,57,PK-M,皮卡,Dayun,Pickup,2023,,,Double,,PK-M,57: Dayun Pickup 2018-2026   Double  PK-M
607,1,OK,57,PK-M,皮卡,Dayun,Pickup,2024,,,Double,,PK-M,57: Dayun Pickup 2018-2026   Double  PK-M
608,1,OK,57,PK-M,皮卡,Dayun,Pickup,2025,,,Double,,PK-M,57: Dayun Pickup 2018-2026   Double  PK-M
609,1,OK,57,PK-M,皮卡,Dayun,Pickup,2026,,,Double,,PK-M,57: Dayun Pickup 2018-2026   Double  PK-M
610,1,OK,58,PK-M,皮卡,Derways,Antelope,2007,,,Double,,PK-M,58: Derways Antelope 2007   Double  PK-M
611,1,OK,59,PK-M+,皮卡,Derways,Plutus,2007,,,Double,,PK-M+,59: Derways Plutus 2007-2008   Double  PK-M+
612,1,OK,59,PK-M+,皮卡,Derways,Plutus,2008,,,Double,,PK-M+,59: Derways Plutus 2007-2008   Double  PK-M+
613,1,OK,60,PK-M,皮卡,Dodge,D/W Series,1972,,,Extended,,PK-M,60: Dodge D/W Series 1972-1980   Extended/Regular  PK-M
614,1,OK,60,PK-M,皮卡,Dodge,D/W Series,1972,,,Regular,,PK-M,60: Dodge D/W Series 1972-1980   Extended/Regular  PK-M
615,1,OK,60,PK-M,皮卡,Dodge,D/W Series,1973,,,Extended,,PK-M,60: Dodge D/W Series 1972-1980   Extended/Regular  PK-M
616,1,OK,60,PK-M,皮卡,Dodge,D/W Series,1973,,,Regular,,PK-M,60: Dodge D/W Series 1972-1980   Extended/Regular  PK-M
617,1,OK,60,PK-M,皮卡,Dodge,D/W Series,1974,,,Extended,,PK-M,60: Dodge D/W Series 1972-1980   Extended/Regular  PK-M
618,1,OK,60,PK-M,皮卡,Dodge,D/W Series,1974,,,Regular,,PK-M,60: Dodge D/W Series 1972-1980   Extended/Regular  PK-M
619,1,OK,60,PK-M,皮卡,Dodge,D/W Series,1975,,,Extended,,PK-M,60: Dodge D/W Series 1972-1980   Extended/Regular  PK-M
620,1,OK,60,PK-M,皮卡,Dodge,D/W Series,1975,,,Regular,,PK-M,60: Dodge D/W Series 1972-1980   Extended/Regular  PK-M
621,1,OK,60,PK-M,皮卡,Dodge,D/W Series,1976,,,Extended,,PK-M,60: Dodge D/W Series 1972-1980   Extended/Regular  PK-M
622,1,OK,60,PK-M,皮卡,Dodge,D/W Series,1976,,,Regular,,PK-M,60: Dodge D/W Series 1972-1980   Extended/Regular  PK-M
623,1,OK,60,PK-M,皮卡,Dodge,D/W Series,1977,,,Extended,,PK-M,60: Dodge D/W Series 1972-1980   Extended/Regular  PK-M
624,1,OK,60,PK-M,皮卡,Dodge,D/W Series,1977,,,Regular,,PK-M,60: Dodge D/W Series 1972-1980   Extended/Regular  PK-M
625,1,OK,60,PK-M,皮卡,Dodge,D/W Series,1978,,,Extended,,PK-M,60: Dodge D/W Series 1972-1980   Extended/Regular  PK-M
626,1,OK,60,PK-M,皮卡,Dodge,D/W Series,1978,,,Regular,,PK-M,60: Dodge D/W Series 1972-1980   Extended/Regular  PK-M
627,1,OK,60,PK-M,皮卡,Dodge,D/W Series,1979,,,Extended,,PK-M,60: Dodge D/W Series 1972-1980   Extended/Regular  PK-M
628,1,OK,60,PK-M,皮卡,Dodge,D/W Series,1979,,,Regular,,PK-M,60: Dodge D/W Series 1972-1980   Extended/Regular  PK-M
629,1,OK,60,PK-M,皮卡,Dodge,D/W Series,1980,,,Extended,,PK-M,60: Dodge D/W Series 1972-1980   Extended/Regular  PK-M
630,1,OK,60,PK-M,皮卡,Dodge,D/W Series,1980,,,Regular,,PK-M,60: Dodge D/W Series 1972-1980   Extended/Regular  PK-M
631,1,OK,61,PK-M,皮卡,Dodge,Dakota,1987,,,Extended,,PK-M,61: Dodge Dakota 1987-2004   Extended/Regular  PK-M
632,1,OK,61,PK-M,皮卡,Dodge,Dakota,1987,,,Regular,,PK-M,61: Dodge Dakota 1987-2004   Extended/Regular  PK-M
633,1,OK,61,PK-M,皮卡,Dodge,Dakota,1988,,,Extended,,PK-M,61: Dodge Dakota 1987-2004   Extended/Regular  PK-M
634,1,OK,61,PK-M,皮卡,Dodge,Dakota,1988,,,Regular,,PK-M,61: Dodge Dakota 1987-2004   Extended/Regular  PK-M
635,1,OK,61,PK-M,皮卡,Dodge,Dakota,1989,,,Extended,,PK-M,61: Dodge Dakota 1987-2004   Extended/Regular  PK-M
636,1,OK,61,PK-M,皮卡,Dodge,Dakota,1989,,,Regular,,PK-M,61: Dodge Dakota 1987-2004   Extended/Regular  PK-M
637,1,OK,61,PK-M,皮卡,Dodge,Dakota,1990,,,Extended,,PK-M,61: Dodge Dakota 1987-2004   Extended/Regular  PK-M
638,1,OK,61,PK-M,皮卡,Dodge,Dakota,1990,,,Regular,,PK-M,61: Dodge Dakota 1987-2004   Extended/Regular  PK-M
639,1,OK,61,PK-M,皮卡,Dodge,Dakota,1991,,,Extended,,PK-M,61: Dodge Dakota 1987-2004   Extended/Regular  PK-M
640,1,OK,61,PK-M,皮卡,Dodge,Dakota,1991,,,Regular,,PK-M,61: Dodge Dakota 1987-2004   Extended/Regular  PK-M
641,1,OK,61,PK-M,皮卡,Dodge,Dakota,1992,,,Extended,,PK-M,61: Dodge Dakota 1987-2004   Extended/Regular  PK-M
642,1,OK,61,PK-M,皮卡,Dodge,Dakota,1992,,,Regular,,PK-M,61: Dodge Dakota 1987-2004   Extended/Regular  PK-M
643,1,OK,61,PK-M,皮卡,Dodge,Dakota,1993,,,Extended,,PK-M,61: Dodge Dakota 1987-2004   Extended/Regular  PK-M
644,1,OK,61,PK-M,皮卡,Dodge,Dakota,1993,,,Regular,,PK-M,61: Dodge Dakota 1987-2004   Extended/Regular  PK-M
645,1,OK,61,PK-M,皮卡,Dodge,Dakota,1994,,,Extended,,PK-M,61: Dodge Dakota 1987-2004   Extended/Regular  PK-M
646,1,OK,61,PK-M,皮卡,Dodge,Dakota,1994,,,Regular,,PK-M,61: Dodge Dakota 1987-2004   Extended/Regular  PK-M
647,1,OK,61,PK-M,皮卡,Dodge,Dakota,1995,,,Extended,,PK-M,61: Dodge Dakota 1987-2004   Extended/Regular  PK-M
648,1,OK,61,PK-M,皮卡,Dodge,Dakota,1995,,,Regular,,PK-M,61: Dodge Dakota 1987-2004   Extended/Regular  PK-M
649,1,OK,61,PK-M,皮卡,Dodge,Dakota,1996,,,Extended,,PK-M,61: Dodge Dakota 1987-2004   Extended/Regular  PK-M
650,1,OK,61,PK-M,皮卡,Dodge,Dakota,1996,,,Regular,,PK-M,61: Dodge Dakota 1987-2004   Extended/Regular  PK-M
651,1,OK,61,PK-M,皮卡,Dodge,Dakota,1997,,,Regular,,PK-M,61: Dodge Dakota 1987-2004   Extended/Regular  PK-M
652,1,OK,62,PK-M+,皮卡,Dodge,Dakota,1997,,,Club,,PK-M+,62: Dodge Dakota 1997-2011   Club/Quad/Crew/Extended  PK-M+
653,1,OK,62,PK-M+,皮卡,Dodge,Dakota,1997,,,Quad,,PK-M+,62: Dodge Dakota 1997-2011   Club/Quad/Crew/Extended  PK-M+
654,1,OK,61,PK-M,皮卡,Dodge,Dakota,1998,,,Regular,,PK-M,61: Dodge Dakota 1987-2004   Extended/Regular  PK-M
655,1,OK,62,PK-M+,皮卡,Dodge,Dakota,1998,,,Club,,PK-M+,62: Dodge Dakota 1997-2011   Club/Quad/Crew/Extended  PK-M+
656,1,OK,62,PK-M+,皮卡,Dodge,Dakota,1998,,,Quad,,PK-M+,62: Dodge Dakota 1997-2011   Club/Quad/Crew/Extended  PK-M+
657,1,OK,61,PK-M,皮卡,Dodge,Dakota,1999,,,Regular,,PK-M,61: Dodge Dakota 1987-2004   Extended/Regular  PK-M
658,1,OK,62,PK-M+,皮卡,Dodge,Dakota,1999,,,Club,,PK-M+,62: Dodge Dakota 1997-2011   Club/Quad/Crew/Extended  PK-M+
659,1,OK,62,PK-M+,皮卡,Dodge,Dakota,1999,,,Quad,,PK-M+,62: Dodge Dakota 1997-2011   Club/Quad/Crew/Extended  PK-M+
660,1,OK,61,PK-M,皮卡,Dodge,Dakota,2000,,,Regular,,PK-M,61: Dodge Dakota 1987-2004   Extended/Regular  PK-M
661,1,OK,62,PK-M+,皮卡,Dodge,Dakota,2000,,,Club,,PK-M+,62: Dodge Dakota 1997-2011   Club/Quad/Crew/Extended  PK-M+
662,1,OK,62,PK-M+,皮卡,Dodge,Dakota,2000,,,Quad,,PK-M+,62: Dodge Dakota 1997-2011   Club/Quad/Crew/Extended  PK-M+
663,1,OK,61,PK-M,皮卡,Dodge,Dakota,2001,,,Regular,,PK-M,61: Dodge Dakota 1987-2004   Extended/Regular  PK-M
664,1,OK,62,PK-M+,皮卡,Dodge,Dakota,2001,,,Club,,PK-M+,62: Dodge Dakota 1997-2011   Club/Quad/Crew/Extended  PK-M+
665,1,OK,62,PK-M+,皮卡,Dodge,Dakota,2001,,,Quad,,PK-M+,62: Dodge Dakota 1997-2011   Club/Quad/Crew/Extended  PK-M+
666,1,OK,61,PK-M,皮卡,Dodge,Dakota,2002,,,Regular,,PK-M,61: Dodge Dakota 1987-2004   Extended/Regular  PK-M
667,1,OK,62,PK-M+,皮卡,Dodge,Dakota,2002,,,Club,,PK-M+,62: Dodge Dakota 1997-2011   Club/Quad/Crew/Extended  PK-M+
668,1,OK,62,PK-M+,皮卡,Dodge,Dakota,2002,,,Quad,,PK-M+,62: Dodge Dakota 1997-2011   Club/Quad/Crew/Extended  PK-M+
669,1,OK,61,PK-M,皮卡,Dodge,Dakota,2003,,,Regular,,PK-M,61: Dodge Dakota 1987-2004   Extended/Regular  PK-M
670,1,OK,62,PK-M+,皮卡,Dodge,Dakota,2003,,,Club,,PK-M+,62: Dodge Dakota 1997-2011   Club/Quad/Crew/Extended  PK-M+
671,1,OK,62,PK-M+,皮卡,Dodge,Dakota,2003,,,Quad,,PK-M+,62: Dodge Dakota 1997-2011   Club/Quad/Crew/Extended  PK-M+
672,1,OK,61,PK-M,皮卡,Dodge,Dakota,2004,,,Regular,,PK-M,61: Dodge Dakota 1987-2004   Extended/Regular  PK-M
673,1,OK,62,PK-M+,皮卡,Dodge,Dakota,2004,,,Club,,PK-M+,62: Dodge Dakota 1997-2011   Club/Quad/Crew/Extended  PK-M+
674,1,OK,62,PK-M+,皮卡,Dodge,Dakota,2004,,,Quad,,PK-M+,62: Dodge Dakota 1997-2011   Club/Quad/Crew/Extended  PK-M+
675,1,OK,62,PK-M+,皮卡,Dodge,Dakota,2005,,,Club,,PK-M+,62: Dodge Dakota 1997-2011   Club/Quad/Crew/Extended  PK-M+
676,1,OK,62,PK-M+,皮卡,Dodge,Dakota,2005,,,Quad,,PK-M+,62: Dodge Dakota 1997-2011   Club/Quad/Crew/Extended  PK-M+
677,1,OK,62,PK-M+,皮卡,Dodge,Dakota,2006,,,Club,,PK-M+,62: Dodge Dakota 1997-2011   Club/Quad/Crew/Extended  PK-M+
678,1,OK,62,PK-M+,皮卡,Dodge,Dakota,2006,,,Quad,,PK-M+,62: Dodge Dakota 1997-2011   Club/Quad/Crew/Extended  PK-M+
679,1,OK,62,PK-M+,皮卡,Dodge,Dakota,2007,,,Club,,PK-M+,62: Dodge Dakota 1997-2011   Club/Quad/Crew/Extended  PK-M+
680,1,OK,62,PK-M+,皮卡,Dodge,Dakota,2007,,,Crew,,PK-M+,62: Dodge Dakota 1997-2011   Club/Quad/Crew/Extended  PK-M+
681,1,OK,62,PK-M+,皮卡,Dodge,Dakota,2007,,,Extended,,PK-M+,62: Dodge Dakota 1997-2011   Club/Quad/Crew/Extended  PK-M+
682,1,OK,62,PK-M+,皮卡,Dodge,Dakota,2007,,,Quad,,PK-M+,62: Dodge Dakota 1997-2011   Club/Quad/Crew/Extended  PK-M+
683,1,OK,62,PK-M+,皮卡,Dodge,Dakota,2008,,,Crew,,PK-M+,62: Dodge Dakota 1997-2011   Club/Quad/Crew/Extended  PK-M+
684,1,OK,62,PK-M+,皮卡,Dodge,Dakota,2008,,,Extended,,PK-M+,62: Dodge Dakota 1997-2011   Club/Quad/Crew/Extended  PK-M+
685,1,OK,62,PK-M+,皮卡,Dodge,Dakota,2009,,,Crew,,PK-M+,62: Dodge Dakota 1997-2011   Club/Quad/Crew/Extended  PK-M+
686,1,OK,62,PK-M+,皮卡,Dodge,Dakota,2009,,,Extended,,PK-M+,62: Dodge Dakota 1997-2011   Club/Quad/Crew/Extended  PK-M+
687,1,OK,62,PK-M+,皮卡,Dodge,Dakota,2010,,,Crew,,PK-M+,62: Dodge Dakota 1997-2011   Club/Quad/Crew/Extended  PK-M+
688,1,OK,62,PK-M+,皮卡,Dodge,Dakota,2010,,,Extended,,PK-M+,62: Dodge Dakota 1997-2011   Club/Quad/Crew/Extended  PK-M+
689,1,OK,62,PK-M+,皮卡,Dodge,Dakota,2011,,,Crew,,PK-M+,62: Dodge Dakota 1997-2011   Club/Quad/Crew/Extended  PK-M+
690,1,OK,62,PK-M+,皮卡,Dodge,Dakota,2011,,,Extended,,PK-M+,62: Dodge Dakota 1997-2011   Club/Quad/Crew/Extended  PK-M+
691,1,OK,64,PK-M,皮卡,Dodge,RAM,1980,,,Regular,,PK-M,64: Dodge RAM 1980-2019   Regular  PK-M
692,1,OK,63,PK-M+,皮卡,Dodge,RAM,1980,,,Extended,,PK-M+,63: Dodge RAM 1980-1993   Extended  PK-M+
693,1,OK,64,PK-M,皮卡,Dodge,RAM,1981,,,Regular,,PK-M,64: Dodge RAM 1980-2019   Regular  PK-M
694,1,OK,63,PK-M+,皮卡,Dodge,RAM,1981,,,Extended,,PK-M+,63: Dodge RAM 1980-1993   Extended  PK-M+
695,1,OK,64,PK-M,皮卡,Dodge,RAM,1982,,,Regular,,PK-M,64: Dodge RAM 1980-2019   Regular  PK-M
696,1,OK,63,PK-M+,皮卡,Dodge,RAM,1982,,,Extended,,PK-M+,63: Dodge RAM 1980-1993   Extended  PK-M+
697,1,OK,64,PK-M,皮卡,Dodge,RAM,1983,,,Regular,,PK-M,64: Dodge RAM 1980-2019   Regular  PK-M
698,1,OK,63,PK-M+,皮卡,Dodge,RAM,1983,,,Extended,,PK-M+,63: Dodge RAM 1980-1993   Extended  PK-M+
699,1,OK,64,PK-M,皮卡,Dodge,RAM,1984,,,Regular,,PK-M,64: Dodge RAM 1980-2019   Regular  PK-M
700,1,OK,63,PK-M+,皮卡,Dodge,RAM,1984,,,Extended,,PK-M+,63: Dodge RAM 1980-1993   Extended  PK-M+
701,1,OK,64,PK-M,皮卡,Dodge,RAM,1985,,,Regular,,PK-M,64: Dodge RAM 1980-2019   Regular  PK-M
702,1,OK,63,PK-M+,皮卡,Dodge,RAM,1985,,,Extended,,PK-M+,63: Dodge RAM 1980-1993   Extended  PK-M+
703,1,OK,64,PK-M,皮卡,Dodge,RAM,1986,,,Regular,,PK-M,64: Dodge RAM 1980-2019   Regular  PK-M
704,1,OK,63,PK-M+,皮卡,Dodge,RAM,1986,,,Extended,,PK-M+,63: Dodge RAM 1980-1993   Extended  PK-M+
705,1,OK,64,PK-M,皮卡,Dodge,RAM,1987,,,Regular,,PK-M,64: Dodge RAM 1980-2019   Regular  PK-M
706,1,OK,63,PK-M+,皮卡,Dodge,RAM,1987,,,Extended,,PK-M+,63: Dodge RAM 1980-1993   Extended  PK-M+
707,1,OK,64,PK-M,皮卡,Dodge,RAM,1988,,,Regular,,PK-M,64: Dodge RAM 1980-2019   Regular  PK-M
708,1,OK,63,PK-M+,皮卡,Dodge,RAM,1988,,,Extended,,PK-M+,63: Dodge RAM 1980-1993   Extended  PK-M+
709,1,OK,64,PK-M,皮卡,Dodge,RAM,1989,,,Regular,,PK-M,64: Dodge RAM 1980-2019   Regular  PK-M
710,1,OK,63,PK-M+,皮卡,Dodge,RAM,1989,,,Extended,,PK-M+,63: Dodge RAM 1980-1993   Extended  PK-M+
711,1,OK,64,PK-M,皮卡,Dodge,RAM,1990,,,Regular,,PK-M,64: Dodge RAM 1980-2019   Regular  PK-M
712,1,OK,63,PK-M+,皮卡,Dodge,RAM,1990,,,Extended,,PK-M+,63: Dodge RAM 1980-1993   Extended  PK-M+
713,1,OK,64,PK-M,皮卡,Dodge,RAM,1991,,,Regular,,PK-M,64: Dodge RAM 1980-2019   Regular  PK-M
714,1,OK,63,PK-M+,皮卡,Dodge,RAM,1991,,,Extended,,PK-M+,63: Dodge RAM 1980-1993   Extended  PK-M+
715,1,OK,64,PK-M,皮卡,Dodge,RAM,1992,,,Regular,,PK-M,64: Dodge RAM 1980-2019   Regular  PK-M
716,1,OK,63,PK-M+,皮卡,Dodge,RAM,1992,,,Extended,,PK-M+,63: Dodge RAM 1980-1993   Extended  PK-M+
717,1,OK,65,PK-L,皮卡,Dodge,RAM,1993,,,Club,,PK-L,65: Dodge RAM 1993-2002   Club  PK-L
718,1,OK,64,PK-M,皮卡,Dodge,RAM,1993,,,Regular,,PK-M,64: Dodge RAM 1980-2019   Regular  PK-M
719,1,OK,63,PK-M+,皮卡,Dodge,RAM,1993,,,Extended,,PK-M+,63: Dodge RAM 1980-1993   Extended  PK-M+
720,1,OK,65,PK-L,皮卡,Dodge,RAM,1994,,,Club,,PK-L,65: Dodge RAM 1993-2002   Club  PK-L
721,1,OK,64,PK-M,皮卡,Dodge,RAM,1994,,,Regular,,PK-M,64: Dodge RAM 1980-2019   Regular  PK-M
722,1,OK,65,PK-L,皮卡,Dodge,RAM,1995,,,Club,,PK-L,65: Dodge RAM 1993-2002   Club  PK-L
723,1,OK,64,PK-M,皮卡,Dodge,RAM,1995,,,Regular,,PK-M,64: Dodge RAM 1980-2019   Regular  PK-M
724,1,OK,65,PK-L,皮卡,Dodge,RAM,1996,,,Club,,PK-L,65: Dodge RAM 1993-2002   Club  PK-L
725,1,OK,64,PK-M,皮卡,Dodge,RAM,1996,,,Regular,,PK-M,64: Dodge RAM 1980-2019   Regular  PK-M
726,1,OK,65,PK-L,皮卡,Dodge,RAM,1997,,,Club,,PK-L,65: Dodge RAM 1993-2002   Club  PK-L
727,1,OK,64,PK-M,皮卡,Dodge,RAM,1997,,,Regular,,PK-M,64: Dodge RAM 1980-2019   Regular  PK-M
728,1,OK,65,PK-L,皮卡,Dodge,RAM,1998,,,Club,,PK-L,65: Dodge RAM 1993-2002   Club  PK-L
729,1,OK,64,PK-M,皮卡,Dodge,RAM,1998,,,Regular,,PK-M,64: Dodge RAM 1980-2019   Regular  PK-M
730,1,OK,65,PK-L,皮卡,Dodge,RAM,1999,,,Club,,PK-L,65: Dodge RAM 1993-2002   Club  PK-L
731,1,OK,64,PK-M,皮卡,Dodge,RAM,1999,,,Regular,,PK-M,64: Dodge RAM 1980-2019   Regular  PK-M
732,1,OK,65,PK-L,皮卡,Dodge,RAM,2000,,,Club,,PK-L,65: Dodge RAM 1993-2002   Club  PK-L
733,1,OK,64,PK-M,皮卡,Dodge,RAM,2000,,,Regular,,PK-M,64: Dodge RAM 1980-2019   Regular  PK-M
734,1,OK,65,PK-L,皮卡,Dodge,RAM,2001,,,Club,,PK-L,65: Dodge RAM 1993-2002   Club  PK-L
735,1,OK,64,PK-M,皮卡,Dodge,RAM,2001,,,Regular,,PK-M,64: Dodge RAM 1980-2019   Regular  PK-M
736,1,OK,66,PK-XXL,皮卡,Dodge,RAM,2001,,,Quad,,PK-XXL,66: Dodge RAM 2001-2009   Quad  PK-XXL
737,1,OK,65,PK-L,皮卡,Dodge,RAM,2002,,,Club,,PK-L,65: Dodge RAM 1993-2002   Club  PK-L
738,1,OK,64,PK-M,皮卡,Dodge,RAM,2002,,,Regular,,PK-M,64: Dodge RAM 1980-2019   Regular  PK-M
739,1,OK,66,PK-XXL,皮卡,Dodge,RAM,2002,,,Quad,,PK-XXL,66: Dodge RAM 2001-2009   Quad  PK-XXL
740,1,OK,64,PK-M,皮卡,Dodge,RAM,2003,,,Regular,,PK-M,64: Dodge RAM 1980-2019   Regular  PK-M
741,1,OK,66,PK-XXL,皮卡,Dodge,RAM,2003,,,Quad,,PK-XXL,66: Dodge RAM 2001-2009   Quad  PK-XXL
742,1,OK,64,PK-M,皮卡,Dodge,RAM,2004,,,Regular,,PK-M,64: Dodge RAM 1980-2019   Regular  PK-M
743,1,OK,66,PK-XXL,皮卡,Dodge,RAM,2004,,,Quad,,PK-XXL,66: Dodge RAM 2001-2009   Quad  PK-XXL
744,1,OK,64,PK-M,皮卡,Dodge,RAM,2005,,,Regular,,PK-M,64: Dodge RAM 1980-2019   Regular  PK-M
745,1,OK,66,PK-XXL,皮卡,Dodge,RAM,2005,,,Quad,,PK-XXL,66: Dodge RAM 2001-2009   Quad  PK-XXL
746,1,OK,64,PK-M,皮卡,Dodge,RAM,2006,,,Regular,,PK-M,64: Dodge RAM 1980-2019   Regular  PK-M
747,1,OK,66,PK-XXL,皮卡,Dodge,RAM,2006,,,Quad,,PK-XXL,66: Dodge RAM 2001-2009   Quad  PK-XXL
748,1,OK,64,PK-M,皮卡,Dodge,RAM,2007,,,Regular,,PK-M,64: Dodge RAM 1980-2019   Regular  PK-M
749,1,OK,66,PK-XXL,皮卡,Dodge,RAM,2007,,,Quad,,PK-XXL,66: Dodge RAM 2001-2009   Quad  PK-XXL
750,1,OK,67,PK-L,皮卡,Dodge,RAM,2008,,,Crew,,PK-L,67: Dodge RAM 2008-2019   Crew  PK-L
751,2,MULTI,66/68,PK-L/PK-XXL,皮卡,Dodge,RAM,2008,,,Quad,,PK-L,66: Dodge RAM 2001-2009   Quad  PK-XXL || 68: Dodge RAM 2008-2019   Quad  PK-L
752,1,OK,64,PK-M,皮卡,Dodge,RAM,2008,,,Regular,,PK-M,64: Dodge RAM 1980-2019   Regular  PK-M
753,2,MULTI,66/68,PK-L/PK-XXL,皮卡,Dodge,RAM,2008,,,Quad,,PK-XXL,66: Dodge RAM 2001-2009   Quad  PK-XXL || 68: Dodge RAM 2008-2019   Quad  PK-L
754,1,OK,67,PK-L,皮卡,Dodge,RAM,2009,,,Crew,,PK-L,67: Dodge RAM 2008-2019   Crew  PK-L
755,2,MULTI,66/68,PK-L/PK-XXL,皮卡,Dodge,RAM,2009,,,Quad,,PK-L,66: Dodge RAM 2001-2009   Quad  PK-XXL || 68: Dodge RAM 2008-2019   Quad  PK-L
756,1,OK,64,PK-M,皮卡,Dodge,RAM,2009,,,Regular,,PK-M,64: Dodge RAM 1980-2019   Regular  PK-M
757,2,MULTI,66/68,PK-L/PK-XXL,皮卡,Dodge,RAM,2009,,,Quad,,PK-XXL,66: Dodge RAM 2001-2009   Quad  PK-XXL || 68: Dodge RAM 2008-2019   Quad  PK-L
758,1,OK,67,PK-L,皮卡,Dodge,RAM,2010,,,Crew,,PK-L,67: Dodge RAM 2008-2019   Crew  PK-L
759,1,OK,68,PK-L,皮卡,Dodge,RAM,2010,,,Quad,,PK-L,68: Dodge RAM 2008-2019   Quad  PK-L
760,1,OK,64,PK-M,皮卡,Dodge,RAM,2010,,,Regular,,PK-M,64: Dodge RAM 1980-2019   Regular  PK-M
761,1,OK,67,PK-L,皮卡,Dodge,RAM,2011,,,Crew,,PK-L,67: Dodge RAM 2008-2019   Crew  PK-L
762,1,OK,68,PK-L,皮卡,Dodge,RAM,2011,,,Quad,,PK-L,68: Dodge RAM 2008-2019   Quad  PK-L
763,1,OK,64,PK-M,皮卡,Dodge,RAM,2011,,,Regular,,PK-M,64: Dodge RAM 1980-2019   Regular  PK-M
764,1,OK,67,PK-L,皮卡,Dodge,RAM,2012,,,Crew,,PK-L,67: Dodge RAM 2008-2019   Crew  PK-L
765,1,OK,68,PK-L,皮卡,Dodge,RAM,2012,,,Quad,,PK-L,68: Dodge RAM 2008-2019   Quad  PK-L
766,1,OK,64,PK-M,皮卡,Dodge,RAM,2012,,,Regular,,PK-M,64: Dodge RAM 1980-2019   Regular  PK-M
767,1,OK,67,PK-L,皮卡,Dodge,RAM,2013,,,Crew,,PK-L,67: Dodge RAM 2008-2019   Crew  PK-L
768,1,OK,68,PK-L,皮卡,Dodge,RAM,2013,,,Quad,,PK-L,68: Dodge RAM 2008-2019   Quad  PK-L
769,1,OK,64,PK-M,皮卡,Dodge,RAM,2013,,,Regular,,PK-M,64: Dodge RAM 1980-2019   Regular  PK-M
770,1,OK,67,PK-L,皮卡,Dodge,RAM,2014,,,Crew,,PK-L,67: Dodge RAM 2008-2019   Crew  PK-L
771,1,OK,68,PK-L,皮卡,Dodge,RAM,2014,,,Quad,,PK-L,68: Dodge RAM 2008-2019   Quad  PK-L
772,1,OK,64,PK-M,皮卡,Dodge,RAM,2014,,,Regular,,PK-M,64: Dodge RAM 1980-2019   Regular  PK-M
773,1,OK,67,PK-L,皮卡,Dodge,RAM,2015,,,Crew,,PK-L,67: Dodge RAM 2008-2019   Crew  PK-L
774,1,OK,68,PK-L,皮卡,Dodge,RAM,2015,,,Quad,,PK-L,68: Dodge RAM 2008-2019   Quad  PK-L
775,1,OK,64,PK-M,皮卡,Dodge,RAM,2015,,,Regular,,PK-M,64: Dodge RAM 1980-2019   Regular  PK-M
776,1,OK,67,PK-L,皮卡,Dodge,RAM,2016,,,Crew,,PK-L,67: Dodge RAM 2008-2019   Crew  PK-L
777,1,OK,68,PK-L,皮卡,Dodge,RAM,2016,,,Quad,,PK-L,68: Dodge RAM 2008-2019   Quad  PK-L
778,1,OK,64,PK-M,皮卡,Dodge,RAM,2016,,,Regular,,PK-M,64: Dodge RAM 1980-2019   Regular  PK-M
779,1,OK,67,PK-L,皮卡,Dodge,RAM,2017,,,Crew,,PK-L,67: Dodge RAM 2008-2019   Crew  PK-L
780,1,OK,68,PK-L,皮卡,Dodge,RAM,2017,,,Quad,,PK-L,68: Dodge RAM 2008-2019   Quad  PK-L
781,1,OK,64,PK-M,皮卡,Dodge,RAM,2017,,,Regular,,PK-M,64: Dodge RAM 1980-2019   Regular  PK-M
782,1,OK,67,PK-L,皮卡,Dodge,RAM,2018,,,Crew,,PK-L,67: Dodge RAM 2008-2019   Crew  PK-L
783,1,OK,68,PK-L,皮卡,Dodge,RAM,2018,,,Quad,,PK-L,68: Dodge RAM 2008-2019   Quad  PK-L
784,1,OK,64,PK-M,皮卡,Dodge,RAM,2018,,,Regular,,PK-M,64: Dodge RAM 1980-2019   Regular  PK-M
785,1,OK,67,PK-L,皮卡,Dodge,RAM,2019,,,Crew,,PK-L,67: Dodge RAM 2008-2019   Crew  PK-L
786,1,OK,68,PK-L,皮卡,Dodge,RAM,2019,,,Quad,,PK-L,68: Dodge RAM 2008-2019   Quad  PK-L
787,1,OK,64,PK-M,皮卡,Dodge,RAM,2019,,,Regular,,PK-M,64: Dodge RAM 1980-2019   Regular  PK-M
788,1,OK,71,PK-M,皮卡,Dongfeng,DF6,2022,,,Double,,PK-M,71: Dongfeng DF6 2022-2026   Double  PK-M
789,1,OK,71,PK-M,皮卡,Dongfeng,DF6,2023,,,Double,,PK-M,71: Dongfeng DF6 2022-2026   Double  PK-M
790,1,OK,71,PK-M,皮卡,Dongfeng,DF6,2024,,,Double,,PK-M,71: Dongfeng DF6 2022-2026   Double  PK-M
791,1,OK,71,PK-M,皮卡,Dongfeng,DF6,2025,,,Double,,PK-M,71: Dongfeng DF6 2022-2026   Double  PK-M
792,1,OK,71,PK-M,皮卡,Dongfeng,DF6,2026,,,Double,,PK-M,71: Dongfeng DF6 2022-2026   Double  PK-M
793,1,OK,69,PK-M,皮卡,Dongfeng,Rich,2007,,,Double,,PK-M,69: Dongfeng Rich 2007-2018   Double  PK-M
794,1,OK,69,PK-M,皮卡,Dongfeng,Rich,2008,,,Double,,PK-M,69: Dongfeng Rich 2007-2018   Double  PK-M
795,1,OK,69,PK-M,皮卡,Dongfeng,Rich,2009,,,Double,,PK-M,69: Dongfeng Rich 2007-2018   Double  PK-M
796,1,OK,69,PK-M,皮卡,Dongfeng,Rich,2014,,,Double,,PK-M,69: Dongfeng Rich 2007-2018   Double  PK-M
797,1,OK,69,PK-M,皮卡,Dongfeng,Rich,2015,,,Double,,PK-M,69: Dongfeng Rich 2007-2018   Double  PK-M
798,1,OK,69,PK-M,皮卡,Dongfeng,Rich,2016,,,Double,,PK-M,69: Dongfeng Rich 2007-2018   Double  PK-M
799,1,OK,69,PK-M,皮卡,Dongfeng,Rich,2017,,,Double,,PK-M,69: Dongfeng Rich 2007-2018   Double  PK-M
800,1,OK,69,PK-M,皮卡,Dongfeng,Rich,2018,,,Double,,PK-M,69: Dongfeng Rich 2007-2018   Double  PK-M
801,1,OK,70,PK-M,皮卡,Dongfeng,Rich 7,2022,,,Double,,PK-M,70: Dongfeng Rich 7 2022-2026 Incl: Tiger Roar  Double  PK-M
802,1,OK,70,PK-M,皮卡,Dongfeng,Rich 7,2022,Tiger Roar,,Double,,PK-M,70: Dongfeng Rich 7 2022-2026 Incl: Tiger Roar  Double  PK-M
803,1,OK,70,PK-M,皮卡,Dongfeng,Rich 7,2023,,,Double,,PK-M,70: Dongfeng Rich 7 2022-2026 Incl: Tiger Roar  Double  PK-M
804,1,OK,70,PK-M,皮卡,Dongfeng,Rich 7,2023,Tiger Roar,,Double,,PK-M,70: Dongfeng Rich 7 2022-2026 Incl: Tiger Roar  Double  PK-M
805,1,OK,70,PK-M,皮卡,Dongfeng,Rich 7,2024,,,Double,,PK-M,70: Dongfeng Rich 7 2022-2026 Incl: Tiger Roar  Double  PK-M
806,1,OK,70,PK-M,皮卡,Dongfeng,Rich 7,2024,Tiger Roar,,Double,,PK-M,70: Dongfeng Rich 7 2022-2026 Incl: Tiger Roar  Double  PK-M
807,1,OK,70,PK-M,皮卡,Dongfeng,Rich 7,2025,,,Double,,PK-M,70: Dongfeng Rich 7 2022-2026 Incl: Tiger Roar  Double  PK-M
808,1,OK,70,PK-M,皮卡,Dongfeng,Rich 7,2025,Tiger Roar,,Double,,PK-M,70: Dongfeng Rich 7 2022-2026 Incl: Tiger Roar  Double  PK-M
809,1,OK,70,PK-M,皮卡,Dongfeng,Rich 7,2026,,,Double,,PK-M,70: Dongfeng Rich 7 2022-2026 Incl: Tiger Roar  Double  PK-M
810,1,OK,70,PK-M,皮卡,Dongfeng,Rich 7,2026,Tiger Roar,,Double,,PK-M,70: Dongfeng Rich 7 2022-2026 Incl: Tiger Roar  Double  PK-M
811,1,OK,72,PK-M+,皮卡,Dongfeng,Z9,2025,,,Double,,PK-M+,72: Dongfeng Z9 2025-2026   Double  PK-M+
812,1,OK,72,PK-M+,皮卡,Dongfeng,Z9,2026,,,Double,,PK-M+,72: Dongfeng Z9 2025-2026   Double  PK-M+
813,1,OK,73,无可用尺码,皮卡,FSO,125p,1967,,,Regular,,无可用尺码,73: FSO 125p 1967-1992   Regular  无可用尺码
814,1,OK,73,无可用尺码,皮卡,FSO,125p,1968,,,Regular,,无可用尺码,73: FSO 125p 1967-1992   Regular  无可用尺码
815,1,OK,73,无可用尺码,皮卡,FSO,125p,1969,,,Regular,,无可用尺码,73: FSO 125p 1967-1992   Regular  无可用尺码
816,1,OK,73,无可用尺码,皮卡,FSO,125p,1970,,,Regular,,无可用尺码,73: FSO 125p 1967-1992   Regular  无可用尺码
817,1,OK,73,无可用尺码,皮卡,FSO,125p,1971,,,Regular,,无可用尺码,73: FSO 125p 1967-1992   Regular  无可用尺码
818,1,OK,73,无可用尺码,皮卡,FSO,125p,1972,,,Regular,,无可用尺码,73: FSO 125p 1967-1992   Regular  无可用尺码
819,1,OK,73,无可用尺码,皮卡,FSO,125p,1973,,,Regular,,无可用尺码,73: FSO 125p 1967-1992   Regular  无可用尺码
820,1,OK,73,无可用尺码,皮卡,FSO,125p,1974,,,Regular,,无可用尺码,73: FSO 125p 1967-1992   Regular  无可用尺码
821,1,OK,73,无可用尺码,皮卡,FSO,125p,1975,,,Regular,,无可用尺码,73: FSO 125p 1967-1992   Regular  无可用尺码
822,1,OK,73,无可用尺码,皮卡,FSO,125p,1976,,,Regular,,无可用尺码,73: FSO 125p 1967-1992   Regular  无可用尺码
823,1,OK,73,无可用尺码,皮卡,FSO,125p,1977,,,Regular,,无可用尺码,73: FSO 125p 1967-1992   Regular  无可用尺码
824,1,OK,73,无可用尺码,皮卡,FSO,125p,1978,,,Regular,,无可用尺码,73: FSO 125p 1967-1992   Regular  无可用尺码
825,1,OK,73,无可用尺码,皮卡,FSO,125p,1979,,,Regular,,无可用尺码,73: FSO 125p 1967-1992   Regular  无可用尺码
826,1,OK,73,无可用尺码,皮卡,FSO,125p,1980,,,Regular,,无可用尺码,73: FSO 125p 1967-1992   Regular  无可用尺码
827,1,OK,73,无可用尺码,皮卡,FSO,125p,1981,,,Regular,,无可用尺码,73: FSO 125p 1967-1992   Regular  无可用尺码
828,1,OK,73,无可用尺码,皮卡,FSO,125p,1982,,,Regular,,无可用尺码,73: FSO 125p 1967-1992   Regular  无可用尺码
829,1,OK,73,无可用尺码,皮卡,FSO,125p,1983,,,Regular,,无可用尺码,73: FSO 125p 1967-1992   Regular  无可用尺码
830,1,OK,73,无可用尺码,皮卡,FSO,125p,1984,,,Regular,,无可用尺码,73: FSO 125p 1967-1992   Regular  无可用尺码
831,1,OK,73,无可用尺码,皮卡,FSO,125p,1985,,,Regular,,无可用尺码,73: FSO 125p 1967-1992   Regular  无可用尺码
832,1,OK,73,无可用尺码,皮卡,FSO,125p,1986,,,Regular,,无可用尺码,73: FSO 125p 1967-1992   Regular  无可用尺码
833,1,OK,73,无可用尺码,皮卡,FSO,125p,1987,,,Regular,,无可用尺码,73: FSO 125p 1967-1992   Regular  无可用尺码
834,1,OK,73,无可用尺码,皮卡,FSO,125p,1988,,,Regular,,无可用尺码,73: FSO 125p 1967-1992   Regular  无可用尺码
835,1,OK,73,无可用尺码,皮卡,FSO,125p,1989,,,Regular,,无可用尺码,73: FSO 125p 1967-1992   Regular  无可用尺码
836,1,OK,73,无可用尺码,皮卡,FSO,125p,1990,,,Regular,,无可用尺码,73: FSO 125p 1967-1992   Regular  无可用尺码
837,1,OK,73,无可用尺码,皮卡,FSO,125p,1991,,,Regular,,无可用尺码,73: FSO 125p 1967-1992   Regular  无可用尺码
838,1,OK,73,无可用尺码,皮卡,FSO,125p,1992,,,Regular,,无可用尺码,73: FSO 125p 1967-1992   Regular  无可用尺码
839,1,OK,74,无可用尺码,皮卡,FSR,Tarpan,1973,233,,Extended,,无可用尺码,74: FSR Tarpan 1973-1995 233  Extended  无可用尺码
840,1,OK,74,无可用尺码,皮卡,FSR,Tarpan,1974,233,,Extended,,无可用尺码,74: FSR Tarpan 1973-1995 233  Extended  无可用尺码
841,1,OK,74,无可用尺码,皮卡,FSR,Tarpan,1975,233,,Extended,,无可用尺码,74: FSR Tarpan 1973-1995 233  Extended  无可用尺码
842,1,OK,74,无可用尺码,皮卡,FSR,Tarpan,1976,233,,Extended,,无可用尺码,74: FSR Tarpan 1973-1995 233  Extended  无可用尺码
843,1,OK,74,无可用尺码,皮卡,FSR,Tarpan,1977,233,,Extended,,无可用尺码,74: FSR Tarpan 1973-1995 233  Extended  无可用尺码
844,1,OK,74,无可用尺码,皮卡,FSR,Tarpan,1978,233,,Extended,,无可用尺码,74: FSR Tarpan 1973-1995 233  Extended  无可用尺码
845,1,OK,74,无可用尺码,皮卡,FSR,Tarpan,1979,233,,Extended,,无可用尺码,74: FSR Tarpan 1973-1995 233  Extended  无可用尺码
846,1,OK,74,无可用尺码,皮卡,FSR,Tarpan,1980,233,,Extended,,无可用尺码,74: FSR Tarpan 1973-1995 233  Extended  无可用尺码
847,1,OK,74,无可用尺码,皮卡,FSR,Tarpan,1981,233,,Extended,,无可用尺码,74: FSR Tarpan 1973-1995 233  Extended  无可用尺码
848,1,OK,74,无可用尺码,皮卡,FSR,Tarpan,1982,233,,Extended,,无可用尺码,74: FSR Tarpan 1973-1995 233  Extended  无可用尺码
849,1,OK,74,无可用尺码,皮卡,FSR,Tarpan,1983,233,,Extended,,无可用尺码,74: FSR Tarpan 1973-1995 233  Extended  无可用尺码
850,1,OK,74,无可用尺码,皮卡,FSR,Tarpan,1984,233,,Extended,,无可用尺码,74: FSR Tarpan 1973-1995 233  Extended  无可用尺码
851,1,OK,74,无可用尺码,皮卡,FSR,Tarpan,1985,233,,Extended,,无可用尺码,74: FSR Tarpan 1973-1995 233  Extended  无可用尺码
852,1,OK,74,无可用尺码,皮卡,FSR,Tarpan,1986,233,,Extended,,无可用尺码,74: FSR Tarpan 1973-1995 233  Extended  无可用尺码
853,1,OK,74,无可用尺码,皮卡,FSR,Tarpan,1987,233,,Extended,,无可用尺码,74: FSR Tarpan 1973-1995 233  Extended  无可用尺码
854,1,OK,74,无可用尺码,皮卡,FSR,Tarpan,1988,233,,Extended,,无可用尺码,74: FSR Tarpan 1973-1995 233  Extended  无可用尺码
855,1,OK,74,无可用尺码,皮卡,FSR,Tarpan,1989,233,,Extended,,无可用尺码,74: FSR Tarpan 1973-1995 233  Extended  无可用尺码
856,1,OK,74,无可用尺码,皮卡,FSR,Tarpan,1990,233,,Extended,,无可用尺码,74: FSR Tarpan 1973-1995 233  Extended  无可用尺码
857,1,OK,74,无可用尺码,皮卡,FSR,Tarpan,1991,233,,Extended,,无可用尺码,74: FSR Tarpan 1973-1995 233  Extended  无可用尺码
858,1,OK,74,无可用尺码,皮卡,FSR,Tarpan,1992,233,,Extended,,无可用尺码,74: FSR Tarpan 1973-1995 233  Extended  无可用尺码
859,1,OK,74,无可用尺码,皮卡,FSR,Tarpan,1993,233,,Extended,,无可用尺码,74: FSR Tarpan 1973-1995 233  Extended  无可用尺码
860,1,OK,74,无可用尺码,皮卡,FSR,Tarpan,1994,233,,Extended,,无可用尺码,74: FSR Tarpan 1973-1995 233  Extended  无可用尺码
861,1,OK,74,无可用尺码,皮卡,FSR,Tarpan,1995,233,,Extended,,无可用尺码,74: FSR Tarpan 1973-1995 233  Extended  无可用尺码
862,1,OK,75,PK-M,皮卡,Fiat,Fullback,2016,,,Double,,PK-M,75: Fiat Fullback 2016-2020   Double/Extended  PK-M
863,1,OK,75,PK-M,皮卡,Fiat,Fullback,2016,,,Extended,,PK-M,75: Fiat Fullback 2016-2020   Double/Extended  PK-M
864,1,OK,75,PK-M,皮卡,Fiat,Fullback,2017,,,Double,,PK-M,75: Fiat Fullback 2016-2020   Double/Extended  PK-M
865,1,OK,75,PK-M,皮卡,Fiat,Fullback,2017,,,Extended,,PK-M,75: Fiat Fullback 2016-2020   Double/Extended  PK-M
866,1,OK,75,PK-M,皮卡,Fiat,Fullback,2018,,,Double,,PK-M,75: Fiat Fullback 2016-2020   Double/Extended  PK-M
867,1,OK,75,PK-M,皮卡,Fiat,Fullback,2018,,,Extended,,PK-M,75: Fiat Fullback 2016-2020   Double/Extended  PK-M
868,1,OK,75,PK-M,皮卡,Fiat,Fullback,2019,,,Double,,PK-M,75: Fiat Fullback 2016-2020   Double/Extended  PK-M
869,1,OK,75,PK-M,皮卡,Fiat,Fullback,2019,,,Extended,,PK-M,75: Fiat Fullback 2016-2020   Double/Extended  PK-M
870,1,OK,75,PK-M,皮卡,Fiat,Fullback,2020,,,Double,,PK-M,75: Fiat Fullback 2016-2020   Double/Extended  PK-M
871,1,OK,75,PK-M,皮卡,Fiat,Fullback,2020,,,Extended,,PK-M,75: Fiat Fullback 2016-2020   Double/Extended  PK-M
872,1,OK,76,无可用尺码,皮卡,Fiat,Strada,1998,,,Regular,,无可用尺码,76: Fiat Strada 1998-2026 Incl: CD/CE  Regular/Extended/Double  无可用尺码
873,1,OK,76,无可用尺码,皮卡,Fiat,Strada,1999,,,Regular,,无可用尺码,76: Fiat Strada 1998-2026 Incl: CD/CE  Regular/Extended/Double  无可用尺码
874,1,OK,76,无可用尺码,皮卡,Fiat,Strada,2000,,,Regular,,无可用尺码,76: Fiat Strada 1998-2026 Incl: CD/CE  Regular/Extended/Double  无可用尺码
875,1,OK,76,无可用尺码,皮卡,Fiat,Strada,2001,,,Regular,,无可用尺码,76: Fiat Strada 1998-2026 Incl: CD/CE  Regular/Extended/Double  无可用尺码
876,1,OK,76,无可用尺码,皮卡,Fiat,Strada,2002,,,Regular,,无可用尺码,76: Fiat Strada 1998-2026 Incl: CD/CE  Regular/Extended/Double  无可用尺码
877,1,OK,76,无可用尺码,皮卡,Fiat,Strada,2003,,,Regular,,无可用尺码,76: Fiat Strada 1998-2026 Incl: CD/CE  Regular/Extended/Double  无可用尺码
878,1,OK,76,无可用尺码,皮卡,Fiat,Strada,2004,,,Regular,,无可用尺码,76: Fiat Strada 1998-2026 Incl: CD/CE  Regular/Extended/Double  无可用尺码
879,1,OK,76,无可用尺码,皮卡,Fiat,Strada,2005,,,Regular,,无可用尺码,76: Fiat Strada 1998-2026 Incl: CD/CE  Regular/Extended/Double  无可用尺码
880,1,OK,76,无可用尺码,皮卡,Fiat,Strada,2006,,,Regular,,无可用尺码,76: Fiat Strada 1998-2026 Incl: CD/CE  Regular/Extended/Double  无可用尺码
881,1,OK,76,无可用尺码,皮卡,Fiat,Strada,2007,,,Regular,,无可用尺码,76: Fiat Strada 1998-2026 Incl: CD/CE  Regular/Extended/Double  无可用尺码
882,1,OK,76,无可用尺码,皮卡,Fiat,Strada,2008,,,Extended,,无可用尺码,76: Fiat Strada 1998-2026 Incl: CD/CE  Regular/Extended/Double  无可用尺码
883,1,OK,76,无可用尺码,皮卡,Fiat,Strada,2008,,,Regular,,无可用尺码,76: Fiat Strada 1998-2026 Incl: CD/CE  Regular/Extended/Double  无可用尺码
884,1,OK,76,无可用尺码,皮卡,Fiat,Strada,2009,,,Extended,,无可用尺码,76: Fiat Strada 1998-2026 Incl: CD/CE  Regular/Extended/Double  无可用尺码
885,1,OK,76,无可用尺码,皮卡,Fiat,Strada,2010,,,Extended,,无可用尺码,76: Fiat Strada 1998-2026 Incl: CD/CE  Regular/Extended/Double  无可用尺码
886,1,OK,76,无可用尺码,皮卡,Fiat,Strada,2011,,,Extended,,无可用尺码,76: Fiat Strada 1998-2026 Incl: CD/CE  Regular/Extended/Double  无可用尺码
887,1,OK,76,无可用尺码,皮卡,Fiat,Strada,2012,,,Extended,,无可用尺码,76: Fiat Strada 1998-2026 Incl: CD/CE  Regular/Extended/Double  无可用尺码
888,1,OK,76,无可用尺码,皮卡,Fiat,Strada,2013,CD,,Double,,无可用尺码,76: Fiat Strada 1998-2026 Incl: CD/CE  Regular/Extended/Double  无可用尺码
889,1,OK,76,无可用尺码,皮卡,Fiat,Strada,2013,,,Extended,,无可用尺码,76: Fiat Strada 1998-2026 Incl: CD/CE  Regular/Extended/Double  无可用尺码
890,1,OK,76,无可用尺码,皮卡,Fiat,Strada,2013,CE,,Regular,,无可用尺码,76: Fiat Strada 1998-2026 Incl: CD/CE  Regular/Extended/Double  无可用尺码
891,1,OK,76,无可用尺码,皮卡,Fiat,Strada,2014,CD,,Double,,无可用尺码,76: Fiat Strada 1998-2026 Incl: CD/CE  Regular/Extended/Double  无可用尺码
892,1,OK,76,无可用尺码,皮卡,Fiat,Strada,2014,,,Extended,,无可用尺码,76: Fiat Strada 1998-2026 Incl: CD/CE  Regular/Extended/Double  无可用尺码
893,1,OK,76,无可用尺码,皮卡,Fiat,Strada,2014,CE,,Regular,,无可用尺码,76: Fiat Strada 1998-2026 Incl: CD/CE  Regular/Extended/Double  无可用尺码
894,1,OK,76,无可用尺码,皮卡,Fiat,Strada,2015,CD,,Double,,无可用尺码,76: Fiat Strada 1998-2026 Incl: CD/CE  Regular/Extended/Double  无可用尺码
895,1,OK,76,无可用尺码,皮卡,Fiat,Strada,2015,CE,,Regular,,无可用尺码,76: Fiat Strada 1998-2026 Incl: CD/CE  Regular/Extended/Double  无可用尺码
896,1,OK,76,无可用尺码,皮卡,Fiat,Strada,2016,CD,,Double,,无可用尺码,76: Fiat Strada 1998-2026 Incl: CD/CE  Regular/Extended/Double  无可用尺码
897,1,OK,76,无可用尺码,皮卡,Fiat,Strada,2016,CE,,Regular,,无可用尺码,76: Fiat Strada 1998-2026 Incl: CD/CE  Regular/Extended/Double  无可用尺码
898,1,OK,76,无可用尺码,皮卡,Fiat,Strada,2017,CD,,Double,,无可用尺码,76: Fiat Strada 1998-2026 Incl: CD/CE  Regular/Extended/Double  无可用尺码
899,1,OK,76,无可用尺码,皮卡,Fiat,Strada,2017,CE,,Regular,,无可用尺码,76: Fiat Strada 1998-2026 Incl: CD/CE  Regular/Extended/Double  无可用尺码
900,1,OK,76,无可用尺码,皮卡,Fiat,Strada,2018,CD,,Double,,无可用尺码,76: Fiat Strada 1998-2026 Incl: CD/CE  Regular/Extended/Double  无可用尺码
901,1,OK,76,无可用尺码,皮卡,Fiat,Strada,2018,CE,,Regular,,无可用尺码,76: Fiat Strada 1998-2026 Incl: CD/CE  Regular/Extended/Double  无可用尺码
902,1,OK,76,无可用尺码,皮卡,Fiat,Strada,2019,CD,,Double,,无可用尺码,76: Fiat Strada 1998-2026 Incl: CD/CE  Regular/Extended/Double  无可用尺码
903,1,OK,76,无可用尺码,皮卡,Fiat,Strada,2019,CE,,Regular,,无可用尺码,76: Fiat Strada 1998-2026 Incl: CD/CE  Regular/Extended/Double  无可用尺码
904,1,OK,76,无可用尺码,皮卡,Fiat,Strada,2020,,,Double,,无可用尺码,76: Fiat Strada 1998-2026 Incl: CD/CE  Regular/Extended/Double  无可用尺码
905,1,OK,76,无可用尺码,皮卡,Fiat,Strada,2020,CD,,Double,,无可用尺码,76: Fiat Strada 1998-2026 Incl: CD/CE  Regular/Extended/Double  无可用尺码
906,1,OK,76,无可用尺码,皮卡,Fiat,Strada,2020,CE,,Regular,,无可用尺码,76: Fiat Strada 1998-2026 Incl: CD/CE  Regular/Extended/Double  无可用尺码
907,1,OK,76,无可用尺码,皮卡,Fiat,Strada,2021,,,Double,,无可用尺码,76: Fiat Strada 1998-2026 Incl: CD/CE  Regular/Extended/Double  无可用尺码
908,1,OK,76,无可用尺码,皮卡,Fiat,Strada,2021,CD,,Double,,无可用尺码,76: Fiat Strada 1998-2026 Incl: CD/CE  Regular/Extended/Double  无可用尺码
909,1,OK,76,无可用尺码,皮卡,Fiat,Strada,2021,CE,,Regular,,无可用尺码,76: Fiat Strada 1998-2026 Incl: CD/CE  Regular/Extended/Double  无可用尺码
910,1,OK,76,无可用尺码,皮卡,Fiat,Strada,2022,,,Double,,无可用尺码,76: Fiat Strada 1998-2026 Incl: CD/CE  Regular/Extended/Double  无可用尺码
911,1,OK,76,无可用尺码,皮卡,Fiat,Strada,2023,,,Double,,无可用尺码,76: Fiat Strada 1998-2026 Incl: CD/CE  Regular/Extended/Double  无可用尺码
912,1,OK,76,无可用尺码,皮卡,Fiat,Strada,2024,,,Double,,无可用尺码,76: Fiat Strada 1998-2026 Incl: CD/CE  Regular/Extended/Double  无可用尺码
913,1,OK,76,无可用尺码,皮卡,Fiat,Strada,2025,,,Double,,无可用尺码,76: Fiat Strada 1998-2026 Incl: CD/CE  Regular/Extended/Double  无可用尺码
914,1,OK,76,无可用尺码,皮卡,Fiat,Strada,2026,,,Double,,无可用尺码,76: Fiat Strada 1998-2026 Incl: CD/CE  Regular/Extended/Double  无可用尺码
915,1,OK,78,PK-M,皮卡,Ford,Explorer Sport Trac,2000,,,Double,,PK-M,78: Ford Explorer Sport Trac 2000-2005   Double  PK-M
916,1,OK,78,PK-M,皮卡,Ford,Explorer Sport Trac,2001,,,Double,,PK-M,78: Ford Explorer Sport Trac 2000-2005   Double  PK-M
917,1,OK,78,PK-M,皮卡,Ford,Explorer Sport Trac,2002,,,Double,,PK-M,78: Ford Explorer Sport Trac 2000-2005   Double  PK-M
918,1,OK,78,PK-M,皮卡,Ford,Explorer Sport Trac,2003,,,Double,,PK-M,78: Ford Explorer Sport Trac 2000-2005   Double  PK-M
919,1,OK,78,PK-M,皮卡,Ford,Explorer Sport Trac,2004,,,Double,,PK-M,78: Ford Explorer Sport Trac 2000-2005   Double  PK-M
920,1,OK,78,PK-M,皮卡,Ford,Explorer Sport Trac,2005,,,Double,,PK-M,78: Ford Explorer Sport Trac 2000-2005   Double  PK-M
921,1,OK,79,PK-M+,皮卡,Ford,Explorer Sport Trac,2006,,,Double,,PK-M+,79: Ford Explorer Sport Trac 2006-2010   Double  PK-M+
922,1,OK,79,PK-M+,皮卡,Ford,Explorer Sport Trac,2007,,,Double,,PK-M+,79: Ford Explorer Sport Trac 2006-2010   Double  PK-M+
923,1,OK,79,PK-M+,皮卡,Ford,Explorer Sport Trac,2008,,,Double,,PK-M+,79: Ford Explorer Sport Trac 2006-2010   Double  PK-M+
924,1,OK,79,PK-M+,皮卡,Ford,Explorer Sport Trac,2009,,,Double,,PK-M+,79: Ford Explorer Sport Trac 2006-2010   Double  PK-M+
925,1,OK,79,PK-M+,皮卡,Ford,Explorer Sport Trac,2010,,,Double,,PK-M+,79: Ford Explorer Sport Trac 2006-2010   Double  PK-M+
926,1,OK,80,PK-M,皮卡,Ford,F-100,1952,,,Regular,,PK-M,80: Ford F-100 1952-1956   Regular  PK-M
927,1,OK,80,PK-M,皮卡,Ford,F-100,1953,,,Regular,,PK-M,80: Ford F-100 1952-1956   Regular  PK-M
928,1,OK,80,PK-M,皮卡,Ford,F-100,1954,,,Regular,,PK-M,80: Ford F-100 1952-1956   Regular  PK-M
929,1,OK,80,PK-M,皮卡,Ford,F-100,1955,,,Regular,,PK-M,80: Ford F-100 1952-1956   Regular  PK-M
930,1,OK,80,PK-M,皮卡,Ford,F-100,1956,,,Regular,,PK-M,80: Ford F-100 1952-1956   Regular  PK-M
931,1,OK,81,PK-M+,皮卡,Ford,F-150,1979,,,Extended,,PK-M+,81: Ford F-150 1979-1996   Extended  PK-M+
932,1,OK,81,PK-M+,皮卡,Ford,F-150,1980,,,Extended,,PK-M+,81: Ford F-150 1979-1996   Extended  PK-M+
933,1,OK,81,PK-M+,皮卡,Ford,F-150,1981,,,Extended,,PK-M+,81: Ford F-150 1979-1996   Extended  PK-M+
934,1,OK,81,PK-M+,皮卡,Ford,F-150,1982,,,Extended,,PK-M+,81: Ford F-150 1979-1996   Extended  PK-M+
935,1,OK,81,PK-M+,皮卡,Ford,F-150,1983,,,Extended,,PK-M+,81: Ford F-150 1979-1996   Extended  PK-M+
936,1,OK,81,PK-M+,皮卡,Ford,F-150,1984,,,Extended,,PK-M+,81: Ford F-150 1979-1996   Extended  PK-M+
937,1,OK,81,PK-M+,皮卡,Ford,F-150,1985,,,Extended,,PK-M+,81: Ford F-150 1979-1996   Extended  PK-M+
938,1,OK,83,PK-M,皮卡,Ford,F-150,1986,,,Regular,,PK-M,83: Ford F-150 1986-2004   Regular  PK-M
939,1,OK,81,PK-M+,皮卡,Ford,F-150,1986,,,Extended,,PK-M+,81: Ford F-150 1979-1996   Extended  PK-M+
940,1,OK,82,PK-XL,皮卡,Ford,F-150,1986,,,Double,,PK-XL,82: Ford F-150 1986-1991   Double  PK-XL
941,1,OK,83,PK-M,皮卡,Ford,F-150,1987,,,Regular,,PK-M,83: Ford F-150 1986-2004   Regular  PK-M
942,1,OK,81,PK-M+,皮卡,Ford,F-150,1987,,,Extended,,PK-M+,81: Ford F-150 1979-1996   Extended  PK-M+
943,1,OK,82,PK-XL,皮卡,Ford,F-150,1987,,,Double,,PK-XL,82: Ford F-150 1986-1991   Double  PK-XL
944,1,OK,83,PK-M,皮卡,Ford,F-150,1988,,,Regular,,PK-M,83: Ford F-150 1986-2004   Regular  PK-M
945,1,OK,81,PK-M+,皮卡,Ford,F-150,1988,,,Extended,,PK-M+,81: Ford F-150 1979-1996   Extended  PK-M+
946,1,OK,82,PK-XL,皮卡,Ford,F-150,1988,,,Double,,PK-XL,82: Ford F-150 1986-1991   Double  PK-XL
947,1,OK,83,PK-M,皮卡,Ford,F-150,1989,,,Regular,,PK-M,83: Ford F-150 1986-2004   Regular  PK-M
948,1,OK,81,PK-M+,皮卡,Ford,F-150,1989,,,Extended,,PK-M+,81: Ford F-150 1979-1996   Extended  PK-M+
949,1,OK,82,PK-XL,皮卡,Ford,F-150,1989,,,Double,,PK-XL,82: Ford F-150 1986-1991   Double  PK-XL
950,1,OK,83,PK-M,皮卡,Ford,F-150,1990,,,Regular,,PK-M,83: Ford F-150 1986-2004   Regular  PK-M
951,1,OK,81,PK-M+,皮卡,Ford,F-150,1990,,,Extended,,PK-M+,81: Ford F-150 1979-1996   Extended  PK-M+
952,1,OK,82,PK-XL,皮卡,Ford,F-150,1990,,,Double,,PK-XL,82: Ford F-150 1986-1991   Double  PK-XL
953,1,OK,83,PK-M,皮卡,Ford,F-150,1991,,,Regular,,PK-M,83: Ford F-150 1986-2004   Regular  PK-M
954,1,OK,81,PK-M+,皮卡,Ford,F-150,1991,,,Extended,,PK-M+,81: Ford F-150 1979-1996   Extended  PK-M+
955,1,OK,82,PK-XL,皮卡,Ford,F-150,1991,,,Double,,PK-XL,82: Ford F-150 1986-1991   Double  PK-XL
956,1,OK,83,PK-M,皮卡,Ford,F-150,1992,,,Regular,,PK-M,83: Ford F-150 1986-2004   Regular  PK-M
957,1,OK,81,PK-M+,皮卡,Ford,F-150,1992,,,Extended,,PK-M+,81: Ford F-150 1979-1996   Extended  PK-M+
958,1,OK,83,PK-M,皮卡,Ford,F-150,1993,,,Regular,,PK-M,83: Ford F-150 1986-2004   Regular  PK-M
959,1,OK,81,PK-M+,皮卡,Ford,F-150,1993,,,Extended,,PK-M+,81: Ford F-150 1979-1996   Extended  PK-M+
960,1,OK,83,PK-M,皮卡,Ford,F-150,1994,,,Regular,,PK-M,83: Ford F-150 1986-2004   Regular  PK-M
961,1,OK,81,PK-M+,皮卡,Ford,F-150,1994,,,Extended,,PK-M+,81: Ford F-150 1979-1996   Extended  PK-M+
962,1,OK,83,PK-M,皮卡,Ford,F-150,1995,,,Regular,,PK-M,83: Ford F-150 1986-2004   Regular  PK-M
963,1,OK,81,PK-M+,皮卡,Ford,F-150,1995,,,Extended,,PK-M+,81: Ford F-150 1979-1996   Extended  PK-M+
964,2,MULTI,81/85,PK-L/PK-M+,皮卡,Ford,F-150,1996,,,Extended,,PK-L,81: Ford F-150 1979-1996   Extended  PK-M+ || 85: Ford F-150 1996-2004   Extended  PK-L
965,1,OK,84,PK-M,皮卡,Ford,F-150,1996,,,Double,,PK-M,84: Ford F-150 1996-2004   Double  PK-M
966,1,OK,83,PK-M,皮卡,Ford,F-150,1996,,,Regular,,PK-M,83: Ford F-150 1986-2004   Regular  PK-M
967,2,MULTI,81/85,PK-L/PK-M+,皮卡,Ford,F-150,1996,,,Extended,,PK-M+,81: Ford F-150 1979-1996   Extended  PK-M+ || 85: Ford F-150 1996-2004   Extended  PK-L
968,1,OK,85,PK-L,皮卡,Ford,F-150,1997,,,Extended,,PK-L,85: Ford F-150 1996-2004   Extended  PK-L
969,1,OK,84,PK-M,皮卡,Ford,F-150,1997,,,Double,,PK-M,84: Ford F-150 1996-2004   Double  PK-M
970,1,OK,83,PK-M,皮卡,Ford,F-150,1997,,,Regular,,PK-M,83: Ford F-150 1986-2004   Regular  PK-M
971,1,OK,85,PK-L,皮卡,Ford,F-150,1998,,,Extended,,PK-L,85: Ford F-150 1996-2004   Extended  PK-L
972,1,OK,84,PK-M,皮卡,Ford,F-150,1998,,,Double,,PK-M,84: Ford F-150 1996-2004   Double  PK-M
973,1,OK,83,PK-M,皮卡,Ford,F-150,1998,,,Regular,,PK-M,83: Ford F-150 1986-2004   Regular  PK-M
974,1,OK,85,PK-L,皮卡,Ford,F-150,1999,,,Extended,,PK-L,85: Ford F-150 1996-2004   Extended  PK-L
975,1,OK,84,PK-M,皮卡,Ford,F-150,1999,,,Double,,PK-M,84: Ford F-150 1996-2004   Double  PK-M
976,1,OK,83,PK-M,皮卡,Ford,F-150,1999,,,Regular,,PK-M,83: Ford F-150 1986-2004   Regular  PK-M
977,1,OK,85,PK-L,皮卡,Ford,F-150,2000,,,Extended,,PK-L,85: Ford F-150 1996-2004   Extended  PK-L
978,1,OK,84,PK-M,皮卡,Ford,F-150,2000,,,Double,,PK-M,84: Ford F-150 1996-2004   Double  PK-M
979,1,OK,83,PK-M,皮卡,Ford,F-150,2000,,,Regular,,PK-M,83: Ford F-150 1986-2004   Regular  PK-M
980,1,OK,85,PK-L,皮卡,Ford,F-150,2001,,,Extended,,PK-L,85: Ford F-150 1996-2004   Extended  PK-L
981,1,OK,84,PK-M,皮卡,Ford,F-150,2001,,,Double,,PK-M,84: Ford F-150 1996-2004   Double  PK-M
982,1,OK,83,PK-M,皮卡,Ford,F-150,2001,,,Regular,,PK-M,83: Ford F-150 1986-2004   Regular  PK-M
983,1,OK,85,PK-L,皮卡,Ford,F-150,2002,,,Extended,,PK-L,85: Ford F-150 1996-2004   Extended  PK-L
984,1,OK,84,PK-M,皮卡,Ford,F-150,2002,,,Double,,PK-M,84: Ford F-150 1996-2004   Double  PK-M
985,1,OK,83,PK-M,皮卡,Ford,F-150,2002,,,Regular,,PK-M,83: Ford F-150 1986-2004   Regular  PK-M
986,2,MULTI,85/87,PK-L/PK-M+,皮卡,Ford,F-150,2003,,,Extended,,PK-L,85: Ford F-150 1996-2004   Extended  PK-L || 87: Ford F-150 2003-2008   Extended  PK-M+
987,2,MULTI,84/86,PK-M/PK-M+,皮卡,Ford,F-150,2003,,,Double,,PK-M,84: Ford F-150 1996-2004   Double  PK-M || 86: Ford F-150 2003-2008   Double  PK-M+
988,2,MULTI,83/88,PK-M/PK-M+,皮卡,Ford,F-150,2003,,,Regular,,PK-M,83: Ford F-150 1986-2004   Regular  PK-M || 88: Ford F-150 2003-2014   Regular  PK-M+
989,2,MULTI,84/86,PK-M/PK-M+,皮卡,Ford,F-150,2003,,,Double,,PK-M+,84: Ford F-150 1996-2004   Double  PK-M || 86: Ford F-150 2003-2008   Double  PK-M+
990,2,MULTI,85/87,PK-L/PK-M+,皮卡,Ford,F-150,2003,,,Extended,,PK-M+,85: Ford F-150 1996-2004   Extended  PK-L || 87: Ford F-150 2003-2008   Extended  PK-M+
991,2,MULTI,83/88,PK-M/PK-M+,皮卡,Ford,F-150,2003,,,Regular,,PK-M+,83: Ford F-150 1986-2004   Regular  PK-M || 88: Ford F-150 2003-2014   Regular  PK-M+
992,2,MULTI,85/87,PK-L/PK-M+,皮卡,Ford,F-150,2004,,,Extended,,PK-L,85: Ford F-150 1996-2004   Extended  PK-L || 87: Ford F-150 2003-2008   Extended  PK-M+
993,2,MULTI,84/86,PK-M/PK-M+,皮卡,Ford,F-150,2004,,,Double,,PK-M,84: Ford F-150 1996-2004   Double  PK-M || 86: Ford F-150 2003-2008   Double  PK-M+
994,2,MULTI,83/88,PK-M/PK-M+,皮卡,Ford,F-150,2004,,,Regular,,PK-M,83: Ford F-150 1986-2004   Regular  PK-M || 88: Ford F-150 2003-2014   Regular  PK-M+
995,2,MULTI,84/86,PK-M/PK-M+,皮卡,Ford,F-150,2004,,,Double,,PK-M+,84: Ford F-150 1996-2004   Double  PK-M || 86: Ford F-150 2003-2008   Double  PK-M+
996,2,MULTI,85/87,PK-L/PK-M+,皮卡,Ford,F-150,2004,,,Extended,,PK-M+,85: Ford F-150 1996-2004   Extended  PK-L || 87: Ford F-150 2003-2008   Extended  PK-M+
997,2,MULTI,83/88,PK-M/PK-M+,皮卡,Ford,F-150,2004,,,Regular,,PK-M+,83: Ford F-150 1986-2004   Regular  PK-M || 88: Ford F-150 2003-2014   Regular  PK-M+
998,1,OK,86,PK-M+,皮卡,Ford,F-150,2005,,,Double,,PK-M+,86: Ford F-150 2003-2008   Double  PK-M+
999,1,OK,87,PK-M+,皮卡,Ford,F-150,2005,,,Extended,,PK-M+,87: Ford F-150 2003-2008   Extended  PK-M+
1000,1,OK,88,PK-M+,皮卡,Ford,F-150,2005,,,Regular,,PK-M+,88: Ford F-150 2003-2014   Regular  PK-M+
1001,1,OK,86,PK-M+,皮卡,Ford,F-150,2006,,,Double,,PK-M+,86: Ford F-150 2003-2008   Double  PK-M+
1002,1,OK,87,PK-M+,皮卡,Ford,F-150,2006,,,Extended,,PK-M+,87: Ford F-150 2003-2008   Extended  PK-M+
1003,1,OK,88,PK-M+,皮卡,Ford,F-150,2006,,,Regular,,PK-M+,88: Ford F-150 2003-2014   Regular  PK-M+
1004,1,OK,86,PK-M+,皮卡,Ford,F-150,2007,,,Double,,PK-M+,86: Ford F-150 2003-2008   Double  PK-M+
1005,1,OK,87,PK-M+,皮卡,Ford,F-150,2007,,,Extended,,PK-M+,87: Ford F-150 2003-2008   Extended  PK-M+
1006,1,OK,88,PK-M+,皮卡,Ford,F-150,2007,,,Regular,,PK-M+,88: Ford F-150 2003-2014   Regular  PK-M+
1007,2,MULTI,87/90,PK-L/PK-M+,皮卡,Ford,F-150,2008,,,Extended,,PK-L,87: Ford F-150 2003-2008   Extended  PK-M+ || 90: Ford F-150 2008-2014   Extended  PK-L
1008,1,OK,92,PK-L,皮卡,Ford,F-150,2008,Raptor,,Extended,,PK-L,92: Ford F-150 2008-2014 Raptor  Extended  PK-L
1009,1,OK,89,PK-M+,皮卡,Ford,F-150,2008,,,Crew,,PK-M+,89: Ford F-150 2008-2014   Crew  PK-M+
1010,1,OK,86,PK-M+,皮卡,Ford,F-150,2008,,,Double,,PK-M+,86: Ford F-150 2003-2008   Double  PK-M+
1011,2,MULTI,87/90,PK-L/PK-M+,皮卡,Ford,F-150,2008,,,Extended,,PK-M+,87: Ford F-150 2003-2008   Extended  PK-M+ || 90: Ford F-150 2008-2014   Extended  PK-L
1012,1,OK,88,PK-M+,皮卡,Ford,F-150,2008,,,Regular,,PK-M+,88: Ford F-150 2003-2014   Regular  PK-M+
1013,1,OK,91,PK-XL,皮卡,Ford,F-150,2008,Raptor,,Crew,,PK-XL,91: Ford F-150 2008-2014 Raptor  Crew  PK-XL
1014,1,OK,90,PK-L,皮卡,Ford,F-150,2009,,,Extended,,PK-L,90: Ford F-150 2008-2014   Extended  PK-L
1015,1,OK,92,PK-L,皮卡,Ford,F-150,2009,Raptor,,Extended,,PK-L,92: Ford F-150 2008-2014 Raptor  Extended  PK-L
1016,1,OK,89,PK-M+,皮卡,Ford,F-150,2009,,,Crew,,PK-M+,89: Ford F-150 2008-2014   Crew  PK-M+
1017,1,OK,88,PK-M+,皮卡,Ford,F-150,2009,,,Regular,,PK-M+,88: Ford F-150 2003-2014   Regular  PK-M+
1018,1,OK,91,PK-XL,皮卡,Ford,F-150,2009,Raptor,,Crew,,PK-XL,91: Ford F-150 2008-2014 Raptor  Crew  PK-XL
1019,1,OK,90,PK-L,皮卡,Ford,F-150,2010,,,Extended,,PK-L,90: Ford F-150 2008-2014   Extended  PK-L
1020,1,OK,92,PK-L,皮卡,Ford,F-150,2010,Raptor,,Extended,,PK-L,92: Ford F-150 2008-2014 Raptor  Extended  PK-L
1021,1,OK,89,PK-M+,皮卡,Ford,F-150,2010,,,Crew,,PK-M+,89: Ford F-150 2008-2014   Crew  PK-M+
1022,1,OK,88,PK-M+,皮卡,Ford,F-150,2010,,,Regular,,PK-M+,88: Ford F-150 2003-2014   Regular  PK-M+
1023,1,OK,91,PK-XL,皮卡,Ford,F-150,2010,Raptor,,Crew,,PK-XL,91: Ford F-150 2008-2014 Raptor  Crew  PK-XL
1024,1,OK,90,PK-L,皮卡,Ford,F-150,2011,,,Extended,,PK-L,90: Ford F-150 2008-2014   Extended  PK-L
1025,1,OK,92,PK-L,皮卡,Ford,F-150,2011,Raptor,,Extended,,PK-L,92: Ford F-150 2008-2014 Raptor  Extended  PK-L
1026,1,OK,89,PK-M+,皮卡,Ford,F-150,2011,,,Crew,,PK-M+,89: Ford F-150 2008-2014   Crew  PK-M+
1027,1,OK,88,PK-M+,皮卡,Ford,F-150,2011,,,Regular,,PK-M+,88: Ford F-150 2003-2014   Regular  PK-M+
1028,1,OK,91,PK-XL,皮卡,Ford,F-150,2011,Raptor,,Crew,,PK-XL,91: Ford F-150 2008-2014 Raptor  Crew  PK-XL
1029,1,OK,90,PK-L,皮卡,Ford,F-150,2012,,,Extended,,PK-L,90: Ford F-150 2008-2014   Extended  PK-L
1030,1,OK,92,PK-L,皮卡,Ford,F-150,2012,Raptor,,Extended,,PK-L,92: Ford F-150 2008-2014 Raptor  Extended  PK-L
1031,1,OK,89,PK-M+,皮卡,Ford,F-150,2012,,,Crew,,PK-M+,89: Ford F-150 2008-2014   Crew  PK-M+
1032,1,OK,88,PK-M+,皮卡,Ford,F-150,2012,,,Regular,,PK-M+,88: Ford F-150 2003-2014   Regular  PK-M+
1033,1,OK,91,PK-XL,皮卡,Ford,F-150,2012,Raptor,,Crew,,PK-XL,91: Ford F-150 2008-2014 Raptor  Crew  PK-XL
1034,1,OK,90,PK-L,皮卡,Ford,F-150,2013,,,Extended,,PK-L,90: Ford F-150 2008-2014   Extended  PK-L
1035,1,OK,92,PK-L,皮卡,Ford,F-150,2013,Raptor,,Extended,,PK-L,92: Ford F-150 2008-2014 Raptor  Extended  PK-L
1036,1,OK,89,PK-M+,皮卡,Ford,F-150,2013,,,Crew,,PK-M+,89: Ford F-150 2008-2014   Crew  PK-M+
1037,1,OK,88,PK-M+,皮卡,Ford,F-150,2013,,,Regular,,PK-M+,88: Ford F-150 2003-2014   Regular  PK-M+
1038,1,OK,91,PK-XL,皮卡,Ford,F-150,2013,Raptor,,Crew,,PK-XL,91: Ford F-150 2008-2014 Raptor  Crew  PK-XL
1039,1,OK,90,PK-L,皮卡,Ford,F-150,2014,,,Extended,,PK-L,90: Ford F-150 2008-2014   Extended  PK-L
1040,1,OK,92,PK-L,皮卡,Ford,F-150,2014,Raptor,,Extended,,PK-L,92: Ford F-150 2008-2014 Raptor  Extended  PK-L
1041,2,MULTI,88/95,PK-M/PK-M+,皮卡,Ford,F-150,2014,,,Regular,,PK-M,88: Ford F-150 2003-2014   Regular  PK-M+ || 95: Ford F-150 2014-2026   Regular  PK-M
1042,1,OK,89,PK-M+,皮卡,Ford,F-150,2014,,,Crew,,PK-M+,89: Ford F-150 2008-2014   Crew  PK-M+
1043,2,MULTI,88/95,PK-M/PK-M+,皮卡,Ford,F-150,2014,,,Regular,,PK-M+,88: Ford F-150 2003-2014   Regular  PK-M+ || 95: Ford F-150 2014-2026   Regular  PK-M
1044,1,OK,91,PK-XL,皮卡,Ford,F-150,2014,Raptor,,Crew,,PK-XL,91: Ford F-150 2008-2014 Raptor  Crew  PK-XL
1045,1,OK,96,PK-XL,皮卡,Ford,F-150,2014,,,SuperCab,,PK-XL,96: Ford F-150 2014-2026   SuperCab  PK-XL
1046,1,OK,94,PK-XL,皮卡,Ford,F-150,2014,Raptor,,SuperCab,,PK-XL,94: Ford F-150 2014-2020 Raptor  SuperCab  PK-XL
1047,1,OK,93,PK-XL,皮卡,Ford,F-150,2014,,,SuperCrew,,PK-XL,93: Ford F-150 2014-2020   SuperCrew  PK-XL
1048,1,OK,97,PK-XL,皮卡,Ford,F-150,2014,Raptor,,SuperCrew,,PK-XL,97: Ford F-150 2014-2026 Raptor  SuperCrew  PK-XL
1049,1,OK,95,PK-M,皮卡,Ford,F-150,2015,,,Regular,,PK-M,95: Ford F-150 2014-2026   Regular  PK-M
1050,1,OK,96,PK-XL,皮卡,Ford,F-150,2015,,,SuperCab,,PK-XL,96: Ford F-150 2014-2026   SuperCab  PK-XL
1051,1,OK,94,PK-XL,皮卡,Ford,F-150,2015,Raptor,,SuperCab,,PK-XL,94: Ford F-150 2014-2020 Raptor  SuperCab  PK-XL
1052,1,OK,93,PK-XL,皮卡,Ford,F-150,2015,,,SuperCrew,,PK-XL,93: Ford F-150 2014-2020   SuperCrew  PK-XL
1053,1,OK,97,PK-XL,皮卡,Ford,F-150,2015,Raptor,,SuperCrew,,PK-XL,97: Ford F-150 2014-2026 Raptor  SuperCrew  PK-XL
1054,1,OK,95,PK-M,皮卡,Ford,F-150,2016,,,Regular,,PK-M,95: Ford F-150 2014-2026   Regular  PK-M
1055,1,OK,96,PK-XL,皮卡,Ford,F-150,2016,,,SuperCab,,PK-XL,96: Ford F-150 2014-2026   SuperCab  PK-XL
1056,1,OK,94,PK-XL,皮卡,Ford,F-150,2016,Raptor,,SuperCab,,PK-XL,94: Ford F-150 2014-2020 Raptor  SuperCab  PK-XL
1057,1,OK,93,PK-XL,皮卡,Ford,F-150,2016,,,SuperCrew,,PK-XL,93: Ford F-150 2014-2020   SuperCrew  PK-XL
1058,1,OK,97,PK-XL,皮卡,Ford,F-150,2016,Raptor,,SuperCrew,,PK-XL,97: Ford F-150 2014-2026 Raptor  SuperCrew  PK-XL
1059,1,OK,95,PK-M,皮卡,Ford,F-150,2017,,,Regular,,PK-M,95: Ford F-150 2014-2026   Regular  PK-M
1060,1,OK,96,PK-XL,皮卡,Ford,F-150,2017,,,SuperCab,,PK-XL,96: Ford F-150 2014-2026   SuperCab  PK-XL
1061,1,OK,94,PK-XL,皮卡,Ford,F-150,2017,Raptor,,SuperCab,,PK-XL,94: Ford F-150 2014-2020 Raptor  SuperCab  PK-XL
1062,1,OK,93,PK-XL,皮卡,Ford,F-150,2017,,,SuperCrew,,PK-XL,93: Ford F-150 2014-2020   SuperCrew  PK-XL
1063,1,OK,97,PK-XL,皮卡,Ford,F-150,2017,Raptor,,SuperCrew,,PK-XL,97: Ford F-150 2014-2026 Raptor  SuperCrew  PK-XL
1064,1,OK,95,PK-M,皮卡,Ford,F-150,2018,,,Regular,,PK-M,95: Ford F-150 2014-2026   Regular  PK-M
1065,1,OK,96,PK-XL,皮卡,Ford,F-150,2018,,,SuperCab,,PK-XL,96: Ford F-150 2014-2026   SuperCab  PK-XL
1066,1,OK,94,PK-XL,皮卡,Ford,F-150,2018,Raptor,,SuperCab,,PK-XL,94: Ford F-150 2014-2020 Raptor  SuperCab  PK-XL
1067,1,OK,93,PK-XL,皮卡,Ford,F-150,2018,,,SuperCrew,,PK-XL,93: Ford F-150 2014-2020   SuperCrew  PK-XL
1068,1,OK,97,PK-XL,皮卡,Ford,F-150,2018,Raptor,,SuperCrew,,PK-XL,97: Ford F-150 2014-2026 Raptor  SuperCrew  PK-XL
1069,1,OK,95,PK-M,皮卡,Ford,F-150,2019,,,Regular,,PK-M,95: Ford F-150 2014-2026   Regular  PK-M
1070,1,OK,96,PK-XL,皮卡,Ford,F-150,2019,,,SuperCab,,PK-XL,96: Ford F-150 2014-2026   SuperCab  PK-XL
1071,1,OK,94,PK-XL,皮卡,Ford,F-150,2019,Raptor,,SuperCab,,PK-XL,94: Ford F-150 2014-2020 Raptor  SuperCab  PK-XL
1072,1,OK,93,PK-XL,皮卡,Ford,F-150,2019,,,SuperCrew,,PK-XL,93: Ford F-150 2014-2020   SuperCrew  PK-XL
1073,1,OK,97,PK-XL,皮卡,Ford,F-150,2019,Raptor,,SuperCrew,,PK-XL,97: Ford F-150 2014-2026 Raptor  SuperCrew  PK-XL
1074,1,OK,95,PK-M,皮卡,Ford,F-150,2020,,,Regular,,PK-M,95: Ford F-150 2014-2026   Regular  PK-M
1075,1,OK,99,PK-XL,皮卡,Ford,F-150,2020,Lightning,,Double,,PK-XL,99: Ford F-150 2020-2024 Lightning  Double  PK-XL
1076,1,OK,96,PK-XL,皮卡,Ford,F-150,2020,,,SuperCab,,PK-XL,96: Ford F-150 2014-2026   SuperCab  PK-XL
1077,1,OK,94,PK-XL,皮卡,Ford,F-150,2020,Raptor,,SuperCab,,PK-XL,94: Ford F-150 2014-2020 Raptor  SuperCab  PK-XL
1078,2,MULTI,93/98,PK-XL/PK-XXL,皮卡,Ford,F-150,2020,,,SuperCrew,,PK-XL,93: Ford F-150 2014-2020   SuperCrew  PK-XL || 98: Ford F-150 2020-2024   SuperCrew  PK-XXL
1079,1,OK,97,PK-XL,皮卡,Ford,F-150,2020,Raptor,,SuperCrew,,PK-XL,97: Ford F-150 2014-2026 Raptor  SuperCrew  PK-XL
1080,2,MULTI,93/98,PK-XL/PK-XXL,皮卡,Ford,F-150,2020,,,SuperCrew,,PK-XXL,93: Ford F-150 2014-2020   SuperCrew  PK-XL || 98: Ford F-150 2020-2024   SuperCrew  PK-XXL
1081,1,OK,95,PK-M,皮卡,Ford,F-150,2021,,,Regular,,PK-M,95: Ford F-150 2014-2026   Regular  PK-M
1082,1,OK,99,PK-XL,皮卡,Ford,F-150,2021,Lightning,,Double,,PK-XL,99: Ford F-150 2020-2024 Lightning  Double  PK-XL
1083,1,OK,96,PK-XL,皮卡,Ford,F-150,2021,,,SuperCab,,PK-XL,96: Ford F-150 2014-2026   SuperCab  PK-XL
1084,1,OK,97,PK-XL,皮卡,Ford,F-150,2021,Raptor,,SuperCrew,,PK-XL,97: Ford F-150 2014-2026 Raptor  SuperCrew  PK-XL
1085,1,OK,98,PK-XXL,皮卡,Ford,F-150,2021,,,SuperCrew,,PK-XXL,98: Ford F-150 2020-2024   SuperCrew  PK-XXL
1086,1,OK,95,PK-M,皮卡,Ford,F-150,2022,,,Regular,,PK-M,95: Ford F-150 2014-2026   Regular  PK-M
1087,1,OK,99,PK-XL,皮卡,Ford,F-150,2022,Lightning,,Double,,PK-XL,99: Ford F-150 2020-2024 Lightning  Double  PK-XL
1088,1,OK,96,PK-XL,皮卡,Ford,F-150,2022,,,SuperCab,,PK-XL,96: Ford F-150 2014-2026   SuperCab  PK-XL
1089,1,OK,97,PK-XL,皮卡,Ford,F-150,2022,Raptor,,SuperCrew,,PK-XL,97: Ford F-150 2014-2026 Raptor  SuperCrew  PK-XL
1090,1,OK,98,PK-XXL,皮卡,Ford,F-150,2022,,,SuperCrew,,PK-XXL,98: Ford F-150 2020-2024   SuperCrew  PK-XXL
1091,1,OK,95,PK-M,皮卡,Ford,F-150,2023,,,Regular,,PK-M,95: Ford F-150 2014-2026   Regular  PK-M
1092,1,OK,99,PK-XL,皮卡,Ford,F-150,2023,Lightning,,Double,,PK-XL,99: Ford F-150 2020-2024 Lightning  Double  PK-XL
1093,1,OK,96,PK-XL,皮卡,Ford,F-150,2023,,,SuperCab,,PK-XL,96: Ford F-150 2014-2026   SuperCab  PK-XL
1094,1,OK,97,PK-XL,皮卡,Ford,F-150,2023,Raptor,,SuperCrew,,PK-XL,97: Ford F-150 2014-2026 Raptor  SuperCrew  PK-XL
1095,1,OK,98,PK-XXL,皮卡,Ford,F-150,2023,,,SuperCrew,,PK-XXL,98: Ford F-150 2020-2024   SuperCrew  PK-XXL
1096,1,OK,95,PK-M,皮卡,Ford,F-150,2024,,,Regular,,PK-M,95: Ford F-150 2014-2026   Regular  PK-M
1097,1,OK,99,PK-XL,皮卡,Ford,F-150,2024,Lightning,,Double,,PK-XL,99: Ford F-150 2020-2024 Lightning  Double  PK-XL
1098,1,OK,96,PK-XL,皮卡,Ford,F-150,2024,,,SuperCab,,PK-XL,96: Ford F-150 2014-2026   SuperCab  PK-XL
1099,2,MULTI,98/100,PK-XL/PK-XXL,皮卡,Ford,F-150,2024,,,SuperCrew,,PK-XL,98: Ford F-150 2020-2024   SuperCrew  PK-XXL || 100: Ford F-150 2024-2026   SuperCrew  PK-XL
1100,1,OK,97,PK-XL,皮卡,Ford,F-150,2024,Raptor,,SuperCrew,,PK-XL,97: Ford F-150 2014-2026 Raptor  SuperCrew  PK-XL
1101,2,MULTI,98/100,PK-XL/PK-XXL,皮卡,Ford,F-150,2024,,,SuperCrew,,PK-XXL,98: Ford F-150 2020-2024   SuperCrew  PK-XXL || 100: Ford F-150 2024-2026   SuperCrew  PK-XL
1102,1,OK,95,PK-M,皮卡,Ford,F-150,2025,,,Regular,,PK-M,95: Ford F-150 2014-2026   Regular  PK-M
1103,1,OK,96,PK-XL,皮卡,Ford,F-150,2025,,,SuperCab,,PK-XL,96: Ford F-150 2014-2026   SuperCab  PK-XL
1104,1,OK,100,PK-XL,皮卡,Ford,F-150,2025,,,SuperCrew,,PK-XL,100: Ford F-150 2024-2026   SuperCrew  PK-XL
1105,1,OK,97,PK-XL,皮卡,Ford,F-150,2025,Raptor,,SuperCrew,,PK-XL,97: Ford F-150 2014-2026 Raptor  SuperCrew  PK-XL
1106,1,OK,95,PK-M,皮卡,Ford,F-150,2026,,,Regular,,PK-M,95: Ford F-150 2014-2026   Regular  PK-M
1107,1,OK,96,PK-XL,皮卡,Ford,F-150,2026,,,SuperCab,,PK-XL,96: Ford F-150 2014-2026   SuperCab  PK-XL
1108,1,OK,100,PK-XL,皮卡,Ford,F-150,2026,,,SuperCrew,,PK-XL,100: Ford F-150 2024-2026   SuperCrew  PK-XL
1109,1,OK,97,PK-XL,皮卡,Ford,F-150,2026,Raptor,,SuperCrew,,PK-XL,97: Ford F-150 2014-2026 Raptor  SuperCrew  PK-XL
1110,1,OK,101,无可用尺码,皮卡,Ford,F-2,1948,,,Regular,,无可用尺码,101: Ford F-2 1948-1952   Regular  无可用尺码
1111,1,OK,101,无可用尺码,皮卡,Ford,F-2,1949,,,Regular,,无可用尺码,101: Ford F-2 1948-1952   Regular  无可用尺码
1112,1,OK,101,无可用尺码,皮卡,Ford,F-2,1950,,,Regular,,无可用尺码,101: Ford F-2 1948-1952   Regular  无可用尺码
1113,1,OK,101,无可用尺码,皮卡,Ford,F-2,1951,,,Regular,,无可用尺码,101: Ford F-2 1948-1952   Regular  无可用尺码
1114,1,OK,101,无可用尺码,皮卡,Ford,F-2,1952,,,Regular,,无可用尺码,101: Ford F-2 1948-1952   Regular  无可用尺码
1115,1,OK,102,PK-M,皮卡,Ford,Maverick,2021,,,Double,,PK-M,102: Ford Maverick 2021-2026   Double  PK-M
1116,1,OK,102,PK-M,皮卡,Ford,Maverick,2022,,,Double,,PK-M,102: Ford Maverick 2021-2026   Double  PK-M
1117,1,OK,102,PK-M,皮卡,Ford,Maverick,2023,,,Double,,PK-M,102: Ford Maverick 2021-2026   Double  PK-M
1118,1,OK,102,PK-M,皮卡,Ford,Maverick,2024,,,Double,,PK-M,102: Ford Maverick 2021-2026   Double  PK-M
1119,1,OK,102,PK-M,皮卡,Ford,Maverick,2025,,,Double,,PK-M,102: Ford Maverick 2021-2026   Double  PK-M
1120,1,OK,102,PK-M,皮卡,Ford,Maverick,2026,,,Double,,PK-M,102: Ford Maverick 2021-2026   Double  PK-M
1121,1,OK,77,PK-M,皮卡,Ford,Ranchero,1957,,,Regular,,PK-M,77: Ford Ranchero 1957-1976   Regular  PK-M
1122,1,OK,77,PK-M,皮卡,Ford,Ranchero,1958,,,Regular,,PK-M,77: Ford Ranchero 1957-1976   Regular  PK-M
1123,1,OK,77,PK-M,皮卡,Ford,Ranchero,1959,,,Regular,,PK-M,77: Ford Ranchero 1957-1976   Regular  PK-M
1124,1,OK,77,PK-M,皮卡,Ford,Ranchero,1960,,,Regular,,PK-M,77: Ford Ranchero 1957-1976   Regular  PK-M
1125,1,OK,77,PK-M,皮卡,Ford,Ranchero,1972,,,Regular,,PK-M,77: Ford Ranchero 1957-1976   Regular  PK-M
1126,1,OK,77,PK-M,皮卡,Ford,Ranchero,1973,,,Regular,,PK-M,77: Ford Ranchero 1957-1976   Regular  PK-M
1127,1,OK,77,PK-M,皮卡,Ford,Ranchero,1974,,,Regular,,PK-M,77: Ford Ranchero 1957-1976   Regular  PK-M
1128,1,OK,77,PK-M,皮卡,Ford,Ranchero,1975,,,Regular,,PK-M,77: Ford Ranchero 1957-1976   Regular  PK-M
1129,1,OK,77,PK-M,皮卡,Ford,Ranchero,1976,,,Regular,,PK-M,77: Ford Ranchero 1957-1976   Regular  PK-M
1130,1,OK,103,PK-M,皮卡,Ford,Ranger,1998,,,Crew,,PK-M,103: Ford Ranger 1998-2006   Crew  PK-M
1131,1,OK,104,PK-M,皮卡,Ford,Ranger,1998,,,Regular,,PK-M,104: Ford Ranger 1998-2006   Regular  PK-M
1132,1,OK,103,PK-M,皮卡,Ford,Ranger,1999,,,Crew,,PK-M,103: Ford Ranger 1998-2006   Crew  PK-M
1133,1,OK,104,PK-M,皮卡,Ford,Ranger,1999,,,Regular,,PK-M,104: Ford Ranger 1998-2006   Regular  PK-M
1134,1,OK,103,PK-M,皮卡,Ford,Ranger,2000,,,Crew,,PK-M,103: Ford Ranger 1998-2006   Crew  PK-M
1135,1,OK,104,PK-M,皮卡,Ford,Ranger,2000,,,Regular,,PK-M,104: Ford Ranger 1998-2006   Regular  PK-M
1136,1,OK,103,PK-M,皮卡,Ford,Ranger,2001,,,Crew,,PK-M,103: Ford Ranger 1998-2006   Crew  PK-M
1137,1,OK,104,PK-M,皮卡,Ford,Ranger,2001,,,Regular,,PK-M,104: Ford Ranger 1998-2006   Regular  PK-M
1138,1,OK,103,PK-M,皮卡,Ford,Ranger,2002,,,Crew,,PK-M,103: Ford Ranger 1998-2006   Crew  PK-M
1139,1,OK,104,PK-M,皮卡,Ford,Ranger,2002,,,Regular,,PK-M,104: Ford Ranger 1998-2006   Regular  PK-M
1140,1,OK,103,PK-M,皮卡,Ford,Ranger,2003,,,Crew,,PK-M,103: Ford Ranger 1998-2006   Crew  PK-M
1141,1,OK,104,PK-M,皮卡,Ford,Ranger,2003,,,Regular,,PK-M,104: Ford Ranger 1998-2006   Regular  PK-M
1142,1,OK,103,PK-M,皮卡,Ford,Ranger,2004,,,Crew,,PK-M,103: Ford Ranger 1998-2006   Crew  PK-M
1143,1,OK,104,PK-M,皮卡,Ford,Ranger,2004,,,Regular,,PK-M,104: Ford Ranger 1998-2006   Regular  PK-M
1144,1,OK,103,PK-M,皮卡,Ford,Ranger,2005,,,Crew,,PK-M,103: Ford Ranger 1998-2006   Crew  PK-M
1145,1,OK,104,PK-M,皮卡,Ford,Ranger,2005,,,Regular,,PK-M,104: Ford Ranger 1998-2006   Regular  PK-M
1146,1,OK,103,PK-M,皮卡,Ford,Ranger,2006,,,Crew,,PK-M,103: Ford Ranger 1998-2006   Crew  PK-M
1147,1,OK,105,PK-M,皮卡,Ford,Ranger,2006,,,Double,,PK-M,105: Ford Ranger 2006-2011   Double  PK-M
1148,1,OK,106,PK-M,皮卡,Ford,Ranger,2006,,,Extended,,PK-M,106: Ford Ranger 2006-2011   Extended  PK-M
1149,1,OK,104,PK-M,皮卡,Ford,Ranger,2006,,,Regular,,PK-M,104: Ford Ranger 1998-2006   Regular  PK-M
1150,1,OK,105,PK-M,皮卡,Ford,Ranger,2007,,,Double,,PK-M,105: Ford Ranger 2006-2011   Double  PK-M
1151,1,OK,106,PK-M,皮卡,Ford,Ranger,2007,,,Extended,,PK-M,106: Ford Ranger 2006-2011   Extended  PK-M
1152,1,OK,105,PK-M,皮卡,Ford,Ranger,2008,,,Double,,PK-M,105: Ford Ranger 2006-2011   Double  PK-M
1153,1,OK,106,PK-M,皮卡,Ford,Ranger,2008,,,Extended,,PK-M,106: Ford Ranger 2006-2011   Extended  PK-M
1154,1,OK,105,PK-M,皮卡,Ford,Ranger,2009,,,Double,,PK-M,105: Ford Ranger 2006-2011   Double  PK-M
1155,1,OK,106,PK-M,皮卡,Ford,Ranger,2009,,,Extended,,PK-M,106: Ford Ranger 2006-2011   Extended  PK-M
1156,1,OK,107,PK-M,皮卡,Ford,Ranger,2009,,,Regular,,PK-M,107: Ford Ranger 2009-2022   Regular  PK-M
1157,1,OK,105,PK-M,皮卡,Ford,Ranger,2010,,,Double,,PK-M,105: Ford Ranger 2006-2011   Double  PK-M
1158,1,OK,106,PK-M,皮卡,Ford,Ranger,2010,,,Extended,,PK-M,106: Ford Ranger 2006-2011   Extended  PK-M
1159,1,OK,107,PK-M,皮卡,Ford,Ranger,2010,,,Regular,,PK-M,107: Ford Ranger 2009-2022   Regular  PK-M
1160,2,MULTI,105/108,PK-M/PK-M+,皮卡,Ford,Ranger,2011,,,Double,,PK-M,105: Ford Ranger 2006-2011   Double  PK-M || 108: Ford Ranger 2011-2026   Double  PK-M+
1161,2,MULTI,106/109,PK-M/PK-M+,皮卡,Ford,Ranger,2011,,,Extended,,PK-M,106: Ford Ranger 2006-2011   Extended  PK-M || 109: Ford Ranger 2011-2026   Extended  PK-M+
1162,1,OK,107,PK-M,皮卡,Ford,Ranger,2011,,,Regular,,PK-M,107: Ford Ranger 2009-2022   Regular  PK-M
1163,2,MULTI,105/108,PK-M/PK-M+,皮卡,Ford,Ranger,2011,,,Double,,PK-M+,105: Ford Ranger 2006-2011   Double  PK-M || 108: Ford Ranger 2011-2026   Double  PK-M+
1164,2,MULTI,106/109,PK-M/PK-M+,皮卡,Ford,Ranger,2011,,,Extended,,PK-M+,106: Ford Ranger 2006-2011   Extended  PK-M || 109: Ford Ranger 2011-2026   Extended  PK-M+
1165,1,OK,107,PK-M,皮卡,Ford,Ranger,2012,,,Regular,,PK-M,107: Ford Ranger 2009-2022   Regular  PK-M
1166,1,OK,108,PK-M+,皮卡,Ford,Ranger,2012,,,Double,,PK-M+,108: Ford Ranger 2011-2026   Double  PK-M+
1167,1,OK,109,PK-M+,皮卡,Ford,Ranger,2012,,,Extended,,PK-M+,109: Ford Ranger 2011-2026   Extended  PK-M+
1168,1,OK,107,PK-M,皮卡,Ford,Ranger,2013,,,Regular,,PK-M,107: Ford Ranger 2009-2022   Regular  PK-M
1169,1,OK,108,PK-M+,皮卡,Ford,Ranger,2013,,,Double,,PK-M+,108: Ford Ranger 2011-2026   Double  PK-M+
1170,1,OK,109,PK-M+,皮卡,Ford,Ranger,2013,,,Extended,,PK-M+,109: Ford Ranger 2011-2026   Extended  PK-M+
1171,1,OK,107,PK-M,皮卡,Ford,Ranger,2014,,,Regular,,PK-M,107: Ford Ranger 2009-2022   Regular  PK-M
1172,1,OK,108,PK-M+,皮卡,Ford,Ranger,2014,,,Double,,PK-M+,108: Ford Ranger 2011-2026   Double  PK-M+
1173,1,OK,109,PK-M+,皮卡,Ford,Ranger,2014,,,Extended,,PK-M+,109: Ford Ranger 2011-2026   Extended  PK-M+
1174,1,OK,107,PK-M,皮卡,Ford,Ranger,2015,,,Regular,,PK-M,107: Ford Ranger 2009-2022   Regular  PK-M
1175,1,OK,108,PK-M+,皮卡,Ford,Ranger,2015,,,Double,,PK-M+,108: Ford Ranger 2011-2026   Double  PK-M+
1176,1,OK,109,PK-M+,皮卡,Ford,Ranger,2015,,,Extended,,PK-M+,109: Ford Ranger 2011-2026   Extended  PK-M+
1177,1,OK,107,PK-M,皮卡,Ford,Ranger,2016,,,Regular,,PK-M,107: Ford Ranger 2009-2022   Regular  PK-M
1178,1,OK,108,PK-M+,皮卡,Ford,Ranger,2016,,,Double,,PK-M+,108: Ford Ranger 2011-2026   Double  PK-M+
1179,1,OK,109,PK-M+,皮卡,Ford,Ranger,2016,,,Extended,,PK-M+,109: Ford Ranger 2011-2026   Extended  PK-M+
1180,1,OK,107,PK-M,皮卡,Ford,Ranger,2017,,,Regular,,PK-M,107: Ford Ranger 2009-2022   Regular  PK-M
1181,1,OK,108,PK-M+,皮卡,Ford,Ranger,2017,,,Double,,PK-M+,108: Ford Ranger 2011-2026   Double  PK-M+
1182,1,OK,109,PK-M+,皮卡,Ford,Ranger,2017,,,Extended,,PK-M+,109: Ford Ranger 2011-2026   Extended  PK-M+
1183,1,OK,107,PK-M,皮卡,Ford,Ranger,2018,,,Regular,,PK-M,107: Ford Ranger 2009-2022   Regular  PK-M
1184,1,OK,108,PK-M+,皮卡,Ford,Ranger,2018,,,Double,,PK-M+,108: Ford Ranger 2011-2026   Double  PK-M+
1185,1,OK,110,PK-M+,皮卡,Ford,Ranger,2018,Raptor,,Double,,PK-M+,110: Ford Ranger 2018-2026 Raptor  Double  PK-M+
1186,1,OK,109,PK-M+,皮卡,Ford,Ranger,2018,,,Extended,,PK-M+,109: Ford Ranger 2011-2026   Extended  PK-M+
1187,1,OK,107,PK-M,皮卡,Ford,Ranger,2019,,,Regular,,PK-M,107: Ford Ranger 2009-2022   Regular  PK-M
1188,1,OK,108,PK-M+,皮卡,Ford,Ranger,2019,,,Double,,PK-M+,108: Ford Ranger 2011-2026   Double  PK-M+
1189,1,OK,110,PK-M+,皮卡,Ford,Ranger,2019,Raptor,,Double,,PK-M+,110: Ford Ranger 2018-2026 Raptor  Double  PK-M+
1190,1,OK,109,PK-M+,皮卡,Ford,Ranger,2019,,,Extended,,PK-M+,109: Ford Ranger 2011-2026   Extended  PK-M+
1191,1,OK,107,PK-M,皮卡,Ford,Ranger,2020,,,Regular,,PK-M,107: Ford Ranger 2009-2022   Regular  PK-M
1192,1,OK,108,PK-M+,皮卡,Ford,Ranger,2020,,,Double,,PK-M+,108: Ford Ranger 2011-2026   Double  PK-M+
1193,1,OK,110,PK-M+,皮卡,Ford,Ranger,2020,Raptor,,Double,,PK-M+,110: Ford Ranger 2018-2026 Raptor  Double  PK-M+
1194,1,OK,109,PK-M+,皮卡,Ford,Ranger,2020,,,Extended,,PK-M+,109: Ford Ranger 2011-2026   Extended  PK-M+
1195,1,OK,107,PK-M,皮卡,Ford,Ranger,2021,,,Regular,,PK-M,107: Ford Ranger 2009-2022   Regular  PK-M
1196,1,OK,108,PK-M+,皮卡,Ford,Ranger,2021,,,Double,,PK-M+,108: Ford Ranger 2011-2026   Double  PK-M+
1197,1,OK,110,PK-M+,皮卡,Ford,Ranger,2021,Raptor,,Double,,PK-M+,110: Ford Ranger 2018-2026 Raptor  Double  PK-M+
1198,1,OK,109,PK-M+,皮卡,Ford,Ranger,2021,,,Extended,,PK-M+,109: Ford Ranger 2011-2026   Extended  PK-M+
1199,2,MULTI,107/111,PK-M/PK-M+,皮卡,Ford,Ranger,2022,,,Regular,,PK-M,107: Ford Ranger 2009-2022   Regular  PK-M || 111: Ford Ranger 2022-2026   Regular  PK-M+
1200,1,OK,108,PK-M+,皮卡,Ford,Ranger,2022,,,Double,,PK-M+,108: Ford Ranger 2011-2026   Double  PK-M+
1201,1,OK,110,PK-M+,皮卡,Ford,Ranger,2022,Raptor,,Double,,PK-M+,110: Ford Ranger 2018-2026 Raptor  Double  PK-M+
1202,1,OK,109,PK-M+,皮卡,Ford,Ranger,2022,,,Extended,,PK-M+,109: Ford Ranger 2011-2026   Extended  PK-M+
1203,2,MULTI,107/111,PK-M/PK-M+,皮卡,Ford,Ranger,2022,,,Regular,,PK-M+,107: Ford Ranger 2009-2022   Regular  PK-M || 111: Ford Ranger 2022-2026   Regular  PK-M+
1204,1,OK,108,PK-M+,皮卡,Ford,Ranger,2023,,,Double,,PK-M+,108: Ford Ranger 2011-2026   Double  PK-M+
1205,1,OK,110,PK-M+,皮卡,Ford,Ranger,2023,Raptor,,Double,,PK-M+,110: Ford Ranger 2018-2026 Raptor  Double  PK-M+
1206,1,OK,109,PK-M+,皮卡,Ford,Ranger,2023,,,Extended,,PK-M+,109: Ford Ranger 2011-2026   Extended  PK-M+
1207,1,OK,111,PK-M+,皮卡,Ford,Ranger,2023,,,Regular,,PK-M+,111: Ford Ranger 2022-2026   Regular  PK-M+
1208,1,OK,108,PK-M+,皮卡,Ford,Ranger,2024,,,Double,,PK-M+,108: Ford Ranger 2011-2026   Double  PK-M+
1209,1,OK,110,PK-M+,皮卡,Ford,Ranger,2024,Raptor,,Double,,PK-M+,110: Ford Ranger 2018-2026 Raptor  Double  PK-M+
1210,1,OK,109,PK-M+,皮卡,Ford,Ranger,2024,,,Extended,,PK-M+,109: Ford Ranger 2011-2026   Extended  PK-M+
1211,1,OK,111,PK-M+,皮卡,Ford,Ranger,2024,,,Regular,,PK-M+,111: Ford Ranger 2022-2026   Regular  PK-M+
1212,1,OK,108,PK-M+,皮卡,Ford,Ranger,2025,,,Double,,PK-M+,108: Ford Ranger 2011-2026   Double  PK-M+
1213,1,OK,110,PK-M+,皮卡,Ford,Ranger,2025,Raptor,,Double,,PK-M+,110: Ford Ranger 2018-2026 Raptor  Double  PK-M+
1214,1,OK,109,PK-M+,皮卡,Ford,Ranger,2025,,,Extended,,PK-M+,109: Ford Ranger 2011-2026   Extended  PK-M+
1215,1,OK,111,PK-M+,皮卡,Ford,Ranger,2025,,,Regular,,PK-M+,111: Ford Ranger 2022-2026   Regular  PK-M+
1216,1,OK,108,PK-M+,皮卡,Ford,Ranger,2026,,,Double,,PK-M+,108: Ford Ranger 2011-2026   Double  PK-M+
1217,1,OK,110,PK-M+,皮卡,Ford,Ranger,2026,Raptor,,Double,,PK-M+,110: Ford Ranger 2018-2026 Raptor  Double  PK-M+
1218,1,OK,109,PK-M+,皮卡,Ford,Ranger,2026,,,Extended,,PK-M+,109: Ford Ranger 2011-2026   Extended  PK-M+
1219,1,OK,111,PK-M+,皮卡,Ford,Ranger,2026,,,Regular,,PK-M+,111: Ford Ranger 2022-2026   Regular  PK-M+
1220,1,OK,112,无可用尺码,皮卡,Ford,Ranger (North America),1983,,,Regular,,无可用尺码,112: Ford Ranger (North America) 1983-1997   Regular  无可用尺码
1221,1,OK,112,无可用尺码,皮卡,Ford,Ranger (North America),1984,,,Regular,,无可用尺码,112: Ford Ranger (North America) 1983-1997   Regular  无可用尺码
1222,1,OK,112,无可用尺码,皮卡,Ford,Ranger (North America),1985,,,Regular,,无可用尺码,112: Ford Ranger (North America) 1983-1997   Regular  无可用尺码
1223,1,OK,112,无可用尺码,皮卡,Ford,Ranger (North America),1986,,,Regular,,无可用尺码,112: Ford Ranger (North America) 1983-1997   Regular  无可用尺码
1224,1,OK,112,无可用尺码,皮卡,Ford,Ranger (North America),1987,,,Regular,,无可用尺码,112: Ford Ranger (North America) 1983-1997   Regular  无可用尺码
1225,1,OK,112,无可用尺码,皮卡,Ford,Ranger (North America),1988,,,Regular,,无可用尺码,112: Ford Ranger (North America) 1983-1997   Regular  无可用尺码
1226,1,OK,112,无可用尺码,皮卡,Ford,Ranger (North America),1989,,,Regular,,无可用尺码,112: Ford Ranger (North America) 1983-1997   Regular  无可用尺码
1227,1,OK,112,无可用尺码,皮卡,Ford,Ranger (North America),1990,,,Regular,,无可用尺码,112: Ford Ranger (North America) 1983-1997   Regular  无可用尺码
1228,1,OK,112,无可用尺码,皮卡,Ford,Ranger (North America),1991,,,Regular,,无可用尺码,112: Ford Ranger (North America) 1983-1997   Regular  无可用尺码
1229,1,OK,112,无可用尺码,皮卡,Ford,Ranger (North America),1992,,,Regular,,无可用尺码,112: Ford Ranger (North America) 1983-1997   Regular  无可用尺码
1230,1,OK,113,PK-M,皮卡,Ford,Ranger (North America),1993,,,Extended,,PK-M,113: Ford Ranger (North America) 1993-2012   Extended  PK-M
1231,1,OK,112,无可用尺码,皮卡,Ford,Ranger (North America),1993,,,Regular,,无可用尺码,112: Ford Ranger (North America) 1983-1997   Regular  无可用尺码
1232,1,OK,113,PK-M,皮卡,Ford,Ranger (North America),1994,,,Extended,,PK-M,113: Ford Ranger (North America) 1993-2012   Extended  PK-M
1233,1,OK,112,无可用尺码,皮卡,Ford,Ranger (North America),1994,,,Regular,,无可用尺码,112: Ford Ranger (North America) 1983-1997   Regular  无可用尺码
1234,1,OK,113,PK-M,皮卡,Ford,Ranger (North America),1995,,,Extended,,PK-M,113: Ford Ranger (North America) 1993-2012   Extended  PK-M
1235,1,OK,112,无可用尺码,皮卡,Ford,Ranger (North America),1995,,,Regular,,无可用尺码,112: Ford Ranger (North America) 1983-1997   Regular  无可用尺码
1236,1,OK,113,PK-M,皮卡,Ford,Ranger (North America),1996,,,Extended,,PK-M,113: Ford Ranger (North America) 1993-2012   Extended  PK-M
1237,1,OK,112,无可用尺码,皮卡,Ford,Ranger (North America),1996,,,Regular,,无可用尺码,112: Ford Ranger (North America) 1983-1997   Regular  无可用尺码
1238,1,OK,113,PK-M,皮卡,Ford,Ranger (North America),1997,,,Extended,,PK-M,113: Ford Ranger (North America) 1993-2012   Extended  PK-M
1239,2,MULTI,112/114,PK-M/无可用尺码,皮卡,Ford,Ranger (North America),1997,,,Regular,,PK-M,112: Ford Ranger (North America) 1983-1997   Regular  无可用尺码 || 114: Ford Ranger (North America) 1997-2012   Regular  PK-M
1240,2,MULTI,112/114,PK-M/无可用尺码,皮卡,Ford,Ranger (North America),1997,,,Regular,,无可用尺码,112: Ford Ranger (North America) 1983-1997   Regular  无可用尺码 || 114: Ford Ranger (North America) 1997-2012   Regular  PK-M
1241,1,OK,113,PK-M,皮卡,Ford,Ranger (North America),1998,,,Extended,,PK-M,113: Ford Ranger (North America) 1993-2012   Extended  PK-M
1242,1,OK,114,PK-M,皮卡,Ford,Ranger (North America),1998,,,Regular,,PK-M,114: Ford Ranger (North America) 1997-2012   Regular  PK-M
1243,1,OK,113,PK-M,皮卡,Ford,Ranger (North America),1999,,,Extended,,PK-M,113: Ford Ranger (North America) 1993-2012   Extended  PK-M
1244,1,OK,114,PK-M,皮卡,Ford,Ranger (North America),1999,,,Regular,,PK-M,114: Ford Ranger (North America) 1997-2012   Regular  PK-M
1245,1,OK,113,PK-M,皮卡,Ford,Ranger (North America),2000,,,Extended,,PK-M,113: Ford Ranger (North America) 1993-2012   Extended  PK-M
1246,1,OK,114,PK-M,皮卡,Ford,Ranger (North America),2000,,,Regular,,PK-M,114: Ford Ranger (North America) 1997-2012   Regular  PK-M
1247,1,OK,113,PK-M,皮卡,Ford,Ranger (North America),2001,,,Extended,,PK-M,113: Ford Ranger (North America) 1993-2012   Extended  PK-M
1248,1,OK,114,PK-M,皮卡,Ford,Ranger (North America),2001,,,Regular,,PK-M,114: Ford Ranger (North America) 1997-2012   Regular  PK-M
1249,1,OK,113,PK-M,皮卡,Ford,Ranger (North America),2002,,,Extended,,PK-M,113: Ford Ranger (North America) 1993-2012   Extended  PK-M
1250,1,OK,114,PK-M,皮卡,Ford,Ranger (North America),2002,,,Regular,,PK-M,114: Ford Ranger (North America) 1997-2012   Regular  PK-M
1251,1,OK,113,PK-M,皮卡,Ford,Ranger (North America),2003,,,Extended,,PK-M,113: Ford Ranger (North America) 1993-2012   Extended  PK-M
1252,1,OK,114,PK-M,皮卡,Ford,Ranger (North America),2003,,,Regular,,PK-M,114: Ford Ranger (North America) 1997-2012   Regular  PK-M
1253,1,OK,113,PK-M,皮卡,Ford,Ranger (North America),2004,,,Extended,,PK-M,113: Ford Ranger (North America) 1993-2012   Extended  PK-M
1254,1,OK,114,PK-M,皮卡,Ford,Ranger (North America),2004,,,Regular,,PK-M,114: Ford Ranger (North America) 1997-2012   Regular  PK-M
1255,1,OK,113,PK-M,皮卡,Ford,Ranger (North America),2005,,,Extended,,PK-M,113: Ford Ranger (North America) 1993-2012   Extended  PK-M
1256,1,OK,114,PK-M,皮卡,Ford,Ranger (North America),2005,,,Regular,,PK-M,114: Ford Ranger (North America) 1997-2012   Regular  PK-M
1257,1,OK,113,PK-M,皮卡,Ford,Ranger (North America),2006,,,Extended,,PK-M,113: Ford Ranger (North America) 1993-2012   Extended  PK-M
1258,1,OK,114,PK-M,皮卡,Ford,Ranger (North America),2006,,,Regular,,PK-M,114: Ford Ranger (North America) 1997-2012   Regular  PK-M
1259,1,OK,113,PK-M,皮卡,Ford,Ranger (North America),2007,,,Extended,,PK-M,113: Ford Ranger (North America) 1993-2012   Extended  PK-M
1260,1,OK,114,PK-M,皮卡,Ford,Ranger (North America),2007,,,Regular,,PK-M,114: Ford Ranger (North America) 1997-2012   Regular  PK-M
1261,1,OK,113,PK-M,皮卡,Ford,Ranger (North America),2008,,,Extended,,PK-M,113: Ford Ranger (North America) 1993-2012   Extended  PK-M
1262,1,OK,114,PK-M,皮卡,Ford,Ranger (North America),2008,,,Regular,,PK-M,114: Ford Ranger (North America) 1997-2012   Regular  PK-M
1263,1,OK,113,PK-M,皮卡,Ford,Ranger (North America),2009,,,Extended,,PK-M,113: Ford Ranger (North America) 1993-2012   Extended  PK-M
1264,1,OK,114,PK-M,皮卡,Ford,Ranger (North America),2009,,,Regular,,PK-M,114: Ford Ranger (North America) 1997-2012   Regular  PK-M
1265,1,OK,113,PK-M,皮卡,Ford,Ranger (North America),2010,,,Extended,,PK-M,113: Ford Ranger (North America) 1993-2012   Extended  PK-M
1266,1,OK,114,PK-M,皮卡,Ford,Ranger (North America),2010,,,Regular,,PK-M,114: Ford Ranger (North America) 1997-2012   Regular  PK-M
1267,1,OK,113,PK-M,皮卡,Ford,Ranger (North America),2011,,,Extended,,PK-M,113: Ford Ranger (North America) 1993-2012   Extended  PK-M
1268,1,OK,114,PK-M,皮卡,Ford,Ranger (North America),2011,,,Regular,,PK-M,114: Ford Ranger (North America) 1997-2012   Regular  PK-M
1269,1,OK,113,PK-M,皮卡,Ford,Ranger (North America),2012,,,Extended,,PK-M,113: Ford Ranger (North America) 1993-2012   Extended  PK-M
1270,1,OK,114,PK-M,皮卡,Ford,Ranger (North America),2012,,,Regular,,PK-M,114: Ford Ranger (North America) 1997-2012   Regular  PK-M
1271,1,OK,115,PK-L,皮卡,Foton,Conqueror 5,2022,LWB,,Double,,PK-L,115: Foton Conqueror 5 2022-2026 LWB  Double  PK-L
1272,1,OK,115,PK-L,皮卡,Foton,Conqueror 5,2023,LWB,,Double,,PK-L,115: Foton Conqueror 5 2022-2026 LWB  Double  PK-L
1273,1,OK,115,PK-L,皮卡,Foton,Conqueror 5,2024,LWB,,Double,,PK-L,115: Foton Conqueror 5 2022-2026 LWB  Double  PK-L
1274,1,OK,115,PK-L,皮卡,Foton,Conqueror 5,2025,LWB,,Double,,PK-L,115: Foton Conqueror 5 2022-2026 LWB  Double  PK-L
1275,1,OK,115,PK-L,皮卡,Foton,Conqueror 5,2026,LWB,,Double,,PK-L,115: Foton Conqueror 5 2022-2026 LWB  Double  PK-L
1276,1,OK,116,PK-L,皮卡,Foton,Mars 7,2023,,,Double,,PK-L,116: Foton Mars 7 2023-2026   Double  PK-L
1277,1,OK,116,PK-L,皮卡,Foton,Mars 7,2024,,,Double,,PK-L,116: Foton Mars 7 2023-2026   Double  PK-L
1278,1,OK,116,PK-L,皮卡,Foton,Mars 7,2025,,,Double,,PK-L,116: Foton Mars 7 2023-2026   Double  PK-L
1279,1,OK,116,PK-L,皮卡,Foton,Mars 7,2026,,,Double,,PK-L,116: Foton Mars 7 2023-2026   Double  PK-L
1280,1,OK,117,PK-L,皮卡,Foton,Mars 9,2023,,,Double,,PK-L,117: Foton Mars 9 2023-2026   Double  PK-L
1281,1,OK,117,PK-L,皮卡,Foton,Mars 9,2024,,,Double,,PK-L,117: Foton Mars 9 2023-2026   Double  PK-L
1282,1,OK,117,PK-L,皮卡,Foton,Mars 9,2025,,,Double,,PK-L,117: Foton Mars 9 2023-2026   Double  PK-L
1283,1,OK,117,PK-L,皮卡,Foton,Mars 9,2026,,,Double,,PK-L,117: Foton Mars 9 2023-2026   Double  PK-L
1284,1,OK,118,PK-M,皮卡,Foton,Tunland,2011,,,Double,,PK-M,118: Foton Tunland 2011-2018   Double  PK-M
1285,1,OK,118,PK-M,皮卡,Foton,Tunland,2012,,,Double,,PK-M,118: Foton Tunland 2011-2018   Double  PK-M
1286,1,OK,118,PK-M,皮卡,Foton,Tunland,2013,,,Double,,PK-M,118: Foton Tunland 2011-2018   Double  PK-M
1287,1,OK,118,PK-M,皮卡,Foton,Tunland,2014,,,Double,,PK-M,118: Foton Tunland 2011-2018   Double  PK-M
1288,1,OK,118,PK-M,皮卡,Foton,Tunland,2015,,,Double,,PK-M,118: Foton Tunland 2011-2018   Double  PK-M
1289,1,OK,118,PK-M,皮卡,Foton,Tunland,2016,,,Double,,PK-M,118: Foton Tunland 2011-2018   Double  PK-M
1290,1,OK,118,PK-M,皮卡,Foton,Tunland,2017,,,Double,,PK-M,118: Foton Tunland 2011-2018   Double  PK-M
1291,1,OK,118,PK-M,皮卡,Foton,Tunland,2018,,,Double,,PK-M,118: Foton Tunland 2011-2018   Double  PK-M
1292,1,OK,119,PK-M+,皮卡,Foton,Tunland F9,2022,,,Double,,PK-M+,119: Foton Tunland F9 2022-2026   Double  PK-M+
1293,1,OK,119,PK-M+,皮卡,Foton,Tunland F9,2023,,,Double,,PK-M+,119: Foton Tunland F9 2022-2026   Double  PK-M+
1294,1,OK,119,PK-M+,皮卡,Foton,Tunland F9,2024,,,Double,,PK-M+,119: Foton Tunland F9 2022-2026   Double  PK-M+
1295,1,OK,119,PK-M+,皮卡,Foton,Tunland F9,2025,,,Double,,PK-M+,119: Foton Tunland F9 2022-2026   Double  PK-M+
1296,1,OK,119,PK-M+,皮卡,Foton,Tunland F9,2026,,,Double,,PK-M+,119: Foton Tunland F9 2022-2026   Double  PK-M+
1297,1,OK,120,PK-M+,皮卡,Foton,Tunland G7,2019,,,Double,,PK-M+,120: Foton Tunland G7 2019-2026   Double  PK-M+
1298,1,OK,120,PK-M+,皮卡,Foton,Tunland G7,2020,,,Double,,PK-M+,120: Foton Tunland G7 2019-2026   Double  PK-M+
1299,1,OK,120,PK-M+,皮卡,Foton,Tunland G7,2021,,,Double,,PK-M+,120: Foton Tunland G7 2019-2026   Double  PK-M+
1300,1,OK,120,PK-M+,皮卡,Foton,Tunland G7,2022,,,Double,,PK-M+,120: Foton Tunland G7 2019-2026   Double  PK-M+
1301,1,OK,120,PK-M+,皮卡,Foton,Tunland G7,2023,,,Double,,PK-M+,120: Foton Tunland G7 2019-2026   Double  PK-M+
1302,1,OK,120,PK-M+,皮卡,Foton,Tunland G7,2024,,,Double,,PK-M+,120: Foton Tunland G7 2019-2026   Double  PK-M+
1303,1,OK,120,PK-M+,皮卡,Foton,Tunland G7,2025,,,Double,,PK-M+,120: Foton Tunland G7 2019-2026   Double  PK-M+
1304,1,OK,120,PK-M+,皮卡,Foton,Tunland G7,2026,,,Double,,PK-M+,120: Foton Tunland G7 2019-2026   Double  PK-M+
1305,1,OK,121,PK-M+,皮卡,Foton,Tunland G9,2021,,,Double,,PK-M+,121: Foton Tunland G9 2021-2026   Double  PK-M+
1306,1,OK,121,PK-M+,皮卡,Foton,Tunland G9,2022,,,Double,,PK-M+,121: Foton Tunland G9 2021-2026   Double  PK-M+
1307,1,OK,121,PK-M+,皮卡,Foton,Tunland G9,2023,,,Double,,PK-M+,121: Foton Tunland G9 2021-2026   Double  PK-M+
1308,1,OK,121,PK-M+,皮卡,Foton,Tunland G9,2024,,,Double,,PK-M+,121: Foton Tunland G9 2021-2026   Double  PK-M+
1309,1,OK,121,PK-M+,皮卡,Foton,Tunland G9,2025,,,Double,,PK-M+,121: Foton Tunland G9 2021-2026   Double  PK-M+
1310,1,OK,121,PK-M+,皮卡,Foton,Tunland G9,2026,,,Double,,PK-M+,121: Foton Tunland G9 2021-2026   Double  PK-M+
1311,1,OK,122,PK-L,皮卡,Foton,Tunland V7,2024,,,Double,,PK-L,122: Foton Tunland V7 2024-2026   Double  PK-L
1312,1,OK,122,PK-L,皮卡,Foton,Tunland V7,2025,,,Double,,PK-L,122: Foton Tunland V7 2024-2026   Double  PK-L
1313,1,OK,122,PK-L,皮卡,Foton,Tunland V7,2026,,,Double,,PK-L,122: Foton Tunland V7 2024-2026   Double  PK-L
1314,1,OK,123,PK-L,皮卡,Foton,Tunland V9,2024,,,Double,,PK-L,123: Foton Tunland V9 2024-2026   Double  PK-L
1315,1,OK,123,PK-L,皮卡,Foton,Tunland V9,2025,,,Double,,PK-L,123: Foton Tunland V9 2024-2026   Double  PK-L
1316,1,OK,123,PK-L,皮卡,Foton,Tunland V9,2026,,,Double,,PK-L,123: Foton Tunland V9 2024-2026   Double  PK-L
1317,1,OK,124,PK-M,皮卡,GMC,100,1957,,,Regular,,PK-M,124: GMC 100 1957   Regular  PK-M
1318,1,OK,125,PK-M,皮卡,GMC,C/K,1973,,,Regular,,PK-M,125: GMC C/K 1973-1987   Regular  PK-M
1319,1,OK,125,PK-M,皮卡,GMC,C/K,1974,,,Regular,,PK-M,125: GMC C/K 1973-1987   Regular  PK-M
1320,1,OK,125,PK-M,皮卡,GMC,C/K,1975,,,Regular,,PK-M,125: GMC C/K 1973-1987   Regular  PK-M
1321,1,OK,125,PK-M,皮卡,GMC,C/K,1976,,,Regular,,PK-M,125: GMC C/K 1973-1987   Regular  PK-M
1322,1,OK,125,PK-M,皮卡,GMC,C/K,1977,,,Regular,,PK-M,125: GMC C/K 1973-1987   Regular  PK-M
1323,1,OK,125,PK-M,皮卡,GMC,C/K,1978,,,Regular,,PK-M,125: GMC C/K 1973-1987   Regular  PK-M
1324,1,OK,125,PK-M,皮卡,GMC,C/K,1979,,,Regular,,PK-M,125: GMC C/K 1973-1987   Regular  PK-M
1325,1,OK,125,PK-M,皮卡,GMC,C/K,1980,,,Regular,,PK-M,125: GMC C/K 1973-1987   Regular  PK-M
1326,1,OK,125,PK-M,皮卡,GMC,C/K,1981,,,Regular,,PK-M,125: GMC C/K 1973-1987   Regular  PK-M
1327,1,OK,125,PK-M,皮卡,GMC,C/K,1982,,,Regular,,PK-M,125: GMC C/K 1973-1987   Regular  PK-M
1328,1,OK,125,PK-M,皮卡,GMC,C/K,1983,,,Regular,,PK-M,125: GMC C/K 1973-1987   Regular  PK-M
1329,1,OK,125,PK-M,皮卡,GMC,C/K,1984,,,Regular,,PK-M,125: GMC C/K 1973-1987   Regular  PK-M
1330,1,OK,125,PK-M,皮卡,GMC,C/K,1985,,,Regular,,PK-M,125: GMC C/K 1973-1987   Regular  PK-M
1331,1,OK,125,PK-M,皮卡,GMC,C/K,1986,,,Regular,,PK-M,125: GMC C/K 1973-1987   Regular  PK-M
1332,1,OK,125,PK-M,皮卡,GMC,C/K,1987,,,Regular,,PK-M,125: GMC C/K 1973-1987   Regular  PK-M
1333,1,OK,126,PK-M,皮卡,GMC,Canyon,2004,,,Double,,PK-M,126: GMC Canyon 2004-2013   Double  PK-M
1334,1,OK,127,PK-M,皮卡,GMC,Canyon,2004,,,Extended,,PK-M,127: GMC Canyon 2004-2013   Extended  PK-M
1335,1,OK,128,PK-M,皮卡,GMC,Canyon,2004,,,Regular,,PK-M,128: GMC Canyon 2004-2013   Regular  PK-M
1336,1,OK,126,PK-M,皮卡,GMC,Canyon,2005,,,Double,,PK-M,126: GMC Canyon 2004-2013   Double  PK-M
1337,1,OK,127,PK-M,皮卡,GMC,Canyon,2005,,,Extended,,PK-M,127: GMC Canyon 2004-2013   Extended  PK-M
1338,1,OK,128,PK-M,皮卡,GMC,Canyon,2005,,,Regular,,PK-M,128: GMC Canyon 2004-2013   Regular  PK-M
1339,1,OK,126,PK-M,皮卡,GMC,Canyon,2006,,,Double,,PK-M,126: GMC Canyon 2004-2013   Double  PK-M
1340,1,OK,127,PK-M,皮卡,GMC,Canyon,2006,,,Extended,,PK-M,127: GMC Canyon 2004-2013   Extended  PK-M
1341,1,OK,128,PK-M,皮卡,GMC,Canyon,2006,,,Regular,,PK-M,128: GMC Canyon 2004-2013   Regular  PK-M
1342,1,OK,126,PK-M,皮卡,GMC,Canyon,2007,,,Double,,PK-M,126: GMC Canyon 2004-2013   Double  PK-M
1343,1,OK,127,PK-M,皮卡,GMC,Canyon,2007,,,Extended,,PK-M,127: GMC Canyon 2004-2013   Extended  PK-M
1344,1,OK,128,PK-M,皮卡,GMC,Canyon,2007,,,Regular,,PK-M,128: GMC Canyon 2004-2013   Regular  PK-M
1345,1,OK,126,PK-M,皮卡,GMC,Canyon,2008,,,Double,,PK-M,126: GMC Canyon 2004-2013   Double  PK-M
1346,1,OK,127,PK-M,皮卡,GMC,Canyon,2008,,,Extended,,PK-M,127: GMC Canyon 2004-2013   Extended  PK-M
1347,1,OK,128,PK-M,皮卡,GMC,Canyon,2008,,,Regular,,PK-M,128: GMC Canyon 2004-2013   Regular  PK-M
1348,1,OK,126,PK-M,皮卡,GMC,Canyon,2009,,,Double,,PK-M,126: GMC Canyon 2004-2013   Double  PK-M
1349,1,OK,127,PK-M,皮卡,GMC,Canyon,2009,,,Extended,,PK-M,127: GMC Canyon 2004-2013   Extended  PK-M
1350,1,OK,128,PK-M,皮卡,GMC,Canyon,2009,,,Regular,,PK-M,128: GMC Canyon 2004-2013   Regular  PK-M
1351,1,OK,126,PK-M,皮卡,GMC,Canyon,2010,,,Double,,PK-M,126: GMC Canyon 2004-2013   Double  PK-M
1352,1,OK,127,PK-M,皮卡,GMC,Canyon,2010,,,Extended,,PK-M,127: GMC Canyon 2004-2013   Extended  PK-M
1353,1,OK,128,PK-M,皮卡,GMC,Canyon,2010,,,Regular,,PK-M,128: GMC Canyon 2004-2013   Regular  PK-M
1354,1,OK,126,PK-M,皮卡,GMC,Canyon,2011,,,Double,,PK-M,126: GMC Canyon 2004-2013   Double  PK-M
1355,1,OK,127,PK-M,皮卡,GMC,Canyon,2011,,,Extended,,PK-M,127: GMC Canyon 2004-2013   Extended  PK-M
1356,1,OK,128,PK-M,皮卡,GMC,Canyon,2011,,,Regular,,PK-M,128: GMC Canyon 2004-2013   Regular  PK-M
1357,1,OK,126,PK-M,皮卡,GMC,Canyon,2012,,,Double,,PK-M,126: GMC Canyon 2004-2013   Double  PK-M
1358,1,OK,127,PK-M,皮卡,GMC,Canyon,2012,,,Extended,,PK-M,127: GMC Canyon 2004-2013   Extended  PK-M
1359,1,OK,128,PK-M,皮卡,GMC,Canyon,2012,,,Regular,,PK-M,128: GMC Canyon 2004-2013   Regular  PK-M
1360,1,OK,126,PK-M,皮卡,GMC,Canyon,2013,,,Double,,PK-M,126: GMC Canyon 2004-2013   Double  PK-M
1361,1,OK,127,PK-M,皮卡,GMC,Canyon,2013,,,Extended,,PK-M,127: GMC Canyon 2004-2013   Extended  PK-M
1362,1,OK,128,PK-M,皮卡,GMC,Canyon,2013,,,Regular,,PK-M,128: GMC Canyon 2004-2013   Regular  PK-M
1363,1,OK,129,PK-L,皮卡,GMC,Canyon,2014,long,,Double,,PK-L,129: GMC Canyon 2014-2020 long  Double  PK-L
1364,1,OK,130,PK-M+,皮卡,GMC,Canyon,2014,,,Double,,PK-M+,130: GMC Canyon 2014-2022   Double  PK-M+
1365,1,OK,131,PK-M+,皮卡,GMC,Canyon,2014,,,Extended,,PK-M+,131: GMC Canyon 2014-2022   Extended  PK-M+
1366,1,OK,129,PK-L,皮卡,GMC,Canyon,2015,long,,Double,,PK-L,129: GMC Canyon 2014-2020 long  Double  PK-L
1367,1,OK,130,PK-M+,皮卡,GMC,Canyon,2015,,,Double,,PK-M+,130: GMC Canyon 2014-2022   Double  PK-M+
1368,1,OK,131,PK-M+,皮卡,GMC,Canyon,2015,,,Extended,,PK-M+,131: GMC Canyon 2014-2022   Extended  PK-M+
1369,1,OK,129,PK-L,皮卡,GMC,Canyon,2016,long,,Double,,PK-L,129: GMC Canyon 2014-2020 long  Double  PK-L
1370,1,OK,130,PK-M+,皮卡,GMC,Canyon,2016,,,Double,,PK-M+,130: GMC Canyon 2014-2022   Double  PK-M+
1371,1,OK,131,PK-M+,皮卡,GMC,Canyon,2016,,,Extended,,PK-M+,131: GMC Canyon 2014-2022   Extended  PK-M+
1372,1,OK,129,PK-L,皮卡,GMC,Canyon,2017,long,,Double,,PK-L,129: GMC Canyon 2014-2020 long  Double  PK-L
1373,1,OK,130,PK-M+,皮卡,GMC,Canyon,2017,,,Double,,PK-M+,130: GMC Canyon 2014-2022   Double  PK-M+
1374,1,OK,131,PK-M+,皮卡,GMC,Canyon,2017,,,Extended,,PK-M+,131: GMC Canyon 2014-2022   Extended  PK-M+
1375,1,OK,129,PK-L,皮卡,GMC,Canyon,2018,long,,Double,,PK-L,129: GMC Canyon 2014-2020 long  Double  PK-L
1376,1,OK,130,PK-M+,皮卡,GMC,Canyon,2018,,,Double,,PK-M+,130: GMC Canyon 2014-2022   Double  PK-M+
1377,1,OK,131,PK-M+,皮卡,GMC,Canyon,2018,,,Extended,,PK-M+,131: GMC Canyon 2014-2022   Extended  PK-M+
1378,1,OK,129,PK-L,皮卡,GMC,Canyon,2019,long,,Double,,PK-L,129: GMC Canyon 2014-2020 long  Double  PK-L
1379,1,OK,130,PK-M+,皮卡,GMC,Canyon,2019,,,Double,,PK-M+,130: GMC Canyon 2014-2022   Double  PK-M+
1380,1,OK,131,PK-M+,皮卡,GMC,Canyon,2019,,,Extended,,PK-M+,131: GMC Canyon 2014-2022   Extended  PK-M+
1381,1,OK,132,PK-L,皮卡,GMC,Canyon,2020,Long,,Double,,PK-L,132: GMC Canyon 2020-2022 Long  Double  PK-L
1382,1,OK,129,PK-L,皮卡,GMC,Canyon,2020,long,,Double,,PK-L,129: GMC Canyon 2014-2020 long  Double  PK-L
1383,1,OK,130,PK-M+,皮卡,GMC,Canyon,2020,,,Double,,PK-M+,130: GMC Canyon 2014-2022   Double  PK-M+
1384,1,OK,131,PK-M+,皮卡,GMC,Canyon,2020,,,Extended,,PK-M+,131: GMC Canyon 2014-2022   Extended  PK-M+
1385,1,OK,132,PK-L,皮卡,GMC,Canyon,2021,Long,,Double,,PK-L,132: GMC Canyon 2020-2022 Long  Double  PK-L
1386,1,OK,130,PK-M+,皮卡,GMC,Canyon,2021,,,Double,,PK-M+,130: GMC Canyon 2014-2022   Double  PK-M+
1387,1,OK,131,PK-M+,皮卡,GMC,Canyon,2021,,,Extended,,PK-M+,131: GMC Canyon 2014-2022   Extended  PK-M+
1388,2,MULTI,130/133,PK-L/PK-M+,皮卡,GMC,Canyon,2022,,,Double,,PK-L,130: GMC Canyon 2014-2022   Double  PK-M+ || 133: GMC Canyon 2022-2026   Double  PK-L
1389,1,OK,132,PK-L,皮卡,GMC,Canyon,2022,Long,,Double,,PK-L,132: GMC Canyon 2020-2022 Long  Double  PK-L
1390,2,MULTI,130/133,PK-L/PK-M+,皮卡,GMC,Canyon,2022,,,Double,,PK-M+,130: GMC Canyon 2014-2022   Double  PK-M+ || 133: GMC Canyon 2022-2026   Double  PK-L
1391,1,OK,131,PK-M+,皮卡,GMC,Canyon,2022,,,Extended,,PK-M+,131: GMC Canyon 2014-2022   Extended  PK-M+
1392,1,OK,133,PK-L,皮卡,GMC,Canyon,2023,,,Double,,PK-L,133: GMC Canyon 2022-2026   Double  PK-L
1393,1,OK,133,PK-L,皮卡,GMC,Canyon,2024,,,Double,,PK-L,133: GMC Canyon 2022-2026   Double  PK-L
1394,1,OK,133,PK-L,皮卡,GMC,Canyon,2025,,,Double,,PK-L,133: GMC Canyon 2022-2026   Double  PK-L
1395,1,OK,133,PK-L,皮卡,GMC,Canyon,2026,,,Double,,PK-L,133: GMC Canyon 2022-2026   Double  PK-L
1396,1,OK,134,无可用尺码,皮卡,GMC,Hummer EV,2021,,,Double,,无可用尺码,134: GMC Hummer EV 2021-2026   Double  无可用尺码
1397,1,OK,134,无可用尺码,皮卡,GMC,Hummer EV,2022,,,Double,,无可用尺码,134: GMC Hummer EV 2021-2026   Double  无可用尺码
1398,1,OK,134,无可用尺码,皮卡,GMC,Hummer EV,2023,,,Double,,无可用尺码,134: GMC Hummer EV 2021-2026   Double  无可用尺码
1399,1,OK,134,无可用尺码,皮卡,GMC,Hummer EV,2024,,,Double,,无可用尺码,134: GMC Hummer EV 2021-2026   Double  无可用尺码
1400,1,OK,134,无可用尺码,皮卡,GMC,Hummer EV,2025,,,Double,,无可用尺码,134: GMC Hummer EV 2021-2026   Double  无可用尺码
1401,1,OK,134,无可用尺码,皮卡,GMC,Hummer EV,2026,,,Double,,无可用尺码,134: GMC Hummer EV 2021-2026   Double  无可用尺码
1402,1,OK,135,PK-M,皮卡,GMC,Sierra,1998,,,Double,,PK-M,135: GMC Sierra 1998-2007   Double  PK-M
1403,1,OK,136,PK-M,皮卡,GMC,Sierra,1998,,,Extended,,PK-M,136: GMC Sierra 1998-2007   Extended  PK-M
1404,1,OK,137,PK-M,皮卡,GMC,Sierra,1998,,,Regular,,PK-M,137: GMC Sierra 1998-2015   Regular  PK-M
1405,1,OK,135,PK-M,皮卡,GMC,Sierra,1999,,,Double,,PK-M,135: GMC Sierra 1998-2007   Double  PK-M
1406,1,OK,136,PK-M,皮卡,GMC,Sierra,1999,,,Extended,,PK-M,136: GMC Sierra 1998-2007   Extended  PK-M
1407,1,OK,137,PK-M,皮卡,GMC,Sierra,1999,,,Regular,,PK-M,137: GMC Sierra 1998-2015   Regular  PK-M
1408,1,OK,135,PK-M,皮卡,GMC,Sierra,2000,,,Double,,PK-M,135: GMC Sierra 1998-2007   Double  PK-M
1409,1,OK,136,PK-M,皮卡,GMC,Sierra,2000,,,Extended,,PK-M,136: GMC Sierra 1998-2007   Extended  PK-M
1410,1,OK,137,PK-M,皮卡,GMC,Sierra,2000,,,Regular,,PK-M,137: GMC Sierra 1998-2015   Regular  PK-M
1411,1,OK,135,PK-M,皮卡,GMC,Sierra,2001,,,Double,,PK-M,135: GMC Sierra 1998-2007   Double  PK-M
1412,1,OK,136,PK-M,皮卡,GMC,Sierra,2001,,,Extended,,PK-M,136: GMC Sierra 1998-2007   Extended  PK-M
1413,1,OK,137,PK-M,皮卡,GMC,Sierra,2001,,,Regular,,PK-M,137: GMC Sierra 1998-2015   Regular  PK-M
1414,1,OK,135,PK-M,皮卡,GMC,Sierra,2002,,,Double,,PK-M,135: GMC Sierra 1998-2007   Double  PK-M
1415,1,OK,136,PK-M,皮卡,GMC,Sierra,2002,,,Extended,,PK-M,136: GMC Sierra 1998-2007   Extended  PK-M
1416,1,OK,137,PK-M,皮卡,GMC,Sierra,2002,,,Regular,,PK-M,137: GMC Sierra 1998-2015   Regular  PK-M
1417,1,OK,135,PK-M,皮卡,GMC,Sierra,2003,,,Double,,PK-M,135: GMC Sierra 1998-2007   Double  PK-M
1418,1,OK,136,PK-M,皮卡,GMC,Sierra,2003,,,Extended,,PK-M,136: GMC Sierra 1998-2007   Extended  PK-M
1419,1,OK,137,PK-M,皮卡,GMC,Sierra,2003,,,Regular,,PK-M,137: GMC Sierra 1998-2015   Regular  PK-M
1420,1,OK,135,PK-M,皮卡,GMC,Sierra,2004,,,Double,,PK-M,135: GMC Sierra 1998-2007   Double  PK-M
1421,1,OK,136,PK-M,皮卡,GMC,Sierra,2004,,,Extended,,PK-M,136: GMC Sierra 1998-2007   Extended  PK-M
1422,1,OK,137,PK-M,皮卡,GMC,Sierra,2004,,,Regular,,PK-M,137: GMC Sierra 1998-2015   Regular  PK-M
1423,1,OK,135,PK-M,皮卡,GMC,Sierra,2005,,,Double,,PK-M,135: GMC Sierra 1998-2007   Double  PK-M
1424,1,OK,136,PK-M,皮卡,GMC,Sierra,2005,,,Extended,,PK-M,136: GMC Sierra 1998-2007   Extended  PK-M
1425,1,OK,137,PK-M,皮卡,GMC,Sierra,2005,,,Regular,,PK-M,137: GMC Sierra 1998-2015   Regular  PK-M
1426,2,MULTI,135/139,PK-M/PK-XL,皮卡,GMC,Sierra,2006,,,Double,,PK-M,135: GMC Sierra 1998-2007   Double  PK-M || 139: GMC Sierra 2006-2015   Double  PK-XL
1427,2,MULTI,136/138,PK-M/PK-XL,皮卡,GMC,Sierra,2006,,,Extended,,PK-M,136: GMC Sierra 1998-2007   Extended  PK-M || 138: GMC Sierra 2006-2014   Extended  PK-XL
1428,1,OK,137,PK-M,皮卡,GMC,Sierra,2006,,,Regular,,PK-M,137: GMC Sierra 1998-2015   Regular  PK-M
1429,2,MULTI,135/139,PK-M/PK-XL,皮卡,GMC,Sierra,2006,,,Double,,PK-XL,135: GMC Sierra 1998-2007   Double  PK-M || 139: GMC Sierra 2006-2015   Double  PK-XL
1430,2,MULTI,136/138,PK-M/PK-XL,皮卡,GMC,Sierra,2006,,,Extended,,PK-XL,136: GMC Sierra 1998-2007   Extended  PK-M || 138: GMC Sierra 2006-2014   Extended  PK-XL
1431,2,MULTI,135/139,PK-M/PK-XL,皮卡,GMC,Sierra,2007,,,Double,,PK-M,135: GMC Sierra 1998-2007   Double  PK-M || 139: GMC Sierra 2006-2015   Double  PK-XL
1432,2,MULTI,136/138,PK-M/PK-XL,皮卡,GMC,Sierra,2007,,,Extended,,PK-M,136: GMC Sierra 1998-2007   Extended  PK-M || 138: GMC Sierra 2006-2014   Extended  PK-XL
1433,1,OK,137,PK-M,皮卡,GMC,Sierra,2007,,,Regular,,PK-M,137: GMC Sierra 1998-2015   Regular  PK-M
1434,2,MULTI,135/139,PK-M/PK-XL,皮卡,GMC,Sierra,2007,,,Double,,PK-XL,135: GMC Sierra 1998-2007   Double  PK-M || 139: GMC Sierra 2006-2015   Double  PK-XL
1435,2,MULTI,136/138,PK-M/PK-XL,皮卡,GMC,Sierra,2007,,,Extended,,PK-XL,136: GMC Sierra 1998-2007   Extended  PK-M || 138: GMC Sierra 2006-2014   Extended  PK-XL
1436,1,OK,137,PK-M,皮卡,GMC,Sierra,2008,,,Regular,,PK-M,137: GMC Sierra 1998-2015   Regular  PK-M
1437,1,OK,139,PK-XL,皮卡,GMC,Sierra,2008,,,Double,,PK-XL,139: GMC Sierra 2006-2015   Double  PK-XL
1438,1,OK,138,PK-XL,皮卡,GMC,Sierra,2008,,,Extended,,PK-XL,138: GMC Sierra 2006-2014   Extended  PK-XL
1439,1,OK,137,PK-M,皮卡,GMC,Sierra,2009,,,Regular,,PK-M,137: GMC Sierra 1998-2015   Regular  PK-M
1440,1,OK,139,PK-XL,皮卡,GMC,Sierra,2009,,,Double,,PK-XL,139: GMC Sierra 2006-2015   Double  PK-XL
1441,1,OK,138,PK-XL,皮卡,GMC,Sierra,2009,,,Extended,,PK-XL,138: GMC Sierra 2006-2014   Extended  PK-XL
1442,1,OK,137,PK-M,皮卡,GMC,Sierra,2010,,,Regular,,PK-M,137: GMC Sierra 1998-2015   Regular  PK-M
1443,1,OK,139,PK-XL,皮卡,GMC,Sierra,2010,,,Double,,PK-XL,139: GMC Sierra 2006-2015   Double  PK-XL
1444,1,OK,138,PK-XL,皮卡,GMC,Sierra,2010,,,Extended,,PK-XL,138: GMC Sierra 2006-2014   Extended  PK-XL
1445,1,OK,137,PK-M,皮卡,GMC,Sierra,2011,,,Regular,,PK-M,137: GMC Sierra 1998-2015   Regular  PK-M
1446,1,OK,139,PK-XL,皮卡,GMC,Sierra,2011,,,Double,,PK-XL,139: GMC Sierra 2006-2015   Double  PK-XL
1447,1,OK,138,PK-XL,皮卡,GMC,Sierra,2011,,,Extended,,PK-XL,138: GMC Sierra 2006-2014   Extended  PK-XL
1448,1,OK,137,PK-M,皮卡,GMC,Sierra,2012,,,Regular,,PK-M,137: GMC Sierra 1998-2015   Regular  PK-M
1449,1,OK,139,PK-XL,皮卡,GMC,Sierra,2012,,,Double,,PK-XL,139: GMC Sierra 2006-2015   Double  PK-XL
1450,1,OK,138,PK-XL,皮卡,GMC,Sierra,2012,,,Extended,,PK-XL,138: GMC Sierra 2006-2014   Extended  PK-XL
1451,1,OK,137,PK-M,皮卡,GMC,Sierra,2013,,,Regular,,PK-M,137: GMC Sierra 1998-2015   Regular  PK-M
1452,1,OK,140,PK-XL,皮卡,GMC,Sierra,2013,,,Crew,,PK-XL,140: GMC Sierra 2013-2015   Crew  PK-XL
1453,1,OK,139,PK-XL,皮卡,GMC,Sierra,2013,,,Double,,PK-XL,139: GMC Sierra 2006-2015   Double  PK-XL
1454,1,OK,138,PK-XL,皮卡,GMC,Sierra,2013,,,Extended,,PK-XL,138: GMC Sierra 2006-2014   Extended  PK-XL
1455,1,OK,137,PK-M,皮卡,GMC,Sierra,2014,,,Regular,,PK-M,137: GMC Sierra 1998-2015   Regular  PK-M
1456,1,OK,140,PK-XL,皮卡,GMC,Sierra,2014,,,Crew,,PK-XL,140: GMC Sierra 2013-2015   Crew  PK-XL
1457,1,OK,139,PK-XL,皮卡,GMC,Sierra,2014,,,Double,,PK-XL,139: GMC Sierra 2006-2015   Double  PK-XL
1458,1,OK,138,PK-XL,皮卡,GMC,Sierra,2014,,,Extended,,PK-XL,138: GMC Sierra 2006-2014   Extended  PK-XL
1459,2,MULTI,140/141,PK-L/PK-XL,皮卡,GMC,Sierra,2015,,,Crew,,PK-L,140: GMC Sierra 2013-2015   Crew  PK-XL || 141: GMC Sierra 2015-2018   Crew  PK-L
1460,2,MULTI,139/142,PK-L/PK-XL,皮卡,GMC,Sierra,2015,,,Double,,PK-L,139: GMC Sierra 2006-2015   Double  PK-XL || 142: GMC Sierra 2015-2018   Double  PK-L
1461,1,OK,137,PK-M,皮卡,GMC,Sierra,2015,,,Regular,,PK-M,137: GMC Sierra 1998-2015   Regular  PK-M
1462,2,MULTI,140/141,PK-L/PK-XL,皮卡,GMC,Sierra,2015,,,Crew,,PK-XL,140: GMC Sierra 2013-2015   Crew  PK-XL || 141: GMC Sierra 2015-2018   Crew  PK-L
1463,2,MULTI,139/142,PK-L/PK-XL,皮卡,GMC,Sierra,2015,,,Double,,PK-XL,139: GMC Sierra 2006-2015   Double  PK-XL || 142: GMC Sierra 2015-2018   Double  PK-L
1464,1,OK,141,PK-L,皮卡,GMC,Sierra,2016,,,Crew,,PK-L,141: GMC Sierra 2015-2018   Crew  PK-L
1465,1,OK,142,PK-L,皮卡,GMC,Sierra,2016,,,Double,,PK-L,142: GMC Sierra 2015-2018   Double  PK-L
1466,1,OK,141,PK-L,皮卡,GMC,Sierra,2017,,,Crew,,PK-L,141: GMC Sierra 2015-2018   Crew  PK-L
1467,1,OK,142,PK-L,皮卡,GMC,Sierra,2017,,,Double,,PK-L,142: GMC Sierra 2015-2018   Double  PK-L
1468,2,MULTI,141/143,PK-L/PK-XL,皮卡,GMC,Sierra,2018,,,Crew,,PK-L,141: GMC Sierra 2015-2018   Crew  PK-L || 143: GMC Sierra 2018-2026   Crew  PK-XL
1469,2,MULTI,142/144,PK-L/PK-XL,皮卡,GMC,Sierra,2018,,,Double,,PK-L,142: GMC Sierra 2015-2018   Double  PK-L || 144: GMC Sierra 2018-2026   Double  PK-XL
1470,1,OK,145,PK-M+,皮卡,GMC,Sierra,2018,,,Regular,,PK-M+,145: GMC Sierra 2018-2026   Regular  PK-M+
1471,2,MULTI,141/143,PK-L/PK-XL,皮卡,GMC,Sierra,2018,,,Crew,,PK-XL,141: GMC Sierra 2015-2018   Crew  PK-L || 143: GMC Sierra 2018-2026   Crew  PK-XL
1472,2,MULTI,142/144,PK-L/PK-XL,皮卡,GMC,Sierra,2018,,,Double,,PK-XL,142: GMC Sierra 2015-2018   Double  PK-L || 144: GMC Sierra 2018-2026   Double  PK-XL
1473,1,OK,145,PK-M+,皮卡,GMC,Sierra,2019,,,Regular,,PK-M+,145: GMC Sierra 2018-2026   Regular  PK-M+
1474,1,OK,143,PK-XL,皮卡,GMC,Sierra,2019,,,Crew,,PK-XL,143: GMC Sierra 2018-2026   Crew  PK-XL
1475,1,OK,144,PK-XL,皮卡,GMC,Sierra,2019,,,Double,,PK-XL,144: GMC Sierra 2018-2026   Double  PK-XL
1476,1,OK,145,PK-M+,皮卡,GMC,Sierra,2020,,,Regular,,PK-M+,145: GMC Sierra 2018-2026   Regular  PK-M+
1477,1,OK,143,PK-XL,皮卡,GMC,Sierra,2020,,,Crew,,PK-XL,143: GMC Sierra 2018-2026   Crew  PK-XL
1478,1,OK,144,PK-XL,皮卡,GMC,Sierra,2020,,,Double,,PK-XL,144: GMC Sierra 2018-2026   Double  PK-XL
1479,1,OK,145,PK-M+,皮卡,GMC,Sierra,2021,,,Regular,,PK-M+,145: GMC Sierra 2018-2026   Regular  PK-M+
1480,1,OK,143,PK-XL,皮卡,GMC,Sierra,2021,,,Crew,,PK-XL,143: GMC Sierra 2018-2026   Crew  PK-XL
1481,1,OK,144,PK-XL,皮卡,GMC,Sierra,2021,,,Double,,PK-XL,144: GMC Sierra 2018-2026   Double  PK-XL
1482,1,OK,145,PK-M+,皮卡,GMC,Sierra,2022,,,Regular,,PK-M+,145: GMC Sierra 2018-2026   Regular  PK-M+
1483,1,OK,143,PK-XL,皮卡,GMC,Sierra,2022,,,Crew,,PK-XL,143: GMC Sierra 2018-2026   Crew  PK-XL
1484,1,OK,144,PK-XL,皮卡,GMC,Sierra,2022,,,Double,,PK-XL,144: GMC Sierra 2018-2026   Double  PK-XL
1485,1,OK,146,PK-XL,皮卡,GMC,Sierra,2022,EV,,Double,,PK-XL,146: GMC Sierra 2022-2026 EV  Double  PK-XL
1486,1,OK,145,PK-M+,皮卡,GMC,Sierra,2023,,,Regular,,PK-M+,145: GMC Sierra 2018-2026   Regular  PK-M+
1487,1,OK,143,PK-XL,皮卡,GMC,Sierra,2023,,,Crew,,PK-XL,143: GMC Sierra 2018-2026   Crew  PK-XL
1488,1,OK,144,PK-XL,皮卡,GMC,Sierra,2023,,,Double,,PK-XL,144: GMC Sierra 2018-2026   Double  PK-XL
1489,1,OK,146,PK-XL,皮卡,GMC,Sierra,2023,EV,,Double,,PK-XL,146: GMC Sierra 2022-2026 EV  Double  PK-XL
1490,1,OK,145,PK-M+,皮卡,GMC,Sierra,2024,,,Regular,,PK-M+,145: GMC Sierra 2018-2026   Regular  PK-M+
1491,1,OK,143,PK-XL,皮卡,GMC,Sierra,2024,,,Crew,,PK-XL,143: GMC Sierra 2018-2026   Crew  PK-XL
1492,1,OK,144,PK-XL,皮卡,GMC,Sierra,2024,,,Double,,PK-XL,144: GMC Sierra 2018-2026   Double  PK-XL
1493,1,OK,146,PK-XL,皮卡,GMC,Sierra,2024,EV,,Double,,PK-XL,146: GMC Sierra 2022-2026 EV  Double  PK-XL
1494,1,OK,145,PK-M+,皮卡,GMC,Sierra,2025,,,Regular,,PK-M+,145: GMC Sierra 2018-2026   Regular  PK-M+
1495,1,OK,143,PK-XL,皮卡,GMC,Sierra,2025,,,Crew,,PK-XL,143: GMC Sierra 2018-2026   Crew  PK-XL
1496,1,OK,144,PK-XL,皮卡,GMC,Sierra,2025,,,Double,,PK-XL,144: GMC Sierra 2018-2026   Double  PK-XL
1497,1,OK,146,PK-XL,皮卡,GMC,Sierra,2025,EV,,Double,,PK-XL,146: GMC Sierra 2022-2026 EV  Double  PK-XL
1498,1,OK,145,PK-M+,皮卡,GMC,Sierra,2026,,,Regular,,PK-M+,145: GMC Sierra 2018-2026   Regular  PK-M+
1499,1,OK,143,PK-XL,皮卡,GMC,Sierra,2026,,,Crew,,PK-XL,143: GMC Sierra 2018-2026   Crew  PK-XL
1500,1,OK,144,PK-XL,皮卡,GMC,Sierra,2026,,,Double,,PK-XL,144: GMC Sierra 2018-2026   Double  PK-XL
1501,1,OK,146,PK-XL,皮卡,GMC,Sierra,2026,EV,,Double,,PK-XL,146: GMC Sierra 2022-2026 EV  Double  PK-XL
1502,1,OK,147,无可用尺码,皮卡,GMC,Sonoma,1991,,,Regular,,无可用尺码,147: GMC Sonoma 1991-1994   Regular  无可用尺码
1503,1,OK,147,无可用尺码,皮卡,GMC,Sonoma,1992,,,Regular,,无可用尺码,147: GMC Sonoma 1991-1994   Regular  无可用尺码
1504,1,OK,147,无可用尺码,皮卡,GMC,Sonoma,1993,,,Regular,,无可用尺码,147: GMC Sonoma 1991-1994   Regular  无可用尺码
1505,1,OK,148,PK-M,皮卡,GMC,Sonoma,1994,,,Double,,PK-M,148: GMC Sonoma 1994-2004   Double  PK-M
1506,1,OK,149,PK-M,皮卡,GMC,Sonoma,1994,,,Extended,,PK-M,149: GMC Sonoma 1994-2004   Extended  PK-M
1507,2,MULTI,147/150,PK-M/无可用尺码,皮卡,GMC,Sonoma,1994,,,Regular,,PK-M,147: GMC Sonoma 1991-1994   Regular  无可用尺码 || 150: GMC Sonoma 1994-2004   Regular  PK-M
1508,2,MULTI,147/150,PK-M/无可用尺码,皮卡,GMC,Sonoma,1994,,,Regular,,无可用尺码,147: GMC Sonoma 1991-1994   Regular  无可用尺码 || 150: GMC Sonoma 1994-2004   Regular  PK-M
1509,1,OK,148,PK-M,皮卡,GMC,Sonoma,1995,,,Double,,PK-M,148: GMC Sonoma 1994-2004   Double  PK-M
1510,1,OK,149,PK-M,皮卡,GMC,Sonoma,1995,,,Extended,,PK-M,149: GMC Sonoma 1994-2004   Extended  PK-M
1511,1,OK,150,PK-M,皮卡,GMC,Sonoma,1995,,,Regular,,PK-M,150: GMC Sonoma 1994-2004   Regular  PK-M
1512,1,OK,148,PK-M,皮卡,GMC,Sonoma,1996,,,Double,,PK-M,148: GMC Sonoma 1994-2004   Double  PK-M
1513,1,OK,149,PK-M,皮卡,GMC,Sonoma,1996,,,Extended,,PK-M,149: GMC Sonoma 1994-2004   Extended  PK-M
1514,1,OK,150,PK-M,皮卡,GMC,Sonoma,1996,,,Regular,,PK-M,150: GMC Sonoma 1994-2004   Regular  PK-M
1515,1,OK,148,PK-M,皮卡,GMC,Sonoma,1997,,,Double,,PK-M,148: GMC Sonoma 1994-2004   Double  PK-M
1516,1,OK,149,PK-M,皮卡,GMC,Sonoma,1997,,,Extended,,PK-M,149: GMC Sonoma 1994-2004   Extended  PK-M
1517,1,OK,150,PK-M,皮卡,GMC,Sonoma,1997,,,Regular,,PK-M,150: GMC Sonoma 1994-2004   Regular  PK-M
1518,1,OK,148,PK-M,皮卡,GMC,Sonoma,1998,,,Double,,PK-M,148: GMC Sonoma 1994-2004   Double  PK-M
1519,1,OK,149,PK-M,皮卡,GMC,Sonoma,1998,,,Extended,,PK-M,149: GMC Sonoma 1994-2004   Extended  PK-M
1520,1,OK,150,PK-M,皮卡,GMC,Sonoma,1998,,,Regular,,PK-M,150: GMC Sonoma 1994-2004   Regular  PK-M
1521,1,OK,148,PK-M,皮卡,GMC,Sonoma,1999,,,Double,,PK-M,148: GMC Sonoma 1994-2004   Double  PK-M
1522,1,OK,149,PK-M,皮卡,GMC,Sonoma,1999,,,Extended,,PK-M,149: GMC Sonoma 1994-2004   Extended  PK-M
1523,1,OK,150,PK-M,皮卡,GMC,Sonoma,1999,,,Regular,,PK-M,150: GMC Sonoma 1994-2004   Regular  PK-M
1524,1,OK,148,PK-M,皮卡,GMC,Sonoma,2000,,,Double,,PK-M,148: GMC Sonoma 1994-2004   Double  PK-M
1525,1,OK,149,PK-M,皮卡,GMC,Sonoma,2000,,,Extended,,PK-M,149: GMC Sonoma 1994-2004   Extended  PK-M
1526,1,OK,150,PK-M,皮卡,GMC,Sonoma,2000,,,Regular,,PK-M,150: GMC Sonoma 1994-2004   Regular  PK-M
1527,1,OK,148,PK-M,皮卡,GMC,Sonoma,2001,,,Double,,PK-M,148: GMC Sonoma 1994-2004   Double  PK-M
1528,1,OK,149,PK-M,皮卡,GMC,Sonoma,2001,,,Extended,,PK-M,149: GMC Sonoma 1994-2004   Extended  PK-M
1529,1,OK,150,PK-M,皮卡,GMC,Sonoma,2001,,,Regular,,PK-M,150: GMC Sonoma 1994-2004   Regular  PK-M
1530,1,OK,148,PK-M,皮卡,GMC,Sonoma,2002,,,Double,,PK-M,148: GMC Sonoma 1994-2004   Double  PK-M
1531,1,OK,149,PK-M,皮卡,GMC,Sonoma,2002,,,Extended,,PK-M,149: GMC Sonoma 1994-2004   Extended  PK-M
1532,1,OK,150,PK-M,皮卡,GMC,Sonoma,2002,,,Regular,,PK-M,150: GMC Sonoma 1994-2004   Regular  PK-M
1533,1,OK,148,PK-M,皮卡,GMC,Sonoma,2003,,,Double,,PK-M,148: GMC Sonoma 1994-2004   Double  PK-M
1534,1,OK,149,PK-M,皮卡,GMC,Sonoma,2003,,,Extended,,PK-M,149: GMC Sonoma 1994-2004   Extended  PK-M
1535,1,OK,150,PK-M,皮卡,GMC,Sonoma,2003,,,Regular,,PK-M,150: GMC Sonoma 1994-2004   Regular  PK-M
1536,1,OK,148,PK-M,皮卡,GMC,Sonoma,2004,,,Double,,PK-M,148: GMC Sonoma 1994-2004   Double  PK-M
1537,1,OK,149,PK-M,皮卡,GMC,Sonoma,2004,,,Extended,,PK-M,149: GMC Sonoma 1994-2004   Extended  PK-M
1538,1,OK,150,PK-M,皮卡,GMC,Sonoma,2004,,,Regular,,PK-M,150: GMC Sonoma 1994-2004   Regular  PK-M
1539,1,OK,151,无可用尺码,皮卡,GMC,Syclone,1991,,,Regular,,无可用尺码,151: GMC Syclone 1991   Regular  无可用尺码
1540,1,OK,152,PK-M,皮卡,Geely,Farizon FX,2020,,,Double,,PK-M,152: Geely Farizon FX 2020-2023   Double  PK-M
1541,1,OK,152,PK-M,皮卡,Geely,Farizon FX,2021,,,Double,,PK-M,152: Geely Farizon FX 2020-2023   Double  PK-M
1542,1,OK,152,PK-M,皮卡,Geely,Farizon FX,2022,,,Double,,PK-M,152: Geely Farizon FX 2020-2023   Double  PK-M
1543,1,OK,152,PK-M,皮卡,Geely,Farizon FX,2023,,,Double,,PK-M,152: Geely Farizon FX 2020-2023   Double  PK-M
1544,1,OK,153,PK-M,皮卡,Geely,Radar King Kong,2024,,,Double,,PK-M,153: Geely Radar King Kong 2024-2026   Double  PK-M
1545,1,OK,153,PK-M,皮卡,Geely,Radar King Kong,2025,,,Double,,PK-M,153: Geely Radar King Kong 2024-2026   Double  PK-M
1546,1,OK,153,PK-M,皮卡,Geely,Radar King Kong,2026,,,Double,,PK-M,153: Geely Radar King Kong 2024-2026   Double  PK-M
1547,1,OK,154,PK-M+,皮卡,Gonow,Troy,2008,,,Double,,PK-M+,154: Gonow Troy 2008-2012   Double  PK-M+
1548,1,OK,154,PK-M+,皮卡,Gonow,Troy,2009,,,Double,,PK-M+,154: Gonow Troy 2008-2012   Double  PK-M+
1549,1,OK,154,PK-M+,皮卡,Gonow,Troy,2010,,,Double,,PK-M+,154: Gonow Troy 2008-2012   Double  PK-M+
1550,1,OK,154,PK-M+,皮卡,Gonow,Troy,2011,,,Double,,PK-M+,154: Gonow Troy 2008-2012   Double  PK-M+
1551,1,OK,154,PK-M+,皮卡,Gonow,Troy,2012,,,Double,,PK-M+,154: Gonow Troy 2008-2012   Double  PK-M+
1552,1,OK,155,PK-M,皮卡,Great Wall,Deer,1996,,,Double,,PK-M,155: Great Wall Deer 1996-2013   Double/Extended/Regular  PK-M
1553,1,OK,155,PK-M,皮卡,Great Wall,Deer,1996,,,Extended,,PK-M,155: Great Wall Deer 1996-2013   Double/Extended/Regular  PK-M
1554,1,OK,155,PK-M,皮卡,Great Wall,Deer,1996,,,Regular,,PK-M,155: Great Wall Deer 1996-2013   Double/Extended/Regular  PK-M
1555,1,OK,155,PK-M,皮卡,Great Wall,Deer,1997,,,Double,,PK-M,155: Great Wall Deer 1996-2013   Double/Extended/Regular  PK-M
1556,1,OK,155,PK-M,皮卡,Great Wall,Deer,1997,,,Extended,,PK-M,155: Great Wall Deer 1996-2013   Double/Extended/Regular  PK-M
1557,1,OK,155,PK-M,皮卡,Great Wall,Deer,1997,,,Regular,,PK-M,155: Great Wall Deer 1996-2013   Double/Extended/Regular  PK-M
1558,1,OK,155,PK-M,皮卡,Great Wall,Deer,1998,,,Double,,PK-M,155: Great Wall Deer 1996-2013   Double/Extended/Regular  PK-M
1559,1,OK,155,PK-M,皮卡,Great Wall,Deer,1998,,,Extended,,PK-M,155: Great Wall Deer 1996-2013   Double/Extended/Regular  PK-M
1560,1,OK,155,PK-M,皮卡,Great Wall,Deer,1998,,,Regular,,PK-M,155: Great Wall Deer 1996-2013   Double/Extended/Regular  PK-M
1561,1,OK,155,PK-M,皮卡,Great Wall,Deer,1999,,,Double,,PK-M,155: Great Wall Deer 1996-2013   Double/Extended/Regular  PK-M
1562,1,OK,155,PK-M,皮卡,Great Wall,Deer,1999,,,Extended,,PK-M,155: Great Wall Deer 1996-2013   Double/Extended/Regular  PK-M
1563,1,OK,155,PK-M,皮卡,Great Wall,Deer,1999,,,Regular,,PK-M,155: Great Wall Deer 1996-2013   Double/Extended/Regular  PK-M
1564,1,OK,155,PK-M,皮卡,Great Wall,Deer,2000,,,Double,,PK-M,155: Great Wall Deer 1996-2013   Double/Extended/Regular  PK-M
1565,1,OK,155,PK-M,皮卡,Great Wall,Deer,2000,,,Extended,,PK-M,155: Great Wall Deer 1996-2013   Double/Extended/Regular  PK-M
1566,1,OK,155,PK-M,皮卡,Great Wall,Deer,2000,,,Regular,,PK-M,155: Great Wall Deer 1996-2013   Double/Extended/Regular  PK-M
1567,1,OK,155,PK-M,皮卡,Great Wall,Deer,2001,,,Double,,PK-M,155: Great Wall Deer 1996-2013   Double/Extended/Regular  PK-M
1568,1,OK,155,PK-M,皮卡,Great Wall,Deer,2001,,,Extended,,PK-M,155: Great Wall Deer 1996-2013   Double/Extended/Regular  PK-M
1569,1,OK,155,PK-M,皮卡,Great Wall,Deer,2001,,,Regular,,PK-M,155: Great Wall Deer 1996-2013   Double/Extended/Regular  PK-M
1570,1,OK,155,PK-M,皮卡,Great Wall,Deer,2002,,,Double,,PK-M,155: Great Wall Deer 1996-2013   Double/Extended/Regular  PK-M
1571,1,OK,155,PK-M,皮卡,Great Wall,Deer,2002,,,Extended,,PK-M,155: Great Wall Deer 1996-2013   Double/Extended/Regular  PK-M
1572,1,OK,155,PK-M,皮卡,Great Wall,Deer,2002,,,Regular,,PK-M,155: Great Wall Deer 1996-2013   Double/Extended/Regular  PK-M
1573,1,OK,155,PK-M,皮卡,Great Wall,Deer,2003,,,Double,,PK-M,155: Great Wall Deer 1996-2013   Double/Extended/Regular  PK-M
1574,1,OK,155,PK-M,皮卡,Great Wall,Deer,2003,,,Extended,,PK-M,155: Great Wall Deer 1996-2013   Double/Extended/Regular  PK-M
1575,1,OK,155,PK-M,皮卡,Great Wall,Deer,2003,,,Regular,,PK-M,155: Great Wall Deer 1996-2013   Double/Extended/Regular  PK-M
1576,1,OK,155,PK-M,皮卡,Great Wall,Deer,2004,,,Double,,PK-M,155: Great Wall Deer 1996-2013   Double/Extended/Regular  PK-M
1577,1,OK,155,PK-M,皮卡,Great Wall,Deer,2004,,,Extended,,PK-M,155: Great Wall Deer 1996-2013   Double/Extended/Regular  PK-M
1578,1,OK,155,PK-M,皮卡,Great Wall,Deer,2004,,,Regular,,PK-M,155: Great Wall Deer 1996-2013   Double/Extended/Regular  PK-M
1579,1,OK,155,PK-M,皮卡,Great Wall,Deer,2005,,,Double,,PK-M,155: Great Wall Deer 1996-2013   Double/Extended/Regular  PK-M
1580,1,OK,155,PK-M,皮卡,Great Wall,Deer,2005,,,Extended,,PK-M,155: Great Wall Deer 1996-2013   Double/Extended/Regular  PK-M
1581,1,OK,155,PK-M,皮卡,Great Wall,Deer,2005,,,Regular,,PK-M,155: Great Wall Deer 1996-2013   Double/Extended/Regular  PK-M
1582,1,OK,155,PK-M,皮卡,Great Wall,Deer,2006,,,Double,,PK-M,155: Great Wall Deer 1996-2013   Double/Extended/Regular  PK-M
1583,1,OK,155,PK-M,皮卡,Great Wall,Deer,2006,,,Extended,,PK-M,155: Great Wall Deer 1996-2013   Double/Extended/Regular  PK-M
1584,1,OK,155,PK-M,皮卡,Great Wall,Deer,2006,,,Regular,,PK-M,155: Great Wall Deer 1996-2013   Double/Extended/Regular  PK-M
1585,1,OK,155,PK-M,皮卡,Great Wall,Deer,2007,,,Double,,PK-M,155: Great Wall Deer 1996-2013   Double/Extended/Regular  PK-M
1586,1,OK,155,PK-M,皮卡,Great Wall,Deer,2007,,,Extended,,PK-M,155: Great Wall Deer 1996-2013   Double/Extended/Regular  PK-M
1587,1,OK,155,PK-M,皮卡,Great Wall,Deer,2007,,,Regular,,PK-M,155: Great Wall Deer 1996-2013   Double/Extended/Regular  PK-M
1588,1,OK,155,PK-M,皮卡,Great Wall,Deer,2008,,,Double,,PK-M,155: Great Wall Deer 1996-2013   Double/Extended/Regular  PK-M
1589,1,OK,155,PK-M,皮卡,Great Wall,Deer,2008,,,Extended,,PK-M,155: Great Wall Deer 1996-2013   Double/Extended/Regular  PK-M
1590,1,OK,155,PK-M,皮卡,Great Wall,Deer,2008,,,Regular,,PK-M,155: Great Wall Deer 1996-2013   Double/Extended/Regular  PK-M
1591,1,OK,155,PK-M,皮卡,Great Wall,Deer,2009,,,Double,,PK-M,155: Great Wall Deer 1996-2013   Double/Extended/Regular  PK-M
1592,1,OK,155,PK-M,皮卡,Great Wall,Deer,2009,,,Extended,,PK-M,155: Great Wall Deer 1996-2013   Double/Extended/Regular  PK-M
1593,1,OK,155,PK-M,皮卡,Great Wall,Deer,2009,,,Regular,,PK-M,155: Great Wall Deer 1996-2013   Double/Extended/Regular  PK-M
1594,1,OK,155,PK-M,皮卡,Great Wall,Deer,2010,,,Double,,PK-M,155: Great Wall Deer 1996-2013   Double/Extended/Regular  PK-M
1595,1,OK,155,PK-M,皮卡,Great Wall,Deer,2010,,,Extended,,PK-M,155: Great Wall Deer 1996-2013   Double/Extended/Regular  PK-M
1596,1,OK,155,PK-M,皮卡,Great Wall,Deer,2010,,,Regular,,PK-M,155: Great Wall Deer 1996-2013   Double/Extended/Regular  PK-M
1597,1,OK,155,PK-M,皮卡,Great Wall,Deer,2011,,,Double,,PK-M,155: Great Wall Deer 1996-2013   Double/Extended/Regular  PK-M
1598,1,OK,155,PK-M,皮卡,Great Wall,Deer,2011,,,Extended,,PK-M,155: Great Wall Deer 1996-2013   Double/Extended/Regular  PK-M
1599,1,OK,155,PK-M,皮卡,Great Wall,Deer,2011,,,Regular,,PK-M,155: Great Wall Deer 1996-2013   Double/Extended/Regular  PK-M
1600,1,OK,155,PK-M,皮卡,Great Wall,Deer,2012,,,Double,,PK-M,155: Great Wall Deer 1996-2013   Double/Extended/Regular  PK-M
1601,1,OK,155,PK-M,皮卡,Great Wall,Deer,2012,,,Extended,,PK-M,155: Great Wall Deer 1996-2013   Double/Extended/Regular  PK-M
1602,1,OK,155,PK-M,皮卡,Great Wall,Deer,2012,,,Regular,,PK-M,155: Great Wall Deer 1996-2013   Double/Extended/Regular  PK-M
1603,1,OK,155,PK-M,皮卡,Great Wall,Deer,2013,,,Double,,PK-M,155: Great Wall Deer 1996-2013   Double/Extended/Regular  PK-M
1604,1,OK,155,PK-M,皮卡,Great Wall,Deer,2013,,,Extended,,PK-M,155: Great Wall Deer 1996-2013   Double/Extended/Regular  PK-M
1605,1,OK,155,PK-M,皮卡,Great Wall,Deer,2013,,,Regular,,PK-M,155: Great Wall Deer 1996-2013   Double/Extended/Regular  PK-M
1606,1,OK,157,PK-M+,皮卡,Great Wall,Poer,2019,,,Double,,PK-M+,157: Great Wall Poer 2019-2026   Double  PK-M+
1607,1,OK,158,无可用尺码,皮卡,Great Wall,Poer,2019,Arctic Trucks,,Double,,无可用尺码,158: Great Wall Poer 2019-2026 Arctic Trucks  Double  无可用尺码
1608,1,OK,157,PK-M+,皮卡,Great Wall,Poer,2020,,,Double,,PK-M+,157: Great Wall Poer 2019-2026   Double  PK-M+
1609,1,OK,158,无可用尺码,皮卡,Great Wall,Poer,2020,Arctic Trucks,,Double,,无可用尺码,158: Great Wall Poer 2019-2026 Arctic Trucks  Double  无可用尺码
1610,1,OK,157,PK-M+,皮卡,Great Wall,Poer,2021,,,Double,,PK-M+,157: Great Wall Poer 2019-2026   Double  PK-M+
1611,1,OK,158,无可用尺码,皮卡,Great Wall,Poer,2021,Arctic Trucks,,Double,,无可用尺码,158: Great Wall Poer 2019-2026 Arctic Trucks  Double  无可用尺码
1612,1,OK,157,PK-M+,皮卡,Great Wall,Poer,2022,,,Double,,PK-M+,157: Great Wall Poer 2019-2026   Double  PK-M+
1613,1,OK,158,无可用尺码,皮卡,Great Wall,Poer,2022,Arctic Trucks,,Double,,无可用尺码,158: Great Wall Poer 2019-2026 Arctic Trucks  Double  无可用尺码
1614,1,OK,157,PK-M+,皮卡,Great Wall,Poer,2023,,,Double,,PK-M+,157: Great Wall Poer 2019-2026   Double  PK-M+
1615,1,OK,158,无可用尺码,皮卡,Great Wall,Poer,2023,Arctic Trucks,,Double,,无可用尺码,158: Great Wall Poer 2019-2026 Arctic Trucks  Double  无可用尺码
1616,1,OK,159,PK-M,皮卡,Great Wall,Poer,2024,,,Regular,,PK-M,159: Great Wall Poer 2024-2026   Regular  PK-M
1617,1,OK,157,PK-M+,皮卡,Great Wall,Poer,2024,,,Double,,PK-M+,157: Great Wall Poer 2019-2026   Double  PK-M+
1618,1,OK,158,无可用尺码,皮卡,Great Wall,Poer,2024,Arctic Trucks,,Double,,无可用尺码,158: Great Wall Poer 2019-2026 Arctic Trucks  Double  无可用尺码
1619,1,OK,159,PK-M,皮卡,Great Wall,Poer,2025,,,Regular,,PK-M,159: Great Wall Poer 2024-2026   Regular  PK-M
1620,1,OK,157,PK-M+,皮卡,Great Wall,Poer,2025,,,Double,,PK-M+,157: Great Wall Poer 2019-2026   Double  PK-M+
1621,1,OK,158,无可用尺码,皮卡,Great Wall,Poer,2025,Arctic Trucks,,Double,,无可用尺码,158: Great Wall Poer 2019-2026 Arctic Trucks  Double  无可用尺码
1622,1,OK,159,PK-M,皮卡,Great Wall,Poer,2026,,,Regular,,PK-M,159: Great Wall Poer 2024-2026   Regular  PK-M
1623,1,OK,157,PK-M+,皮卡,Great Wall,Poer,2026,,,Double,,PK-M+,157: Great Wall Poer 2019-2026   Double  PK-M+
1624,1,OK,158,无可用尺码,皮卡,Great Wall,Poer,2026,Arctic Trucks,,Double,,无可用尺码,158: Great Wall Poer 2019-2026 Arctic Trucks  Double  无可用尺码
1625,1,OK,160,PK-L,皮卡,Great Wall,Poer King Kong,2022,,,Double,,PK-L,160: Great Wall Poer King Kong 2022-2026   Double  PK-L
1626,1,OK,160,PK-L,皮卡,Great Wall,Poer King Kong,2023,,,Double,,PK-L,160: Great Wall Poer King Kong 2022-2026   Double  PK-L
1627,1,OK,160,PK-L,皮卡,Great Wall,Poer King Kong,2024,,,Double,,PK-L,160: Great Wall Poer King Kong 2022-2026   Double  PK-L
1628,1,OK,160,PK-L,皮卡,Great Wall,Poer King Kong,2025,,,Double,,PK-L,160: Great Wall Poer King Kong 2022-2026   Double  PK-L
1629,1,OK,160,PK-L,皮卡,Great Wall,Poer King Kong,2026,,,Double,,PK-L,160: Great Wall Poer King Kong 2022-2026   Double  PK-L
1630,1,OK,161,PK-M,皮卡,Great Wall,Sailor,2003,,,Double,,PK-M,161: Great Wall Sailor 2003-2010   Double  PK-M
1631,1,OK,161,PK-M,皮卡,Great Wall,Sailor,2004,,,Double,,PK-M,161: Great Wall Sailor 2003-2010   Double  PK-M
1632,1,OK,161,PK-M,皮卡,Great Wall,Sailor,2005,,,Double,,PK-M,161: Great Wall Sailor 2003-2010   Double  PK-M
1633,1,OK,161,PK-M,皮卡,Great Wall,Sailor,2006,,,Double,,PK-M,161: Great Wall Sailor 2003-2010   Double  PK-M
1634,1,OK,161,PK-M,皮卡,Great Wall,Sailor,2007,,,Double,,PK-M,161: Great Wall Sailor 2003-2010   Double  PK-M
1635,1,OK,161,PK-M,皮卡,Great Wall,Sailor,2008,,,Double,,PK-M,161: Great Wall Sailor 2003-2010   Double  PK-M
1636,1,OK,161,PK-M,皮卡,Great Wall,Sailor,2009,,,Double,,PK-M,161: Great Wall Sailor 2003-2010   Double  PK-M
1637,1,OK,161,PK-M,皮卡,Great Wall,Sailor,2010,,,Double,,PK-M,161: Great Wall Sailor 2003-2010   Double  PK-M
1638,1,OK,162,PK-M+,皮卡,Great Wall,Shanhai Poer,2022,,,Double,,PK-M+,162: Great Wall Shanhai Poer 2022-2026   Double  PK-M+
1639,1,OK,162,PK-M+,皮卡,Great Wall,Shanhai Poer,2023,,,Double,,PK-M+,162: Great Wall Shanhai Poer 2022-2026   Double  PK-M+
1640,1,OK,162,PK-M+,皮卡,Great Wall,Shanhai Poer,2024,,,Double,,PK-M+,162: Great Wall Shanhai Poer 2022-2026   Double  PK-M+
1641,1,OK,162,PK-M+,皮卡,Great Wall,Shanhai Poer,2025,,,Double,,PK-M+,162: Great Wall Shanhai Poer 2022-2026   Double  PK-M+
1642,1,OK,162,PK-M+,皮卡,Great Wall,Shanhai Poer,2026,,,Double,,PK-M+,162: Great Wall Shanhai Poer 2022-2026   Double  PK-M+
1643,1,OK,163,PK-M,皮卡,Great Wall,Socool,2005,,,Double,,PK-M,163: Great Wall Socool 2005-2008   Double  PK-M
1644,1,OK,163,PK-M,皮卡,Great Wall,Socool,2006,,,Double,,PK-M,163: Great Wall Socool 2005-2008   Double  PK-M
1645,1,OK,163,PK-M,皮卡,Great Wall,Socool,2007,,,Double,,PK-M,163: Great Wall Socool 2005-2008   Double  PK-M
1646,1,OK,163,PK-M,皮卡,Great Wall,Socool,2008,,,Double,,PK-M,163: Great Wall Socool 2005-2008   Double  PK-M
1647,1,OK,164,PK-M,皮卡,Great Wall,Wingle,2006,,,Double,,PK-M,164: Great Wall Wingle 2006-2020   Double  PK-M
1648,1,OK,164,PK-M,皮卡,Great Wall,Wingle,2007,,,Double,,PK-M,164: Great Wall Wingle 2006-2020   Double  PK-M
1649,1,OK,164,PK-M,皮卡,Great Wall,Wingle,2008,,,Double,,PK-M,164: Great Wall Wingle 2006-2020   Double  PK-M
1650,1,OK,164,PK-M,皮卡,Great Wall,Wingle,2009,,,Double,,PK-M,164: Great Wall Wingle 2006-2020   Double  PK-M
1651,1,OK,164,PK-M,皮卡,Great Wall,Wingle,2010,,,Double,,PK-M,164: Great Wall Wingle 2006-2020   Double  PK-M
1652,1,OK,164,PK-M,皮卡,Great Wall,Wingle,2011,,,Double,,PK-M,164: Great Wall Wingle 2006-2020   Double  PK-M
1653,1,OK,164,PK-M,皮卡,Great Wall,Wingle,2012,,,Double,,PK-M,164: Great Wall Wingle 2006-2020   Double  PK-M
1654,1,OK,164,PK-M,皮卡,Great Wall,Wingle,2013,,,Double,,PK-M,164: Great Wall Wingle 2006-2020   Double  PK-M
1655,1,OK,164,PK-M,皮卡,Great Wall,Wingle,2014,,,Double,,PK-M,164: Great Wall Wingle 2006-2020   Double  PK-M
1656,1,OK,164,PK-M,皮卡,Great Wall,Wingle,2015,,,Double,,PK-M,164: Great Wall Wingle 2006-2020   Double  PK-M
1657,1,OK,164,PK-M,皮卡,Great Wall,Wingle,2016,,,Double,,PK-M,164: Great Wall Wingle 2006-2020   Double  PK-M
1658,1,OK,164,PK-M,皮卡,Great Wall,Wingle,2017,,,Double,,PK-M,164: Great Wall Wingle 2006-2020   Double  PK-M
1659,1,OK,164,PK-M,皮卡,Great Wall,Wingle,2018,,,Double,,PK-M,164: Great Wall Wingle 2006-2020   Double  PK-M
1660,1,OK,164,PK-M,皮卡,Great Wall,Wingle,2019,,,Double,,PK-M,164: Great Wall Wingle 2006-2020   Double  PK-M
1661,1,OK,164,PK-M,皮卡,Great Wall,Wingle,2020,,,Double,,PK-M,164: Great Wall Wingle 2006-2020   Double  PK-M
1662,1,OK,165,PK-M+,皮卡,Great Wall,Wingle,2021,,,Double,,PK-M+,165: Great Wall Wingle 2021-2026   Double  PK-M+
1663,1,OK,165,PK-M+,皮卡,Great Wall,Wingle,2022,,,Double,,PK-M+,165: Great Wall Wingle 2021-2026   Double  PK-M+
1664,1,OK,165,PK-M+,皮卡,Great Wall,Wingle,2023,,,Double,,PK-M+,165: Great Wall Wingle 2021-2026   Double  PK-M+
1665,1,OK,165,PK-M+,皮卡,Great Wall,Wingle,2024,,,Double,,PK-M+,165: Great Wall Wingle 2021-2026   Double  PK-M+
1666,1,OK,165,PK-M+,皮卡,Great Wall,Wingle,2025,,,Double,,PK-M+,165: Great Wall Wingle 2021-2026   Double  PK-M+
1667,1,OK,165,PK-M+,皮卡,Great Wall,Wingle,2026,,,Double,,PK-M+,165: Great Wall Wingle 2021-2026   Double  PK-M+
1668,1,OK,156,PK-M+,皮卡,Great Wall,Wingle 7,2018,,,Double,,PK-M+,156: Great Wall Wingle 7 2018-2023 Incl: Arctic Trucks  Double  PK-M+
1669,1,OK,156,PK-M+,皮卡,Great Wall,Wingle 7,2018,Arctic Trucks,,Double,,PK-M+,156: Great Wall Wingle 7 2018-2023 Incl: Arctic Trucks  Double  PK-M+
1670,1,OK,156,PK-M+,皮卡,Great Wall,Wingle 7,2019,,,Double,,PK-M+,156: Great Wall Wingle 7 2018-2023 Incl: Arctic Trucks  Double  PK-M+
1671,1,OK,156,PK-M+,皮卡,Great Wall,Wingle 7,2019,Arctic Trucks,,Double,,PK-M+,156: Great Wall Wingle 7 2018-2023 Incl: Arctic Trucks  Double  PK-M+
1672,1,OK,156,PK-M+,皮卡,Great Wall,Wingle 7,2020,,,Double,,PK-M+,156: Great Wall Wingle 7 2018-2023 Incl: Arctic Trucks  Double  PK-M+
1673,1,OK,156,PK-M+,皮卡,Great Wall,Wingle 7,2020,Arctic Trucks,,Double,,PK-M+,156: Great Wall Wingle 7 2018-2023 Incl: Arctic Trucks  Double  PK-M+
1674,1,OK,156,PK-M+,皮卡,Great Wall,Wingle 7,2021,,,Double,,PK-M+,156: Great Wall Wingle 7 2018-2023 Incl: Arctic Trucks  Double  PK-M+
1675,1,OK,156,PK-M+,皮卡,Great Wall,Wingle 7,2021,Arctic Trucks,,Double,,PK-M+,156: Great Wall Wingle 7 2018-2023 Incl: Arctic Trucks  Double  PK-M+
1676,1,OK,156,PK-M+,皮卡,Great Wall,Wingle 7,2022,,,Double,,PK-M+,156: Great Wall Wingle 7 2018-2023 Incl: Arctic Trucks  Double  PK-M+
1677,1,OK,156,PK-M+,皮卡,Great Wall,Wingle 7,2022,Arctic Trucks,,Double,,PK-M+,156: Great Wall Wingle 7 2018-2023 Incl: Arctic Trucks  Double  PK-M+
1678,1,OK,156,PK-M+,皮卡,Great Wall,Wingle 7,2023,,,Double,,PK-M+,156: Great Wall Wingle 7 2018-2023 Incl: Arctic Trucks  Double  PK-M+
1679,1,OK,156,PK-M+,皮卡,Great Wall,Wingle 7,2023,Arctic Trucks,,Double,,PK-M+,156: Great Wall Wingle 7 2018-2023 Incl: Arctic Trucks  Double  PK-M+
1680,1,OK,166,PK-M,皮卡,HSV,Maloo,2013,,,Regular,,PK-M,166: HSV Maloo 2013-2017   Regular  PK-M
1681,1,OK,166,PK-M,皮卡,HSV,Maloo,2014,,,Regular,,PK-M,166: HSV Maloo 2013-2017   Regular  PK-M
1682,1,OK,166,PK-M,皮卡,HSV,Maloo,2015,,,Regular,,PK-M,166: HSV Maloo 2013-2017   Regular  PK-M
1683,1,OK,166,PK-M,皮卡,HSV,Maloo,2016,,,Regular,,PK-M,166: HSV Maloo 2013-2017   Regular  PK-M
1684,1,OK,166,PK-M,皮卡,HSV,Maloo,2017,,,Regular,,PK-M,166: HSV Maloo 2013-2017   Regular  PK-M
1685,1,OK,167,PK-M,皮卡,Holden,Rodeo,1998,,,Double,,PK-M,167: Holden Rodeo 1998-2003   Double  PK-M
1686,1,OK,167,PK-M,皮卡,Holden,Rodeo,1999,,,Double,,PK-M,167: Holden Rodeo 1998-2003   Double  PK-M
1687,1,OK,167,PK-M,皮卡,Holden,Rodeo,2000,,,Double,,PK-M,167: Holden Rodeo 1998-2003   Double  PK-M
1688,1,OK,167,PK-M,皮卡,Holden,Rodeo,2001,,,Double,,PK-M,167: Holden Rodeo 1998-2003   Double  PK-M
1689,1,OK,167,PK-M,皮卡,Holden,Rodeo,2002,,,Double,,PK-M,167: Holden Rodeo 1998-2003   Double  PK-M
1690,1,OK,167,PK-M,皮卡,Holden,Rodeo,2003,,,Double,,PK-M,167: Holden Rodeo 1998-2003   Double  PK-M
1691,1,OK,168,PK-M,皮卡,Holden,UTE,2000,,,Regular,,PK-M,168: Holden UTE 2000-2013   Regular  PK-M
1692,1,OK,168,PK-M,皮卡,Holden,UTE,2001,,,Regular,,PK-M,168: Holden UTE 2000-2013   Regular  PK-M
1693,1,OK,168,PK-M,皮卡,Holden,UTE,2002,,,Regular,,PK-M,168: Holden UTE 2000-2013   Regular  PK-M
1694,1,OK,168,PK-M,皮卡,Holden,UTE,2003,,,Regular,,PK-M,168: Holden UTE 2000-2013   Regular  PK-M
1695,1,OK,168,PK-M,皮卡,Holden,UTE,2004,,,Regular,,PK-M,168: Holden UTE 2000-2013   Regular  PK-M
1696,1,OK,168,PK-M,皮卡,Holden,UTE,2005,,,Regular,,PK-M,168: Holden UTE 2000-2013   Regular  PK-M
1697,1,OK,168,PK-M,皮卡,Holden,UTE,2006,,,Regular,,PK-M,168: Holden UTE 2000-2013   Regular  PK-M
1698,1,OK,168,PK-M,皮卡,Holden,UTE,2007,,,Regular,,PK-M,168: Holden UTE 2000-2013   Regular  PK-M
1699,1,OK,168,PK-M,皮卡,Holden,UTE,2008,,,Regular,,PK-M,168: Holden UTE 2000-2013   Regular  PK-M
1700,1,OK,168,PK-M,皮卡,Holden,UTE,2009,,,Regular,,PK-M,168: Holden UTE 2000-2013   Regular  PK-M
1701,1,OK,168,PK-M,皮卡,Holden,UTE,2010,,,Regular,,PK-M,168: Holden UTE 2000-2013   Regular  PK-M
1702,1,OK,168,PK-M,皮卡,Holden,UTE,2011,,,Regular,,PK-M,168: Holden UTE 2000-2013   Regular  PK-M
1703,1,OK,168,PK-M,皮卡,Holden,UTE,2012,,,Regular,,PK-M,168: Holden UTE 2000-2013   Regular  PK-M
1704,1,OK,168,PK-M,皮卡,Holden,UTE,2013,,,Regular,,PK-M,168: Holden UTE 2000-2013   Regular  PK-M
1705,1,OK,169,PK-M,皮卡,Honda,Ridgeline,2005,,,Double,,PK-M,169: Honda Ridgeline 2005-2014   Double  PK-M
1706,1,OK,169,PK-M,皮卡,Honda,Ridgeline,2006,,,Double,,PK-M,169: Honda Ridgeline 2005-2014   Double  PK-M
1707,1,OK,169,PK-M,皮卡,Honda,Ridgeline,2007,,,Double,,PK-M,169: Honda Ridgeline 2005-2014   Double  PK-M
1708,1,OK,169,PK-M,皮卡,Honda,Ridgeline,2008,,,Double,,PK-M,169: Honda Ridgeline 2005-2014   Double  PK-M
1709,1,OK,169,PK-M,皮卡,Honda,Ridgeline,2009,,,Double,,PK-M,169: Honda Ridgeline 2005-2014   Double  PK-M
1710,1,OK,169,PK-M,皮卡,Honda,Ridgeline,2010,,,Double,,PK-M,169: Honda Ridgeline 2005-2014   Double  PK-M
1711,1,OK,169,PK-M,皮卡,Honda,Ridgeline,2011,,,Double,,PK-M,169: Honda Ridgeline 2005-2014   Double  PK-M
1712,1,OK,169,PK-M,皮卡,Honda,Ridgeline,2012,,,Double,,PK-M,169: Honda Ridgeline 2005-2014   Double  PK-M
1713,1,OK,169,PK-M,皮卡,Honda,Ridgeline,2013,,,Double,,PK-M,169: Honda Ridgeline 2005-2014   Double  PK-M
1714,1,OK,169,PK-M,皮卡,Honda,Ridgeline,2014,,,Double,,PK-M,169: Honda Ridgeline 2005-2014   Double  PK-M
1715,1,OK,170,PK-M,皮卡,Honda,Ridgeline,2016,,,Double,,PK-M,170: Honda Ridgeline 2016-2021   Double  PK-M
1716,1,OK,170,PK-M,皮卡,Honda,Ridgeline,2017,,,Double,,PK-M,170: Honda Ridgeline 2016-2021   Double  PK-M
1717,1,OK,170,PK-M,皮卡,Honda,Ridgeline,2018,,,Double,,PK-M,170: Honda Ridgeline 2016-2021   Double  PK-M
1718,1,OK,170,PK-M,皮卡,Honda,Ridgeline,2019,,,Double,,PK-M,170: Honda Ridgeline 2016-2021   Double  PK-M
1719,1,OK,170,PK-M,皮卡,Honda,Ridgeline,2020,,,Double,,PK-M,170: Honda Ridgeline 2016-2021   Double  PK-M
1720,2,MULTI,170/171,PK-M/PK-M+,皮卡,Honda,Ridgeline,2021,,,Double,,PK-M,170: Honda Ridgeline 2016-2021   Double  PK-M || 171: Honda Ridgeline 2021-2026   Double  PK-M+
1721,2,MULTI,170/171,PK-M/PK-M+,皮卡,Honda,Ridgeline,2021,,,Double,,PK-M+,170: Honda Ridgeline 2016-2021   Double  PK-M || 171: Honda Ridgeline 2021-2026   Double  PK-M+
1722,1,OK,171,PK-M+,皮卡,Honda,Ridgeline,2022,,,Double,,PK-M+,171: Honda Ridgeline 2021-2026   Double  PK-M+
1723,1,OK,171,PK-M+,皮卡,Honda,Ridgeline,2023,,,Double,,PK-M+,171: Honda Ridgeline 2021-2026   Double  PK-M+
1724,1,OK,171,PK-M+,皮卡,Honda,Ridgeline,2024,,,Double,,PK-M+,171: Honda Ridgeline 2021-2026   Double  PK-M+
1725,1,OK,171,PK-M+,皮卡,Honda,Ridgeline,2025,,,Double,,PK-M+,171: Honda Ridgeline 2021-2026   Double  PK-M+
1726,1,OK,171,PK-M+,皮卡,Honda,Ridgeline,2026,,,Double,,PK-M+,171: Honda Ridgeline 2021-2026   Double  PK-M+
1727,1,OK,173,PK-M,皮卡,HuangHai,Antelope,2006,,,Double,,PK-M,173: HuangHai Antelope 2006-2009   Double  PK-M
1728,1,OK,173,PK-M,皮卡,HuangHai,Antelope,2007,,,Double,,PK-M,173: HuangHai Antelope 2006-2009   Double  PK-M
1729,1,OK,173,PK-M,皮卡,HuangHai,Antelope,2008,,,Double,,PK-M,173: HuangHai Antelope 2006-2009   Double  PK-M
1730,1,OK,173,PK-M,皮卡,HuangHai,Antelope,2009,,,Double,,PK-M,173: HuangHai Antelope 2006-2009   Double  PK-M
1731,1,OK,172,PK-M+,皮卡,HuangHai,N1,2014,,,Double,,PK-M+,172: HuangHai N1 2014-2026 Incl: LWB  Double  PK-M+
1732,1,OK,172,PK-M+,皮卡,HuangHai,N1,2014,LWB,,Double,,PK-M+,172: HuangHai N1 2014-2026 Incl: LWB  Double  PK-M+
1733,1,OK,172,PK-M+,皮卡,HuangHai,N1,2015,,,Double,,PK-M+,172: HuangHai N1 2014-2026 Incl: LWB  Double  PK-M+
1734,1,OK,172,PK-M+,皮卡,HuangHai,N1,2015,LWB,,Double,,PK-M+,172: HuangHai N1 2014-2026 Incl: LWB  Double  PK-M+
1735,1,OK,172,PK-M+,皮卡,HuangHai,N1,2016,,,Double,,PK-M+,172: HuangHai N1 2014-2026 Incl: LWB  Double  PK-M+
1736,1,OK,172,PK-M+,皮卡,HuangHai,N1,2016,LWB,,Double,,PK-M+,172: HuangHai N1 2014-2026 Incl: LWB  Double  PK-M+
1737,1,OK,172,PK-M+,皮卡,HuangHai,N1,2017,,,Double,,PK-M+,172: HuangHai N1 2014-2026 Incl: LWB  Double  PK-M+
1738,1,OK,172,PK-M+,皮卡,HuangHai,N1,2017,LWB,,Double,,PK-M+,172: HuangHai N1 2014-2026 Incl: LWB  Double  PK-M+
1739,1,OK,172,PK-M+,皮卡,HuangHai,N1,2018,,,Double,,PK-M+,172: HuangHai N1 2014-2026 Incl: LWB  Double  PK-M+
1740,1,OK,172,PK-M+,皮卡,HuangHai,N1,2018,LWB,,Double,,PK-M+,172: HuangHai N1 2014-2026 Incl: LWB  Double  PK-M+
1741,1,OK,172,PK-M+,皮卡,HuangHai,N1,2019,,,Double,,PK-M+,172: HuangHai N1 2014-2026 Incl: LWB  Double  PK-M+
1742,1,OK,172,PK-M+,皮卡,HuangHai,N1,2019,LWB,,Double,,PK-M+,172: HuangHai N1 2014-2026 Incl: LWB  Double  PK-M+
1743,1,OK,172,PK-M+,皮卡,HuangHai,N1,2020,,,Double,,PK-M+,172: HuangHai N1 2014-2026 Incl: LWB  Double  PK-M+
1744,1,OK,172,PK-M+,皮卡,HuangHai,N1,2020,LWB,,Double,,PK-M+,172: HuangHai N1 2014-2026 Incl: LWB  Double  PK-M+
1745,1,OK,172,PK-M+,皮卡,HuangHai,N1,2021,,,Double,,PK-M+,172: HuangHai N1 2014-2026 Incl: LWB  Double  PK-M+
1746,1,OK,172,PK-M+,皮卡,HuangHai,N1,2021,LWB,,Double,,PK-M+,172: HuangHai N1 2014-2026 Incl: LWB  Double  PK-M+
1747,1,OK,172,PK-M+,皮卡,HuangHai,N1,2022,,,Double,,PK-M+,172: HuangHai N1 2014-2026 Incl: LWB  Double  PK-M+
1748,1,OK,172,PK-M+,皮卡,HuangHai,N1,2022,LWB,,Double,,PK-M+,172: HuangHai N1 2014-2026 Incl: LWB  Double  PK-M+
1749,1,OK,172,PK-M+,皮卡,HuangHai,N1,2023,,,Double,,PK-M+,172: HuangHai N1 2014-2026 Incl: LWB  Double  PK-M+
1750,1,OK,172,PK-M+,皮卡,HuangHai,N1,2023,LWB,,Double,,PK-M+,172: HuangHai N1 2014-2026 Incl: LWB  Double  PK-M+
1751,1,OK,172,PK-M+,皮卡,HuangHai,N1,2024,,,Double,,PK-M+,172: HuangHai N1 2014-2026 Incl: LWB  Double  PK-M+
1752,1,OK,172,PK-M+,皮卡,HuangHai,N1,2024,LWB,,Double,,PK-M+,172: HuangHai N1 2014-2026 Incl: LWB  Double  PK-M+
1753,1,OK,172,PK-M+,皮卡,HuangHai,N1,2025,,,Double,,PK-M+,172: HuangHai N1 2014-2026 Incl: LWB  Double  PK-M+
1754,1,OK,172,PK-M+,皮卡,HuangHai,N1,2025,LWB,,Double,,PK-M+,172: HuangHai N1 2014-2026 Incl: LWB  Double  PK-M+
1755,1,OK,172,PK-M+,皮卡,HuangHai,N1,2026,,,Double,,PK-M+,172: HuangHai N1 2014-2026 Incl: LWB  Double  PK-M+
1756,1,OK,172,PK-M+,皮卡,HuangHai,N1,2026,LWB,,Double,,PK-M+,172: HuangHai N1 2014-2026 Incl: LWB  Double  PK-M+
1757,1,OK,174,PK-M+,皮卡,HuangHai,N2,2015,,,Double,,PK-M+,174: HuangHai N2 2015-2026   Double  PK-M+
1758,1,OK,174,PK-M+,皮卡,HuangHai,N2,2016,,,Double,,PK-M+,174: HuangHai N2 2015-2026   Double  PK-M+
1759,1,OK,174,PK-M+,皮卡,HuangHai,N2,2017,,,Double,,PK-M+,174: HuangHai N2 2015-2026   Double  PK-M+
1760,1,OK,174,PK-M+,皮卡,HuangHai,N2,2018,,,Double,,PK-M+,174: HuangHai N2 2015-2026   Double  PK-M+
1761,1,OK,174,PK-M+,皮卡,HuangHai,N2,2019,,,Double,,PK-M+,174: HuangHai N2 2015-2026   Double  PK-M+
1762,1,OK,174,PK-M+,皮卡,HuangHai,N2,2020,,,Double,,PK-M+,174: HuangHai N2 2015-2026   Double  PK-M+
1763,1,OK,174,PK-M+,皮卡,HuangHai,N2,2021,,,Double,,PK-M+,174: HuangHai N2 2015-2026   Double  PK-M+
1764,1,OK,174,PK-M+,皮卡,HuangHai,N2,2022,,,Double,,PK-M+,174: HuangHai N2 2015-2026   Double  PK-M+
1765,1,OK,174,PK-M+,皮卡,HuangHai,N2,2023,,,Double,,PK-M+,174: HuangHai N2 2015-2026   Double  PK-M+
1766,1,OK,174,PK-M+,皮卡,HuangHai,N2,2024,,,Double,,PK-M+,174: HuangHai N2 2015-2026   Double  PK-M+
1767,1,OK,174,PK-M+,皮卡,HuangHai,N2,2025,,,Double,,PK-M+,174: HuangHai N2 2015-2026   Double  PK-M+
1768,1,OK,174,PK-M+,皮卡,HuangHai,N2,2026,,,Double,,PK-M+,174: HuangHai N2 2015-2026   Double  PK-M+
1769,1,OK,175,PK-L,皮卡,HuangHai,N7,2023,,,Double,,PK-L,175: HuangHai N7 2023-2026   Double  PK-L
1770,1,OK,175,PK-L,皮卡,HuangHai,N7,2024,,,Double,,PK-L,175: HuangHai N7 2023-2026   Double  PK-L
1771,1,OK,175,PK-L,皮卡,HuangHai,N7,2025,,,Double,,PK-L,175: HuangHai N7 2023-2026   Double  PK-L
1772,1,OK,175,PK-L,皮卡,HuangHai,N7,2026,,,Double,,PK-L,175: HuangHai N7 2023-2026   Double  PK-L
1773,1,OK,176,PK-M,皮卡,HuangHai,Plutus,2007,,,Double,,PK-M,176: HuangHai Plutus 2007-2011   Double  PK-M
1774,1,OK,176,PK-M,皮卡,HuangHai,Plutus,2008,,,Double,,PK-M,176: HuangHai Plutus 2007-2011   Double  PK-M
1775,1,OK,176,PK-M,皮卡,HuangHai,Plutus,2009,,,Double,,PK-M,176: HuangHai Plutus 2007-2011   Double  PK-M
1776,1,OK,176,PK-M,皮卡,HuangHai,Plutus,2010,,,Double,,PK-M,176: HuangHai Plutus 2007-2011   Double  PK-M
1777,1,OK,176,PK-M,皮卡,HuangHai,Plutus,2011,,,Double,,PK-M,176: HuangHai Plutus 2007-2011   Double  PK-M
1778,1,OK,177,无可用尺码,皮卡,Hummer,H1,1992,,,Double,,无可用尺码,177: Hummer H1 1992-2006   Double/Regular  无可用尺码
1779,1,OK,177,无可用尺码,皮卡,Hummer,H1,1992,,,Regular,,无可用尺码,177: Hummer H1 1992-2006   Double/Regular  无可用尺码
1780,1,OK,177,无可用尺码,皮卡,Hummer,H1,1993,,,Double,,无可用尺码,177: Hummer H1 1992-2006   Double/Regular  无可用尺码
1781,1,OK,177,无可用尺码,皮卡,Hummer,H1,1993,,,Regular,,无可用尺码,177: Hummer H1 1992-2006   Double/Regular  无可用尺码
1782,1,OK,177,无可用尺码,皮卡,Hummer,H1,1994,,,Double,,无可用尺码,177: Hummer H1 1992-2006   Double/Regular  无可用尺码
1783,1,OK,177,无可用尺码,皮卡,Hummer,H1,1994,,,Regular,,无可用尺码,177: Hummer H1 1992-2006   Double/Regular  无可用尺码
1784,1,OK,177,无可用尺码,皮卡,Hummer,H1,1995,,,Double,,无可用尺码,177: Hummer H1 1992-2006   Double/Regular  无可用尺码
1785,1,OK,177,无可用尺码,皮卡,Hummer,H1,1995,,,Regular,,无可用尺码,177: Hummer H1 1992-2006   Double/Regular  无可用尺码
1786,1,OK,177,无可用尺码,皮卡,Hummer,H1,1996,,,Double,,无可用尺码,177: Hummer H1 1992-2006   Double/Regular  无可用尺码
1787,1,OK,177,无可用尺码,皮卡,Hummer,H1,1996,,,Regular,,无可用尺码,177: Hummer H1 1992-2006   Double/Regular  无可用尺码
1788,1,OK,177,无可用尺码,皮卡,Hummer,H1,1997,,,Double,,无可用尺码,177: Hummer H1 1992-2006   Double/Regular  无可用尺码
1789,1,OK,177,无可用尺码,皮卡,Hummer,H1,1997,,,Regular,,无可用尺码,177: Hummer H1 1992-2006   Double/Regular  无可用尺码
1790,1,OK,177,无可用尺码,皮卡,Hummer,H1,1998,,,Double,,无可用尺码,177: Hummer H1 1992-2006   Double/Regular  无可用尺码
1791,1,OK,177,无可用尺码,皮卡,Hummer,H1,1998,,,Regular,,无可用尺码,177: Hummer H1 1992-2006   Double/Regular  无可用尺码
1792,1,OK,177,无可用尺码,皮卡,Hummer,H1,1999,,,Double,,无可用尺码,177: Hummer H1 1992-2006   Double/Regular  无可用尺码
1793,1,OK,177,无可用尺码,皮卡,Hummer,H1,1999,,,Regular,,无可用尺码,177: Hummer H1 1992-2006   Double/Regular  无可用尺码
1794,1,OK,177,无可用尺码,皮卡,Hummer,H1,2000,,,Double,,无可用尺码,177: Hummer H1 1992-2006   Double/Regular  无可用尺码
1795,1,OK,177,无可用尺码,皮卡,Hummer,H1,2000,,,Regular,,无可用尺码,177: Hummer H1 1992-2006   Double/Regular  无可用尺码
1796,1,OK,177,无可用尺码,皮卡,Hummer,H1,2001,,,Double,,无可用尺码,177: Hummer H1 1992-2006   Double/Regular  无可用尺码
1797,1,OK,177,无可用尺码,皮卡,Hummer,H1,2001,,,Regular,,无可用尺码,177: Hummer H1 1992-2006   Double/Regular  无可用尺码
1798,1,OK,177,无可用尺码,皮卡,Hummer,H1,2002,,,Double,,无可用尺码,177: Hummer H1 1992-2006   Double/Regular  无可用尺码
1799,1,OK,177,无可用尺码,皮卡,Hummer,H1,2002,,,Regular,,无可用尺码,177: Hummer H1 1992-2006   Double/Regular  无可用尺码
1800,1,OK,177,无可用尺码,皮卡,Hummer,H1,2003,,,Double,,无可用尺码,177: Hummer H1 1992-2006   Double/Regular  无可用尺码
1801,1,OK,177,无可用尺码,皮卡,Hummer,H1,2003,,,Regular,,无可用尺码,177: Hummer H1 1992-2006   Double/Regular  无可用尺码
1802,1,OK,177,无可用尺码,皮卡,Hummer,H1,2004,,,Double,,无可用尺码,177: Hummer H1 1992-2006   Double/Regular  无可用尺码
1803,1,OK,177,无可用尺码,皮卡,Hummer,H1,2004,,,Regular,,无可用尺码,177: Hummer H1 1992-2006   Double/Regular  无可用尺码
1804,1,OK,177,无可用尺码,皮卡,Hummer,H1,2005,,,Double,,无可用尺码,177: Hummer H1 1992-2006   Double/Regular  无可用尺码
1805,1,OK,177,无可用尺码,皮卡,Hummer,H1,2005,,,Regular,,无可用尺码,177: Hummer H1 1992-2006   Double/Regular  无可用尺码
1806,1,OK,177,无可用尺码,皮卡,Hummer,H1,2006,,,Double,,无可用尺码,177: Hummer H1 1992-2006   Double/Regular  无可用尺码
1807,1,OK,177,无可用尺码,皮卡,Hummer,H1,2006,,,Regular,,无可用尺码,177: Hummer H1 1992-2006   Double/Regular  无可用尺码
1808,1,OK,178,无可用尺码,皮卡,Hummer,H2,2002,,,Double,,无可用尺码,178: Hummer H2 2002-2009   Double  无可用尺码
1809,1,OK,178,无可用尺码,皮卡,Hummer,H2,2003,,,Double,,无可用尺码,178: Hummer H2 2002-2009   Double  无可用尺码
1810,1,OK,178,无可用尺码,皮卡,Hummer,H2,2004,,,Double,,无可用尺码,178: Hummer H2 2002-2009   Double  无可用尺码
1811,1,OK,178,无可用尺码,皮卡,Hummer,H2,2005,,,Double,,无可用尺码,178: Hummer H2 2002-2009   Double  无可用尺码
1812,1,OK,178,无可用尺码,皮卡,Hummer,H2,2006,,,Double,,无可用尺码,178: Hummer H2 2002-2009   Double  无可用尺码
1813,1,OK,178,无可用尺码,皮卡,Hummer,H2,2007,,,Double,,无可用尺码,178: Hummer H2 2002-2009   Double  无可用尺码
1814,1,OK,178,无可用尺码,皮卡,Hummer,H2,2008,,,Double,,无可用尺码,178: Hummer H2 2002-2009   Double  无可用尺码
1815,1,OK,178,无可用尺码,皮卡,Hummer,H2,2009,,,Double,,无可用尺码,178: Hummer H2 2002-2009   Double  无可用尺码
1816,1,OK,179,PK-M+,皮卡,Hummer,H3,2005,,,Double,,PK-M+,179: Hummer H3 2005-2010   Double  PK-M+
1817,1,OK,179,PK-M+,皮卡,Hummer,H3,2006,,,Double,,PK-M+,179: Hummer H3 2005-2010   Double  PK-M+
1818,1,OK,179,PK-M+,皮卡,Hummer,H3,2007,,,Double,,PK-M+,179: Hummer H3 2005-2010   Double  PK-M+
1819,1,OK,179,PK-M+,皮卡,Hummer,H3,2008,,,Double,,PK-M+,179: Hummer H3 2005-2010   Double  PK-M+
1820,1,OK,179,PK-M+,皮卡,Hummer,H3,2009,,,Double,,PK-M+,179: Hummer H3 2005-2010   Double  PK-M+
1821,1,OK,179,PK-M+,皮卡,Hummer,H3,2010,,,Double,,PK-M+,179: Hummer H3 2005-2010   Double  PK-M+
1822,1,OK,180,PK-M,皮卡,Hyundai,Santa Cruz,2021,,,Double,,PK-M,180: Hyundai Santa Cruz 2021-2026   Double  PK-M
1823,1,OK,180,PK-M,皮卡,Hyundai,Santa Cruz,2022,,,Double,,PK-M,180: Hyundai Santa Cruz 2021-2026   Double  PK-M
1824,1,OK,180,PK-M,皮卡,Hyundai,Santa Cruz,2023,,,Double,,PK-M,180: Hyundai Santa Cruz 2021-2026   Double  PK-M
1825,1,OK,180,PK-M,皮卡,Hyundai,Santa Cruz,2024,,,Double,,PK-M,180: Hyundai Santa Cruz 2021-2026   Double  PK-M
1826,1,OK,180,PK-M,皮卡,Hyundai,Santa Cruz,2025,,,Double,,PK-M,180: Hyundai Santa Cruz 2021-2026   Double  PK-M
1827,1,OK,180,PK-M,皮卡,Hyundai,Santa Cruz,2026,,,Double,,PK-M,180: Hyundai Santa Cruz 2021-2026   Double  PK-M
1828,1,OK,181,PK-L,皮卡,Ineos,Grenadier,2022,Quartermaster,,Double,,PK-L,181: Ineos Grenadier 2022-2026 Quartermaster  Double  PK-L
1829,1,OK,181,PK-L,皮卡,Ineos,Grenadier,2023,Quartermaster,,Double,,PK-L,181: Ineos Grenadier 2022-2026 Quartermaster  Double  PK-L
1830,1,OK,181,PK-L,皮卡,Ineos,Grenadier,2024,Quartermaster,,Double,,PK-L,181: Ineos Grenadier 2022-2026 Quartermaster  Double  PK-L
1831,1,OK,181,PK-L,皮卡,Ineos,Grenadier,2025,Quartermaster,,Double,,PK-L,181: Ineos Grenadier 2022-2026 Quartermaster  Double  PK-L
1832,1,OK,181,PK-L,皮卡,Ineos,Grenadier,2026,Quartermaster,,Double,,PK-L,181: Ineos Grenadier 2022-2026 Quartermaster  Double  PK-L
1833,1,OK,182,无可用尺码,皮卡,Iran Khodro,Arisun,2015,,,Regular,,无可用尺码,182: Iran Khodro Arisun 2015-2026   Regular  无可用尺码
1834,1,OK,182,无可用尺码,皮卡,Iran Khodro,Arisun,2016,,,Regular,,无可用尺码,182: Iran Khodro Arisun 2015-2026   Regular  无可用尺码
1835,1,OK,182,无可用尺码,皮卡,Iran Khodro,Arisun,2017,,,Regular,,无可用尺码,182: Iran Khodro Arisun 2015-2026   Regular  无可用尺码
1836,1,OK,182,无可用尺码,皮卡,Iran Khodro,Arisun,2018,,,Regular,,无可用尺码,182: Iran Khodro Arisun 2015-2026   Regular  无可用尺码
1837,1,OK,182,无可用尺码,皮卡,Iran Khodro,Arisun,2019,,,Regular,,无可用尺码,182: Iran Khodro Arisun 2015-2026   Regular  无可用尺码
1838,1,OK,182,无可用尺码,皮卡,Iran Khodro,Arisun,2020,,,Regular,,无可用尺码,182: Iran Khodro Arisun 2015-2026   Regular  无可用尺码
1839,1,OK,182,无可用尺码,皮卡,Iran Khodro,Arisun,2021,,,Regular,,无可用尺码,182: Iran Khodro Arisun 2015-2026   Regular  无可用尺码
1840,1,OK,182,无可用尺码,皮卡,Iran Khodro,Arisun,2022,,,Regular,,无可用尺码,182: Iran Khodro Arisun 2015-2026   Regular  无可用尺码
1841,1,OK,182,无可用尺码,皮卡,Iran Khodro,Arisun,2023,,,Regular,,无可用尺码,182: Iran Khodro Arisun 2015-2026   Regular  无可用尺码
1842,1,OK,182,无可用尺码,皮卡,Iran Khodro,Arisun,2024,,,Regular,,无可用尺码,182: Iran Khodro Arisun 2015-2026   Regular  无可用尺码
1843,1,OK,182,无可用尺码,皮卡,Iran Khodro,Arisun,2025,,,Regular,,无可用尺码,182: Iran Khodro Arisun 2015-2026   Regular  无可用尺码
1844,1,OK,182,无可用尺码,皮卡,Iran Khodro,Arisun,2026,,,Regular,,无可用尺码,182: Iran Khodro Arisun 2015-2026   Regular  无可用尺码
1845,1,OK,186,无可用尺码,皮卡,Isuzu,Bighorn,1981,,,Regular,,无可用尺码,186: Isuzu Bighorn 1981-1991   Regular  无可用尺码
1846,1,OK,186,无可用尺码,皮卡,Isuzu,Bighorn,1982,,,Regular,,无可用尺码,186: Isuzu Bighorn 1981-1991   Regular  无可用尺码
1847,1,OK,186,无可用尺码,皮卡,Isuzu,Bighorn,1983,,,Regular,,无可用尺码,186: Isuzu Bighorn 1981-1991   Regular  无可用尺码
1848,1,OK,186,无可用尺码,皮卡,Isuzu,Bighorn,1984,,,Regular,,无可用尺码,186: Isuzu Bighorn 1981-1991   Regular  无可用尺码
1849,1,OK,186,无可用尺码,皮卡,Isuzu,Bighorn,1985,,,Regular,,无可用尺码,186: Isuzu Bighorn 1981-1991   Regular  无可用尺码
1850,1,OK,186,无可用尺码,皮卡,Isuzu,Bighorn,1986,,,Regular,,无可用尺码,186: Isuzu Bighorn 1981-1991   Regular  无可用尺码
1851,1,OK,186,无可用尺码,皮卡,Isuzu,Bighorn,1987,,,Regular,,无可用尺码,186: Isuzu Bighorn 1981-1991   Regular  无可用尺码
1852,1,OK,186,无可用尺码,皮卡,Isuzu,Bighorn,1988,,,Regular,,无可用尺码,186: Isuzu Bighorn 1981-1991   Regular  无可用尺码
1853,1,OK,186,无可用尺码,皮卡,Isuzu,Bighorn,1989,,,Regular,,无可用尺码,186: Isuzu Bighorn 1981-1991   Regular  无可用尺码
1854,1,OK,186,无可用尺码,皮卡,Isuzu,Bighorn,1990,,,Regular,,无可用尺码,186: Isuzu Bighorn 1981-1991   Regular  无可用尺码
1855,1,OK,186,无可用尺码,皮卡,Isuzu,Bighorn,1991,,,Regular,,无可用尺码,186: Isuzu Bighorn 1981-1991   Regular  无可用尺码
1856,1,OK,183,PK-M,皮卡,Isuzu,D-Max,2002,,,Double,,PK-M,183: Isuzu D-Max 2002-2026 Incl: Arctic Trucks  Double/Extended/Regular  PK-M
1857,1,OK,183,PK-M,皮卡,Isuzu,D-Max,2002,,,Extended,,PK-M,183: Isuzu D-Max 2002-2026 Incl: Arctic Trucks  Double/Extended/Regular  PK-M
1858,1,OK,183,PK-M,皮卡,Isuzu,D-Max,2002,,,Regular,,PK-M,183: Isuzu D-Max 2002-2026 Incl: Arctic Trucks  Double/Extended/Regular  PK-M
1859,1,OK,183,PK-M,皮卡,Isuzu,D-Max,2003,,,Double,,PK-M,183: Isuzu D-Max 2002-2026 Incl: Arctic Trucks  Double/Extended/Regular  PK-M
1860,1,OK,183,PK-M,皮卡,Isuzu,D-Max,2003,,,Extended,,PK-M,183: Isuzu D-Max 2002-2026 Incl: Arctic Trucks  Double/Extended/Regular  PK-M
1861,1,OK,183,PK-M,皮卡,Isuzu,D-Max,2003,,,Regular,,PK-M,183: Isuzu D-Max 2002-2026 Incl: Arctic Trucks  Double/Extended/Regular  PK-M
1862,1,OK,183,PK-M,皮卡,Isuzu,D-Max,2004,,,Double,,PK-M,183: Isuzu D-Max 2002-2026 Incl: Arctic Trucks  Double/Extended/Regular  PK-M
1863,1,OK,183,PK-M,皮卡,Isuzu,D-Max,2004,,,Extended,,PK-M,183: Isuzu D-Max 2002-2026 Incl: Arctic Trucks  Double/Extended/Regular  PK-M
1864,1,OK,183,PK-M,皮卡,Isuzu,D-Max,2004,,,Regular,,PK-M,183: Isuzu D-Max 2002-2026 Incl: Arctic Trucks  Double/Extended/Regular  PK-M
1865,1,OK,183,PK-M,皮卡,Isuzu,D-Max,2005,,,Double,,PK-M,183: Isuzu D-Max 2002-2026 Incl: Arctic Trucks  Double/Extended/Regular  PK-M
1866,1,OK,183,PK-M,皮卡,Isuzu,D-Max,2005,,,Extended,,PK-M,183: Isuzu D-Max 2002-2026 Incl: Arctic Trucks  Double/Extended/Regular  PK-M
1867,1,OK,183,PK-M,皮卡,Isuzu,D-Max,2005,,,Regular,,PK-M,183: Isuzu D-Max 2002-2026 Incl: Arctic Trucks  Double/Extended/Regular  PK-M
1868,1,OK,183,PK-M,皮卡,Isuzu,D-Max,2006,,,Double,,PK-M,183: Isuzu D-Max 2002-2026 Incl: Arctic Trucks  Double/Extended/Regular  PK-M
1869,1,OK,183,PK-M,皮卡,Isuzu,D-Max,2006,,,Extended,,PK-M,183: Isuzu D-Max 2002-2026 Incl: Arctic Trucks  Double/Extended/Regular  PK-M
1870,1,OK,183,PK-M,皮卡,Isuzu,D-Max,2006,,,Regular,,PK-M,183: Isuzu D-Max 2002-2026 Incl: Arctic Trucks  Double/Extended/Regular  PK-M
1871,1,OK,183,PK-M,皮卡,Isuzu,D-Max,2007,,,Double,,PK-M,183: Isuzu D-Max 2002-2026 Incl: Arctic Trucks  Double/Extended/Regular  PK-M
1872,1,OK,183,PK-M,皮卡,Isuzu,D-Max,2007,,,Extended,,PK-M,183: Isuzu D-Max 2002-2026 Incl: Arctic Trucks  Double/Extended/Regular  PK-M
1873,1,OK,183,PK-M,皮卡,Isuzu,D-Max,2007,,,Regular,,PK-M,183: Isuzu D-Max 2002-2026 Incl: Arctic Trucks  Double/Extended/Regular  PK-M
1874,1,OK,183,PK-M,皮卡,Isuzu,D-Max,2008,,,Double,,PK-M,183: Isuzu D-Max 2002-2026 Incl: Arctic Trucks  Double/Extended/Regular  PK-M
1875,1,OK,183,PK-M,皮卡,Isuzu,D-Max,2008,,,Extended,,PK-M,183: Isuzu D-Max 2002-2026 Incl: Arctic Trucks  Double/Extended/Regular  PK-M
1876,1,OK,183,PK-M,皮卡,Isuzu,D-Max,2008,,,Regular,,PK-M,183: Isuzu D-Max 2002-2026 Incl: Arctic Trucks  Double/Extended/Regular  PK-M
1877,1,OK,183,PK-M,皮卡,Isuzu,D-Max,2009,,,Double,,PK-M,183: Isuzu D-Max 2002-2026 Incl: Arctic Trucks  Double/Extended/Regular  PK-M
1878,1,OK,183,PK-M,皮卡,Isuzu,D-Max,2009,,,Extended,,PK-M,183: Isuzu D-Max 2002-2026 Incl: Arctic Trucks  Double/Extended/Regular  PK-M
1879,1,OK,183,PK-M,皮卡,Isuzu,D-Max,2009,,,Regular,,PK-M,183: Isuzu D-Max 2002-2026 Incl: Arctic Trucks  Double/Extended/Regular  PK-M
1880,1,OK,183,PK-M,皮卡,Isuzu,D-Max,2010,,,Double,,PK-M,183: Isuzu D-Max 2002-2026 Incl: Arctic Trucks  Double/Extended/Regular  PK-M
1881,1,OK,183,PK-M,皮卡,Isuzu,D-Max,2010,,,Extended,,PK-M,183: Isuzu D-Max 2002-2026 Incl: Arctic Trucks  Double/Extended/Regular  PK-M
1882,1,OK,183,PK-M,皮卡,Isuzu,D-Max,2010,,,Regular,,PK-M,183: Isuzu D-Max 2002-2026 Incl: Arctic Trucks  Double/Extended/Regular  PK-M
1883,1,OK,183,PK-M,皮卡,Isuzu,D-Max,2011,,,Double,,PK-M,183: Isuzu D-Max 2002-2026 Incl: Arctic Trucks  Double/Extended/Regular  PK-M
1884,1,OK,183,PK-M,皮卡,Isuzu,D-Max,2011,,,Extended,,PK-M,183: Isuzu D-Max 2002-2026 Incl: Arctic Trucks  Double/Extended/Regular  PK-M
1885,1,OK,183,PK-M,皮卡,Isuzu,D-Max,2011,,,Regular,,PK-M,183: Isuzu D-Max 2002-2026 Incl: Arctic Trucks  Double/Extended/Regular  PK-M
1886,1,OK,183,PK-M,皮卡,Isuzu,D-Max,2012,,,Double,,PK-M,183: Isuzu D-Max 2002-2026 Incl: Arctic Trucks  Double/Extended/Regular  PK-M
1887,1,OK,183,PK-M,皮卡,Isuzu,D-Max,2012,Arctic Trucks,,Double,,PK-M,183: Isuzu D-Max 2002-2026 Incl: Arctic Trucks  Double/Extended/Regular  PK-M
1888,1,OK,183,PK-M,皮卡,Isuzu,D-Max,2012,,,Extended,,PK-M,183: Isuzu D-Max 2002-2026 Incl: Arctic Trucks  Double/Extended/Regular  PK-M
1889,1,OK,183,PK-M,皮卡,Isuzu,D-Max,2012,,,Regular,,PK-M,183: Isuzu D-Max 2002-2026 Incl: Arctic Trucks  Double/Extended/Regular  PK-M
1890,1,OK,183,PK-M,皮卡,Isuzu,D-Max,2013,,,Double,,PK-M,183: Isuzu D-Max 2002-2026 Incl: Arctic Trucks  Double/Extended/Regular  PK-M
1891,1,OK,183,PK-M,皮卡,Isuzu,D-Max,2013,Arctic Trucks,,Double,,PK-M,183: Isuzu D-Max 2002-2026 Incl: Arctic Trucks  Double/Extended/Regular  PK-M
1892,1,OK,183,PK-M,皮卡,Isuzu,D-Max,2013,,,Extended,,PK-M,183: Isuzu D-Max 2002-2026 Incl: Arctic Trucks  Double/Extended/Regular  PK-M
1893,1,OK,183,PK-M,皮卡,Isuzu,D-Max,2013,,,Regular,,PK-M,183: Isuzu D-Max 2002-2026 Incl: Arctic Trucks  Double/Extended/Regular  PK-M
1894,1,OK,183,PK-M,皮卡,Isuzu,D-Max,2014,,,Double,,PK-M,183: Isuzu D-Max 2002-2026 Incl: Arctic Trucks  Double/Extended/Regular  PK-M
1895,1,OK,183,PK-M,皮卡,Isuzu,D-Max,2014,Arctic Trucks,,Double,,PK-M,183: Isuzu D-Max 2002-2026 Incl: Arctic Trucks  Double/Extended/Regular  PK-M
1896,1,OK,183,PK-M,皮卡,Isuzu,D-Max,2014,,,Extended,,PK-M,183: Isuzu D-Max 2002-2026 Incl: Arctic Trucks  Double/Extended/Regular  PK-M
1897,1,OK,183,PK-M,皮卡,Isuzu,D-Max,2014,,,Regular,,PK-M,183: Isuzu D-Max 2002-2026 Incl: Arctic Trucks  Double/Extended/Regular  PK-M
1898,1,OK,183,PK-M,皮卡,Isuzu,D-Max,2015,,,Double,,PK-M,183: Isuzu D-Max 2002-2026 Incl: Arctic Trucks  Double/Extended/Regular  PK-M
1899,1,OK,183,PK-M,皮卡,Isuzu,D-Max,2015,Arctic Trucks,,Double,,PK-M,183: Isuzu D-Max 2002-2026 Incl: Arctic Trucks  Double/Extended/Regular  PK-M
1900,1,OK,183,PK-M,皮卡,Isuzu,D-Max,2015,,,Extended,,PK-M,183: Isuzu D-Max 2002-2026 Incl: Arctic Trucks  Double/Extended/Regular  PK-M
1901,1,OK,183,PK-M,皮卡,Isuzu,D-Max,2015,,,Regular,,PK-M,183: Isuzu D-Max 2002-2026 Incl: Arctic Trucks  Double/Extended/Regular  PK-M
1902,1,OK,183,PK-M,皮卡,Isuzu,D-Max,2016,,,Double,,PK-M,183: Isuzu D-Max 2002-2026 Incl: Arctic Trucks  Double/Extended/Regular  PK-M
1903,1,OK,183,PK-M,皮卡,Isuzu,D-Max,2016,Arctic Trucks,,Double,,PK-M,183: Isuzu D-Max 2002-2026 Incl: Arctic Trucks  Double/Extended/Regular  PK-M
1904,1,OK,183,PK-M,皮卡,Isuzu,D-Max,2016,,,Extended,,PK-M,183: Isuzu D-Max 2002-2026 Incl: Arctic Trucks  Double/Extended/Regular  PK-M
1905,1,OK,183,PK-M,皮卡,Isuzu,D-Max,2016,,,Regular,,PK-M,183: Isuzu D-Max 2002-2026 Incl: Arctic Trucks  Double/Extended/Regular  PK-M
1906,1,OK,183,PK-M,皮卡,Isuzu,D-Max,2017,,,Double,,PK-M,183: Isuzu D-Max 2002-2026 Incl: Arctic Trucks  Double/Extended/Regular  PK-M
1907,1,OK,183,PK-M,皮卡,Isuzu,D-Max,2017,Arctic Trucks,,Double,,PK-M,183: Isuzu D-Max 2002-2026 Incl: Arctic Trucks  Double/Extended/Regular  PK-M
1908,1,OK,183,PK-M,皮卡,Isuzu,D-Max,2017,,,Extended,,PK-M,183: Isuzu D-Max 2002-2026 Incl: Arctic Trucks  Double/Extended/Regular  PK-M
1909,1,OK,183,PK-M,皮卡,Isuzu,D-Max,2017,,,Regular,,PK-M,183: Isuzu D-Max 2002-2026 Incl: Arctic Trucks  Double/Extended/Regular  PK-M
1910,1,OK,183,PK-M,皮卡,Isuzu,D-Max,2018,,,Double,,PK-M,183: Isuzu D-Max 2002-2026 Incl: Arctic Trucks  Double/Extended/Regular  PK-M
1911,1,OK,183,PK-M,皮卡,Isuzu,D-Max,2018,Arctic Trucks,,Double,,PK-M,183: Isuzu D-Max 2002-2026 Incl: Arctic Trucks  Double/Extended/Regular  PK-M
1912,1,OK,183,PK-M,皮卡,Isuzu,D-Max,2018,,,Extended,,PK-M,183: Isuzu D-Max 2002-2026 Incl: Arctic Trucks  Double/Extended/Regular  PK-M
1913,1,OK,183,PK-M,皮卡,Isuzu,D-Max,2018,,,Regular,,PK-M,183: Isuzu D-Max 2002-2026 Incl: Arctic Trucks  Double/Extended/Regular  PK-M
1914,1,OK,183,PK-M,皮卡,Isuzu,D-Max,2019,,,Double,,PK-M,183: Isuzu D-Max 2002-2026 Incl: Arctic Trucks  Double/Extended/Regular  PK-M
1915,1,OK,183,PK-M,皮卡,Isuzu,D-Max,2019,Arctic Trucks,,Double,,PK-M,183: Isuzu D-Max 2002-2026 Incl: Arctic Trucks  Double/Extended/Regular  PK-M
1916,1,OK,183,PK-M,皮卡,Isuzu,D-Max,2019,,,Extended,,PK-M,183: Isuzu D-Max 2002-2026 Incl: Arctic Trucks  Double/Extended/Regular  PK-M
1917,1,OK,183,PK-M,皮卡,Isuzu,D-Max,2019,,,Regular,,PK-M,183: Isuzu D-Max 2002-2026 Incl: Arctic Trucks  Double/Extended/Regular  PK-M
1918,1,OK,183,PK-M,皮卡,Isuzu,D-Max,2020,,,Double,,PK-M,183: Isuzu D-Max 2002-2026 Incl: Arctic Trucks  Double/Extended/Regular  PK-M
1919,1,OK,183,PK-M,皮卡,Isuzu,D-Max,2020,Arctic Trucks,,Double,,PK-M,183: Isuzu D-Max 2002-2026 Incl: Arctic Trucks  Double/Extended/Regular  PK-M
1920,1,OK,183,PK-M,皮卡,Isuzu,D-Max,2020,,,Extended,,PK-M,183: Isuzu D-Max 2002-2026 Incl: Arctic Trucks  Double/Extended/Regular  PK-M
1921,1,OK,183,PK-M,皮卡,Isuzu,D-Max,2020,,,Regular,,PK-M,183: Isuzu D-Max 2002-2026 Incl: Arctic Trucks  Double/Extended/Regular  PK-M
1922,1,OK,183,PK-M,皮卡,Isuzu,D-Max,2021,,,Double,,PK-M,183: Isuzu D-Max 2002-2026 Incl: Arctic Trucks  Double/Extended/Regular  PK-M
1923,1,OK,183,PK-M,皮卡,Isuzu,D-Max,2021,Arctic Trucks,,Double,,PK-M,183: Isuzu D-Max 2002-2026 Incl: Arctic Trucks  Double/Extended/Regular  PK-M
1924,1,OK,183,PK-M,皮卡,Isuzu,D-Max,2021,,,Extended,,PK-M,183: Isuzu D-Max 2002-2026 Incl: Arctic Trucks  Double/Extended/Regular  PK-M
1925,1,OK,183,PK-M,皮卡,Isuzu,D-Max,2021,,,Regular,,PK-M,183: Isuzu D-Max 2002-2026 Incl: Arctic Trucks  Double/Extended/Regular  PK-M
1926,1,OK,183,PK-M,皮卡,Isuzu,D-Max,2022,,,Double,,PK-M,183: Isuzu D-Max 2002-2026 Incl: Arctic Trucks  Double/Extended/Regular  PK-M
1927,1,OK,183,PK-M,皮卡,Isuzu,D-Max,2022,Arctic Trucks,,Double,,PK-M,183: Isuzu D-Max 2002-2026 Incl: Arctic Trucks  Double/Extended/Regular  PK-M
1928,1,OK,183,PK-M,皮卡,Isuzu,D-Max,2022,,,Extended,,PK-M,183: Isuzu D-Max 2002-2026 Incl: Arctic Trucks  Double/Extended/Regular  PK-M
1929,1,OK,183,PK-M,皮卡,Isuzu,D-Max,2022,,,Regular,,PK-M,183: Isuzu D-Max 2002-2026 Incl: Arctic Trucks  Double/Extended/Regular  PK-M
1930,1,OK,183,PK-M,皮卡,Isuzu,D-Max,2023,,,Double,,PK-M,183: Isuzu D-Max 2002-2026 Incl: Arctic Trucks  Double/Extended/Regular  PK-M
1931,1,OK,183,PK-M,皮卡,Isuzu,D-Max,2023,Arctic Trucks,,Double,,PK-M,183: Isuzu D-Max 2002-2026 Incl: Arctic Trucks  Double/Extended/Regular  PK-M
1932,1,OK,183,PK-M,皮卡,Isuzu,D-Max,2023,,,Extended,,PK-M,183: Isuzu D-Max 2002-2026 Incl: Arctic Trucks  Double/Extended/Regular  PK-M
1933,1,OK,183,PK-M,皮卡,Isuzu,D-Max,2023,,,Regular,,PK-M,183: Isuzu D-Max 2002-2026 Incl: Arctic Trucks  Double/Extended/Regular  PK-M
1934,1,OK,183,PK-M,皮卡,Isuzu,D-Max,2024,,,Double,,PK-M,183: Isuzu D-Max 2002-2026 Incl: Arctic Trucks  Double/Extended/Regular  PK-M
1935,1,OK,183,PK-M,皮卡,Isuzu,D-Max,2024,Arctic Trucks,,Double,,PK-M,183: Isuzu D-Max 2002-2026 Incl: Arctic Trucks  Double/Extended/Regular  PK-M
1936,1,OK,183,PK-M,皮卡,Isuzu,D-Max,2024,,,Extended,,PK-M,183: Isuzu D-Max 2002-2026 Incl: Arctic Trucks  Double/Extended/Regular  PK-M
1937,1,OK,183,PK-M,皮卡,Isuzu,D-Max,2024,,,Regular,,PK-M,183: Isuzu D-Max 2002-2026 Incl: Arctic Trucks  Double/Extended/Regular  PK-M
1938,1,OK,183,PK-M,皮卡,Isuzu,D-Max,2025,,,Double,,PK-M,183: Isuzu D-Max 2002-2026 Incl: Arctic Trucks  Double/Extended/Regular  PK-M
1939,1,OK,183,PK-M,皮卡,Isuzu,D-Max,2025,Arctic Trucks,,Double,,PK-M,183: Isuzu D-Max 2002-2026 Incl: Arctic Trucks  Double/Extended/Regular  PK-M
1940,1,OK,183,PK-M,皮卡,Isuzu,D-Max,2025,,,Extended,,PK-M,183: Isuzu D-Max 2002-2026 Incl: Arctic Trucks  Double/Extended/Regular  PK-M
1941,1,OK,183,PK-M,皮卡,Isuzu,D-Max,2025,,,Regular,,PK-M,183: Isuzu D-Max 2002-2026 Incl: Arctic Trucks  Double/Extended/Regular  PK-M
1942,1,OK,183,PK-M,皮卡,Isuzu,D-Max,2026,,,Double,,PK-M,183: Isuzu D-Max 2002-2026 Incl: Arctic Trucks  Double/Extended/Regular  PK-M
1943,1,OK,183,PK-M,皮卡,Isuzu,D-Max,2026,Arctic Trucks,,Double,,PK-M,183: Isuzu D-Max 2002-2026 Incl: Arctic Trucks  Double/Extended/Regular  PK-M
1944,1,OK,183,PK-M,皮卡,Isuzu,D-Max,2026,,,Extended,,PK-M,183: Isuzu D-Max 2002-2026 Incl: Arctic Trucks  Double/Extended/Regular  PK-M
1945,1,OK,183,PK-M,皮卡,Isuzu,D-Max,2026,,,Regular,,PK-M,183: Isuzu D-Max 2002-2026 Incl: Arctic Trucks  Double/Extended/Regular  PK-M
1946,1,OK,184,PK-M,皮卡,Isuzu,Hombre,1995,,,Regular,,PK-M,184: Isuzu Hombre 1995-2000   Regular/Space  PK-M
1947,1,OK,184,PK-M,皮卡,Isuzu,Hombre,1995,,,Space,,PK-M,184: Isuzu Hombre 1995-2000   Regular/Space  PK-M
1948,1,OK,184,PK-M,皮卡,Isuzu,Hombre,1996,,,Regular,,PK-M,184: Isuzu Hombre 1995-2000   Regular/Space  PK-M
1949,1,OK,184,PK-M,皮卡,Isuzu,Hombre,1996,,,Space,,PK-M,184: Isuzu Hombre 1995-2000   Regular/Space  PK-M
1950,1,OK,184,PK-M,皮卡,Isuzu,Hombre,1997,,,Regular,,PK-M,184: Isuzu Hombre 1995-2000   Regular/Space  PK-M
1951,1,OK,184,PK-M,皮卡,Isuzu,Hombre,1997,,,Space,,PK-M,184: Isuzu Hombre 1995-2000   Regular/Space  PK-M
1952,1,OK,184,PK-M,皮卡,Isuzu,Hombre,1998,,,Regular,,PK-M,184: Isuzu Hombre 1995-2000   Regular/Space  PK-M
1953,1,OK,184,PK-M,皮卡,Isuzu,Hombre,1998,,,Space,,PK-M,184: Isuzu Hombre 1995-2000   Regular/Space  PK-M
1954,1,OK,184,PK-M,皮卡,Isuzu,Hombre,1999,,,Regular,,PK-M,184: Isuzu Hombre 1995-2000   Regular/Space  PK-M
1955,1,OK,184,PK-M,皮卡,Isuzu,Hombre,1999,,,Space,,PK-M,184: Isuzu Hombre 1995-2000   Regular/Space  PK-M
1956,1,OK,184,PK-M,皮卡,Isuzu,Hombre,2000,,,Regular,,PK-M,184: Isuzu Hombre 1995-2000   Regular/Space  PK-M
1957,1,OK,184,PK-M,皮卡,Isuzu,Hombre,2000,,,Space,,PK-M,184: Isuzu Hombre 1995-2000   Regular/Space  PK-M
1958,1,OK,187,无可用尺码,皮卡,Isuzu,KB,1980,,,Double,,无可用尺码,187: Isuzu KB 1980-1988   Double  无可用尺码
1959,1,OK,188,无可用尺码,皮卡,Isuzu,KB,1980,,,Extended,,无可用尺码,188: Isuzu KB 1980-1988   Extended  无可用尺码
1960,1,OK,189,无可用尺码,皮卡,Isuzu,KB,1980,,,Regular,,无可用尺码,189: Isuzu KB 1980-1988   Regular  无可用尺码
1961,1,OK,187,无可用尺码,皮卡,Isuzu,KB,1981,,,Double,,无可用尺码,187: Isuzu KB 1980-1988   Double  无可用尺码
1962,1,OK,188,无可用尺码,皮卡,Isuzu,KB,1981,,,Extended,,无可用尺码,188: Isuzu KB 1980-1988   Extended  无可用尺码
1963,1,OK,189,无可用尺码,皮卡,Isuzu,KB,1981,,,Regular,,无可用尺码,189: Isuzu KB 1980-1988   Regular  无可用尺码
1964,1,OK,187,无可用尺码,皮卡,Isuzu,KB,1982,,,Double,,无可用尺码,187: Isuzu KB 1980-1988   Double  无可用尺码
1965,1,OK,188,无可用尺码,皮卡,Isuzu,KB,1982,,,Extended,,无可用尺码,188: Isuzu KB 1980-1988   Extended  无可用尺码
1966,1,OK,189,无可用尺码,皮卡,Isuzu,KB,1982,,,Regular,,无可用尺码,189: Isuzu KB 1980-1988   Regular  无可用尺码
1967,1,OK,187,无可用尺码,皮卡,Isuzu,KB,1983,,,Double,,无可用尺码,187: Isuzu KB 1980-1988   Double  无可用尺码
1968,1,OK,188,无可用尺码,皮卡,Isuzu,KB,1983,,,Extended,,无可用尺码,188: Isuzu KB 1980-1988   Extended  无可用尺码
1969,1,OK,189,无可用尺码,皮卡,Isuzu,KB,1983,,,Regular,,无可用尺码,189: Isuzu KB 1980-1988   Regular  无可用尺码
1970,1,OK,187,无可用尺码,皮卡,Isuzu,KB,1984,,,Double,,无可用尺码,187: Isuzu KB 1980-1988   Double  无可用尺码
1971,1,OK,188,无可用尺码,皮卡,Isuzu,KB,1984,,,Extended,,无可用尺码,188: Isuzu KB 1980-1988   Extended  无可用尺码
1972,1,OK,189,无可用尺码,皮卡,Isuzu,KB,1984,,,Regular,,无可用尺码,189: Isuzu KB 1980-1988   Regular  无可用尺码
1973,1,OK,187,无可用尺码,皮卡,Isuzu,KB,1985,,,Double,,无可用尺码,187: Isuzu KB 1980-1988   Double  无可用尺码
1974,1,OK,188,无可用尺码,皮卡,Isuzu,KB,1985,,,Extended,,无可用尺码,188: Isuzu KB 1980-1988   Extended  无可用尺码
1975,1,OK,189,无可用尺码,皮卡,Isuzu,KB,1985,,,Regular,,无可用尺码,189: Isuzu KB 1980-1988   Regular  无可用尺码
1976,1,OK,187,无可用尺码,皮卡,Isuzu,KB,1986,,,Double,,无可用尺码,187: Isuzu KB 1980-1988   Double  无可用尺码
1977,1,OK,188,无可用尺码,皮卡,Isuzu,KB,1986,,,Extended,,无可用尺码,188: Isuzu KB 1980-1988   Extended  无可用尺码
1978,1,OK,189,无可用尺码,皮卡,Isuzu,KB,1986,,,Regular,,无可用尺码,189: Isuzu KB 1980-1988   Regular  无可用尺码
1979,1,OK,187,无可用尺码,皮卡,Isuzu,KB,1987,,,Double,,无可用尺码,187: Isuzu KB 1980-1988   Double  无可用尺码
1980,1,OK,188,无可用尺码,皮卡,Isuzu,KB,1987,,,Extended,,无可用尺码,188: Isuzu KB 1980-1988   Extended  无可用尺码
1981,1,OK,189,无可用尺码,皮卡,Isuzu,KB,1987,,,Regular,,无可用尺码,189: Isuzu KB 1980-1988   Regular  无可用尺码
1982,2,MULTI,187/190,PK-M/无可用尺码,皮卡,Isuzu,KB,1988,,,Double,,PK-M,187: Isuzu KB 1980-1988   Double  无可用尺码 || 190: Isuzu KB 1988-2003   Double  PK-M
1983,2,MULTI,187/190,PK-M/无可用尺码,皮卡,Isuzu,KB,1988,,,Double,,无可用尺码,187: Isuzu KB 1980-1988   Double  无可用尺码 || 190: Isuzu KB 1988-2003   Double  PK-M
1984,1,OK,188,无可用尺码,皮卡,Isuzu,KB,1988,,,Extended,,无可用尺码,188: Isuzu KB 1980-1988   Extended  无可用尺码
1985,1,OK,189,无可用尺码,皮卡,Isuzu,KB,1988,,,Regular,,无可用尺码,189: Isuzu KB 1980-1988   Regular  无可用尺码
1986,1,OK,190,PK-M,皮卡,Isuzu,KB,1989,,,Double,,PK-M,190: Isuzu KB 1988-2003   Double  PK-M
1987,1,OK,190,PK-M,皮卡,Isuzu,KB,1990,,,Double,,PK-M,190: Isuzu KB 1988-2003   Double  PK-M
1988,1,OK,190,PK-M,皮卡,Isuzu,KB,1991,,,Double,,PK-M,190: Isuzu KB 1988-2003   Double  PK-M
1989,1,OK,190,PK-M,皮卡,Isuzu,KB,1992,,,Double,,PK-M,190: Isuzu KB 1988-2003   Double  PK-M
1990,1,OK,190,PK-M,皮卡,Isuzu,KB,1993,,,Double,,PK-M,190: Isuzu KB 1988-2003   Double  PK-M
1991,1,OK,190,PK-M,皮卡,Isuzu,KB,1994,,,Double,,PK-M,190: Isuzu KB 1988-2003   Double  PK-M
1992,1,OK,190,PK-M,皮卡,Isuzu,KB,1995,,,Double,,PK-M,190: Isuzu KB 1988-2003   Double  PK-M
1993,1,OK,190,PK-M,皮卡,Isuzu,KB,1996,,,Double,,PK-M,190: Isuzu KB 1988-2003   Double  PK-M
1994,1,OK,190,PK-M,皮卡,Isuzu,KB,1997,,,Double,,PK-M,190: Isuzu KB 1988-2003   Double  PK-M
1995,1,OK,190,PK-M,皮卡,Isuzu,KB,1998,,,Double,,PK-M,190: Isuzu KB 1988-2003   Double  PK-M
1996,1,OK,190,PK-M,皮卡,Isuzu,KB,1999,,,Double,,PK-M,190: Isuzu KB 1988-2003   Double  PK-M
1997,1,OK,190,PK-M,皮卡,Isuzu,KB,2000,,,Double,,PK-M,190: Isuzu KB 1988-2003   Double  PK-M
1998,1,OK,190,PK-M,皮卡,Isuzu,KB,2001,,,Double,,PK-M,190: Isuzu KB 1988-2003   Double  PK-M
1999,1,OK,190,PK-M,皮卡,Isuzu,KB,2002,,,Double,,PK-M,190: Isuzu KB 1988-2003   Double  PK-M
2000,1,OK,190,PK-M,皮卡,Isuzu,KB,2003,,,Double,,PK-M,190: Isuzu KB 1988-2003   Double  PK-M
2001,1,OK,191,PK-M,皮卡,Isuzu,Lingtuo,2018,,,Double,,PK-M,191: Isuzu Lingtuo 2018-2026   Double  PK-M
2002,1,OK,191,PK-M,皮卡,Isuzu,Lingtuo,2019,,,Double,,PK-M,191: Isuzu Lingtuo 2018-2026   Double  PK-M
2003,1,OK,191,PK-M,皮卡,Isuzu,Lingtuo,2020,,,Double,,PK-M,191: Isuzu Lingtuo 2018-2026   Double  PK-M
2004,1,OK,191,PK-M,皮卡,Isuzu,Lingtuo,2021,,,Double,,PK-M,191: Isuzu Lingtuo 2018-2026   Double  PK-M
2005,1,OK,191,PK-M,皮卡,Isuzu,Lingtuo,2022,,,Double,,PK-M,191: Isuzu Lingtuo 2018-2026   Double  PK-M
2006,1,OK,191,PK-M,皮卡,Isuzu,Lingtuo,2023,,,Double,,PK-M,191: Isuzu Lingtuo 2018-2026   Double  PK-M
2007,1,OK,191,PK-M,皮卡,Isuzu,Lingtuo,2024,,,Double,,PK-M,191: Isuzu Lingtuo 2018-2026   Double  PK-M
2008,1,OK,191,PK-M,皮卡,Isuzu,Lingtuo,2025,,,Double,,PK-M,191: Isuzu Lingtuo 2018-2026   Double  PK-M
2009,1,OK,191,PK-M,皮卡,Isuzu,Lingtuo,2026,,,Double,,PK-M,191: Isuzu Lingtuo 2018-2026   Double  PK-M
2010,1,OK,192,PK-M,皮卡,Isuzu,Ruimai,2023,,,Double,,PK-M,192: Isuzu Ruimai 2023-2026   Double  PK-M
2011,1,OK,192,PK-M,皮卡,Isuzu,Ruimai,2024,,,Double,,PK-M,192: Isuzu Ruimai 2023-2026   Double  PK-M
2012,1,OK,192,PK-M,皮卡,Isuzu,Ruimai,2025,,,Double,,PK-M,192: Isuzu Ruimai 2023-2026   Double  PK-M
2013,1,OK,192,PK-M,皮卡,Isuzu,Ruimai,2026,,,Double,,PK-M,192: Isuzu Ruimai 2023-2026   Double  PK-M
2014,1,OK,193,PK-M+,皮卡,Isuzu,T17,2021,,,Double,,PK-M+,193: Isuzu T17 2021-2026   Double  PK-M+
2015,1,OK,193,PK-M+,皮卡,Isuzu,T17,2022,,,Double,,PK-M+,193: Isuzu T17 2021-2026   Double  PK-M+
2016,1,OK,193,PK-M+,皮卡,Isuzu,T17,2023,,,Double,,PK-M+,193: Isuzu T17 2021-2026   Double  PK-M+
2017,1,OK,193,PK-M+,皮卡,Isuzu,T17,2024,,,Double,,PK-M+,193: Isuzu T17 2021-2026   Double  PK-M+
2018,1,OK,193,PK-M+,皮卡,Isuzu,T17,2025,,,Double,,PK-M+,193: Isuzu T17 2021-2026   Double  PK-M+
2019,1,OK,193,PK-M+,皮卡,Isuzu,T17,2026,,,Double,,PK-M+,193: Isuzu T17 2021-2026   Double  PK-M+
2020,1,OK,194,PK-M,皮卡,Isuzu,T30 Explorer,2023,,,Double,,PK-M,194: Isuzu T30 Explorer 2023-2026   Double  PK-M
2021,1,OK,194,PK-M,皮卡,Isuzu,T30 Explorer,2024,,,Double,,PK-M,194: Isuzu T30 Explorer 2023-2026   Double  PK-M
2022,1,OK,194,PK-M,皮卡,Isuzu,T30 Explorer,2025,,,Double,,PK-M,194: Isuzu T30 Explorer 2023-2026   Double  PK-M
2023,1,OK,194,PK-M,皮卡,Isuzu,T30 Explorer,2026,,,Double,,PK-M,194: Isuzu T30 Explorer 2023-2026   Double  PK-M
2024,1,OK,185,PK-M,皮卡,Isuzu,TF (Pickup),1988,,,Crew,,PK-M,185: Isuzu TF (Pickup) 1988-2002   Crew/Space  PK-M
2025,1,OK,185,PK-M,皮卡,Isuzu,TF (Pickup),1988,,,Space,,PK-M,185: Isuzu TF (Pickup) 1988-2002   Crew/Space  PK-M
2026,1,OK,195,无可用尺码,皮卡,Isuzu,TF (Pickup),1988,Signle Cab,,Regular,,无可用尺码,195: Isuzu TF (Pickup) 1988-2002 Signle Cab  Regular  无可用尺码
2027,1,OK,185,PK-M,皮卡,Isuzu,TF (Pickup),1989,,,Crew,,PK-M,185: Isuzu TF (Pickup) 1988-2002   Crew/Space  PK-M
2028,1,OK,185,PK-M,皮卡,Isuzu,TF (Pickup),1989,,,Space,,PK-M,185: Isuzu TF (Pickup) 1988-2002   Crew/Space  PK-M
2029,1,OK,195,无可用尺码,皮卡,Isuzu,TF (Pickup),1989,Signle Cab,,Regular,,无可用尺码,195: Isuzu TF (Pickup) 1988-2002 Signle Cab  Regular  无可用尺码
2030,1,OK,185,PK-M,皮卡,Isuzu,TF (Pickup),1990,,,Crew,,PK-M,185: Isuzu TF (Pickup) 1988-2002   Crew/Space  PK-M
2031,1,OK,185,PK-M,皮卡,Isuzu,TF (Pickup),1990,,,Space,,PK-M,185: Isuzu TF (Pickup) 1988-2002   Crew/Space  PK-M
2032,1,OK,195,无可用尺码,皮卡,Isuzu,TF (Pickup),1990,Signle Cab,,Regular,,无可用尺码,195: Isuzu TF (Pickup) 1988-2002 Signle Cab  Regular  无可用尺码
2033,1,OK,185,PK-M,皮卡,Isuzu,TF (Pickup),1991,,,Crew,,PK-M,185: Isuzu TF (Pickup) 1988-2002   Crew/Space  PK-M
2034,1,OK,185,PK-M,皮卡,Isuzu,TF (Pickup),1991,,,Space,,PK-M,185: Isuzu TF (Pickup) 1988-2002   Crew/Space  PK-M
2035,1,OK,195,无可用尺码,皮卡,Isuzu,TF (Pickup),1991,Signle Cab,,Regular,,无可用尺码,195: Isuzu TF (Pickup) 1988-2002 Signle Cab  Regular  无可用尺码
2036,1,OK,185,PK-M,皮卡,Isuzu,TF (Pickup),1992,,,Crew,,PK-M,185: Isuzu TF (Pickup) 1988-2002   Crew/Space  PK-M
2037,1,OK,185,PK-M,皮卡,Isuzu,TF (Pickup),1992,,,Space,,PK-M,185: Isuzu TF (Pickup) 1988-2002   Crew/Space  PK-M
2038,1,OK,195,无可用尺码,皮卡,Isuzu,TF (Pickup),1992,Signle Cab,,Regular,,无可用尺码,195: Isuzu TF (Pickup) 1988-2002 Signle Cab  Regular  无可用尺码
2039,1,OK,185,PK-M,皮卡,Isuzu,TF (Pickup),1993,,,Crew,,PK-M,185: Isuzu TF (Pickup) 1988-2002   Crew/Space  PK-M
2040,1,OK,185,PK-M,皮卡,Isuzu,TF (Pickup),1993,,,Space,,PK-M,185: Isuzu TF (Pickup) 1988-2002   Crew/Space  PK-M
2041,1,OK,195,无可用尺码,皮卡,Isuzu,TF (Pickup),1993,Signle Cab,,Regular,,无可用尺码,195: Isuzu TF (Pickup) 1988-2002 Signle Cab  Regular  无可用尺码
2042,1,OK,185,PK-M,皮卡,Isuzu,TF (Pickup),1994,,,Crew,,PK-M,185: Isuzu TF (Pickup) 1988-2002   Crew/Space  PK-M
2043,1,OK,185,PK-M,皮卡,Isuzu,TF (Pickup),1994,,,Space,,PK-M,185: Isuzu TF (Pickup) 1988-2002   Crew/Space  PK-M
2044,1,OK,195,无可用尺码,皮卡,Isuzu,TF (Pickup),1994,Signle Cab,,Regular,,无可用尺码,195: Isuzu TF (Pickup) 1988-2002 Signle Cab  Regular  无可用尺码
2045,1,OK,185,PK-M,皮卡,Isuzu,TF (Pickup),1995,,,Crew,,PK-M,185: Isuzu TF (Pickup) 1988-2002   Crew/Space  PK-M
2046,1,OK,185,PK-M,皮卡,Isuzu,TF (Pickup),1995,,,Space,,PK-M,185: Isuzu TF (Pickup) 1988-2002   Crew/Space  PK-M
2047,1,OK,195,无可用尺码,皮卡,Isuzu,TF (Pickup),1995,Signle Cab,,Regular,,无可用尺码,195: Isuzu TF (Pickup) 1988-2002 Signle Cab  Regular  无可用尺码
2048,1,OK,185,PK-M,皮卡,Isuzu,TF (Pickup),1996,,,Crew,,PK-M,185: Isuzu TF (Pickup) 1988-2002   Crew/Space  PK-M
2049,1,OK,185,PK-M,皮卡,Isuzu,TF (Pickup),1996,,,Space,,PK-M,185: Isuzu TF (Pickup) 1988-2002   Crew/Space  PK-M
2050,1,OK,195,无可用尺码,皮卡,Isuzu,TF (Pickup),1996,Signle Cab,,Regular,,无可用尺码,195: Isuzu TF (Pickup) 1988-2002 Signle Cab  Regular  无可用尺码
2051,1,OK,185,PK-M,皮卡,Isuzu,TF (Pickup),1997,,,Crew,,PK-M,185: Isuzu TF (Pickup) 1988-2002   Crew/Space  PK-M
2052,1,OK,185,PK-M,皮卡,Isuzu,TF (Pickup),1997,,,Space,,PK-M,185: Isuzu TF (Pickup) 1988-2002   Crew/Space  PK-M
2053,1,OK,195,无可用尺码,皮卡,Isuzu,TF (Pickup),1997,Signle Cab,,Regular,,无可用尺码,195: Isuzu TF (Pickup) 1988-2002 Signle Cab  Regular  无可用尺码
2054,1,OK,185,PK-M,皮卡,Isuzu,TF (Pickup),1998,,,Crew,,PK-M,185: Isuzu TF (Pickup) 1988-2002   Crew/Space  PK-M
2055,1,OK,185,PK-M,皮卡,Isuzu,TF (Pickup),1998,,,Space,,PK-M,185: Isuzu TF (Pickup) 1988-2002   Crew/Space  PK-M
2056,1,OK,195,无可用尺码,皮卡,Isuzu,TF (Pickup),1998,Signle Cab,,Regular,,无可用尺码,195: Isuzu TF (Pickup) 1988-2002 Signle Cab  Regular  无可用尺码
2057,1,OK,185,PK-M,皮卡,Isuzu,TF (Pickup),1999,,,Crew,,PK-M,185: Isuzu TF (Pickup) 1988-2002   Crew/Space  PK-M
2058,1,OK,185,PK-M,皮卡,Isuzu,TF (Pickup),1999,,,Space,,PK-M,185: Isuzu TF (Pickup) 1988-2002   Crew/Space  PK-M
2059,1,OK,195,无可用尺码,皮卡,Isuzu,TF (Pickup),1999,Signle Cab,,Regular,,无可用尺码,195: Isuzu TF (Pickup) 1988-2002 Signle Cab  Regular  无可用尺码
2060,1,OK,185,PK-M,皮卡,Isuzu,TF (Pickup),2000,,,Crew,,PK-M,185: Isuzu TF (Pickup) 1988-2002   Crew/Space  PK-M
2061,1,OK,185,PK-M,皮卡,Isuzu,TF (Pickup),2000,,,Space,,PK-M,185: Isuzu TF (Pickup) 1988-2002   Crew/Space  PK-M
2062,1,OK,195,无可用尺码,皮卡,Isuzu,TF (Pickup),2000,Signle Cab,,Regular,,无可用尺码,195: Isuzu TF (Pickup) 1988-2002 Signle Cab  Regular  无可用尺码
2063,1,OK,185,PK-M,皮卡,Isuzu,TF (Pickup),2001,,,Crew,,PK-M,185: Isuzu TF (Pickup) 1988-2002   Crew/Space  PK-M
2064,1,OK,185,PK-M,皮卡,Isuzu,TF (Pickup),2001,,,Space,,PK-M,185: Isuzu TF (Pickup) 1988-2002   Crew/Space  PK-M
2065,1,OK,195,无可用尺码,皮卡,Isuzu,TF (Pickup),2001,Signle Cab,,Regular,,无可用尺码,195: Isuzu TF (Pickup) 1988-2002 Signle Cab  Regular  无可用尺码
2066,1,OK,185,PK-M,皮卡,Isuzu,TF (Pickup),2002,,,Crew,,PK-M,185: Isuzu TF (Pickup) 1988-2002   Crew/Space  PK-M
2067,1,OK,185,PK-M,皮卡,Isuzu,TF (Pickup),2002,,,Space,,PK-M,185: Isuzu TF (Pickup) 1988-2002   Crew/Space  PK-M
2068,1,OK,195,无可用尺码,皮卡,Isuzu,TF (Pickup),2002,Signle Cab,,Regular,,无可用尺码,195: Isuzu TF (Pickup) 1988-2002 Signle Cab  Regular  无可用尺码
2069,1,OK,196,PK-M,皮卡,JAC,Hunter,2021,,,Double,,PK-M,196: JAC Hunter 2021-2026   Double  PK-M
2070,1,OK,196,PK-M,皮卡,JAC,Hunter,2022,,,Double,,PK-M,196: JAC Hunter 2021-2026   Double  PK-M
2071,1,OK,196,PK-M,皮卡,JAC,Hunter,2023,,,Double,,PK-M,196: JAC Hunter 2021-2026   Double  PK-M
2072,1,OK,196,PK-M,皮卡,JAC,Hunter,2024,,,Double,,PK-M,196: JAC Hunter 2021-2026   Double  PK-M
2073,1,OK,196,PK-M,皮卡,JAC,Hunter,2025,,,Double,,PK-M,196: JAC Hunter 2021-2026   Double  PK-M
2074,1,OK,196,PK-M,皮卡,JAC,Hunter,2026,,,Double,,PK-M,196: JAC Hunter 2021-2026   Double  PK-M
2075,1,OK,197,PK-M,皮卡,JAC,T6,2015,,,Double,,PK-M,197: JAC T6 2015-2026   Double  PK-M
2076,1,OK,197,PK-M,皮卡,JAC,T6,2016,,,Double,,PK-M,197: JAC T6 2015-2026   Double  PK-M
2077,1,OK,197,PK-M,皮卡,JAC,T6,2017,,,Double,,PK-M,197: JAC T6 2015-2026   Double  PK-M
2078,1,OK,197,PK-M,皮卡,JAC,T6,2018,,,Double,,PK-M,197: JAC T6 2015-2026   Double  PK-M
2079,1,OK,197,PK-M,皮卡,JAC,T6,2019,,,Double,,PK-M,197: JAC T6 2015-2026   Double  PK-M
2080,1,OK,197,PK-M,皮卡,JAC,T6,2020,,,Double,,PK-M,197: JAC T6 2015-2026   Double  PK-M
2081,1,OK,197,PK-M,皮卡,JAC,T6,2021,,,Double,,PK-M,197: JAC T6 2015-2026   Double  PK-M
2082,1,OK,197,PK-M,皮卡,JAC,T6,2022,,,Double,,PK-M,197: JAC T6 2015-2026   Double  PK-M
2083,1,OK,197,PK-M,皮卡,JAC,T6,2023,,,Double,,PK-M,197: JAC T6 2015-2026   Double  PK-M
2084,1,OK,197,PK-M,皮卡,JAC,T6,2024,,,Double,,PK-M,197: JAC T6 2015-2026   Double  PK-M
2085,1,OK,197,PK-M,皮卡,JAC,T6,2025,,,Double,,PK-M,197: JAC T6 2015-2026   Double  PK-M
2086,1,OK,197,PK-M,皮卡,JAC,T6,2026,,,Double,,PK-M,197: JAC T6 2015-2026   Double  PK-M
2087,1,OK,198,PK-M,皮卡,JAC,T8,2018,,,Double,,PK-M,198: JAC T8 2018-2026   Double  PK-M
2088,1,OK,198,PK-M,皮卡,JAC,T8,2019,,,Double,,PK-M,198: JAC T8 2018-2026   Double  PK-M
2089,1,OK,198,PK-M,皮卡,JAC,T8,2020,,,Double,,PK-M,198: JAC T8 2018-2026   Double  PK-M
2090,1,OK,198,PK-M,皮卡,JAC,T8,2021,,,Double,,PK-M,198: JAC T8 2018-2026   Double  PK-M
2091,1,OK,198,PK-M,皮卡,JAC,T8,2022,,,Double,,PK-M,198: JAC T8 2018-2026   Double  PK-M
2092,1,OK,198,PK-M,皮卡,JAC,T8,2023,,,Double,,PK-M,198: JAC T8 2018-2026   Double  PK-M
2093,1,OK,198,PK-M,皮卡,JAC,T8,2024,,,Double,,PK-M,198: JAC T8 2018-2026   Double  PK-M
2094,1,OK,198,PK-M,皮卡,JAC,T8,2025,,,Double,,PK-M,198: JAC T8 2018-2026   Double  PK-M
2095,1,OK,198,PK-M,皮卡,JAC,T8,2026,,,Double,,PK-M,198: JAC T8 2018-2026   Double  PK-M
2096,1,OK,199,PK-M,皮卡,JAC,T8 Pro,2020,,,Double,,PK-M,199: JAC T8 Pro 2020-2026   Double  PK-M
2097,1,OK,199,PK-M,皮卡,JAC,T8 Pro,2021,,,Double,,PK-M,199: JAC T8 Pro 2020-2026   Double  PK-M
2098,1,OK,199,PK-M,皮卡,JAC,T8 Pro,2022,,,Double,,PK-M,199: JAC T8 Pro 2020-2026   Double  PK-M
2099,1,OK,199,PK-M,皮卡,JAC,T8 Pro,2023,,,Double,,PK-M,199: JAC T8 Pro 2020-2026   Double  PK-M
2100,1,OK,199,PK-M,皮卡,JAC,T8 Pro,2024,,,Double,,PK-M,199: JAC T8 Pro 2020-2026   Double  PK-M
2101,1,OK,199,PK-M,皮卡,JAC,T8 Pro,2025,,,Double,,PK-M,199: JAC T8 Pro 2020-2026   Double  PK-M
2102,1,OK,199,PK-M,皮卡,JAC,T8 Pro,2026,,,Double,,PK-M,199: JAC T8 Pro 2020-2026   Double  PK-M
2103,1,OK,200,PK-M,皮卡,JAC,T9,2023,,,Double,,PK-M,200: JAC T9 2023-2026   Double  PK-M
2104,1,OK,200,PK-M,皮卡,JAC,T9,2024,,,Double,,PK-M,200: JAC T9 2023-2026   Double  PK-M
2105,1,OK,200,PK-M,皮卡,JAC,T9,2025,,,Double,,PK-M,200: JAC T9 2023-2026   Double  PK-M
2106,1,OK,200,PK-M,皮卡,JAC,T9,2026,,,Double,,PK-M,200: JAC T9 2023-2026   Double  PK-M
2107,1,OK,201,PK-M,皮卡,JMC,Baodian,2006,,,Double,,PK-M,201: JMC Baodian 2006-2025 Incl: Standart  Double  PK-M
2108,1,OK,201,PK-M,皮卡,JMC,Baodian,2007,,,Double,,PK-M,201: JMC Baodian 2006-2025 Incl: Standart  Double  PK-M
2109,1,OK,201,PK-M,皮卡,JMC,Baodian,2008,,,Double,,PK-M,201: JMC Baodian 2006-2025 Incl: Standart  Double  PK-M
2110,1,OK,201,PK-M,皮卡,JMC,Baodian,2009,,,Double,,PK-M,201: JMC Baodian 2006-2025 Incl: Standart  Double  PK-M
2111,1,OK,202,PK-L,皮卡,JMC,Baodian,2023,Long,,Double,,PK-L,202: JMC Baodian 2023-2025 Long  Double  PK-L
2112,1,OK,201,PK-M,皮卡,JMC,Baodian,2023,Standart,,Double,,PK-M,201: JMC Baodian 2006-2025 Incl: Standart  Double  PK-M
2113,1,OK,202,PK-L,皮卡,JMC,Baodian,2024,Long,,Double,,PK-L,202: JMC Baodian 2023-2025 Long  Double  PK-L
2114,1,OK,201,PK-M,皮卡,JMC,Baodian,2024,Standart,,Double,,PK-M,201: JMC Baodian 2006-2025 Incl: Standart  Double  PK-M
2115,1,OK,202,PK-L,皮卡,JMC,Baodian,2025,Long,,Double,,PK-L,202: JMC Baodian 2023-2025 Long  Double  PK-L
2116,1,OK,201,PK-M,皮卡,JMC,Baodian,2025,Standart,,Double,,PK-M,201: JMC Baodian 2006-2025 Incl: Standart  Double  PK-M
2117,1,OK,204,PK-L,皮卡,JMC,Dadao,2023,LWB,,Double,,PK-L,204: JMC Dadao 2023-2026 LWB  Double  PK-L
2118,1,OK,203,PK-M+,皮卡,JMC,Dadao,2023,,,Double,,PK-M+,203: JMC Dadao 2023-2026   Double  PK-M+
2119,1,OK,204,PK-L,皮卡,JMC,Dadao,2024,LWB,,Double,,PK-L,204: JMC Dadao 2023-2026 LWB  Double  PK-L
2120,1,OK,203,PK-M+,皮卡,JMC,Dadao,2024,,,Double,,PK-M+,203: JMC Dadao 2023-2026   Double  PK-M+
2121,1,OK,204,PK-L,皮卡,JMC,Dadao,2025,LWB,,Double,,PK-L,204: JMC Dadao 2023-2026 LWB  Double  PK-L
2122,1,OK,203,PK-M+,皮卡,JMC,Dadao,2025,,,Double,,PK-M+,203: JMC Dadao 2023-2026   Double  PK-M+
2123,1,OK,204,PK-L,皮卡,JMC,Dadao,2026,LWB,,Double,,PK-L,204: JMC Dadao 2023-2026 LWB  Double  PK-L
2124,1,OK,203,PK-M+,皮卡,JMC,Dadao,2026,,,Double,,PK-M+,203: JMC Dadao 2023-2026   Double  PK-M+
2125,1,OK,205,PK-M,皮卡,JMC,Vigus,2023,,,Double,,PK-M,205: JMC Vigus 2023-2026   Double  PK-M
2126,1,OK,205,PK-M,皮卡,JMC,Vigus,2024,,,Double,,PK-M,205: JMC Vigus 2023-2026   Double  PK-M
2127,1,OK,205,PK-M,皮卡,JMC,Vigus,2025,,,Double,,PK-M,205: JMC Vigus 2023-2026   Double  PK-M
2128,1,OK,205,PK-M,皮卡,JMC,Vigus,2026,,,Double,,PK-M,205: JMC Vigus 2023-2026   Double  PK-M
2129,1,OK,206,PK-M+,皮卡,JMC,Vigus Work,2021,,,Double,,PK-M+,206: JMC Vigus Work 2021-2024   Double  PK-M+
2130,1,OK,206,PK-M+,皮卡,JMC,Vigus Work,2022,,,Double,,PK-M+,206: JMC Vigus Work 2021-2024   Double  PK-M+
2131,1,OK,206,PK-M+,皮卡,JMC,Vigus Work,2023,,,Double,,PK-M+,206: JMC Vigus Work 2021-2024   Double  PK-M+
2132,1,OK,206,PK-M+,皮卡,JMC,Vigus Work,2024,,,Double,,PK-M+,206: JMC Vigus Work 2021-2024   Double  PK-M+
2133,1,OK,207,PK-M,皮卡,JMC,Yuhu 7,2017,,,Double,,PK-M,207: JMC Yuhu 7 2017-2026   Double  PK-M
2134,1,OK,207,PK-M,皮卡,JMC,Yuhu 7,2018,,,Double,,PK-M,207: JMC Yuhu 7 2017-2026   Double  PK-M
2135,1,OK,207,PK-M,皮卡,JMC,Yuhu 7,2019,,,Double,,PK-M,207: JMC Yuhu 7 2017-2026   Double  PK-M
2136,1,OK,207,PK-M,皮卡,JMC,Yuhu 7,2020,,,Double,,PK-M,207: JMC Yuhu 7 2017-2026   Double  PK-M
2137,1,OK,207,PK-M,皮卡,JMC,Yuhu 7,2021,,,Double,,PK-M,207: JMC Yuhu 7 2017-2026   Double  PK-M
2138,1,OK,207,PK-M,皮卡,JMC,Yuhu 7,2022,,,Double,,PK-M,207: JMC Yuhu 7 2017-2026   Double  PK-M
2139,1,OK,207,PK-M,皮卡,JMC,Yuhu 7,2023,,,Double,,PK-M,207: JMC Yuhu 7 2017-2026   Double  PK-M
2140,1,OK,207,PK-M,皮卡,JMC,Yuhu 7,2024,,,Double,,PK-M,207: JMC Yuhu 7 2017-2026   Double  PK-M
2141,1,OK,207,PK-M,皮卡,JMC,Yuhu 7,2025,,,Double,,PK-M,207: JMC Yuhu 7 2017-2026   Double  PK-M
2142,1,OK,207,PK-M,皮卡,JMC,Yuhu 7,2026,,,Double,,PK-M,207: JMC Yuhu 7 2017-2026   Double  PK-M
2143,1,OK,208,无可用尺码,皮卡,Jeep,Comanche,1985,,,Regular,,无可用尺码,208: Jeep Comanche 1985-1992   Regular  无可用尺码
2144,1,OK,208,无可用尺码,皮卡,Jeep,Comanche,1986,,,Regular,,无可用尺码,208: Jeep Comanche 1985-1992   Regular  无可用尺码
2145,1,OK,208,无可用尺码,皮卡,Jeep,Comanche,1987,,,Regular,,无可用尺码,208: Jeep Comanche 1985-1992   Regular  无可用尺码
2146,1,OK,208,无可用尺码,皮卡,Jeep,Comanche,1988,,,Regular,,无可用尺码,208: Jeep Comanche 1985-1992   Regular  无可用尺码
2147,1,OK,208,无可用尺码,皮卡,Jeep,Comanche,1989,,,Regular,,无可用尺码,208: Jeep Comanche 1985-1992   Regular  无可用尺码
2148,1,OK,208,无可用尺码,皮卡,Jeep,Comanche,1990,,,Regular,,无可用尺码,208: Jeep Comanche 1985-1992   Regular  无可用尺码
2149,1,OK,208,无可用尺码,皮卡,Jeep,Comanche,1991,,,Regular,,无可用尺码,208: Jeep Comanche 1985-1992   Regular  无可用尺码
2150,1,OK,208,无可用尺码,皮卡,Jeep,Comanche,1992,,,Regular,,无可用尺码,208: Jeep Comanche 1985-1992   Regular  无可用尺码
2151,1,OK,209,PK-M+,皮卡,Jeep,Gladiator,2019,,,Double,,PK-M+,209: Jeep Gladiator 2019-2026   Double  PK-M+
2152,1,OK,209,PK-M+,皮卡,Jeep,Gladiator,2020,,,Double,,PK-M+,209: Jeep Gladiator 2019-2026   Double  PK-M+
2153,1,OK,209,PK-M+,皮卡,Jeep,Gladiator,2021,,,Double,,PK-M+,209: Jeep Gladiator 2019-2026   Double  PK-M+
2154,1,OK,209,PK-M+,皮卡,Jeep,Gladiator,2022,,,Double,,PK-M+,209: Jeep Gladiator 2019-2026   Double  PK-M+
2155,1,OK,209,PK-M+,皮卡,Jeep,Gladiator,2023,,,Double,,PK-M+,209: Jeep Gladiator 2019-2026   Double  PK-M+
2156,1,OK,209,PK-M+,皮卡,Jeep,Gladiator,2024,,,Double,,PK-M+,209: Jeep Gladiator 2019-2026   Double  PK-M+
2157,1,OK,209,PK-M+,皮卡,Jeep,Gladiator,2025,,,Double,,PK-M+,209: Jeep Gladiator 2019-2026   Double  PK-M+
2158,1,OK,209,PK-M+,皮卡,Jeep,Gladiator,2026,,,Double,,PK-M+,209: Jeep Gladiator 2019-2026   Double  PK-M+
2159,1,OK,210,PK-L,皮卡,Jetour,Reaolo,2025,,,Double,,PK-L,210: Jetour Reaolo 2025-2026   Double  PK-L
2160,1,OK,210,PK-L,皮卡,Jetour,Reaolo,2026,,,Double,,PK-L,210: Jetour Reaolo 2025-2026   Double  PK-L
2161,1,OK,211,PK-M,皮卡,KGM,Musso,2026,,,Double,,PK-M,211: KGM Musso 2026   Double  PK-M
2162,1,OK,212,PK-M,皮卡,KGM,Musso Sports,2025,,,Double,,PK-M,212: KGM Musso Sports 2025-2026   Double  PK-M
2163,1,OK,212,PK-M,皮卡,KGM,Musso Sports,2026,,,Double,,PK-M,212: KGM Musso Sports 2025-2026   Double  PK-M
2164,1,OK,213,PK-M,皮卡,KGM,Rexton Sports,2023,,,Double,,PK-M,213: KGM Rexton Sports 2023-2026   Double  PK-M
2165,1,OK,214,PK-M+,皮卡,KGM,Rexton Sports,2023,KHAN,,Double,,PK-M+,214: KGM Rexton Sports 2023-2026 KHAN  Double  PK-M+
2166,1,OK,213,PK-M,皮卡,KGM,Rexton Sports,2024,,,Double,,PK-M,213: KGM Rexton Sports 2023-2026   Double  PK-M
2167,1,OK,214,PK-M+,皮卡,KGM,Rexton Sports,2024,KHAN,,Double,,PK-M+,214: KGM Rexton Sports 2023-2026 KHAN  Double  PK-M+
2168,1,OK,213,PK-M,皮卡,KGM,Rexton Sports,2025,,,Double,,PK-M,213: KGM Rexton Sports 2023-2026   Double  PK-M
2169,1,OK,214,PK-M+,皮卡,KGM,Rexton Sports,2025,KHAN,,Double,,PK-M+,214: KGM Rexton Sports 2023-2026 KHAN  Double  PK-M+
2170,1,OK,213,PK-M,皮卡,KGM,Rexton Sports,2026,,,Double,,PK-M,213: KGM Rexton Sports 2023-2026   Double  PK-M
2171,1,OK,214,PK-M+,皮卡,KGM,Rexton Sports,2026,KHAN,,Double,,PK-M+,214: KGM Rexton Sports 2023-2026 KHAN  Double  PK-M+
2172,1,OK,215,PK-M,皮卡,KYC,F3,2021,,,Double,,PK-M,215: KYC F3 2021-2026   Double  PK-M
2173,1,OK,215,PK-M,皮卡,KYC,F3,2022,,,Double,,PK-M,215: KYC F3 2021-2026   Double  PK-M
2174,1,OK,215,PK-M,皮卡,KYC,F3,2023,,,Double,,PK-M,215: KYC F3 2021-2026   Double  PK-M
2175,1,OK,215,PK-M,皮卡,KYC,F3,2024,,,Double,,PK-M,215: KYC F3 2021-2026   Double  PK-M
2176,1,OK,215,PK-M,皮卡,KYC,F3,2025,,,Double,,PK-M,215: KYC F3 2021-2026   Double  PK-M
2177,1,OK,215,PK-M,皮卡,KYC,F3,2026,,,Double,,PK-M,215: KYC F3 2021-2026   Double  PK-M
2178,1,OK,216,PK-M+,皮卡,Kawei,K1,2014,,,Double,,PK-M+,216: Kawei K1 2014-2018   Double  PK-M+
2179,1,OK,216,PK-M+,皮卡,Kawei,K1,2015,,,Double,,PK-M+,216: Kawei K1 2014-2018   Double  PK-M+
2180,1,OK,216,PK-M+,皮卡,Kawei,K1,2016,,,Double,,PK-M+,216: Kawei K1 2014-2018   Double  PK-M+
2181,1,OK,216,PK-M+,皮卡,Kawei,K1,2017,,,Double,,PK-M+,216: Kawei K1 2014-2018   Double  PK-M+
2182,1,OK,216,PK-M+,皮卡,Kawei,K1,2018,,,Double,,PK-M+,216: Kawei K1 2014-2018   Double  PK-M+
2183,1,OK,217,PK-M+,皮卡,Kawei,K150,2014,,,Double,,PK-M+,217: Kawei K150 2014-2017   Double  PK-M+
2184,1,OK,217,PK-M+,皮卡,Kawei,K150,2015,,,Double,,PK-M+,217: Kawei K150 2014-2017   Double  PK-M+
2185,1,OK,217,PK-M+,皮卡,Kawei,K150,2016,,,Double,,PK-M+,217: Kawei K150 2014-2017   Double  PK-M+
2186,1,OK,217,PK-M+,皮卡,Kawei,K150,2017,,,Double,,PK-M+,217: Kawei K150 2014-2017   Double  PK-M+
2187,1,OK,218,PK-M+,皮卡,Kawei,K150GT,2017,,,Double,,PK-M+,218: Kawei K150GT 2017-2023   Double  PK-M+
2188,1,OK,218,PK-M+,皮卡,Kawei,K150GT,2018,,,Double,,PK-M+,218: Kawei K150GT 2017-2023   Double  PK-M+
2189,1,OK,218,PK-M+,皮卡,Kawei,K150GT,2019,,,Double,,PK-M+,218: Kawei K150GT 2017-2023   Double  PK-M+
2190,1,OK,218,PK-M+,皮卡,Kawei,K150GT,2020,,,Double,,PK-M+,218: Kawei K150GT 2017-2023   Double  PK-M+
2191,1,OK,218,PK-M+,皮卡,Kawei,K150GT,2021,,,Double,,PK-M+,218: Kawei K150GT 2017-2023   Double  PK-M+
2192,1,OK,218,PK-M+,皮卡,Kawei,K150GT,2022,,,Double,,PK-M+,218: Kawei K150GT 2017-2023   Double  PK-M+
2193,1,OK,218,PK-M+,皮卡,Kawei,K150GT,2023,,,Double,,PK-M+,218: Kawei K150GT 2017-2023   Double  PK-M+
2194,1,OK,219,PK-M+,皮卡,Kia,Tasman,2025,,,Double,,PK-M+,219: Kia Tasman 2025-2026   Double/Regular  PK-M+
2195,1,OK,219,PK-M+,皮卡,Kia,Tasman,2025,,,Regular,,PK-M+,219: Kia Tasman 2025-2026   Double/Regular  PK-M+
2196,1,OK,219,PK-M+,皮卡,Kia,Tasman,2026,,,Double,,PK-M+,219: Kia Tasman 2025-2026   Double/Regular  PK-M+
2197,1,OK,219,PK-M+,皮卡,Kia,Tasman,2026,,,Regular,,PK-M+,219: Kia Tasman 2025-2026   Double/Regular  PK-M+
2198,1,OK,221,无可用尺码,皮卡,Lada (ВАЗ),2104,1984,,,Regular,,无可用尺码,221: Lada (ВАЗ) 2104 1984-2012   Regular  无可用尺码
2199,1,OK,221,无可用尺码,皮卡,Lada (ВАЗ),2104,1985,,,Regular,,无可用尺码,221: Lada (ВАЗ) 2104 1984-2012   Regular  无可用尺码
2200,1,OK,221,无可用尺码,皮卡,Lada (ВАЗ),2104,1986,,,Regular,,无可用尺码,221: Lada (ВАЗ) 2104 1984-2012   Regular  无可用尺码
2201,1,OK,221,无可用尺码,皮卡,Lada (ВАЗ),2104,1987,,,Regular,,无可用尺码,221: Lada (ВАЗ) 2104 1984-2012   Regular  无可用尺码
2202,1,OK,221,无可用尺码,皮卡,Lada (ВАЗ),2104,1988,,,Regular,,无可用尺码,221: Lada (ВАЗ) 2104 1984-2012   Regular  无可用尺码
2203,1,OK,221,无可用尺码,皮卡,Lada (ВАЗ),2104,1989,,,Regular,,无可用尺码,221: Lada (ВАЗ) 2104 1984-2012   Regular  无可用尺码
2204,1,OK,221,无可用尺码,皮卡,Lada (ВАЗ),2104,1990,,,Regular,,无可用尺码,221: Lada (ВАЗ) 2104 1984-2012   Regular  无可用尺码
2205,1,OK,221,无可用尺码,皮卡,Lada (ВАЗ),2104,1991,,,Regular,,无可用尺码,221: Lada (ВАЗ) 2104 1984-2012   Regular  无可用尺码
2206,1,OK,221,无可用尺码,皮卡,Lada (ВАЗ),2104,1992,,,Regular,,无可用尺码,221: Lada (ВАЗ) 2104 1984-2012   Regular  无可用尺码
2207,1,OK,221,无可用尺码,皮卡,Lada (ВАЗ),2104,1993,,,Regular,,无可用尺码,221: Lada (ВАЗ) 2104 1984-2012   Regular  无可用尺码
2208,1,OK,221,无可用尺码,皮卡,Lada (ВАЗ),2104,1994,,,Regular,,无可用尺码,221: Lada (ВАЗ) 2104 1984-2012   Regular  无可用尺码
2209,1,OK,221,无可用尺码,皮卡,Lada (ВАЗ),2104,1995,,,Regular,,无可用尺码,221: Lada (ВАЗ) 2104 1984-2012   Regular  无可用尺码
2210,1,OK,221,无可用尺码,皮卡,Lada (ВАЗ),2104,1996,,,Regular,,无可用尺码,221: Lada (ВАЗ) 2104 1984-2012   Regular  无可用尺码
2211,1,OK,221,无可用尺码,皮卡,Lada (ВАЗ),2104,1997,,,Regular,,无可用尺码,221: Lada (ВАЗ) 2104 1984-2012   Regular  无可用尺码
2212,1,OK,221,无可用尺码,皮卡,Lada (ВАЗ),2104,1998,,,Regular,,无可用尺码,221: Lada (ВАЗ) 2104 1984-2012   Regular  无可用尺码
2213,1,OK,221,无可用尺码,皮卡,Lada (ВАЗ),2104,1999,,,Regular,,无可用尺码,221: Lada (ВАЗ) 2104 1984-2012   Regular  无可用尺码
2214,1,OK,221,无可用尺码,皮卡,Lada (ВАЗ),2104,2000,,,Regular,,无可用尺码,221: Lada (ВАЗ) 2104 1984-2012   Regular  无可用尺码
2215,1,OK,221,无可用尺码,皮卡,Lada (ВАЗ),2104,2001,,,Regular,,无可用尺码,221: Lada (ВАЗ) 2104 1984-2012   Regular  无可用尺码
2216,1,OK,221,无可用尺码,皮卡,Lada (ВАЗ),2104,2002,,,Regular,,无可用尺码,221: Lada (ВАЗ) 2104 1984-2012   Regular  无可用尺码
2217,1,OK,221,无可用尺码,皮卡,Lada (ВАЗ),2104,2003,,,Regular,,无可用尺码,221: Lada (ВАЗ) 2104 1984-2012   Regular  无可用尺码
2218,1,OK,221,无可用尺码,皮卡,Lada (ВАЗ),2104,2004,,,Regular,,无可用尺码,221: Lada (ВАЗ) 2104 1984-2012   Regular  无可用尺码
2219,1,OK,221,无可用尺码,皮卡,Lada (ВАЗ),2104,2005,,,Regular,,无可用尺码,221: Lada (ВАЗ) 2104 1984-2012   Regular  无可用尺码
2220,1,OK,221,无可用尺码,皮卡,Lada (ВАЗ),2104,2006,,,Regular,,无可用尺码,221: Lada (ВАЗ) 2104 1984-2012   Regular  无可用尺码
2221,1,OK,221,无可用尺码,皮卡,Lada (ВАЗ),2104,2007,,,Regular,,无可用尺码,221: Lada (ВАЗ) 2104 1984-2012   Regular  无可用尺码
2222,1,OK,221,无可用尺码,皮卡,Lada (ВАЗ),2104,2008,,,Regular,,无可用尺码,221: Lada (ВАЗ) 2104 1984-2012   Regular  无可用尺码
2223,1,OK,221,无可用尺码,皮卡,Lada (ВАЗ),2104,2009,,,Regular,,无可用尺码,221: Lada (ВАЗ) 2104 1984-2012   Regular  无可用尺码
2224,1,OK,221,无可用尺码,皮卡,Lada (ВАЗ),2104,2010,,,Regular,,无可用尺码,221: Lada (ВАЗ) 2104 1984-2012   Regular  无可用尺码
2225,1,OK,221,无可用尺码,皮卡,Lada (ВАЗ),2104,2011,,,Regular,,无可用尺码,221: Lada (ВАЗ) 2104 1984-2012   Regular  无可用尺码
2226,1,OK,221,无可用尺码,皮卡,Lada (ВАЗ),2104,2012,,,Regular,,无可用尺码,221: Lada (ВАЗ) 2104 1984-2012   Regular  无可用尺码
2227,1,OK,222,无可用尺码,皮卡,Lada (ВАЗ),2328,1995,,,Regular,,无可用尺码,222: Lada (ВАЗ) 2328 1995-1997   Regular  无可用尺码
2228,1,OK,222,无可用尺码,皮卡,Lada (ВАЗ),2328,1996,,,Regular,,无可用尺码,222: Lada (ВАЗ) 2328 1995-1997   Regular  无可用尺码
2229,1,OK,222,无可用尺码,皮卡,Lada (ВАЗ),2328,1997,,,Regular,,无可用尺码,222: Lada (ВАЗ) 2328 1995-1997   Regular  无可用尺码
2230,1,OK,220,无可用尺码,皮卡,Lada (ВАЗ),2329,1995,,,Extended,,无可用尺码,220: Lada (ВАЗ) 2329 1995-2019   Extended/Regular  无可用尺码
2231,1,OK,220,无可用尺码,皮卡,Lada (ВАЗ),2329,1995,,,Regular,,无可用尺码,220: Lada (ВАЗ) 2329 1995-2019   Extended/Regular  无可用尺码
2232,1,OK,220,无可用尺码,皮卡,Lada (ВАЗ),2329,1996,,,Extended,,无可用尺码,220: Lada (ВАЗ) 2329 1995-2019   Extended/Regular  无可用尺码
2233,1,OK,220,无可用尺码,皮卡,Lada (ВАЗ),2329,1996,,,Regular,,无可用尺码,220: Lada (ВАЗ) 2329 1995-2019   Extended/Regular  无可用尺码
2234,1,OK,220,无可用尺码,皮卡,Lada (ВАЗ),2329,1997,,,Extended,,无可用尺码,220: Lada (ВАЗ) 2329 1995-2019   Extended/Regular  无可用尺码
2235,1,OK,220,无可用尺码,皮卡,Lada (ВАЗ),2329,1997,,,Regular,,无可用尺码,220: Lada (ВАЗ) 2329 1995-2019   Extended/Regular  无可用尺码
2236,1,OK,220,无可用尺码,皮卡,Lada (ВАЗ),2329,1998,,,Extended,,无可用尺码,220: Lada (ВАЗ) 2329 1995-2019   Extended/Regular  无可用尺码
2237,1,OK,220,无可用尺码,皮卡,Lada (ВАЗ),2329,1998,,,Regular,,无可用尺码,220: Lada (ВАЗ) 2329 1995-2019   Extended/Regular  无可用尺码
2238,1,OK,220,无可用尺码,皮卡,Lada (ВАЗ),2329,1999,,,Extended,,无可用尺码,220: Lada (ВАЗ) 2329 1995-2019   Extended/Regular  无可用尺码
2239,1,OK,220,无可用尺码,皮卡,Lada (ВАЗ),2329,1999,,,Regular,,无可用尺码,220: Lada (ВАЗ) 2329 1995-2019   Extended/Regular  无可用尺码
2240,1,OK,220,无可用尺码,皮卡,Lada (ВАЗ),2329,2000,,,Extended,,无可用尺码,220: Lada (ВАЗ) 2329 1995-2019   Extended/Regular  无可用尺码
2241,1,OK,220,无可用尺码,皮卡,Lada (ВАЗ),2329,2000,,,Regular,,无可用尺码,220: Lada (ВАЗ) 2329 1995-2019   Extended/Regular  无可用尺码
2242,1,OK,220,无可用尺码,皮卡,Lada (ВАЗ),2329,2001,,,Extended,,无可用尺码,220: Lada (ВАЗ) 2329 1995-2019   Extended/Regular  无可用尺码
2243,1,OK,220,无可用尺码,皮卡,Lada (ВАЗ),2329,2001,,,Regular,,无可用尺码,220: Lada (ВАЗ) 2329 1995-2019   Extended/Regular  无可用尺码
2244,1,OK,220,无可用尺码,皮卡,Lada (ВАЗ),2329,2002,,,Extended,,无可用尺码,220: Lada (ВАЗ) 2329 1995-2019   Extended/Regular  无可用尺码
2245,1,OK,220,无可用尺码,皮卡,Lada (ВАЗ),2329,2002,,,Regular,,无可用尺码,220: Lada (ВАЗ) 2329 1995-2019   Extended/Regular  无可用尺码
2246,1,OK,220,无可用尺码,皮卡,Lada (ВАЗ),2329,2003,,,Extended,,无可用尺码,220: Lada (ВАЗ) 2329 1995-2019   Extended/Regular  无可用尺码
2247,1,OK,220,无可用尺码,皮卡,Lada (ВАЗ),2329,2003,,,Regular,,无可用尺码,220: Lada (ВАЗ) 2329 1995-2019   Extended/Regular  无可用尺码
2248,1,OK,220,无可用尺码,皮卡,Lada (ВАЗ),2329,2004,,,Extended,,无可用尺码,220: Lada (ВАЗ) 2329 1995-2019   Extended/Regular  无可用尺码
2249,1,OK,220,无可用尺码,皮卡,Lada (ВАЗ),2329,2004,,,Regular,,无可用尺码,220: Lada (ВАЗ) 2329 1995-2019   Extended/Regular  无可用尺码
2250,1,OK,220,无可用尺码,皮卡,Lada (ВАЗ),2329,2005,,,Extended,,无可用尺码,220: Lada (ВАЗ) 2329 1995-2019   Extended/Regular  无可用尺码
2251,1,OK,220,无可用尺码,皮卡,Lada (ВАЗ),2329,2005,,,Regular,,无可用尺码,220: Lada (ВАЗ) 2329 1995-2019   Extended/Regular  无可用尺码
2252,1,OK,220,无可用尺码,皮卡,Lada (ВАЗ),2329,2006,,,Extended,,无可用尺码,220: Lada (ВАЗ) 2329 1995-2019   Extended/Regular  无可用尺码
2253,1,OK,220,无可用尺码,皮卡,Lada (ВАЗ),2329,2006,,,Regular,,无可用尺码,220: Lada (ВАЗ) 2329 1995-2019   Extended/Regular  无可用尺码
2254,1,OK,220,无可用尺码,皮卡,Lada (ВАЗ),2329,2007,,,Extended,,无可用尺码,220: Lada (ВАЗ) 2329 1995-2019   Extended/Regular  无可用尺码
2255,1,OK,220,无可用尺码,皮卡,Lada (ВАЗ),2329,2007,,,Regular,,无可用尺码,220: Lada (ВАЗ) 2329 1995-2019   Extended/Regular  无可用尺码
2256,1,OK,220,无可用尺码,皮卡,Lada (ВАЗ),2329,2008,,,Extended,,无可用尺码,220: Lada (ВАЗ) 2329 1995-2019   Extended/Regular  无可用尺码
2257,1,OK,220,无可用尺码,皮卡,Lada (ВАЗ),2329,2008,,,Regular,,无可用尺码,220: Lada (ВАЗ) 2329 1995-2019   Extended/Regular  无可用尺码
2258,1,OK,220,无可用尺码,皮卡,Lada (ВАЗ),2329,2009,,,Extended,,无可用尺码,220: Lada (ВАЗ) 2329 1995-2019   Extended/Regular  无可用尺码
2259,1,OK,220,无可用尺码,皮卡,Lada (ВАЗ),2329,2009,,,Regular,,无可用尺码,220: Lada (ВАЗ) 2329 1995-2019   Extended/Regular  无可用尺码
2260,1,OK,220,无可用尺码,皮卡,Lada (ВАЗ),2329,2010,,,Extended,,无可用尺码,220: Lada (ВАЗ) 2329 1995-2019   Extended/Regular  无可用尺码
2261,1,OK,220,无可用尺码,皮卡,Lada (ВАЗ),2329,2010,,,Regular,,无可用尺码,220: Lada (ВАЗ) 2329 1995-2019   Extended/Regular  无可用尺码
2262,1,OK,220,无可用尺码,皮卡,Lada (ВАЗ),2329,2011,,,Extended,,无可用尺码,220: Lada (ВАЗ) 2329 1995-2019   Extended/Regular  无可用尺码
2263,1,OK,220,无可用尺码,皮卡,Lada (ВАЗ),2329,2011,,,Regular,,无可用尺码,220: Lada (ВАЗ) 2329 1995-2019   Extended/Regular  无可用尺码
2264,1,OK,220,无可用尺码,皮卡,Lada (ВАЗ),2329,2012,,,Extended,,无可用尺码,220: Lada (ВАЗ) 2329 1995-2019   Extended/Regular  无可用尺码
2265,1,OK,220,无可用尺码,皮卡,Lada (ВАЗ),2329,2012,,,Regular,,无可用尺码,220: Lada (ВАЗ) 2329 1995-2019   Extended/Regular  无可用尺码
2266,1,OK,220,无可用尺码,皮卡,Lada (ВАЗ),2329,2013,,,Extended,,无可用尺码,220: Lada (ВАЗ) 2329 1995-2019   Extended/Regular  无可用尺码
2267,1,OK,220,无可用尺码,皮卡,Lada (ВАЗ),2329,2013,,,Regular,,无可用尺码,220: Lada (ВАЗ) 2329 1995-2019   Extended/Regular  无可用尺码
2268,1,OK,220,无可用尺码,皮卡,Lada (ВАЗ),2329,2014,,,Extended,,无可用尺码,220: Lada (ВАЗ) 2329 1995-2019   Extended/Regular  无可用尺码
2269,1,OK,220,无可用尺码,皮卡,Lada (ВАЗ),2329,2014,,,Regular,,无可用尺码,220: Lada (ВАЗ) 2329 1995-2019   Extended/Regular  无可用尺码
2270,1,OK,220,无可用尺码,皮卡,Lada (ВАЗ),2329,2015,,,Extended,,无可用尺码,220: Lada (ВАЗ) 2329 1995-2019   Extended/Regular  无可用尺码
2271,1,OK,220,无可用尺码,皮卡,Lada (ВАЗ),2329,2015,,,Regular,,无可用尺码,220: Lada (ВАЗ) 2329 1995-2019   Extended/Regular  无可用尺码
2272,1,OK,220,无可用尺码,皮卡,Lada (ВАЗ),2329,2016,,,Extended,,无可用尺码,220: Lada (ВАЗ) 2329 1995-2019   Extended/Regular  无可用尺码
2273,1,OK,220,无可用尺码,皮卡,Lada (ВАЗ),2329,2016,,,Regular,,无可用尺码,220: Lada (ВАЗ) 2329 1995-2019   Extended/Regular  无可用尺码
2274,1,OK,220,无可用尺码,皮卡,Lada (ВАЗ),2329,2017,,,Extended,,无可用尺码,220: Lada (ВАЗ) 2329 1995-2019   Extended/Regular  无可用尺码
2275,1,OK,220,无可用尺码,皮卡,Lada (ВАЗ),2329,2017,,,Regular,,无可用尺码,220: Lada (ВАЗ) 2329 1995-2019   Extended/Regular  无可用尺码
2276,1,OK,220,无可用尺码,皮卡,Lada (ВАЗ),2329,2018,,,Extended,,无可用尺码,220: Lada (ВАЗ) 2329 1995-2019   Extended/Regular  无可用尺码
2277,1,OK,220,无可用尺码,皮卡,Lada (ВАЗ),2329,2018,,,Regular,,无可用尺码,220: Lada (ВАЗ) 2329 1995-2019   Extended/Regular  无可用尺码
2278,1,OK,220,无可用尺码,皮卡,Lada (ВАЗ),2329,2019,,,Extended,,无可用尺码,220: Lada (ВАЗ) 2329 1995-2019   Extended/Regular  无可用尺码
2279,1,OK,220,无可用尺码,皮卡,Lada (ВАЗ),2329,2019,,,Regular,,无可用尺码,220: Lada (ВАЗ) 2329 1995-2019   Extended/Regular  无可用尺码
2280,1,OK,223,PK-M,皮卡,Lamborghini,LM001,1981,,,Double,,PK-M,223: Lamborghini LM001 1981   Double  PK-M
2281,1,OK,224,PK-M,皮卡,Lamborghini,LM002,1986,,,Double,,PK-M,224: Lamborghini LM002 1986-1993   Double  PK-M
2282,1,OK,224,PK-M,皮卡,Lamborghini,LM002,1987,,,Double,,PK-M,224: Lamborghini LM002 1986-1993   Double  PK-M
2283,1,OK,224,PK-M,皮卡,Lamborghini,LM002,1988,,,Double,,PK-M,224: Lamborghini LM002 1986-1993   Double  PK-M
2284,1,OK,224,PK-M,皮卡,Lamborghini,LM002,1989,,,Double,,PK-M,224: Lamborghini LM002 1986-1993   Double  PK-M
2285,1,OK,224,PK-M,皮卡,Lamborghini,LM002,1990,,,Double,,PK-M,224: Lamborghini LM002 1986-1993   Double  PK-M
2286,1,OK,224,PK-M,皮卡,Lamborghini,LM002,1991,,,Double,,PK-M,224: Lamborghini LM002 1986-1993   Double  PK-M
2287,1,OK,224,PK-M,皮卡,Lamborghini,LM002,1992,,,Double,,PK-M,224: Lamborghini LM002 1986-1993   Double  PK-M
2288,1,OK,224,PK-M,皮卡,Lamborghini,LM002,1993,,,Double,,PK-M,224: Lamborghini LM002 1986-1993   Double  PK-M
2289,1,OK,225,无可用尺码,皮卡,Land Rover,Defender,1983,,,Double,,无可用尺码,225: Land Rover Defender 1983-2016   Double  无可用尺码
2290,1,OK,225,无可用尺码,皮卡,Land Rover,Defender,1984,,,Double,,无可用尺码,225: Land Rover Defender 1983-2016   Double  无可用尺码
2291,1,OK,225,无可用尺码,皮卡,Land Rover,Defender,1985,,,Double,,无可用尺码,225: Land Rover Defender 1983-2016   Double  无可用尺码
2292,1,OK,225,无可用尺码,皮卡,Land Rover,Defender,1986,,,Double,,无可用尺码,225: Land Rover Defender 1983-2016   Double  无可用尺码
2293,1,OK,225,无可用尺码,皮卡,Land Rover,Defender,1987,,,Double,,无可用尺码,225: Land Rover Defender 1983-2016   Double  无可用尺码
2294,1,OK,225,无可用尺码,皮卡,Land Rover,Defender,1988,,,Double,,无可用尺码,225: Land Rover Defender 1983-2016   Double  无可用尺码
2295,1,OK,225,无可用尺码,皮卡,Land Rover,Defender,1989,,,Double,,无可用尺码,225: Land Rover Defender 1983-2016   Double  无可用尺码
2296,1,OK,225,无可用尺码,皮卡,Land Rover,Defender,1990,,,Double,,无可用尺码,225: Land Rover Defender 1983-2016   Double  无可用尺码
2297,1,OK,225,无可用尺码,皮卡,Land Rover,Defender,1991,,,Double,,无可用尺码,225: Land Rover Defender 1983-2016   Double  无可用尺码
2298,1,OK,225,无可用尺码,皮卡,Land Rover,Defender,1992,,,Double,,无可用尺码,225: Land Rover Defender 1983-2016   Double  无可用尺码
2299,1,OK,225,无可用尺码,皮卡,Land Rover,Defender,1993,,,Double,,无可用尺码,225: Land Rover Defender 1983-2016   Double  无可用尺码
2300,1,OK,225,无可用尺码,皮卡,Land Rover,Defender,1994,,,Double,,无可用尺码,225: Land Rover Defender 1983-2016   Double  无可用尺码
2301,1,OK,225,无可用尺码,皮卡,Land Rover,Defender,1995,,,Double,,无可用尺码,225: Land Rover Defender 1983-2016   Double  无可用尺码
2302,1,OK,225,无可用尺码,皮卡,Land Rover,Defender,1996,,,Double,,无可用尺码,225: Land Rover Defender 1983-2016   Double  无可用尺码
2303,1,OK,225,无可用尺码,皮卡,Land Rover,Defender,1997,,,Double,,无可用尺码,225: Land Rover Defender 1983-2016   Double  无可用尺码
2304,1,OK,225,无可用尺码,皮卡,Land Rover,Defender,1998,,,Double,,无可用尺码,225: Land Rover Defender 1983-2016   Double  无可用尺码
2305,1,OK,225,无可用尺码,皮卡,Land Rover,Defender,1999,,,Double,,无可用尺码,225: Land Rover Defender 1983-2016   Double  无可用尺码
2306,1,OK,225,无可用尺码,皮卡,Land Rover,Defender,2000,,,Double,,无可用尺码,225: Land Rover Defender 1983-2016   Double  无可用尺码
2307,1,OK,225,无可用尺码,皮卡,Land Rover,Defender,2001,,,Double,,无可用尺码,225: Land Rover Defender 1983-2016   Double  无可用尺码
2308,1,OK,225,无可用尺码,皮卡,Land Rover,Defender,2002,,,Double,,无可用尺码,225: Land Rover Defender 1983-2016   Double  无可用尺码
2309,1,OK,225,无可用尺码,皮卡,Land Rover,Defender,2003,,,Double,,无可用尺码,225: Land Rover Defender 1983-2016   Double  无可用尺码
2310,1,OK,225,无可用尺码,皮卡,Land Rover,Defender,2004,,,Double,,无可用尺码,225: Land Rover Defender 1983-2016   Double  无可用尺码
2311,1,OK,225,无可用尺码,皮卡,Land Rover,Defender,2005,,,Double,,无可用尺码,225: Land Rover Defender 1983-2016   Double  无可用尺码
2312,1,OK,225,无可用尺码,皮卡,Land Rover,Defender,2006,,,Double,,无可用尺码,225: Land Rover Defender 1983-2016   Double  无可用尺码
2313,1,OK,225,无可用尺码,皮卡,Land Rover,Defender,2007,,,Double,,无可用尺码,225: Land Rover Defender 1983-2016   Double  无可用尺码
2314,1,OK,225,无可用尺码,皮卡,Land Rover,Defender,2008,,,Double,,无可用尺码,225: Land Rover Defender 1983-2016   Double  无可用尺码
2315,1,OK,225,无可用尺码,皮卡,Land Rover,Defender,2009,,,Double,,无可用尺码,225: Land Rover Defender 1983-2016   Double  无可用尺码
2316,1,OK,225,无可用尺码,皮卡,Land Rover,Defender,2010,,,Double,,无可用尺码,225: Land Rover Defender 1983-2016   Double  无可用尺码
2317,1,OK,225,无可用尺码,皮卡,Land Rover,Defender,2011,,,Double,,无可用尺码,225: Land Rover Defender 1983-2016   Double  无可用尺码
2318,1,OK,225,无可用尺码,皮卡,Land Rover,Defender,2012,,,Double,,无可用尺码,225: Land Rover Defender 1983-2016   Double  无可用尺码
2319,1,OK,225,无可用尺码,皮卡,Land Rover,Defender,2013,,,Double,,无可用尺码,225: Land Rover Defender 1983-2016   Double  无可用尺码
2320,1,OK,225,无可用尺码,皮卡,Land Rover,Defender,2014,,,Double,,无可用尺码,225: Land Rover Defender 1983-2016   Double  无可用尺码
2321,1,OK,225,无可用尺码,皮卡,Land Rover,Defender,2015,,,Double,,无可用尺码,225: Land Rover Defender 1983-2016   Double  无可用尺码
2322,1,OK,225,无可用尺码,皮卡,Land Rover,Defender,2016,,,Double,,无可用尺码,225: Land Rover Defender 1983-2016   Double  无可用尺码
2323,1,OK,226,无可用尺码,皮卡,Land Rover,Series II,1958,,,Regular,,无可用尺码,226: Land Rover Series II 1958-1971   Regular  无可用尺码
2324,1,OK,226,无可用尺码,皮卡,Land Rover,Series II,1959,,,Regular,,无可用尺码,226: Land Rover Series II 1958-1971   Regular  无可用尺码
2325,1,OK,226,无可用尺码,皮卡,Land Rover,Series II,1960,,,Regular,,无可用尺码,226: Land Rover Series II 1958-1971   Regular  无可用尺码
2326,1,OK,226,无可用尺码,皮卡,Land Rover,Series II,1961,,,Regular,,无可用尺码,226: Land Rover Series II 1958-1971   Regular  无可用尺码
2327,1,OK,226,无可用尺码,皮卡,Land Rover,Series II,1962,,,Regular,,无可用尺码,226: Land Rover Series II 1958-1971   Regular  无可用尺码
2328,1,OK,226,无可用尺码,皮卡,Land Rover,Series II,1963,,,Regular,,无可用尺码,226: Land Rover Series II 1958-1971   Regular  无可用尺码
2329,1,OK,226,无可用尺码,皮卡,Land Rover,Series II,1964,,,Regular,,无可用尺码,226: Land Rover Series II 1958-1971   Regular  无可用尺码
2330,1,OK,226,无可用尺码,皮卡,Land Rover,Series II,1965,,,Regular,,无可用尺码,226: Land Rover Series II 1958-1971   Regular  无可用尺码
2331,1,OK,226,无可用尺码,皮卡,Land Rover,Series II,1966,,,Regular,,无可用尺码,226: Land Rover Series II 1958-1971   Regular  无可用尺码
2332,1,OK,226,无可用尺码,皮卡,Land Rover,Series II,1967,,,Regular,,无可用尺码,226: Land Rover Series II 1958-1971   Regular  无可用尺码
2333,1,OK,226,无可用尺码,皮卡,Land Rover,Series II,1968,,,Regular,,无可用尺码,226: Land Rover Series II 1958-1971   Regular  无可用尺码
2334,1,OK,226,无可用尺码,皮卡,Land Rover,Series II,1969,,,Regular,,无可用尺码,226: Land Rover Series II 1958-1971   Regular  无可用尺码
2335,1,OK,226,无可用尺码,皮卡,Land Rover,Series II,1970,,,Regular,,无可用尺码,226: Land Rover Series II 1958-1971   Regular  无可用尺码
2336,1,OK,226,无可用尺码,皮卡,Land Rover,Series II,1971,,,Regular,,无可用尺码,226: Land Rover Series II 1958-1971   Regular  无可用尺码
2337,1,OK,227,PK-L,皮卡,Lincoln,Blackwood,2001,,,Double,,PK-L,227: Lincoln Blackwood 2001-2002   Double  PK-L
2338,1,OK,227,PK-L,皮卡,Lincoln,Blackwood,2002,,,Double,,PK-L,227: Lincoln Blackwood 2001-2002   Double  PK-L
2339,1,OK,228,PK-L,皮卡,Lincoln,Mark LT,2005,,,Double,,PK-L,228: Lincoln Mark LT 2005-2014   Double  PK-L
2340,1,OK,228,PK-L,皮卡,Lincoln,Mark LT,2006,,,Double,,PK-L,228: Lincoln Mark LT 2005-2014   Double  PK-L
2341,1,OK,228,PK-L,皮卡,Lincoln,Mark LT,2007,,,Double,,PK-L,228: Lincoln Mark LT 2005-2014   Double  PK-L
2342,1,OK,228,PK-L,皮卡,Lincoln,Mark LT,2008,,,Double,,PK-L,228: Lincoln Mark LT 2005-2014   Double  PK-L
2343,1,OK,228,PK-L,皮卡,Lincoln,Mark LT,2009,,,Double,,PK-L,228: Lincoln Mark LT 2005-2014   Double  PK-L
2344,1,OK,228,PK-L,皮卡,Lincoln,Mark LT,2010,,,Double,,PK-L,228: Lincoln Mark LT 2005-2014   Double  PK-L
2345,1,OK,228,PK-L,皮卡,Lincoln,Mark LT,2011,,,Double,,PK-L,228: Lincoln Mark LT 2005-2014   Double  PK-L
2346,1,OK,228,PK-L,皮卡,Lincoln,Mark LT,2012,,,Double,,PK-L,228: Lincoln Mark LT 2005-2014   Double  PK-L
2347,1,OK,228,PK-L,皮卡,Lincoln,Mark LT,2013,,,Double,,PK-L,228: Lincoln Mark LT 2005-2014   Double  PK-L
2348,1,OK,228,PK-L,皮卡,Lincoln,Mark LT,2014,,,Double,,PK-L,228: Lincoln Mark LT 2005-2014   Double  PK-L
2349,1,OK,229,PK-M+,皮卡,MG,T60,2021,,,Double,,PK-M+,229: MG T60 2021-2026   Double  PK-M+
2350,1,OK,229,PK-M+,皮卡,MG,T60,2022,,,Double,,PK-M+,229: MG T60 2021-2026   Double  PK-M+
2351,1,OK,229,PK-M+,皮卡,MG,T60,2023,,,Double,,PK-M+,229: MG T60 2021-2026   Double  PK-M+
2352,1,OK,229,PK-M+,皮卡,MG,T60,2024,,,Double,,PK-M+,229: MG T60 2021-2026   Double  PK-M+
2353,1,OK,229,PK-M+,皮卡,MG,T60,2025,,,Double,,PK-M+,229: MG T60 2021-2026   Double  PK-M+
2354,1,OK,229,PK-M+,皮卡,MG,T60,2026,,,Double,,PK-M+,229: MG T60 2021-2026   Double  PK-M+
2355,1,OK,230,PK-M+,皮卡,MG,U9,2025,,,Double,,PK-M+,230: MG U9 2025-2026   Double  PK-M+
2356,1,OK,230,PK-M+,皮卡,MG,U9,2026,,,Double,,PK-M+,230: MG U9 2025-2026   Double  PK-M+
2357,1,OK,231,无可用尺码,皮卡,Mahindra,MM,1990,,,Double,,无可用尺码,231: Mahindra MM 1990-2000   Double  无可用尺码
2358,1,OK,231,无可用尺码,皮卡,Mahindra,MM,1991,,,Double,,无可用尺码,231: Mahindra MM 1990-2000   Double  无可用尺码
2359,1,OK,231,无可用尺码,皮卡,Mahindra,MM,1992,,,Double,,无可用尺码,231: Mahindra MM 1990-2000   Double  无可用尺码
2360,1,OK,231,无可用尺码,皮卡,Mahindra,MM,1993,,,Double,,无可用尺码,231: Mahindra MM 1990-2000   Double  无可用尺码
2361,1,OK,231,无可用尺码,皮卡,Mahindra,MM,1994,,,Double,,无可用尺码,231: Mahindra MM 1990-2000   Double  无可用尺码
2362,1,OK,231,无可用尺码,皮卡,Mahindra,MM,1995,,,Double,,无可用尺码,231: Mahindra MM 1990-2000   Double  无可用尺码
2363,1,OK,231,无可用尺码,皮卡,Mahindra,MM,1996,,,Double,,无可用尺码,231: Mahindra MM 1990-2000   Double  无可用尺码
2364,1,OK,231,无可用尺码,皮卡,Mahindra,MM,1997,,,Double,,无可用尺码,231: Mahindra MM 1990-2000   Double  无可用尺码
2365,1,OK,231,无可用尺码,皮卡,Mahindra,MM,1998,,,Double,,无可用尺码,231: Mahindra MM 1990-2000   Double  无可用尺码
2366,1,OK,231,无可用尺码,皮卡,Mahindra,MM,1999,,,Double,,无可用尺码,231: Mahindra MM 1990-2000   Double  无可用尺码
2367,1,OK,231,无可用尺码,皮卡,Mahindra,MM,2000,,,Double,,无可用尺码,231: Mahindra MM 1990-2000   Double  无可用尺码
2368,1,OK,232,PK-M+,皮卡,Maxus,Interstellar,2023,H,,Double,,PK-M+,232: Maxus Interstellar 2023-2026 H  Double  PK-M+
2369,1,OK,233,PK-M+,皮卡,Maxus,Interstellar,2023,X,,Double,,PK-M+,233: Maxus Interstellar 2023-2026 X  Double  PK-M+
2370,1,OK,232,PK-M+,皮卡,Maxus,Interstellar,2024,H,,Double,,PK-M+,232: Maxus Interstellar 2023-2026 H  Double  PK-M+
2371,1,OK,233,PK-M+,皮卡,Maxus,Interstellar,2024,X,,Double,,PK-M+,233: Maxus Interstellar 2023-2026 X  Double  PK-M+
2372,1,OK,232,PK-M+,皮卡,Maxus,Interstellar,2025,H,,Double,,PK-M+,232: Maxus Interstellar 2023-2026 H  Double  PK-M+
2373,1,OK,233,PK-M+,皮卡,Maxus,Interstellar,2025,X,,Double,,PK-M+,233: Maxus Interstellar 2023-2026 X  Double  PK-M+
2374,1,OK,232,PK-M+,皮卡,Maxus,Interstellar,2026,H,,Double,,PK-M+,232: Maxus Interstellar 2023-2026 H  Double  PK-M+
2375,1,OK,233,PK-M+,皮卡,Maxus,Interstellar,2026,X,,Double,,PK-M+,233: Maxus Interstellar 2023-2026 X  Double  PK-M+
2376,1,OK,234,PK-M+,皮卡,Maxus,T70,2019,,,Double,,PK-M+,234: Maxus T70 2019-2023   Double  PK-M+
2377,1,OK,234,PK-M+,皮卡,Maxus,T70,2020,,,Double,,PK-M+,234: Maxus T70 2019-2023   Double  PK-M+
2378,1,OK,234,PK-M+,皮卡,Maxus,T70,2021,,,Double,,PK-M+,234: Maxus T70 2019-2023   Double  PK-M+
2379,1,OK,234,PK-M+,皮卡,Maxus,T70,2022,,,Double,,PK-M+,234: Maxus T70 2019-2023   Double  PK-M+
2380,1,OK,234,PK-M+,皮卡,Maxus,T70,2023,,,Double,,PK-M+,234: Maxus T70 2019-2023   Double  PK-M+
2381,1,OK,236,PK-L,皮卡,Maxus,T90,2021,LWB,,Double,,PK-L,236: Maxus T90 2021-2023 LWB  Double  PK-L
2382,1,OK,235,PK-M+,皮卡,Maxus,T90,2021,,,Double,,PK-M+,235: Maxus T90 2021-2023   Double  PK-M+
2383,1,OK,236,PK-L,皮卡,Maxus,T90,2022,LWB,,Double,,PK-L,236: Maxus T90 2021-2023 LWB  Double  PK-L
2384,1,OK,235,PK-M+,皮卡,Maxus,T90,2022,,,Double,,PK-M+,235: Maxus T90 2021-2023   Double  PK-M+
2385,1,OK,236,PK-L,皮卡,Maxus,T90,2023,LWB,,Double,,PK-L,236: Maxus T90 2021-2023 LWB  Double  PK-L
2386,1,OK,235,PK-M+,皮卡,Maxus,T90,2023,,,Double,,PK-M+,235: Maxus T90 2021-2023   Double  PK-M+
2387,1,OK,237,无可用尺码,皮卡,Mazda,B-series,1985,,,Extended,,无可用尺码,237: Mazda B-series 1985-1998   Extended  无可用尺码
2388,1,OK,237,无可用尺码,皮卡,Mazda,B-series,1986,,,Extended,,无可用尺码,237: Mazda B-series 1985-1998   Extended  无可用尺码
2389,1,OK,237,无可用尺码,皮卡,Mazda,B-series,1987,,,Extended,,无可用尺码,237: Mazda B-series 1985-1998   Extended  无可用尺码
2390,1,OK,237,无可用尺码,皮卡,Mazda,B-series,1988,,,Extended,,无可用尺码,237: Mazda B-series 1985-1998   Extended  无可用尺码
2391,1,OK,237,无可用尺码,皮卡,Mazda,B-series,1989,,,Extended,,无可用尺码,237: Mazda B-series 1985-1998   Extended  无可用尺码
2392,1,OK,237,无可用尺码,皮卡,Mazda,B-series,1990,,,Extended,,无可用尺码,237: Mazda B-series 1985-1998   Extended  无可用尺码
2393,1,OK,237,无可用尺码,皮卡,Mazda,B-series,1991,,,Extended,,无可用尺码,237: Mazda B-series 1985-1998   Extended  无可用尺码
2394,1,OK,237,无可用尺码,皮卡,Mazda,B-series,1992,,,Extended,,无可用尺码,237: Mazda B-series 1985-1998   Extended  无可用尺码
2395,1,OK,237,无可用尺码,皮卡,Mazda,B-series,1993,,,Extended,,无可用尺码,237: Mazda B-series 1985-1998   Extended  无可用尺码
2396,1,OK,237,无可用尺码,皮卡,Mazda,B-series,1994,,,Extended,,无可用尺码,237: Mazda B-series 1985-1998   Extended  无可用尺码
2397,1,OK,237,无可用尺码,皮卡,Mazda,B-series,1995,,,Extended,,无可用尺码,237: Mazda B-series 1985-1998   Extended  无可用尺码
2398,1,OK,237,无可用尺码,皮卡,Mazda,B-series,1996,,,Extended,,无可用尺码,237: Mazda B-series 1985-1998   Extended  无可用尺码
2399,1,OK,238,PK-M,皮卡,Mazda,B-series,1997,,,Double,,PK-M,238: Mazda B-series 1997-2006   Double  PK-M
2400,2,MULTI,237/239,PK-M/无可用尺码,皮卡,Mazda,B-series,1997,,,Extended,,PK-M,237: Mazda B-series 1985-1998   Extended  无可用尺码 || 239: Mazda B-series 1997-2006   Extended  PK-M
2401,1,OK,240,PK-M,皮卡,Mazda,B-series,1997,,,Regular,,PK-M,240: Mazda B-series 1997-2006   Regular  PK-M
2402,2,MULTI,237/239,PK-M/无可用尺码,皮卡,Mazda,B-series,1997,,,Extended,,无可用尺码,237: Mazda B-series 1985-1998   Extended  无可用尺码 || 239: Mazda B-series 1997-2006   Extended  PK-M
2403,1,OK,238,PK-M,皮卡,Mazda,B-series,1998,,,Double,,PK-M,238: Mazda B-series 1997-2006   Double  PK-M
2404,2,MULTI,237/239,PK-M/无可用尺码,皮卡,Mazda,B-series,1998,,,Extended,,PK-M,237: Mazda B-series 1985-1998   Extended  无可用尺码 || 239: Mazda B-series 1997-2006   Extended  PK-M
2405,1,OK,240,PK-M,皮卡,Mazda,B-series,1998,,,Regular,,PK-M,240: Mazda B-series 1997-2006   Regular  PK-M
2406,2,MULTI,237/239,PK-M/无可用尺码,皮卡,Mazda,B-series,1998,,,Extended,,无可用尺码,237: Mazda B-series 1985-1998   Extended  无可用尺码 || 239: Mazda B-series 1997-2006   Extended  PK-M
2407,1,OK,238,PK-M,皮卡,Mazda,B-series,1999,,,Double,,PK-M,238: Mazda B-series 1997-2006   Double  PK-M
2408,1,OK,239,PK-M,皮卡,Mazda,B-series,1999,,,Extended,,PK-M,239: Mazda B-series 1997-2006   Extended  PK-M
2409,1,OK,240,PK-M,皮卡,Mazda,B-series,1999,,,Regular,,PK-M,240: Mazda B-series 1997-2006   Regular  PK-M
2410,1,OK,238,PK-M,皮卡,Mazda,B-series,2000,,,Double,,PK-M,238: Mazda B-series 1997-2006   Double  PK-M
2411,1,OK,239,PK-M,皮卡,Mazda,B-series,2000,,,Extended,,PK-M,239: Mazda B-series 1997-2006   Extended  PK-M
2412,1,OK,240,PK-M,皮卡,Mazda,B-series,2000,,,Regular,,PK-M,240: Mazda B-series 1997-2006   Regular  PK-M
2413,1,OK,238,PK-M,皮卡,Mazda,B-series,2001,,,Double,,PK-M,238: Mazda B-series 1997-2006   Double  PK-M
2414,1,OK,239,PK-M,皮卡,Mazda,B-series,2001,,,Extended,,PK-M,239: Mazda B-series 1997-2006   Extended  PK-M
2415,1,OK,240,PK-M,皮卡,Mazda,B-series,2001,,,Regular,,PK-M,240: Mazda B-series 1997-2006   Regular  PK-M
2416,1,OK,238,PK-M,皮卡,Mazda,B-series,2002,,,Double,,PK-M,238: Mazda B-series 1997-2006   Double  PK-M
2417,1,OK,239,PK-M,皮卡,Mazda,B-series,2002,,,Extended,,PK-M,239: Mazda B-series 1997-2006   Extended  PK-M
2418,1,OK,240,PK-M,皮卡,Mazda,B-series,2002,,,Regular,,PK-M,240: Mazda B-series 1997-2006   Regular  PK-M
2419,1,OK,238,PK-M,皮卡,Mazda,B-series,2003,,,Double,,PK-M,238: Mazda B-series 1997-2006   Double  PK-M
2420,1,OK,239,PK-M,皮卡,Mazda,B-series,2003,,,Extended,,PK-M,239: Mazda B-series 1997-2006   Extended  PK-M
2421,1,OK,240,PK-M,皮卡,Mazda,B-series,2003,,,Regular,,PK-M,240: Mazda B-series 1997-2006   Regular  PK-M
2422,1,OK,238,PK-M,皮卡,Mazda,B-series,2004,,,Double,,PK-M,238: Mazda B-series 1997-2006   Double  PK-M
2423,1,OK,239,PK-M,皮卡,Mazda,B-series,2004,,,Extended,,PK-M,239: Mazda B-series 1997-2006   Extended  PK-M
2424,1,OK,240,PK-M,皮卡,Mazda,B-series,2004,,,Regular,,PK-M,240: Mazda B-series 1997-2006   Regular  PK-M
2425,1,OK,238,PK-M,皮卡,Mazda,B-series,2005,,,Double,,PK-M,238: Mazda B-series 1997-2006   Double  PK-M
2426,1,OK,239,PK-M,皮卡,Mazda,B-series,2005,,,Extended,,PK-M,239: Mazda B-series 1997-2006   Extended  PK-M
2427,1,OK,240,PK-M,皮卡,Mazda,B-series,2005,,,Regular,,PK-M,240: Mazda B-series 1997-2006   Regular  PK-M
2428,1,OK,238,PK-M,皮卡,Mazda,B-series,2006,,,Double,,PK-M,238: Mazda B-series 1997-2006   Double  PK-M
2429,1,OK,239,PK-M,皮卡,Mazda,B-series,2006,,,Extended,,PK-M,239: Mazda B-series 1997-2006   Extended  PK-M
2430,1,OK,240,PK-M,皮卡,Mazda,B-series,2006,,,Regular,,PK-M,240: Mazda B-series 1997-2006   Regular  PK-M
2431,1,OK,241,PK-M,皮卡,Mazda,BT-50,2006,,,Double,,PK-M,241: Mazda BT-50 2006-2011   Double  PK-M
2432,1,OK,241,PK-M,皮卡,Mazda,BT-50,2007,,,Double,,PK-M,241: Mazda BT-50 2006-2011   Double  PK-M
2433,1,OK,241,PK-M,皮卡,Mazda,BT-50,2008,,,Double,,PK-M,241: Mazda BT-50 2006-2011   Double  PK-M
2434,1,OK,241,PK-M,皮卡,Mazda,BT-50,2009,,,Double,,PK-M,241: Mazda BT-50 2006-2011   Double  PK-M
2435,1,OK,241,PK-M,皮卡,Mazda,BT-50,2010,,,Double,,PK-M,241: Mazda BT-50 2006-2011   Double  PK-M
2436,2,MULTI,241/243,PK-M/PK-M+,皮卡,Mazda,BT-50,2011,,,Double,,PK-M,241: Mazda BT-50 2006-2011   Double  PK-M || 243: Mazda BT-50 2011-2020   Double  PK-M+
2437,1,OK,242,PK-M,皮卡,Mazda,BT-50,2011,,,Extended,,PK-M,242: Mazda BT-50 2011-2015   Extended  PK-M
2438,2,MULTI,241/243,PK-M/PK-M+,皮卡,Mazda,BT-50,2011,,,Double,,PK-M+,241: Mazda BT-50 2006-2011   Double  PK-M || 243: Mazda BT-50 2011-2020   Double  PK-M+
2439,1,OK,242,PK-M,皮卡,Mazda,BT-50,2012,,,Extended,,PK-M,242: Mazda BT-50 2011-2015   Extended  PK-M
2440,1,OK,243,PK-M+,皮卡,Mazda,BT-50,2012,,,Double,,PK-M+,243: Mazda BT-50 2011-2020   Double  PK-M+
2441,1,OK,242,PK-M,皮卡,Mazda,BT-50,2013,,,Extended,,PK-M,242: Mazda BT-50 2011-2015   Extended  PK-M
2442,1,OK,243,PK-M+,皮卡,Mazda,BT-50,2013,,,Double,,PK-M+,243: Mazda BT-50 2011-2020   Double  PK-M+
2443,1,OK,242,PK-M,皮卡,Mazda,BT-50,2014,,,Extended,,PK-M,242: Mazda BT-50 2011-2015   Extended  PK-M
2444,1,OK,243,PK-M+,皮卡,Mazda,BT-50,2014,,,Double,,PK-M+,243: Mazda BT-50 2011-2020   Double  PK-M+
2445,1,OK,242,PK-M,皮卡,Mazda,BT-50,2015,,,Extended,,PK-M,242: Mazda BT-50 2011-2015   Extended  PK-M
2446,1,OK,243,PK-M+,皮卡,Mazda,BT-50,2015,,,Double,,PK-M+,243: Mazda BT-50 2011-2020   Double  PK-M+
2447,1,OK,243,PK-M+,皮卡,Mazda,BT-50,2016,,,Double,,PK-M+,243: Mazda BT-50 2011-2020   Double  PK-M+
2448,1,OK,243,PK-M+,皮卡,Mazda,BT-50,2017,,,Double,,PK-M+,243: Mazda BT-50 2011-2020   Double  PK-M+
2449,1,OK,243,PK-M+,皮卡,Mazda,BT-50,2018,,,Double,,PK-M+,243: Mazda BT-50 2011-2020   Double  PK-M+
2450,1,OK,243,PK-M+,皮卡,Mazda,BT-50,2019,,,Double,,PK-M+,243: Mazda BT-50 2011-2020   Double  PK-M+
2451,2,MULTI,243/244,PK-M/PK-M+,皮卡,Mazda,BT-50,2020,,,Double,,PK-M,243: Mazda BT-50 2011-2020   Double  PK-M+ || 244: Mazda BT-50 2020-2026   Double  PK-M
2452,2,MULTI,243/244,PK-M/PK-M+,皮卡,Mazda,BT-50,2020,,,Double,,PK-M+,243: Mazda BT-50 2011-2020   Double  PK-M+ || 244: Mazda BT-50 2020-2026   Double  PK-M
2453,1,OK,244,PK-M,皮卡,Mazda,BT-50,2021,,,Double,,PK-M,244: Mazda BT-50 2020-2026   Double  PK-M
2454,1,OK,244,PK-M,皮卡,Mazda,BT-50,2022,,,Double,,PK-M,244: Mazda BT-50 2020-2026   Double  PK-M
2455,1,OK,244,PK-M,皮卡,Mazda,BT-50,2023,,,Double,,PK-M,244: Mazda BT-50 2020-2026   Double  PK-M
2456,1,OK,244,PK-M,皮卡,Mazda,BT-50,2024,,,Double,,PK-M,244: Mazda BT-50 2020-2026   Double  PK-M
2457,1,OK,244,PK-M,皮卡,Mazda,BT-50,2025,,,Double,,PK-M,244: Mazda BT-50 2020-2026   Double  PK-M
2458,1,OK,244,PK-M,皮卡,Mazda,BT-50,2026,,,Double,,PK-M,244: Mazda BT-50 2020-2026   Double  PK-M
2459,1,OK,245,无可用尺码,皮卡,Mazda,Proceed,1961,,,Double,,无可用尺码,245: Mazda Proceed 1961-1965   Double  无可用尺码
2460,1,OK,246,无可用尺码,皮卡,Mazda,Proceed,1961,,,Regular,,无可用尺码,246: Mazda Proceed 1961-1977   Regular  无可用尺码
2461,1,OK,245,无可用尺码,皮卡,Mazda,Proceed,1962,,,Double,,无可用尺码,245: Mazda Proceed 1961-1965   Double  无可用尺码
2462,1,OK,246,无可用尺码,皮卡,Mazda,Proceed,1962,,,Regular,,无可用尺码,246: Mazda Proceed 1961-1977   Regular  无可用尺码
2463,1,OK,245,无可用尺码,皮卡,Mazda,Proceed,1963,,,Double,,无可用尺码,245: Mazda Proceed 1961-1965   Double  无可用尺码
2464,1,OK,246,无可用尺码,皮卡,Mazda,Proceed,1963,,,Regular,,无可用尺码,246: Mazda Proceed 1961-1977   Regular  无可用尺码
2465,1,OK,245,无可用尺码,皮卡,Mazda,Proceed,1964,,,Double,,无可用尺码,245: Mazda Proceed 1961-1965   Double  无可用尺码
2466,1,OK,246,无可用尺码,皮卡,Mazda,Proceed,1964,,,Regular,,无可用尺码,246: Mazda Proceed 1961-1977   Regular  无可用尺码
2467,1,OK,245,无可用尺码,皮卡,Mazda,Proceed,1965,,,Double,,无可用尺码,245: Mazda Proceed 1961-1965   Double  无可用尺码
2468,1,OK,246,无可用尺码,皮卡,Mazda,Proceed,1965,,,Regular,,无可用尺码,246: Mazda Proceed 1961-1977   Regular  无可用尺码
2469,1,OK,246,无可用尺码,皮卡,Mazda,Proceed,1966,,,Regular,,无可用尺码,246: Mazda Proceed 1961-1977   Regular  无可用尺码
2470,1,OK,246,无可用尺码,皮卡,Mazda,Proceed,1967,,,Regular,,无可用尺码,246: Mazda Proceed 1961-1977   Regular  无可用尺码
2471,1,OK,246,无可用尺码,皮卡,Mazda,Proceed,1968,,,Regular,,无可用尺码,246: Mazda Proceed 1961-1977   Regular  无可用尺码
2472,1,OK,246,无可用尺码,皮卡,Mazda,Proceed,1969,,,Regular,,无可用尺码,246: Mazda Proceed 1961-1977   Regular  无可用尺码
2473,1,OK,246,无可用尺码,皮卡,Mazda,Proceed,1970,,,Regular,,无可用尺码,246: Mazda Proceed 1961-1977   Regular  无可用尺码
2474,1,OK,246,无可用尺码,皮卡,Mazda,Proceed,1971,,,Regular,,无可用尺码,246: Mazda Proceed 1961-1977   Regular  无可用尺码
2475,1,OK,246,无可用尺码,皮卡,Mazda,Proceed,1972,,,Regular,,无可用尺码,246: Mazda Proceed 1961-1977   Regular  无可用尺码
2476,1,OK,246,无可用尺码,皮卡,Mazda,Proceed,1973,,,Regular,,无可用尺码,246: Mazda Proceed 1961-1977   Regular  无可用尺码
2477,1,OK,246,无可用尺码,皮卡,Mazda,Proceed,1974,,,Regular,,无可用尺码,246: Mazda Proceed 1961-1977   Regular  无可用尺码
2478,1,OK,246,无可用尺码,皮卡,Mazda,Proceed,1975,,,Regular,,无可用尺码,246: Mazda Proceed 1961-1977   Regular  无可用尺码
2479,1,OK,246,无可用尺码,皮卡,Mazda,Proceed,1976,,,Regular,,无可用尺码,246: Mazda Proceed 1961-1977   Regular  无可用尺码
2480,1,OK,247,PK-M,皮卡,Mazda,Proceed,1977,,,Double,,PK-M,247: Mazda Proceed 1977-1985   Double  PK-M
2481,1,OK,248,无可用尺码,皮卡,Mazda,Proceed,1977,,,Extended,,无可用尺码,248: Mazda Proceed 1977-1985   Extended  无可用尺码
2482,1,OK,246,无可用尺码,皮卡,Mazda,Proceed,1977,,,Regular,,无可用尺码,246: Mazda Proceed 1961-1977   Regular  无可用尺码
2483,1,OK,247,PK-M,皮卡,Mazda,Proceed,1978,,,Double,,PK-M,247: Mazda Proceed 1977-1985   Double  PK-M
2484,1,OK,248,无可用尺码,皮卡,Mazda,Proceed,1978,,,Extended,,无可用尺码,248: Mazda Proceed 1977-1985   Extended  无可用尺码
2485,1,OK,247,PK-M,皮卡,Mazda,Proceed,1979,,,Double,,PK-M,247: Mazda Proceed 1977-1985   Double  PK-M
2486,1,OK,248,无可用尺码,皮卡,Mazda,Proceed,1979,,,Extended,,无可用尺码,248: Mazda Proceed 1977-1985   Extended  无可用尺码
2487,1,OK,247,PK-M,皮卡,Mazda,Proceed,1980,,,Double,,PK-M,247: Mazda Proceed 1977-1985   Double  PK-M
2488,1,OK,248,无可用尺码,皮卡,Mazda,Proceed,1980,,,Extended,,无可用尺码,248: Mazda Proceed 1977-1985   Extended  无可用尺码
2489,1,OK,247,PK-M,皮卡,Mazda,Proceed,1981,,,Double,,PK-M,247: Mazda Proceed 1977-1985   Double  PK-M
2490,1,OK,248,无可用尺码,皮卡,Mazda,Proceed,1981,,,Extended,,无可用尺码,248: Mazda Proceed 1977-1985   Extended  无可用尺码
2491,1,OK,247,PK-M,皮卡,Mazda,Proceed,1982,,,Double,,PK-M,247: Mazda Proceed 1977-1985   Double  PK-M
2492,1,OK,248,无可用尺码,皮卡,Mazda,Proceed,1982,,,Extended,,无可用尺码,248: Mazda Proceed 1977-1985   Extended  无可用尺码
2493,1,OK,247,PK-M,皮卡,Mazda,Proceed,1983,,,Double,,PK-M,247: Mazda Proceed 1977-1985   Double  PK-M
2494,1,OK,248,无可用尺码,皮卡,Mazda,Proceed,1983,,,Extended,,无可用尺码,248: Mazda Proceed 1977-1985   Extended  无可用尺码
2495,1,OK,247,PK-M,皮卡,Mazda,Proceed,1984,,,Double,,PK-M,247: Mazda Proceed 1977-1985   Double  PK-M
2496,1,OK,248,无可用尺码,皮卡,Mazda,Proceed,1984,,,Extended,,无可用尺码,248: Mazda Proceed 1977-1985   Extended  无可用尺码
2497,1,OK,247,PK-M,皮卡,Mazda,Proceed,1985,,,Double,,PK-M,247: Mazda Proceed 1977-1985   Double  PK-M
2498,2,MULTI,248/249,PK-M/无可用尺码,皮卡,Mazda,Proceed,1985,,,Extended,,PK-M,248: Mazda Proceed 1977-1985   Extended  无可用尺码 || 249: Mazda Proceed 1985-2006   Extended  PK-M
2499,2,MULTI,248/249,PK-M/无可用尺码,皮卡,Mazda,Proceed,1985,,,Extended,,无可用尺码,248: Mazda Proceed 1977-1985   Extended  无可用尺码 || 249: Mazda Proceed 1985-2006   Extended  PK-M
2500,1,OK,249,PK-M,皮卡,Mazda,Proceed,1986,,,Extended,,PK-M,249: Mazda Proceed 1985-2006   Extended  PK-M
2501,1,OK,249,PK-M,皮卡,Mazda,Proceed,1987,,,Extended,,PK-M,249: Mazda Proceed 1985-2006   Extended  PK-M
2502,1,OK,249,PK-M,皮卡,Mazda,Proceed,1988,,,Extended,,PK-M,249: Mazda Proceed 1985-2006   Extended  PK-M
2503,1,OK,249,PK-M,皮卡,Mazda,Proceed,1989,,,Extended,,PK-M,249: Mazda Proceed 1985-2006   Extended  PK-M
2504,1,OK,249,PK-M,皮卡,Mazda,Proceed,1990,,,Extended,,PK-M,249: Mazda Proceed 1985-2006   Extended  PK-M
2505,1,OK,249,PK-M,皮卡,Mazda,Proceed,1991,,,Extended,,PK-M,249: Mazda Proceed 1985-2006   Extended  PK-M
2506,1,OK,249,PK-M,皮卡,Mazda,Proceed,1992,,,Extended,,PK-M,249: Mazda Proceed 1985-2006   Extended  PK-M
2507,1,OK,249,PK-M,皮卡,Mazda,Proceed,1993,,,Extended,,PK-M,249: Mazda Proceed 1985-2006   Extended  PK-M
2508,1,OK,249,PK-M,皮卡,Mazda,Proceed,1994,,,Extended,,PK-M,249: Mazda Proceed 1985-2006   Extended  PK-M
2509,1,OK,249,PK-M,皮卡,Mazda,Proceed,1995,,,Extended,,PK-M,249: Mazda Proceed 1985-2006   Extended  PK-M
2510,1,OK,249,PK-M,皮卡,Mazda,Proceed,1996,,,Extended,,PK-M,249: Mazda Proceed 1985-2006   Extended  PK-M
2511,1,OK,249,PK-M,皮卡,Mazda,Proceed,1997,,,Extended,,PK-M,249: Mazda Proceed 1985-2006   Extended  PK-M
2512,1,OK,249,PK-M,皮卡,Mazda,Proceed,1998,,,Extended,,PK-M,249: Mazda Proceed 1985-2006   Extended  PK-M
2513,1,OK,250,无可用尺码,皮卡,Mazda,Proceed,1998,,,Double,,无可用尺码,250: Mazda Proceed 1998-2006   Double  无可用尺码
2514,1,OK,249,PK-M,皮卡,Mazda,Proceed,1999,,,Extended,,PK-M,249: Mazda Proceed 1985-2006   Extended  PK-M
2515,1,OK,250,无可用尺码,皮卡,Mazda,Proceed,1999,,,Double,,无可用尺码,250: Mazda Proceed 1998-2006   Double  无可用尺码
2516,1,OK,249,PK-M,皮卡,Mazda,Proceed,2000,,,Extended,,PK-M,249: Mazda Proceed 1985-2006   Extended  PK-M
2517,1,OK,250,无可用尺码,皮卡,Mazda,Proceed,2000,,,Double,,无可用尺码,250: Mazda Proceed 1998-2006   Double  无可用尺码
2518,1,OK,249,PK-M,皮卡,Mazda,Proceed,2001,,,Extended,,PK-M,249: Mazda Proceed 1985-2006   Extended  PK-M
2519,1,OK,250,无可用尺码,皮卡,Mazda,Proceed,2001,,,Double,,无可用尺码,250: Mazda Proceed 1998-2006   Double  无可用尺码
2520,1,OK,249,PK-M,皮卡,Mazda,Proceed,2002,,,Extended,,PK-M,249: Mazda Proceed 1985-2006   Extended  PK-M
2521,1,OK,250,无可用尺码,皮卡,Mazda,Proceed,2002,,,Double,,无可用尺码,250: Mazda Proceed 1998-2006   Double  无可用尺码
2522,1,OK,249,PK-M,皮卡,Mazda,Proceed,2003,,,Extended,,PK-M,249: Mazda Proceed 1985-2006   Extended  PK-M
2523,1,OK,250,无可用尺码,皮卡,Mazda,Proceed,2003,,,Double,,无可用尺码,250: Mazda Proceed 1998-2006   Double  无可用尺码
2524,1,OK,249,PK-M,皮卡,Mazda,Proceed,2004,,,Extended,,PK-M,249: Mazda Proceed 1985-2006   Extended  PK-M
2525,1,OK,250,无可用尺码,皮卡,Mazda,Proceed,2004,,,Double,,无可用尺码,250: Mazda Proceed 1998-2006   Double  无可用尺码
2526,1,OK,249,PK-M,皮卡,Mazda,Proceed,2005,,,Extended,,PK-M,249: Mazda Proceed 1985-2006   Extended  PK-M
2527,1,OK,250,无可用尺码,皮卡,Mazda,Proceed,2005,,,Double,,无可用尺码,250: Mazda Proceed 1998-2006   Double  无可用尺码
2528,1,OK,249,PK-M,皮卡,Mazda,Proceed,2006,,,Extended,,PK-M,249: Mazda Proceed 1985-2006   Extended  PK-M
2529,1,OK,250,无可用尺码,皮卡,Mazda,Proceed,2006,,,Double,,无可用尺码,250: Mazda Proceed 1998-2006   Double  无可用尺码
2530,1,OK,252,无可用尺码,皮卡,Mercedes-Benz,G-Класс AMG,2018,,,Double,,无可用尺码,252: Mercedes-Benz G-Класс AMG 2018-2024   Double  无可用尺码
2531,1,OK,252,无可用尺码,皮卡,Mercedes-Benz,G-Класс AMG,2019,,,Double,,无可用尺码,252: Mercedes-Benz G-Класс AMG 2018-2024   Double  无可用尺码
2532,1,OK,252,无可用尺码,皮卡,Mercedes-Benz,G-Класс AMG,2020,,,Double,,无可用尺码,252: Mercedes-Benz G-Класс AMG 2018-2024   Double  无可用尺码
2533,1,OK,252,无可用尺码,皮卡,Mercedes-Benz,G-Класс AMG,2021,,,Double,,无可用尺码,252: Mercedes-Benz G-Класс AMG 2018-2024   Double  无可用尺码
2534,1,OK,252,无可用尺码,皮卡,Mercedes-Benz,G-Класс AMG,2022,,,Double,,无可用尺码,252: Mercedes-Benz G-Класс AMG 2018-2024   Double  无可用尺码
2535,1,OK,252,无可用尺码,皮卡,Mercedes-Benz,G-Класс AMG,2023,,,Double,,无可用尺码,252: Mercedes-Benz G-Класс AMG 2018-2024   Double  无可用尺码
2536,1,OK,252,无可用尺码,皮卡,Mercedes-Benz,G-Класс AMG,2024,,,Double,,无可用尺码,252: Mercedes-Benz G-Класс AMG 2018-2024   Double  无可用尺码
2537,1,OK,251,无可用尺码,皮卡,Mercedes-Benz,G-Класс AMG 6x6,2013,,,Double,,无可用尺码,251: Mercedes-Benz G-Класс AMG 6x6 2013-2024   Double  无可用尺码
2538,1,OK,251,无可用尺码,皮卡,Mercedes-Benz,G-Класс AMG 6x6,2014,,,Double,,无可用尺码,251: Mercedes-Benz G-Класс AMG 6x6 2013-2024   Double  无可用尺码
2539,1,OK,251,无可用尺码,皮卡,Mercedes-Benz,G-Класс AMG 6x6,2015,,,Double,,无可用尺码,251: Mercedes-Benz G-Класс AMG 6x6 2013-2024   Double  无可用尺码
2540,1,OK,251,无可用尺码,皮卡,Mercedes-Benz,G-Класс AMG 6x6,2018,,,Double,,无可用尺码,251: Mercedes-Benz G-Класс AMG 6x6 2013-2024   Double  无可用尺码
2541,1,OK,251,无可用尺码,皮卡,Mercedes-Benz,G-Класс AMG 6x6,2019,,,Double,,无可用尺码,251: Mercedes-Benz G-Класс AMG 6x6 2013-2024   Double  无可用尺码
2542,1,OK,251,无可用尺码,皮卡,Mercedes-Benz,G-Класс AMG 6x6,2020,,,Double,,无可用尺码,251: Mercedes-Benz G-Класс AMG 6x6 2013-2024   Double  无可用尺码
2543,1,OK,251,无可用尺码,皮卡,Mercedes-Benz,G-Класс AMG 6x6,2021,,,Double,,无可用尺码,251: Mercedes-Benz G-Класс AMG 6x6 2013-2024   Double  无可用尺码
2544,1,OK,251,无可用尺码,皮卡,Mercedes-Benz,G-Класс AMG 6x6,2022,,,Double,,无可用尺码,251: Mercedes-Benz G-Класс AMG 6x6 2013-2024   Double  无可用尺码
2545,1,OK,251,无可用尺码,皮卡,Mercedes-Benz,G-Класс AMG 6x6,2023,,,Double,,无可用尺码,251: Mercedes-Benz G-Класс AMG 6x6 2013-2024   Double  无可用尺码
2546,1,OK,251,无可用尺码,皮卡,Mercedes-Benz,G-Класс AMG 6x6,2024,,,Double,,无可用尺码,251: Mercedes-Benz G-Класс AMG 6x6 2013-2024   Double  无可用尺码
2547,1,OK,253,PK-M+,皮卡,Mercedes-Benz,X-Класс,2017,,,Double,,PK-M+,253: Mercedes-Benz X-Класс 2017-2020   Double  PK-M+
2548,1,OK,253,PK-M+,皮卡,Mercedes-Benz,X-Класс,2018,,,Double,,PK-M+,253: Mercedes-Benz X-Класс 2017-2020   Double  PK-M+
2549,1,OK,253,PK-M+,皮卡,Mercedes-Benz,X-Класс,2019,,,Double,,PK-M+,253: Mercedes-Benz X-Класс 2017-2020   Double  PK-M+
2550,1,OK,253,PK-M+,皮卡,Mercedes-Benz,X-Класс,2020,,,Double,,PK-M+,253: Mercedes-Benz X-Класс 2017-2020   Double  PK-M+
2551,1,OK,257,PK-M,皮卡,Mitsubishi,L200,1986,,,Double,,PK-M,257: Mitsubishi L200 1986-2026   Double  PK-M
2552,1,OK,256,无可用尺码,皮卡,Mitsubishi,L200,1986,,,Regular,,无可用尺码,256: Mitsubishi L200 1986-1996   Regular  无可用尺码
2553,1,OK,257,PK-M,皮卡,Mitsubishi,L200,1987,,,Double,,PK-M,257: Mitsubishi L200 1986-2026   Double  PK-M
2554,1,OK,256,无可用尺码,皮卡,Mitsubishi,L200,1987,,,Regular,,无可用尺码,256: Mitsubishi L200 1986-1996   Regular  无可用尺码
2555,1,OK,257,PK-M,皮卡,Mitsubishi,L200,1988,,,Double,,PK-M,257: Mitsubishi L200 1986-2026   Double  PK-M
2556,1,OK,256,无可用尺码,皮卡,Mitsubishi,L200,1988,,,Regular,,无可用尺码,256: Mitsubishi L200 1986-1996   Regular  无可用尺码
2557,1,OK,257,PK-M,皮卡,Mitsubishi,L200,1989,,,Double,,PK-M,257: Mitsubishi L200 1986-2026   Double  PK-M
2558,1,OK,256,无可用尺码,皮卡,Mitsubishi,L200,1989,,,Regular,,无可用尺码,256: Mitsubishi L200 1986-1996   Regular  无可用尺码
2559,1,OK,257,PK-M,皮卡,Mitsubishi,L200,1990,,,Double,,PK-M,257: Mitsubishi L200 1986-2026   Double  PK-M
2560,1,OK,256,无可用尺码,皮卡,Mitsubishi,L200,1990,,,Regular,,无可用尺码,256: Mitsubishi L200 1986-1996   Regular  无可用尺码
2561,1,OK,257,PK-M,皮卡,Mitsubishi,L200,1991,,,Double,,PK-M,257: Mitsubishi L200 1986-2026   Double  PK-M
2562,1,OK,256,无可用尺码,皮卡,Mitsubishi,L200,1991,,,Regular,,无可用尺码,256: Mitsubishi L200 1986-1996   Regular  无可用尺码
2563,1,OK,257,PK-M,皮卡,Mitsubishi,L200,1992,,,Double,,PK-M,257: Mitsubishi L200 1986-2026   Double  PK-M
2564,1,OK,256,无可用尺码,皮卡,Mitsubishi,L200,1992,,,Regular,,无可用尺码,256: Mitsubishi L200 1986-1996   Regular  无可用尺码
2565,1,OK,257,PK-M,皮卡,Mitsubishi,L200,1993,,,Double,,PK-M,257: Mitsubishi L200 1986-2026   Double  PK-M
2566,1,OK,256,无可用尺码,皮卡,Mitsubishi,L200,1993,,,Regular,,无可用尺码,256: Mitsubishi L200 1986-1996   Regular  无可用尺码
2567,1,OK,257,PK-M,皮卡,Mitsubishi,L200,1994,,,Double,,PK-M,257: Mitsubishi L200 1986-2026   Double  PK-M
2568,1,OK,256,无可用尺码,皮卡,Mitsubishi,L200,1994,,,Regular,,无可用尺码,256: Mitsubishi L200 1986-1996   Regular  无可用尺码
2569,1,OK,257,PK-M,皮卡,Mitsubishi,L200,1995,,,Double,,PK-M,257: Mitsubishi L200 1986-2026   Double  PK-M
2570,1,OK,256,无可用尺码,皮卡,Mitsubishi,L200,1995,,,Regular,,无可用尺码,256: Mitsubishi L200 1986-1996   Regular  无可用尺码
2571,1,OK,257,PK-M,皮卡,Mitsubishi,L200,1996,,,Double,,PK-M,257: Mitsubishi L200 1986-2026   Double  PK-M
2572,1,OK,258,PK-M,皮卡,Mitsubishi,L200,1996,,,Extended,,PK-M,258: Mitsubishi L200 1996-2014   Extended  PK-M
2573,2,MULTI,256/259,PK-M/无可用尺码,皮卡,Mitsubishi,L200,1996,,,Regular,,PK-M,256: Mitsubishi L200 1986-1996   Regular  无可用尺码 || 259: Mitsubishi L200 1996-2014   Regular  PK-M
2574,2,MULTI,256/259,PK-M/无可用尺码,皮卡,Mitsubishi,L200,1996,,,Regular,,无可用尺码,256: Mitsubishi L200 1986-1996   Regular  无可用尺码 || 259: Mitsubishi L200 1996-2014   Regular  PK-M
2575,1,OK,257,PK-M,皮卡,Mitsubishi,L200,1997,,,Double,,PK-M,257: Mitsubishi L200 1986-2026   Double  PK-M
2576,1,OK,258,PK-M,皮卡,Mitsubishi,L200,1997,,,Extended,,PK-M,258: Mitsubishi L200 1996-2014   Extended  PK-M
2577,1,OK,259,PK-M,皮卡,Mitsubishi,L200,1997,,,Regular,,PK-M,259: Mitsubishi L200 1996-2014   Regular  PK-M
2578,1,OK,257,PK-M,皮卡,Mitsubishi,L200,1998,,,Double,,PK-M,257: Mitsubishi L200 1986-2026   Double  PK-M
2579,1,OK,258,PK-M,皮卡,Mitsubishi,L200,1998,,,Extended,,PK-M,258: Mitsubishi L200 1996-2014   Extended  PK-M
2580,1,OK,259,PK-M,皮卡,Mitsubishi,L200,1998,,,Regular,,PK-M,259: Mitsubishi L200 1996-2014   Regular  PK-M
2581,1,OK,257,PK-M,皮卡,Mitsubishi,L200,1999,,,Double,,PK-M,257: Mitsubishi L200 1986-2026   Double  PK-M
2582,1,OK,258,PK-M,皮卡,Mitsubishi,L200,1999,,,Extended,,PK-M,258: Mitsubishi L200 1996-2014   Extended  PK-M
2583,1,OK,259,PK-M,皮卡,Mitsubishi,L200,1999,,,Regular,,PK-M,259: Mitsubishi L200 1996-2014   Regular  PK-M
2584,1,OK,257,PK-M,皮卡,Mitsubishi,L200,2000,,,Double,,PK-M,257: Mitsubishi L200 1986-2026   Double  PK-M
2585,1,OK,258,PK-M,皮卡,Mitsubishi,L200,2000,,,Extended,,PK-M,258: Mitsubishi L200 1996-2014   Extended  PK-M
2586,1,OK,259,PK-M,皮卡,Mitsubishi,L200,2000,,,Regular,,PK-M,259: Mitsubishi L200 1996-2014   Regular  PK-M
2587,1,OK,257,PK-M,皮卡,Mitsubishi,L200,2001,,,Double,,PK-M,257: Mitsubishi L200 1986-2026   Double  PK-M
2588,1,OK,258,PK-M,皮卡,Mitsubishi,L200,2001,,,Extended,,PK-M,258: Mitsubishi L200 1996-2014   Extended  PK-M
2589,1,OK,259,PK-M,皮卡,Mitsubishi,L200,2001,,,Regular,,PK-M,259: Mitsubishi L200 1996-2014   Regular  PK-M
2590,1,OK,257,PK-M,皮卡,Mitsubishi,L200,2002,,,Double,,PK-M,257: Mitsubishi L200 1986-2026   Double  PK-M
2591,1,OK,258,PK-M,皮卡,Mitsubishi,L200,2002,,,Extended,,PK-M,258: Mitsubishi L200 1996-2014   Extended  PK-M
2592,1,OK,259,PK-M,皮卡,Mitsubishi,L200,2002,,,Regular,,PK-M,259: Mitsubishi L200 1996-2014   Regular  PK-M
2593,1,OK,257,PK-M,皮卡,Mitsubishi,L200,2003,,,Double,,PK-M,257: Mitsubishi L200 1986-2026   Double  PK-M
2594,1,OK,258,PK-M,皮卡,Mitsubishi,L200,2003,,,Extended,,PK-M,258: Mitsubishi L200 1996-2014   Extended  PK-M
2595,1,OK,259,PK-M,皮卡,Mitsubishi,L200,2003,,,Regular,,PK-M,259: Mitsubishi L200 1996-2014   Regular  PK-M
2596,1,OK,257,PK-M,皮卡,Mitsubishi,L200,2004,,,Double,,PK-M,257: Mitsubishi L200 1986-2026   Double  PK-M
2597,1,OK,258,PK-M,皮卡,Mitsubishi,L200,2004,,,Extended,,PK-M,258: Mitsubishi L200 1996-2014   Extended  PK-M
2598,1,OK,259,PK-M,皮卡,Mitsubishi,L200,2004,,,Regular,,PK-M,259: Mitsubishi L200 1996-2014   Regular  PK-M
2599,1,OK,257,PK-M,皮卡,Mitsubishi,L200,2005,,,Double,,PK-M,257: Mitsubishi L200 1986-2026   Double  PK-M
2600,1,OK,258,PK-M,皮卡,Mitsubishi,L200,2005,,,Extended,,PK-M,258: Mitsubishi L200 1996-2014   Extended  PK-M
2601,1,OK,259,PK-M,皮卡,Mitsubishi,L200,2005,,,Regular,,PK-M,259: Mitsubishi L200 1996-2014   Regular  PK-M
2602,1,OK,257,PK-M,皮卡,Mitsubishi,L200,2006,,,Double,,PK-M,257: Mitsubishi L200 1986-2026   Double  PK-M
2603,1,OK,258,PK-M,皮卡,Mitsubishi,L200,2006,,,Extended,,PK-M,258: Mitsubishi L200 1996-2014   Extended  PK-M
2604,1,OK,259,PK-M,皮卡,Mitsubishi,L200,2006,,,Regular,,PK-M,259: Mitsubishi L200 1996-2014   Regular  PK-M
2605,1,OK,257,PK-M,皮卡,Mitsubishi,L200,2007,,,Double,,PK-M,257: Mitsubishi L200 1986-2026   Double  PK-M
2606,1,OK,258,PK-M,皮卡,Mitsubishi,L200,2007,,,Extended,,PK-M,258: Mitsubishi L200 1996-2014   Extended  PK-M
2607,1,OK,259,PK-M,皮卡,Mitsubishi,L200,2007,,,Regular,,PK-M,259: Mitsubishi L200 1996-2014   Regular  PK-M
2608,1,OK,257,PK-M,皮卡,Mitsubishi,L200,2008,,,Double,,PK-M,257: Mitsubishi L200 1986-2026   Double  PK-M
2609,1,OK,258,PK-M,皮卡,Mitsubishi,L200,2008,,,Extended,,PK-M,258: Mitsubishi L200 1996-2014   Extended  PK-M
2610,1,OK,259,PK-M,皮卡,Mitsubishi,L200,2008,,,Regular,,PK-M,259: Mitsubishi L200 1996-2014   Regular  PK-M
2611,1,OK,257,PK-M,皮卡,Mitsubishi,L200,2009,,,Double,,PK-M,257: Mitsubishi L200 1986-2026   Double  PK-M
2612,1,OK,258,PK-M,皮卡,Mitsubishi,L200,2009,,,Extended,,PK-M,258: Mitsubishi L200 1996-2014   Extended  PK-M
2613,1,OK,259,PK-M,皮卡,Mitsubishi,L200,2009,,,Regular,,PK-M,259: Mitsubishi L200 1996-2014   Regular  PK-M
2614,1,OK,257,PK-M,皮卡,Mitsubishi,L200,2010,,,Double,,PK-M,257: Mitsubishi L200 1986-2026   Double  PK-M
2615,1,OK,258,PK-M,皮卡,Mitsubishi,L200,2010,,,Extended,,PK-M,258: Mitsubishi L200 1996-2014   Extended  PK-M
2616,1,OK,259,PK-M,皮卡,Mitsubishi,L200,2010,,,Regular,,PK-M,259: Mitsubishi L200 1996-2014   Regular  PK-M
2617,1,OK,257,PK-M,皮卡,Mitsubishi,L200,2011,,,Double,,PK-M,257: Mitsubishi L200 1986-2026   Double  PK-M
2618,1,OK,258,PK-M,皮卡,Mitsubishi,L200,2011,,,Extended,,PK-M,258: Mitsubishi L200 1996-2014   Extended  PK-M
2619,1,OK,259,PK-M,皮卡,Mitsubishi,L200,2011,,,Regular,,PK-M,259: Mitsubishi L200 1996-2014   Regular  PK-M
2620,1,OK,257,PK-M,皮卡,Mitsubishi,L200,2012,,,Double,,PK-M,257: Mitsubishi L200 1986-2026   Double  PK-M
2621,1,OK,258,PK-M,皮卡,Mitsubishi,L200,2012,,,Extended,,PK-M,258: Mitsubishi L200 1996-2014   Extended  PK-M
2622,1,OK,259,PK-M,皮卡,Mitsubishi,L200,2012,,,Regular,,PK-M,259: Mitsubishi L200 1996-2014   Regular  PK-M
2623,1,OK,257,PK-M,皮卡,Mitsubishi,L200,2013,,,Double,,PK-M,257: Mitsubishi L200 1986-2026   Double  PK-M
2624,1,OK,258,PK-M,皮卡,Mitsubishi,L200,2013,,,Extended,,PK-M,258: Mitsubishi L200 1996-2014   Extended  PK-M
2625,1,OK,259,PK-M,皮卡,Mitsubishi,L200,2013,,,Regular,,PK-M,259: Mitsubishi L200 1996-2014   Regular  PK-M
2626,1,OK,257,PK-M,皮卡,Mitsubishi,L200,2014,,,Double,,PK-M,257: Mitsubishi L200 1986-2026   Double  PK-M
2627,1,OK,258,PK-M,皮卡,Mitsubishi,L200,2014,,,Extended,,PK-M,258: Mitsubishi L200 1996-2014   Extended  PK-M
2628,1,OK,259,PK-M,皮卡,Mitsubishi,L200,2014,,,Regular,,PK-M,259: Mitsubishi L200 1996-2014   Regular  PK-M
2629,1,OK,257,PK-M,皮卡,Mitsubishi,L200,2015,,,Double,,PK-M,257: Mitsubishi L200 1986-2026   Double  PK-M
2630,1,OK,257,PK-M,皮卡,Mitsubishi,L200,2016,,,Double,,PK-M,257: Mitsubishi L200 1986-2026   Double  PK-M
2631,1,OK,257,PK-M,皮卡,Mitsubishi,L200,2017,,,Double,,PK-M,257: Mitsubishi L200 1986-2026   Double  PK-M
2632,1,OK,257,PK-M,皮卡,Mitsubishi,L200,2018,,,Double,,PK-M,257: Mitsubishi L200 1986-2026   Double  PK-M
2633,1,OK,261,PK-M,皮卡,Mitsubishi,L200,2018,Arctic Trucks,,Double,,PK-M,261: Mitsubishi L200 2018-2026 Arctic Trucks  Double  PK-M
2634,1,OK,260,PK-M,皮卡,Mitsubishi,L200,2018,,,Regular,,PK-M,260: Mitsubishi L200 2018-2026   Regular  PK-M
2635,1,OK,257,PK-M,皮卡,Mitsubishi,L200,2019,,,Double,,PK-M,257: Mitsubishi L200 1986-2026   Double  PK-M
2636,1,OK,261,PK-M,皮卡,Mitsubishi,L200,2019,Arctic Trucks,,Double,,PK-M,261: Mitsubishi L200 2018-2026 Arctic Trucks  Double  PK-M
2637,1,OK,260,PK-M,皮卡,Mitsubishi,L200,2019,,,Regular,,PK-M,260: Mitsubishi L200 2018-2026   Regular  PK-M
2638,1,OK,257,PK-M,皮卡,Mitsubishi,L200,2020,,,Double,,PK-M,257: Mitsubishi L200 1986-2026   Double  PK-M
2639,1,OK,261,PK-M,皮卡,Mitsubishi,L200,2020,Arctic Trucks,,Double,,PK-M,261: Mitsubishi L200 2018-2026 Arctic Trucks  Double  PK-M
2640,1,OK,260,PK-M,皮卡,Mitsubishi,L200,2020,,,Regular,,PK-M,260: Mitsubishi L200 2018-2026   Regular  PK-M
2641,1,OK,257,PK-M,皮卡,Mitsubishi,L200,2021,,,Double,,PK-M,257: Mitsubishi L200 1986-2026   Double  PK-M
2642,1,OK,261,PK-M,皮卡,Mitsubishi,L200,2021,Arctic Trucks,,Double,,PK-M,261: Mitsubishi L200 2018-2026 Arctic Trucks  Double  PK-M
2643,1,OK,260,PK-M,皮卡,Mitsubishi,L200,2021,,,Regular,,PK-M,260: Mitsubishi L200 2018-2026   Regular  PK-M
2644,1,OK,257,PK-M,皮卡,Mitsubishi,L200,2022,,,Double,,PK-M,257: Mitsubishi L200 1986-2026   Double  PK-M
2645,1,OK,261,PK-M,皮卡,Mitsubishi,L200,2022,Arctic Trucks,,Double,,PK-M,261: Mitsubishi L200 2018-2026 Arctic Trucks  Double  PK-M
2646,1,OK,260,PK-M,皮卡,Mitsubishi,L200,2022,,,Regular,,PK-M,260: Mitsubishi L200 2018-2026   Regular  PK-M
2647,1,OK,257,PK-M,皮卡,Mitsubishi,L200,2023,,,Double,,PK-M,257: Mitsubishi L200 1986-2026   Double  PK-M
2648,1,OK,261,PK-M,皮卡,Mitsubishi,L200,2023,Arctic Trucks,,Double,,PK-M,261: Mitsubishi L200 2018-2026 Arctic Trucks  Double  PK-M
2649,1,OK,260,PK-M,皮卡,Mitsubishi,L200,2023,,,Regular,,PK-M,260: Mitsubishi L200 2018-2026   Regular  PK-M
2650,1,OK,257,PK-M,皮卡,Mitsubishi,L200,2024,,,Double,,PK-M,257: Mitsubishi L200 1986-2026   Double  PK-M
2651,1,OK,261,PK-M,皮卡,Mitsubishi,L200,2024,Arctic Trucks,,Double,,PK-M,261: Mitsubishi L200 2018-2026 Arctic Trucks  Double  PK-M
2652,1,OK,260,PK-M,皮卡,Mitsubishi,L200,2024,,,Regular,,PK-M,260: Mitsubishi L200 2018-2026   Regular  PK-M
2653,1,OK,257,PK-M,皮卡,Mitsubishi,L200,2025,,,Double,,PK-M,257: Mitsubishi L200 1986-2026   Double  PK-M
2654,1,OK,261,PK-M,皮卡,Mitsubishi,L200,2025,Arctic Trucks,,Double,,PK-M,261: Mitsubishi L200 2018-2026 Arctic Trucks  Double  PK-M
2655,1,OK,260,PK-M,皮卡,Mitsubishi,L200,2025,,,Regular,,PK-M,260: Mitsubishi L200 2018-2026   Regular  PK-M
2656,1,OK,257,PK-M,皮卡,Mitsubishi,L200,2026,,,Double,,PK-M,257: Mitsubishi L200 1986-2026   Double  PK-M
2657,1,OK,261,PK-M,皮卡,Mitsubishi,L200,2026,Arctic Trucks,,Double,,PK-M,261: Mitsubishi L200 2018-2026 Arctic Trucks  Double  PK-M
2658,1,OK,260,PK-M,皮卡,Mitsubishi,L200,2026,,,Regular,,PK-M,260: Mitsubishi L200 2018-2026   Regular  PK-M
2659,1,OK,262,PK-M+,皮卡,Mitsubishi,Raider,2006,,,Double,,PK-M+,262: Mitsubishi Raider 2006-2009   Double  PK-M+
2660,1,OK,262,PK-M+,皮卡,Mitsubishi,Raider,2007,,,Double,,PK-M+,262: Mitsubishi Raider 2006-2009   Double  PK-M+
2661,1,OK,262,PK-M+,皮卡,Mitsubishi,Raider,2008,,,Double,,PK-M+,262: Mitsubishi Raider 2006-2009   Double  PK-M+
2662,1,OK,262,PK-M+,皮卡,Mitsubishi,Raider,2009,,,Double,,PK-M+,262: Mitsubishi Raider 2006-2009   Double  PK-M+
2663,1,OK,254,PK-M,皮卡,Mitsubishi,Strada,1991,,,Double,,PK-M,254: Mitsubishi Strada 1991-2023   Double  PK-M
2664,1,OK,254,PK-M,皮卡,Mitsubishi,Strada,1992,,,Double,,PK-M,254: Mitsubishi Strada 1991-2023   Double  PK-M
2665,1,OK,254,PK-M,皮卡,Mitsubishi,Strada,1993,,,Double,,PK-M,254: Mitsubishi Strada 1991-2023   Double  PK-M
2666,1,OK,254,PK-M,皮卡,Mitsubishi,Strada,1994,,,Double,,PK-M,254: Mitsubishi Strada 1991-2023   Double  PK-M
2667,1,OK,254,PK-M,皮卡,Mitsubishi,Strada,1995,,,Double,,PK-M,254: Mitsubishi Strada 1991-2023   Double  PK-M
2668,1,OK,254,PK-M,皮卡,Mitsubishi,Strada,1996,,,Double,,PK-M,254: Mitsubishi Strada 1991-2023   Double  PK-M
2669,1,OK,254,PK-M,皮卡,Mitsubishi,Strada,1997,,,Double,,PK-M,254: Mitsubishi Strada 1991-2023   Double  PK-M
2670,1,OK,254,PK-M,皮卡,Mitsubishi,Strada,1998,,,Double,,PK-M,254: Mitsubishi Strada 1991-2023   Double  PK-M
2671,1,OK,254,PK-M,皮卡,Mitsubishi,Strada,1999,,,Double,,PK-M,254: Mitsubishi Strada 1991-2023   Double  PK-M
2672,1,OK,254,PK-M,皮卡,Mitsubishi,Strada,2000,,,Double,,PK-M,254: Mitsubishi Strada 1991-2023   Double  PK-M
2673,1,OK,254,PK-M,皮卡,Mitsubishi,Strada,2001,,,Double,,PK-M,254: Mitsubishi Strada 1991-2023   Double  PK-M
2674,1,OK,254,PK-M,皮卡,Mitsubishi,Strada,2002,,,Double,,PK-M,254: Mitsubishi Strada 1991-2023   Double  PK-M
2675,1,OK,254,PK-M,皮卡,Mitsubishi,Strada,2003,,,Double,,PK-M,254: Mitsubishi Strada 1991-2023   Double  PK-M
2676,1,OK,254,PK-M,皮卡,Mitsubishi,Strada,2004,,,Double,,PK-M,254: Mitsubishi Strada 1991-2023   Double  PK-M
2677,1,OK,254,PK-M,皮卡,Mitsubishi,Strada,2005,,,Double,,PK-M,254: Mitsubishi Strada 1991-2023   Double  PK-M
2678,1,OK,254,PK-M,皮卡,Mitsubishi,Strada,2018,,,Double,,PK-M,254: Mitsubishi Strada 1991-2023   Double  PK-M
2679,1,OK,254,PK-M,皮卡,Mitsubishi,Strada,2019,,,Double,,PK-M,254: Mitsubishi Strada 1991-2023   Double  PK-M
2680,1,OK,254,PK-M,皮卡,Mitsubishi,Strada,2020,,,Double,,PK-M,254: Mitsubishi Strada 1991-2023   Double  PK-M
2681,1,OK,254,PK-M,皮卡,Mitsubishi,Strada,2021,,,Double,,PK-M,254: Mitsubishi Strada 1991-2023   Double  PK-M
2682,1,OK,254,PK-M,皮卡,Mitsubishi,Strada,2022,,,Double,,PK-M,254: Mitsubishi Strada 1991-2023   Double  PK-M
2683,1,OK,254,PK-M,皮卡,Mitsubishi,Strada,2023,,,Double,,PK-M,254: Mitsubishi Strada 1991-2023   Double  PK-M
2684,1,OK,255,PK-M,皮卡,Mitsubishi,Triton,2006,,,Double,,PK-M,255: Mitsubishi Triton 2006-2026   Double/Extended/Regular  PK-M
2685,1,OK,255,PK-M,皮卡,Mitsubishi,Triton,2007,,,Double,,PK-M,255: Mitsubishi Triton 2006-2026   Double/Extended/Regular  PK-M
2686,1,OK,255,PK-M,皮卡,Mitsubishi,Triton,2008,,,Double,,PK-M,255: Mitsubishi Triton 2006-2026   Double/Extended/Regular  PK-M
2687,1,OK,255,PK-M,皮卡,Mitsubishi,Triton,2009,,,Double,,PK-M,255: Mitsubishi Triton 2006-2026   Double/Extended/Regular  PK-M
2688,1,OK,255,PK-M,皮卡,Mitsubishi,Triton,2010,,,Double,,PK-M,255: Mitsubishi Triton 2006-2026   Double/Extended/Regular  PK-M
2689,1,OK,255,PK-M,皮卡,Mitsubishi,Triton,2011,,,Double,,PK-M,255: Mitsubishi Triton 2006-2026   Double/Extended/Regular  PK-M
2690,1,OK,255,PK-M,皮卡,Mitsubishi,Triton,2012,,,Double,,PK-M,255: Mitsubishi Triton 2006-2026   Double/Extended/Regular  PK-M
2691,1,OK,255,PK-M,皮卡,Mitsubishi,Triton,2013,,,Double,,PK-M,255: Mitsubishi Triton 2006-2026   Double/Extended/Regular  PK-M
2692,1,OK,255,PK-M,皮卡,Mitsubishi,Triton,2014,,,Double,,PK-M,255: Mitsubishi Triton 2006-2026   Double/Extended/Regular  PK-M
2693,1,OK,255,PK-M,皮卡,Mitsubishi,Triton,2015,,,Double,,PK-M,255: Mitsubishi Triton 2006-2026   Double/Extended/Regular  PK-M
2694,1,OK,255,PK-M,皮卡,Mitsubishi,Triton,2016,,,Double,,PK-M,255: Mitsubishi Triton 2006-2026   Double/Extended/Regular  PK-M
2695,1,OK,255,PK-M,皮卡,Mitsubishi,Triton,2017,,,Double,,PK-M,255: Mitsubishi Triton 2006-2026   Double/Extended/Regular  PK-M
2696,1,OK,255,PK-M,皮卡,Mitsubishi,Triton,2018,,,Double,,PK-M,255: Mitsubishi Triton 2006-2026   Double/Extended/Regular  PK-M
2697,1,OK,255,PK-M,皮卡,Mitsubishi,Triton,2018,,,Extended,,PK-M,255: Mitsubishi Triton 2006-2026   Double/Extended/Regular  PK-M
2698,1,OK,255,PK-M,皮卡,Mitsubishi,Triton,2019,,,Double,,PK-M,255: Mitsubishi Triton 2006-2026   Double/Extended/Regular  PK-M
2699,1,OK,255,PK-M,皮卡,Mitsubishi,Triton,2019,,,Extended,,PK-M,255: Mitsubishi Triton 2006-2026   Double/Extended/Regular  PK-M
2700,1,OK,255,PK-M,皮卡,Mitsubishi,Triton,2020,,,Double,,PK-M,255: Mitsubishi Triton 2006-2026   Double/Extended/Regular  PK-M
2701,1,OK,255,PK-M,皮卡,Mitsubishi,Triton,2020,,,Extended,,PK-M,255: Mitsubishi Triton 2006-2026   Double/Extended/Regular  PK-M
2702,1,OK,255,PK-M,皮卡,Mitsubishi,Triton,2021,,,Double,,PK-M,255: Mitsubishi Triton 2006-2026   Double/Extended/Regular  PK-M
2703,1,OK,255,PK-M,皮卡,Mitsubishi,Triton,2021,,,Extended,,PK-M,255: Mitsubishi Triton 2006-2026   Double/Extended/Regular  PK-M
2704,1,OK,255,PK-M,皮卡,Mitsubishi,Triton,2022,,,Double,,PK-M,255: Mitsubishi Triton 2006-2026   Double/Extended/Regular  PK-M
2705,1,OK,255,PK-M,皮卡,Mitsubishi,Triton,2022,,,Extended,,PK-M,255: Mitsubishi Triton 2006-2026   Double/Extended/Regular  PK-M
2706,1,OK,255,PK-M,皮卡,Mitsubishi,Triton,2023,,,Double,,PK-M,255: Mitsubishi Triton 2006-2026   Double/Extended/Regular  PK-M
2707,1,OK,255,PK-M,皮卡,Mitsubishi,Triton,2023,,,Extended,,PK-M,255: Mitsubishi Triton 2006-2026   Double/Extended/Regular  PK-M
2708,1,OK,255,PK-M,皮卡,Mitsubishi,Triton,2023,,,Regular,,PK-M,255: Mitsubishi Triton 2006-2026   Double/Extended/Regular  PK-M
2709,1,OK,263,PK-M+,皮卡,Mitsubishi,Triton,2023,Athlete,,Double,,PK-M+,263: Mitsubishi Triton 2023-2026 Athlete  Double  PK-M+
2710,1,OK,255,PK-M,皮卡,Mitsubishi,Triton,2024,,,Double,,PK-M,255: Mitsubishi Triton 2006-2026   Double/Extended/Regular  PK-M
2711,1,OK,255,PK-M,皮卡,Mitsubishi,Triton,2024,,,Extended,,PK-M,255: Mitsubishi Triton 2006-2026   Double/Extended/Regular  PK-M
2712,1,OK,255,PK-M,皮卡,Mitsubishi,Triton,2024,,,Regular,,PK-M,255: Mitsubishi Triton 2006-2026   Double/Extended/Regular  PK-M
2713,1,OK,263,PK-M+,皮卡,Mitsubishi,Triton,2024,Athlete,,Double,,PK-M+,263: Mitsubishi Triton 2023-2026 Athlete  Double  PK-M+
2714,1,OK,255,PK-M,皮卡,Mitsubishi,Triton,2025,,,Double,,PK-M,255: Mitsubishi Triton 2006-2026   Double/Extended/Regular  PK-M
2715,1,OK,255,PK-M,皮卡,Mitsubishi,Triton,2025,,,Extended,,PK-M,255: Mitsubishi Triton 2006-2026   Double/Extended/Regular  PK-M
2716,1,OK,255,PK-M,皮卡,Mitsubishi,Triton,2025,,,Regular,,PK-M,255: Mitsubishi Triton 2006-2026   Double/Extended/Regular  PK-M
2717,1,OK,263,PK-M+,皮卡,Mitsubishi,Triton,2025,Athlete,,Double,,PK-M+,263: Mitsubishi Triton 2023-2026 Athlete  Double  PK-M+
2718,1,OK,255,PK-M,皮卡,Mitsubishi,Triton,2026,,,Double,,PK-M,255: Mitsubishi Triton 2006-2026   Double/Extended/Regular  PK-M
2719,1,OK,255,PK-M,皮卡,Mitsubishi,Triton,2026,,,Extended,,PK-M,255: Mitsubishi Triton 2006-2026   Double/Extended/Regular  PK-M
2720,1,OK,255,PK-M,皮卡,Mitsubishi,Triton,2026,,,Regular,,PK-M,255: Mitsubishi Triton 2006-2026   Double/Extended/Regular  PK-M
2721,1,OK,263,PK-M+,皮卡,Mitsubishi,Triton,2026,Athlete,,Double,,PK-M+,263: Mitsubishi Triton 2023-2026 Athlete  Double  PK-M+
2722,1,OK,265,无可用尺码,皮卡,Nissan,Datsun,1985,,,Double,,无可用尺码,265: Nissan Datsun 1985-1997   Double  无可用尺码
2723,1,OK,266,无可用尺码,皮卡,Nissan,Datsun,1985,,,King,,无可用尺码,266: Nissan Datsun 1985-1997   King  无可用尺码
2724,1,OK,267,无可用尺码,皮卡,Nissan,Datsun,1985,,,Regular,,无可用尺码,267: Nissan Datsun 1985-2002   Regular  无可用尺码
2725,1,OK,265,无可用尺码,皮卡,Nissan,Datsun,1986,,,Double,,无可用尺码,265: Nissan Datsun 1985-1997   Double  无可用尺码
2726,1,OK,266,无可用尺码,皮卡,Nissan,Datsun,1986,,,King,,无可用尺码,266: Nissan Datsun 1985-1997   King  无可用尺码
2727,1,OK,267,无可用尺码,皮卡,Nissan,Datsun,1986,,,Regular,,无可用尺码,267: Nissan Datsun 1985-2002   Regular  无可用尺码
2728,1,OK,265,无可用尺码,皮卡,Nissan,Datsun,1987,,,Double,,无可用尺码,265: Nissan Datsun 1985-1997   Double  无可用尺码
2729,1,OK,266,无可用尺码,皮卡,Nissan,Datsun,1987,,,King,,无可用尺码,266: Nissan Datsun 1985-1997   King  无可用尺码
2730,1,OK,267,无可用尺码,皮卡,Nissan,Datsun,1987,,,Regular,,无可用尺码,267: Nissan Datsun 1985-2002   Regular  无可用尺码
2731,1,OK,265,无可用尺码,皮卡,Nissan,Datsun,1988,,,Double,,无可用尺码,265: Nissan Datsun 1985-1997   Double  无可用尺码
2732,1,OK,266,无可用尺码,皮卡,Nissan,Datsun,1988,,,King,,无可用尺码,266: Nissan Datsun 1985-1997   King  无可用尺码
2733,1,OK,267,无可用尺码,皮卡,Nissan,Datsun,1988,,,Regular,,无可用尺码,267: Nissan Datsun 1985-2002   Regular  无可用尺码
2734,1,OK,265,无可用尺码,皮卡,Nissan,Datsun,1989,,,Double,,无可用尺码,265: Nissan Datsun 1985-1997   Double  无可用尺码
2735,1,OK,266,无可用尺码,皮卡,Nissan,Datsun,1989,,,King,,无可用尺码,266: Nissan Datsun 1985-1997   King  无可用尺码
2736,1,OK,267,无可用尺码,皮卡,Nissan,Datsun,1989,,,Regular,,无可用尺码,267: Nissan Datsun 1985-2002   Regular  无可用尺码
2737,1,OK,265,无可用尺码,皮卡,Nissan,Datsun,1990,,,Double,,无可用尺码,265: Nissan Datsun 1985-1997   Double  无可用尺码
2738,1,OK,266,无可用尺码,皮卡,Nissan,Datsun,1990,,,King,,无可用尺码,266: Nissan Datsun 1985-1997   King  无可用尺码
2739,1,OK,267,无可用尺码,皮卡,Nissan,Datsun,1990,,,Regular,,无可用尺码,267: Nissan Datsun 1985-2002   Regular  无可用尺码
2740,1,OK,265,无可用尺码,皮卡,Nissan,Datsun,1991,,,Double,,无可用尺码,265: Nissan Datsun 1985-1997   Double  无可用尺码
2741,1,OK,266,无可用尺码,皮卡,Nissan,Datsun,1991,,,King,,无可用尺码,266: Nissan Datsun 1985-1997   King  无可用尺码
2742,1,OK,267,无可用尺码,皮卡,Nissan,Datsun,1991,,,Regular,,无可用尺码,267: Nissan Datsun 1985-2002   Regular  无可用尺码
2743,1,OK,265,无可用尺码,皮卡,Nissan,Datsun,1992,,,Double,,无可用尺码,265: Nissan Datsun 1985-1997   Double  无可用尺码
2744,1,OK,266,无可用尺码,皮卡,Nissan,Datsun,1992,,,King,,无可用尺码,266: Nissan Datsun 1985-1997   King  无可用尺码
2745,1,OK,267,无可用尺码,皮卡,Nissan,Datsun,1992,,,Regular,,无可用尺码,267: Nissan Datsun 1985-2002   Regular  无可用尺码
2746,1,OK,265,无可用尺码,皮卡,Nissan,Datsun,1993,,,Double,,无可用尺码,265: Nissan Datsun 1985-1997   Double  无可用尺码
2747,1,OK,266,无可用尺码,皮卡,Nissan,Datsun,1993,,,King,,无可用尺码,266: Nissan Datsun 1985-1997   King  无可用尺码
2748,1,OK,267,无可用尺码,皮卡,Nissan,Datsun,1993,,,Regular,,无可用尺码,267: Nissan Datsun 1985-2002   Regular  无可用尺码
2749,1,OK,265,无可用尺码,皮卡,Nissan,Datsun,1994,,,Double,,无可用尺码,265: Nissan Datsun 1985-1997   Double  无可用尺码
2750,1,OK,266,无可用尺码,皮卡,Nissan,Datsun,1994,,,King,,无可用尺码,266: Nissan Datsun 1985-1997   King  无可用尺码
2751,1,OK,267,无可用尺码,皮卡,Nissan,Datsun,1994,,,Regular,,无可用尺码,267: Nissan Datsun 1985-2002   Regular  无可用尺码
2752,1,OK,265,无可用尺码,皮卡,Nissan,Datsun,1995,,,Double,,无可用尺码,265: Nissan Datsun 1985-1997   Double  无可用尺码
2753,1,OK,266,无可用尺码,皮卡,Nissan,Datsun,1995,,,King,,无可用尺码,266: Nissan Datsun 1985-1997   King  无可用尺码
2754,1,OK,267,无可用尺码,皮卡,Nissan,Datsun,1995,,,Regular,,无可用尺码,267: Nissan Datsun 1985-2002   Regular  无可用尺码
2755,1,OK,265,无可用尺码,皮卡,Nissan,Datsun,1996,,,Double,,无可用尺码,265: Nissan Datsun 1985-1997   Double  无可用尺码
2756,1,OK,266,无可用尺码,皮卡,Nissan,Datsun,1996,,,King,,无可用尺码,266: Nissan Datsun 1985-1997   King  无可用尺码
2757,1,OK,267,无可用尺码,皮卡,Nissan,Datsun,1996,,,Regular,,无可用尺码,267: Nissan Datsun 1985-2002   Regular  无可用尺码
2758,2,MULTI,265/268,PK-M/无可用尺码,皮卡,Nissan,Datsun,1997,,,Double,,PK-M,265: Nissan Datsun 1985-1997   Double  无可用尺码 || 268: Nissan Datsun 1997-2002   Double  PK-M
2759,2,MULTI,265/268,PK-M/无可用尺码,皮卡,Nissan,Datsun,1997,,,Double,,无可用尺码,265: Nissan Datsun 1985-1997   Double  无可用尺码 || 268: Nissan Datsun 1997-2002   Double  PK-M
2760,1,OK,266,无可用尺码,皮卡,Nissan,Datsun,1997,,,King,,无可用尺码,266: Nissan Datsun 1985-1997   King  无可用尺码
2761,1,OK,267,无可用尺码,皮卡,Nissan,Datsun,1997,,,Regular,,无可用尺码,267: Nissan Datsun 1985-2002   Regular  无可用尺码
2762,1,OK,268,PK-M,皮卡,Nissan,Datsun,1998,,,Double,,PK-M,268: Nissan Datsun 1997-2002   Double  PK-M
2763,1,OK,267,无可用尺码,皮卡,Nissan,Datsun,1998,,,Regular,,无可用尺码,267: Nissan Datsun 1985-2002   Regular  无可用尺码
2764,1,OK,268,PK-M,皮卡,Nissan,Datsun,1999,,,Double,,PK-M,268: Nissan Datsun 1997-2002   Double  PK-M
2765,1,OK,267,无可用尺码,皮卡,Nissan,Datsun,1999,,,Regular,,无可用尺码,267: Nissan Datsun 1985-2002   Regular  无可用尺码
2766,1,OK,268,PK-M,皮卡,Nissan,Datsun,2000,,,Double,,PK-M,268: Nissan Datsun 1997-2002   Double  PK-M
2767,1,OK,267,无可用尺码,皮卡,Nissan,Datsun,2000,,,Regular,,无可用尺码,267: Nissan Datsun 1985-2002   Regular  无可用尺码
2768,1,OK,268,PK-M,皮卡,Nissan,Datsun,2001,,,Double,,PK-M,268: Nissan Datsun 1997-2002   Double  PK-M
2769,1,OK,267,无可用尺码,皮卡,Nissan,Datsun,2001,,,Regular,,无可用尺码,267: Nissan Datsun 1985-2002   Regular  无可用尺码
2770,1,OK,268,PK-M,皮卡,Nissan,Datsun,2002,,,Double,,PK-M,268: Nissan Datsun 1997-2002   Double  PK-M
2771,1,OK,267,无可用尺码,皮卡,Nissan,Datsun,2002,,,Regular,,无可用尺码,267: Nissan Datsun 1985-2002   Regular  无可用尺码
2772,1,OK,269,PK-M,皮卡,Nissan,Frontier,2009,,,Crew,,PK-M,269: Nissan Frontier 2009-2021   Crew  PK-M
2773,1,OK,270,PK-M,皮卡,Nissan,Frontier,2009,,,King,,PK-M,270: Nissan Frontier 2009-2021   King  PK-M
2774,1,OK,271,PK-M+,皮卡,Nissan,Frontier,2009,Long,,Crew,,PK-M+,271: Nissan Frontier 2009-2021 Long  Crew  PK-M+
2775,1,OK,269,PK-M,皮卡,Nissan,Frontier,2010,,,Crew,,PK-M,269: Nissan Frontier 2009-2021   Crew  PK-M
2776,1,OK,270,PK-M,皮卡,Nissan,Frontier,2010,,,King,,PK-M,270: Nissan Frontier 2009-2021   King  PK-M
2777,1,OK,271,PK-M+,皮卡,Nissan,Frontier,2010,Long,,Crew,,PK-M+,271: Nissan Frontier 2009-2021 Long  Crew  PK-M+
2778,1,OK,269,PK-M,皮卡,Nissan,Frontier,2011,,,Crew,,PK-M,269: Nissan Frontier 2009-2021   Crew  PK-M
2779,1,OK,270,PK-M,皮卡,Nissan,Frontier,2011,,,King,,PK-M,270: Nissan Frontier 2009-2021   King  PK-M
2780,1,OK,271,PK-M+,皮卡,Nissan,Frontier,2011,Long,,Crew,,PK-M+,271: Nissan Frontier 2009-2021 Long  Crew  PK-M+
2781,1,OK,269,PK-M,皮卡,Nissan,Frontier,2012,,,Crew,,PK-M,269: Nissan Frontier 2009-2021   Crew  PK-M
2782,1,OK,270,PK-M,皮卡,Nissan,Frontier,2012,,,King,,PK-M,270: Nissan Frontier 2009-2021   King  PK-M
2783,1,OK,271,PK-M+,皮卡,Nissan,Frontier,2012,Long,,Crew,,PK-M+,271: Nissan Frontier 2009-2021 Long  Crew  PK-M+
2784,1,OK,269,PK-M,皮卡,Nissan,Frontier,2013,,,Crew,,PK-M,269: Nissan Frontier 2009-2021   Crew  PK-M
2785,1,OK,270,PK-M,皮卡,Nissan,Frontier,2013,,,King,,PK-M,270: Nissan Frontier 2009-2021   King  PK-M
2786,1,OK,271,PK-M+,皮卡,Nissan,Frontier,2013,Long,,Crew,,PK-M+,271: Nissan Frontier 2009-2021 Long  Crew  PK-M+
2787,1,OK,269,PK-M,皮卡,Nissan,Frontier,2014,,,Crew,,PK-M,269: Nissan Frontier 2009-2021   Crew  PK-M
2788,1,OK,270,PK-M,皮卡,Nissan,Frontier,2014,,,King,,PK-M,270: Nissan Frontier 2009-2021   King  PK-M
2789,1,OK,271,PK-M+,皮卡,Nissan,Frontier,2014,Long,,Crew,,PK-M+,271: Nissan Frontier 2009-2021 Long  Crew  PK-M+
2790,1,OK,269,PK-M,皮卡,Nissan,Frontier,2015,,,Crew,,PK-M,269: Nissan Frontier 2009-2021   Crew  PK-M
2791,1,OK,270,PK-M,皮卡,Nissan,Frontier,2015,,,King,,PK-M,270: Nissan Frontier 2009-2021   King  PK-M
2792,1,OK,271,PK-M+,皮卡,Nissan,Frontier,2015,Long,,Crew,,PK-M+,271: Nissan Frontier 2009-2021 Long  Crew  PK-M+
2793,1,OK,269,PK-M,皮卡,Nissan,Frontier,2016,,,Crew,,PK-M,269: Nissan Frontier 2009-2021   Crew  PK-M
2794,1,OK,270,PK-M,皮卡,Nissan,Frontier,2016,,,King,,PK-M,270: Nissan Frontier 2009-2021   King  PK-M
2795,1,OK,271,PK-M+,皮卡,Nissan,Frontier,2016,Long,,Crew,,PK-M+,271: Nissan Frontier 2009-2021 Long  Crew  PK-M+
2796,1,OK,269,PK-M,皮卡,Nissan,Frontier,2017,,,Crew,,PK-M,269: Nissan Frontier 2009-2021   Crew  PK-M
2797,1,OK,270,PK-M,皮卡,Nissan,Frontier,2017,,,King,,PK-M,270: Nissan Frontier 2009-2021   King  PK-M
2798,1,OK,271,PK-M+,皮卡,Nissan,Frontier,2017,Long,,Crew,,PK-M+,271: Nissan Frontier 2009-2021 Long  Crew  PK-M+
2799,1,OK,269,PK-M,皮卡,Nissan,Frontier,2018,,,Crew,,PK-M,269: Nissan Frontier 2009-2021   Crew  PK-M
2800,1,OK,270,PK-M,皮卡,Nissan,Frontier,2018,,,King,,PK-M,270: Nissan Frontier 2009-2021   King  PK-M
2801,1,OK,271,PK-M+,皮卡,Nissan,Frontier,2018,Long,,Crew,,PK-M+,271: Nissan Frontier 2009-2021 Long  Crew  PK-M+
2802,1,OK,269,PK-M,皮卡,Nissan,Frontier,2019,,,Crew,,PK-M,269: Nissan Frontier 2009-2021   Crew  PK-M
2803,1,OK,270,PK-M,皮卡,Nissan,Frontier,2019,,,King,,PK-M,270: Nissan Frontier 2009-2021   King  PK-M
2804,1,OK,271,PK-M+,皮卡,Nissan,Frontier,2019,Long,,Crew,,PK-M+,271: Nissan Frontier 2009-2021 Long  Crew  PK-M+
2805,1,OK,269,PK-M,皮卡,Nissan,Frontier,2020,,,Crew,,PK-M,269: Nissan Frontier 2009-2021   Crew  PK-M
2806,1,OK,270,PK-M,皮卡,Nissan,Frontier,2020,,,King,,PK-M,270: Nissan Frontier 2009-2021   King  PK-M
2807,1,OK,271,PK-M+,皮卡,Nissan,Frontier,2020,Long,,Crew,,PK-M+,271: Nissan Frontier 2009-2021 Long  Crew  PK-M+
2808,2,MULTI,269/273,PK-M/PK-M+,皮卡,Nissan,Frontier,2021,,,Crew,,PK-M,269: Nissan Frontier 2009-2021   Crew  PK-M || 273: Nissan Frontier 2021-2026   Crew  PK-M+
2809,2,MULTI,270/272,PK-M/PK-M+,皮卡,Nissan,Frontier,2021,,,King,,PK-M,270: Nissan Frontier 2009-2021   King  PK-M || 272: Nissan Frontier 2021-2024   King  PK-M+
2810,2,MULTI,269/273,PK-M/PK-M+,皮卡,Nissan,Frontier,2021,,,Crew,,PK-M+,269: Nissan Frontier 2009-2021   Crew  PK-M || 273: Nissan Frontier 2021-2026   Crew  PK-M+
2811,1,OK,271,PK-M+,皮卡,Nissan,Frontier,2021,Long,,Crew,,PK-M+,271: Nissan Frontier 2009-2021 Long  Crew  PK-M+
2812,2,MULTI,270/272,PK-M/PK-M+,皮卡,Nissan,Frontier,2021,,,King,,PK-M+,270: Nissan Frontier 2009-2021   King  PK-M || 272: Nissan Frontier 2021-2024   King  PK-M+
2813,1,OK,273,PK-M+,皮卡,Nissan,Frontier,2022,,,Crew,,PK-M+,273: Nissan Frontier 2021-2026   Crew  PK-M+
2814,1,OK,272,PK-M+,皮卡,Nissan,Frontier,2022,,,King,,PK-M+,272: Nissan Frontier 2021-2024   King  PK-M+
2815,1,OK,273,PK-M+,皮卡,Nissan,Frontier,2023,,,Crew,,PK-M+,273: Nissan Frontier 2021-2026   Crew  PK-M+
2816,1,OK,272,PK-M+,皮卡,Nissan,Frontier,2023,,,King,,PK-M+,272: Nissan Frontier 2021-2024   King  PK-M+
2817,1,OK,273,PK-M+,皮卡,Nissan,Frontier,2024,,,Crew,,PK-M+,273: Nissan Frontier 2021-2026   Crew  PK-M+
2818,1,OK,272,PK-M+,皮卡,Nissan,Frontier,2024,,,King,,PK-M+,272: Nissan Frontier 2021-2024   King  PK-M+
2819,1,OK,273,PK-M+,皮卡,Nissan,Frontier,2025,,,Crew,,PK-M+,273: Nissan Frontier 2021-2026   Crew  PK-M+
2820,1,OK,273,PK-M+,皮卡,Nissan,Frontier,2026,,,Crew,,PK-M+,273: Nissan Frontier 2021-2026   Crew  PK-M+
2821,1,OK,274,PK-M+,皮卡,Nissan,Frontier Pro,2025,,,Double,,PK-M+,274: Nissan Frontier Pro 2025-2026   Double  PK-M+
2822,1,OK,274,PK-M+,皮卡,Nissan,Frontier Pro,2026,,,Double,,PK-M+,274: Nissan Frontier Pro 2025-2026   Double  PK-M+
2823,1,OK,275,无可用尺码,皮卡,Nissan,NP200,2008,,,Regular,,无可用尺码,275: Nissan NP200 2008-2024   Regular  无可用尺码
2824,1,OK,275,无可用尺码,皮卡,Nissan,NP200,2009,,,Regular,,无可用尺码,275: Nissan NP200 2008-2024   Regular  无可用尺码
2825,1,OK,275,无可用尺码,皮卡,Nissan,NP200,2010,,,Regular,,无可用尺码,275: Nissan NP200 2008-2024   Regular  无可用尺码
2826,1,OK,275,无可用尺码,皮卡,Nissan,NP200,2011,,,Regular,,无可用尺码,275: Nissan NP200 2008-2024   Regular  无可用尺码
2827,1,OK,275,无可用尺码,皮卡,Nissan,NP200,2012,,,Regular,,无可用尺码,275: Nissan NP200 2008-2024   Regular  无可用尺码
2828,1,OK,275,无可用尺码,皮卡,Nissan,NP200,2013,,,Regular,,无可用尺码,275: Nissan NP200 2008-2024   Regular  无可用尺码
2829,1,OK,275,无可用尺码,皮卡,Nissan,NP200,2014,,,Regular,,无可用尺码,275: Nissan NP200 2008-2024   Regular  无可用尺码
2830,1,OK,275,无可用尺码,皮卡,Nissan,NP200,2015,,,Regular,,无可用尺码,275: Nissan NP200 2008-2024   Regular  无可用尺码
2831,1,OK,275,无可用尺码,皮卡,Nissan,NP200,2016,,,Regular,,无可用尺码,275: Nissan NP200 2008-2024   Regular  无可用尺码
2832,1,OK,275,无可用尺码,皮卡,Nissan,NP200,2017,,,Regular,,无可用尺码,275: Nissan NP200 2008-2024   Regular  无可用尺码
2833,1,OK,275,无可用尺码,皮卡,Nissan,NP200,2018,,,Regular,,无可用尺码,275: Nissan NP200 2008-2024   Regular  无可用尺码
2834,1,OK,275,无可用尺码,皮卡,Nissan,NP200,2019,,,Regular,,无可用尺码,275: Nissan NP200 2008-2024   Regular  无可用尺码
2835,1,OK,275,无可用尺码,皮卡,Nissan,NP200,2020,,,Regular,,无可用尺码,275: Nissan NP200 2008-2024   Regular  无可用尺码
2836,1,OK,275,无可用尺码,皮卡,Nissan,NP200,2021,,,Regular,,无可用尺码,275: Nissan NP200 2008-2024   Regular  无可用尺码
2837,1,OK,275,无可用尺码,皮卡,Nissan,NP200,2022,,,Regular,,无可用尺码,275: Nissan NP200 2008-2024   Regular  无可用尺码
2838,1,OK,275,无可用尺码,皮卡,Nissan,NP200,2023,,,Regular,,无可用尺码,275: Nissan NP200 2008-2024   Regular  无可用尺码
2839,1,OK,275,无可用尺码,皮卡,Nissan,NP200,2024,,,Regular,,无可用尺码,275: Nissan NP200 2008-2024   Regular  无可用尺码
2840,1,OK,264,PK-M,皮卡,Nissan,NP300,2008,,,Double,,PK-M,264: Nissan NP300 2008-2015   Double/Extended  PK-M
2841,1,OK,264,PK-M,皮卡,Nissan,NP300,2008,,,Extended,,PK-M,264: Nissan NP300 2008-2015   Double/Extended  PK-M
2842,1,OK,276,无可用尺码,皮卡,Nissan,NP300,2008,,,Regular,,无可用尺码,276: Nissan NP300 2008-2015   Regular  无可用尺码
2843,1,OK,264,PK-M,皮卡,Nissan,NP300,2009,,,Double,,PK-M,264: Nissan NP300 2008-2015   Double/Extended  PK-M
2844,1,OK,264,PK-M,皮卡,Nissan,NP300,2009,,,Extended,,PK-M,264: Nissan NP300 2008-2015   Double/Extended  PK-M
2845,1,OK,276,无可用尺码,皮卡,Nissan,NP300,2009,,,Regular,,无可用尺码,276: Nissan NP300 2008-2015   Regular  无可用尺码
2846,1,OK,264,PK-M,皮卡,Nissan,NP300,2010,,,Double,,PK-M,264: Nissan NP300 2008-2015   Double/Extended  PK-M
2847,1,OK,264,PK-M,皮卡,Nissan,NP300,2010,,,Extended,,PK-M,264: Nissan NP300 2008-2015   Double/Extended  PK-M
2848,1,OK,276,无可用尺码,皮卡,Nissan,NP300,2010,,,Regular,,无可用尺码,276: Nissan NP300 2008-2015   Regular  无可用尺码
2849,1,OK,264,PK-M,皮卡,Nissan,NP300,2011,,,Double,,PK-M,264: Nissan NP300 2008-2015   Double/Extended  PK-M
2850,1,OK,264,PK-M,皮卡,Nissan,NP300,2011,,,Extended,,PK-M,264: Nissan NP300 2008-2015   Double/Extended  PK-M
2851,1,OK,276,无可用尺码,皮卡,Nissan,NP300,2011,,,Regular,,无可用尺码,276: Nissan NP300 2008-2015   Regular  无可用尺码
2852,1,OK,264,PK-M,皮卡,Nissan,NP300,2012,,,Double,,PK-M,264: Nissan NP300 2008-2015   Double/Extended  PK-M
2853,1,OK,264,PK-M,皮卡,Nissan,NP300,2012,,,Extended,,PK-M,264: Nissan NP300 2008-2015   Double/Extended  PK-M
2854,1,OK,276,无可用尺码,皮卡,Nissan,NP300,2012,,,Regular,,无可用尺码,276: Nissan NP300 2008-2015   Regular  无可用尺码
2855,1,OK,264,PK-M,皮卡,Nissan,NP300,2013,,,Double,,PK-M,264: Nissan NP300 2008-2015   Double/Extended  PK-M
2856,1,OK,264,PK-M,皮卡,Nissan,NP300,2013,,,Extended,,PK-M,264: Nissan NP300 2008-2015   Double/Extended  PK-M
2857,1,OK,276,无可用尺码,皮卡,Nissan,NP300,2013,,,Regular,,无可用尺码,276: Nissan NP300 2008-2015   Regular  无可用尺码
2858,1,OK,264,PK-M,皮卡,Nissan,NP300,2014,,,Double,,PK-M,264: Nissan NP300 2008-2015   Double/Extended  PK-M
2859,1,OK,264,PK-M,皮卡,Nissan,NP300,2014,,,Extended,,PK-M,264: Nissan NP300 2008-2015   Double/Extended  PK-M
2860,1,OK,276,无可用尺码,皮卡,Nissan,NP300,2014,,,Regular,,无可用尺码,276: Nissan NP300 2008-2015   Regular  无可用尺码
2861,1,OK,264,PK-M,皮卡,Nissan,NP300,2015,,,Double,,PK-M,264: Nissan NP300 2008-2015   Double/Extended  PK-M
2862,1,OK,264,PK-M,皮卡,Nissan,NP300,2015,,,Extended,,PK-M,264: Nissan NP300 2008-2015   Double/Extended  PK-M
2863,1,OK,276,无可用尺码,皮卡,Nissan,NP300,2015,,,Regular,,无可用尺码,276: Nissan NP300 2008-2015   Regular  无可用尺码
2864,1,OK,277,PK-M,皮卡,Nissan,Navara (Frontier),1985,,,Double,,PK-M,277: Nissan Navara (Frontier) 1985-2010   Double  PK-M
2865,1,OK,278,PK-M,皮卡,Nissan,Navara (Frontier),1985,,,Extended,,PK-M,278: Nissan Navara (Frontier) 1985-2015   Extended  PK-M
2866,1,OK,277,PK-M,皮卡,Nissan,Navara (Frontier),1986,,,Double,,PK-M,277: Nissan Navara (Frontier) 1985-2010   Double  PK-M
2867,1,OK,278,PK-M,皮卡,Nissan,Navara (Frontier),1986,,,Extended,,PK-M,278: Nissan Navara (Frontier) 1985-2015   Extended  PK-M
2868,1,OK,277,PK-M,皮卡,Nissan,Navara (Frontier),1987,,,Double,,PK-M,277: Nissan Navara (Frontier) 1985-2010   Double  PK-M
2869,1,OK,278,PK-M,皮卡,Nissan,Navara (Frontier),1987,,,Extended,,PK-M,278: Nissan Navara (Frontier) 1985-2015   Extended  PK-M
2870,1,OK,277,PK-M,皮卡,Nissan,Navara (Frontier),1988,,,Double,,PK-M,277: Nissan Navara (Frontier) 1985-2010   Double  PK-M
2871,1,OK,278,PK-M,皮卡,Nissan,Navara (Frontier),1988,,,Extended,,PK-M,278: Nissan Navara (Frontier) 1985-2015   Extended  PK-M
2872,1,OK,277,PK-M,皮卡,Nissan,Navara (Frontier),1989,,,Double,,PK-M,277: Nissan Navara (Frontier) 1985-2010   Double  PK-M
2873,1,OK,278,PK-M,皮卡,Nissan,Navara (Frontier),1989,,,Extended,,PK-M,278: Nissan Navara (Frontier) 1985-2015   Extended  PK-M
2874,1,OK,277,PK-M,皮卡,Nissan,Navara (Frontier),1990,,,Double,,PK-M,277: Nissan Navara (Frontier) 1985-2010   Double  PK-M
2875,1,OK,278,PK-M,皮卡,Nissan,Navara (Frontier),1990,,,Extended,,PK-M,278: Nissan Navara (Frontier) 1985-2015   Extended  PK-M
2876,1,OK,277,PK-M,皮卡,Nissan,Navara (Frontier),1991,,,Double,,PK-M,277: Nissan Navara (Frontier) 1985-2010   Double  PK-M
2877,1,OK,278,PK-M,皮卡,Nissan,Navara (Frontier),1991,,,Extended,,PK-M,278: Nissan Navara (Frontier) 1985-2015   Extended  PK-M
2878,1,OK,277,PK-M,皮卡,Nissan,Navara (Frontier),1992,,,Double,,PK-M,277: Nissan Navara (Frontier) 1985-2010   Double  PK-M
2879,1,OK,278,PK-M,皮卡,Nissan,Navara (Frontier),1992,,,Extended,,PK-M,278: Nissan Navara (Frontier) 1985-2015   Extended  PK-M
2880,1,OK,277,PK-M,皮卡,Nissan,Navara (Frontier),1993,,,Double,,PK-M,277: Nissan Navara (Frontier) 1985-2010   Double  PK-M
2881,1,OK,278,PK-M,皮卡,Nissan,Navara (Frontier),1993,,,Extended,,PK-M,278: Nissan Navara (Frontier) 1985-2015   Extended  PK-M
2882,1,OK,277,PK-M,皮卡,Nissan,Navara (Frontier),1994,,,Double,,PK-M,277: Nissan Navara (Frontier) 1985-2010   Double  PK-M
2883,1,OK,278,PK-M,皮卡,Nissan,Navara (Frontier),1994,,,Extended,,PK-M,278: Nissan Navara (Frontier) 1985-2015   Extended  PK-M
2884,1,OK,277,PK-M,皮卡,Nissan,Navara (Frontier),1995,,,Double,,PK-M,277: Nissan Navara (Frontier) 1985-2010   Double  PK-M
2885,1,OK,278,PK-M,皮卡,Nissan,Navara (Frontier),1995,,,Extended,,PK-M,278: Nissan Navara (Frontier) 1985-2015   Extended  PK-M
2886,1,OK,277,PK-M,皮卡,Nissan,Navara (Frontier),1996,,,Double,,PK-M,277: Nissan Navara (Frontier) 1985-2010   Double  PK-M
2887,1,OK,278,PK-M,皮卡,Nissan,Navara (Frontier),1996,,,Extended,,PK-M,278: Nissan Navara (Frontier) 1985-2015   Extended  PK-M
2888,1,OK,277,PK-M,皮卡,Nissan,Navara (Frontier),1997,,,Double,,PK-M,277: Nissan Navara (Frontier) 1985-2010   Double  PK-M
2889,1,OK,278,PK-M,皮卡,Nissan,Navara (Frontier),1997,,,Extended,,PK-M,278: Nissan Navara (Frontier) 1985-2015   Extended  PK-M
2890,1,OK,277,PK-M,皮卡,Nissan,Navara (Frontier),1998,,,Double,,PK-M,277: Nissan Navara (Frontier) 1985-2010   Double  PK-M
2891,1,OK,278,PK-M,皮卡,Nissan,Navara (Frontier),1998,,,Extended,,PK-M,278: Nissan Navara (Frontier) 1985-2015   Extended  PK-M
2892,1,OK,277,PK-M,皮卡,Nissan,Navara (Frontier),1999,,,Double,,PK-M,277: Nissan Navara (Frontier) 1985-2010   Double  PK-M
2893,1,OK,278,PK-M,皮卡,Nissan,Navara (Frontier),1999,,,Extended,,PK-M,278: Nissan Navara (Frontier) 1985-2015   Extended  PK-M
2894,1,OK,277,PK-M,皮卡,Nissan,Navara (Frontier),2000,,,Double,,PK-M,277: Nissan Navara (Frontier) 1985-2010   Double  PK-M
2895,1,OK,278,PK-M,皮卡,Nissan,Navara (Frontier),2000,,,Extended,,PK-M,278: Nissan Navara (Frontier) 1985-2015   Extended  PK-M
2896,1,OK,277,PK-M,皮卡,Nissan,Navara (Frontier),2001,,,Double,,PK-M,277: Nissan Navara (Frontier) 1985-2010   Double  PK-M
2897,1,OK,278,PK-M,皮卡,Nissan,Navara (Frontier),2001,,,Extended,,PK-M,278: Nissan Navara (Frontier) 1985-2015   Extended  PK-M
2898,1,OK,277,PK-M,皮卡,Nissan,Navara (Frontier),2002,,,Double,,PK-M,277: Nissan Navara (Frontier) 1985-2010   Double  PK-M
2899,1,OK,278,PK-M,皮卡,Nissan,Navara (Frontier),2002,,,Extended,,PK-M,278: Nissan Navara (Frontier) 1985-2015   Extended  PK-M
2900,1,OK,277,PK-M,皮卡,Nissan,Navara (Frontier),2003,,,Double,,PK-M,277: Nissan Navara (Frontier) 1985-2010   Double  PK-M
2901,1,OK,278,PK-M,皮卡,Nissan,Navara (Frontier),2003,,,Extended,,PK-M,278: Nissan Navara (Frontier) 1985-2015   Extended  PK-M
2902,1,OK,277,PK-M,皮卡,Nissan,Navara (Frontier),2004,,,Double,,PK-M,277: Nissan Navara (Frontier) 1985-2010   Double  PK-M
2903,1,OK,278,PK-M,皮卡,Nissan,Navara (Frontier),2004,,,Extended,,PK-M,278: Nissan Navara (Frontier) 1985-2015   Extended  PK-M
2904,1,OK,277,PK-M,皮卡,Nissan,Navara (Frontier),2005,,,Double,,PK-M,277: Nissan Navara (Frontier) 1985-2010   Double  PK-M
2905,1,OK,278,PK-M,皮卡,Nissan,Navara (Frontier),2005,,,Extended,,PK-M,278: Nissan Navara (Frontier) 1985-2015   Extended  PK-M
2906,1,OK,277,PK-M,皮卡,Nissan,Navara (Frontier),2006,,,Double,,PK-M,277: Nissan Navara (Frontier) 1985-2010   Double  PK-M
2907,1,OK,278,PK-M,皮卡,Nissan,Navara (Frontier),2006,,,Extended,,PK-M,278: Nissan Navara (Frontier) 1985-2015   Extended  PK-M
2908,1,OK,277,PK-M,皮卡,Nissan,Navara (Frontier),2007,,,Double,,PK-M,277: Nissan Navara (Frontier) 1985-2010   Double  PK-M
2909,1,OK,278,PK-M,皮卡,Nissan,Navara (Frontier),2007,,,Extended,,PK-M,278: Nissan Navara (Frontier) 1985-2015   Extended  PK-M
2910,1,OK,277,PK-M,皮卡,Nissan,Navara (Frontier),2008,,,Double,,PK-M,277: Nissan Navara (Frontier) 1985-2010   Double  PK-M
2911,1,OK,278,PK-M,皮卡,Nissan,Navara (Frontier),2008,,,Extended,,PK-M,278: Nissan Navara (Frontier) 1985-2015   Extended  PK-M
2912,1,OK,277,PK-M,皮卡,Nissan,Navara (Frontier),2009,,,Double,,PK-M,277: Nissan Navara (Frontier) 1985-2010   Double  PK-M
2913,1,OK,278,PK-M,皮卡,Nissan,Navara (Frontier),2009,,,Extended,,PK-M,278: Nissan Navara (Frontier) 1985-2015   Extended  PK-M
2914,2,MULTI,277/279,PK-M/PK-M+,皮卡,Nissan,Navara (Frontier),2010,,,Double,,PK-M,277: Nissan Navara (Frontier) 1985-2010   Double  PK-M || 279: Nissan Navara (Frontier) 2010-2015   Double  PK-M+
2915,1,OK,278,PK-M,皮卡,Nissan,Navara (Frontier),2010,,,Extended,,PK-M,278: Nissan Navara (Frontier) 1985-2015   Extended  PK-M
2916,1,OK,280,PK-M,皮卡,Nissan,Navara (Frontier),2010,,,Regular,,PK-M,280: Nissan Navara (Frontier) 2010-2015   Regular  PK-M
2917,2,MULTI,277/279,PK-M/PK-M+,皮卡,Nissan,Navara (Frontier),2010,,,Double,,PK-M+,277: Nissan Navara (Frontier) 1985-2010   Double  PK-M || 279: Nissan Navara (Frontier) 2010-2015   Double  PK-M+
2918,1,OK,278,PK-M,皮卡,Nissan,Navara (Frontier),2011,,,Extended,,PK-M,278: Nissan Navara (Frontier) 1985-2015   Extended  PK-M
2919,1,OK,280,PK-M,皮卡,Nissan,Navara (Frontier),2011,,,Regular,,PK-M,280: Nissan Navara (Frontier) 2010-2015   Regular  PK-M
2920,1,OK,279,PK-M+,皮卡,Nissan,Navara (Frontier),2011,,,Double,,PK-M+,279: Nissan Navara (Frontier) 2010-2015   Double  PK-M+
2921,1,OK,278,PK-M,皮卡,Nissan,Navara (Frontier),2012,,,Extended,,PK-M,278: Nissan Navara (Frontier) 1985-2015   Extended  PK-M
2922,1,OK,280,PK-M,皮卡,Nissan,Navara (Frontier),2012,,,Regular,,PK-M,280: Nissan Navara (Frontier) 2010-2015   Regular  PK-M
2923,1,OK,279,PK-M+,皮卡,Nissan,Navara (Frontier),2012,,,Double,,PK-M+,279: Nissan Navara (Frontier) 2010-2015   Double  PK-M+
2924,1,OK,278,PK-M,皮卡,Nissan,Navara (Frontier),2013,,,Extended,,PK-M,278: Nissan Navara (Frontier) 1985-2015   Extended  PK-M
2925,1,OK,280,PK-M,皮卡,Nissan,Navara (Frontier),2013,,,Regular,,PK-M,280: Nissan Navara (Frontier) 2010-2015   Regular  PK-M
2926,1,OK,279,PK-M+,皮卡,Nissan,Navara (Frontier),2013,,,Double,,PK-M+,279: Nissan Navara (Frontier) 2010-2015   Double  PK-M+
2927,2,MULTI,279/281,PK-M/PK-M+,皮卡,Nissan,Navara (Frontier),2014,,,Double,,PK-M,279: Nissan Navara (Frontier) 2010-2015   Double  PK-M+ || 281: Nissan Navara (Frontier) 2014-2026   Double  PK-M
2928,1,OK,278,PK-M,皮卡,Nissan,Navara (Frontier),2014,,,Extended,,PK-M,278: Nissan Navara (Frontier) 1985-2015   Extended  PK-M
2929,1,OK,282,PK-M,皮卡,Nissan,Navara (Frontier),2014,,,King,,PK-M,282: Nissan Navara (Frontier) 2014-2026   King  PK-M
2930,1,OK,280,PK-M,皮卡,Nissan,Navara (Frontier),2014,,,Regular,,PK-M,280: Nissan Navara (Frontier) 2010-2015   Regular  PK-M
2931,2,MULTI,279/281,PK-M/PK-M+,皮卡,Nissan,Navara (Frontier),2014,,,Double,,PK-M+,279: Nissan Navara (Frontier) 2010-2015   Double  PK-M+ || 281: Nissan Navara (Frontier) 2014-2026   Double  PK-M
2932,2,MULTI,279/281,PK-M/PK-M+,皮卡,Nissan,Navara (Frontier),2015,,,Double,,PK-M,279: Nissan Navara (Frontier) 2010-2015   Double  PK-M+ || 281: Nissan Navara (Frontier) 2014-2026   Double  PK-M
2933,1,OK,278,PK-M,皮卡,Nissan,Navara (Frontier),2015,,,Extended,,PK-M,278: Nissan Navara (Frontier) 1985-2015   Extended  PK-M
2934,1,OK,282,PK-M,皮卡,Nissan,Navara (Frontier),2015,,,King,,PK-M,282: Nissan Navara (Frontier) 2014-2026   King  PK-M
2935,1,OK,280,PK-M,皮卡,Nissan,Navara (Frontier),2015,,,Regular,,PK-M,280: Nissan Navara (Frontier) 2010-2015   Regular  PK-M
2936,2,MULTI,279/281,PK-M/PK-M+,皮卡,Nissan,Navara (Frontier),2015,,,Double,,PK-M+,279: Nissan Navara (Frontier) 2010-2015   Double  PK-M+ || 281: Nissan Navara (Frontier) 2014-2026   Double  PK-M
2937,1,OK,281,PK-M,皮卡,Nissan,Navara (Frontier),2016,,,Double,,PK-M,281: Nissan Navara (Frontier) 2014-2026   Double  PK-M
2938,1,OK,282,PK-M,皮卡,Nissan,Navara (Frontier),2016,,,King,,PK-M,282: Nissan Navara (Frontier) 2014-2026   King  PK-M
2939,1,OK,281,PK-M,皮卡,Nissan,Navara (Frontier),2017,,,Double,,PK-M,281: Nissan Navara (Frontier) 2014-2026   Double  PK-M
2940,1,OK,282,PK-M,皮卡,Nissan,Navara (Frontier),2017,,,King,,PK-M,282: Nissan Navara (Frontier) 2014-2026   King  PK-M
2941,1,OK,281,PK-M,皮卡,Nissan,Navara (Frontier),2018,,,Double,,PK-M,281: Nissan Navara (Frontier) 2014-2026   Double  PK-M
2942,1,OK,282,PK-M,皮卡,Nissan,Navara (Frontier),2018,,,King,,PK-M,282: Nissan Navara (Frontier) 2014-2026   King  PK-M
2943,1,OK,281,PK-M,皮卡,Nissan,Navara (Frontier),2019,,,Double,,PK-M,281: Nissan Navara (Frontier) 2014-2026   Double  PK-M
2944,1,OK,282,PK-M,皮卡,Nissan,Navara (Frontier),2019,,,King,,PK-M,282: Nissan Navara (Frontier) 2014-2026   King  PK-M
2945,1,OK,281,PK-M,皮卡,Nissan,Navara (Frontier),2020,,,Double,,PK-M,281: Nissan Navara (Frontier) 2014-2026   Double  PK-M
2946,1,OK,282,PK-M,皮卡,Nissan,Navara (Frontier),2020,,,King,,PK-M,282: Nissan Navara (Frontier) 2014-2026   King  PK-M
2947,1,OK,281,PK-M,皮卡,Nissan,Navara (Frontier),2021,,,Double,,PK-M,281: Nissan Navara (Frontier) 2014-2026   Double  PK-M
2948,1,OK,282,PK-M,皮卡,Nissan,Navara (Frontier),2021,,,King,,PK-M,282: Nissan Navara (Frontier) 2014-2026   King  PK-M
2949,1,OK,281,PK-M,皮卡,Nissan,Navara (Frontier),2022,,,Double,,PK-M,281: Nissan Navara (Frontier) 2014-2026   Double  PK-M
2950,1,OK,282,PK-M,皮卡,Nissan,Navara (Frontier),2022,,,King,,PK-M,282: Nissan Navara (Frontier) 2014-2026   King  PK-M
2951,1,OK,281,PK-M,皮卡,Nissan,Navara (Frontier),2023,,,Double,,PK-M,281: Nissan Navara (Frontier) 2014-2026   Double  PK-M
2952,1,OK,282,PK-M,皮卡,Nissan,Navara (Frontier),2023,,,King,,PK-M,282: Nissan Navara (Frontier) 2014-2026   King  PK-M
2953,1,OK,281,PK-M,皮卡,Nissan,Navara (Frontier),2024,,,Double,,PK-M,281: Nissan Navara (Frontier) 2014-2026   Double  PK-M
2954,1,OK,282,PK-M,皮卡,Nissan,Navara (Frontier),2024,,,King,,PK-M,282: Nissan Navara (Frontier) 2014-2026   King  PK-M
2955,1,OK,281,PK-M,皮卡,Nissan,Navara (Frontier),2025,,,Double,,PK-M,281: Nissan Navara (Frontier) 2014-2026   Double  PK-M
2956,1,OK,282,PK-M,皮卡,Nissan,Navara (Frontier),2025,,,King,,PK-M,282: Nissan Navara (Frontier) 2014-2026   King  PK-M
2957,1,OK,281,PK-M,皮卡,Nissan,Navara (Frontier),2026,,,Double,,PK-M,281: Nissan Navara (Frontier) 2014-2026   Double  PK-M
2958,1,OK,282,PK-M,皮卡,Nissan,Navara (Frontier),2026,,,King,,PK-M,282: Nissan Navara (Frontier) 2014-2026   King  PK-M
2959,1,OK,283,PK-M,皮卡,Nissan,Patrol,2004,,,Regular,,PK-M,283: Nissan Patrol 2004-2024   Regular  PK-M
2960,1,OK,283,PK-M,皮卡,Nissan,Patrol,2005,,,Regular,,PK-M,283: Nissan Patrol 2004-2024   Regular  PK-M
2961,1,OK,283,PK-M,皮卡,Nissan,Patrol,2006,,,Regular,,PK-M,283: Nissan Patrol 2004-2024   Regular  PK-M
2962,1,OK,283,PK-M,皮卡,Nissan,Patrol,2007,,,Regular,,PK-M,283: Nissan Patrol 2004-2024   Regular  PK-M
2963,1,OK,283,PK-M,皮卡,Nissan,Patrol,2008,,,Regular,,PK-M,283: Nissan Patrol 2004-2024   Regular  PK-M
2964,1,OK,283,PK-M,皮卡,Nissan,Patrol,2009,,,Regular,,PK-M,283: Nissan Patrol 2004-2024   Regular  PK-M
2965,1,OK,283,PK-M,皮卡,Nissan,Patrol,2010,,,Regular,,PK-M,283: Nissan Patrol 2004-2024   Regular  PK-M
2966,1,OK,283,PK-M,皮卡,Nissan,Patrol,2011,,,Regular,,PK-M,283: Nissan Patrol 2004-2024   Regular  PK-M
2967,1,OK,283,PK-M,皮卡,Nissan,Patrol,2012,,,Regular,,PK-M,283: Nissan Patrol 2004-2024   Regular  PK-M
2968,1,OK,283,PK-M,皮卡,Nissan,Patrol,2013,,,Regular,,PK-M,283: Nissan Patrol 2004-2024   Regular  PK-M
2969,1,OK,283,PK-M,皮卡,Nissan,Patrol,2014,,,Regular,,PK-M,283: Nissan Patrol 2004-2024   Regular  PK-M
2970,1,OK,283,PK-M,皮卡,Nissan,Patrol,2015,,,Regular,,PK-M,283: Nissan Patrol 2004-2024   Regular  PK-M
2971,1,OK,283,PK-M,皮卡,Nissan,Patrol,2016,,,Regular,,PK-M,283: Nissan Patrol 2004-2024   Regular  PK-M
2972,1,OK,283,PK-M,皮卡,Nissan,Patrol,2017,,,Regular,,PK-M,283: Nissan Patrol 2004-2024   Regular  PK-M
2973,1,OK,283,PK-M,皮卡,Nissan,Patrol,2018,,,Regular,,PK-M,283: Nissan Patrol 2004-2024   Regular  PK-M
2974,1,OK,283,PK-M,皮卡,Nissan,Patrol,2019,,,Regular,,PK-M,283: Nissan Patrol 2004-2024   Regular  PK-M
2975,1,OK,283,PK-M,皮卡,Nissan,Patrol,2020,,,Regular,,PK-M,283: Nissan Patrol 2004-2024   Regular  PK-M
2976,1,OK,283,PK-M,皮卡,Nissan,Patrol,2021,,,Regular,,PK-M,283: Nissan Patrol 2004-2024   Regular  PK-M
2977,1,OK,283,PK-M,皮卡,Nissan,Patrol,2022,,,Regular,,PK-M,283: Nissan Patrol 2004-2024   Regular  PK-M
2978,1,OK,283,PK-M,皮卡,Nissan,Patrol,2023,,,Regular,,PK-M,283: Nissan Patrol 2004-2024   Regular  PK-M
2979,1,OK,283,PK-M,皮卡,Nissan,Patrol,2024,,,Regular,,PK-M,283: Nissan Patrol 2004-2024   Regular  PK-M
2980,1,OK,284,无可用尺码,皮卡,Nissan,Sunny,1989,,,Regular,,无可用尺码,284: Nissan Sunny 1989-1994   Regular  无可用尺码
2981,1,OK,284,无可用尺码,皮卡,Nissan,Sunny,1990,,,Regular,,无可用尺码,284: Nissan Sunny 1989-1994   Regular  无可用尺码
2982,1,OK,284,无可用尺码,皮卡,Nissan,Sunny,1991,,,Regular,,无可用尺码,284: Nissan Sunny 1989-1994   Regular  无可用尺码
2983,1,OK,284,无可用尺码,皮卡,Nissan,Sunny,1992,,,Regular,,无可用尺码,284: Nissan Sunny 1989-1994   Regular  无可用尺码
2984,1,OK,284,无可用尺码,皮卡,Nissan,Sunny,1993,,,Regular,,无可用尺码,284: Nissan Sunny 1989-1994   Regular  无可用尺码
2985,1,OK,284,无可用尺码,皮卡,Nissan,Sunny,1994,,,Regular,,无可用尺码,284: Nissan Sunny 1989-1994   Regular  无可用尺码
2986,1,OK,285,PK-L,皮卡,Nissan,Titan,2003,,,Double,,PK-L,285: Nissan Titan 2003-2015   Double  PK-L
2987,1,OK,286,PK-L,皮卡,Nissan,Titan,2003,,,Extended,,PK-L,286: Nissan Titan 2003-2019   Extended  PK-L
2988,1,OK,285,PK-L,皮卡,Nissan,Titan,2004,,,Double,,PK-L,285: Nissan Titan 2003-2015   Double  PK-L
2989,1,OK,286,PK-L,皮卡,Nissan,Titan,2004,,,Extended,,PK-L,286: Nissan Titan 2003-2019   Extended  PK-L
2990,1,OK,285,PK-L,皮卡,Nissan,Titan,2005,,,Double,,PK-L,285: Nissan Titan 2003-2015   Double  PK-L
2991,1,OK,286,PK-L,皮卡,Nissan,Titan,2005,,,Extended,,PK-L,286: Nissan Titan 2003-2019   Extended  PK-L
2992,1,OK,285,PK-L,皮卡,Nissan,Titan,2006,,,Double,,PK-L,285: Nissan Titan 2003-2015   Double  PK-L
2993,1,OK,286,PK-L,皮卡,Nissan,Titan,2006,,,Extended,,PK-L,286: Nissan Titan 2003-2019   Extended  PK-L
2994,1,OK,285,PK-L,皮卡,Nissan,Titan,2007,,,Double,,PK-L,285: Nissan Titan 2003-2015   Double  PK-L
2995,1,OK,286,PK-L,皮卡,Nissan,Titan,2007,,,Extended,,PK-L,286: Nissan Titan 2003-2019   Extended  PK-L
2996,1,OK,285,PK-L,皮卡,Nissan,Titan,2008,,,Double,,PK-L,285: Nissan Titan 2003-2015   Double  PK-L
2997,1,OK,286,PK-L,皮卡,Nissan,Titan,2008,,,Extended,,PK-L,286: Nissan Titan 2003-2019   Extended  PK-L
2998,1,OK,285,PK-L,皮卡,Nissan,Titan,2009,,,Double,,PK-L,285: Nissan Titan 2003-2015   Double  PK-L
2999,1,OK,286,PK-L,皮卡,Nissan,Titan,2009,,,Extended,,PK-L,286: Nissan Titan 2003-2019   Extended  PK-L
3000,1,OK,285,PK-L,皮卡,Nissan,Titan,2010,,,Double,,PK-L,285: Nissan Titan 2003-2015   Double  PK-L
3001,1,OK,286,PK-L,皮卡,Nissan,Titan,2010,,,Extended,,PK-L,286: Nissan Titan 2003-2019   Extended  PK-L
3002,1,OK,285,PK-L,皮卡,Nissan,Titan,2011,,,Double,,PK-L,285: Nissan Titan 2003-2015   Double  PK-L
3003,1,OK,286,PK-L,皮卡,Nissan,Titan,2011,,,Extended,,PK-L,286: Nissan Titan 2003-2019   Extended  PK-L
3004,1,OK,285,PK-L,皮卡,Nissan,Titan,2012,,,Double,,PK-L,285: Nissan Titan 2003-2015   Double  PK-L
3005,1,OK,286,PK-L,皮卡,Nissan,Titan,2012,,,Extended,,PK-L,286: Nissan Titan 2003-2019   Extended  PK-L
3006,1,OK,285,PK-L,皮卡,Nissan,Titan,2013,,,Double,,PK-L,285: Nissan Titan 2003-2015   Double  PK-L
3007,1,OK,286,PK-L,皮卡,Nissan,Titan,2013,,,Extended,,PK-L,286: Nissan Titan 2003-2019   Extended  PK-L
3008,1,OK,285,PK-L,皮卡,Nissan,Titan,2014,,,Double,,PK-L,285: Nissan Titan 2003-2015   Double  PK-L
3009,1,OK,286,PK-L,皮卡,Nissan,Titan,2014,,,Extended,,PK-L,286: Nissan Titan 2003-2019   Extended  PK-L
3010,2,MULTI,285/287,PK-L/PK-XXL,皮卡,Nissan,Titan,2015,,,Double,,PK-L,285: Nissan Titan 2003-2015   Double  PK-L || 287: Nissan Titan 2015-2019   Double  PK-XXL
3011,1,OK,286,PK-L,皮卡,Nissan,Titan,2015,,,Extended,,PK-L,286: Nissan Titan 2003-2019   Extended  PK-L
3012,1,OK,288,PK-L,皮卡,Nissan,Titan,2015,,,Regular,,PK-L,288: Nissan Titan 2015-2019   Regular  PK-L
3013,2,MULTI,285/287,PK-L/PK-XXL,皮卡,Nissan,Titan,2015,,,Double,,PK-XXL,285: Nissan Titan 2003-2015   Double  PK-L || 287: Nissan Titan 2015-2019   Double  PK-XXL
3014,1,OK,286,PK-L,皮卡,Nissan,Titan,2016,,,Extended,,PK-L,286: Nissan Titan 2003-2019   Extended  PK-L
3015,1,OK,288,PK-L,皮卡,Nissan,Titan,2016,,,Regular,,PK-L,288: Nissan Titan 2015-2019   Regular  PK-L
3016,1,OK,287,PK-XXL,皮卡,Nissan,Titan,2016,,,Double,,PK-XXL,287: Nissan Titan 2015-2019   Double  PK-XXL
3017,1,OK,286,PK-L,皮卡,Nissan,Titan,2017,,,Extended,,PK-L,286: Nissan Titan 2003-2019   Extended  PK-L
3018,1,OK,288,PK-L,皮卡,Nissan,Titan,2017,,,Regular,,PK-L,288: Nissan Titan 2015-2019   Regular  PK-L
3019,1,OK,287,PK-XXL,皮卡,Nissan,Titan,2017,,,Double,,PK-XXL,287: Nissan Titan 2015-2019   Double  PK-XXL
3020,1,OK,286,PK-L,皮卡,Nissan,Titan,2018,,,Extended,,PK-L,286: Nissan Titan 2003-2019   Extended  PK-L
3021,1,OK,288,PK-L,皮卡,Nissan,Titan,2018,,,Regular,,PK-L,288: Nissan Titan 2015-2019   Regular  PK-L
3022,1,OK,287,PK-XXL,皮卡,Nissan,Titan,2018,,,Double,,PK-XXL,287: Nissan Titan 2015-2019   Double  PK-XXL
3023,2,MULTI,287/289,PK-L/PK-XXL,皮卡,Nissan,Titan,2019,,,Double,,PK-L,287: Nissan Titan 2015-2019   Double  PK-XXL || 289: Nissan Titan 2019-2024   Double  PK-L
3024,1,OK,286,PK-L,皮卡,Nissan,Titan,2019,,,Extended,,PK-L,286: Nissan Titan 2003-2019   Extended  PK-L
3025,1,OK,288,PK-L,皮卡,Nissan,Titan,2019,,,Regular,,PK-L,288: Nissan Titan 2015-2019   Regular  PK-L
3026,2,MULTI,287/289,PK-L/PK-XXL,皮卡,Nissan,Titan,2019,,,Double,,PK-XXL,287: Nissan Titan 2015-2019   Double  PK-XXL || 289: Nissan Titan 2019-2024   Double  PK-L
3027,1,OK,289,PK-L,皮卡,Nissan,Titan,2020,,,Double,,PK-L,289: Nissan Titan 2019-2024   Double  PK-L
3028,1,OK,289,PK-L,皮卡,Nissan,Titan,2021,,,Double,,PK-L,289: Nissan Titan 2019-2024   Double  PK-L
3029,1,OK,289,PK-L,皮卡,Nissan,Titan,2022,,,Double,,PK-L,289: Nissan Titan 2019-2024   Double  PK-L
3030,1,OK,289,PK-L,皮卡,Nissan,Titan,2023,,,Double,,PK-L,289: Nissan Titan 2019-2024   Double  PK-L
3031,1,OK,289,PK-L,皮卡,Nissan,Titan,2024,,,Double,,PK-L,289: Nissan Titan 2019-2024   Double  PK-L
3032,1,OK,290,PK-M+,皮卡,Oting,Z9,2025,,,Double,,PK-M+,290: Oting Z9 2025-2026   Double  PK-M+
3033,1,OK,290,PK-M+,皮卡,Oting,Z9,2026,,,Double,,PK-M+,290: Oting Z9 2025-2026   Double  PK-M+
3034,1,OK,291,PK-M,皮卡,Peugeot,504,1968,,,Regular,,PK-M,291: Peugeot 504 1968-1996   Regular  PK-M
3035,1,OK,291,PK-M,皮卡,Peugeot,504,1969,,,Regular,,PK-M,291: Peugeot 504 1968-1996   Regular  PK-M
3036,1,OK,291,PK-M,皮卡,Peugeot,504,1970,,,Regular,,PK-M,291: Peugeot 504 1968-1996   Regular  PK-M
3037,1,OK,291,PK-M,皮卡,Peugeot,504,1971,,,Regular,,PK-M,291: Peugeot 504 1968-1996   Regular  PK-M
3038,1,OK,291,PK-M,皮卡,Peugeot,504,1972,,,Regular,,PK-M,291: Peugeot 504 1968-1996   Regular  PK-M
3039,1,OK,291,PK-M,皮卡,Peugeot,504,1973,,,Regular,,PK-M,291: Peugeot 504 1968-1996   Regular  PK-M
3040,1,OK,291,PK-M,皮卡,Peugeot,504,1974,,,Regular,,PK-M,291: Peugeot 504 1968-1996   Regular  PK-M
3041,1,OK,291,PK-M,皮卡,Peugeot,504,1975,,,Regular,,PK-M,291: Peugeot 504 1968-1996   Regular  PK-M
3042,1,OK,291,PK-M,皮卡,Peugeot,504,1976,,,Regular,,PK-M,291: Peugeot 504 1968-1996   Regular  PK-M
3043,1,OK,291,PK-M,皮卡,Peugeot,504,1977,,,Regular,,PK-M,291: Peugeot 504 1968-1996   Regular  PK-M
3044,1,OK,291,PK-M,皮卡,Peugeot,504,1978,,,Regular,,PK-M,291: Peugeot 504 1968-1996   Regular  PK-M
3045,1,OK,291,PK-M,皮卡,Peugeot,504,1979,,,Regular,,PK-M,291: Peugeot 504 1968-1996   Regular  PK-M
3046,1,OK,291,PK-M,皮卡,Peugeot,504,1980,,,Regular,,PK-M,291: Peugeot 504 1968-1996   Regular  PK-M
3047,1,OK,291,PK-M,皮卡,Peugeot,504,1981,,,Regular,,PK-M,291: Peugeot 504 1968-1996   Regular  PK-M
3048,1,OK,291,PK-M,皮卡,Peugeot,504,1982,,,Regular,,PK-M,291: Peugeot 504 1968-1996   Regular  PK-M
3049,1,OK,291,PK-M,皮卡,Peugeot,504,1983,,,Regular,,PK-M,291: Peugeot 504 1968-1996   Regular  PK-M
3050,1,OK,291,PK-M,皮卡,Peugeot,504,1984,,,Regular,,PK-M,291: Peugeot 504 1968-1996   Regular  PK-M
3051,1,OK,291,PK-M,皮卡,Peugeot,504,1985,,,Regular,,PK-M,291: Peugeot 504 1968-1996   Regular  PK-M
3052,1,OK,291,PK-M,皮卡,Peugeot,504,1986,,,Regular,,PK-M,291: Peugeot 504 1968-1996   Regular  PK-M
3053,1,OK,291,PK-M,皮卡,Peugeot,504,1987,,,Regular,,PK-M,291: Peugeot 504 1968-1996   Regular  PK-M
3054,1,OK,291,PK-M,皮卡,Peugeot,504,1988,,,Regular,,PK-M,291: Peugeot 504 1968-1996   Regular  PK-M
3055,1,OK,291,PK-M,皮卡,Peugeot,504,1989,,,Regular,,PK-M,291: Peugeot 504 1968-1996   Regular  PK-M
3056,1,OK,291,PK-M,皮卡,Peugeot,504,1990,,,Regular,,PK-M,291: Peugeot 504 1968-1996   Regular  PK-M
3057,1,OK,291,PK-M,皮卡,Peugeot,504,1991,,,Regular,,PK-M,291: Peugeot 504 1968-1996   Regular  PK-M
3058,1,OK,291,PK-M,皮卡,Peugeot,504,1992,,,Regular,,PK-M,291: Peugeot 504 1968-1996   Regular  PK-M
3059,1,OK,291,PK-M,皮卡,Peugeot,504,1993,,,Regular,,PK-M,291: Peugeot 504 1968-1996   Regular  PK-M
3060,1,OK,291,PK-M,皮卡,Peugeot,504,1994,,,Regular,,PK-M,291: Peugeot 504 1968-1996   Regular  PK-M
3061,1,OK,291,PK-M,皮卡,Peugeot,504,1995,,,Regular,,PK-M,291: Peugeot 504 1968-1996   Regular  PK-M
3062,1,OK,291,PK-M,皮卡,Peugeot,504,1996,,,Regular,,PK-M,291: Peugeot 504 1968-1996   Regular  PK-M
3063,1,OK,292,PK-M,皮卡,Peugeot,Landtrek,2020,,,Double,,PK-M,292: Peugeot Landtrek 2020-2024   Double  PK-M
3064,1,OK,292,PK-M,皮卡,Peugeot,Landtrek,2021,,,Double,,PK-M,292: Peugeot Landtrek 2020-2024   Double  PK-M
3065,1,OK,292,PK-M,皮卡,Peugeot,Landtrek,2022,,,Double,,PK-M,292: Peugeot Landtrek 2020-2024   Double  PK-M
3066,1,OK,292,PK-M,皮卡,Peugeot,Landtrek,2023,,,Double,,PK-M,292: Peugeot Landtrek 2020-2024   Double  PK-M
3067,1,OK,292,PK-M,皮卡,Peugeot,Landtrek,2024,,,Double,,PK-M,292: Peugeot Landtrek 2020-2024   Double  PK-M
3068,1,OK,293,PK-M,皮卡,Peugeot,Pick Up,2017,,,Double,,PK-M,293: Peugeot Pick Up 2017-2021   Double  PK-M
3069,1,OK,293,PK-M,皮卡,Peugeot,Pick Up,2018,,,Double,,PK-M,293: Peugeot Pick Up 2017-2021   Double  PK-M
3070,1,OK,293,PK-M,皮卡,Peugeot,Pick Up,2019,,,Double,,PK-M,293: Peugeot Pick Up 2017-2021   Double  PK-M
3071,1,OK,293,PK-M,皮卡,Peugeot,Pick Up,2020,,,Double,,PK-M,293: Peugeot Pick Up 2017-2021   Double  PK-M
3072,1,OK,293,PK-M,皮卡,Peugeot,Pick Up,2021,,,Double,,PK-M,293: Peugeot Pick Up 2017-2021   Double  PK-M
3073,1,OK,294,无可用尺码,皮卡,Proton,Arena,2002,,,Regular,,无可用尺码,294: Proton Arena 2002-2010   Regular  无可用尺码
3074,1,OK,294,无可用尺码,皮卡,Proton,Arena,2003,,,Regular,,无可用尺码,294: Proton Arena 2002-2010   Regular  无可用尺码
3075,1,OK,294,无可用尺码,皮卡,Proton,Arena,2004,,,Regular,,无可用尺码,294: Proton Arena 2002-2010   Regular  无可用尺码
3076,1,OK,294,无可用尺码,皮卡,Proton,Arena,2005,,,Regular,,无可用尺码,294: Proton Arena 2002-2010   Regular  无可用尺码
3077,1,OK,294,无可用尺码,皮卡,Proton,Arena,2006,,,Regular,,无可用尺码,294: Proton Arena 2002-2010   Regular  无可用尺码
3078,1,OK,294,无可用尺码,皮卡,Proton,Arena,2007,,,Regular,,无可用尺码,294: Proton Arena 2002-2010   Regular  无可用尺码
3079,1,OK,294,无可用尺码,皮卡,Proton,Arena,2008,,,Regular,,无可用尺码,294: Proton Arena 2002-2010   Regular  无可用尺码
3080,1,OK,294,无可用尺码,皮卡,Proton,Arena,2009,,,Regular,,无可用尺码,294: Proton Arena 2002-2010   Regular  无可用尺码
3081,1,OK,294,无可用尺码,皮卡,Proton,Arena,2010,,,Regular,,无可用尺码,294: Proton Arena 2002-2010   Regular  无可用尺码
3082,1,OK,295,PK-M+,皮卡,Qingling,Taga H,2021,,,Double,,PK-M+,295: Qingling Taga H 2021-2026   Double  PK-M+
3083,1,OK,295,PK-M+,皮卡,Qingling,Taga H,2022,,,Double,,PK-M+,295: Qingling Taga H 2021-2026   Double  PK-M+
3084,1,OK,295,PK-M+,皮卡,Qingling,Taga H,2023,,,Double,,PK-M+,295: Qingling Taga H 2021-2026   Double  PK-M+
3085,1,OK,295,PK-M+,皮卡,Qingling,Taga H,2024,,,Double,,PK-M+,295: Qingling Taga H 2021-2026   Double  PK-M+
3086,1,OK,295,PK-M+,皮卡,Qingling,Taga H,2025,,,Double,,PK-M+,295: Qingling Taga H 2021-2026   Double  PK-M+
3087,1,OK,295,PK-M+,皮卡,Qingling,Taga H,2026,,,Double,,PK-M+,295: Qingling Taga H 2021-2026   Double  PK-M+
3088,1,OK,296,PK-M,皮卡,Radar,RD6,2022,,,Double,,PK-M,296: Radar RD6 2022-2026   Double  PK-M
3089,1,OK,296,PK-M,皮卡,Radar,RD6,2023,,,Double,,PK-M,296: Radar RD6 2022-2026   Double  PK-M
3090,1,OK,296,PK-M,皮卡,Radar,RD6,2024,,,Double,,PK-M,296: Radar RD6 2022-2026   Double  PK-M
3091,1,OK,296,PK-M,皮卡,Radar,RD6,2025,,,Double,,PK-M,296: Radar RD6 2022-2026   Double  PK-M
3092,1,OK,296,PK-M,皮卡,Radar,RD6,2026,,,Double,,PK-M,296: Radar RD6 2022-2026   Double  PK-M
3093,1,OK,297,PK-L,皮卡,Ram,1500,2011,,,Crew,,PK-L,297: Ram 1500 2011-2024   Crew  PK-L
3094,1,OK,299,PK-L,皮卡,Ram,1500,2011,,,Quad,,PK-L,299: Ram 1500 2011-2026   Quad  PK-L
3095,1,OK,298,PK-M,皮卡,Ram,1500,2011,,,Regular,,PK-M,298: Ram 1500 2011-2024   Regular  PK-M
3096,1,OK,297,PK-L,皮卡,Ram,1500,2012,,,Crew,,PK-L,297: Ram 1500 2011-2024   Crew  PK-L
3097,1,OK,299,PK-L,皮卡,Ram,1500,2012,,,Quad,,PK-L,299: Ram 1500 2011-2026   Quad  PK-L
3098,1,OK,298,PK-M,皮卡,Ram,1500,2012,,,Regular,,PK-M,298: Ram 1500 2011-2024   Regular  PK-M
3099,1,OK,297,PK-L,皮卡,Ram,1500,2013,,,Crew,,PK-L,297: Ram 1500 2011-2024   Crew  PK-L
3100,1,OK,299,PK-L,皮卡,Ram,1500,2013,,,Quad,,PK-L,299: Ram 1500 2011-2026   Quad  PK-L
3101,1,OK,298,PK-M,皮卡,Ram,1500,2013,,,Regular,,PK-M,298: Ram 1500 2011-2024   Regular  PK-M
3102,1,OK,297,PK-L,皮卡,Ram,1500,2014,,,Crew,,PK-L,297: Ram 1500 2011-2024   Crew  PK-L
3103,1,OK,299,PK-L,皮卡,Ram,1500,2014,,,Quad,,PK-L,299: Ram 1500 2011-2026   Quad  PK-L
3104,1,OK,298,PK-M,皮卡,Ram,1500,2014,,,Regular,,PK-M,298: Ram 1500 2011-2024   Regular  PK-M
3105,1,OK,297,PK-L,皮卡,Ram,1500,2015,,,Crew,,PK-L,297: Ram 1500 2011-2024   Crew  PK-L
3106,1,OK,299,PK-L,皮卡,Ram,1500,2015,,,Quad,,PK-L,299: Ram 1500 2011-2026   Quad  PK-L
3107,1,OK,298,PK-M,皮卡,Ram,1500,2015,,,Regular,,PK-M,298: Ram 1500 2011-2024   Regular  PK-M
3108,1,OK,297,PK-L,皮卡,Ram,1500,2016,,,Crew,,PK-L,297: Ram 1500 2011-2024   Crew  PK-L
3109,1,OK,299,PK-L,皮卡,Ram,1500,2016,,,Quad,,PK-L,299: Ram 1500 2011-2026   Quad  PK-L
3110,1,OK,298,PK-M,皮卡,Ram,1500,2016,,,Regular,,PK-M,298: Ram 1500 2011-2024   Regular  PK-M
3111,1,OK,297,PK-L,皮卡,Ram,1500,2017,,,Crew,,PK-L,297: Ram 1500 2011-2024   Crew  PK-L
3112,1,OK,299,PK-L,皮卡,Ram,1500,2017,,,Quad,,PK-L,299: Ram 1500 2011-2026   Quad  PK-L
3113,1,OK,298,PK-M,皮卡,Ram,1500,2017,,,Regular,,PK-M,298: Ram 1500 2011-2024   Regular  PK-M
3114,2,MULTI,297/302,PK-L/PK-XL,皮卡,Ram,1500,2018,,,Crew,,PK-L,297: Ram 1500 2011-2024   Crew  PK-L || 302: Ram 1500 2018-2026   Crew  PK-XL
3115,1,OK,299,PK-L,皮卡,Ram,1500,2018,,,Quad,,PK-L,299: Ram 1500 2011-2026   Quad  PK-L
3116,1,OK,298,PK-M,皮卡,Ram,1500,2018,,,Regular,,PK-M,298: Ram 1500 2011-2024   Regular  PK-M
3117,2,MULTI,297/302,PK-L/PK-XL,皮卡,Ram,1500,2018,,,Crew,,PK-XL,297: Ram 1500 2011-2024   Crew  PK-L || 302: Ram 1500 2018-2026   Crew  PK-XL
3118,1,OK,301,PK-XL,皮卡,Ram,1500,2018,TRX,,Crew,,PK-XL,301: Ram 1500 2018-2024 TRX  Crew  PK-XL
3119,1,OK,300,PK-XL,皮卡,Ram,1500,2018,Arctic Trucks,,Double,,PK-XL,300: Ram 1500 2018-2024 Arctic Trucks  Double  PK-XL
3120,2,MULTI,297/302,PK-L/PK-XL,皮卡,Ram,1500,2019,,,Crew,,PK-L,297: Ram 1500 2011-2024   Crew  PK-L || 302: Ram 1500 2018-2026   Crew  PK-XL
3121,1,OK,299,PK-L,皮卡,Ram,1500,2019,,,Quad,,PK-L,299: Ram 1500 2011-2026   Quad  PK-L
3122,1,OK,298,PK-M,皮卡,Ram,1500,2019,,,Regular,,PK-M,298: Ram 1500 2011-2024   Regular  PK-M
3123,2,MULTI,297/302,PK-L/PK-XL,皮卡,Ram,1500,2019,,,Crew,,PK-XL,297: Ram 1500 2011-2024   Crew  PK-L || 302: Ram 1500 2018-2026   Crew  PK-XL
3124,1,OK,301,PK-XL,皮卡,Ram,1500,2019,TRX,,Crew,,PK-XL,301: Ram 1500 2018-2024 TRX  Crew  PK-XL
3125,1,OK,300,PK-XL,皮卡,Ram,1500,2019,Arctic Trucks,,Double,,PK-XL,300: Ram 1500 2018-2024 Arctic Trucks  Double  PK-XL
3126,2,MULTI,297/302,PK-L/PK-XL,皮卡,Ram,1500,2020,,,Crew,,PK-L,297: Ram 1500 2011-2024   Crew  PK-L || 302: Ram 1500 2018-2026   Crew  PK-XL
3127,1,OK,299,PK-L,皮卡,Ram,1500,2020,,,Quad,,PK-L,299: Ram 1500 2011-2026   Quad  PK-L
3128,1,OK,298,PK-M,皮卡,Ram,1500,2020,,,Regular,,PK-M,298: Ram 1500 2011-2024   Regular  PK-M
3129,2,MULTI,297/302,PK-L/PK-XL,皮卡,Ram,1500,2020,,,Crew,,PK-XL,297: Ram 1500 2011-2024   Crew  PK-L || 302: Ram 1500 2018-2026   Crew  PK-XL
3130,1,OK,301,PK-XL,皮卡,Ram,1500,2020,TRX,,Crew,,PK-XL,301: Ram 1500 2018-2024 TRX  Crew  PK-XL
3131,1,OK,300,PK-XL,皮卡,Ram,1500,2020,Arctic Trucks,,Double,,PK-XL,300: Ram 1500 2018-2024 Arctic Trucks  Double  PK-XL
3132,2,MULTI,297/302,PK-L/PK-XL,皮卡,Ram,1500,2021,,,Crew,,PK-L,297: Ram 1500 2011-2024   Crew  PK-L || 302: Ram 1500 2018-2026   Crew  PK-XL
3133,1,OK,299,PK-L,皮卡,Ram,1500,2021,,,Quad,,PK-L,299: Ram 1500 2011-2026   Quad  PK-L
3134,1,OK,298,PK-M,皮卡,Ram,1500,2021,,,Regular,,PK-M,298: Ram 1500 2011-2024   Regular  PK-M
3135,2,MULTI,297/302,PK-L/PK-XL,皮卡,Ram,1500,2021,,,Crew,,PK-XL,297: Ram 1500 2011-2024   Crew  PK-L || 302: Ram 1500 2018-2026   Crew  PK-XL
3136,1,OK,301,PK-XL,皮卡,Ram,1500,2021,TRX,,Crew,,PK-XL,301: Ram 1500 2018-2024 TRX  Crew  PK-XL
3137,1,OK,300,PK-XL,皮卡,Ram,1500,2021,Arctic Trucks,,Double,,PK-XL,300: Ram 1500 2018-2024 Arctic Trucks  Double  PK-XL
3138,2,MULTI,297/302,PK-L/PK-XL,皮卡,Ram,1500,2022,,,Crew,,PK-L,297: Ram 1500 2011-2024   Crew  PK-L || 302: Ram 1500 2018-2026   Crew  PK-XL
3139,1,OK,299,PK-L,皮卡,Ram,1500,2022,,,Quad,,PK-L,299: Ram 1500 2011-2026   Quad  PK-L
3140,1,OK,298,PK-M,皮卡,Ram,1500,2022,,,Regular,,PK-M,298: Ram 1500 2011-2024   Regular  PK-M
3141,2,MULTI,297/302,PK-L/PK-XL,皮卡,Ram,1500,2022,,,Crew,,PK-XL,297: Ram 1500 2011-2024   Crew  PK-L || 302: Ram 1500 2018-2026   Crew  PK-XL
3142,1,OK,301,PK-XL,皮卡,Ram,1500,2022,TRX,,Crew,,PK-XL,301: Ram 1500 2018-2024 TRX  Crew  PK-XL
3143,1,OK,300,PK-XL,皮卡,Ram,1500,2022,Arctic Trucks,,Double,,PK-XL,300: Ram 1500 2018-2024 Arctic Trucks  Double  PK-XL
3144,2,MULTI,297/302,PK-L/PK-XL,皮卡,Ram,1500,2023,,,Crew,,PK-L,297: Ram 1500 2011-2024   Crew  PK-L || 302: Ram 1500 2018-2026   Crew  PK-XL
3145,1,OK,299,PK-L,皮卡,Ram,1500,2023,,,Quad,,PK-L,299: Ram 1500 2011-2026   Quad  PK-L
3146,1,OK,298,PK-M,皮卡,Ram,1500,2023,,,Regular,,PK-M,298: Ram 1500 2011-2024   Regular  PK-M
3147,2,MULTI,297/302,PK-L/PK-XL,皮卡,Ram,1500,2023,,,Crew,,PK-XL,297: Ram 1500 2011-2024   Crew  PK-L || 302: Ram 1500 2018-2026   Crew  PK-XL
3148,1,OK,301,PK-XL,皮卡,Ram,1500,2023,TRX,,Crew,,PK-XL,301: Ram 1500 2018-2024 TRX  Crew  PK-XL
3149,1,OK,300,PK-XL,皮卡,Ram,1500,2023,Arctic Trucks,,Double,,PK-XL,300: Ram 1500 2018-2024 Arctic Trucks  Double  PK-XL
3150,2,MULTI,297/302,PK-L/PK-XL,皮卡,Ram,1500,2024,,,Crew,,PK-L,297: Ram 1500 2011-2024   Crew  PK-L || 302: Ram 1500 2018-2026   Crew  PK-XL
3151,1,OK,299,PK-L,皮卡,Ram,1500,2024,,,Quad,,PK-L,299: Ram 1500 2011-2026   Quad  PK-L
3152,1,OK,298,PK-M,皮卡,Ram,1500,2024,,,Regular,,PK-M,298: Ram 1500 2011-2024   Regular  PK-M
3153,2,MULTI,297/302,PK-L/PK-XL,皮卡,Ram,1500,2024,,,Crew,,PK-XL,297: Ram 1500 2011-2024   Crew  PK-L || 302: Ram 1500 2018-2026   Crew  PK-XL
3154,1,OK,301,PK-XL,皮卡,Ram,1500,2024,TRX,,Crew,,PK-XL,301: Ram 1500 2018-2024 TRX  Crew  PK-XL
3155,1,OK,300,PK-XL,皮卡,Ram,1500,2024,Arctic Trucks,,Double,,PK-XL,300: Ram 1500 2018-2024 Arctic Trucks  Double  PK-XL
3156,1,OK,303,PK-XXL,皮卡,Ram,1500,2024,RHO,,Double,,PK-XXL,303: Ram 1500 2024-2026 RHO  Double  PK-XXL
3157,1,OK,304,PK-XXL,皮卡,Ram,1500,2024,SRT TRX,,Double,,PK-XXL,304: Ram 1500 2024-2026 SRT TRX  Double  PK-XXL
3158,1,OK,299,PK-L,皮卡,Ram,1500,2025,,,Quad,,PK-L,299: Ram 1500 2011-2026   Quad  PK-L
3159,1,OK,302,PK-XL,皮卡,Ram,1500,2025,,,Crew,,PK-XL,302: Ram 1500 2018-2026   Crew  PK-XL
3160,1,OK,303,PK-XXL,皮卡,Ram,1500,2025,RHO,,Double,,PK-XXL,303: Ram 1500 2024-2026 RHO  Double  PK-XXL
3161,1,OK,304,PK-XXL,皮卡,Ram,1500,2025,SRT TRX,,Double,,PK-XXL,304: Ram 1500 2024-2026 SRT TRX  Double  PK-XXL
3162,1,OK,299,PK-L,皮卡,Ram,1500,2026,,,Quad,,PK-L,299: Ram 1500 2011-2026   Quad  PK-L
3163,1,OK,302,PK-XL,皮卡,Ram,1500,2026,,,Crew,,PK-XL,302: Ram 1500 2018-2026   Crew  PK-XL
3164,1,OK,303,PK-XXL,皮卡,Ram,1500,2026,RHO,,Double,,PK-XXL,303: Ram 1500 2024-2026 RHO  Double  PK-XXL
3165,1,OK,304,PK-XXL,皮卡,Ram,1500,2026,SRT TRX,,Double,,PK-XXL,304: Ram 1500 2024-2026 SRT TRX  Double  PK-XXL
3166,1,OK,305,PK-M+,皮卡,Ram,Dakota,2025,,,Double,,PK-M+,305: Ram Dakota 2025-2026   Double  PK-M+
3167,1,OK,305,PK-M+,皮卡,Ram,Dakota,2026,,,Double,,PK-M+,305: Ram Dakota 2025-2026   Double  PK-M+
3168,1,OK,306,PK-M,皮卡,Ram,Rampage,2023,,,Double,,PK-M,306: Ram Rampage 2023-2026   Double  PK-M
3169,1,OK,306,PK-M,皮卡,Ram,Rampage,2024,,,Double,,PK-M,306: Ram Rampage 2023-2026   Double  PK-M
3170,1,OK,306,PK-M,皮卡,Ram,Rampage,2025,,,Double,,PK-M,306: Ram Rampage 2023-2026   Double  PK-M
3171,1,OK,306,PK-M,皮卡,Ram,Rampage,2026,,,Double,,PK-M,306: Ram Rampage 2023-2026   Double  PK-M
3172,1,OK,307,PK-M,皮卡,Renault,Alaskan,2017,,,Double,,PK-M,307: Renault Alaskan 2017-2025   Double  PK-M
3173,1,OK,307,PK-M,皮卡,Renault,Alaskan,2018,,,Double,,PK-M,307: Renault Alaskan 2017-2025   Double  PK-M
3174,1,OK,307,PK-M,皮卡,Renault,Alaskan,2019,,,Double,,PK-M,307: Renault Alaskan 2017-2025   Double  PK-M
3175,1,OK,307,PK-M,皮卡,Renault,Alaskan,2020,,,Double,,PK-M,307: Renault Alaskan 2017-2025   Double  PK-M
3176,1,OK,307,PK-M,皮卡,Renault,Alaskan,2021,,,Double,,PK-M,307: Renault Alaskan 2017-2025   Double  PK-M
3177,1,OK,307,PK-M,皮卡,Renault,Alaskan,2022,,,Double,,PK-M,307: Renault Alaskan 2017-2025   Double  PK-M
3178,1,OK,307,PK-M,皮卡,Renault,Alaskan,2023,,,Double,,PK-M,307: Renault Alaskan 2017-2025   Double  PK-M
3179,1,OK,307,PK-M,皮卡,Renault,Alaskan,2024,,,Double,,PK-M,307: Renault Alaskan 2017-2025   Double  PK-M
3180,1,OK,307,PK-M,皮卡,Renault,Alaskan,2025,,,Double,,PK-M,307: Renault Alaskan 2017-2025   Double  PK-M
3181,1,OK,308,PK-XL,皮卡,Rezvani,Fortress,2026,,,Double,,PK-XL,308: Rezvani Fortress 2026   Double  PK-XL
3182,1,OK,309,PK-M+,皮卡,Rivian,R1T,2021,,,Double,,PK-M+,309: Rivian R1T 2021-2026   Double  PK-M+
3183,1,OK,309,PK-M+,皮卡,Rivian,R1T,2022,,,Double,,PK-M+,309: Rivian R1T 2021-2026   Double  PK-M+
3184,1,OK,309,PK-M+,皮卡,Rivian,R1T,2023,,,Double,,PK-M+,309: Rivian R1T 2021-2026   Double  PK-M+
3185,1,OK,309,PK-M+,皮卡,Rivian,R1T,2024,,,Double,,PK-M+,309: Rivian R1T 2021-2026   Double  PK-M+
3186,1,OK,309,PK-M+,皮卡,Rivian,R1T,2025,,,Double,,PK-M+,309: Rivian R1T 2021-2026   Double  PK-M+
3187,1,OK,309,PK-M+,皮卡,Rivian,R1T,2026,,,Double,,PK-M+,309: Rivian R1T 2021-2026   Double  PK-M+
3188,1,OK,310,无可用尺码,皮卡,Santana,PS-10,2003,,,Regular,,无可用尺码,310: Santana PS-10 2003-2011   Regular  无可用尺码
3189,1,OK,310,无可用尺码,皮卡,Santana,PS-10,2004,,,Regular,,无可用尺码,310: Santana PS-10 2003-2011   Regular  无可用尺码
3190,1,OK,310,无可用尺码,皮卡,Santana,PS-10,2005,,,Regular,,无可用尺码,310: Santana PS-10 2003-2011   Regular  无可用尺码
3191,1,OK,310,无可用尺码,皮卡,Santana,PS-10,2006,,,Regular,,无可用尺码,310: Santana PS-10 2003-2011   Regular  无可用尺码
3192,1,OK,310,无可用尺码,皮卡,Santana,PS-10,2007,,,Regular,,无可用尺码,310: Santana PS-10 2003-2011   Regular  无可用尺码
3193,1,OK,310,无可用尺码,皮卡,Santana,PS-10,2008,,,Regular,,无可用尺码,310: Santana PS-10 2003-2011   Regular  无可用尺码
3194,1,OK,310,无可用尺码,皮卡,Santana,PS-10,2009,,,Regular,,无可用尺码,310: Santana PS-10 2003-2011   Regular  无可用尺码
3195,1,OK,310,无可用尺码,皮卡,Santana,PS-10,2010,,,Regular,,无可用尺码,310: Santana PS-10 2003-2011   Regular  无可用尺码
3196,1,OK,310,无可用尺码,皮卡,Santana,PS-10,2011,,,Regular,,无可用尺码,310: Santana PS-10 2003-2011   Regular  无可用尺码
3197,1,OK,311,PK-L,皮卡,Scout,Terra,2027,,,Double,,PK-L,311: Scout Terra 2027   Double  PK-L
3198,1,OK,312,无可用尺码,皮卡,Skoda,Felicia,1994,,,Regular,,无可用尺码,312: Skoda Felicia 1994-2001   Regular  无可用尺码
3199,1,OK,312,无可用尺码,皮卡,Skoda,Felicia,1995,,,Regular,,无可用尺码,312: Skoda Felicia 1994-2001   Regular  无可用尺码
3200,1,OK,312,无可用尺码,皮卡,Skoda,Felicia,1996,,,Regular,,无可用尺码,312: Skoda Felicia 1994-2001   Regular  无可用尺码
3201,1,OK,312,无可用尺码,皮卡,Skoda,Felicia,1997,,,Regular,,无可用尺码,312: Skoda Felicia 1994-2001   Regular  无可用尺码
3202,1,OK,312,无可用尺码,皮卡,Skoda,Felicia,1998,,,Regular,,无可用尺码,312: Skoda Felicia 1994-2001   Regular  无可用尺码
3203,1,OK,312,无可用尺码,皮卡,Skoda,Felicia,1999,,,Regular,,无可用尺码,312: Skoda Felicia 1994-2001   Regular  无可用尺码
3204,1,OK,312,无可用尺码,皮卡,Skoda,Felicia,2000,,,Regular,,无可用尺码,312: Skoda Felicia 1994-2001   Regular  无可用尺码
3205,1,OK,312,无可用尺码,皮卡,Skoda,Felicia,2001,,,Regular,,无可用尺码,312: Skoda Felicia 1994-2001   Regular  无可用尺码
3206,1,OK,313,PK-M,皮卡,Sollers,ST6,2023,,,Double,,PK-M,313: Sollers ST6 2023-2026   Double  PK-M
3207,1,OK,313,PK-M,皮卡,Sollers,ST6,2024,,,Double,,PK-M,313: Sollers ST6 2023-2026   Double  PK-M
3208,1,OK,313,PK-M,皮卡,Sollers,ST6,2025,,,Double,,PK-M,313: Sollers ST6 2023-2026   Double  PK-M
3209,1,OK,313,PK-M,皮卡,Sollers,ST6,2026,,,Double,,PK-M,313: Sollers ST6 2023-2026   Double  PK-M
3210,1,OK,314,PK-M,皮卡,Sollers,ST8,2024,,,Double,,PK-M,314: Sollers ST8 2024-2026   Double  PK-M
3211,1,OK,314,PK-M,皮卡,Sollers,ST8,2025,,,Double,,PK-M,314: Sollers ST8 2024-2026   Double  PK-M
3212,1,OK,314,PK-M,皮卡,Sollers,ST8,2026,,,Double,,PK-M,314: Sollers ST8 2024-2026   Double  PK-M
3213,1,OK,315,PK-M,皮卡,Sollers,ST9,2025,,,Double,,PK-M,315: Sollers ST9 2025-2026   Double  PK-M
3214,1,OK,315,PK-M,皮卡,Sollers,ST9,2026,,,Double,,PK-M,315: Sollers ST9 2025-2026   Double  PK-M
3215,1,OK,317,PK-M,皮卡,SsangYong,Actyon Sports,2006,,,Double,,PK-M,317: SsangYong Actyon Sports 2006-2016   Double  PK-M
3216,1,OK,317,PK-M,皮卡,SsangYong,Actyon Sports,2007,,,Double,,PK-M,317: SsangYong Actyon Sports 2006-2016   Double  PK-M
3217,1,OK,317,PK-M,皮卡,SsangYong,Actyon Sports,2008,,,Double,,PK-M,317: SsangYong Actyon Sports 2006-2016   Double  PK-M
3218,1,OK,317,PK-M,皮卡,SsangYong,Actyon Sports,2009,,,Double,,PK-M,317: SsangYong Actyon Sports 2006-2016   Double  PK-M
3219,1,OK,317,PK-M,皮卡,SsangYong,Actyon Sports,2010,,,Double,,PK-M,317: SsangYong Actyon Sports 2006-2016   Double  PK-M
3220,1,OK,317,PK-M,皮卡,SsangYong,Actyon Sports,2011,,,Double,,PK-M,317: SsangYong Actyon Sports 2006-2016   Double  PK-M
3221,1,OK,317,PK-M,皮卡,SsangYong,Actyon Sports,2012,,,Double,,PK-M,317: SsangYong Actyon Sports 2006-2016   Double  PK-M
3222,1,OK,317,PK-M,皮卡,SsangYong,Actyon Sports,2013,,,Double,,PK-M,317: SsangYong Actyon Sports 2006-2016   Double  PK-M
3223,1,OK,317,PK-M,皮卡,SsangYong,Actyon Sports,2014,,,Double,,PK-M,317: SsangYong Actyon Sports 2006-2016   Double  PK-M
3224,1,OK,317,PK-M,皮卡,SsangYong,Actyon Sports,2015,,,Double,,PK-M,317: SsangYong Actyon Sports 2006-2016   Double  PK-M
3225,1,OK,317,PK-M,皮卡,SsangYong,Actyon Sports,2016,,,Double,,PK-M,317: SsangYong Actyon Sports 2006-2016   Double  PK-M
3226,1,OK,318,PK-M,皮卡,SsangYong,Korando Sports,2011,,,Double,,PK-M,318: SsangYong Korando Sports 2011-2017   Double  PK-M
3227,1,OK,318,PK-M,皮卡,SsangYong,Korando Sports,2012,,,Double,,PK-M,318: SsangYong Korando Sports 2011-2017   Double  PK-M
3228,1,OK,318,PK-M,皮卡,SsangYong,Korando Sports,2013,,,Double,,PK-M,318: SsangYong Korando Sports 2011-2017   Double  PK-M
3229,1,OK,318,PK-M,皮卡,SsangYong,Korando Sports,2014,,,Double,,PK-M,318: SsangYong Korando Sports 2011-2017   Double  PK-M
3230,1,OK,318,PK-M,皮卡,SsangYong,Korando Sports,2015,,,Double,,PK-M,318: SsangYong Korando Sports 2011-2017   Double  PK-M
3231,1,OK,318,PK-M,皮卡,SsangYong,Korando Sports,2016,,,Double,,PK-M,318: SsangYong Korando Sports 2011-2017   Double  PK-M
3232,1,OK,318,PK-M,皮卡,SsangYong,Korando Sports,2017,,,Double,,PK-M,318: SsangYong Korando Sports 2011-2017   Double  PK-M
3233,1,OK,316,PK-M,皮卡,SsangYong,Musso,1998,Sports,,Double,,PK-M,316: SsangYong Musso 1998-2023 Incl: Sports  Double  PK-M
3234,1,OK,316,PK-M,皮卡,SsangYong,Musso,1999,Sports,,Double,,PK-M,316: SsangYong Musso 1998-2023 Incl: Sports  Double  PK-M
3235,1,OK,316,PK-M,皮卡,SsangYong,Musso,2000,Sports,,Double,,PK-M,316: SsangYong Musso 1998-2023 Incl: Sports  Double  PK-M
3236,1,OK,316,PK-M,皮卡,SsangYong,Musso,2001,Sports,,Double,,PK-M,316: SsangYong Musso 1998-2023 Incl: Sports  Double  PK-M
3237,1,OK,316,PK-M,皮卡,SsangYong,Musso,2002,Sports,,Double,,PK-M,316: SsangYong Musso 1998-2023 Incl: Sports  Double  PK-M
3238,1,OK,316,PK-M,皮卡,SsangYong,Musso,2003,Sports,,Double,,PK-M,316: SsangYong Musso 1998-2023 Incl: Sports  Double  PK-M
3239,1,OK,316,PK-M,皮卡,SsangYong,Musso,2004,Sports,,Double,,PK-M,316: SsangYong Musso 1998-2023 Incl: Sports  Double  PK-M
3240,1,OK,316,PK-M,皮卡,SsangYong,Musso,2005,Sports,,Double,,PK-M,316: SsangYong Musso 1998-2023 Incl: Sports  Double  PK-M
3241,1,OK,316,PK-M,皮卡,SsangYong,Musso,2006,Sports,,Double,,PK-M,316: SsangYong Musso 1998-2023 Incl: Sports  Double  PK-M
3242,1,OK,316,PK-M,皮卡,SsangYong,Musso,2018,,,Double,,PK-M,316: SsangYong Musso 1998-2023 Incl: Sports  Double  PK-M
3243,1,OK,319,PK-M+,皮卡,SsangYong,Musso,2018,Grand,,Double,,PK-M+,319: SsangYong Musso 2018-2021 Grand  Double  PK-M+
3244,1,OK,316,PK-M,皮卡,SsangYong,Musso,2019,,,Double,,PK-M,316: SsangYong Musso 1998-2023 Incl: Sports  Double  PK-M
3245,1,OK,319,PK-M+,皮卡,SsangYong,Musso,2019,Grand,,Double,,PK-M+,319: SsangYong Musso 2018-2021 Grand  Double  PK-M+
3246,1,OK,316,PK-M,皮卡,SsangYong,Musso,2020,,,Double,,PK-M,316: SsangYong Musso 1998-2023 Incl: Sports  Double  PK-M
3247,1,OK,319,PK-M+,皮卡,SsangYong,Musso,2020,Grand,,Double,,PK-M+,319: SsangYong Musso 2018-2021 Grand  Double  PK-M+
3248,1,OK,316,PK-M,皮卡,SsangYong,Musso,2021,,,Double,,PK-M,316: SsangYong Musso 1998-2023 Incl: Sports  Double  PK-M
3249,1,OK,319,PK-M+,皮卡,SsangYong,Musso,2021,Grand,,Double,,PK-M+,319: SsangYong Musso 2018-2021 Grand  Double  PK-M+
3250,1,OK,316,PK-M,皮卡,SsangYong,Musso,2022,,,Double,,PK-M,316: SsangYong Musso 1998-2023 Incl: Sports  Double  PK-M
3251,1,OK,316,PK-M,皮卡,SsangYong,Musso,2023,,,Double,,PK-M,316: SsangYong Musso 1998-2023 Incl: Sports  Double  PK-M
3252,1,OK,320,PK-M,皮卡,SsangYong,Rexton Sports,2018,,,Double,,PK-M,320: SsangYong Rexton Sports 2018-2023   Double  PK-M
3253,1,OK,321,PK-M+,皮卡,SsangYong,Rexton Sports,2018,Khan,,Double,,PK-M+,321: SsangYong Rexton Sports 2018-2023 Khan  Double  PK-M+
3254,1,OK,320,PK-M,皮卡,SsangYong,Rexton Sports,2019,,,Double,,PK-M,320: SsangYong Rexton Sports 2018-2023   Double  PK-M
3255,1,OK,321,PK-M+,皮卡,SsangYong,Rexton Sports,2019,Khan,,Double,,PK-M+,321: SsangYong Rexton Sports 2018-2023 Khan  Double  PK-M+
3256,1,OK,320,PK-M,皮卡,SsangYong,Rexton Sports,2020,,,Double,,PK-M,320: SsangYong Rexton Sports 2018-2023   Double  PK-M
3257,1,OK,321,PK-M+,皮卡,SsangYong,Rexton Sports,2020,Khan,,Double,,PK-M+,321: SsangYong Rexton Sports 2018-2023 Khan  Double  PK-M+
3258,1,OK,320,PK-M,皮卡,SsangYong,Rexton Sports,2021,,,Double,,PK-M,320: SsangYong Rexton Sports 2018-2023   Double  PK-M
3259,1,OK,321,PK-M+,皮卡,SsangYong,Rexton Sports,2021,Khan,,Double,,PK-M+,321: SsangYong Rexton Sports 2018-2023 Khan  Double  PK-M+
3260,1,OK,320,PK-M,皮卡,SsangYong,Rexton Sports,2022,,,Double,,PK-M,320: SsangYong Rexton Sports 2018-2023   Double  PK-M
3261,1,OK,321,PK-M+,皮卡,SsangYong,Rexton Sports,2022,Khan,,Double,,PK-M+,321: SsangYong Rexton Sports 2018-2023 Khan  Double  PK-M+
3262,1,OK,320,PK-M,皮卡,SsangYong,Rexton Sports,2023,,,Double,,PK-M,320: SsangYong Rexton Sports 2018-2023   Double  PK-M
3263,1,OK,321,PK-M+,皮卡,SsangYong,Rexton Sports,2023,Khan,,Double,,PK-M+,321: SsangYong Rexton Sports 2018-2023 Khan  Double  PK-M+
3264,1,OK,322,PK-M,皮卡,Subaru,Baja,2002,,,Double,,PK-M,322: Subaru Baja 2002-2006   Double  PK-M
3265,1,OK,322,PK-M,皮卡,Subaru,Baja,2003,,,Double,,PK-M,322: Subaru Baja 2002-2006   Double  PK-M
3266,1,OK,322,PK-M,皮卡,Subaru,Baja,2004,,,Double,,PK-M,322: Subaru Baja 2002-2006   Double  PK-M
3267,1,OK,322,PK-M,皮卡,Subaru,Baja,2005,,,Double,,PK-M,322: Subaru Baja 2002-2006   Double  PK-M
3268,1,OK,322,PK-M,皮卡,Subaru,Baja,2006,,,Double,,PK-M,322: Subaru Baja 2002-2006   Double  PK-M
3269,1,OK,323,无可用尺码,皮卡,Subaru,Brat,1978,,,Regular,,无可用尺码,323: Subaru Brat 1978-1994   Regular  无可用尺码
3270,1,OK,323,无可用尺码,皮卡,Subaru,Brat,1979,,,Regular,,无可用尺码,323: Subaru Brat 1978-1994   Regular  无可用尺码
3271,1,OK,323,无可用尺码,皮卡,Subaru,Brat,1980,,,Regular,,无可用尺码,323: Subaru Brat 1978-1994   Regular  无可用尺码
3272,1,OK,323,无可用尺码,皮卡,Subaru,Brat,1981,,,Regular,,无可用尺码,323: Subaru Brat 1978-1994   Regular  无可用尺码
3273,1,OK,323,无可用尺码,皮卡,Subaru,Brat,1982,,,Regular,,无可用尺码,323: Subaru Brat 1978-1994   Regular  无可用尺码
3274,1,OK,323,无可用尺码,皮卡,Subaru,Brat,1983,,,Regular,,无可用尺码,323: Subaru Brat 1978-1994   Regular  无可用尺码
3275,1,OK,323,无可用尺码,皮卡,Subaru,Brat,1984,,,Regular,,无可用尺码,323: Subaru Brat 1978-1994   Regular  无可用尺码
3276,1,OK,323,无可用尺码,皮卡,Subaru,Brat,1985,,,Regular,,无可用尺码,323: Subaru Brat 1978-1994   Regular  无可用尺码
3277,1,OK,323,无可用尺码,皮卡,Subaru,Brat,1986,,,Regular,,无可用尺码,323: Subaru Brat 1978-1994   Regular  无可用尺码
3278,1,OK,323,无可用尺码,皮卡,Subaru,Brat,1987,,,Regular,,无可用尺码,323: Subaru Brat 1978-1994   Regular  无可用尺码
3279,1,OK,323,无可用尺码,皮卡,Subaru,Brat,1988,,,Regular,,无可用尺码,323: Subaru Brat 1978-1994   Regular  无可用尺码
3280,1,OK,323,无可用尺码,皮卡,Subaru,Brat,1989,,,Regular,,无可用尺码,323: Subaru Brat 1978-1994   Regular  无可用尺码
3281,1,OK,323,无可用尺码,皮卡,Subaru,Brat,1990,,,Regular,,无可用尺码,323: Subaru Brat 1978-1994   Regular  无可用尺码
3282,1,OK,323,无可用尺码,皮卡,Subaru,Brat,1991,,,Regular,,无可用尺码,323: Subaru Brat 1978-1994   Regular  无可用尺码
3283,1,OK,323,无可用尺码,皮卡,Subaru,Brat,1992,,,Regular,,无可用尺码,323: Subaru Brat 1978-1994   Regular  无可用尺码
3284,1,OK,323,无可用尺码,皮卡,Subaru,Brat,1993,,,Regular,,无可用尺码,323: Subaru Brat 1978-1994   Regular  无可用尺码
3285,1,OK,323,无可用尺码,皮卡,Subaru,Brat,1994,,,Regular,,无可用尺码,323: Subaru Brat 1978-1994   Regular  无可用尺码
3286,1,OK,324,PK-L,皮卡,Suzuki,Equator,2008,,,Crew,,PK-L,324: Suzuki Equator 2008-2012   Crew  PK-L
3287,1,OK,325,PK-M,皮卡,Suzuki,Equator,2008,,,Extended,,PK-M,325: Suzuki Equator 2008-2012   Extended  PK-M
3288,1,OK,324,PK-L,皮卡,Suzuki,Equator,2009,,,Crew,,PK-L,324: Suzuki Equator 2008-2012   Crew  PK-L
3289,1,OK,325,PK-M,皮卡,Suzuki,Equator,2009,,,Extended,,PK-M,325: Suzuki Equator 2008-2012   Extended  PK-M
3290,1,OK,324,PK-L,皮卡,Suzuki,Equator,2010,,,Crew,,PK-L,324: Suzuki Equator 2008-2012   Crew  PK-L
3291,1,OK,325,PK-M,皮卡,Suzuki,Equator,2010,,,Extended,,PK-M,325: Suzuki Equator 2008-2012   Extended  PK-M
3292,1,OK,324,PK-L,皮卡,Suzuki,Equator,2011,,,Crew,,PK-L,324: Suzuki Equator 2008-2012   Crew  PK-L
3293,1,OK,325,PK-M,皮卡,Suzuki,Equator,2011,,,Extended,,PK-M,325: Suzuki Equator 2008-2012   Extended  PK-M
3294,1,OK,324,PK-L,皮卡,Suzuki,Equator,2012,,,Crew,,PK-L,324: Suzuki Equator 2008-2012   Crew  PK-L
3295,1,OK,325,PK-M,皮卡,Suzuki,Equator,2012,,,Extended,,PK-M,325: Suzuki Equator 2008-2012   Extended  PK-M
3296,1,OK,326,无可用尺码,皮卡,Suzuki,Mighty Boy,1983,,,Regular,,无可用尺码,326: Suzuki Mighty Boy 1983-1985   Regular  无可用尺码
3297,1,OK,326,无可用尺码,皮卡,Suzuki,Mighty Boy,1984,,,Regular,,无可用尺码,326: Suzuki Mighty Boy 1983-1985   Regular  无可用尺码
3298,1,OK,326,无可用尺码,皮卡,Suzuki,Mighty Boy,1985,,,Regular,,无可用尺码,326: Suzuki Mighty Boy 1983-1985   Regular  无可用尺码
3299,1,OK,327,PK-M,皮卡,Tata,Telcoline,2005,,,Double,,PK-M,327: Tata Telcoline 2005-2007   Double/Regular  PK-M
3300,1,OK,327,PK-M,皮卡,Tata,Telcoline,2005,,,Regular,,PK-M,327: Tata Telcoline 2005-2007   Double/Regular  PK-M
3301,1,OK,327,PK-M,皮卡,Tata,Telcoline,2006,,,Double,,PK-M,327: Tata Telcoline 2005-2007   Double/Regular  PK-M
3302,1,OK,327,PK-M,皮卡,Tata,Telcoline,2006,,,Regular,,PK-M,327: Tata Telcoline 2005-2007   Double/Regular  PK-M
3303,1,OK,327,PK-M,皮卡,Tata,Telcoline,2007,,,Double,,PK-M,327: Tata Telcoline 2005-2007   Double/Regular  PK-M
3304,1,OK,327,PK-M,皮卡,Tata,Telcoline,2007,,,Regular,,PK-M,327: Tata Telcoline 2005-2007   Double/Regular  PK-M
3305,1,OK,328,PK-M,皮卡,Tata,Xenon,2006,,,Double,,PK-M,328: Tata Xenon 2006-2026   Double  PK-M
3306,1,OK,328,PK-M,皮卡,Tata,Xenon,2007,,,Double,,PK-M,328: Tata Xenon 2006-2026   Double  PK-M
3307,1,OK,328,PK-M,皮卡,Tata,Xenon,2008,,,Double,,PK-M,328: Tata Xenon 2006-2026   Double  PK-M
3308,1,OK,328,PK-M,皮卡,Tata,Xenon,2009,,,Double,,PK-M,328: Tata Xenon 2006-2026   Double  PK-M
3309,1,OK,328,PK-M,皮卡,Tata,Xenon,2010,,,Double,,PK-M,328: Tata Xenon 2006-2026   Double  PK-M
3310,1,OK,328,PK-M,皮卡,Tata,Xenon,2011,,,Double,,PK-M,328: Tata Xenon 2006-2026   Double  PK-M
3311,1,OK,328,PK-M,皮卡,Tata,Xenon,2012,,,Double,,PK-M,328: Tata Xenon 2006-2026   Double  PK-M
3312,1,OK,328,PK-M,皮卡,Tata,Xenon,2013,,,Double,,PK-M,328: Tata Xenon 2006-2026   Double  PK-M
3313,1,OK,328,PK-M,皮卡,Tata,Xenon,2014,,,Double,,PK-M,328: Tata Xenon 2006-2026   Double  PK-M
3314,1,OK,328,PK-M,皮卡,Tata,Xenon,2015,,,Double,,PK-M,328: Tata Xenon 2006-2026   Double  PK-M
3315,1,OK,328,PK-M,皮卡,Tata,Xenon,2016,,,Double,,PK-M,328: Tata Xenon 2006-2026   Double  PK-M
3316,1,OK,328,PK-M,皮卡,Tata,Xenon,2017,,,Double,,PK-M,328: Tata Xenon 2006-2026   Double  PK-M
3317,1,OK,328,PK-M,皮卡,Tata,Xenon,2018,,,Double,,PK-M,328: Tata Xenon 2006-2026   Double  PK-M
3318,1,OK,328,PK-M,皮卡,Tata,Xenon,2019,,,Double,,PK-M,328: Tata Xenon 2006-2026   Double  PK-M
3319,1,OK,328,PK-M,皮卡,Tata,Xenon,2020,,,Double,,PK-M,328: Tata Xenon 2006-2026   Double  PK-M
3320,1,OK,328,PK-M,皮卡,Tata,Xenon,2021,,,Double,,PK-M,328: Tata Xenon 2006-2026   Double  PK-M
3321,1,OK,328,PK-M,皮卡,Tata,Xenon,2022,,,Double,,PK-M,328: Tata Xenon 2006-2026   Double  PK-M
3322,1,OK,328,PK-M,皮卡,Tata,Xenon,2023,,,Double,,PK-M,328: Tata Xenon 2006-2026   Double  PK-M
3323,1,OK,328,PK-M,皮卡,Tata,Xenon,2024,,,Double,,PK-M,328: Tata Xenon 2006-2026   Double  PK-M
3324,1,OK,328,PK-M,皮卡,Tata,Xenon,2025,,,Double,,PK-M,328: Tata Xenon 2006-2026   Double  PK-M
3325,1,OK,328,PK-M,皮卡,Tata,Xenon,2026,,,Double,,PK-M,328: Tata Xenon 2006-2026   Double  PK-M
3326,1,OK,329,PK-L,皮卡,Tesla,Cybertruck,2023,,,Double,,PK-L,329: Tesla Cybertruck 2023-2026   Double  PK-L
3327,1,OK,329,PK-L,皮卡,Tesla,Cybertruck,2024,,,Double,,PK-L,329: Tesla Cybertruck 2023-2026   Double  PK-L
3328,1,OK,329,PK-L,皮卡,Tesla,Cybertruck,2025,,,Double,,PK-L,329: Tesla Cybertruck 2023-2026   Double  PK-L
3329,1,OK,329,PK-L,皮卡,Tesla,Cybertruck,2026,,,Double,,PK-L,329: Tesla Cybertruck 2023-2026   Double  PK-L
3330,1,OK,330,PK-M,皮卡,Tianma,Century,2005,,,Double,,PK-M,330: Tianma Century 2005-2008   Double  PK-M
3331,1,OK,330,PK-M,皮卡,Tianma,Century,2006,,,Double,,PK-M,330: Tianma Century 2005-2008   Double  PK-M
3332,1,OK,330,PK-M,皮卡,Tianma,Century,2007,,,Double,,PK-M,330: Tianma Century 2005-2008   Double  PK-M
3333,1,OK,330,PK-M,皮卡,Tianma,Century,2008,,,Double,,PK-M,330: Tianma Century 2005-2008   Double  PK-M
3334,1,OK,331,PK-M,皮卡,Tianye,Admiral,2001,,,Double,,PK-M,331: Tianye Admiral 2001-2007   Double  PK-M
3335,1,OK,331,PK-M,皮卡,Tianye,Admiral,2002,,,Double,,PK-M,331: Tianye Admiral 2001-2007   Double  PK-M
3336,1,OK,331,PK-M,皮卡,Tianye,Admiral,2003,,,Double,,PK-M,331: Tianye Admiral 2001-2007   Double  PK-M
3337,1,OK,331,PK-M,皮卡,Tianye,Admiral,2004,,,Double,,PK-M,331: Tianye Admiral 2001-2007   Double  PK-M
3338,1,OK,331,PK-M,皮卡,Tianye,Admiral,2005,,,Double,,PK-M,331: Tianye Admiral 2001-2007   Double  PK-M
3339,1,OK,331,PK-M,皮卡,Tianye,Admiral,2006,,,Double,,PK-M,331: Tianye Admiral 2001-2007   Double  PK-M
3340,1,OK,331,PK-M,皮卡,Tianye,Admiral,2007,,,Double,,PK-M,331: Tianye Admiral 2001-2007   Double  PK-M
3341,1,OK,333,无可用尺码,皮卡,Toyota,Hilux,1968,,,Regular,,无可用尺码,333: Toyota Hilux 1968-2005   Regular  无可用尺码
3342,1,OK,333,无可用尺码,皮卡,Toyota,Hilux,1969,,,Regular,,无可用尺码,333: Toyota Hilux 1968-2005   Regular  无可用尺码
3343,1,OK,333,无可用尺码,皮卡,Toyota,Hilux,1970,,,Regular,,无可用尺码,333: Toyota Hilux 1968-2005   Regular  无可用尺码
3344,1,OK,333,无可用尺码,皮卡,Toyota,Hilux,1971,,,Regular,,无可用尺码,333: Toyota Hilux 1968-2005   Regular  无可用尺码
3345,1,OK,333,无可用尺码,皮卡,Toyota,Hilux,1972,,,Regular,,无可用尺码,333: Toyota Hilux 1968-2005   Regular  无可用尺码
3346,1,OK,333,无可用尺码,皮卡,Toyota,Hilux,1973,,,Regular,,无可用尺码,333: Toyota Hilux 1968-2005   Regular  无可用尺码
3347,1,OK,333,无可用尺码,皮卡,Toyota,Hilux,1974,,,Regular,,无可用尺码,333: Toyota Hilux 1968-2005   Regular  无可用尺码
3348,1,OK,333,无可用尺码,皮卡,Toyota,Hilux,1975,,,Regular,,无可用尺码,333: Toyota Hilux 1968-2005   Regular  无可用尺码
3349,1,OK,333,无可用尺码,皮卡,Toyota,Hilux,1976,,,Regular,,无可用尺码,333: Toyota Hilux 1968-2005   Regular  无可用尺码
3350,1,OK,333,无可用尺码,皮卡,Toyota,Hilux,1977,,,Regular,,无可用尺码,333: Toyota Hilux 1968-2005   Regular  无可用尺码
3351,1,OK,334,无可用尺码,皮卡,Toyota,Hilux,1978,,,Double,,无可用尺码,334: Toyota Hilux 1978-1988   Double  无可用尺码
3352,1,OK,333,无可用尺码,皮卡,Toyota,Hilux,1978,,,Regular,,无可用尺码,333: Toyota Hilux 1968-2005   Regular  无可用尺码
3353,1,OK,334,无可用尺码,皮卡,Toyota,Hilux,1979,,,Double,,无可用尺码,334: Toyota Hilux 1978-1988   Double  无可用尺码
3354,1,OK,333,无可用尺码,皮卡,Toyota,Hilux,1979,,,Regular,,无可用尺码,333: Toyota Hilux 1968-2005   Regular  无可用尺码
3355,1,OK,334,无可用尺码,皮卡,Toyota,Hilux,1980,,,Double,,无可用尺码,334: Toyota Hilux 1978-1988   Double  无可用尺码
3356,1,OK,333,无可用尺码,皮卡,Toyota,Hilux,1980,,,Regular,,无可用尺码,333: Toyota Hilux 1968-2005   Regular  无可用尺码
3357,1,OK,334,无可用尺码,皮卡,Toyota,Hilux,1981,,,Double,,无可用尺码,334: Toyota Hilux 1978-1988   Double  无可用尺码
3358,1,OK,333,无可用尺码,皮卡,Toyota,Hilux,1981,,,Regular,,无可用尺码,333: Toyota Hilux 1968-2005   Regular  无可用尺码
3359,1,OK,334,无可用尺码,皮卡,Toyota,Hilux,1982,,,Double,,无可用尺码,334: Toyota Hilux 1978-1988   Double  无可用尺码
3360,1,OK,333,无可用尺码,皮卡,Toyota,Hilux,1982,,,Regular,,无可用尺码,333: Toyota Hilux 1968-2005   Regular  无可用尺码
3361,1,OK,334,无可用尺码,皮卡,Toyota,Hilux,1983,,,Double,,无可用尺码,334: Toyota Hilux 1978-1988   Double  无可用尺码
3362,1,OK,333,无可用尺码,皮卡,Toyota,Hilux,1983,,,Regular,,无可用尺码,333: Toyota Hilux 1968-2005   Regular  无可用尺码
3363,1,OK,334,无可用尺码,皮卡,Toyota,Hilux,1984,,,Double,,无可用尺码,334: Toyota Hilux 1978-1988   Double  无可用尺码
3364,1,OK,333,无可用尺码,皮卡,Toyota,Hilux,1984,,,Regular,,无可用尺码,333: Toyota Hilux 1968-2005   Regular  无可用尺码
3365,1,OK,334,无可用尺码,皮卡,Toyota,Hilux,1985,,,Double,,无可用尺码,334: Toyota Hilux 1978-1988   Double  无可用尺码
3366,1,OK,333,无可用尺码,皮卡,Toyota,Hilux,1985,,,Regular,,无可用尺码,333: Toyota Hilux 1968-2005   Regular  无可用尺码
3367,1,OK,334,无可用尺码,皮卡,Toyota,Hilux,1986,,,Double,,无可用尺码,334: Toyota Hilux 1978-1988   Double  无可用尺码
3368,1,OK,333,无可用尺码,皮卡,Toyota,Hilux,1986,,,Regular,,无可用尺码,333: Toyota Hilux 1968-2005   Regular  无可用尺码
3369,1,OK,334,无可用尺码,皮卡,Toyota,Hilux,1987,,,Double,,无可用尺码,334: Toyota Hilux 1978-1988   Double  无可用尺码
3370,1,OK,333,无可用尺码,皮卡,Toyota,Hilux,1987,,,Regular,,无可用尺码,333: Toyota Hilux 1968-2005   Regular  无可用尺码
3371,2,MULTI,334/336,PK-M/无可用尺码,皮卡,Toyota,Hilux,1988,,,Double,,PK-M,334: Toyota Hilux 1978-1988   Double  无可用尺码 || 336: Toyota Hilux 1988-2026   Double  PK-M
3372,2,MULTI,334/336,PK-M/无可用尺码,皮卡,Toyota,Hilux,1988,,,Double,,无可用尺码,334: Toyota Hilux 1978-1988   Double  无可用尺码 || 336: Toyota Hilux 1988-2026   Double  PK-M
3373,1,OK,335,无可用尺码,皮卡,Toyota,Hilux,1988,,,Extended,,无可用尺码,335: Toyota Hilux 1988-2004   Extended  无可用尺码
3374,1,OK,333,无可用尺码,皮卡,Toyota,Hilux,1988,,,Regular,,无可用尺码,333: Toyota Hilux 1968-2005   Regular  无可用尺码
3375,1,OK,336,PK-M,皮卡,Toyota,Hilux,1989,,,Double,,PK-M,336: Toyota Hilux 1988-2026   Double  PK-M
3376,1,OK,335,无可用尺码,皮卡,Toyota,Hilux,1989,,,Extended,,无可用尺码,335: Toyota Hilux 1988-2004   Extended  无可用尺码
3377,1,OK,333,无可用尺码,皮卡,Toyota,Hilux,1989,,,Regular,,无可用尺码,333: Toyota Hilux 1968-2005   Regular  无可用尺码
3378,1,OK,336,PK-M,皮卡,Toyota,Hilux,1990,,,Double,,PK-M,336: Toyota Hilux 1988-2026   Double  PK-M
3379,1,OK,335,无可用尺码,皮卡,Toyota,Hilux,1990,,,Extended,,无可用尺码,335: Toyota Hilux 1988-2004   Extended  无可用尺码
3380,1,OK,333,无可用尺码,皮卡,Toyota,Hilux,1990,,,Regular,,无可用尺码,333: Toyota Hilux 1968-2005   Regular  无可用尺码
3381,1,OK,336,PK-M,皮卡,Toyota,Hilux,1991,,,Double,,PK-M,336: Toyota Hilux 1988-2026   Double  PK-M
3382,1,OK,335,无可用尺码,皮卡,Toyota,Hilux,1991,,,Extended,,无可用尺码,335: Toyota Hilux 1988-2004   Extended  无可用尺码
3383,1,OK,333,无可用尺码,皮卡,Toyota,Hilux,1991,,,Regular,,无可用尺码,333: Toyota Hilux 1968-2005   Regular  无可用尺码
3384,1,OK,336,PK-M,皮卡,Toyota,Hilux,1992,,,Double,,PK-M,336: Toyota Hilux 1988-2026   Double  PK-M
3385,1,OK,335,无可用尺码,皮卡,Toyota,Hilux,1992,,,Extended,,无可用尺码,335: Toyota Hilux 1988-2004   Extended  无可用尺码
3386,1,OK,333,无可用尺码,皮卡,Toyota,Hilux,1992,,,Regular,,无可用尺码,333: Toyota Hilux 1968-2005   Regular  无可用尺码
3387,1,OK,336,PK-M,皮卡,Toyota,Hilux,1993,,,Double,,PK-M,336: Toyota Hilux 1988-2026   Double  PK-M
3388,1,OK,335,无可用尺码,皮卡,Toyota,Hilux,1993,,,Extended,,无可用尺码,335: Toyota Hilux 1988-2004   Extended  无可用尺码
3389,1,OK,333,无可用尺码,皮卡,Toyota,Hilux,1993,,,Regular,,无可用尺码,333: Toyota Hilux 1968-2005   Regular  无可用尺码
3390,1,OK,336,PK-M,皮卡,Toyota,Hilux,1994,,,Double,,PK-M,336: Toyota Hilux 1988-2026   Double  PK-M
3391,1,OK,335,无可用尺码,皮卡,Toyota,Hilux,1994,,,Extended,,无可用尺码,335: Toyota Hilux 1988-2004   Extended  无可用尺码
3392,1,OK,333,无可用尺码,皮卡,Toyota,Hilux,1994,,,Regular,,无可用尺码,333: Toyota Hilux 1968-2005   Regular  无可用尺码
3393,1,OK,336,PK-M,皮卡,Toyota,Hilux,1995,,,Double,,PK-M,336: Toyota Hilux 1988-2026   Double  PK-M
3394,1,OK,335,无可用尺码,皮卡,Toyota,Hilux,1995,,,Extended,,无可用尺码,335: Toyota Hilux 1988-2004   Extended  无可用尺码
3395,1,OK,333,无可用尺码,皮卡,Toyota,Hilux,1995,,,Regular,,无可用尺码,333: Toyota Hilux 1968-2005   Regular  无可用尺码
3396,1,OK,336,PK-M,皮卡,Toyota,Hilux,1996,,,Double,,PK-M,336: Toyota Hilux 1988-2026   Double  PK-M
3397,1,OK,335,无可用尺码,皮卡,Toyota,Hilux,1996,,,Extended,,无可用尺码,335: Toyota Hilux 1988-2004   Extended  无可用尺码
3398,1,OK,333,无可用尺码,皮卡,Toyota,Hilux,1996,,,Regular,,无可用尺码,333: Toyota Hilux 1968-2005   Regular  无可用尺码
3399,1,OK,336,PK-M,皮卡,Toyota,Hilux,1997,,,Double,,PK-M,336: Toyota Hilux 1988-2026   Double  PK-M
3400,2,MULTI,335/337,PK-M/无可用尺码,皮卡,Toyota,Hilux,1997,,,Extended,,PK-M,335: Toyota Hilux 1988-2004   Extended  无可用尺码 || 337: Toyota Hilux 1997-2005   Extended  PK-M
3401,2,MULTI,335/337,PK-M/无可用尺码,皮卡,Toyota,Hilux,1997,,,Extended,,无可用尺码,335: Toyota Hilux 1988-2004   Extended  无可用尺码 || 337: Toyota Hilux 1997-2005   Extended  PK-M
3402,1,OK,333,无可用尺码,皮卡,Toyota,Hilux,1997,,,Regular,,无可用尺码,333: Toyota Hilux 1968-2005   Regular  无可用尺码
3403,1,OK,336,PK-M,皮卡,Toyota,Hilux,1998,,,Double,,PK-M,336: Toyota Hilux 1988-2026   Double  PK-M
3404,2,MULTI,335/337,PK-M/无可用尺码,皮卡,Toyota,Hilux,1998,,,Extended,,PK-M,335: Toyota Hilux 1988-2004   Extended  无可用尺码 || 337: Toyota Hilux 1997-2005   Extended  PK-M
3405,2,MULTI,335/337,PK-M/无可用尺码,皮卡,Toyota,Hilux,1998,,,Extended,,无可用尺码,335: Toyota Hilux 1988-2004   Extended  无可用尺码 || 337: Toyota Hilux 1997-2005   Extended  PK-M
3406,1,OK,333,无可用尺码,皮卡,Toyota,Hilux,1998,,,Regular,,无可用尺码,333: Toyota Hilux 1968-2005   Regular  无可用尺码
3407,1,OK,336,PK-M,皮卡,Toyota,Hilux,1999,,,Double,,PK-M,336: Toyota Hilux 1988-2026   Double  PK-M
3408,2,MULTI,335/337,PK-M/无可用尺码,皮卡,Toyota,Hilux,1999,,,Extended,,PK-M,335: Toyota Hilux 1988-2004   Extended  无可用尺码 || 337: Toyota Hilux 1997-2005   Extended  PK-M
3409,2,MULTI,335/337,PK-M/无可用尺码,皮卡,Toyota,Hilux,1999,,,Extended,,无可用尺码,335: Toyota Hilux 1988-2004   Extended  无可用尺码 || 337: Toyota Hilux 1997-2005   Extended  PK-M
3410,1,OK,333,无可用尺码,皮卡,Toyota,Hilux,1999,,,Regular,,无可用尺码,333: Toyota Hilux 1968-2005   Regular  无可用尺码
3411,1,OK,336,PK-M,皮卡,Toyota,Hilux,2000,,,Double,,PK-M,336: Toyota Hilux 1988-2026   Double  PK-M
3412,2,MULTI,335/337,PK-M/无可用尺码,皮卡,Toyota,Hilux,2000,,,Extended,,PK-M,335: Toyota Hilux 1988-2004   Extended  无可用尺码 || 337: Toyota Hilux 1997-2005   Extended  PK-M
3413,2,MULTI,335/337,PK-M/无可用尺码,皮卡,Toyota,Hilux,2000,,,Extended,,无可用尺码,335: Toyota Hilux 1988-2004   Extended  无可用尺码 || 337: Toyota Hilux 1997-2005   Extended  PK-M
3414,1,OK,333,无可用尺码,皮卡,Toyota,Hilux,2000,,,Regular,,无可用尺码,333: Toyota Hilux 1968-2005   Regular  无可用尺码
3415,1,OK,336,PK-M,皮卡,Toyota,Hilux,2001,,,Double,,PK-M,336: Toyota Hilux 1988-2026   Double  PK-M
3416,2,MULTI,335/337,PK-M/无可用尺码,皮卡,Toyota,Hilux,2001,,,Extended,,PK-M,335: Toyota Hilux 1988-2004   Extended  无可用尺码 || 337: Toyota Hilux 1997-2005   Extended  PK-M
3417,2,MULTI,335/337,PK-M/无可用尺码,皮卡,Toyota,Hilux,2001,,,Extended,,无可用尺码,335: Toyota Hilux 1988-2004   Extended  无可用尺码 || 337: Toyota Hilux 1997-2005   Extended  PK-M
3418,1,OK,333,无可用尺码,皮卡,Toyota,Hilux,2001,,,Regular,,无可用尺码,333: Toyota Hilux 1968-2005   Regular  无可用尺码
3419,1,OK,336,PK-M,皮卡,Toyota,Hilux,2002,,,Double,,PK-M,336: Toyota Hilux 1988-2026   Double  PK-M
3420,2,MULTI,335/337,PK-M/无可用尺码,皮卡,Toyota,Hilux,2002,,,Extended,,PK-M,335: Toyota Hilux 1988-2004   Extended  无可用尺码 || 337: Toyota Hilux 1997-2005   Extended  PK-M
3421,2,MULTI,335/337,PK-M/无可用尺码,皮卡,Toyota,Hilux,2002,,,Extended,,无可用尺码,335: Toyota Hilux 1988-2004   Extended  无可用尺码 || 337: Toyota Hilux 1997-2005   Extended  PK-M
3422,1,OK,333,无可用尺码,皮卡,Toyota,Hilux,2002,,,Regular,,无可用尺码,333: Toyota Hilux 1968-2005   Regular  无可用尺码
3423,1,OK,336,PK-M,皮卡,Toyota,Hilux,2003,,,Double,,PK-M,336: Toyota Hilux 1988-2026   Double  PK-M
3424,2,MULTI,335/337,PK-M/无可用尺码,皮卡,Toyota,Hilux,2003,,,Extended,,PK-M,335: Toyota Hilux 1988-2004   Extended  无可用尺码 || 337: Toyota Hilux 1997-2005   Extended  PK-M
3425,2,MULTI,335/337,PK-M/无可用尺码,皮卡,Toyota,Hilux,2003,,,Extended,,无可用尺码,335: Toyota Hilux 1988-2004   Extended  无可用尺码 || 337: Toyota Hilux 1997-2005   Extended  PK-M
3426,1,OK,333,无可用尺码,皮卡,Toyota,Hilux,2003,,,Regular,,无可用尺码,333: Toyota Hilux 1968-2005   Regular  无可用尺码
3427,1,OK,336,PK-M,皮卡,Toyota,Hilux,2004,,,Double,,PK-M,336: Toyota Hilux 1988-2026   Double  PK-M
3428,1,OK,339,PK-M,皮卡,Toyota,Hilux,2004,Arctic Trucks,,Double,,PK-M,339: Toyota Hilux 2004-2020 Arctic Trucks  Double  PK-M
3429,2,MULTI,335/337,PK-M/无可用尺码,皮卡,Toyota,Hilux,2004,,,Extended,,PK-M,335: Toyota Hilux 1988-2004   Extended  无可用尺码 || 337: Toyota Hilux 1997-2005   Extended  PK-M
3430,2,MULTI,333/338,PK-M/无可用尺码,皮卡,Toyota,Hilux,2004,,,Regular,,PK-M,333: Toyota Hilux 1968-2005   Regular  无可用尺码 || 338: Toyota Hilux 2004-2020   Regular  PK-M
3431,2,MULTI,335/337,PK-M/无可用尺码,皮卡,Toyota,Hilux,2004,,,Extended,,无可用尺码,335: Toyota Hilux 1988-2004   Extended  无可用尺码 || 337: Toyota Hilux 1997-2005   Extended  PK-M
3432,2,MULTI,333/338,PK-M/无可用尺码,皮卡,Toyota,Hilux,2004,,,Regular,,无可用尺码,333: Toyota Hilux 1968-2005   Regular  无可用尺码 || 338: Toyota Hilux 2004-2020   Regular  PK-M
3433,1,OK,336,PK-M,皮卡,Toyota,Hilux,2005,,,Double,,PK-M,336: Toyota Hilux 1988-2026   Double  PK-M
3434,1,OK,339,PK-M,皮卡,Toyota,Hilux,2005,Arctic Trucks,,Double,,PK-M,339: Toyota Hilux 2004-2020 Arctic Trucks  Double  PK-M
3435,1,OK,337,PK-M,皮卡,Toyota,Hilux,2005,,,Extended,,PK-M,337: Toyota Hilux 1997-2005   Extended  PK-M
3436,2,MULTI,333/338,PK-M/无可用尺码,皮卡,Toyota,Hilux,2005,,,Regular,,PK-M,333: Toyota Hilux 1968-2005   Regular  无可用尺码 || 338: Toyota Hilux 2004-2020   Regular  PK-M
3437,2,MULTI,333/338,PK-M/无可用尺码,皮卡,Toyota,Hilux,2005,,,Regular,,无可用尺码,333: Toyota Hilux 1968-2005   Regular  无可用尺码 || 338: Toyota Hilux 2004-2020   Regular  PK-M
3438,1,OK,336,PK-M,皮卡,Toyota,Hilux,2006,,,Double,,PK-M,336: Toyota Hilux 1988-2026   Double  PK-M
3439,1,OK,339,PK-M,皮卡,Toyota,Hilux,2006,Arctic Trucks,,Double,,PK-M,339: Toyota Hilux 2004-2020 Arctic Trucks  Double  PK-M
3440,1,OK,338,PK-M,皮卡,Toyota,Hilux,2006,,,Regular,,PK-M,338: Toyota Hilux 2004-2020   Regular  PK-M
3441,1,OK,336,PK-M,皮卡,Toyota,Hilux,2007,,,Double,,PK-M,336: Toyota Hilux 1988-2026   Double  PK-M
3442,1,OK,339,PK-M,皮卡,Toyota,Hilux,2007,Arctic Trucks,,Double,,PK-M,339: Toyota Hilux 2004-2020 Arctic Trucks  Double  PK-M
3443,1,OK,338,PK-M,皮卡,Toyota,Hilux,2007,,,Regular,,PK-M,338: Toyota Hilux 2004-2020   Regular  PK-M
3444,1,OK,336,PK-M,皮卡,Toyota,Hilux,2008,,,Double,,PK-M,336: Toyota Hilux 1988-2026   Double  PK-M
3445,1,OK,339,PK-M,皮卡,Toyota,Hilux,2008,Arctic Trucks,,Double,,PK-M,339: Toyota Hilux 2004-2020 Arctic Trucks  Double  PK-M
3446,1,OK,338,PK-M,皮卡,Toyota,Hilux,2008,,,Regular,,PK-M,338: Toyota Hilux 2004-2020   Regular  PK-M
3447,1,OK,336,PK-M,皮卡,Toyota,Hilux,2009,,,Double,,PK-M,336: Toyota Hilux 1988-2026   Double  PK-M
3448,1,OK,339,PK-M,皮卡,Toyota,Hilux,2009,Arctic Trucks,,Double,,PK-M,339: Toyota Hilux 2004-2020 Arctic Trucks  Double  PK-M
3449,1,OK,338,PK-M,皮卡,Toyota,Hilux,2009,,,Regular,,PK-M,338: Toyota Hilux 2004-2020   Regular  PK-M
3450,1,OK,336,PK-M,皮卡,Toyota,Hilux,2010,,,Double,,PK-M,336: Toyota Hilux 1988-2026   Double  PK-M
3451,1,OK,339,PK-M,皮卡,Toyota,Hilux,2010,Arctic Trucks,,Double,,PK-M,339: Toyota Hilux 2004-2020 Arctic Trucks  Double  PK-M
3452,1,OK,338,PK-M,皮卡,Toyota,Hilux,2010,,,Regular,,PK-M,338: Toyota Hilux 2004-2020   Regular  PK-M
3453,1,OK,336,PK-M,皮卡,Toyota,Hilux,2011,,,Double,,PK-M,336: Toyota Hilux 1988-2026   Double  PK-M
3454,1,OK,339,PK-M,皮卡,Toyota,Hilux,2011,Arctic Trucks,,Double,,PK-M,339: Toyota Hilux 2004-2020 Arctic Trucks  Double  PK-M
3455,1,OK,338,PK-M,皮卡,Toyota,Hilux,2011,,,Regular,,PK-M,338: Toyota Hilux 2004-2020   Regular  PK-M
3456,1,OK,336,PK-M,皮卡,Toyota,Hilux,2012,,,Double,,PK-M,336: Toyota Hilux 1988-2026   Double  PK-M
3457,1,OK,339,PK-M,皮卡,Toyota,Hilux,2012,Arctic Trucks,,Double,,PK-M,339: Toyota Hilux 2004-2020 Arctic Trucks  Double  PK-M
3458,1,OK,338,PK-M,皮卡,Toyota,Hilux,2012,,,Regular,,PK-M,338: Toyota Hilux 2004-2020   Regular  PK-M
3459,1,OK,336,PK-M,皮卡,Toyota,Hilux,2013,,,Double,,PK-M,336: Toyota Hilux 1988-2026   Double  PK-M
3460,1,OK,339,PK-M,皮卡,Toyota,Hilux,2013,Arctic Trucks,,Double,,PK-M,339: Toyota Hilux 2004-2020 Arctic Trucks  Double  PK-M
3461,1,OK,338,PK-M,皮卡,Toyota,Hilux,2013,,,Regular,,PK-M,338: Toyota Hilux 2004-2020   Regular  PK-M
3462,1,OK,336,PK-M,皮卡,Toyota,Hilux,2014,,,Double,,PK-M,336: Toyota Hilux 1988-2026   Double  PK-M
3463,1,OK,339,PK-M,皮卡,Toyota,Hilux,2014,Arctic Trucks,,Double,,PK-M,339: Toyota Hilux 2004-2020 Arctic Trucks  Double  PK-M
3464,1,OK,338,PK-M,皮卡,Toyota,Hilux,2014,,,Regular,,PK-M,338: Toyota Hilux 2004-2020   Regular  PK-M
3465,1,OK,336,PK-M,皮卡,Toyota,Hilux,2015,,,Double,,PK-M,336: Toyota Hilux 1988-2026   Double  PK-M
3466,1,OK,339,PK-M,皮卡,Toyota,Hilux,2015,Arctic Trucks,,Double,,PK-M,339: Toyota Hilux 2004-2020 Arctic Trucks  Double  PK-M
3467,1,OK,338,PK-M,皮卡,Toyota,Hilux,2015,,,Regular,,PK-M,338: Toyota Hilux 2004-2020   Regular  PK-M
3468,1,OK,336,PK-M,皮卡,Toyota,Hilux,2016,,,Double,,PK-M,336: Toyota Hilux 1988-2026   Double  PK-M
3469,1,OK,339,PK-M,皮卡,Toyota,Hilux,2016,Arctic Trucks,,Double,,PK-M,339: Toyota Hilux 2004-2020 Arctic Trucks  Double  PK-M
3470,1,OK,338,PK-M,皮卡,Toyota,Hilux,2016,,,Regular,,PK-M,338: Toyota Hilux 2004-2020   Regular  PK-M
3471,1,OK,336,PK-M,皮卡,Toyota,Hilux,2017,,,Double,,PK-M,336: Toyota Hilux 1988-2026   Double  PK-M
3472,1,OK,339,PK-M,皮卡,Toyota,Hilux,2017,Arctic Trucks,,Double,,PK-M,339: Toyota Hilux 2004-2020 Arctic Trucks  Double  PK-M
3473,1,OK,338,PK-M,皮卡,Toyota,Hilux,2017,,,Regular,,PK-M,338: Toyota Hilux 2004-2020   Regular  PK-M
3474,1,OK,336,PK-M,皮卡,Toyota,Hilux,2018,,,Double,,PK-M,336: Toyota Hilux 1988-2026   Double  PK-M
3475,1,OK,339,PK-M,皮卡,Toyota,Hilux,2018,Arctic Trucks,,Double,,PK-M,339: Toyota Hilux 2004-2020 Arctic Trucks  Double  PK-M
3476,1,OK,338,PK-M,皮卡,Toyota,Hilux,2018,,,Regular,,PK-M,338: Toyota Hilux 2004-2020   Regular  PK-M
3477,1,OK,336,PK-M,皮卡,Toyota,Hilux,2019,,,Double,,PK-M,336: Toyota Hilux 1988-2026   Double  PK-M
3478,1,OK,339,PK-M,皮卡,Toyota,Hilux,2019,Arctic Trucks,,Double,,PK-M,339: Toyota Hilux 2004-2020 Arctic Trucks  Double  PK-M
3479,1,OK,338,PK-M,皮卡,Toyota,Hilux,2019,,,Regular,,PK-M,338: Toyota Hilux 2004-2020   Regular  PK-M
3480,1,OK,336,PK-M,皮卡,Toyota,Hilux,2020,,,Double,,PK-M,336: Toyota Hilux 1988-2026   Double  PK-M
3481,2,MULTI,339/341,PK-M/无可用尺码,皮卡,Toyota,Hilux,2020,Arctic Trucks,,Double,,PK-M,339: Toyota Hilux 2004-2020 Arctic Trucks  Double  PK-M || 341: Toyota Hilux 2020-2026 Arctic Trucks  Double  无可用尺码
3482,1,OK,340,PK-M,皮卡,Toyota,Hilux,2020,,,Extended,,PK-M,340: Toyota Hilux 2020-2026   Extended  PK-M
3483,1,OK,338,PK-M,皮卡,Toyota,Hilux,2020,,,Regular,,PK-M,338: Toyota Hilux 2004-2020   Regular  PK-M
3484,2,MULTI,339/341,PK-M/无可用尺码,皮卡,Toyota,Hilux,2020,Arctic Trucks,,Double,,无可用尺码,339: Toyota Hilux 2004-2020 Arctic Trucks  Double  PK-M || 341: Toyota Hilux 2020-2026 Arctic Trucks  Double  无可用尺码
3485,1,OK,336,PK-M,皮卡,Toyota,Hilux,2021,,,Double,,PK-M,336: Toyota Hilux 1988-2026   Double  PK-M
3486,1,OK,340,PK-M,皮卡,Toyota,Hilux,2021,,,Extended,,PK-M,340: Toyota Hilux 2020-2026   Extended  PK-M
3487,1,OK,341,无可用尺码,皮卡,Toyota,Hilux,2021,Arctic Trucks,,Double,,无可用尺码,341: Toyota Hilux 2020-2026 Arctic Trucks  Double  无可用尺码
3488,1,OK,336,PK-M,皮卡,Toyota,Hilux,2022,,,Double,,PK-M,336: Toyota Hilux 1988-2026   Double  PK-M
3489,1,OK,340,PK-M,皮卡,Toyota,Hilux,2022,,,Extended,,PK-M,340: Toyota Hilux 2020-2026   Extended  PK-M
3490,1,OK,341,无可用尺码,皮卡,Toyota,Hilux,2022,Arctic Trucks,,Double,,无可用尺码,341: Toyota Hilux 2020-2026 Arctic Trucks  Double  无可用尺码
3491,1,OK,336,PK-M,皮卡,Toyota,Hilux,2023,,,Double,,PK-M,336: Toyota Hilux 1988-2026   Double  PK-M
3492,1,OK,340,PK-M,皮卡,Toyota,Hilux,2023,,,Extended,,PK-M,340: Toyota Hilux 2020-2026   Extended  PK-M
3493,1,OK,341,无可用尺码,皮卡,Toyota,Hilux,2023,Arctic Trucks,,Double,,无可用尺码,341: Toyota Hilux 2020-2026 Arctic Trucks  Double  无可用尺码
3494,1,OK,336,PK-M,皮卡,Toyota,Hilux,2024,,,Double,,PK-M,336: Toyota Hilux 1988-2026   Double  PK-M
3495,1,OK,340,PK-M,皮卡,Toyota,Hilux,2024,,,Extended,,PK-M,340: Toyota Hilux 2020-2026   Extended  PK-M
3496,1,OK,341,无可用尺码,皮卡,Toyota,Hilux,2024,Arctic Trucks,,Double,,无可用尺码,341: Toyota Hilux 2020-2026 Arctic Trucks  Double  无可用尺码
3497,1,OK,336,PK-M,皮卡,Toyota,Hilux,2025,,,Double,,PK-M,336: Toyota Hilux 1988-2026   Double  PK-M
3498,1,OK,340,PK-M,皮卡,Toyota,Hilux,2025,,,Extended,,PK-M,340: Toyota Hilux 2020-2026   Extended  PK-M
3499,1,OK,341,无可用尺码,皮卡,Toyota,Hilux,2025,Arctic Trucks,,Double,,无可用尺码,341: Toyota Hilux 2020-2026 Arctic Trucks  Double  无可用尺码
3500,1,OK,336,PK-M,皮卡,Toyota,Hilux,2026,,,Double,,PK-M,336: Toyota Hilux 1988-2026   Double  PK-M
3501,1,OK,340,PK-M,皮卡,Toyota,Hilux,2026,,,Extended,,PK-M,340: Toyota Hilux 2020-2026   Extended  PK-M
3502,1,OK,341,无可用尺码,皮卡,Toyota,Hilux,2026,Arctic Trucks,,Double,,无可用尺码,341: Toyota Hilux 2020-2026 Arctic Trucks  Double  无可用尺码
3503,1,OK,342,PK-M,皮卡,Toyota,Hilux Champ,2023,,,Regular,,PK-M,342: Toyota Hilux Champ 2023-2026   Regular  PK-M
3504,1,OK,342,PK-M,皮卡,Toyota,Hilux Champ,2024,,,Regular,,PK-M,342: Toyota Hilux Champ 2023-2026   Regular  PK-M
3505,1,OK,342,PK-M,皮卡,Toyota,Hilux Champ,2025,,,Regular,,PK-M,342: Toyota Hilux Champ 2023-2026   Regular  PK-M
3506,1,OK,342,PK-M,皮卡,Toyota,Hilux Champ,2026,,,Regular,,PK-M,342: Toyota Hilux Champ 2023-2026   Regular  PK-M
3507,1,OK,332,PK-M,皮卡,Toyota,Land Cruiser,1984,,,Regular,,PK-M,332: Toyota Land Cruiser 1984-2026 Incl: 79  Regular/Double  PK-M
3508,1,OK,332,PK-M,皮卡,Toyota,Land Cruiser,1985,,,Regular,,PK-M,332: Toyota Land Cruiser 1984-2026 Incl: 79  Regular/Double  PK-M
3509,1,OK,332,PK-M,皮卡,Toyota,Land Cruiser,1986,,,Regular,,PK-M,332: Toyota Land Cruiser 1984-2026 Incl: 79  Regular/Double  PK-M
3510,1,OK,332,PK-M,皮卡,Toyota,Land Cruiser,1987,,,Regular,,PK-M,332: Toyota Land Cruiser 1984-2026 Incl: 79  Regular/Double  PK-M
3511,1,OK,332,PK-M,皮卡,Toyota,Land Cruiser,1988,,,Regular,,PK-M,332: Toyota Land Cruiser 1984-2026 Incl: 79  Regular/Double  PK-M
3512,1,OK,332,PK-M,皮卡,Toyota,Land Cruiser,1989,,,Regular,,PK-M,332: Toyota Land Cruiser 1984-2026 Incl: 79  Regular/Double  PK-M
3513,1,OK,332,PK-M,皮卡,Toyota,Land Cruiser,1990,,,Regular,,PK-M,332: Toyota Land Cruiser 1984-2026 Incl: 79  Regular/Double  PK-M
3514,1,OK,332,PK-M,皮卡,Toyota,Land Cruiser,1991,,,Regular,,PK-M,332: Toyota Land Cruiser 1984-2026 Incl: 79  Regular/Double  PK-M
3515,1,OK,332,PK-M,皮卡,Toyota,Land Cruiser,1992,,,Regular,,PK-M,332: Toyota Land Cruiser 1984-2026 Incl: 79  Regular/Double  PK-M
3516,1,OK,332,PK-M,皮卡,Toyota,Land Cruiser,1993,,,Regular,,PK-M,332: Toyota Land Cruiser 1984-2026 Incl: 79  Regular/Double  PK-M
3517,1,OK,332,PK-M,皮卡,Toyota,Land Cruiser,1994,,,Regular,,PK-M,332: Toyota Land Cruiser 1984-2026 Incl: 79  Regular/Double  PK-M
3518,1,OK,332,PK-M,皮卡,Toyota,Land Cruiser,1995,,,Regular,,PK-M,332: Toyota Land Cruiser 1984-2026 Incl: 79  Regular/Double  PK-M
3519,1,OK,332,PK-M,皮卡,Toyota,Land Cruiser,1996,,,Regular,,PK-M,332: Toyota Land Cruiser 1984-2026 Incl: 79  Regular/Double  PK-M
3520,1,OK,332,PK-M,皮卡,Toyota,Land Cruiser,1997,,,Regular,,PK-M,332: Toyota Land Cruiser 1984-2026 Incl: 79  Regular/Double  PK-M
3521,1,OK,332,PK-M,皮卡,Toyota,Land Cruiser,1998,,,Regular,,PK-M,332: Toyota Land Cruiser 1984-2026 Incl: 79  Regular/Double  PK-M
3522,1,OK,332,PK-M,皮卡,Toyota,Land Cruiser,1999,,,Regular,,PK-M,332: Toyota Land Cruiser 1984-2026 Incl: 79  Regular/Double  PK-M
3523,1,OK,332,PK-M,皮卡,Toyota,Land Cruiser,2000,,,Regular,,PK-M,332: Toyota Land Cruiser 1984-2026 Incl: 79  Regular/Double  PK-M
3524,1,OK,332,PK-M,皮卡,Toyota,Land Cruiser,2001,,,Regular,,PK-M,332: Toyota Land Cruiser 1984-2026 Incl: 79  Regular/Double  PK-M
3525,1,OK,332,PK-M,皮卡,Toyota,Land Cruiser,2002,,,Regular,,PK-M,332: Toyota Land Cruiser 1984-2026 Incl: 79  Regular/Double  PK-M
3526,1,OK,332,PK-M,皮卡,Toyota,Land Cruiser,2003,,,Regular,,PK-M,332: Toyota Land Cruiser 1984-2026 Incl: 79  Regular/Double  PK-M
3527,1,OK,332,PK-M,皮卡,Toyota,Land Cruiser,2004,,,Regular,,PK-M,332: Toyota Land Cruiser 1984-2026 Incl: 79  Regular/Double  PK-M
3528,1,OK,332,PK-M,皮卡,Toyota,Land Cruiser,2005,,,Regular,,PK-M,332: Toyota Land Cruiser 1984-2026 Incl: 79  Regular/Double  PK-M
3529,1,OK,332,PK-M,皮卡,Toyota,Land Cruiser,2006,,,Regular,,PK-M,332: Toyota Land Cruiser 1984-2026 Incl: 79  Regular/Double  PK-M
3530,1,OK,332,PK-M,皮卡,Toyota,Land Cruiser,2007,79,,Double,,PK-M,332: Toyota Land Cruiser 1984-2026 Incl: 79  Regular/Double  PK-M
3531,1,OK,332,PK-M,皮卡,Toyota,Land Cruiser,2007,,,Regular,,PK-M,332: Toyota Land Cruiser 1984-2026 Incl: 79  Regular/Double  PK-M
3532,1,OK,332,PK-M,皮卡,Toyota,Land Cruiser,2007,79,,Regular,,PK-M,332: Toyota Land Cruiser 1984-2026 Incl: 79  Regular/Double  PK-M
3533,1,OK,332,PK-M,皮卡,Toyota,Land Cruiser,2008,79,,Double,,PK-M,332: Toyota Land Cruiser 1984-2026 Incl: 79  Regular/Double  PK-M
3534,1,OK,332,PK-M,皮卡,Toyota,Land Cruiser,2008,79,,Regular,,PK-M,332: Toyota Land Cruiser 1984-2026 Incl: 79  Regular/Double  PK-M
3535,1,OK,332,PK-M,皮卡,Toyota,Land Cruiser,2009,79,,Double,,PK-M,332: Toyota Land Cruiser 1984-2026 Incl: 79  Regular/Double  PK-M
3536,1,OK,332,PK-M,皮卡,Toyota,Land Cruiser,2009,79,,Regular,,PK-M,332: Toyota Land Cruiser 1984-2026 Incl: 79  Regular/Double  PK-M
3537,1,OK,332,PK-M,皮卡,Toyota,Land Cruiser,2010,79,,Double,,PK-M,332: Toyota Land Cruiser 1984-2026 Incl: 79  Regular/Double  PK-M
3538,1,OK,332,PK-M,皮卡,Toyota,Land Cruiser,2010,79,,Regular,,PK-M,332: Toyota Land Cruiser 1984-2026 Incl: 79  Regular/Double  PK-M
3539,1,OK,332,PK-M,皮卡,Toyota,Land Cruiser,2011,79,,Double,,PK-M,332: Toyota Land Cruiser 1984-2026 Incl: 79  Regular/Double  PK-M
3540,1,OK,332,PK-M,皮卡,Toyota,Land Cruiser,2011,79,,Regular,,PK-M,332: Toyota Land Cruiser 1984-2026 Incl: 79  Regular/Double  PK-M
3541,1,OK,332,PK-M,皮卡,Toyota,Land Cruiser,2012,79,,Double,,PK-M,332: Toyota Land Cruiser 1984-2026 Incl: 79  Regular/Double  PK-M
3542,1,OK,332,PK-M,皮卡,Toyota,Land Cruiser,2012,79,,Regular,,PK-M,332: Toyota Land Cruiser 1984-2026 Incl: 79  Regular/Double  PK-M
3543,1,OK,332,PK-M,皮卡,Toyota,Land Cruiser,2013,79,,Double,,PK-M,332: Toyota Land Cruiser 1984-2026 Incl: 79  Regular/Double  PK-M
3544,1,OK,332,PK-M,皮卡,Toyota,Land Cruiser,2013,79,,Regular,,PK-M,332: Toyota Land Cruiser 1984-2026 Incl: 79  Regular/Double  PK-M
3545,1,OK,332,PK-M,皮卡,Toyota,Land Cruiser,2014,79,,Double,,PK-M,332: Toyota Land Cruiser 1984-2026 Incl: 79  Regular/Double  PK-M
3546,1,OK,332,PK-M,皮卡,Toyota,Land Cruiser,2014,79,,Regular,,PK-M,332: Toyota Land Cruiser 1984-2026 Incl: 79  Regular/Double  PK-M
3547,1,OK,332,PK-M,皮卡,Toyota,Land Cruiser,2015,79,,Double,,PK-M,332: Toyota Land Cruiser 1984-2026 Incl: 79  Regular/Double  PK-M
3548,1,OK,332,PK-M,皮卡,Toyota,Land Cruiser,2015,79,,Regular,,PK-M,332: Toyota Land Cruiser 1984-2026 Incl: 79  Regular/Double  PK-M
3549,1,OK,332,PK-M,皮卡,Toyota,Land Cruiser,2016,79,,Double,,PK-M,332: Toyota Land Cruiser 1984-2026 Incl: 79  Regular/Double  PK-M
3550,1,OK,332,PK-M,皮卡,Toyota,Land Cruiser,2016,79,,Regular,,PK-M,332: Toyota Land Cruiser 1984-2026 Incl: 79  Regular/Double  PK-M
3551,1,OK,332,PK-M,皮卡,Toyota,Land Cruiser,2017,79,,Double,,PK-M,332: Toyota Land Cruiser 1984-2026 Incl: 79  Regular/Double  PK-M
3552,1,OK,332,PK-M,皮卡,Toyota,Land Cruiser,2017,79,,Regular,,PK-M,332: Toyota Land Cruiser 1984-2026 Incl: 79  Regular/Double  PK-M
3553,1,OK,332,PK-M,皮卡,Toyota,Land Cruiser,2018,79,,Double,,PK-M,332: Toyota Land Cruiser 1984-2026 Incl: 79  Regular/Double  PK-M
3554,1,OK,332,PK-M,皮卡,Toyota,Land Cruiser,2018,79,,Regular,,PK-M,332: Toyota Land Cruiser 1984-2026 Incl: 79  Regular/Double  PK-M
3555,1,OK,332,PK-M,皮卡,Toyota,Land Cruiser,2019,79,,Double,,PK-M,332: Toyota Land Cruiser 1984-2026 Incl: 79  Regular/Double  PK-M
3556,1,OK,332,PK-M,皮卡,Toyota,Land Cruiser,2019,79,,Regular,,PK-M,332: Toyota Land Cruiser 1984-2026 Incl: 79  Regular/Double  PK-M
3557,1,OK,332,PK-M,皮卡,Toyota,Land Cruiser,2020,79,,Double,,PK-M,332: Toyota Land Cruiser 1984-2026 Incl: 79  Regular/Double  PK-M
3558,1,OK,332,PK-M,皮卡,Toyota,Land Cruiser,2020,79,,Regular,,PK-M,332: Toyota Land Cruiser 1984-2026 Incl: 79  Regular/Double  PK-M
3559,1,OK,332,PK-M,皮卡,Toyota,Land Cruiser,2021,79,,Double,,PK-M,332: Toyota Land Cruiser 1984-2026 Incl: 79  Regular/Double  PK-M
3560,1,OK,332,PK-M,皮卡,Toyota,Land Cruiser,2021,79,,Regular,,PK-M,332: Toyota Land Cruiser 1984-2026 Incl: 79  Regular/Double  PK-M
3561,1,OK,332,PK-M,皮卡,Toyota,Land Cruiser,2022,79,,Double,,PK-M,332: Toyota Land Cruiser 1984-2026 Incl: 79  Regular/Double  PK-M
3562,1,OK,332,PK-M,皮卡,Toyota,Land Cruiser,2022,79,,Regular,,PK-M,332: Toyota Land Cruiser 1984-2026 Incl: 79  Regular/Double  PK-M
3563,1,OK,332,PK-M,皮卡,Toyota,Land Cruiser,2023,79,,Double,,PK-M,332: Toyota Land Cruiser 1984-2026 Incl: 79  Regular/Double  PK-M
3564,1,OK,332,PK-M,皮卡,Toyota,Land Cruiser,2023,79,,Regular,,PK-M,332: Toyota Land Cruiser 1984-2026 Incl: 79  Regular/Double  PK-M
3565,1,OK,332,PK-M,皮卡,Toyota,Land Cruiser,2024,79,,Double,,PK-M,332: Toyota Land Cruiser 1984-2026 Incl: 79  Regular/Double  PK-M
3566,1,OK,332,PK-M,皮卡,Toyota,Land Cruiser,2024,79,,Regular,,PK-M,332: Toyota Land Cruiser 1984-2026 Incl: 79  Regular/Double  PK-M
3567,1,OK,332,PK-M,皮卡,Toyota,Land Cruiser,2025,79,,Double,,PK-M,332: Toyota Land Cruiser 1984-2026 Incl: 79  Regular/Double  PK-M
3568,1,OK,332,PK-M,皮卡,Toyota,Land Cruiser,2025,79,,Regular,,PK-M,332: Toyota Land Cruiser 1984-2026 Incl: 79  Regular/Double  PK-M
3569,1,OK,332,PK-M,皮卡,Toyota,Land Cruiser,2026,79,,Double,,PK-M,332: Toyota Land Cruiser 1984-2026 Incl: 79  Regular/Double  PK-M
3570,1,OK,332,PK-M,皮卡,Toyota,Land Cruiser,2026,79,,Regular,,PK-M,332: Toyota Land Cruiser 1984-2026 Incl: 79  Regular/Double  PK-M
3571,1,OK,343,PK-M,皮卡,Toyota,Tacoma,1995,,,Extended,,PK-M,343: Toyota Tacoma 1995-2004   Extended  PK-M
3572,1,OK,344,无可用尺码,皮卡,Toyota,Tacoma,1995,,,Regular,,无可用尺码,344: Toyota Tacoma 1995-2004   Regular  无可用尺码
3573,1,OK,343,PK-M,皮卡,Toyota,Tacoma,1996,,,Extended,,PK-M,343: Toyota Tacoma 1995-2004   Extended  PK-M
3574,1,OK,344,无可用尺码,皮卡,Toyota,Tacoma,1996,,,Regular,,无可用尺码,344: Toyota Tacoma 1995-2004   Regular  无可用尺码
3575,1,OK,343,PK-M,皮卡,Toyota,Tacoma,1997,,,Extended,,PK-M,343: Toyota Tacoma 1995-2004   Extended  PK-M
3576,1,OK,344,无可用尺码,皮卡,Toyota,Tacoma,1997,,,Regular,,无可用尺码,344: Toyota Tacoma 1995-2004   Regular  无可用尺码
3577,1,OK,343,PK-M,皮卡,Toyota,Tacoma,1998,,,Extended,,PK-M,343: Toyota Tacoma 1995-2004   Extended  PK-M
3578,1,OK,344,无可用尺码,皮卡,Toyota,Tacoma,1998,,,Regular,,无可用尺码,344: Toyota Tacoma 1995-2004   Regular  无可用尺码
3579,1,OK,343,PK-M,皮卡,Toyota,Tacoma,1999,,,Extended,,PK-M,343: Toyota Tacoma 1995-2004   Extended  PK-M
3580,1,OK,344,无可用尺码,皮卡,Toyota,Tacoma,1999,,,Regular,,无可用尺码,344: Toyota Tacoma 1995-2004   Regular  无可用尺码
3581,1,OK,345,PK-M,皮卡,Toyota,Tacoma,2000,,,Double,,PK-M,345: Toyota Tacoma 2000-2015   Double  PK-M
3582,1,OK,343,PK-M,皮卡,Toyota,Tacoma,2000,,,Extended,,PK-M,343: Toyota Tacoma 1995-2004   Extended  PK-M
3583,1,OK,344,无可用尺码,皮卡,Toyota,Tacoma,2000,,,Regular,,无可用尺码,344: Toyota Tacoma 1995-2004   Regular  无可用尺码
3584,1,OK,345,PK-M,皮卡,Toyota,Tacoma,2001,,,Double,,PK-M,345: Toyota Tacoma 2000-2015   Double  PK-M
3585,1,OK,343,PK-M,皮卡,Toyota,Tacoma,2001,,,Extended,,PK-M,343: Toyota Tacoma 1995-2004   Extended  PK-M
3586,1,OK,344,无可用尺码,皮卡,Toyota,Tacoma,2001,,,Regular,,无可用尺码,344: Toyota Tacoma 1995-2004   Regular  无可用尺码
3587,1,OK,345,PK-M,皮卡,Toyota,Tacoma,2002,,,Double,,PK-M,345: Toyota Tacoma 2000-2015   Double  PK-M
3588,1,OK,343,PK-M,皮卡,Toyota,Tacoma,2002,,,Extended,,PK-M,343: Toyota Tacoma 1995-2004   Extended  PK-M
3589,1,OK,344,无可用尺码,皮卡,Toyota,Tacoma,2002,,,Regular,,无可用尺码,344: Toyota Tacoma 1995-2004   Regular  无可用尺码
3590,1,OK,345,PK-M,皮卡,Toyota,Tacoma,2003,,,Double,,PK-M,345: Toyota Tacoma 2000-2015   Double  PK-M
3591,1,OK,343,PK-M,皮卡,Toyota,Tacoma,2003,,,Extended,,PK-M,343: Toyota Tacoma 1995-2004   Extended  PK-M
3592,1,OK,344,无可用尺码,皮卡,Toyota,Tacoma,2003,,,Regular,,无可用尺码,344: Toyota Tacoma 1995-2004   Regular  无可用尺码
3593,1,OK,346,PK-M,皮卡,Toyota,Tacoma,2004,,,Access,,PK-M,346: Toyota Tacoma 2004-2015   Access  PK-M
3594,1,OK,345,PK-M,皮卡,Toyota,Tacoma,2004,,,Double,,PK-M,345: Toyota Tacoma 2000-2015   Double  PK-M
3595,1,OK,343,PK-M,皮卡,Toyota,Tacoma,2004,,,Extended,,PK-M,343: Toyota Tacoma 1995-2004   Extended  PK-M
3596,2,MULTI,344/347,PK-M/无可用尺码,皮卡,Toyota,Tacoma,2004,,,Regular,,PK-M,344: Toyota Tacoma 1995-2004   Regular  无可用尺码 || 347: Toyota Tacoma 2004-2015   Regular  PK-M
3597,2,MULTI,344/347,PK-M/无可用尺码,皮卡,Toyota,Tacoma,2004,,,Regular,,无可用尺码,344: Toyota Tacoma 1995-2004   Regular  无可用尺码 || 347: Toyota Tacoma 2004-2015   Regular  PK-M
3598,1,OK,346,PK-M,皮卡,Toyota,Tacoma,2005,,,Access,,PK-M,346: Toyota Tacoma 2004-2015   Access  PK-M
3599,1,OK,345,PK-M,皮卡,Toyota,Tacoma,2005,,,Double,,PK-M,345: Toyota Tacoma 2000-2015   Double  PK-M
3600,1,OK,347,PK-M,皮卡,Toyota,Tacoma,2005,,,Regular,,PK-M,347: Toyota Tacoma 2004-2015   Regular  PK-M
3601,1,OK,346,PK-M,皮卡,Toyota,Tacoma,2006,,,Access,,PK-M,346: Toyota Tacoma 2004-2015   Access  PK-M
3602,1,OK,345,PK-M,皮卡,Toyota,Tacoma,2006,,,Double,,PK-M,345: Toyota Tacoma 2000-2015   Double  PK-M
3603,1,OK,347,PK-M,皮卡,Toyota,Tacoma,2006,,,Regular,,PK-M,347: Toyota Tacoma 2004-2015   Regular  PK-M
3604,1,OK,346,PK-M,皮卡,Toyota,Tacoma,2007,,,Access,,PK-M,346: Toyota Tacoma 2004-2015   Access  PK-M
3605,1,OK,345,PK-M,皮卡,Toyota,Tacoma,2007,,,Double,,PK-M,345: Toyota Tacoma 2000-2015   Double  PK-M
3606,1,OK,347,PK-M,皮卡,Toyota,Tacoma,2007,,,Regular,,PK-M,347: Toyota Tacoma 2004-2015   Regular  PK-M
3607,1,OK,346,PK-M,皮卡,Toyota,Tacoma,2008,,,Access,,PK-M,346: Toyota Tacoma 2004-2015   Access  PK-M
3608,1,OK,345,PK-M,皮卡,Toyota,Tacoma,2008,,,Double,,PK-M,345: Toyota Tacoma 2000-2015   Double  PK-M
3609,1,OK,347,PK-M,皮卡,Toyota,Tacoma,2008,,,Regular,,PK-M,347: Toyota Tacoma 2004-2015   Regular  PK-M
3610,1,OK,346,PK-M,皮卡,Toyota,Tacoma,2009,,,Access,,PK-M,346: Toyota Tacoma 2004-2015   Access  PK-M
3611,1,OK,345,PK-M,皮卡,Toyota,Tacoma,2009,,,Double,,PK-M,345: Toyota Tacoma 2000-2015   Double  PK-M
3612,1,OK,347,PK-M,皮卡,Toyota,Tacoma,2009,,,Regular,,PK-M,347: Toyota Tacoma 2004-2015   Regular  PK-M
3613,1,OK,346,PK-M,皮卡,Toyota,Tacoma,2010,,,Access,,PK-M,346: Toyota Tacoma 2004-2015   Access  PK-M
3614,1,OK,345,PK-M,皮卡,Toyota,Tacoma,2010,,,Double,,PK-M,345: Toyota Tacoma 2000-2015   Double  PK-M
3615,1,OK,347,PK-M,皮卡,Toyota,Tacoma,2010,,,Regular,,PK-M,347: Toyota Tacoma 2004-2015   Regular  PK-M
3616,1,OK,346,PK-M,皮卡,Toyota,Tacoma,2011,,,Access,,PK-M,346: Toyota Tacoma 2004-2015   Access  PK-M
3617,1,OK,345,PK-M,皮卡,Toyota,Tacoma,2011,,,Double,,PK-M,345: Toyota Tacoma 2000-2015   Double  PK-M
3618,1,OK,347,PK-M,皮卡,Toyota,Tacoma,2011,,,Regular,,PK-M,347: Toyota Tacoma 2004-2015   Regular  PK-M
3619,1,OK,346,PK-M,皮卡,Toyota,Tacoma,2012,,,Access,,PK-M,346: Toyota Tacoma 2004-2015   Access  PK-M
3620,1,OK,345,PK-M,皮卡,Toyota,Tacoma,2012,,,Double,,PK-M,345: Toyota Tacoma 2000-2015   Double  PK-M
3621,1,OK,347,PK-M,皮卡,Toyota,Tacoma,2012,,,Regular,,PK-M,347: Toyota Tacoma 2004-2015   Regular  PK-M
3622,1,OK,346,PK-M,皮卡,Toyota,Tacoma,2013,,,Access,,PK-M,346: Toyota Tacoma 2004-2015   Access  PK-M
3623,1,OK,345,PK-M,皮卡,Toyota,Tacoma,2013,,,Double,,PK-M,345: Toyota Tacoma 2000-2015   Double  PK-M
3624,1,OK,347,PK-M,皮卡,Toyota,Tacoma,2013,,,Regular,,PK-M,347: Toyota Tacoma 2004-2015   Regular  PK-M
3625,1,OK,346,PK-M,皮卡,Toyota,Tacoma,2014,,,Access,,PK-M,346: Toyota Tacoma 2004-2015   Access  PK-M
3626,1,OK,345,PK-M,皮卡,Toyota,Tacoma,2014,,,Double,,PK-M,345: Toyota Tacoma 2000-2015   Double  PK-M
3627,1,OK,347,PK-M,皮卡,Toyota,Tacoma,2014,,,Regular,,PK-M,347: Toyota Tacoma 2004-2015   Regular  PK-M
3628,1,OK,348,PK-L,皮卡,Toyota,Tacoma,2015,Long,,Double,,PK-L,348: Toyota Tacoma 2015-2023 Long  Double  PK-L
3629,1,OK,346,PK-M,皮卡,Toyota,Tacoma,2015,,,Access,,PK-M,346: Toyota Tacoma 2004-2015   Access  PK-M
3630,2,MULTI,345/349,PK-M/PK-M+,皮卡,Toyota,Tacoma,2015,,,Double,,PK-M,345: Toyota Tacoma 2000-2015   Double  PK-M || 349: Toyota Tacoma 2015-2026   Double  PK-M+
3631,1,OK,347,PK-M,皮卡,Toyota,Tacoma,2015,,,Regular,,PK-M,347: Toyota Tacoma 2004-2015   Regular  PK-M
3632,2,MULTI,345/349,PK-M/PK-M+,皮卡,Toyota,Tacoma,2015,,,Double,,PK-M+,345: Toyota Tacoma 2000-2015   Double  PK-M || 349: Toyota Tacoma 2015-2026   Double  PK-M+
3633,1,OK,350,PK-M+,皮卡,Toyota,Tacoma,2015,,,Extended,,PK-M+,350: Toyota Tacoma 2015-2026   Extended  PK-M+
3634,1,OK,348,PK-L,皮卡,Toyota,Tacoma,2016,Long,,Double,,PK-L,348: Toyota Tacoma 2015-2023 Long  Double  PK-L
3635,1,OK,349,PK-M+,皮卡,Toyota,Tacoma,2016,,,Double,,PK-M+,349: Toyota Tacoma 2015-2026   Double  PK-M+
3636,1,OK,350,PK-M+,皮卡,Toyota,Tacoma,2016,,,Extended,,PK-M+,350: Toyota Tacoma 2015-2026   Extended  PK-M+
3637,1,OK,348,PK-L,皮卡,Toyota,Tacoma,2017,Long,,Double,,PK-L,348: Toyota Tacoma 2015-2023 Long  Double  PK-L
3638,1,OK,349,PK-M+,皮卡,Toyota,Tacoma,2017,,,Double,,PK-M+,349: Toyota Tacoma 2015-2026   Double  PK-M+
3639,1,OK,350,PK-M+,皮卡,Toyota,Tacoma,2017,,,Extended,,PK-M+,350: Toyota Tacoma 2015-2026   Extended  PK-M+
3640,1,OK,348,PK-L,皮卡,Toyota,Tacoma,2018,Long,,Double,,PK-L,348: Toyota Tacoma 2015-2023 Long  Double  PK-L
3641,1,OK,349,PK-M+,皮卡,Toyota,Tacoma,2018,,,Double,,PK-M+,349: Toyota Tacoma 2015-2026   Double  PK-M+
3642,1,OK,350,PK-M+,皮卡,Toyota,Tacoma,2018,,,Extended,,PK-M+,350: Toyota Tacoma 2015-2026   Extended  PK-M+
3643,1,OK,348,PK-L,皮卡,Toyota,Tacoma,2019,Long,,Double,,PK-L,348: Toyota Tacoma 2015-2023 Long  Double  PK-L
3644,1,OK,349,PK-M+,皮卡,Toyota,Tacoma,2019,,,Double,,PK-M+,349: Toyota Tacoma 2015-2026   Double  PK-M+
3645,1,OK,350,PK-M+,皮卡,Toyota,Tacoma,2019,,,Extended,,PK-M+,350: Toyota Tacoma 2015-2026   Extended  PK-M+
3646,1,OK,348,PK-L,皮卡,Toyota,Tacoma,2020,Long,,Double,,PK-L,348: Toyota Tacoma 2015-2023 Long  Double  PK-L
3647,1,OK,349,PK-M+,皮卡,Toyota,Tacoma,2020,,,Double,,PK-M+,349: Toyota Tacoma 2015-2026   Double  PK-M+
3648,1,OK,350,PK-M+,皮卡,Toyota,Tacoma,2020,,,Extended,,PK-M+,350: Toyota Tacoma 2015-2026   Extended  PK-M+
3649,1,OK,348,PK-L,皮卡,Toyota,Tacoma,2021,Long,,Double,,PK-L,348: Toyota Tacoma 2015-2023 Long  Double  PK-L
3650,1,OK,349,PK-M+,皮卡,Toyota,Tacoma,2021,,,Double,,PK-M+,349: Toyota Tacoma 2015-2026   Double  PK-M+
3651,1,OK,350,PK-M+,皮卡,Toyota,Tacoma,2021,,,Extended,,PK-M+,350: Toyota Tacoma 2015-2026   Extended  PK-M+
3652,1,OK,348,PK-L,皮卡,Toyota,Tacoma,2022,Long,,Double,,PK-L,348: Toyota Tacoma 2015-2023 Long  Double  PK-L
3653,1,OK,349,PK-M+,皮卡,Toyota,Tacoma,2022,,,Double,,PK-M+,349: Toyota Tacoma 2015-2026   Double  PK-M+
3654,1,OK,350,PK-M+,皮卡,Toyota,Tacoma,2022,,,Extended,,PK-M+,350: Toyota Tacoma 2015-2026   Extended  PK-M+
3655,1,OK,348,PK-L,皮卡,Toyota,Tacoma,2023,Long,,Double,,PK-L,348: Toyota Tacoma 2015-2023 Long  Double  PK-L
3656,1,OK,349,PK-M+,皮卡,Toyota,Tacoma,2023,,,Double,,PK-M+,349: Toyota Tacoma 2015-2026   Double  PK-M+
3657,1,OK,350,PK-M+,皮卡,Toyota,Tacoma,2023,,,Extended,,PK-M+,350: Toyota Tacoma 2015-2026   Extended  PK-M+
3658,1,OK,349,PK-M+,皮卡,Toyota,Tacoma,2024,,,Double,,PK-M+,349: Toyota Tacoma 2015-2026   Double  PK-M+
3659,1,OK,350,PK-M+,皮卡,Toyota,Tacoma,2024,,,Extended,,PK-M+,350: Toyota Tacoma 2015-2026   Extended  PK-M+
3660,1,OK,349,PK-M+,皮卡,Toyota,Tacoma,2025,,,Double,,PK-M+,349: Toyota Tacoma 2015-2026   Double  PK-M+
3661,1,OK,350,PK-M+,皮卡,Toyota,Tacoma,2025,,,Extended,,PK-M+,350: Toyota Tacoma 2015-2026   Extended  PK-M+
3662,1,OK,349,PK-M+,皮卡,Toyota,Tacoma,2026,,,Double,,PK-M+,349: Toyota Tacoma 2015-2026   Double  PK-M+
3663,1,OK,350,PK-M+,皮卡,Toyota,Tacoma,2026,,,Extended,,PK-M+,350: Toyota Tacoma 2015-2026   Extended  PK-M+
3664,1,OK,351,PK-M+,皮卡,Toyota,Tundra,1999,,,Double,,PK-M+,351: Toyota Tundra 1999-2006   Double  PK-M+
3665,1,OK,352,PK-M+,皮卡,Toyota,Tundra,1999,,,Regular,,PK-M+,352: Toyota Tundra 1999-2013   Regular  PK-M+
3666,1,OK,351,PK-M+,皮卡,Toyota,Tundra,2000,,,Double,,PK-M+,351: Toyota Tundra 1999-2006   Double  PK-M+
3667,1,OK,352,PK-M+,皮卡,Toyota,Tundra,2000,,,Regular,,PK-M+,352: Toyota Tundra 1999-2013   Regular  PK-M+
3668,1,OK,351,PK-M+,皮卡,Toyota,Tundra,2001,,,Double,,PK-M+,351: Toyota Tundra 1999-2006   Double  PK-M+
3669,1,OK,352,PK-M+,皮卡,Toyota,Tundra,2001,,,Regular,,PK-M+,352: Toyota Tundra 1999-2013   Regular  PK-M+
3670,1,OK,351,PK-M+,皮卡,Toyota,Tundra,2002,,,Double,,PK-M+,351: Toyota Tundra 1999-2006   Double  PK-M+
3671,1,OK,352,PK-M+,皮卡,Toyota,Tundra,2002,,,Regular,,PK-M+,352: Toyota Tundra 1999-2013   Regular  PK-M+
3672,1,OK,351,PK-M+,皮卡,Toyota,Tundra,2003,,,Double,,PK-M+,351: Toyota Tundra 1999-2006   Double  PK-M+
3673,1,OK,352,PK-M+,皮卡,Toyota,Tundra,2003,,,Regular,,PK-M+,352: Toyota Tundra 1999-2013   Regular  PK-M+
3674,1,OK,351,PK-M+,皮卡,Toyota,Tundra,2004,,,Double,,PK-M+,351: Toyota Tundra 1999-2006   Double  PK-M+
3675,1,OK,352,PK-M+,皮卡,Toyota,Tundra,2004,,,Regular,,PK-M+,352: Toyota Tundra 1999-2013   Regular  PK-M+
3676,1,OK,351,PK-M+,皮卡,Toyota,Tundra,2005,,,Double,,PK-M+,351: Toyota Tundra 1999-2006   Double  PK-M+
3677,1,OK,352,PK-M+,皮卡,Toyota,Tundra,2005,,,Regular,,PK-M+,352: Toyota Tundra 1999-2013   Regular  PK-M+
3678,1,OK,351,PK-M+,皮卡,Toyota,Tundra,2006,,,Double,,PK-M+,351: Toyota Tundra 1999-2006   Double  PK-M+
3679,1,OK,352,PK-M+,皮卡,Toyota,Tundra,2006,,,Regular,,PK-M+,352: Toyota Tundra 1999-2013   Regular  PK-M+
3680,1,OK,353,PK-L,皮卡,Toyota,Tundra,2007,,,CrewMax,,PK-L,353: Toyota Tundra 2007-2021   CrewMax  PK-L
3681,1,OK,354,PK-L,皮卡,Toyota,Tundra,2007,,,Double,,PK-L,354: Toyota Tundra 2007-2021   Double  PK-L
3682,1,OK,352,PK-M+,皮卡,Toyota,Tundra,2007,,,Regular,,PK-M+,352: Toyota Tundra 1999-2013   Regular  PK-M+
3683,1,OK,353,PK-L,皮卡,Toyota,Tundra,2008,,,CrewMax,,PK-L,353: Toyota Tundra 2007-2021   CrewMax  PK-L
3684,1,OK,354,PK-L,皮卡,Toyota,Tundra,2008,,,Double,,PK-L,354: Toyota Tundra 2007-2021   Double  PK-L
3685,1,OK,352,PK-M+,皮卡,Toyota,Tundra,2008,,,Regular,,PK-M+,352: Toyota Tundra 1999-2013   Regular  PK-M+
3686,1,OK,353,PK-L,皮卡,Toyota,Tundra,2009,,,CrewMax,,PK-L,353: Toyota Tundra 2007-2021   CrewMax  PK-L
3687,1,OK,354,PK-L,皮卡,Toyota,Tundra,2009,,,Double,,PK-L,354: Toyota Tundra 2007-2021   Double  PK-L
3688,1,OK,352,PK-M+,皮卡,Toyota,Tundra,2009,,,Regular,,PK-M+,352: Toyota Tundra 1999-2013   Regular  PK-M+
3689,1,OK,353,PK-L,皮卡,Toyota,Tundra,2010,,,CrewMax,,PK-L,353: Toyota Tundra 2007-2021   CrewMax  PK-L
3690,1,OK,354,PK-L,皮卡,Toyota,Tundra,2010,,,Double,,PK-L,354: Toyota Tundra 2007-2021   Double  PK-L
3691,1,OK,352,PK-M+,皮卡,Toyota,Tundra,2010,,,Regular,,PK-M+,352: Toyota Tundra 1999-2013   Regular  PK-M+
3692,1,OK,353,PK-L,皮卡,Toyota,Tundra,2011,,,CrewMax,,PK-L,353: Toyota Tundra 2007-2021   CrewMax  PK-L
3693,1,OK,354,PK-L,皮卡,Toyota,Tundra,2011,,,Double,,PK-L,354: Toyota Tundra 2007-2021   Double  PK-L
3694,1,OK,352,PK-M+,皮卡,Toyota,Tundra,2011,,,Regular,,PK-M+,352: Toyota Tundra 1999-2013   Regular  PK-M+
3695,1,OK,353,PK-L,皮卡,Toyota,Tundra,2012,,,CrewMax,,PK-L,353: Toyota Tundra 2007-2021   CrewMax  PK-L
3696,1,OK,354,PK-L,皮卡,Toyota,Tundra,2012,,,Double,,PK-L,354: Toyota Tundra 2007-2021   Double  PK-L
3697,1,OK,352,PK-M+,皮卡,Toyota,Tundra,2012,,,Regular,,PK-M+,352: Toyota Tundra 1999-2013   Regular  PK-M+
3698,1,OK,353,PK-L,皮卡,Toyota,Tundra,2013,,,CrewMax,,PK-L,353: Toyota Tundra 2007-2021   CrewMax  PK-L
3699,1,OK,354,PK-L,皮卡,Toyota,Tundra,2013,,,Double,,PK-L,354: Toyota Tundra 2007-2021   Double  PK-L
3700,1,OK,355,PK-L,皮卡,Toyota,Tundra,2013,Arctic Trucks,,Double,,PK-L,355: Toyota Tundra 2013-2021 Arctic Trucks  Double  PK-L
3701,1,OK,352,PK-M+,皮卡,Toyota,Tundra,2013,,,Regular,,PK-M+,352: Toyota Tundra 1999-2013   Regular  PK-M+
3702,1,OK,356,PK-XXL,皮卡,Toyota,Tundra,2013,Long Bed,,Extended,,PK-XXL,356: Toyota Tundra 2013-2021 Long Bed  Extended  PK-XXL
3703,1,OK,353,PK-L,皮卡,Toyota,Tundra,2014,,,CrewMax,,PK-L,353: Toyota Tundra 2007-2021   CrewMax  PK-L
3704,1,OK,354,PK-L,皮卡,Toyota,Tundra,2014,,,Double,,PK-L,354: Toyota Tundra 2007-2021   Double  PK-L
3705,1,OK,355,PK-L,皮卡,Toyota,Tundra,2014,Arctic Trucks,,Double,,PK-L,355: Toyota Tundra 2013-2021 Arctic Trucks  Double  PK-L
3706,1,OK,356,PK-XXL,皮卡,Toyota,Tundra,2014,Long Bed,,Extended,,PK-XXL,356: Toyota Tundra 2013-2021 Long Bed  Extended  PK-XXL
3707,1,OK,353,PK-L,皮卡,Toyota,Tundra,2015,,,CrewMax,,PK-L,353: Toyota Tundra 2007-2021   CrewMax  PK-L
3708,1,OK,354,PK-L,皮卡,Toyota,Tundra,2015,,,Double,,PK-L,354: Toyota Tundra 2007-2021   Double  PK-L
3709,1,OK,355,PK-L,皮卡,Toyota,Tundra,2015,Arctic Trucks,,Double,,PK-L,355: Toyota Tundra 2013-2021 Arctic Trucks  Double  PK-L
3710,1,OK,356,PK-XXL,皮卡,Toyota,Tundra,2015,Long Bed,,Extended,,PK-XXL,356: Toyota Tundra 2013-2021 Long Bed  Extended  PK-XXL
3711,1,OK,353,PK-L,皮卡,Toyota,Tundra,2016,,,CrewMax,,PK-L,353: Toyota Tundra 2007-2021   CrewMax  PK-L
3712,1,OK,354,PK-L,皮卡,Toyota,Tundra,2016,,,Double,,PK-L,354: Toyota Tundra 2007-2021   Double  PK-L
3713,1,OK,355,PK-L,皮卡,Toyota,Tundra,2016,Arctic Trucks,,Double,,PK-L,355: Toyota Tundra 2013-2021 Arctic Trucks  Double  PK-L
3714,1,OK,356,PK-XXL,皮卡,Toyota,Tundra,2016,Long Bed,,Extended,,PK-XXL,356: Toyota Tundra 2013-2021 Long Bed  Extended  PK-XXL
3715,1,OK,353,PK-L,皮卡,Toyota,Tundra,2017,,,CrewMax,,PK-L,353: Toyota Tundra 2007-2021   CrewMax  PK-L
3716,1,OK,354,PK-L,皮卡,Toyota,Tundra,2017,,,Double,,PK-L,354: Toyota Tundra 2007-2021   Double  PK-L
3717,1,OK,355,PK-L,皮卡,Toyota,Tundra,2017,Arctic Trucks,,Double,,PK-L,355: Toyota Tundra 2013-2021 Arctic Trucks  Double  PK-L
3718,1,OK,356,PK-XXL,皮卡,Toyota,Tundra,2017,Long Bed,,Extended,,PK-XXL,356: Toyota Tundra 2013-2021 Long Bed  Extended  PK-XXL
3719,1,OK,353,PK-L,皮卡,Toyota,Tundra,2018,,,CrewMax,,PK-L,353: Toyota Tundra 2007-2021   CrewMax  PK-L
3720,1,OK,354,PK-L,皮卡,Toyota,Tundra,2018,,,Double,,PK-L,354: Toyota Tundra 2007-2021   Double  PK-L
3721,1,OK,355,PK-L,皮卡,Toyota,Tundra,2018,Arctic Trucks,,Double,,PK-L,355: Toyota Tundra 2013-2021 Arctic Trucks  Double  PK-L
3722,1,OK,356,PK-XXL,皮卡,Toyota,Tundra,2018,Long Bed,,Extended,,PK-XXL,356: Toyota Tundra 2013-2021 Long Bed  Extended  PK-XXL
3723,1,OK,353,PK-L,皮卡,Toyota,Tundra,2019,,,CrewMax,,PK-L,353: Toyota Tundra 2007-2021   CrewMax  PK-L
3724,1,OK,354,PK-L,皮卡,Toyota,Tundra,2019,,,Double,,PK-L,354: Toyota Tundra 2007-2021   Double  PK-L
3725,1,OK,355,PK-L,皮卡,Toyota,Tundra,2019,Arctic Trucks,,Double,,PK-L,355: Toyota Tundra 2013-2021 Arctic Trucks  Double  PK-L
3726,1,OK,356,PK-XXL,皮卡,Toyota,Tundra,2019,Long Bed,,Extended,,PK-XXL,356: Toyota Tundra 2013-2021 Long Bed  Extended  PK-XXL
3727,1,OK,353,PK-L,皮卡,Toyota,Tundra,2020,,,CrewMax,,PK-L,353: Toyota Tundra 2007-2021   CrewMax  PK-L
3728,1,OK,354,PK-L,皮卡,Toyota,Tundra,2020,,,Double,,PK-L,354: Toyota Tundra 2007-2021   Double  PK-L
3729,1,OK,355,PK-L,皮卡,Toyota,Tundra,2020,Arctic Trucks,,Double,,PK-L,355: Toyota Tundra 2013-2021 Arctic Trucks  Double  PK-L
3730,1,OK,356,PK-XXL,皮卡,Toyota,Tundra,2020,Long Bed,,Extended,,PK-XXL,356: Toyota Tundra 2013-2021 Long Bed  Extended  PK-XXL
3731,2,MULTI,353/357,PK-L/PK-XXL,皮卡,Toyota,Tundra,2021,,,CrewMax,,PK-L,353: Toyota Tundra 2007-2021   CrewMax  PK-L || 357: Toyota Tundra 2021-2026   CrewMax  PK-XXL
3732,2,MULTI,354/358,PK-L/PK-XL,皮卡,Toyota,Tundra,2021,,,Double,,PK-L,354: Toyota Tundra 2007-2021   Double  PK-L || 358: Toyota Tundra 2021-2026   Double  PK-XL
3733,1,OK,355,PK-L,皮卡,Toyota,Tundra,2021,Arctic Trucks,,Double,,PK-L,355: Toyota Tundra 2013-2021 Arctic Trucks  Double  PK-L
3734,2,MULTI,354/358,PK-L/PK-XL,皮卡,Toyota,Tundra,2021,,,Double,,PK-XL,354: Toyota Tundra 2007-2021   Double  PK-L || 358: Toyota Tundra 2021-2026   Double  PK-XL
3735,2,MULTI,353/357,PK-L/PK-XXL,皮卡,Toyota,Tundra,2021,,,CrewMax,,PK-XXL,353: Toyota Tundra 2007-2021   CrewMax  PK-L || 357: Toyota Tundra 2021-2026   CrewMax  PK-XXL
3736,1,OK,356,PK-XXL,皮卡,Toyota,Tundra,2021,Long Bed,,Extended,,PK-XXL,356: Toyota Tundra 2013-2021 Long Bed  Extended  PK-XXL
3737,1,OK,358,PK-XL,皮卡,Toyota,Tundra,2022,,,Double,,PK-XL,358: Toyota Tundra 2021-2026   Double  PK-XL
3738,1,OK,357,PK-XXL,皮卡,Toyota,Tundra,2022,,,CrewMax,,PK-XXL,357: Toyota Tundra 2021-2026   CrewMax  PK-XXL
3739,1,OK,358,PK-XL,皮卡,Toyota,Tundra,2023,,,Double,,PK-XL,358: Toyota Tundra 2021-2026   Double  PK-XL
3740,1,OK,357,PK-XXL,皮卡,Toyota,Tundra,2023,,,CrewMax,,PK-XXL,357: Toyota Tundra 2021-2026   CrewMax  PK-XXL
3741,1,OK,358,PK-XL,皮卡,Toyota,Tundra,2024,,,Double,,PK-XL,358: Toyota Tundra 2021-2026   Double  PK-XL
3742,1,OK,357,PK-XXL,皮卡,Toyota,Tundra,2024,,,CrewMax,,PK-XXL,357: Toyota Tundra 2021-2026   CrewMax  PK-XXL
3743,1,OK,358,PK-XL,皮卡,Toyota,Tundra,2025,,,Double,,PK-XL,358: Toyota Tundra 2021-2026   Double  PK-XL
3744,1,OK,357,PK-XXL,皮卡,Toyota,Tundra,2025,,,CrewMax,,PK-XXL,357: Toyota Tundra 2021-2026   CrewMax  PK-XXL
3745,1,OK,358,PK-XL,皮卡,Toyota,Tundra,2026,,,Double,,PK-XL,358: Toyota Tundra 2021-2026   Double  PK-XL
3746,1,OK,357,PK-XXL,皮卡,Toyota,Tundra,2026,,,CrewMax,,PK-XXL,357: Toyota Tundra 2021-2026   CrewMax  PK-XXL
3747,1,OK,359,无可用尺码,皮卡,Toyota,bB,2000,Open deck,,Extended,,无可用尺码,359: Toyota bB 2000-2003 Open deck  Extended  无可用尺码
3748,1,OK,359,无可用尺码,皮卡,Toyota,bB,2001,Open deck,,Extended,,无可用尺码,359: Toyota bB 2000-2003 Open deck  Extended  无可用尺码
3749,1,OK,359,无可用尺码,皮卡,Toyota,bB,2002,Open deck,,Extended,,无可用尺码,359: Toyota bB 2000-2003 Open deck  Extended  无可用尺码
3750,1,OK,359,无可用尺码,皮卡,Toyota,bB,2003,Open deck,,Extended,,无可用尺码,359: Toyota bB 2000-2003 Open deck  Extended  无可用尺码
3751,1,OK,360,无可用尺码,皮卡,Trabant,1.1,1990,,,Regular,,无可用尺码,360: Trabant 1.1 1990-1991   Regular  无可用尺码
3752,1,OK,360,无可用尺码,皮卡,Trabant,1.1,1991,,,Regular,,无可用尺码,360: Trabant 1.1 1990-1991   Regular  无可用尺码
3753,1,OK,362,PK-L,皮卡,VGV,Bolden,2024,S6 LWB,,Double,,PK-L,362: VGV Bolden 2024-2026 S6 LWB  Double  PK-L
3754,1,OK,361,PK-M+,皮卡,VGV,Bolden,2024,S6,,Double,,PK-M+,361: VGV Bolden 2024-2026 S6/S7  Double  PK-M+
3755,1,OK,361,PK-M+,皮卡,VGV,Bolden,2024,S7,,Double,,PK-M+,361: VGV Bolden 2024-2026 S6/S7  Double  PK-M+
3756,1,OK,362,PK-L,皮卡,VGV,Bolden,2025,S6 LWB,,Double,,PK-L,362: VGV Bolden 2024-2026 S6 LWB  Double  PK-L
3757,1,OK,361,PK-M+,皮卡,VGV,Bolden,2025,S6,,Double,,PK-M+,361: VGV Bolden 2024-2026 S6/S7  Double  PK-M+
3758,1,OK,361,PK-M+,皮卡,VGV,Bolden,2025,S7,,Double,,PK-M+,361: VGV Bolden 2024-2026 S6/S7  Double  PK-M+
3759,1,OK,362,PK-L,皮卡,VGV,Bolden,2026,S6 LWB,,Double,,PK-L,362: VGV Bolden 2024-2026 S6 LWB  Double  PK-L
3760,1,OK,361,PK-M+,皮卡,VGV,Bolden,2026,S6,,Double,,PK-M+,361: VGV Bolden 2024-2026 S6/S7  Double  PK-M+
3761,1,OK,361,PK-M+,皮卡,VGV,Bolden,2026,S7,,Double,,PK-M+,361: VGV Bolden 2024-2026 S6/S7  Double  PK-M+
3762,1,OK,363,PK-M,皮卡,VGV,VX7,2022,,,Double,,PK-M,363: VGV VX7 2022-2026   Double  PK-M
3763,1,OK,363,PK-M,皮卡,VGV,VX7,2023,,,Double,,PK-M,363: VGV VX7 2022-2026   Double  PK-M
3764,1,OK,363,PK-M,皮卡,VGV,VX7,2024,,,Double,,PK-M,363: VGV VX7 2022-2026   Double  PK-M
3765,1,OK,363,PK-M,皮卡,VGV,VX7,2025,,,Double,,PK-M,363: VGV VX7 2022-2026   Double  PK-M
3766,1,OK,363,PK-M,皮卡,VGV,VX7,2026,,,Double,,PK-M,363: VGV VX7 2022-2026   Double  PK-M
3767,1,OK,364,PK-M,皮卡,Volkswagen,Amarok,2010,,,Double,,PK-M,364: Volkswagen Amarok 2010-2020   Regular/Double  PK-M
3768,1,OK,364,PK-M,皮卡,Volkswagen,Amarok,2010,,,Regular,,PK-M,364: Volkswagen Amarok 2010-2020   Regular/Double  PK-M
3769,1,OK,364,PK-M,皮卡,Volkswagen,Amarok,2011,,,Double,,PK-M,364: Volkswagen Amarok 2010-2020   Regular/Double  PK-M
3770,1,OK,364,PK-M,皮卡,Volkswagen,Amarok,2011,,,Regular,,PK-M,364: Volkswagen Amarok 2010-2020   Regular/Double  PK-M
3771,1,OK,364,PK-M,皮卡,Volkswagen,Amarok,2012,,,Double,,PK-M,364: Volkswagen Amarok 2010-2020   Regular/Double  PK-M
3772,1,OK,364,PK-M,皮卡,Volkswagen,Amarok,2012,,,Regular,,PK-M,364: Volkswagen Amarok 2010-2020   Regular/Double  PK-M
3773,1,OK,364,PK-M,皮卡,Volkswagen,Amarok,2013,,,Double,,PK-M,364: Volkswagen Amarok 2010-2020   Regular/Double  PK-M
3774,1,OK,364,PK-M,皮卡,Volkswagen,Amarok,2013,,,Regular,,PK-M,364: Volkswagen Amarok 2010-2020   Regular/Double  PK-M
3775,1,OK,364,PK-M,皮卡,Volkswagen,Amarok,2014,,,Double,,PK-M,364: Volkswagen Amarok 2010-2020   Regular/Double  PK-M
3776,1,OK,364,PK-M,皮卡,Volkswagen,Amarok,2014,,,Regular,,PK-M,364: Volkswagen Amarok 2010-2020   Regular/Double  PK-M
3777,1,OK,364,PK-M,皮卡,Volkswagen,Amarok,2015,,,Double,,PK-M,364: Volkswagen Amarok 2010-2020   Regular/Double  PK-M
3778,1,OK,364,PK-M,皮卡,Volkswagen,Amarok,2015,,,Regular,,PK-M,364: Volkswagen Amarok 2010-2020   Regular/Double  PK-M
3779,1,OK,364,PK-M,皮卡,Volkswagen,Amarok,2016,,,Double,,PK-M,364: Volkswagen Amarok 2010-2020   Regular/Double  PK-M
3780,1,OK,364,PK-M,皮卡,Volkswagen,Amarok,2016,,,Regular,,PK-M,364: Volkswagen Amarok 2010-2020   Regular/Double  PK-M
3781,1,OK,364,PK-M,皮卡,Volkswagen,Amarok,2017,,,Double,,PK-M,364: Volkswagen Amarok 2010-2020   Regular/Double  PK-M
3782,1,OK,364,PK-M,皮卡,Volkswagen,Amarok,2018,,,Double,,PK-M,364: Volkswagen Amarok 2010-2020   Regular/Double  PK-M
3783,1,OK,364,PK-M,皮卡,Volkswagen,Amarok,2019,,,Double,,PK-M,364: Volkswagen Amarok 2010-2020   Regular/Double  PK-M
3784,1,OK,364,PK-M,皮卡,Volkswagen,Amarok,2020,,,Double,,PK-M,364: Volkswagen Amarok 2010-2020   Regular/Double  PK-M
3785,1,OK,367,PK-M+,皮卡,Volkswagen,Amarok,2022,,,Double,,PK-M+,367: Volkswagen Amarok 2022-2026   Double  PK-M+
3786,1,OK,367,PK-M+,皮卡,Volkswagen,Amarok,2023,,,Double,,PK-M+,367: Volkswagen Amarok 2022-2026   Double  PK-M+
3787,1,OK,367,PK-M+,皮卡,Volkswagen,Amarok,2024,,,Double,,PK-M+,367: Volkswagen Amarok 2022-2026   Double  PK-M+
3788,1,OK,367,PK-M+,皮卡,Volkswagen,Amarok,2025,,,Double,,PK-M+,367: Volkswagen Amarok 2022-2026   Double  PK-M+
3789,1,OK,367,PK-M+,皮卡,Volkswagen,Amarok,2026,,,Double,,PK-M+,367: Volkswagen Amarok 2022-2026   Double  PK-M+
3790,1,OK,368,无可用尺码,皮卡,Volkswagen,Caddy,1979,,,Regular,,无可用尺码,368: Volkswagen Caddy 1979-1995   Regular  无可用尺码
3791,1,OK,368,无可用尺码,皮卡,Volkswagen,Caddy,1980,,,Regular,,无可用尺码,368: Volkswagen Caddy 1979-1995   Regular  无可用尺码
3792,1,OK,368,无可用尺码,皮卡,Volkswagen,Caddy,1981,,,Regular,,无可用尺码,368: Volkswagen Caddy 1979-1995   Regular  无可用尺码
3793,1,OK,368,无可用尺码,皮卡,Volkswagen,Caddy,1982,,,Regular,,无可用尺码,368: Volkswagen Caddy 1979-1995   Regular  无可用尺码
3794,1,OK,368,无可用尺码,皮卡,Volkswagen,Caddy,1983,,,Regular,,无可用尺码,368: Volkswagen Caddy 1979-1995   Regular  无可用尺码
3795,1,OK,368,无可用尺码,皮卡,Volkswagen,Caddy,1984,,,Regular,,无可用尺码,368: Volkswagen Caddy 1979-1995   Regular  无可用尺码
3796,1,OK,368,无可用尺码,皮卡,Volkswagen,Caddy,1985,,,Regular,,无可用尺码,368: Volkswagen Caddy 1979-1995   Regular  无可用尺码
3797,1,OK,368,无可用尺码,皮卡,Volkswagen,Caddy,1986,,,Regular,,无可用尺码,368: Volkswagen Caddy 1979-1995   Regular  无可用尺码
3798,1,OK,368,无可用尺码,皮卡,Volkswagen,Caddy,1987,,,Regular,,无可用尺码,368: Volkswagen Caddy 1979-1995   Regular  无可用尺码
3799,1,OK,368,无可用尺码,皮卡,Volkswagen,Caddy,1988,,,Regular,,无可用尺码,368: Volkswagen Caddy 1979-1995   Regular  无可用尺码
3800,1,OK,368,无可用尺码,皮卡,Volkswagen,Caddy,1989,,,Regular,,无可用尺码,368: Volkswagen Caddy 1979-1995   Regular  无可用尺码
3801,1,OK,368,无可用尺码,皮卡,Volkswagen,Caddy,1990,,,Regular,,无可用尺码,368: Volkswagen Caddy 1979-1995   Regular  无可用尺码
3802,1,OK,368,无可用尺码,皮卡,Volkswagen,Caddy,1991,,,Regular,,无可用尺码,368: Volkswagen Caddy 1979-1995   Regular  无可用尺码
3803,1,OK,368,无可用尺码,皮卡,Volkswagen,Caddy,1992,,,Regular,,无可用尺码,368: Volkswagen Caddy 1979-1995   Regular  无可用尺码
3804,1,OK,368,无可用尺码,皮卡,Volkswagen,Caddy,1993,,,Regular,,无可用尺码,368: Volkswagen Caddy 1979-1995   Regular  无可用尺码
3805,1,OK,368,无可用尺码,皮卡,Volkswagen,Caddy,1994,,,Regular,,无可用尺码,368: Volkswagen Caddy 1979-1995   Regular  无可用尺码
3806,1,OK,368,无可用尺码,皮卡,Volkswagen,Caddy,1995,,,Regular,,无可用尺码,368: Volkswagen Caddy 1979-1995   Regular  无可用尺码
3807,1,OK,365,PK-M,皮卡,Volkswagen,Taro,1989,,,Double,,PK-M,365: Volkswagen Taro 1989-1997   Double/Extended/Regular  PK-M
3808,1,OK,365,PK-M,皮卡,Volkswagen,Taro,1989,,,Extended,,PK-M,365: Volkswagen Taro 1989-1997   Double/Extended/Regular  PK-M
3809,1,OK,365,PK-M,皮卡,Volkswagen,Taro,1989,,,Regular,,PK-M,365: Volkswagen Taro 1989-1997   Double/Extended/Regular  PK-M
3810,1,OK,365,PK-M,皮卡,Volkswagen,Taro,1990,,,Double,,PK-M,365: Volkswagen Taro 1989-1997   Double/Extended/Regular  PK-M
3811,1,OK,365,PK-M,皮卡,Volkswagen,Taro,1990,,,Extended,,PK-M,365: Volkswagen Taro 1989-1997   Double/Extended/Regular  PK-M
3812,1,OK,365,PK-M,皮卡,Volkswagen,Taro,1990,,,Regular,,PK-M,365: Volkswagen Taro 1989-1997   Double/Extended/Regular  PK-M
3813,1,OK,365,PK-M,皮卡,Volkswagen,Taro,1991,,,Double,,PK-M,365: Volkswagen Taro 1989-1997   Double/Extended/Regular  PK-M
3814,1,OK,365,PK-M,皮卡,Volkswagen,Taro,1991,,,Extended,,PK-M,365: Volkswagen Taro 1989-1997   Double/Extended/Regular  PK-M
3815,1,OK,365,PK-M,皮卡,Volkswagen,Taro,1991,,,Regular,,PK-M,365: Volkswagen Taro 1989-1997   Double/Extended/Regular  PK-M
3816,1,OK,365,PK-M,皮卡,Volkswagen,Taro,1992,,,Double,,PK-M,365: Volkswagen Taro 1989-1997   Double/Extended/Regular  PK-M
3817,1,OK,365,PK-M,皮卡,Volkswagen,Taro,1992,,,Extended,,PK-M,365: Volkswagen Taro 1989-1997   Double/Extended/Regular  PK-M
3818,1,OK,365,PK-M,皮卡,Volkswagen,Taro,1992,,,Regular,,PK-M,365: Volkswagen Taro 1989-1997   Double/Extended/Regular  PK-M
3819,1,OK,365,PK-M,皮卡,Volkswagen,Taro,1993,,,Double,,PK-M,365: Volkswagen Taro 1989-1997   Double/Extended/Regular  PK-M
3820,1,OK,365,PK-M,皮卡,Volkswagen,Taro,1993,,,Extended,,PK-M,365: Volkswagen Taro 1989-1997   Double/Extended/Regular  PK-M
3821,1,OK,365,PK-M,皮卡,Volkswagen,Taro,1993,,,Regular,,PK-M,365: Volkswagen Taro 1989-1997   Double/Extended/Regular  PK-M
3822,1,OK,365,PK-M,皮卡,Volkswagen,Taro,1994,,,Double,,PK-M,365: Volkswagen Taro 1989-1997   Double/Extended/Regular  PK-M
3823,1,OK,365,PK-M,皮卡,Volkswagen,Taro,1994,,,Extended,,PK-M,365: Volkswagen Taro 1989-1997   Double/Extended/Regular  PK-M
3824,1,OK,365,PK-M,皮卡,Volkswagen,Taro,1994,,,Regular,,PK-M,365: Volkswagen Taro 1989-1997   Double/Extended/Regular  PK-M
3825,1,OK,365,PK-M,皮卡,Volkswagen,Taro,1995,,,Double,,PK-M,365: Volkswagen Taro 1989-1997   Double/Extended/Regular  PK-M
3826,1,OK,365,PK-M,皮卡,Volkswagen,Taro,1995,,,Extended,,PK-M,365: Volkswagen Taro 1989-1997   Double/Extended/Regular  PK-M
3827,1,OK,365,PK-M,皮卡,Volkswagen,Taro,1995,,,Regular,,PK-M,365: Volkswagen Taro 1989-1997   Double/Extended/Regular  PK-M
3828,1,OK,365,PK-M,皮卡,Volkswagen,Taro,1996,,,Double,,PK-M,365: Volkswagen Taro 1989-1997   Double/Extended/Regular  PK-M
3829,1,OK,365,PK-M,皮卡,Volkswagen,Taro,1996,,,Extended,,PK-M,365: Volkswagen Taro 1989-1997   Double/Extended/Regular  PK-M
3830,1,OK,365,PK-M,皮卡,Volkswagen,Taro,1996,,,Regular,,PK-M,365: Volkswagen Taro 1989-1997   Double/Extended/Regular  PK-M
3831,1,OK,365,PK-M,皮卡,Volkswagen,Taro,1997,,,Double,,PK-M,365: Volkswagen Taro 1989-1997   Double/Extended/Regular  PK-M
3832,1,OK,365,PK-M,皮卡,Volkswagen,Taro,1997,,,Extended,,PK-M,365: Volkswagen Taro 1989-1997   Double/Extended/Regular  PK-M
3833,1,OK,365,PK-M,皮卡,Volkswagen,Taro,1997,,,Regular,,PK-M,365: Volkswagen Taro 1989-1997   Double/Extended/Regular  PK-M
3834,1,OK,369,无可用尺码,皮卡,Volkswagen,Transporter,1979,,,Double,,无可用尺码,369: Volkswagen Transporter 1979-1992   Double  无可用尺码
3835,1,OK,370,无可用尺码,皮卡,Volkswagen,Transporter,1979,,,Regular,,无可用尺码,370: Volkswagen Transporter 1979-1992   Regular  无可用尺码
3836,1,OK,369,无可用尺码,皮卡,Volkswagen,Transporter,1980,,,Double,,无可用尺码,369: Volkswagen Transporter 1979-1992   Double  无可用尺码
3837,1,OK,370,无可用尺码,皮卡,Volkswagen,Transporter,1980,,,Regular,,无可用尺码,370: Volkswagen Transporter 1979-1992   Regular  无可用尺码
3838,1,OK,369,无可用尺码,皮卡,Volkswagen,Transporter,1981,,,Double,,无可用尺码,369: Volkswagen Transporter 1979-1992   Double  无可用尺码
3839,1,OK,370,无可用尺码,皮卡,Volkswagen,Transporter,1981,,,Regular,,无可用尺码,370: Volkswagen Transporter 1979-1992   Regular  无可用尺码
3840,1,OK,369,无可用尺码,皮卡,Volkswagen,Transporter,1982,,,Double,,无可用尺码,369: Volkswagen Transporter 1979-1992   Double  无可用尺码
3841,1,OK,370,无可用尺码,皮卡,Volkswagen,Transporter,1982,,,Regular,,无可用尺码,370: Volkswagen Transporter 1979-1992   Regular  无可用尺码
3842,1,OK,369,无可用尺码,皮卡,Volkswagen,Transporter,1983,,,Double,,无可用尺码,369: Volkswagen Transporter 1979-1992   Double  无可用尺码
3843,1,OK,370,无可用尺码,皮卡,Volkswagen,Transporter,1983,,,Regular,,无可用尺码,370: Volkswagen Transporter 1979-1992   Regular  无可用尺码
3844,1,OK,369,无可用尺码,皮卡,Volkswagen,Transporter,1984,,,Double,,无可用尺码,369: Volkswagen Transporter 1979-1992   Double  无可用尺码
3845,1,OK,370,无可用尺码,皮卡,Volkswagen,Transporter,1984,,,Regular,,无可用尺码,370: Volkswagen Transporter 1979-1992   Regular  无可用尺码
3846,1,OK,369,无可用尺码,皮卡,Volkswagen,Transporter,1985,,,Double,,无可用尺码,369: Volkswagen Transporter 1979-1992   Double  无可用尺码
3847,1,OK,370,无可用尺码,皮卡,Volkswagen,Transporter,1985,,,Regular,,无可用尺码,370: Volkswagen Transporter 1979-1992   Regular  无可用尺码
3848,1,OK,369,无可用尺码,皮卡,Volkswagen,Transporter,1986,,,Double,,无可用尺码,369: Volkswagen Transporter 1979-1992   Double  无可用尺码
3849,1,OK,370,无可用尺码,皮卡,Volkswagen,Transporter,1986,,,Regular,,无可用尺码,370: Volkswagen Transporter 1979-1992   Regular  无可用尺码
3850,1,OK,369,无可用尺码,皮卡,Volkswagen,Transporter,1987,,,Double,,无可用尺码,369: Volkswagen Transporter 1979-1992   Double  无可用尺码
3851,1,OK,370,无可用尺码,皮卡,Volkswagen,Transporter,1987,,,Regular,,无可用尺码,370: Volkswagen Transporter 1979-1992   Regular  无可用尺码
3852,1,OK,369,无可用尺码,皮卡,Volkswagen,Transporter,1988,,,Double,,无可用尺码,369: Volkswagen Transporter 1979-1992   Double  无可用尺码
3853,1,OK,370,无可用尺码,皮卡,Volkswagen,Transporter,1988,,,Regular,,无可用尺码,370: Volkswagen Transporter 1979-1992   Regular  无可用尺码
3854,1,OK,369,无可用尺码,皮卡,Volkswagen,Transporter,1989,,,Double,,无可用尺码,369: Volkswagen Transporter 1979-1992   Double  无可用尺码
3855,1,OK,370,无可用尺码,皮卡,Volkswagen,Transporter,1989,,,Regular,,无可用尺码,370: Volkswagen Transporter 1979-1992   Regular  无可用尺码
3856,2,MULTI,369/371,PK-M/无可用尺码,皮卡,Volkswagen,Transporter,1990,,,Double,,PK-M,369: Volkswagen Transporter 1979-1992   Double  无可用尺码 || 371: Volkswagen Transporter 1990-2003   Double  PK-M
3857,2,MULTI,370/372,PK-M/无可用尺码,皮卡,Volkswagen,Transporter,1990,,,Regular,,PK-M,370: Volkswagen Transporter 1979-1992   Regular  无可用尺码 || 372: Volkswagen Transporter 1990-2019   Regular  PK-M
3858,2,MULTI,369/371,PK-M/无可用尺码,皮卡,Volkswagen,Transporter,1990,,,Double,,无可用尺码,369: Volkswagen Transporter 1979-1992   Double  无可用尺码 || 371: Volkswagen Transporter 1990-2003   Double  PK-M
3859,2,MULTI,370/372,PK-M/无可用尺码,皮卡,Volkswagen,Transporter,1990,,,Regular,,无可用尺码,370: Volkswagen Transporter 1979-1992   Regular  无可用尺码 || 372: Volkswagen Transporter 1990-2019   Regular  PK-M
3860,2,MULTI,369/371,PK-M/无可用尺码,皮卡,Volkswagen,Transporter,1991,,,Double,,PK-M,369: Volkswagen Transporter 1979-1992   Double  无可用尺码 || 371: Volkswagen Transporter 1990-2003   Double  PK-M
3861,2,MULTI,370/372,PK-M/无可用尺码,皮卡,Volkswagen,Transporter,1991,,,Regular,,PK-M,370: Volkswagen Transporter 1979-1992   Regular  无可用尺码 || 372: Volkswagen Transporter 1990-2019   Regular  PK-M
3862,2,MULTI,369/371,PK-M/无可用尺码,皮卡,Volkswagen,Transporter,1991,,,Double,,无可用尺码,369: Volkswagen Transporter 1979-1992   Double  无可用尺码 || 371: Volkswagen Transporter 1990-2003   Double  PK-M
3863,2,MULTI,370/372,PK-M/无可用尺码,皮卡,Volkswagen,Transporter,1991,,,Regular,,无可用尺码,370: Volkswagen Transporter 1979-1992   Regular  无可用尺码 || 372: Volkswagen Transporter 1990-2019   Regular  PK-M
3864,2,MULTI,369/371,PK-M/无可用尺码,皮卡,Volkswagen,Transporter,1992,,,Double,,PK-M,369: Volkswagen Transporter 1979-1992   Double  无可用尺码 || 371: Volkswagen Transporter 1990-2003   Double  PK-M
3865,2,MULTI,370/372,PK-M/无可用尺码,皮卡,Volkswagen,Transporter,1992,,,Regular,,PK-M,370: Volkswagen Transporter 1979-1992   Regular  无可用尺码 || 372: Volkswagen Transporter 1990-2019   Regular  PK-M
3866,2,MULTI,369/371,PK-M/无可用尺码,皮卡,Volkswagen,Transporter,1992,,,Double,,无可用尺码,369: Volkswagen Transporter 1979-1992   Double  无可用尺码 || 371: Volkswagen Transporter 1990-2003   Double  PK-M
3867,2,MULTI,370/372,PK-M/无可用尺码,皮卡,Volkswagen,Transporter,1992,,,Regular,,无可用尺码,370: Volkswagen Transporter 1979-1992   Regular  无可用尺码 || 372: Volkswagen Transporter 1990-2019   Regular  PK-M
3868,1,OK,371,PK-M,皮卡,Volkswagen,Transporter,1993,,,Double,,PK-M,371: Volkswagen Transporter 1990-2003   Double  PK-M
3869,1,OK,372,PK-M,皮卡,Volkswagen,Transporter,1993,,,Regular,,PK-M,372: Volkswagen Transporter 1990-2019   Regular  PK-M
3870,1,OK,371,PK-M,皮卡,Volkswagen,Transporter,1994,,,Double,,PK-M,371: Volkswagen Transporter 1990-2003   Double  PK-M
3871,1,OK,372,PK-M,皮卡,Volkswagen,Transporter,1994,,,Regular,,PK-M,372: Volkswagen Transporter 1990-2019   Regular  PK-M
3872,1,OK,371,PK-M,皮卡,Volkswagen,Transporter,1995,,,Double,,PK-M,371: Volkswagen Transporter 1990-2003   Double  PK-M
3873,1,OK,372,PK-M,皮卡,Volkswagen,Transporter,1995,,,Regular,,PK-M,372: Volkswagen Transporter 1990-2019   Regular  PK-M
3874,1,OK,371,PK-M,皮卡,Volkswagen,Transporter,1996,,,Double,,PK-M,371: Volkswagen Transporter 1990-2003   Double  PK-M
3875,1,OK,372,PK-M,皮卡,Volkswagen,Transporter,1996,,,Regular,,PK-M,372: Volkswagen Transporter 1990-2019   Regular  PK-M
3876,1,OK,371,PK-M,皮卡,Volkswagen,Transporter,1997,,,Double,,PK-M,371: Volkswagen Transporter 1990-2003   Double  PK-M
3877,1,OK,372,PK-M,皮卡,Volkswagen,Transporter,1997,,,Regular,,PK-M,372: Volkswagen Transporter 1990-2019   Regular  PK-M
3878,1,OK,371,PK-M,皮卡,Volkswagen,Transporter,1998,,,Double,,PK-M,371: Volkswagen Transporter 1990-2003   Double  PK-M
3879,1,OK,372,PK-M,皮卡,Volkswagen,Transporter,1998,,,Regular,,PK-M,372: Volkswagen Transporter 1990-2019   Regular  PK-M
3880,1,OK,371,PK-M,皮卡,Volkswagen,Transporter,1999,,,Double,,PK-M,371: Volkswagen Transporter 1990-2003   Double  PK-M
3881,1,OK,372,PK-M,皮卡,Volkswagen,Transporter,1999,,,Regular,,PK-M,372: Volkswagen Transporter 1990-2019   Regular  PK-M
3882,1,OK,371,PK-M,皮卡,Volkswagen,Transporter,2000,,,Double,,PK-M,371: Volkswagen Transporter 1990-2003   Double  PK-M
3883,1,OK,372,PK-M,皮卡,Volkswagen,Transporter,2000,,,Regular,,PK-M,372: Volkswagen Transporter 1990-2019   Regular  PK-M
3884,1,OK,371,PK-M,皮卡,Volkswagen,Transporter,2001,,,Double,,PK-M,371: Volkswagen Transporter 1990-2003   Double  PK-M
3885,1,OK,372,PK-M,皮卡,Volkswagen,Transporter,2001,,,Regular,,PK-M,372: Volkswagen Transporter 1990-2019   Regular  PK-M
3886,1,OK,371,PK-M,皮卡,Volkswagen,Transporter,2002,,,Double,,PK-M,371: Volkswagen Transporter 1990-2003   Double  PK-M
3887,1,OK,372,PK-M,皮卡,Volkswagen,Transporter,2002,,,Regular,,PK-M,372: Volkswagen Transporter 1990-2019   Regular  PK-M
3888,2,MULTI,371/373,PK-M/PK-M+,皮卡,Volkswagen,Transporter,2003,,,Double,,PK-M,371: Volkswagen Transporter 1990-2003   Double  PK-M || 373: Volkswagen Transporter 2003-2009   Double  PK-M+
3889,1,OK,372,PK-M,皮卡,Volkswagen,Transporter,2003,,,Regular,,PK-M,372: Volkswagen Transporter 1990-2019   Regular  PK-M
3890,2,MULTI,371/373,PK-M/PK-M+,皮卡,Volkswagen,Transporter,2003,,,Double,,PK-M+,371: Volkswagen Transporter 1990-2003   Double  PK-M || 373: Volkswagen Transporter 2003-2009   Double  PK-M+
3891,1,OK,372,PK-M,皮卡,Volkswagen,Transporter,2004,,,Regular,,PK-M,372: Volkswagen Transporter 1990-2019   Regular  PK-M
3892,1,OK,373,PK-M+,皮卡,Volkswagen,Transporter,2004,,,Double,,PK-M+,373: Volkswagen Transporter 2003-2009   Double  PK-M+
3893,1,OK,372,PK-M,皮卡,Volkswagen,Transporter,2005,,,Regular,,PK-M,372: Volkswagen Transporter 1990-2019   Regular  PK-M
3894,1,OK,373,PK-M+,皮卡,Volkswagen,Transporter,2005,,,Double,,PK-M+,373: Volkswagen Transporter 2003-2009   Double  PK-M+
3895,1,OK,372,PK-M,皮卡,Volkswagen,Transporter,2006,,,Regular,,PK-M,372: Volkswagen Transporter 1990-2019   Regular  PK-M
3896,1,OK,373,PK-M+,皮卡,Volkswagen,Transporter,2006,,,Double,,PK-M+,373: Volkswagen Transporter 2003-2009   Double  PK-M+
3897,1,OK,372,PK-M,皮卡,Volkswagen,Transporter,2007,,,Regular,,PK-M,372: Volkswagen Transporter 1990-2019   Regular  PK-M
3898,1,OK,373,PK-M+,皮卡,Volkswagen,Transporter,2007,,,Double,,PK-M+,373: Volkswagen Transporter 2003-2009   Double  PK-M+
3899,1,OK,372,PK-M,皮卡,Volkswagen,Transporter,2008,,,Regular,,PK-M,372: Volkswagen Transporter 1990-2019   Regular  PK-M
3900,1,OK,373,PK-M+,皮卡,Volkswagen,Transporter,2008,,,Double,,PK-M+,373: Volkswagen Transporter 2003-2009   Double  PK-M+
3901,2,MULTI,373/374,PK-M/PK-M+,皮卡,Volkswagen,Transporter,2009,,,Double,,PK-M,373: Volkswagen Transporter 2003-2009   Double  PK-M+ || 374: Volkswagen Transporter 2009-2019   Double  PK-M
3902,1,OK,372,PK-M,皮卡,Volkswagen,Transporter,2009,,,Regular,,PK-M,372: Volkswagen Transporter 1990-2019   Regular  PK-M
3903,2,MULTI,373/374,PK-M/PK-M+,皮卡,Volkswagen,Transporter,2009,,,Double,,PK-M+,373: Volkswagen Transporter 2003-2009   Double  PK-M+ || 374: Volkswagen Transporter 2009-2019   Double  PK-M
3904,1,OK,374,PK-M,皮卡,Volkswagen,Transporter,2010,,,Double,,PK-M,374: Volkswagen Transporter 2009-2019   Double  PK-M
3905,1,OK,372,PK-M,皮卡,Volkswagen,Transporter,2010,,,Regular,,PK-M,372: Volkswagen Transporter 1990-2019   Regular  PK-M
3906,1,OK,374,PK-M,皮卡,Volkswagen,Transporter,2011,,,Double,,PK-M,374: Volkswagen Transporter 2009-2019   Double  PK-M
3907,1,OK,372,PK-M,皮卡,Volkswagen,Transporter,2011,,,Regular,,PK-M,372: Volkswagen Transporter 1990-2019   Regular  PK-M
3908,1,OK,374,PK-M,皮卡,Volkswagen,Transporter,2012,,,Double,,PK-M,374: Volkswagen Transporter 2009-2019   Double  PK-M
3909,1,OK,372,PK-M,皮卡,Volkswagen,Transporter,2012,,,Regular,,PK-M,372: Volkswagen Transporter 1990-2019   Regular  PK-M
3910,1,OK,374,PK-M,皮卡,Volkswagen,Transporter,2013,,,Double,,PK-M,374: Volkswagen Transporter 2009-2019   Double  PK-M
3911,1,OK,372,PK-M,皮卡,Volkswagen,Transporter,2013,,,Regular,,PK-M,372: Volkswagen Transporter 1990-2019   Regular  PK-M
3912,1,OK,374,PK-M,皮卡,Volkswagen,Transporter,2014,,,Double,,PK-M,374: Volkswagen Transporter 2009-2019   Double  PK-M
3913,1,OK,372,PK-M,皮卡,Volkswagen,Transporter,2014,,,Regular,,PK-M,372: Volkswagen Transporter 1990-2019   Regular  PK-M
3914,1,OK,374,PK-M,皮卡,Volkswagen,Transporter,2015,,,Double,,PK-M,374: Volkswagen Transporter 2009-2019   Double  PK-M
3915,1,OK,372,PK-M,皮卡,Volkswagen,Transporter,2015,,,Regular,,PK-M,372: Volkswagen Transporter 1990-2019   Regular  PK-M
3916,1,OK,374,PK-M,皮卡,Volkswagen,Transporter,2016,,,Double,,PK-M,374: Volkswagen Transporter 2009-2019   Double  PK-M
3917,1,OK,372,PK-M,皮卡,Volkswagen,Transporter,2016,,,Regular,,PK-M,372: Volkswagen Transporter 1990-2019   Regular  PK-M
3918,1,OK,374,PK-M,皮卡,Volkswagen,Transporter,2017,,,Double,,PK-M,374: Volkswagen Transporter 2009-2019   Double  PK-M
3919,1,OK,372,PK-M,皮卡,Volkswagen,Transporter,2017,,,Regular,,PK-M,372: Volkswagen Transporter 1990-2019   Regular  PK-M
3920,1,OK,374,PK-M,皮卡,Volkswagen,Transporter,2018,,,Double,,PK-M,374: Volkswagen Transporter 2009-2019   Double  PK-M
3921,1,OK,372,PK-M,皮卡,Volkswagen,Transporter,2018,,,Regular,,PK-M,372: Volkswagen Transporter 1990-2019   Regular  PK-M
3922,2,MULTI,374/376,PK-M/PK-M+,皮卡,Volkswagen,Transporter,2019,,,Double,,PK-M,374: Volkswagen Transporter 2009-2019   Double  PK-M || 376: Volkswagen Transporter 2019-2026   Double  PK-M+
3923,2,MULTI,372/375,PK-M/PK-M+,皮卡,Volkswagen,Transporter,2019,,,Regular,,PK-M,372: Volkswagen Transporter 1990-2019   Regular  PK-M || 375: Volkswagen Transporter 2019-2024   Regular  PK-M+
3924,2,MULTI,374/376,PK-M/PK-M+,皮卡,Volkswagen,Transporter,2019,,,Double,,PK-M+,374: Volkswagen Transporter 2009-2019   Double  PK-M || 376: Volkswagen Transporter 2019-2026   Double  PK-M+
3925,2,MULTI,372/375,PK-M/PK-M+,皮卡,Volkswagen,Transporter,2019,,,Regular,,PK-M+,372: Volkswagen Transporter 1990-2019   Regular  PK-M || 375: Volkswagen Transporter 2019-2024   Regular  PK-M+
3926,1,OK,376,PK-M+,皮卡,Volkswagen,Transporter,2020,,,Double,,PK-M+,376: Volkswagen Transporter 2019-2026   Double  PK-M+
3927,1,OK,375,PK-M+,皮卡,Volkswagen,Transporter,2020,,,Regular,,PK-M+,375: Volkswagen Transporter 2019-2024   Regular  PK-M+
3928,1,OK,376,PK-M+,皮卡,Volkswagen,Transporter,2021,,,Double,,PK-M+,376: Volkswagen Transporter 2019-2026   Double  PK-M+
3929,1,OK,375,PK-M+,皮卡,Volkswagen,Transporter,2021,,,Regular,,PK-M+,375: Volkswagen Transporter 2019-2024   Regular  PK-M+
3930,1,OK,376,PK-M+,皮卡,Volkswagen,Transporter,2022,,,Double,,PK-M+,376: Volkswagen Transporter 2019-2026   Double  PK-M+
3931,1,OK,375,PK-M+,皮卡,Volkswagen,Transporter,2022,,,Regular,,PK-M+,375: Volkswagen Transporter 2019-2024   Regular  PK-M+
3932,1,OK,376,PK-M+,皮卡,Volkswagen,Transporter,2023,,,Double,,PK-M+,376: Volkswagen Transporter 2019-2026   Double  PK-M+
3933,1,OK,375,PK-M+,皮卡,Volkswagen,Transporter,2023,,,Regular,,PK-M+,375: Volkswagen Transporter 2019-2024   Regular  PK-M+
3934,1,OK,376,PK-M+,皮卡,Volkswagen,Transporter,2024,,,Double,,PK-M+,376: Volkswagen Transporter 2019-2026   Double  PK-M+
3935,1,OK,375,PK-M+,皮卡,Volkswagen,Transporter,2024,,,Regular,,PK-M+,375: Volkswagen Transporter 2019-2024   Regular  PK-M+
3936,1,OK,376,PK-M+,皮卡,Volkswagen,Transporter,2025,,,Double,,PK-M+,376: Volkswagen Transporter 2019-2026   Double  PK-M+
3937,1,OK,376,PK-M+,皮卡,Volkswagen,Transporter,2026,,,Double,,PK-M+,376: Volkswagen Transporter 2019-2026   Double  PK-M+
3938,1,OK,366,无可用尺码,皮卡,Volkswagen,Type 2,1950,,,Double,,无可用尺码,366: Volkswagen Type 2 1950-1979   Double/Regular  无可用尺码
3939,1,OK,366,无可用尺码,皮卡,Volkswagen,Type 2,1950,,,Regular,,无可用尺码,366: Volkswagen Type 2 1950-1979   Double/Regular  无可用尺码
3940,1,OK,366,无可用尺码,皮卡,Volkswagen,Type 2,1951,,,Double,,无可用尺码,366: Volkswagen Type 2 1950-1979   Double/Regular  无可用尺码
3941,1,OK,366,无可用尺码,皮卡,Volkswagen,Type 2,1951,,,Regular,,无可用尺码,366: Volkswagen Type 2 1950-1979   Double/Regular  无可用尺码
3942,1,OK,366,无可用尺码,皮卡,Volkswagen,Type 2,1952,,,Double,,无可用尺码,366: Volkswagen Type 2 1950-1979   Double/Regular  无可用尺码
3943,1,OK,366,无可用尺码,皮卡,Volkswagen,Type 2,1952,,,Regular,,无可用尺码,366: Volkswagen Type 2 1950-1979   Double/Regular  无可用尺码
3944,1,OK,366,无可用尺码,皮卡,Volkswagen,Type 2,1953,,,Double,,无可用尺码,366: Volkswagen Type 2 1950-1979   Double/Regular  无可用尺码
3945,1,OK,366,无可用尺码,皮卡,Volkswagen,Type 2,1953,,,Regular,,无可用尺码,366: Volkswagen Type 2 1950-1979   Double/Regular  无可用尺码
3946,1,OK,366,无可用尺码,皮卡,Volkswagen,Type 2,1954,,,Double,,无可用尺码,366: Volkswagen Type 2 1950-1979   Double/Regular  无可用尺码
3947,1,OK,366,无可用尺码,皮卡,Volkswagen,Type 2,1954,,,Regular,,无可用尺码,366: Volkswagen Type 2 1950-1979   Double/Regular  无可用尺码
3948,1,OK,366,无可用尺码,皮卡,Volkswagen,Type 2,1955,,,Double,,无可用尺码,366: Volkswagen Type 2 1950-1979   Double/Regular  无可用尺码
3949,1,OK,366,无可用尺码,皮卡,Volkswagen,Type 2,1955,,,Regular,,无可用尺码,366: Volkswagen Type 2 1950-1979   Double/Regular  无可用尺码
3950,1,OK,366,无可用尺码,皮卡,Volkswagen,Type 2,1956,,,Double,,无可用尺码,366: Volkswagen Type 2 1950-1979   Double/Regular  无可用尺码
3951,1,OK,366,无可用尺码,皮卡,Volkswagen,Type 2,1956,,,Regular,,无可用尺码,366: Volkswagen Type 2 1950-1979   Double/Regular  无可用尺码
3952,1,OK,366,无可用尺码,皮卡,Volkswagen,Type 2,1957,,,Double,,无可用尺码,366: Volkswagen Type 2 1950-1979   Double/Regular  无可用尺码
3953,1,OK,366,无可用尺码,皮卡,Volkswagen,Type 2,1957,,,Regular,,无可用尺码,366: Volkswagen Type 2 1950-1979   Double/Regular  无可用尺码
3954,1,OK,366,无可用尺码,皮卡,Volkswagen,Type 2,1958,,,Double,,无可用尺码,366: Volkswagen Type 2 1950-1979   Double/Regular  无可用尺码
3955,1,OK,366,无可用尺码,皮卡,Volkswagen,Type 2,1958,,,Regular,,无可用尺码,366: Volkswagen Type 2 1950-1979   Double/Regular  无可用尺码
3956,1,OK,366,无可用尺码,皮卡,Volkswagen,Type 2,1959,,,Double,,无可用尺码,366: Volkswagen Type 2 1950-1979   Double/Regular  无可用尺码
3957,1,OK,366,无可用尺码,皮卡,Volkswagen,Type 2,1959,,,Regular,,无可用尺码,366: Volkswagen Type 2 1950-1979   Double/Regular  无可用尺码
3958,1,OK,366,无可用尺码,皮卡,Volkswagen,Type 2,1960,,,Double,,无可用尺码,366: Volkswagen Type 2 1950-1979   Double/Regular  无可用尺码
3959,1,OK,366,无可用尺码,皮卡,Volkswagen,Type 2,1960,,,Regular,,无可用尺码,366: Volkswagen Type 2 1950-1979   Double/Regular  无可用尺码
3960,1,OK,366,无可用尺码,皮卡,Volkswagen,Type 2,1961,,,Double,,无可用尺码,366: Volkswagen Type 2 1950-1979   Double/Regular  无可用尺码
3961,1,OK,366,无可用尺码,皮卡,Volkswagen,Type 2,1961,,,Regular,,无可用尺码,366: Volkswagen Type 2 1950-1979   Double/Regular  无可用尺码
3962,1,OK,366,无可用尺码,皮卡,Volkswagen,Type 2,1962,,,Double,,无可用尺码,366: Volkswagen Type 2 1950-1979   Double/Regular  无可用尺码
3963,1,OK,366,无可用尺码,皮卡,Volkswagen,Type 2,1962,,,Regular,,无可用尺码,366: Volkswagen Type 2 1950-1979   Double/Regular  无可用尺码
3964,1,OK,366,无可用尺码,皮卡,Volkswagen,Type 2,1963,,,Double,,无可用尺码,366: Volkswagen Type 2 1950-1979   Double/Regular  无可用尺码
3965,1,OK,366,无可用尺码,皮卡,Volkswagen,Type 2,1963,,,Regular,,无可用尺码,366: Volkswagen Type 2 1950-1979   Double/Regular  无可用尺码
3966,1,OK,366,无可用尺码,皮卡,Volkswagen,Type 2,1964,,,Double,,无可用尺码,366: Volkswagen Type 2 1950-1979   Double/Regular  无可用尺码
3967,1,OK,366,无可用尺码,皮卡,Volkswagen,Type 2,1964,,,Regular,,无可用尺码,366: Volkswagen Type 2 1950-1979   Double/Regular  无可用尺码
3968,1,OK,366,无可用尺码,皮卡,Volkswagen,Type 2,1965,,,Double,,无可用尺码,366: Volkswagen Type 2 1950-1979   Double/Regular  无可用尺码
3969,1,OK,366,无可用尺码,皮卡,Volkswagen,Type 2,1965,,,Regular,,无可用尺码,366: Volkswagen Type 2 1950-1979   Double/Regular  无可用尺码
3970,1,OK,366,无可用尺码,皮卡,Volkswagen,Type 2,1966,,,Double,,无可用尺码,366: Volkswagen Type 2 1950-1979   Double/Regular  无可用尺码
3971,1,OK,366,无可用尺码,皮卡,Volkswagen,Type 2,1966,,,Regular,,无可用尺码,366: Volkswagen Type 2 1950-1979   Double/Regular  无可用尺码
3972,1,OK,366,无可用尺码,皮卡,Volkswagen,Type 2,1967,,,Double,,无可用尺码,366: Volkswagen Type 2 1950-1979   Double/Regular  无可用尺码
3973,1,OK,366,无可用尺码,皮卡,Volkswagen,Type 2,1967,,,Regular,,无可用尺码,366: Volkswagen Type 2 1950-1979   Double/Regular  无可用尺码
3974,1,OK,366,无可用尺码,皮卡,Volkswagen,Type 2,1968,,,Double,,无可用尺码,366: Volkswagen Type 2 1950-1979   Double/Regular  无可用尺码
3975,1,OK,366,无可用尺码,皮卡,Volkswagen,Type 2,1968,,,Regular,,无可用尺码,366: Volkswagen Type 2 1950-1979   Double/Regular  无可用尺码
3976,1,OK,366,无可用尺码,皮卡,Volkswagen,Type 2,1969,,,Double,,无可用尺码,366: Volkswagen Type 2 1950-1979   Double/Regular  无可用尺码
3977,1,OK,366,无可用尺码,皮卡,Volkswagen,Type 2,1969,,,Regular,,无可用尺码,366: Volkswagen Type 2 1950-1979   Double/Regular  无可用尺码
3978,1,OK,366,无可用尺码,皮卡,Volkswagen,Type 2,1970,,,Double,,无可用尺码,366: Volkswagen Type 2 1950-1979   Double/Regular  无可用尺码
3979,1,OK,366,无可用尺码,皮卡,Volkswagen,Type 2,1970,,,Regular,,无可用尺码,366: Volkswagen Type 2 1950-1979   Double/Regular  无可用尺码
3980,1,OK,366,无可用尺码,皮卡,Volkswagen,Type 2,1971,,,Double,,无可用尺码,366: Volkswagen Type 2 1950-1979   Double/Regular  无可用尺码
3981,1,OK,366,无可用尺码,皮卡,Volkswagen,Type 2,1971,,,Regular,,无可用尺码,366: Volkswagen Type 2 1950-1979   Double/Regular  无可用尺码
3982,1,OK,366,无可用尺码,皮卡,Volkswagen,Type 2,1972,,,Double,,无可用尺码,366: Volkswagen Type 2 1950-1979   Double/Regular  无可用尺码
3983,1,OK,366,无可用尺码,皮卡,Volkswagen,Type 2,1972,,,Regular,,无可用尺码,366: Volkswagen Type 2 1950-1979   Double/Regular  无可用尺码
3984,1,OK,366,无可用尺码,皮卡,Volkswagen,Type 2,1973,,,Double,,无可用尺码,366: Volkswagen Type 2 1950-1979   Double/Regular  无可用尺码
3985,1,OK,366,无可用尺码,皮卡,Volkswagen,Type 2,1973,,,Regular,,无可用尺码,366: Volkswagen Type 2 1950-1979   Double/Regular  无可用尺码
3986,1,OK,366,无可用尺码,皮卡,Volkswagen,Type 2,1974,,,Double,,无可用尺码,366: Volkswagen Type 2 1950-1979   Double/Regular  无可用尺码
3987,1,OK,366,无可用尺码,皮卡,Volkswagen,Type 2,1974,,,Regular,,无可用尺码,366: Volkswagen Type 2 1950-1979   Double/Regular  无可用尺码
3988,1,OK,366,无可用尺码,皮卡,Volkswagen,Type 2,1975,,,Double,,无可用尺码,366: Volkswagen Type 2 1950-1979   Double/Regular  无可用尺码
3989,1,OK,366,无可用尺码,皮卡,Volkswagen,Type 2,1975,,,Regular,,无可用尺码,366: Volkswagen Type 2 1950-1979   Double/Regular  无可用尺码
3990,1,OK,366,无可用尺码,皮卡,Volkswagen,Type 2,1976,,,Double,,无可用尺码,366: Volkswagen Type 2 1950-1979   Double/Regular  无可用尺码
3991,1,OK,366,无可用尺码,皮卡,Volkswagen,Type 2,1976,,,Regular,,无可用尺码,366: Volkswagen Type 2 1950-1979   Double/Regular  无可用尺码
3992,1,OK,366,无可用尺码,皮卡,Volkswagen,Type 2,1977,,,Double,,无可用尺码,366: Volkswagen Type 2 1950-1979   Double/Regular  无可用尺码
3993,1,OK,366,无可用尺码,皮卡,Volkswagen,Type 2,1977,,,Regular,,无可用尺码,366: Volkswagen Type 2 1950-1979   Double/Regular  无可用尺码
3994,1,OK,366,无可用尺码,皮卡,Volkswagen,Type 2,1978,,,Double,,无可用尺码,366: Volkswagen Type 2 1950-1979   Double/Regular  无可用尺码
3995,1,OK,366,无可用尺码,皮卡,Volkswagen,Type 2,1978,,,Regular,,无可用尺码,366: Volkswagen Type 2 1950-1979   Double/Regular  无可用尺码
3996,1,OK,366,无可用尺码,皮卡,Volkswagen,Type 2,1979,,,Double,,无可用尺码,366: Volkswagen Type 2 1950-1979   Double/Regular  无可用尺码
3997,1,OK,366,无可用尺码,皮卡,Volkswagen,Type 2,1979,,,Regular,,无可用尺码,366: Volkswagen Type 2 1950-1979   Double/Regular  无可用尺码
3998,1,OK,377,无可用尺码,皮卡,Wartburg,353,1966,,,Regular,,无可用尺码,377: Wartburg 353 1966-1989   Regular  无可用尺码
3999,1,OK,377,无可用尺码,皮卡,Wartburg,353,1967,,,Regular,,无可用尺码,377: Wartburg 353 1966-1989   Regular  无可用尺码
4000,1,OK,377,无可用尺码,皮卡,Wartburg,353,1968,,,Regular,,无可用尺码,377: Wartburg 353 1966-1989   Regular  无可用尺码
4001,1,OK,377,无可用尺码,皮卡,Wartburg,353,1969,,,Regular,,无可用尺码,377: Wartburg 353 1966-1989   Regular  无可用尺码
4002,1,OK,377,无可用尺码,皮卡,Wartburg,353,1970,,,Regular,,无可用尺码,377: Wartburg 353 1966-1989   Regular  无可用尺码
4003,1,OK,377,无可用尺码,皮卡,Wartburg,353,1971,,,Regular,,无可用尺码,377: Wartburg 353 1966-1989   Regular  无可用尺码
4004,1,OK,377,无可用尺码,皮卡,Wartburg,353,1972,,,Regular,,无可用尺码,377: Wartburg 353 1966-1989   Regular  无可用尺码
4005,1,OK,377,无可用尺码,皮卡,Wartburg,353,1973,,,Regular,,无可用尺码,377: Wartburg 353 1966-1989   Regular  无可用尺码
4006,1,OK,377,无可用尺码,皮卡,Wartburg,353,1974,,,Regular,,无可用尺码,377: Wartburg 353 1966-1989   Regular  无可用尺码
4007,1,OK,377,无可用尺码,皮卡,Wartburg,353,1975,,,Regular,,无可用尺码,377: Wartburg 353 1966-1989   Regular  无可用尺码
4008,1,OK,377,无可用尺码,皮卡,Wartburg,353,1976,,,Regular,,无可用尺码,377: Wartburg 353 1966-1989   Regular  无可用尺码
4009,1,OK,377,无可用尺码,皮卡,Wartburg,353,1977,,,Regular,,无可用尺码,377: Wartburg 353 1966-1989   Regular  无可用尺码
4010,1,OK,377,无可用尺码,皮卡,Wartburg,353,1978,,,Regular,,无可用尺码,377: Wartburg 353 1966-1989   Regular  无可用尺码
4011,1,OK,377,无可用尺码,皮卡,Wartburg,353,1979,,,Regular,,无可用尺码,377: Wartburg 353 1966-1989   Regular  无可用尺码
4012,1,OK,377,无可用尺码,皮卡,Wartburg,353,1980,,,Regular,,无可用尺码,377: Wartburg 353 1966-1989   Regular  无可用尺码
4013,1,OK,377,无可用尺码,皮卡,Wartburg,353,1981,,,Regular,,无可用尺码,377: Wartburg 353 1966-1989   Regular  无可用尺码
4014,1,OK,377,无可用尺码,皮卡,Wartburg,353,1982,,,Regular,,无可用尺码,377: Wartburg 353 1966-1989   Regular  无可用尺码
4015,1,OK,377,无可用尺码,皮卡,Wartburg,353,1983,,,Regular,,无可用尺码,377: Wartburg 353 1966-1989   Regular  无可用尺码
4016,1,OK,377,无可用尺码,皮卡,Wartburg,353,1984,,,Regular,,无可用尺码,377: Wartburg 353 1966-1989   Regular  无可用尺码
4017,1,OK,377,无可用尺码,皮卡,Wartburg,353,1985,,,Regular,,无可用尺码,377: Wartburg 353 1966-1989   Regular  无可用尺码
4018,1,OK,377,无可用尺码,皮卡,Wartburg,353,1986,,,Regular,,无可用尺码,377: Wartburg 353 1966-1989   Regular  无可用尺码
4019,1,OK,377,无可用尺码,皮卡,Wartburg,353,1987,,,Regular,,无可用尺码,377: Wartburg 353 1966-1989   Regular  无可用尺码
4020,1,OK,377,无可用尺码,皮卡,Wartburg,353,1988,,,Regular,,无可用尺码,377: Wartburg 353 1966-1989   Regular  无可用尺码
4021,1,OK,377,无可用尺码,皮卡,Wartburg,353,1989,,,Regular,,无可用尺码,377: Wartburg 353 1966-1989   Regular  无可用尺码
4022,1,OK,378,PK-M+,皮卡,Xin Kai,Pickup X3,2003,,,Double,,PK-M+,378: Xin Kai Pickup X3 2003-2006   Double  PK-M+
4023,1,OK,378,PK-M+,皮卡,Xin Kai,Pickup X3,2004,,,Double,,PK-M+,378: Xin Kai Pickup X3 2003-2006   Double  PK-M+
4024,1,OK,378,PK-M+,皮卡,Xin Kai,Pickup X3,2005,,,Double,,PK-M+,378: Xin Kai Pickup X3 2003-2006   Double  PK-M+
4025,1,OK,378,PK-M+,皮卡,Xin Kai,Pickup X3,2006,,,Double,,PK-M+,378: Xin Kai Pickup X3 2003-2006   Double  PK-M+
4026,1,OK,379,PK-M,皮卡,ZX,Admiral,2005,,,Double,,PK-M,379: ZX Admiral 2005-2009   Double/Regular  PK-M
4027,1,OK,379,PK-M,皮卡,ZX,Admiral,2005,,,Regular,,PK-M,379: ZX Admiral 2005-2009   Double/Regular  PK-M
4028,1,OK,379,PK-M,皮卡,ZX,Admiral,2006,,,Double,,PK-M,379: ZX Admiral 2005-2009   Double/Regular  PK-M
4029,1,OK,379,PK-M,皮卡,ZX,Admiral,2006,,,Regular,,PK-M,379: ZX Admiral 2005-2009   Double/Regular  PK-M
4030,1,OK,379,PK-M,皮卡,ZX,Admiral,2007,,,Double,,PK-M,379: ZX Admiral 2005-2009   Double/Regular  PK-M
4031,1,OK,379,PK-M,皮卡,ZX,Admiral,2007,,,Regular,,PK-M,379: ZX Admiral 2005-2009   Double/Regular  PK-M
4032,1,OK,379,PK-M,皮卡,ZX,Admiral,2008,,,Double,,PK-M,379: ZX Admiral 2005-2009   Double/Regular  PK-M
4033,1,OK,379,PK-M,皮卡,ZX,Admiral,2008,,,Regular,,PK-M,379: ZX Admiral 2005-2009   Double/Regular  PK-M
4034,1,OK,379,PK-M,皮卡,ZX,Admiral,2009,,,Double,,PK-M,379: ZX Admiral 2005-2009   Double/Regular  PK-M
4035,1,OK,379,PK-M,皮卡,ZX,Admiral,2009,,,Regular,,PK-M,379: ZX Admiral 2005-2009   Double/Regular  PK-M
4036,1,OK,380,PK-M,皮卡,ZX,Grand Tiger,2007,,,Double,,PK-M,380: ZX Grand Tiger 2007-2026   Double  PK-M
4037,1,OK,380,PK-M,皮卡,ZX,Grand Tiger,2008,,,Double,,PK-M,380: ZX Grand Tiger 2007-2026   Double  PK-M
4038,1,OK,380,PK-M,皮卡,ZX,Grand Tiger,2009,,,Double,,PK-M,380: ZX Grand Tiger 2007-2026   Double  PK-M
4039,1,OK,380,PK-M,皮卡,ZX,Grand Tiger,2010,,,Double,,PK-M,380: ZX Grand Tiger 2007-2026   Double  PK-M
4040,1,OK,380,PK-M,皮卡,ZX,Grand Tiger,2011,,,Double,,PK-M,380: ZX Grand Tiger 2007-2026   Double  PK-M
4041,1,OK,380,PK-M,皮卡,ZX,Grand Tiger,2012,,,Double,,PK-M,380: ZX Grand Tiger 2007-2026   Double  PK-M
4042,1,OK,380,PK-M,皮卡,ZX,Grand Tiger,2013,,,Double,,PK-M,380: ZX Grand Tiger 2007-2026   Double  PK-M
4043,1,OK,380,PK-M,皮卡,ZX,Grand Tiger,2022,,,Double,,PK-M,380: ZX Grand Tiger 2007-2026   Double  PK-M
4044,1,OK,380,PK-M,皮卡,ZX,Grand Tiger,2023,,,Double,,PK-M,380: ZX Grand Tiger 2007-2026   Double  PK-M
4045,1,OK,380,PK-M,皮卡,ZX,Grand Tiger,2024,,,Double,,PK-M,380: ZX Grand Tiger 2007-2026   Double  PK-M
4046,1,OK,380,PK-M,皮卡,ZX,Grand Tiger,2025,,,Double,,PK-M,380: ZX Grand Tiger 2007-2026   Double  PK-M
4047,1,OK,380,PK-M,皮卡,ZX,Grand Tiger,2026,,,Double,,PK-M,380: ZX Grand Tiger 2007-2026   Double  PK-M
4048,1,OK,382,PK-L,皮卡,ZX,Grandlion,2021,LWB,,Double,,PK-L,382: ZX Grandlion 2021-2026 LWB  Double  PK-L
4049,1,OK,381,PK-M+,皮卡,ZX,Grandlion,2021,,,Double,,PK-M+,381: ZX Grandlion 2021-2026   Double  PK-M+
4050,1,OK,382,PK-L,皮卡,ZX,Grandlion,2022,LWB,,Double,,PK-L,382: ZX Grandlion 2021-2026 LWB  Double  PK-L
4051,1,OK,381,PK-M+,皮卡,ZX,Grandlion,2022,,,Double,,PK-M+,381: ZX Grandlion 2021-2026   Double  PK-M+
4052,1,OK,382,PK-L,皮卡,ZX,Grandlion,2023,LWB,,Double,,PK-L,382: ZX Grandlion 2021-2026 LWB  Double  PK-L
4053,1,OK,381,PK-M+,皮卡,ZX,Grandlion,2023,,,Double,,PK-M+,381: ZX Grandlion 2021-2026   Double  PK-M+
4054,1,OK,382,PK-L,皮卡,ZX,Grandlion,2024,LWB,,Double,,PK-L,382: ZX Grandlion 2021-2026 LWB  Double  PK-L
4055,1,OK,381,PK-M+,皮卡,ZX,Grandlion,2024,,,Double,,PK-M+,381: ZX Grandlion 2021-2026   Double  PK-M+
4056,1,OK,382,PK-L,皮卡,ZX,Grandlion,2025,LWB,,Double,,PK-L,382: ZX Grandlion 2021-2026 LWB  Double  PK-L
4057,1,OK,381,PK-M+,皮卡,ZX,Grandlion,2025,,,Double,,PK-M+,381: ZX Grandlion 2021-2026   Double  PK-M+
4058,1,OK,382,PK-L,皮卡,ZX,Grandlion,2026,LWB,,Double,,PK-L,382: ZX Grandlion 2021-2026 LWB  Double  PK-L
4059,1,OK,381,PK-M+,皮卡,ZX,Grandlion,2026,,,Double,,PK-M+,381: ZX Grandlion 2021-2026   Double  PK-M+
4060,1,OK,384,PK-L,皮卡,ZX,Terralord,2016,LWB,,Double,,PK-L,384: ZX Terralord 2016-2026 LWB  Double  PK-L
4061,1,OK,383,PK-M+,皮卡,ZX,Terralord,2016,,,Double,,PK-M+,383: ZX Terralord 2016-2026   Double  PK-M+
4062,1,OK,384,PK-L,皮卡,ZX,Terralord,2017,LWB,,Double,,PK-L,384: ZX Terralord 2016-2026 LWB  Double  PK-L
4063,1,OK,383,PK-M+,皮卡,ZX,Terralord,2017,,,Double,,PK-M+,383: ZX Terralord 2016-2026   Double  PK-M+
4064,1,OK,384,PK-L,皮卡,ZX,Terralord,2018,LWB,,Double,,PK-L,384: ZX Terralord 2016-2026 LWB  Double  PK-L
4065,1,OK,383,PK-M+,皮卡,ZX,Terralord,2018,,,Double,,PK-M+,383: ZX Terralord 2016-2026   Double  PK-M+
4066,1,OK,384,PK-L,皮卡,ZX,Terralord,2019,LWB,,Double,,PK-L,384: ZX Terralord 2016-2026 LWB  Double  PK-L
4067,1,OK,383,PK-M+,皮卡,ZX,Terralord,2019,,,Double,,PK-M+,383: ZX Terralord 2016-2026   Double  PK-M+
4068,1,OK,384,PK-L,皮卡,ZX,Terralord,2020,LWB,,Double,,PK-L,384: ZX Terralord 2016-2026 LWB  Double  PK-L
4069,1,OK,383,PK-M+,皮卡,ZX,Terralord,2020,,,Double,,PK-M+,383: ZX Terralord 2016-2026   Double  PK-M+
4070,1,OK,384,PK-L,皮卡,ZX,Terralord,2021,LWB,,Double,,PK-L,384: ZX Terralord 2016-2026 LWB  Double  PK-L
4071,1,OK,383,PK-M+,皮卡,ZX,Terralord,2021,,,Double,,PK-M+,383: ZX Terralord 2016-2026   Double  PK-M+
4072,1,OK,384,PK-L,皮卡,ZX,Terralord,2022,LWB,,Double,,PK-L,384: ZX Terralord 2016-2026 LWB  Double  PK-L
4073,1,OK,383,PK-M+,皮卡,ZX,Terralord,2022,,,Double,,PK-M+,383: ZX Terralord 2016-2026   Double  PK-M+
4074,1,OK,384,PK-L,皮卡,ZX,Terralord,2023,LWB,,Double,,PK-L,384: ZX Terralord 2016-2026 LWB  Double  PK-L
4075,1,OK,383,PK-M+,皮卡,ZX,Terralord,2023,,,Double,,PK-M+,383: ZX Terralord 2016-2026   Double  PK-M+
4076,1,OK,384,PK-L,皮卡,ZX,Terralord,2024,LWB,,Double,,PK-L,384: ZX Terralord 2016-2026 LWB  Double  PK-L
4077,1,OK,383,PK-M+,皮卡,ZX,Terralord,2024,,,Double,,PK-M+,383: ZX Terralord 2016-2026   Double  PK-M+
4078,1,OK,384,PK-L,皮卡,ZX,Terralord,2025,LWB,,Double,,PK-L,384: ZX Terralord 2016-2026 LWB  Double  PK-L
4079,1,OK,383,PK-M+,皮卡,ZX,Terralord,2025,,,Double,,PK-M+,383: ZX Terralord 2016-2026   Double  PK-M+
4080,1,OK,384,PK-L,皮卡,ZX,Terralord,2026,LWB,,Double,,PK-L,384: ZX Terralord 2016-2026 LWB  Double  PK-L
4081,1,OK,383,PK-M+,皮卡,ZX,Terralord,2026,,,Double,,PK-M+,383: ZX Terralord 2016-2026   Double  PK-M+
4082,1,OK,385,PK-L,皮卡,Zibar,MK2,2010,,,Double,,PK-L,385: Zibar MK2 2010-2026   Double  PK-L
4083,1,OK,385,PK-L,皮卡,Zibar,MK2,2011,,,Double,,PK-L,385: Zibar MK2 2010-2026   Double  PK-L
4084,1,OK,385,PK-L,皮卡,Zibar,MK2,2012,,,Double,,PK-L,385: Zibar MK2 2010-2026   Double  PK-L
4085,1,OK,385,PK-L,皮卡,Zibar,MK2,2013,,,Double,,PK-L,385: Zibar MK2 2010-2026   Double  PK-L
4086,1,OK,385,PK-L,皮卡,Zibar,MK2,2014,,,Double,,PK-L,385: Zibar MK2 2010-2026   Double  PK-L
4087,1,OK,385,PK-L,皮卡,Zibar,MK2,2015,,,Double,,PK-L,385: Zibar MK2 2010-2026   Double  PK-L
4088,1,OK,385,PK-L,皮卡,Zibar,MK2,2016,,,Double,,PK-L,385: Zibar MK2 2010-2026   Double  PK-L
4089,1,OK,385,PK-L,皮卡,Zibar,MK2,2017,,,Double,,PK-L,385: Zibar MK2 2010-2026   Double  PK-L
4090,1,OK,385,PK-L,皮卡,Zibar,MK2,2018,,,Double,,PK-L,385: Zibar MK2 2010-2026   Double  PK-L
4091,1,OK,385,PK-L,皮卡,Zibar,MK2,2019,,,Double,,PK-L,385: Zibar MK2 2010-2026   Double  PK-L
4092,1,OK,385,PK-L,皮卡,Zibar,MK2,2020,,,Double,,PK-L,385: Zibar MK2 2010-2026   Double  PK-L
4093,1,OK,385,PK-L,皮卡,Zibar,MK2,2021,,,Double,,PK-L,385: Zibar MK2 2010-2026   Double  PK-L
4094,1,OK,385,PK-L,皮卡,Zibar,MK2,2022,,,Double,,PK-L,385: Zibar MK2 2010-2026   Double  PK-L
4095,1,OK,385,PK-L,皮卡,Zibar,MK2,2023,,,Double,,PK-L,385: Zibar MK2 2010-2026   Double  PK-L
4096,1,OK,385,PK-L,皮卡,Zibar,MK2,2024,,,Double,,PK-L,385: Zibar MK2 2010-2026   Double  PK-L
4097,1,OK,385,PK-L,皮卡,Zibar,MK2,2025,,,Double,,PK-L,385: Zibar MK2 2010-2026   Double  PK-L
4098,1,OK,385,PK-L,皮卡,Zibar,MK2,2026,,,Double,,PK-L,385: Zibar MK2 2010-2026   Double  PK-L
4099,1,OK,386,无可用尺码,皮卡,ГАЗ,2308 'Атаман',1999,,,Regular,,无可用尺码,386: ГАЗ 2308 'Атаман' 1999-2001   Regular  无可用尺码
4100,1,OK,386,无可用尺码,皮卡,ГАЗ,2308 'Атаман',2000,,,Regular,,无可用尺码,386: ГАЗ 2308 'Атаман' 1999-2001   Regular  无可用尺码
4101,1,OK,386,无可用尺码,皮卡,ГАЗ,2308 'Атаман',2001,,,Regular,,无可用尺码,386: ГАЗ 2308 'Атаман' 1999-2001   Regular  无可用尺码
4102,1,OK,387,无可用尺码,皮卡,ЗАЗ,1105 'Дана',1994,,,Regular,,无可用尺码,387: ЗАЗ 1105 'Дана' 1994-2011   Regular  无可用尺码
4103,1,OK,387,无可用尺码,皮卡,ЗАЗ,1105 'Дана',1995,,,Regular,,无可用尺码,387: ЗАЗ 1105 'Дана' 1994-2011   Regular  无可用尺码
4104,1,OK,387,无可用尺码,皮卡,ЗАЗ,1105 'Дана',1996,,,Regular,,无可用尺码,387: ЗАЗ 1105 'Дана' 1994-2011   Regular  无可用尺码
4105,1,OK,387,无可用尺码,皮卡,ЗАЗ,1105 'Дана',1997,,,Regular,,无可用尺码,387: ЗАЗ 1105 'Дана' 1994-2011   Regular  无可用尺码
4106,1,OK,387,无可用尺码,皮卡,ЗАЗ,1105 'Дана',1998,,,Regular,,无可用尺码,387: ЗАЗ 1105 'Дана' 1994-2011   Regular  无可用尺码
4107,1,OK,387,无可用尺码,皮卡,ЗАЗ,1105 'Дана',1999,,,Regular,,无可用尺码,387: ЗАЗ 1105 'Дана' 1994-2011   Regular  无可用尺码
4108,1,OK,387,无可用尺码,皮卡,ЗАЗ,1105 'Дана',2000,,,Regular,,无可用尺码,387: ЗАЗ 1105 'Дана' 1994-2011   Regular  无可用尺码
4109,1,OK,387,无可用尺码,皮卡,ЗАЗ,1105 'Дана',2001,,,Regular,,无可用尺码,387: ЗАЗ 1105 'Дана' 1994-2011   Regular  无可用尺码
4110,1,OK,387,无可用尺码,皮卡,ЗАЗ,1105 'Дана',2002,,,Regular,,无可用尺码,387: ЗАЗ 1105 'Дана' 1994-2011   Regular  无可用尺码
4111,1,OK,387,无可用尺码,皮卡,ЗАЗ,1105 'Дана',2003,,,Regular,,无可用尺码,387: ЗАЗ 1105 'Дана' 1994-2011   Regular  无可用尺码
4112,1,OK,387,无可用尺码,皮卡,ЗАЗ,1105 'Дана',2004,,,Regular,,无可用尺码,387: ЗАЗ 1105 'Дана' 1994-2011   Regular  无可用尺码
4113,1,OK,387,无可用尺码,皮卡,ЗАЗ,1105 'Дана',2005,,,Regular,,无可用尺码,387: ЗАЗ 1105 'Дана' 1994-2011   Regular  无可用尺码
4114,1,OK,387,无可用尺码,皮卡,ЗАЗ,1105 'Дана',2006,,,Regular,,无可用尺码,387: ЗАЗ 1105 'Дана' 1994-2011   Regular  无可用尺码
4115,1,OK,387,无可用尺码,皮卡,ЗАЗ,1105 'Дана',2007,,,Regular,,无可用尺码,387: ЗАЗ 1105 'Дана' 1994-2011   Regular  无可用尺码
4116,1,OK,387,无可用尺码,皮卡,ЗАЗ,1105 'Дана',2008,,,Regular,,无可用尺码,387: ЗАЗ 1105 'Дана' 1994-2011   Regular  无可用尺码
4117,1,OK,387,无可用尺码,皮卡,ЗАЗ,1105 'Дана',2009,,,Regular,,无可用尺码,387: ЗАЗ 1105 'Дана' 1994-2011   Regular  无可用尺码
4118,1,OK,387,无可用尺码,皮卡,ЗАЗ,1105 'Дана',2010,,,Regular,,无可用尺码,387: ЗАЗ 1105 'Дана' 1994-2011   Regular  无可用尺码
4119,1,OK,387,无可用尺码,皮卡,ЗАЗ,1105 'Дана',2011,,,Regular,,无可用尺码,387: ЗАЗ 1105 'Дана' 1994-2011   Regular  无可用尺码
4120,1,OK,388,无可用尺码,皮卡,Иж,2715,1972,,,Regular,,无可用尺码,388: Иж 2715 1972-2001   Regular  无可用尺码
4121,1,OK,388,无可用尺码,皮卡,Иж,2715,1973,,,Regular,,无可用尺码,388: Иж 2715 1972-2001   Regular  无可用尺码
4122,1,OK,388,无可用尺码,皮卡,Иж,2715,1974,,,Regular,,无可用尺码,388: Иж 2715 1972-2001   Regular  无可用尺码
4123,1,OK,388,无可用尺码,皮卡,Иж,2715,1975,,,Regular,,无可用尺码,388: Иж 2715 1972-2001   Regular  无可用尺码
4124,1,OK,388,无可用尺码,皮卡,Иж,2715,1976,,,Regular,,无可用尺码,388: Иж 2715 1972-2001   Regular  无可用尺码
4125,1,OK,388,无可用尺码,皮卡,Иж,2715,1977,,,Regular,,无可用尺码,388: Иж 2715 1972-2001   Regular  无可用尺码
4126,1,OK,388,无可用尺码,皮卡,Иж,2715,1978,,,Regular,,无可用尺码,388: Иж 2715 1972-2001   Regular  无可用尺码
4127,1,OK,388,无可用尺码,皮卡,Иж,2715,1979,,,Regular,,无可用尺码,388: Иж 2715 1972-2001   Regular  无可用尺码
4128,1,OK,388,无可用尺码,皮卡,Иж,2715,1980,,,Regular,,无可用尺码,388: Иж 2715 1972-2001   Regular  无可用尺码
4129,1,OK,388,无可用尺码,皮卡,Иж,2715,1981,,,Regular,,无可用尺码,388: Иж 2715 1972-2001   Regular  无可用尺码
4130,1,OK,388,无可用尺码,皮卡,Иж,2715,1982,,,Regular,,无可用尺码,388: Иж 2715 1972-2001   Regular  无可用尺码
4131,1,OK,388,无可用尺码,皮卡,Иж,2715,1983,,,Regular,,无可用尺码,388: Иж 2715 1972-2001   Regular  无可用尺码
4132,1,OK,388,无可用尺码,皮卡,Иж,2715,1984,,,Regular,,无可用尺码,388: Иж 2715 1972-2001   Regular  无可用尺码
4133,1,OK,388,无可用尺码,皮卡,Иж,2715,1985,,,Regular,,无可用尺码,388: Иж 2715 1972-2001   Regular  无可用尺码
4134,1,OK,388,无可用尺码,皮卡,Иж,2715,1986,,,Regular,,无可用尺码,388: Иж 2715 1972-2001   Regular  无可用尺码
4135,1,OK,388,无可用尺码,皮卡,Иж,2715,1987,,,Regular,,无可用尺码,388: Иж 2715 1972-2001   Regular  无可用尺码
4136,1,OK,388,无可用尺码,皮卡,Иж,2715,1988,,,Regular,,无可用尺码,388: Иж 2715 1972-2001   Regular  无可用尺码
4137,1,OK,388,无可用尺码,皮卡,Иж,2715,1989,,,Regular,,无可用尺码,388: Иж 2715 1972-2001   Regular  无可用尺码
4138,1,OK,388,无可用尺码,皮卡,Иж,2715,1990,,,Regular,,无可用尺码,388: Иж 2715 1972-2001   Regular  无可用尺码
4139,1,OK,388,无可用尺码,皮卡,Иж,2715,1991,,,Regular,,无可用尺码,388: Иж 2715 1972-2001   Regular  无可用尺码
4140,1,OK,388,无可用尺码,皮卡,Иж,2715,1992,,,Regular,,无可用尺码,388: Иж 2715 1972-2001   Regular  无可用尺码
4141,1,OK,388,无可用尺码,皮卡,Иж,2715,1993,,,Regular,,无可用尺码,388: Иж 2715 1972-2001   Regular  无可用尺码
4142,1,OK,388,无可用尺码,皮卡,Иж,2715,1994,,,Regular,,无可用尺码,388: Иж 2715 1972-2001   Regular  无可用尺码
4143,1,OK,388,无可用尺码,皮卡,Иж,2715,1995,,,Regular,,无可用尺码,388: Иж 2715 1972-2001   Regular  无可用尺码
4144,1,OK,388,无可用尺码,皮卡,Иж,2715,1996,,,Regular,,无可用尺码,388: Иж 2715 1972-2001   Regular  无可用尺码
4145,1,OK,388,无可用尺码,皮卡,Иж,2715,1997,,,Regular,,无可用尺码,388: Иж 2715 1972-2001   Regular  无可用尺码
4146,1,OK,388,无可用尺码,皮卡,Иж,2715,1998,,,Regular,,无可用尺码,388: Иж 2715 1972-2001   Regular  无可用尺码
4147,1,OK,388,无可用尺码,皮卡,Иж,2715,1999,,,Regular,,无可用尺码,388: Иж 2715 1972-2001   Regular  无可用尺码
4148,1,OK,388,无可用尺码,皮卡,Иж,2715,2000,,,Regular,,无可用尺码,388: Иж 2715 1972-2001   Regular  无可用尺码
4149,1,OK,388,无可用尺码,皮卡,Иж,2715,2001,,,Regular,,无可用尺码,388: Иж 2715 1972-2001   Regular  无可用尺码
4150,1,OK,389,无可用尺码,皮卡,Иж,2717,1997,,,Regular,,无可用尺码,389: Иж 2717 1997-2005   Regular  无可用尺码
4151,1,OK,389,无可用尺码,皮卡,Иж,2717,1998,,,Regular,,无可用尺码,389: Иж 2717 1997-2005   Regular  无可用尺码
4152,1,OK,389,无可用尺码,皮卡,Иж,2717,1999,,,Regular,,无可用尺码,389: Иж 2717 1997-2005   Regular  无可用尺码
4153,1,OK,389,无可用尺码,皮卡,Иж,2717,2000,,,Regular,,无可用尺码,389: Иж 2717 1997-2005   Regular  无可用尺码
4154,1,OK,389,无可用尺码,皮卡,Иж,2717,2001,,,Regular,,无可用尺码,389: Иж 2717 1997-2005   Regular  无可用尺码
4155,1,OK,389,无可用尺码,皮卡,Иж,2717,2002,,,Regular,,无可用尺码,389: Иж 2717 1997-2005   Regular  无可用尺码
4156,1,OK,389,无可用尺码,皮卡,Иж,2717,2003,,,Regular,,无可用尺码,389: Иж 2717 1997-2005   Regular  无可用尺码
4157,1,OK,389,无可用尺码,皮卡,Иж,2717,2004,,,Regular,,无可用尺码,389: Иж 2717 1997-2005   Regular  无可用尺码
4158,1,OK,389,无可用尺码,皮卡,Иж,2717,2005,,,Regular,,无可用尺码,389: Иж 2717 1997-2005   Regular  无可用尺码
4159,1,OK,390,无可用尺码,皮卡,Канонир,2317,1999,,,Regular,,无可用尺码,390: Канонир 2317 1999-2001   Regular  无可用尺码
4160,1,OK,390,无可用尺码,皮卡,Канонир,2317,2000,,,Regular,,无可用尺码,390: Канонир 2317 1999-2001   Regular  无可用尺码
4161,1,OK,390,无可用尺码,皮卡,Канонир,2317,2001,,,Regular,,无可用尺码,390: Канонир 2317 1999-2001   Regular  无可用尺码
4162,1,OK,391,无可用尺码,皮卡,Москвич,400,1946,,,Regular,,无可用尺码,391: Москвич 400 1946-1956   Regular  无可用尺码
4163,1,OK,391,无可用尺码,皮卡,Москвич,400,1947,,,Regular,,无可用尺码,391: Москвич 400 1946-1956   Regular  无可用尺码
4164,1,OK,391,无可用尺码,皮卡,Москвич,400,1948,,,Regular,,无可用尺码,391: Москвич 400 1946-1956   Regular  无可用尺码
4165,1,OK,391,无可用尺码,皮卡,Москвич,400,1949,,,Regular,,无可用尺码,391: Москвич 400 1946-1956   Regular  无可用尺码
4166,1,OK,391,无可用尺码,皮卡,Москвич,400,1950,,,Regular,,无可用尺码,391: Москвич 400 1946-1956   Regular  无可用尺码
4167,1,OK,391,无可用尺码,皮卡,Москвич,400,1951,,,Regular,,无可用尺码,391: Москвич 400 1946-1956   Regular  无可用尺码
4168,1,OK,391,无可用尺码,皮卡,Москвич,400,1952,,,Regular,,无可用尺码,391: Москвич 400 1946-1956   Regular  无可用尺码
4169,1,OK,391,无可用尺码,皮卡,Москвич,400,1953,,,Regular,,无可用尺码,391: Москвич 400 1946-1956   Regular  无可用尺码
4170,1,OK,391,无可用尺码,皮卡,Москвич,400,1954,,,Regular,,无可用尺码,391: Москвич 400 1946-1956   Regular  无可用尺码
4171,1,OK,391,无可用尺码,皮卡,Москвич,400,1955,,,Regular,,无可用尺码,391: Москвич 400 1946-1956   Regular  无可用尺码
4172,1,OK,391,无可用尺码,皮卡,Москвич,400,1956,,,Regular,,无可用尺码,391: Москвич 400 1946-1956   Regular  无可用尺码
4173,1,OK,392,无可用尺码,皮卡,Москвич,434П,1968,,,Regular,,无可用尺码,392: Москвич 434П 1968-1973   Regular  无可用尺码
4174,1,OK,392,无可用尺码,皮卡,Москвич,434П,1969,,,Regular,,无可用尺码,392: Москвич 434П 1968-1973   Regular  无可用尺码
4175,1,OK,392,无可用尺码,皮卡,Москвич,434П,1970,,,Regular,,无可用尺码,392: Москвич 434П 1968-1973   Regular  无可用尺码
4176,1,OK,392,无可用尺码,皮卡,Москвич,434П,1971,,,Regular,,无可用尺码,392: Москвич 434П 1968-1973   Regular  无可用尺码
4177,1,OK,392,无可用尺码,皮卡,Москвич,434П,1972,,,Regular,,无可用尺码,392: Москвич 434П 1968-1973   Regular  无可用尺码
4178,1,OK,392,无可用尺码,皮卡,Москвич,434П,1973,,,Regular,,无可用尺码,392: Москвич 434П 1968-1973   Regular  无可用尺码
4179,1,OK,393,PK-L,皮卡,Спортивные авто и реплики,Самоделки,1943,,,Regular,,PK-L,393: Спортивные авто и реплики Самоделки 1943-2026   Regular  PK-L
4180,1,OK,393,PK-L,皮卡,Спортивные авто и реплики,Самоделки,1944,,,Regular,,PK-L,393: Спортивные авто и реплики Самоделки 1943-2026   Regular  PK-L
4181,1,OK,393,PK-L,皮卡,Спортивные авто и реплики,Самоделки,1945,,,Regular,,PK-L,393: Спортивные авто и реплики Самоделки 1943-2026   Regular  PK-L
4182,1,OK,393,PK-L,皮卡,Спортивные авто и реплики,Самоделки,1946,,,Regular,,PK-L,393: Спортивные авто и реплики Самоделки 1943-2026   Regular  PK-L
4183,1,OK,393,PK-L,皮卡,Спортивные авто и реплики,Самоделки,1947,,,Regular,,PK-L,393: Спортивные авто и реплики Самоделки 1943-2026   Regular  PK-L
4184,1,OK,393,PK-L,皮卡,Спортивные авто и реплики,Самоделки,1948,,,Regular,,PK-L,393: Спортивные авто и реплики Самоделки 1943-2026   Regular  PK-L
4185,1,OK,393,PK-L,皮卡,Спортивные авто и реплики,Самоделки,1949,,,Regular,,PK-L,393: Спортивные авто и реплики Самоделки 1943-2026   Regular  PK-L
4186,1,OK,393,PK-L,皮卡,Спортивные авто и реплики,Самоделки,1950,,,Regular,,PK-L,393: Спортивные авто и реплики Самоделки 1943-2026   Regular  PK-L
4187,1,OK,393,PK-L,皮卡,Спортивные авто и реплики,Самоделки,1951,,,Regular,,PK-L,393: Спортивные авто и реплики Самоделки 1943-2026   Regular  PK-L
4188,1,OK,393,PK-L,皮卡,Спортивные авто и реплики,Самоделки,1952,,,Regular,,PK-L,393: Спортивные авто и реплики Самоделки 1943-2026   Regular  PK-L
4189,1,OK,393,PK-L,皮卡,Спортивные авто и реплики,Самоделки,1953,,,Regular,,PK-L,393: Спортивные авто и реплики Самоделки 1943-2026   Regular  PK-L
4190,1,OK,393,PK-L,皮卡,Спортивные авто и реплики,Самоделки,1954,,,Regular,,PK-L,393: Спортивные авто и реплики Самоделки 1943-2026   Regular  PK-L
4191,1,OK,393,PK-L,皮卡,Спортивные авто и реплики,Самоделки,1955,,,Regular,,PK-L,393: Спортивные авто и реплики Самоделки 1943-2026   Regular  PK-L
4192,1,OK,393,PK-L,皮卡,Спортивные авто и реплики,Самоделки,1956,,,Regular,,PK-L,393: Спортивные авто и реплики Самоделки 1943-2026   Regular  PK-L
4193,1,OK,393,PK-L,皮卡,Спортивные авто и реплики,Самоделки,1957,,,Regular,,PK-L,393: Спортивные авто и реплики Самоделки 1943-2026   Regular  PK-L
4194,1,OK,393,PK-L,皮卡,Спортивные авто и реплики,Самоделки,1958,,,Regular,,PK-L,393: Спортивные авто и реплики Самоделки 1943-2026   Regular  PK-L
4195,1,OK,393,PK-L,皮卡,Спортивные авто и реплики,Самоделки,1959,,,Regular,,PK-L,393: Спортивные авто и реплики Самоделки 1943-2026   Regular  PK-L
4196,1,OK,393,PK-L,皮卡,Спортивные авто и реплики,Самоделки,1960,,,Regular,,PK-L,393: Спортивные авто и реплики Самоделки 1943-2026   Regular  PK-L
4197,1,OK,393,PK-L,皮卡,Спортивные авто и реплики,Самоделки,1961,,,Regular,,PK-L,393: Спортивные авто и реплики Самоделки 1943-2026   Regular  PK-L
4198,1,OK,393,PK-L,皮卡,Спортивные авто и реплики,Самоделки,1962,,,Regular,,PK-L,393: Спортивные авто и реплики Самоделки 1943-2026   Regular  PK-L
4199,1,OK,393,PK-L,皮卡,Спортивные авто и реплики,Самоделки,1963,,,Regular,,PK-L,393: Спортивные авто и реплики Самоделки 1943-2026   Regular  PK-L
4200,1,OK,393,PK-L,皮卡,Спортивные авто и реплики,Самоделки,1964,,,Regular,,PK-L,393: Спортивные авто и реплики Самоделки 1943-2026   Regular  PK-L
4201,1,OK,393,PK-L,皮卡,Спортивные авто и реплики,Самоделки,1965,,,Regular,,PK-L,393: Спортивные авто и реплики Самоделки 1943-2026   Regular  PK-L
4202,1,OK,393,PK-L,皮卡,Спортивные авто и реплики,Самоделки,1966,,,Regular,,PK-L,393: Спортивные авто и реплики Самоделки 1943-2026   Regular  PK-L
4203,1,OK,393,PK-L,皮卡,Спортивные авто и реплики,Самоделки,1967,,,Regular,,PK-L,393: Спортивные авто и реплики Самоделки 1943-2026   Regular  PK-L
4204,1,OK,393,PK-L,皮卡,Спортивные авто и реплики,Самоделки,1968,,,Regular,,PK-L,393: Спортивные авто и реплики Самоделки 1943-2026   Regular  PK-L
4205,1,OK,393,PK-L,皮卡,Спортивные авто и реплики,Самоделки,1969,,,Regular,,PK-L,393: Спортивные авто и реплики Самоделки 1943-2026   Regular  PK-L
4206,1,OK,393,PK-L,皮卡,Спортивные авто и реплики,Самоделки,1970,,,Regular,,PK-L,393: Спортивные авто и реплики Самоделки 1943-2026   Regular  PK-L
4207,1,OK,393,PK-L,皮卡,Спортивные авто и реплики,Самоделки,1971,,,Regular,,PK-L,393: Спортивные авто и реплики Самоделки 1943-2026   Regular  PK-L
4208,1,OK,393,PK-L,皮卡,Спортивные авто и реплики,Самоделки,1972,,,Regular,,PK-L,393: Спортивные авто и реплики Самоделки 1943-2026   Regular  PK-L
4209,1,OK,393,PK-L,皮卡,Спортивные авто и реплики,Самоделки,1973,,,Regular,,PK-L,393: Спортивные авто и реплики Самоделки 1943-2026   Regular  PK-L
4210,1,OK,393,PK-L,皮卡,Спортивные авто и реплики,Самоделки,1974,,,Regular,,PK-L,393: Спортивные авто и реплики Самоделки 1943-2026   Regular  PK-L
4211,1,OK,393,PK-L,皮卡,Спортивные авто и реплики,Самоделки,1975,,,Regular,,PK-L,393: Спортивные авто и реплики Самоделки 1943-2026   Regular  PK-L
4212,1,OK,393,PK-L,皮卡,Спортивные авто и реплики,Самоделки,1976,,,Regular,,PK-L,393: Спортивные авто и реплики Самоделки 1943-2026   Regular  PK-L
4213,1,OK,393,PK-L,皮卡,Спортивные авто и реплики,Самоделки,1977,,,Regular,,PK-L,393: Спортивные авто и реплики Самоделки 1943-2026   Regular  PK-L
4214,1,OK,393,PK-L,皮卡,Спортивные авто и реплики,Самоделки,1978,,,Regular,,PK-L,393: Спортивные авто и реплики Самоделки 1943-2026   Regular  PK-L
4215,1,OK,393,PK-L,皮卡,Спортивные авто и реплики,Самоделки,1979,,,Regular,,PK-L,393: Спортивные авто и реплики Самоделки 1943-2026   Regular  PK-L
4216,1,OK,393,PK-L,皮卡,Спортивные авто и реплики,Самоделки,1980,,,Regular,,PK-L,393: Спортивные авто и реплики Самоделки 1943-2026   Regular  PK-L
4217,1,OK,393,PK-L,皮卡,Спортивные авто и реплики,Самоделки,1981,,,Regular,,PK-L,393: Спортивные авто и реплики Самоделки 1943-2026   Regular  PK-L
4218,1,OK,393,PK-L,皮卡,Спортивные авто и реплики,Самоделки,1982,,,Regular,,PK-L,393: Спортивные авто и реплики Самоделки 1943-2026   Regular  PK-L
4219,1,OK,393,PK-L,皮卡,Спортивные авто и реплики,Самоделки,1983,,,Regular,,PK-L,393: Спортивные авто и реплики Самоделки 1943-2026   Regular  PK-L
4220,1,OK,393,PK-L,皮卡,Спортивные авто и реплики,Самоделки,1984,,,Regular,,PK-L,393: Спортивные авто и реплики Самоделки 1943-2026   Regular  PK-L
4221,1,OK,393,PK-L,皮卡,Спортивные авто и реплики,Самоделки,1985,,,Regular,,PK-L,393: Спортивные авто и реплики Самоделки 1943-2026   Regular  PK-L
4222,1,OK,393,PK-L,皮卡,Спортивные авто и реплики,Самоделки,1986,,,Regular,,PK-L,393: Спортивные авто и реплики Самоделки 1943-2026   Regular  PK-L
4223,1,OK,393,PK-L,皮卡,Спортивные авто и реплики,Самоделки,1987,,,Regular,,PK-L,393: Спортивные авто и реплики Самоделки 1943-2026   Regular  PK-L
4224,1,OK,393,PK-L,皮卡,Спортивные авто и реплики,Самоделки,1988,,,Regular,,PK-L,393: Спортивные авто и реплики Самоделки 1943-2026   Regular  PK-L
4225,1,OK,393,PK-L,皮卡,Спортивные авто и реплики,Самоделки,1989,,,Regular,,PK-L,393: Спортивные авто и реплики Самоделки 1943-2026   Regular  PK-L
4226,1,OK,393,PK-L,皮卡,Спортивные авто и реплики,Самоделки,1990,,,Regular,,PK-L,393: Спортивные авто и реплики Самоделки 1943-2026   Regular  PK-L
4227,1,OK,393,PK-L,皮卡,Спортивные авто и реплики,Самоделки,1991,,,Regular,,PK-L,393: Спортивные авто и реплики Самоделки 1943-2026   Regular  PK-L
4228,1,OK,393,PK-L,皮卡,Спортивные авто и реплики,Самоделки,1992,,,Regular,,PK-L,393: Спортивные авто и реплики Самоделки 1943-2026   Regular  PK-L
4229,1,OK,393,PK-L,皮卡,Спортивные авто и реплики,Самоделки,1993,,,Regular,,PK-L,393: Спортивные авто и реплики Самоделки 1943-2026   Regular  PK-L
4230,1,OK,393,PK-L,皮卡,Спортивные авто и реплики,Самоделки,1994,,,Regular,,PK-L,393: Спортивные авто и реплики Самоделки 1943-2026   Regular  PK-L
4231,1,OK,393,PK-L,皮卡,Спортивные авто и реплики,Самоделки,1995,,,Regular,,PK-L,393: Спортивные авто и реплики Самоделки 1943-2026   Regular  PK-L
4232,1,OK,393,PK-L,皮卡,Спортивные авто и реплики,Самоделки,1996,,,Regular,,PK-L,393: Спортивные авто и реплики Самоделки 1943-2026   Regular  PK-L
4233,1,OK,393,PK-L,皮卡,Спортивные авто и реплики,Самоделки,1997,,,Regular,,PK-L,393: Спортивные авто и реплики Самоделки 1943-2026   Regular  PK-L
4234,1,OK,393,PK-L,皮卡,Спортивные авто и реплики,Самоделки,1998,,,Regular,,PK-L,393: Спортивные авто и реплики Самоделки 1943-2026   Regular  PK-L
4235,1,OK,393,PK-L,皮卡,Спортивные авто и реплики,Самоделки,1999,,,Regular,,PK-L,393: Спортивные авто и реплики Самоделки 1943-2026   Regular  PK-L
4236,1,OK,393,PK-L,皮卡,Спортивные авто и реплики,Самоделки,2000,,,Regular,,PK-L,393: Спортивные авто и реплики Самоделки 1943-2026   Regular  PK-L
4237,1,OK,393,PK-L,皮卡,Спортивные авто и реплики,Самоделки,2001,,,Regular,,PK-L,393: Спортивные авто и реплики Самоделки 1943-2026   Regular  PK-L
4238,1,OK,393,PK-L,皮卡,Спортивные авто и реплики,Самоделки,2002,,,Regular,,PK-L,393: Спортивные авто и реплики Самоделки 1943-2026   Regular  PK-L
4239,1,OK,393,PK-L,皮卡,Спортивные авто и реплики,Самоделки,2003,,,Regular,,PK-L,393: Спортивные авто и реплики Самоделки 1943-2026   Regular  PK-L
4240,1,OK,393,PK-L,皮卡,Спортивные авто и реплики,Самоделки,2004,,,Regular,,PK-L,393: Спортивные авто и реплики Самоделки 1943-2026   Regular  PK-L
4241,1,OK,393,PK-L,皮卡,Спортивные авто и реплики,Самоделки,2005,,,Regular,,PK-L,393: Спортивные авто и реплики Самоделки 1943-2026   Regular  PK-L
4242,1,OK,393,PK-L,皮卡,Спортивные авто и реплики,Самоделки,2006,,,Regular,,PK-L,393: Спортивные авто и реплики Самоделки 1943-2026   Regular  PK-L
4243,1,OK,393,PK-L,皮卡,Спортивные авто и реплики,Самоделки,2007,,,Regular,,PK-L,393: Спортивные авто и реплики Самоделки 1943-2026   Regular  PK-L
4244,1,OK,393,PK-L,皮卡,Спортивные авто и реплики,Самоделки,2008,,,Regular,,PK-L,393: Спортивные авто и реплики Самоделки 1943-2026   Regular  PK-L
4245,1,OK,393,PK-L,皮卡,Спортивные авто и реплики,Самоделки,2009,,,Regular,,PK-L,393: Спортивные авто и реплики Самоделки 1943-2026   Regular  PK-L
4246,1,OK,393,PK-L,皮卡,Спортивные авто и реплики,Самоделки,2010,,,Regular,,PK-L,393: Спортивные авто и реплики Самоделки 1943-2026   Regular  PK-L
4247,1,OK,393,PK-L,皮卡,Спортивные авто и реплики,Самоделки,2011,,,Regular,,PK-L,393: Спортивные авто и реплики Самоделки 1943-2026   Regular  PK-L
4248,1,OK,393,PK-L,皮卡,Спортивные авто и реплики,Самоделки,2012,,,Regular,,PK-L,393: Спортивные авто и реплики Самоделки 1943-2026   Regular  PK-L
4249,1,OK,393,PK-L,皮卡,Спортивные авто и реплики,Самоделки,2013,,,Regular,,PK-L,393: Спортивные авто и реплики Самоделки 1943-2026   Regular  PK-L
4250,1,OK,393,PK-L,皮卡,Спортивные авто и реплики,Самоделки,2014,,,Regular,,PK-L,393: Спортивные авто и реплики Самоделки 1943-2026   Regular  PK-L
4251,1,OK,393,PK-L,皮卡,Спортивные авто и реплики,Самоделки,2015,,,Regular,,PK-L,393: Спортивные авто и реплики Самоделки 1943-2026   Regular  PK-L
4252,1,OK,393,PK-L,皮卡,Спортивные авто и реплики,Самоделки,2016,,,Regular,,PK-L,393: Спортивные авто и реплики Самоделки 1943-2026   Regular  PK-L
4253,1,OK,393,PK-L,皮卡,Спортивные авто и реплики,Самоделки,2017,,,Regular,,PK-L,393: Спортивные авто и реплики Самоделки 1943-2026   Regular  PK-L
4254,1,OK,393,PK-L,皮卡,Спортивные авто и реплики,Самоделки,2018,,,Regular,,PK-L,393: Спортивные авто и реплики Самоделки 1943-2026   Regular  PK-L
4255,1,OK,393,PK-L,皮卡,Спортивные авто и реплики,Самоделки,2019,,,Regular,,PK-L,393: Спортивные авто и реплики Самоделки 1943-2026   Regular  PK-L
4256,1,OK,393,PK-L,皮卡,Спортивные авто и реплики,Самоделки,2020,,,Regular,,PK-L,393: Спортивные авто и реплики Самоделки 1943-2026   Regular  PK-L
4257,1,OK,393,PK-L,皮卡,Спортивные авто и реплики,Самоделки,2021,,,Regular,,PK-L,393: Спортивные авто и реплики Самоделки 1943-2026   Regular  PK-L
4258,1,OK,393,PK-L,皮卡,Спортивные авто и реплики,Самоделки,2022,,,Regular,,PK-L,393: Спортивные авто и реплики Самоделки 1943-2026   Regular  PK-L
4259,1,OK,393,PK-L,皮卡,Спортивные авто и реплики,Самоделки,2023,,,Regular,,PK-L,393: Спортивные авто и реплики Самоделки 1943-2026   Regular  PK-L
4260,1,OK,393,PK-L,皮卡,Спортивные авто и реплики,Самоделки,2024,,,Regular,,PK-L,393: Спортивные авто и реплики Самоделки 1943-2026   Regular  PK-L
4261,1,OK,393,PK-L,皮卡,Спортивные авто и реплики,Самоделки,2025,,,Regular,,PK-L,393: Спортивные авто и реплики Самоделки 1943-2026   Regular  PK-L
4262,1,OK,393,PK-L,皮卡,Спортивные авто и реплики,Самоделки,2026,,,Regular,,PK-L,393: Спортивные авто и реплики Самоделки 1943-2026   Regular  PK-L
4263,1,OK,394,PK-M,皮卡,ТагАЗ,Road Partner,2008,,,Regular,,PK-M,394: ТагАЗ Road Partner 2008-2011   Regular  PK-M
4264,1,OK,394,PK-M,皮卡,ТагАЗ,Road Partner,2009,,,Regular,,PK-M,394: ТагАЗ Road Partner 2008-2011   Regular  PK-M
4265,1,OK,394,PK-M,皮卡,ТагАЗ,Road Partner,2010,,,Regular,,PK-M,394: ТагАЗ Road Partner 2008-2011   Regular  PK-M
4266,1,OK,394,PK-M,皮卡,ТагАЗ,Road Partner,2011,,,Regular,,PK-M,394: ТагАЗ Road Partner 2008-2011   Regular  PK-M
4267,1,OK,395,无可用尺码,皮卡,УАЗ,Пикап,2008,,,Double,,无可用尺码,395: УАЗ Пикап 2008-2014   Double  无可用尺码
4268,1,OK,395,无可用尺码,皮卡,УАЗ,Пикап,2009,,,Double,,无可用尺码,395: УАЗ Пикап 2008-2014   Double  无可用尺码
4269,1,OK,395,无可用尺码,皮卡,УАЗ,Пикап,2010,,,Double,,无可用尺码,395: УАЗ Пикап 2008-2014   Double  无可用尺码
4270,1,OK,395,无可用尺码,皮卡,УАЗ,Пикап,2011,,,Double,,无可用尺码,395: УАЗ Пикап 2008-2014   Double  无可用尺码
4271,1,OK,395,无可用尺码,皮卡,УАЗ,Пикап,2012,,,Double,,无可用尺码,395: УАЗ Пикап 2008-2014   Double  无可用尺码
4272,1,OK,395,无可用尺码,皮卡,УАЗ,Пикап,2013,,,Double,,无可用尺码,395: УАЗ Пикап 2008-2014   Double  无可用尺码
4273,2,MULTI,395/396,PK-M/无可用尺码,皮卡,УАЗ,Пикап,2014,,,Double,,PK-M,395: УАЗ Пикап 2008-2014   Double  无可用尺码 || 396: УАЗ Пикап 2014-2026   Double  PK-M
4274,2,MULTI,395/396,PK-M/无可用尺码,皮卡,УАЗ,Пикап,2014,,,Double,,无可用尺码,395: УАЗ Пикап 2008-2014   Double  无可用尺码 || 396: УАЗ Пикап 2014-2026   Double  PK-M
4275,1,OK,396,PK-M,皮卡,УАЗ,Пикап,2015,,,Double,,PK-M,396: УАЗ Пикап 2014-2026   Double  PK-M
4276,1,OK,396,PK-M,皮卡,УАЗ,Пикап,2016,,,Double,,PK-M,396: УАЗ Пикап 2014-2026   Double  PK-M
4277,1,OK,396,PK-M,皮卡,УАЗ,Пикап,2017,,,Double,,PK-M,396: УАЗ Пикап 2014-2026   Double  PK-M
4278,1,OK,396,PK-M,皮卡,УАЗ,Пикап,2018,,,Double,,PK-M,396: УАЗ Пикап 2014-2026   Double  PK-M
4279,1,OK,396,PK-M,皮卡,УАЗ,Пикап,2019,,,Double,,PK-M,396: УАЗ Пикап 2014-2026   Double  PK-M
4280,1,OK,396,PK-M,皮卡,УАЗ,Пикап,2020,,,Double,,PK-M,396: УАЗ Пикап 2014-2026   Double  PK-M
4281,1,OK,396,PK-M,皮卡,УАЗ,Пикап,2021,,,Double,,PK-M,396: УАЗ Пикап 2014-2026   Double  PK-M
4282,1,OK,396,PK-M,皮卡,УАЗ,Пикап,2022,,,Double,,PK-M,396: УАЗ Пикап 2014-2026   Double  PK-M
4283,1,OK,396,PK-M,皮卡,УАЗ,Пикап,2023,,,Double,,PK-M,396: УАЗ Пикап 2014-2026   Double  PK-M
4284,1,OK,396,PK-M,皮卡,УАЗ,Пикап,2024,,,Double,,PK-M,396: УАЗ Пикап 2014-2026   Double  PK-M
4285,1,OK,396,PK-M,皮卡,УАЗ,Пикап,2025,,,Double,,PK-M,396: УАЗ Пикап 2014-2026   Double  PK-M
4286,1,OK,396,PK-M,皮卡,УАЗ,Пикап,2026,,,Double,,PK-M,396: УАЗ Пикап 2014-2026   Double  PK-M
